####
#
# OBJ File Generated by Meshlab
#
####
# Object blue_head_with_headphone.obj
#
# Vertices: 4838
# Faces: 10030
#
####
mtllib ./blue_head_with_headphone.obj.mtl

vn -0.941089 -2.815802 3.044448
v -0.756513 -2.945390 5.715830 0.749020 0.749020 0.749020
vn -1.029096 2.637116 3.061660
v -0.762631 -2.946440 5.713910 0.749020 0.749020 0.749020
vn -4.804170 0.827721 3.089790
v -0.921271 -2.946440 5.598860 0.749020 0.749020 0.749020
vn -5.389944 -1.218902 2.194478
v -0.964517 -2.944880 5.516230 0.749020 0.749020 0.749020
vn -5.520266 0.750211 1.505091
v -0.966440 -2.946440 5.510540 0.749020 0.749020 0.749020
vn -5.837553 -1.843163 0.577390
v -0.966979 -3.043190 5.418340 0.749020 0.749020 0.749020
vn -4.980866 -3.568154 0.556889
v -0.922287 -3.131910 5.417600 0.749020 0.749020 0.749020
vn -4.225342 -3.854176 1.936256
v -0.887675 -3.149760 5.510540 0.749020 0.749020 0.749020
vn -2.546599 -5.121653 1.930764
v -0.799167 -3.216600 5.510540 0.749020 0.749020 0.749020
vn -0.884145 -5.740431 1.896880
v -0.692493 -3.246950 5.510540 0.749020 0.749020 0.749020
vn -1.899812 -5.828229 0.508633
v -0.764088 -3.247960 5.414580 0.749020 0.749020 0.749020
vn -0.124497 -5.881557 1.928635
v -0.663974 -3.248200 5.510640 0.749020 0.749020 0.749020
vn 0.039666 -1.897471 5.900224
v -0.658861 -3.043940 5.714020 0.749020 0.749020 0.749020
vn -0.333723 1.990063 4.854908
v -0.664647 -2.946440 5.729410 0.749020 0.749020 0.749020
vn -1.866516 -0.723001 5.823632
v -0.756015 -2.981840 5.713910 0.749020 0.749020 0.749020
vn -4.591021 -1.778598 3.507828
v -0.903942 -3.039150 5.598860 0.749020 0.749020 0.749020
vn -5.333884 -2.061060 1.924979
v -0.946060 -3.055460 5.510540 0.749020 0.749020 0.749020
vn -3.577228 1.105509 4.360443
v -0.851050 -2.946440 5.668930 0.749020 0.749020 0.749020
vn -3.406685 -1.319620 4.885674
v -0.838463 -3.013780 5.668930 0.749020 0.749020 0.749020
vn -3.638628 -3.316905 3.507877
v -0.854295 -3.119330 5.598860 0.749020 0.749020 0.749020
vn -2.194637 -4.407259 3.507865
v -0.779034 -3.176170 5.598860 0.749020 0.749020 0.749020
vn -0.789379 -4.911375 3.564257
v -0.688325 -3.201980 5.598860 0.749020 0.749020 0.749020
vn -0.296498 -1.957804 5.849030
v -0.673688 -3.044010 5.713910 0.749020 0.749020 0.749020
vn -0.892085 -1.791858 5.823613
v -0.708322 -3.034160 5.713910 0.749020 0.749020 0.749020
vn -1.479254 -1.348460 5.823626
v -0.737058 -3.012460 5.713910 0.749020 0.749020 0.749020
vn -2.699868 -2.461274 4.885568
v -0.802400 -3.072030 5.668930 0.749020 0.749020 0.749020
vn -1.628282 -3.270422 4.885592
v -0.747734 -3.113310 5.668930 0.749020 0.749020 0.749020
vn -0.573786 -3.616828 4.935964
v -0.681846 -3.132050 5.668930 0.749020 0.749020 0.749020
vn -4.722120 -0.122427 2.874256
v -1.004620 -2.947230 4.325070 0.749020 0.749020 0.749020
vn -4.577999 -0.574311 3.014680
v -0.998524 -3.009800 4.328240 0.749020 0.749020 0.749020
vn -3.449282 -2.151228 3.142797
v -0.910260 -3.173570 4.366780 0.749020 0.749020 0.749020
vn -3.620678 -4.946290 0.534005
v -0.852375 -3.202460 5.416300 0.749020 0.749020 0.749020
vn -1.493137 -3.082387 3.239326
v -0.747489 -3.259700 4.418870 0.749020 0.749020 0.749020
vn -0.469359 -6.190728 0.472477
v -0.666066 -3.263940 5.412590 0.749020 0.749020 0.749020
vn -0.204596 2.206159 5.774867
v -0.643029 3.073330 5.699590 0.749020 0.749020 0.749020
vn 0.043995 3.613329 5.037456
v -0.632064 3.157350 5.655760 0.749020 0.749020 0.749020
vn -0.450362 3.744430 4.858302
v -0.647094 3.160020 5.653710 0.749020 0.749020 0.749020
vn -0.626987 4.997393 3.490450
v -0.650309 3.228560 5.583500 0.749020 0.749020 0.749020
vn -0.695877 5.794161 1.843688
v -0.652365 3.272410 5.495690 0.749020 0.749020 0.749020
vn -0.420443 6.194622 0.452326
v -0.636773 3.287710 5.398670 0.749020 0.749020 0.749020
vn -1.837396 5.848795 0.485870
v -0.734934 3.272610 5.400720 0.749020 0.749020 0.749020
vn -3.571011 4.984470 0.512843
v -0.823625 3.227910 5.402640 0.749020 0.749020 0.749020
vn -5.823116 1.884561 0.573565
v -0.939648 3.069690 5.405360 0.749020 0.749020 0.749020
vn -5.772301 0.541097 2.007409
v -0.938064 2.971770 5.503660 0.749020 0.749020 0.749020
vn -4.900541 0.473240 3.680510
v -0.891152 2.971750 5.591220 0.749020 0.749020 0.749020
vn -3.451639 1.417775 4.828383
v -0.814345 3.041460 5.653710 0.749020 0.749020 0.749020
vn -1.914524 0.791275 5.789739
v -0.733892 3.008920 5.699590 0.749020 0.749020 0.749020
vn -2.051481 4.512197 3.450793
v -0.745238 3.205660 5.583500 0.749020 0.749020 0.749020
vn -2.366266 5.216881 1.889418
v -0.763405 3.245610 5.495690 0.749020 0.749020 0.749020
vn -3.578493 3.429885 3.450830
v -0.824907 3.149180 5.583500 0.749020 0.749020 0.749020
vn -4.595633 1.878301 3.449682
v -0.877957 3.067190 5.583500 0.749020 0.749020 0.749020
vn -4.133595 3.965187 1.901504
v -0.856594 3.179550 5.495690 0.749020 0.749020 0.749020
vn -5.315392 2.146145 1.878036
v -0.918648 3.083650 5.495690 0.749020 0.749020 0.749020
vn -2.685345 2.573854 4.829545
v -0.775369 3.101700 5.653710 0.749020 0.749020 0.749020
vn -0.764879 1.626175 5.818002
v -0.680919 3.064190 5.699590 0.749020 0.749020 0.749020
vn -1.539449 3.386114 4.829587
v -0.716838 3.143190 5.653710 0.749020 0.749020 0.749020
vn -1.443376 1.420133 5.795497
v -0.712717 3.041650 5.699590 0.749020 0.749020 0.749020
vn -1.164642 3.133303 3.291089
v -0.721218 3.279660 4.272410 0.749020 0.749020 0.749020
vn -1.921724 2.910526 3.282086
v -0.781794 3.261800 4.261290 0.749020 0.749020 0.749020
vn -4.949436 3.615699 0.538777
v -0.894164 3.157990 5.404240 0.749020 0.749020 0.749020
vn -3.644337 1.747319 3.207107
v -0.924355 3.147190 4.223950 0.749020 0.749020 0.749020
vn -3.973577 1.196938 3.205576
v -0.954980 3.091790 4.213890 0.749020 0.749020 0.749020
vn -4.297404 0.177661 3.080478
v -0.980377 2.969200 4.205230 0.749020 0.749020 0.749020
vn -0.302637 0.449646 6.203990
v -0.631648 2.970860 5.716780 0.749020 0.749020 0.749020
vn -1.747894 0.215189 5.927267
v -0.730060 2.971270 5.703260 0.749020 0.749020 0.749020
vn -3.543733 0.341230 5.037661
v -0.819479 2.971580 5.660000 0.749020 0.749020 0.749020
vn -3.002538 -1.430801 4.833730
v -0.845932 -2.945080 5.672560 0.749020 0.749020 0.749020
vn -4.426206 -1.269942 3.733272
v -0.917605 -2.944910 5.603790 0.749020 0.749020 0.749020
vn -6.169488 0.510670 0.615542
v -0.955622 2.971650 5.405890 0.749020 0.749020 0.749020
vn 1.715493 -1.153691 5.792244
v -0.555254 -3.002950 5.711330 0.749020 0.749020 0.749020
vn 0.540443 -0.413912 6.192058
v -0.636488 -2.945900 5.728900 0.749020 0.749020 0.749020
vn 2.031126 -0.545805 5.798547
v -0.541596 -2.970990 5.711330 0.749020 0.749020 0.749020
vn 2.063766 -0.121630 5.836868
v -0.538717 -2.946370 5.711340 0.749020 0.749020 0.749020
vn 3.753018 -0.227382 4.904518
v -0.451158 -2.946860 5.664430 0.749020 0.749020 0.749020
vn 3.630535 -0.973485 4.840850
v -0.456481 -2.991500 5.664420 0.749020 0.749020 0.749020
vn 5.068612 -0.310871 3.503245
v -0.382380 -2.947320 5.592760 0.749020 0.749020 0.749020
vn 4.858099 -1.302093 3.438096
v -0.389625 -3.007610 5.592740 0.749020 0.749020 0.749020
vn 5.890907 -0.363837 1.771914
v -0.339117 -2.947710 5.503340 0.749020 0.749020 0.749020
vn 4.866100 -3.122264 1.769912
v -0.387353 -3.110850 5.503330 0.749020 0.749020 0.749020
vn 4.946974 -3.633706 0.363913
v -0.387061 -3.134320 5.406570 0.749020 0.749020 0.749020
vn 3.580749 -4.981596 0.395612
v -0.457601 -3.204250 5.408170 0.749020 0.749020 0.749020
vn 1.882613 -5.472717 1.747680
v -0.544483 -3.234040 5.503330 0.749020 0.749020 0.749020
vn 0.438322 -4.980310 3.592787
v -0.640334 -3.203020 5.598590 0.749020 0.749020 0.749020
vn 1.257300 -3.554130 4.819594
v -0.580810 -3.128070 5.664420 0.749020 0.749020 0.749020
vn 0.283164 -1.856736 5.892839
v -0.637247 -3.044040 5.713570 0.749020 0.749020 0.749020
vn 1.144511 -1.422977 5.819199
v -0.578654 -3.028650 5.711330 0.749020 0.749020 0.749020
vn 2.317669 -2.955900 4.819287
v -0.524635 -3.097550 5.664420 0.749020 0.749020 0.749020
vn 3.091107 -3.942552 3.415329
v -0.482203 -3.151670 5.592740 0.749020 0.749020 0.749020
vn 3.569158 -4.547728 1.768138
v -0.455512 -3.185710 5.503330 0.749020 0.749020 0.749020
vn 3.159883 -2.030712 4.819278
v -0.481600 -3.050280 5.664420 0.749020 0.749020 0.749020
vn 5.626821 -1.468801 1.750553
v -0.347570 -3.017740 5.503330 0.749020 0.749020 0.749020
vn 4.214541 -2.708449 3.415370
v -0.423745 -3.087460 5.592740 0.749020 0.749020 0.749020
vn 0.710873 -1.953156 5.794240
v -0.609199 -3.045240 5.711330 0.749020 0.749020 0.749020
vn 1.656264 -4.739414 3.414066
v -0.558510 -3.193120 5.592740 0.749020 0.749020 0.749020
vn 1.864284 -5.839079 0.439680
v -0.546292 -3.248940 5.410090 0.749020 0.749020 0.749020
vn 0.864178 -2.953843 3.309992
v -0.543617 -3.242790 4.454070 0.749020 0.749020 0.749020
vn 1.558922 -2.644318 3.301914
v -0.487712 -3.213320 4.458220 0.749020 0.749020 0.749020
vn 5.828536 -1.931480 0.340823
v -0.341578 -3.046020 5.405450 0.749020 0.749020 0.749020
vn 3.058993 -1.236866 3.281971
v -0.370021 -3.071770 4.459440 0.749020 0.749020 0.749020
vn 3.304626 -0.624447 3.263045
v -0.351450 -3.011160 4.458670 0.749020 0.749020 0.749020
vn 6.194010 0.454595 0.361104
v -0.299150 2.968680 5.392360 0.749020 0.749020 0.749020
vn 2.007978 0.646777 5.792094
v -0.517202 3.001910 5.698760 0.749020 0.749020 0.749020
vn 1.708724 1.231476 5.792047
v -0.531892 3.031060 5.698760 0.749020 0.749020 0.749020
vn 1.240278 1.694571 5.793013
v -0.554872 3.054250 5.698760 0.749020 0.749020 0.749020
vn 4.703772 3.383824 1.729306
v -0.369916 3.147670 5.490760 0.749020 0.749020 0.749020
vn 3.428149 4.671378 1.736395
v -0.436857 3.215200 5.490760 0.749020 0.749020 0.749020
vn 5.519212 1.766382 1.724900
v -0.327118 3.062740 5.490760 0.749020 0.749020 0.749020
vn 3.632994 4.938391 0.390994
v -0.428850 3.226130 5.394510 0.749020 0.749020 0.749020
vn 1.932531 5.818019 0.415429
v -0.517138 3.271630 5.396230 0.749020 0.749020 0.749020
vn 1.830444 5.504368 1.734073
v -0.521384 3.258740 5.490760 0.749020 0.749020 0.749020
vn 0.512636 6.184049 0.459856
v -0.615160 3.287610 5.398220 0.749020 0.749020 0.749020
vn 0.501607 5.837669 1.860305
v -0.613207 3.272270 5.496350 0.749020 0.749020 0.749020
vn 1.601073 4.765766 3.423413
v -0.534929 3.217660 5.580180 0.749020 0.749020 0.749020
vn 0.372654 3.658314 4.962388
v -0.610450 3.157260 5.655310 0.749020 0.749020 0.749020
vn 4.072528 2.931282 3.424984
v -0.405021 3.122390 5.580180 0.749020 0.749020 0.749020
vn 4.778971 1.531251 3.425148
v -0.368318 3.049550 5.580180 0.749020 0.749020 0.749020
vn 3.577827 1.147678 4.829043
v -0.433816 3.028590 5.651850 0.749020 0.749020 0.749020
vn 3.049320 2.194716 4.828600
v -0.460834 3.082210 5.651850 0.749020 0.749020 0.749020
vn 2.967460 4.046347 3.425047
v -0.462433 3.180310 5.580180 0.749020 0.749020 0.749020
vn 2.221943 3.029565 4.828676
v -0.503098 3.124850 5.651850 0.749020 0.749020 0.749020
vn 1.214028 3.569160 4.828585
v -0.556468 3.152350 5.651850 0.749020 0.749020 0.749020
vn 0.696780 2.006840 5.791258
v -0.583893 3.069200 5.698760 0.749020 0.749020 0.749020
vn 0.021785 1.806791 5.923255
v -0.631530 3.068940 5.701030 0.749020 0.749020 0.749020
vn 0.257846 1.914877 5.882809
v -0.609916 3.068840 5.700580 0.749020 0.749020 0.749020
vn 0.018511 5.005142 3.656500
v -0.633198 3.227450 5.585380 0.749020 0.749020 0.749020
vn -0.014770 5.893533 1.918507
v -0.634821 3.272370 5.496790 0.749020 0.749020 0.749020
vn 0.460318 4.994599 3.575870
v -0.611584 3.227350 5.584930 0.749020 0.749020 0.749020
vn 2.075898 0.167122 5.826362
v -0.512264 2.970280 5.698770 0.749020 0.749020 0.749020
vn 3.755456 0.288387 4.886242
v -0.424704 2.969790 5.651860 0.749020 0.749020 0.749020
vn 5.058461 0.380235 3.483500
v -0.355926 2.969330 5.580190 0.749020 0.749020 0.749020
vn 5.869829 0.435219 1.758621
v -0.312663 2.968950 5.490770 0.749020 0.749020 0.749020
vn 5.839581 1.866200 0.361979
v -0.314247 3.066860 5.392470 0.749020 0.749020 0.749020
vn 3.274681 1.182934 3.258597
v -0.345723 3.088160 4.281770 0.749020 0.749020 0.749020
vn 2.939939 1.735411 3.261275
v -0.375378 3.143910 4.284720 0.749020 0.749020 0.749020
vn 4.980434 3.575083 0.372593
v -0.358939 3.155570 5.393210 0.749020 0.749020 0.749020
vn 1.203771 2.940042 3.311609
v -0.516879 3.260770 4.290150 0.749020 0.749020 0.749020
vn -0.130776 -0.321497 6.228956
v -0.658102 -2.945800 5.729340 0.749020 0.749020 0.749020
vn 0.355193 -3.640111 4.974852
v -0.638572 -3.132640 5.668670 0.749020 0.749020 0.749020
vn -0.016981 -3.631611 5.018598
v -0.660186 -3.132540 5.669120 0.749020 0.749020 0.749020
vn 0.475320 -5.828218 1.881573
v -0.642360 -3.248300 5.510200 0.749020 0.749020 0.749020
vn -0.073043 -5.001061 3.650207
v -0.661948 -3.202930 5.599040 0.749020 0.749020 0.749020
vn -2.377448 -2.111408 1.390527
v -1.004600 -2.942290 4.325060 0.749020 0.749020 0.749020
vn -6.178639 -0.441286 0.600289
v -0.982076 -2.945010 5.418450 0.749020 0.749020 0.749020
vn -4.733758 -1.515656 1.671077
v -0.984652 -2.940340 5.292440 0.749020 0.749020 0.749020
vn -1.624114 -4.708428 -1.527996
v -0.983567 2.827170 4.081590 0.749020 0.749020 0.749020
vn -4.738747 -1.512344 1.671006
v -0.958840 2.829620 5.280870 0.749020 0.749020 0.749020
vn -2.227815 2.037556 1.450309
v -0.980443 2.954420 4.205260 0.749020 0.749020 0.749020
vn -4.719971 1.564965 1.664550
v -0.984084 -2.813340 5.292170 0.749020 0.749020 0.749020
vn -0.568912 3.204206 3.208057
v -0.659818 3.285440 4.280970 0.749020 0.749020 0.749020
vn 0.536500 0.419636 6.193711
v -0.610034 2.970760 5.716330 0.749020 0.749020 0.749020
vn -1.581752 4.716233 -1.548020
v -1.008800 -2.815760 4.093580 0.749020 0.749020 0.749020
vn 1.559145 4.702051 -1.612765
v -0.352324 -2.818720 4.080050 0.749020 0.749020 0.749020
vn -0.623126 -3.142842 3.088735
v -0.679038 -3.265960 4.434280 0.749020 0.749020 0.749020
vn -0.605897 -3.144968 3.092074
v -0.671801 -3.265990 4.435690 0.749020 0.749020 0.749020
vn 0.462851 -6.184374 0.493271
v -0.644452 -3.264040 5.412140 0.749020 0.749020 0.749020
vn -0.435430 -3.167485 3.192494
v -0.664556 -3.266020 4.437060 0.749020 0.749020 0.749020
vn 3.550974 -0.153411 3.148113
v -0.345122 -2.949900 4.458250 0.749020 0.749020 0.749020
vn 6.196961 -0.484184 0.337695
v -0.325603 -2.947980 5.404920 0.749020 0.749020 0.749020
vn 5.305108 1.186659 1.356780
v -0.329752 -2.816510 5.174820 0.749020 0.749020 0.749020
vn -0.166984 3.053409 3.126436
v -1.211740 -2.812330 5.289920 0.749020 0.749020 0.749020
vn -0.491842 -3.037685 3.107840
v -1.438720 -2.938360 5.266250 0.749020 0.749020 0.749020
vn 5.294280 -1.227961 1.361910
v -0.330320 -2.943510 5.175090 0.749020 0.749020 0.749020
vn 1.352018 -3.008038 2.827837
v -0.034777 -2.945090 5.055700 0.749020 0.749020 0.749020
vn 1.742632 3.005799 2.608161
v 0.242795 -2.819660 4.897730 0.749020 0.749020 0.749020
vn 2.371564 3.001788 2.058799
v 0.721862 -2.822680 4.479300 0.749020 0.749020 0.749020
vn 2.344694 -3.014105 2.071489
v 0.721294 -2.949680 4.479570 0.749020 0.749020 0.749020
vn 2.833140 2.998215 1.362887
v 1.073450 -2.825370 3.949220 0.749020 0.749020 0.749020
vn 2.990385 2.996616 0.975067
v 1.193230 -2.826530 3.653840 0.749020 0.749020 0.749020
vn 2.963505 -3.019325 0.987768
v 1.192660 -2.953530 3.654100 0.749020 0.749020 0.749020
vn 3.094651 2.995264 0.569802
v 1.272600 -2.827540 3.345130 0.749020 0.749020 0.749020
vn 3.067815 -3.020567 0.582455
v 1.272030 -2.954530 3.345390 0.749020 0.749020 0.749020
vn 3.117023 -3.021690 0.166913
v 1.309560 -2.955370 3.028860 0.749020 0.749020 0.749020
vn 3.137410 2.993598 -0.264147
v 1.305170 -2.829020 2.709880 0.749020 0.749020 0.749020
vn 2.306175 2.993137 -2.143826
v 0.672048 -2.829210 1.278170 0.749020 0.749020 0.749020
vn 2.543533 -3.023156 -1.806686
v 0.872789 -2.956590 1.525570 0.749020 0.749020 0.749020
vn 2.279242 -3.022807 -2.131142
v 0.671478 -2.956210 1.278440 0.749020 0.749020 0.749020
vn 1.633512 -3.020943 -2.660649
v 0.179623 -2.954860 0.875105 0.749020 0.749020 0.749020
vn 1.660478 2.994960 -2.673346
v 0.180194 -2.827860 0.874839 0.749020 0.749020 0.749020
vn 0.897824 2.997670 -3.013598
v -0.400697 -2.825810 0.615688 0.749020 0.749020 0.749020
vn 1.263616 -3.019700 -2.856310
v -0.102155 -2.953910 0.726098 0.749020 0.749020 0.749020
vn 0.489355 2.999296 -3.104549
v -0.711818 -2.824560 0.546368 0.749020 0.749020 0.749020
vn -0.345570 3.003000 -3.120265
v -1.347780 -2.821740 0.534398 0.749020 0.749020 0.749020
vn -0.372492 -3.012918 -3.107631
v -1.348350 -2.948740 0.534666 0.749020 0.749020 0.749020
vn 6.088434 -0.532761 1.131899
v 0.942990 -3.651610 3.328890 0.749020 0.749020 0.749020
vn 5.788663 -0.529491 2.201282
v 0.877245 -3.650810 3.567120 0.749020 0.749020 0.749020
vn 2.782934 -3.309519 1.411601
v 0.821677 -2.951770 3.699880 0.749020 0.749020 0.749020
vn 4.646328 -0.520801 4.095829
v 0.624758 -3.648790 3.989720 0.749020 0.749020 0.749020
vn 1.691402 -3.301490 2.631773
v 0.341007 -2.948490 4.237090 0.749020 0.749020 0.749020
vn 1.888287 -0.505002 5.900477
v 0.012634 -3.645200 4.393780 0.749020 0.749020 0.749020
vn 0.805390 -0.500890 6.143154
v -0.228305 -3.644010 4.448780 0.749020 0.749020 0.749020
vn 5.328344 -0.536305 -3.154828
v 0.770006 -3.652840 2.375710 0.749020 0.749020 0.749020
vn 4.679216 -0.535052 -4.055737
v 0.624741 -3.652610 2.175770 0.749020 0.749020 0.749020
vn 1.816955 -3.317019 -2.531418
v 0.396606 -2.953530 1.963560 0.749020 0.749020 0.749020
vn -0.255290 -0.514262 -6.188200
v -0.475217 -3.648690 1.705620 0.749020 0.749020 0.749020
vn -0.266086 -3.311831 -3.113060
v -0.520662 -2.949970 1.707190 0.749020 0.749020 0.749020
vn -1.356316 -0.507889 -6.043606
v -0.720115 -3.647520 1.738800 0.749020 0.749020 0.749020
vn -0.809634 -3.310029 -3.020591
v -0.760028 -2.948820 1.747880 0.749020 0.749020 0.749020
vn -3.393795 -0.495383 -5.182264
v -1.172780 -3.645090 1.932280 0.749020 0.749020 0.749020
vn -4.264774 -0.489037 -4.493243
v -1.366000 -3.643900 2.086360 0.749020 0.749020 0.749020
vn -2.228818 -3.304776 -2.205222
v -1.385220 -2.945260 2.106750 0.749020 0.749020 0.749020
vn -4.998810 -0.482635 -3.659940
v -1.528590 -3.642780 2.272480 0.749020 0.749020 0.749020
vn -2.582788 -3.303391 -1.782490
v -1.541070 -2.944180 2.292920 0.749020 0.749020 0.749020
vn -5.572064 -0.477184 -2.708807
v -1.655350 -3.641770 2.484630 0.749020 0.749020 0.749020
vn -3.012346 2.983041 -0.808238
v -1.742590 -2.942360 2.727600 0.749020 0.749020 0.749020
vn -6.168767 -0.465915 -0.578220
v -1.786310 -3.640180 2.959180 0.749020 0.749020 0.749020
vn -3.104615 2.981917 -0.275526
v -1.783580 -2.941680 2.962190 0.749020 0.749020 0.749020
vn -6.173262 -0.463573 0.530200
v -1.786310 -3.639660 3.206310 0.749020 0.749020 0.749020
vn -3.104871 2.983063 0.262972
v -1.783580 -2.941180 3.200350 0.749020 0.749020 0.749020
vn 0.052428 -1.371329 1.313851
v -1.661830 -2.940750 3.658990 0.749020 0.749020 0.749020
vn -2.589160 -3.292254 1.788063
v -1.543590 -2.940850 3.865970 0.749020 0.749020 0.749020
vn -4.301328 -0.472504 4.460602
v -1.365980 -3.639700 4.079120 0.749020 0.749020 0.749020
vn -1.831677 -3.290451 2.556347
v -1.209990 -2.941630 4.204060 0.749020 0.749020 0.749020
vn -3.435998 -0.476662 5.156684
v -1.172760 -3.640240 4.233210 0.749020 0.749020 0.749020
vn -2.465949 -0.492011 5.685196
v -0.955130 -3.640960 4.350320 0.749020 0.749020 0.749020
vn -4.231473 -1.133080 3.106879
v -0.979788 -3.071130 4.337140 0.749020 0.749020 0.749020
vn -3.897033 -1.669018 3.119375
v -0.949281 -3.126780 4.350740 0.749020 0.749020 0.749020
vn -2.890643 -2.578721 3.173418
v -0.862915 -3.212010 4.384300 0.749020 0.749020 0.749020
vn -2.260201 -2.903950 3.208399
v -0.807680 -3.241550 4.402270 0.749020 0.749020 0.749020
vn -0.867915 -3.147709 3.175086
v -0.686267 -3.265930 4.432830 0.749020 0.749020 0.749020
vn -1.407296 -0.506882 6.035396
v -0.720090 -3.641860 4.426690 0.749020 0.749020 0.749020
vn 0.113133 -3.144655 3.293530
v -0.604034 -3.260410 4.446920 0.749020 0.749020 0.749020
vn -0.300172 -0.507008 6.189430
v -0.475191 -3.642880 4.459860 0.749020 0.749020 0.749020
vn 2.167825 -2.249607 3.295000
v -0.439802 -3.174670 4.459970 0.749020 0.749020 0.749020
vn 2.707318 -1.791403 3.283915
v -0.400410 -3.127380 4.460120 0.749020 0.749020 0.749020
vn -0.194312 -3.038947 3.139184
v -1.212310 -2.939330 5.290180 0.749020 0.749020 0.749020
vn -2.243681 -3.290987 2.204974
v -1.391460 -2.941140 4.049490 0.749020 0.749020 0.749020
vn 1.234267 -4.915544 1.550141
v -1.661820 -2.937460 5.220870 0.749020 0.749020 0.749020
vn 1.775093 -1.690450 1.527582
v -0.345100 -2.944960 4.458240 0.749020 0.749020 0.749020
vn 0.679348 -3.296131 3.059591
v -0.104524 -2.946100 4.425460 0.749020 0.749020 0.749020
vn 1.715722 -3.010127 2.620800
v 0.242228 -2.946660 4.898000 0.749020 0.749020 0.749020
vn 1.204404 -3.298712 2.890392
v 0.126568 -2.947290 4.350970 0.749020 0.749020 0.749020
vn 2.125408 -3.304297 2.291723
v 0.532140 -2.949660 4.087360 0.749020 0.749020 0.749020
vn 2.048558 -3.012135 2.367179
v 0.495758 -2.948200 4.704810 0.749020 0.749020 0.749020
vn 2.493215 -3.306993 1.880759
v 0.694037 -2.950770 3.906420 0.749020 0.749020 0.749020
vn 2.598749 -3.015940 1.738981
v 0.914818 -2.951080 4.226290 0.749020 0.749020 0.749020
vn 2.806234 -3.017698 1.375584
v 1.072880 -2.952370 3.949490 0.749020 0.749020 0.749020
vn 2.986018 -3.311746 0.898933
v 0.911099 -2.952650 3.474140 0.749020 0.749020 0.749020
vn 3.095999 -3.313711 0.358572
v 0.959529 -2.953370 3.236220 0.749020 0.749020 0.749020
vn 3.110482 -3.022244 -0.251476
v 1.304610 -2.956020 2.710150 0.749020 0.749020 0.749020
vn 3.109405 -3.315300 -0.192702
v 0.965465 -2.953910 2.993490 0.749020 0.749020 0.749020
vn 3.048305 -3.022835 -0.665342
v 1.257240 -2.956470 2.394930 0.749020 0.749020 0.749020
vn 3.025837 -3.316507 -0.737819
v 0.928723 -2.954250 2.753480 0.749020 0.749020 0.749020
vn 2.847920 -3.317247 -1.259750
v 0.850442 -2.954380 2.523650 0.749020 0.749020 0.749020
vn 2.581230 -3.317594 -1.742272
v 0.733051 -2.954300 2.311110 0.749020 0.749020 0.749020
vn 2.931509 -3.023402 -1.067191
v 1.168300 -2.956720 2.088840 0.749020 0.749020 0.749020
vn 2.762283 -3.023371 -1.449888
v 1.039390 -2.956760 1.797320 0.749020 0.749020 0.749020
vn 2.234065 -3.317533 -2.170648
v 0.580192 -2.954020 2.122460 0.749020 0.749020 0.749020
vn 1.974099 -3.022035 -2.417488
v 0.439042 -2.955630 1.060320 0.749020 0.749020 0.749020
vn 1.343225 -3.316096 -2.813398
v 0.187991 -2.952860 1.839340 0.749020 0.749020 0.749020
vn 0.827299 -3.314953 -3.007937
v -0.039184 -2.952030 1.753640 0.749020 0.749020 0.749020
vn 0.285197 -3.313492 -3.108792
v -0.277870 -2.951050 1.709130 0.749020 0.749020 0.749020
vn 0.870881 -3.018245 -3.000849
v -0.401270 -2.952810 0.615954 0.749020 0.749020 0.749020
vn 0.462444 -3.016609 -3.091924
v -0.712390 -2.951560 0.546635 0.749020 0.749020 0.749020
vn 0.045491 -3.014808 -3.127662
v -1.029970 -2.950200 0.519377 0.749020 0.749020 0.749020
vn -1.328465 -3.308236 -2.834072
v -0.988543 -2.947620 1.829930 0.749020 0.749020 0.749020
vn -1.806475 -3.306492 -2.559449
v -1.199120 -2.946420 1.950800 0.749020 0.749020 0.749020
vn -0.298636 -3.328805 -3.108692
v -1.661860 -2.947220 0.592229 0.749020 0.749020 0.749020
vn 6.196625 0.474039 -0.026002
v 0.879489 3.641770 2.910900 0.749020 0.749020 0.749020
vn 3.143209 3.292230 0.100971
v 0.875525 2.943380 2.959670 0.749020 0.749020 0.749020
vn 3.114059 3.290220 -0.447546
v 0.862578 2.942930 2.718130 0.749020 0.749020 0.749020
vn 6.092680 0.473118 -1.131697
v 0.857333 3.641350 2.664760 0.749020 0.749020 0.749020
vn 2.989304 3.288713 -0.982524
v 0.807612 2.942670 2.482580 0.749020 0.749020 0.749020
vn 2.471903 3.287386 -1.946887
v 0.579633 2.942800 2.058010 0.749020 0.749020 0.749020
vn 5.307098 0.473921 -3.199753
v 0.684354 3.641140 2.203860 0.749020 0.749020 0.749020
vn 2.094953 3.287555 -2.346500
v 0.413640 2.943170 1.882070 0.749020 0.749020 0.749020
vn 2.915679 0.481939 -5.467960
v 0.154206 3.642450 1.696990 0.749020 0.749020 0.749020
vn 1.654025 3.288243 -2.674184
v 0.219449 2.943740 1.737850 0.749020 0.749020 0.749020
vn -0.300696 0.496214 -6.188552
v -0.560869 3.645330 1.533780 0.749020 0.749020 0.749020
vn -0.458451 3.295053 -3.101750
v -0.710685 2.947540 1.549740 0.749020 0.749020 0.749020
vn -1.400681 0.501971 -6.034987
v -0.805767 3.646510 1.566950 0.749020 0.749020 0.749020
vn -3.431437 0.513359 -5.157291
v -1.258430 3.648970 1.760430 0.749020 0.749020 0.749020
vn -2.346634 3.305060 -2.062386
v -1.542000 2.952260 2.007390 0.749020 0.749020 0.749020
vn -5.024185 0.524102 -3.621973
v -1.614250 3.651300 2.100630 0.749020 0.749020 0.749020
vn -5.589972 0.528562 -2.666281
v -1.741000 3.652320 2.312790 0.749020 0.749020 0.749020
vn -3.060381 3.311620 -0.595373
v -1.856090 2.955060 2.653270 0.749020 0.749020 0.749020
vn -3.115357 3.313301 -0.048793
v -1.880540 2.955680 2.893920 0.749020 0.749020 0.749020
vn -2.711505 3.315798 1.531573
v -1.702740 2.956370 3.589770 0.749020 0.749020 0.749020
vn -4.994534 0.537700 3.660382
v -1.614230 3.654760 3.721170 0.749020 0.749020 0.749020
vn -3.389272 0.532633 5.182650
v -1.258410 3.653880 4.061370 0.749020 0.749020 0.749020
vn 5.810214 0.478758 2.152026
v 0.791593 3.643200 3.395270 0.749020 0.749020 0.749020
vn 2.914779 3.297731 1.171106
v 0.775073 2.944840 3.430990 0.749020 0.749020 0.749020
vn 5.332360 0.481066 3.154803
v 0.684367 3.644160 3.617930 0.749020 0.749020 0.749020
vn 1.928421 3.308680 2.469669
v 0.340869 2.948020 4.003070 0.749020 0.749020 0.749020
vn 2.959117 0.493106 5.441556
v 0.154229 3.647640 4.124810 0.749020 0.749020 0.749020
vn 1.466102 3.312881 2.765893
v 0.137252 2.949220 4.133640 0.749020 0.749020 0.749020
vn 1.939635 0.497054 5.882040
v -0.073018 3.648870 4.221940 0.749020 0.749020 0.749020
vn 0.869903 0.517292 6.132843
v -0.313956 3.650070 4.276930 0.749020 0.749020 0.749020
vn 1.918784 1.762652 1.497406
v -0.322170 2.951610 4.279100 0.749020 0.749020 0.749020
vn 3.594966 0.143352 3.141207
v -0.322104 2.966420 4.279070 0.749020 0.749020 0.749020
vn 3.485588 0.589450 3.242097
v -0.327839 3.027560 4.279730 0.749020 0.749020 0.749020
vn 2.476498 2.235229 3.275144
v -0.414075 3.191510 4.287640 0.749020 0.749020 0.749020
vn 1.903482 2.652605 3.289901
v -0.461361 3.230640 4.289720 0.749020 0.749020 0.749020
vn 0.431709 3.120283 3.308407
v -0.577265 3.279120 4.288040 0.749020 0.749020 0.749020
vn -0.137964 3.181656 3.215445
v -0.638147 3.285350 4.283320 0.749020 0.749020 0.749020
vn -0.248721 0.540813 6.189538
v -0.560842 3.651210 4.288020 0.749020 0.749020 0.749020
vn -0.317820 3.175794 3.117156
v -0.645375 3.285380 4.282570 0.749020 0.749020 0.749020
vn -0.333186 3.180914 3.115436
v -0.652599 3.285410 4.281790 0.749020 0.749020 0.749020
vn -2.595484 2.604272 3.250912
v -0.837444 3.232370 4.248570 0.749020 0.749020 0.749020
vn -3.200970 2.229504 3.218939
v -0.885067 3.194000 4.235820 0.749020 0.749020 0.749020
vn -4.190762 0.614178 3.187810
v -0.973885 3.031010 4.207400 0.749020 0.749020 0.749020
vn 5.288746 -1.232006 1.364197
v -0.304459 2.826420 5.165900 0.749020 0.749020 0.749020
vn 1.368829 3.007623 2.820060
v -0.006667 2.951820 5.046860 0.749020 0.749020 0.749020
vn 2.041219 -3.012031 2.373587
v 0.526682 2.821670 4.696570 0.749020 0.749020 0.749020
vn 2.365851 3.001482 2.065233
v 0.754389 2.947160 4.470790 0.749020 0.749020 0.749020
vn 2.338742 -3.013829 2.078101
v 0.753818 2.820160 4.471060 0.749020 0.749020 0.749020
vn 2.621442 2.999668 1.732756
v 0.949390 2.945730 4.216970 0.749020 0.749020 0.749020
vn 2.803086 -3.017591 1.381891
v 1.108190 2.817430 3.939670 0.749020 0.749020 0.749020
vn 2.988615 2.996430 0.980815
v 1.229660 2.943240 3.643030 0.749020 0.749020 0.749020
vn 2.961467 -3.018939 0.993700
v 1.229090 2.816250 3.643300 0.749020 0.749020 0.749020
vn 3.066565 -3.020218 0.587659
v 1.309350 2.815220 3.333450 0.749020 0.749020 0.749020
vn 3.143749 2.994011 0.158465
v 1.348090 2.941370 3.015380 0.749020 0.749020 0.749020
vn 3.137735 2.992858 -0.260851
v 1.343510 2.940710 2.695340 0.749020 0.749020 0.749020
vn 3.110585 -3.022483 -0.248067
v 1.342930 2.813710 2.695610 0.749020 0.749020 0.749020
vn 2.959111 2.992165 -1.078417
v 1.207140 2.939990 2.071340 0.749020 0.749020 0.749020
vn 3.048731 -3.022818 -0.662724
v 1.295670 2.813250 2.379040 0.749020 0.749020 0.749020
vn 2.931913 -3.023158 -1.065552
v 1.206570 2.812990 2.071610 0.749020 0.749020 0.749020
vn 2.789620 2.991925 -1.462038
v 1.077800 2.939950 1.778560 0.749020 0.749020 0.749020
vn 2.305535 2.992769 -2.144598
v 0.708339 2.940510 1.257530 0.749020 0.749020 0.749020
vn 2.278398 -3.022578 -2.131805
v 0.707765 2.813510 1.257800 0.749020 0.749020 0.749020
vn 1.999644 2.993509 -2.431481
v 0.474833 2.941090 1.038610 0.749020 0.749020 0.749020
vn 1.658160 2.994570 -2.674874
v 0.214194 2.941870 0.852824 0.749020 0.749020 0.749020
vn 1.972563 -3.021807 -2.418637
v 0.474258 2.814100 1.038880 0.749020 0.749020 0.749020
vn 1.631014 -3.020782 -2.661993
v 0.213620 2.814870 0.853094 0.749020 0.749020 0.749020
vn 1.260027 -3.019542 -2.857655
v -0.069486 2.815830 0.703760 0.749020 0.749020 0.749020
vn 0.484091 2.998933 -3.105423
v -0.681945 2.945220 0.524173 0.749020 0.749020 0.749020
vn 0.456949 -3.016410 -3.092608
v -0.682519 2.818220 0.524444 0.749020 0.749020 0.749020
vn 0.039044 -3.014592 -3.127670
v -1.001470 2.819600 0.497672 0.749020 0.749020 0.749020
vn -0.352616 3.002700 -3.119495
v -1.320570 2.948080 0.513445 0.749020 0.749020 0.749020
vn -1.851011 1.760000 -1.548965
v -1.635240 2.949620 0.572017 0.749020 0.749020 0.749020
vn -1.865473 -1.749640 -1.539608
v -1.635820 2.822620 0.572289 0.749020 0.749020 0.749020
vn 6.192464 -0.535124 0.026159
v 0.965140 -3.652220 3.082740 0.749020 0.749020 0.749020
vn 5.823734 -1.900126 -0.284611
v 0.947790 -3.750390 3.021810 0.749020 0.749020 0.749020
vn 6.097354 -0.536656 -1.080346
v 0.942985 -3.652640 2.836600 0.749020 0.749020 0.749020
vn 5.806148 -0.537657 -2.151955
v 0.877236 -3.652850 2.598370 0.749020 0.749020 0.749020
vn 5.678347 -1.901772 -1.321579
v 0.914990 -3.750750 2.779670 0.749020 0.749020 0.749020
vn 4.850000 -1.901797 -3.235535
v 0.723692 -3.750840 2.332100 0.749020 0.749020 0.749020
vn 3.879582 -0.532608 -4.826410
v 0.446112 -3.652180 2.004980 0.749020 0.749020 0.749020
vn 2.955134 -0.529160 -5.441956
v 0.239858 -3.651540 1.868830 0.749020 0.749020 0.749020
vn 2.501138 -1.895823 -5.268585
v 0.177569 -3.749400 1.854960 0.749020 0.749020 0.749020
vn 1.935670 -0.524843 -5.882533
v 0.012609 -3.650730 1.771700 0.749020 0.749020 0.749020
vn 1.519372 -1.892144 -5.631971
v -0.051199 -3.748560 1.769100 0.749020 0.749020 0.749020
vn 0.853980 -0.519810 -6.133989
v -0.228330 -3.649770 1.716710 0.749020 0.749020 0.749020
vn -2.413865 -0.501567 -5.704625
v -0.955154 -3.646310 1.815170 0.749020 0.749020 0.749020
vn -2.565968 -1.872974 -5.245465
v -1.005160 -3.744120 1.854950 0.749020 0.749020 0.749020
vn -3.462104 -1.867985 -4.704565
v -1.214920 -3.742910 1.980280 0.749020 0.749020 0.749020
vn -4.247324 -1.862823 -4.012169
v -1.398940 -3.741750 2.141040 0.749020 0.749020 0.749020
vn -4.896238 -1.858154 -3.190698
v -1.551290 -3.740670 2.332080 0.749020 0.749020 0.749020
vn -5.388098 -1.854321 -2.266391
v -1.667080 -3.739700 2.547260 0.749020 0.749020 0.749020
vn -5.966468 -0.471547 -1.670097
v -1.742180 -3.640890 2.716010 0.749020 0.749020 0.749020
vn -5.707102 -1.850724 -1.269459
v -1.742580 -3.738870 2.779650 0.749020 0.749020 0.749020
vn -5.842990 -1.847836 -0.231558
v -1.775380 -3.738210 3.021790 0.749020 0.749020 0.749020
vn -5.979752 -0.464615 1.623810
v -1.742180 -3.639340 3.449480 0.749020 0.749020 0.749020
vn -5.593945 -0.466593 2.665357
v -1.655340 -3.639250 3.680860 0.749020 0.749020 0.749020
vn -5.137730 -1.844723 2.794450
v -1.614010 -3.737440 3.728810 0.749020 0.749020 0.749020
vn -5.028481 -0.469030 3.621156
v -1.528580 -3.639360 3.893010 0.749020 0.749020 0.749020
vn -3.830209 -1.847026 4.418870
v -1.310540 -3.738000 4.109350 0.749020 0.749020 0.749020
vn -1.024805 -1.856783 5.754141
v -0.657162 -3.740260 4.424010 0.749020 0.749020 0.749020
vn 0.018188 -1.861178 5.843198
v -0.413797 -3.741300 4.445920 0.749020 0.749020 0.749020
vn 1.060553 -1.866181 5.744572
v -0.170431 -3.742430 4.424020 0.749020 0.749020 0.749020
vn 2.068312 -1.871096 5.461627
v 0.065113 -3.743620 4.359010 0.749020 0.749020 0.749020
vn 3.009407 -1.876222 5.003026
v 0.285264 -3.744830 4.253000 0.749020 0.749020 0.749020
vn 2.911185 -0.510291 5.468158
v 0.239881 -3.646420 4.296650 0.749020 0.749020 0.749020
vn 3.840554 -0.515614 4.860088
v 0.446132 -3.647630 4.160500 0.749020 0.749020 0.749020
vn 5.302777 -0.525400 3.199965
v 0.770019 -3.649860 3.789780 0.749020 0.749020 0.749020
vn 0.490954 -6.242028 0.015532
v 0.646224 -3.968300 3.083410 0.749020 0.749020 0.749020
vn 0.450797 -6.241203 0.218447
v 0.560242 -3.967030 3.501830 0.749020 0.749020 0.749020
vn 1.697186 -5.873056 0.941202
v 0.606002 -3.951420 3.632660 0.749020 0.749020 0.749020
vn 0.400083 -6.240891 0.308656
v 0.456059 -3.966170 3.689530 0.749020 0.749020 0.749020
vn 0.331471 -6.240594 0.387590
v 0.316225 -3.965200 3.852430 0.749020 0.749020 0.749020
vn 0.976394 -5.867593 1.697567
v 0.179800 -3.948580 4.078430 0.749020 0.749020 0.749020
vn 0.247288 -6.240038 0.453077
v 0.146462 -3.964170 3.983830 0.749020 0.749020 0.749020
vn 0.152491 -6.239420 0.500142
v -0.046277 -3.963110 4.078380 0.749020 0.749020 0.749020
vn 0.874990 -3.579512 4.917395
v -0.178879 -3.831000 4.379830 0.749020 0.749020 0.749020
vn 0.480726 -6.242247 -0.090140
v 0.624503 -3.968650 2.869830 0.749020 0.749020 0.749020
vn 1.884690 -5.876075 -0.428001
v 0.715344 -3.953610 2.825460 0.749020 0.749020 0.749020
vn 0.449477 -6.242208 -0.191393
v 0.560234 -3.968800 2.665000 0.749020 0.749020 0.749020
vn 1.776816 -5.876329 -0.759644
v 0.650597 -3.953740 2.626580 0.749020 0.749020 0.749020
vn 3.590679 -3.609286 -3.440732
v 0.538351 -3.838860 2.172410 0.749020 0.749020 0.749020
vn 3.402257 -1.898717 -4.735719
v 0.387331 -3.750080 1.980290 0.749020 0.749020 0.749020
vn 2.916919 -3.607581 -4.029381
v 0.360427 -3.838390 2.016960 0.749020 0.749020 0.749020
vn 1.612066 -5.876353 -1.064915
v 0.552657 -3.953690 2.444830 0.749020 0.749020 0.749020
vn 1.393309 -5.876093 -1.339110
v 0.423093 -3.953450 2.282360 0.749020 0.749020 0.749020
vn 2.622484 -4.978080 -2.518054
v 0.487268 -3.908770 2.221100 0.749020 0.749020 0.749020
vn 2.128442 -4.976812 -2.949633
v 0.318827 -3.908330 2.073940 0.749020 0.749020 0.749020
vn 1.127298 -5.875636 -1.570423
v 0.266602 -3.953040 2.145640 0.749020 0.749020 0.749020
vn 2.149044 -3.605042 -4.488245
v 0.157606 -3.837740 1.895780 0.749020 0.749020 0.749020
vn 0.488490 -1.888002 -5.814175
v -0.291622 -3.747580 1.725470 0.749020 0.749020 0.749020
vn 0.246042 -6.241724 -0.429269
v 0.146446 -3.967960 2.182990 0.749020 0.749020 0.749020
vn 1.565433 -4.974905 -3.286201
v 0.126816 -3.907710 1.959210 0.749020 0.749020 0.749020
vn 0.823916 -5.874716 -1.751184
v 0.088212 -3.952470 2.039050 0.749020 0.749020 0.749020
vn 0.431239 -3.598388 -4.962339
v -0.296060 -3.835970 1.770570 0.749020 0.749020 0.749020
vn 1.311401 -3.602026 -4.802500
v -0.063593 -3.836930 1.812760 0.749020 0.749020 0.749020
vn 0.493135 -5.873484 -1.875605
v -0.106341 -3.951750 1.966030 0.749020 0.749020 0.749020
vn 0.951144 -4.972776 -3.516616
v -0.082593 -3.906940 1.880620 0.749020 0.749020 0.749020
vn 0.305869 -4.969994 -3.633897
v -0.302671 -3.906040 1.840680 0.749020 0.749020 0.749020
vn -0.558330 -1.883306 -5.809436
v -0.535971 -3.746490 1.725470 0.749020 0.749020 0.749020
vn -0.463249 -3.594306 -4.962409
v -0.532325 -3.834920 1.770570 0.749020 0.749020 0.749020
vn -1.587458 -1.877995 -5.617811
v -0.776394 -3.745320 1.769090 0.749020 0.749020 0.749020
vn 0.153358 -6.241344 -0.475036
v -0.046296 -3.967300 2.088450 0.749020 0.749020 0.749020
vn 0.145904 -5.871865 -1.939178
v -0.310806 -3.950920 1.928930 0.749020 0.749020 0.749020
vn -0.206237 -5.870090 -1.939653
v -0.518610 -3.949990 1.928920 0.749020 0.749020 0.749020
vn -0.350128 -4.966996 -3.633935
v -0.526342 -3.905040 1.840670 0.749020 0.749020 0.749020
vn -0.995627 -4.964084 -3.516542
v -0.746420 -3.903970 1.880610 0.749020 0.749020 0.749020
vn -1.343525 -3.590168 -4.802548
v -0.764792 -3.833790 1.812750 0.749020 0.749020 0.749020
vn -2.181152 -3.585740 -4.488190
v -0.985991 -3.832630 1.895770 0.749020 0.749020 0.749020
vn -0.551179 -5.868448 -1.876690
v -0.723075 -3.948990 1.966030 0.749020 0.749020 0.749020
vn -2.949090 -3.581144 -4.029629
v -1.188810 -3.831460 2.016950 0.749020 0.749020 0.749020
vn -1.609720 -4.960745 -3.286184
v -0.955829 -3.902870 1.959200 0.749020 0.749020 0.749020
vn -2.172914 -4.957360 -2.949928
v -1.147840 -3.901770 2.073920 0.749020 0.749020 0.749020
vn -3.622646 -3.577057 -3.440843
v -1.366740 -3.830340 2.172390 0.749020 0.749020 0.749020
vn -0.256378 -6.239645 -0.453047
v -0.882045 -3.963470 2.130830 0.749020 0.749020 0.749020
vn -0.423703 -6.238623 -0.323461
v -1.219830 -3.961410 2.392300 0.749020 0.749020 0.749020
vn -0.483574 -6.238026 -0.238500
v -1.342470 -3.960490 2.568500 0.749020 0.749020 0.749020
vn -0.545153 -6.237458 -0.041740
v -1.470340 -3.959060 2.976070 0.749020 0.749020 0.749020
vn -1.983872 -5.858350 -0.071737
v -1.572650 -3.942950 3.031360 0.749020 0.749020 0.749020
vn -0.544336 -6.237350 0.063578
v -1.470330 -3.958610 3.190750 0.749020 0.749020 0.749020
vn -1.890243 -5.857127 0.620689
v -1.517090 -3.942330 3.441560 0.749020 0.749020 0.749020
vn -1.754149 -5.857015 0.938612
v -1.435420 -3.942300 3.632640 0.749020 0.749020 0.749020
vn -2.882814 -4.943320 2.291748
v -1.389940 -3.896920 3.861160 0.749020 0.749020 0.749020
vn -3.917331 -3.561876 3.118724
v -1.444540 -3.826340 3.904810 0.749020 0.749020 0.749020
vn -3.299128 -3.563180 3.765370
v -1.281270 -3.826710 4.075580 0.749020 0.749020 0.749020
vn -2.980419 -1.849565 5.030304
v -1.112860 -3.738580 4.252980 0.749020 0.749020 0.749020
vn -0.481772 -6.237139 0.265093
v -1.342460 -3.958320 3.598320 0.749020 0.749020 0.749020
vn -1.561561 -5.857416 1.231350
v -1.320940 -3.942440 3.806070 0.749020 0.749020 0.749020
vn -2.429519 -4.944347 2.765887
v -1.235370 -3.897270 4.022830 0.749020 0.749020 0.749020
vn -1.317928 -5.858150 1.485264
v -1.177330 -3.942770 3.956270 0.749020 0.749020 0.749020
vn -2.575356 -3.565364 4.291238
v -1.090120 -3.827270 4.214460 0.749020 0.749020 0.749020
vn -2.035230 -1.852811 5.480263
v -0.892706 -3.739340 4.359000 0.749020 0.749020 0.749020
vn -0.420134 -6.237290 0.352829
v -1.219820 -3.958500 3.774520 0.749020 0.749020 0.749020
vn -1.898893 -4.945853 3.151505
v -1.054410 -3.897800 4.154310 0.749020 0.749020 0.749020
vn -1.307865 -4.947865 3.436151
v -0.852889 -3.898500 4.251360 0.749020 0.749020 0.749020
vn -0.907026 -3.571496 4.917391
v -0.649506 -3.828890 4.379830 0.749020 0.749020 0.749020
vn -1.769410 -3.568050 4.679417
v -0.877256 -3.828010 4.316970 0.749020 0.749020 0.749020
vn -0.344337 -6.237366 0.425562
v -1.064210 -3.958880 3.922430 0.749020 0.749020 0.749020
vn -1.032222 -5.859161 1.692270
v -1.009220 -3.943260 4.078420 0.749020 0.749020 0.749020
vn -0.256705 -6.237483 0.480945
v -0.882027 -3.959460 4.035990 0.749020 0.749020 0.749020
vn -0.713716 -5.860294 1.845440
v -0.821991 -3.943910 4.168590 0.749020 0.749020 0.749020
vn -0.675490 -4.950375 3.610659
v -0.637278 -3.899340 4.310860 0.749020 0.749020 0.749020
vn -0.016040 -3.575357 4.997575
v -0.414192 -3.829900 4.401010 0.749020 0.749020 0.749020
vn -0.159596 -6.237899 0.516649
v -0.680711 -3.960200 4.110550 0.749020 0.749020 0.749020
vn -0.022180 -4.953165 3.669388
v -0.414506 -3.900290 4.330920 0.749020 0.749020 0.749020
vn -0.373227 -5.861534 1.939716
v -0.621676 -3.944690 4.223870 0.749020 0.749020 0.749020
vn -0.022109 -5.862900 1.971984
v -0.414708 -3.945570 4.242500 0.749020 0.749020 0.749020
vn 0.631105 -4.956163 3.610728
v -0.191735 -3.901330 4.310870 0.749020 0.749020 0.749020
vn 0.048852 -6.239065 0.526079
v -0.254103 -3.962060 4.132190 0.749020 0.749020 0.749020
vn 0.327696 -5.864244 1.940829
v -0.207740 -3.946540 4.223880 0.749020 0.749020 0.749020
vn 5.781543 -1.897758 0.761410
v 0.936827 -3.749830 3.265920 0.749020 0.749020 0.749020
vn 4.848531 -3.610070 -1.103266
v 0.870628 -3.839040 2.789900 0.749020 0.749020 0.749020
vn 5.350272 -1.902053 -2.316040
v 0.839326 -3.750910 2.546920 0.749020 0.749020 0.749020
vn 4.571684 -3.610717 -1.955059
v 0.797316 -3.839190 2.564490 0.749020 0.749020 0.749020
vn 4.193824 -1.900671 -4.050548
v 0.571343 -3.750560 2.141060 0.749020 0.749020 0.749020
vn 4.148014 -3.610533 -2.742048
v 0.685660 -3.839130 2.357140 0.749020 0.749020 0.749020
vn 4.968839 -3.608732 -0.216298
v 0.902342 -3.838690 3.024020 0.749020 0.749020 0.749020
vn 3.633053 -4.977592 -0.153712
v 0.831859 -3.908610 3.027320 0.749020 0.749020 0.749020
vn 3.341598 -4.979038 -1.429251
v 0.732287 -3.909080 2.591940 0.749020 0.749020 0.749020
vn 3.031152 -4.978956 -2.005995
v 0.626725 -3.909020 2.395980 0.749020 0.749020 0.749020
vn 5.553303 -1.894566 1.783119
v 0.882454 -3.749080 3.504140 0.749020 0.749020 0.749020
vn 4.729620 -3.603895 1.549567
v 0.839169 -3.837430 3.490390 0.749020 0.749020 0.749020
vn 4.378118 -3.600547 2.372216
v 0.746311 -3.836550 3.707650 0.749020 0.749020 0.749020
vn 5.146224 -1.890719 2.747555
v 0.786419 -3.748180 3.728830 0.749020 0.749020 0.749020
vn 4.573574 -1.886148 3.623946
v 0.651807 -3.747140 3.932760 0.749020 0.749020 0.749020
vn 3.266974 -3.592622 3.765381
v 0.452880 -3.834470 4.075600 0.749020 0.749020 0.749020
vn 3.853556 -1.881318 4.383900
v 0.482947 -3.746020 4.109370 0.749020 0.749020 0.749020
vn 1.737279 -3.583680 4.679520
v 0.048871 -3.832150 4.316980 0.749020 0.749020 0.749020
vn 1.915252 -5.875091 0.272279
v 0.733915 -3.952830 3.238980 0.749020 0.749020 0.749020
vn 1.931665 -5.875850 -0.079912
v 0.743238 -3.953300 3.031390 0.749020 0.749020 0.749020
vn 3.544840 -4.978491 -0.804374
v 0.801834 -3.908940 2.805670 0.749020 0.749020 0.749020
vn 3.603774 -4.976098 0.501684
v 0.821824 -3.908090 3.250770 0.749020 0.749020 0.749020
vn 4.928592 -3.606766 0.677353
v 0.891742 -3.838150 3.260050 0.749020 0.749020 0.749020
vn 3.457636 -4.974170 1.141124
v 0.772052 -3.907410 3.468840 0.749020 0.749020 0.749020
vn 2.838543 -4.968946 2.291848
v 0.560923 -3.905640 3.861180 0.749020 0.749020 0.749020
vn 3.885196 -3.596790 3.118715
v 0.616153 -3.835560 3.904830 0.749020 0.749020 0.749020
vn 1.854488 -4.962752 3.151519
v 0.225398 -3.903520 4.154320 0.749020 0.749020 0.749020
vn 2.543270 -3.588384 4.291156
v 0.261738 -3.833320 4.214470 0.749020 0.749020 0.749020
vn 1.263494 -4.959414 3.436048
v 0.023876 -3.902420 4.251370 0.749020 0.749020 0.749020
vn 1.836137 -5.874246 0.616450
v 0.687674 -3.952190 3.441580 0.749020 0.749020 0.749020
vn 3.199808 -4.971650 1.744309
v 0.684143 -3.906590 3.674510 0.749020 0.749020 0.749020
vn 1.503167 -5.871253 1.236318
v 0.491523 -3.950550 3.806090 0.749020 0.749020 0.749020
vn 1.260239 -5.869440 1.491320
v 0.347917 -3.949590 3.956290 0.749020 0.749020 0.749020
vn 2.385146 -4.965932 2.765936
v 0.406352 -3.904610 4.022850 0.749020 0.749020 0.749020
vn 0.663998 -5.865947 1.848050
v -0.007425 -3.947550 4.168590 0.749020 0.749020 0.749020
vn -3.502030 -4.942950 1.141106
v -1.601070 -3.896800 3.468810 0.749020 0.749020 0.749020
vn -3.244420 -4.942713 1.744329
v -1.513160 -3.896760 3.674490 0.749020 0.749020 0.749020
vn -4.557027 -1.845357 3.665442
v -1.479400 -3.737620 3.932740 0.749020 0.749020 0.749020
vn -4.410279 -3.561157 2.372081
v -1.574700 -3.826170 3.707620 0.749020 0.749020 0.749020
vn -4.761680 -3.561561 1.549583
v -1.667550 -3.826220 3.490370 0.749020 0.749020 0.749020
vn -1.968426 -5.857597 0.279718
v -1.563330 -3.942550 3.238960 0.749020 0.749020 0.749020
vn -3.647892 -4.943702 0.501543
v -1.650840 -3.897040 3.250750 0.749020 0.749020 0.749020
vn -5.553472 -1.844958 1.833673
v -1.710050 -3.737490 3.504120 0.749020 0.749020 0.749020
vn -4.960784 -3.562358 0.677325
v -1.720130 -3.826470 3.260030 0.749020 0.749020 0.749020
vn -5.791212 -1.845912 0.814060
v -1.764420 -3.737750 3.265890 0.749020 0.749020 0.749020
vn -5.000868 -3.564023 -0.216402
v -1.730730 -3.826920 3.024000 0.749020 0.749020 0.749020
vn -3.677416 -4.945063 -0.153693
v -1.660870 -3.897460 3.027300 0.749020 0.749020 0.749020
vn -3.589468 -4.946522 -0.803815
v -1.630850 -3.898070 2.805650 0.749020 0.749020 0.749020
vn -1.935763 -5.859553 -0.421201
v -1.544760 -3.943510 2.825440 0.749020 0.749020 0.749020
vn -4.881003 -3.566350 -1.102984
v -1.699010 -3.827550 2.789870 0.749020 0.749020 0.749020
vn -3.386841 -4.948760 -1.427777
v -1.561730 -3.898820 2.592920 0.749020 0.749020 0.749020
vn -1.826463 -5.860774 -0.757318
v -1.480550 -3.944210 2.627810 0.749020 0.749020 0.749020
vn -1.659253 -5.862062 -1.068539
v -1.382070 -3.945040 2.444810 0.749020 0.749020 0.749020
vn -4.604401 -3.569720 -1.953582
v -1.626000 -3.828350 2.565170 0.749020 0.749020 0.749020
vn -3.075953 -4.951461 -2.005319
v -1.455740 -3.899710 2.395960 0.749020 0.749020 0.749020
vn -1.439804 -5.863533 -1.344555
v -1.252510 -3.945960 2.282350 0.749020 0.749020 0.749020
vn -4.180470 -3.573301 -2.741270
v -1.514050 -3.829290 2.357120 0.749020 0.749020 0.749020
vn -2.666826 -4.954527 -2.517969
v -1.316280 -3.900710 2.221090 0.749020 0.749020 0.749020
vn -1.175278 -5.864941 -1.576253
v -1.096020 -3.946950 2.145620 0.749020 0.749020 0.749020
vn -0.875201 -5.866635 -1.755150
v -0.917629 -3.947970 2.039040 0.749020 0.749020 0.749020
vn 0.481205 -6.241641 0.119616
v 0.624507 -3.967750 3.296990 0.749020 0.749020 0.749020
vn 0.397112 -6.242289 -0.284406
v 0.456048 -3.968730 2.477290 0.749020 0.749020 0.749020
vn 0.328139 -6.242058 -0.365093
v 0.316210 -3.968450 2.314400 0.749020 0.749020 0.749020
vn 0.052936 -6.241028 -0.500651
v -0.254122 -3.966490 2.034640 0.749020 0.749020 0.749020
vn -0.056584 -6.238462 0.531876
v -0.468506 -3.961080 4.143060 0.749020 0.749020 0.749020
vn -0.051895 -6.240766 -0.505137
v -0.468526 -3.965550 2.023770 0.749020 0.749020 0.749020
vn -0.157742 -6.240177 -0.489463
v -0.680730 -3.964530 2.056270 0.749020 0.749020 0.749020
vn -0.346845 -6.239230 -0.395799
v -1.064230 -3.962420 2.244390 0.749020 0.749020 0.749020
vn -0.523351 -6.237092 0.168800
v -1.427120 -3.958360 3.401040 0.749020 0.749020 0.749020
vn -0.524289 -6.237615 -0.143572
v -1.427120 -3.959700 2.765780 0.749020 0.749020 0.749020
vn 5.840603 1.847696 0.284611
v 0.863020 3.740090 2.971850 0.749020 0.749020 0.749020
vn 6.101461 0.475806 1.080482
v 0.857338 3.642400 3.157040 0.749020 0.749020 0.749020
vn 4.683199 0.484898 4.055618
v 0.539107 3.645240 3.817870 0.749020 0.749020 0.749020
vn 4.210535 1.863056 4.050578
v 0.486573 3.743670 3.852600 0.749020 0.749020 0.749020
vn 3.419174 1.868138 4.735764
v 0.302560 3.744840 4.013360 0.749020 0.749020 0.749020
vn 3.883488 0.488953 4.826209
v 0.360480 3.646410 3.988660 0.749020 0.749020 0.749020
vn 0.505364 1.883558 5.814196
v -0.376392 3.748450 4.268170 0.749020 0.749020 0.749020
vn -0.541402 1.888201 5.809474
v -0.620741 3.749550 4.268170 0.749020 0.749020 0.749020
vn -1.355277 0.542789 6.043852
v -0.805741 3.652250 4.254850 0.749020 0.749020 0.749020
vn -2.549095 1.896209 5.245398
v -1.089930 3.751400 4.138680 0.749020 0.749020 0.749020
vn -2.413020 0.534001 5.703622
v -1.040780 3.653150 4.178480 0.749020 0.749020 0.749020
vn -3.445304 1.899202 4.704355
v -1.299690 3.752070 4.013350 0.749020 0.749020 0.749020
vn -4.260384 0.535570 4.493818
v -1.451630 3.654420 3.907280 0.749020 0.749020 0.749020
vn -4.230443 1.901197 4.011948
v -1.483710 3.752560 3.852580 0.749020 0.749020 0.749020
vn -4.879483 1.902350 3.190607
v -1.636050 3.752840 3.661540 0.749020 0.749020 0.749020
vn -5.568022 0.538638 2.709398
v -1.740990 3.654880 3.509010 0.749020 0.749020 0.749020
vn -5.962525 0.538636 1.671132
v -1.827830 3.654770 3.277630 0.749020 0.749020 0.749020
vn -6.165248 0.537658 0.579217
v -1.871960 3.654450 3.034470 0.749020 0.749020 0.749020
vn -6.169789 0.535503 -0.531417
v -1.871960 3.653930 2.787330 0.749020 0.749020 0.749020
vn -5.774313 1.897833 -0.814260
v -1.849190 3.751810 2.727720 0.749020 0.749020 0.749020
vn -5.975984 0.532305 -1.624961
v -1.827830 3.653210 2.544160 0.749020 0.749020 0.749020
vn -5.120986 1.890578 -2.794553
v -1.698780 3.750140 2.264810 0.749020 0.749020 0.749020
vn -4.540165 1.886278 -3.665590
v -1.564170 3.749100 2.060880 0.749020 0.749020 0.749020
vn -4.296845 0.518963 -4.461365
v -1.451650 3.650170 1.914520 0.749020 0.749020 0.749020
vn -3.813392 1.881267 -4.418951
v -1.395310 3.747960 1.884270 0.749020 0.749020 0.749020
vn -2.455478 0.507768 -5.687541
v -1.040810 3.647730 1.643320 0.749020 0.749020 0.749020
vn -1.007959 1.865811 -5.754131
v -0.741932 3.744340 1.569620 0.749020 0.749020 0.749020
vn 0.035148 1.860844 -5.843192
v -0.498567 3.743200 1.547720 0.749020 0.749020 0.749020
vn 0.808959 0.490973 -6.143175
v -0.313982 3.644240 1.544870 0.749020 0.749020 0.749020
vn 1.892577 0.486045 -5.900432
v -0.073043 3.643270 1.599860 0.749020 0.749020 0.749020
vn 2.085108 1.852402 -5.461445
v -0.019657 3.741220 1.634630 0.749020 0.749020 0.749020
vn 3.844967 0.478290 -4.859908
v 0.360460 3.641810 1.833140 0.749020 0.749020 0.749020
vn 4.650772 0.475593 -4.095650
v 0.539089 3.641370 2.003930 0.749020 0.749020 0.749020
vn 3.870301 1.846604 -4.383737
v 0.398177 3.739870 1.884280 0.749020 0.749020 0.749020
vn 5.792998 0.472985 -2.201046
v 0.791584 3.641130 2.426530 0.749020 0.749020 0.749020
vn 0.547801 6.237349 -0.015871
v 0.563425 3.960700 2.910220 0.749020 0.749020 0.749020
vn 1.888990 5.857465 -0.616551
v 0.604736 3.944210 2.552080 0.749020 0.749020 0.749020
vn 1.750225 5.857380 -0.941577
v 0.523063 3.944170 2.360990 0.749020 0.749020 0.749020
vn 1.555993 5.857462 -1.236615
v 0.408585 3.944320 2.187560 0.749020 0.749020 0.749020
vn 0.387669 6.237294 -0.388027
v 0.233411 3.960550 2.141210 0.749020 0.749020 0.749020
vn 0.303361 6.237495 -0.453523
v 0.063646 3.961040 2.009800 0.749020 0.749020 0.749020
vn 0.716573 5.859581 -1.848118
v -0.090363 3.945800 1.825050 0.749020 0.749020 0.749020
vn 0.675751 4.950174 -3.610793
v -0.275079 3.901230 1.682770 0.749020 0.749020 0.749020
vn 0.907130 3.571243 -4.917570
v -0.262854 3.830780 1.613810 0.749020 0.749020 0.749020
vn 1.077252 1.856257 -5.744737
v -0.255201 3.742140 1.569630 0.749020 0.749020 0.749020
vn 1.937360 5.858964 0.427888
v 0.632405 3.945400 3.168200 0.749020 0.749020 0.749020
vn 0.505303 6.237968 0.191211
v 0.477443 3.961980 3.328640 0.749020 0.749020 0.749020
vn 1.829206 5.860217 0.759383
v 0.567665 3.946120 3.367050 0.749020 0.749020 0.749020
vn 3.075644 4.951527 2.005984
v 0.543381 3.901620 3.597680 0.749020 0.749020 0.749020
vn 1.664518 5.861739 1.064708
v 0.469718 3.946950 3.548820 0.749020 0.749020 0.749020
vn 2.667118 4.954369 2.518092
v 0.403924 3.902620 3.772550 0.749020 0.749020 0.749020
vn 2.518033 1.873345 5.268551
v 0.092799 3.746060 4.138690 0.749020 0.749020 0.749020
vn 2.949284 3.581205 4.029349
v 0.276452 3.833390 3.976690 0.749020 0.749020 0.749020
vn 0.453020 6.238514 0.284141
v 0.373260 3.962850 3.516340 0.749020 0.749020 0.749020
vn 1.446002 5.863307 1.338907
v 0.340154 3.947880 3.711290 0.749020 0.749020 0.749020
vn 1.180075 5.865243 1.570311
v 0.183663 3.948880 3.848010 0.749020 0.749020 0.749020
vn 2.173153 4.957466 2.949634
v 0.235483 3.903700 3.919710 0.749020 0.749020 0.749020
vn 1.609834 4.960873 3.286020
v 0.043472 3.904810 4.034430 0.749020 0.749020 0.749020
vn 1.343598 3.590399 4.802438
v -0.147567 3.835740 4.180880 0.749020 0.749020 0.749020
vn 2.181149 3.585836 4.488065
v 0.073632 3.834570 4.097870 0.749020 0.749020 0.749020
vn 1.536092 1.878598 5.631866
v -0.135969 3.747270 4.224550 0.749020 0.749020 0.749020
vn 0.876590 5.867136 1.751197
v 0.005274 3.949910 3.954590 0.749020 0.749020 0.749020
vn 0.995828 4.964041 3.516577
v -0.165937 3.905920 4.113020 0.749020 0.749020 0.749020
vn 0.463573 3.594387 4.962255
v -0.380035 3.836880 4.223070 0.749020 0.749020 0.749020
vn 0.209343 6.239700 0.475023
v -0.129076 3.965950 3.905190 0.749020 0.749020 0.749020
vn 0.545855 5.868850 1.875511
v -0.189280 3.950940 4.027610 0.749020 0.749020 0.749020
vn 0.350481 4.967172 3.633746
v -0.386014 3.907000 4.152960 0.749020 0.749020 0.749020
vn -0.431033 3.598420 4.962228
v -0.616299 3.837950 4.223070 0.749020 0.749020 0.749020
vn -1.570637 1.892582 5.617731
v -0.861164 3.750550 4.224540 0.749020 0.749020 0.749020
vn 0.108970 6.240347 0.500358
v -0.336901 3.967000 3.959000 0.749020 0.749020 0.749020
vn -0.305582 4.970259 3.633548
v -0.609686 3.908010 4.152960 0.749020 0.749020 0.749020
vn -1.311297 3.602211 4.802434
v -0.848767 3.838910 4.180880 0.749020 0.749020 0.749020
vn -0.153533 5.871849 1.939467
v -0.601549 3.952880 4.064710 0.749020 0.749020 0.749020
vn 0.198621 5.870354 1.938920
v -0.393744 3.951950 4.064710 0.749020 0.749020 0.749020
vn -0.950974 4.972870 3.516476
v -0.829763 3.908920 4.113020 0.749020 0.749020 0.749020
vn -2.148927 3.605334 4.487992
v -1.069970 3.839730 4.097860 0.749020 0.749020 0.749020
vn -0.101451 6.241380 0.489173
v -0.763509 3.968880 3.937360 0.749020 0.749020 0.749020
vn -0.498275 5.873149 1.876498
v -0.806013 3.953730 4.027600 0.749020 0.749020 0.749020
vn -1.565181 4.975194 3.285901
v -1.039170 3.909700 4.034420 0.749020 0.749020 0.749020
vn -2.916909 3.607750 4.029336
v -1.272790 3.840380 3.976670 0.749020 0.749020 0.749020
vn -1.387249 5.876159 1.344629
v -1.335450 3.955440 3.711270 0.749020 0.749020 0.749020
vn -1.606593 5.876818 1.068373
v -1.465010 3.955680 3.548800 0.749020 0.749020 0.749020
vn -0.427691 6.242080 0.238448
v -1.425250 3.970780 3.425130 0.749020 0.749020 0.749020
vn -1.773777 5.877047 0.757091
v -1.563480 3.955730 3.365810 0.749020 0.749020 0.749020
vn -0.488935 6.242116 0.041588
v -1.553130 3.970480 3.017560 0.749020 0.749020 0.749020
vn -1.883103 5.876740 0.421085
v -1.627700 3.955600 3.168170 0.749020 0.749020 0.749020
vn -1.930982 5.876023 0.071597
v -1.655590 3.955290 2.962250 0.749020 0.749020 0.749020
vn -0.487417 6.241946 -0.063677
v -1.553140 3.970030 2.802880 0.749020 0.749020 0.749020
vn -1.915838 5.875017 -0.279976
v -1.646270 3.954800 2.754650 0.749020 0.749020 0.749020
vn -0.467483 6.241552 -0.168985
v -1.509920 3.969380 2.592590 0.749020 0.749020 0.749020
vn -1.701625 5.872450 -0.938836
v -1.518360 3.953390 2.360970 0.749020 0.749020 0.749020
vn -3.199786 4.971727 -1.744543
v -1.596500 3.908550 2.319130 0.749020 0.749020 0.749020
vn -2.838294 4.968904 -2.291978
v -1.473280 3.907600 2.132460 0.749020 0.749020 0.749020
vn -3.885108 3.596887 -3.118909
v -1.528510 3.837510 2.088810 0.749020 0.749020 0.749020
vn -2.963554 1.876129 -5.030368
v -1.197630 3.746760 1.740640 0.749020 0.749020 0.749020
vn -1.508856 5.871133 -1.231607
v -1.403880 3.952500 2.187550 0.749020 0.749020 0.749020
vn -3.266858 3.592702 -3.765435
v -1.365240 3.836410 1.918040 0.749020 0.749020 0.749020
vn -2.543092 3.588391 -4.291281
v -1.174100 3.835250 1.779170 0.749020 0.749020 0.749020
vn -2.018373 1.870983 -5.480351
v -0.977476 3.745540 1.634630 0.749020 0.749020 0.749020
vn -0.425786 6.241189 -0.265265
v -1.425260 3.968580 2.395310 0.749020 0.749020 0.749020
vn -2.385015 4.965930 -2.766126
v -1.318710 3.906550 1.970790 0.749020 0.749020 0.749020
vn -1.265442 5.869607 -1.485652
v -1.260270 3.951530 2.037340 0.749020 0.749020 0.749020
vn -1.854267 4.962691 -3.151614
v -1.137750 3.905460 1.839320 0.749020 0.749020 0.749020
vn -1.737195 3.583727 -4.679516
v -0.961231 3.834070 1.676660 0.749020 0.749020 0.749020
vn -0.979473 5.868152 -1.692535
v -1.092150 3.950510 1.915200 0.749020 0.749020 0.749020
vn -1.263244 4.959375 -3.436248
v -0.936233 3.904340 1.742270 0.749020 0.749020 0.749020
vn -0.661014 5.866440 -1.845772
v -0.904930 3.949470 1.825040 0.749020 0.749020 0.749020
vn -0.630921 4.956172 -3.610763
v -0.720621 3.903240 1.682770 0.749020 0.749020 0.749020
vn -0.874783 3.579564 -4.917404
v -0.733480 3.832910 1.613810 0.749020 0.749020 0.749020
vn -0.103596 6.239022 -0.517051
v -0.763529 3.964500 1.883080 0.749020 0.749020 0.749020
vn -0.320605 5.864571 -1.940056
v -0.704614 3.948450 1.769760 0.749020 0.749020 0.749020
vn 0.016219 3.575327 -4.997590
v -0.498167 3.831800 1.592630 0.749020 0.749020 0.749020
vn 0.022343 4.953009 -3.669724
v -0.497850 3.902190 1.662720 0.749020 0.749020 0.749020
vn 0.030476 5.862636 -1.972338
v -0.497647 3.947480 1.751130 0.749020 0.749020 0.749020
vn 0.380672 5.861061 -1.941039
v -0.290679 3.946580 1.769760 0.749020 0.749020 0.749020
vn 0.105138 6.238307 -0.526415
v -0.336921 3.962530 1.861450 0.749020 0.749020 0.749020
vn 5.798385 1.845703 -0.761341
v 0.852057 3.739620 2.727750 0.749020 0.749020 0.749020
vn 5.695170 1.850713 1.321634
v 0.830220 3.740760 3.213990 0.749020 0.749020 0.749020
vn 5.001094 3.563874 0.216257
v 0.818367 3.828800 2.969640 0.749020 0.749020 0.749020
vn 4.880798 3.566313 1.103325
v 0.786653 3.829440 3.203770 0.749020 0.749020 0.749020
vn 5.367189 1.853772 2.316132
v 0.754558 3.741590 3.446740 0.749020 0.749020 0.749020
vn 4.604014 3.569331 1.955142
v 0.713345 3.830250 3.429170 0.749020 0.749020 0.749020
vn 4.866898 1.858114 3.235574
v 0.638922 3.742570 3.661560 0.749020 0.749020 0.749020
vn 3.622772 3.577135 3.440720
v 0.454376 3.832260 3.821240 0.749020 0.749020 0.749020
vn 3.677499 4.944830 0.153617
v 0.748515 3.899350 2.966340 0.749020 0.749020 0.749020
vn 4.180318 3.573064 2.742096
v 0.601685 3.831200 3.636520 0.749020 0.749020 0.749020
vn 4.761768 3.561346 -1.549513
v 0.755194 3.828090 2.503270 0.749020 0.749020 0.749020
vn 5.570083 1.844495 -1.783044
v 0.797684 3.739360 2.489520 0.749020 0.749020 0.749020
vn 5.163055 1.844281 -2.747519
v 0.701649 3.739310 2.264830 0.749020 0.749020 0.749020
vn 4.410249 3.561103 -2.372181
v 0.662336 3.828040 2.286010 0.749020 0.749020 0.749020
vn 3.917443 3.561643 -3.118834
v 0.532179 3.828210 2.088830 0.749020 0.749020 0.749020
vn 4.590326 1.844895 -3.623901
v 0.567037 3.739480 2.060900 0.749020 0.749020 0.749020
vn 3.299258 3.563253 -3.765356
v 0.368905 3.828580 1.918060 0.749020 0.749020 0.749020
vn 2.575461 3.565139 -4.291277
v 0.177763 3.829150 1.779180 0.749020 0.749020 0.749020
vn 1.769531 3.568171 -4.679356
v -0.035104 3.829890 1.676670 0.749020 0.749020 0.749020
vn 3.026275 1.849039 -5.003101
v 0.200494 3.740450 1.740660 0.749020 0.749020 0.749020
vn 3.589371 4.946431 0.804255
v 0.718491 3.899960 3.187990 0.749020 0.749020 0.749020
vn 1.984358 5.858303 0.079602
v 0.660299 3.944830 2.962270 0.749020 0.749020 0.749020
vn 3.386181 4.948808 1.429180
v 0.648949 3.900730 3.401700 0.749020 0.749020 0.749020
vn 3.648144 4.943463 -0.501745
v 0.738480 3.898920 2.742890 0.749020 0.749020 0.749020
vn 4.961004 3.562138 -0.677471
v 0.807767 3.828340 2.733610 0.749020 0.749020 0.749020
vn 2.883087 4.943092 -2.291947
v 0.477579 3.898790 2.132470 0.749020 0.749020 0.749020
vn 2.429729 4.944147 -2.766049
v 0.323008 3.899140 1.970800 0.749020 0.749020 0.749020
vn 1.967783 5.857862 -0.272274
v 0.650976 3.944430 2.754670 0.749020 0.749020 0.749020
vn 3.502286 4.942828 -1.141303
v 0.688708 3.898670 2.524820 0.749020 0.749020 0.749020
vn 3.244495 4.942689 -1.744395
v 0.600800 3.898630 2.319150 0.749020 0.749020 0.749020
vn 1.313056 5.857885 -1.491618
v 0.264979 3.944640 2.037360 0.749020 0.749020 0.749020
vn 1.899072 4.945780 -3.151533
v 0.142054 3.899680 1.839330 0.749020 0.749020 0.749020
vn 1.029184 5.858606 -1.697661
v 0.096862 3.945140 1.915210 0.749020 0.749020 0.749020
vn 1.308078 4.947757 -3.436348
v -0.059467 3.900380 1.742280 0.749020 0.749020 0.749020
vn -3.457374 4.974209 -1.141293
v -1.684410 3.909390 2.524800 0.749020 0.749020 0.749020
vn -1.837382 5.873903 -0.620857
v -1.600030 3.954160 2.552060 0.749020 0.749020 0.749020
vn -4.377898 3.600635 -2.372319
v -1.658670 3.838520 2.285990 0.749020 0.749020 0.749020
vn -4.729561 3.603979 -1.549703
v -1.751530 3.839400 2.503240 0.749020 0.749020 0.749020
vn -5.536719 1.894482 -1.833789
v -1.794820 3.751060 2.489500 0.749020 0.749020 0.749020
vn -3.603404 4.976203 -0.501773
v -1.734180 3.910080 2.742870 0.749020 0.749020 0.749020
vn -3.632970 4.977609 0.153561
v -1.744220 3.910600 2.966310 0.749020 0.749020 0.749020
vn -4.928653 3.606779 -0.677486
v -1.804100 3.840130 2.733590 0.749020 0.749020 0.749020
vn -5.826079 1.900381 0.231317
v -1.860150 3.752380 2.971830 0.749020 0.749020 0.749020
vn -4.968860 3.608775 0.216148
v -1.814700 3.840680 2.969610 0.749020 0.749020 0.749020
vn -3.544723 4.978789 0.803565
v -1.714190 3.910940 3.187960 0.749020 0.749020 0.749020
vn -3.341945 4.979310 1.427363
v -1.645070 3.911080 3.400690 0.749020 0.749020 0.749020
vn -4.848653 3.610158 1.102608
v -1.782990 3.841040 3.203740 0.749020 0.749020 0.749020
vn -5.690341 1.901880 1.269336
v -1.827350 3.752750 3.213970 0.749020 0.749020 0.749020
vn -4.572124 3.610817 1.953459
v -1.709980 3.841190 3.428450 0.749020 0.749020 0.749020
vn -3.031191 4.979014 2.005163
v -1.539080 3.911020 3.597660 0.749020 0.749020 0.749020
vn -5.371350 1.902427 2.266440
v -1.751850 3.752900 3.446360 0.749020 0.749020 0.749020
vn -4.148221 3.610547 2.741312
v -1.598020 3.841130 3.636500 0.749020 0.749020 0.749020
vn -3.590398 3.609782 3.440541
v -1.450710 3.840860 3.821220 0.749020 0.749020 0.749020
vn -2.128375 4.976781 2.949701
v -1.231180 3.910320 3.919700 0.749020 0.749020 0.749020
vn -2.622311 4.978346 2.517957
v -1.399620 3.910760 3.772530 0.749020 0.749020 0.749020
vn -1.122645 5.875275 1.576059
v -1.178960 3.955030 3.848000 0.749020 0.749020 0.749020
vn -0.822621 5.874329 1.754977
v -1.000570 3.954450 3.954580 0.749020 0.749020 0.749020
vn 0.537777 6.237033 -0.119703
v 0.541704 3.960340 2.696640 0.749020 0.749020 0.749020
vn 0.536274 6.237639 0.089990
v 0.541708 3.961260 3.123800 0.749020 0.749020 0.749020
vn 0.506952 6.236859 -0.218602
v 0.477435 3.960200 2.491810 0.749020 0.749020 0.749020
vn 0.456253 6.236993 -0.308979
v 0.373249 3.960270 2.304100 0.749020 0.749020 0.749020
vn 0.384194 6.238922 0.364725
v 0.233426 3.963830 3.679230 0.749020 0.749020 0.749020
vn 0.302150 6.239248 0.429173
v 0.063664 3.964880 3.810640 0.749020 0.749020 0.749020
vn 0.208547 6.237839 -0.500115
v -0.129095 3.961700 1.915260 0.749020 0.749020 0.749020
vn 0.004183 6.240981 0.505058
v -0.551305 3.967990 3.969870 0.749020 0.749020 0.749020
vn -0.000654 6.238716 -0.531982
v -0.551325 3.963470 1.850570 0.749020 0.749020 0.749020
vn -0.200342 6.241698 0.452895
v -0.964826 3.969630 3.862800 0.749020 0.749020 0.749020
vn -0.200687 6.239494 -0.481290
v -0.964844 3.965570 1.957640 0.749020 0.749020 0.749020
vn -0.290816 6.242113 0.395620
v -1.147010 3.970210 3.749240 0.749020 0.749020 0.749020
vn -0.288412 6.240169 -0.425834
v -1.147030 3.966630 2.071200 0.749020 0.749020 0.749020
vn -0.367652 6.242153 0.323430
v -1.302610 3.970600 3.601330 0.749020 0.749020 0.749020
vn -0.364061 6.240806 -0.353031
v -1.302630 3.967650 2.219110 0.749020 0.749020 0.749020
vn -0.468640 6.242042 0.143439
v -1.509920 3.970740 3.227850 0.749020 0.749020 0.749020
vn -3.107678 -3.290021 -1.306096
v -1.661840 -2.943190 2.503550 0.749020 0.749020 0.749020
vn -3.012522 2.986357 0.795732
v -1.742590 -2.940870 3.434950 0.749020 0.749020 0.749020
vn 0.976495 -1.299014 0.661028
v -1.664040 -2.951620 0.572632 0.749020 0.749020 0.749020
vn -0.960372 -1.290134 0.700541
v -2.006870 -2.950050 0.579677 0.749020 0.749020 0.749020
vn -2.730319 -0.705871 -2.912325
v -2.039500 -0.921857 -1.460740 0.749020 0.749020 0.749020
vn -2.690024 2.055634 -2.207393
v -2.016290 1.913020 -0.963452 0.749020 0.749020 0.749020
vn 2.593122 0.728052 -3.010166
v -1.687950 0.980100 -1.467790 0.749020 0.749020 0.749020
vn -2.707898 0.752360 -2.901280
v -2.030780 0.981672 -1.460740 0.749020 0.749020 0.749020
vn -0.956617 1.307309 0.712842
v -1.979820 2.951190 0.579677 0.749020 0.749020 0.749020
vn 0.998611 1.298753 0.673751
v -1.636990 2.949620 0.572632 0.749020 0.749020 0.749020
vn -2.703552 -2.000519 -2.231741
v -2.033720 -1.889100 -0.963452 0.749020 0.749020 0.749020
vn 2.615761 2.031314 -2.316437
v -1.673470 1.911450 -0.970498 0.749020 0.749020 0.749020
vn 2.591146 -2.024788 -2.340557
v -1.690890 -1.890670 -0.970498 0.749020 0.749020 0.749020
vn 2.601702 -0.730301 -3.021866
v -1.696680 -0.923428 -1.467790 0.749020 0.749020 0.749020
vn 4.386995 -1.790741 1.542284
v -1.635770 2.832520 5.207340 0.749020 0.749020 0.749020
vn 1.294927 1.736583 -4.690300
v -1.661290 -2.820220 0.591960 0.749020 0.749020 0.749020
vn 1.577868 1.567062 1.567435
v -1.635200 2.959960 5.415120 0.749020 0.749020 0.749020
vn 1.564270 -1.574509 1.575016
v -1.661810 -2.936900 5.427700 0.749020 0.749020 0.749020
vn -1.577940 -1.567032 -1.567484
v -2.004760 -2.945670 0.592229 0.749020 0.749020 0.749020
vn -2.786197 0.019746 3.092237
v -1.982040 2.088130 2.496520 0.749020 0.749020 0.749020
vn -2.740206 -1.130731 -2.857289
v -1.981700 2.163620 2.859020 0.749020 0.749020 0.749020
vn -2.801825 -3.079588 0.006248
v -1.981180 2.276720 2.684790 0.749020 0.749020 0.749020
vn -2.746805 -2.841714 1.149016
v -1.981250 2.263210 2.610050 0.749020 0.749020 0.749020
vn -2.748231 -2.163445 -2.176410
v -1.981420 2.223870 2.819220 0.749020 0.749020 0.749020
vn -2.745325 -2.844990 -1.139286
v -1.981240 2.263590 2.759110 0.749020 0.749020 0.749020
vn -2.729409 2.202042 2.163350
v -1.982640 1.953940 2.550190 0.749020 0.749020 0.749020
vn 1.378998 3.007837 2.815211
v -0.034210 -2.818090 5.055430 0.749020 0.749020 0.749020
vn 2.075465 3.003775 2.354554
v 0.496325 -2.821200 4.704540 0.749020 0.749020 0.749020
vn 2.625642 2.999992 1.726298
v 0.915385 -2.824080 4.226020 0.749020 0.749020 0.749020
vn 3.143885 2.994268 0.154203
v 1.310130 -2.828370 3.028590 0.749020 0.749020 0.749020
vn 3.075180 2.993090 -0.677999
v 1.257800 -2.829470 2.394670 0.749020 0.749020 0.749020
vn 2.958422 2.992571 -1.079879
v 1.168870 -2.829720 2.088580 0.749020 0.749020 0.749020
vn 2.789174 2.992490 -1.462596
v 1.039960 -2.829760 1.797060 0.749020 0.749020 0.749020
vn 2.570481 2.992781 -1.819377
v 0.873359 -2.829590 1.525310 0.749020 0.749020 0.749020
vn 2.001015 2.993855 -2.430181
v 0.439613 -2.828630 1.060050 0.749020 0.749020 0.749020
vn 1.290478 2.996204 -2.868937
v -0.101583 -2.826910 0.725832 0.749020 0.749020 0.749020
vn 0.072418 3.001102 -3.140384
v -1.029400 -2.823200 0.519110 0.749020 0.749020 0.749020
vn 4.407063 1.754874 1.535565
v -1.661240 -2.810460 5.220600 0.749020 0.749020 0.749020
vn -0.464527 3.054688 3.094879
v -1.438150 -2.811360 5.265990 0.749020 0.749020 0.749020
vn -0.500653 -3.037530 3.106513
v -1.412810 2.831610 5.253330 0.749020 0.749020 0.749020
vn -0.014549 -3.148157 -3.134285
v -1.635820 2.822640 0.579914 0.749020 0.749020 0.749020
vn -0.379796 -3.012636 -3.106679
v -1.321150 2.821080 0.513716 0.749020 0.749020 0.749020
vn 0.866378 -3.018067 -3.002105
v -0.369992 2.816960 0.593552 0.749020 0.749020 0.749020
vn 1.516804 -4.722612 -1.592808
v -0.327094 2.824180 4.068060 0.749020 0.749020 0.749020
vn 2.543284 -3.023068 -1.806672
v 0.909960 2.813120 1.505930 0.749020 0.749020 0.749020
vn 2.762480 -3.023477 -1.449202
v 1.077220 2.812950 1.778830 0.749020 0.749020 0.749020
vn 3.116586 -3.021408 0.171260
v 1.347520 2.814370 3.015650 0.749020 0.749020 0.749020
vn 2.594242 -3.015727 1.745564
v 0.948819 2.818740 4.217240 0.749020 0.749020 0.749020
vn 1.706821 -3.009825 2.626652
v 0.271474 2.823230 4.889750 0.749020 0.749020 0.749020
vn 1.341634 -3.007732 2.832824
v -0.007235 2.824820 5.047130 0.749020 0.749020 0.749020
vn -4.724730 1.561972 1.664499
v -0.958272 2.956620 5.280590 0.749020 0.749020 0.749020
vn -0.203686 -3.038819 3.138769
v -1.186480 2.830640 5.277910 0.749020 0.749020 0.749020
vn -0.473180 3.055099 3.093464
v -1.412240 2.958610 5.253060 0.749020 0.749020 0.749020
vn -0.176168 3.053857 3.125773
v -1.185910 2.957640 5.277640 0.749020 0.749020 0.749020
vn -1.567276 3.314845 2.694201
v -1.199060 2.955190 4.101760 0.749020 0.749020 0.749020
vn -2.015144 3.315568 2.376018
v -1.396230 2.955780 3.961630 0.749020 0.749020 0.749020
vn -2.400559 3.315903 1.984455
v -1.565860 2.956180 3.789200 0.749020 0.749020 0.749020
vn -2.938481 3.315365 1.031333
v -1.802660 2.956350 3.369490 0.749020 0.749020 0.749020
vn -3.075208 3.314476 0.499074
v -1.862540 2.956120 3.135130 0.749020 0.749020 0.749020
vn -2.910034 3.309722 -1.123854
v -1.789960 2.954270 2.420600 0.749020 0.749020 0.749020
vn -2.669399 3.307487 -1.617941
v -1.684180 2.953320 2.203080 0.749020 0.749020 0.749020
vn -1.549231 4.716139 -1.581451
v -1.635240 2.949640 0.579643 0.749020 0.749020 0.749020
vn -1.951057 3.302526 -2.443534
v -1.367810 2.951120 1.839570 0.749020 0.749020 0.749020
vn -1.494832 3.299964 -2.749699
v -1.166970 2.949930 1.704780 0.749020 0.749020 0.749020
vn -0.992133 3.297383 -2.971321
v -0.945653 2.948720 1.607170 0.749020 0.749020 0.749020
vn 0.066192 3.000744 -3.140547
v -1.000900 2.946600 0.497401 0.749020 0.749020 0.749020
vn 0.089933 3.292880 -3.136751
v -0.469298 2.946410 1.534270 0.749020 0.749020 0.749020
vn 0.893577 2.997271 -3.014927
v -0.369418 2.943950 0.593281 0.749020 0.749020 0.749020
vn 1.287237 2.995804 -2.870504
v -0.068912 2.942830 0.703489 0.749020 0.749020 0.749020
vn 0.635792 3.290869 -3.075441
v -0.228922 2.945380 1.561240 0.749020 0.749020 0.749020
vn 1.162479 3.289353 -2.919645
v 0.003041 2.944480 1.629800 0.749020 0.749020 0.749020
vn 2.570585 2.992247 -1.819543
v 0.910534 2.940120 1.505660 0.749020 0.749020 0.749020
vn 2.773135 3.287807 -1.487445
v 0.712319 2.942630 2.260250 0.749020 0.749020 0.749020
vn 3.075779 2.992490 -0.675611
v 1.296240 2.940250 2.378770 0.749020 0.749020 0.749020
vn 3.093729 2.995045 0.574823
v 1.309920 2.942220 3.333180 0.749020 0.749020 0.749020
vn 3.076201 3.294736 0.646094
v 0.846054 2.944030 3.199750 0.749020 0.749020 0.749020
vn 2.830205 2.997707 1.369024
v 1.108770 2.944420 3.939400 0.749020 0.749020 0.749020
vn 2.664186 3.301105 1.659822
v 0.664766 2.945800 3.646260 0.749020 0.749020 0.749020
vn 2.331938 3.304790 2.097185
v 0.518531 2.946870 3.838930 0.749020 0.749020 0.749020
vn 2.068350 3.003304 2.360747
v 0.527251 2.948660 4.696310 0.749020 0.749020 0.749020
vn 1.733918 3.005548 2.613822
v 0.272043 2.950230 4.889480 0.749020 0.749020 0.749020
vn 0.959020 3.317060 2.976783
v -0.086053 2.950430 4.226600 0.749020 0.749020 0.749020
vn 5.299684 1.190576 1.358920
v -0.303891 2.953420 5.165630 0.749020 0.749020 0.749020
vn 1.275713 4.913378 1.527922
v -1.635200 2.959510 5.207070 0.749020 0.749020 0.749020
vn -2.785861 0.015359 3.092014
v -2.123490 -1.114550 3.148470 0.749020 0.749020 0.749020
vn -2.729574 2.153770 2.211282
v -2.123250 -1.061490 3.127770 0.749020 0.749020 0.749020
vn -2.701935 2.853536 1.157346
v -2.123180 -1.044980 3.103650 0.749020 0.749020 0.749020
vn -1.577896 -1.567056 -1.567463
v -2.122750 -0.950576 2.812770 0.749020 0.749020 0.749020
vn -1.577863 -1.560325 1.574140
v -2.122750 -0.950353 2.917200 0.749020 0.749020 0.749020
vn -2.731574 -2.826370 1.171843
v -2.123810 -1.184310 3.103570 0.749020 0.749020 0.749020
vn -3.548360 -2.125948 2.212999
v -1.996730 -1.168270 3.127700 0.749020 0.749020 0.749020
vn -1.563776 1.574660 -1.574158
v -2.120060 -0.354881 2.338910 0.749020 0.749020 0.749020
vn -1.577883 -1.567057 -1.567455
v -1.994800 -0.740513 2.812320 0.749020 0.749020 0.749020
vn -2.787580 0.006197 -3.092540
v -2.123490 -1.114870 2.996910 0.749020 0.749020 0.749020
vn -2.758041 -1.111986 -2.870141
v -2.123620 -1.143650 3.002120 0.749020 0.749020 0.749020
vn -3.554084 -2.124225 -2.211224
v -1.996730 -1.168510 3.017610 0.749020 0.749020 0.749020
vn -2.728399 -2.829181 -1.157230
v -2.123810 -1.184440 3.041740 0.749020 0.749020 0.749020
vn -2.801811 -3.080395 0.009343
v -2.123830 -1.189900 3.072850 0.749020 0.749020 0.749020
vn -1.577883 -1.567056 -1.567455
v -2.116820 0.364558 2.809970 0.749020 0.749020 0.749020
vn -1.577850 -1.560303 1.574129
v -2.116820 0.364781 2.914390 0.749020 0.749020 0.749020
vn -4.705239 1.595339 1.567462
v -1.993060 -0.354223 2.915920 0.749020 0.749020 0.749020
vn -1.563678 1.581218 1.567431
v -2.120060 -0.353650 2.915920 0.749020 0.749020 0.749020
vn -2.701963 2.850457 -1.169840
v -2.123180 -1.045110 3.041440 0.749020 0.749020 0.749020
vn -3.555028 2.854708 -1.170308
v -1.996180 -1.045690 3.041440 0.749020 0.749020 0.749020
vn -3.535047 2.147926 -2.220592
v -1.996260 -1.062300 3.017380 0.749020 0.749020 0.749020
vn -2.748071 1.124656 -2.874914
v -2.123360 -1.086070 3.002000 0.749020 0.749020 0.749020
vn -3.524888 1.128235 -2.875223
v -1.996370 -1.086650 3.002000 0.749020 0.749020 0.749020
vn -4.719524 -1.552945 -1.567412
v -1.984880 1.458520 2.335030 0.749020 0.749020 0.749020
vn -4.719396 -1.546142 1.574173
v -1.984870 1.460150 3.097030 0.749020 0.749020 0.749020
vn -4.719443 -1.552808 -1.567334
v -2.115870 0.575195 2.809520 0.749020 0.749020 0.749020
vn -2.944043 -0.104524 3.124733
v -1.995220 -0.832610 2.437190 0.749020 0.749020 0.749020
vn -3.603208 -1.076346 2.858824
v -2.122030 -0.791449 2.442770 0.749020 0.749020 0.749020
vn -2.689773 -1.080572 2.859907
v -1.995040 -0.792022 2.442770 0.749020 0.749020 0.749020
vn -3.245152 -3.120568 0.147016
v -2.121800 -0.740465 2.566480 0.749020 0.749020 0.749020
vn -2.788846 0.009799 -3.092723
v -1.982030 2.088940 2.872400 0.749020 0.749020 0.749020
vn -2.728399 1.152043 -2.857657
v -1.982370 2.014930 2.859280 0.749020 0.749020 0.749020
vn -3.544519 1.156031 -2.857818
v -2.109360 2.015500 2.859280 0.749020 0.749020 0.749020
vn -2.732165 2.184928 -2.181865
v -1.982640 1.954750 2.819550 0.749020 0.749020 0.749020
vn -3.531079 2.188572 -2.181676
v -2.109640 1.955330 2.819550 0.749020 0.749020 0.749020
vn -2.720521 2.864919 -1.151860
v -1.982820 1.914770 2.759550 0.749020 0.749020 0.749020
vn -2.774985 3.105362 -0.010771
v -1.982880 1.901330 2.685590 0.749020 0.749020 0.749020
vn -1.563738 1.574515 -1.574186
v -2.111310 1.585000 2.334760 0.749020 0.749020 0.749020
vn -1.577883 -1.567057 -1.567456
v -1.988870 0.574622 2.809520 0.749020 0.749020 0.749020
vn -4.719525 -1.552581 -1.567803
v -1.993620 -0.477182 2.339160 0.749020 0.749020 0.749020
vn -1.536589 -1.107670 1.870784
v -2.122750 -0.950132 2.461910 0.749020 0.749020 0.749020
vn -3.198922 0.937648 3.001801
v -1.995640 -0.925732 2.455060 0.749020 0.749020 0.749020
vn -3.041763 0.884963 3.015022
v -1.995530 -0.900913 2.446580 0.749020 0.749020 0.749020
vn -2.967542 0.473359 3.094965
v -1.995390 -0.871465 2.439580 0.749020 0.749020 0.749020
vn -2.747100 1.136927 2.869753
v -2.123360 -1.085770 3.143270 0.749020 0.749020 0.749020
vn -2.728604 2.143813 -2.220657
v -2.123250 -1.061720 3.017380 0.749020 0.749020 0.749020
vn -2.753662 -2.129568 2.212929
v -2.123730 -1.167700 3.127700 0.749020 0.749020 0.749020
vn -2.747926 -2.128793 -2.211189
v -2.123730 -1.167940 3.017610 0.749020 0.749020 0.749020
vn -2.753268 -1.112164 2.868418
v -2.123620 -1.143350 3.143320 0.749020 0.749020 0.749020
vn -2.776615 3.106378 -0.006388
v -2.123150 -1.039530 3.072530 0.749020 0.749020 0.749020
vn -3.329044 0.570440 -3.077957
v -2.109300 2.029550 2.973600 0.749020 0.749020 0.749020
vn -3.342658 1.164768 -2.906044
v -2.109550 1.974270 2.958090 0.749020 0.749020 0.749020
vn -3.339656 1.734804 -2.609223
v -2.109780 1.924400 2.932140 0.749020 0.749020 0.749020
vn -2.923892 2.615115 -1.730510
v -1.983140 1.842790 2.851450 0.749020 0.749020 0.749020
vn -2.922503 2.914182 -1.161741
v -1.983260 1.816630 2.801680 0.749020 0.749020 0.749020
vn -2.937685 3.088526 -0.568695
v -1.983330 1.800880 2.746470 0.749020 0.749020 0.749020
vn -3.334582 2.915946 -1.161640
v -2.110260 1.817200 2.801680 0.749020 0.749020 0.749020
vn -2.723193 2.875178 1.128724
v -1.982820 1.914390 2.610790 0.749020 0.749020 0.749020
vn -3.534106 2.205726 2.163158
v -2.109640 1.954510 2.550190 0.749020 0.749020 0.749020
vn -2.726058 1.167618 2.850183
v -1.982370 2.013880 2.510030 0.749020 0.749020 0.749020
vn -3.546700 1.171391 2.850309
v -2.109370 2.014450 2.510030 0.749020 0.749020 0.749020
vn -1.563720 1.581259 1.567478
v -2.111300 1.586630 3.096760 0.749020 0.749020 0.749020
vn -3.340394 -0.102041 3.124264
v -2.116280 0.483098 2.434380 0.749020 0.749020 0.749020
vn -2.689773 -1.080557 2.859865
v -1.989100 0.523113 2.439960 0.749020 0.749020 0.749020
vn -3.711245 -2.297688 1.940275
v -2.115970 0.551473 2.458700 0.749020 0.749020 0.749020
vn -2.592757 -2.301604 1.939650
v -1.988970 0.550900 2.458700 0.749020 0.749020 0.749020
vn -2.828472 -2.987102 0.781594
v -1.988900 0.567988 2.497150 0.749020 0.749020 0.749020
vn -3.066261 -3.121199 0.147024
v -1.988870 0.574097 2.563670 0.749020 0.749020 0.749020
vn -1.779759 -2.174058 -1.073745
v -2.122850 -0.973017 2.363500 0.749020 0.749020 0.749020
vn -3.480875 -2.970813 0.830921
v -1.987650 0.843642 2.765380 0.749020 0.749020 0.749020
vn -2.829194 -2.973676 0.831015
v -2.114650 0.844215 2.765380 0.749020 0.749020 0.749020
vn -2.790503 -2.510729 1.784246
v -2.114470 0.883480 2.850030 0.749020 0.749020 0.749020
vn -3.343757 -0.530751 3.078414
v -1.986910 1.008890 2.920030 0.749020 0.749020 0.749020
vn -2.944250 -0.532622 3.077557
v -2.113910 1.009460 2.920030 0.749020 0.749020 0.749020
vn -3.254647 -0.045711 3.135942
v -1.986620 1.071920 2.924810 0.749020 0.749020 0.749020
vn -3.029029 -0.046651 3.136018
v -2.113620 1.072500 2.924810 0.749020 0.749020 0.749020
vn -2.956491 3.144301 -0.007265
v -1.983360 1.795540 2.685820 0.749020 0.749020 0.749020
vn -2.938524 3.091486 0.553124
v -1.983330 1.800620 2.624900 0.749020 0.749020 0.749020
vn -2.923177 2.920744 1.144958
v -1.983260 1.816130 2.569380 0.749020 0.749020 0.749020
vn -3.334932 2.628196 1.713381
v -2.110150 1.842650 2.519260 0.749020 0.749020 0.749020
vn -2.924792 2.626951 1.713587
v -1.983150 1.842080 2.519260 0.749020 0.749020 0.749020
vn -2.936172 2.234706 2.199439
v -1.982980 1.878450 2.474540 0.749020 0.749020 0.749020
vn -2.929345 1.180802 2.899187
v -1.982560 1.972530 2.411450 0.749020 0.749020 0.749020
vn -3.340187 1.752535 2.597314
v -2.109780 1.923340 2.437760 0.749020 0.749020 0.749020
vn -3.343299 1.182255 2.898182
v -2.109560 1.973100 2.411450 0.749020 0.749020 0.749020
vn -2.738773 -1.126820 2.857703
v -1.981700 2.162570 2.509710 0.749020 0.749020 0.749020
vn -3.554566 -1.123148 2.857613
v -2.108700 2.163140 2.509710 0.749020 0.749020 0.749020
vn -2.750362 -2.161129 2.180512
v -1.981430 2.223050 2.549620 0.749020 0.749020 0.749020
vn -3.552214 -2.157085 2.180417
v -2.108430 2.223620 2.549620 0.749020 0.749020 0.749020
vn -3.562474 -2.838020 1.149112
v -2.108240 2.263790 2.610050 0.749020 0.749020 0.749020
vn -1.577797 -1.560302 1.574098
v -2.111870 1.460720 3.097030 0.749020 0.749020 0.749020
vn -3.199633 0.938106 3.000121
v -1.989700 0.389402 2.452260 0.749020 0.749020 0.749020
vn -3.310849 0.474519 3.095894
v -2.116460 0.444243 2.436780 0.749020 0.749020 0.749020
vn -1.577802 -1.566913 -1.567450
v -2.120610 -0.476609 2.339160 0.749020 0.749020 0.749020
vn -1.577864 -1.560316 1.574132
v -2.120610 -0.475377 2.916180 0.749020 0.749020 0.749020
vn -3.274600 0.023498 -3.134290
v -1.995180 -0.824489 2.327970 0.749020 0.749020 0.749020
vn -3.289822 -0.412665 -3.103647
v -1.995390 -0.871697 2.330980 0.749020 0.749020 0.749020
vn -2.997157 -0.413908 -3.104148
v -2.122390 -0.871124 2.330980 0.749020 0.749020 0.749020
vn -3.049454 -1.147048 -2.914829
v -2.122740 -0.946862 2.351580 0.749020 0.749020 0.749020
vn -3.244143 -1.146379 -2.916402
v -1.995740 -0.947435 2.351580 0.749020 0.749020 0.749020
vn -4.523049 -2.160877 -1.072160
v -1.995850 -0.973590 2.363500 0.749020 0.749020 0.749020
vn -1.420345 -1.316363 1.554405
v -2.121800 -0.739349 3.089200 0.749020 0.749020 0.749020
vn -4.719443 -1.552904 -1.567437
v -2.121800 -0.739940 2.812320 0.749020 0.749020 0.749020
vn -3.036214 3.148303 -0.149756
v -2.121260 -0.619336 2.565030 0.749020 0.749020 0.749020
vn -3.481719 -2.983923 0.781715
v -2.121830 -0.746574 2.499960 0.749020 0.749020 0.749020
vn -2.952559 0.520037 -3.086383
v -2.121940 -0.769831 2.331730 0.749020 0.749020 0.749020
vn -3.711239 -2.296809 1.940207
v -2.121910 -0.763662 2.461510 0.749020 0.749020 0.749020
vn -3.340139 -0.102340 3.123633
v -2.122220 -0.832037 2.437190 0.749020 0.749020 0.749020
vn -3.008443 0.022439 -3.134632
v -2.122180 -0.823916 2.327970 0.749020 0.749020 0.749020
vn -3.311433 0.474937 3.096377
v -2.122390 -0.870892 2.439580 0.749020 0.749020 0.749020
vn -3.233471 0.885759 3.014253
v -2.122530 -0.900339 2.446580 0.749020 0.749020 0.749020
vn -3.075876 0.937046 3.001282
v -2.122640 -0.925159 2.455060 0.749020 0.749020 0.749020
vn -3.025065 -0.823015 -3.022339
v -2.122580 -0.912502 2.339800 0.749020 0.749020 0.749020
vn -3.015542 3.145113 -0.182072
v -2.117260 0.265636 2.591780 0.749020 0.749020 0.749020
vn -2.793547 2.988416 -0.859932
v -2.117320 0.253475 2.485590 0.749020 0.749020 0.749020
vn -3.477204 2.530308 -1.803140
v -1.990500 0.212445 2.401540 0.749020 0.749020 0.749020
vn -2.783235 2.527301 -1.803251
v -2.117500 0.213018 2.401540 0.749020 0.749020 0.749020
vn -2.877203 1.891977 -2.485537
v -2.117650 0.180206 2.369390 0.749020 0.749020 0.749020
vn -3.388920 1.894246 -2.485390
v -1.990650 0.179632 2.369390 0.749020 0.749020 0.749020
vn -2.895632 1.225008 -2.873612
v -2.117840 0.138609 2.345610 0.749020 0.749020 0.749020
vn -3.255826 0.078387 -3.135795
v -1.991350 0.025217 2.326160 0.749020 0.749020 0.749020
vn -4.719444 -1.552892 -1.567481
v -1.987710 0.831389 2.336370 0.749020 0.749020 0.749020
vn -1.577883 -1.567040 -1.567436
v -2.114710 0.831962 2.336370 0.749020 0.749020 0.749020
vn -3.314096 0.021334 3.130018
v -2.109030 2.088970 2.390240 0.749020 0.749020 0.749020
vn -3.335316 -0.544643 3.076881
v -2.108760 2.149460 2.395350 0.749020 0.749020 0.749020
vn -2.952800 -0.546217 3.076372
v -1.981760 2.148890 2.395350 0.749020 0.749020 0.749020
vn -2.940774 -1.141517 2.903072
v -1.981510 2.204100 2.410960 0.749020 0.749020 0.749020
vn -2.944421 -1.709946 2.607293
v -1.981290 2.254040 2.437060 0.749020 0.749020 0.749020
vn -2.957330 -2.193272 2.214590
v -1.981080 2.298690 2.473650 0.749020 0.749020 0.749020
vn -3.345993 -2.192182 2.215263
v -2.108080 2.299270 2.473650 0.749020 0.749020 0.749020
vn -2.983801 -3.117091 0.006365
v -1.980710 2.383000 2.684570 0.749020 0.749020 0.749020
vn -3.327426 -3.115434 0.006357
v -2.107700 2.383570 2.684570 0.749020 0.749020 0.749020
vn -3.563435 -2.841448 -1.139327
v -2.108240 2.264160 2.759110 0.749020 0.749020 0.749020
vn -3.553176 -1.126839 -2.856989
v -2.108690 2.164190 2.859020 0.749020 0.749020 0.749020
vn -4.523051 -2.161005 -1.073979
v -1.989920 0.341545 2.360690 0.749020 0.749020 0.749020
vn -1.779755 -2.173300 -1.073571
v -2.116920 0.342118 2.360690 0.749020 0.749020 0.749020
vn -3.458086 3.011510 -0.791749
v -1.994300 -0.629374 2.463900 0.749020 0.749020 0.749020
vn -2.798002 3.008666 -0.791724
v -2.121300 -0.628801 2.463900 0.749020 0.749020 0.749020
vn -2.612684 2.368416 -1.915349
v -2.121450 -0.662376 2.389390 0.749020 0.749020 0.749020
vn -3.508660 1.338129 -2.789106
v -1.994740 -0.726298 2.343280 0.749020 0.749020 0.749020
vn -2.762533 1.334849 -2.789469
v -2.121740 -0.725725 2.343280 0.749020 0.749020 0.749020
vn -2.702274 2.858272 1.159015
v -2.120010 -0.343854 3.102150 0.749020 0.749020 0.749020
vn -3.239323 3.145920 -0.182016
v -1.990260 0.265063 2.591780 0.749020 0.749020 0.749020
vn -3.345803 -3.062213 -0.557099
v -2.107730 2.378470 2.745240 0.749020 0.749020 0.749020
vn -3.361596 -2.889258 -1.151676
v -2.107800 2.362920 2.800520 0.749020 0.749020 0.749020
vn -3.359106 -2.592100 -1.723046
v -2.107910 2.336890 2.850390 0.749020 0.749020 0.749020
vn -2.956266 -2.199477 -2.208742
v -1.981080 2.299840 2.894870 0.749020 0.749020 0.749020
vn -3.355031 -1.713087 -2.603575
v -2.108280 2.255990 2.931440 0.749020 0.749020 0.749020
vn -2.941371 -1.147257 -2.902226
v -1.981510 2.205570 2.957590 0.749020 0.749020 0.749020
vn -3.352376 -1.145510 -2.901873
v -2.108500 2.206150 2.957590 0.749020 0.749020 0.749020
vn -2.954229 -0.555105 -3.075886
v -1.981760 2.150320 2.973340 0.749020 0.749020 0.749020
vn -2.970284 0.006548 -3.130272
v -1.982030 2.089650 2.978680 0.749020 0.749020 0.749020
vn -3.333972 -0.553164 -3.075698
v -2.108750 2.150890 2.973340 0.749020 0.749020 0.749020
vn -3.529763 2.191731 2.179394
v -1.981200 2.273450 2.868350 0.749020 0.749020 0.749020
vn -2.718825 2.866308 1.146811
v -2.107950 2.328880 2.785900 0.749020 0.749020 0.749020
vn -2.770807 3.104085 -0.003592
v -2.107870 2.347010 2.684640 0.749020 0.749020 0.749020
vn -1.577975 -1.567030 -1.567468
v -2.111880 1.459100 2.335030 0.749020 0.749020 0.749020
vn -3.274600 0.023653 -3.134969
v -1.989250 0.490646 2.325170 0.749020 0.749020 0.749020
vn -2.997382 -0.413525 -3.104002
v -2.116460 0.444011 2.328180 0.749020 0.749020 0.749020
vn -3.049450 -1.147258 -2.915423
v -2.116800 0.368273 2.348770 0.749020 0.749020 0.749020
vn -1.577850 -1.560384 1.574223
v -1.988870 0.574845 2.913940 0.749020 0.749020 0.749020
vn -1.718896 1.826330 1.547718
v -2.115320 0.696876 3.067040 0.749020 0.749020 0.749020
vn -4.719418 -1.546564 1.574534
v -2.115860 0.575418 2.913940 0.749020 0.749020 0.749020
vn -3.245151 -3.120301 0.147003
v -2.115870 0.574670 2.563670 0.749020 0.749020 0.749020
vn -2.798033 3.009084 -0.791583
v -2.115360 0.686334 2.461100 0.749020 0.749020 0.749020
vn -3.481718 -2.983731 0.781551
v -2.115900 0.568561 2.497150 0.749020 0.749020 0.749020
vn -3.603204 -1.075601 2.858356
v -2.116100 0.523686 2.439960 0.749020 0.749020 0.749020
vn -3.008440 0.022578 -3.134356
v -2.116250 0.491219 2.325170 0.749020 0.749020 0.749020
vn -3.234166 0.885565 3.014705
v -2.116590 0.414795 2.443770 0.749020 0.749020 0.749020
vn -3.075153 0.937696 3.001613
v -2.116700 0.389975 2.452260 0.749020 0.749020 0.749020
vn -3.024844 -0.822838 -3.021918
v -2.116650 0.402633 2.336990 0.749020 0.749020 0.749020
vn -1.536952 -1.107748 1.870441
v -2.116820 0.365003 2.459100 0.749020 0.749020 0.749020
vn -4.719415 -1.546079 1.574098
v -2.121800 -0.739717 2.916750 0.749020 0.749020 0.749020
vn -4.705311 1.588812 -1.574171
v -1.996230 -1.056580 2.340400 0.749020 0.749020 0.749020
vn -3.577446 -2.822794 1.171131
v -1.993640 -0.483759 3.102080 0.749020 0.749020 0.749020
vn -2.731359 -2.827560 1.171703
v -2.120640 -0.483185 3.102080 0.749020 0.749020 0.749020
vn -3.549039 -2.125739 2.213021
v -1.993570 -0.467148 3.126210 0.749020 0.749020 0.749020
vn -3.539440 -1.108830 2.868725
v -1.993460 -0.442799 3.141820 0.749020 0.749020 0.749020
vn -2.753830 -1.112346 2.868539
v -2.120460 -0.442226 3.141820 0.749020 0.749020 0.749020
vn -4.719427 -1.546106 1.574209
v -1.990810 0.144621 2.914860 0.749020 0.749020 0.749020
vn -1.577838 -1.560262 1.574100
v -2.117810 0.145194 2.914860 0.749020 0.749020 0.749020
vn -1.563695 1.574531 -1.574159
v -2.114160 0.953690 2.336110 0.749020 0.749020 0.749020
vn -3.312060 0.021958 3.130197
v -1.982030 2.089800 3.047420 0.749020 0.749020 0.749020
vn -3.328284 0.581581 3.075797
v -1.981690 2.164920 3.040830 0.749020 0.749020 0.749020
vn -2.928477 1.738809 2.605549
v -2.108100 2.295550 2.989120 0.749020 0.749020 0.749020
vn -3.326763 2.225447 2.211138
v -1.980850 2.349910 2.944000 0.749020 0.749020 0.749020
vn -2.936129 2.223899 2.211269
v -2.107850 2.350490 2.944000 0.749020 0.749020 0.749020
vn -2.921873 2.917581 1.153863
v -2.107500 2.427750 2.827560 0.749020 0.749020 0.749020
vn -3.335287 2.918537 1.153616
v -1.980500 2.427180 2.827560 0.749020 0.749020 0.749020
vn -3.318395 3.092423 0.557834
v -1.980420 2.446410 2.759330 0.749020 0.749020 0.749020
vn -2.936560 3.090351 0.558003
v -2.107420 2.446990 2.759330 0.749020 0.749020 0.749020
vn -2.955707 3.143357 -0.005897
v -2.107390 2.453290 2.684420 0.749020 0.749020 0.749020
vn -3.562617 -2.836120 1.153350
v -1.983110 1.850050 2.786930 0.749020 0.749020 0.749020
vn -3.550556 -2.155783 2.182362
v -1.982860 1.904890 2.869140 0.749020 0.749020 0.749020
vn -2.738664 -1.126676 2.857632
v -2.109490 1.988030 2.923630 0.749020 0.749020 0.749020
vn -3.036226 3.148556 -0.149792
v -2.115320 0.695798 2.562220 0.749020 0.749020 0.749020
vn -3.457994 3.012002 -0.791527
v -1.988370 0.685760 2.461100 0.749020 0.749020 0.749020
vn -3.649224 2.373017 -1.915555
v -1.988520 0.652186 2.386580 0.749020 0.749020 0.749020
vn -3.508876 1.337725 -2.789236
v -1.988800 0.588837 2.340470 0.749020 0.749020 0.749020
vn -2.612635 2.368217 -1.915154
v -2.115520 0.652759 2.386580 0.749020 0.749020 0.749020
vn -2.762319 1.334431 -2.789768
v -2.115800 0.589410 2.340470 0.749020 0.749020 0.749020
vn -3.325768 0.521775 -3.086212
v -1.989000 0.544730 2.328930 0.749020 0.749020 0.749020
vn -2.952782 0.520089 -3.086728
v -2.116000 0.545303 2.328930 0.749020 0.749020 0.749020
vn -1.718976 1.826603 1.547765
v -2.121250 -0.618259 3.069840 0.749020 0.749020 0.749020
vn -3.372426 3.133159 -0.007658
v -2.126200 -1.713560 2.630610 0.749020 0.749020 0.749020
vn -3.458922 2.989145 0.872188
v -2.126150 -1.703810 2.549740 0.749020 0.749020 0.749020
vn -2.654126 1.343504 2.744937
v -1.998810 -1.628220 2.449920 0.749020 0.749020 0.749020
vn -3.616769 1.347826 2.745112
v -2.125810 -1.627640 2.449920 0.749020 0.749020 0.749020
vn -1.577952 -1.560329 1.574229
v -2.123770 -1.176500 2.917680 0.749020 0.749020 0.749020
vn -1.563721 1.581240 1.567488
v -2.123220 -1.054780 2.917420 0.749020 0.749020 0.749020
vn -3.495589 0.009347 -3.092438
v -1.993330 -0.414321 2.995410 0.749020 0.749020 0.749020
vn -2.757911 -1.112141 -2.870040
v -2.120460 -0.442527 3.000620 0.749020 0.749020 0.749020
vn -2.748212 -2.128864 -2.211216
v -2.120570 -0.466810 3.016110 0.749020 0.749020 0.749020
vn -2.727914 -2.833600 -1.158942
v -2.120640 -0.483317 3.040240 0.749020 0.749020 0.749020
vn -3.508866 -3.077309 0.009794
v -1.993670 -0.489344 3.071360 0.749020 0.749020 0.749020
vn -2.802230 -3.079566 0.010076
v -2.120670 -0.488770 3.071360 0.749020 0.749020 0.749020
vn -3.068740 -3.121522 0.143091
v -1.990810 0.143978 2.613520 0.749020 0.749020 0.749020
vn -2.633766 1.189620 -2.804210
v -1.986850 1.020650 2.806480 0.749020 0.749020 0.749020
vn -3.638545 1.194941 -2.805729
v -2.113850 1.021230 2.806480 0.749020 0.749020 0.749020
vn -2.579077 2.424826 -1.819927
v -1.987030 0.981804 2.777020 0.749020 0.749020 0.749020
vn -3.682264 2.429690 -1.820308
v -2.114030 0.982378 2.777020 0.749020 0.749020 0.749020
vn -3.345699 -3.060194 0.568632
v -1.983640 1.732410 2.760850 0.749020 0.749020 0.749020
vn -2.965570 -3.061946 0.568483
v -2.110640 1.732990 2.760850 0.749020 0.749020 0.749020
vn -3.359418 -2.587241 1.730388
v -1.983410 1.784120 2.890420 0.749020 0.749020 0.749020
vn -3.347556 -2.190333 2.215781
v -1.983200 1.829240 2.945110 0.749020 0.749020 0.749020
vn -2.947526 -2.588512 1.730227
v -2.110410 1.784700 2.890420 0.749020 0.749020 0.749020
vn -2.942652 -1.703603 2.610788
v -2.109960 1.884760 2.990000 0.749020 0.749020 0.749020
vn -3.333345 -0.537739 3.078408
v -1.982370 2.014460 3.041150 0.749020 0.749020 0.749020
vn -3.497616 0.007272 -3.092530
v -1.982040 2.087990 2.427290 0.749020 0.749020 0.749020
vn -3.556637 -1.141008 -2.849308
v -1.982490 1.986440 2.445850 0.749020 0.749020 0.749020
vn -2.736856 -1.145090 -2.849992
v -2.109490 1.987010 2.445850 0.749020 0.749020 0.749020
vn -3.550409 -2.171857 -2.167491
v -1.982870 1.904100 2.501060 0.749020 0.749020 0.749020
vn -2.748237 -2.847189 -1.136307
v -2.110110 1.850190 2.583990 0.749020 0.749020 0.749020
vn -3.511054 -3.075804 0.007857
v -1.983190 1.831610 2.685740 0.749020 0.749020 0.749020
vn -2.786826 0.018977 3.092213
v -2.109030 2.089660 2.941630 0.749020 0.749020 0.749020
vn -3.494300 0.012913 -3.092801
v -2.109030 2.089510 2.872400 0.749020 0.749020 0.749020
vn -2.752039 -2.159769 2.182801
v -2.109860 1.905460 2.869140 0.749020 0.749020 0.749020
vn -2.746583 -2.839817 1.153252
v -2.110110 1.850630 2.786930 0.749020 0.749020 0.749020
vn -2.800338 -3.079732 0.007953
v -2.110190 1.832190 2.685740 0.749020 0.749020 0.749020
vn -3.536498 2.868505 -1.152032
v -2.109820 1.915350 2.759550 0.749020 0.749020 0.749020
vn -3.480473 3.108304 -0.010785
v -2.109880 1.901900 2.685590 0.749020 0.749020 0.749020
vn -3.533680 2.878720 1.128714
v -2.109820 1.914970 2.610790 0.749020 0.749020 0.749020
vn -2.752741 -2.175411 -2.167361
v -2.109860 1.904680 2.501060 0.749020 0.749020 0.749020
vn -3.496860 0.022809 3.092742
v -2.109030 2.088710 2.496520 0.749020 0.749020 0.749020
vn -2.731664 2.184852 -2.181938
v -2.108200 2.273480 2.500030 0.749020 0.749020 0.749020
vn -3.509010 -3.077055 0.005891
v -2.108180 2.277290 2.684790 0.749020 0.749020 0.749020
vn -3.554426 -2.160404 -2.176739
v -2.108420 2.224440 2.819220 0.749020 0.749020 0.749020
vn -2.733458 2.188100 2.179051
v -2.108200 2.274030 2.868350 0.749020 0.749020 0.749020
vn -2.730197 1.160720 2.854641
v -2.108570 2.191330 2.923190 0.749020 0.749020 0.749020
vn -4.547814 1.839199 1.548644
v -1.988320 0.696303 3.067040 0.749020 0.749020 0.749020
vn -2.829036 -2.974066 0.831111
v -2.129370 -2.417370 2.772340 0.749020 0.749020 0.749020
vn -2.790539 -2.510230 1.784238
v -2.129200 -2.378100 2.856990 0.749020 0.749020 0.749020
vn -2.891907 -1.859660 2.489832
v -2.129050 -2.345660 2.888700 0.749020 0.749020 0.749020
vn -3.254948 -0.045865 3.135767
v -2.001340 -2.189660 2.931780 0.749020 0.749020 0.749020
vn -2.665805 -1.310158 2.749591
v -1.998270 -1.507760 2.449590 0.749020 0.749020 0.749020
vn -3.559858 0.021838 3.072906
v -2.125540 -1.567180 2.436970 0.749020 0.749020 0.749020
vn -3.629461 -1.305918 2.749590
v -2.125260 -1.507180 2.449590 0.749020 0.749020 0.749020
vn -2.723351 -2.399213 1.899297
v -1.998060 -1.461430 2.487760 0.749020 0.749020 0.749020
vn -2.825082 -2.958591 0.879270
v -1.997920 -1.431760 2.548780 0.749020 0.749020 0.749020
vn -3.581363 -2.395152 1.898895
v -2.125060 -1.460860 2.487760 0.749020 0.749020 0.749020
vn -3.478847 3.108473 -0.006827
v -1.992990 -0.338974 3.071040 0.749020 0.749020 0.749020
vn -2.776369 3.105372 -0.006768
v -2.119990 -0.338401 3.071040 0.749020 0.749020 0.749020
vn -3.525273 1.128507 -2.874586
v -1.993200 -0.385519 3.000500 0.749020 0.749020 0.749020
vn -2.747812 1.125042 -2.874667
v -2.120200 -0.384946 3.000500 0.749020 0.749020 0.749020
vn -2.950547 -0.195053 3.120131
v -1.991390 0.014709 2.435380 0.749020 0.749020 0.749020
vn -3.334454 -0.193373 3.120442
v -2.118390 0.015282 2.435380 0.749020 0.749020 0.749020
vn -2.662891 -1.189090 2.803908
v -1.991120 0.074848 2.445250 0.749020 0.749020 0.749020
vn -3.692343 -2.386343 1.842251
v -2.117940 0.115017 2.475150 0.749020 0.749020 0.749020
vn -2.612448 -2.391200 1.842141
v -1.990940 0.114444 2.475150 0.749020 0.749020 0.749020
vn -3.450182 -3.005476 0.728367
v -2.117840 0.137063 2.529700 0.749020 0.749020 0.749020
vn -3.080101 -0.329185 -3.121675
v -1.986290 1.145670 2.812180 0.749020 0.749020 0.749020
vn -3.094333 -0.155717 -3.135720
v -1.986430 1.114350 2.814630 0.749020 0.749020 0.749020
vn -2.964283 0.195695 -3.124858
v -1.986580 1.082430 2.815590 0.749020 0.749020 0.749020
vn -3.333777 -0.552242 -3.075631
v -1.982380 2.012940 2.328110 0.749020 0.749020 0.749020
vn -2.954422 -0.553981 -3.075894
v -2.109370 2.013510 2.328110 0.749020 0.749020 0.749020
vn -3.353189 -1.145081 -2.900079
v -1.982680 1.944480 2.347590 0.749020 0.749020 0.749020
vn -2.940546 -1.147101 -2.901708
v -2.109680 1.945060 2.347590 0.749020 0.749020 0.749020
vn -2.955376 -2.204379 -2.203662
v -2.110210 1.828710 2.425170 0.749020 0.749020 0.749020
vn -3.359348 -2.596877 -1.715135
v -1.983410 1.783250 2.480220 0.749020 0.749020 0.749020
vn -3.360614 -2.892933 -1.144667
v -1.983560 1.751230 2.542030 0.749020 0.749020 0.749020
vn -3.326579 -3.115135 0.007521
v -1.983670 1.725820 2.685970 0.749020 0.749020 0.749020
vn -3.312904 0.008358 -3.129936
v -2.109030 2.090220 2.978680 0.749020 0.749020 0.749020
vn -2.954721 -0.539441 3.078103
v -2.109370 2.015030 3.041150 0.749020 0.749020 0.749020
vn -2.940815 -1.132128 2.907333
v -2.109680 1.946500 3.022010 0.749020 0.749020 0.749020
vn -3.326690 2.220760 -2.215613
v -2.109980 1.879930 2.895760 0.749020 0.749020 0.749020
vn -2.955713 -2.192554 2.216198
v -2.110200 1.829820 2.945110 0.749020 0.749020 0.749020
vn -3.335941 2.617055 -1.730799
v -2.110140 1.843360 2.851450 0.749020 0.749020 0.749020
vn -2.948505 -2.887933 1.161453
v -2.110550 1.752420 2.829000 0.749020 0.749020 0.749020
vn -3.317828 3.090317 -0.568780
v -2.110330 1.801450 2.746470 0.749020 0.749020 0.749020
vn -3.298522 3.145408 -0.007272
v -2.110350 1.796110 2.685820 0.749020 0.749020 0.749020
vn -2.985186 -3.116560 0.007629
v -2.110670 1.726400 2.685970 0.749020 0.749020 0.749020
vn -2.966087 -3.064937 -0.552601
v -2.110640 1.732660 2.610620 0.749020 0.749020 0.749020
vn -3.316962 3.093271 0.553192
v -2.110330 1.801190 2.624900 0.749020 0.749020 0.749020
vn -3.333849 2.922818 1.145037
v -2.110260 1.816700 2.569380 0.749020 0.749020 0.749020
vn -2.949176 -2.894808 -1.144766
v -2.110550 1.751810 2.542030 0.749020 0.749020 0.749020
vn -2.947127 -2.599146 -1.715106
v -2.110410 1.783820 2.480220 0.749020 0.749020 0.749020
vn -3.326541 2.237057 2.199971
v -2.109980 1.879030 2.474540 0.749020 0.749020 0.749020
vn -2.942579 -1.717420 -2.601738
v -2.109960 1.883460 2.379940 0.749020 0.749020 0.749020
vn -3.330081 0.586797 3.074220
v -2.109310 2.028310 2.395610 0.749020 0.749020 0.749020
vn -2.970543 0.007015 -3.130276
v -2.109030 2.088820 2.321500 0.749020 0.749020 0.749020
vn -3.352961 -1.140094 2.903934
v -2.108510 2.204680 2.410960 0.749020 0.749020 0.749020
vn -2.928215 1.730452 -2.610849
v -2.108110 2.294250 2.379060 0.749020 0.749020 0.749020
vn -3.354077 -1.707818 2.607066
v -2.108290 2.254610 2.437060 0.749020 0.749020 0.749020
vn -2.935982 2.217265 -2.217355
v -2.107860 2.349380 2.424060 0.749020 0.749020 0.749020
vn -3.359016 -2.586289 1.731310
v -2.107920 2.336050 2.518210 0.749020 0.749020 0.749020
vn -2.922227 2.914008 -1.161675
v -2.107510 2.427140 2.540590 0.749020 0.749020 0.749020
vn -3.360763 -2.885445 1.162949
v -2.107800 2.362360 2.568210 0.749020 0.749020 0.749020
vn -3.345619 -3.059972 0.569384
v -2.107730 2.378200 2.623670 0.749020 0.749020 0.749020
vn -2.923267 2.618754 1.724504
v -2.107650 2.395590 2.889120 0.749020 0.749020 0.749020
vn -3.346666 -2.197512 -2.208804
v -2.108080 2.300410 2.894870 0.749020 0.749020 0.749020
vn -2.930858 1.170925 2.902512
v -2.108380 2.233890 3.021400 0.749020 0.749020 0.749020
vn -2.949754 0.579800 3.075552
v -2.108690 2.165490 3.040830 0.749020 0.749020 0.749020
vn -2.970998 0.020437 3.130022
v -2.109030 2.090370 3.047420 0.749020 0.749020 0.749020
vn -3.484060 3.107215 -0.003688
v -1.980870 2.346430 2.684640 0.749020 0.749020 0.749020
vn -3.536443 2.868793 -1.150852
v -1.980950 2.327930 2.582670 0.749020 0.749020 0.749020
vn -2.720591 2.865379 -1.150958
v -2.107950 2.328510 2.582670 0.749020 0.749020 0.749020
vn -3.531986 2.188575 -2.181728
v -1.981200 2.272910 2.500030 0.749020 0.749020 0.749020
vn -2.728540 1.151373 -2.858235
v -2.108570 2.190610 2.445360 0.749020 0.749020 0.749020
vn -2.785581 0.004030 -3.091619
v -2.109040 2.088560 2.427290 0.749020 0.749020 0.749020
vn -1.420427 -1.316592 1.554506
v -2.115860 0.575786 3.086390 0.749020 0.749020 0.749020
vn -3.261920 -3.117682 0.173378
v -2.002430 -2.429500 2.666150 0.749020 0.749020 0.749020
vn -2.725635 -2.410643 -1.884983
v -1.998050 -1.460820 2.772090 0.749020 0.749020 0.749020
vn -3.483921 -2.959970 -0.866536
v -2.124920 -1.430840 2.710870 0.749020 0.749020 0.749020
vn -3.579130 -2.407360 -1.885456
v -2.125050 -1.460250 2.772090 0.749020 0.749020 0.749020
vn -2.664202 -1.327078 -2.740548
v -1.998260 -1.506990 2.810680 0.749020 0.749020 0.749020
vn -3.562325 0.008540 -3.072430
v -2.125530 -1.566350 2.823630 0.749020 0.749020 0.749020
vn -1.563741 1.574510 -1.574160
v -2.123230 -1.056010 2.340400 0.749020 0.749020 0.749020
vn -1.577851 -1.567028 -1.567399
v -2.123780 -1.177740 2.340660 0.749020 0.749020 0.749020
vn -3.148579 0.386743 3.120500
v -1.991800 -0.074782 2.442130 0.749020 0.749020 0.749020
vn -3.099453 0.337297 3.124494
v -1.991680 -0.047938 2.438800 0.749020 0.749020 0.749020
vn -3.087282 0.190300 3.134499
v -1.991540 -0.018406 2.436350 0.749020 0.749020 0.749020
vn -1.577857 -1.567021 -1.567405
v -2.113130 1.181630 2.335630 0.749020 0.749020 0.749020
vn -4.548964 -1.821980 -1.543930
v -2.113120 1.182640 2.806720 0.749020 0.749020 0.749020
vn -3.224627 0.262976 3.128652
v -1.986300 1.142180 2.922200 0.749020 0.749020 0.749020
vn -3.075830 0.492736 3.102809
v -2.113030 1.204350 2.914690 0.749020 0.749020 0.749020
vn -3.169088 0.638727 3.078799
v -1.985790 1.257460 2.904650 0.749020 0.749020 0.749020
vn -3.108428 0.638454 3.078598
v -2.112780 1.258030 2.904650 0.749020 0.749020 0.749020
vn -4.490687 1.926776 1.530661
v -1.985570 1.303980 2.894480 0.749020 0.749020 0.749020
vn -3.190345 -0.155490 -3.135968
v -2.113430 1.114930 2.814630 0.749020 0.749020 0.749020
vn -3.317208 0.196769 -3.124325
v -2.113570 1.083000 2.815590 0.749020 0.749020 0.749020
vn -3.056267 0.262158 3.129167
v -2.113300 1.142750 2.922200 0.749020 0.749020 0.749020
vn -3.176654 -0.478159 -3.102447
v -2.113160 1.173990 2.808240 0.749020 0.749020 0.749020
vn -3.206154 -0.328631 -3.120802
v -2.113290 1.146250 2.812180 0.749020 0.749020 0.749020
vn -1.563740 1.574510 -1.574150
v -2.112580 1.303360 2.335370 0.749020 0.749020 0.749020
vn -2.891822 -1.859807 2.489460
v -2.114330 0.915919 2.881740 0.749020 0.749020 0.749020
vn -2.906583 -1.188966 2.878047
v -2.114140 0.957590 2.905370 0.749020 0.749020 0.749020
vn -3.418877 3.045638 -0.693286
v -2.114120 0.961077 2.722170 0.749020 0.749020 0.749020
vn -3.204710 3.150834 -0.127795
v -2.114160 0.954333 2.637450 0.749020 0.749020 0.749020
vn -3.049358 -3.118788 0.173492
v -2.114700 0.832651 2.659190 0.749020 0.749020 0.749020
vn -3.298821 3.144976 -0.005873
v -1.980390 2.452710 2.684420 0.749020 0.749020 0.749020
vn -3.317466 3.090459 -0.567984
v -1.980420 2.446090 2.609090 0.749020 0.749020 0.749020
vn -2.937507 3.088692 -0.568127
v -2.107420 2.446670 2.609090 0.749020 0.749020 0.749020
vn -3.336595 2.615754 -1.731775
v -1.980650 2.394140 2.478910 0.749020 0.749020 0.749020
vn -2.923220 2.614635 -1.731957
v -2.107650 2.394710 2.478910 0.749020 0.749020 0.749020
vn -3.342253 1.162663 -2.906641
v -1.981390 2.231880 2.346970 0.749020 0.749020 0.749020
vn -3.328649 0.569735 -3.077900
v -1.981700 2.163400 2.327790 0.749020 0.749020 0.749020
vn -2.930567 1.160668 -2.906521
v -2.108390 2.232450 2.346970 0.749020 0.749020 0.749020
vn -2.949494 0.567764 -3.077584
v -2.108700 2.163970 2.327790 0.749020 0.749020 0.749020
vn -3.312634 0.008648 -3.130117
v -1.982040 2.088250 2.321500 0.749020 0.749020 0.749020
vn -4.719409 -1.552728 -1.567493
v -2.002430 -2.430190 2.343330 0.749020 0.749020 0.749020
vn -1.577844 -1.567042 -1.567421
v -2.129430 -2.429620 2.343330 0.749020 0.749020 0.749020
vn -2.798297 2.982288 -0.884988
v -1.999150 -1.704040 2.711070 0.749020 0.749020 0.749020
vn -2.747769 1.137001 2.869951
v -2.120200 -0.384644 3.141770 0.749020 0.749020 0.749020
vn -2.702055 2.851399 -1.170462
v -2.120010 -0.343987 3.039940 0.749020 0.749020 0.749020
vn -2.729224 2.144153 -2.220318
v -2.120090 -0.360597 3.015890 0.749020 0.749020 0.749020
vn -2.787586 0.006153 -3.092515
v -2.120330 -0.413747 2.995410 0.749020 0.749020 0.749020
vn -2.753389 -2.129262 2.212854
v -2.120570 -0.466575 3.126210 0.749020 0.749020 0.749020
vn -2.785184 0.015399 3.091799
v -2.120330 -0.413424 3.146980 0.749020 0.749020 0.749020
vn -2.728877 2.153578 2.211144
v -2.120090 -0.360361 3.126280 0.749020 0.749020 0.749020
vn -3.057589 -0.235612 -3.129081
v -2.118660 -0.044765 2.328770 0.749020 0.749020 0.749020
vn -3.076882 -0.472393 -3.101951
v -2.118940 -0.106060 2.336290 0.749020 0.749020 0.749020
vn -3.210636 -0.471832 -3.099254
v -1.991940 -0.106634 2.336290 0.749020 0.749020 0.749020
vn -3.180451 -0.631075 -3.074183
v -1.992180 -0.159868 2.346470 0.749020 0.749020 0.749020
vn -3.108492 -0.631352 -3.074132
v -2.119180 -0.159295 2.346470 0.749020 0.749020 0.749020
vn -4.498216 -1.900917 -1.528226
v -1.992390 -0.206239 2.357080 0.749020 0.749020 0.749020
vn -3.026722 0.077218 -3.135530
v -2.118350 0.025790 2.326160 0.749020 0.749020 0.749020
vn -3.131183 0.386806 3.119018
v -2.118800 -0.074209 2.442130 0.749020 0.749020 0.749020
vn -3.180740 0.337797 3.123764
v -2.118680 -0.047364 2.438800 0.749020 0.749020 0.749020
vn -3.194251 0.190560 3.135741
v -2.118540 -0.017833 2.436350 0.749020 0.749020 0.749020
vn -4.591863 1.770880 1.557503
v -2.118840 -0.083754 2.443230 0.749020 0.749020 0.749020
vn -3.631094 -1.184630 2.803738
v -2.118120 0.075422 2.445250 0.749020 0.749020 0.749020
vn -2.937774 0.567400 -3.076136
v -2.118070 0.087410 2.330950 0.749020 0.749020 0.749020
vn -3.242670 -3.120641 0.143032
v -2.117810 0.144551 2.613520 0.749020 0.749020 0.749020
vn -1.563691 1.581273 1.567454
v -2.117260 0.266325 2.914600 0.749020 0.749020 0.749020
vn -2.973258 3.145677 -0.004422
v -2.124310 -1.295270 2.629720 0.749020 0.749020 0.749020
vn -2.822705 2.412690 -1.969488
v -2.124650 -1.371810 2.410590 0.749020 0.749020 0.749020
vn -3.353487 1.828348 -2.542109
v -1.997830 -1.412070 2.375100 0.749020 0.749020 0.749020
vn -2.922834 1.238249 -2.873563
v -2.125040 -1.458170 2.349020 0.749020 0.749020 0.749020
vn -3.343115 0.618310 -3.066413
v -1.998280 -1.511140 2.333020 0.749020 0.749020 0.749020
vn -1.577766 -1.560076 1.574068
v -2.119390 -0.204474 2.915610 0.749020 0.749020 0.749020
vn -1.563750 1.581502 1.567540
v -2.118830 -0.082746 2.915340 0.749020 0.749020 0.749020
vn -1.775320 1.914307 1.531242
v -2.112570 1.304550 2.894480 0.749020 0.749020 0.749020
vn -4.705313 1.588669 -1.574096
v -1.985580 1.302790 2.335370 0.749020 0.749020 0.749020
vn -2.633889 1.189523 -2.804271
v -2.001570 -2.240930 2.813440 0.749020 0.749020 0.749020
vn -3.418696 3.045498 -0.693233
v -2.128850 -2.300500 2.729130 0.749020 0.749020 0.749020
vn -3.344761 0.639446 3.062361
v -1.998280 -1.510240 2.927270 0.749020 0.749020 0.749020
vn -2.948769 0.018881 3.127116
v -2.125530 -1.566120 2.932830 0.749020 0.749020 0.749020
vn -3.347193 1.259886 2.865229
v -1.998040 -1.457840 2.910820 0.749020 0.749020 0.749020
vn -2.924803 1.257878 2.865490
v -2.125040 -1.457270 2.910820 0.749020 0.749020 0.749020
vn -3.351938 1.841642 2.533053
v -1.997830 -1.411060 2.884320 0.749020 0.749020 0.749020
vn -2.914392 1.839607 2.532824
v -2.124830 -1.410480 2.884320 0.749020 0.749020 0.749020
vn -2.820460 2.423365 1.955203
v -2.124650 -1.370880 2.848580 0.749020 0.749020 0.749020
vn -2.850524 2.893517 1.175305
v -2.124400 -1.314990 2.752390 0.749020 0.749020 0.749020
vn -3.300468 3.103648 0.505175
v -1.997330 -1.300700 2.693800 0.749020 0.749020 0.749020
vn -2.955006 3.102344 0.504989
v -2.124330 -1.300130 2.693800 0.749020 0.749020 0.749020
vn -3.281809 3.147134 -0.004553
v -1.997310 -1.295840 2.629720 0.749020 0.749020 0.749020
vn -1.802241 -1.913016 -1.527884
v -2.119390 -0.205666 2.357080 0.749020 0.749020 0.749020
vn -3.176888 -0.478717 -3.101967
v -2.127890 -2.087590 2.815200 0.749020 0.749020 0.749020
vn -3.110914 -0.478695 -3.102717
v -2.000890 -2.088170 2.815200 0.749020 0.749020 0.749020
vn -3.206166 -0.329319 -3.121481
v -2.128010 -2.115330 2.819140 0.749020 0.749020 0.749020
vn -3.190293 -0.155572 -3.136134
v -2.128150 -2.146660 2.821590 0.749020 0.749020 0.749020
vn -3.339300 -2.931354 1.050195
v -1.999670 -1.819480 2.753170 0.749020 0.749020 0.749020
vn -2.970112 -2.933226 1.050452
v -2.126670 -1.818910 2.753170 0.749020 0.749020 0.749020
vn -3.361414 -2.296178 2.102133
v -1.999420 -1.763190 2.848820 0.749020 0.749020 0.749020
vn -2.942384 -2.298357 2.101834
v -2.126420 -1.762620 2.848820 0.749020 0.749020 0.749020
vn -3.363627 -1.802571 2.540014
v -1.999240 -1.723210 2.884460 0.749020 0.749020 0.749020
vn -2.935761 -1.804155 2.540283
v -2.126240 -1.722640 2.884460 0.749020 0.749020 0.749020
vn -3.358517 -1.225815 2.867563
v -1.999030 -1.676240 2.910990 0.749020 0.749020 0.749020
vn -3.352621 -0.601614 3.063177
v -1.998790 -1.623620 2.927430 0.749020 0.749020 0.749020
vn -2.936145 -0.603586 3.062798
v -2.125790 -1.623040 2.927430 0.749020 0.749020 0.749020
vn -3.003356 -3.119135 0.008293
v -2.126760 -1.838860 2.630880 0.749020 0.749020 0.749020
vn -2.984432 -3.074348 0.512640
v -2.126740 -1.833800 2.694870 0.749020 0.749020 0.749020
vn -2.870954 -2.866919 -1.174667
v -2.126670 -1.819440 2.507620 0.749020 0.749020 0.749020
vn -3.558479 2.432487 1.893372
v -2.126020 -1.674180 2.488510 0.749020 0.749020 0.749020
vn -2.934599 0.616633 -3.066416
v -2.125280 -1.510570 2.333020 0.749020 0.749020 0.749020
vn -2.913420 1.826436 -2.542259
v -2.124830 -1.411500 2.375100 0.749020 0.749020 0.749020
vn -2.848204 2.886312 -1.191466
v -2.124400 -1.315520 2.505950 0.749020 0.749020 0.749020
vn -3.484709 -2.955995 0.879234
v -2.124920 -1.431190 2.548780 0.749020 0.749020 0.749020
vn -2.953166 3.100270 -0.516072
v -2.124330 -1.300400 2.564470 0.749020 0.749020 0.749020
vn -3.397394 -3.103220 0.005773
v -2.124880 -1.421170 2.629990 0.749020 0.749020 0.749020
vn -3.631199 -1.322840 -2.740597
v -2.125260 -1.506410 2.810680 0.749020 0.749020 0.749020
vn -2.932756 0.637615 3.061691
v -2.125280 -1.509670 2.927270 0.749020 0.749020 0.749020
vn -3.618392 1.341769 -2.747752
v -2.125800 -1.626870 2.810860 0.749020 0.749020 0.749020
vn -2.935984 -1.227660 2.867389
v -2.126020 -1.675660 2.910990 0.749020 0.749020 0.749020
vn -3.556036 2.428200 -1.900032
v -2.126020 -1.673570 2.772250 0.749020 0.749020 0.749020
vn -3.457650 2.985626 -0.885109
v -2.126150 -1.703460 2.711070 0.749020 0.749020 0.749020
vn -2.955420 -2.677838 1.591205
v -2.126560 -1.794930 2.804800 0.749020 0.749020 0.749020
vn -4.719389 -1.552831 -1.567504
v -2.000850 -2.080520 2.342590 0.749020 0.749020 0.749020
vn -1.577857 -1.567045 -1.567442
v -2.127850 -2.079950 2.342590 0.749020 0.749020 0.749020
vn -3.202941 0.493413 3.103048
v -2.000750 -2.057810 2.921650 0.749020 0.749020 0.749020
vn -3.075796 0.492784 3.103420
v -2.127750 -2.057230 2.921650 0.749020 0.749020 0.749020
vn -3.108402 0.638228 3.078557
v -2.127510 -2.003550 2.911610 0.749020 0.749020 0.749020
vn -3.028711 -0.046879 3.136067
v -2.128340 -2.189090 2.931780 0.749020 0.749020 0.749020
vn -3.317214 0.196717 -3.124325
v -2.128290 -2.178580 2.822550 0.749020 0.749020 0.749020
vn -3.638721 1.195077 -2.805608
v -2.128570 -2.240360 2.813440 0.749020 0.749020 0.749020
vn -3.056389 0.262273 3.128785
v -2.128030 -2.118830 2.929160 0.749020 0.749020 0.749020
vn -4.548599 -1.822285 -1.543864
v -2.127850 -2.078950 2.813680 0.749020 0.749020 0.749020
vn -1.775305 1.914300 1.531202
v -2.127300 -1.957030 2.901440 0.749020 0.749020 0.749020
vn -1.563614 1.574527 -1.574103
v -2.127300 -1.958220 2.342330 0.749020 0.749020 0.749020
vn -2.906579 -1.189008 2.878032
v -2.128860 -2.303990 2.912330 0.749020 0.749020 0.749020
vn -2.944455 -0.532867 3.077540
v -2.128630 -2.252120 2.926990 0.749020 0.749020 0.749020
vn -3.682006 2.430448 -1.819975
v -2.128750 -2.279200 2.783980 0.749020 0.749020 0.749020
vn -3.049321 -3.118571 0.173409
v -2.129430 -2.428930 2.666150 0.749020 0.749020 0.749020
vn -1.563610 1.574530 -1.574094
v -2.128880 -2.307890 2.343070 0.749020 0.749020 0.749020
vn -3.204834 3.151135 -0.128159
v -2.128880 -2.307250 2.644410 0.749020 0.749020 0.749020
vn -3.331111 0.006903 -3.127649
v -1.998540 -1.567990 2.327770 0.749020 0.749020 0.749020
vn -3.350310 -0.606875 -3.062557
v -1.998800 -1.624880 2.333330 0.749020 0.749020 0.749020
vn -2.952086 0.004961 -3.127337
v -2.125540 -1.567410 2.327770 0.749020 0.749020 0.749020
vn -2.938386 -0.608917 -3.062660
v -2.125790 -1.624310 2.333330 0.749020 0.749020 0.749020
vn -2.935679 -1.229440 -2.866235
v -2.126030 -1.676860 2.349780 0.749020 0.749020 0.749020
vn -2.933394 -1.809210 -2.536528
v -2.126240 -1.723720 2.376290 0.749020 0.749020 0.749020
vn -3.462923 -2.389242 -1.962129
v -1.999420 -1.764120 2.412020 0.749020 0.749020 0.749020
vn -2.841783 -2.392202 -1.962054
v -2.126420 -1.763550 2.412020 0.749020 0.749020 0.749020
vn -3.438018 -2.864682 -1.174552
v -1.999680 -1.820010 2.507620 0.749020 0.749020 0.749020
vn -3.327184 -3.075373 -0.497390
v -1.999740 -1.834650 2.566050 0.749020 0.749020 0.749020
vn -2.983613 -3.076744 -0.497435
v -2.126740 -1.834080 2.566050 0.749020 0.749020 0.749020
vn -2.936160 2.219616 -2.215983
v -1.982980 1.879350 2.895760 0.749020 0.749020 0.749020
vn -2.928084 1.732955 -2.609618
v -1.982780 1.923830 2.932140 0.749020 0.749020 0.749020
vn -3.554676 -1.123053 2.857922
v -1.982490 1.987460 2.923630 0.749020 0.749020 0.749020
vn -2.930168 1.162718 -2.905557
v -1.982550 1.973700 2.958090 0.749020 0.749020 0.749020
vn -2.948974 0.568736 -3.077543
v -1.982300 2.028970 2.973600 0.749020 0.749020 0.749020
vn -3.496243 0.021981 3.092077
v -1.982030 2.089080 2.941630 0.749020 0.749020 0.749020
vn -3.542434 1.164299 2.854167
v -1.981570 2.190750 2.923190 0.749020 0.749020 0.749020
vn -2.943929 -1.714811 -2.603750
v -1.981280 2.255410 2.931440 0.749020 0.749020 0.749020
vn -2.947347 -2.594190 -1.723020
v -1.980920 2.336320 2.850390 0.749020 0.749020 0.749020
vn -3.538728 2.869688 1.146611
v -1.980950 2.328310 2.785900 0.749020 0.749020 0.749020
vn -2.948216 -2.891620 -1.152307
v -1.980800 2.362340 2.800520 0.749020 0.749020 0.749020
vn -2.964863 -3.064185 -0.557166
v -1.980730 2.377900 2.745240 0.749020 0.749020 0.749020
vn -2.965108 -3.061979 0.569290
v -1.980730 2.377630 2.623670 0.749020 0.749020 0.749020
vn -2.948321 -2.887294 1.163080
v -1.980800 2.361790 2.568210 0.749020 0.749020 0.749020
vn -2.947948 -2.588351 1.731749
v -1.980920 2.335470 2.518210 0.749020 0.749020 0.749020
vn -3.544360 1.155007 -2.858387
v -1.981580 2.190040 2.445360 0.749020 0.749020 0.749020
vn -2.968966 0.019811 3.129089
v -1.982030 2.088390 2.390240 0.749020 0.749020 0.749020
vn -2.947915 0.584999 3.074765
v -1.982310 2.027740 2.395610 0.749020 0.749020 0.749020
vn -2.927394 1.750612 2.597244
v -1.982780 1.922770 2.437760 0.749020 0.749020 0.749020
vn -3.560504 -2.843595 -1.136103
v -1.983110 1.849620 2.583990 0.749020 0.749020 0.749020
vn -2.723213 0.017824 3.073153
v -1.998540 -1.567750 2.436970 0.749020 0.749020 0.749020
vn -2.882747 3.131327 -0.007426
v -1.999200 -1.714130 2.630610 0.749020 0.749020 0.749020
vn -2.703002 2.429186 1.893617
v -1.999020 -1.674750 2.488510 0.749020 0.749020 0.749020
vn -2.797507 2.985551 0.871999
v -1.999150 -1.704380 2.549740 0.749020 0.749020 0.749020
vn -2.705056 2.424432 -1.900196
v -1.999020 -1.674150 2.772250 0.749020 0.749020 0.749020
vn -2.652622 1.337395 -2.747657
v -1.998810 -1.627450 2.810860 0.749020 0.749020 0.749020
vn -2.913683 -3.105853 0.005589
v -1.997880 -1.421740 2.629990 0.749020 0.749020 0.749020
vn -2.720864 0.005012 -3.072165
v -1.998530 -1.566930 2.823630 0.749020 0.749020 0.749020
vn -2.826476 -2.962766 -0.866473
v -1.997920 -1.431420 2.710870 0.749020 0.749020 0.749020
vn -3.289592 -0.412225 -3.103941
v -1.989460 0.443438 2.328180 0.749020 0.749020 0.749020
vn -4.705192 1.588706 -1.574204
v -2.001880 -2.308470 2.343070 0.749020 0.749020 0.749020
vn -3.497904 0.018599 3.091856
v -1.993330 -0.413997 3.146980 0.749020 0.749020 0.749020
vn -3.343687 -0.531206 3.078021
v -2.001630 -2.252700 2.926990 0.749020 0.749020 0.749020
vn -3.387252 -1.186743 2.877897
v -2.001860 -2.304560 2.912330 0.749020 0.749020 0.749020
vn -1.578191 -1.560333 1.574463
v -2.004710 -2.935350 5.427700 0.749020 0.749020 0.749020
vn -3.408463 -1.857192 2.489655
v -2.002050 -2.346240 2.888700 0.749020 0.749020 0.749020
vn -3.515147 -2.507607 1.784223
v -2.002200 -2.378670 2.856990 0.749020 0.749020 0.749020
vn -3.480881 -2.970072 0.831121
v -2.002370 -2.417940 2.772340 0.749020 0.749020 0.749020
vn -1.750887 -1.834694 -1.543730
v -2.000850 -2.079520 2.813680 0.749020 0.749020 0.749020
vn -3.050171 3.150463 -0.128046
v -2.001880 -2.307820 2.644410 0.749020 0.749020 0.749020
vn -3.080113 -0.329832 -3.120548
v -2.001010 -2.115910 2.819140 0.749020 0.749020 0.749020
vn -3.094335 -0.155731 -3.135701
v -2.001150 -2.147230 2.821590 0.749020 0.749020 0.749020
vn -2.836702 3.043023 -0.693196
v -2.001850 -2.301080 2.729130 0.749020 0.749020 0.749020
vn -2.964272 0.195698 -3.124895
v -2.001300 -2.179150 2.822550 0.749020 0.749020 0.749020
vn -2.579014 2.424821 -1.819908
v -2.001750 -2.279780 2.783980 0.749020 0.749020 0.749020
vn -3.308440 -3.117423 0.008118
v -1.999760 -1.839440 2.630880 0.749020 0.749020 0.749020
vn -3.168996 0.638500 3.079246
v -2.000510 -2.004130 2.911610 0.749020 0.749020 0.749020
vn -3.334293 0.020823 3.126609
v -1.998530 -1.566690 2.932830 0.749020 0.749020 0.749020
vn -3.577894 -2.823579 1.172572
v -1.996810 -1.184890 3.103570 0.749020 0.749020 0.749020
vn -3.508645 -3.076473 0.009340
v -1.996830 -1.190470 3.072850 0.749020 0.749020 0.749020
vn -3.581089 -2.827740 -1.157918
v -1.996810 -1.185020 3.041740 0.749020 0.749020 0.749020
vn -3.441109 2.426121 1.955225
v -1.997650 -1.371450 2.848580 0.749020 0.749020 0.749020
vn -3.406193 2.896378 1.175512
v -1.997400 -1.315570 2.752390 0.749020 0.749020 0.749020
vn -4.719488 -1.546120 1.574020
v -1.996770 -1.177080 2.917680 0.749020 0.749020 0.749020
vn -3.301624 3.101467 -0.516070
v -1.997330 -1.300980 2.564470 0.749020 0.749020 0.749020
vn -3.409221 2.889021 -1.191243
v -1.997400 -1.316090 2.505950 0.749020 0.749020 0.749020
vn -3.438407 2.415498 -1.969897
v -1.997660 -1.372390 2.410590 0.749020 0.749020 0.749020
vn -3.349293 1.240035 -2.872718
v -1.998040 -1.458740 2.349020 0.749020 0.749020 0.749020
vn -4.719402 -1.552863 -1.567475
v -1.996780 -1.178310 2.340660 0.749020 0.749020 0.749020
vn -3.224515 0.263122 3.129027
v -2.001030 -2.119400 2.929160 0.749020 0.749020 0.749020
vn -3.540295 -1.108767 2.868287
v -1.996620 -1.143930 3.143320 0.749020 0.749020 0.749020
vn -3.352439 -2.676036 1.591173
v -1.999570 -1.795510 2.804800 0.749020 0.749020 0.749020
vn -4.490732 1.926534 1.531211
v -2.000300 -1.957600 2.901440 0.749020 0.749020 0.749020
vn -3.326973 -3.072916 0.512715
v -1.999740 -1.834380 2.694870 0.749020 0.749020 0.749020
vn -4.705193 1.588639 -1.574149
v -2.000300 -1.958800 2.342330 0.749020 0.749020 0.749020
vn -3.366088 -1.807152 -2.536305
v -1.999240 -1.724290 2.376290 0.749020 0.749020 0.749020
vn -3.358598 -1.227560 -2.864981
v -1.999030 -1.677430 2.349780 0.749020 0.749020 0.749020
vn -3.555191 2.860183 1.158749
v -1.993020 -0.344427 3.102150 0.749020 0.749020 0.749020
vn -4.705140 1.595554 1.567429
v -1.991840 -0.083320 2.915340 0.749020 0.749020 0.749020
vn -3.555443 2.855017 -1.170385
v -1.993020 -0.344560 3.039940 0.749020 0.749020 0.749020
vn -3.534665 2.147374 -2.220544
v -1.993090 -0.361170 3.015890 0.749020 0.749020 0.749020
vn -3.535388 -1.108589 -2.869906
v -1.993460 -0.443101 3.000620 0.749020 0.749020 0.749020
vn -3.554219 -2.125331 -2.211100
v -1.993570 -0.467383 3.016110 0.749020 0.749020 0.749020
vn -4.719425 -1.546202 1.574207
v -1.993610 -0.475951 2.916180 0.749020 0.749020 0.749020
vn -3.580855 -2.827148 -1.157615
v -1.993640 -0.483890 3.040240 0.749020 0.749020 0.749020
vn -4.547735 1.839314 1.547437
v -1.994250 -0.618832 3.069840 0.749020 0.749020 0.749020
vn -4.874717 -1.300835 1.554494
v -1.994800 -0.739922 3.089200 0.749020 0.749020 0.749020
vn -3.525924 1.140417 2.869559
v -1.996360 -1.086340 3.143270 0.749020 0.749020 0.749020
vn -3.497192 0.018649 3.092030
v -1.996490 -1.115120 3.148470 0.749020 0.749020 0.749020
vn -3.534858 2.157127 2.211258
v -1.993090 -0.360935 3.126280 0.749020 0.749020 0.749020
vn -3.525217 1.140537 2.869948
v -1.993200 -0.385217 3.141770 0.749020 0.749020 0.749020
vn -3.340348 0.569212 -3.075107
v -1.991070 0.086837 2.330950 0.749020 0.749020 0.749020
vn -3.265826 -0.821857 -3.023432
v -1.989650 0.402060 2.336990 0.749020 0.749020 0.749020
vn -3.244146 -1.146100 -2.913829
v -1.989800 0.367700 2.348770 0.749020 0.749020 0.749020
vn -3.376556 1.227243 -2.873918
v -1.990840 0.138036 2.345610 0.749020 0.749020 0.749020
vn -4.756228 -1.093456 1.870904
v -1.989820 0.364430 2.459100 0.749020 0.749020 0.749020
vn -3.462721 2.991604 -0.859977
v -1.990320 0.252902 2.485590 0.749020 0.749020 0.749020
vn -4.719444 -1.552997 -1.567495
v -1.989820 0.363985 2.809970 0.749020 0.749020 0.749020
vn -4.705225 1.595408 1.567367
v -1.990260 0.265752 2.914600 0.749020 0.749020 0.749020
vn -4.719415 -1.546342 1.574406
v -1.989820 0.364208 2.914390 0.749020 0.749020 0.749020
vn -1.675465 1.757928 1.557074
v -1.991840 -0.084327 2.443230 0.749020 0.749020 0.749020
vn -2.860256 -3.007837 0.728215
v -1.990840 0.136489 2.529700 0.749020 0.749020 0.749020
vn -4.719498 -1.546070 1.574217
v -1.992390 -0.205047 2.915610 0.749020 0.749020 0.749020
vn -3.227782 -0.234754 -3.128941
v -1.991670 -0.045338 2.328770 0.749020 0.749020 0.749020
vn -4.705177 1.588755 -1.574019
v -1.993060 -0.355455 2.338910 0.749020 0.749020 0.749020
vn -3.325979 0.521799 -3.086533
v -1.994940 -0.770405 2.331730 0.749020 0.749020 0.749020
vn -3.202995 0.493060 3.103817
v -1.986030 1.203780 2.914690 0.749020 0.749020 0.749020
vn -4.719395 -1.552831 -1.567474
v -1.986130 1.181060 2.335630 0.749020 0.749020 0.749020
vn -4.705257 1.588707 -1.574147
v -1.987160 0.953116 2.336110 0.749020 0.749020 0.749020
vn -3.387393 -1.186785 2.877683
v -1.987140 0.957017 2.905370 0.749020 0.749020 0.749020
vn -3.408196 -1.857306 2.489789
v -1.987330 0.915346 2.881740 0.749020 0.749020 0.749020
vn -3.515392 -2.507330 1.784326
v -1.987480 0.882907 2.850030 0.749020 0.749020 0.749020
vn -3.218612 3.149302 -0.149676
v -1.988320 0.695225 2.562220 0.749020 0.749020 0.749020
vn -3.262031 -3.117543 0.173369
v -1.987700 0.832078 2.659190 0.749020 0.749020 0.749020
vn -3.050112 3.150528 -0.128011
v -1.987160 0.953760 2.637450 0.749020 0.749020 0.749020
vn -3.110964 -0.478336 -3.102534
v -1.986160 1.173410 2.808240 0.749020 0.749020 0.749020
vn -2.836907 3.043037 -0.693283
v -1.987130 0.960504 2.722170 0.749020 0.749020 0.749020
vn -1.750986 -1.834615 -1.543726
v -1.986120 1.182060 2.806720 0.749020 0.749020 0.749020
vn -3.335998 2.621123 1.724871
v -1.980650 2.395010 2.889120 0.749020 0.749020 0.749020
vn -1.563641 1.581217 1.567426
v -1.978090 2.961510 5.415120 0.749020 0.749020 0.749020
vn -3.339190 1.740752 2.605416
v -1.981100 2.294980 2.989120 0.749020 0.749020 0.749020
vn -3.341870 1.172931 2.902632
v -1.981380 2.233320 3.021400 0.749020 0.749020 0.749020
vn -3.352783 -1.130371 2.907555
v -1.982680 1.945920 3.022010 0.749020 0.749020 0.749020
vn -4.705269 1.595422 1.567383
v -1.984300 1.586060 3.096760 0.749020 0.749020 0.749020
vn -3.356154 -1.701891 2.611001
v -1.982960 1.884180 2.990000 0.749020 0.749020 0.749020
vn -3.360545 -2.885848 1.161373
v -1.983550 1.751850 2.829000 0.749020 0.749020 0.749020
vn -4.705310 1.588706 -1.574084
v -1.984310 1.584430 2.334760 0.749020 0.749020 0.749020
vn -3.344563 -3.063115 -0.552503
v -1.983640 1.732090 2.610620 0.749020 0.749020 0.749020
vn -3.348044 -2.202839 -2.203660
v -1.983210 1.828130 2.425170 0.749020 0.749020 0.749020
vn -3.356352 -1.715568 -2.601803
v -1.982960 1.882880 2.379940 0.749020 0.749020 0.749020
vn -1.521690 4.181420 -0.185357
v -1.978140 2.951180 0.579643 0.749020 0.749020 0.749020
vn -3.339527 1.732368 -2.610867
v -1.981110 2.293680 2.379060 0.749020 0.749020 0.749020
vn -3.326924 2.219411 -2.217535
v -1.980860 2.348800 2.424060 0.749020 0.749020 0.749020
vn -3.334907 2.916194 -1.161605
v -1.980510 2.426570 2.540590 0.749020 0.749020 0.749020
vn -3.041096 0.884716 3.014797
v -1.989590 0.414222 2.443770 0.749020 0.749020 0.749020
vn -2.943782 -0.103553 3.123227
v -1.989280 0.482525 2.434380 0.749020 0.749020 0.749020
vn -2.968126 0.472924 3.096532
v -1.989460 0.443670 2.436780 0.749020 0.749020 0.749020
vn -4.874629 -1.300898 1.554525
v -1.988860 0.575213 3.086390 0.749020 0.749020 0.749020
vn -3.218570 3.149262 -0.149708
v -1.994260 -0.619910 2.565030 0.749020 0.749020 0.749020
vn -3.649171 2.372848 -1.915033
v -1.994450 -0.662949 2.389390 0.749020 0.749020 0.749020
vn -4.719426 -1.546157 1.574044
v -1.995750 -0.950927 2.917200 0.749020 0.749020 0.749020
vn -3.066261 -3.121122 0.147061
v -1.994800 -0.741038 2.566480 0.749020 0.749020 0.749020
vn -4.756590 -1.093027 1.870664
v -1.995750 -0.950705 2.461910 0.749020 0.749020 0.749020
vn -4.719455 -1.552848 -1.567427
v -1.995750 -0.951150 2.812770 0.749020 0.749020 0.749020
vn -4.705272 1.595395 1.567117
v -1.996220 -1.055350 2.917420 0.749020 0.749020 0.749020
vn -2.592761 -2.302071 1.940460
v -1.994910 -0.764235 2.461510 0.749020 0.749020 0.749020
vn -2.828471 -2.986828 0.781680
v -1.994830 -0.747147 2.499960 0.749020 0.749020 0.749020
vn -3.265606 -0.822071 -3.023087
v -1.995580 -0.913075 2.339800 0.749020 0.749020 0.749020
vn -1.577849 -1.560326 1.574131
v -1.994800 -0.740290 2.916750 0.749020 0.749020 0.749020
vn -3.478944 3.109347 -0.007067
v -1.996160 -1.040100 3.072530 0.749020 0.749020 0.749020
vn -3.555675 2.859553 1.158923
v -1.996180 -1.045550 3.103650 0.749020 0.749020 0.749020
vn -3.534328 2.157237 2.211198
v -1.996250 -1.062060 3.127770 0.749020 0.749020 0.749020
vn -3.535482 -1.109164 -2.869302
v -1.996620 -1.144230 3.002120 0.749020 0.749020 0.749020
vn -3.495601 0.008954 -3.092922
v -1.996500 -1.115450 2.996910 0.749020 0.749020 0.749020
vn -3.065673 0.240048 3.283008
v 1.230250 -0.401066 1.493060 0.749020 0.749020 0.749020
vn -3.068214 -0.198380 3.286793
v 1.233830 0.381381 1.491390 0.749020 0.749020 0.749020
vn -3.195854 -0.249690 -3.152524
v 1.231600 0.395732 1.435250 0.749020 0.749020 0.749020
vn -3.205028 0.007975 -3.150813
v 1.245590 -0.010033 1.435790 0.749020 0.749020 0.749020
vn 5.680109 2.306564 0.099999
v 1.766600 2.854980 4.087390 0.749020 0.749020 0.749020
vn 3.281113 -3.137795 -0.301388
v 1.751630 2.707510 2.875430 0.749020 0.749020 0.749020
vn 3.301734 -3.054662 0.690246
v 1.743690 2.675330 2.497480 0.749020 0.749020 0.749020
vn 3.323062 -2.661592 1.605368
v 1.735840 2.526160 2.148760 0.749020 0.749020 0.749020
vn 3.332096 -2.362398 2.004439
v 1.732180 2.411960 1.996590 0.749020 0.749020 0.749020
vn 3.341337 -2.003429 2.351272
v 1.728800 2.275050 1.864490 0.749020 0.749020 0.749020
vn 3.355400 -1.143333 2.852890
v 1.723360 1.947370 1.673380 0.749020 0.749020 0.749020
vn 3.364476 -0.169333 3.060976
v 1.720040 1.576250 1.594740 0.749020 0.749020 0.749020
vn 3.363352 -0.347519 3.045129
v 1.706700 -1.388540 1.606450 0.749020 0.749020 0.749020
vn 6.224269 0.584053 -0.129544
v 1.722040 2.795800 1.420270 0.749020 0.749020 0.749020
vn 4.337550 -4.342580 0.090807
v 1.709980 -2.913790 4.100270 0.749020 0.749020 0.749020
vn 4.290702 -4.309449 0.601071
v 1.698880 -2.913300 4.291760 0.749020 0.749020 0.749020
vn -2.854061 0.538176 3.801325
v 1.322320 -1.879140 1.494160 0.749020 0.749020 0.749020
vn -2.759692 0.943353 3.823292
v 1.204770 -2.418230 1.497690 0.749020 0.749020 0.749020
vn -1.667711 2.433776 3.798679
v 1.179120 -2.453210 1.498270 0.749020 0.749020 0.749020
vn 0.090592 2.995962 3.761439
v 1.137820 -2.466420 1.499160 0.749020 0.749020 0.749020
vn -0.332303 3.096143 2.881355
v 1.556940 -2.903580 1.491410 0.749020 0.749020 0.749020
vn -2.759448 3.758407 1.067384
v 1.244520 -2.900780 2.137590 0.749020 0.749020 0.749020
vn -1.449137 2.639177 2.642834
v 1.599110 -2.892500 1.490500 0.749020 0.749020 0.749020
vn -3.025799 0.426570 2.941966
v 1.641550 -2.819730 1.489480 0.749020 0.749020 0.749020
vn -3.072129 0.021002 3.281507
v 1.246760 -0.009906 1.491950 0.749020 0.749020 0.749020
vn -2.504863 -1.468761 3.797327
v 1.317450 -1.850770 1.494210 0.749020 0.749020 0.749020
vn -3.862766 -4.559078 0.071704
v 1.306960 -1.839620 1.438250 0.749020 0.749020 0.749020
vn -3.013538 -0.510611 -3.680425
v 1.321230 -1.864640 1.438000 0.749020 0.749020 0.749020
vn -3.193451 0.265096 -3.156493
v 1.227940 -0.415646 1.436980 0.749020 0.749020 0.749020
vn -3.037600 0.463900 3.293325
v 1.184400 -0.789889 1.494810 0.749020 0.749020 0.749020
vn -0.956173 -2.787749 3.769887
v 1.295480 -1.832130 1.494610 0.749020 0.749020 0.749020
vn -0.028493 -5.976592 -0.004827
v 1.279930 -1.829640 1.438780 0.749020 0.749020 0.749020
vn 3.819798 -4.594062 -0.087153
v 1.252800 -1.839370 1.439340 0.749020 0.749020 0.749020
vn -3.160586 0.519244 -3.165821
v 1.178690 -0.818642 1.438810 0.749020 0.749020 0.749020
vn -3.107929 0.765887 -3.180517
v 1.098190 -1.216580 1.441250 0.749020 0.749020 0.749020
vn -2.859080 1.136246 3.338109
v 0.874141 -1.920370 1.503500 0.749020 0.749020 0.749020
vn 2.912079 -0.928771 3.714738
v 1.071470 -2.374210 1.500350 0.749020 0.749020 0.749020
vn 0.000551 -0.000087 0.000660
v 1.070330 -2.374340 1.444190 0.749020 0.749020 0.749020
vn 1.826398 -2.417929 3.737095
v 1.097130 -2.339260 1.499720 0.749020 0.749020 0.749020
vn -2.996482 0.688989 3.308262
v 1.109470 -1.174140 1.497130 0.749020 0.749020 0.749020
vn -2.936717 0.913738 3.322680
v 1.005840 -1.551710 1.500020 0.749020 0.749020 0.749020
vn 0.063512 -2.979433 3.777515
v 1.138450 -2.326000 1.498850 0.749020 0.749020 0.749020
vn 2.646086 -1.494029 3.692677
v 1.244520 -1.850410 1.495730 0.749020 0.749020 0.749020
vn 1.085694 -2.796701 3.726817
v 1.266670 -1.832000 1.495220 0.749020 0.749020 0.749020
vn -0.000363 0.000107 0.000817
v 1.178480 -2.339750 1.441910 0.749020 0.749020 0.749020
vn -1.689367 -2.400398 3.811328
v 1.179650 -2.339620 1.498040 0.749020 0.749020 0.749020
vn 2.002090 2.280998 3.699799
v 1.253670 -1.903810 1.495630 0.749020 0.749020 0.749020
vn 3.013376 0.509756 3.679491
v 1.239390 -1.878760 1.495880 0.749020 0.749020 0.749020
vn -2.018723 5.625128 0.013777
v 1.293950 -1.911400 1.438660 0.749020 0.749020 0.749020
vn -1.818400 2.295128 3.776123
v 1.307820 -1.904010 1.494540 0.749020 0.749020 0.749020
vn -2.776161 -0.901030 3.829942
v 1.204980 -2.374850 1.497580 0.749020 0.749020 0.749020
vn -0.000007 0.000638 -0.000697
v 1.203830 -2.374980 1.441450 0.749020 0.749020 0.749020
vn 0.086787 2.987746 3.735742
v 1.280690 -1.913760 1.495100 0.749020 0.749020 0.749020
vn -0.000062 -0.000099 -0.000434
v 1.177980 -2.453340 1.442140 0.749020 0.749020 0.749020
vn -2.677795 -3.325387 1.660099
v 0.795985 -2.955920 1.661770 0.749020 0.749020 0.749020
vn -2.738433 3.346276 1.490514
v 0.835203 -2.899820 1.728780 0.749020 0.749020 0.749020
vn -2.898334 3.355100 1.148034
v 0.947877 -2.899840 1.963830 0.749020 0.749020 0.749020
vn -3.016213 3.360278 0.788267
v 1.031040 -2.899690 2.210870 0.749020 0.749020 0.749020
vn 2.338604 3.736056 1.857984
v 1.172440 -2.900500 2.126410 0.749020 0.749020 0.749020
vn 2.801689 -3.754653 0.970164
v 1.165120 -2.956610 2.139340 0.749020 0.749020 0.749020
vn -2.993396 -3.341878 0.981202
v 1.004240 -2.955900 2.120520 0.749020 0.749020 0.749020
vn 2.991441 3.729486 -0.070988
v 1.163140 -2.900370 2.153690 0.749020 0.749020 0.749020
vn 2.261085 3.727440 -1.969611
v 1.173560 -2.900400 2.180540 0.749020 0.749020 0.749020
vn 2.760564 -3.758972 -1.068676
v 1.165710 -2.956540 2.168140 0.749020 0.749020 0.749020
vn -3.087908 -3.345972 0.617429
v 1.066320 -2.955670 2.365120 0.749020 0.749020 0.749020
vn -0.595242 -3.747807 -2.915018
v 1.213160 -2.956690 2.194260 0.749020 0.749020 0.749020
vn -3.139165 -3.350417 0.244545
v 1.099130 -2.955290 2.615340 0.749020 0.749020 0.749020
vn -3.117522 3.369016 0.042631
v 1.104420 -2.898900 2.726000 0.749020 0.749020 0.749020
vn -3.089449 3.366722 0.418104
v 1.083490 -2.899380 2.466190 0.749020 0.749020 0.749020
vn 0.475202 3.734820 -2.951088
v 1.198780 -2.900480 2.194430 0.749020 0.749020 0.749020
vn -2.339157 -3.736621 -1.858543
v 1.237820 -2.956840 2.179320 0.749020 0.749020 0.749020
vn -3.144306 -3.355636 -0.131790
v 1.102210 -2.954780 2.867660 0.749020 0.749020 0.749020
vn -3.101367 3.370009 -0.334008
v 1.093520 -2.898320 2.986460 0.749020 0.749020 0.749020
vn -2.784927 3.363594 -1.413689
v 0.873862 -2.895750 3.732910 0.749020 0.749020 0.749020
vn -2.595471 3.358096 -1.739503
v 0.741959 -2.894630 3.957750 0.749020 0.749020 0.749020
vn -3.030262 5.233724 -0.069035
v 1.652960 -2.887190 4.101390 0.749020 0.749020 0.749020
vn -2.568711 1.535913 2.668314
v 1.630070 -2.861820 1.489810 0.749020 0.749020 0.749020
vn -5.142656 2.983358 -0.714476
v 1.673050 -2.856050 4.288080 0.749020 0.749020 0.749020
vn -6.057714 0.826754 -0.834427
v 1.684430 -2.813990 4.289530 0.749020 0.749020 0.749020
vn -5.219489 3.021443 -0.103397
v 1.683920 -2.856510 4.100700 0.749020 0.749020 0.749020
vn -3.308232 -3.106886 0.313812
v 1.670740 -2.760600 2.892150 0.749020 0.749020 0.749020
vn -3.344516 -2.650434 -1.575547
v 1.656030 -2.578450 2.138380 0.749020 0.749020 0.749020
vn -3.357184 -2.008610 -2.321187
v 1.651080 -2.322370 1.840710 0.749020 0.749020 0.749020
vn -3.360641 -1.608216 -2.609579
v 1.649430 -2.162500 1.725700 0.749020 0.749020 0.749020
vn -3.364624 -0.696602 -2.980816
v 1.648050 -1.798880 1.577470 0.749020 0.749020 0.749020
vn -0.361401 -3.080169 2.893973
v 1.583230 2.880820 1.479120 0.749020 0.749020 0.749020
vn -1.475749 -2.615256 2.654088
v 1.625270 2.869340 1.478280 0.749020 0.749020 0.749020
vn -3.064549 -5.170549 -0.406576
v 1.668530 2.875080 4.271720 0.749020 0.749020 0.749020
vn -3.078866 -5.205458 -0.046973
v 1.679120 2.874640 4.089170 0.749020 0.749020 0.749020
vn -0.871331 -6.161581 -0.102796
v 1.626850 2.886530 4.265950 0.749020 0.749020 0.749020
vn -0.861860 -6.166467 -0.003647
v 1.637060 2.886130 4.090010 0.749020 0.749020 0.749020
vn -2.771760 -3.825540 1.073642
v 1.270790 2.883610 2.125320 0.749020 0.749020 0.749020
vn -1.442092 -3.828238 2.593818
v 1.251810 2.883660 2.103630 0.749020 0.749020 0.749020
vn 0.555181 -3.836707 2.904552
v 1.223370 2.883790 2.099210 0.749020 0.749020 0.749020
vn -2.853976 0.538515 3.801848
v 1.339240 1.843910 1.486260 0.749020 0.749020 0.749020
vn -5.162271 3.011584 0.085130
v 1.333020 1.830100 1.430220 0.749020 0.749020 0.749020
vn -1.827442 2.297937 3.777473
v 1.324740 1.819050 1.486610 0.749020 0.749020 0.749020
vn -3.002596 -0.647667 3.309931
v 1.120040 1.155550 1.492170 0.749020 0.749020 0.749020
vn -1.664752 2.432693 3.801674
v 1.200810 2.320310 1.488160 0.749020 0.749020 0.749020
vn 1.845368 2.416362 3.728962
v 1.118310 2.320700 1.489860 0.749020 0.749020 0.749020
vn 0.091946 2.996662 3.761518
v 1.159480 2.307130 1.489020 0.749020 0.749020 0.749020
vn -3.041915 -0.422167 3.294835
v 1.191490 0.770611 1.491490 0.749020 0.749020 0.749020
vn 0.090630 2.988691 3.734602
v 1.297610 1.809320 1.487170 0.749020 0.749020 0.749020
vn 2.000454 2.280392 3.697128
v 1.270580 1.819300 1.487730 0.749020 0.749020 0.749020
vn 3.012690 0.511566 3.681271
v 1.256280 1.844320 1.487960 0.749020 0.749020 0.749020
vn 5.188463 2.964175 -0.129655
v 1.260070 1.830430 1.431750 0.749020 0.749020 0.749020
vn 2.643549 -1.494811 3.692667
v 1.261420 1.872670 1.487810 0.749020 0.749020 0.749020
vn 1.083871 -2.797971 3.726284
v 1.283590 1.891080 1.487300 0.749020 0.749020 0.749020
vn -2.755852 0.944761 3.825091
v 1.226460 2.355290 1.487550 0.749020 0.749020 0.749020
vn 0.001101 -0.000485 -0.000344
v 1.225320 2.355190 1.431390 0.749020 0.749020 0.749020
vn 3.817397 -4.596544 -0.084540
v 1.269720 1.883720 1.431470 0.749020 0.749020 0.749020
vn -0.029495 -5.976210 -0.003082
v 1.296850 1.893440 1.430860 0.749020 0.749020 0.749020
vn -0.956803 -2.787964 3.769668
v 1.312390 1.890950 1.486710 0.749020 0.749020 0.749020
vn -3.862032 -4.561190 0.072142
v 1.323850 1.883460 1.430330 0.749020 0.749020 0.749020
vn -2.507271 -1.470562 3.798841
v 1.334360 1.872340 1.486310 0.749020 0.749020 0.749020
vn -5.888883 -1.010489 0.107497
v 1.338150 1.858440 1.430100 0.749020 0.749020 0.749020
vn 0.640323 6.220092 -0.025801
v 1.582320 2.936850 1.422860 0.749020 0.749020 0.749020
vn 0.655890 6.216883 -0.000896
v 1.637310 2.942260 4.089880 0.749020 0.749020 0.749020
vn -2.990705 3.380317 -0.887475
v 1.046050 2.943400 3.352090 0.749020 0.749020 0.749020
vn -2.694793 3.374314 -1.578418
v 0.848995 2.945260 3.815770 0.749020 0.749020 0.749020
vn 0.665289 6.213628 0.074040
v 1.627100 2.942690 4.265830 0.749020 0.749020 0.749020
vn 2.403983 5.660697 0.033458
v 1.690980 2.931340 4.088820 0.749020 0.749020 0.749020
vn 2.382970 5.682561 -0.060587
v 1.635990 2.925930 1.421790 0.749020 0.749020 0.749020
vn 4.376197 4.303423 0.072247
v 1.736400 2.900710 4.087930 0.749020 0.749020 0.749020
vn 5.405566 2.288893 1.625935
v 1.713280 2.856080 4.475760 0.749020 0.749020 0.749020
vn 5.912816 0.581620 1.784946
v 1.723260 2.802310 4.478960 0.749020 0.749020 0.749020
vn 5.595096 2.284950 0.761770
v 1.755220 2.855470 4.283660 0.749020 0.749020 0.749020
vn 6.119582 0.578454 0.838469
v 1.765550 2.801700 4.285230 0.749020 0.749020 0.749020
vn 5.063534 -2.327706 2.459945
v 1.615800 -2.866590 4.671060 0.749020 0.749020 0.749020
vn 5.907398 -0.627569 1.787738
v 1.697740 -2.813610 4.490870 0.749020 0.749020 0.749020
vn 6.113982 -0.630396 0.841501
v 1.740050 -2.814220 4.297170 0.749020 0.749020 0.749020
vn 5.572898 -2.333932 0.771652
v 1.729230 -2.867910 4.295830 0.749020 0.749020 0.749020
vn 3.320147 3.105890 0.184485
v 1.723140 -2.704640 2.696670 0.749020 0.749020 0.749020
vn 3.288487 2.871905 -1.281700
v 1.735050 -2.615260 3.255440 0.749020 0.749020 0.749020
vn 3.278965 2.642116 -1.725132
v 1.738930 -2.527760 3.424400 0.749020 0.749020 0.749020
vn 6.199160 -0.637520 0.116363
v 1.751530 -2.814700 4.099230 0.749020 0.749020 0.749020
vn 3.269303 2.344479 -2.126260
v 1.742620 -2.414500 3.577290 0.749020 0.749020 0.749020
vn 3.259490 1.987424 -2.475393
v 1.745970 -2.278350 3.710200 0.749020 0.749020 0.749020
vn 3.245672 1.130926 -2.981934
v 1.751460 -1.951860 3.903320 0.749020 0.749020 0.749020
vn 3.240386 0.652886 -3.127186
v 1.753440 -1.769770 3.958590 0.749020 0.749020 0.749020
vn 3.237112 0.158691 -3.189367
v 1.754840 -1.581230 3.984220 0.749020 0.749020 0.749020
vn 6.204875 0.580938 0.113986
v 1.777030 2.801240 4.087290 0.749020 0.749020 0.749020
vn 3.235101 -1.172846 -2.977260
v 1.769210 1.958640 3.895010 0.749020 0.749020 0.749020
vn 3.246944 -2.383887 -2.116306
v 1.764560 2.419930 3.567000 0.749020 0.749020 0.749020
vn 3.254564 -2.677861 -1.714051
v 1.761950 2.532580 3.413660 0.749020 0.749020 0.749020
vn 3.271548 -3.059571 -0.794771
v 1.755390 2.678230 3.063390 0.749020 0.749020 0.749020
vn 3.291861 -3.131278 0.197920
v 1.747720 2.706550 2.685160 0.749020 0.749020 0.749020
vn -3.309049 -3.104906 0.333589
v 1.551180 2.707440 2.689220 0.749020 0.749020 0.749020
vn -3.299070 -3.023712 0.826417
v 1.547190 2.676250 2.501520 0.749020 0.749020 0.749020
vn 3.312823 -2.894171 1.163527
v 1.739700 2.614700 2.317140 0.749020 0.749020 0.749020
vn -3.277681 -2.631013 1.740798
v 1.539290 2.527050 2.152830 0.749020 0.749020 0.749020
vn -3.251991 -1.562368 2.771470
v 1.529330 2.119730 1.759870 0.749020 0.749020 0.749020
vn 3.348873 -1.593228 2.636387
v 1.725850 2.118840 1.755830 0.749020 0.749020 0.749020
vn -3.240760 -0.634157 3.130994
v 1.524910 1.765860 1.623260 0.749020 0.749020 0.749020
vn 3.360258 -0.664547 2.994965
v 1.721410 1.764940 1.619230 0.749020 0.749020 0.749020
vn -3.234606 0.359744 3.180128
v 1.522780 1.386940 1.604620 0.749020 0.749020 0.749020
vn -3.234750 0.849980 3.083930
v 1.522650 1.200070 1.640590 0.749020 0.749020 0.749020
vn 3.358944 -0.838253 2.953139
v 1.708280 -1.201550 1.641650 0.749020 0.749020 0.749020
vn 3.366335 0.329661 3.043683
v 1.719300 1.386050 1.600560 0.749020 0.749020 0.749020
vn 3.365551 0.151671 3.060823
v 1.705710 -1.578790 1.601440 0.749020 0.749020 0.749020
vn 3.366358 0.646891 2.991385
v 1.705380 -1.767380 1.626720 0.749020 0.749020 0.749020
vn 3.366296 1.124699 2.847471
v 1.705690 -1.949600 1.681630 0.749020 0.749020 0.749020
vn 6.218586 -0.641679 -0.126955
v 1.696540 -2.820110 1.432180 0.749020 0.749020 0.749020
vn 3.339029 2.868517 1.151110
v 1.715970 -2.614300 2.328270 0.749020 0.749020 0.749020
vn 3.329577 3.026810 0.677200
v 1.719400 -2.674190 2.508830 0.749020 0.749020 0.749020
vn -3.280812 3.137690 0.320644
v 1.526620 -2.703730 2.700710 0.749020 0.749020 0.749020
vn -3.291339 3.135827 -0.178380
v 1.530530 -2.703930 2.890950 0.749020 0.749020 0.749020
vn -3.301734 3.057409 -0.671108
v 1.534540 -2.673880 3.078810 0.749020 0.749020 0.749020
vn 3.309460 3.108521 -0.314676
v 1.727050 -2.704820 2.886910 0.749020 0.749020 0.749020
vn 3.298916 3.027875 -0.807460
v 1.731060 -2.674770 3.074770 0.749020 0.749020 0.749020
vn 3.251944 1.579565 -2.763043
v 1.748940 -2.122830 3.819800 0.749020 0.749020 0.749020
vn -3.348791 1.609750 -2.626528
v 1.552420 -2.121920 3.823870 0.749020 0.749020 0.749020
vn -3.355444 1.161517 -2.846053
v 1.554940 -1.950950 3.907380 0.749020 0.749020 0.749020
vn -3.360769 0.683040 -2.990920
v 1.556920 -1.768880 3.962650 0.749020 0.749020 0.749020
vn -3.366391 -0.310669 -3.046258
v 1.559080 -1.390070 3.983610 0.749020 0.749020 0.749020
vn -3.366620 -0.801803 -2.955269
v 1.559230 -1.202990 3.948760 0.749020 0.749020 0.749020
vn 3.234087 -0.831820 -3.089615
v 1.755750 -1.203910 3.944700 0.749020 0.749020 0.749020
vn 3.242047 0.789282 -3.093021
v 1.766720 1.210890 3.939590 0.749020 0.749020 0.749020
vn 3.234687 -0.341121 -3.181652
v 1.755600 -1.390980 3.979550 0.749020 0.749020 0.749020
vn 3.247223 1.260360 -2.929150
v 1.764560 1.031470 3.876220 0.749020 0.749020 0.749020
vn 3.238022 0.298157 -3.182777
v 1.768270 1.398090 3.973630 0.749020 0.749020 0.749020
vn 3.235322 -0.200934 -3.196035
v 1.769210 1.588340 3.977490 0.749020 0.749020 0.749020
vn 3.234343 -0.695925 -3.123192
v 1.769540 1.776810 3.951050 0.749020 0.749020 0.749020
vn 3.237540 -1.620706 -2.755631
v 1.768270 2.129280 3.810790 0.749020 0.749020 0.749020
vn -3.358900 -1.997447 -2.330857
v 1.570180 2.285260 3.704570 0.749020 0.749020 0.749020
vn 3.242146 -2.027277 -2.466427
v 1.766720 2.284370 3.700530 0.749020 0.749020 0.749020
vn -3.346333 -2.649699 -1.579141
v 1.565430 2.533470 3.417700 0.749020 0.749020 0.749020
vn 3.262602 -2.907670 -1.269691
v 1.758820 2.619430 3.244340 0.749020 0.749020 0.749020
vn -2.964311 3.135479 0.323591
v 1.555700 2.763520 2.894940 0.749020 0.749020 0.749020
vn -3.320000 -3.106666 -0.164874
v 1.555110 2.708430 2.879470 0.749020 0.749020 0.749020
vn -2.995221 2.912736 -1.122880
v 1.543380 2.675050 2.317850 0.749020 0.749020 0.749020
vn -3.288509 -2.864196 1.299920
v 1.543180 2.615620 2.321230 0.749020 0.749020 0.749020
vn -3.268710 -2.331492 2.139621
v 1.535630 2.412870 2.000630 0.749020 0.749020 0.749020
vn -3.014835 2.404795 -1.962083
v 1.535560 2.472130 1.983330 0.749020 0.749020 0.749020
vn -3.022872 2.057449 -2.309940
v 1.532050 2.333980 1.843960 0.749020 0.749020 0.749020
vn -3.259820 -1.973529 2.488660
v 1.532310 2.275940 1.868530 0.749020 0.749020 0.749020
vn -3.245530 -1.112875 2.987494
v 1.526840 1.948260 1.677420 0.749020 0.749020 0.749020
vn -3.031010 1.661898 -2.602685
v 1.528950 2.175690 1.727960 0.749020 0.749020 0.749020
vn -3.236594 -0.139162 3.195923
v 1.523540 1.577160 1.598800 0.749020 0.749020 0.749020
vn -3.235806 1.319646 2.914981
v 1.523210 1.021310 1.705810 0.749020 0.749020 0.749020
vn 3.366241 0.820127 2.950850
v 1.719170 1.199190 1.636550 0.749020 0.749020 0.749020
vn 3.365301 1.289105 2.779032
v 1.719680 1.020420 1.701750 0.749020 0.749020 0.749020
vn -3.242205 -0.807734 3.088312
v 1.511760 -1.200660 1.645690 0.749020 0.749020 0.749020
vn -3.237678 -0.317042 3.181439
v 1.510180 -1.387650 1.610510 0.749020 0.749020 0.749020
vn -3.041662 0.770356 -2.977579
v 1.510460 -1.212290 1.584630 0.749020 0.749020 0.749020
vn -3.235475 0.182066 3.194147
v 1.509190 -1.577900 1.605480 0.749020 0.749020 0.749020
vn -3.046466 0.283740 -3.057968
v 1.508890 -1.406580 1.552300 0.749020 0.749020 0.749020
vn -3.048707 -0.210012 -3.061600
v 1.507950 -1.603500 1.550850 0.749020 0.749020 0.749020
vn -3.361785 0.285097 -3.050477
v 1.649270 -1.407210 1.549400 0.749020 0.749020 0.749020
vn -3.049224 -0.698237 -2.988539
v 1.507690 -1.798240 1.580360 0.749020 0.749020 0.749020
vn -3.234614 0.676922 3.127456
v 1.508860 -1.766490 1.630760 0.749020 0.749020 0.749020
vn -3.237457 1.604105 2.764771
v 1.510080 -2.119830 1.768880 0.749020 0.749020 0.749020
vn 3.363290 1.573881 2.630058
v 1.706600 -2.120720 1.764820 0.749020 0.749020 0.749020
vn 3.359359 1.982983 2.343024
v 1.708120 -2.276500 1.874160 0.749020 0.749020 0.749020
vn -3.241734 2.012842 2.478542
v 1.511610 -2.275590 1.878200 0.749020 0.749020 0.749020
vn 3.353688 2.340425 1.994438
v 1.710260 -2.412870 2.006830 0.749020 0.749020 0.749020
vn -3.254196 2.669950 1.730582
v 1.516360 -2.525550 2.163550 0.749020 0.749020 0.749020
vn 3.347111 2.639082 1.594002
v 1.712870 -2.526460 2.159510 0.749020 0.749020 0.749020
vn -3.271457 3.055901 0.813018
v 1.522880 -2.673300 2.512870 0.749020 0.749020 0.749020
vn -3.012657 -3.031424 -0.673989
v 1.522450 -2.728850 2.503650 0.749020 0.749020 0.749020
vn -3.317842 -3.110710 -0.179342
v 1.666670 -2.760520 2.695220 0.749020 0.749020 0.749020
vn -3.002156 -3.107327 -0.185918
v 1.526290 -2.759890 2.698120 0.749020 0.749020 0.749020
vn -2.992839 -3.109837 0.307624
v 1.530380 -2.759940 2.895040 0.749020 0.749020 0.749020
vn -2.981782 -3.031608 0.794844
v 1.534520 -2.729080 3.089530 0.749020 0.749020 0.749020
vn -3.312946 2.901730 -1.145684
v 1.538550 -2.614370 3.259530 0.749020 0.749020 0.749020
vn -2.971268 -2.878047 1.264098
v 1.538660 -2.668040 3.276730 0.749020 0.749020 0.749020
vn -3.322176 2.672271 -1.589277
v 1.542440 -2.526840 3.428440 0.749020 0.749020 0.749020
vn -2.961903 -2.653276 1.703412
v 1.542690 -2.578300 3.452010 0.749020 0.749020 0.749020
vn -3.287182 -2.875848 1.270471
v 1.679040 -2.668680 3.273830 0.749020 0.749020 0.749020
vn -2.951765 -2.361680 2.101419
v 1.546480 -2.462150 3.611020 0.749020 0.749020 0.749020
vn -3.331560 2.375439 -1.990794
v 1.546100 -2.413580 3.581320 0.749020 0.749020 0.749020
vn -3.341354 2.017481 -2.339093
v 1.549450 -2.277470 3.714270 0.749020 0.749020 0.749020
vn -2.943012 -2.012047 2.449870
v 1.549980 -2.322450 3.749800 0.749020 0.749020 0.749020
vn -3.267001 -2.360914 2.108789
v 1.686840 -2.462780 3.608120 0.749020 0.749020 0.749020
vn -2.936186 -1.611627 2.738136
v 1.553080 -2.162660 3.864910 0.749020 0.749020 0.749020
vn -3.251885 -1.610201 2.744733
v 1.693470 -2.163320 3.862050 0.749020 0.749020 0.749020
vn -2.928891 -1.170256 2.960053
v 1.555720 -1.986760 3.953510 0.749020 0.749020 0.749020
vn -2.923718 -0.700501 3.110625
v 1.557830 -1.799130 4.013350 0.749020 0.749020 0.749020
vn -3.363829 0.188314 -3.056953
v 1.558290 -1.580310 3.988260 0.749020 0.749020 0.749020
vn -2.919276 -0.212627 3.185652
v 1.559330 -1.604440 4.042990 0.749020 0.749020 0.749020
vn -2.917019 0.281225 3.180866
v 1.560190 -1.407490 4.041670 0.749020 0.749020 0.749020
vn -3.231704 0.769833 3.106523
v 1.700780 -1.213840 4.006490 0.749020 0.749020 0.749020
vn -2.916100 0.768363 3.099585
v 1.560420 -1.213180 4.009420 0.749020 0.749020 0.749020
vn -3.365660 -1.271767 -2.786219
v 1.558720 -1.023820 3.884650 0.749020 0.749020 0.749020
vn -3.353842 1.289488 -2.789285
v 1.568040 1.032360 3.880280 0.749020 0.749020 0.749020
vn -3.359154 0.819304 -2.958593
v 1.570180 1.211780 3.943630 0.749020 0.749020 0.749020
vn -2.929797 -1.206050 2.948044
v 1.569340 1.032000 3.941320 0.749020 0.749020 0.749020
vn -2.924566 -0.738437 3.099921
v 1.571420 1.218210 4.003240 0.749020 0.749020 0.749020
vn -3.362819 0.328597 -3.047319
v 1.571750 1.399010 3.977660 0.749020 0.749020 0.749020
vn -2.920594 -0.253312 3.181771
v 1.573000 1.411860 4.035250 0.749020 0.749020 0.749020
vn -2.917937 0.238558 3.184484
v 1.573910 1.608120 4.036570 0.749020 0.749020 0.749020
vn -2.917696 0.725229 3.109946
v 1.574190 1.802180 4.007100 0.749020 0.749020 0.749020
vn -3.365592 -0.170974 -3.057290
v 1.572690 1.589250 3.981530 0.749020 0.749020 0.749020
vn -3.366738 -0.665528 -2.988821
v 1.573020 1.777690 3.955110 0.749020 0.749020 0.749020
vn -2.918641 1.193980 2.962370
v 1.573840 1.989230 3.947640 0.749020 0.749020 0.749020
vn -3.365505 -1.142290 -2.840235
v 1.572690 1.959560 3.899050 0.749020 0.749020 0.749020
vn -3.363680 -1.590305 -2.619578
v 1.571750 2.130200 3.814850 0.749020 0.749020 0.749020
vn -2.925343 2.033034 2.454062
v 1.571190 2.324130 3.745250 0.749020 0.749020 0.749020
vn -2.937922 2.673890 1.711806
v 1.566270 2.580000 3.449220 0.749020 0.749020 0.749020
vn -3.353808 -2.352186 -1.978975
v 1.568040 2.420850 3.571060 0.749020 0.749020 0.749020
vn -3.338611 -2.877134 -1.133966
v 1.562330 2.620320 3.248410 0.749020 0.749020 0.749020
vn -3.329211 -3.031174 -0.658964
v 1.558870 2.679120 3.067460 0.749020 0.749020 0.749020
vn -2.954076 3.054563 0.808632
v 1.559540 2.731800 3.088590 0.749020 0.749020 0.749020
vn -3.268853 3.056918 0.815149
v 1.699900 2.731160 3.085670 0.749020 0.749020 0.749020
vn -3.260000 2.902182 1.282235
v 1.703450 2.669460 3.271980 0.749020 0.749020 0.749020
vn -3.278664 3.136392 0.329655
v 1.696060 2.762890 2.892040 0.749020 0.749020 0.749020
vn -2.582586 -1.501091 2.675591
v 1.655950 2.838350 1.477720 0.749020 0.749020 0.749020
vn -5.247257 -2.974224 -0.090631
v 1.709800 2.843660 4.088590 0.749020 0.749020 0.749020
vn -0.842861 -6.161922 -0.233275
v 1.589250 2.887070 4.438140 0.749020 0.749020 0.749020
vn -2.626122 -3.342426 -1.725564
v 0.768248 2.889760 3.945460 0.749020 0.749020 0.749020
vn -2.815162 -3.342480 -1.399115
v 0.900125 2.888670 3.720620 0.749020 0.749020 0.749020
vn -2.963588 -3.346007 -1.052598
v 1.003660 2.887700 3.481430 0.749020 0.749020 0.749020
vn -2.812602 -3.826694 -0.944227
v 1.271370 2.883660 2.154120 0.749020 0.749020 0.749020
vn -3.148091 -3.339464 0.056600
v 1.130680 2.885490 2.713740 0.749020 0.749020 0.749020
vn -2.776045 3.852255 -0.960428
v 1.271650 2.939820 2.154020 0.749020 0.749020 0.749020
vn -1.404743 3.850780 2.578820
v 1.252070 2.939820 2.103530 0.749020 0.749020 0.749020
vn -2.928579 -3.323313 1.161935
v 0.974141 2.884580 1.951530 0.749020 0.749020 0.749020
vn 2.239538 3.822509 -1.955291
v 1.200100 2.940150 2.168140 0.749020 0.749020 0.749020
vn 2.965341 3.826748 -0.068899
v 1.189660 2.940180 2.141300 0.749020 0.749020 0.749020
vn -2.962940 3.371528 0.967420
v 1.031010 2.940810 2.108000 0.749020 0.749020 0.749020
vn -2.825189 3.364004 1.316019
v 0.940460 2.940740 1.872460 0.749020 0.749020 0.749020
vn -2.768313 -3.316235 1.504573
v 0.861492 2.884580 1.716480 0.749020 0.749020 0.749020
vn -2.647419 3.354746 1.646133
v 0.822757 2.940790 1.649250 0.749020 0.749020 0.749020
vn 0.587794 3.841615 2.888912
v 1.223620 2.939950 2.099110 0.749020 0.749020 0.749020
vn -2.733219 3.853268 1.060295
v 1.271040 2.939770 2.125220 0.749020 0.749020 0.749020
vn -1.298998 0.956253 -0.649827
v 0.679526 2.941020 1.441450 0.749020 0.749020 0.749020
vn 0.000199 -0.000265 0.000262
v 1.200180 2.433780 1.431750 0.749020 0.749020 0.749020
vn -1.689154 -2.401475 3.809264
v 1.201320 2.433900 1.487910 0.749020 0.749020 0.749020
vn -2.767078 -0.902631 3.830778
v 1.226670 2.398700 1.487450 0.749020 0.749020 0.749020
vn 0.000094 0.000414 -0.000084
v 1.092000 2.399180 1.434060 0.749020 0.749020 0.749020
vn -2.955537 -1.194024 -2.826511
v 0.696316 2.341120 1.442340 0.749020 0.749020 0.749020
vn -3.797918 -1.092939 4.314533
v 0.721030 2.884780 1.496900 0.749020 0.749020 0.749020
vn -2.556059 -0.067918 -1.234937
v 0.677139 2.414700 1.442570 0.749020 0.749020 0.749020
vn -2.738835 -0.507289 4.434904
v 0.718490 2.332530 1.498070 0.749020 0.749020 0.749020
vn -5.510762 -1.165739 2.700725
v 0.699186 2.349450 1.467690 0.749020 0.749020 0.749020
vn -5.760418 -2.265659 0.907911
v 0.698424 2.338070 1.451920 0.749020 0.749020 0.749020
vn -5.676867 -1.730214 1.968060
v 0.698475 2.346680 1.464230 0.749020 0.749020 0.749020
vn -2.821361 -1.210148 3.340913
v 0.735736 2.263090 1.497840 0.749020 0.749020 0.749020
vn -2.869739 -1.095971 3.343464
v 0.891515 1.903880 1.495370 0.749020 0.749020 0.749020
vn 0.063602 -2.979554 3.777368
v 1.160150 2.447520 1.488720 0.749020 0.749020 0.749020
vn 2.914366 -0.928607 3.712435
v 1.093170 2.399310 1.490220 0.749020 0.749020 0.749020
vn 1.823732 -2.416790 3.738079
v 1.118820 2.434280 1.489610 0.749020 0.749020 0.749020
vn -3.047715 -0.989958 -3.194571
v 1.001450 1.589280 1.437590 0.749020 0.749020 0.749020
vn -2.944143 -0.873086 3.327056
v 1.019860 1.534030 1.493490 0.749020 0.749020 0.749020
vn 2.921081 0.917835 3.709937
v 1.092960 2.355930 1.490320 0.749020 0.749020 0.749020
vn -0.000146 -0.000155 0.000069
v 1.091820 2.355800 1.434160 0.749020 0.749020 0.749020
vn -3.115260 -0.751081 -3.178402
v 1.109170 1.197840 1.436140 0.749020 0.749020 0.749020
vn -3.166102 -0.503900 -3.164324
v 1.186050 0.799186 1.435380 0.749020 0.749020 0.749020
vn 0.000245 0.000253 0.000568
v 1.199640 2.320210 1.431980 0.749020 0.749020 0.749020
vn -2.960900 -1.219887 -3.211887
v 0.863549 1.971140 1.439650 0.749020 0.749020 0.749020
vn -2.804761 -0.529232 -1.712482
v 0.682574 2.376830 1.442540 0.749020 0.749020 0.749020
vn 2.282529 -3.847244 1.855472
v 1.198700 2.883890 2.114120 0.749020 0.749020 0.749020
vn 2.937895 -3.852646 -0.049858
v 1.189410 2.884020 2.141400 0.749020 0.749020 0.749020
vn -3.045707 -3.330706 0.802485
v 1.057330 2.884700 2.198570 0.749020 0.749020 0.749020
vn 0.436534 -3.848034 -2.908338
v 1.225070 2.883920 2.182160 0.749020 0.749020 0.749020
vn -3.119598 -3.335198 0.432690
v 1.109750 2.885030 2.453920 0.749020 0.749020 0.749020
vn -3.107385 3.381542 0.230456
v 1.125930 2.941450 2.602810 0.749020 0.749020 0.749020
vn -3.057184 3.376755 0.602675
v 1.093110 2.941070 2.352600 0.749020 0.749020 0.749020
vn 0.470231 3.832057 -2.923893
v 1.225320 2.940100 2.182040 0.749020 0.749020 0.749020
vn -3.113835 3.383446 -0.146109
v 1.128980 2.941960 2.855140 0.749020 0.749020 0.749020
vn -3.074426 3.383007 -0.520503
v 1.102230 2.942620 3.106070 0.749020 0.749020 0.749020
vn -3.130841 -3.342572 -0.319832
v 1.119780 2.886080 2.974190 0.749020 0.749020 0.749020
vn -3.069733 -3.345557 -0.691177
v 1.077240 2.886840 3.231340 0.749020 0.749020 0.749020
vn -2.863434 3.379156 -1.242167
v 0.961263 2.944270 3.589780 0.749020 0.749020 0.749020
vn -2.487072 3.365818 -1.892236
v 0.710819 2.946350 4.026940 0.749020 0.749020 0.749020
vn 2.321060 5.638978 0.681941
v 1.640890 2.932350 4.453610 0.749020 0.749020 0.749020
vn 2.401579 5.638380 0.314192
v 1.680290 2.931770 4.273170 0.749020 0.749020 0.749020
vn 4.328803 4.272515 0.582702
v 1.725290 2.901160 4.279420 0.749020 0.749020 0.749020
vn 5.554955 -0.625205 2.689808
v 1.625680 -2.812920 4.675580 0.749020 0.749020 0.749020
vn 5.065995 -0.620834 3.526431
v 1.525580 -2.812080 4.846750 0.749020 0.749020 0.749020
vn 5.384349 -2.331234 1.635635
v 1.687270 -2.867330 4.487900 0.749020 0.749020 0.749020
vn 5.658188 -2.359467 0.109870
v 1.740590 -2.868370 4.099560 0.749020 0.749020 0.749020
vn 2.271580 -5.656699 0.706470
v 1.614190 -2.943000 4.466080 0.749020 0.749020 0.749020
vn 0.588147 -6.218512 0.199999
v 1.562710 -2.953510 4.450540 0.749020 0.749020 0.749020
vn 2.354261 -5.681278 0.057319
v 1.664310 -2.944010 4.101260 0.749020 0.749020 0.749020
vn 2.352294 -5.657249 0.338931
v 1.653590 -2.943580 4.285640 0.749020 0.749020 0.749020
vn 0.609335 -6.218921 0.100655
v 1.600330 -2.954050 4.278350 0.749020 0.749020 0.749020
vn 0.600030 -6.222431 0.025183
v 1.610540 -2.954450 4.102410 0.749020 0.749020 0.749020
vn -2.259676 -3.730501 1.969582
v 1.236700 -2.956940 2.125190 0.749020 0.749020 0.749020
vn -2.996398 -3.727851 0.068688
v 1.247090 -2.956940 2.152070 0.749020 0.749020 0.749020
vn -2.855477 -3.332381 1.330444
v 0.913663 -2.956000 1.884980 0.749020 0.749020 0.749020
vn 0.595147 3.746789 2.914862
v 1.197080 -2.900660 2.111500 0.749020 0.749020 0.749020
vn 1.525794 -3.744320 2.556008
v 1.183180 -2.956740 2.116910 0.749020 0.749020 0.749020
vn -0.471610 -3.734299 2.952381
v 1.211450 -2.956870 2.111320 0.749020 0.749020 0.749020
vn -1.422404 3.754259 2.602685
v 1.225550 -2.900780 2.115920 0.749020 0.749020 0.749020
vn -2.802658 3.754540 -0.969387
v 1.245110 -2.900730 2.166420 0.749020 0.749020 0.749020
vn -1.532331 3.743559 -2.560022
v 1.227050 -2.900630 2.188840 0.749020 0.749020 0.749020
vn -0.805220 6.174222 -0.029290
v 1.610770 -2.898290 4.102300 0.749020 0.749020 0.749020
vn -3.105851 -3.356223 -0.505976
v 1.075440 -2.954100 3.118590 0.749020 0.749020 0.749020
vn -3.039017 3.370581 -0.705333
v 1.050980 -2.897580 3.243610 0.749020 0.749020 0.749020
vn -3.021222 -3.357761 -0.873454
v 1.019280 -2.953330 3.364640 0.749020 0.749020 0.749020
vn -2.933195 3.368181 -1.067096
v 0.977392 -2.896720 3.493690 0.749020 0.749020 0.749020
vn -2.725339 -3.355452 -1.564224
v 0.822198 -2.951460 3.828290 0.749020 0.749020 0.749020
vn -2.369720 3.349754 -2.041382
v 0.583641 -2.893520 4.164790 0.749020 0.749020 0.749020
vn -0.817818 6.167983 -0.128909
v 1.600580 -2.897890 4.278250 0.749020 0.749020 0.749020
vn -3.019234 5.196349 -0.428623
v 1.642360 -2.886760 4.283940 0.749020 0.749020 0.749020
vn -2.915842 5.195704 -0.899542
v 1.603350 -2.886200 4.462580 0.749020 0.749020 0.749020
vn -3.239043 -0.698961 3.116655
v 1.698190 -1.799770 4.010460 0.749020 0.749020 0.749020
vn -3.244249 -1.168989 2.966337
v 1.696110 -1.987420 3.950610 0.749020 0.749020 0.749020
vn -3.258610 -2.010335 2.456148
v 1.690370 -2.323080 3.746910 0.749020 0.749020 0.749020
vn -3.277393 -2.651792 1.709710
v 1.683060 -2.578960 3.449120 0.749020 0.749020 0.749020
vn -6.147305 0.834304 -0.115777
v 1.695400 -2.814420 4.100400 0.749020 0.749020 0.749020
vn -3.297018 -3.030507 0.801318
v 1.674880 -2.729710 3.086630 0.749020 0.749020 0.749020
vn -3.234685 -0.211154 3.185872
v 1.699690 -1.605080 4.040070 0.749020 0.749020 0.749020
vn -3.234685 -0.251855 3.187963
v 1.713360 1.411220 4.032350 0.749020 0.749020 0.749020
vn -3.232905 0.240384 3.185539
v 1.714300 1.607490 4.033670 0.749020 0.749020 0.749020
vn -3.238954 -0.737074 3.107790
v 1.711810 1.217570 4.000350 0.749020 0.749020 0.749020
vn -3.232524 0.282651 3.189111
v 1.700550 -1.408130 4.038750 0.749020 0.749020 0.749020
vn -3.233840 1.237541 2.949220
v 1.700380 -1.027020 3.944140 0.749020 0.749020 0.749020
vn -2.920043 1.674547 2.715980
v 1.558930 -0.851662 3.856100 0.749020 0.749020 0.749020
vn -2.918382 1.236050 2.943841
v 1.559990 -1.026390 3.947030 0.749020 0.749020 0.749020
vn 3.235594 -1.302074 -2.923737
v 1.755220 -1.024740 3.880590 0.749020 0.749020 0.749020
vn -3.346681 1.729042 -2.552872
v 1.565430 0.865302 3.789200 0.749020 0.749020 0.749020
vn 3.254112 1.698489 -2.687584
v 1.761950 0.864387 3.785130 0.749020 0.749020 0.749020
vn -2.936552 -1.642273 2.719868
v 1.566670 0.857758 3.851000 0.749020 0.749020 0.749020
vn -4.671850 1.595382 1.664393
v 1.699740 0.072390 3.669390 0.749020 0.749020 0.749020
vn -3.250965 -1.640464 2.725325
v 1.707030 0.857098 3.848100 0.749020 0.749020 0.749020
vn -3.244187 -1.203966 2.953011
v 1.709670 1.031340 3.938420 0.749020 0.749020 0.749020
vn -3.235611 1.675907 2.722952
v 1.699290 -0.852322 3.853180 0.749020 0.749020 0.749020
vn -2.924979 2.071204 2.422544
v 1.557250 -0.693445 3.738830 0.749020 0.749020 0.749020
vn -3.362026 -1.708962 -2.545295
v 1.557600 -0.857148 3.792860 0.749020 0.749020 0.749020
vn 3.239033 -1.739312 -2.680575
v 1.754120 -0.858037 3.788820 0.749020 0.749020 0.749020
vn 3.262278 2.093193 -2.383511
v 1.758850 0.713918 3.668670 0.749020 0.749020 0.749020
vn 3.243441 -2.132894 -2.374028
v 1.752400 -0.708050 3.671720 0.749020 0.749020 0.749020
vn -3.338604 2.123970 -2.247683
v 1.562330 0.714832 3.672740 0.749020 0.749020 0.749020
vn -2.944579 -2.037375 2.426829
v 1.563520 0.699821 3.734510 0.749020 0.749020 0.749020
vn -3.259143 -2.036430 2.433680
v 1.703910 0.699160 3.731620 0.749020 0.749020 0.749020
vn -3.277488 -2.667703 1.683822
v 1.696570 0.447294 3.432230 0.749020 0.749020 0.749020
vn -1.991252 -1.392460 2.314446
v 1.692550 0.359562 3.256710 0.749020 0.749020 0.749020
vn -1.510327 3.842590 -2.532963
v 1.436500 0.073254 3.500650 0.749020 0.749020 0.749020
vn -3.240666 2.072163 2.428333
v 1.697610 -0.694080 3.735930 0.749020 0.749020 0.749020
vn -2.930547 2.416072 2.069303
v 1.554960 -0.555600 3.598160 0.749020 0.749020 0.749020
vn -3.357399 -2.102737 -2.237929
v 1.555880 -0.707161 3.675760 0.749020 0.749020 0.749020
vn -3.351789 -2.442879 -1.872267
v 1.553590 -0.577672 3.536310 0.749020 0.749020 0.749020
vn 3.249289 -2.472680 -2.008413
v 1.750110 -0.578587 3.532280 0.749020 0.749020 0.749020
vn 3.271924 2.434773 -2.018948
v 1.755370 0.583895 3.529810 0.749020 0.749020 0.749020
vn -3.329253 2.464893 -1.882560
v 1.558870 0.584810 3.533850 0.749020 0.749020 0.749020
vn -3.267751 -2.381557 2.083555
v 1.700400 0.561442 3.591840 0.749020 0.749020 0.749020
vn -2.953584 -2.383171 2.077136
v 1.560020 0.562102 3.594730 0.749020 0.749020 0.749020
vn -3.320054 2.744418 -1.468723
v 1.555140 0.478511 3.376070 0.749020 0.749020 0.749020
vn -4.209310 -1.381809 2.359734
v 1.552170 0.360197 3.259610 0.749020 0.749020 0.749020
vn -2.963006 -2.668987 1.677150
v 1.556210 0.447954 3.435120 0.749020 0.749020 0.749020
vn 0.590607 3.843770 2.887899
v 1.406500 0.073203 3.423290 0.749020 0.749020 0.749020
vn -1.514394 4.723444 1.595129
v 1.550870 0.072212 3.260220 0.749020 0.749020 0.749020
vn -1.530729 1.581170 1.599510
v 1.691230 0.071552 3.257320 0.749020 0.749020 0.749020
vn -2.777519 3.850007 -0.959906
v 1.454530 0.073101 3.478200 0.749020 0.749020 0.749020
vn -2.770910 -3.824427 1.074419
v 1.453290 -0.067361 3.449680 0.749020 0.749020 0.749020
vn -2.811714 -3.829305 -0.941676
v 1.453900 -0.067310 3.478480 0.749020 0.749020 0.749020
vn 0.467963 3.831342 -2.927194
v 1.408200 0.073381 3.506240 0.749020 0.749020 0.749020
vn -1.109097 2.760559 2.863730
v 1.224690 0.074549 3.668470 0.749020 0.749020 0.749020
vn -0.229828 2.952417 3.109662
v 1.278640 0.074346 3.678070 0.749020 0.749020 0.749020
vn 2.204812 -3.853401 -1.936302
v 1.382320 -0.066929 3.492650 0.749020 0.749020 0.749020
vn -3.117998 -2.930612 0.376376
v 1.134750 -0.065710 3.540890 0.749020 0.749020 0.749020
vn 2.968559 3.826454 -0.067732
v 1.372540 0.073457 3.465480 0.749020 0.749020 0.749020
vn 2.933011 -3.854387 -0.050491
v 1.371900 -0.066954 3.465780 0.749020 0.749020 0.749020
vn -3.091662 2.960021 0.364214
v 1.135380 0.074676 3.540580 0.749020 0.749020 0.749020
vn 2.239318 3.825610 -1.952215
v 1.382950 0.073457 3.492350 0.749020 0.749020 0.749020
vn -0.254720 -2.938071 3.124129
v 1.278000 -0.066065 3.678350 0.749020 0.749020 0.749020
vn -1.132667 -2.737326 2.874551
v 1.224050 -0.065862 3.668780 0.749020 0.749020 0.749020
vn 0.434136 -3.849380 -2.906791
v 1.407570 -0.067031 3.506550 0.749020 0.749020 0.749020
vn -1.548348 -3.836828 -2.516932
v 1.435840 -0.067158 3.500930 0.749020 0.749020 0.749020
vn -4.685938 -1.546334 1.670085
v 1.699110 -0.067996 3.669670 0.749020 0.749020 0.749020
vn -1.545194 -1.560458 1.606059
v 1.690620 -0.068834 3.257630 0.749020 0.749020 0.749020
vn -3.253782 2.703550 1.673661
v 1.692550 -0.442214 3.434720 0.749020 0.749020 0.749020
vn -1.979320 1.420228 2.308770
v 1.689330 -0.354838 3.258240 0.749020 0.749020 0.749020
vn -1.558716 -4.702786 1.612831
v 1.550240 -0.068199 3.260520 0.749020 0.749020 0.749020
vn -1.441117 -3.828741 2.593874
v 1.434340 -0.067310 3.428010 0.749020 0.749020 0.749020
vn -2.053527 -1.422311 -2.182048
v 1.547600 -0.392887 3.205050 0.749020 0.749020 0.749020
vn -4.738619 1.588584 -1.474322
v 1.550690 0.072212 3.251170 0.749020 0.749020 0.749020
vn -3.344242 -2.719491 -1.456707
v 1.550800 -0.472034 3.378070 0.749020 0.749020 0.749020
vn -4.197011 1.430637 2.354824
v 1.548940 -0.354203 3.261110 0.749020 0.749020 0.749020
vn -3.245914 2.418113 2.076506
v 1.695320 -0.556260 3.595270 0.749020 0.749020 0.749020
vn -2.938047 2.702120 1.667359
v 1.552170 -0.441579 3.437590 0.749020 0.749020 0.749020
vn 3.281002 2.713645 -1.604579
v 1.751630 0.477622 3.372000 0.749020 0.749020 0.749020
vn 3.256820 -2.750043 -1.593142
v 1.747320 -0.472923 3.374030 0.749020 0.749020 0.749020
vn -2.040722 1.431883 -2.188625
v 1.551200 0.398653 3.203370 0.749020 0.749020 0.749020
vn 1.949157 -1.440843 -2.264824
v 1.744120 -0.393776 3.201010 0.749020 0.749020 0.749020
vn 1.962317 1.413264 -2.271000
v 1.747720 0.397739 3.199330 0.749020 0.749020 0.749020
vn -4.751774 -1.551491 -1.467806
v 1.550060 -0.068224 3.251450 0.749020 0.749020 0.749020
vn -0.356556 2.940935 -3.111139
v 1.269950 0.073482 3.256970 0.749020 0.749020 0.749020
vn -1.224379 2.748927 -2.827111
v 1.216460 0.073762 3.268750 0.749020 0.749020 0.749020
vn -2.211260 2.753521 -2.137749
v 1.171520 0.074016 3.300120 0.749020 0.749020 0.749020
vn 2.318003 3.832633 1.842224
v 1.381840 0.073355 3.438220 0.749020 0.749020 0.749020
vn -3.102329 2.958594 -0.249310
v 1.132480 0.074422 3.400220 0.749020 0.749020 0.749020
vn -3.131060 -2.931700 -0.235519
v 1.131850 -0.065989 3.400530 0.749020 0.749020 0.749020
vn -2.146669 -2.734542 2.229672
v 1.177900 -0.065684 3.639290 0.749020 0.749020 0.749020
vn -2.121622 2.763405 2.218272
v 1.178530 0.074676 3.638980 0.749020 0.749020 0.749020
vn -2.833448 -2.733082 1.243093
v 1.146530 -0.065659 3.594380 0.749020 0.749020 0.749020
vn -2.808449 2.764425 1.231387
v 1.147170 0.074752 3.594070 0.749020 0.749020 0.749020
vn 0.556016 -3.834795 2.905115
v 1.405860 -0.067183 3.423610 0.749020 0.749020 0.749020
vn -1.407104 3.852369 2.578239
v 1.434970 0.073076 3.427710 0.749020 0.749020 0.749020
vn -2.735250 3.853060 1.058615
v 1.453920 0.073050 3.449400 0.749020 0.749020 0.749020
vn 2.281831 -3.845157 1.859882
v 1.381230 -0.067056 3.438500 0.749020 0.749020 0.749020
vn -0.383930 -2.949949 -3.097810
v 1.269310 -0.066929 3.257250 0.749020 0.749020 0.749020
vn -1.250328 -2.748446 -2.816407
v 1.215820 -0.066650 3.269030 0.749020 0.749020 0.749020
vn -2.859382 2.759356 -1.126785
v 1.142060 0.074219 3.346270 0.749020 0.749020 0.749020
vn -2.236047 -2.744640 -2.127350
v 1.170920 -0.066396 3.300430 0.749020 0.749020 0.749020
vn -2.882433 -2.738288 -1.114106
v 1.141430 -0.066167 3.346580 0.749020 0.749020 0.749020
vn -3.232940 1.195116 2.968826
v 1.714200 1.988590 3.944750 0.749020 0.749020 0.749020
vn -3.231866 0.726561 3.117434
v 1.714580 1.801520 4.004210 0.749020 0.749020 0.749020
vn -3.235444 1.635212 2.747941
v 1.713180 2.164000 3.856760 0.749020 0.749020 0.749020
vn -2.920794 1.633834 2.741751
v 1.572840 2.164640 3.859660 0.749020 0.749020 0.749020
vn -6.154482 -0.779513 -0.112317
v 1.720900 2.801490 4.088440 0.749020 0.749020 0.749020
vn -3.252510 2.676078 1.719224
v 1.706630 2.579370 3.446350 0.749020 0.749020 0.749020
vn -3.244688 2.384533 2.115265
v 1.709370 2.463090 3.604410 0.749020 0.749020 0.749020
vn -2.930148 2.384286 2.109615
v 1.569010 2.463750 3.607310 0.749020 0.749020 0.749020
vn -3.239544 2.034771 2.460624
v 1.711580 2.323490 3.742360 0.749020 0.749020 0.749020
vn -2.946199 2.899570 1.275625
v 1.563090 2.670070 3.274900 0.749020 0.749020 0.749020
vn -5.169859 -2.939191 -0.701848
v 1.698930 2.844110 4.275990 0.749020 0.749020 0.749020
vn -2.961426 -5.172508 -0.877162
v 1.629510 2.875640 4.450360 0.749020 0.749020 0.749020
vn -4.995102 -2.941290 -1.499973
v 1.658900 2.844670 4.459380 0.749020 0.749020 0.749020
vn -0.795883 -6.161949 -0.358597
v 1.525190 2.887700 4.602350 0.749020 0.749020 0.749020
vn -2.770754 -3.824847 1.073120
v 0.692709 2.890980 4.363700 0.749020 0.749020 0.749020
vn -1.442229 -3.827765 2.594318
v 0.673735 2.891030 4.342000 0.749020 0.749020 0.749020
vn -2.243683 3.358331 -2.178709
v 0.548716 2.947490 4.220310 0.749020 0.749020 0.749020
vn -2.735010 3.854764 1.058544
v 0.692963 2.947140 4.363570 0.749020 0.749020 0.749020
vn -2.398456 -3.338966 -2.026872
v 0.609930 2.890900 4.152520 0.749020 0.749020 0.749020
vn -1.968268 3.351842 -2.432715
v 0.364922 2.948710 4.393260 0.749020 0.749020 0.749020
vn -1.522084 -3.320096 -2.741674
v 0.001803 2.894690 4.637940 0.749020 0.749020 0.749020
vn -1.665288 3.338828 -2.652777
v 0.162001 2.949930 4.543250 0.749020 0.749020 0.749020
vn 0.066655 6.220530 0.614927
v 0.537515 2.949700 5.236010 0.749020 0.749020 0.749020
vn -1.843293 -3.325101 -2.539084
v 0.223799 2.893390 4.501360 0.749020 0.749020 0.749020
vn 2.204253 -3.853327 -1.934327
v 0.621741 2.891380 4.406650 0.749020 0.749020 0.749020
vn 2.968917 3.825467 -0.069157
v 0.611581 2.947540 4.379670 0.749020 0.749020 0.749020
vn 2.318019 3.831972 1.842344
v 0.620878 2.947440 4.352390 0.749020 0.749020 0.749020
vn 0.587746 3.843302 2.890476
v 0.645541 2.947290 4.337460 0.749020 0.749020 0.749020
vn -1.404981 3.851552 2.577884
v 0.673989 2.947190 4.341880 0.749020 0.749020 0.749020
vn 0.556526 -3.836460 2.905550
v 0.645262 2.891160 4.337580 0.749020 0.749020 0.749020
vn 2.282333 -3.845877 1.859254
v 0.620624 2.891280 4.352490 0.749020 0.749020 0.749020
vn 2.933065 -3.855555 -0.053604
v 0.611302 2.891380 4.379770 0.749020 0.749020 0.749020
vn -2.137731 -3.330327 -2.300237
v 0.427507 2.892150 4.338730 0.749020 0.749020 0.749020
vn 0.449046 5.651673 2.348070
v 0.722351 2.938250 5.271440 0.749020 0.749020 0.749020
vn 0.238899 6.216931 0.592947
v 0.883387 2.948000 5.173880 0.749020 0.749020 0.749020
vn -2.238321 -5.178474 -2.114517
v 1.354860 2.877870 4.920030 0.749020 0.749020 0.749020
vn -0.642639 -6.163466 -0.576634
v 1.324530 2.889230 4.890820 0.749020 0.749020 0.749020
vn -2.543284 -5.176229 -1.741212
v 1.470740 2.877060 4.778550 0.749020 0.749020 0.749020
vn -4.698131 -2.945880 -2.259999
v 1.590650 2.845360 4.634200 0.749020 0.749020 0.749020
vn -5.860486 -0.777382 -1.768564
v 1.669520 2.802510 4.462700 0.749020 0.749020 0.749020
vn -5.511054 -0.781903 -2.663063
v 1.600630 2.803190 4.639230 0.749020 0.749020 0.749020
vn -5.504123 0.819782 -2.666405
v 1.575130 -2.812720 4.651120 0.749020 0.749020 0.749020
vn -5.853559 0.822160 -1.772217
v 1.643990 -2.813410 4.474640 0.749020 0.749020 0.749020
vn -4.967926 2.979887 -1.511814
v 1.633020 -2.855490 4.471440 0.749020 0.749020 0.749020
vn -2.739879 5.193058 -1.348346
v 1.536880 -2.885540 4.632960 0.749020 0.749020 0.749020
vn -0.738697 6.167740 -0.384408
v 1.498900 -2.896690 4.614620 0.749020 0.749020 0.749020
vn -0.789160 6.167610 -0.260255
v 1.562990 -2.897350 4.450410 0.749020 0.749020 0.749020
vn -2.803686 3.753241 -0.969933
v 0.667029 -2.893390 4.404770 0.749020 0.749020 0.749020
vn -2.497943 5.191348 -1.764591
v 1.444550 -2.884780 4.790790 0.749020 0.749020 0.749020
vn -4.671650 2.977461 -2.273132
v 1.564770 -2.854810 4.646300 0.749020 0.749020 0.749020
vn -4.286042 -2.947474 -2.965374
v 1.495910 2.846150 4.796230 0.749020 0.749020 0.749020
vn -3.768451 -2.951860 -3.597218
v 1.376980 2.846980 4.941440 0.749020 0.749020 0.749020
vn -0.430374 -6.164678 -0.738183
v 1.044550 2.890950 5.103190 0.749020 0.749020 0.749020
vn -0.542946 -6.163910 -0.665918
v 1.192890 2.890090 5.008040 0.749020 0.749020 0.749020
vn -0.307786 -6.165506 -0.791010
v 0.883133 2.891840 5.174010 0.749020 0.749020 0.749020
vn -3.158809 -2.956043 -4.140829
v 1.236780 2.847870 5.066260 0.749020 0.749020 0.749020
vn -1.473568 -5.183170 -2.694925
v 1.064390 2.879650 5.140350 0.749020 0.749020 0.749020
vn -1.879020 -5.179753 -2.435660
v 1.218290 2.878760 5.041620 0.749020 0.749020 0.749020
vn -5.026743 -0.784423 -3.492277
v 1.504970 2.803980 4.802780 0.749020 0.749020 0.749020
vn -4.418366 -0.789715 -4.234504
v 1.384940 2.804850 4.949340 0.749020 0.749020 0.749020
vn -4.258762 2.975158 -2.978183
v 1.470000 -2.854020 4.808350 0.749020 0.749020 0.749020
vn -5.019104 0.816733 -3.495241
v 1.479470 -2.811960 4.814700 0.749020 0.749020 0.749020
vn -2.192026 5.188060 -2.136992
v 1.328700 -2.883970 4.932270 0.749020 0.749020 0.749020
vn -0.673054 6.166564 -0.500207
v 1.409930 -2.895980 4.766770 0.749020 0.749020 0.749020
vn -0.585978 6.166625 -0.603016
v 1.298270 -2.895170 4.903110 0.749020 0.749020 0.749020
vn -1.830884 5.187356 -2.456248
v 1.192120 -2.883080 5.053860 0.749020 0.749020 0.749020
vn -3.131955 2.966959 -4.152817
v 1.210890 -2.852290 5.078350 0.749020 0.749020 0.749020
vn -3.742592 2.970332 -3.610301
v 1.351080 -2.853180 4.953530 0.749020 0.749020 0.749020
vn -3.694073 0.807422 -4.876341
v 1.217910 -2.810180 5.087260 0.749020 0.749020 0.749020
vn -4.410657 0.812415 -4.238082
v 1.359410 -2.811090 4.961280 0.749020 0.749020 0.749020
vn -1.032056 -5.185581 -2.887526
v 0.896925 2.880590 5.213810 0.749020 0.749020 0.749020
vn -0.178392 -6.166249 -0.824827
v 0.712648 2.892700 5.218660 0.749020 0.749020 0.749020
vn 0.436892 -3.848729 -2.908425
v 0.646963 2.891310 4.420540 0.749020 0.749020 0.749020
vn -1.547453 -3.839354 -2.516669
v 0.675259 2.891180 4.414950 0.749020 0.749020 0.749020
vn 2.240551 3.824577 -1.956377
v 0.621995 2.947540 4.406520 0.749020 0.749020 0.749020
vn 0.469041 3.830630 -2.925900
v 0.647243 2.947470 4.420410 0.749020 0.749020 0.749020
vn -0.566015 -5.187747 -3.010136
v 0.720065 2.881480 5.260140 0.749020 0.749020 0.749020
vn -2.471612 -2.959692 -4.581021
v 1.078810 2.848810 5.167600 0.749020 0.749020 0.749020
vn -3.701038 -0.794993 -4.872842
v 1.243430 2.805740 5.075350 0.749020 0.749020 0.749020
vn -2.886061 0.801863 -5.394895
v 1.058440 -2.809240 5.189580 0.749020 0.749020 0.749020
vn -1.427184 5.184578 -2.718560
v 1.038200 -2.882160 5.152620 0.749020 0.749020 0.749020
vn -2.444316 2.962522 -4.593292
v 1.052930 -2.851350 5.179720 0.749020 0.749020 0.749020
vn -0.486490 6.166136 -0.691441
v 1.166620 -2.894300 5.020340 0.749020 0.749020 0.749020
vn -0.251406 6.164639 -0.817740
v 0.856894 -2.892550 5.186270 0.749020 0.749020 0.749020
vn -0.376052 6.164267 -0.766142
v 1.018290 -2.893470 5.115510 0.749020 0.749020 0.749020
vn -1.696392 2.959162 -4.921583
v 0.881050 -2.850410 5.255080 0.749020 0.749020 0.749020
vn -2.006299 0.797688 -5.780562
v 0.884936 -2.808270 5.265670 0.749020 0.749020 0.749020
vn -2.014126 -0.801650 -5.777772
v 0.910438 2.807640 5.253740 0.749020 0.749020 0.749020
vn -2.893244 -0.798301 -5.391758
v 1.083950 2.806670 5.177640 0.749020 0.749020 0.749020
vn -1.723479 -2.961557 -4.909498
v 0.906932 2.849750 5.243020 0.749020 0.749020 0.749020
vn -0.933486 -2.967762 -5.116499
v 0.725348 2.850670 5.290570 0.749020 0.749020 0.749020
vn -0.078721 -6.172046 -0.818466
v 0.537261 2.893540 5.236110 0.749020 0.749020 0.749020
vn -0.052692 -3.283310 -3.128985
v -1.000050 2.899790 4.889450 0.749020 0.749020 0.749020
vn -0.438016 -3.292384 -3.100194
v -0.739902 2.898570 4.873140 0.749020 0.749020 0.749020
vn -1.178069 -3.310321 -2.904694
v -0.235229 2.896010 4.746420 0.749020 0.749020 0.749020
vn -1.338397 3.325061 -2.834324
v -0.057201 2.951200 4.668240 0.749020 0.749020 0.749020
vn -0.814631 -3.303006 -3.024794
v -0.483692 2.897300 4.825240 0.749020 0.749020 0.749020
vn -0.270598 3.287917 -3.129638
v -0.781025 2.954940 4.877770 0.749020 0.749020 0.749020
vn -0.635814 3.299128 -3.074221
v -0.532028 2.953720 4.836690 0.749020 0.749020 0.749020
vn 0.096289 3.275018 -3.142627
v -1.033120 2.956100 4.889140 0.749020 0.749020 0.749020
vn -2.776601 3.849721 -0.961330
v -1.533960 2.958640 5.010890 0.749020 0.749020 0.749020
vn -1.511412 3.840741 -2.533629
v -1.552020 2.958770 5.033340 0.749020 0.749020 0.749020
vn -2.770519 -3.825165 1.073953
v -1.534800 2.902410 4.982210 0.749020 0.749020 0.749020
vn -2.809067 -3.828991 -0.939806
v -1.534210 2.902460 5.011010 0.749020 0.749020 0.749020
vn 0.467237 3.830785 -2.928755
v -1.580290 2.958900 5.038930 0.749020 0.749020 0.749020
vn 0.141709 6.217239 0.619529
v 0.712902 2.948860 5.218560 0.749020 0.749020 0.749020
vn 0.280469 4.331805 4.340051
v 0.539369 2.908780 5.335350 0.749020 0.749020 0.749020
vn 0.788187 4.296980 4.271907
v 0.730250 2.907890 5.316350 0.749020 0.749020 0.749020
vn 0.814434 5.647730 2.254525
v 0.901014 2.937360 5.224650 0.749020 0.749020 0.749020
vn 1.158922 5.646706 2.102727
v 1.070150 2.936420 5.150460 0.749020 0.749020 0.749020
vn -1.510977 3.841450 -2.532765
v 0.675513 2.947340 4.414820 0.749020 0.749020 0.749020
vn 0.331391 6.216390 0.552909
v 1.044800 2.947110 5.103090 0.749020 0.749020 0.749020
vn -2.778032 3.849016 -0.960500
v 0.693547 2.947190 4.392370 0.749020 0.749020 0.749020
vn -2.812162 -3.828123 -0.943280
v 0.693293 2.891030 4.392500 0.749020 0.749020 0.749020
vn 0.417985 6.215334 0.499879
v 1.193140 2.946250 5.007940 0.749020 0.749020 0.749020
vn 0.491619 6.215355 0.431791
v 1.324790 2.945380 4.890720 0.749020 0.749020 0.749020
vn 0.556995 6.214458 0.354942
v 1.436470 2.944600 4.754370 0.749020 0.749020 0.749020
vn 0.642782 6.214209 0.172434
v 1.589510 2.943220 4.438010 0.749020 0.749020 0.749020
vn 0.608239 6.213975 0.267122
v 1.525450 2.943890 4.602230 0.749020 0.749020 0.749020
vn 3.935468 4.277528 1.885884
v 1.614600 2.902430 4.645560 0.749020 0.749020 0.749020
vn 4.183262 4.275152 1.249588
v 1.684350 2.901750 4.466840 0.749020 0.749020 0.749020
vn 5.083734 2.292810 2.449801
v 1.641810 2.856790 4.658890 0.749020 0.749020 0.749020
vn 4.637674 2.296486 3.213455
v 1.542540 2.857600 4.828620 0.749020 0.749020 0.749020
vn 5.071230 0.590154 3.524003
v 1.551080 2.803850 4.834840 0.749020 0.749020 0.749020
vn 5.560454 0.585411 2.687754
v 1.651180 2.803020 4.663670 0.749020 0.749020 0.749020
vn 4.055964 -2.321923 3.906732
v 1.392000 -2.864920 4.992850 0.749020 0.749020 0.749020
vn 4.616779 -2.324478 3.223144
v 1.516560 -2.865780 4.840760 0.749020 0.749020 0.749020
vn 3.552552 -4.301199 2.493887
v 1.491360 -2.911270 4.823480 0.749020 0.749020 0.749020
vn 3.896413 -4.304321 1.903486
v 1.588210 -2.912060 4.657900 0.749020 0.749020 0.749020
vn 1.943064 -5.653369 1.381356
v 1.453850 -2.941600 4.797550 0.749020 0.749020 0.749020
vn 4.144037 -4.308319 1.267268
v 1.657930 -2.912740 4.479190 0.749020 0.749020 0.749020
vn 0.550320 -6.218461 0.293335
v 1.498650 -2.952850 4.614750 0.749020 0.749020 0.749020
vn -2.517562 -3.352243 -1.877925
v 0.684047 -2.950390 4.039460 0.749020 0.749020 0.749020
vn -2.893880 -3.356886 -1.227956
v 0.934466 -2.952450 3.602280 0.749020 0.749020 0.749020
vn -2.266543 -3.727845 1.971065
v 0.658597 -2.949550 4.363570 0.749020 0.749020 0.749020
vn -2.760706 3.759256 1.068780
v 0.666445 -2.893440 4.375960 0.749020 0.749020 0.749020
vn -2.995935 -3.728419 0.069544
v 0.669011 -2.949570 4.390470 0.749020 0.749020 0.749020
vn -1.524118 3.744349 -2.557787
v 0.648970 -2.893240 4.427220 0.749020 0.749020 0.749020
vn 0.474966 3.735249 -2.951478
v 0.620700 -2.893090 4.432810 0.749020 0.749020 0.749020
vn -0.518857 5.180226 -3.031743
v 0.693877 -2.880360 5.272380 0.749020 0.749020 0.749020
vn -0.984783 5.182622 -2.910222
v 0.870763 -2.881250 5.226030 0.749020 0.749020 0.749020
vn -0.207542 -5.226412 -3.037038
v 0.538099 2.882340 5.278250 0.749020 0.749020 0.749020
vn -0.326254 -3.006568 -5.217931
v 0.538582 2.851580 5.309160 0.749020 0.749020 0.749020
vn -3.726282 -1.506017 -2.548446
v -1.988060 2.863160 5.361230 0.749020 0.749020 0.749020
vn -3.706571 -2.615920 -1.437655
v -1.988540 2.893920 5.330320 0.749020 0.749020 0.749020
vn -3.425755 -3.072756 -0.329547
v -1.989380 2.905150 5.288180 0.749020 0.749020 0.749020
vn 2.934326 -3.851717 -0.051782
v -1.616180 2.902790 4.998290 0.749020 0.749020 0.749020
vn 1.096047 -3.272495 -2.925950
v -1.765350 2.902970 4.748890 0.749020 0.749020 0.749020
vn 2.284849 -3.846227 1.857630
v -1.606900 2.902710 4.971030 0.749020 0.749020 0.749020
vn 2.204352 -3.856300 -1.932812
v -1.605790 2.902810 5.025190 0.749020 0.749020 0.749020
vn 0.436552 -3.846944 -2.906441
v -1.580540 2.902740 5.039050 0.749020 0.749020 0.749020
vn -1.545959 -3.839073 -2.516810
v -1.552270 2.902610 5.033470 0.749020 0.749020 0.749020
vn 2.239279 3.826392 -1.952589
v -1.605530 2.958970 5.025060 0.749020 0.749020 0.749020
vn 2.969900 3.824100 -0.068825
v -1.615920 2.958970 4.998190 0.749020 0.749020 0.749020
vn -0.913275 1.123009 -1.399045
v -2.002460 2.959960 4.641010 0.749020 0.749020 0.749020
vn -0.923971 -1.121333 -1.394544
v -2.002710 2.903800 4.641140 0.749020 0.749020 0.749020
vn 1.159157 3.248369 -2.926860
v -1.772870 2.959150 4.745760 0.749020 0.749020 0.749020
vn 0.815967 3.254133 -3.038626
v -1.532510 2.958240 4.822700 0.749020 0.749020 0.749020
vn 2.317905 3.833998 1.841483
v -1.606650 2.958870 4.970910 0.749020 0.749020 0.749020
vn -1.440631 -3.826639 2.596320
v -1.553790 2.902460 4.960520 0.749020 0.749020 0.749020
vn 0.555704 -3.836627 2.903472
v -1.582240 2.902560 4.956100 0.749020 0.749020 0.749020
vn 0.592003 3.841664 2.890016
v -1.582010 2.958720 4.956000 0.749020 0.749020 0.749020
vn -1.403738 3.851623 2.578496
v -1.553540 2.958620 4.960390 0.749020 0.749020 0.749020
vn -2.735202 3.855871 1.058096
v -1.534540 2.958570 4.982080 0.749020 0.749020 0.749020
vn 0.720334 -3.273152 -3.042061
v -1.516630 2.902000 4.826890 0.749020 0.749020 0.749020
vn 0.460436 3.262396 -3.111632
v -1.284780 2.957200 4.870700 0.749020 0.749020 0.749020
vn 0.335405 -3.278049 -3.109243
v -1.260270 2.900930 4.873980 0.749020 0.749020 0.749020
vn 0.169164 5.675434 2.364004
v 0.538582 2.939110 5.289730 0.749020 0.749020 0.749020
vn -2.924300 3.124897 0.360496
v -1.989130 2.961290 5.288050 0.749020 0.749020 0.749020
vn 0.349036 2.345128 5.654540
v 0.539801 2.863290 5.365850 0.749020 0.749020 0.749020
vn 1.006646 2.318159 5.542422
v 0.735432 2.862380 5.346400 0.749020 0.749020 0.749020
vn 1.449393 4.293501 4.100727
v 0.915822 2.906900 5.267730 0.749020 0.749020 0.749020
vn 1.862462 2.312664 5.317643
v 0.925627 2.861390 5.296590 0.749020 0.749020 0.749020
vn 1.476262 5.645367 1.900011
v 1.225570 2.935480 5.050740 0.749020 0.749020 0.749020
vn 1.756033 5.643582 1.648720
v 1.363500 2.934610 4.927930 0.749020 0.749020 0.749020
vn 3.158326 4.283096 3.002803
v 1.396240 2.904080 4.959550 0.749020 0.749020 0.749020
vn 1.995742 5.642015 1.358487
v 1.480520 2.933750 4.785080 0.749020 0.749020 0.749020
vn 2.186464 5.639663 1.033455
v 1.573760 2.933010 4.625650 0.749020 0.749020 0.749020
vn 3.590517 4.280154 2.474578
v 1.517780 2.903220 4.811140 0.749020 0.749020 0.749020
vn 4.077426 2.300193 3.897493
v 1.417980 2.858490 4.980710 0.749020 0.749020 0.749020
vn 3.395858 -2.317113 4.495959
v 1.245130 -2.863930 5.123610 0.749020 0.749020 0.749020
vn 4.451849 -0.617305 4.275802
v 1.399950 -2.811200 5.000170 0.749020 0.749020 0.749020
vn 2.609671 -4.294937 3.475485
v 1.226540 -2.909470 5.099460 0.749020 0.749020 0.749020
vn 3.119141 -4.299394 3.020989
v 1.369820 -2.910380 4.971900 0.749020 0.749020 0.749020
vn 1.423394 -5.650564 1.921800
v 1.198880 -2.939870 5.063210 0.749020 0.749020 0.749020
vn 0.435201 -6.217499 0.458706
v 1.298020 -2.951330 4.903240 0.749020 0.749020 0.749020
vn 1.705136 -5.652127 1.673365
v 1.336830 -2.940740 4.940400 0.749020 0.749020 0.749020
vn 2.133025 -5.656024 1.055791
v 1.547060 -2.942340 4.638120 0.749020 0.749020 0.749020
vn 0.498083 -6.218424 0.378887
v 1.409680 -2.952120 4.766870 0.749020 0.749020 0.749020
vn -2.339405 -3.736974 -1.859063
v 0.659740 -2.949450 4.417700 0.749020 0.749020 0.749020
vn 0.359661 -6.217549 0.523458
v 1.166370 -2.950460 5.020440 0.749020 0.749020 0.749020
vn 1.107096 -5.649092 2.126906
v 1.043460 -2.938930 5.162930 0.749020 0.749020 0.749020
vn 3.728146 -0.613323 4.920028
v 1.251860 -2.810260 5.132020 0.749020 0.749020 0.749020
vn 2.912715 -0.607466 5.443443
v 1.084960 -2.809270 5.239080 0.749020 0.749020 0.749020
vn 1.409320 -4.289641 4.116830
v 0.889406 -2.907560 5.280080 0.749020 0.749020 0.749020
vn 2.651579 -2.311691 4.973522
v 1.079680 -2.862960 5.229760 0.749020 0.749020 0.749020
vn 2.034599 -4.291870 3.843065
v 1.065100 -2.908530 5.203040 0.749020 0.749020 0.749020
vn 0.183251 -6.216006 0.620975
v 0.856640 -2.948710 5.186400 0.749020 0.749020 0.749020
vn 0.275667 -6.216168 0.581129
v 1.018030 -2.949630 5.115610 0.749020 0.749020 0.749020
vn -0.592848 -3.747003 -2.915170
v 0.635076 -2.949320 4.432630 0.749020 0.749020 0.749020
vn 0.762389 -5.647329 2.277176
v 0.874319 -2.937990 5.237120 0.749020 0.749020 0.749020
vn 0.398485 -5.644825 2.373423
v 0.695655 -2.937100 5.283910 0.749020 0.749020 0.749020
vn 1.841235 -2.307666 5.328044
v 0.899617 -2.862000 5.308730 0.749020 0.749020 0.749020
vn 2.025808 -0.601849 5.832652
v 0.903376 -2.808250 5.318710 0.749020 0.749020 0.749020
vn 1.088564 -0.597761 6.077907
v 0.711556 -2.807280 5.368980 0.749020 0.749020 0.749020
vn 0.985883 -2.304034 5.552022
v 0.709447 -2.861010 5.358560 0.749020 0.749020 0.749020
vn 0.749395 -4.285972 4.290513
v 0.703859 -2.906600 5.328690 0.749020 0.749020 0.749020
vn 0.085457 -6.215322 0.646646
v 0.686130 -2.947870 5.231050 0.749020 0.749020 0.749020
vn 1.419971 -3.755628 -2.601232
v 0.606603 -2.949220 4.428210 0.749020 0.749020 0.749020
vn 2.260137 3.726886 -1.970428
v 0.595478 -2.893010 4.418910 0.749020 0.749020 0.749020
vn -1.813275 3.330611 -2.553242
v 0.197536 -2.891000 4.513630 0.749020 0.749020 0.749020
vn -1.147878 3.309221 -2.918752
v -0.261493 -2.888410 4.758720 0.749020 0.749020 0.749020
vn -1.368870 -3.326392 -2.819977
v -0.083998 -2.945540 4.680790 0.749020 0.749020 0.749020
vn -0.784703 3.296663 -3.039233
v -0.509956 -2.887120 4.837510 0.749020 0.749020 0.749020
vn -0.407880 3.283639 -3.114646
v -0.766191 -2.885850 4.885410 0.749020 0.749020 0.749020
vn -0.023162 3.270677 -3.143109
v -1.026310 -2.884630 4.901740 0.749020 0.749020 0.749020
vn 0.365077 3.260325 -3.122933
v -1.286540 -2.883460 4.886250 0.749020 0.749020 0.749020
vn -2.336450 -3.735103 -1.849303
v -1.567790 -2.938040 5.036210 0.749020 0.749020 0.749020
vn -0.594263 -3.748980 -2.913954
v -1.592450 -2.937870 5.051170 0.749020 0.749020 0.749020
vn -1.525119 3.745865 -2.556376
v -1.578560 -2.881810 5.045760 0.749020 0.749020 0.749020
vn -3.397248 3.103285 -0.343580
v -2.015640 -2.879290 5.300470 0.749020 0.749020 0.749020
vn -0.022657 6.168793 -0.845475
v 0.510997 -2.890850 5.248400 0.749020 0.749020 0.749020
vn -0.122485 6.163900 -0.851346
v 0.686384 -2.891690 5.230950 0.749020 0.749020 0.749020
vn -0.159901 5.214201 -3.060650
v 0.511912 -2.879470 5.290490 0.749020 0.749020 0.749020
vn -0.906443 2.954451 -5.128438
v 0.699465 -2.849500 5.302660 0.749020 0.749020 0.749020
vn -1.077770 0.792476 -6.023951
v 0.701650 -2.807360 5.313680 0.749020 0.749020 0.749020
vn -0.370852 -0.816199 -6.139979
v 0.538607 2.809470 5.320510 0.749020 0.749020 0.749020
vn -1.085291 -0.808406 -6.020385
v 0.727151 2.808580 5.301770 0.749020 0.749020 0.749020
vn -2.692934 2.194500 2.229932
v -1.987270 2.920370 5.387420 0.749020 0.749020 0.749020
vn -2.710893 2.861455 1.228981
v -1.988060 2.950720 5.341800 0.749020 0.749020 0.749020
vn 0.373356 0.621685 6.190531
v 0.539775 2.809600 5.376670 0.749020 0.749020 0.749020
vn 1.094234 0.613257 6.075444
v 0.737083 2.808660 5.357040 0.749020 0.749020 0.749020
vn 2.031890 0.606807 5.830252
v 0.928878 2.807670 5.306770 0.749020 0.749020 0.749020
vn 2.074388 4.288969 3.826024
v 1.091490 2.905960 5.190690 0.749020 0.749020 0.749020
vn 2.647733 4.287325 3.456463
v 1.252960 2.905000 5.087110 0.749020 0.749020 0.749020
vn 3.416006 2.304763 4.485567
v 1.271140 2.859430 5.111470 0.749020 0.749020 0.749020
vn 4.457510 0.594289 4.273412
v 1.425450 2.804740 4.988230 0.749020 0.749020 0.749020
vn 3.733845 0.598567 4.917819
v 1.277370 2.805710 5.120080 0.749020 0.749020 0.749020
vn 2.672548 2.308663 4.963734
v 1.105660 2.860400 5.217590 0.749020 0.749020 0.749020
vn 2.918025 0.604009 5.441022
v 1.110460 2.806670 5.227140 0.749020 0.749020 0.749020
vn 0.367583 -0.597141 6.193532
v 0.514248 -2.806320 5.388590 0.749020 0.749020 0.749020
vn 0.327883 -2.324049 5.663656
v 0.513817 -2.860090 5.378020 0.749020 0.749020 0.749020
vn -2.694735 -1.161430 2.905981
v -2.012820 -2.848510 5.430090 0.749020 0.749020 0.749020
vn 0.241232 -4.316142 4.359180
v 0.512953 -2.905680 5.347690 0.749020 0.749020 0.749020
vn 0.117763 -5.665824 2.387566
v 0.511912 -2.936240 5.302200 0.749020 0.749020 0.749020
vn -2.736875 -2.832401 1.242588
v -2.014730 -2.924630 5.354290 0.749020 0.749020 0.749020
vn 0.009792 -6.218704 0.639178
v 0.510743 -2.947010 5.248500 0.749020 0.749020 0.749020
vn -0.300595 -3.297376 -3.115770
v -0.807822 -2.941780 4.890260 0.749020 0.749020 0.749020
vn -0.665895 -3.307270 -3.059549
v -0.558825 -2.943020 4.849220 0.749020 0.749020 0.749020
vn -1.023835 -3.316684 -2.961210
v -0.316408 -2.944270 4.779060 0.749020 0.749020 0.749020
vn -1.695085 -3.335606 -2.638338
v 0.135230 -2.946810 4.555770 0.749020 0.749020 0.749020
vn 2.761255 -3.759089 -1.068514
v 0.587629 -2.949170 4.406520 0.749020 0.749020 0.749020
vn -2.106416 3.342426 -2.313806
v 0.401269 -2.892270 4.351050 0.749020 0.749020 0.749020
vn -1.492245 3.320237 -2.755943
v -0.024486 -2.889710 4.650210 0.749020 0.749020 0.749020
vn -2.274487 -3.348371 -2.163951
v 0.521945 -2.949240 4.232860 0.749020 0.749020 0.749020
vn -1.998707 -3.341774 -2.419230
v 0.338150 -2.948020 4.405760 0.749020 0.749020 0.749020
vn 2.802660 -3.753340 0.969388
v 0.587045 -2.949240 4.377720 0.749020 0.749020 0.749020
vn 2.994597 3.728653 -0.071997
v 0.585064 -2.893010 4.392070 0.749020 0.749020 0.749020
vn 1.524990 -3.745427 2.555801
v 0.605104 -2.949370 4.355260 0.749020 0.749020 0.749020
vn 2.340167 3.736890 1.857764
v 0.594335 -2.893140 4.364790 0.749020 0.749020 0.749020
vn -1.417817 3.756370 2.602405
v 0.647471 -2.893390 4.354270 0.749020 0.749020 0.749020
vn 0.593244 3.748042 2.912987
v 0.618998 -2.893260 4.349850 0.749020 0.749020 0.749020
vn -0.471598 -3.732414 2.952015
v 0.633374 -2.949500 4.349700 0.749020 0.749020 0.749020
vn 0.066624 -3.289417 -3.127955
v -1.059890 -2.940610 4.901670 0.749020 0.749020 0.749020
vn 0.430940 -3.281012 -3.097310
v -1.311580 -2.939520 4.883230 0.749020 0.749020 0.749020
vn -2.760054 3.758960 1.069638
v -1.561080 -2.882010 4.994480 0.749020 0.749020 0.749020
vn -2.807191 3.752004 -0.973804
v -1.560500 -2.881960 5.023280 0.749020 0.749020 0.749020
vn -2.994943 -3.730846 0.067710
v -1.558490 -2.938140 5.008980 0.749020 0.749020 0.749020
vn 0.786501 -3.274101 -3.024319
v -1.559310 -2.938530 4.835200 0.749020 0.749020 0.749020
vn -1.417085 3.754682 2.603208
v -1.580060 -2.881960 4.972810 0.749020 0.749020 0.749020
vn 0.750365 3.253597 -3.056018
v -1.542900 -2.882420 4.839160 0.749020 0.749020 0.749020
vn -2.259811 -3.727748 1.970512
v -1.568910 -2.938140 4.982110 0.749020 0.749020 0.749020
vn 1.125476 3.248813 -2.939621
v -1.791610 -2.881430 4.761150 0.749020 0.749020 0.749020
vn 2.801746 -3.751765 0.968638
v -1.640460 -2.937810 4.996260 0.749020 0.749020 0.749020
vn 2.995151 3.730714 -0.068930
v -1.642470 -2.881580 5.010580 0.749020 0.749020 0.749020
vn 2.342605 3.735012 1.859595
v -1.633170 -2.881710 4.983330 0.749020 0.749020 0.749020
vn 0.594793 3.747055 2.914047
v -1.608530 -2.881830 4.968390 0.749020 0.749020 0.749020
vn 1.526805 -3.747006 2.555633
v -1.622420 -2.937920 4.973780 0.749020 0.749020 0.749020
vn -0.474811 -3.734658 2.951706
v -1.594150 -2.938070 4.968210 0.749020 0.749020 0.749020
vn 1.129383 -3.272202 -2.913213
v -1.799640 -2.937560 4.758280 0.749020 0.749020 0.749020
vn -2.952300 -3.097017 0.373926
v -2.015900 -2.935430 5.300600 0.749020 0.749020 0.749020
vn -0.298863 2.987345 -5.231414
v 0.512674 -2.848580 5.321250 0.749020 0.749020 0.749020
vn -0.363762 0.794647 -6.143004
v 0.513105 -2.806450 5.332430 0.749020 0.749020 0.749020
vn 0.434442 -3.849837 -2.908467
v -1.381630 -0.050902 5.126560 0.749020 0.749020 0.749020
vn 3.091681 -2.959803 -0.363953
v -1.167510 -0.052273 4.940200 0.749020 0.749020 0.749020
vn 1.466108 -1.587417 -4.740568
v -1.158820 -0.051435 5.361310 0.749020 0.749020 0.749020
vn 1.480019 1.554245 -4.747113
v -1.158190 0.088976 5.361020 0.749020 0.749020 0.749020
vn -1.510279 3.841968 -2.534797
v -1.352730 0.089332 5.120670 0.749020 0.749020 0.749020
vn -2.811110 -3.830137 -0.944321
v -1.335300 -0.051181 5.098520 0.749020 0.749020 0.749020
vn -2.777235 3.850395 -0.959680
v -1.334670 0.089205 5.098210 0.749020 0.749020 0.749020
vn 2.808870 -2.763826 -1.231297
v -1.179300 -0.052349 4.886710 0.749020 0.749020 0.749020
vn 2.146132 2.734864 -2.228462
v -1.210030 0.088113 4.841520 0.749020 0.749020 0.749020
vn 0.228852 -2.952859 -3.110982
v -1.310770 -0.051918 4.802730 0.749020 0.749020 0.749020
vn 1.107632 -2.760134 -2.864713
v -1.256840 -0.052146 4.812310 0.749020 0.749020 0.749020
vn 1.132326 2.737704 -2.875464
v -1.256210 0.088265 4.812010 0.749020 0.749020 0.749020
vn 0.255297 2.937318 -3.123768
v -1.310130 0.088468 4.802430 0.749020 0.749020 0.749020
vn -2.770482 -3.824604 1.075954
v -1.335910 -0.051232 5.069710 0.749020 0.749020 0.749020
vn 2.120565 -2.763153 -2.217419
v -1.210670 -0.052299 4.841800 0.749020 0.749020 0.749020
vn -2.737291 3.853700 1.058585
v -1.335280 0.089129 5.069410 0.749020 0.749020 0.749020
vn -1.440018 -3.827366 2.594502
v -1.354890 -0.051206 5.048020 0.749020 0.749020 0.749020
vn 2.834049 2.734052 -1.243225
v -1.178690 0.088062 4.886400 0.749020 0.749020 0.749020
vn 3.117770 2.930330 -0.376861
v -1.166880 0.088113 4.939920 0.749020 0.749020 0.749020
vn 0.554862 -3.835700 2.905063
v -1.383330 -0.051079 5.043600 0.749020 0.749020 0.749020
vn -1.405147 3.851614 2.578791
v -1.354250 0.089179 5.047720 0.749020 0.749020 0.749020
vn -0.383227 -2.950449 -3.098552
v -1.451150 -0.051283 4.805630 0.749020 0.749020 0.749020
vn 2.282422 -3.846972 1.858204
v -1.408000 -0.050952 5.058510 0.749020 0.749020 0.749020
vn -0.356868 2.940574 -3.110212
v -1.450520 0.089129 4.805330 0.749020 0.749020 0.749020
vn 0.590332 3.843028 2.888371
v -1.382700 0.089306 5.043300 0.749020 0.749020 0.749020
vn -3.130293 -2.931973 -0.235397
v -1.588620 -0.050368 4.948880 0.749020 0.749020 0.749020
vn -2.882291 -2.736719 -1.114601
v -1.579070 -0.050521 4.894940 0.749020 0.749020 0.749020
vn -1.250026 -2.748894 -2.815304
v -1.504670 -0.051029 4.817420 0.749020 0.749020 0.749020
vn -1.226018 2.747144 -2.827276
v -1.504040 0.089383 4.817110 0.749020 0.749020 0.749020
vn 2.317187 3.833544 1.842553
v -1.407360 0.089459 5.058210 0.749020 0.749020 0.749020
vn 2.934127 -3.853101 -0.052622
v -1.417290 -0.050851 5.085790 0.749020 0.749020 0.749020
vn -1.674743 -1.573245 -4.675617
v -1.579930 -0.049505 5.369990 0.749020 0.749020 0.749020
vn -3.467743 -0.396942 -3.017109
v -1.988010 2.821080 5.372580 0.749020 0.749020 0.749020
vn -2.684844 1.196563 2.900631
v -1.986840 2.874870 5.417920 0.749020 0.749020 0.749020
vn -2.879016 0.326266 3.170432
v -1.986860 2.821180 5.428720 0.749020 0.749020 0.749020
vn -2.881867 -0.286923 3.171962
v -2.012370 -2.794760 5.440660 0.749020 0.749020 0.749020
vn -3.464596 0.415645 -3.017723
v -2.013530 -2.794860 5.384520 0.749020 0.749020 0.749020
vn -2.713558 -2.161822 2.239187
v -2.013660 -2.894100 5.399760 0.749020 0.749020 0.749020
vn -3.683782 2.640364 -1.445806
v -2.014730 -2.867910 5.342560 0.749020 0.749020 0.749020
vn -3.711325 1.528372 -2.556900
v -2.013940 -2.837000 5.373320 0.749020 0.749020 0.749020
vn -1.657910 1.568674 -4.682309
v -1.579300 0.090881 5.369710 0.749020 0.749020 0.749020
vn 2.968612 3.826411 -0.069249
v -1.416660 0.089560 5.085490 0.749020 0.749020 0.749020
vn 2.207730 -3.852569 -1.934198
v -1.406880 -0.050825 5.112640 0.749020 0.749020 0.749020
vn 2.237646 3.825725 -1.951077
v -1.406250 0.089586 5.112360 0.749020 0.749020 0.749020
vn -1.547347 -3.836375 -2.517113
v -1.353360 -0.051054 5.120940 0.749020 0.749020 0.749020
vn 0.471314 3.831224 -2.925320
v -1.381000 0.089484 5.126250 0.749020 0.749020 0.749020
vn -3.104007 2.959280 -0.247910
v -1.587980 0.090043 4.948610 0.749020 0.749020 0.749020
vn -2.235866 -2.743586 -2.128099
v -1.549550 -0.050749 4.848780 0.749020 0.749020 0.749020
vn -2.857844 2.759602 -1.125978
v -1.578410 0.089891 4.894660 0.749020 0.749020 0.749020
vn -2.211177 2.755445 -2.138729
v -1.548920 0.089662 4.848510 0.749020 0.749020 0.749020
vn -0.923627 -1.120899 -1.394207
v -2.029260 -2.936750 4.653530 0.749020 0.749020 0.749020
vn -0.913788 1.123455 -1.399334
v -2.029000 -2.880590 4.653410 0.749020 0.749020 0.749020
vn 0.476421 3.732566 -2.947082
v -1.606800 -2.881650 5.051320 0.749020 0.749020 0.749020
vn 1.421052 -3.753874 -2.601300
v -1.620900 -2.937760 5.046730 0.749020 0.749020 0.749020
vn 2.258040 3.729816 -1.971658
v -1.632050 -2.881580 5.037460 0.749020 0.749020 0.749020
vn 2.760517 -3.758446 -1.067049
v -1.639880 -2.937740 5.025060 0.749020 0.749020 0.749020
vn -0.993941 3.313830 -2.975600
v -0.289636 2.952450 4.766540 0.749020 0.749020 0.749020
vn -6.065197 -0.775088 -0.830415
v 1.709930 2.801950 4.277590 0.749020 0.749020 0.749020
vn -2.787694 -5.174238 -1.326423
v 1.563040 2.876270 4.620720 0.749020 0.749020 0.749020
vn -0.727164 -6.162879 -0.472862
v 1.436220 2.888440 4.754470 0.749020 0.749020 0.749020
vn -1.546392 -3.839877 -2.516278
v 1.253340 2.883790 2.176580 0.749020 0.749020 0.749020
vn -1.511152 3.841012 -2.534102
v 1.253590 2.939950 2.176450 0.749020 0.749020 0.749020
vn 2.204034 -3.854649 -1.939443
v 1.199820 2.884020 2.168270 0.749020 0.749020 0.749020
vn 2.317582 3.834825 1.850846
v 1.198960 2.940050 2.113990 0.749020 0.749020 0.749020
vn -3.287993 3.138273 -0.162219
v 1.692020 2.763880 2.695800 0.749020 0.749020 0.749020
vn -2.973914 3.137151 -0.168631
v 1.551640 2.764540 2.698700 0.749020 0.749020 0.749020
vn -2.983966 3.062425 -0.654954
v 1.547520 2.734820 2.504750 0.749020 0.749020 0.749020
vn -3.298734 3.064415 -0.648338
v 1.687880 2.734160 2.501850 0.749020 0.749020 0.749020
vn -3.319418 2.692907 -1.555961
v 1.679750 2.586130 2.139670 0.749020 0.749020 0.749020
vn -3.004735 2.692342 -1.562976
v 1.539370 2.586790 2.142590 0.749020 0.749020 0.749020
vn -3.309346 2.913608 -1.116595
v 1.683770 2.674420 2.314960 0.749020 0.749020 0.749020
vn -3.328808 2.405763 -1.954856
v 1.675940 2.471500 1.980440 0.749020 0.749020 0.749020
vn -3.337346 2.059556 -2.304889
v 1.672410 2.333320 1.841070 0.749020 0.749020 0.749020
vn -3.037037 1.223873 -2.827354
v 1.526290 2.001190 1.638170 0.749020 0.749020 0.749020
vn -3.351463 1.225165 -2.820585
v 1.666650 2.000530 1.635300 0.749020 0.749020 0.749020
vn -3.345425 1.662500 -2.594198
v 1.669340 2.175050 1.725070 0.749020 0.749020 0.749020
vn -3.029891 -0.387127 2.943351
v 1.667050 2.796210 1.477570 0.749020 0.749020 0.749020
vn -3.357492 0.758034 -2.972984
v 1.664540 1.814120 1.573940 0.749020 0.749020 0.749020
vn -3.361733 0.272613 -3.051397
v 1.662990 1.620370 1.542520 0.749020 0.749020 0.749020
vn -3.047460 0.271097 -3.058579
v 1.522630 1.621030 1.545440 0.749020 0.749020 0.749020
vn -3.042880 0.756416 -2.980752
v 1.524180 1.814750 1.576830 0.749020 0.749020 0.749020
vn -3.049352 -0.220757 -3.060326
v 1.521710 1.424740 1.544730 0.749020 0.749020 0.749020
vn -3.363592 -0.219418 -3.055161
v 1.662070 1.424100 1.541830 0.749020 0.749020 0.749020
vn -3.357488 0.771840 -2.971239
v 1.650820 -1.212930 1.581760 0.749020 0.749020 0.749020
vn -3.362988 -1.174041 -2.828711
v 1.662200 1.043310 1.631900 0.749020 0.749020 0.749020
vn -3.364398 -0.705560 -2.977135
v 1.661820 1.230170 1.571850 0.749020 0.749020 0.749020
vn -3.049867 -0.707140 -2.986808
v 1.521460 1.230810 1.574750 0.749020 0.749020 0.749020
vn -3.048729 -1.175810 -2.834964
v 1.521840 1.043940 1.634790 0.749020 0.749020 0.749020
vn -3.238619 1.755105 2.670002
v 1.524330 0.855193 1.798600 0.749020 0.749020 0.749020
vn 3.346705 -1.744708 2.541139
v 1.713100 -0.856005 1.798190 0.749020 0.749020 0.749020
vn 3.352905 -1.307874 2.784757
v 1.710410 -1.022530 1.706120 0.749020 0.749020 0.749020
vn -3.036490 1.238699 -2.820223
v 1.512600 -1.025520 1.647110 0.749020 0.749020 0.749020
vn -3.247775 -1.277488 2.919940
v 1.513920 -1.021610 1.710160 0.749020 0.749020 0.749020
vn -3.345390 1.677995 -2.587553
v 1.655620 -0.851535 1.735280 0.749020 0.749020 0.749020
vn -3.338422 2.074242 -2.291304
v 1.658770 -0.693395 1.852600 0.749020 0.749020 0.749020
vn -3.329060 2.419580 -1.938810
v 1.662300 -0.555650 1.993370 0.749020 0.749020 0.749020
vn -1.475516 -1.552973 4.747055
v 1.672670 -0.070587 2.387350 0.749020 0.749020 0.749020
vn -4.736494 1.589324 -1.476871
v 1.661720 0.068656 1.825550 0.749020 0.749020 0.749020
vn -4.751166 -1.552084 -1.470392
v 1.661080 -0.071755 1.825830 0.749020 0.749020 0.749020
vn -3.046613 -1.614251 -2.613981
v 1.522860 0.868782 1.723340 0.749020 0.749020 0.749020
vn -3.042483 -2.013226 -2.325261
v 1.524480 0.709651 1.838200 0.749020 0.749020 0.749020
vn 3.362367 1.725032 2.534211
v 1.720850 0.854278 1.794540 0.749020 0.749020 0.749020
vn 3.357463 2.116907 2.225028
v 1.722600 0.705002 1.912570 0.749020 0.749020 0.749020
vn -3.030084 1.676560 -2.592749
v 1.515290 -0.850875 1.738170 0.749020 0.749020 0.749020
vn -3.013630 2.418419 -1.945906
v 1.521970 -0.555015 1.996260 0.749020 0.749020 0.749020
vn -3.003638 2.702954 -1.542941
v 1.525780 -0.441096 2.156870 0.749020 0.749020 0.749020
vn -3.319079 2.704578 -1.536288
v 1.666160 -0.441757 2.153970 0.749020 0.749020 0.749020
vn -3.598509 2.995884 -0.625615
v 1.670180 -0.354482 2.330500 0.749020 0.749020 0.749020
vn -1.466983 1.587472 4.740202
v 1.671370 -0.354355 2.387930 0.749020 0.749020 0.749020
vn 2.034099 -1.435838 2.179508
v 1.727350 -0.392963 2.386860 0.749020 0.749020 0.749020
vn 3.319434 -2.753174 1.451853
v 1.723420 -0.471729 2.213690 0.749020 0.749020 0.749020
vn 3.343875 2.728820 1.440350
v 1.727710 0.471729 2.211680 0.749020 0.749020 0.749020
vn -0.256116 -2.936472 3.122924
v 1.251560 -0.068682 2.396030 0.749020 0.749020 0.749020
vn -0.384554 -2.949243 -3.098108
v 1.239950 -0.069799 1.834510 0.749020 0.749020 0.749020
vn -1.251883 -2.749643 -2.816874
v 1.186460 -0.069520 1.846330 0.749020 0.749020 0.749020
vn -1.224529 2.748524 -2.826932
v 1.187120 0.070866 1.846020 0.749020 0.749020 0.749020
vn -0.356692 2.941167 -3.110891
v 1.240610 0.070587 1.834240 0.749020 0.749020 0.749020
vn -0.229161 2.953466 3.110716
v 1.252170 0.071730 2.395700 0.749020 0.749020 0.749020
vn -2.833417 -2.733566 1.243477
v 1.120090 -0.068250 2.312040 0.749020 0.749020 0.749020
vn -3.118360 -2.929641 0.377029
v 1.108280 -0.068301 2.258540 0.749020 0.749020 0.749020
vn -2.875895 -2.737348 -1.111689
v 1.112060 -0.069063 1.923870 0.749020 0.749020 0.749020
vn -2.234499 -2.743932 -2.127480
v 1.141580 -0.069266 1.877690 0.749020 0.749020 0.749020
vn -3.130340 -2.932000 -0.235346
v 1.102510 -0.068885 1.977800 0.749020 0.749020 0.749020
vn -2.212671 2.754596 -2.140740
v 1.142210 0.071120 1.877390 0.749020 0.749020 0.749020
vn -3.103333 2.959183 -0.248169
v 1.103150 0.071526 1.977490 0.749020 0.749020 0.749020
vn -2.860583 2.759305 -1.127681
v 1.112720 0.071349 1.923540 0.749020 0.749020 0.749020
vn -2.810014 2.764662 1.231974
v 1.120720 0.072136 2.311710 0.749020 0.749020 0.749020
vn -2.120986 2.763248 2.217486
v 1.152090 0.072085 2.356640 0.749020 0.749020 0.749020
vn -3.091097 2.960649 0.364117
v 1.108940 0.072085 2.258240 0.749020 0.749020 0.749020
vn -1.108929 2.759908 2.866130
v 1.198250 0.071933 2.386130 0.749020 0.749020 0.749020
vn -1.133404 -2.737601 2.875724
v 1.197610 -0.068453 2.386430 0.749020 0.749020 0.749020
vn -2.145915 -2.734825 2.228849
v 1.151460 -0.068301 2.356940 0.749020 0.749020 0.749020
vn -1.466781 1.587891 4.740437
v 1.673300 0.069799 2.387020 0.749020 0.749020 0.749020
vn -3.344254 -2.650958 -1.574747
v 1.669800 0.454025 2.132150 0.749020 0.749020 0.749020
vn -3.350419 -2.361143 -1.972365
v 1.667050 0.569824 1.973710 0.749020 0.749020 0.749020
vn -3.357011 -2.011613 -2.318426
v 1.664870 0.708990 1.835300 0.749020 0.749020 0.749020
vn -3.361063 -1.612804 -2.606883
v 1.663220 0.868121 1.720440 0.749020 0.749020 0.749020
vn -3.243326 2.146482 2.361164
v 1.526080 0.705917 1.916610 0.749020 0.749020 0.749020
vn -3.036296 -2.363077 -1.978883
v 1.526720 0.570459 1.976580 0.749020 0.749020 0.749020
vn 3.328850 -2.476436 1.867697
v 1.719680 -0.577088 2.055240 0.749020 0.749020 0.749020
vn 3.338151 -2.137670 2.234330
v 1.716200 -0.706272 1.915570 0.749020 0.749020 0.749020
vn -3.262768 -2.107116 2.370582
v 1.519680 -0.705358 1.919630 0.749020 0.749020 0.749020
vn -3.254194 -1.714623 2.677676
v 1.516580 -0.855116 1.802260 0.749020 0.749020 0.749020
vn -3.022930 2.072603 -2.297505
v 1.518410 -0.692760 1.855520 0.749020 0.749020 0.749020
vn -3.272201 -2.446050 2.003473
v 1.523160 -0.576174 2.059280 0.749020 0.749020 0.749020
vn -3.281666 -2.722979 1.587834
v 1.526900 -0.470840 2.217730 0.749020 0.749020 0.749020
vn -2.685246 2.991341 -0.644058
v 1.529820 -0.353847 2.333400 0.749020 0.749020 0.749020
vn -1.530459 1.580969 1.599566
v 1.531010 -0.353720 2.390830 0.749020 0.749020 0.749020
vn -1.956285 -1.417756 2.261923
v 1.530830 -0.392049 2.390900 0.749020 0.749020 0.749020
vn 3.351265 2.454397 1.856830
v 1.724910 0.576402 2.052800 0.749020 0.749020 0.749020
vn -3.249824 2.484170 1.992593
v 1.528390 0.577291 2.056840 0.749020 0.749020 0.749020
vn -3.029804 -2.652211 -1.581281
v 1.529440 0.454685 2.135020 0.749020 0.749020 0.749020
vn -2.693675 -2.956601 -0.658620
v 1.532640 0.365125 2.309650 0.749020 0.749020 0.749020
vn -3.256728 2.759197 1.576444
v 1.531190 0.472618 2.215740 0.749020 0.749020 0.749020
vn 2.047632 1.426426 2.174188
v 1.730910 0.393598 2.385190 0.749020 0.749020 0.749020
vn -1.545042 -1.558788 1.605047
v 1.534260 0.365277 2.389300 0.749020 0.749020 0.749020
vn -1.943327 1.445812 2.256260
v 1.534410 0.394513 2.389230 0.749020 0.749020 0.749020
vn -3.644329 -2.951649 -0.639384
v 1.673000 0.364490 2.306750 0.749020 0.749020 0.749020
vn -1.480891 -1.554152 4.745943
v 1.674620 0.364617 2.386410 0.749020 0.749020 0.749020
vn -3.351929 1.239960 -2.813061
v 1.652980 -1.026160 1.644240 0.749020 0.749020 0.749020
vn -3.337453 -2.875626 -1.136337
v 1.659230 -2.668320 2.313580 0.749020 0.749020 0.749020
vn -3.327839 -3.028720 -0.666975
v 1.662810 -2.729510 2.500780 0.749020 0.749020 0.749020
vn -3.021626 -2.876265 -1.142181
v 1.518840 -2.667660 2.316500 0.749020 0.749020 0.749020
vn -3.028813 -2.650927 -1.581308
v 1.515640 -2.577820 2.141270 0.749020 0.749020 0.749020
vn -3.035657 -2.359746 -1.979323
v 1.512900 -2.461540 1.982320 0.749020 0.749020 0.749020
vn -3.247037 2.371899 2.131928
v 1.513740 -2.411960 2.010870 0.749020 0.749020 0.749020
vn -3.350866 -2.359179 -1.973722
v 1.653290 -2.462170 1.979450 0.749020 0.749020 0.749020
vn -3.041513 -2.010221 -2.328133
v 1.510690 -2.321740 1.843610 0.749020 0.749020 0.749020
vn -3.045197 -1.609758 -2.616881
v 1.509070 -2.161870 1.728570 0.749020 0.749020 0.749020
vn -3.363732 -1.166957 -2.831842
v 1.648410 -1.986560 1.637210 0.749020 0.749020 0.749020
vn -3.048244 -1.168237 -2.837491
v 1.508050 -1.985920 1.640100 0.749020 0.749020 0.749020
vn -3.234890 1.155197 2.984717
v 1.509170 -1.948690 1.685700 0.749020 0.749020 0.749020
vn -3.364279 -0.208335 -3.057855
v 1.648330 -1.604160 1.547950 0.749020 0.749020 0.749020
vn -3.261583 2.899983 1.287732
v 1.519430 -2.613380 2.332330 0.749020 0.749020 0.749020
vn 5.680881 -2.385381 -0.112063
v 1.685600 -2.873810 1.432510 0.749020 0.749020 0.749020
vn 1.419250 -3.754858 -2.601175
v 1.184710 -2.956590 2.189840 0.749020 0.749020 0.749020
vn -3.787849 1.145078 4.309718
v 0.694741 -2.899660 1.509190 0.749020 0.749020 0.749020
vn -2.560602 0.086366 -1.234145
v 0.655142 -2.429410 1.452880 0.749020 0.749020 0.749020
vn -1.307809 -0.947333 -0.645874
v 0.652755 -2.955720 1.454000 0.749020 0.749020 0.749020
vn -2.807364 0.548767 -1.715058
v 0.660933 -2.391610 1.452680 0.749020 0.749020 0.749020
vn -5.686689 1.764824 1.915817
v 0.677088 -2.361510 1.474240 0.749020 0.749020 0.749020
vn -5.741429 2.319694 0.901218
v 0.677139 -2.352950 1.461870 0.749020 0.749020 0.749020
vn -2.944165 1.206468 -2.825905
v 0.674980 -2.356030 1.452300 0.749020 0.749020 0.749020
vn 1.844350 2.417116 3.728796
v 1.096620 -2.452850 1.499970 0.749020 0.749020 0.749020
vn -5.524081 1.138501 2.704269
v 0.677799 -2.364280 1.477700 0.749020 0.749020 0.749020
vn -2.809998 1.250584 3.335205
v 0.715112 -2.278100 1.507490 0.749020 0.749020 0.749020
vn -2.730149 0.543040 4.450772
v 0.697255 -2.347420 1.508000 0.749020 0.749020 0.749020
vn -2.949954 1.233027 -3.217734
v 0.845566 -1.987630 1.448050 0.749020 0.749020 0.749020
vn -3.038079 1.003848 -3.199616
v 0.986942 -1.607030 1.444350 0.749020 0.749020 0.749020
vn 0.000015 -0.000064 0.000293
v 1.095990 -2.339370 1.443610 0.749020 0.749020 0.749020
vn 2.923545 0.917740 3.707789
v 1.071300 -2.417620 1.500430 0.749020 0.749020 0.749020
vn 0.000103 0.000091 0.000547
v 1.095450 -2.452950 1.443840 0.749020 0.749020 0.749020
vn 0.000277 -0.000078 0.000582
v 1.070150 -2.417720 1.444300 0.749020 0.749020 0.749020
vn -3.513418 0.494844 -2.994339
v 1.976400 -1.333090 3.096390 0.749020 0.749020 0.749020
vn -2.887742 0.492182 -3.006904
v 1.973380 -2.189380 3.140380 0.749020 0.749020 0.749020
vn -3.523006 -0.475869 -2.992463
v 1.988340 1.292350 3.090820 0.749020 0.749020 0.749020
vn -3.238862 0.104120 -3.069321
v 1.984860 0.534187 3.092430 0.749020 0.749020 0.749020
vn -3.823602 -1.744254 -2.336112
v 1.978560 -0.590093 3.035830 0.749020 0.749020 0.749020
vn 1.828319 2.247263 -3.882158
v -1.441600 -0.590347 -1.474110 0.749020 0.749020 0.749020
vn 2.987578 0.507348 3.777553
v -1.454760 -0.565201 -1.417730 0.749020 0.749020 0.749020
vn 2.826056 0.493079 -3.901057
v -1.455930 -0.565302 -1.473890 0.749020 0.749020 0.749020
vn -2.884447 -3.074794 0.472557
v -1.694360 -0.897458 -1.355950 0.749020 0.749020 0.749020
vn -0.246733 2.941536 3.103675
v 1.342570 -0.771119 -1.475000 0.749020 0.749020 0.749020
vn -1.692502 3.081893 2.629744
v 1.445950 -0.771474 -1.437620 0.749020 0.749020 0.749020
vn -1.526555 -3.057006 2.758268
v 1.428700 0.758520 -1.455320 0.749020 0.749020 0.749020
vn -1.498884 3.083450 2.743945
v 1.421740 -0.771398 -1.452070 0.749020 0.749020 0.749020
vn -0.987800 2.872308 2.939012
v 1.396570 -0.771322 -1.464770 0.749020 0.749020 0.749020
vn -2.484660 -1.455999 3.892057
v 0.307721 -0.544906 -1.454130 0.749020 0.749020 0.749020
vn -2.824522 0.533147 3.898810
v 0.312623 -0.573303 -1.454170 0.749020 0.749020 0.749020
vn -1.807995 2.278455 3.872223
v 0.298094 -0.598195 -1.453820 0.749020 0.749020 0.749020
vn 0.092507 2.960697 3.831697
v 0.270993 -0.607924 -1.453240 0.749020 0.749020 0.749020
vn -1.965313 2.261909 -3.806154
v 0.296951 -0.598322 -1.509980 0.749020 0.749020 0.749020
vn 1.985848 2.253550 3.796055
v 0.243942 -0.597941 -1.452680 0.749020 0.749020 0.749020
vn -4.671558 1.595664 1.663548
v -1.694890 -0.757149 -1.412390 0.749020 0.749020 0.749020
vn 0.092554 2.960726 3.832562
v -1.413430 -0.600202 -1.418540 0.749020 0.749020 0.749020
vn -0.067850 2.946602 -3.843409
v -1.414600 -0.600304 -1.474670 0.749020 0.749020 0.749020
vn 1.988176 2.256742 3.797040
v -1.440490 -0.590220 -1.417980 0.749020 0.749020 0.749020
vn 2.830397 0.491780 -3.901244
v -0.613715 -0.569189 -1.491230 0.749020 0.749020 0.749020
vn 1.827789 2.244212 -3.883307
v -0.599415 -0.594208 -1.491490 0.749020 0.749020 0.749020
vn 2.988375 0.505925 3.777471
v -0.612546 -0.569062 -1.435100 0.749020 0.749020 0.749020
vn -2.481719 -1.450762 3.896009
v -1.376680 -0.537185 -1.419380 0.749020 0.749020 0.749020
vn -2.826869 0.531973 3.896242
v -1.371830 -0.565582 -1.419450 0.749020 0.749020 0.749020
vn 1.987191 2.269448 3.793639
v -0.598246 -0.594081 -1.435350 0.749020 0.749020 0.749020
vn 0.211249 -0.871455 -6.120864
v 1.262790 -0.921563 -1.527350 0.749020 0.749020 0.749020
vn -3.158532 1.201319 2.969399
v -1.695430 -1.143890 -1.351640 0.749020 0.749020 0.749020
vn -1.450232 1.040325 5.686841
v 1.401670 -1.039140 -1.461210 0.749020 0.749020 0.749020
vn -1.042974 0.945095 5.898026
v 1.353520 -0.979932 -1.480840 0.749020 0.749020 0.749020
vn -0.532382 0.884123 6.062963
v 1.296110 -0.932866 -1.495040 0.749020 0.749020 0.749020
vn -0.255081 -0.225523 5.887815
v 1.260750 -0.916915 -1.499310 0.749020 0.749020 0.749020
vn -5.027158 -1.016839 1.583680
v -1.696110 -0.897636 -1.440180 0.749020 0.749020 0.749020
vn -1.317697 -2.956451 2.847108
v 1.393390 -0.911708 -1.465630 0.749020 0.749020 0.749020
vn 0.034655 -2.199154 3.001451
v 1.223570 -0.910996 -1.500350 0.749020 0.749020 0.749020
vn -0.701590 -2.991969 3.069833
v 1.310410 -0.911403 -1.492450 0.749020 0.749020 0.749020
vn -1.811367 1.149213 5.409875
v 1.442260 -1.102920 -1.438300 0.749020 0.749020 0.749020
vn -2.280283 1.268147 4.900955
v 1.505380 -1.229890 -1.387420 0.749020 0.749020 0.749020
vn -2.599674 -2.612233 1.574688
v -1.693770 -0.889864 -1.327890 0.749020 0.749020 0.749020
vn -2.855777 3.100183 0.461300
v -1.693750 -0.757047 -1.356230 0.749020 0.749020 0.749020
vn -2.051713 2.888632 3.441057
v 1.469060 -0.771550 -1.421430 0.749020 0.749020 0.749020
vn -2.076847 -2.856016 3.450027
v 1.475990 0.758393 -1.424690 0.749020 0.749020 0.749020
vn -2.511965 -2.014882 4.499684
v 1.516080 0.770890 -1.390040 0.749020 0.749020 0.749020
vn -1.720838 -3.056035 2.645163
v 1.452880 0.758444 -1.440870 0.749020 0.749020 0.749020
vn -2.883911 -3.073900 0.473222
v -1.686790 0.772871 -1.359480 0.749020 0.749020 0.749020
vn -0.273724 -2.925641 3.120668
v 1.349530 0.758825 -1.478260 0.749020 0.749020 0.749020
vn 1.076010 -2.771330 3.822728
v 0.262077 0.597027 -1.455500 0.749020 0.749020 0.749020
vn -0.944629 -2.751164 3.866120
v 0.290881 0.596900 -1.456080 0.749020 0.749020 0.749020
vn -1.807757 2.278010 3.873271
v 0.303200 0.524993 -1.456210 0.749020 0.749020 0.749020
vn 0.093316 2.959254 3.833342
v 0.276098 0.515264 -1.455620 0.749020 0.749020 0.749020
vn -1.807484 2.277633 3.874087
v -0.539013 0.528853 -1.438830 0.749020 0.749020 0.749020
vn 0.090796 2.959089 3.833516
v -0.566115 0.519125 -1.438250 0.749020 0.749020 0.749020
vn 1.517499 -3.792264 2.542212
v -0.501777 -0.078029 -1.264230 0.749020 0.749020 0.749020
vn 0.591492 3.793811 2.899648
v -0.487528 0.062306 -1.269800 0.749020 0.749020 0.749020
vn -1.412015 3.802359 2.589313
v -0.459029 0.062179 -1.265380 0.749020 0.749020 0.749020
vn -2.248148 -3.777110 1.959499
v -0.448285 -0.078232 -1.255930 0.749020 0.749020 0.749020
vn -2.746416 3.805773 1.061377
v -0.440055 0.062154 -1.243690 0.749020 0.749020 0.749020
vn -2.981651 -3.774566 0.068860
v -0.437896 -0.078232 -1.229060 0.749020 0.749020 0.749020
vn 1.674803 1.573354 4.675451
v -0.273152 0.060960 -1.443380 0.749020 0.749020 0.749020
vn 1.077090 -2.768846 3.824327
v 0.256946 -0.526136 -1.453110 0.749020 0.749020 0.749020
vn -0.943965 -2.760103 3.868037
v 0.285775 -0.526263 -1.453720 0.749020 0.749020 0.749020
vn -1.104273 -2.776695 -3.812339
v 0.284607 -0.526390 -1.509850 0.749020 0.749020 0.749020
vn 1.986215 2.261635 3.794194
v 0.249072 0.525247 -1.455090 0.749020 0.749020 0.749020
vn 2.988336 0.505997 3.777568
v 0.234772 0.550266 -1.454840 0.749020 0.749020 0.749020
vn -2.483176 -1.454847 3.895730
v -0.529361 0.582143 -1.439140 0.749020 0.749020 0.749020
vn -2.826381 0.534565 3.896331
v -0.524510 0.553745 -1.439190 0.749020 0.749020 0.749020
vn -2.642468 -1.472453 -3.783080
v -0.530530 0.582041 -1.495300 0.749020 0.749020 0.749020
vn -2.982794 0.517341 -3.780720
v -0.525653 0.553644 -1.495350 0.749020 0.749020 0.749020
vn 2.829361 0.491738 -3.900565
v 0.233604 0.550164 -1.511000 0.749020 0.749020 0.749020
vn 1.826732 2.242916 -3.884236
v 0.247904 0.525120 -1.511250 0.749020 0.749020 0.749020
vn -1.966374 2.262277 -3.803365
v -0.540182 0.528752 -1.494990 0.749020 0.749020 0.749020
vn -0.065791 2.944435 -3.844521
v -0.567284 0.519024 -1.494410 0.749020 0.749020 0.749020
vn 1.986252 2.261777 3.794037
v -0.593141 0.529107 -1.437740 0.749020 0.749020 0.749020
vn 0.090772 2.959555 3.833210
v -1.408330 0.522986 -1.420900 0.749020 0.749020 0.749020
vn -1.466163 1.587570 4.740371
v -0.694233 0.062890 -1.434690 0.749020 0.749020 0.749020
vn -1.480476 -1.554173 4.746908
v -0.694868 -0.077495 -1.434390 0.749020 0.749020 0.749020
vn 2.249854 3.776484 -1.959722
v -0.511048 0.062535 -1.200760 0.749020 0.749020 0.749020
vn 2.748738 -3.805380 -1.061626
v -0.519252 -0.077826 -1.212980 0.749020 0.749020 0.749020
vn 2.980759 3.775399 -0.069075
v -0.521437 0.062560 -1.227610 0.749020 0.749020 0.749020
vn 2.329005 3.784607 1.848889
v -0.512166 0.062433 -1.254890 0.749020 0.749020 0.749020
vn 2.788233 -3.800507 0.964599
v -0.519836 -0.077902 -1.241780 0.749020 0.749020 0.749020
vn -0.470593 -3.780898 2.937536
v -0.473532 -0.078156 -1.269800 0.749020 0.749020 0.749020
vn 1.660582 -1.568078 4.682506
v -0.273761 -0.079426 -1.443080 0.749020 0.749020 0.749020
vn -2.327540 -3.784429 -1.848482
v -0.447167 -0.078130 -1.201780 0.749020 0.749020 0.749020
vn -2.787872 3.802042 -0.964963
v -0.439471 0.062205 -1.214880 0.749020 0.749020 0.749020
vn 2.669393 2.608486 1.456266
v -0.272542 0.061798 -1.050190 0.749020 0.749020 0.749020
vn 3.109299 2.866702 0.336043
v -0.265608 0.061697 -1.078410 0.749020 0.749020 0.749020
vn 2.646937 -2.625558 1.470179
v -0.273177 -0.078613 -1.049880 0.749020 0.749020 0.749020
vn 0.457647 -2.874585 3.084877
v -0.321259 -0.078334 -1.020800 0.749020 0.749020 0.749020
vn -0.356919 -2.870788 3.101880
v -0.630047 -0.076911 -1.014450 0.749020 0.749020 0.749020
vn -0.591828 -3.794003 -2.900120
v -0.471805 -0.077978 -1.186870 0.749020 0.749020 0.749020
vn 0.470174 3.781864 -2.936629
v -0.485800 0.062484 -1.186870 0.749020 0.749020 0.749020
vn 0.483291 2.884299 3.072652
v -0.320599 0.062078 -1.021110 0.749020 0.749020 0.749020
vn -1.515651 3.790781 -2.546128
v -0.457556 0.062332 -1.192450 0.749020 0.749020 0.749020
vn 3.082188 -2.893191 0.348656
v -0.266243 -0.078715 -1.078100 0.749020 0.749020 0.749020
vn -0.329282 2.888287 3.090080
v -0.629412 0.063475 -1.014760 0.749020 0.749020 0.749020
vn -2.583424 2.633309 1.564819
v -0.678612 0.063652 -1.041830 0.749020 0.749020 0.749020
vn -1.476989 -2.606698 2.667022
v -0.658266 -0.076784 -1.021410 0.749020 0.749020 0.749020
vn 1.412312 -3.802146 -2.587541
v -0.500278 -0.077876 -1.191290 0.749020 0.749020 0.749020
vn -3.065672 2.894753 0.464025
v -0.686714 0.063627 -1.069750 0.749020 0.749020 0.749020
vn -3.091181 -2.864492 0.477157
v -0.687349 -0.076784 -1.069420 0.749020 0.749020 0.749020
vn -1.448377 2.629463 2.650420
v -0.657631 0.063602 -1.021690 0.749020 0.749020 0.749020
vn -2.610930 -2.602937 1.580930
v -0.679247 -0.076733 -1.041530 0.749020 0.749020 0.749020
vn 1.557700 -2.621387 2.599384
v -0.293319 -0.078486 -1.028930 0.749020 0.749020 0.749020
vn 1.584761 2.616482 2.594014
v -0.292684 0.061925 -1.029210 0.749020 0.749020 0.749020
vn 2.628580 -1.482324 3.789262
v 0.234798 -0.544551 -1.452630 0.749020 0.749020 0.749020
vn 0.917373 -2.787464 -3.852119
v 0.255803 -0.526263 -1.509240 0.749020 0.749020 0.749020
vn -0.064346 2.944101 -3.844047
v 0.274930 0.515163 -1.511780 0.749020 0.749020 0.749020
vn -1.964942 2.260222 -3.802856
v -1.382400 0.532613 -1.477650 0.749020 0.749020 0.749020
vn 2.985705 0.506018 3.777496
v -0.607441 0.554126 -1.437460 0.749020 0.749020 0.749020
vn -2.826389 0.535548 3.897743
v -1.366700 0.557632 -1.421840 0.749020 0.749020 0.749020
vn -2.483519 -1.455482 3.894675
v -1.371570 0.586003 -1.421790 0.749020 0.749020 0.749020
vn -2.641278 -1.470073 -3.782791
v -1.372740 0.585902 -1.477950 0.749020 0.749020 0.749020
vn -1.807416 2.276521 3.873651
v -1.381230 0.532714 -1.421460 0.749020 0.749020 0.749020
vn 1.828692 2.241762 -3.883767
v -0.594335 0.529006 -1.493880 0.749020 0.749020 0.749020
vn 2.828161 0.492201 -3.899750
v -0.608609 0.554025 -1.493650 0.749020 0.749020 0.749020
vn 2.630776 -1.478544 3.787830
v -0.602310 0.582473 -1.437660 0.749020 0.749020 0.749020
vn -1.101634 -2.776677 -3.812259
v -1.394710 0.604520 -1.477520 0.749020 0.749020 0.749020
vn -2.984047 0.520912 -3.779784
v -1.367870 0.557479 -1.477980 0.749020 0.749020 0.749020
vn 2.472064 -1.496184 -3.889066
v -0.603479 0.582371 -1.493770 0.749020 0.749020 0.749020
vn -0.942428 -2.761601 3.866300
v -1.393570 0.604647 -1.421380 0.749020 0.749020 0.749020
vn 0.919373 -2.785779 -3.853030
v -1.423520 0.604647 -1.476930 0.749020 0.749020 0.749020
vn -0.943267 -2.762135 3.864133
v -0.551358 0.600761 -1.438730 0.749020 0.749020 0.749020
vn -2.642100 -1.474796 -3.783238
v 0.311683 0.578180 -1.512650 0.749020 0.749020 0.749020
vn -2.484912 -1.458875 3.892325
v 0.312826 0.578282 -1.456510 0.749020 0.749020 0.749020
vn -2.823119 0.531332 3.899141
v 0.317729 0.549885 -1.456540 0.749020 0.749020 0.749020
vn -2.982853 0.516347 -3.779474
v 0.316560 0.549783 -1.512700 0.749020 0.749020 0.749020
vn -1.966034 2.262074 -3.805146
v 0.302057 0.524891 -1.512340 0.749020 0.749020 0.749020
vn -2.641836 -1.472308 -3.783367
v 0.306578 -0.545008 -1.510280 0.749020 0.749020 0.749020
vn -0.040344 0.876545 -6.140532
v 1.231210 0.903884 -1.532280 0.749020 0.749020 0.749020
vn -0.049499 -0.891265 -6.140388
v 1.222960 -0.915289 -1.528420 0.749020 0.749020 0.749020
vn -2.984741 0.518412 -3.779556
v 0.311455 -0.573430 -1.510310 0.749020 0.749020 0.749020
vn -0.064588 2.943573 -3.846001
v 0.269824 -0.608051 -1.509400 0.749020 0.749020 0.749020
vn 0.092566 2.959847 3.832139
v -0.571221 -0.604063 -1.435860 0.749020 0.749020 0.749020
vn -0.065624 2.943974 -3.846026
v -0.572389 -0.604190 -1.492020 0.749020 0.749020 0.749020
vn -1.808326 2.271707 3.873360
v -1.386330 -0.590474 -1.419100 0.749020 0.749020 0.749020
vn -1.965372 2.262058 -3.805155
v -1.387500 -0.590601 -1.475260 0.749020 0.749020 0.749020
vn -2.644176 -1.470938 -3.781521
v -1.377850 -0.537312 -1.475540 0.749020 0.749020 0.749020
vn -2.982527 0.518709 -3.780917
v -1.372970 -0.565683 -1.475610 0.749020 0.749020 0.749020
vn 1.076102 -2.769967 3.824962
v -0.585241 -0.522275 -1.435760 0.749020 0.749020 0.749020
vn 2.627733 -1.478171 3.789302
v -0.607416 -0.540715 -1.435250 0.749020 0.749020 0.749020
vn 2.469562 -1.494983 -3.887103
v -0.608559 -0.540817 -1.491410 0.749020 0.749020 0.749020
vn -0.941410 -2.764937 3.864408
v -1.398680 -0.518566 -1.419000 0.749020 0.749020 0.749020
vn 1.075969 -2.770983 3.823076
v -1.427480 -0.518439 -1.418390 0.749020 0.749020 0.749020
vn 0.915638 -2.786366 -3.853117
v -1.428620 -0.518541 -1.474550 0.749020 0.749020 0.749020
vn -1.100762 -2.777062 -3.813441
v -1.399820 -0.518668 -1.475130 0.749020 0.749020 0.749020
vn -0.067664 2.943552 -3.844590
v -1.409500 0.522884 -1.477060 0.749020 0.749020 0.749020
vn 2.992609 0.508691 3.777579
v -1.449650 0.558013 -1.420140 0.749020 0.749020 0.749020
vn 2.627918 -1.481401 3.788807
v -1.444520 0.586334 -1.420290 0.749020 0.749020 0.749020
vn 1.077650 -2.767430 3.824889
v -1.422370 0.604774 -1.420770 0.749020 0.749020 0.749020
vn 2.468523 -1.494323 -3.888744
v -1.445690 0.586207 -1.476450 0.749020 0.749020 0.749020
vn -5.719539 1.069226 -5.983929
v -1.688460 0.917270 -1.472080 0.749020 0.749020 0.749020
vn 1.450935 1.023276 -5.692264
v 1.425470 1.042640 -1.489890 0.749020 0.749020 0.749020
vn 0.217860 0.837651 -6.127090
v 1.271120 0.909803 -1.531210 0.749020 0.749020 0.749020
vn -1.101051 -2.776854 -3.813104
v -0.552501 0.600659 -1.494890 0.749020 0.749020 0.749020
vn -1.100918 -2.774905 -3.813295
v 0.289712 0.596798 -1.512260 0.749020 0.749020 0.749020
vn 2.470477 -1.499323 -3.887582
v 0.238760 0.578510 -1.511150 0.749020 0.749020 0.749020
vn 0.917454 -2.786386 -3.854338
v 0.260909 0.596925 -1.511660 0.749020 0.749020 0.749020
vn 0.608957 -0.901204 -6.047539
v 1.299260 -0.937920 -1.522980 0.749020 0.749020 0.749020
vn 0.615760 0.869327 -6.051256
v 1.307720 0.925855 -1.526950 0.749020 0.749020 0.749020
vn 1.074143 0.936144 -5.891917
v 1.372440 0.978052 -1.511250 0.749020 0.749020 0.749020
vn 1.064741 -0.970499 -5.888377
v 1.363500 -0.990651 -1.507060 0.749020 0.749020 0.749020
vn 1.441863 -1.060354 -5.687552
v 1.415950 -1.055620 -1.485440 0.749020 0.749020 0.749020
vn 1.893046 1.113066 -5.347209
v 1.469690 1.111120 -1.465220 0.749020 0.749020 0.749020
vn 2.360250 -1.284069 -4.778234
v 1.533200 -1.274450 -1.398930 0.749020 0.749020 0.749020
vn -3.160035 1.443861 2.855440
v -1.694280 -1.381680 -1.242420 0.749020 0.749020 0.749020
vn -2.591705 1.586574 4.322311
v 1.555980 -1.364720 -1.325500 0.749020 0.749020 0.749020
vn -2.688298 -1.039880 4.975599
v 1.522250 -0.881482 -1.372310 0.749020 0.749020 0.749020
vn -1.986621 -2.794374 3.512216
v 1.468430 -0.911962 -1.421130 0.749020 0.749020 0.749020
vn -2.510861 -2.016708 4.498041
v 1.508480 -0.899439 -1.386540 0.749020 0.749020 0.749020
vn -2.813029 0.426092 3.146204
v -1.692830 -0.813105 -1.299970 0.749020 0.749020 0.749020
vn -2.658813 1.095291 4.992178
v 1.522600 -0.802284 -1.372490 0.749020 0.749020 0.749020
vn -2.490782 2.058406 4.491518
v 1.509010 -0.784301 -1.386760 0.749020 0.749020 0.749020
vn -2.576574 2.643838 1.567023
v -1.693190 -0.764540 -1.328170 0.749020 0.749020 0.749020
vn -2.557519 1.536016 2.677914
v -1.692860 -0.785038 -1.307570 0.749020 0.749020 0.749020
vn -2.570711 -1.499987 2.681782
v -1.685670 0.801040 -1.310920 0.749020 0.749020 0.749020
vn -2.600350 -2.613663 1.575789
v -1.686180 0.780466 -1.331440 0.749020 0.749020 0.749020
vn -2.813017 0.426957 3.146203
v -1.685240 0.857225 -1.303500 0.749020 0.749020 0.749020
vn -2.678352 1.085485 4.971056
v 1.530200 0.868020 -1.376020 0.749020 0.749020 0.749020
vn -2.491182 2.059639 4.490317
v 1.516580 0.886028 -1.390320 0.749020 0.749020 0.749020
vn -2.574063 2.643672 1.564334
v -1.685600 0.905815 -1.331700 0.749020 0.749020 0.749020
vn -2.558054 1.535830 2.679960
v -1.685260 0.885292 -1.311100 0.749020 0.749020 0.749020
vn -1.961599 2.826505 3.499964
v 1.476650 0.898779 -1.424990 0.749020 0.749020 0.749020
vn -2.857827 3.102355 0.458552
v -1.686150 0.913257 -1.359790 0.749020 0.749020 0.749020
vn -1.290533 2.980381 2.833991
v 1.401620 0.899008 -1.469470 0.749020 0.749020 0.749020
vn -5.017291 1.070037 1.584147
v -1.687880 0.913105 -1.443990 0.749020 0.749020 0.749020
vn 0.055062 2.216385 2.995820
v 1.231800 0.899719 -1.504190 0.749020 0.749020 0.749020
vn -0.251615 0.264541 5.880735
v 1.269030 0.905256 -1.503200 0.749020 0.749020 0.749020
vn -0.673029 3.009662 3.051050
v 1.318640 0.899338 -1.496310 0.749020 0.749020 0.749020
vn -0.540648 -0.856530 6.066344
v 1.304540 0.920928 -1.498980 0.749020 0.749020 0.749020
vn -1.050431 -0.910384 5.902951
v 1.362350 0.967537 -1.484960 0.749020 0.749020 0.749020
vn -1.461265 -1.002214 5.689660
v 1.411070 1.026390 -1.465610 0.749020 0.749020 0.749020
vn 1.882995 -1.152930 -5.342269
v 1.459540 -1.124410 -1.460470 0.749020 0.749020 0.749020
vn 2.372287 1.242092 -4.782997
v 1.544730 1.260750 -1.404310 0.749020 0.749020 0.749020
vn -6.231672 -3.341582 -5.169668
v -1.693040 -1.644070 -1.124510 0.749020 0.749020 0.749020
vn -3.161253 1.678468 2.725744
v -1.692660 -1.609270 -1.113260 0.749020 0.749020 0.749020
vn -4.482084 1.588424 3.336877
v 1.572110 -1.384650 -1.299060 0.749020 0.749020 0.749020
vn -2.664023 -0.298070 5.020570
v 1.527760 -0.855929 -1.366320 0.749020 0.749020 0.749020
vn -2.570842 -1.500636 2.686395
v -1.693240 -0.869290 -1.307390 0.749020 0.749020 0.749020
vn -2.817994 -0.387196 3.145463
v -1.692960 -0.841172 -1.299920 0.749020 0.749020 0.749020
vn -2.659893 0.344496 5.022510
v 1.527890 -0.827862 -1.366370 0.749020 0.749020 0.749020
vn -2.662588 -0.298113 5.023637
v 1.535350 0.814375 -1.369850 0.749020 0.749020 0.749020
vn -2.663249 -1.049140 5.003105
v 1.529820 0.788848 -1.375840 0.749020 0.749020 0.749020
vn -2.817568 -0.387751 3.153841
v -1.685370 0.829132 -1.303450 0.749020 0.749020 0.749020
vn -2.664950 0.344355 5.014400
v 1.535480 0.842467 -1.369920 0.749020 0.749020 0.749020
vn -3.172779 -1.404490 2.864573
v -1.681630 1.397960 -1.248310 0.749020 0.749020 0.749020
vn -2.291692 -1.226596 4.906295
v 1.516480 1.216480 -1.392610 0.749020 0.749020 0.749020
vn -1.821803 -1.110254 5.414624
v 1.452220 1.089890 -1.442950 0.749020 0.749020 0.749020
vn -3.169327 -1.161713 2.979891
v -1.684930 1.159710 -1.356540 0.749020 0.749020 0.749020
vn 2.884572 1.758932 -3.478823
v 1.602180 1.415290 -1.330980 0.749020 0.749020 0.749020
vn 6.050742 -1.287953 -0.705573
v 1.678560 -2.843580 0.958164 0.749020 0.749020 0.749020
vn 5.429863 -2.826571 -0.956443
v 1.657480 -2.886910 0.919201 0.749020 0.749020 0.749020
vn 5.666271 -2.198697 -1.381037
v 1.652290 -2.865370 0.851078 0.749020 0.749020 0.749020
vn 4.674325 -3.753216 -1.638326
v 1.606930 -2.907360 0.781253 0.749020 0.749020 0.749020
vn 4.217537 -4.468071 -1.125467
v 1.613840 -2.923690 0.853719 0.749020 0.749020 0.749020
vn 2.081856 -5.841043 -0.752567
v 1.549780 -2.951910 0.802107 0.749020 0.749020 0.749020
vn -1.747162 -3.404840 2.612418
v 0.125603 -2.954400 0.953745 0.749020 0.749020 0.749020
vn 0.254912 -6.271032 -0.052029
v 1.522780 -2.960880 0.884453 0.749020 0.749020 0.749020
vn 0.213860 -6.273664 -0.079675
v 1.495070 -2.960930 0.799592 0.749020 0.749020 0.749020
vn 0.856907 -6.186278 -0.410510
v 1.498550 -2.959480 0.755955 0.749020 0.749020 0.749020
vn 0.167733 -6.276193 -0.094691
v 1.458620 -2.960930 0.725449 0.749020 0.749020 0.749020
vn 0.734738 -6.202625 -0.461440
v 1.469010 -2.959760 0.706323 0.749020 0.749020 0.749020
vn 1.551227 -5.982577 -0.975548
v 1.488210 -2.954860 0.694258 0.749020 0.749020 0.749020
vn 1.819631 -5.917566 -0.871983
v 1.521000 -2.953510 0.745134 0.749020 0.749020 0.749020
vn 0.989820 -6.165538 -0.352130
v 1.524180 -2.959150 0.811479 0.749020 0.749020 0.749020
vn 3.039743 -5.355062 -1.104843
v 1.573530 -2.939360 0.793471 0.749020 0.749020 0.749020
vn 3.369099 -5.010338 -1.632506
v 1.553640 -2.935000 0.729412 0.749020 0.749020 0.749020
vn 3.806033 -4.756279 -1.396713
v 1.586250 -2.929690 0.788797 0.749020 0.749020 0.749020
vn 5.078246 -3.050612 -1.948849
v 1.611220 -2.885360 0.752704 0.749020 0.749020 0.749020
vn 2.868504 -1.799705 -3.471079
v 1.589280 -1.429180 -1.324940 0.749020 0.749020 0.749020
vn 2.368940 -3.169664 -3.790555
v 1.534870 -1.576450 -1.241700 0.749020 0.749020 0.749020
vn 4.200525 -4.113818 -2.018603
v 1.572970 -2.916220 0.720115 0.749020 0.749020 0.749020
vn 2.676437 -5.509542 -1.286922
v 1.542110 -2.943100 0.734949 0.749020 0.749020 0.749020
vn 1.887846 -5.762956 -1.570898
v 1.467100 -2.948970 0.637946 0.749020 0.749020 0.749020
vn 1.277361 -6.036272 -1.062769
v 1.451890 -2.955950 0.650494 0.749020 0.749020 0.749020
vn 2.291022 -5.645731 -1.442833
v 1.506500 -2.946320 0.682828 0.749020 0.749020 0.749020
vn 2.901752 -5.231808 -1.835099
v 1.516580 -2.939640 0.676478 0.749020 0.749020 0.749020
vn 3.086248 -4.819731 -2.465070
v 1.490620 -2.930680 0.618592 0.749020 0.749020 0.749020
vn 3.586586 -4.485826 -2.393609
v 1.533980 -2.924020 0.665556 0.749020 0.749020 0.749020
vn 3.363751 -4.396783 -2.885594
v 1.491640 -2.917040 0.596875 0.749020 0.749020 0.749020
vn 2.398411 -5.424833 -2.002458
v 1.475640 -2.943500 0.630911 0.749020 0.749020 0.749020
vn 2.484573 -4.986632 -2.775734
v 1.443530 -2.936040 0.580085 0.749020 0.749020 0.749020
vn 1.736394 -5.237529 -2.912736
v 1.398570 -2.939770 0.553110 0.749020 0.749020 0.749020
vn 2.290164 -4.848806 -3.204785
v 1.417680 -2.927450 0.545363 0.749020 0.749020 0.749020
vn 1.456805 -4.051686 -4.117514
v 1.420040 -1.768480 -1.115210 0.749020 0.749020 0.749020
vn 4.297199 -3.787434 -2.477268
v 1.557000 -2.902790 0.666877 0.749020 0.749020 0.749020
vn 1.894207 -3.712499 -4.000105
v 1.462940 -1.709980 -1.156110 0.749020 0.749020 0.749020
vn -3.248906 2.447146 2.043546
v -1.689910 -1.863290 -0.925043 0.749020 0.749020 0.749020
vn 0.073215 4.165551 4.670943
v 1.229110 -1.838400 -1.025350 0.749020 0.749020 0.749020
vn -3.287925 2.041781 2.448507
v -1.690570 -1.824990 -0.965149 0.749020 0.749020 0.749020
vn -0.854815 3.851537 4.744351
v 1.402610 -1.718970 -1.114780 0.749020 0.749020 0.749020
vn -2.980221 3.390280 4.355418
v 1.534590 -1.503380 -1.237670 0.749020 0.749020 0.749020
vn -1.334662 3.291465 4.899856
v 1.508940 -1.517190 -1.243050 0.749020 0.749020 0.749020
vn -5.860721 0.932900 1.982440
v 1.586920 -1.393750 -1.257680 0.749020 0.749020 0.749020
vn -3.314601 -3.036960 4.389173
v 1.578740 1.384830 -1.300020 0.749020 0.749020 0.749020
vn -3.002590 -3.202929 4.483766
v 1.573200 1.406880 -1.288750 0.749020 0.749020 0.749020
vn -2.601971 -1.534748 4.341093
v 1.568300 1.351130 -1.331260 0.749020 0.749020 0.749020
vn -3.176363 -1.638957 2.734323
v -1.677950 1.626080 -1.120140 0.749020 0.749020 0.749020
vn -6.197573 3.374980 -5.182602
v -1.678030 1.660860 -1.131540 0.749020 0.749020 0.749020
vn 1.928178 3.677876 -4.015903
v 1.478430 1.697940 -1.163340 0.749020 0.749020 0.749020
vn 2.397953 3.131538 -3.803643
v 1.549150 1.563370 -1.248380 0.749020 0.749020 0.749020
vn 5.061044 3.064868 -1.944208
v 1.636680 2.858900 0.710032 0.749020 0.749020 0.749020
vn 5.863964 -0.782392 -1.562917
v 1.633980 -1.375740 -1.224050 0.749020 0.749020 0.749020
vn 5.870619 0.722491 -1.566710
v 1.646400 1.361850 -1.229890 0.749020 0.749020 0.749020
vn 5.702168 -2.342719 -0.473020
v 1.673200 -2.875560 0.993648 0.749020 0.749020 0.749020
vn 6.207362 -0.671457 -0.221658
v 1.689050 -2.820850 1.069900 0.749020 0.749020 0.749020
vn 5.682631 -2.348481 -0.198868
v 1.678150 -2.874520 1.070200 0.749020 0.749020 0.749020
vn 4.913207 -3.806947 -0.443002
v 1.652270 -2.909980 0.995782 0.749020 0.749020 0.749020
vn 3.995211 -4.778139 -0.346380
v 1.637440 -2.925390 0.997255 0.749020 0.749020 0.749020
vn 4.579203 -4.159565 -0.818567
v 1.635960 -2.917110 0.923087 0.749020 0.749020 0.749020
vn 5.038070 -3.332787 -1.429271
v 1.635280 -2.897560 0.847979 0.749020 0.749020 0.749020
vn 3.715694 -4.979228 -0.649081
v 1.621540 -2.930500 0.925678 0.749020 0.749020 0.749020
vn 3.392001 -5.172852 -0.893269
v 1.600150 -2.935200 0.857352 0.749020 0.749020 0.749020
vn 2.569234 -5.661024 -0.443748
v 1.593370 -2.948050 0.930758 0.749020 0.749020 0.749020
vn 1.120715 -6.141001 -0.285124
v 1.545440 -2.958770 0.871957 0.749020 0.749020 0.749020
vn 2.330274 -5.757261 -0.609791
v 1.574040 -2.950080 0.864337 0.749020 0.749020 0.749020
vn 0.300426 -6.267139 -0.024401
v 1.540660 -2.960780 0.976808 0.749020 0.749020 0.749020
vn 1.230803 -6.116596 -0.209511
v 1.561900 -2.958290 0.936371 0.749020 0.749020 0.749020
vn 0.555931 -6.230662 0.036278
v 1.548050 -2.960600 1.073070 0.749020 0.749020 0.749020
vn -2.025695 -3.438241 2.401038
v 0.325526 -2.954980 1.099060 0.749020 0.749020 0.749020
vn -1.442806 -3.360261 2.795285
v -0.089713 -2.953660 0.832485 0.749020 0.749020 0.749020
vn -0.042310 -6.268465 -0.294666
v 1.257150 -2.960320 0.584835 0.749020 0.749020 0.749020
vn 0.455644 -6.230083 -0.523077
v 1.400170 -2.960040 0.628421 0.749020 0.749020 0.749020
vn 0.116912 -6.278135 -0.112882
v 1.414830 -2.960850 0.664870 0.749020 0.749020 0.749020
vn 0.333901 -6.237882 -0.554691
v 1.365890 -2.960060 0.603733 0.749020 0.749020 0.749020
vn 1.095726 -5.923554 -1.735775
v 1.384170 -2.952520 0.575386 0.749020 0.749020 0.749020
vn 1.481332 -5.856881 -1.664824
v 1.424580 -2.951120 0.601167 0.749020 0.749020 0.749020
vn 0.598840 -6.217353 -0.497142
v 1.436040 -2.959940 0.663550 0.749020 0.749020 0.749020
vn 0.995787 -6.081378 -1.123517
v 1.412600 -2.956810 0.614578 0.749020 0.749020 0.749020
vn 1.893116 -5.576312 -2.131100
v 1.431390 -2.946630 0.593573 0.749020 0.749020 0.749020
vn 0.917152 -5.759572 -2.288699
v 1.345720 -2.950210 0.548665 0.749020 0.749020 0.749020
vn 1.403577 -5.685376 -2.224489
v 1.389330 -2.948740 0.567411 0.749020 0.749020 0.749020
vn 1.297552 -5.328695 -2.964915
v 1.351920 -2.942410 0.533781 0.749020 0.749020 0.749020
vn 1.077452 -4.269222 -4.157087
v 1.367610 -1.822580 -1.075360 0.749020 0.749020 0.749020
vn 0.618586 -4.445830 -4.187725
v 1.304040 -1.864360 -1.042720 0.749020 0.749020 0.749020
vn -0.027757 -4.517843 -4.239664
v 1.228850 -1.881380 -1.027940 0.749020 0.749020 0.749020
vn 0.143436 -5.300340 -3.333530
v 1.255620 -2.935610 0.505028 0.749020 0.749020 0.749020
vn 0.525292 -5.344328 -3.144956
v 1.304110 -2.943910 0.522478 0.749020 0.749020 0.749020
vn 0.415993 -5.808307 -2.310750
v 1.301170 -2.951000 0.537693 0.749020 0.749020 0.749020
vn 0.712046 -5.967478 -1.782707
v 1.342310 -2.953510 0.556895 0.749020 0.749020 0.749020
vn 0.735034 -6.111160 -1.172725
v 1.375160 -2.957350 0.589356 0.749020 0.749020 0.749020
vn 0.468679 -6.133770 -1.198108
v 1.336340 -2.957680 0.571271 0.749020 0.749020 0.749020
vn 0.303358 -5.994676 -1.807392
v 1.299520 -2.953990 0.546075 0.749020 0.749020 0.749020
vn 0.018270 -5.741519 -2.456187
v 1.256050 -2.949190 0.529768 0.749020 0.749020 0.749020
vn -6.196482 -5.299872 -3.198697
v -1.664060 -2.922220 0.565201 0.749020 0.749020 0.749020
vn -1.031757 5.519418 1.752841
v 1.378710 -2.737380 0.299695 0.749020 0.749020 0.749020
vn -0.025793 5.697941 1.819962
v 1.251590 -2.736850 0.265582 0.749020 0.749020 0.749020
vn -0.309759 5.649127 1.852386
v 1.294490 -2.737050 0.268808 0.749020 0.749020 0.749020
vn -0.040411 4.875931 3.917038
v 1.229740 -1.876680 -0.985241 0.749020 0.749020 0.749020
vn -0.504330 4.851516 3.893563
v 1.275590 -1.870710 -0.990321 0.749020 0.749020 0.749020
vn -0.130447 4.546146 4.333056
v 1.251640 -1.855900 -1.006980 0.749020 0.749020 0.749020
vn -0.775708 4.434727 4.378911
v 1.314450 -1.833020 -1.024530 0.749020 0.749020 0.749020
vn -0.296828 4.100470 4.698092
v 1.295600 -1.820210 -1.040490 0.749020 0.749020 0.749020
vn -0.435048 4.510436 4.350511
v 1.284250 -1.847440 -1.013690 0.749020 0.749020 0.749020
vn -0.087266 4.165458 4.664130
v 1.262350 -1.833830 -1.029560 0.749020 0.749020 0.749020
vn -0.569478 3.995535 4.724380
v 1.353340 -1.776430 -1.073680 0.749020 0.749020 0.749020
vn -1.855313 4.526391 3.789452
v 1.381560 -1.808020 -1.034920 0.749020 0.749020 0.749020
vn -1.011515 4.406903 4.357838
v 1.354810 -1.803760 -1.045900 0.749020 0.749020 0.749020
vn -1.140141 4.737504 3.864712
v 1.317370 -1.854630 -1.002130 0.749020 0.749020 0.749020
vn -0.676815 5.600977 1.814245
v 1.337010 -2.737230 0.280238 0.749020 0.749020 0.749020
vn -1.426867 4.245266 4.403262
v 1.398880 -1.758310 -1.077980 0.749020 0.749020 0.749020
vn -0.994536 3.642586 4.842074
v 1.444900 -1.653460 -1.159030 0.749020 0.749020 0.749020
vn -1.933712 4.037679 4.405560
v 1.455420 -1.676910 -1.132660 0.749020 0.749020 0.749020
vn -2.454216 4.239808 3.718787
v 1.430680 -1.752600 -1.072520 0.749020 0.749020 0.749020
vn -1.489385 5.332463 1.662727
v 1.419070 -2.737480 0.327000 0.749020 0.749020 0.749020
vn -3.091190 3.900800 3.502988
v 1.471620 -1.690880 -1.112770 0.749020 0.749020 0.749020
vn -2.530800 4.733786 1.695466
v 1.557830 -2.737740 0.506603 0.749020 0.749020 0.749020
vn -2.058608 4.990216 1.448215
v 1.493880 -2.737690 0.403682 0.749020 0.749020 0.749020
vn -2.878173 4.307161 2.426818
v 1.565450 -2.742290 0.528523 0.749020 0.749020 0.749020
vn -3.843681 3.282863 3.220237
v 1.533020 -1.564080 -1.189970 0.749020 0.749020 0.749020
vn -2.351979 3.746551 4.449411
v 1.506120 -1.576480 -1.195270 0.749020 0.749020 0.749020
vn -2.299466 3.804666 4.414563
v 1.486640 -1.618790 -1.169540 0.749020 0.749020 0.749020
vn -2.853841 3.750624 3.248363
v 1.565660 -2.755440 0.547395 0.749020 0.749020 0.749020
vn -4.109099 4.508742 1.211238
v 1.588340 -2.904570 0.839267 0.749020 0.749020 0.749020
vn -5.557520 2.451295 1.441078
v 1.619960 -2.859710 0.837895 0.749020 0.749020 0.749020
vn -4.866244 3.580317 1.384368
v 1.605380 -2.884550 0.834238 0.749020 0.749020 0.749020
vn -5.022235 3.180549 1.867614
v 1.591180 -2.871370 0.768223 0.749020 0.749020 0.749020
vn -4.394144 2.333398 2.949255
v 1.577340 -1.428500 -1.264490 0.749020 0.749020 0.749020
vn -5.873847 1.816895 1.049708
v 1.641450 -2.847190 0.912520 0.749020 0.749020 0.749020
vn -6.011093 1.044715 1.198333
v 1.609830 -1.385210 -1.181910 0.749020 0.749020 0.749020
vn -6.144448 0.496693 1.063307
v 1.612370 -1.354890 -1.184280 0.749020 0.749020 0.749020
vn -6.255360 0.217652 0.476947
v 1.623060 -1.326490 -1.100480 0.749020 0.749020 0.749020
vn -6.281142 0.044331 0.149284
v 1.623160 -1.311200 -1.101520 0.749020 0.749020 0.749020
vn -6.280602 0.052857 0.172091
v 1.623030 -1.313280 -1.105480 0.749020 0.749020 0.749020
vn -6.281178 0.034862 0.147990
v 1.623010 -1.286360 -1.114630 0.749020 0.749020 0.749020
vn -6.241614 0.096166 0.576872
v 1.622830 -1.289250 -1.120140 0.749020 0.749020 0.749020
vn -6.245227 0.021085 0.575747
v 1.634460 1.275920 -1.125580 0.749020 0.749020 0.749020
vn -3.132693 -1.519078 3.007088
v 1.634640 1.286430 -1.120090 0.749020 0.749020 0.749020
vn -6.201035 -0.267251 0.757179
v 1.631820 1.320500 -1.150240 0.749020 0.749020 0.749020
vn -5.988733 -0.230547 1.658916
v 1.620240 1.324860 -1.218560 0.749020 0.749020 0.749020
vn -5.976547 0.356942 1.653597
v 1.608150 -1.338450 -1.212900 0.749020 0.749020 0.749020
vn -5.861334 -0.884423 2.011110
v 1.598600 1.381200 -1.265530 0.749020 0.749020 0.749020
vn -4.527135 -2.286114 2.879144
v 1.590240 1.414930 -1.270530 0.749020 0.749020 0.749020
vn -4.601155 -1.446544 3.324672
v 1.584630 1.371040 -1.304950 0.749020 0.749020 0.749020
vn -6.028315 -1.016821 1.165052
v 1.622350 1.371750 -1.187780 0.749020 0.749020 0.749020
vn -5.956486 -1.491580 0.907188
v 1.670020 2.818510 0.885876 0.749020 0.749020 0.749020
vn -2.981305 -3.413669 4.338640
v 1.544040 1.502390 -1.237310 0.749020 0.749020 0.749020
vn -1.367479 -3.262730 4.907586
v 1.522480 1.504850 -1.249200 0.749020 0.749020 0.749020
vn -1.093787 -3.639006 4.799086
v 1.459250 1.642690 -1.165300 0.749020 0.749020 0.749020
vn -1.802451 -4.082828 4.420421
v 1.445490 1.705480 -1.113380 0.749020 0.749020 0.749020
vn -1.439633 -4.232845 4.411617
v 1.410890 1.751840 -1.082240 0.749020 0.749020 0.749020
vn -0.601046 -3.967388 4.744925
v 1.370050 1.765100 -1.081660 0.749020 0.749020 0.749020
vn -0.816403 -3.818270 4.796735
v 1.419450 1.705810 -1.123310 0.749020 0.749020 0.749020
vn -0.358557 -4.088696 4.699591
v 1.312770 1.809770 -1.048490 0.749020 0.749020 0.749020
vn -0.621397 -4.446222 4.392567
v 1.315620 1.831210 -1.026210 0.749020 0.749020 0.749020
vn -0.132839 -4.150627 4.673384
v 1.279350 1.824050 -1.037410 0.749020 0.749020 0.749020
vn -0.089931 -4.853691 3.942750
v 1.246760 1.867460 -0.993191 0.749020 0.749020 0.749020
vn -0.077641 -5.689626 1.841564
v 1.276430 2.732710 0.253975 0.749020 0.749020 0.749020
vn -5.638344 4.398656 -4.255272
v -1.673780 1.885370 -0.975716 0.749020 0.749020 0.749020
vn -3.270463 -2.407905 2.051715
v -1.672920 1.880840 -0.932993 0.749020 0.749020 0.749020
vn 0.013397 4.498497 -4.259774
v 1.245900 1.872000 -1.035910 0.749020 0.749020 0.749020
vn 0.267740 4.505473 -4.222205
v 1.285040 1.867100 -1.040280 0.749020 0.749020 0.749020
vn 0.659250 4.420987 -4.206803
v 1.320930 1.854250 -1.050620 0.749020 0.749020 0.749020
vn 1.115880 4.243028 -4.174839
v 1.384120 1.811730 -1.083060 0.749020 0.749020 0.749020
vn 1.492775 4.020283 -4.134897
v 1.436040 1.756990 -1.122730 0.749020 0.749020 0.749020
vn 2.333807 4.815744 -3.222590
v 1.443530 2.901870 0.502488 0.749020 0.749020 0.749020
vn 3.333446 4.433191 -2.840786
v 1.517400 2.890980 0.554025 0.749020 0.749020 0.749020
vn 2.001259 5.530578 -2.117641
v 1.457450 2.921080 0.550596 0.749020 0.749020 0.749020
vn 4.175979 4.128160 -1.982030
v 1.597760 2.890160 0.675742 0.749020 0.749020 0.749020
vn 4.277978 3.814307 -2.442898
v 1.582600 2.876470 0.624103 0.749020 0.749020 0.749020
vn 3.385522 4.613300 -2.395054
v 1.538100 2.901520 0.597560 0.749020 0.749020 0.749020
vn 3.416311 4.937310 -1.669246
v 1.578690 2.909060 0.684987 0.749020 0.749020 0.749020
vn 2.705384 5.268189 -1.960158
v 1.522040 2.915840 0.609143 0.749020 0.749020 0.749020
vn 2.133169 5.672955 -1.533511
v 1.512720 2.921990 0.615874 0.749020 0.749020 0.749020
vn 2.709210 5.472978 -1.311698
v 1.567180 2.917270 0.690524 0.749020 0.749020 0.749020
vn 4.847132 3.538639 -1.495114
v 1.646350 2.876630 0.768528 0.749020 0.749020 0.749020
vn 5.657438 2.211912 -1.358390
v 1.677570 2.838910 0.808482 0.749020 0.749020 0.749020
vn 5.384111 2.863453 -0.984118
v 1.681940 2.861260 0.872566 0.749020 0.749020 0.749020
vn 6.230078 -0.247216 -0.549200
v 1.650920 -1.318210 -1.115140 0.749020 0.749020 0.749020
vn 6.231964 0.188488 -0.550574
v 1.662840 1.304620 -1.120700 0.749020 0.749020 0.749020
vn 6.061120 1.232968 -0.711793
v 1.703630 2.817370 0.915645 0.749020 0.749020 0.749020
vn 4.603353 4.081645 -0.910890
v 1.660700 2.891460 0.876427 0.749020 0.749020 0.749020
vn 3.726655 4.943473 -0.718701
v 1.646400 2.904950 0.879043 0.749020 0.749020 0.749020
vn 5.702826 2.297210 -0.211912
v 1.703500 2.848790 1.027580 0.749020 0.749020 0.749020
vn 5.695282 2.330642 -0.523910
v 1.698270 2.849830 0.948995 0.749020 0.749020 0.749020
vn 6.212571 0.616753 -0.225544
v 1.713940 2.795020 1.027480 0.749020 0.749020 0.749020
vn 5.702937 2.331735 -0.122363
v 1.711600 2.849600 1.420370 0.749020 0.749020 0.749020
vn 4.336227 -4.378227 -0.080258
v 1.654960 -2.919200 1.433250 0.749020 0.749020 0.749020
vn 2.824733 -5.538763 -0.232325
v 1.607510 -2.945770 1.000230 0.749020 0.749020 0.749020
vn 4.340325 -4.371316 -0.098828
v 1.647520 -2.919960 1.070940 0.749020 0.749020 0.749020
vn 1.339679 -6.090614 -0.097323
v 1.573400 -2.957730 1.003580 0.749020 0.749020 0.749020
vn 0.584760 -6.225506 0.000582
v 1.555550 -2.959860 1.435380 0.749020 0.749020 0.749020
vn -2.277052 -3.462524 2.161021
v 0.507340 -2.955470 1.266420 0.749020 0.749020 0.749020
vn -0.000146 0.000054 0.000143
v 1.136650 -2.466540 1.443020 0.749020 0.749020 0.749020
vn 1.817725 2.413431 2.470614
v 1.182830 -2.339310 1.652450 0.749020 0.749020 0.749020
vn 2.892775 0.913281 2.453184
v 1.208150 -2.374540 1.652020 0.749020 0.749020 0.749020
vn 1.797546 -2.419643 2.480918
v 1.182320 -2.452900 1.652680 0.749020 0.749020 0.749020
vn -1.198347 -2.211018 2.563165
v 0.668655 -2.955820 1.453670 0.749020 0.749020 0.749020
vn -1.691586 2.430999 2.543971
v 1.100330 -2.338930 1.654150 0.749020 0.749020 0.749020
vn -1.715365 -2.404632 2.553380
v 1.099790 -2.452520 1.654380 0.749020 0.749020 0.749020
vn -2.795660 -0.906964 2.573384
v 1.074470 -2.417320 1.654830 0.749020 0.749020 0.749020
vn -3.233610 1.492895 -0.538266
v 0.647522 -2.871520 1.425850 0.749020 0.749020 0.749020
vn -2.878926 3.396124 1.695271
v 0.602005 -2.927600 1.370710 0.749020 0.749020 0.749020
vn -0.576481 6.227153 -0.009957
v 1.548180 -2.932510 1.073020 0.749020 0.749020 0.749020
vn -2.106292 3.528926 2.277878
v 0.442646 -2.927220 1.202160 0.749020 0.749020 0.749020
vn -0.302269 6.266924 0.023570
v 1.540790 -2.932710 0.976732 0.749020 0.749020 0.749020
vn -1.837411 3.498308 2.504915
v 0.265989 -2.926740 1.051860 0.749020 0.749020 0.749020
vn -0.234465 6.272006 0.082738
v 1.495200 -2.932860 0.799541 0.749020 0.749020 0.749020
vn -1.546564 3.455114 2.700821
v 0.074092 -2.926160 0.921563 0.749020 0.749020 0.749020
vn -0.131728 6.277038 0.123508
v 1.414930 -2.932790 0.664820 0.749020 0.749020 0.749020
vn -1.239522 3.403276 2.860446
v -0.130785 -2.925450 0.812800 0.749020 0.749020 0.749020
vn -0.097143 0.020500 6.279911
v -0.973607 -2.922570 0.615340 0.749020 0.749020 0.749020
vn -0.199186 -3.227986 2.713470
v -0.941019 -2.949700 0.616585 0.749020 0.749020 0.749020
vn -1.043320 -2.404474 2.787971
v -1.077390 -2.948510 0.615163 0.749020 0.749020 0.749020
vn -3.168930 -3.126005 0.000000
v -1.077420 -2.948510 0.615112 0.749020 0.749020 0.749020
vn -0.025261 -6.122139 -1.259401
v 1.256560 -2.957530 0.556743 0.749020 0.749020 0.749020
vn 0.206728 -6.145156 -1.219240
v 1.296650 -2.957780 0.560654 0.749020 0.749020 0.749020
vn 0.213808 -6.243652 -0.563941
v 1.330250 -2.960010 0.585978 0.749020 0.749020 0.749020
vn 0.023349 -6.279497 -0.138895
v 1.312090 -2.960550 0.593217 0.749020 0.749020 0.749020
vn 0.068846 -6.245069 -0.578340
v 1.293750 -2.959940 0.575564 0.749020 0.749020 0.749020
vn 0.072167 -6.279163 -0.124207
v 1.365350 -2.960730 0.620243 0.749020 0.749020 0.749020
vn -3.017167 -2.992804 -0.815686
v -1.663320 -2.941270 0.605333 0.749020 0.749020 0.749020
vn -1.343810 -1.527946 1.276741
v -1.662890 -2.945840 0.627151 0.749020 0.749020 0.749020
vn -2.814053 0.426377 3.146792
v -1.662070 -2.779010 0.629234 0.749020 0.749020 0.749020
vn -4.679406 -1.546021 1.682018
v -1.662760 -2.919450 0.627101 0.749020 0.749020 0.749020
vn 0.016589 0.071042 6.280035
v -0.973582 -2.920970 0.615340 0.749020 0.749020 0.749020
vn -3.913921 4.146117 2.554684
v 1.514320 -2.891180 0.649453 0.749020 0.749020 0.749020
vn -3.243729 4.768628 2.340601
v 1.494330 -2.906570 0.647573 0.749020 0.749020 0.749020
vn -3.402529 4.956763 1.627132
v 1.540890 -2.911910 0.739597 0.749020 0.749020 0.749020
vn -4.139075 4.220257 1.895417
v 1.556440 -2.896720 0.732257 0.749020 0.749020 0.749020
vn -2.688573 5.489873 1.278022
v 1.531620 -2.918410 0.744017 0.749020 0.749020 0.749020
vn -2.065381 5.713726 1.483902
v 1.474160 -2.922450 0.662407 0.749020 0.749020 0.749020
vn -1.046147 6.065860 1.127009
v 1.414270 -2.929430 0.624535 0.749020 0.749020 0.749020
vn -0.314068 6.235163 0.573624
v 1.356940 -2.932100 0.601548 0.749020 0.749020 0.749020
vn -0.084790 6.278258 0.137908
v 1.365480 -2.932660 0.620192 0.749020 0.749020 0.749020
vn -0.488936 6.224035 0.537632
v 1.403910 -2.932100 0.635533 0.749020 0.749020 0.749020
vn -1.419616 6.001611 1.021351
v 1.460980 -2.928520 0.672109 0.749020 0.749020 0.749020
vn -3.279895 5.215857 0.955890
v 1.577620 -2.913280 0.842442 0.749020 0.749020 0.749020
vn -1.854540 5.891363 0.879354
v 1.514600 -2.926870 0.752069 0.749020 0.749020 0.749020
vn -0.673438 6.205920 0.489259
v 1.447190 -2.932000 0.682244 0.749020 0.749020 0.749020
vn -0.888296 6.177028 0.420102
v 1.496470 -2.931690 0.760679 0.749020 0.749020 0.749020
vn -2.275502 5.760171 0.657865
v 1.557250 -2.924630 0.848436 0.749020 0.749020 0.749020
vn -1.105906 6.138863 0.319269
v 1.535050 -2.931210 0.854964 0.749020 0.749020 0.749020
vn -3.795227 4.903832 0.573004
v 1.610110 -2.907080 0.953211 0.749020 0.749020 0.749020
vn -4.701271 3.992798 0.738595
v 1.621770 -2.895850 0.951433 0.749020 0.749020 0.749020
vn -5.467457 2.774242 0.776462
v 1.638910 -2.870450 0.948842 0.749020 0.749020 0.749020
vn -6.080343 1.219319 0.513566
v 1.655220 -2.834130 0.990600 0.749020 0.749020 0.749020
vn -6.244153 0.322152 0.437323
v 1.623160 -1.338940 -1.093930 0.749020 0.749020 0.749020
vn -6.281736 0.029693 0.131581
v 1.623290 -1.336040 -1.088440 0.749020 0.749020 0.749020
vn -6.079083 -0.648796 -0.548996
v 1.643020 -1.448840 -0.106756 0.749020 0.749020 0.749020
vn -6.281641 0.033657 0.135002
v 1.623210 -1.323620 -1.094990 0.749020 0.749020 0.749020
vn -6.072551 0.702604 -0.552242
v 1.643940 -1.252270 -0.107188 0.749020 0.749020 0.749020
vn -6.078850 -0.649582 -0.549160
v 1.655170 1.221990 -0.112420 0.749020 0.749020 0.749020
vn -6.281723 0.031512 0.130134
v 1.623060 -1.298780 -1.108100 0.749020 0.749020 0.749020
vn -3.141435 -1.436098 2.837994
v 1.634690 1.286430 -1.120090 0.749020 0.749020 0.749020
vn -6.274355 -0.047922 0.281502
v 1.635070 1.315190 -1.105080 0.749020 0.749020 0.749020
vn -6.073158 0.701318 -0.551224
v 1.656030 1.418570 -0.112827 0.749020 0.749020 0.749020
vn -6.044710 0.704877 0.799618
v 1.660120 1.418970 0.083668 0.749020 0.749020 0.749020
vn -6.253534 -0.277583 0.355228
v 1.635250 1.325700 -1.099590 0.749020 0.749020 0.749020
vn -5.679667 -2.301158 0.578451
v 1.669720 2.841070 0.934923 0.749020 0.749020 0.749020
vn -5.419230 -2.581375 1.676210
v 1.629160 2.840430 0.753643 0.749020 0.749020 0.749020
vn -2.975604 -4.202343 2.396040
v 1.590290 2.736370 0.516814 0.749020 0.749020 0.749020
vn -4.878892 -3.296217 2.093502
v 1.600180 2.850410 0.694055 0.749020 0.749020 0.749020
vn -2.840449 -3.764033 3.300552
v 1.590670 2.749550 0.535635 0.749020 0.749020 0.749020
vn -2.599417 -2.613770 1.574881
v -1.637540 2.754200 0.589432 0.749020 0.749020 0.749020
vn -3.790295 -3.245696 3.269939
v 1.546480 1.552960 -1.195600 0.749020 0.749020 0.749020
vn -2.578428 -4.697074 1.708143
v 1.582670 2.731850 0.494970 0.749020 0.749020 0.749020
vn -2.348089 -3.785714 4.409839
v 1.500380 1.608350 -1.175230 0.749020 0.749020 0.749020
vn -2.512871 -4.216830 3.713494
v 1.447850 1.739370 -1.081130 0.749020 0.749020 0.749020
vn -1.039786 -4.366631 4.392339
v 1.370840 1.793420 -1.053360 0.749020 0.749020 0.749020
vn -1.081311 -5.503705 1.780767
v 1.403550 2.732200 0.288087 0.749020 0.749020 0.749020
vn -1.190482 -4.702637 3.890764
v 1.335100 1.844040 -1.010340 0.749020 0.749020 0.749020
vn -0.727161 -5.585719 1.829812
v 1.361850 2.732380 0.268605 0.749020 0.749020 0.749020
vn -0.271655 -4.509039 4.364418
v 1.281730 1.843660 -1.016940 0.749020 0.749020 0.749020
vn -0.552100 -4.825195 3.917191
v 1.293110 1.860960 -0.998322 0.749020 0.749020 0.749020
vn -0.360593 -5.638712 1.880288
v 1.319300 2.732530 0.257200 0.749020 0.749020 0.749020
vn -1.537088 -5.310859 1.684810
v 1.443910 2.732100 0.315392 0.749020 0.749020 0.749020
vn -3.739670 -2.842614 0.974832
v -1.643250 2.746100 0.314122 0.749020 0.749020 0.749020
vn -1.914615 -4.488678 3.805085
v 1.398220 1.796950 -1.042770 0.749020 0.749020 0.749020
vn -2.103361 -4.966126 1.469829
v 1.518690 2.731920 0.392049 0.749020 0.749020 0.749020
vn -6.124049 5.358720 -3.189503
v -1.638120 2.924680 0.522275 0.749020 0.749020 0.749020
vn -2.886257 -3.074396 0.470910
v -1.638150 2.746630 0.561340 0.749020 0.749020 0.749020
vn -5.903124 5.772092 -2.343928
v -1.637560 2.938370 0.546989 0.749020 0.749020 0.749020
vn 0.068252 5.730850 -2.479711
v 1.282090 2.924990 0.486816 0.749020 0.749020 0.749020
vn 0.582547 5.324684 -3.163763
v 1.330120 2.919250 0.479527 0.749020 0.749020 0.749020
vn 0.483989 5.791518 -2.335196
v 1.327230 2.926430 0.494690 0.749020 0.749020 0.749020
vn 0.190924 5.284222 -3.356735
v 1.281530 2.911300 0.462128 0.749020 0.749020 0.749020
vn 1.166525 5.106698 -3.405222
v 1.363930 2.908730 0.471475 0.749020 0.749020 0.749020
vn 0.978990 5.734748 -2.314522
v 1.371800 2.925270 0.505663 0.749020 0.749020 0.749020
vn 1.783285 5.226871 -2.899839
v 1.424560 2.914350 0.510184 0.749020 0.749020 0.749020
vn 1.338331 5.318524 -2.963770
v 1.377900 2.917340 0.490830 0.749020 0.749020 0.749020
vn 1.467237 5.650732 -2.256406
v 1.415390 2.923490 0.524408 0.749020 0.749020 0.749020
vn 1.152701 5.905664 -1.751678
v 1.410260 2.927350 0.532409 0.749020 0.749020 0.749020
vn 0.536794 6.119577 -1.235872
v 1.362480 2.932910 0.528244 0.749020 0.749020 0.749020
vn 0.126600 6.241395 -0.602694
v 1.319910 2.935610 0.532536 0.749020 0.749020 0.749020
vn 0.275990 6.236627 -0.599524
v 1.356410 2.935400 0.542925 0.749020 0.749020 0.749020
vn 0.131172 6.277583 -0.150486
v 1.391490 2.935940 0.577215 0.749020 0.749020 0.749020
vn 0.400365 6.229609 -0.589630
v 1.392050 2.935200 0.560680 0.749020 0.749020 0.749020
vn 0.799818 6.093559 -1.207504
v 1.401290 2.932330 0.546329 0.749020 0.749020 0.749020
vn 1.572619 5.831412 -1.650335
v 1.450670 2.925650 0.558216 0.749020 0.749020 0.749020
vn 1.482020 5.977210 -1.060626
v 1.496110 2.929910 0.627863 0.749020 0.749020 0.749020
vn 4.056358 4.537138 -1.301421
v 1.625470 2.900880 0.775132 0.749020 0.749020 0.749020
vn 1.886689 5.879095 -0.911276
v 1.546280 2.927860 0.700684 0.749020 0.749020 0.749020
vn 3.249289 5.224228 -1.031103
v 1.612320 2.911550 0.779297 0.749020 0.749020 0.749020
vn 4.379992 4.330544 -0.120809
v 1.673280 2.894510 1.028120 0.749020 0.749020 0.749020
vn 4.938598 3.745741 -0.539441
v 1.677670 2.884300 0.951001 0.749020 0.749020 0.749020
vn 4.376579 4.337245 -0.099031
v 1.681380 2.895290 1.420880 0.749020 0.749020 0.749020
vn 2.409288 5.677238 -0.037556
v 1.627890 2.925140 1.029010 0.749020 0.749020 0.749020
vn 2.357093 -5.699859 -0.010380
v 1.601850 -2.950160 1.071960 0.749020 0.749020 0.749020
vn 2.332023 -5.704123 -0.036434
v 1.609290 -2.949420 1.434260 0.749020 0.749020 0.749020
vn -2.876074 -0.500312 3.786991
v 1.321230 -1.864610 1.438000 0.749020 0.749020 0.749020
vn 2.888630 -0.930854 2.457412
v 1.207950 -2.417900 1.652090 0.749020 0.749020 0.749020
vn 2.067039 5.607655 -0.069929
v 1.265150 -1.911270 1.439240 0.749020 0.749020 0.749020
vn 0.065978 2.993804 2.507252
v 1.141650 -2.325730 1.653260 0.749020 0.749020 0.749020
vn 0.038866 -2.982347 2.519512
v 1.141020 -2.466110 1.653570 0.749020 0.749020 0.749020
vn -2.782920 0.940803 2.568148
v 1.074650 -2.373910 1.654760 0.749020 0.749020 0.749020
vn -2.892083 1.048304 3.329123
v 1.002180 -1.647340 1.444120 0.749020 0.749020 0.749020
vn -2.802173 1.271034 3.347082
v 0.859968 -1.990550 1.447780 0.749020 0.749020 0.749020
vn -5.654479 2.524641 0.828349
v 0.670789 -2.358490 1.431260 0.749020 0.749020 0.749020
vn -2.732547 1.421024 3.353008
v 0.691566 -2.321690 1.451890 0.749020 0.749020 0.749020
vn -5.334969 1.131458 3.001810
v 0.670890 -2.370810 1.447370 0.749020 0.749020 0.749020
vn -2.803769 1.095417 3.770288
v 0.677113 -2.355370 1.452270 0.749020 0.749020 0.749020
vn -5.666606 1.881788 1.874990
v 0.670281 -2.367790 1.443890 0.749020 0.749020 0.749020
vn -2.619618 0.298422 4.737454
v 0.671195 -2.391460 1.452470 0.749020 0.749020 0.749020
vn -2.884026 1.353585 -2.885250
v 0.670916 -2.357300 1.424330 0.749020 0.749020 0.749020
vn -2.525854 0.093689 -1.196088
v 0.649529 -2.429000 1.424910 0.749020 0.749020 0.749020
vn -2.758358 0.581877 -1.665477
v 0.655269 -2.393470 1.424710 0.749020 0.749020 0.749020
vn -2.885036 1.372968 -3.232934
v 0.844829 -2.021920 1.420060 0.749020 0.749020 0.749020
vn -0.062521 2.988846 -3.733725
v 1.278970 -1.913940 1.410870 0.749020 0.749020 0.749020
vn -2.418113 0.297056 -5.186780
v 1.611730 -2.819780 1.405860 0.749020 0.749020 0.749020
vn -6.213827 0.651504 0.182413
v 1.660980 -2.820720 1.070460 0.749020 0.749020 0.749020
vn -6.051616 -0.645709 0.801026
v 1.667330 -1.444800 1.072360 0.749020 0.749020 0.749020
vn -1.545095 -1.560429 1.606217
v 1.225530 -1.418490 0.070307 0.749020 0.749020 0.749020
vn -3.010565 3.137200 3.174675
v 1.619170 -1.279910 0.061900 0.749020 0.749020 0.749020
vn -1.531143 1.581200 1.599792
v 1.226160 -1.278100 0.070002 0.749020 0.749020 0.749020
vn -3.042389 -3.095718 3.185655
v 1.618560 -1.420290 0.062205 0.749020 0.749020 0.749020
vn -1.595398 1.574302 -1.541051
v 1.235380 1.392480 -0.076048 0.749020 0.749020 0.749020
vn -1.609995 -1.567057 -1.534964
v 1.234770 1.252070 -0.075743 0.749020 0.749020 0.749020
vn -3.011375 3.137141 3.174119
v 1.631310 1.390950 0.056236 0.749020 0.749020 0.749020
vn -3.142501 3.122920 -3.059859
v 1.628420 1.390650 -0.084125 0.749020 0.749020 0.749020
vn -1.530745 1.580691 1.599337
v 1.238280 1.392760 0.064338 0.749020 0.749020 0.749020
vn -1.545332 -1.560935 1.606395
v 1.237670 1.252350 0.064618 0.749020 0.749020 0.749020
vn -3.168317 -3.109457 -3.046066
v 1.627780 1.250260 -0.083820 0.749020 0.749020 0.749020
vn -3.041048 -3.096166 3.186116
v 1.630680 1.250540 0.056540 0.749020 0.749020 0.749020
vn -6.073009 0.701778 -0.551657
v 1.676300 1.418920 0.869747 0.749020 0.749020 0.749020
vn -6.051264 -0.646044 0.801625
v 1.659200 1.222400 0.084099 0.749020 0.749020 0.749020
vn -4.736494 1.589404 -1.476664
v 1.666950 0.051740 0.720649 0.749020 0.749020 0.749020
vn -6.051104 -0.646511 0.801862
v 1.679450 1.222760 1.066670 0.749020 0.749020 0.749020
vn -3.169876 -3.108165 -3.046554
v 1.648050 1.250620 0.898754 0.749020 0.749020 0.749020
vn -6.079031 -0.649146 -0.549045
v 1.675410 1.222350 0.870179 0.749020 0.749020 0.749020
vn -3.141668 3.124173 -3.058644
v 1.648690 1.391030 0.898449 0.749020 0.749020 0.749020
vn -3.011369 3.136390 3.174778
v 1.651560 1.391280 1.038840 0.749020 0.749020 0.749020
vn -1.610036 -1.566690 -1.534515
v 1.254990 1.252420 0.906856 0.749020 0.749020 0.749020
vn -1.545273 -1.560751 1.606380
v 1.257910 1.252700 1.047220 0.749020 0.749020 0.749020
vn -6.044894 0.705116 0.797623
v 1.680360 1.419300 1.066270 0.749020 0.749020 0.749020
vn -5.270196 -0.485402 -2.004710
v 1.692220 2.795780 1.336620 0.749020 0.749020 0.749020
vn -6.207438 -0.627662 0.263594
v 1.685850 2.795140 1.028060 0.749020 0.749020 0.749020
vn -5.693761 -2.296572 0.253212
v 1.677520 2.838170 1.028140 0.749020 0.749020 0.749020
vn -4.870564 -3.839604 0.557410
v 1.653060 2.867910 0.936854 0.749020 0.749020 0.749020
vn -4.378537 -4.322643 0.162834
v 1.653340 2.874720 1.028570 0.749020 0.749020 0.749020
vn -3.662027 -3.591839 -1.914345
v 1.659710 2.875360 1.337160 0.749020 0.749020 0.749020
vn -2.812672 -5.539803 0.311954
v 1.617900 2.895850 0.940968 0.749020 0.749020 0.749020
vn -2.407147 -5.671607 0.069253
v 1.617020 2.899260 1.029260 0.749020 0.749020 0.749020
vn -1.379998 -6.081530 0.164589
v 1.591210 2.905300 0.944093 0.749020 0.749020 0.749020
vn -4.438609 -4.267261 0.996770
v 1.631770 2.874720 0.848919 0.749020 0.749020 0.749020
vn -3.967198 -4.789473 0.446340
v 1.641370 2.879930 0.938200 0.749020 0.749020 0.749020
vn -3.598313 -5.040768 0.803657
v 1.620650 2.884700 0.851408 0.749020 0.749020 0.749020
vn -5.309747 -2.889535 1.233214
v 1.648840 2.851990 0.845160 0.749020 0.749020 0.749020
vn -3.949092 -4.643049 1.354414
v 1.601930 2.880840 0.766877 0.749020 0.749020 0.749020
vn -4.742442 -3.699767 1.592952
v 1.618510 2.862100 0.761263 0.749020 0.749020 0.749020
vn -2.360150 -2.229609 4.293711
v 1.571500 2.788160 0.551256 0.749020 0.749020 0.749020
vn -2.671744 -3.022352 3.946771
v 1.583640 2.768780 0.547599 0.749020 0.749020 0.749020
vn -2.570443 -1.505346 2.694477
v -1.637000 2.774770 0.609930 0.749020 0.749020 0.749020
vn -2.819034 -0.385599 3.146399
v -1.636750 2.802870 0.617372 0.749020 0.749020 0.749020
vn -4.667656 1.590035 1.676813
v -1.636170 2.943280 0.614655 0.749020 0.749020 0.749020
vn -1.533191 1.588347 1.602217
v -1.636120 2.949750 0.614629 0.749020 0.749020 0.749020
vn -1.512959 4.750995 1.555745
v -1.050620 2.947090 0.602564 0.749020 0.749020 0.749020
vn 0.026988 6.117088 -1.285618
v 1.282700 2.933420 0.513740 0.749020 0.749020 0.749020
vn 0.078049 6.278717 -0.162328
v 1.338250 2.936110 0.550189 0.749020 0.749020 0.749020
vn -1.346129 3.258266 2.819454
v -0.077292 2.943100 0.813003 0.749020 0.749020 0.749020
vn 0.195138 6.274341 -0.155042
v 1.440970 2.935810 0.621894 0.749020 0.749020 0.749020
vn 0.236553 6.272855 -0.130186
v 1.484810 2.935710 0.682447 0.749020 0.749020 0.749020
vn 0.542407 6.219386 -0.556478
v 1.426360 2.934920 0.585368 0.749020 0.749020 0.749020
vn 1.090722 6.056654 -1.135965
v 1.438710 2.931540 0.571551 0.749020 0.749020 0.749020
vn 0.737954 6.195884 -0.522813
v 1.478660 2.934510 0.640410 0.749020 0.749020 0.749020
vn 1.129958 6.133984 -0.359634
v 1.560700 2.933570 0.795706 0.749020 0.749020 0.749020
vn 2.269910 5.757347 -0.718946
v 1.587630 2.925420 0.787146 0.749020 0.749020 0.749020
vn 2.618588 5.620774 -0.506318
v 1.618540 2.922570 0.884123 0.749020 0.749020 0.749020
vn 4.019935 4.745322 -0.417569
v 1.662890 2.899870 0.952449 0.749020 0.749020 0.749020
vn 2.873773 5.504879 -0.302061
v 1.633240 2.920420 0.955396 0.749020 0.749020 0.749020
vn 1.404935 6.072995 -0.144313
v 1.599390 2.932660 0.958774 0.749020 0.749020 0.749020
vn 0.357316 6.264054 -0.051222
v 1.566850 2.935880 0.933806 0.749020 0.749020 0.749020
vn 0.613237 6.225293 0.008400
v 1.574240 2.936060 1.030070 0.749020 0.749020 0.749020
vn -1.177984 2.233083 2.554815
v 0.695427 2.940910 1.441120 0.749020 0.749020 0.749020
vn -1.693463 2.430838 2.543813
v 1.122020 2.434610 1.644010 0.749020 0.749020 0.749020
vn -1.715626 -2.404492 2.553649
v 1.121490 2.321030 1.644240 0.749020 0.749020 0.749020
vn 0.037794 -2.983207 2.519248
v 1.162690 2.307440 1.643430 0.749020 0.749020 0.749020
vn -0.000036 -0.000043 0.000391
v 1.158980 2.447390 1.432560 0.749020 0.749020 0.749020
vn -0.000224 0.000550 0.000497
v 1.225500 2.398570 1.431310 0.749020 0.749020 0.749020
vn -1.114737 -2.819525 -3.699165
v 1.310640 1.890780 1.402510 0.749020 0.749020 0.749020
vn -0.413949 -2.321080 -5.223318
v 1.581350 2.852570 1.394970 0.749020 0.749020 0.749020
vn -2.897358 -1.360643 -3.224437
v 0.863092 2.005350 1.411500 0.749020 0.749020 0.749020
vn -2.004127 -4.704394 -1.950066
v 1.623390 2.899870 1.337820 0.749020 0.749020 0.749020
vn -0.573254 -5.226767 -2.091940
v 1.580460 2.908610 1.338710 0.749020 0.749020 0.749020
vn -2.137190 -3.485924 2.295824
v 0.474269 2.913300 1.194640 0.749020 0.749020 0.749020
vn -2.907330 -3.371818 1.710795
v 0.628523 2.912970 1.358320 0.749020 0.749020 0.749020
vn -2.247871 3.461726 2.148599
v 0.531343 2.941270 1.251050 0.749020 0.749020 0.749020
vn -1.997595 3.402256 2.390575
v 0.346126 2.941750 1.081510 0.749020 0.749020 0.749020
vn -0.362818 -6.263459 0.050247
v 1.568580 2.907820 0.948868 0.749020 0.749020 0.749020
vn -2.505120 -5.680175 0.558272
v 1.599010 2.897890 0.856183 0.749020 0.749020 0.749020
vn -3.176826 -5.273955 1.084898
v 1.591610 2.889020 0.770357 0.749020 0.749020 0.749020
vn -3.395135 -4.962040 1.696136
v 1.564230 2.886280 0.692836 0.749020 0.749020 0.749020
vn -4.133928 -4.193444 2.018958
v 1.579550 2.871140 0.685444 0.749020 0.749020 0.749020
vn -4.234534 -3.900342 2.406613
v 1.566060 2.859480 0.640131 0.749020 0.749020 0.749020
vn -1.972443 -1.990868 4.446176
v 1.530680 2.835070 0.551993 0.749020 0.749020 0.749020
vn -3.762628 -4.183432 2.739147
v 1.527400 2.867530 0.592811 0.749020 0.749020 0.749020
vn -1.532240 -2.405005 4.357254
v 1.484830 2.874390 0.552882 0.749020 0.749020 0.749020
vn -0.474070 -3.485260 3.093762
v -0.722884 2.917550 0.620700 0.749020 0.749020 0.749020
vn -0.002216 -0.071292 6.279142
v -0.947064 2.918540 0.602920 0.749020 0.749020 0.749020
vn -1.535148 1.568335 1.573617
v -1.050670 2.940580 0.602590 0.749020 0.749020 0.749020
vn -0.252872 3.449891 3.113149
v -0.799694 2.945940 0.611861 0.749020 0.749020 0.749020
vn -0.596243 3.389304 3.061647
v -0.551561 2.944930 0.650418 0.749020 0.749020 0.749020
vn 0.012684 6.267158 -0.323347
v 1.283280 2.936340 0.541833 0.749020 0.749020 0.749020
vn -0.957570 3.308988 2.975244
v -0.309626 2.943940 0.717753 0.749020 0.749020 0.749020
vn -0.814485 -3.406281 3.031898
v -0.501802 2.916630 0.661873 0.749020 0.749020 0.749020
vn -1.126530 -3.301280 2.938600
v -0.286258 2.915790 0.726034 0.749020 0.749020 0.749020
vn -0.256038 -6.272017 0.111417
v 1.508610 2.907640 0.727837 0.749020 0.749020 0.749020
vn -0.290526 -6.269817 0.093541
v 1.535380 2.907640 0.795630 0.749020 0.749020 0.749020
vn -0.331572 -6.266250 0.073494
v 1.555550 2.907740 0.870001 0.749020 0.749020 0.749020
vn -1.602330 -3.312692 2.709544
v 0.118745 2.914350 0.920191 0.749020 0.749020 0.749020
vn 0.936660 6.167945 -0.451992
v 1.524000 2.934060 0.711505 0.749020 0.749020 0.749020
vn 0.280721 6.270187 -0.108078
v 1.521230 2.935710 0.756590 0.749020 0.749020 0.749020
vn 0.326275 6.266671 -0.081350
v 1.548970 2.935780 0.841451 0.749020 0.749020 0.749020
vn 1.308512 6.095046 -0.255743
v 1.587350 2.933040 0.889813 0.749020 0.749020 0.749020
vn -1.873920 -3.411516 2.522447
v 0.303733 2.913760 1.048080 0.749020 0.749020 0.749020
vn -1.705482 3.318431 2.614210
v 0.142316 2.942360 0.934796 0.749020 0.749020 0.749020
vn -1.081033 -6.146944 0.367707
v 1.551250 2.905990 0.784098 0.749020 0.749020 0.749020
vn -1.237888 -6.115428 0.276941
v 1.575030 2.905660 0.861517 0.749020 0.749020 0.749020
vn -2.201345 -5.792450 0.749166
v 1.572290 2.899710 0.776935 0.749020 0.749020 0.749020
vn -2.655202 -5.308776 1.953165
v 1.507290 2.892020 0.614172 0.749020 0.749020 0.749020
vn -1.205284 -3.793020 3.832564
v 1.441070 2.896410 0.554050 0.749020 0.749020 0.749020
vn -1.146294 -2.729105 4.071395
v 1.460500 2.888690 0.553339 0.749020 0.749020 0.749020
vn -0.409979 -3.039531 3.713402
v 1.425900 2.900550 0.554025 0.749020 0.749020 0.749020
vn -0.466994 -6.201588 0.699525
v 1.417400 2.907110 0.582143 0.749020 0.749020 0.749020
vn 0.006652 -3.131244 3.141409
v 1.352270 2.907970 0.555523 0.749020 0.749020 0.749020
vn -0.733707 -6.068783 1.237756
v 1.426820 2.904460 0.570967 0.749020 0.749020 0.749020
vn -0.717020 -6.199396 0.525330
v 1.473070 2.906720 0.639343 0.749020 0.749020 0.749020
vn -1.546814 -5.847645 1.640360
v 1.435910 2.899940 0.560172 0.749020 0.749020 0.749020
vn -0.923885 -6.172532 0.454464
v 1.520420 2.906320 0.714045 0.749020 0.749020 0.749020
vn -1.447881 -5.989393 1.070115
v 1.486840 2.903070 0.629209 0.749020 0.749020 0.749020
vn -0.193542 -6.274278 0.160679
v 1.438270 2.907720 0.619074 0.749020 0.749020 0.749020
vn -0.137388 -6.275453 0.188801
v 1.396700 2.907820 0.581101 0.749020 0.749020 0.749020
vn -1.366387 -3.235569 2.838047
v -0.078638 2.915030 0.812470 0.749020 0.749020 0.749020
vn -0.234449 -6.272764 0.134637
v 1.475940 2.907670 0.668452 0.749020 0.749020 0.749020
vn -1.865271 -5.891256 0.924790
v 1.538330 2.901340 0.705383 0.749020 0.749020 0.749020
vn -2.098507 -5.683126 1.559361
v 1.499970 2.896850 0.619557 0.749020 0.749020 0.749020
vn -2.710276 -5.470322 1.349347
v 1.555110 2.892860 0.697255 0.749020 0.749020 0.749020
vn -3.296837 -4.737321 2.356276
v 1.520010 2.880710 0.604799 0.749020 0.749020 0.749020
vn -1.532102 1.593415 1.621949
v -1.636090 2.943280 0.617093 0.749020 0.749020 0.749020
vn -0.170876 -1.423817 5.891366
v -0.946963 2.940130 0.602894 0.749020 0.749020 0.749020
vn -0.045933 2.336284 3.017876
v -0.981507 2.940280 0.602234 0.749020 0.749020 0.749020
vn -1.550297 1.574620 1.573777
v -1.050620 2.947090 0.602640 0.749020 0.749020 0.749020
vn 0.008799 2.872906 3.093745
v -1.016080 2.940430 0.602158 0.749020 0.749020 0.749020
vn -1.524977 4.741611 1.417841
v -1.050670 2.940580 0.602666 0.749020 0.749020 0.749020
vn -0.624569 -6.223237 0.006245
v 1.574110 2.907970 1.030120 0.749020 0.749020 0.749020
vn -3.245931 -1.465438 -0.530875
v 0.673532 2.856710 1.413690 0.749020 0.749020 0.749020
vn -2.813946 -1.231341 3.355299
v 0.877976 1.973960 1.439340 0.749020 0.749020 0.749020
vn -2.793772 -0.905855 2.574083
v 1.096160 2.356260 1.644700 0.749020 0.749020 0.749020
vn -2.783170 0.940676 2.568558
v 1.096340 2.399610 1.644620 0.749020 0.749020 0.749020
vn -0.000091 -0.000234 0.000619
v 1.117680 2.434160 1.433470 0.749020 0.749020 0.749020
vn -2.901163 -1.007928 3.331244
v 1.017040 1.629460 1.437180 0.749020 0.749020 0.749020
vn 0.000308 -0.000067 0.000791
v 1.117170 2.320600 1.433700 0.749020 0.749020 0.749020
vn 1.795196 -2.420716 2.482622
v 1.203980 2.320650 1.642570 0.749020 0.749020 0.749020
vn 0.065388 2.992038 2.506333
v 1.163320 2.447820 1.643150 0.749020 0.749020 0.749020
vn 2.893249 0.915437 2.452813
v 1.229840 2.399000 1.641880 0.749020 0.749020 0.749020
vn 1.819681 2.415282 2.471399
v 1.204490 2.434230 1.642310 0.749020 0.749020 0.749020
vn 0.938007 -2.829794 -3.739799
v 1.281840 1.890900 1.403100 0.749020 0.749020 0.749020
vn 2.511265 -1.517650 -3.775479
v 1.259690 1.872490 1.403580 0.749020 0.749020 0.749020
vn 5.878635 -1.064192 -0.133877
v 1.255190 1.858820 1.431800 0.749020 0.749020 0.749020
vn -3.078109 -0.889169 -3.186022
v 1.122580 1.296340 1.407570 0.749020 0.749020 0.749020
vn -2.970353 -0.780904 3.320212
v 1.129030 1.275230 1.435580 0.749020 0.749020 0.749020
vn -0.000427 0.000058 0.000121
v 1.158340 2.307010 1.432890 0.749020 0.749020 0.749020
vn 2.888177 -0.931035 2.454693
v 1.229670 2.355620 1.641960 0.749020 0.749020 0.749020
vn 2.874772 0.500872 -3.786891
v 1.254560 1.844120 1.403730 0.749020 0.749020 0.749020
vn 1.862326 2.278196 -3.771104
v 1.268830 1.819120 1.403500 0.749020 0.749020 0.749020
vn -3.139841 -0.639984 -3.172658
v 1.209600 0.928700 1.406530 0.749020 0.749020 0.749020
vn -3.185022 -0.383857 -3.158993
v 1.267310 0.555346 1.406120 0.749020 0.749020 0.749020
vn -2.018252 5.625325 0.014295
v 1.310840 1.811660 1.430730 0.749020 0.749020 0.749020
vn -3.021228 -0.551100 3.302198
v 1.213160 0.913333 1.434590 0.749020 0.749020 0.749020
vn 2.067391 5.605619 -0.070296
v 1.282070 1.811780 1.431340 0.749020 0.749020 0.749020
vn -0.063772 2.990226 -3.730866
v 1.295860 1.809140 1.402970 0.749020 0.749020 0.749020
vn -1.992643 2.296464 -3.691499
v 1.322980 1.818870 1.402380 0.749020 0.749020 0.749020
vn -3.025519 0.527096 -3.664449
v 1.337490 1.843760 1.402030 0.749020 0.749020 0.749020
vn -3.053178 -0.321532 3.292028
v 1.268960 0.546049 1.434190 0.749020 0.749020 0.749020
vn -3.070695 -0.092219 3.284864
v 1.296090 0.175514 1.434360 0.749020 0.749020 0.749020
vn -2.680121 -1.492669 -3.671577
v 1.332640 1.872160 1.402080 0.749020 0.749020 0.749020
vn -4.758216 -1.922722 -1.899539
v 1.683890 2.838780 1.336700 0.749020 0.749020 0.749020
vn -2.187329 -1.186791 -5.074078
v 1.629840 2.824250 1.394030 0.749020 0.749020 0.749020
vn -2.420659 -0.295421 -5.186133
v 1.637230 2.796130 1.393930 0.749020 0.749020 0.749020
vn -4.671817 1.595603 1.664143
v 1.675640 0.052578 1.141750 0.749020 0.749020 0.749020
vn -6.045588 0.704002 0.798306
v 1.668220 -1.248260 1.071930 0.749020 0.749020 0.749020
vn -5.265640 0.525385 -2.006229
v 1.666720 -2.820160 1.348540 0.749020 0.749020 0.749020
vn -6.078987 -0.649101 -0.549124
v 1.663290 -1.445210 0.875843 0.749020 0.749020 0.749020
vn -6.072958 0.701749 -0.551910
v 1.664180 -1.248640 0.875411 0.749020 0.749020 0.749020
vn -4.751104 -1.552293 -1.469647
v 1.666320 -0.088671 0.720928 0.749020 0.749020 0.749020
vn 0.593030 3.793779 2.899931
v 1.452570 0.053061 0.894207 0.749020 0.749020 0.749020
vn -0.471920 -3.783823 2.936202
v 1.466570 -0.087376 0.894182 0.749020 0.749020 0.749020
vn -2.746347 3.803053 1.062346
v 1.500000 0.052934 0.920318 0.749020 0.749020 0.749020
vn -2.981169 -3.775953 0.068817
v 1.502210 -0.087452 0.934974 0.749020 0.749020 0.749020
vn -2.787897 3.802821 -0.960879
v 1.500630 0.052984 0.949122 0.749020 0.749020 0.749020
vn -2.325142 -3.784092 -1.852234
v 1.492910 -0.087351 0.962254 0.749020 0.749020 0.749020
vn -1.516775 3.792399 -2.545411
v 1.482550 0.053086 0.971575 0.749020 0.749020 0.749020
vn -0.591451 -3.792273 -2.900422
v 1.468270 -0.087224 0.977138 0.749020 0.749020 0.749020
vn 0.474465 3.781259 -2.936923
v 1.454280 0.053238 0.977138 0.749020 0.749020 0.749020
vn 1.410755 -3.803672 -2.588968
v 1.439800 -0.087097 0.972744 0.749020 0.749020 0.749020
vn 2.249574 3.774915 -1.958036
v 1.429050 0.053340 0.963244 0.749020 0.749020 0.749020
vn -3.065503 2.893400 0.465224
v 1.253360 0.054407 1.094260 0.749020 0.749020 0.749020
vn -0.329085 2.888309 3.090223
v 1.310690 0.054254 1.149250 0.749020 0.749020 0.749020
vn -1.473175 -2.604204 2.660753
v 1.281810 -0.086030 1.142620 0.749020 0.749020 0.749020
vn -1.449081 2.630071 2.651652
v 1.282450 0.054381 1.142310 0.749020 0.749020 0.749020
vn -2.583657 2.633272 1.566421
v 1.261490 0.054432 1.122200 0.749020 0.749020 0.749020
vn -3.092470 -2.864967 0.476464
v 1.252750 -0.085979 1.094560 0.749020 0.749020 0.749020
vn 2.791776 -3.800734 0.963070
v 1.420240 -0.087097 0.922249 0.749020 0.749020 0.749020
vn 2.980070 3.776823 -0.069816
v 1.418640 0.053340 0.936396 0.749020 0.749020 0.749020
vn -3.082264 2.893294 -0.348934
v 1.247010 0.053797 0.785470 0.749020 0.749020 0.749020
vn 2.746064 -3.805402 -1.062323
v 1.420830 -0.087071 0.951052 0.749020 0.749020 0.749020
vn -0.355363 -2.871981 3.101953
v 1.310030 -0.086131 1.149550 0.749020 0.749020 0.749020
vn -1.580906 -2.616632 -2.589249
v 1.273450 -0.086843 0.736549 0.749020 0.749020 0.749020
vn -0.482729 -2.883972 -3.073626
v 1.301370 -0.086970 0.728447 0.749020 0.749020 0.749020
vn -1.414744 3.802472 2.588512
v 1.481050 0.052934 0.898627 0.749020 0.749020 0.749020
vn -2.248600 -3.776263 1.957251
v 1.491820 -0.087478 0.908101 0.749020 0.749020 0.749020
vn -4.686310 -1.545704 1.671594
v 1.675000 -0.087808 1.142060 0.749020 0.749020 0.749020
vn -3.043185 -3.096150 3.184961
v 1.638830 -1.416660 1.044780 0.749020 0.749020 0.749020
vn -1.544962 -1.559763 1.605661
v 1.245770 -1.414860 1.052910 0.749020 0.749020 0.749020
vn -1.530954 1.581343 1.599693
v 1.246430 -1.274450 1.052600 0.749020 0.749020 0.749020
vn -3.015426 3.137072 3.172070
v 1.639470 -1.276270 1.044470 0.749020 0.749020 0.749020
vn -3.140571 3.125330 -3.057932
v 1.636550 -1.276530 0.904138 0.749020 0.749020 0.749020
vn -1.595315 1.574319 -1.541136
v 1.243530 -1.274720 0.912216 0.749020 0.749020 0.749020
vn -3.168791 -3.109420 -3.045629
v 1.635910 -1.416940 0.904443 0.749020 0.749020 0.749020
vn -1.610234 -1.567213 -1.534955
v 1.242900 -1.415140 0.912546 0.749020 0.749020 0.749020
vn -0.455612 2.876420 -3.085601
v 1.302000 0.053416 0.728167 0.749020 0.749020 0.749020
vn -1.557301 2.619139 -2.601162
v 1.274090 0.053569 0.736244 0.749020 0.749020 0.749020
vn 2.329034 3.783441 1.848563
v 1.427940 0.053213 0.909117 0.749020 0.749020 0.749020
vn -2.659469 2.626503 -1.475245
v 1.253950 0.053670 0.757225 0.749020 0.749020 0.749020
vn -2.667083 -2.608378 -1.454600
v 1.253310 -0.086716 0.757530 0.749020 0.749020 0.749020
vn -3.108857 -2.867228 -0.335951
v 1.246380 -0.086614 0.785774 0.749020 0.749020 0.749020
vn 1.518317 -3.791196 2.542428
v 1.438300 -0.087249 0.899795 0.749020 0.749020 0.749020
vn -2.605016 -2.604095 1.573003
v 1.260860 -0.085979 1.122480 0.749020 0.749020 0.749020
vn -6.044765 0.705365 0.799034
v 1.647980 -1.251890 0.089332 0.749020 0.749020 0.749020
vn -6.051500 -0.645692 0.801418
v 1.647060 -1.448430 0.089764 0.749020 0.749020 0.749020
vn -1.303135 -2.081479 -5.088752
v 1.609400 2.844930 1.394410 0.749020 0.749020 0.749020
vn -3.202542 -0.122620 -3.154265
v 1.295400 0.178587 1.406270 0.749020 0.749020 0.749020
vn -3.069770 0.133999 3.279994
v 1.294380 -0.196012 1.435150 0.749020 0.749020 0.749020
vn -3.201928 0.138232 -3.159101
v 1.293700 -0.199212 1.407080 0.749020 0.749020 0.749020
vn -2.667317 -1.493432 -3.669226
v 1.315720 -1.850920 1.409980 0.749020 0.749020 0.749020
vn 0.935374 -2.828661 -3.744055
v 1.264920 -1.832150 1.411000 0.749020 0.749020 0.749020
vn 2.507491 -1.517249 -3.776939
v 1.242770 -1.850590 1.411480 0.749020 0.749020 0.749020
vn -3.070620 0.903428 -3.187975
v 1.110690 -1.315310 1.413130 0.749020 0.749020 0.749020
vn 0.000310 -0.000212 0.000930
v 1.137280 -2.326130 1.442700 0.749020 0.749020 0.749020
vn 5.880363 -1.065347 -0.136398
v 1.238300 -1.864260 1.439700 0.749020 0.749020 0.749020
vn -2.963179 0.821803 3.318553
v 1.117350 -1.294130 1.441020 0.749020 0.749020 0.749020
vn -3.016941 0.592750 3.300359
v 1.204750 -0.933044 1.438500 0.749020 0.749020 0.749020
vn -3.133999 0.655068 -3.174619
v 1.201040 -0.948512 1.410510 0.749020 0.749020 0.749020
vn -1.993564 2.298241 -3.689371
v 1.306070 -1.904190 1.410310 0.749020 0.749020 0.749020
vn -3.024664 0.526414 -3.668346
v 1.320600 -1.879320 1.409950 0.749020 0.749020 0.749020
vn 0.000078 -0.000597 -0.001645
v 1.203660 -2.418360 1.441530 0.749020 0.749020 0.749020
vn -5.160256 3.012667 0.083627
v 1.316100 -1.892990 1.438150 0.749020 0.749020 0.749020
vn 5.186555 2.963141 -0.128597
v 1.243150 -1.892660 1.439650 0.749020 0.749020 0.749020
vn 2.876349 0.499632 -3.788344
v 1.237640 -1.878940 1.411660 0.749020 0.749020 0.749020
vn 1.858210 2.280320 -3.769758
v 1.251940 -1.903960 1.411400 0.749020 0.749020 0.749020
vn -2.986497 1.142684 -3.213698
v 0.991743 -1.673880 1.416300 0.749020 0.749020 0.749020
vn -3.050274 0.363262 3.288623
v 1.263900 -0.566268 1.436550 0.749020 0.749020 0.749020
vn -3.179675 0.399489 -3.162733
v 1.262180 -0.575691 1.408510 0.749020 0.749020 0.749020
vn -1.115308 -2.817945 -3.699391
v 1.293750 -1.832300 1.410390 0.749020 0.749020 0.749020
vn -2.997284 -1.129123 -3.210492
v 1.006860 1.655980 1.409240 0.749020 0.749020 0.749020
vn -2.744855 -1.379048 3.358200
v 0.712572 2.306620 1.442090 0.749020 0.749020 0.749020
vn -2.897213 -1.336894 -2.875147
v 0.692252 2.342290 1.414350 0.749020 0.749020 0.749020
vn -2.620341 -0.249247 4.744421
v 0.692887 2.376550 1.442360 0.749020 0.749020 0.749020
vn -2.522126 -0.075583 -1.195712
v 0.671525 2.414190 1.414600 0.749020 0.749020 0.749020
vn -2.824292 -1.038225 3.804891
v 0.698017 2.341910 1.442310 0.749020 0.749020 0.749020
vn -5.674794 -2.467796 0.855646
v 0.692175 2.343460 1.421330 0.749020 0.749020 0.749020
vn -2.776932 -0.568605 -1.667170
v 0.676961 2.378630 1.414580 0.749020 0.749020 0.749020
vn -5.684493 -1.844018 1.863747
v 0.691769 2.352800 1.433910 0.749020 0.749020 0.749020
vn -5.368158 -1.070750 2.966234
v 0.692379 2.355820 1.437390 0.749020 0.749020 0.749020
vn 0.270821 6.135581 -1.248257
v 1.322780 2.933370 0.517652 0.749020 0.749020 0.749020
vn 0.367234 5.983555 -1.830129
v 1.325570 2.929480 0.503098 0.749020 0.749020 0.749020
vn 0.769738 5.955607 -1.795780
v 1.368400 2.928620 0.513918 0.749020 0.749020 0.749020
vn -3.040346 -3.097118 3.186075
v 1.650920 1.250900 1.039110 0.749020 0.749020 0.749020
vn -1.530733 1.581182 1.599724
v 1.258550 1.393110 1.046940 0.749020 0.749020 0.749020
vn -1.595843 1.574381 -1.541204
v 1.255620 1.392810 0.906551 0.749020 0.749020 0.749020
vn -1.610034 -1.566891 -1.534790
v 1.222630 -1.418770 -0.070053 0.749020 0.749020 0.749020
vn -1.595481 1.574592 -1.541038
v 1.223260 -1.278360 -0.070358 0.749020 0.749020 0.749020
vn -3.139150 3.125924 -3.058519
v 1.616280 -1.280160 -0.078461 0.749020 0.749020 0.749020
vn -3.169506 -3.108504 -3.046356
v 1.615640 -1.420550 -0.078156 0.749020 0.749020 0.749020
vn -5.655061 2.400652 0.226718
v 1.652270 -2.863670 1.070740 0.749020 0.749020 0.749020
vn -4.739470 1.959227 -1.908545
v 1.657980 -2.863090 1.348820 0.749020 0.749020 0.749020
vn -2.185757 1.193653 -5.079698
v 1.604090 -2.847820 1.406040 0.749020 0.749020 0.749020
vn -1.288112 2.072380 -5.099226
v 1.583440 -2.868290 1.406530 0.749020 0.749020 0.749020
vn -1.960748 4.711705 -1.970973
v 1.596950 -2.923620 1.350210 0.749020 0.749020 0.749020
vn -3.630688 3.616993 -1.929282
v 1.633470 -2.899440 1.349400 0.749020 0.749020 0.749020
vn -4.335581 4.355053 0.192981
v 1.627730 -2.899990 1.071320 0.749020 0.749020 0.749020
vn -2.680601 5.593358 0.399644
v 1.587040 -2.921890 0.956691 0.749020 0.749020 0.749020
vn -0.271882 6.269509 0.052922
v 1.522910 -2.932810 0.884403 0.749020 0.749020 0.749020
vn -1.296836 6.097425 0.195561
v 1.561080 -2.930580 0.960577 0.749020 0.749020 0.749020
vn -0.524002 5.224276 -2.113685
v 1.553920 -2.931950 1.351100 0.749020 0.749020 0.749020
vn -2.358502 5.687293 0.076305
v 1.591210 -2.924180 1.072130 0.749020 0.749020 0.749020
vn -0.394012 2.302644 -5.232603
v 1.555340 -2.875690 1.407140 0.749020 0.749020 0.749020
vn 2.542640 4.977381 -2.716107
v 1.469440 2.910360 0.537185 0.749020 0.749020 0.749020
vn -3.063221 -3.828043 3.571330
v 1.487420 1.678130 -1.120450 0.749020 0.749020 0.749020
vn -6.258968 0.189188 0.429768
v 1.622980 -1.314090 -1.107030 0.749020 0.749020 0.749020
vn -6.259245 0.179900 0.414990
v 1.622910 -1.301670 -1.113590 0.749020 0.749020 0.749020
vn -0.193246 6.274009 0.112191
v 1.458770 -2.932860 0.725399 0.749020 0.749020 0.749020
vn 0.022529 6.282186 0.070424
v 1.257270 -2.932250 0.584784 0.749020 0.749020 0.749020
vn 0.009900 6.274870 0.285690
v 1.257170 -2.932130 0.579628 0.749020 0.749020 0.749020
vn -0.032105 6.279032 0.146072
v 1.312210 -2.932480 0.593141 0.749020 0.749020 0.749020
vn -0.704611 6.117757 1.148572
v 1.363800 -2.929990 0.589991 0.749020 0.749020 0.749020
vn -0.145883 6.243444 0.587392
v 1.307540 -2.932000 0.581203 0.749020 0.749020 0.749020
vn 0.055817 3.129167 3.476206
v 1.256940 -2.931210 0.569341 0.749020 0.749020 0.749020
vn -0.005037 6.255010 0.566645
v 1.257050 -2.931790 0.574472 0.749020 0.749020 0.749020
vn -0.614129 3.285857 3.064240
v -0.569697 -2.923770 0.664743 0.749020 0.749020 0.749020
vn -0.747080 -3.262841 3.057374
v -0.554965 -2.951910 0.668122 0.749020 0.749020 0.749020
vn -0.924855 3.345963 2.982734
v -0.346202 -2.924660 0.726846 0.749020 0.749020 0.749020
vn -0.388930 -3.219707 2.989922
v -0.798703 -2.950900 0.627228 0.749020 0.749020 0.749020
vn -0.351317 3.229888 3.327087
v -0.798576 -2.922830 0.627177 0.749020 0.749020 0.749020
vn -1.158144 2.590909 4.420310
v 1.417190 -2.905070 0.565988 0.749020 0.749020 0.749020
vn -1.986035 5.542387 2.103673
v 1.429970 -2.921050 0.607924 0.749020 0.749020 0.749020
vn -2.645099 5.319885 1.909197
v 1.481510 -2.917750 0.656996 0.749020 0.749020 0.749020
vn -1.536381 5.838864 1.650816
v 1.424300 -2.924730 0.613918 0.749020 0.749020 0.749020
vn -0.238419 3.075475 3.734472
v 1.338760 -2.927650 0.567665 0.749020 0.749020 0.749020
vn -0.170289 5.015306 2.883989
v 1.310870 -2.930250 0.569290 0.749020 0.749020 0.749020
vn -1.235493 5.732613 2.198974
v 1.374320 -2.923360 0.572287 0.749020 0.749020 0.749020
vn -0.730631 2.870999 4.169307
v 1.379120 -2.919980 0.566826 0.749020 0.749020 0.749020
vn -1.068348 5.930225 1.718170
v 1.370510 -2.926280 0.578714 0.749020 0.749020 0.749020
vn -2.500916 5.054890 2.646149
v 1.440030 -2.912340 0.597256 0.749020 0.749020 0.749020
vn -3.139794 4.558248 2.902261
v 1.467820 -2.898950 0.602818 0.749020 0.749020 0.749020
vn -1.827610 2.119070 4.474180
v 1.486330 -2.857370 0.564464 0.749020 0.749020 0.749020
vn -2.321551 2.287378 4.287280
v 1.546150 -2.793750 0.563118 0.749020 0.749020 0.749020
vn -4.507846 3.655312 2.312765
v 1.555720 -2.881910 0.704977 0.749020 0.749020 0.749020
vn -2.640570 3.061413 3.941999
v 1.558440 -2.774490 0.559384 0.749020 0.749020 0.749020
vn -2.558858 1.530726 2.670991
v -1.662120 -2.750950 0.621640 0.749020 0.749020 0.749020
vn -2.575577 2.643962 1.566787
v -1.662430 -2.730450 0.601066 0.749020 0.749020 0.749020
vn -3.020444 -2.813874 -1.279451
v -1.663730 -2.933370 0.584505 0.749020 0.749020 0.749020
vn -2.857276 3.101727 0.459420
v -1.662990 -2.722980 0.572973 0.749020 0.749020 0.749020
vn -1.551114 -1.560097 1.615749
v -1.662710 -2.919430 0.629539 0.749020 0.749020 0.749020
vn -2.616272 -2.269962 1.192102
v -1.077420 -2.948510 0.615137 0.749020 0.749020 0.749020
vn -1.543445 -1.539636 1.570058
v -1.077290 -2.922120 0.615036 0.749020 0.749020 0.749020
vn -1.578410 -4.683558 1.074871
v -1.077420 -2.948510 0.615086 0.749020 0.749020 0.749020
vn -1.573786 -4.713135 1.600654
v -1.077290 -2.922120 0.615086 0.749020 0.749020 0.749020
vn -0.045320 -3.002071 3.137871
v -1.008150 -2.922420 0.614705 0.749020 0.749020 0.749020
vn -0.010157 -3.066722 3.140658
v -1.042720 -2.922270 0.614629 0.749020 0.749020 0.749020
vn -1.111107 -3.306436 2.943798
v -0.317602 -2.952850 0.736854 0.749020 0.749020 0.749020
vn -3.306910 -2.002285 2.456449
v -1.673910 1.842410 -0.972947 0.749020 0.749020 0.749020
vn 0.025354 -4.160937 4.675688
v 1.245740 1.829030 -1.033120 0.749020 0.749020 0.749020
vn -6.054965 -0.694342 1.460709
v 1.619580 1.351510 -1.209270 0.749020 0.749020 0.749020
vn -3.713790 2.881830 0.963244
v -1.668090 -2.723490 0.325755 0.749020 0.749020 0.749020
vn 1.120956 -5.132723 -3.380388
v 1.338000 -2.933750 0.514350 0.749020 0.749020 0.749020
vn 0.227556 -4.523381 -4.204362
v 1.268040 -1.876860 -1.032330 0.749020 0.749020 0.749020
vn 2.628638 -1.480067 3.788563
v -1.449630 -0.536854 -1.417900 0.749020 0.749020 0.749020
vn 1.987026 2.259287 3.797141
v -1.435380 0.532968 -1.420370 0.749020 0.749020 0.749020
vn -4.686291 -1.545695 1.670746
v -1.687960 0.772770 -1.415640 0.749020 0.749020 0.749020
vn 2.469028 -1.496276 -3.889688
v -1.450800 -0.536956 -1.474040 0.749020 0.749020 0.749020
vn 1.831212 2.245303 -3.882300
v -1.436520 0.532867 -1.476500 0.749020 0.749020 0.749020
vn 2.830067 0.491040 -3.899166
v -1.450800 0.557886 -1.476270 0.749020 0.749020 0.749020
vn 0.917035 -2.786275 -3.854999
v -0.586435 -0.522402 -1.491890 0.749020 0.749020 0.749020
vn -0.944351 -2.761299 3.866335
v -0.556438 -0.522427 -1.436370 0.749020 0.749020 0.749020
vn -1.102415 -2.777322 -3.810052
v -0.557632 -0.522554 -1.492500 0.749020 0.749020 0.749020
vn -2.481881 -1.452929 3.894328
v -0.534492 -0.541020 -1.436750 0.749020 0.749020 0.749020
vn 2.468102 -1.489397 -3.888800
v 0.233629 -0.544678 -1.508790 0.749020 0.749020 0.749020
vn -1.808817 2.287967 3.872685
v -0.544119 -0.594335 -1.436470 0.749020 0.749020 0.749020
vn -2.824221 0.530448 3.898801
v -0.529590 -0.569443 -1.436800 0.749020 0.749020 0.749020
vn -2.641955 -1.473144 -3.782654
v -0.535635 -0.541172 -1.492910 0.749020 0.749020 0.749020
vn 2.989507 0.510161 3.777239
v 0.229667 -0.572922 -1.452470 0.749020 0.749020 0.749020
vn 2.830195 0.491250 -3.900666
v 0.228498 -0.573024 -1.508610 0.749020 0.749020 0.749020
vn -2.983106 0.518972 -3.780088
v -0.530758 -0.569570 -1.492960 0.749020 0.749020 0.749020
vn 1.829598 2.245780 -3.881006
v 0.242799 -0.598043 -1.508860 0.749020 0.749020 0.749020
vn -1.965717 2.259396 -3.804447
v -0.545287 -0.594462 -1.492610 0.749020 0.749020 0.749020
vn 2.626934 -1.478980 3.789868
v 0.239903 0.578612 -1.454990 0.749020 0.749020 0.749020
vn 0.915776 -2.792746 -3.853559
v -0.581330 0.600786 -1.494280 0.749020 0.749020 0.749020
vn 1.073691 -2.780745 3.825395
v -0.580161 0.600913 -1.438150 0.749020 0.749020 0.749020
vn -1.014168 -2.851437 2.957633
v 1.403500 0.758596 -1.468020 0.749020 0.749020 0.749020
vn -3.470566 0.854562 -2.925312
v 1.984400 0.465125 3.084750 0.749020 0.749020 0.749020
vn 1.000472 0.514360 -6.165504
v 1.998800 0.515315 3.091610 0.749020 0.749020 0.749020
vn 0.718531 0.233648 -6.202070
v 1.998850 0.521589 3.091920 0.749020 0.749020 0.749020
vn 0.672187 0.131342 -6.202362
v 1.998880 0.527863 3.092090 0.749020 0.749020 0.749020
vn 0.695283 0.015422 -6.191775
v 1.998900 0.534137 3.092140 0.749020 0.749020 0.749020
vn 2.927346 0.044447 -5.332407
v 2.005960 0.534111 3.093900 0.749020 0.749020 0.749020
vn 5.200618 0.014187 -3.137411
v 2.011200 0.534111 3.098900 0.749020 0.749020 0.749020
vn 5.178632 -0.230371 -3.033010
v 2.011120 0.514858 3.098340 0.749020 0.749020 0.749020
vn 5.920791 -1.263397 -0.121525
v 2.003550 0.460350 3.100220 0.749020 0.749020 0.749020
vn 4.816536 0.925558 -3.680814
v 2.000000 0.462661 3.089020 0.749020 0.749020 0.749020
vn 0.570465 1.699553 -5.985114
v 1.989070 0.465099 3.084650 0.749020 0.749020 0.749020
vn 2.474735 1.393566 -5.506501
v 1.995070 0.464058 3.085670 0.749020 0.749020 0.749020
vn 2.983532 0.177237 -5.285887
v 2.005860 0.515188 3.093340 0.749020 0.749020 0.749020
vn -0.033852 1.732296 -5.989397
v 1.988970 0.465099 3.084650 0.749020 0.749020 0.749020
vn 0.796358 3.811896 -4.791207
v 1.997020 0.360045 3.038860 0.749020 0.749020 0.749020
vn -3.681045 1.887342 -2.324857
v 1.982980 0.360121 3.039130 0.749020 0.749020 0.749020
vn -3.802952 -2.825782 -0.838439
v 1.975870 -0.478180 2.881170 0.749020 0.749020 0.749020
vn 0.747698 -5.743488 -1.867728
v 1.989910 -0.478257 2.880890 0.749020 0.749020 0.749020
vn 0.706969 -3.557658 -4.886663
v 1.992580 -0.590144 3.035550 0.749020 0.749020 0.749020
vn -3.524328 -0.475360 -2.990341
v 1.978940 -0.771525 3.095220 0.749020 0.749020 0.749020
vn -3.516070 0.494773 -2.992896
v 1.439950 -2.186940 3.151380 0.749020 0.749020 0.749020
vn -2.253171 2.156933 -2.712913
v 1.562660 -1.514780 3.147470 0.749020 0.749020 0.749020
vn -2.794266 1.181377 2.811723
v 1.474620 -1.649580 3.205730 0.749020 0.749020 0.749020
vn -3.049239 0.321698 3.011030
v 1.442850 -1.808170 3.206720 0.749020 0.749020 0.749020
vn -2.139893 2.168317 2.796741
v 1.563830 -1.514680 3.203630 0.749020 0.749020 0.749020
vn -5.347824 -1.229827 0.734007
v 1.701670 -0.452298 3.198600 0.749020 0.749020 0.749020
vn -2.373106 1.311383 4.154802
v 1.697280 -1.423290 3.200680 0.749020 0.749020 0.749020
vn -0.919543 -1.250808 0.649531
v 1.954350 -0.453441 3.193410 0.749020 0.749020 0.749020
vn -3.753713 -1.815633 -2.326294
v 1.710260 -0.825348 3.697780 0.749020 0.749020 0.749020
vn -2.542316 1.295318 -4.058380
v 1.696110 -1.423420 3.144550 0.749020 0.749020 0.749020
vn -4.026838 1.295299 2.574159
v 1.701950 -0.392354 3.198470 0.749020 0.749020 0.749020
vn -4.038273 -1.247417 2.576865
v 1.705510 0.396697 3.196820 0.749020 0.749020 0.749020
vn -3.737163 1.840391 -2.335139
v 1.717800 0.831698 3.694250 0.749020 0.749020 0.749020
vn -5.335639 1.284734 0.759241
v 1.705810 0.456641 3.196690 0.749020 0.749020 0.749020
vn -2.384392 -1.272605 4.161101
v 1.710080 1.396110 3.194680 0.749020 0.749020 0.749020
vn -2.554392 -1.289183 -4.052206
v 1.708910 1.395980 3.138550 0.749020 0.749020 0.749020
vn -2.892223 -0.478683 -3.004933
v 1.993270 2.190980 3.131060 0.749020 0.749020 0.749020
vn 0.686570 -0.995938 -6.116232
v 2.002360 1.292280 3.090520 0.749020 0.749020 0.749020
vn 3.014646 -0.872297 -5.293818
v 2.009420 1.292250 3.092270 0.749020 0.749020 0.749020
vn 5.300462 -0.490010 -3.038801
v 2.014650 1.292230 3.097300 0.749020 0.749020 0.749020
vn 6.040353 -0.618785 -0.633858
v 2.013130 0.514426 3.105330 0.749020 0.749020 0.749020
vn 6.139278 -0.609837 0.630630
v 2.024510 0.837743 3.586120 0.749020 0.749020 0.749020
vn 5.003476 -2.050673 2.266777
v 2.006370 0.781431 3.630650 0.749020 0.749020 0.749020
vn 2.058959 -1.484573 -0.287552
v 1.985310 0.435381 3.134790 0.749020 0.749020 0.749020
vn 3.400876 2.276640 4.312750
v 1.934970 -0.404698 3.177770 0.749020 0.749020 0.749020
vn 2.395214 1.220869 -0.832566
v 1.981350 -0.433857 3.136650 0.749020 0.749020 0.749020
vn 5.032552 2.068553 2.199018
v 1.998880 -0.749021 3.607820 0.749020 0.749020 0.749020
vn 6.236755 0.249295 0.338317
v 2.007410 -0.497205 3.051960 0.749020 0.749020 0.749020
vn 5.986771 -0.958675 1.507867
v 2.002690 0.458648 3.102530 0.749020 0.749020 0.749020
vn 6.129917 0.486427 -0.091179
v 2.011250 0.352069 3.050160 0.749020 0.749020 0.749020
vn 6.206911 0.589169 -0.345506
v 2.007410 0.228879 2.890320 0.749020 0.749020 0.749020
vn 5.501779 2.679632 0.714429
v 2.001390 0.231394 2.690620 0.749020 0.749020 0.749020
vn 3.307628 3.089606 4.122626
v 1.993550 0.348412 2.533570 0.749020 0.749020 0.749020
vn -3.718977 1.793813 2.476070
v 1.972560 0.349656 2.535530 0.749020 0.749020 0.749020
vn 0.943763 1.000523 6.080419
v 1.986180 0.532867 2.474520 0.749020 0.749020 0.749020
vn -3.728840 -1.733083 2.498477
v 1.968250 -0.591083 2.536160 0.749020 0.749020 0.749020
vn 0.937805 -0.971831 6.087046
v 1.980230 -0.772820 2.477290 0.749020 0.749020 0.749020
vn -3.767346 -2.821208 1.007196
v 1.971930 -0.478561 2.690320 0.749020 0.749020 0.749020
vn -3.748811 2.869870 0.951008
v 1.975280 0.238227 2.693210 0.749020 0.749020 0.749020
vn 0.945591 3.584210 4.820846
v 1.986590 0.349580 2.535250 0.749020 0.749020 0.749020
vn 3.272268 4.960880 1.458252
v 1.996340 0.236347 2.692220 0.749020 0.749020 0.749020
vn 5.460478 2.643762 -1.052411
v 2.005510 0.235483 2.888030 0.749020 0.749020 0.749020
vn 3.189077 4.904056 -1.798468
v 2.000350 0.240360 2.886430 0.749020 0.749020 0.749020
vn 6.111695 -1.094182 0.269059
v 2.003320 0.459715 3.100120 0.749020 0.749020 0.749020
vn 4.086310 2.993737 -0.509406
v 2.002940 0.461112 3.094180 0.749020 0.749020 0.749020
vn 5.371655 1.943190 -2.226162
v 2.009270 0.356032 3.044390 0.749020 0.749020 0.749020
vn 3.137362 3.374485 -4.085541
v 2.004060 0.358927 3.040280 0.749020 0.749020 0.749020
vn 0.800894 5.678735 -2.018260
v 1.993320 0.242164 2.885950 0.749020 0.749020 0.749020
vn -3.781285 2.832706 -0.913645
v 1.979300 0.242240 2.886230 0.749020 0.749020 0.749020
vn 0.874030 5.758533 1.745324
v 1.989330 0.238176 2.692930 0.749020 0.749020 0.749020
vn 0.822453 -5.736726 1.857656
v 1.985980 -0.478638 2.690060 0.749020 0.749020 0.749020
vn 3.222842 -0.850366 5.172819
v 1.987220 -0.772871 2.475260 0.749020 0.749020 0.749020
vn 5.417730 -0.479248 2.827141
v 1.992250 -0.772897 2.470020 0.749020 0.749020 0.749020
vn 3.236645 0.844555 5.164675
v 1.984680 -1.334470 2.476450 0.749020 0.749020 0.749020
vn 6.205317 -0.133799 0.610679
v 1.994000 -0.772922 2.462960 0.749020 0.749020 0.749020
vn 6.207394 0.079530 0.605687
v 1.991440 -1.334520 2.464160 0.749020 0.749020 0.749020
vn 6.103933 -0.931922 -0.520640
v 1.982800 -2.445180 2.291510 0.749020 0.749020 0.749020
vn 6.092562 -0.596619 -0.947550
v 1.976020 -2.037060 1.872390 0.749020 0.749020 0.749020
vn 6.085984 0.469817 -1.026525
v 1.982240 -0.914222 1.923670 0.749020 0.749020 0.749020
vn 2.517379 1.150899 -4.441634
v 1.983540 -0.489839 2.378350 0.749020 0.749020 0.749020
vn 0.632651 -3.620156 -4.567801
v 1.847950 0.779551 1.845740 0.749020 0.749020 0.749020
vn -4.141360 -1.257997 -2.405475
v 1.688740 0.395046 2.382620 0.749020 0.749020 0.749020
vn -3.638032 1.849992 2.478729
v 1.680440 0.827913 1.883360 0.749020 0.749020 0.749020
vn 2.627713 -3.010809 -4.020119
v 1.918440 0.796138 1.854940 0.749020 0.749020 0.749020
vn 2.612075 -0.404472 -5.002251
v 1.916230 1.404090 1.613460 0.749020 0.749020 0.749020
vn 4.887702 -0.351866 -3.194776
v 1.968700 1.408790 1.663520 0.749020 0.749020 0.749020
vn 6.084536 -0.533869 -1.012456
v 1.990570 0.905840 1.923140 0.749020 0.749020 0.749020
vn 4.908734 -1.933764 -2.540259
v 1.970790 0.827430 1.894460 0.749020 0.749020 0.749020
vn 1.768175 -1.700586 -4.969365
v 1.958390 0.439522 2.376960 0.749020 0.749020 0.749020
vn 6.024190 -0.756264 -0.989185
v 1.998240 0.544297 2.375940 0.749020 0.749020 0.749020
vn -0.126994 -0.011598 -6.281886
v 1.987960 0.488137 2.376250 0.749020 0.749020 0.749020
vn 6.204816 0.358679 -0.617745
v 1.993290 -0.546125 2.378250 0.749020 0.749020 0.749020
vn 6.216714 -0.415537 0.406799
v 1.996130 -0.582981 2.524230 0.749020 0.749020 0.749020
vn 5.507580 -1.685184 2.182246
v 1.994330 -0.587096 2.529940 0.749020 0.749020 0.749020
vn 3.218657 -4.969883 1.555005
v 1.992990 -0.476885 2.689330 0.749020 0.749020 0.749020
vn 3.105117 -3.089428 -4.278389
v 1.999640 -0.589051 3.036930 0.749020 0.749020 0.749020
vn 3.160299 -4.970539 -1.665856
v 1.996950 -0.476504 2.881330 0.749020 0.749020 0.749020
vn 5.440129 -2.720184 -0.980847
v 2.002130 -0.471602 2.882800 0.749020 0.749020 0.749020
vn 5.478064 -2.703544 0.763593
v 1.998120 -0.472008 2.687620 0.749020 0.749020 0.749020
vn 6.199749 -0.659223 -0.332026
v 2.004110 -0.464947 2.884930 0.749020 0.749020 0.749020
vn 0.677393 -0.995975 -6.117458
v 1.992990 -0.771576 3.094910 0.749020 0.749020 0.749020
vn 3.008417 -0.871525 -5.295620
v 2.000050 -0.771601 3.096640 0.749020 0.749020 0.749020
vn 3.004210 0.823856 -5.308273
v 1.997480 -1.333190 3.097840 0.749020 0.749020 0.749020
vn 5.296966 0.429307 -3.048829
v 2.002740 -1.333190 3.102860 0.749020 0.749020 0.749020
vn 3.124229 3.044156 -4.294742
v 1.995420 -1.515970 3.038880 0.749020 0.749020 0.749020
vn -2.480792 2.854748 0.968772
v 1.962400 -2.524130 2.681710 0.749020 0.749020 0.749020
vn -3.739099 2.860482 0.994616
v 1.966720 -1.627680 2.692780 0.749020 0.749020 0.749020
vn -3.709624 1.779251 2.489727
v 1.964030 -1.515800 2.538150 0.749020 0.749020 0.749020
vn -3.711133 1.777483 2.489967
v 1.425930 -2.394530 2.516990 0.749020 0.749020 0.749020
vn -3.807373 1.768699 -2.342675
v 1.974340 -1.514780 3.037790 0.749020 0.749020 0.749020
vn -3.767386 2.858367 -0.852593
v 1.970660 -1.627280 2.883640 0.749020 0.749020 0.749020
vn 0.691746 0.964374 -6.121130
v 1.990420 -1.333170 3.096110 0.749020 0.749020 0.749020
vn 0.726703 3.532237 -4.901036
v 1.988390 -1.514860 3.037510 0.749020 0.749020 0.749020
vn -2.518804 2.851362 -0.877499
v 1.966850 -2.523690 2.898600 0.749020 0.749020 0.749020
vn -2.554633 1.762727 -2.368191
v 1.971070 -2.395830 3.073780 0.749020 0.749020 0.749020
vn -3.810804 1.768361 -2.342766
v 1.437660 -2.393370 3.084780 0.749020 0.749020 0.749020
vn -2.765946 -0.466233 3.123890
v 1.441120 -2.186810 3.207510 0.749020 0.749020 0.749020
vn -3.168816 0.309670 -2.884943
v 1.441700 -1.808280 3.150560 0.749020 0.749020 0.749020
vn -2.907016 1.169769 -2.697065
v 1.473450 -1.649680 3.149600 0.749020 0.749020 0.749020
vn -2.606986 2.576516 -1.544082
v 1.949070 -2.481400 3.389760 0.749020 0.749020 0.749020
vn -3.393941 -0.463145 3.136348
v 1.946450 -2.189120 3.197100 0.749020 0.749020 0.749020
vn -2.635609 1.349452 -2.655167
v 1.959840 -2.019600 3.808090 0.749020 0.749020 0.749020
vn -2.643896 -1.820259 -2.348608
v 1.962910 -0.826516 3.692580 0.749020 0.749020 0.749020
vn -3.759193 -0.273907 -2.929742
v 1.712290 -1.405460 3.925470 0.749020 0.749020 0.749020
vn -2.525303 1.877157 2.426804
v 1.711170 -0.777697 3.731890 0.749020 0.749020 0.749020
vn 1.178318 0.350956 5.634093
v 1.881940 -1.387980 3.976570 0.749020 0.749020 0.749020
vn 0.929596 -2.591592 5.077974
v 1.873960 0.395910 3.193340 0.749020 0.749020 0.749020
vn -2.542169 -1.843328 2.434137
v 1.718260 0.784200 3.728570 0.749020 0.749020 0.749020
vn -0.908138 1.261885 0.644261
v 1.958470 0.455473 3.191480 0.749020 0.749020 0.749020
vn -2.627174 1.834263 -2.356356
v 1.970430 0.830529 3.689040 0.749020 0.749020 0.749020
vn -2.646927 0.290614 -2.954615
v 1.977750 1.411580 3.914240 0.749020 0.749020 0.749020
vn -3.389641 0.507400 3.134129
v 1.966370 2.191230 3.187800 0.749020 0.749020 0.749020
vn -2.454852 1.773504 2.465996
v 1.460530 2.432710 3.119960 0.749020 0.749020 0.749020
vn -3.827133 -1.742409 -2.333337
v 1.459410 2.399610 3.074620 0.749020 0.749020 0.749020
vn -2.761370 0.504606 3.120704
v 1.461010 2.193540 3.198220 0.749020 0.749020 0.749020
vn -2.273261 -2.148113 -2.705622
v 1.576300 1.488570 3.141090 0.749020 0.749020 0.749020
vn -2.159024 -2.136604 2.803214
v 1.577440 1.488670 3.197250 0.749020 0.749020 0.749020
vn -3.052728 -0.281359 3.011678
v 1.459150 1.783310 3.199080 0.749020 0.749020 0.749020
vn -3.175353 -0.293523 -2.883853
v 1.458010 1.783180 3.142950 0.749020 0.749020 0.749020
vn -2.804725 -1.143644 2.814768
v 1.489480 1.624410 3.198770 0.749020 0.749020 0.749020
vn -2.917978 -1.154588 -2.694446
v 1.488340 1.624310 3.142640 0.749020 0.749020 0.749020
vn -2.570670 -1.749473 -2.361066
v 1.992830 2.397150 3.063600 0.749020 0.749020 0.749020
vn -3.520342 -0.475519 -2.992167
v 1.459860 2.193420 3.142060 0.749020 0.749020 0.749020
vn -2.544567 -2.831985 -0.865121
v 1.989780 2.524300 2.887880 0.749020 0.749020 0.749020
vn 0.755704 -5.742852 -1.867712
v 1.999280 1.585600 2.876520 0.749020 0.749020 0.749020
vn -3.831246 -1.742972 -2.334052
v 1.987930 1.473780 3.031470 0.749020 0.749020 0.749020
vn 0.695461 -3.557898 -4.888356
v 2.001950 1.473710 3.031160 0.749020 0.749020 0.749020
vn 3.091096 -3.096535 -4.283985
v 2.009010 1.474800 3.032530 0.749020 0.749020 0.749020
vn 5.406899 -1.693591 -2.400858
v 2.014270 1.477770 3.036570 0.749020 0.749020 0.749020
vn 6.197065 -0.412063 -0.653050
v 2.016280 1.481910 3.042210 0.749020 0.749020 0.749020
vn 6.158534 -0.025439 -0.938720
v 2.013230 0.534086 3.105890 0.749020 0.749020 0.749020
vn 6.163119 -0.014786 -0.916606
v 2.013200 0.527533 3.105840 0.749020 0.749020 0.749020
vn 6.168887 -0.001909 -0.908565
v 2.013150 0.520979 3.105660 0.749020 0.749020 0.749020
vn 6.141420 0.745659 0.429472
v 2.027250 2.386230 3.373960 0.749020 0.749020 0.749020
vn 6.176058 -0.136280 -0.861246
v 2.016680 1.292230 3.104290 0.749020 0.749020 0.749020
vn 4.998273 2.574984 1.631161
v 2.009390 2.449070 3.406830 0.749020 0.749020 0.749020
vn 2.671021 4.950512 0.269522
v 1.946880 2.690720 2.813380 0.749020 0.749020 0.749020
vn 0.831700 5.783480 -0.185868
v 1.876100 2.710260 2.781280 0.749020 0.749020 0.749020
vn -2.568495 3.031326 0.046703
v 1.707640 2.711040 2.784750 0.749020 0.749020 0.749020
vn -2.537784 2.576413 1.648657
v 1.719880 2.530880 3.417600 0.749020 0.749020 0.749020
vn 0.918451 4.993971 2.881346
v 1.888340 2.530120 3.414120 0.749020 0.749020 0.749020
vn 2.684002 3.993631 2.900199
v 1.958800 2.491970 3.436520 0.749020 0.749020 0.749020
vn 2.663481 1.770577 4.598582
v 1.965170 1.990450 3.856860 0.749020 0.749020 0.749020
vn 6.146738 0.354087 0.743294
v 2.032860 1.940640 3.744370 0.749020 0.749020 0.749020
vn 5.013460 -0.491950 2.983676
v 2.014350 1.349730 3.891890 0.749020 0.749020 0.749020
vn 2.519324 -3.478445 3.550164
v 1.955650 0.748030 3.670550 0.749020 0.749020 0.749020
vn 3.382173 -2.255350 4.355371
v 1.938660 0.406806 3.176070 0.749020 0.749020 0.749020
vn 0.936020 2.622429 5.049826
v 1.870380 -0.393141 3.195010 0.749020 0.749020 0.749020
vn 2.247357 3.603785 3.418399
v 1.948460 -0.715086 3.647690 0.749020 0.749020 0.749020
vn 5.013712 0.530682 2.969297
v 2.002180 -1.314220 3.892400 0.749020 0.749020 0.749020
vn 6.146207 0.182260 0.803785
v 2.019480 -1.316840 3.821070 0.749020 0.749020 0.749020
vn 6.197038 -0.413235 -0.655939
v 2.006880 -0.581914 3.046600 0.749020 0.749020 0.749020
vn 6.177724 -0.135322 -0.855521
v 2.007290 -0.771601 3.108650 0.749020 0.749020 0.749020
vn 5.412955 -1.690270 -2.394398
v 2.004870 -0.586054 3.040960 0.749020 0.749020 0.749020
vn 5.303417 -0.488598 -3.030863
v 2.005280 -0.771601 3.101670 0.749020 0.749020 0.749020
vn 5.423068 1.640845 -2.413905
v 2.000630 -1.519000 3.042940 0.749020 0.749020 0.749020
vn 0.798890 5.727032 -1.891907
v 1.984680 -1.627380 2.883360 0.749020 0.749020 0.749020
vn 0.933827 3.548183 4.854973
v 1.978080 -1.515850 2.537840 0.749020 0.749020 0.749020
vn -2.454735 1.772733 2.465117
v 1.959330 -2.397000 2.505990 0.749020 0.749020 0.749020
vn -3.389504 0.507849 3.135034
v 1.425500 -2.188360 2.449530 0.749020 0.749020 0.749020
vn -3.737316 2.859828 0.994756
v 1.428980 -2.521690 2.692700 0.749020 0.749020 0.749020
vn -2.570621 -1.749996 -2.361814
v 1.424860 -2.427630 2.471620 0.749020 0.749020 0.749020
vn -3.775070 2.857276 -0.851698
v 1.433470 -2.521230 2.909600 0.749020 0.749020 0.749020
vn -2.470582 -1.739841 2.472205
v 1.438450 -2.426310 3.130300 0.749020 0.749020 0.749020
vn -3.727377 -1.733657 2.497912
v 1.943760 -2.428620 3.119880 0.749020 0.749020 0.749020
vn -3.682047 3.037989 0.069856
v 1.683280 -2.652190 2.796110 0.749020 0.749020 0.749020
vn -3.716790 2.580926 -1.520771
v 1.696410 -2.480230 3.394960 0.749020 0.749020 0.749020
vn -2.649210 -0.279140 -2.953376
v 1.964940 -1.406600 3.920260 0.749020 0.749020 0.749020
vn -2.532153 -1.305570 2.770150
v 1.708200 -2.035580 3.867430 0.749020 0.749020 0.749020
vn 1.097725 -2.708792 4.992727
v 1.876650 -2.036340 3.863950 0.749020 0.749020 0.749020
vn -2.519162 0.335130 3.055648
v 1.713510 -1.387220 3.980030 0.749020 0.749020 0.749020
vn 2.443145 -1.601764 4.678330
v 1.947470 -1.959360 3.876370 0.749020 0.749020 0.749020
vn 2.376191 1.202061 4.790309
v 1.951890 -1.304750 3.943980 0.749020 0.749020 0.749020
vn 5.003294 -1.214706 2.782258
v 1.997940 -1.940200 3.827730 0.749020 0.749020 0.749020
vn 6.141590 -0.337598 0.782262
v 2.015720 -1.899460 3.768060 0.749020 0.749020 0.749020
vn 6.131456 -0.772509 0.490924
v 2.006270 -2.363830 3.412310 0.749020 0.749020 0.749020
vn 6.143736 0.627007 0.563503
v 2.016400 -0.795833 3.555010 0.749020 0.749020 0.749020
vn 6.177011 0.076439 -0.861845
v 2.004770 -1.333190 3.109850 0.749020 0.749020 0.749020
vn 6.197551 0.359877 -0.665016
v 2.002640 -1.523110 3.048610 0.749020 0.749020 0.749020
vn 3.267121 4.945621 1.530456
v 1.987750 -1.629560 2.691770 0.749020 0.749020 0.749020
vn 0.877535 5.735359 1.836491
v 1.980740 -1.627730 2.692480 0.749020 0.749020 0.749020
vn 3.182573 4.948644 -1.688505
v 1.991720 -1.629180 2.883790 0.749020 0.749020 0.749020
vn 3.307257 3.062129 4.143209
v 1.985060 -1.517010 2.536190 0.749020 0.749020 0.749020
vn 0.950627 0.986867 6.082570
v 1.977690 -1.334410 2.478480 0.749020 0.749020 0.749020
vn -3.385612 0.507900 3.132877
v 1.963650 -1.334360 2.478790 0.749020 0.749020 0.749020
vn -3.390913 -0.462923 3.137624
v 1.966210 -0.772770 2.477590 0.749020 0.749020 0.749020
vn -3.394983 0.512766 3.132022
v 1.972130 0.532943 2.474800 0.749020 0.749020 0.749020
vn -2.761484 0.504555 3.120661
v 1.958900 -2.190800 2.438530 0.749020 0.749020 0.749020
vn -1.959030 -1.401338 4.007633
v 1.942490 0.375158 2.433650 0.749020 0.749020 0.749020
vn -1.942109 1.442442 3.995780
v 1.939090 -0.376225 2.435250 0.749020 0.749020 0.749020
vn -2.140061 2.168408 2.794485
v 1.548180 -1.516180 2.445610 0.749020 0.749020 0.749020
vn -3.051958 0.322010 3.012061
v 1.427230 -1.809730 2.448710 0.749020 0.749020 0.749020
vn -3.167777 0.309674 -2.883599
v 1.426060 -1.809830 2.392550 0.749020 0.749020 0.749020
vn -2.892395 -0.478437 -3.004204
v 1.424330 -2.188490 2.393390 0.749020 0.749020 0.749020
vn -2.253984 2.157350 -2.714488
v 1.547040 -1.516300 2.389480 0.749020 0.749020 0.749020
vn -2.544744 -2.832314 -0.865390
v 1.428390 -2.575130 2.675460 0.749020 0.749020 0.749020
vn -2.506701 -2.828044 0.980789
v 1.433580 -2.574620 2.927050 0.749020 0.749020 0.749020
vn -2.572018 3.033222 0.046952
v 1.935940 -2.653360 2.790900 0.749020 0.749020 0.749020
vn -3.762676 -2.822628 1.006885
v 1.938880 -2.576930 2.916630 0.749020 0.749020 0.749020
vn -3.651526 2.586073 1.661768
v 1.671700 -2.482620 2.196540 0.749020 0.749020 0.749020
vn -2.626840 -2.553228 -1.542549
v 1.670840 -2.528160 2.163440 0.749020 0.749020 0.749020
vn -2.595782 -3.008084 0.059586
v 1.683030 -2.708350 2.796260 0.749020 0.749020 0.749020
vn -2.561173 -2.546080 1.659187
v 1.696900 -2.525620 3.428310 0.749020 0.749020 0.749020
vn -3.745586 1.354582 -2.632268
v 1.707160 -2.018440 3.813300 0.749020 0.749020 0.749020
vn 0.869195 -5.749793 -0.222354
v 1.851480 -2.709110 2.792780 0.749020 0.749020 0.749020
vn 4.906737 -2.710532 -1.672070
v 1.962510 -2.491110 2.230040 0.749020 0.749020 0.749020
vn 2.481302 -3.904827 3.064799
v 1.936670 -2.474800 3.467350 0.749020 0.749020 0.749020
vn 2.501708 -4.967698 0.454437
v 1.922880 -2.689280 2.845310 0.749020 0.749020 0.749020
vn 0.988505 -4.972351 2.823149
v 1.865350 -2.526390 3.424860 0.749020 0.749020 0.749020
vn 6.117497 -0.995343 0.010955
v 1.994030 -2.566620 2.863700 0.749020 0.749020 0.749020
vn 6.213929 0.602486 0.075410
v 1.994660 -1.641170 2.687880 0.749020 0.749020 0.749020
vn 6.219299 0.363362 0.408191
v 1.991870 -1.524200 2.526210 0.749020 0.749020 0.749020
vn 5.426531 0.439973 2.816186
v 1.989710 -1.334490 2.471190 0.749020 0.749020 0.749020
vn 5.518143 1.648807 2.183877
v 1.990090 -1.520040 2.531920 0.749020 0.749020 0.749020
vn 6.206300 0.598198 -0.332903
v 1.998780 -1.640760 2.887420 0.749020 0.749020 0.749020
vn 5.458030 2.670970 -0.995878
v 1.996870 -1.634080 2.885290 0.749020 0.749020 0.749020
vn 5.497471 2.673405 0.758695
v 1.992830 -1.634490 2.690060 0.749020 0.749020 0.749020
vn 4.974571 -2.580516 1.683811
v 1.987630 -2.433090 3.436590 0.749020 0.749020 0.749020
vn 3.280967 -3.068248 4.158526
v 1.989280 -0.590093 2.534210 0.749020 0.749020 0.749020
vn 0.894652 -3.541929 4.866908
v 1.982290 -0.591134 2.535890 0.749020 0.749020 0.749020
vn 4.939225 -3.137171 0.024026
v 1.974420 -2.638170 2.841800 0.749020 0.749020 0.749020
vn 4.888793 -1.439129 -2.869923
v 1.955570 -2.037990 1.793370 0.749020 0.749020 0.749020
vn 6.086699 -0.079381 -1.137005
v 1.975820 -1.468220 1.735710 0.749020 0.749020 0.749020
vn 4.889176 0.274936 -3.193702
v 1.955850 -1.421130 1.668830 0.749020 0.749020 0.749020
vn 2.547660 -2.484042 -4.364916
v 1.903150 -2.061640 1.748920 0.749020 0.749020 0.749020
vn 2.592626 0.278616 -5.010473
v 1.903420 -1.416530 1.618720 0.749020 0.749020 0.749020
vn 0.687816 -2.409558 -5.281162
v 1.832410 -2.040640 1.718790 0.749020 0.749020 0.749020
vn 0.658308 0.706182 -5.773900
v 1.832990 -1.392730 1.603480 0.749020 0.749020 0.749020
vn 1.727844 1.819338 -4.925022
v 1.954380 -0.440969 2.378840 0.749020 0.749020 0.749020
vn 4.923246 1.868544 -2.556006
v 1.963190 -0.834136 1.895580 0.749020 0.749020 0.749020
vn 2.649853 2.936553 -4.056254
v 1.911120 -0.802691 1.855830 0.749020 0.749020 0.749020
vn 0.158010 2.412454 -5.123652
v 1.853590 -0.394792 2.380820 0.749020 0.749020 0.749020
vn 0.136300 -2.435170 -5.113788
v 1.857170 0.394259 2.379140 0.749020 0.749020 0.749020
vn 0.801045 -2.209696 -5.169533
v 1.912520 0.406095 2.378000 0.749020 0.749020 0.749020
vn 0.821671 2.178388 -5.180763
v 1.908840 -0.407111 2.379730 0.749020 0.749020 0.749020
vn -2.622828 1.867381 -2.327831
v 1.672410 -0.781456 1.852520 0.749020 0.749020 0.749020
vn -4.129587 1.284956 -2.409869
v 1.685140 -0.394005 2.384300 0.749020 0.749020 0.749020
vn 2.114932 -1.390227 4.012198
v 1.745940 0.376047 2.437690 0.749020 0.749020 0.749020
vn 1.117065 -1.421582 0.858937
v 1.745940 0.376072 2.437640 0.749020 0.749020 0.749020
vn 0.876416 1.201444 0.534083
v 1.742540 -0.375336 2.439260 0.749020 0.749020 0.749020
vn 2.364158 1.173070 3.704725
v 1.742540 -0.375310 2.439290 0.749020 0.749020 0.749020
vn -1.085083 1.395103 0.875251
v 1.939090 -0.376250 2.435200 0.749020 0.749020 0.749020
vn -1.094195 -1.382672 0.879121
v 1.942490 0.375183 2.433600 0.749020 0.749020 0.749020
vn -2.383805 -1.272328 4.160522
v 1.694460 1.394560 2.436720 0.749020 0.749020 0.749020
vn -3.393816 -0.463042 3.135837
v 1.445390 2.192020 2.440230 0.749020 0.749020 0.749020
vn -3.775265 2.855652 -0.851036
v 1.957120 2.577360 2.654100 0.749020 0.749020 0.749020
vn -2.554621 1.763157 -2.368803
v 1.446940 2.431360 2.461310 0.749020 0.749020 0.749020
vn -3.810869 1.768604 -2.342830
v 1.952240 2.429050 2.450900 0.749020 0.749020 0.749020
vn -2.887710 0.492415 -3.007195
v 1.444240 2.191920 2.384070 0.749020 0.749020 0.749020
vn -3.173255 -0.293253 -2.882396
v 1.442360 1.781660 2.384930 0.749020 0.749020 0.749020
vn -2.273748 -2.148049 -2.704515
v 1.560650 1.487040 2.383100 0.749020 0.749020 0.749020
vn -2.159866 -2.136898 2.804521
v 1.561820 1.487140 2.439260 0.749020 0.749020 0.749020
vn -2.917128 -1.154672 -2.694292
v 1.472720 1.622760 2.384630 0.749020 0.749020 0.749020
vn -2.805415 -1.143659 2.815418
v 1.473860 1.622880 2.440760 0.749020 0.749020 0.749020
vn -3.049946 -0.281486 3.013066
v 1.443530 1.781760 2.441090 0.749020 0.749020 0.749020
vn -2.553589 -1.289422 -4.053134
v 1.693290 1.394460 2.380540 0.749020 0.749020 0.749020
vn -0.934231 1.259489 -0.611628
v 1.941680 0.453796 2.377340 0.749020 0.749020 0.749020
vn -2.639826 -1.853324 -2.319993
v 1.679500 0.780339 1.849200 0.749020 0.749020 0.749020
vn -3.632269 0.308373 3.083587
v 1.678410 1.408020 1.655620 0.749020 0.749020 0.749020
vn -2.645753 -0.311450 -2.948032
v 1.677190 1.389840 1.601040 0.749020 0.749020 0.749020
vn 0.633663 -0.696887 -5.782234
v 1.845640 1.389080 1.597560 0.749020 0.749020 0.749020
vn 4.901381 1.360002 -2.893329
v 1.973910 2.023490 1.779320 0.749020 0.749020 0.749020
vn 6.091377 0.000256 -1.125875
v 1.989100 1.452240 1.730120 0.749020 0.749020 0.749020
vn 6.206928 -0.132651 0.604072
v 2.003350 1.290930 2.458590 0.749020 0.749020 0.749020
vn 6.117124 0.841589 -0.552193
v 2.004520 2.431820 2.260880 0.749020 0.749020 0.749020
vn 6.216744 -0.415569 0.405815
v 2.005510 1.480870 2.519830 0.749020 0.749020 0.749020
vn 5.476223 -2.712982 0.768197
v 2.007490 1.591840 2.683200 0.749020 0.749020 0.749020
vn -2.506925 -2.828380 0.980771
v 1.985310 2.523840 2.670990 0.749020 0.749020 0.749020
vn -3.801503 -2.826408 -0.838727
v 1.985260 1.585670 2.876800 0.749020 0.749020 0.749020
vn -3.725550 -1.735121 2.497352
v 1.977620 1.472770 2.531800 0.749020 0.749020 0.749020
vn -3.766716 -2.821409 1.006684
v 1.981300 1.585290 2.685950 0.749020 0.749020 0.749020
vn 0.825166 -5.736359 1.857881
v 1.995350 1.585210 2.685670 0.749020 0.749020 0.749020
vn 3.282009 -3.073149 4.154713
v 1.998650 1.473780 2.529840 0.749020 0.749020 0.749020
vn 3.225554 -4.965900 1.552654
v 2.002380 1.586970 2.684930 0.749020 0.749020 0.749020
vn 5.507171 -1.684862 2.182723
v 2.003710 1.476760 2.525550 0.749020 0.749020 0.749020
vn 6.207665 0.080195 0.604361
v 1.999920 0.532790 2.460190 0.749020 0.749020 0.749020
vn 6.221153 0.361483 0.398431
v 2.000350 0.341173 2.523690 0.749020 0.749020 0.749020
vn 6.211315 -0.645538 0.074281
v 1.999970 -0.465353 2.685390 0.749020 0.749020 0.749020
vn 6.214107 0.603326 0.065049
v 2.003220 0.224688 2.688540 0.749020 0.749020 0.749020
vn 5.516891 1.664539 2.165449
v 1.998600 0.345338 2.529360 0.749020 0.749020 0.749020
vn 5.428394 0.446243 2.812974
v 1.998190 0.532790 2.467230 0.749020 0.749020 0.749020
vn 5.420947 -0.478770 2.817805
v 2.001620 1.290980 2.465650 0.749020 0.749020 0.749020
vn 3.224435 -0.849216 5.171678
v 1.996620 1.290980 2.470860 0.749020 0.749020 0.749020
vn 0.939072 -0.971407 6.086919
v 1.989630 1.291030 2.472890 0.749020 0.749020 0.749020
vn 0.901305 -3.535796 4.870292
v 1.991670 1.472690 2.531490 0.749020 0.749020 0.749020
vn -3.389985 -0.463876 3.138927
v 1.975590 1.291110 2.473200 0.749020 0.749020 0.749020
vn -2.765590 -0.466186 3.123679
v 1.978790 2.189560 2.429200 0.749020 0.749020 0.749020
vn 3.237197 0.852112 5.162969
v 1.993160 0.532841 2.472490 0.749020 0.749020 0.749020
vn -3.727105 -1.733637 2.497885
v 1.447720 2.398450 2.506800 0.749020 0.749020 0.749020
vn -2.470695 -1.739897 2.471846
v 1.981120 2.396030 2.495800 0.749020 0.749020 0.749020
vn -3.763016 -2.822139 1.006562
v 1.451920 2.526310 2.681990 0.749020 0.749020 0.749020
vn -2.519033 2.851515 -0.877446
v 1.451810 2.579670 2.664540 0.749020 0.749020 0.749020
vn -3.800913 -2.825667 -0.839299
v 1.456390 2.526740 2.898880 0.749020 0.749020 0.749020
vn -2.480482 2.855393 0.968801
v 1.457000 2.580210 2.916120 0.749020 0.749020 0.749020
vn -3.737161 2.858113 0.994285
v 1.962330 2.577870 2.905710 0.749020 0.749020 0.749020
vn -2.630386 -2.559191 -1.533006
v 1.971650 2.484200 3.379220 0.749020 0.749020 0.749020
vn -2.520105 1.340366 2.764628
v 1.726720 2.042620 3.858770 0.749020 0.749020 0.749020
vn 0.982762 2.708455 5.068390
v 1.895170 2.041830 3.855290 0.749020 0.749020 0.749020
vn 2.611607 -1.014777 4.829719
v 1.964000 1.342340 3.943780 0.749020 0.749020 0.749020
vn 6.145885 -0.144154 0.817673
v 2.031820 1.366520 3.823030 0.749020 0.749020 0.749020
vn 5.014789 1.236093 2.755785
v 2.015490 1.969260 3.808910 0.749020 0.749020 0.749020
vn 1.007329 -3.350269 4.640433
v 1.886710 0.783412 3.725110 0.749020 0.749020 0.749020
vn 1.011025 -0.384904 5.720151
v 1.894590 1.393950 3.970650 0.749020 0.749020 0.749020
vn -2.521713 -0.299229 3.056173
v 1.726130 1.394710 3.974130 0.749020 0.749020 0.749020
vn -3.758150 -1.331361 -2.626336
v 1.725520 2.025270 3.804720 0.749020 0.749020 0.749020
vn -3.756878 0.295770 -2.931913
v 1.725090 1.412720 3.919470 0.749020 0.749020 0.749020
vn -2.648225 -1.336741 -2.649787
v 1.978200 2.024100 3.799480 0.749020 0.749020 0.749020
vn -3.740273 -2.553205 -1.509516
v 1.718970 2.485360 3.384420 0.749020 0.749020 0.749020
vn -3.709691 -3.004753 0.082715
v 1.707390 2.654860 2.784830 0.749020 0.749020 0.749020
vn -2.599810 -3.010635 0.060015
v 1.960040 2.653690 2.779620 0.749020 0.749020 0.749020
vn -3.515903 0.494814 -2.993672
v 1.949580 2.189580 2.373660 0.749020 0.749020 0.749020
vn -2.564843 -2.552779 1.650949
v 1.946910 2.481710 2.180790 0.749020 0.749020 0.749020
vn -2.536392 -1.325573 2.762157
v 1.936190 2.019860 1.762510 0.749020 0.749020 0.749020
vn -3.674799 -2.548084 1.674125
v 1.694260 2.482880 2.186000 0.749020 0.749020 0.749020
vn -2.631905 1.329479 -2.664769
v 1.682500 2.038220 1.713610 0.749020 0.749020 0.749020
vn -3.646318 -1.319807 2.783361
v 1.683510 2.021030 1.767710 0.749020 0.749020 0.749020
vn -2.603546 2.568763 -1.552282
v 1.693770 2.528290 2.152700 0.749020 0.749020 0.749020
vn 0.670077 2.435779 -5.283578
v 1.850920 2.037440 1.710160 0.749020 0.749020 0.749020
vn -2.522315 0.303155 3.060030
v 1.931060 1.406850 1.650390 0.749020 0.749020 0.749020
vn -2.528116 1.844214 2.454843
v 1.933120 0.826770 1.878150 0.749020 0.749020 0.749020
vn 0.742556 4.835880 -3.210391
v 1.862230 2.527500 2.149220 0.749020 0.749020 0.749020
vn 2.618251 2.339327 -4.428221
v 1.921690 2.046940 1.734540 0.749020 0.749020 0.749020
vn 6.102725 0.504818 -0.952178
v 1.994280 2.018000 1.855340 0.749020 0.749020 0.749020
vn 4.930840 2.644767 -1.717767
v 1.984810 2.480870 2.205910 0.749020 0.749020 0.749020
vn 2.644049 4.335074 -2.462072
v 1.933090 2.525240 2.180640 0.749020 0.749020 0.749020
vn 4.967109 3.097631 -0.034096
v 1.997990 2.639110 2.810970 0.749020 0.749020 0.749020
vn 6.131155 0.926242 -0.045399
v 2.016740 2.568320 2.823920 0.749020 0.749020 0.749020
vn 3.151700 -4.977642 -1.667383
v 2.006320 1.587370 2.876960 0.749020 0.749020 0.749020
vn 6.201867 -0.650849 -0.328811
v 2.013480 1.598900 2.880540 0.749020 0.749020 0.749020
vn 5.436335 -2.717814 -0.981084
v 2.011530 1.592250 2.878430 0.749020 0.749020 0.749020
vn 6.209101 -0.654713 0.076832
v 2.009370 1.598500 2.680990 0.749020 0.749020 0.749020
vn -3.711037 1.778842 2.491000
v 1.965830 2.430370 3.109540 0.749020 0.749020 0.749020
vn -5.361867 1.278584 -0.507399
v 1.689000 0.454939 2.382540 0.749020 0.749020 0.749020
vn -2.372894 1.312240 4.154293
v 1.681630 -1.424860 2.442670 0.749020 0.749020 0.749020
vn -2.906512 1.169019 -2.698321
v 1.457830 -1.651250 2.391590 0.749020 0.749020 0.749020
vn -2.791979 1.180563 2.810769
v 1.459000 -1.651100 2.447750 0.749020 0.749020 0.749020
vn -5.373645 -1.234176 -0.524580
v 1.684880 -0.453923 2.384480 0.749020 0.749020 0.749020
vn -2.541840 1.294935 -4.059600
v 1.680490 -1.424970 2.386530 0.749020 0.749020 0.749020
vn -3.520472 -0.475919 -2.991906
v 1.929660 -2.190800 2.382950 0.749020 0.749020 0.749020
vn -0.945490 -1.253419 -0.606143
v 1.937560 -0.455066 2.379270 0.749020 0.749020 0.749020
vn -2.523880 1.360137 2.756339
v 1.917830 -2.023620 1.771090 0.749020 0.749020 0.749020
vn -3.826853 -1.743397 -2.335076
v 1.930200 -2.429970 2.461210 0.749020 0.749020 0.749020
vn -2.541657 2.582631 1.640080
v 1.924380 -2.483760 2.191330 0.749020 0.749020 0.749020
vn -3.801268 -2.825893 -0.839445
v 1.933700 -2.577470 2.665040 0.749020 0.749020 0.749020
vn 0.760876 -4.801487 -3.225981
v 1.839260 -2.528920 2.159970 0.749020 0.749020 0.749020
vn 2.517192 -4.441242 -2.320667
v 1.910410 -2.535480 2.205560 0.749020 0.749020 0.749020
vn -2.644409 -1.316891 -2.659049
v 1.663980 -2.039870 1.722270 0.749020 0.749020 0.749020
vn -2.643009 0.323049 -2.950144
v 1.664560 -1.391970 1.606960 0.749020 0.749020 0.749020
vn -3.633874 1.364601 2.777876
v 1.665150 -2.022480 1.776320 0.749020 0.749020 0.749020
vn -3.635070 -0.262163 3.083722
v 1.665600 -1.409930 1.661620 0.749020 0.749020 0.749020
vn -2.525207 -0.267292 3.061009
v 1.918280 -1.411070 1.656410 0.749020 0.749020 0.749020
vn -3.654370 -1.806382 2.486719
v 1.672920 -0.828929 1.886890 0.749020 0.749020 0.749020
vn -2.544512 -1.810784 2.462689
v 1.925570 -0.830072 1.881680 0.749020 0.749020 0.749020
vn 0.671211 3.611649 -4.567331
v 1.840870 -0.782244 1.849040 0.749020 0.749020 0.749020
vn 1.232097 3.270980 4.557834
v 1.879620 -0.778459 3.728440 0.749020 0.749020 0.749020
vn 5.412085 -2.444860 -1.528255
v 1.764840 -1.073000 -0.312344 0.749020 0.749020 0.749020
vn 6.064509 -1.265876 -0.031620
v 1.781830 -1.022300 -0.306273 0.749020 0.749020 0.749020
vn 5.796649 -1.517611 -1.422116
v 1.779730 -1.024910 -0.320345 0.749020 0.749020 0.749020
vn 6.245749 -0.381018 0.339891
v 1.806880 -0.814273 -0.344729 0.749020 0.749020 0.749020
vn 5.976997 -0.946903 1.288689
v 1.781350 -1.020290 -0.297713 0.749020 0.749020 0.749020
vn 3.711803 -3.319193 -3.452816
v 1.734770 -1.112620 -0.323596 0.749020 0.749020 0.749020
vn 4.492820 -2.523741 -3.291226
v 1.756940 -1.073810 -0.328066 0.749020 0.749020 0.749020
vn 3.735702 -1.937328 -4.437407
v 1.761240 -1.036930 -0.344551 0.749020 0.749020 0.749020
vn 6.205786 -0.574869 -0.572819
v 1.806630 -0.815492 -0.351815 0.749020 0.749020 0.749020
vn 6.245669 -0.467358 -0.090324
v 1.806910 -0.814730 -0.347396 0.749020 0.749020 0.749020
vn 6.062692 -0.260430 -0.212132
v 1.809620 -0.690347 -0.367081 0.749020 0.749020 0.749020
vn 5.154943 -1.695718 -2.896085
v 1.774110 -1.026520 -0.333578 0.749020 0.749020 0.749020
vn 4.800885 -0.602181 -2.910701
v 1.805990 -0.816204 -0.356184 0.749020 0.749020 0.749020
vn 5.087444 -1.069282 -1.450449
v 1.792450 -0.921233 -0.353847 0.749020 0.749020 0.749020
vn 5.102483 -0.671312 -3.072801
v 1.789230 -0.575666 -0.470484 0.749020 0.749020 0.749020
vn 6.081454 -0.139456 -1.161207
v 1.809900 -0.245770 -0.454203 0.749020 0.749020 0.749020
vn 6.140981 0.221845 -0.845015
v 1.816100 0.649783 -0.352933 0.749020 0.749020 0.749020
vn 6.203853 -0.001176 0.683081
v 1.816100 0.650951 -0.352603 0.749020 0.749020 0.749020
vn 5.529915 -0.608605 1.292503
v 1.793550 -0.911352 -0.303098 0.749020 0.749020 0.749020
vn 5.646482 0.137611 2.026130
v 1.806470 -0.813333 -0.339395 0.749020 0.749020 0.749020
vn 5.409262 -0.495304 2.867270
v 1.776450 -1.015540 -0.281584 0.749020 0.749020 0.749020
vn 5.139162 -3.230733 0.408944
v 1.748280 -1.111450 -0.285140 0.749020 0.749020 0.749020
vn 5.774643 -2.174341 0.166951
v 1.767840 -1.070050 -0.295224 0.749020 0.749020 0.749020
vn 4.707998 -3.437829 -1.541827
v 1.744550 -1.114150 -0.305359 0.749020 0.749020 0.749020
vn 1.162311 -2.134635 -5.320656
v 1.706960 -1.118410 -0.336347 0.749020 0.749020 0.749020
vn 2.524842 -2.492805 -4.946791
v 1.731190 -1.093060 -0.339141 0.749020 0.749020 0.749020
vn -1.832617 -0.962734 -2.618515
v 1.666670 -0.871982 -0.450494 0.749020 0.749020 0.749020
vn -2.921263 -0.296890 -3.045533
v 1.666440 -0.317602 -0.584860 0.749020 0.749020 0.749020
vn 0.676820 -0.592711 -6.129729
v 1.683870 -0.309042 -0.585114 0.749020 0.749020 0.749020
vn -2.286552 -0.720690 -2.864903
v 1.666190 -0.598856 -0.534441 0.749020 0.749020 0.749020
vn 2.687912 -0.168751 -4.641397
v 1.727530 -0.178664 -0.584632 0.749020 0.749020 0.749020
vn 1.701202 -0.372714 -5.705323
v 1.710770 -0.255727 -0.585114 0.749020 0.749020 0.749020
vn 1.096382 -0.504164 -6.009011
v 1.695470 -0.293040 -0.585191 0.749020 0.749020 0.749020
vn 5.095751 0.008801 -3.135233
v 1.790500 -0.018313 -0.533171 0.749020 0.749020 0.749020
vn 6.082678 0.105648 -1.160417
v 1.812060 0.207213 -0.449428 0.749020 0.749020 0.749020
vn 5.108426 0.687260 -3.060181
v 1.794560 0.537540 -0.458724 0.749020 0.749020 0.749020
vn 2.233122 0.044996 -5.272418
v 1.738710 -0.017551 -0.583159 0.749020 0.749020 0.749020
vn 3.834109 2.226121 -4.081947
v 1.771020 0.996290 -0.323037 0.749020 0.749020 0.749020
vn 2.931302 1.282454 -5.061975
v 1.742240 0.550774 -0.507365 0.749020 0.749020 0.749020
vn -1.819370 1.032630 -2.596252
v 1.674850 0.834517 -0.432435 0.749020 0.749020 0.749020
vn 5.115308 1.856171 -2.813696
v 1.783770 0.985571 -0.312293 0.749020 0.749020 0.749020
vn 5.100734 1.052831 -1.438006
v 1.801090 0.880516 -0.334797 0.749020 0.749020 0.749020
vn 4.368338 0.326749 -2.861201
v 1.816100 0.650977 -0.352806 0.749020 0.749020 0.749020
vn 6.217873 0.492332 -0.545794
v 1.814270 0.774852 -0.334975 0.749020 0.749020 0.749020
vn 6.282656 0.049728 0.022578
v 1.816100 0.650977 -0.352755 0.749020 0.749020 0.749020
vn 6.282858 0.044977 0.003317
v 1.816100 0.650951 -0.352704 0.749020 0.749020 0.749020
vn 5.642266 -0.196434 2.004442
v 1.814090 0.772439 -0.322580 0.749020 0.749020 0.749020
vn 6.282756 0.051970 0.000000
v 1.816100 0.650951 -0.352654 0.749020 0.749020 0.749020
vn 6.283023 0.028273 0.010836
v 1.816100 0.650951 -0.352730 0.749020 0.749020 0.749020
vn 5.881811 1.087113 1.387668
v 1.790930 0.978510 -0.276581 0.749020 0.749020 0.749020
vn 5.341298 0.638186 2.862584
v 1.785980 0.973480 -0.260528 0.749020 0.749020 0.749020
vn 6.244867 0.342062 0.357689
v 1.814500 0.773481 -0.327914 0.749020 0.749020 0.749020
vn 5.539159 0.523299 1.326819
v 1.801980 0.870153 -0.284048 0.749020 0.749020 0.749020
vn 5.651260 -1.752666 1.751882
v 1.767050 -1.067360 -0.284886 0.749020 0.749020 0.749020
vn 3.964677 -4.468695 0.716637
v 1.722220 -1.142140 -0.277216 0.749020 0.749020 0.749020
vn 3.565821 -4.555838 -1.434157
v 1.718670 -1.143790 -0.299949 0.749020 0.749020 0.749020
vn 2.615870 -4.062473 -3.575830
v 1.709570 -1.138120 -0.320396 0.749020 0.749020 0.749020
vn 1.305755 -4.509488 -3.660122
v 1.692120 -1.147600 -0.318948 0.749020 0.749020 0.749020
vn -2.399403 -1.608759 -2.483562
v 1.667870 -1.132970 -0.334188 0.749020 0.749020 0.749020
vn 1.963665 -5.459062 -1.200488
v 1.698400 -1.155950 -0.297409 0.749020 0.749020 0.749020
vn -2.192502 -2.660743 -1.090807
v 1.668300 -1.158110 -0.307670 0.749020 0.749020 0.749020
vn 2.253969 -5.444189 0.996274
v 1.700990 -1.155120 -0.273609 0.749020 0.749020 0.749020
vn 3.813878 -3.789529 2.672839
v 1.721360 -1.137590 -0.263906 0.749020 0.749020 0.749020
vn 4.058997 -1.661017 4.124686
v 1.738400 -1.097250 -0.252146 0.749020 0.749020 0.749020
vn 2.124348 -4.703535 2.974951
v 1.700510 -1.150010 -0.259918 0.749020 0.749020 0.749020
vn -2.070314 -1.836753 2.262590
v 1.669770 -1.142060 -0.240462 0.749020 0.749020 0.749020
vn -2.040367 -2.772530 0.699420
v 1.669030 -1.161640 -0.271297 0.749020 0.749020 0.749020
vn -2.294455 -0.468514 3.033967
v 1.670180 -1.107640 -0.228219 0.749020 0.749020 0.749020
vn 1.989049 0.509052 5.784641
v 1.719400 1.051940 -0.211709 0.749020 0.749020 0.749020
vn 2.140367 2.539968 4.794405
v 1.714980 1.084960 -0.216738 0.749020 0.749020 0.749020
vn 4.379809 3.270106 2.618299
v 1.744420 1.083720 -0.244246 0.749020 0.749020 0.749020
vn 5.995819 1.404552 0.061333
v 1.791440 0.980694 -0.285064 0.749020 0.749020 0.749020
vn 4.809425 0.594160 -2.915950
v 1.813640 0.775665 -0.339344 0.749020 0.749020 0.749020
vn 4.981310 3.066842 -1.533748
v 1.755340 1.072310 -0.282346 0.749020 0.749020 0.749020
vn 5.755340 1.654361 -1.317926
v 1.789350 0.983615 -0.299085 0.749020 0.749020 0.749020
vn 5.396503 2.780689 0.387770
v 1.759050 1.069140 -0.262204 0.749020 0.749020 0.749020
vn -1.862196 1.776074 2.225280
v 1.680540 1.100070 -0.216789 0.749020 0.749020 0.749020
vn -2.288563 0.460065 3.034824
v 1.680620 1.065380 -0.205257 0.749020 0.749020 0.749020
vn 1.663936 3.045782 -5.052682
v 1.717520 1.078100 -0.313131 0.749020 0.749020 0.749020
vn 2.973299 2.499486 -4.698432
v 1.741470 1.052580 -0.316459 0.749020 0.749020 0.749020
vn 3.901207 3.086125 -3.487172
v 1.745560 1.071320 -0.300533 0.749020 0.749020 0.749020
vn 2.593619 5.147794 -1.108869
v 1.719760 1.109520 -0.274676 0.749020 0.749020 0.749020
vn 4.155115 4.185906 -1.375350
v 1.741630 1.090800 -0.278663 0.749020 0.749020 0.749020
vn 2.798282 4.270382 2.925199
v 1.722140 1.102610 -0.237947 0.749020 0.749020 0.749020
vn 4.561934 3.975625 0.709107
v 1.745410 1.088110 -0.256972 0.749020 0.749020 0.749020
vn -1.775631 2.673442 0.731146
v 1.679980 1.120320 -0.247193 0.749020 0.749020 0.749020
vn 2.916103 5.035370 1.022775
v 1.722880 1.107750 -0.251358 0.749020 0.749020 0.749020
vn -1.956846 2.635972 -0.991439
v 1.679240 1.117550 -0.283642 0.749020 0.749020 0.749020
vn 1.785232 4.446446 -3.507215
v 1.711760 1.102890 -0.295859 0.749020 0.749020 0.749020
vn 3.142053 3.802218 -3.549739
v 1.731720 1.087650 -0.298247 0.749020 0.749020 0.749020
vn -2.397753 1.782001 -2.387166
v 1.678560 1.092960 -0.310667 0.749020 0.749020 0.749020
vn 0.675998 0.707916 -6.115667
v 1.686660 0.274422 -0.578968 0.749020 0.749020 0.749020
vn 0.268393 0.727896 -6.184912
v 1.678940 0.280492 -0.578739 0.749020 0.749020 0.749020
vn -2.278818 0.803283 -2.849471
v 1.671780 0.563270 -0.522148 0.749020 0.749020 0.749020
vn -2.922681 0.388157 -3.039595
v 1.669340 0.283159 -0.578510 0.749020 0.749020 0.749020
vn 2.689943 0.241005 -4.636240
v 1.729080 0.143662 -0.581228 0.749020 0.749020 0.749020
vn 1.706538 0.478044 -5.697841
v 1.713050 0.220878 -0.580060 0.749020 0.749020 0.749020
vn 1.102042 0.616100 -5.995076
v 1.698140 0.258318 -0.579374 0.749020 0.749020 0.749020
vn 6.251653 0.404997 -0.070997
v 1.814530 0.774014 -0.330581 0.749020 0.749020 0.749020
vn 4.252148 1.310127 4.012652
v 1.749090 1.054400 -0.229565 0.749020 0.749020 0.749020
vn 4.399914 0.439681 4.258602
v 1.772440 0.977341 -0.243281 0.749020 0.749020 0.749020
vn 4.334263 -0.217007 4.429614
v 1.762960 -1.019430 -0.264541 0.749020 0.749020 0.749020
vn 4.815427 -1.030590 3.591291
v 1.759990 -1.060400 -0.266040 0.749020 0.749020 0.749020
vn 4.984788 -2.684799 2.213050
v 1.747290 -1.107870 -0.273050 0.749020 0.749020 0.749020
vn 3.242616 -0.422067 5.249190
v 1.733220 -1.071170 -0.244145 0.749020 0.749020 0.749020
vn 2.834962 -2.277762 4.652179
v 1.713200 -1.121920 -0.242291 0.749020 0.749020 0.749020
vn 1.984248 -0.710933 5.752347
v 1.709170 -1.094380 -0.234442 0.749020 0.749020 0.749020
vn 1.667361 -2.613410 4.944762
v 1.695150 -1.131390 -0.238430 0.749020 0.749020 0.749020
vn 5.201859 2.189678 2.187430
v 1.758060 1.065350 -0.250241 0.749020 0.749020 0.749020
vn 3.495554 1.938137 4.456692
v 1.735300 1.070030 -0.223037 0.749020 0.749020 0.749020
vn 3.375591 0.271960 5.136347
v 1.743200 1.028780 -0.221894 0.749020 0.749020 0.749020
vn 2.919154 -1.202922 -5.088224
v 1.736780 -0.587375 -0.519405 0.749020 0.749020 0.749020
vn 0.271999 -0.610450 -6.199748
v 1.676070 -0.315036 -0.585013 0.749020 0.749020 0.749020
vn -0.509049 -0.353496 -1.589160
v 1.688770 -0.139294 0.458368 0.749020 0.749020 0.749020
vn -0.505665 -0.987436 -1.294610
v 1.690170 -0.428244 0.591744 0.749020 0.749020 0.749020
vn 6.178308 -0.570204 -0.627038
v 1.837390 -0.296367 0.890702 0.749020 0.749020 0.749020
vn 5.402937 -1.573457 -2.205802
v 1.796570 -0.339547 0.700151 0.749020 0.749020 0.749020
vn 5.416226 -2.314764 -1.354522
v 1.799820 -0.509219 0.895909 0.749020 0.749020 0.749020
vn -0.495778 -1.440637 -0.762582
v 1.694230 -0.635229 0.833501 0.749020 0.749020 0.749020
vn -0.495667 -1.650167 -0.118403
v 1.700120 -0.722478 1.139550 0.749020 0.749020 0.749020
vn -0.500739 -1.112795 1.108238
v 1.727630 -0.315697 2.383260 0.749020 0.749020 0.749020
vn -0.658959 -1.850791 0.518000
v 1.706830 -0.674014 1.454050 0.749020 0.749020 0.749020
vn -0.552978 1.759688 0.408769
v 1.713150 0.717804 1.451130 0.749020 0.749020 0.749020
vn 5.400010 -0.546521 -2.658739
v 1.795450 -0.103378 0.593598 0.749020 0.749020 0.749020
vn 5.406154 0.552145 -2.646224
v 1.796670 0.155702 0.595884 0.749020 0.749020 0.749020
vn 6.175183 0.175387 -0.842263
v 1.836900 0.142900 0.769468 0.749020 0.749020 0.749020
vn 6.173442 -0.219234 -0.845367
v 1.835760 -0.094031 0.767359 0.749020 0.749020 0.749020
vn 6.243986 -0.500246 -0.025813
v 1.846220 -0.381762 1.338220 0.749020 0.749020 0.749020
vn 5.948415 -1.724545 0.315566
v 1.830150 -0.490423 1.380510 0.749020 0.749020 0.749020
vn 6.187325 -0.738981 -0.291381
v 1.841250 -0.402971 1.102280 0.749020 0.749020 0.749020
vn 5.449674 -2.634869 -0.346665
v 1.804640 -0.581177 1.145510 0.749020 0.749020 0.749020
vn 5.193152 -3.264417 0.750987
v 1.782420 -0.590423 1.420140 0.749020 0.749020 0.749020
vn 2.787310 -1.506552 3.391405
v 1.803960 -0.219685 2.381500 0.749020 0.749020 0.749020
vn -0.465224 1.114679 1.025289
v 1.731060 0.436042 2.381660 0.749020 0.749020 0.749020
vn -0.471353 1.640409 -0.103936
v 1.706880 0.764946 1.136400 0.749020 0.749020 0.749020
vn -0.497915 0.983253 -1.304050
v 1.694260 0.468528 0.589839 0.749020 0.749020 0.749020
vn -0.506318 0.345876 -1.592639
v 1.690220 0.178994 0.457683 0.749020 0.749020 0.749020
vn 6.183342 0.522569 -0.617693
v 1.840460 0.342976 0.896417 0.749020 0.749020 0.749020
vn 6.281870 0.007899 -0.122572
v 1.850060 0.420294 1.345360 0.749020 0.749020 0.749020
vn 6.191573 0.700393 -0.252853
v 1.845290 0.445745 1.109830 0.749020 0.749020 0.749020
vn 3.195744 -0.165900 3.006097
v 1.869520 0.019888 2.379650 0.749020 0.749020 0.749020
vn 3.102756 -0.730304 3.092458
v 1.852500 -0.104851 2.380260 0.749020 0.749020 0.749020
vn 3.100542 0.745808 3.040755
v 1.854020 0.229108 2.379550 0.749020 0.749020 0.749020
vn 3.194570 0.162417 2.993958
v 1.869920 0.107213 2.379470 0.749020 0.749020 0.749020
vn 6.211813 0.676384 0.011491
v 1.850060 0.420954 1.345590 0.749020 0.749020 0.749020
vn 5.584126 2.475934 0.437252
v 1.815060 0.583336 1.402990 0.749020 0.749020 0.749020
vn 5.467399 2.573516 -0.220181
v 1.810360 0.623494 1.155500 0.749020 0.749020 0.749020
vn 5.442906 2.287266 -1.303769
v 1.804900 0.556057 0.905383 0.749020 0.749020 0.749020
vn -0.485460 1.442551 -0.775907
v 1.700170 0.676504 0.830707 0.749020 0.749020 0.749020
vn 5.421214 1.567034 -2.170211
v 1.800020 0.389890 0.706628 0.749020 0.749020 0.749020
vn 2.779731 1.544822 3.285637
v 1.806500 0.341681 2.380310 0.749020 0.749020 0.749020
vn -3.623671 2.647093 1.586776
v -1.657810 1.941910 -0.213208 0.749020 0.749020 0.749020
vn -3.616145 -1.495402 2.705409
v -1.660300 1.485090 -0.232791 0.749020 0.749020 0.749020
vn -3.646501 -2.607839 1.596511
v -1.659790 1.505690 -0.212293 0.749020 0.749020 0.749020
vn 3.711738 -1.528864 2.556665
v -1.632230 1.484960 -0.233375 0.749020 0.749020 0.749020
vn 3.682639 -2.642603 1.447055
v -1.631720 1.505560 -0.212852 0.749020 0.749020 0.749020
vn -3.381019 3.105147 0.470759
v -1.657250 1.934460 -0.185141 0.749020 0.749020 0.749020
vn -3.408039 -3.071417 0.482643
v -1.659180 1.513260 -0.184226 0.749020 0.749020 0.749020
vn -3.398164 3.102553 -0.343402
v -1.653790 1.934790 -0.016688 0.749020 0.749020 0.749020
vn 3.408154 3.070462 -0.481640
v -1.625700 1.934670 -0.017247 0.749020 0.749020 0.749020
vn 3.642742 2.610532 -1.599844
v -1.625120 1.942260 0.010795 0.749020 0.749020 0.749020
vn -3.722788 -1.506194 -2.543719
v -1.654830 1.485620 0.032893 0.749020 0.749020 0.749020
vn 3.622574 -2.647381 -1.586411
v -1.627070 1.506020 0.011735 0.749020 0.749020 0.749020
vn 3.396648 -3.103324 0.342702
v -1.631110 1.513130 -0.184810 0.749020 0.749020 0.749020
vn 3.380064 -3.104230 -0.469632
v -1.627610 1.513480 -0.016358 0.749020 0.749020 0.749020
vn 3.423465 3.073896 0.330502
v -1.629180 1.934340 -0.185699 0.749020 0.749020 0.749020
vn 3.704893 2.613323 1.432434
v -1.629710 1.941810 -0.213792 0.749020 0.749020 0.749020
vn -3.603822 1.539000 2.696545
v -1.658140 1.962430 -0.233807 0.749020 0.749020 0.749020
vn 3.468532 0.395486 3.016944
v -1.630070 1.990370 -0.241960 0.749020 0.749020 0.749020
vn 3.727415 1.506704 2.559166
v -1.630070 1.962300 -0.234391 0.749020 0.749020 0.749020
vn -3.341080 -0.384211 3.158368
v -1.660580 1.457000 -0.240259 0.749020 0.749020 0.749020
vn 3.760190 -2.306202 1.853800
v -1.637000 1.187580 -0.399288 0.749020 0.749020 0.749020
vn 3.711631 -3.014788 -0.070728
v -1.636420 1.197460 -0.372237 0.749020 0.749020 0.749020
vn 3.465857 -0.415344 3.017954
v -1.632510 1.456870 -0.240843 0.749020 0.749020 0.749020
vn -3.761839 -2.801715 -0.942424
v -1.664180 1.195090 -0.357251 0.749020 0.749020 0.749020
vn -3.335457 0.428321 3.158367
v -1.660700 1.428900 -0.240182 0.749020 0.749020 0.749020
vn 3.467743 0.397137 3.017491
v -1.632640 1.428780 -0.240767 0.749020 0.749020 0.749020
vn 3.675565 -2.315592 -1.998654
v -1.635890 1.187650 -0.345135 0.749020 0.749020 0.749020
vn 3.664119 -0.545405 -3.025845
v -1.635710 1.162760 -0.330683 0.749020 0.749020 0.749020
vn -3.783778 0.529785 -2.875548
v -1.663850 1.148260 -0.330073 0.749020 0.749020 0.749020
vn -3.602903 1.538705 2.699501
v -1.660680 1.400840 -0.232613 0.749020 0.749020 0.749020
vn -3.783824 -1.486893 -2.514511
v -1.663830 1.176600 -0.335153 0.749020 0.749020 0.749020
vn 3.726373 1.505111 2.548394
v -1.632610 1.400710 -0.233197 0.749020 0.749020 0.749020
vn 3.707027 2.614769 1.434964
v -1.632280 1.380190 -0.212598 0.749020 0.749020 0.749020
vn -3.624640 2.647093 1.586528
v -1.660350 1.380310 -0.212039 0.749020 0.749020 0.749020
vn -3.617605 -1.495831 2.708644
v -1.662840 0.923493 -0.231597 0.749020 0.749020 0.749020
vn -3.646760 -2.607191 1.596199
v -1.662350 0.944093 -0.211099 0.749020 0.749020 0.749020
vn 3.708587 -1.529756 2.555753
v -1.634770 0.923366 -0.232156 0.749020 0.749020 0.749020
vn 3.683544 -2.641642 1.447267
v -1.634260 0.943966 -0.211658 0.749020 0.749020 0.749020
vn -3.407766 -3.072320 0.483756
v -1.661720 0.951662 -0.183032 0.749020 0.749020 0.749020
vn -3.378849 3.104778 0.468080
v -1.659810 1.372870 -0.183921 0.749020 0.749020 0.749020
vn 3.424106 3.072977 0.327432
v -1.631720 1.372740 -0.184506 0.749020 0.749020 0.749020
vn 3.397092 -3.103062 0.342549
v -1.633650 0.951535 -0.183617 0.749020 0.749020 0.749020
vn 3.379774 -3.105342 -0.470218
v -1.630170 0.951865 -0.015164 0.749020 0.749020 0.749020
vn -3.396365 3.103453 -0.343030
v -1.656330 1.373200 -0.015494 0.749020 0.749020 0.749020
vn 3.408569 3.071442 -0.482796
v -1.628240 1.373070 -0.016053 0.749020 0.749020 0.749020
vn -3.723101 -1.506747 -2.551630
v -1.657370 0.924027 0.034087 0.749020 0.749020 0.749020
vn -3.707188 -2.614182 -1.433868
v -1.657710 0.944550 0.013487 0.749020 0.749020 0.749020
vn 3.623542 -2.646515 -1.582229
v -1.629610 0.944423 0.012929 0.749020 0.749020 0.749020
vn -3.423656 -3.074216 -0.329499
v -1.658240 0.951992 -0.014605 0.749020 0.749020 0.749020
vn -3.684870 2.640839 -1.448511
v -1.655730 1.380770 0.012573 0.749020 0.749020 0.749020
vn 3.617333 1.495532 -2.713697
v -1.627150 1.401270 0.032512 0.749020 0.749020 0.749020
vn 3.645807 2.607018 -1.592710
v -1.627630 1.380640 0.011989 0.749020 0.749020 0.749020
vn 3.604486 -1.540455 -2.708168
v -1.629310 0.923900 0.033528 0.749020 0.749020 0.749020
vn 3.342661 0.385146 -3.155944
v -1.629380 0.867766 0.041173 0.749020 0.749020 0.749020
vn -3.462122 0.414867 -3.024037
v -1.657450 0.867893 0.041732 0.749020 0.749020 0.749020
vn -3.466552 -0.397835 -3.016363
v -1.657350 0.895960 0.041681 0.749020 0.749020 0.749020
vn -3.715078 -2.798045 1.105750
v -1.655750 0.634568 0.176632 0.749020 0.749020 0.749020
vn -3.339081 -0.384062 3.158718
v -1.651560 0.896544 0.322428 0.749020 0.749020 0.749020
vn -3.617129 -1.495305 2.717971
v -1.651250 0.924636 0.329870 0.749020 0.749020 0.749020
vn -3.334427 0.428955 3.156440
v -1.649150 1.430050 0.321310 0.749020 0.749020 0.749020
vn -3.341064 -0.383673 3.158207
v -1.649020 1.458140 0.321234 0.749020 0.749020 0.749020
vn -3.615892 -1.496155 2.716986
v -1.648710 1.486230 0.328701 0.749020 0.749020 0.749020
vn -3.461987 0.416496 -3.018868
v -1.654910 1.429490 0.040538 0.749020 0.749020 0.749020
vn 3.342888 0.385150 -3.158119
v -1.626850 1.429360 0.039980 0.749020 0.749020 0.749020
vn -3.709064 1.527966 -2.544328
v -1.655220 1.401390 0.033071 0.749020 0.749020 0.749020
vn 3.340229 -0.428225 -3.156124
v -1.629260 0.895833 0.041123 0.749020 0.749020 0.749020
vn 3.464210 -0.415645 3.018422
v -1.623490 0.896417 0.321843 0.749020 0.749020 0.749020
vn 3.757376 -2.308309 1.855065
v -1.627990 0.627126 0.163398 0.749020 0.749020 0.749020
vn 3.783932 -0.531222 2.875124
v -1.628390 0.602132 0.149047 0.749020 0.749020 0.749020
vn -3.662253 0.544069 3.026482
v -1.656540 0.587629 0.149657 0.749020 0.749020 0.749020
vn 3.787673 1.486805 2.514655
v -1.628420 0.573761 0.154102 0.749020 0.749020 0.749020
vn 3.619137 1.494019 -2.709882
v -1.629690 0.839648 0.033706 0.749020 0.749020 0.749020
vn -3.710079 1.530555 -2.548125
v -1.657780 0.839775 0.034265 0.749020 0.749020 0.749020
vn -3.682214 2.643030 -1.452363
v -1.658260 0.819201 0.013767 0.749020 0.749020 0.749020
vn -3.706461 -2.614554 -1.434562
v -1.660250 0.382956 0.014681 0.749020 0.749020 0.749020
vn -3.723107 -1.506560 -2.550236
v -1.659910 0.362433 0.035281 0.749020 0.749020 0.749020
vn -3.679662 -1.474175 2.680067
v -1.656280 0.616001 0.154584 0.749020 0.749020 0.749020
vn 3.715443 -3.013938 -0.071331
v -1.627400 0.637032 0.190449 0.749020 0.749020 0.749020
vn 3.677074 -2.316062 -1.997612
v -1.626870 0.627228 0.217526 0.749020 0.749020 0.749020
vn 3.664103 -0.543663 -3.025947
v -1.626690 0.602285 0.232004 0.749020 0.749020 0.749020
vn -3.757348 -2.800520 -0.944744
v -1.655170 0.634619 0.205435 0.749020 0.749020 0.749020
vn -3.601763 1.539612 2.703624
v -1.651640 0.840384 0.330073 0.749020 0.749020 0.749020
vn -3.337305 0.428327 3.155946
v -1.651690 0.868451 0.322478 0.749020 0.749020 0.749020
vn 3.469464 0.397568 3.016929
v -1.623620 0.868324 0.321894 0.749020 0.749020 0.749020
vn -3.784795 -1.487515 -2.513429
v -1.654810 0.616153 0.227533 0.749020 0.749020 0.749020
vn 3.711252 2.614157 1.435698
v -1.623260 0.819734 0.350063 0.749020 0.749020 0.749020
vn 3.724625 1.505520 2.545655
v -1.623570 0.840257 0.329489 0.749020 0.749020 0.749020
vn 3.396909 -3.102326 0.341340
v -1.624610 0.391084 0.379044 0.749020 0.749020 0.749020
vn 3.685823 -2.642161 1.446480
v -1.625240 0.383515 0.351003 0.749020 0.749020 0.749020
vn 3.380475 -3.103078 -0.467230
v -1.621130 0.391439 0.547497 0.749020 0.749020 0.749020
vn -3.407857 -3.071535 0.483366
v -1.652700 0.391211 0.379628 0.749020 0.749020 0.749020
vn -3.380334 3.103858 0.469132
v -1.650800 0.812419 0.378739 0.749020 0.749020 0.749020
vn -3.641076 -2.609082 1.597935
v -1.653310 0.383616 0.351587 0.749020 0.749020 0.749020
vn -3.619422 2.648811 1.584435
v -1.651330 0.819887 0.350647 0.749020 0.749020 0.749020
vn 3.408442 3.072219 -0.484466
v -1.619250 0.812622 0.546608 0.749020 0.749020 0.749020
vn -3.397686 3.101675 -0.341334
v -1.647320 0.812749 0.547192 0.749020 0.749020 0.749020
vn 3.644354 2.607558 -1.602612
v -1.618620 0.820217 0.574675 0.749020 0.749020 0.749020
vn 3.621037 -2.649455 -1.588500
v -1.620620 0.383972 0.575589 0.749020 0.749020 0.749020
vn 3.602346 -1.539691 -2.701405
v -1.620270 0.363449 0.596189 0.749020 0.749020 0.749020
vn -3.725454 -1.507056 -2.551718
v -1.648330 0.363576 0.596773 0.749020 0.749020 0.749020
vn -3.707819 -2.612769 -1.432576
v -1.648690 0.384099 0.576174 0.749020 0.749020 0.749020
vn 3.424648 3.072887 0.328359
v -1.622700 0.812292 0.378155 0.749020 0.749020 0.749020
vn -3.424992 -3.073731 -0.330581
v -1.649220 0.391566 0.548081 0.749020 0.749020 0.749020
vn -3.684092 2.642294 -1.448109
v -1.646680 0.820344 0.575259 0.749020 0.749020 0.749020
vn 3.337279 -0.428777 -3.148956
v -1.620240 0.335382 0.603783 0.749020 0.749020 0.749020
vn -3.469031 -0.398000 -2.995776
v -1.648310 0.335509 0.604368 0.749020 0.749020 0.749020
vn 3.339964 0.385521 -3.160090
v -1.620370 0.307315 0.603834 0.749020 0.749020 0.749020
vn -3.464979 0.416718 -3.021394
v -1.648430 0.307442 0.604418 0.749020 0.749020 0.749020
vn -1.080951 1.287634 1.522990
v -1.634260 2.949960 0.705485 0.749020 0.749020 0.749020
vn -3.469155 -0.396935 -3.016496
v -1.650870 -0.226085 0.605561 0.749020 0.749020 0.749020
vn -1.095121 -1.273477 1.529171
v -1.661030 -2.946780 0.718007 0.749020 0.749020 0.749020
vn 0.974437 3.149031 2.984273
v -1.624960 2.949900 0.702488 0.749020 0.749020 0.749020
vn -3.464968 0.416462 -3.016815
v -1.645900 0.869036 0.603225 0.749020 0.749020 0.749020
vn -3.711898 1.528537 -2.560468
v -1.646170 0.840943 0.595757 0.749020 0.749020 0.749020
vn 3.616097 1.494399 -2.705307
v -1.618080 0.840816 0.595173 0.749020 0.749020 0.749020
vn 3.340266 0.384639 -3.155299
v -1.617800 0.868909 0.602640 0.749020 0.749020 0.749020
vn 3.337099 -0.428015 -3.156128
v -1.622780 -0.226212 0.604977 0.749020 0.749020 0.749020
vn 2.027417 -1.857576 1.471438
v -1.633120 -2.946930 0.709193 0.749020 0.749020 0.749020
vn 0.921980 -3.144938 3.003137
v -1.642440 -2.946880 0.712089 0.749020 0.749020 0.749020
vn 3.341629 0.388062 -3.144087
v -1.633120 -2.500650 0.609803 0.749020 0.749020 0.749020
vn 3.343167 0.385398 -3.160820
v -1.630580 -1.939090 0.608609 0.749020 0.749020 0.749020
vn 3.340088 -0.428130 -3.155854
v -1.630450 -1.910990 0.608559 0.749020 0.749020 0.749020
vn 3.341277 0.384900 -3.140708
v -1.625470 -0.815873 0.606222 0.749020 0.749020 0.749020
vn 3.335740 -0.429080 -3.156548
v -1.625350 -0.787781 0.606146 0.749020 0.749020 0.749020
vn 3.337835 0.382707 -3.226737
v -1.622930 -0.254279 0.605028 0.749020 0.749020 0.749020
vn 3.603039 -1.540596 -2.708697
v -1.622830 -0.198120 0.597383 0.749020 0.749020 0.749020
vn -3.712477 1.529970 -2.555947
v -1.648710 0.279349 0.596951 0.749020 0.749020 0.749020
vn 3.616675 1.495537 -2.705139
v -1.620650 0.279222 0.596367 0.749020 0.749020 0.749020
vn 3.377497 -3.104637 -0.468883
v -1.623700 -0.170180 0.548691 0.749020 0.749020 0.749020
vn -3.707876 -2.614327 -1.435169
v -1.651230 -0.177495 0.577367 0.749020 0.749020 0.749020
vn 3.621404 -2.648944 -1.584701
v -1.623160 -0.177622 0.576783 0.749020 0.749020 0.749020
vn -3.726182 -1.506304 -2.546691
v -1.650900 -0.197993 0.597967 0.749020 0.749020 0.749020
vn 3.643505 2.608686 -1.600077
v -1.621180 0.258623 0.575843 0.749020 0.749020 0.749020
vn -3.683216 2.641024 -1.444567
v -1.649250 0.258750 0.576428 0.749020 0.749020 0.749020
vn -3.427774 -3.073608 -0.330582
v -1.651760 -0.170028 0.549275 0.749020 0.749020 0.749020
vn 3.396473 -3.103066 0.342183
v -1.627170 -0.170510 0.380263 0.749020 0.749020 0.749020
vn -3.604033 1.538023 2.702742
v -1.654200 0.278790 0.331241 0.749020 0.749020 0.749020
vn 3.707176 2.614296 1.435961
v -1.625800 0.258166 0.351257 0.749020 0.749020 0.749020
vn -3.335342 0.427838 3.156206
v -1.654250 0.306883 0.323672 0.749020 0.749020 0.749020
vn 3.675408 -2.316387 -2.000386
v -1.629430 0.065608 0.218745 0.749020 0.749020 0.749020
vn -3.784408 -1.486321 -2.517998
v -1.657330 0.054559 0.228727 0.749020 0.749020 0.749020
vn 3.718428 2.797972 -1.107726
v -1.627480 0.555346 0.205029 0.749020 0.749020 0.749020
vn 3.408683 3.071261 -0.483798
v -1.621790 0.251028 0.547802 0.749020 0.749020 0.749020
vn -3.397972 3.102557 -0.343872
v -1.649860 0.251155 0.548386 0.749020 0.749020 0.749020
vn 3.424908 3.073853 0.331045
v -1.625270 0.250698 0.379349 0.749020 0.749020 0.749020
vn -3.408028 -3.071699 0.482569
v -1.655240 -0.170383 0.380822 0.749020 0.749020 0.749020
vn 3.684865 -2.641185 1.447517
v -1.627780 -0.178079 0.352196 0.749020 0.749020 0.749020
vn 3.711740 -1.528149 2.555749
v -1.628290 -0.198679 0.331699 0.749020 0.749020 0.749020
vn -3.782241 0.532053 -2.875467
v -1.657370 0.026213 0.233782 0.749020 0.749020 0.749020
vn -3.340121 -0.385294 3.158701
v -1.656660 -0.226644 0.324815 0.749020 0.749020 0.749020
vn -3.616024 -1.494657 2.706056
v -1.656380 -0.198552 0.332283 0.749020 0.749020 0.749020
vn -3.645068 -2.607977 1.598974
v -1.655850 -0.177952 0.352781 0.749020 0.749020 0.749020
vn -3.380314 3.103862 0.469129
v -1.653340 0.250825 0.379933 0.749020 0.749020 0.749020
vn -3.620492 2.648989 1.585662
v -1.653870 0.258293 0.351841 0.749020 0.749020 0.749020
vn 3.680548 1.475212 -2.674914
v -1.629460 0.012319 0.228244 0.749020 0.749020 0.749020
vn -3.712787 3.013456 0.071945
v -1.658390 -0.008687 0.192380 0.749020 0.749020 0.749020
vn -3.716977 -2.796724 1.110034
v -1.660860 -0.488620 0.178994 0.749020 0.749020 0.749020
vn 3.714422 -3.012676 -0.069180
v -1.632480 -0.486156 0.192837 0.749020 0.749020 0.749020
vn -3.758301 -2.801971 -0.939931
v -1.660270 -0.488544 0.207797 0.749020 0.749020 0.749020
vn -3.338738 0.428451 3.156399
v -1.656790 -0.254737 0.324866 0.749020 0.749020 0.749020
vn -3.754542 2.309201 -1.853988
v -1.657780 0.001219 0.219431 0.749020 0.749020 0.749020
vn 3.465075 -0.416202 3.016634
v -1.628570 -0.226771 0.324231 0.749020 0.749020 0.749020
vn 3.465117 0.397806 3.016045
v -1.628700 -0.254864 0.324307 0.749020 0.749020 0.749020
vn 3.664629 -0.541845 -3.026472
v -1.631800 -0.520903 0.234391 0.749020 0.749020 0.749020
vn 3.684136 -2.642900 1.445736
v -1.630350 -0.739673 0.353390 0.749020 0.749020 0.749020
vn 3.713246 -1.527522 2.555280
v -1.630860 -0.760273 0.332867 0.749020 0.749020 0.749020
vn -3.782633 0.533267 -2.875112
v -1.659940 -0.535407 0.234975 0.749020 0.749020 0.749020
vn 3.677836 -2.316710 -1.997399
v -1.631980 -0.495960 0.219939 0.749020 0.749020 0.749020
vn 3.718704 2.797246 -1.108745
v -1.630020 -0.006248 0.206223 0.749020 0.749020 0.749020
vn -3.786127 -1.485852 -2.518986
v -1.659890 -0.507009 0.229921 0.749020 0.749020 0.749020
vn 3.723558 1.504252 2.548664
v -1.628670 -0.282905 0.331876 0.749020 0.749020 0.749020
vn -3.605432 1.538953 2.698251
v -1.656770 -0.282778 0.332435 0.749020 0.749020 0.749020
vn -3.617491 -1.495463 2.704358
v -1.658930 -0.760146 0.333451 0.749020 0.749020 0.749020
vn -3.644529 -2.607836 1.597741
v -1.658420 -0.739546 0.353974 0.749020 0.749020 0.749020
vn -3.622273 2.646871 1.587928
v -1.656440 -0.303301 0.353035 0.749020 0.749020 0.749020
vn 3.424898 3.072737 0.328975
v -1.627810 -0.310896 0.380543 0.749020 0.749020 0.749020
vn 3.706298 2.614683 1.438120
v -1.628370 -0.303428 0.352476 0.749020 0.749020 0.749020
vn -3.407842 -3.072841 0.484728
v -1.657780 -0.731977 0.382016 0.749020 0.749020 0.749020
vn 3.396287 -3.101951 0.340376
v -1.629710 -0.732104 0.381457 0.749020 0.749020 0.749020
vn 3.380378 -3.105164 -0.470845
v -1.626260 -0.731749 0.549885 0.749020 0.749020 0.749020
vn -3.425003 -3.073214 -0.330188
v -1.654330 -0.731622 0.550469 0.749020 0.749020 0.749020
vn -3.380252 3.104987 0.471150
v -1.655880 -0.310769 0.381127 0.749020 0.749020 0.749020
vn 3.408682 3.071182 -0.483849
v -1.624330 -0.310566 0.548996 0.749020 0.749020 0.749020
vn -3.707819 -2.613805 -1.436192
v -1.653790 -0.739089 0.578561 0.749020 0.749020 0.749020
vn 3.621174 -2.647311 -1.587393
v -1.625700 -0.739216 0.577977 0.749020 0.749020 0.749020
vn -3.725805 -1.505035 -2.539737
v -1.653460 -0.759612 0.599161 0.749020 0.749020 0.749020
vn -3.711387 1.528839 -2.556528
v -1.651280 -0.282245 0.598145 0.749020 0.749020 0.749020
vn -3.397951 3.101826 -0.342605
v -1.652420 -0.310439 0.549580 0.749020 0.749020 0.749020
vn -3.682749 2.642900 -1.447807
v -1.651790 -0.302844 0.577621 0.749020 0.749020 0.749020
vn 3.643048 2.608931 -1.596839
v -1.623720 -0.302971 0.577037 0.749020 0.749020 0.749020
vn 3.602990 -1.538927 -2.696693
v -1.625370 -0.759739 0.598576 0.749020 0.749020 0.749020
vn 3.618291 1.496263 -2.703951
v -1.623210 -0.282397 0.597560 0.749020 0.749020 0.749020
vn -3.467993 -0.398065 -3.018392
v -1.653410 -0.787654 0.606730 0.749020 0.749020 0.749020
vn -3.464767 0.416867 -3.011266
v -1.651000 -0.254152 0.605612 0.749020 0.749020 0.749020
vn -3.465715 0.415576 -3.011942
v -1.653540 -0.815746 0.606806 0.749020 0.749020 0.749020
vn -3.466285 -0.396896 -3.017478
v -1.658520 -1.910870 0.609117 0.749020 0.749020 0.749020
vn -3.783331 0.530219 -2.876992
v -1.662730 -2.828490 0.608533 0.749020 0.749020 0.749020
vn 0.940363 -3.142346 3.004993
v -1.651740 -2.946810 0.715035 0.749020 0.749020 0.749020
vn 0.953717 3.150303 2.995940
v -1.615640 2.949830 0.699541 0.749020 0.749020 0.749020
vn -6.057506 6.298254 -0.205537
v -1.636370 2.949730 0.602005 0.749020 0.749020 0.749020
vn 3.022445 -3.148142 -0.214260
v -1.634460 -2.947060 0.644449 0.749020 0.749020 0.749020
vn 3.662230 -0.543839 -3.026382
v -1.634590 -2.813990 0.607924 0.749020 0.749020 0.749020
vn -3.787838 -1.487061 -2.514052
v -1.662710 -2.800120 0.603479 0.749020 0.749020 0.749020
vn -3.759754 -2.801441 -0.939947
v -1.663090 -2.781660 0.581355 0.749020 0.749020 0.749020
vn 3.646147 2.607853 -1.597316
v -1.633930 -2.549350 0.581838 0.749020 0.749020 0.749020
vn 3.676468 -2.317666 -1.999553
v -1.634790 -2.789070 0.593471 0.749020 0.749020 0.749020
vn -3.682402 2.640189 -1.446809
v -1.662020 -2.549220 0.582397 0.749020 0.749020 0.749020
vn 3.618481 1.495043 -2.713839
v -1.633420 -2.528750 0.602336 0.749020 0.749020 0.749020
vn -3.397291 3.103285 -0.344889
v -1.662610 -2.556810 0.554355 0.749020 0.749020 0.749020
vn -3.717978 -2.797656 1.107396
v -1.663670 -2.781730 0.552552 0.749020 0.749020 0.749020
vn 3.711659 -3.014602 -0.067568
v -1.635300 -2.779290 0.566369 0.749020 0.749020 0.749020
vn 3.787416 1.486034 2.514386
v -1.636340 -2.842540 0.530047 0.749020 0.749020 0.749020
vn 3.408677 3.070635 -0.481598
v -1.634520 -2.556940 0.553771 0.749020 0.749020 0.749020
vn 3.783260 -0.535050 2.867610
v -1.636290 -2.814170 0.524993 0.749020 0.749020 0.749020
vn 3.752962 -2.309724 1.857075
v -1.635890 -2.789200 0.539344 0.749020 0.749020 0.749020
vn -3.682375 -1.474930 2.676816
v -1.664210 -2.800270 0.530530 0.749020 0.749020 0.749020
vn -3.600486 1.540556 2.699327
v -1.666980 -2.529180 0.337236 0.749020 0.749020 0.749020
vn 2.994201 -2.684976 -1.709064
v -1.635990 -2.922350 0.564617 0.749020 0.749020 0.749020
vn 3.681234 1.474672 -2.680518
v -1.634850 -2.842390 0.602996 0.749020 0.749020 0.749020
vn 2.913408 -3.076699 -0.677911
v -1.635020 -2.944270 0.616331 0.749020 0.749020 0.749020
vn -2.976761 -2.863608 -1.157278
v -1.663620 -2.935810 0.589940 0.749020 0.749020 0.749020
vn -2.967497 -3.050965 -0.557558
v -1.663090 -2.944140 0.616915 0.749020 0.749020 0.749020
vn -3.755506 2.310460 -1.852649
v -1.663140 -2.853490 0.594182 0.749020 0.749020 0.749020
vn -3.057532 -3.119689 -0.089340
v -1.662530 -2.946930 0.645008 0.749020 0.749020 0.749020
vn 2.899499 -2.889679 -1.279016
v -1.635530 -2.935940 0.589356 0.749020 0.749020 0.749020
vn 3.716736 2.798488 -1.105784
v -1.635380 -2.860950 0.580949 0.749020 0.749020 0.749020
vn 3.760847 2.799575 0.941012
v -1.635960 -2.861010 0.552145 0.749020 0.749020 0.749020
vn -3.712328 3.011342 0.070772
v -1.663780 -2.863390 0.567157 0.749020 0.749020 0.749020
vn -3.675167 2.314070 1.991910
v -1.664280 -2.853590 0.540055 0.749020 0.749020 0.749020
vn 3.706662 2.607716 1.424821
v -1.638550 -2.549800 0.357226 0.749020 0.749020 0.749020
vn -3.621455 2.655456 1.598422
v -1.666620 -2.549680 0.357810 0.749020 0.749020 0.749020
vn 3.424225 3.072737 0.329322
v -1.638000 -2.557270 0.385318 0.749020 0.749020 0.749020
vn -3.662234 0.542973 3.025064
v -1.664460 -2.828670 0.525602 0.749020 0.749020 0.749020
vn -3.381213 3.103149 0.468716
v -1.666090 -2.557150 0.385902 0.749020 0.749020 0.749020
vn 3.728969 1.506173 2.547683
v -1.638910 -2.529310 0.336626 0.749020 0.749020 0.749020
vn 3.425175 3.070551 0.328045
v -1.647040 -1.996820 -0.177368 0.749020 0.749020 0.749020
vn -3.336286 0.432854 3.164944
v -1.666980 -2.501110 0.329641 0.749020 0.749020 0.749020
vn 3.468363 0.390999 3.008542
v -1.638910 -2.501240 0.329057 0.749020 0.749020 0.749020
vn -3.396477 3.102767 -0.342319
v -1.671650 -1.996360 -0.008331 0.749020 0.749020 0.749020
vn 3.407984 3.072091 -0.482966
v -1.643580 -1.996490 -0.008915 0.749020 0.749020 0.749020
vn -3.379846 3.107209 0.472091
v -1.675100 -1.996690 -0.176784 0.749020 0.749020 0.749020
vn -3.621729 2.647478 1.587544
v -1.675660 -1.989230 -0.204851 0.749020 0.749020 0.749020
vn -3.376752 3.104716 0.468217
v -1.684150 -1.436220 -0.739445 0.749020 0.749020 0.749020
vn -3.621368 2.649454 1.584893
v -1.684680 -1.428780 -0.767537 0.749020 0.749020 0.749020
vn -5.678548 -4.364966 -4.235831
v -1.690830 -1.867990 -0.967740 0.749020 0.749020 0.749020
vn 2.990445 -1.698577 -2.710460
v -1.664970 -1.644190 -1.125090 0.749020 0.749020 0.749020
vn 3.721766 1.504960 2.549711
v -1.656940 -1.408380 -0.788695 0.749020 0.749020 0.749020
vn 2.727912 -2.207893 -2.233491
v -1.662760 -1.868120 -0.968324 0.749020 0.749020 0.749020
vn 3.722287 1.501328 2.547946
v -1.647900 -1.968830 -0.226009 0.749020 0.749020 0.749020
vn -3.603874 1.539850 2.699801
v -1.675990 -1.968700 -0.225450 0.749020 0.749020 0.749020
vn 3.707177 2.613331 1.437354
v -1.647600 -1.989350 -0.205435 0.749020 0.749020 0.749020
vn -3.397111 3.102715 -0.343238
v -1.680670 -1.435910 -0.571017 0.749020 0.749020 0.749020
vn 3.645024 2.606569 -1.599269
v -1.651970 -1.428440 -0.543509 0.749020 0.749020 0.749020
vn 3.426573 3.073495 0.330056
v -1.656080 -1.436370 -0.740029 0.749020 0.749020 0.749020
vn 3.706770 2.613176 1.436918
v -1.656610 -1.428900 -0.768121 0.749020 0.749020 0.749020
vn -3.607012 1.538154 2.700151
v -1.685010 -1.408280 -0.788137 0.749020 0.749020 0.749020
vn -3.336937 0.428683 3.156614
v -1.685040 -1.380190 -0.795706 0.749020 0.749020 0.749020
vn 3.469304 0.397063 3.016315
v -1.656970 -1.380310 -0.796290 0.749020 0.749020 0.749020
vn -3.677712 2.316562 1.997062
v -1.684630 -0.562762 -0.956463 0.749020 0.749020 0.749020
vn 3.785410 1.487726 2.514015
v -1.656660 -0.551688 -0.966470 0.749020 0.749020 0.749020
vn 3.782319 -0.528471 2.882746
v -1.656660 -0.523342 -0.971525 0.749020 0.749020 0.749020
vn 3.756092 2.801457 0.941766
v -1.656280 -0.570154 -0.944347 0.749020 0.749020 0.749020
vn 3.462638 -0.415399 3.018188
v -1.656840 -1.352240 -0.796341 0.749020 0.749020 0.749020
vn 3.713710 -1.528355 2.555236
v -1.656560 -1.324150 -0.788899 0.749020 0.749020 0.749020
vn -3.621166 2.648126 1.586351
v -1.682140 -0.867181 -0.768731 0.749020 0.749020 0.749020
vn -3.344347 -0.384618 3.158284
v -1.684910 -1.352090 -0.795782 0.749020 0.749020 0.749020
vn -3.616749 -1.495097 2.705351
v -1.684630 -1.324030 -0.788314 0.749020 0.749020 0.749020
vn -3.604237 1.539187 2.700500
v -1.682470 -0.846658 -0.789330 0.749020 0.749020 0.749020
vn -3.340039 0.428466 3.156203
v -1.682500 -0.818591 -0.796925 0.749020 0.749020 0.749020
vn -3.715379 3.014212 0.072531
v -1.684100 -0.572567 -0.929386 0.749020 0.749020 0.749020
vn 3.716241 2.797580 -1.106228
v -1.655700 -0.570103 -0.915543 0.749020 0.749020 0.749020
vn 3.722141 1.505620 2.540092
v -1.654380 -0.846785 -0.789889 0.749020 0.749020 0.749020
vn 3.466709 0.397447 3.016878
v -1.654430 -0.818718 -0.797484 0.749020 0.749020 0.749020
vn 3.683793 -2.641337 1.445795
v -1.656030 -1.303550 -0.768375 0.749020 0.749020 0.749020
vn -3.642772 -2.609498 1.599957
v -1.684100 -1.303430 -0.767791 0.749020 0.749020 0.749020
vn 3.425096 3.074621 0.332356
v -1.653540 -0.874776 -0.741223 0.749020 0.749020 0.749020
vn -3.427939 -3.073136 -0.331521
v -1.680030 -1.295480 -0.571297 0.749020 0.749020 0.749020
vn -3.409129 -3.070564 0.482473
v -1.683510 -1.295830 -0.739750 0.749020 0.749020 0.749020
vn -3.380464 3.103604 0.469097
v -1.681610 -0.874649 -0.740639 0.749020 0.749020 0.749020
vn -3.396733 3.103285 -0.342470
v -1.678100 -0.874293 -0.572186 0.749020 0.749020 0.749020
vn 3.407441 3.072282 -0.483732
v -1.650060 -0.874420 -0.572770 0.749020 0.749020 0.749020
vn 3.622110 -2.647902 -1.590354
v -1.651430 -1.303100 -0.543763 0.749020 0.749020 0.749020
vn -3.466529 -0.396922 -3.016277
v -1.679140 -1.351530 -0.515036 0.749020 0.749020 0.749020
vn 3.783844 1.486720 2.515856
v -1.647650 -1.112140 -0.403784 0.749020 0.749020 0.749020
vn 3.340240 -0.428988 -3.155677
v -1.651050 -1.351660 -0.515595 0.749020 0.749020 0.749020
vn 3.602095 -1.538490 -2.700969
v -1.651080 -1.323620 -0.523189 0.749020 0.749020 0.749020
vn 3.619983 1.494945 -2.701212
v -1.648890 -0.846252 -0.524180 0.749020 0.749020 0.749020
vn 3.782156 -0.532705 2.875582
v -1.647620 -1.083790 -0.408838 0.749020 0.749020 0.749020
vn -3.680552 -1.475076 2.674578
v -1.675540 -1.069900 -0.403301 0.749020 0.749020 0.749020
vn -3.665849 0.542453 3.025554
v -1.675770 -1.098300 -0.408254 0.749020 0.749020 0.749020
vn -3.725830 -1.504485 -2.552963
v -1.679140 -1.323490 -0.522605 0.749020 0.749020 0.749020
vn 3.378811 -3.104301 -0.470305
v -1.651970 -1.295630 -0.571856 0.749020 0.749020 0.749020
vn 3.396865 -3.102612 0.343464
v -1.655420 -1.295960 -0.740308 0.749020 0.749020 0.749020
vn 3.707948 2.612639 1.437688
v -1.654050 -0.867308 -0.769315 0.749020 0.749020 0.749020
vn -3.706403 -2.613065 -1.432875
v -1.679500 -1.302970 -0.543204 0.749020 0.749020 0.749020
vn -3.682751 2.642737 -1.447410
v -1.677490 -0.866724 -0.544144 0.749020 0.749020 0.749020
vn 3.645812 2.608137 -1.600987
v -1.649430 -0.866851 -0.544703 0.749020 0.749020 0.749020
vn -3.710766 1.528296 -2.557138
v -1.676980 -0.846125 -0.523621 0.749020 0.749020 0.749020
vn -3.465036 0.416593 -3.017093
v -1.676710 -0.818032 -0.516153 0.749020 0.749020 0.749020
vn 3.339740 0.385325 -3.159883
v -1.648640 -0.818159 -0.516738 0.749020 0.749020 0.749020
vn 3.754120 -2.307642 1.852891
v -1.647190 -1.058800 -0.394487 0.749020 0.749020 0.749020
vn 3.713149 -3.014175 -0.071350
v -1.646610 -1.048890 -0.367462 0.749020 0.749020 0.749020
vn -3.469434 -0.397207 -3.015861
v -1.676580 -0.789940 -0.516204 0.749020 0.749020 0.749020
vn 3.602641 -1.538961 -2.688353
v -1.648510 -0.762000 -0.524383 0.749020 0.749020 0.749020
vn 3.613882 1.497579 -2.703799
v -1.646350 -0.284658 -0.525424 0.749020 0.749020 0.749020
vn 3.337279 -0.428811 -3.156888
v -1.648510 -0.790067 -0.516788 0.749020 0.749020 0.749020
vn -3.718550 -2.796537 1.109454
v -1.674980 -1.051330 -0.381279 0.749020 0.749020 0.749020
vn -3.339870 -0.385485 3.158755
v -1.670760 -0.789381 -0.235483 0.749020 0.749020 0.749020
vn -3.760168 -2.800083 -0.945300
v -1.674390 -1.051280 -0.352476 0.749020 0.749020 0.749020
vn -3.335510 0.428236 3.157128
v -1.668370 -0.255880 -0.236601 0.749020 0.749020 0.749020
vn 3.646731 2.606359 -1.598612
v -1.646860 -0.305257 -0.545922 0.749020 0.749020 0.749020
vn -3.681265 2.641559 -1.446293
v -1.674950 -0.305105 -0.545338 0.749020 0.749020 0.749020
vn -3.423587 -3.073140 -0.327294
v -1.677490 -0.733908 -0.572491 0.749020 0.749020 0.749020
vn 3.340505 0.385256 -3.158048
v -1.646070 -0.256565 -0.517931 0.749020 0.749020 0.749020
vn -3.714906 1.530892 -2.567212
v -1.674420 -0.284531 -0.524815 0.749020 0.749020 0.749020
vn -3.464867 0.416402 -3.017796
v -1.674170 -0.256438 -0.517347 0.749020 0.749020 0.749020
vn -3.725379 -1.506284 -2.552172
v -1.676600 -0.761873 -0.523799 0.749020 0.749020 0.749020
vn -3.709023 -2.614810 -1.434172
v -1.676930 -0.741350 -0.544398 0.749020 0.749020 0.749020
vn 3.620045 -2.648072 -1.592444
v -1.648870 -0.741502 -0.544957 0.749020 0.749020 0.749020
vn -3.396903 3.102997 -0.343422
v -1.675560 -0.312699 -0.573380 0.749020 0.749020 0.749020
vn -3.381566 3.104521 0.472462
v -1.679040 -0.313055 -0.741832 0.749020 0.749020 0.749020
vn -3.647524 -2.608607 1.595446
v -1.681560 -0.741807 -0.768985 0.749020 0.749020 0.749020
vn -3.408695 -3.070623 0.481681
v -1.680970 -0.734238 -0.740943 0.749020 0.749020 0.749020
vn 3.397339 -3.102648 0.343592
v -1.652880 -0.734365 -0.741502 0.749020 0.749020 0.749020
vn 3.379922 -3.105306 -0.470612
v -1.649430 -0.734035 -0.573049 0.749020 0.749020 0.749020
vn 3.408251 3.072336 -0.485418
v -1.647500 -0.312826 -0.573938 0.749020 0.749020 0.749020
vn 3.425337 3.073243 0.330558
v -1.650970 -0.313182 -0.742391 0.749020 0.749020 0.749020
vn 3.708322 2.614383 1.435336
v -1.651510 -0.305714 -0.770484 0.749020 0.749020 0.749020
vn -3.604743 1.539778 2.702441
v -1.679910 -0.285064 -0.790524 0.749020 0.749020 0.749020
vn -3.787718 -1.487392 -2.512789
v -1.683060 -0.509295 -0.893039 0.749020 0.749020 0.749020
vn 3.722905 1.507557 2.545294
v -1.651840 -0.285191 -0.791083 0.749020 0.749020 0.749020
vn 3.662212 -0.543120 -3.026673
v -1.654940 -0.523164 -0.888594 0.749020 0.749020 0.749020
vn 3.682307 -2.641270 1.448539
v -1.653490 -0.741959 -0.769569 0.749020 0.749020 0.749020
vn 3.679589 1.475322 -2.675007
v -1.655170 -0.551536 -0.893521 0.749020 0.749020 0.749020
vn -3.756488 2.308472 -1.851578
v -1.683510 -0.562661 -0.902335 0.749020 0.749020 0.749020
vn -3.342830 -0.384575 3.159199
v -1.682370 -0.790524 -0.796976 0.749020 0.749020 0.749020
vn -3.783871 0.531857 -2.875322
v -1.683080 -0.537667 -0.887984 0.749020 0.749020 0.749020
vn -3.618190 -1.494437 2.710727
v -1.682060 -0.762432 -0.789508 0.749020 0.749020 0.749020
vn -3.619426 2.647532 1.586187
v -1.679600 -0.305562 -0.769925 0.749020 0.749020 0.749020
vn 3.462230 -0.417360 3.018296
v -1.654300 -0.790651 -0.797535 0.749020 0.749020 0.749020
vn 3.709375 -1.529482 2.553050
v -1.654000 -0.762559 -0.790067 0.749020 0.749020 0.749020
vn 3.675706 -2.316695 -1.999537
v -1.655140 -0.498246 -0.903046 0.749020 0.749020 0.749020
vn 3.466758 0.397414 3.016899
v -1.651890 -0.257124 -0.798678 0.749020 0.749020 0.749020
vn -3.340084 0.428055 3.156211
v -1.679960 -0.256997 -0.798119 0.749020 0.749020 0.749020
vn -3.754668 2.309878 -1.851098
v -1.680950 -0.001067 -0.903529 0.749020 0.749020 0.749020
vn -3.758640 -2.801285 -0.941839
v -1.683440 -0.490830 -0.915162 0.749020 0.749020 0.749020
vn -3.718921 -2.797009 1.106215
v -1.684020 -0.490880 -0.943966 0.749020 0.749020 0.749020
vn 3.712725 -3.014619 -0.069569
v -1.655650 -0.488442 -0.930123 0.749020 0.749020 0.749020
vn 3.719891 2.796979 -1.105475
v -1.653160 -0.008534 -0.916737 0.749020 0.749020 0.749020
vn 3.461720 -0.418435 3.013650
v -1.651740 -0.229057 -0.798728 0.749020 0.749020 0.749020
vn -3.619726 -1.494012 2.709556
v -1.679520 -0.200812 -0.790702 0.749020 0.749020 0.749020
vn -3.622710 2.647907 1.585995
v -1.677030 0.256007 -0.771119 0.749020 0.749020 0.749020
vn -3.783484 0.531154 -2.875255
v -1.680520 0.023927 -0.889178 0.749020 0.749020 0.749020
vn -3.605588 1.538190 2.700649
v -1.677360 0.276530 -0.791718 0.749020 0.749020 0.749020
vn -3.785738 -1.486162 -2.511087
v -1.680520 0.052273 -0.894232 0.749020 0.749020 0.749020
vn 3.662629 -0.544189 -3.026799
v -1.652400 0.038430 -0.889787 0.749020 0.749020 0.749020
vn 3.706501 2.614099 1.438586
v -1.648970 0.255880 -0.771677 0.749020 0.749020 0.749020
vn 3.710807 -1.530415 2.554561
v -1.651460 -0.200939 -0.791261 0.749020 0.749020 0.749020
vn 3.680974 1.475552 -2.674636
v -1.652630 0.010033 -0.894715 0.749020 0.749020 0.749020
vn -3.342762 -0.384202 3.158681
v -1.679830 -0.228930 -0.798170 0.749020 0.749020 0.749020
vn -3.644398 -2.610085 1.596861
v -1.678990 -0.180238 -0.770179 0.749020 0.749020 0.749020
vn -3.407917 -3.070568 0.480572
v -1.678410 -0.172669 -0.742137 0.749020 0.749020 0.749020
vn 3.723563 1.505402 2.545408
v -1.649270 0.276403 -0.792277 0.749020 0.749020 0.749020
vn 3.675915 -2.316890 -1.997652
v -1.652580 0.063348 -0.904240 0.749020 0.749020 0.749020
vn 3.469414 0.397742 3.016410
v -1.649320 0.304470 -0.799871 0.749020 0.749020 0.749020
vn -3.337077 0.427979 3.156543
v -1.677390 0.304597 -0.799287 0.749020 0.749020 0.749020
vn -3.339758 -0.384565 3.158873
v -1.677260 0.332689 -0.799338 0.749020 0.749020 0.749020
vn -3.760109 -2.801096 -0.944013
v -1.680870 0.070764 -0.916330 0.749020 0.749020 0.749020
vn 3.712754 -3.013219 -0.070727
v -1.653080 0.073152 -0.931316 0.749020 0.749020 0.749020
vn 3.759803 2.801426 0.941935
v -1.651200 0.553009 -0.946734 0.749020 0.749020 0.749020
vn 3.716793 2.795760 -1.109309
v -1.650590 0.553085 -0.917931 0.749020 0.749020 0.749020
vn -3.619126 -1.495766 2.705195
v -1.676980 0.360756 -0.791896 0.749020 0.749020 0.749020
vn -3.644434 -2.608115 1.596901
v -1.676480 0.381356 -0.771373 0.749020 0.749020 0.749020
vn -3.784016 0.531793 -2.875405
v -1.677980 0.585521 -0.890372 0.749020 0.749020 0.749020
vn -3.786486 -1.485876 -2.515468
v -1.677950 0.613893 -0.895426 0.749020 0.749020 0.749020
vn 3.661967 -0.542188 -3.026721
v -1.649830 0.600024 -0.890981 0.749020 0.749020 0.749020
vn 3.706959 2.613592 1.436803
v -1.646400 0.817474 -0.772871 0.749020 0.749020 0.749020
vn 3.684360 -2.642144 1.449594
v -1.648410 0.381229 -0.771957 0.749020 0.749020 0.749020
vn 3.680466 1.475663 -2.674618
v -1.650060 0.571652 -0.895909 0.749020 0.749020 0.749020
vn -3.753722 2.309015 -1.855979
v -1.678380 0.560553 -0.904723 0.749020 0.749020 0.749020
vn 3.464165 -0.415841 3.020624
v -1.649200 0.332537 -0.799922 0.749020 0.749020 0.749020
vn 3.709806 -1.529035 2.551720
v -1.648890 0.360629 -0.792455 0.749020 0.749020 0.749020
vn -3.380630 3.104634 0.470795
v -1.673940 0.810133 -0.744220 0.749020 0.749020 0.749020
vn -3.623139 2.646646 1.586369
v -1.674490 0.817601 -0.772312 0.749020 0.749020 0.749020
vn -3.602179 1.540884 2.698660
v -1.674800 0.838124 -0.792886 0.749020 0.749020 0.749020
vn 3.725562 1.505803 2.548324
v -1.646730 0.837997 -0.793471 0.749020 0.749020 0.749020
vn -3.759092 -2.802315 -0.940207
v -1.678330 0.632358 -0.917524 0.749020 0.749020 0.749020
vn 3.712620 -3.013488 -0.070790
v -1.650540 0.634746 -0.932510 0.749020 0.749020 0.749020
vn 3.677109 -2.316221 -2.001265
v -1.650040 0.624942 -0.905408 0.749020 0.749020 0.749020
vn 3.464445 -0.415265 3.017734
v -1.646630 0.894131 -0.801116 0.749020 0.749020 0.749020
vn -3.338271 0.426066 3.163472
v -1.674820 0.866191 -0.800481 0.749020 0.749020 0.749020
vn 3.465578 0.397892 3.016665
v -1.646760 0.866038 -0.801040 0.749020 0.749020 0.749020
vn 3.469752 0.397655 3.016207
v -1.644220 1.427630 -0.802259 0.749020 0.749020 0.749020
vn 3.709842 -1.529123 2.556183
v -1.646350 0.922223 -0.793648 0.749020 0.749020 0.749020
vn -3.620490 2.648636 1.589144
v -1.671930 1.379170 -0.773481 0.749020 0.749020 0.749020
vn -3.619055 -1.495308 2.713829
v -1.674420 0.922350 -0.793090 0.749020 0.749020 0.749020
vn -3.603611 1.539100 2.688772
v -1.672280 1.399690 -0.794080 0.749020 0.749020 0.749020
vn -3.337378 0.428938 3.156767
v -1.672280 1.427760 -0.801675 0.749020 0.749020 0.749020
vn -3.339292 -0.384375 3.158821
v -1.674720 0.894258 -0.800532 0.749020 0.749020 0.749020
vn -3.717830 -2.796504 1.104306
v -1.678940 0.632308 -0.946328 0.749020 0.749020 0.749020
vn 3.783802 -0.529486 2.875134
v -1.651530 0.599846 -0.973912 0.749020 0.749020 0.749020
vn 3.008846 1.659565 -2.717577
v -1.649930 1.660700 -1.132100 0.749020 0.749020 0.749020
vn 3.000757 1.418416 -2.855194
v -1.653820 1.423240 -1.267460 0.749020 0.749020 0.749020
vn -6.217574 2.386536 -5.686415
v -1.685390 1.174880 -1.380690 0.749020 0.749020 0.749020
vn -6.210017 2.892917 -5.459496
v -1.681890 1.423360 -1.266880 0.749020 0.749020 0.749020
vn -3.424485 -3.072955 -0.329147
v -1.683970 0.388137 -1.136370 0.749020 0.749020 0.749020
vn -3.681099 -1.476191 2.674429
v -1.679450 0.613740 -0.968375 0.749020 0.749020 0.749020
vn 2.748647 2.173958 -2.242365
v -1.645690 1.885260 -0.976274 0.749020 0.749020 0.749020
vn 3.755213 -2.309278 1.858503
v -1.651150 0.624840 -0.959561 0.749020 0.749020 0.749020
vn 3.464877 -0.416641 3.017707
v -1.644090 1.455700 -0.802310 0.749020 0.749020 0.749020
vn 3.723156 1.505377 2.549132
v -1.644190 1.399590 -0.794664 0.749020 0.749020 0.749020
vn -3.379865 3.103742 0.468982
v -1.671400 1.371700 -0.745388 0.749020 0.749020 0.749020
vn -3.645237 -2.608347 1.596146
v -1.673910 0.942950 -0.772566 0.749020 0.749020 0.749020
vn 3.685048 -2.641420 1.447683
v -1.645840 0.942823 -0.773151 0.749020 0.749020 0.749020
vn 3.707904 2.614053 1.436267
v -1.643860 1.379040 -0.774065 0.749020 0.749020 0.749020
vn -3.407459 -3.071705 0.482392
v -1.673300 0.950519 -0.744499 0.749020 0.749020 0.749020
vn -3.396561 3.104228 -0.345163
v -1.667890 1.372060 -0.576961 0.749020 0.749020 0.749020
vn 3.425820 3.072464 0.328899
v -1.643300 1.371570 -0.745998 0.749020 0.749020 0.749020
vn 3.603165 -1.538166 -2.702823
v -1.640890 0.922757 -0.527964 0.749020 0.749020 0.749020
vn -3.467529 -0.400016 -3.010670
v -1.668930 0.894817 -0.519811 0.749020 0.749020 0.749020
vn -3.672989 2.317374 1.996805
v -1.665380 1.123160 -0.398551 0.749020 0.749020 0.749020
vn 3.335597 -0.428367 -3.155564
v -1.640840 0.894690 -0.520395 0.749020 0.749020 0.749020
vn 3.790205 1.484130 2.517969
v -1.637460 1.134210 -0.408584 0.749020 0.749020 0.749020
vn -3.661089 0.542226 3.027458
v -1.665550 1.148080 -0.413004 0.749020 0.749020 0.749020
vn -3.710202 1.530157 -2.551585
v -1.666800 1.400250 -0.528396 0.749020 0.749020 0.749020
vn -3.726313 -1.504533 -2.548306
v -1.668960 0.922884 -0.527380 0.749020 0.749020 0.749020
vn 3.407797 3.071543 -0.482424
v -1.639820 1.371930 -0.577545 0.749020 0.749020 0.749020
vn 3.623148 -2.647343 -1.583590
v -1.641200 0.943280 -0.548564 0.749020 0.749020 0.749020
vn 3.396708 -3.103180 0.342477
v -1.645230 0.950392 -0.745084 0.749020 0.749020 0.749020
vn 3.380887 -3.104575 -0.470942
v -1.641750 0.950747 -0.576656 0.749020 0.749020 0.749020
vn -3.426434 -3.072332 -0.330433
v -1.669820 0.950874 -0.576047 0.749020 0.749020 0.749020
vn -3.682163 2.640288 -1.450035
v -1.667310 1.379650 -0.548894 0.749020 0.749020 0.749020
vn 3.647013 2.607268 -1.595360
v -1.639210 1.379500 -0.549478 0.749020 0.749020 0.749020
vn 3.617276 1.495868 -2.705739
v -1.638710 1.400100 -0.528980 0.749020 0.749020 0.749020
vn 3.783501 -0.531502 2.875462
v -1.637410 1.162560 -0.413614 0.749020 0.749020 0.749020
vn -3.678028 -1.476867 2.673271
v -1.665330 1.176480 -0.408051 0.749020 0.749020 0.749020
vn -3.469756 0.416763 -3.018907
v -1.666490 1.428320 -0.520903 0.749020 0.749020 0.749020
vn -3.704681 -2.616185 -1.440236
v -1.669260 0.943381 -0.547980 0.749020 0.749020 0.749020
vn -3.714961 -2.797812 1.107050
v -1.664790 1.195020 -0.386029 0.749020 0.749020 0.749020
vn 3.337044 -0.428748 -3.156602
v -1.638300 1.456280 -0.521564 0.749020 0.749020 0.749020
vn 3.600661 -1.539680 -2.699213
v -1.638320 1.484350 -0.529158 0.749020 0.749020 0.749020
vn -3.343399 -0.384025 3.158769
v -1.658040 2.018560 -0.241452 0.749020 0.749020 0.749020
vn -3.708094 -2.614778 -1.434627
v -1.666720 1.505000 -0.549173 0.749020 0.749020 0.749020
vn -3.728912 -1.504552 -2.549291
v -1.666390 1.484480 -0.528549 0.749020 0.749020 0.749020
vn 3.620838 -2.649519 -1.585778
v -1.638660 1.504870 -0.549758 0.749020 0.749020 0.749020
vn -3.469168 -0.397269 -3.016333
v -1.666370 1.456410 -0.520979 0.749020 0.749020 0.749020
vn -3.336143 0.427282 3.158226
v -1.658160 1.990500 -0.241376 0.749020 0.749020 0.749020
vn -3.617006 -1.495450 2.707067
v -1.657760 2.046680 -0.233985 0.749020 0.749020 0.749020
vn 3.462343 -0.409444 3.009220
v -1.629940 2.018440 -0.242011 0.749020 0.749020 0.749020
vn -3.645461 -2.607264 1.599278
v -1.657250 2.067280 -0.213487 0.749020 0.749020 0.749020
vn -3.423745 -3.073755 -0.329255
v -1.667260 1.512440 -0.577240 0.749020 0.749020 0.749020
vn 3.398272 -3.103558 0.343470
v -1.642690 1.511990 -0.746303 0.749020 0.749020 0.749020
vn 3.685519 -2.640052 1.446696
v -1.643280 1.504420 -0.774344 0.749020 0.749020 0.749020
vn 3.713087 -1.528719 2.555666
v -1.643810 1.483820 -0.794842 0.749020 0.749020 0.749020
vn -3.340198 -0.386333 3.156248
v -1.672160 1.455830 -0.801726 0.749020 0.749020 0.749020
vn -3.614216 -1.494624 2.706929
v -1.671880 1.483920 -0.794258 0.749020 0.749020 0.749020
vn -3.618081 -1.494211 2.706225
v -1.643630 2.609390 0.326288 0.749020 0.749020 0.749020
vn -3.408885 -3.070905 0.483236
v -1.642490 2.637590 0.374879 0.749020 0.749020 0.749020
vn -3.663209 0.544084 3.026049
v -1.638710 2.837490 0.513563 0.749020 0.749020 0.749020
vn 2.938957 3.048864 -0.693431
v -1.608910 2.946710 0.573354 0.749020 0.749020 0.749020
vn 3.712626 -3.014360 -0.070886
v -1.609570 2.886860 0.554355 0.749020 0.749020 0.749020
vn 2.927121 2.860043 -1.291275
v -1.609500 2.938250 0.546430 0.749020 0.749020 0.749020
vn 3.709856 -1.529765 2.555722
v -1.615570 2.609270 0.325730 0.749020 0.749020 0.749020
vn 3.380038 -3.104507 -0.468314
v -1.639190 1.512320 -0.577850 0.749020 0.749020 0.749020
vn 3.712792 -1.529424 2.556466
v -1.629690 2.046550 -0.234569 0.749020 0.749020 0.749020
vn -3.708891 -2.611955 -1.439303
v -1.652600 2.067740 0.011125 0.749020 0.749020 0.749020
vn -3.425327 -3.073545 -0.330680
v -1.653130 2.075210 -0.016967 0.749020 0.749020 0.749020
vn -3.645928 -2.610208 1.603427
v -1.643100 2.629990 0.346786 0.749020 0.749020 0.749020
vn 3.682071 -2.636908 1.438871
v -1.615030 2.629860 0.346227 0.749020 0.749020 0.749020
vn 3.397572 -3.101060 0.342059
v -1.614400 2.637460 0.374294 0.749020 0.749020 0.749020
vn 3.783779 1.485977 2.518682
v -1.610610 2.823620 0.518033 0.749020 0.749020 0.749020
vn 3.380052 -3.103869 -0.469063
v -1.610940 2.637790 0.542722 0.749020 0.749020 0.749020
vn 3.784434 -0.531221 2.874669
v -1.610560 2.851990 0.512953 0.749020 0.749020 0.749020
vn 3.755486 -2.309485 1.855942
v -1.610160 2.876960 0.527304 0.749020 0.749020 0.749020
vn -3.680942 -1.474517 2.666885
v -1.638480 2.865860 0.518490 0.749020 0.749020 0.749020
vn 3.018697 2.650151 -1.716455
v -1.610050 2.924560 0.521716 0.749020 0.749020 0.749020
vn -3.717176 -2.796647 1.106665
v -1.637940 2.884420 0.540537 0.749020 0.749020 0.749020
vn 3.717894 2.797960 -1.109264
v -1.609650 2.805200 0.568935 0.749020 0.749020 0.749020
vn 3.757841 2.801001 0.941479
v -1.610230 2.805150 0.540131 0.749020 0.749020 0.749020
vn -3.756249 2.308507 -1.854538
v -1.637410 2.812670 0.582168 0.749020 0.749020 0.749020
vn 3.679266 1.474445 -2.675296
v -1.609090 2.823770 0.590956 0.749020 0.749020 0.749020
vn -3.707953 -2.613459 -1.436425
v -1.638480 2.630450 0.571398 0.749020 0.749020 0.749020
vn 3.051397 3.118888 -0.227652
v -1.608300 2.949600 0.601447 0.749020 0.749020 0.749020
vn -3.786427 -1.485759 -2.511989
v -1.636980 2.866010 0.591439 0.749020 0.749020 0.749020
vn -3.783801 0.531248 -2.876172
v -1.637000 2.837640 0.596494 0.749020 0.749020 0.749020
vn 3.677680 -2.314764 -1.998143
v -1.609040 2.877060 0.581457 0.749020 0.749020 0.749020
vn 3.661836 -0.542770 -3.026649
v -1.608860 2.852140 0.595884 0.749020 0.749020 0.749020
vn -3.758744 -2.803828 -0.944863
v -1.637330 2.884470 0.569341 0.749020 0.749020 0.749020
vn -5.877992 6.146478 -1.141577
v -1.636980 2.946830 0.573938 0.749020 0.749020 0.749020
vn 3.339448 -0.427605 -3.155114
v -1.610030 2.581760 0.599008 0.749020 0.749020 0.749020
vn 3.605633 -1.539985 -2.709459
v -1.610080 2.609800 0.591439 0.749020 0.749020 0.749020
vn 3.620580 -2.648826 -1.586292
v -1.610410 2.630320 0.570814 0.749020 0.749020 0.749020
vn -3.724311 -1.505868 -2.547065
v -1.638150 2.609930 0.591998 0.749020 0.749020 0.749020
vn -3.465918 -0.396902 -3.018106
v -1.638120 2.581890 0.599567 0.749020 0.749020 0.749020
vn -3.465070 0.414491 -3.018128
v -1.638250 2.553820 0.599643 0.749020 0.749020 0.749020
vn 3.341084 0.384763 -3.158097
v -1.610160 2.553660 0.599059 0.749020 0.749020 0.749020
vn -3.465512 -0.396438 -3.020204
v -1.640660 2.020270 0.600761 0.749020 0.749020 0.749020
vn -3.712667 1.529791 -2.555625
v -1.641070 1.964110 0.593369 0.749020 0.749020 0.749020
vn -3.722893 -1.505486 -2.540817
v -1.643250 1.486740 0.594385 0.749020 0.749020 0.749020
vn -3.465782 0.415199 -3.017861
v -1.640790 1.992200 0.600837 0.749020 0.749020 0.749020
vn -3.471050 -0.397487 -3.020282
v -1.643200 1.458700 0.601980 0.749020 0.749020 0.749020
vn -3.465130 0.417033 -3.020252
v -1.643330 1.430600 0.602031 0.749020 0.749020 0.749020
vn 3.619463 -2.649006 -1.586285
v -1.618060 0.945566 0.574396 0.749020 0.749020 0.749020
vn -3.725893 -1.506485 -2.551140
v -1.645790 0.925195 0.595579 0.749020 0.749020 0.749020
vn -3.470946 -0.396958 -3.021429
v -1.645770 0.897128 0.603174 0.749020 0.749020 0.749020
vn 3.332888 -0.428723 -3.149862
v -1.617670 0.897001 0.602564 0.749020 0.749020 0.749020
vn 2.039243 1.843845 1.463668
v -1.606350 2.949800 0.696671 0.749020 0.749020 0.749020
vn 3.332661 -0.428749 -3.151633
v -1.615130 1.458570 0.601370 0.749020 0.749020 0.749020
vn 3.340916 0.384621 -3.157081
v -1.612700 1.992070 0.600253 0.749020 0.749020 0.749020
vn 3.339038 -0.426931 -3.153433
v -1.612570 2.020140 0.600202 0.749020 0.749020 0.749020
vn 3.616366 1.495976 -2.713481
v -1.610460 2.525570 0.591591 0.749020 0.749020 0.749020
vn -3.682906 2.642221 -1.447657
v -1.639040 2.505100 0.571652 0.749020 0.749020 0.749020
vn -3.712372 1.529004 -2.556259
v -1.638530 2.525700 0.592176 0.749020 0.749020 0.749020
vn -3.725024 -1.505301 -2.539376
v -1.640710 2.048360 0.593192 0.749020 0.749020 0.749020
vn 3.619891 -2.649031 -1.585786
v -1.612950 2.068730 0.572008 0.749020 0.749020 0.749020
vn -3.394751 3.103160 -0.343140
v -1.639650 2.497530 0.543611 0.749020 0.749020 0.749020
vn -3.409188 -3.072853 0.483625
v -1.645030 2.075990 0.376072 0.749020 0.749020 0.749020
vn -3.423416 -3.072788 -0.328508
v -1.641580 2.076320 0.544500 0.749020 0.749020 0.749020
vn 3.646663 2.607299 -1.597762
v -1.610970 2.504970 0.571094 0.749020 0.749020 0.749020
vn 3.606620 -1.539478 -2.708014
v -1.612620 2.048230 0.592633 0.749020 0.749020 0.749020
vn -3.707403 -2.615575 -1.437616
v -1.641020 2.068860 0.572592 0.749020 0.749020 0.749020
vn 3.411407 3.071093 -0.483737
v -1.611580 2.497380 0.543052 0.749020 0.749020 0.749020
vn 3.381302 -3.103710 -0.469320
v -1.613480 2.076200 0.543941 0.749020 0.749020 0.749020
vn 3.424787 3.073957 0.330472
v -1.615060 2.497050 0.374599 0.749020 0.749020 0.749020
vn 3.705623 2.613495 1.431964
v -1.615590 2.504520 0.346507 0.749020 0.749020 0.749020
vn -3.623211 2.648142 1.589079
v -1.643660 2.504640 0.347066 0.749020 0.749020 0.749020
vn -3.604301 1.537924 2.701094
v -1.644010 2.525170 0.326466 0.749020 0.749020 0.749020
vn -3.615376 -1.496183 2.714013
v -1.646150 2.047820 0.327508 0.749020 0.749020 0.749020
vn 3.712040 -1.527312 2.544409
v -1.618080 2.047700 0.326923 0.749020 0.749020 0.749020
vn -3.644760 -2.606149 1.593453
v -1.645670 2.068420 0.348005 0.749020 0.749020 0.749020
vn -3.380204 3.104058 0.468868
v -1.643130 2.497180 0.375158 0.749020 0.749020 0.749020
vn -3.343718 -0.384307 3.158654
v -1.643910 2.581300 0.318821 0.749020 0.749020 0.749020
vn -3.724120 -1.506589 -2.544094
v -1.652290 2.047210 0.031699 0.749020 0.749020 0.749020
vn -3.469521 -0.398400 -3.016455
v -1.652220 2.019150 0.039294 0.749020 0.749020 0.749020
vn -3.336747 0.428676 3.156303
v -1.644040 2.553230 0.318897 0.749020 0.749020 0.749020
vn -3.340146 -0.385315 3.158256
v -1.646450 2.019730 0.320040 0.749020 0.749020 0.749020
vn 3.726409 1.507875 2.551322
v -1.615950 2.525010 0.325907 0.749020 0.749020 0.749020
vn 3.393107 -3.102767 0.339132
v -1.616960 2.075840 0.375488 0.749020 0.749020 0.749020
vn 3.685846 -2.643241 1.449624
v -1.617600 2.068300 0.347421 0.749020 0.749020 0.749020
vn -3.464242 0.415766 -3.018469
v -1.652350 1.991080 0.039345 0.749020 0.749020 0.749020
vn 3.464953 -0.416400 3.018563
v -1.618390 2.019600 0.319456 0.749020 0.749020 0.749020
vn 3.469517 0.398003 3.016109
v -1.618510 1.991510 0.319507 0.749020 0.749020 0.749020
vn 3.711649 -1.528430 2.556558
v -1.620650 1.486100 0.328117 0.749020 0.749020 0.749020
vn -3.645710 -2.606385 1.592957
v -1.648230 1.506830 0.349199 0.749020 0.749020 0.749020
vn 3.684656 -2.641711 1.447900
v -1.620140 1.506700 0.348615 0.749020 0.749020 0.749020
vn 3.339194 0.383981 -3.158570
v -1.624280 1.990950 0.038760 0.749020 0.749020 0.749020
vn 3.468965 0.397436 3.014948
v -1.615970 2.553110 0.318313 0.749020 0.749020 0.749020
vn 3.337259 -0.427963 -3.156215
v -1.624150 2.019020 0.038710 0.749020 0.749020 0.749020
vn -3.712264 1.527587 -2.548352
v -1.652650 1.962990 0.031902 0.749020 0.749020 0.749020
vn -3.707871 -2.611739 -1.436842
v -1.655170 1.506140 0.012319 0.749020 0.749020 0.749020
vn -3.425504 -3.074980 -0.332761
v -1.655670 1.513610 -0.015773 0.749020 0.749020 0.749020
vn -3.684804 2.640590 -1.446198
v -1.653180 1.942390 0.011405 0.749020 0.749020 0.749020
vn 3.616923 1.493749 -2.713838
v -1.624580 1.962860 0.031318 0.749020 0.749020 0.749020
vn 3.604468 -1.539224 -2.696311
v -1.626740 1.485490 0.032334 0.749020 0.749020 0.749020
vn 3.340189 -0.429004 -3.156198
v -1.626720 1.457430 0.039929 0.749020 0.749020 0.749020
vn -3.466632 -0.397811 -3.016350
v -1.654790 1.457550 0.040488 0.749020 0.749020 0.749020
vn 3.472183 0.396182 3.016785
v -1.621080 1.429940 0.320700 0.749020 0.749020 0.749020
vn -3.602485 1.538118 2.709922
v -1.649100 1.402000 0.328879 0.749020 0.749020 0.749020
vn -3.621542 2.647927 1.588159
v -1.648760 1.381480 0.349453 0.749020 0.749020 0.749020
vn 3.708978 2.613226 1.436513
v -1.620700 1.381350 0.348869 0.749020 0.749020 0.749020
vn 3.465536 -0.417245 3.017220
v -1.620930 1.458010 0.320650 0.749020 0.749020 0.749020
vn 3.724519 1.504601 2.540749
v -1.621030 1.401880 0.328295 0.749020 0.749020 0.749020
vn 3.712905 -1.527314 2.547711
v -1.623190 0.924509 0.329286 0.749020 0.749020 0.749020
vn -3.405341 -3.071875 0.482447
v -1.650140 0.952805 0.378460 0.749020 0.749020 0.749020
vn -3.643921 -2.608397 1.594457
v -1.650750 0.945236 0.350393 0.749020 0.749020 0.749020
vn 3.400207 -3.102670 0.343105
v -1.622070 0.952703 0.377876 0.749020 0.749020 0.749020
vn 3.686301 -2.640890 1.448324
v -1.622680 0.945109 0.349783 0.749020 0.749020 0.749020
vn 3.424003 3.073571 0.330328
v -1.620160 1.373890 0.376961 0.749020 0.749020 0.749020
vn -3.381009 3.103862 0.469399
v -1.648230 1.374010 0.377546 0.749020 0.749020 0.749020
vn 3.404664 3.072479 -0.483520
v -1.616680 1.374220 0.545414 0.749020 0.749020 0.749020
vn 3.602822 -1.540345 -2.712594
v -1.617730 0.925068 0.594995 0.749020 0.749020 0.749020
vn -3.710418 1.528606 -2.547819
v -1.643630 1.402510 0.594563 0.749020 0.749020 0.749020
vn 3.340003 0.383873 -3.159162
v -1.615260 1.430480 0.601447 0.749020 0.749020 0.749020
vn 3.619760 1.495457 -2.717171
v -1.615570 1.402380 0.594004 0.749020 0.749020 0.749020
vn -3.709049 -2.614143 -1.435885
v -1.646120 0.945693 0.575005 0.749020 0.749020 0.749020
vn -3.424947 -3.072608 -0.328710
v -1.646680 0.953160 0.546913 0.749020 0.749020 0.749020
vn 3.380476 -3.103884 -0.469037
v -1.618590 0.953033 0.546329 0.749020 0.749020 0.749020
vn -3.400036 3.102773 -0.342873
v -1.644750 1.374320 0.545998 0.749020 0.749020 0.749020
vn 3.644574 2.606934 -1.593326
v -1.616050 1.381790 0.573481 0.749020 0.749020 0.749020
vn -3.682554 2.642331 -1.448032
v -1.644140 1.381910 0.574040 0.749020 0.749020 0.749020
vn 3.602110 -1.538381 -2.703050
v -1.624200 2.047090 0.031115 0.749020 0.749020 0.749020
vn 3.379999 -3.104161 -0.470090
v -1.625070 2.075080 -0.017551 0.749020 0.749020 0.749020
vn 3.462861 -0.415390 3.017867
v -1.615850 2.581170 0.318262 0.749020 0.749020 0.749020
vn 3.681679 -2.642139 1.447267
v -1.629160 2.067150 -0.214046 0.749020 0.749020 0.749020
vn 3.397202 -3.103020 0.343819
v -1.628550 2.074750 -0.185979 0.749020 0.749020 0.749020
vn -3.409240 -3.075530 0.487701
v -1.656610 2.074880 -0.185420 0.749020 0.749020 0.749020
vn 3.621522 -2.647254 -1.587597
v -1.624530 2.067610 0.010541 0.749020 0.749020 0.749020
vn 3.706505 2.614024 1.436107
v -1.618130 1.942950 0.347701 0.749020 0.749020 0.749020
vn -3.603159 1.541431 2.708273
v -1.646530 1.963570 0.327685 0.749020 0.749020 0.749020
vn 3.725337 1.506336 2.538394
v -1.618460 1.963450 0.327101 0.749020 0.749020 0.749020
vn -3.337250 0.428542 3.156338
v -1.646580 1.991640 0.320091 0.749020 0.749020 0.749020
vn -3.397530 3.102046 -0.342243
v -1.642210 1.935940 0.544805 0.749020 0.749020 0.749020
vn -3.407963 -3.072323 0.483620
v -1.647600 1.514400 0.377266 0.749020 0.749020 0.749020
vn -3.379732 3.104146 0.468801
v -1.645690 1.935610 0.376377 0.749020 0.749020 0.749020
vn -3.621324 2.648498 1.582742
v -1.646220 1.943070 0.348285 0.749020 0.749020 0.749020
vn 3.425030 3.073565 0.331027
v -1.617600 1.935480 0.375793 0.749020 0.749020 0.749020
vn 3.396536 -3.103312 0.342400
v -1.619530 1.514270 0.376682 0.749020 0.749020 0.749020
vn 3.623749 -2.647748 -1.586253
v -1.615520 1.507160 0.573227 0.749020 0.749020 0.749020
vn 3.379435 -3.104233 -0.467806
v -1.616050 1.514600 0.545135 0.749020 0.749020 0.749020
vn -3.682528 2.643235 -1.447263
v -1.641580 1.943530 0.572846 0.749020 0.749020 0.749020
vn 3.644356 2.606873 -1.598582
v -1.613510 1.943410 0.572287 0.749020 0.749020 0.749020
vn -3.708360 -2.613744 -1.435301
v -1.643580 1.507290 0.573786 0.749020 0.749020 0.749020
vn -3.423891 -3.073801 -0.328569
v -1.644120 1.514730 0.545694 0.749020 0.749020 0.749020
vn 3.408912 3.072328 -0.485471
v -1.614150 1.935810 0.544220 0.749020 0.749020 0.749020
vn 3.602904 -1.539677 -2.714214
v -1.615190 1.486640 0.593801 0.749020 0.749020 0.749020
vn 3.617005 1.496471 -2.712406
v -1.613000 1.963980 0.592785 0.749020 0.749020 0.749020
vn -3.425298 -3.073777 -0.331104
v -1.639010 2.637920 0.543306 0.749020 0.749020 0.749020
vn -3.679877 2.315858 1.995941
v -1.638530 2.812540 0.528015 0.749020 0.749020 0.749020
vn -3.712589 3.013750 0.070016
v -1.638020 2.802760 0.555117 0.749020 0.749020 0.749020
vn -3.644786 -2.608021 1.597302
v -1.671370 1.504540 -0.773760 0.749020 0.749020 0.749020
vn -3.406687 -3.071423 0.482432
v -1.670760 1.512110 -0.745693 0.749020 0.749020 0.749020
vn 3.338762 0.385512 -3.159223
v -1.638430 1.428190 -0.521513 0.749020 0.749020 0.749020
vn -3.465889 0.415015 -3.018395
v -1.669030 0.866750 -0.519735 0.749020 0.749020 0.749020
vn -3.711201 3.013915 0.070336
v -1.664870 1.113360 -0.371475 0.749020 0.749020 0.749020
vn 3.464899 0.397460 3.016788
v -1.635180 0.867181 -0.239573 0.749020 0.749020 0.749020
vn 3.762884 2.800975 0.939921
v -1.637080 1.115720 -0.386461 0.749020 0.749020 0.749020
vn 3.465267 -0.416761 3.017282
v -1.635050 0.895274 -0.239649 0.749020 0.749020 0.749020
vn 3.335543 -0.428869 -3.156783
v -1.643400 0.333096 -0.519201 0.749020 0.749020 0.749020
vn 3.340948 0.384052 -3.158334
v -1.640970 0.866623 -0.520319 0.749020 0.749020 0.749020
vn -3.685609 2.640868 -1.448353
v -1.669850 0.818032 -0.547700 0.749020 0.749020 0.749020
vn -3.706955 -2.615125 -1.435673
v -1.671830 0.381787 -0.546786 0.749020 0.749020 0.749020
vn -3.710990 1.527462 -2.544530
v -1.669340 0.838657 -0.527202 0.749020 0.749020 0.749020
vn -3.726880 -1.505433 -2.546775
v -1.671500 0.361290 -0.526186 0.749020 0.749020 0.749020
vn 3.716697 2.796358 -1.107930
v -1.636470 1.115800 -0.357657 0.749020 0.749020 0.749020
vn -3.755614 2.309630 -1.853192
v -1.664260 1.123260 -0.344424 0.749020 0.749020 0.749020
vn 3.681464 1.475969 -2.674068
v -1.635940 1.134360 -0.335610 0.749020 0.749020 0.749020
vn -3.340134 -0.384897 3.158702
v -1.663140 0.895401 -0.239065 0.749020 0.749020 0.749020
vn -3.338558 0.427905 3.156437
v -1.663270 0.867308 -0.239014 0.749020 0.749020 0.749020
vn -3.467716 -0.397304 -3.016663
v -1.671470 0.333223 -0.518617 0.749020 0.749020 0.749020
vn -3.604828 1.540147 2.707968
v -1.663220 0.839267 -0.231445 0.749020 0.749020 0.749020
vn 3.726267 1.506233 2.546332
v -1.635150 0.839114 -0.232004 0.749020 0.749020 0.749020
vn 3.710577 -1.528690 2.556859
v -1.637330 0.361747 -0.230988 0.749020 0.749020 0.749020
vn -3.408052 -3.071411 0.482921
v -1.664280 0.390068 -0.181864 0.749020 0.749020 0.749020
vn -3.646550 -2.607414 1.597218
v -1.664890 0.382499 -0.209906 0.749020 0.749020 0.749020
vn -3.397355 3.102971 -0.343385
v -1.658870 0.811606 -0.014300 0.749020 0.749020 0.749020
vn 3.424906 3.072822 0.328908
v -1.634290 0.811149 -0.183312 0.749020 0.749020 0.749020
vn -3.380242 3.104974 0.471260
v -1.662350 0.811276 -0.182728 0.749020 0.749020 0.749020
vn -3.621729 2.647065 1.584456
v -1.662910 0.818744 -0.210820 0.749020 0.749020 0.749020
vn -3.617481 -1.494613 2.705018
v -1.665400 0.361899 -0.230403 0.749020 0.749020 0.749020
vn 3.705618 2.616852 1.439146
v -1.634850 0.818617 -0.211379 0.749020 0.749020 0.749020
vn 3.683238 -2.641362 1.445233
v -1.636800 0.382372 -0.210464 0.749020 0.749020 0.749020
vn 3.396570 -3.102886 0.342533
v -1.636190 0.389941 -0.182423 0.749020 0.749020 0.749020
vn -3.424602 -3.073087 -0.329023
v -1.660800 0.390423 -0.013411 0.749020 0.749020 0.749020
vn 3.380797 -3.103767 -0.469032
v -1.632710 0.390296 -0.013970 0.749020 0.749020 0.749020
vn 3.622493 -2.647854 -1.586544
v -1.632180 0.382829 0.014122 0.749020 0.749020 0.749020
vn 3.758970 2.800442 0.942741
v -1.628040 0.555295 0.176225 0.749020 0.749020 0.749020
vn -3.468055 -0.396929 -3.017292
v -1.659890 0.334366 0.042875 0.749020 0.749020 0.749020
vn 3.335524 -0.428872 -3.156087
v -1.631820 0.334239 0.042291 0.749020 0.749020 0.749020
vn 3.343009 0.384699 -3.158371
v -1.631950 0.306172 0.042367 0.749020 0.749020 0.749020
vn -3.462203 0.416565 -3.018197
v -1.660020 0.306299 0.042926 0.749020 0.749020 0.749020
vn -3.675862 2.316944 1.996941
v -1.656360 0.562712 0.164109 0.749020 0.749020 0.749020
vn -3.712811 3.012582 0.072438
v -1.655850 0.552907 0.191211 0.749020 0.749020 0.749020
vn 3.709951 -3.014713 -0.069434
v -1.629940 0.075413 0.191643 0.749020 0.749020 0.749020
vn 3.754042 -2.308337 1.855837
v -1.630530 0.065507 0.164592 0.749020 0.749020 0.749020
vn 3.784991 -0.532509 2.874630
v -1.630930 0.040538 0.150241 0.749020 0.749020 0.749020
vn -3.709378 1.529181 -2.555863
v -1.660300 0.278206 0.035458 0.749020 0.749020 0.749020
vn 3.603091 -1.539143 -2.699646
v -1.634390 -0.199288 0.035890 0.749020 0.749020 0.749020
vn 3.618466 1.494571 -2.706292
v -1.632230 0.278079 0.034900 0.749020 0.749020 0.749020
vn -3.682693 2.641016 -1.446041
v -1.660830 0.257607 0.014961 0.749020 0.749020 0.749020
vn 3.645829 2.608586 -1.599937
v -1.632760 0.257480 0.014402 0.749020 0.749020 0.749020
vn -3.397415 3.102716 -0.343627
v -1.661440 0.250012 -0.013106 0.749020 0.749020 0.749020
vn -3.424666 -3.073913 -0.330473
v -1.663340 -0.171171 -0.012217 0.749020 0.749020 0.749020
vn -3.708253 -2.613480 -1.436603
v -1.662810 -0.178638 0.015875 0.749020 0.749020 0.749020
vn 3.619206 -2.646694 -1.589184
v -1.634720 -0.178791 0.015316 0.749020 0.749020 0.749020
vn -3.726157 -1.504487 -2.549833
v -1.662480 -0.199161 0.036474 0.749020 0.749020 0.749020
vn -3.662511 0.542980 3.026619
v -1.659080 0.026035 0.150851 0.749020 0.749020 0.749020
vn 3.787822 1.485568 2.519583
v -1.630990 0.012167 0.155296 0.749020 0.749020 0.749020
vn 3.340564 0.383988 -3.158976
v -1.634520 -0.255422 0.043536 0.749020 0.749020 0.749020
vn 3.340263 -0.431519 -3.147643
v -1.634360 -0.227355 0.043485 0.749020 0.749020 0.749020
vn -3.466239 -0.397923 -3.014780
v -1.662460 -0.227228 0.044044 0.749020 0.749020 0.749020
vn -3.675706 2.317079 1.997577
v -1.658900 0.001118 0.165303 0.749020 0.749020 0.749020
vn 3.758705 2.801153 0.940926
v -1.630600 -0.006299 0.177419 0.749020 0.749020 0.749020
vn -3.465873 0.415080 -3.017795
v -1.662580 -0.255295 0.044120 0.749020 0.749020 0.749020
vn 3.753957 -2.309183 1.854283
v -1.633090 -0.496087 0.165786 0.749020 0.749020 0.749020
vn 3.618705 1.493968 -2.705094
v -1.634790 -0.283515 0.036093 0.749020 0.749020 0.749020
vn -3.427929 -3.072385 -0.328705
v -1.665910 -0.732765 -0.010998 0.749020 0.749020 0.749020
vn -3.708303 -2.614693 -1.435225
v -1.665350 -0.740232 0.017069 0.749020 0.749020 0.749020
vn -3.665582 0.542999 3.026086
v -1.661620 -0.535559 0.152019 0.749020 0.749020 0.749020
vn 3.340133 -0.429360 -3.155717
v -1.636930 -0.788949 0.044679 0.749020 0.749020 0.749020
vn 3.786573 1.488056 2.514898
v -1.633530 -0.549427 0.156489 0.749020 0.749020 0.749020
vn -3.709527 1.527310 -2.556954
v -1.662860 -0.283388 0.036652 0.749020 0.749020 0.749020
vn -3.680190 -1.476993 2.671404
v -1.661410 -0.507187 0.156972 0.749020 0.749020 0.749020
vn 3.603171 -1.540012 -2.695892
v -1.636930 -0.760882 0.037084 0.749020 0.749020 0.749020
vn 3.782698 -0.532652 2.875527
v -1.633500 -0.521056 0.151435 0.749020 0.749020 0.749020
vn 3.645382 2.608102 -1.596693
v -1.635300 -0.304140 0.015570 0.749020 0.749020 0.749020
vn -3.685105 2.641223 -1.448006
v -1.663370 -0.304013 0.016154 0.749020 0.749020 0.749020
vn -3.407620 -3.071548 0.482091
v -1.669390 -0.733120 -0.179451 0.749020 0.749020 0.749020
vn 3.396870 -3.103759 0.343655
v -1.641320 -0.733247 -0.180035 0.749020 0.749020 0.749020
vn 3.377672 -3.105374 -0.470823
v -1.637840 -0.732917 -0.011582 0.749020 0.749020 0.749020
vn 3.708779 2.615437 1.437195
v -1.639950 -0.304597 -0.209017 0.749020 0.749020 0.749020
vn 3.423953 3.073003 0.327455
v -1.639390 -0.312039 -0.180924 0.749020 0.749020 0.749020
vn 3.407624 3.071620 -0.482137
v -1.635910 -0.311709 -0.012497 0.749020 0.749020 0.749020
vn 3.621733 -2.648037 -1.589275
v -1.637280 -0.740359 0.016485 0.749020 0.749020 0.749020
vn -3.726144 -1.504963 -2.548396
v -1.665020 -0.760755 0.037668 0.749020 0.749020 0.749020
vn -3.466444 -0.396527 -3.017057
v -1.664990 -0.788822 0.045237 0.749020 0.749020 0.749020
vn -3.461159 0.415135 -3.018749
v -1.665120 -0.816889 0.045288 0.749020 0.749020 0.749020
vn 3.758684 2.801348 0.940702
v -1.633140 -0.567893 0.178613 0.749020 0.749020 0.749020
vn -3.675335 2.317920 1.996900
v -1.661440 -0.560476 0.166497 0.749020 0.749020 0.749020
vn 3.718792 2.797577 -1.106058
v -1.632560 -0.567842 0.207416 0.749020 0.749020 0.749020
vn 3.464938 0.397501 3.016765
v -1.631260 -0.816458 0.325501 0.749020 0.749020 0.749020
vn 3.464032 -0.414757 3.018453
v -1.633680 -1.349960 0.326619 0.749020 0.749020 0.749020
vn 3.341873 0.384422 -3.158602
v -1.637060 -0.817016 0.044729 0.749020 0.749020 0.749020
vn 3.336440 -0.427746 -3.157042
v -1.639490 -1.350540 0.045872 0.749020 0.749020 0.749020
vn 3.617016 1.495486 -2.700326
v -1.637330 -0.845134 0.037262 0.749020 0.749020 0.749020
vn -3.712846 1.528852 -2.555297
v -1.665400 -0.845007 0.037846 0.749020 0.749020 0.749020
vn -3.683178 2.640098 -1.445579
v -1.665940 -0.865581 0.017348 0.749020 0.749020 0.749020
vn 3.620421 -2.649835 -1.589628
v -1.639850 -1.301950 0.017678 0.749020 0.749020 0.749020
vn -3.708595 -2.612645 -1.432658
v -1.667920 -1.301830 0.018288 0.749020 0.749020 0.749020
vn -3.712795 3.014041 0.070312
v -1.660930 -0.570281 0.193573 0.749020 0.749020 0.749020
vn 3.723947 1.505265 2.551961
v -1.631240 -0.844525 0.333070 0.749020 0.749020 0.749020
vn -3.617000 -1.493477 2.705780
v -1.661490 -1.321740 0.334645 0.749020 0.749020 0.749020
vn 3.707326 2.614951 1.435117
v -1.630910 -0.865022 0.353644 0.749020 0.749020 0.749020
vn -3.605775 1.538689 2.696887
v -1.659310 -0.844398 0.333629 0.749020 0.749020 0.749020
vn -3.620517 2.648000 1.586825
v -1.658980 -0.864895 0.354228 0.749020 0.749020 0.749020
vn -3.339314 -0.384042 3.158733
v -1.661770 -1.349830 0.327203 0.749020 0.749020 0.749020
vn -3.336646 0.427441 3.156778
v -1.661900 -1.377930 0.327254 0.749020 0.749020 0.749020
vn -3.728770 -1.504569 -2.547733
v -1.670130 -1.883940 0.040081 0.749020 0.749020 0.749020
vn 3.600616 -1.540450 -2.700871
v -1.642060 -1.884070 0.039472 0.749020 0.749020 0.749020
vn -3.469247 -0.396572 -3.016451
v -1.670100 -1.912010 0.047650 0.749020 0.749020 0.749020
vn -3.343140 -0.385426 3.158289
v -1.664310 -1.911430 0.328371 0.749020 0.749020 0.749020
vn -3.603541 1.538586 2.700720
v -1.661870 -1.405990 0.334823 0.749020 0.749020 0.749020
vn 3.468030 0.395591 3.016181
v -1.633800 -1.378030 0.326669 0.749020 0.749020 0.749020
vn -3.468418 -0.396196 -3.016658
v -1.667560 -1.350420 0.046457 0.749020 0.749020 0.749020
vn 3.603757 -1.538213 -2.688414
v -1.639490 -1.322480 0.038303 0.749020 0.749020 0.749020
vn -3.425791 -3.073596 -0.331175
v -1.668450 -1.294360 -0.009804 0.749020 0.749020 0.749020
vn 3.660554 -0.544985 -3.026959
v -1.645920 -1.083640 -0.325933 0.749020 0.749020 0.749020
vn -3.337447 0.431017 3.151401
v -1.670910 -0.817474 -0.235433 0.749020 0.749020 0.749020
vn -3.786041 -1.486864 -2.511132
v -1.674040 -1.069770 -0.330378 0.749020 0.749020 0.749020
vn -3.601237 1.540752 2.698569
v -1.670890 -0.845515 -0.227838 0.749020 0.749020 0.749020
vn 3.675894 -2.314987 -1.995947
v -1.646070 -1.058700 -0.340385 0.749020 0.749020 0.749020
vn 3.727261 1.505993 2.552024
v -1.642820 -0.845668 -0.228422 0.749020 0.749020 0.749020
vn 3.469377 0.396408 3.017006
v -1.642820 -0.817601 -0.236017 0.749020 0.749020 0.749020
vn -3.621151 2.647825 1.586594
v -1.670560 -0.866038 -0.207239 0.749020 0.749020 0.749020
vn 3.397074 -3.102617 0.343256
v -1.643840 -1.294840 -0.178867 0.749020 0.749020 0.749020
vn 3.707709 2.614006 1.436309
v -1.642490 -0.866165 -0.207823 0.749020 0.749020 0.749020
vn 3.424910 3.073997 0.331054
v -1.641960 -0.873633 -0.179730 0.749020 0.749020 0.749020
vn 3.404773 3.072783 -0.484786
v -1.638480 -0.873277 -0.011278 0.749020 0.749020 0.749020
vn 3.379750 -3.103990 -0.468372
v -1.640380 -1.294490 -0.010414 0.749020 0.749020 0.749020
vn 3.643822 2.607332 -1.598117
v -1.637840 -0.865708 0.016764 0.749020 0.749020 0.749020
vn -3.726964 -1.506074 -2.559174
v -1.667560 -1.322350 0.038887 0.749020 0.749020 0.749020
vn -3.400018 3.103810 -0.345454
v -1.666520 -0.873176 -0.010693 0.749020 0.749020 0.749020
vn -3.407700 -3.071599 0.482521
v -1.671930 -1.294710 -0.178257 0.749020 0.749020 0.749020
vn -3.380270 3.104121 0.470008
v -1.670020 -0.873506 -0.179146 0.749020 0.749020 0.749020
vn -3.644089 -2.608296 1.596934
v -1.672540 -1.302280 -0.206299 0.749020 0.749020 0.749020
vn 3.713368 -1.528776 2.555129
v -1.644980 -1.323010 -0.227406 0.749020 0.749020 0.749020
vn 3.685733 -2.640808 1.446097
v -1.644450 -1.302410 -0.206908 0.749020 0.749020 0.749020
vn -3.787096 0.530862 -2.874759
v -1.674040 -1.098140 -0.325298 0.749020 0.749020 0.749020
vn 3.678445 1.476801 -2.674234
v -1.646150 -1.112010 -0.330860 0.749020 0.749020 0.749020
vn -3.757650 2.308564 -1.850609
v -1.674470 -1.123110 -0.339649 0.749020 0.749020 0.749020
vn -3.340190 -0.386268 3.156870
v -1.673330 -1.351000 -0.234290 0.749020 0.749020 0.749020
vn -3.614599 -1.494975 2.706312
v -1.673050 -1.322910 -0.226822 0.749020 0.749020 0.749020
vn 3.464873 -0.416611 3.017549
v -1.645260 -1.351130 -0.234874 0.749020 0.749020 0.749020
vn -3.337310 0.428762 3.156823
v -1.673450 -1.379070 -0.234239 0.749020 0.749020 0.749020
vn 3.724760 1.505879 2.548251
v -1.645360 -1.407260 -0.227228 0.749020 0.749020 0.749020
vn 3.469330 0.397205 3.016236
v -1.645390 -1.379190 -0.234823 0.749020 0.749020 0.749020
vn 3.340674 0.384648 -3.158477
v -1.651180 -1.379750 -0.515544 0.749020 0.749020 0.749020
vn -3.710713 3.015089 0.068994
v -1.675050 -1.132990 -0.366700 0.749020 0.749020 0.749020
vn 3.715785 2.797989 -1.106335
v -1.646680 -1.130550 -0.352882 0.749020 0.749020 0.749020
vn 3.760339 2.801448 0.939325
v -1.647270 -1.130630 -0.381660 0.749020 0.749020 0.749020
vn -3.678392 2.316677 2.000086
v -1.675560 -1.123210 -0.393802 0.749020 0.749020 0.749020
vn -3.465865 0.414536 -3.017549
v -1.679270 -1.379630 -0.514960 0.749020 0.749020 0.749020
vn 3.712373 -1.526399 2.556998
v -1.647520 -1.884600 -0.226212 0.749020 0.749020 0.749020
vn 3.685192 -2.640867 1.448476
v -1.647010 -1.863980 -0.205715 0.749020 0.749020 0.749020
vn -3.646060 -2.607804 1.600214
v -1.675080 -1.863850 -0.205130 0.749020 0.749020 0.749020
vn 3.461986 -0.416197 3.017884
v -1.647800 -1.912700 -0.233655 0.749020 0.749020 0.749020
vn -3.342924 -0.386376 3.156643
v -1.675870 -1.912570 -0.233096 0.749020 0.749020 0.749020
vn -3.615771 -1.493172 2.698484
v -1.675610 -1.884480 -0.225628 0.749020 0.749020 0.749020
vn -3.603078 1.540003 2.687667
v -1.673450 -1.407140 -0.226644 0.749020 0.749020 0.749020
vn -3.617307 2.647548 1.588060
v -1.673120 -1.427630 -0.206045 0.749020 0.749020 0.749020
vn 3.425838 3.072339 0.329188
v -1.644470 -1.435250 -0.178537 0.749020 0.749020 0.749020
vn 3.397163 -3.102842 0.343103
v -1.646400 -1.856410 -0.177673 0.749020 0.749020 0.749020
vn 3.710538 2.614662 1.434258
v -1.645030 -1.427790 -0.206629 0.749020 0.749020 0.749020
vn -3.407799 -3.071699 0.481775
v -1.674470 -1.856280 -0.177063 0.749020 0.749020 0.749020
vn -3.425609 -3.072427 -0.329383
v -1.671020 -1.855950 -0.008611 0.749020 0.749020 0.749020
vn -3.380690 3.105492 0.473316
v -1.672540 -1.435120 -0.177952 0.749020 0.749020 0.749020
vn 3.409057 3.071395 -0.484101
v -1.641020 -1.434900 -0.010084 0.749020 0.749020 0.749020
vn 3.379568 -3.106297 -0.473130
v -1.642950 -1.856080 -0.009220 0.749020 0.749020 0.749020
vn -3.715091 1.528708 -2.555358
v -1.667970 -1.406580 0.039065 0.749020 0.749020 0.749020
vn -3.709337 -2.614218 -1.435772
v -1.670460 -1.863420 0.019482 0.749020 0.749020 0.749020
vn -3.397619 3.102646 -0.344384
v -1.669090 -1.434770 -0.009500 0.749020 0.749020 0.749020
vn 3.643637 2.608109 -1.600949
v -1.640410 -1.427300 0.017958 0.749020 0.749020 0.749020
vn 3.613978 1.495327 -2.697466
v -1.639880 -1.406700 0.038456 0.749020 0.749020 0.749020
vn 3.619453 -2.645852 -1.583956
v -1.642360 -1.863550 0.018872 0.749020 0.749020 0.749020
vn 3.337162 -0.428513 -3.156765
v -1.642030 -1.912140 0.047066 0.749020 0.749020 0.749020
vn -3.684604 2.641467 -1.448667
v -1.668480 -1.427180 0.018542 0.749020 0.749020 0.749020
vn -3.468595 0.415186 -3.017581
v -1.667690 -1.378480 0.046533 0.749020 0.749020 0.749020
vn -3.338445 0.428039 3.156735
v -1.659330 -0.816331 0.326060 0.749020 0.749020 0.749020
vn 3.712782 -1.528111 2.564348
v -1.633420 -1.321870 0.334061 0.749020 0.749020 0.749020
vn 3.682582 -2.643165 1.443183
v -1.632890 -1.301270 0.354584 0.749020 0.749020 0.749020
vn -3.380244 3.105103 0.471062
v -1.658420 -0.872363 0.382321 0.749020 0.749020 0.749020
vn -3.646451 -2.608333 1.599279
v -1.660960 -1.301140 0.355143 0.749020 0.749020 0.749020
vn -3.408155 -3.071502 0.482569
v -1.660350 -1.293570 0.383210 0.749020 0.749020 0.749020
vn 3.408093 3.071736 -0.482964
v -1.626900 -0.872160 0.550164 0.749020 0.749020 0.749020
vn 3.380954 -3.104981 -0.470653
v -1.628800 -1.293340 0.551078 0.749020 0.749020 0.749020
vn 3.424845 3.072711 0.329047
v -1.630350 -0.872490 0.381737 0.749020 0.749020 0.749020
vn 3.395978 -3.101964 0.340484
v -1.632250 -1.293700 0.382651 0.749020 0.749020 0.749020
vn -3.683202 2.641291 -1.445964
v -1.654350 -0.864438 0.578815 0.749020 0.749020 0.749020
vn -3.398171 3.102559 -0.344078
v -1.654960 -0.872033 0.550774 0.749020 0.749020 0.749020
vn 3.616665 1.495149 -2.704561
v -1.625750 -0.843966 0.598754 0.749020 0.749020 0.749020
vn 3.643594 2.608998 -1.601200
v -1.626290 -0.864565 0.578231 0.749020 0.749020 0.749020
vn 3.621517 -2.645885 -1.583650
v -1.628240 -1.300810 0.579171 0.749020 0.749020 0.749020
vn -3.722527 -1.506162 -2.552288
v -1.656000 -1.321210 0.600329 0.749020 0.749020 0.749020
vn 3.605052 -1.540587 -2.700422
v -1.627940 -1.321330 0.599770 0.749020 0.749020 0.749020
vn -3.466694 -0.397222 -3.014807
v -1.655980 -1.349270 0.607924 0.749020 0.749020 0.749020
vn -3.712420 1.529712 -2.555826
v -1.653820 -0.843839 0.599338 0.749020 0.749020 0.749020
vn -3.423965 -3.073633 -0.329715
v -1.656870 -1.293220 0.551663 0.749020 0.749020 0.749020
vn -3.708881 -2.612961 -1.436810
v -1.656330 -1.300680 0.579755 0.749020 0.749020 0.749020
vn 3.339906 -0.428562 -3.158572
v -1.627910 -1.349400 0.607365 0.749020 0.749020 0.749020
vn -3.461095 0.415601 -3.014533
v -1.656110 -1.377340 0.607974 0.749020 0.749020 0.749020
vn -3.711883 1.527835 -2.560490
v -1.656380 -1.405430 0.600532 0.749020 0.749020 0.749020
vn -3.726154 -1.505373 -2.539277
v -1.661110 -2.444390 0.602742 0.749020 0.749020 0.749020
vn 3.621594 -2.648142 -1.586157
v -1.633350 -2.424000 0.581558 0.749020 0.749020 0.749020
vn -3.461590 0.416507 -3.015892
v -1.658650 -1.938930 0.609168 0.749020 0.749020 0.749020
vn 3.340204 -0.429058 -3.157589
v -1.633020 -2.472560 0.609752 0.749020 0.749020 0.749020
vn -3.466468 -0.397926 -3.017304
v -1.661060 -2.472440 0.610311 0.749020 0.749020 0.749020
vn -3.466781 0.417090 -3.016593
v -1.661190 -2.500530 0.610387 0.749020 0.749020 0.749020
vn -3.708882 1.529534 -2.547874
v -1.661490 -2.528620 0.602894 0.749020 0.749020 0.749020
vn 3.603069 -1.539299 -2.687970
v -1.633020 -2.444520 0.602158 0.749020 0.749020 0.749020
vn 3.619902 1.495258 -2.703936
v -1.630860 -1.967180 0.601142 0.749020 0.749020 0.749020
vn -3.684228 2.641532 -1.444474
v -1.659460 -1.987630 0.581203 0.749020 0.749020 0.749020
vn -3.708266 1.529111 -2.557285
v -1.658930 -1.967030 0.601701 0.749020 0.749020 0.749020
vn -3.705966 -2.613956 -1.436549
v -1.661440 -2.423870 0.582117 0.749020 0.749020 0.749020
vn -3.425152 -3.074702 -0.331828
v -1.661950 -2.416400 0.554025 0.749020 0.749020 0.749020
vn 3.411381 3.070430 -0.482598
v -1.631980 -1.995350 0.552577 0.749020 0.749020 0.749020
vn 3.642904 2.610463 -1.598276
v -1.631390 -1.987750 0.580619 0.749020 0.749020 0.749020
vn -3.395397 3.102677 -0.343665
v -1.660070 -1.995200 0.553161 0.749020 0.749020 0.749020
vn 3.380599 -3.103749 -0.469154
v -1.633880 -2.416530 0.553466 0.749020 0.749020 0.749020
vn -3.407714 -3.071549 0.482394
v -1.665450 -2.416760 0.385597 0.749020 0.749020 0.749020
vn 3.396237 -3.102219 0.340337
v -1.637360 -2.416890 0.385013 0.749020 0.749020 0.749020
vn -3.384922 3.104452 0.472404
v -1.663520 -1.995580 0.384708 0.749020 0.749020 0.749020
vn -3.646578 -2.607867 1.601626
v -1.666060 -2.424330 0.357530 0.749020 0.749020 0.749020
vn 3.707835 -1.528356 2.557999
v -1.638500 -2.445080 0.336474 0.749020 0.749020 0.749020
vn 3.684958 -2.642348 1.448319
v -1.638000 -2.424450 0.356972 0.749020 0.749020 0.749020
vn 3.614347 1.495857 -2.703638
v -1.642420 -1.968320 0.039649 0.749020 0.749020 0.749020
vn -3.714788 1.528098 -2.554921
v -1.670510 -1.968190 0.040259 0.749020 0.749020 0.749020
vn -3.685801 2.641491 -1.444925
v -1.671040 -1.988800 0.019736 0.749020 0.749020 0.749020
vn 3.644925 2.606892 -1.599412
v -1.642950 -1.988920 0.019152 0.749020 0.749020 0.749020
vn 3.464291 -0.416341 3.017789
v -1.638780 -2.473150 0.329006 0.749020 0.749020 0.749020
vn -3.619987 2.648065 1.587429
v -1.664080 -1.988080 0.356616 0.749020 0.749020 0.749020
vn -3.339270 -0.384302 3.159210
v -1.666850 -2.473020 0.329590 0.749020 0.749020 0.749020
vn -3.619851 -1.493506 2.692458
v -1.666600 -2.444930 0.337033 0.749020 0.749020 0.749020
vn 3.707508 2.613472 1.432907
v -1.635990 -1.988210 0.356032 0.749020 0.749020 0.749020
vn -3.603997 1.540690 2.699476
v -1.664410 -1.967590 0.336017 0.749020 0.749020 0.749020
vn 3.422676 3.074031 0.331217
v -1.635460 -1.995680 0.384150 0.749020 0.749020 0.749020
vn 3.724442 1.506280 2.560436
v -1.636340 -1.967690 0.335432 0.749020 0.749020 0.749020
vn 3.466004 0.396553 3.016171
v -1.636340 -1.939650 0.327863 0.749020 0.749020 0.749020
vn -3.464049 0.415221 -3.018288
v -1.670230 -1.940080 0.047701 0.749020 0.749020 0.749020
vn -3.339524 0.428059 3.156436
v -1.664440 -1.939520 0.328422 0.749020 0.749020 0.749020
vn -3.618723 -1.494676 2.705310
v -1.664030 -1.883330 0.335839 0.749020 0.749020 0.749020
vn 3.708059 2.616050 1.433583
v -1.633470 -1.426620 0.354838 0.749020 0.749020 0.749020
vn 3.727104 1.505731 2.559835
v -1.633800 -1.406120 0.334239 0.749020 0.749020 0.749020
vn 3.683446 -2.641367 1.444686
v -1.635430 -1.862860 0.355778 0.749020 0.749020 0.749020
vn 3.461743 -0.415601 3.018456
v -1.636220 -1.911580 0.327812 0.749020 0.749020 0.749020
vn 3.337892 0.384883 -3.158954
v -1.639620 -1.378610 0.045923 0.749020 0.749020 0.749020
vn 3.339102 0.384857 -3.159019
v -1.642160 -1.940200 0.047117 0.749020 0.749020 0.749020
vn -3.620550 2.649797 1.589458
v -1.661510 -1.426490 0.355422 0.749020 0.749020 0.749020
vn -3.647313 -2.606851 1.596863
v -1.663520 -1.862730 0.356337 0.749020 0.749020 0.749020
vn 3.423621 3.072067 0.327014
v -1.632890 -1.434080 0.382956 0.749020 0.749020 0.749020
vn 3.382425 -3.105299 -0.470099
v -1.631370 -1.854940 0.552272 0.749020 0.749020 0.749020
vn -3.420975 -3.074101 -0.328991
v -1.659410 -1.854840 0.552856 0.749020 0.749020 0.749020
vn -3.406847 -3.072446 0.483718
v -1.662890 -1.855170 0.384404 0.749020 0.749020 0.749020
vn -3.381498 3.103879 0.469526
v -1.660980 -1.433960 0.383515 0.749020 0.749020 0.749020
vn 3.709703 -1.529045 2.564984
v -1.635960 -1.883460 0.335280 0.749020 0.749020 0.749020
vn -3.398582 3.102644 -0.343715
v -1.657500 -1.433630 0.551967 0.749020 0.749020 0.749020
vn 3.642682 2.608967 -1.596676
v -1.628830 -1.426160 0.579425 0.749020 0.749020 0.749020
vn 3.407771 3.071069 -0.482688
v -1.629430 -1.433750 0.551383 0.749020 0.749020 0.749020
vn 3.397779 -3.102732 0.342969
v -1.634820 -1.855290 0.383819 0.749020 0.749020 0.749020
vn -3.707402 -2.614429 -1.435320
v -1.658870 -1.862280 0.580949 0.749020 0.749020 0.749020
vn 3.616256 1.495778 -2.705164
v -1.628320 -1.405560 0.599948 0.749020 0.749020 0.749020
vn -3.684585 2.641041 -1.449193
v -1.656890 -1.426030 0.580034 0.749020 0.749020 0.749020
vn 3.605373 -1.539762 -2.699845
v -1.630480 -1.882900 0.600964 0.749020 0.749020 0.749020
vn -3.724065 -1.506652 -2.552001
v -1.658540 -1.882770 0.601523 0.749020 0.749020 0.749020
vn 3.621788 -2.647795 -1.586487
v -1.630810 -1.862400 0.580365 0.749020 0.749020 0.749020
vn 3.342183 0.384573 -3.162973
v -1.628040 -1.377470 0.607416 0.749020 0.749020 0.749020
vn -3.339974 0.433813 3.164741
v -1.675990 -1.940660 -0.233045 0.749020 0.749020 0.749020
vn -3.683197 2.641766 -1.445168
v -1.680060 -1.428320 -0.542950 0.749020 0.749020 0.749020
vn 3.467009 0.398029 3.016646
v -1.647930 -1.940790 -0.233604 0.749020 0.749020 0.749020
vn 3.409303 3.071502 -0.484929
v -1.652600 -1.436040 -0.571576 0.749020 0.749020 0.749020
vn 3.616786 1.495986 -2.705626
v -1.651460 -1.407850 -0.523011 0.749020 0.749020 0.749020
vn -3.712382 1.528597 -2.558676
v -1.679520 -1.407720 -0.522427 0.749020 0.749020 0.749020
vn 3.680049 1.476794 -2.674326
v -1.632030 -0.549275 0.229438 0.749020 0.749020 0.749020
vn -3.754328 2.307965 -1.854356
v -1.660350 -0.560375 0.220624 0.749020 0.749020 0.749020
vn -3.339153 -0.384214 3.159923
v -1.659200 -0.788238 0.326009 0.749020 0.749020 0.749020
vn 3.464352 -0.413891 3.019916
v -1.631140 -0.788365 0.325425 0.749020 0.749020 0.749020
vn -3.396840 3.103261 -0.342299
v -1.663980 -0.311582 -0.011913 0.749020 0.749020 0.749020
vn 3.684976 -2.640735 1.448415
v -1.641910 -0.740816 -0.208102 0.749020 0.749020 0.749020
vn -3.726932 -1.507468 -2.558527
v -1.674040 -0.200279 -0.524993 0.749020 0.749020 0.749020
vn -3.470401 -0.396511 -3.016246
v -1.674040 -0.228371 -0.517398 0.749020 0.749020 0.749020
vn 3.333085 -0.428968 -3.156751
v -1.645940 -0.228473 -0.518008 0.749020 0.749020 0.749020
vn 3.467769 0.396003 3.017936
v -1.640310 -0.256007 -0.237185 0.749020 0.749020 0.749020
vn 3.464977 -0.416555 3.017669
v -1.642690 -0.789508 -0.236068 0.749020 0.749020 0.749020
vn -3.645404 -2.607924 1.596625
v -1.670000 -0.740689 -0.207518 0.749020 0.749020 0.749020
vn -3.616272 -1.495051 2.692992
v -1.670510 -0.761289 -0.228016 0.749020 0.749020 0.749020
vn -3.603331 1.538397 2.696307
v -1.668350 -0.283947 -0.229032 0.749020 0.749020 0.749020
vn -3.621956 2.647602 1.586090
v -1.668020 -0.304470 -0.208432 0.749020 0.749020 0.749020
vn -3.379416 3.105319 0.469929
v -1.667460 -0.311912 -0.180340 0.749020 0.749020 0.749020
vn 3.711824 -1.528304 2.559796
v -1.642420 -0.761416 -0.228600 0.749020 0.749020 0.749020
vn 3.725935 1.504214 2.539977
v -1.640260 -0.284074 -0.229616 0.749020 0.749020 0.749020
vn 3.341156 0.384030 -3.158495
v -1.643530 0.305003 -0.519125 0.749020 0.749020 0.749020
vn -3.712423 1.529426 -2.555462
v -1.671880 0.277038 -0.526009 0.749020 0.749020 0.749020
vn -3.684360 2.640677 -1.446132
v -1.672410 0.256464 -0.546506 0.749020 0.749020 0.749020
vn -3.424639 -3.073458 -0.329808
v -1.674930 -0.172314 -0.573684 0.749020 0.749020 0.749020
vn -3.708204 -2.613643 -1.433440
v -1.674390 -0.179781 -0.545592 0.749020 0.749020 0.749020
vn 3.618698 -2.647723 -1.582568
v -1.646300 -0.179908 -0.546202 0.749020 0.749020 0.749020
vn -3.465267 0.414873 -3.018069
v -1.671600 0.305156 -0.518541 0.749020 0.749020 0.749020
vn -3.336254 -0.383849 3.159038
v -1.665680 0.333781 -0.237846 0.749020 0.749020 0.749020
vn 3.712495 -1.529125 2.559692
v -1.639880 -0.199822 -0.229794 0.749020 0.749020 0.749020
vn 3.465718 -0.416920 3.016817
v -1.640150 -0.227914 -0.237261 0.749020 0.749020 0.749020
vn 3.467679 0.397216 3.016694
v -1.637740 0.305587 -0.238379 0.749020 0.749020 0.749020
vn 3.467051 -0.415230 3.017857
v -1.637610 0.333654 -0.238455 0.749020 0.749020 0.749020
vn 3.603724 -1.539516 -2.700808
v -1.643430 0.361163 -0.526771 0.749020 0.749020 0.749020
vn 3.615314 1.494074 -2.706077
v -1.641250 0.838530 -0.527787 0.749020 0.749020 0.749020
vn -3.429010 -3.071975 -0.330445
v -1.672390 0.389280 -0.574853 0.749020 0.749020 0.749020
vn 3.394061 -3.102406 0.340296
v -1.647770 0.388798 -0.743890 0.749020 0.749020 0.749020
vn -3.410519 -3.071142 0.482685
v -1.675870 0.388950 -0.743306 0.749020 0.749020 0.749020
vn 3.424540 3.073948 0.330799
v -1.645870 0.810006 -0.744779 0.749020 0.749020 0.749020
vn 3.378048 -3.103859 -0.469692
v -1.644290 0.389128 -0.575462 0.749020 0.749020 0.749020
vn 3.620502 -2.648900 -1.585626
v -1.643760 0.381660 -0.547370 0.749020 0.749020 0.749020
vn 3.645941 2.607697 -1.599957
v -1.641780 0.817905 -0.548284 0.749020 0.749020 0.749020
vn 3.407631 3.071739 -0.482066
v -1.642390 0.810336 -0.576351 0.749020 0.749020 0.749020
vn -3.396838 3.103260 -0.342304
v -1.670460 0.810463 -0.575767 0.749020 0.749020 0.749020
vn -3.616729 -1.495087 2.704473
v -1.667970 -0.199695 -0.229210 0.749020 0.749020 0.749020
vn -3.620242 2.648037 1.587792
v -1.665450 0.257150 -0.209626 0.749020 0.749020 0.749020
vn -3.341028 -0.384365 3.158109
v -1.668250 -0.227787 -0.236677 0.749020 0.749020 0.749020
vn -3.335874 0.428766 3.156671
v -1.665810 0.305714 -0.237795 0.749020 0.749020 0.749020
vn 3.706887 2.613936 1.437260
v -1.637390 0.257023 -0.210210 0.749020 0.749020 0.749020
vn 3.683677 -2.641844 1.448097
v -1.639370 -0.179248 -0.209296 0.749020 0.749020 0.749020
vn 3.728660 1.505935 2.551012
v -1.637720 0.277520 -0.230810 0.749020 0.749020 0.749020
vn -3.644030 -2.609219 1.600933
v -1.667430 -0.179121 -0.208712 0.749020 0.749020 0.749020
vn -3.407888 -3.071514 0.483202
v -1.666820 -0.171526 -0.180619 0.749020 0.749020 0.749020
vn -3.381271 3.103532 0.470182
v -1.664920 0.249657 -0.181534 0.749020 0.749020 0.749020
vn -3.600407 1.540896 2.700781
v -1.665780 0.277647 -0.230200 0.749020 0.749020 0.749020
vn 3.397974 -3.102690 0.344046
v -1.638760 -0.171653 -0.181229 0.749020 0.749020 0.749020
vn 3.408085 3.070641 -0.482054
v -1.633350 0.249885 -0.013691 0.749020 0.749020 0.749020
vn 3.380887 -3.104796 -0.471983
v -1.635280 -0.171298 -0.012776 0.749020 0.749020 0.749020
vn 3.425887 3.073187 0.331123
v -1.636850 0.249530 -0.182118 0.749020 0.749020 0.749020
vn 3.603573 -1.541730 -2.712372
v -1.646000 -0.200406 -0.525577 0.749020 0.749020 0.749020
vn 3.408654 3.071066 -0.484016
v -1.644930 0.248742 -0.575158 0.749020 0.749020 0.749020
vn 3.426454 3.073535 0.329365
v -1.648430 0.248412 -0.743585 0.749020 0.749020 0.749020
vn -3.376942 3.104182 0.468382
v -1.676500 0.248564 -0.743026 0.749020 0.749020 0.749020
vn -3.397952 3.103587 -0.345103
v -1.673000 0.248869 -0.574573 0.749020 0.749020 0.749020
vn 3.684098 -2.640888 1.445165
v -1.650920 -0.180365 -0.770763 0.749020 0.749020 0.749020
vn 3.380810 -3.104909 -0.471747
v -1.646860 -0.172441 -0.574243 0.749020 0.749020 0.749020
vn 3.396363 -3.104025 0.344425
v -1.650340 -0.172796 -0.742696 0.749020 0.749020 0.749020
vn 3.641859 2.609234 -1.596176
v -1.644320 0.256337 -0.547116 0.749020 0.749020 0.749020
vn 3.616765 1.496364 -2.704556
v -1.643810 0.276911 -0.526593 0.749020 0.749020 0.749020
vn -3.679069 -1.475887 2.674577
v -1.658850 0.054432 0.155804 0.749020 0.749020 0.749020
vn -3.720463 -2.797143 1.107947
v -1.658290 0.073000 0.177825 0.749020 0.749020 0.749020
vn -3.762082 -2.800203 -0.942610
v -1.657710 0.073050 0.206629 0.749020 0.749020 0.749020
vn 3.679323 1.476127 -2.674723
v -1.626920 0.573913 0.227051 0.749020 0.749020 0.749020
vn 3.467395 0.397145 3.016108
v -1.626160 0.306756 0.323088 0.749020 0.749020 0.749020
vn 3.727046 1.505334 2.547854
v -1.626130 0.278663 0.330657 0.749020 0.749020 0.749020
vn 3.665840 -0.542967 -3.025813
v -1.629230 0.040716 0.233197 0.749020 0.749020 0.749020
vn -3.754072 2.310138 -1.855834
v -1.655220 0.562813 0.218237 0.749020 0.749020 0.749020
vn -3.785448 0.530740 -2.874530
v -1.654830 0.587807 0.232613 0.749020 0.749020 0.749020
vn -3.341026 -0.383451 3.158315
v -1.654120 0.334950 0.323596 0.749020 0.749020 0.749020
vn 3.465783 -0.415502 3.016581
v -1.626030 0.334823 0.323012 0.749020 0.749020 0.749020
vn -3.617118 -1.496130 2.707972
v -1.653820 0.363042 0.331064 0.749020 0.749020 0.749020
vn 3.712991 -1.529115 2.554647
v -1.625750 0.362915 0.330479 0.749020 0.749020 0.749020
vn 3.604896 -1.538824 -2.700058
v -1.631850 0.362306 0.034722 0.749020 0.749020 0.749020
vn 3.408829 3.071318 -0.483606
v -1.630810 0.811479 -0.014859 0.749020 0.749020 0.749020
vn 3.645226 2.607985 -1.597459
v -1.630200 0.819074 0.013208 0.749020 0.749020 0.749020
vn -3.705912 -2.616087 -1.434583
v -1.683410 0.380670 -1.108280 0.749020 0.749020 0.749020
vn -3.663541 0.546383 3.021805
v -1.679700 0.585368 -0.973303 0.749020 0.749020 0.749020
vn 3.605434 -1.538585 -2.702453
v -1.655010 0.360045 -1.088240 0.749020 0.749020 0.749020
vn 3.621813 -2.648720 -1.586378
v -1.655340 0.380543 -1.108840 0.749020 0.749020 0.749020
vn 3.380620 -3.104506 -0.470083
v -1.655880 0.388010 -1.136930 0.749020 0.749020 0.749020
vn 2.996606 1.165806 -2.971325
v -1.657330 1.174750 -1.381280 0.749020 0.749020 0.749020
vn -3.716879 -2.796299 1.106545
v -1.686890 0.882599 -1.388160 0.749020 0.749020 0.749020
vn -3.760119 -2.802395 -0.944573
v -1.686280 0.882650 -1.359360 0.749020 0.749020 0.749020
vn 3.674984 -2.316162 -1.993598
v -1.657980 0.875233 -1.347270 0.749020 0.749020 0.749020
vn 3.712732 -3.013169 -0.070624
v -1.658490 0.885038 -1.374370 0.749020 0.749020 0.749020
vn -3.336315 -0.384073 3.158126
v -1.691410 -0.230073 -1.359610 0.749020 0.749020 0.749020
vn -3.333328 0.428533 3.157862
v -1.688970 0.303454 -1.360750 0.749020 0.749020 0.749020
vn 3.785021 -0.530419 2.874484
v -1.659510 0.850138 -1.415750 0.749020 0.749020 0.749020
vn 2.736102 0.509573 -3.108924
v -1.660400 0.917143 -1.472670 0.749020 0.749020 0.749020
vn 3.782012 -0.531425 2.876530
v -1.667100 -0.820191 -1.412190 0.749020 0.749020 0.749020
vn -3.666626 0.545774 3.018222
v -1.695250 -0.834695 -1.411610 0.749020 0.749020 0.749020
vn 2.729187 -0.547296 -3.105753
v -1.668630 -0.902056 -1.468830 0.749020 0.749020 0.749020
vn -6.235859 -2.861264 -5.450419
v -1.694740 -1.407160 -1.260860 0.749020 0.749020 0.749020
vn -3.757222 2.309006 -1.853279
v -1.693930 -0.859511 -1.343000 0.749020 0.749020 0.749020
vn -6.235465 -2.356241 -5.680962
v -1.695980 -1.159150 -1.375740 0.749020 0.749020 0.749020
vn -5.731318 -1.042998 -5.983954
v -1.696690 -0.901929 -1.468220 0.749020 0.749020 0.749020
vn -3.336425 0.428405 3.154100
v -1.691540 -0.258166 -1.359560 0.749020 0.749020 0.749020
vn -3.603652 1.538566 2.710027
v -1.688920 0.275387 -1.353190 0.749020 0.749020 0.749020
vn 3.725691 1.505313 2.539207
v -1.660860 0.275260 -1.353770 0.749020 0.749020 0.749020
vn 3.472451 0.398343 3.015867
v -1.660910 0.303301 -1.361360 0.749020 0.749020 0.749020
vn -3.340616 -0.384403 3.154252
v -1.688850 0.331521 -1.360830 0.749020 0.749020 0.749020
vn -3.675843 2.316899 1.996742
v -1.687470 0.810717 -1.400680 0.749020 0.749020 0.749020
vn -3.663421 0.543412 3.026900
v -1.687650 0.835635 -1.415140 0.749020 0.749020 0.749020
vn 3.785471 1.486066 2.513360
v -1.659530 0.821792 -1.410690 0.749020 0.749020 0.749020
vn 3.760801 2.799790 0.941503
v -1.659150 0.803300 -1.388590 0.749020 0.749020 0.749020
vn 3.712633 -1.528976 2.547068
v -1.660470 0.359486 -1.353950 0.749020 0.749020 0.749020
vn -3.643831 -2.606738 1.594945
v -1.688060 0.380213 -1.332840 0.749020 0.749020 0.749020
vn -3.408681 -3.072343 0.485684
v -1.687420 0.387807 -1.304800 0.749020 0.749020 0.749020
vn 3.466554 -0.416341 3.015977
v -1.660780 0.331394 -1.361420 0.749020 0.749020 0.749020
vn -3.615693 -1.496586 2.713985
v -1.688540 0.359613 -1.353360 0.749020 0.749020 0.749020
vn -3.714543 3.012399 0.067834
v -1.686970 0.800913 -1.373580 0.749020 0.749020 0.749020
vn 3.715355 2.797833 -1.106797
v -1.658570 0.803377 -1.359790 0.749020 0.749020 0.749020
vn 3.682960 -2.644469 1.450555
v -1.659990 0.380086 -1.333420 0.749020 0.749020 0.749020
vn 3.397828 -3.100956 0.340692
v -1.659330 0.387680 -1.305380 0.749020 0.749020 0.749020
vn -3.787004 0.531669 -2.874322
v -1.685930 0.835812 -1.332180 0.749020 0.749020 0.749020
vn 3.661476 -0.544782 -3.026743
v -1.657810 0.850316 -1.332810 0.749020 0.749020 0.749020
vn -3.786797 -1.487724 -2.504973
v -1.685930 0.864184 -1.337260 0.749020 0.749020 0.749020
vn 3.679333 1.477047 -2.673961
v -1.658040 0.821944 -1.337740 0.749020 0.749020 0.749020
vn -3.754572 2.309624 -1.850263
v -1.686360 0.810844 -1.346550 0.749020 0.749020 0.749020
vn 3.711337 -1.528508 2.556404
v -1.663040 -0.202108 -1.352750 0.749020 0.749020 0.749020
vn 3.684705 -2.641660 1.448459
v -1.662530 -0.181508 -1.332260 0.749020 0.749020 0.749020
vn -3.644359 -2.606596 1.598643
v -1.690600 -0.181381 -1.331670 0.749020 0.749020 0.749020
vn -3.380365 3.103151 0.467591
v -1.688080 0.247396 -1.304490 0.749020 0.749020 0.749020
vn -3.616385 -1.494639 2.713364
v -1.691110 -0.201981 -1.352170 0.749020 0.749020 0.749020
vn 3.467249 -0.415113 3.017817
v -1.663320 -0.230200 -1.360220 0.749020 0.749020 0.749020
vn 3.707555 2.613230 1.435067
v -1.660520 0.254737 -1.333170 0.749020 0.749020 0.749020
vn -3.428802 -3.071927 -0.330044
v -1.686510 -0.173431 -1.135150 0.749020 0.749020 0.749020
vn -3.408274 -3.072656 0.485375
v -1.689960 -0.173787 -1.303600 0.749020 0.749020 0.749020
vn 3.425082 3.073796 0.330776
v -1.659990 0.247269 -1.305080 0.749020 0.749020 0.749020
vn -3.621336 2.649074 1.585699
v -1.688590 0.254864 -1.332590 0.749020 0.749020 0.749020
vn 3.397733 -3.102231 0.342176
v -1.661900 -0.173914 -1.304190 0.749020 0.749020 0.749020
vn -3.707612 -2.615089 -1.440078
v -1.685950 -0.180924 -1.107060 0.749020 0.749020 0.749020
vn 3.621679 -2.646768 -1.582915
v -1.657880 -0.181051 -1.107640 0.749020 0.749020 0.749020
vn -3.682948 2.642498 -1.447160
v -1.683970 0.255321 -1.108020 0.749020 0.749020 0.749020
vn 3.378154 -3.104301 -0.470148
v -1.658420 -0.173584 -1.135740 0.749020 0.749020 0.749020
vn -3.396488 3.103222 -0.342467
v -1.684580 0.247752 -1.136070 0.749020 0.749020 0.749020
vn 3.407961 3.071591 -0.482800
v -1.656510 0.247625 -1.136630 0.749020 0.749020 0.749020
vn 3.645980 2.608035 -1.596201
v -1.655900 0.255194 -1.108580 0.749020 0.749020 0.749020
vn -3.676718 2.316483 1.997388
v -1.682060 -0.001143 -0.957682 0.749020 0.749020 0.749020
vn 3.785773 1.486779 2.513538
v -1.654120 0.009906 -0.967664 0.749020 0.749020 0.749020
vn -3.662503 0.543964 3.026847
v -1.682240 0.023749 -0.972109 0.749020 0.749020 0.749020
vn -3.727705 -1.504637 -2.545838
v -1.685650 -0.201447 -1.086460 0.749020 0.749020 0.749020
vn -3.681231 -1.475869 2.674052
v -1.682010 0.052146 -0.967181 0.749020 0.749020 0.749020
vn -3.710011 1.529414 -2.555467
v -1.683460 0.275920 -1.087500 0.749020 0.749020 0.749020
vn 3.599478 -1.537506 -2.707880
v -1.657580 -0.201574 -1.087070 0.749020 0.749020 0.749020
vn 3.618670 1.494819 -2.708180
v -1.655390 0.275793 -1.088060 0.749020 0.749020 0.749020
vn 3.783455 -0.531076 2.875096
v -1.654100 0.038252 -0.972718 0.749020 0.749020 0.749020
vn 3.755127 -2.309391 1.853736
v -1.653690 0.063246 -0.958367 0.749020 0.749020 0.749020
vn -3.717752 -2.796630 1.106804
v -1.681480 0.070714 -0.945134 0.749020 0.749020 0.749020
vn -3.714502 3.013592 0.070789
v -1.678990 0.550621 -0.931748 0.749020 0.749020 0.749020
vn -3.677978 2.315098 1.998543
v -1.679520 0.560426 -0.958850 0.749020 0.749020 0.749020
vn 3.783455 1.486164 2.516243
v -1.651560 0.571500 -0.968832 0.749020 0.749020 0.749020
vn 3.334621 -0.428340 -3.156193
v -1.654960 0.331953 -1.080670 0.749020 0.749020 0.749020
vn -3.462323 0.416626 -3.018552
v -1.683180 0.304013 -1.080030 0.749020 0.749020 0.749020
vn -3.468345 -0.397780 -3.014883
v -1.683060 0.332080 -1.080080 0.749020 0.749020 0.749020
vn -3.723807 -1.506821 -2.549520
v -1.683080 0.360172 -1.087680 0.749020 0.749020 0.749020
vn 3.343030 0.384207 -3.157867
v -1.655090 0.303886 -1.080590 0.749020 0.749020 0.749020
vn -3.469727 -0.398397 -3.014680
v -1.685600 -0.229489 -1.078890 0.749020 0.749020 0.749020
vn 3.336614 -0.430985 -3.148145
v -1.657500 -0.229616 -1.079480 0.749020 0.749020 0.749020
vn 3.339852 0.383241 -3.159073
v -1.657660 -0.257708 -1.079420 0.749020 0.749020 0.749020
vn -3.463030 0.415277 -3.018864
v -1.685720 -0.257556 -1.078840 0.749020 0.749020 0.749020
vn 3.761090 2.800516 0.941421
v -1.653740 -0.008585 -0.945540 0.749020 0.749020 0.749020
vn -3.709519 3.013896 0.070476
v -1.681560 -0.010947 -0.930554 0.749020 0.749020 0.749020
vn -3.680272 -1.474945 2.679483
v -1.684550 -0.509448 -0.965987 0.749020 0.749020 0.749020
vn 3.754502 -2.308612 1.852435
v -1.656230 -0.498348 -0.957174 0.749020 0.749020 0.749020
vn 3.616517 1.495845 -2.708412
v -1.657960 -0.285801 -1.086870 0.749020 0.749020 0.749020
vn -3.683956 2.642851 -1.449830
v -1.686510 -0.306273 -1.106800 0.749020 0.749020 0.749020
vn -3.713496 1.527521 -2.551246
v -1.686030 -0.285674 -1.086280 0.749020 0.749020 0.749020
vn -3.784550 0.531940 -2.875273
v -1.693520 -0.834517 -1.328650 0.749020 0.749020 0.749020
vn 3.408326 3.071978 -0.484636
v -1.659080 -0.313995 -1.135460 0.749020 0.749020 0.749020
vn -3.397772 3.102643 -0.342740
v -1.687140 -0.313868 -1.134870 0.749020 0.749020 0.749020
vn 3.643669 2.606930 -1.596343
v -1.658440 -0.306400 -1.107390 0.749020 0.749020 0.749020
vn -3.380632 3.104123 0.470397
v -1.690620 -0.314198 -1.303330 0.749020 0.749020 0.749020
vn -3.789501 -1.486975 -2.514198
v -1.693490 -0.806145 -1.333700 0.749020 0.749020 0.749020
vn 3.673376 -2.317135 -1.995446
v -1.665550 -0.795096 -1.343740 0.749020 0.749020 0.749020
vn 3.708047 2.614640 1.438413
v -1.663090 -0.306857 -1.331980 0.749020 0.749020 0.749020
vn -3.620579 2.647995 1.587152
v -1.691160 -0.306730 -1.331390 0.749020 0.749020 0.749020
vn -3.603025 1.538479 2.706524
v -1.691490 -0.286207 -1.351990 0.749020 0.749020 0.749020
vn -3.680049 -1.476630 2.674500
v -1.694990 -0.806298 -1.406650 0.749020 0.749020 0.749020
vn 3.725112 1.504743 2.541913
v -1.663400 -0.286334 -1.352570 0.749020 0.749020 0.749020
vn 3.712751 -3.014346 -0.073536
v -1.666090 -0.785292 -1.370810 0.749020 0.749020 0.749020
vn 3.467381 0.398012 3.018679
v -1.663450 -0.258293 -1.360140 0.749020 0.749020 0.749020
vn 3.754635 -2.309506 1.856720
v -1.666700 -0.795198 -1.397840 0.749020 0.749020 0.749020
vn -3.718705 -2.794903 1.104575
v -1.694480 -0.787730 -1.384630 0.749020 0.749020 0.749020
vn -3.759492 -2.801899 -0.940261
v -1.693870 -0.787679 -1.355830 0.749020 0.749020 0.749020
vn 3.425061 3.072557 0.329450
v -1.662530 -0.314325 -1.303910 0.749020 0.749020 0.749020
vn 3.662524 -0.543764 -3.026197
v -1.665380 -0.820014 -1.329260 0.749020 0.749020 0.749020
vn 3.678873 1.476879 -2.669991
v -1.665600 -0.848411 -1.334210 0.749020 0.749020 0.749020
vn -3.715453 3.012587 0.070665
v -1.694540 -0.869417 -1.370050 0.749020 0.749020 0.749020
vn 3.715141 2.796855 -1.107763
v -1.666140 -0.866953 -1.356230 0.749020 0.749020 0.749020
vn 2.989831 -1.206126 -2.966574
v -1.667920 -1.159260 -1.376300 0.749020 0.749020 0.749020
vn 3.784940 1.487594 2.512278
v -1.667100 -0.848538 -1.407140 0.749020 0.749020 0.749020
vn 3.757392 2.802452 0.944678
v -1.666750 -0.867004 -1.385040 0.749020 0.749020 0.749020
vn -3.676507 2.317094 1.998011
v -1.695040 -0.859612 -1.397130 0.749020 0.749020 0.749020
vn 2.988085 -1.457656 -2.848662
v -1.666670 -1.407290 -1.261440 0.749020 0.749020 0.749020
vn -3.665429 0.543440 3.025514
v -1.684810 -0.537820 -0.970940 0.749020 0.749020 0.749020
vn -3.676499 -1.476756 2.675418
v -1.687420 0.864032 -1.410180 0.749020 0.749020 0.749020
vn 3.758435 -2.307195 1.853513
v -1.659100 0.875132 -1.401420 0.749020 0.749020 0.749020
# 4838 vertices, 0 vertices normals


usemtl material_0
vt 0.128900 0.998129
vt 0.128767 1.000000
vt 0.128848 0.999991
f 1/1/1 14/2/14 137/3/137
vt 0.128939 0.992172
f 67/4/67 14/2/14 1/1/1
vt 0.128960 0.982700
vt 0.128767 0.991672
f 68/5/68 18/6/18 67/4/67
vt 0.128767 0.997866
f 67/4/67 18/6/18 2/7/2
f 67/4/67 2/7/2 14/2/14
vt 0.128767 0.982022
f 18/6/18 68/5/68 3/8/3
vt 0.128963 0.970642
f 3/8/3 68/5/68 4/9/4
vt 0.128767 0.969859
f 3/8/3 4/9/4 5/10/5
vt 0.128947 0.957178
f 5/10/5 4/9/4 143/11/143
vt 0.116581 0.957163
f 5/10/5 143/11/143 6/12/6
vt 0.115036 0.969859
f 5/10/5 6/12/6 17/13/17
vt 0.105408 0.957061
f 17/13/17 6/12/6 7/14/7
vt 0.103159 0.969859
f 17/13/17 7/14/7 8/15/8
vt 0.096521 0.956882
f 8/15/8 7/14/7 32/16/32
vt 0.094741 0.969859
f 8/15/8 32/16/32 9/17/9
vt 0.090791 0.956644
f 9/17/9 32/16/32 11/18/11
vt 0.090918 0.969859
f 9/17/9 11/18/11 10/19/10
vt 0.088778 0.956370
f 10/19/10 11/18/11 34/20/34
vt 0.090760 0.969874
f 10/19/10 34/20/34 12/21/12
vt 0.096582 0.982022
f 10/19/10 12/21/12 22/22/22
vt 0.096463 0.982047
f 22/22/22 12/21/12 141/23/141
vt 0.105389 0.991672
f 22/22/22 141/23/141 28/24/28
vt 0.105327 0.991697
f 28/24/28 141/23/141 139/25/139
vt 0.116478 0.997866
f 28/24/28 139/25/139 23/26/23
vt 0.116487 0.997880
f 23/26/23 139/25/139 13/27/13
f 23/26/23 13/27/13 137/3/137
vt 0.117719 0.997866
vt 0.120452 0.997866
f 24/28/24 14/2/14 25/29/25
vt 0.124308 0.997866
f 25/29/25 14/2/14 15/30/15
f 15/30/15 14/2/14 2/7/2
vt 0.117091 0.982022
f 3/8/3 5/10/5 16/31/16
f 16/31/16 5/10/5 17/13/17
vt 0.106991 0.982022
f 16/31/16 17/13/17 20/32/20
f 20/32/20 17/13/17 8/15/8
vt 0.099833 0.982022
f 20/32/20 8/15/8 21/33/21
f 21/33/21 8/15/8 9/17/9
f 21/33/21 9/17/9 22/22/22
f 22/22/22 9/17/9 10/19/10
f 15/30/15 2/7/2 18/6/18
vt 0.120286 0.991672
f 18/6/18 3/8/3 19/34/19
f 19/34/19 3/8/3 16/31/16
vt 0.112950 0.991672
f 19/34/19 16/31/16 26/35/26
f 26/35/26 16/31/16 20/32/20
vt 0.107750 0.991672
f 26/35/26 20/32/20 27/36/27
f 27/36/27 20/32/20 21/33/21
f 27/36/27 21/33/21 28/24/28
f 28/24/28 21/33/21 22/22/22
f 137/3/137 14/2/14 23/26/23
f 23/26/23 14/2/14 24/28/24
f 23/26/23 24/28/24 27/36/27
f 27/36/27 24/28/24 26/35/26
f 25/29/25 15/30/15 19/34/19
f 19/34/19 15/30/15 18/6/18
f 25/29/25 19/34/19 26/35/26
f 24/28/24 25/29/25 26/35/26
f 23/26/23 27/36/27 28/24/28
vt 0.128667 0.806609
vt 0.120787 0.807046
f 29/37/29 30/38/30 143/11/143
f 143/11/143 30/38/30 6/12/6
vt 0.113062 0.808272
f 6/12/6 30/38/30 215/39/215
f 6/12/6 215/39/215 7/14/7
vt 0.106053 0.810144
f 7/14/7 215/39/215 216/40/216
vt 0.100160 0.812353
f 7/14/7 216/40/216 31/41/31
f 7/14/7 31/41/31 32/16/32
vt 0.095319 0.814765
f 32/16/32 31/41/31 217/42/217
vt 0.091598 0.817240
f 32/16/32 217/42/217 218/43/218
f 32/16/32 218/43/218 11/18/11
vt 0.089312 0.819527
f 11/18/11 218/43/218 33/44/33
f 11/18/11 33/44/33 34/20/34
vt 0.088527 0.821449
f 34/20/34 33/44/33 219/45/219
vt 0.874111 0.996399
vt 0.874059 0.998260
vt 0.882975 0.995894
f 65/46/65 64/47/64 57/48/57
vt 0.886412 0.996092
f 57/48/57 64/47/64 123/49/123
vt 0.885814 0.995894
f 57/48/57 123/49/123 55/50/55
vt 0.886965 0.995894
f 55/50/55 123/49/123 35/51/35
vt 0.897884 0.989575
f 55/50/55 35/51/35 37/52/37
vt 0.897548 0.989857
f 37/52/37 35/51/35 36/53/36
vt 0.906377 0.980165
f 37/52/37 36/53/36 125/54/125
f 123/49/123 36/53/36 35/51/35
vt 0.906517 0.979907
f 37/52/37 125/54/125 38/55/38
vt 0.912035 0.967966
f 38/55/38 125/54/125 126/56/126
vt 0.912040 0.967815
f 38/55/38 126/56/126 39/57/39
vt 0.913967 0.954454
f 39/57/39 126/56/126 40/58/40
vt 0.912065 0.954737
f 39/57/39 40/58/40 41/59/41
vt 0.908665 0.967815
f 39/57/39 41/59/41 49/60/49
vt 0.906435 0.955001
f 49/60/49 41/59/41 42/61/42
vt 0.900344 0.967815
f 49/60/49 42/61/42 52/62/52
vt 0.897628 0.955221
f 52/62/52 42/61/42 60/63/60
vt 0.888266 0.967815
f 52/62/52 60/63/60 53/64/53
vt 0.886506 0.955375
f 53/64/53 60/63/60 43/65/43
vt 0.874174 0.968911
f 53/64/53 43/65/43 44/66/44
vt 0.874158 0.955448
f 44/66/44 43/65/43 69/67/69
vt 0.886192 0.979907
f 53/64/53 44/66/44 51/68/51
vt 0.874171 0.980969
f 51/68/51 44/66/44 45/69/45
vt 0.882952 0.989575
f 51/68/51 45/69/45 46/70/46
vt 0.874149 0.990441
f 46/70/46 45/69/45 66/71/66
vt 0.878853 0.995894
f 46/70/46 66/71/66 47/72/47
f 47/72/47 66/71/66 65/46/65
f 47/72/47 65/46/65 57/48/57
vt 0.903632 0.979907
f 38/55/38 39/57/39 48/73/48
f 48/73/48 39/57/39 49/60/49
vt 0.896519 0.979907
f 48/73/48 49/60/49 50/74/50
f 50/74/50 49/60/49 52/62/52
f 50/74/50 52/62/52 51/68/51
f 51/68/51 52/62/52 53/64/53
vt 0.895764 0.989575
f 37/52/37 38/55/38 56/75/56
f 56/75/56 38/55/38 48/73/48
vt 0.890538 0.989575
f 56/75/56 48/73/48 54/76/54
f 54/76/54 48/73/48 50/74/50
f 54/76/54 50/74/50 46/70/46
f 46/70/46 50/74/50 51/68/51
f 57/48/57 55/50/55 56/75/56
f 56/75/56 55/50/55 37/52/37
f 57/48/57 56/75/56 54/76/54
f 47/72/47 57/48/57 54/76/54
f 47/72/47 54/76/54 46/70/46
vt 0.913681 0.800537
vt 0.912952 0.799358
f 149/77/149 58/78/58 40/58/40
f 40/58/40 58/78/58 41/59/41
vt 0.910703 0.797826
f 41/59/41 58/78/58 59/79/59
f 41/59/41 59/79/59 42/61/42
vt 0.906996 0.796075
f 42/61/42 59/79/59 298/80/298
vt 0.902164 0.794319
f 42/61/42 298/80/298 299/81/299
f 42/61/42 299/81/299 60/63/60
vt 0.896268 0.792684
f 60/63/60 299/81/299 61/82/61
vt 0.889291 0.791299
f 60/63/60 61/82/61 62/83/62
f 60/63/60 62/83/62 43/65/43
vt 0.881636 0.790405
f 43/65/43 62/83/62 300/84/300
f 43/65/43 300/84/300 69/67/69
vt 0.873851 0.790107
f 69/67/69 300/84/300 63/85/63
f 137/3/137 64/47/64 1/1/1
f 1/1/1 64/47/64 65/46/65
f 1/1/1 65/46/65 67/4/67
f 67/4/67 65/46/65 66/71/66
f 67/4/67 66/71/66 68/5/68
f 68/5/68 66/71/66 45/69/45
f 68/5/68 45/69/45 4/9/4
f 4/9/4 45/69/45 44/66/44
f 4/9/4 44/66/44 143/11/143
f 143/11/143 44/66/44 69/67/69
vt 0.116474 0.997819
vt 0.121650 0.997510
vt 0.128836 0.999929
f 85/86/85 70/87/70 71/88/71
vt 0.125676 0.997510
f 71/88/71 70/87/70 72/89/72
vt 0.128776 0.997511
f 71/88/71 72/89/72 73/90/73
vt 0.128714 0.991051
f 73/90/73 72/89/72 74/91/74
vt 0.123092 0.991050
f 74/91/74 72/89/72 75/92/75
vt 0.128656 0.981181
f 74/91/74 75/92/75 76/93/76
vt 0.121063 0.981180
f 76/93/76 75/92/75 77/94/77
vt 0.128608 0.968867
f 76/93/76 77/94/77 78/95/78
vt 0.119787 0.968867
f 78/95/78 77/94/77 91/96/91
vt 0.128574 0.955315
f 78/95/78 91/96/91 158/97/158
vt 0.116225 0.955388
f 158/97/158 91/96/91 98/98/98
vt 0.108060 0.968867
f 98/98/98 91/96/91 79/99/79
vt 0.105103 0.955542
f 98/98/98 79/99/79 80/100/80
vt 0.098630 0.968867
f 80/100/80 79/99/79 89/101/89
vt 0.096296 0.955762
f 80/100/80 89/101/89 81/102/81
vt 0.092544 0.968867
f 81/102/81 89/101/89 82/103/82
vt 0.090667 0.956026
f 81/102/81 82/103/82 95/104/95
vt 0.088765 0.956309
f 95/104/95 82/103/82 155/105/155
vt 0.090748 0.969813
f 155/105/155 82/103/82 140/106/140
vt 0.097698 0.981180
f 140/106/140 82/103/82 94/107/94
vt 0.096450 0.981985
f 140/106/140 94/107/94 83/108/83
vt 0.105891 0.991050
f 83/108/83 94/107/94 84/109/84
vt 0.105315 0.991635
f 83/108/83 84/109/84 138/110/138
vt 0.116323 0.997510
f 138/110/138 84/109/84 93/111/93
f 138/110/138 93/111/93 85/86/85
vt 0.118412 0.997510
f 85/86/85 93/111/93 86/112/86
f 85/86/85 86/112/86 70/87/70
vt 0.109734 0.991050
f 70/87/70 86/112/86 87/113/87
vt 0.115688 0.991050
f 70/87/70 87/113/87 90/114/90
vt 0.102918 0.981180
f 90/114/90 87/113/87 88/115/88
vt 0.111006 0.981180
f 90/114/90 88/115/88 92/116/92
f 92/116/92 88/115/88 89/101/89
f 92/116/92 89/101/89 79/99/79
f 70/87/70 90/114/90 72/89/72
f 72/89/72 90/114/90 75/92/75
f 79/99/79 91/96/91 77/94/77
f 90/114/90 92/116/92 75/92/75
f 75/92/75 92/116/92 77/94/77
f 92/116/92 79/99/79 77/94/77
f 89/101/89 88/115/88 82/103/82
f 82/103/82 88/115/88 94/107/94
f 86/112/86 93/111/93 84/109/84
f 88/115/88 87/113/87 94/107/94
f 94/107/94 87/113/87 84/109/84
f 87/113/87 86/112/86 84/109/84
vt 0.088516 0.822032
vt 0.089223 0.823389
f 156/117/156 221/118/221 155/105/155
f 155/105/155 221/118/221 95/104/95
vt 0.091442 0.824374
f 95/104/95 221/118/221 96/119/96
f 95/104/95 96/119/96 81/102/81
vt 0.095153 0.824945
f 81/102/81 96/119/96 97/120/97
vt 0.100022 0.825186
f 81/102/81 97/120/97 223/121/223
f 81/102/81 223/121/223 80/100/80
vt 0.105977 0.825207
f 80/100/80 223/121/223 224/122/224
vt 0.112982 0.825114
f 80/100/80 224/122/224 99/123/99
f 80/100/80 99/123/99 98/98/98
vt 0.120616 0.825007
f 98/98/98 99/123/99 100/124/100
f 98/98/98 100/124/100 158/97/158
vt 0.128332 0.824950
f 158/97/158 100/124/100 157/125/157
vt 0.873785 0.953584
vt 0.886151 0.953600
vt 0.873819 0.967137
f 101/126/101 132/127/132 131/128/131
vt 0.885632 0.967136
f 131/128/131 132/127/132 107/129/107
vt 0.873867 0.979450
f 131/128/131 107/129/107 130/130/130
vt 0.883971 0.979449
f 130/130/130 107/129/107 116/131/116
vt 0.873925 0.989321
f 130/130/130 116/131/116 129/132/129
vt 0.881331 0.989319
f 129/132/129 116/131/116 117/133/117
vt 0.873987 0.995781
f 129/132/129 117/133/117 128/134/128
vt 0.877970 0.995779
f 128/134/128 117/133/117 102/135/102
vt 0.874047 0.998199
f 128/134/128 102/135/102 150/136/150
vt 0.881642 0.995779
f 150/136/150 102/135/102 103/137/103
vt 0.884562 0.995779
f 150/136/150 103/137/103 104/138/104
vt 0.888084 0.989319
f 104/138/104 103/137/103 118/139/118
vt 0.893455 0.989319
f 104/138/104 118/139/118 120/140/120
vt 0.893144 0.979449
f 120/140/120 118/139/118 115/141/115
vt 0.900440 0.979449
f 120/140/120 115/141/115 119/142/119
vt 0.896328 0.967136
f 119/142/119 115/141/115 105/143/105
vt 0.904834 0.967136
f 119/142/119 105/143/105 106/144/106
vt 0.906211 0.953881
f 106/144/106 105/143/105 108/145/108
vt 0.911941 0.954119
f 106/144/106 108/145/108 109/146/109
vt 0.897324 0.953702
f 132/127/132 135/147/135 107/129/107
f 107/129/107 135/147/135 105/143/105
f 107/129/107 105/143/105 115/141/115
f 135/147/135 108/145/108 105/143/105
vt 0.910318 0.967136
f 106/144/106 109/146/109 110/148/110
vt 0.913954 0.954392
f 110/148/110 109/146/109 111/149/111
vt 0.912022 0.967905
f 110/148/110 111/149/111 112/150/112
vt 0.905144 0.979449
f 110/148/110 112/150/112 113/151/113
vt 0.906365 0.980104
f 113/151/113 112/150/112 127/152/127
vt 0.896918 0.989319
f 113/151/113 127/152/127 121/153/121
vt 0.897536 0.989796
f 121/153/121 127/152/127 114/154/114
vt 0.886446 0.995779
f 121/153/121 114/154/114 122/155/122
vt 0.886400 0.996030
f 122/155/122 114/154/114 124/156/124
f 122/155/122 124/156/124 150/136/150
f 107/129/107 115/141/115 116/131/116
f 116/131/116 115/141/115 118/139/118
f 116/131/116 118/139/118 117/133/117
f 117/133/117 118/139/118 103/137/103
f 117/133/117 103/137/103 102/135/102
f 122/155/122 150/136/150 104/138/104
f 110/148/110 113/151/113 106/144/106
f 106/144/106 113/151/113 119/142/119
f 122/155/122 104/138/104 120/140/120
f 113/151/113 121/153/121 119/142/119
f 119/142/119 121/153/121 120/140/120
f 121/153/121 122/155/122 120/140/120
f 64/47/64 150/136/150 123/49/123
f 123/49/123 150/136/150 124/156/124
f 123/49/123 124/156/124 36/53/36
f 36/53/36 124/156/124 114/154/114
f 36/53/36 114/154/114 125/54/125
f 125/54/125 114/154/114 127/152/127
f 125/54/125 127/152/127 126/56/126
f 126/56/126 127/152/127 112/150/112
f 126/56/126 112/150/112 40/58/40
f 40/58/40 112/150/112 111/149/111
f 150/136/150 71/88/71 128/134/128
f 128/134/128 71/88/71 73/90/73
f 128/134/128 73/90/73 129/132/129
f 129/132/129 73/90/73 74/91/74
f 129/132/129 74/91/74 130/130/130
f 130/130/130 74/91/74 76/93/76
f 130/130/130 76/93/76 131/128/131
f 131/128/131 76/93/76 78/95/78
f 131/128/131 78/95/78 101/126/101
f 101/126/101 78/95/78 158/97/158
vt 0.873500 0.800275
vt 0.881200 0.800366
f 289/157/289 290/158/290 101/126/101
f 101/126/101 290/158/290 132/127/132
vt 0.888833 0.800647
f 132/127/132 290/158/290 133/159/133
f 132/127/132 133/159/133 135/147/135
vt 0.895856 0.801053
f 135/147/135 133/159/133 134/160/134
vt 0.901850 0.801455
f 135/147/135 134/160/134 291/161/291
f 135/147/135 291/161/291 108/145/108
vt 0.906779 0.801742
f 108/145/108 291/161/291 292/162/292
vt 0.910574 0.801800
f 108/145/108 292/162/292 136/163/136
f 108/145/108 136/163/136 109/146/109
vt 0.912885 0.801510
f 109/146/109 136/163/136 293/164/293
f 109/146/109 293/164/293 111/149/111
vt 0.913669 0.800860
f 111/149/111 293/164/293 294/165/294
f 71/88/71 137/3/137 85/86/85
f 85/86/85 137/3/137 13/27/13
f 85/86/85 13/27/13 138/110/138
f 138/110/138 13/27/13 139/25/139
f 138/110/138 139/25/139 83/108/83
f 83/108/83 139/25/139 141/23/141
f 83/108/83 141/23/141 140/106/140
f 140/106/140 141/23/141 12/21/12
f 140/106/140 12/21/12 155/105/155
f 155/105/155 12/21/12 34/20/34
vt 0.129290 0.806608
vt 0.129536 0.939825
f 142/166/142 29/37/29 144/167/144
f 144/167/144 29/37/29 143/11/143
vt 0.145531 0.939788
f 144/167/144 143/11/143 148/168/148
vt 0.856269 0.938231
f 148/168/148 143/11/143 146/169/146
vt 0.855961 0.773080
f 148/168/148 146/169/146 145/170/145
f 143/11/143 69/67/69 146/169/146
vt 0.872265 0.938194
f 146/169/146 69/67/69 756/171/756
f 756/171/756 69/67/69 63/85/63
vt 0.871989 0.790111
f 756/171/756 63/85/63 147/172/147
vt 0.145227 0.774731
f 145/170/145 151/173/151 148/168/148
vt 0.913677 0.800649
f 149/77/149 40/58/40 297/174/297
vt 0.913673 0.800757
f 297/174/297 40/58/40 296/175/296
f 296/175/296 40/58/40 111/149/111
f 296/175/296 111/149/111 294/165/294
f 64/47/64 137/3/137 150/136/150
f 150/136/150 137/3/137 71/88/71
vt 0.144854 0.772868
f 151/173/151 145/170/145 152/176/152
vt 0.855584 0.771217
f 152/176/152 145/170/145 749/177/749
vt 0.088523 0.821649
f 219/45/219 153/178/153 34/20/34
vt 0.088519 0.821843
f 34/20/34 153/178/153 154/179/154
f 34/20/34 154/179/154 155/105/155
f 155/105/155 154/179/154 156/117/156
vt 0.129136 0.923664
f 157/125/157 162/180/162 158/97/158
vt 0.145132 0.923628
f 158/97/158 162/180/162 159/181/159
vt 0.855866 0.922400
f 158/97/158 159/181/159 301/182/301
f 301/182/301 159/181/159 749/177/749
f 749/177/749 159/181/159 152/176/152
vt 0.128954 0.824948
f 157/125/157 228/183/228 162/180/162
f 158/97/158 301/182/301 101/126/101
vt 0.871862 0.922363
f 101/126/101 301/182/301 788/184/788
f 101/126/101 788/184/788 289/157/289
vt 0.871634 0.800279
f 289/157/289 788/184/788 288/185/288
vt 0.145659 0.939478
f 148/168/148 160/186/160 144/167/144
vt 0.129663 0.939514
f 144/167/144 160/186/160 225/187/225
vt 0.145780 0.936182
f 225/187/225 160/186/160 744/188/744
vt 0.129785 0.936219
f 225/187/225 744/188/744 161/189/161
vt 0.129898 0.929969
f 161/189/161 744/188/744 227/190/227
vt 0.145894 0.929932
f 744/188/744 743/191/743 227/190/227
vt 0.144934 0.907186
f 159/181/159 162/180/162 732/192/732
vt 0.128938 0.907223
f 732/192/732 162/180/162 163/193/163
vt 0.144736 0.885470
f 732/192/732 163/193/163 164/194/164
vt 0.128740 0.885507
f 164/194/164 163/193/163 230/195/230
vt 0.144542 0.858866
f 164/194/164 230/195/230 733/196/733
vt 0.128546 0.858903
f 733/196/733 230/195/230 233/197/233
vt 0.144355 0.827848
f 733/196/733 233/197/233 165/198/165
vt 0.128359 0.827885
f 165/198/165 233/197/233 166/199/166
vt 0.144179 0.792970
f 165/198/165 166/199/166 734/200/734
vt 0.128183 0.793006
f 734/200/734 166/199/166 235/201/235
vt 0.144016 0.754852
f 734/200/734 235/201/235 167/202/167
vt 0.128020 0.754889
f 167/202/167 235/201/235 236/203/236
vt 0.143870 0.714175
f 167/202/167 236/203/236 168/204/168
vt 0.127875 0.714211
f 168/204/168 236/203/236 169/205/169
vt 0.143743 0.671663
f 168/204/168 169/205/169 170/206/170
vt 0.127748 0.671699
f 170/206/170 169/205/169 171/207/171
vt 0.143638 0.628073
f 170/206/170 171/207/171 735/208/735
vt 0.127643 0.628110
f 735/208/735 171/207/171 172/209/172
vt 0.143556 0.584184
f 735/208/735 172/209/172 173/210/173
vt 0.127561 0.584220
f 173/210/173 172/209/172 239/211/239
vt 0.143499 0.540776
f 173/210/173 239/211/239 736/212/736
vt 0.127504 0.540813
f 736/212/736 239/211/239 241/213/241
vt 0.143468 0.498624
f 736/212/736 241/213/241 737/214/737
vt 0.127473 0.498661
f 737/214/737 241/213/241 245/215/245
vt 0.143463 0.458480
f 737/214/737 245/215/245 738/216/738
vt 0.127468 0.458516
f 738/216/738 245/215/245 246/217/246
vt 0.143485 0.421057
f 738/216/738 246/217/246 739/218/739
vt 0.127489 0.421094
f 739/218/739 246/217/246 175/219/175
vt 0.143533 0.387024
f 739/218/739 175/219/175 174/220/174
vt 0.127537 0.387061
f 174/220/174 175/219/175 176/221/176
vt 0.143606 0.356987
f 174/220/174 176/221/176 740/222/740
vt 0.127610 0.357024
f 740/222/740 176/221/176 248/223/248
vt 0.143703 0.331482
f 740/222/740 248/223/248 178/224/178
vt 0.127707 0.331518
f 178/224/178 248/223/248 177/225/177
vt 0.143822 0.310962
f 178/224/178 177/225/177 741/226/741
vt 0.127826 0.310999
f 741/226/741 177/225/177 180/227/180
vt 0.143961 0.295794
f 741/226/741 180/227/180 179/228/179
vt 0.127966 0.295831
f 179/228/179 180/227/180 252/229/252
vt 0.144118 0.286248
f 179/228/179 252/229/252 181/230/181
vt 0.128122 0.286285
f 181/230/181 252/229/252 253/231/253
vt 0.144290 0.282495
f 181/230/181 253/231/253 742/232/742
vt 0.128294 0.282532
f 742/232/742 253/231/253 254/233/254
vt 0.144473 0.284600
f 742/232/742 254/233/254 182/234/182
vt 0.128477 0.284637
f 182/234/182 254/233/254 183/235/183
vt 0.144665 0.292527
f 182/234/182 183/235/183 721/236/721
vt 0.128669 0.292564
f 721/236/721 183/235/183 257/237/257
vt 0.039820 0.601634
vt 0.127827 0.623239
vt 0.039873 0.635530
f 333/238/333 240/239/240 331/240/331
vt 0.127895 0.656665
f 331/240/331 240/239/240 238/241/238
vt 0.039951 0.669426
f 331/240/331 238/241/238 184/242/184
vt 0.127985 0.689429
f 184/242/184 238/241/238 237/243/237
vt 0.040051 0.702232
f 184/242/184 237/243/237 185/244/185
vt 0.128096 0.720515
f 185/244/185 237/243/237 186/245/186
vt 0.040170 0.732895
f 185/244/185 186/245/186 364/246/364
vt 0.128222 0.748957
f 364/246/364 186/245/186 234/247/234
vt 0.040305 0.760429
f 364/246/364 234/247/234 187/248/187
vt 0.128362 0.773875
f 187/248/187 234/247/234 232/249/232
vt 0.040451 0.783947
f 187/248/187 232/249/232 363/250/363
vt 0.128509 0.794495
f 363/250/363 232/249/232 188/251/188
vt 0.040604 0.802696
f 363/250/363 188/251/188 362/252/362
vt 0.128660 0.810176
f 362/252/362 188/251/188 231/253/231
vt 0.040757 0.816072
f 362/252/362 231/253/231 189/254/189
vt 0.128810 0.820434
f 189/254/189 231/253/231 229/255/229
vt 0.040908 0.823645
f 189/254/189 229/255/229 190/256/190
f 190/256/190 229/255/229 157/125/157
f 190/256/190 157/125/157 100/124/100
vt 0.127784 0.590188
f 240/239/240 333/238/333 242/257/242
vt 0.039794 0.568828
f 242/257/242 333/238/333 334/258/334
vt 0.127767 0.558537
f 242/257/242 334/258/334 243/259/243
vt 0.039795 0.538165
f 243/259/243 334/258/334 191/260/191
vt 0.127777 0.529269
f 243/259/243 191/260/191 244/261/244
vt 0.039824 0.510632
f 244/261/244 191/260/191 192/262/192
vt 0.127813 0.503291
f 244/261/244 192/262/192 247/263/247
vt 0.039879 0.487113
f 247/263/247 192/262/192 337/264/337
vt 0.127874 0.481409
f 247/263/247 337/264/337 193/265/193
vt 0.039959 0.468364
f 193/265/193 337/264/337 338/266/338
vt 0.127958 0.464302
f 193/265/193 338/266/338 249/267/249
vt 0.040061 0.454988
f 249/267/249 338/266/338 340/268/340
vt 0.128064 0.452501
f 249/267/249 340/268/340 250/269/250
vt 0.040182 0.447415
f 250/269/250 340/268/340 342/270/342
vt 0.128186 0.446371
f 250/269/250 342/270/342 251/271/251
vt 0.040318 0.445888
f 251/271/251 342/270/342 194/272/194
vt 0.128322 0.446104
f 251/271/251 194/272/194 195/273/195
vt 0.040465 0.450456
f 195/273/195 194/272/194 196/274/196
vt 0.128468 0.451707
f 195/273/195 196/274/196 197/275/197
vt 0.040618 0.460973
f 197/275/197 196/274/196 343/276/343
vt 0.128619 0.463006
f 197/275/197 343/276/343 255/277/255
vt 0.040771 0.477100
f 255/277/255 343/276/343 198/278/198
vt 0.128769 0.479652
f 255/277/255 198/278/198 256/279/256
vt 0.040921 0.498320
f 256/279/256 198/278/198 199/280/199
vt 0.128915 0.501126
f 256/279/256 199/280/199 200/281/200
vt 0.041062 0.523949
f 200/281/200 199/280/199 201/282/201
vt 0.129053 0.526764
f 200/281/200 201/282/201 202/283/202
vt 0.041190 0.553165
f 202/283/202 201/282/201 203/284/203
vt 0.129177 0.555771
f 202/283/202 203/284/203 706/285/706
vt 0.041300 0.585027
f 706/285/706 203/284/203 349/286/349
vt 0.129282 0.586623
f 706/285/706 349/286/349 204/287/204
vt 0.041390 0.618514
f 204/287/204 349/286/349 205/288/205
vt 0.129367 0.618929
f 204/287/204 205/288/205 206/289/206
vt 0.041455 0.652547
f 206/289/206 205/288/205 207/290/207
vt 0.129430 0.651725
f 206/289/206 207/290/207 208/291/208
vt 0.129469 0.684031
f 208/291/208 207/290/207 707/292/707
vt 0.041495 0.686033
f 707/292/707 207/290/207 352/293/352
vt 0.129483 0.714884
f 707/292/707 352/293/352 209/294/209
vt 0.041508 0.717895
f 209/294/209 352/293/352 353/295/353
vt 0.129472 0.743388
f 209/294/209 353/295/353 210/296/210
vt 0.041492 0.747111
f 210/296/210 353/295/353 355/297/355
vt 0.129435 0.768660
f 210/296/210 355/297/355 226/298/226
vt 0.041450 0.772740
f 226/298/226 355/297/355 211/299/211
vt 0.129374 0.789946
f 226/298/226 211/299/211 212/300/212
vt 0.041382 0.793960
f 212/300/212 211/299/211 213/301/213
f 212/300/212 213/301/213 29/37/29
vt 0.041291 0.810087
f 29/37/29 213/301/213 214/302/214
f 29/37/29 214/302/214 30/38/30
f 30/38/30 214/302/214 215/39/215
f 215/39/215 214/302/214 216/40/216
f 216/40/216 214/302/214 31/41/31
f 31/41/31 214/302/214 217/42/217
vt 0.041179 0.820604
f 217/42/217 214/302/214 220/303/220
f 217/42/217 220/303/220 218/43/218
f 218/43/218 220/303/220 33/44/33
f 33/44/33 220/303/220 219/45/219
f 219/45/219 220/303/220 153/178/153
f 153/178/153 220/303/220 154/179/154
f 154/179/154 220/303/220 156/117/156
f 156/117/156 220/303/220 221/118/221
vt 0.041050 0.825172
f 221/118/221 220/303/220 222/304/222
f 221/118/221 222/304/222 96/119/96
f 96/119/96 222/304/222 97/120/97
f 97/120/97 222/304/222 223/121/223
f 223/121/223 222/304/222 224/122/224
f 224/122/224 222/304/222 190/256/190
f 224/122/224 190/256/190 99/123/99
f 99/123/99 190/256/190 100/124/100
f 228/183/228 157/125/157 229/255/229
f 29/37/29 142/166/142 212/300/212
f 144/167/144 225/187/225 142/166/142
f 142/166/142 225/187/225 212/300/212
f 212/300/212 225/187/225 161/189/161
f 212/300/212 161/189/161 226/298/226
f 226/298/226 161/189/161 227/190/227
f 226/298/226 227/190/227 210/296/210
f 210/296/210 227/190/227 209/294/209
f 162/180/162 228/183/228 163/193/163
f 163/193/163 228/183/228 229/255/229
f 163/193/163 229/255/229 230/195/230
f 230/195/230 229/255/229 231/253/231
f 230/195/230 231/253/231 188/251/188
f 230/195/230 188/251/188 233/197/233
f 233/197/233 188/251/188 232/249/232
f 233/197/233 232/249/232 166/199/166
f 166/199/166 232/249/232 234/247/234
f 166/199/166 234/247/234 235/201/235
f 235/201/235 234/247/234 186/245/186
f 235/201/235 186/245/186 236/203/236
f 236/203/236 186/245/186 237/243/237
f 236/203/236 237/243/237 169/205/169
f 169/205/169 237/243/237 238/241/238
f 169/205/169 238/241/238 171/207/171
f 171/207/171 238/241/238 172/209/172
f 172/209/172 238/241/238 240/239/240
f 172/209/172 240/239/240 239/211/239
f 239/211/239 240/239/240 242/257/242
f 239/211/239 242/257/242 241/213/241
f 241/213/241 242/257/242 243/259/243
f 241/213/241 243/259/243 245/215/245
f 245/215/245 243/259/243 244/261/244
f 245/215/245 244/261/244 246/217/246
f 246/217/246 244/261/244 247/263/247
f 246/217/246 247/263/247 175/219/175
f 175/219/175 247/263/247 176/221/176
f 176/221/176 247/263/247 193/265/193
f 176/221/176 193/265/193 248/223/248
f 248/223/248 193/265/193 249/267/249
f 248/223/248 249/267/249 177/225/177
f 177/225/177 249/267/249 250/269/250
f 177/225/177 250/269/250 180/227/180
f 180/227/180 250/269/250 251/271/251
f 180/227/180 251/271/251 252/229/252
f 252/229/252 251/271/251 195/273/195
f 252/229/252 195/273/195 253/231/253
f 253/231/253 195/273/195 197/275/197
f 253/231/253 197/275/197 254/233/254
f 254/233/254 197/275/197 255/277/255
f 254/233/254 255/277/255 183/235/183
f 183/235/183 255/277/255 256/279/256
f 183/235/183 256/279/256 257/237/257
f 257/237/257 256/279/256 200/281/200
f 257/237/257 200/281/200 202/283/202
f 202/283/202 706/285/706 257/237/257
vt 0.958640 0.645762
vt 0.870599 0.618582
vt 0.958561 0.611866
f 518/305/518 259/306/259 258/307/258
vt 0.870541 0.585320
f 258/307/258 259/306/259 260/308/260
vt 0.958508 0.577970
f 258/307/258 260/308/260 261/309/261
vt 0.870509 0.552882
f 261/309/261 260/308/260 262/310/262
vt 0.958481 0.545163
f 261/309/261 262/310/262 551/311/551
vt 0.870503 0.522266
f 551/311/551 262/310/262 778/312/778
vt 0.958482 0.514500
f 551/311/551 778/312/778 264/313/264
vt 0.870525 0.494415
f 264/313/264 778/312/778 263/314/263
vt 0.958511 0.486967
f 264/313/264 263/314/263 549/315/549
vt 0.870572 0.470186
f 549/315/549 263/314/263 265/316/265
vt 0.958567 0.463448
f 549/315/549 265/316/265 548/317/548
vt 0.870643 0.450326
f 548/317/548 265/316/265 267/318/267
vt 0.958647 0.444699
f 548/317/548 267/318/267 266/319/266
vt 0.870737 0.435447
f 266/319/266 267/318/267 776/320/776
vt 0.958751 0.431324
f 266/319/266 776/320/776 546/321/546
vt 0.870851 0.426005
f 546/321/546 776/320/776 775/322/775
vt 0.958873 0.423751
f 546/321/546 775/322/775 545/323/545
vt 0.870980 0.422292
f 545/323/545 775/322/775 772/324/772
vt 0.959010 0.422224
f 545/323/545 772/324/772 268/325/268
vt 0.871121 0.424422
f 268/325/268 772/324/772 269/326/269
vt 0.959158 0.426792
f 268/325/268 269/326/269 270/327/270
vt 0.871270 0.432330
f 270/327/270 269/326/269 770/328/770
vt 0.959312 0.437309
f 270/327/270 770/328/770 542/329/542
vt 0.871423 0.445772
f 542/329/542 770/328/770 769/330/769
vt 0.959468 0.453436
f 542/329/542 769/330/769 271/331/271
vt 0.871573 0.464334
f 271/331/271 769/330/769 768/332/768
vt 0.959619 0.474655
f 271/331/271 768/332/768 540/333/540
vt 0.871717 0.487444
f 540/333/540 768/332/768 272/334/272
vt 0.959761 0.500284
f 540/333/540 272/334/272 273/335/273
vt 0.871851 0.514392
f 273/335/273 272/334/272 766/336/766
vt 0.959890 0.529500
f 273/335/273 766/336/766 274/337/274
vt 0.871969 0.544348
f 274/337/274 766/336/766 765/338/765
vt 0.960002 0.561363
f 274/337/274 765/338/765 537/339/537
vt 0.872069 0.576388
f 537/339/537 765/338/765 275/340/275
vt 0.960092 0.594849
f 537/339/537 275/340/275 535/341/535
vt 0.872148 0.609527
f 535/341/535 275/340/275 276/342/276
vt 0.960159 0.628882
f 535/341/535 276/342/276 534/343/534
vt 0.872202 0.642745
f 534/343/534 276/342/276 764/344/764
vt 0.960199 0.662368
f 534/343/534 764/344/764 533/345/533
vt 0.872231 0.675018
f 533/345/533 764/344/764 763/346/763
vt 0.960212 0.694231
f 533/345/533 763/346/763 532/347/532
vt 0.872234 0.705353
f 532/347/532 763/346/763 277/348/277
vt 0.960197 0.723447
f 532/347/532 277/348/277 278/349/278
vt 0.872210 0.732816
f 278/349/278 277/348/277 762/350/762
vt 0.960154 0.749076
f 278/349/278 762/350/762 529/351/529
vt 0.872159 0.756561
f 529/351/529 762/350/762 761/352/761
vt 0.960086 0.770295
f 529/351/529 761/352/761 279/353/279
vt 0.872085 0.775857
f 279/353/279 761/352/761 760/354/760
vt 0.959994 0.786422
f 279/353/279 760/354/760 527/355/527
f 527/355/527 760/354/760 147/172/147
f 527/355/527 147/172/147 63/85/63
vt 0.870680 0.651643
f 259/306/259 518/305/518 781/356/781
vt 0.958742 0.678568
f 781/356/781 518/305/518 280/357/280
vt 0.870782 0.683487
f 781/356/781 280/357/280 281/358/281
vt 0.958862 0.709231
f 281/358/281 280/357/280 282/359/282
vt 0.870903 0.713131
f 281/358/281 282/359/282 783/360/783
vt 0.958999 0.736764
f 783/360/783 282/359/282 519/361/519
vt 0.871038 0.739664
f 783/360/783 519/361/519 784/362/784
vt 0.959146 0.760283
f 784/362/784 519/361/519 522/363/522
vt 0.871183 0.762268
f 784/362/784 522/363/522 283/364/283
vt 0.959300 0.779032
f 283/364/283 522/363/522 284/365/284
vt 0.871334 0.780248
f 283/364/283 284/365/284 285/366/285
vt 0.959455 0.792407
f 285/366/285 284/365/284 286/367/286
vt 0.871486 0.793049
f 285/366/285 286/367/286 787/368/787
vt 0.959607 0.799981
f 787/368/787 286/367/286 287/369/287
f 787/368/787 287/369/287 288/185/288
f 288/185/288 287/369/287 289/157/289
f 289/157/289 287/369/287 290/158/290
f 290/158/290 287/369/287 133/159/133
f 133/159/133 287/369/287 134/160/134
f 134/160/134 287/369/287 291/161/291
f 291/161/291 287/369/287 292/162/292
vt 0.959750 0.801507
f 292/162/292 287/369/287 295/370/295
f 292/162/292 295/370/295 136/163/136
f 136/163/136 295/370/295 293/164/293
f 293/164/293 295/370/295 294/165/294
f 294/165/294 295/370/295 296/175/296
f 296/175/296 295/370/295 297/174/297
f 297/174/297 295/370/295 149/77/149
vt 0.959881 0.796939
f 149/77/149 295/370/295 525/371/525
f 149/77/149 525/371/525 58/78/58
f 58/78/58 525/371/525 59/79/59
f 59/79/59 525/371/525 298/80/298
f 298/80/298 525/371/525 299/81/299
f 299/81/299 525/371/525 527/355/527
f 299/81/299 527/355/527 61/82/61
f 61/82/61 527/355/527 62/83/62
f 62/83/62 527/355/527 300/84/300
f 300/84/300 527/355/527 63/85/63
vt 0.871661 0.906007
f 788/184/788 301/182/301 302/372/302
vt 0.855666 0.906044
f 302/372/302 301/182/301 755/373/755
vt 0.871461 0.884334
f 302/372/302 755/373/755 786/374/786
vt 0.855465 0.884371
f 786/374/786 755/373/755 754/375/754
vt 0.871263 0.857732
f 786/374/786 754/375/754 785/376/785
vt 0.855268 0.857769
f 785/376/785 754/375/754 303/377/303
vt 0.871074 0.826677
f 785/376/785 303/377/303 304/378/304
vt 0.855078 0.826713
f 304/378/304 303/377/303 305/379/305
vt 0.870895 0.791724
f 304/378/304 305/379/305 306/380/306
vt 0.854899 0.791761
f 306/380/306 305/379/305 753/381/753
vt 0.870729 0.753499
f 306/380/306 753/381/753 782/382/782
vt 0.854734 0.753536
f 782/382/782 753/381/753 307/383/307
vt 0.870581 0.712687
f 782/382/782 307/383/307 308/384/308
vt 0.854585 0.712723
f 308/384/308 307/383/307 309/385/309
vt 0.870452 0.670017
f 308/384/308 309/385/309 780/386/780
vt 0.854456 0.670054
f 780/386/780 309/385/309 310/387/310
vt 0.870345 0.626254
f 780/386/780 310/387/310 311/388/311
vt 0.854349 0.626291
f 311/388/311 310/387/310 752/389/752
vt 0.870261 0.582181
f 311/388/311 752/389/752 312/390/312
vt 0.854266 0.582218
f 312/390/312 752/389/752 313/391/313
vt 0.870203 0.538586
f 312/390/312 313/391/313 779/392/779
vt 0.854208 0.538623
f 779/392/779 313/391/313 315/393/315
vt 0.870171 0.496251
f 779/392/779 315/393/315 314/394/314
vt 0.854176 0.496288
f 314/394/314 315/393/315 316/395/316
vt 0.870166 0.455932
f 314/394/314 316/395/316 317/396/317
vt 0.854171 0.455969
f 317/396/317 316/395/316 751/397/751
vt 0.870188 0.418352
f 317/396/317 751/397/751 777/398/777
vt 0.854192 0.418389
f 777/398/777 751/397/751 750/399/750
vt 0.870236 0.384182
f 777/398/777 750/399/750 318/400/318
vt 0.854240 0.384219
f 318/400/318 750/399/750 319/401/319
vt 0.870310 0.354035
f 318/400/318 319/401/319 320/402/320
vt 0.854314 0.354072
f 320/402/320 319/401/319 322/403/322
vt 0.870408 0.328450
f 320/402/320 322/403/322 321/404/321
vt 0.854413 0.328487
f 321/404/321 322/403/322 323/405/323
vt 0.870529 0.307885
f 321/404/321 323/405/323 774/406/774
vt 0.854533 0.307923
f 774/406/774 323/405/323 324/407/324
vt 0.870670 0.292709
f 774/406/774 324/407/324 773/408/773
vt 0.854675 0.292746
f 773/408/773 324/407/324 748/409/748
vt 0.870829 0.283192
f 773/408/773 748/409/748 325/410/325
vt 0.854834 0.283229
f 325/410/325 748/409/748 326/411/326
vt 0.871003 0.279505
f 325/410/325 326/411/326 771/412/771
vt 0.855008 0.279543
f 771/412/771 326/411/326 327/413/327
vt 0.871190 0.281715
f 771/412/771 327/413/327 328/414/328
vt 0.855194 0.281752
f 328/414/328 327/413/327 747/415/747
vt 0.871384 0.289781
f 328/414/328 747/415/747 329/416/329
vt 0.855389 0.289818
f 329/416/329 747/415/747 330/417/330
vt 0.027580 0.660755
f 184/242/184 447/418/447 331/240/331
vt 0.027509 0.627139
f 331/240/331 447/418/447 332/419/332
f 331/240/331 332/419/332 333/238/333
vt 0.027463 0.593795
f 333/238/333 332/419/332 335/420/335
f 333/238/333 335/420/335 334/258/334
vt 0.027444 0.561742
f 334/258/334 335/420/335 449/421/449
f 334/258/334 449/421/449 191/260/191
vt 0.027452 0.532160
f 191/260/191 449/421/449 336/422/336
f 191/260/191 336/422/336 192/262/192
vt 0.027487 0.505852
f 192/262/192 336/422/336 451/423/451
f 192/262/192 451/423/451 337/264/337
vt 0.027548 0.483713
f 337/264/337 451/423/451 379/424/379
f 337/264/337 379/424/379 338/266/338
vt 0.027633 0.466454
f 338/266/338 379/424/379 339/425/339
f 338/266/338 339/425/339 340/268/340
vt 0.027739 0.454630
f 340/268/340 339/425/339 341/426/341
f 340/268/340 341/426/341 342/270/342
vt 0.027863 0.448621
f 342/270/342 341/426/341 387/427/387
f 342/270/342 387/427/387 194/272/194
vt 0.028000 0.448621
f 194/272/194 387/427/387 396/428/396
f 194/272/194 396/428/396 196/274/196
vt 0.028147 0.454629
f 196/274/196 396/428/396 398/429/398
f 196/274/196 398/429/398 343/276/343
vt 0.028299 0.466452
f 343/276/343 398/429/398 344/430/344
f 343/276/343 344/430/344 198/278/198
vt 0.028450 0.483711
f 198/278/198 344/430/344 345/431/345
f 198/278/198 345/431/345 199/280/199
vt 0.028597 0.505849
f 199/280/199 345/431/345 346/432/346
f 199/280/199 346/432/346 201/282/201
vt 0.028733 0.532157
f 201/282/201 346/432/346 347/433/347
f 201/282/201 347/433/347 203/284/203
vt 0.028856 0.561789
f 203/284/203 347/433/347 348/434/348
f 203/284/203 348/434/348 349/286/349
vt 0.028960 0.593791
f 349/286/349 348/434/348 350/435/350
f 349/286/349 350/435/350 205/288/205
vt 0.029042 0.627136
f 205/288/205 350/435/350 351/436/351
f 205/288/205 351/436/351 207/290/207
vt 0.029101 0.660751
f 207/290/207 351/436/351 491/437/491
f 207/290/207 491/437/491 352/293/352
vt 0.029134 0.693557
f 352/293/352 491/437/491 489/438/489
f 352/293/352 489/438/489 353/295/353
vt 0.029139 0.724499
f 353/295/353 489/438/489 354/439/354
f 353/295/353 354/439/354 355/297/355
vt 0.029118 0.752582
f 355/297/355 354/439/354 484/440/484
f 355/297/355 484/440/484 211/299/211
vt 0.029070 0.776904
f 211/299/211 484/440/484 356/441/356
f 211/299/211 356/441/356 213/301/213
vt 0.028996 0.796683
f 213/301/213 356/441/356 422/442/422
f 213/301/213 422/442/422 214/302/214
vt 0.028900 0.811283
f 214/302/214 422/442/422 428/443/428
f 214/302/214 428/443/428 220/303/220
vt 0.028785 0.820235
f 220/303/220 428/443/428 357/444/357
f 220/303/220 357/444/357 222/304/222
vt 0.028654 0.823252
f 222/304/222 357/444/357 358/445/358
f 222/304/222 358/445/358 190/256/190
vt 0.028511 0.820236
f 190/256/190 358/445/358 359/446/359
f 190/256/190 359/446/359 189/254/189
vt 0.028361 0.811284
f 189/254/189 359/446/359 360/447/360
f 189/254/189 360/447/360 362/252/362
vt 0.028209 0.796684
f 362/252/362 360/447/360 361/448/361
f 362/252/362 361/448/361 363/250/363
vt 0.028059 0.776906
f 363/250/363 361/448/361 463/449/463
f 363/250/363 463/449/463 187/248/187
vt 0.027918 0.752585
f 187/248/187 463/449/463 461/450/461
f 187/248/187 461/450/461 364/246/364
vt 0.027787 0.724502
f 364/246/364 461/450/461 460/451/460
f 364/246/364 460/451/460 185/244/185
vt 0.027674 0.693560
f 185/244/185 460/451/460 457/452/457
f 185/244/185 457/452/457 184/242/184
f 184/242/184 457/452/457 447/418/447
vt 0.000018 0.606210
vt 0.001951 0.628458
vt 0.000063 0.635622
f 374/453/374 466/454/466 365/455/365
vt 0.002012 0.657046
f 365/455/365 466/454/466 465/456/465
vt 0.000132 0.665034
f 365/455/365 465/456/465 507/457/507
vt 0.002092 0.684945
f 507/457/507 465/456/465 476/458/476
vt 0.000222 0.693242
f 507/457/507 476/458/476 366/459/366
vt 0.002188 0.711259
f 366/459/366 476/458/476 367/460/367
vt 0.000331 0.719091
f 366/459/366 367/460/367 368/461/368
vt 0.002299 0.735141
f 368/461/368 367/460/367 478/462/478
vt 0.000453 0.741522
f 368/461/368 478/462/478 369/463/369
vt 0.002420 0.755825
f 369/463/369 478/462/478 479/464/479
vt 0.000583 0.759618
f 369/463/369 479/464/479 371/465/371
vt 0.002547 0.772645
f 371/465/371 479/464/479 370/466/370
vt 0.000717 0.772638
f 371/465/371 370/466/370 372/467/372
vt 0.002676 0.785061
f 372/467/372 370/466/370 481/468/481
vt 0.002804 0.792674
f 372/467/372 481/468/481 446/469/446
vt 0.008361 0.796460
f 446/469/446 481/468/481 475/470/475
vt 0.008498 0.804654
f 446/469/446 475/470/475 444/471/444
vt 0.017211 0.805495
f 444/471/444 475/470/475 464/472/464
vt 0.017356 0.814151
f 444/471/444 464/472/464 373/473/373
f 373/473/373 464/472/464 360/447/360
f 373/473/373 360/447/360 359/446/359
vt 0.001912 0.600100
f 466/454/466 374/453/374 375/474/375
vt 0.000000 0.578003
f 375/474/375 374/453/374 376/475/376
vt 0.001896 0.572713
f 375/474/375 376/475/376 377/476/377
vt 0.001903 0.547684
f 377/476/377 376/475/376 381/477/381
vt 0.007528 0.540956
f 377/476/377 381/477/381 456/478/456
vt 0.007561 0.516874
f 456/478/456 381/477/381 383/479/383
vt 0.016366 0.510169
f 456/478/456 383/479/383 378/480/378
vt 0.016425 0.488763
f 378/480/378 383/479/383 380/481/380
f 378/480/378 380/481/380 379/424/379
f 379/424/379 380/481/380 339/425/339
vt 0.000009 0.552154
f 376/475/376 508/482/508 381/477/381
vt 0.001933 0.525310
f 381/477/381 508/482/508 382/483/382
f 381/477/381 382/483/382 383/479/383
vt 0.007616 0.496608
f 383/479/383 382/483/382 384/484/384
f 383/479/383 384/484/384 380/481/380
vt 0.016507 0.472075
f 380/481/380 384/484/384 386/485/386
f 380/481/380 386/485/386 339/425/339
f 339/425/339 386/485/386 341/426/341
vt 0.000044 0.529722
f 508/482/508 509/486/509 382/483/382
vt 0.001985 0.506482
f 382/483/382 509/486/509 385/487/385
f 382/483/382 385/487/385 384/484/384
vt 0.007694 0.480810
f 384/484/384 385/487/385 389/488/389
f 384/484/384 389/488/389 386/485/386
vt 0.016609 0.460642
f 386/485/386 389/488/389 392/489/392
f 386/485/386 392/489/392 341/426/341
f 341/426/341 392/489/392 387/427/387
vt 0.000105 0.511626
f 509/486/509 388/490/388 385/487/385
vt 0.002057 0.491804
f 385/487/385 388/490/388 390/491/390
f 385/487/385 390/491/390 389/488/389
vt 0.007791 0.469987
f 389/488/389 390/491/390 394/492/394
f 389/488/389 394/492/394 392/489/392
vt 0.016729 0.454832
f 392/489/392 394/492/394 391/493/391
f 392/489/392 391/493/391 387/427/387
f 387/427/387 391/493/391 396/428/396
vt 0.000188 0.498607
f 388/490/388 399/494/399 390/491/390
vt 0.002147 0.481749
f 390/491/390 399/494/399 393/495/393
f 390/491/390 393/495/393 394/492/394
vt 0.007904 0.464486
f 394/492/394 393/495/393 395/496/395
f 394/492/394 395/496/395 391/493/391
vt 0.016862 0.454832
f 391/493/391 395/496/395 397/497/397
f 391/493/391 397/497/397 396/428/396
f 396/428/396 397/497/397 398/429/398
vt 0.000291 0.491197
f 399/494/399 510/498/510 393/495/393
vt 0.002252 0.476639
f 393/495/393 510/498/510 400/499/400
f 393/495/393 400/499/400 395/496/395
vt 0.008030 0.464486
f 395/496/395 400/499/400 402/500/402
f 395/496/395 402/500/402 397/497/397
vt 0.017004 0.460641
f 397/497/397 402/500/402 404/501/404
f 397/497/397 404/501/404 398/429/398
f 398/429/398 404/501/404 344/430/344
vt 0.000409 0.489699
f 510/498/510 512/502/512 400/499/400
vt 0.002369 0.476639
f 400/499/400 512/502/512 401/503/401
f 400/499/400 401/503/401 402/500/402
vt 0.008165 0.469986
f 402/500/402 401/503/401 403/504/403
f 402/500/402 403/504/403 404/501/404
vt 0.017151 0.472073
f 404/501/404 403/504/403 405/505/405
f 404/501/404 405/505/405 344/430/344
f 344/430/344 405/505/405 345/431/345
vt 0.000537 0.494176
f 512/502/512 513/506/513 401/503/401
vt 0.002494 0.481748
f 401/503/401 513/506/513 406/507/406
f 401/503/401 406/507/406 403/504/403
vt 0.008304 0.480808
f 403/504/403 406/507/406 408/508/408
f 403/504/403 408/508/408 405/505/405
vt 0.017297 0.488760
f 405/505/405 408/508/408 407/509/407
f 405/505/405 407/509/407 345/431/345
f 345/431/345 407/509/407 346/432/346
vt 0.000670 0.504443
f 513/506/513 411/510/411 406/507/406
vt 0.002623 0.491803
f 406/507/406 411/510/411 506/511/506
f 406/507/406 506/511/506 408/508/408
vt 0.008442 0.496606
f 408/508/408 506/511/506 409/512/409
f 408/508/408 409/512/409 407/509/407
vt 0.017439 0.510167
f 407/509/407 409/512/409 410/513/410
f 407/509/407 410/513/410 346/432/346
f 346/432/346 410/513/410 347/433/347
vt 0.002752 0.506480
f 506/511/506 411/510/411 505/514/505
vt 0.000803 0.520082
f 505/514/505 411/510/411 514/515/514
vt 0.002876 0.525308
f 505/514/505 514/515/514 502/516/502
vt 0.000930 0.540450
f 502/516/502 514/515/514 412/517/412
vt 0.002993 0.547681
f 502/516/502 412/517/412 499/518/499
vt 0.001046 0.564714
f 499/518/499 412/517/412 413/519/413
vt 0.003097 0.572881
f 499/518/499 413/519/413 498/520/498
vt 0.001146 0.591882
f 498/520/498 413/519/413 516/521/516
vt 0.003185 0.600097
f 498/520/498 516/521/516 495/522/495
vt 0.001226 0.620840
f 495/522/495 516/521/516 414/523/414
vt 0.003256 0.628455
f 495/522/495 414/523/414 415/524/415
vt 0.001283 0.650404
f 415/524/415 414/523/414 416/525/416
vt 0.003306 0.657043
f 415/524/415 416/525/416 487/526/487
vt 0.001315 0.679362
f 487/526/487 416/525/416 515/527/515
vt 0.003333 0.684942
f 487/526/487 515/527/515 417/528/417
vt 0.003338 0.711256
f 417/528/417 515/527/515 418/529/418
vt 0.009073 0.717019
f 417/528/417 418/529/418 483/530/483
vt 0.009053 0.742725
f 483/530/483 418/529/418 419/531/419
vt 0.017943 0.748736
f 483/530/483 419/531/419 420/532/420
vt 0.017896 0.772253
f 420/532/420 419/531/419 421/533/421
f 420/532/420 421/533/421 356/441/356
f 356/441/356 421/533/421 422/442/422
vt 0.001319 0.706530
f 515/527/515 423/534/423 418/529/418
vt 0.003320 0.735139
f 418/529/418 423/534/423 424/535/424
f 418/529/418 424/535/424 419/531/419
vt 0.009009 0.764989
f 419/531/419 424/535/424 425/536/425
f 419/531/419 425/536/425 421/533/421
vt 0.017825 0.791377
f 421/533/421 425/536/425 427/537/427
f 421/533/421 427/537/427 422/442/422
f 422/442/422 427/537/427 428/443/428
vt 0.001297 0.730794
f 423/534/423 429/538/429 424/535/424
vt 0.003279 0.755823
f 424/535/424 429/538/429 426/539/426
f 424/535/424 426/539/426 425/536/425
vt 0.008942 0.783094
f 425/536/425 426/539/426 430/540/430
f 425/536/425 430/540/430 427/537/427
vt 0.017733 0.805494
f 427/537/427 430/540/430 433/541/433
f 427/537/427 433/541/433 428/443/428
f 428/443/428 433/541/433 357/444/357
vt 0.001249 0.751163
f 429/538/429 434/542/434 426/539/426
vt 0.003216 0.772644
f 426/539/426 434/542/434 435/543/435
f 426/539/426 435/543/435 430/540/430
vt 0.008854 0.796459
f 430/540/430 435/543/435 431/544/431
f 430/540/430 431/544/431 433/541/433
vt 0.017621 0.814150
f 433/541/433 431/544/431 432/545/432
f 433/541/433 432/545/432 357/444/357
f 357/444/357 432/545/432 358/445/358
vt 0.001176 0.766801
f 434/542/434 436/546/436 435/543/435
vt 0.003135 0.785060
f 435/543/435 436/546/436 437/547/437
f 435/543/435 437/547/437 431/544/431
vt 0.008749 0.804653
f 431/544/431 437/547/437 438/548/438
f 431/544/431 438/548/438 432/545/432
vt 0.017494 0.817067
f 432/545/432 438/548/438 439/549/439
f 432/545/432 439/549/439 358/445/358
f 358/445/358 439/549/439 359/446/359
vt 0.001083 0.777068
f 436/546/436 440/550/440 437/547/437
vt 0.003037 0.792674
f 437/547/437 440/550/440 442/551/442
f 437/547/437 442/551/442 438/548/438
vt 0.008629 0.807415
f 438/548/438 442/551/442 441/552/441
f 438/548/438 441/552/441 439/549/439
f 439/549/439 441/552/441 373/473/373
f 439/549/439 373/473/373 359/446/359
vt 0.000972 0.781545
f 440/550/440 511/553/511 442/551/442
vt 0.002925 0.795239
f 442/551/442 511/553/511 443/554/443
f 442/551/442 443/554/443 441/552/441
f 441/552/441 443/554/443 444/471/444
f 441/552/441 444/471/444 373/473/373
vt 0.000848 0.780048
f 511/553/511 445/555/445 443/554/443
f 443/554/443 445/555/445 446/469/446
f 443/554/443 446/469/446 444/471/444
f 445/555/445 372/467/372 446/469/446
vt 0.016456 0.659947
f 447/418/447 469/556/469 332/419/332
vt 0.016387 0.627444
f 332/419/332 469/556/469 453/557/453
f 332/419/332 453/557/453 335/420/335
vt 0.016343 0.595202
f 335/420/335 453/557/453 448/558/448
f 335/420/335 448/558/448 449/421/449
vt 0.016324 0.564161
f 449/421/449 448/558/448 450/559/450
f 449/421/449 450/559/450 336/422/336
vt 0.016332 0.535607
f 336/422/336 450/559/450 452/560/452
f 336/422/336 452/560/452 451/423/451
f 451/423/451 452/560/452 378/480/378
f 451/423/451 378/480/378 379/424/379
vt 0.007646 0.658669
f 469/556/469 468/561/468 453/557/453
vt 0.007581 0.627898
f 453/557/453 468/561/468 454/562/454
f 453/557/453 454/562/454 448/558/448
vt 0.007539 0.597375
f 448/558/448 454/562/454 467/563/467
f 448/558/448 467/563/467 450/559/450
vt 0.007521 0.567942
f 450/559/450 467/563/467 455/564/455
f 450/559/450 455/564/455 452/560/452
f 452/560/452 455/564/455 456/478/456
f 452/560/452 456/478/456 378/480/378
vt 0.016547 0.691667
f 469/556/469 447/418/447 458/565/458
f 458/565/458 447/418/447 457/452/457
vt 0.016657 0.721585
f 458/565/458 457/452/457 459/566/459
f 459/566/459 457/452/457 460/451/460
vt 0.016782 0.748738
f 459/566/459 460/451/460 472/567/472
f 472/567/472 460/451/460 461/450/461
vt 0.016919 0.772255
f 472/567/472 461/450/461 462/568/462
f 462/568/462 461/450/461 463/449/463
vt 0.017064 0.791379
f 462/568/462 463/449/463 474/569/474
f 474/569/474 463/449/463 361/448/361
f 474/569/474 361/448/361 464/472/464
f 464/472/464 361/448/361 360/447/360
f 468/561/468 465/456/465 454/562/454
f 454/562/454 465/456/465 466/454/466
f 454/562/454 466/454/466 467/563/467
f 467/563/467 466/454/466 375/474/375
f 467/563/467 375/474/375 455/564/455
f 455/564/455 375/474/375 377/476/377
f 455/564/455 377/476/377 456/478/456
vt 0.007732 0.688698
f 468/561/468 469/556/469 470/570/470
f 470/570/470 469/556/469 458/565/458
vt 0.007836 0.717021
f 470/570/470 458/565/458 477/571/477
f 477/571/477 458/565/458 459/566/459
vt 0.007955 0.742728
f 477/571/477 459/566/459 471/572/471
f 471/572/471 459/566/459 472/567/472
vt 0.008085 0.764991
f 471/572/471 472/567/472 480/573/480
f 480/573/480 472/567/472 462/568/462
vt 0.008221 0.783095
f 480/573/480 462/568/462 473/574/473
f 473/574/473 462/568/462 474/569/474
f 473/574/473 474/569/474 475/470/475
f 475/470/475 474/569/474 464/472/464
f 465/456/465 468/561/468 476/458/476
f 476/458/476 468/561/468 470/570/470
f 476/458/476 470/570/470 367/460/367
f 367/460/367 470/570/470 477/571/477
f 367/460/367 477/571/477 478/462/478
f 478/462/478 477/571/477 471/572/471
f 478/462/478 471/572/471 479/464/479
f 479/464/479 471/572/471 480/573/480
f 479/464/479 480/573/480 370/466/370
f 370/466/370 480/573/480 473/574/473
f 370/466/370 473/574/473 481/468/481
f 481/468/481 473/574/473 475/470/475
f 356/441/356 484/440/484 420/532/420
vt 0.017964 0.721582
f 420/532/420 484/440/484 485/575/485
f 420/532/420 485/575/485 483/530/483
vt 0.009068 0.688695
f 483/530/483 485/575/485 482/576/482
f 483/530/483 482/576/482 417/528/417
f 417/528/417 482/576/482 487/526/487
f 484/440/484 354/439/354 485/575/485
vt 0.017958 0.691664
f 485/575/485 354/439/354 486/577/486
f 485/575/485 486/577/486 482/576/482
vt 0.009038 0.658666
f 482/576/482 486/577/486 488/578/488
f 482/576/482 488/578/488 487/526/487
f 487/526/487 488/578/488 415/524/415
f 354/439/354 489/438/489 486/577/486
vt 0.017927 0.659943
f 486/577/486 489/438/489 490/579/490
f 486/577/486 490/579/490 488/578/488
vt 0.008984 0.627895
f 488/578/488 490/579/490 493/580/493
f 488/578/488 493/580/493 415/524/415
f 415/524/415 493/580/493 495/522/495
f 489/438/489 491/437/491 490/579/490
vt 0.017870 0.627440
f 490/579/490 491/437/491 492/581/492
f 490/579/490 492/581/492 493/580/493
vt 0.008909 0.597372
f 493/580/493 492/581/492 494/582/494
f 493/580/493 494/582/494 495/522/495
f 495/522/495 494/582/494 498/520/498
f 491/437/491 351/436/351 492/581/492
vt 0.017790 0.595199
f 492/581/492 351/436/351 496/583/496
f 492/581/492 496/583/496 494/582/494
vt 0.008813 0.568078
f 494/582/494 496/583/496 497/584/497
f 494/582/494 497/584/497 498/520/498
f 498/520/498 497/584/497 499/518/499
f 351/436/351 350/435/350 496/583/496
vt 0.017689 0.564255
f 496/583/496 350/435/350 500/585/500
f 496/583/496 500/585/500 497/584/497
vt 0.008701 0.540954
f 497/584/497 500/585/500 501/586/501
f 497/584/497 501/586/501 499/518/499
f 499/518/499 501/586/501 502/516/502
f 350/435/350 348/434/348 500/585/500
vt 0.017571 0.535605
f 500/585/500 348/434/348 503/587/503
f 500/585/500 503/587/503 501/586/501
vt 0.008576 0.516872
f 501/586/501 503/587/503 504/588/504
f 501/586/501 504/588/504 502/516/502
f 502/516/502 504/588/504 505/514/505
f 348/434/348 347/433/347 503/587/503
f 503/587/503 347/433/347 410/513/410
f 503/587/503 410/513/410 504/588/504
f 504/588/504 410/513/410 409/512/409
f 504/588/504 409/512/409 505/514/505
f 505/514/505 409/512/409 506/511/506
f 365/455/365 507/457/507 374/453/374
f 374/453/374 507/457/507 366/459/366
f 374/453/374 366/459/366 376/475/376
f 376/475/376 366/459/366 368/461/368
f 376/475/376 368/461/368 508/482/508
f 508/482/508 368/461/368 369/463/369
f 508/482/508 369/463/369 509/486/509
f 509/486/509 369/463/369 371/465/371
f 509/486/509 371/465/371 388/490/388
f 388/490/388 371/465/371 372/467/372
f 388/490/388 372/467/372 399/494/399
f 399/494/399 372/467/372 445/555/445
f 399/494/399 445/555/445 510/498/510
f 510/498/510 445/555/445 511/553/511
f 510/498/510 511/553/511 512/502/512
f 512/502/512 511/553/511 440/550/440
f 512/502/512 440/550/440 513/506/513
f 513/506/513 440/550/440 436/546/436
f 513/506/513 436/546/436 411/510/411
f 411/510/411 436/546/436 434/542/434
f 411/510/411 434/542/434 514/515/514
f 514/515/514 434/542/434 429/538/429
f 514/515/514 429/538/429 412/517/412
f 412/517/412 429/538/429 423/534/423
f 412/517/412 423/534/423 413/519/413
f 413/519/413 423/534/423 515/527/515
f 413/519/413 515/527/515 516/521/516
f 516/521/516 515/527/515 416/525/416
f 516/521/516 416/525/416 414/523/414
vt 0.970885 0.586644
f 261/309/261 633/589/633 258/307/258
vt 0.970945 0.620259
f 258/307/258 633/589/633 517/590/517
f 258/307/258 517/590/517 518/305/518
vt 0.971029 0.653604
f 518/305/518 517/590/517 634/591/634
f 518/305/518 634/591/634 280/357/280
vt 0.971134 0.685656
f 280/357/280 634/591/634 637/592/637
f 280/357/280 637/592/637 282/359/282
vt 0.971258 0.715238
f 282/359/282 637/592/637 639/593/639
f 282/359/282 639/593/639 519/361/519
vt 0.971396 0.741546
f 519/361/519 639/593/639 520/594/520
f 519/361/519 520/594/520 522/363/522
vt 0.971543 0.763685
f 522/363/522 520/594/520 521/595/521
f 522/363/522 521/595/521 284/365/284
vt 0.971696 0.780943
f 284/365/284 521/595/521 568/596/568
f 284/365/284 568/596/568 286/367/286
vt 0.971850 0.792766
f 286/367/286 568/596/568 577/597/577
f 286/367/286 577/597/577 287/369/287
vt 0.971998 0.798774
f 287/369/287 577/597/577 523/598/523
f 287/369/287 523/598/523 295/370/295
vt 0.972137 0.798774
f 295/370/295 523/598/523 524/599/524
f 295/370/295 524/599/524 525/371/525
vt 0.972262 0.792765
f 525/371/525 524/599/524 585/600/585
f 525/371/525 585/600/585 527/355/527
vt 0.972369 0.780942
f 527/355/527 585/600/585 526/601/526
f 527/355/527 526/601/526 279/353/279
vt 0.972454 0.763683
f 279/353/279 526/601/526 528/602/528
f 279/353/279 528/602/528 529/351/529
vt 0.972516 0.741543
f 529/351/529 528/602/528 530/603/530
f 529/351/529 530/603/530 278/349/278
vt 0.972551 0.715235
f 278/349/278 530/603/530 531/604/531
f 278/349/278 531/604/531 532/347/532
vt 0.972559 0.685603
f 532/347/532 531/604/531 683/605/683
f 532/347/532 683/605/683 533/345/533
vt 0.972539 0.653601
f 533/345/533 683/605/683 680/606/680
f 533/345/533 680/606/680 534/343/534
vt 0.972493 0.620256
f 534/343/534 680/606/680 675/607/675
f 534/343/534 675/607/675 535/341/535
vt 0.972421 0.586640
f 535/341/535 675/607/675 536/608/536
f 535/341/535 536/608/536 537/339/537
vt 0.972326 0.553835
f 537/339/537 536/608/536 671/609/671
f 537/339/537 671/609/671 274/337/274
vt 0.972211 0.522893
f 274/337/274 671/609/671 538/610/538
f 274/337/274 538/610/538 273/335/273
vt 0.972080 0.494811
f 273/335/273 538/610/538 539/611/539
f 273/335/273 539/611/539 540/333/540
vt 0.971936 0.470489
f 540/333/540 539/611/539 541/612/541
f 540/333/540 541/612/541 271/331/271
vt 0.971785 0.450711
f 271/331/271 541/612/541 611/613/611
f 271/331/271 611/613/611 542/329/542
vt 0.971632 0.436111
f 542/329/542 611/613/611 615/614/615
f 542/329/542 615/614/615 270/327/270
vt 0.971480 0.427160
f 270/327/270 615/614/615 543/615/543
f 270/327/270 543/615/543 268/325/268
vt 0.971336 0.424144
f 268/325/268 543/615/543 544/616/544
f 268/325/268 544/616/544 545/323/545
vt 0.971204 0.427160
f 545/323/545 544/616/544 561/617/561
f 545/323/545 561/617/561 546/321/546
vt 0.971087 0.436113
f 546/321/546 561/617/561 547/618/547
f 546/321/546 547/618/547 266/319/266
vt 0.970990 0.450713
f 266/319/266 547/618/547 652/619/652
f 266/319/266 652/619/652 548/317/548
vt 0.970917 0.470492
f 548/317/548 652/619/652 550/620/550
f 548/317/548 550/620/550 549/315/549
vt 0.970868 0.494813
f 549/315/549 550/620/550 648/621/648
f 549/315/549 648/621/648 264/313/264
vt 0.970847 0.522896
f 264/313/264 648/621/648 645/622/645
f 264/313/264 645/622/645 551/311/551
vt 0.970852 0.553838
f 551/311/551 645/622/645 644/623/644
f 551/311/551 644/623/644 261/309/261
f 261/309/261 644/623/644 633/589/633
vt 0.998801 0.641184
vt 0.996733 0.618940
vt 0.998731 0.611772
f 691/624/691 654/625/654 552/626/552
vt 0.996682 0.590352
f 552/626/552 654/625/654 660/627/660
vt 0.998686 0.582360
f 552/626/552 660/627/660 690/628/690
vt 0.996654 0.562453
f 690/628/690 660/627/660 553/629/553
vt 0.998667 0.554153
f 690/628/690 553/629/553 692/630/692
vt 0.996649 0.536139
f 692/630/692 553/629/553 554/631/554
vt 0.998676 0.528304
f 692/630/692 554/631/554 693/632/693
vt 0.996667 0.512256
f 693/632/693 554/631/554 555/633/555
vt 0.998712 0.505872
f 693/632/693 555/633/555 556/634/556
vt 0.996709 0.491571
f 556/634/556 555/633/555 663/635/663
vt 0.998773 0.487776
f 556/634/556 663/635/663 557/636/557
vt 0.996771 0.474751
f 557/636/557 663/635/663 665/637/665
vt 0.998857 0.474757
f 557/636/557 665/637/665 696/638/696
vt 0.996854 0.462334
f 696/638/696 665/637/665 558/639/558
vt 0.996953 0.454721
f 696/638/696 558/639/558 631/640/631
vt 0.991134 0.450936
f 631/640/631 558/639/558 666/641/666
vt 0.991240 0.442741
f 631/640/631 666/641/666 559/642/559
vt 0.982255 0.441901
f 559/642/559 666/641/666 651/643/651
vt 0.982368 0.433245
f 559/642/559 651/643/651 560/644/560
f 560/644/560 651/643/651 547/618/547
f 560/644/560 547/618/547 561/617/561
vt 0.996804 0.647297
f 654/625/654 691/624/691 562/645/562
vt 0.998892 0.669392
f 562/645/562 691/624/691 563/646/563
vt 0.996894 0.674682
f 562/645/562 563/646/563 564/647/564
vt 0.996999 0.699713
f 564/647/564 563/646/563 566/648/566
vt 0.991290 0.706441
f 564/647/564 566/648/566 565/649/565
vt 0.991416 0.730523
f 565/649/565 566/648/566 567/650/567
vt 0.982553 0.737228
f 565/649/565 567/650/567 640/651/640
vt 0.982696 0.758634
f 640/651/640 567/650/567 569/652/569
f 640/651/640 569/652/569 521/595/521
f 521/595/521 569/652/569 568/596/568
vt 0.999002 0.695241
f 563/646/563 570/653/570 566/648/566
vt 0.997116 0.722086
f 566/648/566 570/653/570 571/654/571
f 566/648/566 571/654/571 567/650/567
vt 0.991551 0.750788
f 567/650/567 571/654/571 573/655/573
f 567/650/567 573/655/573 569/652/569
vt 0.982844 0.775322
f 569/652/569 573/655/573 576/656/576
f 569/652/569 576/656/576 568/596/568
f 568/596/568 576/656/576 577/597/577
vt 0.999125 0.717672
f 570/653/570 694/657/694 571/654/571
vt 0.997242 0.740914
f 571/654/571 694/657/694 572/658/572
f 571/654/571 572/658/572 573/655/573
vt 0.991691 0.766586
f 573/655/573 572/658/572 574/659/574
f 573/655/573 574/659/574 576/656/576
vt 0.982992 0.786754
f 576/656/576 574/659/574 575/660/575
f 576/656/576 575/660/575 577/597/577
f 577/597/577 575/660/575 523/598/523
vt 0.999257 0.735768
f 694/657/694 695/661/695 572/658/572
vt 0.997372 0.755592
f 572/658/572 695/661/695 578/662/578
f 572/658/572 578/662/578 574/659/574
vt 0.991831 0.777409
f 574/659/574 578/662/578 579/663/579
f 574/659/574 579/663/579 575/660/575
vt 0.983136 0.792563
f 575/660/575 579/663/579 580/664/580
f 575/660/575 580/664/580 523/598/523
f 523/598/523 580/664/580 524/599/524
vt 0.999392 0.748788
f 695/661/695 581/665/581 578/662/578
vt 0.997502 0.765646
f 578/662/578 581/665/581 582/666/582
f 578/662/578 582/666/582 579/663/579
vt 0.991967 0.782908
f 579/663/579 582/666/582 583/667/583
f 579/663/579 583/667/583 580/664/580
vt 0.983270 0.792563
f 580/664/580 583/667/583 584/668/584
f 580/664/580 584/668/584 524/599/524
f 524/599/524 584/668/584 585/600/585
vt 0.999525 0.756198
f 581/665/581 586/669/586 582/666/582
vt 0.997628 0.770756
f 582/666/582 586/669/586 590/670/590
f 582/666/582 590/670/590 583/667/583
vt 0.992095 0.782908
f 583/667/583 590/670/590 587/671/587
f 583/667/583 587/671/587 584/668/584
vt 0.983391 0.786753
f 584/668/584 587/671/587 588/672/588
f 584/668/584 588/672/588 585/600/585
f 585/600/585 588/672/588 526/601/526
vt 0.999650 0.757695
f 586/669/586 697/673/697 590/670/590
vt 0.997746 0.770756
f 590/670/590 697/673/697 589/674/589
f 590/670/590 589/674/589 587/671/587
vt 0.992209 0.777408
f 587/671/587 589/674/589 591/675/591
f 587/671/587 591/675/591 588/672/588
vt 0.983494 0.775320
f 588/672/588 591/675/591 592/676/592
f 588/672/588 592/676/592 526/601/526
f 526/601/526 592/676/592 528/602/528
vt 0.999761 0.753218
f 697/673/697 593/677/593 589/674/589
vt 0.997853 0.765646
f 589/674/589 593/677/593 594/678/594
f 589/674/589 594/678/594 591/675/591
vt 0.992307 0.766585
f 591/675/591 594/678/594 595/679/595
f 591/675/591 595/679/595 592/676/592
vt 0.983577 0.758632
f 592/676/592 595/679/595 596/680/596
f 592/676/592 596/680/596 528/602/528
f 528/602/528 596/680/596 530/603/530
vt 0.999856 0.742951
f 593/677/593 699/681/699 594/678/594
vt 0.997944 0.755590
f 594/678/594 699/681/699 689/682/689
f 594/678/594 689/682/689 595/679/595
vt 0.992385 0.750786
f 595/679/595 689/682/689 686/683/686
f 595/679/595 686/683/686 596/680/596
vt 0.983636 0.737225
f 596/680/596 686/683/686 685/684/685
f 596/680/596 685/684/685 530/603/530
f 530/603/530 685/684/685 531/604/531
vt 0.998016 0.740912
f 689/682/689 699/681/699 688/685/688
vt 0.999929 0.727313
f 688/685/688 699/681/699 701/686/701
vt 0.998069 0.722084
f 688/685/688 701/686/701 597/687/597
vt 0.999978 0.706945
f 597/687/597 701/686/701 703/688/703
vt 0.998098 0.699710
f 597/687/597 703/688/703 598/689/598
vt 1.000000 0.682680
f 598/689/598 703/688/703 599/690/599
vt 0.998105 0.674511
f 598/689/598 599/690/599 600/691/600
vt 0.999995 0.655512
f 600/691/600 599/690/599 705/692/705
vt 0.998089 0.647294
f 600/691/600 705/692/705 602/693/602
vt 0.999963 0.626554
f 602/693/602 705/692/705 601/694/601
vt 0.998049 0.618937
f 602/693/602 601/694/601 603/695/603
vt 0.999905 0.596991
f 603/695/603 601/694/601 604/696/604
vt 0.997988 0.590349
f 603/695/603 604/696/604 605/697/605
vt 0.999824 0.568032
f 605/697/605 604/696/604 606/698/606
vt 0.997907 0.562450
f 605/697/605 606/698/606 668/699/668
vt 0.997810 0.536136
f 668/699/668 606/698/606 607/700/607
vt 0.992163 0.530373
f 668/699/668 607/700/607 608/701/608
vt 0.992042 0.504667
f 608/701/608 607/700/607 609/702/609
vt 0.983215 0.498657
f 608/701/608 609/702/609 610/703/610
vt 0.983076 0.475140
f 610/703/610 609/702/609 613/704/613
f 610/703/610 613/704/613 541/612/541
f 541/612/541 613/704/613 611/613/611
vt 0.999723 0.540865
f 606/698/606 616/705/616 607/700/607
vt 0.997698 0.512253
f 607/700/607 616/705/616 612/706/612
f 607/700/607 612/706/612 609/702/609
vt 0.991911 0.482404
f 609/702/609 612/706/612 617/707/617
f 609/702/609 617/707/617 613/704/613
vt 0.982930 0.456016
f 613/704/613 617/707/617 614/708/614
f 613/704/613 614/708/614 611/613/611
f 611/613/611 614/708/614 615/614/615
vt 0.999606 0.516600
f 616/705/616 704/709/704 612/706/612
vt 0.997576 0.491569
f 612/706/612 704/709/704 618/710/618
f 612/706/612 618/710/618 617/707/617
vt 0.991773 0.464299
f 617/707/617 618/710/618 619/711/619
f 617/707/617 619/711/619 614/708/614
vt 0.982782 0.441900
f 614/708/614 619/711/619 620/712/620
f 614/708/614 620/712/620 615/614/615
f 615/614/615 620/712/620 543/615/543
vt 0.999478 0.496232
f 704/709/704 702/713/702 618/710/618
vt 0.997447 0.474749
f 618/710/618 702/713/702 621/714/621
f 618/710/618 621/714/621 619/711/619
vt 0.991632 0.450935
f 619/711/619 621/714/621 622/715/622
f 619/711/619 622/715/622 620/712/620
vt 0.982635 0.433244
f 620/712/620 622/715/622 625/716/625
f 620/712/620 625/716/625 543/615/543
f 543/615/543 625/716/625 544/616/544
vt 0.999344 0.480594
f 702/713/702 700/717/700 621/714/621
vt 0.997317 0.462333
f 621/714/621 700/717/700 623/718/623
f 621/714/621 623/718/623 622/715/622
vt 0.991494 0.442741
f 622/715/622 623/718/623 624/719/624
f 622/715/622 624/719/624 625/716/625
vt 0.982496 0.430328
f 625/716/625 624/719/624 628/720/628
f 625/716/625 628/720/628 544/616/544
f 544/616/544 628/720/628 561/617/561
vt 0.999209 0.470326
f 700/717/700 626/721/626 623/718/623
vt 0.997188 0.454720
f 623/718/623 626/721/626 627/722/627
f 623/718/623 627/722/627 624/719/624
vt 0.991361 0.439980
f 624/719/624 627/722/627 629/723/629
f 624/719/624 629/723/629 628/720/628
f 628/720/628 629/723/629 560/644/560
f 628/720/628 560/644/560 561/617/561
vt 0.999080 0.465849
f 626/721/626 698/724/698 627/722/627
vt 0.997065 0.452155
f 627/722/627 698/724/698 630/725/630
f 627/722/627 630/725/630 629/723/629
f 629/723/629 630/725/630 559/642/559
f 629/723/629 559/642/559 560/644/560
vt 0.998961 0.467347
f 698/724/698 632/726/632 630/725/630
f 630/725/630 632/726/632 631/640/631
f 630/725/630 631/640/631 559/642/559
f 632/726/632 696/638/696 631/640/631
vt 0.982060 0.587451
f 633/589/633 657/727/657 517/590/517
vt 0.982118 0.619955
f 517/590/517 657/727/657 635/728/635
f 517/590/517 635/728/635 634/591/634
vt 0.982198 0.652196
f 634/591/634 635/728/635 636/729/636
f 634/591/634 636/729/636 637/592/637
vt 0.982301 0.683236
f 637/592/637 636/729/636 638/730/638
f 637/592/637 638/730/638 639/593/639
vt 0.982420 0.711791
f 639/593/639 638/730/638 642/731/642
f 639/593/639 642/731/642 520/594/520
f 520/594/520 642/731/642 640/651/640
f 520/594/520 640/651/640 521/595/521
vt 0.990949 0.588729
f 657/727/657 656/732/656 635/728/635
vt 0.991003 0.619500
f 635/728/635 656/732/656 641/733/641
f 635/728/635 641/733/641 636/729/636
vt 0.991080 0.650023
f 636/729/636 641/733/641 653/734/653
f 636/729/636 653/734/653 638/730/638
vt 0.991177 0.679453
f 638/730/638 653/734/653 655/735/655
f 638/730/638 655/735/655 642/731/642
f 642/731/642 655/735/655 565/649/565
f 642/731/642 565/649/565 640/651/640
vt 0.982028 0.555731
f 657/727/657 633/589/633 643/736/643
f 643/736/643 633/589/633 644/623/644
vt 0.982022 0.525813
f 643/736/643 644/623/644 646/737/646
f 646/737/646 644/623/644 645/622/645
vt 0.982043 0.498659
f 646/737/646 645/622/645 647/738/647
f 647/738/647 645/622/645 648/621/648
vt 0.982090 0.475142
f 647/738/647 648/621/648 649/739/649
f 649/739/649 648/621/648 550/620/550
vt 0.982162 0.456018
f 649/739/649 550/620/550 650/740/650
f 650/740/650 550/620/550 652/619/652
f 650/740/650 652/619/652 651/643/651
f 651/643/651 652/619/652 547/618/547
f 656/732/656 660/627/660 641/733/641
f 641/733/641 660/627/660 654/625/654
f 641/733/641 654/625/654 653/734/653
f 653/734/653 654/625/654 562/645/562
f 653/734/653 562/645/562 655/735/655
f 655/735/655 562/645/562 564/647/564
f 655/735/655 564/647/564 565/649/565
vt 0.990919 0.558699
f 656/732/656 657/727/657 661/741/661
f 661/741/661 657/727/657 643/736/643
vt 0.990913 0.530376
f 661/741/661 643/736/643 662/742/662
f 662/742/662 643/736/643 646/737/646
vt 0.990933 0.504670
f 662/742/662 646/737/646 658/743/658
f 658/743/658 646/737/646 647/738/647
vt 0.990978 0.482406
f 658/743/658 647/738/647 659/744/659
f 659/744/659 647/738/647 649/739/649
vt 0.991045 0.464301
f 659/744/659 649/739/649 664/745/664
f 664/745/664 649/739/649 650/740/650
f 664/745/664 650/740/650 666/641/666
f 666/641/666 650/740/650 651/643/651
f 660/627/660 656/732/656 553/629/553
f 553/629/553 656/732/656 661/741/661
f 553/629/553 661/741/661 554/631/554
f 554/631/554 661/741/661 662/742/662
f 554/631/554 662/742/662 555/633/555
f 555/633/555 662/742/662 658/743/658
f 555/633/555 658/743/658 663/635/663
f 663/635/663 658/743/658 659/744/659
f 663/635/663 659/744/659 665/637/665
f 665/637/665 659/744/659 664/745/664
f 665/637/665 664/745/664 558/639/558
f 558/639/558 664/745/664 666/641/666
f 541/612/541 539/611/539 610/703/610
vt 0.983342 0.525810
f 610/703/610 539/611/539 669/746/669
f 610/703/610 669/746/669 608/701/608
vt 0.992268 0.558696
f 608/701/608 669/746/669 667/747/667
f 608/701/608 667/747/667 668/699/668
f 668/699/668 667/747/667 605/697/605
f 539/611/539 538/610/538 669/746/669
vt 0.983453 0.555728
f 669/746/669 538/610/538 670/748/670
f 669/746/669 670/748/670 667/747/667
vt 0.992355 0.588726
f 667/747/667 670/748/670 672/749/672
f 667/747/667 672/749/672 605/697/605
f 605/697/605 672/749/672 603/695/603
f 538/610/538 671/609/671 670/748/670
vt 0.983545 0.587448
f 670/748/670 671/609/671 674/750/674
f 670/748/670 674/750/674 672/749/672
vt 0.992421 0.619497
f 672/749/672 674/750/674 673/751/673
f 672/749/672 673/751/673 603/695/603
f 603/695/603 673/751/673 602/693/602
f 671/609/671 536/608/536 674/750/674
vt 0.983614 0.619951
f 674/750/674 536/608/536 676/752/676
f 674/750/674 676/752/676 673/751/673
vt 0.992463 0.650020
f 673/751/673 676/752/676 677/753/677
f 673/751/673 677/753/677 602/693/602
f 602/693/602 677/753/677 600/691/600
f 536/608/536 675/607/675 676/752/676
vt 0.983659 0.652193
f 676/752/676 675/607/675 679/754/679
f 676/752/676 679/754/679 677/753/677
vt 0.992481 0.679314
f 677/753/677 679/754/679 678/755/678
f 677/753/677 678/755/678 600/691/600
f 600/691/600 678/755/678 598/689/598
f 675/607/675 680/606/680 679/754/679
vt 0.983678 0.683136
f 679/754/679 680/606/680 681/756/681
f 679/754/679 681/756/681 678/755/678
vt 0.992474 0.706438
f 678/755/678 681/756/681 682/757/682
f 678/755/678 682/757/682 598/689/598
f 598/689/598 682/757/682 597/687/597
f 680/606/680 683/605/683 681/756/681
vt 0.983671 0.711788
f 681/756/681 683/605/683 684/758/684
f 681/756/681 684/758/684 682/757/682
vt 0.992441 0.730520
f 682/757/682 684/758/684 687/759/687
f 682/757/682 687/759/687 597/687/597
f 597/687/597 687/759/687 688/685/688
f 683/605/683 531/604/531 684/758/684
f 684/758/684 531/604/531 685/684/685
f 684/758/684 685/684/685 687/759/687
f 687/759/687 685/684/685 686/683/686
f 687/759/687 686/683/686 688/685/688
f 688/685/688 686/683/686 689/682/689
f 552/626/552 690/628/690 691/624/691
f 691/624/691 690/628/690 563/646/563
f 563/646/563 690/628/690 692/630/692
f 563/646/563 692/630/692 570/653/570
f 570/653/570 692/630/692 693/632/693
f 570/653/570 693/632/693 694/657/694
f 694/657/694 693/632/693 556/634/556
f 694/657/694 556/634/556 695/661/695
f 695/661/695 556/634/556 557/636/557
f 695/661/695 557/636/557 581/665/581
f 581/665/581 557/636/557 696/638/696
f 581/665/581 696/638/696 586/669/586
f 586/669/586 696/638/696 632/726/632
f 586/669/586 632/726/632 697/673/697
f 697/673/697 632/726/632 698/724/698
f 697/673/697 698/724/698 593/677/593
f 593/677/593 698/724/698 626/721/626
f 593/677/593 626/721/626 699/681/699
f 699/681/699 626/721/626 700/717/700
f 699/681/699 700/717/700 701/686/701
f 701/686/701 700/717/700 702/713/702
f 701/686/701 702/713/702 703/688/703
f 703/688/703 702/713/702 704/709/704
f 703/688/703 704/709/704 599/690/599
f 599/690/599 704/709/704 616/705/616
f 599/690/599 616/705/616 705/692/705
f 705/692/705 616/705/616 606/698/606
f 705/692/705 606/698/606 601/694/601
f 601/694/601 606/698/606 604/696/604
f 209/294/209 706/285/706 707/292/707
f 707/292/707 706/285/706 204/287/204
f 707/292/707 204/287/204 208/291/208
f 208/291/208 204/287/204 206/289/206
vt 0.261743 0.077362
vt 0.128115 0.289865
vt 0.261941 0.078333
f 718/760/718 708/761/708 716/762/716
vt 0.128313 0.290835
f 716/762/716 708/761/708 709/763/709
vt 0.383568 0.008881
vt 0.383766 0.009852
f 719/764/719 718/760/718 710/765/710
f 710/765/710 718/760/718 716/762/716
vt 0.623320 0.008881
vt 0.623518 0.009852
f 712/766/712 719/764/719 713/767/713
f 713/767/713 719/764/719 710/765/710
vt 0.740624 0.077362
vt 0.740822 0.078333
f 717/768/717 712/766/712 711/769/711
f 711/769/711 712/766/712 713/767/713
vt 0.871384 0.289865
vt 0.871581 0.290831
f 715/770/715 717/768/717 1376/771/1376
f 1376/771/1376 717/768/717 711/769/711
vt 0.871582 0.290835
f 1376/771/1376 711/769/711 714/772/714
f 715/770/715 1376/771/1376 708/761/708
f 708/761/708 1376/771/1376 709/763/709
f 709/763/709 1376/771/1376 714/772/714
f 709/763/709 714/772/714 716/762/716
f 716/762/716 714/772/714 711/769/711
f 716/762/716 711/769/711 710/765/710
f 710/765/710 711/769/711 713/767/713
f 708/761/708 718/760/718 715/770/715
f 715/770/715 718/760/718 717/768/717
f 717/768/717 718/760/718 719/764/719
f 717/768/717 719/764/719 712/766/712
vt 0.855391 0.290868
vt 0.856635 0.928107
f 746/773/746 720/774/720 721/236/721
f 721/236/721 720/774/720 743/191/743
vt 0.872686 0.956719
f 743/191/743 720/774/720 722/775/722
vt 0.129969 0.958452
f 743/191/743 722/775/722 723/776/723
vt 0.872630 0.928069
f 720/774/720 789/777/789 722/775/722
f 723/776/723 227/190/227 743/191/743
vt 0.130164 0.958452
f 723/776/723 722/775/722 1290/778/1290
vt 0.872881 0.956719
f 1290/778/1290 722/775/722 1365/779/1365
vt 0.128864 0.292564
f 257/237/257 227/190/227 724/780/724
f 724/780/724 227/190/227 1290/778/1290
f 1290/778/1290 227/190/227 723/776/723
vt 0.871386 0.290831
f 767/781/767 746/773/746 1376/771/1376
f 1376/771/1376 746/773/746 721/236/721
f 1376/771/1376 721/236/721 724/780/724
f 724/780/724 721/236/721 257/237/257
vt 0.741044 0.591023
vt 0.762879 0.554802
vt 0.739350 0.580839
f 825/782/825 725/783/725 826/784/826
vt 0.753526 0.556662
f 826/784/826 725/783/725 849/785/849
vt 0.745976 0.562193
f 826/784/826 849/785/849 731/786/731
vt 0.746079 0.599286
f 825/782/825 823/787/823 725/783/725
vt 0.753658 0.604757
f 725/783/725 823/787/823 821/788/821
vt 0.762980 0.606564
f 725/783/725 821/788/821 820/789/820
vt 0.772386 0.604721
vt 0.786631 0.580729
f 726/790/726 727/791/727 820/789/820
vt 0.784930 0.570436
f 820/789/820 727/791/727 728/792/728
vt 0.779871 0.562114
f 820/789/820 728/792/728 877/793/877
vt 0.779974 0.599240
f 726/790/726 729/794/729 727/791/727
vt 0.784978 0.590962
f 727/791/727 729/794/729 730/795/730
vt 0.772254 0.556618
f 877/793/877 875/796/875 820/789/820
f 820/789/820 875/796/875 725/783/725
vt 0.740996 0.570538
f 731/786/731 847/797/847 826/784/826
f 159/181/159 732/192/732 152/176/152
f 152/176/152 732/192/732 164/194/164
f 152/176/152 164/194/164 733/196/733
f 733/196/733 165/198/165 152/176/152
f 152/176/152 165/198/165 734/200/734
f 152/176/152 734/200/734 167/202/167
f 167/202/167 168/204/168 152/176/152
f 152/176/152 168/204/168 170/206/170
f 152/176/152 170/206/170 735/208/735
f 735/208/735 173/210/173 152/176/152
f 152/176/152 173/210/173 736/212/736
f 152/176/152 736/212/736 737/214/737
f 737/214/737 738/216/738 152/176/152
f 152/176/152 738/216/738 739/218/739
f 152/176/152 739/218/739 174/220/174
f 174/220/174 740/222/740 152/176/152
f 152/176/152 740/222/740 178/224/178
f 152/176/152 178/224/178 741/226/741
f 741/226/741 179/228/179 152/176/152
f 152/176/152 179/228/179 151/173/151
f 151/173/151 179/228/179 181/230/181
f 151/173/151 181/230/181 742/232/742
f 742/232/742 182/234/182 151/173/151
f 151/173/151 182/234/182 721/236/721
f 151/173/151 721/236/721 743/191/743
f 743/191/743 744/188/744 151/173/151
f 151/173/151 744/188/744 160/186/160
f 151/173/151 160/186/160 148/168/148
f 257/237/257 706/285/706 227/190/227
f 227/190/227 706/285/706 209/294/209
f 767/781/767 329/416/329 746/773/746
f 746/773/746 329/416/329 330/417/330
vt 0.856398 0.937824
f 146/169/146 757/798/757 145/170/145
vt 0.856520 0.934439
f 145/170/145 757/798/757 745/799/745
f 145/170/145 745/799/745 720/774/720
f 720/774/720 746/773/746 145/170/145
f 145/170/145 746/773/746 747/415/747
f 145/170/145 747/415/747 327/413/327
f 746/773/746 330/417/330 747/415/747
f 327/413/327 326/411/326 145/170/145
f 145/170/145 326/411/326 748/409/748
f 145/170/145 748/409/748 749/177/749
f 749/177/749 748/409/748 324/407/324
f 749/177/749 324/407/324 323/405/323
f 323/405/323 322/403/322 749/177/749
f 749/177/749 322/403/322 319/401/319
f 749/177/749 319/401/319 750/399/750
f 750/399/750 751/397/751 749/177/749
f 749/177/749 751/397/751 316/395/316
f 749/177/749 316/395/316 315/393/315
f 315/393/315 313/391/313 749/177/749
f 749/177/749 313/391/313 752/389/752
f 749/177/749 752/389/752 310/387/310
f 310/387/310 309/385/309 749/177/749
f 749/177/749 309/385/309 307/383/307
f 749/177/749 307/383/307 753/381/753
f 753/381/753 305/379/305 749/177/749
f 749/177/749 305/379/305 303/377/303
f 749/177/749 303/377/303 754/375/754
f 754/375/754 755/373/755 749/177/749
f 749/177/749 755/373/755 301/182/301
f 146/169/146 756/171/756 757/798/757
vt 0.872394 0.937786
f 757/798/757 756/171/756 759/800/759
f 757/798/757 759/800/759 745/799/745
vt 0.872516 0.934401
f 745/799/745 759/800/759 758/801/758
f 745/799/745 758/801/758 720/774/720
f 720/774/720 758/801/758 789/777/789
f 756/171/756 147/172/147 759/800/759
f 759/800/759 147/172/147 760/354/760
f 759/800/759 760/354/760 758/801/758
f 758/801/758 760/354/760 789/777/789
f 789/777/789 760/354/760 761/352/761
f 789/777/789 761/352/761 762/350/762
f 789/777/789 762/350/762 1365/779/1365
f 1365/779/1365 762/350/762 277/348/277
f 1365/779/1365 277/348/277 763/346/763
f 763/346/763 764/344/764 1365/779/1365
f 1365/779/1365 764/344/764 276/342/276
f 1365/779/1365 276/342/276 1376/771/1376
f 1376/771/1376 276/342/276 275/340/275
f 1376/771/1376 275/340/275 765/338/765
f 765/338/765 766/336/766 1376/771/1376
f 1376/771/1376 766/336/766 272/334/272
f 1376/771/1376 272/334/272 767/781/767
f 767/781/767 272/334/272 768/332/768
f 767/781/767 768/332/768 769/330/769
f 767/781/767 769/330/769 328/414/328
f 328/414/328 769/330/769 770/328/770
f 328/414/328 770/328/770 771/412/771
f 771/412/771 770/328/770 269/326/269
f 771/412/771 269/326/269 325/410/325
f 325/410/325 269/326/269 772/324/772
f 325/410/325 772/324/772 773/408/773
f 773/408/773 772/324/772 775/322/775
f 773/408/773 775/322/775 774/406/774
f 774/406/774 775/322/775 776/320/776
f 774/406/774 776/320/776 321/404/321
f 321/404/321 776/320/776 267/318/267
f 321/404/321 267/318/267 320/402/320
f 320/402/320 267/318/267 265/316/265
f 320/402/320 265/316/265 318/400/318
f 318/400/318 265/316/265 263/314/263
f 318/400/318 263/314/263 777/398/777
f 777/398/777 263/314/263 317/396/317
f 317/396/317 263/314/263 778/312/778
f 317/396/317 778/312/778 314/394/314
f 314/394/314 778/312/778 262/310/262
f 314/394/314 262/310/262 779/392/779
f 779/392/779 262/310/262 260/308/260
f 779/392/779 260/308/260 312/390/312
f 312/390/312 260/308/260 259/306/259
f 312/390/312 259/306/259 311/388/311
f 311/388/311 259/306/259 780/386/780
f 780/386/780 259/306/259 781/356/781
f 780/386/780 781/356/781 308/384/308
f 308/384/308 781/356/781 281/358/281
f 308/384/308 281/358/281 782/382/782
f 782/382/782 281/358/281 783/360/783
f 782/382/782 783/360/783 306/380/306
f 306/380/306 783/360/783 784/362/784
f 306/380/306 784/362/784 304/378/304
f 304/378/304 784/362/784 283/364/283
f 304/378/304 283/364/283 785/376/785
f 785/376/785 283/364/283 285/366/285
f 785/376/785 285/366/285 786/374/786
f 786/374/786 285/366/285 787/368/787
f 786/374/786 787/368/787 302/372/302
f 302/372/302 787/368/787 288/185/288
f 302/372/302 288/185/288 788/184/788
f 328/414/328 329/416/329 767/781/767
f 1365/779/1365 722/775/722 789/777/789
vt 0.359424 0.644582
vt 0.363049 0.643865
vt 0.359496 0.644582
f 1334/802/1334 1333/803/1333 790/804/790
vt 0.363121 0.643865
f 790/804/790 1333/803/1333 834/805/834
vt 0.366107 0.641731
f 834/805/834 1333/803/1333 1397/806/1397
vt 0.366180 0.641731
f 834/805/834 1397/806/1397 791/807/791
vt 0.368187 0.638409
f 791/807/791 1397/806/1397 1396/808/1396
vt 0.368259 0.638409
f 791/807/791 1396/808/1396 792/809/792
vt 0.368873 0.634124
f 792/809/792 1396/808/1396 1395/810/1395
vt 0.368945 0.634124
f 792/809/792 1395/810/1395 839/811/839
vt 0.380077 0.598353
vt 0.380105 0.612733
vt 0.380149 0.598353
f 1389/812/1389 1386/813/1386 793/814/793
vt 0.380177 0.612733
f 793/814/793 1386/813/1386 794/815/794
vt 0.349934 0.634168
vt 0.350638 0.638398
vt 0.350006 0.634168
f 1305/816/1305 1304/817/1304 803/818/803
vt 0.350710 0.638398
f 803/818/803 1304/817/1304 795/819/795
vt 0.352730 0.641721
f 795/819/795 1304/817/1304 796/820/796
vt 0.352802 0.641721
f 795/819/795 796/820/796 836/821/836
vt 0.355796 0.643871
f 836/821/836 796/820/796 1316/822/1316
vt 0.355869 0.643871
f 836/821/836 1316/822/1316 838/823/838
f 838/823/838 1316/822/1316 1334/802/1334
f 838/823/838 1334/802/1334 790/804/790
vt 0.455261 0.612557
vt 0.455105 0.533097
vt 0.455333 0.612557
f 806/824/806 1350/825/1350 807/826/807
vt 0.455178 0.533097
f 807/826/807 1350/825/1350 797/827/797
vt 0.406607 0.598291
vt 0.406679 0.598291
f 798/828/798 1389/812/1389 892/829/892
f 892/829/892 1389/812/1389 793/814/793
vt 0.359383 0.623710
vt 0.355758 0.624427
vt 0.359456 0.623710
f 1399/830/1399 1398/831/1398 799/832/799
vt 0.355831 0.624427
f 799/832/799 1398/831/1398 800/833/800
vt 0.352700 0.626561
f 800/833/800 1398/831/1398 801/834/801
vt 0.352772 0.626561
f 800/833/800 801/834/801 837/835/837
vt 0.350621 0.629883
f 837/835/837 801/834/801 1306/836/1306
vt 0.350693 0.629883
f 837/835/837 1306/836/1306 802/837/802
f 802/837/802 1306/836/1306 1305/816/1305
f 802/837/802 1305/816/1305 803/818/803
vt 0.545720 0.597966
vt 0.545748 0.612346
vt 0.545792 0.597966
f 1343/838/1343 1345/839/1345 804/840/804
vt 0.545820 0.612346
f 804/840/804 1345/839/1345 805/841/805
vt 0.439929 0.612593
vt 0.440001 0.612593
f 1329/842/1329 806/824/806 884/843/884
f 884/843/884 806/824/806 807/826/807
vt 0.406541 0.564436
vt 0.406613 0.564436
f 1387/844/1387 798/828/798 819/845/819
f 819/845/819 798/828/798 892/829/892
vt 0.368170 0.629842
f 1395/810/1395 809/846/809 839/811/839
vt 0.368242 0.629842
f 839/811/839 809/846/809 808/847/808
vt 0.366078 0.626529
f 808/847/808 809/846/809 810/848/810
vt 0.366150 0.626529
f 808/847/808 810/848/810 835/849/835
vt 0.363011 0.624410
f 835/849/835 810/848/810 812/850/812
vt 0.363083 0.624410
f 835/849/835 812/850/812 811/851/811
f 811/851/811 812/850/812 1399/830/1399
f 811/851/811 1399/830/1399 799/832/799
vt 0.683578 0.532564
vt 0.683783 0.637498
vt 0.683651 0.532564
f 813/852/813 814/853/814 946/854/946
vt 0.683856 0.637498
f 946/854/946 814/853/814 880/855/880
vt 0.572250 0.597904
vt 0.572322 0.597904
f 828/856/828 1343/838/1343 815/857/815
f 815/857/815 1343/838/1343 804/840/804
vt 0.439774 0.533133
vt 0.439846 0.533133
f 829/858/829 1329/842/1329 883/859/883
f 883/859/883 1329/842/1329 884/843/884
vt 0.395007 0.546631
vt 0.400119 0.547400
vt 0.395079 0.546631
f 816/860/816 818/861/818 897/862/897
vt 0.400191 0.547400
f 897/862/897 818/861/818 817/863/817
vt 0.403619 0.549980
f 817/863/817 818/861/818 1391/864/1391
vt 0.403691 0.549980
f 817/863/817 1391/864/1391 896/865/896
vt 0.405771 0.555275
f 896/865/896 1391/864/1391 1392/866/1392
vt 0.405843 0.555275
f 896/865/896 1392/866/1392 894/867/894
f 894/867/894 1392/866/1392 1387/844/1387
f 894/867/894 1387/844/1387 819/845/819
vt 0.763052 0.606564
f 820/789/820 821/788/821 1025/868/1025
vt 0.753730 0.604757
f 1025/868/1025 821/788/821 822/869/822
f 822/869/822 821/788/821 823/787/823
vt 0.746152 0.599286
f 822/869/822 823/787/823 824/870/824
f 824/870/824 823/787/823 825/782/825
vt 0.741116 0.591023
f 824/870/824 825/782/825 1029/871/1029
f 1029/871/1029 825/782/825 826/784/826
vt 0.739423 0.580839
f 1029/871/1029 826/784/826 1030/872/1030
vt 0.699436 0.532527
vt 0.699508 0.532527
f 1372/873/1372 813/852/813 827/874/827
f 827/874/827 813/852/813 946/854/946
vt 0.572184 0.564049
vt 0.572256 0.564049
f 857/875/857 828/856/828 953/876/953
f 953/876/953 828/856/828 815/857/815
f 1350/825/1350 829/858/829 797/827/797
f 797/827/797 829/858/829 883/859/883
vt 0.380133 0.550035
vt 0.383278 0.549093
vt 0.380205 0.550035
f 1388/877/1388 831/878/831 830/879/830
vt 0.383350 0.549093
f 830/879/830 831/878/831 901/880/901
vt 0.386404 0.547925
f 901/880/901 831/878/831 832/881/832
vt 0.386477 0.547925
f 901/880/901 832/881/832 900/882/900
vt 0.390113 0.546961
f 900/882/900 832/881/832 833/883/833
vt 0.390185 0.546961
f 900/882/900 833/883/833 899/884/899
f 899/884/899 833/883/833 816/860/816
f 899/884/899 816/860/816 897/862/897
f 808/847/808 790/804/790 839/811/839
f 839/811/839 790/804/790 834/805/834
f 839/811/839 834/805/834 791/807/791
f 808/847/808 835/849/835 790/804/790
f 790/804/790 835/849/835 811/851/811
f 790/804/790 811/851/811 799/832/799
f 800/833/800 803/818/803 799/832/799
f 799/832/799 803/818/803 795/819/795
f 799/832/799 795/819/795 836/821/836
f 800/833/800 837/835/837 803/818/803
f 803/818/803 837/835/837 802/837/802
f 836/821/836 838/823/838 799/832/799
f 799/832/799 838/823/838 790/804/790
f 791/807/791 792/809/792 839/811/839
vt 0.763070 0.621200
vt 0.755427 0.620500
vt 0.763142 0.621200
f 941/885/941 1260/886/1260 1071/887/1071
vt 0.755500 0.620500
f 1071/887/1071 1260/886/1260 840/888/840
vt 0.748465 0.618364
f 840/888/840 1260/886/1260 1259/889/1259
vt 0.748538 0.618364
f 840/888/840 1259/889/1259 841/890/841
vt 0.742184 0.614791
f 841/890/841 1259/889/1259 1257/891/1257
vt 0.742256 0.614791
f 841/890/841 1257/891/1257 842/892/842
vt 0.736582 0.609781
f 842/892/842 1257/891/1257 1256/893/1256
vt 0.736655 0.609781
f 842/892/842 1256/893/1256 1074/894/1074
vt 0.731977 0.603678
f 1074/894/1074 1256/893/1256 843/895/843
vt 0.732049 0.603678
f 1074/894/1074 843/895/843 1076/896/1076
vt 0.728682 0.596826
f 1076/896/1076 843/895/843 844/897/844
vt 0.728754 0.596826
f 1076/896/1076 844/897/844 846/898/846
vt 0.726698 0.589223
f 846/898/846 844/897/844 845/899/845
vt 0.726771 0.589223
f 846/898/846 845/899/845 1078/900/1078
vt 0.726026 0.580870
f 1078/900/1078 845/899/845 866/901/866
vt 0.726098 0.580870
f 1078/900/1078 866/901/866 1079/902/1079
f 826/784/826 847/797/847 1030/872/1030
vt 0.741068 0.570538
f 1030/872/1030 847/797/847 1031/903/1031
f 1031/903/1031 847/797/847 731/786/731
vt 0.746049 0.562193
f 1031/903/1031 731/786/731 848/904/848
f 848/904/848 731/786/731 849/785/849
vt 0.753598 0.556662
f 848/904/848 849/785/849 850/905/850
f 850/905/850 849/785/849 725/783/725
vt 0.762951 0.554802
f 850/905/850 725/783/725 1033/906/1033
vt 0.699641 0.637461
vt 0.699713 0.637461
f 1369/907/1369 1372/873/1372 851/908/851
f 851/908/851 1372/873/1372 827/874/827
vt 0.560650 0.546245
vt 0.565762 0.547013
vt 0.560722 0.546245
f 1381/909/1381 853/910/853 852/911/852
vt 0.565834 0.547013
f 852/911/852 853/910/853 956/912/956
vt 0.569262 0.549594
f 956/912/956 853/910/853 855/913/855
vt 0.569334 0.549594
f 956/912/956 855/913/855 854/914/854
vt 0.571414 0.554889
f 854/914/854 855/913/855 856/915/856
vt 0.571486 0.554889
f 854/914/854 856/915/856 955/916/955
f 955/916/955 856/915/856 857/875/857
f 955/916/955 857/875/857 953/876/953
vt 0.377250 0.536483
vt 0.377323 0.536483
f 890/917/890 1388/877/1388 858/918/858
f 858/918/858 1388/877/1388 830/879/830
vt 0.604677 0.577203
vt 0.606133 0.591826
vt 0.604749 0.577203
f 1359/919/1359 859/920/859 1138/921/1138
vt 0.606205 0.591826
f 1138/921/1138 859/920/859 860/922/860
vt 0.611079 0.603483
f 860/922/860 859/920/859 1357/923/1357
vt 0.611151 0.603483
f 860/922/860 1357/923/1357 861/924/861
vt 0.615164 0.607850
f 861/924/861 1357/923/1357 1356/925/1356
vt 0.615237 0.607850
f 861/924/861 1356/925/1356 1134/926/1134
vt 0.620413 0.611104
f 1134/926/1134 1356/925/1356 1355/927/1355
vt 0.620485 0.611104
f 1134/926/1134 1355/927/1355 1135/928/1135
vt 0.626946 0.613122
f 1135/928/1135 1355/927/1355 862/929/862
vt 0.627018 0.613122
f 1135/928/1135 862/929/862 863/930/863
vt 0.634886 0.613782
f 863/930/863 862/929/862 864/931/864
vt 0.634958 0.613782
f 863/930/863 864/931/864 865/932/865
vt 0.726666 0.572481
f 866/901/866 867/933/867 1079/902/1079
vt 0.726738 0.572481
f 1079/902/1079 867/933/867 1082/934/1082
vt 0.728620 0.564835
f 1082/934/1082 867/933/867 868/935/868
vt 0.728692 0.564835
f 1082/934/1082 868/935/868 1083/936/1083
vt 0.731887 0.557933
f 1083/936/1083 868/935/868 870/937/870
vt 0.731960 0.557933
f 1083/936/1083 870/937/870 869/938/869
vt 0.736469 0.551776
f 869/938/869 870/937/870 871/939/871
vt 0.736541 0.551776
f 869/938/869 871/939/871 1086/940/1086
vt 0.742051 0.546710
f 1086/940/1086 871/939/871 1274/941/1274
vt 0.742123 0.546710
f 1086/940/1086 1274/941/1274 873/942/873
vt 0.748318 0.543087
f 873/942/873 1274/941/1274 872/943/872
vt 0.748391 0.543087
f 873/942/873 872/943/872 874/944/874
vt 0.755272 0.540906
f 874/944/874 872/943/872 1273/945/1273
vt 0.755344 0.540906
f 874/944/874 1273/945/1273 1088/946/1088
vt 0.762911 0.540166
f 1088/946/1088 1273/945/1273 1272/947/1272
vt 0.762984 0.540166
f 1088/946/1088 1272/947/1272 913/948/913
f 725/783/725 875/796/875 1033/906/1033
vt 0.772326 0.556618
f 1033/906/1033 875/796/875 876/949/876
f 876/949/876 875/796/875 877/793/877
vt 0.779943 0.562114
f 876/949/876 877/793/877 878/950/878
f 878/950/878 877/793/877 728/792/728
vt 0.785002 0.570436
f 878/950/878 728/792/728 879/951/879
f 879/951/879 728/792/728 727/791/727
vt 0.786703 0.580729
f 879/951/879 727/791/727 1035/952/1035
f 814/853/814 1369/907/1369 880/855/880
f 880/855/880 1369/907/1369 851/908/851
vt 0.545776 0.549648
vt 0.548921 0.548706
vt 0.545848 0.549648
f 1341/953/1341 881/954/881 961/955/961
vt 0.548993 0.548706
f 961/955/961 881/954/881 959/956/959
vt 0.552047 0.547538
f 959/956/959 881/954/881 1380/957/1380
vt 0.552119 0.547538
f 959/956/959 1380/957/1380 958/958/958
vt 0.555756 0.546575
f 958/958/958 1380/957/1380 1382/959/1382
vt 0.555828 0.546575
f 958/958/958 1382/959/1382 882/960/882
f 882/960/882 1382/959/1382 1381/909/1381
f 882/960/882 1381/909/1381 852/911/852
f 883/859/883 884/843/884 797/827/797
f 797/827/797 884/843/884 807/826/807
vt 0.396030 0.531591
vt 0.390084 0.532006
vt 0.396102 0.531591
f 885/961/885 886/962/886 898/963/898
vt 0.390156 0.532006
f 898/963/898 886/962/886 887/964/887
vt 0.384872 0.533220
f 887/964/887 886/962/886 1393/965/1393
vt 0.384945 0.533220
f 887/964/887 1393/965/1393 902/966/902
vt 0.380545 0.534842
f 902/966/902 1393/965/1393 889/967/889
vt 0.380617 0.534842
f 902/966/902 889/967/889 888/968/888
f 888/968/888 889/967/889 890/917/890
f 888/968/888 890/917/890 858/918/858
vt 0.406635 0.612671
f 1386/813/1386 1394/969/1394 794/815/794
vt 0.406707 0.612671
f 794/815/794 1394/969/1394 962/970/962
f 793/814/793 794/815/794 892/829/892
f 892/829/892 794/815/794 962/970/962
vt 0.422005 0.633754
f 892/829/892 962/970/962 993/971/993
vt 0.406753 0.636419
f 993/971/993 962/970/962 891/972/891
vt 0.421869 0.564236
f 993/971/993 893/973/893 892/829/892
f 892/829/892 893/973/893 819/845/819
vt 0.420677 0.550310
f 819/845/819 893/973/893 927/974/927
f 819/845/819 927/974/927 894/867/894
vt 0.416448 0.540049
f 894/867/894 927/974/927 928/975/928
vt 0.408469 0.533699
f 894/867/894 928/975/928 930/976/930
f 894/867/894 930/976/930 896/865/896
vt 0.402914 0.532109
f 896/865/896 930/976/930 895/977/895
f 896/865/896 895/977/895 817/863/817
f 817/863/817 895/977/895 898/963/898
f 817/863/817 898/963/898 897/862/897
f 897/862/897 898/963/898 887/964/887
f 897/862/897 887/964/887 899/884/899
f 899/884/899 887/964/887 900/882/900
f 900/882/900 887/964/887 902/966/902
f 900/882/900 902/966/902 901/880/901
f 901/880/901 902/966/902 888/968/888
f 901/880/901 888/968/888 830/879/830
f 830/879/830 888/968/888 858/918/858
vt 0.533260 0.567920
vt 0.531729 0.553297
vt 0.533333 0.567920
f 932/978/932 1342/979/1342 903/980/903
vt 0.531801 0.553297
f 903/980/903 1342/979/1342 904/981/904
vt 0.526633 0.541722
f 904/981/904 1342/979/1342 905/982/905
vt 0.526705 0.541722
f 904/981/904 905/982/905 906/983/906
vt 0.522500 0.537295
f 906/983/906 905/982/905 908/984/908
vt 0.522573 0.537295
f 906/983/906 908/984/908 907/985/907
vt 0.517261 0.534020
f 907/985/907 908/984/908 1340/986/1340
vt 0.517333 0.534020
f 907/985/907 1340/986/1340 909/987/909
vt 0.510813 0.532001
f 909/987/909 1340/986/1340 1337/988/1337
vt 0.510885 0.532001
f 909/987/909 1337/988/1337 1171/989/1171
vt 0.503052 0.531341
f 1171/989/1171 1337/988/1337 910/990/910
vt 0.503124 0.531341
f 1171/989/1171 910/990/910 1165/991/1165
vt 0.604590 0.532748
vt 0.604662 0.532748
f 911/992/911 1359/919/1359 912/993/912
f 912/993/912 1359/919/1359 1138/921/1138
vt 0.770531 0.540870
f 1272/947/1272 915/994/915 913/948/913
vt 0.770603 0.540870
f 913/948/913 915/994/915 914/995/914
vt 0.777485 0.543019
f 914/995/914 915/994/915 916/996/916
vt 0.777557 0.543019
f 914/995/914 916/996/916 1090/997/1090
vt 0.783774 0.546613
f 1090/997/1090 916/996/916 917/998/917
vt 0.783847 0.546613
f 1090/997/1090 917/998/917 1092/999/1092
vt 0.789399 0.551652
f 1092/999/1092 917/998/917 918/1000/918
vt 0.789471 0.551652
f 1092/999/1092 918/1000/918 919/1001/919
vt 0.794032 0.557788
f 919/1001/919 918/1000/918 1270/1002/1270
vt 0.794104 0.557788
f 919/1001/919 1270/1002/1270 1094/1003/1094
vt 0.797345 0.564675
f 1094/1003/1094 1270/1002/1270 1269/1004/1269
vt 0.797418 0.564675
f 1094/1003/1094 1269/1004/1269 1096/1005/1096
vt 0.799341 0.572311
f 1096/1005/1096 1269/1004/1269 1268/1006/1268
vt 0.799413 0.572311
f 1096/1005/1096 1268/1006/1268 1097/1007/1097
vt 0.800017 0.580697
f 1097/1007/1097 1268/1006/1268 920/1008/920
vt 0.800089 0.580697
f 1097/1007/1097 920/1008/920 921/1009/921
f 727/791/727 730/795/730 1035/952/1035
vt 0.785050 0.590962
f 1035/952/1035 730/795/730 922/1010/922
f 922/1010/922 730/795/730 729/794/729
vt 0.780046 0.599240
f 922/1010/922 729/794/729 1036/1011/1036
f 1036/1011/1036 729/794/729 726/790/726
vt 0.772458 0.604721
f 1036/1011/1036 726/790/726 923/1012/923
f 923/1012/923 726/790/726 820/789/820
f 923/1012/923 820/789/820 1025/868/1025
vt 0.542893 0.536097
vt 0.542966 0.536097
f 924/1013/924 1341/953/1341 925/1014/925
f 925/1014/925 1341/953/1341 961/955/961
vt 0.421797 0.564236
vt 0.420605 0.550310
f 1384/1015/1384 926/1016/926 893/973/893
f 893/973/893 926/1016/926 927/974/927
vt 0.416376 0.540049
f 927/974/927 926/1016/926 1385/1017/1385
f 927/974/927 1385/1017/1385 928/975/928
vt 0.408397 0.533699
f 928/975/928 1385/1017/1385 929/1018/929
f 928/975/928 929/1018/929 930/976/930
vt 0.402842 0.532109
f 930/976/930 929/1018/929 1351/1019/1351
f 930/976/930 1351/1019/1351 895/977/895
f 895/977/895 1351/1019/1351 885/961/885
f 895/977/895 885/961/885 898/963/898
vt 0.447732 0.644376
vt 0.451357 0.643659
vt 0.447804 0.644376
f 1287/1020/1287 1336/1021/1336 1157/1022/1157
vt 0.451429 0.643659
f 1157/1022/1157 1336/1021/1336 1152/1023/1152
vt 0.454415 0.641525
f 1152/1023/1152 1336/1021/1336 1335/1024/1335
vt 0.454487 0.641525
f 1152/1023/1152 1335/1024/1335 1158/1025/1158
vt 0.456494 0.638203
f 1158/1025/1158 1335/1024/1335 1323/1026/1323
vt 0.456567 0.638203
f 1158/1025/1158 1323/1026/1323 931/1027/931
vt 0.457181 0.633918
f 931/1027/931 1323/1026/1323 1050/1028/1050
vt 0.457253 0.633918
f 931/1027/931 1050/1028/1050 1051/1029/1051
vt 0.533347 0.612375
vt 0.533419 0.612375
f 1344/1030/1344 932/978/932 1173/1031/1173
f 1173/1031/1173 932/978/932 903/980/903
vt 0.619922 0.532712
vt 0.619994 0.532712
f 1354/1032/1354 911/992/911 971/1033/971
f 971/1033/971 911/992/911 912/993/912
vt 0.799375 0.589053
f 920/1008/920 1267/1034/1267 921/1009/921
vt 0.799447 0.589053
f 921/1009/921 1267/1034/1267 933/1035/933
vt 0.797415 0.596665
f 933/1035/933 1267/1034/1267 1266/1036/1266
vt 0.797488 0.596665
f 933/1035/933 1266/1036/1266 934/1037/934
vt 0.794138 0.603533
f 934/1037/934 1266/1036/1266 1264/1038/1264
vt 0.794210 0.603533
f 934/1037/934 1264/1038/1264 935/1039/935
vt 0.789543 0.609658
f 935/1039/935 1264/1038/1264 936/1040/936
vt 0.789615 0.609658
f 935/1039/935 936/1040/936 1099/1041/1099
vt 0.783948 0.614694
f 1099/1041/1099 936/1040/936 1263/1042/1263
vt 0.784020 0.614694
f 1099/1041/1099 1263/1042/1263 937/1043/937
vt 0.777670 0.618296
f 937/1043/937 1263/1042/1263 938/1044/938
vt 0.777743 0.618296
f 937/1043/937 938/1044/938 939/1045/939
vt 0.770711 0.620464
f 939/1045/939 938/1044/938 940/1046/940
vt 0.770783 0.620464
f 939/1045/939 940/1046/940 942/1047/942
f 942/1047/942 940/1046/940 941/885/941
f 942/1047/942 941/885/941 1071/887/1071
vt 0.762998 0.616098
vt 0.775804 0.613559
vt 0.763071 0.616098
f 1261/1048/1261 1262/1049/1262 1024/1050/1024
vt 0.775876 0.613559
f 1024/1050/1024 1262/1049/1262 1038/1051/1038
vt 0.786220 0.606007
f 1038/1051/1038 1262/1049/1262 943/1052/943
vt 0.786292 0.606007
f 1038/1051/1038 943/1052/943 1037/1053/1037
vt 0.793129 0.594653
f 1037/1053/1037 943/1052/943 1265/1054/1265
vt 0.793201 0.594653
f 1037/1053/1037 1265/1054/1265 944/1055/944
vt 0.795412 0.580708
f 944/1055/944 1265/1054/1265 1103/1056/1103
vt 0.795484 0.580708
f 944/1055/944 1103/1056/1103 945/1057/945
f 851/908/851 827/874/827 880/855/880
f 880/855/880 827/874/827 946/854/946
vt 0.561673 0.531205
vt 0.555727 0.531619
vt 0.561745 0.531205
f 947/1058/947 1285/1059/1285 957/1060/957
vt 0.555799 0.531619
f 957/1060/957 1285/1059/1285 948/1061/948
vt 0.550515 0.532833
f 948/1061/948 1285/1059/1285 1338/1062/1338
vt 0.550588 0.532833
f 948/1061/948 1338/1062/1338 960/1063/960
vt 0.546188 0.534456
f 960/1063/960 1338/1062/1338 1339/1064/1339
vt 0.546260 0.534456
f 960/1063/960 1339/1064/1339 949/1065/949
f 949/1065/949 1339/1064/1339 924/1013/924
f 949/1065/949 924/1013/924 925/1014/925
vt 0.572278 0.612284
f 1345/839/1345 950/1066/950 805/841/805
vt 0.572350 0.612284
f 805/841/805 950/1066/950 952/1067/952
f 804/840/804 805/841/805 815/857/815
f 815/857/815 805/841/805 952/1067/952
vt 0.587648 0.633367
f 815/857/815 952/1067/952 951/1068/951
vt 0.572396 0.636032
f 951/1068/951 952/1067/952 1109/1069/1109
vt 0.587512 0.563849
f 951/1068/951 985/1070/985 815/857/815
f 815/857/815 985/1070/985 953/876/953
vt 0.586320 0.549924
f 953/876/953 985/1070/985 954/1071/954
f 953/876/953 954/1071/954 955/916/955
vt 0.582091 0.539662
f 955/916/955 954/1071/954 989/1072/989
vt 0.574112 0.533312
f 955/916/955 989/1072/989 990/1073/990
f 955/916/955 990/1073/990 854/914/854
vt 0.568557 0.531723
f 854/914/854 990/1073/990 992/1074/992
f 854/914/854 992/1074/992 956/912/956
f 956/912/956 992/1074/992 957/1060/957
f 956/912/956 957/1060/957 852/911/852
f 852/911/852 957/1060/957 948/1061/948
f 852/911/852 948/1061/948 882/960/882
f 882/960/882 948/1061/948 958/958/958
f 958/958/958 948/1061/948 960/1063/960
f 958/958/958 960/1063/960 959/956/959
f 959/956/959 960/1063/960 949/1065/949
f 959/956/959 949/1065/949 961/955/961
f 961/955/961 949/1065/949 925/1014/925
vt 0.421933 0.633754
f 1331/1075/1331 1384/1015/1384 993/971/993
f 993/971/993 1384/1015/1384 893/973/893
vt 0.406681 0.636419
f 1394/969/1394 1332/1076/1332 962/970/962
f 962/970/962 1332/1076/1332 891/972/891
vt 0.366953 0.612764
vt 0.366798 0.533303
vt 0.367025 0.612764
f 1390/1077/1390 963/1078/963 999/1079/999
vt 0.366870 0.533303
f 999/1079/999 963/1078/963 1116/1080/1116
vt 0.438242 0.633962
vt 0.438945 0.638192
vt 0.438314 0.633962
f 1004/1081/1004 964/1082/964 1005/1083/1005
vt 0.439018 0.638192
f 1005/1083/1005 964/1082/964 965/1084/965
vt 0.441037 0.641515
f 965/1084/965 964/1082/964 966/1085/966
vt 0.441110 0.641515
f 965/1084/965 966/1085/966 1156/1086/1156
vt 0.444104 0.643665
f 1156/1086/1156 966/1085/966 967/1087/967
vt 0.444176 0.643665
f 1156/1086/1156 967/1087/967 968/1088/968
f 968/1088/968 967/1087/967 1287/1020/1287
f 968/1088/968 1287/1020/1287 1157/1022/1157
vt 0.518091 0.612411
vt 0.518163 0.612411
f 969/1089/969 1344/1030/1344 970/1090/970
f 970/1090/970 1344/1030/1344 1173/1031/1173
vt 0.620003 0.574209
vt 0.620075 0.574209
f 1360/1091/1360 1354/1032/1354 1137/1092/1137
f 1137/1092/1137 1354/1032/1354 971/1033/971
vt 0.763088 0.630666
vt 0.772550 0.629759
vt 0.763160 0.630666
f 972/1093/972 973/1094/973 1102/1095/1102
vt 0.772622 0.629759
f 1102/1095/1102 973/1094/973 1101/1096/1101
vt 0.781165 0.627082
f 1101/1096/1101 973/1094/973 1367/1097/1367
vt 0.781237 0.627082
f 1101/1096/1101 1367/1097/1367 1100/1098/1100
vt 0.788931 0.622638
f 1100/1098/1100 1367/1097/1367 1366/1099/1366
vt 0.789003 0.622638
f 1100/1098/1100 1366/1099/1366 974/1100/974
vt 0.795850 0.616424
f 974/1100/974 1366/1099/1366 975/1101/975
vt 0.795922 0.616424
f 974/1100/974 975/1101/975 976/1102/976
vt 0.801531 0.608866
f 976/1102/976 975/1101/975 1364/1103/1364
vt 0.801603 0.608866
f 976/1102/976 1364/1103/1364 1098/1104/1098
vt 0.805582 0.600389
f 1098/1104/1098 1364/1103/1364 978/1105/978
vt 0.805654 0.600389
f 1098/1104/1098 978/1105/978 977/1106/977
vt 0.808004 0.590993
f 977/1106/977 978/1105/978 979/1107/979
vt 0.808077 0.590993
f 977/1106/977 979/1107/979 980/1108/980
vt 0.808798 0.580677
f 980/1108/980 979/1107/979 1139/1109/1139
vt 0.808870 0.580677
f 980/1108/980 1139/1109/1139 981/1110/981
vt 0.730570 0.580860
vt 0.732892 0.594793
vt 0.730642 0.580860
f 1023/1111/1023 982/1112/982 1028/1113/1028
vt 0.732964 0.594793
f 1028/1113/1028 982/1112/982 1027/1114/1027
vt 0.739799 0.606115
f 1027/1114/1027 982/1112/982 983/1115/983
vt 0.739871 0.606115
f 1027/1114/1027 983/1115/983 1026/1116/1026
vt 0.750198 0.613618
f 1026/1116/1026 983/1115/983 1258/1117/1258
vt 0.750271 0.613618
f 1026/1116/1026 1258/1117/1258 984/1118/984
f 984/1118/984 1258/1117/1258 1261/1048/1261
f 984/1118/984 1261/1048/1261 1024/1050/1024
vt 0.587440 0.563849
vt 0.586248 0.549924
f 1358/1119/1358 986/1120/986 985/1070/985
f 985/1070/985 986/1120/986 954/1071/954
vt 0.582019 0.539662
f 954/1071/954 986/1120/986 987/1121/987
f 954/1071/954 987/1121/987 989/1072/989
vt 0.574040 0.533312
f 989/1072/989 987/1121/987 988/1122/988
f 989/1072/989 988/1122/988 990/1073/990
vt 0.568485 0.531723
f 990/1073/990 988/1122/988 991/1123/991
f 990/1073/990 991/1123/991 992/1074/992
f 992/1074/992 991/1123/991 947/1058/947
f 992/1074/992 947/1058/947 957/1060/957
f 1332/1076/1332 1331/1075/1331 891/972/891
f 891/972/891 1331/1075/1331 993/971/993
vt 0.283979 0.573268
vt 0.285206 0.562131
vt 0.284051 0.573268
f 1277/1124/1277 1279/1125/1279 994/1126/994
vt 0.285278 0.562131
f 994/1126/994 1279/1125/1279 995/1127/995
vt 0.288938 0.553699
f 995/1127/995 1279/1125/1279 1278/1128/1278
vt 0.289010 0.553699
f 995/1127/995 1278/1128/1278 1213/1129/1213
vt 0.294799 0.548385
f 1213/1129/1213 1278/1128/1278 996/1130/996
vt 0.294872 0.548385
f 1213/1129/1213 996/1130/996 997/1131/997
vt 0.302415 0.546601
f 997/1131/997 996/1130/996 1276/1132/1276
vt 0.302487 0.546601
f 997/1131/997 1276/1132/1276 1045/1133/1045
vt 0.351621 0.612799
vt 0.351693 0.612799
f 1309/1134/1309 1390/1077/1390 998/1135/998
f 998/1135/998 1390/1077/1390 999/1079/999
vt 0.447691 0.623504
vt 0.444066 0.624221
vt 0.447763 0.623504
f 1000/1136/1000 1327/1137/1327 1155/1138/1155
vt 0.444139 0.624221
f 1155/1138/1155 1327/1137/1327 1001/1139/1001
vt 0.441008 0.626355
f 1001/1139/1001 1327/1137/1327 1328/1140/1328
vt 0.441080 0.626355
f 1001/1139/1001 1328/1140/1328 1002/1141/1002
vt 0.438929 0.629677
f 1002/1141/1002 1328/1140/1328 1330/1142/1330
vt 0.439001 0.629677
f 1002/1141/1002 1330/1142/1330 1003/1143/1003
f 1003/1143/1003 1330/1142/1330 1004/1081/1004
f 1003/1143/1003 1004/1081/1004 1005/1083/1005
vt 0.518010 0.570914
vt 0.518082 0.570914
f 1006/1144/1006 969/1089/969 1172/1145/1172
f 1172/1145/1172 969/1089/969 970/1090/970
vt 0.636209 0.598741
vt 0.628428 0.597486
vt 0.636281 0.598741
f 1062/1146/1062 1007/1147/1007 1129/1148/1129
vt 0.628500 0.597486
f 1129/1148/1129 1007/1147/1007 1008/1149/1008
vt 0.623535 0.593429
f 1008/1149/1008 1007/1147/1007 1009/1150/1009
vt 0.623607 0.593429
f 1008/1149/1008 1009/1150/1009 1010/1151/1010
vt 0.620852 0.585876
f 1010/1151/1010 1009/1150/1009 1362/1152/1362
vt 0.620924 0.585876
f 1010/1151/1010 1362/1152/1362 1136/1153/1136
f 1136/1153/1136 1362/1152/1362 1360/1091/1360
f 1136/1153/1136 1360/1091/1360 1137/1092/1137
vt 0.717245 0.580890
vt 0.718075 0.591202
vt 0.717317 0.580890
f 1070/1154/1070 1011/1155/1011 1080/1156/1080
vt 0.718147 0.591202
f 1080/1156/1080 1011/1155/1011 1012/1157/1012
vt 0.720523 0.600587
f 1012/1157/1012 1011/1155/1011 1371/1158/1371
vt 0.720595 0.600587
f 1012/1157/1012 1371/1158/1371 1077/1159/1077
vt 0.724588 0.609046
f 1077/1159/1077 1371/1158/1371 1013/1160/1013
vt 0.724660 0.609046
f 1077/1159/1077 1013/1160/1013 1015/1161/1015
vt 0.730271 0.616577
f 1015/1161/1015 1013/1160/1013 1014/1162/1014
vt 0.730343 0.616577
f 1015/1161/1015 1014/1162/1014 1075/1163/1075
vt 0.737191 0.622758
f 1075/1163/1075 1014/1162/1014 1370/1164/1370
vt 0.737263 0.622758
f 1075/1163/1075 1370/1164/1370 1016/1165/1016
vt 0.744967 0.627167
f 1016/1165/1016 1370/1164/1370 1368/1166/1368
vt 0.745039 0.627167
f 1016/1165/1016 1368/1166/1368 1073/1167/1073
vt 0.753600 0.629803
f 1073/1167/1073 1368/1166/1368 1017/1168/1017
vt 0.753672 0.629803
f 1073/1167/1073 1017/1168/1017 1072/1169/1072
f 1072/1169/1072 1017/1168/1017 972/1093/972
f 1072/1169/1072 972/1093/972 1102/1095/1102
vt 0.762860 0.545269
vt 0.750070 0.547825
vt 0.762932 0.545269
f 1018/1170/1018 1019/1171/1019 1108/1172/1108
vt 0.750142 0.547825
f 1108/1172/1108 1019/1171/1019 1020/1173/1020
vt 0.739700 0.555427
f 1020/1173/1020 1019/1171/1019 1021/1174/1021
vt 0.739772 0.555427
f 1020/1173/1020 1021/1174/1021 1032/1175/1032
vt 0.732837 0.566848
f 1032/1175/1032 1021/1174/1021 1275/1176/1275
vt 0.732910 0.566848
f 1032/1175/1032 1275/1176/1275 1022/1177/1022
f 1022/1177/1022 1275/1176/1275 1023/1111/1023
f 1022/1177/1022 1023/1111/1023 1028/1113/1028
f 923/1012/923 1025/868/1025 1024/1050/1024
f 1024/1050/1024 1025/868/1025 822/869/822
f 1024/1050/1024 822/869/822 984/1118/984
f 984/1118/984 822/869/822 824/870/824
f 984/1118/984 824/870/824 1026/1116/1026
f 1026/1116/1026 824/870/824 1027/1114/1027
f 1027/1114/1027 824/870/824 1029/871/1029
f 1027/1114/1027 1029/871/1029 1028/1113/1028
f 1028/1113/1028 1029/871/1029 1030/872/1030
f 1028/1113/1028 1030/872/1030 1031/903/1031
f 1028/1113/1028 1031/903/1031 1022/1177/1022
f 1022/1177/1022 1031/903/1031 848/904/848
f 1022/1177/1022 848/904/848 1032/1175/1032
f 1032/1175/1032 848/904/848 1020/1173/1020
f 1020/1173/1020 848/904/848 850/905/850
f 1020/1173/1020 850/905/850 1108/1172/1108
f 1108/1172/1108 850/905/850 1033/906/1033
f 1108/1172/1108 1033/906/1033 876/949/876
vt 0.775786 0.547756
f 1108/1172/1108 876/949/876 1107/1178/1107
f 1107/1178/1107 876/949/876 878/950/878
vt 0.786224 0.555285
f 1107/1178/1107 878/950/878 1034/1179/1034
vt 0.793154 0.566665
f 1034/1179/1034 878/950/878 1105/1180/1105
f 1105/1180/1105 878/950/878 879/951/879
f 1105/1180/1105 879/951/879 945/1057/945
f 945/1057/945 879/951/879 1035/952/1035
f 945/1057/945 1035/952/1035 922/1010/922
f 945/1057/945 922/1010/922 944/1055/944
f 944/1055/944 922/1010/922 1036/1011/1036
f 944/1055/944 1036/1011/1036 1037/1053/1037
f 1037/1053/1037 1036/1011/1036 1038/1051/1038
f 1038/1051/1038 1036/1011/1036 923/1012/923
f 1038/1051/1038 923/1012/923 1024/1050/1024
vt 0.587576 0.633367
f 1039/1181/1039 1358/1119/1358 951/1068/951
f 951/1068/951 1358/1119/1358 985/1070/985
vt 0.572324 0.636032
f 950/1066/950 1383/1182/1383 952/1067/952
f 952/1067/952 1383/1182/1383 1109/1069/1109
vt 0.193876 0.578162
vt 0.195333 0.592785
vt 0.193948 0.578162
f 1110/1183/1110 1293/1184/1293 1242/1185/1242
vt 0.195405 0.592785
f 1242/1185/1242 1293/1184/1293 1040/1186/1040
vt 0.200278 0.604442
f 1040/1186/1040 1293/1184/1293 1292/1187/1292
vt 0.200350 0.604442
f 1040/1186/1040 1292/1187/1292 1041/1188/1041
vt 0.204364 0.608808
f 1041/1188/1041 1292/1187/1292 1291/1189/1291
vt 0.204436 0.608808
f 1041/1188/1041 1291/1189/1291 1042/1190/1042
vt 0.209612 0.612062
f 1042/1190/1042 1291/1189/1291 1289/1191/1289
vt 0.209685 0.612062
f 1042/1190/1042 1289/1191/1289 1239/1192/1239
vt 0.216145 0.614081
f 1239/1192/1239 1289/1191/1289 1288/1193/1288
vt 0.216218 0.614081
f 1239/1192/1239 1288/1193/1288 1240/1194/1240
vt 0.224085 0.614740
f 1240/1194/1240 1288/1193/1288 1043/1195/1043
vt 0.224157 0.614740
f 1240/1194/1240 1043/1195/1043 1232/1196/1232
vt 0.309971 0.548340
f 1276/1132/1276 1044/1197/1044 1045/1133/1045
vt 0.310044 0.548340
f 1045/1133/1045 1044/1197/1044 1046/1198/1046
vt 0.315806 0.553595
f 1046/1198/1046 1044/1197/1044 1047/1199/1047
vt 0.315879 0.553595
f 1046/1198/1046 1047/1199/1047 1049/1200/1049
vt 0.319543 0.561999
f 1049/1200/1049 1047/1199/1047 1048/1201/1048
vt 0.319615 0.561999
f 1049/1200/1049 1048/1201/1048 1217/1202/1217
vt 0.320805 0.573182
f 1217/1202/1217 1048/1201/1048 1282/1203/1282
vt 0.320877 0.573182
f 1217/1202/1217 1282/1203/1282 1219/1204/1219
vt 0.351466 0.533339
vt 0.351538 0.533339
f 1314/1205/1314 1309/1134/1309 1117/1206/1117
f 1117/1206/1117 1309/1134/1309 998/1135/998
vt 0.456478 0.629636
f 1050/1028/1050 1325/1207/1325 1051/1029/1051
vt 0.456550 0.629636
f 1051/1029/1051 1325/1207/1325 1153/1208/1153
vt 0.454386 0.626323
f 1153/1208/1153 1325/1207/1325 1326/1209/1326
vt 0.454458 0.626323
f 1153/1208/1153 1326/1209/1326 1154/1210/1154
vt 0.451319 0.624204
f 1154/1210/1154 1326/1209/1326 1052/1211/1052
vt 0.451391 0.624204
f 1154/1210/1154 1052/1211/1052 1053/1212/1053
f 1053/1212/1053 1052/1211/1052 1000/1136/1000
f 1053/1212/1053 1000/1136/1000 1155/1138/1155
vt 0.501728 0.546382
vt 0.509303 0.547741
vt 0.501800 0.546382
f 1054/1213/1054 1056/1214/1056 1055/1215/1055
vt 0.509375 0.547741
f 1055/1215/1055 1056/1214/1056 1170/1216/1170
vt 0.514290 0.551858
f 1170/1216/1170 1056/1214/1056 1058/1217/1058
vt 0.514362 0.551858
f 1170/1216/1170 1058/1217/1058 1057/1218/1057
vt 0.517066 0.559371
f 1057/1218/1057 1058/1217/1058 1347/1219/1347
vt 0.517139 0.559371
f 1057/1218/1057 1347/1219/1347 1059/1220/1059
f 1059/1220/1059 1347/1219/1347 1006/1144/1006
f 1059/1220/1059 1006/1144/1006 1172/1145/1172
vt 0.648758 0.597519
vt 0.647668 0.597728
vt 0.648830 0.597519
f 1363/1221/1363 1361/1222/1361 1122/1223/1122
vt 0.647741 0.597728
f 1122/1223/1122 1361/1222/1361 1131/1224/1131
vt 0.644175 0.598270
f 1131/1224/1131 1361/1222/1361 1060/1225/1060
vt 0.644247 0.598270
f 1131/1224/1131 1060/1225/1060 1132/1226/1132
vt 0.640230 0.598608
f 1132/1226/1132 1060/1225/1060 1061/1227/1061
vt 0.640302 0.598608
f 1132/1226/1132 1061/1227/1061 1128/1228/1128
f 1128/1228/1128 1061/1227/1061 1062/1146/1062
f 1128/1228/1128 1062/1146/1062 1129/1148/1129
vt 0.762893 0.530700
vt 0.753408 0.531610
vt 0.762965 0.530700
f 1148/1229/1148 1063/1230/1063 1089/1231/1089
vt 0.753480 0.531610
f 1089/1231/1089 1063/1230/1063 1064/1232/1064
vt 0.744786 0.534292
f 1064/1232/1064 1063/1230/1063 1065/1233/1065
vt 0.744858 0.534292
f 1064/1232/1064 1065/1233/1065 1066/1234/1066
vt 0.737027 0.538748
f 1066/1234/1066 1065/1233/1065 1375/1235/1375
vt 0.737099 0.538748
f 1066/1234/1066 1375/1235/1375 1087/1236/1087
vt 0.730131 0.544976
f 1087/1236/1087 1375/1235/1375 1374/1237/1374
vt 0.730204 0.544976
f 1087/1236/1087 1374/1237/1374 1067/1238/1067
vt 0.724478 0.552557
f 1067/1238/1067 1374/1237/1374 1068/1239/1068
vt 0.724550 0.552557
f 1067/1238/1067 1068/1239/1068 1085/1240/1085
vt 0.720446 0.561069
f 1085/1240/1085 1068/1239/1068 1069/1241/1069
vt 0.720518 0.561069
f 1085/1240/1085 1069/1241/1069 1084/1242/1084
vt 0.718035 0.570514
f 1084/1242/1084 1069/1241/1069 1373/1243/1373
vt 0.718107 0.570514
f 1084/1242/1084 1373/1243/1373 1081/1244/1081
f 1081/1244/1081 1373/1243/1373 1070/1154/1070
f 1081/1244/1081 1070/1154/1070 1080/1156/1080
f 942/1047/942 1071/887/1071 1102/1095/1102
f 1102/1095/1102 1071/887/1071 840/888/840
f 1102/1095/1102 840/888/840 1072/1169/1072
f 1072/1169/1072 840/888/840 841/890/841
f 1072/1169/1072 841/890/841 1073/1167/1073
f 1073/1167/1073 841/890/841 842/892/842
f 1073/1167/1073 842/892/842 1016/1165/1016
f 1016/1165/1016 842/892/842 1074/894/1074
f 1016/1165/1016 1074/894/1074 1075/1163/1075
f 1075/1163/1075 1074/894/1074 1076/896/1076
f 1075/1163/1075 1076/896/1076 1015/1161/1015
f 1015/1161/1015 1076/896/1076 1077/1159/1077
f 1077/1159/1077 1076/896/1076 846/898/846
f 1077/1159/1077 846/898/846 1012/1157/1012
f 1012/1157/1012 846/898/846 1078/900/1078
f 1012/1157/1012 1078/900/1078 1080/1156/1080
f 1080/1156/1080 1078/900/1078 1079/902/1079
f 1080/1156/1080 1079/902/1079 1082/934/1082
f 1080/1156/1080 1082/934/1082 1081/1244/1081
f 1081/1244/1081 1082/934/1082 1083/936/1083
f 1081/1244/1081 1083/936/1083 1084/1242/1084
f 1084/1242/1084 1083/936/1083 869/938/869
f 1084/1242/1084 869/938/869 1085/1240/1085
f 1085/1240/1085 869/938/869 1067/1238/1067
f 1067/1238/1067 869/938/869 1086/940/1086
f 1067/1238/1067 1086/940/1086 1087/1236/1087
f 1087/1236/1087 1086/940/1086 873/942/873
f 1087/1236/1087 873/942/873 1066/1234/1066
f 1066/1234/1066 873/942/873 874/944/874
f 1066/1234/1066 874/944/874 1064/1232/1064
f 1064/1232/1064 874/944/874 1088/946/1088
f 1064/1232/1064 1088/946/1088 1089/1231/1089
f 1089/1231/1089 1088/946/1088 913/948/913
f 1089/1231/1089 913/948/913 914/995/914
vt 0.772431 0.531565
f 1089/1231/1089 914/995/914 1147/1245/1147
f 1147/1245/1147 914/995/914 1090/997/1090
vt 0.781056 0.534208
f 1147/1245/1147 1090/997/1090 1146/1246/1146
f 1146/1246/1146 1090/997/1090 1092/999/1092
vt 0.788839 0.538627
f 1146/1246/1146 1092/999/1092 1091/1247/1091
f 1091/1247/1091 1092/999/1092 919/1001/919
vt 0.795782 0.544823
f 1091/1247/1091 919/1001/919 1093/1248/1093
f 1093/1248/1093 919/1001/919 1094/1003/1094
vt 0.801492 0.552377
f 1093/1248/1093 1094/1003/1094 1143/1249/1143
vt 0.805577 0.560871
f 1143/1249/1143 1094/1003/1094 1095/1250/1095
f 1095/1250/1095 1094/1003/1094 1096/1005/1096
vt 0.808036 0.570304
f 1095/1250/1095 1096/1005/1096 1141/1251/1141
f 1141/1251/1141 1096/1005/1096 1097/1007/1097
f 1141/1251/1141 1097/1007/1097 981/1110/981
f 981/1110/981 1097/1007/1097 921/1009/921
f 981/1110/981 921/1009/921 933/1035/933
f 981/1110/981 933/1035/933 980/1108/980
f 980/1108/980 933/1035/933 934/1037/934
f 980/1108/980 934/1037/934 977/1106/977
f 977/1106/977 934/1037/934 935/1039/935
f 977/1106/977 935/1039/935 1098/1104/1098
f 1098/1104/1098 935/1039/935 976/1102/976
f 976/1102/976 935/1039/935 1099/1041/1099
f 976/1102/976 1099/1041/1099 974/1100/974
f 974/1100/974 1099/1041/1099 937/1043/937
f 974/1100/974 937/1043/937 1100/1098/1100
f 1100/1098/1100 937/1043/937 939/1045/939
f 1100/1098/1100 939/1045/939 1101/1096/1101
f 1101/1096/1101 939/1045/939 942/1047/942
f 1101/1096/1101 942/1047/942 1102/1095/1102
vt 0.793082 0.566665
f 1103/1056/1103 1104/1252/1104 945/1057/945
f 945/1057/945 1104/1252/1104 1105/1180/1105
vt 0.786152 0.555285
f 1105/1180/1105 1104/1252/1104 1106/1253/1106
f 1105/1180/1105 1106/1253/1106 1034/1179/1034
vt 0.775714 0.547756
f 1034/1179/1034 1106/1253/1106 1271/1254/1271
f 1034/1179/1034 1271/1254/1271 1107/1178/1107
f 1107/1178/1107 1271/1254/1271 1018/1170/1018
f 1107/1178/1107 1018/1170/1018 1108/1172/1108
f 1383/1182/1383 1039/1181/1039 1109/1069/1109
f 1109/1069/1109 1039/1181/1039 951/1068/951
vt 0.193789 0.533707
vt 0.193862 0.533707
f 1149/1255/1149 1110/1183/1110 1150/1256/1150
f 1150/1256/1150 1110/1183/1110 1242/1185/1242
vt 0.319587 0.584319
f 1282/1203/1282 1284/1257/1284 1219/1204/1219
vt 0.319659 0.584319
f 1219/1204/1219 1284/1257/1284 1112/1258/1112
vt 0.315883 0.592750
f 1112/1258/1112 1284/1257/1284 1111/1259/1111
vt 0.315955 0.592750
f 1112/1258/1112 1111/1259/1111 1113/1260/1113
vt 0.310069 0.598064
f 1113/1260/1113 1111/1259/1111 1114/1261/1114
vt 0.310141 0.598064
f 1113/1260/1113 1114/1261/1114 1220/1262/1220
vt 0.302519 0.599848
f 1220/1262/1220 1114/1261/1114 1283/1263/1283
vt 0.302591 0.599848
f 1220/1262/1220 1283/1263/1283 1115/1264/1115
f 963/1078/963 1314/1205/1314 1116/1080/1116
f 1116/1080/1116 1314/1205/1314 1117/1206/1117
vt 0.489254 0.547463
vt 0.490457 0.547312
vt 0.489326 0.547463
f 1346/1265/1346 1118/1266/1118 1169/1267/1169
vt 0.490529 0.547312
f 1169/1267/1169 1118/1266/1118 1166/1268/1166
vt 0.493838 0.546853
f 1166/1268/1166 1118/1266/1118 1119/1269/1119
vt 0.493910 0.546853
f 1166/1268/1166 1119/1269/1119 1167/1270/1167
vt 0.497557 0.546515
f 1167/1270/1167 1119/1269/1119 1120/1271/1120
vt 0.497629 0.546515
f 1167/1270/1167 1120/1271/1120 1168/1272/1168
f 1168/1272/1168 1120/1271/1120 1054/1213/1054
f 1168/1272/1168 1054/1213/1054 1055/1215/1055
vt 0.648631 0.532645
vt 0.648703 0.532645
f 1353/1273/1353 1363/1221/1363 1121/1274/1121
f 1121/1274/1121 1363/1221/1363 1122/1223/1122
vt 0.643735 0.613422
f 864/931/864 1123/1275/1123 865/932/865
vt 0.643807 0.613422
f 865/932/865 1123/1275/1123 1130/1276/1130
vt 0.651492 0.612387
f 1130/1276/1130 1123/1275/1123 1352/1277/1352
vt 0.651565 0.612387
f 1130/1276/1130 1352/1277/1352 1124/1278/1124
vt 0.658254 0.611005
f 1124/1278/1124 1352/1277/1352 1125/1279/1125
vt 0.658326 0.611005
f 1124/1278/1124 1125/1279/1125 1126/1280/1126
vt 0.664113 0.609605
f 1126/1280/1126 1125/1279/1125 1127/1281/1127
vt 0.664185 0.609605
f 1126/1280/1126 1127/1281/1127 1181/1282/1181
f 1130/1276/1130 1128/1228/1128 865/932/865
f 865/932/865 1128/1228/1128 1129/1148/1129
f 865/932/865 1129/1148/1129 1008/1149/1008
f 1124/1278/1124 1131/1224/1131 1130/1276/1130
f 1130/1276/1130 1131/1224/1131 1132/1226/1132
f 1130/1276/1130 1132/1226/1132 1128/1228/1128
f 1131/1224/1131 1124/1278/1124 1122/1223/1122
f 1122/1223/1122 1124/1278/1124 1126/1280/1126
f 1122/1223/1122 1126/1280/1126 1181/1282/1181
vt 0.664035 0.532609
f 1181/1282/1181 1133/1283/1133 1122/1223/1122
f 1122/1223/1122 1133/1283/1133 1121/1274/1121
f 1010/1151/1010 1135/928/1135 1008/1149/1008
f 1008/1149/1008 1135/928/1135 863/930/863
f 1008/1149/1008 863/930/863 865/932/865
f 1136/1153/1136 861/924/861 1010/1151/1010
f 1010/1151/1010 861/924/861 1134/926/1134
f 1010/1151/1010 1134/926/1134 1135/928/1135
f 1137/1092/1137 1138/921/1138 1136/1153/1136
f 1136/1153/1136 1138/921/1138 860/922/860
f 1136/1153/1136 860/922/860 861/924/861
f 971/1033/971 912/993/912 1137/1092/1137
f 1137/1092/1137 912/993/912 1138/921/1138
vt 0.807964 0.570304
f 1139/1109/1139 1140/1284/1140 981/1110/981
f 981/1110/981 1140/1284/1140 1141/1251/1141
vt 0.805505 0.560871
f 1141/1251/1141 1140/1284/1140 1379/1285/1379
f 1141/1251/1141 1379/1285/1379 1095/1250/1095
vt 0.801420 0.552377
f 1095/1250/1095 1379/1285/1379 1142/1286/1142
f 1095/1250/1095 1142/1286/1142 1143/1249/1143
vt 0.795710 0.544823
f 1143/1249/1143 1142/1286/1142 1378/1287/1378
f 1143/1249/1143 1378/1287/1378 1093/1248/1093
vt 0.788767 0.538627
f 1093/1248/1093 1378/1287/1378 1377/1288/1377
f 1093/1248/1093 1377/1288/1377 1091/1247/1091
vt 0.780983 0.534208
f 1091/1247/1091 1377/1288/1377 1144/1289/1144
f 1091/1247/1091 1144/1289/1144 1146/1246/1146
vt 0.772359 0.531565
f 1146/1246/1146 1144/1289/1144 1145/1290/1145
f 1146/1246/1146 1145/1290/1145 1147/1245/1147
f 1147/1245/1147 1145/1290/1145 1148/1229/1148
f 1147/1245/1147 1148/1229/1148 1089/1231/1089
vt 0.209121 0.533671
vt 0.209193 0.533671
f 1286/1291/1286 1149/1255/1149 1243/1292/1243
f 1243/1292/1243 1149/1255/1149 1150/1256/1150
vt 0.294896 0.598089
f 1283/1263/1283 1281/1293/1281 1115/1264/1115
vt 0.294969 0.598089
f 1115/1264/1115 1281/1293/1281 1222/1294/1222
vt 0.289014 0.592772
f 1222/1294/1222 1281/1293/1281 1280/1295/1280
vt 0.289087 0.592772
f 1222/1294/1222 1280/1295/1280 1224/1296/1224
vt 0.285250 0.584348
f 1224/1296/1224 1280/1295/1280 1151/1297/1151
vt 0.285322 0.584348
f 1224/1296/1224 1151/1297/1151 1225/1298/1225
f 1225/1298/1225 1151/1297/1151 1277/1124/1277
f 1225/1298/1225 1277/1124/1277 994/1126/994
f 1153/1208/1153 1157/1022/1157 1051/1029/1051
f 1051/1029/1051 1157/1022/1157 1152/1023/1152
f 1051/1029/1051 1152/1023/1152 1158/1025/1158
f 1153/1208/1153 1154/1210/1154 1157/1022/1157
f 1157/1022/1157 1154/1210/1154 1053/1212/1053
f 1157/1022/1157 1053/1212/1053 1155/1138/1155
f 1001/1139/1001 1005/1083/1005 1155/1138/1155
f 1155/1138/1155 1005/1083/1005 965/1084/965
f 1155/1138/1155 965/1084/965 1156/1086/1156
f 1001/1139/1001 1002/1141/1002 1005/1083/1005
f 1005/1083/1005 1002/1141/1002 1003/1143/1003
f 1156/1086/1156 968/1088/968 1155/1138/1155
f 1155/1138/1155 968/1088/968 1157/1022/1157
f 1158/1025/1158 931/1027/931 1051/1029/1051
vt 0.489381 0.612478
vt 0.489453 0.612478
f 1324/1299/1324 1346/1265/1346 1180/1300/1180
f 1180/1300/1180 1346/1265/1346 1169/1267/1169
vt 0.494165 0.531701
f 910/990/910 1349/1301/1349 1165/991/1165
vt 0.494237 0.531701
f 1165/991/1165 1349/1301/1349 1159/1302/1159
vt 0.486445 0.532736
f 1159/1302/1159 1349/1301/1349 1161/1303/1161
vt 0.486517 0.532736
f 1159/1302/1159 1161/1303/1161 1160/1304/1160
vt 0.479740 0.534138
f 1160/1304/1160 1161/1303/1161 1162/1305/1162
vt 0.479812 0.534138
f 1160/1304/1160 1162/1305/1162 1163/1306/1163
vt 0.473899 0.535600
f 1163/1306/1163 1162/1305/1162 1164/1307/1164
vt 0.473971 0.535600
f 1163/1306/1163 1164/1307/1164 1196/1308/1196
f 1159/1302/1159 1168/1272/1168 1165/991/1165
f 1165/991/1165 1168/1272/1168 1055/1215/1055
f 1165/991/1165 1055/1215/1055 1170/1216/1170
f 1160/1304/1160 1166/1268/1166 1159/1302/1159
f 1159/1302/1159 1166/1268/1166 1167/1270/1167
f 1159/1302/1159 1167/1270/1167 1168/1272/1168
f 1166/1268/1166 1160/1304/1160 1169/1267/1169
f 1169/1267/1169 1160/1304/1160 1163/1306/1163
f 1169/1267/1169 1163/1306/1163 1196/1308/1196
vt 0.474122 0.612514
f 1196/1308/1196 1179/1309/1179 1169/1267/1169
f 1169/1267/1169 1179/1309/1179 1180/1300/1180
f 1057/1218/1057 909/987/909 1170/1216/1170
f 1170/1216/1170 909/987/909 1171/989/1171
f 1170/1216/1170 1171/989/1171 1165/991/1165
f 1059/1220/1059 906/983/906 1057/1218/1057
f 1057/1218/1057 906/983/906 907/985/907
f 1057/1218/1057 907/985/907 909/987/909
f 1172/1145/1172 903/980/903 1059/1220/1059
f 1059/1220/1059 903/980/903 904/981/904
f 1059/1220/1059 904/981/904 906/983/906
f 970/1090/970 1173/1031/1173 1172/1145/1172
f 1172/1145/1172 1173/1031/1173 903/980/903
vt 0.663963 0.532609
f 1182/1310/1182 1353/1273/1353 1133/1283/1133
f 1133/1283/1133 1353/1273/1353 1121/1274/1121
vt 0.209202 0.575168
vt 0.209274 0.575168
f 1295/1311/1295 1286/1291/1286 1244/1312/1244
f 1244/1312/1244 1286/1291/1286 1243/1292/1243
vt 0.336663 0.573145
vt 0.336016 0.564159
vt 0.336735 0.573145
f 1195/1313/1195 1310/1314/1310 1174/1315/1174
vt 0.336088 0.564159
f 1174/1315/1174 1310/1314/1310 1218/1316/1218
vt 0.334112 0.556100
f 1218/1316/1218 1310/1314/1310 1311/1317/1311
vt 0.334184 0.556100
f 1218/1316/1218 1311/1317/1311 1216/1318/1216
vt 0.327021 0.542969
f 1216/1318/1216 1311/1317/1311 1312/1319/1312
vt 0.327094 0.542969
f 1216/1318/1216 1312/1319/1312 1175/1320/1175
vt 0.322023 0.538081
f 1175/1320/1175 1312/1319/1312 1176/1321/1176
vt 0.322096 0.538081
f 1175/1320/1175 1176/1321/1176 1215/1322/1215
vt 0.316145 0.534489
f 1215/1322/1215 1176/1321/1176 1313/1323/1313
vt 0.316217 0.534489
f 1215/1322/1215 1313/1323/1313 1177/1324/1177
vt 0.309546 0.532286
f 1177/1324/1177 1313/1323/1313 1178/1325/1178
vt 0.309618 0.532286
f 1177/1324/1177 1178/1325/1178 1214/1326/1214
vt 0.302385 0.531563
f 1214/1326/1214 1178/1325/1178 1245/1327/1245
vt 0.302458 0.531563
f 1214/1326/1214 1245/1327/1245 1247/1328/1247
f 1117/1206/1117 998/1135/998 1116/1080/1116
f 1116/1080/1116 998/1135/998 999/1079/999
vt 0.474049 0.612514
f 1348/1329/1348 1324/1299/1324 1179/1309/1179
f 1179/1309/1179 1324/1299/1324 1180/1300/1180
f 1127/1281/1127 1182/1310/1182 1181/1282/1181
f 1181/1282/1181 1182/1310/1182 1133/1283/1133
vt 0.225409 0.599700
vt 0.217627 0.598444
vt 0.225481 0.599700
f 1299/1330/1299 1183/1331/1183 1233/1332/1233
vt 0.217700 0.598444
f 1233/1332/1233 1183/1331/1183 1234/1333/1234
vt 0.212734 0.594388
f 1234/1333/1234 1183/1331/1183 1300/1334/1300
vt 0.212807 0.594388
f 1234/1333/1234 1300/1334/1300 1241/1335/1241
vt 0.210052 0.586834
f 1241/1335/1241 1300/1334/1300 1298/1336/1298
vt 0.210124 0.586834
f 1241/1335/1241 1298/1336/1298 1184/1337/1184
f 1184/1337/1184 1298/1336/1298 1295/1311/1295
f 1184/1337/1184 1295/1311/1295 1244/1312/1244
vt 0.302548 0.614886
vt 0.309658 0.614120
vt 0.302620 0.614886
f 1303/1338/1303 1185/1339/1185 1186/1340/1186
vt 0.309730 0.614120
f 1186/1340/1186 1185/1339/1185 1221/1341/1221
vt 0.316258 0.611855
f 1221/1341/1221 1185/1339/1185 1187/1342/1187
vt 0.316330 0.611855
f 1221/1341/1221 1187/1342/1187 1188/1343/1188
vt 0.322151 0.608205
f 1188/1343/1188 1187/1342/1187 1189/1344/1189
vt 0.322223 0.608205
f 1188/1343/1188 1189/1344/1189 1190/1345/1190
vt 0.327139 0.603283
f 1190/1345/1190 1189/1344/1189 1307/1346/1307
vt 0.327211 0.603283
f 1190/1345/1190 1307/1346/1307 1191/1347/1191
vt 0.334178 0.590037
f 1191/1347/1191 1307/1346/1307 1308/1348/1308
vt 0.334250 0.590037
f 1191/1347/1191 1308/1348/1308 1192/1349/1192
vt 0.336051 0.581969
f 1192/1349/1192 1308/1348/1308 1193/1350/1193
vt 0.336123 0.581969
f 1192/1349/1192 1193/1350/1193 1194/1351/1194
f 1194/1351/1194 1193/1350/1193 1195/1313/1195
f 1194/1351/1194 1195/1313/1195 1174/1315/1174
f 1164/1307/1164 1348/1329/1348 1196/1308/1196
f 1196/1308/1196 1348/1329/1348 1179/1309/1179
vt 0.237957 0.598477
vt 0.236868 0.598687
vt 0.238029 0.598477
f 1294/1352/1294 1198/1353/1198 1236/1354/1236
vt 0.236940 0.598687
f 1236/1354/1236 1198/1353/1198 1197/1355/1197
vt 0.233374 0.599229
f 1197/1355/1197 1198/1353/1198 1296/1356/1296
vt 0.233446 0.599229
f 1197/1355/1197 1296/1356/1296 1199/1357/1199
vt 0.229429 0.599567
f 1199/1357/1199 1296/1356/1296 1297/1358/1297
vt 0.229501 0.599567
f 1199/1357/1199 1297/1358/1297 1200/1359/1200
f 1200/1359/1200 1297/1358/1297 1299/1330/1299
f 1200/1359/1200 1299/1330/1299 1233/1332/1233
vt 0.268196 0.573305
vt 0.268833 0.582116
vt 0.268268 0.573305
f 1301/1360/1301 1319/1361/1319 1210/1362/1210
vt 0.268905 0.582116
f 1210/1362/1210 1319/1361/1319 1211/1363/1211
vt 0.270709 0.590144
f 1211/1363/1211 1319/1361/1319 1201/1364/1201
vt 0.270781 0.590144
f 1211/1363/1211 1201/1364/1201 1202/1365/1202
vt 0.273729 0.597255
f 1202/1365/1202 1201/1364/1201 1317/1366/1317
vt 0.273801 0.597255
f 1202/1365/1202 1317/1366/1317 1226/1367/1226
vt 0.277799 0.603316
f 1226/1367/1226 1317/1366/1317 1203/1368/1203
vt 0.277871 0.603316
f 1226/1367/1226 1203/1368/1203 1204/1369/1204
vt 0.282835 0.608225
f 1204/1369/1204 1203/1368/1203 1205/1370/1205
vt 0.282907 0.608225
f 1204/1369/1204 1205/1370/1205 1206/1371/1206
vt 0.288751 0.611878
f 1206/1371/1206 1205/1370/1205 1207/1372/1207
vt 0.288823 0.611878
f 1206/1371/1206 1207/1372/1207 1223/1373/1223
vt 0.295379 0.614143
f 1223/1373/1223 1207/1372/1207 1208/1374/1208
vt 0.295451 0.614143
f 1223/1373/1223 1208/1374/1208 1209/1375/1209
f 1209/1375/1209 1208/1374/1208 1303/1338/1303
f 1209/1375/1209 1303/1338/1303 1186/1340/1186
vt 0.268871 0.564377
f 995/1127/995 1255/1376/1255 994/1126/994
f 994/1126/994 1255/1376/1255 1210/1362/1210
f 994/1126/994 1210/1362/1210 1211/1363/1211
vt 0.277754 0.543166
f 1213/1129/1213 1252/1377/1252 995/1127/995
vt 0.270715 0.556330
f 995/1127/995 1252/1377/1252 1212/1378/1212
f 995/1127/995 1212/1378/1212 1255/1376/1255
vt 0.282771 0.538245
f 1252/1377/1252 1213/1129/1213 1250/1379/1250
f 1250/1379/1250 1213/1129/1213 997/1131/997
vt 0.288673 0.534595
f 1250/1379/1250 997/1131/997 1249/1380/1249
vt 0.295291 0.532330
f 1249/1380/1249 997/1131/997 1248/1381/1248
f 1248/1381/1248 997/1131/997 1045/1133/1045
f 1248/1381/1248 1045/1133/1045 1247/1328/1247
f 1247/1328/1247 1045/1133/1045 1214/1326/1214
f 1214/1326/1214 1045/1133/1045 1046/1198/1046
f 1214/1326/1214 1046/1198/1046 1177/1324/1177
f 1177/1324/1177 1046/1198/1046 1215/1322/1215
f 1215/1322/1215 1046/1198/1046 1049/1200/1049
f 1215/1322/1215 1049/1200/1049 1175/1320/1175
f 1175/1320/1175 1049/1200/1049 1217/1202/1217
f 1175/1320/1175 1217/1202/1217 1216/1318/1216
f 1216/1318/1216 1217/1202/1217 1218/1316/1218
f 1218/1316/1218 1217/1202/1217 1219/1204/1219
f 1218/1316/1218 1219/1204/1219 1174/1315/1174
f 1174/1315/1174 1219/1204/1219 1194/1351/1194
f 1194/1351/1194 1219/1204/1219 1112/1258/1112
f 1194/1351/1194 1112/1258/1112 1192/1349/1192
f 1192/1349/1192 1112/1258/1112 1191/1347/1191
f 1191/1347/1191 1112/1258/1112 1113/1260/1113
f 1191/1347/1191 1113/1260/1113 1190/1345/1190
f 1190/1345/1190 1113/1260/1113 1220/1262/1220
f 1190/1345/1190 1220/1262/1220 1188/1343/1188
f 1188/1343/1188 1220/1262/1220 1221/1341/1221
f 1221/1341/1221 1220/1262/1220 1115/1264/1115
f 1221/1341/1221 1115/1264/1115 1186/1340/1186
f 1186/1340/1186 1115/1264/1115 1209/1375/1209
f 1209/1375/1209 1115/1264/1115 1222/1294/1222
f 1209/1375/1209 1222/1294/1222 1223/1373/1223
f 1223/1373/1223 1222/1294/1222 1206/1371/1206
f 1206/1371/1206 1222/1294/1222 1224/1296/1224
f 1206/1371/1206 1224/1296/1224 1204/1369/1204
f 1204/1369/1204 1224/1296/1224 1226/1367/1226
f 1226/1367/1226 1224/1296/1224 1225/1298/1225
f 1226/1367/1226 1225/1298/1225 1202/1365/1202
f 1202/1365/1202 1225/1298/1225 1211/1363/1211
f 1211/1363/1211 1225/1298/1225 994/1126/994
vt 0.237831 0.533604
vt 0.237903 0.533604
f 1227/1382/1227 1294/1352/1294 1228/1383/1228
f 1228/1383/1228 1294/1352/1294 1236/1354/1236
vt 0.232934 0.614381
f 1043/1195/1043 1315/1384/1315 1232/1196/1232
vt 0.233006 0.614381
f 1232/1196/1232 1315/1384/1315 1235/1385/1235
vt 0.240692 0.613346
f 1235/1385/1235 1315/1384/1315 1229/1386/1229
vt 0.240764 0.613346
f 1235/1385/1235 1229/1386/1229 1230/1387/1230
vt 0.247453 0.611964
f 1230/1387/1230 1229/1386/1229 1302/1388/1302
vt 0.247525 0.611964
f 1230/1387/1230 1302/1388/1302 1231/1389/1231
vt 0.253313 0.610563
f 1231/1389/1231 1302/1388/1302 1318/1390/1318
vt 0.253385 0.610563
f 1231/1389/1231 1318/1390/1318 1237/1391/1237
f 1235/1385/1235 1200/1359/1200 1232/1196/1232
f 1232/1196/1232 1200/1359/1200 1233/1332/1233
f 1232/1196/1232 1233/1332/1233 1234/1333/1234
f 1230/1387/1230 1197/1355/1197 1235/1385/1235
f 1235/1385/1235 1197/1355/1197 1199/1357/1199
f 1235/1385/1235 1199/1357/1199 1200/1359/1200
f 1197/1355/1197 1230/1387/1230 1236/1354/1236
f 1236/1354/1236 1230/1387/1230 1231/1389/1231
f 1236/1354/1236 1231/1389/1231 1237/1391/1237
vt 0.253234 0.533568
f 1237/1391/1237 1238/1392/1238 1236/1354/1236
f 1236/1354/1236 1238/1392/1238 1228/1383/1228
f 1241/1335/1241 1239/1192/1239 1234/1333/1234
f 1234/1333/1234 1239/1192/1239 1240/1194/1240
f 1234/1333/1234 1240/1194/1240 1232/1196/1232
f 1184/1337/1184 1041/1188/1041 1241/1335/1241
f 1241/1335/1241 1041/1188/1041 1042/1190/1042
f 1241/1335/1241 1042/1190/1042 1239/1192/1239
f 1244/1312/1244 1242/1185/1242 1184/1337/1184
f 1184/1337/1184 1242/1185/1242 1040/1186/1040
f 1184/1337/1184 1040/1186/1040 1041/1188/1041
f 1243/1292/1243 1150/1256/1150 1244/1312/1244
f 1244/1312/1244 1150/1256/1150 1242/1185/1242
vt 0.295219 0.532330
f 1245/1327/1245 1246/1393/1246 1247/1328/1247
f 1247/1328/1247 1246/1393/1246 1248/1381/1248
vt 0.288600 0.534595
f 1248/1381/1248 1246/1393/1246 1322/1394/1322
f 1248/1381/1248 1322/1394/1322 1249/1380/1249
vt 0.282698 0.538245
f 1249/1380/1249 1322/1394/1322 1321/1395/1321
f 1249/1380/1249 1321/1395/1321 1250/1379/1250
vt 0.277682 0.543166
f 1250/1379/1250 1321/1395/1321 1251/1396/1251
f 1250/1379/1250 1251/1396/1251 1252/1377/1252
vt 0.270643 0.556330
f 1252/1377/1252 1251/1396/1251 1253/1397/1253
f 1252/1377/1252 1253/1397/1253 1212/1378/1212
vt 0.268799 0.564377
f 1212/1378/1212 1253/1397/1253 1254/1398/1254
f 1212/1378/1212 1254/1398/1254 1255/1376/1255
f 1255/1376/1255 1254/1398/1254 1301/1360/1301
f 1255/1376/1255 1301/1360/1301 1210/1362/1210
vt 0.253162 0.533568
f 1320/1399/1320 1227/1382/1227 1238/1392/1238
f 1238/1392/1238 1227/1382/1227 1228/1383/1228
f 1318/1390/1318 1320/1399/1320 1237/1391/1237
f 1237/1391/1237 1320/1399/1320 1238/1392/1238
f 867/933/867 866/901/866 1023/1111/1023
f 1023/1111/1023 866/901/866 845/899/845
f 1023/1111/1023 845/899/845 982/1112/982
f 982/1112/982 845/899/845 844/897/844
f 982/1112/982 844/897/844 843/895/843
f 982/1112/982 843/895/843 983/1115/983
f 983/1115/983 843/895/843 1256/893/1256
f 983/1115/983 1256/893/1256 1257/891/1257
f 983/1115/983 1257/891/1257 1258/1117/1258
f 1258/1117/1258 1257/891/1257 1259/889/1259
f 1258/1117/1258 1259/889/1259 1260/886/1260
f 1258/1117/1258 1260/886/1260 1261/1048/1261
f 1261/1048/1261 1260/886/1260 941/885/941
f 1261/1048/1261 941/885/941 940/1046/940
f 1261/1048/1261 940/1046/940 1262/1049/1262
f 1262/1049/1262 940/1046/940 938/1044/938
f 1262/1049/1262 938/1044/938 1263/1042/1263
f 1262/1049/1262 1263/1042/1263 943/1052/943
f 943/1052/943 1263/1042/1263 936/1040/936
f 943/1052/943 936/1040/936 1264/1038/1264
f 943/1052/943 1264/1038/1264 1265/1054/1265
f 1265/1054/1265 1264/1038/1264 1266/1036/1266
f 1265/1054/1265 1266/1036/1266 1267/1034/1267
f 1265/1054/1265 1267/1034/1267 1103/1056/1103
f 1103/1056/1103 1267/1034/1267 920/1008/920
f 1103/1056/1103 920/1008/920 1268/1006/1268
f 1103/1056/1103 1268/1006/1268 1104/1252/1104
f 1104/1252/1104 1268/1006/1268 1269/1004/1269
f 1104/1252/1104 1269/1004/1269 1270/1002/1270
f 1104/1252/1104 1270/1002/1270 1106/1253/1106
f 1106/1253/1106 1270/1002/1270 918/1000/918
f 1106/1253/1106 918/1000/918 917/998/917
f 1106/1253/1106 917/998/917 1271/1254/1271
f 1271/1254/1271 917/998/917 916/996/916
f 1271/1254/1271 916/996/916 915/994/915
f 1271/1254/1271 915/994/915 1018/1170/1018
f 1018/1170/1018 915/994/915 1272/947/1272
f 1018/1170/1018 1272/947/1272 1273/945/1273
f 1018/1170/1018 1273/945/1273 1019/1171/1019
f 1019/1171/1019 1273/945/1273 872/943/872
f 1019/1171/1019 872/943/872 1274/941/1274
f 1019/1171/1019 1274/941/1274 1021/1174/1021
f 1021/1174/1021 1274/941/1274 871/939/871
f 1021/1174/1021 871/939/871 870/937/870
f 1021/1174/1021 870/937/870 1275/1176/1275
f 1275/1176/1275 870/937/870 868/935/868
f 1275/1176/1275 868/935/868 867/933/867
f 1275/1176/1275 867/933/867 1023/1111/1023
f 996/1130/996 1277/1124/1277 1276/1132/1276
f 1276/1132/1276 1277/1124/1277 1151/1297/1151
f 1276/1132/1276 1151/1297/1151 1280/1295/1280
f 1278/1128/1278 1279/1125/1279 996/1130/996
f 996/1130/996 1279/1125/1279 1277/1124/1277
f 1280/1295/1280 1281/1293/1281 1276/1132/1276
f 1276/1132/1276 1281/1293/1281 1283/1263/1283
f 1276/1132/1276 1283/1263/1283 1044/1197/1044
f 1044/1197/1044 1283/1263/1283 1047/1199/1047
f 1047/1199/1047 1283/1263/1283 1048/1201/1048
f 1048/1201/1048 1283/1263/1283 1282/1203/1282
f 1282/1203/1282 1283/1263/1283 1114/1261/1114
f 1282/1203/1282 1114/1261/1114 1284/1257/1284
f 1284/1257/1284 1114/1261/1114 1111/1259/1111
f 724/780/724 910/990/910 1376/771/1376
f 1376/771/1376 910/990/910 1285/1059/1285
f 1376/771/1376 1285/1059/1285 947/1058/947
f 1290/778/1290 1110/1183/1110 724/780/724
f 724/780/724 1110/1183/1110 1149/1255/1149
f 724/780/724 1149/1255/1149 1286/1291/1286
f 1365/779/1365 1287/1020/1287 1290/778/1290
f 1290/778/1290 1287/1020/1287 1334/802/1334
f 1290/778/1290 1334/802/1334 1316/822/1316
f 1376/771/1376 1139/1109/1139 1365/779/1365
f 1365/779/1365 1139/1109/1139 979/1107/979
f 1365/779/1365 979/1107/979 978/1105/978
f 1315/1384/1315 1043/1195/1043 1290/778/1290
f 1290/778/1290 1043/1195/1043 1288/1193/1288
f 1290/778/1290 1288/1193/1288 1289/1191/1289
f 1289/1191/1289 1291/1189/1291 1290/778/1290
f 1290/778/1290 1291/1189/1291 1292/1187/1292
f 1290/778/1290 1292/1187/1292 1293/1184/1293
f 1293/1184/1293 1110/1183/1110 1290/778/1290
f 724/780/724 1286/1291/1286 1227/1382/1227
f 1227/1382/1227 1286/1291/1286 1295/1311/1295
f 1227/1382/1227 1295/1311/1295 1294/1352/1294
f 1294/1352/1294 1295/1311/1295 1198/1353/1198
f 1198/1353/1198 1295/1311/1295 1296/1356/1296
f 1296/1356/1296 1295/1311/1295 1298/1336/1298
f 1296/1356/1296 1298/1336/1298 1297/1358/1297
f 1297/1358/1297 1298/1336/1298 1299/1330/1299
f 1299/1330/1299 1298/1336/1298 1300/1334/1300
f 1299/1330/1299 1300/1334/1300 1183/1331/1183
f 1227/1382/1227 1320/1399/1320 724/780/724
f 724/780/724 1320/1399/1320 1246/1393/1246
f 724/780/724 1246/1393/1246 1245/1327/1245
f 1318/1390/1318 1301/1360/1301 1320/1399/1320
f 1320/1399/1320 1301/1360/1301 1254/1398/1254
f 1320/1399/1320 1254/1398/1254 1253/1397/1253
f 1302/1388/1302 1208/1374/1208 1318/1390/1318
f 1318/1390/1318 1208/1374/1208 1207/1372/1207
f 1318/1390/1318 1207/1372/1207 1205/1370/1205
f 1302/1388/1302 1229/1386/1229 1208/1374/1208
f 1208/1374/1208 1229/1386/1229 796/820/796
f 1208/1374/1208 796/820/796 1303/1338/1303
f 1303/1338/1303 796/820/796 1304/817/1304
f 1303/1338/1303 1304/817/1304 1185/1339/1185
f 1185/1339/1185 1304/817/1304 1305/816/1305
f 1185/1339/1185 1305/816/1305 1187/1342/1187
f 1187/1342/1187 1305/816/1305 1306/836/1306
f 1187/1342/1187 1306/836/1306 1189/1344/1189
f 1189/1344/1189 1306/836/1306 1309/1134/1309
f 1189/1344/1189 1309/1134/1309 1307/1346/1307
f 1307/1346/1307 1309/1134/1309 1308/1348/1308
f 1308/1348/1308 1309/1134/1309 1193/1350/1193
f 1193/1350/1193 1309/1134/1309 1195/1313/1195
f 1195/1313/1195 1309/1134/1309 1314/1205/1314
f 1195/1313/1195 1314/1205/1314 1310/1314/1310
f 1310/1314/1310 1314/1205/1314 1311/1317/1311
f 1311/1317/1311 1314/1205/1314 1312/1319/1312
f 1312/1319/1312 1314/1205/1314 1176/1321/1176
f 1176/1321/1176 1314/1205/1314 1313/1323/1313
f 1313/1323/1313 1314/1205/1314 1178/1325/1178
f 1178/1325/1178 1314/1205/1314 724/780/724
f 1178/1325/1178 724/780/724 1245/1327/1245
f 1229/1386/1229 1315/1384/1315 796/820/796
f 796/820/796 1315/1384/1315 1316/822/1316
f 1316/822/1316 1315/1384/1315 1290/778/1290
f 1205/1370/1205 1203/1368/1203 1318/1390/1318
f 1318/1390/1318 1203/1368/1203 1317/1366/1317
f 1318/1390/1318 1317/1366/1317 1201/1364/1201
f 1201/1364/1201 1319/1361/1319 1318/1390/1318
f 1318/1390/1318 1319/1361/1319 1301/1360/1301
f 1253/1397/1253 1251/1396/1251 1320/1399/1320
f 1320/1399/1320 1251/1396/1251 1321/1395/1321
f 1320/1399/1320 1321/1395/1321 1322/1394/1322
f 1322/1394/1322 1246/1393/1246 1320/1399/1320
f 1390/1077/1390 1388/877/1388 963/1078/963
f 963/1078/963 1388/877/1388 890/917/890
f 963/1078/963 890/917/890 889/967/889
f 1309/1134/1309 1399/830/1399 1390/1077/1390
f 1390/1077/1390 1399/830/1399 812/850/812
f 1390/1077/1390 812/850/812 810/848/810
f 1314/1205/1314 963/1078/963 724/780/724
f 724/780/724 963/1078/963 886/962/886
f 724/780/724 886/962/886 885/961/885
f 1323/1026/1323 1324/1299/1324 1050/1028/1050
f 1050/1028/1050 1324/1299/1324 1348/1329/1348
f 1050/1028/1050 1348/1329/1348 1325/1207/1325
f 1325/1207/1325 1348/1329/1348 1326/1209/1326
f 1326/1209/1326 1348/1329/1348 806/824/806
f 1326/1209/1326 806/824/806 1052/1211/1052
f 1052/1211/1052 806/824/806 1000/1136/1000
f 1000/1136/1000 806/824/806 1329/842/1329
f 1000/1136/1000 1329/842/1329 1327/1137/1327
f 1327/1137/1327 1329/842/1329 1328/1140/1328
f 1328/1140/1328 1329/842/1329 1331/1075/1331
f 1328/1140/1328 1331/1075/1331 1330/1142/1330
f 1330/1142/1330 1331/1075/1331 1004/1081/1004
f 1004/1081/1004 1331/1075/1331 964/1082/964
f 964/1082/964 1331/1075/1331 966/1085/966
f 966/1085/966 1331/1075/1331 1332/1076/1332
f 966/1085/966 1332/1076/1332 967/1087/967
f 967/1087/967 1332/1076/1332 1333/803/1333
f 967/1087/967 1333/803/1333 1287/1020/1287
f 1287/1020/1287 1333/803/1333 1334/802/1334
f 1324/1299/1324 1323/1026/1323 969/1089/969
f 969/1089/969 1323/1026/1323 1335/1024/1335
f 969/1089/969 1335/1024/1335 1383/1182/1383
f 1383/1182/1383 1335/1024/1335 1336/1021/1336
f 1383/1182/1383 1336/1021/1336 1365/779/1365
f 1365/779/1365 1336/1021/1336 1287/1020/1287
f 910/990/910 1337/988/1337 1285/1059/1285
f 1285/1059/1285 1337/988/1337 1338/1062/1338
f 1338/1062/1338 1337/988/1337 1340/986/1340
f 1338/1062/1338 1340/986/1340 1339/1064/1339
f 1339/1064/1339 1340/986/1340 924/1013/924
f 924/1013/924 1340/986/1340 908/984/908
f 924/1013/924 908/984/908 905/982/905
f 905/982/905 1342/979/1342 924/1013/924
f 924/1013/924 1342/979/1342 1341/953/1341
f 1341/953/1341 1342/979/1342 932/978/932
f 1341/953/1341 932/978/932 857/875/857
f 857/875/857 932/978/932 1343/838/1343
f 857/875/857 1343/838/1343 828/856/828
f 932/978/932 1344/1030/1344 1343/838/1343
f 1343/838/1343 1344/1030/1344 1345/839/1345
f 1345/839/1345 1344/1030/1344 1383/1182/1383
f 1345/839/1345 1383/1182/1383 950/1066/950
f 1344/1030/1344 969/1089/969 1383/1182/1383
f 969/1089/969 1006/1144/1006 1324/1299/1324
f 1324/1299/1324 1006/1144/1006 1346/1265/1346
f 1346/1265/1346 1006/1144/1006 1118/1266/1118
f 1118/1266/1118 1006/1144/1006 1119/1269/1119
f 1119/1269/1119 1006/1144/1006 1347/1219/1347
f 1119/1269/1119 1347/1219/1347 1120/1271/1120
f 1120/1271/1120 1347/1219/1347 1054/1213/1054
f 1054/1213/1054 1347/1219/1347 1058/1217/1058
f 1054/1213/1054 1058/1217/1058 1056/1214/1056
f 1348/1329/1348 1164/1307/1164 806/824/806
f 806/824/806 1164/1307/1164 1350/825/1350
f 1350/825/1350 1164/1307/1164 1162/1305/1162
f 1350/825/1350 1162/1305/1162 1161/1303/1161
f 1161/1303/1161 1349/1301/1349 1350/825/1350
f 1350/825/1350 1349/1301/1349 724/780/724
f 1350/825/1350 724/780/724 829/858/829
f 829/858/829 724/780/724 1351/1019/1351
f 829/858/829 1351/1019/1351 929/1018/929
f 1349/1301/1349 910/990/910 724/780/724
f 862/929/862 1039/1181/1039 864/931/864
f 864/931/864 1039/1181/1039 814/853/814
f 864/931/864 814/853/814 1123/1275/1123
f 1123/1275/1123 814/853/814 1352/1277/1352
f 1352/1277/1352 814/853/814 1125/1279/1125
f 1125/1279/1125 814/853/814 1127/1281/1127
f 1127/1281/1127 814/853/814 813/852/813
f 1127/1281/1127 813/852/813 1182/1310/1182
f 1182/1310/1182 813/852/813 1376/771/1376
f 1182/1310/1182 1376/771/1376 1353/1273/1353
f 1353/1273/1353 1376/771/1376 1354/1032/1354
f 1353/1273/1353 1354/1032/1354 1360/1091/1360
f 862/929/862 1355/927/1355 1039/1181/1039
f 1039/1181/1039 1355/927/1355 1356/925/1356
f 1039/1181/1039 1356/925/1356 1357/923/1357
f 1357/923/1357 859/920/859 1039/1181/1039
f 1039/1181/1039 859/920/859 1358/1119/1358
f 1358/1119/1358 859/920/859 1359/919/1359
f 1358/1119/1358 1359/919/1359 911/992/911
f 1354/1032/1354 1376/771/1376 911/992/911
f 911/992/911 1376/771/1376 991/1123/991
f 911/992/911 991/1123/991 988/1122/988
f 1362/1152/1362 1060/1225/1060 1360/1091/1360
f 1360/1091/1360 1060/1225/1060 1361/1222/1361
f 1360/1091/1360 1361/1222/1361 1363/1221/1363
f 1009/1150/1009 1062/1146/1062 1362/1152/1362
f 1362/1152/1362 1062/1146/1062 1061/1227/1061
f 1362/1152/1362 1061/1227/1061 1060/1225/1060
f 1009/1150/1009 1007/1147/1007 1062/1146/1062
f 1363/1221/1363 1353/1273/1353 1360/1091/1360
f 978/1105/978 1364/1103/1364 1365/779/1365
f 1365/779/1365 1364/1103/1364 975/1101/975
f 1365/779/1365 975/1101/975 1366/1099/1366
f 1366/1099/1366 1367/1097/1367 1365/779/1365
f 1365/779/1365 1367/1097/1367 973/1094/973
f 1365/779/1365 973/1094/973 972/1093/972
f 1365/779/1365 972/1093/972 1369/907/1369
f 1369/907/1369 972/1093/972 1017/1168/1017
f 1369/907/1369 1017/1168/1017 1368/1166/1368
f 1368/1166/1368 1370/1164/1370 1369/907/1369
f 1369/907/1369 1370/1164/1370 1014/1162/1014
f 1369/907/1369 1014/1162/1014 1013/1160/1013
f 1013/1160/1013 1371/1158/1371 1369/907/1369
f 1369/907/1369 1371/1158/1371 1011/1155/1011
f 1369/907/1369 1011/1155/1011 1070/1154/1070
f 1369/907/1369 1070/1154/1070 1372/873/1372
f 1372/873/1372 1070/1154/1070 1373/1243/1373
f 1372/873/1372 1373/1243/1373 1069/1241/1069
f 1069/1241/1069 1068/1239/1068 1372/873/1372
f 1372/873/1372 1068/1239/1068 1374/1237/1374
f 1372/873/1372 1374/1237/1374 1375/1235/1375
f 1375/1235/1375 1065/1233/1065 1372/873/1372
f 1372/873/1372 1065/1233/1065 1063/1230/1063
f 1372/873/1372 1063/1230/1063 1376/771/1376
f 1376/771/1376 1063/1230/1063 1148/1229/1148
f 1376/771/1376 1148/1229/1148 1145/1290/1145
f 1145/1290/1145 1144/1289/1144 1376/771/1376
f 1376/771/1376 1144/1289/1144 1377/1288/1377
f 1376/771/1376 1377/1288/1377 1378/1287/1378
f 1378/1287/1378 1142/1286/1142 1376/771/1376
f 1376/771/1376 1142/1286/1142 1379/1285/1379
f 1376/771/1376 1379/1285/1379 1140/1284/1140
f 1140/1284/1140 1139/1109/1139 1376/771/1376
f 813/852/813 1372/873/1372 1376/771/1376
f 1369/907/1369 814/853/814 1365/779/1365
f 1365/779/1365 814/853/814 1383/1182/1383
f 856/915/856 1380/957/1380 857/875/857
f 857/875/857 1380/957/1380 881/954/881
f 857/875/857 881/954/881 1341/953/1341
f 855/913/855 1381/909/1381 856/915/856
f 856/915/856 1381/909/1381 1382/959/1382
f 856/915/856 1382/959/1382 1380/957/1380
f 855/913/855 853/910/853 1381/909/1381
f 947/1058/947 991/1123/991 1376/771/1376
f 988/1122/988 987/1121/987 911/992/911
f 911/992/911 987/1121/987 986/1120/986
f 911/992/911 986/1120/986 1358/1119/1358
f 1039/1181/1039 1383/1182/1383 814/853/814
f 1331/1075/1331 1329/842/1329 1384/1015/1384
f 1384/1015/1384 1329/842/1329 829/858/829
f 1384/1015/1384 829/858/829 926/1016/926
f 926/1016/926 829/858/829 1385/1017/1385
f 1385/1017/1385 829/858/829 929/1018/929
f 1389/812/1389 1390/1077/1390 1386/813/1386
f 1386/813/1386 1390/1077/1390 810/848/810
f 1386/813/1386 810/848/810 809/846/809
f 798/828/798 1387/844/1387 1389/812/1389
f 1389/812/1389 1387/844/1387 1388/877/1388
f 1389/812/1389 1388/877/1388 1390/1077/1390
f 1392/866/1392 832/881/832 1387/844/1387
f 1387/844/1387 832/881/832 831/878/831
f 1387/844/1387 831/878/831 1388/877/1388
f 1391/864/1391 816/860/816 1392/866/1392
f 1392/866/1392 816/860/816 833/883/833
f 1392/866/1392 833/883/833 832/881/832
f 1391/864/1391 818/861/818 816/860/816
f 889/967/889 1393/965/1393 963/1078/963
f 963/1078/963 1393/965/1393 886/962/886
f 885/961/885 1351/1019/1351 724/780/724
f 1394/969/1394 1386/813/1386 1332/1076/1332
f 1332/1076/1332 1386/813/1386 809/846/809
f 1332/1076/1332 809/846/809 1395/810/1395
f 1395/810/1395 1396/808/1396 1332/1076/1332
f 1332/1076/1332 1396/808/1396 1397/806/1397
f 1332/1076/1332 1397/806/1397 1333/803/1333
f 1306/836/1306 801/834/801 1309/1134/1309
f 1309/1134/1309 801/834/801 1398/831/1398
f 1309/1134/1309 1398/831/1398 1399/830/1399
vt 0.449361 0.416617
vt 0.498612 0.408729
vt 0.447524 0.408894
f 1400/1400/1400 1403/1401/1403 1428/1402/1428
vt 0.400388 0.416858
f 1400/1400/1400 1428/1402/1428 1429/1403/1429
vt 0.269117 0.416830
f 1429/1403/1429 1430/1404/1430 1400/1400/1400
vt 0.266768 0.416774
f 1400/1400/1400 1430/1404/1430 1425/1405/1425
vt 0.498628 0.416463
f 1400/1400/1400 1425/1405/1425 1424/1406/1424
f 1424/1406/1424 1403/1401/1403 1400/1400/1400
vt 0.547911 0.416386
f 1401/1407/1401 1403/1401/1403 1424/1406/1424
vt 0.732119 0.415679
f 1424/1406/1424 1494/1408/1494 1401/1407/1401
vt 0.728987 0.415728
f 1401/1407/1401 1494/1408/1494 1496/1409/1496
vt 0.596935 0.416400
f 1401/1407/1401 1496/1409/1496 1501/1410/1501
vt 0.549718 0.408656
f 1501/1410/1501 1402/1411/1402 1401/1407/1401
f 1401/1407/1401 1402/1411/1402 1403/1401/1403
vt 0.730378 0.407963
f 1402/1411/1402 1495/1412/1495 1403/1401/1403
vt 0.733949 0.407946
f 1403/1401/1403 1495/1412/1495 1515/1413/1515
vt 0.852011 0.406592
f 1413/1414/1413 1403/1401/1403 1515/1413/1515
vt 0.868400 0.406802
f 1413/1414/1413 1515/1413/1515 1522/1415/1522
vt 0.864542 0.406676
f 1522/1415/1522 2854/1416/2854 1413/1414/1413
vt 0.858786 0.406606
f 1413/1414/1413 2854/1416/2854 2734/1417/2734
vt 0.859465 0.773879
f 1404/1418/1404 1413/1414/1413 2734/1417/2734
vt 0.865223 0.773953
f 1404/1418/1404 2734/1417/2734 1523/1419/1523
vt 0.859525 0.800907
f 1523/1419/1523 1526/1420/1526 1404/1418/1404
vt 0.852753 0.801124
f 1404/1418/1404 1526/1420/1526 1527/1421/1527
vt 0.852695 0.773865
f 1404/1418/1404 1527/1421/1527 1541/1422/1541
f 1541/1422/1541 1413/1414/1413 1404/1418/1404
vt 0.840890 0.606981
f 1541/1422/1541 1405/1423/1405 1413/1414/1413
vt 0.840769 0.580779
f 1413/1414/1413 1405/1423/1405 1546/1424/1546
vt 0.836837 0.554934
f 1413/1414/1413 1546/1424/1546 1406/1425/1406
vt 0.829201 0.530100
f 1406/1425/1406 1549/1426/1549 1413/1414/1413
vt 0.818048 0.506913
f 1413/1414/1413 1549/1426/1549 1407/1427/1407
vt 0.803665 0.485957
f 1413/1414/1413 1407/1427/1407 1408/1428/1408
vt 0.786421 0.467765
f 1408/1428/1408 1409/1429/1409 1413/1414/1413
vt 0.766747 0.452802
f 1413/1414/1413 1409/1429/1409 1552/1430/1552
vt 0.745149 0.441448
f 1413/1414/1413 1552/1430/1552 1410/1431/1410
vt 0.722172 0.433990
f 1410/1431/1410 1554/1432/1554 1413/1414/1413
vt 0.698406 0.430618
f 1413/1414/1413 1554/1432/1554 1411/1433/1411
vt 0.674451 0.431420
f 1413/1414/1413 1411/1433/1411 1558/1434/1558
vt 0.324987 0.432231
f 1558/1434/1558 1412/1435/1412 1413/1414/1413
vt 0.144679 0.408233
f 1413/1414/1413 1412/1435/1412 1562/1436/1562
f 1562/1436/1562 1403/1401/1403 1413/1414/1413
vt 0.265022 0.409034
f 1427/1437/1427 1403/1401/1403 1562/1436/1562
vt 0.128392 0.408519
f 2857/1438/2857 1427/1437/1427 1562/1436/1562
vt 0.132199 0.408379
f 2857/1438/2857 1562/1436/1562 2735/1439/2735
vt 0.132880 0.775653
f 1414/1440/1414 2857/1438/2857 2735/1439/2735
vt 0.138600 0.775555
f 1414/1440/1414 2735/1439/2735 1731/1441/1731
vt 0.132941 0.802023
f 1731/1441/1731 1415/1442/1415 1414/1440/1414
vt 0.129128 0.801180
f 1414/1440/1414 1415/1442/1415 1735/1443/1735
vt 0.129073 0.775789
f 1414/1440/1414 1735/1443/1735 1734/1444/1734
f 1734/1444/1734 2857/1438/2857 1414/1440/1414
vt 0.127077 0.408673
f 1734/1444/1734 2739/1445/2739 2857/1438/2857
f 2739/1445/2739 1427/1437/1427 2857/1438/2857
vt 0.261451 0.409055
f 2739/1445/2739 3114/1446/3114 1427/1437/1427
vt 0.263195 0.416767
f 1416/1447/1416 1427/1437/1427 3114/1446/3114
vt 0.260063 0.416820
f 1416/1447/1416 3114/1446/3114 1449/1448/1449
vt 0.195296 0.417253
f 1449/1448/1449 1417/1449/1417 1416/1447/1416
vt 0.134166 0.416389
f 1420/1450/1420 1416/1447/1416 1417/1449/1417
vt 0.190891 0.417334
f 1420/1450/1420 1417/1449/1417 1418/1451/1418
vt 0.189227 0.417456
f 1419/1452/1419 1420/1450/1420 1418/1451/1418
vt 0.190875 0.409604
f 1418/1451/1418 1453/1453/1453 1419/1452/1419
vt 0.189211 0.409726
f 1419/1452/1419 1453/1453/1453 2741/1454/2741
vt 0.190935 0.417568
f 1419/1452/1419 2741/1454/2741 2324/1455/2324
vt 0.134659 0.418838
f 2324/1455/2324 2317/1456/2317 1419/1452/1419
f 1419/1452/1419 2317/1456/2317 1420/1450/1420
vt 0.134640 0.449076
f 2317/1456/2317 1455/1457/1455 1420/1450/1420
vt 0.134636 0.481445
f 1420/1450/1420 1455/1457/1455 1456/1458/1456
vt 0.134534 0.501781
f 1456/1458/1456 1741/1459/1741 1420/1450/1420
vt 0.134518 0.502390
f 1420/1450/1420 1741/1459/1741 1744/1460/1744
vt 0.134518 0.505374
f 1420/1450/1420 1744/1460/1744 1421/1461/1421
vt 0.134524 0.509344
f 1421/1461/1421 1745/1462/1745 1420/1450/1420
vt 0.134832 0.775932
f 1420/1450/1420 1745/1462/1745 1747/1463/1747
vt 0.135561 0.416263
f 1747/1463/1747 1422/1464/1422 1420/1450/1420
vt 0.144727 0.416124
f 1420/1450/1420 1422/1464/1422 1423/1465/1423
f 1423/1465/1423 1416/1447/1416 1420/1450/1420
f 1423/1465/1423 1424/1406/1424 1416/1447/1416
f 1424/1406/1424 1425/1405/1425 1416/1447/1416
f 1425/1405/1425 1427/1437/1427 1416/1447/1416
vt 0.268173 0.409069
f 1425/1405/1425 1426/1466/1426 1427/1437/1427
f 1426/1466/1426 1428/1402/1428 1427/1437/1427
f 1427/1437/1427 1428/1402/1428 1403/1401/1403
vt 0.396766 0.409145
f 1428/1402/1428 1426/1466/1426 1433/1467/1433
f 1429/1403/1429 1428/1402/1428 1433/1467/1433
vt 0.351991 0.417176
f 1429/1403/1429 1433/1467/1433 1439/1468/1439
vt 0.266813 0.416984
f 1439/1468/1439 1442/1469/1442 1429/1403/1429
vt 0.269133 0.416914
f 1429/1403/1429 1442/1469/1442 1443/1470/1443
f 1429/1403/1429 1443/1470/1443 1430/1404/1430
vt 0.269430 0.409142
f 1443/1470/1443 1431/1471/1431 1430/1404/1430
f 1430/1404/1430 1431/1471/1431 1426/1466/1426
f 1430/1404/1430 1426/1466/1426 1425/1405/1425
f 1426/1466/1426 1431/1471/1431 1433/1467/1433
vt 0.268205 0.409219
f 1433/1467/1433 1431/1471/1431 1432/1472/1432
vt 0.265070 0.409268
f 1433/1467/1433 1432/1472/1432 3107/1473/3107
vt 0.346645 0.409481
f 1434/1474/1434 1433/1467/1433 3107/1473/3107
vt 0.206896 0.409681
f 3107/1473/3107 3106/1475/3106 1434/1474/1434
vt 0.205229 0.409807
f 1434/1474/1434 3106/1475/3106 2330/1476/2330
vt 0.297467 0.409908
f 1434/1474/1434 2330/1476/2330 2329/1477/2329
vt 0.304435 0.417575
f 1440/1478/1440 1434/1474/1434 2329/1477/2329
vt 0.258003 0.418054
f 1440/1478/1440 2329/1477/2329 1435/1479/1435
vt 0.200840 0.417621
f 1436/1480/1436 1440/1478/1440 1435/1479/1435
vt 0.195373 0.417631
f 1436/1480/1436 1435/1479/1435 2331/1481/2331
vt 0.195360 0.409901
f 2331/1481/2331 2333/1482/2333 1436/1480/1436
vt 0.200824 0.409887
f 1436/1480/1436 2333/1482/2333 1437/1483/1437
vt 0.205242 0.417533
f 1436/1480/1436 1437/1483/1437 1438/1484/1438
f 1438/1484/1438 1440/1478/1440 1436/1480/1436
f 1438/1484/1438 1439/1468/1439 1440/1478/1440
f 1439/1468/1439 1434/1474/1434 1440/1478/1440
f 1439/1468/1439 1433/1467/1433 1434/1474/1434
vt 0.206912 0.417414
f 1441/1485/1441 1439/1468/1439 1438/1484/1438
f 1438/1484/1438 2330/1476/2330 1441/1485/1441
f 1441/1485/1441 2330/1476/2330 3106/1475/3106
vt 0.205197 0.417302
f 1441/1485/1441 3106/1475/3106 1445/1486/1445
vt 0.263243 0.417005
f 1445/1486/1445 1447/1487/1447 1441/1485/1441
f 1441/1485/1441 1447/1487/1447 1439/1468/1439
f 1447/1487/1447 1442/1469/1442 1439/1468/1439
f 1447/1487/1447 3107/1473/3107 1442/1469/1442
f 1442/1469/1442 3107/1473/3107 1432/1472/1432
f 1442/1469/1442 1432/1472/1432 1443/1470/1443
f 1443/1470/1443 1432/1472/1432 1431/1471/1431
vt 0.261493 0.409261
f 1447/1487/1447 3115/1488/3115 3107/1473/3107
vt 0.205181 0.409572
f 3115/1488/3115 1444/1489/1444 3107/1473/3107
f 3107/1473/3107 1444/1489/1444 3106/1475/3106
f 1445/1486/1445 3106/1475/3106 1444/1489/1444
vt 0.200760 0.417239
f 1445/1486/1445 1444/1489/1444 1450/1490/1450
f 1450/1490/1450 1447/1487/1447 1445/1486/1445
vt 0.260089 0.416970
f 1446/1491/1446 1447/1487/1447 1450/1490/1450
vt 0.258834 0.416897
f 1446/1491/1446 1450/1490/1450 1452/1492/1452
vt 0.259148 0.409205
f 1452/1492/1452 2860/1493/2860 1446/1491/1446
f 1446/1491/1446 2860/1493/2860 3115/1488/3115
f 1446/1491/1446 3115/1488/3115 1447/1487/1447
vt 0.200744 0.409509
f 1451/1494/1451 3115/1488/3115 2860/1493/2860
vt 0.259132 0.409124
f 1451/1494/1451 2860/1493/2860 1448/1495/1448
vt 0.195280 0.409520
f 1451/1494/1451 1448/1495/1448 3113/1496/3113
f 1417/1449/1417 1451/1494/1451 3113/1496/3113
f 1417/1449/1417 3113/1496/3113 1418/1451/1418
f 1418/1451/1418 3113/1496/3113 1453/1453/1453
f 2739/1445/2739 1453/1453/1453 3113/1496/3113
f 3113/1496/3113 3114/1446/3114 2739/1445/2739
f 3113/1496/3113 1448/1495/1448 3114/1446/3114
f 1449/1448/1449 3114/1446/3114 1448/1495/1448
f 1449/1448/1449 1448/1495/1448 1452/1492/1452
f 1452/1492/1452 1417/1449/1417 1449/1448/1449
f 1452/1492/1452 1450/1490/1450 1417/1449/1417
f 1450/1490/1450 1451/1494/1451 1417/1449/1417
f 1450/1490/1450 1444/1489/1444 1451/1494/1451
f 1444/1489/1444 3115/1488/3115 1451/1494/1451
f 1452/1492/1452 1448/1495/1448 2860/1493/2860
f 2739/1445/2739 2741/1454/2741 1453/1453/1453
vt 0.127598 0.411237
f 2319/1497/2319 2741/1454/2741 2739/1445/2739
vt 0.127573 0.439849
f 1454/1498/1454 2319/1497/2319 2739/1445/2739
vt 0.127563 0.470588
f 2739/1445/2739 1740/1499/1740 1454/1498/1454
f 1455/1457/1455 1454/1498/1454 1740/1499/1740
f 1455/1457/1455 1740/1499/1740 1456/1458/1456
vt 0.127576 0.503023
f 1456/1458/1456 1740/1499/1740 1460/1500/1460
vt 0.134656 0.515465
f 1456/1458/1456 1460/1500/1460 1457/1501/1457
vt 0.134553 0.503835
f 1457/1501/1457 1458/1502/1458 1456/1458/1456
f 1456/1458/1456 1458/1502/1458 1741/1459/1741
vt 0.127470 0.502526
f 1742/1503/1742 1741/1459/1741 1458/1502/1458
vt 0.127486 0.505615
f 1742/1503/1742 1458/1502/1458 1459/1504/1459
f 1460/1500/1460 1742/1503/1742 1459/1504/1459
vt 0.127496 0.509582
f 1460/1500/1460 1459/1504/1459 1463/1505/1463
vt 0.127605 0.536707
f 1460/1500/1460 1463/1505/1463 1464/1506/1464
f 1457/1501/1457 1460/1500/1460 1464/1506/1464
vt 0.134694 0.550625
f 1457/1501/1457 1464/1506/1464 1468/1507/1468
vt 0.134556 0.513202
f 1468/1507/1468 1469/1508/1469 1457/1501/1457
vt 0.134566 0.511288
f 1457/1501/1457 1469/1508/1469 1462/1509/1462
vt 0.134569 0.507591
f 1462/1509/1462 1461/1510/1461 1457/1501/1457
f 1457/1501/1457 1461/1510/1461 1458/1502/1458
f 1459/1504/1459 1458/1502/1458 1461/1510/1461
f 1459/1504/1459 1461/1510/1461 1463/1505/1463
f 1463/1505/1463 1461/1510/1461 1462/1509/1462
vt 0.127489 0.512569
f 1463/1505/1463 1462/1509/1462 2316/1511/2316
f 1464/1506/1464 1463/1505/1463 2316/1511/2316
vt 0.127477 0.513177
f 1464/1506/1464 2316/1511/2316 1465/1512/1465
vt 0.127653 0.571164
f 1464/1506/1464 1465/1512/1465 1466/1513/1466
f 1468/1507/1468 1464/1506/1464 1466/1513/1466
vt 0.134755 0.586404
f 1468/1507/1468 1466/1513/1466 1467/1514/1467
vt 0.134537 0.512432
f 1467/1514/1467 1746/1515/1746 1468/1507/1468
f 1468/1507/1468 1746/1515/1746 1469/1508/1469
f 1465/1512/1465 1469/1508/1469 1746/1515/1746
vt 0.127457 0.511121
f 1465/1512/1465 1746/1515/1746 1470/1516/1470
f 1466/1513/1466 1465/1512/1465 1470/1516/1470
vt 0.127717 0.605911
f 1470/1516/1470 1471/1517/1471 1466/1513/1466
f 1467/1514/1467 1466/1513/1466 1471/1517/1471
vt 0.134828 0.622270
f 1467/1514/1467 1471/1517/1471 1472/1518/1472
f 1747/1463/1747 1467/1514/1467 1472/1518/1472
vt 0.134921 0.657682
f 1472/1518/1472 1749/1519/1749 1747/1463/1747
vt 0.135030 0.692122
f 1747/1463/1747 1749/1519/1749 1751/1520/1751
vt 0.135152 0.725064
f 1747/1463/1747 1751/1520/1751 1473/1521/1473
vt 0.135292 0.756027
f 1473/1521/1473 1474/1522/1474 1747/1463/1747
vt 0.134883 0.800162
f 1747/1463/1747 1474/1522/1474 1754/1523/1754
vt 0.136284 0.800945
f 1754/1523/1754 1755/1524/1755 1747/1463/1747
vt 0.136230 0.775807
f 1747/1463/1747 1755/1524/1755 1475/1525/1475
f 1475/1525/1475 1422/1464/1422 1747/1463/1747
vt 0.139426 0.416169
f 1475/1525/1475 1476/1526/1476 1422/1464/1422
f 1423/1465/1423 1422/1464/1422 1476/1526/1476
vt 0.140094 0.775712
f 1479/1527/1479 1423/1465/1423 1476/1526/1476
f 1479/1527/1479 1476/1526/1476 1475/1525/1475
vt 0.140152 0.801516
f 1475/1525/1475 1477/1528/1477 1479/1527/1479
vt 0.145450 0.801715
f 1479/1527/1479 1477/1528/1477 1478/1529/1478
vt 0.145395 0.775670
f 1479/1527/1479 1478/1529/1478 1761/1530/1761
f 1761/1530/1761 1423/1465/1423 1479/1527/1479
vt 0.152174 0.609283
f 1761/1530/1761 1480/1531/1480 1423/1465/1423
vt 0.152184 0.582164
f 1423/1465/1423 1480/1531/1480 1620/1532/1620
vt 0.156090 0.555389
f 1423/1465/1423 1620/1532/1620 2302/1533/2302
vt 0.163797 0.529610
f 2302/1533/2302 2301/1534/2301 1423/1465/1423
vt 0.175116 0.505482
f 1423/1465/1423 2301/1534/2301 1481/1535/1481
vt 0.189761 0.483596
f 1423/1465/1423 1481/1535/1481 2307/1536/2307
vt 0.207369 0.464491
f 2307/1536/2307 1482/1537/1482 1423/1465/1423
vt 0.227505 0.448653
f 1423/1465/1423 1482/1537/1482 1483/1538/1483
vt 0.249666 0.436467
f 1423/1465/1423 1483/1538/1483 2310/1539/2310
vt 0.273304 0.428240
f 2310/1539/2310 1484/1540/1484 1423/1465/1423
vt 0.297829 0.424176
f 1423/1465/1423 1484/1540/1484 2313/1541/2313
vt 0.322635 0.424375
f 1423/1465/1423 2313/1541/2313 1608/1542/1608
vt 0.679243 0.423333
f 1608/1542/1608 2223/1543/2223 1423/1465/1423
vt 0.852062 0.414483
f 1423/1465/1423 2223/1543/2223 2217/1544/2217
f 2217/1544/2217 1424/1406/1424 1423/1465/1423
f 2217/1544/2217 1494/1408/1494 1424/1406/1424
vt 0.862718 0.414696
f 1485/1545/1485 1494/1408/1494 2217/1544/2217
vt 0.861272 0.414581
f 2217/1544/2217 1486/1546/1486 1485/1545/1485
vt 0.861941 0.774124
f 1488/1547/1488 1485/1545/1485 1486/1546/1486
vt 0.858038 0.774044
f 1488/1547/1488 1486/1546/1486 1667/1548/1667
vt 0.861995 0.799263
f 1667/1548/1667 1487/1549/1487 1488/1547/1488
vt 0.863438 0.798469
f 1488/1547/1488 1487/1549/1487 1489/1550/1489
vt 0.863387 0.774240
f 1488/1547/1488 1489/1550/1489 1490/1551/1490
f 1490/1551/1490 1485/1545/1485 1488/1547/1488
vt 0.863077 0.507651
f 1490/1551/1490 1672/1552/1672 1485/1545/1485
vt 0.863070 0.503684
f 1485/1545/1485 1672/1552/1672 1491/1553/1491
vt 0.863077 0.500697
f 1485/1545/1485 1491/1553/1491 1492/1554/1492
vt 0.863092 0.500088
f 1492/1554/1492 1493/1555/1493 1485/1545/1485
vt 0.863192 0.479752
f 1485/1545/1485 1493/1555/1493 1676/1556/1676
vt 0.863192 0.447383
f 1485/1545/1485 1676/1556/1676 1681/1557/1681
vt 0.863217 0.417145
f 1681/1557/1681 1691/1558/1691 1485/1545/1485
vt 0.808144 0.416019
f 1691/1558/1691 1699/1559/1699 1485/1545/1485
vt 0.806429 0.415907
f 1485/1545/1485 1699/1559/1699 1687/1560/1687
vt 0.801995 0.415844
f 1485/1545/1485 1687/1560/1687 1688/1561/1688
vt 0.735699 0.415686
f 1688/1561/1688 1514/1562/1514 1485/1545/1485
f 1485/1545/1485 1514/1562/1514 1494/1408/1494
f 1514/1562/1514 1515/1413/1515 1494/1408/1494
f 1494/1408/1494 1515/1413/1515 1495/1412/1495
f 1494/1408/1494 1495/1412/1495 1496/1409/1496
vt 0.728056 0.408033
f 1496/1409/1496 1495/1412/1495 3035/1563/3035
vt 0.727761 0.415805
f 1496/1409/1496 3035/1563/3035 1502/1564/1502
f 1496/1409/1496 1502/1564/1502 1501/1410/1501
vt 0.729019 0.415882
f 1501/1410/1501 1502/1564/1502 1503/1565/1503
vt 0.732170 0.415914
f 1501/1410/1501 1503/1565/1503 1504/1566/1504
vt 0.645418 0.416494
f 1497/1567/1497 1501/1410/1501 1504/1566/1504
vt 0.790462 0.416061
f 1500/1568/1500 1497/1567/1497 1504/1566/1504
vt 0.792122 0.415942
f 1500/1568/1500 1504/1566/1504 1498/1569/1498
vt 0.792109 0.408205
f 1498/1569/1498 1708/1570/1708 1500/1568/1500
vt 0.790446 0.408330
f 1500/1568/1500 1708/1570/1708 3029/1571/3029
vt 0.792170 0.416176
f 1500/1568/1500 3029/1571/3029 1499/1572/1499
f 1499/1572/1499 1497/1567/1497 1500/1568/1500
vt 0.693089 0.416676
f 1497/1567/1497 1499/1572/1499 1703/1573/1703
vt 0.650745 0.408778
f 1703/1573/1703 1706/1574/1706 1497/1567/1497
vt 0.600534 0.408673
f 1497/1567/1497 1706/1574/1706 1707/1575/1707
f 1497/1567/1497 1707/1575/1707 1501/1410/1501
f 1501/1410/1501 1707/1575/1707 1402/1411/1402
f 1707/1575/1707 3035/1563/3035 1402/1411/1402
f 1402/1411/1402 3035/1563/3035 1495/1412/1495
vt 0.728072 0.408117
f 1707/1575/1707 3037/1576/3037 3035/1563/3035
f 1502/1564/1502 3035/1563/3035 3037/1576/3037
f 1502/1564/1502 3037/1576/3037 1503/1565/1503
vt 0.730420 0.408173
f 1503/1565/1503 3037/1576/3037 1505/1577/1505
f 1503/1565/1503 1505/1577/1505 1504/1566/1504
vt 0.733997 0.408180
f 1504/1566/1504 1505/1577/1505 3026/1578/3026
vt 0.735740 0.415893
f 1504/1566/1504 3026/1578/3026 1506/1579/1506
vt 0.796528 0.415858
f 1508/1580/1508 1504/1566/1504 1506/1579/1506
vt 0.738060 0.415823
f 1508/1580/1508 1506/1579/1506 1507/1581/1507
vt 0.738044 0.415742
f 1507/1581/1507 1512/1582/1512 1508/1580/1508
f 1508/1580/1508 1512/1582/1512 1688/1561/1688
vt 0.801979 0.408114
f 1688/1561/1688 2946/1583/2946 1508/1580/1508
vt 0.796515 0.408124
f 1508/1580/1508 2946/1583/2946 1509/1584/1509
f 1508/1580/1508 1509/1584/1509 1498/1569/1498
f 1498/1569/1498 1504/1566/1504 1508/1580/1508
f 1498/1569/1498 1509/1584/1509 1708/1570/1708
f 3026/1578/3026 1708/1570/1708 1509/1584/1509
vt 0.737132 0.408135
f 1509/1584/1509 1510/1585/1510 3026/1578/3026
f 1506/1579/1506 3026/1578/3026 1510/1585/1510
f 1506/1579/1506 1510/1585/1510 1507/1581/1507
vt 0.738357 0.408051
f 1507/1581/1507 1510/1585/1510 1511/1586/1511
f 1507/1581/1507 1511/1586/1511 1512/1582/1512
vt 0.737100 0.407977
f 1512/1582/1512 1511/1586/1511 1513/1587/1513
f 1512/1582/1512 1513/1587/1513 1514/1562/1514
f 1688/1561/1688 1512/1582/1512 1514/1562/1514
f 1514/1562/1514 1513/1587/1513 1515/1413/1515
f 2946/1583/2946 1515/1413/1515 1513/1587/1513
f 1513/1587/1513 1511/1586/1511 2946/1583/2946
f 2946/1583/2946 1511/1586/1511 1509/1584/1509
f 1509/1584/1509 1511/1586/1511 1510/1585/1510
vt 0.869776 0.406949
f 2946/1583/2946 1516/1588/1516 1515/1413/1515
f 1522/1415/1522 1515/1413/1515 1516/1588/1516
vt 0.870457 0.774222
f 1517/1589/1517 1522/1415/1522 1516/1588/1516
vt 0.870150 0.507637
f 1516/1588/1516 1674/1590/1674 1517/1589/1517
vt 0.870419 0.604187
f 1517/1589/1517 1674/1590/1674 1719/1591/1719
vt 0.870502 0.638742
f 1517/1589/1517 1719/1591/1719 1720/1592/1720
vt 0.870601 0.672621
f 1720/1592/1720 1518/1593/1518 1517/1589/1517
vt 0.870710 0.705354
f 1517/1589/1517 1518/1593/1518 1723/1594/1723
vt 0.870834 0.736474
f 1517/1589/1517 1723/1594/1723 1519/1595/1519
vt 0.870511 0.798452
f 1517/1589/1517 1519/1595/1519 1520/1596/1520
vt 0.869136 0.799462
f 1520/1596/1520 1726/1597/1726 1517/1589/1517
vt 0.869081 0.774075
f 1517/1589/1517 1726/1597/1726 1521/1598/1521
f 1521/1598/1521 1522/1415/1522 1517/1589/1517
f 1521/1598/1521 2854/1416/2854 1522/1415/1522
f 1523/1419/1523 2854/1416/2854 1521/1598/1521
vt 0.865281 0.800323
f 1521/1598/1521 1727/1599/1727 1523/1419/1523
f 1523/1419/1523 1727/1599/1727 1526/1420/1526
vt 0.859602 0.827361
f 1727/1599/1727 1524/1600/1524 1526/1420/1526
vt 0.852830 0.827802
f 1524/1600/1524 1525/1601/1525 1526/1420/1526
f 1526/1420/1526 1525/1601/1525 1527/1421/1527
vt 0.145498 0.829442
f 1529/1602/1529 1527/1421/1527 1525/1601/1525
vt 0.145584 0.854878
f 1529/1602/1529 1525/1601/1525 1728/1603/1728
vt 0.138824 0.854255
f 1728/1603/1728 1528/1604/1528 1529/1602/1529
vt 0.138731 0.829033
f 1529/1602/1529 1528/1604/1528 1730/1605/1730
vt 0.145421 0.802768
f 1529/1602/1529 1730/1605/1730 1530/1606/1530
f 1530/1606/1530 1527/1421/1527 1529/1602/1529
f 1530/1606/1530 1541/1422/1541 1527/1421/1527
vt 0.145360 0.775509
f 1535/1607/1535 1541/1422/1541 1530/1606/1530
vt 0.138658 0.802582
f 1530/1606/1530 1531/1608/1531 1535/1607/1535
f 1535/1607/1535 1531/1608/1531 1731/1441/1731
vt 0.137916 0.408278
f 1731/1441/1731 2315/1609/2315 1535/1607/1535
f 1535/1607/1535 2315/1609/2315 1562/1436/1562
vt 0.159222 0.582364
f 1562/1436/1562 1532/1610/1532 1535/1607/1535
vt 0.159200 0.608562
f 1535/1607/1535 1532/1610/1532 1568/1611/1568
vt 0.162984 0.634432
f 1535/1607/1535 1568/1611/1568 1569/1612/1569
vt 0.170480 0.659312
f 1569/1612/1569 1533/1613/1533 1535/1607/1535
vt 0.181501 0.682580
f 1535/1607/1535 1533/1613/1533 1534/1614/1534
vt 0.195766 0.703633
f 1535/1607/1535 1534/1614/1534 1536/1615/1536
vt 0.212914 0.721937
f 1536/1615/1536 1537/1616/1537 1535/1607/1535
vt 0.232502 0.737030
f 1535/1607/1535 1537/1616/1537 1570/1617/1570
vt 0.254036 0.748531
f 1535/1607/1535 1570/1617/1570 1538/1618/1538
vt 0.276971 0.756142
f 1538/1618/1538 1539/1619/1539 1535/1607/1535
vt 0.300718 0.759671
f 1535/1607/1535 1539/1619/1539 1540/1620/1540
vt 0.324680 0.759028
f 1535/1607/1535 1540/1620/1540 1578/1621/1578
f 1535/1607/1535 1578/1621/1578 1541/1422/1541
vt 0.675967 0.758213
f 1541/1422/1541 1578/1621/1578 1580/1622/1580
vt 0.699929 0.758744
f 1541/1422/1541 1580/1622/1580 1581/1623/1581
vt 0.723666 0.755103
f 1581/1623/1581 1582/1624/1582 1541/1422/1541
vt 0.746569 0.747387
f 1541/1422/1541 1582/1624/1582 1542/1625/1542
vt 0.768061 0.735788
f 1541/1422/1541 1542/1625/1542 1583/1626/1583
vt 0.787595 0.720604
f 1583/1626/1583 1585/1627/1585 1541/1422/1541
vt 0.804669 0.702216
f 1541/1422/1541 1585/1627/1585 1543/1628/1543
vt 0.818858 0.681100
f 1541/1422/1541 1543/1628/1543 1544/1629/1544
vt 0.829796 0.657784
f 1544/1629/1544 1587/1630/1587 1541/1422/1541
vt 0.837202 0.632865
f 1541/1422/1541 1587/1630/1587 1545/1631/1545
f 1541/1422/1541 1545/1631/1545 1405/1423/1405
vt 0.841006 0.607538
f 1545/1631/1545 1589/1632/1589 1405/1423/1405
vt 0.840881 0.581339
f 1405/1423/1405 1589/1632/1589 1547/1633/1547
f 1405/1423/1405 1547/1633/1547 1546/1424/1546
vt 0.836952 0.555490
f 1546/1424/1546 1547/1633/1547 1548/1634/1548
f 1546/1424/1546 1548/1634/1548 1406/1425/1406
vt 0.829316 0.530663
f 1406/1425/1406 1548/1634/1548 1591/1635/1591
f 1406/1425/1406 1591/1635/1591 1549/1426/1549
vt 0.818160 0.507472
f 1549/1426/1549 1591/1635/1591 1550/1636/1550
f 1549/1426/1549 1550/1636/1550 1407/1427/1407
vt 0.803780 0.486513
f 1407/1427/1407 1550/1636/1550 1592/1637/1592
f 1407/1427/1407 1592/1637/1592 1408/1428/1408
vt 0.786533 0.468321
f 1408/1428/1408 1592/1637/1592 1595/1638/1595
f 1408/1428/1408 1595/1638/1595 1409/1429/1409
vt 0.766858 0.453358
f 1409/1429/1409 1595/1638/1595 1551/1639/1551
f 1409/1429/1409 1551/1639/1551 1552/1430/1552
vt 0.745261 0.442004
f 1552/1430/1552 1551/1639/1551 1596/1640/1596
f 1552/1430/1552 1596/1640/1596 1410/1431/1410
vt 0.722288 0.434547
f 1410/1431/1410 1596/1640/1596 1553/1641/1553
f 1410/1431/1410 1553/1641/1553 1554/1432/1554
vt 0.698521 0.431178
f 1554/1432/1554 1553/1641/1553 1598/1642/1598
f 1554/1432/1554 1598/1642/1598 1411/1433/1411
vt 0.674563 0.431979
f 1411/1433/1411 1598/1642/1598 1555/1643/1555
f 1411/1433/1411 1555/1643/1555 1558/1434/1558
vt 0.651026 0.436932
f 1558/1434/1558 1555/1643/1555 1556/1644/1556
vt 0.650914 0.436376
f 1558/1434/1558 1556/1644/1556 1600/1645/1600
vt 0.348539 0.437079
f 1600/1645/1600 1557/1646/1557 1558/1434/1558
f 1558/1434/1558 1557/1646/1557 1412/1435/1412
vt 0.325099 0.432791
f 1557/1646/1557 1603/1647/1603 1412/1435/1412
vt 0.301137 0.432098
f 1412/1435/1412 1603/1647/1603 1605/1648/1605
vt 0.301025 0.431542
f 1412/1435/1412 1605/1648/1605 1559/1649/1559
f 1562/1436/1562 1412/1435/1412 1559/1649/1559
vt 0.277271 0.435022
f 1562/1436/1562 1559/1649/1559 1560/1650/1560
vt 0.254320 0.442584
f 1560/1650/1560 1561/1651/1561 1562/1436/1562
vt 0.232768 0.454040
f 1562/1436/1562 1561/1651/1561 1612/1652/1612
vt 0.213147 0.469098
f 1562/1436/1562 1612/1652/1612 1613/1653/1613
vt 0.195971 0.487367
f 1613/1653/1613 1615/1654/1615 1562/1436/1562
vt 0.181664 0.508392
f 1562/1436/1562 1615/1654/1615 1617/1655/1617
vt 0.170601 0.531632
f 1562/1436/1562 1617/1655/1617 1563/1656/1563
vt 0.163058 0.556498
f 1563/1656/1563 1564/1657/1564 1562/1436/1562
f 1562/1436/1562 1564/1657/1564 1532/1610/1532
vt 0.159337 0.582920
f 1564/1657/1564 1565/1658/1565 1532/1610/1532
vt 0.159312 0.609119
f 1532/1610/1532 1565/1658/1565 1566/1659/1566
f 1532/1610/1532 1566/1659/1566 1568/1611/1568
vt 0.163096 0.634988
f 1568/1611/1568 1566/1659/1566 1567/1660/1567
f 1568/1611/1568 1567/1660/1567 1569/1612/1569
vt 0.170592 0.659875
f 1569/1612/1569 1567/1660/1567 1624/1661/1624
f 1569/1612/1569 1624/1661/1624 1533/1613/1533
vt 0.181616 0.683136
f 1533/1613/1533 1624/1661/1624 1626/1662/1626
f 1533/1613/1533 1626/1662/1626 1534/1614/1534
vt 0.195881 0.704189
f 1534/1614/1534 1626/1662/1626 1630/1663/1630
f 1534/1614/1534 1630/1663/1630 1536/1615/1536
vt 0.213026 0.722496
f 1536/1615/1536 1630/1663/1630 1631/1664/1631
f 1536/1615/1536 1631/1664/1631 1537/1616/1537
vt 0.232617 0.737589
f 1537/1616/1537 1631/1664/1631 1571/1665/1571
f 1537/1616/1537 1571/1665/1571 1570/1617/1570
vt 0.254151 0.749090
f 1570/1617/1570 1571/1665/1571 1572/1666/1572
f 1570/1617/1570 1572/1666/1572 1538/1618/1538
vt 0.277082 0.756702
f 1538/1618/1538 1572/1666/1572 1573/1667/1573
f 1538/1618/1538 1573/1667/1573 1539/1619/1539
vt 0.300833 0.760227
f 1539/1619/1539 1573/1667/1573 1638/1668/1638
f 1539/1619/1539 1638/1668/1638 1540/1620/1540
vt 0.324795 0.759587
f 1540/1620/1540 1638/1668/1638 1574/1669/1574
f 1540/1620/1540 1574/1669/1574 1578/1621/1578
vt 0.348357 0.754788
f 1578/1621/1578 1574/1669/1574 1575/1670/1575
vt 0.348241 0.754229
f 1578/1621/1578 1575/1670/1575 1576/1671/1576
vt 0.652389 0.753526
f 1577/1672/1577 1578/1621/1578 1576/1671/1576
vt 0.629790 0.744799
f 1577/1672/1577 1576/1671/1576 1579/1673/1579
vt 0.652501 0.754082
f 1579/1673/1579 1645/1674/1645 1577/1672/1577
vt 0.676082 0.758769
f 1577/1672/1577 1645/1674/1645 1648/1675/1648
f 1577/1672/1577 1648/1675/1648 1580/1622/1580
f 1580/1622/1580 1578/1621/1578 1577/1672/1577
vt 0.700044 0.759300
f 1580/1622/1580 1648/1675/1648 1652/1676/1652
f 1580/1622/1580 1652/1676/1652 1581/1623/1581
vt 0.723778 0.755663
f 1581/1623/1581 1652/1676/1652 1653/1677/1653
f 1581/1623/1581 1653/1677/1653 1582/1624/1582
vt 0.746684 0.747943
f 1582/1624/1582 1653/1677/1653 1655/1678/1655
f 1582/1624/1582 1655/1678/1655 1542/1625/1542
vt 0.768176 0.736348
f 1542/1625/1542 1655/1678/1655 1656/1679/1656
f 1542/1625/1542 1656/1679/1656 1583/1626/1583
vt 0.787707 0.721160
f 1583/1626/1583 1656/1679/1656 1584/1680/1584
f 1583/1626/1583 1584/1680/1584 1585/1627/1585
vt 0.804784 0.702776
f 1585/1627/1585 1584/1680/1584 1659/1681/1659
f 1585/1627/1585 1659/1681/1659 1543/1628/1543
vt 0.818970 0.681656
f 1543/1628/1543 1659/1681/1659 1586/1682/1586
f 1543/1628/1543 1586/1682/1586 1544/1629/1544
vt 0.829908 0.658343
f 1544/1629/1544 1586/1682/1586 1660/1683/1660
f 1544/1629/1544 1660/1683/1660 1587/1630/1587
vt 0.837314 0.633425
f 1587/1630/1587 1660/1683/1660 1661/1684/1661
f 1587/1630/1587 1661/1684/1661 1545/1631/1545
f 1545/1631/1545 1661/1684/1661 1589/1632/1589
vt 0.847944 0.609668
f 1661/1684/1661 1588/1685/1588 1589/1632/1589
vt 0.848072 0.582644
f 1589/1632/1589 1588/1685/1588 2206/1686/2206
f 1589/1632/1589 2206/1686/2206 1547/1633/1547
vt 0.844329 0.555934
f 1547/1633/1547 2206/1686/2206 2207/1687/2207
f 1547/1633/1547 2207/1687/2207 1548/1634/1548
vt 0.836802 0.530198
f 1548/1634/1548 2207/1687/2207 1590/1688/1590
f 1548/1634/1548 1590/1688/1590 1591/1635/1591
f 1591/1635/1591 1590/1688/1590 1550/1636/1550
vt 0.825685 0.506063
f 1550/1636/1550 1590/1688/1590 2210/1689/2210
f 1550/1636/1550 2210/1689/2210 1592/1637/1592
vt 0.811244 0.484132
f 1592/1637/1592 2210/1689/2210 1593/1690/1593
f 1592/1637/1592 1593/1690/1593 1595/1638/1595
vt 0.793843 0.464939
f 1595/1638/1595 1593/1690/1593 1594/1691/1594
f 1595/1638/1595 1594/1691/1594 1551/1639/1551
vt 0.773906 0.448965
f 1551/1639/1551 1594/1691/1594 1597/1692/1597
f 1551/1639/1551 1597/1692/1597 1596/1640/1596
vt 0.751928 0.436600
f 1596/1640/1596 1597/1692/1597 2214/1693/2214
f 1596/1640/1596 2214/1693/2214 1553/1641/1553
vt 0.728446 0.428153
f 1553/1641/1553 2214/1693/2214 2221/1694/2221
vt 0.704046 0.423829
f 1553/1641/1553 2221/1694/2221 2220/1695/2220
f 1553/1641/1553 2220/1695/2220 1598/1642/1598
vt 0.679323 0.423731
f 1598/1642/1598 2220/1695/2220 2222/1696/2222
f 1598/1642/1598 2222/1696/2222 1555/1643/1555
vt 0.654897 0.427866
f 1555/1643/1555 2222/1696/2222 2227/1697/2227
f 1555/1643/1555 2227/1697/2227 1556/1644/1556
vt 0.631361 0.436135
f 1556/1644/1556 2227/1697/2227 2228/1698/2228
vt 0.628511 0.445914
f 1556/1644/1556 2228/1698/2228 1599/1699/1599
f 1600/1645/1600 1556/1644/1556 1599/1699/1599
vt 0.628399 0.445355
f 1600/1645/1600 1599/1699/1599 1601/1700/1601
vt 0.371087 0.445956
f 1601/1700/1601 2231/1701/2231 1600/1645/1600
f 1600/1645/1600 2231/1701/2231 1557/1646/1557
vt 0.348651 0.437635
f 2231/1701/2231 1602/1702/1602 1557/1646/1557
f 1557/1646/1557 1602/1702/1602 1603/1647/1603
vt 0.347186 0.429226
f 1604/1703/1604 1603/1647/1603 1602/1702/1602
vt 0.370709 0.437831
f 1604/1703/1604 1602/1702/1602 2232/1704/2232
vt 0.370629 0.437436
f 2232/1704/2232 2300/1705/2300 1604/1703/1604
vt 0.347106 0.428831
f 1604/1703/1604 2300/1705/2300 2224/1706/2224
vt 0.322715 0.424774
f 1604/1703/1604 2224/1706/2224 1606/1707/1606
f 1606/1707/1606 1603/1647/1603 1604/1703/1604
f 1606/1707/1606 1605/1648/1605 1603/1647/1603
vt 0.297912 0.424574
f 1607/1708/1607 1605/1648/1605 1606/1707/1606
f 1606/1707/1606 1608/1542/1608 1607/1708/1607
f 1607/1708/1607 1608/1542/1608 2313/1541/2313
vt 0.273384 0.428639
f 1607/1708/1607 2313/1541/2313 1609/1709/1609
f 1609/1709/1609 1605/1648/1605 1607/1708/1607
vt 0.277383 0.435578
f 1609/1709/1609 1610/1710/1610 1605/1648/1605
f 1559/1649/1559 1605/1648/1605 1610/1710/1610
f 1559/1649/1559 1610/1710/1610 1560/1650/1560
vt 0.254436 0.443144
f 1560/1650/1560 1610/1710/1610 2312/1711/2312
f 1560/1650/1560 2312/1711/2312 1561/1651/1561
vt 0.232880 0.454599
f 1561/1651/1561 2312/1711/2312 1611/1712/1611
f 1561/1651/1561 1611/1712/1611 1612/1652/1612
vt 0.213262 0.469654
f 1612/1652/1612 1611/1712/1611 1614/1713/1614
f 1612/1652/1612 1614/1713/1614 1613/1653/1613
vt 0.196086 0.487923
f 1613/1653/1613 1614/1713/1614 2306/1714/2306
f 1613/1653/1613 2306/1714/2306 1615/1654/1615
vt 0.181779 0.508948
f 1615/1654/1615 2306/1714/2306 1616/1715/1616
f 1615/1654/1615 1616/1715/1616 1617/1655/1617
vt 0.170717 0.532191
f 1617/1655/1617 1616/1715/1616 2314/1716/2314
f 1617/1655/1617 2314/1716/2314 1563/1656/1563
vt 0.163170 0.557054
f 1563/1656/1563 2314/1716/2314 1618/1717/1618
f 1563/1656/1563 1618/1717/1618 1564/1657/1564
f 1564/1657/1564 1618/1717/1618 1565/1658/1565
vt 0.152264 0.582563
f 1621/1718/1621 1565/1658/1565 1618/1717/1618
vt 0.156173 0.555784
f 1621/1718/1621 1618/1717/1618 1619/1719/1619
f 1619/1719/1619 2302/1533/2302 1621/1718/1621
f 1621/1718/1621 2302/1533/2302 1620/1532/1620
vt 0.152258 0.609682
f 1621/1718/1621 1620/1532/1620 1622/1720/1622
f 1622/1720/1622 1566/1659/1566 1621/1718/1621
f 1621/1718/1621 1566/1659/1566 1565/1658/1565
f 1622/1720/1622 1567/1660/1567 1566/1659/1566
vt 0.156144 0.636464
f 1623/1721/1623 1567/1660/1567 1622/1720/1622
f 1622/1720/1622 1480/1531/1480 1623/1721/1623
vt 0.156064 0.636066
f 1623/1721/1623 1480/1531/1480 1762/1722/1762
vt 0.163832 0.662243
f 1623/1721/1623 1762/1722/1762 1625/1723/1625
f 1625/1723/1625 1624/1661/1624 1623/1721/1623
f 1623/1721/1623 1624/1661/1624 1567/1660/1567
f 1625/1723/1625 1626/1662/1626 1624/1661/1624
vt 0.175135 0.686382
f 1627/1724/1627 1626/1662/1626 1625/1723/1625
vt 0.163752 0.661845
f 1625/1723/1625 1628/1725/1628 1627/1724/1627
vt 0.175051 0.685983
f 1627/1724/1627 1628/1725/1628 1760/1726/1760
vt 0.189764 0.708278
f 1627/1724/1627 1760/1726/1760 1629/1727/1629
f 1629/1727/1629 1630/1663/1630 1627/1724/1627
f 1627/1724/1627 1630/1663/1630 1626/1662/1626
f 1629/1727/1629 1631/1664/1631 1630/1663/1630
vt 0.207360 0.727390
f 1632/1728/1632 1631/1664/1631 1629/1727/1629
vt 0.189684 0.707879
f 1629/1727/1629 1633/1729/1633 1632/1728/1632
vt 0.207280 0.726991
f 1632/1728/1632 1633/1729/1633 1759/1730/1759
vt 0.227486 0.743242
f 1632/1728/1632 1759/1730/1759 1634/1731/1634
f 1634/1731/1634 1571/1665/1571 1632/1728/1632
f 1632/1728/1632 1571/1665/1571 1631/1664/1631
f 1634/1731/1634 1572/1666/1572 1571/1665/1571
vt 0.249640 0.755442
f 1636/1732/1636 1572/1666/1572 1634/1731/1634
vt 0.227403 0.742847
f 1634/1731/1634 1635/1733/1635 1636/1732/1636
vt 0.249557 0.755044
f 1636/1732/1636 1635/1733/1635 1758/1734/1758
vt 0.273272 0.763683
f 1636/1732/1636 1758/1734/1758 1637/1735/1637
f 1637/1735/1637 1573/1667/1573 1636/1732/1636
f 1636/1732/1636 1573/1667/1573 1572/1666/1572
f 1637/1735/1637 1638/1668/1638 1573/1667/1573
vt 0.297794 0.767765
f 1639/1736/1639 1638/1668/1638 1637/1735/1637
vt 0.273192 0.763285
f 1637/1735/1637 1757/1737/1757 1639/1736/1639
vt 0.297714 0.767363
f 1639/1736/1639 1757/1737/1757 1763/1738/1763
vt 0.322600 0.767583
f 1639/1736/1639 1763/1738/1763 1640/1739/1640
f 1640/1739/1640 1638/1668/1638 1639/1736/1639
f 1640/1739/1640 1574/1669/1574 1638/1668/1638
vt 0.347074 0.763141
f 1642/1740/1642 1574/1669/1574 1640/1739/1640
vt 0.322520 0.767181
f 1640/1739/1640 1767/1741/1767 1642/1740/1642
vt 0.346991 0.762739
f 1642/1740/1642 1767/1741/1767 1641/1742/1641
vt 0.370600 0.754550
f 1642/1740/1642 1641/1742/1641 1770/1743/1770
f 1770/1743/1770 1575/1670/1575 1642/1740/1642
f 1642/1740/1642 1575/1670/1575 1574/1669/1574
vt 0.370924 0.745960
f 1770/1743/1770 1643/1744/1643 1575/1670/1575
f 1576/1671/1576 1575/1670/1575 1643/1744/1643
vt 0.370808 0.745400
f 1576/1671/1576 1643/1744/1643 1771/1745/1771
f 1579/1673/1579 1576/1671/1576 1771/1745/1771
vt 0.608746 0.732255
f 1579/1673/1579 1771/1745/1771 1773/1746/1773
vt 0.629902 0.745358
f 1773/1746/1773 1644/1747/1644 1579/1673/1579
f 1579/1673/1579 1644/1747/1644 1645/1674/1645
vt 0.629857 0.753763
f 1644/1747/1644 1646/1748/1646 1645/1674/1645
vt 0.653310 0.762291
f 1645/1674/1645 1646/1748/1646 1647/1749/1647
f 1645/1674/1645 1647/1749/1647 1648/1675/1648
vt 0.677701 0.766698
f 1648/1675/1648 1647/1749/1647 1649/1750/1649
f 1648/1675/1648 1649/1750/1649 1652/1676/1652
vt 0.702421 0.766880
f 1652/1676/1652 1649/1750/1649 1650/1751/1650
vt 0.726862 0.762823
f 1652/1676/1652 1650/1751/1650 1651/1752/1651
f 1652/1676/1652 1651/1752/1651 1653/1677/1653
vt 0.750421 0.754634
f 1653/1677/1653 1651/1752/1651 1654/1753/1654
f 1653/1677/1653 1654/1753/1654 1655/1678/1655
vt 0.772515 0.742518
f 1655/1678/1655 1654/1753/1654 1861/1754/1861
f 1655/1678/1655 1861/1754/1861 1656/1679/1656
vt 0.792602 0.726764
f 1656/1679/1656 1861/1754/1861 1657/1755/1657
f 1656/1679/1656 1657/1755/1657 1584/1680/1584
vt 0.810188 0.707767
f 1584/1680/1584 1657/1755/1657 1865/1756/1865
f 1584/1680/1584 1865/1756/1865 1659/1681/1659
vt 0.824830 0.685997
f 1659/1681/1659 1865/1756/1865 1658/1757/1658
f 1659/1681/1659 1658/1757/1658 1586/1682/1586
vt 0.836175 0.661991
f 1586/1682/1586 1658/1757/1658 1867/1758/1867
f 1586/1682/1586 1867/1758/1867 1660/1683/1660
vt 0.843949 0.636335
f 1660/1683/1660 1867/1758/1867 1662/1759/1662
f 1660/1683/1660 1662/1759/1662 1661/1684/1661
f 1661/1684/1661 1662/1759/1662 1588/1685/1588
vt 0.843869 0.635933
f 1663/1760/1663 1588/1685/1588 1662/1759/1662
vt 0.836098 0.661589
f 1663/1760/1663 1662/1759/1662 1664/1761/1664
vt 0.852727 0.774023
f 1663/1760/1663 1664/1761/1664 1862/1762/1862
vt 0.847864 0.609269
f 1862/1762/1862 1665/1763/1665 1663/1760/1663
f 1665/1763/1665 1588/1685/1588 1663/1760/1663
f 1665/1763/1665 2206/1686/2206 1588/1685/1588
vt 0.847989 0.582245
f 2205/1764/2205 2206/1686/2206 1665/1763/1665
f 1862/1762/1862 2205/1764/2205 1665/1763/1665
f 2217/1544/2217 2205/1764/2205 1862/1762/1862
vt 0.857369 0.414504
f 1862/1762/1862 1666/1765/1666 2217/1544/2217
f 1666/1765/1666 1486/1546/1486 2217/1544/2217
f 1667/1548/1667 1486/1546/1486 1666/1765/1666
f 1667/1548/1667 1666/1765/1666 1862/1762/1862
vt 0.858095 0.799851
f 1862/1762/1862 1868/1766/1868 1667/1548/1667
f 1667/1548/1667 1868/1766/1868 1487/1549/1487
vt 0.862066 0.823863
f 1868/1766/1868 1869/1767/1869 1487/1549/1487
vt 0.863505 0.822181
f 1869/1767/1869 1668/1768/1668 1487/1549/1487
f 1487/1549/1487 1668/1768/1668 1489/1550/1489
vt 0.863998 0.811929
f 1668/1768/1668 1872/1769/1872 1489/1550/1489
vt 0.863844 0.754334
f 1489/1550/1489 1872/1769/1872 1669/1770/1669
f 1489/1550/1489 1669/1770/1669 1490/1551/1490
vt 0.863707 0.723371
f 1490/1551/1490 1669/1770/1669 1670/1771/1670
vt 0.863585 0.690432
f 1490/1551/1490 1670/1771/1670 1671/1772/1671
vt 0.863476 0.655993
f 1671/1772/1671 1722/1773/1722 1490/1551/1490
vt 0.863380 0.620581
f 1490/1551/1490 1722/1773/1722 1721/1774/1721
vt 0.863307 0.584714
f 1490/1551/1490 1721/1774/1721 1673/1775/1673
f 1673/1775/1673 1672/1552/1672 1490/1551/1490
vt 0.863092 0.510743
f 1673/1775/1673 2201/1776/2201 1672/1552/1672
vt 0.870166 0.510725
f 2201/1776/2201 2202/1777/2202 1672/1552/1672
f 1672/1552/1672 2202/1777/2202 1674/1590/1674
f 1672/1552/1672 1674/1590/1674 1491/1553/1491
vt 0.870143 0.503670
f 1491/1553/1491 1674/1590/1674 1684/1778/1684
f 1491/1553/1491 1684/1778/1684 1492/1554/1492
vt 0.870150 0.500683
f 1492/1554/1492 1684/1778/1684 1675/1779/1675
f 1492/1554/1492 1675/1779/1675 1493/1555/1493
vt 0.870166 0.500075
f 1493/1555/1493 1675/1779/1675 1683/1780/1683
vt 0.863105 0.502142
f 1493/1555/1493 1683/1780/1683 1711/1781/1711
f 1493/1555/1493 1711/1781/1711 1676/1556/1676
vt 0.863208 0.513772
f 1676/1556/1676 1711/1781/1711 1713/1782/1713
vt 0.870275 0.501299
f 1679/1783/1679 1676/1556/1676 1713/1782/1713
vt 0.870307 0.534983
f 1679/1783/1679 1713/1782/1713 1717/1784/1717
vt 0.870191 0.509582
f 1717/1784/1717 1677/1785/1677 1679/1783/1679
vt 0.870195 0.505884
f 1677/1785/1677 1678/1786/1678 1679/1783/1679
vt 0.870179 0.502124
f 1679/1783/1679 1678/1786/1678 2204/1787/2204
f 1679/1783/1679 2204/1787/2204 1683/1780/1683
vt 0.870265 0.468864
f 1683/1780/1683 1680/1788/1680 1679/1783/1679
f 1680/1788/1680 1676/1556/1676 1679/1783/1679
f 1680/1788/1680 1681/1557/1681 1676/1556/1676
vt 0.870271 0.438125
f 1682/1789/1682 1681/1557/1681 1680/1788/1680
f 1516/1588/1516 1682/1789/1682 1680/1788/1680
f 1683/1780/1683 1516/1588/1516 1680/1788/1680
f 1675/1779/1675 1516/1588/1516 1683/1780/1683
f 1675/1779/1675 1684/1778/1684 1516/1588/1516
f 1516/1588/1516 1684/1778/1684 1674/1590/1674
vt 0.870300 0.409509
f 1685/1790/1685 1682/1789/1682 1516/1588/1516
vt 0.808128 0.408285
f 2945/1791/2945 1685/1790/1685 1516/1588/1516
vt 0.806413 0.408173
f 2945/1791/2945 1516/1588/1516 1686/1792/1686
f 1687/1560/1687 2945/1791/2945 1686/1792/1686
f 1687/1560/1687 1686/1792/1686 1688/1561/1688
f 1688/1561/1688 1686/1792/1686 2946/1583/2946
f 1686/1792/1686 1516/1588/1516 2946/1583/2946
f 1699/1559/1699 2945/1791/2945 1687/1560/1687
vt 0.806461 0.408411
f 1699/1559/1699 3017/1793/3017 2945/1791/2945
f 3017/1793/3017 1685/1790/1685 2945/1791/2945
vt 0.802056 0.408491
f 3017/1793/3017 1689/1794/1689 1685/1790/1685
vt 0.748143 0.409261
f 1685/1790/1685 1689/1794/1689 1709/1795/1709
vt 0.794742 0.409632
f 1685/1790/1685 1709/1795/1709 1690/1796/1690
vt 0.804010 0.409663
f 1690/1796/1690 1692/1797/1692 1685/1790/1685
f 1692/1797/1692 1691/1558/1691 1685/1790/1685
f 1685/1790/1685 1691/1558/1691 1682/1789/1682
f 1682/1789/1682 1691/1558/1691 1681/1557/1681
vt 0.793661 0.417306
f 1693/1798/1693 1691/1558/1691 1692/1797/1692
vt 0.795792 0.413122
f 1693/1798/1693 1692/1797/1692 1694/1799/1694
vt 0.795443 0.412647
f 1696/1800/1696 1693/1798/1693 1694/1799/1694
vt 0.799240 0.409660
f 1694/1799/1694 1710/1801/1710 1696/1800/1696
vt 0.794358 0.410950
f 1696/1800/1696 1710/1801/1710 1695/1802/1695
vt 0.784914 0.417274
f 1696/1800/1696 1695/1802/1695 1697/1803/1697
f 1697/1803/1697 1693/1798/1693 1696/1800/1696
f 1693/1798/1693 1697/1803/1697 1691/1558/1691
vt 0.739672 0.416935
f 1691/1558/1691 1697/1803/1697 1698/1804/1698
vt 0.802072 0.416225
f 1698/1804/1698 1700/1805/1700 1691/1558/1691
vt 0.806477 0.416141
f 1691/1558/1691 1700/1805/1700 1701/1806/1701
f 1691/1558/1691 1701/1806/1701 1699/1559/1699
f 1701/1806/1701 3017/1793/3017 1699/1559/1699
f 1701/1806/1701 1689/1794/1689 3017/1793/3017
f 1700/1805/1700 1689/1794/1689 1701/1806/1701
vt 0.796591 0.408505
f 1700/1805/1700 1705/1807/1705 1689/1794/1689
f 1689/1794/1689 1705/1807/1705 1709/1795/1709
vt 0.700047 0.408978
f 1709/1795/1709 1705/1807/1705 1702/1808/1702
f 1698/1804/1698 1709/1795/1709 1702/1808/1702
f 1698/1804/1698 1702/1808/1702 1703/1573/1703
vt 0.796607 0.416239
f 1703/1573/1703 1704/1809/1704 1698/1804/1698
f 1698/1804/1698 1704/1809/1704 1700/1805/1700
f 1704/1809/1704 1705/1807/1705 1700/1805/1700
vt 0.792157 0.408442
f 1704/1809/1704 3019/1810/3019 1705/1807/1705
f 1702/1808/1702 1705/1807/1705 3019/1810/3019
f 1702/1808/1702 3019/1810/3019 1706/1574/1706
f 1703/1573/1703 1702/1808/1702 1706/1574/1706
f 1706/1574/1706 3019/1810/3019 3029/1571/3029
f 1706/1574/1706 3029/1571/3029 3026/1578/3026
f 3026/1578/3026 1505/1577/1505 1706/1574/1706
f 1706/1574/1706 1505/1577/1505 1707/1575/1707
f 1707/1575/1707 1505/1577/1505 3037/1576/3037
f 3026/1578/3026 3029/1571/3029 1708/1570/1708
f 1499/1572/1499 3029/1571/3029 3019/1810/3019
f 1499/1572/1499 3019/1810/3019 1704/1809/1704
f 1703/1573/1703 1499/1572/1499 1704/1809/1704
f 1697/1803/1697 1709/1795/1709 1698/1804/1698
f 1690/1796/1690 1709/1795/1709 1697/1803/1697
f 1697/1803/1697 1695/1802/1695 1690/1796/1690
f 1690/1796/1690 1695/1802/1695 1710/1801/1710
f 1710/1801/1710 1692/1797/1692 1690/1796/1690
f 1694/1799/1694 1692/1797/1692 1710/1801/1710
f 1711/1781/1711 1683/1780/1683 2204/1787/2204
vt 0.863121 0.505898
f 1711/1781/1711 2204/1787/2204 1712/1811/1712
f 1711/1781/1711 1712/1811/1712 1713/1782/1713
vt 0.863121 0.509599
f 1713/1782/1713 1712/1811/1712 2203/1812/2203
vt 0.863108 0.511512
f 1713/1782/1713 2203/1812/2203 1714/1813/1714
vt 0.863249 0.548935
f 1713/1782/1713 1714/1813/1714 1715/1814/1715
f 1717/1784/1717 1713/1782/1713 1715/1814/1715
vt 0.870355 0.569439
f 1717/1784/1717 1715/1814/1715 1716/1815/1716
f 1716/1815/1716 2202/1777/2202 1717/1784/1717
vt 0.870185 0.511495
f 1717/1784/1717 2202/1777/2202 1718/1816/1718
f 1717/1784/1717 1718/1816/1718 1677/1785/1677
f 1714/1813/1714 1677/1785/1677 1718/1816/1718
f 1714/1813/1714 1718/1816/1718 2201/1776/2201
f 1715/1814/1715 1714/1813/1714 2201/1776/2201
f 1715/1814/1715 2201/1776/2201 1673/1775/1673
f 1716/1815/1716 1715/1814/1715 1673/1775/1673
f 1716/1815/1716 1673/1775/1673 1719/1591/1719
f 1719/1591/1719 1674/1590/1674 1716/1815/1716
f 1716/1815/1716 1674/1590/1674 2202/1777/2202
f 1719/1591/1719 1673/1775/1673 1721/1774/1721
f 1719/1591/1719 1721/1774/1721 1720/1592/1720
f 1720/1592/1720 1721/1774/1721 1722/1773/1722
f 1720/1592/1720 1722/1773/1722 1518/1593/1518
f 1518/1593/1518 1722/1773/1722 1671/1772/1671
f 1518/1593/1518 1671/1772/1671 1723/1594/1723
f 1723/1594/1723 1671/1772/1671 1670/1771/1670
f 1723/1594/1723 1670/1771/1670 1519/1595/1519
f 1519/1595/1519 1670/1771/1670 1669/1770/1669
vt 0.870972 0.765554
f 1519/1595/1519 1669/1770/1669 1724/1817/1724
f 1520/1596/1520 1519/1595/1519 1724/1817/1724
vt 0.871071 0.811911
f 1724/1817/1724 1875/1818/1875 1520/1596/1520
vt 0.870578 0.822163
f 1520/1596/1520 1875/1818/1875 1975/1819/1975
vt 0.869209 0.824311
f 1975/1819/1975 1725/1820/1725 1520/1596/1520
f 1520/1596/1520 1725/1820/1725 1726/1597/1726
vt 0.865354 0.826133
f 1725/1820/1725 1978/1821/1978 1726/1597/1726
f 1726/1597/1726 1978/1821/1978 1727/1599/1727
f 1521/1598/1521 1726/1597/1726 1727/1599/1727
f 1978/1821/1978 1524/1600/1524 1727/1599/1727
vt 0.859692 0.852580
f 1978/1821/1978 1979/1822/1979 1524/1600/1524
vt 0.852919 0.853238
f 1979/1822/1979 1982/1823/1982 1524/1600/1524
f 1524/1600/1524 1982/1823/1982 1525/1601/1525
f 1728/1603/1728 1525/1601/1525 1982/1823/1982
vt 0.145690 0.878450
f 1728/1603/1728 1982/1823/1982 1729/1824/1729
vt 0.138927 0.877624
f 1729/1824/1729 1984/1825/1984 1728/1603/1728
f 1728/1603/1728 1984/1825/1984 1528/1604/1528
vt 0.133197 0.875246
f 1984/1825/1984 1985/1826/1985 1528/1604/1528
vt 0.133098 0.852444
f 1528/1604/1528 1985/1826/1985 1986/1827/1986
f 1528/1604/1528 1986/1827/1986 1730/1605/1730
vt 0.133011 0.827833
f 1730/1605/1730 1986/1827/1986 1988/1828/1988
f 1730/1605/1730 1988/1828/1988 1531/1608/1531
f 1530/1606/1530 1730/1605/1730 1531/1608/1531
f 1531/1608/1531 1988/1828/1988 1415/1442/1415
f 1731/1441/1731 1531/1608/1531 1415/1442/1415
vt 0.129201 0.826028
f 1988/1828/1988 1732/1829/1732 1415/1442/1415
f 1415/1442/1415 1732/1829/1732 1735/1443/1735
vt 0.127877 0.823887
f 1732/1829/1732 1733/1830/1733 1735/1443/1735
vt 0.127809 0.800176
f 1735/1443/1735 1733/1830/1733 1736/1831/1736
f 1734/1444/1734 1735/1443/1735 1736/1831/1736
vt 0.127758 0.775947
f 1734/1444/1734 1736/1831/1736 1737/1832/1737
f 1737/1832/1737 2739/1445/2739 1734/1444/1734
vt 0.127445 0.507367
f 1739/1833/1739 2739/1445/2739 1737/1832/1737
f 1739/1833/1739 1737/1832/1737 1470/1516/1470
f 1470/1516/1470 1745/1462/1745 1739/1833/1739
f 1739/1833/1739 1745/1462/1745 1421/1461/1421
vt 0.127445 0.503667
f 1739/1833/1739 1421/1461/1421 1738/1834/1738
f 1738/1834/1738 2739/1445/2739 1739/1833/1739
vt 0.127454 0.501757
f 1738/1834/1738 1743/1835/1743 2739/1445/2739
f 2739/1445/2739 1743/1835/1743 1740/1499/1740
f 1743/1835/1743 1742/1503/1742 1740/1499/1740
f 1740/1499/1740 1742/1503/1742 1460/1500/1460
f 1743/1835/1743 1741/1459/1741 1742/1503/1742
f 1743/1835/1743 1744/1460/1744 1741/1459/1741
f 1738/1834/1738 1744/1460/1744 1743/1835/1743
f 1738/1834/1738 1421/1461/1421 1744/1460/1744
f 1470/1516/1470 1746/1515/1746 1745/1462/1745
f 1745/1462/1745 1746/1515/1746 1467/1514/1467
f 1747/1463/1747 1745/1462/1745 1467/1514/1467
f 1470/1516/1470 1737/1832/1737 1471/1517/1471
vt 0.127803 0.640466
f 1737/1832/1737 1748/1836/1748 1471/1517/1471
f 1472/1518/1472 1471/1517/1471 1748/1836/1748
f 1472/1518/1472 1748/1836/1748 1749/1519/1749
vt 0.127899 0.674349
f 1749/1519/1749 1748/1836/1748 1750/1837/1750
f 1749/1519/1749 1750/1837/1750 1751/1520/1751
vt 0.128011 0.707075
f 1751/1520/1751 1750/1837/1750 1991/1838/1991
f 1751/1520/1751 1991/1838/1991 1473/1521/1473
vt 0.128136 0.738198
f 1473/1521/1473 1991/1838/1991 1752/1839/1752
f 1473/1521/1473 1752/1839/1752 1474/1522/1474
vt 0.128270 0.767279
f 1474/1522/1474 1752/1839/1752 1990/1840/1990
vt 0.135433 0.784537
f 1474/1522/1474 1990/1840/1990 1753/1841/1753
vt 0.135449 0.810631
f 1753/1841/1753 2118/1842/2118 1474/1522/1474
vt 0.135443 0.813618
f 1474/1522/1474 2118/1842/2118 1993/1843/1993
f 1474/1522/1474 1993/1843/1993 1754/1523/1754
vt 0.134950 0.823870
f 1754/1523/1754 1993/1843/1993 1904/1844/1904
vt 0.136354 0.825545
f 1904/1844/1904 1756/1845/1756 1754/1523/1754
f 1754/1523/1754 1756/1845/1756 1755/1524/1755
vt 0.140222 0.826766
f 1756/1845/1756 1901/1846/1901 1755/1524/1755
f 1755/1524/1755 1901/1846/1901 1477/1528/1477
f 1475/1525/1475 1755/1524/1755 1477/1528/1477
vt 0.145523 0.827207
f 1901/1846/1901 1900/1847/1900 1477/1528/1477
f 1477/1528/1477 1900/1847/1900 1478/1529/1478
vt 0.852855 0.825563
f 1900/1847/1900 1897/1848/1897 1478/1529/1478
vt 0.852785 0.800071
f 1478/1529/1478 1897/1848/1897 2198/1849/2198
f 1478/1529/1478 2198/1849/2198 1761/1530/1761
f 1761/1530/1761 2198/1849/2198 1862/1762/1862
f 1862/1762/1862 1767/1741/1767 1761/1530/1761
f 1761/1530/1761 1767/1741/1767 1763/1738/1763
f 1761/1530/1761 1763/1738/1763 1757/1737/1757
f 1757/1737/1757 1758/1734/1758 1761/1530/1761
f 1761/1530/1761 1758/1734/1758 1635/1733/1635
f 1761/1530/1761 1635/1733/1635 1759/1730/1759
f 1759/1730/1759 1633/1729/1633 1761/1530/1761
f 1761/1530/1761 1633/1729/1633 1760/1726/1760
f 1761/1530/1761 1760/1726/1760 1628/1725/1628
f 1628/1725/1628 1762/1722/1762 1761/1530/1761
f 1761/1530/1761 1762/1722/1762 1480/1531/1480
f 1625/1723/1625 1762/1722/1762 1628/1725/1628
f 1629/1727/1629 1760/1726/1760 1633/1729/1633
f 1634/1731/1634 1759/1730/1759 1635/1733/1635
f 1637/1735/1637 1758/1734/1758 1757/1737/1757
f 1640/1739/1640 1763/1738/1763 1767/1741/1767
vt 0.677621 0.766299
f 1764/1850/1764 1767/1741/1767 1862/1762/1862
vt 0.702341 0.766481
f 1862/1762/1862 1765/1851/1765 1764/1850/1764
f 1765/1851/1765 1650/1751/1650 1764/1850/1764
f 1764/1850/1764 1650/1751/1650 1649/1750/1649
vt 0.653230 0.761892
f 1764/1850/1764 1649/1750/1649 1766/1852/1766
f 1766/1852/1766 1641/1742/1641 1764/1850/1764
f 1764/1850/1764 1641/1742/1641 1767/1741/1767
vt 0.370520 0.754152
f 1766/1852/1766 1768/1853/1768 1641/1742/1641
f 1770/1743/1770 1641/1742/1641 1768/1853/1768
vt 0.392607 0.742028
f 1770/1743/1770 1768/1853/1768 1769/1854/1769
f 1769/1854/1769 1643/1744/1643 1770/1743/1770
vt 0.391916 0.733319
f 1769/1854/1769 1780/1855/1780 1643/1744/1643
f 1771/1745/1771 1643/1744/1643 1780/1855/1780
vt 0.391805 0.732763
f 1771/1745/1771 1780/1855/1780 1781/1856/1781
f 1773/1746/1773 1771/1745/1771 1781/1856/1781
vt 0.589794 0.716218
f 1773/1746/1773 1781/1856/1781 1782/1857/1782
vt 0.608861 0.732815
f 1782/1857/1782 1772/1858/1772 1773/1746/1773
f 1773/1746/1773 1772/1858/1772 1644/1747/1644
vt 0.607911 0.741325
f 1772/1858/1772 1774/1859/1774 1644/1747/1644
f 1644/1747/1644 1774/1859/1774 1646/1748/1646
vt 0.607828 0.740926
f 1776/1860/1776 1646/1748/1646 1774/1859/1774
vt 0.587936 0.724886
f 1776/1860/1776 1774/1859/1774 1786/1861/1786
vt 0.508993 0.716316
f 1786/1861/1786 1775/1862/1775 1776/1860/1776
vt 0.392524 0.741626
f 1776/1860/1776 1775/1862/1775 1778/1863/1778
vt 0.629774 0.753365
f 1776/1860/1776 1778/1863/1778 1777/1864/1777
f 1777/1864/1777 1646/1748/1646 1776/1860/1776
f 1777/1864/1777 1647/1749/1647 1646/1748/1646
f 1766/1852/1766 1647/1749/1647 1777/1864/1777
f 1777/1864/1777 1768/1853/1768 1766/1852/1766
f 1777/1864/1777 1778/1863/1778 1768/1853/1768
f 1769/1854/1769 1768/1853/1768 1778/1863/1778
vt 0.412535 0.725879
f 1769/1854/1769 1778/1863/1778 1779/1865/1779
f 1779/1865/1779 1780/1855/1780 1769/1854/1769
vt 0.410808 0.717194
f 1779/1865/1779 1792/1866/1792 1780/1855/1780
f 1781/1856/1781 1780/1855/1780 1792/1866/1792
vt 0.410696 0.716638
f 1781/1856/1781 1792/1866/1792 1783/1867/1783
f 1782/1857/1782 1781/1856/1781 1783/1867/1783
vt 0.573418 0.697096
f 1782/1857/1782 1783/1867/1783 1795/1868/1795
vt 0.589909 0.716778
f 1795/1868/1795 1784/1869/1784 1782/1857/1782
f 1782/1857/1782 1784/1869/1784 1772/1858/1772
vt 0.588019 0.725284
f 1784/1869/1784 1785/1870/1785 1772/1858/1772
f 1772/1858/1772 1785/1870/1785 1774/1859/1774
f 1786/1861/1786 1774/1859/1774 1785/1870/1785
vt 0.570590 0.705637
f 1786/1861/1786 1785/1870/1785 1797/1871/1797
f 1797/1871/1797 1775/1862/1775 1786/1861/1786
vt 0.556213 0.683657
f 1787/1872/1787 1775/1862/1775 1797/1871/1797
vt 0.570673 0.706036
f 1797/1871/1797 1798/1873/1798 1787/1872/1787
vt 0.556296 0.684056
f 1787/1872/1787 1798/1873/1798 1801/1874/1801
vt 0.545163 0.659487
f 1787/1872/1787 1801/1874/1801 1788/1875/1788
vt 0.508887 0.659571
f 1788/1875/1788 1804/1876/1804 1787/1872/1787
f 1787/1872/1787 1804/1876/1804 1775/1862/1775
vt 0.509083 0.689988
f 1804/1876/1804 1805/1877/1805 1775/1862/1775
vt 0.509102 0.693080
f 1775/1862/1775 1805/1877/1805 1789/1878/1789
vt 0.509239 0.717512
f 1775/1862/1775 1789/1878/1789 1810/1879/1810
vt 0.491554 0.717551
f 1810/1879/1810 1817/1880/1817 1775/1862/1775
vt 0.491311 0.716354
f 1775/1862/1775 1817/1880/1817 1821/1881/1821
f 1775/1862/1775 1821/1881/1821 1778/1863/1778
vt 0.412455 0.725480
f 1778/1863/1778 1821/1881/1821 1790/1882/1790
f 1779/1865/1779 1778/1863/1778 1790/1882/1790
vt 0.429897 0.706508
f 1779/1865/1779 1790/1882/1790 1791/1883/1791
f 1791/1883/1791 1792/1866/1792 1779/1865/1779
vt 0.427117 0.697991
f 1791/1883/1791 1793/1884/1793 1792/1866/1792
f 1783/1867/1783 1792/1866/1792 1793/1884/1793
vt 0.427002 0.697435
f 1783/1867/1783 1793/1884/1793 1794/1885/1794
f 1795/1868/1795 1783/1867/1783 1794/1885/1794
vt 0.560032 0.675363
f 1795/1868/1795 1794/1885/1794 1833/1886/1833
vt 0.573533 0.697652
f 1833/1886/1833 1796/1887/1796 1795/1868/1795
f 1795/1868/1795 1796/1887/1796 1784/1869/1784
f 1796/1887/1796 1798/1873/1798 1784/1869/1784
f 1784/1869/1784 1798/1873/1798 1785/1870/1785
f 1797/1871/1797 1785/1870/1785 1798/1873/1798
f 1796/1887/1796 1801/1874/1801 1798/1873/1798
vt 0.560145 0.675923
f 1799/1888/1799 1801/1874/1801 1796/1887/1796
f 1833/1886/1833 1799/1888/1799 1796/1887/1796
vt 0.550086 0.652142
f 1833/1886/1833 1835/1889/1835 1799/1888/1799
vt 0.545243 0.659886
f 1835/1889/1835 1800/1890/1800 1799/1888/1799
f 1799/1888/1799 1800/1890/1800 1801/1874/1801
f 1788/1875/1788 1801/1874/1801 1800/1890/1800
vt 0.508971 0.659970
f 1803/1891/1803 1788/1875/1788 1800/1890/1800
vt 0.508971 0.658724
f 1803/1891/1803 1800/1890/1800 1828/1892/1828
vt 0.509131 0.659522
f 1803/1891/1803 1828/1892/1828 1839/1893/1839
vt 0.509095 0.682426
f 1839/1893/1839 1802/1894/1802 1803/1891/1803
vt 0.509079 0.683034
f 1803/1891/1803 1802/1894/1802 1850/1895/1850
vt 0.509076 0.686021
f 1803/1891/1803 1850/1895/1850 1851/1896/1851
f 1803/1891/1803 1851/1896/1851 1804/1876/1804
f 1804/1876/1804 1788/1875/1788 1803/1891/1803
f 1804/1876/1804 1851/1896/1851 1805/1877/1805
vt 0.491391 0.686060
f 1851/1896/1851 1806/1897/1806 1805/1877/1805
vt 0.491398 0.690026
f 1805/1877/1805 1806/1897/1806 1807/1898/1807
f 1805/1877/1805 1807/1898/1807 1789/1878/1789
vt 0.491417 0.693118
f 1789/1878/1789 1807/1898/1807 1820/1899/1820
vt 0.509118 0.693849
f 1789/1878/1789 1820/1899/1820 1808/1900/1808
f 1810/1879/1810 1789/1878/1789 1808/1900/1808
vt 0.509127 0.691936
f 1810/1879/1810 1808/1900/1808 1816/1901/1816
vt 0.509265 0.716190
f 1816/1901/1816 1809/1902/1809 1810/1879/1810
vt 0.491580 0.716232
f 1818/1903/1818 1810/1879/1810 1809/1902/1809
vt 0.491602 0.712171
f 1818/1903/1818 1809/1902/1809 1845/1904/1845
vt 0.491446 0.691978
f 1811/1905/1811 1818/1903/1818 1845/1904/1845
vt 0.491606 0.705987
f 1845/1904/1845 1847/1906/1847 1811/1905/1811
vt 0.491599 0.698620
f 1811/1905/1811 1847/1906/1847 1812/1907/1812
vt 0.491442 0.688277
f 1811/1905/1811 1812/1907/1812 1814/1908/1814
vt 0.509127 0.688236
f 1813/1909/1813 1811/1905/1811 1814/1908/1814
vt 0.509115 0.684482
f 1813/1909/1813 1814/1908/1814 1842/1910/1842
vt 0.509249 0.679250
f 1842/1910/1842 1843/1911/1843 1813/1909/1813
vt 0.509281 0.698578
f 1813/1909/1813 1843/1911/1843 1815/1912/1815
f 1813/1909/1813 1815/1912/1815 1816/1901/1816
f 1816/1901/1816 1811/1905/1811 1813/1909/1813
vt 0.491433 0.693891
f 1816/1901/1816 1819/1913/1819 1811/1905/1811
f 1819/1913/1819 1817/1880/1817 1811/1905/1811
f 1811/1905/1811 1817/1880/1817 1818/1903/1818
f 1817/1880/1817 1810/1879/1810 1818/1903/1818
f 1819/1913/1819 1820/1899/1820 1817/1880/1817
f 1817/1880/1817 1820/1899/1820 1821/1881/1821
f 1821/1881/1821 1820/1899/1820 1807/1898/1807
vt 0.491206 0.659613
f 1821/1881/1821 1807/1898/1807 1822/1914/1822
vt 0.444178 0.684000
f 1823/1915/1823 1821/1881/1821 1822/1914/1822
vt 0.455183 0.659697
f 1823/1915/1823 1822/1914/1822 1824/1916/1824
vt 0.455263 0.660092
f 1830/1917/1830 1823/1915/1823 1824/1916/1824
f 1822/1914/1822 1830/1917/1830 1824/1916/1824
vt 0.491286 0.660012
f 1825/1918/1825 1830/1917/1830 1822/1914/1822
f 1822/1914/1822 1806/1897/1806 1825/1918/1825
vt 0.491398 0.683076
f 1825/1918/1825 1806/1897/1806 1826/1919/1826
vt 0.491414 0.682471
f 1825/1918/1825 1826/1919/1826 1849/1920/1849
vt 0.491446 0.659561
f 1825/1918/1825 1849/1920/1849 1853/1921/1853
vt 0.491283 0.658763
f 1853/1921/1853 1838/1922/1838 1825/1918/1825
f 1830/1917/1830 1825/1918/1825 1838/1922/1838
vt 0.450391 0.652372
f 1827/1923/1827 1830/1917/1830 1838/1922/1838
f 1827/1923/1827 1838/1922/1838 1828/1892/1828
f 1828/1892/1828 1835/1889/1835 1827/1923/1827
vt 0.450279 0.651816
f 1827/1923/1827 1835/1889/1835 1836/1924/1836
vt 0.440422 0.676199
f 1836/1924/1836 1829/1925/1829 1827/1923/1827
f 1829/1925/1829 1830/1917/1830 1827/1923/1827
vt 0.444258 0.684395
f 1830/1917/1830 1829/1925/1829 1832/1926/1832
f 1832/1926/1832 1823/1915/1823 1830/1917/1830
vt 0.429814 0.706109
f 1832/1926/1832 1831/1927/1831 1823/1915/1823
f 1831/1927/1831 1821/1881/1821 1823/1915/1823
f 1790/1882/1790 1821/1881/1821 1831/1927/1831
f 1791/1883/1791 1790/1882/1790 1831/1927/1831
f 1791/1883/1791 1831/1927/1831 1832/1926/1832
f 1832/1926/1832 1793/1884/1793 1791/1883/1791
f 1832/1926/1832 1829/1925/1829 1793/1884/1793
f 1794/1885/1794 1793/1884/1793 1829/1925/1829
vt 0.440310 0.675643
f 1794/1885/1794 1829/1925/1829 1834/1928/1834
f 1833/1886/1833 1794/1885/1794 1834/1928/1834
vt 0.549971 0.651585
f 1833/1886/1833 1834/1928/1834 1837/1929/1837
f 1837/1929/1837 1835/1889/1835 1833/1886/1833
f 1836/1924/1836 1835/1889/1835 1837/1929/1837
f 1837/1929/1837 1834/1928/1834 1836/1924/1836
f 1834/1928/1834 1829/1925/1829 1836/1924/1836
f 1828/1892/1828 1800/1890/1800 1835/1889/1835
f 1838/1922/1838 1839/1893/1839 1828/1892/1828
f 1853/1921/1853 1839/1893/1839 1838/1922/1838
vt 0.509166 0.661145
f 1839/1893/1839 1853/1921/1853 1840/1930/1840
f 1842/1910/1842 1839/1893/1839 1840/1930/1840
vt 0.509198 0.665465
f 1842/1910/1842 1840/1930/1840 1841/1931/1841
vt 0.509223 0.671820
f 1841/1931/1841 1855/1932/1855 1842/1910/1842
f 1842/1910/1842 1855/1932/1855 1843/1911/1843
vt 0.491542 0.671862
f 1855/1932/1855 1857/1933/1857 1843/1911/1843
vt 0.491564 0.679292
f 1843/1911/1843 1857/1933/1857 1844/1934/1844
f 1843/1911/1843 1844/1934/1844 1815/1912/1815
f 1815/1912/1815 1844/1934/1844 1812/1907/1812
vt 0.509291 0.705945
f 1812/1907/1812 1848/1935/1848 1815/1912/1815
f 1816/1901/1816 1815/1912/1815 1848/1935/1848
vt 0.509281 0.712129
f 1816/1901/1816 1848/1935/1848 1846/1936/1846
f 1846/1936/1846 1809/1902/1809 1816/1901/1816
f 1845/1904/1845 1809/1902/1809 1846/1936/1846
f 1845/1904/1845 1846/1936/1846 1847/1906/1847
f 1847/1906/1847 1846/1936/1846 1848/1935/1848
f 1847/1906/1847 1848/1935/1848 1812/1907/1812
f 1814/1908/1814 1812/1907/1812 1844/1934/1844
vt 0.491430 0.684521
f 1814/1908/1814 1844/1934/1844 1852/1937/1852
f 1842/1910/1842 1814/1908/1814 1852/1937/1852
f 1842/1910/1842 1852/1937/1852 1802/1894/1802
f 1802/1894/1802 1839/1893/1839 1842/1910/1842
f 1802/1894/1802 1852/1937/1852 1849/1920/1849
f 1802/1894/1802 1849/1920/1849 1850/1895/1850
f 1850/1895/1850 1849/1920/1849 1826/1919/1826
f 1850/1895/1850 1826/1919/1826 1851/1896/1851
f 1851/1896/1851 1826/1919/1826 1806/1897/1806
f 1853/1921/1853 1849/1920/1849 1852/1937/1852
vt 0.491481 0.661184
f 1853/1921/1853 1852/1937/1852 1854/1938/1854
f 1840/1930/1840 1853/1921/1853 1854/1938/1854
f 1840/1930/1840 1854/1938/1854 1841/1931/1841
vt 0.491513 0.665507
f 1841/1931/1841 1854/1938/1854 1856/1939/1856
f 1841/1931/1841 1856/1939/1856 1855/1932/1855
f 1855/1932/1855 1856/1939/1856 1857/1933/1857
f 1852/1937/1852 1857/1933/1857 1856/1939/1856
f 1854/1938/1854 1852/1937/1852 1856/1939/1856
f 1852/1937/1852 1844/1934/1844 1857/1933/1857
f 1822/1914/1822 1807/1898/1807 1806/1897/1806
f 1808/1900/1808 1820/1899/1820 1819/1913/1819
f 1808/1900/1808 1819/1913/1819 1816/1901/1816
f 1766/1852/1766 1649/1750/1649 1647/1749/1647
f 1765/1851/1765 1651/1752/1651 1650/1751/1650
vt 0.726779 0.762424
f 1859/1940/1859 1651/1752/1651 1765/1851/1765
f 1862/1762/1862 1859/1940/1859 1765/1851/1765
vt 0.750341 0.754236
f 1858/1941/1858 1859/1940/1859 1862/1762/1862
vt 0.772435 0.742119
f 1862/1762/1862 1860/1942/1860 1858/1941/1858
f 1860/1942/1860 1861/1754/1861 1858/1941/1858
f 1858/1941/1858 1861/1754/1861 1654/1753/1654
f 1858/1941/1858 1654/1753/1654 1859/1940/1859
f 1859/1940/1859 1654/1753/1654 1651/1752/1651
f 1860/1942/1860 1657/1755/1657 1861/1754/1861
vt 0.792522 0.726365
f 1866/1943/1866 1657/1755/1657 1860/1942/1860
f 1862/1762/1862 1866/1943/1866 1860/1942/1860
vt 0.810105 0.707368
f 1864/1944/1864 1866/1943/1866 1862/1762/1862
vt 0.824751 0.685602
f 1862/1762/1862 1863/1945/1863 1864/1944/1864
f 1863/1945/1863 1658/1757/1658 1864/1944/1864
f 1864/1944/1864 1658/1757/1658 1865/1756/1865
f 1864/1944/1864 1865/1756/1865 1866/1943/1866
f 1866/1943/1866 1865/1756/1865 1657/1755/1657
f 1863/1945/1863 1867/1758/1867 1658/1757/1658
f 1664/1761/1664 1867/1758/1867 1863/1945/1863
f 1862/1762/1862 1664/1761/1664 1863/1945/1863
f 1664/1761/1664 1662/1759/1662 1867/1758/1867
f 2198/1849/2198 1868/1766/1868 1862/1762/1862
vt 0.858166 0.825105
f 2198/1849/2198 1870/1946/1870 1868/1766/1868
f 1870/1946/1870 1869/1767/1869 1868/1766/1868
vt 0.862145 0.847323
f 1870/1946/1870 2199/1947/2199 1869/1767/1869
vt 0.863585 0.844794
f 2199/1947/2199 1871/1948/1871 1869/1767/1869
f 1869/1767/1869 1871/1948/1871 1668/1768/1668
f 1871/1948/1871 1872/1769/1872 1668/1768/1668
vt 0.864004 0.815895
f 1871/1948/1871 1971/1949/1971 1872/1769/1872
vt 0.871078 0.815878
f 1971/1949/1971 1970/1950/1970 1872/1769/1872
f 1872/1769/1872 1970/1950/1970 1875/1818/1875
vt 0.864004 0.808941
f 1872/1769/1872 1875/1818/1875 1873/1951/1873
f 1872/1769/1872 1873/1951/1873 1669/1770/1669
vt 0.863988 0.782848
f 1669/1770/1669 1873/1951/1873 1876/1952/1876
f 1724/1817/1724 1669/1770/1669 1876/1952/1876
vt 0.871116 0.792183
f 1724/1817/1724 1876/1952/1876 1874/1953/1874
vt 0.871078 0.808924
f 1874/1953/1874 1886/1954/1886 1724/1817/1724
f 1724/1817/1724 1886/1954/1886 1875/1818/1875
f 1873/1951/1873 1875/1818/1875 1886/1954/1886
vt 0.864020 0.808333
f 1873/1951/1873 1886/1954/1886 1887/1955/1887
f 1876/1952/1876 1873/1951/1873 1887/1955/1887
vt 0.864036 0.810386
f 1876/1952/1876 1887/1955/1887 1888/1956/1888
vt 0.864145 0.808490
f 1876/1952/1876 1888/1956/1888 1890/1957/1890
f 1874/1953/1874 1876/1952/1876 1890/1957/1890
vt 0.871270 0.816000
f 1874/1953/1874 1890/1957/1890 1877/1958/1877
vt 0.871122 0.814129
f 1883/1959/1883 1874/1953/1874 1877/1958/1877
vt 0.871122 0.817826
f 1883/1959/1883 1877/1958/1877 1932/1960/1932
vt 0.864049 0.817843
f 1882/1961/1882 1883/1959/1883 1932/1960/1932
vt 0.864039 0.819757
f 1882/1961/1882 1932/1960/1932 1930/1962/1930
vt 0.864302 0.830887
f 1881/1963/1881 1882/1961/1882 1930/1962/1930
vt 0.864321 0.932068
f 1881/1963/1881 1930/1962/1930 1949/1964/1949
vt 0.864465 0.849694
f 1949/1964/1949 1878/1965/1878 1881/1963/1881
vt 0.871423 0.836654
f 1879/1966/1879 1881/1963/1881 1878/1965/1878
vt 0.871583 0.853867
f 1879/1966/1879 1878/1965/1878 1953/1967/1953
vt 0.871394 0.932054
f 1953/1967/1953 1880/1968/1880 1879/1966/1879
f 1879/1966/1879 1880/1968/1880 1877/1958/1877
f 1877/1958/1877 1881/1963/1881 1879/1966/1879
f 1877/1958/1877 1890/1957/1890 1881/1963/1881
f 1890/1957/1890 1882/1961/1882 1881/1963/1881
vt 0.864049 0.814143
f 1890/1957/1890 1889/1969/1889 1882/1961/1882
f 1889/1969/1889 1883/1959/1883 1882/1961/1882
vt 0.871110 0.810372
f 1889/1969/1889 1884/1970/1884 1883/1959/1883
f 1884/1970/1884 1874/1953/1874 1883/1959/1883
vt 0.871090 0.808315
f 1884/1970/1884 1885/1971/1885 1874/1953/1874
f 1874/1953/1874 1885/1971/1885 1886/1954/1886
f 1887/1955/1887 1886/1954/1886 1885/1971/1885
f 1887/1955/1887 1885/1971/1885 1888/1956/1888
f 1888/1956/1888 1885/1971/1885 1884/1970/1884
f 1888/1956/1888 1884/1970/1884 1889/1969/1889
f 1888/1956/1888 1889/1969/1889 1890/1957/1890
vt 0.871113 0.819739
f 1933/1972/1933 1877/1958/1877 1880/1968/1880
vt 0.871289 0.929651
f 1933/1972/1933 1880/1968/1880 1963/1973/1963
vt 0.871180 0.923498
f 1892/1974/1892 1933/1972/1933 1963/1973/1963
vt 0.869952 0.936933
f 1963/1973/1963 1891/1975/1891 1892/1974/1892
vt 0.869840 0.930490
f 1892/1974/1892 1891/1975/1891 1966/1976/1966
vt 0.871068 0.913750
f 1892/1974/1892 1966/1976/1966 1969/1977/1969
vt 0.871097 0.818970
f 1969/1977/1969 1968/1978/1968 1892/1974/1892
f 1892/1974/1892 1968/1978/1968 1933/1972/1933
vt 0.864024 0.818987
f 1931/1979/1931 1933/1972/1933 1968/1978/1968
f 1931/1979/1931 1968/1978/1968 1971/1949/1971
vt 0.863886 0.900661
f 1911/1980/1911 1931/1979/1931 1971/1949/1971
vt 0.863777 0.884519
f 1911/1980/1911 1971/1949/1971 1894/1981/1894
vt 0.862347 0.888541
f 1893/1982/1893 1911/1980/1911 1894/1981/1894
vt 0.862245 0.869058
f 1893/1982/1893 1894/1981/1894 1895/1983/1895
vt 0.858351 0.871493
f 1908/1984/1908 1893/1982/1893 1895/1983/1895
vt 0.858252 0.849180
f 1908/1984/1908 1895/1983/1895 1896/1985/1896
vt 0.852942 0.849873
f 1898/1986/1898 1908/1984/1908 1896/1985/1896
f 1898/1986/1898 1896/1985/1896 1897/1848/1897
f 1900/1847/1900 1898/1986/1898 1897/1848/1897
vt 0.145610 0.851510
f 1899/1987/1899 1898/1986/1898 1900/1847/1900
f 1901/1846/1901 1899/1987/1899 1900/1847/1900
vt 0.140309 0.850845
f 1907/1988/1907 1899/1987/1899 1901/1846/1901
f 1756/1845/1756 1907/1988/1907 1901/1846/1901
vt 0.136438 0.849009
f 1902/1989/1902 1907/1988/1907 1756/1845/1756
f 1904/1844/1904 1902/1989/1902 1756/1845/1756
vt 0.135033 0.846483
f 1903/1990/1903 1902/1989/1902 1904/1844/1904
f 1904/1844/1904 1993/1843/1993 1903/1990/1903
vt 0.135449 0.817585
f 1903/1990/1903 1993/1843/1993 1905/1991/1905
vt 0.135123 0.867435
f 1903/1990/1903 1905/1991/1905 1921/1992/1921
vt 0.136534 0.870744
f 1921/1992/1921 1906/1993/1906 1903/1990/1903
f 1903/1990/1903 1906/1993/1906 1902/1989/1902
vt 0.140408 0.873161
f 1906/1993/1906 1918/1994/1918 1902/1989/1902
f 1902/1989/1902 1918/1994/1918 1907/1988/1907
vt 0.145706 0.874036
f 1918/1994/1918 1919/1995/1919 1907/1988/1907
f 1907/1988/1907 1919/1995/1919 1899/1987/1899
vt 0.853041 0.872395
f 1919/1995/1919 1916/1996/1916 1899/1987/1899
f 1899/1987/1899 1916/1996/1916 1898/1986/1898
f 1916/1996/1916 1908/1984/1908 1898/1986/1898
vt 0.858457 0.891490
f 1916/1996/1916 1909/1997/1909 1908/1984/1908
f 1909/1997/1909 1893/1982/1893 1908/1984/1908
vt 0.862459 0.905285
f 1909/1997/1909 1915/1998/1915 1893/1982/1893
f 1915/1998/1915 1911/1980/1911 1893/1982/1893
vt 0.863995 0.913764
f 1915/1998/1915 1910/1999/1910 1911/1980/1911
f 1910/1999/1910 1931/1979/1931 1911/1980/1911
vt 0.864107 0.923516
f 1912/2000/1912 1931/1979/1931 1910/1999/1910
vt 0.862571 0.918881
f 1914/2001/1914 1912/2000/1912 1910/1999/1910
f 1914/2001/1914 1910/1999/1910 1915/1998/1915
vt 0.858569 0.908678
f 1913/2002/1913 1914/2001/1914 1915/1998/1915
f 1913/2002/1913 1915/1998/1915 1909/1997/1909
vt 0.853150 0.892578
f 1917/2003/1917 1913/2002/1913 1909/1997/1909
f 1917/2003/1917 1909/1997/1909 1916/1996/1916
f 1919/1995/1919 1917/2003/1917 1916/1996/1916
vt 0.145814 0.894221
f 1927/2004/1927 1917/2003/1917 1919/1995/1919
f 1918/1994/1918 1927/2004/1927 1919/1995/1919
vt 0.140513 0.893155
f 1925/2005/1925 1927/2004/1927 1918/1994/1918
f 1906/1993/1906 1925/2005/1925 1918/1994/1918
vt 0.136636 0.890227
f 1920/2006/1920 1925/2005/1925 1906/1993/1906
f 1921/1992/1921 1920/2006/1920 1906/1993/1906
vt 0.135225 0.886211
f 1922/2007/1922 1920/2006/1920 1921/1992/1921
f 1921/1992/1921 1905/1991/1905 1922/2007/1922
vt 0.135468 0.820676
f 1922/2007/1922 1905/1991/1905 1995/2008/1995
vt 0.135334 0.902354
f 1922/2007/1922 1995/2008/1995 1940/2009/1940
vt 0.136748 0.906971
f 1940/2009/1940 1923/2010/1923 1922/2007/1922
f 1922/2007/1922 1923/2010/1923 1920/2006/1920
vt 0.140625 0.910343
f 1923/2010/1923 1924/2011/1924 1920/2006/1920
f 1920/2006/1920 1924/2011/1924 1925/2005/1925
vt 0.145929 0.911570
f 1924/2011/1924 1926/2012/1926 1925/2005/1925
f 1925/2005/1925 1926/2012/1926 1927/2004/1927
vt 0.853262 0.909930
f 1926/2012/1926 1936/2013/1936 1927/2004/1927
f 1927/2004/1927 1936/2013/1936 1917/2003/1917
f 1936/2013/1936 1913/2002/1913 1917/2003/1917
vt 0.858687 0.922634
f 1936/2013/1936 1935/2014/1935 1913/2002/1913
f 1935/2014/1935 1914/2001/1914 1913/2002/1913
vt 0.862689 0.928997
f 1935/2014/1935 1928/2015/1928 1914/2001/1914
f 1928/2015/1928 1912/2000/1912 1914/2001/1914
vt 0.864215 0.929665
f 1928/2015/1928 1929/2016/1929 1912/2000/1912
f 1929/2016/1929 1930/1962/1930 1912/2000/1912
f 1912/2000/1912 1930/1962/1930 1931/1979/1931
f 1930/1962/1930 1933/1972/1933 1931/1979/1931
f 1930/1962/1930 1932/1960/1932 1933/1972/1933
f 1932/1960/1932 1877/1958/1877 1933/1972/1933
f 1949/1964/1949 1930/1962/1930 1929/2016/1929
vt 0.862801 0.935377
f 1934/2017/1934 1949/1964/1949 1929/2016/1929
f 1934/2017/1934 1929/2016/1929 1928/2015/1928
vt 0.858806 0.933019
f 1947/2018/1947 1934/2017/1934 1928/2015/1928
f 1947/2018/1947 1928/2015/1928 1935/2014/1935
vt 0.853380 0.924016
f 1946/2019/1946 1947/2018/1947 1935/2014/1935
f 1946/2019/1946 1935/2014/1935 1936/2013/1936
f 1926/2012/1926 1946/2019/1946 1936/2013/1936
vt 0.146048 0.925660
f 1937/2020/1937 1946/2019/1946 1926/2012/1926
f 1924/2011/1924 1937/2020/1937 1926/2012/1926
vt 0.140744 0.924302
f 1939/2021/1939 1937/2020/1937 1924/2011/1924
f 1923/2010/1923 1939/2021/1939 1924/2011/1924
vt 0.136863 0.920570
f 1938/2022/1938 1939/2021/1939 1923/2010/1923
f 1940/2009/1940 1938/2022/1938 1923/2010/1923
vt 0.135440 0.915460
f 1942/2023/1942 1938/2022/1938 1940/2009/1940
f 1940/2009/1940 1995/2008/1995 1942/2023/1942
vt 0.135555 0.925205
f 1942/2023/1942 1995/2008/1995 1941/2024/1941
vt 0.136978 0.930679
f 1941/2024/1941 1998/2025/1998 1942/2023/1942
f 1942/2023/1942 1998/2025/1998 1938/2022/1938
vt 0.140862 0.934681
f 1998/2025/1998 1943/2026/1943 1938/2022/1938
f 1938/2022/1938 1943/2026/1943 1939/2021/1939
vt 0.146169 0.936139
f 1943/2026/1943 1944/2027/1944 1939/2021/1939
f 1939/2021/1939 1944/2027/1944 1937/2020/1937
vt 0.853501 0.934495
f 1944/2027/1944 1945/2028/1945 1937/2020/1937
f 1937/2020/1937 1945/2028/1945 1946/2019/1946
f 1945/2028/1945 1947/2018/1947 1946/2019/1946
vt 0.858921 0.939567
f 1945/2028/1945 1948/2029/1948 1947/2018/1947
f 1948/2029/1948 1934/2017/1934 1947/2018/1947
vt 0.862910 0.937871
f 1948/2029/1948 1999/2030/1999 1934/2017/1934
f 1999/2030/1999 1949/1964/1949 1934/2017/1934
vt 0.864369 0.945041
f 1999/2030/1999 2002/2031/2002 1949/1964/1949
vt 0.865783 0.939238
f 1949/1964/1949 2002/2031/2002 2003/2032/2003
vt 0.865463 0.904162
f 2003/2032/2003 2009/2033/2009 1949/1964/1949
vt 0.865108 0.884330
f 2009/2033/2009 1950/2034/1950 1949/1964/1949
vt 0.864954 0.882084
f 1949/1964/1949 1950/2034/1950 1951/2035/1951
vt 0.864794 0.875487
f 1949/1964/1949 1951/2035/1951 1954/2036/1954
vt 0.864631 0.864633
f 1954/2036/1954 1952/2037/1952 1949/1964/1949
f 1949/1964/1949 1952/2037/1952 1878/1965/1878
f 1953/1967/1953 1878/1965/1878 1952/2037/1952
vt 0.871740 0.867404
f 1953/1967/1953 1952/2037/1952 2197/2038/2197
f 2197/2038/2197 1880/1968/1880 1953/1967/1953
vt 0.871900 0.877065
f 1956/2039/1956 1880/1968/1880 2197/2038/2197
f 2197/2038/2197 1954/2036/1954 1956/2039/1956
f 1956/2039/1956 1954/2036/1954 1951/2035/1951
vt 0.872053 0.882721
f 1956/2039/1956 1951/2035/1951 1955/2040/1955
f 1955/2040/1955 1880/1968/1880 1956/2039/1956
vt 0.872536 0.904145
f 1959/2041/1959 1880/1968/1880 1955/2040/1955
vt 0.872201 0.884288
f 1955/2040/1955 1957/2042/1957 1959/2041/1959
vt 0.872338 0.881748
f 1959/2041/1959 1957/2042/1957 2023/2043/2023
vt 0.872520 0.901053
f 2023/2043/2023 1958/2044/1958 1959/2041/1959
vt 0.865444 0.901070
f 1961/2045/1961 1959/2041/1959 1958/2044/1958
vt 0.865437 0.897104
f 1961/2045/1961 1958/2044/1958 1960/2046/1960
vt 0.865252 0.882199
f 1960/2046/1960 2024/2047/2024 1961/2045/1961
f 1961/2045/1961 2024/2047/2024 2009/2033/2009
f 2009/2033/2009 1959/2041/1959 1961/2045/1961
vt 0.872553 0.904914
f 2009/2033/2009 1962/2048/1962 1959/2041/1959
vt 0.872853 0.939221
f 1962/2048/1962 2026/2049/2026 1959/2041/1959
f 1959/2041/1959 2026/2049/2026 1880/1968/1880
vt 0.870060 0.939452
f 1880/1968/1880 2026/2049/2026 2025/2050/2025
f 1880/1968/1880 2025/2050/2025 1963/1973/1963
f 1963/1973/1963 2025/2050/2025 1891/1975/1891
vt 0.866241 0.945734
f 2025/2050/2025 1964/2051/1964 1891/1975/1891
vt 0.866129 0.943117
f 1891/1975/1891 1964/2051/1964 1965/2052/1965
f 1891/1975/1891 1965/2052/1965 1966/1976/1966
vt 0.866004 0.936422
f 1966/1976/1966 1965/2052/1965 2029/2053/2029
vt 0.869721 0.920273
f 1966/1976/1966 2029/2053/2029 1967/2054/1967
f 1969/1977/1969 1966/1976/1966 1967/2054/1967
vt 0.870959 0.900647
f 1969/1977/1969 1967/2054/1967 1972/2055/1972
f 1972/2055/1972 1968/1978/1968 1969/1977/1969
f 1972/2055/1972 1970/1950/1970 1968/1978/1968
f 1971/1949/1971 1968/1978/1968 1970/1950/1970
vt 0.870850 0.884504
f 1973/2056/1973 1970/1950/1970 1972/2055/1972
vt 0.869603 0.906541
f 1972/2055/1972 2031/2057/2031 1973/2056/1973
vt 0.869494 0.889629
f 1973/2056/1973 2031/2057/2031 2032/2058/2032
vt 0.870751 0.865728
f 1973/2056/1973 2032/2058/2032 1974/2059/1974
f 1974/2059/1974 1970/1950/1970 1973/2056/1973
vt 0.870662 0.844776
f 1976/2060/1976 1970/1950/1970 1974/2059/1974
vt 0.869385 0.869957
f 1974/2059/1974 2034/2061/2034 1976/2060/1976
vt 0.869292 0.848001
f 1976/2060/1976 2034/2061/2034 2035/2062/2035
f 1976/2060/1976 2035/2062/2035 1975/1819/1975
f 1975/1819/1975 1875/1818/1875 1976/2060/1976
f 1976/2060/1976 1875/1818/1875 1970/1950/1970
f 1975/1819/1975 2035/2062/2035 1725/1820/1725
vt 0.865441 0.850744
f 2035/2062/2035 1977/2063/1977 1725/1820/1725
f 1725/1820/1725 1977/2063/1977 1978/1821/1978
f 1977/2063/1977 1979/1822/1979 1978/1821/1978
vt 0.859794 0.875952
f 1977/2063/1977 1980/2064/1980 1979/1822/1979
vt 0.853025 0.876809
f 1980/2064/1980 1981/2065/1981 1979/1822/1979
f 1979/1822/1979 1981/2065/1981 1982/1823/1982
f 1729/1824/1729 1982/1823/1982 1981/2065/1981
vt 0.145801 0.899577
f 1729/1824/1729 1981/2065/1981 2039/2066/2039
vt 0.139035 0.898569
f 2039/2066/2039 1983/2067/1983 1729/1824/1729
f 1729/1824/1729 1983/2067/1983 1984/1825/1984
vt 0.133309 0.895683
f 1983/2067/1983 2041/2068/2041 1984/1825/1984
f 1984/1825/1984 2041/2068/2041 1985/1826/1985
vt 0.129486 0.891346
f 2041/2068/2041 2044/2069/2044 1985/1826/1985
vt 0.129377 0.871675
f 1985/1826/1985 2044/2069/2044 1987/2070/1987
f 1985/1826/1985 1987/2070/1987 1986/1827/1986
vt 0.129284 0.849719
f 1986/1827/1986 1987/2070/1987 2045/2071/2045
f 1986/1827/1986 2045/2071/2045 1988/1828/1988
f 1988/1828/1988 2045/2071/2045 1732/1829/1732
vt 0.127960 0.846501
f 2045/2071/2045 1989/2072/1989 1732/1829/1732
f 1732/1829/1732 1989/2072/1989 1733/1830/1733
vt 0.128372 0.815615
f 1989/2072/1989 1994/2073/1994 1733/1830/1733
f 1994/2073/1994 1736/1831/1736 1733/1830/1733
f 1994/2073/1994 1990/1840/1990 1736/1831/1736
f 1990/1840/1990 1752/1839/1752 1736/1831/1736
f 1736/1831/1736 1752/1839/1752 1737/1832/1737
f 1737/1832/1737 1752/1839/1752 1991/1838/1991
f 1737/1832/1737 1991/1838/1991 1750/1837/1750
f 1750/1837/1750 1748/1836/1748 1737/1832/1737
vt 0.128376 0.811911
f 1992/2074/1992 1990/1840/1990 1994/2073/1994
f 1993/1843/1993 1992/2074/1992 1994/2073/1994
f 1993/1843/1993 1994/2073/1994 1905/1991/1905
vt 0.128388 0.819365
f 1905/1991/1905 1994/2073/1994 2047/2075/2047
f 1905/1991/1905 2047/2075/2047 1995/2008/1995
vt 0.128404 0.821422
f 1995/2008/1995 2047/2075/2047 2057/2076/2057
vt 0.135487 0.821446
f 1995/2008/1995 2057/2076/2057 1996/2077/1996
f 1941/2024/1941 1995/2008/1995 1996/2077/1996
vt 0.135663 0.931358
f 1941/2024/1941 1996/2077/1996 2080/2078/2080
vt 0.137090 0.937062
f 2080/2078/2080 1997/2079/1997 1941/2024/1941
f 1941/2024/1941 1997/2079/1997 1998/2025/1998
vt 0.140977 0.941232
f 1997/2079/1997 2082/2080/2082 1998/2025/1998
f 1998/2025/1998 2082/2080/2082 1943/2026/1943
vt 0.146285 0.942750
f 2082/2080/2082 2083/2081/2083 1943/2026/1943
f 1943/2026/1943 2083/2081/2083 1944/2027/1944
vt 0.853620 0.941109
f 2083/2081/2083 2085/2082/2085 1944/2027/1944
f 1944/2027/1944 2085/2082/2085 1945/2028/1945
f 2085/2082/2085 1948/2029/1948 1945/2028/1945
vt 0.859036 0.942127
f 2085/2082/2085 2000/2083/2000 1948/2029/1948
f 2000/2083/2000 1999/2030/1999 1948/2029/1948
vt 0.860495 0.949298
f 2000/2083/2000 2001/2084/2001 1999/2030/1999
f 1999/2030/1999 2001/2084/2001 2002/2031/2002
vt 0.871522 0.946622
f 2001/2084/2001 2087/2085/2087 2002/2031/2002
f 2002/2031/2002 2087/2085/2087 2026/2049/2026
f 2002/2031/2002 2026/2049/2026 2003/2032/2003
vt 0.865613 0.850135
f 2003/2032/2003 2026/2049/2026 2013/2086/2013
vt 0.865508 0.864973
f 2013/2086/2013 2005/2087/2005 2003/2032/2003
vt 0.865485 0.899318
f 2004/2088/2004 2003/2032/2003 2005/2087/2005
vt 0.865476 0.895565
f 2004/2088/2004 2005/2087/2005 2006/2089/2006
vt 0.872549 0.895547
f 2006/2089/2006 2016/2090/2016 2004/2088/2004
vt 0.872562 0.899304
f 2004/2088/2004 2016/2090/2016 2011/2091/2011
vt 0.865489 0.903022
f 2004/2088/2004 2011/2091/2011 2007/2092/2007
f 2007/2092/2007 2003/2032/2003 2004/2088/2004
vt 0.865479 0.904932
f 2007/2092/2007 2008/2093/2008 2003/2032/2003
f 2003/2032/2003 2008/2093/2008 2009/2033/2009
f 2008/2093/2008 1962/2048/1962 2009/2033/2009
vt 0.872562 0.903004
f 2008/2093/2008 2010/2094/2010 1962/2048/1962
f 2010/2094/2010 2026/2049/2026 1962/2048/1962
f 2011/2091/2011 2026/2049/2026 2010/2094/2010
f 2007/2092/2007 2011/2091/2011 2010/2094/2010
f 2007/2092/2007 2010/2094/2010 2008/2093/2008
vt 0.872584 0.864542
f 2011/2091/2011 2014/2095/2014 2026/2049/2026
vt 0.872687 0.850118
f 2014/2095/2014 2012/2096/2012 2026/2049/2026
f 2013/2086/2013 2026/2049/2026 2012/2096/2012
f 2014/2095/2014 2013/2086/2013 2012/2096/2012
f 2014/2095/2014 2005/2087/2005 2013/2086/2013
vt 0.872469 0.875137
f 2015/2097/2015 2005/2087/2005 2014/2095/2014
f 2014/2095/2014 2016/2090/2016 2015/2097/2015
vt 0.872530 0.893494
f 2015/2097/2015 2016/2090/2016 2019/2098/2019
vt 0.872517 0.894099
f 2015/2097/2015 2019/2098/2019 2020/2099/2020
vt 0.872511 0.897086
f 2020/2099/2020 2021/2100/2021 2015/2097/2015
f 2015/2097/2015 2021/2100/2021 2023/2043/2023
vt 0.865386 0.875714
f 2023/2043/2023 2022/2101/2022 2015/2097/2015
f 2015/2097/2015 2022/2101/2022 2005/2087/2005
vt 0.865457 0.893508
f 2018/2102/2018 2005/2087/2005 2022/2101/2022
vt 0.865444 0.894116
f 2018/2102/2018 2022/2101/2022 2017/2103/2017
f 2017/2103/2017 2020/2099/2020 2018/2102/2018
f 2018/2102/2018 2020/2099/2020 2019/2098/2019
f 2018/2102/2018 2019/2098/2019 2006/2089/2006
f 2006/2089/2006 2005/2087/2005 2018/2102/2018
f 2006/2089/2006 2019/2098/2019 2016/2090/2016
f 2017/2103/2017 2021/2100/2021 2020/2099/2020
f 1960/2046/1960 2021/2100/2021 2017/2103/2017
f 2017/2103/2017 2022/2101/2022 1960/2046/1960
f 1960/2046/1960 2022/2101/2022 2024/2047/2024
f 2023/2043/2023 2024/2047/2024 2022/2101/2022
f 1957/2042/1957 2024/2047/2024 2023/2043/2023
f 1957/2042/1957 1950/2034/1950 2024/2047/2024
f 2009/2033/2009 2024/2047/2024 1950/2034/1950
f 1955/2040/1955 1950/2034/1950 1957/2042/1957
f 1955/2040/1955 1951/2035/1951 1950/2034/1950
f 1960/2046/1960 1958/2044/1958 2021/2100/2021
f 2023/2043/2023 2021/2100/2021 1958/2044/1958
f 2016/2090/2016 2014/2095/2014 2011/2091/2011
f 2025/2050/2025 2026/2049/2026 2087/2085/2087
f 2025/2050/2025 2087/2085/2087 1964/2051/1964
vt 0.867699 0.952904
f 1964/2051/1964 2087/2085/2087 2086/2104/2086
vt 0.860511 0.949934
f 1964/2051/1964 2086/2104/2086 2027/2105/2027
f 1964/2051/1964 2027/2105/2027 1965/2052/1965
vt 0.860396 0.947255
f 1965/2052/1965 2027/2105/2027 2028/2106/2028
f 1965/2052/1965 2028/2106/2028 2029/2053/2029
vt 0.860271 0.940396
f 2029/2053/2029 2028/2106/2028 2030/2107/2030
vt 0.865885 0.925814
f 2029/2053/2029 2030/2107/2030 2091/2108/2091
f 1967/2054/1967 2029/2053/2029 2091/2108/2091
f 1967/2054/1967 2091/2108/2091 2031/2057/2031
f 1972/2055/1972 1967/2054/1967 2031/2057/2031
vt 0.865764 0.911550
f 2031/2057/2031 2091/2108/2091 2092/2109/2092
f 2031/2057/2031 2092/2109/2092 2032/2058/2032
vt 0.865649 0.893984
f 2032/2058/2032 2092/2109/2092 2033/2110/2033
f 2032/2058/2032 2033/2110/2033 2034/2061/2034
f 1974/2059/1974 2032/2058/2032 2034/2061/2034
vt 0.865540 0.873546
f 2034/2061/2034 2033/2110/2033 2036/2111/2036
f 2034/2061/2034 2036/2111/2036 2035/2062/2035
f 2035/2062/2035 2036/2111/2036 1977/2063/1977
f 2036/2111/2036 1980/2064/1980 1977/2063/1977
vt 0.859906 0.896897
f 2036/2111/2036 2037/2112/2037 1980/2064/1980
vt 0.853137 0.897933
f 2037/2112/2037 2094/2113/2094 1980/2064/1980
f 1980/2064/1980 2094/2113/2094 1981/2065/1981
f 2039/2066/2039 1981/2065/1981 2094/2113/2094
vt 0.145920 0.917734
f 2039/2066/2039 2094/2113/2094 2050/2114/2050
vt 0.139160 0.916576
f 2050/2114/2050 2038/2115/2038 2039/2066/2039
f 2039/2066/2039 2038/2115/2038 1983/2067/1983
vt 0.133424 0.913249
f 2038/2115/2038 2040/2116/2040 1983/2067/1983
f 1983/2067/1983 2040/2116/2040 2041/2068/2041
vt 0.129595 0.908258
f 2040/2116/2040 2042/2117/2042 2041/2068/2041
f 2041/2068/2041 2042/2117/2042 2044/2069/2044
vt 0.128261 0.902368
f 2042/2117/2042 2048/2118/2048 2044/2069/2044
vt 0.128152 0.886229
f 2044/2069/2044 2048/2118/2048 2043/2119/2043
f 2044/2069/2044 2043/2119/2043 1987/2070/1987
vt 0.128053 0.867449
f 1987/2070/1987 2043/2119/2043 2046/2120/2046
f 1987/2070/1987 2046/2120/2046 2045/2071/2045
f 2045/2071/2045 2046/2120/2046 1989/2072/1989
f 2046/2120/2046 1994/2073/1994 1989/2072/1989
f 2046/2120/2046 2047/2075/2047 1994/2073/1994
f 2043/2119/2043 2047/2075/2047 2046/2120/2046
f 2048/2118/2048 2047/2075/2047 2043/2119/2043
vt 0.128366 0.915474
f 2056/2121/2056 2047/2075/2047 2048/2118/2048
f 2042/2117/2042 2056/2121/2056 2048/2118/2048
vt 0.129713 0.921990
f 2049/2122/2049 2056/2121/2056 2042/2117/2042
f 2040/2116/2040 2049/2122/2049 2042/2117/2042
vt 0.133542 0.927513
f 2054/2123/2054 2049/2122/2049 2040/2116/2040
f 2038/2115/2038 2054/2123/2054 2040/2116/2040
vt 0.139282 0.931193
f 2053/2124/2053 2054/2123/2054 2038/2115/2038
f 2050/2114/2050 2053/2124/2053 2038/2115/2038
vt 0.146045 0.932477
f 2051/2125/2051 2053/2124/2053 2050/2114/2050
vt 0.853258 0.916090
f 2050/2114/2050 2095/2126/2095 2051/2125/2051
vt 0.853380 0.930833
f 2051/2125/2051 2095/2126/2095 2097/2127/2097
vt 0.146173 0.943443
f 2051/2125/2051 2097/2127/2097 2061/2128/2061
vt 0.139403 0.942068
f 2061/2128/2061 2060/2129/2060 2051/2125/2051
f 2051/2125/2051 2060/2129/2060 2053/2124/2053
vt 0.133664 0.938122
f 2060/2129/2060 2052/2130/2052 2053/2124/2053
f 2053/2124/2053 2052/2130/2052 2054/2123/2054
vt 0.129831 0.932208
f 2052/2130/2052 2058/2131/2058 2054/2123/2054
f 2054/2123/2054 2058/2131/2058 2049/2122/2049
vt 0.128481 0.925222
f 2058/2131/2058 2055/2132/2055 2049/2122/2049
f 2049/2122/2049 2055/2132/2055 2056/2121/2056
f 2055/2132/2055 2057/2076/2057 2056/2121/2056
f 2056/2121/2056 2057/2076/2057 2047/2075/2047
vt 0.128587 0.931372
f 2065/2133/2065 2057/2076/2057 2055/2132/2055
f 2058/2131/2058 2065/2133/2065 2055/2132/2055
vt 0.129943 0.938651
f 2059/2134/2059 2065/2133/2065 2058/2131/2058
f 2052/2130/2052 2059/2134/2059 2058/2131/2058
vt 0.133785 0.944817
f 2064/2135/2064 2059/2134/2059 2052/2130/2052
f 2060/2129/2060 2064/2135/2064 2052/2130/2052
vt 0.139528 0.948931
f 2063/2136/2063 2064/2135/2064 2060/2129/2060
f 2061/2128/2061 2063/2136/2063 2060/2129/2060
vt 0.146294 0.950365
f 2062/2137/2062 2063/2136/2063 2061/2128/2061
vt 0.853505 0.941799
f 2061/2128/2061 2090/2138/2090 2062/2137/2062
vt 0.853629 0.948721
f 2062/2137/2062 2090/2138/2090 2089/2139/2089
vt 0.146416 0.953065
f 2062/2137/2062 2089/2139/2089 2098/2140/2098
vt 0.139643 0.951610
f 2098/2140/2098 2099/2141/2099 2062/2137/2062
f 2062/2137/2062 2099/2141/2099 2063/2136/2063
vt 0.133901 0.947434
f 2099/2141/2099 2101/2142/2101 2063/2136/2063
f 2063/2136/2063 2101/2142/2101 2064/2135/2064
vt 0.130052 0.941169
f 2101/2142/2101 2102/2143/2102 2064/2135/2064
f 2064/2135/2064 2102/2143/2102 2059/2134/2059
vt 0.128696 0.933775
f 2102/2143/2102 2104/2144/2104 2059/2134/2059
f 2059/2134/2059 2104/2144/2104 2065/2133/2065
f 2104/2144/2104 2057/2076/2057 2065/2133/2065
vt 0.128417 0.820813
f 2104/2144/2104 2066/2145/2066 2057/2076/2057
f 1996/2077/1996 2057/2076/2057 2066/2145/2066
vt 0.135497 0.819533
f 1996/2077/1996 2066/2145/2066 2067/2146/2067
vt 0.135750 0.832576
f 1996/2077/1996 2067/2146/2067 2068/2147/2068
vt 0.135769 0.933761
f 2079/2148/2079 1996/2077/1996 2068/2147/2068
vt 0.135913 0.851384
f 2079/2148/2079 2068/2147/2068 2111/2149/2111
vt 0.136076 0.866326
f 2069/2150/2069 2079/2148/2079 2111/2149/2111
vt 0.128881 0.855595
f 2111/2149/2111 2070/2151/2070 2069/2150/2069
vt 0.129041 0.869128
f 2069/2150/2069 2070/2151/2070 2107/2152/2107
vt 0.136239 0.877177
f 2069/2150/2069 2107/2152/2107 2071/2153/2071
f 2071/2153/2071 2079/2148/2079 2069/2150/2069
vt 0.136399 0.883773
f 2072/2154/2072 2079/2148/2079 2071/2153/2071
vt 0.129198 0.878789
f 2071/2153/2071 2106/2155/2106 2072/2154/2072
vt 0.129355 0.884442
f 2072/2154/2072 2106/2155/2106 2105/2156/2105
vt 0.136553 0.886023
f 2072/2154/2072 2105/2156/2105 2073/2157/2073
f 2073/2157/2073 2079/2148/2079 2072/2154/2072
vt 0.136908 0.905855
f 2077/2158/2077 2079/2148/2079 2073/2157/2073
vt 0.136700 0.883889
f 2073/2157/2073 2074/2159/2074 2077/2158/2077
vt 0.136889 0.902760
f 2074/2159/2074 2124/2160/2124 2077/2158/2077
vt 0.129825 0.904540
f 2124/2160/2124 2075/2161/2075 2077/2158/2077
vt 0.129847 0.906600
f 2077/2158/2077 2075/2161/2075 2076/2162/2076
vt 0.136927 0.906621
f 2077/2158/2077 2076/2162/2076 2193/2163/2193
vt 0.137225 0.940931
f 2193/2163/2193 2078/2164/2078 2077/2158/2077
f 2077/2158/2077 2078/2164/2078 2079/2148/2079
vt 0.137202 0.939557
f 2079/2148/2079 2078/2164/2078 2081/2165/2081
f 2079/2148/2079 2081/2165/2081 2080/2078/2080
f 2080/2078/2080 1996/2077/1996 2079/2148/2079
f 2080/2078/2080 2081/2165/2081 1997/2079/1997
vt 0.141092 0.943792
f 2081/2165/2081 2139/2166/2139 1997/2079/1997
f 1997/2079/1997 2139/2166/2139 2082/2080/2082
vt 0.146400 0.945331
f 2139/2166/2139 2140/2167/2140 2082/2080/2082
f 2082/2080/2082 2140/2167/2140 2083/2081/2083
vt 0.853732 0.943691
f 2140/2167/2140 2084/2168/2084 2083/2081/2083
f 2083/2081/2083 2084/2168/2084 2085/2082/2085
f 2084/2168/2084 2000/2083/2000 2085/2082/2085
vt 0.855194 0.950861
f 2084/2168/2084 2173/2169/2173 2000/2083/2000
f 2000/2083/2000 2173/2169/2173 2001/2084/2001
f 2173/2169/2173 2086/2104/2086 2001/2084/2001
f 2001/2084/2001 2086/2104/2086 2087/2085/2087
vt 0.861970 0.957105
f 2173/2169/2173 2174/2170/2174 2086/2104/2086
f 2027/2105/2027 2086/2104/2086 2174/2170/2174
vt 0.853748 0.951424
f 2027/2105/2027 2174/2170/2174 2088/2171/2088
f 2027/2105/2027 2088/2171/2088 2028/2106/2028
f 2028/2106/2028 2088/2171/2088 2089/2139/2089
f 2028/2106/2028 2089/2139/2089 2030/2107/2030
f 2030/2107/2030 2089/2139/2089 2090/2138/2090
vt 0.860146 0.929518
f 2030/2107/2030 2090/2138/2090 2096/2172/2096
f 2091/2108/2091 2030/2107/2030 2096/2172/2096
f 2091/2108/2091 2096/2172/2096 2092/2109/2092
vt 0.860024 0.914904
f 2092/2109/2092 2096/2172/2096 2093/2173/2093
f 2092/2109/2092 2093/2173/2093 2033/2110/2033
f 2033/2110/2033 2093/2173/2093 2037/2112/2037
f 2033/2110/2033 2037/2112/2037 2036/2111/2036
f 2093/2173/2093 2095/2126/2095 2037/2112/2037
f 2037/2112/2037 2095/2126/2095 2094/2113/2094
f 2050/2114/2050 2094/2113/2094 2095/2126/2095
f 2093/2173/2093 2097/2127/2097 2095/2126/2095
f 2096/2172/2096 2097/2127/2097 2093/2173/2093
f 2096/2172/2096 2090/2138/2090 2097/2127/2097
f 2061/2128/2061 2097/2127/2097 2090/2138/2090
f 2098/2140/2098 2089/2139/2089 2088/2171/2088
vt 0.147871 0.960236
f 2088/2171/2088 2176/2174/2176 2098/2140/2098
f 2098/2140/2098 2176/2174/2176 2099/2141/2099
vt 0.141102 0.958780
f 2099/2141/2099 2176/2174/2176 2100/2175/2100
f 2099/2141/2099 2100/2175/2100 2101/2142/2101
vt 0.135360 0.954604
f 2101/2142/2101 2100/2175/2100 2178/2176/2178
f 2101/2142/2101 2178/2176/2178 2102/2143/2102
vt 0.131514 0.948343
f 2102/2143/2102 2178/2176/2178 2103/2177/2103
f 2102/2143/2102 2103/2177/2103 2104/2144/2104
vt 0.130154 0.940949
f 2104/2144/2104 2103/2177/2103 2138/2178/2138
f 2104/2144/2104 2138/2178/2138 2076/2162/2076
f 2076/2162/2076 2105/2156/2105 2104/2144/2104
f 2104/2144/2104 2105/2156/2105 2106/2155/2106
f 2104/2144/2104 2106/2155/2106 2107/2152/2107
f 2107/2152/2107 2070/2151/2070 2104/2144/2104
vt 0.128721 0.838379
f 2104/2144/2104 2070/2151/2070 2108/2179/2108
vt 0.128568 0.817721
f 2104/2144/2104 2108/2179/2108 2113/2180/2113
f 2113/2180/2113 2066/2145/2066 2104/2144/2104
vt 0.128424 0.817826
f 2113/2180/2113 2109/2181/2109 2066/2145/2066
f 2067/2146/2067 2066/2145/2066 2109/2181/2109
vt 0.135497 0.815835
f 2067/2146/2067 2109/2181/2109 2115/2182/2115
vt 0.135590 0.810187
f 2067/2146/2067 2115/2182/2115 2110/2183/2110
f 2068/2147/2068 2067/2146/2067 2110/2183/2110
f 2110/2183/2110 2113/2180/2113 2068/2147/2068
f 2068/2147/2068 2113/2180/2113 2108/2179/2108
f 2068/2147/2068 2108/2179/2108 2111/2149/2111
f 2111/2149/2111 2108/2179/2108 2070/2151/2070
vt 0.128414 0.793911
f 2110/2183/2110 2112/2184/2112 2113/2180/2113
vt 0.128414 0.813859
f 2112/2184/2112 2114/2185/2114 2113/2180/2113
f 2113/2180/2113 2114/2185/2114 2109/2181/2109
f 2115/2182/2115 2109/2181/2109 2114/2185/2114
vt 0.135481 0.812079
f 2115/2182/2115 2114/2185/2114 2117/2186/2117
f 2110/2183/2110 2115/2182/2115 2117/2186/2117
f 2110/2183/2110 2117/2186/2117 1753/1841/1753
f 1753/1841/1753 2112/2184/2112 2110/2183/2110
f 1753/1841/1753 1990/1840/1990 2112/2184/2112
vt 0.128382 0.810001
f 1990/1840/1990 2120/2187/2120 2112/2184/2112
vt 0.128398 0.810767
f 2112/2184/2112 2120/2187/2120 2116/2188/2116
f 2112/2184/2112 2116/2188/2116 2114/2185/2114
f 2117/2186/2117 2114/2185/2114 2116/2188/2116
vt 0.135465 0.810022
f 2117/2186/2117 2116/2188/2116 2119/2189/2119
f 1753/1841/1753 2117/2186/2117 2119/2189/2119
f 1753/1841/1753 2119/2189/2119 2118/1842/2118
f 2119/2189/2119 2120/2187/2120 2118/1842/2118
f 2118/1842/2118 2120/2187/2120 1992/2074/1992
f 2118/1842/2118 1992/2074/1992 1993/1843/1993
f 1992/2074/1992 2120/2187/2120 1990/1840/1990
f 2119/2189/2119 2116/2188/2116 2120/2187/2120
f 2071/2153/2071 2107/2152/2107 2106/2155/2106
vt 0.129502 0.886012
f 2076/2162/2076 2121/2190/2121 2105/2156/2105
f 2073/2157/2073 2105/2156/2105 2121/2190/2121
f 2073/2157/2073 2121/2190/2121 2074/2159/2074
vt 0.129639 0.883473
f 2074/2159/2074 2121/2190/2121 2122/2191/2122
vt 0.136831 0.877404
f 2074/2159/2074 2122/2191/2122 2128/2192/2128
vt 0.136882 0.898793
f 2128/2192/2128 2123/2193/2123 2074/2159/2074
f 2074/2159/2074 2123/2193/2123 2124/2160/2124
vt 0.129812 0.900790
f 2123/2193/2123 2125/2194/2125 2124/2160/2124
f 2124/2160/2124 2125/2194/2125 2075/2161/2075
f 2075/2161/2075 2125/2194/2125 2122/2191/2122
f 2121/2190/2121 2075/2161/2075 2122/2191/2122
f 2075/2161/2075 2121/2190/2121 2076/2162/2076
vt 0.129812 0.897090
f 2122/2191/2122 2125/2194/2125 2129/2195/2129
vt 0.129764 0.876858
f 2122/2191/2122 2129/2195/2129 2126/2196/2126
f 2128/2192/2128 2122/2191/2122 2126/2196/2126
vt 0.136956 0.866662
f 2128/2192/2128 2126/2196/2126 2130/2197/2130
vt 0.136905 0.895201
f 2130/2197/2130 2134/2198/2134 2128/2192/2128
vt 0.136889 0.895809
f 2128/2192/2128 2134/2198/2134 2127/2199/2127
f 2128/2192/2128 2127/2199/2127 2123/2193/2123
f 2127/2199/2127 2129/2195/2129 2123/2193/2123
f 2123/2193/2123 2129/2195/2129 2125/2194/2125
vt 0.129822 0.895176
f 2127/2199/2127 2136/2200/2136 2129/2195/2129
f 2126/2196/2126 2129/2195/2129 2136/2200/2136
vt 0.129841 0.895942
f 2126/2196/2126 2136/2200/2136 2135/2201/2135
vt 0.129886 0.866267
f 2126/2196/2126 2135/2201/2135 2137/2202/2137
f 2130/2197/2130 2126/2196/2126 2137/2202/2137
vt 0.137061 0.851824
f 2130/2197/2130 2137/2202/2137 2192/2203/2192
f 2130/2197/2130 2192/2203/2192 2078/2164/2078
vt 0.136937 0.901011
f 2132/2204/2132 2130/2197/2130 2078/2164/2078
vt 0.136937 0.904711
f 2132/2204/2132 2078/2164/2078 2195/2205/2195
vt 0.129863 0.903004
f 2195/2205/2195 2196/2206/2196 2132/2204/2132
vt 0.129854 0.899038
f 2132/2204/2132 2196/2206/2196 2131/2207/2131
vt 0.136921 0.897257
f 2132/2204/2132 2131/2207/2131 2133/2208/2133
f 2133/2208/2133 2130/2197/2130 2132/2204/2132
f 2133/2208/2133 2134/2198/2134 2130/2197/2130
f 2133/2208/2133 2135/2201/2135 2134/2198/2134
f 2134/2198/2134 2135/2201/2135 2136/2200/2136
f 2134/2198/2134 2136/2200/2136 2127/2199/2127
f 2133/2208/2133 2131/2207/2131 2135/2201/2135
f 2137/2202/2137 2135/2201/2135 2131/2207/2131
f 2137/2202/2137 2131/2207/2131 2196/2206/2196
f 2137/2202/2137 2196/2206/2196 2138/2178/2138
vt 0.129988 0.851842
f 2191/2209/2191 2137/2202/2137 2138/2178/2138
f 2078/2164/2078 2191/2209/2191 2138/2178/2138
vt 0.138658 0.946727
f 2078/2164/2078 2138/2178/2138 2179/2210/2179
f 2081/2165/2081 2078/2164/2078 2179/2210/2179
f 2081/2165/2081 2179/2210/2179 2139/2166/2139
vt 0.142551 0.950963
f 2139/2166/2139 2179/2210/2179 2180/2211/2180
f 2139/2166/2139 2180/2211/2180 2140/2167/2140
vt 0.147859 0.952505
f 2140/2167/2140 2180/2211/2180 2177/2212/2177
vt 0.493397 0.949308
f 2143/2213/2143 2140/2167/2140 2177/2212/2177
vt 0.493640 0.950505
f 2143/2213/2143 2177/2212/2177 2172/2214/2172
vt 0.493464 0.916982
f 2172/2214/2172 2141/2215/2141 2143/2213/2143
vt 0.493445 0.916209
f 2143/2213/2143 2141/2215/2141 2185/2216/2185
vt 0.493429 0.913120
f 2143/2213/2143 2185/2216/2185 2146/2217/2146
vt 0.493292 0.891318
f 2143/2213/2143 2146/2217/2146 2142/2218/2142
vt 0.510973 0.891280
f 2142/2218/2142 2159/2219/2159 2143/2213/2143
vt 0.511082 0.949270
f 2143/2213/2143 2159/2219/2159 2144/2220/2144
f 2144/2220/2144 2084/2168/2084 2143/2213/2143
f 2143/2213/2143 2084/2168/2084 2140/2167/2140
f 2144/2220/2144 2173/2169/2173 2084/2168/2084
vt 0.511322 0.950466
f 2181/2221/2181 2173/2169/2173 2144/2220/2144
vt 0.511146 0.916940
f 2186/2222/2186 2181/2221/2181 2144/2220/2144
vt 0.511127 0.916170
f 2186/2222/2186 2144/2220/2144 2145/2223/2145
f 2185/2216/2185 2186/2222/2186 2145/2223/2145
f 2185/2216/2185 2145/2223/2145 2146/2217/2146
vt 0.511111 0.913078
f 2146/2217/2146 2145/2223/2145 2147/2224/2147
vt 0.493423 0.909154
f 2146/2217/2146 2147/2224/2147 2154/2225/2154
f 2142/2218/2142 2146/2217/2146 2154/2225/2154
vt 0.493282 0.883952
f 2142/2218/2142 2154/2225/2154 2148/2226/2148
vt 0.510967 0.883910
f 2158/2227/2158 2142/2218/2142 2148/2226/2148
vt 0.510973 0.877729
f 2158/2227/2158 2148/2226/2148 2149/2228/2149
vt 0.511101 0.909111
f 2156/2229/2156 2158/2227/2158 2149/2228/2149
vt 0.511108 0.906124
f 2149/2228/2149 2161/2230/2161 2156/2229/2156
vt 0.493426 0.906166
f 2157/2231/2157 2156/2229/2156 2161/2230/2161
vt 0.493442 0.905558
f 2157/2231/2157 2161/2230/2161 2160/2232/2160
vt 0.493336 0.872388
f 2150/2233/2150 2157/2231/2157 2160/2232/2160
vt 0.493416 0.872787
f 2150/2233/2150 2160/2232/2160 2162/2234/2162
vt 0.511018 0.872346
f 2162/2234/2162 2153/2235/2153 2150/2233/2150
vt 0.493308 0.873707
f 2153/2235/2153 2151/2236/2151 2150/2233/2150
f 2151/2236/2151 2157/2231/2157 2150/2233/2150
vt 0.493288 0.877768
f 2155/2237/2155 2157/2231/2157 2151/2236/2151
vt 0.510993 0.873665
f 2152/2238/2152 2155/2237/2155 2151/2236/2151
f 2152/2238/2152 2151/2236/2151 2153/2235/2153
f 2153/2235/2153 2161/2230/2161 2152/2238/2152
f 2152/2238/2152 2161/2230/2161 2149/2228/2149
f 2149/2228/2149 2155/2237/2155 2152/2238/2152
f 2149/2228/2149 2148/2226/2148 2155/2237/2155
f 2148/2226/2148 2154/2225/2154 2155/2237/2155
f 2155/2237/2155 2154/2225/2154 2157/2231/2157
f 2154/2225/2154 2156/2229/2156 2157/2231/2157
f 2154/2225/2154 2147/2224/2147 2156/2229/2156
f 2147/2224/2147 2159/2219/2159 2156/2229/2156
f 2156/2229/2156 2159/2219/2159 2158/2227/2158
f 2159/2219/2159 2142/2218/2142 2158/2227/2158
f 2147/2224/2147 2144/2220/2144 2159/2219/2159
f 2145/2223/2145 2144/2220/2144 2147/2224/2147
vt 0.511124 0.905516
f 2153/2235/2153 2165/2239/2165 2161/2230/2161
f 2160/2232/2160 2161/2230/2161 2165/2239/2165
vt 0.493458 0.907611
f 2160/2232/2160 2165/2239/2165 2163/2240/2163
f 2162/2234/2162 2160/2232/2160 2163/2240/2163
vt 0.493448 0.874410
f 2162/2234/2162 2163/2240/2163 2168/2241/2168
vt 0.511133 0.874368
f 2168/2241/2168 2169/2242/2169 2162/2234/2162
vt 0.511101 0.872745
f 2162/2234/2162 2169/2242/2169 2164/2243/2164
f 2164/2243/2164 2153/2235/2153 2162/2234/2162
f 2164/2243/2164 2165/2239/2165 2153/2235/2153
vt 0.511143 0.907569
f 2165/2239/2165 2164/2243/2164 2170/2244/2170
f 2163/2240/2163 2165/2239/2165 2170/2244/2170
vt 0.493471 0.911368
f 2163/2240/2163 2170/2244/2170 2171/2245/2171
vt 0.493531 0.892514
f 2171/2245/2171 2166/2246/2166 2163/2240/2163
vt 0.493512 0.885085
f 2163/2240/2163 2166/2246/2166 2167/2247/2167
vt 0.493483 0.878730
f 2163/2240/2163 2167/2247/2167 2188/2248/2188
f 2168/2241/2168 2163/2240/2163 2188/2248/2188
vt 0.511168 0.878691
f 2188/2248/2188 2190/2249/2190 2168/2241/2168
f 2168/2241/2168 2190/2249/2190 2169/2242/2169
f 2170/2244/2170 2169/2242/2169 2190/2249/2190
vt 0.511197 0.885047
f 2190/2249/2190 2189/2250/2189 2170/2244/2170
vt 0.511216 0.892476
f 2170/2244/2170 2189/2250/2189 2187/2251/2187
vt 0.511156 0.911326
f 2170/2244/2170 2187/2251/2187 2182/2252/2182
f 2171/2245/2171 2170/2244/2170 2182/2252/2182
vt 0.493474 0.915065
f 2171/2245/2171 2182/2252/2182 2183/2253/2183
f 2183/2253/2183 2172/2214/2172 2171/2245/2171
f 2171/2245/2171 2172/2214/2172 2166/2246/2166
f 2181/2221/2181 2166/2246/2166 2172/2214/2172
f 2172/2214/2172 2173/2169/2173 2181/2221/2181
f 2172/2214/2172 2177/2212/2177 2173/2169/2173
vt 0.855207 0.958592
f 2177/2212/2177 2175/2254/2175 2173/2169/2173
f 2173/2169/2173 2175/2254/2175 2174/2170/2174
f 2088/2171/2088 2174/2170/2174 2175/2254/2175
f 2175/2254/2175 2176/2174/2176 2088/2171/2088
f 2176/2174/2176 2175/2254/2175 2177/2212/2177
f 2177/2212/2177 2100/2175/2100 2176/2174/2176
f 2177/2212/2177 2178/2176/2178 2100/2175/2100
f 2180/2211/2180 2178/2176/2178 2177/2212/2177
f 2180/2211/2180 2103/2177/2103 2178/2176/2178
f 2179/2210/2179 2103/2177/2103 2180/2211/2180
f 2179/2210/2179 2138/2178/2138 2103/2177/2103
f 2187/2251/2187 2166/2246/2166 2181/2221/2181
f 2182/2252/2182 2187/2251/2187 2181/2221/2181
vt 0.511159 0.915026
f 2182/2252/2182 2181/2221/2181 2184/2255/2184
f 2183/2253/2183 2182/2252/2182 2184/2255/2184
f 2183/2253/2183 2184/2255/2184 2141/2215/2141
f 2183/2253/2183 2141/2215/2141 2172/2214/2172
f 2141/2215/2141 2184/2255/2184 2186/2222/2186
f 2141/2215/2141 2186/2222/2186 2185/2216/2185
f 2184/2255/2184 2181/2221/2181 2186/2222/2186
f 2166/2246/2166 2187/2251/2187 2167/2247/2167
f 2167/2247/2167 2187/2251/2187 2189/2250/2189
f 2167/2247/2167 2189/2250/2189 2188/2248/2188
f 2188/2248/2188 2189/2250/2189 2190/2249/2190
f 2170/2244/2170 2164/2243/2164 2169/2242/2169
f 2192/2203/2192 2191/2209/2191 2078/2164/2078
f 2192/2203/2192 2137/2202/2137 2191/2209/2191
vt 0.129860 0.905988
f 2138/2178/2138 2196/2206/2196 2194/2256/2194
f 2138/2178/2138 2194/2256/2194 2076/2162/2076
f 2193/2163/2193 2076/2162/2076 2194/2256/2194
f 2193/2163/2193 2194/2256/2194 2195/2205/2195
f 2195/2205/2195 2078/2164/2078 2193/2163/2193
f 2195/2205/2195 2194/2256/2194 2196/2206/2196
f 2197/2038/2197 1952/2037/1952 1954/2036/1954
f 1897/1848/1897 1896/1985/1896 1870/1946/1870
f 1897/1848/1897 1870/1946/1870 2198/1849/2198
f 1896/1985/1896 2199/1947/2199 1870/1946/1870
f 1896/1985/1896 1895/1983/1895 2199/1947/2199
vt 0.863678 0.865742
f 1895/1983/1895 2200/2257/2200 2199/1947/2199
f 2199/1947/2199 2200/2257/2200 1871/1948/1871
f 2200/2257/2200 1971/1949/1971 1871/1948/1871
f 1894/1981/1894 1971/1949/1971 2200/2257/2200
f 1895/1983/1895 1894/1981/1894 2200/2257/2200
f 2201/1776/2201 1718/1816/1718 2202/1777/2202
f 2203/1812/2203 1677/1785/1677 1714/1813/1714
f 2203/1812/2203 1678/1786/1678 1677/1785/1677
f 1712/1811/1712 1678/1786/1678 2203/1812/2203
f 1712/1811/1712 2204/1787/2204 1678/1786/1678
vt 0.844246 0.555536
f 2217/1544/2217 2208/2258/2208 2205/1764/2205
f 2208/2258/2208 2207/1687/2207 2205/1764/2205
f 2205/1764/2205 2207/1687/2207 2206/1686/2206
f 2208/2258/2208 1590/1688/1590 2207/1687/2207
vt 0.836722 0.529799
f 2211/2259/2211 1590/1688/1590 2208/2258/2208
f 2211/2259/2211 2208/2258/2208 2217/1544/2217
vt 0.825601 0.505661
f 2217/1544/2217 2209/2260/2209 2211/2259/2211
f 2209/2260/2209 2210/1689/2210 2211/2259/2211
f 2211/2259/2211 2210/1689/2210 1590/1688/1590
f 2209/2260/2209 1593/1690/1593 2210/1689/2210
vt 0.811164 0.483733
f 2212/2261/2212 1593/1690/1593 2209/2260/2209
f 2217/1544/2217 2212/2261/2212 2209/2260/2209
vt 0.793760 0.464540
f 2213/2262/2213 2212/2261/2212 2217/1544/2217
vt 0.773826 0.448566
f 2217/1544/2217 2216/2263/2216 2213/2262/2213
f 2216/2263/2216 1597/1692/1597 2213/2262/2213
f 2213/2262/2213 1597/1692/1597 1594/1691/1594
f 2213/2262/2213 1594/1691/1594 2212/2261/2212
f 2212/2261/2212 1594/1691/1594 1593/1690/1593
f 2216/2263/2216 2214/1693/2214 1597/1692/1597
vt 0.751845 0.436205
f 2215/2264/2215 2214/1693/2214 2216/2263/2216
f 2217/1544/2217 2215/2264/2215 2216/2263/2216
vt 0.728366 0.427754
f 2218/2265/2218 2215/2264/2215 2217/1544/2217
vt 0.703963 0.423427
f 2217/1544/2217 2219/2266/2219 2218/2265/2218
f 2219/2266/2219 2220/1695/2220 2218/2265/2218
f 2218/2265/2218 2220/1695/2220 2221/1694/2221
f 2218/2265/2218 2221/1694/2221 2215/2264/2215
f 2215/2264/2215 2221/1694/2221 2214/1693/2214
f 2219/2266/2219 2222/1696/2222 2220/1695/2220
f 2223/1543/2223 2222/1696/2222 2219/2266/2219
f 2217/1544/2217 2223/1543/2223 2219/2266/2219
f 2223/1543/2223 2227/1697/2227 2222/1696/2222
vt 0.654817 0.427467
f 2226/2267/2226 2227/1697/2227 2223/1543/2223
f 1608/1542/1608 2226/2267/2226 2223/1543/2223
f 2224/1706/2224 2226/2267/2226 1608/1542/1608
f 1606/1707/1606 2224/1706/2224 1608/1542/1608
vt 0.631281 0.435736
f 2226/2267/2226 2224/1706/2224 2225/2268/2225
f 2225/2268/2225 2228/1698/2228 2226/2267/2226
f 2226/2267/2226 2228/1698/2228 2227/1697/2227
vt 0.609300 0.448328
f 2225/2268/2225 2240/2269/2240 2228/1698/2228
f 1599/1699/1599 2228/1698/2228 2240/2269/2240
vt 0.607588 0.458692
f 1599/1699/1599 2240/2269/2240 2229/2270/2229
f 1601/1700/1601 1599/1699/1599 2229/2270/2229
vt 0.607473 0.458132
f 1601/1700/1601 2229/2270/2229 2242/2271/2242
vt 0.392060 0.458636
f 2242/2271/2242 2230/2272/2230 1601/1700/1601
f 1601/1700/1601 2230/2272/2230 2231/1701/2231
vt 0.371202 0.446512
f 2230/2272/2230 2233/2273/2233 2231/1701/2231
f 2231/1701/2231 2233/2273/2233 1602/1702/1602
f 2232/1704/2232 1602/1702/1602 2233/2273/2233
vt 0.392707 0.450371
f 2232/1704/2232 2233/2273/2233 2244/2274/2244
vt 0.392623 0.449972
f 2244/2274/2244 2234/2275/2234 2232/1704/2232
f 2232/1704/2232 2234/2275/2234 2300/1705/2300
vt 0.490838 0.462442
f 2239/2276/2239 2300/1705/2300 2234/2275/2234
vt 0.412541 0.466128
f 2239/2276/2239 2234/2275/2234 2235/2277/2235
vt 0.429891 0.485513
f 2235/2277/2235 2236/2278/2236 2239/2276/2239
vt 0.444236 0.507630
f 2239/2276/2239 2236/2278/2236 2247/2279/2247
vt 0.490985 0.539768
f 2239/2276/2239 2247/2279/2247 2237/2280/2237
vt 0.491084 0.463638
f 2239/2276/2239 2237/2280/2237 2254/2281/2254
vt 0.508766 0.463599
f 2254/2281/2254 2257/2282/2257 2239/2276/2239
vt 0.508523 0.462403
f 2239/2276/2239 2257/2282/2257 2238/2283/2238
f 2238/2283/2238 2300/1705/2300 2239/2276/2239
f 2225/2268/2225 2300/1705/2300 2238/2283/2238
vt 0.609216 0.447929
f 2238/2283/2238 2277/2284/2277 2225/2268/2225
f 2277/2284/2277 2240/2269/2240 2225/2268/2225
vt 0.589257 0.464145
f 2277/2284/2277 2241/2285/2241 2240/2269/2240
f 2229/2270/2229 2240/2269/2240 2241/2285/2241
vt 0.588787 0.474943
f 2229/2270/2229 2241/2285/2241 2278/2286/2278
f 2242/2271/2242 2229/2270/2229 2278/2286/2278
vt 0.588671 0.474387
f 2242/2271/2242 2278/2286/2278 2243/2287/2243
vt 0.410920 0.474799
f 2243/2287/2243 2281/2288/2281 2242/2271/2242
f 2242/2271/2242 2281/2288/2281 2230/2272/2230
vt 0.392172 0.459196
f 2281/2288/2281 2283/2289/2283 2230/2272/2230
f 2230/2272/2230 2283/2289/2283 2233/2273/2233
f 2244/2274/2244 2233/2273/2233 2283/2289/2283
vt 0.412621 0.466531
f 2244/2274/2244 2283/2289/2283 2284/2290/2284
f 2284/2290/2284 2235/2277/2235 2244/2274/2244
f 2244/2274/2244 2235/2277/2235 2234/2275/2234
f 2284/2290/2284 2236/2278/2236 2235/2277/2235
vt 0.429971 0.485912
f 2245/2291/2245 2236/2278/2236 2284/2290/2284
vt 0.411035 0.475359
f 2284/2290/2284 2282/2292/2282 2245/2291/2245
vt 0.427306 0.494590
f 2245/2291/2245 2282/2292/2282 2285/2293/2285
vt 0.444319 0.508029
f 2245/2291/2245 2285/2293/2285 2246/2294/2246
f 2246/2294/2246 2247/2279/2247 2245/2291/2245
f 2245/2291/2245 2247/2279/2247 2236/2278/2236
vt 0.455228 0.531940
f 2246/2294/2246 2248/2295/2248 2247/2279/2247
f 2237/2280/2237 2247/2279/2247 2248/2295/2248
vt 0.455244 0.539848
f 2237/2280/2237 2248/2295/2248 2249/2296/2249
vt 0.450381 0.539701
f 2250/2297/2250 2237/2280/2237 2249/2296/2249
vt 0.450496 0.540257
f 2250/2297/2250 2249/2296/2249 2289/2298/2289
vt 0.440461 0.515853
f 2250/2297/2250 2289/2298/2289 2251/2299/2251
vt 0.559290 0.515577
f 2252/2300/2252 2250/2297/2250 2251/2299/2251
vt 0.572474 0.493698
f 2252/2300/2252 2251/2299/2251 2290/2301/2290
vt 0.559402 0.516136
f 2290/2301/2290 2294/2302/2294 2252/2300/2252
vt 0.549450 0.539470
f 2252/2300/2252 2294/2302/2294 2295/2303/2295
f 2295/2303/2295 2250/2297/2250 2252/2300/2252
vt 0.508667 0.539722
f 2250/2297/2250 2295/2303/2295 2273/2304/2273
f 2273/2304/2273 2237/2280/2237 2250/2297/2250
vt 0.491225 0.540964
f 2273/2304/2273 2253/2305/2253 2237/2280/2237
f 2254/2281/2254 2237/2280/2237 2253/2305/2253
vt 0.491199 0.483369
f 2254/2281/2254 2253/2305/2253 2263/2306/2263
vt 0.491119 0.465264
f 2263/2306/2263 2255/2307/2255 2254/2281/2254
vt 0.508801 0.465222
f 2256/2308/2256 2254/2281/2254 2255/2307/2255
vt 0.508833 0.469542
f 2256/2308/2256 2255/2307/2255 2264/2309/2264
vt 0.508884 0.483327
f 2256/2308/2256 2264/2309/2264 2265/2310/2265
f 2256/2308/2256 2265/2310/2265 2257/2282/2257
f 2257/2282/2257 2254/2281/2254 2256/2308/2256
vt 0.508955 0.521988
f 2257/2282/2257 2265/2310/2265 2269/2311/2269
vt 0.508910 0.540918
f 2257/2282/2257 2269/2311/2269 2258/2312/2258
f 2258/2312/2258 2238/2283/2238 2257/2282/2257
f 2273/2304/2273 2238/2283/2238 2258/2312/2258
f 2258/2312/2258 2253/2305/2253 2273/2304/2273
vt 0.491254 0.539642
f 2253/2305/2253 2258/2312/2258 2271/2313/2271
vt 0.491273 0.522030
f 2260/2314/2260 2253/2305/2253 2271/2313/2271
vt 0.491273 0.535581
f 2260/2314/2260 2271/2313/2271 2272/2315/2272
vt 0.491279 0.529397
f 2272/2315/2272 2259/2316/2259 2260/2314/2260
vt 0.508961 0.529351
f 2259/2316/2259 2267/2317/2267 2260/2314/2260
f 2260/2314/2260 2267/2317/2267 2269/2311/2269
f 2269/2311/2269 2263/2306/2263 2260/2314/2260
f 2263/2306/2263 2253/2305/2253 2260/2314/2260
f 2265/2310/2265 2263/2306/2263 2269/2311/2269
vt 0.491177 0.475943
f 2265/2310/2265 2261/2318/2261 2263/2306/2263
vt 0.491151 0.469584
f 2261/2318/2261 2262/2319/2262 2263/2306/2263
f 2263/2306/2263 2262/2319/2262 2255/2307/2255
f 2264/2309/2264 2255/2307/2255 2262/2319/2262
vt 0.508862 0.475898
f 2264/2309/2264 2262/2319/2262 2266/2320/2266
f 2265/2310/2265 2264/2309/2264 2266/2320/2266
f 2266/2320/2266 2261/2318/2261 2265/2310/2265
f 2266/2320/2266 2262/2319/2262 2261/2318/2261
vt 0.508955 0.535539
f 2268/2321/2268 2269/2311/2269 2267/2317/2267
f 2259/2316/2259 2268/2321/2268 2267/2317/2267
f 2272/2315/2272 2268/2321/2268 2259/2316/2259
vt 0.508935 0.539600
f 2272/2315/2272 2270/2322/2270 2268/2321/2268
f 2270/2322/2270 2269/2311/2269 2268/2321/2268
f 2258/2312/2258 2269/2311/2269 2270/2322/2270
f 2271/2313/2271 2258/2312/2258 2270/2322/2270
f 2271/2313/2271 2270/2322/2270 2272/2315/2272
vt 0.557060 0.504625
f 2273/2304/2273 2274/2323/2274 2238/2283/2238
vt 0.571645 0.482806
f 2238/2283/2238 2274/2323/2274 2275/2324/2275
vt 0.589174 0.463746
f 2238/2283/2238 2275/2324/2275 2276/2325/2276
f 2276/2325/2276 2277/2284/2277 2238/2283/2238
f 2276/2325/2276 2241/2285/2241 2277/2284/2277
vt 0.571725 0.483201
f 2276/2325/2276 2279/2326/2279 2241/2285/2241
f 2278/2286/2278 2241/2285/2241 2279/2326/2279
vt 0.572586 0.494254
f 2278/2286/2278 2279/2326/2279 2291/2327/2291
f 2243/2287/2243 2278/2286/2278 2291/2327/2291
f 2243/2287/2243 2291/2327/2291 2290/2301/2290
vt 0.427190 0.494034
f 2290/2301/2290 2280/2328/2280 2243/2287/2243
f 2243/2287/2243 2280/2328/2280 2281/2288/2281
f 2280/2328/2280 2282/2292/2282 2281/2288/2281
f 2281/2288/2281 2282/2292/2282 2283/2289/2283
f 2284/2290/2284 2283/2289/2283 2282/2292/2282
f 2280/2328/2280 2285/2293/2285 2282/2292/2282
f 2251/2299/2251 2285/2293/2285 2280/2328/2280
f 2290/2301/2290 2251/2299/2251 2280/2328/2280
vt 0.440572 0.516409
f 2251/2299/2251 2286/2329/2286 2285/2293/2285
f 2246/2294/2246 2285/2293/2285 2286/2329/2286
vt 0.455308 0.532338
f 2246/2294/2246 2286/2329/2286 2287/2330/2287
f 2287/2330/2287 2248/2295/2248 2246/2294/2246
vt 0.455324 0.540247
f 2287/2330/2287 2288/2331/2288 2248/2295/2248
f 2248/2295/2248 2288/2331/2288 2249/2296/2249
f 2289/2298/2289 2249/2296/2249 2288/2331/2288
f 2287/2330/2287 2289/2298/2289 2288/2331/2288
f 2287/2330/2287 2286/2329/2286 2289/2298/2289
f 2251/2299/2251 2289/2298/2289 2286/2329/2286
f 2290/2301/2290 2291/2327/2291 2294/2302/2294
vt 0.557144 0.505020
f 2291/2327/2291 2292/2332/2292 2294/2302/2294
vt 0.545863 0.529068
f 2294/2302/2294 2292/2332/2292 2293/2333/2293
vt 0.549565 0.540026
f 2294/2302/2294 2293/2333/2293 2297/2334/2297
f 2295/2303/2295 2294/2302/2294 2297/2334/2297
vt 0.545799 0.539638
f 2299/2335/2299 2295/2303/2295 2297/2334/2297
vt 0.545883 0.540037
f 2299/2335/2299 2297/2334/2297 2296/2336/2296
f 2293/2333/2293 2299/2335/2299 2296/2336/2296
f 2297/2334/2297 2293/2333/2293 2296/2336/2296
vt 0.545783 0.528669
f 2298/2337/2298 2299/2335/2299 2293/2333/2293
f 2298/2337/2298 2293/2333/2293 2274/2323/2274
f 2273/2304/2273 2298/2337/2298 2274/2323/2274
f 2299/2335/2299 2298/2337/2298 2273/2304/2273
f 2273/2304/2273 2295/2303/2295 2299/2335/2299
f 2274/2323/2274 2293/2333/2293 2292/2332/2292
f 2274/2323/2274 2292/2332/2292 2275/2324/2275
f 2275/2324/2275 2292/2332/2292 2279/2326/2279
f 2275/2324/2275 2279/2326/2279 2276/2325/2276
f 2291/2327/2291 2279/2326/2279 2292/2332/2292
f 2225/2268/2225 2224/1706/2224 2300/1705/2300
f 1622/1720/1622 1620/1532/1620 1480/1531/1480
f 1619/1719/1619 2301/1534/2301 2302/1533/2302
vt 0.163880 0.530012
f 2303/2338/2303 2301/1534/2301 1619/1719/1619
f 1619/1719/1619 2314/1716/2314 2303/2338/2303
f 2303/2338/2303 2314/1716/2314 1616/1715/1616
vt 0.175195 0.505881
f 2303/2338/2303 1616/1715/1616 2304/2339/2304
f 2304/2339/2304 1481/1535/1481 2303/2338/2303
f 2303/2338/2303 1481/1535/1481 2301/1534/2301
f 2304/2339/2304 2307/1536/2307 1481/1535/1481
vt 0.189841 0.483992
f 2305/2340/2305 2307/1536/2307 2304/2339/2304
f 2304/2339/2304 2306/1714/2306 2305/2340/2305
f 2305/2340/2305 2306/1714/2306 1614/1713/1614
vt 0.207449 0.464890
f 2305/2340/2305 1614/1713/1614 2308/2341/2308
f 2308/2341/2308 1482/1537/1482 2305/2340/2305
f 2305/2340/2305 1482/1537/1482 2307/1536/2307
f 2308/2341/2308 1483/1538/1483 1482/1537/1482
vt 0.227585 0.449048
f 2309/2342/2309 1483/1538/1483 2308/2341/2308
f 2308/2341/2308 1611/1712/1611 2309/2342/2309
f 2309/2342/2309 1611/1712/1611 2312/1711/2312
vt 0.249746 0.436866
f 2309/2342/2309 2312/1711/2312 2311/2343/2311
f 2311/2343/2311 2310/1539/2310 2309/2342/2309
f 2309/2342/2309 2310/1539/2310 1483/1538/1483
f 2311/2343/2311 1484/1540/1484 2310/1539/2310
f 1609/1709/1609 1484/1540/1484 2311/2343/2311
f 2311/2343/2311 1610/1710/1610 1609/1709/1609
f 2311/2343/2311 2312/1711/2312 1610/1710/1610
f 1609/1709/1609 2313/1541/2313 1484/1540/1484
f 2308/2341/2308 1614/1713/1614 1611/1712/1611
f 2304/2339/2304 1616/1715/1616 2306/1714/2306
f 1619/1719/1619 1618/1717/1618 2314/1716/2314
f 2735/1439/2735 1562/1436/1562 2315/1609/2315
f 1731/1441/1731 2735/1439/2735 2315/1609/2315
f 1523/1419/1523 2734/1417/2734 2854/1416/2854
f 2316/1511/2316 1469/1508/1469 1465/1512/1465
f 2316/1511/2316 1462/1509/1462 1469/1508/1469
f 2317/1456/2317 1454/1498/1454 1455/1457/1455
f 2317/1456/2317 2319/1497/2319 1454/1498/1454
vt 0.193888 0.411083
f 2317/1456/2317 2318/2344/2318 2319/1497/2319
vt 0.203131 0.411003
f 2323/2345/2323 2319/1497/2319 2318/2344/2318
vt 0.198649 0.411055
f 2323/2345/2323 2318/2344/2318 2320/2346/2320
vt 0.203518 0.412322
f 2322/2347/2322 2323/2345/2323 2320/2346/2320
vt 0.202440 0.414025
f 2322/2347/2322 2320/2346/2320 2321/2348/2321
vt 0.212946 0.418604
f 2321/2348/2321 2326/2349/2326 2322/2347/2322
f 2326/2349/2326 2323/2345/2323 2322/2347/2322
vt 0.249531 0.410419
f 2326/2349/2326 2328/2350/2328 2323/2345/2323
f 2328/2350/2328 2319/1497/2319 2323/2345/2323
f 2328/2350/2328 2333/1482/2333 2319/1497/2319
vt 0.190923 0.409838
f 2319/1497/2319 2333/1482/2333 2332/2351/2332
f 2319/1497/2319 2332/2351/2332 2741/1454/2741
f 2324/1455/2324 2741/1454/2741 2332/2351/2332
f 2324/1455/2324 2332/2351/2332 2331/1481/2331
f 2331/1481/2331 2317/1456/2317 2324/1455/2324
f 2331/1481/2331 1435/1479/1435 2317/1456/2317
f 1435/1479/1435 2326/2349/2326 2317/1456/2317
vt 0.204215 0.418673
f 2317/1456/2317 2326/2349/2326 2327/2352/2327
f 2327/2352/2327 2318/2344/2318 2317/1456/2317
vt 0.202091 0.414501
f 2327/2352/2327 2325/2353/2325 2318/2344/2318
f 2318/2344/2318 2325/2353/2325 2320/2346/2320
f 2321/2348/2321 2320/2346/2320 2325/2353/2325
f 2321/2348/2321 2325/2353/2325 2326/2349/2326
f 2326/2349/2326 2325/2353/2325 2327/2352/2327
f 1435/1479/1435 2328/2350/2328 2326/2349/2326
f 1435/1479/1435 2329/1477/2329 2328/2350/2328
f 2329/1477/2329 1437/1483/1437 2328/2350/2328
f 2328/2350/2328 1437/1483/1437 2333/1482/2333
f 2329/1477/2329 2330/1476/2330 1437/1483/1437
f 1438/1484/1438 1437/1483/1437 2330/1476/2330
f 2331/1481/2331 2332/2351/2332 2333/1482/2333
vt 0.445231 0.642953
vt 0.402701 0.637248
vt 0.331970 0.637409
f 3273/2354/3273 3247/2355/3247 2334/2356/2334
vt 0.224120 0.643467
f 3273/2354/3273 2334/2356/2334 2335/2357/2335
vt 0.320594 0.644041
f 3257/2358/3257 3273/2354/3273 2335/2357/2335
vt 0.675701 0.643215
f 3263/2359/3263 3273/2354/3273 3257/2358/3257
vt 0.554712 0.642698
f 3271/2360/3271 3273/2354/3273 3263/2359/3263
vt 0.775832 0.642183
f 3263/2359/3263 3264/2361/3264 3271/2360/3271
vt 0.662649 0.636643
f 3264/2361/3264 2336/2362/2336 3271/2360/3271
vt 0.567157 0.636863
f 3271/2360/3271 2336/2362/2336 2337/2363/2337
vt 0.558459 0.635807
f 3271/2360/3271 2337/2363/2337 3228/2364/3228
f 3271/2360/3271 3228/2364/3228 3273/2354/3273
vt 0.545233 0.629525
f 3273/2354/3273 3228/2364/3228 3243/2365/3243
vt 0.425552 0.629070
f 3273/2354/3273 3243/2365/3243 2338/2366/2338
f 2338/2366/2338 3247/2355/3247 3273/2354/3273
vt 0.425520 0.008010
vt 0.424266 0.007933
vt 0.386276 0.008821
f 2339/2367/2339 2356/2368/2356 4736/2369/4736
vt 0.428675 0.008041
f 4736/2369/4736 2341/2370/2341 2339/2367/2339
vt 0.428688 0.015775
f 2340/2371/2340 2339/2367/2339 2341/2370/2341
vt 0.432258 0.015751
f 2340/2371/2340 2341/2370/2341 3205/2372/3205
vt 0.404511 0.016510
f 2354/2373/2354 2340/2371/2340 3205/2372/3205
vt 0.597207 0.016062
f 2354/2373/2354 3205/2372/3205 3207/2374/3207
f 3207/2374/3207 4736/2369/4736 2354/2373/2354
vt 0.386817 0.012683
f 2354/2373/2354 4736/2369/4736 2370/2375/2370
vt 0.386839 0.024282
f 2354/2373/2354 2370/2375/2370 2342/2376/2342
vt 0.404524 0.024243
f 2342/2376/2342 2377/2377/2377 2354/2373/2354
vt 0.402752 0.007888
f 2343/2378/2343 2354/2373/2354 2377/2377/2377
vt 0.402717 0.011046
f 2346/2379/2346 2343/2378/2343 2377/2377/2377
vt 0.402707 0.013036
f 2346/2379/2346 2377/2377/2377 2344/2380/2344
vt 0.595402 0.012589
f 2344/2380/2344 2381/2381/2381 2346/2379/2346
vt 0.595412 0.010598
f 2346/2379/2346 2381/2381/2381 2345/2382/2345
vt 0.402726 0.009297
f 2346/2379/2346 2345/2382/2345 2347/2383/2347
f 2347/2383/2347 2343/2378/2343 2346/2379/2346
vt 0.595450 0.007440
f 2343/2378/2343 2347/2383/2347 2383/2384/2383
vt 0.565999 0.010476
f 2383/2384/2383 2386/2385/2386 2343/2378/2343
vt 0.433592 0.010819
f 2343/2378/2343 2386/2385/2386 2398/2386/2398
vt 0.431244 0.010763
f 2343/2378/2343 2398/2386/2398 2348/2387/2348
vt 0.427667 0.010756
f 2349/2388/2349 2343/2378/2343 2348/2387/2348
vt 0.431231 0.003029
f 2348/2387/2348 2466/2389/2466 2349/2388/2349
vt 0.427651 0.003026
f 2349/2388/2349 2466/2389/2466 2469/2390/2469
vt 0.424532 0.010805
f 2349/2388/2349 2469/2390/2469 2350/2391/2350
f 2350/2391/2350 2343/2378/2343 2349/2388/2349
vt 0.423307 0.010885
f 2351/2392/2351 2343/2378/2343 2350/2391/2350
vt 0.424516 0.003071
f 2350/2391/2350 2352/2393/2352 2351/2392/2351
vt 0.423291 0.003151
f 2351/2392/2351 2352/2393/2352 2470/2394/2470
vt 0.424564 0.010962
f 2351/2392/2351 2470/2394/2470 2353/2395/2353
vt 0.423793 0.013278
f 2353/2395/2353 2471/2396/2471 2351/2392/2351
f 2351/2392/2351 2471/2396/2471 2343/2378/2343
f 2343/2378/2343 2471/2396/2471 2354/2373/2354
vt 0.424279 0.015663
f 2354/2373/2354 2471/2396/2471 2355/2397/2355
vt 0.425536 0.015740
f 2354/2373/2354 2355/2397/2355 2357/2398/2357
f 2357/2398/2357 2340/2371/2340 2354/2373/2354
f 2357/2398/2357 2339/2367/2339 2340/2371/2340
f 2357/2398/2357 2356/2368/2356 2339/2367/2339
f 2355/2397/2355 2356/2368/2356 2357/2398/2357
vt 0.425488 0.007853
f 2355/2397/2355 2474/2399/2474 2356/2368/2356
f 4736/2369/4736 2356/2368/2356 2474/2399/2474
vt 0.425034 0.005617
f 2359/2400/2359 4736/2369/4736 2474/2399/2474
vt 0.428627 0.007804
f 2359/2400/2359 2474/2399/2474 2476/2401/2476
vt 0.428185 0.005652
f 2476/2401/2476 2358/2402/2358 2359/2400/2359
vt 0.428201 0.013383
f 2360/2403/2360 2359/2400/2359 2358/2402/2358
vt 0.431772 0.013362
f 2360/2403/2360 2358/2402/2358 2478/2404/2478
vt 0.432216 0.015548
f 2478/2404/2478 2361/2405/2361 2360/2403/2360
vt 0.428640 0.015537
f 2360/2403/2360 2361/2405/2361 2362/2406/2362
vt 0.425504 0.015586
f 2360/2403/2360 2362/2406/2362 2473/2407/2473
vt 0.425050 0.013348
f 2473/2407/2473 2363/2408/2363 2360/2403/2360
f 2363/2408/2363 2359/2400/2359 2360/2403/2360
vt 0.423777 0.005544
f 2363/2408/2363 2472/2409/2472 2359/2400/2359
f 2472/2409/2472 4736/2369/4736 2359/2400/2359
vt 0.384594 0.000532
f 2472/2409/2472 2468/2410/2468 4736/2369/4736
vt 0.383803 0.000678
f 2468/2410/2468 2364/2411/2364 4736/2369/4736
vt 0.381743 0.001280
f 4736/2369/4736 2364/2411/2364 2496/2412/2496
vt 0.375102 0.003473
f 4736/2369/4736 2496/2412/2496 2499/2413/2499
vt 0.366918 0.006450
f 2499/2413/2499 2500/2414/2500 4736/2369/4736
vt 0.353878 0.021557
f 4736/2369/4736 2500/2414/2500 4735/2415/4735
f 4736/2369/4736 4735/2415/4735 2370/2375/2370
vt 0.355801 0.024876
f 2370/2375/2370 4735/2415/4735 2365/2416/2365
vt 0.368994 0.009787
f 2365/2416/2365 2366/2417/2366 2370/2375/2370
vt 0.376452 0.007083
f 2370/2375/2370 2366/2417/2366 2367/2418/2367
vt 0.382380 0.005128
f 2370/2375/2370 2367/2418/2367 2368/2419/2368
vt 0.384389 0.004540
f 2368/2419/2368 2369/2420/2369 2370/2375/2370
vt 0.385134 0.004397
f 2370/2375/2370 2369/2420/2369 2372/2421/2372
f 2342/2376/2342 2370/2375/2370 2372/2421/2372
vt 0.385045 0.009178
f 2371/2422/2371 2342/2376/2342 2372/2421/2372
vt 0.385083 0.005485
f 2371/2422/2371 2372/2421/2372 2373/2423/2373
f 2367/2418/2367 2371/2422/2371 2373/2423/2373
f 2367/2418/2367 2373/2423/2373 2368/2419/2368
f 2368/2419/2368 2373/2423/2373 2369/2420/2369
f 2369/2420/2369 2373/2423/2373 2372/2421/2372
f 2366/2417/2366 2371/2422/2371 2367/2418/2367
vt 0.360961 0.012942
f 2374/2424/2374 2371/2422/2371 2366/2417/2366
f 2365/2416/2365 2374/2424/2374 2366/2417/2366
vt 0.344969 0.019948
f 2365/2416/2365 2375/2425/2375 2374/2424/2374
vt 0.385013 0.015306
f 2375/2425/2375 2506/2426/2506 2374/2424/2374
f 2374/2424/2374 2506/2426/2506 2371/2422/2371
f 2506/2426/2506 2342/2376/2342 2371/2422/2371
vt 0.387796 0.028147
f 2506/2426/2506 2376/2427/2376 2342/2376/2342
vt 0.403581 0.028108
f 2376/2427/2376 2511/2428/2511 2342/2376/2342
f 2342/2376/2342 2511/2428/2511 2377/2377/2377
vt 0.402698 0.015264
f 2377/2377/2377 2511/2428/2511 2378/2429/2378
f 2344/2380/2344 2377/2377/2377 2378/2429/2378
vt 0.595396 0.014817
f 2379/2430/2379 2344/2380/2344 2378/2429/2378
vt 0.401092 0.020039
f 2379/2430/2379 2378/2429/2378 2510/2431/2510
vt 0.596970 0.019588
f 2510/2431/2510 2380/2432/2380 2379/2430/2379
vt 0.598176 0.027657
f 2380/2432/2380 2514/2433/2514 2379/2430/2379
vt 0.597220 0.023796
f 2379/2430/2379 2514/2433/2514 2382/2434/2382
f 2382/2434/2382 2381/2381/2381 2379/2430/2379
f 2381/2381/2381 2344/2380/2344 2379/2430/2379
f 2345/2382/2345 2381/2381/2381 2382/2434/2382
f 2383/2384/2383 2345/2382/2345 2382/2434/2382
f 2383/2384/2383 2382/2434/2382 3207/2374/3207
vt 0.575542 0.012882
f 3207/2374/3207 2460/2435/2460 2383/2384/2383
vt 0.575072 0.010574
f 2383/2384/2383 2460/2435/2460 2384/2436/2384
vt 0.575056 0.010493
f 2383/2384/2383 2384/2436/2384 2385/2437/2385
vt 0.572711 0.010434
f 2385/2437/2385 2462/2438/2462 2383/2384/2383
vt 0.569134 0.010430
f 2383/2384/2383 2462/2438/2462 2463/2439/2463
f 2383/2384/2383 2463/2439/2463 2386/2385/2386
vt 0.569121 0.002697
f 2463/2439/2463 2464/2440/2464 2386/2385/2386
vt 0.565986 0.002746
f 2386/2385/2386 2464/2440/2464 2465/2441/2465
vt 0.564774 0.010556
f 2386/2385/2386 2465/2441/2465 2387/2442/2387
f 2386/2385/2386 2387/2442/2387 2398/2386/2398
vt 0.507553 0.012242
f 2396/2443/2396 2398/2386/2398 2387/2442/2387
vt 0.566031 0.010630
f 2396/2443/2396 2387/2442/2387 2400/2444/2400
vt 0.566485 0.012868
f 2388/2445/2388 2396/2443/2396 2400/2444/2400
vt 0.569182 0.010665
f 2388/2445/2388 2400/2444/2400 2401/2446/2401
vt 0.569620 0.012819
f 2401/2446/2401 2403/2447/2403 2388/2445/2388
vt 0.569608 0.005086
f 2403/2447/2403 2405/2448/2405 2388/2445/2388
vt 0.566472 0.005135
f 2388/2445/2388 2405/2448/2405 2408/2449/2408
vt 0.565260 0.012949
f 2388/2445/2388 2408/2449/2408 2389/2450/2389
f 2389/2450/2389 2396/2443/2396 2388/2445/2388
vt 0.507796 0.013439
f 2396/2443/2396 2389/2450/2389 2412/2451/2412
vt 0.507723 0.036146
f 2391/2452/2391 2396/2443/2396 2412/2451/2412
vt 0.507739 0.038199
f 2391/2452/2391 2412/2451/2412 2417/2453/2417
vt 0.490048 0.036912
f 2417/2453/2417 2390/2454/2390 2391/2452/2391
vt 0.490032 0.036146
f 2391/2452/2391 2390/2454/2390 2419/2455/2419
vt 0.507707 0.036755
f 2391/2452/2391 2419/2455/2419 2392/2456/2392
f 2392/2456/2392 2396/2443/2396 2391/2452/2391
vt 0.507704 0.039742
f 2394/2457/2394 2396/2443/2396 2392/2456/2392
vt 0.490022 0.038056
f 2392/2456/2392 2393/2458/2393 2394/2457/2394
vt 0.490022 0.041757
f 2394/2457/2394 2393/2458/2393 2395/2459/2395
vt 0.507710 0.043708
f 2394/2457/2394 2395/2459/2395 2422/2460/2422
vt 0.507646 0.062502
f 2422/2460/2422 2424/2461/2424 2394/2457/2394
f 2394/2457/2394 2424/2461/2424 2396/2443/2396
vt 0.489961 0.062544
f 2424/2461/2424 2432/2462/2432 2396/2443/2396
vt 0.489872 0.012284
f 2396/2443/2396 2432/2462/2432 2420/2463/2420
f 2420/2463/2420 2398/2386/2398 2396/2443/2396
vt 0.433608 0.010902
f 2420/2463/2420 2397/2464/2397 2398/2386/2398
vt 0.433592 0.003172
f 2397/2464/2397 2444/2465/2444 2398/2386/2398
vt 0.433576 0.003089
f 2398/2386/2398 2444/2465/2444 2399/2466/2399
f 2398/2386/2398 2399/2466/2399 2348/2387/2348
f 2348/2387/2348 2399/2466/2399 2466/2389/2466
f 2465/2441/2465 2466/2389/2466 2399/2466/2399
vt 0.564761 0.002823
f 2465/2441/2465 2399/2466/2399 2445/2467/2445
f 2387/2442/2387 2465/2441/2465 2445/2467/2445
f 2387/2442/2387 2445/2467/2445 2400/2444/2400
vt 0.566015 0.002896
f 2400/2444/2400 2445/2467/2445 2407/2468/2407
f 2400/2444/2400 2407/2468/2407 2401/2446/2401
vt 0.569169 0.002931
f 2401/2446/2401 2407/2468/2407 2406/2469/2406
vt 0.572752 0.010644
f 2401/2446/2401 2406/2469/2406 3224/2470/3224
vt 0.573197 0.012826
f 3224/2470/3224 2402/2471/2402 2401/2446/2401
f 2401/2446/2401 2402/2471/2402 2403/2447/2403
vt 0.573184 0.005093
f 2402/2471/2402 2404/2472/2404 2403/2447/2403
f 2403/2447/2403 2404/2472/2404 2405/2448/2405
vt 0.572740 0.002910
f 2404/2472/2404 2494/2473/2494 2405/2448/2405
f 2405/2448/2405 2494/2473/2494 2406/2469/2406
f 2405/2448/2405 2406/2469/2406 2407/2468/2407
f 2405/2448/2405 2407/2468/2407 2408/2449/2408
f 2408/2449/2408 2407/2468/2407 2445/2467/2445
vt 0.565247 0.005215
f 2408/2449/2408 2445/2467/2445 2409/2474/2409
f 2389/2450/2389 2408/2449/2408 2409/2474/2409
vt 0.566517 0.013019
f 2389/2450/2389 2409/2474/2409 2410/2475/2410
f 2412/2451/2412 2389/2450/2389 2410/2475/2410
vt 0.566971 0.015261
f 2412/2451/2412 2410/2475/2410 2451/2476/2451
vt 0.565746 0.015338
f 2411/2477/2411 2412/2451/2412 2451/2476/2451
vt 0.566959 0.007524
f 2451/2476/2451 2446/2478/2446 2411/2477/2411
vt 0.565733 0.007604
f 2411/2477/2411 2446/2478/2446 2484/2479/2484
vt 0.567003 0.015411
f 2411/2477/2411 2484/2479/2484 3206/2480/3206
vt 0.434577 0.015684
f 3206/2480/3206 2481/2481/2481 2411/2477/2411
f 2411/2477/2411 2481/2481/2481 2412/2451/2412
vt 0.490115 0.013481
f 2412/2451/2412 2481/2481/2481 2413/2482/2413
vt 0.507889 0.063695
f 2413/2482/2413 2437/2483/2437 2412/2451/2412
vt 0.507755 0.041956
f 2416/2484/2416 2412/2451/2412 2437/2483/2437
vt 0.507752 0.045653
f 2416/2484/2416 2437/2483/2437 2414/2485/2414
vt 0.490073 0.043971
f 2414/2485/2414 2415/2486/2415 2416/2484/2416
vt 0.490064 0.040004
f 2416/2484/2416 2415/2486/2415 2418/2487/2418
f 2416/2484/2416 2418/2487/2418 2417/2453/2417
f 2417/2453/2417 2412/2451/2412 2416/2484/2416
f 2417/2453/2417 2418/2487/2418 2390/2454/2390
f 2418/2487/2418 2413/2482/2413 2390/2454/2390
f 2390/2454/2390 2413/2482/2413 2419/2455/2419
f 2419/2455/2419 2413/2482/2413 2420/2463/2420
f 2419/2455/2419 2420/2463/2420 2393/2458/2393
f 2392/2456/2392 2419/2455/2419 2393/2458/2393
f 2393/2458/2393 2420/2463/2420 2395/2459/2395
f 2395/2459/2395 2420/2463/2420 2432/2462/2432
vt 0.490035 0.045513
f 2395/2459/2395 2432/2462/2432 2421/2488/2421
f 2422/2460/2422 2395/2459/2395 2421/2488/2421
vt 0.507726 0.046797
f 2422/2460/2422 2421/2488/2421 2431/2489/2431
f 2431/2489/2431 2424/2461/2424 2422/2460/2422
vt 0.507694 0.070393
f 2431/2489/2431 2430/2490/2430 2424/2461/2424
vt 0.507659 0.066388
f 2430/2490/2430 2423/2491/2423 2424/2461/2424
vt 0.489974 0.066430
f 2425/2492/2425 2424/2461/2424 2423/2491/2423
vt 0.489990 0.069316
f 2425/2492/2425 2423/2491/2423 2441/2493/2441
vt 0.490009 0.070435
f 2426/2494/2426 2425/2492/2425 2441/2493/2441
vt 0.507675 0.069278
f 2441/2493/2441 2442/2495/2442 2426/2494/2426
f 2426/2494/2426 2442/2495/2442 2430/2490/2430
vt 0.507870 0.071268
f 2430/2490/2430 2433/2496/2433 2426/2494/2426
vt 0.490188 0.071310
f 2426/2494/2426 2433/2496/2433 2427/2497/2427
vt 0.490054 0.047567
f 2428/2498/2428 2426/2494/2426 2427/2497/2427
vt 0.490067 0.046958
f 2428/2498/2428 2427/2497/2427 2436/2499/2436
vt 0.507745 0.047567
f 2429/2500/2429 2428/2498/2428 2436/2499/2436
f 2429/2500/2429 2436/2499/2436 2414/2485/2414
f 2414/2485/2414 2433/2496/2433 2429/2500/2429
f 2429/2500/2429 2433/2496/2433 2430/2490/2430
f 2429/2500/2429 2430/2490/2430 2431/2489/2431
f 2431/2489/2431 2428/2498/2428 2429/2500/2429
f 2431/2489/2431 2421/2488/2421 2428/2498/2428
f 2421/2488/2421 2426/2494/2426 2428/2498/2428
f 2421/2488/2421 2432/2462/2432 2426/2494/2426
f 2432/2462/2432 2425/2492/2425 2426/2494/2426
f 2432/2462/2432 2424/2461/2424 2425/2492/2425
f 2414/2485/2414 2437/2483/2437 2433/2496/2433
vt 0.507892 0.067539
f 2437/2483/2437 2434/2501/2434 2433/2496/2433
vt 0.507886 0.070313
f 2433/2496/2433 2434/2501/2434 2439/2502/2439
vt 0.490204 0.070351
f 2439/2502/2439 2435/2503/2435 2433/2496/2433
f 2433/2496/2433 2435/2503/2435 2427/2497/2427
vt 0.490211 0.067581
f 2435/2503/2435 2440/2504/2440 2427/2497/2427
vt 0.490204 0.063740
f 2427/2497/2427 2440/2504/2440 2438/2505/2438
f 2436/2499/2436 2427/2497/2427 2438/2505/2438
f 2436/2499/2436 2438/2505/2438 2415/2486/2415
f 2414/2485/2414 2436/2499/2436 2415/2486/2415
f 2415/2486/2415 2438/2505/2438 2418/2487/2418
f 2418/2487/2418 2438/2505/2438 2413/2482/2413
f 2438/2505/2438 2437/2483/2437 2413/2482/2413
f 2437/2483/2437 2438/2505/2438 2434/2501/2434
f 2434/2501/2434 2438/2505/2438 2440/2504/2440
f 2434/2501/2434 2440/2504/2440 2439/2502/2439
f 2439/2502/2439 2440/2504/2440 2435/2503/2435
f 2442/2495/2442 2423/2491/2423 2430/2490/2430
f 2441/2493/2441 2423/2491/2423 2442/2495/2442
vt 0.434075 0.013208
f 2413/2482/2413 3212/2506/3212 2420/2463/2420
f 2420/2463/2420 3212/2506/3212 2397/2464/2397
vt 0.431288 0.010969
f 3212/2506/3212 2443/2507/2443 2397/2464/2397
vt 0.431272 0.003235
f 2443/2507/2443 3215/2508/3215 2397/2464/2397
f 2397/2464/2397 3215/2508/3215 2444/2465/2444
vt 0.431714 0.005422
f 3215/2508/3215 3218/2509/3218 2444/2465/2444
vt 0.434059 0.005478
f 2444/2465/2444 3218/2509/3218 3213/2510/3213
f 2444/2465/2444 3213/2510/3213 2409/2474/2409
f 2445/2467/2445 2444/2465/2444 2409/2474/2409
f 2445/2467/2445 2399/2466/2399 2444/2465/2444
vt 0.434078 0.005562
f 2409/2474/2409 3213/2510/3213 3211/2511/3211
f 2409/2474/2409 3211/2511/3211 2484/2479/2484
f 2446/2478/2446 2409/2474/2409 2484/2479/2484
vt 0.566504 0.005289
f 2446/2478/2446 2452/2512/2452 2409/2474/2409
f 2410/2475/2410 2409/2474/2409 2452/2512/2452
vt 0.569668 0.013057
f 2410/2475/2410 2452/2512/2452 2447/2513/2447
vt 0.570110 0.015208
f 2448/2514/2448 2410/2475/2410 2447/2513/2447
vt 0.573683 0.015216
f 2448/2514/2448 2447/2513/2447 2449/2515/2449
vt 0.573671 0.007482
f 2449/2515/2449 2450/2516/2450 2448/2514/2448
vt 0.570091 0.007478
f 2448/2514/2448 2450/2516/2450 2456/2517/2456
f 2448/2514/2448 2456/2517/2456 2451/2476/2451
f 2451/2476/2451 2410/2475/2410 2448/2514/2448
f 2451/2476/2451 2456/2517/2456 2446/2478/2446
f 2456/2517/2456 2452/2512/2452 2446/2478/2446
vt 0.569656 0.005320
f 2456/2517/2456 2453/2518/2453 2452/2512/2452
f 2447/2513/2447 2452/2512/2452 2453/2518/2453
vt 0.573239 0.013029
f 2447/2513/2447 2453/2518/2453 2454/2519/2454
f 2449/2515/2449 2447/2513/2447 2454/2519/2454
vt 0.576032 0.015271
f 2449/2515/2449 2454/2519/2454 2458/2520/2458
vt 0.576016 0.007541
f 2458/2520/2458 2455/2521/2455 2449/2515/2449
f 2449/2515/2449 2455/2521/2455 2450/2516/2450
vt 0.575545 0.005233
f 2455/2521/2455 3225/2522/3225 2450/2516/2450
vt 0.573226 0.005303
f 2450/2516/2450 3225/2522/3225 2457/2523/2457
f 2450/2516/2450 2457/2523/2457 2456/2517/2456
f 2456/2517/2456 2457/2523/2457 2453/2518/2453
f 2454/2519/2454 2453/2518/2453 2457/2523/2457
vt 0.575561 0.012963
f 2454/2519/2454 2457/2523/2457 3226/2524/3226
f 2458/2520/2458 2454/2519/2454 3226/2524/3226
f 2458/2520/2458 3226/2524/3226 3207/2374/3207
vt 0.576048 0.015355
f 3207/2374/3207 2487/2525/2487 2458/2520/2458
vt 0.576032 0.007622
f 2487/2525/2487 2459/2526/2459 2458/2520/2458
f 2458/2520/2458 2459/2526/2459 2455/2521/2455
vt 0.615407 0.008290
f 2455/2521/2455 2459/2526/2459 2489/2527/2489
f 2489/2527/2489 3225/2522/3225 2455/2521/2455
vt 0.575529 0.005149
f 2489/2527/2489 2492/2528/2492 3225/2522/3225
f 2460/2435/2460 3225/2522/3225 2492/2528/2492
f 2460/2435/2460 2492/2528/2492 2402/2471/2402
f 3224/2470/3224 2460/2435/2460 2402/2471/2402
f 2384/2436/2384 2460/2435/2460 3224/2470/3224
f 3224/2470/3224 2494/2473/2494 2384/2436/2384
vt 0.575059 0.002840
f 2384/2436/2384 2494/2473/2494 2495/2529/2495
f 2384/2436/2384 2495/2529/2495 2385/2437/2385
vt 0.575043 0.002756
f 2385/2437/2385 2495/2529/2495 2493/2530/2493
f 2385/2437/2385 2493/2530/2493 2462/2438/2462
vt 0.572698 0.002704
f 2462/2438/2462 2493/2530/2493 2461/2531/2461
f 2462/2438/2462 2461/2531/2461 2463/2439/2463
f 2463/2439/2463 2461/2531/2461 2464/2440/2464
vt 0.613721 0.000000
f 2464/2440/2464 2461/2531/2461 2467/2532/2467
f 2464/2440/2464 2467/2532/2467 2465/2441/2465
f 2465/2441/2465 2467/2532/2467 2466/2389/2466
f 2467/2532/2467 2468/2410/2468 2466/2389/2466
f 2468/2410/2468 2469/2390/2469 2466/2389/2466
f 2468/2410/2468 2352/2393/2352 2469/2390/2469
f 2350/2391/2350 2469/2390/2469 2352/2393/2352
f 2470/2394/2470 2352/2393/2352 2468/2410/2468
f 2472/2409/2472 2470/2394/2470 2468/2410/2468
vt 0.425002 0.005463
f 3223/2533/3223 2470/2394/2470 2472/2409/2472
f 2471/2396/2471 3223/2533/3223 2472/2409/2472
f 2471/2396/2471 2472/2409/2472 2363/2408/2363
f 2473/2407/2473 2471/2396/2471 2363/2408/2363
f 2355/2397/2355 2471/2396/2471 2473/2407/2473
f 2473/2407/2473 2474/2399/2474 2355/2397/2355
f 2473/2407/2473 2476/2401/2476 2474/2399/2474
f 2362/2406/2362 2476/2401/2476 2473/2407/2473
vt 0.432200 0.007814
f 2362/2406/2362 2475/2534/2475 2476/2401/2476
vt 0.431759 0.005628
f 2475/2534/2475 2479/2535/2479 2476/2401/2476
f 2476/2401/2476 2479/2535/2479 2358/2402/2358
f 2478/2404/2478 2358/2402/2358 2479/2535/2479
vt 0.434094 0.013292
f 2478/2404/2478 2479/2535/2479 2477/2536/2477
vt 0.434561 0.015600
f 2477/2536/2477 2480/2537/2480 2478/2404/2478
f 2478/2404/2478 2480/2537/2480 2361/2405/2361
vt 0.434548 0.007870
f 2480/2537/2480 2483/2538/2483 2361/2405/2361
f 2361/2405/2361 2483/2538/2483 2475/2534/2475
f 2361/2405/2361 2475/2534/2475 2362/2406/2362
f 2483/2538/2483 3211/2511/3211 2475/2534/2475
f 2475/2534/2475 3211/2511/3211 2479/2535/2479
f 2477/2536/2477 2479/2535/2479 3211/2511/3211
f 2477/2536/2477 3211/2511/3211 3212/2506/3212
f 2477/2536/2477 3212/2506/3212 2413/2482/2413
f 2413/2482/2413 2480/2537/2480 2477/2536/2477
f 2413/2482/2413 2481/2481/2481 2480/2537/2480
vt 0.434564 0.007950
f 2481/2481/2481 2482/2539/2482 2480/2537/2480
f 2480/2537/2480 2482/2539/2482 2483/2538/2483
f 2484/2479/2484 2483/2538/2483 2482/2539/2482
vt 0.566991 0.007681
f 2484/2479/2484 2482/2539/2482 3209/2540/3209
f 3206/2480/3206 2484/2479/2484 3209/2540/3209
vt 0.570158 0.015443
f 3206/2480/3206 3209/2540/3209 2485/2541/2485
f 3207/2374/3207 3206/2480/3206 2485/2541/2485
vt 0.573725 0.015422
f 2485/2541/2485 2486/2542/2486 3207/2374/3207
f 3207/2374/3207 2486/2542/2486 2487/2525/2487
vt 0.573709 0.007688
f 2486/2542/2486 2488/2543/2488 2487/2525/2487
f 2487/2525/2487 2488/2543/2488 2459/2526/2459
f 2489/2527/2489 2459/2526/2459 2488/2543/2488
vt 0.570142 0.007713
f 2489/2527/2489 2488/2543/2488 3210/2544/3210
f 3210/2544/3210 4736/2369/4736 2489/2527/2489
f 2489/2527/2489 4736/2369/4736 3207/2374/3207
vt 0.614882 0.012158
f 3207/2374/3207 2523/2545/2523 2489/2527/2489
vt 0.647853 0.020875
f 2489/2527/2489 2523/2545/2523 4157/2546/4157
vt 0.631198 0.005838
f 4157/2546/4157 2490/2547/2490 2489/2527/2489
vt 0.623062 0.002896
f 2489/2527/2489 2490/2547/2490 2498/2548/2498
vt 0.616488 0.000735
f 2489/2527/2489 2498/2548/2498 2497/2549/2497
vt 0.614466 0.000147
f 2497/2549/2497 2491/2550/2491 2489/2527/2489
f 2489/2527/2489 2491/2550/2491 2467/2532/2467
f 2467/2532/2467 2492/2528/2492 2489/2527/2489
f 2495/2529/2495 2492/2528/2492 2467/2532/2467
f 2467/2532/2467 2493/2530/2493 2495/2529/2495
f 2467/2532/2467 2461/2531/2461 2493/2530/2493
f 2495/2529/2495 2404/2472/2404 2492/2528/2492
f 2402/2471/2402 2492/2528/2492 2404/2472/2404
f 2494/2473/2494 2404/2472/2404 2495/2529/2495
f 2364/2411/2364 2467/2532/2467 2491/2550/2491
f 2364/2411/2364 2491/2550/2491 2496/2412/2496
f 2496/2412/2496 2491/2550/2491 2497/2549/2497
f 2496/2412/2496 2497/2549/2497 2498/2548/2498
f 2498/2548/2498 2499/2413/2499 2496/2412/2496
f 2498/2548/2498 2500/2414/2500 2499/2413/2499
f 2490/2547/2490 2500/2414/2500 2498/2548/2498
vt 0.639823 0.009234
f 2490/2547/2490 2501/2551/2501 2500/2414/2500
vt 0.358255 0.009888
f 2500/2414/2500 2501/2551/2501 2530/2552/2530
f 4735/2415/4735 2500/2414/2500 2530/2552/2530
vt 0.339357 0.018364
f 4735/2415/4735 2530/2552/2530 2502/2553/2502
vt 0.322642 0.037377
f 4735/2415/4735 2502/2553/2502 4733/2554/4733
f 2365/2416/2365 4735/2415/4735 4733/2554/4733
vt 0.325850 0.039917
f 2365/2416/2365 4733/2554/4733 2503/2555/2503
f 2503/2555/2503 2375/2425/2375 2365/2416/2365
vt 0.327987 0.028476
f 2503/2555/2503 2504/2556/2504 2375/2425/2375
vt 0.392070 0.022855
f 2504/2556/2504 2535/2557/2535 2375/2425/2375
vt 0.388852 0.022029
f 2375/2425/2375 2535/2557/2535 2505/2558/2505
vt 0.386590 0.020070
f 2375/2425/2375 2505/2558/2505 2507/2559/2507
f 2507/2559/2507 2506/2426/2506 2375/2425/2375
f 2507/2559/2507 2376/2427/2376 2506/2426/2506
vt 0.390387 0.030970
f 2507/2559/2507 2536/2560/2536 2376/2427/2376
vt 0.400999 0.030945
f 2512/2561/2512 2376/2427/2376 2536/2560/2536
vt 0.397464 0.031991
f 2512/2561/2512 2536/2560/2536 2508/2562/2508
vt 0.398827 0.022005
f 2509/2563/2509 2512/2561/2512 2508/2562/2508
vt 0.395605 0.022848
f 2509/2563/2509 2508/2562/2508 2538/2564/2538
vt 0.602447 0.022368
f 2538/2564/2538 2539/2565/2539 2509/2563/2509
vt 0.599232 0.021543
f 2509/2563/2509 2539/2565/2539 2540/2566/2540
f 2509/2563/2509 2540/2566/2540 2510/2431/2510
f 2510/2431/2510 2512/2561/2512 2509/2563/2509
f 2510/2431/2510 2511/2428/2511 2512/2561/2512
f 2511/2428/2511 2376/2427/2376 2512/2561/2512
f 2378/2429/2378 2511/2428/2511 2510/2431/2510
f 2510/2431/2510 2540/2566/2540 2380/2432/2380
vt 0.600767 0.030483
f 2540/2566/2540 2513/2567/2513 2380/2432/2380
f 2380/2432/2380 2513/2567/2513 2514/2433/2514
vt 0.611379 0.030459
f 2519/2568/2519 2514/2433/2514 2513/2567/2513
vt 0.607844 0.031505
f 2519/2568/2519 2513/2567/2513 2515/2569/2515
vt 0.609204 0.021518
f 2516/2570/2516 2519/2568/2519 2515/2569/2515
vt 0.605985 0.022358
f 2516/2570/2516 2515/2569/2515 2542/2571/2542
vt 0.653093 0.019234
f 2516/2570/2516 2542/2571/2542 2544/2572/2544
vt 0.611472 0.019549
f 2544/2572/2544 2517/2573/2517 2516/2570/2516
f 2517/2573/2517 2519/2568/2519 2516/2570/2516
vt 0.613964 0.027622
f 2517/2573/2517 2518/2574/2518 2519/2568/2519
f 2518/2574/2518 2514/2433/2514 2519/2568/2519
f 2518/2574/2518 2382/2434/2382 2514/2433/2514
vt 0.614901 0.023753
f 2521/2575/2521 2382/2434/2382 2518/2574/2518
vt 0.613078 0.014775
f 2521/2575/2521 2518/2574/2518 2520/2576/2520
vt 0.613107 0.008650
f 2520/2576/2520 2522/2577/2522 2521/2575/2521
vt 0.613196 0.003869
f 2521/2575/2521 2522/2577/2522 2524/2578/2524
f 2521/2575/2521 2524/2578/2524 2523/2545/2523
f 3207/2374/3207 2521/2575/2521 2523/2545/2523
f 2382/2434/2382 2521/2575/2521 3207/2374/3207
vt 0.613894 0.004005
f 2525/2579/2525 2523/2545/2523 2524/2578/2524
vt 0.613148 0.004953
f 2525/2579/2525 2524/2578/2524 2526/2580/2526
vt 0.615867 0.004586
f 2526/2580/2526 2527/2581/2527 2525/2579/2525
f 2527/2581/2527 2523/2545/2523 2525/2579/2525
vt 0.621738 0.006516
f 2528/2582/2528 2523/2545/2523 2527/2581/2527
f 2526/2580/2526 2528/2582/2528 2527/2581/2527
f 2522/2577/2522 2528/2582/2528 2526/2580/2526
f 2522/2577/2522 2526/2580/2526 2524/2578/2524
vt 0.629150 0.009182
f 2522/2577/2522 2529/2583/2529 2528/2582/2528
f 2529/2583/2529 2523/2545/2523 2528/2582/2528
vt 0.645943 0.024201
f 2529/2583/2529 2546/2584/2546 2523/2545/2523
f 4157/2546/4157 2523/2545/2523 2546/2584/2546
vt 0.679150 0.036548
f 4157/2546/4157 2546/2584/2546 4158/2585/4158
vt 0.658669 0.017622
f 4158/2585/4158 2531/2586/2531 4157/2546/4157
f 4157/2546/4157 2531/2586/2531 2501/2551/2501
f 4157/2546/4157 2501/2551/2501 2490/2547/2490
f 2530/2552/2530 2501/2551/2501 2531/2586/2531
f 2530/2552/2530 2531/2586/2531 2502/2553/2502
vt 0.319868 0.028553
f 2502/2553/2502 2531/2586/2531 2567/2587/2567
f 4733/2554/4733 2502/2553/2502 2567/2587/2567
vt 0.301319 0.040015
f 4733/2554/4733 2567/2587/2567 2568/2588/2568
vt 0.292803 0.056154
f 4733/2554/4733 2568/2588/2568 2532/2589/2532
f 2503/2555/2503 4733/2554/4733 2532/2589/2532
vt 0.297186 0.057703
f 2503/2555/2503 2532/2589/2532 2533/2590/2533
vt 0.308783 0.039829
f 2533/2590/2533 2590/2591/2590 2503/2555/2503
f 2503/2555/2503 2590/2591/2590 2504/2556/2504
vt 0.310523 0.040571
f 2504/2556/2504 2590/2591/2590 2589/2592/2589
vt 0.325476 0.032117
f 2589/2592/2589 2534/2593/2534 2504/2556/2504
vt 0.670052 0.027682
f 2504/2556/2504 2534/2593/2534 2594/2594/2594
f 2594/2594/2594 2538/2564/2538 2504/2556/2504
f 2504/2556/2504 2538/2564/2538 2535/2557/2535
vt 0.393929 0.031998
f 2535/2557/2535 2538/2564/2538 2537/2595/2537
f 2535/2557/2535 2537/2595/2537 2505/2558/2505
f 2505/2558/2505 2537/2595/2537 2536/2560/2536
f 2505/2558/2505 2536/2560/2536 2507/2559/2507
f 2508/2562/2508 2536/2560/2536 2537/2595/2537
f 2537/2595/2537 2538/2564/2538 2508/2562/2508
f 2594/2594/2594 2539/2565/2539 2538/2564/2538
f 2594/2594/2594 2542/2571/2542 2539/2565/2539
vt 0.604306 0.031512
f 2542/2571/2542 2541/2596/2541 2539/2565/2539
f 2539/2565/2539 2541/2596/2541 2540/2566/2540
f 2540/2566/2540 2541/2596/2541 2513/2567/2513
f 2515/2569/2515 2513/2567/2513 2541/2596/2541
f 2515/2569/2515 2541/2596/2541 2542/2571/2542
f 2544/2572/2544 2542/2571/2542 2594/2594/2594
vt 0.675951 0.039106
f 2594/2594/2594 2543/2597/2543 2544/2572/2544
f 2544/2572/2544 2543/2597/2543 2546/2584/2546
vt 0.637148 0.012302
f 2544/2572/2544 2546/2584/2546 2545/2598/2545
f 2545/2598/2545 2520/2576/2520 2544/2572/2544
f 2544/2572/2544 2520/2576/2520 2517/2573/2517
f 2520/2576/2520 2518/2574/2518 2517/2573/2517
f 2520/2576/2520 2545/2598/2545 2522/2577/2522
f 2522/2577/2522 2545/2598/2545 2529/2583/2529
f 2545/2598/2545 2546/2584/2546 2529/2583/2529
f 4158/2585/4158 2546/2584/2546 2543/2597/2543
vt 0.709062 0.055185
f 4158/2585/4158 2543/2597/2543 2596/2599/2596
vt 0.696784 0.039095
f 2596/2599/2596 2598/2600/2598 4158/2585/4158
vt 0.678133 0.027720
f 4158/2585/4158 2598/2600/2598 2547/2601/2547
f 4158/2585/4158 2547/2601/2547 2531/2586/2531
f 2567/2587/2567 2531/2586/2531 2547/2601/2547
vt 0.326599 0.042446
f 2567/2587/2567 2547/2601/2547 2600/2602/2600
vt 0.138978 0.328210
f 2550/2603/2550 2567/2587/2567 2600/2602/2600
vt 0.141723 0.342956
f 2550/2603/2550 2600/2602/2600 2548/2604/2548
vt 0.136265 0.337591
f 2549/2605/2549 2550/2603/2550 2548/2604/2548
vt 0.137695 0.347843
f 2549/2605/2549 2548/2604/2548 2602/2606/2602
vt 0.133360 0.348137
f 2602/2606/2602 2605/2607/2605 2549/2605/2549
vt 0.132461 0.338126
f 2549/2605/2549 2605/2607/2605 2607/2608/2607
vt 0.134924 0.327783
f 2607/2608/2607 2608/2609/2608 2549/2605/2549
f 2549/2605/2549 2608/2609/2608 2550/2603/2550
vt 0.133690 0.318594
f 2551/2610/2551 2550/2603/2550 2608/2609/2608
vt 0.131632 0.328573
f 2608/2609/2608 2552/2611/2552 2551/2610/2551
vt 0.130877 0.319633
f 2565/2612/2565 2551/2610/2551 2552/2611/2552
vt 0.130183 0.329074
f 2565/2612/2565 2552/2611/2552 2610/2613/2610
vt 0.129659 0.320277
f 2563/2614/2563 2565/2612/2565 2610/2613/2610
vt 0.128309 0.330036
f 2563/2614/2563 2610/2613/2610 2613/2615/2613
vt 0.128078 0.321466
f 2553/2616/2553 2563/2614/2563 2613/2615/2613
vt 0.127214 0.331085
f 2553/2616/2553 2613/2615/2613 2612/2617/2612
vt 0.127166 0.322757
f 2562/2618/2562 2553/2616/2553 2612/2617/2612
vt 0.126949 0.332806
f 2555/2619/2555 2562/2618/2562 2612/2617/2612
vt 0.127275 0.339955
f 2555/2619/2555 2612/2617/2612 2615/2620/2615
vt 0.126962 0.345524
f 2615/2620/2615 2614/2621/2614 2555/2619/2555
vt 0.127691 0.362359
f 2614/2621/2614 2617/2622/2617 2555/2619/2555
vt 0.127765 0.342348
f 2555/2619/2555 2617/2622/2617 2554/2623/2554
vt 0.126942 0.321120
f 2555/2619/2555 2554/2623/2554 2556/2624/2556
f 2556/2624/2556 2562/2618/2562 2555/2619/2555
vt 0.127125 0.315110
f 2557/2625/2557 2562/2618/2562 2556/2624/2556
vt 0.126942 0.310910
f 2556/2624/2556 2558/2626/2558 2557/2625/2557
vt 0.127090 0.308276
f 2557/2625/2557 2558/2626/2558 2559/2627/2559
vt 0.127707 0.306614
f 2557/2625/2557 2559/2627/2559 2560/2628/2560
vt 0.127877 0.313620
f 2560/2628/2560 2561/2629/2561 2557/2625/2557
f 2557/2625/2557 2561/2629/2561 2562/2618/2562
f 2561/2629/2561 2553/2616/2553 2562/2618/2562
vt 0.129188 0.312218
f 2561/2629/2561 2570/2630/2570 2553/2616/2553
f 2570/2630/2570 2563/2614/2563 2553/2616/2553
vt 0.130209 0.311455
f 2570/2630/2570 2564/2631/2564 2563/2614/2563
f 2564/2631/2564 2565/2612/2565 2563/2614/2563
vt 0.132573 0.310175
f 2564/2631/2564 2569/2632/2569 2565/2612/2565
f 2569/2632/2569 2551/2610/2551 2565/2612/2565
vt 0.136460 0.314663
f 2569/2632/2569 2566/2633/2566 2551/2610/2551
f 2551/2610/2551 2566/2633/2566 2550/2603/2550
f 2566/2633/2566 2567/2587/2567 2550/2603/2550
f 2566/2633/2566 2568/2588/2568 2567/2587/2567
vt 0.134265 0.302844
f 2583/2634/2583 2568/2588/2568 2566/2633/2566
f 2569/2632/2569 2583/2634/2583 2566/2633/2566
vt 0.131591 0.302662
f 2576/2635/2576 2583/2634/2583 2569/2632/2569
f 2576/2635/2576 2569/2632/2569 2564/2631/2564
vt 0.129623 0.304166
f 2574/2636/2574 2576/2635/2576 2564/2631/2564
f 2574/2636/2574 2564/2631/2564 2570/2630/2570
vt 0.128782 0.305040
f 2573/2637/2573 2574/2636/2574 2570/2630/2570
f 2573/2637/2573 2570/2630/2570 2561/2629/2561
f 2560/2628/2560 2573/2637/2573 2561/2629/2561
vt 0.128449 0.298860
f 2571/2638/2571 2573/2637/2573 2560/2628/2560
vt 0.127570 0.300588
f 2560/2628/2560 2572/2639/2572 2571/2638/2571
vt 0.128177 0.293795
f 2571/2638/2571 2572/2639/2572 2624/2640/2624
vt 0.128744 0.292749
f 2571/2638/2571 2624/2640/2624 2627/2641/2627
vt 0.129137 0.297891
f 2627/2641/2627 2578/2642/2578 2571/2638/2571
f 2571/2638/2571 2578/2642/2578 2573/2637/2573
f 2578/2642/2578 2574/2636/2574 2573/2637/2573
vt 0.130753 0.296194
f 2578/2642/2578 2575/2643/2575 2574/2636/2574
f 2575/2643/2575 2576/2635/2576 2574/2636/2574
f 2575/2643/2575 2583/2634/2583 2576/2635/2576
vt 0.132471 0.293204
f 2577/2644/2577 2583/2634/2583 2575/2643/2575
vt 0.130078 0.290892
f 2579/2645/2579 2577/2644/2577 2575/2643/2575
f 2579/2645/2579 2575/2643/2575 2578/2642/2578
f 2627/2641/2627 2579/2645/2579 2578/2642/2578
vt 0.129607 0.287177
f 2580/2646/2580 2579/2645/2579 2627/2641/2627
vt 0.128478 0.289146
f 2627/2641/2627 2629/2647/2629 2580/2646/2580
vt 0.129275 0.284515
f 2580/2646/2580 2629/2647/2629 2630/2648/2630
vt 0.131159 0.286110
f 2630/2648/2630 2581/2649/2581 2580/2646/2580
f 2580/2646/2580 2581/2649/2581 2579/2645/2579
f 2581/2649/2581 2577/2644/2577 2579/2645/2579
vt 0.277134 0.057434
f 2581/2649/2581 2582/2650/2582 2577/2644/2577
vt 0.284501 0.051803
f 2577/2644/2577 2582/2650/2582 2584/2651/2584
f 2577/2644/2577 2584/2651/2584 2583/2634/2583
f 2583/2634/2583 2584/2651/2584 2568/2588/2568
f 2532/2589/2532 2568/2588/2568 2584/2651/2584
f 2532/2589/2532 2584/2651/2584 2582/2650/2582
vt 0.264599 0.077742
f 2532/2589/2532 2582/2650/2582 3998/2652/3998
vt 0.270015 0.078099
f 2587/2653/2587 2532/2589/2532 3998/2652/3998
vt 0.265191 0.083622
f 2587/2653/2587 3998/2652/3998 2585/2654/2585
vt 0.263505 0.075332
f 2585/2654/2585 2646/2655/2646 2587/2653/2587
vt 0.268326 0.069809
f 2587/2653/2587 2646/2655/2646 2586/2656/2586
vt 0.268902 0.069229
f 2586/2656/2586 2652/2657/2652 2587/2653/2587
vt 0.270617 0.067724
f 2587/2653/2587 2652/2657/2652 2650/2658/2650
vt 0.276132 0.063153
f 2587/2653/2587 2650/2658/2650 2653/2659/2653
vt 0.283369 0.057493
f 2653/2659/2653 2588/2660/2588 2587/2653/2587
f 2587/2653/2587 2588/2660/2588 2533/2590/2533
f 2533/2590/2533 2532/2589/2532 2587/2653/2587
vt 0.291619 0.051400
f 2533/2590/2533 2588/2660/2588 2659/2661/2659
f 2533/2590/2533 2659/2661/2659 2590/2591/2590
vt 0.301316 0.046409
f 2590/2591/2590 2659/2661/2659 2668/2662/2668
f 2589/2592/2589 2590/2591/2590 2668/2662/2668
vt 0.302877 0.047140
f 2589/2592/2589 2668/2662/2668 2667/2663/2667
vt 0.319954 0.036877
f 2667/2663/2667 2675/2664/2675 2589/2592/2589
f 2589/2592/2589 2675/2664/2675 2534/2593/2534
vt 0.324331 0.037815
f 2534/2593/2534 2675/2664/2675 2591/2665/2591
vt 0.331295 0.043981
f 2591/2665/2591 2688/2666/2688 2534/2593/2534
vt 0.666744 0.043201
f 2688/2666/2688 2687/2667/2687 2534/2593/2534
vt 0.672560 0.031305
f 2534/2593/2534 2687/2667/2687 2691/2668/2691
f 2534/2593/2534 2691/2668/2691 2594/2594/2594
vt 0.674297 0.031984
f 2594/2594/2594 2691/2668/2691 2592/2669/2592
vt 0.677074 0.033537
f 2593/2670/2593 2594/2594/2594 2592/2669/2592
vt 0.678088 0.036045
f 2592/2669/2592 2690/2671/2690 2593/2670/2593
vt 0.689103 0.040620
f 2593/2670/2593 2690/2671/2690 2694/2672/2694
vt 0.689413 0.038983
f 2593/2670/2593 2694/2672/2694 2695/2673/2695
f 2695/2673/2695 2594/2594/2594 2593/2670/2593
f 2695/2673/2695 2543/2597/2543 2594/2594/2594
vt 0.704683 0.056755
f 2695/2673/2695 2595/2674/2595 2543/2597/2543
f 2596/2599/2596 2543/2597/2543 2595/2674/2595
vt 0.731930 0.077025
f 2596/2599/2596 2595/2674/2595 3199/2675/3199
vt 0.737340 0.076644
f 2596/2599/2596 3199/2675/3199 2706/2676/2706
vt 0.721171 0.056399
f 2706/2676/2706 2712/2677/2712 2596/2599/2596
vt 0.713733 0.050806
f 2596/2599/2596 2712/2677/2712 2597/2678/2597
f 2596/2599/2596 2597/2678/2597 2598/2600/2598
vt 0.862171 0.296953
f 2597/2678/2597 2717/2679/2717 2598/2600/2598
vt 0.859957 0.308786
f 2598/2600/2598 2717/2679/2717 2599/2680/2599
f 2598/2600/2598 2599/2680/2599 2547/2601/2547
vt 0.857440 0.322344
f 2547/2601/2547 2599/2680/2599 2724/2681/2724
vt 0.671402 0.041641
f 2547/2601/2547 2724/2681/2724 2601/2682/2601
f 2600/2602/2600 2547/2601/2547 2601/2682/2601
vt 0.333845 0.057445
f 2600/2602/2600 2601/2682/2601 2726/2683/2726
f 2548/2604/2548 2600/2602/2600 2726/2683/2726
vt 0.144586 0.358343
f 2548/2604/2548 2726/2683/2726 2603/2684/2603
f 2602/2606/2602 2548/2604/2548 2603/2684/2603
vt 0.137826 0.358385
f 2602/2606/2602 2603/2684/2603 2604/2685/2604
f 2602/2606/2602 2604/2685/2604 2605/2607/2605
vt 0.132103 0.358487
f 2605/2607/2605 2604/2685/2604 2737/2686/2737
vt 0.131418 0.348340
f 2605/2607/2605 2737/2686/2737 2606/2687/2606
f 2605/2607/2605 2606/2687/2606 2607/2608/2607
vt 0.130775 0.338483
f 2606/2687/2606 2609/2688/2609 2607/2608/2607
f 2609/2688/2609 2552/2611/2552 2607/2608/2607
f 2607/2608/2607 2552/2611/2552 2608/2609/2608
f 2609/2688/2609 2610/2613/2610 2552/2611/2552
vt 0.128564 0.339182
f 2611/2689/2611 2610/2613/2610 2609/2688/2609
vt 0.128852 0.348749
f 2609/2688/2609 2736/2690/2736 2611/2689/2611
vt 0.127346 0.349211
f 2736/2690/2736 2738/2691/2738 2611/2689/2611
f 2611/2689/2611 2738/2691/2738 2615/2620/2615
f 2615/2620/2615 2613/2615/2613 2611/2689/2611
f 2611/2689/2611 2613/2615/2613 2610/2613/2610
f 2615/2620/2615 2612/2617/2612 2613/2615/2613
f 2738/2691/2738 2614/2621/2614 2615/2620/2615
vt 0.126984 0.358781
f 2738/2691/2738 2616/2692/2616 2614/2621/2614
f 2616/2692/2616 2617/2622/2617 2614/2621/2614
vt 0.127630 0.385406
f 2616/2692/2616 2740/2693/2740 2617/2622/2617
vt 0.131188 0.376556
f 2740/2693/2740 2752/2694/2752 2617/2622/2617
vt 0.131249 0.355860
f 2617/2622/2617 2752/2694/2752 2754/2695/2754
f 2617/2622/2617 2754/2695/2754 2554/2623/2554
vt 0.131322 0.337916
f 2554/2623/2554 2754/2695/2754 2756/2696/2756
vt 0.127857 0.325649
f 2554/2623/2554 2756/2696/2756 2618/2697/2618
vt 0.127019 0.291546
f 2554/2623/2554 2618/2697/2618 2619/2698/2619
vt 0.126952 0.302567
f 2621/2699/2621 2554/2623/2554 2619/2698/2619
vt 0.126968 0.296422
f 2621/2699/2621 2619/2698/2619 2768/2700/2768
vt 0.127054 0.297548
f 2620/2701/2620 2621/2699/2621 2768/2700/2768
vt 0.127051 0.294148
f 2620/2701/2620 2768/2700/2768 2622/2702/2622
vt 0.127394 0.292168
f 2622/2702/2622 2638/2703/2638 2620/2701/2620
vt 0.127461 0.295642
f 2626/2704/2626 2620/2701/2620 2638/2703/2638
vt 0.128001 0.290244
f 2638/2703/2638 2623/2705/2623 2626/2704/2626
f 2626/2704/2626 2623/2705/2623 2624/2640/2624
f 2626/2704/2626 2624/2640/2624 2572/2639/2572
vt 0.127067 0.302385
f 2625/2706/2625 2626/2704/2626 2572/2639/2572
f 2559/2627/2559 2625/2706/2625 2572/2639/2572
f 2560/2628/2560 2559/2627/2559 2572/2639/2572
f 2559/2627/2559 2558/2626/2558 2625/2706/2625
f 2625/2706/2625 2558/2626/2558 2621/2699/2621
f 2625/2706/2625 2621/2699/2621 2620/2701/2620
f 2625/2706/2625 2620/2701/2620 2626/2704/2626
f 2558/2626/2558 2554/2623/2554 2621/2699/2621
f 2556/2624/2556 2554/2623/2554 2558/2626/2558
f 2623/2705/2623 2629/2647/2629 2624/2640/2624
f 2627/2641/2627 2624/2640/2624 2629/2647/2629
vt 0.128293 0.286565
f 2623/2705/2623 2628/2707/2628 2629/2647/2629
f 2628/2707/2628 2630/2648/2630 2629/2647/2629
vt 0.129086 0.282959
f 2628/2707/2628 2635/2708/2635 2630/2648/2630
vt 0.130366 0.281839
f 2635/2708/2635 3203/2709/3203 2630/2648/2630
f 2630/2648/2630 3203/2709/3203 2581/2649/2581
vt 0.270319 0.062922
f 3203/2709/3203 2631/2710/2631 2581/2649/2581
f 2581/2649/2581 2631/2710/2631 2582/2650/2582
f 3998/2652/3998 2582/2650/2582 2631/2710/2631
vt 0.265057 0.067417
f 3998/2652/3998 2631/2710/2631 2632/2711/2632
vt 0.263483 0.068847
f 2632/2711/2632 3204/2712/3204 3998/2652/3998
vt 0.262913 0.069452
f 3998/2652/3998 3204/2712/3204 2633/2713/2633
vt 0.130132 0.280556
f 2634/2714/2634 3998/2652/3998 2633/2713/2633
f 2633/2713/2633 3204/2712/3204 2634/2714/2634
f 2634/2714/2634 3204/2712/3204 3203/2709/3203
f 2635/2708/2635 2634/2714/2634 3203/2709/3203
vt 0.128420 0.283962
f 2641/2715/2641 2634/2714/2634 2635/2708/2635
vt 0.128193 0.285054
f 2636/2716/2636 2641/2715/2641 2635/2708/2635
f 2636/2716/2636 2635/2708/2635 2628/2707/2628
vt 0.127877 0.287698
f 2637/2717/2637 2636/2716/2636 2628/2707/2628
f 2637/2717/2637 2628/2707/2628 2623/2705/2623
f 2638/2703/2638 2637/2717/2637 2623/2705/2623
vt 0.127352 0.289678
f 2639/2718/2639 2637/2717/2637 2638/2703/2638
f 2639/2718/2639 2638/2703/2638 2622/2702/2622
vt 0.127058 0.291703
f 2622/2702/2622 2765/2719/2765 2639/2718/2639
vt 0.127339 0.288216
f 2639/2718/2639 2765/2719/2765 2764/2720/2764
vt 0.127816 0.286208
f 2639/2718/2639 2764/2720/2764 2640/2721/2640
f 2640/2721/2640 2637/2717/2637 2639/2718/2639
f 2640/2721/2640 2636/2716/2636 2637/2717/2637
f 2640/2721/2640 2641/2715/2641 2636/2716/2636
vt 0.127371 0.287677
f 2640/2721/2640 2763/2722/2763 2641/2715/2641
vt 0.129419 0.294368
f 2763/2722/2763 2769/2723/2769 2641/2715/2641
vt 0.130414 0.291500
f 2641/2715/2641 2769/2723/2769 3189/2724/3189
f 2641/2715/2641 3189/2724/3189 2634/2714/2634
vt 0.131818 0.288842
f 2634/2714/2634 3189/2724/3189 2642/2725/2642
f 2642/2725/2642 3998/2652/3998 2634/2714/2634
vt 0.156848 0.255868
f 3202/2726/3202 3998/2652/3998 2642/2725/2642
vt 0.156912 0.289912
f 3202/2726/3202 2642/2725/2642 3190/2727/3190
vt 0.155060 0.266599
f 3190/2727/3190 2665/2728/2665 3202/2726/3202
vt 0.155086 0.256040
f 3202/2726/3202 2665/2728/2665 2662/2729/2662
vt 0.155098 0.252279
f 3202/2726/3202 2662/2729/2662 2643/2730/2643
vt 0.155165 0.247582
f 3202/2726/3202 2643/2730/2643 2644/2731/2644
f 2646/2655/2646 3202/2726/3202 2644/2731/2644
vt 0.155140 0.248026
f 2645/2732/2645 2646/2655/2646 2644/2731/2644
vt 0.155117 0.249600
f 2644/2731/2644 2657/2733/2657 2645/2732/2645
vt 0.264257 0.074633
f 2657/2733/2657 2647/2734/2647 2645/2732/2645
f 2645/2732/2645 2647/2734/2647 2646/2655/2646
vt 0.266122 0.072338
f 2646/2655/2646 2647/2734/2647 2648/2735/2648
f 2648/2735/2648 2586/2656/2586 2646/2655/2646
f 2648/2735/2648 2652/2657/2652 2586/2656/2586
vt 0.267187 0.071415
f 2651/2736/2651 2652/2657/2652 2648/2735/2648
f 2648/2735/2648 2647/2734/2647 2651/2736/2651
vt 0.266282 0.073006
f 2647/2734/2647 2656/2737/2656 2651/2736/2651
vt 0.269005 0.069921
f 2651/2736/2651 2656/2737/2656 2649/2738/2649
f 2649/2738/2649 2650/2658/2650 2651/2736/2651
f 2651/2736/2651 2650/2658/2650 2652/2657/2652
vt 0.272690 0.066979
f 2649/2738/2649 2655/2739/2655 2650/2658/2650
f 2655/2739/2655 2653/2659/2653 2650/2658/2650
vt 0.278413 0.062562
f 2658/2740/2658 2653/2659/2653 2655/2739/2655
vt 0.272152 0.068490
f 2654/2741/2654 2658/2740/2658 2655/2739/2655
f 2654/2741/2654 2655/2739/2655 2649/2738/2649
f 2656/2737/2656 2654/2741/2654 2649/2738/2649
f 2643/2730/2643 2654/2741/2654 2656/2737/2656
f 2643/2730/2643 2656/2737/2656 2657/2733/2657
f 2644/2731/2644 2643/2730/2643 2657/2733/2657
f 2657/2733/2657 2656/2737/2656 2647/2734/2647
f 2662/2729/2662 2654/2741/2654 2643/2730/2643
vt 0.279133 0.063314
f 2662/2729/2662 2661/2742/2661 2654/2741/2654
f 2661/2742/2661 2658/2740/2658 2654/2741/2654
vt 0.288667 0.055031
f 2661/2742/2661 2660/2743/2660 2658/2740/2658
f 2660/2743/2660 2588/2660/2588 2658/2740/2658
f 2658/2740/2658 2588/2660/2588 2653/2659/2653
f 2660/2743/2660 2659/2661/2659 2588/2660/2588
vt 0.295986 0.049952
f 2669/2744/2669 2659/2661/2659 2660/2743/2660
vt 0.286907 0.057770
f 2663/2745/2663 2669/2744/2669 2660/2743/2660
f 2663/2745/2663 2660/2743/2660 2661/2742/2661
f 2665/2728/2665 2663/2745/2663 2661/2742/2661
f 2665/2728/2665 2661/2742/2661 2662/2729/2662
vt 0.155054 0.280772
f 2664/2746/2664 2663/2745/2663 2665/2728/2665
f 2664/2746/2664 2665/2728/2665 3190/2727/3190
vt 0.154481 0.283791
f 2664/2746/2664 3190/2727/3190 2666/2747/2666
f 2666/2747/2666 2667/2663/2667 2664/2746/2664
f 2664/2746/2664 2667/2663/2667 2663/2745/2663
f 2667/2663/2667 2669/2744/2669 2663/2745/2663
f 2667/2663/2667 2668/2662/2668 2669/2744/2669
f 2668/2662/2668 2659/2661/2659 2669/2744/2669
vt 0.138223 0.316800
f 2674/2748/2674 2667/2663/2667 2666/2747/2666
vt 0.152824 0.286390
f 2666/2747/2666 2670/2749/2670 2674/2748/2674
vt 0.136895 0.308090
f 2674/2748/2674 2670/2749/2670 3185/2750/3185
vt 0.135030 0.311847
f 2674/2748/2674 3185/2750/3185 2777/2751/2777
vt 0.136562 0.325891
f 2673/2752/2673 2674/2748/2674 2777/2751/2777
vt 0.133117 0.312858
f 2673/2752/2673 2777/2751/2777 2776/2753/2776
vt 0.134041 0.326583
f 2671/2754/2671 2673/2752/2673 2776/2753/2776
vt 0.132298 0.313466
f 2671/2754/2671 2776/2753/2776 2778/2755/2778
vt 0.132944 0.327020
f 2671/2754/2671 2778/2755/2778 2785/2756/2785
vt 0.135139 0.342030
f 2785/2756/2785 2792/2757/2792 2671/2754/2671
vt 0.138338 0.341673
f 2792/2757/2792 2793/2758/2793 2671/2754/2671
f 2793/2758/2793 2673/2752/2673 2671/2754/2671
vt 0.139691 0.326394
f 2793/2758/2793 2672/2759/2672 2673/2752/2673
f 2672/2759/2672 2674/2748/2674 2673/2752/2673
f 2672/2759/2672 2675/2664/2675 2674/2748/2674
f 2674/2748/2674 2675/2664/2675 2667/2663/2667
vt 0.141268 0.336671
f 2676/2760/2676 2675/2664/2675 2672/2759/2672
f 2676/2760/2676 2672/2759/2672 2793/2758/2793
vt 0.142913 0.347423
f 2793/2758/2793 2794/2761/2794 2676/2760/2676
vt 0.325406 0.048249
f 2794/2761/2794 2677/2762/2677 2676/2760/2676
f 2676/2760/2676 2677/2762/2677 2675/2664/2675
f 2591/2665/2591 2675/2664/2675 2677/2762/2677
vt 0.329226 0.047923
f 2677/2762/2677 2678/2763/2678 2591/2665/2591
f 2591/2665/2591 2678/2763/2678 2688/2666/2688
vt 0.337492 0.056755
f 2683/2764/2683 2688/2666/2688 2678/2763/2678
vt 0.335928 0.057658
f 2678/2763/2678 3158/2765/3158 2683/2764/2683
vt 0.334466 0.058774
f 2681/2766/2681 2683/2764/2683 3158/2765/3158
vt 0.334364 0.058560
f 3158/2765/3158 3157/2767/3157 2681/2766/2681
vt 0.332802 0.059463
f 2681/2766/2681 3157/2767/3157 2679/2768/2679
vt 0.331235 0.060365
f 2681/2766/2681 2679/2768/2679 2795/2769/2795
vt 0.331599 0.061121
f 2795/2769/2795 2796/2770/2796 2681/2766/2681
vt 0.333164 0.060218
f 2681/2766/2681 2796/2770/2796 2798/2771/2798
vt 0.334728 0.059319
f 2681/2766/2681 2798/2771/2798 2680/2772/2680
vt 0.336293 0.058413
f 2680/2772/2680 2801/2773/2801 2681/2766/2681
vt 0.337857 0.057514
f 2801/2773/2801 2682/2774/2682 2681/2766/2681
f 2681/2766/2681 2682/2774/2682 2683/2764/2683
vt 0.660579 0.056007
f 2684/2775/2684 2683/2764/2683 2682/2774/2682
vt 0.661904 0.056762
f 2682/2774/2682 2802/2776/2802 2684/2775/2684
f 2802/2776/2802 2685/2776/2685 2684/2775/2684
vt 0.666193 0.052611
f 2686/2777/2686 2684/2775/2684 2685/2776/2685
vt 0.665525 0.058830
f 2686/2777/2686 2685/2776/2685 2803/2778/2803
vt 0.666849 0.059585
f 2803/2778/2803 2806/2779/2806 2686/2777/2686
vt 0.672649 0.047441
f 2686/2777/2686 2806/2779/2806 2692/2780/2692
vt 0.670100 0.044482
f 2686/2777/2686 2692/2780/2692 3201/2781/3201
f 3201/2781/3201 2687/2667/2687 2686/2777/2686
f 2687/2667/2687 2684/2775/2684 2686/2777/2686
f 2687/2667/2687 2688/2666/2688 2684/2775/2684
f 2684/2775/2684 2688/2666/2688 2683/2764/2683
vt 0.673840 0.036734
f 3201/2781/3201 2689/2782/2689 2687/2667/2687
f 2687/2667/2687 2689/2782/2689 2691/2668/2691
f 2691/2668/2691 2689/2782/2689 2690/2671/2690
f 2592/2669/2592 2691/2668/2691 2690/2671/2690
f 2690/2671/2690 2689/2782/2689 2692/2780/2692
vt 0.854871 0.333002
f 2692/2780/2692 2693/2783/2693 2690/2671/2690
vt 0.857632 0.314792
f 2690/2671/2690 2693/2783/2693 2808/2784/2808
vt 0.844525 0.282179
f 2690/2671/2690 2808/2784/2808 2809/2785/2809
vt 0.695472 0.046363
f 2690/2671/2690 2809/2785/2809 2813/2786/2813
f 2813/2786/2813 2694/2672/2694 2690/2671/2690
vt 0.702450 0.049169
f 2813/2786/2813 2815/2787/2815 2694/2672/2694
f 2695/2673/2695 2694/2672/2694 2815/2787/2815
vt 0.706775 0.050536
f 2695/2673/2695 2815/2787/2815 2696/2788/2696
f 2696/2788/2696 2595/2674/2595 2695/2673/2695
vt 0.714725 0.056318
f 2700/2789/2700 2595/2674/2595 2696/2788/2696
vt 0.714683 0.057686
f 2696/2788/2696 2697/2790/2697 2700/2789/2700
vt 0.720522 0.061974
f 2700/2789/2700 2697/2790/2697 2698/2791/2698
vt 0.722192 0.062054
f 2700/2789/2700 2698/2791/2698 2699/2792/2699
f 2699/2792/2699 3199/2675/3199 2700/2789/2700
f 2700/2789/2700 3199/2675/3199 2595/2674/2595
vt 0.727819 0.066623
f 2701/2793/2701 3199/2675/3199 2699/2792/2699
vt 0.725759 0.065951
f 2699/2792/2699 2817/2794/2817 2701/2793/2701
vt 0.730519 0.069690
f 2701/2793/2701 2817/2794/2817 2702/2795/2702
vt 0.729617 0.068148
f 2701/2793/2701 2702/2795/2702 2703/2796/2703
f 2703/2796/2703 3199/2675/3199 2701/2793/2701
vt 0.730244 0.068739
f 3200/2797/3200 3199/2675/3199 2703/2796/2703
vt 0.732087 0.070967
f 2703/2796/2703 2821/2798/2821 3200/2797/3200
vt 0.735084 0.074237
f 3200/2797/3200 2821/2798/2821 2704/2799/2704
vt 0.736770 0.082527
f 2707/2800/2707 3200/2797/3200 2704/2799/2704
vt 0.844064 0.245983
f 2704/2799/2704 2705/2801/2705 2707/2800/2707
vt 0.845750 0.254266
f 2707/2800/2707 2705/2801/2705 2825/2802/2825
f 2706/2676/2706 2707/2800/2707 2825/2802/2825
vt 0.868243 0.282931
f 2706/2676/2706 2825/2802/2825 2828/2803/2828
vt 0.735657 0.068354
f 2706/2676/2706 2828/2803/2828 2708/2804/2708
vt 0.735040 0.067753
f 2708/2804/2708 2709/2805/2709 2706/2676/2706
vt 0.733421 0.066329
f 2706/2676/2706 2709/2805/2709 2710/2806/2710
vt 0.728065 0.061862
f 2706/2676/2706 2710/2806/2710 2711/2807/2711
f 2711/2807/2711 2712/2677/2712 2706/2676/2706
vt 0.865370 0.280206
f 2711/2807/2711 2713/2808/2713 2712/2677/2712
vt 0.863998 0.287303
f 2712/2677/2712 2713/2808/2713 2714/2809/2714
f 2712/2677/2712 2714/2809/2714 2597/2678/2597
f 2597/2678/2597 2714/2809/2714 2717/2679/2717
vt 0.865326 0.293298
f 2718/2810/2718 2717/2679/2717 2714/2809/2714
vt 0.866439 0.284984
f 2718/2810/2718 2714/2809/2714 3155/2811/3155
vt 0.867789 0.286831
f 2715/2812/2715 2718/2810/2718 3155/2811/3155
vt 0.868093 0.283224
f 2715/2812/2715 3155/2811/3155 2839/2813/2839
vt 0.868579 0.284326
f 2839/2813/2839 2840/2814/2840 2715/2812/2715
vt 0.868365 0.287880
f 2715/2812/2715 2840/2814/2840 2847/2815/2847
vt 0.867130 0.294893
f 2715/2812/2715 2847/2815/2847 2720/2816/2720
f 2720/2816/2720 2718/2810/2718 2715/2812/2715
vt 0.863895 0.304064
f 2720/2816/2720 2716/2817/2716 2718/2810/2718
f 2716/2817/2716 2717/2679/2717 2718/2810/2718
f 2716/2817/2716 2599/2680/2599 2717/2679/2717
vt 0.862190 0.316842
f 2723/2818/2723 2599/2680/2599 2716/2817/2716
vt 0.866276 0.305338
f 2719/2819/2719 2723/2818/2723 2716/2817/2716
f 2719/2819/2719 2716/2817/2716 2720/2816/2720
vt 0.867904 0.295820
f 2720/2816/2720 2721/2820/2721 2719/2819/2719
vt 0.867309 0.306100
f 2719/2819/2719 2721/2820/2721 2722/2821/2722
vt 0.865246 0.317751
f 2719/2819/2719 2722/2821/2722 2849/2822/2849
f 2849/2822/2849 2723/2818/2723 2719/2819/2719
vt 0.860255 0.331169
f 2849/2822/2849 2725/2823/2725 2723/2818/2723
f 2725/2823/2725 2724/2681/2724 2723/2818/2723
f 2723/2818/2723 2724/2681/2724 2599/2680/2599
vt 0.854727 0.337101
f 2725/2823/2725 2728/2824/2728 2724/2681/2724
f 2601/2682/2601 2724/2681/2724 2728/2824/2728
vt 0.664194 0.056678
f 2601/2682/2601 2728/2824/2728 2727/2825/2727
f 2726/2683/2726 2601/2682/2601 2727/2825/2727
vt 0.851911 0.352502
f 2733/2826/2733 2726/2683/2726 2727/2825/2727
f 2727/2825/2727 2728/2824/2728 2733/2826/2733
vt 0.858815 0.341694
f 2732/2827/2732 2733/2826/2733 2728/2824/2728
f 2732/2827/2732 2728/2824/2728 2725/2823/2725
vt 0.864059 0.331701
f 2729/2828/2729 2732/2827/2732 2725/2823/2725
f 2729/2828/2729 2725/2823/2725 2849/2822/2849
vt 0.866589 0.318325
f 2849/2822/2849 2851/2829/2851 2729/2828/2729
vt 0.865757 0.332061
f 2729/2828/2729 2851/2829/2851 2730/2830/2730
vt 0.863156 0.341970
f 2729/2828/2729 2730/2830/2730 2853/2831/2853
f 2853/2831/2853 2732/2827/2732 2729/2828/2729
vt 0.858684 0.352516
f 2853/2831/2853 2731/2832/2731 2732/2827/2732
f 2731/2832/2731 2733/2826/2733 2732/2827/2732
f 2731/2832/2731 2734/1417/2734 2733/2826/2733
f 2733/2826/2733 2734/1417/2734 1413/1414/1413
f 1413/1414/1413 2603/2684/2603 2733/2826/2733
f 2733/2826/2733 2603/2684/2603 2726/2683/2726
f 1413/1414/1413 1562/1436/1562 2603/2684/2603
f 2603/2684/2603 1562/1436/1562 2604/2685/2604
f 2604/2685/2604 1562/1436/1562 2315/1609/2315
f 2604/2685/2604 2315/1609/2315 2737/2686/2737
f 2737/2686/2737 2315/1609/2315 2735/1439/2735
vt 0.128299 0.358627
f 2737/2686/2737 2735/1439/2735 2856/2833/2856
f 2737/2686/2737 2856/2833/2856 2736/2690/2736
f 2606/2687/2606 2737/2686/2737 2736/2690/2736
f 2606/2687/2606 2736/2690/2736 2609/2688/2609
f 2736/2690/2736 2856/2833/2856 2738/2691/2738
f 2856/2833/2856 2616/2692/2616 2738/2691/2738
f 2856/2833/2856 2857/1438/2857 2616/2692/2616
f 2616/2692/2616 2857/1438/2857 2739/1445/2739
f 2739/1445/2739 2740/2693/2740 2616/2692/2616
vt 0.127586 0.411192
f 2745/2834/2745 2740/2693/2740 2739/1445/2739
f 2741/1454/2741 2745/2834/2745 2739/1445/2739
f 2741/1454/2741 2739/1445/2739 1453/1453/1453
vt 0.190929 0.438597
f 2744/2835/2744 2741/1454/2741 1453/1453/1453
vt 0.195337 0.438517
f 2744/2835/2744 1453/1453/1453 2859/2836/2859
vt 0.205236 0.438566
f 2742/2837/2742 2744/2835/2744 2859/2836/2859
vt 0.200798 0.438506
f 2742/2837/2742 2859/2836/2859 2743/2838/2743
f 2743/2838/2743 1451/1494/1451 2742/2837/2742
f 2742/2837/2742 1451/1494/1451 1444/1489/1444
vt 0.206947 0.438677
f 2742/2837/2742 1444/1489/1444 2861/2839/2861
f 2861/2839/2861 2744/2835/2744 2742/2837/2742
vt 0.189265 0.438719
f 2861/2839/2861 2862/2840/2862 2744/2835/2744
f 2862/2840/2862 2741/1454/2741 2744/2835/2744
f 2862/2840/2862 2332/2351/2332 2741/1454/2741
f 2332/2351/2332 2745/2834/2745 2741/1454/2741
f 2333/1482/2333 2745/2834/2745 2332/2351/2332
vt 0.190977 0.438831
f 2747/2841/2747 2333/1482/2333 2332/2351/2332
f 2747/2841/2747 2332/2351/2332 2862/2840/2862
vt 0.205284 0.438800
f 2862/2840/2862 2746/2842/2746 2747/2841/2747
vt 0.200878 0.438884
f 2747/2841/2747 2746/2842/2746 2863/2843/2863
vt 0.195411 0.438894
f 2747/2841/2747 2863/2843/2863 2748/2844/2748
f 2748/2844/2748 2333/1482/2333 2747/2841/2747
f 2748/2844/2748 1437/1483/1437 2333/1482/2333
vt 0.249163 0.410380
f 1437/1483/1437 2865/2845/2865 2333/1482/2333
f 2333/1482/2333 2865/2845/2865 2745/2834/2745
vt 0.207456 0.410947
f 2865/2845/2865 2867/2846/2867 2745/2834/2745
vt 0.198668 0.411027
f 2745/2834/2745 2867/2846/2867 2871/2847/2871
vt 0.138204 0.407362
f 2871/2847/2871 2749/2848/2749 2745/2834/2745
vt 0.131140 0.399768
f 2745/2834/2745 2749/2848/2749 2750/2849/2750
f 2745/2834/2745 2750/2849/2750 2740/2693/2740
f 2740/2693/2740 2750/2849/2750 2752/2694/2752
vt 0.130522 0.358774
f 2750/2849/2750 2751/2850/2751 2752/2694/2752
f 2752/2694/2752 2751/2850/2751 2754/2695/2754
vt 0.130497 0.345513
f 2754/2695/2754 2751/2850/2751 2753/2851/2753
vt 0.130484 0.332799
f 2754/2695/2754 2753/2851/2753 3150/2852/3150
vt 0.130478 0.321113
f 3150/2852/3150 2755/2853/2755 2754/2695/2754
f 2754/2695/2754 2755/2853/2755 2756/2696/2756
vt 0.130478 0.310903
f 2756/2696/2756 2755/2853/2755 3159/2854/3159
vt 0.130487 0.302560
f 2756/2696/2756 3159/2854/3159 2757/2855/2757
vt 0.130554 0.291539
f 2756/2696/2756 2757/2855/2757 3160/2856/3160
vt 0.131412 0.322939
f 2758/2857/2758 2756/2696/2756 3160/2856/3160
vt 0.131511 0.311102
f 3160/2856/3160 3169/2858/3169 2758/2857/2758
vt 0.127960 0.312480
f 3198/2859/3198 2758/2857/2758 3169/2858/3169
vt 0.128078 0.303015
f 3198/2859/3198 3169/2858/3169 3168/2860/3168
f 2619/2698/2619 3198/2859/3198 3168/2860/3168
vt 0.128206 0.297384
f 3168/2860/3168 3170/2861/3170 2619/2698/2619
vt 0.128356 0.295918
f 2760/2862/2760 2619/2698/2619 3170/2861/3170
vt 0.131741 0.297377
f 3170/2861/3170 3171/2863/3171 2760/2862/2760
vt 0.131975 0.295747
f 2760/2862/2760 3171/2863/3171 2773/2864/2773
vt 0.131773 0.295747
f 2760/2862/2760 2773/2864/2773 2759/2865/2759
vt 0.131792 0.295659
f 2759/2865/2759 3196/2866/3196 2760/2862/2760
vt 0.128507 0.295722
f 2760/2862/2760 3196/2866/3196 2761/2867/2761
vt 0.128507 0.295719
f 2761/2867/2761 3192/2868/3192 2760/2862/2760
vt 0.128507 0.295715
f 2760/2862/2760 3192/2868/3192 2762/2869/2762
vt 0.128507 0.295712
f 2760/2862/2760 2762/2869/2762 3194/2870/3194
f 3194/2870/3194 2763/2722/2763 2760/2862/2760
f 2760/2862/2760 2763/2722/2763 2619/2698/2619
vt 0.127067 0.290269
f 2767/2871/2767 2619/2698/2619 2763/2722/2763
f 2764/2720/2764 2767/2871/2767 2763/2722/2763
f 2640/2721/2640 2764/2720/2764 2763/2722/2763
f 2765/2719/2765 2767/2871/2767 2764/2720/2764
vt 0.126990 0.292700
f 2765/2719/2765 2766/2872/2766 2767/2871/2767
f 2766/2872/2766 2619/2698/2619 2767/2871/2767
f 2768/2700/2768 2619/2698/2619 2766/2872/2766
f 2768/2700/2768 2766/2872/2766 2765/2719/2765
f 2622/2702/2622 2768/2700/2768 2765/2719/2765
vt 0.128843 0.297373
f 3194/2870/3194 2770/2873/2770 2763/2722/2763
f 2763/2722/2763 2770/2873/2770 2769/2723/2769
vt 0.132167 0.297366
f 2769/2723/2769 2770/2873/2770 2772/2874/2772
vt 0.149855 0.297660
f 2771/2875/2771 2769/2723/2769 2772/2874/2772
vt 0.132170 0.297702
f 2771/2875/2771 2772/2874/2772 3191/2876/3191
f 3191/2876/3191 2773/2864/2773 2771/2875/2771
vt 0.139985 0.288740
f 2771/2875/2771 2773/2864/2773 3183/2877/3183
vt 0.147999 0.288555
f 2771/2875/2771 3183/2877/3183 3184/2878/3184
vt 0.150424 0.288041
f 3186/2879/3186 2771/2875/2771 3184/2878/3184
f 3185/2750/3185 3186/2879/3186 3184/2878/3184
vt 0.135727 0.300444
f 3185/2750/3185 3184/2878/3184 2774/2880/2774
f 2777/2751/2777 3185/2750/3185 2774/2880/2774
vt 0.133789 0.300185
f 2777/2751/2777 2774/2880/2774 2775/2881/2775
vt 0.132381 0.301483
f 2775/2881/2775 3174/2882/3174 2777/2751/2777
f 2776/2753/2776 2777/2751/2777 3174/2882/3174
vt 0.131789 0.302228
f 2776/2753/2776 3174/2882/3174 2779/2883/2779
f 2778/2755/2778 2776/2753/2776 2779/2883/2779
vt 0.131025 0.303564
f 2784/2884/2784 2778/2755/2778 2779/2883/2779
vt 0.130909 0.297013
f 2784/2884/2784 2779/2883/2779 2780/2885/2780
vt 0.130573 0.298527
f 2783/2886/2783 2784/2884/2784 2780/2885/2780
vt 0.130573 0.293847
f 2783/2886/2783 2780/2885/2780 2781/2887/2781
vt 0.130503 0.296415
f 2781/2887/2781 2782/2888/2782 2783/2886/2783
f 2783/2886/2783 2782/2888/2782 2757/2855/2757
vt 0.130586 0.304960
f 2783/2886/2783 2757/2855/2757 2787/2889/2787
f 2787/2889/2787 2784/2884/2784 2783/2886/2783
vt 0.131233 0.314575
f 2787/2889/2787 2786/2890/2786 2784/2884/2784
f 2786/2890/2786 2778/2755/2778 2784/2884/2784
f 2786/2890/2786 2785/2756/2785 2778/2755/2778
vt 0.131514 0.327846
f 2789/2891/2789 2785/2756/2785 2786/2890/2786
vt 0.130625 0.315761
f 2788/2892/2788 2789/2891/2789 2786/2890/2786
f 2788/2892/2788 2786/2890/2786 2787/2889/2787
f 2787/2889/2787 3159/2854/3159 2788/2892/2788
f 2788/2892/2788 3159/2854/3159 2755/2853/2755
vt 0.130685 0.328745
f 2788/2892/2788 2755/2853/2755 2790/2893/2790
f 2790/2893/2790 2789/2891/2789 2788/2892/2788
vt 0.131860 0.342754
f 2790/2893/2790 3149/2894/3149 2789/2891/2789
vt 0.133725 0.342274
f 3149/2894/3149 2791/2895/2791 2789/2891/2789
f 2789/2891/2789 2791/2895/2791 2785/2756/2785
f 2791/2895/2791 2792/2757/2792 2785/2756/2785
vt 0.134617 0.358539
f 2791/2895/2791 3148/2896/3148 2792/2757/2792
vt 0.139192 0.358459
f 2792/2757/2792 3148/2896/3148 3142/2897/3142
f 2792/2757/2792 3142/2897/3142 2793/2758/2793
f 2793/2758/2793 3142/2897/3142 2794/2761/2794
vt 0.144602 0.358420
f 3142/2897/3142 2878/2898/2878 2794/2761/2794
f 2795/2769/2795 2794/2761/2794 2878/2898/2878
f 2795/2769/2795 2878/2898/2878 2796/2770/2796
vt 0.317392 0.196307
f 2878/2898/2878 2797/2899/2797 2796/2770/2796
vt 0.342150 0.196248
f 2796/2770/2796 2797/2899/2797 2799/2900/2799
f 2796/2770/2796 2799/2900/2799 2798/2771/2798
vt 0.653787 0.195527
f 2799/2900/2799 2800/2901/2800 2798/2771/2798
f 2798/2771/2798 2800/2901/2800 2680/2772/2680
f 2680/2772/2680 2800/2901/2800 2803/2778/2803
f 2680/2772/2680 2803/2778/2803 2801/2773/2801
f 2801/2773/2801 2803/2778/2803 2802/2776/2802
f 2801/2773/2801 2802/2776/2802 2682/2774/2682
f 2802/2776/2802 2803/2778/2803 2685/2776/2685
vt 0.678546 0.195471
f 2804/2902/2804 2803/2778/2803 2800/2901/2800
vt 0.675030 0.199424
f 2804/2902/2804 2800/2901/2800 2887/2903/2887
vt 0.675068 0.218753
f 2887/2903/2887 2886/2904/2886 2804/2902/2804
vt 0.678597 0.222530
f 2804/2902/2804 2886/2904/2886 2805/2905/2805
vt 0.851927 0.352582
f 2805/2905/2805 2904/2906/2904 2804/2902/2804
f 2804/2902/2804 2904/2906/2904 2803/2778/2803
f 2803/2778/2803 2904/2906/2904 2806/2779/2806
f 2806/2779/2806 2904/2906/2904 2692/2780/2692
f 2692/2780/2692 2904/2906/2904 2693/2783/2693
vt 0.857711 0.339756
f 2904/2906/2904 2807/2907/2807 2693/2783/2693
vt 0.859087 0.327395
f 2693/2783/2693 2807/2907/2807 2915/2908/2915
f 2693/2783/2693 2915/2908/2915 2808/2784/2808
vt 0.860360 0.315841
f 2808/2784/2808 2915/2908/2915 2917/2909/2917
vt 0.858889 0.306586
f 2808/2784/2808 2917/2909/2917 2810/2910/2810
f 2809/2785/2809 2808/2784/2808 2810/2910/2810
vt 0.846185 0.284770
f 2809/2785/2809 2810/2910/2810 2811/2911/2811
vt 0.846770 0.292179
f 2811/2911/2811 2812/2912/2812 2809/2785/2809
vt 0.845817 0.288310
f 2809/2785/2809 2812/2912/2812 2829/2913/2829
vt 0.843955 0.279170
f 2809/2785/2809 2829/2913/2829 2814/2914/2814
f 2813/2786/2813 2809/2785/2809 2814/2914/2814
vt 0.711238 0.056713
f 2813/2786/2813 2814/2914/2814 3156/2915/3156
f 3156/2915/3156 2815/2787/2815 2813/2786/2813
f 3156/2915/3156 2697/2790/2697 2815/2787/2815
f 2696/2788/2696 2815/2787/2815 2697/2790/2697
vt 0.718951 0.062128
f 2816/2916/2816 2697/2790/2697 3156/2915/3156
vt 0.843965 0.264997
f 3156/2915/3156 2827/2917/2827 2816/2916/2816
vt 0.843987 0.254441
f 2816/2916/2816 2827/2917/2827 2824/2918/2824
vt 0.726203 0.067410
f 2816/2916/2816 2824/2918/2824 2826/2919/2826
f 2826/2919/2826 2698/2791/2698 2816/2916/2816
f 2816/2916/2816 2698/2791/2698 2697/2790/2697
f 2826/2919/2826 2817/2794/2817 2698/2791/2698
f 2699/2792/2699 2698/2791/2698 2817/2794/2817
vt 0.732135 0.071876
f 2819/2920/2819 2817/2794/2817 2826/2919/2826
vt 0.844000 0.250681
f 2826/2919/2826 2818/2921/2818 2819/2920/2819
vt 0.844022 0.247998
f 2819/2920/2819 2818/2921/2818 2820/2922/2820
vt 0.734265 0.073531
f 2819/2920/2819 2820/2922/2820 2822/2923/2822
f 2822/2923/2822 2702/2795/2702 2819/2920/2819
f 2819/2920/2819 2702/2795/2702 2817/2794/2817
f 2822/2923/2822 2821/2798/2821 2702/2795/2702
f 2703/2796/2703 2702/2795/2702 2821/2798/2821
f 2704/2799/2704 2821/2798/2821 2822/2923/2822
vt 0.844042 0.246427
f 2822/2923/2822 2823/2924/2823 2704/2799/2704
f 2704/2799/2704 2823/2924/2823 2705/2801/2705
f 2820/2922/2820 2705/2801/2705 2823/2924/2823
f 2822/2923/2822 2820/2922/2820 2823/2924/2823
f 2818/2921/2818 2705/2801/2705 2820/2922/2820
f 2818/2921/2818 2825/2802/2825 2705/2801/2705
f 2824/2918/2824 2825/2802/2825 2818/2921/2818
f 2826/2919/2826 2824/2918/2824 2818/2921/2818
f 2827/2917/2827 2825/2802/2825 2824/2918/2824
f 2827/2917/2827 2829/2913/2829 2825/2802/2825
f 2828/2803/2828 2825/2802/2825 2829/2913/2829
vt 0.869968 0.286334
f 2828/2803/2828 2829/2913/2829 2830/2925/2830
vt 0.868282 0.278048
f 2831/2926/2831 2828/2803/2828 2830/2925/2830
vt 0.871033 0.290045
f 2831/2926/2831 2830/2925/2830 4242/2927/4242
vt 0.869344 0.281755
f 4242/2927/4242 2925/2928/2925 2831/2926/2831
vt 0.868848 0.280290
f 2831/2926/2831 2925/2928/2925 3133/2929/3133
vt 0.868464 0.279132
f 2833/2930/2833 2831/2926/2831 3133/2929/3133
vt 0.868317 0.280643
f 2833/2930/2833 3133/2929/3133 2836/2931/2836
vt 0.867319 0.278600
f 2836/2931/2836 2838/2932/2838 2833/2930/2833
vt 0.867558 0.277044
f 2833/2930/2833 2838/2932/2838 2832/2933/2832
f 2832/2933/2832 2831/2926/2831 2833/2930/2833
vt 0.866557 0.274648
f 2832/2933/2832 2834/2934/2834 2831/2926/2831
f 2834/2934/2834 2828/2803/2828 2831/2926/2831
f 2708/2804/2708 2828/2803/2828 2834/2934/2834
f 2708/2804/2708 2834/2934/2834 2709/2805/2709
vt 0.866234 0.275935
f 2709/2805/2709 2834/2934/2834 2835/2935/2835
f 2709/2805/2709 2835/2935/2835 2710/2806/2710
f 2710/2806/2710 2835/2935/2835 2711/2807/2711
f 2711/2807/2711 2835/2935/2835 2713/2808/2713
vt 0.866941 0.281266
f 2837/2936/2837 2713/2808/2713 2835/2935/2835
f 2837/2936/2837 2835/2935/2835 2838/2932/2838
f 2836/2931/2836 2837/2936/2837 2838/2932/2838
f 2839/2813/2839 2837/2936/2837 2836/2931/2836
vt 0.868739 0.281780
f 2836/2931/2836 3134/2937/3134 2839/2813/2839
f 2839/2813/2839 3134/2937/3134 2840/2814/2840
vt 0.869280 0.283753
f 2841/2938/2841 2840/2814/2840 3134/2937/3134
vt 0.869337 0.282294
f 3134/2937/3134 3132/2939/3132 2841/2938/2841
vt 0.869619 0.284344
f 2841/2938/2841 3132/2939/3132 2842/2940/2842
vt 0.869593 0.285774
f 2843/2941/2843 2841/2938/2841 2842/2940/2842
vt 0.869683 0.286775
f 2842/2940/2842 2926/2942/2926 2843/2941/2843
vt 0.869660 0.290496
f 2843/2941/2843 2926/2942/2926 2844/2943/2844
vt 0.869568 0.288219
f 2844/2943/2844 2845/2944/2845 2843/2941/2843
vt 0.869206 0.286243
f 2843/2941/2843 2845/2944/2845 2846/2945/2846
f 2843/2941/2843 2846/2945/2846 2841/2938/2841
f 2841/2938/2841 2846/2945/2846 2840/2814/2840
f 2840/2814/2840 2846/2945/2846 2847/2815/2847
vt 0.869107 0.289716
f 2847/2815/2847 2846/2945/2846 2931/2946/2931
f 2847/2815/2847 2931/2946/2931 2721/2820/2721
f 2720/2816/2720 2847/2815/2847 2721/2820/2721
vt 0.868902 0.297471
f 2721/2820/2721 2931/2946/2931 2848/2947/2848
f 2721/2820/2721 2848/2947/2848 2722/2821/2722
vt 0.868643 0.307499
f 2722/2821/2722 2848/2947/2848 2850/2948/2850
f 2722/2821/2722 2850/2948/2850 2851/2829/2851
f 2849/2822/2849 2722/2821/2722 2851/2829/2851
vt 0.868336 0.319406
f 2851/2829/2851 2850/2948/2850 2934/2949/2934
f 2851/2829/2851 2934/2949/2934 2730/2830/2730
vt 0.867978 0.332760
f 2730/2830/2730 2934/2949/2934 2935/2950/2935
vt 0.865117 0.342169
f 2730/2830/2730 2935/2950/2935 2936/2951/2936
f 2853/2831/2853 2730/2830/2730 2936/2951/2936
vt 0.864443 0.352589
f 2853/2831/2853 2936/2951/2936 2852/2952/2852
f 2852/2952/2852 2731/2832/2731 2853/2831/2853
f 2852/2952/2852 2854/1416/2854 2731/2832/2731
f 2731/2832/2731 2854/1416/2854 2734/1417/2734
f 2854/1416/2854 1413/1414/1413 2734/1417/2734
f 1522/1415/1522 1413/1414/1413 2854/1416/2854
f 2852/2952/2852 1522/1415/1522 2854/1416/2854
vt 0.868301 0.352712
f 2855/2953/2855 1522/1415/1522 2852/2952/2852
vt 0.867706 0.342575
f 2852/2952/2852 2937/2954/2937 2855/2953/2855
vt 0.869248 0.343040
f 2855/2953/2855 2937/2954/2937 2938/2955/2938
vt 0.869676 0.352859
f 2855/2953/2855 2938/2955/2938 2940/2956/2940
f 2940/2956/2940 1516/1588/1516 2855/2953/2855
f 2855/2953/2855 1516/1588/1516 1522/1415/1522
f 1516/1588/1516 1515/1413/1515 1522/1415/1522
f 1522/1415/1522 1515/1413/1515 1413/1414/1413
vt 0.521982 0.408533
f 1515/1413/1515 3042/2957/3042 1413/1414/1413
vt 0.475187 0.408642
f 1413/1414/1413 3042/2957/3042 3100/2958/3100
f 1413/1414/1413 3100/2958/3100 1562/1436/1562
vt 0.265025 0.409034
f 1562/1436/1562 3100/2958/3100 2858/2959/2858
f 1562/1436/1562 2858/2959/2858 2857/1438/2857
f 2857/1438/2857 2735/1439/2735 1562/1436/1562
f 1562/1436/1562 2735/1439/2735 2315/1609/2315
f 2856/2833/2856 2735/1439/2735 2857/1438/2857
f 2857/1438/2857 2858/2959/2858 2739/1445/2739
f 2739/1445/2739 2858/2959/2858 3114/1446/3114
f 2739/1445/2739 3114/1446/3114 3113/1496/3113
f 1453/1453/1453 2739/1445/2739 3113/1496/3113
f 2859/2836/2859 1453/1453/1453 3113/1496/3113
f 2859/2836/2859 3113/1496/3113 2743/2838/2743
f 2743/2838/2743 3113/1496/3113 1451/1494/1451
f 3113/1496/3113 1448/1495/1448 1451/1494/1451
f 1451/1494/1451 1448/1495/1448 2860/1493/2860
f 1451/1494/1451 2860/1493/2860 3115/1488/3115
f 1451/1494/1451 3115/1488/3115 1444/1489/1444
f 1444/1489/1444 3115/1488/3115 3107/1473/3107
f 1444/1489/1444 3107/1473/3107 3106/1475/3106
f 2861/2839/2861 1444/1489/1444 3106/1475/3106
f 2861/2839/2861 3106/1475/3106 2746/2842/2746
f 2746/2842/2746 2862/2840/2862 2861/2839/2861
f 2746/2842/2746 3106/1475/3106 2330/1476/2330
f 2746/2842/2746 2330/1476/2330 2863/2843/2863
f 2863/2843/2863 2330/1476/2330 1437/1483/1437
f 2863/2843/2863 1437/1483/1437 2748/2844/2748
vt 0.292390 0.409877
f 2330/1476/2330 2864/2960/2864 1437/1483/1437
f 1437/1483/1437 2864/2960/2864 2865/2845/2865
vt 0.289047 0.406046
f 2864/2960/2864 3118/2961/3118 2865/2845/2865
vt 0.245212 0.406564
f 2865/2845/2865 3118/2961/3118 2875/2962/2875
f 2865/2845/2865 2875/2962/2875 2867/2846/2867
vt 0.202971 0.407152
f 2867/2846/2867 2875/2962/2875 2872/2963/2872
vt 0.202820 0.408107
f 2872/2963/2872 2866/2964/2866 2867/2846/2867
vt 0.203214 0.410999
f 2867/2846/2867 2866/2964/2866 2869/2965/2869
f 2871/2847/2871 2867/2846/2867 2869/2965/2869
vt 0.201269 0.410324
f 2868/2966/2868 2871/2847/2871 2869/2965/2869
vt 0.201649 0.409845
f 2868/2966/2868 2869/2965/2869 2870/2967/2870
vt 0.198415 0.407204
f 2870/2967/2870 2874/2968/2874 2868/2966/2868
vt 0.193939 0.407232
f 2868/2966/2868 2874/2968/2874 2873/2969/2873
f 2873/2969/2873 2871/2847/2871 2868/2966/2868
f 2873/2969/2873 2749/2848/2749 2871/2847/2871
f 2872/2963/2872 2749/2848/2749 2873/2969/2873
f 2872/2963/2872 2873/2969/2873 2874/2968/2874
f 2874/2968/2874 2866/2964/2866 2872/2963/2872
f 2870/2967/2870 2866/2964/2866 2874/2968/2874
f 2870/2967/2870 2869/2965/2869 2866/2964/2866
f 2875/2962/2875 2749/2848/2749 2872/2963/2872
vt 0.137679 0.404784
f 3154/2970/3154 2749/2848/2749 2875/2962/2875
vt 0.260069 0.405371
f 2875/2962/2875 3117/2971/3117 3154/2970/3154
vt 0.258812 0.405298
f 3117/2971/3117 2876/2972/2876 3154/2970/3154
vt 0.260041 0.405221
f 3154/2970/3154 2876/2972/2876 3111/2973/3111
vt 0.263173 0.405172
f 3154/2970/3154 3111/2973/3111 3112/2974/3112
vt 0.144720 0.404609
f 2877/2975/2877 3154/2970/3154 3112/2974/3112
vt 0.474784 0.404777
f 3112/2974/3112 3101/2976/3101 2877/2975/2877
vt 0.522369 0.404665
f 2877/2975/2877 3101/2976/3101 3099/2977/3099
vt 0.852052 0.402965
f 3099/2977/3099 3046/2978/3046 2877/2975/2877
vt 0.144672 0.396714
f 2877/2975/2877 3046/2978/3046 3049/2979/3049
vt 0.139266 0.396753
f 3143/2980/3143 2877/2975/2877 3049/2979/3049
f 2878/2898/2878 3143/2980/3143 3049/2979/3049
vt 0.317901 0.358683
f 3049/2979/3049 2879/2981/2879 2878/2898/2878
vt 0.317849 0.331620
f 2878/2898/2878 2879/2981/2879 3050/2982/3050
vt 0.317443 0.223370
f 2878/2898/2878 3050/2982/3050 3097/2983/3097
f 3097/2983/3097 2797/2899/2797 2878/2898/2878
vt 0.320988 0.219575
f 3097/2983/3097 2883/2984/2883 2797/2899/2797
vt 0.320956 0.200246
f 2797/2899/2797 2883/2984/2883 3141/2985/3141
vt 0.338638 0.200204
f 3141/2985/3141 3140/2986/3140 2797/2899/2797
f 2797/2899/2797 3140/2986/3140 2799/2900/2799
vt 0.338670 0.219533
f 2881/2987/2881 2799/2900/2799 3140/2986/3140
vt 0.338897 0.220649
f 2881/2987/2881 3140/2986/3140 2882/2988/2882
vt 0.321215 0.220691
f 2880/2989/2880 2881/2987/2881 2882/2988/2882
vt 0.321180 0.201362
f 2882/2988/2882 3138/2990/3138 2880/2989/2880
f 3138/2990/3138 2883/2984/2883 2880/2989/2880
f 2883/2984/2883 2881/2987/2881 2880/2989/2880
vt 0.342198 0.223310
f 2883/2984/2883 3096/2991/3096 2881/2987/2881
f 3096/2991/3096 2799/2900/2799 2881/2987/2881
vt 0.653838 0.222590
f 3096/2991/3096 2893/2992/2893 2799/2900/2799
f 2799/2900/2799 2893/2992/2893 2800/2901/2800
vt 0.657383 0.218795
f 2893/2992/2893 2891/2993/2891 2800/2901/2800
vt 0.657348 0.199466
f 2800/2901/2800 2891/2993/2891 2890/2994/2890
f 2887/2903/2887 2800/2901/2800 2890/2994/2890
vt 0.675260 0.200536
f 2887/2903/2887 2890/2994/2890 2884/2995/2884
vt 0.675295 0.219869
f 2888/2996/2888 2887/2903/2887 2884/2995/2884
vt 0.657575 0.200578
f 2884/2995/2884 2885/2997/2885 2888/2996/2888
vt 0.657610 0.219907
f 2888/2996/2888 2885/2997/2885 2889/2998/2889
f 2889/2998/2889 2886/2904/2886 2888/2996/2888
f 2886/2904/2886 2887/2903/2887 2888/2996/2888
f 2891/2993/2891 2886/2904/2886 2889/2998/2889
f 2885/2997/2885 2891/2993/2891 2889/2998/2889
f 2890/2994/2890 2891/2993/2891 2885/2997/2885
f 2884/2995/2884 2890/2994/2890 2885/2997/2885
f 2891/2993/2891 2805/2905/2805 2886/2904/2886
f 2893/2992/2893 2805/2905/2805 2891/2993/2891
vt 0.678590 0.330781
f 2892/2999/2892 2805/2905/2805 2893/2992/2893
vt 0.653832 0.330840
f 2897/3000/2897 2892/2999/2892 2893/2992/2893
vt 0.506392 0.310248
f 2893/2992/2893 2894/3001/2894 2897/3000/2897
vt 0.506498 0.368239
f 2897/3000/2897 2894/3001/2894 3047/3002/3047
vt 0.653883 0.357899
f 2897/3000/2897 3047/3002/3047 2895/3003/2895
vt 0.657428 0.354104
f 2895/3003/2895 3135/3004/3135 2897/3000/2897
vt 0.657393 0.334775
f 2897/3000/2897 3135/3004/3135 2896/3005/2896
vt 0.675078 0.334733
f 2896/3005/2896 2898/3006/2898 2897/3000/2897
f 2897/3000/2897 2898/3006/2898 2892/2999/2892
vt 0.675110 0.354066
f 2899/3007/2899 2892/2999/2892 2898/3006/2898
vt 0.675340 0.355181
f 2899/3007/2899 2898/3006/2898 3136/3008/3136
vt 0.657655 0.355220
f 2901/3009/2901 2899/3007/2899 3136/3008/3136
vt 0.657620 0.335891
f 3136/3008/3136 2900/3010/2900 2901/3009/2901
f 2900/3010/2900 3135/3004/3135 2901/3009/2901
f 3135/3004/3135 2899/3007/2899 2901/3009/2901
vt 0.678638 0.357843
f 3135/3004/3135 2902/3011/2902 2899/3007/2899
f 2902/3011/2902 2892/2999/2892 2899/3007/2899
f 2902/3011/2902 2904/2906/2904 2892/2999/2892
f 2892/2999/2892 2904/2906/2904 2805/2905/2805
vt 0.852007 0.395074
f 2902/3011/2902 2903/3012/2903 2904/2906/2904
vt 0.857347 0.352593
f 2904/2906/2904 2903/3012/2903 2905/3013/2905
f 2905/3013/2905 2807/2907/2807 2904/2906/2904
vt 0.861093 0.340022
f 2905/3013/2905 2906/3014/2906 2807/2907/2807
f 2906/3014/2906 2915/2908/2915 2807/2907/2807
vt 0.861950 0.327912
f 2912/3015/2912 2915/2908/2915 2906/3014/2906
vt 0.862606 0.340207
f 2913/3016/2913 2912/3015/2912 2906/3014/2906
vt 0.861950 0.352652
f 2907/3017/2907 2913/3016/2913 2906/3014/2906
f 2907/3017/2907 2906/3014/2906 2905/3013/2905
vt 0.862030 0.395147
f 2905/3013/2905 2908/3018/2908 2907/3017/2907
vt 0.865117 0.395238
f 2907/3017/2907 2908/3018/2908 2950/3019/2950
vt 0.865041 0.352747
f 2907/3017/2907 2950/3019/2950 2910/3020/2910
f 2910/3020/2910 2913/3016/2913 2907/3017/2907
vt 0.864612 0.340588
f 2909/3021/2909 2913/3016/2913 2910/3020/2910
vt 0.865802 0.341019
f 2909/3021/2909 2910/3020/2910 2911/3022/2911
vt 0.864868 0.328913
f 2909/3021/2909 2911/3022/2911 2957/3023/2957
vt 0.863208 0.328255
f 2957/3023/2957 2914/3024/2914 2909/3021/2909
f 2909/3021/2909 2914/3024/2914 2913/3016/2913
f 2914/3024/2914 2912/3015/2912 2913/3016/2913
vt 0.862721 0.316614
f 2914/3024/2914 2916/3025/2916 2912/3015/2912
f 2916/3025/2916 2917/2909/2917 2912/3015/2912
f 2912/3015/2912 2917/2909/2917 2915/2908/2915
vt 0.861499 0.305400
f 2916/3025/2916 2960/3026/2960 2917/2909/2917
f 2810/2910/2810 2917/2909/2917 2960/3026/2960
vt 0.860031 0.299160
f 2810/2910/2810 2960/3026/2960 2961/3027/2961
vt 0.848607 0.286418
f 2919/3028/2919 2810/2910/2810 2961/3027/2961
vt 0.851048 0.286922
f 2919/3028/2919 2961/3027/2961 2918/3029/2918
vt 0.852900 0.296026
f 2918/3029/2918 2921/3030/2921 2919/3028/2919
vt 0.849362 0.295002
f 2919/3028/2919 2921/3030/2921 2920/3031/2920
f 2919/3028/2919 2920/3031/2920 2811/2911/2811
f 2811/2911/2811 2810/2910/2810 2919/3028/2919
f 2811/2911/2811 2920/3031/2920 2812/2912/2812
f 2812/2912/2812 2920/3031/2920 2921/3030/2921
vt 0.871398 0.293910
f 3953/3032/3953 2812/2912/2812 2921/3030/2921
vt 0.870585 0.295652
f 3953/3032/3953 2921/3030/2921 2922/3033/2922
vt 0.871401 0.295649
f 2922/3033/2922 2923/3034/2923 3953/3032/3953
vt 0.871065 0.293987
f 2923/3034/2923 2924/3035/2924 3953/3032/3953
vt 0.869712 0.285624
f 3953/3032/3953 2924/3035/2924 2970/3036/2970
f 3953/3032/3953 2970/3036/2970 4242/2927/4242
f 4242/2927/4242 2812/2912/2812 3953/3032/3953
f 4242/2927/4242 2829/2913/2829 2812/2912/2812
f 2830/2925/2830 2829/2913/2829 4242/2927/4242
f 4242/2927/4242 2970/3036/2970 2925/2928/2925
f 2842/2940/2842 2925/2928/2925 2970/3036/2970
f 2842/2940/2842 2970/3036/2970 2926/2942/2926
f 2970/3036/2970 2844/2943/2844 2926/2942/2926
vt 0.869644 0.296649
f 2928/3037/2928 2844/2943/2844 2970/3036/2970
vt 0.870562 0.322966
f 2970/3036/2970 2927/3038/2927 2928/3037/2928
vt 0.869632 0.304988
f 2928/3037/2928 2927/3038/2927 2929/3039/2929
vt 0.869481 0.299199
f 2929/3039/2929 2932/3040/2932 2928/3037/2928
vt 0.869532 0.291619
f 2928/3037/2928 2932/3040/2932 2930/3041/2930
f 2928/3037/2928 2930/3041/2930 2844/2943/2844
f 2844/2943/2844 2930/3041/2930 2845/2944/2845
f 2931/2946/2931 2845/2944/2845 2930/3041/2930
f 2931/2946/2931 2930/3041/2930 2848/2947/2848
f 2848/2947/2848 2930/3041/2930 2932/3040/2932
f 2848/2947/2848 2932/3040/2932 2850/2948/2850
vt 0.869424 0.308989
f 2850/2948/2850 2932/3040/2932 2978/3042/2978
f 2850/2948/2850 2978/3042/2978 2934/2949/2934
vt 0.869363 0.320585
f 2934/2949/2934 2978/3042/2978 2933/3043/2933
f 2934/2949/2934 2933/3043/2933 2935/2950/2935
vt 0.869296 0.333544
f 2935/2950/2935 2933/3043/2933 2981/3044/2981
f 2935/2950/2935 2981/3044/2981 2937/2954/2937
f 2936/2951/2936 2935/2950/2935 2937/2954/2937
f 2852/2952/2852 2936/2951/2936 2937/2954/2937
f 2937/2954/2937 2981/3044/2981 2938/2955/2938
vt 0.869654 0.339602
f 2939/3045/2939 2938/2955/2938 2981/3044/2981
vt 0.869641 0.326884
f 2939/3045/2939 2981/3044/2981 2980/3046/2980
vt 0.870470 0.339738
f 2980/3046/2980 2983/3047/2983 2939/3045/2939
vt 0.870393 0.359942
f 2939/3045/2939 2983/3047/2983 2955/3048/2955
f 2939/3045/2939 2955/3048/2955 2940/2956/2940
f 2940/2956/2940 2938/2955/2938 2939/3045/2939
vt 0.870332 0.383290
f 2940/2956/2940 2955/3048/2955 2954/3049/2954
f 2940/2956/2940 2954/3049/2954 1516/1588/1516
vt 0.870287 0.409464
f 1516/1588/1516 2954/3049/2954 2941/3050/2941
f 2945/1791/2945 1516/1588/1516 2941/3050/2941
f 2945/1791/2945 2941/3050/2941 3017/1793/3017
vt 0.806518 0.437404
f 2942/3051/2942 2945/1791/2945 3017/1793/3017
vt 0.802110 0.437488
f 2942/3051/2942 3017/1793/3017 3016/3052/3016
vt 0.792212 0.437436
f 2943/3053/2943 2942/3051/2942 3016/3052/3016
vt 0.796649 0.437499
f 2943/3053/2943 3016/3052/3016 3015/3054/3015
f 3015/3054/3015 1705/1807/1705 2943/3053/2943
f 2943/3053/2943 1705/1807/1705 3019/1810/3019
vt 0.790500 0.437324
f 2943/3053/2943 3019/1810/3019 2944/3055/2944
f 2944/3055/2944 2942/3051/2942 2943/3053/2943
vt 0.808182 0.437285
f 2942/3051/2942 2944/3055/2944 3021/3056/3021
f 3021/3056/3021 2945/1791/2945 2942/3051/2942
f 3021/3056/3021 1686/1792/1686 2945/1791/2945
f 1686/1792/1686 1516/1588/1516 2945/1791/2945
f 1686/1792/1686 2946/1583/2946 1516/1588/1516
f 2946/1583/2946 1515/1413/1515 1516/1588/1516
f 2946/1583/2946 1513/1587/1513 1515/1413/1515
vt 0.735676 0.404088
f 3043/3057/3043 1515/1413/1515 1513/1587/1513
vt 0.738021 0.404147
f 3043/3057/3043 1513/1587/1513 2947/3058/2947
vt 0.859161 0.403108
f 2948/3059/2948 3043/3057/3043 2947/3058/2947
vt 0.738037 0.404228
f 2947/3058/2947 3024/3060/3024 2948/3059/2948
vt 0.735718 0.404294
f 2948/3059/2948 3024/3060/3024 3025/3061/3025
vt 0.752452 0.405385
f 2948/3059/2948 3025/3061/3025 2949/3062/2949
vt 0.859682 0.405686
f 2949/3062/2949 3013/3063/3013 2948/3059/2948
vt 0.866218 0.395361
f 3013/3063/3013 2951/3064/2951 2948/3059/2948
f 2950/3019/2950 2948/3059/2948 2951/3064/2951
vt 0.866138 0.352866
f 3012/3065/3012 2950/3019/2950 2951/3064/2951
vt 0.866810 0.375521
f 2952/3066/2952 3012/3065/3012 2951/3064/2951
vt 0.866768 0.398061
f 2952/3066/2952 2951/3064/2951 2953/3067/2953
f 2953/3067/2953 2954/3049/2954 2952/3066/2952
f 2952/3066/2952 2954/3049/2954 2955/3048/2955
vt 0.866867 0.355339
f 2952/3066/2952 2955/3048/2955 2982/3068/2982
f 2982/3068/2982 3012/3065/3012 2952/3066/2952
vt 0.866119 0.341676
f 2982/3068/2982 2956/3069/2956 3012/3065/3012
f 2911/3022/2911 3012/3065/3012 2956/3069/2956
vt 0.866109 0.330816
f 2956/3069/2956 2976/3070/2976 2911/3022/2911
vt 0.865847 0.329647
f 2911/3022/2911 2976/3070/2976 2985/3071/2985
f 2911/3022/2911 2985/3071/2985 2957/3023/2957
vt 0.865098 0.318000
f 2957/3023/2957 2985/3071/2985 2986/3072/2986
vt 0.863751 0.317094
f 2986/3072/2986 2958/3073/2958 2957/3023/2957
f 2957/3023/2957 2958/3073/2958 2914/3024/2914
f 2914/3024/2914 2958/3073/2958 2916/3025/2916
vt 0.863406 0.306418
f 2958/3073/2958 2959/3074/2959 2916/3025/2916
f 2959/3074/2959 2960/3026/2960 2916/3025/2916
vt 0.862705 0.294295
f 2959/3074/2959 3005/3075/3005 2960/3026/2960
f 2961/3027/2961 2960/3026/2960 3005/3075/3005
vt 0.861045 0.292644
f 2961/3027/2961 3005/3075/3005 2963/3076/2963
vt 0.856957 0.287023
f 2962/3077/2962 2961/3027/2961 2963/3076/2963
vt 0.861909 0.287145
f 2962/3077/2962 2963/3076/2963 2964/3078/2964
vt 0.867469 0.294036
f 2966/3079/2966 2962/3077/2962 2964/3078/2964
vt 0.866138 0.287509
f 2966/3079/2966 2964/3078/2964 2992/3080/2992
vt 0.867344 0.296485
f 2966/3079/2966 2992/3080/2992 2965/3081/2965
vt 0.870921 0.295267
f 2965/3081/2965 2968/3082/2968 2966/3079/2966
vt 0.870188 0.294033
f 2966/3079/2966 2968/3082/2968 3007/3083/3007
vt 0.870585 0.295988
f 3007/3083/3007 3006/3084/3006 2966/3079/2966
f 2966/3079/2966 3006/3084/3006 2921/3030/2921
f 2966/3079/2966 2921/3030/2921 2918/3029/2918
f 2918/3029/2918 2962/3077/2962 2966/3079/2966
f 2918/3029/2918 2961/3027/2961 2962/3077/2962
f 2922/3033/2922 2921/3030/2921 3006/3084/3006
vt 0.870207 0.293942
f 3006/3084/3006 3008/3085/3008 2922/3033/2922
vt 0.870227 0.293931
f 2922/3033/2922 3008/3085/3008 3010/3086/3010
vt 0.870246 0.294001
f 2922/3033/2922 3010/3086/3010 3011/3087/3011
vt 0.870246 0.293991
f 3011/3087/3011 2967/3088/2967 2922/3033/2922
f 2922/3033/2922 2967/3088/2967 2923/3034/2923
f 2923/3034/2923 2967/3088/2967 2924/3035/2924
f 2967/3088/2967 3011/3087/3011 2924/3035/2924
vt 0.871065 0.293998
f 2924/3035/2924 3011/3087/3011 3009/3089/3009
f 2924/3035/2924 3009/3089/3009 2968/3082/2968
f 2970/3036/2970 2924/3035/2924 2968/3082/2968
vt 0.870793 0.300577
f 2970/3036/2970 2968/3082/2968 2969/3090/2969
vt 0.870668 0.309850
f 2969/3090/2969 2971/3091/2971 2970/3036/2970
f 2970/3036/2970 2971/3091/2971 2927/3038/2927
vt 0.867123 0.310990
f 2973/3092/2973 2927/3038/2927 2971/3091/2971
vt 0.867229 0.302154
f 2973/3092/2973 2971/3091/2971 2972/3093/2972
f 2972/3093/2972 2992/3080/2992 2973/3092/2973
vt 0.867027 0.322893
f 2973/3092/2973 2992/3080/2992 3000/3094/3000
f 3000/3094/3000 2927/3038/2927 2973/3092/2973
vt 0.866941 0.337727
f 2977/3095/2977 2927/3038/2927 3000/3094/3000
vt 0.866100 0.303061
f 3000/3094/3000 3001/3096/3001 2977/3095/2977
vt 0.866097 0.311238
f 2977/3095/2977 3001/3096/3001 2974/3097/2974
vt 0.866097 0.320574
f 2977/3095/2977 2974/3097/2974 2975/3098/2975
f 2975/3098/2975 2976/3070/2976 2977/3095/2977
f 2977/3095/2977 2976/3070/2976 2982/3068/2982
f 2982/3068/2982 2983/3047/2983 2977/3095/2977
f 2977/3095/2977 2983/3047/2983 2927/3038/2927
f 2929/3039/2929 2927/3038/2927 2983/3047/2983
vt 0.869632 0.315198
f 2929/3039/2929 2983/3047/2983 2979/3099/2979
f 2979/3099/2979 2978/3042/2978 2929/3039/2929
f 2929/3039/2929 2978/3042/2978 2932/3040/2932
f 2979/3099/2979 2933/3043/2933 2978/3042/2978
f 2980/3046/2980 2933/3043/2933 2979/3099/2979
f 2979/3099/2979 2983/3047/2983 2980/3046/2980
f 2980/3046/2980 2981/3044/2981 2933/3043/2933
f 2982/3068/2982 2955/3048/2955 2983/3047/2983
f 2982/3068/2982 2976/3070/2976 2956/3069/2956
f 2976/3070/2976 2975/3098/2975 2985/3071/2985
vt 0.865889 0.318986
f 2985/3071/2985 2975/3098/2975 2984/3100/2984
f 2985/3071/2985 2984/3100/2984 2986/3072/2986
vt 0.865303 0.308146
f 2986/3072/2986 2984/3100/2984 3002/3101/3002
vt 0.864235 0.307027
f 3002/3101/3002 3004/3102/3004 2986/3072/2986
f 2986/3072/2986 3004/3102/3004 2958/3073/2958
f 2958/3073/2958 3004/3102/3004 2959/3074/2959
vt 0.864129 0.295586
f 2959/3074/2959 3004/3102/3004 2987/3103/2987
f 2987/3103/2987 3005/3075/3005 2959/3074/2959
vt 0.863710 0.287208
f 2989/3104/2989 3005/3075/3005 2987/3103/2987
vt 0.864682 0.287306
f 2989/3104/2989 2987/3103/2987 2988/3105/2988
vt 0.865204 0.287303
f 2988/3105/2988 2990/3106/2990 2989/3104/2989
f 2992/3080/2992 2989/3104/2989 2990/3106/2990
vt 0.866029 0.291175
f 2991/3107/2991 2992/3080/2992 2990/3106/2990
vt 0.865697 0.289636
f 2991/3107/2991 2990/3106/2990 2993/3108/2993
vt 0.865981 0.299052
f 2994/3109/2994 2991/3107/2991 2993/3108/2993
vt 0.865521 0.297656
f 2997/3110/2997 2994/3109/2994 2993/3108/2993
vt 0.865127 0.288149
f 2993/3108/2993 2995/3111/2995 2997/3110/2997
vt 0.864737 0.296327
f 2997/3110/2997 2995/3111/2995 3003/3112/3003
f 2997/3110/2997 3003/3112/3003 3002/3101/3002
vt 0.865930 0.309339
f 3002/3101/3002 2996/3113/2996 2997/3110/2997
f 2996/3113/2996 2994/3109/2994 2997/3110/2997
f 2996/3113/2996 3001/3096/3001 2994/3109/2994
vt 0.866106 0.296261
f 3001/3096/3001 2998/3114/2998 2994/3109/2994
f 2994/3109/2994 2998/3114/2998 2991/3107/2991
vt 0.866119 0.291031
f 2998/3114/2998 2999/3115/2999 2991/3107/2991
f 2999/3115/2999 2992/3080/2992 2991/3107/2991
f 3000/3094/3000 2992/3080/2992 2999/3115/2999
f 3000/3094/3000 2999/3115/2999 2998/3114/2998
f 2998/3114/2998 3001/3096/3001 3000/3094/3000
f 2974/3097/2974 3001/3096/3001 2996/3113/2996
f 2984/3100/2984 2974/3097/2974 2996/3113/2996
f 2984/3100/2984 2996/3113/2996 3002/3101/3002
f 2975/3098/2975 2974/3097/2974 2984/3100/2984
f 3002/3101/3002 3003/3112/3003 3004/3102/3004
f 3004/3102/3004 3003/3112/3003 2987/3103/2987
f 2988/3105/2988 2987/3103/2987 3003/3112/3003
f 2988/3105/2988 3003/3112/3003 2995/3111/2995
f 2995/3111/2995 2990/3106/2990 2988/3105/2988
f 2993/3108/2993 2990/3106/2990 2995/3111/2995
f 2992/3080/2992 2964/3078/2964 2989/3104/2989
f 2964/3078/2964 3005/3075/3005 2989/3104/2989
f 2963/3076/2963 3005/3075/3005 2964/3078/2964
f 2965/3081/2965 2992/3080/2992 2972/3093/2972
f 2972/3093/2972 2969/3090/2969 2965/3081/2965
f 2965/3081/2965 2969/3090/2969 2968/3082/2968
f 2972/3093/2972 2971/3091/2971 2969/3090/2969
f 3007/3083/3007 2968/3082/2968 3009/3089/3009
f 3007/3083/3007 3009/3089/3009 3008/3085/3008
f 3006/3084/3006 3007/3083/3007 3008/3085/3008
f 3008/3085/3008 3009/3089/3009 3010/3086/3010
f 3010/3086/3010 3009/3089/3009 3011/3087/3011
f 2911/3022/2911 2910/3020/2910 3012/3065/3012
f 2910/3020/2910 2950/3019/2950 3012/3065/3012
f 2953/3067/2953 2941/3050/2941 2954/3049/2954
f 3013/3063/3013 2941/3050/2941 2953/3067/2953
f 2953/3067/2953 2951/3064/2951 3013/3063/3013
vt 0.799205 0.409635
f 3013/3063/3013 3125/3116/3125 2941/3050/2941
vt 0.790398 0.409597
f 3125/3116/3125 3123/3117/3123 2941/3050/2941
vt 0.748498 0.409219
f 2941/3050/2941 3123/3117/3123 3014/3118/3014
f 1689/1794/1689 2941/3050/2941 3014/3118/3014
f 1689/1794/1689 3014/3118/3014 1705/1807/1705
f 3015/3054/3015 1689/1794/1689 1705/1807/1705
f 3016/3052/3016 1689/1794/1689 3015/3054/3015
f 3016/3052/3016 3017/1793/3017 1689/1794/1689
f 3017/1793/3017 2941/3050/2941 1689/1794/1689
vt 0.705108 0.408922
f 1705/1807/1705 3014/3118/3014 3018/3119/3018
f 1705/1807/1705 3018/3119/3018 3019/1810/3019
vt 0.660493 0.408701
f 3019/1810/3019 3018/3119/3018 3028/3120/3028
f 3019/1810/3019 3028/3120/3028 3029/1571/3029
f 2944/3055/2944 3019/1810/3019 3029/1571/3029
vt 0.792164 0.437205
f 2944/3055/2944 3029/1571/3029 3020/3121/3020
f 3021/3056/3021 2944/3055/2944 3020/3121/3020
vt 0.806470 0.437170
f 3021/3056/3021 3020/3121/3020 3023/3122/3023
f 3023/3122/3023 1686/1792/1686 3021/3056/3021
f 3023/3122/3023 2946/1583/2946 1686/1792/1686
vt 0.802033 0.437110
f 3022/3123/3022 2946/1583/2946 3023/3122/3023
vt 0.796569 0.437121
f 3023/3122/3023 3030/3124/3030 3022/3123/3022
f 3030/3124/3030 1509/1584/1509 3022/3123/3022
f 3022/3123/3022 1509/1584/1509 2946/1583/2946
f 1509/1584/1509 1513/1587/1513 2946/1583/2946
f 1509/1584/1509 1511/1586/1511 1513/1587/1513
f 2947/3058/2947 1513/1587/1513 1511/1586/1511
f 2947/3058/2947 1511/1586/1511 3024/3060/3024
f 3024/3060/3024 1511/1586/1511 1510/1585/1510
f 3024/3060/3024 1510/1585/1510 3025/3061/3025
f 3025/3061/3025 1510/1585/1510 3026/1578/3026
vt 0.732144 0.404315
f 3025/3061/3025 3026/1578/3026 3031/3125/3031
vt 0.708448 0.405074
f 3122/3126/3122 3025/3061/3025 3031/3125/3031
vt 0.663151 0.404843
f 3122/3126/3122 3031/3125/3031 3027/3127/3027
f 3018/3119/3018 3122/3126/3122 3027/3127/3027
f 3018/3119/3018 3027/3127/3027 3028/3120/3028
vt 0.616846 0.404700
f 3028/3120/3028 3027/3127/3027 3033/3128/3033
vt 0.614911 0.408565
f 3028/3120/3028 3033/3128/3033 3036/3129/3036
f 3036/3129/3036 1505/1577/1505 3028/3120/3028
f 3028/3120/3028 1505/1577/1505 3026/1578/3026
f 3028/3120/3028 3026/1578/3026 3029/1571/3029
f 3029/1571/3029 3026/1578/3026 1708/1570/1708
f 3020/3121/3020 3029/1571/3029 1708/1570/1708
f 3020/3121/3020 1708/1570/1708 3030/3124/3030
f 3023/3122/3023 3020/3121/3020 3030/3124/3030
f 3030/3124/3030 1708/1570/1708 1509/1584/1509
f 1708/1570/1708 3026/1578/3026 1509/1584/1509
f 1509/1584/1509 3026/1578/3026 1510/1585/1510
f 1510/1585/1510 1511/1586/1511 1509/1584/1509
f 3031/3125/3031 3026/1578/3026 1505/1577/1505
vt 0.728996 0.404283
f 3031/3125/3031 1505/1577/1505 3032/3130/3032
f 3027/3127/3027 3031/3125/3031 3032/3130/3032
f 3027/3127/3027 3032/3130/3032 3033/3128/3033
vt 0.727739 0.404210
f 3032/3130/3032 3038/3131/3038 3033/3128/3033
vt 0.728964 0.404130
f 3033/3128/3033 3038/3131/3038 3039/3132/3039
vt 0.569822 0.404644
f 3033/3128/3033 3039/3132/3039 3034/3133/3034
f 3036/3129/3036 3033/3128/3033 3034/3133/3034
vt 0.568651 0.408509
f 3036/3129/3036 3034/3133/3034 3041/3134/3041
f 3041/3134/3041 1495/1412/1495 3036/3129/3036
f 3036/3129/3036 1495/1412/1495 3035/1563/3035
f 3036/3129/3036 3035/1563/3035 3037/1576/3037
f 3037/1576/3037 1505/1577/1505 3036/3129/3036
f 3032/3130/3032 1505/1577/1505 3037/1576/3037
f 3032/3130/3032 3037/1576/3037 3038/3131/3038
f 3038/3131/3038 3037/1576/3037 3035/1563/3035
f 3038/3131/3038 3035/1563/3035 3039/3132/3039
f 3039/3132/3039 3035/1563/3035 1495/1412/1495
vt 0.732100 0.404081
f 3039/3132/3039 1495/1412/1495 3040/3135/3040
f 3034/3133/3034 3039/3132/3039 3040/3135/3040
f 3034/3133/3034 3040/3135/3040 3099/2977/3099
f 3041/3134/3041 3034/3133/3034 3099/2977/3099
f 3041/3134/3041 3099/2977/3099 3042/2957/3042
f 1515/1413/1515 3041/3134/3041 3042/2957/3042
f 1495/1412/1495 3041/3134/3041 1515/1413/1515
f 3040/3135/3040 1495/1412/1495 1515/1413/1515
f 3040/3135/3040 1515/1413/1515 3043/3057/3043
f 2948/3059/2948 3040/3135/3040 3043/3057/3043
f 3046/2978/3046 3040/3135/3040 2948/3059/2948
vt 0.858198 0.403031
f 2948/3059/2948 3098/3136/3098 3046/2978/3046
vt 0.855594 0.402979
f 3046/2978/3046 3098/3136/3098 3045/3137/3045
vt 0.857424 0.395084
f 3044/3138/3044 3046/2978/3046 3045/3137/3045
f 3044/3138/3044 3045/3137/3045 2908/3018/2908
f 2905/3013/2905 3044/3138/3044 2908/3018/2908
f 2905/3013/2905 2903/3012/2903 3044/3138/3044
f 2903/3012/2903 3046/2978/3046 3044/3138/3044
f 3049/2979/3049 3046/2978/3046 2903/3012/2903
f 2903/3012/2903 3047/3002/3047 3049/2979/3049
vt 0.488816 0.368281
f 3049/2979/3049 3047/3002/3047 3079/3139/3079
vt 0.342656 0.358623
f 3079/3139/3079 3048/3140/3048 3049/2979/3049
f 3049/2979/3049 3048/3140/3048 2879/2981/2879
vt 0.321445 0.354884
f 2879/2981/2879 3048/3140/3048 3080/3141/3080
f 2879/2981/2879 3080/3141/3080 3050/2982/3050
vt 0.321410 0.335559
f 3050/2982/3050 3080/3141/3080 3086/3142/3086
vt 0.339095 0.335517
f 3086/3142/3086 3084/3143/3084 3050/2982/3050
vt 0.342608 0.331561
f 3050/2982/3050 3084/3143/3084 3051/3144/3051
f 3096/2991/3096 3050/2982/3050 3051/3144/3051
vt 0.488707 0.310287
f 3096/2991/3096 3051/3144/3051 3052/3145/3052
f 3052/3145/3052 2894/3001/2894 3096/2991/3096
f 3096/2991/3096 2894/3001/2894 2893/2992/2893
vt 0.506603 0.311284
f 3052/3145/3052 3088/3146/3088 2894/3001/2894
vt 0.506558 0.334149
f 3053/3147/3053 2894/3001/2894 3088/3146/3088
vt 0.506578 0.336202
f 3053/3147/3053 3088/3146/3088 3090/3148/3090
vt 0.488886 0.334918
f 3090/3148/3090 3094/3149/3094 3053/3147/3053
vt 0.488870 0.334146
f 3053/3147/3053 3094/3149/3094 3054/3150/3054
vt 0.506543 0.334758
f 3053/3147/3053 3054/3150/3054 3077/3151/3077
f 3077/3151/3077 2894/3001/2894 3053/3147/3053
vt 0.506543 0.337745
f 3055/3152/3055 2894/3001/2894 3077/3151/3077
vt 0.488857 0.336062
f 3077/3151/3077 3078/3153/3078 3055/3152/3055
vt 0.488861 0.339763
f 3055/3152/3055 3078/3153/3078 3056/3154/3056
vt 0.506549 0.341711
f 3055/3152/3055 3056/3154/3056 3057/3155/3057
f 3057/3155/3057 2894/3001/2894 3055/3152/3055
f 3057/3155/3057 3047/3002/3047 2894/3001/2894
vt 0.506562 0.344803
f 3059/3156/3059 3047/3002/3047 3057/3155/3057
vt 0.488873 0.343520
f 3057/3155/3057 3058/3157/3058 3059/3156/3059
vt 0.488889 0.345569
f 3059/3156/3059 3058/3157/3058 3060/3158/3060
vt 0.506581 0.345569
f 3059/3156/3059 3060/3158/3060 3061/3159/3061
f 3061/3159/3061 3047/3002/3047 3059/3156/3059
vt 0.506709 0.369270
f 3061/3159/3061 3065/3160/3065 3047/3002/3047
vt 0.489027 0.369312
f 3065/3160/3065 3074/3161/3074 3047/3002/3047
f 3047/3002/3047 3074/3161/3074 3079/3139/3079
f 3060/3158/3060 3079/3139/3079 3074/3161/3074
vt 0.488905 0.344964
f 3060/3158/3060 3074/3161/3074 3062/3162/3062
f 3061/3159/3061 3060/3158/3060 3062/3162/3062
vt 0.506594 0.343656
f 3061/3159/3061 3062/3162/3062 3063/3163/3063
f 3063/3163/3063 3065/3160/3065 3061/3159/3061
vt 0.506728 0.361698
f 3063/3163/3063 3064/3164/3064 3065/3160/3065
vt 0.506725 0.368316
f 3064/3164/3064 3067/3165/3067 3065/3160/3065
vt 0.489040 0.368358
f 3066/3166/3066 3065/3160/3065 3067/3165/3067
vt 0.489046 0.365584
f 3066/3166/3066 3067/3165/3067 3095/3167/3095
vt 0.489046 0.361740
f 3069/3168/3069 3066/3166/3066 3095/3167/3095
vt 0.506731 0.365545
f 3095/3167/3095 3068/3169/3068 3069/3168/3069
f 3069/3168/3069 3068/3169/3068 3064/3164/3064
vt 0.488966 0.319217
f 3069/3168/3069 3064/3164/3064 3093/3170/3093
vt 0.488909 0.341977
f 3073/3171/3073 3069/3168/3069 3093/3170/3093
vt 0.488905 0.338011
f 3073/3171/3073 3093/3170/3093 3070/3172/3070
vt 0.506594 0.339959
f 3071/3173/3071 3073/3171/3073 3070/3172/3070
f 3071/3173/3071 3070/3172/3070 3090/3148/3090
vt 0.506651 0.319175
f 3090/3148/3090 3072/3174/3072 3071/3173/3071
f 3071/3173/3071 3072/3174/3072 3064/3164/3064
f 3071/3173/3071 3064/3164/3064 3063/3163/3063
f 3063/3163/3063 3073/3171/3073 3071/3173/3071
f 3063/3163/3063 3062/3162/3062 3073/3171/3073
f 3062/3162/3062 3069/3168/3069 3073/3171/3073
f 3062/3162/3062 3074/3161/3074 3069/3168/3069
f 3074/3161/3074 3066/3166/3066 3069/3168/3069
f 3074/3161/3074 3065/3160/3065 3066/3166/3066
f 3093/3170/3093 3064/3164/3064 3072/3174/3072
vt 0.488953 0.315327
f 3072/3174/3072 3092/3175/3092 3093/3170/3093
vt 0.488937 0.312438
f 3092/3175/3092 3075/3176/3075 3093/3170/3093
vt 0.488921 0.311322
f 3093/3170/3093 3075/3176/3075 3076/3177/3076
f 3094/3149/3094 3093/3170/3093 3076/3177/3076
f 3094/3149/3094 3076/3177/3076 3054/3150/3054
f 3054/3150/3054 3076/3177/3076 3052/3145/3052
f 3054/3150/3054 3052/3145/3052 3078/3153/3078
f 3077/3151/3077 3054/3150/3054 3078/3153/3078
f 3078/3153/3078 3052/3145/3052 3056/3154/3056
f 3056/3154/3056 3052/3145/3052 3079/3139/3079
f 3056/3154/3056 3079/3139/3079 3058/3157/3058
f 3057/3155/3057 3056/3154/3056 3058/3157/3058
f 3058/3157/3058 3079/3139/3079 3060/3158/3060
f 3052/3145/3052 3051/3144/3051 3079/3139/3079
f 3079/3139/3079 3051/3144/3051 3048/3140/3048
vt 0.339127 0.354842
f 3048/3140/3048 3051/3144/3051 3083/3178/3083
f 3080/3141/3080 3048/3140/3048 3083/3178/3083
vt 0.321672 0.356003
f 3080/3141/3080 3083/3178/3083 3081/3179/3081
vt 0.321637 0.336674
f 3087/3180/3087 3080/3141/3080 3081/3179/3081
vt 0.339357 0.355961
f 3082/3181/3082 3087/3180/3087 3081/3179/3081
f 3081/3179/3081 3083/3178/3083 3082/3181/3082
f 3083/3178/3083 3084/3143/3084 3082/3181/3082
vt 0.339322 0.336629
f 3082/3181/3082 3084/3143/3084 3085/3182/3085
f 3085/3182/3085 3087/3180/3087 3082/3181/3082
f 3085/3182/3085 3086/3142/3086 3087/3180/3087
f 3086/3142/3086 3080/3141/3080 3087/3180/3087
f 3084/3143/3084 3086/3142/3086 3085/3182/3085
f 3083/3178/3083 3051/3144/3051 3084/3143/3084
f 3076/3177/3076 3088/3146/3088 3052/3145/3052
vt 0.506622 0.312396
f 3088/3146/3088 3076/3177/3076 3089/3183/3089
f 3088/3146/3088 3089/3183/3089 3072/3174/3072
f 3090/3148/3090 3088/3146/3088 3072/3174/3072
vt 0.506635 0.315285
f 3072/3174/3072 3089/3183/3089 3091/3184/3091
f 3091/3184/3091 3092/3175/3092 3072/3174/3072
f 3091/3184/3091 3075/3176/3075 3092/3175/3092
f 3089/3183/3089 3075/3176/3075 3091/3184/3091
f 3089/3183/3089 3076/3177/3076 3075/3176/3075
f 3070/3172/3070 3093/3170/3093 3094/3149/3094
f 3090/3148/3090 3070/3172/3070 3094/3149/3094
f 3068/3169/3068 3067/3165/3067 3064/3164/3064
f 3095/3167/3095 3067/3165/3067 3068/3169/3068
f 3097/2983/3097 3050/2982/3050 3096/2991/3096
f 3097/2983/3097 3096/2991/3096 2883/2984/2883
f 2895/3003/2895 3047/3002/3047 2903/3012/2903
f 2895/3003/2895 2903/3012/2903 2902/3011/2902
f 2895/3003/2895 2902/3011/2902 3135/3004/3135
f 2908/3018/2908 3045/3137/3045 3098/3136/3098
f 2908/3018/2908 3098/3136/3098 2950/3019/2950
f 2950/3019/2950 3098/3136/3098 2948/3059/2948
f 3099/2977/3099 3040/3135/3040 3046/2978/3046
f 3042/2957/3042 3099/2977/3099 3100/2958/3100
f 3100/2958/3100 3099/2977/3099 3101/2976/3101
vt 0.428553 0.408834
f 3100/2958/3100 3101/2976/3101 3119/3185/3119
f 3119/3185/3119 2858/2959/2858 3100/2958/3100
f 3119/3185/3119 1426/1466/1426 2858/2959/2858
vt 0.266749 0.405175
f 3102/3186/3102 2858/2959/2858 1426/1466/1426
vt 0.269094 0.405231
f 3102/3186/3102 1426/1466/1426 3121/3187/3121
vt 0.380409 0.405249
f 3110/3188/3110 3102/3186/3102 3121/3187/3121
vt 0.269113 0.405315
f 3110/3188/3110 3121/3187/3121 3103/3189/3103
vt 0.266791 0.405382
f 3103/3189/3103 3104/3190/3104 3110/3188/3110
vt 0.334210 0.405609
f 3110/3188/3110 3104/3190/3104 3105/3191/3105
vt 0.336878 0.409450
f 3108/3192/3108 3110/3188/3110 3105/3191/3105
f 3108/3192/3108 3105/3191/3105 2864/2960/2864
f 2330/1476/2330 3108/3192/3108 2864/2960/2864
f 3106/1475/3106 3108/3192/3108 2330/1476/2330
f 3106/1475/3106 3107/1473/3107 3108/3192/3108
f 3107/1473/3107 1432/1472/1432 3108/3192/3108
vt 0.382357 0.409104
f 3108/3192/3108 1432/1472/1432 3109/3193/3109
f 3109/3193/3109 3110/3188/3110 3108/3192/3108
vt 0.427366 0.404973
f 3109/3193/3109 3120/3194/3120 3110/3188/3110
f 3120/3194/3120 3102/3186/3102 3110/3188/3110
f 3102/3186/3102 3120/3194/3120 3112/2974/3112
f 3112/2974/3112 2858/2959/2858 3102/3186/3102
f 3112/2974/3112 3114/1446/3114 2858/2959/2858
f 3111/2973/3111 3114/1446/3114 3112/2974/3112
f 3111/2973/3111 1448/1495/1448 3114/1446/3114
f 3113/1496/3113 3114/1446/3114 1448/1495/1448
f 2876/2972/2876 1448/1495/1448 3111/2973/3111
f 2876/2972/2876 2860/1493/2860 1448/1495/1448
f 3117/2971/3117 2860/1493/2860 2876/2972/2876
f 3117/2971/3117 3115/1488/3115 2860/1493/2860
vt 0.263220 0.405406
f 3116/3195/3116 3115/1488/3115 3117/2971/3117
f 2875/2962/2875 3116/3195/3116 3117/2971/3117
f 3118/2961/3118 3116/3195/3116 2875/2962/2875
f 3105/3191/3105 3116/3195/3116 3118/2961/3118
f 2864/2960/2864 3105/3191/3105 3118/2961/3118
f 3105/3191/3105 3104/3190/3104 3116/3195/3116
f 3104/3190/3104 3107/1473/3107 3116/3195/3116
f 3116/3195/3116 3107/1473/3107 3115/1488/3115
f 3104/3190/3104 1432/1472/1432 3107/1473/3107
f 3103/3189/3103 1432/1472/1432 3104/3190/3104
f 3103/3189/3103 1431/1471/1431 1432/1472/1432
f 1432/1472/1432 1431/1471/1431 3109/3193/3109
f 3109/3193/3109 1431/1471/1431 1426/1466/1426
f 3109/3193/3109 1426/1466/1426 3119/3185/3119
f 3119/3185/3119 3120/3194/3120 3109/3193/3109
f 3119/3185/3119 3101/2976/3101 3120/3194/3120
f 3112/2974/3112 3120/3194/3120 3101/2976/3101
f 3121/3187/3121 1426/1466/1426 1431/1471/1431
f 3121/3187/3121 1431/1471/1431 3103/3189/3103
f 3014/3118/3014 3122/3126/3122 3018/3119/3018
f 3014/3118/3014 2949/3062/2949 3122/3126/3122
f 2949/3062/2949 3025/3061/3025 3122/3126/3122
f 3123/3117/3123 2949/3062/2949 3014/3118/3014
vt 0.794889 0.405777
f 3124/3196/3124 2949/3062/2949 3123/3117/3123
vt 0.795037 0.406739
f 3124/3196/3124 3123/3117/3123 3128/3197/3128
vt 0.799468 0.405809
f 3128/3197/3128 3129/3198/3129 3124/3196/3124
vt 0.803946 0.405812
f 3129/3198/3129 3126/3199/3126 3124/3196/3124
f 3124/3196/3124 3126/3199/3126 3013/3063/3013
f 3124/3196/3124 3013/3063/3013 2949/3062/2949
f 3126/3199/3126 3125/3116/3125 3013/3063/3013
vt 0.796595 0.408950
f 3126/3199/3126 3131/3200/3131 3125/3116/3125
vt 0.794842 0.409628
f 3125/3116/3125 3131/3200/3131 3127/3201/3127
f 3127/3201/3127 3123/3117/3123 3125/3116/3125
f 3128/3197/3128 3123/3117/3123 3127/3201/3127
vt 0.796214 0.408470
f 3128/3197/3128 3127/3201/3127 3130/3202/3130
f 3130/3202/3130 3129/3198/3129 3128/3197/3128
f 3130/3202/3130 3131/3200/3131 3129/3198/3129
f 3129/3198/3129 3131/3200/3131 3126/3199/3126
f 3130/3202/3130 3127/3201/3127 3131/3200/3131
f 2846/2945/2846 2845/2944/2845 2931/2946/2931
f 3132/2939/3132 2925/2928/2925 2842/2940/2842
f 3133/2929/3133 2925/2928/2925 3132/2939/3132
f 3133/2929/3133 3132/2939/3132 3134/2937/3134
f 2836/2931/2836 3133/2929/3133 3134/2937/3134
f 2896/3005/2896 3135/3004/3135 2900/3010/2900
vt 0.675302 0.335849
f 3137/3203/3137 2896/3005/2896 2900/3010/2900
f 3137/3203/3137 2900/3010/2900 3136/3008/3136
f 3136/3008/3136 2898/3006/2898 3137/3203/3137
f 2898/3006/2898 2896/3005/2896 3137/3203/3137
f 3141/2985/3141 2883/2984/2883 3138/2990/3138
vt 0.338865 0.201320
f 3139/3204/3139 3141/2985/3141 3138/2990/3138
f 3139/3204/3139 3138/2990/3138 2882/2988/2882
f 2882/2988/2882 3140/2986/3140 3139/3204/3139
f 3140/2986/3140 3141/2985/3141 3139/3204/3139
f 3142/2897/3142 3143/2980/3143 2878/2898/2878
f 3148/2896/3148 3143/2980/3143 3142/2897/3142
vt 0.134688 0.396833
f 3148/2896/3148 3147/3205/3147 3143/2980/3143
vt 0.141188 0.404633
f 3147/3205/3147 3144/3206/3144 3143/2980/3143
f 3143/2980/3143 3144/3206/3144 2877/2975/2877
vt 0.138610 0.404700
f 3144/3206/3144 3145/3207/3145 2877/2975/2877
f 2877/2975/2877 3145/3207/3145 3154/2970/3154
vt 0.131642 0.396945
f 3146/3208/3146 3154/2970/3154 3145/3207/3145
f 3146/3208/3146 3145/3207/3145 3147/3205/3147
vt 0.131572 0.358651
f 3153/3209/3153 3146/3208/3146 3147/3205/3147
f 3153/3209/3153 3147/3205/3147 3148/2896/3148
f 3153/3209/3153 3148/2896/3148 3149/2894/3149
vt 0.130765 0.343289
f 3151/3210/3151 3153/3209/3153 3149/2894/3149
f 3151/3210/3151 3149/2894/3149 2790/2893/2790
f 2790/2893/2790 3150/2852/3150 3151/3210/3151
f 3151/3210/3151 3150/2852/3150 2753/2851/2753
f 3151/3210/3151 2753/2851/2753 2751/2850/2751
f 2751/2850/2751 3153/3209/3153 3151/3210/3151
vt 0.130593 0.397067
f 2751/2850/2751 3152/3211/3152 3153/3209/3153
f 3153/3209/3153 3152/3211/3152 3146/3208/3146
f 3152/3211/3152 3154/2970/3154 3146/3208/3146
f 3152/3211/3152 2749/2848/2749 3154/2970/3154
f 2750/2849/2750 2749/2848/2749 3152/3211/3152
f 3152/3211/3152 2751/2850/2751 2750/2849/2750
f 2790/2893/2790 2755/2853/2755 3150/2852/3150
f 3149/2894/3149 3148/2896/3148 2791/2895/2791
f 3147/3205/3147 3145/3207/3145 3144/3206/3144
f 2839/2813/2839 3155/2811/3155 2837/2936/2837
f 3155/2811/3155 2713/2808/2713 2837/2936/2837
f 3155/2811/3155 2714/2809/2714 2713/2808/2713
f 2838/2932/2838 2835/2935/2835 2832/2933/2832
f 2835/2935/2835 2834/2934/2834 2832/2933/2832
f 2814/2914/2814 2829/2913/2829 2827/2917/2827
f 3156/2915/3156 2814/2914/2814 2827/2917/2827
f 2677/2762/2677 2794/2761/2794 2795/2769/2795
f 2795/2769/2795 2679/2768/2679 2677/2762/2677
f 2677/2762/2677 2679/2768/2679 2678/2763/2678
f 2679/2768/2679 3157/2767/3157 2678/2763/2678
f 2678/2763/2678 3157/2767/3157 3158/2765/3158
f 2787/2889/2787 2757/2855/2757 3159/2854/3159
f 3160/2856/3160 2757/2855/2757 2782/2888/2782
vt 0.130525 0.292690
f 3160/2856/3160 2782/2888/2782 3162/3212/3162
vt 0.130570 0.290829
f 3161/3213/3161 3160/2856/3160 3162/3212/3162
vt 0.130586 0.291046
f 3164/3214/3164 3161/3213/3161 3162/3212/3162
f 3164/3214/3164 3162/3212/3162 2781/2887/2781
vt 0.130839 0.292256
f 2781/2887/2781 3163/3215/3163 3164/3214/3164
vt 0.130807 0.289405
f 3163/3215/3163 3177/3216/3177 3164/3214/3164
vt 0.130685 0.289412
f 3164/3214/3164 3177/3216/3177 3165/3217/3165
vt 0.130612 0.290119
f 3164/3214/3164 3165/3217/3165 3166/3218/3166
f 3166/3218/3166 3161/3213/3161 3164/3214/3164
f 3166/3218/3166 3171/2863/3171 3161/3213/3161
f 3161/3213/3161 3171/2863/3171 3160/2856/3160
vt 0.131623 0.302550
f 3171/2863/3171 3167/3219/3167 3160/2856/3160
f 3160/2856/3160 3167/3219/3167 3169/2858/3169
f 3168/2860/3168 3169/2858/3169 3167/3219/3167
f 3168/2860/3168 3167/3219/3167 3170/2861/3170
f 3170/2861/3170 3167/3219/3167 3171/2863/3171
f 3166/3218/3166 2773/2864/2773 3171/2863/3171
f 3165/3217/3165 2773/2864/2773 3166/3218/3166
vt 0.133977 0.288950
f 3172/3220/3172 2773/2864/2773 3165/3217/3165
vt 0.132100 0.289066
f 3172/3220/3172 3165/3217/3165 3179/3221/3179
vt 0.133063 0.293256
f 3181/3222/3181 3172/3220/3172 3179/3221/3179
vt 0.131965 0.294725
f 3181/3222/3181 3179/3221/3179 3173/3223/3173
f 2775/2881/2775 3181/3222/3181 3173/3223/3173
f 3173/3223/3173 3174/2882/3174 2775/2881/2775
vt 0.131501 0.295551
f 3173/3223/3173 3175/3224/3175 3174/2882/3174
f 2779/2883/2779 3174/2882/3174 3175/3224/3175
f 2780/2885/2780 2779/2883/2779 3175/3224/3175
f 2780/2885/2780 3175/3224/3175 3163/3215/3163
f 2781/2887/2781 2780/2885/2780 3163/3215/3163
vt 0.131306 0.290703
f 3163/3215/3163 3175/3224/3175 3180/3225/3180
vt 0.131133 0.289181
f 3180/3225/3180 3176/3226/3176 3163/3215/3163
f 3163/3215/3163 3176/3226/3176 3177/3216/3177
f 3176/3226/3176 3165/3217/3165 3177/3216/3177
f 3179/3221/3179 3165/3217/3165 3176/3226/3176
vt 0.131674 0.289818
f 3179/3221/3179 3176/3226/3176 3178/3227/3178
f 3173/3223/3173 3179/3221/3179 3178/3227/3178
f 3173/3223/3173 3178/3227/3178 3180/3225/3180
f 3180/3225/3180 3175/3224/3175 3173/3223/3173
f 3180/3225/3180 3178/3227/3178 3176/3226/3176
vt 0.134748 0.294022
f 2775/2881/2775 3182/3228/3182 3181/3222/3181
f 3182/3228/3182 3172/3220/3172 3181/3222/3181
f 3182/3228/3182 3183/2877/3183 3172/3220/3172
f 3183/2877/3183 2773/2864/2773 3172/3220/3172
f 2774/2880/2774 3183/2877/3183 3182/3228/3182
f 2775/2881/2775 2774/2880/2774 3182/3228/3182
f 2774/2880/2774 3184/2878/3184 3183/2877/3183
f 2781/2887/2781 3162/3212/3162 2782/2888/2782
f 3185/2750/3185 2670/2749/2670 3186/2879/3186
vt 0.153390 0.296614
f 2670/2749/2670 3187/3229/3187 3186/2879/3186
f 3186/2879/3186 3187/3229/3187 2771/2875/2771
vt 0.155972 0.293781
f 3188/3230/3188 2771/2875/2771 3187/3229/3187
f 2670/2749/2670 3188/3230/3188 3187/3229/3187
f 2666/2747/2666 3188/3230/3188 2670/2749/2670
f 2666/2747/2666 3190/2727/3190 3188/3230/3188
f 3190/2727/3190 3189/2724/3189 3188/3230/3188
f 3188/3230/3188 3189/2724/3189 2771/2875/2771
f 3189/2724/3189 2769/2723/2769 2771/2875/2771
f 3190/2727/3190 2642/2725/2642 3189/2724/3189
f 3191/2876/3191 2759/2865/2759 2773/2864/2773
vt 0.131831 0.295712
f 2759/2865/2759 3191/2876/3191 3195/3231/3195
f 3195/3231/3195 3196/2866/3196 2759/2865/2759
vt 0.131812 0.295649
f 3197/3232/3197 3196/2866/3196 3195/3231/3195
f 2761/2867/2761 3197/3232/3197 3195/3231/3195
f 3195/3231/3195 3192/2868/3192 2761/2867/2761
f 3195/3231/3195 2762/2869/2762 3192/2868/3192
vt 0.131831 0.295705
f 3193/3233/3193 2762/2869/2762 3195/3231/3195
f 3195/3231/3195 2772/2874/2772 3193/3233/3193
f 2772/2874/2772 3194/2870/3194 3193/3233/3193
f 3193/3233/3193 3194/2870/3194 2762/2869/2762
f 2770/2873/2770 3194/2870/3194 2772/2874/2772
f 3195/3231/3195 3191/2876/3191 2772/2874/2772
f 2761/2867/2761 3196/2866/3196 3197/3232/3197
f 2619/2698/2619 2618/2697/2618 3198/2859/3198
f 2618/2697/2618 2758/2857/2758 3198/2859/3198
f 2618/2697/2618 2756/2696/2756 2758/2857/2758
f 2706/2676/2706 3199/2675/3199 2707/2800/2707
f 3199/2675/3199 3200/2797/3200 2707/2800/2707
f 3201/2781/3201 2692/2780/2692 2689/2782/2689
f 2585/2654/2585 3202/2726/3202 2646/2655/2646
f 2585/2654/2585 3998/2652/3998 3202/2726/3202
f 3203/2709/3203 3204/2712/3204 2632/2711/2632
f 3203/2709/3203 2632/2711/2632 2631/2710/2631
f 2468/2410/2468 2467/2532/2467 2364/2411/2364
vt 0.432245 0.008020
f 3210/2544/3210 3208/3234/3208 4736/2369/4736
f 3208/3234/3208 2341/2370/2341 4736/2369/4736
f 3205/2372/3205 2341/2370/2341 3208/3234/3208
f 3205/2372/3205 3208/3234/3208 2481/2481/2481
f 3205/2372/3205 2481/2481/2481 3206/2480/3206
f 3207/2374/3207 3205/2372/3205 3206/2480/3206
f 2481/2481/2481 3208/3234/3208 2482/2539/2482
f 3209/2540/3209 2482/2539/2482 3208/3234/3208
f 3209/2540/3209 3208/3234/3208 3210/2544/3210
f 2485/2541/2485 3209/2540/3209 3210/2544/3210
f 2485/2541/2485 3210/2544/3210 2486/2542/2486
f 2486/2542/2486 3210/2544/3210 2488/2543/2488
f 2484/2479/2484 3211/2511/3211 2483/2538/2483
f 3212/2506/3212 3211/2511/3211 3213/2510/3213
vt 0.431733 0.013155
f 3212/2506/3212 3213/2510/3213 3214/3235/3214
f 3214/3235/3214 2443/2507/2443 3212/2506/3212
vt 0.427715 0.010990
f 3214/3235/3214 3219/3236/3219 2443/2507/2443
vt 0.427702 0.003260
f 3219/3236/3219 3220/3237/3220 2443/2507/2443
f 2443/2507/2443 3220/3237/3220 3215/2508/3215
vt 0.428137 0.005415
f 3220/3237/3220 3221/3238/3221 3215/2508/3215
f 3215/2508/3215 3221/3238/3221 3218/2509/3218
vt 0.428153 0.013148
f 3217/3239/3217 3218/2509/3218 3221/3238/3221
vt 0.425018 0.013194
f 3217/3239/3217 3221/3238/3221 3216/3240/3216
f 3216/3240/3216 3219/3236/3219 3217/3239/3217
f 3217/3239/3217 3219/3236/3219 3214/3235/3214
f 3214/3235/3214 3218/2509/3218 3217/3239/3217
f 3214/3235/3214 3213/2510/3213 3218/2509/3218
f 3216/3240/3216 2353/2395/2353 3219/3236/3219
vt 0.424551 0.003225
f 2353/2395/2353 3222/3241/3222 3219/3236/3219
f 3219/3236/3219 3222/3241/3222 3220/3237/3220
f 3222/3241/3222 3221/3238/3221 3220/3237/3220
f 3222/3241/3222 3223/2533/3223 3221/3238/3221
f 3216/3240/3216 3221/3238/3221 3223/2533/3223
f 3216/3240/3216 3223/2533/3223 2471/2396/2471
f 2471/2396/2471 2353/2395/2353 3216/3240/3216
f 2470/2394/2470 3223/2533/3223 3222/3241/3222
f 2353/2395/2353 2470/2394/2470 3222/3241/3222
f 3224/2470/3224 2406/2469/2406 2494/2473/2494
f 3226/2524/3226 3225/2522/3225 2460/2435/2460
f 3207/2374/3207 3226/2524/3226 2460/2435/2460
f 3226/2524/3226 2457/2523/2457 3225/2522/3225
vt 0.595422 0.008849
f 3227/3242/3227 2345/2382/2345 2383/2384/2383
f 2383/2384/2383 2347/2383/2347 3227/3242/3227
f 2347/2383/2347 2345/2382/2345 3227/3242/3227
vt 0.564780 0.636751
vt 0.564764 0.636989
vt 0.558455 0.635793
f 3229/3243/3229 3240/3244/3240 3241/3245/3241
f 3241/3245/3241 3228/2364/3228 3229/3243/3229
f 3229/3243/3229 3228/2364/3228 2337/2363/2337
vt 0.565570 0.636793
f 3229/3243/3229 2337/2363/2337 3230/3246/3230
f 3230/3246/3230 3240/3244/3240 3229/3243/3229
vt 0.566360 0.636818
f 3231/3247/3231 3240/3244/3240 3230/3246/3230
f 3230/3246/3230 2337/2363/2337 3231/3247/3231
vt 0.567151 0.636825
f 3231/3247/3231 2337/2363/2337 3232/3248/3232
vt 0.567147 0.637066
f 3232/3248/3232 3233/3249/3233 3231/3247/3231
f 3231/3247/3231 3233/3249/3233 3240/3244/3240
vt 0.567147 0.637755
f 3233/3249/3233 3234/3250/3234 3240/3244/3240
vt 0.564722 0.637678
f 3240/3244/3240 3234/3250/3234 3235/3251/3235
vt 0.558148 0.636395
f 3237/3252/3237 3240/3244/3240 3235/3251/3235
vt 0.557857 0.637937
f 3237/3252/3237 3235/3251/3235 3236/3253/3236
vt 0.557953 0.637105
f 3236/3253/3236 3292/3254/3292 3237/3252/3237
vt 0.545083 0.629682
f 3292/3254/3292 3294/3255/3294 3237/3252/3237
vt 0.545224 0.629486
f 3237/3252/3237 3294/3255/3294 3242/3256/3242
vt 0.558324 0.635933
f 3237/3252/3237 3242/3256/3242 3239/3257/3239
f 3239/3257/3239 3240/3244/3240 3237/3252/3237
f 3238/3245/3238 3240/3244/3240 3239/3257/3239
f 3239/3257/3239 3242/3256/3242 3238/3245/3238
f 3238/3245/3238 3242/3256/3242 3241/3245/3241
f 3241/3245/3241 3240/3244/3240 3238/3245/3238
f 3241/3245/3241 3242/3256/3242 3243/2365/3243
f 3243/2365/3243 3228/2364/3228 3241/3245/3241
vt 0.530376 0.608430
f 3243/2365/3243 3242/3256/3242 3295/3258/3295
vt 0.530386 0.608468
f 3243/2365/3243 3295/3258/3295 3296/3259/3296
f 2338/2366/2338 3243/2365/3243 3296/3259/3296
vt 0.439648 0.607772
f 2338/2366/2338 3296/3259/3296 3244/3260/3244
vt 0.439638 0.607733
f 3244/3260/3244 3245/3261/3245 2338/2366/2338
vt 0.425546 0.629032
f 2338/2366/2338 3245/3261/3245 3246/3262/3246
f 2338/2366/2338 3246/3262/3246 3247/2355/3247
vt 0.402694 0.637206
f 3247/2355/3247 3246/3262/3246 3328/3263/3328
vt 0.331961 0.637370
f 3328/3263/3328 3339/3264/3339 3247/2355/3247
f 3247/2355/3247 3339/3264/3339 2334/2356/2334
vt 0.309087 0.629339
f 2334/2356/2334 3339/3264/3339 3337/3265/3337
f 2335/2357/2335 2334/2356/2334 3337/3265/3337
vt 0.198117 0.634296
f 2335/2357/2335 3337/3265/3337 3342/3266/3342
vt 0.198428 0.635810
f 3342/3266/3342 3343/3267/3343 2335/2357/2335
vt 0.224427 0.644982
f 2335/2357/2335 3343/3267/3343 3248/3268/3248
f 3257/2358/3257 2335/2357/2335 3248/3268/3248
vt 0.309087 0.644443
f 3248/3268/3248 3249/3269/3249 3257/2358/3257
vt 0.309100 0.652177
f 3252/3270/3252 3257/2358/3257 3249/3269/3249
vt 0.292096 0.644737
f 3252/3270/3252 3249/3269/3249 3346/3271/3346
vt 0.292109 0.652467
f 3346/3271/3346 3250/3272/3250 3252/3270/3252
vt 0.272133 0.652603
f 3250/3272/3250 3251/3273/3251 3252/3270/3252
vt 0.224443 0.652712
f 3252/3270/3252 3251/3273/3251 3344/3274/3344
vt 0.320610 0.651771
f 3252/3270/3252 3344/3274/3344 3254/3275/3254
f 3254/3275/3254 3257/2358/3257 3252/3270/3252
vt 0.442908 0.651484
f 3253/3276/3253 3257/2358/3257 3254/3275/3254
vt 0.442764 0.650770
f 3255/3277/3255 3253/3276/3253 3254/3275/3254
vt 0.224152 0.651278
f 3254/3275/3254 3348/3278/3348 3255/3277/3255
vt 0.395775 0.719509
f 3348/3278/3348 3350/3279/3350 3255/3277/3255
vt 0.395922 0.720226
f 3350/3279/3350 3256/3280/3256 3255/3277/3255
f 3255/3277/3255 3256/3280/3256 3253/3276/3253
vt 0.450458 0.651467
f 3256/3280/3256 3258/3281/3258 3253/3276/3253
f 3253/3276/3253 3258/3281/3258 3257/2358/3257
f 3258/3281/3258 3263/2359/3263 3257/2358/3257
vt 0.549840 0.651239
f 3259/3282/3259 3263/2359/3263 3258/3281/3258
vt 0.549741 0.650760
f 3259/3282/3259 3258/3281/3258 3354/3283/3354
vt 0.598646 0.724466
f 3259/3282/3259 3354/3283/3354 3355/3284/3355
vt 0.604629 0.719740
f 3355/3284/3355 3260/3285/3260 3259/3282/3259
vt 0.557390 0.651222
f 3259/3282/3259 3260/3285/3260 3261/3286/3261
f 3259/3282/3259 3261/3286/3261 3263/2359/3263
vt 0.675717 0.650945
f 3263/2359/3263 3261/3286/3261 3262/3287/3262
vt 0.687362 0.643565
f 3263/2359/3263 3262/3287/3262 3363/3288/3363
vt 0.776139 0.643698
f 3363/3288/3363 3370/3289/3370 3263/2359/3263
f 3263/2359/3263 3370/3289/3370 3264/2361/3264
vt 0.801800 0.632893
f 3264/2361/3264 3370/3289/3370 3369/3290/3369
vt 0.685501 0.628469
f 3369/3290/3369 3373/3291/3373 3264/2361/3264
f 3264/2361/3264 3373/3291/3373 2336/2362/2336
vt 0.685491 0.628427
f 3373/3291/3373 3374/3292/3374 2336/2362/2336
vt 0.662639 0.636601
f 2336/2362/2336 3374/3292/3374 3265/3293/3265
f 3265/3293/3265 3232/3248/3232 2336/2362/2336
f 2336/2362/2336 3232/3248/3232 2337/2363/2337
f 3232/3248/3232 3265/3293/3265 3233/3249/3233
vt 0.662636 0.636842
f 3233/3249/3233 3265/3293/3265 3266/3294/3266
f 3233/3249/3233 3266/3294/3266 3234/3250/3234
vt 0.662633 0.637535
f 3234/3250/3234 3266/3294/3266 3267/3295/3267
vt 0.567144 0.638717
f 3234/3250/3234 3267/3295/3267 3378/3296/3378
vt 0.566319 0.638710
f 3234/3250/3234 3378/3296/3378 3379/3297/3379
f 3235/3251/3235 3234/3250/3234 3379/3297/3379
vt 0.565493 0.638686
f 3235/3251/3235 3379/3297/3379 3380/3298/3380
vt 0.564668 0.638640
f 3380/3298/3380 3268/3299/3268 3235/3251/3235
f 3236/3253/3236 3235/3251/3235 3268/3299/3268
vt 0.557643 0.638255
f 3276/3300/3276 3236/3253/3236 3268/3299/3268
vt 0.605390 0.704850
f 3276/3300/3276 3268/3299/3268 3269/3301/3269
vt 0.598298 0.710982
f 3269/3301/3269 3270/3302/3270 3276/3300/3276
f 3276/3300/3276 3270/3302/3270 3271/2360/3271
f 3273/2354/3273 3276/3300/3276 3271/2360/3271
vt 0.448903 0.648616
f 3273/2354/3273 3271/2360/3271 3272/3303/3272
vt 0.405535 0.707837
f 3272/3303/3272 3274/3304/3274 3273/2354/3273
vt 0.437252 0.631291
f 3273/2354/3273 3274/3304/3274 3275/3305/3275
f 3275/3305/3275 3276/3300/3276 3273/2354/3273
vt 0.544219 0.631043
f 3277/3306/3277 3276/3300/3276 3275/3305/3275
vt 0.528703 0.609031
f 3275/3305/3275 3278/3307/3278 3277/3306/3277
vt 0.529535 0.608716
f 3289/3308/3289 3277/3306/3277 3278/3307/3278
vt 0.529020 0.581531
f 3289/3308/3289 3278/3307/3278 3279/3309/3279
vt 0.529644 0.581752
f 3288/3310/3288 3289/3308/3289 3279/3309/3279
vt 0.543758 0.559905
f 3288/3310/3288 3279/3309/3279 3280/3311/3280
vt 0.543905 0.560135
f 3287/3312/3287 3288/3310/3288 3280/3311/3280
vt 0.566991 0.551772
f 3287/3312/3287 3280/3311/3280 3282/3313/3282
vt 0.543915 0.560174
f 3281/3314/3281 3287/3312/3287 3282/3313/3282
vt 0.567000 0.551811
f 3281/3314/3281 3282/3313/3282 3434/3315/3434
vt 0.425428 0.560261
f 3283/3316/3283 3281/3314/3281 3434/3315/3434
vt 0.402544 0.552195
f 3283/3316/3283 3434/3315/3434 3433/3317/3433
vt 0.402538 0.552153
f 3433/3317/3433 3284/3318/3284 3283/3316/3283
vt 0.425421 0.560223
f 3283/3316/3283 3284/3318/3284 3467/3319/3467
vt 0.439600 0.581489
f 3283/3316/3283 3467/3319/3467 3285/3320/3285
f 3285/3320/3285 3281/3314/3281 3283/3316/3283
vt 0.529880 0.581888
f 3285/3320/3285 3286/3321/3286 3281/3314/3281
f 3286/3321/3286 3287/3312/3287 3281/3314/3281
vt 0.529874 0.581850
f 3286/3321/3286 3297/3322/3297 3287/3312/3287
f 3297/3322/3297 3288/3310/3288 3287/3312/3287
vt 0.530149 0.608496
f 3297/3322/3297 3290/3323/3290 3288/3310/3288
f 3290/3323/3290 3289/3308/3289 3288/3310/3288
vt 0.544718 0.630249
f 3290/3323/3290 3293/3324/3293 3289/3308/3289
f 3293/3324/3293 3277/3306/3277 3289/3308/3289
vt 0.557777 0.637923
f 3291/3325/3291 3277/3306/3277 3293/3324/3293
f 3291/3325/3291 3293/3324/3293 3292/3254/3292
f 3291/3325/3291 3292/3254/3292 3236/3253/3236
f 3291/3325/3291 3236/3253/3236 3276/3300/3276
f 3276/3300/3276 3277/3306/3277 3291/3325/3291
f 3292/3254/3292 3293/3324/3293 3294/3255/3294
f 3294/3255/3294 3293/3324/3293 3290/3323/3290
f 3295/3258/3295 3294/3255/3294 3290/3323/3290
f 3295/3258/3295 3290/3323/3290 3297/3322/3297
f 3296/3259/3296 3295/3258/3295 3297/3322/3297
f 3296/3259/3296 3297/3322/3297 3286/3321/3286
f 3244/3260/3244 3296/3259/3296 3286/3321/3286
f 3244/3260/3244 3286/3321/3286 3285/3320/3285
vt 0.439590 0.581454
f 3285/3320/3285 3298/3326/3298 3244/3260/3244
f 3244/3260/3244 3298/3326/3298 3245/3261/3245
vt 0.439811 0.581353
f 3322/3327/3322 3245/3261/3245 3298/3326/3298
vt 0.425552 0.559992
f 3322/3327/3322 3298/3326/3298 3466/3328/3466
vt 0.425930 0.559404
f 3321/3329/3321 3322/3327/3322 3466/3328/3466
vt 0.402528 0.551153
f 3300/3330/3300 3321/3329/3321 3466/3328/3466
vt 0.402531 0.551873
f 3300/3330/3300 3466/3328/3466 3299/3331/3299
vt 0.331798 0.552038
f 3299/3331/3299 3301/3332/3301 3300/3330/3300
vt 0.331794 0.551314
f 3300/3330/3300 3301/3332/3301 3460/3333/3460
vt 0.402525 0.550181
f 3300/3330/3300 3460/3333/3460 3302/3334/3302
f 3302/3334/3302 3321/3329/3321 3300/3330/3300
vt 0.426448 0.558617
f 3320/3335/3320 3321/3329/3321 3302/3334/3302
vt 0.431090 0.538515
f 3319/3336/3319 3320/3335/3320 3302/3334/3302
vt 0.331791 0.550345
f 3303/3337/3303 3319/3336/3319 3302/3334/3302
f 3302/3334/3302 3460/3333/3460 3303/3337/3303
vt 0.307900 0.558890
f 3460/3333/3460 3459/3338/3459 3303/3337/3303
vt 0.191901 0.526570
f 3459/3338/3459 3304/3339/3304 3303/3337/3303
vt 0.243306 0.468853
f 3303/3337/3303 3304/3339/3304 3305/3340/3305
vt 0.384728 0.475915
f 3303/3337/3303 3305/3340/3305 3306/3341/3306
f 3306/3341/3306 3319/3336/3319 3303/3337/3303
vt 0.438180 0.538529
f 3307/3342/3307 3319/3336/3319 3306/3341/3306
vt 0.394815 0.472047
f 3306/3341/3306 3477/3343/3477 3307/3342/3307
vt 0.444335 0.538596
f 3307/3342/3307 3477/3343/3477 3476/3344/3476
vt 0.555234 0.538337
f 3316/3345/3316 3307/3342/3307 3476/3344/3476
vt 0.551024 0.538480
f 3316/3345/3316 3476/3344/3476 3481/3346/3481
vt 0.600150 0.466450
f 3311/3347/3311 3316/3345/3316 3481/3346/3481
vt 0.598061 0.465184
f 3308/3348/3308 3311/3347/3311 3481/3346/3481
vt 0.549533 0.538638
f 3308/3348/3308 3481/3346/3481 3480/3349/3480
vt 0.549632 0.539117
f 3309/3350/3309 3308/3348/3308 3480/3349/3480
vt 0.450151 0.538869
f 3480/3349/3480 3479/3351/3479 3309/3350/3309
vt 0.450250 0.539348
f 3309/3350/3309 3479/3351/3479 3484/3352/3484
vt 0.675522 0.546567
f 3484/3352/3484 3491/3353/3491 3309/3350/3309
vt 0.557176 0.539106
f 3309/3350/3309 3491/3353/3491 3580/3354/3580
vt 0.604152 0.470364
f 3309/3350/3309 3580/3354/3580 3310/3355/3310
vt 0.598160 0.465659
f 3309/3350/3309 3310/3355/3310 3505/3356/3505
f 3505/3356/3505 3308/3348/3308 3309/3350/3309
vt 0.674831 0.431007
f 3505/3356/3505 3508/3357/3508 3308/3348/3308
f 3508/3357/3508 3311/3347/3311 3308/3348/3308
vt 0.676722 0.433196
f 3508/3357/3508 3312/3358/3312 3311/3347/3311
vt 0.677314 0.440091
f 3311/3347/3311 3312/3358/3312 3313/3359/3313
vt 0.604091 0.471893
f 3315/3360/3315 3311/3347/3311 3313/3359/3313
vt 0.613967 0.475842
f 3313/3359/3313 3314/3361/3314 3315/3360/3315
vt 0.568430 0.538197
f 3315/3360/3315 3314/3361/3314 3317/3362/3317
f 3315/3360/3315 3317/3362/3317 3316/3345/3316
f 3315/3360/3315 3316/3345/3316 3311/3347/3311
vt 0.561357 0.538239
f 3316/3345/3316 3317/3362/3317 3318/3363/3318
f 3318/3363/3318 3307/3342/3307 3316/3345/3316
f 3318/3363/3318 3319/3336/3319 3307/3342/3307
f 3317/3362/3317 3319/3336/3319 3318/3363/3318
vt 0.542847 0.558544
f 3317/3362/3317 3524/3364/3524 3319/3336/3319
f 3319/3336/3319 3524/3364/3524 3320/3335/3320
vt 0.441264 0.580811
f 3320/3335/3320 3524/3364/3524 3525/3365/3525
vt 0.440425 0.581119
f 3525/3365/3525 3326/3366/3326 3320/3335/3320
f 3320/3335/3320 3326/3366/3326 3321/3329/3321
f 3326/3366/3326 3322/3327/3322 3321/3329/3321
vt 0.439859 0.607793
f 3326/3366/3326 3324/3367/3324 3322/3327/3322
f 3324/3367/3324 3245/3261/3245 3322/3327/3322
f 3324/3367/3324 3246/3262/3246 3245/3261/3245
vt 0.425684 0.629221
f 3323/3368/3323 3246/3262/3246 3324/3367/3324
vt 0.440477 0.607996
f 3325/3369/3325 3323/3368/3323 3324/3367/3324
f 3325/3369/3325 3324/3367/3324 3326/3366/3326
f 3525/3365/3525 3325/3369/3325 3326/3366/3326
vt 0.441315 0.608290
f 3327/3370/3327 3325/3369/3325 3525/3365/3525
vt 0.528175 0.581245
f 3525/3365/3525 3526/3371/3526 3327/3370/3327
f 3327/3370/3327 3526/3371/3526 3278/3307/3278
f 3327/3370/3327 3278/3307/3278 3275/3305/3275
vt 0.426583 0.630553
f 3275/3305/3275 3399/3372/3399 3327/3370/3327
vt 0.426061 0.629777
f 3399/3372/3399 3401/3373/3401 3327/3370/3327
f 3327/3370/3327 3401/3373/3401 3325/3369/3325
f 3401/3373/3401 3323/3368/3323 3325/3369/3325
vt 0.402691 0.637444
f 3401/3373/3401 3329/3374/3329 3323/3368/3323
f 3329/3374/3329 3328/3263/3328 3323/3368/3323
f 3323/3368/3323 3328/3263/3328 3246/3262/3246
vt 0.331958 0.637608
f 3330/3375/3330 3328/3263/3328 3329/3374/3329
vt 0.331958 0.638301
f 3330/3375/3330 3329/3374/3329 3331/3376/3331
vt 0.308936 0.629490
f 3330/3375/3330 3331/3376/3331 3332/3377/3332
vt 0.309077 0.629301
f 3340/3378/3340 3330/3375/3330 3332/3377/3332
vt 0.294905 0.608073
f 3340/3378/3340 3332/3377/3332 3404/3379/3404
vt 0.294918 0.608111
f 3338/3380/3338 3340/3378/3340 3404/3379/3404
vt 0.294867 0.581829
f 3338/3380/3338 3404/3379/3404 3334/3381/3334
vt 0.181958 0.580304
f 3333/3382/3333 3338/3380/3338 3334/3381/3334
vt 0.308959 0.560534
f 3333/3382/3333 3334/3381/3334 3335/3383/3335
vt 0.197970 0.556106
f 3335/3383/3335 3406/3384/3406 3333/3382/3333
vt 0.198281 0.557620
f 3406/3384/3406 3336/3385/3336 3333/3382/3333
vt 0.182266 0.581818
f 3333/3382/3333 3336/3385/3336 3408/3386/3408
vt 0.182013 0.610171
f 3333/3382/3333 3408/3386/3408 3341/3387/3341
f 3341/3387/3341 3338/3380/3338 3333/3382/3333
f 3341/3387/3341 3337/3265/3337 3338/3380/3338
f 3337/3265/3337 3340/3378/3340 3338/3380/3338
f 3337/3265/3337 3339/3264/3339 3340/3378/3340
f 3339/3264/3339 3330/3375/3330 3340/3378/3340
f 3339/3264/3339 3328/3263/3328 3330/3375/3330
f 3342/3266/3342 3337/3265/3337 3341/3387/3341
vt 0.182323 0.611686
f 3341/3387/3341 3410/3388/3410 3342/3266/3342
f 3342/3266/3342 3410/3388/3410 3343/3267/3343
vt 0.194278 0.642078
f 3410/3388/3410 3411/3389/3411 3343/3267/3343
f 3343/3267/3343 3411/3389/3411 3344/3274/3344
f 3343/3267/3343 3344/3274/3344 3248/3268/3248
f 3248/3268/3248 3344/3274/3344 3251/3273/3251
vt 0.272121 0.644870
f 3248/3268/3248 3251/3273/3251 3345/3390/3345
f 3345/3390/3345 3346/3271/3346 3248/3268/3248
f 3248/3268/3248 3346/3271/3346 3249/3269/3249
f 3345/3390/3345 3251/3273/3251 3346/3271/3346
f 3346/3271/3346 3251/3273/3251 3250/3272/3250
vt 0.193987 0.640644
f 3411/3389/3411 3412/3391/3412 3344/3274/3344
f 3344/3274/3344 3412/3391/3412 3348/3278/3348
f 3254/3275/3254 3344/3274/3344 3348/3278/3348
vt 0.187340 0.677809
f 3412/3391/3412 3347/3392/3347 3348/3278/3348
vt 0.245503 0.735417
f 3348/3278/3348 3347/3392/3347 3349/3393/3349
vt 0.322712 0.750864
f 3348/3278/3348 3349/3393/3349 3415/3394/3415
f 3415/3394/3415 3350/3279/3350 3348/3278/3348
vt 0.322856 0.751581
f 3415/3394/3415 3351/3395/3351 3350/3279/3350
f 3350/3279/3350 3351/3395/3351 3256/3280/3256
vt 0.401923 0.724924
f 3352/3396/3352 3256/3280/3256 3351/3395/3351
vt 0.325153 0.759094
f 3352/3396/3352 3351/3395/3351 3418/3397/3418
vt 0.325057 0.758618
f 3418/3397/3418 3353/3398/3353 3352/3396/3352
vt 0.401827 0.724448
f 3352/3396/3352 3353/3398/3353 3602/3399/3602
f 3352/3396/3352 3602/3399/3602 3258/3281/3258
f 3258/3281/3258 3256/3280/3256 3352/3396/3352
vt 0.450359 0.650991
f 3258/3281/3258 3602/3399/3602 3395/3400/3395
f 3354/3283/3354 3258/3281/3258 3395/3400/3395
vt 0.551113 0.648382
f 3395/3400/3395 3394/3401/3394 3354/3283/3354
vt 0.594091 0.716477
f 3394/3401/3394 3393/3402/3393 3354/3283/3354
vt 0.598547 0.723990
f 3354/3283/3354 3393/3402/3393 3549/3403/3549
f 3355/3284/3355 3354/3283/3354 3549/3403/3549
vt 0.675542 0.758283
f 3355/3284/3355 3549/3403/3549 3551/3404/3551
vt 0.677810 0.750755
f 3551/3404/3551 3553/3405/3553 3355/3284/3355
f 3355/3284/3355 3553/3405/3553 3260/3285/3260
vt 0.677666 0.750035
f 3553/3405/3553 3358/3406/3358 3260/3285/3260
vt 0.604482 0.719023
f 3260/3285/3260 3358/3406/3358 3357/3407/3357
f 3260/3285/3260 3357/3407/3357 3261/3286/3261
vt 0.557243 0.650505
f 3261/3286/3261 3357/3407/3357 3356/3408/3356
f 3356/3408/3356 3262/3287/3262 3261/3286/3261
vt 0.775864 0.649998
f 3359/3409/3359 3262/3287/3262 3356/3408/3356
f 3356/3408/3356 3357/3407/3357 3359/3409/3359
f 3359/3409/3359 3357/3407/3357 3358/3406/3358
vt 0.754814 0.734232
f 3359/3409/3359 3358/3406/3358 3554/3410/3554
vt 0.812763 0.676357
f 3554/3410/3554 3543/3411/3543 3359/3409/3359
vt 0.805984 0.639221
f 3543/3411/3543 3579/3412/3579 3359/3409/3359
vt 0.806278 0.640655
f 3360/3413/3360 3359/3409/3359 3579/3412/3579
vt 0.824856 0.612585
f 3360/3413/3360 3579/3412/3579 3541/3414/3541
vt 0.802110 0.634411
f 3541/3414/3541 3361/3415/3361 3360/3413/3360
f 3360/3413/3360 3361/3415/3361 3370/3289/3370
vt 0.776155 0.651432
f 3360/3413/3360 3370/3289/3370 3362/3416/3362
f 3362/3416/3362 3359/3409/3359 3360/3413/3360
f 3362/3416/3362 3262/3287/3262 3359/3409/3359
vt 0.687375 0.651299
f 3362/3416/3362 3364/3417/3364 3262/3287/3262
f 3363/3288/3363 3262/3287/3262 3364/3417/3364
vt 0.704472 0.651509
f 3363/3288/3363 3364/3417/3364 3367/3418/3367
vt 0.704459 0.643779
f 3367/3418/3367 3368/3419/3368 3363/3288/3363
f 3363/3288/3363 3368/3419/3368 3370/3289/3370
vt 0.724470 0.643820
f 3370/3289/3370 3368/3419/3368 3366/3420/3366
f 3362/3416/3362 3370/3289/3370 3366/3420/3366
vt 0.724486 0.651550
f 3362/3416/3362 3366/3420/3366 3365/3421/3365
f 3365/3421/3365 3364/3417/3364 3362/3416/3362
f 3367/3418/3367 3364/3417/3364 3365/3421/3365
f 3365/3421/3365 3366/3420/3366 3367/3418/3367
f 3367/3418/3367 3366/3420/3366 3368/3419/3368
f 3369/3290/3369 3370/3289/3370 3361/3415/3361
vt 0.817815 0.608695
f 3369/3290/3369 3361/3415/3361 3371/3422/3371
f 3371/3422/3371 3373/3291/3373 3369/3290/3369
vt 0.699593 0.607170
f 3371/3422/3371 3516/3423/3516 3373/3291/3373
vt 0.699583 0.607132
f 3516/3423/3516 3372/3424/3372 3373/3291/3373
f 3373/3291/3373 3372/3424/3372 3374/3292/3374
vt 0.699807 0.607191
f 3372/3424/3372 3575/3425/3575 3374/3292/3374
vt 0.685628 0.628615
f 3374/3292/3374 3575/3425/3575 3375/3426/3375
f 3374/3292/3374 3375/3426/3375 3265/3293/3265
f 3265/3293/3265 3375/3426/3375 3266/3294/3266
vt 0.686003 0.629172
f 3266/3294/3266 3375/3426/3375 3376/3427/3376
f 3266/3294/3266 3376/3427/3376 3267/3295/3267
vt 0.686524 0.629948
f 3267/3295/3267 3376/3427/3376 3377/3428/3377
vt 0.662633 0.638497
f 3267/3295/3267 3377/3428/3377 3382/3429/3382
f 3378/3296/3378 3267/3295/3267 3382/3429/3382
f 3378/3296/3378 3382/3429/3382 3269/3301/3269
f 3269/3301/3269 3379/3297/3379 3378/3296/3378
f 3269/3301/3269 3380/3298/3380 3379/3297/3379
f 3268/3299/3268 3380/3298/3380 3269/3301/3269
vt 0.800424 0.675633
f 3381/3430/3381 3269/3301/3269 3382/3429/3382
f 3381/3430/3381 3382/3429/3382 3377/3428/3377
vt 0.823359 0.599888
f 3381/3430/3381 3377/3428/3377 3574/3431/3574
vt 0.808339 0.680159
f 3383/3432/3383 3381/3430/3381 3574/3431/3574
vt 0.832275 0.598104
f 3383/3432/3383 3574/3431/3574 3573/3433/3573
vt 0.838776 0.598436
f 3573/3433/3573 3384/3434/3384 3383/3432/3383
vt 0.813742 0.684248
f 3389/3435/3389 3383/3432/3383 3384/3434/3384
vt 0.818547 0.681163
f 3388/3436/3388 3389/3435/3389 3384/3434/3384
vt 0.841236 0.594015
f 3388/3436/3388 3384/3434/3384 3385/3437/3385
vt 0.841335 0.594494
f 3386/3438/3386 3388/3436/3388 3385/3437/3385
vt 0.818317 0.507455
f 3386/3438/3386 3385/3437/3385 3564/3439/3564
vt 0.812597 0.512040
f 3564/3439/3564 3561/3440/3561 3386/3438/3386
vt 0.834258 0.594505
f 3386/3438/3386 3561/3440/3561 3556/3441/3556
vt 0.812910 0.677074
f 3386/3438/3386 3556/3441/3556 3555/3442/3555
vt 0.818643 0.681642
f 3386/3438/3386 3555/3442/3555 3387/3443/3387
f 3387/3443/3387 3388/3436/3388 3386/3438/3386
vt 0.757047 0.741916
f 3387/3443/3387 3545/3444/3545 3388/3436/3388
f 3545/3444/3545 3389/3435/3389 3388/3436/3388
vt 0.750575 0.742133
f 3545/3444/3545 3390/3445/3390 3389/3435/3389
f 3390/3445/3390 3383/3432/3383 3389/3435/3389
vt 0.747907 0.735529
f 3390/3445/3390 3548/3446/3548 3383/3432/3383
f 3548/3446/3548 3381/3430/3381 3383/3432/3383
vt 0.744301 0.726641
f 3548/3446/3548 3391/3447/3391 3381/3430/3381
f 3391/3447/3391 3269/3301/3269 3381/3430/3381
vt 0.671990 0.737474
f 3391/3447/3391 3547/3448/3547 3269/3301/3269
vt 0.669876 0.746957
f 3547/3448/3547 3392/3449/3392 3269/3301/3269
f 3269/3301/3269 3392/3449/3392 3270/3302/3270
vt 0.668945 0.754103
f 3270/3302/3270 3392/3449/3392 3546/3450/3546
f 3546/3450/3546 3393/3402/3393 3270/3302/3270
f 3271/2360/3271 3270/3302/3270 3393/3402/3393
f 3271/2360/3271 3393/3402/3393 3394/3401/3394
f 3272/3303/3272 3271/2360/3271 3394/3401/3394
f 3272/3303/3272 3394/3401/3394 3395/3400/3395
vt 0.409809 0.713329
f 3272/3303/3272 3395/3400/3395 3396/3451/3396
f 3396/3451/3396 3274/3304/3274 3272/3303/3272
vt 0.334347 0.747027
f 3396/3451/3396 3397/3452/3397 3274/3304/3274
vt 0.334018 0.737205
f 3398/3453/3398 3274/3304/3274 3397/3452/3397
vt 0.260636 0.729905
f 3398/3453/3398 3397/3452/3397 3422/3454/3422
vt 0.399639 0.700565
f 3398/3453/3398 3422/3454/3422 3424/3455/3424
f 3424/3455/3424 3274/3304/3274 3398/3453/3398
f 3275/3305/3275 3274/3304/3274 3424/3455/3424
vt 0.402691 0.639098
f 3424/3455/3424 3400/3456/3400 3275/3305/3275
f 3275/3305/3275 3400/3456/3400 3399/3372/3399
vt 0.402691 0.638136
f 3400/3456/3400 3402/3457/3402 3399/3372/3399
f 3399/3372/3399 3402/3457/3402 3401/3373/3401
f 3402/3457/3402 3329/3374/3329 3401/3373/3401
f 3331/3376/3331 3329/3374/3329 3402/3457/3402
vt 0.331958 0.639263
f 3331/3376/3331 3402/3457/3402 3425/3458/3425
vt 0.308556 0.630049
f 3331/3376/3331 3425/3458/3425 3403/3459/3403
f 3332/3377/3332 3331/3376/3331 3403/3459/3403
vt 0.294678 0.608132
f 3332/3377/3332 3403/3459/3403 3429/3460/3429
f 3404/3379/3404 3332/3377/3332 3429/3460/3429
vt 0.294860 0.581787
f 3404/3379/3404 3429/3460/3429 3428/3461/3428
f 3334/3381/3334 3404/3379/3404 3428/3461/3428
f 3334/3381/3334 3428/3461/3428 3335/3383/3335
vt 0.308952 0.560492
f 3335/3383/3335 3428/3461/3428 3405/3462/3405
vt 0.331811 0.552360
f 3335/3383/3335 3405/3462/3405 3432/3463/3432
vt 0.223941 0.546816
f 3432/3463/3432 3435/3464/3435 3335/3383/3335
f 3335/3383/3335 3435/3464/3435 3406/3384/3406
vt 0.224248 0.548330
f 3435/3464/3435 3407/3465/3407 3406/3384/3406
f 3406/3384/3406 3407/3465/3407 3336/3385/3336
vt 0.224232 0.540600
f 3407/3465/3407 3441/3466/3441 3336/3385/3336
vt 0.194112 0.551373
f 3336/3385/3336 3441/3466/3441 3409/3467/3409
f 3336/3385/3336 3409/3467/3409 3408/3386/3408
vt 0.175535 0.579443
f 3408/3386/3408 3409/3467/3409 3443/3468/3443
f 3408/3386/3408 3443/3468/3443 3410/3388/3410
f 3341/3387/3341 3408/3386/3408 3410/3388/3410
vt 0.175599 0.614089
f 3410/3388/3410 3443/3468/3443 3444/3469/3444
f 3410/3388/3410 3444/3469/3444 3411/3389/3411
vt 0.175307 0.612655
f 3444/3469/3444 3446/3470/3446 3411/3389/3411
f 3411/3389/3411 3446/3470/3446 3412/3391/3412
f 3446/3470/3446 3347/3392/3347 3412/3391/3412
vt 0.165681 0.595341
f 3446/3470/3446 3445/3471/3445 3347/3392/3347
vt 0.165828 0.596058
f 3445/3471/3445 3413/3472/3413 3347/3392/3347
vt 0.187487 0.678526
f 3347/3392/3347 3413/3472/3413 3414/3473/3414
f 3347/3392/3347 3414/3473/3414 3349/3393/3349
vt 0.245651 0.736134
f 3349/3393/3349 3414/3473/3414 3451/3474/3451
f 3349/3393/3349 3451/3474/3451 3415/3394/3415
f 3415/3394/3415 3451/3474/3451 3351/3395/3351
vt 0.243491 0.743588
f 3416/3475/3416 3351/3395/3351 3451/3474/3451
vt 0.181770 0.683118
f 3416/3475/3416 3451/3474/3451 3450/3476/3450
vt 0.181674 0.682643
f 3450/3476/3450 3456/3477/3456 3416/3475/3416
vt 0.243395 0.743109
f 3416/3475/3416 3456/3477/3456 3417/3478/3417
f 3416/3475/3416 3417/3478/3417 3418/3397/3418
f 3418/3397/3418 3351/3395/3351 3416/3475/3416
f 3418/3397/3418 3417/3478/3417 3353/3398/3353
vt 0.253092 0.744820
f 3419/3479/3419 3353/3398/3353 3417/3478/3417
vt 0.188171 0.688494
f 3419/3479/3419 3417/3478/3417 3454/3480/3454
vt 0.193424 0.684258
f 3454/3480/3454 3465/3481/3465 3419/3479/3419
vt 0.255504 0.738121
f 3419/3479/3419 3465/3481/3465 3421/3482/3421
vt 0.335541 0.754131
f 3419/3479/3419 3421/3482/3421 3420/3483/3420
f 3420/3483/3420 3353/3398/3353 3419/3479/3419
f 3420/3483/3420 3602/3399/3602 3353/3398/3353
f 3396/3451/3396 3602/3399/3602 3420/3483/3420
f 3420/3483/3420 3397/3452/3397 3396/3451/3396
f 3420/3483/3420 3421/3482/3421 3397/3452/3397
f 3422/3454/3422 3397/3452/3397 3421/3482/3421
vt 0.202148 0.680915
f 3422/3454/3422 3421/3482/3421 3423/3484/3423
f 3424/3455/3424 3422/3454/3422 3423/3484/3423
f 3424/3455/3424 3423/3484/3423 3425/3458/3425
f 3425/3458/3425 3400/3456/3400 3424/3455/3424
f 3425/3458/3425 3402/3457/3402 3400/3456/3400
vt 0.308038 0.630830
f 3425/3458/3425 3423/3484/3423 3426/3485/3426
f 3403/3459/3403 3425/3458/3425 3426/3485/3426
vt 0.294060 0.608339
f 3403/3459/3403 3426/3485/3426 3463/3486/3463
f 3429/3460/3429 3403/3459/3403 3463/3486/3463
vt 0.294630 0.581689
f 3429/3460/3429 3463/3486/3463 3427/3487/3427
f 3428/3461/3428 3429/3460/3429 3427/3487/3427
f 3428/3461/3428 3427/3487/3427 3405/3462/3405
vt 0.308805 0.560265
f 3405/3462/3405 3427/3487/3427 3430/3488/3430
vt 0.331804 0.552318
f 3405/3462/3405 3430/3488/3430 3431/3489/3431
f 3432/3463/3432 3405/3462/3405 3431/3489/3431
f 3431/3489/3431 3284/3318/3284 3432/3463/3432
f 3432/3463/3432 3284/3318/3284 3433/3317/3433
f 3433/3317/3433 3435/3464/3435 3432/3463/3432
f 3434/3315/3434 3435/3464/3435 3433/3317/3433
vt 0.775653 0.545532
f 3434/3315/3434 3534/3490/3534 3435/3464/3435
vt 0.547127 0.546144
f 3534/3490/3534 3436/3491/3436 3435/3464/3435
vt 0.452489 0.546365
f 3435/3464/3435 3436/3491/3436 3437/3492/3437
vt 0.452605 0.546921
f 3435/3464/3435 3437/3492/3437 3488/3493/3488
vt 0.320412 0.547386
f 3488/3493/3488 3581/3494/3581 3435/3464/3435
f 3435/3464/3435 3581/3494/3581 3407/3465/3407
vt 0.308911 0.547792
f 3407/3465/3407 3581/3494/3581 3438/3495/3438
vt 0.291917 0.548085
f 3407/3465/3407 3438/3495/3438 3583/3496/3583
vt 0.271938 0.548218
f 3583/3496/3583 3439/3497/3439 3407/3465/3407
f 3439/3497/3439 3441/3466/3441 3407/3465/3407
vt 0.271925 0.540485
f 3440/3498/3440 3441/3466/3441 3439/3497/3439
vt 0.291898 0.540352
f 3440/3498/3440 3439/3497/3439 3582/3499/3582
f 3440/3498/3440 3582/3499/3582 3441/3466/3441
vt 0.308895 0.540061
f 3441/3466/3441 3582/3499/3582 3442/3500/3442
vt 0.320399 0.539656
f 3441/3466/3441 3442/3500/3442 3585/3501/3585
vt 0.223941 0.539163
f 3585/3501/3585 3586/3502/3586 3441/3466/3441
f 3441/3466/3441 3586/3502/3586 3409/3467/3409
vt 0.193818 0.549939
f 3409/3467/3409 3586/3502/3586 3589/3503/3589
f 3409/3467/3409 3589/3503/3589 3443/3468/3443
vt 0.175240 0.578009
f 3443/3468/3443 3589/3503/3589 3591/3504/3591
f 3443/3468/3443 3591/3504/3591 3444/3469/3444
f 3444/3469/3444 3591/3504/3591 3446/3470/3446
f 3591/3504/3591 3445/3471/3445 3446/3470/3446
vt 0.187042 0.512775
f 3591/3504/3591 3590/3505/3590 3445/3471/3445
vt 0.187186 0.513492
f 3590/3505/3590 3447/3506/3447 3445/3471/3445
f 3445/3471/3445 3447/3506/3447 3413/3472/3413
vt 0.158755 0.596079
f 3449/3507/3449 3413/3472/3413 3447/3506/3447
vt 0.181450 0.508934
f 3449/3507/3449 3447/3506/3447 3448/3508/3448
vt 0.181354 0.508455
f 3448/3508/3448 3592/3509/3592 3449/3507/3449
vt 0.158659 0.595600
f 3449/3507/3449 3592/3509/3592 3452/3510/3452
f 3449/3507/3449 3452/3510/3452 3450/3476/3450
f 3450/3476/3450 3414/3473/3414 3449/3507/3449
f 3449/3507/3449 3414/3473/3414 3413/3472/3413
f 3450/3476/3450 3451/3474/3451 3414/3473/3414
f 3450/3476/3450 3452/3510/3452 3456/3477/3456
vt 0.161158 0.602833
f 3455/3511/3455 3456/3477/3456 3452/3510/3452
vt 0.180528 0.514734
f 3455/3511/3455 3452/3510/3452 3593/3512/3593
vt 0.186117 0.518106
f 3593/3512/3593 3453/3513/3453 3455/3511/3455
vt 0.167594 0.602350
f 3455/3511/3455 3453/3513/3453 3468/3514/3468
f 3455/3511/3455 3468/3514/3468 3454/3480/3454
f 3454/3480/3454 3456/3477/3456 3455/3511/3455
f 3454/3480/3454 3417/3478/3417 3456/3477/3456
f 3454/3480/3454 3468/3514/3468 3465/3481/3465
vt 0.176606 0.605366
f 3457/3515/3457 3465/3481/3465 3468/3514/3468
f 3457/3515/3457 3468/3514/3468 3304/3339/3304
vt 0.293168 0.581154
f 3458/3516/3458 3457/3515/3457 3304/3339/3304
f 3458/3516/3458 3304/3339/3304 3459/3338/3459
vt 0.308425 0.559677
f 3461/3517/3461 3458/3516/3458 3459/3338/3459
f 3460/3333/3460 3461/3517/3461 3459/3338/3459
f 3301/3332/3301 3461/3517/3461 3460/3333/3460
f 3301/3332/3301 3430/3488/3430 3461/3517/3461
vt 0.294009 0.581454
f 3430/3488/3430 3464/3518/3464 3461/3517/3461
f 3464/3518/3464 3458/3516/3458 3461/3517/3461
vt 0.293219 0.608632
f 3464/3518/3464 3462/3519/3462 3458/3516/3458
f 3462/3519/3462 3457/3515/3457 3458/3516/3458
f 3426/3485/3426 3457/3515/3457 3462/3519/3462
f 3463/3486/3463 3426/3485/3426 3462/3519/3462
f 3463/3486/3463 3462/3519/3462 3464/3518/3464
f 3427/3487/3427 3463/3486/3463 3464/3518/3464
f 3427/3487/3427 3464/3518/3464 3430/3488/3430
f 3426/3485/3426 3423/3484/3423 3457/3515/3457
f 3423/3484/3423 3465/3481/3465 3457/3515/3457
f 3423/3484/3423 3421/3482/3421 3465/3481/3465
f 3431/3489/3431 3430/3488/3430 3301/3332/3301
f 3299/3331/3299 3431/3489/3431 3301/3332/3301
f 3284/3318/3284 3431/3489/3431 3299/3331/3299
f 3299/3331/3299 3467/3319/3467 3284/3318/3284
f 3299/3331/3299 3466/3328/3466 3467/3319/3467
f 3466/3328/3466 3298/3326/3298 3467/3319/3467
f 3285/3320/3285 3467/3319/3467 3298/3326/3298
f 3304/3339/3304 3468/3514/3468 3453/3513/3453
f 3304/3339/3304 3453/3513/3453 3305/3340/3305
vt 0.243187 0.457971
f 3305/3340/3305 3453/3513/3453 3469/3520/3469
vt 0.314951 0.450031
f 3305/3340/3305 3469/3520/3469 3470/3521/3470
f 3306/3341/3306 3305/3340/3305 3470/3521/3470
vt 0.320882 0.440822
f 3470/3521/3470 3471/3522/3471 3306/3341/3306
f 3306/3341/3306 3471/3522/3471 3477/3343/3477
vt 0.321461 0.433920
f 3473/3523/3473 3477/3343/3477 3471/3522/3471
vt 0.240209 0.451850
f 3473/3523/3473 3471/3522/3471 3472/3524/3472
vt 0.242855 0.447702
f 3472/3524/3472 3474/3525/3474 3473/3523/3473
vt 0.324459 0.431822
f 3473/3523/3473 3474/3525/3474 3475/3526/3475
vt 0.398775 0.466572
f 3473/3523/3473 3475/3526/3475 3478/3527/3478
f 3478/3527/3478 3477/3343/3477 3473/3523/3473
f 3478/3527/3478 3476/3344/3476 3477/3343/3477
vt 0.448599 0.538718
f 3482/3528/3482 3476/3344/3476 3478/3527/3478
vt 0.401351 0.465639
f 3478/3527/3478 3601/3529/3601 3482/3528/3482
f 3482/3528/3482 3601/3529/3601 3479/3351/3479
f 3480/3349/3480 3482/3528/3482 3479/3351/3479
f 3481/3346/3481 3482/3528/3482 3480/3349/3480
f 3481/3346/3481 3476/3344/3476 3482/3528/3482
vt 0.401450 0.466118
f 3483/3530/3483 3479/3351/3479 3601/3529/3601
vt 0.324555 0.432301
f 3483/3530/3483 3601/3529/3601 3595/3531/3595
vt 0.322293 0.439828
f 3595/3531/3595 3597/3532/3597 3483/3530/3483
vt 0.395471 0.470850
f 3483/3530/3483 3597/3532/3597 3599/3533/3599
f 3483/3530/3483 3599/3533/3599 3484/3352/3484
f 3484/3352/3484 3479/3351/3479 3483/3530/3483
vt 0.442703 0.539372
f 3484/3352/3484 3599/3533/3599 3584/3534/3584
f 3484/3352/3484 3584/3534/3584 3581/3494/3581
f 3581/3494/3581 3491/3353/3491 3484/3352/3484
f 3488/3493/3488 3491/3353/3491 3581/3494/3581
vt 0.547239 0.546700
f 3485/3535/3485 3491/3353/3491 3488/3493/3488
vt 0.547242 0.546693
f 3488/3493/3488 3486/3536/3486 3485/3535/3485
vt 0.547130 0.546137
f 3490/3537/3490 3485/3535/3485 3486/3536/3486
vt 0.452601 0.546917
f 3487/3538/3487 3490/3537/3490 3486/3536/3486
f 3487/3538/3487 3486/3536/3486 3488/3493/3488
f 3437/3492/3437 3487/3538/3487 3488/3493/3488
vt 0.452486 0.546357
f 3489/3539/3489 3487/3538/3487 3437/3492/3437
f 3437/3492/3437 3436/3491/3436 3489/3539/3489
f 3489/3539/3489 3436/3491/3436 3490/3537/3490
f 3489/3539/3489 3490/3537/3490 3487/3538/3487
f 3436/3491/3436 3485/3535/3485 3490/3537/3490
f 3534/3490/3534 3485/3535/3485 3436/3491/3436
f 3534/3490/3534 3491/3353/3491 3485/3535/3485
vt 0.775963 0.547050
f 3492/3540/3492 3491/3353/3491 3534/3490/3534
vt 0.801963 0.556218
f 3534/3490/3534 3536/3541/3536 3492/3540/3492
vt 0.806109 0.549953
f 3494/3542/3494 3492/3540/3492 3536/3541/3536
vt 0.824789 0.577939
f 3494/3542/3494 3536/3541/3536 3539/3543/3539
vt 0.824498 0.576502
f 3539/3543/3539 3493/3544/3493 3494/3542/3494
vt 0.805818 0.548519
f 3494/3542/3494 3493/3544/3493 3495/3545/3495
vt 0.775950 0.539316
f 3494/3542/3494 3495/3545/3495 3496/3546/3496
f 3496/3546/3496 3492/3540/3492 3494/3542/3494
vt 0.724277 0.539435
f 3497/3547/3497 3492/3540/3492 3496/3546/3496
vt 0.687171 0.539183
f 3498/3548/3498 3497/3547/3497 3496/3546/3496
vt 0.675510 0.538830
f 3498/3548/3498 3496/3546/3496 3503/3549/3503
f 3503/3549/3503 3491/3353/3491 3498/3548/3498
vt 0.687183 0.546917
f 3498/3548/3498 3491/3353/3491 3499/3550/3499
vt 0.704280 0.547123
f 3498/3548/3498 3499/3550/3499 3501/3551/3501
vt 0.704264 0.539393
f 3501/3551/3501 3500/3552/3500 3498/3548/3498
f 3500/3552/3500 3497/3547/3497 3498/3548/3498
f 3501/3551/3501 3497/3547/3497 3500/3552/3500
vt 0.724290 0.547169
f 3502/3553/3502 3497/3547/3497 3501/3551/3501
f 3502/3553/3502 3501/3551/3501 3492/3540/3492
f 3502/3553/3502 3492/3540/3492 3497/3547/3497
f 3492/3540/3492 3501/3551/3501 3499/3550/3499
f 3492/3540/3492 3499/3550/3499 3491/3353/3491
f 3491/3353/3491 3503/3549/3503 3580/3354/3580
vt 0.557032 0.538389
f 3504/3554/3504 3580/3354/3580 3503/3549/3503
vt 0.775656 0.537882
f 3503/3549/3503 3558/3555/3558 3504/3554/3504
vt 0.604008 0.469647
f 3504/3554/3504 3558/3555/3558 3567/3556/3567
f 3310/3355/3310 3504/3554/3504 3567/3556/3567
vt 0.677218 0.439003
f 3310/3355/3310 3567/3556/3567 3506/3557/3506
f 3505/3356/3505 3310/3355/3310 3506/3557/3506
vt 0.674927 0.431486
f 3505/3356/3505 3506/3557/3506 3507/3558/3507
f 3507/3558/3507 3508/3357/3508 3505/3356/3505
vt 0.756493 0.446512
f 3507/3558/3507 3565/3559/3565 3508/3357/3508
f 3565/3559/3565 3312/3358/3312 3508/3357/3508
vt 0.757690 0.449870
f 3565/3559/3565 3569/3560/3569 3312/3358/3312
vt 0.754737 0.456037
f 3312/3358/3312 3569/3560/3569 3509/3561/3509
f 3313/3359/3313 3312/3358/3312 3509/3561/3509
vt 0.682788 0.449262
f 3509/3561/3509 3510/3562/3510 3313/3359/3313
f 3313/3359/3313 3510/3562/3510 3314/3361/3314
vt 0.754046 0.466506
f 3314/3361/3314 3510/3562/3510 3570/3563/3570
vt 0.662470 0.549579
f 3511/3564/3511 3314/3361/3314 3570/3563/3570
vt 0.806167 0.522352
f 3511/3564/3511 3570/3563/3570 3512/3565/3512
vt 0.686393 0.558012
f 3512/3565/3512 3513/3566/3513 3511/3564/3511
vt 0.685875 0.558799
f 3522/3567/3522 3511/3564/3511 3513/3566/3513
vt 0.700370 0.580510
f 3522/3567/3522 3513/3566/3513 3514/3568/3514
vt 0.699756 0.580748
f 3521/3569/3521 3522/3567/3522 3514/3568/3514
f 3521/3569/3521 3514/3568/3514 3575/3425/3575
f 3372/3424/3372 3521/3569/3521 3575/3425/3575
vt 0.699535 0.580849
f 3519/3570/3519 3521/3569/3521 3372/3424/3372
f 3516/3423/3516 3519/3570/3519 3372/3424/3372
vt 0.699545 0.580888
f 3518/3571/3518 3519/3570/3519 3516/3423/3516
vt 0.817757 0.578828
f 3515/3572/3515 3518/3571/3518 3516/3423/3516
f 3515/3572/3515 3516/3423/3516 3371/3422/3371
vt 0.818122 0.610210
f 3371/3422/3371 3540/3573/3540 3515/3572/3515
vt 0.818067 0.580342
f 3515/3572/3515 3540/3573/3540 3538/3574/3538
vt 0.801659 0.554703
f 3515/3572/3515 3538/3574/3538 3537/3575/3537
vt 0.685373 0.559660
f 3537/3575/3537 3517/3576/3517 3515/3572/3515
f 3515/3572/3515 3517/3576/3517 3518/3571/3518
vt 0.685363 0.559618
f 3517/3576/3517 3532/3577/3532 3518/3571/3518
f 3518/3571/3518 3532/3577/3532 3519/3570/3519
vt 0.685501 0.559390
f 3532/3577/3532 3520/3578/3520 3519/3570/3519
f 3519/3570/3519 3520/3578/3520 3521/3569/3521
f 3520/3578/3520 3522/3567/3522 3521/3569/3521
vt 0.662476 0.550551
f 3520/3578/3520 3529/3579/3529 3522/3567/3522
f 3529/3579/3529 3511/3564/3511 3522/3567/3522
vt 0.566981 0.550768
f 3529/3579/3529 3528/3580/3528 3511/3564/3511
vt 0.566981 0.549799
f 3511/3564/3511 3528/3580/3528 3523/3581/3523
f 3511/3564/3511 3523/3581/3523 3317/3362/3317
f 3317/3362/3317 3314/3361/3314 3511/3564/3511
f 3317/3362/3317 3523/3581/3523 3524/3364/3524
f 3528/3580/3528 3524/3364/3524 3523/3581/3523
vt 0.543371 0.559324
f 3528/3580/3528 3527/3582/3527 3524/3364/3524
f 3527/3582/3527 3526/3371/3526 3524/3364/3524
f 3525/3365/3525 3524/3364/3524 3526/3371/3526
f 3279/3309/3279 3526/3371/3526 3527/3582/3527
f 3280/3311/3280 3279/3309/3279 3527/3582/3527
vt 0.566987 0.551492
f 3535/3583/3535 3280/3311/3280 3527/3582/3527
f 3535/3583/3535 3527/3582/3527 3528/3580/3528
f 3529/3579/3529 3535/3583/3535 3528/3580/3528
vt 0.662476 0.551268
f 3530/3584/3530 3535/3583/3535 3529/3579/3529
f 3530/3584/3530 3529/3579/3529 3520/3578/3520
f 3532/3577/3532 3530/3584/3530 3520/3578/3520
vt 0.662483 0.551548
f 3531/3585/3531 3530/3584/3530 3532/3577/3532
f 3517/3576/3517 3531/3585/3531 3532/3577/3532
vt 0.662492 0.551590
f 3533/3586/3533 3531/3585/3531 3517/3576/3517
f 3533/3586/3533 3517/3576/3517 3534/3490/3534
f 3533/3586/3533 3534/3490/3534 3434/3315/3434
f 3434/3315/3434 3531/3585/3531 3533/3586/3533
f 3282/3313/3282 3531/3585/3531 3434/3315/3434
f 3531/3585/3531 3282/3313/3282 3530/3584/3530
f 3530/3584/3530 3282/3313/3282 3535/3583/3535
f 3282/3313/3282 3280/3311/3280 3535/3583/3535
f 3534/3490/3534 3517/3576/3517 3537/3575/3537
f 3537/3575/3537 3536/3541/3536 3534/3490/3534
f 3537/3575/3537 3538/3574/3538 3536/3541/3536
f 3539/3543/3539 3536/3541/3536 3538/3574/3538
f 3539/3543/3539 3538/3574/3538 3540/3573/3540
f 3539/3543/3539 3540/3573/3540 3541/3414/3541
vt 0.824562 0.611151
f 3541/3414/3541 3542/3587/3542 3539/3543/3539
f 3539/3543/3539 3542/3587/3542 3493/3544/3493
vt 0.834111 0.593788
f 3557/3588/3557 3493/3544/3493 3542/3587/3542
f 3557/3588/3557 3542/3587/3542 3543/3411/3543
f 3555/3442/3555 3557/3588/3557 3543/3411/3543
vt 0.754961 0.734952
f 3555/3442/3555 3543/3411/3543 3552/3589/3552
f 3387/3443/3387 3555/3442/3555 3552/3589/3552
vt 0.757146 0.742396
f 3387/3443/3387 3552/3589/3552 3544/3590/3544
f 3544/3590/3544 3545/3444/3545 3387/3443/3387
vt 0.675446 0.757803
f 3544/3590/3544 3550/3591/3550 3545/3444/3545
f 3550/3591/3550 3390/3445/3390 3545/3444/3545
f 3550/3591/3550 3546/3450/3546 3390/3445/3390
f 3546/3450/3546 3548/3446/3548 3390/3445/3390
f 3546/3450/3546 3392/3449/3392 3548/3446/3548
f 3392/3449/3392 3547/3448/3547 3548/3446/3548
f 3548/3446/3548 3547/3448/3547 3391/3447/3391
f 3549/3403/3549 3546/3450/3546 3550/3591/3550
f 3551/3404/3551 3549/3403/3549 3550/3591/3550
f 3551/3404/3551 3550/3591/3550 3544/3590/3544
f 3544/3590/3544 3553/3405/3553 3551/3404/3551
f 3544/3590/3544 3552/3589/3552 3553/3405/3553
f 3552/3589/3552 3554/3410/3554 3553/3405/3553
f 3553/3405/3553 3554/3410/3554 3358/3406/3358
f 3552/3589/3552 3543/3411/3543 3554/3410/3554
f 3549/3403/3549 3393/3402/3393 3546/3450/3546
f 3556/3441/3556 3557/3588/3557 3555/3442/3555
vt 0.812450 0.511323
f 3556/3441/3556 3559/3592/3559 3557/3588/3557
f 3559/3592/3559 3493/3544/3493 3557/3588/3557
f 3559/3592/3559 3495/3545/3495 3493/3544/3493
f 3559/3592/3559 3558/3555/3558 3495/3545/3495
f 3496/3546/3496 3495/3545/3495 3558/3555/3558
f 3503/3549/3503 3496/3546/3496 3558/3555/3558
vt 0.754279 0.453722
f 3560/3593/3560 3558/3555/3558 3559/3592/3559
f 3561/3440/3561 3560/3593/3560 3559/3592/3559
f 3561/3440/3561 3559/3592/3559 3556/3441/3556
vt 0.754426 0.454439
f 3563/3594/3563 3560/3593/3560 3561/3440/3561
f 3564/3439/3564 3563/3594/3563 3561/3440/3561
vt 0.756592 0.446988
f 3562/3595/3562 3563/3594/3563 3564/3439/3564
vt 0.818218 0.506976
f 3564/3439/3564 3568/3596/3568 3562/3595/3562
f 3562/3595/3562 3568/3596/3568 3565/3559/3565
f 3562/3595/3562 3565/3559/3565 3507/3558/3507
f 3507/3558/3507 3506/3557/3506 3562/3595/3562
f 3562/3595/3562 3506/3557/3506 3563/3594/3563
vt 0.677071 0.438282
f 3506/3557/3506 3566/3597/3566 3563/3594/3563
f 3563/3594/3563 3566/3597/3566 3560/3593/3560
f 3566/3597/3566 3558/3555/3558 3560/3593/3560
f 3567/3556/3567 3558/3555/3558 3566/3597/3566
f 3506/3557/3506 3567/3556/3567 3566/3597/3566
f 3568/3596/3568 3569/3560/3569 3565/3559/3565
vt 0.817933 0.511302
f 3568/3596/3568 3572/3598/3572 3569/3560/3569
vt 0.812344 0.514783
f 3569/3560/3569 3572/3598/3572 3571/3599/3571
f 3509/3561/3509 3569/3560/3569 3571/3599/3571
f 3571/3599/3571 3570/3563/3570 3509/3561/3509
f 3509/3561/3509 3570/3563/3570 3510/3562/3510
f 3571/3599/3571 3512/3565/3512 3570/3563/3570
f 3573/3433/3573 3512/3565/3512 3571/3599/3571
f 3571/3599/3571 3572/3598/3572 3573/3433/3573
f 3572/3598/3572 3384/3434/3384 3573/3433/3573
f 3385/3437/3385 3384/3434/3384 3572/3598/3572
f 3385/3437/3385 3572/3598/3572 3568/3596/3568
f 3564/3439/3564 3385/3437/3385 3568/3596/3568
f 3573/3433/3573 3574/3431/3574 3512/3565/3512
vt 0.701208 0.580206
f 3574/3431/3574 3578/3600/3578 3512/3565/3512
f 3512/3565/3512 3578/3600/3578 3513/3566/3513
f 3514/3568/3514 3513/3566/3513 3578/3600/3578
vt 0.700421 0.607394
f 3514/3568/3514 3578/3600/3578 3577/3601/3577
f 3575/3425/3575 3514/3568/3514 3577/3601/3577
f 3575/3425/3575 3577/3601/3577 3375/3426/3375
f 3375/3426/3375 3577/3601/3577 3376/3427/3376
vt 0.701260 0.607685
f 3577/3601/3577 3576/3602/3576 3376/3427/3376
f 3376/3427/3376 3576/3602/3576 3377/3428/3377
f 3574/3431/3574 3377/3428/3377 3576/3602/3576
f 3574/3431/3574 3576/3602/3576 3578/3600/3578
f 3577/3601/3577 3578/3600/3578 3576/3602/3576
f 3543/3411/3543 3542/3587/3542 3579/3412/3579
f 3541/3414/3541 3579/3412/3579 3542/3587/3542
f 3541/3414/3541 3540/3573/3540 3361/3415/3361
f 3371/3422/3371 3361/3415/3361 3540/3573/3540
f 3279/3309/3279 3278/3307/3278 3526/3371/3526
f 3580/3354/3580 3504/3554/3504 3310/3355/3310
f 3581/3494/3581 3584/3534/3584 3585/3501/3585
f 3581/3494/3581 3585/3501/3585 3438/3495/3438
f 3438/3495/3438 3585/3501/3585 3442/3500/3442
f 3438/3495/3438 3442/3500/3442 3582/3499/3582
f 3582/3499/3582 3583/3496/3583 3438/3495/3438
f 3582/3499/3582 3439/3497/3439 3583/3496/3583
vt 0.442559 0.538655
f 3584/3534/3584 3587/3603/3587 3585/3501/3585
f 3585/3501/3585 3587/3603/3587 3586/3502/3586
vt 0.395327 0.470133
f 3587/3603/3587 3600/3604/3600 3586/3502/3586
vt 0.322149 0.439111
f 3586/3502/3586 3600/3604/3600 3598/3605/3598
vt 0.244998 0.454904
f 3586/3502/3586 3598/3605/3598 3588/3606/3588
f 3588/3606/3588 3590/3505/3590 3586/3502/3586
f 3586/3502/3586 3590/3505/3590 3589/3503/3589
f 3589/3503/3589 3590/3505/3590 3591/3504/3591
vt 0.245142 0.455624
f 3588/3606/3588 3596/3607/3596 3590/3505/3590
f 3590/3505/3590 3596/3607/3596 3447/3506/3447
f 3448/3508/3448 3447/3506/3447 3596/3607/3596
vt 0.242951 0.448181
f 3448/3508/3448 3596/3607/3596 3594/3608/3594
f 3594/3608/3594 3474/3525/3474 3448/3508/3448
f 3448/3508/3448 3474/3525/3474 3592/3509/3592
f 3472/3524/3472 3592/3509/3592 3474/3525/3474
f 3593/3512/3593 3592/3509/3592 3472/3524/3472
f 3472/3524/3472 3469/3520/3469 3593/3512/3593
f 3593/3512/3593 3469/3520/3469 3453/3513/3453
f 3472/3524/3472 3471/3522/3471 3469/3520/3469
f 3470/3521/3470 3469/3520/3469 3471/3522/3471
f 3593/3512/3593 3452/3510/3452 3592/3509/3592
f 3594/3608/3594 3475/3526/3475 3474/3525/3474
f 3595/3531/3595 3475/3526/3475 3594/3608/3594
f 3594/3608/3594 3597/3532/3597 3595/3531/3595
f 3594/3608/3594 3596/3607/3596 3597/3532/3597
f 3588/3606/3588 3597/3532/3597 3596/3607/3596
f 3598/3605/3598 3597/3532/3597 3588/3606/3588
f 3598/3605/3598 3599/3533/3599 3597/3532/3597
f 3600/3604/3600 3599/3533/3599 3598/3605/3598
f 3600/3604/3600 3584/3534/3584 3599/3533/3599
f 3587/3603/3587 3584/3534/3584 3600/3604/3600
f 3595/3531/3595 3601/3529/3601 3475/3526/3475
f 3478/3527/3478 3475/3526/3475 3601/3529/3601
f 3396/3451/3396 3395/3400/3395 3602/3399/3602
f 3242/3256/3242 3294/3255/3294 3295/3258/3295
vt 0.364730 0.167996
vt 0.364628 0.165831
vt 0.370786 0.166894
f 3603/3609/3603 3609/3610/3609 3605/3611/3605
vt 0.371115 0.168832
f 3604/3612/3604 3603/3609/3603 3605/3611/3605
vt 0.397259 0.163169
f 3604/3612/3604 3605/3611/3605 3612/3613/3612
vt 0.397317 0.163536
f 3606/3614/3606 3604/3612/3604 3612/3613/3612
vt 0.412925 0.160458
f 3612/3613/3612 3613/3615/3613 3606/3614/3606
vt 0.397435 0.164271
f 3606/3614/3606 3613/3615/3613 3622/3616/3622
vt 0.371368 0.170011
f 3622/3616/3622 3607/3617/3607 3606/3614/3606
f 3607/3617/3607 3604/3612/3604 3606/3614/3606
vt 0.365101 0.170354
f 3607/3617/3607 3625/3618/3625 3604/3612/3604
f 3625/3618/3625 3603/3609/3603 3604/3612/3604
vt 0.359547 0.168958
f 3625/3618/3625 3626/3619/3626 3603/3609/3603
vt 0.359739 0.166447
f 3626/3619/3626 3608/3620/3608 3603/3609/3603
f 3603/3609/3603 3608/3620/3608 3609/3610/3609
vt 0.362203 0.164306
f 3608/3620/3608 3628/3621/3628 3609/3610/3609
vt 0.369273 0.163561
f 3628/3621/3628 3610/3622/3610 3609/3610/3609
vt 0.370584 0.165072
f 3609/3610/3609 3610/3622/3610 3614/3623/3614
f 3605/3611/3605 3609/3610/3609 3614/3623/3614
vt 0.397163 0.162561
f 3605/3611/3605 3614/3623/3614 3611/3624/3611
f 3612/3613/3612 3605/3611/3605 3611/3624/3611
f 3612/3613/3612 3611/3624/3611 3613/3615/3613
vt 0.397073 0.161959
f 3611/3624/3611 3615/3625/3615 3613/3615/3613
vt 0.383845 0.162281
f 3616/3626/3616 3613/3615/3613 3615/3625/3615
f 3614/3623/3614 3616/3626/3616 3615/3625/3615
f 3611/3624/3611 3614/3623/3614 3615/3625/3615
f 3610/3622/3610 3616/3626/3616 3614/3623/3614
vt 0.427370 0.146219
f 3616/3626/3616 3610/3622/3610 3617/3627/3617
f 3617/3627/3617 3613/3615/3613 3616/3626/3616
vt 0.468920 0.148461
f 3617/3627/3617 3618/3628/3618 3613/3615/3613
vt 0.525974 0.149118
f 3618/3628/3618 3637/3629/3637 3613/3615/3613
vt 0.581716 0.162407
f 3613/3615/3613 3637/3629/3637 3619/3630/3619
vt 0.581864 0.162452
f 3619/3630/3619 3620/3631/3620 3613/3615/3613
vt 0.385089 0.169269
f 3613/3615/3613 3620/3631/3620 3621/3632/3621
f 3621/3632/3621 3622/3616/3622 3613/3615/3613
vt 0.371966 0.172232
f 3621/3632/3621 3623/3633/3623 3622/3616/3622
f 3623/3633/3623 3607/3617/3607 3622/3616/3622
vt 0.365440 0.171777
f 3623/3633/3623 3656/3634/3656 3607/3617/3607
f 3656/3634/3656 3625/3618/3625 3607/3617/3607
vt 0.359886 0.171742
f 3656/3634/3656 3624/3635/3624 3625/3618/3625
f 3624/3635/3624 3626/3619/3626 3625/3618/3625
vt 0.355814 0.169703
f 3624/3635/3624 3658/3636/3658 3626/3619/3626
vt 0.356527 0.166887
f 3658/3636/3658 3659/3637/3659 3626/3619/3626
f 3626/3619/3626 3659/3637/3659 3608/3620/3608
vt 0.359010 0.164691
f 3659/3637/3659 3627/3638/3627 3608/3620/3608
f 3627/3638/3627 3628/3621/3628 3608/3620/3608
vt 0.357177 0.164988
f 3627/3638/3627 3661/3639/3661 3628/3621/3628
vt 0.390048 0.148972
f 3628/3621/3628 3661/3639/3661 3629/3640/3629
vt 0.425895 0.139482
f 3714/3641/3714 3628/3621/3628 3629/3640/3629
vt 0.424449 0.137411
f 3714/3641/3714 3629/3640/3629 3632/3642/3632
vt 0.462967 0.130423
f 3635/3643/3635 3714/3641/3714 3632/3642/3632
vt 0.460951 0.130433
f 3635/3643/3635 3632/3642/3632 3631/3644/3631
vt 0.459873 0.130468
f 3630/3645/3630 3635/3643/3635 3631/3644/3631
vt 0.460196 0.130447
f 3630/3645/3630 3631/3644/3631 3715/3646/3715
f 3715/3646/3715 3632/3642/3632 3630/3645/3630
vt 0.570820 0.139104
f 3632/3642/3632 3696/3647/3696 3630/3645/3630
vt 0.535540 0.131343
f 3630/3645/3630 3696/3647/3696 3697/3648/3697
vt 0.497665 0.130702
f 3697/3648/3697 3639/3649/3639 3630/3645/3630
vt 0.477372 0.130500
f 3630/3645/3630 3639/3649/3639 3633/3650/3633
vt 0.467666 0.130433
f 3630/3645/3630 3633/3650/3633 3634/3651/3634
f 3634/3651/3634 3635/3643/3635 3630/3645/3630
f 3634/3651/3634 3714/3641/3714 3635/3643/3635
f 3633/3650/3633 3714/3641/3714 3634/3651/3634
f 3639/3649/3639 3714/3641/3714 3633/3650/3633
f 3617/3627/3617 3714/3641/3714 3639/3649/3639
vt 0.497569 0.137586
f 3639/3649/3639 3636/3652/3636 3617/3627/3617
f 3636/3652/3636 3618/3628/3618 3617/3627/3617
f 3636/3652/3636 3637/3629/3637 3618/3628/3618
vt 0.567579 0.147838
f 3638/3653/3638 3637/3629/3637 3636/3652/3636
f 3639/3649/3639 3638/3653/3638 3636/3652/3636
vt 0.569246 0.141140
f 3639/3649/3639 3641/3654/3641 3638/3653/3638
vt 0.625359 0.166524
f 3640/3655/3640 3638/3653/3638 3641/3654/3641
vt 0.604984 0.151458
f 3640/3655/3640 3641/3654/3641 3642/3656/3642
vt 0.632449 0.167429
f 3642/3656/3642 3682/3657/3682 3640/3655/3640
vt 0.624009 0.168003
f 3640/3655/3640 3682/3657/3682 3643/3658/3643
vt 0.610778 0.164904
f 3640/3655/3640 3643/3658/3643 3644/3659/3644
f 3644/3659/3644 3638/3653/3638 3640/3655/3640
f 3644/3659/3644 3619/3630/3619 3638/3653/3638
f 3638/3653/3638 3619/3630/3619 3637/3629/3637
vt 0.581867 0.162424
f 3619/3630/3619 3644/3659/3644 3645/3660/3645
vt 0.581867 0.162431
f 3647/3661/3647 3619/3630/3619 3645/3660/3645
vt 0.597469 0.164880
f 3645/3660/3645 3646/3662/3646 3647/3661/3647
vt 0.597364 0.165485
f 3647/3661/3647 3646/3662/3646 3701/3663/3701
vt 0.581864 0.162435
f 3647/3661/3647 3701/3663/3701 3651/3664/3651
f 3651/3664/3651 3619/3630/3619 3647/3661/3647
vt 0.581864 0.162438
f 3651/3664/3651 3648/3665/3648 3619/3630/3619
vt 0.581864 0.162445
f 3648/3665/3648 3650/3666/3650 3619/3630/3619
f 3650/3666/3650 3620/3631/3620 3619/3630/3619
vt 0.597165 0.166587
f 3649/3667/3649 3620/3631/3620 3650/3666/3650
f 3648/3665/3648 3649/3667/3649 3650/3666/3650
vt 0.597296 0.165852
f 3654/3668/3654 3649/3667/3649 3648/3665/3648
f 3651/3664/3651 3654/3668/3654 3648/3665/3648
f 3701/3663/3701 3654/3668/3654 3651/3664/3651
vt 0.623120 0.172921
f 3701/3663/3701 3652/3669/3652 3654/3668/3654
vt 0.622487 0.175132
f 3652/3669/3652 3653/3670/3653 3654/3668/3654
f 3654/3668/3654 3653/3670/3653 3649/3667/3649
vt 0.609472 0.171893
f 3653/3670/3653 3655/3671/3655 3649/3667/3649
f 3649/3667/3649 3655/3671/3655 3620/3631/3620
f 3621/3632/3621 3620/3631/3620 3655/3671/3655
vt 0.371477 0.174579
f 3621/3632/3621 3655/3671/3655 3704/3672/3704
f 3704/3672/3704 3623/3633/3623 3621/3632/3621
vt 0.366317 0.174373
f 3704/3672/3704 3705/3673/3705 3623/3633/3623
f 3705/3673/3705 3656/3634/3656 3623/3633/3623
vt 0.360337 0.173407
f 3705/3673/3705 3706/3674/3706 3656/3634/3656
f 3706/3674/3706 3624/3635/3624 3656/3634/3656
vt 0.356022 0.172834
f 3706/3674/3706 3657/3675/3657 3624/3635/3624
f 3657/3675/3657 3658/3636/3658 3624/3635/3624
vt 0.354281 0.170053
f 3657/3675/3657 3662/3676/3662 3658/3636/3658
vt 0.355334 0.167087
f 3662/3676/3662 3660/3677/3660 3658/3636/3658
f 3658/3636/3658 3660/3677/3660 3659/3637/3659
f 3660/3677/3660 3627/3638/3627 3659/3637/3659
f 3660/3677/3660 3661/3639/3661 3627/3638/3627
vt 0.354010 0.168640
f 3663/3678/3663 3661/3639/3661 3660/3677/3660
f 3662/3676/3662 3663/3678/3663 3660/3677/3660
vt 0.353565 0.173649
f 3669/3679/3669 3663/3678/3663 3662/3676/3662
vt 0.354387 0.173330
f 3664/3680/3664 3669/3679/3669 3662/3676/3662
f 3664/3680/3664 3662/3676/3662 3657/3675/3657
vt 0.356594 0.174666
f 3665/3681/3665 3664/3680/3664 3657/3675/3657
f 3665/3681/3665 3657/3675/3657 3706/3674/3706
vt 0.361675 0.176286
f 3706/3674/3706 3666/3682/3666 3665/3681/3665
vt 0.358568 0.177643
f 3665/3681/3665 3666/3682/3666 3708/3683/3708
vt 0.355030 0.175216
f 3665/3681/3665 3708/3683/3708 3667/3684/3667
f 3667/3684/3667 3664/3680/3664 3665/3681/3665
f 3667/3684/3667 3669/3679/3669 3664/3680/3664
vt 0.356031 0.177895
f 3667/3684/3667 3668/3685/3668 3669/3679/3669
vt 0.360366 0.179581
f 3669/3679/3669 3668/3685/3668 3670/3686/3670
f 3670/3686/3670 3663/3678/3663 3669/3679/3669
f 3670/3686/3670 3661/3639/3661 3663/3678/3663
vt 0.634061 0.182743
f 3680/3687/3680 3661/3639/3661 3670/3686/3670
vt 0.632369 0.181854
f 3670/3686/3670 3671/3688/3671 3680/3687/3680
vt 0.636528 0.181162
f 3672/3689/3672 3680/3687/3680 3671/3688/3671
vt 0.634647 0.180294
f 3672/3689/3672 3671/3688/3671 3712/3690/3712
vt 0.636371 0.177374
f 3673/3691/3673 3672/3689/3672 3712/3690/3712
vt 0.634058 0.176548
f 3673/3691/3673 3712/3690/3712 3711/3692/3711
vt 0.634535 0.174901
f 3678/3693/3678 3673/3691/3673 3711/3692/3711
vt 0.623395 0.171753
f 3678/3693/3678 3711/3692/3711 3674/3694/3674
vt 0.623763 0.169822
f 3677/3695/3677 3678/3693/3678 3674/3694/3674
f 3674/3694/3674 3646/3662/3646 3677/3695/3677
vt 0.597571 0.164278
f 3646/3662/3646 3675/3696/3675 3677/3695/3677
f 3643/3658/3643 3677/3695/3677 3675/3696/3675
f 3644/3659/3644 3643/3658/3643 3675/3696/3675
f 3644/3659/3644 3675/3696/3675 3645/3660/3645
f 3645/3660/3645 3675/3696/3675 3646/3662/3646
vt 0.634935 0.172127
f 3676/3697/3676 3677/3695/3677 3643/3658/3643
vt 0.634810 0.169623
f 3643/3658/3643 3683/3698/3683 3676/3697/3676
vt 0.637263 0.172634
f 3676/3697/3676 3683/3698/3683 3685/3699/3685
vt 0.636924 0.175621
f 3676/3697/3676 3685/3699/3685 3687/3700/3687
f 3687/3700/3687 3678/3693/3678 3676/3697/3676
f 3676/3697/3676 3678/3693/3678 3677/3695/3677
f 3687/3700/3687 3673/3691/3673 3678/3693/3678
vt 0.638751 0.178241
f 3687/3700/3687 3686/3701/3686 3673/3691/3673
f 3686/3701/3686 3672/3689/3672 3673/3691/3673
vt 0.638431 0.181155
f 3686/3701/3686 3679/3702/3679 3672/3689/3672
f 3679/3702/3679 3680/3687/3680 3672/3689/3672
vt 0.640981 0.176968
f 3679/3702/3679 3688/3703/3688 3680/3687/3680
vt 0.640632 0.171949
f 3680/3687/3680 3688/3703/3688 3690/3704/3690
vt 0.637535 0.168227
f 3680/3687/3680 3690/3704/3690 3693/3705/3693
f 3693/3705/3693 3661/3639/3661 3680/3687/3680
f 3693/3705/3693 3629/3640/3629 3661/3639/3661
f 3642/3656/3642 3629/3640/3629 3693/3705/3693
vt 0.635664 0.167888
f 3693/3705/3693 3681/3706/3681 3642/3656/3642
f 3642/3656/3642 3681/3706/3681 3682/3657/3682
f 3682/3657/3682 3681/3706/3681 3683/3698/3683
f 3643/3658/3643 3682/3657/3682 3683/3698/3683
vt 0.636867 0.169937
f 3683/3698/3683 3681/3706/3681 3692/3707/3692
f 3683/3698/3683 3692/3707/3692 3685/3699/3685
vt 0.639621 0.173183
f 3685/3699/3685 3692/3707/3692 3684/3708/3684
vt 0.639397 0.176394
f 3685/3699/3685 3684/3708/3684 3689/3709/3689
f 3687/3700/3687 3685/3699/3685 3689/3709/3689
f 3689/3709/3689 3686/3701/3686 3687/3700/3687
f 3689/3709/3689 3688/3703/3688 3686/3701/3686
f 3688/3703/3688 3679/3702/3679 3686/3701/3686
f 3684/3708/3684 3688/3703/3688 3689/3709/3689
f 3684/3708/3684 3690/3704/3690 3688/3703/3688
vt 0.638786 0.170266
f 3691/3710/3691 3690/3704/3690 3684/3708/3684
f 3692/3707/3692 3691/3710/3691 3684/3708/3684
f 3692/3707/3692 3681/3706/3681 3691/3710/3691
f 3681/3706/3681 3693/3705/3693 3691/3710/3691
f 3691/3710/3691 3693/3705/3693 3690/3704/3690
f 3629/3640/3629 3642/3656/3642 3632/3642/3632
f 3632/3642/3632 3642/3656/3642 3696/3647/3696
f 3642/3656/3642 3641/3654/3641 3696/3647/3696
vt 0.532411 0.131224
f 3696/3647/3696 3641/3654/3641 3700/3711/3700
vt 0.534439 0.131280
f 3696/3647/3696 3700/3711/3700 3694/3712/3694
vt 0.535204 0.131311
f 3694/3712/3694 3695/3713/3695 3696/3647/3696
f 3696/3647/3696 3695/3713/3695 3697/3648/3697
f 3695/3713/3695 3694/3712/3694 3697/3648/3697
f 3697/3648/3697 3694/3712/3694 3700/3711/3700
vt 0.527695 0.131129
f 3697/3648/3697 3700/3711/3700 3699/3714/3699
vt 0.517970 0.130968
f 3699/3714/3699 3698/3715/3698 3697/3648/3697
f 3697/3648/3697 3698/3715/3698 3639/3649/3639
f 3698/3715/3698 3641/3654/3641 3639/3649/3639
f 3698/3715/3698 3699/3714/3699 3641/3654/3641
f 3641/3654/3641 3699/3714/3699 3700/3711/3700
f 3701/3663/3701 3646/3662/3646 3674/3694/3674
f 3674/3694/3674 3652/3669/3652 3701/3663/3701
f 3674/3694/3674 3711/3692/3711 3652/3669/3652
vt 0.632679 0.179396
f 3711/3692/3711 3702/3716/3702 3652/3669/3652
f 3652/3669/3652 3702/3716/3702 3653/3670/3653
vt 0.629451 0.180452
f 3702/3716/3702 3713/3717/3713 3653/3670/3653
vt 0.622973 0.177507
f 3713/3717/3713 3703/3718/3703 3653/3670/3653
f 3653/3670/3653 3703/3718/3703 3655/3671/3655
f 3704/3672/3704 3655/3671/3655 3703/3718/3703
vt 0.364960 0.177388
f 3704/3672/3704 3703/3718/3703 3707/3719/3707
f 3707/3719/3707 3705/3673/3705 3704/3672/3704
f 3707/3719/3707 3666/3682/3666 3705/3673/3705
f 3666/3682/3666 3706/3674/3706 3705/3673/3705
vt 0.362036 0.178724
f 3709/3720/3709 3666/3682/3666 3707/3719/3707
f 3707/3719/3707 3713/3717/3713 3709/3720/3709
f 3709/3720/3709 3713/3717/3713 3671/3688/3671
f 3709/3720/3709 3671/3688/3671 3670/3686/3670
f 3670/3686/3670 3708/3683/3708 3709/3720/3709
f 3709/3720/3709 3708/3683/3708 3666/3682/3666
vt 0.357375 0.178175
f 3670/3686/3670 3710/3721/3710 3708/3683/3708
f 3708/3683/3708 3710/3721/3710 3667/3684/3667
f 3710/3721/3710 3668/3685/3668 3667/3684/3667
f 3668/3685/3668 3710/3721/3710 3670/3686/3670
f 3671/3688/3671 3713/3717/3713 3702/3716/3702
f 3712/3690/3712 3671/3688/3671 3702/3716/3702
f 3711/3692/3711 3712/3690/3712 3702/3716/3702
f 3707/3719/3707 3703/3718/3703 3713/3717/3713
f 3617/3627/3617 3610/3622/3610 3714/3641/3714
f 3610/3622/3610 3628/3621/3628 3714/3641/3714
f 3631/3644/3631 3632/3642/3632 3715/3646/3715
vt 0.457109 0.307426
vt 0.462548 0.333666
vt 0.435739 0.334383
f 3719/3722/3719 3718/3723/3718 3720/3724/3720
vt 0.445938 0.292497
f 3717/3725/3717 3719/3722/3719 3720/3724/3720
vt 0.419867 0.325789
f 3717/3725/3717 3720/3724/3720 3721/3726/3721
vt 0.414982 0.411244
f 3717/3725/3717 3721/3726/3721 3724/3727/3724
vt 0.482331 0.274130
f 3724/3727/3724 3716/3728/3716 3717/3725/3717
f 3716/3728/3716 3719/3722/3719 3717/3725/3717
vt 0.486855 0.292752
f 3716/3728/3716 3726/3729/3726 3719/3722/3719
vt 0.488032 0.316681
f 3726/3729/3726 3729/3730/3729 3719/3722/3719
f 3729/3730/3729 3718/3723/3718 3719/3722/3719
vt 0.451792 0.395294
f 3729/3730/3729 3730/3731/3730 3718/3723/3718
vt 0.449121 0.362803
f 3718/3723/3718 3730/3731/3730 3732/3732/3732
f 3718/3723/3718 3732/3732/3732 3720/3724/3720
vt 0.426675 0.368756
f 3720/3724/3720 3732/3732/3732 3733/3733/3733
f 3721/3726/3721 3720/3724/3720 3733/3733/3733
vt 0.408878 0.367934
f 3721/3726/3721 3733/3733/3733 3722/3734/3722
f 3724/3727/3724 3721/3726/3721 3722/3734/3722
vt 0.425511 0.406574
f 3722/3734/3722 3734/3735/3734 3724/3727/3724
vt 0.460113 0.539204
f 3734/3735/3734 3723/3736/3723 3724/3727/3724
vt 0.590284 0.410842
f 3724/3727/3724 3723/3736/3723 3725/3737/3725
vt 0.522420 0.274036
f 3725/3737/3725 3739/3738/3739 3724/3727/3724
f 3724/3727/3724 3739/3738/3739 3716/3728/3716
f 3739/3738/3739 3726/3729/3726 3716/3728/3716
vt 0.519486 0.293067
f 3739/3738/3739 3727/3739/3727 3726/3729/3726
f 3727/3739/3727 3729/3730/3729 3726/3729/3726
vt 0.517874 0.316971
f 3727/3739/3727 3728/3740/3728 3729/3730/3729
vt 0.502380 0.538708
f 3728/3740/3728 3743/3741/3743 3729/3730/3729
f 3729/3730/3729 3743/3741/3743 3730/3731/3730
vt 0.486669 0.538792
f 3743/3741/3743 3744/3742/3744 3730/3731/3730
vt 0.438106 0.401118
f 3730/3731/3730 3744/3742/3744 3731/3743/3731
f 3730/3731/3730 3731/3743/3731 3732/3732/3732
f 3732/3732/3732 3731/3743/3731 3733/3733/3733
f 3731/3743/3731 3734/3735/3734 3733/3733/3733
f 3722/3734/3722 3733/3733/3733 3734/3735/3734
vt 0.472206 0.538963
f 3731/3743/3731 3735/3744/3735 3734/3735/3734
f 3734/3735/3734 3735/3744/3735 3723/3736/3723
vt 0.554796 0.538984
f 3735/3744/3735 3736/3745/3736 3723/3736/3723
f 3725/3737/3725 3723/3736/3723 3736/3745/3736
vt 0.542911 0.538799
f 3736/3745/3736 3753/3746/3753 3725/3737/3725
vt 0.573347 0.404214
f 3725/3737/3725 3753/3746/3753 3748/3747/3748
vt 0.578405 0.370131
f 3748/3747/3748 3749/3748/3749 3725/3737/3725
vt 0.596221 0.367501
f 3725/3737/3725 3749/3748/3749 3737/3749/3737
vt 0.585082 0.325404
f 3737/3749/3737 3751/3750/3751 3725/3737/3725
vt 0.558887 0.292235
f 3725/3737/3725 3751/3750/3751 3738/3751/3738
f 3725/3737/3725 3738/3751/3738 3739/3738/3739
f 3738/3751/3738 3727/3739/3727 3739/3738/3739
vt 0.548983 0.308318
f 3738/3751/3738 3752/3752/3752 3727/3739/3727
f 3752/3752/3752 3728/3740/3728 3727/3739/3727
vt 0.543074 0.334453
f 3752/3752/3752 3740/3753/3740 3728/3740/3728
vt 0.552812 0.396277
f 3741/3754/3741 3728/3740/3728 3740/3753/3740
vt 0.556018 0.363842
f 3740/3753/3740 3742/3755/3742 3741/3754/3741
vt 0.552895 0.396308
f 3741/3754/3741 3742/3755/3742 3747/3756/3747
vt 0.513379 0.538683
f 3747/3756/3747 3746/3757/3746 3741/3754/3741
f 3746/3757/3746 3743/3741/3743 3741/3754/3741
f 3741/3754/3741 3743/3741/3743 3728/3740/3728
f 3746/3757/3746 3753/3746/3753 3743/3741/3743
f 3743/3741/3743 3753/3746/3753 3744/3742/3744
f 3744/3742/3744 3753/3746/3753 3735/3744/3735
f 3731/3743/3731 3744/3742/3744 3735/3744/3735
f 3735/3744/3735 3753/3746/3753 3736/3745/3736
vt 0.528732 0.538694
f 3745/3758/3745 3753/3746/3753 3746/3757/3746
f 3747/3756/3747 3745/3758/3745 3746/3757/3746
f 3748/3747/3748 3745/3758/3745 3747/3756/3747
f 3747/3756/3747 3749/3748/3749 3748/3747/3748
f 3747/3756/3747 3742/3755/3742 3749/3748/3749
vt 0.569911 0.335688
f 3749/3748/3749 3742/3755/3742 3750/3759/3750
f 3737/3749/3737 3749/3748/3749 3750/3759/3750
f 3737/3749/3737 3750/3759/3750 3751/3750/3751
f 3751/3750/3751 3750/3759/3750 3752/3752/3752
f 3751/3750/3751 3752/3752/3752 3738/3751/3738
f 3750/3759/3750 3740/3753/3740 3752/3752/3752
f 3750/3759/3750 3742/3755/3742 3740/3753/3740
f 3748/3747/3748 3753/3746/3753 3745/3758/3745
vt 0.743524 0.185513
vt 0.743508 0.185436
vt 0.744461 0.181648
f 3759/3760/3759 3768/3761/3768 3754/3762/3754
vt 0.689519 0.181774
f 3756/3763/3756 3759/3760/3759 3754/3762/3754
vt 0.686924 0.178951
f 3756/3763/3756 3754/3762/3754 3755/3764/3755
vt 0.686908 0.178871
f 3755/3764/3755 3757/3765/3757 3756/3763/3756
vt 0.689503 0.181697
f 3756/3763/3756 3757/3765/3757 3758/3766/3758
vt 0.690472 0.185639
f 3756/3763/3756 3758/3766/3758 3760/3767/3760
f 3760/3767/3760 3759/3760/3759 3756/3763/3756
vt 0.743565 0.208711
f 3760/3767/3760 3761/3768/3761 3759/3760/3759
f 3761/3768/3761 3768/3761/3768 3759/3760/3759
vt 0.743549 0.208634
f 3762/3769/3762 3768/3761/3768 3761/3768/3761
vt 0.744506 0.212495
f 3761/3768/3761 3763/3770/3763 3762/3769/3762
vt 0.689560 0.212625
f 3765/3771/3765 3762/3769/3762 3763/3770/3763
vt 0.686975 0.215461
f 3765/3771/3765 3763/3770/3763 4307/3772/4307
vt 0.686991 0.215538
f 3764/3773/3764 3765/3771/3765 4307/3772/4307
vt 0.683456 0.216584
f 3764/3773/3764 4307/3772/4307 4309/3774/4309
vt 0.750655 0.216427
f 4309/3774/4309 4293/3775/4293 3764/3773/3764
vt 0.747116 0.215402
f 3764/3773/3764 4293/3775/4293 4302/3776/4302
vt 0.689576 0.212705
f 3764/3773/3764 4302/3776/4302 4303/3777/4303
f 4303/3777/4303 3765/3771/3765 3764/3773/3764
vt 0.690501 0.208756
f 4303/3777/4303 3767/3778/3767 3765/3771/3765
f 3767/3778/3767 3762/3769/3762 3765/3771/3765
f 3767/3778/3767 3768/3761/3768 3762/3769/3762
vt 0.690456 0.185559
f 3766/3779/3766 3768/3761/3768 3767/3778/3767
f 3766/3779/3766 3767/3778/3767 3760/3767/3760
f 3760/3767/3760 3758/3766/3758 3766/3779/3766
vt 0.744448 0.181568
f 3758/3766/3758 3769/3780/3769 3766/3779/3766
f 3766/3779/3766 3769/3780/3769 3768/3761/3768
f 3754/3762/3754 3768/3761/3768 3769/3780/3769
vt 0.747046 0.178811
f 3754/3762/3754 3769/3780/3769 3770/3781/3770
f 3755/3764/3755 3754/3762/3754 3770/3781/3770
vt 0.683386 0.177923
f 3755/3764/3755 3770/3781/3770 3773/3782/3773
vt 0.683370 0.177842
f 3773/3782/3773 3776/3783/3776 3755/3764/3755
f 3755/3764/3755 3776/3783/3776 3757/3765/3757
vt 0.750565 0.177689
f 3776/3783/3776 3771/3784/3771 3757/3765/3757
vt 0.747030 0.178731
f 3757/3765/3757 3771/3784/3771 3772/3785/3772
f 3757/3765/3757 3772/3785/3772 3758/3766/3758
f 3758/3766/3758 3772/3785/3772 3769/3780/3769
f 3770/3781/3770 3769/3780/3769 3772/3785/3772
vt 0.750581 0.177769
f 3770/3781/3770 3772/3785/3772 4200/3786/4200
f 3773/3782/3773 3770/3781/3770 4200/3786/4200
vt 0.683312 0.139265
f 3773/3782/3773 4200/3786/4200 4199/3787/4199
vt 0.650390 0.157849
f 3773/3782/3773 4199/3787/4199 4192/3788/4192
vt 0.650399 0.161812
f 3777/3789/3777 3773/3782/3773 4192/3788/4192
vt 0.650697 0.159748
f 3775/3790/3775 3777/3789/3777 4192/3788/4192
vt 0.649452 0.156023
f 3775/3790/3775 4192/3788/4192 3774/3791/3774
vt 0.683296 0.139185
f 3774/3791/3774 4193/3792/4193 3775/3790/3775
f 4193/3792/4193 3776/3783/3776 3775/3790/3775
vt 0.649462 0.163480
f 3775/3790/3775 3776/3783/3776 3780/3793/3780
f 3780/3793/3780 3777/3789/3777 3775/3790/3775
vt 0.648070 0.164855
f 3780/3793/3780 3784/3794/3784 3777/3789/3777
vt 0.679848 0.177933
f 3784/3794/3784 3778/3795/3778 3777/3789/3777
f 3777/3789/3777 3778/3795/3778 3773/3782/3773
f 3778/3795/3778 3776/3783/3776 3773/3782/3773
vt 0.679832 0.177853
f 3779/3796/3779 3776/3783/3776 3778/3795/3778
vt 0.676296 0.178895
f 3778/3795/3778 3785/3797/3785 3779/3796/3779
vt 0.646327 0.165471
f 3781/3798/3781 3779/3796/3779 3785/3797/3785
vt 0.673712 0.181732
f 3781/3798/3781 3785/3797/3785 3786/3799/3786
vt 0.618769 0.181861
f 3786/3799/3786 3791/3800/3791 3781/3798/3781
vt 0.616175 0.179039
f 3781/3798/3781 3791/3800/3791 3790/3801/3790
vt 0.642750 0.164792
f 3781/3798/3781 3790/3801/3790 4379/3802/4379
vt 0.644500 0.165555
f 4379/3802/4379 3782/3803/3782 3781/3798/3781
f 3781/3798/3781 3782/3803/3782 3784/3794/3784
f 3781/3798/3781 3784/3794/3784 3780/3793/3780
f 3780/3793/3780 3779/3796/3779 3781/3798/3781
f 3780/3793/3780 3776/3783/3776 3779/3796/3779
vt 0.676312 0.178976
f 3782/3803/3782 3783/3804/3783 3784/3794/3784
f 3784/3794/3784 3783/3804/3783 3778/3795/3778
f 3783/3804/3783 3785/3797/3785 3778/3795/3778
f 3783/3804/3783 3786/3799/3786 3785/3797/3785
vt 0.673728 0.181809
f 3787/3805/3787 3786/3799/3786 3783/3804/3783
f 3782/3803/3782 3787/3805/3787 3783/3804/3783
vt 0.618785 0.181938
f 3789/3806/3789 3787/3805/3787 3782/3803/3782
vt 0.616191 0.179116
f 3782/3803/3782 3788/3807/3788 3789/3806/3789
f 3788/3807/3788 3790/3801/3790 3789/3806/3789
f 3789/3806/3789 3790/3801/3790 3791/3800/3791
vt 0.619739 0.185804
f 3789/3806/3789 3791/3800/3791 3792/3808/3792
vt 0.672790 0.185681
f 3792/3808/3792 3793/3809/3793 3789/3806/3789
f 3789/3806/3789 3793/3809/3793 3787/3805/3787
vt 0.672774 0.185601
f 3793/3809/3793 3794/3810/3794 3787/3805/3787
f 3787/3805/3787 3794/3810/3794 3786/3799/3786
vt 0.619722 0.185723
f 3794/3810/3794 3795/3811/3795 3786/3799/3786
f 3786/3799/3786 3795/3811/3795 3791/3800/3791
f 3792/3808/3792 3791/3800/3791 3795/3811/3795
vt 0.619764 0.208920
f 3795/3811/3795 3796/3812/3796 3792/3808/3792
vt 0.619780 0.208997
f 3792/3808/3792 3796/3812/3796 3802/3813/3802
vt 0.672832 0.208875
f 3802/3813/3802 3797/3814/3797 3792/3808/3792
f 3792/3808/3792 3797/3814/3797 3793/3809/3793
f 3797/3814/3797 3794/3810/3794 3793/3809/3793
vt 0.672816 0.208798
f 3798/3815/3798 3794/3810/3794 3797/3814/3797
vt 0.673769 0.212660
f 3797/3814/3797 3805/3816/3805 3798/3815/3798
vt 0.618827 0.212789
f 3801/3817/3801 3798/3815/3798 3805/3816/3805
vt 0.616242 0.215626
f 3801/3817/3801 3805/3816/3805 3806/3818/3806
vt 0.616258 0.215703
f 3799/3819/3799 3801/3817/3801 3806/3818/3806
vt 0.612723 0.216749
f 3799/3819/3799 3806/3818/3806 3809/3820/3809
vt 0.679921 0.216591
f 3809/3820/3809 3816/3821/3816 3799/3819/3799
vt 0.676383 0.215563
f 3799/3819/3799 3816/3821/3816 3818/3822/3818
vt 0.618843 0.212866
f 3799/3819/3799 3818/3822/3818 3800/3823/3800
f 3800/3823/3800 3801/3817/3801 3799/3819/3799
f 3800/3823/3800 3796/3812/3796 3801/3817/3801
f 3796/3812/3796 3798/3815/3798 3801/3817/3801
f 3796/3812/3796 3794/3810/3794 3798/3815/3798
f 3795/3811/3795 3794/3810/3794 3796/3812/3796
f 3802/3813/3802 3796/3812/3796 3800/3823/3800
vt 0.673785 0.212740
f 3800/3823/3800 3803/3824/3803 3802/3813/3802
f 3802/3813/3802 3803/3824/3803 3797/3814/3797
f 3803/3824/3803 3805/3816/3805 3797/3814/3797
vt 0.676367 0.215486
f 3803/3824/3803 3804/3825/3804 3805/3816/3805
f 3806/3818/3806 3805/3816/3805 3804/3825/3804
vt 0.612707 0.216672
f 3806/3818/3806 3804/3825/3804 3819/3826/3819
f 3809/3820/3809 3806/3818/3806 3819/3826/3819
vt 0.609172 0.216679
f 3819/3826/3819 3807/3827/3807 3809/3820/3809
vt 0.609188 0.216756
f 3809/3820/3809 3807/3827/3807 3808/3828/3808
vt 0.579800 0.235332
f 3809/3820/3809 3808/3828/3808 3810/3829/3810
vt 0.612796 0.255410
f 3811/3830/3811 3809/3820/3809 3810/3829/3810
vt 0.579807 0.239299
f 3811/3830/3811 3810/3829/3810 3834/3831/3834
vt 0.609258 0.255417
f 3834/3831/3834 3836/3832/3836 3811/3830/3811
vt 0.612780 0.255329
f 3836/3832/3836 3820/3833/3820 3811/3830/3811
vt 0.616335 0.256435
f 3811/3830/3811 3820/3833/3820 3812/3834/3812
vt 0.676460 0.256298
f 3812/3834/3812 4311/3835/4311 3811/3830/3811
vt 0.679991 0.255256
f 3811/3830/3811 4311/3835/4311 3813/3836/3813
f 3813/3836/3813 3809/3820/3809 3811/3830/3811
f 3813/3836/3813 3816/3821/3816 3809/3820/3809
vt 0.683530 0.255245
f 3814/3837/3814 3816/3821/3816 3813/3836/3813
vt 0.683514 0.255165
f 3813/3836/3813 4314/3838/4314 3814/3837/3814
vt 0.687068 0.256274
f 3814/3837/3814 4314/3838/4314 3815/3839/3815
vt 0.747190 0.256134
f 3815/3839/3815 4342/3840/4342 3814/3837/3814
vt 0.750725 0.255088
f 3814/3837/3814 4342/3840/4342 4344/3841/4344
f 4344/3841/4344 4309/3774/4309 3814/3837/3814
f 3814/3837/3814 4309/3774/4309 3816/3821/3816
vt 0.679905 0.216514
f 4309/3774/4309 3817/3842/3817 3816/3821/3816
f 3816/3821/3816 3817/3842/3817 3818/3822/3818
f 3818/3822/3818 3817/3842/3817 3804/3825/3804
f 3818/3822/3818 3804/3825/3804 3803/3824/3803
f 3800/3823/3800 3818/3822/3818 3803/3824/3803
f 3819/3826/3819 3804/3825/3804 3817/3842/3817
f 3817/3842/3817 3820/3833/3820 3819/3826/3819
vt 0.580110 0.237235
f 3819/3826/3819 3820/3833/3820 3831/3843/3831
vt 0.578863 0.233510
f 3819/3826/3819 3831/3843/3831 3821/3844/3821
f 3821/3844/3821 3807/3827/3807 3819/3826/3819
vt 0.575715 0.231534
f 3822/3845/3822 3807/3827/3807 3821/3844/3821
vt 0.577462 0.232296
f 3821/3844/3821 3830/3846/3830 3822/3845/3822
vt 0.573888 0.231618
f 3822/3845/3822 3830/3846/3830 3823/3847/3823
vt 0.572141 0.232230
f 3822/3845/3822 3823/3847/3823 3824/3848/3824
vt 0.545508 0.215790
f 3824/3848/3824 4713/3849/4713 3822/3845/3822
vt 0.605630 0.215650
f 3822/3845/3822 4713/3849/4713 3825/3850/3825
f 3822/3845/3822 3825/3850/3825 3807/3827/3807
vt 0.605646 0.215727
f 3826/3851/3826 3807/3827/3807 3825/3850/3825
vt 0.603055 0.212905
f 3826/3851/3826 3825/3850/3825 3827/3852/3827
vt 0.548109 0.213030
f 3827/3852/3827 3828/3853/3828 3826/3851/3826
vt 0.545524 0.215867
f 3826/3851/3826 3828/3853/3828 3829/3854/3829
f 3826/3851/3826 3829/3854/3829 3823/3847/3823
f 3830/3846/3830 3826/3851/3826 3823/3847/3823
f 3830/3846/3830 3808/3828/3808 3826/3851/3826
f 3808/3828/3808 3807/3827/3807 3826/3851/3826
f 3810/3829/3810 3808/3828/3808 3830/3846/3830
f 3821/3844/3821 3810/3829/3810 3830/3846/3830
f 3831/3843/3831 3810/3829/3810 3821/3844/3821
f 3831/3843/3831 3834/3831/3834 3810/3829/3810
vt 0.578876 0.240964
f 3832/3855/3832 3834/3831/3834 3831/3843/3831
f 3831/3843/3831 3820/3833/3820 3832/3855/3832
vt 0.609242 0.255336
f 3832/3855/3832 3820/3833/3820 3837/3856/3837
vt 0.575734 0.242958
f 3832/3855/3832 3837/3856/3837 3833/3857/3833
vt 0.577481 0.242342
f 3833/3857/3833 3838/3858/3838 3832/3855/3832
f 3832/3855/3832 3838/3858/3838 3834/3831/3834
f 3838/3858/3838 3836/3832/3836 3834/3831/3834
vt 0.605723 0.256463
f 3838/3858/3838 3835/3859/3835 3836/3832/3836
vt 0.605707 0.256382
f 3835/3859/3835 3840/3860/3840 3836/3832/3836
f 3836/3832/3836 3840/3860/3840 3837/3856/3837
f 3837/3856/3837 3820/3833/3820 3836/3832/3836
f 3833/3857/3833 3837/3856/3837 3840/3860/3840
vt 0.603122 0.259215
f 3833/3857/3833 3840/3860/3840 3839/3861/3839
vt 0.548180 0.259345
f 3839/3861/3839 3842/3862/3842 3833/3857/3833
vt 0.545585 0.256519
f 3833/3857/3833 3842/3862/3842 4712/3863/4712
vt 0.572160 0.242276
f 3833/3857/3833 4712/3863/4712 4703/3864/4703
vt 0.573910 0.243042
f 4703/3864/4703 4708/3865/4708 3833/3857/3833
f 3833/3857/3833 4708/3865/4708 3838/3858/3838
f 4708/3865/4708 3835/3859/3835 3838/3858/3838
vt 0.603141 0.259296
f 4708/3865/4708 3847/3866/3847 3835/3859/3835
f 3847/3866/3847 3839/3861/3839 3835/3859/3835
f 3835/3859/3835 3839/3861/3839 3840/3860/3840
vt 0.602185 0.263084
f 3847/3866/3847 3855/3867/3855 3839/3861/3839
vt 0.549133 0.263206
f 3855/3867/3855 3841/3868/3841 3839/3861/3839
f 3839/3861/3839 3841/3868/3841 3842/3862/3842
vt 0.549149 0.263287
f 3844/3869/3844 3842/3862/3842 3841/3868/3841
vt 0.549178 0.286404
f 3841/3868/3841 3843/3870/3843 3844/3869/3844
vt 0.549194 0.286484
f 3844/3869/3844 3843/3870/3843 3856/3871/3856
vt 0.602242 0.286362
f 3856/3871/3856 3849/3872/3849 3844/3869/3844
vt 0.602201 0.263164
f 3844/3869/3844 3849/3872/3849 3845/3873/3845
vt 0.548192 0.259425
f 3844/3869/3844 3845/3873/3845 3846/3874/3846
f 3846/3874/3846 3842/3862/3842 3844/3869/3844
f 3846/3874/3846 4712/3863/4712 3842/3862/3842
vt 0.545601 0.256599
f 4711/3875/4711 4712/3863/4712 3846/3874/3846
f 4708/3865/4708 4711/3875/4711 3846/3874/3846
f 3846/3874/3846 3847/3866/3847 4708/3865/4708
f 3846/3874/3846 3845/3873/3845 3847/3866/3847
f 3845/3873/3845 3855/3867/3855 3847/3866/3847
f 3849/3872/3849 3855/3867/3855 3845/3873/3845
vt 0.602226 0.286281
f 3848/3876/3848 3855/3867/3855 3849/3872/3849
vt 0.603183 0.290147
f 3849/3872/3849 3850/3877/3850 3848/3876/3848
vt 0.548237 0.290272
f 3851/3878/3851 3848/3876/3848 3850/3877/3850
vt 0.545652 0.293109
f 3851/3878/3851 3850/3877/3850 3852/3879/3852
vt 0.545668 0.293190
f 3853/3880/3853 3851/3878/3851 3852/3879/3852
vt 0.542133 0.294236
f 3853/3880/3853 3852/3879/3852 3859/3881/3859
vt 0.609332 0.294078
f 3859/3881/3859 3866/3882/3866 3853/3880/3853
vt 0.605793 0.293050
f 3853/3880/3853 3866/3882/3866 3867/3883/3867
vt 0.548253 0.290353
f 3853/3880/3853 3867/3883/3867 3854/3884/3854
f 3854/3884/3854 3851/3878/3851 3853/3880/3853
f 3854/3884/3854 3843/3870/3843 3851/3878/3851
f 3843/3870/3843 3848/3876/3848 3851/3878/3851
f 3843/3870/3843 3855/3867/3855 3848/3876/3848
f 3841/3868/3841 3855/3867/3855 3843/3870/3843
f 3856/3871/3856 3843/3870/3843 3854/3884/3854
vt 0.603199 0.290227
f 3854/3884/3854 3857/3885/3857 3856/3871/3856
f 3856/3871/3856 3857/3885/3857 3849/3872/3849
f 3857/3885/3857 3850/3877/3850 3849/3872/3849
vt 0.605777 0.292969
f 3857/3885/3857 3868/3886/3868 3850/3877/3850
f 3852/3879/3852 3850/3877/3850 3868/3886/3868
vt 0.542117 0.294155
f 3852/3879/3852 3868/3886/3868 3858/3887/3858
f 3859/3881/3859 3852/3879/3852 3858/3887/3858
vt 0.538582 0.294162
f 3858/3887/3858 3860/3888/3860 3859/3881/3859
vt 0.538598 0.294242
f 3859/3881/3859 3860/3888/3860 3861/3889/3861
vt 0.871426 0.308160
f 3862/3890/3862 3859/3881/3859 3861/3889/3861
vt 0.471400 0.294400
f 3861/3889/3861 3863/3891/3863 3862/3890/3862
vt 0.128724 0.309885
f 3862/3890/3862 3863/3891/3863 3864/3892/3864
vt 0.871420 0.307748
f 3864/3892/3864 3865/3893/3865 3862/3890/3862
f 3865/3893/3865 3953/3032/3953 3862/3890/3862
vt 0.857280 0.293151
f 3953/3032/3953 4238/3894/4238 3862/3890/3862
vt 0.825067 0.293574
f 4238/3894/4238 4247/3895/4247 3862/3890/3862
vt 0.821532 0.293585
f 3862/3890/3862 4247/3895/4247 4248/3896/4248
vt 0.754331 0.293739
f 4248/3896/4248 4250/3897/4250 3862/3890/3862
vt 0.750795 0.293749
f 3862/3890/3862 4250/3897/4250 4253/3898/4253
vt 0.683600 0.293907
f 4253/3898/4253 4254/3899/4254 3862/3890/3862
vt 0.680062 0.293914
f 3862/3890/3862 4254/3899/4254 4255/3900/4255
vt 0.612870 0.294071
f 3862/3890/3862 4255/3900/4255 4258/3901/4258
f 4258/3901/4258 3866/3882/3866 3862/3890/3862
f 3862/3890/3862 3866/3882/3866 3859/3881/3859
vt 0.609316 0.293998
f 4258/3901/4258 3869/3902/3869 3866/3882/3866
f 3866/3882/3866 3869/3902/3869 3867/3883/3867
f 3867/3883/3867 3869/3902/3869 3868/3886/3868
f 3867/3883/3867 3868/3886/3868 3857/3885/3857
f 3854/3884/3854 3867/3883/3867 3857/3885/3857
f 3858/3887/3858 3868/3886/3868 3869/3902/3869
vt 0.871407 0.306947
f 3858/3887/3858 3869/3902/3869 4260/3903/4260
f 4260/3903/4260 3860/3888/3860 3858/3887/3858
vt 0.471384 0.294319
f 3870/3904/3870 3860/3888/3860 4260/3903/4260
vt 0.128705 0.308671
f 3871/3905/3871 3870/3904/3870 4260/3903/4260
vt 0.128712 0.309070
f 3871/3905/3871 4260/3903/4260 3872/3906/3872
vt 0.128689 0.299755
f 3871/3905/3871 3872/3906/3872 3954/3907/3954
vt 0.145450 0.294725
f 3954/3907/3954 3955/3908/3955 3871/3905/3871
vt 0.184915 0.294984
f 3955/3908/3955 3873/3909/3873 3871/3905/3871
vt 0.188453 0.294977
f 3871/3905/3871 3873/3909/3873 4567/3910/4567
vt 0.255645 0.294820
f 4567/3910/4567 3874/3911/3874 3871/3905/3871
vt 0.259183 0.294813
f 3871/3905/3871 3874/3911/3874 3875/3912/3875
vt 0.326382 0.294655
f 3875/3912/3875 4627/3913/4627 3871/3905/3871
vt 0.329917 0.294648
f 3871/3905/3871 4627/3913/4627 4561/3914/4561
vt 0.397115 0.294491
f 3871/3905/3871 4561/3914/4561 3876/3915/3876
vt 0.400653 0.294480
f 3876/3915/3876 3877/3916/3877 3871/3905/3871
vt 0.467849 0.294326
f 3877/3916/3877 3878/3917/3878 3871/3905/3871
f 3871/3905/3871 3878/3917/3878 3870/3904/3870
f 3870/3904/3870 3878/3917/3878 3863/3891/3863
vt 0.474922 0.293274
f 3863/3891/3863 3879/3918/3879 3870/3904/3870
vt 0.535044 0.293134
f 3879/3918/3879 3881/3919/3881 3870/3904/3870
f 3870/3904/3870 3881/3919/3881 3860/3888/3860
vt 0.535060 0.293214
f 3880/3920/3880 3860/3888/3860 3881/3919/3881
vt 0.532465 0.290388
f 3880/3920/3880 3881/3919/3881 3887/3921/3887
vt 0.477520 0.290517
f 3883/3922/3883 3880/3920/3880 3887/3921/3887
vt 0.478460 0.286649
f 3883/3922/3883 3887/3921/3887 3888/3923/3888
vt 0.478441 0.286568
f 3888/3923/3888 3882/3924/3882 3883/3922/3883
vt 0.477504 0.290437
f 3883/3922/3883 3882/3924/3882 3884/3925/3884
vt 0.474938 0.293354
f 3883/3922/3883 3884/3925/3884 3885/3926/3885
f 3885/3926/3885 3880/3920/3880 3883/3922/3883
f 3880/3920/3880 3885/3926/3885 3861/3889/3861
f 3861/3889/3861 3860/3888/3860 3880/3920/3880
f 3861/3889/3861 3885/3926/3885 3863/3891/3863
f 3885/3926/3885 3879/3918/3879 3863/3891/3863
f 3885/3926/3885 3884/3925/3884 3879/3918/3879
vt 0.532449 0.290307
f 3884/3925/3884 3886/3927/3886 3879/3918/3879
f 3879/3918/3879 3886/3927/3886 3881/3919/3881
f 3887/3921/3887 3881/3919/3881 3886/3927/3886
vt 0.531509 0.286526
f 3887/3921/3887 3886/3927/3886 3897/3928/3897
f 3888/3923/3888 3887/3921/3887 3897/3928/3897
vt 0.478415 0.263451
f 3888/3923/3888 3897/3928/3897 3899/3929/3899
f 3899/3929/3899 3882/3924/3882 3888/3923/3888
vt 0.478399 0.263374
f 3889/3930/3889 3882/3924/3882 3899/3929/3899
vt 0.477446 0.259509
f 3899/3929/3899 3900/3931/3900 3889/3930/3889
vt 0.532392 0.259380
f 3891/3932/3891 3889/3930/3889 3900/3931/3900
vt 0.505004 0.243122
f 3891/3932/3891 3900/3931/3900 4706/3933/4706
vt 0.534973 0.256543
f 4706/3933/4706 4705/3934/4705 3891/3932/3891
vt 0.534989 0.256624
f 3890/3935/3890 3891/3932/3891 4705/3934/4705
vt 0.538528 0.255581
f 3890/3935/3890 4705/3934/4705 3892/3936/3892
vt 0.506747 0.242506
f 3894/3937/3894 3890/3935/3890 3892/3936/3892
vt 0.509076 0.239463
f 3894/3937/3894 3892/3936/3892 4702/3938/4702
vt 0.508139 0.241132
f 3893/3939/3893 3894/3937/3894 4702/3938/4702
vt 0.509374 0.237400
f 3893/3939/3893 4702/3938/4702 4406/3940/4406
vt 0.569822 0.239243
f 4406/3940/4406 3895/3941/3895 3893/3939/3893
vt 0.538512 0.255501
f 3895/3941/3895 4704/3942/4704 3893/3939/3893
f 3893/3939/3893 4704/3942/4704 4706/3933/4706
f 4706/3933/4706 3894/3937/3894 3893/3939/3893
vt 0.503177 0.243203
f 4706/3933/4706 3902/3943/3902 3894/3937/3894
f 3902/3943/3902 3890/3935/3890 3894/3937/3894
vt 0.532408 0.259460
f 3902/3943/3902 3907/3944/3907 3890/3935/3890
f 3907/3944/3907 3891/3932/3891 3890/3935/3890
vt 0.531451 0.263248
f 3907/3944/3907 3898/3945/3898 3891/3932/3891
f 3898/3945/3898 3889/3930/3889 3891/3932/3891
f 3889/3930/3889 3898/3945/3898 3882/3924/3882
vt 0.531493 0.286446
f 3882/3924/3882 3898/3945/3898 3896/3946/3896
f 3882/3924/3882 3896/3946/3896 3884/3925/3884
f 3884/3925/3884 3896/3946/3896 3886/3927/3886
f 3897/3928/3897 3886/3927/3886 3896/3946/3896
f 3896/3946/3896 3898/3945/3898 3897/3928/3897
vt 0.531467 0.263329
f 3897/3928/3897 3898/3945/3898 3906/3947/3906
f 3899/3929/3899 3897/3928/3897 3906/3947/3906
vt 0.477462 0.259590
f 3899/3929/3899 3906/3947/3906 3905/3948/3905
f 3905/3948/3905 3900/3931/3900 3899/3929/3899
vt 0.474852 0.256687
f 3905/3948/3905 3901/3949/3901 3900/3931/3900
f 4706/3933/4706 3900/3931/3900 3901/3949/3901
vt 0.501427 0.242440
f 4706/3933/4706 3901/3949/3901 3908/3950/3908
f 3908/3950/3908 3902/3943/3902 4706/3933/4706
vt 0.500029 0.241226
f 3908/3950/3908 3914/3951/3914 3902/3943/3902
vt 0.471329 0.255739
f 3914/3951/3914 3903/3952/3903 3902/3943/3902
vt 0.474868 0.256767
f 3902/3943/3902 3903/3952/3903 3904/3953/3904
f 3902/3943/3902 3904/3953/3904 3905/3948/3905
f 3905/3948/3905 3907/3944/3907 3902/3943/3902
f 3905/3948/3905 3906/3947/3906 3907/3944/3907
f 3906/3947/3906 3898/3945/3898 3907/3944/3907
f 3904/3953/3904 3901/3949/3901 3905/3948/3905
vt 0.471313 0.255658
f 3904/3953/3904 3915/3954/3915 3901/3949/3901
f 3908/3950/3908 3901/3949/3901 3915/3954/3915
vt 0.499088 0.239407
f 3908/3950/3908 3915/3954/3915 3922/3955/3922
f 3922/3955/3922 3914/3951/3914 3908/3950/3908
vt 0.498781 0.237501
f 3922/3955/3922 3909/3956/3909 3914/3951/3914
vt 0.438343 0.239624
f 3912/3957/3912 3914/3951/3914 3909/3956/3909
vt 0.438333 0.235658
f 3912/3957/3912 3909/3956/3909 3910/3958/3910
vt 0.438643 0.237564
f 3911/3959/3911 3912/3957/3912 3910/3958/3910
vt 0.437393 0.233839
f 3911/3959/3911 3910/3958/3910 4427/3960/4427
vt 0.499082 0.235441
f 4427/3960/4427 4425/3961/4425 3911/3959/3911
f 3911/3959/3911 4425/3961/4425 3922/3955/3922
vt 0.437409 0.241296
f 3911/3959/3911 3922/3955/3922 3921/3962/3921
f 3921/3962/3921 3912/3957/3912 3911/3959/3911
vt 0.436017 0.242671
f 3921/3962/3921 3923/3963/3923 3912/3957/3912
vt 0.467791 0.255746
f 3923/3963/3923 3913/3964/3913 3912/3957/3912
f 3912/3957/3912 3913/3964/3913 3914/3951/3914
f 3913/3964/3913 3903/3952/3903 3914/3951/3914
f 3913/3964/3913 3915/3954/3915 3903/3952/3903
f 3903/3952/3903 3915/3954/3915 3904/3953/3904
vt 0.467775 0.255669
f 3916/3965/3916 3915/3954/3915 3913/3964/3913
vt 0.464243 0.256711
f 3913/3964/3913 3924/3966/3924 3916/3965/3916
vt 0.434267 0.243286
f 3917/3967/3917 3916/3965/3916 3924/3966/3924
vt 0.461658 0.259548
f 3917/3967/3917 3924/3966/3924 3930/3968/3930
vt 0.406713 0.259674
f 3930/3968/3930 3918/3969/3918 3917/3967/3917
vt 0.404118 0.256847
f 3917/3967/3917 3918/3969/3918 3919/3970/3919
vt 0.430694 0.242604
f 3917/3967/3917 3919/3970/3919 4634/3971/4634
vt 0.432440 0.243367
f 4634/3971/4634 3920/3972/3920 3917/3967/3917
f 3917/3967/3917 3920/3972/3920 3923/3963/3923
f 3917/3967/3917 3923/3963/3923 3921/3962/3921
f 3921/3962/3921 3916/3965/3916 3917/3967/3917
f 3921/3962/3921 3922/3955/3922 3916/3965/3916
f 3922/3955/3922 3915/3954/3915 3916/3965/3916
vt 0.464259 0.256788
f 3920/3972/3920 3925/3973/3925 3923/3963/3923
f 3923/3963/3923 3925/3973/3925 3913/3964/3913
f 3925/3973/3925 3924/3966/3924 3913/3964/3913
f 3925/3973/3925 3930/3968/3930 3924/3966/3924
vt 0.461674 0.259625
f 3928/3974/3928 3930/3968/3930 3925/3973/3925
f 3920/3972/3920 3928/3974/3928 3925/3973/3925
vt 0.406729 0.259754
f 3927/3975/3927 3928/3974/3928 3920/3972/3920
vt 0.404134 0.256928
f 3920/3972/3920 3926/3976/3926 3927/3975/3927
f 3926/3976/3926 3919/3970/3919 3927/3975/3927
f 3927/3975/3927 3919/3970/3919 3918/3969/3918
vt 0.407682 0.263616
f 3927/3975/3927 3918/3969/3918 3931/3977/3931
vt 0.460734 0.263493
f 3931/3977/3931 3935/3978/3935 3927/3975/3927
f 3927/3975/3927 3935/3978/3935 3928/3974/3928
vt 0.460718 0.263413
f 3935/3978/3935 3929/3979/3929 3928/3974/3928
f 3928/3974/3928 3929/3979/3929 3930/3968/3930
vt 0.407666 0.263539
f 3929/3979/3929 3932/3980/3932 3930/3968/3930
f 3930/3968/3930 3932/3980/3932 3918/3969/3918
f 3931/3977/3931 3918/3969/3918 3932/3980/3932
vt 0.407711 0.286733
f 3932/3980/3932 3933/3981/3933 3931/3977/3931
vt 0.407727 0.286813
f 3931/3977/3931 3933/3981/3933 3934/3982/3934
vt 0.460775 0.286691
f 3934/3982/3934 3941/3983/3941 3931/3977/3931
f 3931/3977/3931 3941/3983/3941 3935/3978/3935
f 3941/3983/3941 3929/3979/3929 3935/3978/3935
vt 0.460759 0.286610
f 3936/3984/3936 3929/3979/3929 3941/3983/3941
vt 0.461716 0.290472
f 3941/3983/3941 3943/3985/3943 3936/3984/3936
vt 0.406770 0.290601
f 3943/3985/3943 3938/3986/3938 3936/3984/3936
f 3936/3984/3936 3938/3986/3938 3933/3981/3933
f 3936/3984/3936 3933/3981/3933 3929/3979/3929
f 3929/3979/3929 3933/3981/3933 3932/3980/3932
vt 0.406786 0.290682
f 3937/3987/3937 3933/3981/3933 3938/3986/3938
vt 0.404201 0.293519
f 3937/3987/3937 3938/3986/3938 3939/3988/3939
vt 0.464326 0.293379
f 3939/3988/3939 3940/3989/3940 3937/3987/3937
vt 0.461732 0.290552
f 3937/3987/3937 3940/3989/3940 3942/3990/3942
f 3937/3987/3937 3942/3990/3942 3934/3982/3934
f 3934/3982/3934 3933/3981/3933 3937/3987/3937
f 3934/3982/3934 3942/3990/3942 3941/3983/3941
f 3942/3990/3942 3943/3985/3943 3941/3983/3941
vt 0.464307 0.293298
f 3942/3990/3942 3945/3991/3945 3943/3985/3943
vt 0.404185 0.293438
f 3945/3991/3945 3944/3992/3944 3943/3985/3943
f 3943/3985/3943 3944/3992/3944 3938/3986/3938
f 3939/3988/3939 3938/3986/3938 3944/3992/3944
vt 0.400669 0.294561
f 3939/3988/3939 3944/3992/3944 3946/3993/3946
vt 0.467865 0.294407
f 3946/3993/3946 3947/3994/3947 3939/3988/3939
f 3939/3988/3939 3947/3994/3947 3940/3989/3940
f 3947/3994/3947 3878/3917/3878 3940/3989/3940
f 3940/3989/3940 3878/3917/3878 3945/3991/3945
f 3940/3989/3940 3945/3991/3945 3942/3990/3942
f 3877/3916/3877 3945/3991/3945 3878/3917/3878
f 3944/3992/3944 3945/3991/3945 3877/3916/3877
f 3946/3993/3946 3944/3992/3944 3877/3916/3877
f 3877/3916/3877 3876/3915/3876 3946/3993/3946
vt 0.397131 0.294571
f 3946/3993/3946 3876/3915/3876 3948/3995/3948
f 3946/3993/3946 3948/3995/3948 3864/3892/3864
f 3864/3892/3864 3947/3994/3947 3946/3993/3946
f 3864/3892/3864 3863/3891/3863 3947/3994/3947
f 3863/3891/3863 3878/3917/3878 3947/3994/3947
vt 0.329933 0.294725
f 3948/3995/3948 4557/3996/4557 3864/3892/3864
vt 0.326398 0.294732
f 3864/3892/3864 4557/3996/4557 4562/3997/4562
vt 0.259199 0.294890
f 4562/3997/4562 3949/3998/3949 3864/3892/3864
vt 0.255664 0.294897
f 3864/3892/3864 3949/3998/3949 4566/3999/4566
vt 0.188469 0.295054
f 3864/3892/3864 4566/3999/4566 4568/4000/4568
vt 0.184931 0.295064
f 4568/4000/4568 4569/4001/4569 3864/3892/3864
vt 0.147196 0.294113
f 3864/3892/3864 4569/4001/4569 3956/4002/3956
vt 0.143623 0.294809
f 3864/3892/3864 3956/4002/3956 3950/4003/3950
vt 0.128705 0.299832
f 3950/4003/3950 3977/4004/3977 3864/3892/3864
vt 0.128721 0.309475
f 3977/4004/3977 3951/4005/3951 3864/3892/3864
f 3951/4005/3951 3865/3893/3865 3864/3892/3864
vt 0.871410 0.307342
f 3951/4005/3951 3952/4006/3952 3865/3893/3865
f 3952/4006/3952 3953/3032/3953 3865/3893/3865
f 4260/3903/4260 3953/3032/3953 3952/4006/3952
f 3872/3906/3872 4260/3903/4260 3952/4006/3952
f 3872/3906/3872 3952/4006/3952 3951/4005/3951
f 3977/4004/3977 3872/3906/3872 3951/4005/3951
f 3954/3907/3954 3872/3906/3872 3977/4004/3977
vt 0.129041 0.295883
f 3954/3907/3954 3977/4004/3977 3973/4007/3973
vt 0.141873 0.294047
f 3973/4007/3973 3972/4008/3972 3954/3907/3954
f 3954/3907/3954 3972/4008/3972 3955/3908/3955
f 3972/4008/3972 3950/4003/3950 3955/3908/3955
f 3955/3908/3955 3950/4003/3950 3956/4002/3956
vt 0.148588 0.292735
f 3955/3908/3955 3956/4002/3956 3959/4009/3959
vt 0.181376 0.293956
f 3959/4009/3959 3961/4010/3961 3955/3908/3955
f 3955/3908/3955 3961/4010/3961 3873/3909/3873
vt 0.181392 0.294033
f 4570/4011/4570 3873/3909/3873 3961/4010/3961
vt 0.178798 0.291210
f 4570/4011/4570 3961/4010/3961 3960/4012/3960
f 3956/4002/3956 4570/4011/4570 3960/4012/3960
vt 0.149522 0.291066
f 3956/4002/3956 3960/4012/3960 3957/4013/3957
f 3959/4009/3959 3956/4002/3956 3957/4013/3957
vt 0.149820 0.289003
f 3959/4009/3959 3957/4013/3957 3964/4014/3964
vt 0.178782 0.291133
f 3964/4014/3964 3958/4015/3958 3959/4009/3959
f 3959/4009/3959 3958/4015/3958 3961/4010/3961
f 3960/4012/3960 3961/4010/3961 3958/4015/3958
vt 0.177841 0.287348
f 3960/4012/3960 3958/4015/3958 3962/4016/3962
f 3957/4013/3957 3960/4012/3960 3962/4016/3962
vt 0.149513 0.287100
f 3957/4013/3957 3962/4016/3962 3963/4017/3963
f 3964/4014/3964 3957/4013/3957 3963/4017/3963
vt 0.148572 0.285281
f 3964/4014/3964 3963/4017/3963 3968/4018/3968
vt 0.177825 0.287268
f 3968/4018/3968 3966/4019/3966 3964/4014/3964
f 3964/4014/3964 3966/4019/3966 3958/4015/3958
f 3962/4016/3962 3958/4015/3958 3966/4019/3966
vt 0.177784 0.264070
f 3966/4019/3966 3985/4020/3985 3962/4016/3962
vt 0.177800 0.264151
f 3962/4016/3962 3985/4020/3985 3987/4021/3987
vt 0.147177 0.284067
f 3969/4022/3969 3962/4016/3962 3987/4021/3987
vt 0.143601 0.283389
f 3969/4022/3969 3987/4021/3987 3986/4023/3986
vt 0.145427 0.283305
f 3967/4024/3967 3969/4022/3969 3986/4023/3986
vt 0.141854 0.284001
f 3967/4024/3967 3986/4023/3986 3965/4025/3965
f 3965/4025/3965 3985/4020/3985 3967/4024/3967
f 3967/4024/3967 3985/4020/3985 3966/4019/3966
f 3967/4024/3967 3966/4019/3966 3968/4018/3968
f 3968/4018/3968 3969/4022/3969 3967/4024/3967
f 3968/4018/3968 3963/4017/3963 3969/4022/3969
f 3963/4017/3963 3962/4016/3962 3969/4022/3969
vt 0.178724 0.260202
f 3983/4026/3983 3985/4020/3985 3965/4025/3965
vt 0.181306 0.257365
f 3983/4026/3983 3965/4025/3965 3988/4027/3988
vt 0.181322 0.257449
f 3970/4028/3970 3983/4026/3983 3988/4027/3988
vt 0.184857 0.256403
f 3970/4028/3970 3988/4027/3988 3990/4029/3990
vt 0.248431 0.209861
f 3990/4029/3990 3992/4030/3992 3970/4028/3970
vt 0.248389 0.186664
f 3970/4028/3970 3992/4030/3992 3994/4031/3994
vt 0.249330 0.182799
f 3970/4028/3970 3994/4031/3994 3995/4032/3995
f 3970/4028/3970 3995/4032/3995 3998/2652/3998
f 2642/2725/2642 3970/4028/3970 3998/2652/3998
vt 0.131802 0.288761
f 3998/2652/3998 3971/4033/3971 2642/2725/2642
vt 0.130106 0.292249
f 2642/2725/2642 3971/4033/3971 3974/4034/3974
vt 0.139227 0.289111
f 3981/4035/3981 2642/2725/2642 3974/4034/3974
vt 0.140475 0.292833
f 3981/4035/3981 3974/4034/3974 3976/4036/3976
vt 0.139534 0.291011
f 3979/4037/3979 3981/4035/3981 3976/4036/3976
f 3979/4037/3979 3976/4036/3976 3972/4008/3972
vt 0.130090 0.292168
f 3978/4038/3978 3979/4037/3979 3972/4008/3972
f 3978/4038/3978 3972/4008/3972 3973/4007/3973
f 3974/4034/3974 3978/4038/3978 3973/4007/3973
vt 0.129057 0.295963
f 3973/4007/3973 3975/4039/3975 3974/4034/3974
f 3976/4036/3976 3974/4034/3974 3975/4039/3975
f 3976/4036/3976 3975/4039/3975 3950/4003/3950
f 3972/4008/3972 3976/4036/3976 3950/4003/3950
f 3950/4003/3950 3975/4039/3975 3977/4004/3977
f 3973/4007/3973 3977/4004/3977 3975/4039/3975
f 3974/4034/3974 3971/4033/3971 3978/4038/3978
f 3971/4033/3971 3979/4037/3979 3978/4038/3978
vt 0.139528 0.287044
f 3971/4033/3971 3980/4040/3980 3979/4037/3979
f 3980/4040/3980 3981/4035/3981 3979/4037/3979
vt 0.140462 0.285379
f 3980/4040/3980 3982/4041/3982 3981/4035/3981
f 3982/4041/3982 2642/2725/2642 3981/4035/3981
f 3982/4041/3982 3986/4023/3986 2642/2725/2642
f 2642/2725/2642 3986/4023/3986 3970/4028/3970
vt 0.178740 0.260282
f 3986/4023/3986 3984/4042/3984 3970/4028/3970
f 3984/4042/3984 3983/4026/3983 3970/4028/3970
f 3984/4042/3984 3985/4020/3985 3983/4026/3983
f 3987/4021/3987 3985/4020/3985 3984/4042/3984
f 3986/4023/3986 3987/4021/3987 3984/4042/3984
f 3965/4025/3965 3986/4023/3986 3982/4041/3982
f 3965/4025/3965 3982/4041/3982 3980/4040/3980
f 3965/4025/3965 3980/4040/3980 3971/4033/3971
f 3988/4027/3988 3965/4025/3965 3971/4033/3971
vt 0.264583 0.077662
f 3988/4027/3988 3971/4033/3971 4001/4043/4001
vt 0.249314 0.182718
f 4001/4043/4001 4004/4044/4004 3988/4027/3988
vt 0.248373 0.186584
f 3988/4027/3988 4004/4044/4004 3989/4045/3989
vt 0.248415 0.209781
f 3988/4027/3988 3989/4045/3989 3993/4046/3993
vt 0.184841 0.256323
f 3993/4046/3993 3991/4047/3991 3988/4027/3988
f 3990/4029/3990 3988/4027/3988 3991/4047/3991
vt 0.188379 0.256316
f 3991/4047/3991 4591/4048/4591 3990/4029/3990
vt 0.188395 0.256396
f 3990/4029/3990 4591/4048/4591 4593/4049/4593
vt 0.251979 0.216553
f 4593/4049/4593 4588/4050/4588 3990/4029/3990
vt 0.249384 0.213727
f 3990/4029/3990 4588/4050/4588 4589/4051/4589
f 3990/4029/3990 4589/4051/4589 3992/4030/3992
vt 0.249368 0.213646
f 4589/4051/4589 4590/4052/4590 3992/4030/3992
f 3992/4030/3992 4590/4052/4590 3993/4046/3993
f 3993/4046/3993 3989/4045/3989 3992/4030/3992
f 3992/4030/3992 3989/4045/3989 3994/4031/3994
f 3994/4031/3994 3989/4045/3989 3995/4032/3995
f 3995/4032/3995 3989/4045/3989 4004/4044/4004
vt 0.251915 0.179962
f 3995/4032/3995 4004/4044/4004 4003/4053/4003
f 3998/2652/3998 3995/4032/3995 4003/4053/4003
vt 0.319020 0.132375
f 3998/2652/3998 4003/4053/4003 4005/4054/4005
vt 0.318982 0.109180
f 4005/4054/4005 3996/4055/3996 3998/2652/3998
vt 0.319919 0.105312
f 3998/2652/3998 3996/4055/3996 3997/4056/3997
vt 0.322501 0.102475
f 3998/2652/3998 3997/4056/3997 4009/4057/4009
vt 0.326039 0.101433
f 4009/4057/4009 4010/4058/4010 3998/2652/3998
f 3998/2652/3998 4010/4058/4010 2532/2589/2532
vt 0.292787 0.056073
f 2532/2589/2532 3999/4059/3999 3998/2652/3998
f 3998/2652/3998 3999/4059/3999 4001/4043/4001
f 4001/4043/4001 3971/4033/3971 3998/2652/3998
vt 0.326023 0.101352
f 3999/4059/3999 4011/4060/4011 4001/4043/4001
vt 0.322488 0.102398
f 4001/4043/4001 4011/4060/4011 4000/4061/4000
vt 0.319903 0.105232
f 4001/4043/4001 4000/4061/4000 4008/4062/4008
vt 0.318963 0.109100
f 4008/4062/4008 4007/4063/4007 4001/4043/4001
vt 0.319004 0.132298
f 4001/4043/4001 4007/4063/4007 4631/4064/4631
vt 0.251899 0.179885
f 4631/4064/4631 4002/4065/4002 4001/4043/4001
f 4001/4043/4001 4002/4065/4002 4004/4044/4004
f 4003/4053/4003 4004/4044/4004 4002/4065/4002
vt 0.255446 0.178916
f 4003/4053/4003 4002/4065/4002 4628/4066/4628
f 4005/4054/4005 4003/4053/4003 4628/4066/4628
vt 0.319977 0.136240
f 4005/4054/4005 4628/4066/4628 4629/4067/4629
vt 0.319961 0.136163
f 4629/4067/4629 4006/4068/4006 4005/4054/4005
f 4005/4054/4005 4006/4068/4006 4631/4064/4631
f 4631/4064/4631 4007/4063/4007 4005/4054/4005
f 4005/4054/4005 4007/4063/4007 3996/4055/3996
f 3996/4055/3996 4007/4063/4007 3997/4056/3997
f 3997/4056/3997 4007/4063/4007 4008/4062/4008
f 3997/4056/3997 4008/4062/4008 4009/4057/4009
f 4009/4057/4009 4008/4062/4008 4000/4061/4000
f 4009/4057/4009 4000/4061/4000 4010/4058/4010
f 4010/4058/4010 4000/4061/4000 4011/4060/4011
vt 0.329558 0.101345
f 4011/4060/4011 4016/4069/4016 4010/4058/4010
vt 0.329577 0.101422
f 4010/4058/4010 4016/4069/4016 4019/4070/4019
f 2532/2589/2532 4010/4058/4010 4019/4070/4019
vt 0.428995 0.079295
f 2532/2589/2532 4019/4070/4019 4012/4071/4012
f 4012/4071/4012 4733/2554/4733 2532/2589/2532
vt 0.322626 0.037297
f 4733/2554/4733 4835/4072/4835 2532/2589/2532
f 2532/2589/2532 4835/4072/4835 3999/4059/3999
vt 0.430390 0.077917
f 4013/4073/4013 3999/4059/3999 4835/4072/4835
vt 0.396594 0.027958
f 4013/4073/4013 4835/4072/4835 4827/4074/4827
vt 0.460327 0.054646
f 4827/4074/4827 4810/4075/4810 4013/4073/4013
vt 0.461284 0.058511
f 4013/4073/4013 4810/4075/4810 4812/4076/4812
vt 0.433960 0.077221
f 4013/4073/4013 4812/4076/4812 4014/4077/4014
vt 0.432136 0.077302
f 4014/4077/4014 4836/4078/4836 4013/4073/4013
f 4013/4073/4013 4836/4078/4836 4012/4071/4012
vt 0.428064 0.080964
f 4013/4073/4013 4012/4071/4012 4015/4079/4015
f 4015/4079/4015 3999/4059/3999 4013/4073/4013
vt 0.396757 0.101188
f 4015/4079/4015 4026/4080/4026 3999/4059/3999
f 4026/4080/4026 4016/4069/4016 3999/4059/3999
f 3999/4059/3999 4016/4069/4016 4011/4060/4011
vt 0.333097 0.102370
f 4026/4080/4026 4017/4081/4017 4016/4069/4016
vt 0.333113 0.102451
f 4020/4082/4020 4016/4069/4016 4017/4081/4017
vt 0.335707 0.105277
f 4020/4082/4020 4017/4081/4017 4028/4083/4028
vt 0.390653 0.105148
f 4028/4083/4028 4018/4084/4018 4020/4082/4020
vt 0.393238 0.102311
f 4020/4082/4020 4018/4084/4018 4021/4085/4021
f 4020/4082/4020 4021/4085/4021 4019/4070/4019
f 4019/4070/4019 4016/4069/4016 4020/4082/4020
vt 0.396773 0.101265
f 4019/4070/4019 4021/4085/4021 4022/4086/4022
vt 0.427760 0.083024
f 4019/4070/4019 4022/4086/4022 4023/4087/4023
f 4012/4071/4012 4019/4070/4019 4023/4087/4023
f 4015/4079/4015 4012/4071/4012 4023/4087/4023
vt 0.428070 0.084930
f 4015/4079/4015 4023/4087/4023 4024/4088/4024
f 4024/4088/4024 4026/4080/4026 4015/4079/4015
vt 0.400292 0.101181
f 4024/4088/4024 4093/4089/4093 4026/4080/4026
f 4026/4080/4026 4093/4089/4093 4022/4086/4022
vt 0.393222 0.102234
f 4022/4086/4022 4025/4090/4025 4026/4080/4026
f 4025/4090/4025 4017/4081/4017 4026/4080/4026
vt 0.335691 0.105197
f 4017/4081/4017 4025/4090/4025 4027/4091/4027
f 4028/4083/4028 4017/4081/4017 4027/4091/4027
vt 0.336664 0.109138
f 4028/4083/4028 4027/4091/4027 4031/4092/4031
vt 0.389712 0.109016
f 4031/4092/4031 4032/4093/4032 4028/4083/4028
f 4028/4083/4028 4032/4093/4032 4018/4084/4018
vt 0.389696 0.108936
f 4032/4093/4032 4029/4094/4029 4018/4084/4018
vt 0.390637 0.105067
f 4018/4084/4018 4029/4094/4029 4047/4095/4047
f 4018/4084/4018 4047/4095/4047 4021/4085/4021
f 4021/4085/4021 4047/4095/4047 4025/4090/4025
f 4021/4085/4021 4025/4090/4025 4022/4086/4022
f 4027/4091/4027 4025/4090/4025 4047/4095/4047
vt 0.336648 0.109062
f 4027/4091/4027 4047/4095/4047 4046/4096/4046
f 4031/4092/4031 4027/4091/4027 4046/4096/4046
vt 0.336689 0.132259
f 4046/4096/4046 4045/4097/4045 4031/4092/4031
vt 0.336708 0.132336
f 4031/4092/4031 4045/4097/4045 4030/4098/4030
vt 0.389757 0.132214
f 4030/4098/4030 4033/4099/4033 4031/4092/4031
f 4031/4092/4031 4033/4099/4033 4032/4093/4032
f 4033/4099/4033 4029/4094/4029 4032/4093/4032
vt 0.389741 0.132133
f 4034/4100/4034 4029/4094/4029 4033/4099/4033
vt 0.390694 0.135998
f 4033/4099/4033 4050/4101/4050 4034/4100/4034
vt 0.335749 0.136128
f 4035/4102/4035 4034/4100/4034 4050/4101/4050
vt 0.333164 0.138961
f 4035/4102/4035 4050/4101/4050 4039/4103/4039
vt 0.333180 0.139041
f 4044/4104/4044 4035/4102/4035 4039/4103/4039
vt 0.329648 0.140084
f 4044/4104/4044 4039/4103/4039 4036/4105/4036
vt 0.361544 0.154788
f 4043/4106/4043 4044/4104/4044 4036/4105/4036
vt 0.358405 0.156779
f 4043/4106/4043 4036/4105/4036 4513/4107/4513
vt 0.359800 0.155404
f 4037/4108/4037 4043/4106/4043 4513/4107/4513
vt 0.357471 0.158451
f 4037/4108/4037 4513/4107/4513 4512/4109/4512
vt 0.326094 0.140014
f 4512/4109/4512 4509/4110/4509 4037/4108/4037
vt 0.329632 0.140007
f 4037/4108/4037 4509/4110/4509 4038/4111/4038
f 4037/4108/4037 4038/4111/4038 4039/4103/4039
vt 0.363370 0.154708
f 4041/4112/4041 4037/4108/4037 4039/4103/4039
vt 0.393289 0.138824
f 4039/4103/4039 4040/4113/4040 4041/4112/4041
vt 0.396827 0.139849
f 4041/4112/4041 4040/4113/4040 4053/4114/4053
vt 0.366518 0.156684
f 4041/4112/4041 4053/4114/4053 4054/4115/4054
vt 0.365120 0.155471
f 4054/4115/4054 4042/4116/4042 4041/4112/4041
f 4041/4112/4041 4042/4116/4042 4043/4106/4043
f 4041/4112/4041 4043/4106/4043 4037/4108/4037
vt 0.393305 0.138901
f 4042/4116/4042 4051/4117/4051 4043/4106/4043
f 4043/4106/4043 4051/4117/4051 4044/4104/4044
vt 0.335765 0.136205
f 4044/4104/4044 4051/4117/4051 4048/4118/4048
f 4048/4118/4048 4035/4102/4035 4044/4104/4044
f 4048/4118/4048 4045/4097/4045 4035/4102/4035
f 4045/4097/4045 4034/4100/4034 4035/4102/4035
f 4045/4097/4045 4029/4094/4029 4034/4100/4034
f 4046/4096/4046 4029/4094/4029 4045/4097/4045
f 4046/4096/4046 4047/4095/4047 4029/4094/4029
f 4030/4098/4030 4045/4097/4045 4048/4118/4048
vt 0.390710 0.136075
f 4048/4118/4048 4049/4119/4049 4030/4098/4030
f 4030/4098/4030 4049/4119/4049 4033/4099/4033
f 4049/4119/4049 4050/4101/4050 4033/4099/4033
f 4049/4119/4049 4040/4113/4040 4050/4101/4050
f 4039/4103/4039 4050/4101/4050 4040/4113/4040
f 4051/4117/4051 4040/4113/4040 4049/4119/4049
f 4048/4118/4048 4051/4117/4051 4049/4119/4049
f 4051/4117/4051 4053/4114/4053 4040/4113/4040
vt 0.396843 0.139930
f 4052/4120/4052 4053/4114/4053 4051/4117/4051
f 4042/4116/4042 4052/4120/4052 4051/4117/4051
vt 0.367459 0.158503
f 4060/4121/4060 4052/4120/4052 4042/4116/4042
f 4054/4115/4054 4060/4121/4060 4042/4116/4042
vt 0.367766 0.160406
f 4055/4122/4055 4060/4121/4060 4054/4115/4054
vt 0.400365 0.139842
f 4059/4123/4059 4055/4122/4055 4054/4115/4054
f 4054/4115/4054 4053/4114/4053 4059/4123/4059
vt 0.400381 0.139923
f 4059/4123/4059 4053/4114/4053 4056/4124/4056
vt 0.403900 0.138796
f 4056/4124/4056 4057/4125/4057 4059/4123/4059
vt 0.464022 0.138653
f 4057/4125/4057 4058/4126/4058 4059/4123/4059
vt 0.467561 0.139685
f 4059/4123/4059 4058/4126/4058 4067/4127/4067
vt 0.400436 0.178500
f 4067/4127/4067 4644/4128/4644 4059/4123/4059
f 4059/4123/4059 4644/4128/4644 4055/4122/4055
vt 0.366531 0.164135
f 4055/4122/4055 4644/4128/4644 4483/4129/4483
vt 0.367465 0.162470
f 4483/4129/4483 4062/4130/4062 4055/4122/4055
f 4055/4122/4055 4062/4130/4062 4060/4121/4060
vt 0.400452 0.178581
f 4061/4131/4061 4060/4121/4060 4062/4130/4062
vt 0.396913 0.178587
f 4062/4130/4062 4480/4132/4480 4061/4131/4061
f 4480/4132/4480 4644/4128/4644 4061/4131/4061
vt 0.403990 0.179609
f 4061/4131/4061 4644/4128/4644 4646/4133/4646
vt 0.464112 0.179469
f 4646/4133/4646 4647/4134/4647 4061/4131/4061
vt 0.467647 0.178427
f 4061/4131/4061 4647/4134/4647 4063/4135/4063
vt 0.467577 0.139765
f 4061/4131/4061 4063/4135/4063 4069/4136/4069
f 4069/4136/4069 4056/4124/4056 4061/4131/4061
f 4061/4131/4061 4056/4124/4056 4060/4121/4060
f 4056/4124/4056 4052/4120/4052 4060/4121/4060
f 4056/4124/4056 4053/4114/4053 4052/4120/4052
vt 0.403916 0.138877
f 4069/4136/4069 4070/4137/4070 4056/4124/4056
f 4070/4137/4070 4057/4125/4057 4056/4124/4056
vt 0.406482 0.135963
f 4070/4137/4070 4072/4138/4072 4057/4125/4057
vt 0.461428 0.135830
f 4072/4138/4072 4064/4139/4064 4057/4125/4057
f 4057/4125/4057 4064/4139/4064 4058/4126/4058
vt 0.461447 0.135911
f 4065/4140/4065 4058/4126/4058 4064/4139/4064
vt 0.460491 0.132049
f 4065/4140/4065 4064/4139/4064 4073/4141/4073
vt 0.407439 0.132172
f 4066/4142/4066 4065/4140/4065 4073/4141/4073
vt 0.407397 0.108974
f 4066/4142/4066 4073/4141/4073 4076/4143/4076
vt 0.407423 0.132095
f 4076/4143/4076 4078/4144/4078 4066/4142/4066
vt 0.406501 0.136040
f 4066/4142/4066 4078/4144/4078 4071/4145/4071
f 4071/4145/4071 4065/4140/4065 4066/4142/4066
vt 0.464038 0.138737
f 4071/4145/4071 4068/4146/4068 4065/4140/4065
f 4068/4146/4068 4058/4126/4058 4065/4140/4065
f 4068/4146/4068 4067/4127/4067 4058/4126/4058
f 4069/4136/4069 4067/4127/4067 4068/4146/4068
f 4068/4146/4068 4070/4137/4070 4069/4136/4069
f 4070/4137/4070 4068/4146/4068 4071/4145/4071
f 4071/4145/4071 4072/4138/4072 4070/4137/4070
f 4071/4145/4071 4078/4144/4078 4072/4138/4072
vt 0.460475 0.131972
f 4078/4144/4078 4079/4147/4079 4072/4138/4072
f 4072/4138/4072 4079/4147/4079 4064/4139/4064
f 4073/4141/4073 4064/4139/4064 4079/4147/4079
vt 0.460430 0.108775
f 4079/4147/4079 4080/4148/4080 4073/4141/4073
vt 0.460446 0.108852
f 4073/4141/4073 4080/4148/4080 4074/4149/4074
f 4076/4143/4076 4073/4141/4073 4074/4149/4074
vt 0.406444 0.105113
f 4076/4143/4076 4074/4149/4074 4075/4150/4075
vt 0.406425 0.105032
f 4075/4150/4075 4086/4151/4086 4076/4143/4076
vt 0.407381 0.108897
f 4076/4143/4076 4086/4151/4086 4077/4152/4077
f 4077/4152/4077 4078/4144/4078 4076/4143/4076
f 4077/4152/4077 4080/4148/4080 4078/4144/4078
f 4078/4144/4078 4080/4148/4080 4079/4147/4079
vt 0.461370 0.104906
f 4080/4148/4080 4077/4152/4077 4081/4153/4081
vt 0.461389 0.104983
f 4092/4154/4092 4080/4148/4080 4081/4153/4081
vt 0.463971 0.102146
f 4092/4154/4092 4081/4153/4081 4082/4155/4082
vt 0.432156 0.088725
f 4090/4156/4090 4092/4154/4092 4082/4155/4082
vt 0.435729 0.088029
f 4090/4156/4090 4082/4155/4082 4083/4157/4083
vt 0.433982 0.088641
f 4085/4158/4085 4090/4156/4090 4083/4157/4083
vt 0.437121 0.086651
f 4085/4158/4085 4083/4157/4083 4095/4159/4095
vt 0.467490 0.101024
f 4095/4159/4095 4096/4160/4096 4085/4158/4085
vt 0.463955 0.102069
f 4085/4158/4085 4096/4160/4096 4084/4161/4084
f 4085/4158/4085 4084/4161/4084 4081/4153/4081
f 4081/4153/4081 4086/4151/4086 4085/4158/4085
vt 0.403830 0.102209
f 4085/4158/4085 4086/4151/4086 4094/4162/4094
vt 0.430409 0.087963
f 4085/4158/4085 4094/4162/4094 4087/4163/4087
f 4087/4163/4087 4090/4156/4090 4085/4158/4085
vt 0.429008 0.086749
f 4087/4163/4087 4088/4164/4088 4090/4156/4090
vt 0.400308 0.101258
f 4088/4164/4088 4089/4165/4089 4090/4156/4090
vt 0.403846 0.102286
f 4090/4156/4090 4089/4165/4089 4091/4166/4091
f 4090/4156/4090 4091/4166/4091 4075/4150/4075
f 4075/4150/4075 4092/4154/4092 4090/4156/4090
f 4075/4150/4075 4074/4149/4074 4092/4154/4092
f 4074/4149/4074 4080/4148/4080 4092/4154/4092
f 4091/4166/4091 4094/4162/4094 4075/4150/4075
f 4075/4150/4075 4094/4162/4094 4086/4151/4086
f 4091/4166/4091 4093/4089/4093 4094/4162/4094
f 4087/4163/4087 4094/4162/4094 4093/4089/4093
f 4087/4163/4087 4093/4089/4093 4024/4088/4024
f 4024/4088/4024 4088/4164/4088 4087/4163/4087
f 4024/4088/4024 4023/4087/4023 4088/4164/4088
f 4023/4087/4023 4022/4086/4022 4088/4164/4088
f 4088/4164/4088 4022/4086/4022 4089/4165/4089
f 4022/4086/4022 4093/4089/4093 4089/4165/4089
f 4089/4165/4089 4093/4089/4093 4091/4166/4091
f 4081/4153/4081 4077/4152/4077 4086/4151/4086
f 4082/4155/4082 4081/4153/4081 4084/4161/4084
vt 0.467506 0.101101
f 4082/4155/4082 4084/4161/4084 4097/4167/4097
f 4083/4157/4083 4082/4155/4082 4097/4167/4097
vt 0.438055 0.084983
f 4083/4157/4083 4097/4167/4097 4099/4168/4099
f 4095/4159/4095 4083/4157/4083 4099/4168/4099
vt 0.438356 0.082922
f 4095/4159/4095 4099/4168/4099 4101/4169/4101
vt 0.498801 0.084766
f 4101/4169/4101 4102/4170/4102 4095/4159/4095
f 4102/4170/4102 4096/4160/4096 4095/4159/4095
vt 0.471025 0.101017
f 4102/4170/4102 4103/4171/4103 4096/4160/4096
f 4096/4160/4096 4103/4171/4103 4097/4167/4097
f 4097/4167/4097 4084/4161/4084 4096/4160/4096
vt 0.471041 0.101094
f 4097/4167/4097 4103/4171/4103 4113/4172/4113
vt 0.499741 0.086585
f 4097/4167/4097 4113/4172/4113 4098/4173/4098
f 4099/4168/4099 4097/4167/4097 4098/4173/4098
vt 0.498497 0.082863
f 4099/4168/4099 4098/4173/4098 4803/4174/4803
vt 0.438048 0.081016
f 4099/4168/4099 4803/4174/4803 4100/4175/4100
f 4101/4169/4101 4099/4168/4099 4100/4175/4100
vt 0.437108 0.079197
f 4101/4169/4101 4100/4175/4100 4805/4176/4805
vt 0.498794 0.080799
f 4805/4176/4805 4802/4177/4802 4101/4169/4101
f 4101/4169/4101 4802/4177/4802 4102/4170/4102
f 4802/4177/4802 4803/4174/4803 4102/4170/4102
f 4102/4170/4102 4803/4174/4803 4098/4173/4098
vt 0.501139 0.087798
f 4102/4170/4102 4098/4173/4098 4112/4178/4112
f 4112/4178/4112 4103/4171/4103 4102/4170/4102
vt 0.474567 0.102045
f 4112/4178/4112 4111/4179/4111 4103/4171/4103
vt 0.474583 0.102122
f 4104/4180/4104 4103/4171/4103 4111/4179/4111
vt 0.477174 0.104948
f 4104/4180/4104 4111/4179/4111 4114/4181/4114
vt 0.502889 0.088561
f 4106/4182/4106 4104/4180/4104 4114/4181/4114
vt 0.532120 0.104819
f 4114/4181/4114 4105/4183/4105 4106/4182/4106
vt 0.534705 0.101982
f 4106/4182/4106 4105/4183/4105 4107/4184/4107
vt 0.506459 0.087865
f 4106/4182/4106 4107/4184/4107 4108/4185/4108
vt 0.504716 0.088477
f 4109/4186/4109 4106/4182/4106 4108/4185/4108
vt 0.507854 0.086487
f 4109/4186/4109 4108/4185/4108 4117/4187/4117
vt 0.538224 0.100859
f 4117/4187/4117 4118/4188/4118 4109/4186/4109
vt 0.534689 0.101905
f 4109/4186/4109 4118/4188/4118 4116/4189/4116
vt 0.532104 0.104742
f 4109/4186/4109 4116/4189/4116 4110/4190/4110
vt 0.477158 0.104868
f 4110/4190/4110 4695/4191/4695 4109/4186/4109
f 4109/4186/4109 4695/4191/4695 4111/4179/4111
f 4109/4186/4109 4111/4179/4111 4112/4178/4112
f 4112/4178/4112 4106/4182/4106 4109/4186/4109
f 4112/4178/4112 4098/4173/4098 4106/4182/4106
f 4098/4173/4098 4113/4172/4113 4106/4182/4106
f 4106/4182/4106 4113/4172/4113 4104/4180/4104
f 4113/4172/4113 4103/4171/4103 4104/4180/4104
f 4114/4181/4114 4111/4179/4111 4695/4191/4695
vt 0.478128 0.108810
f 4114/4181/4114 4695/4191/4695 4115/4192/4115
vt 0.531182 0.108687
f 4115/4192/4115 4693/4193/4693 4114/4181/4114
f 4114/4181/4114 4693/4193/4693 4105/4183/4105
vt 0.531163 0.108610
f 4693/4193/4693 4692/4194/4692 4105/4183/4105
f 4105/4183/4105 4692/4194/4692 4110/4190/4110
f 4105/4183/4105 4110/4190/4110 4107/4184/4107
f 4107/4184/4107 4110/4190/4110 4116/4189/4116
vt 0.538240 0.100940
f 4107/4184/4107 4116/4189/4116 4119/4195/4119
f 4108/4185/4108 4107/4184/4107 4119/4195/4119
vt 0.508788 0.084822
f 4108/4185/4108 4119/4195/4119 4121/4196/4121
f 4117/4187/4117 4108/4185/4108 4121/4196/4121
vt 0.509089 0.082758
f 4117/4187/4117 4121/4196/4121 4122/4197/4122
vt 0.569537 0.084601
f 4122/4197/4122 4124/4198/4124 4117/4187/4117
f 4124/4198/4124 4118/4188/4118 4117/4187/4117
vt 0.541759 0.100852
f 4124/4198/4124 4134/4199/4134 4118/4188/4118
f 4118/4188/4118 4134/4199/4134 4119/4195/4119
f 4119/4195/4119 4116/4189/4116 4118/4188/4118
vt 0.541778 0.100933
f 4119/4195/4119 4134/4199/4134 4120/4200/4120
vt 0.570478 0.086420
f 4119/4195/4119 4120/4200/4120 4133/4201/4133
f 4121/4196/4121 4119/4195/4119 4133/4201/4133
vt 0.569227 0.082699
f 4121/4196/4121 4133/4201/4133 4790/4202/4790
vt 0.508782 0.080855
f 4121/4196/4121 4790/4202/4790 4789/4203/4789
f 4122/4197/4122 4121/4196/4121 4789/4203/4789
vt 0.507841 0.079033
f 4122/4197/4122 4789/4203/4789 4788/4204/4788
vt 0.569528 0.080635
f 4788/4204/4788 4123/4205/4123 4122/4197/4122
f 4122/4197/4122 4123/4205/4123 4124/4198/4124
f 4123/4205/4123 4790/4202/4790 4124/4198/4124
f 4124/4198/4124 4790/4202/4790 4133/4201/4133
vt 0.571876 0.087634
f 4124/4198/4124 4133/4201/4133 4132/4206/4132
f 4132/4206/4132 4134/4199/4134 4124/4198/4124
vt 0.545297 0.101881
f 4132/4206/4132 4135/4207/4135 4134/4199/4134
vt 0.545313 0.101957
f 4125/4208/4125 4134/4199/4134 4135/4207/4135
vt 0.547908 0.104784
f 4125/4208/4125 4135/4207/4135 4126/4209/4126
vt 0.573623 0.088396
f 4127/4210/4127 4125/4208/4125 4126/4209/4126
vt 0.602853 0.104654
f 4126/4209/4126 4137/4211/4137 4127/4210/4127
vt 0.605438 0.101821
f 4127/4210/4127 4137/4211/4137 4138/4212/4138
vt 0.577196 0.087701
f 4127/4210/4127 4138/4212/4138 4128/4213/4128
vt 0.575449 0.088313
f 4129/4214/4129 4127/4210/4127 4128/4213/4128
vt 0.578588 0.086326
f 4129/4214/4129 4128/4213/4128 4142/4215/4142
vt 0.608954 0.100698
f 4142/4215/4142 4145/4216/4145 4129/4214/4129
vt 0.605422 0.101741
f 4129/4214/4129 4145/4216/4145 4139/4217/4139
vt 0.602837 0.104577
f 4129/4214/4129 4139/4217/4139 4130/4218/4130
vt 0.547892 0.104703
f 4130/4218/4130 4131/4219/4131 4129/4214/4129
f 4129/4214/4129 4131/4219/4131 4135/4207/4135
f 4129/4214/4129 4135/4207/4135 4132/4206/4132
f 4132/4206/4132 4127/4210/4127 4129/4214/4129
f 4132/4206/4132 4133/4201/4133 4127/4210/4127
f 4133/4201/4133 4120/4200/4120 4127/4210/4127
f 4127/4210/4127 4120/4200/4120 4125/4208/4125
f 4120/4200/4120 4134/4199/4134 4125/4208/4125
f 4126/4209/4126 4135/4207/4135 4131/4219/4131
vt 0.548864 0.108649
f 4126/4209/4126 4131/4219/4131 4668/4220/4668
vt 0.601913 0.108523
f 4668/4220/4668 4136/4221/4136 4126/4209/4126
f 4126/4209/4126 4136/4221/4136 4137/4211/4137
vt 0.601897 0.108446
f 4136/4221/4136 4669/4222/4669 4137/4211/4137
f 4137/4211/4137 4669/4222/4669 4130/4218/4130
f 4137/4211/4137 4130/4218/4130 4138/4212/4138
f 4138/4212/4138 4130/4218/4130 4139/4217/4139
vt 0.608973 0.100775
f 4138/4212/4138 4139/4217/4139 4144/4223/4144
f 4128/4213/4128 4138/4212/4138 4144/4223/4144
vt 0.579522 0.084657
f 4128/4213/4128 4144/4223/4144 4140/4224/4140
f 4142/4215/4142 4128/4213/4128 4140/4224/4140
vt 0.579822 0.082594
f 4142/4215/4142 4140/4224/4140 4141/4225/4141
vt 0.612492 0.100688
f 4141/4225/4141 4143/4226/4143 4142/4215/4142
f 4142/4215/4142 4143/4226/4143 4145/4216/4145
f 4145/4216/4145 4143/4226/4143 4144/4223/4144
f 4144/4223/4144 4139/4217/4139 4145/4216/4145
vt 0.612508 0.100768
f 4144/4223/4144 4143/4226/4143 4152/4227/4152
f 4140/4224/4140 4144/4223/4144 4152/4227/4152
vt 0.579515 0.080691
f 4140/4224/4140 4152/4227/4152 4153/4228/4153
f 4141/4225/4141 4140/4224/4140 4153/4228/4153
vt 0.578575 0.078869
f 4141/4225/4141 4153/4228/4153 4162/4229/4162
vt 0.679688 0.100530
f 4141/4225/4141 4162/4229/4162 4146/4230/4146
f 4146/4230/4146 4143/4226/4143 4141/4225/4141
vt 0.616031 0.101716
f 4146/4230/4146 4147/4231/4147 4143/4226/4143
vt 0.616047 0.101793
f 4149/4232/4149 4143/4226/4143 4147/4231/4147
vt 0.618641 0.104619
f 4149/4232/4149 4147/4231/4147 4166/4233/4166
vt 0.673584 0.104493
f 4166/4233/4166 4148/4234/4148 4149/4232/4149
vt 0.676169 0.101657
f 4149/4232/4149 4148/4234/4148 4150/4235/4150
f 4149/4232/4149 4150/4235/4150 4152/4227/4152
f 4152/4227/4152 4143/4226/4143 4149/4232/4149
vt 0.679704 0.100611
f 4152/4227/4152 4150/4235/4150 4151/4236/4151
f 4152/4227/4152 4151/4236/4151 2596/2599/2596
f 4153/4228/4153 4152/4227/4152 2596/2599/2596
vt 0.577177 0.077655
f 4153/4228/4153 2596/2599/2596 4160/4237/4160
f 4162/4229/4162 4153/4228/4153 4160/4237/4160
vt 0.575427 0.076892
f 4162/4229/4162 4160/4237/4160 4154/4238/4154
vt 0.709043 0.055108
f 4155/4239/4155 4162/4229/4162 4154/4238/4154
vt 0.679134 0.036468
f 4154/4238/4154 4156/4240/4156 4155/4239/4155
f 4158/2585/4158 4155/4239/4155 4156/4240/4156
f 4158/2585/4158 4156/4240/4156 4157/2546/4157
vt 0.608721 0.026856
f 4157/2546/4157 4757/4241/4757 4158/2585/4158
vt 0.605147 0.027556
f 4158/2585/4158 4757/4241/4757 4755/4242/4755
vt 0.548762 0.054520
f 4159/4243/4159 4158/2585/4158 4755/4242/4755
vt 0.548720 0.031326
f 4159/4243/4159 4755/4242/4755 4748/4244/4748
vt 0.548746 0.054443
f 4748/4244/4748 4720/4245/4720 4159/4243/4159
vt 0.547821 0.058389
f 4159/4243/4159 4720/4245/4720 4716/4246/4716
f 4159/4243/4159 4716/4246/4716 4160/4237/4160
f 4160/4237/4160 4158/2585/4158 4159/4243/4159
f 4160/4237/4160 2596/2599/2596 4158/2585/4158
f 2596/2599/2596 4155/4239/4155 4158/2585/4158
vt 0.737327 0.076567
f 2596/2599/2596 4161/4247/4161 4155/4239/4155
f 4161/4247/4161 4146/4230/4146 4155/4239/4155
f 4155/4239/4155 4146/4230/4146 4162/4229/4162
vt 0.683223 0.100523
f 4161/4247/4161 4163/4248/4163 4146/4230/4146
f 4146/4230/4146 4163/4248/4163 4151/4236/4151
vt 0.676156 0.101576
f 4151/4236/4151 4164/4249/4164 4146/4230/4146
f 4164/4249/4164 4147/4231/4147 4146/4230/4146
vt 0.618625 0.104539
f 4147/4231/4147 4164/4249/4164 4167/4250/4167
f 4166/4233/4166 4147/4231/4147 4167/4250/4167
vt 0.619595 0.108484
f 4166/4233/4166 4167/4250/4167 4169/4251/4169
vt 0.672643 0.108362
f 4169/4251/4169 4165/4252/4165 4166/4233/4166
f 4166/4233/4166 4165/4252/4165 4148/4234/4148
vt 0.672627 0.108278
f 4165/4252/4165 4171/4253/4171 4148/4234/4148
vt 0.673568 0.104413
f 4148/4234/4148 4171/4253/4171 4168/4254/4168
f 4148/4234/4148 4168/4254/4168 4150/4235/4150
f 4150/4235/4150 4168/4254/4168 4164/4249/4164
f 4150/4235/4150 4164/4249/4164 4151/4236/4151
f 4167/4250/4167 4164/4249/4164 4168/4254/4168
vt 0.619579 0.108404
f 4167/4250/4167 4168/4254/4168 4182/4255/4182
f 4169/4251/4169 4167/4250/4167 4182/4255/4182
vt 0.619623 0.131598
f 4182/4255/4182 4183/4256/4183 4169/4251/4169
vt 0.619639 0.131682
f 4169/4251/4169 4183/4256/4183 4184/4257/4184
vt 0.672688 0.131556
f 4184/4257/4184 4170/4258/4170 4169/4251/4169
f 4169/4251/4169 4170/4258/4170 4165/4252/4165
f 4170/4258/4170 4171/4253/4171 4165/4252/4165
vt 0.672672 0.131476
f 4180/4259/4180 4171/4253/4171 4170/4258/4170
vt 0.673625 0.135341
f 4170/4258/4170 4186/4260/4186 4180/4259/4180
vt 0.618683 0.135466
f 4181/4261/4181 4180/4259/4180 4186/4260/4186
vt 0.616098 0.138303
f 4181/4261/4181 4186/4260/4186 4172/4262/4172
vt 0.616114 0.138384
f 4179/4263/4179 4181/4261/4181 4172/4262/4172
vt 0.612579 0.139426
f 4179/4263/4179 4172/4262/4172 4173/4264/4173
vt 0.644478 0.154134
f 4177/4265/4177 4179/4263/4179 4173/4264/4173
vt 0.641339 0.156125
f 4177/4265/4177 4173/4264/4173 4174/4266/4174
vt 0.642731 0.154743
f 4176/4267/4176 4177/4265/4177 4174/4266/4174
vt 0.640402 0.157790
f 4176/4267/4176 4174/4266/4174 4369/4268/4369
vt 0.609028 0.139356
f 4369/4268/4369 4372/4269/4372 4176/4267/4176
vt 0.612563 0.139346
f 4372/4269/4372 4175/4270/4175 4176/4267/4176
f 4176/4267/4176 4175/4270/4175 4172/4262/4172
vt 0.646301 0.154050
f 4176/4267/4176 4172/4262/4172 4188/4271/4188
f 4188/4271/4188 4177/4265/4177 4176/4267/4176
vt 0.648054 0.154816
f 4188/4271/4188 4189/4272/4189 4177/4265/4177
vt 0.676239 0.138244
f 4189/4272/4189 4178/4273/4178 4177/4265/4177
f 4177/4265/4177 4178/4273/4178 4179/4263/4179
vt 0.618695 0.135547
f 4179/4263/4179 4178/4273/4178 4191/4274/4191
f 4191/4274/4191 4181/4261/4181 4179/4263/4179
f 4191/4274/4191 4183/4256/4183 4181/4261/4181
f 4183/4256/4183 4180/4259/4180 4181/4261/4181
f 4183/4256/4183 4171/4253/4171 4180/4259/4180
f 4182/4255/4182 4171/4253/4171 4183/4256/4183
f 4182/4255/4182 4168/4254/4168 4171/4253/4171
f 4184/4257/4184 4183/4256/4183 4191/4274/4191
vt 0.673644 0.135421
f 4191/4274/4191 4185/4275/4185 4184/4257/4184
f 4184/4257/4184 4185/4275/4185 4170/4258/4170
f 4185/4275/4185 4186/4260/4186 4170/4258/4170
vt 0.676220 0.138163
f 4185/4275/4185 4187/4276/4187 4186/4260/4186
f 4172/4262/4172 4186/4260/4186 4187/4276/4187
f 4172/4262/4172 4187/4276/4187 4188/4271/4188
vt 0.679758 0.139192
f 4188/4271/4188 4187/4276/4187 4365/4277/4365
f 4188/4271/4188 4365/4277/4365 3774/3791/3774
f 3774/3791/3774 4189/4272/4189 4188/4271/4188
f 3774/3791/3774 4192/3788/4192 4189/4272/4189
vt 0.679774 0.139276
f 4192/3788/4192 4190/4278/4190 4189/4272/4189
f 4189/4272/4189 4190/4278/4190 4178/4273/4178
f 4190/4278/4190 4365/4277/4365 4178/4273/4178
f 4178/4273/4178 4365/4277/4365 4187/4276/4187
f 4178/4273/4178 4187/4276/4187 4185/4275/4185
f 4191/4274/4191 4178/4273/4178 4185/4275/4185
f 4199/3787/4199 4365/4277/4365 4190/4278/4190
f 4192/3788/4192 4199/3787/4199 4190/4278/4190
f 4193/3792/4193 4365/4277/4365 4199/3787/4199
vt 0.686831 0.138139
f 4199/3787/4199 4194/4279/4194 4193/3792/4193
f 4194/4279/4194 3771/3784/3771 4193/3792/4193
f 4193/3792/4193 3771/3784/3771 3776/3783/3776
vt 0.754100 0.177682
f 4194/4279/4194 4202/4280/4202 3771/3784/3771
f 3771/3784/3771 4202/4280/4202 4200/3786/4200
f 4200/3786/4200 3772/3785/3772 3771/3784/3771
vt 0.754116 0.177759
f 4200/3786/4200 4202/4280/4202 4195/4281/4195
vt 0.686847 0.138223
f 4197/4282/4197 4200/3786/4200 4195/4281/4195
vt 0.689432 0.135383
f 4195/4281/4195 4196/4283/4196 4197/4282/4197
vt 0.689416 0.135302
f 4196/4283/4196 4198/4284/4198 4197/4282/4197
f 4197/4282/4197 4198/4284/4198 4194/4279/4194
f 4197/4282/4197 4194/4279/4194 4199/3787/4199
f 4199/3787/4199 4200/3786/4200 4197/4282/4197
f 4198/4284/4198 4202/4280/4202 4194/4279/4194
vt 0.690354 0.131434
f 4217/4285/4217 4202/4280/4202 4198/4284/4198
f 4196/4283/4196 4217/4285/4217 4198/4284/4198
vt 0.690370 0.131518
f 4204/4286/4204 4217/4285/4217 4196/4283/4196
f 4195/4281/4195 4204/4286/4204 4196/4283/4196
vt 0.757658 0.178787
f 4201/4287/4201 4204/4286/4204 4195/4281/4195
f 4195/4281/4195 4202/4280/4202 4201/4287/4201
vt 0.757642 0.178706
f 4201/4287/4201 4202/4280/4202 4218/4288/4218
vt 0.760252 0.181610
f 4201/4287/4201 4218/4288/4218 4203/4289/4203
f 4203/4289/4203 2706/2676/2706 4201/4287/4201
f 4201/4287/4201 2706/2676/2706 4204/4286/4204
vt 0.690328 0.108320
f 2706/2676/2706 4364/4290/4364 4204/4286/4204
f 4364/4290/4364 4217/4285/4217 4204/4286/4204
vt 0.690312 0.108236
f 4205/4291/4205 4217/4285/4217 4364/4290/4364
vt 0.689359 0.104375
f 4364/4290/4364 4206/4292/4206 4205/4291/4205
f 4161/4247/4161 4205/4291/4205 4206/4292/4206
vt 0.686764 0.101552
f 4161/4247/4161 4206/4292/4206 4207/4293/4207
f 4207/4293/4207 4163/4248/4163 4161/4247/4161
vt 0.686777 0.101632
f 4209/4294/4209 4163/4248/4163 4207/4293/4207
vt 0.689375 0.104455
f 4209/4294/4209 4207/4293/4207 4363/4295/4363
f 4209/4294/4209 4363/4295/4363 2706/2676/2706
vt 0.683239 0.100604
f 2706/2676/2706 4208/4296/4208 4209/4294/4209
f 4208/4296/4208 4163/4248/4163 4209/4294/4209
f 4151/4236/4151 4163/4248/4163 4208/4296/4208
f 2706/2676/2706 4151/4236/4151 4208/4296/4208
f 2596/2599/2596 4151/4236/4151 2706/2676/2706
f 2706/2676/2706 4161/4247/4161 2596/2599/2596
f 2828/2803/2828 4161/4247/4161 2706/2676/2706
vt 0.828532 0.255941
f 2706/2676/2706 4210/4297/4210 2828/2803/2828
vt 0.831126 0.258764
f 2828/2803/2828 4210/4297/4210 4221/4298/4221
vt 0.832083 0.262633
f 2828/2803/2828 4221/4298/4221 4211/4299/4211
vt 0.857260 0.281731
f 2828/2803/2828 4211/4299/4211 4212/4300/4212
vt 0.860834 0.282409
f 4212/4300/4212 4228/4301/4228 2828/2803/2828
vt 0.863172 0.285445
f 2828/2803/2828 4228/4301/4228 4230/4302/4230
f 2828/2803/2828 4230/4302/4230 2830/2925/2830
vt 0.869952 0.286257
f 4215/4303/4215 2828/2803/2828 2830/2925/2830
f 4215/4303/4215 2830/2925/2830 4242/2927/4242
vt 0.871017 0.289965
f 4242/2927/4242 4213/4304/4213 4215/4303/4215
vt 0.863480 0.287348
f 4214/4305/4214 4215/4303/4215 4213/4304/4213
vt 0.862245 0.291081
f 4214/4305/4214 4213/4304/4213 4239/4306/4239
vt 0.863179 0.289412
f 4239/4306/4239 4241/4307/4241 4214/4305/4214
f 4214/4305/4214 4241/4307/4241 4230/4302/4230
vt 0.862232 0.283623
f 4214/4305/4214 4230/4302/4230 4227/4308/4227
f 4227/4308/4227 4215/4303/4215 4214/4305/4214
vt 0.868227 0.282854
f 4215/4303/4215 4227/4308/4227 4229/4309/4229
f 4229/4309/4229 2828/2803/2828 4215/4303/4215
f 4229/4309/4229 4161/4247/4161 2828/2803/2828
vt 0.828516 0.255865
f 4229/4309/4229 4216/4310/4216 4161/4247/4161
vt 0.760236 0.181533
f 4216/4310/4216 4337/4311/4337 4161/4247/4161
f 4161/4247/4161 4337/4311/4337 4218/4288/4218
f 4161/4247/4161 4218/4288/4218 4217/4285/4217
f 4217/4285/4217 4205/4291/4205 4161/4247/4161
f 4217/4285/4217 4218/4288/4218 4202/4280/4202
f 4203/4289/4203 4218/4288/4218 4337/4311/4337
vt 0.761209 0.185475
f 4203/4289/4203 4337/4311/4337 4339/4312/4339
f 4339/4312/4339 4210/4297/4210 4203/4289/4203
f 4203/4289/4203 4210/4297/4210 2706/2676/2706
vt 0.761250 0.208672
f 4220/4313/4220 4210/4297/4210 4339/4312/4339
vt 0.761234 0.208592
f 4339/4312/4339 4335/4314/4335 4220/4313/4220
vt 0.760310 0.212541
f 4220/4313/4220 4335/4314/4335 4219/4315/4219
vt 0.824994 0.254913
f 4219/4315/4219 4285/4316/4285 4220/4313/4220
f 4220/4313/4220 4285/4316/4285 4210/4297/4210
vt 0.824978 0.254836
f 4285/4316/4285 4336/4317/4336 4210/4297/4210
f 4210/4297/4210 4336/4317/4336 4216/4310/4216
f 4210/4297/4210 4216/4310/4216 4221/4298/4221
vt 0.831110 0.258687
f 4221/4298/4221 4216/4310/4216 4222/4318/4222
f 4221/4298/4221 4222/4318/4222 4211/4299/4211
vt 0.832067 0.262552
f 4211/4299/4211 4222/4318/4222 4223/4319/4223
vt 0.832109 0.285746
f 4223/4319/4223 4225/4320/4225 4211/4299/4211
vt 0.832125 0.285827
f 4211/4299/4211 4225/4320/4225 4360/4321/4360
f 4212/4300/4212 4211/4299/4211 4360/4321/4360
vt 0.854119 0.283721
f 4212/4300/4212 4360/4321/4360 4361/4322/4361
vt 0.855514 0.282346
f 4224/4323/4224 4212/4300/4212 4361/4322/4361
vt 0.853188 0.285390
f 4224/4323/4224 4361/4322/4361 4232/4324/4232
f 4232/4324/4232 4225/4320/4225 4224/4323/4224
f 4224/4323/4224 4225/4320/4225 4223/4319/4223
vt 0.859087 0.281647
f 4223/4319/4223 4226/4325/4226 4224/4323/4224
f 4226/4325/4226 4212/4300/4212 4224/4323/4224
f 4226/4325/4226 4228/4301/4228 4212/4300/4212
f 4227/4308/4227 4228/4301/4228 4226/4325/4226
f 4229/4309/4229 4227/4308/4227 4226/4325/4226
f 4223/4319/4223 4229/4309/4229 4226/4325/4226
f 4222/4318/4222 4229/4309/4229 4223/4319/4223
f 4222/4318/4222 4216/4310/4216 4229/4309/4229
f 4227/4308/4227 4230/4302/4230 4228/4301/4228
vt 0.853194 0.289356
f 4231/4326/4231 4225/4320/4225 4232/4324/4232
vt 0.852887 0.287453
f 4232/4324/4232 4362/4327/4362 4231/4326/4231
vt 0.854135 0.291178
f 4231/4326/4231 4362/4327/4362 4233/4328/4233
vt 0.855533 0.292389
f 4231/4326/4231 4233/4328/4233 4234/4329/4234
vt 0.831168 0.289615
f 4234/4329/4234 4245/4330/4245 4231/4326/4231
f 4231/4326/4231 4245/4330/4245 4225/4320/4225
vt 0.831184 0.289695
f 4235/4331/4235 4225/4320/4225 4245/4330/4245
vt 0.828599 0.292532
f 4235/4331/4235 4245/4330/4245 4246/4332/4246
f 4233/4328/4233 4235/4331/4235 4246/4332/4246
f 4233/4328/4233 4246/4332/4246 4238/3894/4238
f 4234/4329/4234 4233/4328/4233 4238/3894/4238
vt 0.859106 0.293067
f 4234/4329/4234 4238/3894/4238 4240/4333/4240
f 4260/3903/4260 4234/4329/4234 4240/4333/4240
vt 0.871381 0.293833
f 4240/4333/4240 4236/4334/4236 4260/3903/4260
f 4236/4334/4236 3953/3032/3953 4260/3903/4260
f 3953/3032/3953 4236/4334/4236 4242/2927/4242
vt 0.860853 0.292455
f 4242/2927/4242 4237/4335/4237 3953/3032/3953
f 3953/3032/3953 4237/4335/4237 4238/3894/4238
f 4240/4333/4240 4238/3894/4238 4237/4335/4237
f 4240/4333/4240 4237/4335/4237 4239/4306/4239
f 4239/4306/4239 4236/4334/4236 4240/4333/4240
f 4239/4306/4239 4213/4304/4213 4236/4334/4236
f 4242/2927/4242 4236/4334/4236 4213/4304/4213
f 4239/4306/4239 4237/4335/4237 4241/4307/4241
f 4242/2927/4242 4241/4307/4241 4237/4335/4237
f 2830/2925/2830 4241/4307/4241 4242/2927/4242
f 2830/2925/2830 4230/4302/4230 4241/4307/4241
vt 0.825051 0.293497
f 4260/3903/4260 4243/4336/4243 4234/4329/4234
vt 0.828583 0.292455
f 4243/4336/4243 4244/4337/4244 4234/4329/4234
f 4234/4329/4234 4244/4337/4244 4245/4330/4245
f 4246/4332/4246 4245/4330/4245 4244/4337/4244
f 4246/4332/4246 4244/4337/4244 4247/3895/4247
f 4238/3894/4238 4246/4332/4246 4247/3895/4247
f 4247/3895/4247 4244/4337/4244 4243/4336/4243
vt 0.821513 0.293504
f 4243/4336/4243 4249/4338/4249 4247/3895/4247
f 4247/3895/4247 4249/4338/4249 4248/3896/4248
vt 0.817991 0.292557
f 4248/3896/4248 4249/4338/4249 4266/4339/4266
vt 0.757869 0.292697
f 4266/4339/4266 4267/4340/4267 4248/3896/4248
f 4248/3896/4248 4267/4340/4267 4250/3897/4250
vt 0.757853 0.292620
f 4267/4340/4267 4273/4341/4273 4250/3897/4250
vt 0.754314 0.293662
f 4250/3897/4250 4273/4341/4273 4263/4342/4263
vt 0.750779 0.293669
f 4263/4342/4263 4262/4343/4262 4250/3897/4250
f 4250/3897/4250 4262/4343/4262 4253/3898/4253
vt 0.747257 0.292721
f 4253/3898/4253 4262/4343/4262 4251/4344/4251
vt 0.687132 0.292861
f 4251/4344/4251 4252/4345/4252 4253/3898/4253
f 4253/3898/4253 4252/4345/4252 4254/3899/4254
vt 0.687119 0.292780
f 4252/4345/4252 4358/4346/4358 4254/3899/4254
vt 0.683584 0.293823
f 4254/3899/4254 4358/4346/4358 4261/4347/4261
vt 0.680046 0.293833
f 4261/4347/4261 4326/4348/4326 4254/3899/4254
f 4254/3899/4254 4326/4348/4326 4255/3900/4255
vt 0.676524 0.292885
f 4255/3900/4255 4326/4348/4326 4325/4349/4325
vt 0.616405 0.293025
f 4257/4350/4257 4255/3900/4255 4325/4349/4325
vt 0.618987 0.290192
f 4257/4350/4257 4325/4349/4325 4328/4351/4328
vt 0.618971 0.290108
f 4328/4351/4328 4256/4352/4256 4257/4350/4257
vt 0.616389 0.292945
f 4257/4350/4257 4256/4352/4256 4324/4353/4324
f 4257/4350/4257 4324/4353/4324 4258/3901/4258
f 4258/3901/4258 4255/3900/4255 4257/4350/4257
vt 0.612854 0.293987
f 4258/3901/4258 4324/4353/4324 4259/4354/4259
f 4259/4354/4259 3869/3902/3869 4258/3901/4258
f 4260/3903/4260 3869/3902/3869 4259/4354/4259
f 4259/4354/4259 4326/4348/4326 4260/3903/4260
f 4260/3903/4260 4326/4348/4326 4261/4347/4261
f 4261/4347/4261 4262/4343/4262 4260/3903/4260
f 4260/3903/4260 4262/4343/4262 4263/4342/4263
f 4260/3903/4260 4263/4342/4263 4249/4338/4249
f 4249/4338/4249 4243/4336/4243 4260/3903/4260
vt 0.817975 0.292476
f 4249/4338/4249 4263/4342/4263 4264/4355/4264
f 4266/4339/4266 4249/4338/4249 4264/4355/4264
vt 0.815396 0.289730
f 4266/4339/4266 4264/4355/4264 4265/4356/4265
vt 0.760450 0.289860
f 4265/4356/4265 4274/4357/4274 4266/4339/4266
f 4266/4339/4266 4274/4357/4274 4267/4340/4267
vt 0.760435 0.289779
f 4274/4357/4274 4268/4358/4268 4267/4340/4267
f 4267/4340/4267 4268/4358/4268 4273/4341/4273
vt 0.815380 0.289653
f 4272/4359/4272 4273/4341/4273 4268/4358/4268
vt 0.814424 0.285792
f 4272/4359/4272 4268/4358/4268 4275/4360/4275
vt 0.814443 0.285869
f 4269/4361/4269 4272/4359/4272 4275/4360/4275
vt 0.814382 0.262594
f 4275/4360/4275 4277/4362/4277 4269/4361/4269
vt 0.814398 0.262671
f 4269/4361/4269 4277/4362/4277 4284/4363/4284
vt 0.761350 0.262797
f 4270/4364/4270 4269/4361/4269 4284/4363/4284
vt 0.760396 0.258932
f 4270/4364/4270 4284/4363/4284 4283/4365/4283
vt 0.760380 0.258852
f 4283/4365/4283 4292/4366/4292 4270/4364/4270
vt 0.761330 0.262717
f 4270/4364/4270 4292/4366/4292 4291/4367/4291
vt 0.761375 0.285914
f 4291/4367/4291 4276/4368/4276 4270/4364/4270
vt 0.761391 0.285991
f 4270/4364/4270 4276/4368/4276 4271/4369/4271
f 4271/4369/4271 4269/4361/4269 4270/4364/4270
f 4271/4369/4271 4265/4356/4265 4269/4361/4269
f 4265/4356/4265 4272/4359/4272 4269/4361/4269
f 4265/4356/4265 4264/4355/4264 4272/4359/4272
f 4264/4355/4264 4273/4341/4273 4272/4359/4272
f 4264/4355/4264 4263/4342/4263 4273/4341/4273
f 4274/4357/4274 4265/4356/4265 4271/4369/4271
f 4271/4369/4271 4276/4368/4276 4274/4357/4274
f 4274/4357/4274 4276/4368/4276 4268/4358/4268
f 4275/4360/4275 4268/4358/4268 4276/4368/4276
f 4275/4360/4275 4276/4368/4276 4277/4362/4277
f 4277/4362/4277 4276/4368/4276 4291/4367/4291
vt 0.815323 0.258726
f 4277/4362/4277 4291/4367/4291 4278/4370/4278
vt 0.815339 0.258803
f 4279/4371/4279 4277/4362/4277 4278/4370/4278
vt 0.817924 0.255966
f 4279/4371/4279 4278/4370/4278 4280/4372/4280
vt 0.757802 0.256109
f 4281/4373/4281 4279/4371/4279 4280/4372/4280
vt 0.754263 0.255081
f 4281/4373/4281 4280/4372/4280 4289/4374/4289
vt 0.754247 0.255001
f 4289/4374/4289 4294/4375/4294 4281/4373/4281
vt 0.757786 0.256029
f 4281/4373/4281 4294/4375/4294 4282/4376/4282
f 4281/4373/4281 4282/4376/4282 4283/4365/4283
f 4283/4365/4283 4279/4371/4279 4281/4373/4281
f 4283/4365/4283 4284/4363/4284 4279/4371/4279
f 4284/4363/4284 4277/4362/4277 4279/4371/4279
f 4283/4365/4283 4282/4376/4282 4292/4366/4292
vt 0.817904 0.255889
f 4290/4377/4290 4292/4366/4292 4282/4376/4282
vt 0.821443 0.254843
f 4290/4377/4290 4282/4376/4282 4300/4378/4300
vt 0.821459 0.254924
f 4288/4379/4288 4290/4377/4290 4300/4378/4300
f 4300/4378/4300 4336/4317/4336 4288/4379/4288
f 4288/4379/4288 4336/4317/4336 4285/4316/4285
vt 0.757725 0.215374
f 4285/4316/4285 4286/4380/4286 4288/4379/4288
vt 0.754190 0.216420
f 4288/4379/4288 4286/4380/4286 4287/4381/4287
f 4288/4379/4288 4287/4381/4287 4289/4374/4289
f 4289/4374/4289 4280/4372/4280 4288/4379/4288
f 4280/4372/4280 4290/4377/4290 4288/4379/4288
f 4280/4372/4280 4278/4370/4278 4290/4377/4290
f 4278/4370/4278 4292/4366/4292 4290/4377/4290
f 4278/4370/4278 4291/4367/4291 4292/4366/4292
f 4289/4374/4289 4287/4381/4287 4293/3775/4293
f 4289/4374/4289 4293/3775/4293 4344/3841/4344
f 4344/3841/4344 4294/4375/4294 4289/4374/4289
vt 0.750709 0.255008
f 4295/4382/4295 4294/4375/4294 4344/3841/4344
vt 0.747174 0.256053
f 4344/3841/4344 4343/4383/4343 4295/4382/4295
vt 0.687052 0.256193
f 4296/4384/4296 4295/4382/4295 4343/4383/4343
vt 0.689647 0.259016
f 4296/4384/4296 4343/4383/4343 4298/4385/4298
vt 0.689663 0.259097
f 4297/4386/4297 4296/4384/4296 4298/4385/4298
vt 0.690616 0.262962
f 4297/4386/4297 4298/4385/4298 4346/4387/4346
vt 0.743668 0.262839
f 4346/4387/4346 4347/4388/4347 4297/4386/4297
vt 0.744608 0.258971
f 4297/4386/4297 4347/4388/4347 4348/4389/4348
f 4297/4386/4297 4348/4389/4348 3815/3839/3815
f 3815/3839/3815 4296/4384/4296 4297/4386/4297
f 3815/3839/3815 4314/3838/4314 4296/4384/4296
f 4314/3838/4314 4295/4382/4295 4296/4384/4296
vt 0.750639 0.216346
f 4314/3838/4314 4299/4390/4299 4295/4382/4295
vt 0.754174 0.216339
f 4299/4390/4299 4301/4391/4301 4295/4382/4295
f 4301/4391/4301 4294/4375/4294 4295/4382/4295
f 4301/4391/4301 4300/4378/4300 4294/4375/4294
f 4300/4378/4300 4282/4376/4282 4294/4375/4294
vt 0.757709 0.215293
f 4334/4392/4334 4300/4378/4300 4301/4391/4301
f 4287/4381/4287 4334/4392/4334 4301/4391/4301
f 4301/4391/4301 4299/4390/4299 4287/4381/4287
f 4287/4381/4287 4299/4390/4299 4293/3775/4293
f 4293/3775/4293 4299/4390/4299 4302/3776/4302
vt 0.747100 0.215321
f 4302/3776/4302 4299/4390/4299 4306/4393/4306
vt 0.744522 0.212579
f 4302/3776/4302 4306/4393/4306 4305/4394/4305
f 4303/3777/4303 4302/3776/4302 4305/4394/4305
vt 0.690517 0.208837
f 4303/3777/4303 4305/4394/4305 4304/4395/4304
f 4304/4395/4304 3767/3778/3767 4303/3777/4303
f 3760/3767/3760 3767/3778/3767 4304/4395/4304
f 4304/4395/4304 3761/3768/3761 3760/3767/3760
f 4304/4395/4304 4305/4394/4305 3761/3768/3761
f 4305/4394/4305 3763/3770/3763 3761/3768/3761
f 4305/4394/4305 4306/4393/4306 3763/3770/3763
f 4307/3772/4307 3763/3770/3763 4306/4393/4306
vt 0.683440 0.216507
f 4307/3772/4307 4306/4393/4306 4308/4396/4308
f 4309/3774/4309 4307/3772/4307 4308/4396/4308
f 4308/4396/4308 3817/3842/3817 4309/3774/4309
vt 0.679979 0.255172
f 4308/4396/4308 4310/4397/4310 3817/3842/3817
f 3817/3842/3817 4310/4397/4310 3820/3833/3820
vt 0.616319 0.256354
f 3820/3833/3820 4310/4397/4310 4316/4398/4316
f 3812/3834/3812 3820/3833/3820 4316/4398/4316
vt 0.618929 0.259261
f 3812/3834/3812 4316/4398/4316 4318/4399/4318
vt 0.673875 0.259131
f 4318/4399/4318 4312/4400/4312 3812/3834/3812
f 3812/3834/3812 4312/4400/4312 4311/3835/4311
vt 0.673859 0.259051
f 4312/4400/4312 4313/4401/4313 4311/3835/4311
vt 0.676444 0.256218
f 4311/3835/4311 4313/4401/4313 4315/4402/4315
f 4311/3835/4311 4315/4402/4315 3813/3836/3813
f 3813/3836/3813 4315/4402/4315 4310/4397/4310
f 4310/4397/4310 4314/3838/4314 3813/3836/3813
f 4314/3838/4314 4310/4397/4310 4308/4396/4308
f 4308/4396/4308 4299/4390/4299 4314/3838/4314
f 4308/4396/4308 4306/4393/4306 4299/4390/4299
f 4316/4398/4316 4310/4397/4310 4315/4402/4315
vt 0.618913 0.259177
f 4316/4398/4316 4315/4402/4315 4320/4403/4320
f 4318/4399/4318 4316/4398/4316 4320/4403/4320
vt 0.619882 0.263126
f 4318/4399/4318 4320/4403/4320 4317/4404/4317
vt 0.672934 0.263000
f 4317/4404/4317 4322/4405/4322 4318/4399/4318
f 4318/4399/4318 4322/4405/4322 4312/4400/4312
vt 0.672918 0.262920
f 4322/4405/4322 4321/4406/4321 4312/4400/4312
f 4312/4400/4312 4321/4406/4321 4313/4401/4313
vt 0.619870 0.263046
f 4319/4407/4319 4313/4401/4313 4321/4406/4321
vt 0.619911 0.286243
f 4319/4407/4319 4321/4406/4321 4330/4408/4330
f 4319/4407/4319 4330/4408/4330 4317/4404/4317
f 4317/4404/4317 4320/4403/4320 4319/4407/4319
f 4320/4403/4320 4313/4401/4313 4319/4407/4319
f 4320/4403/4320 4315/4402/4315 4313/4401/4313
vt 0.619927 0.286324
f 4317/4404/4317 4330/4408/4330 4329/4409/4329
vt 0.672973 0.286197
f 4329/4409/4329 4331/4410/4331 4317/4404/4317
f 4317/4404/4317 4331/4410/4331 4322/4405/4322
f 4331/4410/4331 4321/4406/4321 4322/4405/4322
vt 0.672960 0.286117
f 4323/4411/4323 4321/4406/4321 4331/4410/4331
vt 0.673913 0.289982
f 4331/4410/4331 4332/4412/4332 4323/4411/4323
f 4256/4352/4256 4323/4411/4323 4332/4412/4332
f 4256/4352/4256 4332/4412/4332 4324/4353/4324
vt 0.676508 0.292808
f 4324/4353/4324 4332/4412/4332 4327/4413/4327
f 4324/4353/4324 4327/4413/4327 4259/4354/4259
f 4259/4354/4259 4327/4413/4327 4326/4348/4326
f 4325/4349/4325 4326/4348/4326 4327/4413/4327
vt 0.673929 0.290059
f 4325/4349/4325 4327/4413/4327 4333/4414/4333
f 4328/4351/4328 4325/4349/4325 4333/4414/4333
f 4328/4351/4328 4333/4414/4333 4329/4409/4329
f 4329/4409/4329 4330/4408/4330 4328/4351/4328
f 4328/4351/4328 4330/4408/4330 4256/4352/4256
f 4330/4408/4330 4323/4411/4323 4256/4352/4256
f 4330/4408/4330 4321/4406/4321 4323/4411/4323
f 4329/4409/4329 4333/4414/4333 4331/4410/4331
f 4333/4414/4333 4332/4412/4332 4331/4410/4331
f 4333/4414/4333 4327/4413/4327 4332/4412/4332
f 4286/4380/4286 4334/4392/4334 4287/4381/4287
vt 0.760294 0.212460
f 4286/4380/4286 4340/4415/4340 4334/4392/4334
f 4336/4317/4336 4334/4392/4334 4340/4415/4340
f 4336/4317/4336 4340/4415/4340 4335/4314/4335
f 4336/4317/4336 4335/4314/4335 4216/4310/4216
vt 0.761193 0.185398
f 4216/4310/4216 4335/4314/4335 4338/4416/4338
f 4216/4310/4216 4338/4416/4338 4337/4311/4337
f 4339/4312/4339 4337/4311/4337 4338/4416/4338
f 4338/4416/4338 4335/4314/4335 4339/4312/4339
f 4219/4315/4219 4335/4314/4335 4340/4415/4340
f 4219/4315/4219 4340/4415/4340 4286/4380/4286
f 4219/4315/4219 4286/4380/4286 4285/4316/4285
f 4300/4378/4300 4334/4392/4334 4336/4317/4336
f 3815/3839/3815 4348/4389/4348 4342/3840/4342
vt 0.744592 0.258890
f 4348/4389/4348 4341/4417/4341 4342/3840/4342
f 4342/3840/4342 4341/4417/4341 4343/4383/4343
f 4342/3840/4342 4343/4383/4343 4344/3841/4344
f 4298/4385/4298 4343/4383/4343 4341/4417/4341
vt 0.690600 0.262881
f 4298/4385/4298 4341/4417/4341 4350/4418/4350
f 4346/4387/4346 4298/4385/4298 4350/4418/4350
vt 0.690642 0.286079
f 4350/4418/4350 4352/4419/4352 4346/4387/4346
vt 0.690658 0.286156
f 4346/4387/4346 4352/4419/4352 4356/4420/4356
vt 0.743709 0.286033
f 4356/4420/4356 4345/4421/4345 4346/4387/4346
f 4346/4387/4346 4345/4421/4345 4347/4388/4347
vt 0.743652 0.262759
f 4345/4421/4345 4349/4422/4349 4347/4388/4347
f 4347/4388/4347 4349/4422/4349 4348/4389/4348
f 4348/4389/4348 4349/4422/4349 4341/4417/4341
f 4350/4418/4350 4341/4417/4341 4349/4422/4349
f 4350/4418/4350 4349/4422/4349 4352/4419/4352
vt 0.743693 0.285953
f 4352/4419/4352 4349/4422/4349 4357/4423/4357
vt 0.689704 0.289947
f 4352/4419/4352 4357/4423/4357 4351/4424/4351
vt 0.689720 0.290024
f 4355/4425/4355 4352/4419/4352 4351/4424/4351
f 4355/4425/4355 4351/4424/4351 4252/4345/4252
f 4251/4344/4251 4355/4425/4355 4252/4345/4252
vt 0.744666 0.289895
f 4353/4426/4353 4355/4425/4355 4251/4344/4251
vt 0.747241 0.292640
f 4251/4344/4251 4359/4427/4359 4353/4426/4353
vt 0.744650 0.289818
f 4353/4426/4353 4359/4427/4359 4354/4428/4354
f 4353/4426/4353 4354/4428/4354 4345/4421/4345
f 4356/4420/4356 4353/4426/4353 4345/4421/4345
f 4355/4425/4355 4353/4426/4353 4356/4420/4356
f 4356/4420/4356 4352/4419/4352 4355/4425/4355
f 4345/4421/4345 4354/4428/4354 4357/4423/4357
f 4357/4423/4357 4349/4422/4349 4345/4421/4345
f 4351/4424/4351 4357/4423/4357 4354/4428/4354
f 4351/4424/4351 4354/4428/4354 4358/4346/4358
f 4252/4345/4252 4351/4424/4351 4358/4346/4358
f 4358/4346/4358 4354/4428/4354 4359/4427/4359
f 4358/4346/4358 4359/4427/4359 4261/4347/4261
f 4261/4347/4261 4359/4427/4359 4262/4343/4262
f 4251/4344/4251 4262/4343/4262 4359/4427/4359
f 4344/3841/4344 4293/3775/4293 4309/3774/4309
f 4362/4327/4362 4235/4331/4235 4233/4328/4233
f 4362/4327/4362 4360/4321/4360 4235/4331/4235
f 4360/4321/4360 4225/4320/4225 4235/4331/4235
f 4361/4322/4361 4360/4321/4360 4362/4327/4362
f 4232/4324/4232 4361/4322/4361 4362/4327/4362
f 2706/2676/2706 4363/4295/4363 4364/4290/4364
f 4363/4295/4363 4206/4292/4206 4364/4290/4364
f 4363/4295/4363 4207/4293/4207 4206/4292/4206
f 3774/3791/3774 4365/4277/4365 4193/3792/4193
f 4173/4264/4173 4172/4262/4172 4175/4270/4175
f 4175/4270/4175 4372/4269/4372 4173/4264/4173
vt 0.609044 0.139437
f 4173/4264/4173 4372/4269/4372 4366/4429/4366
f 4174/4266/4174 4173/4264/4173 4366/4429/4366
vt 0.640104 0.159853
f 4174/4266/4174 4366/4429/4366 4367/4430/4367
f 4369/4268/4369 4174/4266/4174 4367/4430/4367
vt 0.640411 0.161756
f 4369/4268/4369 4367/4430/4367 4377/4431/4377
vt 0.609098 0.178017
f 4368/4432/4368 4369/4268/4369 4377/4431/4377
vt 0.612636 0.178007
f 4377/4431/4377 4370/4433/4370 4368/4432/4368
vt 0.609114 0.178094
f 4368/4432/4368 4370/4433/4370 4381/4434/4381
vt 0.605563 0.179060
f 4381/4434/4381 4384/4435/4384 4368/4432/4368
vt 0.545438 0.179200
f 4384/4435/4384 4385/4436/4385 4368/4432/4368
vt 0.541900 0.178171
f 4368/4432/4368 4385/4436/4385 4663/4437/4663
vt 0.541829 0.139510
f 4368/4432/4368 4663/4437/4663 4371/4438/4371
f 4371/4438/4371 4372/4269/4372 4368/4432/4368
f 4368/4432/4368 4372/4269/4372 4369/4268/4369
vt 0.605489 0.138328
f 4371/4438/4371 4665/4439/4665 4372/4269/4372
vt 0.605505 0.138408
f 4375/4440/4375 4372/4269/4372 4665/4439/4665
vt 0.602908 0.135585
f 4375/4440/4375 4665/4439/4665 4373/4441/4373
vt 0.547962 0.135711
f 4374/4442/4374 4375/4440/4375 4373/4441/4373
vt 0.548906 0.131846
f 4374/4442/4374 4373/4441/4373 4666/4443/4666
vt 0.548887 0.131762
f 4666/4443/4666 4670/4444/4670 4374/4442/4374
vt 0.547946 0.135631
f 4374/4442/4374 4670/4444/4670 4671/4445/4671
vt 0.545380 0.138548
f 4374/4442/4374 4671/4445/4671 4376/4446/4376
f 4376/4446/4376 4375/4440/4375 4374/4442/4374
f 4375/4440/4375 4376/4446/4376 4366/4429/4366
f 4366/4429/4366 4372/4269/4372 4375/4440/4375
vt 0.541845 0.139590
f 4366/4429/4366 4376/4446/4376 4382/4447/4382
f 4366/4429/4366 4382/4447/4382 4381/4434/4381
f 4367/4430/4367 4366/4429/4366 4381/4434/4381
vt 0.641352 0.163578
f 4367/4430/4367 4381/4434/4381 4378/4448/4378
f 4377/4431/4377 4367/4430/4367 4378/4448/4378
f 4377/4431/4377 4378/4448/4378 4379/3802/4379
f 4379/3802/4379 4370/4433/4370 4377/4431/4377
f 4379/3802/4379 3790/3801/3790 4370/4433/4370
f 3788/3807/3788 4370/4433/4370 3790/3801/3790
vt 0.612652 0.178087
f 4380/4449/4380 4370/4433/4370 3788/3807/3788
f 3782/3803/3782 4380/4449/4380 3788/3807/3788
f 4378/4448/4378 4380/4449/4380 3782/3803/3782
f 4379/3802/4379 4378/4448/4378 3782/3803/3782
f 4378/4448/4378 4381/4434/4381 4380/4449/4380
f 4381/4434/4381 4370/4433/4370 4380/4449/4380
vt 0.541916 0.178255
f 4381/4434/4381 4382/4447/4382 4659/4450/4659
vt 0.605582 0.179137
f 4381/4434/4381 4659/4450/4659 4383/4451/4383
f 4383/4451/4383 4384/4435/4384 4381/4434/4381
vt 0.602981 0.181900
f 4383/4451/4383 4393/4452/4393 4384/4435/4384
vt 0.548036 0.182026
f 4393/4452/4393 4394/4453/4394 4384/4435/4384
f 4384/4435/4384 4394/4453/4394 4385/4436/4385
vt 0.548052 0.182103
f 4387/4454/4387 4385/4436/4385 4394/4453/4394
vt 0.549005 0.185964
f 4387/4454/4387 4394/4453/4394 4386/4455/4386
vt 0.602057 0.185845
f 4390/4456/4390 4387/4454/4387 4386/4455/4386
vt 0.602098 0.209039
f 4390/4456/4390 4386/4455/4386 4388/4457/4388
vt 0.602041 0.185765
f 4388/4457/4388 4389/4458/4389 4390/4456/4390
vt 0.602997 0.181977
f 4390/4456/4390 4389/4458/4389 4391/4459/4391
f 4391/4459/4391 4387/4454/4387 4390/4456/4390
vt 0.545457 0.179280
f 4391/4459/4391 4392/4460/4392 4387/4454/4387
f 4392/4460/4392 4385/4436/4385 4387/4454/4387
f 4392/4460/4392 4663/4437/4663 4385/4436/4385
f 4659/4450/4659 4663/4437/4663 4392/4460/4392
f 4383/4451/4383 4659/4450/4659 4392/4460/4392
f 4383/4451/4383 4392/4460/4392 4391/4459/4391
f 4391/4459/4391 4393/4452/4393 4383/4451/4383
f 4391/4459/4391 4389/4458/4389 4393/4452/4393
vt 0.548989 0.185887
f 4389/4458/4389 4395/4461/4395 4393/4452/4393
f 4393/4452/4393 4395/4461/4395 4394/4453/4394
f 4386/4455/4386 4394/4453/4394 4395/4461/4395
vt 0.549034 0.209085
f 4395/4461/4395 4397/4462/4397 4386/4455/4386
vt 0.549050 0.209162
f 4386/4455/4386 4397/4462/4397 4396/4463/4396
f 4388/4457/4388 4386/4455/4386 4396/4463/4396
f 4388/4457/4388 4396/4463/4396 3827/3852/3827
vt 0.603039 0.212828
f 3827/3852/3827 4715/4464/4715 4388/4457/4388
vt 0.602082 0.208962
f 4388/4457/4388 4715/4464/4715 4714/4465/4714
f 4714/4465/4714 4389/4458/4389 4388/4457/4388
f 4714/4465/4714 4397/4462/4397 4389/4458/4389
f 4389/4458/4389 4397/4462/4397 4395/4461/4395
vt 0.548093 0.212953
f 4714/4465/4714 4398/4466/4398 4397/4462/4397
f 3828/3853/3828 4397/4462/4397 4398/4466/4398
f 3828/3853/3828 4398/4466/4398 3829/3854/3829
f 3829/3854/3829 4398/4466/4398 4713/3849/4713
vt 0.541989 0.216913
f 3829/3854/3829 4713/3849/4713 4400/4467/4400
f 3823/3847/3823 3829/3854/3829 4400/4467/4400
vt 0.570750 0.233608
f 3823/3847/3823 4400/4467/4400 4404/4468/4404
f 3824/3848/3824 3823/3847/3823 4404/4468/4404
vt 0.569816 0.235276
f 3824/3848/3824 4404/4468/4404 4399/4469/4399
vt 0.538438 0.216843
f 3824/3848/3824 4399/4469/4399 4402/4470/4402
vt 0.541973 0.216833
f 4402/4470/4402 4401/4471/4401 3824/3848/3824
f 3824/3848/3824 4401/4471/4401 4713/3849/4713
f 4400/4467/4400 4713/3849/4713 4401/4471/4401
f 4401/4471/4401 4402/4470/4402 4400/4467/4400
vt 0.538454 0.216920
f 4400/4467/4400 4402/4470/4402 4403/4472/4403
f 4404/4468/4404 4400/4467/4400 4403/4472/4403
vt 0.509070 0.235497
f 4404/4468/4404 4403/4472/4403 4701/4473/4701
vt 0.569515 0.237340
f 4404/4468/4404 4701/4473/4701 4405/4474/4405
f 4399/4469/4399 4404/4468/4404 4405/4474/4405
f 4399/4469/4399 4405/4474/4405 3895/3941/3895
f 4406/3940/4406 4399/4469/4399 3895/3941/3895
vt 0.508126 0.233674
f 4407/4475/4407 4399/4469/4399 4406/3940/4406
f 4406/3940/4406 4701/4473/4701 4407/4475/4407
vt 0.506731 0.232464
f 4407/4475/4407 4701/4473/4701 4700/4476/4700
vt 0.504981 0.231698
f 4407/4475/4407 4700/4476/4700 4408/4477/4408
f 4402/4470/4402 4407/4475/4407 4408/4477/4408
vt 0.534900 0.215815
f 4408/4477/4408 4411/4478/4411 4402/4470/4402
vt 0.534916 0.215892
f 4409/4479/4409 4402/4470/4402 4411/4478/4411
vt 0.532321 0.213069
f 4409/4479/4409 4411/4478/4411 4412/4480/4412
vt 0.477376 0.213195
f 4412/4480/4412 4416/4481/4416 4409/4479/4409
vt 0.474791 0.216031
f 4409/4479/4409 4416/4481/4416 4418/4482/4418
vt 0.503155 0.231782
f 4409/4479/4409 4418/4482/4418 4419/4483/4419
f 4700/4476/4700 4409/4479/4409 4419/4483/4419
f 4408/4477/4408 4700/4476/4700 4419/4483/4419
vt 0.501408 0.232394
f 4408/4477/4408 4419/4483/4419 4420/4484/4420
vt 0.474775 0.215951
f 4420/4484/4420 4410/4485/4410 4408/4477/4408
f 4408/4477/4408 4410/4485/4410 4411/4478/4411
vt 0.532305 0.212992
f 4411/4478/4411 4410/4485/4410 4413/4486/4413
f 4412/4480/4412 4411/4478/4411 4413/4486/4413
vt 0.531365 0.209204
f 4412/4480/4412 4413/4486/4413 4414/4487/4414
vt 0.478316 0.209326
f 4415/4488/4415 4412/4480/4412 4414/4487/4414
vt 0.478271 0.186136
f 4415/4488/4415 4414/4487/4414 4683/4489/4683
vt 0.478300 0.209249
f 4683/4489/4683 4688/4490/4688 4415/4488/4415
f 4415/4488/4415 4688/4490/4688 4416/4481/4416
f 4416/4481/4416 4412/4480/4412 4415/4488/4415
vt 0.477356 0.213118
f 4416/4481/4416 4688/4490/4688 4417/4491/4417
f 4416/4481/4416 4417/4491/4417 4418/4482/4418
f 4418/4482/4418 4417/4491/4417 4410/4485/4410
vt 0.471256 0.217074
f 4418/4482/4418 4410/4485/4410 4423/4492/4423
f 4419/4483/4419 4418/4482/4418 4423/4492/4423
vt 0.500016 0.233772
f 4419/4483/4419 4423/4492/4423 4424/4493/4424
f 4420/4484/4420 4419/4483/4419 4424/4493/4424
f 4420/4484/4420 4424/4493/4424 4425/3961/4425
vt 0.467705 0.217004
f 4425/3961/4425 4421/4494/4421 4420/4484/4420
vt 0.471240 0.216997
f 4421/4494/4421 4422/4495/4422 4420/4484/4420
f 4420/4484/4420 4422/4495/4422 4410/4485/4410
f 4423/4492/4423 4410/4485/4410 4422/4495/4422
f 4422/4495/4422 4421/4494/4421 4423/4492/4423
vt 0.467721 0.217084
f 4423/4492/4423 4421/4494/4421 4426/4496/4426
f 4424/4493/4424 4423/4492/4423 4426/4496/4426
f 4424/4493/4424 4426/4496/4426 3910/3958/3910
f 3910/3958/3910 3909/3956/3909 4424/4493/4424
f 4425/3961/4425 4424/4493/4424 3909/3956/3909
f 4425/3961/4425 3909/3956/3909 3922/3955/3922
vt 0.435995 0.232625
f 3910/3958/3910 4426/4496/4426 4435/4497/4435
f 4427/3960/4427 3910/3958/3910 4435/4497/4435
vt 0.434248 0.231863
f 4427/3960/4427 4435/4497/4435 4437/4498/4437
f 4437/4498/4437 4421/4494/4421 4427/3960/4427
f 4427/3960/4427 4421/4494/4421 4425/3961/4425
vt 0.464166 0.215979
f 4437/4498/4437 4428/4499/4428 4421/4494/4421
vt 0.464182 0.216056
f 4434/4500/4434 4421/4494/4421 4428/4499/4428
vt 0.461585 0.213233
f 4434/4500/4434 4428/4499/4428 4439/4501/4439
vt 0.406642 0.213359
f 4430/4502/4430 4434/4500/4434 4439/4501/4439
vt 0.407583 0.209494
f 4430/4502/4430 4439/4501/4439 4429/4503/4429
vt 0.407564 0.209414
f 4429/4503/4429 4442/4504/4442 4430/4502/4430
vt 0.406626 0.213279
f 4430/4502/4430 4442/4504/4442 4446/4505/4446
vt 0.404057 0.216196
f 4430/4502/4430 4446/4505/4446 4447/4506/4447
f 4447/4506/4447 4434/4500/4434 4430/4502/4430
vt 0.432421 0.231943
f 4431/4507/4431 4434/4500/4434 4447/4506/4447
vt 0.400522 0.217238
f 4431/4507/4431 4447/4506/4447 4448/4508/4448
vt 0.429283 0.233937
f 4431/4507/4431 4448/4508/4448 4451/4509/4451
vt 0.430674 0.232559
f 4433/4510/4433 4431/4507/4431 4451/4509/4451
vt 0.428349 0.235605
f 4433/4510/4433 4451/4509/4451 4450/4511/4450
vt 0.396971 0.217168
f 4450/4511/4450 4455/4512/4455 4433/4510/4433
vt 0.400506 0.217161
f 4455/4512/4455 4432/4513/4432 4433/4510/4433
vt 0.404041 0.216115
f 4433/4510/4433 4432/4513/4432 4436/4514/4436
f 4433/4510/4433 4436/4514/4436 4437/4498/4437
f 4437/4498/4437 4431/4507/4431 4433/4510/4433
f 4437/4498/4437 4435/4497/4435 4431/4507/4431
f 4435/4497/4435 4434/4500/4434 4431/4507/4431
f 4435/4497/4435 4426/4496/4426 4434/4500/4434
f 4426/4496/4426 4421/4494/4421 4434/4500/4434
f 4436/4514/4436 4428/4499/4428 4437/4498/4437
vt 0.461569 0.213153
f 4436/4514/4436 4438/4515/4438 4428/4499/4428
f 4439/4501/4439 4428/4499/4428 4438/4515/4438
vt 0.460631 0.209368
f 4439/4501/4439 4438/4515/4438 4638/4516/4638
f 4429/4503/4429 4439/4501/4439 4638/4516/4638
vt 0.407538 0.186297
f 4429/4503/4429 4638/4516/4638 4440/4517/4440
f 4440/4517/4440 4442/4504/4442 4429/4503/4429
vt 0.407522 0.186216
f 4441/4518/4441 4442/4504/4442 4440/4517/4440
vt 0.406569 0.182351
f 4440/4517/4440 4639/4519/4639 4441/4518/4441
vt 0.461511 0.182225
f 4639/4519/4639 4443/4520/4443 4441/4518/4441
vt 0.460574 0.186094
f 4441/4518/4441 4443/4520/4443 4444/4521/4444
f 4441/4518/4441 4444/4521/4444 4442/4504/4442
vt 0.460615 0.209288
f 4442/4504/4442 4444/4521/4444 4445/4522/4445
f 4442/4504/4442 4445/4522/4445 4446/4505/4446
f 4446/4505/4446 4445/4522/4445 4438/4515/4438
f 4446/4505/4446 4438/4515/4438 4436/4514/4436
f 4447/4506/4447 4446/4505/4446 4436/4514/4436
f 4447/4506/4447 4436/4514/4436 4448/4508/4448
f 4448/4508/4448 4436/4514/4436 4432/4513/4432
f 4432/4513/4432 4455/4512/4455 4448/4508/4448
vt 0.396987 0.217245
f 4448/4508/4448 4455/4512/4455 4449/4523/4449
f 4451/4509/4451 4448/4508/4448 4449/4523/4449
vt 0.428048 0.237665
f 4451/4509/4451 4449/4523/4449 4462/4524/4462
f 4450/4511/4450 4451/4509/4451 4462/4524/4462
vt 0.428355 0.239572
f 4450/4511/4450 4462/4524/4462 4452/4525/4452
vt 0.397041 0.255833
f 4452/4525/4452 4453/4526/4453 4450/4511/4450
f 4450/4511/4450 4453/4526/4453 4455/4512/4455
vt 0.329846 0.255987
f 4453/4526/4453 4454/4527/4454 4455/4512/4455
vt 0.329773 0.217326
f 4455/4512/4455 4454/4527/4454 4456/4528/4456
vt 0.393430 0.216140
f 4455/4512/4455 4456/4528/4456 4457/4529/4457
vt 0.393446 0.216220
f 4458/4530/4458 4455/4512/4455 4457/4529/4457
vt 0.390854 0.213398
f 4458/4530/4458 4457/4529/4457 4459/4531/4459
vt 0.335909 0.213527
f 4461/4532/4461 4458/4530/4458 4459/4531/4459
vt 0.336849 0.209659
f 4461/4532/4461 4459/4531/4459 4478/4533/4478
vt 0.336833 0.209575
f 4478/4533/4478 4491/4534/4491 4461/4532/4461
vt 0.335893 0.213443
f 4461/4532/4461 4491/4534/4491 4460/4535/4460
vt 0.333324 0.216364
f 4461/4532/4461 4460/4535/4460 4493/4536/4493
f 4493/4536/4493 4458/4530/4458 4461/4532/4461
f 4458/4530/4458 4493/4536/4493 4449/4523/4449
f 4449/4523/4449 4455/4512/4455 4458/4530/4458
vt 0.329789 0.217406
f 4449/4523/4449 4493/4536/4493 4476/4537/4476
vt 0.397057 0.255910
f 4449/4523/4449 4476/4537/4476 4540/4538/4540
f 4462/4524/4462 4449/4523/4449 4540/4538/4540
vt 0.429295 0.241391
f 4462/4524/4462 4540/4538/4540 4635/4539/4635
f 4452/4525/4452 4462/4524/4462 4635/4539/4635
f 4452/4525/4452 4635/4539/4635 4634/3971/4634
vt 0.400580 0.255823
f 4634/3971/4634 4637/4540/4637 4452/4525/4452
f 4452/4525/4452 4637/4540/4637 4453/4526/4453
f 4453/4526/4453 4637/4540/4637 4540/4538/4540
vt 0.393506 0.256875
f 4540/4538/4540 4463/4541/4463 4453/4526/4453
vt 0.333384 0.257012
f 4463/4541/4463 4541/4542/4541 4453/4526/4453
f 4453/4526/4453 4541/4542/4541 4454/4527/4454
vt 0.333400 0.257092
f 4464/4543/4464 4454/4527/4454 4541/4542/4541
vt 0.335995 0.259915
f 4464/4543/4464 4541/4542/4541 4544/4544/4544
vt 0.390941 0.259789
f 4467/4545/4467 4464/4543/4464 4544/4544/4544
vt 0.390000 0.263658
f 4467/4545/4467 4544/4544/4544 4543/4546/4543
vt 0.389984 0.263577
f 4543/4546/4543 4548/4547/4548 4467/4545/4467
vt 0.390925 0.259709
f 4467/4545/4467 4548/4547/4548 4465/4548/4465
vt 0.393522 0.256952
f 4467/4545/4467 4465/4548/4465 4466/4549/4466
f 4466/4549/4466 4464/4543/4464 4467/4545/4467
vt 0.329862 0.256067
f 4466/4549/4466 4468/4550/4468 4464/4543/4464
f 4468/4550/4468 4454/4527/4454 4464/4543/4464
vt 0.326324 0.256074
f 4469/4551/4469 4454/4527/4454 4468/4550/4468
vt 0.326254 0.217417
f 4469/4551/4469 4468/4550/4468 4539/4552/4539
vt 0.259055 0.217570
f 4472/4553/4472 4469/4551/4469 4539/4552/4539
vt 0.262590 0.216528
f 4472/4553/4472 4539/4552/4539 4470/4554/4470
vt 0.262574 0.216444
f 4470/4554/4470 4471/4555/4471 4472/4553/4472
vt 0.259039 0.217490
f 4472/4553/4472 4471/4555/4471 4537/4556/4537
vt 0.255504 0.217497
f 4537/4556/4537 4608/4557/4608 4472/4553/4472
vt 0.255520 0.217578
f 4472/4553/4472 4608/4557/4608 4600/4558/4600
vt 0.259129 0.256228
f 4600/4558/4600 4473/4559/4473 4472/4553/4472
f 4473/4559/4473 4469/4551/4469 4472/4553/4472
vt 0.322789 0.257117
f 4473/4559/4473 4474/4560/4474 4469/4551/4469
vt 0.322773 0.257036
f 4474/4560/4474 4604/4561/4604 4469/4551/4469
vt 0.326311 0.255994
f 4469/4551/4469 4604/4561/4604 4475/4562/4475
f 4475/4562/4475 4454/4527/4454 4469/4551/4469
f 4454/4527/4454 4475/4562/4475 4456/4528/4456
vt 0.326238 0.217333
f 4456/4528/4456 4475/4562/4475 4607/4563/4607
f 4456/4528/4456 4607/4563/4607 4476/4537/4476
vt 0.333308 0.216283
f 4476/4537/4476 4477/4564/4477 4456/4528/4456
f 4457/4529/4457 4456/4528/4456 4477/4564/4477
vt 0.390838 0.213317
f 4457/4529/4457 4477/4564/4477 4492/4565/4492
f 4459/4531/4459 4457/4529/4457 4492/4565/4492
vt 0.389898 0.209536
f 4459/4531/4459 4492/4565/4492 4494/4566/4494
f 4478/4533/4478 4459/4531/4459 4494/4566/4494
vt 0.336804 0.186461
f 4478/4533/4478 4494/4566/4494 4495/4567/4495
f 4495/4567/4495 4491/4534/4491 4478/4533/4478
vt 0.336788 0.186377
f 4487/4568/4487 4491/4534/4491 4495/4567/4495
vt 0.335835 0.182516
f 4495/4567/4495 4499/4569/4499 4487/4568/4487
vt 0.390781 0.182390
f 4488/4570/4488 4487/4568/4487 4499/4569/4499
vt 0.363390 0.166125
f 4488/4570/4488 4499/4569/4499 4479/4571/4479
vt 0.393362 0.179553
f 4479/4571/4479 4484/4572/4484 4488/4570/4488
vt 0.393382 0.179633
f 4482/4573/4482 4488/4570/4488 4484/4572/4484
f 4482/4573/4482 4484/4572/4484 4480/4132/4480
vt 0.365136 0.165513
f 4481/4574/4481 4482/4573/4482 4480/4132/4480
f 4481/4574/4481 4480/4132/4480 4062/4130/4062
f 4483/4129/4483 4481/4574/4481 4062/4130/4062
f 4479/4571/4479 4481/4574/4481 4483/4129/4483
vt 0.396897 0.178507
f 4483/4129/4483 4485/4575/4485 4479/4571/4479
f 4479/4571/4479 4485/4575/4485 4484/4572/4484
f 4480/4132/4480 4484/4572/4484 4485/4575/4485
f 4485/4575/4485 4644/4128/4644 4480/4132/4480
f 4483/4129/4483 4644/4128/4644 4485/4575/4485
vt 0.361563 0.166212
f 4479/4571/4479 4500/4576/4500 4481/4574/4481
f 4500/4576/4500 4482/4573/4482 4481/4574/4481
vt 0.390797 0.182470
f 4500/4576/4500 4486/4577/4486 4482/4573/4482
f 4486/4577/4486 4488/4570/4488 4482/4573/4482
vt 0.389840 0.186258
f 4486/4577/4486 4489/4578/4489 4488/4570/4488
f 4489/4578/4489 4487/4568/4487 4488/4570/4488
f 4489/4578/4489 4491/4534/4491 4487/4568/4487
vt 0.389885 0.209456
f 4490/4579/4490 4491/4534/4491 4489/4578/4489
f 4490/4579/4490 4489/4578/4489 4494/4566/4494
f 4494/4566/4494 4492/4565/4492 4490/4579/4490
f 4492/4565/4492 4460/4535/4460 4490/4579/4490
f 4490/4579/4490 4460/4535/4460 4491/4534/4491
f 4492/4565/4492 4477/4564/4477 4460/4535/4460
f 4493/4536/4493 4460/4535/4460 4477/4564/4477
f 4493/4536/4493 4477/4564/4477 4476/4537/4476
vt 0.389856 0.186339
f 4494/4566/4494 4489/4578/4489 4496/4580/4496
f 4495/4567/4495 4494/4566/4494 4496/4580/4496
vt 0.335851 0.182599
f 4495/4567/4495 4496/4580/4496 4497/4581/4497
f 4497/4581/4497 4499/4569/4499 4495/4567/4495
vt 0.333241 0.179693
f 4497/4581/4497 4498/4582/4498 4499/4569/4499
f 4479/4571/4479 4499/4569/4499 4498/4582/4498
vt 0.359816 0.165446
f 4479/4571/4479 4498/4582/4498 4501/4583/4501
f 4501/4583/4501 4500/4576/4500 4479/4571/4479
vt 0.358418 0.164236
f 4501/4583/4501 4502/4584/4502 4500/4576/4500
vt 0.329715 0.178745
f 4502/4584/4502 4503/4585/4503 4500/4576/4500
vt 0.333253 0.179773
f 4500/4576/4500 4503/4585/4503 4504/4586/4504
f 4500/4576/4500 4504/4586/4504 4497/4581/4497
f 4497/4581/4497 4486/4577/4486 4500/4576/4500
f 4497/4581/4497 4496/4580/4496 4486/4577/4486
f 4496/4580/4496 4489/4578/4489 4486/4577/4486
f 4504/4586/4504 4498/4582/4498 4497/4581/4497
vt 0.329699 0.178664
f 4504/4586/4504 4505/4587/4505 4498/4582/4498
f 4501/4583/4501 4498/4582/4498 4505/4587/4505
vt 0.357481 0.162414
f 4501/4583/4501 4505/4587/4505 4511/4588/4511
f 4511/4588/4511 4502/4584/4502 4501/4583/4501
vt 0.357174 0.160511
f 4511/4588/4511 4510/4589/4510 4502/4584/4502
vt 0.326180 0.178752
f 4510/4589/4510 4506/4590/4506 4502/4584/4502
f 4502/4584/4502 4506/4590/4506 4503/4585/4503
f 4506/4590/4506 4505/4587/4505 4503/4585/4503
f 4503/4585/4503 4505/4587/4505 4504/4586/4504
vt 0.326164 0.178671
f 4508/4591/4508 4505/4587/4505 4506/4590/4506
vt 0.322629 0.179717
f 4506/4590/4506 4507/4592/4507 4508/4591/4508
vt 0.262507 0.179857
f 4507/4592/4507 4515/4593/4515 4508/4591/4508
vt 0.258969 0.178832
f 4508/4591/4508 4515/4593/4515 4518/4594/4518
f 4508/4591/4508 4518/4594/4518 4509/4110/4509
f 4512/4109/4512 4508/4591/4508 4509/4110/4509
f 4511/4588/4511 4508/4591/4508 4512/4109/4512
f 4512/4109/4512 4510/4589/4510 4511/4588/4511
f 4512/4109/4512 4513/4107/4513 4510/4589/4510
vt 0.326110 0.140094
f 4514/4595/4514 4510/4589/4510 4513/4107/4513
f 4513/4107/4513 4036/4105/4036 4514/4595/4514
f 4036/4105/4036 4509/4110/4509 4514/4595/4514
vt 0.322571 0.139066
f 4514/4595/4514 4509/4110/4509 4633/4596/4633
vt 0.258985 0.178909
f 4633/4596/4633 4519/4597/4519 4514/4595/4514
f 4519/4597/4519 4506/4590/4506 4514/4595/4514
f 4514/4595/4514 4506/4590/4506 4510/4589/4510
vt 0.322645 0.179798
f 4519/4597/4519 4521/4598/4521 4506/4590/4506
f 4521/4598/4521 4507/4592/4507 4506/4590/4506
vt 0.320044 0.182554
f 4521/4598/4521 4525/4599/4525 4507/4592/4507
vt 0.265105 0.182680
f 4525/4599/4525 4516/4600/4516 4507/4592/4507
f 4507/4592/4507 4516/4600/4516 4515/4593/4515
vt 0.265121 0.182760
f 4517/4601/4517 4515/4593/4515 4516/4600/4516
vt 0.266074 0.186626
f 4517/4601/4517 4516/4600/4516 4526/4602/4526
vt 0.319119 0.186503
f 4526/4602/4526 4528/4603/4528 4517/4601/4517
vt 0.320063 0.182634
f 4517/4601/4517 4528/4603/4528 4522/4604/4522
vt 0.262523 0.179938
f 4517/4601/4517 4522/4604/4522 4520/4605/4520
f 4520/4605/4520 4515/4593/4515 4517/4601/4517
f 4520/4605/4520 4518/4594/4518 4515/4593/4515
f 4519/4597/4519 4518/4594/4518 4520/4605/4520
f 4520/4605/4520 4521/4598/4521 4519/4597/4519
f 4520/4605/4520 4522/4604/4522 4521/4598/4521
f 4522/4604/4522 4525/4599/4525 4521/4598/4521
vt 0.319104 0.186423
f 4522/4604/4522 4523/4606/4523 4525/4599/4525
vt 0.266058 0.186542
f 4523/4606/4523 4524/4607/4524 4525/4599/4525
f 4525/4599/4525 4524/4607/4524 4516/4600/4516
f 4526/4602/4526 4516/4600/4516 4524/4607/4524
vt 0.266100 0.209739
f 4524/4607/4524 4530/4608/4530 4526/4602/4526
vt 0.266116 0.209823
f 4526/4602/4526 4530/4608/4530 4527/4609/4527
vt 0.319164 0.209700
f 4527/4609/4527 4533/4610/4533 4526/4602/4526
f 4526/4602/4526 4533/4610/4533 4528/4603/4528
f 4533/4610/4533 4523/4606/4523 4528/4603/4528
f 4528/4603/4528 4523/4606/4523 4522/4604/4522
vt 0.319148 0.209620
f 4529/4611/4529 4523/4606/4523 4533/4610/4533
vt 0.320105 0.213482
f 4533/4610/4533 4534/4612/4534 4529/4611/4529
vt 0.265159 0.213608
f 4534/4612/4534 4536/4613/4536 4529/4611/4529
f 4529/4611/4529 4536/4613/4536 4530/4608/4530
f 4529/4611/4529 4530/4608/4530 4523/4606/4523
f 4523/4606/4523 4530/4608/4530 4524/4607/4524
vt 0.265175 0.213692
f 4532/4614/4532 4530/4608/4530 4536/4613/4536
f 4532/4614/4532 4536/4613/4536 4470/4554/4470
vt 0.322715 0.216388
f 4470/4554/4470 4531/4615/4531 4532/4614/4532
vt 0.320121 0.213562
f 4532/4614/4532 4531/4615/4531 4538/4616/4538
f 4532/4614/4532 4538/4616/4538 4527/4609/4527
f 4527/4609/4527 4530/4608/4530 4532/4614/4532
f 4527/4609/4527 4538/4616/4538 4533/4610/4533
f 4538/4616/4538 4534/4612/4534 4533/4610/4533
vt 0.322699 0.216304
f 4538/4616/4538 4535/4617/4535 4534/4612/4534
f 4535/4617/4535 4471/4555/4471 4534/4612/4534
f 4534/4612/4534 4471/4555/4471 4536/4613/4536
f 4470/4554/4470 4536/4613/4536 4471/4555/4471
f 4535/4617/4535 4537/4556/4537 4471/4555/4471
f 4607/4563/4607 4537/4556/4537 4535/4617/4535
f 4531/4615/4531 4607/4563/4607 4535/4617/4535
f 4531/4615/4531 4535/4617/4535 4538/4616/4538
f 4539/4552/4539 4607/4563/4607 4531/4615/4531
f 4470/4554/4470 4539/4552/4539 4531/4615/4531
f 4476/4537/4476 4607/4563/4607 4539/4552/4539
f 4539/4552/4539 4468/4550/4468 4476/4537/4476
f 4540/4538/4540 4476/4537/4476 4468/4550/4468
f 4540/4538/4540 4468/4550/4468 4466/4549/4466
f 4466/4549/4466 4463/4541/4463 4540/4538/4540
f 4466/4549/4466 4465/4548/4465 4463/4541/4463
vt 0.335979 0.259838
f 4465/4548/4465 4542/4618/4542 4463/4541/4463
f 4463/4541/4463 4542/4618/4542 4541/4542/4541
f 4544/4544/4544 4541/4542/4541 4542/4618/4542
vt 0.336948 0.263780
f 4544/4544/4544 4542/4618/4542 4545/4619/4545
f 4543/4546/4543 4544/4544/4544 4545/4619/4545
vt 0.390042 0.286855
f 4543/4546/4543 4545/4619/4545 4551/4620/4551
f 4551/4620/4551 4548/4547/4548 4543/4546/4543
vt 0.390026 0.286771
f 4546/4621/4546 4548/4547/4548 4551/4620/4551
vt 0.390982 0.290636
f 4551/4620/4551 4553/4622/4553 4546/4621/4546
vt 0.336037 0.290766
f 4553/4622/4553 4554/4623/4554 4546/4621/4546
vt 0.336977 0.286897
f 4546/4621/4546 4554/4623/4554 4547/4624/4547
f 4546/4621/4546 4547/4624/4547 4548/4547/4548
vt 0.336932 0.263703
f 4548/4547/4548 4547/4624/4547 4549/4625/4549
f 4548/4547/4548 4549/4625/4549 4465/4548/4465
f 4465/4548/4465 4549/4625/4549 4542/4618/4542
f 4545/4619/4545 4542/4618/4542 4549/4625/4549
f 4549/4625/4549 4547/4624/4547 4545/4619/4545
vt 0.336993 0.286978
f 4545/4619/4545 4547/4624/4547 4559/4626/4559
f 4551/4620/4551 4545/4619/4545 4559/4626/4559
vt 0.390998 0.290717
f 4551/4620/4551 4559/4626/4559 4550/4627/4550
f 4550/4627/4550 4553/4622/4553 4551/4620/4551
vt 0.393577 0.293462
f 4550/4627/4550 4552/4628/4552 4553/4622/4553
vt 0.333452 0.293602
f 4552/4628/4552 4556/4629/4556 4553/4622/4553
f 4553/4622/4553 4556/4629/4556 4554/4623/4554
vt 0.333468 0.293679
f 4555/4630/4555 4554/4623/4554 4556/4629/4556
f 4555/4630/4555 4556/4629/4556 4557/3996/4557
f 3948/3995/3948 4555/4630/4555 4557/3996/4557
vt 0.393593 0.293543
f 4558/4631/4558 4555/4630/4555 3948/3995/3948
f 3948/3995/3948 3876/3915/3876 4558/4631/4558
f 4558/4631/4558 3876/3915/3876 4552/4628/4552
f 4558/4631/4558 4552/4628/4552 4550/4627/4550
vt 0.336053 0.290846
f 4550/4627/4550 4560/4632/4560 4558/4631/4558
f 4558/4631/4558 4560/4632/4560 4555/4630/4555
f 4560/4632/4560 4554/4623/4554 4555/4630/4555
f 4560/4632/4560 4547/4624/4547 4554/4623/4554
f 4559/4626/4559 4547/4624/4547 4560/4632/4560
f 4550/4627/4550 4559/4626/4559 4560/4632/4560
f 3876/3915/3876 4561/3914/4561 4552/4628/4552
f 4552/4628/4552 4561/3914/4561 4556/4629/4556
f 4557/3996/4557 4556/4629/4556 4561/3914/4561
f 4561/3914/4561 4627/3913/4627 4557/3996/4557
f 4557/3996/4557 4627/3913/4627 4562/3997/4562
vt 0.322859 0.293707
f 4562/3997/4562 4627/3913/4627 4563/4633/4563
vt 0.262737 0.293844
f 4563/4633/4563 4625/4634/4625 4562/3997/4562
f 4562/3997/4562 4625/4634/4625 3949/3998/3949
vt 0.262721 0.293767
f 4625/4634/4625 4624/4635/4624 3949/3998/3949
f 3949/3998/3949 4624/4635/4624 3875/3912/3875
f 3875/3912/3875 3874/3911/3874 3949/3998/3949
f 3949/3998/3949 3874/3911/3874 4566/3999/4566
vt 0.252126 0.293868
f 4566/3999/4566 3874/3911/3874 4574/4636/4574
vt 0.192001 0.294012
f 4564/4637/4564 4566/3999/4566 4574/4636/4574
vt 0.194586 0.291171
f 4564/4637/4564 4574/4636/4574 4575/4638/4575
vt 0.194570 0.291094
f 4575/4638/4575 4565/4639/4565 4564/4637/4564
vt 0.191985 0.293931
f 4564/4637/4564 4565/4639/4565 4571/4640/4571
f 4564/4637/4564 4571/4640/4571 4568/4000/4568
f 4568/4000/4568 4566/3999/4566 4564/4637/4564
f 4568/4000/4568 4571/4640/4571 4567/3910/4567
f 4567/3910/4567 3873/3909/3873 4568/4000/4568
f 4568/4000/4568 3873/3909/3873 4569/4001/4569
f 4569/4001/4569 3873/3909/3873 4570/4011/4570
f 4569/4001/4569 4570/4011/4570 3956/4002/3956
vt 0.252107 0.293791
f 4571/4640/4571 4572/4641/4572 4567/3910/4567
f 4567/3910/4567 4572/4641/4572 3874/3911/3874
f 4574/4636/4574 3874/3911/3874 4572/4641/4572
vt 0.249531 0.291046
f 4574/4636/4574 4572/4641/4572 4573/4642/4573
f 4575/4638/4575 4574/4636/4574 4573/4642/4573
vt 0.195526 0.287303
f 4575/4638/4575 4573/4642/4573 4576/4643/4576
vt 0.195510 0.287226
f 4576/4643/4576 4580/4644/4580 4575/4638/4575
f 4575/4638/4575 4580/4644/4580 4565/4639/4565
vt 0.248559 0.287103
f 4580/4644/4580 4577/4645/4577 4565/4639/4565
vt 0.249515 0.290965
f 4565/4639/4565 4577/4645/4577 4578/4646/4578
f 4565/4639/4565 4578/4646/4578 4571/4640/4571
f 4571/4640/4571 4578/4646/4578 4572/4641/4572
f 4573/4642/4573 4572/4641/4572 4578/4646/4578
vt 0.248578 0.287184
f 4573/4642/4573 4578/4646/4578 4579/4647/4579
f 4576/4643/4576 4573/4642/4573 4579/4647/4579
vt 0.195481 0.264109
f 4576/4643/4576 4579/4647/4579 4581/4648/4581
f 4581/4648/4581 4580/4644/4580 4576/4643/4576
vt 0.195465 0.264028
f 4582/4649/4582 4580/4644/4580 4581/4648/4581
vt 0.194512 0.260167
f 4581/4648/4581 4586/4650/4586 4582/4649/4582
vt 0.249458 0.260037
f 4586/4650/4586 4595/4651/4595 4582/4649/4582
vt 0.248517 0.263910
f 4582/4649/4582 4595/4651/4595 4597/4652/4597
f 4582/4649/4582 4597/4652/4597 4580/4644/4580
f 4580/4644/4580 4597/4652/4597 4577/4645/4577
f 4577/4645/4577 4597/4652/4597 4579/4647/4579
f 4579/4647/4579 4578/4646/4578 4577/4645/4577
vt 0.248530 0.263986
f 4579/4647/4579 4597/4652/4597 4583/4653/4583
f 4581/4648/4581 4579/4647/4579 4583/4653/4583
vt 0.194528 0.260244
f 4581/4648/4581 4583/4653/4583 4584/4654/4584
f 4584/4654/4584 4586/4650/4586 4581/4648/4581
vt 0.191914 0.257344
f 4584/4654/4584 4585/4655/4585 4586/4650/4586
vt 0.252043 0.257201
f 4585/4655/4585 4598/4656/4598 4586/4650/4586
f 4586/4650/4586 4598/4656/4598 4595/4651/4595
vt 0.252055 0.257281
f 4596/4657/4596 4595/4651/4595 4598/4656/4598
vt 0.255591 0.256235
f 4596/4657/4596 4598/4656/4598 4601/4658/4601
f 4593/4049/4593 4596/4657/4596 4601/4658/4601
f 4593/4049/4593 4601/4658/4601 4600/4558/4600
f 4600/4558/4600 4588/4050/4588 4593/4049/4593
f 4600/4558/4600 4608/4557/4608 4588/4050/4588
vt 0.251963 0.216469
f 4588/4050/4588 4608/4557/4608 4587/4659/4587
f 4588/4050/4588 4587/4659/4587 4589/4051/4589
f 4589/4051/4589 4587/4659/4587 4590/4052/4590
f 4587/4659/4587 3991/4047/3991 4590/4052/4590
f 4590/4052/4590 3991/4047/3991 3993/4046/3993
f 4587/4659/4587 4591/4048/4591 3991/4047/3991
f 4608/4557/4608 4591/4048/4591 4587/4659/4587
vt 0.255574 0.256158
f 4608/4557/4608 4599/4660/4599 4591/4048/4591
f 4591/4048/4591 4599/4660/4599 4585/4655/4585
vt 0.191933 0.257421
f 4594/4661/4594 4591/4048/4591 4585/4655/4585
f 4594/4661/4594 4585/4655/4585 4584/4654/4584
vt 0.249474 0.260118
f 4584/4654/4584 4592/4662/4592 4594/4661/4594
f 4594/4661/4594 4592/4662/4592 4596/4657/4596
f 4594/4661/4594 4596/4657/4596 4593/4049/4593
f 4593/4049/4593 4591/4048/4591 4594/4661/4594
f 4592/4662/4592 4595/4651/4595 4596/4657/4596
f 4592/4662/4592 4597/4652/4597 4595/4651/4595
f 4583/4653/4583 4597/4652/4597 4592/4662/4592
f 4584/4654/4584 4583/4653/4583 4592/4662/4592
f 4585/4655/4585 4599/4660/4599 4598/4656/4598
f 4601/4658/4601 4598/4656/4598 4599/4660/4599
vt 0.259109 0.256151
f 4599/4660/4599 4606/4663/4606 4601/4658/4601
f 4601/4658/4601 4606/4663/4606 4473/4559/4473
f 4600/4558/4600 4601/4658/4601 4473/4559/4473
vt 0.262667 0.257257
f 4473/4559/4473 4606/4663/4606 4602/4664/4602
f 4602/4664/4602 4474/4560/4474 4473/4559/4473
vt 0.320207 0.259953
f 4602/4664/4602 4609/4665/4609 4474/4560/4474
vt 0.320191 0.259873
f 4609/4665/4609 4603/4666/4603 4474/4560/4474
f 4474/4560/4474 4603/4666/4603 4604/4561/4604
vt 0.265246 0.260002
f 4603/4666/4603 4605/4667/4605 4604/4561/4604
vt 0.262651 0.257180
f 4604/4561/4604 4605/4667/4605 4616/4668/4616
f 4604/4561/4604 4616/4668/4616 4475/4562/4475
f 4475/4562/4475 4616/4668/4616 4606/4663/4606
f 4475/4562/4475 4606/4663/4606 4607/4563/4607
f 4607/4563/4607 4606/4663/4606 4537/4556/4537
f 4606/4663/4606 4599/4660/4599 4537/4556/4537
f 4537/4556/4537 4599/4660/4599 4608/4557/4608
f 4602/4664/4602 4606/4663/4606 4616/4668/4616
vt 0.265262 0.260079
f 4602/4664/4602 4616/4668/4616 4610/4669/4610
f 4610/4669/4610 4609/4665/4609 4602/4664/4602
vt 0.319267 0.263822
f 4610/4669/4610 4615/4670/4615 4609/4665/4609
vt 0.319251 0.263745
f 4615/4670/4615 4611/4671/4611 4609/4665/4609
f 4609/4665/4609 4611/4671/4611 4603/4666/4603
vt 0.266199 0.263864
f 4611/4671/4611 4620/4672/4620 4603/4666/4603
f 4603/4666/4603 4620/4672/4620 4605/4667/4605
vt 0.266215 0.263945
f 4614/4673/4614 4605/4667/4605 4620/4672/4620
vt 0.266244 0.287061
f 4620/4672/4620 4612/4674/4612 4614/4673/4614
vt 0.266256 0.287142
f 4614/4673/4614 4612/4674/4612 4613/4675/4613
vt 0.319308 0.287019
f 4613/4675/4613 4617/4676/4617 4614/4673/4614
f 4614/4673/4614 4617/4676/4617 4615/4670/4615
f 4614/4673/4614 4615/4670/4615 4610/4669/4610
f 4610/4669/4610 4605/4667/4605 4614/4673/4614
f 4610/4669/4610 4616/4668/4616 4605/4667/4605
f 4617/4676/4617 4611/4671/4611 4615/4670/4615
vt 0.319292 0.286939
f 4619/4677/4619 4611/4671/4611 4617/4676/4617
vt 0.320249 0.290801
f 4617/4676/4617 4618/4678/4618 4619/4677/4619
vt 0.265303 0.290930
f 4618/4678/4618 4626/4679/4626 4619/4677/4619
f 4619/4677/4619 4626/4679/4626 4612/4674/4612
f 4619/4677/4619 4612/4674/4612 4611/4671/4611
f 4611/4671/4611 4612/4674/4612 4620/4672/4620
vt 0.265319 0.291011
f 4621/4680/4621 4612/4674/4612 4626/4679/4626
f 4621/4680/4621 4626/4679/4626 4625/4634/4625
f 4563/4633/4563 4621/4680/4621 4625/4634/4625
vt 0.320265 0.290885
f 4623/4681/4623 4621/4680/4621 4563/4633/4563
vt 0.322843 0.293627
f 4563/4633/4563 4622/4682/4622 4623/4681/4623
f 4623/4681/4623 4622/4682/4622 4618/4678/4618
f 4623/4681/4623 4618/4678/4618 4617/4676/4617
f 4613/4675/4613 4623/4681/4623 4617/4676/4617
f 4621/4680/4621 4623/4681/4623 4613/4675/4613
f 4613/4675/4613 4612/4674/4612 4621/4680/4621
f 4622/4682/4622 4624/4635/4624 4618/4678/4618
f 4618/4678/4618 4624/4635/4624 4626/4679/4626
f 4625/4634/4625 4626/4679/4626 4624/4635/4624
f 4624/4635/4624 4622/4682/4622 3875/3912/3875
f 3875/3912/3875 4622/4682/4622 4627/3913/4627
f 4563/4633/4563 4627/3913/4627 4622/4682/4622
f 4628/4066/4628 4518/4594/4518 4519/4597/4519
f 4633/4596/4633 4628/4066/4628 4519/4597/4519
f 4629/4067/4629 4628/4066/4628 4633/4596/4633
vt 0.322555 0.138985
f 4633/4596/4633 4632/4683/4632 4629/4067/4629
f 4629/4067/4629 4632/4683/4632 4006/4068/4006
vt 0.255430 0.178839
f 4632/4683/4632 4630/4684/4630 4006/4068/4006
f 4006/4068/4006 4630/4684/4630 4631/4064/4631
f 4631/4064/4631 4630/4684/4630 4002/4065/4002
f 4628/4066/4628 4002/4065/4002 4630/4684/4630
f 4630/4684/4630 4518/4594/4518 4628/4066/4628
f 4632/4683/4632 4518/4594/4518 4630/4684/4630
f 4509/4110/4509 4518/4594/4518 4632/4683/4632
f 4633/4596/4633 4509/4110/4509 4632/4683/4632
f 4038/4111/4038 4509/4110/4509 4036/4105/4036
f 4036/4105/4036 4039/4103/4039 4038/4111/4038
f 4511/4588/4511 4505/4587/4505 4508/4591/4508
vt 0.400596 0.255903
f 4540/4538/4540 4637/4540/4637 4636/4685/4636
f 4635/4539/4635 4540/4538/4540 4636/4685/4636
f 4635/4539/4635 4636/4685/4636 3920/3972/3920
f 4634/3971/4634 4635/4539/4635 3920/3972/3920
f 3920/3972/3920 4636/4685/4636 3926/3976/3926
f 4636/4685/4636 4637/4540/4637 3926/3976/3926
f 3926/3976/3926 4637/4540/4637 3919/3970/3919
f 4634/3971/4634 3919/3970/3919 4637/4540/4637
f 4638/4516/4638 4438/4515/4438 4445/4522/4445
f 4445/4522/4445 4444/4521/4444 4638/4516/4638
vt 0.460590 0.186174
f 4638/4516/4638 4444/4521/4444 4649/4686/4649
f 4440/4517/4440 4638/4516/4638 4649/4686/4649
vt 0.406585 0.182432
f 4440/4517/4440 4649/4686/4649 4645/4687/4645
f 4645/4687/4645 4639/4519/4639 4440/4517/4440
vt 0.403974 0.179528
f 4645/4687/4645 4650/4688/4650 4639/4519/4639
vt 0.464096 0.179388
f 4650/4688/4650 4651/4689/4651 4639/4519/4639
f 4639/4519/4639 4651/4689/4651 4443/4520/4443
f 4647/4134/4647 4443/4520/4443 4651/4689/4651
f 4647/4134/4647 4651/4689/4651 4063/4135/4063
vt 0.467631 0.178346
f 4063/4135/4063 4651/4689/4651 4643/4690/4643
vt 0.471169 0.178336
f 4643/4690/4643 4661/4691/4661 4063/4135/4063
vt 0.471185 0.178416
f 4063/4135/4063 4661/4691/4661 4677/4692/4677
vt 0.471112 0.139758
f 4641/4693/4641 4063/4135/4063 4677/4692/4677
vt 0.538381 0.178262
f 4677/4692/4677 4678/4694/4678 4641/4693/4641
vt 0.538310 0.139601
f 4641/4693/4641 4678/4694/4678 4658/4695/4658
vt 0.474650 0.138712
f 4641/4693/4641 4658/4695/4658 4640/4696/4640
vt 0.474634 0.138632
f 4640/4696/4640 4690/4697/4690 4641/4693/4641
vt 0.471099 0.139674
f 4641/4693/4641 4690/4697/4690 4642/4698/4642
f 4642/4698/4642 4067/4127/4067 4641/4693/4641
f 4641/4693/4641 4067/4127/4067 4069/4136/4069
f 4069/4136/4069 4063/4135/4063 4641/4693/4641
f 4642/4698/4642 4643/4690/4643 4067/4127/4067
f 4067/4127/4067 4643/4690/4643 4644/4128/4644
f 4644/4128/4644 4643/4690/4643 4650/4688/4650
f 4646/4133/4646 4644/4128/4644 4650/4688/4650
f 4646/4133/4646 4650/4688/4650 4645/4687/4645
vt 0.461527 0.182306
f 4645/4687/4645 4648/4699/4648 4646/4133/4646
f 4646/4133/4646 4648/4699/4648 4647/4134/4647
f 4648/4699/4648 4443/4520/4443 4647/4134/4647
f 4648/4699/4648 4444/4521/4444 4443/4520/4443
f 4649/4686/4649 4444/4521/4444 4648/4699/4648
f 4645/4687/4645 4649/4686/4649 4648/4699/4648
f 4650/4688/4650 4643/4690/4643 4651/4689/4651
f 4661/4691/4661 4643/4690/4643 4642/4698/4642
vt 0.538291 0.139521
f 4652/4700/4652 4661/4691/4661 4642/4698/4642
vt 0.534753 0.138492
f 4652/4700/4652 4642/4698/4642 4699/4701/4699
vt 0.534769 0.138573
f 4653/4702/4653 4652/4700/4652 4699/4701/4699
vt 0.532177 0.135750
f 4653/4702/4653 4699/4701/4699 4654/4703/4654
vt 0.477232 0.135876
f 4656/4704/4656 4653/4702/4653 4654/4703/4654
vt 0.478172 0.132007
f 4656/4704/4656 4654/4703/4654 4655/4705/4655
vt 0.478156 0.131930
f 4655/4705/4655 4696/4706/4696 4656/4704/4656
vt 0.477216 0.135792
f 4656/4704/4656 4696/4706/4696 4657/4707/4657
f 4656/4704/4656 4657/4707/4657 4640/4696/4640
f 4640/4696/4640 4653/4702/4653 4656/4704/4656
f 4640/4696/4640 4658/4695/4658 4653/4702/4653
f 4658/4695/4658 4652/4700/4652 4653/4702/4653
f 4382/4447/4382 4652/4700/4652 4658/4695/4658
f 4658/4695/4658 4659/4450/4659 4382/4447/4382
f 4678/4694/4678 4659/4450/4659 4658/4695/4658
f 4678/4694/4678 4663/4437/4663 4659/4450/4659
vt 0.538365 0.178182
f 4662/4708/4662 4663/4437/4663 4678/4694/4678
vt 0.534829 0.179224
f 4678/4694/4678 4681/4709/4681 4662/4708/4662
vt 0.474708 0.179364
f 4681/4709/4681 4660/4710/4660 4662/4708/4662
f 4662/4708/4662 4660/4710/4660 4661/4691/4661
f 4662/4708/4662 4661/4691/4661 4652/4700/4652
f 4652/4700/4652 4663/4437/4663 4662/4708/4662
f 4371/4438/4371 4663/4437/4663 4652/4700/4652
f 4371/4438/4371 4652/4700/4652 4382/4447/4382
vt 0.545364 0.138468
f 4382/4447/4382 4664/4711/4664 4371/4438/4371
f 4664/4711/4664 4665/4439/4665 4371/4438/4371
vt 0.602892 0.135505
f 4664/4711/4664 4672/4712/4672 4665/4439/4665
f 4373/4441/4373 4665/4439/4665 4672/4712/4672
vt 0.601954 0.131720
f 4373/4441/4373 4672/4712/4672 4674/4713/4674
f 4666/4443/4666 4373/4441/4373 4674/4713/4674
f 4666/4443/4666 4674/4713/4674 4668/4220/4668
f 4668/4220/4668 4670/4444/4670 4666/4443/4666
vt 0.548845 0.108568
f 4667/4714/4667 4670/4444/4670 4668/4220/4668
f 4668/4220/4668 4131/4219/4131 4667/4714/4667
f 4130/4218/4130 4667/4714/4667 4131/4219/4131
f 4669/4222/4669 4667/4714/4667 4130/4218/4130
f 4667/4714/4667 4669/4222/4669 4670/4444/4670
vt 0.601938 0.131640
f 4670/4444/4670 4669/4222/4669 4673/4715/4673
f 4670/4444/4670 4673/4715/4673 4671/4445/4671
f 4671/4445/4671 4673/4715/4673 4672/4712/4672
f 4671/4445/4671 4672/4712/4672 4664/4711/4664
f 4376/4446/4376 4671/4445/4671 4664/4711/4664
f 4376/4446/4376 4664/4711/4664 4382/4447/4382
f 4674/4713/4674 4672/4712/4672 4673/4715/4673
f 4673/4715/4673 4669/4222/4669 4674/4713/4674
f 4674/4713/4674 4669/4222/4669 4136/4221/4136
f 4668/4220/4668 4674/4713/4674 4136/4221/4136
vt 0.474724 0.179444
f 4675/4716/4675 4661/4691/4661 4660/4710/4660
vt 0.477315 0.182267
f 4675/4716/4675 4660/4710/4660 4682/4717/4682
vt 0.532264 0.182141
f 4682/4717/4682 4676/4718/4676 4675/4716/4675
vt 0.534845 0.179308
f 4675/4716/4675 4676/4718/4676 4685/4719/4685
f 4675/4716/4675 4685/4719/4685 4677/4692/4677
f 4677/4692/4677 4661/4691/4661 4675/4716/4675
f 4677/4692/4677 4685/4719/4685 4678/4694/4678
f 4685/4719/4685 4681/4709/4681 4678/4694/4678
vt 0.532248 0.182061
f 4685/4719/4685 4679/4720/4679 4681/4709/4681
vt 0.477299 0.182187
f 4679/4720/4679 4680/4721/4680 4681/4709/4681
f 4681/4709/4681 4680/4721/4680 4660/4710/4660
f 4682/4717/4682 4660/4710/4660 4680/4721/4680
f 4682/4717/4682 4680/4721/4680 4683/4489/4683
vt 0.531320 0.186010
f 4683/4489/4683 4684/4722/4684 4682/4717/4682
f 4682/4717/4682 4684/4722/4684 4676/4718/4676
vt 0.531304 0.185929
f 4684/4722/4684 4689/4723/4689 4676/4718/4676
f 4676/4718/4676 4689/4723/4689 4679/4720/4679
f 4676/4718/4676 4679/4720/4679 4685/4719/4685
vt 0.478255 0.186052
f 4689/4723/4689 4686/4724/4686 4679/4720/4679
f 4679/4720/4679 4686/4724/4686 4680/4721/4680
f 4683/4489/4683 4680/4721/4680 4686/4724/4686
f 4686/4724/4686 4688/4490/4688 4683/4489/4683
f 4689/4723/4689 4688/4490/4688 4686/4724/4686
vt 0.531349 0.209123
f 4687/4725/4687 4688/4490/4688 4689/4723/4689
f 4687/4725/4687 4689/4723/4689 4414/4487/4414
f 4414/4487/4414 4413/4486/4413 4687/4725/4687
f 4413/4486/4413 4417/4491/4417 4687/4725/4687
f 4687/4725/4687 4417/4491/4417 4688/4490/4688
f 4413/4486/4413 4410/4485/4410 4417/4491/4417
f 4414/4487/4414 4689/4723/4689 4684/4722/4684
f 4683/4489/4683 4414/4487/4414 4684/4722/4684
f 4640/4696/4640 4657/4707/4657 4690/4697/4690
vt 0.532161 0.135666
f 4698/4726/4698 4690/4697/4690 4657/4707/4657
vt 0.531205 0.131804
f 4698/4726/4698 4657/4707/4657 4691/4727/4691
vt 0.531221 0.131885
f 4694/4728/4694 4698/4726/4698 4691/4727/4691
f 4691/4727/4691 4692/4194/4692 4694/4728/4694
f 4694/4728/4694 4692/4194/4692 4693/4193/4693
f 4115/4192/4115 4694/4728/4694 4693/4193/4693
f 4655/4705/4655 4694/4728/4694 4115/4192/4115
f 4115/4192/4115 4696/4706/4696 4655/4705/4655
vt 0.478112 0.108733
f 4697/4729/4697 4696/4706/4696 4115/4192/4115
f 4115/4192/4115 4695/4191/4695 4697/4729/4697
f 4110/4190/4110 4697/4729/4697 4695/4191/4695
f 4692/4194/4692 4697/4729/4697 4110/4190/4110
f 4692/4194/4692 4696/4706/4696 4697/4729/4697
f 4691/4727/4691 4696/4706/4696 4692/4194/4692
f 4691/4727/4691 4657/4707/4657 4696/4706/4696
f 4655/4705/4655 4654/4703/4654 4694/4728/4694
f 4654/4703/4654 4698/4726/4698 4694/4728/4694
f 4654/4703/4654 4699/4701/4699 4698/4726/4698
f 4699/4701/4699 4690/4697/4690 4698/4726/4698
f 4699/4701/4699 4642/4698/4642 4690/4697/4690
f 4700/4476/4700 4403/4472/4403 4409/4479/4409
f 4403/4472/4403 4402/4470/4402 4409/4479/4409
f 4701/4473/4701 4403/4472/4403 4700/4476/4700
f 4399/4469/4399 4407/4475/4407 4402/4470/4402
f 4406/3940/4406 4702/3938/4702 4701/4473/4701
f 4405/4474/4405 4701/4473/4701 4702/3938/4702
vt 0.570762 0.241062
f 4702/3938/4702 4707/4730/4707 4405/4474/4405
f 3895/3941/3895 4405/4474/4405 4707/4730/4707
f 3895/3941/3895 4707/4730/4707 4703/3864/4703
vt 0.542047 0.255490
f 4703/3864/4703 4710/4731/4710 3895/3941/3895
f 3895/3941/3895 4710/4731/4710 4704/3942/4704
f 4704/3942/4704 4710/4731/4710 3892/3936/3892
f 3892/3936/3892 4705/3934/4705 4704/3942/4704
f 4706/3933/4706 4704/3942/4704 4705/3934/4705
vt 0.542063 0.255571
f 3892/3936/3892 4710/4731/4710 4709/4732/4709
f 3892/3936/3892 4709/4732/4709 4707/4730/4707
f 4702/3938/4702 3892/3936/3892 4707/4730/4707
f 4707/4730/4707 4709/4732/4709 4708/3865/4708
f 4703/3864/4703 4707/4730/4707 4708/3865/4708
f 4708/3865/4708 4709/4732/4709 4711/3875/4711
f 4709/4732/4709 4710/4731/4710 4711/3875/4711
f 4711/3875/4711 4710/4731/4710 4712/3863/4712
f 4703/3864/4703 4712/3863/4712 4710/4731/4710
f 4715/4464/4715 4713/3849/4713 4398/4466/4398
f 4715/4464/4715 4398/4466/4398 4714/4465/4714
f 3825/3850/3825 4713/3849/4713 4715/4464/4715
f 3827/3852/3827 3825/3850/3825 4715/4464/4715
f 4396/4463/4396 4397/4462/4397 3828/3853/3828
f 3827/3852/3827 4396/4463/4396 3828/3853/3828
vt 0.573603 0.076976
f 4160/4237/4160 4716/4246/4716 4717/4733/4717
f 4154/4238/4154 4160/4237/4160 4717/4733/4717
vt 0.571857 0.077592
f 4154/4238/4154 4717/4733/4717 4792/4734/4792
vt 0.545224 0.061149
f 4792/4734/4792 4718/4735/4718 4154/4238/4154
vt 0.547805 0.058312
f 4154/4238/4154 4718/4735/4718 4719/4736/4719
f 4154/4238/4154 4719/4736/4719 4720/4245/4720
f 4720/4245/4720 4156/4240/4156 4154/4238/4154
vt 0.606974 0.027468
f 4720/4245/4720 4756/4737/4756 4156/4240/4156
vt 0.647837 0.020794
f 4156/4240/4156 4756/4737/4756 4721/4738/4721
f 4157/2546/4157 4156/4240/4156 4721/4738/4721
f 4157/2546/4157 4721/4738/4721 2489/2527/2489
vt 0.608701 0.016814
f 2489/2527/2489 4837/4739/4837 4157/2546/4157
vt 0.611040 0.019847
f 4157/2546/4157 4837/4739/4837 4722/4740/4722
vt 0.611046 0.023813
f 4157/2546/4157 4722/4740/4722 4723/4741/4723
f 4723/4741/4723 4757/4241/4757 4157/2546/4157
vt 0.610112 0.025478
f 4724/4742/4724 4757/4241/4757 4723/4741/4723
vt 0.611347 0.021746
f 4724/4742/4724 4723/4741/4723 4725/4743/4725
f 4721/4738/4721 4724/4742/4724 4725/4743/4725
vt 0.610099 0.018021
f 4725/4743/4725 4838/4744/4838 4721/4738/4721
vt 0.615391 0.008209
f 4721/4738/4721 4838/4744/4838 4729/4745/4729
f 2489/2527/2489 4721/4738/4721 4729/4745/4729
vt 0.386260 0.008737
f 4729/4745/4729 4732/4746/4732 2489/2527/2489
f 2489/2527/2489 4732/4746/4732 4736/2369/4736
vt 0.470897 0.023778
f 4736/2369/4736 4726/4747/4726 2489/2527/2489
vt 0.538096 0.023621
f 4726/4747/4726 4727/4748/4727 2489/2527/2489
vt 0.541631 0.023610
f 2489/2527/2489 4727/4748/4727 4741/4749/4741
vt 0.605125 0.016132
f 4741/4749/4741 4743/4750/4743 2489/2527/2489
f 2489/2527/2489 4743/4750/4743 4837/4739/4837
vt 0.606951 0.016048
f 4728/4751/4728 4837/4739/4837 4743/4750/4743
vt 0.603381 0.016744
f 4728/4751/4728 4743/4750/4743 4744/4752/4744
f 4729/4745/4729 4728/4751/4728 4744/4752/4744
vt 0.541615 0.023530
f 4744/4752/4744 4749/4753/4749 4729/4745/4729
vt 0.538077 0.023537
f 4729/4745/4729 4749/4753/4749 4740/4754/4740
vt 0.470881 0.023694
f 4729/4745/4729 4740/4754/4740 4765/4755/4765
f 4729/4745/4729 4765/4755/4765 4732/4746/4732
vt 0.467343 0.023705
f 4732/4746/4732 4765/4755/4765 4822/4756/4822
vt 0.396571 0.016538
f 4730/4757/4730 4732/4746/4732 4822/4756/4822
vt 0.399719 0.018514
f 4730/4757/4730 4822/4756/4822 4823/4758/4823
vt 0.398321 0.017300
f 4823/4758/4823 4819/4759/4819 4730/4757/4730
vt 0.394744 0.016618
f 4730/4757/4730 4819/4759/4819 4731/4760/4731
vt 0.393001 0.017234
f 4730/4757/4730 4731/4760/4731 4832/4761/4832
f 4832/4761/4832 4732/4746/4732 4730/4757/4730
vt 0.353866 0.021480
f 4832/4761/4832 4831/4762/4831 4732/4746/4732
f 4735/2415/4735 4732/4746/4732 4831/4762/4831
f 4735/2415/4735 4831/4762/4831 4733/2554/4733
vt 0.394767 0.028042
f 4733/2554/4733 4809/4763/4809 4735/2415/4735
vt 0.391619 0.026066
f 4735/2415/4735 4809/4763/4809 4734/4764/4734
vt 0.390371 0.022340
f 4734/4764/4734 4829/4765/4829 4735/2415/4735
vt 0.391606 0.018612
f 4735/2415/4735 4829/4765/4829 4834/4766/4834
f 4735/2415/4735 4834/4766/4834 4736/2369/4736
f 4736/2369/4736 4732/4746/4732 4735/2415/4735
f 4736/2369/4736 4834/4766/4834 4731/4760/4731
f 4736/2369/4736 4731/4760/4731 4819/4759/4819
vt 0.467359 0.023785
f 4819/4759/4819 4737/4767/4737 4736/2369/4736
f 4736/2369/4736 4737/4767/4737 4726/4747/4726
f 4737/4767/4737 4765/4755/4765 4726/4747/4726
vt 0.474436 0.024803
f 4726/4747/4726 4765/4755/4765 4764/4768/4764
vt 0.534561 0.024663
f 4764/4768/4764 4738/4769/4738 4726/4747/4726
f 4726/4747/4726 4738/4769/4738 4727/4748/4727
vt 0.534545 0.024583
f 4738/4769/4738 4739/4770/4739 4727/4748/4727
f 4727/4748/4727 4739/4770/4739 4740/4754/4740
f 4740/4754/4740 4749/4753/4749 4727/4748/4727
f 4727/4748/4727 4749/4753/4749 4741/4749/4741
vt 0.545169 0.024639
f 4741/4749/4741 4749/4753/4749 4750/4771/4750
vt 0.601986 0.018122
f 4750/4771/4750 4742/4772/4742 4741/4749/4741
f 4741/4749/4741 4742/4772/4742 4743/4750/4743
f 4744/4752/4744 4743/4750/4743 4742/4772/4742
vt 0.601052 0.019787
f 4744/4752/4744 4742/4772/4742 4745/4773/4745
vt 0.545153 0.024558
f 4746/4774/4746 4744/4752/4744 4745/4773/4745
vt 0.601062 0.023753
f 4746/4774/4746 4745/4773/4745 4752/4775/4752
vt 0.547748 0.027384
f 4752/4775/4752 4753/4776/4753 4746/4774/4746
vt 0.547764 0.027465
f 4747/4777/4747 4746/4774/4746 4753/4776/4753
f 4747/4777/4747 4753/4776/4753 4748/4244/4748
vt 0.602002 0.025576
f 4748/4244/4748 4759/4778/4759 4747/4777/4747
vt 0.600751 0.021854
f 4747/4777/4747 4759/4778/4759 4751/4779/4751
f 4747/4777/4747 4751/4779/4751 4750/4771/4750
f 4750/4771/4750 4746/4774/4746 4747/4777/4747
f 4750/4771/4750 4749/4753/4749 4746/4774/4746
f 4749/4753/4749 4744/4752/4744 4746/4774/4746
f 4750/4771/4750 4751/4779/4751 4742/4772/4742
f 4745/4773/4745 4742/4772/4742 4751/4779/4751
f 4745/4773/4745 4751/4779/4751 4752/4775/4752
f 4752/4775/4752 4751/4779/4751 4759/4778/4759
vt 0.603400 0.026790
f 4752/4775/4752 4759/4778/4759 4758/4780/4758
vt 0.548704 0.031246
f 4758/4780/4758 4754/4781/4754 4752/4775/4752
f 4752/4775/4752 4754/4781/4754 4753/4776/4753
f 4748/4244/4748 4753/4776/4753 4754/4781/4754
f 4754/4781/4754 4720/4245/4720 4748/4244/4748
f 4754/4781/4754 4758/4780/4758 4720/4245/4720
f 4720/4245/4720 4758/4780/4758 4756/4737/4756
f 4758/4780/4758 4755/4242/4755 4756/4737/4756
f 4756/4737/4756 4755/4242/4755 4757/4241/4757
f 4756/4737/4756 4757/4241/4757 4724/4742/4724
f 4721/4738/4721 4756/4737/4756 4724/4742/4724
f 4758/4780/4758 4759/4778/4759 4755/4242/4755
f 4748/4244/4748 4755/4242/4755 4759/4778/4759
vt 0.474420 0.024722
f 4760/4782/4760 4740/4754/4740 4739/4770/4739
vt 0.477014 0.027545
f 4760/4782/4760 4739/4770/4739 4761/4783/4761
vt 0.477030 0.027626
f 4762/4784/4762 4760/4782/4760 4761/4783/4761
vt 0.477987 0.031491
f 4762/4784/4762 4761/4783/4761 4768/4785/4768
vt 0.531035 0.031368
f 4768/4785/4768 4763/4786/4763 4762/4784/4762
vt 0.531976 0.027500
f 4762/4784/4762 4763/4786/4763 4770/4787/4770
f 4762/4784/4762 4770/4787/4770 4764/4768/4764
f 4764/4768/4764 4760/4782/4760 4762/4784/4762
f 4764/4768/4764 4765/4755/4765 4760/4782/4760
f 4765/4755/4765 4740/4754/4740 4760/4782/4760
f 4764/4768/4764 4770/4787/4770 4738/4769/4738
vt 0.531960 0.027419
f 4770/4787/4770 4766/4788/4766 4738/4769/4738
f 4738/4769/4738 4766/4788/4766 4739/4770/4739
f 4761/4783/4761 4739/4770/4739 4766/4788/4766
vt 0.477971 0.031410
f 4761/4783/4761 4766/4788/4766 4771/4789/4771
f 4768/4785/4768 4761/4783/4761 4771/4789/4771
vt 0.478012 0.054608
f 4771/4789/4771 4775/4790/4775 4768/4785/4768
vt 0.478032 0.054688
f 4768/4785/4768 4775/4790/4775 4767/4791/4767
vt 0.531080 0.054562
f 4767/4791/4767 4776/4792/4776 4768/4785/4768
f 4768/4785/4768 4776/4792/4776 4763/4786/4763
vt 0.531019 0.031288
f 4776/4792/4776 4769/4793/4769 4763/4786/4763
f 4763/4786/4763 4769/4793/4769 4770/4787/4770
f 4770/4787/4770 4769/4793/4769 4766/4788/4766
f 4771/4789/4771 4766/4788/4766 4769/4793/4769
f 4771/4789/4771 4769/4793/4769 4775/4790/4775
vt 0.531064 0.054485
f 4775/4790/4775 4769/4793/4769 4777/4794/4777
vt 0.477072 0.058476
f 4775/4790/4775 4777/4794/4777 4773/4795/4773
vt 0.477088 0.058557
f 4772/4796/4772 4775/4790/4775 4773/4795/4773
vt 0.474503 0.061393
f 4772/4796/4772 4773/4795/4773 4782/4797/4782
vt 0.534628 0.061250
f 4782/4797/4782 4784/4798/4784 4772/4796/4772
vt 0.532033 0.058424
f 4772/4796/4772 4784/4798/4784 4774/4799/4774
f 4772/4796/4772 4774/4799/4774 4767/4791/4767
f 4767/4791/4767 4775/4790/4775 4772/4796/4772
f 4767/4791/4767 4774/4799/4774 4776/4792/4776
vt 0.532017 0.058347
f 4774/4799/4774 4778/4800/4778 4776/4792/4776
f 4776/4792/4776 4778/4800/4778 4777/4794/4777
f 4777/4794/4777 4769/4793/4769 4776/4792/4776
f 4773/4795/4773 4777/4794/4777 4778/4800/4778
vt 0.474487 0.061310
f 4773/4795/4773 4778/4800/4778 4785/4801/4785
f 4782/4797/4782 4773/4795/4773 4785/4801/4785
vt 0.470971 0.062436
f 4782/4797/4782 4785/4801/4785 4798/4802/4798
vt 0.502867 0.077141
f 4781/4803/4781 4782/4797/4782 4798/4802/4798
vt 0.499731 0.079127
f 4781/4803/4781 4798/4802/4798 4779/4804/4779
vt 0.501123 0.077753
f 4780/4805/4780 4781/4803/4781 4779/4804/4779
f 4780/4805/4780 4779/4804/4779 4802/4177/4802
vt 0.467417 0.062362
f 4780/4805/4780 4802/4177/4802 4800/4806/4800
vt 0.470955 0.062355
f 4800/4806/4800 4799/4807/4799 4780/4805/4780
f 4780/4805/4780 4799/4807/4799 4785/4801/4785
vt 0.504693 0.077057
f 4780/4805/4780 4785/4801/4785 4787/4808/4787
f 4787/4808/4787 4781/4803/4781 4780/4805/4780
vt 0.506443 0.077819
f 4787/4808/4787 4783/4809/4783 4781/4803/4781
f 4783/4809/4783 4784/4798/4784 4781/4803/4781
f 4781/4803/4781 4784/4798/4784 4782/4797/4782
vt 0.538166 0.062279
f 4783/4809/4783 4794/4810/4794 4784/4798/4784
vt 0.538150 0.062201
f 4794/4810/4794 4797/4811/4797 4784/4798/4784
vt 0.534612 0.061173
f 4784/4798/4784 4797/4811/4797 4786/4812/4786
f 4784/4798/4784 4786/4812/4786 4774/4799/4774
f 4774/4799/4774 4786/4812/4786 4778/4800/4778
f 4785/4801/4785 4778/4800/4778 4786/4812/4786
f 4785/4801/4785 4786/4812/4786 4787/4808/4787
f 4787/4808/4787 4786/4812/4786 4797/4811/4797
f 4787/4808/4787 4797/4811/4797 4788/4204/4788
f 4788/4204/4788 4783/4809/4783 4787/4808/4787
f 4788/4204/4788 4789/4203/4789 4783/4809/4783
f 4789/4203/4789 4794/4810/4794 4783/4809/4783
vt 0.570462 0.078966
f 4791/4813/4791 4794/4810/4794 4789/4203/4789
f 4789/4203/4789 4790/4202/4790 4791/4813/4791
f 4123/4205/4123 4791/4813/4791 4790/4202/4790
f 4792/4734/4792 4791/4813/4791 4123/4205/4123
f 4123/4205/4123 4797/4811/4797 4792/4734/4792
vt 0.541685 0.062191
f 4797/4811/4797 4793/4814/4793 4792/4734/4792
f 4792/4734/4792 4793/4814/4793 4718/4735/4718
vt 0.541701 0.062271
f 4795/4815/4795 4718/4735/4718 4793/4814/4793
f 4793/4814/4793 4797/4811/4797 4795/4815/4795
f 4795/4815/4795 4797/4811/4797 4794/4810/4794
f 4791/4813/4791 4795/4815/4795 4794/4810/4794
f 4717/4733/4717 4795/4815/4795 4791/4813/4791
f 4792/4734/4792 4717/4733/4717 4791/4813/4791
vt 0.545240 0.061225
f 4717/4733/4717 4796/4816/4796 4795/4815/4795
f 4796/4816/4796 4718/4735/4718 4795/4815/4795
f 4796/4816/4796 4719/4736/4719 4718/4735/4718
f 4716/4246/4716 4719/4736/4719 4796/4816/4796
f 4717/4733/4717 4716/4246/4716 4796/4816/4796
f 4716/4246/4716 4720/4245/4720 4719/4736/4719
f 4788/4204/4788 4797/4811/4797 4123/4205/4123
f 4798/4802/4798 4785/4801/4785 4799/4807/4799
f 4799/4807/4799 4800/4806/4800 4798/4802/4798
vt 0.467436 0.062443
f 4798/4802/4798 4800/4806/4800 4801/4817/4801
f 4779/4804/4779 4798/4802/4798 4801/4817/4801
f 4779/4804/4779 4801/4817/4801 4100/4175/4100
f 4100/4175/4100 4803/4174/4803 4779/4804/4779
f 4802/4177/4802 4779/4804/4779 4803/4174/4803
vt 0.435710 0.077984
f 4100/4175/4100 4801/4817/4801 4804/4818/4804
f 4805/4176/4805 4100/4175/4100 4804/4818/4804
f 4805/4176/4805 4804/4818/4804 4014/4077/4014
f 4800/4806/4800 4805/4176/4805 4014/4077/4014
vt 0.463878 0.061338
f 4014/4077/4014 4806/4819/4806 4800/4806/4800
vt 0.463894 0.061418
f 4808/4820/4808 4800/4806/4800 4806/4819/4806
vt 0.461300 0.058592
f 4808/4820/4808 4806/4819/4806 4807/4821/4807
f 4836/4078/4836 4808/4820/4808 4807/4821/4807
vt 0.460343 0.054727
f 4836/4078/4836 4807/4821/4807 4811/4822/4811
f 4811/4822/4811 4809/4763/4809 4836/4078/4836
f 4836/4078/4836 4809/4763/4809 4733/2554/4733
f 4836/4078/4836 4733/2554/4733 4012/4071/4012
vt 0.398340 0.027346
f 4811/4822/4811 4814/4823/4814 4809/4763/4809
f 4827/4074/4827 4809/4763/4809 4814/4823/4814
vt 0.399732 0.025964
f 4827/4074/4827 4814/4823/4814 4815/4824/4815
vt 0.460286 0.031449
f 4815/4824/4815 4826/4825/4826 4827/4074/4827
f 4827/4074/4827 4826/4825/4826 4810/4075/4810
f 4810/4075/4810 4826/4825/4826 4811/4822/4811
f 4811/4822/4811 4812/4076/4812 4810/4075/4810
f 4807/4821/4807 4812/4076/4812 4811/4822/4811
f 4807/4821/4807 4806/4819/4806 4812/4076/4812
f 4014/4077/4014 4812/4076/4812 4806/4819/4806
vt 0.460302 0.031529
f 4811/4822/4811 4826/4825/4826 4813/4826/4813
f 4813/4826/4813 4814/4823/4814 4811/4822/4811
vt 0.400666 0.024299
f 4814/4823/4814 4813/4826/4813 4825/4827/4825
f 4815/4824/4815 4814/4823/4814 4825/4827/4825
vt 0.400967 0.022235
f 4815/4824/4815 4825/4827/4825 4821/4828/4821
vt 0.461226 0.027584
f 4821/4828/4821 4816/4829/4816 4815/4824/4815
f 4815/4824/4815 4816/4829/4816 4826/4825/4826
vt 0.461242 0.027664
f 4817/4830/4817 4826/4825/4826 4816/4829/4816
vt 0.463827 0.024827
f 4817/4830/4817 4816/4829/4816 4818/4831/4818
vt 0.400660 0.020333
f 4824/4832/4824 4817/4830/4817 4818/4831/4818
f 4824/4832/4824 4818/4831/4818 4819/4759/4819
f 4823/4758/4823 4824/4832/4824 4819/4759/4819
f 4821/4828/4821 4824/4832/4824 4823/4758/4823
vt 0.463811 0.024747
f 4823/4758/4823 4820/4833/4820 4821/4828/4821
f 4821/4828/4821 4820/4833/4820 4816/4829/4816
f 4818/4831/4818 4816/4829/4816 4820/4833/4820
f 4818/4831/4818 4820/4833/4820 4737/4767/4737
f 4819/4759/4819 4818/4831/4818 4737/4767/4737
f 4737/4767/4737 4820/4833/4820 4822/4756/4822
f 4822/4756/4822 4765/4755/4765 4737/4767/4737
f 4823/4758/4823 4822/4756/4822 4820/4833/4820
f 4821/4828/4821 4825/4827/4825 4824/4832/4824
f 4825/4827/4825 4817/4830/4817 4824/4832/4824
f 4825/4827/4825 4813/4826/4813 4817/4830/4817
f 4813/4826/4813 4826/4825/4826 4817/4830/4817
vt 0.393017 0.027276
f 4828/4834/4828 4809/4763/4809 4827/4074/4827
f 4827/4074/4827 4835/4072/4835 4828/4834/4828
f 4828/4834/4828 4835/4072/4835 4831/4762/4831
vt 0.390682 0.024243
f 4828/4834/4828 4831/4762/4831 4830/4835/4830
f 4830/4835/4830 4734/4764/4734 4828/4834/4828
f 4828/4834/4828 4734/4764/4734 4809/4763/4809
f 4830/4835/4830 4829/4765/4829 4734/4764/4734
vt 0.390675 0.020277
f 4833/4836/4833 4829/4765/4829 4830/4835/4830
f 4830/4835/4830 4831/4762/4831 4833/4836/4833
f 4833/4836/4833 4831/4762/4831 4832/4761/4832
f 4832/4761/4832 4834/4766/4834 4833/4836/4833
f 4833/4836/4833 4834/4766/4834 4829/4765/4829
f 4832/4761/4832 4731/4760/4731 4834/4766/4834
f 4733/2554/4733 4831/4762/4831 4835/4072/4835
f 4804/4818/4804 4808/4820/4808 4836/4078/4836
f 4014/4077/4014 4804/4818/4804 4836/4078/4836
f 4804/4818/4804 4801/4817/4801 4808/4820/4808
f 4801/4817/4801 4800/4806/4800 4808/4820/4808
f 4800/4806/4800 4802/4177/4802 4805/4176/4805
f 4729/4745/4729 4838/4744/4838 4728/4751/4728
f 4838/4744/4838 4837/4739/4837 4728/4751/4728
f 4838/4744/4838 4722/4740/4722 4837/4739/4837
f 4725/4743/4725 4722/4740/4722 4838/4744/4838
f 4725/4743/4725 4723/4741/4723 4722/4740/4722
# 10030 faces, 4836 coords texture

# End of File
