agent,chain,job_id,global_iter,loss,val,rew,entropy_coef,abc,sr,valid_goals,invalid_goals
alice,0,28528526,0,-0.0051,1.0381,1.7676,1.0,,,160,1062
alice,0,28528526,1,-0.0036,0.7978,1.3887,0.9881,,,130,1157
alice,0,28528526,2,-0.0018,0.757,1.4062,0.9763,,,127,1164
alice,0,28528526,3,-0.0017,0.7644,1.4707,0.9647,,,140,1127
alice,0,28528526,4,-0.0017,0.8469,1.7246,0.9533,,,161,1071
alice,0,28528526,5,-0.0014,0.7836,1.5977,0.942,,,160,1071
alice,0,28528526,6,0.0005,0.8223,1.6973,0.9309,,,162,1067
alice,0,28528526,7,0.0005,0.7362,1.4199,0.9199,,,139,1138
alice,0,28528526,8,-0.0,0.9079,1.8926,0.909,,,176,1027
alice,0,28528526,9,0.0013,0.8877,1.8359,0.8983,,,168,1040
alice,0,28528526,10,0.0026,0.8204,1.6504,0.8878,,,166,1062
alice,0,28528526,11,0.0031,0.8928,1.7773,0.8773,,,166,1056
alice,0,28528526,12,0.0029,0.925,1.9609,0.8671,,,186,1002
alice,0,28528526,13,0.0045,0.9342,1.8496,0.8569,,,184,1008
alice,0,28528526,14,0.0053,1.0412,2.1641,0.8469,,,200,948
alice,0,28528526,15,0.0067,1.0111,1.9629,0.837,,,197,972
alice,0,28528526,16,0.0082,1.0104,1.9004,0.8273,,,187,993
alice,0,28528526,17,0.0099,1.0529,1.9355,0.8176,,,194,996
alice,0,28528526,18,0.0089,1.03,1.8613,0.8081,,,180,1010
alice,0,28528526,19,0.0084,1.0704,2.0723,0.7988,,,204,956
alice,0,28528526,20,0.0082,1.0649,2.0215,0.7895,,,201,963
alice,0,28528526,21,0.0071,1.1411,2.2559,0.7804,,,217,905
alice,0,28528526,22,0.0126,1.2285,2.2988,0.7714,,,220,898
alice,0,28528526,23,0.0206,1.1949,2.0059,0.7625,,,203,965
alice,0,28528526,24,0.0269,1.2932,2.3105,0.7537,,,226,882
alice,0,28528526,25,0.0334,1.2691,2.3223,0.7451,,,235,871
alice,0,28528526,26,0.0288,1.2779,2.1055,0.7366,,,213,931
alice,0,28528526,27,0.0241,1.2663,2.2578,0.7281,,,234,878
alice,0,28528526,28,0.0234,1.3141,2.6113,0.7198,,,245,826
alice,0,28528526,29,0.048,1.2915,2.293,0.7116,,,221,896
alice,0,28528526,30,0.0384,1.3447,2.5078,0.7035,,,239,850
alice,0,28528526,31,0.0357,1.3456,2.5176,0.6955,,,250,824
alice,0,28528526,32,0.0359,1.4058,2.7305,0.6877,,,270,780
alice,0,28528526,33,0.043,1.3532,2.4824,0.6799,,,258,818
alice,0,28528526,34,0.0375,1.3437,2.5469,0.6722,,,251,822
alice,0,28528526,35,0.0304,1.4445,2.5938,0.6646,,,270,772
alice,0,28528526,36,0.0212,1.4395,2.543,0.6572,,,256,811
alice,0,28528526,37,0.0251,1.358,2.4824,0.6498,,,255,821
alice,0,28528526,38,0.0312,1.4638,2.8047,0.6425,,,281,730
alice,0,28528526,39,0.0434,1.4393,2.6523,0.6353,,,267,780
alice,0,28528526,40,0.0407,1.4941,2.9473,0.6283,,,298,689
alice,0,28528526,41,0.0705,1.4677,2.5898,0.6213,,,279,753
alice,0,28528526,42,0.0502,1.473,2.877,0.6144,,,301,696
alice,0,28528526,43,0.0505,1.483,2.7148,0.6076,,,284,767
alice,0,28528526,44,0.0433,1.4442,2.8379,0.6009,,,289,707
alice,0,28528526,45,0.0598,1.5275,2.8066,0.5942,,,295,699
alice,0,28528526,46,0.0532,1.5665,3.1406,0.5877,,,325,634
alice,0,28528526,47,0.0711,1.4861,2.9805,0.5812,,,313,659
alice,0,28528526,48,0.0678,1.5248,3.0684,0.5749,,,317,654
alice,0,28528526,49,0.064,1.5606,2.9238,0.5686,,,301,683
alice,0,28528526,50,0.0638,1.5342,2.6992,0.5624,,,286,726
alice,0,28528526,51,0.0517,1.4928,2.6777,0.5563,,,277,754
alice,0,28528526,52,0.0484,1.5335,2.6953,0.5502,,,275,761
alice,0,28528526,53,0.0375,1.5192,2.7676,0.5443,,,285,742
alice,0,28528526,54,0.0389,1.5053,2.8164,0.5384,,,281,728
alice,0,28528526,55,0.0434,1.5462,3.043,0.5326,,,309,686
alice,0,28528526,56,0.0447,1.5615,2.9121,0.5269,,,299,695
alice,0,28528526,57,0.0499,1.5555,3.0059,0.5212,,,306,672
alice,0,28528526,58,0.061,1.6195,3.3223,0.5156,,,338,587
alice,0,28528526,59,0.0505,1.5381,3.0605,0.5101,,,305,676
alice,0,28528526,60,0.038,1.5208,2.6738,0.5047,,,273,750
alice,0,28528526,61,0.0443,1.5248,2.5957,0.4994,,,287,747
alice,0,28528526,62,0.0387,1.5712,2.7383,0.4941,,,299,713
alice,0,28528526,63,0.0454,1.4887,3.0059,0.4889,,,299,712
alice,0,28528526,64,0.0455,1.5345,2.9512,0.4837,,,301,671
alice,0,28528526,65,0.0507,1.5359,2.7988,0.4786,,,306,710
alice,0,28528526,66,0.052,1.562,2.8203,0.4736,,,306,668
alice,0,28528526,67,0.0449,1.5733,3.0391,0.4687,,,313,676
alice,0,28528526,68,0.0508,1.5685,3.2832,0.4638,,,327,612
alice,0,28528526,69,0.055,1.5279,3.0879,0.459,,,309,644
alice,0,28528526,70,0.0386,1.557,2.957,0.4542,,,314,662
alice,0,28528526,71,0.0398,1.5745,3.0664,0.4496,,,317,666
alice,0,28528526,72,0.0466,1.5547,3.4336,0.4449,,,340,578
alice,0,28528526,73,0.0534,1.6671,3.2852,0.4404,,,341,581
alice,0,28528526,74,0.0631,1.6546,3.1621,0.4359,,,328,601
alice,0,28528526,75,0.0643,1.66,3.3477,0.4314,,,347,566
alice,0,28528526,76,0.0492,1.5651,3.3379,0.427,,,331,604
alice,0,28528526,77,0.0431,1.5975,3.0664,0.4227,,,326,623
alice,0,28528526,78,0.049,1.6565,3.498,0.4184,,,353,545
alice,0,28528526,79,0.0523,1.649,3.4258,0.4142,,,353,548
alice,0,28528526,80,0.045,1.665,3.1562,0.4101,,,328,614
alice,0,28528526,81,0.058,1.688,3.3242,0.406,,,349,551
alice,0,28528526,82,0.0524,1.6539,3.4355,0.4019,,,361,537
alice,0,28528526,83,0.0644,1.6176,3.709,0.3979,,,376,473
alice,0,28528526,84,0.0511,1.6004,3.3594,0.394,,,365,526
alice,0,28528526,85,0.0584,1.6085,3.6426,0.3901,,,379,488
alice,0,28528526,86,0.0636,1.6475,3.4629,0.3863,,,367,502
alice,0,28528526,87,0.0604,1.5689,3.2676,0.3825,,,351,549
alice,0,28528526,88,0.0506,1.6392,3.5527,0.3787,,,359,534
alice,0,28528526,89,0.0531,1.6251,3.3438,0.375,,,359,540
alice,0,28528526,90,0.0605,1.6296,3.5195,0.3714,,,368,510
alice,0,28528526,91,0.0556,1.5547,3.3105,0.3678,,,343,562
alice,0,28528526,92,0.0648,1.6567,3.3887,0.3643,,,360,543
alice,0,28528526,93,0.0721,1.5936,3.6914,0.3608,,,385,477
alice,0,28528526,94,0.0702,1.606,3.6758,0.3573,,,381,482
alice,0,28528526,95,0.0659,1.6148,3.6953,0.3539,,,376,450
alice,0,28528526,96,0.0691,1.6564,3.6484,0.3506,,,387,466
alice,0,28528526,97,0.0676,1.6186,3.582,0.3472,,,375,486
alice,0,28528526,98,0.066,1.65,3.6406,0.344,,,386,451
alice,0,28528526,99,0.0727,1.5963,3.5762,0.3407,,,364,506
alice,0,28528526,100,0.051,1.7115,3.7871,0.3376,,,383,462
alice,0,28528526,101,0.0963,1.6861,3.6367,0.3344,,,393,447
alice,0,28528526,102,0.0804,1.5697,3.5605,0.3313,,,383,458
alice,0,28528526,103,0.0559,1.6786,3.7695,0.3282,,,394,436
alice,0,28528526,104,0.0842,1.7161,3.7539,0.3252,,,400,419
alice,0,28528526,105,0.0663,1.6034,3.7461,0.3222,,,403,416
alice,0,28528526,106,0.0503,1.6875,3.6543,0.3193,,,392,435
alice,0,28528526,107,0.0999,1.6267,3.7637,0.3164,,,398,409
alice,0,28528526,108,0.064,1.7052,3.8594,0.3135,,,409,396
alice,0,28528526,109,0.0835,1.6831,3.8633,0.3107,,,410,385
alice,0,28528526,110,0.0904,1.6644,3.9551,0.3079,,,426,354
alice,0,28528526,111,0.0698,1.6561,3.2754,0.3052,,,368,495
alice,0,28528526,112,0.0623,1.6849,3.584,0.3025,,,373,488
alice,0,28528526,113,0.0641,1.6568,4.0156,0.2998,,,415,392
alice,0,28528526,114,0.0904,1.7301,4.0742,0.2971,,,431,348
alice,0,28528526,115,0.0827,1.7193,3.877,0.2945,,,424,361
alice,0,28528526,116,0.0978,1.6781,3.8867,0.292,,,424,370
alice,0,28528526,117,0.0851,1.5114,2.5312,0.2894,,,288,692
alice,0,28528526,118,0.0572,1.7609,3.4375,0.2869,,,364,542
alice,0,28528526,119,0.0837,1.6378,3.7402,0.2844,,,386,467
alice,0,28528526,120,0.088,1.662,3.6172,0.282,,,396,455
alice,0,28528526,121,0.0802,1.5999,3.4512,0.2796,,,379,474
alice,0,28528526,122,0.0772,1.6547,3.6367,0.2772,,,389,462
alice,0,28528526,123,0.0734,1.7489,3.791,0.2749,,,406,420
alice,0,28528526,124,0.0865,1.6829,4.0645,0.2726,,,429,338
alice,0,28528526,125,0.1018,1.6887,4.1914,0.2703,,,443,307
alice,0,28528526,126,0.089,1.6089,4.1426,0.268,,,423,340
alice,0,28528526,127,0.0988,1.6101,4.1035,0.2658,,,441,300
alice,0,28528526,128,0.1101,1.7181,3.6602,0.2636,,,408,374
alice,0,28528526,129,0.0826,1.6525,3.8633,0.2614,,,421,382
alice,0,28528526,130,0.0648,1.6114,3.873,0.2593,,,413,389
alice,0,28528526,131,0.0845,1.6223,4.1992,0.2572,,,434,319
alice,0,28535138,132,0.0905,0.9945,4.502,0.2551,,,461,234
alice,0,28535138,133,0.1267,1.0645,4.3672,0.2531,,,461,246
alice,0,28535138,134,0.1099,1.6159,3.1016,0.251,,,484,171
alice,0,28535138,135,0.1622,1.1773,4.1758,0.249,,,476,200
alice,0,28535138,136,0.1025,1.2614,4.1465,0.2471,,,480,205
alice,0,28535138,137,0.1567,1.2256,4.5469,0.2451,,,491,144
alice,0,28535138,138,0.1297,1.3189,4.2812,0.2432,,,493,168
alice,0,28535138,139,0.1731,1.5284,3.8535,0.2413,,,481,193
alice,0,28535138,140,0.1517,1.3623,4.0762,0.2394,,,479,191
alice,0,28535138,141,0.1619,1.4886,3.8906,0.2376,,,466,257
alice,0,28535138,142,0.1236,1.3581,4.3418,0.2358,,,486,202
alice,0,28535138,143,0.2069,1.4375,4.2266,0.234,,,479,205
alice,0,28535138,144,0.1314,1.4958,4.1621,0.2322,,,484,212
alice,0,28535138,145,0.125,1.5134,4.0527,0.2305,,,479,207
alice,0,28535138,146,0.1616,1.7173,3.5469,0.2287,,,434,336
alice,0,28535138,147,0.1203,1.5086,4.5625,0.227,,,488,203
alice,0,28535138,148,0.1542,1.4338,4.4297,0.2253,,,480,205
alice,0,28535138,149,0.1726,1.4535,4.4219,0.2237,,,491,161
alice,0,28535138,150,0.164,1.4732,4.3027,0.222,,,483,196
alice,0,28535138,151,0.1398,1.5684,3.9961,0.2204,,,478,228
alice,0,28535138,152,0.0998,1.5499,4.166,0.2188,,,463,264
alice,0,28535138,153,0.1258,1.5182,4.1289,0.2173,,,465,252
alice,0,28535138,154,0.1275,1.5126,4.2461,0.2157,,,484,214
alice,0,28535138,155,0.1297,1.5768,4.2852,0.2142,,,480,209
alice,0,28535138,156,0.1375,1.5927,4.1016,0.2127,,,474,234
alice,0,28535138,157,0.1278,1.5201,4.293,0.2112,,,483,209
alice,0,28535138,158,0.1261,1.4644,4.3438,0.2097,,,476,222
alice,0,28535138,159,0.1215,1.52,4.2441,0.2083,,,475,222
alice,0,28535138,160,0.1184,1.4995,4.3535,0.2068,,,483,197
alice,0,28535138,161,0.1241,1.5391,4.2754,0.2054,,,481,207
alice,0,28535138,162,0.1128,1.5496,4.2148,0.204,,,478,210
alice,0,28535138,163,0.0919,1.7041,3.6055,0.2026,,,415,367
alice,0,28535138,164,0.1019,1.66,3.877,0.2013,,,438,339
alice,0,28535138,165,0.1429,1.4782,4.2656,0.1999,,,470,226
alice,0,28535138,166,0.1465,1.5428,4.377,0.1986,,,491,201
alice,0,28535138,167,0.1179,1.4789,4.1504,0.1973,,,478,232
alice,0,28535138,168,0.1295,1.5773,4.1973,0.196,,,485,200
alice,0,28535138,169,0.1127,1.4825,4.4062,0.1948,,,487,196
alice,0,28535138,170,0.1213,1.4947,4.2637,0.1935,,,475,216
alice,0,28535138,171,0.16,1.6083,4.1152,0.1923,,,471,230
alice,0,28535138,172,0.1327,1.4309,4.2754,0.191,,,491,200
alice,0,28535138,173,0.1354,1.5031,4.2676,0.1898,,,488,194
alice,0,28535138,174,0.1203,1.5259,4.1543,0.1887,,,477,223
alice,0,28535138,175,0.1081,1.5444,4.1328,0.1875,,,467,243
alice,0,28535138,176,0.1268,1.5695,4.2324,0.1863,,,488,210
alice,0,28535138,177,0.1463,1.4904,4.332,0.1852,,,480,216
alice,0,28535138,178,0.1046,1.4754,4.4023,0.1841,,,489,197
alice,0,28535138,179,0.1219,1.5054,4.0469,0.1829,,,483,208
alice,0,28535138,180,0.1158,1.4476,4.3809,0.1818,,,485,187
alice,0,28535138,181,0.097,1.6383,3.9707,0.1808,,,465,240
alice,0,28535138,182,0.1082,1.5487,4.1504,0.1797,,,452,281
alice,0,28535138,183,0.1185,1.5572,4.2637,0.1786,,,483,223
alice,0,28535138,184,0.124,1.4042,4.4434,0.1776,,,495,183
alice,0,28535138,185,0.1092,1.401,4.252,0.1766,,,493,181
alice,0,28535138,186,0.1184,1.4978,4.0469,0.1756,,,466,242
alice,0,28535138,187,0.1396,1.496,4.1934,0.1746,,,484,215
alice,0,28535138,188,0.1163,1.389,4.2344,0.1736,,,486,203
alice,0,28535138,189,0.1271,1.3716,4.3809,0.1726,,,493,166
alice,0,28535138,190,0.1302,1.392,4.2383,0.1716,,,479,205
alice,0,28535138,191,0.1361,1.4351,4.248,0.1707,,,487,195
alice,0,28535138,192,0.1201,1.4374,4.2559,0.1698,,,484,196
alice,0,28535138,193,0.1277,1.4484,4.1406,0.1688,,,494,190
alice,0,28535138,194,0.134,1.482,4.1641,0.1679,,,483,211
alice,0,28535138,195,0.112,1.4213,4.5586,0.167,,,500,163
alice,0,28535138,196,0.1084,1.5831,3.8242,0.1661,,,452,279
alice,0,28535138,197,0.1199,1.558,4.2383,0.1653,,,476,236
alice,0,28535138,198,0.1459,1.5728,4.0059,0.1644,,,467,252
alice,0,28535138,199,0.1428,1.4809,4.3672,0.1635,,,494,197
alice,0,28535138,200,0.118,1.455,4.2656,0.1627,,,481,212
alice,0,28535138,201,0.1465,1.4205,4.2578,0.1619,,,487,191
alice,0,28535138,202,0.1533,1.422,4.5332,0.1611,,,493,163
alice,0,28535138,203,0.1107,1.3892,4.25,0.1602,,,491,180
alice,0,28535138,204,0.1354,1.3633,4.584,0.1594,,,493,158
alice,0,28535138,205,0.1215,1.5259,4.2578,0.1587,,,484,191
alice,0,28535138,206,0.1187,1.494,4.3047,0.1579,,,490,189
alice,0,28535138,207,0.1316,1.4959,4.3086,0.1571,,,487,186
alice,0,28535138,208,0.1159,1.4901,4.3809,0.1564,,,495,184
alice,0,28535138,209,0.1351,1.5496,4.1895,0.1556,,,485,198
alice,0,28535138,210,0.1308,1.4249,4.293,0.1549,,,484,192
alice,0,28535138,211,0.1196,1.5404,4.084,0.1542,,,475,231
alice,0,28535138,212,0.1179,1.3842,4.4805,0.1534,,,495,161
alice,0,28535138,213,0.1432,1.4422,4.2754,0.1527,,,492,180
alice,0,28535138,214,0.1481,1.4998,4.1816,0.152,,,499,162
alice,0,28535138,215,0.119,1.4672,4.3613,0.1513,,,489,206
alice,0,28535138,216,0.1116,1.413,4.1934,0.1507,,,485,203
alice,0,28535138,217,0.1447,1.3025,4.416,0.15,,,490,169
alice,0,28535138,218,0.1428,1.4768,4.2051,0.1493,,,499,174
alice,0,28535138,219,0.1285,1.2993,4.3262,0.1487,,,500,156
alice,0,28535138,220,0.1511,1.477,4.1562,0.148,,,487,204
alice,0,28535138,221,0.1261,1.4377,4.2949,0.1474,,,479,212
alice,0,28535138,222,0.1518,1.3323,4.5039,0.1468,,,494,167
alice,0,28535138,223,0.1167,1.3137,4.3789,0.1462,,,491,173
alice,0,28535138,224,0.125,1.4218,4.3848,0.1455,,,490,171
alice,0,28535138,225,0.1318,1.3272,4.3242,0.1449,,,490,177
alice,0,28535138,226,0.1228,1.2631,4.4961,0.1443,,,506,134
alice,0,28535138,227,0.1311,1.4581,4.0469,0.1438,,,495,186
alice,0,28535138,228,0.1481,1.3906,4.373,0.1432,,,497,165
alice,0,28535138,229,0.1354,1.4032,4.2402,0.1426,,,496,178
alice,0,28535138,230,0.1373,1.3191,4.5137,0.142,,,496,155
alice,0,28535138,231,0.1435,1.3047,4.4805,0.1415,,,486,187
alice,0,28535138,232,0.1339,1.4729,4.2734,0.1409,,,497,158
alice,0,28535138,233,0.112,1.4125,4.2695,0.1404,,,497,164
alice,0,28535138,234,0.1451,1.5235,4.1543,0.1399,,,473,208
alice,0,28535138,235,0.121,1.369,4.3887,0.1393,,,490,188
alice,0,28535138,236,0.1566,1.3963,4.3926,0.1388,,,485,187
alice,0,28535138,237,0.0983,1.5152,4.2285,0.1383,,,469,230
alice,0,28535138,238,0.1307,1.4693,4.1133,0.1378,,,467,220
alice,0,28535138,239,0.1379,1.4934,4.3457,0.1373,,,492,178
alice,0,28535138,240,0.1656,1.3681,4.3965,0.1368,,,495,171
alice,0,28535138,241,0.1794,1.4032,4.4941,0.1363,,,494,152
alice,0,28535138,242,0.1413,1.3383,4.5215,0.1358,,,491,157
alice,0,28535138,243,0.1317,1.4099,4.1133,0.1354,,,493,175
alice,0,28535138,244,0.129,1.4402,4.2559,0.1349,,,485,207
alice,0,28535138,245,0.1514,1.3904,4.4395,0.1344,,,486,167
alice,0,28535138,246,0.1321,1.4179,4.2832,0.134,,,485,199
alice,0,28535138,247,0.1562,1.3252,4.5293,0.1335,,,499,149
alice,0,28535138,248,0.1431,1.3543,4.3613,0.1331,,,495,162
alice,0,28535138,249,0.142,1.4201,4.3477,0.1326,,,492,177
alice,0,28535138,250,0.148,1.3288,4.3984,0.1322,,,499,143
alice,0,28535138,251,0.1338,1.3546,4.2988,0.1322,,,486,178
alice,0,28535138,252,0.1545,1.556,4.0156,0.1322,,,484,217
alice,0,28535138,253,0.1434,1.3835,4.291,0.1322,,,495,189
alice,0,28535138,254,0.1503,1.3986,4.4941,0.1322,,,496,151
alice,0,28535138,255,0.1586,1.4186,4.2168,0.1322,,,490,186
alice,0,28535138,256,0.1123,1.346,4.3984,0.1322,,,490,170
alice,0,28535138,257,0.2021,1.3628,4.4141,0.1322,,,499,143
alice,0,28535138,258,0.0969,1.4052,4.1484,0.1322,,,485,206
alice,0,28535138,259,0.128,1.4251,4.2832,0.1322,,,494,171
alice,0,28535138,260,0.1533,1.2666,4.4688,0.1322,,,491,143
alice,0,28537169,261,0.1507,0.5054,5.3691,0.1322,,,504,72
alice,0,28537169,262,0.1427,0.7268,4.7559,0.1322,,,510,99
alice,0,28537169,263,0.1255,0.7142,4.8711,0.1322,,,506,106
alice,0,28537169,264,0.2971,2.0019,2.041,0.1322,,,503,123
alice,0,28537169,265,0.1049,0.9799,4.6582,0.1322,,,509,121
alice,0,28537169,266,0.1901,0.8233,4.8359,0.1322,,,504,111
alice,0,28537169,267,0.1241,0.9543,4.6191,0.1322,,,503,125
alice,0,28537169,268,0.1808,0.8986,4.7637,0.1322,,,504,128
alice,0,28537169,269,0.233,1.6595,3.2559,0.1322,,,473,187
alice,0,28537169,270,0.0927,1.2588,4.2637,0.1322,,,479,188
alice,0,28537169,271,0.2064,1.0799,4.6016,0.1322,,,503,136
alice,0,28537169,272,0.1557,1.244,4.4688,0.1322,,,491,166
alice,0,28537169,273,0.207,1.1598,4.6543,0.1322,,,496,136
alice,0,28537169,274,0.2228,1.5505,4.0645,0.1322,,,507,110
alice,0,28537169,275,0.2267,1.1938,4.584,0.1322,,,511,97
alice,0,28537169,276,0.189,1.7167,3.7852,0.1322,,,441,309
alice,0,28537169,277,0.1536,1.685,3.7637,0.1322,,,430,357
alice,0,28537169,278,0.1967,1.3321,4.6074,0.1322,,,496,169
alice,0,28537169,279,0.2608,1.2566,4.4941,0.1322,,,506,117
alice,0,28537169,280,0.2207,1.3463,4.4902,0.1322,,,493,170
alice,0,28537169,281,0.2146,1.2331,4.6777,0.1322,,,506,114
alice,0,28537169,282,0.1585,1.3484,4.4805,0.1322,,,504,108
alice,0,28537169,283,0.2247,1.2087,4.5547,0.1322,,,497,122
alice,0,28537169,284,0.0959,1.7585,3.541,0.1322,,,406,382
alice,0,28537169,285,0.1121,1.6124,4.1953,0.1322,,,447,297
alice,0,28537169,286,0.1152,1.6522,4.1016,0.1322,,,458,279
alice,0,28537169,287,0.202,1.5073,4.4883,0.1322,,,471,218
alice,0,28537169,288,0.276,1.161,4.8574,0.1322,,,495,114
alice,0,28537169,289,0.094,1.4911,4.291,0.1322,,,492,173
alice,0,28537169,290,0.1729,1.0576,4.8652,0.1322,,,502,108
alice,0,28537169,291,0.1947,1.191,4.7012,0.1322,,,505,87
alice,0,28537169,292,0.2181,1.456,4.3184,0.1322,,,472,193
alice,0,28537169,293,0.2176,1.0551,4.8672,0.1322,,,512,93
alice,0,28537169,294,0.1153,1.4386,4.1895,0.1322,,,467,200
alice,0,28537169,295,0.2826,1.1035,4.8574,0.1322,,,496,121
alice,0,28537169,296,0.1381,1.7536,3.9961,0.1322,,,459,262
alice,0,28537169,297,0.1321,1.3022,4.4844,0.1322,,,483,180
alice,0,28537169,298,0.1877,0.9027,5.1504,0.1322,,,510,77
alice,0,28537169,299,0.2115,0.9702,4.9961,0.1322,,,507,62
alice,0,28537169,300,0.1867,1.1169,4.8027,0.1322,,,499,112
alice,0,28537169,301,0.135,1.4811,4.3301,0.1322,,,483,169
alice,0,28537169,302,0.1756,1.1751,4.6426,0.1322,,,505,123
alice,0,28537169,303,0.1434,1.0857,4.9043,0.1322,,,496,127
alice,0,28537169,304,0.1602,1.0536,4.75,0.1322,,,492,125
alice,0,28537169,305,0.1516,1.0582,4.8926,0.1322,,,500,103
alice,0,28537169,306,0.1638,1.2346,4.5938,0.1322,,,489,119
alice,0,28537169,307,0.1567,1.0283,4.9062,0.1322,,,505,96
alice,0,28537169,308,0.1258,1.1999,4.6934,0.1322,,,501,122
alice,0,28537169,309,0.1671,1.1466,4.7754,0.1322,,,484,130
alice,0,28537169,310,0.1447,1.1343,4.7363,0.1322,,,500,113
alice,0,28537169,311,0.135,1.2524,4.582,0.1322,,,499,129
alice,0,28537169,312,0.1843,1.2034,4.6016,0.1322,,,490,142
alice,0,28537169,313,0.1568,1.2982,4.4766,0.1322,,,497,140
alice,0,28537169,314,0.1457,1.355,4.3574,0.1322,,,472,196
alice,0,28537169,315,0.1651,1.132,4.7949,0.1322,,,491,132
alice,0,28537169,316,0.1188,1.1582,4.668,0.1322,,,499,115
alice,0,28537169,317,0.1599,1.2242,4.6074,0.1322,,,483,153
alice,0,28537169,318,0.2365,1.3865,4.4922,0.1322,,,493,145
alice,0,28537169,319,0.1399,1.3507,4.5156,0.1322,,,484,169
alice,0,28537169,320,0.2126,1.3124,4.4766,0.1322,,,478,170
alice,0,28537169,321,0.1494,1.2926,4.5625,0.1322,,,499,134
alice,0,28537169,322,0.1785,1.4181,4.3438,0.1322,,,452,217
alice,0,28537169,323,0.1715,1.1982,4.7402,0.1322,,,499,123
alice,0,28537169,324,0.1777,1.2119,4.668,0.1322,,,491,122
alice,0,28537169,325,0.1309,1.2533,4.6016,0.1322,,,498,128
alice,0,28537169,326,0.1832,1.1793,4.6348,0.1322,,,498,117
alice,0,28537169,327,0.1282,1.2198,4.623,0.1322,,,492,133
alice,0,28537169,328,0.1473,1.325,4.3398,0.1322,,,457,208
alice,0,28537169,329,0.1686,1.2769,4.6953,0.1322,,,490,151
alice,0,28537169,330,0.1464,1.1658,4.7031,0.1322,,,505,124
alice,0,28537169,331,0.1839,1.1396,4.6895,0.1322,,,505,95
alice,0,28537169,332,0.142,1.3506,4.5332,0.1322,,,487,152
alice,0,28537169,333,0.1725,1.2244,4.6621,0.1322,,,500,112
alice,0,28537169,334,0.1638,1.2142,4.5508,0.1322,,,502,123
alice,0,28537169,335,0.1791,1.1105,4.5703,0.1322,,,487,138
alice,0,28537169,336,0.1434,1.1931,4.7363,0.1322,,,502,134
alice,0,28537169,337,0.1843,1.1029,4.6719,0.1322,,,497,109
alice,0,28537169,338,0.1435,1.3292,4.4512,0.1322,,,487,157
alice,0,28537169,339,0.1735,1.2066,4.6191,0.1322,,,505,121
alice,0,28537169,340,0.1539,1.1045,4.791,0.1322,,,507,101
alice,0,28537169,341,0.1499,1.1203,4.8711,0.1322,,,496,123
alice,0,28537169,342,0.1617,1.1334,4.6855,0.1322,,,491,123
alice,0,28537169,343,0.1376,1.2953,4.4785,0.1322,,,504,133
alice,0,28537169,344,0.1783,1.2866,4.4258,0.1322,,,482,165
alice,0,28537169,345,0.1322,1.2122,4.6875,0.1322,,,492,139
alice,0,28537169,346,0.1925,1.0248,4.9551,0.1322,,,506,92
alice,0,28537169,347,0.1468,1.1855,4.6504,0.1322,,,496,130
alice,0,28537169,348,0.1374,1.2367,4.6211,0.1322,,,501,109
alice,0,28537169,349,0.1619,1.107,4.625,0.1322,,,489,111
alice,0,28537169,350,0.1821,1.2075,4.5898,0.1322,,,489,138
alice,0,28537169,351,0.1365,1.3098,4.5957,0.1322,,,493,155
alice,0,28537169,352,0.1849,1.1717,4.7461,0.1322,,,507,110
alice,0,28537169,353,0.128,1.4847,4.2246,0.1322,,,467,191
alice,0,28537169,354,0.18,1.3836,4.6211,0.1322,,,484,171
alice,0,28537169,355,0.186,1.0621,4.8203,0.1322,,,505,98
alice,0,28537169,356,0.1709,1.0687,4.7246,0.1322,,,499,122
alice,0,28537169,357,0.14,1.1293,4.6387,0.1322,,,500,110
alice,0,28537169,358,0.1374,1.3816,4.3281,0.1322,,,488,139
alice,0,28537169,359,0.185,1.1581,4.7383,0.1322,,,505,101
alice,0,28537169,360,0.1642,1.2016,4.6465,0.1322,,,495,133
alice,0,28537169,361,0.1809,1.2376,4.543,0.1322,,,491,147
alice,0,28537169,362,0.1571,1.3399,4.5469,0.1322,,,499,131
alice,0,28537169,363,0.1937,1.1549,4.7109,0.1322,,,507,85
alice,0,28537169,364,0.1615,1.2209,4.627,0.1322,,,492,135
alice,0,28537169,365,0.1572,1.2072,4.7715,0.1322,,,502,116
alice,0,28537169,366,0.1388,1.1824,4.5703,0.1322,,,486,134
alice,0,28537169,367,0.1812,1.4127,4.2891,0.1322,,,483,173
alice,0,28537169,368,0.1746,1.2952,4.541,0.1322,,,498,138
alice,0,28537169,369,0.1678,1.1274,4.668,0.1322,,,498,122
alice,0,28537169,370,0.1587,1.3744,4.3418,0.1322,,,499,141
alice,0,28537169,371,0.161,1.4927,4.2773,0.1322,,,460,226
alice,0,28537169,372,0.189,1.2974,4.623,0.1322,,,509,121
alice,0,28537169,373,0.1688,1.2578,4.6543,0.1322,,,499,123
alice,0,28537169,374,0.175,1.3843,4.5195,0.1322,,,493,142
alice,0,28537169,375,0.181,1.4874,4.2656,0.1322,,,472,185
alice,0,28537169,376,0.1793,1.2304,4.6465,0.1322,,,507,118
alice,0,28537169,377,0.1648,1.412,4.4707,0.1322,,,493,143
alice,0,28537169,378,0.1979,1.4546,4.4043,0.1322,,,463,225
alice,0,28537169,379,0.1814,1.3485,4.4062,0.1322,,,497,149
alice,0,28537169,380,0.1546,1.2558,4.6133,0.1322,,,498,125
alice,0,28537169,381,0.2037,1.1655,4.6973,0.1322,,,505,97
alice,0,28537169,382,0.1533,1.5937,4.123,0.1322,,,471,242
alice,0,28537169,383,0.1739,1.3353,4.5801,0.1322,,,498,136
alice,0,28537169,384,0.2154,1.2018,4.7148,0.1322,,,498,116
alice,0,28537169,385,0.1398,1.314,4.4902,0.1322,,,495,156
alice,0,28537169,386,0.1947,1.2484,4.625,0.1322,,,477,166
alice,0,28537169,387,0.2202,1.3424,4.4473,0.1322,,,492,145
alice,0,28537169,388,0.1816,1.1415,4.6758,0.1322,,,503,124
alice,0,28538112,389,0.2747,1.6808,3.3516,0.1322,,,506,96
alice,0,28538112,390,0.2264,0.7322,5.1328,0.1322,,,505,77
alice,0,28538112,391,0.1722,0.9166,4.7031,0.1322,,,506,94
alice,0,28538112,392,0.2018,0.8607,4.7988,0.1322,,,503,99
alice,0,28538112,393,0.1495,1.0246,4.6426,0.1322,,,493,116
alice,0,28538112,394,0.3284,1.533,3.6953,0.1322,,,507,84
alice,0,28538112,395,0.1528,0.9152,4.8164,0.1322,,,508,90
alice,0,28538112,396,0.1785,1.0026,4.6719,0.1322,,,503,97
alice,0,28538112,397,0.1638,1.2453,4.209,0.1322,,,455,220
alice,0,28538112,398,0.2329,1.1207,4.5918,0.1322,,,496,121
alice,0,28538112,399,0.3105,1.3594,4.3145,0.1322,,,506,97
alice,0,28538112,400,0.1679,1.3678,4.375,0.1322,,,480,192
alice,0,28538112,401,0.1669,1.291,4.418,0.1322,,,485,164
alice,0,28538112,402,0.1614,1.3232,4.3594,0.1322,,,494,153
alice,0,28538112,403,0.1767,1.1886,4.6094,0.1322,,,496,134
alice,0,28538112,404,0.1579,1.2952,4.4082,0.1322,,,481,174
alice,0,28538112,405,0.1594,1.1814,4.6582,0.1322,,,492,140
alice,0,28538112,406,0.1643,1.3131,4.3984,0.1322,,,485,179
alice,0,28538112,407,0.1957,1.1946,4.6504,0.1322,,,498,116
alice,0,28538112,408,0.178,1.25,4.5605,0.1322,,,488,146
alice,0,28538112,409,0.1678,1.2703,4.4766,0.1322,,,490,160
alice,0,28538112,410,0.1993,1.3161,4.4922,0.1322,,,483,156
alice,0,28538112,411,0.1881,1.3048,4.4375,0.1322,,,495,152
alice,0,28538112,412,0.1739,1.2629,4.4668,0.1322,,,488,156
alice,0,28538112,413,0.1677,1.285,4.5625,0.1322,,,487,157
alice,0,28538112,414,0.1574,1.2324,4.4473,0.1322,,,494,158
alice,0,28538112,415,0.1769,1.2105,4.5566,0.1322,,,496,138
alice,0,28538112,416,0.1693,1.4249,4.3086,0.1322,,,482,177
alice,0,28538112,417,0.1633,1.569,4.2637,0.1322,,,483,193
alice,0,28538112,418,0.1657,1.278,4.5371,0.1322,,,495,157
alice,0,28538112,419,0.1683,1.2715,4.4902,0.1322,,,488,155
alice,0,28538112,420,0.1916,1.1665,4.7129,0.1322,,,501,132
alice,0,28538112,421,0.1799,1.3368,4.5137,0.1322,,,491,145
alice,0,28538112,422,0.1575,1.3076,4.4551,0.1322,,,505,115
alice,0,28538112,423,0.1859,1.3403,4.3203,0.1322,,,482,165
alice,0,28538112,424,0.1948,1.2341,4.5449,0.1322,,,494,145
alice,0,28538112,425,0.1472,1.3384,4.4785,0.1322,,,474,199
alice,0,28538112,426,0.1964,1.33,4.5098,0.1322,,,493,153
alice,0,28538112,427,0.1475,1.3422,4.4336,0.1322,,,496,131
alice,0,28538112,428,0.1943,1.1568,4.6934,0.1322,,,499,117
alice,0,28538112,429,0.125,1.5634,4.0625,0.1322,,,472,234
alice,0,28538112,430,0.162,1.4282,4.3242,0.1322,,,482,192
alice,0,28538112,431,0.1912,1.429,4.2754,0.1322,,,488,181
alice,0,28538112,432,0.1577,1.3278,4.5371,0.1322,,,503,153
alice,0,28538112,433,0.1816,1.1249,4.7734,0.1322,,,496,141
alice,0,28538112,434,0.1696,1.5614,4.168,0.1322,,,481,196
alice,0,28538112,435,0.2173,1.4667,4.207,0.1322,,,491,177
alice,0,28538112,436,0.1562,1.4947,4.1797,0.1322,,,479,210
alice,0,28538112,437,0.1803,1.5614,4.0625,0.1322,,,477,230
alice,0,28538112,438,0.1614,1.2472,4.6914,0.1322,,,490,152
alice,0,28538112,439,0.1666,1.3823,4.3418,0.1322,,,487,180
alice,0,28538112,440,0.1457,1.3588,4.4922,0.1322,,,496,165
alice,0,28538112,441,0.1827,1.1381,4.6797,0.1322,,,502,126
alice,0,28538112,442,0.1634,1.2914,4.3398,0.1322,,,493,155
alice,0,28538112,443,0.1314,1.4952,3.9199,0.1322,,,470,247
alice,0,28538112,444,0.1977,1.2322,4.6465,0.1322,,,494,155
alice,0,28538112,445,0.1234,1.4656,4.0137,0.1322,,,469,238
alice,0,28538112,446,0.2114,1.2464,4.5918,0.1322,,,476,196
alice,0,28538112,447,0.1593,1.4047,4.4082,0.1322,,,488,182
alice,0,28538112,448,0.1805,1.4326,4.3066,0.1322,,,486,170
alice,0,28538112,449,0.1519,1.3835,4.5117,0.1322,,,493,170
alice,0,28538112,450,0.156,1.4254,4.4668,0.1322,,,487,171
alice,0,28538112,451,0.1605,1.211,4.7012,0.1322,,,493,135
alice,0,28538112,452,0.1986,1.2154,4.5156,0.1322,,,502,124
alice,0,28538112,453,0.131,1.4356,4.2344,0.1322,,,481,199
alice,0,28538112,454,0.1735,1.3859,4.3398,0.1322,,,462,220
alice,0,28538112,455,0.1887,1.1792,4.6543,0.1322,,,495,144
alice,0,28538112,456,0.1755,1.2294,4.5391,0.1322,,,500,133
alice,0,28538112,457,0.1788,1.3142,4.543,0.1322,,,500,135
alice,0,28538112,458,0.1838,1.3886,4.3047,0.1322,,,495,137
alice,0,28538112,459,0.1867,1.257,4.584,0.1322,,,501,141
alice,0,28538112,460,0.1604,1.3236,4.4121,0.1322,,,494,159
alice,0,28538112,461,0.1633,1.4222,4.2754,0.1322,,,487,184
alice,0,28538112,462,0.185,1.3389,4.4258,0.1322,,,487,177
alice,0,28538112,463,0.1497,1.3425,4.4531,0.1322,,,490,171
alice,0,28538112,464,0.1537,1.2724,4.5195,0.1322,,,491,155
alice,0,28538112,465,0.1321,1.2912,4.5684,0.1322,,,497,159
alice,0,28538112,466,0.1949,1.2295,4.5684,0.1322,,,500,126
alice,0,28538112,467,0.1654,1.2366,4.6602,0.1322,,,496,143
alice,0,28538112,468,0.1901,1.3743,4.373,0.1322,,,490,155
alice,0,28538112,469,0.2163,1.3603,4.3652,0.1322,,,491,167
alice,0,28538112,470,0.1314,1.4316,4.4492,0.1322,,,487,180
alice,0,28538112,471,0.1698,1.1095,4.75,0.1322,,,501,120
alice,0,28538112,472,0.1459,1.4064,4.2852,0.1322,,,479,190
alice,0,28538112,473,0.1964,1.3366,4.4043,0.1322,,,500,134
alice,0,28538112,474,0.167,1.4596,4.293,0.1322,,,490,181
alice,0,28538112,475,0.1617,1.1947,4.7227,0.1322,,,498,121
alice,0,28538112,476,0.1735,1.2081,4.707,0.1322,,,486,140
alice,0,28538112,477,0.1294,1.4419,4.2207,0.1322,,,489,190
alice,0,28538112,478,0.225,1.2882,4.3926,0.1322,,,505,132
alice,0,28538112,479,0.1531,1.3369,4.4688,0.1322,,,498,135
alice,0,28538112,480,0.1543,1.3179,4.4355,0.1322,,,501,140
alice,0,28538112,481,0.1982,1.2518,4.5684,0.1322,,,494,149
alice,0,28538112,482,0.1173,1.5181,4.166,0.1322,,,484,190
alice,0,28538112,483,0.1704,1.4846,4.332,0.1322,,,480,189
alice,0,28538112,484,0.1897,1.4525,4.3613,0.1322,,,497,168
alice,0,28538112,485,0.1682,1.2804,4.5176,0.1322,,,498,142
alice,0,28538112,486,0.1565,1.3292,4.5039,0.1322,,,481,178
alice,0,28538112,487,0.177,1.3904,4.4062,0.1322,,,494,162
alice,0,28538112,488,0.1819,1.3035,4.457,0.1322,,,501,143
alice,0,28538112,489,0.1264,1.569,4.1211,0.1322,,,466,244
alice,0,28538112,490,0.1563,1.3598,4.332,0.1322,,,488,174
alice,0,28538112,491,0.1868,1.2881,4.4375,0.1322,,,499,160
alice,0,28538112,492,0.1669,1.2088,4.7578,0.1322,,,502,133
alice,0,28538112,493,0.1664,1.3302,4.4297,0.1322,,,505,142
alice,0,28538112,494,0.1288,1.4808,4.2012,0.1322,,,496,171
alice,0,28538112,495,0.1847,1.317,4.3984,0.1322,,,493,161
alice,0,28538112,496,0.1515,1.3034,4.4707,0.1322,,,495,152
alice,0,28538112,497,0.1647,1.3331,4.5098,0.1322,,,495,149
alice,0,28538112,498,0.1572,1.3422,4.3516,0.1322,,,492,182
alice,0,28538112,499,0.1734,1.3575,4.2168,0.1322,,,494,166
alice,0,28538112,500,0.1432,1.2219,4.6133,0.1322,,,500,136
alice,0,28538112,501,0.1779,1.2596,4.4941,0.1322,,,497,153
alice,0,28538112,502,0.1602,1.3363,4.3848,0.1322,,,492,165
alice,0,28538112,503,0.146,1.3173,4.4707,0.1322,,,498,144
alice,0,28538112,504,0.1564,1.2826,4.6035,0.1322,,,500,126
alice,0,28538112,505,0.1471,1.3893,4.2188,0.1322,,,495,169
alice,0,28538112,506,0.1649,1.4362,4.4199,0.1322,,,499,165
alice,0,28538112,507,0.1642,1.1443,4.5625,0.1322,,,498,132
alice,0,28539866,508,0.1399,1.1476,4.4609,0.1322,,,491,171
alice,0,28539866,509,0.1963,1.6529,3.4414,0.1322,,,500,138
alice,0,28539866,510,0.145,1.0825,4.5938,0.1322,,,499,135
alice,0,28539866,511,0.1504,1.083,4.5781,0.1322,,,501,123
alice,0,28539866,512,0.1607,1.1794,4.4961,0.1322,,,493,149
alice,0,28539866,513,0.1596,1.0518,4.6855,0.1322,,,504,112
alice,0,28539866,514,0.2161,1.4683,4.0371,0.1322,,,501,110
alice,0,28539866,515,0.1238,1.2458,4.3418,0.1322,,,488,176
alice,0,28539866,516,0.1938,1.2471,4.3809,0.1322,,,488,169
alice,0,28539866,517,0.153,1.2723,4.3027,0.1322,,,502,142
alice,0,28539866,518,0.1331,1.2661,4.5195,0.1322,,,485,175
alice,0,28539866,519,0.175,1.3318,4.4668,0.1322,,,500,128
alice,0,28539866,520,0.146,1.306,4.4766,0.1322,,,497,142
alice,0,28539866,521,0.1632,1.1864,4.6953,0.1322,,,503,118
alice,0,28539866,522,0.1681,1.2683,4.4922,0.1322,,,502,115
alice,0,28539866,523,0.1597,1.2338,4.5215,0.1322,,,498,121
alice,0,28539866,524,0.1402,1.3698,4.3438,0.1322,,,491,155
alice,0,28539866,525,0.1494,1.2799,4.3672,0.1322,,,501,147
alice,0,28539866,526,0.175,1.4116,4.2148,0.1322,,,496,169
alice,0,28539866,527,0.1887,1.4076,4.3359,0.1322,,,495,156
alice,0,28539866,528,0.1397,1.3512,4.5059,0.1322,,,500,149
alice,0,28539866,529,0.2012,1.2839,4.4883,0.1322,,,500,132
alice,0,28539866,530,0.1744,1.518,4.2617,0.1322,,,503,146
alice,0,28539866,531,0.1767,1.4977,4.1523,0.1322,,,489,163
alice,0,28539866,532,0.1286,1.491,4.168,0.1322,,,481,204
alice,0,28539866,533,0.1747,1.3734,4.2715,0.1322,,,483,192
alice,0,28539866,534,0.16,1.4632,4.3184,0.1322,,,496,182
alice,0,28539866,535,0.1413,1.4115,4.3789,0.1322,,,504,135
alice,0,28539866,536,0.1625,1.3022,4.4375,0.1322,,,507,122
alice,0,28539866,537,0.1863,1.4369,4.2852,0.1322,,,495,165
alice,0,28539866,538,0.1437,1.3504,4.4473,0.1322,,,502,159
alice,0,28539866,539,0.1817,1.2632,4.4863,0.1322,,,504,120
alice,0,28539866,540,0.1323,1.4593,4.2305,0.1322,,,476,208
alice,0,28539866,541,0.1612,1.343,4.5957,0.1322,,,495,150
alice,0,28539866,542,0.1561,1.286,4.4512,0.1322,,,502,141
alice,0,28539866,543,0.1636,1.3346,4.2539,0.1322,,,503,154
alice,0,28539866,544,0.1818,1.297,4.377,0.1322,,,498,143
alice,0,28539866,545,0.142,1.3448,4.459,0.1322,,,496,149
alice,0,28539866,546,0.1458,1.2598,4.5664,0.1322,,,499,144
alice,0,28539866,547,0.1906,1.3244,4.4336,0.1322,,,486,163
alice,0,28539866,548,0.1617,1.3322,4.6113,0.1322,,,503,125
alice,0,28539866,549,0.1439,1.3797,4.3887,0.1322,,,496,159
alice,0,28539866,550,0.1583,1.1689,4.6152,0.1322,,,498,141
alice,0,28539866,551,0.145,1.3774,4.3457,0.1322,,,502,141
alice,0,28539866,552,0.1751,1.2748,4.5234,0.1322,,,503,135
alice,0,28539866,553,0.1443,1.2085,4.6289,0.1322,,,502,122
alice,0,28539866,554,0.1355,1.4,4.3672,0.1322,,,492,163
alice,0,28539866,555,0.1752,1.2901,4.418,0.1322,,,499,147
alice,0,28539866,556,0.1584,1.4644,4.166,0.1322,,,484,177
alice,0,28539866,557,0.1531,1.5004,4.293,0.1322,,,490,190
alice,0,28539866,558,0.152,1.3863,4.4492,0.1322,,,494,165
alice,0,28539866,559,0.1546,1.3235,4.3652,0.1322,,,503,138
alice,0,28539866,560,0.1533,1.3687,4.2637,0.1322,,,497,157
alice,0,28539866,561,0.1569,1.4824,4.1855,0.1322,,,487,178
alice,0,28539866,562,0.1632,1.2491,4.6934,0.1322,,,501,110
alice,0,28539866,563,0.1934,1.1562,4.6387,0.1322,,,505,108
alice,0,28539866,564,0.1496,1.4887,4.1621,0.1322,,,494,178
alice,0,28539866,565,0.1592,1.3516,4.3711,0.1322,,,494,175
alice,0,28539866,566,0.1924,1.254,4.3828,0.1322,,,506,124
alice,0,28539866,567,0.1075,1.4832,4.2402,0.1322,,,476,218
alice,0,28539866,568,0.1509,1.5667,4.0566,0.1322,,,457,258
alice,0,28539866,569,0.1964,1.3722,4.332,0.1322,,,495,157
alice,0,28539866,570,0.1532,1.4827,4.1992,0.1322,,,477,219
alice,0,28539866,571,0.168,1.2101,4.7129,0.1322,,,503,124
alice,0,28539866,572,0.1448,1.2494,4.6875,0.1322,,,504,116
alice,0,28539866,573,0.1755,1.2945,4.4551,0.1322,,,504,120
alice,0,28539866,574,0.1522,1.2291,4.4785,0.1322,,,497,139
alice,0,28539866,575,0.1634,1.3357,4.4043,0.1322,,,502,124
alice,0,28539866,576,0.1456,1.3995,4.3379,0.1322,,,498,157
alice,0,28539866,577,0.1148,1.3499,4.4922,0.1322,,,496,161
alice,0,28539866,578,0.1513,1.3501,4.3926,0.1322,,,497,153
alice,0,28539866,579,0.142,1.2716,4.5215,0.1322,,,498,140
alice,0,28539866,580,0.1446,1.3991,4.2051,0.1322,,,501,156
alice,0,28539866,581,0.1377,1.4904,4.1543,0.1322,,,479,195
alice,0,28539866,582,0.135,1.3593,4.2578,0.1322,,,486,194
alice,0,28539866,583,0.171,1.3264,4.5527,0.1322,,,505,143
alice,0,28539866,584,0.1104,1.3925,4.2832,0.1322,,,496,170
alice,0,28539866,585,0.1668,1.1909,4.5625,0.1322,,,501,132
alice,0,28539866,586,0.145,1.2202,4.4297,0.1322,,,504,140
alice,0,28539866,587,0.1287,1.3224,4.3809,0.1322,,,498,163
alice,0,28539866,588,0.2061,1.2501,4.584,0.1322,,,500,126
alice,0,28539866,589,0.125,1.4867,4.2461,0.1322,,,492,186
alice,0,28539866,590,0.1546,1.3576,4.2852,0.1322,,,495,172
alice,0,28539866,591,0.1514,1.3917,4.2988,0.1322,,,503,157
alice,0,28539866,592,0.1694,1.249,4.502,0.1322,,,498,132
alice,0,28539866,593,0.1627,1.3814,4.2871,0.1322,,,498,173
alice,0,28539866,594,0.1323,1.4288,4.2852,0.1322,,,491,172
alice,0,28539866,595,0.1928,1.3288,4.5371,0.1322,,,497,135
alice,0,28539866,596,0.1281,1.4165,4.373,0.1322,,,494,164
alice,0,28539866,597,0.1699,1.2764,4.4844,0.1322,,,497,150
alice,0,28539866,598,0.1726,1.3299,4.4629,0.1322,,,499,144
alice,0,28539866,599,0.1523,1.3232,4.457,0.1322,,,503,139
alice,0,28539866,600,0.1445,1.2352,4.5508,0.1322,,,505,115
alice,0,28539866,601,0.1994,1.5105,4.1328,0.1322,,,481,186
alice,0,28539866,602,0.1372,1.6593,4.0137,0.1322,,,487,216
alice,0,28539866,603,0.2022,1.4578,4.2363,0.1322,,,480,186
alice,0,28539866,604,0.1503,1.4019,4.4219,0.1322,,,491,161
alice,0,28539866,605,0.1658,1.3413,4.5781,0.1322,,,499,149
alice,0,28539866,606,0.1617,1.329,4.4062,0.1322,,,502,132
alice,0,28539866,607,0.1482,1.1768,4.5215,0.1322,,,505,121
alice,0,28539866,608,0.1469,1.456,4.1836,0.1322,,,497,144
alice,0,28539866,609,0.1778,1.3193,4.4141,0.1322,,,496,163
alice,0,28539866,610,0.1243,1.2867,4.4102,0.1322,,,499,150
alice,0,28539866,611,0.175,1.2287,4.5898,0.1322,,,504,131
alice,0,28539866,612,0.144,1.2972,4.4531,0.1322,,,492,165
alice,0,28539866,613,0.1387,1.3848,4.2012,0.1322,,,493,162
alice,0,28539866,614,0.1737,1.2701,4.5918,0.1322,,,495,140
alice,0,28539866,615,0.1676,1.5212,4.2188,0.1322,,,493,185
alice,0,28539866,616,0.1595,1.3789,4.3652,0.1322,,,498,150
alice,0,28539866,617,0.1363,1.4244,4.3164,0.1322,,,505,150
alice,0,28539866,618,0.1761,1.3431,4.418,0.1322,,,503,131
alice,0,28539866,619,0.1117,1.4448,4.4121,0.1322,,,497,171
alice,0,28539866,620,0.1635,1.5345,4.3125,0.1322,,,504,145
alice,0,28539866,621,0.2102,1.3775,4.3066,0.1322,,,500,151
alice,0,28539866,622,0.1134,1.6199,3.9629,0.1322,,,479,235
alice,0,28539866,623,0.1342,1.4633,4.2695,0.1322,,,484,201
alice,0,28539866,624,0.2119,1.4969,4.2617,0.1322,,,478,216
alice,0,28539866,625,0.1683,1.4101,4.2461,0.1322,,,495,178
alice,0,28539866,626,0.1357,1.3262,4.5156,0.1322,,,504,142
alice,0,28539866,627,0.1449,1.2281,4.5547,0.1322,,,502,125
alice,0,28539866,628,0.1818,1.195,4.6699,0.1322,,,501,125
alice,0,28539866,629,0.091,1.4582,4.3223,0.1322,,,489,164
alice,0,28541845,630,0.2206,0.578,5.0605,0.1322,,,503,84
alice,0,28541845,631,0.0941,0.7143,4.4707,0.1322,,,469,220
alice,0,28541845,632,0.1624,0.5563,5.2031,0.1322,,,510,78
alice,0,28541845,633,0.0786,0.7874,4.7148,0.1322,,,469,208
alice,0,28541845,634,0.2828,1.7439,2.4102,0.1322,,,472,191
alice,0,28541845,635,0.1352,1.2553,3.6953,0.1322,,,415,383
alice,0,28541845,636,0.1365,0.881,4.748,0.1322,,,505,98
alice,0,28541845,637,0.1684,0.7129,5.0781,0.1322,,,508,87
alice,0,28541845,638,0.2286,0.8955,4.7305,0.1322,,,511,79
alice,0,28541845,639,0.2254,1.6231,3.5586,0.1322,,,490,155
alice,0,28541845,640,0.118,1.2813,4.1211,0.1322,,,502,113
alice,0,28541845,641,0.2266,0.9888,4.5977,0.1322,,,507,99
alice,0,28541845,642,0.0996,1.1233,4.4727,0.1322,,,493,164
alice,0,28541845,643,0.2186,1.0218,4.7324,0.1322,,,506,105
alice,0,28541845,644,0.21,1.4229,3.9414,0.1322,,,501,136
alice,0,28541845,645,0.1491,1.2517,4.3594,0.1322,,,507,117
alice,0,28541845,646,0.2794,1.1321,4.5273,0.1322,,,502,107
alice,0,28541845,647,0.1661,1.5134,3.9258,0.1322,,,474,237
alice,0,28541845,648,0.1447,1.2278,4.6074,0.1322,,,506,123
alice,0,28541845,649,0.2273,1.1873,4.4609,0.1322,,,511,78
alice,0,28541845,650,0.1837,1.4308,4.1777,0.1322,,,486,182
alice,0,28541845,651,0.1597,1.4444,4.0762,0.1322,,,474,226
alice,0,28541845,652,0.1707,1.4822,4.1445,0.1322,,,497,172
alice,0,28541845,653,0.1873,1.3006,4.4023,0.1322,,,499,148
alice,0,28541845,654,0.1484,1.3467,4.5273,0.1322,,,488,161
alice,0,28541845,655,0.1728,1.3041,4.5918,0.1322,,,491,153
alice,0,28541845,656,0.1619,1.2608,4.5449,0.1322,,,497,125
alice,0,28541845,657,0.156,1.3751,4.123,0.1322,,,491,169
alice,0,28541845,658,0.1804,1.4766,4.1875,0.1322,,,488,179
alice,0,28541845,659,0.178,1.3206,4.4316,0.1322,,,502,138
alice,0,28541845,660,0.1501,1.3972,4.3984,0.1322,,,492,166
alice,0,28541845,661,0.1669,1.2678,4.5781,0.1322,,,499,148
alice,0,28541845,662,0.1649,1.285,4.4336,0.1322,,,496,139
alice,0,28541845,663,0.1666,1.3507,4.2285,0.1322,,,490,159
alice,0,28541845,664,0.1718,1.3172,4.4434,0.1322,,,499,139
alice,0,28541845,665,0.1693,1.3191,4.4902,0.1322,,,485,174
alice,0,28541845,666,0.1725,1.4755,4.1973,0.1322,,,487,180
alice,0,28541845,667,0.2056,1.43,4.3066,0.1322,,,499,153
alice,1,28528527,0,-0.0027,0.955,1.7273,1.0,,,783,5370
alice,1,28528527,1,-0.0016,0.7499,1.4086,0.9881,,,651,5767
alice,1,28528527,2,-0.0009,0.6725,1.2891,0.9763,,,600,5921
alice,1,28528527,3,-0.0011,0.7123,1.4086,0.9647,,,655,5757
alice,1,28528527,4,-0.0014,0.7479,1.5035,0.9533,,,693,5645
alice,1,28528527,5,-0.0007,0.7111,1.425,0.942,,,675,5724
alice,1,28528527,6,-0.0009,0.7326,1.4852,0.9309,,,680,5679
alice,1,28528527,7,-0.0003,0.7327,1.5039,0.9199,,,692,5650
alice,1,28528527,8,-0.0007,0.8097,1.7055,0.909,,,786,5376
alice,1,28528527,9,0.0006,0.7735,1.5914,0.8983,,,738,5510
alice,1,28528527,10,0.0011,0.8375,1.7504,0.8878,,,825,5286
alice,1,28528527,11,0.0014,0.8403,1.7219,0.8773,,,808,5331
alice,1,28528527,12,0.002,0.8647,1.7773,0.8671,,,850,5223
alice,1,28528527,13,0.0021,0.8735,1.7355,0.8569,,,821,5294
alice,1,28528527,14,0.0033,0.9214,1.832,0.8469,,,859,5189
alice,1,28528527,15,0.0032,0.9384,1.8633,0.837,,,868,5147
alice,1,28528527,16,0.0041,0.9643,1.7828,0.8273,,,857,5201
alice,1,28528527,17,0.0043,0.9822,1.8797,0.8176,,,873,5131
alice,1,28528527,18,0.0035,0.9994,1.8691,0.8081,,,889,5126
alice,1,28528527,19,0.0044,0.9987,1.8699,0.7988,,,888,5085
alice,1,28528527,20,0.0039,1.0203,1.9223,0.7895,,,909,5052
alice,1,28528527,21,0.0054,1.0471,1.9684,0.7804,,,948,4954
alice,1,28533912,22,0.0025,0.8855,1.9941,0.7714,,,931,4955
alice,1,28533912,23,0.0027,0.9123,2.0016,0.7625,,,941,4943
alice,1,28533912,24,0.0064,0.9393,2.0926,0.7537,,,980,4825
alice,1,28533912,25,0.0029,0.9327,2.0879,0.7451,,,985,4799
alice,1,28533912,26,0.0027,0.9778,2.182,0.7366,,,1012,4706
alice,1,28533912,27,0.0037,0.9921,2.2844,0.7281,,,1092,4510
alice,1,28533912,28,0.0033,1.0285,2.3668,0.7198,,,1125,4405
alice,1,28533912,29,0.005,1.0696,2.3121,0.7116,,,1112,4475
alice,1,28533912,30,0.0049,1.0006,2.3191,0.7035,,,1088,4523
alice,1,28533912,31,0.0054,1.1095,2.4629,0.6955,,,1150,4332
alice,1,28533912,32,0.0084,1.171,2.5469,0.6877,,,1213,4158
alice,1,28533912,33,0.009,1.2298,2.5801,0.6799,,,1224,4120
alice,1,28533912,34,0.0107,1.2549,2.6613,0.6722,,,1269,3998
alice,1,28533912,35,0.0172,1.1511,2.5402,0.6646,,,1226,4160
alice,1,28533912,36,0.0057,1.1053,2.1695,0.6572,,,1055,4645
alice,1,28533912,37,0.0049,1.1673,2.3148,0.6498,,,1120,4447
alice,1,28533912,38,0.007,1.172,2.2836,0.6425,,,1100,4513
alice,1,28533912,39,0.0083,1.2472,2.3773,0.6353,,,1158,4344
alice,1,28533912,40,0.0127,1.2755,2.4141,0.6283,,,1130,4387
alice,1,28533912,41,0.0129,1.2711,2.6645,0.6213,,,1282,4023
alice,1,28536391,42,0.0181,1.0283,2.718,0.6144,,,1262,3993
alice,1,28536391,43,0.019,0.823,2.0848,0.6076,,,982,4827
alice,1,28536391,44,0.0269,0.9842,2.4316,0.6009,,,1153,4326
alice,1,28536391,45,0.0264,0.9657,2.05,0.5942,,,982,4806
alice,1,28536391,46,0.0426,0.971,2.1047,0.5877,,,1030,4727
alice,1,28536391,47,0.056,1.2035,2.7047,0.5812,,,1293,3960
alice,1,28536391,48,0.0556,1.1731,2.5301,0.5749,,,1230,4124
alice,1,28536391,49,0.0704,1.2027,2.4164,0.5686,,,1176,4276
alice,1,28536391,50,0.0653,1.2336,2.6648,0.5624,,,1291,3982
alice,1,28536391,51,0.0379,1.2432,2.6691,0.5563,,,1282,3978
alice,1,28536391,52,0.035,1.3283,2.5355,0.5502,,,1226,4126
alice,1,28536391,53,0.0367,1.3029,2.5582,0.5443,,,1250,4070
alice,1,28536391,54,0.043,1.1309,2.2047,0.5384,,,1081,4553
alice,1,28536391,55,0.0443,1.3315,2.582,0.5326,,,1247,4149
alice,1,28536391,56,0.039,1.3385,2.6504,0.5269,,,1263,4009
alice,1,28536391,57,0.0695,1.3311,2.6992,0.5212,,,1306,3902
alice,1,28536391,58,0.0247,1.2944,2.6855,0.5156,,,1291,3991
alice,1,28536391,59,0.0452,1.4046,2.6645,0.5101,,,1299,3920
alice,1,28536391,60,0.0348,1.384,2.8109,0.5047,,,1373,3753
alice,1,28536391,61,0.0419,1.2421,2.5207,0.4994,,,1228,4164
alice,1,28537871,62,0.0502,1.0852,2.8742,0.4941,,,1351,3762
alice,1,28537871,63,0.0558,1.1006,3.0602,0.4889,,,1434,3509
alice,1,28537871,64,0.0713,1.1997,3.0457,0.4837,,,1515,3313
alice,1,28537871,65,0.0755,1.1611,3.1098,0.4786,,,1526,3287
alice,1,28537871,66,0.0712,1.1527,2.5949,0.4736,,,1322,3872
alice,1,28537871,67,0.0571,1.2605,3.073,0.4687,,,1498,3354
alice,1,28537871,68,0.0921,1.2731,3.0688,0.4638,,,1497,3340
alice,1,28537871,69,0.0803,1.104,2.5,0.459,,,1221,4148
alice,1,28537871,70,0.0726,1.2385,2.7906,0.4542,,,1329,3835
alice,1,28537871,71,0.0869,1.3493,3.0887,0.4496,,,1498,3380
alice,1,28537871,72,0.0924,1.3228,3.1355,0.4449,,,1531,3287
alice,1,28537871,73,0.1041,1.3537,2.8496,0.4404,,,1418,3609
alice,1,28537871,74,0.0729,1.3386,2.7742,0.4359,,,1372,3721
alice,1,28537871,75,0.0777,1.4606,3.057,0.4314,,,1503,3384
alice,1,28537871,76,0.1077,1.3797,3.109,0.427,,,1528,3291
alice,1,28537871,77,0.0715,1.4311,3.1797,0.4227,,,1564,3205
alice,1,28537871,78,0.0887,1.4374,2.907,0.4184,,,1440,3568
alice,1,28537871,79,0.1157,1.4941,2.9465,0.4142,,,1453,3528
alice,1,28537871,80,0.1035,1.5015,3.0621,0.4101,,,1505,3387
alice,1,28537871,81,0.0967,1.5271,3.4047,0.406,,,1640,2980
alice,1,28538628,82,0.1003,1.112,2.3957,0.4019,,,1128,4403
alice,1,28538628,83,0.1036,1.1134,2.7477,0.3979,,,1289,3937
alice,1,28538628,84,0.0838,1.1958,3.2687,0.394,,,1579,3104
alice,1,28538628,85,0.08,1.2481,3.3031,0.3901,,,1599,3074
alice,1,28538628,86,0.0908,1.3231,3.3348,0.3863,,,1675,2868
alice,1,28538628,87,0.0853,1.3817,2.9227,0.3825,,,1525,3324
alice,1,28538628,88,0.1143,1.3719,3.2926,0.3787,,,1717,2811
alice,1,28538628,89,0.1228,1.427,3.291,0.375,,,1729,2793
alice,1,28538628,90,0.1037,1.4608,2.7551,0.3714,,,1441,3576
alice,1,28538628,91,0.1213,1.3882,3.1977,0.3678,,,1654,3027
alice,1,28538628,92,0.1162,1.4518,3.3129,0.3643,,,1745,2792
alice,1,28538628,93,0.0973,1.3018,2.5844,0.3608,,,1370,3804
alice,1,28538628,94,0.1043,1.5585,3.5578,0.3573,,,1831,2612
alice,1,28538628,95,0.1381,1.4373,2.327,0.3539,,,1193,4178
alice,1,28538628,96,0.0824,1.4854,2.9051,0.3506,,,1445,3584
alice,1,28538628,97,0.1161,1.4735,3.0762,0.3472,,,1521,3366
alice,1,28538628,98,0.1174,1.5108,3.1242,0.344,,,1561,3221
alice,1,28538628,99,0.1273,1.61,3.3168,0.3407,,,1636,3072
alice,1,28538628,100,0.1376,1.5153,2.9664,0.3376,,,1517,3368
alice,1,28538628,101,0.1044,1.6388,2.9785,0.3344,,,1547,3365
alice,1,28540688,102,0.0766,1.1468,3.1031,0.3313,,,1517,3332
alice,1,28540688,103,0.0719,1.1921,3.4191,0.3282,,,1682,2909
alice,1,28540688,104,0.1126,1.3647,3.3898,0.3252,,,1795,2579
alice,1,28540688,105,0.0954,1.3507,3.0965,0.3222,,,1616,3090
alice,1,28540688,106,0.1013,1.3289,2.8203,0.3193,,,1462,3494
alice,1,28540688,107,0.0903,1.4318,3.0191,0.3164,,,1563,3253
alice,1,28540688,108,0.0921,1.4037,3.3176,0.3135,,,1723,2861
alice,1,28540688,109,0.0822,1.4251,3.3723,0.3107,,,1717,2829
alice,1,28540688,110,0.0886,1.451,3.3312,0.3079,,,1740,2778
alice,1,28540688,111,0.0864,1.4965,3.5602,0.3052,,,1840,2503
alice,1,28540688,112,0.0995,1.5209,3.3848,0.3025,,,1796,2629
alice,1,28540688,113,0.0943,1.5617,3.502,0.2998,,,1827,2538
alice,1,28540688,114,0.0881,1.5395,3.4816,0.2971,,,1802,2613
alice,1,28540688,115,0.1038,1.5921,3.3539,0.2945,,,1740,2772
alice,1,28540688,116,0.1,1.4637,2.8926,0.292,,,1484,3439
alice,1,28540688,117,0.0986,1.6096,3.3863,0.2894,,,1742,2817
alice,1,28540688,118,0.1122,1.6255,3.6141,0.2869,,,1832,2530
alice,1,28540688,119,0.1107,1.6233,3.4973,0.2844,,,1755,2684
alice,1,28540688,120,0.0869,1.6137,3.427,0.282,,,1744,2751
alice,1,28541846,121,0.0933,1.1368,3.6965,0.2796,,,1805,2516
alice,1,28541846,122,0.1176,1.1479,3.6984,0.2772,,,1778,2578
alice,1,28541846,123,0.0729,1.213,2.6309,0.2749,,,1301,3961
alice,1,28541846,124,0.1048,1.3906,3.1023,0.2726,,,1718,2813
alice,1,28541846,125,0.1705,1.3039,3.4293,0.2703,,,1795,2648
alice,1,28541846,126,0.0945,1.432,3.6734,0.268,,,1927,2275
alice,1,28541846,127,0.1174,1.458,3.9074,0.2658,,,2067,1938
alice,1,28541846,128,0.1379,1.4935,3.8035,0.2636,,,2089,1849
alice,1,28541846,129,0.1321,1.5595,3.7703,0.2614,,,2120,1764
alice,1,28541846,130,0.131,1.5415,3.8758,0.2593,,,2141,1707
alice,1,28541846,131,0.1574,1.5129,3.9855,0.2572,,,2147,1665
alice,1,28541846,132,0.1343,1.5783,3.9594,0.2551,,,2141,1718
alice,1,28541846,133,0.1361,1.5713,3.8715,0.2531,,,2134,1748
alice,1,28541846,134,0.1449,1.5175,3.9496,0.251,,,2167,1681
alice,1,28541846,135,0.1328,1.5707,3.8465,0.249,,,2149,1703
alice,1,28541846,136,0.1362,1.5518,3.984,0.2471,,,2145,1744
alice,1,28541846,137,0.1595,1.5506,4.0098,0.2451,,,2160,1643
alice,1,28541846,138,0.139,1.5573,3.9199,0.2432,,,2138,1747
alice,1,28541846,139,0.111,1.6123,3.8199,0.2413,,,2121,1842
alice,1,28541846,140,0.1364,1.5573,4.075,0.2394,,,2179,1636
alice,1,28544529,141,0.1257,0.9684,4.0137,0.2376,,,2011,1959
alice,1,28544529,142,0.1174,1.0948,3.9941,0.2358,,,2000,2029
alice,1,28544529,143,0.1461,1.2369,2.7281,0.234,,,1398,3722
alice,1,28544529,144,0.1128,1.5084,2.891,0.2322,,,1732,2822
alice,1,28544529,145,0.1427,1.3643,3.6645,0.2305,,,1911,2351
alice,1,28544529,146,0.1144,1.3803,3.8148,0.2287,,,1995,2098
alice,1,28544529,147,0.1387,1.3894,3.9277,0.227,,,2045,1976
alice,1,28544529,148,0.1309,1.4421,3.716,0.2253,,,2029,1990
alice,1,28544529,149,0.1481,1.5739,3.7488,0.2237,,,2131,1789
alice,1,28544529,150,0.1314,1.5056,4.002,0.222,,,2155,1664
alice,1,28544529,151,0.1281,1.624,3.818,0.2204,,,2098,1847
alice,1,28544529,152,0.1215,1.5916,3.8898,0.2188,,,2106,1830
alice,1,28544529,153,0.1183,1.6543,3.9027,0.2173,,,2139,1747
alice,1,28544529,154,0.1195,1.6775,3.8563,0.2157,,,2099,1819
alice,1,28544529,155,0.1247,1.6536,3.8805,0.2142,,,2133,1798
alice,1,28544529,156,0.1241,1.7097,3.8699,0.2127,,,2142,1800
alice,1,28544529,157,0.1183,1.7257,3.8395,0.2112,,,2103,1852
alice,1,28544529,158,0.1127,1.7639,3.8023,0.2097,,,2073,1925
alice,1,28544529,159,0.1207,1.727,3.8352,0.2083,,,2100,1867
alice,1,28544529,160,0.1195,1.6317,3.9656,0.2068,,,2130,1800
alice,1,28546103,161,0.1062,0.959,4.4969,0.2054,,,2226,1348
alice,1,28546103,162,0.0943,1.0271,4.5738,0.204,,,2257,1296
alice,1,28546103,163,0.1344,1.0099,4.5055,0.2026,,,2307,1195
alice,1,28546103,164,0.2208,1.558,2.6434,0.2013,,,2224,1480
alice,1,28546103,165,0.1049,1.3658,2.8398,0.1999,,,1513,3352
alice,1,28546103,166,0.11,1.3255,4.0074,0.1986,,,2090,1879
alice,1,28546103,167,0.1171,1.2836,4.1508,0.1973,,,2176,1608
alice,1,28546103,168,0.0998,1.3006,3.9199,0.196,,,2100,1845
alice,1,28546103,169,0.1151,1.4702,4.0184,0.1948,,,2244,1453
alice,1,28546103,170,0.1269,1.4912,3.9125,0.1935,,,2196,1481
alice,1,28546103,171,0.1137,1.4011,4.2266,0.1923,,,2319,1249
alice,1,28546103,172,0.1351,1.3893,4.2473,0.191,,,2329,1201
alice,1,28546103,173,0.112,1.4543,4.1773,0.1898,,,2284,1280
alice,1,28546103,174,0.1122,1.5573,4.0258,0.1887,,,2199,1472
alice,1,28546103,175,0.105,1.5815,3.8461,0.1875,,,2220,1506
alice,1,28546103,176,0.098,1.5063,4.0449,0.1863,,,2245,1448
alice,1,28546103,177,0.1272,1.4552,4.2023,0.1852,,,2330,1293
alice,1,28546103,178,0.1039,1.445,4.3457,0.1841,,,2318,1145
alice,1,28546103,179,0.1276,1.3757,4.4227,0.1829,,,2372,1019
alice,1,28546103,180,0.1497,1.3932,4.3902,0.1818,,,2398,945
alice,1,28546580,181,0.1574,0.8031,4.7828,0.1808,,,2407,826
alice,1,28546580,182,0.0973,0.9623,4.5953,0.1797,,,2411,924
alice,1,28546580,183,0.1289,1.0784,4.4375,0.1786,,,2298,1266
alice,1,28546580,184,0.1559,1.7486,2.5797,0.1776,,,2364,1080
alice,1,28546580,185,0.0949,1.2508,4.257,0.1766,,,2297,1302
alice,1,28546580,186,0.0859,1.3401,3.8375,0.1756,,,2090,1792
alice,1,28546580,187,0.0881,1.4795,3.5187,0.1746,,,1908,2323
alice,1,28546580,188,0.0841,1.477,3.9289,0.1736,,,2095,1855
alice,1,28546580,189,0.0929,1.5669,3.7316,0.1726,,,2174,1631
alice,1,28546580,190,0.1111,1.4125,4.1406,0.1716,,,2247,1444
alice,1,28546580,191,0.119,1.4282,4.0844,0.1707,,,2275,1384
alice,1,28546580,192,0.1154,1.4746,4.0984,0.1698,,,2285,1339
alice,1,28546580,193,0.1007,1.521,3.9551,0.1688,,,2187,1592
alice,1,28546580,194,0.0907,1.5556,3.8813,0.1679,,,2182,1604
alice,1,28546580,195,0.1114,1.5092,4.1242,0.167,,,2265,1397
alice,1,28546580,196,0.0914,1.4863,4.1969,0.1661,,,2308,1305
alice,1,28546580,197,0.1211,1.4863,4.2199,0.1653,,,2343,1202
alice,1,28546580,198,0.1133,1.4798,4.1574,0.1644,,,2356,1200
alice,1,28546580,199,0.121,1.4756,4.1711,0.1635,,,2343,1155
alice,1,28546580,200,0.1384,1.5659,3.9586,0.1627,,,2206,1486
alice,1,28547089,201,0.078,0.9234,4.5363,0.1619,,,2291,1214
alice,1,28547089,202,0.1163,0.9456,4.6871,0.1611,,,2391,972
alice,1,28547089,203,0.1122,0.995,4.5602,0.1602,,,2354,1084
alice,1,28547089,204,0.1936,1.7374,2.6879,0.1594,,,2210,1461
alice,1,28547089,205,0.0823,1.2875,3.9648,0.1587,,,2239,1468
alice,1,28547089,206,0.0947,1.2839,4.1844,0.1579,,,2318,1302
alice,1,28547089,207,0.0921,1.3714,4.016,0.1571,,,2156,1678
alice,1,28547089,208,0.098,1.3896,4.0273,0.1564,,,2181,1617
alice,1,28547089,209,0.0888,1.5792,3.7031,0.1556,,,2239,1442
alice,1,28547089,210,0.0949,1.4404,3.7871,0.1549,,,2133,1734
alice,1,28547089,211,0.1087,1.3828,4.2758,0.1542,,,2314,1270
alice,1,28547089,212,0.1413,1.424,4.2004,0.1534,,,2310,1232
alice,1,28547089,213,0.1226,1.408,4.3086,0.1527,,,2395,1050
alice,1,28547089,214,0.1453,1.4157,4.2648,0.152,,,2397,968
alice,1,28547089,215,0.1292,1.4097,4.2418,0.1513,,,2395,992
alice,1,28547089,216,0.0941,1.5374,3.9523,0.1507,,,2194,1481
alice,1,28547089,217,0.1184,1.5192,4.2227,0.15,,,2350,1181
alice,1,28547089,218,0.1094,1.5492,4.1098,0.1493,,,2309,1277
alice,1,28547089,219,0.1181,1.5828,4.0648,0.1487,,,2285,1355
alice,1,28547089,220,0.1454,1.5215,4.1895,0.148,,,2309,1256
alice,1,28549701,221,0.0956,0.8019,4.7195,0.1474,,,2344,987
alice,1,28549701,222,0.1232,0.8495,4.7625,0.1468,,,2373,940
alice,1,28549701,223,0.0891,0.8512,4.8879,0.1462,,,2493,663
alice,1,28549701,224,0.1356,1.7274,2.491,0.1455,,,2494,741
alice,1,28549701,225,0.0706,1.0274,4.7035,0.1449,,,2492,681
alice,1,28549701,226,0.0885,1.0687,4.5051,0.1443,,,2507,694
alice,1,28549701,227,0.0967,1.1387,4.3801,0.1438,,,2402,967
alice,2,28542235,0,-0.0038,0.8617,1.4805,1.0,,,64,576
alice,2,28542235,1,-0.0023,0.8785,1.6172,0.9881,,,72,555
alice,2,28542235,2,-0.0024,0.7808,1.5273,0.9763,,,74,554
alice,2,28542235,3,-0.0007,0.6468,1.207,0.9647,,,57,603
alice,2,28542235,4,-0.0005,0.8369,1.7383,0.9533,,,79,536
alice,2,28542235,5,-0.0004,0.8163,1.7148,0.942,,,77,538
alice,2,28542235,6,0.001,0.8721,1.8594,0.9309,,,89,512
alice,2,28542235,7,0.0028,0.7775,1.5742,0.9199,,,68,565
alice,2,28542235,8,0.0037,0.759,1.4883,0.909,,,70,562
alice,2,28542235,9,0.0037,0.8687,1.8594,0.8983,,,83,522
alice,2,28542235,10,0.0063,0.8522,1.7383,0.8878,,,81,534
alice,2,28542235,11,0.006,0.9158,1.9453,0.8773,,,88,510
alice,2,28542235,12,0.0046,0.8865,1.8047,0.8671,,,84,523
alice,2,28542235,13,0.011,0.868,1.6328,0.8569,,,81,543
alice,2,28542235,14,0.0138,0.9592,1.8906,0.8469,,,86,511
alice,2,28542235,15,0.0243,0.9569,1.8594,0.837,,,90,506
alice,2,28542235,16,0.0266,0.9429,1.8828,0.8273,,,85,521
alice,2,28542235,17,0.0203,0.9798,2.1406,0.8176,,,96,487
alice,2,28542235,18,0.0268,1.0313,2.1016,0.8081,,,101,475
alice,2,28542235,19,0.0333,1.0441,1.8984,0.7988,,,90,504
alice,2,28542235,20,0.0149,1.1142,2.3008,0.7895,,,111,462
alice,2,28542235,21,0.0198,0.9969,1.9023,0.7804,,,89,499
alice,2,28542235,22,0.0467,0.981,1.7188,0.7714,,,83,531
alice,2,28542235,23,0.0523,1.0213,1.918,0.7625,,,96,488
alice,2,28542235,24,0.0249,1.0306,1.9648,0.7537,,,93,507
alice,2,28542235,25,0.0297,1.0396,2.0586,0.7451,,,94,485
alice,2,28542235,26,0.0439,0.9783,1.8203,0.7366,,,95,496
alice,2,28542235,27,0.0607,1.1347,2.0625,0.7281,,,97,488
alice,2,28542235,28,0.0582,1.0527,1.8867,0.7198,,,96,492
alice,2,28542235,29,0.0313,1.0443,2.0508,0.7116,,,99,482
alice,2,28542235,30,0.0255,1.0206,1.8672,0.7035,,,93,507
alice,2,28542235,31,0.0192,1.1016,2.25,0.6955,,,102,470
alice,2,28542235,32,0.0201,1.024,2.0703,0.6877,,,95,495
alice,2,28542235,33,0.0279,0.9689,1.5977,0.6799,,,82,532
alice,2,28542235,34,0.0388,1.1965,2.1016,0.6722,,,99,481
alice,2,28542235,35,0.042,1.0767,1.7891,0.6646,,,87,518
alice,2,28542235,36,0.0495,1.1851,2.0859,0.6572,,,96,492
alice,2,28542235,37,0.0581,1.1122,1.9375,0.6498,,,94,498
alice,2,28542235,38,0.0471,1.0826,1.9102,0.6425,,,93,502
alice,2,28542235,39,0.0712,1.1266,2.0078,0.6353,,,93,501
alice,2,28542235,40,0.0468,1.1217,2.1484,0.6283,,,99,480
alice,2,28542235,41,0.0447,1.1298,2.1172,0.6213,,,99,475
alice,2,28542235,42,0.0496,1.183,2.0703,0.6144,,,100,482
alice,2,28542235,43,0.0436,1.1212,1.9219,0.6076,,,95,498
alice,2,28542235,44,0.044,1.1696,2.1562,0.6009,,,99,481
alice,2,28542235,45,0.0458,1.2301,2.2188,0.5942,,,113,454
alice,2,28542235,46,0.0393,1.1272,2.0352,0.5877,,,101,472
alice,2,28542235,47,0.0543,1.2359,2.3555,0.5812,,,108,452
alice,2,28542235,48,0.0528,1.2262,2.3828,0.5749,,,117,440
alice,2,28542235,49,0.0503,1.1666,2.1172,0.5686,,,106,470
alice,2,28542235,50,0.0581,1.2144,2.3516,0.5624,,,115,441
alice,2,28542235,51,0.0409,1.1621,2.1992,0.5563,,,108,460
alice,2,28542235,52,0.0446,1.2813,2.4414,0.5502,,,121,421
alice,2,28542235,53,0.0344,1.2592,2.3906,0.5443,,,115,435
alice,2,28542235,54,0.0309,1.3552,2.7266,0.5384,,,122,424
alice,2,28542235,55,0.0376,1.2178,2.4023,0.5326,,,111,439
alice,2,28542235,56,0.0332,1.1718,2.1875,0.5269,,,102,471
alice,2,28542235,57,0.0341,1.2033,2.2188,0.5212,,,110,453
alice,2,28542235,58,0.0354,1.2728,2.4219,0.5156,,,116,439
alice,2,28542235,59,0.0376,1.2363,2.2734,0.5101,,,113,451
alice,2,28542235,60,0.0503,1.3586,2.6641,0.5047,,,128,392
alice,2,28542235,61,0.031,1.1842,2.1445,0.4994,,,105,467
alice,2,28542235,62,0.0311,1.2728,2.3789,0.4941,,,113,448
alice,2,28542235,63,0.0283,1.3152,2.4023,0.4889,,,116,430
alice,2,28542235,64,0.027,1.2901,2.668,0.4837,,,128,403
alice,2,28542235,65,0.0429,1.3355,2.7578,0.4786,,,128,400
alice,2,28542235,66,0.04,1.2973,2.4297,0.4736,,,126,413
alice,2,28542235,67,0.045,1.2941,2.4336,0.4687,,,124,422
alice,2,28542235,68,0.0498,1.1811,2.0586,0.4638,,,109,457
alice,2,28542235,69,0.0367,1.2967,2.4414,0.459,,,120,425
alice,2,28542235,70,0.0409,1.3248,2.6016,0.4542,,,120,434
alice,2,28542235,71,0.0458,1.3112,2.6836,0.4496,,,134,383
alice,2,28542235,72,0.0429,1.2859,2.4805,0.4449,,,121,419
alice,2,28542235,73,0.0467,1.3059,2.6797,0.4404,,,130,393
alice,2,28542235,74,0.0546,1.3884,2.9961,0.4359,,,147,367
alice,2,28542235,75,0.0534,1.31,2.5742,0.4314,,,128,392
alice,2,28542235,76,0.0602,1.3228,2.8047,0.427,,,130,386
alice,2,28542235,77,0.0372,1.3094,2.3867,0.4227,,,122,425
alice,2,28542235,78,0.049,1.4453,2.7812,0.4184,,,137,378
alice,2,28542235,79,0.0492,1.312,2.4648,0.4142,,,121,422
alice,2,28542235,80,0.0598,1.4683,2.9219,0.4101,,,142,363
alice,2,28542235,81,0.0613,1.3535,2.6758,0.406,,,132,389
alice,2,28542235,82,0.0511,1.2363,2.2461,0.4019,,,119,438
alice,2,28542235,83,0.042,1.3129,2.4922,0.3979,,,118,431
alice,2,28542235,84,0.0499,1.3031,2.4492,0.394,,,119,419
alice,2,28542235,85,0.0494,1.3247,2.5586,0.3901,,,132,411
alice,2,28542235,86,0.0529,1.4406,2.6055,0.3863,,,132,389
alice,2,28542235,87,0.0463,1.3327,2.4141,0.3825,,,124,427
alice,2,28542235,88,0.0589,1.3915,2.5898,0.3787,,,126,418
alice,2,28542235,89,0.0592,1.3618,2.8047,0.375,,,132,378
alice,2,28542235,90,0.0586,1.384,2.9414,0.3714,,,138,380
alice,2,28542235,91,0.0508,1.4211,2.5078,0.3678,,,129,397
alice,2,28542235,92,0.0485,1.3656,2.6953,0.3643,,,132,402
alice,2,28542235,93,0.0461,1.476,2.8906,0.3608,,,140,366
alice,2,28542235,94,0.0554,1.3644,2.3828,0.3573,,,135,398
alice,2,28542235,95,0.0477,1.4183,2.7383,0.3539,,,129,403
alice,2,28542235,96,0.0611,1.5065,2.707,0.3506,,,132,375
alice,2,28542235,97,0.0661,1.4959,2.9453,0.3472,,,141,371
alice,2,28542235,98,0.0478,1.5266,2.7891,0.344,,,139,378
alice,2,28542235,99,0.065,1.4446,2.6367,0.3407,,,130,390
alice,2,28542235,100,0.05,1.5814,2.6992,0.3376,,,134,396
alice,2,28542235,101,0.0734,1.6133,2.8281,0.3344,,,140,363
alice,2,28542235,102,0.0693,1.6815,3.1211,0.3313,,,156,336
alice,2,28542235,103,0.0664,1.4975,3.0742,0.3282,,,150,342
alice,2,28542235,104,0.0564,1.483,2.8867,0.3252,,,148,353
alice,2,28542235,105,0.0598,1.4243,2.9453,0.3222,,,143,356
alice,2,28542235,106,0.0522,1.4059,2.6875,0.3193,,,146,357
alice,2,28542235,107,0.0504,1.34,2.5859,0.3164,,,136,392
alice,2,28542235,108,0.0515,1.4812,2.875,0.3135,,,141,372
alice,2,28542235,109,0.0669,1.6506,3.0898,0.3107,,,159,320
alice,2,28542235,110,0.0694,1.4683,3.0664,0.3079,,,150,347
alice,2,28542235,111,0.0536,1.6464,3.4609,0.3052,,,165,304
alice,2,28542235,112,0.0678,1.6519,2.9961,0.3025,,,145,336
alice,2,28542235,113,0.0934,1.5194,3.4844,0.2998,,,165,301
alice,2,28542235,114,0.0693,1.559,3.2344,0.2971,,,159,316
alice,2,28542235,115,0.054,1.6648,2.7969,0.2945,,,146,346
alice,2,28542235,116,0.0885,1.6401,3.3086,0.292,,,164,289
alice,2,28542235,117,0.0583,1.4856,2.8672,0.2894,,,146,367
alice,2,28542235,118,0.0573,1.4695,2.918,0.2869,,,143,351
alice,2,28542235,119,0.0601,1.4786,3.0469,0.2844,,,151,346
alice,2,28542235,120,0.0583,1.5382,2.9297,0.282,,,155,335
alice,2,28542235,121,0.053,1.6558,3.5625,0.2796,,,171,297
alice,2,28542235,122,0.0791,1.9216,3.375,0.2772,,,167,279
alice,2,28542235,123,0.0833,1.6495,3.0547,0.2749,,,150,332
alice,2,28542235,124,0.0726,1.9036,3.418,0.2726,,,167,299
alice,2,28542235,125,0.0818,1.743,3.5859,0.2703,,,180,262
alice,2,28542235,126,0.1151,1.6389,3.6016,0.268,,,176,256
alice,2,28542235,127,0.0497,1.6264,2.7266,0.2658,,,138,369
alice,2,28542235,128,0.069,1.5266,2.8242,0.2636,,,143,360
alice,2,28542235,129,0.0816,1.6747,3.1172,0.2614,,,160,329
alice,2,28542235,130,0.0953,1.6706,3.4961,0.2593,,,175,265
alice,2,28542235,131,0.0971,1.66,3.1797,0.2572,,,165,313
alice,2,28542235,132,0.0571,1.5596,2.5703,0.2551,,,138,359
alice,2,28542235,133,0.097,1.6244,3.5117,0.2531,,,178,281
alice,2,28542235,134,0.0662,1.6634,3.4922,0.251,,,166,290
alice,2,28542235,135,0.1124,1.6435,3.5938,0.249,,,177,265
alice,2,28542235,136,0.0664,1.6089,3.3672,0.2471,,,170,297
alice,2,28542235,137,0.0716,1.615,3.3398,0.2451,,,162,290
alice,2,28542235,138,0.0689,1.6177,3.7266,0.2432,,,191,250
alice,2,28542235,139,0.0815,1.6662,3.3672,0.2413,,,172,276
alice,2,28542235,140,0.0618,1.6824,3.375,0.2394,,,164,299
alice,2,28542235,141,0.1058,1.7708,3.4492,0.2376,,,181,260
alice,2,28542235,142,0.1108,1.6185,3.3945,0.2358,,,169,300
alice,2,28542235,143,0.0796,1.735,3.5547,0.234,,,184,252
alice,2,28542235,144,0.0855,1.6533,3.3438,0.2322,,,175,281
alice,2,28542235,145,0.1102,1.7248,3.4102,0.2305,,,165,293
alice,2,28542235,146,0.0818,1.7634,3.207,0.2287,,,168,297
alice,2,28542235,147,0.0905,1.6957,3.3945,0.227,,,175,281
alice,2,28542235,148,0.1249,1.5701,3.2305,0.2253,,,165,296
alice,2,28542235,149,0.0673,1.6498,3.4023,0.2237,,,173,283
alice,2,28542235,150,0.0695,1.8213,3.4805,0.222,,,180,259
alice,2,28542235,151,0.1364,1.7786,3.4609,0.2204,,,187,259
alice,2,28542235,152,0.0586,1.634,3.6172,0.2188,,,176,265
alice,2,28542235,153,0.1032,1.6979,3.6914,0.2173,,,175,270
alice,2,28542235,154,0.0667,1.8341,3.6797,0.2157,,,186,230
alice,2,28542235,155,0.1346,1.5878,3.2695,0.2142,,,161,303
alice,2,28542235,156,0.083,1.6769,3.0156,0.2127,,,166,315
alice,2,28542235,157,0.0712,1.694,3.4883,0.2112,,,176,273
alice,2,28542235,158,0.1256,1.7362,3.2031,0.2097,,,160,298
alice,2,28542235,159,0.0874,1.7532,3.7227,0.2083,,,182,265
alice,2,28542235,160,0.1188,1.7774,3.4531,0.2068,,,179,267
alice,2,28542235,161,0.0682,1.7999,3.6445,0.2054,,,180,258
alice,2,28542235,162,0.1306,1.6937,3.3594,0.204,,,165,281
alice,2,28542235,163,0.0894,1.8018,3.1914,0.2026,,,179,280
alice,2,28542235,164,0.0934,1.8597,3.8945,0.2013,,,196,240
alice,2,28542235,165,0.1305,1.6601,3.6211,0.1999,,,176,263
alice,2,28542235,166,0.1212,1.6012,3.6055,0.1986,,,178,251
alice,2,28542235,167,0.1021,1.6389,3.3516,0.1973,,,170,292
alice,2,28542235,168,0.0835,1.7224,3.5703,0.196,,,176,258
alice,2,28542235,169,0.1505,1.7288,3.0547,0.1948,,,175,287
alice,2,28542235,170,0.1221,1.7703,3.5898,0.1935,,,181,267
alice,2,28542235,171,0.0792,1.9536,3.5039,0.1923,,,187,248
alice,2,28542235,172,0.117,1.7392,3.7617,0.191,,,187,237
alice,2,28542235,173,0.112,1.8423,3.4844,0.1898,,,176,274
alice,2,28542235,174,0.0787,1.7606,3.1094,0.1887,,,176,283
alice,2,28542235,175,0.1214,1.7401,3.7031,0.1875,,,191,237
alice,2,28542235,176,0.1422,1.6476,3.6719,0.1863,,,179,252
alice,2,28542235,177,0.1076,1.8181,3.3438,0.1852,,,181,270
alice,2,28542235,178,0.1185,1.7685,3.6328,0.1841,,,189,242
alice,2,28542235,179,0.1182,1.7447,3.8555,0.1829,,,201,213
alice,2,28542235,180,0.1336,1.8626,3.6289,0.1818,,,185,251
alice,2,28542235,181,0.1242,1.6526,3.2773,0.1808,,,172,287
alice,2,28542235,182,0.0742,1.6319,3.0508,0.1797,,,166,302
alice,2,28542235,183,0.0958,1.6286,3.7305,0.1786,,,179,264
alice,2,28542235,184,0.1221,1.7258,3.875,0.1776,,,188,238
alice,2,28542235,185,0.0884,1.7091,3.7539,0.1766,,,196,221
alice,2,28542235,186,0.1464,1.5964,3.9414,0.1756,,,202,190
alice,2,28542235,187,0.0649,1.5847,2.5,0.1746,,,137,375
alice,2,28542235,188,0.1355,1.6967,3.3867,0.1736,,,185,274
alice,2,28542235,189,0.0543,1.6649,3.3828,0.1726,,,169,295
alice,2,28542235,190,0.1042,1.6851,3.1016,0.1716,,,159,313
alice,2,28542235,191,0.1377,1.8265,3.6367,0.1707,,,189,249
alice,2,28542235,192,0.0982,1.8349,3.5156,0.1698,,,188,256
alice,2,28542235,193,0.0971,1.7527,3.7539,0.1688,,,193,231
alice,2,28542235,194,0.1368,1.7724,3.9453,0.1679,,,212,187
alice,2,28542235,195,0.1944,1.7379,3.9648,0.167,,,201,205
alice,2,28542235,196,0.1158,1.7753,3.6523,0.1661,,,191,233
alice,2,28542235,197,0.1556,1.7706,3.457,0.1653,,,187,257
alice,2,28542235,198,0.0536,1.7423,3.6758,0.1644,,,193,228
alice,2,28542235,199,0.1077,1.8594,3.25,0.1635,,,177,272
alice,2,28542235,200,0.0849,1.7631,3.9258,0.1627,,,201,210
alice,2,28542235,201,0.1469,1.7981,3.6055,0.1619,,,187,238
alice,2,28542235,202,0.0846,1.7168,3.5977,0.1611,,,189,248
alice,2,28542235,203,0.0561,1.6619,3.4883,0.1602,,,184,260
alice,2,28542235,204,0.1174,1.7299,3.4336,0.1594,,,185,248
alice,2,28542235,205,0.1397,1.7596,3.4023,0.1587,,,186,258
alice,2,28542235,206,0.1526,1.7838,3.75,0.1579,,,192,236
alice,2,28542235,207,0.1236,1.6825,3.6094,0.1571,,,191,238
alice,2,28542235,208,0.1598,1.767,3.3711,0.1564,,,182,268
alice,2,28542235,209,0.1426,1.7014,3.0391,0.1556,,,169,298
alice,2,28542235,210,0.089,1.7491,3.0352,0.1549,,,180,277
alice,2,28542235,211,0.1555,1.5495,3.2578,0.1542,,,180,286
alice,2,28542235,212,0.1057,1.7553,3.5508,0.1534,,,184,260
alice,2,28542235,213,0.1443,1.7457,3.3281,0.1527,,,183,275
alice,2,28542235,214,0.1129,1.6695,3.582,0.152,,,194,220
alice,2,28542235,215,0.163,1.6619,3.3867,0.1513,,,180,280
alice,2,28542235,216,0.0893,1.6533,3.4922,0.1507,,,178,260
alice,2,28542235,217,0.1711,1.6624,3.3789,0.15,,,181,272
alice,2,28542235,218,0.1032,1.8156,3.8086,0.1493,,,205,219
alice,2,28542235,219,0.1238,1.6278,3.6172,0.1487,,,188,234
alice,2,28542235,220,0.1495,1.6939,3.6484,0.148,,,186,239
alice,2,28542235,221,0.1293,1.7567,3.7266,0.1474,,,192,213
alice,2,28542235,222,0.1955,1.6492,3.6289,0.1468,,,186,256
alice,2,28542235,223,0.1211,1.5855,3.4922,0.1462,,,177,260
alice,2,28542235,224,0.1413,1.4804,3.4375,0.1455,,,176,282
alice,2,28542235,225,0.0845,1.6299,3.3477,0.1449,,,179,269
alice,2,28542235,226,0.1434,1.6447,3.168,0.1443,,,158,300
alice,2,28542235,227,0.1109,1.7874,3.7461,0.1438,,,189,265
alice,2,28542235,228,0.1847,1.6686,3.1328,0.1432,,,163,302
alice,2,28542235,229,0.1617,1.5866,3.3555,0.1426,,,179,272
alice,2,28542235,230,0.0851,1.6811,3.6641,0.142,,,193,238
alice,2,28542235,231,0.1146,1.6291,3.5898,0.1415,,,194,236
alice,2,28542235,232,0.1672,1.8791,3.5859,0.1409,,,190,236
alice,2,28542235,233,0.1977,1.6642,3.8516,0.1404,,,194,224
alice,2,28542235,234,0.083,1.7451,3.2422,0.1399,,,179,271
alice,2,28542235,235,0.1332,1.6582,3.7461,0.1393,,,191,237
alice,2,28542235,236,0.1529,1.7575,3.3984,0.1388,,,186,250
alice,2,28542235,237,0.1244,1.713,3.5664,0.1383,,,188,239
alice,2,28542235,238,0.135,1.6792,3.6914,0.1378,,,197,230
alice,2,28542235,239,0.1845,1.79,3.9883,0.1373,,,215,172
alice,2,28542235,240,0.2178,1.6844,3.7031,0.1368,,,196,219
alice,2,28542235,241,0.069,1.6654,3.6992,0.1363,,,200,216
alice,2,28542235,242,0.1169,1.71,3.2734,0.1358,,,188,245
alice,2,28542235,243,0.1406,1.7347,3.8672,0.1354,,,200,220
alice,2,28542235,244,0.1666,1.5869,3.8203,0.1349,,,200,208
alice,2,28542235,245,0.1781,1.7133,3.6875,0.1344,,,205,216
alice,2,28542235,246,0.0803,1.6529,3.8594,0.134,,,197,214
alice,2,28542235,247,0.1598,1.6258,3.4688,0.1335,,,184,246
alice,2,28542235,248,0.122,1.6719,3.2773,0.1331,,,182,277
alice,2,28542235,249,0.0807,1.62,3.6484,0.1326,,,196,226
alice,2,28542235,250,0.1685,1.7553,4.0391,0.1322,,,215,191
alice,2,28542235,251,0.1747,1.616,3.8359,0.1322,,,205,202
alice,2,28545730,252,0.116,1.0861,4.3242,0.1322,,,221,152
alice,2,28545730,253,0.1614,1.2681,3.8477,0.1322,,,204,213
alice,2,28545730,254,0.146,1.5883,3.2773,0.1322,,,217,162
alice,2,28545730,255,0.1555,1.311,3.6094,0.1322,,,201,209
alice,2,28545730,256,0.1284,1.3836,4.0234,0.1322,,,218,175
alice,2,28545730,257,0.1495,1.4258,3.9336,0.1322,,,206,181
alice,2,28545730,258,0.1236,1.5619,3.707,0.1322,,,211,189
alice,2,28545730,259,0.153,1.5288,3.5156,0.1322,,,203,204
alice,2,28545730,260,0.1837,1.5844,3.6797,0.1322,,,210,200
alice,2,28545730,261,0.1468,1.6578,3.8984,0.1322,,,215,194
alice,2,28545730,262,0.1632,1.6139,3.6875,0.1322,,,205,201
alice,2,28545730,263,0.1228,1.6117,4.1445,0.1322,,,217,164
alice,2,28545730,264,0.1736,1.578,3.9844,0.1322,,,211,183
alice,2,28545730,265,0.1483,1.6753,3.9062,0.1322,,,223,153
alice,2,28545730,266,0.1506,1.6165,3.6523,0.1322,,,203,209
alice,2,28545730,267,0.1469,1.6294,3.6016,0.1322,,,211,202
alice,2,28545730,268,0.1373,1.6431,3.7969,0.1322,,,210,196
alice,2,28545730,269,0.1522,1.6636,3.8867,0.1322,,,210,176
alice,2,28545730,270,0.1695,1.6916,4.2305,0.1322,,,219,166
alice,2,28545730,271,0.1571,1.7047,3.9297,0.1322,,,205,204
alice,2,28545730,272,0.1644,1.6574,4.1367,0.1322,,,213,173
alice,2,28545730,273,0.1445,1.7056,3.7695,0.1322,,,203,203
alice,2,28545730,274,0.1561,1.858,3.4922,0.1322,,,203,214
alice,2,28545730,275,0.1469,1.578,3.7969,0.1322,,,209,194
alice,2,28545730,276,0.1723,1.8665,3.6953,0.1322,,,206,195
alice,2,28545730,277,0.1727,1.9353,3.6914,0.1322,,,211,207
alice,2,28545730,278,0.184,1.8158,3.8555,0.1322,,,216,187
alice,2,28545730,279,0.1537,1.7375,3.7109,0.1322,,,214,184
alice,2,28545730,280,0.161,1.6843,3.6875,0.1322,,,205,218
alice,2,28545730,281,0.1665,1.7738,3.6875,0.1322,,,216,202
alice,2,28545730,282,0.135,1.6647,3.9805,0.1322,,,216,183
alice,2,28545730,283,0.1424,1.7135,3.9102,0.1322,,,216,173
alice,2,28545730,284,0.1696,1.8997,3.7031,0.1322,,,212,198
alice,2,28545730,285,0.1392,1.7216,3.8867,0.1322,,,211,192
alice,2,28545730,286,0.1698,1.711,3.7734,0.1322,,,215,189
alice,2,28545730,287,0.1505,1.67,3.9453,0.1322,,,216,188
alice,2,28545730,288,0.1497,1.7035,3.6602,0.1322,,,212,195
alice,2,28545730,289,0.1624,1.7569,3.8125,0.1322,,,205,191
alice,2,28545730,290,0.1577,1.7767,3.7852,0.1322,,,208,213
alice,2,28545730,291,0.1307,1.7264,3.832,0.1322,,,222,169
alice,2,28545730,292,0.1351,1.6937,3.8086,0.1322,,,216,176
alice,2,28545730,293,0.1877,1.7898,3.7969,0.1322,,,216,182
alice,2,28545730,294,0.1331,1.692,4.0938,0.1322,,,221,161
alice,2,28545730,295,0.1519,1.7993,3.7383,0.1322,,,213,204
alice,2,28545730,296,0.1581,1.8097,3.7578,0.1322,,,209,195
alice,2,28545730,297,0.1436,1.7081,3.3906,0.1322,,,203,218
alice,2,28545730,298,0.1559,1.6994,3.9375,0.1322,,,204,206
alice,2,28545730,299,0.18,1.8361,3.7812,0.1322,,,203,204
alice,2,28545730,300,0.1513,1.8359,3.5273,0.1322,,,212,207
alice,2,28545730,301,0.1676,1.9514,3.7734,0.1322,,,217,180
alice,2,28545730,302,0.1687,1.7555,3.5117,0.1322,,,212,198
alice,2,28545730,303,0.1505,1.7413,3.6367,0.1322,,,214,199
alice,2,28545730,304,0.1562,1.7553,4.1289,0.1322,,,224,164
alice,2,28545730,305,0.1883,1.9225,3.4492,0.1322,,,205,216
alice,2,28545730,306,0.1877,1.7352,4.0977,0.1322,,,219,175
alice,2,28545730,307,0.1435,1.8044,3.9375,0.1322,,,217,177
alice,2,28545730,308,0.2644,1.8833,3.6094,0.1322,,,200,215
alice,2,28545730,309,0.1288,1.7073,3.5586,0.1322,,,202,218
alice,2,28545730,310,0.1756,1.8808,3.8594,0.1322,,,213,184
alice,2,28545730,311,0.1703,1.7457,3.8594,0.1322,,,207,206
alice,2,28545730,312,0.1881,1.769,3.6992,0.1322,,,213,190
alice,2,28545730,313,0.1907,1.8506,3.7227,0.1322,,,215,186
alice,2,28545730,314,0.1695,1.7701,3.75,0.1322,,,213,201
alice,2,28545730,315,0.1417,1.7386,3.8086,0.1322,,,215,183
alice,2,28545730,316,0.1718,1.7612,3.9336,0.1322,,,217,182
alice,2,28545730,317,0.1322,1.628,3.8242,0.1322,,,207,187
alice,2,28545730,318,0.1814,1.8447,3.5664,0.1322,,,211,197
alice,2,28545730,319,0.1472,1.7488,3.7852,0.1322,,,215,190
alice,2,28545730,320,0.1858,1.7184,4.0625,0.1322,,,216,189
alice,2,28545730,321,0.138,1.6914,4.0312,0.1322,,,217,163
alice,2,28545730,322,0.1905,1.7508,4.2812,0.1322,,,211,166
alice,2,28545730,323,0.1953,1.7741,3.9727,0.1322,,,215,169
alice,2,28545730,324,0.1914,1.959,3.6094,0.1322,,,211,196
alice,2,28545730,325,0.1571,1.6615,3.7852,0.1322,,,213,179
alice,2,28545730,326,0.166,1.7129,4.1953,0.1322,,,216,171
alice,2,28545730,327,0.1598,1.7581,3.8359,0.1322,,,218,178
alice,2,28545730,328,0.1521,1.7276,3.8398,0.1322,,,213,180
alice,2,28545730,329,0.1508,1.7198,3.918,0.1322,,,214,183
alice,2,28545730,330,0.173,1.9446,3.8594,0.1322,,,223,174
alice,2,28545730,331,0.1665,1.6112,3.8945,0.1322,,,214,196
alice,2,28545730,332,0.1593,1.5829,3.8281,0.1322,,,209,189
alice,2,28545730,333,0.1559,1.6732,4.1914,0.1322,,,222,150
alice,2,28545730,334,0.2077,1.6386,3.9844,0.1322,,,223,160
alice,2,28545730,335,0.1677,1.7156,3.7695,0.1322,,,208,194
alice,2,28545730,336,0.1771,1.8158,3.6914,0.1322,,,210,201
alice,2,28545730,337,0.1441,1.6699,3.793,0.1322,,,209,191
alice,2,28545730,338,0.1886,1.7832,3.6406,0.1322,,,208,212
alice,2,28545730,339,0.1795,1.6843,4.0039,0.1322,,,215,176
alice,2,28545730,340,0.1803,1.7781,3.9141,0.1322,,,219,176
alice,2,28545730,341,0.1528,1.7532,3.5977,0.1322,,,211,203
alice,2,28545730,342,0.1787,1.7029,4.0117,0.1322,,,221,166
alice,2,28545730,343,0.1472,1.7694,4.0195,0.1322,,,227,159
alice,2,28545730,344,0.1594,1.7041,3.7461,0.1322,,,220,193
alice,2,28545730,345,0.1871,1.7522,3.4375,0.1322,,,210,201
alice,2,28545730,346,0.1474,1.7602,3.5117,0.1322,,,213,201
alice,2,28545730,347,0.1994,1.8149,3.9883,0.1322,,,217,171
alice,2,28545730,348,0.1628,1.7368,3.9023,0.1322,,,215,188
alice,2,28545730,349,0.1345,1.5975,3.7266,0.1322,,,204,205
alice,2,28545730,350,0.1922,1.8138,3.8906,0.1322,,,222,172
alice,2,28545730,351,0.1283,1.6717,4.1211,0.1322,,,220,156
alice,2,28545730,352,0.1571,1.8207,3.8398,0.1322,,,217,180
alice,2,28545730,353,0.1459,1.5667,4.1094,0.1322,,,217,170
alice,2,28545730,354,0.1666,1.7336,4.1094,0.1322,,,228,144
alice,2,28545730,355,0.198,1.7314,3.6055,0.1322,,,205,202
alice,2,28545730,356,0.1695,1.8017,4.3945,0.1322,,,227,149
alice,2,28545730,357,0.1949,1.7616,3.4766,0.1322,,,224,171
alice,2,28545730,358,0.1379,1.7345,3.9102,0.1322,,,217,188
alice,2,28545730,359,0.1702,1.8003,3.5664,0.1322,,,207,202
alice,2,28545730,360,0.1455,1.6705,4.0547,0.1322,,,223,156
alice,2,28545730,361,0.1653,1.6611,4.2227,0.1322,,,228,148
alice,2,28545730,362,0.2213,1.6162,4.5859,0.1322,,,237,113
alice,2,28545730,363,0.1163,1.8881,3.6836,0.1322,,,211,186
alice,2,28545730,364,0.188,1.6352,3.7734,0.1322,,,214,180
alice,2,28545730,365,0.1604,1.8114,3.7266,0.1322,,,217,181
alice,2,28545730,366,0.203,1.8452,3.9844,0.1322,,,228,156
alice,2,28545730,367,0.2166,1.7405,3.582,0.1322,,,209,200
alice,2,28545730,368,0.1449,1.661,3.9219,0.1322,,,217,188
alice,2,28545730,369,0.146,1.7659,3.6992,0.1322,,,213,186
alice,2,28545730,370,0.1875,1.6736,3.918,0.1322,,,219,172
alice,2,28545730,371,0.1261,1.7536,3.9961,0.1322,,,217,177
alice,2,28545730,372,0.1944,1.7066,3.9648,0.1322,,,221,172
alice,2,28545730,373,0.2046,1.7733,3.8086,0.1322,,,219,160
alice,2,28545730,374,0.178,1.7696,3.6797,0.1322,,,205,209
alice,2,28545730,375,0.1646,1.7296,3.8438,0.1322,,,211,194
alice,2,28545730,376,0.1546,1.6146,3.8984,0.1322,,,215,186
alice,2,28545730,377,0.1173,1.8185,3.5078,0.1322,,,208,192
alice,2,28545730,378,0.2052,1.6247,4.1719,0.1322,,,228,155
alice,2,28545730,379,0.1634,1.739,3.793,0.1322,,,215,177
alice,2,28545730,380,0.1391,1.8275,3.8984,0.1322,,,216,178
alice,2,28545730,381,0.1644,1.6681,3.9688,0.1322,,,223,167
alice,2,28545730,382,0.1348,1.7146,3.6523,0.1322,,,217,175
alice,2,28545730,383,0.1621,1.7413,3.5586,0.1322,,,209,207
alice,2,28545730,384,0.2004,1.7313,4.2656,0.1322,,,221,161
alice,2,28545730,385,0.2227,1.7611,4.0391,0.1322,,,226,155
alice,2,28545730,386,0.1275,1.7533,3.957,0.1322,,,223,158
alice,2,28545730,387,0.1765,1.7931,3.6602,0.1322,,,208,190
alice,2,28545730,388,0.2048,1.7463,3.7695,0.1322,,,213,188
alice,2,28545730,389,0.1406,1.7453,3.8594,0.1322,,,215,187
alice,2,28545730,390,0.1623,1.7986,3.6328,0.1322,,,223,177
alice,2,28545730,391,0.2105,1.6473,4.1758,0.1322,,,225,149
alice,2,28545730,392,0.212,1.6597,4.2344,0.1322,,,222,147
alice,2,28545730,393,0.1156,1.7448,3.8789,0.1322,,,223,177
alice,2,28545730,394,0.1796,1.7168,3.8086,0.1322,,,217,183
alice,2,28545730,395,0.1949,1.8871,4.0273,0.1322,,,228,139
alice,2,28545730,396,0.1486,1.8211,3.5508,0.1322,,,217,181
alice,2,28545730,397,0.1581,1.6231,4.1797,0.1322,,,221,172
alice,2,28545730,398,0.179,1.6538,4.0977,0.1322,,,223,161
alice,2,28545730,399,0.1866,1.8333,3.6875,0.1322,,,214,183
alice,2,28545730,400,0.1344,1.7963,3.7031,0.1322,,,222,179
alice,2,28545730,401,0.1657,1.8527,3.8945,0.1322,,,220,182
alice,2,28545730,402,0.1457,1.8036,3.6914,0.1322,,,221,187
alice,2,28545730,403,0.19,1.7656,4.125,0.1322,,,219,157
alice,2,28545730,404,0.1393,1.6771,3.9688,0.1322,,,223,163
alice,2,28545730,405,0.1738,1.8237,3.8047,0.1322,,,223,166
alice,2,28545730,406,0.1663,1.7144,3.9219,0.1322,,,222,167
alice,2,28545730,407,0.2098,1.87,3.6758,0.1322,,,224,176
alice,2,28545730,408,0.1385,1.6564,4.2383,0.1322,,,226,159
alice,2,28545730,409,0.1656,1.6147,4.1367,0.1322,,,217,164
alice,2,28545730,410,0.1954,1.6807,4.0117,0.1322,,,224,160
alice,2,28545730,411,0.1496,1.6848,3.9922,0.1322,,,224,162
alice,2,28545730,412,0.1787,1.7027,3.9531,0.1322,,,232,148
alice,2,28545730,413,0.1585,1.6709,3.9961,0.1322,,,225,179
alice,2,28545730,414,0.1208,1.7888,3.8711,0.1322,,,223,153
alice,2,28545730,415,0.1992,1.5755,4.3164,0.1322,,,219,156
alice,2,28545730,416,0.1674,1.8032,3.8438,0.1322,,,216,187
alice,2,28545730,417,0.1581,1.7808,3.7969,0.1322,,,218,173
alice,2,28545730,418,0.153,1.643,4.0039,0.1322,,,224,165
alice,2,28545730,419,0.1489,1.8098,3.7695,0.1322,,,219,159
alice,2,28545730,420,0.193,1.7817,3.8633,0.1322,,,225,170
alice,2,28545730,421,0.132,1.7587,3.832,0.1322,,,218,178
alice,2,28545730,422,0.1613,1.6584,4.1914,0.1322,,,224,149
alice,2,28545730,423,0.2158,1.708,3.8086,0.1322,,,216,170
alice,2,28545730,424,0.1646,1.6943,3.9297,0.1322,,,226,169
alice,2,28545730,425,0.1583,1.6925,4.043,0.1322,,,220,171
alice,2,28545730,426,0.12,1.6925,4.0703,0.1322,,,227,154
alice,2,28545730,427,0.1769,1.7017,4.0078,0.1322,,,220,157
alice,2,28545730,428,0.1411,1.7561,3.6445,0.1322,,,218,181
alice,2,28545730,429,0.1846,1.6511,4.1016,0.1322,,,224,160
alice,2,28545730,430,0.1583,1.8597,3.7695,0.1322,,,223,169
alice,2,28545730,431,0.1667,1.6432,4.0664,0.1322,,,234,144
alice,2,28545730,432,0.1478,1.744,4.0195,0.1322,,,221,157
alice,2,28545730,433,0.2289,1.8661,3.9258,0.1322,,,232,144
alice,2,28545730,434,0.1227,1.654,4.3086,0.1322,,,235,129
alice,2,28545730,435,0.1942,1.8021,3.9766,0.1322,,,220,166
alice,2,28545730,436,0.1551,1.672,3.9492,0.1322,,,221,168
alice,2,28545730,437,0.1579,1.8273,4.168,0.1322,,,223,152
alice,2,28545730,438,0.1939,1.8424,3.5898,0.1322,,,219,168
alice,2,28545730,439,0.1914,1.7931,3.6758,0.1322,,,209,204
alice,2,28545730,440,0.166,1.7606,3.7578,0.1322,,,212,194
alice,2,28545730,441,0.1689,1.8287,3.6992,0.1322,,,224,177
alice,2,28545730,442,0.188,1.994,3.6406,0.1322,,,214,195
alice,2,28545730,443,0.1553,1.7981,3.6289,0.1322,,,213,195
alice,2,28545730,444,0.1784,1.7527,4.125,0.1322,,,223,172
alice,2,28545730,445,0.192,1.681,4.1094,0.1322,,,223,174
alice,2,28545730,446,0.1545,1.7467,3.6953,0.1322,,,216,176
alice,2,28545730,447,0.141,1.6905,3.9883,0.1322,,,226,167
alice,2,28545730,448,0.1911,1.6959,3.9219,0.1322,,,233,148
alice,2,28545730,449,0.1481,1.5634,4.0078,0.1322,,,225,159
alice,2,28545730,450,0.1754,1.8263,3.7266,0.1322,,,219,193
alice,2,28545730,451,0.1435,1.8185,3.6758,0.1322,,,215,180
alice,2,28545730,452,0.1956,1.6893,4.1406,0.1322,,,232,150
alice,2,28545730,453,0.1378,1.7976,3.8398,0.1322,,,226,157
alice,2,28545730,454,0.1785,1.7517,3.8711,0.1322,,,221,171
alice,2,28545730,455,0.1641,1.7584,3.7695,0.1322,,,231,162
alice,2,28545730,456,0.1557,1.6523,4.1875,0.1322,,,232,141
alice,2,28545730,457,0.1555,1.8326,3.9805,0.1322,,,232,143
alice,2,28545730,458,0.2169,1.7987,3.8555,0.1322,,,221,171
alice,2,28545730,459,0.156,1.7754,3.6211,0.1322,,,209,205
alice,2,28545730,460,0.2022,1.7739,3.9102,0.1322,,,221,169
alice,2,28545730,461,0.1586,1.6564,3.918,0.1322,,,227,171
alice,2,28545730,462,0.1378,1.7761,3.8594,0.1322,,,220,173
alice,2,28545730,463,0.1989,1.7353,4.0586,0.1322,,,227,151
alice,2,28545730,464,0.1923,1.8309,3.9805,0.1322,,,230,152
alice,2,28545730,465,0.1383,1.6904,3.957,0.1322,,,228,143
alice,2,28545730,466,0.1496,1.6979,3.7695,0.1322,,,219,183
alice,2,28545730,467,0.1692,1.7692,3.6836,0.1322,,,226,177
alice,2,28545730,468,0.1961,1.7048,4.1602,0.1322,,,237,135
alice,2,28545730,469,0.1769,1.8338,3.4688,0.1322,,,225,172
alice,2,28545730,470,0.163,1.7627,3.9102,0.1322,,,231,147
alice,2,28545730,471,0.2049,1.734,4.3047,0.1322,,,229,150
alice,2,28545730,472,0.1308,1.5984,4.1484,0.1322,,,225,147
alice,2,28545730,473,0.1656,1.6817,4.168,0.1322,,,237,137
alice,2,28545730,474,0.1776,1.7368,3.9414,0.1322,,,221,163
alice,2,28545730,475,0.1389,1.7176,3.8945,0.1322,,,226,167
alice,2,28545730,476,0.185,1.6743,4.0977,0.1322,,,224,152
alice,2,28545730,477,0.1419,1.7861,3.8086,0.1322,,,222,180
alice,2,28545730,478,0.1687,1.6363,3.9727,0.1322,,,216,172
alice,2,28545730,479,0.1629,1.6174,3.7695,0.1322,,,213,192
alice,2,28545730,480,0.1537,1.7394,3.5508,0.1322,,,215,192
alice,2,28545730,481,0.1992,1.6806,3.9062,0.1322,,,222,173
alice,2,28545730,482,0.1586,1.6554,3.8008,0.1322,,,220,177
alice,2,28545730,483,0.1358,1.6698,3.25,0.1322,,,199,241
alice,2,28545730,484,0.1929,1.7168,3.9805,0.1322,,,217,191
alice,2,28545730,485,0.1781,1.7205,4.0,0.1322,,,213,186
alice,2,28545730,486,0.1482,1.8083,3.8555,0.1322,,,229,171
alice,2,28545730,487,0.1531,1.6683,4.207,0.1322,,,225,146
alice,2,28545730,488,0.1596,1.6712,3.7539,0.1322,,,223,173
alice,2,28545730,489,0.1944,1.72,3.9219,0.1322,,,235,152
alice,2,28545730,490,0.1584,1.67,3.7305,0.1322,,,217,169
alice,2,28545730,491,0.1679,1.787,3.8477,0.1322,,,230,160
alice,2,28545730,492,0.1538,1.6311,3.8203,0.1322,,,217,185
alice,2,28545730,493,0.1476,1.6915,3.9492,0.1322,,,223,162
alice,2,28545730,494,0.2009,1.7596,3.7734,0.1322,,,229,164
alice,2,28545730,495,0.1595,1.7284,4.0898,0.1322,,,230,141
alice,2,28545730,496,0.1203,1.5676,3.7773,0.1322,,,214,188
alice,2,28545730,497,0.2086,1.7732,3.9922,0.1322,,,226,160
alice,2,28545730,498,0.1846,1.7241,3.8438,0.1322,,,224,163
alice,2,28545730,499,0.1359,1.7023,4.0391,0.1322,,,227,155
alice,2,28546394,500,0.1377,1.1606,3.9805,0.1322,,,221,149
alice,2,28546394,501,0.155,0.9611,4.2266,0.1322,,,226,145
alice,2,28546394,502,0.127,1.1228,4.1641,0.1322,,,224,158
alice,2,28546394,503,0.1532,1.2113,3.8555,0.1322,,,223,168
alice,2,28546394,504,0.1722,1.5979,3.2617,0.1322,,,231,147
alice,2,28546394,505,0.1737,1.4913,3.6602,0.1322,,,229,165
alice,2,28546394,506,0.1584,1.5585,3.6836,0.1322,,,226,187
alice,2,28546394,507,0.1717,1.5334,4.0469,0.1322,,,237,136
alice,2,28546394,508,0.1508,1.5579,3.8438,0.1322,,,224,171
alice,2,28546394,509,0.1702,1.6299,3.8594,0.1322,,,226,167
alice,2,28546394,510,0.178,1.5447,3.6836,0.1322,,,222,181
alice,2,28546394,511,0.1828,1.6107,3.9922,0.1322,,,231,153
alice,2,28546394,512,0.1795,1.4807,4.0391,0.1322,,,234,134
alice,2,28546394,513,0.1795,1.5509,4.1016,0.1322,,,244,117
alice,2,28546394,514,0.1559,1.7643,3.6602,0.1322,,,233,152
alice,2,28546394,515,0.1749,1.7537,3.9531,0.1322,,,233,157
alice,2,28546394,516,0.1975,1.7714,3.7539,0.1322,,,234,148
alice,2,28546394,517,0.1712,1.6668,3.9375,0.1322,,,231,158
alice,2,28546394,518,0.1385,1.5995,3.9844,0.1322,,,239,147
alice,2,28546394,519,0.1557,1.5807,4.4609,0.1322,,,235,127
alice,2,28546394,520,0.1502,1.7964,3.7266,0.1322,,,224,158
alice,2,28546394,521,0.1506,1.5387,4.1289,0.1322,,,235,136
alice,2,28546394,522,0.1824,1.6762,3.9219,0.1322,,,233,150
alice,2,28546394,523,0.1937,1.6436,4.043,0.1322,,,227,143
alice,2,28546394,524,0.1518,1.6959,3.8984,0.1322,,,223,180
alice,2,28546394,525,0.1526,1.7597,3.668,0.1322,,,234,153
alice,2,28546394,526,0.1782,1.7587,4.0352,0.1322,,,226,151
alice,2,28546394,527,0.1721,1.8205,3.6836,0.1322,,,237,152
alice,2,28546394,528,0.153,1.6732,3.9727,0.1322,,,224,159
alice,2,28546394,529,0.1585,1.6162,4.1016,0.1322,,,228,149
alice,2,28546394,530,0.1741,1.668,4.0234,0.1322,,,226,156
alice,2,28546394,531,0.1643,1.6058,3.9883,0.1322,,,232,149
alice,2,28546394,532,0.1525,1.574,4.0039,0.1322,,,224,166
alice,2,28546394,533,0.1499,1.6752,3.4883,0.1322,,,220,188
alice,2,28546394,534,0.1656,1.626,4.1523,0.1322,,,233,135
alice,2,28546394,535,0.1713,1.7257,3.957,0.1322,,,233,147
alice,2,28546394,536,0.16,1.8143,3.7578,0.1322,,,235,160
alice,2,28546394,537,0.1745,1.5743,4.2188,0.1322,,,228,148
alice,2,28546394,538,0.1625,1.6605,3.9727,0.1322,,,234,147
alice,2,28546394,539,0.1591,1.6172,4.1758,0.1322,,,240,125
alice,2,28546394,540,0.1563,1.6625,3.6914,0.1322,,,217,173
alice,2,28546394,541,0.1693,1.6697,3.6602,0.1322,,,229,176
alice,2,28546394,542,0.1481,1.6132,4.2695,0.1322,,,229,151
alice,2,28546394,543,0.1708,1.6418,4.1211,0.1322,,,238,132
alice,2,28546394,544,0.1581,1.6657,4.1719,0.1322,,,232,138
alice,2,28546394,545,0.1676,1.7229,3.6055,0.1322,,,216,182
alice,2,28546394,546,0.1374,1.6464,3.7773,0.1322,,,241,144
alice,2,28546394,547,0.1365,1.7008,3.9062,0.1322,,,234,140
alice,2,28546394,548,0.142,1.6209,3.6797,0.1322,,,221,178
alice,2,28546394,549,0.1584,1.6714,3.8945,0.1322,,,231,157
alice,2,28546394,550,0.172,1.6017,4.0625,0.1322,,,237,136
alice,2,28546394,551,0.1255,1.6826,3.9922,0.1322,,,235,132
alice,2,28546394,552,0.1528,1.7368,3.7734,0.1322,,,234,152
alice,2,28546394,553,0.1832,1.8006,4.0352,0.1322,,,237,143
alice,2,28546394,554,0.1435,1.6342,4.0859,0.1322,,,235,129
alice,2,28546394,555,0.1641,1.6732,4.1328,0.1322,,,234,140
alice,2,28546394,556,0.1623,1.6365,4.0273,0.1322,,,234,137
alice,2,28546394,557,0.1696,1.7238,3.707,0.1322,,,226,167
alice,2,28546394,558,0.1991,1.7602,3.6406,0.1322,,,227,166
alice,2,28546394,559,0.1286,1.7481,3.9492,0.1322,,,237,147
alice,2,28546394,560,0.1786,1.7285,4.0312,0.1322,,,233,151
alice,2,28546394,561,0.1892,1.8072,3.9766,0.1322,,,235,141
alice,2,28546394,562,0.1536,1.6905,3.6562,0.1322,,,235,158
alice,2,28546394,563,0.1627,1.7895,3.8594,0.1322,,,235,143
alice,2,28546394,564,0.1962,1.7649,3.9062,0.1322,,,234,152
alice,2,28546394,565,0.1404,1.6395,4.1289,0.1322,,,242,137
alice,2,28546394,566,0.1875,1.6494,3.7734,0.1322,,,230,152
alice,2,28546394,567,0.1531,1.7612,3.8008,0.1322,,,226,161
alice,2,28546394,568,0.1595,1.6453,3.9961,0.1322,,,236,146
alice,2,28546394,569,0.1554,1.6846,3.9883,0.1322,,,232,146
alice,2,28546394,570,0.1527,1.7669,4.0039,0.1322,,,229,153
alice,2,28546394,571,0.2073,1.7771,3.875,0.1322,,,229,160
alice,2,28546394,572,0.1709,1.7322,3.668,0.1322,,,221,188
alice,2,28546394,573,0.1479,1.6545,3.9336,0.1322,,,227,154
alice,2,28546394,574,0.1879,1.8117,3.8945,0.1322,,,237,138
alice,2,28546394,575,0.1648,1.628,4.2266,0.1322,,,245,123
alice,2,28546394,576,0.1479,1.637,3.793,0.1322,,,222,174
alice,2,28546394,577,0.1673,1.6606,4.0469,0.1322,,,238,136
alice,2,28546394,578,0.1799,1.6827,4.0977,0.1322,,,234,138
alice,2,28546394,579,0.1869,1.8095,3.7539,0.1322,,,225,160
alice,2,28546394,580,0.1501,1.6445,3.9492,0.1322,,,223,169
alice,2,28546394,581,0.1637,1.7004,3.9297,0.1322,,,237,133
alice,2,28546394,582,0.171,1.6871,4.1445,0.1322,,,237,134
alice,2,28546394,583,0.1609,1.6082,4.1016,0.1322,,,232,140
alice,2,28546394,584,0.1558,1.7838,3.8086,0.1322,,,231,163
alice,2,28546394,585,0.1465,1.7006,3.9375,0.1322,,,232,141
alice,2,28546394,586,0.1616,1.6233,3.9297,0.1322,,,233,141
alice,2,28546394,587,0.1678,1.5546,4.2031,0.1322,,,233,134
alice,2,28546394,588,0.1568,1.6628,3.9453,0.1322,,,226,152
alice,2,28546394,589,0.1502,1.6043,3.9453,0.1322,,,229,147
alice,2,28546394,590,0.1518,1.652,4.1289,0.1322,,,238,144
alice,2,28546394,591,0.1518,1.6189,4.1055,0.1322,,,237,139
alice,2,28546394,592,0.1578,1.5517,4.1797,0.1322,,,228,136
alice,2,28546394,593,0.1578,1.7633,3.8398,0.1322,,,237,136
alice,2,28546394,594,0.1378,1.6936,4.0938,0.1322,,,226,156
alice,2,28546394,595,0.1739,1.5997,3.9609,0.1322,,,233,136
alice,2,28546394,596,0.1492,1.7693,3.7891,0.1322,,,230,148
alice,2,28546394,597,0.1491,1.8017,3.6016,0.1322,,,227,161
alice,2,28546394,598,0.1509,1.7266,4.0273,0.1322,,,230,161
alice,2,28546394,599,0.1728,1.7069,3.8594,0.1322,,,240,148
alice,2,28546394,600,0.1789,1.7771,3.9688,0.1322,,,228,162
alice,2,28546394,601,0.1382,1.7333,3.8438,0.1322,,,235,140
alice,2,28546394,602,0.1654,1.6789,4.2461,0.1322,,,235,135
alice,2,28546394,603,0.1919,1.5511,4.2344,0.1322,,,233,130
alice,2,28546394,604,0.1701,1.5859,4.4023,0.1322,,,232,120
alice,2,28546394,605,0.1638,1.8486,3.6055,0.1322,,,226,163
alice,2,28546394,606,0.1352,1.6517,4.043,0.1322,,,238,151
alice,2,28546394,607,0.165,1.5345,4.0664,0.1322,,,223,153
alice,2,28546394,608,0.167,1.6762,4.0977,0.1322,,,231,135
alice,2,28546394,609,0.1776,1.629,3.8672,0.1322,,,237,159
alice,2,28546394,610,0.1699,1.7825,3.5859,0.1322,,,227,160
alice,2,28546394,611,0.1534,1.6748,3.9102,0.1322,,,231,154
alice,2,28546394,612,0.1619,1.6444,4.0,0.1322,,,229,162
alice,2,28546394,613,0.1775,1.7483,3.7695,0.1322,,,228,161
alice,2,28546394,614,0.1565,1.7211,4.0117,0.1322,,,231,162
alice,2,28546394,615,0.1736,1.8786,3.7422,0.1322,,,232,155
alice,2,28546394,616,0.1672,1.6445,3.6953,0.1322,,,235,146
alice,2,28546394,617,0.1531,1.6938,4.2578,0.1322,,,234,148
alice,2,28546394,618,0.1671,1.6489,3.8164,0.1322,,,225,149
alice,2,28546394,619,0.1587,1.5441,4.5703,0.1322,,,242,116
alice,2,28546394,620,0.1234,1.9343,3.6406,0.1322,,,215,189
alice,2,28546394,621,0.1758,1.7546,3.8711,0.1322,,,231,168
alice,2,28546394,622,0.1333,1.7394,3.8789,0.1322,,,233,148
alice,2,28546394,623,0.1612,1.6607,4.1133,0.1322,,,238,128
alice,2,28546394,624,0.1769,1.6389,3.9727,0.1322,,,235,143
alice,2,28546394,625,0.1325,1.7064,3.8633,0.1322,,,236,152
alice,2,28546394,626,0.166,1.7222,4.0,0.1322,,,229,148
alice,2,28546394,627,0.1507,1.6523,3.8594,0.1322,,,238,153
alice,2,28546394,628,0.161,1.5831,4.0469,0.1322,,,228,135
alice,2,28546394,629,0.1593,1.7207,3.8711,0.1322,,,230,167
alice,2,28546394,630,0.154,1.72,3.9844,0.1322,,,231,138
alice,2,28546394,631,0.1597,1.6034,4.1406,0.1322,,,234,145
alice,2,28546394,632,0.1647,1.5665,4.1367,0.1322,,,235,141
alice,2,28546394,633,0.1334,1.5308,4.0195,0.1322,,,231,139
alice,2,28546394,634,0.1712,1.6813,3.875,0.1322,,,234,143
alice,2,28546394,635,0.1501,1.6279,4.0703,0.1322,,,231,146
alice,2,28546394,636,0.1253,1.5562,4.1602,0.1322,,,232,136
alice,2,28546394,637,0.1684,1.5718,3.957,0.1322,,,232,140
alice,2,28546394,638,0.1378,1.6349,3.9414,0.1322,,,232,157
alice,2,28546394,639,0.1449,1.7079,4.1953,0.1322,,,242,128
alice,2,28546394,640,0.1489,1.6514,3.8477,0.1322,,,237,136
alice,2,28546394,641,0.1597,1.6423,4.5,0.1322,,,235,123
alice,2,28546394,642,0.1435,1.7299,3.9648,0.1322,,,232,140
alice,2,28546394,643,0.1573,1.5991,4.0742,0.1322,,,226,149
alice,2,28546394,644,0.1595,1.7116,3.957,0.1322,,,230,149
alice,2,28546394,645,0.1734,1.6645,3.9648,0.1322,,,235,134
alice,2,28546394,646,0.1323,1.4213,4.3242,0.1322,,,234,130
alice,2,28546394,647,0.1529,1.7669,3.5703,0.1322,,,221,173
alice,2,28546394,648,0.1565,1.753,3.9023,0.1322,,,228,151
alice,2,28546394,649,0.1726,1.6912,3.8945,0.1322,,,225,165
alice,2,28546394,650,0.1559,1.6724,4.2344,0.1322,,,229,144
alice,2,28546394,651,0.1856,1.6806,3.832,0.1322,,,232,156
alice,2,28546394,652,0.1661,1.7147,3.7695,0.1322,,,232,146
alice,2,28546394,653,0.1471,1.6179,4.2578,0.1322,,,238,131
alice,2,28546394,654,0.1882,1.6197,3.6719,0.1322,,,226,166
alice,2,28546394,655,0.1416,1.7737,4.0391,0.1322,,,236,144
alice,2,28546394,656,0.1498,1.6135,4.125,0.1322,,,242,130
alice,2,28546394,657,0.1557,1.5588,3.8086,0.1322,,,226,165
alice,2,28546394,658,0.1558,1.7926,4.2539,0.1322,,,241,133
alice,2,28546394,659,0.1557,1.5869,4.1328,0.1322,,,235,121
alice,2,28546394,660,0.1866,1.6628,4.0664,0.1322,,,233,136
alice,2,28546394,661,0.1325,1.6576,3.8945,0.1322,,,232,143
alice,2,28546394,662,0.1693,1.6841,3.9414,0.1322,,,235,141
alice,2,28546394,663,0.1459,1.7261,3.6875,0.1322,,,222,178
alice,2,28546394,664,0.1826,1.6644,3.9297,0.1322,,,232,155
alice,2,28546394,665,0.1548,1.6385,4.0664,0.1322,,,244,121
alice,2,28546394,666,0.1423,1.6116,4.0508,0.1322,,,228,143
alice,2,28546394,667,0.1756,1.5934,4.1211,0.1322,,,235,151
alice,2,28546394,668,0.1581,1.7246,3.9844,0.1322,,,223,160
alice,2,28546394,669,0.1542,1.6778,4.1172,0.1322,,,233,137
alice,2,28546394,670,0.1728,1.6053,4.1914,0.1322,,,238,126
alice,2,28546394,671,0.1441,1.7822,3.9023,0.1322,,,242,138
alice,2,28546394,672,0.1864,1.5836,3.793,0.1322,,,233,151
alice,2,28546394,673,0.1443,1.7191,4.0117,0.1322,,,239,134
alice,2,28546394,674,0.1644,1.8103,4.2266,0.1322,,,240,127
alice,2,28546394,675,0.1858,1.6425,3.9688,0.1322,,,238,132
alice,2,28546394,676,0.1936,1.7336,3.7695,0.1322,,,233,145
alice,2,28546394,677,0.1811,1.7057,3.9922,0.1322,,,236,145
alice,2,28546394,678,0.1636,1.747,4.0195,0.1322,,,232,148
alice,2,28546394,679,0.1635,1.7085,4.1562,0.1322,,,239,131
alice,2,28546394,680,0.172,1.6691,4.1992,0.1322,,,239,113
alice,2,28546394,681,0.1723,1.6726,4.1602,0.1322,,,233,131
alice,2,28546394,682,0.1431,1.6591,3.9297,0.1322,,,236,140
alice,2,28546394,683,0.1665,1.8278,3.8789,0.1322,,,225,163
alice,2,28546394,684,0.168,1.8327,3.8125,0.1322,,,239,138
alice,2,28546394,685,0.155,1.7661,3.875,0.1322,,,241,146
alice,2,28546394,686,0.1886,1.7014,3.9727,0.1322,,,229,132
alice,2,28546394,687,0.1437,1.7543,3.9336,0.1322,,,233,152
alice,2,28546394,688,0.1563,1.6573,3.9219,0.1322,,,238,143
alice,2,28546394,689,0.158,1.6159,4.1016,0.1322,,,228,151
alice,2,28546394,690,0.1535,1.6508,4.2188,0.1322,,,224,151
alice,2,28546394,691,0.1781,1.6109,4.0156,0.1322,,,240,132
alice,2,28546394,692,0.1371,1.6154,4.207,0.1322,,,233,124
alice,2,28546394,693,0.1483,1.6113,4.168,0.1322,,,240,121
alice,2,28546394,694,0.1929,1.5927,4.0859,0.1322,,,231,143
alice,2,28546394,695,0.1386,1.5809,4.0859,0.1322,,,234,142
alice,2,28546394,696,0.1386,1.7288,3.9297,0.1322,,,229,155
alice,2,28546394,697,0.145,1.6098,4.1211,0.1322,,,235,143
alice,2,28546394,698,0.1709,1.7688,3.7227,0.1322,,,228,160
alice,2,28546394,699,0.1321,1.6119,3.9062,0.1322,,,225,160
alice,2,28546394,700,0.1517,1.6518,3.7617,0.1322,,,219,175
alice,2,28546394,701,0.1681,1.6998,3.6016,0.1322,,,226,167
alice,2,28546394,702,0.1632,1.7131,3.7031,0.1322,,,228,164
alice,2,28546394,703,0.154,1.8067,4.1602,0.1322,,,236,135
alice,2,28546394,704,0.1492,1.6464,4.0547,0.1322,,,229,156
alice,2,28546394,705,0.1664,1.5766,4.2461,0.1322,,,237,126
alice,2,28546394,706,0.1674,1.7633,3.7734,0.1322,,,230,151
alice,2,28546394,707,0.1768,1.5508,4.3047,0.1322,,,241,120
alice,2,28546394,708,0.1588,1.6564,3.6523,0.1322,,,224,169
alice,2,28546394,709,0.1603,1.6376,4.3984,0.1322,,,242,110
alice,2,28546394,710,0.1759,1.6399,3.8594,0.1322,,,238,125
alice,2,28546394,711,0.1678,1.7148,3.6836,0.1322,,,231,155
alice,2,28546394,712,0.1472,1.5594,4.0742,0.1322,,,239,143
alice,2,28546394,713,0.1673,1.6214,3.8242,0.1322,,,226,161
alice,2,28546394,714,0.1892,1.6541,4.0117,0.1322,,,230,151
alice,2,28546394,715,0.1726,1.6272,3.8359,0.1322,,,217,179
alice,2,28546394,716,0.1597,1.6977,4.082,0.1322,,,237,129
alice,2,28546394,717,0.1318,1.6583,4.0508,0.1322,,,236,143
alice,2,28546394,718,0.1399,1.4904,4.1875,0.1322,,,239,133
alice,2,28546394,719,0.1494,1.7322,3.8086,0.1322,,,236,132
alice,2,28546394,720,0.1554,1.7993,3.5898,0.1322,,,221,168
alice,2,28546394,721,0.1521,1.6536,4.207,0.1322,,,247,127
alice,2,28546394,722,0.143,1.6289,4.1953,0.1322,,,240,115
alice,2,28546394,723,0.1805,1.6742,3.918,0.1322,,,232,143
alice,2,28546394,724,0.1531,1.7471,3.7891,0.1322,,,230,148
alice,2,28546394,725,0.16,1.5999,4.0039,0.1322,,,236,141
alice,2,28546394,726,0.174,1.5554,4.0586,0.1322,,,233,140
alice,2,28546394,727,0.1284,1.545,3.7812,0.1322,,,224,158
alice,2,28546394,728,0.1389,1.7905,3.9062,0.1322,,,230,154
alice,2,28546394,729,0.1622,1.6626,3.8945,0.1322,,,229,160
alice,2,28546394,730,0.1709,1.8429,4.0586,0.1322,,,235,139
alice,2,28546394,731,0.1764,1.6083,4.0664,0.1322,,,236,133
alice,2,28546394,732,0.1521,1.6456,3.7305,0.1322,,,228,151
alice,2,28546394,733,0.1818,1.7275,3.75,0.1322,,,234,163
alice,2,28546394,734,0.1793,1.6179,3.9609,0.1322,,,224,170
alice,2,28546394,735,0.1576,1.7662,3.7891,0.1322,,,237,148
alice,2,28546394,736,0.16,1.6149,3.7852,0.1322,,,237,148
alice,2,28546394,737,0.1586,1.6489,3.8555,0.1322,,,225,163
alice,2,28546394,738,0.1611,1.573,4.3828,0.1322,,,237,129
alice,2,28546394,739,0.1836,1.4989,4.543,0.1322,,,238,122
alice,2,28546394,740,0.1402,1.705,4.0742,0.1322,,,235,116
alice,2,28546394,741,0.164,1.7861,3.6289,0.1322,,,221,182
alice,2,28546394,742,0.1786,1.7021,3.6523,0.1322,,,234,162
alice,2,28546394,743,0.1785,1.6875,3.832,0.1322,,,241,132
alice,2,28546394,744,0.1417,1.5788,3.9062,0.1322,,,234,152
alice,2,28546394,745,0.1744,1.6503,3.7031,0.1322,,,228,157
alice,2,28546394,746,0.139,1.7085,4.0156,0.1322,,,233,148
alice,2,28546394,747,0.1863,1.7633,3.8672,0.1322,,,231,155
alice,2,28546394,748,0.1497,1.6299,4.0859,0.1322,,,241,136
alice,2,28546394,749,0.1699,1.7723,3.7461,0.1322,,,230,155
alice,2,28547001,750,0.1396,1.1084,3.625,0.1322,,,208,189
alice,2,28547001,751,0.1329,1.1583,4.0508,0.1322,,,222,169
alice,2,28547001,752,0.1197,1.1399,4.332,0.1322,,,230,137
alice,2,28547001,753,0.1444,1.216,4.4648,0.1322,,,241,105
alice,2,28547001,754,0.1345,1.6676,3.2539,0.1322,,,229,147
alice,2,28547001,755,0.1357,1.4948,3.9336,0.1322,,,234,132
alice,2,28547001,756,0.1581,1.4581,4.1523,0.1322,,,238,142
alice,2,28547001,757,0.1151,1.5238,4.0352,0.1322,,,233,139
alice,2,28547001,758,0.1557,1.5514,3.9727,0.1322,,,227,141
alice,2,28547001,759,0.1547,1.5736,3.6484,0.1322,,,222,186
alice,2,28547001,760,0.1584,1.6134,4.0156,0.1322,,,232,140
alice,2,28547001,761,0.1573,1.5836,4.1328,0.1322,,,226,148
alice,2,28547001,762,0.1584,1.6516,3.9531,0.1322,,,231,149
alice,2,28547001,763,0.1709,1.7306,3.7539,0.1322,,,238,138
alice,2,28547001,764,0.1402,1.6155,4.3359,0.1322,,,235,131
alice,2,28547001,765,0.1547,1.6296,3.9727,0.1322,,,235,144
alice,2,28547001,766,0.1599,1.711,3.7969,0.1322,,,235,145
alice,2,28547001,767,0.1682,1.7018,3.8867,0.1322,,,227,146
alice,2,28547001,768,0.1437,1.6794,4.2539,0.1322,,,246,118
alice,2,28547001,769,0.1447,1.7607,4.1094,0.1322,,,237,130
alice,2,28547001,770,0.168,1.5952,4.3203,0.1322,,,239,111
alice,2,28547001,771,0.1199,1.5841,4.0273,0.1322,,,232,144
alice,2,28547001,772,0.1488,1.6179,3.7617,0.1322,,,221,175
alice,2,28547001,773,0.1629,1.7626,3.8125,0.1322,,,226,154
alice,2,28547001,774,0.1461,1.6172,4.2109,0.1322,,,236,139
alice,2,28547001,775,0.1448,1.6463,4.0508,0.1322,,,235,142
alice,2,28547001,776,0.1781,1.7239,3.9961,0.1322,,,238,141
alice,2,28547001,777,0.1599,1.6468,4.0117,0.1322,,,232,125
alice,2,28547001,778,0.1381,1.6096,4.1562,0.1322,,,236,133
alice,2,28547001,779,0.1525,1.6419,4.1719,0.1322,,,230,140
alice,2,28547001,780,0.1401,1.6189,4.1875,0.1322,,,236,132
alice,2,28547001,781,0.1672,1.5444,4.2969,0.1322,,,238,116
alice,2,28547001,782,0.1434,1.792,3.8828,0.1322,,,236,137
alice,2,28547001,783,0.148,1.7884,3.8047,0.1322,,,236,136
alice,2,28547001,784,0.1601,1.6209,4.0,0.1322,,,243,140
alice,2,28547001,785,0.1548,1.7045,3.7461,0.1322,,,228,146
alice,2,28547001,786,0.1514,1.7911,3.5781,0.1322,,,230,182
alice,2,28547001,787,0.1493,1.6819,3.793,0.1322,,,231,174
alice,2,28547001,788,0.1775,1.804,3.6914,0.1322,,,233,158
alice,2,28547001,789,0.1664,1.891,3.9492,0.1322,,,239,140
alice,2,28547001,790,0.141,1.6993,3.9766,0.1322,,,225,166
alice,2,28547001,791,0.1687,1.7076,3.8359,0.1322,,,221,158
alice,2,28547001,792,0.1383,1.8006,3.8242,0.1322,,,226,159
alice,2,28547001,793,0.1654,1.6907,4.0352,0.1322,,,224,156
alice,2,28547001,794,0.1692,1.6397,4.1953,0.1322,,,243,132
alice,2,28547001,795,0.1432,1.8501,3.6992,0.1322,,,228,145
alice,2,28547001,796,0.1585,1.675,4.0352,0.1322,,,244,124
alice,2,28547001,797,0.1566,1.6722,3.5742,0.1322,,,227,169
alice,2,28547001,798,0.1485,1.6907,4.1602,0.1322,,,230,150
alice,2,28547001,799,0.1609,1.6992,4.1406,0.1322,,,230,151
alice,2,28547001,800,0.1249,1.7938,3.6016,0.1322,,,224,164
alice,2,28547001,801,0.1597,1.8381,4.2422,0.1322,,,235,138
alice,2,28547001,802,0.1467,1.5963,4.0,0.1322,,,237,129
alice,2,28547001,803,0.1651,1.6965,4.1797,0.1322,,,233,141
alice,2,28547001,804,0.1643,1.6916,4.0625,0.1322,,,232,141
alice,2,28547001,805,0.1479,1.7111,3.9531,0.1322,,,244,120
alice,2,28547001,806,0.1557,1.7676,4.1914,0.1322,,,238,136
alice,2,28547001,807,0.1509,1.6762,3.8516,0.1322,,,230,141
alice,2,28547001,808,0.1663,1.7204,4.0234,0.1322,,,233,150
alice,2,28547001,809,0.1581,1.7301,3.957,0.1322,,,236,141
alice,2,28547001,810,0.1647,1.5732,4.2188,0.1322,,,233,134
alice,2,28547001,811,0.1467,1.7307,4.0703,0.1322,,,230,138
alice,2,28547001,812,0.1371,1.6121,3.9453,0.1322,,,215,188
alice,2,28547001,813,0.1674,1.8743,4.0078,0.1322,,,233,140
alice,2,28547001,814,0.1448,1.6675,4.0117,0.1322,,,233,138
alice,2,28547001,815,0.1474,1.697,3.7188,0.1322,,,226,151
alice,2,28547001,816,0.1605,1.5872,4.125,0.1322,,,231,146
alice,2,28547001,817,0.1412,1.7647,3.7188,0.1322,,,229,173
alice,2,28547001,818,0.1663,1.794,4.1602,0.1322,,,232,135
alice,2,28547001,819,0.1494,1.669,4.1914,0.1322,,,238,124
alice,2,28547001,820,0.1577,1.6356,4.4258,0.1322,,,239,121
alice,2,28547001,821,0.1525,1.6999,4.168,0.1322,,,234,133
alice,2,28547001,822,0.1347,1.7129,4.0117,0.1322,,,237,132
alice,2,28547001,823,0.1494,1.6087,4.3164,0.1322,,,235,122
alice,2,28547001,824,0.1301,1.6511,4.0586,0.1322,,,230,128
alice,2,28547001,825,0.1804,1.6292,4.2695,0.1322,,,241,108
alice,2,28547001,826,0.1419,1.6116,4.0312,0.1322,,,232,148
alice,2,28547001,827,0.1546,1.6562,3.918,0.1322,,,234,146
alice,2,28547001,828,0.1552,1.6849,3.9492,0.1322,,,223,155
alice,2,28547001,829,0.158,1.5856,4.2188,0.1322,,,243,115
alice,2,28547001,830,0.1369,1.6466,4.1836,0.1322,,,232,131
alice,2,28547001,831,0.1381,1.5752,4.1211,0.1322,,,236,132
alice,2,28547001,832,0.1589,1.6474,3.9883,0.1322,,,235,128
alice,2,28547001,833,0.1332,1.7313,3.7656,0.1322,,,230,148
alice,2,28547001,834,0.1504,1.7214,3.832,0.1322,,,235,144
alice,2,28547001,835,0.163,1.6192,4.4062,0.1322,,,236,134
alice,2,28547001,836,0.1609,1.5957,4.0117,0.1322,,,230,161
alice,2,28547001,837,0.1394,1.6186,4.0352,0.1322,,,224,143
alice,2,28547001,838,0.1558,1.6494,4.0312,0.1322,,,240,127
alice,2,28547001,839,0.1455,1.7219,3.9336,0.1322,,,234,142
alice,2,28547001,840,0.1577,1.5879,4.2383,0.1322,,,238,136
alice,2,28547001,841,0.1203,1.5985,4.0625,0.1322,,,237,126
alice,2,28547001,842,0.1511,1.7161,4.2188,0.1322,,,232,142
alice,2,28547001,843,0.117,1.8295,3.5391,0.1322,,,219,182
alice,2,28547001,844,0.1642,1.6578,3.9297,0.1322,,,235,139
alice,2,28547001,845,0.1547,1.6004,4.1016,0.1322,,,235,145
alice,2,28547001,846,0.1566,1.6063,4.1484,0.1322,,,236,133
alice,2,28547001,847,0.147,1.7693,3.7891,0.1322,,,225,167
alice,2,28547001,848,0.1356,1.6622,3.9453,0.1322,,,234,144
alice,2,28547001,849,0.1418,1.7354,3.7734,0.1322,,,233,156
alice,2,28547001,850,0.1529,1.6524,3.9375,0.1322,,,222,156
alice,2,28547001,851,0.1622,1.7416,3.9961,0.1322,,,234,147
alice,2,28547001,852,0.1475,1.679,4.0742,0.1322,,,241,131
alice,2,28547001,853,0.1572,1.7298,4.0664,0.1322,,,237,137
alice,2,28547001,854,0.1672,1.6274,4.1797,0.1322,,,235,128
alice,2,28547001,855,0.1306,1.622,4.1094,0.1322,,,236,142
alice,2,28547001,856,0.1666,1.6478,4.043,0.1322,,,237,130
alice,2,28547001,857,0.1435,1.7603,4.1367,0.1322,,,235,145
alice,2,28547001,858,0.1393,1.5844,4.0586,0.1322,,,222,143
alice,2,28547001,859,0.1658,1.6565,4.0469,0.1322,,,234,139
alice,2,28547001,860,0.1333,1.8381,3.8047,0.1322,,,229,170
alice,2,28547001,861,0.1611,1.8194,3.7773,0.1322,,,226,156
alice,2,28547001,862,0.157,1.6409,4.1094,0.1322,,,232,142
alice,2,28547001,863,0.1561,1.7566,3.9883,0.1322,,,227,153
alice,2,28547001,864,0.1555,1.5461,4.1094,0.1322,,,235,127
alice,2,28547001,865,0.1394,1.7504,3.793,0.1322,,,219,169
alice,2,28547001,866,0.1387,1.8909,3.957,0.1322,,,236,134
alice,2,28547001,867,0.1503,1.6748,4.0156,0.1322,,,239,138
alice,2,28547001,868,0.1396,1.7792,4.0312,0.1322,,,239,142
alice,2,28547001,869,0.1683,1.5478,4.4258,0.1322,,,245,107
alice,2,28547001,870,0.1327,1.5927,3.8984,0.1322,,,235,135
alice,2,28547001,871,0.1362,1.6087,3.9336,0.1322,,,227,151
alice,2,28547001,872,0.1659,1.7539,3.6172,0.1322,,,229,166
alice,2,28547001,873,0.161,1.618,4.2031,0.1322,,,234,137
alice,2,28547001,874,0.1433,1.686,4.25,0.1322,,,232,135
alice,2,28547001,875,0.1753,1.7988,3.8281,0.1322,,,229,157
alice,2,28547001,876,0.1534,1.7866,3.9297,0.1322,,,232,154
alice,2,28547001,877,0.1546,1.6987,3.7539,0.1322,,,237,148
alice,2,28547001,878,0.1681,1.6863,3.7148,0.1322,,,233,149
alice,2,28547001,879,0.1668,1.7209,4.082,0.1322,,,232,152
alice,2,28547001,880,0.1657,1.7088,3.832,0.1322,,,228,148
alice,2,28547001,881,0.1617,1.82,3.9961,0.1322,,,239,126
alice,2,28547001,882,0.1519,1.6876,4.2461,0.1322,,,230,143
alice,2,28547001,883,0.1541,1.743,3.9883,0.1322,,,237,145
alice,2,28547001,884,0.1365,1.5862,4.2031,0.1322,,,236,127
alice,2,28547001,885,0.1132,1.694,3.8516,0.1322,,,238,135
alice,2,28547001,886,0.1468,1.7161,4.1328,0.1322,,,233,139
alice,2,28547001,887,0.1482,1.7371,3.7734,0.1322,,,223,174
alice,2,28547001,888,0.1583,1.6921,3.9648,0.1322,,,237,135
alice,2,28547001,889,0.1424,1.6182,3.9766,0.1322,,,231,146
alice,2,28547001,890,0.168,1.6707,4.1445,0.1322,,,239,123
alice,2,28547001,891,0.1433,1.5943,4.4219,0.1322,,,244,110
alice,2,28547001,892,0.1536,1.6932,4.1055,0.1322,,,237,122
alice,2,28547001,893,0.1295,1.5963,4.1016,0.1322,,,234,141
alice,2,28547001,894,0.1503,1.6975,4.1016,0.1322,,,236,136
alice,2,28547001,895,0.1523,1.7992,3.9844,0.1322,,,241,117
alice,2,28547001,896,0.141,1.5506,4.2734,0.1322,,,239,125
alice,2,28547001,897,0.1593,1.5852,4.1484,0.1322,,,232,133
alice,2,28547001,898,0.1495,1.7979,3.9375,0.1322,,,235,139
alice,2,28547001,899,0.1441,1.6331,4.1367,0.1322,,,240,133
alice,2,28547001,900,0.1422,1.705,4.0195,0.1322,,,229,143
alice,2,28547001,901,0.1341,1.6516,4.2188,0.1322,,,240,124
alice,2,28547001,902,0.1412,1.6677,4.1953,0.1322,,,238,126
alice,2,28547001,903,0.1496,1.5963,4.2812,0.1322,,,239,124
alice,2,28547001,904,0.1622,1.6749,3.9102,0.1322,,,236,129
alice,2,28547001,905,0.1352,1.6256,4.0508,0.1322,,,232,148
alice,2,28547001,906,0.1599,1.6926,4.1445,0.1322,,,235,130
alice,2,28547001,907,0.1405,1.5995,4.1562,0.1322,,,235,138
alice,2,28547001,908,0.1364,1.6425,4.3594,0.1322,,,235,123
alice,2,28547001,909,0.1478,1.5128,4.4609,0.1322,,,239,106
alice,2,28547001,910,0.1407,1.7279,3.9883,0.1322,,,231,141
alice,2,28547001,911,0.1539,1.5913,4.3281,0.1322,,,241,106
alice,2,28547001,912,0.1701,1.623,4.2461,0.1322,,,233,126
alice,2,28547001,913,0.1444,1.6838,4.1797,0.1322,,,232,130
alice,2,28547001,914,0.1457,1.637,4.168,0.1322,,,230,143
alice,2,28547001,915,0.1602,1.6789,4.1172,0.1322,,,235,127
alice,2,28547001,916,0.1629,1.5504,4.0703,0.1322,,,237,131
alice,2,28547001,917,0.1402,1.6125,4.2266,0.1322,,,243,118
alice,2,28547001,918,0.1636,1.7026,3.9336,0.1322,,,226,154
alice,2,28547001,919,0.1583,1.7298,3.875,0.1322,,,241,122
alice,2,28547001,920,0.1239,1.5568,4.1406,0.1322,,,238,130
alice,2,28547001,921,0.1675,1.5867,4.2422,0.1322,,,240,129
alice,2,28547001,922,0.143,1.764,3.918,0.1322,,,240,124
alice,2,28547001,923,0.1392,1.6269,4.1328,0.1322,,,227,140
alice,2,28547001,924,0.1353,1.7025,3.6992,0.1322,,,228,163
alice,2,28547001,925,0.1584,1.7663,4.0352,0.1322,,,233,144
alice,2,28547001,926,0.1558,1.689,4.1172,0.1322,,,247,119
alice,2,28547001,927,0.1581,1.5486,4.3516,0.1322,,,243,109
alice,2,28547001,928,0.1636,1.7386,4.0508,0.1322,,,236,120
alice,2,28547001,929,0.1397,1.5904,4.1406,0.1322,,,238,121
alice,2,28547001,930,0.1388,1.5962,4.1289,0.1322,,,245,112
alice,2,28547001,931,0.1534,1.8216,3.7422,0.1322,,,228,152
alice,2,28547001,932,0.1571,1.6369,4.0156,0.1322,,,239,138
alice,2,28547001,933,0.1203,1.5621,4.2773,0.1322,,,240,112
alice,2,28547001,934,0.1624,1.6368,4.1875,0.1322,,,234,130
alice,2,28547001,935,0.136,1.65,3.9062,0.1322,,,225,156
alice,2,28547001,936,0.129,1.7538,3.6641,0.1322,,,229,158
alice,2,28547001,937,0.1337,1.6204,3.9414,0.1322,,,235,140
alice,2,28547001,938,0.1595,1.5223,4.2422,0.1322,,,232,138
alice,2,28547001,939,0.1397,1.6187,4.2344,0.1322,,,243,122
alice,2,28547001,940,0.1374,1.534,4.1523,0.1322,,,237,126
alice,2,28547001,941,0.1473,1.6337,4.2227,0.1322,,,240,111
alice,2,28547001,942,0.1225,1.8301,3.8984,0.1322,,,236,146
alice,2,28547001,943,0.1483,1.5865,3.9766,0.1322,,,233,140
alice,2,28547001,944,0.1488,1.6888,4.0039,0.1322,,,228,146
alice,2,28547001,945,0.1595,1.6317,4.168,0.1322,,,245,123
alice,2,28547001,946,0.1595,1.723,3.8945,0.1322,,,228,146
alice,2,28547001,947,0.1522,1.6822,3.9141,0.1322,,,234,136
alice,2,28547001,948,0.1596,1.6082,3.8633,0.1322,,,225,169
alice,2,28547001,949,0.1524,1.8913,3.7578,0.1322,,,230,166
alice,2,28547001,950,0.1576,1.7004,4.2617,0.1322,,,237,127
alice,2,28547001,951,0.1347,1.7315,3.9414,0.1322,,,237,144
alice,2,28547001,952,0.1503,1.677,4.0898,0.1322,,,232,140
alice,2,28547001,953,0.1536,1.5765,4.1719,0.1322,,,236,130
alice,2,28547001,954,0.1509,1.6849,4.3086,0.1322,,,242,110
alice,2,28547001,955,0.1168,1.6426,4.168,0.1322,,,236,130
alice,2,28547001,956,0.1516,1.6553,3.7539,0.1322,,,236,142
alice,2,28547001,957,0.1509,1.5015,4.5,0.1322,,,237,112
alice,2,28547001,958,0.1621,1.6045,4.3281,0.1322,,,239,109
alice,2,28547001,959,0.1545,1.6788,4.0586,0.1322,,,241,128
alice,2,28547001,960,0.1302,1.7555,3.7578,0.1322,,,229,146
alice,2,28547001,961,0.1307,1.7682,4.0508,0.1322,,,232,139
alice,2,28547001,962,0.1535,1.6205,4.2891,0.1322,,,231,132
alice,2,28547001,963,0.1292,1.5709,4.332,0.1322,,,245,105
alice,2,28547001,964,0.1648,1.6466,4.0,0.1322,,,240,130
alice,2,28547001,965,0.1493,1.6822,3.9805,0.1322,,,237,129
alice,2,28547001,966,0.144,1.6928,3.9531,0.1322,,,233,144
alice,2,28547001,967,0.151,1.7001,3.9648,0.1322,,,231,154
alice,2,28547001,968,0.1536,1.6356,4.1562,0.1322,,,235,132
alice,2,28547001,969,0.1171,1.646,4.0586,0.1322,,,234,138
alice,2,28547001,970,0.1383,1.7484,4.1719,0.1322,,,238,130
alice,2,28547001,971,0.1454,1.7218,4.1562,0.1322,,,246,108
alice,2,28547001,972,0.129,1.7737,3.832,0.1322,,,230,146
alice,2,28547001,973,0.1641,1.5605,4.1914,0.1322,,,243,114
alice,2,28547001,974,0.1499,1.7019,3.9023,0.1322,,,229,138
alice,2,28547001,975,0.1326,1.6613,4.1953,0.1322,,,232,145
alice,2,28547001,976,0.1653,1.634,4.2891,0.1322,,,244,112
alice,2,28547001,977,0.1306,1.7387,4.0898,0.1322,,,239,127
alice,2,28547001,978,0.1443,1.7053,3.9531,0.1322,,,232,140
alice,2,28547001,979,0.1518,1.8568,3.8125,0.1322,,,228,153
alice,2,28547001,980,0.1457,1.6742,4.1797,0.1322,,,235,140
alice,2,28547001,981,0.1719,1.5463,4.3047,0.1322,,,240,113
alice,2,28547001,982,0.1114,1.5797,4.2148,0.1322,,,241,117
alice,2,28547001,983,0.1385,1.7274,3.7773,0.1322,,,233,150
alice,2,28547001,984,0.1577,1.766,4.0859,0.1322,,,231,153
alice,2,28547001,985,0.1643,1.5812,3.9648,0.1322,,,234,135
alice,2,28547001,986,0.137,1.6814,4.1055,0.1322,,,227,162
alice,2,28547001,987,0.1463,1.6603,3.9336,0.1322,,,233,137
alice,2,28547001,988,0.1404,1.6752,4.1914,0.1322,,,236,138
alice,2,28547001,989,0.1289,1.7822,3.8789,0.1322,,,231,139
alice,2,28547001,990,0.1452,1.762,3.8477,0.1322,,,232,149
alice,2,28547001,991,0.1272,1.7425,3.707,0.1322,,,229,166
alice,2,28547001,992,0.1581,1.7047,4.1328,0.1322,,,235,131
alice,2,28547001,993,0.1502,1.7343,4.168,0.1322,,,236,134
alice,2,28547001,994,0.1309,1.6908,3.625,0.1322,,,223,177
alice,2,28547001,995,0.1434,1.6825,3.9922,0.1322,,,239,131
alice,2,28549929,996,0.1725,1.4287,4.0117,0.1322,,,0,0
alice,2,28549929,997,0.1726,1.4329,4.3281,0.1322,,,0,0
alice,2,28549929,998,0.1729,1.4272,4.4727,0.1322,,,0,0
alice,2,28549929,999,0.195,1.5771,4.0156,0.1322,,,0,0
alice,2,28549929,1000,0.1731,1.5132,4.1719,0.1322,,,0,0
alice,2,28549929,1001,0.1351,1.4791,4.2539,0.1322,,,0,0
alice,2,28549929,1002,0.1381,1.402,4.4805,0.1322,,,0,0
alice,2,28549929,1003,0.1352,1.5379,4.2148,0.1322,,,0,0
alice,2,28549929,1004,0.1562,1.7709,3.8828,0.1322,,,0,0
alice,2,28549929,1005,0.1328,1.6252,4.168,0.1322,,,0,0
alice,2,28549929,1006,0.1406,1.4518,4.3086,0.1322,,,0,0
alice,2,28549929,1007,0.1348,1.3621,4.5547,0.1322,,,0,0
alice,2,28549929,1008,0.1418,1.5758,4.0703,0.1322,,,0,0
alice,2,28549929,1009,0.1476,1.5571,4.1602,0.1322,,,0,0
alice,2,28549929,1010,0.1457,1.6023,4.0195,0.1322,,,0,0
alice,2,28549929,1011,0.1479,1.448,4.5273,0.1322,,,0,0
alice,2,28549929,1012,0.1393,1.5035,4.2617,0.1322,,,0,0
alice,2,28549929,1013,0.1551,1.695,4.1523,0.1322,,,0,0
alice,2,28549929,1014,0.1288,1.6377,4.2383,0.1322,,,0,0
alice,2,28549929,1015,0.1386,1.5822,4.2578,0.1322,,,0,0
alice,2,28549929,1016,0.1212,1.5923,4.4609,0.1322,,,0,0
alice,2,28549929,1017,0.1333,1.559,4.0703,0.1322,,,0,0
alice,2,28549929,1018,0.1473,1.7334,4.1484,0.1322,,,0,0
alice,2,28549929,1019,0.1519,1.6929,3.9922,0.1322,,,0,0
alice,2,28549929,1020,0.149,1.4419,4.5938,0.1322,,,0,0
alice,2,28549929,1021,0.1531,1.5987,4.4023,0.1322,,,0,0
alice,2,28549929,1022,0.1456,1.5967,4.4766,0.1322,,,0,0
alice,2,28549929,1023,0.1164,1.705,4.2852,0.1322,,,0,0
alice,2,28549929,1024,0.1356,1.5801,4.2227,0.1322,,,0,0
alice,2,28549929,1025,0.1531,1.4997,4.4805,0.1322,,,0,0
alice,2,28549929,1026,0.1479,1.6404,4.1953,0.1322,,,0,0
alice,2,28549929,1027,0.1225,1.4644,4.2695,0.1322,,,0,0
alice,2,28549929,1028,0.1664,1.5525,4.4922,0.1322,,,0,0
alice,2,28549929,1029,0.1523,1.6855,3.8828,0.1322,,,0,0
alice,2,28549929,1030,0.1697,1.6049,4.2656,0.1322,,,0,0
alice,3,28544800,750,0.2342,0.6476,4.9609,0.1322,,,504,96
alice,3,28544800,751,0.1172,0.836,4.3164,0.1322,,,455,265
alice,3,28544800,752,0.1016,0.8733,4.6777,0.1322,,,495,165
alice,3,28544800,753,0.1521,0.8405,4.8164,0.1322,,,498,138
alice,3,28544800,754,0.2227,1.6796,2.9355,0.1322,,,498,152
alice,3,28544800,755,0.1029,1.1097,4.6914,0.1322,,,500,140
alice,3,28544800,756,0.1587,1.1015,4.4121,0.1322,,,503,123
alice,3,28544800,757,0.1403,1.2211,4.2637,0.1322,,,488,187
alice,3,28544800,758,0.116,1.1245,4.5508,0.1322,,,502,145
alice,3,28544800,759,0.2349,1.3982,3.9375,0.1322,,,504,110
alice,3,28544800,760,0.1661,1.2787,4.3105,0.1322,,,495,173
alice,3,28544800,761,0.1675,1.314,4.4258,0.1322,,,498,155
alice,3,28544800,762,0.1467,1.2773,4.3984,0.1322,,,497,151
alice,3,28544800,763,0.1594,1.3427,4.2031,0.1322,,,492,183
alice,3,28544800,764,0.2038,1.2918,4.2812,0.1322,,,503,136
alice,3,28544800,765,0.1066,1.2687,4.457,0.1322,,,492,172
alice,3,28544800,766,0.154,1.2109,4.4766,0.1322,,,498,127
alice,3,28544800,767,0.1351,1.3429,4.2598,0.1322,,,493,168
alice,3,28544800,768,0.1268,1.4013,4.1992,0.1322,,,494,180
alice,3,28544800,769,0.171,1.1935,4.5195,0.1322,,,500,135
alice,3,28544800,770,0.1599,1.2997,4.4023,0.1322,,,496,144
alice,3,28544800,771,0.1489,1.0915,4.7539,0.1322,,,502,120
alice,3,28544800,772,0.1228,1.3826,4.3164,0.1322,,,486,192
alice,3,28544800,773,0.1941,1.3566,4.3105,0.1322,,,491,156
alice,3,28544800,774,0.1419,1.4487,4.1562,0.1322,,,496,166
alice,3,28544800,775,0.1502,1.3432,4.4121,0.1322,,,499,150
alice,3,28544800,776,0.1991,1.3819,4.4355,0.1322,,,494,174
alice,3,28544800,777,0.1417,1.3967,4.4414,0.1322,,,506,147
alice,3,28544800,778,0.166,1.3615,4.3477,0.1322,,,500,146
alice,3,28544800,779,0.1348,1.3245,4.3301,0.1322,,,497,160
alice,3,28544800,780,0.1715,1.3688,4.2988,0.1322,,,504,144
alice,3,28544800,781,0.2006,1.3509,4.5273,0.1322,,,497,142
alice,3,28544800,782,0.1079,1.4273,4.1875,0.1322,,,495,166
alice,3,28544800,783,0.15,1.3506,4.4199,0.1322,,,501,155
alice,3,28544800,784,0.1736,1.3605,4.377,0.1322,,,503,146
alice,3,28544800,785,0.1477,1.2347,4.4766,0.1322,,,503,121
alice,3,28544800,786,0.17,1.3937,4.2012,0.1322,,,499,164
alice,3,28544800,787,0.1823,1.3454,4.4141,0.1322,,,501,153
alice,3,28544800,788,0.1571,1.314,4.2852,0.1322,,,503,135
alice,3,28544800,789,0.1603,1.4652,4.2461,0.1322,,,491,181
alice,3,28544800,790,0.1355,1.3296,4.3945,0.1322,,,499,152
alice,3,28544800,791,0.1681,1.3619,4.3633,0.1322,,,499,156
alice,3,28544800,792,0.1888,1.3649,4.3594,0.1322,,,500,135
alice,3,28544800,793,0.1223,1.4806,4.1426,0.1322,,,483,201
alice,3,28544800,794,0.1465,1.3425,4.5371,0.1322,,,502,144
alice,3,28544800,795,0.1336,1.4165,4.2305,0.1322,,,480,193
alice,3,28544800,796,0.1528,1.2699,4.5879,0.1322,,,508,129
alice,3,28544800,797,0.1259,1.3206,4.2793,0.1322,,,500,145
alice,3,28544800,798,0.1591,1.3634,4.3594,0.1322,,,500,152
alice,3,28544800,799,0.2115,1.2995,4.541,0.1322,,,501,139
alice,3,28544800,800,0.1351,1.3423,4.4199,0.1322,,,497,146
alice,3,28544800,801,0.1427,1.3482,4.4023,0.1322,,,491,155
alice,3,28544800,802,0.1607,1.4055,4.2129,0.1322,,,502,163
alice,3,28544800,803,0.1436,1.4158,4.332,0.1322,,,497,163
alice,3,28544800,804,0.1166,1.3819,4.2676,0.1322,,,501,148
alice,3,28544800,805,0.1833,1.3242,4.3926,0.1322,,,502,149
alice,3,28544800,806,0.1086,1.3791,4.3145,0.1322,,,487,192
alice,3,28544800,807,0.1849,1.1996,4.6094,0.1322,,,499,132
alice,3,28544800,808,0.1476,1.2075,4.5957,0.1322,,,506,131
alice,3,28544800,809,0.1411,1.2203,4.5449,0.1322,,,506,120
alice,3,28544800,810,0.157,1.3893,4.3457,0.1322,,,497,149
alice,3,28544800,811,0.148,1.2817,4.3945,0.1322,,,505,136
alice,3,28544800,812,0.1156,1.3812,4.2227,0.1322,,,495,161
alice,3,28544800,813,0.1532,1.3318,4.4961,0.1322,,,499,149
alice,3,28544800,814,0.1149,1.5248,4.1426,0.1322,,,477,212
alice,3,28544800,815,0.1278,1.3686,4.4023,0.1322,,,502,154
alice,3,28544800,816,0.1847,1.2838,4.4492,0.1322,,,496,156
alice,3,28544800,817,0.095,1.5248,4.166,0.1322,,,473,228
alice,3,28544800,818,0.1021,1.444,4.3223,0.1322,,,489,181
alice,3,28544800,819,0.1581,1.4681,4.1836,0.1322,,,484,200
alice,3,28544800,820,0.1462,1.336,4.4238,0.1322,,,492,173
alice,3,28544800,821,0.147,1.3621,4.377,0.1322,,,498,153
alice,3,28544800,822,0.1433,1.3799,4.4004,0.1322,,,494,167
alice,3,28544800,823,0.1235,1.3707,4.4023,0.1322,,,494,174
alice,3,28544800,824,0.124,1.294,4.4512,0.1322,,,485,169
alice,3,28544800,825,0.1418,1.4245,4.4023,0.1322,,,489,165
alice,3,28544800,826,0.1375,1.3365,4.4414,0.1322,,,504,145
alice,3,28544800,827,0.1284,1.3327,4.3652,0.1322,,,498,143
alice,3,28544800,828,0.1344,1.304,4.5098,0.1322,,,508,132
alice,3,28544800,829,0.1383,1.1965,4.5918,0.1322,,,500,135
alice,3,28544800,830,0.113,1.3595,4.2773,0.1322,,,488,165
alice,3,28544800,831,0.1344,1.3641,4.4629,0.1322,,,493,166
alice,3,28544800,832,0.1518,1.3856,4.2617,0.1322,,,495,160
alice,3,28544800,833,0.1601,1.3873,4.4492,0.1322,,,497,160
alice,3,28544800,834,0.1421,1.4155,4.3066,0.1322,,,494,169
alice,3,28544800,835,0.1616,1.3467,4.4844,0.1322,,,506,123
alice,3,28544800,836,0.1409,1.4963,4.2637,0.1322,,,500,153
alice,3,28544800,837,0.1608,1.4888,4.2656,0.1322,,,493,168
alice,3,28544800,838,0.1152,1.326,4.5156,0.1322,,,499,138
alice,3,28544800,839,0.1944,1.4917,4.2402,0.1322,,,492,167
alice,3,28544800,840,0.1115,1.3196,4.5586,0.1322,,,499,136
alice,3,28544800,841,0.1393,1.3732,4.3828,0.1322,,,492,155
alice,3,28544800,842,0.1186,1.3295,4.5273,0.1322,,,498,134
alice,3,28544800,843,0.1579,1.3029,4.3848,0.1322,,,499,143
alice,3,28544800,844,0.1154,1.5042,4.0859,0.1322,,,491,183
alice,3,28544800,845,0.138,1.2972,4.5078,0.1322,,,503,145
alice,3,28544800,846,0.1461,1.235,4.5645,0.1322,,,506,124
alice,3,28544800,847,0.1503,1.5207,4.1914,0.1322,,,486,188
alice,3,28544800,848,0.1353,1.4502,4.4102,0.1322,,,500,172
alice,3,28544800,849,0.136,1.3809,4.1406,0.1322,,,498,162
alice,3,28544800,850,0.1488,1.4306,4.2871,0.1322,,,497,163
alice,3,28544800,851,0.1228,1.2552,4.6094,0.1322,,,495,146
alice,3,28544800,852,0.1168,1.308,4.4844,0.1322,,,497,142
alice,3,28544800,853,0.1778,1.4309,4.1113,0.1322,,,491,163
alice,3,28544800,854,0.1443,1.471,4.3066,0.1322,,,494,168
alice,3,28544800,855,0.1574,1.4453,4.2305,0.1322,,,488,176
alice,3,28544800,856,0.1414,1.2667,4.5762,0.1322,,,501,131
alice,3,28544800,857,0.1268,1.3775,4.2754,0.1322,,,491,173
alice,3,28544800,858,0.1634,1.2909,4.4902,0.1322,,,503,134
alice,3,28544800,859,0.1744,1.2572,4.5742,0.1322,,,509,116
alice,3,28544800,860,0.1437,1.4004,4.2402,0.1322,,,504,135
alice,3,28544800,861,0.1394,1.2663,4.6406,0.1322,,,500,129
alice,3,28544800,862,0.1583,1.317,4.459,0.1322,,,504,131
alice,3,28544800,863,0.0992,1.2845,4.4355,0.1322,,,496,151
alice,3,28544800,864,0.1412,1.3499,4.4473,0.1322,,,495,154
alice,3,28544800,865,0.1673,1.3973,4.2402,0.1322,,,505,140
alice,3,28544800,866,0.1116,1.3487,4.4062,0.1322,,,499,143
alice,3,28544800,867,0.1928,1.361,4.2051,0.1322,,,499,171
alice,3,28544800,868,0.1411,1.3816,4.3984,0.1322,,,493,154
alice,3,28544800,869,0.1237,1.3625,4.332,0.1322,,,500,155
alice,3,28544800,870,0.1502,1.3659,4.3594,0.1322,,,498,144
alice,3,28544800,871,0.1597,1.3637,4.5059,0.1322,,,500,144
alice,3,28544800,872,0.1075,1.3845,4.3535,0.1322,,,485,182
alice,3,28544800,873,0.1654,1.3263,4.4805,0.1322,,,502,122
alice,3,28544800,874,0.1677,1.2847,4.5566,0.1322,,,503,134
alice,3,28544800,875,0.1322,1.3726,4.3789,0.1322,,,503,135
alice,3,28544800,876,0.1359,1.1651,4.5703,0.1322,,,501,139
alice,3,28544800,877,0.1373,1.4025,4.2949,0.1322,,,499,150
alice,3,28544800,878,0.1377,1.3478,4.4453,0.1322,,,494,149
alice,3,28546133,879,0.2809,1.7569,3.2637,0.1322,,,512,90
alice,3,28546133,880,0.1367,1.0648,4.5879,0.1322,,,513,96
alice,3,28546133,881,0.1973,1.0912,4.5703,0.1322,,,507,112
alice,3,28546133,882,0.1458,1.4529,4.0371,0.1322,,,444,292
alice,3,28546133,883,0.0971,1.3082,4.4102,0.1322,,,493,181
alice,3,28546133,884,0.2234,1.6075,4.0391,0.1322,,,509,115
alice,3,28546133,885,0.1624,1.1467,4.6797,0.1322,,,510,100
alice,3,28546133,886,0.1782,0.9517,4.8594,0.1322,,,511,76
alice,3,28546133,887,0.1874,1.3991,4.1016,0.1322,,,489,177
alice,3,28546133,888,0.1423,1.1623,4.5723,0.1322,,,502,123
alice,3,28546133,889,0.2764,1.3411,4.3125,0.1322,,,508,100
alice,3,28546133,890,0.1442,1.4345,4.1953,0.1322,,,498,167
alice,3,28546133,891,0.1468,1.2653,4.6191,0.1322,,,501,132
alice,3,28546133,892,0.2143,1.2726,4.4766,0.1322,,,507,99
alice,3,28546133,893,0.177,1.1149,4.8105,0.1322,,,509,93
alice,3,28546133,894,0.2262,1.5087,4.1055,0.1322,,,484,193
alice,3,28546133,895,0.1502,1.4547,4.2695,0.1322,,,494,147
alice,3,28546133,896,0.1999,1.289,4.5273,0.1322,,,504,133
alice,3,28546133,897,0.2294,1.1623,4.6855,0.1322,,,508,99
alice,3,28546133,898,0.2166,1.4945,4.2402,0.1322,,,492,181
alice,3,28546133,899,0.1023,1.5252,4.1953,0.1322,,,499,152
alice,3,28546133,900,0.2014,1.3864,4.2695,0.1322,,,503,141
alice,3,28546133,901,0.132,1.4208,4.3438,0.1322,,,495,163
alice,3,28546133,902,0.1199,1.3538,4.4551,0.1322,,,496,160
alice,3,28546133,903,0.2008,1.5406,4.123,0.1322,,,496,172
alice,3,28546133,904,0.1551,1.4338,4.3516,0.1322,,,498,165
alice,3,28546133,905,0.1483,1.4111,4.3477,0.1322,,,501,151
alice,3,28546133,906,0.1617,1.4067,4.3672,0.1322,,,501,148
alice,3,28546133,907,0.1617,1.3201,4.4473,0.1322,,,503,149
alice,3,28546133,908,0.1234,1.4513,4.2324,0.1322,,,500,159
alice,3,28546133,909,0.1408,1.4255,4.2871,0.1322,,,497,158
alice,3,28546133,910,0.1303,1.2366,4.6406,0.1322,,,504,131
alice,3,28546133,911,0.1461,1.2428,4.4727,0.1322,,,502,140
alice,3,28546133,912,0.1317,1.2306,4.5566,0.1322,,,504,133
alice,3,28546133,913,0.1513,1.38,4.3555,0.1322,,,501,146
alice,3,28546133,914,0.1635,1.3384,4.2598,0.1322,,,497,165
alice,3,28546133,915,0.1429,1.3099,4.2891,0.1322,,,496,170
alice,3,28546133,916,0.1427,1.3428,4.4316,0.1322,,,495,159
alice,3,28546133,917,0.1181,1.1888,4.6621,0.1322,,,506,123
alice,3,28546133,918,0.1613,1.394,4.4746,0.1322,,,505,136
alice,3,28546133,919,0.1699,1.3899,4.3945,0.1322,,,501,140
alice,3,28546133,920,0.1282,1.3453,4.3262,0.1322,,,496,148
alice,3,28546133,921,0.1524,1.3438,4.3496,0.1322,,,499,151
alice,3,28546133,922,0.1532,1.3539,4.4551,0.1322,,,497,157
alice,3,28546133,923,0.1614,1.3661,4.4375,0.1322,,,500,148
alice,3,28546133,924,0.1535,1.3426,4.4355,0.1322,,,495,152
alice,3,28546133,925,0.1673,1.435,4.1758,0.1322,,,500,147
alice,3,28546133,926,0.1147,1.4082,4.3008,0.1322,,,500,166
alice,3,28546133,927,0.1622,1.3015,4.5195,0.1322,,,506,129
alice,3,28546133,928,0.1447,1.4609,4.1543,0.1322,,,494,171
alice,3,28546133,929,0.1543,1.3556,4.4863,0.1322,,,485,184
alice,3,28546133,930,0.1289,1.434,4.334,0.1322,,,500,138
alice,3,28546133,931,0.1436,1.2088,4.6562,0.1322,,,509,109
alice,3,28546133,932,0.1554,1.4818,4.1934,0.1322,,,497,151
alice,3,28546133,933,0.224,1.3492,4.3594,0.1322,,,504,143
alice,3,28546133,934,0.1536,1.4948,4.2734,0.1322,,,492,168
alice,3,28546133,935,0.1342,1.379,4.3828,0.1322,,,503,144
alice,3,28546133,936,0.1657,1.3089,4.4668,0.1322,,,501,140
alice,3,28546133,937,0.1564,1.5564,4.0352,0.1322,,,482,205
alice,3,28546133,938,0.1289,1.349,4.3438,0.1322,,,504,152
alice,3,28546133,939,0.1809,1.3098,4.4922,0.1322,,,503,142
alice,3,28546133,940,0.1146,1.2494,4.5117,0.1322,,,501,147
alice,3,28546133,941,0.1552,1.2902,4.3574,0.1322,,,505,126
alice,3,28546133,942,0.1503,1.3975,4.3145,0.1322,,,501,159
alice,3,28546133,943,0.1417,1.3117,4.3848,0.1322,,,501,142
alice,3,28546133,944,0.1565,1.2803,4.541,0.1322,,,500,133
alice,3,28546133,945,0.1534,1.2574,4.5391,0.1322,,,505,118
alice,3,28546133,946,0.1858,1.3472,4.4512,0.1322,,,499,125
alice,3,28546133,947,0.1224,1.4457,4.3281,0.1322,,,499,147
alice,3,28546133,948,0.1769,1.3633,4.4648,0.1322,,,506,124
alice,3,28546133,949,0.1274,1.2594,4.5723,0.1322,,,498,135
alice,3,28546133,950,0.1583,1.4009,4.3086,0.1322,,,498,149
alice,3,28546133,951,0.1506,1.401,4.2539,0.1322,,,491,174
alice,3,28546133,952,0.1397,1.3938,4.3691,0.1322,,,495,158
alice,3,28546133,953,0.1797,1.4144,4.3574,0.1322,,,495,162
alice,3,28546133,954,0.1848,1.458,4.2793,0.1322,,,485,187
alice,3,28546133,955,0.1481,1.3754,4.2871,0.1322,,,492,173
alice,3,28546133,956,0.1754,1.3702,4.4297,0.1322,,,492,155
alice,3,28546133,957,0.1222,1.3536,4.4141,0.1322,,,487,171
alice,3,28546133,958,0.1765,1.4445,4.2734,0.1322,,,504,152
alice,3,28546133,959,0.1491,1.4281,4.3242,0.1322,,,503,154
alice,3,28546133,960,0.1653,1.4316,4.3789,0.1322,,,500,149
alice,3,28546133,961,0.1378,1.3773,4.3828,0.1322,,,496,159
alice,3,28546133,962,0.1609,1.3536,4.4453,0.1322,,,504,139
alice,3,28546133,963,0.1401,1.4105,4.3418,0.1322,,,489,166
alice,3,28546133,964,0.1622,1.3324,4.4941,0.1322,,,495,136
alice,3,28546133,965,0.1609,1.1874,4.6797,0.1322,,,500,120
alice,3,28546133,966,0.1115,1.3398,4.4336,0.1322,,,494,147
alice,3,28546133,967,0.1192,1.3548,4.3477,0.1322,,,500,142
alice,3,28546133,968,0.1824,1.3274,4.4609,0.1322,,,490,150
alice,3,28546133,969,0.1539,1.4032,4.2559,0.1322,,,497,160
alice,3,28546133,970,0.1482,1.4127,4.4395,0.1322,,,494,164
alice,3,28546133,971,0.1432,1.4573,4.2891,0.1322,,,497,148
alice,3,28546133,972,0.1169,1.3701,4.3301,0.1322,,,499,152
alice,3,28546133,973,0.1531,1.29,4.4785,0.1322,,,499,150
alice,3,28546133,974,0.1396,1.4419,4.166,0.1322,,,500,162
alice,3,28546133,975,0.1647,1.1054,4.7578,0.1322,,,503,113
alice,3,28546133,976,0.1325,1.5554,4.0488,0.1322,,,494,179
alice,3,28546133,977,0.2183,1.4965,4.2305,0.1322,,,497,160
alice,3,28546133,978,0.1475,1.4577,4.4043,0.1322,,,495,174
alice,3,28546133,979,0.1321,1.3299,4.4355,0.1322,,,501,143
alice,3,28546133,980,0.1449,1.1602,4.7578,0.1322,,,505,117
alice,3,28546133,981,0.1429,1.4994,4.0684,0.1322,,,480,196
alice,3,28546133,982,0.1119,1.4634,4.2441,0.1322,,,495,165
alice,3,28546133,983,0.1473,1.1852,4.7852,0.1322,,,503,118
alice,3,28546133,984,0.1791,1.4396,4.293,0.1322,,,501,152
alice,3,28546133,985,0.1194,1.258,4.4336,0.1322,,,494,158
alice,3,28546133,986,0.1285,1.372,4.3496,0.1322,,,499,149
alice,3,28546133,987,0.1751,1.2862,4.5117,0.1322,,,498,135
alice,3,28546133,988,0.1306,1.1858,4.6074,0.1322,,,505,139
alice,3,28546133,989,0.1148,1.2931,4.5352,0.1322,,,502,133
alice,3,28546133,990,0.1651,1.372,4.3086,0.1322,,,494,154
alice,3,28546133,991,0.1207,1.5048,4.1992,0.1322,,,492,184
alice,3,28546133,992,0.1351,1.2615,4.6113,0.1322,,,506,142
alice,3,28546133,993,0.1219,1.2775,4.5273,0.1322,,,498,145
alice,3,28546133,994,0.1619,1.2339,4.625,0.1322,,,503,123
alice,3,28546133,995,0.1108,1.517,4.2441,0.1322,,,493,171
alice,3,28546133,996,0.1355,1.3629,4.4512,0.1322,,,500,144
alice,3,28546133,997,0.1501,1.3287,4.375,0.1322,,,501,142
alice,3,28546824,998,0.1301,1.0935,4.4727,0.1322,,,500,149
alice,3,28546824,999,0.2046,1.4768,3.8359,0.1322,,,506,110
alice,3,28546824,1000,0.179,0.9959,4.7344,0.1322,,,502,123
alice,3,28546824,1001,0.112,1.4739,3.8008,0.1322,,,478,220
alice,3,28546824,1002,0.0576,1.1204,4.6836,0.1322,,,501,155
alice,3,28546824,1003,0.1151,1.1941,4.3691,0.1322,,,504,143
alice,3,28546824,1004,0.1888,1.3561,4.1855,0.1322,,,503,132
alice,3,28546824,1005,0.0885,1.2023,4.5488,0.1322,,,503,136
alice,3,28546824,1006,0.1783,1.1766,4.4219,0.1322,,,507,113
alice,3,28546824,1007,0.1326,1.4604,4.1738,0.1322,,,479,225
alice,3,28546824,1008,0.1049,1.2473,4.5742,0.1322,,,500,148
alice,3,28546824,1009,0.1792,1.3158,4.4102,0.1322,,,505,113
alice,3,28546824,1010,0.1033,1.3168,4.3926,0.1322,,,494,154
alice,3,28546824,1011,0.1113,1.3495,4.332,0.1322,,,500,153
alice,3,28546824,1012,0.1615,1.4142,4.2949,0.1322,,,501,129
alice,3,28546824,1013,0.1285,1.1918,4.6992,0.1322,,,503,116
alice,3,28546824,1014,0.1398,1.4703,4.3379,0.1322,,,504,152
alice,3,28546824,1015,0.1179,1.4144,4.2188,0.1322,,,505,143
alice,3,28546824,1016,0.1076,1.3662,4.3223,0.1322,,,502,156
alice,3,28546824,1017,0.1576,1.309,4.4414,0.1322,,,504,133
alice,3,28546824,1018,0.1443,1.2263,4.4824,0.1322,,,500,146
alice,3,28546824,1019,0.1294,1.413,4.3379,0.1322,,,498,143
alice,3,28546824,1020,0.1283,1.3647,4.3555,0.1322,,,504,133
alice,3,28546824,1021,0.147,1.2504,4.4668,0.1322,,,509,112
alice,3,28546824,1022,0.0994,1.3271,4.4355,0.1322,,,505,140
alice,3,28546824,1023,0.1169,1.3937,4.2695,0.1322,,,502,158
alice,3,28546824,1024,0.1478,1.3379,4.4766,0.1322,,,503,122
alice,3,28546824,1025,0.1315,1.2633,4.4961,0.1322,,,501,129
alice,3,28546824,1026,0.1529,1.3054,4.5391,0.1322,,,502,140
alice,3,28546824,1027,0.1212,1.3849,4.2988,0.1322,,,504,132
alice,3,28546824,1028,0.1595,1.4487,4.2402,0.1322,,,497,147
alice,3,28546824,1029,0.1235,1.367,4.5156,0.1322,,,496,150
alice,3,28546824,1030,0.1654,1.2967,4.4258,0.1322,,,510,121
alice,3,28546824,1031,0.155,1.5055,4.3008,0.1322,,,503,138
alice,3,28546824,1032,0.1116,1.4482,4.3105,0.1322,,,502,141
alice,3,28546824,1033,0.1329,1.3919,4.3105,0.1322,,,505,138
alice,3,28546824,1034,0.1496,1.3101,4.5156,0.1322,,,499,130
alice,3,28546824,1035,0.1065,1.4219,4.3164,0.1322,,,500,158
alice,3,28546824,1036,0.1232,1.3612,4.3965,0.1322,,,501,145
alice,3,28546824,1037,0.1517,1.3701,4.3047,0.1322,,,503,131
alice,3,28546824,1038,0.121,1.3897,4.4648,0.1322,,,502,128
alice,3,28546824,1039,0.114,1.3142,4.4023,0.1322,,,505,150
alice,3,28546824,1040,0.1208,1.2476,4.5059,0.1322,,,504,130
alice,3,28546824,1041,0.1498,1.3654,4.3184,0.1322,,,498,146
alice,3,28546824,1042,0.1196,1.3313,4.3418,0.1322,,,494,152
alice,3,28546824,1043,0.1302,1.3181,4.4609,0.1322,,,502,140
alice,3,28546824,1044,0.1085,1.2662,4.4062,0.1322,,,501,146
alice,3,28546824,1045,0.1173,1.2501,4.457,0.1322,,,499,139
alice,3,28546824,1046,0.1543,1.4501,4.2344,0.1322,,,499,154
alice,3,28546824,1047,0.1261,1.3576,4.4434,0.1322,,,500,145
alice,3,28546824,1048,0.1281,1.2645,4.4355,0.1322,,,506,124
alice,3,28546824,1049,0.1231,1.3174,4.3516,0.1322,,,498,150
alice,3,28546824,1050,0.1272,1.3797,4.4375,0.1322,,,489,176
alice,3,28546824,1051,0.1274,1.4157,4.3027,0.1322,,,495,165
alice,3,28546824,1052,0.1381,1.3484,4.5195,0.1322,,,504,112
alice,3,28546824,1053,0.1219,1.3974,4.3711,0.1322,,,502,130
alice,3,28546824,1054,0.1285,1.3186,4.4629,0.1322,,,503,137
alice,3,28546824,1055,0.1608,1.3522,4.3887,0.1322,,,505,132
alice,3,28546824,1056,0.1162,1.5436,4.2109,0.1322,,,499,166
alice,3,28546824,1057,0.1219,1.3296,4.4004,0.1322,,,506,137
alice,3,28546824,1058,0.1341,1.3419,4.4727,0.1322,,,500,136
alice,3,28546824,1059,0.1192,1.2813,4.6504,0.1322,,,502,129
alice,3,28546824,1060,0.1565,1.3481,4.5215,0.1322,,,497,127
alice,3,28546824,1061,0.142,1.4752,4.2363,0.1322,,,494,156
alice,3,28546824,1062,0.122,1.5013,4.2402,0.1322,,,501,159
alice,3,28546824,1063,0.0993,1.3676,4.2832,0.1322,,,504,142
alice,3,28546824,1064,0.1515,1.2662,4.6289,0.1322,,,500,128
alice,3,28546824,1065,0.1174,1.466,4.1484,0.1322,,,495,175
alice,3,28546824,1066,0.1283,1.3953,4.2656,0.1322,,,499,150
alice,3,28546824,1067,0.1661,1.3135,4.4629,0.1322,,,504,129
alice,3,28546824,1068,0.1282,1.6067,3.9941,0.1322,,,497,184
alice,3,28546824,1069,0.1529,1.3873,4.5176,0.1322,,,500,156
alice,3,28546824,1070,0.1482,1.5378,4.0469,0.1322,,,495,176
alice,3,28546824,1071,0.1197,1.6747,4.0469,0.1322,,,488,213
alice,3,28546824,1072,0.1593,1.3015,4.4688,0.1322,,,504,143
alice,3,28546824,1073,0.0961,1.1603,4.8027,0.1322,,,505,120
alice,3,28546824,1074,0.1139,1.3846,4.2305,0.1322,,,496,168
alice,3,28546824,1075,0.1241,1.3384,4.3926,0.1322,,,495,154
alice,3,28546824,1076,0.1185,1.3321,4.3672,0.1322,,,507,129
alice,3,28546824,1077,0.1249,1.2365,4.5996,0.1322,,,498,134
alice,3,28546824,1078,0.1049,1.2453,4.5508,0.1322,,,497,145
alice,3,28546824,1079,0.1154,1.3276,4.375,0.1322,,,495,140
alice,3,28546824,1080,0.0937,1.3333,4.3516,0.1322,,,496,160
alice,3,28546824,1081,0.1229,1.275,4.4336,0.1322,,,505,129
alice,3,28546824,1082,0.1311,1.2553,4.5449,0.1322,,,509,117
alice,3,28546824,1083,0.1407,1.2264,4.5781,0.1322,,,509,106
alice,3,28546824,1084,0.1361,1.2054,4.5762,0.1322,,,506,122
alice,3,28546824,1085,0.1273,1.4715,4.2266,0.1322,,,497,167
alice,3,28546824,1086,0.1346,1.4314,4.2617,0.1322,,,502,146
alice,3,28546824,1087,0.109,1.4127,4.252,0.1322,,,499,160
alice,3,28546824,1088,0.1282,1.3584,4.3945,0.1322,,,497,158
alice,3,28546824,1089,0.1306,1.2126,4.6016,0.1322,,,510,116
alice,3,28546824,1090,0.1238,1.3783,4.3711,0.1322,,,499,144
alice,3,28546824,1091,0.1174,1.5592,3.9414,0.1322,,,496,186
alice,3,28546824,1092,0.1337,1.2936,4.4961,0.1322,,,500,139
alice,3,28546824,1093,0.1388,1.3415,4.3887,0.1322,,,498,136
alice,3,28546824,1094,0.1135,1.2965,4.5156,0.1322,,,506,130
alice,3,28546824,1095,0.1172,1.3267,4.5605,0.1322,,,507,127
alice,3,28546824,1096,0.0965,1.4922,4.1055,0.1322,,,501,151
alice,3,28546824,1097,0.1331,1.3279,4.3535,0.1322,,,497,139
alice,3,28546824,1098,0.1508,1.2544,4.5371,0.1322,,,497,131
alice,3,28546824,1099,0.1004,1.2777,4.5293,0.1322,,,505,131
alice,3,28546824,1100,0.104,1.3704,4.4688,0.1322,,,501,132
alice,3,28546824,1101,0.1365,1.4478,4.3105,0.1322,,,506,122
alice,3,28546824,1102,0.1098,1.3441,4.416,0.1322,,,504,133
alice,3,28546824,1103,0.1754,1.3661,4.3086,0.1322,,,504,151
alice,3,28546824,1104,0.0954,1.5431,4.1074,0.1322,,,486,213
alice,3,28546824,1105,0.1189,1.4416,4.4512,0.1322,,,502,152
alice,3,28546824,1106,0.1647,1.2363,4.502,0.1322,,,508,117
alice,3,28546824,1107,0.1207,1.3276,4.4043,0.1322,,,497,156
alice,3,28546824,1108,0.1084,1.4956,4.0566,0.1322,,,505,159
alice,3,28546824,1109,0.1129,1.3452,4.4395,0.1322,,,498,154
alice,3,28546824,1110,0.1291,1.3032,4.4316,0.1322,,,507,135
alice,3,28546824,1111,0.1082,1.319,4.4746,0.1322,,,506,146
alice,3,28546824,1112,0.1231,1.1993,4.6602,0.1322,,,498,136
alice,3,28546824,1113,0.1414,1.2831,4.4492,0.1322,,,504,119
alice,3,28546824,1114,0.1179,1.2411,4.5664,0.1322,,,501,127
alice,3,28546824,1115,0.1052,1.4022,4.2363,0.1322,,,499,145
alice,3,28546824,1116,0.1002,1.4322,4.1777,0.1322,,,502,168
alice,3,28546824,1117,0.1707,1.1415,4.6973,0.1322,,,505,117
alice,3,28546824,1118,0.117,1.4755,4.1387,0.1322,,,489,180
alice,3,28549904,1119,0.2476,1.5337,3.4609,0.1322,,,504,123
alice,3,28549904,1120,0.0759,1.0166,4.8105,0.1322,,,507,118
alice,3,28549904,1121,0.099,0.9282,4.7852,0.1322,,,506,102
alice,3,28549904,1122,0.1123,0.9559,4.6211,0.1322,,,506,104
alice,3,28549904,1123,0.1844,1.2576,4.3223,0.1322,,,501,131
alice,3,28549904,1124,0.1687,1.4369,4.0293,0.1322,,,504,125
alice,3,28549904,1125,0.0875,1.0601,4.6289,0.1322,,,505,106
alice,3,28549904,1126,0.1148,1.1402,4.6035,0.1322,,,511,112
alice,3,28549904,1127,0.1829,1.078,4.6465,0.1322,,,505,110
alice,3,28549904,1128,0.1375,1.396,4.2871,0.1322,,,496,151
alice,3,28549904,1129,0.1677,1.6468,3.8789,0.1322,,,493,168
alice,3,28549904,1130,0.1379,1.0418,4.7832,0.1322,,,510,90
alice,3,28549904,1131,0.1927,1.0875,4.7422,0.1322,,,500,124
alice,3,28549904,1132,0.0993,1.2826,4.4688,0.1322,,,494,148
bob,0,28528526,0,-0.0011,0.1078,0.12,,-1.0142,0.0563,,
bob,0,28528526,1,0.0024,0.1478,0.13999999999999999,,-1.0108,0.0853,,
bob,0,28528526,2,-0.0007,0.1016,0.1,,-1.0104,0.056,,
bob,0,28528526,3,0.0032,0.1813,0.18,,-1.0157,0.0986,,
bob,0,28528526,4,-0.0008,0.1519,0.18,,-1.0189,0.0897,,
bob,0,28528526,5,0.0009,0.248,0.27999999999999997,,-1.0271,0.1358,,
bob,0,28528526,6,-0.0001,0.1644,0.2,,-1.0075,0.0949,,
bob,0,28528526,7,0.0038,0.2288,0.22,,-1.0042,0.1304,,
bob,0,28528526,8,-0.0079,0.1593,0.2,,-1.0206,0.0936,,
bob,0,28528526,9,-0.0042,0.1185,0.13999999999999999,,-1.0223,0.0651,,
bob,0,28528526,10,0.0037,0.2613,0.3,,-1.006,0.1479,,
bob,0,28528526,11,-0.0002,0.1599,0.2,,-1.0324,0.0938,,
bob,0,28528526,12,-0.0022,0.1452,0.2,,-1.0183,0.0899,,
bob,0,28528526,13,0.0036,0.2471,0.32,,-1.0133,0.1398,,
bob,0,28528526,14,-0.006,0.1257,0.2,,-1.0278,0.0796,,
bob,0,28528526,15,0.0027,0.2484,0.36,,-1.0263,0.1531,,
bob,0,28528526,16,-0.0011,0.1881,0.27999999999999997,,-1.0055,0.1152,,
bob,0,28528526,17,-0.0007,0.2489,0.36,,-1.0252,0.1582,,
bob,0,28528526,18,-0.0056,0.1887,0.26,,-1.0241,0.1093,,
bob,0,28528526,19,-0.0039,0.2184,0.33999999999999997,,-1.027,0.1421,,
bob,0,28528526,20,-0.0016,0.2273,0.36,,-1.0279,0.1407,,
bob,0,28528526,21,-0.0055,0.165,0.3,,-1.014,0.1086,,
bob,0,28528526,22,-0.0059,0.1572,0.26,,-1.0325,0.0968,,
bob,0,28528526,23,-0.0022,0.1769,0.27999999999999997,,-1.0268,0.132,,
bob,0,28528526,24,-0.0021,0.1947,0.36,,-1.044,0.1202,,
bob,0,28528526,25,-0.0006,0.2547,0.45999999999999996,,-1.0355,0.1637,,
bob,0,28528526,26,0.0019,0.2111,0.36,,-1.0444,0.1415,,
bob,0,28528526,27,0.0019,0.2654,0.5,,-1.0409,0.1747,,
bob,0,28528526,28,-0.0057,0.1409,0.26,,-1.0489,0.0823,,
bob,0,28528526,29,-0.0045,0.1935,0.33999999999999997,,-1.066,0.1182,,
bob,0,28528526,30,-0.005,0.1558,0.3,,-1.0736,0.0987,,
bob,0,28528526,31,0.0017,0.2159,0.4,,-1.0562,0.1382,,
bob,0,28528526,32,-0.0025,0.2228,0.45999999999999996,,-1.0727,0.1412,,
bob,0,28528526,33,0.0001,0.2769,0.5599999999999999,,-1.0412,0.1737,,
bob,0,28528526,34,-0.0021,0.2018,0.4,,-1.0593,0.1235,,
bob,0,28528526,35,-0.0022,0.2751,0.5599999999999999,,-1.0283,0.1667,,
bob,0,28528526,36,0.0001,0.2417,0.48,,-1.0341,0.1512,,
bob,0,28528526,37,-0.003,0.2387,0.48,,-1.0698,0.1594,,
bob,0,28528526,38,-0.0086,0.2376,0.52,,-1.0485,0.1378,,
bob,0,28528526,39,-0.0003,0.219,0.48,,-1.0432,0.1439,,
bob,0,28528526,40,0.001,0.229,0.5,,-1.0581,0.1424,,
bob,0,28528526,41,0.0027,0.3,0.64,,-1.0804,0.1831,,
bob,0,28528526,42,0.0006,0.2808,0.6799999999999999,,-1.0553,0.1803,,
bob,0,28528526,43,-0.0016,0.2797,0.64,,-1.0494,0.1938,,
bob,0,28528526,44,-0.0045,0.2395,0.5599999999999999,,-1.0491,0.1505,,
bob,0,28528526,45,-0.0023,0.2633,0.64,,-1.0548,0.1645,,
bob,0,28528526,46,0.0007,0.2692,0.64,,-1.0447,0.1716,,
bob,0,28528526,47,-0.0026,0.2715,0.6799999999999999,,-1.0502,0.1761,,
bob,0,28528526,48,-0.0035,0.2362,0.6,,-1.0645,0.1608,,
bob,0,28528526,49,-0.0009,0.2528,0.58,,-1.0668,0.1523,,
bob,0,28528526,50,0.0001,0.2678,0.64,,-1.0449,0.1763,,
bob,0,28528526,51,0.0001,0.255,0.58,,-1.0448,0.1637,,
bob,0,28528526,52,0.0008,0.2625,0.6,,-1.0524,0.1655,,
bob,0,28528526,53,0.0005,0.2574,0.58,,-1.0421,0.1679,,
bob,0,28528526,54,0.001,0.2119,0.48,,-1.0627,0.1294,,
bob,0,28528526,55,0.0,0.2504,0.6,,-1.0474,0.1626,,
bob,0,28528526,56,-0.0048,0.2527,0.58,,-1.077,0.1561,,
bob,0,28528526,57,-0.0001,0.2072,0.5,,-1.086,0.1419,,
bob,0,28528526,58,0.0059,0.2204,0.6,,-1.0751,0.1497,,
bob,0,28528526,59,0.0021,0.2141,0.52,,-1.0491,0.1333,,
bob,0,28528526,60,0.0019,0.2441,0.5599999999999999,,-1.0648,0.1502,,
bob,0,28528526,61,0.0021,0.3169,0.72,,-1.0757,0.2,,
bob,0,28528526,62,0.0027,0.2694,0.72,,-1.0661,0.202,,
bob,0,28528526,63,-0.0007,0.236,0.54,,-1.0428,0.1558,,
bob,0,28528526,64,0.006,0.2379,0.62,,-1.0521,0.1495,,
bob,0,28528526,65,-0.0005,0.3083,0.74,,-1.0673,0.214,,
bob,0,28528526,66,0.0031,0.3098,0.76,,-1.0559,0.1915,,
bob,0,28528526,67,0.0037,0.2443,0.6,,-1.0644,0.1706,,
bob,0,28528526,68,-0.0,0.2199,0.5599999999999999,,-1.0687,0.1384,,
bob,0,28528526,69,-0.0002,0.2157,0.54,,-1.0717,0.1331,,
bob,0,28528526,70,0.0029,0.2899,0.74,,-1.0574,0.1875,,
bob,0,28528526,71,-0.0033,0.2017,0.52,,-1.0426,0.161,,
bob,0,28528526,72,0.003,0.2143,0.5599999999999999,,-1.0649,0.1347,,
bob,0,28528526,73,0.0035,0.2507,0.6799999999999999,,-1.068,0.1613,,
bob,0,28528526,74,0.0004,0.2501,0.6799999999999999,,-1.0904,0.158,,
bob,0,28528526,75,-0.0006,0.2293,0.62,,-1.0745,0.1525,,
bob,0,28528526,76,0.0056,0.2082,0.58,,-1.0606,0.1446,,
bob,0,28528526,77,-0.0037,0.3058,0.7000000000000001,,-1.0473,0.1768,,
bob,0,28528526,78,0.003,0.1871,0.52,,-1.0725,0.1335,,
bob,0,28528526,79,0.0024,0.2249,0.6799999999999999,,-1.0609,0.156,,
bob,0,28528526,80,0.0013,0.2522,0.7000000000000001,,-1.0713,0.1642,,
bob,0,28528526,81,0.0015,0.2596,0.74,,-1.081,0.1723,,
bob,0,28528526,82,0.0031,0.2558,0.74,,-1.0947,0.1766,,
bob,0,28528526,83,-0.0012,0.2375,0.6799999999999999,,-1.0667,0.1526,,
bob,0,28528526,84,0.0009,0.274,0.8200000000000001,,-1.0606,0.1901,,
bob,0,28528526,85,-0.0005,0.2498,0.7799999999999999,,-1.0693,0.1749,,
bob,0,28528526,86,-0.0052,0.2466,0.72,,-1.0816,0.164,,
bob,0,28528526,87,-0.0011,0.2796,0.86,,-1.0768,0.1875,,
bob,0,28528526,88,0.0014,0.2152,0.62,,-1.0543,0.147,,
bob,0,28528526,89,0.004,0.2415,0.74,,-1.0496,0.1709,,
bob,0,28528526,90,0.0007,0.2444,0.7799999999999999,,-1.0608,0.1766,,
bob,0,28528526,91,0.0005,0.2494,0.6799999999999999,,-1.06,0.1532,,
bob,0,28528526,92,-0.0009,0.2386,0.76,,-1.066,0.1829,,
bob,0,28528526,93,-0.0017,0.2284,0.76,,-1.0768,0.164,,
bob,0,28528526,94,-0.0016,0.2161,0.72,,-1.0601,0.158,,
bob,0,28528526,95,0.005,0.2097,0.7000000000000001,,-1.0698,0.1393,,
bob,0,28528526,96,0.002,0.2514,0.84,,-1.0729,0.1799,,
bob,0,28528526,97,0.0051,0.2476,0.74,,-1.0795,0.1547,,
bob,0,28528526,98,-0.0012,0.2271,0.74,,-1.0799,0.1554,,
bob,0,28528526,99,0.0033,0.2099,0.66,,-1.0801,0.1397,,
bob,0,28528526,100,0.0042,0.2293,0.6799999999999999,,-1.0737,0.1394,,
bob,0,28528526,101,0.0025,0.2383,0.84,,-1.0678,0.1714,,
bob,0,28528526,102,-0.0032,0.2867,0.8999999999999999,,-1.0623,0.1818,,
bob,0,28528526,103,-0.0048,0.2358,0.7000000000000001,,-1.067,0.1545,,
bob,0,28528526,104,0.0049,0.2585,0.8999999999999999,,-1.0583,0.1736,,
bob,0,28528526,105,-0.0002,0.2586,0.88,,-1.075,0.1775,,
bob,0,28528526,106,0.0064,0.2409,0.86,,-1.0659,0.1737,,
bob,0,28528526,107,0.0048,0.262,0.88,,-1.0831,0.1719,,
bob,0,28528526,108,-0.0017,0.2369,0.7799999999999999,,-1.0805,0.1688,,
bob,0,28528526,109,0.0021,0.2274,0.8,,-1.0755,0.155,,
bob,0,28528526,110,0.0022,0.2709,0.88,,-1.0784,0.1698,,
bob,0,28528526,111,-0.001,0.2665,0.8200000000000001,,-1.0704,0.1738,,
bob,0,28528526,112,0.0037,0.2091,0.7000000000000001,,-1.0672,0.1545,,
bob,0,28528526,113,-0.0022,0.2363,0.8,,-1.0827,0.165,,
bob,0,28528526,114,0.0023,0.2397,0.9199999999999999,,-1.0772,0.182,,
bob,0,28528526,115,0.0078,0.2585,0.98,,-1.0771,0.1887,,
bob,0,28528526,116,0.0136,0.2518,0.98,,-1.0639,0.1951,,
bob,0,28528526,117,0.001,0.3018,0.8,,-1.0615,0.1829,,
bob,0,28528526,118,-0.0005,0.2626,0.8,,-1.0586,0.1866,,
bob,0,28528526,119,0.0028,0.2433,0.76,,-1.0738,0.1703,,
bob,0,28528526,120,0.0014,0.293,0.9199999999999999,,-1.0861,0.1974,,
bob,0,28528526,121,0.004,0.2979,0.88,,-1.0777,0.1859,,
bob,0,28528526,122,0.0083,0.2314,0.7799999999999999,,-1.0837,0.1747,,
bob,0,28528526,123,0.0023,0.2521,0.86,,-1.0701,0.1769,,
bob,0,28528526,124,0.0021,0.2451,0.8999999999999999,,-1.0849,0.1636,,
bob,0,28528526,125,0.0058,0.2411,0.8200000000000001,,-1.0716,0.1547,,
bob,0,28528526,126,0.005,0.2244,0.84,,-1.057,0.1517,,
bob,0,28528526,127,0.0043,0.2477,0.9199999999999999,,-1.0683,0.1655,,
bob,0,28528526,128,0.007,0.2859,0.9400000000000001,,-1.0921,0.1752,,
bob,0,28528526,129,0.0062,0.2832,0.98,,-1.0805,0.197,,
bob,0,28528526,130,0.0059,0.2218,0.8200000000000001,,-1.0552,0.1754,,
bob,0,28528526,131,0.0063,0.2166,0.8,,-1.0763,0.1522,,
bob,0,28535138,132,-0.0115,0.2324,0.9400000000000001,,-1.0742,0.1689,,
bob,0,28535138,133,-0.0048,0.2529,1.04,,-1.0655,0.1914,,
bob,0,28535138,134,0.0044,0.1819,0.8999999999999999,,-1.101,0.153,,
bob,0,28535138,135,0.0066,0.2259,1.08,,-1.0952,0.1851,,
bob,0,28535138,136,0.0083,0.2365,1.2,,-1.0948,0.2056,,
bob,0,28535138,137,0.0089,0.211,0.9199999999999999,,-1.1019,0.1507,,
bob,0,28535138,138,0.0084,0.2449,1.1400000000000001,,-1.0968,0.1897,,
bob,0,28535138,139,0.0029,0.2573,1.0999999999999999,,-1.098,0.186,,
bob,0,28535138,140,-0.005,0.2469,1.1199999999999999,,-1.0985,0.188,,
bob,0,28535138,141,0.0018,0.2515,1.24,,-1.1077,0.2177,,
bob,0,28535138,142,-0.0001,0.2276,1.1400000000000001,,-1.104,0.1957,,
bob,0,28535138,143,0.0094,0.2355,1.16,,-1.1168,0.1929,,
bob,0,28535138,144,0.0028,0.2748,1.2,,-1.0844,0.2043,,
bob,0,28535138,145,0.0076,0.2543,1.16,,-1.0797,0.2,,
bob,0,28535138,146,0.0129,0.2805,1.2,,-1.0721,0.219,,
bob,0,28535138,147,0.0121,0.2364,0.98,,-1.0984,0.1753,,
bob,0,28535138,148,0.0094,0.2112,0.9400000000000001,,-1.1088,0.1638,,
bob,0,28535138,149,0.0103,0.2236,1.0,,-1.1092,0.161,,
bob,0,28535138,150,0.0024,0.2556,1.08,,-1.107,0.1783,,
bob,0,28535138,151,0.0112,0.2769,1.24,,-1.0971,0.2083,,
bob,0,28535138,152,0.0106,0.2655,1.16,,-1.0844,0.2031,,
bob,0,28535138,153,0.0066,0.2504,1.04,,-1.0992,0.1844,,
bob,0,28535138,154,0.0036,0.2711,1.22,,-1.0795,0.2055,,
bob,0,28535138,155,0.0098,0.2509,1.06,,-1.0825,0.1824,,
bob,0,28535138,156,0.0053,0.275,1.18,,-1.0938,0.1962,,
bob,0,28535138,157,0.0086,0.2461,1.08,,-1.0873,0.182,,
bob,0,28535138,158,0.006,0.2262,0.98,,-1.0802,0.1685,,
bob,0,28535138,159,0.0131,0.2577,1.1400000000000001,,-1.0899,0.1902,,
bob,0,28535138,160,0.0072,0.2493,1.0,,-1.0974,0.1709,,
bob,0,28535138,161,0.0076,0.2339,1.06,,-1.0943,0.175,,
bob,0,28535138,162,0.0092,0.271,1.1400000000000001,,-1.1064,0.1913,,
bob,0,28535138,163,0.0113,0.2778,1.04,,-1.0879,0.1932,,
bob,0,28535138,164,0.0071,0.2271,0.98,,-1.0999,0.1887,,
bob,0,28535138,165,0.0073,0.2603,1.1199999999999999,,-1.1034,0.1899,,
bob,0,28535138,166,0.0091,0.2604,1.08,,-1.0988,0.1896,,
bob,0,28535138,167,0.0043,0.2882,1.24,,-1.0968,0.2107,,
bob,0,28535138,168,0.0075,0.259,1.18,,-1.0864,0.1954,,
bob,0,28535138,169,0.0082,0.2297,0.98,,-1.1103,0.1688,,
bob,0,28535138,170,0.0071,0.2726,1.06,,-1.0905,0.176,,
bob,0,28535138,171,0.0053,0.255,1.0999999999999999,,-1.1062,0.1895,,
bob,0,28535138,172,0.0046,0.2681,1.22,,-1.1086,0.2042,,
bob,0,28535138,173,0.0021,0.285,1.16,,-1.1036,0.1914,,
bob,0,28535138,174,0.0057,0.2836,1.16,,-1.0947,0.1971,,
bob,0,28535138,175,0.0109,0.2379,1.08,,-1.0931,0.1871,,
bob,0,28535138,176,0.0197,0.2871,1.2,,-1.0971,0.2075,,
bob,0,28535138,177,0.0128,0.3006,1.24,,-1.1047,0.2097,,
bob,0,28535138,178,0.0075,0.2534,1.0999999999999999,,-1.1,0.187,,
bob,0,28535138,179,0.0158,0.2971,1.32,,-1.104,0.216,,
bob,0,28535138,180,0.0086,0.23,0.96,,-1.1125,0.1594,,
bob,0,28535138,181,0.0091,0.255,1.0999999999999999,,-1.1026,0.1909,,
bob,0,28535138,182,0.0087,0.2556,0.98,,-1.0978,0.1796,,
bob,0,28535138,183,0.0078,0.2509,1.1400000000000001,,-1.1042,0.2,,
bob,0,28535138,184,0.0135,0.2522,1.0999999999999999,,-1.0895,0.1835,,
bob,0,28535138,185,0.0136,0.293,1.38,,-1.0977,0.2196,,
bob,0,28535138,186,0.0116,0.2978,1.22,,-1.0904,0.205,,
bob,0,28535138,187,0.0075,0.2996,1.2,,-1.0919,0.2043,,
bob,0,28535138,188,0.0125,0.2733,1.18,,-1.0844,0.1967,,
bob,0,28535138,189,0.0102,0.2162,1.0,,-1.1005,0.1743,,
bob,0,28535138,190,0.0131,0.256,1.22,,-1.086,0.1972,,
bob,0,28535138,191,0.0096,0.2602,1.2,,-1.0949,0.1947,,
bob,0,28535138,192,0.0119,0.2282,1.08,,-1.0988,0.1824,,
bob,0,28535138,193,0.0112,0.3258,1.46,,-1.105,0.2337,,
bob,0,28535138,194,0.0068,0.2744,1.1400000000000001,,-1.1009,0.1958,,
bob,0,28535138,195,0.002,0.2756,1.1199999999999999,,-1.1102,0.1886,,
bob,0,28535138,196,0.0135,0.295,1.26,,-1.0788,0.2203,,
bob,0,28535138,197,0.0101,0.2667,1.08,,-1.1036,0.1901,,
bob,0,28535138,198,0.0058,0.2895,1.2,,-1.1066,0.2059,,
bob,0,28535138,199,0.0067,0.2798,1.28,,-1.1059,0.2133,,
bob,0,28535138,200,0.0069,0.2611,1.16,,-1.0911,0.1934,,
bob,0,28535138,201,0.0079,0.3045,1.2,,-1.1007,0.1988,,
bob,0,28535138,202,0.0065,0.2075,0.8999999999999999,,-1.1124,0.152,,
bob,0,28535138,203,0.0183,0.2807,1.32,,-1.1052,0.2147,,
bob,0,28535138,204,-0.0007,0.2193,0.9199999999999999,,-1.1207,0.1499,,
bob,0,28535138,205,0.013,0.2431,1.04,,-1.0939,0.1736,,
bob,0,28535138,206,0.0076,0.2907,1.1400000000000001,,-1.1077,0.1878,,
bob,0,28535138,207,0.0161,0.2629,1.16,,-1.1021,0.1906,,
bob,0,28535138,208,0.0102,0.254,1.0999999999999999,,-1.1049,0.186,,
bob,0,28535138,209,0.0113,0.2888,1.28,,-1.0886,0.2088,,
bob,0,28535138,210,0.0048,0.2585,1.0999999999999999,,-1.0957,0.1803,,
bob,0,28535138,211,0.0052,0.2752,1.16,,-1.0883,0.2046,,
bob,0,28535138,212,0.0062,0.2487,1.04,,-1.1005,0.1738,,
bob,0,28535138,213,0.015,0.2668,1.22,,-1.0947,0.2024,,
bob,0,28535138,214,0.0163,0.265,1.24,,-1.0971,0.204,,
bob,0,28535138,215,0.0071,0.2526,1.1199999999999999,,-1.1047,0.1949,,
bob,0,28535138,216,0.013,0.272,1.24,,-1.0966,0.202,,
bob,0,28535138,217,0.0093,0.2699,1.0999999999999999,,-1.0888,0.1846,,
bob,0,28535138,218,0.0098,0.2588,1.28,,-1.1129,0.2153,,
bob,0,28535138,219,0.0166,0.2721,1.24,,-1.0987,0.2028,,
bob,0,28535138,220,0.0154,0.306,1.32,,-1.0748,0.2137,,
bob,0,28535138,221,0.0113,0.2571,1.1199999999999999,,-1.1032,0.1854,,
bob,0,28535138,222,0.0142,0.2279,1.08,,-1.1005,0.1728,,
bob,0,28535138,223,0.0061,0.2467,1.08,,-1.1013,0.1765,,
bob,0,28535138,224,0.0125,0.253,1.02,,-1.1018,0.1707,,
bob,0,28535138,225,0.0149,0.2246,1.08,,-1.1056,0.1826,,
bob,0,28535138,226,0.0049,0.2556,1.0999999999999999,,-1.0917,0.1796,,
bob,0,28535138,227,0.0172,0.2774,1.4000000000000001,,-1.1021,0.2302,,
bob,0,28535138,228,0.0127,0.271,1.1400000000000001,,-1.1013,0.187,,
bob,0,28535138,229,0.0107,0.2672,1.32,,-1.1012,0.2141,,
bob,0,28535138,230,0.0045,0.2219,0.96,,-1.1104,0.1591,,
bob,0,28535138,231,0.0136,0.2346,1.08,,-1.1032,0.1776,,
bob,0,28535138,232,0.0148,0.2619,1.2,,-1.0861,0.1901,,
bob,0,28535138,233,0.0159,0.2386,1.16,,-1.1064,0.1883,,
bob,0,28535138,234,0.0117,0.2315,1.02,,-1.0853,0.1684,,
bob,0,28535138,235,0.0169,0.2429,1.0999999999999999,,-1.1121,0.1852,,
bob,0,28535138,236,0.0035,0.2347,1.04,,-1.1097,0.1695,,
bob,0,28535138,237,0.0072,0.2459,0.9400000000000001,,-1.094,0.1652,,
bob,0,28535138,238,0.0079,0.2552,1.02,,-1.0979,0.166,,
bob,0,28535138,239,0.0059,0.2535,1.0999999999999999,,-1.1026,0.18,,
bob,0,28535138,240,0.0116,0.2519,1.1400000000000001,,-1.0993,0.1846,,
bob,0,28535138,241,0.0058,0.253,1.02,,-1.1031,0.1637,,
bob,0,28535138,242,0.0064,0.2292,0.9199999999999999,,-1.1078,0.15,,
bob,0,28535138,243,0.0162,0.2793,1.3,,-1.1087,0.2092,,
bob,0,28535138,244,0.007,0.2557,1.1199999999999999,,-1.1073,0.1907,,
bob,0,28535138,245,0.0091,0.2402,1.02,,-1.1186,0.1613,,
bob,0,28535138,246,0.0112,0.2698,1.16,,-1.1009,0.2,,
bob,0,28535138,247,0.0108,0.2202,0.98,,-1.1099,0.1591,,
bob,0,28535138,248,0.0115,0.2808,1.2,,-1.1134,0.1933,,
bob,0,28535138,249,0.0108,0.266,1.18,,-1.0986,0.1935,,
bob,0,28535138,250,0.0049,0.24,1.0999999999999999,,-1.1024,0.1756,,
bob,0,28535138,251,0.0089,0.2372,1.04,,-1.1007,0.1749,,
bob,0,28535138,252,0.0185,0.2899,1.32,,-1.1004,0.2169,,
bob,0,28535138,253,0.0147,0.286,1.2,,-1.0753,0.2034,,
bob,0,28535138,254,0.0161,0.2198,1.06,,-1.1174,0.1694,,
bob,0,28535138,255,0.0148,0.2635,1.2,,-1.1062,0.1952,,
bob,0,28535138,256,0.0051,0.2232,1.04,,-1.1041,0.1718,,
bob,0,28535138,257,0.0077,0.2468,1.06,,-1.1303,0.167,,
bob,0,28535138,258,0.0143,0.2711,1.26,,-1.0962,0.2082,,
bob,0,28535138,259,0.0079,0.2623,1.1400000000000001,,-1.1119,0.1885,,
bob,0,28535138,260,0.008,0.2184,0.96,,-1.1164,0.1532,,
bob,0,28537169,261,-0.0047,0.1178,0.5,,-1.1264,0.0717,,
bob,0,28537169,262,0.0089,0.2001,1.1400000000000001,,-1.1151,0.1795,,
bob,0,28537169,263,0.0021,0.1985,1.02,,-1.1189,0.1598,,
bob,0,28537169,264,0.0063,0.1912,0.96,,-1.1414,0.1538,,
bob,0,28537169,265,0.0131,0.2038,1.02,,-1.0758,0.168,,
bob,0,28537169,266,0.0059,0.1976,0.96,,-1.1125,0.1492,,
bob,0,28537169,267,0.0094,0.2134,1.04,,-1.1322,0.1673,,
bob,0,28537169,268,0.0076,0.1999,0.9400000000000001,,-1.1118,0.1515,,
bob,0,28537169,269,0.0056,0.2151,0.8999999999999999,,-1.1229,0.1431,,
bob,0,28537169,270,0.0091,0.2182,1.0,,-1.0948,0.166,,
bob,0,28537169,271,0.0099,0.2033,1.08,,-1.1125,0.1758,,
bob,0,28537169,272,0.0184,0.2125,1.04,,-1.0998,0.1729,,
bob,0,28537169,273,0.0132,0.1706,0.84,,-1.1325,0.1393,,
bob,0,28537169,274,0.013,0.2161,0.96,,-1.1106,0.1519,,
bob,0,28537169,275,0.0118,0.1882,0.9400000000000001,,-1.13,0.1454,,
bob,0,28537169,276,0.03,0.2647,1.04,,-1.1023,0.1846,,
bob,0,28537169,277,0.0211,0.2508,1.04,,-1.0944,0.1944,,
bob,0,28537169,278,0.0133,0.2361,0.9199999999999999,,-1.1322,0.1582,,
bob,0,28537169,279,0.0136,0.2283,1.04,,-1.1414,0.1627,,
bob,0,28537169,280,0.0211,0.264,1.16,,-1.1054,0.1873,,
bob,0,28537169,281,0.0177,0.1963,0.88,,-1.1188,0.1411,,
bob,0,28537169,282,0.0151,0.1908,0.74,,-1.09,0.119,,
bob,0,28537169,283,0.0182,0.1871,0.8200000000000001,,-1.1042,0.1285,,
bob,0,28537169,284,0.0415,0.2401,0.8999999999999999,,-1.0753,0.167,,
bob,0,28537169,285,0.018,0.2166,0.8200000000000001,,-1.0973,0.1628,,
bob,0,28537169,286,0.0109,0.2618,1.02,,-1.1197,0.1865,,
bob,0,28537169,287,0.0091,0.2104,0.8,,-1.1627,0.1432,,
bob,0,28537169,288,0.0129,0.167,0.72,,-1.1484,0.1133,,
bob,0,28537169,289,0.0225,0.2448,1.0,,-1.0933,0.1739,,
bob,0,28537169,290,0.0086,0.1625,0.74,,-1.1333,0.1176,,
bob,0,28537169,291,0.0114,0.1448,0.7000000000000001,,-1.1464,0.1087,,
bob,0,28537169,292,0.0136,0.1834,0.8200000000000001,,-1.1274,0.1346,,
bob,0,28537169,293,0.0076,0.1704,0.7799999999999999,,-1.1416,0.1222,,
bob,0,28537169,294,0.0057,0.2029,0.8,,-1.1106,0.1315,,
bob,0,28537169,295,0.006,0.1345,0.66,,-1.1375,0.1035,,
bob,0,28537169,296,0.028,0.2926,1.1199999999999999,,-1.0596,0.1927,,
bob,0,28537169,297,0.0083,0.1851,0.8200000000000001,,-1.1115,0.1432,,
bob,0,28537169,298,0.01,0.1239,0.6,,-1.1707,0.09,,
bob,0,28537169,299,0.01,0.1099,0.48,,-1.1414,0.069,,
bob,0,28537169,300,0.013,0.1725,0.76,,-1.0896,0.1195,,
bob,0,28537169,301,0.0147,0.2091,0.86,,-1.0728,0.1417,,
bob,0,28537169,302,0.0076,0.1791,0.86,,-1.1102,0.1364,,
bob,0,28537169,303,0.0055,0.1495,0.6,,-1.0922,0.1,,
bob,0,28537169,304,0.0075,0.193,0.7799999999999999,,-1.1054,0.1166,,
bob,0,28537169,305,0.0087,0.1727,0.7000000000000001,,-1.1044,0.1093,,
bob,0,28537169,306,0.0085,0.1575,0.62,,-1.0994,0.0938,,
bob,0,28537169,307,0.0065,0.1442,0.66,,-1.0954,0.1053,,
bob,0,28537169,308,0.011,0.199,0.8,,-1.0869,0.1283,,
bob,0,28537169,309,0.0054,0.1404,0.5599999999999999,,-1.0974,0.083,,
bob,0,28537169,310,0.0144,0.1871,0.8,,-1.1077,0.1223,,
bob,0,28537169,311,0.0098,0.2006,0.88,,-1.0891,0.1388,,
bob,0,28537169,312,0.0088,0.1969,0.8,,-1.0956,0.1275,,
bob,0,28537169,313,0.0088,0.198,0.88,,-1.0869,0.1408,,
bob,0,28537169,314,0.0088,0.2433,0.86,,-1.0889,0.1402,,
bob,0,28537169,315,0.0084,0.1562,0.62,,-1.0933,0.0977,,
bob,0,28537169,316,0.0085,0.1869,0.7799999999999999,,-1.0872,0.1235,,
bob,0,28537169,317,0.0113,0.186,0.76,,-1.1066,0.119,,
bob,0,28537169,318,0.0171,0.2264,0.8999999999999999,,-1.1092,0.1431,,
bob,0,28537169,319,0.0139,0.2306,0.8200000000000001,,-1.0874,0.1352,,
bob,0,28537169,320,0.0136,0.1757,0.74,,-1.0906,0.1185,,
bob,0,28537169,321,0.0192,0.2075,0.96,,-1.1027,0.1515,,
bob,0,28537169,322,0.0143,0.139,0.54,,-1.1057,0.0921,,
bob,0,28537169,323,0.0107,0.1394,0.6799999999999999,,-1.0926,0.1071,,
bob,0,28537169,324,0.0118,0.1675,0.7000000000000001,,-1.0943,0.1084,,
bob,0,28537169,325,0.0137,0.1855,0.7799999999999999,,-1.0901,0.1276,,
bob,0,28537169,326,0.0143,0.1631,0.72,,-1.1097,0.1104,,
bob,0,28537169,327,0.0109,0.1402,0.6799999999999999,,-1.0878,0.1074,,
bob,0,28537169,328,0.0116,0.1679,0.66,,-1.0906,0.1088,,
bob,0,28537169,329,0.0106,0.1842,0.76,,-1.0982,0.1242,,
bob,0,28537169,330,0.0081,0.1926,0.86,,-1.0965,0.1405,,
bob,0,28537169,331,0.0082,0.1757,0.74,,-1.1044,0.1162,,
bob,0,28537169,332,0.0126,0.1797,0.76,,-1.0812,0.1222,,
bob,0,28537169,333,0.0123,0.1832,0.8,,-1.0956,0.124,,
bob,0,28537169,334,0.0138,0.2023,0.9199999999999999,,-1.0887,0.1443,,
bob,0,28537169,335,0.013,0.1611,0.76,,-1.0952,0.1185,,
bob,0,28537169,336,0.0085,0.1999,0.88,,-1.0957,0.144,,
bob,0,28537169,337,0.0091,0.1545,0.7000000000000001,,-1.1056,0.1091,,
bob,0,28537169,338,0.0137,0.228,0.9199999999999999,,-1.0809,0.1466,,
bob,0,28537169,339,0.01,0.2066,0.9199999999999999,,-1.0965,0.1477,,
bob,0,28537169,340,0.0086,0.2325,0.8200000000000001,,-1.0985,0.1302,,
bob,0,28537169,341,0.0086,0.1572,0.66,,-1.0971,0.1049,,
bob,0,28537169,342,0.0082,0.1754,0.72,,-1.0965,0.1147,,
bob,0,28537169,343,0.0107,0.232,0.96,,-1.0876,0.1582,,
bob,0,28537169,344,0.0097,0.2101,0.84,,-1.0786,0.1362,,
bob,0,28537169,345,0.0043,0.1929,0.7000000000000001,,-1.0946,0.115,,
bob,0,28537169,346,0.0095,0.1657,0.74,,-1.1106,0.1135,,
bob,0,28537169,347,0.0097,0.1979,0.8200000000000001,,-1.0893,0.1267,,
bob,0,28537169,348,0.0126,0.1839,0.76,,-1.0973,0.1162,,
bob,0,28537169,349,0.0102,0.1494,0.6,,-1.0951,0.0943,,
bob,0,28537169,350,0.0102,0.1758,0.74,,-1.102,0.1162,,
bob,0,28537169,351,0.0157,0.1996,0.9199999999999999,,-1.0858,0.1496,,
bob,0,28537169,352,0.0077,0.1738,0.8,,-1.0981,0.126,,
bob,0,28537169,353,0.0071,0.1893,0.76,,-1.0648,0.1207,,
bob,0,28537169,354,0.0119,0.2109,0.8,,-1.0866,0.1284,,
bob,0,28537169,355,0.0164,0.1731,0.8,,-1.0991,0.1247,,
bob,0,28537169,356,0.0108,0.1958,0.8200000000000001,,-1.0907,0.1286,,
bob,0,28537169,357,0.012,0.206,0.8,,-1.0958,0.1243,,
bob,0,28537169,358,0.0072,0.2042,0.8200000000000001,,-1.095,0.128,,
bob,0,28537169,359,0.0056,0.163,0.72,,-1.0993,0.114,,
bob,0,28537169,360,0.0052,0.19,0.8200000000000001,,-1.0923,0.1325,,
bob,0,28537169,361,0.0061,0.202,0.9199999999999999,,-1.0932,0.146,,
bob,0,28537169,362,0.0051,0.2088,0.88,,-1.0789,0.1408,,
bob,0,28537169,363,0.0085,0.1314,0.62,,-1.1072,0.0956,,
bob,0,28537169,364,0.0115,0.2011,0.8,,-1.0963,0.1273,,
bob,0,28537169,365,0.0144,0.1841,0.76,,-1.099,0.1212,,
bob,0,28537169,366,0.0095,0.1623,0.72,,-1.0793,0.1145,,
bob,0,28537169,367,0.0076,0.1975,0.86,,-1.0886,0.1417,,
bob,0,28537169,368,0.0089,0.1957,0.8999999999999999,,-1.0956,0.1429,,
bob,0,28537169,369,0.0087,0.1754,0.8200000000000001,,-1.1044,0.1278,,
bob,0,28537169,370,0.0136,0.2268,1.04,,-1.097,0.1641,,
bob,0,28537169,371,0.0116,0.2143,0.8,,-1.0998,0.1353,,
bob,0,28537169,372,0.0103,0.2124,1.0,,-1.1047,0.1597,,
bob,0,28537169,373,0.0031,0.1878,0.84,,-1.086,0.1337,,
bob,0,28537169,374,0.0086,0.2043,0.8999999999999999,,-1.0873,0.1426,,
bob,0,28537169,375,0.0148,0.1895,0.7799999999999999,,-1.1031,0.1255,,
bob,0,28537169,376,0.0103,0.1799,0.84,,-1.1021,0.1352,,
bob,0,28537169,377,0.0102,0.2344,0.98,,-1.0983,0.152,,
bob,0,28537169,378,0.0068,0.1845,0.76,,-1.0902,0.1272,,
bob,0,28537169,379,0.017,0.2382,1.06,,-1.0952,0.1673,,
bob,0,28537169,380,0.0039,0.1904,0.88,,-1.1008,0.1377,,
bob,0,28537169,381,0.0112,0.1822,0.7799999999999999,,-1.1022,0.122,,
bob,0,28537169,382,0.0081,0.2565,1.08,,-1.0731,0.1857,,
bob,0,28537169,383,0.0136,0.1804,0.86,,-1.0959,0.1379,,
bob,0,28537169,384,0.0112,0.183,0.74,,-1.0922,0.1152,,
bob,0,28537169,385,0.011,0.2534,1.08,,-1.077,0.1714,,
bob,0,28537169,386,0.0105,0.1764,0.74,,-1.1071,0.1152,,
bob,0,28537169,387,0.0145,0.2108,0.8200000000000001,,-1.0911,0.1309,,
bob,0,28537169,388,0.0136,0.1968,0.9400000000000001,,-1.083,0.1484,,
bob,0,28538112,389,0.0085,0.1427,0.72,,-1.1209,0.1109,,
bob,0,28538112,390,0.0055,0.1259,0.64,,-1.1237,0.0931,,
bob,0,28538112,391,0.0107,0.1636,0.84,,-1.0922,0.128,,
bob,0,28538112,392,0.0051,0.1559,0.76,,-1.1088,0.1152,,
bob,0,28538112,393,0.0176,0.1304,0.58,,-1.0745,0.0868,,
bob,0,28538112,394,0.0118,0.157,0.8,,-1.1106,0.1187,,
bob,0,28538112,395,0.0176,0.1752,0.84,,-1.0945,0.1295,,
bob,0,28538112,396,0.0135,0.1446,0.66,,-1.0862,0.1008,,
bob,0,28538112,397,0.009,0.2065,0.7000000000000001,,-1.096,0.1142,,
bob,0,28538112,398,0.0127,0.1617,0.8,,-1.1155,0.1225,,
bob,0,28538112,399,0.0222,0.1605,0.74,,-1.1021,0.1156,,
bob,0,28538112,400,0.0213,0.2471,0.8999999999999999,,-1.058,0.1534,,
bob,0,28538112,401,0.0167,0.2508,0.8999999999999999,,-1.0733,0.1464,,
bob,0,28538112,402,0.0185,0.2138,0.8999999999999999,,-1.0758,0.1507,,
bob,0,28538112,403,0.0203,0.1769,0.7799999999999999,,-1.0798,0.1284,,
bob,0,28538112,404,0.0201,0.1832,0.8200000000000001,,-1.0769,0.1339,,
bob,0,28538112,405,0.017,0.201,0.8200000000000001,,-1.0876,0.1321,,
bob,0,28538112,406,0.0208,0.2279,1.0,,-1.0795,0.1619,,
bob,0,28538112,407,0.0131,0.1964,0.72,,-1.0952,0.1122,,
bob,0,28538112,408,0.016,0.1907,0.8200000000000001,,-1.0783,0.1298,,
bob,0,28538112,409,0.0163,0.1948,0.8999999999999999,,-1.0705,0.1473,,
bob,0,28538112,410,0.0184,0.2021,0.8200000000000001,,-1.0878,0.131,,
bob,0,28538112,411,0.0224,0.2046,0.9400000000000001,,-1.0803,0.1537,,
bob,0,28538112,412,0.0173,0.184,0.8999999999999999,,-1.0799,0.142,,
bob,0,28538112,413,0.0151,0.2015,0.8,,-1.0749,0.1286,,
bob,0,28538112,414,0.0097,0.2391,0.96,,-1.0715,0.1567,,
bob,0,28538112,415,0.0174,0.208,0.9199999999999999,,-1.0825,0.1454,,
bob,0,28538112,416,0.0256,0.2023,0.9400000000000001,,-1.0866,0.1516,,
bob,0,28538112,417,0.0165,0.2498,1.06,,-1.0899,0.1756,,
bob,0,28538112,418,0.0151,0.2257,0.96,,-1.0681,0.1577,,
bob,0,28538112,419,0.021,0.1964,0.88,,-1.0701,0.144,,
bob,0,28538112,420,0.0236,0.1678,0.8200000000000001,,-1.0653,0.1306,,
bob,0,28538112,421,0.0194,0.2051,0.86,,-1.0724,0.1388,,
bob,0,28538112,422,0.0156,0.1994,0.9199999999999999,,-1.0705,0.1471,,
bob,0,28538112,423,0.0154,0.2089,0.8999999999999999,,-1.0749,0.144,,
bob,0,28538112,424,0.0184,0.1976,0.8999999999999999,,-1.0787,0.144,,
bob,0,28538112,425,0.0176,0.1918,0.84,,-1.0561,0.1404,,
bob,0,28538112,426,0.0213,0.2154,0.96,,-1.0837,0.15,,
bob,0,28538112,427,0.0154,0.2225,0.9400000000000001,,-1.0714,0.1474,,
bob,0,28538112,428,0.0134,0.1799,0.7000000000000001,,-1.0837,0.1127,,
bob,0,28538112,429,0.0253,0.2384,1.22,,-1.0829,0.2004,,
bob,0,28538112,430,0.0171,0.2673,0.98,,-1.0857,0.1646,,
bob,0,28538112,431,0.0138,0.2583,1.06,,-1.0772,0.1755,,
bob,0,28538112,432,0.0179,0.2293,1.04,,-1.0958,0.1697,,
bob,0,28538112,433,0.0125,0.2123,0.86,,-1.0921,0.1391,,
bob,0,28538112,434,0.0209,0.252,1.1199999999999999,,-1.0858,0.1798,,
bob,0,28538112,435,0.023,0.2711,1.2,,-1.1064,0.1932,,
bob,0,28538112,436,0.0211,0.2753,1.1199999999999999,,-1.0887,0.1884,,
bob,0,28538112,437,0.0149,0.2758,1.0999999999999999,,-1.0783,0.1918,,
bob,0,28538112,438,0.0146,0.2142,0.84,,-1.0883,0.1369,,
bob,0,28538112,439,0.0176,0.2439,1.08,,-1.0717,0.1777,,
bob,0,28538112,440,0.0144,0.2318,1.0,,-1.0717,0.1681,,
bob,0,28538112,441,0.0143,0.2365,0.98,,-1.0872,0.1566,,
bob,0,28538112,442,0.0154,0.2406,1.04,,-1.085,0.1707,,
bob,0,28538112,443,0.0229,0.3142,1.34,,-1.0738,0.2177,,
bob,0,28538112,444,0.0139,0.2029,0.8,,-1.0879,0.1336,,
bob,0,28538112,445,0.015,0.2647,1.18,,-1.0869,0.2013,,
bob,0,28538112,446,0.011,0.2208,0.84,,-1.0897,0.1384,,
bob,0,28538112,447,0.0164,0.253,1.0999999999999999,,-1.0764,0.1805,,
bob,0,28538112,448,0.0167,0.2222,1.0,,-1.0786,0.1597,,
bob,0,28538112,449,0.0169,0.2224,0.96,,-1.0848,0.1608,,
bob,0,28538112,450,0.0166,0.1939,0.84,,-1.0828,0.1389,,
bob,0,28538112,451,0.0127,0.1789,0.74,,-1.0849,0.1161,,
bob,0,28538112,452,0.013,0.2016,0.96,,-1.0799,0.1482,,
bob,0,28538112,453,0.0114,0.2524,1.06,,-1.0739,0.1741,,
bob,0,28538112,454,0.0071,0.2174,0.8200000000000001,,-1.1071,0.1343,,
bob,0,28538112,455,0.0209,0.188,0.8999999999999999,,-1.1024,0.1434,,
bob,0,28538112,456,0.0189,0.1998,0.98,,-1.0882,0.1585,,
bob,0,28538112,457,0.0117,0.2098,0.9199999999999999,,-1.0968,0.1443,,
bob,0,28538112,458,0.0162,0.2258,0.98,,-1.0953,0.1526,,
bob,0,28538112,459,0.0074,0.2135,0.96,,-1.0752,0.1571,,
bob,0,28538112,460,0.0114,0.2439,1.06,,-1.079,0.171,,
bob,0,28538112,461,0.0227,0.2851,1.16,,-1.08,0.1886,,
bob,0,28538112,462,0.0089,0.2089,1.04,,-1.0733,0.168,,
bob,0,28538112,463,0.0129,0.2211,0.9199999999999999,,-1.0817,0.1518,,
bob,0,28538112,464,0.0067,0.1715,0.86,,-1.0875,0.1417,,
bob,0,28538112,465,0.0071,0.211,0.98,,-1.0945,0.1591,,
bob,0,28538112,466,0.0192,0.2013,0.9400000000000001,,-1.1085,0.1462,,
bob,0,28538112,467,0.0055,0.2279,0.88,,-1.0979,0.1405,,
bob,0,28538112,468,0.0044,0.255,0.96,,-1.1017,0.1529,,
bob,0,28538112,469,0.0075,0.2211,1.08,,-1.1004,0.1707,,
bob,0,28538112,470,0.009,0.2337,1.02,,-1.0822,0.1636,,
bob,0,28538112,471,0.0151,0.1763,0.8,,-1.0893,0.1265,,
bob,0,28538112,472,0.0165,0.2601,1.04,,-1.0837,0.1653,,
bob,0,28538112,473,0.0131,0.2234,1.0,,-1.0873,0.1593,,
bob,0,28538112,474,0.0194,0.2362,1.0999999999999999,,-1.0827,0.1751,,
bob,0,28538112,475,0.017,0.1866,0.8,,-1.0903,0.1235,,
bob,0,28538112,476,0.02,0.1894,0.8200000000000001,,-1.0925,0.1283,,
bob,0,28538112,477,0.0102,0.2485,1.16,,-1.0737,0.1954,,
bob,0,28538112,478,0.0092,0.2028,0.98,,-1.1014,0.1582,,
bob,0,28538112,479,0.0165,0.2404,0.98,,-1.0889,0.1511,,
bob,0,28538112,480,0.0093,0.2201,1.08,,-1.0825,0.1687,,
bob,0,28538112,481,0.0179,0.234,1.02,,-1.095,0.1634,,
bob,0,28538112,482,0.0189,0.2229,1.06,,-1.0791,0.177,,
bob,0,28538112,483,0.0126,0.2145,0.9199999999999999,,-1.0886,0.15,,
bob,0,28538112,484,0.0095,0.238,1.16,,-1.079,0.1919,,
bob,0,28538112,485,0.0062,0.2262,0.9400000000000001,,-1.0909,0.1516,,
bob,0,28538112,486,0.0031,0.2241,0.86,,-1.0819,0.1399,,
bob,0,28538112,487,0.0091,0.258,1.0999999999999999,,-1.0942,0.1781,,
bob,0,28538112,488,0.0087,0.2379,1.08,,-1.088,0.1707,,
bob,0,28538112,489,0.007,0.2729,0.96,,-1.0569,0.171,,
bob,0,28538112,490,0.0034,0.2473,1.08,,-1.0924,0.1772,,
bob,0,28538112,491,0.0028,0.2549,1.16,,-1.0885,0.1846,,
bob,0,28538112,492,0.0189,0.2518,0.98,,-1.0867,0.1535,,
bob,0,28538112,493,0.0151,0.2489,1.1400000000000001,,-1.0599,0.1869,,
bob,0,28538112,494,0.01,0.2988,1.22,,-1.0777,0.1972,,
bob,0,28538112,495,0.0237,0.2251,1.1199999999999999,,-1.0927,0.1753,,
bob,0,28538112,496,0.0113,0.2217,0.98,,-1.062,0.1577,,
bob,0,28538112,497,0.0172,0.2416,1.0999999999999999,,-1.076,0.1743,,
bob,0,28538112,498,0.0277,0.2238,1.08,,-1.0819,0.1792,,
bob,0,28538112,499,0.0245,0.2324,1.16,,-1.0824,0.1824,,
bob,0,28538112,500,0.018,0.2246,1.0,,-1.0959,0.1589,,
bob,0,28538112,501,0.02,0.2365,1.08,,-1.0946,0.171,,
bob,0,28538112,502,0.012,0.2246,1.04,,-1.0815,0.1687,,
bob,0,28538112,503,0.0087,0.2413,1.08,,-1.0759,0.173,,
bob,0,28538112,504,0.0061,0.2191,0.9400000000000001,,-1.0854,0.1443,,
bob,0,28538112,505,0.0169,0.2568,1.16,,-1.0765,0.1867,,
bob,0,28538112,506,0.0179,0.2893,1.18,,-1.0827,0.1895,,
bob,0,28538112,507,0.0018,0.236,0.96,,-1.0775,0.1474,,
bob,0,28539866,508,0.0094,0.2358,1.0999999999999999,,-1.0566,0.183,,
bob,0,28539866,509,0.001,0.1956,0.8999999999999999,,-1.0881,0.147,,
bob,0,28539866,510,0.0072,0.2124,1.02,,-1.0693,0.1614,,
bob,0,28539866,511,0.0014,0.2052,0.96,,-1.0762,0.1518,,
bob,0,28539866,512,-0.0017,0.2216,1.02,,-1.0642,0.1596,,
bob,0,28539866,513,0.0094,0.2018,0.9199999999999999,,-1.074,0.1434,,
bob,0,28539866,514,0.0052,0.1952,0.8999999999999999,,-1.0791,0.1369,,
bob,0,28539866,515,0.005,0.2432,1.06,,-1.0609,0.1729,,
bob,0,28539866,516,0.0042,0.2485,1.02,,-1.0934,0.1643,,
bob,0,28539866,517,0.0066,0.2387,1.16,,-1.0852,0.1836,,
bob,0,28539866,518,-0.0013,0.2429,0.8999999999999999,,-1.0706,0.1479,,
bob,0,28539866,519,0.0067,0.1814,0.8999999999999999,,-1.084,0.1429,,
bob,0,28539866,520,0.0079,0.2178,0.9400000000000001,,-1.0764,0.1493,,
bob,0,28539866,521,0.0039,0.1824,0.8200000000000001,,-1.0796,0.1297,,
bob,0,28539866,522,0.0048,0.1913,0.88,,-1.0801,0.1369,,
bob,0,28539866,523,0.0005,0.1871,0.86,,-1.0895,0.1329,,
bob,0,28539866,524,0.0081,0.2255,1.04,,-1.0856,0.1629,,
bob,0,28539866,525,0.0117,0.2547,1.0999999999999999,,-1.0888,0.1772,,
bob,0,28539866,526,0.0098,0.2958,1.22,,-1.0807,0.196,,
bob,0,28539866,527,0.008,0.2575,1.16,,-1.0953,0.1827,,
bob,0,28539866,528,0.0061,0.237,1.1199999999999999,,-1.0675,0.1771,,
bob,0,28539866,529,0.0062,0.2161,1.08,,-1.0938,0.1696,,
bob,0,28539866,530,0.0078,0.2799,1.1199999999999999,,-1.0913,0.1857,,
bob,0,28539866,531,0.0109,0.2421,1.04,,-1.0821,0.1657,,
bob,0,28539866,532,0.0046,0.2508,1.0999999999999999,,-1.0858,0.1841,,
bob,0,28539866,533,0.0051,0.257,1.0999999999999999,,-1.0901,0.1805,,
bob,0,28539866,534,0.008,0.2861,1.24,,-1.0762,0.2079,,
bob,0,28539866,535,0.0072,0.2422,1.1199999999999999,,-1.0739,0.1746,,
bob,0,28539866,536,0.0063,0.2297,1.1199999999999999,,-1.099,0.1772,,
bob,0,28539866,537,0.0044,0.2667,1.0999999999999999,,-1.0927,0.1798,,
bob,0,28539866,538,0.0009,0.2675,1.18,,-1.0736,0.1934,,
bob,0,28539866,539,0.0043,0.2441,1.02,,-1.1016,0.1571,,
bob,0,28539866,540,0.0112,0.2528,1.0999999999999999,,-1.077,0.1788,,
bob,0,28539866,541,0.0084,0.2018,0.88,,-1.0865,0.1399,,
bob,0,28539866,542,0.008,0.2254,1.08,,-1.0845,0.169,,
bob,0,28539866,543,0.0117,0.2937,1.38,,-1.0916,0.2155,,
bob,0,28539866,544,0.0071,0.252,1.08,,-1.0821,0.1723,,
bob,0,28539866,545,0.0087,0.236,0.98,,-1.0671,0.1578,,
bob,0,28539866,546,0.0086,0.2248,0.98,,-1.0696,0.1585,,
bob,0,28539866,547,0.0121,0.2178,0.98,,-1.0911,0.1552,,
bob,0,28539866,548,0.0093,0.2304,0.9400000000000001,,-1.0811,0.148,,
bob,0,28539866,549,0.0082,0.2448,1.06,,-1.0841,0.173,,
bob,0,28539866,550,0.0088,0.1936,0.9400000000000001,,-1.0898,0.1487,,
bob,0,28539866,551,0.0016,0.2536,1.04,,-1.0741,0.163,,
bob,0,28539866,552,0.0067,0.2422,1.0999999999999999,,-1.0919,0.1703,,
bob,0,28539866,553,0.008,0.2284,0.98,,-1.0856,0.1505,,
bob,0,28539866,554,0.0072,0.2416,1.02,,-1.0667,0.1633,,
bob,0,28539866,555,0.0057,0.2515,1.1199999999999999,,-1.0891,0.1726,,
bob,0,28539866,556,0.0125,0.2657,1.1400000000000001,,-1.0696,0.18,,
bob,0,28539866,557,0.0124,0.2372,1.1400000000000001,,-1.0684,0.1865,,
bob,0,28539866,558,0.0024,0.265,1.06,,-1.0858,0.1728,,
bob,0,28539866,559,0.0057,0.2791,1.2,,-1.0791,0.1869,,
bob,0,28539866,560,0.0133,0.2582,1.1400000000000001,,-1.092,0.1789,,
bob,0,28539866,561,0.0075,0.2346,1.02,,-1.0856,0.1667,,
bob,0,28539866,562,0.0092,0.1755,0.7799999999999999,,-1.0799,0.12,,
bob,0,28539866,563,0.005,0.2185,0.96,,-1.0868,0.1482,,
bob,0,28539866,564,0.0127,0.2795,1.26,,-1.0732,0.2028,,
bob,0,28539866,565,0.008,0.2288,1.0999999999999999,,-1.0822,0.179,,
bob,0,28539866,566,0.0121,0.2264,1.06,,-1.0839,0.1633,,
bob,0,28539866,567,0.01,0.2567,1.04,,-1.0749,0.1726,,
bob,0,28539866,568,0.0054,0.2571,1.06,,-1.0875,0.1789,,
bob,0,28539866,569,0.009,0.2263,1.06,,-1.0942,0.1704,,
bob,0,28539866,570,0.006,0.2817,1.1199999999999999,,-1.0592,0.1887,,
bob,0,28539866,571,0.0075,0.2021,0.9400000000000001,,-1.0951,0.1457,,
bob,0,28539866,572,0.0032,0.2255,0.9199999999999999,,-1.0796,0.1417,,
bob,0,28539866,573,0.008,0.2324,0.98,,-1.0786,0.1537,,
bob,0,28539866,574,0.0061,0.2153,0.98,,-1.0959,0.1508,,
bob,0,28539866,575,0.0077,0.2491,1.08,,-1.0899,0.1663,,
bob,0,28539866,576,0.0123,0.2673,1.26,,-1.0782,0.2012,,
bob,0,28539866,577,0.0065,0.2513,1.1199999999999999,,-1.0796,0.1857,,
bob,0,28539866,578,0.0116,0.229,1.0999999999999999,,-1.0827,0.1737,,
bob,0,28539866,579,0.0122,0.2335,1.0,,-1.0846,0.1577,,
bob,0,28539866,580,0.0144,0.2706,1.28,,-1.0802,0.2056,,
bob,0,28539866,581,0.0094,0.2416,1.1199999999999999,,-1.0761,0.1846,,
bob,0,28539866,582,0.0063,0.2763,1.18,,-1.0669,0.1971,,
bob,0,28539866,583,0.0088,0.255,1.1199999999999999,,-1.0894,0.1818,,
bob,0,28539866,584,0.0113,0.2767,1.22,,-1.0693,0.1976,,
bob,0,28539866,585,0.008,0.2054,0.9400000000000001,,-1.0835,0.1469,,
bob,0,28539866,586,0.0123,0.2378,1.24,,-1.0802,0.1945,,
bob,0,28539866,587,0.0151,0.2512,1.2,,-1.0778,0.1909,,
bob,0,28539866,588,0.0066,0.2295,0.9199999999999999,,-1.0908,0.1412,,
bob,0,28539866,589,0.0089,0.2931,1.2,,-1.0571,0.1979,,
bob,0,28539866,590,0.0134,0.2621,1.22,,-1.0895,0.1912,,
bob,0,28539866,591,0.0145,0.2726,1.22,,-1.0788,0.1976,,
bob,0,28539866,592,0.0113,0.2369,1.04,,-1.0827,0.1604,,
bob,0,28539866,593,0.013,0.2819,1.28,,-1.0767,0.2096,,
bob,0,28539866,594,0.0078,0.2265,1.08,,-1.0812,0.1728,,
bob,0,28539866,595,0.0059,0.2441,0.96,,-1.1006,0.15,,
bob,0,28539866,596,0.0126,0.2306,1.06,,-1.0697,0.1707,,
bob,0,28539866,597,0.0131,0.2281,1.06,,-1.0801,0.1667,,
bob,0,28539866,598,0.0168,0.2387,1.0999999999999999,,-1.0865,0.1717,,
bob,0,28539866,599,0.0163,0.2289,1.08,,-1.0776,0.1673,,
bob,0,28539866,600,0.0116,0.2462,1.06,,-1.0915,0.1644,,
bob,0,28539866,601,0.0146,0.2592,1.1400000000000001,,-1.0754,0.1793,,
bob,0,28539866,602,0.0204,0.2998,1.38,,-1.0729,0.2224,,
bob,0,28539866,603,0.0033,0.2238,1.0,,-1.0934,0.1632,,
bob,0,28539866,604,0.004,0.1988,0.9400000000000001,,-1.096,0.1542,,
bob,0,28539866,605,0.0111,0.2057,1.02,,-1.0836,0.1667,,
bob,0,28539866,606,0.0055,0.229,1.02,,-1.086,0.1599,,
bob,0,28539866,607,0.0084,0.2153,1.0,,-1.0812,0.1556,,
bob,0,28539866,608,0.0141,0.2755,1.24,,-1.0847,0.1895,,
bob,0,28539866,609,0.0103,0.2353,1.04,,-1.0752,0.1698,,
bob,0,28539866,610,0.0101,0.2412,1.08,,-1.0681,0.1744,,
bob,0,28539866,611,0.0084,0.2262,1.08,,-1.0892,0.1727,,
bob,0,28539866,612,0.0058,0.2204,0.98,,-1.0808,0.1592,,
bob,0,28539866,613,0.0085,0.2464,1.1400000000000001,,-1.0651,0.1804,,
bob,0,28539866,614,0.0077,0.2292,0.9400000000000001,,-1.0836,0.1477,,
bob,0,28539866,615,0.0113,0.2995,1.26,,-1.0772,0.2012,,
bob,0,28539866,616,0.0093,0.2285,1.1400000000000001,,-1.0936,0.1784,,
bob,0,28539866,617,0.0045,0.2993,1.28,,-1.0697,0.2028,,
bob,0,28539866,618,0.006,0.2791,1.06,,-1.0882,0.1687,,
bob,0,28539866,619,0.009,0.2901,1.22,,-1.0667,0.1988,,
bob,0,28539866,620,0.0044,0.2682,1.1400000000000001,,-1.0967,0.1804,,
bob,0,28539866,621,0.0176,0.3153,1.24,,-1.0802,0.1949,,
bob,0,28539866,622,0.0242,0.3396,1.3599999999999999,,-1.0721,0.2247,,
bob,0,28539866,623,0.0092,0.2711,1.0999999999999999,,-1.0677,0.1853,,
bob,0,28539866,624,0.0121,0.2748,1.1199999999999999,,-1.0981,0.1874,,
bob,0,28539866,625,0.0086,0.2569,1.24,,-1.0767,0.202,,
bob,0,28539866,626,0.0085,0.2259,1.06,,-1.082,0.1738,,
bob,0,28539866,627,0.0066,0.2371,0.98,,-1.0805,0.1507,,
bob,0,28539866,628,0.0004,0.1914,0.8200000000000001,,-1.0792,0.1321,,
bob,0,28539866,629,0.0043,0.2426,1.02,,-1.0758,0.1609,,
bob,0,28541845,630,-0.0018,0.2754,4.6914,,-1.0744,0.1233,,
bob,0,28541845,631,0.0091,0.2415,2.9414,,-1.0472,0.1775,,
bob,0,28541845,632,-0.0131,0.1671,5.3254,,-1.0841,0.1149,,
bob,0,28541845,633,-0.001,0.2271,2.3881,,-1.0434,0.1366,,
bob,0,28541845,634,-0.0023,0.2184,2.7058,,-1.0986,0.1426,,
bob,0,28541845,635,0.0101,0.236,1.7415,,-1.0726,0.1976,,
bob,0,28541845,636,0.0128,0.167,4.9272,,-1.0869,0.1247,,
bob,0,28541845,637,0.0204,0.1578,5.0828,,-1.1157,0.1182,,
bob,0,28541845,638,0.027,0.1597,5.8639,,-1.108,0.1341,,
bob,0,28541845,639,0.0275,0.2111,3.687,,-1.0583,0.1473,,
bob,0,28541845,640,0.0199,0.1798,4.5053,,-1.0653,0.1232,,
bob,0,28541845,641,0.0126,0.2055,5.1836,,-1.0799,0.1567,,
bob,0,28541845,642,0.0124,0.2605,4.2506,,-1.0646,0.1963,,
bob,0,28541845,643,0.0113,0.2396,4.7282,,-1.1066,0.1331,,
bob,0,28541845,644,0.0127,0.2949,4.8819,,-1.0724,0.1816,,
bob,0,28541845,645,0.0074,0.2432,5.4387,,-1.111,0.1677,,
bob,0,28541845,646,0.0175,0.1885,4.6405,,-1.1187,0.1364,,
bob,0,28541845,647,0.0243,0.249,3.2122,,-1.0687,0.2046,,
bob,0,28541845,648,0.0232,0.2187,5.2725,,-1.1018,0.1535,,
bob,0,28541845,649,0.0215,0.1863,5.7412,,-1.1087,0.1211,,
bob,0,28541845,650,0.0327,0.2375,3.7353,,-1.0713,0.1822,,
bob,0,28541845,651,0.0286,0.2501,3.1814,,-1.0815,0.1967,,
bob,0,28541845,652,0.0146,0.2287,4.3463,,-1.0911,0.1866,,
bob,0,28541845,653,0.0152,0.2222,4.4983,,-1.0885,0.1653,,
bob,0,28541845,654,0.0143,0.2327,3.5676,,-1.0608,0.1564,,
bob,0,28541845,655,0.0158,0.1798,3.3748,,-1.0992,0.1247,,
bob,0,28541845,656,0.0237,0.1704,3.8921,,-1.0828,0.1232,,
bob,0,28541845,657,0.0253,0.2382,4.0957,,-1.081,0.1811,,
bob,0,28541845,658,0.0178,0.2519,3.8072,,-1.0838,0.1844,,
bob,0,28541845,659,0.0187,0.2281,4.8123,,-1.0844,0.1684,,
bob,0,28541845,660,0.0196,0.2091,3.8664,,-1.06,0.167,,
bob,0,28541845,661,0.0224,0.2191,4.3345,,-1.1088,0.1575,,
bob,0,28541845,662,0.0203,0.219,4.1225,,-1.0834,0.158,,
bob,0,28541845,663,0.0257,0.2445,3.9413,,-1.0963,0.1683,,
bob,0,28541845,664,0.0212,0.1841,4.3709,,-1.0923,0.1578,,
bob,0,28541845,665,0.0197,0.1917,3.3042,,-1.0812,0.1396,,
bob,0,28541845,666,0.0283,0.2475,3.8891,,-1.0793,0.1886,,
bob,0,28541845,667,0.0264,0.2365,4.536,,-1.0851,0.1826,,
bob,1,28528527,0,0.0009,0.1101,0.12,,-1.0141,0.0575,,
bob,1,28528527,1,0.002,0.1426,0.13999999999999999,,-1.0055,0.0804,,
bob,1,28528527,2,-0.0003,0.1445,0.12,,-1.0078,0.0836,,
bob,1,28528527,3,-0.0008,0.1499,0.13999999999999999,,-1.0089,0.0884,,
bob,1,28528527,4,-0.0005,0.1001,0.12,,-1.0087,0.064,,
bob,1,28528527,5,0.0008,0.1646,0.16,,-1.0152,0.098,,
bob,1,28528527,6,-0.0016,0.1138,0.12,,-1.0158,0.069,,
bob,1,28528527,7,-0.0012,0.1183,0.12,,-1.0261,0.0714,,
bob,1,28528527,8,-0.0003,0.1049,0.13999999999999999,,-1.0204,0.0666,,
bob,1,28528527,9,-0.0004,0.1285,0.13999999999999999,,-1.0234,0.0792,,
bob,1,28528527,10,0.0002,0.148,0.2,,-1.0203,0.0938,,
bob,1,28528527,11,-0.0015,0.1461,0.2,,-1.0136,0.0912,,
bob,1,28528527,12,0.0001,0.1574,0.22,,-1.009,0.1041,,
bob,1,28528527,13,-0.0022,0.1533,0.2,,-1.0109,0.1021,,
bob,1,28528527,14,-0.0027,0.1253,0.18,,-1.0234,0.0838,,
bob,1,28528527,15,-0.0036,0.1346,0.18,,-1.0081,0.0856,,
bob,1,28528527,16,0.0,0.1711,0.24,,-1.0143,0.1122,,
bob,1,28528527,17,-0.0028,0.1138,0.18,,-1.0143,0.0784,,
bob,1,28528527,18,-0.0,0.1588,0.24,,-1.0188,0.1061,,
bob,1,28528527,19,-0.0026,0.1505,0.22,,-1.0176,0.0961,,
bob,1,28528527,20,-0.0027,0.1352,0.22,,-1.0182,0.0943,,
bob,1,28528527,21,-0.0011,0.1634,0.26,,-1.0309,0.1109,,
bob,1,28533912,22,0.0008,0.1202,0.2,,-1.0061,0.0874,,
bob,1,28533912,23,-0.0001,0.1263,0.22,,-1.0064,0.0949,,
bob,1,28533912,24,-0.0013,0.1107,0.2,,-1.0127,0.0841,,
bob,1,28533912,25,-0.0008,0.1249,0.22,,-1.0107,0.0899,,
bob,1,28533912,26,-0.0007,0.1015,0.2,,-1.014,0.0732,,
bob,1,28533912,27,0.0004,0.1394,0.27999999999999997,,-1.0144,0.1046,,
bob,1,28533912,28,-0.0008,0.1245,0.26,,-1.0086,0.0924,,
bob,1,28533912,29,-0.0007,0.134,0.27999999999999997,,-1.0107,0.1028,,
bob,1,28533912,30,-0.0026,0.1124,0.22,,-1.0204,0.0832,,
bob,1,28533912,31,-0.0019,0.1111,0.22,,-1.0204,0.0764,,
bob,1,28533912,32,-0.0011,0.1232,0.26,,-1.0398,0.0865,,
bob,1,28533912,33,-0.0024,0.1308,0.27999999999999997,,-1.028,0.0882,,
bob,1,28533912,34,-0.0005,0.1329,0.3,,-1.0462,0.0934,,
bob,1,28533912,35,0.0001,0.1424,0.3,,-1.0448,0.1015,,
bob,1,28533912,36,-0.0022,0.1547,0.27999999999999997,,-1.0208,0.1081,,
bob,1,28533912,37,-0.0006,0.157,0.3,,-1.0197,0.1066,,
bob,1,28533912,38,-0.0024,0.1477,0.27999999999999997,,-1.0503,0.1036,,
bob,1,28533912,39,-0.001,0.1669,0.33999999999999997,,-1.0189,0.1146,,
bob,1,28533912,40,-0.0058,0.1159,0.22,,-1.0336,0.0723,,
bob,1,28533912,41,-0.0009,0.152,0.33999999999999997,,-1.0425,0.1074,,
bob,1,28536391,42,0.0019,0.1084,0.26,,-1.0223,0.0783,,
bob,1,28536391,43,0.0025,0.1291,0.24,,-1.0352,0.0935,,
bob,1,28536391,44,-0.0015,0.0977,0.22,,-1.0315,0.0723,,
bob,1,28536391,45,-0.0001,0.126,0.24,,-1.0395,0.0931,,
bob,1,28536391,46,-0.0003,0.1443,0.27999999999999997,,-1.0678,0.1125,,
bob,1,28536391,47,-0.001,0.1211,0.32,,-1.0551,0.0981,,
bob,1,28536391,48,0.0013,0.1408,0.33999999999999997,,-1.0605,0.1082,,
bob,1,28536391,49,0.0005,0.1376,0.32,,-1.0629,0.1037,,
bob,1,28536391,50,-0.0031,0.1447,0.33999999999999997,,-1.047,0.1072,,
bob,1,28536391,51,-0.0004,0.1324,0.32,,-1.0326,0.0949,,
bob,1,28536391,52,0.0011,0.135,0.3,,-1.0446,0.096,,
bob,1,28536391,53,0.0011,0.1497,0.33999999999999997,,-1.0314,0.1042,,
bob,1,28536391,54,-0.0022,0.1603,0.3,,-1.0516,0.1122,,
bob,1,28536391,55,0.0025,0.1491,0.33999999999999997,,-1.057,0.1101,,
bob,1,28536391,56,0.0014,0.1402,0.32,,-1.0431,0.0965,,
bob,1,28536391,57,0.0007,0.1471,0.33999999999999997,,-1.0452,0.1035,,
bob,1,28536391,58,0.002,0.1427,0.32,,-1.0362,0.1035,,
bob,1,28536391,59,0.0037,0.1494,0.33999999999999997,,-1.0365,0.1052,,
bob,1,28536391,60,0.0017,0.1491,0.38,,-1.0523,0.1084,,
bob,1,28536391,61,-0.0001,0.1611,0.33999999999999997,,-1.0439,0.1107,,
bob,1,28537871,62,0.0002,0.1192,0.32,,-1.0433,0.0924,,
bob,1,28537871,63,0.0012,0.1156,0.32,,-1.0454,0.0876,,
bob,1,28537871,64,0.0019,0.1242,0.38,,-1.0561,0.0986,,
bob,1,28537871,65,-0.0,0.1323,0.4,,-1.052,0.1064,,
bob,1,28537871,66,-0.0017,0.1435,0.36,,-1.057,0.1066,,
bob,1,28537871,67,0.0012,0.1207,0.36,,-1.0487,0.0931,,
bob,1,28537871,68,-0.0003,0.1328,0.38,,-1.0611,0.0996,,
bob,1,28537871,69,0.0011,0.1399,0.32,,-1.0444,0.1017,,
bob,1,28537871,70,-0.0003,0.1189,0.3,,-1.0516,0.0875,,
bob,1,28537871,71,0.0007,0.1269,0.36,,-1.062,0.0948,,
bob,1,28537871,72,0.0014,0.1385,0.4,,-1.059,0.101,,
bob,1,28537871,73,0.0013,0.1531,0.4,,-1.0505,0.1117,,
bob,1,28537871,74,0.0002,0.1626,0.4,,-1.0345,0.1117,,
bob,1,28537871,75,0.0024,0.1476,0.4,,-1.0382,0.1056,,
bob,1,28537871,76,0.0005,0.1542,0.42,,-1.0578,0.1093,,
bob,1,28537871,77,0.0006,0.1456,0.4,,-1.0462,0.1041,,
bob,1,28537871,78,0.0007,0.174,0.44,,-1.0654,0.1206,,
bob,1,28537871,79,0.0024,0.1493,0.36,,-1.0471,0.0994,,
bob,1,28537871,80,0.005,0.1611,0.42,,-1.071,0.11,,
bob,1,28537871,81,0.0035,0.1306,0.38,,-1.0742,0.0916,,
bob,1,28538628,82,0.0033,0.1188,0.26,,-1.0316,0.0911,,
bob,1,28538628,83,0.0011,0.1101,0.27999999999999997,,-1.0367,0.0877,,
bob,1,28538628,84,0.0004,0.115,0.36,,-1.0342,0.0904,,
bob,1,28538628,85,0.003,0.1336,0.42,,-1.0254,0.1088,,
bob,1,28538628,86,-0.0017,0.1423,0.45999999999999996,,-1.0312,0.1118,,
bob,1,28538628,87,-0.0014,0.1651,0.48,,-1.0492,0.1278,,
bob,1,28538628,88,-0.0003,0.1714,0.58,,-1.0648,0.139,,
bob,1,28538628,89,0.0043,0.1928,0.64,,-1.0812,0.1503,,
bob,1,28538628,90,0.0015,0.1963,0.54,,-1.0722,0.15,,
bob,1,28538628,91,-0.0036,0.1913,0.58,,-1.0827,0.1474,,
bob,1,28538628,92,0.0005,0.2026,0.66,,-1.0761,0.157,,
bob,1,28538628,93,0.004,0.2369,0.6,,-1.0509,0.1694,,
bob,1,28538628,94,0.0029,0.1992,0.66,,-1.0645,0.1554,,
bob,1,28538628,95,0.0017,0.1898,0.4,,-1.0731,0.1216,,
bob,1,28538628,96,0.0004,0.1739,0.44,,-1.0777,0.1215,,
bob,1,28538628,97,0.0012,0.1802,0.5,,-1.0924,0.1278,,
bob,1,28538628,98,0.0014,0.1744,0.48,,-1.0949,0.1239,,
bob,1,28538628,99,0.0007,0.1831,0.52,,-1.0928,0.1298,,
bob,1,28538628,100,-0.0009,0.1899,0.52,,-1.089,0.1352,,
bob,1,28538628,101,0.0015,0.22,0.6,,-1.0869,0.1579,,
bob,1,28540688,102,0.002,0.1561,0.48,,-1.0509,0.1294,,
bob,1,28540688,103,-0.0005,0.1606,0.54,,-1.0469,0.1347,,
bob,1,28540688,104,0.001,0.1611,0.54,,-1.0706,0.1232,,
bob,1,28540688,105,0.0028,0.186,0.58,,-1.0572,0.1479,,
bob,1,28540688,106,0.0033,0.168,0.45999999999999996,,-1.0864,0.1295,,
bob,1,28540688,107,0.005,0.1753,0.52,,-1.0663,0.1379,,
bob,1,28540688,108,0.0052,0.1852,0.6,,-1.073,0.1507,,
bob,1,28540688,109,0.007,0.1829,0.58,,-1.0639,0.1384,,
bob,1,28540688,110,0.0037,0.2078,0.66,,-1.0765,0.1561,,
bob,1,28540688,111,0.0062,0.1926,0.66,,-1.063,0.1437,,
bob,1,28540688,112,0.0041,0.1983,0.66,,-1.0756,0.1512,,
bob,1,28540688,113,0.0086,0.1927,0.66,,-1.0646,0.148,,
bob,1,28540688,114,0.0065,0.1907,0.64,,-1.0665,0.1426,,
bob,1,28540688,115,0.0067,0.1958,0.6,,-1.0689,0.1385,,
bob,1,28540688,116,0.0039,0.2049,0.54,,-1.0735,0.1396,,
bob,1,28540688,117,0.0065,0.1964,0.62,,-1.073,0.145,,
bob,1,28540688,118,0.0065,0.1857,0.62,,-1.072,0.135,,
bob,1,28540688,119,0.0092,0.1871,0.58,,-1.0937,0.1273,,
bob,1,28540688,120,0.0079,0.2049,0.62,,-1.0762,0.1445,,
bob,1,28541846,121,-0.0007,0.1714,0.6806,,-1.0697,0.1276,,
bob,1,28541846,122,0.0005,0.1433,0.5535,,-1.0845,0.1107,,
bob,1,28541846,123,0.0003,0.1865,0.322,,-1.0843,0.1334,,
bob,1,28541846,124,-0.0043,0.2031,0.6239,,-1.0927,0.1451,,
bob,1,28541846,125,0.005,0.2193,0.8514,,-1.0849,0.1671,,
bob,1,28541846,126,0.0095,0.2109,1.0068,,-1.0519,0.1618,,
bob,1,28541846,127,0.0054,0.2107,1.2906,,-1.0705,0.1752,,
bob,1,28541846,128,0.0067,0.196,1.3407,,-1.1113,0.1567,,
bob,1,28541846,129,0.0067,0.216,1.4652,,-1.0785,0.174,,
bob,1,28541846,130,0.0035,0.2092,1.5239,,-1.0949,0.1675,,
bob,1,28541846,131,0.0042,0.2074,1.416,,-1.0982,0.1577,,
bob,1,28541846,132,0.0049,0.2099,1.4803,,-1.0826,0.1644,,
bob,1,28541846,133,0.0006,0.2191,1.5822,,-1.1004,0.1704,,
bob,1,28541846,134,0.0034,0.2179,1.6581,,-1.104,0.1736,,
bob,1,28541846,135,0.0069,0.2318,1.6535,,-1.1088,0.1786,,
bob,1,28541846,136,0.0038,0.2123,1.517,,-1.0994,0.1624,,
bob,1,28541846,137,0.0027,0.2295,1.5696,,-1.1012,0.1645,,
bob,1,28541846,138,0.0046,0.2299,1.6263,,-1.0922,0.1723,,
bob,1,28541846,139,0.0023,0.2592,1.6303,,-1.1007,0.1917,,
bob,1,28541846,140,0.0037,0.2254,1.6823,,-1.1106,0.1629,,
bob,1,28544529,141,0.0052,0.2039,1.0879,,-1.0672,0.1474,,
bob,1,28544529,142,0.001,0.1829,1.1025,,-1.0669,0.1507,,
bob,1,28544529,143,0.0037,0.2016,0.4665,,-1.0602,0.1595,,
bob,1,28544529,144,0.002,0.193,0.7048,,-1.0884,0.1582,,
bob,1,28544529,145,0.0048,0.1956,1.0174,,-1.0784,0.1687,,
bob,1,28544529,146,0.0071,0.1955,1.1222,,-1.0687,0.1625,,
bob,1,28544529,147,0.0053,0.1962,1.2616,,-1.0671,0.1614,,
bob,1,28544529,148,0.0011,0.1976,1.1804,,-1.0578,0.161,,
bob,1,28544529,149,0.0044,0.2159,1.6668,,-1.106,0.1781,,
bob,1,28544529,150,0.0127,0.212,1.6029,,-1.0521,0.1623,,
bob,1,28544529,151,0.0095,0.2182,1.4736,,-1.0553,0.1683,,
bob,1,28544529,152,0.0104,0.2219,1.54,,-1.0717,0.176,,
bob,1,28544529,153,0.0149,0.2259,1.6266,,-1.0759,0.172,,
bob,1,28544529,154,0.0144,0.2211,1.456,,-1.0894,0.1671,,
bob,1,28544529,155,0.0114,0.2404,1.653,,-1.0742,0.1862,,
bob,1,28544529,156,0.0116,0.2354,1.6858,,-1.0673,0.1893,,
bob,1,28544529,157,0.0144,0.2335,1.5326,,-1.0707,0.1745,,
bob,1,28544529,158,0.0104,0.2301,1.4328,,-1.0789,0.1744,,
bob,1,28544529,159,0.0178,0.2423,1.5549,,-1.0776,0.1858,,
bob,1,28544529,160,0.0158,0.2347,1.5757,,-1.0777,0.1801,,
bob,1,28546103,161,0.0027,0.1861,1.6625,,-1.0826,0.1425,,
bob,1,28546103,162,0.005,0.1711,1.789,,-1.0965,0.1409,,
bob,1,28546103,163,0.0045,0.2012,2.2833,,-1.0932,0.1685,,
bob,1,28546103,164,0.0063,0.2301,1.9984,,-1.0827,0.1887,,
bob,1,28546103,165,0.015,0.195,0.4517,,-1.0641,0.1512,,
bob,1,28546103,166,0.0053,0.1877,1.3124,,-1.0886,0.1601,,
bob,1,28546103,167,0.004,0.2069,1.6347,,-1.089,0.1645,,
bob,1,28546103,168,0.0095,0.2385,1.5335,,-1.0647,0.1866,,
bob,1,28546103,169,0.0053,0.2078,1.9645,,-1.0709,0.1713,,
bob,1,28546103,170,0.0094,0.1888,1.5445,,-1.1034,0.151,,
bob,1,28546103,171,0.0119,0.214,2.4083,,-1.0813,0.1755,,
bob,1,28546103,172,0.0109,0.2299,2.5857,,-1.0981,0.1802,,
bob,1,28546103,173,0.0114,0.2,2.1021,,-1.0905,0.1564,,
bob,1,28546103,174,0.0101,0.2099,1.7026,,-1.078,0.1586,,
bob,1,28546103,175,0.0089,0.2318,1.9723,,-1.0763,0.1893,,
bob,1,28546103,176,0.0114,0.239,2.0411,,-1.0906,0.1847,,
bob,1,28546103,177,0.0113,0.2351,2.5773,,-1.1008,0.1903,,
bob,1,28546103,178,0.0214,0.1907,2.0174,,-1.0874,0.1393,,
bob,1,28546103,179,0.0086,0.2057,2.5522,,-1.1187,0.1541,,
bob,1,28546103,180,0.0153,0.216,2.8759,,-1.099,0.158,,
bob,1,28546580,181,0.0099,0.2122,2.8739,,-1.0547,0.1534,,
bob,1,28546580,182,0.0201,0.2033,3.2794,,-1.0506,0.1831,,
bob,1,28546580,183,0.0187,0.2017,2.2238,,-1.0499,0.1766,,
bob,1,28546580,184,0.0153,0.2086,2.6864,,-1.0638,0.1821,,
bob,1,28546580,185,0.0062,0.2195,2.3357,,-1.0516,0.1834,,
bob,1,28546580,186,0.007,0.2384,1.4965,,-1.0815,0.1805,,
bob,1,28546580,187,0.0118,0.2175,1.0289,,-1.0757,0.1776,,
bob,1,28546580,188,0.0097,0.2122,1.4066,,-1.099,0.1695,,
bob,1,28546580,189,0.011,0.2195,1.6823,,-1.1175,0.1739,,
bob,1,28546580,190,0.0133,0.2084,2.0648,,-1.11,0.1712,,
bob,1,28546580,191,0.0187,0.2371,2.3457,,-1.084,0.1904,,
bob,1,28546580,192,0.0164,0.2268,2.2573,,-1.0851,0.1744,,
bob,1,28546580,193,0.013,0.2198,1.8805,,-1.0699,0.1725,,
bob,1,28546580,194,0.0149,0.2275,1.8441,,-1.0904,0.173,,
bob,1,28546580,195,0.0125,0.2295,2.1226,,-1.1043,0.1658,,
bob,1,28546580,196,0.0165,0.2431,2.4296,,-1.1058,0.1788,,
bob,1,28546580,197,0.0155,0.2475,2.6531,,-1.099,0.1808,,
bob,1,28546580,198,0.0123,0.2503,2.9482,,-1.1035,0.1883,,
bob,1,28546580,199,0.0146,0.2294,2.7089,,-1.0902,0.1657,,
bob,1,28546580,200,0.0221,0.241,1.9355,,-1.0892,0.1743,,
bob,1,28547089,201,0.0164,0.1964,2.2623,,-1.0184,0.1598,,
bob,1,28547089,202,0.0133,0.2031,2.9399,,-1.0612,0.1667,,
bob,1,28547089,203,0.0164,0.2088,2.7182,,-1.0527,0.1748,,
bob,1,28547089,204,0.0201,0.2185,1.8018,,-1.049,0.1618,,
bob,1,28547089,205,0.0194,0.2401,2.2033,,-1.0381,0.1941,,
bob,1,28547089,206,0.0144,0.2235,2.6331,,-1.0413,0.1944,,
bob,1,28547089,207,0.0091,0.2153,1.6712,,-1.0632,0.174,,
bob,1,28547089,208,0.0107,0.2475,1.8351,,-1.0676,0.1865,,
bob,1,28547089,209,0.0036,0.2444,1.9433,,-1.0731,0.1722,,
bob,1,28547089,210,0.0081,0.2438,1.7217,,-1.0578,0.1864,,
bob,1,28547089,211,0.0125,0.226,2.3328,,-1.0919,0.1779,,
bob,1,28547089,212,0.0181,0.2255,2.3833,,-1.0819,0.1738,,
bob,1,28547089,213,0.021,0.226,3.047,,-1.0824,0.1814,,
bob,1,28547089,214,0.0184,0.2139,2.9891,,-1.0955,0.1627,,
bob,1,28547089,215,0.0174,0.2289,3.0672,,-1.0946,0.1704,,
bob,1,28547089,216,0.0157,0.2365,1.8005,,-1.0831,0.1689,,
bob,1,28547089,217,0.0175,0.2441,2.7446,,-1.1042,0.1821,,
bob,1,28547089,218,0.0199,0.2506,2.532,,-1.0854,0.1897,,
bob,1,28547089,219,0.0203,0.2465,2.342,,-1.0762,0.1883,,
bob,1,28547089,220,0.0194,0.2311,2.3106,,-1.0699,0.1741,,
bob,1,28549701,221,0.0122,0.1726,2.2998,,-1.0739,0.1414,,
bob,1,28549701,222,0.0125,0.1779,2.5597,,-1.0901,0.1468,,
bob,1,28549701,223,0.0192,0.2022,4.3473,,-1.0684,0.166,,
bob,1,28549701,224,0.018,0.2362,4.549,,-1.0671,0.1988,,
bob,1,28549701,225,0.0119,0.1875,4.1929,,-1.0969,0.1653,,
bob,1,28549701,226,0.0144,0.2045,4.68,,-1.0935,0.1802,,
bob,1,28549701,227,0.0283,0.211,3.1584,,-1.1105,0.181,,
bob,2,28542235,0,-0.0007,0.0416,0.0,,-1.0145,0.0156,,
bob,2,28542235,1,0.0003,0.0602,0.0489,,-1.0087,0.0417,,
bob,2,28542235,2,0.0062,0.2133,0.1303,,-1.0108,0.1216,,
bob,2,28542235,3,-0.0025,0.1569,0.0603,,-1.0093,0.0893,,
bob,2,28542235,4,-0.001,0.1131,0.0681,,-1.0139,0.0641,,
bob,2,28542235,5,-0.0026,0.0908,0.0506,,-1.0175,0.0506,,
bob,2,28542235,6,0.0028,0.1884,0.1423,,-1.0133,0.1163,,
bob,2,28542235,7,-0.0036,0.0279,0.0,,-1.0297,0.0149,,
bob,2,28542235,8,-0.0001,0.1759,0.0646,,-1.0114,0.0986,,
bob,2,28542235,9,0.0026,0.0824,0.0348,,-1.0157,0.0488,,
bob,2,28542235,10,0.002,0.1353,0.1024,,-1.0106,0.0897,,
bob,2,28542235,11,-0.0029,0.0966,0.0891,,-1.0219,0.0575,,
bob,2,28542235,12,0.0012,0.1381,0.1211,,-1.0376,0.0824,,
bob,2,28542235,13,-0.0002,0.2103,0.1689,,-1.0078,0.1333,,
bob,2,28542235,14,-0.0103,0.0829,0.0356,,-1.0316,0.0444,,
bob,2,28542235,15,-0.0012,0.1795,0.143,,-1.0376,0.1183,,
bob,2,28542235,16,-0.0087,0.0997,0.0528,,-1.0391,0.0617,,
bob,2,28542235,17,-0.0023,0.0828,0.0564,,-1.0278,0.0543,,
bob,2,28542235,18,-0.0009,0.1764,0.1711,,-1.0559,0.1089,,
bob,2,28542235,19,-0.0039,0.127,0.1245,,-1.0343,0.0842,,
bob,2,28542235,20,-0.0018,0.179,0.2213,,-1.0436,0.1327,,
bob,2,28542235,21,0.0003,0.1256,0.1076,,-1.036,0.0714,,
bob,2,28542235,22,0.0026,0.1914,0.1376,,-1.0312,0.122,,
bob,2,28542235,23,-0.0001,0.2275,0.1651,,-1.0464,0.1485,,
bob,2,28542235,24,-0.0124,0.1517,0.0737,,-1.0561,0.1125,,
bob,2,28542235,25,-0.0042,0.1067,0.0562,,-1.0349,0.06,,
bob,2,28542235,26,0.0097,0.2662,0.2705,,-1.0636,0.1735,,
bob,2,28542235,27,-0.0132,0.122,0.1303,,-1.0561,0.0745,,
bob,2,28542235,28,-0.0105,0.2442,0.2009,,-1.0544,0.1485,,
bob,2,28542235,29,-0.0117,0.1939,0.1502,,-1.0453,0.12,,
bob,2,28542235,30,0.0026,0.2135,0.1628,,-1.0628,0.1494,,
bob,2,28542235,31,-0.0044,0.0882,0.0973,,-1.0445,0.0505,,
bob,2,28542235,32,-0.0036,0.1117,0.0741,,-1.0493,0.0787,,
bob,2,28542235,33,0.006,0.2388,0.1849,,-1.0366,0.1461,,
bob,2,28542235,34,-0.0131,0.1459,0.0949,,-1.0624,0.0918,,
bob,2,28542235,35,-0.0007,0.1834,0.1397,,-1.0561,0.1264,,
bob,2,28542235,36,-0.0034,0.1073,0.1111,,-1.0571,0.0753,,
bob,2,28542235,37,0.0076,0.195,0.129,,-1.0642,0.1146,,
bob,2,28542235,38,-0.0048,0.1652,0.1271,,-1.0763,0.1196,,
bob,2,28542235,39,-0.0001,0.1416,0.0737,,-1.0729,0.0899,,
bob,2,28542235,40,-0.0042,0.1374,0.0764,,-1.0541,0.0825,,
bob,2,28542235,41,-0.003,0.1496,0.1334,,-1.0434,0.0865,,
bob,2,28542235,42,-0.0007,0.1723,0.1504,,-1.0445,0.12,,
bob,2,28542235,43,-0.0005,0.196,0.129,,-1.046,0.1196,,
bob,2,28542235,44,-0.0032,0.1031,0.1139,,-1.0516,0.0625,,
bob,2,28542235,45,-0.0025,0.2261,0.2819,,-1.0642,0.1495,,
bob,2,28542235,46,-0.0028,0.2343,0.1712,,-1.0438,0.1273,,
bob,2,28542235,47,-0.0065,0.1109,0.1209,,-1.0653,0.0642,,
bob,2,28542235,48,-0.0046,0.2042,0.2297,,-1.0635,0.1351,,
bob,2,28542235,49,0.0012,0.2116,0.2317,,-1.0421,0.1429,,
bob,2,28542235,50,-0.0047,0.209,0.2679,,-1.0699,0.1339,,
bob,2,28542235,51,-0.0034,0.185,0.1388,,-1.0521,0.1226,,
bob,2,28542235,52,0.0059,0.2181,0.3177,,-1.069,0.1318,,
bob,2,28542235,53,-0.0117,0.1799,0.2089,,-1.0676,0.1017,,
bob,2,28542235,54,-0.0069,0.0816,0.0664,,-1.062,0.0561,,
bob,2,28542235,55,-0.0006,0.1102,0.0819,,-1.0799,0.0696,,
bob,2,28542235,56,0.0061,0.1303,0.1159,,-1.0472,0.0777,,
bob,2,28542235,57,-0.0029,0.2365,0.2196,,-1.0481,0.1416,,
bob,2,28542235,58,0.005,0.1612,0.0842,,-1.0486,0.115,,
bob,2,28542235,59,-0.0,0.2132,0.3013,,-1.0336,0.1441,,
bob,2,28542235,60,-0.011,0.1843,0.1613,,-1.0643,0.0977,,
bob,2,28542235,61,-0.0003,0.1877,0.1557,,-1.0527,0.1154,,
bob,2,28542235,62,-0.0038,0.164,0.1639,,-1.0712,0.1111,,
bob,2,28542235,63,0.0002,0.1606,0.2087,,-1.063,0.0976,,
bob,2,28542235,64,0.0001,0.1598,0.1833,,-1.0463,0.1048,,
bob,2,28542235,65,-0.0025,0.1213,0.1379,,-1.0511,0.0794,,
bob,2,28542235,66,0.0024,0.2576,0.3531,,-1.063,0.1587,,
bob,2,28542235,67,0.0006,0.2016,0.3242,,-1.0633,0.1405,,
bob,2,28542235,68,-0.004,0.264,0.2762,,-1.0516,0.1491,,
bob,2,28542235,69,-0.003,0.2055,0.2988,,-1.0707,0.124,,
bob,2,28542235,70,-0.0061,0.1173,0.1507,,-1.0591,0.0841,,
bob,2,28542235,71,-0.0006,0.2298,0.2821,,-1.0475,0.1333,,
bob,2,28542235,72,-0.0034,0.1712,0.1938,,-1.0644,0.112,,
bob,2,28542235,73,0.004,0.1743,0.2737,,-1.0667,0.1103,,
bob,2,28542235,74,-0.0015,0.1982,0.3144,,-1.0752,0.1374,,
bob,2,28542235,75,0.0092,0.1998,0.2928,,-1.0604,0.1135,,
bob,2,28542235,76,-0.0058,0.1415,0.187,,-1.0704,0.0763,,
bob,2,28542235,77,-0.0008,0.2686,0.3202,,-1.0713,0.1613,,
bob,2,28542235,78,-0.0031,0.2149,0.3372,,-1.0622,0.1429,,
bob,2,28542235,79,0.0061,0.1889,0.2991,,-1.0753,0.124,,
bob,2,28542235,80,-0.0006,0.181,0.2043,,-1.0963,0.1176,,
bob,2,28542235,81,0.004,0.1807,0.2547,,-1.0639,0.1288,,
bob,2,28542235,82,0.0059,0.2616,0.309,,-1.0711,0.1803,,
bob,2,28542235,83,-0.0049,0.1671,0.2127,,-1.0613,0.1043,,
bob,2,28542235,84,0.0037,0.1671,0.2326,,-1.0729,0.1008,,
bob,2,28542235,85,0.0037,0.248,0.3622,,-1.0686,0.176,,
bob,2,28542235,86,-0.0013,0.2173,0.3203,,-1.0583,0.1429,,
bob,2,28542235,87,0.0048,0.2705,0.3682,,-1.0644,0.1826,,
bob,2,28542235,88,-0.0074,0.1833,0.2665,,-1.0685,0.1217,,
bob,2,28542235,89,0.0035,0.1489,0.2355,,-1.0815,0.0851,,
bob,2,28542235,90,0.0055,0.1562,0.2469,,-1.073,0.1008,,
bob,2,28542235,91,0.0082,0.2358,0.3563,,-1.0685,0.1522,,
bob,2,28542235,92,0.0022,0.2182,0.2583,,-1.0685,0.1393,,
bob,2,28542235,93,-0.0041,0.1626,0.2961,,-1.0768,0.1064,,
bob,2,28542235,94,-0.0004,0.3694,0.5162,,-1.0727,0.2238,,
bob,2,28542235,95,-0.0034,0.1349,0.2297,,-1.0843,0.0902,,
bob,2,28542235,96,0.0081,0.1608,0.302,,-1.0837,0.0959,,
bob,2,28542235,97,0.0072,0.144,0.2503,,-1.0738,0.1069,,
bob,2,28542235,98,0.0071,0.2061,0.3394,,-1.068,0.1377,,
bob,2,28542235,99,0.0102,0.1835,0.3412,,-1.0612,0.1168,,
bob,2,28542235,100,0.0048,0.1613,0.3042,,-1.083,0.121,,
bob,2,28542235,101,0.0059,0.2072,0.3465,,-1.0732,0.1233,,
bob,2,28542235,102,0.0001,0.2293,0.5284,,-1.0895,0.1528,,
bob,2,28542235,103,-0.0042,0.1529,0.3221,,-1.0673,0.1007,,
bob,2,28542235,104,0.0001,0.22,0.337,,-1.079,0.1467,,
bob,2,28542235,105,-0.0045,0.1656,0.3038,,-1.0627,0.0966,,
bob,2,28542235,106,0.0171,0.3147,0.4989,,-1.0936,0.1974,,
bob,2,28542235,107,0.0049,0.2096,0.2998,,-1.0755,0.1654,,
bob,2,28542235,108,0.006,0.2133,0.3458,,-1.0664,0.1387,,
bob,2,28542235,109,0.0055,0.2035,0.4981,,-1.0805,0.1543,,
bob,2,28542235,110,0.0028,0.1884,0.2981,,-1.0808,0.1206,,
bob,2,28542235,111,0.0002,0.1535,0.4342,,-1.0833,0.1046,,
bob,2,28542235,112,-0.0012,0.1433,0.2851,,-1.0818,0.0823,,
bob,2,28542235,113,0.0103,0.1409,0.3167,,-1.0814,0.0903,,
bob,2,28542235,114,-0.0025,0.1962,0.3771,,-1.0674,0.121,,
bob,2,28542235,115,0.0047,0.2419,0.41,,-1.0657,0.1392,,
bob,2,28542235,116,0.0097,0.1783,0.4589,,-1.083,0.1156,,
bob,2,28542235,117,0.0036,0.2184,0.4782,,-1.0795,0.1571,,
bob,2,28542235,118,0.0048,0.1785,0.3512,,-1.0665,0.1126,,
bob,2,28542235,119,-0.0033,0.1653,0.3727,,-1.0654,0.125,,
bob,2,28542235,120,0.0086,0.2564,0.5721,,-1.0793,0.1742,,
bob,2,28542235,121,-0.003,0.1692,0.4891,,-1.0933,0.1192,,
bob,2,28542235,122,0.002,0.1735,0.5297,,-1.0896,0.105,,
bob,2,28542235,123,0.0006,0.177,0.3741,,-1.0882,0.1097,,
bob,2,28542235,124,0.0074,0.1541,0.3999,,-1.0968,0.121,,
bob,2,28542235,125,0.0125,0.1863,0.5064,,-1.0775,0.12,,
bob,2,28542235,126,0.0016,0.1781,0.5205,,-1.1014,0.1061,,
bob,2,28542235,127,-0.0015,0.2382,0.3122,,-1.0766,0.1373,,
bob,2,28542235,128,0.0045,0.2274,0.421,,-1.0956,0.1409,,
bob,2,28542235,129,0.0028,0.2217,0.5181,,-1.0933,0.1507,,
bob,2,28542235,130,0.001,0.202,0.5158,,-1.0846,0.1186,,
bob,2,28542235,131,-0.001,0.269,0.5702,,-1.1024,0.1731,,
bob,2,28542235,132,0.0055,0.2278,0.4086,,-1.0796,0.1384,,
bob,2,28542235,133,0.0017,0.241,0.7725,,-1.0944,0.1768,,
bob,2,28542235,134,0.0125,0.139,0.3504,,-1.0848,0.0893,,
bob,2,28542235,135,-0.0013,0.2083,0.5166,,-1.0844,0.1207,,
bob,2,28542235,136,0.0027,0.1941,0.5373,,-1.0758,0.1392,,
bob,2,28542235,137,0.0012,0.1697,0.4222,,-1.0845,0.0909,,
bob,2,28542235,138,0.0028,0.2181,0.8911,,-1.0613,0.1638,,
bob,2,28542235,139,0.0061,0.2359,0.7613,,-1.0967,0.1459,,
bob,2,28542235,140,0.0049,0.1936,0.401,,-1.0952,0.1152,,
bob,2,28542235,141,0.0129,0.2582,0.899,,-1.0875,0.1685,,
bob,2,28542235,142,0.0109,0.2307,0.4534,,-1.0808,0.1603,,
bob,2,28542235,143,0.0086,0.2319,0.9497,,-1.0831,0.1702,,
bob,2,28542235,144,0.0044,0.2445,0.6609,,-1.0785,0.1802,,
bob,2,28542235,145,0.0014,0.1701,0.376,,-1.0901,0.092,,
bob,2,28542235,146,-0.0006,0.2484,0.6762,,-1.0963,0.1479,,
bob,2,28542235,147,0.0031,0.2162,0.6243,,-1.0956,0.1479,,
bob,2,28542235,148,0.0123,0.2222,0.5426,,-1.0992,0.1364,,
bob,2,28542235,149,0.0106,0.2528,0.7044,,-1.0712,0.1628,,
bob,2,28542235,150,0.001,0.2528,0.6771,,-1.0778,0.1591,,
bob,2,28542235,151,0.0012,0.2621,0.9294,,-1.0943,0.1889,,
bob,2,28542235,152,0.0079,0.1796,0.5206,,-1.0845,0.1073,,
bob,2,28542235,153,-0.0013,0.1741,0.4783,,-1.0971,0.0947,,
bob,2,28542235,154,0.0076,0.1715,0.7185,,-1.1014,0.1192,,
bob,2,28542235,155,0.0073,0.1623,0.4424,,-1.0832,0.1059,,
bob,2,28542235,156,-0.0016,0.3481,0.8679,,-1.0722,0.2289,,
bob,2,28542235,157,-0.0008,0.221,0.6968,,-1.0919,0.1494,,
bob,2,28542235,158,0.002,0.1956,0.5182,,-1.0933,0.1207,,
bob,2,28542235,159,-0.0,0.1648,0.6209,,-1.0975,0.1265,,
bob,2,28542235,160,0.0045,0.2155,0.6776,,-1.09,0.1371,,
bob,2,28542235,161,0.0014,0.1524,0.4288,,-1.0956,0.1092,,
bob,2,28542235,162,0.0072,0.1827,0.6033,,-1.0874,0.1081,,
bob,2,28542235,163,0.0036,0.3849,0.8332,,-1.103,0.2123,,
bob,2,28542235,164,-0.0012,0.233,0.8452,,-1.1103,0.1686,,
bob,2,28542235,165,0.0141,0.1928,0.5217,,-1.103,0.1099,,
bob,2,28542235,166,0.0073,0.1686,0.6291,,-1.0888,0.1111,,
bob,2,28542235,167,-0.0009,0.2445,0.6913,,-1.0817,0.1446,,
bob,2,28542235,168,0.0115,0.1733,0.5147,,-1.0959,0.1141,,
bob,2,28542235,169,0.0119,0.3164,0.8628,,-1.1156,0.2086,,
bob,2,28542235,170,0.0059,0.194,0.5346,,-1.1006,0.1488,,
bob,2,28542235,171,0.0136,0.2714,0.9564,,-1.1084,0.172,,
bob,2,28542235,172,0.0175,0.1845,0.6173,,-1.0929,0.127,,
bob,2,28542235,173,0.01,0.1817,0.579,,-1.0909,0.1287,,
bob,2,28542235,174,0.0176,0.2632,0.9509,,-1.0749,0.2079,,
bob,2,28542235,175,0.0055,0.2421,0.8276,,-1.104,0.1489,,
bob,2,28542235,176,0.0018,0.166,0.5669,,-1.1087,0.1099,,
bob,2,28542235,177,0.0091,0.279,1.0475,,-1.0896,0.1935,,
bob,2,28542235,178,0.0112,0.2181,0.9765,,-1.085,0.1613,,
bob,2,28542235,179,0.0074,0.2283,1.1432,,-1.097,0.1753,,
bob,2,28542235,180,0.0062,0.2331,0.9133,,-1.1122,0.1522,,
bob,2,28542235,181,0.0097,0.2526,0.8439,,-1.0816,0.1714,,
bob,2,28542235,182,0.0021,0.2889,0.761,,-1.0908,0.185,,
bob,2,28542235,183,-0.0001,0.1794,0.4012,,-1.0962,0.1131,,
bob,2,28542235,184,0.0023,0.1955,0.6409,,-1.112,0.1215,,
bob,2,28542235,185,0.0076,0.2292,0.9877,,-1.0915,0.1641,,
bob,2,28542235,186,0.0037,0.1931,0.9987,,-1.1054,0.1333,,
bob,2,28542235,187,0.0059,0.2887,0.4923,,-1.0866,0.1711,,
bob,2,28542235,188,0.0161,0.3139,1.096,,-1.0979,0.2278,,
bob,2,28542235,189,0.0086,0.2211,0.5414,,-1.1088,0.15,,
bob,2,28542235,190,0.0067,0.2113,0.584,,-1.1075,0.1371,,
bob,2,28542235,191,0.0061,0.2285,0.9976,,-1.1097,0.1758,,
bob,2,28542235,192,0.0058,0.266,1.1616,,-1.1043,0.2011,,
bob,2,28542235,193,-0.0021,0.2659,0.9413,,-1.1026,0.1579,,
bob,2,28542235,194,0.0016,0.2969,1.6607,,-1.121,0.1887,,
bob,2,28542235,195,0.0214,0.1975,1.0909,,-1.1263,0.1357,,
bob,2,28542235,196,0.0183,0.2508,1.0377,,-1.1243,0.1692,,
bob,2,28542235,197,-0.0044,0.272,1.0858,,-1.1009,0.1833,,
bob,2,28542235,198,0.009,0.2618,1.0275,,-1.0927,0.1753,,
bob,2,28542235,199,0.0144,0.2955,0.8411,,-1.0918,0.1875,,
bob,2,28542235,200,0.013,0.2337,1.1648,,-1.109,0.155,,
bob,2,28542235,201,0.0122,0.2092,0.8927,,-1.1208,0.1421,,
bob,2,28542235,202,0.0106,0.2535,0.9586,,-1.0872,0.1713,,
bob,2,28542235,203,0.0103,0.2732,0.9215,,-1.0752,0.173,,
bob,2,28542235,204,0.0088,0.2771,1.0909,,-1.0965,0.1777,,
bob,2,28542235,205,0.0078,0.2616,1.1473,,-1.1171,0.2065,,
bob,2,28542235,206,0.0049,0.2136,1.0143,,-1.1077,0.1421,,
bob,2,28542235,207,0.0088,0.2116,0.9257,,-1.1008,0.1613,,
bob,2,28542235,208,0.016,0.293,0.9702,,-1.0985,0.2011,,
bob,2,28542235,209,0.0028,0.3396,0.8365,,-1.0974,0.2126,,
bob,2,28542235,210,0.0178,0.3428,1.2784,,-1.0873,0.228,,
bob,2,28542235,211,0.0081,0.3234,1.1397,,-1.0887,0.2384,,
bob,2,28542235,212,-0.0003,0.2872,0.8909,,-1.0999,0.1823,,
bob,2,28542235,213,0.0096,0.2809,0.9108,,-1.0856,0.2114,,
bob,2,28542235,214,0.0163,0.242,0.982,,-1.067,0.1765,,
bob,2,28542235,215,0.0041,0.2164,0.7221,,-1.0889,0.1585,,
bob,2,28542235,216,0.0111,0.2471,0.6909,,-1.0863,0.1559,,
bob,2,28542235,217,0.0109,0.2379,1.072,,-1.0947,0.1905,,
bob,2,28542235,218,0.0113,0.2493,1.3747,,-1.0887,0.1979,,
bob,2,28542235,219,0.0213,0.2119,0.7937,,-1.0939,0.1508,,
bob,2,28542235,220,0.0081,0.221,0.7613,,-1.1156,0.1505,,
bob,2,28542235,221,0.0067,0.2041,0.8216,,-1.1119,0.1393,,
bob,2,28542235,222,0.0094,0.2113,0.7279,,-1.112,0.1579,,
bob,2,28542235,223,0.021,0.2014,0.5951,,-1.0778,0.1398,,
bob,2,28542235,224,0.0078,0.1722,0.7273,,-1.0955,0.1429,,
bob,2,28542235,225,0.0046,0.2321,0.8699,,-1.0833,0.1685,,
bob,2,28542235,226,0.0092,0.2036,0.4285,,-1.1072,0.1124,,
bob,2,28542235,227,0.0024,0.2247,0.8717,,-1.1104,0.1761,,
bob,2,28542235,228,-0.0012,0.2844,0.7218,,-1.1041,0.1648,,
bob,2,28542235,229,-0.0018,0.2386,0.7478,,-1.0929,0.1667,,
bob,2,28542235,230,0.005,0.2616,1.0611,,-1.1,0.172,,
bob,2,28542235,231,-0.0054,0.2722,1.1696,,-1.0896,0.1947,,
bob,2,28542235,232,0.0102,0.2697,1.0846,,-1.1097,0.1804,,
bob,2,28542235,233,0.0138,0.2306,0.9404,,-1.1227,0.1503,,
bob,2,28542235,234,0.0108,0.2285,0.7361,,-1.0911,0.1582,,
bob,2,28542235,235,0.0071,0.2362,1.05,,-1.0852,0.1632,,
bob,2,28542235,236,0.011,0.3246,1.2052,,-1.0965,0.2,,
bob,2,28542235,237,0.004,0.234,0.9045,,-1.0938,0.164,,
bob,2,28542235,238,0.0121,0.2811,1.1381,,-1.0989,0.1958,,
bob,2,28542235,239,0.0053,0.2666,1.355,,-1.1373,0.1779,,
bob,2,28542235,240,0.0079,0.2614,1.1197,,-1.1199,0.1558,,
bob,2,28542235,241,0.009,0.2913,1.2199,,-1.0895,0.1931,,
bob,2,28542235,242,0.0037,0.3437,1.163,,-1.1005,0.22,,
bob,2,28542235,243,0.0048,0.1826,1.1168,,-1.1085,0.1505,,
bob,2,28542235,244,0.0184,0.2249,1.0866,,-1.1212,0.1608,,
bob,2,28542235,245,0.0206,0.2456,1.5764,,-1.1105,0.2129,,
bob,2,28542235,246,0.0076,0.2377,0.9236,,-1.1047,0.1451,,
bob,2,28542235,247,0.008,0.2345,0.9512,,-1.0945,0.1684,,
bob,2,28542235,248,0.011,0.322,1.1265,,-1.1,0.2174,,
bob,2,28542235,249,0.0054,0.2391,1.2178,,-1.0897,0.1917,,
bob,2,28542235,250,0.0026,0.2968,1.651,,-1.1165,0.2081,,
bob,2,28542235,251,0.0132,0.2619,1.5535,,-1.1146,0.1893,,
bob,2,28545730,252,-0.0065,0.2173,1.7907,,-1.1092,0.1739,,
bob,2,28545730,253,-0.0063,0.2759,1.4508,,-1.1102,0.2094,,
bob,2,28545730,254,-0.0035,0.2659,1.7808,,-1.1272,0.1675,,
bob,2,28545730,255,-0.0009,0.2388,1.2543,,-1.1246,0.1709,,
bob,2,28545730,256,0.0026,0.2534,1.9314,,-1.1102,0.2,,
bob,2,28545730,257,0.003,0.229,1.1797,,-1.1193,0.149,,
bob,2,28545730,258,0.0054,0.2452,1.396,,-1.1046,0.1733,,
bob,2,28545730,259,0.0093,0.3315,1.5261,,-1.1159,0.2143,,
bob,2,28545730,260,0.0107,0.3116,1.7199,,-1.1141,0.2289,,
bob,2,28545730,261,0.0111,0.282,2.0321,,-1.1196,0.2228,,
bob,2,28545730,262,0.0083,0.3028,1.5787,,-1.1275,0.2074,,
bob,2,28545730,263,0.0034,0.2591,1.5269,,-1.1152,0.1462,,
bob,2,28545730,264,0.0093,0.2416,1.3825,,-1.1278,0.1716,,
bob,2,28545730,265,0.0143,0.3289,2.1487,,-1.1209,0.2174,,
bob,2,28545730,266,0.0087,0.2745,1.3448,,-1.1036,0.1832,,
bob,2,28545730,267,0.0135,0.3017,1.6862,,-1.103,0.2132,,
bob,2,28545730,268,0.0156,0.2923,1.8812,,-1.0945,0.2123,,
bob,2,28545730,269,0.007,0.3158,1.6191,,-1.1205,0.183,,
bob,2,28545730,270,0.0057,0.2586,1.6769,,-1.125,0.1731,,
bob,2,28545730,271,0.0085,0.2388,1.2777,,-1.1283,0.1709,,
bob,2,28545730,272,0.0126,0.2032,1.2851,,-1.1285,0.1256,,
bob,2,28545730,273,0.0075,0.2776,1.4495,,-1.1238,0.1748,,
bob,2,28545730,274,0.012,0.3383,1.6548,,-1.1391,0.2176,,
bob,2,28545730,275,0.0144,0.2633,1.6169,,-1.1231,0.201,,
bob,2,28545730,276,0.0066,0.3007,1.5845,,-1.1195,0.1916,,
bob,2,28545730,277,0.0121,0.3365,1.7611,,-1.1316,0.2439,,
bob,2,28545730,278,0.0139,0.3196,1.9991,,-1.1328,0.2269,,
bob,2,28545730,279,0.0171,0.343,1.9023,,-1.1077,0.2339,,
bob,2,28545730,280,0.0153,0.2867,1.6866,,-1.115,0.2172,,
bob,2,28545730,281,0.016,0.3298,2.1248,,-1.1232,0.2488,,
bob,2,28545730,282,0.0171,0.3071,1.7522,,-1.1193,0.2108,,
bob,2,28545730,283,0.0186,0.2539,2.0309,,-1.1301,0.1956,,
bob,2,28545730,284,0.0126,0.3132,1.9769,,-1.1206,0.2279,,
bob,2,28545730,285,0.0094,0.3062,1.7074,,-1.1229,0.1923,,
bob,2,28545730,286,0.0115,0.2787,2.0,,-1.1246,0.23,,
bob,2,28545730,287,0.0095,0.3198,1.8986,,-1.1209,0.2,,
bob,2,28545730,288,0.0126,0.2687,1.97,,-1.1191,0.2233,,
bob,2,28545730,289,0.0165,0.2826,1.2192,,-1.1242,0.1759,,
bob,2,28545730,290,0.0163,0.2697,1.6131,,-1.1152,0.2071,,
bob,2,28545730,291,0.0155,0.3231,2.3739,,-1.113,0.2356,,
bob,2,28545730,292,0.0119,0.2856,2.0652,,-1.1042,0.2133,,
bob,2,28545730,293,0.0149,0.2649,1.9326,,-1.1211,0.211,,
bob,2,28545730,294,0.007,0.3018,1.8414,,-1.1091,0.1864,,
bob,2,28545730,295,0.0191,0.3336,2.0992,,-1.109,0.2233,,
bob,2,28545730,296,0.0165,0.3086,1.6888,,-1.1272,0.2136,,
bob,2,28545730,297,0.0187,0.326,1.6771,,-1.1071,0.2308,,
bob,2,28545730,298,0.0088,0.2126,1.0548,,-1.1469,0.1538,,
bob,2,28545730,299,0.0157,0.2604,1.4272,,-1.1154,0.1818,,
bob,2,28545730,300,0.003,0.3819,2.0328,,-1.1283,0.2644,,
bob,2,28545730,301,0.0077,0.3633,2.0699,,-1.1307,0.2332,,
bob,2,28545730,302,0.0038,0.3613,2.0915,,-1.1255,0.2546,,
bob,2,28545730,303,0.015,0.3585,2.2438,,-1.1277,0.2629,,
bob,2,28545730,304,0.0116,0.2646,2.0284,,-1.1279,0.2064,,
bob,2,28545730,305,0.0183,0.3484,1.8386,,-1.121,0.23,,
bob,2,28545730,306,0.0023,0.2481,1.9593,,-1.13,0.1739,,
bob,2,28545730,307,0.0084,0.3349,1.966,,-1.1105,0.2018,,
bob,2,28545730,308,0.0178,0.2539,1.2997,,-1.123,0.1857,,
bob,2,28545730,309,0.0119,0.2956,1.6019,,-1.1291,0.2108,,
bob,2,28545730,310,0.0109,0.3316,1.5731,,-1.1257,0.2075,,
bob,2,28545730,311,0.019,0.2604,1.6703,,-1.107,0.206,,
bob,2,28545730,312,0.0122,0.3171,2.1491,,-1.1302,0.2364,,
bob,2,28545730,313,0.0208,0.3456,2.1564,,-1.1249,0.2431,,
bob,2,28545730,314,0.0053,0.2874,1.8094,,-1.1103,0.2189,,
bob,2,28545730,315,0.009,0.3056,1.8318,,-1.1121,0.2103,,
bob,2,28545730,316,0.008,0.2797,1.9639,,-1.1216,0.2126,,
bob,2,28545730,317,0.0022,0.2604,1.5112,,-1.1161,0.1826,,
bob,2,28545730,318,0.0241,0.3316,2.007,,-1.1214,0.2396,,
bob,2,28545730,319,0.0139,0.3425,2.2554,,-1.1198,0.2419,,
bob,2,28545730,320,0.0169,0.2906,1.9277,,-1.1118,0.1921,,
bob,2,28545730,321,0.0004,0.3031,1.7449,,-1.1206,0.1778,,
bob,2,28545730,322,0.0081,0.216,1.1527,,-1.1281,0.1202,,
bob,2,28545730,323,0.0056,0.2702,1.6047,,-1.1238,0.1789,,
bob,2,28545730,324,0.0161,0.2876,1.8232,,-1.1172,0.2207,,
bob,2,28545730,325,0.0123,0.2662,1.7687,,-1.1174,0.2028,,
bob,2,28545730,326,0.0041,0.2331,1.581,,-1.1382,0.16,,
bob,2,28545730,327,0.0127,0.2904,1.9993,,-1.1298,0.2103,,
bob,2,28545730,328,0.0085,0.2603,1.6671,,-1.1054,0.1991,,
bob,2,28545730,329,0.0083,0.2395,1.8626,,-1.1114,0.1792,,
bob,2,28545730,330,0.0081,0.3515,2.5629,,-1.1379,0.2431,,
bob,2,28545730,331,0.0056,0.2643,1.7415,,-1.114,0.2129,,
bob,2,28545730,332,0.0067,0.2945,1.6885,,-1.1108,0.19,,
bob,2,28545730,333,0.0158,0.2697,2.1074,,-1.1143,0.1754,,
bob,2,28545730,334,0.0121,0.3227,2.229,,-1.1161,0.2168,,
bob,2,28545730,335,0.0164,0.2508,1.3836,,-1.123,0.1893,,
bob,2,28545730,336,0.0119,0.3326,1.8811,,-1.1016,0.2275,,
bob,2,28545730,337,0.0192,0.287,1.7217,,-1.1083,0.1889,,
bob,2,28545730,338,0.0094,0.3402,1.9803,,-1.1125,0.2358,,
bob,2,28545730,339,0.0138,0.253,1.6501,,-1.1235,0.181,,
bob,2,28545730,340,0.0152,0.2995,2.1736,,-1.1151,0.2294,,
bob,2,28545730,341,0.0222,0.3344,2.1212,,-1.1107,0.2453,,
bob,2,28545730,342,0.0146,0.2997,2.1028,,-1.1243,0.2091,,
bob,2,28545730,343,0.0122,0.3563,2.6835,,-1.1085,0.2411,,
bob,2,28545730,344,0.0112,0.3489,2.4249,,-1.1104,0.2642,,
bob,2,28545730,345,0.0154,0.3706,2.1942,,-1.1173,0.2655,,
bob,2,28545730,346,0.0043,0.3501,2.2665,,-1.1019,0.2698,,
bob,2,28545730,347,0.0175,0.3054,1.7734,,-1.1232,0.1896,,
bob,2,28545730,348,0.0078,0.2933,1.738,,-1.1191,0.1981,,
bob,2,28545730,349,0.0177,0.28,1.3786,,-1.1094,0.2067,,
bob,2,28545730,350,0.0111,0.3242,2.2813,,-1.123,0.2248,,
bob,2,28545730,351,0.0042,0.271,1.6947,,-1.1251,0.1839,,
bob,2,28545730,352,0.0134,0.3121,2.008,,-1.1192,0.215,,
bob,2,28545730,353,-0.0031,0.2343,1.5509,,-1.1299,0.1651,,
bob,2,28545730,354,0.0202,0.2543,2.2557,,-1.1357,0.188,,
bob,2,28545730,355,0.006,0.2947,1.6193,,-1.1085,0.2064,,
bob,2,28545730,356,0.012,0.2487,1.9874,,-1.142,0.1667,,
bob,2,28545730,357,0.018,0.3496,2.6543,,-1.123,0.2833,,
bob,2,28545730,358,0.015,0.3198,1.8977,,-1.1105,0.2077,,
bob,2,28545730,359,0.0093,0.3156,1.6827,,-1.1093,0.2133,,
bob,2,28545730,360,0.0214,0.2674,2.037,,-1.1216,0.1814,,
bob,2,28545730,361,0.0199,0.3083,2.469,,-1.1259,0.2055,,
bob,2,28545730,362,0.0171,0.213,2.6924,,-1.1224,0.1588,,
bob,2,28545730,363,0.0263,0.3415,1.8747,,-1.1066,0.2018,,
bob,2,28545730,364,0.0174,0.3025,2.0036,,-1.1241,0.2166,,
bob,2,28545730,365,0.0106,0.3406,2.1357,,-1.1242,0.2222,,
bob,2,28545730,366,0.0279,0.334,2.6705,,-1.1284,0.2281,,
bob,2,28545730,367,0.0086,0.3654,1.9756,,-1.129,0.2294,,
bob,2,28545730,368,0.0216,0.3121,1.8587,,-1.1121,0.2157,,
bob,2,28545730,369,0.0133,0.3055,1.876,,-1.1054,0.2243,,
bob,2,28545730,370,0.0136,0.3435,2.3456,,-1.1208,0.2297,,
bob,2,28545730,371,0.0092,0.3001,1.7119,,-1.1127,0.2009,,
bob,2,28545730,372,0.019,0.2902,2.139,,-1.1299,0.2176,,
bob,2,28545730,373,0.0158,0.3224,2.1404,,-1.1334,0.2119,,
bob,2,28545730,374,0.0002,0.2398,1.5124,,-1.1073,0.1919,,
bob,2,28545730,375,0.0036,0.2798,1.6906,,-1.1032,0.2077,,
bob,2,28545730,376,0.0101,0.3046,1.9388,,-1.1019,0.1972,,
bob,2,28545730,377,0.012,0.3832,1.8573,,-1.1144,0.2411,,
bob,2,28545730,378,0.0154,0.2988,2.4003,,-1.1364,0.211,,
bob,2,28545730,379,0.0051,0.2908,1.8373,,-1.1263,0.2054,,
bob,2,28545730,380,0.0132,0.254,1.8292,,-1.1149,0.2037,,
bob,2,28545730,381,0.0076,0.2985,1.9973,,-1.1195,0.2038,,
bob,2,28545730,382,0.0078,0.3276,2.2315,,-1.1302,0.2222,,
bob,2,28545730,383,0.0211,0.3464,1.9499,,-1.127,0.244,,
bob,2,28545730,384,0.0064,0.2575,1.7175,,-1.1404,0.1745,,
bob,2,28545730,385,0.0088,0.2667,2.1947,,-1.1246,0.2036,,
bob,2,28545730,386,0.0057,0.2761,2.1115,,-1.1123,0.1973,,
bob,2,28545730,387,0.004,0.3314,1.6334,,-1.1296,0.1953,,
bob,2,28545730,388,0.0094,0.2934,1.6504,,-1.1283,0.1869,,
bob,2,28545730,389,0.0088,0.3133,1.9389,,-1.1175,0.2066,,
bob,2,28545730,390,0.0244,0.4215,2.7513,,-1.1071,0.2771,,
bob,2,28545730,391,0.0187,0.2897,2.1562,,-1.1416,0.2018,,
bob,2,28545730,392,0.0078,0.2482,1.7793,,-1.1225,0.1448,,
bob,2,28545730,393,0.0087,0.334,2.4806,,-1.1071,0.243,,
bob,2,28545730,394,0.0165,0.296,2.0674,,-1.1308,0.214,,
bob,2,28545730,395,0.002,0.305,2.3766,,-1.1236,0.1957,,
bob,2,28545730,396,0.0137,0.3783,2.4106,,-1.1187,0.2445,,
bob,2,28545730,397,0.0169,0.2965,1.9585,,-1.1257,0.2,,
bob,2,28545730,398,0.0025,0.3068,2.2228,,-1.1126,0.2028,,
bob,2,28545730,399,0.0146,0.3598,2.0961,,-1.1225,0.2257,,
bob,2,28545730,400,0.025,0.3924,2.4351,,-1.1155,0.2679,,
bob,2,28545730,401,0.0174,0.2928,2.1706,,-1.1178,0.2254,,
bob,2,28545730,402,0.0074,0.3405,2.3604,,-1.1151,0.267,,
bob,2,28545730,403,-0.0001,0.2686,1.804,,-1.1232,0.1818,,
bob,2,28545730,404,0.0202,0.3373,2.3971,,-1.0983,0.2108,,
bob,2,28545730,405,0.0119,0.3437,2.3922,,-1.1168,0.2377,,
bob,2,28545730,406,0.026,0.3023,2.3239,,-1.1272,0.2262,,
bob,2,28545730,407,0.0122,0.3346,2.7315,,-1.1334,0.2578,,
bob,2,28545730,408,0.009,0.2832,2.4066,,-1.1046,0.2018,,
bob,2,28545730,409,0.0085,0.2114,1.8184,,-1.1108,0.1659,,
bob,2,28545730,410,0.008,0.3407,2.411,,-1.119,0.2212,,
bob,2,28545730,411,0.008,0.2842,2.1502,,-1.1203,0.1982,,
bob,2,28545730,412,0.0108,0.3301,2.8079,,-1.1207,0.2468,,
bob,2,28545730,413,0.0013,0.3021,2.5196,,-1.1054,0.237,,
bob,2,28545730,414,0.0221,0.3574,2.0365,,-1.1028,0.2149,,
bob,2,28545730,415,0.0053,0.2455,1.64,,-1.1348,0.1442,,
bob,2,28545730,416,0.02,0.305,1.9403,,-1.1188,0.216,,
bob,2,28545730,417,0.0207,0.3236,2.1038,,-1.1043,0.2345,,
bob,2,28545730,418,0.0063,0.3013,1.9195,,-1.1058,0.2083,,
bob,2,28545730,419,0.01,0.2835,2.138,,-1.1051,0.2009,,
bob,2,28545730,420,0.0076,0.3631,2.4031,,-1.1184,0.2442,,
bob,2,28545730,421,0.0042,0.3272,2.005,,-1.1206,0.2279,,
bob,2,28545730,422,-0.0068,0.3143,2.1192,,-1.1174,0.1773,,
bob,2,28545730,423,0.0155,0.3056,1.8992,,-1.1251,0.2183,,
bob,2,28545730,424,0.0025,0.3211,2.5615,,-1.1074,0.2326,,
bob,2,28545730,425,0.0166,0.2622,2.1424,,-1.1014,0.1982,,
bob,2,28545730,426,0.0022,0.2924,2.5451,,-1.0987,0.2149,,
bob,2,28545730,427,0.0047,0.3004,2.1103,,-1.1225,0.1957,,
bob,2,28545730,428,0.0049,0.354,2.2579,,-1.099,0.25,,
bob,2,28545730,429,0.0069,0.2631,2.1117,,-1.1165,0.1923,,
bob,2,28545730,430,0.0137,0.3441,2.514,,-1.1163,0.2533,,
bob,2,28545730,431,0.0188,0.3113,2.6938,,-1.1108,0.2412,,
bob,2,28545730,432,0.0145,0.3033,2.1489,,-1.1118,0.1861,,
bob,2,28545730,433,0.0088,0.2846,2.8124,,-1.1231,0.2246,,
bob,2,28545730,434,0.009,0.2772,2.8773,,-1.1026,0.1974,,
bob,2,28545730,435,0.0134,0.2453,1.996,,-1.1264,0.1843,,
bob,2,28545730,436,0.0129,0.2762,2.2161,,-1.1017,0.1973,,
bob,2,28545730,437,0.0151,0.2623,1.9553,,-1.1327,0.1704,,
bob,2,28545730,438,0.0076,0.3556,2.3663,,-1.124,0.2414,,
bob,2,28545730,439,0.0081,0.3665,1.7365,,-1.1188,0.2308,,
bob,2,28545730,440,0.0168,0.2857,1.6567,,-1.0997,0.2059,,
bob,2,28545730,441,0.0139,0.3934,2.7468,,-1.0976,0.2788,,
bob,2,28545730,442,0.0174,0.3489,2.0351,,-1.1297,0.2477,,
bob,2,28545730,443,0.0002,0.3132,2.0629,,-1.1306,0.2407,,
bob,2,28545730,444,0.0063,0.2872,2.1532,,-1.1263,0.2098,,
bob,2,28545730,445,0.003,0.2794,2.1915,,-1.1228,0.2057,,
bob,2,28545730,446,0.0051,0.3269,1.8403,,-1.1047,0.2174,,
bob,2,28545730,447,0.0071,0.3014,2.1168,,-1.1074,0.2156,,
bob,2,28545730,448,0.0114,0.3125,3.0204,,-1.104,0.2469,,
bob,2,28545730,449,0.0023,0.2858,2.583,,-1.1091,0.2308,,
bob,2,28545730,450,0.0319,0.4109,2.5745,,-1.1088,0.25,,
bob,2,28545730,451,0.0044,0.3984,2.0722,,-1.1115,0.2232,,
bob,2,28545730,452,0.0113,0.3212,2.7066,,-1.1096,0.2332,,
bob,2,28545730,453,0.0125,0.3368,2.3745,,-1.0992,0.2304,,
bob,2,28545730,454,0.0138,0.3033,1.9971,,-1.1234,0.2176,,
bob,2,28545730,455,0.0044,0.3994,2.9644,,-1.1147,0.2634,,
bob,2,28545730,456,0.0069,0.3036,2.9274,,-1.1096,0.206,,
bob,2,28545730,457,0.0052,0.3126,2.8999,,-1.1186,0.2231,,
bob,2,28545730,458,0.0257,0.3074,2.3042,,-1.1144,0.214,,
bob,2,28545730,459,0.0296,0.3635,1.801,,-1.1013,0.2512,,
bob,2,28545730,460,0.0032,0.2839,2.0005,,-1.1147,0.2056,,
bob,2,28545730,461,0.01,0.326,2.8258,,-1.1122,0.242,,
bob,2,28545730,462,0.016,0.3101,2.337,,-1.1078,0.2232,,
bob,2,28545730,463,0.001,0.2505,2.2277,,-1.115,0.1938,,
bob,2,28545730,464,0.0094,0.3439,2.7924,,-1.1084,0.2311,,
bob,2,28545730,465,0.01,0.3589,2.5412,,-1.1035,0.2275,,
bob,2,28545730,466,0.0096,0.351,2.1733,,-1.1137,0.2419,,
bob,2,28545730,467,0.0166,0.3335,2.5696,,-1.1254,0.2522,,
bob,2,28545730,468,0.0103,0.3608,3.5349,,-1.1229,0.2383,,
bob,2,28545730,469,0.0114,0.4063,3.0268,,-1.1075,0.2954,,
bob,2,28545730,470,-0.0042,0.3491,3.1125,,-1.1192,0.2489,,
bob,2,28545730,471,-0.0006,0.2881,2.2171,,-1.1273,0.1814,,
bob,2,28545730,472,-0.0012,0.2899,2.1614,,-1.1115,0.1786,,
bob,2,28545730,473,0.0132,0.2953,3.0831,,-1.1173,0.2291,,
bob,2,28545730,474,0.0078,0.2922,1.9216,,-1.1001,0.1947,,
bob,2,28545730,475,0.009,0.3566,2.4933,,-1.1048,0.2197,,
bob,2,28545730,476,0.0102,0.2986,2.3136,,-1.1174,0.2035,,
bob,2,28545730,477,0.0096,0.3358,2.2736,,-1.1008,0.2387,,
bob,2,28545730,478,0.0176,0.3263,1.8596,,-1.1019,0.1982,,
bob,2,28545730,479,0.0018,0.3311,1.7843,,-1.0948,0.2085,,
bob,2,28545730,480,0.0104,0.3388,2.121,,-1.092,0.2613,,
bob,2,28545730,481,0.0119,0.3364,2.2561,,-1.1129,0.2248,,
bob,2,28545730,482,0.028,0.3215,2.2026,,-1.1015,0.2318,,
bob,2,28545730,483,0.0109,0.3737,1.8109,,-1.1047,0.2788,,
bob,2,28545730,484,0.0025,0.3006,1.9652,,-1.1126,0.2136,,
bob,2,28545730,485,0.0001,0.2641,1.7708,,-1.1126,0.1857,,
bob,2,28545730,486,0.017,0.3119,2.3285,,-1.1087,0.2411,,
bob,2,28545730,487,0.005,0.2942,2.3176,,-1.1178,0.1878,,
bob,2,28545730,488,0.0182,0.3236,2.6427,,-1.1076,0.2511,,
bob,2,28545730,489,0.0098,0.3535,3.1773,,-1.0995,0.2664,,
bob,2,28545730,490,0.0064,0.3145,2.2291,,-1.0955,0.2161,,
bob,2,28545730,491,0.0062,0.4105,3.0901,,-1.1091,0.2691,,
bob,2,28545730,492,0.0113,0.3334,2.0392,,-1.1056,0.2392,,
bob,2,28545730,493,0.0074,0.321,2.0757,,-1.1045,0.2081,,
bob,2,28545730,494,0.0243,0.3646,2.9739,,-1.1008,0.2609,,
bob,2,28545730,495,0.0094,0.2942,2.6929,,-1.0964,0.2043,,
bob,2,28545730,496,0.0249,0.3194,1.9108,,-1.0821,0.218,,
bob,2,28545730,497,0.0116,0.2841,2.3416,,-1.1279,0.2127,,
bob,2,28545730,498,0.0221,0.3355,2.3264,,-1.1174,0.2379,,
bob,2,28545730,499,0.0189,0.3327,2.6356,,-1.101,0.2277,,
bob,2,28546394,500,-0.0041,0.4005,2.3665,,-1.077,0.2308,,
bob,2,28546394,501,-0.0135,0.2796,2.3927,,-1.0757,0.2028,,
bob,2,28546394,502,-0.011,0.2834,2.3074,,-1.0859,0.2075,,
bob,2,28546394,503,-0.0078,0.332,2.3814,,-1.0863,0.2594,,
bob,2,28546394,504,0.003,0.3189,3.1721,,-1.0964,0.2632,,
bob,2,28546394,505,-0.0007,0.3633,3.0874,,-1.1133,0.2896,,
bob,2,28546394,506,0.0079,0.3652,2.7572,,-1.1108,0.2986,,
bob,2,28546394,507,-0.0007,0.3282,3.0936,,-1.0995,0.2271,,
bob,2,28546394,508,-0.0038,0.3643,2.3689,,-1.0949,0.2321,,
bob,2,28546394,509,0.0023,0.3316,2.6667,,-1.1203,0.2385,,
bob,2,28546394,510,0.0051,0.3947,2.6628,,-1.1019,0.2634,,
bob,2,28546394,511,0.0055,0.3504,2.9389,,-1.1155,0.2431,,
bob,2,28546394,512,0.0083,0.3473,2.9252,,-1.1035,0.2321,,
bob,2,28546394,513,0.0094,0.377,4.2054,,-1.1016,0.254,,
bob,2,28546394,514,0.0135,0.3937,3.4875,,-1.1195,0.2869,,
bob,2,28546394,515,0.0114,0.3603,2.995,,-1.1008,0.2588,,
bob,2,28546394,516,0.0089,0.4072,3.4234,,-1.1084,0.2759,,
bob,2,28546394,517,0.0134,0.3734,2.9366,,-1.0988,0.24,,
bob,2,28546394,518,0.0151,0.3879,3.7704,,-1.1032,0.2759,,
bob,2,28546394,519,0.0088,0.2826,2.7346,,-1.1082,0.177,,
bob,2,28546394,520,0.0089,0.3574,2.6986,,-1.0846,0.2355,,
bob,2,28546394,521,0.0072,0.3418,3.1574,,-1.1101,0.2232,,
bob,2,28546394,522,0.0122,0.3574,3.1247,,-1.1273,0.2405,,
bob,2,28546394,523,0.0067,0.3218,2.4772,,-1.118,0.2085,,
bob,2,28546394,524,0.0103,0.3334,2.4341,,-1.0957,0.2407,,
bob,2,28546394,525,0.0073,0.4189,3.4508,,-1.1061,0.2833,,
bob,2,28546394,526,0.0051,0.3098,2.5816,,-1.1055,0.2124,,
bob,2,28546394,527,0.0016,0.3839,3.204,,-1.1257,0.2754,,
bob,2,28546394,528,0.0088,0.3344,2.5307,,-1.102,0.2273,,
bob,2,28546394,529,0.0137,0.3061,2.3457,,-1.1072,0.193,,
bob,2,28546394,530,0.0083,0.2728,2.3968,,-1.1157,0.2009,,
bob,2,28546394,531,0.0066,0.3343,3.1155,,-1.1027,0.2361,,
bob,2,28546394,532,0.0054,0.2838,2.2595,,-1.1112,0.2202,,
bob,2,28546394,533,0.0051,0.3594,2.6582,,-1.0928,0.2812,,
bob,2,28546394,534,0.0076,0.2716,2.5648,,-1.1114,0.1992,,
bob,2,28546394,535,0.0079,0.3459,3.0229,,-1.1249,0.25,,
bob,2,28546394,536,0.0058,0.4441,3.4005,,-1.0958,0.2882,,
bob,2,28546394,537,0.0096,0.3276,2.5843,,-1.0836,0.2035,,
bob,2,28546394,538,0.0117,0.3203,2.7676,,-1.0982,0.2361,,
bob,2,28546394,539,0.0103,0.3303,3.4031,,-1.1016,0.2301,,
bob,2,28546394,540,0.0062,0.3802,2.2024,,-1.0977,0.2271,,
bob,2,28546394,541,0.0187,0.3702,3.236,,-1.0986,0.2795,,
bob,2,28546394,542,0.0047,0.273,2.2531,,-1.1111,0.2036,,
bob,2,28546394,543,0.0106,0.3398,3.4912,,-1.1196,0.2426,,
bob,2,28546394,544,0.0123,0.3131,2.8514,,-1.1096,0.1983,,
bob,2,28546394,545,0.0073,0.397,2.3251,,-1.1095,0.2444,,
bob,2,28546394,546,0.0118,0.3893,3.9464,,-1.0771,0.3034,,
bob,2,28546394,547,0.0036,0.3642,2.9968,,-1.0862,0.2373,,
bob,2,28546394,548,0.0007,0.4166,2.3838,,-1.0938,0.2632,,
bob,2,28546394,549,0.0102,0.3559,2.9656,,-1.1032,0.25,,
bob,2,28546394,550,0.0126,0.3218,3.3053,,-1.0728,0.2371,,
bob,2,28546394,551,0.0042,0.3775,3.3818,,-1.1065,0.2333,,
bob,2,28546394,552,0.0092,0.3637,3.6203,,-1.0872,0.2798,,
bob,2,28546394,553,0.0075,0.3447,3.2586,,-1.1105,0.2445,,
bob,2,28546394,554,0.0035,0.3355,3.0604,,-1.1129,0.2161,,
bob,2,28546394,555,0.0093,0.3434,3.025,,-1.1223,0.2284,,
bob,2,28546394,556,0.0068,0.3261,3.0875,,-1.1117,0.2288,,
bob,2,28546394,557,0.0162,0.4149,2.7987,,-1.1037,0.2573,,
bob,2,28546394,558,0.0103,0.3979,2.9515,,-1.1052,0.2712,,
bob,2,28546394,559,0.0081,0.4088,3.6481,,-1.1057,0.2739,,
bob,2,28546394,560,0.0051,0.3369,3.0629,,-1.1126,0.2271,,
bob,2,28546394,561,0.0061,0.3137,3.1528,,-1.1143,0.2405,,
bob,2,28546394,562,0.0118,0.4064,3.6036,,-1.1005,0.3,,
bob,2,28546394,563,0.005,0.3931,3.5201,,-1.1073,0.2647,,
bob,2,28546394,564,0.0026,0.369,3.0544,,-1.1031,0.2588,,
bob,2,28546394,565,0.0078,0.4238,3.8217,,-1.117,0.2589,,
bob,2,28546394,566,0.006,0.4161,2.8868,,-1.1056,0.25,,
bob,2,28546394,567,0.006,0.3407,2.6766,,-1.1109,0.2395,,
bob,2,28546394,568,0.0012,0.382,3.4513,,-1.1041,0.2556,,
bob,2,28546394,569,0.0048,0.3941,3.0282,,-1.1133,0.249,,
bob,2,28546394,570,0.0091,0.3357,2.8875,,-1.0878,0.2426,,
bob,2,28546394,571,-0.0053,0.3365,2.6828,,-1.1148,0.2377,,
bob,2,28546394,572,0.0062,0.3534,2.4694,,-1.0915,0.2558,,
bob,2,28546394,573,0.0072,0.379,2.8006,,-1.0994,0.2318,,
bob,2,28546394,574,0.0102,0.381,3.2809,,-1.1093,0.2612,,
bob,2,28546394,575,0.0056,0.311,4.0179,,-1.1035,0.2415,,
bob,2,28546394,576,0.0065,0.2819,2.4102,,-1.1167,0.2301,,
bob,2,28546394,577,0.0097,0.3184,3.2703,,-1.0921,0.2294,,
bob,2,28546394,578,0.0078,0.3703,3.2192,,-1.1077,0.2387,,
bob,2,28546394,579,0.0101,0.3677,2.5005,,-1.1033,0.2381,,
bob,2,28546394,580,0.0086,0.3144,2.3278,,-1.1234,0.2136,,
bob,2,28546394,581,0.0107,0.3433,3.5077,,-1.1082,0.2446,,
bob,2,28546394,582,0.0037,0.3607,3.2479,,-1.1097,0.2291,,
bob,2,28546394,583,0.0087,0.2966,2.9013,,-1.1146,0.2298,,
bob,2,28546394,584,0.0094,0.4609,3.2261,,-1.0928,0.2783,,
bob,2,28546394,585,0.0087,0.3301,3.119,,-1.0989,0.2407,,
bob,2,28546394,586,0.0008,0.3651,2.8928,,-1.1042,0.2291,,
bob,2,28546394,587,0.0141,0.3131,2.6231,,-1.1056,0.2105,,
bob,2,28546394,588,0.0062,0.3315,2.6582,,-1.1061,0.2203,,
bob,2,28546394,589,0.0035,0.312,2.9083,,-1.1018,0.2255,,
bob,2,28546394,590,0.0025,0.3074,3.3634,,-1.1068,0.235,,
bob,2,28546394,591,0.0154,0.3078,2.9222,,-1.1038,0.2328,,
bob,2,28546394,592,0.0046,0.2703,2.5842,,-1.1141,0.1864,,
bob,2,28546394,593,0.0139,0.3655,3.1569,,-1.1247,0.2625,,
bob,2,28546394,594,0.0076,0.3143,2.5055,,-1.1115,0.208,,
bob,2,28546394,595,0.0062,0.3735,3.0605,,-1.1046,0.2269,,
bob,2,28546394,596,0.0099,0.356,2.886,,-1.1041,0.2543,,
bob,2,28546394,597,0.0163,0.3656,2.8442,,-1.0989,0.2596,,
bob,2,28546394,598,0.0067,0.3484,2.7979,,-1.1198,0.23,,
bob,2,28546394,599,0.0082,0.3467,3.7136,,-1.1053,0.2762,,
bob,2,28546394,600,0.0141,0.3471,2.892,,-1.1105,0.2338,,
bob,2,28546394,601,0.0007,0.3733,3.2454,,-1.1146,0.265,,
bob,2,28546394,602,0.0062,0.3207,2.9505,,-1.1147,0.208,,
bob,2,28546394,603,0.0009,0.3248,2.7334,,-1.1165,0.1957,,
bob,2,28546394,604,0.0152,0.2311,2.541,,-1.1188,0.1561,,
bob,2,28546394,605,0.0125,0.4306,2.8991,,-1.0849,0.2638,,
bob,2,28546394,606,0.0109,0.3668,3.5656,,-1.0887,0.2613,,
bob,2,28546394,607,0.0082,0.3199,2.153,,-1.1084,0.188,,
bob,2,28546394,608,0.0095,0.3144,2.7694,,-1.1085,0.206,,
bob,2,28546394,609,0.0111,0.3991,3.5221,,-1.0843,0.2965,,
bob,2,28546394,610,0.016,0.4159,2.923,,-1.0903,0.2797,,
bob,2,28546394,611,0.0053,0.3413,2.8707,,-1.0807,0.2446,,
bob,2,28546394,612,0.009,0.3217,2.7405,,-1.1207,0.24,,
bob,2,28546394,613,0.0158,0.3435,3.0318,,-1.1063,0.2762,,
bob,2,28546394,614,0.0149,0.3394,3.0874,,-1.091,0.2455,,
bob,2,28546394,615,0.0062,0.4034,2.9464,,-1.1043,0.25,,
bob,2,28546394,616,0.0037,0.3682,3.4784,,-1.1073,0.2876,,
bob,2,28546394,617,0.0047,0.3685,3.0317,,-1.1096,0.2197,,
bob,2,28546394,618,0.01,0.3578,2.7628,,-1.1106,0.249,,
bob,2,28546394,619,0.0015,0.2828,3.3146,,-1.1143,0.1964,,
bob,2,28546394,620,0.0109,0.3303,2.2878,,-1.0998,0.2277,,
bob,2,28546394,621,0.0125,0.3634,3.0294,,-1.0899,0.2652,,
bob,2,28546394,622,0.0087,0.4154,3.2048,,-1.0976,0.2634,,
bob,2,28546394,623,0.0088,0.3648,3.3538,,-1.1111,0.2446,,
bob,2,28546394,624,0.0062,0.3497,2.9533,,-1.1153,0.2478,,
bob,2,28546394,625,0.0073,0.3649,3.3657,,-1.103,0.2629,,
bob,2,28546394,626,0.0102,0.2947,2.3576,,-1.0909,0.2119,,
bob,2,28546394,627,0.0048,0.427,3.7613,,-1.0843,0.303,,
bob,2,28546394,628,0.0131,0.3082,2.7263,,-1.1259,0.214,,
bob,2,28546394,629,0.0112,0.3327,2.7831,,-1.1041,0.2624,,
bob,2,28546394,630,0.0073,0.3551,2.8348,,-1.115,0.2255,,
bob,2,28546394,631,0.0066,0.3295,3.0292,,-1.0925,0.2287,,
bob,2,28546394,632,0.0136,0.2885,3.0188,,-1.0898,0.2338,,
bob,2,28546394,633,0.0151,0.3166,2.7688,,-1.0989,0.2176,,
bob,2,28546394,634,0.0114,0.3153,3.1251,,-1.0907,0.2311,,
bob,2,28546394,635,0.0139,0.2864,2.8578,,-1.0952,0.2105,,
bob,2,28546394,636,0.0098,0.3139,2.7065,,-1.0991,0.2043,,
bob,2,28546394,637,0.0124,0.3448,2.808,,-1.092,0.2227,,
bob,2,28546394,638,0.0115,0.3752,2.941,,-1.1045,0.2565,,
bob,2,28546394,639,0.0102,0.3569,3.6123,,-1.1079,0.2179,,
bob,2,28546394,640,0.0056,0.3849,3.5751,,-1.1114,0.2672,,
bob,2,28546394,641,0.0035,0.3073,2.3093,,-1.107,0.1814,,
bob,2,28546394,642,0.0131,0.3503,2.969,,-1.0969,0.2278,,
bob,2,28546394,643,0.0023,0.3109,2.3242,,-1.0846,0.1903,,
bob,2,28546394,644,0.0049,0.3026,2.8525,,-1.0901,0.2246,,
bob,2,28546394,645,0.0062,0.3677,3.2149,,-1.1019,0.2521,,
bob,2,28546394,646,0.0043,0.2386,2.8419,,-1.1159,0.1982,,
bob,2,28546394,647,0.0171,0.3777,2.1824,,-1.0989,0.2455,,
bob,2,28546394,648,0.0031,0.3483,2.6234,,-1.1102,0.2385,,
bob,2,28546394,649,0.0115,0.3545,2.5188,,-1.1076,0.2356,,
bob,2,28546394,650,0.0029,0.3161,2.3594,,-1.1167,0.183,,
bob,2,28546394,651,0.0064,0.3654,3.2315,,-1.0928,0.2704,,
bob,2,28546394,652,0.0059,0.4003,3.0859,,-1.093,0.2614,,
bob,2,28546394,653,0.0068,0.312,3.2634,,-1.1132,0.2152,,
bob,2,28546394,654,0.0139,0.3411,3.0281,,-1.1089,0.2664,,
bob,2,28546394,655,0.0064,0.3414,3.3109,,-1.0894,0.2607,,
bob,2,28546394,656,0.0056,0.3742,3.6638,,-1.0995,0.2553,,
bob,2,28546394,657,0.0125,0.3492,2.8979,,-1.1094,0.2521,,
bob,2,28546394,658,0.0061,0.3256,3.5003,,-1.0937,0.2331,,
bob,2,28546394,659,0.014,0.2679,2.8471,,-1.1147,0.1867,,
bob,2,28546394,660,0.0038,0.3898,3.1194,,-1.1085,0.2437,,
bob,2,28546394,661,0.0134,0.4026,3.0548,,-1.1014,0.235,,
bob,2,28546394,662,0.004,0.3375,3.2116,,-1.1114,0.2363,,
bob,2,28546394,663,-0.0,0.3355,2.6033,,-1.0934,0.2615,,
bob,2,28546394,664,0.0056,0.3258,3.0324,,-1.1082,0.2445,,
bob,2,28546394,665,0.0081,0.3663,3.8181,,-1.1101,0.2542,,
bob,2,28546394,666,0.0106,0.2916,2.6935,,-1.1094,0.206,,
bob,2,28546394,667,0.0091,0.3197,3.1232,,-1.1011,0.2445,,
bob,2,28546394,668,0.0035,0.3026,2.3412,,-1.0907,0.2009,,
bob,2,28546394,669,0.0056,0.3467,3.1831,,-1.1109,0.2301,,
bob,2,28546394,670,0.0077,0.2926,3.0908,,-1.1147,0.2213,,
bob,2,28546394,671,0.0072,0.402,3.704,,-1.1072,0.2697,,
bob,2,28546394,672,0.0152,0.3902,3.3964,,-1.1191,0.2757,,
bob,2,28546394,673,0.0008,0.329,3.6149,,-1.1125,0.2521,,
bob,2,28546394,674,0.006,0.3391,3.4767,,-1.0987,0.2265,,
bob,2,28546394,675,0.0231,0.3726,3.7433,,-1.1152,0.2727,,
bob,2,28546394,676,0.0031,0.4019,3.2108,,-1.111,0.2656,,
bob,2,28546394,677,0.0002,0.3209,3.0511,,-1.093,0.2489,,
bob,2,28546394,678,0.006,0.3293,2.901,,-1.1083,0.2332,,
bob,2,28546394,679,0.0087,0.2838,3.0964,,-1.1071,0.2035,,
bob,2,28546394,680,0.0164,0.3153,3.3264,,-1.1081,0.2073,,
bob,2,28546394,681,0.0157,0.2967,2.9172,,-1.0996,0.2116,,
bob,2,28546394,682,0.009,0.3121,3.313,,-1.1058,0.2532,,
bob,2,28546394,683,0.0026,0.352,2.5927,,-1.1096,0.2348,,
bob,2,28546394,684,0.0101,0.3646,3.356,,-1.108,0.2638,,
bob,2,28546394,685,0.0052,0.4037,3.8553,,-1.1113,0.2915,,
bob,2,28546394,686,0.0032,0.3852,2.5226,,-1.1229,0.2103,,
bob,2,28546394,687,0.017,0.3536,3.0869,,-1.1107,0.2568,,
bob,2,28546394,688,0.0089,0.3265,3.2263,,-1.0999,0.2435,,
bob,2,28546394,689,0.0052,0.3335,2.4941,,-1.0986,0.2133,,
bob,2,28546394,690,0.0023,0.2998,1.9966,,-1.1082,0.1798,,
bob,2,28546394,691,0.0088,0.3345,3.6173,,-1.0897,0.2468,,
bob,2,28546394,692,0.0099,0.2983,2.5664,,-1.0829,0.1743,,
bob,2,28546394,693,0.0082,0.3055,3.2149,,-1.0973,0.2222,,
bob,2,28546394,694,0.0033,0.3332,2.7707,,-1.1093,0.2198,,
bob,2,28546394,695,0.0182,0.3152,3.026,,-1.0768,0.2331,,
bob,2,28546394,696,0.0105,0.3642,2.8536,,-1.0986,0.2284,,
bob,2,28546394,697,0.0126,0.3023,3.0263,,-1.0907,0.2301,,
bob,2,28546394,698,0.0098,0.3663,2.8396,,-1.1017,0.2564,,
bob,2,28546394,699,0.0178,0.3525,2.5721,,-1.0938,0.2348,,
bob,2,28546394,700,0.0126,0.3205,2.07,,-1.0967,0.2377,,
bob,2,28546394,701,0.0108,0.3898,2.8957,,-1.0984,0.2696,,
bob,2,28546394,702,0.0062,0.3556,2.8898,,-1.1058,0.2655,,
bob,2,28546394,703,0.0052,0.3431,3.3407,,-1.1175,0.2121,,
bob,2,28546394,704,0.004,0.3062,2.6403,,-1.1176,0.2117,,
bob,2,28546394,705,0.0059,0.3679,3.0263,,-1.1057,0.2137,,
bob,2,28546394,706,0.0087,0.3756,2.9181,,-1.1226,0.2358,,
bob,2,28546394,707,0.0032,0.342,3.5848,,-1.1162,0.2318,,
bob,2,28546394,708,0.0121,0.4003,2.6923,,-1.1065,0.2575,,
bob,2,28546394,709,0.0013,0.3091,3.7104,,-1.1173,0.2068,,
bob,2,28546394,710,0.0066,0.354,3.0607,,-1.1012,0.2427,,
bob,2,28546394,711,0.0064,0.3578,3.1481,,-1.0871,0.2479,,
bob,2,28546394,712,0.0045,0.3412,3.4179,,-1.1016,0.2723,,
bob,2,28546394,713,0.011,0.3242,2.602,,-1.1135,0.2389,,
bob,2,28546394,714,0.0078,0.351,2.9664,,-1.0998,0.2381,,
bob,2,28546394,715,0.0056,0.3252,2.1758,,-1.0864,0.2176,,
bob,2,28546394,716,0.0017,0.4027,3.2069,,-1.1035,0.2383,,
bob,2,28546394,717,0.0086,0.3315,3.3264,,-1.0817,0.2402,,
bob,2,28546394,718,0.0075,0.296,3.5071,,-1.0964,0.2298,,
bob,2,28546394,719,0.0069,0.3753,3.5973,,-1.1109,0.2549,,
bob,2,28546394,720,0.0103,0.3757,2.5038,,-1.1145,0.2542,,
bob,2,28546394,721,0.0049,0.3107,3.8196,,-1.1045,0.2578,,
bob,2,28546394,722,0.0037,0.3167,3.2679,,-1.1022,0.188,,
bob,2,28546394,723,0.0048,0.3511,3.0254,,-1.1124,0.2428,,
bob,2,28546394,724,0.012,0.3486,2.967,,-1.0873,0.2521,,
bob,2,28546394,725,0.0096,0.3641,3.3249,,-1.1017,0.2575,,
bob,2,28546394,726,0.0086,0.3102,3.0902,,-1.1093,0.2189,,
bob,2,28546394,727,0.0024,0.3725,2.3777,,-1.1018,0.2348,,
bob,2,28546394,728,0.0074,0.3622,3.0888,,-1.0915,0.2489,,
bob,2,28546394,729,0.0117,0.3458,2.9426,,-1.1158,0.2489,,
bob,2,28546394,730,0.0055,0.3284,3.0922,,-1.1002,0.234,,
bob,2,28546394,731,0.0004,0.3182,3.0883,,-1.1124,0.2217,,
bob,2,28546394,732,0.0092,0.3329,3.0008,,-1.1063,0.2605,,
bob,2,28546394,733,0.0085,0.3388,2.9945,,-1.1065,0.2902,,
bob,2,28546394,734,0.0064,0.3275,2.5509,,-1.1184,0.2212,,
bob,2,28546394,735,0.0123,0.3841,3.4723,,-1.1062,0.2766,,
bob,2,28546394,736,0.0234,0.3768,3.6479,,-1.0999,0.2955,,
bob,2,28546394,737,0.0097,0.358,2.6313,,-1.1036,0.2287,,
bob,2,28546394,738,0.0065,0.254,3.2788,,-1.1115,0.2043,,
bob,2,28546394,739,0.0013,0.2729,2.8939,,-1.1123,0.1867,,
bob,2,28546394,740,0.0019,0.3241,2.9166,,-1.0922,0.2025,,
bob,2,28546394,741,0.0135,0.3455,2.3373,,-1.1101,0.2444,,
bob,2,28546394,742,0.0103,0.3825,3.3947,,-1.1083,0.2888,,
bob,2,28546394,743,0.0146,0.3911,4.0169,,-1.1135,0.2794,,
bob,2,28546394,744,0.011,0.3418,3.3668,,-1.1077,0.2643,,
bob,2,28546394,745,0.0045,0.3609,2.9805,,-1.1081,0.2833,,
bob,2,28546394,746,-0.0004,0.3111,2.8023,,-1.1172,0.2332,,
bob,2,28546394,747,0.008,0.3521,2.9652,,-1.1198,0.2373,,
bob,2,28546394,748,0.0074,0.3123,3.7516,,-1.0938,0.262,,
bob,2,28546394,749,0.006,0.375,3.0572,,-1.0974,0.2678,,
bob,2,28547001,750,-0.0055,0.3888,1.9518,,-1.0785,0.2452,,
bob,2,28547001,751,-0.0134,0.2953,2.3222,,-1.0765,0.2379,,
bob,2,28547001,752,-0.0101,0.285,2.5885,,-1.075,0.2064,,
bob,2,28547001,753,-0.0048,0.2723,3.5847,,-1.0888,0.2087,,
bob,2,28547001,754,-0.0007,0.3091,2.7996,,-1.0895,0.2212,,
bob,2,28547001,755,0.0012,0.3243,2.8938,,-1.0949,0.2379,,
bob,2,28547001,756,0.0033,0.3232,3.2279,,-1.0934,0.2488,,
bob,2,28547001,757,0.0016,0.3278,3.1514,,-1.096,0.2358,,
bob,2,28547001,758,0.0065,0.35,2.5372,,-1.0966,0.2059,,
bob,2,28547001,759,0.0035,0.3453,2.4042,,-1.0986,0.2676,,
bob,2,28547001,760,0.0036,0.2929,2.5884,,-1.0878,0.2152,,
bob,2,28547001,761,0.001,0.3243,2.4872,,-1.1102,0.2152,,
bob,2,28547001,762,0.0058,0.2865,2.8794,,-1.0867,0.2294,,
bob,2,28547001,763,0.0121,0.3519,3.6968,,-1.1109,0.2713,,
bob,2,28547001,764,-0.0023,0.2906,2.9857,,-1.0885,0.1991,,
bob,2,28547001,765,0.0069,0.3102,3.2823,,-1.1075,0.2436,,
bob,2,28547001,766,0.0037,0.3422,3.4819,,-1.1258,0.2653,,
bob,2,28547001,767,-0.0,0.3525,2.3996,,-1.1087,0.2236,,
bob,2,28547001,768,0.0018,0.3371,3.5269,,-1.1019,0.2222,,
bob,2,28547001,769,0.0089,0.3346,3.4293,,-1.1065,0.2353,,
bob,2,28547001,770,0.0025,0.3122,3.304,,-1.1156,0.2059,,
bob,2,28547001,771,0.0065,0.3476,2.6425,,-1.0872,0.2222,,
bob,2,28547001,772,0.0029,0.3585,2.2432,,-1.1045,0.2281,,
bob,2,28547001,773,0.0071,0.3855,2.6538,,-1.1169,0.2278,,
bob,2,28547001,774,0.0012,0.2989,2.5532,,-1.0885,0.2202,,
bob,2,28547001,775,0.005,0.3412,3.4125,,-1.1016,0.2479,,
bob,2,28547001,776,0.0105,0.326,3.1625,,-1.1013,0.2415,,
bob,2,28547001,777,0.001,0.325,2.5383,,-1.0818,0.2041,,
bob,2,28547001,778,0.0079,0.3196,3.099,,-1.0889,0.2217,,
bob,2,28547001,779,0.0102,0.2591,2.3088,,-1.1096,0.1974,,
bob,2,28547001,780,0.0033,0.3269,3.0597,,-1.0933,0.2308,,
bob,2,28547001,781,0.0053,0.3122,3.1873,,-1.0977,0.1807,,
bob,2,28547001,782,-0.0004,0.3595,3.095,,-1.1051,0.251,,
bob,2,28547001,783,0.0136,0.3388,3.4308,,-1.103,0.252,,
bob,2,28547001,784,0.0102,0.3247,4.3108,,-1.098,0.2822,,
bob,2,28547001,785,0.0104,0.3748,2.976,,-1.1031,0.2439,,
bob,2,28547001,786,0.0033,0.3594,3.1336,,-1.0926,0.3198,,
bob,2,28547001,787,0.0085,0.3669,3.0856,,-1.102,0.2896,,
bob,2,28547001,788,0.0115,0.3709,3.4233,,-1.1135,0.2815,,
bob,2,28547001,789,0.0174,0.3741,3.5649,,-1.1098,0.2723,,
bob,2,28547001,790,0.0047,0.285,2.2704,,-1.1035,0.2207,,
bob,2,28547001,791,0.006,0.2873,1.9303,,-1.1005,0.1913,,
bob,2,28547001,792,0.0101,0.3478,2.7313,,-1.1045,0.2522,,
bob,2,28547001,793,0.0054,0.271,2.2334,,-1.1093,0.1928,,
bob,2,28547001,794,0.0033,0.2605,3.0236,,-1.112,0.2424,,
bob,2,28547001,795,0.0096,0.3293,2.8199,,-1.1101,0.2415,,
bob,2,28547001,796,0.0041,0.3412,3.7284,,-1.1093,0.2532,,
bob,2,28547001,797,0.0178,0.3859,2.9602,,-1.0983,0.2766,,
bob,2,28547001,798,0.0014,0.3144,2.8383,,-1.1208,0.2143,,
bob,2,28547001,799,0.0051,0.2973,2.659,,-1.1063,0.2115,,
bob,2,28547001,800,0.0085,0.3597,2.7095,,-1.1009,0.25,,
bob,2,28547001,801,-0.0009,0.3448,2.9008,,-1.1125,0.2275,,
bob,2,28547001,802,-0.0005,0.3029,3.192,,-1.1045,0.2338,,
bob,2,28547001,803,0.0072,0.2572,2.7956,,-1.1068,0.2052,,
bob,2,28547001,804,0.005,0.2965,2.8644,,-1.1117,0.2115,,
bob,2,28547001,805,0.0054,0.3624,4.131,,-1.1112,0.259,,
bob,2,28547001,806,0.009,0.3443,3.2376,,-1.1015,0.2308,,
bob,2,28547001,807,0.008,0.3176,2.74,,-1.1156,0.2292,,
bob,2,28547001,808,0.0082,0.344,2.802,,-1.1127,0.2467,,
bob,2,28547001,809,0.0015,0.3225,3.2574,,-1.1113,0.2427,,
bob,2,28547001,810,0.0056,0.2542,2.5822,,-1.1,0.1861,,
bob,2,28547001,811,0.0082,0.3176,2.8666,,-1.1064,0.2161,,
bob,2,28547001,812,0.0016,0.2544,1.8678,,-1.0968,0.1921,,
bob,2,28547001,813,0.0136,0.2609,2.7732,,-1.107,0.2119,,
bob,2,28547001,814,0.0062,0.3132,2.8937,,-1.0876,0.2269,,
bob,2,28547001,815,0.009,0.359,2.7373,,-1.0969,0.2511,,
bob,2,28547001,816,0.013,0.3021,2.3931,,-1.1003,0.2212,,
bob,2,28547001,817,0.0095,0.3254,2.9781,,-1.0965,0.2844,,
bob,2,28547001,818,0.0037,0.2898,2.5407,,-1.0991,0.2009,,
bob,2,28547001,819,0.0072,0.3054,3.1355,,-1.1064,0.2176,,
bob,2,28547001,820,0.0054,0.2586,3.1006,,-1.1189,0.1931,,
bob,2,28547001,821,0.0088,0.3089,2.8441,,-1.091,0.2085,,
bob,2,28547001,822,0.0128,0.3225,3.1669,,-1.0966,0.2236,,
bob,2,28547001,823,0.0077,0.293,2.798,,-1.0972,0.1767,,
bob,2,28547001,824,0.0121,0.2578,2.1795,,-1.0931,0.178,,
bob,2,28547001,825,0.0097,0.3072,3.1447,,-1.0913,0.2129,,
bob,2,28547001,826,0.0068,0.2979,2.8661,,-1.1103,0.2411,,
bob,2,28547001,827,0.0109,0.309,2.5126,,-1.0981,0.2383,,
bob,2,28547001,828,-0.0006,0.3438,2.1205,,-1.0885,0.2009,,
bob,2,28547001,829,0.01,0.2997,3.8321,,-1.1033,0.225,,
bob,2,28547001,830,0.0093,0.2987,2.5284,,-1.0884,0.2059,,
bob,2,28547001,831,0.0008,0.34,3.0271,,-1.1031,0.2217,,
bob,2,28547001,832,0.0058,0.2875,3.1293,,-1.0934,0.2152,,
bob,2,28547001,833,0.0048,0.3591,2.5054,,-1.0874,0.2479,,
bob,2,28547001,834,0.0082,0.3077,3.1209,,-1.086,0.25,,
bob,2,28547001,835,0.0029,0.3025,3.0174,,-1.1083,0.2063,,
bob,2,28547001,836,0.0019,0.3259,2.4459,,-1.0979,0.2339,,
bob,2,28547001,837,0.0019,0.3329,2.3246,,-1.0988,0.1983,,
bob,2,28547001,838,0.0063,0.3742,3.6744,,-1.0938,0.2603,,
bob,2,28547001,839,0.0078,0.2945,3.0896,,-1.0987,0.2183,,
bob,2,28547001,840,0.0059,0.3498,3.4484,,-1.0986,0.2331,,
bob,2,28547001,841,0.0046,0.3637,3.1972,,-1.1015,0.2301,,
bob,2,28547001,842,0.0087,0.284,2.3975,,-1.0858,0.1964,,
bob,2,28547001,843,0.0089,0.3727,2.227,,-1.0854,0.2632,,
bob,2,28547001,844,0.008,0.3576,3.2529,,-1.0872,0.25,,
bob,2,28547001,845,0.0069,0.3065,2.7539,,-1.0944,0.2318,,
bob,2,28547001,846,0.0057,0.3118,2.9895,,-1.1041,0.219,,
bob,2,28547001,847,0.0035,0.3251,2.5632,,-1.107,0.2511,,
bob,2,28547001,848,0.0062,0.3356,2.7739,,-1.119,0.2247,,
bob,2,28547001,849,0.0065,0.3903,3.2666,,-1.0973,0.2727,,
bob,2,28547001,850,0.0025,0.2936,2.0069,,-1.0962,0.1921,,
bob,2,28547001,851,0.0065,0.3019,2.913,,-1.0911,0.25,,
bob,2,28547001,852,0.0091,0.3392,3.8613,,-1.0817,0.2574,,
bob,2,28547001,853,0.0108,0.3366,3.6968,,-1.1055,0.249,,
bob,2,28547001,854,0.0093,0.2948,3.1662,,-1.0995,0.211,,
bob,2,28547001,855,0.0048,0.3007,3.3241,,-1.0811,0.2423,,
bob,2,28547001,856,0.0068,0.2959,3.268,,-1.112,0.2263,,
bob,2,28547001,857,0.0074,0.3153,3.26,,-1.1046,0.2318,,
bob,2,28547001,858,0.0017,0.2612,1.8425,,-1.1115,0.1703,,
bob,2,28547001,859,0.0121,0.3333,3.1004,,-1.1034,0.2361,,
bob,2,28547001,860,0.0042,0.3658,2.9232,,-1.0939,0.2791,,
bob,2,28547001,861,0.0077,0.3455,2.4965,,-1.1011,0.2383,,
bob,2,28547001,862,0.0099,0.3077,2.7986,,-1.1072,0.214,,
bob,2,28547001,863,0.0095,0.3233,2.2827,,-1.0958,0.2222,,
bob,2,28547001,864,0.0089,0.2979,2.9955,,-1.1053,0.2222,,
bob,2,28547001,865,0.0089,0.2826,1.8974,,-1.096,0.1963,,
bob,2,28547001,866,0.0078,0.3436,3.2589,,-1.0972,0.2427,,
bob,2,28547001,867,0.0074,0.329,3.3537,,-1.1053,0.2575,,
bob,2,28547001,868,0.0006,0.3483,3.1635,,-1.0916,0.2652,,
bob,2,28547001,869,0.0063,0.2912,3.4362,,-1.1053,0.2017,,
bob,2,28547001,870,0.0071,0.3371,3.0918,,-1.0949,0.2405,,
bob,2,28547001,871,0.0028,0.3133,2.4974,,-1.0938,0.2078,,
bob,2,28547001,872,0.0094,0.3768,3.1119,,-1.1074,0.2934,,
bob,2,28547001,873,0.0044,0.291,2.8172,,-1.1096,0.217,,
bob,2,28547001,874,0.0126,0.2956,2.6101,,-1.1033,0.2,,
bob,2,28547001,875,0.0138,0.357,3.0055,,-1.0882,0.27,,
bob,2,28547001,876,0.0003,0.3678,2.9053,,-1.0898,0.2412,,
bob,2,28547001,877,0.0076,0.3622,2.8762,,-1.0991,0.265,,
bob,2,28547001,878,0.0096,0.3594,3.1971,,-1.1068,0.2645,,
bob,2,28547001,879,0.0083,0.3024,2.7732,,-1.1025,0.2222,,
bob,2,28547001,880,0.0072,0.3364,2.6053,,-1.1058,0.2273,,
bob,2,28547001,881,0.0036,0.3642,3.3714,,-1.1041,0.25,,
bob,2,28547001,882,0.0086,0.3086,2.5909,,-1.1077,0.212,,
bob,2,28547001,883,0.013,0.3422,3.3738,,-1.1018,0.2605,,
bob,2,28547001,884,0.0036,0.2717,2.6234,,-1.1185,0.1991,,
bob,2,28547001,885,0.0046,0.339,3.7429,,-1.1075,0.2563,,
bob,2,28547001,886,0.0032,0.3738,3.0307,,-1.1043,0.2265,,
bob,2,28547001,887,0.0125,0.3411,2.5629,,-1.1002,0.2532,,
bob,2,28547001,888,0.0094,0.3181,3.2662,,-1.1024,0.2331,,
bob,2,28547001,889,0.0104,0.2983,2.8715,,-1.092,0.2174,,
bob,2,28547001,890,0.0163,0.3192,3.1789,,-1.0935,0.2172,,
bob,2,28547001,891,0.0088,0.2872,3.7097,,-1.0903,0.2176,,
bob,2,28547001,892,0.0097,0.262,2.8681,,-1.1002,0.1888,,
bob,2,28547001,893,0.0089,0.3144,2.8724,,-1.0918,0.2198,,
bob,2,28547001,894,0.005,0.3074,3.1617,,-1.0926,0.2222,,
bob,2,28547001,895,0.0073,0.402,3.7612,,-1.0898,0.248,,
bob,2,28547001,896,0.0054,0.3323,3.4081,,-1.1026,0.2236,,
bob,2,28547001,897,0.0112,0.2548,2.5697,,-1.0971,0.176,,
bob,2,28547001,898,0.0077,0.328,3.2339,,-1.0988,0.2321,,
bob,2,28547001,899,0.0042,0.3281,3.3909,,-1.1026,0.2389,,
bob,2,28547001,900,0.0091,0.3421,2.5861,,-1.1014,0.211,,
bob,2,28547001,901,0.0088,0.2931,3.503,,-1.1096,0.2251,,
bob,2,28547001,902,0.0089,0.3356,3.178,,-1.1026,0.2298,,
bob,2,28547001,903,0.0024,0.2634,3.1735,,-1.0939,0.1983,,
bob,2,28547001,904,0.0088,0.3144,3.2576,,-1.1051,0.2289,,
bob,2,28547001,905,0.0027,0.3702,2.8677,,-1.1113,0.2422,,
bob,2,28547001,906,0.0062,0.2775,2.7424,,-1.1121,0.2059,,
bob,2,28547001,907,0.0016,0.3236,3.3276,,-1.1004,0.2251,,
bob,2,28547001,908,0.0041,0.291,2.9146,,-1.0967,0.1983,,
bob,2,28547001,909,0.0089,0.3116,3.0169,,-1.0684,0.175,,
bob,2,28547001,910,0.0111,0.2921,2.6276,,-1.0966,0.2155,,
bob,2,28547001,911,0.0066,0.3067,3.484,,-1.103,0.2065,,
bob,2,28547001,912,0.0063,0.2555,2.6254,,-1.1034,0.1745,,
bob,2,28547001,913,0.0022,0.2937,2.3575,,-1.09,0.2009,,
bob,2,28547001,914,0.0028,0.2646,2.2213,,-1.1091,0.1867,,
bob,2,28547001,915,0.0058,0.3017,3.0349,,-1.0867,0.2092,,
bob,2,28547001,916,0.0056,0.2963,3.2578,,-1.1038,0.2361,,
bob,2,28547001,917,0.005,0.274,3.1678,,-1.1184,0.219,,
bob,2,28547001,918,0.0125,0.3359,2.6132,,-1.1014,0.2275,,
bob,2,28547001,919,0.0161,0.3467,3.5729,,-1.1193,0.257,,
bob,2,28547001,920,0.0014,0.3062,3.1684,,-1.0973,0.2193,,
bob,2,28547001,921,0.0042,0.3559,3.5019,,-1.1111,0.2263,,
bob,2,28547001,922,0.001,0.3416,3.0618,,-1.1053,0.2418,,
bob,2,28547001,923,0.0051,0.2601,2.2612,,-1.111,0.1644,,
bob,2,28547001,924,0.0072,0.3149,2.7498,,-1.0949,0.25,,
bob,2,28547001,925,0.0122,0.3121,2.8361,,-1.1167,0.2232,,
bob,2,28547001,926,0.0037,0.3323,3.7685,,-1.108,0.2667,,
bob,2,28547001,927,0.0068,0.3181,3.1588,,-1.1069,0.2017,,
bob,2,28547001,928,0.0079,0.3139,3.1554,,-1.1204,0.2097,,
bob,2,28547001,929,0.0061,0.3,3.319,,-1.1156,0.2311,,
bob,2,28547001,930,0.0098,0.319,4.2144,,-1.1104,0.2389,,
bob,2,28547001,931,0.0054,0.3303,2.7751,,-1.0935,0.2348,,
bob,2,28547001,932,0.0116,0.36,3.4202,,-1.0949,0.2629,,
bob,2,28547001,933,0.0066,0.2936,2.5024,,-1.104,0.1905,,
bob,2,28547001,934,0.0075,0.31,2.7893,,-1.1086,0.2085,,
bob,2,28547001,935,0.0049,0.302,1.9993,,-1.0949,0.2009,,
bob,2,28547001,936,0.0103,0.3878,2.9791,,-1.0977,0.2669,,
bob,2,28547001,937,0.0048,0.2998,3.0945,,-1.1097,0.2521,,
bob,2,28547001,938,-0.0003,0.2821,2.6591,,-1.104,0.2026,,
bob,2,28547001,939,0.0072,0.2625,3.7453,,-1.0974,0.2311,,
bob,2,28547001,940,0.0081,0.3351,3.3421,,-1.1059,0.2246,,
bob,2,28547001,941,0.007,0.3448,3.1941,,-1.1021,0.2167,,
bob,2,28547001,942,0.0018,0.3829,3.2572,,-1.1083,0.2597,,
bob,2,28547001,943,0.0112,0.3299,2.9976,,-1.1019,0.2314,,
bob,2,28547001,944,0.009,0.3305,2.3645,,-1.1007,0.2358,,
bob,2,28547001,945,0.0076,0.3512,3.871,,-1.1095,0.2553,,
bob,2,28547001,946,0.0056,0.316,2.5387,,-1.1105,0.2208,,
bob,2,28547001,947,0.003,0.2903,2.5267,,-1.107,0.217,,
bob,2,28547001,948,0.0107,0.3478,2.7435,,-1.1032,0.2522,,
bob,2,28547001,949,0.0113,0.3563,2.828,,-1.0949,0.27,,
bob,2,28547001,950,0.0011,0.3014,2.9904,,-1.0962,0.2121,,
bob,2,28547001,951,0.0118,0.3231,3.3417,,-1.1045,0.2532,,
bob,2,28547001,952,0.0052,0.3244,2.4323,,-1.0929,0.2275,,
bob,2,28547001,953,0.0032,0.2951,2.8846,,-1.0988,0.2217,,
bob,2,28547001,954,0.0068,0.2804,3.5707,,-1.0995,0.2025,,
bob,2,28547001,955,0.0058,0.2948,2.9264,,-1.0897,0.2155,,
bob,2,28547001,956,0.0097,0.3823,3.0866,,-1.1117,0.2757,,
bob,2,28547001,957,0.0041,0.2768,2.6476,,-1.108,0.1638,,
bob,2,28547001,958,0.0071,0.275,2.8938,,-1.1177,0.1826,,
bob,2,28547001,959,0.0118,0.3136,3.3772,,-1.0957,0.2437,,
bob,2,28547001,960,0.0173,0.3693,2.8407,,-1.0964,0.2562,,
bob,2,28547001,961,0.0138,0.3125,2.6408,,-1.1081,0.2054,,
bob,2,28547001,962,0.0104,0.2576,2.4198,,-1.0974,0.1826,,
bob,2,28547001,963,-0.0018,0.3772,3.712,,-1.0815,0.2292,,
bob,2,28547001,964,0.0087,0.2928,3.1556,,-1.1083,0.247,,
bob,2,28547001,965,0.0116,0.338,2.9881,,-1.0882,0.2273,,
bob,2,28547001,966,0.0085,0.3198,2.8163,,-1.1171,0.2478,,
bob,2,28547001,967,0.0089,0.3503,2.8164,,-1.0975,0.2445,,
bob,2,28547001,968,0.0059,0.2869,2.8927,,-1.1105,0.2227,,
bob,2,28547001,969,0.0082,0.2852,2.7696,,-1.1049,0.2203,,
bob,2,28547001,970,0.0038,0.2901,3.207,,-1.0963,0.2149,,
bob,2,28547001,971,0.006,0.3256,3.8753,,-1.1038,0.2339,,
bob,2,28547001,972,0.007,0.357,2.6313,,-1.1049,0.2318,,
bob,2,28547001,973,0.003,0.3045,3.4719,,-1.1199,0.2179,,
bob,2,28547001,974,0.0054,0.344,2.62,,-1.1012,0.2218,,
bob,2,28547001,975,0.0087,0.2777,2.8268,,-1.118,0.2108,,
bob,2,28547001,976,0.0103,0.3248,3.2294,,-1.0985,0.2143,,
bob,2,28547001,977,0.0036,0.3487,3.5095,,-1.1102,0.2273,,
bob,2,28547001,978,0.0095,0.277,3.0298,,-1.1058,0.2298,,
bob,2,28547001,979,0.0101,0.3852,2.7048,,-1.1163,0.2627,,
bob,2,28547001,980,-0.003,0.276,3.0556,,-1.1054,0.2193,,
bob,2,28547001,981,0.0085,0.2794,3.5174,,-1.1164,0.209,,
bob,2,28547001,982,0.0002,0.3104,3.3462,,-1.0968,0.2353,,
bob,2,28547001,983,0.002,0.3122,3.1745,,-1.1036,0.2555,,
bob,2,28547001,984,0.0067,0.2897,2.755,,-1.102,0.2143,,
bob,2,28547001,985,0.0043,0.3828,3.3437,,-1.103,0.2581,,
bob,2,28547001,986,0.0056,0.2784,2.4838,,-1.0876,0.2093,,
bob,2,28547001,987,0.0081,0.311,3.0594,,-1.0863,0.247,,
bob,2,28547001,988,0.0057,0.3095,3.0236,,-1.1101,0.2207,,
bob,2,28547001,989,0.0144,0.3214,2.8146,,-1.1039,0.2218,,
bob,2,28547001,990,0.0085,0.3607,2.7738,,-1.0986,0.2446,,
bob,2,28547001,991,0.0078,0.3862,3.1184,,-1.0867,0.2783,,
bob,2,28547001,992,0.0048,0.3057,2.7951,,-1.1009,0.2194,,
bob,2,28547001,993,0.0098,0.3414,3.0691,,-1.1017,0.2348,,
bob,2,28547001,994,0.0055,0.371,2.5407,,-1.0918,0.2679,,
bob,2,28547001,995,0.0092,0.3495,3.181,,-1.1106,0.2479,,
bob,2,28549929,996,-0.0073,0.2539,2.549,,-1.1389,0.2168,,
bob,2,28549929,997,-0.0029,0.2754,3.5684,,-1.1333,0.1983,,
bob,2,28549929,998,0.0049,0.238,2.8157,,-1.1036,0.1652,,
bob,2,28549929,999,0.0004,0.2415,3.5811,,-1.1184,0.1893,,
bob,2,28549929,1000,0.0074,0.217,2.2181,,-1.1115,0.1861,,
bob,2,28549929,1001,0.0119,0.2523,3.3726,,-1.091,0.1983,,
bob,2,28549929,1002,0.0188,0.2498,3.2512,,-1.1068,0.1498,,
bob,2,28549929,1003,0.012,0.3014,3.0632,,-1.0981,0.2085,,
bob,2,28549929,1004,0.0081,0.2913,2.8102,,-1.1002,0.2242,,
bob,2,28549929,1005,0.0158,0.2587,2.7518,,-1.1046,0.2155,,
bob,2,28549929,1006,0.0147,0.2467,2.848,,-1.091,0.1883,,
bob,2,28549929,1007,0.0126,0.23,2.715,,-1.1074,0.1617,,
bob,2,28549929,1008,0.0142,0.2828,2.7369,,-1.0962,0.2076,,
bob,2,28549929,1009,0.0101,0.3072,2.9962,,-1.1025,0.2085,,
bob,2,28549929,1010,0.0185,0.2834,3.2532,,-1.1094,0.2267,,
bob,2,28549929,1011,0.0135,0.231,3.3744,,-1.1,0.1681,,
bob,2,28549929,1012,0.011,0.263,3.3186,,-1.0988,0.1984,,
bob,2,28549929,1013,0.022,0.3199,3.8127,,-1.0913,0.2253,,
bob,2,28549929,1014,0.0098,0.2578,2.4713,,-1.1017,0.177,,
bob,2,28549929,1015,0.0114,0.2471,2.8814,,-1.102,0.207,,
bob,2,28549929,1016,0.0236,0.2466,2.9382,,-1.0862,0.1702,,
bob,2,28549929,1017,0.0161,0.3443,3.9457,,-1.1039,0.2383,,
bob,2,28549929,1018,0.0131,0.2754,2.458,,-1.1028,0.1974,,
bob,2,28549929,1019,0.0226,0.3142,3.252,,-1.1016,0.2146,,
bob,2,28549929,1020,0.0227,0.2143,2.8325,,-1.0962,0.1639,,
bob,2,28549929,1021,0.0151,0.2228,2.7578,,-1.0976,0.1803,,
bob,2,28549929,1022,0.0186,0.225,2.9092,,-1.0919,0.1555,,
bob,2,28549929,1023,0.0205,0.2284,2.4751,,-1.0824,0.1638,,
bob,2,28549929,1024,0.0239,0.2411,3.2866,,-1.0888,0.1746,,
bob,2,28549929,1025,0.0178,0.2242,2.8228,,-1.1041,0.1695,,
bob,2,28549929,1026,0.0243,0.2434,2.5502,,-1.0933,0.1983,,
bob,2,28549929,1027,0.0151,0.2405,3.2873,,-1.0911,0.2082,,
bob,2,28549929,1028,0.0208,0.1893,3.2218,,-1.1094,0.1639,,
bob,2,28549929,1029,0.0184,0.2819,3.6903,,-1.096,0.2292,,
bob,2,28549929,1030,0.0199,0.2776,2.8746,,-1.1154,0.1925,,
bob,3,28544800,750,0.0106,0.3408,5.0376,,-1.0853,0.1508,,
bob,3,28544800,751,0.0269,0.3203,2.5073,,-1.0329,0.191,,
bob,3,28544800,752,0.0035,0.2848,4.3789,,-1.0404,0.1975,,
bob,3,28544800,753,-0.0043,0.2605,4.4185,,-1.0636,0.1628,,
bob,3,28544800,754,0.0054,0.2577,4.5301,,-1.0905,0.1809,,
bob,3,28544800,755,0.0033,0.239,4.4867,,-1.07,0.1594,,
bob,3,28544800,756,0.0049,0.2356,4.8333,,-1.0861,0.1677,,
bob,3,28544800,757,-0.0008,0.2801,3.8454,,-1.0619,0.1943,,
bob,3,28544800,758,0.0077,0.2537,4.8136,,-1.0725,0.1811,,
bob,3,28544800,759,0.0105,0.2176,4.9243,,-1.0895,0.1517,,
bob,3,28544800,760,0.0121,0.2714,4.3702,,-1.0825,0.2048,,
bob,3,28544800,761,0.0052,0.2773,4.4459,,-1.0837,0.1766,,
bob,3,28544800,762,0.0063,0.2499,4.2882,,-1.087,0.1673,,
bob,3,28544800,763,0.0133,0.2643,4.143,,-1.0937,0.2057,,
bob,3,28544800,764,0.0113,0.2197,4.6698,,-1.0914,0.1728,,
bob,3,28544800,765,0.0119,0.2411,3.7456,,-1.0645,0.1639,,
bob,3,28544800,766,0.0067,0.2063,4.1529,,-1.0791,0.1431,,
bob,3,28544800,767,0.0101,0.2478,4.0838,,-1.0788,0.1824,,
bob,3,28544800,768,0.0178,0.2848,4.3927,,-1.0656,0.2033,,
bob,3,28544800,769,0.0083,0.2284,4.5529,,-1.0956,0.1576,,
bob,3,28544800,770,0.0108,0.2346,4.227,,-1.0735,0.1663,,
bob,3,28544800,771,0.0127,0.2334,4.5878,,-1.0919,0.1446,,
bob,3,28544800,772,0.0088,0.2821,3.6411,,-1.081,0.1728,,
bob,3,28544800,773,0.0094,0.2567,3.8483,,-1.0809,0.1647,,
bob,3,28544800,774,0.0116,0.2838,4.5542,,-1.0832,0.2024,,
bob,3,28544800,775,0.0073,0.2744,4.5849,,-1.0828,0.1864,,
bob,3,28544800,776,0.0123,0.2618,4.3711,,-1.0854,0.1939,,
bob,3,28544800,777,0.01,0.2698,5.2953,,-1.0776,0.1916,,
bob,3,28544800,778,0.0072,0.2895,4.557,,-1.097,0.1822,,
bob,3,28544800,779,0.0063,0.2561,4.4746,,-1.0743,0.1862,,
bob,3,28544800,780,0.0081,0.2522,5.1373,,-1.0909,0.1869,,
bob,3,28544800,781,0.005,0.2197,4.2898,,-1.1028,0.1593,,
bob,3,28544800,782,0.0185,0.2938,4.3623,,-1.0789,0.2004,,
bob,3,28544800,783,0.0126,0.2699,4.8204,,-1.0715,0.1903,,
bob,3,28544800,784,0.0154,0.2514,5.0407,,-1.0743,0.1909,,
bob,3,28544800,785,0.0065,0.2441,4.8914,,-1.0697,0.1677,,
bob,3,28544800,786,0.0094,0.296,4.8122,,-1.0912,0.213,,
bob,3,28544800,787,0.0068,0.2355,4.813,,-1.1,0.1731,,
bob,3,28544800,788,0.0135,0.2556,5.0965,,-1.0975,0.191,,
bob,3,28544800,789,0.0127,0.2677,4.0029,,-1.0805,0.2033,,
bob,3,28544800,790,0.0117,0.2481,4.552,,-1.0862,0.1886,,
bob,3,28544800,791,0.0116,0.244,4.6921,,-1.0936,0.186,,
bob,3,28544800,792,0.0094,0.2447,4.5541,,-1.0815,0.1726,,
bob,3,28544800,793,0.018,0.2516,3.6943,,-1.0706,0.2029,,
bob,3,28544800,794,0.0059,0.252,4.8111,,-1.0819,0.1604,,
bob,3,28544800,795,0.0085,0.2498,3.3403,,-1.092,0.1829,,
bob,3,28544800,796,0.0035,0.2289,5.3958,,-1.0876,0.1626,,
bob,3,28544800,797,0.0079,0.2389,4.7381,,-1.0753,0.1881,,
bob,3,28544800,798,0.0088,0.242,4.6503,,-1.0873,0.1747,,
bob,3,28544800,799,0.0072,0.2356,4.7461,,-1.0912,0.1673,,
bob,3,28544800,800,0.0038,0.2572,4.3074,,-1.0835,0.1683,,
bob,3,28544800,801,0.0068,0.2146,3.8652,,-1.0855,0.161,,
bob,3,28544800,802,0.0208,0.2871,4.9689,,-1.0864,0.2253,,
bob,3,28544800,803,0.0095,0.2197,4.4546,,-1.0927,0.1745,,
bob,3,28544800,804,0.0077,0.2691,4.9208,,-1.0757,0.1932,,
bob,3,28544800,805,0.015,0.2458,4.7184,,-1.0701,0.1846,,
bob,3,28544800,806,0.0093,0.2734,3.8138,,-1.0701,0.1901,,
bob,3,28544800,807,0.0073,0.2464,4.4569,,-1.1019,0.1505,,
bob,3,28544800,808,0.007,0.2738,5.3038,,-1.0941,0.1637,,
bob,3,28544800,809,0.0077,0.23,5.2554,,-1.0825,0.1561,,
bob,3,28544800,810,0.0054,0.2511,4.4112,,-1.0833,0.1733,,
bob,3,28544800,811,0.004,0.257,5.23,,-1.0786,0.1796,,
bob,3,28544800,812,0.0086,0.2565,4.2509,,-1.0791,0.1876,,
bob,3,28544800,813,0.0102,0.2374,4.5037,,-1.0952,0.1713,,
bob,3,28544800,814,0.0085,0.297,3.2535,,-1.0688,0.1889,,
bob,3,28544800,815,0.0086,0.2619,4.9655,,-1.0865,0.1851,,
bob,3,28544800,816,0.0097,0.2711,4.2786,,-1.0731,0.184,,
bob,3,28544800,817,0.0114,0.2748,3.0375,,-1.0637,0.1787,,
bob,3,28544800,818,0.0096,0.2954,3.92,,-1.0776,0.1938,,
bob,3,28544800,819,0.0094,0.2777,3.6383,,-1.093,0.1939,,
bob,3,28544800,820,0.0102,0.2522,3.9692,,-1.0739,0.1762,,
bob,3,28544800,821,0.0118,0.4062,4.5773,,-1.0808,0.1858,,
bob,3,28544800,822,0.0067,0.2985,4.0904,,-1.0753,0.1729,,
bob,3,28544800,823,0.0074,0.3139,4.2127,,-1.0871,0.1876,,
bob,3,28544800,824,0.0022,0.2438,3.3734,,-1.0807,0.1542,,
bob,3,28544800,825,0.0098,0.2456,3.6346,,-1.0808,0.1707,,
bob,3,28544800,826,0.0086,0.2638,5.1395,,-1.0746,0.1919,,
bob,3,28544800,827,0.0067,0.277,4.5439,,-1.0731,0.1766,,
bob,3,28544800,828,0.0007,0.2924,5.4494,,-1.0752,0.1761,,
bob,3,28544800,829,-0.0024,0.2636,4.5824,,-1.0847,0.1545,,
bob,3,28544800,830,0.0027,0.2406,3.7712,,-1.0823,0.1687,,
bob,3,28544800,831,0.0074,0.2217,4.0018,,-1.0882,0.1598,,
bob,3,28544800,832,0.0054,0.2622,4.2426,,-1.0932,0.1875,,
bob,3,28544800,833,0.0102,0.2511,4.3943,,-1.0834,0.182,,
bob,3,28544800,834,0.0064,0.2848,4.436,,-1.0897,0.1922,,
bob,3,28544800,835,0.0072,0.2486,5.3197,,-1.0855,0.1697,,
bob,3,28544800,836,0.0092,0.2723,4.6252,,-1.0736,0.196,,
bob,3,28544800,837,0.0107,0.2597,4.2068,,-1.0797,0.1796,,
bob,3,28544800,838,0.0038,0.2742,4.4113,,-1.0864,0.1714,,
bob,3,28544800,839,0.0074,0.2892,4.1166,,-1.0666,0.1829,,
bob,3,28544800,840,0.0075,0.2556,4.2934,,-1.0742,0.1502,,
bob,3,28544800,841,0.0125,0.2216,3.6742,,-1.0797,0.1595,,
bob,3,28544800,842,0.0062,0.2001,4.2208,,-1.0757,0.1469,,
bob,3,28544800,843,0.008,0.2197,4.602,,-1.0962,0.1727,,
bob,3,28544800,844,0.0137,0.2643,3.8989,,-1.0724,0.1984,,
bob,3,28544800,845,0.0047,0.2511,4.9397,,-1.0999,0.1811,,
bob,3,28544800,846,0.0074,0.2374,4.9359,,-1.0996,0.1716,,
bob,3,28544800,847,0.0129,0.2657,3.8123,,-1.0675,0.2016,,
bob,3,28544800,848,0.0025,0.2615,4.7294,,-1.0859,0.1875,,
bob,3,28544800,849,0.0061,0.2734,4.7251,,-1.0823,0.2039,,
bob,3,28544800,850,0.0057,0.2821,4.5566,,-1.092,0.1984,,
bob,3,28544800,851,0.0045,0.2302,3.979,,-1.0904,0.1488,,
bob,3,28544800,852,0.0049,0.2371,4.2105,,-1.0895,0.1543,,
bob,3,28544800,853,0.0121,0.2865,4.1212,,-1.0951,0.2004,,
bob,3,28544800,854,0.0126,0.2311,4.1972,,-1.0827,0.1743,,
bob,3,28544800,855,0.013,0.2509,3.7916,,-1.0794,0.1738,,
bob,3,28544800,856,0.0078,0.237,4.6066,,-1.0941,0.1667,,
bob,3,28544800,857,0.014,0.2429,4.0845,,-1.0782,0.1861,,
bob,3,28544800,858,0.0032,0.2287,4.8925,,-1.0974,0.1626,,
bob,3,28544800,859,0.0011,0.2629,5.3631,,-1.0817,0.1569,,
bob,3,28544800,860,0.0056,0.2729,5.0877,,-1.0755,0.1946,,
bob,3,28544800,861,0.0047,0.2102,4.4865,,-1.0908,0.1576,,
bob,3,28544800,862,0.0025,0.2279,4.9127,,-1.0908,0.166,,
bob,3,28544800,863,0.0067,0.2595,4.1613,,-1.0757,0.1751,,
bob,3,28544800,864,0.0087,0.2044,4.1086,,-1.0918,0.1551,,
bob,3,28544800,865,0.0043,0.2755,5.0961,,-1.0835,0.1925,,
bob,3,28544800,866,0.0064,0.2573,4.3199,,-1.0822,0.1752,,
bob,3,28544800,867,0.0119,0.274,4.873,,-1.0858,0.2154,,
bob,3,28544800,868,0.0015,0.3,4.0531,,-1.0695,0.167,,
bob,3,28544800,869,0.0041,0.3138,4.8109,,-1.0882,0.2008,,
bob,3,28544800,870,0.0026,0.2598,4.4075,,-1.0614,0.1766,,
bob,3,28544800,871,0.0013,0.2362,4.6574,,-1.0862,0.169,,
bob,3,28544800,872,0.0088,0.2404,3.5005,,-1.0598,0.1649,,
bob,3,28544800,873,0.0022,0.2258,4.6142,,-1.0974,0.1516,,
bob,3,28544800,874,0.0068,0.2226,4.9483,,-1.0909,0.1663,,
bob,3,28544800,875,0.0126,0.2275,4.9337,,-1.0946,0.1734,,
bob,3,28544800,876,0.0073,0.2213,4.7637,,-1.084,0.1623,,
bob,3,28544800,877,0.0043,0.3037,4.7593,,-1.0885,0.1903,,
bob,3,28544800,878,0.0023,0.2962,4.0031,,-1.0825,0.1647,,
bob,3,28546133,879,0.0098,0.1978,6.1632,,-1.0912,0.1516,,
bob,3,28546133,880,0.0293,0.2082,6.1466,,-1.0982,0.1637,,
bob,3,28546133,881,0.0208,0.2251,5.4358,,-1.083,0.167,,
bob,3,28546133,882,0.011,0.2799,2.0813,,-1.0673,0.167,,
bob,3,28546133,883,0.0128,0.2728,4.0987,,-1.0728,0.1849,,
bob,3,28546133,884,0.0144,0.2023,5.5265,,-1.1028,0.1617,,
bob,3,28546133,885,0.0201,0.1877,5.6633,,-1.1064,0.1523,,
bob,3,28546133,886,0.0179,0.1707,5.7177,,-1.1047,0.1171,,
bob,3,28546133,887,0.0261,0.2316,3.9007,,-1.0803,0.177,,
bob,3,28546133,888,0.017,0.2013,4.5306,,-1.1044,0.1469,,
bob,3,28546133,889,0.0101,0.2197,5.5117,,-1.1148,0.1484,,
bob,3,28546133,890,0.0139,0.2663,4.7538,,-1.0754,0.2126,,
bob,3,28546133,891,0.0075,0.2329,4.7107,,-1.1018,0.1538,,
bob,3,28546133,892,0.0107,0.1855,5.3441,,-1.1188,0.1409,,
bob,3,28546133,893,0.0101,0.1772,5.5248,,-1.0924,0.1174,,
bob,3,28546133,894,0.0248,0.2505,3.5336,,-1.0877,0.1768,,
bob,3,28546133,895,0.0186,0.2022,4.1422,,-1.0889,0.1576,,
bob,3,28546133,896,0.0114,0.2687,4.9001,,-1.0959,0.1703,,
bob,3,28546133,897,0.0061,0.1917,5.4815,,-1.1168,0.1369,,
bob,3,28546133,898,0.0211,0.2784,4.2614,,-1.0582,0.2012,,
bob,3,28546133,899,0.0097,0.2407,4.4647,,-1.0712,0.1708,,
bob,3,28546133,900,0.0076,0.2477,5.1054,,-1.088,0.1882,,
bob,3,28546133,901,0.008,0.2685,4.4452,,-1.08,0.1952,,
bob,3,28546133,902,0.0063,0.2965,4.3448,,-1.0973,0.1803,,
bob,3,28546133,903,0.0064,0.2817,4.4691,,-1.0942,0.204,,
bob,3,28546133,904,0.004,0.2398,4.5737,,-1.0922,0.1883,,
bob,3,28546133,905,0.0063,0.2613,4.8031,,-1.0823,0.1772,,
bob,3,28546133,906,0.0073,0.2725,4.8402,,-1.0864,0.1804,,
bob,3,28546133,907,0.011,0.262,5.0735,,-1.0955,0.1907,,
bob,3,28546133,908,0.0099,0.2549,4.7333,,-1.0694,0.1921,,
bob,3,28546133,909,0.0148,0.3293,4.5057,,-1.0819,0.1948,,
bob,3,28546133,910,0.014,0.2094,5.0043,,-1.096,0.1552,,
bob,3,28546133,911,0.0171,0.2379,4.8147,,-1.0895,0.1862,,
bob,3,28546133,912,0.0133,0.2221,5.0851,,-1.082,0.1707,,
bob,3,28546133,913,0.0085,0.2404,4.8413,,-1.0815,0.1706,,
bob,3,28546133,914,0.011,0.2668,4.6158,,-1.093,0.1948,,
bob,3,28546133,915,0.0129,0.3011,4.4818,,-1.0829,0.204,,
bob,3,28546133,916,0.0086,0.2312,4.2912,,-1.0835,0.1787,,
bob,3,28546133,917,0.0053,0.2188,5.3052,,-1.0779,0.165,,
bob,3,28546133,918,0.0106,0.2603,5.2535,,-1.0826,0.1816,,
bob,3,28546133,919,0.0086,0.2282,4.7649,,-1.0886,0.1594,,
bob,3,28546133,920,0.0106,0.2516,4.3111,,-1.0667,0.167,,
bob,3,28546133,921,0.0136,0.2613,4.5818,,-1.0723,0.1818,,
bob,3,28546133,922,0.0105,0.4761,4.4344,,-1.0878,0.178,,
bob,3,28546133,923,0.0108,0.2178,4.6701,,-1.0965,0.1714,,
bob,3,28546133,924,0.0118,0.2473,4.349,,-1.0832,0.1754,,
bob,3,28546133,925,0.0185,0.2485,4.8149,,-1.0856,0.1899,,
bob,3,28546133,926,0.0092,0.2831,4.8806,,-1.0906,0.2,,
bob,3,28546133,927,0.0084,0.2238,5.2788,,-1.0939,0.167,,
bob,3,28546133,928,0.0093,0.2939,4.3355,,-1.0836,0.2071,,
bob,3,28546133,929,0.0064,0.2318,3.3897,,-1.0865,0.1498,,
bob,3,28546133,930,0.0059,0.2688,4.5308,,-1.0745,0.1636,,
bob,3,28546133,931,0.0072,0.2356,5.4995,,-1.0786,0.1523,,
bob,3,28546133,932,0.0114,0.2823,4.5929,,-1.0812,0.195,,
bob,3,28546133,933,0.0104,0.249,5.1943,,-1.0962,0.1833,,
bob,3,28546133,934,0.008,0.3387,4.1809,,-1.0834,0.1941,,
bob,3,28546133,935,0.0039,0.3049,5.0951,,-1.0783,0.1908,,
bob,3,28546133,936,-0.0014,0.255,4.7604,,-1.0923,0.1697,,
bob,3,28546133,937,0.0075,0.2947,3.6217,,-1.0599,0.2025,,
bob,3,28546133,938,0.01,0.25,5.1703,,-1.086,0.1906,,
bob,3,28546133,939,0.0068,0.2349,4.9712,,-1.086,0.1718,,
bob,3,28546133,940,0.0128,0.2329,4.8567,,-1.0726,0.1824,,
bob,3,28546133,941,0.0163,0.2852,5.3289,,-1.087,0.1951,,
bob,3,28546133,942,0.0128,0.227,4.8504,,-1.0743,0.1844,,
bob,3,28546133,943,0.0121,0.2387,4.7258,,-1.0845,0.1786,,
bob,3,28546133,944,0.0092,0.2342,4.4009,,-1.0964,0.1475,,
bob,3,28546133,945,0.0131,0.2483,5.2005,,-1.0981,0.1686,,
bob,3,28546133,946,0.0087,0.2133,4.4419,,-1.0923,0.1493,,
bob,3,28546133,947,0.0078,0.2261,4.605,,-1.0832,0.1723,,
bob,3,28546133,948,0.0084,0.2619,4.9216,,-1.1002,0.1466,,
bob,3,28546133,949,0.0079,0.2599,4.275,,-1.0696,0.1532,,
bob,3,28546133,950,0.0093,0.2639,4.6525,,-1.09,0.1937,,
bob,3,28546133,951,0.0075,0.232,4.0055,,-1.0682,0.1742,,
bob,3,28546133,952,0.0067,0.2675,4.2223,,-1.0659,0.17,,
bob,3,28546133,953,0.0069,0.2386,4.2627,,-1.0858,0.1743,,
bob,3,28546133,954,0.0089,0.2732,3.7266,,-1.0815,0.185,,
bob,3,28546133,955,0.0075,0.2932,4.1789,,-1.0955,0.189,,
bob,3,28546133,956,0.0019,0.2644,3.8574,,-1.0905,0.1542,,
bob,3,28546133,957,0.0068,0.2902,3.6098,,-1.0786,0.1636,,
bob,3,28546133,958,0.0107,0.2525,5.1149,,-1.0993,0.2004,,
bob,3,28546133,959,0.0093,0.232,5.1258,,-1.0829,0.1956,,
bob,3,28546133,960,0.0064,0.255,4.6788,,-1.0941,0.1732,,
bob,3,28546133,961,0.0102,0.2291,4.3194,,-1.0863,0.1776,,
bob,3,28546133,962,0.0126,0.2439,5.0145,,-1.0868,0.1809,,
bob,3,28546133,963,0.0014,0.303,3.4598,,-1.0683,0.1532,,
bob,3,28546133,964,0.0004,0.2142,3.9465,,-1.0925,0.1336,,
bob,3,28546133,965,0.0055,0.2133,4.345,,-1.0836,0.1328,,
bob,3,28546133,966,0.0075,0.2268,3.9335,,-1.0628,0.1507,,
bob,3,28546133,967,0.0059,0.2705,4.6429,,-1.0741,0.1765,,
bob,3,28546133,968,-0.0006,0.276,3.6739,,-1.0871,0.1509,,
bob,3,28546133,969,0.0038,0.2884,4.4587,,-1.09,0.19,,
bob,3,28546133,970,0.0015,0.259,3.9916,,-1.093,0.166,,
bob,3,28546133,971,0.0051,0.2772,4.516,,-1.0869,0.1809,,
bob,3,28546133,972,0.0063,0.2932,4.6381,,-1.0753,0.1759,,
bob,3,28546133,973,0.0043,0.2753,4.5788,,-1.0845,0.1783,,
bob,3,28546133,974,0.0116,0.2993,4.9574,,-1.0823,0.2112,,
bob,3,28546133,975,-0.0019,0.1994,4.7703,,-1.1058,0.14,,
bob,3,28546133,976,0.0121,0.2653,4.3596,,-1.0788,0.2032,,
bob,3,28546133,977,0.0078,0.2927,4.6334,,-1.1022,0.2,,
bob,3,28546133,978,0.0022,0.2773,4.2785,,-1.0818,0.1816,,
bob,3,28546133,979,0.0014,0.2086,4.6734,,-1.0945,0.1684,,
bob,3,28546133,980,0.0081,0.2292,4.9584,,-1.0917,0.1483,,
bob,3,28546133,981,0.0084,0.3134,3.4187,,-1.0745,0.1785,,
bob,3,28546133,982,0.0056,0.2852,4.36,,-1.0661,0.1919,,
bob,3,28546133,983,0.0008,0.2004,4.4735,,-1.0986,0.1242,,
bob,3,28546133,984,0.0106,0.2898,4.7784,,-1.0715,0.1842,,
bob,3,28546133,985,0.009,0.2268,4.1923,,-1.0783,0.1704,,
bob,3,28546133,986,0.0135,0.226,4.6353,,-1.0922,0.1762,,
bob,3,28546133,987,0.007,0.2204,4.2175,,-1.0976,0.16,,
bob,3,28546133,988,0.0076,0.2361,5.0449,,-1.0805,0.1742,,
bob,3,28546133,989,0.0073,0.2507,4.8082,,-1.0843,0.1597,,
bob,3,28546133,990,0.0074,0.2284,4.171,,-1.0665,0.1755,,
bob,3,28546133,991,0.0102,0.2763,4.0702,,-1.075,0.2012,,
bob,3,28546133,992,0.0032,0.2542,5.322,,-1.0928,0.1765,,
bob,3,28546133,993,0.0064,0.247,4.4795,,-1.1015,0.166,,
bob,3,28546133,994,0.0064,0.2113,4.5568,,-1.0785,0.1475,,
bob,3,28546133,995,0.0156,0.255,4.1824,,-1.0838,0.1912,,
bob,3,28546133,996,0.0083,0.2657,4.7054,,-1.0814,0.1806,,
bob,3,28546133,997,0.0144,0.2534,4.9025,,-1.1,0.1886,,
bob,3,28546824,998,0.015,0.2282,4.7266,,-1.075,0.1739,,
bob,3,28546824,999,0.0124,0.2085,5.1895,,-1.0821,0.1466,,
bob,3,28546824,1000,0.0066,0.2052,4.7326,,-1.0747,0.1503,,
bob,3,28546824,1001,0.018,0.2741,3.6746,,-1.0629,0.2247,,
bob,3,28546824,1002,0.0135,0.2246,4.6847,,-1.0752,0.1681,,
bob,3,28546824,1003,0.0206,0.2227,4.9794,,-1.0957,0.1937,,
bob,3,28546824,1004,0.0174,0.2211,4.978,,-1.081,0.165,,
bob,3,28546824,1005,0.0149,0.2558,5.0849,,-1.0776,0.1804,,
bob,3,28546824,1006,0.018,0.2112,5.4113,,-1.0855,0.1637,,
bob,3,28546824,1007,0.0155,0.3192,3.5519,,-1.0623,0.2082,,
bob,3,28546824,1008,0.0153,0.2317,4.5939,,-1.0596,0.1656,,
bob,3,28546824,1009,0.0156,0.2014,5.1065,,-1.0849,0.1502,,
bob,3,28546824,1010,0.0249,0.2358,4.1996,,-1.0724,0.176,,
bob,3,28546824,1011,0.0282,0.2229,4.8669,,-1.0703,0.1873,,
bob,3,28546824,1012,0.0269,0.2632,4.8603,,-1.0917,0.1737,,
bob,3,28546824,1013,0.0157,0.1946,4.416,,-1.0867,0.1408,,
bob,3,28546824,1014,0.0242,0.259,5.197,,-1.082,0.1943,,
bob,3,28546824,1015,0.0233,0.2386,5.3184,,-1.0962,0.1988,,
bob,3,28546824,1016,0.0203,0.2351,4.9518,,-1.086,0.1908,,
bob,3,28546824,1017,0.014,0.2348,4.9502,,-1.0822,0.1663,,
bob,3,28546824,1018,0.0275,0.2099,4.8424,,-1.0721,0.1875,,
bob,3,28546824,1019,0.0236,0.2245,4.5114,,-1.0651,0.1807,,
bob,3,28546824,1020,0.027,0.204,4.8392,,-1.0788,0.1753,,
bob,3,28546824,1021,0.0237,0.22,5.4688,,-1.078,0.1663,,
bob,3,28546824,1022,0.0288,0.1991,5.1608,,-1.0687,0.1847,,
bob,3,28546824,1023,0.0278,0.2175,5.0511,,-1.0799,0.194,,
bob,3,28546824,1024,0.0255,0.2162,4.606,,-1.086,0.1508,,
bob,3,28546824,1025,0.0246,0.2044,4.7797,,-1.0936,0.1634,,
bob,3,28546824,1026,0.0254,0.2335,4.8285,,-1.0818,0.171,,
bob,3,28546824,1027,0.0298,0.2675,5.1982,,-1.0722,0.1929,,
bob,3,28546824,1028,0.0241,0.3107,4.3792,,-1.0855,0.167,,
bob,3,28546824,1029,0.0268,0.1957,4.1941,,-1.0767,0.163,,
bob,3,28546824,1030,0.029,0.2189,5.5686,,-1.0833,0.1779,,
bob,3,28546824,1031,0.0284,0.2601,5.1155,,-1.0741,0.1957,,
bob,3,28546824,1032,0.0143,0.2313,4.9104,,-1.0859,0.1735,,
bob,3,28546824,1033,0.0248,0.211,5.1959,,-1.0789,0.1838,,
bob,3,28546824,1034,0.0286,0.2009,4.5557,,-1.0887,0.1743,,
bob,3,28546824,1035,0.0247,0.2305,4.7696,,-1.0783,0.1852,,
bob,3,28546824,1036,0.0252,0.2096,4.7922,,-1.0658,0.1753,,
bob,3,28546824,1037,0.0256,0.2265,5.059,,-1.0786,0.179,,
bob,3,28546824,1038,0.023,0.2088,4.7965,,-1.0696,0.1552,,
bob,3,28546824,1039,0.023,0.2628,5.0854,,-1.0663,0.1907,,
bob,3,28546824,1040,0.0183,0.2483,5.0062,,-1.0745,0.1585,,
bob,3,28546824,1041,0.0226,0.2638,4.6401,,-1.0821,0.182,,
bob,3,28546824,1042,0.0216,0.2198,4.2168,,-1.0805,0.1776,,
bob,3,28546824,1043,0.0304,0.2026,4.9326,,-1.0683,0.1677,,
bob,3,28546824,1044,0.0263,0.1959,4.8647,,-1.0784,0.1794,,
bob,3,28546824,1045,0.0249,0.204,4.5755,,-1.0752,0.1663,,
bob,3,28546824,1046,0.025,0.2558,4.7468,,-1.0823,0.1881,,
bob,3,28546824,1047,0.0176,0.2304,4.7212,,-1.0903,0.1756,,
bob,3,28546824,1048,0.0267,0.2029,5.2613,,-1.0684,0.171,,
bob,3,28546824,1049,0.0225,0.2335,4.4282,,-1.0723,0.1861,,
bob,3,28546824,1050,0.0092,0.2766,3.9604,,-1.0612,0.1802,,
bob,3,28546824,1051,0.0098,0.2672,4.3028,,-1.0811,0.1803,,
bob,3,28546824,1052,0.0125,0.2121,4.9499,,-1.0836,0.1488,,
bob,3,28546824,1053,0.0341,0.2213,4.8456,,-1.0811,0.1706,,
bob,3,28546824,1054,0.0257,0.2182,5.0395,,-1.0778,0.1776,,
bob,3,28546824,1055,0.0304,0.2259,5.2393,,-1.072,0.1745,,
bob,3,28546824,1056,0.0121,0.2515,4.7883,,-1.0695,0.2056,,
bob,3,28546824,1057,0.0156,0.1964,5.2589,,-1.0915,0.1825,,
bob,3,28546824,1058,0.0375,0.2315,4.657,,-1.0766,0.1613,,
bob,3,28546824,1059,0.0105,0.2068,4.7498,,-1.0836,0.1472,,
bob,3,28546824,1060,0.0454,0.1922,4.1654,,-1.0811,0.1398,,
bob,3,28546824,1061,0.043,0.217,4.2313,,-1.0742,0.1719,,
bob,3,28546824,1062,0.0195,0.2472,4.9198,,-1.0738,0.1984,,
bob,3,28546824,1063,0.0168,0.2844,5.2093,,-1.0803,0.1996,,
bob,3,28546824,1064,0.0425,0.2118,4.3422,,-1.0855,0.1477,,
bob,3,28546824,1065,0.0154,0.257,4.4724,,-1.0816,0.2121,,
bob,3,28546824,1066,0.0129,0.2712,4.723,,-1.0918,0.1884,,
bob,3,28546824,1067,0.0103,0.2606,5.102,,-1.0747,0.1793,,
bob,3,28546824,1068,0.0101,0.3178,4.7551,,-1.0821,0.2354,,
bob,3,28546824,1069,0.0401,0.2399,4.4578,,-1.0942,0.1838,,
bob,3,28546824,1070,0.0386,0.2678,4.5461,,-1.0713,0.2194,,
bob,3,28546824,1071,0.0218,0.2949,4.043,,-1.0825,0.2206,,
bob,3,28546824,1072,0.0186,0.2401,5.1295,,-1.0887,0.1891,,
bob,3,28546824,1073,0.037,0.2158,4.9706,,-1.0782,0.1358,,
bob,3,28546824,1074,0.0154,0.2467,4.5696,,-1.0683,0.2008,,
bob,3,28546824,1075,0.0462,0.2368,4.2556,,-1.0662,0.17,,
bob,3,28546824,1076,0.0431,0.2046,4.9725,,-1.0768,0.168,,
bob,3,28546824,1077,0.0409,0.2093,4.2989,,-1.07,0.1534,,
bob,3,28546824,1078,0.02,0.2457,4.2883,,-1.0726,0.1727,,
bob,3,28546824,1079,0.0169,0.2161,3.9998,,-1.0746,0.1537,,
bob,3,28546824,1080,0.0426,0.2459,4.4637,,-1.0791,0.1915,,
bob,3,28546824,1081,0.0327,0.269,5.1717,,-1.0905,0.1697,,
bob,3,28546824,1082,0.0098,0.2485,5.7052,,-1.0875,0.1709,,
bob,3,28546824,1083,0.0435,0.202,5.6893,,-1.0771,0.1625,,
bob,3,28546824,1084,0.0188,0.2081,5.3455,,-1.0874,0.1686,,
bob,3,28546824,1085,0.0215,0.2489,4.6951,,-1.0638,0.2024,,
bob,3,28546824,1086,0.0489,0.2408,4.9412,,-1.0771,0.1972,,
bob,3,28546824,1087,0.0375,0.2593,4.7961,,-1.0709,0.2024,,
bob,3,28546824,1088,0.0135,0.2489,4.4848,,-1.0862,0.1864,,
bob,3,28546824,1089,0.012,0.2056,5.8406,,-1.0806,0.168,,
bob,3,28546824,1090,0.0184,0.2027,4.5787,,-1.0585,0.1723,,
bob,3,28546824,1091,0.0493,0.262,4.698,,-1.0684,0.224,,
bob,3,28546824,1092,0.0437,0.206,4.5904,,-1.0672,0.158,,
bob,3,28546824,1093,0.0174,0.2238,4.4777,,-1.0758,0.1663,,
bob,3,28546824,1094,0.0392,0.2545,5.3617,,-1.0838,0.1838,,
bob,3,28546824,1095,0.0392,0.216,5.4313,,-1.0741,0.1606,,
bob,3,28546824,1096,0.0176,0.266,4.6989,,-1.0789,0.1948,,
bob,3,28546824,1097,0.0395,0.237,4.4126,,-1.0906,0.1616,,
bob,3,28546824,1098,0.0382,0.2002,4.276,,-1.077,0.1548,,
bob,3,28546824,1099,0.0183,0.2134,5.2425,,-1.0798,0.1796,,
bob,3,28546824,1100,0.0094,0.2395,4.5942,,-1.0764,0.1569,,
bob,3,28546824,1101,0.0057,0.2509,5.2867,,-1.085,0.1654,,
bob,3,28546824,1102,0.0383,0.2129,4.9768,,-1.0875,0.1667,,
bob,3,28546824,1103,0.033,0.3009,5.2721,,-1.0699,0.209,,
bob,3,28546824,1104,0.0348,0.3111,3.9358,,-1.0549,0.2141,,
bob,3,28546824,1105,0.0366,0.2621,4.8311,,-1.0854,0.1881,,
bob,3,28546824,1106,0.014,0.1908,5.5,,-1.0828,0.159,,
bob,3,28546824,1107,0.0128,0.2679,4.374,,-1.0647,0.1761,,
bob,3,28546824,1108,0.0094,0.3665,5.4498,,-1.0771,0.2412,,
bob,3,28546824,1109,0.0369,0.2628,4.4715,,-1.0747,0.1738,,
bob,3,28546824,1110,0.0313,0.2685,5.4168,,-1.071,0.1741,,
bob,3,28546824,1111,0.0107,0.2849,5.3914,,-1.0762,0.1924,,
bob,3,28546824,1112,0.0126,0.2332,4.3939,,-1.081,0.1491,,
bob,3,28546824,1113,0.0077,0.2224,4.8682,,-1.0735,0.1543,,
bob,3,28546824,1114,0.0097,0.2077,4.7488,,-1.0695,0.1644,,
bob,3,28546824,1115,0.0096,0.2514,4.4998,,-1.0708,0.1756,,
bob,3,28546824,1116,0.0115,0.2743,5.0193,,-1.0653,0.2154,,
bob,3,28546824,1117,0.0101,0.239,4.9602,,-1.0796,0.1479,,
bob,3,28546824,1118,0.0134,0.2766,4.0504,,-1.07,0.1898,,
bob,3,28549904,1119,0.0293,0.2271,5.1333,,-1.0866,0.178,,
bob,3,28549904,1120,0.0227,0.1951,5.3902,,-1.0768,0.1602,,
bob,3,28549904,1121,0.0299,0.1484,4.9406,,-1.0962,0.1258,,
bob,3,28549904,1122,0.0402,0.1854,5.2194,,-1.0852,0.1516,,
bob,3,28549904,1123,0.0391,0.1941,4.7195,,-1.0796,0.1587,,
bob,3,28549904,1124,0.0301,0.1895,4.5743,,-1.0805,0.1417,,
bob,3,28549904,1125,0.0425,0.2026,5.2816,,-1.0808,0.1562,,
bob,3,28549904,1126,0.0184,0.26,5.983,,-1.0806,0.1663,,
bob,3,28549904,1127,0.0188,0.232,4.9737,,-1.0929,0.1543,,
bob,3,28549904,1128,0.0177,0.2469,4.3392,,-1.0558,0.1673,,
bob,3,28549904,1129,0.0265,0.2215,4.1925,,-1.0687,0.1762,,
bob,3,28549904,1130,0.0366,0.1699,5.5881,,-1.0977,0.1319,,
bob,3,28549904,1131,0.0259,0.1793,4.4394,,-1.0884,0.1365,,
bob,3,28549904,1132,0.0367,0.2098,4.1234,,-1.0648,0.1548,,
