Loading user config located at: '/home/vlad/env_isaaclab/lib/python3.11/site-packages/isaacsim/kit/data/Kit/Isaac-Sim/5.0/user.config.json'
[Info] [carb] Logging to file: /home/vlad/env_isaaclab/lib/python3.11/site-packages/isaacsim/kit/logs/Kit/Isaac-Sim/5.0/kit_20260220_111059.log
2026-02-20T10:10:59Z [4ms] [Warning] [omni.ext.plugin] [ext: extensions] Extensions config 'extension.toml' doesn't exist '/home/vlad/IsaacLab/source/extensions' or '/home/vlad/IsaacLab/source/extensions/config'
2026-02-20T10:11:00Z [153ms] [Warning] [omni.usd_config.extension] Enable omni.materialx.libs extension to use MaterialX
2026-02-20T10:11:00Z [604ms] [Warning] [carb] Acquiring non optional plugin interface which is not listed as dependency: [omni::physx::IPhysxBenchmarks v1.0] (plugin: <default plugin>), by client: omni.physics.physx.plugin. Add it to CARB_PLUGIN_IMPL_DEPS() macro of a client.
2026-02-20T10:11:00Z [826ms] [Warning] [omni.isaac.dynamic_control] omni.isaac.dynamic_control is deprecated as of Isaac Sim 4.5. No action is needed from end-users.

|---------------------------------------------------------------------------------------------|
| Driver Version: 580.126.09    | Graphics API: Vulkan
|=============================================================================================|
| GPU | Name                             | Active | LDA | GPU Memory | Vendor-ID | LUID       |
|     |                                  |        |     |            | Device-ID | UUID       |
|     |                                  |        |     |            | Bus-ID    |            |
|---------------------------------------------------------------------------------------------|
| 0   | NVIDIA GeForce RTX 3060 Ti       | Yes: 0 |     | 8438    MB | 10de      | 0          |
|     |                                  |        |     |            | 2489      | b137bb7e.. |
|     |                                  |        |     |            | b         |            |
|=============================================================================================|
| OS: 22.04.5 LTS (Jammy Jellyfish) ubuntu, Version: 22.04.5, Kernel: 6.8.0-94-generic
| XServer Vendor: The X.Org Foundation, XServer Version: 12101004 (1.21.1.4)
| Processor: AMD Ryzen 7 3700X 8-Core Processor
| Cores: 8 | Logical Cores: 16
|---------------------------------------------------------------------------------------------|
| Total Memory (MB): 32000 | Free Memory: 22441
| Total Page/Swap (MB): 2047 | Free Page/Swap: 2035
|---------------------------------------------------------------------------------------------|
2026-02-20T10:11:14Z [14,718ms] [Warning] [gpu.foundation.plugin] IOMMU is enabled.

|---------------------------------------------------------------------------------------------|
| Driver Version: 580.126.09    | Graphics API: Vulkan
|=============================================================================================|
| GPU | Name                             | Active | LDA | GPU Memory | Vendor-ID | LUID       |
|     |                                  |        |     |            | Device-ID | UUID       |
|     |                                  |        |     |            | Bus-ID    |            |
|---------------------------------------------------------------------------------------------|
| 0   | NVIDIA GeForce RTX 3060 Ti       | Yes: 0 |     | 8438    MB | 10de      | 0          |
|     |                                  |        |     |            | 2489      | b137bb7e.. |
|     |                                  |        |     |            | b         |            |
|=============================================================================================|
| OS: 22.04.5 LTS (Jammy Jellyfish) ubuntu, Version: 22.04.5, Kernel: 6.8.0-94-generic
| XServer Vendor: The X.Org Foundation, XServer Version: 12101004 (1.21.1.4)
| Processor: AMD Ryzen 7 3700X 8-Core Processor
| Cores: 8 | Logical Cores: 16
|---------------------------------------------------------------------------------------------|
| Total Memory (MB): 32000 | Free Memory: 22248
| Total Page/Swap (MB): 2047 | Free Page/Swap: 2035
|---------------------------------------------------------------------------------------------|
2026-02-20T10:11:15Z [15,929ms] [Warning] [gpu.foundation.plugin] IOMMU is enabled.
2026-02-20T10:11:16Z [16,662ms] [Warning] [omni.graph.visualization.nodes._impl.extension] No Viewport Window to add omni.graph.visualization.nodes-2.1.3 scene to
2026-02-20T10:11:16Z [16,888ms] [Warning] [isaaclab.envs.manager_based_env] Seed not set for the environment. The environment creation may not be deterministic.
2026-02-20T10:11:17Z [17,631ms] [Warning] [isaacsim.asset.importer.urdf] The path left_base_link-base_link_inertia is not a valid usd path, modifying to left_base_link_base_link_inertia
2026-02-20T10:11:17Z [17,632ms] [Warning] [isaacsim.asset.importer.urdf] The path left_wrist_3_link-ft_frame is not a valid usd path, modifying to left_wrist_3_link_ft_frame
2026-02-20T10:11:17Z [17,632ms] [Warning] [isaacsim.asset.importer.urdf] The path left_base_link-base_fixed_joint is not a valid usd path, modifying to left_base_link_base_fixed_joint
2026-02-20T10:11:17Z [17,632ms] [Warning] [isaacsim.asset.importer.urdf] The path left_wrist_3-flange is not a valid usd path, modifying to left_wrist_3_flange
2026-02-20T10:11:17Z [17,632ms] [Warning] [isaacsim.asset.importer.urdf] The path left_flange-tool0 is not a valid usd path, modifying to left_flange_tool0
2026-02-20T10:11:17Z [17,632ms] [Warning] [isaacsim.asset.importer.urdf] The path right_base_link-base_link_inertia is not a valid usd path, modifying to right_base_link_base_link_inertia
2026-02-20T10:11:17Z [17,632ms] [Warning] [isaacsim.asset.importer.urdf] The path right_wrist_3_link-ft_frame is not a valid usd path, modifying to right_wrist_3_link_ft_frame
2026-02-20T10:11:17Z [17,632ms] [Warning] [isaacsim.asset.importer.urdf] The path right_base_link-base_fixed_joint is not a valid usd path, modifying to right_base_link_base_fixed_joint
2026-02-20T10:11:17Z [17,632ms] [Warning] [isaacsim.asset.importer.urdf] The path right_wrist_3-flange is not a valid usd path, modifying to right_wrist_3_flange
2026-02-20T10:11:17Z [17,632ms] [Warning] [isaacsim.asset.importer.urdf] The path right_flange-tool0 is not a valid usd path, modifying to right_flange_tool0
2026-02-20T10:11:17Z [17,634ms] [Warning] [isaacsim.asset.importer.urdf] link left_base has no body properties (mass, inertia, or collisions) and is being merged into left_base_link
2026-02-20T10:11:17Z [17,634ms] [Warning] [isaacsim.asset.importer.urdf] link lgripper_left_inner_finger_pad has no body properties (mass, inertia, or collisions) and is being merged into lgripper_left_inner_finger
2026-02-20T10:11:17Z [17,634ms] [Warning] [isaacsim.asset.importer.urdf] link lgripper_right_inner_finger_pad has no body properties (mass, inertia, or collisions) and is being merged into lgripper_right_inner_finger
2026-02-20T10:11:17Z [17,634ms] [Warning] [isaacsim.asset.importer.urdf] link left_tool0 has no body properties (mass, inertia, or collisions) and is being merged into left_flange
2026-02-20T10:11:17Z [17,634ms] [Warning] [isaacsim.asset.importer.urdf] link left_flange has no body properties (mass, inertia, or collisions) and is being merged into left_wrist_3_link
2026-02-20T10:11:17Z [17,634ms] [Warning] [isaacsim.asset.importer.urdf] link left_ft_frame has no body properties (mass, inertia, or collisions) and is being merged into left_wrist_3_link
2026-02-20T10:11:17Z [17,634ms] [Warning] [isaacsim.asset.importer.urdf] link left_base_link has no body properties (mass, inertia, or collisions) and is being merged into body_base_link
2026-02-20T10:11:17Z [17,634ms] [Warning] [isaacsim.asset.importer.urdf] link robot_head_link has no body properties (mass, inertia, or collisions) and is being merged into tilt_link
2026-02-20T10:11:17Z [17,634ms] [Warning] [isaacsim.asset.importer.urdf] link right_base has no body properties (mass, inertia, or collisions) and is being merged into right_base_link
2026-02-20T10:11:17Z [17,634ms] [Warning] [isaacsim.asset.importer.urdf] link rgripper_left_inner_finger_pad has no body properties (mass, inertia, or collisions) and is being merged into rgripper_left_inner_finger
2026-02-20T10:11:17Z [17,634ms] [Warning] [isaacsim.asset.importer.urdf] link rgripper_right_inner_finger_pad has no body properties (mass, inertia, or collisions) and is being merged into rgripper_right_inner_finger
2026-02-20T10:11:17Z [17,634ms] [Warning] [isaacsim.asset.importer.urdf] link right_tool0 has no body properties (mass, inertia, or collisions) and is being merged into right_flange
2026-02-20T10:11:17Z [17,634ms] [Warning] [isaacsim.asset.importer.urdf] link right_flange has no body properties (mass, inertia, or collisions) and is being merged into right_wrist_3_link
2026-02-20T10:11:17Z [17,634ms] [Warning] [isaacsim.asset.importer.urdf] link right_ft_frame has no body properties (mass, inertia, or collisions) and is being merged into right_wrist_3_link
2026-02-20T10:11:17Z [17,634ms] [Warning] [isaacsim.asset.importer.urdf] link right_base_link has no body properties (mass, inertia, or collisions) and is being merged into body_base_link
2026-02-20T10:11:17Z [17,634ms] [Warning] [isaacsim.asset.importer.urdf] link robot_back_body_link has no body properties (mass, inertia, or collisions) and is being merged into body_base_link
2026-02-20T10:11:17Z [17,634ms] [Warning] [isaacsim.asset.importer.urdf] link robot_body_link has no body properties (mass, inertia, or collisions) and is being merged into body_base_link
2026-02-20T10:11:17Z [17,634ms] [Warning] [isaacsim.asset.importer.urdf] link world_base_link has no body properties (mass, inertia, or collisions) and is being merged into body_base_link
2026-02-20T10:11:17Z [17,667ms] [Warning] [isaacsim.asset.importer.urdf] No mass specified for link world
2026-02-20T10:11:17Z [17,667ms] [Warning] [omni.usd] Warning: in _ReportErrors at line 3172 of /builds/omniverse/usd-ci/USD/pxr/usd/usd/stage.cpp -- In </ur/world/visuals>: Unresolved reference prim path @/tmp/IsaacLab/usd_20260220_111117_7303/configuration/dual_arm_robot_physics.usd@</visuals/world> introduced by @/tmp/IsaacLab/usd_20260220_111117_7303/configuration/dual_arm_robot_base.usd@</ur/world/visuals> (recomposing stage on stage @/tmp/IsaacLab/usd_20260220_111117_7303/configuration/dual_arm_robot_physics.usd@ <0x5b98ca634b10>)

2026-02-20T10:11:17Z [17,667ms] [Warning] [omni.usd] Warning: in _ReportErrors at line 3172 of /builds/omniverse/usd-ci/USD/pxr/usd/usd/stage.cpp -- In </ur/world/visuals>: Unresolved reference prim path @/tmp/IsaacLab/usd_20260220_111117_7303/dual_arm_robot.usd@</visuals/world> introduced by @/tmp/IsaacLab/usd_20260220_111117_7303/configuration/dual_arm_robot_base.usd@</ur/world/visuals> (recomposing stage on stage @/tmp/IsaacLab/usd_20260220_111117_7303/dual_arm_robot.usd@ <0x5b98ca6229a0>)

2026-02-20T10:11:17Z [17,667ms] [Warning] [omni.usd] Warning: in _ReportErrors at line 3172 of /builds/omniverse/usd-ci/USD/pxr/usd/usd/stage.cpp -- In </ur/world/visuals>: Unresolved reference prim path @/tmp/IsaacLab/usd_20260220_111117_7303/dual_arm_robot.usd@</visuals/world> introduced by @/tmp/IsaacLab/usd_20260220_111117_7303/configuration/dual_arm_robot_base.usd@</ur/world/visuals> (recomposing stage on stage @/tmp/IsaacLab/usd_20260220_111117_7303/dual_arm_robot.usd@ <0x5b98ca61c890>)

2026-02-20T10:11:17Z [17,668ms] [Warning] [omni.usd] Warning: in _ReportErrors at line 3172 of /builds/omniverse/usd-ci/USD/pxr/usd/usd/stage.cpp -- In </ur/world/visuals>: Unresolved reference prim path @/tmp/IsaacLab/usd_20260220_111117_7303/configuration/dual_arm_robot_base.usd@</visuals/world> introduced by @/tmp/IsaacLab/usd_20260220_111117_7303/configuration/dual_arm_robot_base.usd@</ur/world/visuals> (recomposing stage on stage @/tmp/IsaacLab/usd_20260220_111117_7303/configuration/dual_arm_robot_base.usd@ <0x5b98ca63d7f0>)

2026-02-20T10:11:17Z [17,668ms] [Warning] [omni.usd] Warning: in _ReportErrors at line 3172 of /builds/omniverse/usd-ci/USD/pxr/usd/usd/stage.cpp -- In </ur/world/visuals>: Unresolved reference prim path @/tmp/IsaacLab/usd_20260220_111117_7303/configuration/dual_arm_robot_physics.usd@</visuals/world> introduced by @/tmp/IsaacLab/usd_20260220_111117_7303/configuration/dual_arm_robot_base.usd@</ur/world/visuals> (recomposing stage on stage @/tmp/IsaacLab/usd_20260220_111117_7303/configuration/dual_arm_robot_physics.usd@ <0x5b98ca634b10>)

2026-02-20T10:11:17Z [17,668ms] [Warning] [omni.usd] Warning: in _ReportErrors at line 3172 of /builds/omniverse/usd-ci/USD/pxr/usd/usd/stage.cpp -- In </ur/world/visuals>: Unresolved reference prim path @/tmp/IsaacLab/usd_20260220_111117_7303/dual_arm_robot.usd@</visuals/world> introduced by @/tmp/IsaacLab/usd_20260220_111117_7303/configuration/dual_arm_robot_base.usd@</ur/world/visuals> (recomposing stage on stage @/tmp/IsaacLab/usd_20260220_111117_7303/dual_arm_robot.usd@ <0x5b98ca6229a0>)

2026-02-20T10:11:17Z [17,668ms] [Warning] [omni.usd] Warning: in _ReportErrors at line 3172 of /builds/omniverse/usd-ci/USD/pxr/usd/usd/stage.cpp -- In </ur/world/visuals>: Unresolved reference prim path @/tmp/IsaacLab/usd_20260220_111117_7303/dual_arm_robot.usd@</visuals/world> introduced by @/tmp/IsaacLab/usd_20260220_111117_7303/configuration/dual_arm_robot_base.usd@</ur/world/visuals> (recomposing stage on stage @/tmp/IsaacLab/usd_20260220_111117_7303/dual_arm_robot.usd@ <0x5b98ca61c890>)

2026-02-20T10:11:17Z [17,668ms] [Warning] [omni.usd] Warning: in _ReportErrors at line 3172 of /builds/omniverse/usd-ci/USD/pxr/usd/usd/stage.cpp -- In </ur/world/visuals>: Unresolved reference prim path @/tmp/IsaacLab/usd_20260220_111117_7303/configuration/dual_arm_robot_base.usd@</visuals/world> introduced by @/tmp/IsaacLab/usd_20260220_111117_7303/configuration/dual_arm_robot_base.usd@</ur/world/visuals> (recomposing stage on stage @/tmp/IsaacLab/usd_20260220_111117_7303/configuration/dual_arm_robot_base.usd@ <0x5b98ca63d7f0>)

2026-02-20T10:11:17Z [17,669ms] [Warning] [isaacsim.asset.importer.urdf] Link world has no colliders, and no inertia was imported; assigning a small isotropic inertia matrix
2026-02-20T10:11:18Z [18,351ms] [Warning] [omni.usd] Warning: in _ReportErrors at line 3172 of /builds/omniverse/usd-ci/USD/pxr/usd/usd/stage.cpp -- In </ur/world/visuals>: Unresolved reference prim path @/tmp/IsaacLab/usd_20260220_111117_7303/configuration/dual_arm_robot_base.usd@</visuals/world> introduced by @/tmp/IsaacLab/usd_20260220_111117_7303/configuration/dual_arm_robot_base.usd@</ur/world/visuals> (recomposing stage on stage @/tmp/IsaacLab/usd_20260220_111117_7303/dual_arm_robot.usd@ <0x5b98ca6229a0>)

2026-02-20T10:11:18Z [18,352ms] [Warning] [omni.usd] Warning: in _ReportErrors at line 3172 of /builds/omniverse/usd-ci/USD/pxr/usd/usd/stage.cpp -- In </ur/world/visuals>: Unresolved reference prim path @/tmp/IsaacLab/usd_20260220_111117_7303/configuration/dual_arm_robot_base.usd@</visuals/world> introduced by @/tmp/IsaacLab/usd_20260220_111117_7303/configuration/dual_arm_robot_base.usd@</ur/world/visuals> (recomposing stage on stage @/tmp/IsaacLab/usd_20260220_111117_7303/dual_arm_robot.usd@ <0x5b98ca61c890>)

2026-02-20T10:11:18Z [18,356ms] [Warning] [omni.usd] Warning: in _ReportErrors at line 3172 of /builds/omniverse/usd-ci/USD/pxr/usd/usd/stage.cpp -- In </ur/world/visuals>: Unresolved reference prim path @/tmp/IsaacLab/usd_20260220_111117_7303/configuration/dual_arm_robot_physics.usd@</visuals/world> introduced by @/tmp/IsaacLab/usd_20260220_111117_7303/configuration/dual_arm_robot_base.usd@</ur/world/visuals> (recomposing stage on stage @/tmp/IsaacLab/usd_20260220_111117_7303/dual_arm_robot.usd@ <0x5b98ca6229a0>)

2026-02-20T10:11:18Z [18,357ms] [Warning] [omni.usd] Warning: in _ReportErrors at line 3172 of /builds/omniverse/usd-ci/USD/pxr/usd/usd/stage.cpp -- In </ur/world/visuals>: Unresolved reference prim path @/tmp/IsaacLab/usd_20260220_111117_7303/configuration/dual_arm_robot_physics.usd@</visuals/world> introduced by @/tmp/IsaacLab/usd_20260220_111117_7303/configuration/dual_arm_robot_base.usd@</ur/world/visuals> (recomposing stage on stage @/tmp/IsaacLab/usd_20260220_111117_7303/dual_arm_robot.usd@ <0x5b98ca61c890>)

2026-02-20T10:11:18Z [18,359ms] [Warning] [omni.usd] Warning: in _ReportErrors at line 3172 of /builds/omniverse/usd-ci/USD/pxr/usd/usd/stage.cpp -- In </ur/world/visuals>: Unresolved reference prim path @/tmp/IsaacLab/usd_20260220_111117_7303/configuration/dual_arm_robot_physics.usd@</visuals/world> introduced by @/tmp/IsaacLab/usd_20260220_111117_7303/configuration/dual_arm_robot_base.usd@</ur/world/visuals> (recomposing stage on stage @/tmp/IsaacLab/usd_20260220_111117_7303/dual_arm_robot.usd@ <0x5b98ca6229a0>)

2026-02-20T10:11:18Z [18,361ms] [Warning] [omni.usd] Warning: in _ReportErrors at line 3172 of /builds/omniverse/usd-ci/USD/pxr/usd/usd/stage.cpp -- In </ur/world/visuals>: Unresolved reference prim path @/tmp/IsaacLab/usd_20260220_111117_7303/configuration/dual_arm_robot_physics.usd@</visuals/world> introduced by @/tmp/IsaacLab/usd_20260220_111117_7303/configuration/dual_arm_robot_base.usd@</ur/world/visuals> (recomposing stage on stage @/tmp/IsaacLab/usd_20260220_111117_7303/dual_arm_robot.usd@ <0x5b98ca61c890>)

2026-02-20T10:11:18Z [18,363ms] [Warning] [omni.usd] Warning: in _ReportErrors at line 3172 of /builds/omniverse/usd-ci/USD/pxr/usd/usd/stage.cpp -- In </ur/world/visuals>: Unresolved reference prim path @/tmp/IsaacLab/usd_20260220_111117_7303/configuration/dual_arm_robot_physics.usd@</visuals/world> introduced by @/tmp/IsaacLab/usd_20260220_111117_7303/configuration/dual_arm_robot_base.usd@</ur/world/visuals> (recomposing stage on stage @/tmp/IsaacLab/usd_20260220_111117_7303/dual_arm_robot.usd@ <0x5b98ca6229a0>)

2026-02-20T10:11:18Z [18,365ms] [Warning] [omni.usd] Warning: in _ReportErrors at line 3172 of /builds/omniverse/usd-ci/USD/pxr/usd/usd/stage.cpp -- In </ur/world/visuals>: Unresolved reference prim path @/tmp/IsaacLab/usd_20260220_111117_7303/configuration/dual_arm_robot_physics.usd@</visuals/world> introduced by @/tmp/IsaacLab/usd_20260220_111117_7303/configuration/dual_arm_robot_base.usd@</ur/world/visuals> (recomposing stage on stage @/tmp/IsaacLab/usd_20260220_111117_7303/dual_arm_robot.usd@ <0x5b98ca61c890>)

2026-02-20T10:11:18Z [18,367ms] [Warning] [omni.usd] Warning: in _ReportErrors at line 3172 of /builds/omniverse/usd-ci/USD/pxr/usd/usd/stage.cpp -- In </ur/world/visuals>: Unresolved reference prim path @/tmp/IsaacLab/usd_20260220_111117_7303/configuration/dual_arm_robot_physics.usd@</visuals/world> introduced by @/tmp/IsaacLab/usd_20260220_111117_7303/configuration/dual_arm_robot_base.usd@</ur/world/visuals> (recomposing stage on stage @/tmp/IsaacLab/usd_20260220_111117_7303/dual_arm_robot.usd@ <0x5b98ca6229a0>)

2026-02-20T10:11:18Z [18,369ms] [Warning] [omni.usd] Warning: in _ReportErrors at line 3172 of /builds/omniverse/usd-ci/USD/pxr/usd/usd/stage.cpp -- In </ur/world/visuals>: Unresolved reference prim path @/tmp/IsaacLab/usd_20260220_111117_7303/configuration/dual_arm_robot_physics.usd@</visuals/world> introduced by @/tmp/IsaacLab/usd_20260220_111117_7303/configuration/dual_arm_robot_base.usd@</ur/world/visuals> (recomposing stage on stage @/tmp/IsaacLab/usd_20260220_111117_7303/dual_arm_robot.usd@ <0x5b98ca61c890>)

2026-02-20T10:11:18Z [18,372ms] [Warning] [omni.usd] Warning: in _ReportErrors at line 3172 of /builds/omniverse/usd-ci/USD/pxr/usd/usd/stage.cpp -- In </ur/world/visuals>: Unresolved reference prim path @/tmp/IsaacLab/usd_20260220_111117_7303/configuration/dual_arm_robot_physics.usd@</visuals/world> introduced by @/tmp/IsaacLab/usd_20260220_111117_7303/configuration/dual_arm_robot_base.usd@</ur/world/visuals> (recomposing stage on stage @/tmp/IsaacLab/usd_20260220_111117_7303/dual_arm_robot.usd@ <0x5b98ca6229a0>)

2026-02-20T10:11:18Z [18,374ms] [Warning] [omni.usd] Warning: in _ReportErrors at line 3172 of /builds/omniverse/usd-ci/USD/pxr/usd/usd/stage.cpp -- In </ur/world/visuals>: Unresolved reference prim path @/tmp/IsaacLab/usd_20260220_111117_7303/configuration/dual_arm_robot_physics.usd@</visuals/world> introduced by @/tmp/IsaacLab/usd_20260220_111117_7303/configuration/dual_arm_robot_base.usd@</ur/world/visuals> (recomposing stage on stage @/tmp/IsaacLab/usd_20260220_111117_7303/dual_arm_robot.usd@ <0x5b98ca61c890>)

2026-02-20T10:11:18Z [18,376ms] [Warning] [omni.usd] Warning: in _ReportErrors at line 3172 of /builds/omniverse/usd-ci/USD/pxr/usd/usd/stage.cpp -- In </ur/world/visuals>: Unresolved reference prim path @/tmp/IsaacLab/usd_20260220_111117_7303/configuration/dual_arm_robot_physics.usd@</visuals/world> introduced by @/tmp/IsaacLab/usd_20260220_111117_7303/configuration/dual_arm_robot_base.usd@</ur/world/visuals> (recomposing stage on stage @/tmp/IsaacLab/usd_20260220_111117_7303/dual_arm_robot.usd@ <0x5b98ca6229a0>)

2026-02-20T10:11:18Z [18,378ms] [Warning] [omni.usd] Warning: in _ReportErrors at line 3172 of /builds/omniverse/usd-ci/USD/pxr/usd/usd/stage.cpp -- In </ur/world/visuals>: Unresolved reference prim path @/tmp/IsaacLab/usd_20260220_111117_7303/configuration/dual_arm_robot_physics.usd@</visuals/world> introduced by @/tmp/IsaacLab/usd_20260220_111117_7303/configuration/dual_arm_robot_base.usd@</ur/world/visuals> (recomposing stage on stage @/tmp/IsaacLab/usd_20260220_111117_7303/dual_arm_robot.usd@ <0x5b98ca61c890>)

2026-02-20T10:11:18Z [18,380ms] [Warning] [omni.usd] Warning: in _ReportErrors at line 3172 of /builds/omniverse/usd-ci/USD/pxr/usd/usd/stage.cpp -- In </ur/world/visuals>: Unresolved reference prim path @/tmp/IsaacLab/usd_20260220_111117_7303/configuration/dual_arm_robot_physics.usd@</visuals/world> introduced by @/tmp/IsaacLab/usd_20260220_111117_7303/configuration/dual_arm_robot_base.usd@</ur/world/visuals> (recomposing stage on stage @/tmp/IsaacLab/usd_20260220_111117_7303/dual_arm_robot.usd@ <0x5b98ca6229a0>)

2026-02-20T10:11:18Z [18,382ms] [Warning] [omni.usd] Warning: in _ReportErrors at line 3172 of /builds/omniverse/usd-ci/USD/pxr/usd/usd/stage.cpp -- In </ur/world/visuals>: Unresolved reference prim path @/tmp/IsaacLab/usd_20260220_111117_7303/configuration/dual_arm_robot_physics.usd@</visuals/world> introduced by @/tmp/IsaacLab/usd_20260220_111117_7303/configuration/dual_arm_robot_base.usd@</ur/world/visuals> (recomposing stage on stage @/tmp/IsaacLab/usd_20260220_111117_7303/dual_arm_robot.usd@ <0x5b98ca61c890>)

2026-02-20T10:11:18Z [18,498ms] [Warning] [omni.usd] Warning: in _ReportErrors at line 3172 of /builds/omniverse/usd-ci/USD/pxr/usd/usd/stage.cpp -- In </World/envs/env_0/RobotUnified/world/visuals>: Unresolved reference prim path @/tmp/IsaacLab/usd_20260220_111117_7303/configuration/dual_arm_robot_physics.usd@</visuals/world> introduced by @/tmp/IsaacLab/usd_20260220_111117_7303/configuration/dual_arm_robot_base.usd@</ur/world/visuals> (recomposing stage on stage @anon:0x5b98bba210a0:World0.usd@ <0x5b98bba26500>)

2026-02-20T10:11:18Z [18,811ms] [Warning] [isaacsim.asset.importer.urdf] The path concave.urdf is not a valid usd path, modifying to concave_urdf
2026-02-20T10:11:18Z [18,988ms] [Warning] [isaacsim.asset.importer.urdf] The path cube.urdf is not a valid usd path, modifying to cube_urdf
2026-02-20T10:11:19Z [20,013ms] [Warning] [omni.usd] Warning: in _ReportErrors at line 3172 of /builds/omniverse/usd-ci/USD/pxr/usd/usd/stage.cpp -- In </World/envs/env_17/RobotUnified/world/visuals>: Unresolved reference prim path @/tmp/IsaacLab/usd_20260220_111117_7303/configuration/dual_arm_robot_physics.usd@</visuals/world> introduced by @/tmp/IsaacLab/usd_20260220_111117_7303/configuration/dual_arm_robot_base.usd@</ur/world/visuals> (recomposing stage on stage @anon:0x5b98bba210a0:World0.usd@ <0x5b98bba26500>)

2026-02-20T10:11:19Z [20,013ms] [Warning] [omni.usd] Warning: in _ReportErrors at line 3172 of /builds/omniverse/usd-ci/USD/pxr/usd/usd/stage.cpp -- In </World/envs/env_16/RobotUnified/world/visuals>: Unresolved reference prim path @/tmp/IsaacLab/usd_20260220_111117_7303/configuration/dual_arm_robot_physics.usd@</visuals/world> introduced by @/tmp/IsaacLab/usd_20260220_111117_7303/configuration/dual_arm_robot_base.usd@</ur/world/visuals> (recomposing stage on stage @anon:0x5b98bba210a0:World0.usd@ <0x5b98bba26500>)

2026-02-20T10:11:19Z [20,013ms] [Warning] [omni.usd] Warning: in _ReportErrors at line 3172 of /builds/omniverse/usd-ci/USD/pxr/usd/usd/stage.cpp -- In </World/envs/env_13/RobotUnified/world/visuals>: Unresolved reference prim path @/tmp/IsaacLab/usd_20260220_111117_7303/configuration/dual_arm_robot_physics.usd@</visuals/world> introduced by @/tmp/IsaacLab/usd_20260220_111117_7303/configuration/dual_arm_robot_base.usd@</ur/world/visuals> (recomposing stage on stage @anon:0x5b98bba210a0:World0.usd@ <0x5b98bba26500>)

2026-02-20T10:11:19Z [20,013ms] [Warning] [omni.usd] Warning: in _ReportErrors at line 3172 of /builds/omniverse/usd-ci/USD/pxr/usd/usd/stage.cpp -- In </World/envs/env_1/RobotUnified/world/visuals>: Unresolved reference prim path @/tmp/IsaacLab/usd_20260220_111117_7303/configuration/dual_arm_robot_physics.usd@</visuals/world> introduced by @/tmp/IsaacLab/usd_20260220_111117_7303/configuration/dual_arm_robot_base.usd@</ur/world/visuals> (recomposing stage on stage @anon:0x5b98bba210a0:World0.usd@ <0x5b98bba26500>)

2026-02-20T10:11:19Z [20,014ms] [Warning] [omni.usd] Warning: in _ReportErrors at line 3172 of /builds/omniverse/usd-ci/USD/pxr/usd/usd/stage.cpp -- In </World/envs/env_12/RobotUnified/world/visuals>: Unresolved reference prim path @/tmp/IsaacLab/usd_20260220_111117_7303/configuration/dual_arm_robot_physics.usd@</visuals/world> introduced by @/tmp/IsaacLab/usd_20260220_111117_7303/configuration/dual_arm_robot_base.usd@</ur/world/visuals> (recomposing stage on stage @anon:0x5b98bba210a0:World0.usd@ <0x5b98bba26500>)

2026-02-20T10:11:19Z [20,014ms] [Warning] [omni.usd] Warning: in _ReportErrors at line 3172 of /builds/omniverse/usd-ci/USD/pxr/usd/usd/stage.cpp -- In </World/envs/env_11/RobotUnified/world/visuals>: Unresolved reference prim path @/tmp/IsaacLab/usd_20260220_111117_7303/configuration/dual_arm_robot_physics.usd@</visuals/world> introduced by @/tmp/IsaacLab/usd_20260220_111117_7303/configuration/dual_arm_robot_base.usd@</ur/world/visuals> (recomposing stage on stage @anon:0x5b98bba210a0:World0.usd@ <0x5b98bba26500>)

2026-02-20T10:11:19Z [20,014ms] [Warning] [omni.usd] Warning: in _ReportErrors at line 3172 of /builds/omniverse/usd-ci/USD/pxr/usd/usd/stage.cpp -- In </World/envs/env_15/RobotUnified/world/visuals>: Unresolved reference prim path @/tmp/IsaacLab/usd_20260220_111117_7303/configuration/dual_arm_robot_physics.usd@</visuals/world> introduced by @/tmp/IsaacLab/usd_20260220_111117_7303/configuration/dual_arm_robot_base.usd@</ur/world/visuals> (recomposing stage on stage @anon:0x5b98bba210a0:World0.usd@ <0x5b98bba26500>)

2026-02-20T10:11:19Z [20,014ms] [Warning] [omni.usd] Warning: in _ReportErrors at line 3172 of /builds/omniverse/usd-ci/USD/pxr/usd/usd/stage.cpp -- In </World/envs/env_14/RobotUnified/world/visuals>: Unresolved reference prim path @/tmp/IsaacLab/usd_20260220_111117_7303/configuration/dual_arm_robot_physics.usd@</visuals/world> introduced by @/tmp/IsaacLab/usd_20260220_111117_7303/configuration/dual_arm_robot_base.usd@</ur/world/visuals> (recomposing stage on stage @anon:0x5b98bba210a0:World0.usd@ <0x5b98bba26500>)

2026-02-20T10:11:19Z [20,014ms] [Warning] [omni.usd] Warning: in _ReportErrors at line 3172 of /builds/omniverse/usd-ci/USD/pxr/usd/usd/stage.cpp -- In </World/envs/env_19/RobotUnified/world/visuals>: Unresolved reference prim path @/tmp/IsaacLab/usd_20260220_111117_7303/configuration/dual_arm_robot_physics.usd@</visuals/world> introduced by @/tmp/IsaacLab/usd_20260220_111117_7303/configuration/dual_arm_robot_base.usd@</ur/world/visuals> (recomposing stage on stage @anon:0x5b98bba210a0:World0.usd@ <0x5b98bba26500>)

2026-02-20T10:11:19Z [20,014ms] [Warning] [omni.usd] Warning: in _ReportErrors at line 3172 of /builds/omniverse/usd-ci/USD/pxr/usd/usd/stage.cpp -- In </World/envs/env_18/RobotUnified/world/visuals>: Unresolved reference prim path @/tmp/IsaacLab/usd_20260220_111117_7303/configuration/dual_arm_robot_physics.usd@</visuals/world> introduced by @/tmp/IsaacLab/usd_20260220_111117_7303/configuration/dual_arm_robot_base.usd@</ur/world/visuals> (recomposing stage on stage @anon:0x5b98bba210a0:World0.usd@ <0x5b98bba26500>)

2026-02-20T10:11:19Z [20,014ms] [Warning] [omni.usd] Warning: in _ReportErrors at line 3172 of /builds/omniverse/usd-ci/USD/pxr/usd/usd/stage.cpp -- In </World/envs/env_10/RobotUnified/world/visuals>: Unresolved reference prim path @/tmp/IsaacLab/usd_20260220_111117_7303/configuration/dual_arm_robot_physics.usd@</visuals/world> introduced by @/tmp/IsaacLab/usd_20260220_111117_7303/configuration/dual_arm_robot_base.usd@</ur/world/visuals> (recomposing stage on stage @anon:0x5b98bba210a0:World0.usd@ <0x5b98bba26500>)

2026-02-20T10:11:19Z [20,014ms] [Warning] [omni.usd] Warning: in _ReportErrors at line 3172 of /builds/omniverse/usd-ci/USD/pxr/usd/usd/stage.cpp -- In </World/envs/env_2/RobotUnified/world/visuals>: Unresolved reference prim path @/tmp/IsaacLab/usd_20260220_111117_7303/configuration/dual_arm_robot_physics.usd@</visuals/world> introduced by @/tmp/IsaacLab/usd_20260220_111117_7303/configuration/dual_arm_robot_base.usd@</ur/world/visuals> (recomposing stage on stage @anon:0x5b98bba210a0:World0.usd@ <0x5b98bba26500>)

2026-02-20T10:11:19Z [20,014ms] [Warning] [omni.usd] Warning: in _ReportErrors at line 3172 of /builds/omniverse/usd-ci/USD/pxr/usd/usd/stage.cpp -- In </World/envs/env_20/RobotUnified/world/visuals>: Unresolved reference prim path @/tmp/IsaacLab/usd_20260220_111117_7303/configuration/dual_arm_robot_physics.usd@</visuals/world> introduced by @/tmp/IsaacLab/usd_20260220_111117_7303/configuration/dual_arm_robot_base.usd@</ur/world/visuals> (recomposing stage on stage @anon:0x5b98bba210a0:World0.usd@ <0x5b98bba26500>)

2026-02-20T10:11:19Z [20,014ms] [Warning] [omni.usd] Warning: in _ReportErrors at line 3172 of /builds/omniverse/usd-ci/USD/pxr/usd/usd/stage.cpp -- In </World/envs/env_22/RobotUnified/world/visuals>: Unresolved reference prim path @/tmp/IsaacLab/usd_20260220_111117_7303/configuration/dual_arm_robot_physics.usd@</visuals/world> introduced by @/tmp/IsaacLab/usd_20260220_111117_7303/configuration/dual_arm_robot_base.usd@</ur/world/visuals> (recomposing stage on stage @anon:0x5b98bba210a0:World0.usd@ <0x5b98bba26500>)

2026-02-20T10:11:19Z [20,014ms] [Warning] [omni.usd] Warning: in _ReportErrors at line 3172 of /builds/omniverse/usd-ci/USD/pxr/usd/usd/stage.cpp -- In </World/envs/env_23/RobotUnified/world/visuals>: Unresolved reference prim path @/tmp/IsaacLab/usd_20260220_111117_7303/configuration/dual_arm_robot_physics.usd@</visuals/world> introduced by @/tmp/IsaacLab/usd_20260220_111117_7303/configuration/dual_arm_robot_base.usd@</ur/world/visuals> (recomposing stage on stage @anon:0x5b98bba210a0:World0.usd@ <0x5b98bba26500>)

2026-02-20T10:11:19Z [20,014ms] [Warning] [omni.usd] Warning: in _ReportErrors at line 3172 of /builds/omniverse/usd-ci/USD/pxr/usd/usd/stage.cpp -- In </World/envs/env_21/RobotUnified/world/visuals>: Unresolved reference prim path @/tmp/IsaacLab/usd_20260220_111117_7303/configuration/dual_arm_robot_physics.usd@</visuals/world> introduced by @/tmp/IsaacLab/usd_20260220_111117_7303/configuration/dual_arm_robot_base.usd@</ur/world/visuals> (recomposing stage on stage @anon:0x5b98bba210a0:World0.usd@ <0x5b98bba26500>)

2026-02-20T10:11:19Z [20,014ms] [Warning] [omni.usd] Warning: in _ReportErrors at line 3172 of /builds/omniverse/usd-ci/USD/pxr/usd/usd/stage.cpp -- In </World/envs/env_3/RobotUnified/world/visuals>: Unresolved reference prim path @/tmp/IsaacLab/usd_20260220_111117_7303/configuration/dual_arm_robot_physics.usd@</visuals/world> introduced by @/tmp/IsaacLab/usd_20260220_111117_7303/configuration/dual_arm_robot_base.usd@</ur/world/visuals> (recomposing stage on stage @anon:0x5b98bba210a0:World0.usd@ <0x5b98bba26500>)

2026-02-20T10:11:19Z [20,014ms] [Warning] [omni.usd] Warning: in _ReportErrors at line 3172 of /builds/omniverse/usd-ci/USD/pxr/usd/usd/stage.cpp -- In </World/envs/env_24/RobotUnified/world/visuals>: Unresolved reference prim path @/tmp/IsaacLab/usd_20260220_111117_7303/configuration/dual_arm_robot_physics.usd@</visuals/world> introduced by @/tmp/IsaacLab/usd_20260220_111117_7303/configuration/dual_arm_robot_base.usd@</ur/world/visuals> (recomposing stage on stage @anon:0x5b98bba210a0:World0.usd@ <0x5b98bba26500>)

2026-02-20T10:11:19Z [20,014ms] [Warning] [omni.usd] Warning: in _ReportErrors at line 3172 of /builds/omniverse/usd-ci/USD/pxr/usd/usd/stage.cpp -- In </World/envs/env_4/RobotUnified/world/visuals>: Unresolved reference prim path @/tmp/IsaacLab/usd_20260220_111117_7303/configuration/dual_arm_robot_physics.usd@</visuals/world> introduced by @/tmp/IsaacLab/usd_20260220_111117_7303/configuration/dual_arm_robot_base.usd@</ur/world/visuals> (recomposing stage on stage @anon:0x5b98bba210a0:World0.usd@ <0x5b98bba26500>)

2026-02-20T10:11:19Z [20,014ms] [Warning] [omni.usd] Warning: in _ReportErrors at line 3172 of /builds/omniverse/usd-ci/USD/pxr/usd/usd/stage.cpp -- In </World/envs/env_6/RobotUnified/world/visuals>: Unresolved reference prim path @/tmp/IsaacLab/usd_20260220_111117_7303/configuration/dual_arm_robot_physics.usd@</visuals/world> introduced by @/tmp/IsaacLab/usd_20260220_111117_7303/configuration/dual_arm_robot_base.usd@</ur/world/visuals> (recomposing stage on stage @anon:0x5b98bba210a0:World0.usd@ <0x5b98bba26500>)


[Reset] Env 8: Alice phase @ step 0/250 | Goals: 0/5 | Reason: Global Manual Reset
[Reset] Env 9: Alice phase @ step 0/250 | Goals: 0/5 | Reason: Global Manual Reset
[Reset] Env 10: Alice phase @ step 0/250 | Goals: 0/5 | Reason: Global Manual Reset
[Reset] Env 11: Alice phase @ step 0/250 | Goals: 0/5 | Reason: Global Manual Reset
[Reset] Env 12: Alice phase @ step 0/250 | Goals: 0/5 | Reason: Global Manual Reset
[Reset] Env 13: Alice phase @ step 0/250 | Goals: 0/5 | Reason: Global Manual Reset
[Reset] Env 14: Alice phase @ step 0/250 | Goals: 0/5 | Reason: Global Manual Reset
[Reset] Env 15: Alice phase @ step 0/250 | Goals: 0/5 | Reason: Global Manual Reset
[Reset] Env 16: Alice phase @ step 0/250 | Goals: 0/5 | Reason: Global Manual Reset
[Reset] Env 17: Alice phase @ step 0/250 | Goals: 0/5 | Reason: Global Manual Reset
[Reset] Env 18: Alice phase @ step 0/250 | Goals: 0/5 | Reason: Global Manual Reset
[Reset] Env 19: Alice phase @ step 0/250 | Goals: 0/5 | Reason: Global Manual Reset
[Reset] Env 20: Alice phase @ step 0/250 | Goals: 0/5 | Reason: Global Manual Reset
[Reset] Env 21: Alice phase @ step 0/250 | Goals: 0/5 | Reason: Global Manual Reset
[Reset] Env 22: Alice phase @ step 0/250 | Goals: 0/5 | Reason: Global Manual Reset
[Reset] Env 23: Alice phase @ step 0/250 | Goals: 0/5 | Reason: Global Manual Reset
[Reset] Env 24: Alice phase @ step 0/250 | Goals: 0/5 | Reason: Global Manual Reset
Environment initialized. Starting training loop...
[Phase] Env 0: Alice Failed | Moved: 0.027m < 0.01m threshold
[Reset] Env 0: Alice phase @ step 250/250 | Goals: 0/5 | Reason: Invalid Goal
[Reset] Env 1: Alice phase @ step 250/250 | Goals: 0/5 | Reason: Invalid Goal
[Reset] Env 2: Alice phase @ step 250/250 | Goals: 0/5 | Reason: Invalid Goal
[Reset] Env 3: Alice phase @ step 250/250 | Goals: 0/5 | Reason: Invalid Goal
[Reset] Env 4: Alice phase @ step 250/250 | Goals: 0/5 | Reason: Invalid Goal
[Reset] Env 5: Alice phase @ step 250/250 | Goals: 0/5 | Reason: Invalid Goal
[Reset] Env 6: Alice phase @ step 250/250 | Goals: 0/5 | Reason: Invalid Goal
[Reset] Env 7: Alice phase @ step 250/250 | Goals: 0/5 | Reason: Invalid Goal
[Reset] Env 8: Alice phase @ step 250/250 | Goals: 0/5 | Reason: Invalid Goal
[Reset] Env 9: Alice phase @ step 250/250 | Goals: 0/5 | Reason: Invalid Goal
[Reset] Env 10: Alice phase @ step 250/250 | Goals: 0/5 | Reason: Invalid Goal
[Reset] Env 11: Alice phase @ step 250/250 | Goals: 0/5 | Reason: Invalid Goal
[Reset] Env 12: Alice phase @ step 250/250 | Goals: 0/5 | Reason: Invalid Goal
[Reset] Env 13: Alice phase @ step 250/250 | Goals: 0/5 | Reason: Invalid Goal
[Reset] Env 14: Alice phase @ step 250/250 | Goals: 0/5 | Reason: Invalid Goal
[Reset] Env 15: Alice phase @ step 250/250 | Goals: 0/5 | Reason: Invalid Goal
[Reset] Env 16: Alice phase @ step 250/250 | Goals: 0/5 | Reason: Invalid Goal
[Reset] Env 17: Alice phase @ step 250/250 | Goals: 0/5 | Reason: Invalid Goal
[Reset] Env 18: Alice phase @ step 250/250 | Goals: 0/5 | Reason: Invalid Goal
[Reset] Env 19: Alice phase @ step 250/250 | Goals: 0/5 | Reason: Invalid Goal
[Reset] Env 20: Alice phase @ step 250/250 | Goals: 0/5 | Reason: Invalid Goal
[Reset] Env 21: Alice phase @ step 250/250 | Goals: 0/5 | Reason: Invalid Goal
[Reset] Env 22: Alice phase @ step 250/250 | Goals: 0/5 | Reason: Invalid Goal
[Reset] Env 23: Alice phase @ step 250/250 | Goals: 0/5 | Reason: Invalid Goal
[Reset] Env 24: Alice phase @ step 250/250 | Goals: 0/5 | Reason: Invalid Goal
[Reset] Resetting objects to SAFE pose for 25 envs
[Reset] Resetting ROBOT joints for 25 envs
Update Alice: Iter 0

============================================================
ALICE UPDATE 0
============================================================
  Rewards:     mean=-1.0000 | min=0.0000 | max=0.0000
  Losses:      value=0.1387 | surrogate=1.3157
  Outcomes:    9 episodes buffered
============================================================

Update Alice: Iter 1

============================================================
ALICE UPDATE 1
============================================================
  Rewards:     mean=-1.0000 | min=0.0000 | max=0.0000
  Losses:      value=0.0485 | surrogate=1.5747
  Outcomes:    9 episodes buffered
============================================================

[Phase] Env 0: Alice Failed | Moved: 0.027m < 0.01m threshold
[Reset] Env 0: Alice phase @ step 250/250 | Goals: 0/5 | Reason: Invalid Goal
[Reset] Env 1: Alice phase @ step 250/250 | Goals: 0/5 | Reason: Invalid Goal
[Reset] Env 2: Alice phase @ step 250/250 | Goals: 0/5 | Reason: Invalid Goal
[Reset] Env 3: Alice phase @ step 250/250 | Goals: 0/5 | Reason: Invalid Goal
[Reset] Env 4: Alice phase @ step 250/250 | Goals: 0/5 | Reason: Invalid Goal
[Reset] Env 5: Alice phase @ step 250/250 | Goals: 0/5 | Reason: Invalid Goal
[Reset] Env 6: Alice phase @ step 250/250 | Goals: 0/5 | Reason: Invalid Goal
[Reset] Env 7: Alice phase @ step 250/250 | Goals: 0/5 | Reason: Invalid Goal
[Reset] Env 8: Alice phase @ step 250/250 | Goals: 0/5 | Reason: Invalid Goal
[Reset] Env 9: Alice phase @ step 250/250 | Goals: 0/5 | Reason: Invalid Goal
[Reset] Env 10: Alice phase @ step 250/250 | Goals: 0/5 | Reason: Invalid Goal
[Reset] Env 11: Alice phase @ step 250/250 | Goals: 0/5 | Reason: Invalid Goal
[Reset] Env 12: Alice phase @ step 250/250 | Goals: 0/5 | Reason: Invalid Goal
[Reset] Env 13: Alice phase @ step 250/250 | Goals: 0/5 | Reason: Invalid Goal
[Reset] Env 14: Alice phase @ step 250/250 | Goals: 0/5 | Reason: Invalid Goal
[Reset] Env 15: Alice phase @ step 250/250 | Goals: 0/5 | Reason: Invalid Goal
[Reset] Env 16: Alice phase @ step 250/250 | Goals: 0/5 | Reason: Invalid Goal
[Reset] Env 17: Alice phase @ step 250/250 | Goals: 0/5 | Reason: Invalid Goal
[Reset] Env 18: Alice phase @ step 250/250 | Goals: 0/5 | Reason: Invalid Goal
[Reset] Env 19: Alice phase @ step 250/250 | Goals: 0/5 | Reason: Invalid Goal
[Reset] Env 20: Alice phase @ step 250/250 | Goals: 0/5 | Reason: Invalid Goal
[Reset] Env 21: Alice phase @ step 250/250 | Goals: 0/5 | Reason: Invalid Goal
[Reset] Env 22: Alice phase @ step 250/250 | Goals: 0/5 | Reason: Invalid Goal
[Reset] Env 23: Alice phase @ step 250/250 | Goals: 0/5 | Reason: Invalid Goal
[Reset] Env 24: Alice phase @ step 250/250 | Goals: 0/5 | Reason: Invalid Goal
[Reset] Resetting objects to SAFE pose for 25 envs
[Reset] Resetting ROBOT joints for 25 envs
Update Alice: Iter 2

============================================================
ALICE UPDATE 2
============================================================
  Rewards:     mean=-1.0000 | min=0.0000 | max=0.0000
  Losses:      value=0.0283 | surrogate=1.7748
  Outcomes:    9 episodes buffered
============================================================

Update Alice: Iter 3

============================================================
ALICE UPDATE 3
============================================================
  Rewards:     mean=-1.0000 | min=0.0000 | max=0.0000
  Losses:      value=0.0170 | surrogate=2.0012
  Outcomes:    9 episodes buffered
============================================================

Update Alice: Iter 4

============================================================
ALICE UPDATE 4
============================================================
  Rewards:     mean=-1.0000 | min=0.0000 | max=0.0000
  Losses:      value=0.0122 | surrogate=2.2656
  Outcomes:    9 episodes buffered
============================================================

[Phase] Env 14: Alice→Bob | Valid Goal | Moved: 0.060m
[Phase] Env 0: Alice Failed | Moved: 0.027m < 0.01m threshold
[Phase] Env 14: Alice→Bob | Goal 1/5 | Alice completed 250/250 steps
[Reset] Alice->Bob Transition: Resetting Objects (Initial) & Robot (Default) for 1 envs
[Reset] Resetting ROBOT joints for 1 envs
[Reset] Env 0: Alice phase @ step 250/250 | Goals: 0/5 | Reason: Invalid Goal
[Reset] Env 1: Alice phase @ step 250/250 | Goals: 0/5 | Reason: Invalid Goal
[Reset] Env 2: Alice phase @ step 250/250 | Goals: 0/5 | Reason: Invalid Goal
[Reset] Env 3: Alice phase @ step 250/250 | Goals: 0/5 | Reason: Invalid Goal
[Reset] Env 4: Alice phase @ step 250/250 | Goals: 0/5 | Reason: Invalid Goal
[Reset] Env 5: Alice phase @ step 250/250 | Goals: 0/5 | Reason: Invalid Goal
[Reset] Env 6: Alice phase @ step 250/250 | Goals: 0/5 | Reason: Invalid Goal
[Reset] Env 7: Alice phase @ step 250/250 | Goals: 0/5 | Reason: Invalid Goal
[Reset] Env 8: Alice phase @ step 250/250 | Goals: 0/5 | Reason: Invalid Goal
[Reset] Env 9: Alice phase @ step 250/250 | Goals: 0/5 | Reason: Invalid Goal
[Reset] Env 10: Alice phase @ step 250/250 | Goals: 0/5 | Reason: Invalid Goal
[Reset] Env 11: Alice phase @ step 250/250 | Goals: 0/5 | Reason: Invalid Goal
[Reset] Env 12: Alice phase @ step 250/250 | Goals: 0/5 | Reason: Invalid Goal
[Reset] Env 13: Alice phase @ step 250/250 | Goals: 0/5 | Reason: Invalid Goal
[Reset] Env 15: Alice phase @ step 250/250 | Goals: 0/5 | Reason: Invalid Goal
[Reset] Env 16: Alice phase @ step 250/250 | Goals: 0/5 | Reason: Invalid Goal
[Reset] Env 17: Alice phase @ step 250/250 | Goals: 0/5 | Reason: Invalid Goal
[Reset] Env 18: Alice phase @ step 250/250 | Goals: 0/5 | Reason: Invalid Goal
[Reset] Env 19: Alice phase @ step 250/250 | Goals: 0/5 | Reason: Invalid Goal
[Reset] Env 20: Alice phase @ step 250/250 | Goals: 0/5 | Reason: Invalid Goal
[Reset] Env 21: Alice phase @ step 250/250 | Goals: 0/5 | Reason: Invalid Goal
[Reset] Env 22: Alice phase @ step 250/250 | Goals: 0/5 | Reason: Invalid Goal
[Reset] Env 23: Alice phase @ step 250/250 | Goals: 0/5 | Reason: Invalid Goal
[Reset] Env 24: Alice phase @ step 250/250 | Goals: 0/5 | Reason: Invalid Goal
[Reset] Resetting objects to SAFE pose for 24 envs
[Reset] Resetting ROBOT joints for 24 envs
Update Alice: Iter 5

============================================================
ALICE UPDATE 5
============================================================
  Rewards:     mean=-1.0000 | min=0.0000 | max=0.0000
  Losses:      value=0.0091 | surrogate=2.3193
  Outcomes:    9 episodes buffered
============================================================

Update Alice: Iter 6

============================================================
ALICE UPDATE 6
============================================================
  Rewards:     mean=-1.0000 | min=0.0000 | max=0.0000
  Losses:      value=0.0086 | surrogate=2.4159
  Outcomes:    9 episodes buffered
============================================================

Update Alice: Iter 7

============================================================
ALICE UPDATE 7
============================================================
  Rewards:     mean=-1.0000 | min=0.0000 | max=0.0000
  Losses:      value=0.0059 | surrogate=2.4550
  Outcomes:    9 episodes buffered
============================================================

[Phase] Env 0: Alice Failed | Moved: 0.027m < 0.01m threshold
[Reset] Env 0: Alice phase @ step 250/250 | Goals: 0/5 | Reason: Invalid Goal
[Reset] Env 1: Alice phase @ step 250/250 | Goals: 0/5 | Reason: Invalid Goal
[Reset] Env 2: Alice phase @ step 250/250 | Goals: 0/5 | Reason: Invalid Goal
[Reset] Env 3: Alice phase @ step 250/250 | Goals: 0/5 | Reason: Invalid Goal
[Reset] Env 4: Alice phase @ step 250/250 | Goals: 0/5 | Reason: Invalid Goal
[Reset] Env 5: Alice phase @ step 250/250 | Goals: 0/5 | Reason: Invalid Goal
[Reset] Env 6: Alice phase @ step 250/250 | Goals: 0/5 | Reason: Invalid Goal
[Reset] Env 7: Alice phase @ step 250/250 | Goals: 0/5 | Reason: Invalid Goal
[Reset] Env 8: Alice phase @ step 250/250 | Goals: 0/5 | Reason: Invalid Goal
[Reset] Env 9: Alice phase @ step 250/250 | Goals: 0/5 | Reason: Invalid Goal
[Reset] Env 10: Alice phase @ step 250/250 | Goals: 0/5 | Reason: Invalid Goal
[Reset] Env 11: Alice phase @ step 250/250 | Goals: 0/5 | Reason: Invalid Goal
[Reset] Env 12: Alice phase @ step 250/250 | Goals: 0/5 | Reason: Invalid Goal
[Reset] Env 13: Alice phase @ step 250/250 | Goals: 0/5 | Reason: Invalid Goal
[Reset] Env 15: Alice phase @ step 250/250 | Goals: 0/5 | Reason: Invalid Goal
[Reset] Env 16: Alice phase @ step 250/250 | Goals: 0/5 | Reason: Invalid Goal
[Reset] Env 17: Alice phase @ step 250/250 | Goals: 0/5 | Reason: Invalid Goal
[Reset] Env 18: Alice phase @ step 250/250 | Goals: 0/5 | Reason: Invalid Goal
[Reset] Env 19: Alice phase @ step 250/250 | Goals: 0/5 | Reason: Invalid Goal
[Reset] Env 20: Alice phase @ step 250/250 | Goals: 0/5 | Reason: Invalid Goal
[Reset] Env 21: Alice phase @ step 250/250 | Goals: 0/5 | Reason: Invalid Goal
[Reset] Env 22: Alice phase @ step 250/250 | Goals: 0/5 | Reason: Invalid Goal
[Reset] Env 23: Alice phase @ step 250/250 | Goals: 0/5 | Reason: Invalid Goal
[Reset] Env 24: Alice phase @ step 250/250 | Goals: 0/5 | Reason: Invalid Goal
[Reset] Resetting objects to SAFE pose for 24 envs
[Reset] Resetting ROBOT joints for 24 envs
Update Alice: Iter 8

============================================================
ALICE UPDATE 8
============================================================
  Rewards:     mean=-1.0000 | min=0.0000 | max=0.0000
  Losses:      value=0.0057 | surrogate=2.3755
  Outcomes:    9 episodes buffered
============================================================

Update Alice: Iter 9

============================================================
ALICE UPDATE 9
============================================================
  Rewards:     mean=-1.0000 | min=0.0000 | max=0.0000
  Losses:      value=0.0047 | surrogate=2.2975
  Outcomes:    9 episodes buffered
============================================================

[Phase] Env 15: Alice→Bob | Valid Goal | Moved: 0.117m
[Phase] Env 0: Alice Failed | Moved: 0.027m < 0.01m threshold
[Phase] Env 15: Alice→Bob | Goal 1/5 | Alice completed 250/250 steps
[Reset] Alice->Bob Transition: Resetting Objects (Initial) & Robot (Default) for 1 envs
[Reset] Resetting ROBOT joints for 1 envs
[Reset] Env 0: Alice phase @ step 250/250 | Goals: 0/5 | Reason: Invalid Goal
[Reset] Env 1: Alice phase @ step 250/250 | Goals: 0/5 | Reason: Invalid Goal
[Reset] Env 2: Alice phase @ step 250/250 | Goals: 0/5 | Reason: Invalid Goal
[Reset] Env 3: Alice phase @ step 250/250 | Goals: 0/5 | Reason: Invalid Goal
[Reset] Env 4: Alice phase @ step 250/250 | Goals: 0/5 | Reason: Invalid Goal
[Reset] Env 5: Alice phase @ step 250/250 | Goals: 0/5 | Reason: Invalid Goal
[Reset] Env 6: Alice phase @ step 250/250 | Goals: 0/5 | Reason: Invalid Goal
[Reset] Env 7: Alice phase @ step 250/250 | Goals: 0/5 | Reason: Invalid Goal
[Reset] Env 8: Alice phase @ step 250/250 | Goals: 0/5 | Reason: Invalid Goal
[Reset] Env 9: Alice phase @ step 250/250 | Goals: 0/5 | Reason: Invalid Goal
[Reset] Env 10: Alice phase @ step 250/250 | Goals: 0/5 | Reason: Invalid Goal
[Reset] Env 11: Alice phase @ step 250/250 | Goals: 0/5 | Reason: Invalid Goal
[Reset] Env 12: Alice phase @ step 250/250 | Goals: 0/5 | Reason: Invalid Goal
[Reset] Env 13: Alice phase @ step 250/250 | Goals: 0/5 | Reason: Invalid Goal
[Reset] Env 16: Alice phase @ step 250/250 | Goals: 0/5 | Reason: Invalid Goal
[Reset] Env 17: Alice phase @ step 250/250 | Goals: 0/5 | Reason: Invalid Goal
[Reset] Env 18: Alice phase @ step 250/250 | Goals: 0/5 | Reason: Invalid Goal
[Reset] Env 19: Alice phase @ step 250/250 | Goals: 0/5 | Reason: Invalid Goal
[Reset] Env 20: Alice phase @ step 250/250 | Goals: 0/5 | Reason: Invalid Goal
[Reset] Env 21: Alice phase @ step 250/250 | Goals: 0/5 | Reason: Invalid Goal
[Reset] Env 22: Alice phase @ step 250/250 | Goals: 0/5 | Reason: Invalid Goal
[Reset] Env 23: Alice phase @ step 250/250 | Goals: 0/5 | Reason: Invalid Goal
[Reset] Env 24: Alice phase @ step 250/250 | Goals: 0/5 | Reason: Invalid Goal
[Reset] Resetting objects to SAFE pose for 23 envs
[Reset] Resetting ROBOT joints for 23 envs
Update Alice: Iter 10

============================================================
ALICE UPDATE 10
============================================================
  Rewards:     mean=-1.0000 | min=0.0000 | max=0.0000
  Losses:      value=0.0159 | surrogate=2.3450
  Outcomes:    9 episodes buffered
============================================================

Update Alice: Iter 11

============================================================
ALICE UPDATE 11
============================================================
  Rewards:     mean=-1.0000 | min=0.0000 | max=0.0000
  Losses:      value=0.0058 | surrogate=2.4340
  Outcomes:    9 episodes buffered
============================================================

Update Alice: Iter 12

============================================================
ALICE UPDATE 12
============================================================
  Rewards:     mean=-1.0000 | min=0.0000 | max=0.0000
  Losses:      value=0.0026 | surrogate=2.4459
  Outcomes:    9 episodes buffered
============================================================

[Phase] Env 14: Bob FAILURE | Steps: 600/600
[Reset] Env 14: Bob phase @ step 600/600 | Goals: 1/5 | Reason: Bob Failed (or Max Goals)
[Reset] Resetting objects to SAFE pose for 1 envs
[Reset] Resetting ROBOT joints for 1 envs
[Phase] Env 0: Alice Failed | Moved: 0.027m < 0.01m threshold
[Reset] Env 0: Alice phase @ step 250/250 | Goals: 0/5 | Reason: Invalid Goal
[Reset] Env 1: Alice phase @ step 250/250 | Goals: 0/5 | Reason: Invalid Goal
[Reset] Env 2: Alice phase @ step 250/250 | Goals: 0/5 | Reason: Invalid Goal
[Reset] Env 3: Alice phase @ step 250/250 | Goals: 0/5 | Reason: Invalid Goal
[Reset] Env 4: Alice phase @ step 250/250 | Goals: 0/5 | Reason: Invalid Goal
[Reset] Env 5: Alice phase @ step 250/250 | Goals: 0/5 | Reason: Invalid Goal
[Reset] Env 6: Alice phase @ step 250/250 | Goals: 0/5 | Reason: Invalid Goal
[Reset] Env 7: Alice phase @ step 250/250 | Goals: 0/5 | Reason: Invalid Goal
[Reset] Env 8: Alice phase @ step 250/250 | Goals: 0/5 | Reason: Invalid Goal
[Reset] Env 9: Alice phase @ step 250/250 | Goals: 0/5 | Reason: Invalid Goal
[Reset] Env 10: Alice phase @ step 250/250 | Goals: 0/5 | Reason: Invalid Goal
[Reset] Env 11: Alice phase @ step 250/250 | Goals: 0/5 | Reason: Invalid Goal
[Reset] Env 12: Alice phase @ step 250/250 | Goals: 0/5 | Reason: Invalid Goal
[Reset] Env 13: Alice phase @ step 250/250 | Goals: 0/5 | Reason: Invalid Goal
[Reset] Env 16: Alice phase @ step 250/250 | Goals: 0/5 | Reason: Invalid Goal
[Reset] Env 17: Alice phase @ step 250/250 | Goals: 0/5 | Reason: Invalid Goal
[Reset] Env 18: Alice phase @ step 250/250 | Goals: 0/5 | Reason: Invalid Goal
[Reset] Env 19: Alice phase @ step 250/250 | Goals: 0/5 | Reason: Invalid Goal
[Reset] Env 20: Alice phase @ step 250/250 | Goals: 0/5 | Reason: Invalid Goal
[Reset] Env 21: Alice phase @ step 250/250 | Goals: 0/5 | Reason: Invalid Goal
[Reset] Env 22: Alice phase @ step 250/250 | Goals: 0/5 | Reason: Invalid Goal
[Reset] Env 23: Alice phase @ step 250/250 | Goals: 0/5 | Reason: Invalid Goal
[Reset] Env 24: Alice phase @ step 250/250 | Goals: 0/5 | Reason: Invalid Goal
[Reset] Resetting objects to SAFE pose for 23 envs
[Reset] Resetting ROBOT joints for 23 envs
Update Alice: Iter 13

============================================================
ALICE UPDATE 13
============================================================
  Rewards:     mean=-0.2222 | min=0.0000 | max=0.0000
  Losses:      value=0.1870 | surrogate=0.2830
  Outcomes:    9 episodes buffered
============================================================

Update Alice: Iter 14

============================================================
ALICE UPDATE 14
============================================================
  Rewards:     mean=-1.0000 | min=0.0000 | max=0.0000
  Losses:      value=0.0067 | surrogate=1.7087
  Outcomes:    9 episodes buffered
============================================================

Update Alice: Iter 15

============================================================
ALICE UPDATE 15
============================================================
  Rewards:     mean=-1.0000 | min=0.0000 | max=0.0000
  Losses:      value=0.0046 | surrogate=1.5044
  Outcomes:    9 episodes buffered
============================================================

[Phase] Env 14: Alice Failed | Moved: 0.027m < 0.01m threshold
[Reset] Env 14: Alice phase @ step 250/250 | Goals: 0/5 | Reason: Invalid Goal
[Reset] Resetting objects to SAFE pose for 1 envs
[Reset] Resetting ROBOT joints for 1 envs
[Phase] Env 0: Alice Failed | Moved: 0.027m < 0.01m threshold
[Reset] Env 0: Alice phase @ step 250/250 | Goals: 0/5 | Reason: Invalid Goal
[Reset] Env 1: Alice phase @ step 250/250 | Goals: 0/5 | Reason: Invalid Goal
[Reset] Env 2: Alice phase @ step 250/250 | Goals: 0/5 | Reason: Invalid Goal
[Reset] Env 3: Alice phase @ step 250/250 | Goals: 0/5 | Reason: Invalid Goal
[Reset] Env 4: Alice phase @ step 250/250 | Goals: 0/5 | Reason: Invalid Goal
[Reset] Env 5: Alice phase @ step 250/250 | Goals: 0/5 | Reason: Invalid Goal
[Reset] Env 6: Alice phase @ step 250/250 | Goals: 0/5 | Reason: Invalid Goal
[Reset] Env 7: Alice phase @ step 250/250 | Goals: 0/5 | Reason: Invalid Goal
[Reset] Env 8: Alice phase @ step 250/250 | Goals: 0/5 | Reason: Invalid Goal
[Reset] Env 9: Alice phase @ step 250/250 | Goals: 0/5 | Reason: Invalid Goal
[Reset] Env 10: Alice phase @ step 250/250 | Goals: 0/5 | Reason: Invalid Goal
[Reset] Env 11: Alice phase @ step 250/250 | Goals: 0/5 | Reason: Invalid Goal
[Reset] Env 12: Alice phase @ step 250/250 | Goals: 0/5 | Reason: Invalid Goal
[Reset] Env 13: Alice phase @ step 250/250 | Goals: 0/5 | Reason: Invalid Goal
[Reset] Env 16: Alice phase @ step 250/250 | Goals: 0/5 | Reason: Invalid Goal
[Reset] Env 17: Alice phase @ step 250/250 | Goals: 0/5 | Reason: Invalid Goal
[Reset] Env 18: Alice phase @ step 250/250 | Goals: 0/5 | Reason: Invalid Goal
[Reset] Env 19: Alice phase @ step 250/250 | Goals: 0/5 | Reason: Invalid Goal
[Reset] Env 20: Alice phase @ step 250/250 | Goals: 0/5 | Reason: Invalid Goal
[Reset] Env 21: Alice phase @ step 250/250 | Goals: 0/5 | Reason: Invalid Goal
[Reset] Env 22: Alice phase @ step 250/250 | Goals: 0/5 | Reason: Invalid Goal
[Reset] Env 23: Alice phase @ step 250/250 | Goals: 0/5 | Reason: Invalid Goal
[Reset] Env 24: Alice phase @ step 250/250 | Goals: 0/5 | Reason: Invalid Goal
[Reset] Resetting objects to SAFE pose for 23 envs
[Reset] Resetting ROBOT joints for 23 envs
Update Alice: Iter 16

============================================================
ALICE UPDATE 16
============================================================
  Rewards:     mean=-1.0000 | min=0.0000 | max=0.0000
  Losses:      value=0.0043 | surrogate=1.8652
  Outcomes:    9 episodes buffered
============================================================

Update Alice: Iter 17

============================================================
ALICE UPDATE 17
============================================================
  Rewards:     mean=-1.0000 | min=0.0000 | max=0.0000
  Losses:      value=0.0025 | surrogate=1.4164
  Outcomes:    9 episodes buffered
============================================================

[Phase] Env 14: Alice Failed | Moved: 0.027m < 0.01m threshold
[Reset] Env 14: Alice phase @ step 250/250 | Goals: 0/5 | Reason: Invalid Goal
[Reset] Resetting objects to SAFE pose for 1 envs
[Reset] Resetting ROBOT joints for 1 envs
[Phase] Env 15: Bob FAILURE | Steps: 600/600
[Reset] Env 15: Bob phase @ step 600/600 | Goals: 1/5 | Reason: Bob Failed (or Max Goals)
[Reset] Resetting objects to SAFE pose for 1 envs
[Reset] Resetting ROBOT joints for 1 envs
Update Alice: Iter 18

============================================================
ALICE UPDATE 18
============================================================
  Rewards:     mean=-0.2222 | min=0.0000 | max=0.0000
  Losses:      value=0.0641 | surrogate=0.1484
  Outcomes:    9 episodes buffered
============================================================

[Phase] Env 0: Alice Failed | Moved: 0.027m < 0.01m threshold
[Reset] Env 0: Alice phase @ step 250/250 | Goals: 0/5 | Reason: Invalid Goal
[Reset] Env 1: Alice phase @ step 250/250 | Goals: 0/5 | Reason: Invalid Goal
[Reset] Env 2: Alice phase @ step 250/250 | Goals: 0/5 | Reason: Invalid Goal
[Reset] Env 3: Alice phase @ step 250/250 | Goals: 0/5 | Reason: Invalid Goal
[Reset] Env 4: Alice phase @ step 250/250 | Goals: 0/5 | Reason: Invalid Goal
[Reset] Env 5: Alice phase @ step 250/250 | Goals: 0/5 | Reason: Invalid Goal
[Reset] Env 6: Alice phase @ step 250/250 | Goals: 0/5 | Reason: Invalid Goal
[Reset] Env 7: Alice phase @ step 250/250 | Goals: 0/5 | Reason: Invalid Goal
[Reset] Env 8: Alice phase @ step 250/250 | Goals: 0/5 | Reason: Invalid Goal
[Reset] Env 9: Alice phase @ step 250/250 | Goals: 0/5 | Reason: Invalid Goal
[Reset] Env 10: Alice phase @ step 250/250 | Goals: 0/5 | Reason: Invalid Goal
[Reset] Env 11: Alice phase @ step 250/250 | Goals: 0/5 | Reason: Invalid Goal
[Reset] Env 12: Alice phase @ step 250/250 | Goals: 0/5 | Reason: Invalid Goal
[Reset] Env 13: Alice phase @ step 250/250 | Goals: 0/5 | Reason: Invalid Goal
[Reset] Env 16: Alice phase @ step 250/250 | Goals: 0/5 | Reason: Invalid Goal
[Reset] Env 17: Alice phase @ step 250/250 | Goals: 0/5 | Reason: Invalid Goal
[Reset] Env 18: Alice phase @ step 250/250 | Goals: 0/5 | Reason: Invalid Goal
[Reset] Env 19: Alice phase @ step 250/250 | Goals: 0/5 | Reason: Invalid Goal
[Reset] Env 20: Alice phase @ step 250/250 | Goals: 0/5 | Reason: Invalid Goal
[Reset] Env 21: Alice phase @ step 250/250 | Goals: 0/5 | Reason: Invalid Goal
[Reset] Env 22: Alice phase @ step 250/250 | Goals: 0/5 | Reason: Invalid Goal
[Reset] Env 23: Alice phase @ step 250/250 | Goals: 0/5 | Reason: Invalid Goal
[Reset] Env 24: Alice phase @ step 250/250 | Goals: 0/5 | Reason: Invalid Goal
[Reset] Resetting objects to SAFE pose for 23 envs
[Reset] Resetting ROBOT joints for 23 envs
Update Alice: Iter 19

============================================================
ALICE UPDATE 19
============================================================
  Rewards:     mean=-1.0000 | min=0.0000 | max=0.0000
  Losses:      value=0.0113 | surrogate=1.4263
  Outcomes:    9 episodes buffered
============================================================

Update Alice: Iter 20

============================================================
ALICE UPDATE 20
============================================================
  Rewards:     mean=-1.0000 | min=0.0000 | max=0.0000
  Losses:      value=0.0075 | surrogate=1.2383
  Outcomes:    9 episodes buffered
============================================================

[Phase] Env 14: Alice Failed | Moved: 0.027m < 0.01m threshold
[Reset] Env 14: Alice phase @ step 250/250 | Goals: 0/5 | Reason: Invalid Goal
[Reset] Env 15: Alice phase @ step 250/250 | Goals: 0/5 | Reason: Invalid Goal
[Reset] Resetting objects to SAFE pose for 2 envs
[Reset] Resetting ROBOT joints for 2 envs
[Phase] Env 0: Alice Failed | Moved: 0.027m < 0.01m threshold
[Reset] Env 0: Alice phase @ step 250/250 | Goals: 0/5 | Reason: Invalid Goal
[Reset] Env 1: Alice phase @ step 250/250 | Goals: 0/5 | Reason: Invalid Goal
[Reset] Env 2: Alice phase @ step 250/250 | Goals: 0/5 | Reason: Invalid Goal
[Reset] Env 3: Alice phase @ step 250/250 | Goals: 0/5 | Reason: Invalid Goal
[Reset] Env 4: Alice phase @ step 250/250 | Goals: 0/5 | Reason: Invalid Goal
[Reset] Env 5: Alice phase @ step 250/250 | Goals: 0/5 | Reason: Invalid Goal
[Reset] Env 6: Alice phase @ step 250/250 | Goals: 0/5 | Reason: Invalid Goal
[Reset] Env 7: Alice phase @ step 250/250 | Goals: 0/5 | Reason: Invalid Goal
[Reset] Env 8: Alice phase @ step 250/250 | Goals: 0/5 | Reason: Invalid Goal
[Reset] Env 9: Alice phase @ step 250/250 | Goals: 0/5 | Reason: Invalid Goal
[Reset] Env 10: Alice phase @ step 250/250 | Goals: 0/5 | Reason: Invalid Goal
[Reset] Env 11: Alice phase @ step 250/250 | Goals: 0/5 | Reason: Invalid Goal
[Reset] Env 12: Alice phase @ step 250/250 | Goals: 0/5 | Reason: Invalid Goal
[Reset] Env 13: Alice phase @ step 250/250 | Goals: 0/5 | Reason: Invalid Goal
[Reset] Env 16: Alice phase @ step 250/250 | Goals: 0/5 | Reason: Invalid Goal
[Reset] Env 17: Alice phase @ step 250/250 | Goals: 0/5 | Reason: Invalid Goal
[Reset] Env 18: Alice phase @ step 250/250 | Goals: 0/5 | Reason: Invalid Goal
[Reset] Env 19: Alice phase @ step 250/250 | Goals: 0/5 | Reason: Invalid Goal
[Reset] Env 20: Alice phase @ step 250/250 | Goals: 0/5 | Reason: Invalid Goal
[Reset] Env 21: Alice phase @ step 250/250 | Goals: 0/5 | Reason: Invalid Goal
[Reset] Env 22: Alice phase @ step 250/250 | Goals: 0/5 | Reason: Invalid Goal
[Reset] Env 23: Alice phase @ step 250/250 | Goals: 0/5 | Reason: Invalid Goal
[Reset] Env 24: Alice phase @ step 250/250 | Goals: 0/5 | Reason: Invalid Goal
[Reset] Resetting objects to SAFE pose for 23 envs
[Reset] Resetting ROBOT joints for 23 envs
Update Alice: Iter 21

============================================================
ALICE UPDATE 21
============================================================
  Rewards:     mean=-1.0000 | min=0.0000 | max=0.0000
  Losses:      value=0.0030 | surrogate=1.2220
  Outcomes:    9 episodes buffered
============================================================

Update Alice: Iter 22

============================================================
ALICE UPDATE 22
============================================================
  Rewards:     mean=-1.0000 | min=0.0000 | max=0.0000
  Losses:      value=0.0033 | surrogate=1.2684
  Outcomes:    9 episodes buffered
============================================================

Update Alice: Iter 23

============================================================
ALICE UPDATE 23
============================================================
  Rewards:     mean=-1.0000 | min=0.0000 | max=0.0000
  Losses:      value=0.0018 | surrogate=1.7195
  Outcomes:    9 episodes buffered
============================================================

[Phase] Env 14: Alice Failed | Moved: 0.027m < 0.01m threshold
[Reset] Env 14: Alice phase @ step 250/250 | Goals: 0/5 | Reason: Invalid Goal
[Reset] Env 15: Alice phase @ step 250/250 | Goals: 0/5 | Reason: Invalid Goal
[Reset] Resetting objects to SAFE pose for 2 envs
[Reset] Resetting ROBOT joints for 2 envs
[Phase] Env 0: Alice Failed | Moved: 0.027m < 0.01m threshold
[Reset] Env 0: Alice phase @ step 250/250 | Goals: 0/5 | Reason: Invalid Goal
[Reset] Env 1: Alice phase @ step 250/250 | Goals: 0/5 | Reason: Invalid Goal
[Reset] Env 2: Alice phase @ step 250/250 | Goals: 0/5 | Reason: Invalid Goal
[Reset] Env 3: Alice phase @ step 250/250 | Goals: 0/5 | Reason: Invalid Goal
[Reset] Env 4: Alice phase @ step 250/250 | Goals: 0/5 | Reason: Invalid Goal
[Reset] Env 5: Alice phase @ step 250/250 | Goals: 0/5 | Reason: Invalid Goal
[Reset] Env 6: Alice phase @ step 250/250 | Goals: 0/5 | Reason: Invalid Goal
[Reset] Env 7: Alice phase @ step 250/250 | Goals: 0/5 | Reason: Invalid Goal
[Reset] Env 8: Alice phase @ step 250/250 | Goals: 0/5 | Reason: Invalid Goal
[Reset] Env 9: Alice phase @ step 250/250 | Goals: 0/5 | Reason: Invalid Goal
[Reset] Env 10: Alice phase @ step 250/250 | Goals: 0/5 | Reason: Invalid Goal
[Reset] Env 11: Alice phase @ step 250/250 | Goals: 0/5 | Reason: Invalid Goal
[Reset] Env 12: Alice phase @ step 250/250 | Goals: 0/5 | Reason: Invalid Goal
[Reset] Env 13: Alice phase @ step 250/250 | Goals: 0/5 | Reason: Invalid Goal
[Reset] Env 16: Alice phase @ step 250/250 | Goals: 0/5 | Reason: Invalid Goal
[Reset] Env 17: Alice phase @ step 250/250 | Goals: 0/5 | Reason: Invalid Goal
[Reset] Env 18: Alice phase @ step 250/250 | Goals: 0/5 | Reason: Invalid Goal
[Reset] Env 19: Alice phase @ step 250/250 | Goals: 0/5 | Reason: Invalid Goal
[Reset] Env 20: Alice phase @ step 250/250 | Goals: 0/5 | Reason: Invalid Goal
[Reset] Env 21: Alice phase @ step 250/250 | Goals: 0/5 | Reason: Invalid Goal
[Reset] Env 22: Alice phase @ step 250/250 | Goals: 0/5 | Reason: Invalid Goal
[Reset] Env 23: Alice phase @ step 250/250 | Goals: 0/5 | Reason: Invalid Goal
[Reset] Env 24: Alice phase @ step 250/250 | Goals: 0/5 | Reason: Invalid Goal
[Reset] Resetting objects to SAFE pose for 23 envs
[Reset] Resetting ROBOT joints for 23 envs
Update Alice: Iter 24

============================================================
ALICE UPDATE 24
============================================================
  Rewards:     mean=-1.0000 | min=0.0000 | max=0.0000
  Losses:      value=0.0035 | surrogate=1.5704
  Outcomes:    9 episodes buffered
============================================================

Update Alice: Iter 25

============================================================
ALICE UPDATE 25
============================================================
  Rewards:     mean=-1.0000 | min=0.0000 | max=0.0000
  Losses:      value=0.0011 | surrogate=1.1373
  Outcomes:    9 episodes buffered
============================================================

Update Alice: Iter 26

============================================================
ALICE UPDATE 26
============================================================
  Rewards:     mean=-1.0000 | min=0.0000 | max=0.0000
  Losses:      value=0.0003 | surrogate=1.1703
  Outcomes:    9 episodes buffered
============================================================

[Phase] Env 14: Alice Failed | Moved: 0.027m < 0.01m threshold
[Reset] Env 14: Alice phase @ step 250/250 | Goals: 0/5 | Reason: Invalid Goal
[Reset] Env 15: Alice phase @ step 250/250 | Goals: 0/5 | Reason: Invalid Goal
[Reset] Resetting objects to SAFE pose for 2 envs
[Reset] Resetting ROBOT joints for 2 envs
[Phase] Env 0: Alice Failed | Moved: 0.027m < 0.01m threshold
[Reset] Env 0: Alice phase @ step 250/250 | Goals: 0/5 | Reason: Invalid Goal
[Reset] Env 1: Alice phase @ step 250/250 | Goals: 0/5 | Reason: Invalid Goal
[Reset] Env 2: Alice phase @ step 250/250 | Goals: 0/5 | Reason: Invalid Goal
[Reset] Env 3: Alice phase @ step 250/250 | Goals: 0/5 | Reason: Invalid Goal
[Reset] Env 4: Alice phase @ step 250/250 | Goals: 0/5 | Reason: Invalid Goal
[Reset] Env 5: Alice phase @ step 250/250 | Goals: 0/5 | Reason: Invalid Goal
[Reset] Env 6: Alice phase @ step 250/250 | Goals: 0/5 | Reason: Invalid Goal
[Reset] Env 7: Alice phase @ step 250/250 | Goals: 0/5 | Reason: Invalid Goal
[Reset] Env 8: Alice phase @ step 250/250 | Goals: 0/5 | Reason: Invalid Goal
[Reset] Env 9: Alice phase @ step 250/250 | Goals: 0/5 | Reason: Invalid Goal
[Reset] Env 10: Alice phase @ step 250/250 | Goals: 0/5 | Reason: Invalid Goal
[Reset] Env 11: Alice phase @ step 250/250 | Goals: 0/5 | Reason: Invalid Goal
[Reset] Env 12: Alice phase @ step 250/250 | Goals: 0/5 | Reason: Invalid Goal
[Reset] Env 13: Alice phase @ step 250/250 | Goals: 0/5 | Reason: Invalid Goal
[Reset] Env 16: Alice phase @ step 250/250 | Goals: 0/5 | Reason: Invalid Goal
[Reset] Env 17: Alice phase @ step 250/250 | Goals: 0/5 | Reason: Invalid Goal
[Reset] Env 18: Alice phase @ step 250/250 | Goals: 0/5 | Reason: Invalid Goal
[Reset] Env 19: Alice phase @ step 250/250 | Goals: 0/5 | Reason: Invalid Goal
[Reset] Env 20: Alice phase @ step 250/250 | Goals: 0/5 | Reason: Invalid Goal
[Reset] Env 21: Alice phase @ step 250/250 | Goals: 0/5 | Reason: Invalid Goal
[Reset] Env 22: Alice phase @ step 250/250 | Goals: 0/5 | Reason: Invalid Goal
[Reset] Env 23: Alice phase @ step 250/250 | Goals: 0/5 | Reason: Invalid Goal
[Reset] Env 24: Alice phase @ step 250/250 | Goals: 0/5 | Reason: Invalid Goal
[Reset] Resetting objects to SAFE pose for 23 envs
[Reset] Resetting ROBOT joints for 23 envs
Update Alice: Iter 27

============================================================
ALICE UPDATE 27
============================================================
  Rewards:     mean=-1.0000 | min=0.0000 | max=0.0000
  Losses:      value=0.0004 | surrogate=1.2617
  Outcomes:    9 episodes buffered
============================================================

Update Alice: Iter 28

============================================================
ALICE UPDATE 28
============================================================
  Rewards:     mean=-1.0000 | min=0.0000 | max=0.0000
  Losses:      value=0.0004 | surrogate=1.2481
  Outcomes:    9 episodes buffered
============================================================

[Phase] Env 14: Alice Failed | Moved: 0.027m < 0.01m threshold
[Reset] Env 14: Alice phase @ step 250/250 | Goals: 0/5 | Reason: Invalid Goal
[Reset] Env 15: Alice phase @ step 250/250 | Goals: 0/5 | Reason: Invalid Goal
[Reset] Resetting objects to SAFE pose for 2 envs
[Reset] Resetting ROBOT joints for 2 envs
Update Alice: Iter 29

============================================================
ALICE UPDATE 29
============================================================
  Rewards:     mean=-1.0000 | min=0.0000 | max=0.0000
  Losses:      value=0.0004 | surrogate=1.0678
  Outcomes:    9 episodes buffered
============================================================

[Phase] Env 0: Alice Failed | Moved: 0.027m < 0.01m threshold
[Reset] Env 0: Alice phase @ step 250/250 | Goals: 0/5 | Reason: Invalid Goal
[Reset] Env 1: Alice phase @ step 250/250 | Goals: 0/5 | Reason: Invalid Goal
[Reset] Env 2: Alice phase @ step 250/250 | Goals: 0/5 | Reason: Invalid Goal
[Reset] Env 3: Alice phase @ step 250/250 | Goals: 0/5 | Reason: Invalid Goal
[Reset] Env 4: Alice phase @ step 250/250 | Goals: 0/5 | Reason: Invalid Goal
[Reset] Env 5: Alice phase @ step 250/250 | Goals: 0/5 | Reason: Invalid Goal
[Reset] Env 6: Alice phase @ step 250/250 | Goals: 0/5 | Reason: Invalid Goal
[Reset] Env 7: Alice phase @ step 250/250 | Goals: 0/5 | Reason: Invalid Goal
[Reset] Env 8: Alice phase @ step 250/250 | Goals: 0/5 | Reason: Invalid Goal
[Reset] Env 9: Alice phase @ step 250/250 | Goals: 0/5 | Reason: Invalid Goal
[Reset] Env 10: Alice phase @ step 250/250 | Goals: 0/5 | Reason: Invalid Goal
[Reset] Env 11: Alice phase @ step 250/250 | Goals: 0/5 | Reason: Invalid Goal
[Reset] Env 12: Alice phase @ step 250/250 | Goals: 0/5 | Reason: Invalid Goal
[Reset] Env 13: Alice phase @ step 250/250 | Goals: 0/5 | Reason: Invalid Goal
[Reset] Env 16: Alice phase @ step 250/250 | Goals: 0/5 | Reason: Invalid Goal
[Reset] Env 17: Alice phase @ step 250/250 | Goals: 0/5 | Reason: Invalid Goal
[Reset] Env 18: Alice phase @ step 250/250 | Goals: 0/5 | Reason: Invalid Goal
[Reset] Env 19: Alice phase @ step 250/250 | Goals: 0/5 | Reason: Invalid Goal
[Reset] Env 20: Alice phase @ step 250/250 | Goals: 0/5 | Reason: Invalid Goal
[Reset] Env 21: Alice phase @ step 250/250 | Goals: 0/5 | Reason: Invalid Goal
[Reset] Env 22: Alice phase @ step 250/250 | Goals: 0/5 | Reason: Invalid Goal
[Reset] Env 23: Alice phase @ step 250/250 | Goals: 0/5 | Reason: Invalid Goal
[Reset] Env 24: Alice phase @ step 250/250 | Goals: 0/5 | Reason: Invalid Goal
[Reset] Resetting objects to SAFE pose for 23 envs
[Reset] Resetting ROBOT joints for 23 envs
Update Alice: Iter 30

============================================================
ALICE UPDATE 30
============================================================
  Rewards:     mean=-1.0000 | min=0.0000 | max=0.0000
  Losses:      value=0.0007 | surrogate=1.2367
  Outcomes:    9 episodes buffered
============================================================

Update Alice: Iter 31

============================================================
ALICE UPDATE 31
============================================================
  Rewards:     mean=-1.0000 | min=0.0000 | max=0.0000
  Losses:      value=0.0022 | surrogate=1.3669
  Outcomes:    9 episodes buffered
============================================================

[Phase] Env 14: Alice Failed | Moved: 0.027m < 0.01m threshold
[Reset] Env 14: Alice phase @ step 250/250 | Goals: 0/5 | Reason: Invalid Goal
[Reset] Env 15: Alice phase @ step 250/250 | Goals: 0/5 | Reason: Invalid Goal
[Reset] Resetting objects to SAFE pose for 2 envs
[Reset] Resetting ROBOT joints for 2 envs
[Phase] Env 10: Alice→Bob | Valid Goal | Moved: 0.063m
[Phase] Env 0: Alice Failed | Moved: 0.027m < 0.01m threshold
[Phase] Env 10: Alice→Bob | Goal 1/5 | Alice completed 250/250 steps
[Reset] Alice->Bob Transition: Resetting Objects (Initial) & Robot (Default) for 1 envs
[Reset] Resetting ROBOT joints for 1 envs
[Reset] Env 0: Alice phase @ step 250/250 | Goals: 0/5 | Reason: Invalid Goal
[Reset] Env 1: Alice phase @ step 250/250 | Goals: 0/5 | Reason: Invalid Goal
[Reset] Env 2: Alice phase @ step 250/250 | Goals: 0/5 | Reason: Invalid Goal
[Reset] Env 3: Alice phase @ step 250/250 | Goals: 0/5 | Reason: Invalid Goal
[Reset] Env 4: Alice phase @ step 250/250 | Goals: 0/5 | Reason: Invalid Goal
[Reset] Env 5: Alice phase @ step 250/250 | Goals: 0/5 | Reason: Invalid Goal
[Reset] Env 6: Alice phase @ step 250/250 | Goals: 0/5 | Reason: Invalid Goal
[Reset] Env 7: Alice phase @ step 250/250 | Goals: 0/5 | Reason: Invalid Goal
[Reset] Env 8: Alice phase @ step 250/250 | Goals: 0/5 | Reason: Invalid Goal
[Reset] Env 9: Alice phase @ step 250/250 | Goals: 0/5 | Reason: Invalid Goal
[Reset] Env 11: Alice phase @ step 250/250 | Goals: 0/5 | Reason: Invalid Goal
[Reset] Env 12: Alice phase @ step 250/250 | Goals: 0/5 | Reason: Invalid Goal
[Reset] Env 13: Alice phase @ step 250/250 | Goals: 0/5 | Reason: Invalid Goal
[Reset] Env 16: Alice phase @ step 250/250 | Goals: 0/5 | Reason: Invalid Goal
[Reset] Env 17: Alice phase @ step 250/250 | Goals: 0/5 | Reason: Invalid Goal
[Reset] Env 18: Alice phase @ step 250/250 | Goals: 0/5 | Reason: Invalid Goal
[Reset] Env 19: Alice phase @ step 250/250 | Goals: 0/5 | Reason: Invalid Goal
[Reset] Env 20: Alice phase @ step 250/250 | Goals: 0/5 | Reason: Invalid Goal
[Reset] Env 21: Alice phase @ step 250/250 | Goals: 0/5 | Reason: Invalid Goal
[Reset] Env 22: Alice phase @ step 250/250 | Goals: 0/5 | Reason: Invalid Goal
[Reset] Env 23: Alice phase @ step 250/250 | Goals: 0/5 | Reason: Invalid Goal
[Reset] Env 24: Alice phase @ step 250/250 | Goals: 0/5 | Reason: Invalid Goal
[Reset] Resetting objects to SAFE pose for 22 envs
[Reset] Resetting ROBOT joints for 22 envs
Update Alice: Iter 32

============================================================
ALICE UPDATE 32
============================================================
  Rewards:     mean=-1.0000 | min=0.0000 | max=0.0000
  Losses:      value=0.0011 | surrogate=1.2238
  Outcomes:    9 episodes buffered
============================================================

Update Alice: Iter 33

============================================================
ALICE UPDATE 33
============================================================
  Rewards:     mean=-1.0000 | min=0.0000 | max=0.0000
  Losses:      value=0.0009 | surrogate=1.2985
  Outcomes:    9 episodes buffered
============================================================

Update Alice: Iter 34

============================================================
ALICE UPDATE 34
============================================================
  Rewards:     mean=-1.0000 | min=0.0000 | max=0.0000
  Losses:      value=0.0005 | surrogate=1.1518
  Outcomes:    9 episodes buffered
============================================================

[Bob Reward] +1.0
[Phase] Env 14: Alice→Bob | Valid Goal | Moved: 0.056m
[Phase] Env 15: Alice Failed | Moved: 0.027m < 0.01m threshold
[Phase] Env 14: Alice→Bob | Goal 1/5 | Alice completed 250/250 steps
[Reset] Alice->Bob Transition: Resetting Objects (Initial) & Robot (Default) for 1 envs
[Reset] Resetting ROBOT joints for 1 envs
[Reset] Env 15: Alice phase @ step 250/250 | Goals: 0/5 | Reason: Invalid Goal
[Reset] Resetting objects to SAFE pose for 1 envs
[Reset] Resetting ROBOT joints for 1 envs
[Bob Reward] +1.0
[Phase] Env 2: Alice→Bob | Valid Goal | Moved: 0.076m
[Phase] Env 0: Alice Failed | Moved: 0.027m < 0.01m threshold
[Phase] Env 2: Alice→Bob | Goal 1/5 | Alice completed 250/250 steps
[Reset] Alice->Bob Transition: Resetting Objects (Initial) & Robot (Default) for 1 envs
[Reset] Resetting ROBOT joints for 1 envs
[Reset] Env 0: Alice phase @ step 250/250 | Goals: 0/5 | Reason: Invalid Goal
[Reset] Env 1: Alice phase @ step 250/250 | Goals: 0/5 | Reason: Invalid Goal
[Reset] Env 3: Alice phase @ step 250/250 | Goals: 0/5 | Reason: Invalid Goal
[Reset] Env 4: Alice phase @ step 250/250 | Goals: 0/5 | Reason: Invalid Goal
[Reset] Env 5: Alice phase @ step 250/250 | Goals: 0/5 | Reason: Invalid Goal
[Reset] Env 6: Alice phase @ step 250/250 | Goals: 0/5 | Reason: Invalid Goal
[Reset] Env 7: Alice phase @ step 250/250 | Goals: 0/5 | Reason: Invalid Goal
[Reset] Env 8: Alice phase @ step 250/250 | Goals: 0/5 | Reason: Invalid Goal
[Reset] Env 9: Alice phase @ step 250/250 | Goals: 0/5 | Reason: Invalid Goal
[Reset] Env 11: Alice phase @ step 250/250 | Goals: 0/5 | Reason: Invalid Goal
[Reset] Env 12: Alice phase @ step 250/250 | Goals: 0/5 | Reason: Invalid Goal
[Reset] Env 13: Alice phase @ step 250/250 | Goals: 0/5 | Reason: Invalid Goal
[Reset] Env 16: Alice phase @ step 250/250 | Goals: 0/5 | Reason: Invalid Goal
[Reset] Env 17: Alice phase @ step 250/250 | Goals: 0/5 | Reason: Invalid Goal
[Reset] Env 18: Alice phase @ step 250/250 | Goals: 0/5 | Reason: Invalid Goal
[Reset] Env 19: Alice phase @ step 250/250 | Goals: 0/5 | Reason: Invalid Goal
[Reset] Env 20: Alice phase @ step 250/250 | Goals: 0/5 | Reason: Invalid Goal
[Reset] Env 21: Alice phase @ step 250/250 | Goals: 0/5 | Reason: Invalid Goal
[Reset] Env 22: Alice phase @ step 250/250 | Goals: 0/5 | Reason: Invalid Goal
[Reset] Env 23: Alice phase @ step 250/250 | Goals: 0/5 | Reason: Invalid Goal
[Reset] Env 24: Alice phase @ step 250/250 | Goals: 0/5 | Reason: Invalid Goal
[Reset] Resetting objects to SAFE pose for 21 envs
[Reset] Resetting ROBOT joints for 21 envs
Update Alice: Iter 35

============================================================
ALICE UPDATE 35
============================================================
  Rewards:     mean=-1.0000 | min=0.0000 | max=0.0000
  Losses:      value=0.0011 | surrogate=1.1310
  Outcomes:    9 episodes buffered
============================================================

Update Alice: Iter 36

============================================================
ALICE UPDATE 36
============================================================
  Rewards:     mean=-1.0000 | min=0.0000 | max=0.0000
  Losses:      value=0.0028 | surrogate=1.3271
  Outcomes:    9 episodes buffered
============================================================

[Phase] Env 15: Alice Failed | Moved: 0.027m < 0.01m threshold
[Reset] Env 15: Alice phase @ step 250/250 | Goals: 0/5 | Reason: Invalid Goal
[Reset] Resetting objects to SAFE pose for 1 envs
[Reset] Resetting ROBOT joints for 1 envs
[Phase] Env 0: Alice Failed | Moved: 0.027m < 0.01m threshold
[Reset] Env 0: Alice phase @ step 250/250 | Goals: 0/5 | Reason: Invalid Goal
[Reset] Env 1: Alice phase @ step 250/250 | Goals: 0/5 | Reason: Invalid Goal
[Reset] Env 3: Alice phase @ step 250/250 | Goals: 0/5 | Reason: Invalid Goal
[Reset] Env 4: Alice phase @ step 250/250 | Goals: 0/5 | Reason: Invalid Goal
[Reset] Env 5: Alice phase @ step 250/250 | Goals: 0/5 | Reason: Invalid Goal
[Reset] Env 6: Alice phase @ step 250/250 | Goals: 0/5 | Reason: Invalid Goal
[Reset] Env 7: Alice phase @ step 250/250 | Goals: 0/5 | Reason: Invalid Goal
[Reset] Env 8: Alice phase @ step 250/250 | Goals: 0/5 | Reason: Invalid Goal
[Reset] Env 9: Alice phase @ step 250/250 | Goals: 0/5 | Reason: Invalid Goal
[Reset] Env 11: Alice phase @ step 250/250 | Goals: 0/5 | Reason: Invalid Goal
[Reset] Env 12: Alice phase @ step 250/250 | Goals: 0/5 | Reason: Invalid Goal
[Reset] Env 13: Alice phase @ step 250/250 | Goals: 0/5 | Reason: Invalid Goal
[Reset] Env 16: Alice phase @ step 250/250 | Goals: 0/5 | Reason: Invalid Goal
[Reset] Env 17: Alice phase @ step 250/250 | Goals: 0/5 | Reason: Invalid Goal
[Reset] Env 18: Alice phase @ step 250/250 | Goals: 0/5 | Reason: Invalid Goal
[Reset] Env 19: Alice phase @ step 250/250 | Goals: 0/5 | Reason: Invalid Goal
[Reset] Env 20: Alice phase @ step 250/250 | Goals: 0/5 | Reason: Invalid Goal
[Reset] Env 21: Alice phase @ step 250/250 | Goals: 0/5 | Reason: Invalid Goal
[Reset] Env 22: Alice phase @ step 250/250 | Goals: 0/5 | Reason: Invalid Goal
[Reset] Env 23: Alice phase @ step 250/250 | Goals: 0/5 | Reason: Invalid Goal
[Reset] Env 24: Alice phase @ step 250/250 | Goals: 0/5 | Reason: Invalid Goal
[Reset] Resetting objects to SAFE pose for 21 envs
[Reset] Resetting ROBOT joints for 21 envs
Update Alice: Iter 37

============================================================
ALICE UPDATE 37
============================================================
  Rewards:     mean=-1.0000 | min=0.0000 | max=0.0000
  Losses:      value=0.0018 | surrogate=1.4814
  Outcomes:    9 episodes buffered
============================================================

Update Alice: Iter 38

============================================================
ALICE UPDATE 38
============================================================
  Rewards:     mean=-1.0000 | min=0.0000 | max=0.0000
  Losses:      value=0.0005 | surrogate=1.2536
  Outcomes:    9 episodes buffered
============================================================

Update Alice: Iter 39

============================================================
ALICE UPDATE 39
============================================================
  Rewards:     mean=-1.0000 | min=0.0000 | max=0.0000
  Losses:      value=0.0004 | surrogate=1.4084
  Outcomes:    9 episodes buffered
============================================================

[Bob Reward] -1.0
[Phase] Env 15: Alice Failed | Moved: 0.027m < 0.01m threshold
[Reset] Env 15: Alice phase @ step 250/250 | Goals: 0/5 | Reason: Invalid Goal
[Reset] Resetting objects to SAFE pose for 1 envs
[Reset] Resetting ROBOT joints for 1 envs
[Phase] Env 10: Bob SUCCESS | Steps: 600/600
[Phase] Bob->Alice Transition for 1 envs
[Phase] Env 10: Bob→Alice | Goal 1/5 SUCCESS | Bob used 600/600 steps
[Reset] Resetting objects to SAFE pose for 1 envs
[Reset] Resetting ROBOT joints for 1 envs
[Bob Reward] -1.0
[Phase] Env 14: Bob FAILURE | Steps: 600/600
[Reset] Env 14: Bob phase @ step 600/600 | Goals: 1/5 | Reason: Bob Failed (or Max Goals)
[Reset] Resetting objects to SAFE pose for 1 envs
[Reset] Resetting ROBOT joints for 1 envs
[Phase] Env 0: Alice Failed | Moved: 0.027m < 0.01m threshold
[Reset] Env 0: Alice phase @ step 250/250 | Goals: 0/5 | Reason: Invalid Goal
[Reset] Env 1: Alice phase @ step 250/250 | Goals: 0/5 | Reason: Invalid Goal
[Reset] Env 3: Alice phase @ step 250/250 | Goals: 0/5 | Reason: Invalid Goal
[Reset] Env 4: Alice phase @ step 250/250 | Goals: 0/5 | Reason: Invalid Goal
[Reset] Env 5: Alice phase @ step 250/250 | Goals: 0/5 | Reason: Invalid Goal
[Reset] Env 6: Alice phase @ step 250/250 | Goals: 0/5 | Reason: Invalid Goal
[Reset] Env 7: Alice phase @ step 250/250 | Goals: 0/5 | Reason: Invalid Goal
[Reset] Env 8: Alice phase @ step 250/250 | Goals: 0/5 | Reason: Invalid Goal
[Reset] Env 9: Alice phase @ step 250/250 | Goals: 0/5 | Reason: Invalid Goal
[Reset] Env 11: Alice phase @ step 250/250 | Goals: 0/5 | Reason: Invalid Goal
[Reset] Env 12: Alice phase @ step 250/250 | Goals: 0/5 | Reason: Invalid Goal
[Reset] Env 13: Alice phase @ step 250/250 | Goals: 0/5 | Reason: Invalid Goal
[Reset] Env 16: Alice phase @ step 250/250 | Goals: 0/5 | Reason: Invalid Goal
[Reset] Env 17: Alice phase @ step 250/250 | Goals: 0/5 | Reason: Invalid Goal
[Reset] Env 18: Alice phase @ step 250/250 | Goals: 0/5 | Reason: Invalid Goal
[Reset] Env 19: Alice phase @ step 250/250 | Goals: 0/5 | Reason: Invalid Goal
[Reset] Env 20: Alice phase @ step 250/250 | Goals: 0/5 | Reason: Invalid Goal
[Reset] Env 21: Alice phase @ step 250/250 | Goals: 0/5 | Reason: Invalid Goal
[Reset] Env 22: Alice phase @ step 250/250 | Goals: 0/5 | Reason: Invalid Goal
[Reset] Env 23: Alice phase @ step 250/250 | Goals: 0/5 | Reason: Invalid Goal
[Reset] Env 24: Alice phase @ step 250/250 | Goals: 0/5 | Reason: Invalid Goal
[Reset] Resetting objects to SAFE pose for 21 envs
[Reset] Resetting ROBOT joints for 21 envs
Update Alice: Iter 40

============================================================
ALICE UPDATE 40
============================================================
  Rewards:     mean=0.0000 | min=0.0000 | max=0.0000
  Losses:      value=0.2013 | surrogate=0.0854
  Outcomes:    9 episodes buffered
============================================================

Update Alice: Iter 41

============================================================
ALICE UPDATE 41
============================================================
  Rewards:     mean=-1.0000 | min=0.0000 | max=0.0000
  Losses:      value=0.0101 | surrogate=1.3486
  Outcomes:    9 episodes buffered
============================================================

[Phase] Env 10: Alice Failed | Moved: 0.027m < 0.01m threshold
[Reset] Env 10: Alice phase @ step 250/250 | Goals: 1/5 | Reason: Invalid Goal
[Reset] Env 15: Alice phase @ step 250/250 | Goals: 0/5 | Reason: Invalid Goal
[Reset] Resetting objects to SAFE pose for 2 envs
[Reset] Resetting ROBOT joints for 2 envs
[Phase] Env 2: Bob FAILURE | Steps: 600/600
[Reset] Env 2: Bob phase @ step 600/600 | Goals: 1/5 | Reason: Bob Failed (or Max Goals)
[Reset] Resetting objects to SAFE pose for 1 envs
[Reset] Resetting ROBOT joints for 1 envs
Update Alice: Iter 42

============================================================
ALICE UPDATE 42
============================================================
  Rewards:     mean=-0.2222 | min=0.0000 | max=0.0000
  Losses:      value=0.0518 | surrogate=0.3168
  Outcomes:    9 episodes buffered
============================================================

[Phase] Env 14: Alice Failed | Moved: 0.027m < 0.01m threshold
[Reset] Env 14: Alice phase @ step 250/250 | Goals: 0/5 | Reason: Invalid Goal
[Reset] Resetting objects to SAFE pose for 1 envs
[Reset] Resetting ROBOT joints for 1 envs
[Phase] Env 0: Alice Failed | Moved: 0.027m < 0.01m threshold
[Reset] Env 0: Alice phase @ step 250/250 | Goals: 0/5 | Reason: Invalid Goal
[Reset] Env 1: Alice phase @ step 250/250 | Goals: 0/5 | Reason: Invalid Goal
[Reset] Env 3: Alice phase @ step 250/250 | Goals: 0/5 | Reason: Invalid Goal
[Reset] Env 4: Alice phase @ step 250/250 | Goals: 0/5 | Reason: Invalid Goal
[Reset] Env 5: Alice phase @ step 250/250 | Goals: 0/5 | Reason: Invalid Goal
[Reset] Env 6: Alice phase @ step 250/250 | Goals: 0/5 | Reason: Invalid Goal
[Reset] Env 7: Alice phase @ step 250/250 | Goals: 0/5 | Reason: Invalid Goal
[Reset] Env 8: Alice phase @ step 250/250 | Goals: 0/5 | Reason: Invalid Goal
[Reset] Env 9: Alice phase @ step 250/250 | Goals: 0/5 | Reason: Invalid Goal
[Reset] Env 11: Alice phase @ step 250/250 | Goals: 0/5 | Reason: Invalid Goal
[Reset] Env 12: Alice phase @ step 250/250 | Goals: 0/5 | Reason: Invalid Goal
[Reset] Env 13: Alice phase @ step 250/250 | Goals: 0/5 | Reason: Invalid Goal
[Reset] Env 16: Alice phase @ step 250/250 | Goals: 0/5 | Reason: Invalid Goal
[Reset] Env 17: Alice phase @ step 250/250 | Goals: 0/5 | Reason: Invalid Goal
[Reset] Env 18: Alice phase @ step 250/250 | Goals: 0/5 | Reason: Invalid Goal
[Reset] Env 19: Alice phase @ step 250/250 | Goals: 0/5 | Reason: Invalid Goal
[Reset] Env 20: Alice phase @ step 250/250 | Goals: 0/5 | Reason: Invalid Goal
[Reset] Env 21: Alice phase @ step 250/250 | Goals: 0/5 | Reason: Invalid Goal
[Reset] Env 22: Alice phase @ step 250/250 | Goals: 0/5 | Reason: Invalid Goal
[Reset] Env 23: Alice phase @ step 250/250 | Goals: 0/5 | Reason: Invalid Goal
[Reset] Env 24: Alice phase @ step 250/250 | Goals: 0/5 | Reason: Invalid Goal
[Reset] Resetting objects to SAFE pose for 21 envs
[Reset] Resetting ROBOT joints for 21 envs
Update Alice: Iter 43

============================================================
ALICE UPDATE 43
============================================================
  Rewards:     mean=-1.0000 | min=0.0000 | max=0.0000
  Losses:      value=0.0097 | surrogate=1.3568
  Outcomes:    9 episodes buffered
============================================================

Update Alice: Iter 44

============================================================
ALICE UPDATE 44
============================================================
  Rewards:     mean=-1.0000 | min=0.0000 | max=0.0000
  Losses:      value=0.0049 | surrogate=1.1413
  Outcomes:    9 episodes buffered
============================================================

[Phase] Env 2: Alice Failed | Moved: 0.027m < 0.01m threshold
[Reset] Env 2: Alice phase @ step 250/250 | Goals: 0/5 | Reason: Invalid Goal
[Reset] Env 10: Alice phase @ step 250/250 | Goals: 0/5 | Reason: Invalid Goal
[Reset] Env 15: Alice phase @ step 250/250 | Goals: 0/5 | Reason: Invalid Goal
[Reset] Resetting objects to SAFE pose for 3 envs
[Reset] Resetting ROBOT joints for 3 envs
Update Alice: Iter 45

============================================================
ALICE UPDATE 45
============================================================
  Rewards:     mean=-1.0000 | min=0.0000 | max=0.0000
  Losses:      value=0.0045 | surrogate=1.2141
  Outcomes:    9 episodes buffered
============================================================

[Phase] Env 14: Alice Failed | Moved: 0.027m < 0.01m threshold
[Reset] Env 14: Alice phase @ step 250/250 | Goals: 0/5 | Reason: Invalid Goal
[Reset] Resetting objects to SAFE pose for 1 envs
[Reset] Resetting ROBOT joints for 1 envs
[Phase] Env 0: Alice Failed | Moved: 0.027m < 0.01m threshold
[Reset] Env 0: Alice phase @ step 250/250 | Goals: 0/5 | Reason: Invalid Goal
[Reset] Env 1: Alice phase @ step 250/250 | Goals: 0/5 | Reason: Invalid Goal
[Reset] Env 3: Alice phase @ step 250/250 | Goals: 0/5 | Reason: Invalid Goal
[Reset] Env 4: Alice phase @ step 250/250 | Goals: 0/5 | Reason: Invalid Goal
[Reset] Env 5: Alice phase @ step 250/250 | Goals: 0/5 | Reason: Invalid Goal
[Reset] Env 6: Alice phase @ step 250/250 | Goals: 0/5 | Reason: Invalid Goal
[Reset] Env 7: Alice phase @ step 250/250 | Goals: 0/5 | Reason: Invalid Goal
[Reset] Env 8: Alice phase @ step 250/250 | Goals: 0/5 | Reason: Invalid Goal
[Reset] Env 9: Alice phase @ step 250/250 | Goals: 0/5 | Reason: Invalid Goal
[Reset] Env 11: Alice phase @ step 250/250 | Goals: 0/5 | Reason: Invalid Goal
[Reset] Env 12: Alice phase @ step 250/250 | Goals: 0/5 | Reason: Invalid Goal
[Reset] Env 13: Alice phase @ step 250/250 | Goals: 0/5 | Reason: Invalid Goal
[Reset] Env 16: Alice phase @ step 250/250 | Goals: 0/5 | Reason: Invalid Goal
[Reset] Env 17: Alice phase @ step 250/250 | Goals: 0/5 | Reason: Invalid Goal
[Reset] Env 18: Alice phase @ step 250/250 | Goals: 0/5 | Reason: Invalid Goal
[Reset] Env 19: Alice phase @ step 250/250 | Goals: 0/5 | Reason: Invalid Goal
[Reset] Env 20: Alice phase @ step 250/250 | Goals: 0/5 | Reason: Invalid Goal
[Reset] Env 21: Alice phase @ step 250/250 | Goals: 0/5 | Reason: Invalid Goal
[Reset] Env 22: Alice phase @ step 250/250 | Goals: 0/5 | Reason: Invalid Goal
[Reset] Env 23: Alice phase @ step 250/250 | Goals: 0/5 | Reason: Invalid Goal
[Reset] Env 24: Alice phase @ step 250/250 | Goals: 0/5 | Reason: Invalid Goal
[Reset] Resetting objects to SAFE pose for 21 envs
[Reset] Resetting ROBOT joints for 21 envs
Update Alice: Iter 46

============================================================
ALICE UPDATE 46
============================================================
  Rewards:     mean=-1.0000 | min=0.0000 | max=0.0000
  Losses:      value=0.0034 | surrogate=1.3116
  Outcomes:    9 episodes buffered
============================================================

Update Alice: Iter 47

============================================================
ALICE UPDATE 47
============================================================
  Rewards:     mean=-1.0000 | min=0.0000 | max=0.0000
  Losses:      value=0.0023 | surrogate=1.3149
  Outcomes:    9 episodes buffered
============================================================

[Phase] Env 2: Alice Failed | Moved: 0.027m < 0.01m threshold
[Reset] Env 2: Alice phase @ step 250/250 | Goals: 0/5 | Reason: Invalid Goal
[Reset] Env 10: Alice phase @ step 250/250 | Goals: 0/5 | Reason: Invalid Goal
[Reset] Env 15: Alice phase @ step 250/250 | Goals: 0/5 | Reason: Invalid Goal
[Reset] Resetting objects to SAFE pose for 3 envs
[Reset] Resetting ROBOT joints for 3 envs
[Phase] Env 14: Alice Failed | Moved: 0.027m < 0.01m threshold
[Reset] Env 14: Alice phase @ step 250/250 | Goals: 0/5 | Reason: Invalid Goal
[Reset] Resetting objects to SAFE pose for 1 envs
[Reset] Resetting ROBOT joints for 1 envs
[Phase] Env 21: Alice→Bob | Valid Goal | Moved: 0.103m
[Phase] Env 0: Alice Failed | Moved: 0.027m < 0.01m threshold
[Phase] Env 21: Alice→Bob | Goal 1/5 | Alice completed 250/250 steps
[Reset] Alice->Bob Transition: Resetting Objects (Initial) & Robot (Default) for 1 envs
[Reset] Resetting ROBOT joints for 1 envs
[Reset] Env 0: Alice phase @ step 250/250 | Goals: 0/5 | Reason: Invalid Goal
[Reset] Env 1: Alice phase @ step 250/250 | Goals: 0/5 | Reason: Invalid Goal
[Reset] Env 3: Alice phase @ step 250/250 | Goals: 0/5 | Reason: Invalid Goal
[Reset] Env 4: Alice phase @ step 250/250 | Goals: 0/5 | Reason: Invalid Goal
[Reset] Env 5: Alice phase @ step 250/250 | Goals: 0/5 | Reason: Invalid Goal
[Reset] Env 6: Alice phase @ step 250/250 | Goals: 0/5 | Reason: Invalid Goal
[Reset] Env 7: Alice phase @ step 250/250 | Goals: 0/5 | Reason: Invalid Goal
[Reset] Env 8: Alice phase @ step 250/250 | Goals: 0/5 | Reason: Invalid Goal
[Reset] Env 9: Alice phase @ step 250/250 | Goals: 0/5 | Reason: Invalid Goal
[Reset] Env 11: Alice phase @ step 250/250 | Goals: 0/5 | Reason: Invalid Goal
[Reset] Env 12: Alice phase @ step 250/250 | Goals: 0/5 | Reason: Invalid Goal
[Reset] Env 13: Alice phase @ step 250/250 | Goals: 0/5 | Reason: Invalid Goal
[Reset] Env 16: Alice phase @ step 250/250 | Goals: 0/5 | Reason: Invalid Goal
[Reset] Env 17: Alice phase @ step 250/250 | Goals: 0/5 | Reason: Invalid Goal
[Reset] Env 18: Alice phase @ step 250/250 | Goals: 0/5 | Reason: Invalid Goal
[Reset] Env 19: Alice phase @ step 250/250 | Goals: 0/5 | Reason: Invalid Goal
[Reset] Env 20: Alice phase @ step 250/250 | Goals: 0/5 | Reason: Invalid Goal
[Reset] Env 22: Alice phase @ step 250/250 | Goals: 0/5 | Reason: Invalid Goal
[Reset] Env 23: Alice phase @ step 250/250 | Goals: 0/5 | Reason: Invalid Goal
[Reset] Env 24: Alice phase @ step 250/250 | Goals: 0/5 | Reason: Invalid Goal
[Reset] Resetting objects to SAFE pose for 20 envs
[Reset] Resetting ROBOT joints for 20 envs
Update Alice: Iter 48

============================================================
ALICE UPDATE 48
============================================================
  Rewards:     mean=-1.0000 | min=0.0000 | max=0.0000
  Losses:      value=0.0012 | surrogate=1.6279
  Outcomes:    9 episodes buffered
============================================================

Update Alice: Iter 49

============================================================
ALICE UPDATE 49
============================================================
  Rewards:     mean=-1.0000 | min=0.0000 | max=0.0000
  Losses:      value=0.0008 | surrogate=1.6870
  Outcomes:    9 episodes buffered
============================================================

Update Alice: Iter 50

============================================================
ALICE UPDATE 50
============================================================
  Rewards:     mean=-1.0000 | min=0.0000 | max=0.0000
  Losses:      value=0.0008 | surrogate=1.4513
  Outcomes:    9 episodes buffered
============================================================

Update Bob: Iter 0

============================================================
BOB UPDATE 0
============================================================
  Success Rate: 0.2000 (5 eps)
  Rewards:      mean=0.0000
  Losses:       value=0.3250 | surrogate=0.4687 | ABC=0.7417
  Errors:       pos=0.0703 | rot=0.0398
============================================================

[Summary] Iter 0: SR=0.20 | ABC_Loss=0.7417
  ★ New Best SR: 0.20
[Phase] Env 2: Alice Failed | Moved: 0.027m < 0.01m threshold
[Reset] Env 2: Alice phase @ step 250/250 | Goals: 0/5 | Reason: Invalid Goal
[Reset] Env 10: Alice phase @ step 250/250 | Goals: 0/5 | Reason: Invalid Goal
[Reset] Env 15: Alice phase @ step 250/250 | Goals: 0/5 | Reason: Invalid Goal
[Reset] Resetting objects to SAFE pose for 3 envs
[Reset] Resetting ROBOT joints for 3 envs
[Phase] Env 14: Alice Failed | Moved: 0.027m < 0.01m threshold
[Reset] Env 14: Alice phase @ step 250/250 | Goals: 0/5 | Reason: Invalid Goal
[Reset] Resetting objects to SAFE pose for 1 envs
[Reset] Resetting ROBOT joints for 1 envs
[Phase] Env 16: Alice→Bob | Valid Goal | Moved: 0.181m
[Phase] Env 0: Alice Failed | Moved: 0.027m < 0.01m threshold
[Phase] Env 16: Alice→Bob | Goal 1/5 | Alice completed 250/250 steps
[Reset] Alice->Bob Transition: Resetting Objects (Initial) & Robot (Default) for 1 envs
[Reset] Resetting ROBOT joints for 1 envs
[Reset] Env 0: Alice phase @ step 250/250 | Goals: 0/5 | Reason: Invalid Goal
[Reset] Env 1: Alice phase @ step 250/250 | Goals: 0/5 | Reason: Invalid Goal
[Reset] Env 3: Alice phase @ step 250/250 | Goals: 0/5 | Reason: Invalid Goal
[Reset] Env 4: Alice phase @ step 250/250 | Goals: 0/5 | Reason: Invalid Goal
[Reset] Env 5: Alice phase @ step 250/250 | Goals: 0/5 | Reason: Invalid Goal
[Reset] Env 6: Alice phase @ step 250/250 | Goals: 0/5 | Reason: Invalid Goal
[Reset] Env 7: Alice phase @ step 250/250 | Goals: 0/5 | Reason: Invalid Goal
[Reset] Env 8: Alice phase @ step 250/250 | Goals: 0/5 | Reason: Invalid Goal
[Reset] Env 9: Alice phase @ step 250/250 | Goals: 0/5 | Reason: Invalid Goal
[Reset] Env 11: Alice phase @ step 250/250 | Goals: 0/5 | Reason: Invalid Goal
[Reset] Env 12: Alice phase @ step 250/250 | Goals: 0/5 | Reason: Invalid Goal
[Reset] Env 13: Alice phase @ step 250/250 | Goals: 0/5 | Reason: Invalid Goal
[Reset] Env 17: Alice phase @ step 250/250 | Goals: 0/5 | Reason: Invalid Goal
[Reset] Env 18: Alice phase @ step 250/250 | Goals: 0/5 | Reason: Invalid Goal
[Reset] Env 19: Alice phase @ step 250/250 | Goals: 0/5 | Reason: Invalid Goal
[Reset] Env 20: Alice phase @ step 250/250 | Goals: 0/5 | Reason: Invalid Goal
[Reset] Env 22: Alice phase @ step 250/250 | Goals: 0/5 | Reason: Invalid Goal
[Reset] Env 23: Alice phase @ step 250/250 | Goals: 0/5 | Reason: Invalid Goal
[Reset] Env 24: Alice phase @ step 250/250 | Goals: 0/5 | Reason: Invalid Goal
[Reset] Resetting objects to SAFE pose for 19 envs
[Reset] Resetting ROBOT joints for 19 envs
Update Alice: Iter 51

============================================================
ALICE UPDATE 51
============================================================
  Rewards:     mean=-1.0000 | min=0.0000 | max=0.0000
  Losses:      value=0.0009 | surrogate=1.5151
  Outcomes:    9 episodes buffered
============================================================

Update Alice: Iter 52

============================================================
ALICE UPDATE 52
============================================================
  Rewards:     mean=-1.0000 | min=0.0000 | max=0.0000
  Losses:      value=0.0007 | surrogate=1.4272
  Outcomes:    9 episodes buffered
============================================================

[Bob Reward] +1.0
[Phase] Env 2: Alice Failed | Moved: 0.027m < 0.01m threshold
[Reset] Env 2: Alice phase @ step 250/250 | Goals: 0/5 | Reason: Invalid Goal
[Reset] Env 10: Alice phase @ step 250/250 | Goals: 0/5 | Reason: Invalid Goal
[Reset] Env 15: Alice phase @ step 250/250 | Goals: 0/5 | Reason: Invalid Goal
[Reset] Resetting objects to SAFE pose for 3 envs
[Reset] Resetting ROBOT joints for 3 envs
Update Alice: Iter 53

============================================================
ALICE UPDATE 53
============================================================
  Rewards:     mean=-1.0000 | min=0.0000 | max=0.0000
  Losses:      value=0.0008 | surrogate=1.5179
  Outcomes:    9 episodes buffered
============================================================

[Phase] Env 14: Alice Failed | Moved: 0.027m < 0.01m threshold
[Reset] Env 14: Alice phase @ step 250/250 | Goals: 0/5 | Reason: Invalid Goal
[Reset] Resetting objects to SAFE pose for 1 envs
[Reset] Resetting ROBOT joints for 1 envs
[Phase] Env 0: Alice Failed | Moved: 0.027m < 0.01m threshold
[Reset] Env 0: Alice phase @ step 250/250 | Goals: 0/5 | Reason: Invalid Goal
[Reset] Env 1: Alice phase @ step 250/250 | Goals: 0/5 | Reason: Invalid Goal
[Reset] Env 3: Alice phase @ step 250/250 | Goals: 0/5 | Reason: Invalid Goal
[Reset] Env 4: Alice phase @ step 250/250 | Goals: 0/5 | Reason: Invalid Goal
[Reset] Env 5: Alice phase @ step 250/250 | Goals: 0/5 | Reason: Invalid Goal
[Reset] Env 6: Alice phase @ step 250/250 | Goals: 0/5 | Reason: Invalid Goal
[Reset] Env 7: Alice phase @ step 250/250 | Goals: 0/5 | Reason: Invalid Goal
[Reset] Env 8: Alice phase @ step 250/250 | Goals: 0/5 | Reason: Invalid Goal
[Reset] Env 9: Alice phase @ step 250/250 | Goals: 0/5 | Reason: Invalid Goal
[Reset] Env 11: Alice phase @ step 250/250 | Goals: 0/5 | Reason: Invalid Goal
[Reset] Env 12: Alice phase @ step 250/250 | Goals: 0/5 | Reason: Invalid Goal
[Reset] Env 13: Alice phase @ step 250/250 | Goals: 0/5 | Reason: Invalid Goal
[Reset] Env 17: Alice phase @ step 250/250 | Goals: 0/5 | Reason: Invalid Goal
[Reset] Env 18: Alice phase @ step 250/250 | Goals: 0/5 | Reason: Invalid Goal
[Reset] Env 19: Alice phase @ step 250/250 | Goals: 0/5 | Reason: Invalid Goal
[Reset] Env 20: Alice phase @ step 250/250 | Goals: 0/5 | Reason: Invalid Goal
[Reset] Env 22: Alice phase @ step 250/250 | Goals: 0/5 | Reason: Invalid Goal
[Reset] Env 23: Alice phase @ step 250/250 | Goals: 0/5 | Reason: Invalid Goal
[Reset] Env 24: Alice phase @ step 250/250 | Goals: 0/5 | Reason: Invalid Goal
[Reset] Resetting objects to SAFE pose for 19 envs
[Reset] Resetting ROBOT joints for 19 envs
Update Alice: Iter 54

============================================================
ALICE UPDATE 54
============================================================
  Rewards:     mean=-1.0000 | min=0.0000 | max=0.0000
  Losses:      value=0.0007 | surrogate=1.3419
  Outcomes:    9 episodes buffered
============================================================

Update Alice: Iter 55

============================================================
ALICE UPDATE 55
============================================================
  Rewards:     mean=-1.0000 | min=0.0000 | max=0.0000
  Losses:      value=0.0005 | surrogate=1.7886
  Outcomes:    9 episodes buffered
============================================================

[Phase] Env 2: Alice Failed | Moved: 0.027m < 0.01m threshold
[Reset] Env 2: Alice phase @ step 250/250 | Goals: 0/5 | Reason: Invalid Goal
[Reset] Env 10: Alice phase @ step 250/250 | Goals: 0/5 | Reason: Invalid Goal
[Reset] Env 15: Alice phase @ step 250/250 | Goals: 0/5 | Reason: Invalid Goal
[Reset] Resetting objects to SAFE pose for 3 envs
[Reset] Resetting ROBOT joints for 3 envs
[Phase] Env 21: Bob FAILURE | Steps: 600/600
[Reset] Env 21: Bob phase @ step 600/600 | Goals: 1/5 | Reason: Bob Failed (or Max Goals)
[Reset] Resetting objects to SAFE pose for 1 envs
[Reset] Resetting ROBOT joints for 1 envs
[Phase] Env 14: Alice Failed | Moved: 0.027m < 0.01m threshold
[Reset] Env 14: Alice phase @ step 250/250 | Goals: 0/5 | Reason: Invalid Goal
[Reset] Resetting objects to SAFE pose for 1 envs
[Reset] Resetting ROBOT joints for 1 envs
[Phase] Env 0: Alice Failed | Moved: 0.027m < 0.01m threshold
[Reset] Env 0: Alice phase @ step 250/250 | Goals: 0/5 | Reason: Invalid Goal
[Reset] Env 1: Alice phase @ step 250/250 | Goals: 0/5 | Reason: Invalid Goal
[Reset] Env 3: Alice phase @ step 250/250 | Goals: 0/5 | Reason: Invalid Goal
[Reset] Env 4: Alice phase @ step 250/250 | Goals: 0/5 | Reason: Invalid Goal
[Reset] Env 5: Alice phase @ step 250/250 | Goals: 0/5 | Reason: Invalid Goal
[Reset] Env 6: Alice phase @ step 250/250 | Goals: 0/5 | Reason: Invalid Goal
[Reset] Env 7: Alice phase @ step 250/250 | Goals: 0/5 | Reason: Invalid Goal
[Reset] Env 8: Alice phase @ step 250/250 | Goals: 0/5 | Reason: Invalid Goal
[Reset] Env 9: Alice phase @ step 250/250 | Goals: 0/5 | Reason: Invalid Goal
[Reset] Env 11: Alice phase @ step 250/250 | Goals: 0/5 | Reason: Invalid Goal
[Reset] Env 12: Alice phase @ step 250/250 | Goals: 0/5 | Reason: Invalid Goal
[Reset] Env 13: Alice phase @ step 250/250 | Goals: 0/5 | Reason: Invalid Goal
[Reset] Env 17: Alice phase @ step 250/250 | Goals: 0/5 | Reason: Invalid Goal
[Reset] Env 18: Alice phase @ step 250/250 | Goals: 0/5 | Reason: Invalid Goal
[Reset] Env 19: Alice phase @ step 250/250 | Goals: 0/5 | Reason: Invalid Goal
[Reset] Env 20: Alice phase @ step 250/250 | Goals: 0/5 | Reason: Invalid Goal
[Reset] Env 22: Alice phase @ step 250/250 | Goals: 0/5 | Reason: Invalid Goal
[Reset] Env 23: Alice phase @ step 250/250 | Goals: 0/5 | Reason: Invalid Goal
[Reset] Env 24: Alice phase @ step 250/250 | Goals: 0/5 | Reason: Invalid Goal
[Reset] Resetting objects to SAFE pose for 19 envs
[Reset] Resetting ROBOT joints for 19 envs
Update Alice: Iter 56

============================================================
ALICE UPDATE 56
============================================================
  Rewards:     mean=-0.2222 | min=0.0000 | max=0.0000
  Losses:      value=0.1784 | surrogate=0.0954
  Outcomes:    9 episodes buffered
============================================================

Update Alice: Iter 57

============================================================
ALICE UPDATE 57
============================================================
  Rewards:     mean=-1.0000 | min=0.0000 | max=0.0000
  Losses:      value=0.0037 | surrogate=1.1548
  Outcomes:    9 episodes buffered
============================================================

[Phase] Env 2: Alice Failed | Moved: 0.027m < 0.01m threshold
[Reset] Env 2: Alice phase @ step 250/250 | Goals: 0/5 | Reason: Invalid Goal
[Reset] Env 10: Alice phase @ step 250/250 | Goals: 0/5 | Reason: Invalid Goal
[Reset] Env 15: Alice phase @ step 250/250 | Goals: 0/5 | Reason: Invalid Goal
[Reset] Env 21: Alice phase @ step 250/250 | Goals: 0/5 | Reason: Invalid Goal
[Reset] Resetting objects to SAFE pose for 4 envs
[Reset] Resetting ROBOT joints for 4 envs
[Phase] Env 16: Bob FAILURE | Steps: 600/600
[Reset] Env 16: Bob phase @ step 600/600 | Goals: 1/5 | Reason: Bob Failed (or Max Goals)
[Reset] Resetting objects to SAFE pose for 1 envs
[Reset] Resetting ROBOT joints for 1 envs
Update Alice: Iter 58

============================================================
ALICE UPDATE 58
============================================================
  Rewards:     mean=-0.2222 | min=0.0000 | max=0.0000
  Losses:      value=0.0600 | surrogate=0.1569
  Outcomes:    9 episodes buffered
============================================================

[Phase] Env 14: Alice Failed | Moved: 0.027m < 0.01m threshold
[Reset] Env 14: Alice phase @ step 250/250 | Goals: 0/5 | Reason: Invalid Goal
[Reset] Resetting objects to SAFE pose for 1 envs
[Reset] Resetting ROBOT joints for 1 envs
[Phase] Env 23: Alice→Bob | Valid Goal | Moved: 0.027m
[Phase] Env 0: Alice Failed | Moved: 0.027m < 0.01m threshold
[Phase] Env 23: Alice→Bob | Goal 1/5 | Alice completed 250/250 steps
[Reset] Alice->Bob Transition: Resetting Objects (Initial) & Robot (Default) for 1 envs
[Reset] Resetting ROBOT joints for 1 envs
[Reset] Env 0: Alice phase @ step 250/250 | Goals: 0/5 | Reason: Invalid Goal
[Reset] Env 1: Alice phase @ step 250/250 | Goals: 0/5 | Reason: Invalid Goal
[Reset] Env 3: Alice phase @ step 250/250 | Goals: 0/5 | Reason: Invalid Goal
[Reset] Env 4: Alice phase @ step 250/250 | Goals: 0/5 | Reason: Invalid Goal
[Reset] Env 5: Alice phase @ step 250/250 | Goals: 0/5 | Reason: Invalid Goal
[Reset] Env 6: Alice phase @ step 250/250 | Goals: 0/5 | Reason: Invalid Goal
[Reset] Env 7: Alice phase @ step 250/250 | Goals: 0/5 | Reason: Invalid Goal
[Reset] Env 8: Alice phase @ step 250/250 | Goals: 0/5 | Reason: Invalid Goal
[Reset] Env 9: Alice phase @ step 250/250 | Goals: 0/5 | Reason: Invalid Goal
[Reset] Env 11: Alice phase @ step 250/250 | Goals: 0/5 | Reason: Invalid Goal
[Reset] Env 12: Alice phase @ step 250/250 | Goals: 0/5 | Reason: Invalid Goal
[Reset] Env 13: Alice phase @ step 250/250 | Goals: 0/5 | Reason: Invalid Goal
[Reset] Env 17: Alice phase @ step 250/250 | Goals: 0/5 | Reason: Invalid Goal
[Reset] Env 18: Alice phase @ step 250/250 | Goals: 0/5 | Reason: Invalid Goal
[Reset] Env 19: Alice phase @ step 250/250 | Goals: 0/5 | Reason: Invalid Goal
[Reset] Env 20: Alice phase @ step 250/250 | Goals: 0/5 | Reason: Invalid Goal
[Reset] Env 22: Alice phase @ step 250/250 | Goals: 0/5 | Reason: Invalid Goal
[Reset] Env 24: Alice phase @ step 250/250 | Goals: 0/5 | Reason: Invalid Goal
[Reset] Resetting objects to SAFE pose for 18 envs
[Reset] Resetting ROBOT joints for 18 envs
Update Alice: Iter 59

============================================================
ALICE UPDATE 59
============================================================
  Rewards:     mean=-1.0000 | min=0.0000 | max=0.0000
  Losses:      value=0.0049 | surrogate=1.2430
  Outcomes:    9 episodes buffered
============================================================

Update Alice: Iter 60

============================================================
ALICE UPDATE 60
============================================================
  Rewards:     mean=-1.0000 | min=0.0000 | max=0.0000
  Losses:      value=0.0039 | surrogate=1.2515
  Outcomes:    9 episodes buffered
============================================================

[Bob Reward] +1.0
[Phase] Env 2: Alice Failed | Moved: 0.027m < 0.01m threshold
[Reset] Env 2: Alice phase @ step 250/250 | Goals: 0/5 | Reason: Invalid Goal
[Reset] Env 10: Alice phase @ step 250/250 | Goals: 0/5 | Reason: Invalid Goal
[Reset] Env 15: Alice phase @ step 250/250 | Goals: 0/5 | Reason: Invalid Goal
[Reset] Env 16: Alice phase @ step 250/250 | Goals: 0/5 | Reason: Invalid Goal
[Reset] Env 21: Alice phase @ step 250/250 | Goals: 0/5 | Reason: Invalid Goal
[Reset] Resetting objects to SAFE pose for 5 envs
[Reset] Resetting ROBOT joints for 5 envs
Update Alice: Iter 61

============================================================
ALICE UPDATE 61
============================================================
  Rewards:     mean=-1.0000 | min=0.0000 | max=0.0000
  Losses:      value=0.0015 | surrogate=1.0097
  Outcomes:    9 episodes buffered
============================================================

[Phase] Env 14: Alice Failed | Moved: 0.027m < 0.01m threshold
[Reset] Env 14: Alice phase @ step 250/250 | Goals: 0/5 | Reason: Invalid Goal
[Reset] Resetting objects to SAFE pose for 1 envs
[Reset] Resetting ROBOT joints for 1 envs
[Phase] Env 0: Alice Failed | Moved: 0.027m < 0.01m threshold
[Reset] Env 0: Alice phase @ step 250/250 | Goals: 0/5 | Reason: Invalid Goal
[Reset] Env 1: Alice phase @ step 250/250 | Goals: 0/5 | Reason: Invalid Goal
[Reset] Env 3: Alice phase @ step 250/250 | Goals: 0/5 | Reason: Invalid Goal
[Reset] Env 4: Alice phase @ step 250/250 | Goals: 0/5 | Reason: Invalid Goal
[Reset] Env 5: Alice phase @ step 250/250 | Goals: 0/5 | Reason: Invalid Goal
[Reset] Env 6: Alice phase @ step 250/250 | Goals: 0/5 | Reason: Invalid Goal
[Reset] Env 7: Alice phase @ step 250/250 | Goals: 0/5 | Reason: Invalid Goal
[Reset] Env 8: Alice phase @ step 250/250 | Goals: 0/5 | Reason: Invalid Goal
[Reset] Env 9: Alice phase @ step 250/250 | Goals: 0/5 | Reason: Invalid Goal
[Reset] Env 11: Alice phase @ step 250/250 | Goals: 0/5 | Reason: Invalid Goal
[Reset] Env 12: Alice phase @ step 250/250 | Goals: 0/5 | Reason: Invalid Goal
[Reset] Env 13: Alice phase @ step 250/250 | Goals: 0/5 | Reason: Invalid Goal
[Reset] Env 17: Alice phase @ step 250/250 | Goals: 0/5 | Reason: Invalid Goal
[Reset] Env 18: Alice phase @ step 250/250 | Goals: 0/5 | Reason: Invalid Goal
[Reset] Env 19: Alice phase @ step 250/250 | Goals: 0/5 | Reason: Invalid Goal
[Reset] Env 20: Alice phase @ step 250/250 | Goals: 0/5 | Reason: Invalid Goal
[Reset] Env 22: Alice phase @ step 250/250 | Goals: 0/5 | Reason: Invalid Goal
[Reset] Env 24: Alice phase @ step 250/250 | Goals: 0/5 | Reason: Invalid Goal
[Reset] Resetting objects to SAFE pose for 18 envs
[Reset] Resetting ROBOT joints for 18 envs
Update Alice: Iter 62

============================================================
ALICE UPDATE 62
============================================================
  Rewards:     mean=-1.0000 | min=0.0000 | max=0.0000
  Losses:      value=0.0021 | surrogate=1.2734
  Outcomes:    9 episodes buffered
============================================================

Update Alice: Iter 63

============================================================
ALICE UPDATE 63
============================================================
  Rewards:     mean=-1.0000 | min=0.0000 | max=0.0000
  Losses:      value=0.0031 | surrogate=1.1165
  Outcomes:    9 episodes buffered
============================================================

[Phase] Env 2: Alice Failed | Moved: 0.027m < 0.01m threshold
[Reset] Env 2: Alice phase @ step 250/250 | Goals: 0/5 | Reason: Invalid Goal
[Reset] Env 10: Alice phase @ step 250/250 | Goals: 0/5 | Reason: Invalid Goal
[Reset] Env 15: Alice phase @ step 250/250 | Goals: 0/5 | Reason: Invalid Goal
[Reset] Env 16: Alice phase @ step 250/250 | Goals: 0/5 | Reason: Invalid Goal
[Reset] Env 21: Alice phase @ step 250/250 | Goals: 0/5 | Reason: Invalid Goal
[Reset] Resetting objects to SAFE pose for 5 envs
[Reset] Resetting ROBOT joints for 5 envs
[Phase] Env 14: Alice Failed | Moved: 0.027m < 0.01m threshold
[Reset] Env 14: Alice phase @ step 250/250 | Goals: 0/5 | Reason: Invalid Goal
[Reset] Resetting objects to SAFE pose for 1 envs
[Reset] Resetting ROBOT joints for 1 envs
[Phase] Env 17: Alice→Bob | Valid Goal | Moved: 0.082m
[Phase] Env 0: Alice Failed | Moved: 0.027m < 0.01m threshold
[Phase] Env 17: Alice→Bob | Goal 1/5 | Alice completed 250/250 steps
[Reset] Alice->Bob Transition: Resetting Objects (Initial) & Robot (Default) for 1 envs
[Reset] Resetting ROBOT joints for 1 envs
[Reset] Env 0: Alice phase @ step 250/250 | Goals: 0/5 | Reason: Invalid Goal
[Reset] Env 1: Alice phase @ step 250/250 | Goals: 0/5 | Reason: Invalid Goal
[Reset] Env 3: Alice phase @ step 250/250 | Goals: 0/5 | Reason: Invalid Goal
[Reset] Env 4: Alice phase @ step 250/250 | Goals: 0/5 | Reason: Invalid Goal
[Reset] Env 5: Alice phase @ step 250/250 | Goals: 0/5 | Reason: Invalid Goal
[Reset] Env 6: Alice phase @ step 250/250 | Goals: 0/5 | Reason: Invalid Goal
[Reset] Env 7: Alice phase @ step 250/250 | Goals: 0/5 | Reason: Invalid Goal
[Reset] Env 8: Alice phase @ step 250/250 | Goals: 0/5 | Reason: Invalid Goal
[Reset] Env 9: Alice phase @ step 250/250 | Goals: 0/5 | Reason: Invalid Goal
[Reset] Env 11: Alice phase @ step 250/250 | Goals: 0/5 | Reason: Invalid Goal
[Reset] Env 12: Alice phase @ step 250/250 | Goals: 0/5 | Reason: Invalid Goal
[Reset] Env 13: Alice phase @ step 250/250 | Goals: 0/5 | Reason: Invalid Goal
[Reset] Env 18: Alice phase @ step 250/250 | Goals: 0/5 | Reason: Invalid Goal
[Reset] Env 19: Alice phase @ step 250/250 | Goals: 0/5 | Reason: Invalid Goal
[Reset] Env 20: Alice phase @ step 250/250 | Goals: 0/5 | Reason: Invalid Goal
[Reset] Env 22: Alice phase @ step 250/250 | Goals: 0/5 | Reason: Invalid Goal
[Reset] Env 24: Alice phase @ step 250/250 | Goals: 0/5 | Reason: Invalid Goal
[Reset] Resetting objects to SAFE pose for 17 envs
[Reset] Resetting ROBOT joints for 17 envs
Update Alice: Iter 64

============================================================
ALICE UPDATE 64
============================================================
  Rewards:     mean=-1.0000 | min=0.0000 | max=0.0000
  Losses:      value=0.0020 | surrogate=1.1805
  Outcomes:    9 episodes buffered
============================================================

Update Alice: Iter 65

============================================================
ALICE UPDATE 65
============================================================
  Rewards:     mean=-1.0000 | min=0.0000 | max=0.0000
  Losses:      value=0.0015 | surrogate=1.2427
  Outcomes:    9 episodes buffered
============================================================

[Bob Reward] +1.0
[Bob Reward] -1.0
[Phase] Env 2: Alice Failed | Moved: 0.027m < 0.01m threshold
[Reset] Env 2: Alice phase @ step 250/250 | Goals: 0/5 | Reason: Invalid Goal
[Reset] Env 10: Alice phase @ step 250/250 | Goals: 0/5 | Reason: Invalid Goal
[Reset] Env 15: Alice phase @ step 250/250 | Goals: 0/5 | Reason: Invalid Goal
[Reset] Env 16: Alice phase @ step 250/250 | Goals: 0/5 | Reason: Invalid Goal
[Reset] Env 21: Alice phase @ step 250/250 | Goals: 0/5 | Reason: Invalid Goal
[Reset] Resetting objects to SAFE pose for 5 envs
[Reset] Resetting ROBOT joints for 5 envs
[Phase] Env 23: Bob FAILURE | Steps: 600/600
[Reset] Env 23: Bob phase @ step 600/600 | Goals: 1/5 | Reason: Bob Failed (or Max Goals)
[Reset] Resetting objects to SAFE pose for 1 envs
[Reset] Resetting ROBOT joints for 1 envs
Update Alice: Iter 66

============================================================
ALICE UPDATE 66
============================================================
  Rewards:     mean=-0.2222 | min=0.0000 | max=0.0000
  Losses:      value=0.0592 | surrogate=0.0990
  Outcomes:    9 episodes buffered
============================================================

[Phase] Env 14: Alice→Bob | Valid Goal | Moved: 0.091m
[Phase] Env 14: Alice→Bob | Goal 1/5 | Alice completed 250/250 steps
[Reset] Alice->Bob Transition: Resetting Objects (Initial) & Robot (Default) for 1 envs
[Reset] Resetting ROBOT joints for 1 envs
[Phase] Env 0: Alice Failed | Moved: 0.035m < 0.01m threshold
[Reset] Env 0: Alice phase @ step 250/250 | Goals: 0/5 | Reason: Invalid Goal
[Reset] Env 1: Alice phase @ step 250/250 | Goals: 0/5 | Reason: Invalid Goal
[Reset] Env 3: Alice phase @ step 250/250 | Goals: 0/5 | Reason: Invalid Goal
[Reset] Env 4: Alice phase @ step 250/250 | Goals: 0/5 | Reason: Invalid Goal
[Reset] Env 5: Alice phase @ step 250/250 | Goals: 0/5 | Reason: Invalid Goal
[Reset] Env 6: Alice phase @ step 250/250 | Goals: 0/5 | Reason: Invalid Goal
[Reset] Env 7: Alice phase @ step 250/250 | Goals: 0/5 | Reason: Invalid Goal
[Reset] Env 8: Alice phase @ step 250/250 | Goals: 0/5 | Reason: Invalid Goal
[Reset] Env 9: Alice phase @ step 250/250 | Goals: 0/5 | Reason: Invalid Goal
[Reset] Env 11: Alice phase @ step 250/250 | Goals: 0/5 | Reason: Invalid Goal
[Reset] Env 12: Alice phase @ step 250/250 | Goals: 0/5 | Reason: Invalid Goal
[Reset] Env 13: Alice phase @ step 250/250 | Goals: 0/5 | Reason: Invalid Goal
[Reset] Env 18: Alice phase @ step 250/250 | Goals: 0/5 | Reason: Invalid Goal
[Reset] Env 19: Alice phase @ step 250/250 | Goals: 0/5 | Reason: Invalid Goal
[Reset] Env 20: Alice phase @ step 250/250 | Goals: 0/5 | Reason: Invalid Goal
[Reset] Env 22: Alice phase @ step 250/250 | Goals: 0/5 | Reason: Invalid Goal
[Reset] Env 24: Alice phase @ step 250/250 | Goals: 0/5 | Reason: Invalid Goal
[Reset] Resetting objects to SAFE pose for 17 envs
[Reset] Resetting ROBOT joints for 17 envs
Update Alice: Iter 67

============================================================
ALICE UPDATE 67
============================================================
  Rewards:     mean=-1.0000 | min=0.0000 | max=0.0000
  Losses:      value=0.0052 | surrogate=1.2121
  Outcomes:    9 episodes buffered
============================================================

Update Alice: Iter 68

============================================================
ALICE UPDATE 68
============================================================
  Rewards:     mean=-1.0000 | min=0.0000 | max=0.0000
  Losses:      value=0.0032 | surrogate=1.2448
  Outcomes:    9 episodes buffered
============================================================

[Phase] Env 2: Alice Failed | Moved: 0.027m < 0.01m threshold
[Reset] Env 2: Alice phase @ step 250/250 | Goals: 0/5 | Reason: Invalid Goal
[Reset] Env 10: Alice phase @ step 250/250 | Goals: 0/5 | Reason: Invalid Goal
[Reset] Env 15: Alice phase @ step 250/250 | Goals: 0/5 | Reason: Invalid Goal
[Reset] Env 16: Alice phase @ step 250/250 | Goals: 0/5 | Reason: Invalid Goal
[Reset] Env 21: Alice phase @ step 250/250 | Goals: 0/5 | Reason: Invalid Goal
[Reset] Env 23: Alice phase @ step 250/250 | Goals: 0/5 | Reason: Invalid Goal
[Reset] Resetting objects to SAFE pose for 6 envs
[Reset] Resetting ROBOT joints for 6 envs
Update Alice: Iter 69

============================================================
ALICE UPDATE 69
============================================================
  Rewards:     mean=-1.0000 | min=0.0000 | max=0.0000
  Losses:      value=0.0020 | surrogate=1.4176
  Outcomes:    9 episodes buffered
============================================================

[Bob Reward] -1.0
[Phase] Env 22: Alice→Bob | Valid Goal | Moved: 0.057m
[Phase] Env 0: Alice Failed | Moved: 0.027m < 0.01m threshold
[Phase] Env 22: Alice→Bob | Goal 1/5 | Alice completed 250/250 steps
[Reset] Alice->Bob Transition: Resetting Objects (Initial) & Robot (Default) for 1 envs
[Reset] Resetting ROBOT joints for 1 envs
[Reset] Env 0: Alice phase @ step 250/250 | Goals: 0/5 | Reason: Invalid Goal
[Reset] Env 1: Alice phase @ step 250/250 | Goals: 0/5 | Reason: Invalid Goal
[Reset] Env 3: Alice phase @ step 250/250 | Goals: 0/5 | Reason: Invalid Goal
[Reset] Env 4: Alice phase @ step 250/250 | Goals: 0/5 | Reason: Invalid Goal
[Reset] Env 5: Alice phase @ step 250/250 | Goals: 0/5 | Reason: Invalid Goal
[Reset] Env 6: Alice phase @ step 250/250 | Goals: 0/5 | Reason: Invalid Goal
[Reset] Env 7: Alice phase @ step 250/250 | Goals: 0/5 | Reason: Invalid Goal
[Reset] Env 8: Alice phase @ step 250/250 | Goals: 0/5 | Reason: Invalid Goal
[Reset] Env 9: Alice phase @ step 250/250 | Goals: 0/5 | Reason: Invalid Goal
[Reset] Env 11: Alice phase @ step 250/250 | Goals: 0/5 | Reason: Invalid Goal
[Reset] Env 12: Alice phase @ step 250/250 | Goals: 0/5 | Reason: Invalid Goal
[Reset] Env 13: Alice phase @ step 250/250 | Goals: 0/5 | Reason: Invalid Goal
[Reset] Env 18: Alice phase @ step 250/250 | Goals: 0/5 | Reason: Invalid Goal
[Reset] Env 19: Alice phase @ step 250/250 | Goals: 0/5 | Reason: Invalid Goal
[Reset] Env 20: Alice phase @ step 250/250 | Goals: 0/5 | Reason: Invalid Goal
[Reset] Env 24: Alice phase @ step 250/250 | Goals: 0/5 | Reason: Invalid Goal
[Reset] Resetting objects to SAFE pose for 16 envs
[Reset] Resetting ROBOT joints for 16 envs
Update Alice: Iter 70

============================================================
ALICE UPDATE 70
============================================================
  Rewards:     mean=-1.0000 | min=0.0000 | max=0.0000
  Losses:      value=0.0010 | surrogate=1.6736
  Outcomes:    9 episodes buffered
============================================================

[Bob Reward] +1.0
[Phase] Env 2: Alice→Bob | Valid Goal | Moved: 0.106m
[Phase] Env 10: Alice Failed | Moved: 0.027m < 0.01m threshold
[Phase] Env 2: Alice→Bob | Goal 1/5 | Alice completed 250/250 steps
[Reset] Alice->Bob Transition: Resetting Objects (Initial) & Robot (Default) for 1 envs
[Reset] Resetting ROBOT joints for 1 envs
[Reset] Env 10: Alice phase @ step 250/250 | Goals: 0/5 | Reason: Invalid Goal
[Reset] Env 15: Alice phase @ step 250/250 | Goals: 0/5 | Reason: Invalid Goal
[Reset] Env 16: Alice phase @ step 250/250 | Goals: 0/5 | Reason: Invalid Goal
[Reset] Env 21: Alice phase @ step 250/250 | Goals: 0/5 | Reason: Invalid Goal
[Reset] Env 23: Alice phase @ step 250/250 | Goals: 0/5 | Reason: Invalid Goal
[Reset] Resetting objects to SAFE pose for 5 envs
[Reset] Resetting ROBOT joints for 5 envs
[Phase] Env 17: Bob FAILURE | Steps: 600/600
[Reset] Env 17: Bob phase @ step 600/600 | Goals: 1/5 | Reason: Bob Failed (or Max Goals)
[Reset] Resetting objects to SAFE pose for 1 envs
[Reset] Resetting ROBOT joints for 1 envs
Update Alice: Iter 71

============================================================
ALICE UPDATE 71
============================================================
  Rewards:     mean=-0.2222 | min=0.0000 | max=0.0000
  Losses:      value=0.0548 | surrogate=0.1404
  Outcomes:    9 episodes buffered
============================================================

[Phase] Env 7: Alice→Bob | Valid Goal | Moved: 0.085m
[Phase] Env 0: Alice Failed | Moved: 0.027m < 0.01m threshold
[Phase] Env 7: Alice→Bob | Goal 1/5 | Alice completed 250/250 steps
[Reset] Alice->Bob Transition: Resetting Objects (Initial) & Robot (Default) for 1 envs
[Reset] Resetting ROBOT joints for 1 envs
[Reset] Env 0: Alice phase @ step 250/250 | Goals: 0/5 | Reason: Invalid Goal
[Reset] Env 1: Alice phase @ step 250/250 | Goals: 0/5 | Reason: Invalid Goal
[Reset] Env 3: Alice phase @ step 250/250 | Goals: 0/5 | Reason: Invalid Goal
[Reset] Env 4: Alice phase @ step 250/250 | Goals: 0/5 | Reason: Invalid Goal
[Reset] Env 5: Alice phase @ step 250/250 | Goals: 0/5 | Reason: Invalid Goal
[Reset] Env 6: Alice phase @ step 250/250 | Goals: 0/5 | Reason: Invalid Goal
[Reset] Env 8: Alice phase @ step 250/250 | Goals: 0/5 | Reason: Invalid Goal
[Reset] Env 9: Alice phase @ step 250/250 | Goals: 0/5 | Reason: Invalid Goal
[Reset] Env 11: Alice phase @ step 250/250 | Goals: 0/5 | Reason: Invalid Goal
[Reset] Env 12: Alice phase @ step 250/250 | Goals: 0/5 | Reason: Invalid Goal
[Reset] Env 13: Alice phase @ step 250/250 | Goals: 0/5 | Reason: Invalid Goal
[Reset] Env 18: Alice phase @ step 250/250 | Goals: 0/5 | Reason: Invalid Goal
[Reset] Env 19: Alice phase @ step 250/250 | Goals: 0/5 | Reason: Invalid Goal
[Reset] Env 20: Alice phase @ step 250/250 | Goals: 0/5 | Reason: Invalid Goal
[Reset] Env 24: Alice phase @ step 250/250 | Goals: 0/5 | Reason: Invalid Goal
[Reset] Resetting objects to SAFE pose for 15 envs
[Reset] Resetting ROBOT joints for 15 envs
Update Alice: Iter 72

============================================================
ALICE UPDATE 72
============================================================
  Rewards:     mean=-1.0000 | min=0.0000 | max=0.0000
  Losses:      value=0.0041 | surrogate=1.0956
  Outcomes:    9 episodes buffered
============================================================

Update Alice: Iter 73

============================================================
ALICE UPDATE 73
============================================================
  Rewards:     mean=-1.0000 | min=0.0000 | max=0.0000
  Losses:      value=0.0024 | surrogate=1.1025
  Outcomes:    9 episodes buffered
============================================================

Update Bob: Iter 1

============================================================
BOB UPDATE 1
============================================================
  Success Rate: 0.1111 (9 eps)
  Rewards:      mean=0.0003
  Losses:       value=0.0345 | surrogate=1.5245 | ABC=1.2150
  Errors:       pos=0.0916 | rot=0.0233
============================================================

[Phase] Env 14: Bob FAILURE | Steps: 600/600
[Reset] Env 14: Bob phase @ step 600/600 | Goals: 1/5 | Reason: Bob Failed (or Max Goals)
[Reset] Resetting objects to SAFE pose for 1 envs
[Reset] Resetting ROBOT joints for 1 envs
[Phase] Env 10: Alice Failed | Moved: 0.027m < 0.01m threshold
[Reset] Env 10: Alice phase @ step 250/250 | Goals: 0/5 | Reason: Invalid Goal
[Reset] Env 15: Alice phase @ step 250/250 | Goals: 0/5 | Reason: Invalid Goal
[Reset] Env 16: Alice phase @ step 250/250 | Goals: 0/5 | Reason: Invalid Goal
[Reset] Env 17: Alice phase @ step 250/250 | Goals: 0/5 | Reason: Invalid Goal
[Reset] Env 21: Alice phase @ step 250/250 | Goals: 0/5 | Reason: Invalid Goal
[Reset] Env 23: Alice phase @ step 250/250 | Goals: 0/5 | Reason: Invalid Goal
[Reset] Resetting objects to SAFE pose for 6 envs
[Reset] Resetting ROBOT joints for 6 envs
[Bob Reward] -1.0
[Phase] Env 0: Alice Failed | Moved: 0.027m < 0.01m threshold
[Reset] Env 0: Alice phase @ step 250/250 | Goals: 0/5 | Reason: Invalid Goal
[Reset] Env 1: Alice phase @ step 250/250 | Goals: 0/5 | Reason: Invalid Goal
[Reset] Env 3: Alice phase @ step 250/250 | Goals: 0/5 | Reason: Invalid Goal
[Reset] Env 4: Alice phase @ step 250/250 | Goals: 0/5 | Reason: Invalid Goal
[Reset] Env 5: Alice phase @ step 250/250 | Goals: 0/5 | Reason: Invalid Goal
[Reset] Env 6: Alice phase @ step 250/250 | Goals: 0/5 | Reason: Invalid Goal
[Reset] Env 8: Alice phase @ step 250/250 | Goals: 0/5 | Reason: Invalid Goal
[Reset] Env 9: Alice phase @ step 250/250 | Goals: 0/5 | Reason: Invalid Goal
[Reset] Env 11: Alice phase @ step 250/250 | Goals: 0/5 | Reason: Invalid Goal
[Reset] Env 12: Alice phase @ step 250/250 | Goals: 0/5 | Reason: Invalid Goal
[Reset] Env 13: Alice phase @ step 250/250 | Goals: 0/5 | Reason: Invalid Goal
[Reset] Env 18: Alice phase @ step 250/250 | Goals: 0/5 | Reason: Invalid Goal
[Reset] Env 19: Alice phase @ step 250/250 | Goals: 0/5 | Reason: Invalid Goal
[Reset] Env 20: Alice phase @ step 250/250 | Goals: 0/5 | Reason: Invalid Goal
[Reset] Env 24: Alice phase @ step 250/250 | Goals: 0/5 | Reason: Invalid Goal
[Reset] Resetting objects to SAFE pose for 15 envs
[Reset] Resetting ROBOT joints for 15 envs
Update Alice: Iter 74

============================================================
ALICE UPDATE 74
============================================================
  Rewards:     mean=-0.2222 | min=0.0000 | max=0.0000
  Losses:      value=0.1864 | surrogate=0.0926
  Outcomes:    9 episodes buffered
============================================================

Update Alice: Iter 75

============================================================
ALICE UPDATE 75
============================================================
  Rewards:     mean=-1.0000 | min=0.0000 | max=0.0000
  Losses:      value=0.0114 | surrogate=1.0083
  Outcomes:    9 episodes buffered
============================================================

[Phase] Env 14: Alice Failed | Moved: 0.027m < 0.01m threshold
[Reset] Env 14: Alice phase @ step 250/250 | Goals: 0/5 | Reason: Invalid Goal
[Reset] Resetting objects to SAFE pose for 1 envs
[Reset] Resetting ROBOT joints for 1 envs
[Phase] Env 10: Alice Failed | Moved: 0.027m < 0.01m threshold
[Reset] Env 10: Alice phase @ step 250/250 | Goals: 0/5 | Reason: Invalid Goal
[Reset] Env 15: Alice phase @ step 250/250 | Goals: 0/5 | Reason: Invalid Goal
[Reset] Env 16: Alice phase @ step 250/250 | Goals: 0/5 | Reason: Invalid Goal
[Reset] Env 17: Alice phase @ step 250/250 | Goals: 0/5 | Reason: Invalid Goal
[Reset] Env 21: Alice phase @ step 250/250 | Goals: 0/5 | Reason: Invalid Goal
[Reset] Env 23: Alice phase @ step 250/250 | Goals: 0/5 | Reason: Invalid Goal
[Reset] Resetting objects to SAFE pose for 6 envs
[Reset] Resetting ROBOT joints for 6 envs
[Phase] Env 22: Bob FAILURE | Steps: 600/600
[Reset] Env 22: Bob phase @ step 600/600 | Goals: 1/5 | Reason: Bob Failed (or Max Goals)
[Reset] Resetting objects to SAFE pose for 1 envs
[Reset] Resetting ROBOT joints for 1 envs
Update Alice: Iter 76

============================================================
ALICE UPDATE 76
============================================================
  Rewards:     mean=-0.2222 | min=0.0000 | max=0.0000
  Losses:      value=0.0633 | surrogate=0.2025
  Outcomes:    9 episodes buffered
============================================================

[Phase] Env 2: Bob FAILURE | Steps: 600/600
[Reset] Env 2: Bob phase @ step 600/600 | Goals: 1/5 | Reason: Bob Failed (or Max Goals)
[Reset] Resetting objects to SAFE pose for 1 envs
[Reset] Resetting ROBOT joints for 1 envs
[Phase] Env 18: Alice→Bob | Valid Goal | Moved: 0.064m
[Phase] Env 0: Alice Failed | Moved: 0.039m < 0.01m threshold
[Phase] Env 18: Alice→Bob | Goal 1/5 | Alice completed 250/250 steps
[Reset] Alice->Bob Transition: Resetting Objects (Initial) & Robot (Default) for 1 envs
[Reset] Resetting ROBOT joints for 1 envs
[Reset] Env 0: Alice phase @ step 250/250 | Goals: 0/5 | Reason: Invalid Goal
[Reset] Env 1: Alice phase @ step 250/250 | Goals: 0/5 | Reason: Invalid Goal
[Reset] Env 3: Alice phase @ step 250/250 | Goals: 0/5 | Reason: Invalid Goal
[Reset] Env 4: Alice phase @ step 250/250 | Goals: 0/5 | Reason: Invalid Goal
[Reset] Env 5: Alice phase @ step 250/250 | Goals: 0/5 | Reason: Invalid Goal
[Reset] Env 6: Alice phase @ step 250/250 | Goals: 0/5 | Reason: Invalid Goal
[Reset] Env 8: Alice phase @ step 250/250 | Goals: 0/5 | Reason: Invalid Goal
[Reset] Env 9: Alice phase @ step 250/250 | Goals: 0/5 | Reason: Invalid Goal
[Reset] Env 11: Alice phase @ step 250/250 | Goals: 0/5 | Reason: Invalid Goal
[Reset] Env 12: Alice phase @ step 250/250 | Goals: 0/5 | Reason: Invalid Goal
[Reset] Env 13: Alice phase @ step 250/250 | Goals: 0/5 | Reason: Invalid Goal
[Reset] Env 19: Alice phase @ step 250/250 | Goals: 0/5 | Reason: Invalid Goal
[Reset] Env 20: Alice phase @ step 250/250 | Goals: 0/5 | Reason: Invalid Goal
[Reset] Env 24: Alice phase @ step 250/250 | Goals: 0/5 | Reason: Invalid Goal
[Reset] Resetting objects to SAFE pose for 14 envs
[Reset] Resetting ROBOT joints for 14 envs
Update Alice: Iter 77

============================================================
ALICE UPDATE 77
============================================================
  Rewards:     mean=-0.2222 | min=0.0000 | max=0.0000
  Losses:      value=0.2046 | surrogate=0.2408
  Outcomes:    9 episodes buffered
============================================================

Update Alice: Iter 78

============================================================
ALICE UPDATE 78
============================================================
  Rewards:     mean=-1.0000 | min=0.0000 | max=0.0000
  Losses:      value=0.0082 | surrogate=1.1575
  Outcomes:    9 episodes buffered
============================================================

[Bob Reward] +1.0
[Phase] Env 14: Alice Failed | Moved: 0.027m < 0.01m threshold
[Reset] Env 14: Alice phase @ step 250/250 | Goals: 0/5 | Reason: Invalid Goal
[Reset] Resetting objects to SAFE pose for 1 envs
[Reset] Resetting ROBOT joints for 1 envs
[Phase] Env 23: Alice→Bob | Valid Goal | Moved: 0.065m
[Phase] Env 10: Alice Failed | Moved: 0.027m < 0.01m threshold
[Phase] Env 23: Alice→Bob | Goal 1/5 | Alice completed 250/250 steps
[Reset] Alice->Bob Transition: Resetting Objects (Initial) & Robot (Default) for 1 envs
[Reset] Resetting ROBOT joints for 1 envs
[Reset] Env 10: Alice phase @ step 250/250 | Goals: 0/5 | Reason: Invalid Goal
[Reset] Env 15: Alice phase @ step 250/250 | Goals: 0/5 | Reason: Invalid Goal
[Reset] Env 16: Alice phase @ step 250/250 | Goals: 0/5 | Reason: Invalid Goal
[Reset] Env 17: Alice phase @ step 250/250 | Goals: 0/5 | Reason: Invalid Goal
[Reset] Env 21: Alice phase @ step 250/250 | Goals: 0/5 | Reason: Invalid Goal
[Reset] Env 22: Alice phase @ step 250/250 | Goals: 0/5 | Reason: Invalid Goal
[Reset] Resetting objects to SAFE pose for 6 envs
[Reset] Resetting ROBOT joints for 6 envs
[Phase] Env 7: Bob FAILURE | Steps: 600/600
[Reset] Env 7: Bob phase @ step 600/600 | Goals: 1/5 | Reason: Bob Failed (or Max Goals)
[Reset] Resetting objects to SAFE pose for 1 envs
[Reset] Resetting ROBOT joints for 1 envs
Update Alice: Iter 79

============================================================
ALICE UPDATE 79
============================================================
  Rewards:     mean=-0.2222 | min=0.0000 | max=0.0000
  Losses:      value=0.1216 | surrogate=0.2825
  Outcomes:    9 episodes buffered
============================================================

[Phase] Env 2: Alice Failed | Moved: 0.027m < 0.01m threshold
[Reset] Env 2: Alice phase @ step 250/250 | Goals: 0/5 | Reason: Invalid Goal
[Reset] Resetting objects to SAFE pose for 1 envs
[Reset] Resetting ROBOT joints for 1 envs
[Phase] Env 0: Alice→Bob | Valid Goal | Moved: 0.078m
[Phase] Env 1: Alice Failed | Moved: 0.027m < 0.01m threshold
[Phase] Env 0: Alice→Bob | Goal 1/5 | Alice completed 250/250 steps
[Reset] Alice->Bob Transition: Resetting Objects (Initial) & Robot (Default) for 1 envs
[Reset] Resetting ROBOT joints for 1 envs
[Reset] Env 1: Alice phase @ step 250/250 | Goals: 0/5 | Reason: Invalid Goal
[Reset] Env 3: Alice phase @ step 250/250 | Goals: 0/5 | Reason: Invalid Goal
[Reset] Env 4: Alice phase @ step 250/250 | Goals: 0/5 | Reason: Invalid Goal
[Reset] Env 5: Alice phase @ step 250/250 | Goals: 0/5 | Reason: Invalid Goal
[Reset] Env 6: Alice phase @ step 250/250 | Goals: 0/5 | Reason: Invalid Goal
[Reset] Env 8: Alice phase @ step 250/250 | Goals: 0/5 | Reason: Invalid Goal
[Reset] Env 9: Alice phase @ step 250/250 | Goals: 0/5 | Reason: Invalid Goal
[Reset] Env 11: Alice phase @ step 250/250 | Goals: 0/5 | Reason: Invalid Goal
[Reset] Env 12: Alice phase @ step 250/250 | Goals: 0/5 | Reason: Invalid Goal
[Reset] Env 13: Alice phase @ step 250/250 | Goals: 0/5 | Reason: Invalid Goal
[Reset] Env 19: Alice phase @ step 250/250 | Goals: 0/5 | Reason: Invalid Goal
[Reset] Env 20: Alice phase @ step 250/250 | Goals: 0/5 | Reason: Invalid Goal
[Reset] Env 24: Alice phase @ step 250/250 | Goals: 0/5 | Reason: Invalid Goal
[Reset] Resetting objects to SAFE pose for 13 envs
[Reset] Resetting ROBOT joints for 13 envs
Update Alice: Iter 80

============================================================
ALICE UPDATE 80
============================================================
  Rewards:     mean=-1.0000 | min=0.0000 | max=0.0000
  Losses:      value=0.0222 | surrogate=0.8916
  Outcomes:    9 episodes buffered
============================================================

[Phase] Env 14: Alice Failed | Moved: 0.027m < 0.01m threshold
[Reset] Env 14: Alice phase @ step 250/250 | Goals: 0/5 | Reason: Invalid Goal
[Reset] Resetting objects to SAFE pose for 1 envs
[Reset] Resetting ROBOT joints for 1 envs
[Phase] Env 10: Alice→Bob | Valid Goal | Moved: 0.100m
[Phase] Env 7: Alice Failed | Moved: 0.027m < 0.01m threshold
[Phase] Env 10: Alice→Bob | Goal 1/5 | Alice completed 250/250 steps
[Reset] Alice->Bob Transition: Resetting Objects (Initial) & Robot (Default) for 1 envs
[Reset] Resetting ROBOT joints for 1 envs
[Reset] Env 7: Alice phase @ step 250/250 | Goals: 0/5 | Reason: Invalid Goal
[Reset] Env 15: Alice phase @ step 250/250 | Goals: 0/5 | Reason: Invalid Goal
[Reset] Env 16: Alice phase @ step 250/250 | Goals: 0/5 | Reason: Invalid Goal
[Reset] Env 17: Alice phase @ step 250/250 | Goals: 0/5 | Reason: Invalid Goal
[Reset] Env 21: Alice phase @ step 250/250 | Goals: 0/5 | Reason: Invalid Goal
[Reset] Env 22: Alice phase @ step 250/250 | Goals: 0/5 | Reason: Invalid Goal
[Reset] Resetting objects to SAFE pose for 6 envs
[Reset] Resetting ROBOT joints for 6 envs
Update Alice: Iter 81

============================================================
ALICE UPDATE 81
============================================================
  Rewards:     mean=-1.0000 | min=0.0000 | max=0.0000
  Losses:      value=0.0085 | surrogate=1.3408
  Outcomes:    9 episodes buffered
============================================================

[Bob Reward] +1.0
[Phase] Env 2: Alice Failed | Moved: 0.027m < 0.01m threshold
[Reset] Env 2: Alice phase @ step 250/250 | Goals: 0/5 | Reason: Invalid Goal
[Reset] Resetting objects to SAFE pose for 1 envs
[Reset] Resetting ROBOT joints for 1 envs
[Phase] Env 1: Alice Failed | Moved: 0.039m < 0.01m threshold
[Reset] Env 1: Alice phase @ step 250/250 | Goals: 0/5 | Reason: Invalid Goal
[Reset] Env 3: Alice phase @ step 250/250 | Goals: 0/5 | Reason: Invalid Goal
[Reset] Env 4: Alice phase @ step 250/250 | Goals: 0/5 | Reason: Invalid Goal
[Reset] Env 5: Alice phase @ step 250/250 | Goals: 0/5 | Reason: Invalid Goal
[Reset] Env 6: Alice phase @ step 250/250 | Goals: 0/5 | Reason: Invalid Goal
[Reset] Env 8: Alice phase @ step 250/250 | Goals: 0/5 | Reason: Invalid Goal
[Reset] Env 9: Alice phase @ step 250/250 | Goals: 0/5 | Reason: Invalid Goal
[Reset] Env 11: Alice phase @ step 250/250 | Goals: 0/5 | Reason: Invalid Goal
[Reset] Env 12: Alice phase @ step 250/250 | Goals: 0/5 | Reason: Invalid Goal
[Reset] Env 13: Alice phase @ step 250/250 | Goals: 0/5 | Reason: Invalid Goal
[Reset] Env 19: Alice phase @ step 250/250 | Goals: 0/5 | Reason: Invalid Goal
[Reset] Env 20: Alice phase @ step 250/250 | Goals: 0/5 | Reason: Invalid Goal
[Reset] Env 24: Alice phase @ step 250/250 | Goals: 0/5 | Reason: Invalid Goal
[Reset] Resetting objects to SAFE pose for 13 envs
[Reset] Resetting ROBOT joints for 13 envs
Update Alice: Iter 82

============================================================
ALICE UPDATE 82
============================================================
  Rewards:     mean=-1.0000 | min=0.0000 | max=0.0000
  Losses:      value=0.0087 | surrogate=1.3158
  Outcomes:    9 episodes buffered
============================================================

[Phase] Env 14: Alice Failed | Moved: 0.027m < 0.01m threshold
[Reset] Env 14: Alice phase @ step 250/250 | Goals: 0/5 | Reason: Invalid Goal
[Reset] Resetting objects to SAFE pose for 1 envs
[Reset] Resetting ROBOT joints for 1 envs
Update Alice: Iter 83

============================================================
ALICE UPDATE 83
============================================================
  Rewards:     mean=-1.0000 | min=0.0000 | max=0.0000
  Losses:      value=0.0066 | surrogate=1.6131
  Outcomes:    9 episodes buffered
============================================================

[Bob Reward] -1.0
[Bob Reward] -1.0
[Phase] Env 7: Alice Failed | Moved: 0.027m < 0.01m threshold
[Reset] Env 7: Alice phase @ step 250/250 | Goals: 0/5 | Reason: Invalid Goal
[Reset] Env 15: Alice phase @ step 250/250 | Goals: 0/5 | Reason: Invalid Goal
[Reset] Env 16: Alice phase @ step 250/250 | Goals: 0/5 | Reason: Invalid Goal
[Reset] Env 17: Alice phase @ step 250/250 | Goals: 0/5 | Reason: Invalid Goal
[Reset] Env 21: Alice phase @ step 250/250 | Goals: 0/5 | Reason: Invalid Goal
[Reset] Env 22: Alice phase @ step 250/250 | Goals: 0/5 | Reason: Invalid Goal
[Reset] Resetting objects to SAFE pose for 6 envs
[Reset] Resetting ROBOT joints for 6 envs
[Phase] Env 18: Bob FAILURE | Steps: 600/600
[Reset] Env 18: Bob phase @ step 600/600 | Goals: 1/5 | Reason: Bob Failed (or Max Goals)
[Reset] Resetting objects to SAFE pose for 1 envs
[Reset] Resetting ROBOT joints for 1 envs
[Phase] Env 2: Alice Failed | Moved: 0.027m < 0.01m threshold
[Reset] Env 2: Alice phase @ step 250/250 | Goals: 0/5 | Reason: Invalid Goal
[Reset] Resetting objects to SAFE pose for 1 envs
[Reset] Resetting ROBOT joints for 1 envs
[Phase] Env 23: Bob FAILURE | Steps: 600/600
[Reset] Env 23: Bob phase @ step 600/600 | Goals: 1/5 | Reason: Bob Failed (or Max Goals)
[Reset] Resetting objects to SAFE pose for 1 envs
[Reset] Resetting ROBOT joints for 1 envs
Update Alice: Iter 84

============================================================
ALICE UPDATE 84
============================================================
  Rewards:     mean=0.5556 | min=0.0000 | max=0.0000
  Losses:      value=0.2214 | surrogate=0.2059
  Outcomes:    9 episodes buffered
============================================================

[Phase] Env 1: Alice Failed | Moved: 0.027m < 0.01m threshold
[Reset] Env 1: Alice phase @ step 250/250 | Goals: 0/5 | Reason: Invalid Goal
[Reset] Env 3: Alice phase @ step 250/250 | Goals: 0/5 | Reason: Invalid Goal
[Reset] Env 4: Alice phase @ step 250/250 | Goals: 0/5 | Reason: Invalid Goal
[Reset] Env 5: Alice phase @ step 250/250 | Goals: 0/5 | Reason: Invalid Goal
[Reset] Env 6: Alice phase @ step 250/250 | Goals: 0/5 | Reason: Invalid Goal
[Reset] Env 8: Alice phase @ step 250/250 | Goals: 0/5 | Reason: Invalid Goal
[Reset] Env 9: Alice phase @ step 250/250 | Goals: 0/5 | Reason: Invalid Goal
[Reset] Env 11: Alice phase @ step 250/250 | Goals: 0/5 | Reason: Invalid Goal
[Reset] Env 12: Alice phase @ step 250/250 | Goals: 0/5 | Reason: Invalid Goal
[Reset] Env 13: Alice phase @ step 250/250 | Goals: 0/5 | Reason: Invalid Goal
[Reset] Env 19: Alice phase @ step 250/250 | Goals: 0/5 | Reason: Invalid Goal
[Reset] Env 20: Alice phase @ step 250/250 | Goals: 0/5 | Reason: Invalid Goal
[Reset] Env 24: Alice phase @ step 250/250 | Goals: 0/5 | Reason: Invalid Goal
[Reset] Resetting objects to SAFE pose for 13 envs
[Reset] Resetting ROBOT joints for 13 envs
Update Alice: Iter 85

============================================================
ALICE UPDATE 85
============================================================
  Rewards:     mean=-1.0000 | min=0.0000 | max=0.0000
  Losses:      value=0.0149 | surrogate=1.1647
  Outcomes:    9 episodes buffered
============================================================

[Phase] Env 14: Alice Failed | Moved: 0.027m < 0.01m threshold
[Reset] Env 14: Alice phase @ step 250/250 | Goals: 0/5 | Reason: Invalid Goal
[Reset] Resetting objects to SAFE pose for 1 envs
[Reset] Resetting ROBOT joints for 1 envs
[Phase] Env 7: Alice Failed | Moved: 0.027m < 0.01m threshold
[Reset] Env 7: Alice phase @ step 250/250 | Goals: 0/5 | Reason: Invalid Goal
[Reset] Env 15: Alice phase @ step 250/250 | Goals: 0/5 | Reason: Invalid Goal
[Reset] Env 16: Alice phase @ step 250/250 | Goals: 0/5 | Reason: Invalid Goal
[Reset] Env 17: Alice phase @ step 250/250 | Goals: 0/5 | Reason: Invalid Goal
[Reset] Env 18: Alice phase @ step 250/250 | Goals: 0/5 | Reason: Invalid Goal
[Reset] Env 21: Alice phase @ step 250/250 | Goals: 0/5 | Reason: Invalid Goal
[Reset] Env 22: Alice phase @ step 250/250 | Goals: 0/5 | Reason: Invalid Goal
[Reset] Resetting objects to SAFE pose for 7 envs
[Reset] Resetting ROBOT joints for 7 envs
[Phase] Env 0: Bob FAILURE | Steps: 600/600
[Reset] Env 0: Bob phase @ step 600/600 | Goals: 1/5 | Reason: Bob Failed (or Max Goals)
[Reset] Resetting objects to SAFE pose for 1 envs
[Reset] Resetting ROBOT joints for 1 envs
Update Alice: Iter 86

============================================================
ALICE UPDATE 86
============================================================
  Rewards:     mean=-0.2222 | min=0.0000 | max=0.0000
  Losses:      value=0.1655 | surrogate=0.3466
  Outcomes:    9 episodes buffered
============================================================

[Phase] Env 2: Alice Failed | Moved: 0.027m < 0.01m threshold
[Reset] Env 2: Alice phase @ step 250/250 | Goals: 0/5 | Reason: Invalid Goal
[Reset] Env 23: Alice phase @ step 250/250 | Goals: 0/5 | Reason: Invalid Goal
[Reset] Resetting objects to SAFE pose for 2 envs
[Reset] Resetting ROBOT joints for 2 envs
[Phase] Env 10: Bob FAILURE | Steps: 600/600
[Reset] Env 10: Bob phase @ step 600/600 | Goals: 1/5 | Reason: Bob Failed (or Max Goals)
[Reset] Resetting objects to SAFE pose for 1 envs
[Reset] Resetting ROBOT joints for 1 envs
[Phase] Env 19: Alice→Bob | Valid Goal | Moved: 0.186m
[Phase] Env 1: Alice Failed | Moved: 0.027m < 0.01m threshold
[Phase] Env 19: Alice→Bob | Goal 1/5 | Alice completed 250/250 steps
[Reset] Alice->Bob Transition: Resetting Objects (Initial) & Robot (Default) for 1 envs
[Reset] Resetting ROBOT joints for 1 envs
[Reset] Env 1: Alice phase @ step 250/250 | Goals: 0/5 | Reason: Invalid Goal
[Reset] Env 3: Alice phase @ step 250/250 | Goals: 0/5 | Reason: Invalid Goal
[Reset] Env 4: Alice phase @ step 250/250 | Goals: 0/5 | Reason: Invalid Goal
[Reset] Env 5: Alice phase @ step 250/250 | Goals: 0/5 | Reason: Invalid Goal
[Reset] Env 6: Alice phase @ step 250/250 | Goals: 0/5 | Reason: Invalid Goal
[Reset] Env 8: Alice phase @ step 250/250 | Goals: 0/5 | Reason: Invalid Goal
[Reset] Env 9: Alice phase @ step 250/250 | Goals: 0/5 | Reason: Invalid Goal
[Reset] Env 11: Alice phase @ step 250/250 | Goals: 0/5 | Reason: Invalid Goal
[Reset] Env 12: Alice phase @ step 250/250 | Goals: 0/5 | Reason: Invalid Goal
[Reset] Env 13: Alice phase @ step 250/250 | Goals: 0/5 | Reason: Invalid Goal
[Reset] Env 20: Alice phase @ step 250/250 | Goals: 0/5 | Reason: Invalid Goal
[Reset] Env 24: Alice phase @ step 250/250 | Goals: 0/5 | Reason: Invalid Goal
[Reset] Resetting objects to SAFE pose for 12 envs
[Reset] Resetting ROBOT joints for 12 envs
Update Alice: Iter 87

============================================================
ALICE UPDATE 87
============================================================
  Rewards:     mean=-0.2222 | min=0.0000 | max=0.0000
  Losses:      value=0.1813 | surrogate=0.3694
  Outcomes:    9 episodes buffered
============================================================

Update Alice: Iter 88

============================================================
ALICE UPDATE 88
============================================================
  Rewards:     mean=-1.0000 | min=0.0000 | max=0.0000
  Losses:      value=0.0126 | surrogate=1.2412
  Outcomes:    9 episodes buffered
============================================================

[Phase] Env 14: Alice Failed | Moved: 0.027m < 0.01m threshold
[Reset] Env 14: Alice phase @ step 250/250 | Goals: 0/5 | Reason: Invalid Goal
[Reset] Resetting objects to SAFE pose for 1 envs
[Reset] Resetting ROBOT joints for 1 envs
[Phase] Env 0: Alice→Bob | Valid Goal | Moved: 0.105m
[Phase] Env 7: Alice Failed | Moved: 0.027m < 0.01m threshold
[Phase] Env 0: Alice→Bob | Goal 1/5 | Alice completed 250/250 steps
[Reset] Alice->Bob Transition: Resetting Objects (Initial) & Robot (Default) for 1 envs
[Reset] Resetting ROBOT joints for 1 envs
[Reset] Env 7: Alice phase @ step 250/250 | Goals: 0/5 | Reason: Invalid Goal
[Reset] Env 15: Alice phase @ step 250/250 | Goals: 0/5 | Reason: Invalid Goal
[Reset] Env 16: Alice phase @ step 250/250 | Goals: 0/5 | Reason: Invalid Goal
[Reset] Env 17: Alice phase @ step 250/250 | Goals: 0/5 | Reason: Invalid Goal
[Reset] Env 18: Alice phase @ step 250/250 | Goals: 0/5 | Reason: Invalid Goal
[Reset] Env 21: Alice phase @ step 250/250 | Goals: 0/5 | Reason: Invalid Goal
[Reset] Env 22: Alice phase @ step 250/250 | Goals: 0/5 | Reason: Invalid Goal
[Reset] Resetting objects to SAFE pose for 7 envs
[Reset] Resetting ROBOT joints for 7 envs
Update Alice: Iter 89

============================================================
ALICE UPDATE 89
============================================================
  Rewards:     mean=-1.0000 | min=0.0000 | max=0.0000
  Losses:      value=0.0094 | surrogate=1.2708
  Outcomes:    9 episodes buffered
============================================================

[Phase] Env 2: Alice Failed | Moved: 0.027m < 0.01m threshold
[Reset] Env 2: Alice phase @ step 250/250 | Goals: 0/5 | Reason: Invalid Goal
[Reset] Env 10: Alice phase @ step 250/250 | Goals: 0/5 | Reason: Invalid Goal
[Reset] Env 23: Alice phase @ step 250/250 | Goals: 0/5 | Reason: Invalid Goal
[Reset] Resetting objects to SAFE pose for 3 envs
[Reset] Resetting ROBOT joints for 3 envs
[Phase] Env 1: Alice Failed | Moved: 0.027m < 0.01m threshold
[Reset] Env 1: Alice phase @ step 250/250 | Goals: 0/5 | Reason: Invalid Goal
[Reset] Env 3: Alice phase @ step 250/250 | Goals: 0/5 | Reason: Invalid Goal
[Reset] Env 4: Alice phase @ step 250/250 | Goals: 0/5 | Reason: Invalid Goal
[Reset] Env 5: Alice phase @ step 250/250 | Goals: 0/5 | Reason: Invalid Goal
[Reset] Env 6: Alice phase @ step 250/250 | Goals: 0/5 | Reason: Invalid Goal
[Reset] Env 8: Alice phase @ step 250/250 | Goals: 0/5 | Reason: Invalid Goal
[Reset] Env 9: Alice phase @ step 250/250 | Goals: 0/5 | Reason: Invalid Goal
[Reset] Env 11: Alice phase @ step 250/250 | Goals: 0/5 | Reason: Invalid Goal
[Reset] Env 12: Alice phase @ step 250/250 | Goals: 0/5 | Reason: Invalid Goal
[Reset] Env 13: Alice phase @ step 250/250 | Goals: 0/5 | Reason: Invalid Goal
[Reset] Env 20: Alice phase @ step 250/250 | Goals: 0/5 | Reason: Invalid Goal
[Reset] Env 24: Alice phase @ step 250/250 | Goals: 0/5 | Reason: Invalid Goal
[Reset] Resetting objects to SAFE pose for 12 envs
[Reset] Resetting ROBOT joints for 12 envs
Update Alice: Iter 90

============================================================
ALICE UPDATE 90
============================================================
  Rewards:     mean=-1.0000 | min=0.0000 | max=0.0000
  Losses:      value=0.0086 | surrogate=1.2344
  Outcomes:    9 episodes buffered
============================================================

[Phase] Env 14: Alice Failed | Moved: 0.027m < 0.01m threshold
[Reset] Env 14: Alice phase @ step 250/250 | Goals: 0/5 | Reason: Invalid Goal
[Reset] Resetting objects to SAFE pose for 1 envs
[Reset] Resetting ROBOT joints for 1 envs
[Phase] Env 7: Alice Failed | Moved: 0.027m < 0.01m threshold
[Reset] Env 7: Alice phase @ step 250/250 | Goals: 0/5 | Reason: Invalid Goal
[Reset] Env 15: Alice phase @ step 250/250 | Goals: 0/5 | Reason: Invalid Goal
[Reset] Env 16: Alice phase @ step 250/250 | Goals: 0/5 | Reason: Invalid Goal
[Reset] Env 17: Alice phase @ step 250/250 | Goals: 0/5 | Reason: Invalid Goal
[Reset] Env 18: Alice phase @ step 250/250 | Goals: 0/5 | Reason: Invalid Goal
[Reset] Env 21: Alice phase @ step 250/250 | Goals: 0/5 | Reason: Invalid Goal
[Reset] Env 22: Alice phase @ step 250/250 | Goals: 0/5 | Reason: Invalid Goal
[Reset] Resetting objects to SAFE pose for 7 envs
[Reset] Resetting ROBOT joints for 7 envs
Update Alice: Iter 91

============================================================
ALICE UPDATE 91
============================================================
  Rewards:     mean=-1.0000 | min=0.0000 | max=0.0000
  Losses:      value=0.0058 | surrogate=1.2634
  Outcomes:    9 episodes buffered
============================================================

[Phase] Env 23: Alice→Bob | Valid Goal | Moved: 0.055m
[Phase] Env 2: Alice Failed | Moved: 0.027m < 0.01m threshold
[Phase] Env 23: Alice→Bob | Goal 1/5 | Alice completed 250/250 steps
[Reset] Alice->Bob Transition: Resetting Objects (Initial) & Robot (Default) for 1 envs
[Reset] Resetting ROBOT joints for 1 envs
[Reset] Env 2: Alice phase @ step 250/250 | Goals: 0/5 | Reason: Invalid Goal
[Reset] Env 10: Alice phase @ step 250/250 | Goals: 0/5 | Reason: Invalid Goal
[Reset] Resetting objects to SAFE pose for 2 envs
[Reset] Resetting ROBOT joints for 2 envs
[Bob Reward] +1.0
[Phase] Env 1: Alice Failed | Moved: 0.027m < 0.01m threshold
[Reset] Env 1: Alice phase @ step 250/250 | Goals: 0/5 | Reason: Invalid Goal
[Reset] Env 3: Alice phase @ step 250/250 | Goals: 0/5 | Reason: Invalid Goal
[Reset] Env 4: Alice phase @ step 250/250 | Goals: 0/5 | Reason: Invalid Goal
[Reset] Env 5: Alice phase @ step 250/250 | Goals: 0/5 | Reason: Invalid Goal
[Reset] Env 6: Alice phase @ step 250/250 | Goals: 0/5 | Reason: Invalid Goal
[Reset] Env 8: Alice phase @ step 250/250 | Goals: 0/5 | Reason: Invalid Goal
[Reset] Env 9: Alice phase @ step 250/250 | Goals: 0/5 | Reason: Invalid Goal
[Reset] Env 11: Alice phase @ step 250/250 | Goals: 0/5 | Reason: Invalid Goal
[Reset] Env 12: Alice phase @ step 250/250 | Goals: 0/5 | Reason: Invalid Goal
[Reset] Env 13: Alice phase @ step 250/250 | Goals: 0/5 | Reason: Invalid Goal
[Reset] Env 20: Alice phase @ step 250/250 | Goals: 0/5 | Reason: Invalid Goal
[Reset] Env 24: Alice phase @ step 250/250 | Goals: 0/5 | Reason: Invalid Goal
[Reset] Resetting objects to SAFE pose for 12 envs
[Reset] Resetting ROBOT joints for 12 envs
Update Alice: Iter 92

============================================================
ALICE UPDATE 92
============================================================
  Rewards:     mean=-1.0000 | min=0.0000 | max=0.0000
  Losses:      value=0.0040 | surrogate=1.4989
  Outcomes:    9 episodes buffered
============================================================

Update Alice: Iter 93

============================================================
ALICE UPDATE 93
============================================================
  Rewards:     mean=-1.0000 | min=0.0000 | max=0.0000
  Losses:      value=0.0034 | surrogate=1.5932
  Outcomes:    9 episodes buffered
============================================================

[Phase] Env 14: Alice Failed | Moved: 0.027m < 0.01m threshold
[Reset] Env 14: Alice phase @ step 250/250 | Goals: 0/5 | Reason: Invalid Goal
[Reset] Resetting objects to SAFE pose for 1 envs
[Reset] Resetting ROBOT joints for 1 envs
[Phase] Env 15: Alice→Bob | Valid Goal | Moved: 0.092m
[Phase] Env 7: Alice Failed | Moved: 0.027m < 0.01m threshold
[Phase] Env 15: Alice→Bob | Goal 1/5 | Alice completed 250/250 steps
[Reset] Alice->Bob Transition: Resetting Objects (Initial) & Robot (Default) for 1 envs
[Reset] Resetting ROBOT joints for 1 envs
[Reset] Env 7: Alice phase @ step 250/250 | Goals: 0/5 | Reason: Invalid Goal
[Reset] Env 16: Alice phase @ step 250/250 | Goals: 0/5 | Reason: Invalid Goal
[Reset] Env 17: Alice phase @ step 250/250 | Goals: 0/5 | Reason: Invalid Goal
[Reset] Env 18: Alice phase @ step 250/250 | Goals: 0/5 | Reason: Invalid Goal
[Reset] Env 21: Alice phase @ step 250/250 | Goals: 0/5 | Reason: Invalid Goal
[Reset] Env 22: Alice phase @ step 250/250 | Goals: 0/5 | Reason: Invalid Goal
[Reset] Resetting objects to SAFE pose for 6 envs
[Reset] Resetting ROBOT joints for 6 envs
[Phase] Env 19: Bob FAILURE | Steps: 600/600
[Reset] Env 19: Bob phase @ step 600/600 | Goals: 1/5 | Reason: Bob Failed (or Max Goals)
[Reset] Resetting objects to SAFE pose for 1 envs
[Reset] Resetting ROBOT joints for 1 envs
Update Alice: Iter 94

============================================================
ALICE UPDATE 94
============================================================
  Rewards:     mean=-0.2222 | min=0.0000 | max=0.0000
  Losses:      value=0.1545 | surrogate=0.2349
  Outcomes:    9 episodes buffered
============================================================

Update Bob: Iter 2

============================================================
BOB UPDATE 2
============================================================
  Success Rate: 0.0556 (18 eps)
  Rewards:      mean=0.0002
  Losses:       value=0.0244 | surrogate=1.1451 | ABC=1.9930
  Errors:       pos=0.1053 | rot=0.0134
============================================================

[Phase] Env 10: Alice→Bob | Valid Goal | Moved: 0.063m
[Phase] Env 2: Alice Failed | Moved: 0.027m < 0.01m threshold
[Phase] Env 10: Alice→Bob | Goal 1/5 | Alice completed 250/250 steps
[Reset] Alice->Bob Transition: Resetting Objects (Initial) & Robot (Default) for 1 envs
[Reset] Resetting ROBOT joints for 1 envs
[Reset] Env 2: Alice phase @ step 250/250 | Goals: 0/5 | Reason: Invalid Goal
[Reset] Resetting objects to SAFE pose for 1 envs
[Reset] Resetting ROBOT joints for 1 envs
[Phase] Env 0: Bob FAILURE | Steps: 600/600
[Reset] Env 0: Bob phase @ step 600/600 | Goals: 1/5 | Reason: Bob Failed (or Max Goals)
[Reset] Resetting objects to SAFE pose for 1 envs
[Reset] Resetting ROBOT joints for 1 envs
[Bob Reward] +1.0
[Phase] Env 3: Alice→Bob | Valid Goal | Moved: 0.060m
[Phase] Env 1: Alice Failed | Moved: 0.027m < 0.01m threshold
[Phase] Env 3: Alice→Bob | Goal 1/5 | Alice completed 250/250 steps
[Phase] Env 20: Alice→Bob | Goal 1/5 | Alice completed 250/250 steps
[Reset] Alice->Bob Transition: Resetting Objects (Initial) & Robot (Default) for 2 envs
[Reset] Resetting ROBOT joints for 2 envs
[Reset] Env 1: Alice phase @ step 250/250 | Goals: 0/5 | Reason: Invalid Goal
[Reset] Env 4: Alice phase @ step 250/250 | Goals: 0/5 | Reason: Invalid Goal
[Reset] Env 5: Alice phase @ step 250/250 | Goals: 0/5 | Reason: Invalid Goal
[Reset] Env 6: Alice phase @ step 250/250 | Goals: 0/5 | Reason: Invalid Goal
[Reset] Env 8: Alice phase @ step 250/250 | Goals: 0/5 | Reason: Invalid Goal
[Reset] Env 9: Alice phase @ step 250/250 | Goals: 0/5 | Reason: Invalid Goal
[Reset] Env 11: Alice phase @ step 250/250 | Goals: 0/5 | Reason: Invalid Goal
[Reset] Env 12: Alice phase @ step 250/250 | Goals: 0/5 | Reason: Invalid Goal
[Reset] Env 13: Alice phase @ step 250/250 | Goals: 0/5 | Reason: Invalid Goal
[Reset] Env 24: Alice phase @ step 250/250 | Goals: 0/5 | Reason: Invalid Goal
[Reset] Resetting objects to SAFE pose for 10 envs
[Reset] Resetting ROBOT joints for 10 envs
Update Alice: Iter 95

============================================================
ALICE UPDATE 95
============================================================
  Rewards:     mean=-0.2222 | min=0.0000 | max=0.0000
  Losses:      value=0.1809 | surrogate=0.2953
  Outcomes:    9 episodes buffered
============================================================

[Bob Reward] +1.0
[Bob Reward] +1.0
[Phase] Env 14: Alice Failed | Moved: 0.027m < 0.01m threshold
[Reset] Env 14: Alice phase @ step 250/250 | Goals: 0/5 | Reason: Invalid Goal
[Reset] Resetting objects to SAFE pose for 1 envs
[Reset] Resetting ROBOT joints for 1 envs
[Phase] Env 7: Alice Failed | Moved: 0.027m < 0.01m threshold
[Reset] Env 7: Alice phase @ step 250/250 | Goals: 0/5 | Reason: Invalid Goal
[Reset] Env 16: Alice phase @ step 250/250 | Goals: 0/5 | Reason: Invalid Goal
[Reset] Env 17: Alice phase @ step 250/250 | Goals: 0/5 | Reason: Invalid Goal
[Reset] Env 18: Alice phase @ step 250/250 | Goals: 0/5 | Reason: Invalid Goal
[Reset] Env 19: Alice phase @ step 250/250 | Goals: 0/5 | Reason: Invalid Goal
[Reset] Env 21: Alice phase @ step 250/250 | Goals: 0/5 | Reason: Invalid Goal
[Reset] Env 22: Alice phase @ step 250/250 | Goals: 0/5 | Reason: Invalid Goal
[Reset] Resetting objects to SAFE pose for 7 envs
[Reset] Resetting ROBOT joints for 7 envs
Update Alice: Iter 96

============================================================
ALICE UPDATE 96
============================================================
  Rewards:     mean=-1.0000 | min=0.0000 | max=0.0000
  Losses:      value=0.0108 | surrogate=1.2807
  Outcomes:    9 episodes buffered
============================================================

[Phase] Env 0: Alice Failed | Moved: 0.027m < 0.01m threshold
[Reset] Env 0: Alice phase @ step 250/250 | Goals: 0/5 | Reason: Invalid Goal
[Reset] Env 2: Alice phase @ step 250/250 | Goals: 0/5 | Reason: Invalid Goal
[Reset] Resetting objects to SAFE pose for 2 envs
[Reset] Resetting ROBOT joints for 2 envs
[Phase] Env 1: Alice Failed | Moved: 0.027m < 0.01m threshold
[Reset] Env 1: Alice phase @ step 250/250 | Goals: 0/5 | Reason: Invalid Goal
[Reset] Env 4: Alice phase @ step 250/250 | Goals: 0/5 | Reason: Invalid Goal
[Reset] Env 5: Alice phase @ step 250/250 | Goals: 0/5 | Reason: Invalid Goal
[Reset] Env 6: Alice phase @ step 250/250 | Goals: 0/5 | Reason: Invalid Goal
[Reset] Env 8: Alice phase @ step 250/250 | Goals: 0/5 | Reason: Invalid Goal
[Reset] Env 9: Alice phase @ step 250/250 | Goals: 0/5 | Reason: Invalid Goal
[Reset] Env 11: Alice phase @ step 250/250 | Goals: 0/5 | Reason: Invalid Goal
[Reset] Env 12: Alice phase @ step 250/250 | Goals: 0/5 | Reason: Invalid Goal
[Reset] Env 13: Alice phase @ step 250/250 | Goals: 0/5 | Reason: Invalid Goal
[Reset] Env 24: Alice phase @ step 250/250 | Goals: 0/5 | Reason: Invalid Goal
[Reset] Resetting objects to SAFE pose for 10 envs
[Reset] Resetting ROBOT joints for 10 envs
Update Alice: Iter 97

============================================================
ALICE UPDATE 97
============================================================
  Rewards:     mean=-1.0000 | min=0.0000 | max=0.0000
  Losses:      value=0.0074 | surrogate=1.1430
  Outcomes:    9 episodes buffered
============================================================

[Phase] Env 14: Alice Failed | Moved: 0.029m < 0.01m threshold
[Reset] Env 14: Alice phase @ step 250/250 | Goals: 0/5 | Reason: Invalid Goal
[Reset] Resetting objects to SAFE pose for 1 envs
[Reset] Resetting ROBOT joints for 1 envs
[Phase] Env 23: Bob SUCCESS | Steps: 600/600
[Phase] Bob->Alice Transition for 1 envs
[Phase] Env 23: Bob→Alice | Goal 1/5 SUCCESS | Bob used 600/600 steps
[Reset] Resetting objects to SAFE pose for 1 envs
[Reset] Resetting ROBOT joints for 1 envs
[Bob Reward] -1.0
[Phase] Env 7: Alice Failed | Moved: 0.027m < 0.01m threshold
[Reset] Env 7: Alice phase @ step 250/250 | Goals: 0/5 | Reason: Invalid Goal
[Reset] Env 16: Alice phase @ step 250/250 | Goals: 0/5 | Reason: Invalid Goal
[Reset] Env 17: Alice phase @ step 250/250 | Goals: 0/5 | Reason: Invalid Goal
[Reset] Env 18: Alice phase @ step 250/250 | Goals: 0/5 | Reason: Invalid Goal
[Reset] Env 19: Alice phase @ step 250/250 | Goals: 0/5 | Reason: Invalid Goal
[Reset] Env 21: Alice phase @ step 250/250 | Goals: 0/5 | Reason: Invalid Goal
[Reset] Env 22: Alice phase @ step 250/250 | Goals: 0/5 | Reason: Invalid Goal
[Reset] Resetting objects to SAFE pose for 7 envs
[Reset] Resetting ROBOT joints for 7 envs
Update Alice: Iter 98

============================================================
ALICE UPDATE 98
============================================================
  Rewards:     mean=-0.7778 | min=0.0000 | max=0.0000
  Losses:      value=0.0146 | surrogate=0.4957
  Outcomes:    9 episodes buffered
============================================================

[Phase] Env 2: Alice→Bob | Valid Goal | Moved: 0.050m
[Phase] Env 0: Alice Failed | Moved: 0.027m < 0.01m threshold
[Phase] Env 2: Alice→Bob | Goal 1/5 | Alice completed 250/250 steps
[Reset] Alice->Bob Transition: Resetting Objects (Initial) & Robot (Default) for 1 envs
[Reset] Resetting ROBOT joints for 1 envs
[Reset] Env 0: Alice phase @ step 250/250 | Goals: 0/5 | Reason: Invalid Goal
[Reset] Resetting objects to SAFE pose for 1 envs
[Reset] Resetting ROBOT joints for 1 envs
[Phase] Env 15: Bob FAILURE | Steps: 600/600
[Reset] Env 15: Bob phase @ step 600/600 | Goals: 1/5 | Reason: Bob Failed (or Max Goals)
[Reset] Resetting objects to SAFE pose for 1 envs
[Reset] Resetting ROBOT joints for 1 envs
[Phase] Env 11: Alice→Bob | Valid Goal | Moved: 0.094m
[Phase] Env 1: Alice Failed | Moved: 0.027m < 0.01m threshold
[Phase] Env 11: Alice→Bob | Goal 1/5 | Alice completed 250/250 steps
[Reset] Alice->Bob Transition: Resetting Objects (Initial) & Robot (Default) for 1 envs
[Reset] Resetting ROBOT joints for 1 envs
[Reset] Env 1: Alice phase @ step 250/250 | Goals: 0/5 | Reason: Invalid Goal
[Reset] Env 4: Alice phase @ step 250/250 | Goals: 0/5 | Reason: Invalid Goal
[Reset] Env 5: Alice phase @ step 250/250 | Goals: 0/5 | Reason: Invalid Goal
[Reset] Env 6: Alice phase @ step 250/250 | Goals: 0/5 | Reason: Invalid Goal
[Reset] Env 8: Alice phase @ step 250/250 | Goals: 0/5 | Reason: Invalid Goal
[Reset] Env 9: Alice phase @ step 250/250 | Goals: 0/5 | Reason: Invalid Goal
[Reset] Env 12: Alice phase @ step 250/250 | Goals: 0/5 | Reason: Invalid Goal
[Reset] Env 13: Alice phase @ step 250/250 | Goals: 0/5 | Reason: Invalid Goal
[Reset] Env 24: Alice phase @ step 250/250 | Goals: 0/5 | Reason: Invalid Goal
[Reset] Resetting objects to SAFE pose for 9 envs
[Reset] Resetting ROBOT joints for 9 envs
Update Alice: Iter 99

============================================================
ALICE UPDATE 99
============================================================
  Rewards:     mean=-0.2222 | min=0.0000 | max=0.0000
  Losses:      value=0.2067 | surrogate=0.1444
  Outcomes:    9 episodes buffered
============================================================

[Bob Reward] +1.0
[Phase] Env 14: Alice Failed | Moved: 0.047m < 0.01m threshold
[Reset] Env 14: Alice phase @ step 250/250 | Goals: 0/5 | Reason: Invalid Goal
[Reset] Env 23: Alice phase @ step 250/250 | Goals: 1/5 | Reason: Invalid Goal
[Reset] Resetting objects to SAFE pose for 2 envs
[Reset] Resetting ROBOT joints for 2 envs
[Phase] Env 10: Bob FAILURE | Steps: 600/600
[Reset] Env 10: Bob phase @ step 600/600 | Goals: 1/5 | Reason: Bob Failed (or Max Goals)
[Reset] Resetting objects to SAFE pose for 1 envs
[Reset] Resetting ROBOT joints for 1 envs
Update Alice: Iter 100

============================================================
ALICE UPDATE 100
============================================================
  Rewards:     mean=-0.2222 | min=0.0000 | max=0.0000
  Losses:      value=0.0446 | surrogate=0.1717
  Outcomes:    9 episodes buffered
============================================================

[Phase] Env 22: Alice→Bob | Valid Goal | Moved: 0.053m
[Phase] Env 7: Alice Failed | Moved: 0.027m < 0.01m threshold
[Phase] Env 22: Alice→Bob | Goal 1/5 | Alice completed 250/250 steps
[Reset] Alice->Bob Transition: Resetting Objects (Initial) & Robot (Default) for 1 envs
[Reset] Resetting ROBOT joints for 1 envs
[Reset] Env 7: Alice phase @ step 250/250 | Goals: 0/5 | Reason: Invalid Goal
[Reset] Env 16: Alice phase @ step 250/250 | Goals: 0/5 | Reason: Invalid Goal
[Reset] Env 17: Alice phase @ step 250/250 | Goals: 0/5 | Reason: Invalid Goal
[Reset] Env 18: Alice phase @ step 250/250 | Goals: 0/5 | Reason: Invalid Goal
[Reset] Env 19: Alice phase @ step 250/250 | Goals: 0/5 | Reason: Invalid Goal
[Reset] Env 21: Alice phase @ step 250/250 | Goals: 0/5 | Reason: Invalid Goal
[Reset] Resetting objects to SAFE pose for 6 envs
[Reset] Resetting ROBOT joints for 6 envs
[Phase] Env 3: Bob FAILURE | Steps: 600/600
[Reset] Env 3: Bob phase @ step 600/600 | Goals: 1/5 | Reason: Bob Failed (or Max Goals)
[Reset] Env 20: Bob phase @ step 600/600 | Goals: 1/5 | Reason: Bob Failed (or Max Goals)
[Reset] Resetting objects to SAFE pose for 2 envs
[Reset] Resetting ROBOT joints for 2 envs
Update Alice: Iter 101

============================================================
ALICE UPDATE 101
============================================================
  Rewards:     mean=0.5556 | min=0.0000 | max=0.0000
  Losses:      value=0.2462 | surrogate=0.1245
  Outcomes:    9 episodes buffered
============================================================

[Phase] Env 0: Alice Failed | Moved: 0.027m < 0.01m threshold
[Reset] Env 0: Alice phase @ step 250/250 | Goals: 0/5 | Reason: Invalid Goal
[Reset] Env 15: Alice phase @ step 250/250 | Goals: 0/5 | Reason: Invalid Goal
[Reset] Resetting objects to SAFE pose for 2 envs
[Reset] Resetting ROBOT joints for 2 envs
[Phase] Env 12: Alice→Bob | Valid Goal | Moved: 0.027m
[Phase] Env 1: Alice Failed | Moved: 0.027m < 0.01m threshold
[Phase] Env 12: Alice→Bob | Goal 1/5 | Alice completed 250/250 steps
[Reset] Alice->Bob Transition: Resetting Objects (Initial) & Robot (Default) for 1 envs
[Reset] Resetting ROBOT joints for 1 envs
[Reset] Env 1: Alice phase @ step 250/250 | Goals: 0/5 | Reason: Invalid Goal
[Reset] Env 4: Alice phase @ step 250/250 | Goals: 0/5 | Reason: Invalid Goal
[Reset] Env 5: Alice phase @ step 250/250 | Goals: 0/5 | Reason: Invalid Goal
[Reset] Env 6: Alice phase @ step 250/250 | Goals: 0/5 | Reason: Invalid Goal
[Reset] Env 8: Alice phase @ step 250/250 | Goals: 0/5 | Reason: Invalid Goal
[Reset] Env 9: Alice phase @ step 250/250 | Goals: 0/5 | Reason: Invalid Goal
[Reset] Env 13: Alice phase @ step 250/250 | Goals: 0/5 | Reason: Invalid Goal
[Reset] Env 24: Alice phase @ step 250/250 | Goals: 0/5 | Reason: Invalid Goal
[Reset] Resetting objects to SAFE pose for 8 envs
[Reset] Resetting ROBOT joints for 8 envs
Update Alice: Iter 102

============================================================
ALICE UPDATE 102
============================================================
  Rewards:     mean=-1.0000 | min=0.0000 | max=0.0000
  Losses:      value=0.0153 | surrogate=0.9421
  Outcomes:    9 episodes buffered
============================================================

[Bob Reward] +1.0
[Phase] Env 10: Alice Failed | Moved: 0.047m < 0.01m threshold
[Reset] Env 10: Alice phase @ step 250/250 | Goals: 0/5 | Reason: Invalid Goal
[Reset] Env 14: Alice phase @ step 250/250 | Goals: 0/5 | Reason: Invalid Goal
[Reset] Env 23: Alice phase @ step 250/250 | Goals: 0/5 | Reason: Invalid Goal
[Reset] Resetting objects to SAFE pose for 3 envs
[Reset] Resetting ROBOT joints for 3 envs
[Phase] Env 19: Alice→Bob | Valid Goal | Moved: 0.113m
[Phase] Env 3: Alice Failed | Moved: 0.027m < 0.01m threshold
[Phase] Env 19: Alice→Bob | Goal 1/5 | Alice completed 250/250 steps
[Reset] Alice->Bob Transition: Resetting Objects (Initial) & Robot (Default) for 1 envs
[Reset] Resetting ROBOT joints for 1 envs
[Reset] Env 3: Alice phase @ step 250/250 | Goals: 0/5 | Reason: Invalid Goal
[Reset] Env 7: Alice phase @ step 250/250 | Goals: 0/5 | Reason: Invalid Goal
[Reset] Env 16: Alice phase @ step 250/250 | Goals: 0/5 | Reason: Invalid Goal
[Reset] Env 17: Alice phase @ step 250/250 | Goals: 0/5 | Reason: Invalid Goal
[Reset] Env 18: Alice phase @ step 250/250 | Goals: 0/5 | Reason: Invalid Goal
[Reset] Env 20: Alice phase @ step 250/250 | Goals: 0/5 | Reason: Invalid Goal
[Reset] Env 21: Alice phase @ step 250/250 | Goals: 0/5 | Reason: Invalid Goal
[Reset] Resetting objects to SAFE pose for 7 envs
[Reset] Resetting ROBOT joints for 7 envs
Update Alice: Iter 103

============================================================
ALICE UPDATE 103
============================================================
  Rewards:     mean=-1.0000 | min=0.0000 | max=0.0000
  Losses:      value=0.0209 | surrogate=0.8245
  Outcomes:    9 episodes buffered
============================================================

[Phase] Env 0: Alice Failed | Moved: 0.027m < 0.01m threshold
[Reset] Env 0: Alice phase @ step 250/250 | Goals: 0/5 | Reason: Invalid Goal
[Reset] Env 15: Alice phase @ step 250/250 | Goals: 0/5 | Reason: Invalid Goal
[Reset] Resetting objects to SAFE pose for 2 envs
[Reset] Resetting ROBOT joints for 2 envs
[Phase] Env 1: Alice Failed | Moved: 0.027m < 0.01m threshold
[Reset] Env 1: Alice phase @ step 250/250 | Goals: 0/5 | Reason: Invalid Goal
[Reset] Env 4: Alice phase @ step 250/250 | Goals: 0/5 | Reason: Invalid Goal
[Reset] Env 5: Alice phase @ step 250/250 | Goals: 0/5 | Reason: Invalid Goal
[Reset] Env 6: Alice phase @ step 250/250 | Goals: 0/5 | Reason: Invalid Goal
[Reset] Env 8: Alice phase @ step 250/250 | Goals: 0/5 | Reason: Invalid Goal
[Reset] Env 9: Alice phase @ step 250/250 | Goals: 0/5 | Reason: Invalid Goal
[Reset] Env 13: Alice phase @ step 250/250 | Goals: 0/5 | Reason: Invalid Goal
[Reset] Env 24: Alice phase @ step 250/250 | Goals: 0/5 | Reason: Invalid Goal
[Reset] Resetting objects to SAFE pose for 8 envs
[Reset] Resetting ROBOT joints for 8 envs
Update Alice: Iter 104

============================================================
ALICE UPDATE 104
============================================================
  Rewards:     mean=-1.0000 | min=0.0000 | max=0.0000
  Losses:      value=0.0091 | surrogate=1.0969
  Outcomes:    9 episodes buffered
============================================================

[Phase] Env 10: Alice Failed | Moved: 0.027m < 0.01m threshold
[Reset] Env 10: Alice phase @ step 250/250 | Goals: 0/5 | Reason: Invalid Goal
[Reset] Env 14: Alice phase @ step 250/250 | Goals: 0/5 | Reason: Invalid Goal
[Reset] Env 23: Alice phase @ step 250/250 | Goals: 0/5 | Reason: Invalid Goal
[Reset] Resetting objects to SAFE pose for 3 envs
[Reset] Resetting ROBOT joints for 3 envs
[Phase] Env 2: Bob FAILURE | Steps: 600/600
[Reset] Env 2: Bob phase @ step 600/600 | Goals: 1/5 | Reason: Bob Failed (or Max Goals)
[Reset] Resetting objects to SAFE pose for 1 envs
[Reset] Resetting ROBOT joints for 1 envs
[Phase] Env 3: Alice Failed | Moved: 0.027m < 0.01m threshold
[Reset] Env 3: Alice phase @ step 250/250 | Goals: 0/5 | Reason: Invalid Goal
[Reset] Env 7: Alice phase @ step 250/250 | Goals: 0/5 | Reason: Invalid Goal
[Reset] Env 16: Alice phase @ step 250/250 | Goals: 0/5 | Reason: Invalid Goal
[Reset] Env 17: Alice phase @ step 250/250 | Goals: 0/5 | Reason: Invalid Goal
[Reset] Env 18: Alice phase @ step 250/250 | Goals: 0/5 | Reason: Invalid Goal
[Reset] Env 20: Alice phase @ step 250/250 | Goals: 0/5 | Reason: Invalid Goal
[Reset] Env 21: Alice phase @ step 250/250 | Goals: 0/5 | Reason: Invalid Goal
[Reset] Resetting objects to SAFE pose for 7 envs
[Reset] Resetting ROBOT joints for 7 envs
[Phase] Env 11: Bob FAILURE | Steps: 600/600
[Reset] Env 11: Bob phase @ step 600/600 | Goals: 1/5 | Reason: Bob Failed (or Max Goals)
[Reset] Resetting objects to SAFE pose for 1 envs
[Reset] Resetting ROBOT joints for 1 envs
Update Alice: Iter 105

============================================================
ALICE UPDATE 105
============================================================
  Rewards:     mean=0.5556 | min=0.0000 | max=0.0000
  Losses:      value=0.2187 | surrogate=0.1610
  Outcomes:    9 episodes buffered
============================================================

[Bob Reward] -1.0
[Phase] Env 0: Alice Failed | Moved: 0.027m < 0.01m threshold
[Reset] Env 0: Alice phase @ step 250/250 | Goals: 0/5 | Reason: Invalid Goal
[Reset] Env 15: Alice phase @ step 250/250 | Goals: 0/5 | Reason: Invalid Goal
[Reset] Resetting objects to SAFE pose for 2 envs
[Reset] Resetting ROBOT joints for 2 envs
[Phase] Env 22: Bob FAILURE | Steps: 600/600
[Reset] Env 22: Bob phase @ step 600/600 | Goals: 1/5 | Reason: Bob Failed (or Max Goals)
[Reset] Resetting objects to SAFE pose for 1 envs
[Reset] Resetting ROBOT joints for 1 envs
Update Alice: Iter 106

============================================================
ALICE UPDATE 106
============================================================
  Rewards:     mean=-0.2222 | min=0.0000 | max=0.0000
  Losses:      value=0.0573 | surrogate=0.2463
  Outcomes:    9 episodes buffered
============================================================

[Phase] Env 4: Alice→Bob | Valid Goal | Moved: 0.092m
[Phase] Env 1: Alice Failed | Moved: 0.027m < 0.01m threshold
[Phase] Env 4: Alice→Bob | Goal 1/5 | Alice completed 250/250 steps
[Reset] Alice->Bob Transition: Resetting Objects (Initial) & Robot (Default) for 1 envs
[Reset] Resetting ROBOT joints for 1 envs
[Reset] Env 1: Alice phase @ step 250/250 | Goals: 0/5 | Reason: Invalid Goal
[Reset] Env 5: Alice phase @ step 250/250 | Goals: 0/5 | Reason: Invalid Goal
[Reset] Env 6: Alice phase @ step 250/250 | Goals: 0/5 | Reason: Invalid Goal
[Reset] Env 8: Alice phase @ step 250/250 | Goals: 0/5 | Reason: Invalid Goal
[Reset] Env 9: Alice phase @ step 250/250 | Goals: 0/5 | Reason: Invalid Goal
[Reset] Env 13: Alice phase @ step 250/250 | Goals: 0/5 | Reason: Invalid Goal
[Reset] Env 24: Alice phase @ step 250/250 | Goals: 0/5 | Reason: Invalid Goal
[Reset] Resetting objects to SAFE pose for 7 envs
[Reset] Resetting ROBOT joints for 7 envs
[Phase] Env 2: Alice Failed | Moved: 0.027m < 0.01m threshold
[Reset] Env 2: Alice phase @ step 250/250 | Goals: 0/5 | Reason: Invalid Goal
[Reset] Env 10: Alice phase @ step 250/250 | Goals: 0/5 | Reason: Invalid Goal
[Reset] Env 14: Alice phase @ step 250/250 | Goals: 0/5 | Reason: Invalid Goal
[Reset] Env 23: Alice phase @ step 250/250 | Goals: 0/5 | Reason: Invalid Goal
[Reset] Resetting objects to SAFE pose for 4 envs
[Reset] Resetting ROBOT joints for 4 envs
Update Alice: Iter 107

============================================================
ALICE UPDATE 107
============================================================
  Rewards:     mean=-1.0000 | min=0.0000 | max=0.0000
  Losses:      value=0.0133 | surrogate=1.3419
  Outcomes:    9 episodes buffered
============================================================

[Phase] Env 3: Alice Failed | Moved: 0.027m < 0.01m threshold
[Reset] Env 3: Alice phase @ step 250/250 | Goals: 0/5 | Reason: Invalid Goal
[Reset] Env 7: Alice phase @ step 250/250 | Goals: 0/5 | Reason: Invalid Goal
[Reset] Env 11: Alice phase @ step 250/250 | Goals: 0/5 | Reason: Invalid Goal
[Reset] Env 16: Alice phase @ step 250/250 | Goals: 0/5 | Reason: Invalid Goal
[Reset] Env 17: Alice phase @ step 250/250 | Goals: 0/5 | Reason: Invalid Goal
[Reset] Env 18: Alice phase @ step 250/250 | Goals: 0/5 | Reason: Invalid Goal
[Reset] Env 20: Alice phase @ step 250/250 | Goals: 0/5 | Reason: Invalid Goal
[Reset] Env 21: Alice phase @ step 250/250 | Goals: 0/5 | Reason: Invalid Goal
[Reset] Resetting objects to SAFE pose for 8 envs
[Reset] Resetting ROBOT joints for 8 envs
[Phase] Env 12: Bob FAILURE | Steps: 600/600
[Reset] Env 12: Bob phase @ step 600/600 | Goals: 1/5 | Reason: Bob Failed (or Max Goals)
[Reset] Resetting objects to SAFE pose for 1 envs
[Reset] Resetting ROBOT joints for 1 envs
Update Alice: Iter 108

============================================================
ALICE UPDATE 108
============================================================
  Rewards:     mean=-0.2222 | min=0.0000 | max=0.0000
  Losses:      value=0.1747 | surrogate=0.2769
  Outcomes:    9 episodes buffered
============================================================

[Phase] Env 0: Alice Failed | Moved: 0.027m < 0.01m threshold
[Reset] Env 0: Alice phase @ step 250/250 | Goals: 0/5 | Reason: Invalid Goal
[Reset] Env 15: Alice phase @ step 250/250 | Goals: 0/5 | Reason: Invalid Goal
[Reset] Env 22: Alice phase @ step 250/250 | Goals: 0/5 | Reason: Invalid Goal
[Reset] Resetting objects to SAFE pose for 3 envs
[Reset] Resetting ROBOT joints for 3 envs
[Phase] Env 19: Bob FAILURE | Steps: 600/600
[Reset] Env 19: Bob phase @ step 600/600 | Goals: 1/5 | Reason: Bob Failed (or Max Goals)
[Reset] Resetting objects to SAFE pose for 1 envs
[Reset] Resetting ROBOT joints for 1 envs
[Phase] Env 1: Alice Failed | Moved: 0.027m < 0.01m threshold
[Reset] Env 1: Alice phase @ step 250/250 | Goals: 0/5 | Reason: Invalid Goal
[Reset] Env 5: Alice phase @ step 250/250 | Goals: 0/5 | Reason: Invalid Goal
[Reset] Env 6: Alice phase @ step 250/250 | Goals: 0/5 | Reason: Invalid Goal
[Reset] Env 8: Alice phase @ step 250/250 | Goals: 0/5 | Reason: Invalid Goal
[Reset] Env 9: Alice phase @ step 250/250 | Goals: 0/5 | Reason: Invalid Goal
[Reset] Env 13: Alice phase @ step 250/250 | Goals: 0/5 | Reason: Invalid Goal
[Reset] Env 24: Alice phase @ step 250/250 | Goals: 0/5 | Reason: Invalid Goal
[Reset] Resetting objects to SAFE pose for 7 envs
[Reset] Resetting ROBOT joints for 7 envs
Update Alice: Iter 109

============================================================
ALICE UPDATE 109
============================================================
  Rewards:     mean=-0.2222 | min=0.0000 | max=0.0000
  Losses:      value=0.1390 | surrogate=0.2728
  Outcomes:    9 episodes buffered
============================================================

[Phase] Env 2: Alice Failed | Moved: 0.027m < 0.01m threshold
[Reset] Env 2: Alice phase @ step 250/250 | Goals: 0/5 | Reason: Invalid Goal
[Reset] Env 10: Alice phase @ step 250/250 | Goals: 0/5 | Reason: Invalid Goal
[Reset] Env 14: Alice phase @ step 250/250 | Goals: 0/5 | Reason: Invalid Goal
[Reset] Env 23: Alice phase @ step 250/250 | Goals: 0/5 | Reason: Invalid Goal
[Reset] Resetting objects to SAFE pose for 4 envs
[Reset] Resetting ROBOT joints for 4 envs
[Phase] Env 3: Alice Failed | Moved: 0.027m < 0.01m threshold
[Reset] Env 3: Alice phase @ step 250/250 | Goals: 0/5 | Reason: Invalid Goal
[Reset] Env 7: Alice phase @ step 250/250 | Goals: 0/5 | Reason: Invalid Goal
[Reset] Env 11: Alice phase @ step 250/250 | Goals: 0/5 | Reason: Invalid Goal
[Reset] Env 12: Alice phase @ step 250/250 | Goals: 0/5 | Reason: Invalid Goal
[Reset] Env 16: Alice phase @ step 250/250 | Goals: 0/5 | Reason: Invalid Goal
[Reset] Env 17: Alice phase @ step 250/250 | Goals: 0/5 | Reason: Invalid Goal
[Reset] Env 18: Alice phase @ step 250/250 | Goals: 0/5 | Reason: Invalid Goal
[Reset] Env 20: Alice phase @ step 250/250 | Goals: 0/5 | Reason: Invalid Goal
[Reset] Env 21: Alice phase @ step 250/250 | Goals: 0/5 | Reason: Invalid Goal
[Reset] Resetting objects to SAFE pose for 9 envs
[Reset] Resetting ROBOT joints for 9 envs
Update Alice: Iter 110

============================================================
ALICE UPDATE 110
============================================================
  Rewards:     mean=-1.0000 | min=0.0000 | max=0.0000
  Losses:      value=0.0083 | surrogate=1.4423
  Outcomes:    9 episodes buffered
============================================================

[Phase] Env 0: Alice Failed | Moved: 0.027m < 0.01m threshold
[Reset] Env 0: Alice phase @ step 250/250 | Goals: 0/5 | Reason: Invalid Goal
[Reset] Env 15: Alice phase @ step 250/250 | Goals: 0/5 | Reason: Invalid Goal
[Reset] Env 19: Alice phase @ step 250/250 | Goals: 0/5 | Reason: Invalid Goal
[Reset] Env 22: Alice phase @ step 250/250 | Goals: 0/5 | Reason: Invalid Goal
[Reset] Resetting objects to SAFE pose for 4 envs
[Reset] Resetting ROBOT joints for 4 envs
Update Alice: Iter 111

============================================================
ALICE UPDATE 111
============================================================
  Rewards:     mean=-1.0000 | min=0.0000 | max=0.0000
  Losses:      value=0.0043 | surrogate=1.6357
  Outcomes:    9 episodes buffered
============================================================

[Phase] Env 9: Alice→Bob | Valid Goal | Moved: 0.064m
[Phase] Env 1: Alice Failed | Moved: 0.027m < 0.01m threshold
[Phase] Env 9: Alice→Bob | Goal 1/5 | Alice completed 250/250 steps
[Reset] Alice->Bob Transition: Resetting Objects (Initial) & Robot (Default) for 1 envs
[Reset] Resetting ROBOT joints for 1 envs
[Reset] Env 1: Alice phase @ step 250/250 | Goals: 0/5 | Reason: Invalid Goal
[Reset] Env 5: Alice phase @ step 250/250 | Goals: 0/5 | Reason: Invalid Goal
[Reset] Env 6: Alice phase @ step 250/250 | Goals: 0/5 | Reason: Invalid Goal
[Reset] Env 8: Alice phase @ step 250/250 | Goals: 0/5 | Reason: Invalid Goal
[Reset] Env 13: Alice phase @ step 250/250 | Goals: 0/5 | Reason: Invalid Goal
[Reset] Env 24: Alice phase @ step 250/250 | Goals: 0/5 | Reason: Invalid Goal
[Reset] Resetting objects to SAFE pose for 6 envs
[Reset] Resetting ROBOT joints for 6 envs
Update Alice: Iter 112

============================================================
ALICE UPDATE 112
============================================================
  Rewards:     mean=-1.0000 | min=0.0000 | max=0.0000
  Losses:      value=0.0039 | surrogate=1.0480
  Outcomes:    9 episodes buffered
============================================================

[Phase] Env 2: Alice Failed | Moved: 0.027m < 0.01m threshold
[Reset] Env 2: Alice phase @ step 250/250 | Goals: 0/5 | Reason: Invalid Goal
[Reset] Env 10: Alice phase @ step 250/250 | Goals: 0/5 | Reason: Invalid Goal
[Reset] Env 14: Alice phase @ step 250/250 | Goals: 0/5 | Reason: Invalid Goal
[Reset] Env 23: Alice phase @ step 250/250 | Goals: 0/5 | Reason: Invalid Goal
[Reset] Resetting objects to SAFE pose for 4 envs
[Reset] Resetting ROBOT joints for 4 envs
[Phase] Env 3: Alice Failed | Moved: 0.027m < 0.01m threshold
[Reset] Env 3: Alice phase @ step 250/250 | Goals: 0/5 | Reason: Invalid Goal
[Reset] Env 7: Alice phase @ step 250/250 | Goals: 0/5 | Reason: Invalid Goal
[Reset] Env 11: Alice phase @ step 250/250 | Goals: 0/5 | Reason: Invalid Goal
[Reset] Env 12: Alice phase @ step 250/250 | Goals: 0/5 | Reason: Invalid Goal
[Reset] Env 16: Alice phase @ step 250/250 | Goals: 0/5 | Reason: Invalid Goal
[Reset] Env 17: Alice phase @ step 250/250 | Goals: 0/5 | Reason: Invalid Goal
[Reset] Env 18: Alice phase @ step 250/250 | Goals: 0/5 | Reason: Invalid Goal
[Reset] Env 20: Alice phase @ step 250/250 | Goals: 0/5 | Reason: Invalid Goal
[Reset] Env 21: Alice phase @ step 250/250 | Goals: 0/5 | Reason: Invalid Goal
[Reset] Resetting objects to SAFE pose for 9 envs
[Reset] Resetting ROBOT joints for 9 envs
[Phase] Env 4: Bob FAILURE | Steps: 600/600
[Reset] Env 4: Bob phase @ step 600/600 | Goals: 1/5 | Reason: Bob Failed (or Max Goals)
[Reset] Resetting objects to SAFE pose for 1 envs
[Reset] Resetting ROBOT joints for 1 envs
Update Alice: Iter 113

============================================================
ALICE UPDATE 113
============================================================
  Rewards:     mean=-0.2222 | min=0.0000 | max=0.0000
  Losses:      value=0.1132 | surrogate=0.2693
  Outcomes:    9 episodes buffered
============================================================

Update Bob: Iter 3

============================================================
BOB UPDATE 3
============================================================
  Success Rate: 0.0667 (30 eps)
  Rewards:      mean=0.0003
  Losses:       value=0.0254 | surrogate=0.9971 | ABC=2.9825
  Errors:       pos=0.0974 | rot=0.0083
============================================================

[Phase] Env 0: Alice Failed | Moved: 0.027m < 0.01m threshold
[Reset] Env 0: Alice phase @ step 250/250 | Goals: 0/5 | Reason: Invalid Goal
[Reset] Env 15: Alice phase @ step 250/250 | Goals: 0/5 | Reason: Invalid Goal
[Reset] Env 19: Alice phase @ step 250/250 | Goals: 0/5 | Reason: Invalid Goal
[Reset] Env 22: Alice phase @ step 250/250 | Goals: 0/5 | Reason: Invalid Goal
[Reset] Resetting objects to SAFE pose for 4 envs
[Reset] Resetting ROBOT joints for 4 envs
Update Alice: Iter 114

============================================================
ALICE UPDATE 114
============================================================
  Rewards:     mean=-1.0000 | min=0.0000 | max=0.0000
  Losses:      value=0.0074 | surrogate=1.2304
  Outcomes:    9 episodes buffered
============================================================

[Phase] Env 13: Alice→Bob | Valid Goal | Moved: 0.057m
[Phase] Env 1: Alice Failed | Moved: 0.027m < 0.01m threshold
[Phase] Env 13: Alice→Bob | Goal 1/5 | Alice completed 250/250 steps
[Reset] Alice->Bob Transition: Resetting Objects (Initial) & Robot (Default) for 1 envs
[Reset] Resetting ROBOT joints for 1 envs
[Reset] Env 1: Alice phase @ step 250/250 | Goals: 0/5 | Reason: Invalid Goal
[Reset] Env 5: Alice phase @ step 250/250 | Goals: 0/5 | Reason: Invalid Goal
[Reset] Env 6: Alice phase @ step 250/250 | Goals: 0/5 | Reason: Invalid Goal
[Reset] Env 8: Alice phase @ step 250/250 | Goals: 0/5 | Reason: Invalid Goal
[Reset] Env 24: Alice phase @ step 250/250 | Goals: 0/5 | Reason: Invalid Goal
[Reset] Resetting objects to SAFE pose for 5 envs
[Reset] Resetting ROBOT joints for 5 envs
[Bob Reward] +1.0
[Phase] Env 2: Alice Failed | Moved: 0.027m < 0.01m threshold
[Reset] Env 2: Alice phase @ step 250/250 | Goals: 0/5 | Reason: Invalid Goal
[Reset] Env 10: Alice phase @ step 250/250 | Goals: 0/5 | Reason: Invalid Goal
[Reset] Env 14: Alice phase @ step 250/250 | Goals: 0/5 | Reason: Invalid Goal
[Reset] Env 23: Alice phase @ step 250/250 | Goals: 0/5 | Reason: Invalid Goal
[Reset] Resetting objects to SAFE pose for 4 envs
[Reset] Resetting ROBOT joints for 4 envs
Update Alice: Iter 115

============================================================
ALICE UPDATE 115
============================================================
  Rewards:     mean=-1.0000 | min=0.0000 | max=0.0000
  Losses:      value=0.0053 | surrogate=0.9879
  Outcomes:    9 episodes buffered
============================================================

[Phase] Env 3: Alice Failed | Moved: 0.027m < 0.01m threshold
[Reset] Env 3: Alice phase @ step 250/250 | Goals: 0/5 | Reason: Invalid Goal
[Reset] Env 4: Alice phase @ step 250/250 | Goals: 0/5 | Reason: Invalid Goal
[Reset] Env 7: Alice phase @ step 250/250 | Goals: 0/5 | Reason: Invalid Goal
[Reset] Env 11: Alice phase @ step 250/250 | Goals: 0/5 | Reason: Invalid Goal
[Reset] Env 12: Alice phase @ step 250/250 | Goals: 0/5 | Reason: Invalid Goal
[Reset] Env 16: Alice phase @ step 250/250 | Goals: 0/5 | Reason: Invalid Goal
[Reset] Env 17: Alice phase @ step 250/250 | Goals: 0/5 | Reason: Invalid Goal
[Reset] Env 18: Alice phase @ step 250/250 | Goals: 0/5 | Reason: Invalid Goal
[Reset] Env 20: Alice phase @ step 250/250 | Goals: 0/5 | Reason: Invalid Goal
[Reset] Env 21: Alice phase @ step 250/250 | Goals: 0/5 | Reason: Invalid Goal
[Reset] Resetting objects to SAFE pose for 10 envs
[Reset] Resetting ROBOT joints for 10 envs
Update Alice: Iter 116

============================================================
ALICE UPDATE 116
============================================================
  Rewards:     mean=-1.0000 | min=0.0000 | max=0.0000
  Losses:      value=0.0025 | surrogate=1.3377
  Outcomes:    9 episodes buffered
============================================================

[Phase] Env 0: Alice Failed | Moved: 0.027m < 0.01m threshold
[Reset] Env 0: Alice phase @ step 250/250 | Goals: 0/5 | Reason: Invalid Goal
[Reset] Env 15: Alice phase @ step 250/250 | Goals: 0/5 | Reason: Invalid Goal
[Reset] Env 19: Alice phase @ step 250/250 | Goals: 0/5 | Reason: Invalid Goal
[Reset] Env 22: Alice phase @ step 250/250 | Goals: 0/5 | Reason: Invalid Goal
[Reset] Resetting objects to SAFE pose for 4 envs
[Reset] Resetting ROBOT joints for 4 envs
[Phase] Env 1: Alice Failed | Moved: 0.027m < 0.01m threshold
[Reset] Env 1: Alice phase @ step 250/250 | Goals: 0/5 | Reason: Invalid Goal
[Reset] Env 5: Alice phase @ step 250/250 | Goals: 0/5 | Reason: Invalid Goal
[Reset] Env 6: Alice phase @ step 250/250 | Goals: 0/5 | Reason: Invalid Goal
[Reset] Env 8: Alice phase @ step 250/250 | Goals: 0/5 | Reason: Invalid Goal
[Reset] Env 24: Alice phase @ step 250/250 | Goals: 0/5 | Reason: Invalid Goal
[Reset] Resetting objects to SAFE pose for 5 envs
[Reset] Resetting ROBOT joints for 5 envs
Update Alice: Iter 117

============================================================
ALICE UPDATE 117
============================================================
  Rewards:     mean=-1.0000 | min=0.0000 | max=0.0000
  Losses:      value=0.0025 | surrogate=1.4317
  Outcomes:    9 episodes buffered
============================================================

[Phase] Env 2: Alice Failed | Moved: 0.027m < 0.01m threshold
[Reset] Env 2: Alice phase @ step 250/250 | Goals: 0/5 | Reason: Invalid Goal
[Reset] Env 10: Alice phase @ step 250/250 | Goals: 0/5 | Reason: Invalid Goal
[Reset] Env 14: Alice phase @ step 250/250 | Goals: 0/5 | Reason: Invalid Goal
[Reset] Env 23: Alice phase @ step 250/250 | Goals: 0/5 | Reason: Invalid Goal
[Reset] Resetting objects to SAFE pose for 4 envs
[Reset] Resetting ROBOT joints for 4 envs
[Phase] Env 4: Alice→Bob | Valid Goal | Moved: 0.067m
[Phase] Env 3: Alice Failed | Moved: 0.027m < 0.01m threshold
[Phase] Env 4: Alice→Bob | Goal 1/5 | Alice completed 250/250 steps
[Phase] Env 12: Alice→Bob | Goal 1/5 | Alice completed 250/250 steps
[Reset] Alice->Bob Transition: Resetting Objects (Initial) & Robot (Default) for 2 envs
[Reset] Resetting ROBOT joints for 2 envs
[Reset] Env 3: Alice phase @ step 250/250 | Goals: 0/5 | Reason: Invalid Goal
[Reset] Env 7: Alice phase @ step 250/250 | Goals: 0/5 | Reason: Invalid Goal
[Reset] Env 11: Alice phase @ step 250/250 | Goals: 0/5 | Reason: Invalid Goal
[Reset] Env 16: Alice phase @ step 250/250 | Goals: 0/5 | Reason: Invalid Goal
[Reset] Env 17: Alice phase @ step 250/250 | Goals: 0/5 | Reason: Invalid Goal
[Reset] Env 18: Alice phase @ step 250/250 | Goals: 0/5 | Reason: Invalid Goal
[Reset] Env 20: Alice phase @ step 250/250 | Goals: 0/5 | Reason: Invalid Goal
[Reset] Env 21: Alice phase @ step 250/250 | Goals: 0/5 | Reason: Invalid Goal
[Reset] Resetting objects to SAFE pose for 8 envs
[Reset] Resetting ROBOT joints for 8 envs
[Phase] Env 9: Bob FAILURE | Steps: 600/600
[Reset] Env 9: Bob phase @ step 600/600 | Goals: 1/5 | Reason: Bob Failed (or Max Goals)
[Reset] Resetting objects to SAFE pose for 1 envs
[Reset] Resetting ROBOT joints for 1 envs
Update Alice: Iter 118

============================================================
ALICE UPDATE 118
============================================================
  Rewards:     mean=-0.2222 | min=0.0000 | max=0.0000
  Losses:      value=0.1341 | surrogate=0.1491
  Outcomes:    9 episodes buffered
============================================================

[Phase] Env 0: Alice Failed | Moved: 0.027m < 0.01m threshold
[Reset] Env 0: Alice phase @ step 250/250 | Goals: 0/5 | Reason: Invalid Goal
[Reset] Env 15: Alice phase @ step 250/250 | Goals: 0/5 | Reason: Invalid Goal
[Reset] Env 19: Alice phase @ step 250/250 | Goals: 0/5 | Reason: Invalid Goal
[Reset] Env 22: Alice phase @ step 250/250 | Goals: 0/5 | Reason: Invalid Goal
[Reset] Resetting objects to SAFE pose for 4 envs
[Reset] Resetting ROBOT joints for 4 envs
Update Alice: Iter 119

============================================================
ALICE UPDATE 119
============================================================
  Rewards:     mean=-1.0000 | min=0.0000 | max=0.0000
  Losses:      value=0.0073 | surrogate=1.2251
  Outcomes:    9 episodes buffered
============================================================

[Phase] Env 8: Alice→Bob | Valid Goal | Moved: 0.041m
[Phase] Env 1: Alice Failed | Moved: 0.027m < 0.01m threshold
[Phase] Env 8: Alice→Bob | Goal 1/5 | Alice completed 250/250 steps
[Reset] Alice->Bob Transition: Resetting Objects (Initial) & Robot (Default) for 1 envs
[Reset] Resetting ROBOT joints for 1 envs
[Reset] Env 1: Alice phase @ step 250/250 | Goals: 0/5 | Reason: Invalid Goal
[Reset] Env 5: Alice phase @ step 250/250 | Goals: 0/5 | Reason: Invalid Goal
[Reset] Env 6: Alice phase @ step 250/250 | Goals: 0/5 | Reason: Invalid Goal
[Reset] Env 24: Alice phase @ step 250/250 | Goals: 0/5 | Reason: Invalid Goal
[Reset] Resetting objects to SAFE pose for 4 envs
[Reset] Resetting ROBOT joints for 4 envs
[Phase] Env 2: Alice Failed | Moved: 0.027m < 0.01m threshold
[Reset] Env 2: Alice phase @ step 250/250 | Goals: 0/5 | Reason: Invalid Goal
[Reset] Env 10: Alice phase @ step 250/250 | Goals: 0/5 | Reason: Invalid Goal
[Reset] Env 14: Alice phase @ step 250/250 | Goals: 0/5 | Reason: Invalid Goal
[Reset] Env 23: Alice phase @ step 250/250 | Goals: 0/5 | Reason: Invalid Goal
[Reset] Resetting objects to SAFE pose for 4 envs
[Reset] Resetting ROBOT joints for 4 envs
[Phase] Env 3: Alice Failed | Moved: 0.027m < 0.01m threshold
[Reset] Env 3: Alice phase @ step 250/250 | Goals: 0/5 | Reason: Invalid Goal
[Reset] Env 7: Alice phase @ step 250/250 | Goals: 0/5 | Reason: Invalid Goal
[Reset] Env 9: Alice phase @ step 250/250 | Goals: 0/5 | Reason: Invalid Goal
[Reset] Env 11: Alice phase @ step 250/250 | Goals: 0/5 | Reason: Invalid Goal
[Reset] Env 16: Alice phase @ step 250/250 | Goals: 0/5 | Reason: Invalid Goal
[Reset] Env 17: Alice phase @ step 250/250 | Goals: 0/5 | Reason: Invalid Goal
[Reset] Env 18: Alice phase @ step 250/250 | Goals: 0/5 | Reason: Invalid Goal
[Reset] Env 20: Alice phase @ step 250/250 | Goals: 0/5 | Reason: Invalid Goal
[Reset] Env 21: Alice phase @ step 250/250 | Goals: 0/5 | Reason: Invalid Goal
[Reset] Resetting objects to SAFE pose for 9 envs
[Reset] Resetting ROBOT joints for 9 envs
[Phase] Env 13: Bob FAILURE | Steps: 600/600
[Reset] Env 13: Bob phase @ step 600/600 | Goals: 1/5 | Reason: Bob Failed (or Max Goals)
[Reset] Resetting objects to SAFE pose for 1 envs
[Reset] Resetting ROBOT joints for 1 envs
Update Alice: Iter 120

============================================================
ALICE UPDATE 120
============================================================
  Rewards:     mean=-0.2222 | min=0.0000 | max=0.0000
  Losses:      value=0.0297 | surrogate=0.2357
  Outcomes:    9 episodes buffered
============================================================

Update Alice: Iter 121

============================================================
ALICE UPDATE 121
============================================================
  Rewards:     mean=-1.0000 | min=0.0000 | max=0.0000
  Losses:      value=0.0039 | surrogate=1.2933
  Outcomes:    9 episodes buffered
============================================================

[Phase] Env 19: Alice→Bob | Valid Goal | Moved: 0.269m
[Phase] Env 0: Alice Failed | Moved: 0.027m < 0.01m threshold
[Phase] Env 19: Alice→Bob | Goal 1/5 | Alice completed 250/250 steps
[Phase] Env 22: Alice→Bob | Goal 1/5 | Alice completed 250/250 steps
[Reset] Alice->Bob Transition: Resetting Objects (Initial) & Robot (Default) for 2 envs
[Reset] Resetting ROBOT joints for 2 envs
[Reset] Env 0: Alice phase @ step 250/250 | Goals: 0/5 | Reason: Invalid Goal
[Reset] Env 15: Alice phase @ step 250/250 | Goals: 0/5 | Reason: Invalid Goal
[Reset] Resetting objects to SAFE pose for 2 envs
[Reset] Resetting ROBOT joints for 2 envs
[Bob Reward] +1.0
[Phase] Env 6: Alice→Bob | Valid Goal | Moved: 0.077m
[Phase] Env 1: Alice Failed | Moved: 0.027m < 0.01m threshold
[Phase] Env 6: Alice→Bob | Goal 1/5 | Alice completed 250/250 steps
[Reset] Alice->Bob Transition: Resetting Objects (Initial) & Robot (Default) for 1 envs
[Reset] Resetting ROBOT joints for 1 envs
[Reset] Env 1: Alice phase @ step 250/250 | Goals: 0/5 | Reason: Invalid Goal
[Reset] Env 5: Alice phase @ step 250/250 | Goals: 0/5 | Reason: Invalid Goal
[Reset] Env 24: Alice phase @ step 250/250 | Goals: 0/5 | Reason: Invalid Goal
[Reset] Resetting objects to SAFE pose for 3 envs
[Reset] Resetting ROBOT joints for 3 envs
[Phase] Env 2: Alice Failed | Moved: 0.027m < 0.01m threshold
[Reset] Env 2: Alice phase @ step 250/250 | Goals: 0/5 | Reason: Invalid Goal
[Reset] Env 10: Alice phase @ step 250/250 | Goals: 0/5 | Reason: Invalid Goal
[Reset] Env 14: Alice phase @ step 250/250 | Goals: 0/5 | Reason: Invalid Goal
[Reset] Env 23: Alice phase @ step 250/250 | Goals: 0/5 | Reason: Invalid Goal
[Reset] Resetting objects to SAFE pose for 4 envs
[Reset] Resetting ROBOT joints for 4 envs
Update Alice: Iter 122

============================================================
ALICE UPDATE 122
============================================================
  Rewards:     mean=-1.0000 | min=0.0000 | max=0.0000
  Losses:      value=0.0054 | surrogate=0.9757
  Outcomes:    9 episodes buffered
============================================================

[Phase] Env 3: Alice Failed | Moved: 0.027m < 0.01m threshold
[Reset] Env 3: Alice phase @ step 250/250 | Goals: 0/5 | Reason: Invalid Goal
[Reset] Env 7: Alice phase @ step 250/250 | Goals: 0/5 | Reason: Invalid Goal
[Reset] Env 9: Alice phase @ step 250/250 | Goals: 0/5 | Reason: Invalid Goal
[Reset] Env 11: Alice phase @ step 250/250 | Goals: 0/5 | Reason: Invalid Goal
[Reset] Env 13: Alice phase @ step 250/250 | Goals: 0/5 | Reason: Invalid Goal
[Reset] Env 16: Alice phase @ step 250/250 | Goals: 0/5 | Reason: Invalid Goal
[Reset] Env 17: Alice phase @ step 250/250 | Goals: 0/5 | Reason: Invalid Goal
[Reset] Env 18: Alice phase @ step 250/250 | Goals: 0/5 | Reason: Invalid Goal
[Reset] Env 20: Alice phase @ step 250/250 | Goals: 0/5 | Reason: Invalid Goal
[Reset] Env 21: Alice phase @ step 250/250 | Goals: 0/5 | Reason: Invalid Goal
[Reset] Resetting objects to SAFE pose for 10 envs
[Reset] Resetting ROBOT joints for 10 envs
Update Alice: Iter 123

============================================================
ALICE UPDATE 123
============================================================
  Rewards:     mean=-1.0000 | min=0.0000 | max=0.0000
  Losses:      value=0.0071 | surrogate=0.5367
  Outcomes:    9 episodes buffered
============================================================

[Phase] Env 0: Alice Failed | Moved: 0.027m < 0.01m threshold
[Reset] Env 0: Alice phase @ step 250/250 | Goals: 0/5 | Reason: Invalid Goal
[Reset] Env 15: Alice phase @ step 250/250 | Goals: 0/5 | Reason: Invalid Goal
[Reset] Resetting objects to SAFE pose for 2 envs
[Reset] Resetting ROBOT joints for 2 envs
[Phase] Env 4: Bob FAILURE | Steps: 600/600
[Reset] Env 4: Bob phase @ step 600/600 | Goals: 1/5 | Reason: Bob Failed (or Max Goals)
[Reset] Env 12: Bob phase @ step 600/600 | Goals: 1/5 | Reason: Bob Failed (or Max Goals)
[Reset] Resetting objects to SAFE pose for 2 envs
[Reset] Resetting ROBOT joints for 2 envs
[Phase] Env 1: Alice Failed | Moved: 0.027m < 0.01m threshold
[Reset] Env 1: Alice phase @ step 250/250 | Goals: 0/5 | Reason: Invalid Goal
[Reset] Env 5: Alice phase @ step 250/250 | Goals: 0/5 | Reason: Invalid Goal
[Reset] Env 24: Alice phase @ step 250/250 | Goals: 0/5 | Reason: Invalid Goal
[Reset] Resetting objects to SAFE pose for 3 envs
[Reset] Resetting ROBOT joints for 3 envs
[Phase] Env 23: Alice→Bob | Valid Goal | Moved: 0.043m
[Phase] Env 2: Alice Failed | Moved: 0.027m < 0.01m threshold
[Phase] Env 23: Alice→Bob | Goal 1/5 | Alice completed 250/250 steps
[Reset] Alice->Bob Transition: Resetting Objects (Initial) & Robot (Default) for 1 envs
[Reset] Resetting ROBOT joints for 1 envs
[Reset] Env 2: Alice phase @ step 250/250 | Goals: 0/5 | Reason: Invalid Goal
[Reset] Env 10: Alice phase @ step 250/250 | Goals: 0/5 | Reason: Invalid Goal
[Reset] Env 14: Alice phase @ step 250/250 | Goals: 0/5 | Reason: Invalid Goal
[Reset] Resetting objects to SAFE pose for 3 envs
[Reset] Resetting ROBOT joints for 3 envs
Update Alice: Iter 124

============================================================
ALICE UPDATE 124
============================================================
  Rewards:     mean=0.5556 | min=0.0000 | max=0.0000
  Losses:      value=0.2748 | surrogate=0.1418
  Outcomes:    9 episodes buffered
============================================================

[Phase] Env 3: Alice Failed | Moved: 0.027m < 0.01m threshold
[Reset] Env 3: Alice phase @ step 250/250 | Goals: 0/5 | Reason: Invalid Goal
[Reset] Env 7: Alice phase @ step 250/250 | Goals: 0/5 | Reason: Invalid Goal
[Reset] Env 9: Alice phase @ step 250/250 | Goals: 0/5 | Reason: Invalid Goal
[Reset] Env 11: Alice phase @ step 250/250 | Goals: 0/5 | Reason: Invalid Goal
[Reset] Env 13: Alice phase @ step 250/250 | Goals: 0/5 | Reason: Invalid Goal
[Reset] Env 16: Alice phase @ step 250/250 | Goals: 0/5 | Reason: Invalid Goal
[Reset] Env 17: Alice phase @ step 250/250 | Goals: 0/5 | Reason: Invalid Goal
[Reset] Env 18: Alice phase @ step 250/250 | Goals: 0/5 | Reason: Invalid Goal
[Reset] Env 20: Alice phase @ step 250/250 | Goals: 0/5 | Reason: Invalid Goal
[Reset] Env 21: Alice phase @ step 250/250 | Goals: 0/5 | Reason: Invalid Goal
[Reset] Resetting objects to SAFE pose for 10 envs
[Reset] Resetting ROBOT joints for 10 envs
[Phase] Env 8: Bob FAILURE | Steps: 600/600
[Reset] Env 8: Bob phase @ step 600/600 | Goals: 1/5 | Reason: Bob Failed (or Max Goals)
[Reset] Resetting objects to SAFE pose for 1 envs
[Reset] Resetting ROBOT joints for 1 envs
Update Alice: Iter 125

============================================================
ALICE UPDATE 125
============================================================
  Rewards:     mean=-0.2222 | min=0.0000 | max=0.0000
  Losses:      value=0.0632 | surrogate=0.2458
  Outcomes:    9 episodes buffered
============================================================

[Phase] Env 0: Alice Failed | Moved: 0.027m < 0.01m threshold
[Reset] Env 0: Alice phase @ step 250/250 | Goals: 0/5 | Reason: Invalid Goal
[Reset] Env 4: Alice phase @ step 250/250 | Goals: 0/5 | Reason: Invalid Goal
[Reset] Env 12: Alice phase @ step 250/250 | Goals: 0/5 | Reason: Invalid Goal
[Reset] Env 15: Alice phase @ step 250/250 | Goals: 0/5 | Reason: Invalid Goal
[Reset] Resetting objects to SAFE pose for 4 envs
[Reset] Resetting ROBOT joints for 4 envs
[Phase] Env 1: Alice Failed | Moved: 0.027m < 0.01m threshold
[Reset] Env 1: Alice phase @ step 250/250 | Goals: 0/5 | Reason: Invalid Goal
[Reset] Env 5: Alice phase @ step 250/250 | Goals: 0/5 | Reason: Invalid Goal
[Reset] Env 24: Alice phase @ step 250/250 | Goals: 0/5 | Reason: Invalid Goal
[Reset] Resetting objects to SAFE pose for 3 envs
[Reset] Resetting ROBOT joints for 3 envs
Update Alice: Iter 126

============================================================
ALICE UPDATE 126
============================================================
  Rewards:     mean=-1.0000 | min=0.0000 | max=0.0000
  Losses:      value=0.0261 | surrogate=1.1738
  Outcomes:    9 episodes buffered
============================================================

[Phase] Env 2: Alice Failed | Moved: 0.027m < 0.01m threshold
[Reset] Env 2: Alice phase @ step 250/250 | Goals: 0/5 | Reason: Invalid Goal
[Reset] Env 10: Alice phase @ step 250/250 | Goals: 0/5 | Reason: Invalid Goal
[Reset] Env 14: Alice phase @ step 250/250 | Goals: 0/5 | Reason: Invalid Goal
[Reset] Resetting objects to SAFE pose for 3 envs
[Reset] Resetting ROBOT joints for 3 envs
[Phase] Env 19: Bob FAILURE | Steps: 600/600
[Reset] Env 19: Bob phase @ step 600/600 | Goals: 1/5 | Reason: Bob Failed (or Max Goals)
[Reset] Env 22: Bob phase @ step 600/600 | Goals: 1/5 | Reason: Bob Failed (or Max Goals)
[Reset] Resetting objects to SAFE pose for 2 envs
[Reset] Resetting ROBOT joints for 2 envs
[Phase] Env 9: Alice→Bob | Valid Goal | Moved: 0.028m
[Phase] Env 3: Alice Failed | Moved: 0.027m < 0.01m threshold
[Phase] Env 9: Alice→Bob | Goal 1/5 | Alice completed 250/250 steps
[Reset] Alice->Bob Transition: Resetting Objects (Initial) & Robot (Default) for 1 envs
[Reset] Resetting ROBOT joints for 1 envs
[Reset] Env 3: Alice phase @ step 250/250 | Goals: 0/5 | Reason: Invalid Goal
[Reset] Env 7: Alice phase @ step 250/250 | Goals: 0/5 | Reason: Invalid Goal
[Reset] Env 8: Alice phase @ step 250/250 | Goals: 0/5 | Reason: Invalid Goal
[Reset] Env 11: Alice phase @ step 250/250 | Goals: 0/5 | Reason: Invalid Goal
[Reset] Env 13: Alice phase @ step 250/250 | Goals: 0/5 | Reason: Invalid Goal
[Reset] Env 16: Alice phase @ step 250/250 | Goals: 0/5 | Reason: Invalid Goal
[Reset] Env 17: Alice phase @ step 250/250 | Goals: 0/5 | Reason: Invalid Goal
[Reset] Env 18: Alice phase @ step 250/250 | Goals: 0/5 | Reason: Invalid Goal
[Reset] Env 20: Alice phase @ step 250/250 | Goals: 0/5 | Reason: Invalid Goal
[Reset] Env 21: Alice phase @ step 250/250 | Goals: 0/5 | Reason: Invalid Goal
[Reset] Resetting objects to SAFE pose for 10 envs
[Reset] Resetting ROBOT joints for 10 envs
[Phase] Env 6: Bob FAILURE | Steps: 600/600
[Reset] Env 6: Bob phase @ step 600/600 | Goals: 1/5 | Reason: Bob Failed (or Max Goals)
[Reset] Resetting objects to SAFE pose for 1 envs
[Reset] Resetting ROBOT joints for 1 envs
Update Alice: Iter 127

============================================================
ALICE UPDATE 127
============================================================
  Rewards:     mean=1.3333 | min=0.0000 | max=0.0000
  Losses:      value=0.2450 | surrogate=0.3478
  Outcomes:    9 episodes buffered
============================================================

Update Alice: Iter 128

============================================================
ALICE UPDATE 128
============================================================
  Rewards:     mean=-1.0000 | min=0.0000 | max=0.0000
  Losses:      value=0.0242 | surrogate=1.4714
  Outcomes:    9 episodes buffered
============================================================

[Bob Reward] +1.0
[Phase] Env 0: Alice Failed | Moved: 0.027m < 0.01m threshold
[Reset] Env 0: Alice phase @ step 250/250 | Goals: 0/5 | Reason: Invalid Goal
[Reset] Env 4: Alice phase @ step 250/250 | Goals: 0/5 | Reason: Invalid Goal
[Reset] Env 12: Alice phase @ step 250/250 | Goals: 0/5 | Reason: Invalid Goal
[Reset] Env 15: Alice phase @ step 250/250 | Goals: 0/5 | Reason: Invalid Goal
[Reset] Resetting objects to SAFE pose for 4 envs
[Reset] Resetting ROBOT joints for 4 envs
[Phase] Env 1: Alice Failed | Moved: 0.027m < 0.01m threshold
[Reset] Env 1: Alice phase @ step 250/250 | Goals: 0/5 | Reason: Invalid Goal
[Reset] Env 5: Alice phase @ step 250/250 | Goals: 0/5 | Reason: Invalid Goal
[Reset] Env 24: Alice phase @ step 250/250 | Goals: 0/5 | Reason: Invalid Goal
[Reset] Resetting objects to SAFE pose for 3 envs
[Reset] Resetting ROBOT joints for 3 envs
[Phase] Env 2: Alice Failed | Moved: 0.027m < 0.01m threshold
[Reset] Env 2: Alice phase @ step 250/250 | Goals: 0/5 | Reason: Invalid Goal
[Reset] Env 10: Alice phase @ step 250/250 | Goals: 0/5 | Reason: Invalid Goal
[Reset] Env 14: Alice phase @ step 250/250 | Goals: 0/5 | Reason: Invalid Goal
[Reset] Env 19: Alice phase @ step 250/250 | Goals: 0/5 | Reason: Invalid Goal
[Reset] Env 22: Alice phase @ step 250/250 | Goals: 0/5 | Reason: Invalid Goal
[Reset] Resetting objects to SAFE pose for 5 envs
[Reset] Resetting ROBOT joints for 5 envs
Update Alice: Iter 129

============================================================
ALICE UPDATE 129
============================================================
  Rewards:     mean=-1.0000 | min=0.0000 | max=0.0000
  Losses:      value=0.0262 | surrogate=0.9312
  Outcomes:    9 episodes buffered
============================================================

[Phase] Env 8: Alice→Bob | Valid Goal | Moved: 0.061m
[Phase] Env 3: Alice Failed | Moved: 0.027m < 0.01m threshold
[Phase] Env 8: Alice→Bob | Goal 1/5 | Alice completed 250/250 steps
[Reset] Alice->Bob Transition: Resetting Objects (Initial) & Robot (Default) for 1 envs
[Reset] Resetting ROBOT joints for 1 envs
[Reset] Env 3: Alice phase @ step 250/250 | Goals: 0/5 | Reason: Invalid Goal
[Reset] Env 6: Alice phase @ step 250/250 | Goals: 0/5 | Reason: Invalid Goal
[Reset] Env 7: Alice phase @ step 250/250 | Goals: 0/5 | Reason: Invalid Goal
[Reset] Env 11: Alice phase @ step 250/250 | Goals: 0/5 | Reason: Invalid Goal
[Reset] Env 13: Alice phase @ step 250/250 | Goals: 0/5 | Reason: Invalid Goal
[Reset] Env 16: Alice phase @ step 250/250 | Goals: 0/5 | Reason: Invalid Goal
[Reset] Env 17: Alice phase @ step 250/250 | Goals: 0/5 | Reason: Invalid Goal
[Reset] Env 18: Alice phase @ step 250/250 | Goals: 0/5 | Reason: Invalid Goal
[Reset] Env 20: Alice phase @ step 250/250 | Goals: 0/5 | Reason: Invalid Goal
[Reset] Env 21: Alice phase @ step 250/250 | Goals: 0/5 | Reason: Invalid Goal
[Reset] Resetting objects to SAFE pose for 10 envs
[Reset] Resetting ROBOT joints for 10 envs
Update Alice: Iter 130

============================================================
ALICE UPDATE 130
============================================================
  Rewards:     mean=-1.0000 | min=0.0000 | max=0.0000
  Losses:      value=0.0065 | surrogate=1.9192
  Outcomes:    9 episodes buffered
============================================================

[Phase] Env 23: Bob FAILURE | Steps: 600/600
[Reset] Env 23: Bob phase @ step 600/600 | Goals: 1/5 | Reason: Bob Failed (or Max Goals)
[Reset] Resetting objects to SAFE pose for 1 envs
[Reset] Resetting ROBOT joints for 1 envs
[Phase] Env 0: Alice Failed | Moved: 0.027m < 0.01m threshold
[Reset] Env 0: Alice phase @ step 250/250 | Goals: 0/5 | Reason: Invalid Goal
[Reset] Env 4: Alice phase @ step 250/250 | Goals: 0/5 | Reason: Invalid Goal
[Reset] Env 12: Alice phase @ step 250/250 | Goals: 0/5 | Reason: Invalid Goal
[Reset] Env 15: Alice phase @ step 250/250 | Goals: 0/5 | Reason: Invalid Goal
[Reset] Resetting objects to SAFE pose for 4 envs
[Reset] Resetting ROBOT joints for 4 envs
Update Alice: Iter 131

============================================================
ALICE UPDATE 131
============================================================
  Rewards:     mean=-0.2222 | min=0.0000 | max=0.0000
  Losses:      value=0.1397 | surrogate=0.4037
  Outcomes:    9 episodes buffered
============================================================

[Phase] Env 1: Alice Failed | Moved: 0.027m < 0.01m threshold
[Reset] Env 1: Alice phase @ step 250/250 | Goals: 0/5 | Reason: Invalid Goal
[Reset] Env 5: Alice phase @ step 250/250 | Goals: 0/5 | Reason: Invalid Goal
[Reset] Env 24: Alice phase @ step 250/250 | Goals: 0/5 | Reason: Invalid Goal
[Reset] Resetting objects to SAFE pose for 3 envs
[Reset] Resetting ROBOT joints for 3 envs
[Phase] Env 2: Alice Failed | Moved: 0.027m < 0.01m threshold
[Reset] Env 2: Alice phase @ step 250/250 | Goals: 0/5 | Reason: Invalid Goal
[Reset] Env 10: Alice phase @ step 250/250 | Goals: 0/5 | Reason: Invalid Goal
[Reset] Env 14: Alice phase @ step 250/250 | Goals: 0/5 | Reason: Invalid Goal
[Reset] Env 19: Alice phase @ step 250/250 | Goals: 0/5 | Reason: Invalid Goal
[Reset] Env 22: Alice phase @ step 250/250 | Goals: 0/5 | Reason: Invalid Goal
[Reset] Resetting objects to SAFE pose for 5 envs
[Reset] Resetting ROBOT joints for 5 envs
[Phase] Env 3: Alice Failed | Moved: 0.027m < 0.01m threshold
[Reset] Env 3: Alice phase @ step 250/250 | Goals: 0/5 | Reason: Invalid Goal
[Reset] Env 6: Alice phase @ step 250/250 | Goals: 0/5 | Reason: Invalid Goal
[Reset] Env 7: Alice phase @ step 250/250 | Goals: 0/5 | Reason: Invalid Goal
[Reset] Env 11: Alice phase @ step 250/250 | Goals: 0/5 | Reason: Invalid Goal
[Reset] Env 13: Alice phase @ step 250/250 | Goals: 0/5 | Reason: Invalid Goal
[Reset] Env 16: Alice phase @ step 250/250 | Goals: 0/5 | Reason: Invalid Goal
[Reset] Env 17: Alice phase @ step 250/250 | Goals: 0/5 | Reason: Invalid Goal
[Reset] Env 18: Alice phase @ step 250/250 | Goals: 0/5 | Reason: Invalid Goal
[Reset] Env 20: Alice phase @ step 250/250 | Goals: 0/5 | Reason: Invalid Goal
[Reset] Env 21: Alice phase @ step 250/250 | Goals: 0/5 | Reason: Invalid Goal
[Reset] Resetting objects to SAFE pose for 10 envs
[Reset] Resetting ROBOT joints for 10 envs
Update Alice: Iter 132

============================================================
ALICE UPDATE 132
============================================================
  Rewards:     mean=-1.0000 | min=0.0000 | max=0.0000
  Losses:      value=0.0192 | surrogate=1.3663
  Outcomes:    9 episodes buffered
============================================================

Update Alice: Iter 133

============================================================
ALICE UPDATE 133
============================================================
  Rewards:     mean=-1.0000 | min=0.0000 | max=0.0000
  Losses:      value=0.0216 | surrogate=1.2584
  Outcomes:    9 episodes buffered
============================================================

[Phase] Env 23: Alice Failed | Moved: 0.027m < 0.01m threshold
[Reset] Env 23: Alice phase @ step 250/250 | Goals: 0/5 | Reason: Invalid Goal
[Reset] Resetting objects to SAFE pose for 1 envs
[Reset] Resetting ROBOT joints for 1 envs
[Phase] Env 0: Alice Failed | Moved: 0.027m < 0.01m threshold
[Reset] Env 0: Alice phase @ step 250/250 | Goals: 0/5 | Reason: Invalid Goal
[Reset] Env 4: Alice phase @ step 250/250 | Goals: 0/5 | Reason: Invalid Goal
[Reset] Env 12: Alice phase @ step 250/250 | Goals: 0/5 | Reason: Invalid Goal
[Reset] Env 15: Alice phase @ step 250/250 | Goals: 0/5 | Reason: Invalid Goal
[Reset] Resetting objects to SAFE pose for 4 envs
[Reset] Resetting ROBOT joints for 4 envs
[Phase] Env 9: Bob FAILURE | Steps: 600/600
[Reset] Env 9: Bob phase @ step 600/600 | Goals: 1/5 | Reason: Bob Failed (or Max Goals)
[Reset] Resetting objects to SAFE pose for 1 envs
[Reset] Resetting ROBOT joints for 1 envs
Update Bob: Iter 4

============================================================
BOB UPDATE 4
============================================================
  Success Rate: 0.0500 (40 eps)
  Rewards:      mean=0.0003
  Losses:       value=0.0093 | surrogate=1.1608 | ABC=4.1269
  Errors:       pos=0.1000 | rot=0.0066
============================================================

[Phase] Env 1: Alice Failed | Moved: 0.027m < 0.01m threshold
[Reset] Env 1: Alice phase @ step 250/250 | Goals: 0/5 | Reason: Invalid Goal
[Reset] Env 5: Alice phase @ step 250/250 | Goals: 0/5 | Reason: Invalid Goal
[Reset] Env 24: Alice phase @ step 250/250 | Goals: 0/5 | Reason: Invalid Goal
[Reset] Resetting objects to SAFE pose for 3 envs
[Reset] Resetting ROBOT joints for 3 envs
Update Alice: Iter 134

============================================================
ALICE UPDATE 134
============================================================
  Rewards:     mean=-0.2222 | min=0.0000 | max=0.0000
  Losses:      value=0.2024 | surrogate=0.3888
  Outcomes:    9 episodes buffered
============================================================

[Phase] Env 2: Alice Failed | Moved: 0.027m < 0.01m threshold
[Reset] Env 2: Alice phase @ step 250/250 | Goals: 0/5 | Reason: Invalid Goal
[Reset] Env 10: Alice phase @ step 250/250 | Goals: 0/5 | Reason: Invalid Goal
[Reset] Env 14: Alice phase @ step 250/250 | Goals: 0/5 | Reason: Invalid Goal
[Reset] Env 19: Alice phase @ step 250/250 | Goals: 0/5 | Reason: Invalid Goal
[Reset] Env 22: Alice phase @ step 250/250 | Goals: 0/5 | Reason: Invalid Goal
[Reset] Resetting objects to SAFE pose for 5 envs
[Reset] Resetting ROBOT joints for 5 envs
[Phase] Env 3: Alice Failed | Moved: 0.027m < 0.01m threshold
[Reset] Env 3: Alice phase @ step 250/250 | Goals: 0/5 | Reason: Invalid Goal
[Reset] Env 6: Alice phase @ step 250/250 | Goals: 0/5 | Reason: Invalid Goal
[Reset] Env 7: Alice phase @ step 250/250 | Goals: 0/5 | Reason: Invalid Goal
[Reset] Env 11: Alice phase @ step 250/250 | Goals: 0/5 | Reason: Invalid Goal
[Reset] Env 13: Alice phase @ step 250/250 | Goals: 0/5 | Reason: Invalid Goal
[Reset] Env 16: Alice phase @ step 250/250 | Goals: 0/5 | Reason: Invalid Goal
[Reset] Env 17: Alice phase @ step 250/250 | Goals: 0/5 | Reason: Invalid Goal
[Reset] Env 18: Alice phase @ step 250/250 | Goals: 0/5 | Reason: Invalid Goal
[Reset] Env 20: Alice phase @ step 250/250 | Goals: 0/5 | Reason: Invalid Goal
[Reset] Env 21: Alice phase @ step 250/250 | Goals: 0/5 | Reason: Invalid Goal
[Reset] Resetting objects to SAFE pose for 10 envs
[Reset] Resetting ROBOT joints for 10 envs
Update Alice: Iter 135

============================================================
ALICE UPDATE 135
============================================================
  Rewards:     mean=-1.0000 | min=0.0000 | max=0.0000
  Losses:      value=0.0033 | surrogate=1.8905
  Outcomes:    9 episodes buffered
============================================================

[Phase] Env 23: Alice Failed | Moved: 0.027m < 0.01m threshold
[Reset] Env 23: Alice phase @ step 250/250 | Goals: 0/5 | Reason: Invalid Goal
[Reset] Resetting objects to SAFE pose for 1 envs
[Reset] Resetting ROBOT joints for 1 envs
[Phase] Env 0: Alice Failed | Moved: 0.027m < 0.01m threshold
[Reset] Env 0: Alice phase @ step 250/250 | Goals: 0/5 | Reason: Invalid Goal
[Reset] Env 4: Alice phase @ step 250/250 | Goals: 0/5 | Reason: Invalid Goal
[Reset] Env 9: Alice phase @ step 250/250 | Goals: 0/5 | Reason: Invalid Goal
[Reset] Env 12: Alice phase @ step 250/250 | Goals: 0/5 | Reason: Invalid Goal
[Reset] Env 15: Alice phase @ step 250/250 | Goals: 0/5 | Reason: Invalid Goal
[Reset] Resetting objects to SAFE pose for 5 envs
[Reset] Resetting ROBOT joints for 5 envs
[Phase] Env 8: Bob FAILURE | Steps: 600/600
[Reset] Env 8: Bob phase @ step 600/600 | Goals: 1/5 | Reason: Bob Failed (or Max Goals)
[Reset] Resetting objects to SAFE pose for 1 envs
[Reset] Resetting ROBOT joints for 1 envs
Update Alice: Iter 136

============================================================
ALICE UPDATE 136
============================================================
  Rewards:     mean=-0.2222 | min=0.0000 | max=0.0000
  Losses:      value=0.0526 | surrogate=0.2778
  Outcomes:    9 episodes buffered
============================================================

[Phase] Env 1: Alice Failed | Moved: 0.027m < 0.01m threshold
[Reset] Env 1: Alice phase @ step 250/250 | Goals: 0/5 | Reason: Invalid Goal
[Reset] Env 5: Alice phase @ step 250/250 | Goals: 0/5 | Reason: Invalid Goal
[Reset] Env 24: Alice phase @ step 250/250 | Goals: 0/5 | Reason: Invalid Goal
[Reset] Resetting objects to SAFE pose for 3 envs
[Reset] Resetting ROBOT joints for 3 envs
[Phase] Env 2: Alice Failed | Moved: 0.027m < 0.01m threshold
[Reset] Env 2: Alice phase @ step 250/250 | Goals: 0/5 | Reason: Invalid Goal
[Reset] Env 10: Alice phase @ step 250/250 | Goals: 0/5 | Reason: Invalid Goal
[Reset] Env 14: Alice phase @ step 250/250 | Goals: 0/5 | Reason: Invalid Goal
[Reset] Env 19: Alice phase @ step 250/250 | Goals: 0/5 | Reason: Invalid Goal
[Reset] Env 22: Alice phase @ step 250/250 | Goals: 0/5 | Reason: Invalid Goal
[Reset] Resetting objects to SAFE pose for 5 envs
[Reset] Resetting ROBOT joints for 5 envs
Update Alice: Iter 137

============================================================
ALICE UPDATE 137
============================================================
  Rewards:     mean=-1.0000 | min=0.0000 | max=0.0000
  Losses:      value=0.0058 | surrogate=1.5767
  Outcomes:    9 episodes buffered
============================================================

[Phase] Env 18: Alice→Bob | Valid Goal | Moved: 0.102m
[Phase] Env 3: Alice Failed | Moved: 0.027m < 0.01m threshold
[Phase] Env 18: Alice→Bob | Goal 1/5 | Alice completed 250/250 steps
[Reset] Alice->Bob Transition: Resetting Objects (Initial) & Robot (Default) for 1 envs
[Reset] Resetting ROBOT joints for 1 envs
[Reset] Env 3: Alice phase @ step 250/250 | Goals: 0/5 | Reason: Invalid Goal
[Reset] Env 6: Alice phase @ step 250/250 | Goals: 0/5 | Reason: Invalid Goal
[Reset] Env 7: Alice phase @ step 250/250 | Goals: 0/5 | Reason: Invalid Goal
[Reset] Env 11: Alice phase @ step 250/250 | Goals: 0/5 | Reason: Invalid Goal
[Reset] Env 13: Alice phase @ step 250/250 | Goals: 0/5 | Reason: Invalid Goal
[Reset] Env 16: Alice phase @ step 250/250 | Goals: 0/5 | Reason: Invalid Goal
[Reset] Env 17: Alice phase @ step 250/250 | Goals: 0/5 | Reason: Invalid Goal
[Reset] Env 20: Alice phase @ step 250/250 | Goals: 0/5 | Reason: Invalid Goal
[Reset] Env 21: Alice phase @ step 250/250 | Goals: 0/5 | Reason: Invalid Goal
[Reset] Resetting objects to SAFE pose for 9 envs
[Reset] Resetting ROBOT joints for 9 envs
Update Alice: Iter 138

============================================================
ALICE UPDATE 138
============================================================
  Rewards:     mean=-1.0000 | min=0.0000 | max=0.0000
  Losses:      value=0.0106 | surrogate=1.3374
  Outcomes:    9 episodes buffered
============================================================

[Phase] Env 23: Alice Failed | Moved: 0.027m < 0.01m threshold
[Reset] Env 23: Alice phase @ step 250/250 | Goals: 0/5 | Reason: Invalid Goal
[Reset] Resetting objects to SAFE pose for 1 envs
[Reset] Resetting ROBOT joints for 1 envs
[Phase] Env 0: Alice Failed | Moved: 0.027m < 0.01m threshold
[Reset] Env 0: Alice phase @ step 250/250 | Goals: 0/5 | Reason: Invalid Goal
[Reset] Env 4: Alice phase @ step 250/250 | Goals: 0/5 | Reason: Invalid Goal
[Reset] Env 8: Alice phase @ step 250/250 | Goals: 0/5 | Reason: Invalid Goal
[Reset] Env 9: Alice phase @ step 250/250 | Goals: 0/5 | Reason: Invalid Goal
[Reset] Env 12: Alice phase @ step 250/250 | Goals: 0/5 | Reason: Invalid Goal
[Reset] Env 15: Alice phase @ step 250/250 | Goals: 0/5 | Reason: Invalid Goal
[Reset] Resetting objects to SAFE pose for 6 envs
[Reset] Resetting ROBOT joints for 6 envs
Update Alice: Iter 139

============================================================
ALICE UPDATE 139
============================================================
  Rewards:     mean=-1.0000 | min=0.0000 | max=0.0000
  Losses:      value=0.0025 | surrogate=1.7438
  Outcomes:    9 episodes buffered
============================================================

[Phase] Env 1: Alice Failed | Moved: 0.027m < 0.01m threshold
[Reset] Env 1: Alice phase @ step 250/250 | Goals: 0/5 | Reason: Invalid Goal
[Reset] Env 5: Alice phase @ step 250/250 | Goals: 0/5 | Reason: Invalid Goal
[Reset] Env 24: Alice phase @ step 250/250 | Goals: 0/5 | Reason: Invalid Goal
[Reset] Resetting objects to SAFE pose for 3 envs
[Reset] Resetting ROBOT joints for 3 envs
[Phase] Env 2: Alice Failed | Moved: 0.027m < 0.01m threshold
[Reset] Env 2: Alice phase @ step 250/250 | Goals: 0/5 | Reason: Invalid Goal
[Reset] Env 10: Alice phase @ step 250/250 | Goals: 0/5 | Reason: Invalid Goal
[Reset] Env 14: Alice phase @ step 250/250 | Goals: 0/5 | Reason: Invalid Goal
[Reset] Env 19: Alice phase @ step 250/250 | Goals: 0/5 | Reason: Invalid Goal
[Reset] Env 22: Alice phase @ step 250/250 | Goals: 0/5 | Reason: Invalid Goal
[Reset] Resetting objects to SAFE pose for 5 envs
[Reset] Resetting ROBOT joints for 5 envs
Update Alice: Iter 140

============================================================
ALICE UPDATE 140
============================================================
  Rewards:     mean=-1.0000 | min=0.0000 | max=0.0000
  Losses:      value=0.0016 | surrogate=1.3764
  Outcomes:    9 episodes buffered
============================================================

[Phase] Env 3: Alice Failed | Moved: 0.027m < 0.01m threshold
[Reset] Env 3: Alice phase @ step 250/250 | Goals: 0/5 | Reason: Invalid Goal
[Reset] Env 6: Alice phase @ step 250/250 | Goals: 0/5 | Reason: Invalid Goal
[Reset] Env 7: Alice phase @ step 250/250 | Goals: 0/5 | Reason: Invalid Goal
[Reset] Env 11: Alice phase @ step 250/250 | Goals: 0/5 | Reason: Invalid Goal
[Reset] Env 13: Alice phase @ step 250/250 | Goals: 0/5 | Reason: Invalid Goal
[Reset] Env 16: Alice phase @ step 250/250 | Goals: 0/5 | Reason: Invalid Goal
[Reset] Env 17: Alice phase @ step 250/250 | Goals: 0/5 | Reason: Invalid Goal
[Reset] Env 20: Alice phase @ step 250/250 | Goals: 0/5 | Reason: Invalid Goal
[Reset] Env 21: Alice phase @ step 250/250 | Goals: 0/5 | Reason: Invalid Goal
[Reset] Resetting objects to SAFE pose for 9 envs
[Reset] Resetting ROBOT joints for 9 envs
Update Alice: Iter 141

============================================================
ALICE UPDATE 141
============================================================
  Rewards:     mean=-1.0000 | min=0.0000 | max=0.0000
  Losses:      value=0.0022 | surrogate=1.5137
  Outcomes:    9 episodes buffered
============================================================

[Phase] Env 23: Alice Failed | Moved: 0.027m < 0.01m threshold
[Reset] Env 23: Alice phase @ step 250/250 | Goals: 0/5 | Reason: Invalid Goal
[Reset] Resetting objects to SAFE pose for 1 envs
[Reset] Resetting ROBOT joints for 1 envs
[Phase] Env 15: Alice→Bob | Valid Goal | Moved: 0.146m
[Phase] Env 0: Alice Failed | Moved: 0.027m < 0.01m threshold
[Phase] Env 15: Alice→Bob | Goal 1/5 | Alice completed 250/250 steps
[Reset] Alice->Bob Transition: Resetting Objects (Initial) & Robot (Default) for 1 envs
[Reset] Resetting ROBOT joints for 1 envs
[Reset] Env 0: Alice phase @ step 250/250 | Goals: 0/5 | Reason: Invalid Goal
[Reset] Env 4: Alice phase @ step 250/250 | Goals: 0/5 | Reason: Invalid Goal
[Reset] Env 8: Alice phase @ step 250/250 | Goals: 0/5 | Reason: Invalid Goal
[Reset] Env 9: Alice phase @ step 250/250 | Goals: 0/5 | Reason: Invalid Goal
[Reset] Env 12: Alice phase @ step 250/250 | Goals: 0/5 | Reason: Invalid Goal
[Reset] Resetting objects to SAFE pose for 5 envs
[Reset] Resetting ROBOT joints for 5 envs
[Phase] Env 1: Alice Failed | Moved: 0.027m < 0.01m threshold
[Reset] Env 1: Alice phase @ step 250/250 | Goals: 0/5 | Reason: Invalid Goal
[Reset] Env 5: Alice phase @ step 250/250 | Goals: 0/5 | Reason: Invalid Goal
[Reset] Env 24: Alice phase @ step 250/250 | Goals: 0/5 | Reason: Invalid Goal
[Reset] Resetting objects to SAFE pose for 3 envs
[Reset] Resetting ROBOT joints for 3 envs
Update Alice: Iter 142

============================================================
ALICE UPDATE 142
============================================================
  Rewards:     mean=-1.0000 | min=0.0000 | max=0.0000
  Losses:      value=0.0011 | surrogate=1.5454
  Outcomes:    9 episodes buffered
============================================================

[Phase] Env 2: Alice Failed | Moved: 0.027m < 0.01m threshold
[Reset] Env 2: Alice phase @ step 250/250 | Goals: 0/5 | Reason: Invalid Goal
[Reset] Env 10: Alice phase @ step 250/250 | Goals: 0/5 | Reason: Invalid Goal
[Reset] Env 14: Alice phase @ step 250/250 | Goals: 0/5 | Reason: Invalid Goal
[Reset] Env 19: Alice phase @ step 250/250 | Goals: 0/5 | Reason: Invalid Goal
[Reset] Env 22: Alice phase @ step 250/250 | Goals: 0/5 | Reason: Invalid Goal
[Reset] Resetting objects to SAFE pose for 5 envs
[Reset] Resetting ROBOT joints for 5 envs
[Phase] Env 3: Alice Failed | Moved: 0.027m < 0.01m threshold
[Reset] Env 3: Alice phase @ step 250/250 | Goals: 0/5 | Reason: Invalid Goal
[Reset] Env 6: Alice phase @ step 250/250 | Goals: 0/5 | Reason: Invalid Goal
[Reset] Env 7: Alice phase @ step 250/250 | Goals: 0/5 | Reason: Invalid Goal
[Reset] Env 11: Alice phase @ step 250/250 | Goals: 0/5 | Reason: Invalid Goal
[Reset] Env 13: Alice phase @ step 250/250 | Goals: 0/5 | Reason: Invalid Goal
[Reset] Env 16: Alice phase @ step 250/250 | Goals: 0/5 | Reason: Invalid Goal
[Reset] Env 17: Alice phase @ step 250/250 | Goals: 0/5 | Reason: Invalid Goal
[Reset] Env 20: Alice phase @ step 250/250 | Goals: 0/5 | Reason: Invalid Goal
[Reset] Env 21: Alice phase @ step 250/250 | Goals: 0/5 | Reason: Invalid Goal
[Reset] Resetting objects to SAFE pose for 9 envs
[Reset] Resetting ROBOT joints for 9 envs
Update Alice: Iter 143

============================================================
ALICE UPDATE 143
============================================================
  Rewards:     mean=-1.0000 | min=0.0000 | max=0.0000
  Losses:      value=0.0016 | surrogate=1.4661
  Outcomes:    9 episodes buffered
============================================================

[Phase] Env 23: Alice Failed | Moved: 0.027m < 0.01m threshold
[Reset] Env 23: Alice phase @ step 250/250 | Goals: 0/5 | Reason: Invalid Goal
[Reset] Resetting objects to SAFE pose for 1 envs
[Reset] Resetting ROBOT joints for 1 envs
[Phase] Env 0: Alice Failed | Moved: 0.027m < 0.01m threshold
[Reset] Env 0: Alice phase @ step 250/250 | Goals: 0/5 | Reason: Invalid Goal
[Reset] Env 4: Alice phase @ step 250/250 | Goals: 0/5 | Reason: Invalid Goal
[Reset] Env 8: Alice phase @ step 250/250 | Goals: 0/5 | Reason: Invalid Goal
[Reset] Env 9: Alice phase @ step 250/250 | Goals: 0/5 | Reason: Invalid Goal
[Reset] Env 12: Alice phase @ step 250/250 | Goals: 0/5 | Reason: Invalid Goal
[Reset] Resetting objects to SAFE pose for 5 envs
[Reset] Resetting ROBOT joints for 5 envs
[Phase] Env 18: Bob FAILURE | Steps: 600/600
[Reset] Env 18: Bob phase @ step 600/600 | Goals: 1/5 | Reason: Bob Failed (or Max Goals)
[Reset] Resetting objects to SAFE pose for 1 envs
[Reset] Resetting ROBOT joints for 1 envs
Update Alice: Iter 144

============================================================
ALICE UPDATE 144
============================================================
  Rewards:     mean=-0.2222 | min=0.0000 | max=0.0000
  Losses:      value=0.0299 | surrogate=0.1654
  Outcomes:    9 episodes buffered
============================================================

[Phase] Env 1: Alice Failed | Moved: 0.027m < 0.01m threshold
[Reset] Env 1: Alice phase @ step 250/250 | Goals: 0/5 | Reason: Invalid Goal
[Reset] Env 5: Alice phase @ step 250/250 | Goals: 0/5 | Reason: Invalid Goal
[Reset] Env 24: Alice phase @ step 250/250 | Goals: 0/5 | Reason: Invalid Goal
[Reset] Resetting objects to SAFE pose for 3 envs
[Reset] Resetting ROBOT joints for 3 envs
[Phase] Env 2: Alice Failed | Moved: 0.027m < 0.01m threshold
[Reset] Env 2: Alice phase @ step 250/250 | Goals: 0/5 | Reason: Invalid Goal
[Reset] Env 10: Alice phase @ step 250/250 | Goals: 0/5 | Reason: Invalid Goal
[Reset] Env 14: Alice phase @ step 250/250 | Goals: 0/5 | Reason: Invalid Goal
[Reset] Env 19: Alice phase @ step 250/250 | Goals: 0/5 | Reason: Invalid Goal
[Reset] Env 22: Alice phase @ step 250/250 | Goals: 0/5 | Reason: Invalid Goal
[Reset] Resetting objects to SAFE pose for 5 envs
[Reset] Resetting ROBOT joints for 5 envs
Update Alice: Iter 145

============================================================
ALICE UPDATE 145
============================================================
  Rewards:     mean=-1.0000 | min=0.0000 | max=0.0000
  Losses:      value=0.0090 | surrogate=0.6513
  Outcomes:    9 episodes buffered
============================================================

[Phase] Env 7: Alice→Bob | Valid Goal | Moved: 0.027m
[Phase] Env 3: Alice Failed | Moved: 0.027m < 0.01m threshold
[Phase] Env 7: Alice→Bob | Goal 1/5 | Alice completed 250/250 steps
[Reset] Alice->Bob Transition: Resetting Objects (Initial) & Robot (Default) for 1 envs
[Reset] Resetting ROBOT joints for 1 envs
[Reset] Env 3: Alice phase @ step 250/250 | Goals: 0/5 | Reason: Invalid Goal
[Reset] Env 6: Alice phase @ step 250/250 | Goals: 0/5 | Reason: Invalid Goal
[Reset] Env 11: Alice phase @ step 250/250 | Goals: 0/5 | Reason: Invalid Goal
[Reset] Env 13: Alice phase @ step 250/250 | Goals: 0/5 | Reason: Invalid Goal
[Reset] Env 16: Alice phase @ step 250/250 | Goals: 0/5 | Reason: Invalid Goal
[Reset] Env 17: Alice phase @ step 250/250 | Goals: 0/5 | Reason: Invalid Goal
[Reset] Env 20: Alice phase @ step 250/250 | Goals: 0/5 | Reason: Invalid Goal
[Reset] Env 21: Alice phase @ step 250/250 | Goals: 0/5 | Reason: Invalid Goal
[Reset] Resetting objects to SAFE pose for 8 envs
[Reset] Resetting ROBOT joints for 8 envs
Update Alice: Iter 146

============================================================
ALICE UPDATE 146
============================================================
  Rewards:     mean=-1.0000 | min=0.0000 | max=0.0000
  Losses:      value=0.0008 | surrogate=0.9586
  Outcomes:    9 episodes buffered
============================================================

[Bob Reward] +1.0
[Phase] Env 23: Alice Failed | Moved: 0.027m < 0.01m threshold
[Reset] Env 23: Alice phase @ step 250/250 | Goals: 0/5 | Reason: Invalid Goal
[Reset] Resetting objects to SAFE pose for 1 envs
[Reset] Resetting ROBOT joints for 1 envs
[Phase] Env 0: Alice Failed | Moved: 0.027m < 0.01m threshold
[Reset] Env 0: Alice phase @ step 250/250 | Goals: 0/5 | Reason: Invalid Goal
[Reset] Env 4: Alice phase @ step 250/250 | Goals: 0/5 | Reason: Invalid Goal
[Reset] Env 8: Alice phase @ step 250/250 | Goals: 0/5 | Reason: Invalid Goal
[Reset] Env 9: Alice phase @ step 250/250 | Goals: 0/5 | Reason: Invalid Goal
[Reset] Env 12: Alice phase @ step 250/250 | Goals: 0/5 | Reason: Invalid Goal
[Reset] Env 18: Alice phase @ step 250/250 | Goals: 0/5 | Reason: Invalid Goal
[Reset] Resetting objects to SAFE pose for 6 envs
[Reset] Resetting ROBOT joints for 6 envs
[Phase] Env 1: Alice Failed | Moved: 0.027m < 0.01m threshold
[Reset] Env 1: Alice phase @ step 250/250 | Goals: 0/5 | Reason: Invalid Goal
[Reset] Env 5: Alice phase @ step 250/250 | Goals: 0/5 | Reason: Invalid Goal
[Reset] Env 24: Alice phase @ step 250/250 | Goals: 0/5 | Reason: Invalid Goal
[Reset] Resetting objects to SAFE pose for 3 envs
[Reset] Resetting ROBOT joints for 3 envs
Update Alice: Iter 147

============================================================
ALICE UPDATE 147
============================================================
  Rewards:     mean=-1.0000 | min=0.0000 | max=0.0000
  Losses:      value=0.0028 | surrogate=0.5558
  Outcomes:    9 episodes buffered
============================================================

[Phase] Env 2: Alice Failed | Moved: 0.027m < 0.01m threshold
[Reset] Env 2: Alice phase @ step 250/250 | Goals: 0/5 | Reason: Invalid Goal
[Reset] Env 10: Alice phase @ step 250/250 | Goals: 0/5 | Reason: Invalid Goal
[Reset] Env 14: Alice phase @ step 250/250 | Goals: 0/5 | Reason: Invalid Goal
[Reset] Env 19: Alice phase @ step 250/250 | Goals: 0/5 | Reason: Invalid Goal
[Reset] Env 22: Alice phase @ step 250/250 | Goals: 0/5 | Reason: Invalid Goal
[Reset] Resetting objects to SAFE pose for 5 envs
[Reset] Resetting ROBOT joints for 5 envs
[Phase] Env 15: Bob FAILURE | Steps: 600/600
[Reset] Env 15: Bob phase @ step 600/600 | Goals: 1/5 | Reason: Bob Failed (or Max Goals)
[Reset] Resetting objects to SAFE pose for 1 envs
[Reset] Resetting ROBOT joints for 1 envs
[Phase] Env 3: Alice Failed | Moved: 0.027m < 0.01m threshold
[Reset] Env 3: Alice phase @ step 250/250 | Goals: 0/5 | Reason: Invalid Goal
[Reset] Env 6: Alice phase @ step 250/250 | Goals: 0/5 | Reason: Invalid Goal
[Reset] Env 11: Alice phase @ step 250/250 | Goals: 0/5 | Reason: Invalid Goal
[Reset] Env 13: Alice phase @ step 250/250 | Goals: 0/5 | Reason: Invalid Goal
[Reset] Env 16: Alice phase @ step 250/250 | Goals: 0/5 | Reason: Invalid Goal
[Reset] Env 17: Alice phase @ step 250/250 | Goals: 0/5 | Reason: Invalid Goal
[Reset] Env 20: Alice phase @ step 250/250 | Goals: 0/5 | Reason: Invalid Goal
[Reset] Env 21: Alice phase @ step 250/250 | Goals: 0/5 | Reason: Invalid Goal
[Reset] Resetting objects to SAFE pose for 8 envs
[Reset] Resetting ROBOT joints for 8 envs
Update Alice: Iter 148

============================================================
ALICE UPDATE 148
============================================================
  Rewards:     mean=-0.2222 | min=0.0000 | max=0.0000
  Losses:      value=0.1635 | surrogate=0.0896
  Outcomes:    9 episodes buffered
============================================================

[Phase] Env 23: Alice Failed | Moved: 0.027m < 0.01m threshold
[Reset] Env 23: Alice phase @ step 250/250 | Goals: 0/5 | Reason: Invalid Goal
[Reset] Resetting objects to SAFE pose for 1 envs
[Reset] Resetting ROBOT joints for 1 envs
[Phase] Env 0: Alice Failed | Moved: 0.027m < 0.01m threshold
[Reset] Env 0: Alice phase @ step 250/250 | Goals: 0/5 | Reason: Invalid Goal
[Reset] Env 4: Alice phase @ step 250/250 | Goals: 0/5 | Reason: Invalid Goal
[Reset] Env 8: Alice phase @ step 250/250 | Goals: 0/5 | Reason: Invalid Goal
[Reset] Env 9: Alice phase @ step 250/250 | Goals: 0/5 | Reason: Invalid Goal
[Reset] Env 12: Alice phase @ step 250/250 | Goals: 0/5 | Reason: Invalid Goal
[Reset] Env 18: Alice phase @ step 250/250 | Goals: 0/5 | Reason: Invalid Goal
[Reset] Resetting objects to SAFE pose for 6 envs
[Reset] Resetting ROBOT joints for 6 envs
Update Alice: Iter 149

============================================================
ALICE UPDATE 149
============================================================
  Rewards:     mean=-1.0000 | min=0.0000 | max=0.0000
  Losses:      value=0.0099 | surrogate=0.8519
  Outcomes:    9 episodes buffered
============================================================

[Phase] Env 1: Alice Failed | Moved: 0.027m < 0.01m threshold
[Reset] Env 1: Alice phase @ step 250/250 | Goals: 0/5 | Reason: Invalid Goal
[Reset] Env 5: Alice phase @ step 250/250 | Goals: 0/5 | Reason: Invalid Goal
[Reset] Env 24: Alice phase @ step 250/250 | Goals: 0/5 | Reason: Invalid Goal
[Reset] Resetting objects to SAFE pose for 3 envs
[Reset] Resetting ROBOT joints for 3 envs
[Phase] Env 2: Alice Failed | Moved: 0.027m < 0.01m threshold
[Reset] Env 2: Alice phase @ step 250/250 | Goals: 0/5 | Reason: Invalid Goal
[Reset] Env 10: Alice phase @ step 250/250 | Goals: 0/5 | Reason: Invalid Goal
[Reset] Env 14: Alice phase @ step 250/250 | Goals: 0/5 | Reason: Invalid Goal
[Reset] Env 15: Alice phase @ step 250/250 | Goals: 0/5 | Reason: Invalid Goal
[Reset] Env 19: Alice phase @ step 250/250 | Goals: 0/5 | Reason: Invalid Goal
[Reset] Env 22: Alice phase @ step 250/250 | Goals: 0/5 | Reason: Invalid Goal
[Reset] Resetting objects to SAFE pose for 6 envs
[Reset] Resetting ROBOT joints for 6 envs
Update Alice: Iter 150

============================================================
ALICE UPDATE 150
============================================================
  Rewards:     mean=-1.0000 | min=0.0000 | max=0.0000
  Losses:      value=0.0066 | surrogate=1.4272
  Outcomes:    9 episodes buffered
============================================================

[Phase] Env 3: Alice Failed | Moved: 0.027m < 0.01m threshold
[Reset] Env 3: Alice phase @ step 250/250 | Goals: 0/5 | Reason: Invalid Goal
[Reset] Env 6: Alice phase @ step 250/250 | Goals: 0/5 | Reason: Invalid Goal
[Reset] Env 11: Alice phase @ step 250/250 | Goals: 0/5 | Reason: Invalid Goal
[Reset] Env 13: Alice phase @ step 250/250 | Goals: 0/5 | Reason: Invalid Goal
[Reset] Env 16: Alice phase @ step 250/250 | Goals: 0/5 | Reason: Invalid Goal
[Reset] Env 17: Alice phase @ step 250/250 | Goals: 0/5 | Reason: Invalid Goal
[Reset] Env 20: Alice phase @ step 250/250 | Goals: 0/5 | Reason: Invalid Goal
[Reset] Env 21: Alice phase @ step 250/250 | Goals: 0/5 | Reason: Invalid Goal
[Reset] Resetting objects to SAFE pose for 8 envs
[Reset] Resetting ROBOT joints for 8 envs
Update Alice: Iter 151

============================================================
ALICE UPDATE 151
============================================================
  Rewards:     mean=-1.0000 | min=0.0000 | max=0.0000
  Losses:      value=0.0017 | surrogate=1.5017
  Outcomes:    9 episodes buffered
============================================================

[Phase] Env 23: Alice Failed | Moved: 0.027m < 0.01m threshold
[Reset] Env 23: Alice phase @ step 250/250 | Goals: 0/5 | Reason: Invalid Goal
[Reset] Resetting objects to SAFE pose for 1 envs
[Reset] Resetting ROBOT joints for 1 envs
[Phase] Env 0: Alice Failed | Moved: 0.027m < 0.01m threshold
[Reset] Env 0: Alice phase @ step 250/250 | Goals: 0/5 | Reason: Invalid Goal
[Reset] Env 4: Alice phase @ step 250/250 | Goals: 0/5 | Reason: Invalid Goal
[Reset] Env 8: Alice phase @ step 250/250 | Goals: 0/5 | Reason: Invalid Goal
[Reset] Env 9: Alice phase @ step 250/250 | Goals: 0/5 | Reason: Invalid Goal
[Reset] Env 12: Alice phase @ step 250/250 | Goals: 0/5 | Reason: Invalid Goal
[Reset] Env 18: Alice phase @ step 250/250 | Goals: 0/5 | Reason: Invalid Goal
[Reset] Resetting objects to SAFE pose for 6 envs
[Reset] Resetting ROBOT joints for 6 envs
[Phase] Env 7: Bob FAILURE | Steps: 600/600
[Reset] Env 7: Bob phase @ step 600/600 | Goals: 1/5 | Reason: Bob Failed (or Max Goals)
[Reset] Resetting objects to SAFE pose for 1 envs
[Reset] Resetting ROBOT joints for 1 envs
Update Alice: Iter 152

============================================================
ALICE UPDATE 152
============================================================
  Rewards:     mean=-0.2222 | min=0.0000 | max=0.0000
  Losses:      value=0.2046 | surrogate=0.2871
  Outcomes:    9 episodes buffered
============================================================

[Phase] Env 1: Alice Failed | Moved: 0.027m < 0.01m threshold
[Reset] Env 1: Alice phase @ step 250/250 | Goals: 0/5 | Reason: Invalid Goal
[Reset] Env 5: Alice phase @ step 250/250 | Goals: 0/5 | Reason: Invalid Goal
[Reset] Env 24: Alice phase @ step 250/250 | Goals: 0/5 | Reason: Invalid Goal
[Reset] Resetting objects to SAFE pose for 3 envs
[Reset] Resetting ROBOT joints for 3 envs
[Phase] Env 22: Alice→Bob | Valid Goal | Moved: 0.048m
[Phase] Env 2: Alice Failed | Moved: 0.027m < 0.01m threshold
[Phase] Env 22: Alice→Bob | Goal 1/5 | Alice completed 250/250 steps
[Reset] Alice->Bob Transition: Resetting Objects (Initial) & Robot (Default) for 1 envs
[Reset] Resetting ROBOT joints for 1 envs
[Reset] Env 2: Alice phase @ step 250/250 | Goals: 0/5 | Reason: Invalid Goal
[Reset] Env 10: Alice phase @ step 250/250 | Goals: 0/5 | Reason: Invalid Goal
[Reset] Env 14: Alice phase @ step 250/250 | Goals: 0/5 | Reason: Invalid Goal
[Reset] Env 15: Alice phase @ step 250/250 | Goals: 0/5 | Reason: Invalid Goal
[Reset] Env 19: Alice phase @ step 250/250 | Goals: 0/5 | Reason: Invalid Goal
[Reset] Resetting objects to SAFE pose for 5 envs
[Reset] Resetting ROBOT joints for 5 envs
Update Alice: Iter 153

============================================================
ALICE UPDATE 153
============================================================
  Rewards:     mean=-1.0000 | min=0.0000 | max=0.0000
  Losses:      value=0.0026 | surrogate=1.6652
  Outcomes:    9 episodes buffered
============================================================

[Phase] Env 3: Alice Failed | Moved: 0.027m < 0.01m threshold
[Reset] Env 3: Alice phase @ step 250/250 | Goals: 0/5 | Reason: Invalid Goal
[Reset] Env 6: Alice phase @ step 250/250 | Goals: 0/5 | Reason: Invalid Goal
[Reset] Env 11: Alice phase @ step 250/250 | Goals: 0/5 | Reason: Invalid Goal
[Reset] Env 13: Alice phase @ step 250/250 | Goals: 0/5 | Reason: Invalid Goal
[Reset] Env 16: Alice phase @ step 250/250 | Goals: 0/5 | Reason: Invalid Goal
[Reset] Env 17: Alice phase @ step 250/250 | Goals: 0/5 | Reason: Invalid Goal
[Reset] Env 20: Alice phase @ step 250/250 | Goals: 0/5 | Reason: Invalid Goal
[Reset] Env 21: Alice phase @ step 250/250 | Goals: 0/5 | Reason: Invalid Goal
[Reset] Resetting objects to SAFE pose for 8 envs
[Reset] Resetting ROBOT joints for 8 envs
Update Alice: Iter 154

============================================================
ALICE UPDATE 154
============================================================
  Rewards:     mean=-1.0000 | min=0.0000 | max=0.0000
  Losses:      value=0.0019 | surrogate=1.4764
  Outcomes:    9 episodes buffered
============================================================

[Phase] Env 23: Alice Failed | Moved: 0.027m < 0.01m threshold
[Reset] Env 23: Alice phase @ step 250/250 | Goals: 0/5 | Reason: Invalid Goal
[Reset] Resetting objects to SAFE pose for 1 envs
[Reset] Resetting ROBOT joints for 1 envs
[Phase] Env 0: Alice Failed | Moved: 0.027m < 0.01m threshold
[Reset] Env 0: Alice phase @ step 250/250 | Goals: 0/5 | Reason: Invalid Goal
[Reset] Env 4: Alice phase @ step 250/250 | Goals: 0/5 | Reason: Invalid Goal
[Reset] Env 7: Alice phase @ step 250/250 | Goals: 0/5 | Reason: Invalid Goal
[Reset] Env 8: Alice phase @ step 250/250 | Goals: 0/5 | Reason: Invalid Goal
[Reset] Env 9: Alice phase @ step 250/250 | Goals: 0/5 | Reason: Invalid Goal
[Reset] Env 12: Alice phase @ step 250/250 | Goals: 0/5 | Reason: Invalid Goal
[Reset] Env 18: Alice phase @ step 250/250 | Goals: 0/5 | Reason: Invalid Goal
[Reset] Resetting objects to SAFE pose for 7 envs
[Reset] Resetting ROBOT joints for 7 envs
Update Alice: Iter 155

============================================================
ALICE UPDATE 155
============================================================
  Rewards:     mean=-1.0000 | min=0.0000 | max=0.0000
  Losses:      value=0.0006 | surrogate=2.1125
  Outcomes:    9 episodes buffered
============================================================

[Phase] Env 1: Alice Failed | Moved: 0.027m < 0.01m threshold
[Reset] Env 1: Alice phase @ step 250/250 | Goals: 0/5 | Reason: Invalid Goal
[Reset] Env 5: Alice phase @ step 250/250 | Goals: 0/5 | Reason: Invalid Goal
[Reset] Env 24: Alice phase @ step 250/250 | Goals: 0/5 | Reason: Invalid Goal
[Reset] Resetting objects to SAFE pose for 3 envs
[Reset] Resetting ROBOT joints for 3 envs
[Phase] Env 2: Alice Failed | Moved: 0.027m < 0.01m threshold
[Reset] Env 2: Alice phase @ step 250/250 | Goals: 0/5 | Reason: Invalid Goal
[Reset] Env 10: Alice phase @ step 250/250 | Goals: 0/5 | Reason: Invalid Goal
[Reset] Env 14: Alice phase @ step 250/250 | Goals: 0/5 | Reason: Invalid Goal
[Reset] Env 15: Alice phase @ step 250/250 | Goals: 0/5 | Reason: Invalid Goal
[Reset] Env 19: Alice phase @ step 250/250 | Goals: 0/5 | Reason: Invalid Goal
[Reset] Resetting objects to SAFE pose for 5 envs
[Reset] Resetting ROBOT joints for 5 envs
[Phase] Env 3: Alice Failed | Moved: 0.027m < 0.01m threshold
[Reset] Env 3: Alice phase @ step 250/250 | Goals: 0/5 | Reason: Invalid Goal
[Reset] Env 6: Alice phase @ step 250/250 | Goals: 0/5 | Reason: Invalid Goal
[Reset] Env 11: Alice phase @ step 250/250 | Goals: 0/5 | Reason: Invalid Goal
[Reset] Env 13: Alice phase @ step 250/250 | Goals: 0/5 | Reason: Invalid Goal
[Reset] Env 16: Alice phase @ step 250/250 | Goals: 0/5 | Reason: Invalid Goal
[Reset] Env 17: Alice phase @ step 250/250 | Goals: 0/5 | Reason: Invalid Goal
[Reset] Env 20: Alice phase @ step 250/250 | Goals: 0/5 | Reason: Invalid Goal
[Reset] Env 21: Alice phase @ step 250/250 | Goals: 0/5 | Reason: Invalid Goal
[Reset] Resetting objects to SAFE pose for 8 envs
[Reset] Resetting ROBOT joints for 8 envs
Update Alice: Iter 156

============================================================
ALICE UPDATE 156
============================================================
  Rewards:     mean=-1.0000 | min=0.0000 | max=0.0000
  Losses:      value=0.0005 | surrogate=1.7917
  Outcomes:    9 episodes buffered
============================================================

[Phase] Env 23: Alice Failed | Moved: 0.027m < 0.01m threshold
[Reset] Env 23: Alice phase @ step 250/250 | Goals: 0/5 | Reason: Invalid Goal
[Reset] Resetting objects to SAFE pose for 1 envs
[Reset] Resetting ROBOT joints for 1 envs
[Phase] Env 0: Alice Failed | Moved: 0.027m < 0.01m threshold
[Reset] Env 0: Alice phase @ step 250/250 | Goals: 0/5 | Reason: Invalid Goal
[Reset] Env 4: Alice phase @ step 250/250 | Goals: 0/5 | Reason: Invalid Goal
[Reset] Env 7: Alice phase @ step 250/250 | Goals: 0/5 | Reason: Invalid Goal
[Reset] Env 8: Alice phase @ step 250/250 | Goals: 0/5 | Reason: Invalid Goal
[Reset] Env 9: Alice phase @ step 250/250 | Goals: 0/5 | Reason: Invalid Goal
[Reset] Env 12: Alice phase @ step 250/250 | Goals: 0/5 | Reason: Invalid Goal
[Reset] Env 18: Alice phase @ step 250/250 | Goals: 0/5 | Reason: Invalid Goal
[Reset] Resetting objects to SAFE pose for 7 envs
[Reset] Resetting ROBOT joints for 7 envs
Update Alice: Iter 157

============================================================
ALICE UPDATE 157
============================================================
  Rewards:     mean=-1.0000 | min=0.0000 | max=0.0000
  Losses:      value=0.0010 | surrogate=1.5690
  Outcomes:    9 episodes buffered
============================================================

[Phase] Env 1: Alice Failed | Moved: 0.027m < 0.01m threshold
[Reset] Env 1: Alice phase @ step 250/250 | Goals: 0/5 | Reason: Invalid Goal
[Reset] Env 5: Alice phase @ step 250/250 | Goals: 0/5 | Reason: Invalid Goal
[Reset] Env 24: Alice phase @ step 250/250 | Goals: 0/5 | Reason: Invalid Goal
[Reset] Resetting objects to SAFE pose for 3 envs
[Reset] Resetting ROBOT joints for 3 envs
Update Alice: Iter 158

============================================================
ALICE UPDATE 158
============================================================
  Rewards:     mean=-1.0000 | min=0.0000 | max=0.0000
  Losses:      value=0.0010 | surrogate=1.6713
  Outcomes:    9 episodes buffered
============================================================

Update Bob: Iter 5

============================================================
BOB UPDATE 5
============================================================
  Success Rate: 0.0455 (44 eps)
  Rewards:      mean=0.0003
  Losses:       value=0.0094 | surrogate=1.9662 | ABC=4.7978
  Errors:       pos=0.1015 | rot=0.0060
============================================================

[Phase] Env 2: Alice Failed | Moved: 0.027m < 0.01m threshold
[Reset] Env 2: Alice phase @ step 250/250 | Goals: 0/5 | Reason: Invalid Goal
[Reset] Env 10: Alice phase @ step 250/250 | Goals: 0/5 | Reason: Invalid Goal
[Reset] Env 14: Alice phase @ step 250/250 | Goals: 0/5 | Reason: Invalid Goal
[Reset] Env 15: Alice phase @ step 250/250 | Goals: 0/5 | Reason: Invalid Goal
[Reset] Env 19: Alice phase @ step 250/250 | Goals: 0/5 | Reason: Invalid Goal
[Reset] Resetting objects to SAFE pose for 5 envs
[Reset] Resetting ROBOT joints for 5 envs
[Phase] Env 3: Alice Failed | Moved: 0.027m < 0.01m threshold
[Reset] Env 3: Alice phase @ step 250/250 | Goals: 0/5 | Reason: Invalid Goal
[Reset] Env 6: Alice phase @ step 250/250 | Goals: 0/5 | Reason: Invalid Goal
[Reset] Env 11: Alice phase @ step 250/250 | Goals: 0/5 | Reason: Invalid Goal
[Reset] Env 13: Alice phase @ step 250/250 | Goals: 0/5 | Reason: Invalid Goal
[Reset] Env 16: Alice phase @ step 250/250 | Goals: 0/5 | Reason: Invalid Goal
[Reset] Env 17: Alice phase @ step 250/250 | Goals: 0/5 | Reason: Invalid Goal
[Reset] Env 20: Alice phase @ step 250/250 | Goals: 0/5 | Reason: Invalid Goal
[Reset] Env 21: Alice phase @ step 250/250 | Goals: 0/5 | Reason: Invalid Goal
[Reset] Resetting objects to SAFE pose for 8 envs
[Reset] Resetting ROBOT joints for 8 envs
Update Alice: Iter 159

============================================================
ALICE UPDATE 159
============================================================
  Rewards:     mean=-1.0000 | min=0.0000 | max=0.0000
  Losses:      value=0.0005 | surrogate=1.5305
  Outcomes:    9 episodes buffered
============================================================

[Phase] Env 23: Alice Failed | Moved: 0.027m < 0.01m threshold
[Reset] Env 23: Alice phase @ step 250/250 | Goals: 0/5 | Reason: Invalid Goal
[Reset] Resetting objects to SAFE pose for 1 envs
[Reset] Resetting ROBOT joints for 1 envs
[Phase] Env 22: Bob FAILURE | Steps: 600/600
[Reset] Env 22: Bob phase @ step 600/600 | Goals: 1/5 | Reason: Bob Failed (or Max Goals)
[Reset] Resetting objects to SAFE pose for 1 envs
[Reset] Resetting ROBOT joints for 1 envs
[Phase] Env 0: Alice Failed | Moved: 0.027m < 0.01m threshold
[Reset] Env 0: Alice phase @ step 250/250 | Goals: 0/5 | Reason: Invalid Goal
[Reset] Env 4: Alice phase @ step 250/250 | Goals: 0/5 | Reason: Invalid Goal
[Reset] Env 7: Alice phase @ step 250/250 | Goals: 0/5 | Reason: Invalid Goal
[Reset] Env 8: Alice phase @ step 250/250 | Goals: 0/5 | Reason: Invalid Goal
[Reset] Env 9: Alice phase @ step 250/250 | Goals: 0/5 | Reason: Invalid Goal
[Reset] Env 12: Alice phase @ step 250/250 | Goals: 0/5 | Reason: Invalid Goal
[Reset] Env 18: Alice phase @ step 250/250 | Goals: 0/5 | Reason: Invalid Goal
[Reset] Resetting objects to SAFE pose for 7 envs
[Reset] Resetting ROBOT joints for 7 envs
Update Alice: Iter 160

============================================================
ALICE UPDATE 160
============================================================
  Rewards:     mean=-0.2222 | min=0.0000 | max=0.0000
  Losses:      value=0.1951 | surrogate=0.1010
  Outcomes:    9 episodes buffered
============================================================

[Phase] Env 1: Alice Failed | Moved: 0.027m < 0.01m threshold
[Reset] Env 1: Alice phase @ step 250/250 | Goals: 0/5 | Reason: Invalid Goal
[Reset] Env 5: Alice phase @ step 250/250 | Goals: 0/5 | Reason: Invalid Goal
[Reset] Env 24: Alice phase @ step 250/250 | Goals: 0/5 | Reason: Invalid Goal
[Reset] Resetting objects to SAFE pose for 3 envs
[Reset] Resetting ROBOT joints for 3 envs
[Phase] Env 2: Alice Failed | Moved: 0.027m < 0.01m threshold
[Reset] Env 2: Alice phase @ step 250/250 | Goals: 0/5 | Reason: Invalid Goal
[Reset] Env 10: Alice phase @ step 250/250 | Goals: 0/5 | Reason: Invalid Goal
[Reset] Env 14: Alice phase @ step 250/250 | Goals: 0/5 | Reason: Invalid Goal
[Reset] Env 15: Alice phase @ step 250/250 | Goals: 0/5 | Reason: Invalid Goal
[Reset] Env 19: Alice phase @ step 250/250 | Goals: 0/5 | Reason: Invalid Goal
[Reset] Resetting objects to SAFE pose for 5 envs
[Reset] Resetting ROBOT joints for 5 envs
Update Alice: Iter 161

============================================================
ALICE UPDATE 161
============================================================
  Rewards:     mean=-1.0000 | min=0.0000 | max=0.0000
  Losses:      value=0.0034 | surrogate=1.2072
  Outcomes:    9 episodes buffered
============================================================

[Phase] Env 3: Alice Failed | Moved: 0.027m < 0.01m threshold
[Reset] Env 3: Alice phase @ step 250/250 | Goals: 0/5 | Reason: Invalid Goal
[Reset] Env 6: Alice phase @ step 250/250 | Goals: 0/5 | Reason: Invalid Goal
[Reset] Env 11: Alice phase @ step 250/250 | Goals: 0/5 | Reason: Invalid Goal
[Reset] Env 13: Alice phase @ step 250/250 | Goals: 0/5 | Reason: Invalid Goal
[Reset] Env 16: Alice phase @ step 250/250 | Goals: 0/5 | Reason: Invalid Goal
[Reset] Env 17: Alice phase @ step 250/250 | Goals: 0/5 | Reason: Invalid Goal
[Reset] Env 20: Alice phase @ step 250/250 | Goals: 0/5 | Reason: Invalid Goal
[Reset] Env 21: Alice phase @ step 250/250 | Goals: 0/5 | Reason: Invalid Goal
[Reset] Resetting objects to SAFE pose for 8 envs
[Reset] Resetting ROBOT joints for 8 envs
Update Alice: Iter 162

============================================================
ALICE UPDATE 162
============================================================
  Rewards:     mean=-1.0000 | min=0.0000 | max=0.0000
  Losses:      value=0.0007 | surrogate=1.3563
  Outcomes:    9 episodes buffered
============================================================

[Phase] Env 22: Alice Failed | Moved: 0.027m < 0.01m threshold
[Reset] Env 22: Alice phase @ step 250/250 | Goals: 0/5 | Reason: Invalid Goal
[Reset] Env 23: Alice phase @ step 250/250 | Goals: 0/5 | Reason: Invalid Goal
[Reset] Resetting objects to SAFE pose for 2 envs
[Reset] Resetting ROBOT joints for 2 envs
[Phase] Env 0: Alice Failed | Moved: 0.027m < 0.01m threshold
[Reset] Env 0: Alice phase @ step 250/250 | Goals: 0/5 | Reason: Invalid Goal
[Reset] Env 4: Alice phase @ step 250/250 | Goals: 0/5 | Reason: Invalid Goal
[Reset] Env 7: Alice phase @ step 250/250 | Goals: 0/5 | Reason: Invalid Goal
[Reset] Env 8: Alice phase @ step 250/250 | Goals: 0/5 | Reason: Invalid Goal
[Reset] Env 9: Alice phase @ step 250/250 | Goals: 0/5 | Reason: Invalid Goal
[Reset] Env 12: Alice phase @ step 250/250 | Goals: 0/5 | Reason: Invalid Goal
[Reset] Env 18: Alice phase @ step 250/250 | Goals: 0/5 | Reason: Invalid Goal
[Reset] Resetting objects to SAFE pose for 7 envs
[Reset] Resetting ROBOT joints for 7 envs
Update Alice: Iter 163

============================================================
ALICE UPDATE 163
============================================================
  Rewards:     mean=-1.0000 | min=0.0000 | max=0.0000
  Losses:      value=0.0012 | surrogate=1.1620
  Outcomes:    9 episodes buffered
============================================================

[Phase] Env 1: Alice Failed | Moved: 0.027m < 0.01m threshold
[Reset] Env 1: Alice phase @ step 250/250 | Goals: 0/5 | Reason: Invalid Goal
[Reset] Env 5: Alice phase @ step 250/250 | Goals: 0/5 | Reason: Invalid Goal
[Reset] Env 24: Alice phase @ step 250/250 | Goals: 0/5 | Reason: Invalid Goal
[Reset] Resetting objects to SAFE pose for 3 envs
[Reset] Resetting ROBOT joints for 3 envs
[Phase] Env 2: Alice Failed | Moved: 0.027m < 0.01m threshold
[Reset] Env 2: Alice phase @ step 250/250 | Goals: 0/5 | Reason: Invalid Goal
[Reset] Env 10: Alice phase @ step 250/250 | Goals: 0/5 | Reason: Invalid Goal
[Reset] Env 14: Alice phase @ step 250/250 | Goals: 0/5 | Reason: Invalid Goal
[Reset] Env 15: Alice phase @ step 250/250 | Goals: 0/5 | Reason: Invalid Goal
[Reset] Env 19: Alice phase @ step 250/250 | Goals: 0/5 | Reason: Invalid Goal
[Reset] Resetting objects to SAFE pose for 5 envs
[Reset] Resetting ROBOT joints for 5 envs
Update Alice: Iter 164

============================================================
ALICE UPDATE 164
============================================================
  Rewards:     mean=-1.0000 | min=0.0000 | max=0.0000
  Losses:      value=0.0005 | surrogate=1.2329
  Outcomes:    9 episodes buffered
============================================================

[Phase] Env 3: Alice Failed | Moved: 0.027m < 0.01m threshold
[Reset] Env 3: Alice phase @ step 250/250 | Goals: 0/5 | Reason: Invalid Goal
[Reset] Env 6: Alice phase @ step 250/250 | Goals: 0/5 | Reason: Invalid Goal
[Reset] Env 11: Alice phase @ step 250/250 | Goals: 0/5 | Reason: Invalid Goal
[Reset] Env 13: Alice phase @ step 250/250 | Goals: 0/5 | Reason: Invalid Goal
[Reset] Env 16: Alice phase @ step 250/250 | Goals: 0/5 | Reason: Invalid Goal
[Reset] Env 17: Alice phase @ step 250/250 | Goals: 0/5 | Reason: Invalid Goal
[Reset] Env 20: Alice phase @ step 250/250 | Goals: 0/5 | Reason: Invalid Goal
[Reset] Env 21: Alice phase @ step 250/250 | Goals: 0/5 | Reason: Invalid Goal
[Reset] Resetting objects to SAFE pose for 8 envs
[Reset] Resetting ROBOT joints for 8 envs
Update Alice: Iter 165

============================================================
ALICE UPDATE 165
============================================================
  Rewards:     mean=-1.0000 | min=0.0000 | max=0.0000
  Losses:      value=0.0004 | surrogate=1.4280
  Outcomes:    9 episodes buffered
============================================================

[Phase] Env 22: Alice Failed | Moved: 0.027m < 0.01m threshold
[Reset] Env 22: Alice phase @ step 250/250 | Goals: 0/5 | Reason: Invalid Goal
[Reset] Env 23: Alice phase @ step 250/250 | Goals: 0/5 | Reason: Invalid Goal
[Reset] Resetting objects to SAFE pose for 2 envs
[Reset] Resetting ROBOT joints for 2 envs
[Phase] Env 18: Alice→Bob | Valid Goal | Moved: 0.059m
[Phase] Env 0: Alice Failed | Moved: 0.027m < 0.01m threshold
[Phase] Env 18: Alice→Bob | Goal 1/5 | Alice completed 250/250 steps
[Reset] Alice->Bob Transition: Resetting Objects (Initial) & Robot (Default) for 1 envs
[Reset] Resetting ROBOT joints for 1 envs
[Reset] Env 0: Alice phase @ step 250/250 | Goals: 0/5 | Reason: Invalid Goal
[Reset] Env 4: Alice phase @ step 250/250 | Goals: 0/5 | Reason: Invalid Goal
[Reset] Env 7: Alice phase @ step 250/250 | Goals: 0/5 | Reason: Invalid Goal
[Reset] Env 8: Alice phase @ step 250/250 | Goals: 0/5 | Reason: Invalid Goal
[Reset] Env 9: Alice phase @ step 250/250 | Goals: 0/5 | Reason: Invalid Goal
[Reset] Env 12: Alice phase @ step 250/250 | Goals: 0/5 | Reason: Invalid Goal
[Reset] Resetting objects to SAFE pose for 6 envs
[Reset] Resetting ROBOT joints for 6 envs
[Phase] Env 1: Alice Failed | Moved: 0.027m < 0.01m threshold
[Reset] Env 1: Alice phase @ step 250/250 | Goals: 0/5 | Reason: Invalid Goal
[Reset] Env 5: Alice phase @ step 250/250 | Goals: 0/5 | Reason: Invalid Goal
[Reset] Env 24: Alice phase @ step 250/250 | Goals: 0/5 | Reason: Invalid Goal
[Reset] Resetting objects to SAFE pose for 3 envs
[Reset] Resetting ROBOT joints for 3 envs
Update Alice: Iter 166

============================================================
ALICE UPDATE 166
============================================================
  Rewards:     mean=-1.0000 | min=0.0000 | max=0.0000
  Losses:      value=0.0002 | surrogate=1.3842
  Outcomes:    9 episodes buffered
============================================================

[Phase] Env 2: Alice Failed | Moved: 0.027m < 0.01m threshold
[Reset] Env 2: Alice phase @ step 250/250 | Goals: 0/5 | Reason: Invalid Goal
[Reset] Env 10: Alice phase @ step 250/250 | Goals: 0/5 | Reason: Invalid Goal
[Reset] Env 14: Alice phase @ step 250/250 | Goals: 0/5 | Reason: Invalid Goal
[Reset] Env 15: Alice phase @ step 250/250 | Goals: 0/5 | Reason: Invalid Goal
[Reset] Env 19: Alice phase @ step 250/250 | Goals: 0/5 | Reason: Invalid Goal
[Reset] Resetting objects to SAFE pose for 5 envs
[Reset] Resetting ROBOT joints for 5 envs
[Phase] Env 3: Alice Failed | Moved: 0.027m < 0.01m threshold
[Reset] Env 3: Alice phase @ step 250/250 | Goals: 0/5 | Reason: Invalid Goal
[Reset] Env 6: Alice phase @ step 250/250 | Goals: 0/5 | Reason: Invalid Goal
[Reset] Env 11: Alice phase @ step 250/250 | Goals: 0/5 | Reason: Invalid Goal
[Reset] Env 13: Alice phase @ step 250/250 | Goals: 0/5 | Reason: Invalid Goal
[Reset] Env 16: Alice phase @ step 250/250 | Goals: 0/5 | Reason: Invalid Goal
[Reset] Env 17: Alice phase @ step 250/250 | Goals: 0/5 | Reason: Invalid Goal
[Reset] Env 20: Alice phase @ step 250/250 | Goals: 0/5 | Reason: Invalid Goal
[Reset] Env 21: Alice phase @ step 250/250 | Goals: 0/5 | Reason: Invalid Goal
[Reset] Resetting objects to SAFE pose for 8 envs
[Reset] Resetting ROBOT joints for 8 envs
Update Alice: Iter 167

============================================================
ALICE UPDATE 167
============================================================
  Rewards:     mean=-1.0000 | min=0.0000 | max=0.0000
  Losses:      value=0.0006 | surrogate=1.0410
  Outcomes:    9 episodes buffered
============================================================

[Phase] Env 22: Alice Failed | Moved: 0.027m < 0.01m threshold
[Reset] Env 22: Alice phase @ step 250/250 | Goals: 0/5 | Reason: Invalid Goal
[Reset] Env 23: Alice phase @ step 250/250 | Goals: 0/5 | Reason: Invalid Goal
[Reset] Resetting objects to SAFE pose for 2 envs
[Reset] Resetting ROBOT joints for 2 envs
[Phase] Env 0: Alice Failed | Moved: 0.027m < 0.01m threshold
[Reset] Env 0: Alice phase @ step 250/250 | Goals: 0/5 | Reason: Invalid Goal
[Reset] Env 4: Alice phase @ step 250/250 | Goals: 0/5 | Reason: Invalid Goal
[Reset] Env 7: Alice phase @ step 250/250 | Goals: 0/5 | Reason: Invalid Goal
[Reset] Env 8: Alice phase @ step 250/250 | Goals: 0/5 | Reason: Invalid Goal
[Reset] Env 9: Alice phase @ step 250/250 | Goals: 0/5 | Reason: Invalid Goal
[Reset] Env 12: Alice phase @ step 250/250 | Goals: 0/5 | Reason: Invalid Goal
[Reset] Resetting objects to SAFE pose for 6 envs
[Reset] Resetting ROBOT joints for 6 envs
Update Alice: Iter 168

============================================================
ALICE UPDATE 168
============================================================
  Rewards:     mean=-1.0000 | min=0.0000 | max=0.0000
  Losses:      value=0.0002 | surrogate=1.2936
  Outcomes:    9 episodes buffered
============================================================

[Phase] Env 1: Alice Failed | Moved: 0.027m < 0.01m threshold
[Reset] Env 1: Alice phase @ step 250/250 | Goals: 0/5 | Reason: Invalid Goal
[Reset] Env 5: Alice phase @ step 250/250 | Goals: 0/5 | Reason: Invalid Goal
[Reset] Env 24: Alice phase @ step 250/250 | Goals: 0/5 | Reason: Invalid Goal
[Reset] Resetting objects to SAFE pose for 3 envs
[Reset] Resetting ROBOT joints for 3 envs
[Phase] Env 2: Alice Failed | Moved: 0.027m < 0.01m threshold
[Reset] Env 2: Alice phase @ step 250/250 | Goals: 0/5 | Reason: Invalid Goal
[Reset] Env 10: Alice phase @ step 250/250 | Goals: 0/5 | Reason: Invalid Goal
[Reset] Env 14: Alice phase @ step 250/250 | Goals: 0/5 | Reason: Invalid Goal
[Reset] Env 15: Alice phase @ step 250/250 | Goals: 0/5 | Reason: Invalid Goal
[Reset] Env 19: Alice phase @ step 250/250 | Goals: 0/5 | Reason: Invalid Goal
[Reset] Resetting objects to SAFE pose for 5 envs
[Reset] Resetting ROBOT joints for 5 envs
Update Alice: Iter 169

============================================================
ALICE UPDATE 169
============================================================
  Rewards:     mean=-1.0000 | min=0.0000 | max=0.0000
  Losses:      value=0.0005 | surrogate=1.1185
  Outcomes:    9 episodes buffered
============================================================

[Phase] Env 3: Alice Failed | Moved: 0.027m < 0.01m threshold
[Reset] Env 3: Alice phase @ step 250/250 | Goals: 0/5 | Reason: Invalid Goal
[Reset] Env 6: Alice phase @ step 250/250 | Goals: 0/5 | Reason: Invalid Goal
[Reset] Env 11: Alice phase @ step 250/250 | Goals: 0/5 | Reason: Invalid Goal
[Reset] Env 13: Alice phase @ step 250/250 | Goals: 0/5 | Reason: Invalid Goal
[Reset] Env 16: Alice phase @ step 250/250 | Goals: 0/5 | Reason: Invalid Goal
[Reset] Env 17: Alice phase @ step 250/250 | Goals: 0/5 | Reason: Invalid Goal
[Reset] Env 20: Alice phase @ step 250/250 | Goals: 0/5 | Reason: Invalid Goal
[Reset] Env 21: Alice phase @ step 250/250 | Goals: 0/5 | Reason: Invalid Goal
[Reset] Resetting objects to SAFE pose for 8 envs
[Reset] Resetting ROBOT joints for 8 envs
Update Alice: Iter 170

============================================================
ALICE UPDATE 170
============================================================
  Rewards:     mean=-1.0000 | min=0.0000 | max=0.0000
  Losses:      value=0.0002 | surrogate=0.9482
  Outcomes:    9 episodes buffered
============================================================

[Phase] Env 22: Alice Failed | Moved: 0.027m < 0.01m threshold
[Reset] Env 22: Alice phase @ step 250/250 | Goals: 0/5 | Reason: Invalid Goal
[Reset] Env 23: Alice phase @ step 250/250 | Goals: 0/5 | Reason: Invalid Goal
[Reset] Resetting objects to SAFE pose for 2 envs
[Reset] Resetting ROBOT joints for 2 envs
[Phase] Env 0: Alice Failed | Moved: 0.027m < 0.01m threshold
[Reset] Env 0: Alice phase @ step 250/250 | Goals: 0/5 | Reason: Invalid Goal
[Reset] Env 4: Alice phase @ step 250/250 | Goals: 0/5 | Reason: Invalid Goal
[Reset] Env 7: Alice phase @ step 250/250 | Goals: 0/5 | Reason: Invalid Goal
[Reset] Env 8: Alice phase @ step 250/250 | Goals: 0/5 | Reason: Invalid Goal
[Reset] Env 9: Alice phase @ step 250/250 | Goals: 0/5 | Reason: Invalid Goal
[Reset] Env 12: Alice phase @ step 250/250 | Goals: 0/5 | Reason: Invalid Goal
[Reset] Resetting objects to SAFE pose for 6 envs
[Reset] Resetting ROBOT joints for 6 envs
Update Alice: Iter 171

============================================================
ALICE UPDATE 171
============================================================
  Rewards:     mean=-1.0000 | min=0.0000 | max=0.0000
  Losses:      value=0.0002 | surrogate=1.1921
  Outcomes:    9 episodes buffered
============================================================

[Phase] Env 1: Alice Failed | Moved: 0.027m < 0.01m threshold
[Reset] Env 1: Alice phase @ step 250/250 | Goals: 0/5 | Reason: Invalid Goal
[Reset] Env 5: Alice phase @ step 250/250 | Goals: 0/5 | Reason: Invalid Goal
[Reset] Env 24: Alice phase @ step 250/250 | Goals: 0/5 | Reason: Invalid Goal
[Reset] Resetting objects to SAFE pose for 3 envs
[Reset] Resetting ROBOT joints for 3 envs
[Phase] Env 2: Alice Failed | Moved: 0.027m < 0.01m threshold
[Reset] Env 2: Alice phase @ step 250/250 | Goals: 0/5 | Reason: Invalid Goal
[Reset] Env 10: Alice phase @ step 250/250 | Goals: 0/5 | Reason: Invalid Goal
[Reset] Env 14: Alice phase @ step 250/250 | Goals: 0/5 | Reason: Invalid Goal
[Reset] Env 15: Alice phase @ step 250/250 | Goals: 0/5 | Reason: Invalid Goal
[Reset] Env 19: Alice phase @ step 250/250 | Goals: 0/5 | Reason: Invalid Goal
[Reset] Resetting objects to SAFE pose for 5 envs
[Reset] Resetting ROBOT joints for 5 envs
[Phase] Env 18: Bob FAILURE | Steps: 600/600
[Reset] Env 18: Bob phase @ step 600/600 | Goals: 1/5 | Reason: Bob Failed (or Max Goals)
[Reset] Resetting objects to SAFE pose for 1 envs
[Reset] Resetting ROBOT joints for 1 envs
Update Alice: Iter 172

============================================================
ALICE UPDATE 172
============================================================
  Rewards:     mean=-0.2222 | min=0.0000 | max=0.0000
  Losses:      value=0.1556 | surrogate=0.0453
  Outcomes:    9 episodes buffered
============================================================

[Phase] Env 3: Alice Failed | Moved: 0.027m < 0.01m threshold
[Reset] Env 3: Alice phase @ step 250/250 | Goals: 0/5 | Reason: Invalid Goal
[Reset] Env 6: Alice phase @ step 250/250 | Goals: 0/5 | Reason: Invalid Goal
[Reset] Env 11: Alice phase @ step 250/250 | Goals: 0/5 | Reason: Invalid Goal
[Reset] Env 13: Alice phase @ step 250/250 | Goals: 0/5 | Reason: Invalid Goal
[Reset] Env 16: Alice phase @ step 250/250 | Goals: 0/5 | Reason: Invalid Goal
[Reset] Env 17: Alice phase @ step 250/250 | Goals: 0/5 | Reason: Invalid Goal
[Reset] Env 20: Alice phase @ step 250/250 | Goals: 0/5 | Reason: Invalid Goal
[Reset] Env 21: Alice phase @ step 250/250 | Goals: 0/5 | Reason: Invalid Goal
[Reset] Resetting objects to SAFE pose for 8 envs
[Reset] Resetting ROBOT joints for 8 envs
Update Alice: Iter 173

============================================================
ALICE UPDATE 173
============================================================
  Rewards:     mean=-1.0000 | min=0.0000 | max=0.0000
  Losses:      value=0.0049 | surrogate=1.3160
  Outcomes:    9 episodes buffered
============================================================

[Phase] Env 22: Alice Failed | Moved: 0.027m < 0.01m threshold
[Reset] Env 22: Alice phase @ step 250/250 | Goals: 0/5 | Reason: Invalid Goal
[Reset] Env 23: Alice phase @ step 250/250 | Goals: 0/5 | Reason: Invalid Goal
[Reset] Resetting objects to SAFE pose for 2 envs
[Reset] Resetting ROBOT joints for 2 envs
[Phase] Env 0: Alice Failed | Moved: 0.027m < 0.01m threshold
[Reset] Env 0: Alice phase @ step 250/250 | Goals: 0/5 | Reason: Invalid Goal
[Reset] Env 4: Alice phase @ step 250/250 | Goals: 0/5 | Reason: Invalid Goal
[Reset] Env 7: Alice phase @ step 250/250 | Goals: 0/5 | Reason: Invalid Goal
[Reset] Env 8: Alice phase @ step 250/250 | Goals: 0/5 | Reason: Invalid Goal
[Reset] Env 9: Alice phase @ step 250/250 | Goals: 0/5 | Reason: Invalid Goal
[Reset] Env 12: Alice phase @ step 250/250 | Goals: 0/5 | Reason: Invalid Goal
[Reset] Resetting objects to SAFE pose for 6 envs
[Reset] Resetting ROBOT joints for 6 envs
Update Alice: Iter 174

============================================================
ALICE UPDATE 174
============================================================
  Rewards:     mean=-1.0000 | min=0.0000 | max=0.0000
  Losses:      value=0.0013 | surrogate=1.5756
  Outcomes:    9 episodes buffered
============================================================

[Phase] Env 1: Alice Failed | Moved: 0.027m < 0.01m threshold
[Reset] Env 1: Alice phase @ step 250/250 | Goals: 0/5 | Reason: Invalid Goal
[Reset] Env 5: Alice phase @ step 250/250 | Goals: 0/5 | Reason: Invalid Goal
[Reset] Env 24: Alice phase @ step 250/250 | Goals: 0/5 | Reason: Invalid Goal
[Reset] Resetting objects to SAFE pose for 3 envs
[Reset] Resetting ROBOT joints for 3 envs
[Phase] Env 2: Alice Failed | Moved: 0.027m < 0.01m threshold
[Reset] Env 2: Alice phase @ step 250/250 | Goals: 0/5 | Reason: Invalid Goal
[Reset] Env 10: Alice phase @ step 250/250 | Goals: 0/5 | Reason: Invalid Goal
[Reset] Env 14: Alice phase @ step 250/250 | Goals: 0/5 | Reason: Invalid Goal
[Reset] Env 15: Alice phase @ step 250/250 | Goals: 0/5 | Reason: Invalid Goal
[Reset] Env 18: Alice phase @ step 250/250 | Goals: 0/5 | Reason: Invalid Goal
[Reset] Env 19: Alice phase @ step 250/250 | Goals: 0/5 | Reason: Invalid Goal
[Reset] Resetting objects to SAFE pose for 6 envs
[Reset] Resetting ROBOT joints for 6 envs
Update Alice: Iter 175

============================================================
ALICE UPDATE 175
============================================================
  Rewards:     mean=-1.0000 | min=0.0000 | max=0.0000
  Losses:      value=0.0025 | surrogate=1.3438
  Outcomes:    9 episodes buffered
============================================================

[Phase] Env 3: Alice Failed | Moved: 0.027m < 0.01m threshold
[Reset] Env 3: Alice phase @ step 250/250 | Goals: 0/5 | Reason: Invalid Goal
[Reset] Env 6: Alice phase @ step 250/250 | Goals: 0/5 | Reason: Invalid Goal
[Reset] Env 11: Alice phase @ step 250/250 | Goals: 0/5 | Reason: Invalid Goal
[Reset] Env 13: Alice phase @ step 250/250 | Goals: 0/5 | Reason: Invalid Goal
[Reset] Env 16: Alice phase @ step 250/250 | Goals: 0/5 | Reason: Invalid Goal
[Reset] Env 17: Alice phase @ step 250/250 | Goals: 0/5 | Reason: Invalid Goal
[Reset] Env 20: Alice phase @ step 250/250 | Goals: 0/5 | Reason: Invalid Goal
[Reset] Env 21: Alice phase @ step 250/250 | Goals: 0/5 | Reason: Invalid Goal
[Reset] Resetting objects to SAFE pose for 8 envs
[Reset] Resetting ROBOT joints for 8 envs
[Phase] Env 22: Alice Failed | Moved: 0.027m < 0.01m threshold
[Reset] Env 22: Alice phase @ step 250/250 | Goals: 0/5 | Reason: Invalid Goal
[Reset] Env 23: Alice phase @ step 250/250 | Goals: 0/5 | Reason: Invalid Goal
[Reset] Resetting objects to SAFE pose for 2 envs
[Reset] Resetting ROBOT joints for 2 envs
Update Alice: Iter 176

============================================================
ALICE UPDATE 176
============================================================
  Rewards:     mean=-1.0000 | min=0.0000 | max=0.0000
  Losses:      value=0.0012 | surrogate=1.4527
  Outcomes:    9 episodes buffered
============================================================

[Phase] Env 0: Alice Failed | Moved: 0.027m < 0.01m threshold
[Reset] Env 0: Alice phase @ step 250/250 | Goals: 0/5 | Reason: Invalid Goal
[Reset] Env 4: Alice phase @ step 250/250 | Goals: 0/5 | Reason: Invalid Goal
[Reset] Env 7: Alice phase @ step 250/250 | Goals: 0/5 | Reason: Invalid Goal
[Reset] Env 8: Alice phase @ step 250/250 | Goals: 0/5 | Reason: Invalid Goal
[Reset] Env 9: Alice phase @ step 250/250 | Goals: 0/5 | Reason: Invalid Goal
[Reset] Env 12: Alice phase @ step 250/250 | Goals: 0/5 | Reason: Invalid Goal
[Reset] Resetting objects to SAFE pose for 6 envs
[Reset] Resetting ROBOT joints for 6 envs
[Phase] Env 1: Alice Failed | Moved: 0.027m < 0.01m threshold
[Reset] Env 1: Alice phase @ step 250/250 | Goals: 0/5 | Reason: Invalid Goal
[Reset] Env 5: Alice phase @ step 250/250 | Goals: 0/5 | Reason: Invalid Goal
[Reset] Env 24: Alice phase @ step 250/250 | Goals: 0/5 | Reason: Invalid Goal
[Reset] Resetting objects to SAFE pose for 3 envs
[Reset] Resetting ROBOT joints for 3 envs
Update Alice: Iter 177

============================================================
ALICE UPDATE 177
============================================================
  Rewards:     mean=-1.0000 | min=0.0000 | max=0.0000
  Losses:      value=0.0007 | surrogate=1.3884
  Outcomes:    9 episodes buffered
============================================================

[Phase] Env 18: Alice→Bob | Valid Goal | Moved: 0.083m
[Phase] Env 2: Alice Failed | Moved: 0.027m < 0.01m threshold
[Phase] Env 18: Alice→Bob | Goal 1/5 | Alice completed 250/250 steps
[Reset] Alice->Bob Transition: Resetting Objects (Initial) & Robot (Default) for 1 envs
[Reset] Resetting ROBOT joints for 1 envs
[Reset] Env 2: Alice phase @ step 250/250 | Goals: 0/5 | Reason: Invalid Goal
[Reset] Env 10: Alice phase @ step 250/250 | Goals: 0/5 | Reason: Invalid Goal
[Reset] Env 14: Alice phase @ step 250/250 | Goals: 0/5 | Reason: Invalid Goal
[Reset] Env 15: Alice phase @ step 250/250 | Goals: 0/5 | Reason: Invalid Goal
[Reset] Env 19: Alice phase @ step 250/250 | Goals: 0/5 | Reason: Invalid Goal
[Reset] Resetting objects to SAFE pose for 5 envs
[Reset] Resetting ROBOT joints for 5 envs
[Phase] Env 3: Alice Failed | Moved: 0.027m < 0.01m threshold
[Reset] Env 3: Alice phase @ step 250/250 | Goals: 0/5 | Reason: Invalid Goal
[Reset] Env 6: Alice phase @ step 250/250 | Goals: 0/5 | Reason: Invalid Goal
[Reset] Env 11: Alice phase @ step 250/250 | Goals: 0/5 | Reason: Invalid Goal
[Reset] Env 13: Alice phase @ step 250/250 | Goals: 0/5 | Reason: Invalid Goal
[Reset] Env 16: Alice phase @ step 250/250 | Goals: 0/5 | Reason: Invalid Goal
[Reset] Env 17: Alice phase @ step 250/250 | Goals: 0/5 | Reason: Invalid Goal
[Reset] Env 20: Alice phase @ step 250/250 | Goals: 0/5 | Reason: Invalid Goal
[Reset] Env 21: Alice phase @ step 250/250 | Goals: 0/5 | Reason: Invalid Goal
[Reset] Resetting objects to SAFE pose for 8 envs
[Reset] Resetting ROBOT joints for 8 envs
Update Alice: Iter 178

============================================================
ALICE UPDATE 178
============================================================
  Rewards:     mean=-1.0000 | min=0.0000 | max=0.0000
  Losses:      value=0.0006 | surrogate=1.5426
  Outcomes:    9 episodes buffered
============================================================

[Phase] Env 22: Alice Failed | Moved: 0.027m < 0.01m threshold
[Reset] Env 22: Alice phase @ step 250/250 | Goals: 0/5 | Reason: Invalid Goal
[Reset] Env 23: Alice phase @ step 250/250 | Goals: 0/5 | Reason: Invalid Goal
[Reset] Resetting objects to SAFE pose for 2 envs
[Reset] Resetting ROBOT joints for 2 envs
[Phase] Env 7: Alice→Bob | Valid Goal | Moved: 0.027m
[Phase] Env 0: Alice Failed | Moved: 0.027m < 0.01m threshold
[Phase] Env 7: Alice→Bob | Goal 1/5 | Alice completed 250/250 steps
[Reset] Alice->Bob Transition: Resetting Objects (Initial) & Robot (Default) for 1 envs
[Reset] Resetting ROBOT joints for 1 envs
[Reset] Env 0: Alice phase @ step 250/250 | Goals: 0/5 | Reason: Invalid Goal
[Reset] Env 4: Alice phase @ step 250/250 | Goals: 0/5 | Reason: Invalid Goal
[Reset] Env 8: Alice phase @ step 250/250 | Goals: 0/5 | Reason: Invalid Goal
[Reset] Env 9: Alice phase @ step 250/250 | Goals: 0/5 | Reason: Invalid Goal
[Reset] Env 12: Alice phase @ step 250/250 | Goals: 0/5 | Reason: Invalid Goal
[Reset] Resetting objects to SAFE pose for 5 envs
[Reset] Resetting ROBOT joints for 5 envs
Update Alice: Iter 179

============================================================
ALICE UPDATE 179
============================================================
  Rewards:     mean=-1.0000 | min=0.0000 | max=0.0000
  Losses:      value=0.0009 | surrogate=1.3660
  Outcomes:    9 episodes buffered
============================================================

[Bob Reward] +1.0
[Phase] Env 1: Alice Failed | Moved: 0.027m < 0.01m threshold
[Reset] Env 1: Alice phase @ step 250/250 | Goals: 0/5 | Reason: Invalid Goal
[Reset] Env 5: Alice phase @ step 250/250 | Goals: 0/5 | Reason: Invalid Goal
[Reset] Env 24: Alice phase @ step 250/250 | Goals: 0/5 | Reason: Invalid Goal
[Reset] Resetting objects to SAFE pose for 3 envs
[Reset] Resetting ROBOT joints for 3 envs
[Phase] Env 2: Alice Failed | Moved: 0.027m < 0.01m threshold
[Reset] Env 2: Alice phase @ step 250/250 | Goals: 0/5 | Reason: Invalid Goal
[Reset] Env 10: Alice phase @ step 250/250 | Goals: 0/5 | Reason: Invalid Goal
[Reset] Env 14: Alice phase @ step 250/250 | Goals: 0/5 | Reason: Invalid Goal
[Reset] Env 15: Alice phase @ step 250/250 | Goals: 0/5 | Reason: Invalid Goal
[Reset] Env 19: Alice phase @ step 250/250 | Goals: 0/5 | Reason: Invalid Goal
[Reset] Resetting objects to SAFE pose for 5 envs
[Reset] Resetting ROBOT joints for 5 envs
Update Alice: Iter 180

============================================================
ALICE UPDATE 180
============================================================
  Rewards:     mean=-1.0000 | min=0.0000 | max=0.0000
  Losses:      value=0.0006 | surrogate=1.4876
  Outcomes:    9 episodes buffered
============================================================

[Phase] Env 3: Alice Failed | Moved: 0.027m < 0.01m threshold
[Reset] Env 3: Alice phase @ step 250/250 | Goals: 0/5 | Reason: Invalid Goal
[Reset] Env 6: Alice phase @ step 250/250 | Goals: 0/5 | Reason: Invalid Goal
[Reset] Env 11: Alice phase @ step 250/250 | Goals: 0/5 | Reason: Invalid Goal
[Reset] Env 13: Alice phase @ step 250/250 | Goals: 0/5 | Reason: Invalid Goal
[Reset] Env 16: Alice phase @ step 250/250 | Goals: 0/5 | Reason: Invalid Goal
[Reset] Env 17: Alice phase @ step 250/250 | Goals: 0/5 | Reason: Invalid Goal
[Reset] Env 20: Alice phase @ step 250/250 | Goals: 0/5 | Reason: Invalid Goal
[Reset] Env 21: Alice phase @ step 250/250 | Goals: 0/5 | Reason: Invalid Goal
[Reset] Resetting objects to SAFE pose for 8 envs
[Reset] Resetting ROBOT joints for 8 envs
Update Alice: Iter 181

============================================================
ALICE UPDATE 181
============================================================
  Rewards:     mean=-1.0000 | min=0.0000 | max=0.0000
  Losses:      value=0.0005 | surrogate=1.5231
  Outcomes:    9 episodes buffered
============================================================

[Phase] Env 22: Alice Failed | Moved: 0.027m < 0.01m threshold
[Reset] Env 22: Alice phase @ step 250/250 | Goals: 0/5 | Reason: Invalid Goal
[Reset] Env 23: Alice phase @ step 250/250 | Goals: 0/5 | Reason: Invalid Goal
[Reset] Resetting objects to SAFE pose for 2 envs
[Reset] Resetting ROBOT joints for 2 envs
[Phase] Env 0: Alice Failed | Moved: 0.027m < 0.01m threshold
[Reset] Env 0: Alice phase @ step 250/250 | Goals: 0/5 | Reason: Invalid Goal
[Reset] Env 4: Alice phase @ step 250/250 | Goals: 0/5 | Reason: Invalid Goal
[Reset] Env 8: Alice phase @ step 250/250 | Goals: 0/5 | Reason: Invalid Goal
[Reset] Env 9: Alice phase @ step 250/250 | Goals: 0/5 | Reason: Invalid Goal
[Reset] Env 12: Alice phase @ step 250/250 | Goals: 0/5 | Reason: Invalid Goal
[Reset] Resetting objects to SAFE pose for 5 envs
[Reset] Resetting ROBOT joints for 5 envs
[Phase] Env 1: Alice Failed | Moved: 0.027m < 0.01m threshold
[Reset] Env 1: Alice phase @ step 250/250 | Goals: 0/5 | Reason: Invalid Goal
[Reset] Env 5: Alice phase @ step 250/250 | Goals: 0/5 | Reason: Invalid Goal
[Reset] Env 24: Alice phase @ step 250/250 | Goals: 0/5 | Reason: Invalid Goal
[Reset] Resetting objects to SAFE pose for 3 envs
[Reset] Resetting ROBOT joints for 3 envs
Update Alice: Iter 182

============================================================
ALICE UPDATE 182
============================================================
  Rewards:     mean=-1.0000 | min=0.0000 | max=0.0000
  Losses:      value=0.0002 | surrogate=1.3522
  Outcomes:    9 episodes buffered
============================================================

[Phase] Env 2: Alice Failed | Moved: 0.027m < 0.01m threshold
[Reset] Env 2: Alice phase @ step 250/250 | Goals: 0/5 | Reason: Invalid Goal
[Reset] Env 10: Alice phase @ step 250/250 | Goals: 0/5 | Reason: Invalid Goal
[Reset] Env 14: Alice phase @ step 250/250 | Goals: 0/5 | Reason: Invalid Goal
[Reset] Env 15: Alice phase @ step 250/250 | Goals: 0/5 | Reason: Invalid Goal
[Reset] Env 19: Alice phase @ step 250/250 | Goals: 0/5 | Reason: Invalid Goal
[Reset] Resetting objects to SAFE pose for 5 envs
[Reset] Resetting ROBOT joints for 5 envs
[Phase] Env 3: Alice Failed | Moved: 0.027m < 0.01m threshold
[Reset] Env 3: Alice phase @ step 250/250 | Goals: 0/5 | Reason: Invalid Goal
[Reset] Env 6: Alice phase @ step 250/250 | Goals: 0/5 | Reason: Invalid Goal
[Reset] Env 11: Alice phase @ step 250/250 | Goals: 0/5 | Reason: Invalid Goal
[Reset] Env 13: Alice phase @ step 250/250 | Goals: 0/5 | Reason: Invalid Goal
[Reset] Env 16: Alice phase @ step 250/250 | Goals: 0/5 | Reason: Invalid Goal
[Reset] Env 17: Alice phase @ step 250/250 | Goals: 0/5 | Reason: Invalid Goal
[Reset] Env 20: Alice phase @ step 250/250 | Goals: 0/5 | Reason: Invalid Goal
[Reset] Env 21: Alice phase @ step 250/250 | Goals: 0/5 | Reason: Invalid Goal
[Reset] Resetting objects to SAFE pose for 8 envs
[Reset] Resetting ROBOT joints for 8 envs
Update Alice: Iter 183

============================================================
ALICE UPDATE 183
============================================================
  Rewards:     mean=-1.0000 | min=0.0000 | max=0.0000
  Losses:      value=0.0002 | surrogate=1.4804
  Outcomes:    9 episodes buffered
============================================================

[Phase] Env 22: Alice Failed | Moved: 0.027m < 0.01m threshold
[Reset] Env 22: Alice phase @ step 250/250 | Goals: 0/5 | Reason: Invalid Goal
[Reset] Env 23: Alice phase @ step 250/250 | Goals: 0/5 | Reason: Invalid Goal
[Reset] Resetting objects to SAFE pose for 2 envs
[Reset] Resetting ROBOT joints for 2 envs
[Phase] Env 18: Bob FAILURE | Steps: 600/600
[Reset] Env 18: Bob phase @ step 600/600 | Goals: 1/5 | Reason: Bob Failed (or Max Goals)
[Reset] Resetting objects to SAFE pose for 1 envs
[Reset] Resetting ROBOT joints for 1 envs
Update Alice: Iter 184

============================================================
ALICE UPDATE 184
============================================================
  Rewards:     mean=-0.2222 | min=0.0000 | max=0.0000
  Losses:      value=0.0715 | surrogate=0.0687
  Outcomes:    9 episodes buffered
============================================================

[Phase] Env 0: Alice Failed | Moved: 0.027m < 0.01m threshold
[Reset] Env 0: Alice phase @ step 250/250 | Goals: 0/5 | Reason: Invalid Goal
[Reset] Env 4: Alice phase @ step 250/250 | Goals: 0/5 | Reason: Invalid Goal
[Reset] Env 8: Alice phase @ step 250/250 | Goals: 0/5 | Reason: Invalid Goal
[Reset] Env 9: Alice phase @ step 250/250 | Goals: 0/5 | Reason: Invalid Goal
[Reset] Env 12: Alice phase @ step 250/250 | Goals: 0/5 | Reason: Invalid Goal
[Reset] Resetting objects to SAFE pose for 5 envs
[Reset] Resetting ROBOT joints for 5 envs
[Phase] Env 1: Alice Failed | Moved: 0.027m < 0.01m threshold
[Reset] Env 1: Alice phase @ step 250/250 | Goals: 0/5 | Reason: Invalid Goal
[Reset] Env 5: Alice phase @ step 250/250 | Goals: 0/5 | Reason: Invalid Goal
[Reset] Env 24: Alice phase @ step 250/250 | Goals: 0/5 | Reason: Invalid Goal
[Reset] Resetting objects to SAFE pose for 3 envs
[Reset] Resetting ROBOT joints for 3 envs
[Phase] Env 2: Alice Failed | Moved: 0.027m < 0.01m threshold
[Reset] Env 2: Alice phase @ step 250/250 | Goals: 0/5 | Reason: Invalid Goal
[Reset] Env 10: Alice phase @ step 250/250 | Goals: 0/5 | Reason: Invalid Goal
[Reset] Env 14: Alice phase @ step 250/250 | Goals: 0/5 | Reason: Invalid Goal
[Reset] Env 15: Alice phase @ step 250/250 | Goals: 0/5 | Reason: Invalid Goal
[Reset] Env 19: Alice phase @ step 250/250 | Goals: 0/5 | Reason: Invalid Goal
[Reset] Resetting objects to SAFE pose for 5 envs
[Reset] Resetting ROBOT joints for 5 envs
[Phase] Env 7: Bob FAILURE | Steps: 600/600
[Reset] Env 7: Bob phase @ step 600/600 | Goals: 1/5 | Reason: Bob Failed (or Max Goals)
[Reset] Resetting objects to SAFE pose for 1 envs
[Reset] Resetting ROBOT joints for 1 envs
Update Alice: Iter 185

============================================================
ALICE UPDATE 185
============================================================
  Rewards:     mean=-0.2222 | min=0.0000 | max=0.0000
  Losses:      value=0.0549 | surrogate=0.1593
  Outcomes:    9 episodes buffered
============================================================

[Phase] Env 3: Alice Failed | Moved: 0.027m < 0.01m threshold
[Reset] Env 3: Alice phase @ step 250/250 | Goals: 0/5 | Reason: Invalid Goal
[Reset] Env 6: Alice phase @ step 250/250 | Goals: 0/5 | Reason: Invalid Goal
[Reset] Env 11: Alice phase @ step 250/250 | Goals: 0/5 | Reason: Invalid Goal
[Reset] Env 13: Alice phase @ step 250/250 | Goals: 0/5 | Reason: Invalid Goal
[Reset] Env 16: Alice phase @ step 250/250 | Goals: 0/5 | Reason: Invalid Goal
[Reset] Env 17: Alice phase @ step 250/250 | Goals: 0/5 | Reason: Invalid Goal
[Reset] Env 20: Alice phase @ step 250/250 | Goals: 0/5 | Reason: Invalid Goal
[Reset] Env 21: Alice phase @ step 250/250 | Goals: 0/5 | Reason: Invalid Goal
[Reset] Resetting objects to SAFE pose for 8 envs
[Reset] Resetting ROBOT joints for 8 envs
Update Alice: Iter 186

============================================================
ALICE UPDATE 186
============================================================
  Rewards:     mean=-1.0000 | min=0.0000 | max=0.0000
  Losses:      value=0.0039 | surrogate=1.1389
  Outcomes:    9 episodes buffered
============================================================

[Phase] Env 18: Alice Failed | Moved: 0.027m < 0.01m threshold
[Reset] Env 18: Alice phase @ step 250/250 | Goals: 0/5 | Reason: Invalid Goal
[Reset] Env 22: Alice phase @ step 250/250 | Goals: 0/5 | Reason: Invalid Goal
[Reset] Env 23: Alice phase @ step 250/250 | Goals: 0/5 | Reason: Invalid Goal
[Reset] Resetting objects to SAFE pose for 3 envs
[Reset] Resetting ROBOT joints for 3 envs
[Phase] Env 0: Alice Failed | Moved: 0.027m < 0.01m threshold
[Reset] Env 0: Alice phase @ step 250/250 | Goals: 0/5 | Reason: Invalid Goal
[Reset] Env 4: Alice phase @ step 250/250 | Goals: 0/5 | Reason: Invalid Goal
[Reset] Env 8: Alice phase @ step 250/250 | Goals: 0/5 | Reason: Invalid Goal
[Reset] Env 9: Alice phase @ step 250/250 | Goals: 0/5 | Reason: Invalid Goal
[Reset] Env 12: Alice phase @ step 250/250 | Goals: 0/5 | Reason: Invalid Goal
[Reset] Resetting objects to SAFE pose for 5 envs
[Reset] Resetting ROBOT joints for 5 envs
Update Alice: Iter 187

============================================================
ALICE UPDATE 187
============================================================
  Rewards:     mean=-1.0000 | min=0.0000 | max=0.0000
  Losses:      value=0.0021 | surrogate=1.3484
  Outcomes:    9 episodes buffered
============================================================

[Phase] Env 1: Alice Failed | Moved: 0.027m < 0.01m threshold
[Reset] Env 1: Alice phase @ step 250/250 | Goals: 0/5 | Reason: Invalid Goal
[Reset] Env 5: Alice phase @ step 250/250 | Goals: 0/5 | Reason: Invalid Goal
[Reset] Env 24: Alice phase @ step 250/250 | Goals: 0/5 | Reason: Invalid Goal
[Reset] Resetting objects to SAFE pose for 3 envs
[Reset] Resetting ROBOT joints for 3 envs
[Phase] Env 2: Alice Failed | Moved: 0.027m < 0.01m threshold
[Reset] Env 2: Alice phase @ step 250/250 | Goals: 0/5 | Reason: Invalid Goal
[Reset] Env 7: Alice phase @ step 250/250 | Goals: 0/5 | Reason: Invalid Goal
[Reset] Env 10: Alice phase @ step 250/250 | Goals: 0/5 | Reason: Invalid Goal
[Reset] Env 14: Alice phase @ step 250/250 | Goals: 0/5 | Reason: Invalid Goal
[Reset] Env 15: Alice phase @ step 250/250 | Goals: 0/5 | Reason: Invalid Goal
[Reset] Env 19: Alice phase @ step 250/250 | Goals: 0/5 | Reason: Invalid Goal
[Reset] Resetting objects to SAFE pose for 6 envs
[Reset] Resetting ROBOT joints for 6 envs
Update Alice: Iter 188

============================================================
ALICE UPDATE 188
============================================================
  Rewards:     mean=-1.0000 | min=0.0000 | max=0.0000
  Losses:      value=0.0010 | surrogate=1.3085
  Outcomes:    9 episodes buffered
============================================================

[Phase] Env 3: Alice Failed | Moved: 0.027m < 0.01m threshold
[Reset] Env 3: Alice phase @ step 250/250 | Goals: 0/5 | Reason: Invalid Goal
[Reset] Env 6: Alice phase @ step 250/250 | Goals: 0/5 | Reason: Invalid Goal
[Reset] Env 11: Alice phase @ step 250/250 | Goals: 0/5 | Reason: Invalid Goal
[Reset] Env 13: Alice phase @ step 250/250 | Goals: 0/5 | Reason: Invalid Goal
[Reset] Env 16: Alice phase @ step 250/250 | Goals: 0/5 | Reason: Invalid Goal
[Reset] Env 17: Alice phase @ step 250/250 | Goals: 0/5 | Reason: Invalid Goal
[Reset] Env 20: Alice phase @ step 250/250 | Goals: 0/5 | Reason: Invalid Goal
[Reset] Env 21: Alice phase @ step 250/250 | Goals: 0/5 | Reason: Invalid Goal
[Reset] Resetting objects to SAFE pose for 8 envs
[Reset] Resetting ROBOT joints for 8 envs
Update Alice: Iter 189

============================================================
ALICE UPDATE 189
============================================================
  Rewards:     mean=-1.0000 | min=0.0000 | max=0.0000
  Losses:      value=0.0010 | surrogate=1.3473
  Outcomes:    9 episodes buffered
============================================================

[Phase] Env 18: Alice Failed | Moved: 0.027m < 0.01m threshold
[Reset] Env 18: Alice phase @ step 250/250 | Goals: 0/5 | Reason: Invalid Goal
[Reset] Env 22: Alice phase @ step 250/250 | Goals: 0/5 | Reason: Invalid Goal
[Reset] Env 23: Alice phase @ step 250/250 | Goals: 0/5 | Reason: Invalid Goal
[Reset] Resetting objects to SAFE pose for 3 envs
[Reset] Resetting ROBOT joints for 3 envs
[Phase] Env 0: Alice Failed | Moved: 0.027m < 0.01m threshold
[Reset] Env 0: Alice phase @ step 250/250 | Goals: 0/5 | Reason: Invalid Goal
[Reset] Env 4: Alice phase @ step 250/250 | Goals: 0/5 | Reason: Invalid Goal
[Reset] Env 8: Alice phase @ step 250/250 | Goals: 0/5 | Reason: Invalid Goal
[Reset] Env 9: Alice phase @ step 250/250 | Goals: 0/5 | Reason: Invalid Goal
[Reset] Env 12: Alice phase @ step 250/250 | Goals: 0/5 | Reason: Invalid Goal
[Reset] Resetting objects to SAFE pose for 5 envs
[Reset] Resetting ROBOT joints for 5 envs
Update Alice: Iter 190

============================================================
ALICE UPDATE 190
============================================================
  Rewards:     mean=-1.0000 | min=0.0000 | max=0.0000
  Losses:      value=0.0009 | surrogate=1.4203
  Outcomes:    9 episodes buffered
============================================================

[Phase] Env 1: Alice Failed | Moved: 0.027m < 0.01m threshold
[Reset] Env 1: Alice phase @ step 250/250 | Goals: 0/5 | Reason: Invalid Goal
[Reset] Env 5: Alice phase @ step 250/250 | Goals: 0/5 | Reason: Invalid Goal
[Reset] Env 24: Alice phase @ step 250/250 | Goals: 0/5 | Reason: Invalid Goal
[Reset] Resetting objects to SAFE pose for 3 envs
[Reset] Resetting ROBOT joints for 3 envs
[Phase] Env 2: Alice Failed | Moved: 0.027m < 0.01m threshold
[Reset] Env 2: Alice phase @ step 250/250 | Goals: 0/5 | Reason: Invalid Goal
[Reset] Env 7: Alice phase @ step 250/250 | Goals: 0/5 | Reason: Invalid Goal
[Reset] Env 10: Alice phase @ step 250/250 | Goals: 0/5 | Reason: Invalid Goal
[Reset] Env 14: Alice phase @ step 250/250 | Goals: 0/5 | Reason: Invalid Goal
[Reset] Env 15: Alice phase @ step 250/250 | Goals: 0/5 | Reason: Invalid Goal
[Reset] Env 19: Alice phase @ step 250/250 | Goals: 0/5 | Reason: Invalid Goal
[Reset] Resetting objects to SAFE pose for 6 envs
[Reset] Resetting ROBOT joints for 6 envs
Update Alice: Iter 191

============================================================
ALICE UPDATE 191
============================================================
  Rewards:     mean=-1.0000 | min=0.0000 | max=0.0000
  Losses:      value=0.0006 | surrogate=1.1714
  Outcomes:    9 episodes buffered
============================================================

[Phase] Env 20: Alice→Bob | Valid Goal | Moved: 0.041m
[Phase] Env 3: Alice Failed | Moved: 0.027m < 0.01m threshold
[Phase] Env 20: Alice→Bob | Goal 1/5 | Alice completed 250/250 steps
[Reset] Alice->Bob Transition: Resetting Objects (Initial) & Robot (Default) for 1 envs
[Reset] Resetting ROBOT joints for 1 envs
[Reset] Env 3: Alice phase @ step 250/250 | Goals: 0/5 | Reason: Invalid Goal
[Reset] Env 6: Alice phase @ step 250/250 | Goals: 0/5 | Reason: Invalid Goal
[Reset] Env 11: Alice phase @ step 250/250 | Goals: 0/5 | Reason: Invalid Goal
[Reset] Env 13: Alice phase @ step 250/250 | Goals: 0/5 | Reason: Invalid Goal
[Reset] Env 16: Alice phase @ step 250/250 | Goals: 0/5 | Reason: Invalid Goal
[Reset] Env 17: Alice phase @ step 250/250 | Goals: 0/5 | Reason: Invalid Goal
[Reset] Env 21: Alice phase @ step 250/250 | Goals: 0/5 | Reason: Invalid Goal
[Reset] Resetting objects to SAFE pose for 7 envs
[Reset] Resetting ROBOT joints for 7 envs
[Phase] Env 18: Alice Failed | Moved: 0.027m < 0.01m threshold
[Reset] Env 18: Alice phase @ step 250/250 | Goals: 0/5 | Reason: Invalid Goal
[Reset] Env 22: Alice phase @ step 250/250 | Goals: 0/5 | Reason: Invalid Goal
[Reset] Env 23: Alice phase @ step 250/250 | Goals: 0/5 | Reason: Invalid Goal
[Reset] Resetting objects to SAFE pose for 3 envs
[Reset] Resetting ROBOT joints for 3 envs
Update Alice: Iter 192

============================================================
ALICE UPDATE 192
============================================================
  Rewards:     mean=-1.0000 | min=0.0000 | max=0.0000
  Losses:      value=0.0015 | surrogate=1.1077
  Outcomes:    9 episodes buffered
============================================================

[Phase] Env 0: Alice Failed | Moved: 0.027m < 0.01m threshold
[Reset] Env 0: Alice phase @ step 250/250 | Goals: 0/5 | Reason: Invalid Goal
[Reset] Env 4: Alice phase @ step 250/250 | Goals: 0/5 | Reason: Invalid Goal
[Reset] Env 8: Alice phase @ step 250/250 | Goals: 0/5 | Reason: Invalid Goal
[Reset] Env 9: Alice phase @ step 250/250 | Goals: 0/5 | Reason: Invalid Goal
[Reset] Env 12: Alice phase @ step 250/250 | Goals: 0/5 | Reason: Invalid Goal
[Reset] Resetting objects to SAFE pose for 5 envs
[Reset] Resetting ROBOT joints for 5 envs
[Phase] Env 1: Alice Failed | Moved: 0.027m < 0.01m threshold
[Reset] Env 1: Alice phase @ step 250/250 | Goals: 0/5 | Reason: Invalid Goal
[Reset] Env 5: Alice phase @ step 250/250 | Goals: 0/5 | Reason: Invalid Goal
[Reset] Env 24: Alice phase @ step 250/250 | Goals: 0/5 | Reason: Invalid Goal
[Reset] Resetting objects to SAFE pose for 3 envs
[Reset] Resetting ROBOT joints for 3 envs
Update Alice: Iter 193

============================================================
ALICE UPDATE 193
============================================================
  Rewards:     mean=-1.0000 | min=0.0000 | max=0.0000
  Losses:      value=0.0017 | surrogate=1.3004
  Outcomes:    9 episodes buffered
============================================================

[Phase] Env 2: Alice Failed | Moved: 0.027m < 0.01m threshold
[Reset] Env 2: Alice phase @ step 250/250 | Goals: 0/5 | Reason: Invalid Goal
[Reset] Env 7: Alice phase @ step 250/250 | Goals: 0/5 | Reason: Invalid Goal
[Reset] Env 10: Alice phase @ step 250/250 | Goals: 0/5 | Reason: Invalid Goal
[Reset] Env 14: Alice phase @ step 250/250 | Goals: 0/5 | Reason: Invalid Goal
[Reset] Env 15: Alice phase @ step 250/250 | Goals: 0/5 | Reason: Invalid Goal
[Reset] Env 19: Alice phase @ step 250/250 | Goals: 0/5 | Reason: Invalid Goal
[Reset] Resetting objects to SAFE pose for 6 envs
[Reset] Resetting ROBOT joints for 6 envs
[Phase] Env 3: Alice Failed | Moved: 0.027m < 0.01m threshold
[Reset] Env 3: Alice phase @ step 250/250 | Goals: 0/5 | Reason: Invalid Goal
[Reset] Env 6: Alice phase @ step 250/250 | Goals: 0/5 | Reason: Invalid Goal
[Reset] Env 11: Alice phase @ step 250/250 | Goals: 0/5 | Reason: Invalid Goal
[Reset] Env 13: Alice phase @ step 250/250 | Goals: 0/5 | Reason: Invalid Goal
[Reset] Env 16: Alice phase @ step 250/250 | Goals: 0/5 | Reason: Invalid Goal
[Reset] Env 17: Alice phase @ step 250/250 | Goals: 0/5 | Reason: Invalid Goal
[Reset] Env 21: Alice phase @ step 250/250 | Goals: 0/5 | Reason: Invalid Goal
[Reset] Resetting objects to SAFE pose for 7 envs
[Reset] Resetting ROBOT joints for 7 envs
Update Alice: Iter 194

============================================================
ALICE UPDATE 194
============================================================
  Rewards:     mean=-1.0000 | min=0.0000 | max=0.0000
  Losses:      value=0.0003 | surrogate=1.8455
  Outcomes:    9 episodes buffered
============================================================

[Phase] Env 18: Alice Failed | Moved: 0.027m < 0.01m threshold
[Reset] Env 18: Alice phase @ step 250/250 | Goals: 0/5 | Reason: Invalid Goal
[Reset] Env 22: Alice phase @ step 250/250 | Goals: 0/5 | Reason: Invalid Goal
[Reset] Env 23: Alice phase @ step 250/250 | Goals: 0/5 | Reason: Invalid Goal
[Reset] Resetting objects to SAFE pose for 3 envs
[Reset] Resetting ROBOT joints for 3 envs
[Phase] Env 0: Alice Failed | Moved: 0.027m < 0.01m threshold
[Reset] Env 0: Alice phase @ step 250/250 | Goals: 0/5 | Reason: Invalid Goal
[Reset] Env 4: Alice phase @ step 250/250 | Goals: 0/5 | Reason: Invalid Goal
[Reset] Env 8: Alice phase @ step 250/250 | Goals: 0/5 | Reason: Invalid Goal
[Reset] Env 9: Alice phase @ step 250/250 | Goals: 0/5 | Reason: Invalid Goal
[Reset] Env 12: Alice phase @ step 250/250 | Goals: 0/5 | Reason: Invalid Goal
[Reset] Resetting objects to SAFE pose for 5 envs
[Reset] Resetting ROBOT joints for 5 envs
Update Alice: Iter 195

============================================================
ALICE UPDATE 195
============================================================
  Rewards:     mean=-1.0000 | min=0.0000 | max=0.0000
  Losses:      value=0.0005 | surrogate=1.5220
  Outcomes:    9 episodes buffered
============================================================

[Phase] Env 1: Alice Failed | Moved: 0.027m < 0.01m threshold
[Reset] Env 1: Alice phase @ step 250/250 | Goals: 0/5 | Reason: Invalid Goal
[Reset] Env 5: Alice phase @ step 250/250 | Goals: 0/5 | Reason: Invalid Goal
[Reset] Env 24: Alice phase @ step 250/250 | Goals: 0/5 | Reason: Invalid Goal
[Reset] Resetting objects to SAFE pose for 3 envs
[Reset] Resetting ROBOT joints for 3 envs
[Phase] Env 2: Alice Failed | Moved: 0.027m < 0.01m threshold
[Reset] Env 2: Alice phase @ step 250/250 | Goals: 0/5 | Reason: Invalid Goal
[Reset] Env 7: Alice phase @ step 250/250 | Goals: 0/5 | Reason: Invalid Goal
[Reset] Env 10: Alice phase @ step 250/250 | Goals: 0/5 | Reason: Invalid Goal
[Reset] Env 14: Alice phase @ step 250/250 | Goals: 0/5 | Reason: Invalid Goal
[Reset] Env 15: Alice phase @ step 250/250 | Goals: 0/5 | Reason: Invalid Goal
[Reset] Env 19: Alice phase @ step 250/250 | Goals: 0/5 | Reason: Invalid Goal
[Reset] Resetting objects to SAFE pose for 6 envs
[Reset] Resetting ROBOT joints for 6 envs
Update Alice: Iter 196

============================================================
ALICE UPDATE 196
============================================================
  Rewards:     mean=-1.0000 | min=0.0000 | max=0.0000
  Losses:      value=0.0013 | surrogate=1.4431
  Outcomes:    9 episodes buffered
============================================================

[Phase] Env 3: Alice Failed | Moved: 0.027m < 0.01m threshold
[Reset] Env 3: Alice phase @ step 250/250 | Goals: 0/5 | Reason: Invalid Goal
[Reset] Env 6: Alice phase @ step 250/250 | Goals: 0/5 | Reason: Invalid Goal
[Reset] Env 11: Alice phase @ step 250/250 | Goals: 0/5 | Reason: Invalid Goal
[Reset] Env 13: Alice phase @ step 250/250 | Goals: 0/5 | Reason: Invalid Goal
[Reset] Env 16: Alice phase @ step 250/250 | Goals: 0/5 | Reason: Invalid Goal
[Reset] Env 17: Alice phase @ step 250/250 | Goals: 0/5 | Reason: Invalid Goal
[Reset] Env 21: Alice phase @ step 250/250 | Goals: 0/5 | Reason: Invalid Goal
[Reset] Resetting objects to SAFE pose for 7 envs
[Reset] Resetting ROBOT joints for 7 envs
Update Alice: Iter 197

============================================================
ALICE UPDATE 197
============================================================
  Rewards:     mean=-1.0000 | min=0.0000 | max=0.0000
  Losses:      value=0.0003 | surrogate=1.8611
  Outcomes:    9 episodes buffered
============================================================

[Phase] Env 18: Alice Failed | Moved: 0.027m < 0.01m threshold
[Reset] Env 18: Alice phase @ step 250/250 | Goals: 0/5 | Reason: Invalid Goal
[Reset] Env 22: Alice phase @ step 250/250 | Goals: 0/5 | Reason: Invalid Goal
[Reset] Env 23: Alice phase @ step 250/250 | Goals: 0/5 | Reason: Invalid Goal
[Reset] Resetting objects to SAFE pose for 3 envs
[Reset] Resetting ROBOT joints for 3 envs
Update Bob: Iter 6

============================================================
BOB UPDATE 6
============================================================
  Success Rate: 0.0417 (48 eps)
  Rewards:      mean=0.0003
  Losses:       value=0.0116 | surrogate=2.0736 | ABC=6.5657
  Errors:       pos=0.1011 | rot=0.0055
============================================================

[Phase] Env 0: Alice Failed | Moved: 0.027m < 0.01m threshold
[Reset] Env 0: Alice phase @ step 250/250 | Goals: 0/5 | Reason: Invalid Goal
[Reset] Env 4: Alice phase @ step 250/250 | Goals: 0/5 | Reason: Invalid Goal
[Reset] Env 8: Alice phase @ step 250/250 | Goals: 0/5 | Reason: Invalid Goal
[Reset] Env 9: Alice phase @ step 250/250 | Goals: 0/5 | Reason: Invalid Goal
[Reset] Env 12: Alice phase @ step 250/250 | Goals: 0/5 | Reason: Invalid Goal
[Reset] Resetting objects to SAFE pose for 5 envs
[Reset] Resetting ROBOT joints for 5 envs
[Phase] Env 20: Bob FAILURE | Steps: 600/600
[Reset] Env 20: Bob phase @ step 600/600 | Goals: 1/5 | Reason: Bob Failed (or Max Goals)
[Reset] Resetting objects to SAFE pose for 1 envs
[Reset] Resetting ROBOT joints for 1 envs
Update Alice: Iter 198

============================================================
ALICE UPDATE 198
============================================================
  Rewards:     mean=-0.2222 | min=0.0000 | max=0.0000
  Losses:      value=0.1820 | surrogate=0.0939
  Outcomes:    9 episodes buffered
============================================================

[Phase] Env 1: Alice Failed | Moved: 0.027m < 0.01m threshold
[Reset] Env 1: Alice phase @ step 250/250 | Goals: 0/5 | Reason: Invalid Goal
[Reset] Env 5: Alice phase @ step 250/250 | Goals: 0/5 | Reason: Invalid Goal
[Reset] Env 24: Alice phase @ step 250/250 | Goals: 0/5 | Reason: Invalid Goal
[Reset] Resetting objects to SAFE pose for 3 envs
[Reset] Resetting ROBOT joints for 3 envs
[Phase] Env 2: Alice Failed | Moved: 0.027m < 0.01m threshold
[Reset] Env 2: Alice phase @ step 250/250 | Goals: 0/5 | Reason: Invalid Goal
[Reset] Env 7: Alice phase @ step 250/250 | Goals: 0/5 | Reason: Invalid Goal
[Reset] Env 10: Alice phase @ step 250/250 | Goals: 0/5 | Reason: Invalid Goal
[Reset] Env 14: Alice phase @ step 250/250 | Goals: 0/5 | Reason: Invalid Goal
[Reset] Env 15: Alice phase @ step 250/250 | Goals: 0/5 | Reason: Invalid Goal
[Reset] Env 19: Alice phase @ step 250/250 | Goals: 0/5 | Reason: Invalid Goal
[Reset] Resetting objects to SAFE pose for 6 envs
[Reset] Resetting ROBOT joints for 6 envs
Update Alice: Iter 199

============================================================
ALICE UPDATE 199
============================================================
  Rewards:     mean=-1.0000 | min=0.0000 | max=0.0000
  Losses:      value=0.0019 | surrogate=1.1664
  Outcomes:    9 episodes buffered
============================================================

[Phase] Env 3: Alice Failed | Moved: 0.027m < 0.01m threshold
[Reset] Env 3: Alice phase @ step 250/250 | Goals: 0/5 | Reason: Invalid Goal
[Reset] Env 6: Alice phase @ step 250/250 | Goals: 0/5 | Reason: Invalid Goal
[Reset] Env 11: Alice phase @ step 250/250 | Goals: 0/5 | Reason: Invalid Goal
[Reset] Env 13: Alice phase @ step 250/250 | Goals: 0/5 | Reason: Invalid Goal
[Reset] Env 16: Alice phase @ step 250/250 | Goals: 0/5 | Reason: Invalid Goal
[Reset] Env 17: Alice phase @ step 250/250 | Goals: 0/5 | Reason: Invalid Goal
[Reset] Env 21: Alice phase @ step 250/250 | Goals: 0/5 | Reason: Invalid Goal
[Reset] Resetting objects to SAFE pose for 7 envs
[Reset] Resetting ROBOT joints for 7 envs
Update Alice: Iter 200

============================================================
ALICE UPDATE 200
============================================================
  Rewards:     mean=-1.0000 | min=0.0000 | max=0.0000
  Losses:      value=0.0012 | surrogate=1.1758
  Outcomes:    9 episodes buffered
============================================================

[Phase] Env 18: Alice Failed | Moved: 0.027m < 0.01m threshold
[Reset] Env 18: Alice phase @ step 250/250 | Goals: 0/5 | Reason: Invalid Goal
[Reset] Env 22: Alice phase @ step 250/250 | Goals: 0/5 | Reason: Invalid Goal
[Reset] Env 23: Alice phase @ step 250/250 | Goals: 0/5 | Reason: Invalid Goal
[Reset] Resetting objects to SAFE pose for 3 envs
[Reset] Resetting ROBOT joints for 3 envs
[Phase] Env 0: Alice Failed | Moved: 0.027m < 0.01m threshold
[Reset] Env 0: Alice phase @ step 250/250 | Goals: 0/5 | Reason: Invalid Goal
[Reset] Env 4: Alice phase @ step 250/250 | Goals: 0/5 | Reason: Invalid Goal
[Reset] Env 8: Alice phase @ step 250/250 | Goals: 0/5 | Reason: Invalid Goal
[Reset] Env 9: Alice phase @ step 250/250 | Goals: 0/5 | Reason: Invalid Goal
[Reset] Env 12: Alice phase @ step 250/250 | Goals: 0/5 | Reason: Invalid Goal
[Reset] Env 20: Alice phase @ step 250/250 | Goals: 0/5 | Reason: Invalid Goal
[Reset] Resetting objects to SAFE pose for 6 envs
[Reset] Resetting ROBOT joints for 6 envs
Update Alice: Iter 201

============================================================
ALICE UPDATE 201
============================================================
  Rewards:     mean=-1.0000 | min=0.0000 | max=0.0000
  Losses:      value=0.0014 | surrogate=1.3968
  Outcomes:    9 episodes buffered
============================================================

[Phase] Env 1: Alice Failed | Moved: 0.027m < 0.01m threshold
[Reset] Env 1: Alice phase @ step 250/250 | Goals: 0/5 | Reason: Invalid Goal
[Reset] Env 5: Alice phase @ step 250/250 | Goals: 0/5 | Reason: Invalid Goal
[Reset] Env 24: Alice phase @ step 250/250 | Goals: 0/5 | Reason: Invalid Goal
[Reset] Resetting objects to SAFE pose for 3 envs
[Reset] Resetting ROBOT joints for 3 envs
[Phase] Env 2: Alice Failed | Moved: 0.027m < 0.01m threshold
[Reset] Env 2: Alice phase @ step 250/250 | Goals: 0/5 | Reason: Invalid Goal
[Reset] Env 7: Alice phase @ step 250/250 | Goals: 0/5 | Reason: Invalid Goal
[Reset] Env 10: Alice phase @ step 250/250 | Goals: 0/5 | Reason: Invalid Goal
[Reset] Env 14: Alice phase @ step 250/250 | Goals: 0/5 | Reason: Invalid Goal
[Reset] Env 15: Alice phase @ step 250/250 | Goals: 0/5 | Reason: Invalid Goal
[Reset] Env 19: Alice phase @ step 250/250 | Goals: 0/5 | Reason: Invalid Goal
[Reset] Resetting objects to SAFE pose for 6 envs
[Reset] Resetting ROBOT joints for 6 envs
Update Alice: Iter 202

============================================================
ALICE UPDATE 202
============================================================
  Rewards:     mean=-1.0000 | min=0.0000 | max=0.0000
  Losses:      value=0.0016 | surrogate=1.4945
  Outcomes:    9 episodes buffered
============================================================

[Phase] Env 3: Alice Failed | Moved: 0.027m < 0.01m threshold
[Reset] Env 3: Alice phase @ step 250/250 | Goals: 0/5 | Reason: Invalid Goal
[Reset] Env 6: Alice phase @ step 250/250 | Goals: 0/5 | Reason: Invalid Goal
[Reset] Env 11: Alice phase @ step 250/250 | Goals: 0/5 | Reason: Invalid Goal
[Reset] Env 13: Alice phase @ step 250/250 | Goals: 0/5 | Reason: Invalid Goal
[Reset] Env 16: Alice phase @ step 250/250 | Goals: 0/5 | Reason: Invalid Goal
[Reset] Env 17: Alice phase @ step 250/250 | Goals: 0/5 | Reason: Invalid Goal
[Reset] Env 21: Alice phase @ step 250/250 | Goals: 0/5 | Reason: Invalid Goal
[Reset] Resetting objects to SAFE pose for 7 envs
[Reset] Resetting ROBOT joints for 7 envs
[Phase] Env 18: Alice Failed | Moved: 0.027m < 0.01m threshold
[Reset] Env 18: Alice phase @ step 250/250 | Goals: 0/5 | Reason: Invalid Goal
[Reset] Env 22: Alice phase @ step 250/250 | Goals: 0/5 | Reason: Invalid Goal
[Reset] Env 23: Alice phase @ step 250/250 | Goals: 0/5 | Reason: Invalid Goal
[Reset] Resetting objects to SAFE pose for 3 envs
[Reset] Resetting ROBOT joints for 3 envs
Update Alice: Iter 203

============================================================
ALICE UPDATE 203
============================================================
  Rewards:     mean=-1.0000 | min=0.0000 | max=0.0000
  Losses:      value=0.0008 | surrogate=1.3976
  Outcomes:    9 episodes buffered
============================================================

[Phase] Env 0: Alice Failed | Moved: 0.027m < 0.01m threshold
[Reset] Env 0: Alice phase @ step 250/250 | Goals: 0/5 | Reason: Invalid Goal
[Reset] Env 4: Alice phase @ step 250/250 | Goals: 0/5 | Reason: Invalid Goal
[Reset] Env 8: Alice phase @ step 250/250 | Goals: 0/5 | Reason: Invalid Goal
[Reset] Env 9: Alice phase @ step 250/250 | Goals: 0/5 | Reason: Invalid Goal
[Reset] Env 12: Alice phase @ step 250/250 | Goals: 0/5 | Reason: Invalid Goal
[Reset] Env 20: Alice phase @ step 250/250 | Goals: 0/5 | Reason: Invalid Goal
[Reset] Resetting objects to SAFE pose for 6 envs
[Reset] Resetting ROBOT joints for 6 envs
[Phase] Env 1: Alice Failed | Moved: 0.027m < 0.01m threshold
[Reset] Env 1: Alice phase @ step 250/250 | Goals: 0/5 | Reason: Invalid Goal
[Reset] Env 5: Alice phase @ step 250/250 | Goals: 0/5 | Reason: Invalid Goal
[Reset] Env 24: Alice phase @ step 250/250 | Goals: 0/5 | Reason: Invalid Goal
[Reset] Resetting objects to SAFE pose for 3 envs
[Reset] Resetting ROBOT joints for 3 envs
Update Alice: Iter 204

============================================================
ALICE UPDATE 204
============================================================
  Rewards:     mean=-1.0000 | min=0.0000 | max=0.0000
  Losses:      value=0.0005 | surrogate=1.8509
  Outcomes:    9 episodes buffered
============================================================

[Phase] Env 2: Alice Failed | Moved: 0.027m < 0.01m threshold
[Reset] Env 2: Alice phase @ step 250/250 | Goals: 0/5 | Reason: Invalid Goal
[Reset] Env 7: Alice phase @ step 250/250 | Goals: 0/5 | Reason: Invalid Goal
[Reset] Env 10: Alice phase @ step 250/250 | Goals: 0/5 | Reason: Invalid Goal
[Reset] Env 14: Alice phase @ step 250/250 | Goals: 0/5 | Reason: Invalid Goal
[Reset] Env 15: Alice phase @ step 250/250 | Goals: 0/5 | Reason: Invalid Goal
[Reset] Env 19: Alice phase @ step 250/250 | Goals: 0/5 | Reason: Invalid Goal
[Reset] Resetting objects to SAFE pose for 6 envs
[Reset] Resetting ROBOT joints for 6 envs
[Phase] Env 3: Alice Failed | Moved: 0.027m < 0.01m threshold
[Reset] Env 3: Alice phase @ step 250/250 | Goals: 0/5 | Reason: Invalid Goal
[Reset] Env 6: Alice phase @ step 250/250 | Goals: 0/5 | Reason: Invalid Goal
[Reset] Env 11: Alice phase @ step 250/250 | Goals: 0/5 | Reason: Invalid Goal
[Reset] Env 13: Alice phase @ step 250/250 | Goals: 0/5 | Reason: Invalid Goal
[Reset] Env 16: Alice phase @ step 250/250 | Goals: 0/5 | Reason: Invalid Goal
[Reset] Env 17: Alice phase @ step 250/250 | Goals: 0/5 | Reason: Invalid Goal
[Reset] Env 21: Alice phase @ step 250/250 | Goals: 0/5 | Reason: Invalid Goal
[Reset] Resetting objects to SAFE pose for 7 envs
[Reset] Resetting ROBOT joints for 7 envs
Update Alice: Iter 205

============================================================
ALICE UPDATE 205
============================================================
  Rewards:     mean=-1.0000 | min=0.0000 | max=0.0000
  Losses:      value=0.0004 | surrogate=2.1072
  Outcomes:    9 episodes buffered
============================================================

[Phase] Env 22: Alice→Bob | Valid Goal | Moved: 0.035m
[Phase] Env 18: Alice Failed | Moved: 0.027m < 0.01m threshold
[Phase] Env 22: Alice→Bob | Goal 1/5 | Alice completed 250/250 steps
[Reset] Alice->Bob Transition: Resetting Objects (Initial) & Robot (Default) for 1 envs
[Reset] Resetting ROBOT joints for 1 envs
[Reset] Env 18: Alice phase @ step 250/250 | Goals: 0/5 | Reason: Invalid Goal
[Reset] Env 23: Alice phase @ step 250/250 | Goals: 0/5 | Reason: Invalid Goal
[Reset] Resetting objects to SAFE pose for 2 envs
[Reset] Resetting ROBOT joints for 2 envs
[Phase] Env 0: Alice Failed | Moved: 0.027m < 0.01m threshold
[Reset] Env 0: Alice phase @ step 250/250 | Goals: 0/5 | Reason: Invalid Goal
[Reset] Env 4: Alice phase @ step 250/250 | Goals: 0/5 | Reason: Invalid Goal
[Reset] Env 8: Alice phase @ step 250/250 | Goals: 0/5 | Reason: Invalid Goal
[Reset] Env 9: Alice phase @ step 250/250 | Goals: 0/5 | Reason: Invalid Goal
[Reset] Env 12: Alice phase @ step 250/250 | Goals: 0/5 | Reason: Invalid Goal
[Reset] Env 20: Alice phase @ step 250/250 | Goals: 0/5 | Reason: Invalid Goal
[Reset] Resetting objects to SAFE pose for 6 envs
[Reset] Resetting ROBOT joints for 6 envs
Update Alice: Iter 206

============================================================
ALICE UPDATE 206
============================================================
  Rewards:     mean=-1.0000 | min=0.0000 | max=0.0000
  Losses:      value=0.0003 | surrogate=1.9471
  Outcomes:    9 episodes buffered
============================================================

[Phase] Env 1: Alice Failed | Moved: 0.027m < 0.01m threshold
[Reset] Env 1: Alice phase @ step 250/250 | Goals: 0/5 | Reason: Invalid Goal
[Reset] Env 5: Alice phase @ step 250/250 | Goals: 0/5 | Reason: Invalid Goal
[Reset] Env 24: Alice phase @ step 250/250 | Goals: 0/5 | Reason: Invalid Goal
[Reset] Resetting objects to SAFE pose for 3 envs
[Reset] Resetting ROBOT joints for 3 envs
[Phase] Env 2: Alice Failed | Moved: 0.027m < 0.01m threshold
[Reset] Env 2: Alice phase @ step 250/250 | Goals: 0/5 | Reason: Invalid Goal
[Reset] Env 7: Alice phase @ step 250/250 | Goals: 0/5 | Reason: Invalid Goal
[Reset] Env 10: Alice phase @ step 250/250 | Goals: 0/5 | Reason: Invalid Goal
[Reset] Env 14: Alice phase @ step 250/250 | Goals: 0/5 | Reason: Invalid Goal
[Reset] Env 15: Alice phase @ step 250/250 | Goals: 0/5 | Reason: Invalid Goal
[Reset] Env 19: Alice phase @ step 250/250 | Goals: 0/5 | Reason: Invalid Goal
[Reset] Resetting objects to SAFE pose for 6 envs
[Reset] Resetting ROBOT joints for 6 envs
Update Alice: Iter 207

============================================================
ALICE UPDATE 207
============================================================
  Rewards:     mean=-1.0000 | min=0.0000 | max=0.0000
  Losses:      value=0.0004 | surrogate=1.7383
  Outcomes:    9 episodes buffered
============================================================

[Phase] Env 3: Alice Failed | Moved: 0.027m < 0.01m threshold
[Reset] Env 3: Alice phase @ step 250/250 | Goals: 0/5 | Reason: Invalid Goal
[Reset] Env 6: Alice phase @ step 250/250 | Goals: 0/5 | Reason: Invalid Goal
[Reset] Env 11: Alice phase @ step 250/250 | Goals: 0/5 | Reason: Invalid Goal
[Reset] Env 13: Alice phase @ step 250/250 | Goals: 0/5 | Reason: Invalid Goal
[Reset] Env 16: Alice phase @ step 250/250 | Goals: 0/5 | Reason: Invalid Goal
[Reset] Env 17: Alice phase @ step 250/250 | Goals: 0/5 | Reason: Invalid Goal
[Reset] Env 21: Alice phase @ step 250/250 | Goals: 0/5 | Reason: Invalid Goal
[Reset] Resetting objects to SAFE pose for 7 envs
[Reset] Resetting ROBOT joints for 7 envs
Update Alice: Iter 208

============================================================
ALICE UPDATE 208
============================================================
  Rewards:     mean=-1.0000 | min=0.0000 | max=0.0000
  Losses:      value=0.0002 | surrogate=1.9875
  Outcomes:    9 episodes buffered
============================================================

[Phase] Env 18: Alice Failed | Moved: 0.027m < 0.01m threshold
[Reset] Env 18: Alice phase @ step 250/250 | Goals: 0/5 | Reason: Invalid Goal
[Reset] Env 23: Alice phase @ step 250/250 | Goals: 0/5 | Reason: Invalid Goal
[Reset] Resetting objects to SAFE pose for 2 envs
[Reset] Resetting ROBOT joints for 2 envs
[Phase] Env 0: Alice Failed | Moved: 0.027m < 0.01m threshold
[Reset] Env 0: Alice phase @ step 250/250 | Goals: 0/5 | Reason: Invalid Goal
[Reset] Env 4: Alice phase @ step 250/250 | Goals: 0/5 | Reason: Invalid Goal
[Reset] Env 8: Alice phase @ step 250/250 | Goals: 0/5 | Reason: Invalid Goal
[Reset] Env 9: Alice phase @ step 250/250 | Goals: 0/5 | Reason: Invalid Goal
[Reset] Env 12: Alice phase @ step 250/250 | Goals: 0/5 | Reason: Invalid Goal
[Reset] Env 20: Alice phase @ step 250/250 | Goals: 0/5 | Reason: Invalid Goal
[Reset] Resetting objects to SAFE pose for 6 envs
[Reset] Resetting ROBOT joints for 6 envs
Update Alice: Iter 209

============================================================
ALICE UPDATE 209
============================================================
  Rewards:     mean=-1.0000 | min=0.0000 | max=0.0000
  Losses:      value=0.0002 | surrogate=2.1966
  Outcomes:    9 episodes buffered
============================================================

[Phase] Env 1: Alice Failed | Moved: 0.027m < 0.01m threshold
[Reset] Env 1: Alice phase @ step 250/250 | Goals: 0/5 | Reason: Invalid Goal
[Reset] Env 5: Alice phase @ step 250/250 | Goals: 0/5 | Reason: Invalid Goal
[Reset] Env 24: Alice phase @ step 250/250 | Goals: 0/5 | Reason: Invalid Goal
[Reset] Resetting objects to SAFE pose for 3 envs
[Reset] Resetting ROBOT joints for 3 envs
[Phase] Env 2: Alice Failed | Moved: 0.027m < 0.01m threshold
[Reset] Env 2: Alice phase @ step 250/250 | Goals: 0/5 | Reason: Invalid Goal
[Reset] Env 7: Alice phase @ step 250/250 | Goals: 0/5 | Reason: Invalid Goal
[Reset] Env 10: Alice phase @ step 250/250 | Goals: 0/5 | Reason: Invalid Goal
[Reset] Env 14: Alice phase @ step 250/250 | Goals: 0/5 | Reason: Invalid Goal
[Reset] Env 15: Alice phase @ step 250/250 | Goals: 0/5 | Reason: Invalid Goal
[Reset] Env 19: Alice phase @ step 250/250 | Goals: 0/5 | Reason: Invalid Goal
[Reset] Resetting objects to SAFE pose for 6 envs
[Reset] Resetting ROBOT joints for 6 envs
Update Alice: Iter 210

============================================================
ALICE UPDATE 210
============================================================
  Rewards:     mean=-1.0000 | min=0.0000 | max=0.0000
  Losses:      value=0.0003 | surrogate=1.8927
  Outcomes:    9 episodes buffered
============================================================

[Phase] Env 3: Alice Failed | Moved: 0.027m < 0.01m threshold
[Reset] Env 3: Alice phase @ step 250/250 | Goals: 0/5 | Reason: Invalid Goal
[Reset] Env 6: Alice phase @ step 250/250 | Goals: 0/5 | Reason: Invalid Goal
[Reset] Env 11: Alice phase @ step 250/250 | Goals: 0/5 | Reason: Invalid Goal
[Reset] Env 13: Alice phase @ step 250/250 | Goals: 0/5 | Reason: Invalid Goal
[Reset] Env 16: Alice phase @ step 250/250 | Goals: 0/5 | Reason: Invalid Goal
[Reset] Env 17: Alice phase @ step 250/250 | Goals: 0/5 | Reason: Invalid Goal
[Reset] Env 21: Alice phase @ step 250/250 | Goals: 0/5 | Reason: Invalid Goal
[Reset] Resetting objects to SAFE pose for 7 envs
[Reset] Resetting ROBOT joints for 7 envs
[Phase] Env 18: Alice Failed | Moved: 0.027m < 0.01m threshold
[Reset] Env 18: Alice phase @ step 250/250 | Goals: 0/5 | Reason: Invalid Goal
[Reset] Env 23: Alice phase @ step 250/250 | Goals: 0/5 | Reason: Invalid Goal
[Reset] Resetting objects to SAFE pose for 2 envs
[Reset] Resetting ROBOT joints for 2 envs
Update Alice: Iter 211

============================================================
ALICE UPDATE 211
============================================================
  Rewards:     mean=-1.0000 | min=0.0000 | max=0.0000
  Losses:      value=0.0002 | surrogate=2.2018
  Outcomes:    9 episodes buffered
============================================================

[Phase] Env 0: Alice Failed | Moved: 0.027m < 0.01m threshold
[Reset] Env 0: Alice phase @ step 250/250 | Goals: 0/5 | Reason: Invalid Goal
[Reset] Env 4: Alice phase @ step 250/250 | Goals: 0/5 | Reason: Invalid Goal
[Reset] Env 8: Alice phase @ step 250/250 | Goals: 0/5 | Reason: Invalid Goal
[Reset] Env 9: Alice phase @ step 250/250 | Goals: 0/5 | Reason: Invalid Goal
[Reset] Env 12: Alice phase @ step 250/250 | Goals: 0/5 | Reason: Invalid Goal
[Reset] Env 20: Alice phase @ step 250/250 | Goals: 0/5 | Reason: Invalid Goal
[Reset] Resetting objects to SAFE pose for 6 envs
[Reset] Resetting ROBOT joints for 6 envs
[Phase] Env 1: Alice Failed | Moved: 0.027m < 0.01m threshold
[Reset] Env 1: Alice phase @ step 250/250 | Goals: 0/5 | Reason: Invalid Goal
[Reset] Env 5: Alice phase @ step 250/250 | Goals: 0/5 | Reason: Invalid Goal
[Reset] Env 24: Alice phase @ step 250/250 | Goals: 0/5 | Reason: Invalid Goal
[Reset] Resetting objects to SAFE pose for 3 envs
[Reset] Resetting ROBOT joints for 3 envs
[Phase] Env 22: Bob FAILURE | Steps: 600/600
[Reset] Env 22: Bob phase @ step 600/600 | Goals: 1/5 | Reason: Bob Failed (or Max Goals)
[Reset] Resetting objects to SAFE pose for 1 envs
[Reset] Resetting ROBOT joints for 1 envs
Update Alice: Iter 212

============================================================
ALICE UPDATE 212
============================================================
  Rewards:     mean=-0.2222 | min=0.0000 | max=0.0000
  Losses:      value=0.0570 | surrogate=0.0799
  Outcomes:    9 episodes buffered
============================================================

[Phase] Env 2: Alice Failed | Moved: 0.027m < 0.01m threshold
[Reset] Env 2: Alice phase @ step 250/250 | Goals: 0/5 | Reason: Invalid Goal
[Reset] Env 7: Alice phase @ step 250/250 | Goals: 0/5 | Reason: Invalid Goal
[Reset] Env 10: Alice phase @ step 250/250 | Goals: 0/5 | Reason: Invalid Goal
[Reset] Env 14: Alice phase @ step 250/250 | Goals: 0/5 | Reason: Invalid Goal
[Reset] Env 15: Alice phase @ step 250/250 | Goals: 0/5 | Reason: Invalid Goal
[Reset] Env 19: Alice phase @ step 250/250 | Goals: 0/5 | Reason: Invalid Goal
[Reset] Resetting objects to SAFE pose for 6 envs
[Reset] Resetting ROBOT joints for 6 envs
[Phase] Env 3: Alice Failed | Moved: 0.027m < 0.01m threshold
[Reset] Env 3: Alice phase @ step 250/250 | Goals: 0/5 | Reason: Invalid Goal
[Reset] Env 6: Alice phase @ step 250/250 | Goals: 0/5 | Reason: Invalid Goal
[Reset] Env 11: Alice phase @ step 250/250 | Goals: 0/5 | Reason: Invalid Goal
[Reset] Env 13: Alice phase @ step 250/250 | Goals: 0/5 | Reason: Invalid Goal
[Reset] Env 16: Alice phase @ step 250/250 | Goals: 0/5 | Reason: Invalid Goal
[Reset] Env 17: Alice phase @ step 250/250 | Goals: 0/5 | Reason: Invalid Goal
[Reset] Env 21: Alice phase @ step 250/250 | Goals: 0/5 | Reason: Invalid Goal
[Reset] Resetting objects to SAFE pose for 7 envs
[Reset] Resetting ROBOT joints for 7 envs
Update Alice: Iter 213

============================================================
ALICE UPDATE 213
============================================================
  Rewards:     mean=-1.0000 | min=0.0000 | max=0.0000
  Losses:      value=0.0019 | surrogate=1.5922
  Outcomes:    9 episodes buffered
============================================================

[Phase] Env 18: Alice Failed | Moved: 0.027m < 0.01m threshold
[Reset] Env 18: Alice phase @ step 250/250 | Goals: 0/5 | Reason: Invalid Goal
[Reset] Env 23: Alice phase @ step 250/250 | Goals: 0/5 | Reason: Invalid Goal
[Reset] Resetting objects to SAFE pose for 2 envs
[Reset] Resetting ROBOT joints for 2 envs
[Phase] Env 0: Alice Failed | Moved: 0.027m < 0.01m threshold
[Reset] Env 0: Alice phase @ step 250/250 | Goals: 0/5 | Reason: Invalid Goal
[Reset] Env 4: Alice phase @ step 250/250 | Goals: 0/5 | Reason: Invalid Goal
[Reset] Env 8: Alice phase @ step 250/250 | Goals: 0/5 | Reason: Invalid Goal
[Reset] Env 9: Alice phase @ step 250/250 | Goals: 0/5 | Reason: Invalid Goal
[Reset] Env 12: Alice phase @ step 250/250 | Goals: 0/5 | Reason: Invalid Goal
[Reset] Env 20: Alice phase @ step 250/250 | Goals: 0/5 | Reason: Invalid Goal
[Reset] Resetting objects to SAFE pose for 6 envs
[Reset] Resetting ROBOT joints for 6 envs
Update Alice: Iter 214

============================================================
ALICE UPDATE 214
============================================================
  Rewards:     mean=-1.0000 | min=0.0000 | max=0.0000
  Losses:      value=0.0009 | surrogate=1.6892
  Outcomes:    9 episodes buffered
============================================================

[Phase] Env 1: Alice Failed | Moved: 0.027m < 0.01m threshold
[Reset] Env 1: Alice phase @ step 250/250 | Goals: 0/5 | Reason: Invalid Goal
[Reset] Env 5: Alice phase @ step 250/250 | Goals: 0/5 | Reason: Invalid Goal
[Reset] Env 22: Alice phase @ step 250/250 | Goals: 0/5 | Reason: Invalid Goal
[Reset] Env 24: Alice phase @ step 250/250 | Goals: 0/5 | Reason: Invalid Goal
[Reset] Resetting objects to SAFE pose for 4 envs
[Reset] Resetting ROBOT joints for 4 envs
Update Alice: Iter 215

============================================================
ALICE UPDATE 215
============================================================
  Rewards:     mean=-1.0000 | min=0.0000 | max=0.0000
  Losses:      value=0.0015 | surrogate=1.4379
  Outcomes:    9 episodes buffered
============================================================

[Phase] Env 2: Alice Failed | Moved: 0.027m < 0.01m threshold
[Reset] Env 2: Alice phase @ step 250/250 | Goals: 0/5 | Reason: Invalid Goal
[Reset] Env 7: Alice phase @ step 250/250 | Goals: 0/5 | Reason: Invalid Goal
[Reset] Env 10: Alice phase @ step 250/250 | Goals: 0/5 | Reason: Invalid Goal
[Reset] Env 14: Alice phase @ step 250/250 | Goals: 0/5 | Reason: Invalid Goal
[Reset] Env 15: Alice phase @ step 250/250 | Goals: 0/5 | Reason: Invalid Goal
[Reset] Env 19: Alice phase @ step 250/250 | Goals: 0/5 | Reason: Invalid Goal
[Reset] Resetting objects to SAFE pose for 6 envs
[Reset] Resetting ROBOT joints for 6 envs
[Phase] Env 3: Alice Failed | Moved: 0.027m < 0.01m threshold
[Reset] Env 3: Alice phase @ step 250/250 | Goals: 0/5 | Reason: Invalid Goal
[Reset] Env 6: Alice phase @ step 250/250 | Goals: 0/5 | Reason: Invalid Goal
[Reset] Env 11: Alice phase @ step 250/250 | Goals: 0/5 | Reason: Invalid Goal
[Reset] Env 13: Alice phase @ step 250/250 | Goals: 0/5 | Reason: Invalid Goal
[Reset] Env 16: Alice phase @ step 250/250 | Goals: 0/5 | Reason: Invalid Goal
[Reset] Env 17: Alice phase @ step 250/250 | Goals: 0/5 | Reason: Invalid Goal
[Reset] Env 21: Alice phase @ step 250/250 | Goals: 0/5 | Reason: Invalid Goal
[Reset] Resetting objects to SAFE pose for 7 envs
[Reset] Resetting ROBOT joints for 7 envs
Update Alice: Iter 216

============================================================
ALICE UPDATE 216
============================================================
  Rewards:     mean=-1.0000 | min=0.0000 | max=0.0000
  Losses:      value=0.0011 | surrogate=1.5067
  Outcomes:    9 episodes buffered
============================================================

[Phase] Env 18: Alice Failed | Moved: 0.027m < 0.01m threshold
[Reset] Env 18: Alice phase @ step 250/250 | Goals: 0/5 | Reason: Invalid Goal
[Reset] Env 23: Alice phase @ step 250/250 | Goals: 0/5 | Reason: Invalid Goal
[Reset] Resetting objects to SAFE pose for 2 envs
[Reset] Resetting ROBOT joints for 2 envs
[Phase] Env 0: Alice Failed | Moved: 0.027m < 0.01m threshold
[Reset] Env 0: Alice phase @ step 250/250 | Goals: 0/5 | Reason: Invalid Goal
[Reset] Env 4: Alice phase @ step 250/250 | Goals: 0/5 | Reason: Invalid Goal
[Reset] Env 8: Alice phase @ step 250/250 | Goals: 0/5 | Reason: Invalid Goal
[Reset] Env 9: Alice phase @ step 250/250 | Goals: 0/5 | Reason: Invalid Goal
[Reset] Env 12: Alice phase @ step 250/250 | Goals: 0/5 | Reason: Invalid Goal
[Reset] Env 20: Alice phase @ step 250/250 | Goals: 0/5 | Reason: Invalid Goal
[Reset] Resetting objects to SAFE pose for 6 envs
[Reset] Resetting ROBOT joints for 6 envs
Update Alice: Iter 217

============================================================
ALICE UPDATE 217
============================================================
  Rewards:     mean=-1.0000 | min=0.0000 | max=0.0000
  Losses:      value=0.0006 | surrogate=1.5960
  Outcomes:    9 episodes buffered
============================================================

[Phase] Env 1: Alice Failed | Moved: 0.027m < 0.01m threshold
[Reset] Env 1: Alice phase @ step 250/250 | Goals: 0/5 | Reason: Invalid Goal
[Reset] Env 5: Alice phase @ step 250/250 | Goals: 0/5 | Reason: Invalid Goal
[Reset] Env 22: Alice phase @ step 250/250 | Goals: 0/5 | Reason: Invalid Goal
[Reset] Env 24: Alice phase @ step 250/250 | Goals: 0/5 | Reason: Invalid Goal
[Reset] Resetting objects to SAFE pose for 4 envs
[Reset] Resetting ROBOT joints for 4 envs
[Phase] Env 2: Alice Failed | Moved: 0.027m < 0.01m threshold
[Reset] Env 2: Alice phase @ step 250/250 | Goals: 0/5 | Reason: Invalid Goal
[Reset] Env 7: Alice phase @ step 250/250 | Goals: 0/5 | Reason: Invalid Goal
[Reset] Env 10: Alice phase @ step 250/250 | Goals: 0/5 | Reason: Invalid Goal
[Reset] Env 14: Alice phase @ step 250/250 | Goals: 0/5 | Reason: Invalid Goal
[Reset] Env 15: Alice phase @ step 250/250 | Goals: 0/5 | Reason: Invalid Goal
[Reset] Env 19: Alice phase @ step 250/250 | Goals: 0/5 | Reason: Invalid Goal
[Reset] Resetting objects to SAFE pose for 6 envs
[Reset] Resetting ROBOT joints for 6 envs
Update Alice: Iter 218

============================================================
ALICE UPDATE 218
============================================================
  Rewards:     mean=-1.0000 | min=0.0000 | max=0.0000
  Losses:      value=0.0008 | surrogate=1.2345
  Outcomes:    9 episodes buffered
============================================================

[Phase] Env 3: Alice Failed | Moved: 0.027m < 0.01m threshold
[Reset] Env 3: Alice phase @ step 250/250 | Goals: 0/5 | Reason: Invalid Goal
[Reset] Env 6: Alice phase @ step 250/250 | Goals: 0/5 | Reason: Invalid Goal
[Reset] Env 11: Alice phase @ step 250/250 | Goals: 0/5 | Reason: Invalid Goal
[Reset] Env 13: Alice phase @ step 250/250 | Goals: 0/5 | Reason: Invalid Goal
[Reset] Env 16: Alice phase @ step 250/250 | Goals: 0/5 | Reason: Invalid Goal
[Reset] Env 17: Alice phase @ step 250/250 | Goals: 0/5 | Reason: Invalid Goal
[Reset] Env 21: Alice phase @ step 250/250 | Goals: 0/5 | Reason: Invalid Goal
[Reset] Resetting objects to SAFE pose for 7 envs
[Reset] Resetting ROBOT joints for 7 envs
Update Alice: Iter 219

============================================================
ALICE UPDATE 219
============================================================
  Rewards:     mean=-1.0000 | min=0.0000 | max=0.0000
  Losses:      value=0.0003 | surrogate=1.9480
  Outcomes:    9 episodes buffered
============================================================

[Phase] Env 18: Alice Failed | Moved: 0.027m < 0.01m threshold
[Reset] Env 18: Alice phase @ step 250/250 | Goals: 0/5 | Reason: Invalid Goal
[Reset] Env 23: Alice phase @ step 250/250 | Goals: 0/5 | Reason: Invalid Goal
[Reset] Resetting objects to SAFE pose for 2 envs
[Reset] Resetting ROBOT joints for 2 envs
[Phase] Env 20: Alice→Bob | Valid Goal | Moved: 0.051m
[Phase] Env 0: Alice Failed | Moved: 0.027m < 0.01m threshold
[Phase] Env 20: Alice→Bob | Goal 1/5 | Alice completed 250/250 steps
[Reset] Alice->Bob Transition: Resetting Objects (Initial) & Robot (Default) for 1 envs
[Reset] Resetting ROBOT joints for 1 envs
[Reset] Env 0: Alice phase @ step 250/250 | Goals: 0/5 | Reason: Invalid Goal
[Reset] Env 4: Alice phase @ step 250/250 | Goals: 0/5 | Reason: Invalid Goal
[Reset] Env 8: Alice phase @ step 250/250 | Goals: 0/5 | Reason: Invalid Goal
[Reset] Env 9: Alice phase @ step 250/250 | Goals: 0/5 | Reason: Invalid Goal
[Reset] Env 12: Alice phase @ step 250/250 | Goals: 0/5 | Reason: Invalid Goal
[Reset] Resetting objects to SAFE pose for 5 envs
[Reset] Resetting ROBOT joints for 5 envs
Update Alice: Iter 220

============================================================
ALICE UPDATE 220
============================================================
  Rewards:     mean=-1.0000 | min=0.0000 | max=0.0000
  Losses:      value=0.0004 | surrogate=1.4256
  Outcomes:    9 episodes buffered
============================================================

[Phase] Env 1: Alice Failed | Moved: 0.027m < 0.01m threshold
[Reset] Env 1: Alice phase @ step 250/250 | Goals: 0/5 | Reason: Invalid Goal
[Reset] Env 5: Alice phase @ step 250/250 | Goals: 0/5 | Reason: Invalid Goal
[Reset] Env 22: Alice phase @ step 250/250 | Goals: 0/5 | Reason: Invalid Goal
[Reset] Env 24: Alice phase @ step 250/250 | Goals: 0/5 | Reason: Invalid Goal
[Reset] Resetting objects to SAFE pose for 4 envs
[Reset] Resetting ROBOT joints for 4 envs
[Phase] Env 2: Alice Failed | Moved: 0.027m < 0.01m threshold
[Reset] Env 2: Alice phase @ step 250/250 | Goals: 0/5 | Reason: Invalid Goal
[Reset] Env 7: Alice phase @ step 250/250 | Goals: 0/5 | Reason: Invalid Goal
[Reset] Env 10: Alice phase @ step 250/250 | Goals: 0/5 | Reason: Invalid Goal
[Reset] Env 14: Alice phase @ step 250/250 | Goals: 0/5 | Reason: Invalid Goal
[Reset] Env 15: Alice phase @ step 250/250 | Goals: 0/5 | Reason: Invalid Goal
[Reset] Env 19: Alice phase @ step 250/250 | Goals: 0/5 | Reason: Invalid Goal
[Reset] Resetting objects to SAFE pose for 6 envs
[Reset] Resetting ROBOT joints for 6 envs
Update Alice: Iter 221

============================================================
ALICE UPDATE 221
============================================================
  Rewards:     mean=-1.0000 | min=0.0000 | max=0.0000
  Losses:      value=0.0002 | surrogate=1.8314
  Outcomes:    9 episodes buffered
============================================================

[Phase] Env 3: Alice Failed | Moved: 0.027m < 0.01m threshold
[Reset] Env 3: Alice phase @ step 250/250 | Goals: 0/5 | Reason: Invalid Goal
[Reset] Env 6: Alice phase @ step 250/250 | Goals: 0/5 | Reason: Invalid Goal
[Reset] Env 11: Alice phase @ step 250/250 | Goals: 0/5 | Reason: Invalid Goal
[Reset] Env 13: Alice phase @ step 250/250 | Goals: 0/5 | Reason: Invalid Goal
[Reset] Env 16: Alice phase @ step 250/250 | Goals: 0/5 | Reason: Invalid Goal
[Reset] Env 17: Alice phase @ step 250/250 | Goals: 0/5 | Reason: Invalid Goal
[Reset] Env 21: Alice phase @ step 250/250 | Goals: 0/5 | Reason: Invalid Goal
[Reset] Resetting objects to SAFE pose for 7 envs
[Reset] Resetting ROBOT joints for 7 envs
[Phase] Env 18: Alice Failed | Moved: 0.027m < 0.01m threshold
[Reset] Env 18: Alice phase @ step 250/250 | Goals: 0/5 | Reason: Invalid Goal
[Reset] Env 23: Alice phase @ step 250/250 | Goals: 0/5 | Reason: Invalid Goal
[Reset] Resetting objects to SAFE pose for 2 envs
[Reset] Resetting ROBOT joints for 2 envs
Update Alice: Iter 222

============================================================
ALICE UPDATE 222
============================================================
  Rewards:     mean=-1.0000 | min=0.0000 | max=0.0000
  Losses:      value=0.0002 | surrogate=1.7173
  Outcomes:    9 episodes buffered
============================================================

[Phase] Env 0: Alice Failed | Moved: 0.027m < 0.01m threshold
[Reset] Env 0: Alice phase @ step 250/250 | Goals: 0/5 | Reason: Invalid Goal
[Reset] Env 4: Alice phase @ step 250/250 | Goals: 0/5 | Reason: Invalid Goal
[Reset] Env 8: Alice phase @ step 250/250 | Goals: 0/5 | Reason: Invalid Goal
[Reset] Env 9: Alice phase @ step 250/250 | Goals: 0/5 | Reason: Invalid Goal
[Reset] Env 12: Alice phase @ step 250/250 | Goals: 0/5 | Reason: Invalid Goal
[Reset] Resetting objects to SAFE pose for 5 envs
[Reset] Resetting ROBOT joints for 5 envs
[Phase] Env 1: Alice Failed | Moved: 0.027m < 0.01m threshold
[Reset] Env 1: Alice phase @ step 250/250 | Goals: 0/5 | Reason: Invalid Goal
[Reset] Env 5: Alice phase @ step 250/250 | Goals: 0/5 | Reason: Invalid Goal
[Reset] Env 22: Alice phase @ step 250/250 | Goals: 0/5 | Reason: Invalid Goal
[Reset] Env 24: Alice phase @ step 250/250 | Goals: 0/5 | Reason: Invalid Goal
[Reset] Resetting objects to SAFE pose for 4 envs
[Reset] Resetting ROBOT joints for 4 envs
Update Alice: Iter 223

============================================================
ALICE UPDATE 223
============================================================
  Rewards:     mean=-1.0000 | min=0.0000 | max=0.0000
  Losses:      value=0.0002 | surrogate=1.6281
  Outcomes:    9 episodes buffered
============================================================

[Phase] Env 2: Alice Failed | Moved: 0.027m < 0.01m threshold
[Reset] Env 2: Alice phase @ step 250/250 | Goals: 0/5 | Reason: Invalid Goal
[Reset] Env 7: Alice phase @ step 250/250 | Goals: 0/5 | Reason: Invalid Goal
[Reset] Env 10: Alice phase @ step 250/250 | Goals: 0/5 | Reason: Invalid Goal
[Reset] Env 14: Alice phase @ step 250/250 | Goals: 0/5 | Reason: Invalid Goal
[Reset] Env 15: Alice phase @ step 250/250 | Goals: 0/5 | Reason: Invalid Goal
[Reset] Env 19: Alice phase @ step 250/250 | Goals: 0/5 | Reason: Invalid Goal
[Reset] Resetting objects to SAFE pose for 6 envs
[Reset] Resetting ROBOT joints for 6 envs
[Phase] Env 3: Alice Failed | Moved: 0.027m < 0.01m threshold
[Reset] Env 3: Alice phase @ step 250/250 | Goals: 0/5 | Reason: Invalid Goal
[Reset] Env 6: Alice phase @ step 250/250 | Goals: 0/5 | Reason: Invalid Goal
[Reset] Env 11: Alice phase @ step 250/250 | Goals: 0/5 | Reason: Invalid Goal
[Reset] Env 13: Alice phase @ step 250/250 | Goals: 0/5 | Reason: Invalid Goal
[Reset] Env 16: Alice phase @ step 250/250 | Goals: 0/5 | Reason: Invalid Goal
[Reset] Env 17: Alice phase @ step 250/250 | Goals: 0/5 | Reason: Invalid Goal
[Reset] Env 21: Alice phase @ step 250/250 | Goals: 0/5 | Reason: Invalid Goal
[Reset] Resetting objects to SAFE pose for 7 envs
[Reset] Resetting ROBOT joints for 7 envs
Update Alice: Iter 224

============================================================
ALICE UPDATE 224
============================================================
  Rewards:     mean=-1.0000 | min=0.0000 | max=0.0000
  Losses:      value=0.0002 | surrogate=1.5048
  Outcomes:    9 episodes buffered
============================================================

[Phase] Env 18: Alice Failed | Moved: 0.027m < 0.01m threshold
[Reset] Env 18: Alice phase @ step 250/250 | Goals: 0/5 | Reason: Invalid Goal
[Reset] Env 23: Alice phase @ step 250/250 | Goals: 0/5 | Reason: Invalid Goal
[Reset] Resetting objects to SAFE pose for 2 envs
[Reset] Resetting ROBOT joints for 2 envs
[Phase] Env 0: Alice Failed | Moved: 0.027m < 0.01m threshold
[Reset] Env 0: Alice phase @ step 250/250 | Goals: 0/5 | Reason: Invalid Goal
[Reset] Env 4: Alice phase @ step 250/250 | Goals: 0/5 | Reason: Invalid Goal
[Reset] Env 8: Alice phase @ step 250/250 | Goals: 0/5 | Reason: Invalid Goal
[Reset] Env 9: Alice phase @ step 250/250 | Goals: 0/5 | Reason: Invalid Goal
[Reset] Env 12: Alice phase @ step 250/250 | Goals: 0/5 | Reason: Invalid Goal
[Reset] Resetting objects to SAFE pose for 5 envs
[Reset] Resetting ROBOT joints for 5 envs
Update Alice: Iter 225

============================================================
ALICE UPDATE 225
============================================================
  Rewards:     mean=-1.0000 | min=0.0000 | max=0.0000
  Losses:      value=0.0003 | surrogate=1.6460
  Outcomes:    9 episodes buffered
============================================================

[Phase] Env 1: Alice Failed | Moved: 0.027m < 0.01m threshold
[Reset] Env 1: Alice phase @ step 250/250 | Goals: 0/5 | Reason: Invalid Goal
[Reset] Env 5: Alice phase @ step 250/250 | Goals: 0/5 | Reason: Invalid Goal
[Reset] Env 22: Alice phase @ step 250/250 | Goals: 0/5 | Reason: Invalid Goal
[Reset] Env 24: Alice phase @ step 250/250 | Goals: 0/5 | Reason: Invalid Goal
[Reset] Resetting objects to SAFE pose for 4 envs
[Reset] Resetting ROBOT joints for 4 envs
[Phase] Env 2: Alice Failed | Moved: 0.027m < 0.01m threshold
[Reset] Env 2: Alice phase @ step 250/250 | Goals: 0/5 | Reason: Invalid Goal
[Reset] Env 7: Alice phase @ step 250/250 | Goals: 0/5 | Reason: Invalid Goal
[Reset] Env 10: Alice phase @ step 250/250 | Goals: 0/5 | Reason: Invalid Goal
[Reset] Env 14: Alice phase @ step 250/250 | Goals: 0/5 | Reason: Invalid Goal
[Reset] Env 15: Alice phase @ step 250/250 | Goals: 0/5 | Reason: Invalid Goal
[Reset] Env 19: Alice phase @ step 250/250 | Goals: 0/5 | Reason: Invalid Goal
[Reset] Resetting objects to SAFE pose for 6 envs
[Reset] Resetting ROBOT joints for 6 envs
[Phase] Env 20: Bob FAILURE | Steps: 600/600
[Reset] Env 20: Bob phase @ step 600/600 | Goals: 1/5 | Reason: Bob Failed (or Max Goals)
[Reset] Resetting objects to SAFE pose for 1 envs
[Reset] Resetting ROBOT joints for 1 envs
Update Alice: Iter 226

============================================================
ALICE UPDATE 226
============================================================
  Rewards:     mean=-0.2222 | min=0.0000 | max=0.0000
  Losses:      value=0.0542 | surrogate=0.0669
  Outcomes:    9 episodes buffered
============================================================

[Phase] Env 3: Alice Failed | Moved: 0.027m < 0.01m threshold
[Reset] Env 3: Alice phase @ step 250/250 | Goals: 0/5 | Reason: Invalid Goal
[Reset] Env 6: Alice phase @ step 250/250 | Goals: 0/5 | Reason: Invalid Goal
[Reset] Env 11: Alice phase @ step 250/250 | Goals: 0/5 | Reason: Invalid Goal
[Reset] Env 13: Alice phase @ step 250/250 | Goals: 0/5 | Reason: Invalid Goal
[Reset] Env 16: Alice phase @ step 250/250 | Goals: 0/5 | Reason: Invalid Goal
[Reset] Env 17: Alice phase @ step 250/250 | Goals: 0/5 | Reason: Invalid Goal
[Reset] Env 21: Alice phase @ step 250/250 | Goals: 0/5 | Reason: Invalid Goal
[Reset] Resetting objects to SAFE pose for 7 envs
[Reset] Resetting ROBOT joints for 7 envs
Update Alice: Iter 227

============================================================
ALICE UPDATE 227
============================================================
  Rewards:     mean=-1.0000 | min=0.0000 | max=0.0000
  Losses:      value=0.0011 | surrogate=1.6126
  Outcomes:    9 episodes buffered
============================================================

[Phase] Env 18: Alice Failed | Moved: 0.027m < 0.01m threshold
[Reset] Env 18: Alice phase @ step 250/250 | Goals: 0/5 | Reason: Invalid Goal
[Reset] Env 23: Alice phase @ step 250/250 | Goals: 0/5 | Reason: Invalid Goal
[Reset] Resetting objects to SAFE pose for 2 envs
[Reset] Resetting ROBOT joints for 2 envs
[Phase] Env 0: Alice Failed | Moved: 0.027m < 0.01m threshold
[Reset] Env 0: Alice phase @ step 250/250 | Goals: 0/5 | Reason: Invalid Goal
[Reset] Env 4: Alice phase @ step 250/250 | Goals: 0/5 | Reason: Invalid Goal
[Reset] Env 8: Alice phase @ step 250/250 | Goals: 0/5 | Reason: Invalid Goal
[Reset] Env 9: Alice phase @ step 250/250 | Goals: 0/5 | Reason: Invalid Goal
[Reset] Env 12: Alice phase @ step 250/250 | Goals: 0/5 | Reason: Invalid Goal
[Reset] Resetting objects to SAFE pose for 5 envs
[Reset] Resetting ROBOT joints for 5 envs
Update Alice: Iter 228

============================================================
ALICE UPDATE 228
============================================================
  Rewards:     mean=-1.0000 | min=0.0000 | max=0.0000
  Losses:      value=0.0010 | surrogate=1.2362
  Outcomes:    9 episodes buffered
============================================================

[Phase] Env 1: Alice Failed | Moved: 0.027m < 0.01m threshold
[Reset] Env 1: Alice phase @ step 250/250 | Goals: 0/5 | Reason: Invalid Goal
[Reset] Env 5: Alice phase @ step 250/250 | Goals: 0/5 | Reason: Invalid Goal
[Reset] Env 22: Alice phase @ step 250/250 | Goals: 0/5 | Reason: Invalid Goal
[Reset] Env 24: Alice phase @ step 250/250 | Goals: 0/5 | Reason: Invalid Goal
[Reset] Resetting objects to SAFE pose for 4 envs
[Reset] Resetting ROBOT joints for 4 envs
[Phase] Env 2: Alice Failed | Moved: 0.027m < 0.01m threshold
[Reset] Env 2: Alice phase @ step 250/250 | Goals: 0/5 | Reason: Invalid Goal
[Reset] Env 7: Alice phase @ step 250/250 | Goals: 0/5 | Reason: Invalid Goal
[Reset] Env 10: Alice phase @ step 250/250 | Goals: 0/5 | Reason: Invalid Goal
[Reset] Env 14: Alice phase @ step 250/250 | Goals: 0/5 | Reason: Invalid Goal
[Reset] Env 15: Alice phase @ step 250/250 | Goals: 0/5 | Reason: Invalid Goal
[Reset] Env 19: Alice phase @ step 250/250 | Goals: 0/5 | Reason: Invalid Goal
[Reset] Env 20: Alice phase @ step 250/250 | Goals: 0/5 | Reason: Invalid Goal
[Reset] Resetting objects to SAFE pose for 7 envs
[Reset] Resetting ROBOT joints for 7 envs
Update Alice: Iter 229

============================================================
ALICE UPDATE 229
============================================================
  Rewards:     mean=-1.0000 | min=0.0000 | max=0.0000
  Losses:      value=0.0004 | surrogate=1.2948
  Outcomes:    9 episodes buffered
============================================================

[Phase] Env 3: Alice Failed | Moved: 0.027m < 0.01m threshold
[Reset] Env 3: Alice phase @ step 250/250 | Goals: 0/5 | Reason: Invalid Goal
[Reset] Env 6: Alice phase @ step 250/250 | Goals: 0/5 | Reason: Invalid Goal
[Reset] Env 11: Alice phase @ step 250/250 | Goals: 0/5 | Reason: Invalid Goal
[Reset] Env 13: Alice phase @ step 250/250 | Goals: 0/5 | Reason: Invalid Goal
[Reset] Env 16: Alice phase @ step 250/250 | Goals: 0/5 | Reason: Invalid Goal
[Reset] Env 17: Alice phase @ step 250/250 | Goals: 0/5 | Reason: Invalid Goal
[Reset] Env 21: Alice phase @ step 250/250 | Goals: 0/5 | Reason: Invalid Goal
[Reset] Resetting objects to SAFE pose for 7 envs
[Reset] Resetting ROBOT joints for 7 envs
Update Alice: Iter 230

============================================================
ALICE UPDATE 230
============================================================
  Rewards:     mean=-1.0000 | min=0.0000 | max=0.0000
  Losses:      value=0.0005 | surrogate=1.4023
  Outcomes:    9 episodes buffered
============================================================

[Phase] Env 18: Alice Failed | Moved: 0.027m < 0.01m threshold
[Reset] Env 18: Alice phase @ step 250/250 | Goals: 0/5 | Reason: Invalid Goal
[Reset] Env 23: Alice phase @ step 250/250 | Goals: 0/5 | Reason: Invalid Goal
[Reset] Resetting objects to SAFE pose for 2 envs
[Reset] Resetting ROBOT joints for 2 envs
[Phase] Env 0: Alice Failed | Moved: 0.027m < 0.01m threshold
[Reset] Env 0: Alice phase @ step 250/250 | Goals: 0/5 | Reason: Invalid Goal
[Reset] Env 4: Alice phase @ step 250/250 | Goals: 0/5 | Reason: Invalid Goal
[Reset] Env 8: Alice phase @ step 250/250 | Goals: 0/5 | Reason: Invalid Goal
[Reset] Env 9: Alice phase @ step 250/250 | Goals: 0/5 | Reason: Invalid Goal
[Reset] Env 12: Alice phase @ step 250/250 | Goals: 0/5 | Reason: Invalid Goal
[Reset] Resetting objects to SAFE pose for 5 envs
[Reset] Resetting ROBOT joints for 5 envs
[Phase] Env 1: Alice Failed | Moved: 0.027m < 0.01m threshold
[Reset] Env 1: Alice phase @ step 250/250 | Goals: 0/5 | Reason: Invalid Goal
[Reset] Env 5: Alice phase @ step 250/250 | Goals: 0/5 | Reason: Invalid Goal
[Reset] Env 22: Alice phase @ step 250/250 | Goals: 0/5 | Reason: Invalid Goal
[Reset] Env 24: Alice phase @ step 250/250 | Goals: 0/5 | Reason: Invalid Goal
[Reset] Resetting objects to SAFE pose for 4 envs
[Reset] Resetting ROBOT joints for 4 envs
Update Alice: Iter 231

============================================================
ALICE UPDATE 231
============================================================
  Rewards:     mean=-1.0000 | min=0.0000 | max=0.0000
  Losses:      value=0.0009 | surrogate=1.1291
  Outcomes:    9 episodes buffered
============================================================

[Phase] Env 2: Alice Failed | Moved: 0.027m < 0.01m threshold
[Reset] Env 2: Alice phase @ step 250/250 | Goals: 0/5 | Reason: Invalid Goal
[Reset] Env 7: Alice phase @ step 250/250 | Goals: 0/5 | Reason: Invalid Goal
[Reset] Env 10: Alice phase @ step 250/250 | Goals: 0/5 | Reason: Invalid Goal
[Reset] Env 14: Alice phase @ step 250/250 | Goals: 0/5 | Reason: Invalid Goal
[Reset] Env 15: Alice phase @ step 250/250 | Goals: 0/5 | Reason: Invalid Goal
[Reset] Env 19: Alice phase @ step 250/250 | Goals: 0/5 | Reason: Invalid Goal
[Reset] Env 20: Alice phase @ step 250/250 | Goals: 0/5 | Reason: Invalid Goal
[Reset] Resetting objects to SAFE pose for 7 envs
[Reset] Resetting ROBOT joints for 7 envs
Update Alice: Iter 232

============================================================
ALICE UPDATE 232
============================================================
  Rewards:     mean=-1.0000 | min=0.0000 | max=0.0000
  Losses:      value=0.0004 | surrogate=1.1226
  Outcomes:    9 episodes buffered
============================================================

[Phase] Env 3: Alice Failed | Moved: 0.027m < 0.01m threshold
[Reset] Env 3: Alice phase @ step 250/250 | Goals: 0/5 | Reason: Invalid Goal
[Reset] Env 6: Alice phase @ step 250/250 | Goals: 0/5 | Reason: Invalid Goal
[Reset] Env 11: Alice phase @ step 250/250 | Goals: 0/5 | Reason: Invalid Goal
[Reset] Env 13: Alice phase @ step 250/250 | Goals: 0/5 | Reason: Invalid Goal
[Reset] Env 16: Alice phase @ step 250/250 | Goals: 0/5 | Reason: Invalid Goal
[Reset] Env 17: Alice phase @ step 250/250 | Goals: 0/5 | Reason: Invalid Goal
[Reset] Env 21: Alice phase @ step 250/250 | Goals: 0/5 | Reason: Invalid Goal
[Reset] Resetting objects to SAFE pose for 7 envs
[Reset] Resetting ROBOT joints for 7 envs
[Phase] Env 18: Alice Failed | Moved: 0.027m < 0.01m threshold
[Reset] Env 18: Alice phase @ step 250/250 | Goals: 0/5 | Reason: Invalid Goal
[Reset] Env 23: Alice phase @ step 250/250 | Goals: 0/5 | Reason: Invalid Goal
[Reset] Resetting objects to SAFE pose for 2 envs
[Reset] Resetting ROBOT joints for 2 envs
Update Alice: Iter 233

============================================================
ALICE UPDATE 233
============================================================
  Rewards:     mean=-1.0000 | min=0.0000 | max=0.0000
  Losses:      value=0.0003 | surrogate=1.3859
  Outcomes:    9 episodes buffered
============================================================

[Phase] Env 0: Alice Failed | Moved: 0.027m < 0.01m threshold
[Reset] Env 0: Alice phase @ step 250/250 | Goals: 0/5 | Reason: Invalid Goal
[Reset] Env 4: Alice phase @ step 250/250 | Goals: 0/5 | Reason: Invalid Goal
[Reset] Env 8: Alice phase @ step 250/250 | Goals: 0/5 | Reason: Invalid Goal
[Reset] Env 9: Alice phase @ step 250/250 | Goals: 0/5 | Reason: Invalid Goal
[Reset] Env 12: Alice phase @ step 250/250 | Goals: 0/5 | Reason: Invalid Goal
[Reset] Resetting objects to SAFE pose for 5 envs
[Reset] Resetting ROBOT joints for 5 envs
[Phase] Env 1: Alice Failed | Moved: 0.027m < 0.01m threshold
[Reset] Env 1: Alice phase @ step 250/250 | Goals: 0/5 | Reason: Invalid Goal
[Reset] Env 5: Alice phase @ step 250/250 | Goals: 0/5 | Reason: Invalid Goal
[Reset] Env 22: Alice phase @ step 250/250 | Goals: 0/5 | Reason: Invalid Goal
[Reset] Env 24: Alice phase @ step 250/250 | Goals: 0/5 | Reason: Invalid Goal
[Reset] Resetting objects to SAFE pose for 4 envs
[Reset] Resetting ROBOT joints for 4 envs
Update Alice: Iter 234

============================================================
ALICE UPDATE 234
============================================================
  Rewards:     mean=-1.0000 | min=0.0000 | max=0.0000
  Losses:      value=0.0004 | surrogate=1.2009
  Outcomes:    9 episodes buffered
============================================================

[Phase] Env 2: Alice Failed | Moved: 0.027m < 0.01m threshold
[Reset] Env 2: Alice phase @ step 250/250 | Goals: 0/5 | Reason: Invalid Goal
[Reset] Env 7: Alice phase @ step 250/250 | Goals: 0/5 | Reason: Invalid Goal
[Reset] Env 10: Alice phase @ step 250/250 | Goals: 0/5 | Reason: Invalid Goal
[Reset] Env 14: Alice phase @ step 250/250 | Goals: 0/5 | Reason: Invalid Goal
[Reset] Env 15: Alice phase @ step 250/250 | Goals: 0/5 | Reason: Invalid Goal
[Reset] Env 19: Alice phase @ step 250/250 | Goals: 0/5 | Reason: Invalid Goal
[Reset] Env 20: Alice phase @ step 250/250 | Goals: 0/5 | Reason: Invalid Goal
[Reset] Resetting objects to SAFE pose for 7 envs
[Reset] Resetting ROBOT joints for 7 envs
[Phase] Env 3: Alice Failed | Moved: 0.027m < 0.01m threshold
[Reset] Env 3: Alice phase @ step 250/250 | Goals: 0/5 | Reason: Invalid Goal
[Reset] Env 6: Alice phase @ step 250/250 | Goals: 0/5 | Reason: Invalid Goal
[Reset] Env 11: Alice phase @ step 250/250 | Goals: 0/5 | Reason: Invalid Goal
[Reset] Env 13: Alice phase @ step 250/250 | Goals: 0/5 | Reason: Invalid Goal
[Reset] Env 16: Alice phase @ step 250/250 | Goals: 0/5 | Reason: Invalid Goal
[Reset] Env 17: Alice phase @ step 250/250 | Goals: 0/5 | Reason: Invalid Goal
[Reset] Env 21: Alice phase @ step 250/250 | Goals: 0/5 | Reason: Invalid Goal
[Reset] Resetting objects to SAFE pose for 7 envs
[Reset] Resetting ROBOT joints for 7 envs
Update Alice: Iter 235

============================================================
ALICE UPDATE 235
============================================================
  Rewards:     mean=-1.0000 | min=0.0000 | max=0.0000
  Losses:      value=0.0002 | surrogate=1.4729
  Outcomes:    9 episodes buffered
============================================================

[Phase] Env 18: Alice Failed | Moved: 0.027m < 0.01m threshold
[Reset] Env 18: Alice phase @ step 250/250 | Goals: 0/5 | Reason: Invalid Goal
[Reset] Env 23: Alice phase @ step 250/250 | Goals: 0/5 | Reason: Invalid Goal
[Reset] Resetting objects to SAFE pose for 2 envs
[Reset] Resetting ROBOT joints for 2 envs
[Phase] Env 0: Alice Failed | Moved: 0.027m < 0.01m threshold
[Reset] Env 0: Alice phase @ step 250/250 | Goals: 0/5 | Reason: Invalid Goal
[Reset] Env 4: Alice phase @ step 250/250 | Goals: 0/5 | Reason: Invalid Goal
[Reset] Env 8: Alice phase @ step 250/250 | Goals: 0/5 | Reason: Invalid Goal
[Reset] Env 9: Alice phase @ step 250/250 | Goals: 0/5 | Reason: Invalid Goal
[Reset] Env 12: Alice phase @ step 250/250 | Goals: 0/5 | Reason: Invalid Goal
[Reset] Resetting objects to SAFE pose for 5 envs
[Reset] Resetting ROBOT joints for 5 envs
Update Alice: Iter 236

============================================================
ALICE UPDATE 236
============================================================
  Rewards:     mean=-1.0000 | min=0.0000 | max=0.0000
  Losses:      value=0.0003 | surrogate=1.2234
  Outcomes:    9 episodes buffered
============================================================

[Phase] Env 1: Alice Failed | Moved: 0.027m < 0.01m threshold
[Reset] Env 1: Alice phase @ step 250/250 | Goals: 0/5 | Reason: Invalid Goal
[Reset] Env 5: Alice phase @ step 250/250 | Goals: 0/5 | Reason: Invalid Goal
[Reset] Env 22: Alice phase @ step 250/250 | Goals: 0/5 | Reason: Invalid Goal
[Reset] Env 24: Alice phase @ step 250/250 | Goals: 0/5 | Reason: Invalid Goal
[Reset] Resetting objects to SAFE pose for 4 envs
[Reset] Resetting ROBOT joints for 4 envs
[Phase] Env 2: Alice Failed | Moved: 0.027m < 0.01m threshold
[Reset] Env 2: Alice phase @ step 250/250 | Goals: 0/5 | Reason: Invalid Goal
[Reset] Env 7: Alice phase @ step 250/250 | Goals: 0/5 | Reason: Invalid Goal
[Reset] Env 10: Alice phase @ step 250/250 | Goals: 0/5 | Reason: Invalid Goal
[Reset] Env 14: Alice phase @ step 250/250 | Goals: 0/5 | Reason: Invalid Goal
[Reset] Env 15: Alice phase @ step 250/250 | Goals: 0/5 | Reason: Invalid Goal
[Reset] Env 19: Alice phase @ step 250/250 | Goals: 0/5 | Reason: Invalid Goal
[Reset] Env 20: Alice phase @ step 250/250 | Goals: 0/5 | Reason: Invalid Goal
[Reset] Resetting objects to SAFE pose for 7 envs
[Reset] Resetting ROBOT joints for 7 envs
Update Alice: Iter 237

============================================================
ALICE UPDATE 237
============================================================
  Rewards:     mean=-1.0000 | min=0.0000 | max=0.0000
  Losses:      value=0.0002 | surrogate=1.4591
  Outcomes:    9 episodes buffered
============================================================

[Phase] Env 3: Alice Failed | Moved: 0.027m < 0.01m threshold
[Reset] Env 3: Alice phase @ step 250/250 | Goals: 0/5 | Reason: Invalid Goal
[Reset] Env 6: Alice phase @ step 250/250 | Goals: 0/5 | Reason: Invalid Goal
[Reset] Env 11: Alice phase @ step 250/250 | Goals: 0/5 | Reason: Invalid Goal
[Reset] Env 13: Alice phase @ step 250/250 | Goals: 0/5 | Reason: Invalid Goal
[Reset] Env 16: Alice phase @ step 250/250 | Goals: 0/5 | Reason: Invalid Goal
[Reset] Env 17: Alice phase @ step 250/250 | Goals: 0/5 | Reason: Invalid Goal
[Reset] Env 21: Alice phase @ step 250/250 | Goals: 0/5 | Reason: Invalid Goal
[Reset] Resetting objects to SAFE pose for 7 envs
[Reset] Resetting ROBOT joints for 7 envs
Update Alice: Iter 238

============================================================
ALICE UPDATE 238
============================================================
  Rewards:     mean=-1.0000 | min=0.0000 | max=0.0000
  Losses:      value=0.0001 | surrogate=1.1868
  Outcomes:    9 episodes buffered
============================================================

[Phase] Env 18: Alice Failed | Moved: 0.027m < 0.01m threshold
[Reset] Env 18: Alice phase @ step 250/250 | Goals: 0/5 | Reason: Invalid Goal
[Reset] Env 23: Alice phase @ step 250/250 | Goals: 0/5 | Reason: Invalid Goal
[Reset] Resetting objects to SAFE pose for 2 envs
[Reset] Resetting ROBOT joints for 2 envs
[Phase] Env 0: Alice Failed | Moved: 0.027m < 0.01m threshold
[Reset] Env 0: Alice phase @ step 250/250 | Goals: 0/5 | Reason: Invalid Goal
[Reset] Env 4: Alice phase @ step 250/250 | Goals: 0/5 | Reason: Invalid Goal
[Reset] Env 8: Alice phase @ step 250/250 | Goals: 0/5 | Reason: Invalid Goal
[Reset] Env 9: Alice phase @ step 250/250 | Goals: 0/5 | Reason: Invalid Goal
[Reset] Env 12: Alice phase @ step 250/250 | Goals: 0/5 | Reason: Invalid Goal
[Reset] Resetting objects to SAFE pose for 5 envs
[Reset] Resetting ROBOT joints for 5 envs
Update Alice: Iter 239

============================================================
ALICE UPDATE 239
============================================================
  Rewards:     mean=-1.0000 | min=0.0000 | max=0.0000
  Losses:      value=0.0001 | surrogate=1.5684
  Outcomes:    9 episodes buffered
============================================================

[Phase] Env 1: Alice Failed | Moved: 0.027m < 0.01m threshold
[Reset] Env 1: Alice phase @ step 250/250 | Goals: 0/5 | Reason: Invalid Goal
[Reset] Env 5: Alice phase @ step 250/250 | Goals: 0/5 | Reason: Invalid Goal
[Reset] Env 22: Alice phase @ step 250/250 | Goals: 0/5 | Reason: Invalid Goal
[Reset] Env 24: Alice phase @ step 250/250 | Goals: 0/5 | Reason: Invalid Goal
[Reset] Resetting objects to SAFE pose for 4 envs
[Reset] Resetting ROBOT joints for 4 envs
[Phase] Env 2: Alice Failed | Moved: 0.027m < 0.01m threshold
[Reset] Env 2: Alice phase @ step 250/250 | Goals: 0/5 | Reason: Invalid Goal
[Reset] Env 7: Alice phase @ step 250/250 | Goals: 0/5 | Reason: Invalid Goal
[Reset] Env 10: Alice phase @ step 250/250 | Goals: 0/5 | Reason: Invalid Goal
[Reset] Env 14: Alice phase @ step 250/250 | Goals: 0/5 | Reason: Invalid Goal
[Reset] Env 15: Alice phase @ step 250/250 | Goals: 0/5 | Reason: Invalid Goal
[Reset] Env 19: Alice phase @ step 250/250 | Goals: 0/5 | Reason: Invalid Goal
[Reset] Env 20: Alice phase @ step 250/250 | Goals: 0/5 | Reason: Invalid Goal
[Reset] Resetting objects to SAFE pose for 7 envs
[Reset] Resetting ROBOT joints for 7 envs
Update Alice: Iter 240

============================================================
ALICE UPDATE 240
============================================================
  Rewards:     mean=-1.0000 | min=0.0000 | max=0.0000
  Losses:      value=0.0001 | surrogate=1.3826
  Outcomes:    9 episodes buffered
============================================================

[Phase] Env 11: Alice→Bob | Valid Goal | Moved: 0.032m
[Phase] Env 3: Alice Failed | Moved: 0.027m < 0.01m threshold
[Phase] Env 11: Alice→Bob | Goal 1/5 | Alice completed 250/250 steps
[Reset] Alice->Bob Transition: Resetting Objects (Initial) & Robot (Default) for 1 envs
[Reset] Resetting ROBOT joints for 1 envs
[Reset] Env 3: Alice phase @ step 250/250 | Goals: 0/5 | Reason: Invalid Goal
[Reset] Env 6: Alice phase @ step 250/250 | Goals: 0/5 | Reason: Invalid Goal
[Reset] Env 13: Alice phase @ step 250/250 | Goals: 0/5 | Reason: Invalid Goal
[Reset] Env 16: Alice phase @ step 250/250 | Goals: 0/5 | Reason: Invalid Goal
[Reset] Env 17: Alice phase @ step 250/250 | Goals: 0/5 | Reason: Invalid Goal
[Reset] Env 21: Alice phase @ step 250/250 | Goals: 0/5 | Reason: Invalid Goal
[Reset] Resetting objects to SAFE pose for 6 envs
[Reset] Resetting ROBOT joints for 6 envs
Update Alice: Iter 241

============================================================
ALICE UPDATE 241
============================================================
  Rewards:     mean=-1.0000 | min=0.0000 | max=0.0000
  Losses:      value=0.0003 | surrogate=1.0439
  Outcomes:    9 episodes buffered
============================================================

[Bob Reward] +1.0
[Phase] Env 18: Alice Failed | Moved: 0.027m < 0.01m threshold
[Reset] Env 18: Alice phase @ step 250/250 | Goals: 0/5 | Reason: Invalid Goal
[Reset] Env 23: Alice phase @ step 250/250 | Goals: 0/5 | Reason: Invalid Goal
[Reset] Resetting objects to SAFE pose for 2 envs
[Reset] Resetting ROBOT joints for 2 envs
[Phase] Env 0: Alice Failed | Moved: 0.027m < 0.01m threshold
[Reset] Env 0: Alice phase @ step 250/250 | Goals: 0/5 | Reason: Invalid Goal
[Reset] Env 4: Alice phase @ step 250/250 | Goals: 0/5 | Reason: Invalid Goal
[Reset] Env 8: Alice phase @ step 250/250 | Goals: 0/5 | Reason: Invalid Goal
[Reset] Env 9: Alice phase @ step 250/250 | Goals: 0/5 | Reason: Invalid Goal
[Reset] Env 12: Alice phase @ step 250/250 | Goals: 0/5 | Reason: Invalid Goal
[Reset] Resetting objects to SAFE pose for 5 envs
[Reset] Resetting ROBOT joints for 5 envs
[Phase] Env 1: Alice Failed | Moved: 0.027m < 0.01m threshold
[Reset] Env 1: Alice phase @ step 250/250 | Goals: 0/5 | Reason: Invalid Goal
[Reset] Env 5: Alice phase @ step 250/250 | Goals: 0/5 | Reason: Invalid Goal
[Reset] Env 22: Alice phase @ step 250/250 | Goals: 0/5 | Reason: Invalid Goal
[Reset] Env 24: Alice phase @ step 250/250 | Goals: 0/5 | Reason: Invalid Goal
[Reset] Resetting objects to SAFE pose for 4 envs
[Reset] Resetting ROBOT joints for 4 envs
Update Alice: Iter 242

============================================================
ALICE UPDATE 242
============================================================
  Rewards:     mean=-1.0000 | min=0.0000 | max=0.0000
  Losses:      value=0.0005 | surrogate=1.5875
  Outcomes:    9 episodes buffered
============================================================

[Phase] Env 2: Alice Failed | Moved: 0.027m < 0.01m threshold
[Reset] Env 2: Alice phase @ step 250/250 | Goals: 0/5 | Reason: Invalid Goal
[Reset] Env 7: Alice phase @ step 250/250 | Goals: 0/5 | Reason: Invalid Goal
[Reset] Env 10: Alice phase @ step 250/250 | Goals: 0/5 | Reason: Invalid Goal
[Reset] Env 14: Alice phase @ step 250/250 | Goals: 0/5 | Reason: Invalid Goal
[Reset] Env 15: Alice phase @ step 250/250 | Goals: 0/5 | Reason: Invalid Goal
[Reset] Env 19: Alice phase @ step 250/250 | Goals: 0/5 | Reason: Invalid Goal
[Reset] Env 20: Alice phase @ step 250/250 | Goals: 0/5 | Reason: Invalid Goal
[Reset] Resetting objects to SAFE pose for 7 envs
[Reset] Resetting ROBOT joints for 7 envs
Update Alice: Iter 243

============================================================
ALICE UPDATE 243
============================================================
  Rewards:     mean=-1.0000 | min=0.0000 | max=0.0000
  Losses:      value=0.0003 | surrogate=1.2089
  Outcomes:    9 episodes buffered
============================================================

[Phase] Env 3: Alice Failed | Moved: 0.027m < 0.01m threshold
[Reset] Env 3: Alice phase @ step 250/250 | Goals: 0/5 | Reason: Invalid Goal
[Reset] Env 6: Alice phase @ step 250/250 | Goals: 0/5 | Reason: Invalid Goal
[Reset] Env 13: Alice phase @ step 250/250 | Goals: 0/5 | Reason: Invalid Goal
[Reset] Env 16: Alice phase @ step 250/250 | Goals: 0/5 | Reason: Invalid Goal
[Reset] Env 17: Alice phase @ step 250/250 | Goals: 0/5 | Reason: Invalid Goal
[Reset] Env 21: Alice phase @ step 250/250 | Goals: 0/5 | Reason: Invalid Goal
[Reset] Resetting objects to SAFE pose for 6 envs
[Reset] Resetting ROBOT joints for 6 envs
[Phase] Env 18: Alice Failed | Moved: 0.027m < 0.01m threshold
[Reset] Env 18: Alice phase @ step 250/250 | Goals: 0/5 | Reason: Invalid Goal
[Reset] Env 23: Alice phase @ step 250/250 | Goals: 0/5 | Reason: Invalid Goal
[Reset] Resetting objects to SAFE pose for 2 envs
[Reset] Resetting ROBOT joints for 2 envs
Update Alice: Iter 244

============================================================
ALICE UPDATE 244
============================================================
  Rewards:     mean=-1.0000 | min=0.0000 | max=0.0000
  Losses:      value=0.0001 | surrogate=1.1145
  Outcomes:    9 episodes buffered
============================================================

[Phase] Env 0: Alice Failed | Moved: 0.027m < 0.01m threshold
[Reset] Env 0: Alice phase @ step 250/250 | Goals: 0/5 | Reason: Invalid Goal
[Reset] Env 4: Alice phase @ step 250/250 | Goals: 0/5 | Reason: Invalid Goal
[Reset] Env 8: Alice phase @ step 250/250 | Goals: 0/5 | Reason: Invalid Goal
[Reset] Env 9: Alice phase @ step 250/250 | Goals: 0/5 | Reason: Invalid Goal
[Reset] Env 12: Alice phase @ step 250/250 | Goals: 0/5 | Reason: Invalid Goal
[Reset] Resetting objects to SAFE pose for 5 envs
[Reset] Resetting ROBOT joints for 5 envs
[Phase] Env 1: Alice Failed | Moved: 0.027m < 0.01m threshold
[Reset] Env 1: Alice phase @ step 250/250 | Goals: 0/5 | Reason: Invalid Goal
[Reset] Env 5: Alice phase @ step 250/250 | Goals: 0/5 | Reason: Invalid Goal
[Reset] Env 22: Alice phase @ step 250/250 | Goals: 0/5 | Reason: Invalid Goal
[Reset] Env 24: Alice phase @ step 250/250 | Goals: 0/5 | Reason: Invalid Goal
[Reset] Resetting objects to SAFE pose for 4 envs
[Reset] Resetting ROBOT joints for 4 envs
Update Alice: Iter 245

============================================================
ALICE UPDATE 245
============================================================
  Rewards:     mean=-1.0000 | min=0.0000 | max=0.0000
  Losses:      value=0.0001 | surrogate=1.2440
  Outcomes:    9 episodes buffered
============================================================

[Phase] Env 2: Alice Failed | Moved: 0.027m < 0.01m threshold
[Reset] Env 2: Alice phase @ step 250/250 | Goals: 0/5 | Reason: Invalid Goal
[Reset] Env 7: Alice phase @ step 250/250 | Goals: 0/5 | Reason: Invalid Goal
[Reset] Env 10: Alice phase @ step 250/250 | Goals: 0/5 | Reason: Invalid Goal
[Reset] Env 14: Alice phase @ step 250/250 | Goals: 0/5 | Reason: Invalid Goal
[Reset] Env 15: Alice phase @ step 250/250 | Goals: 0/5 | Reason: Invalid Goal
[Reset] Env 19: Alice phase @ step 250/250 | Goals: 0/5 | Reason: Invalid Goal
[Reset] Env 20: Alice phase @ step 250/250 | Goals: 0/5 | Reason: Invalid Goal
[Reset] Resetting objects to SAFE pose for 7 envs
[Reset] Resetting ROBOT joints for 7 envs
[Phase] Env 3: Alice Failed | Moved: 0.027m < 0.01m threshold
[Reset] Env 3: Alice phase @ step 250/250 | Goals: 0/5 | Reason: Invalid Goal
[Reset] Env 6: Alice phase @ step 250/250 | Goals: 0/5 | Reason: Invalid Goal
[Reset] Env 13: Alice phase @ step 250/250 | Goals: 0/5 | Reason: Invalid Goal
[Reset] Env 16: Alice phase @ step 250/250 | Goals: 0/5 | Reason: Invalid Goal
[Reset] Env 17: Alice phase @ step 250/250 | Goals: 0/5 | Reason: Invalid Goal
[Reset] Env 21: Alice phase @ step 250/250 | Goals: 0/5 | Reason: Invalid Goal
[Reset] Resetting objects to SAFE pose for 6 envs
[Reset] Resetting ROBOT joints for 6 envs
Update Alice: Iter 246

============================================================
ALICE UPDATE 246
============================================================
  Rewards:     mean=-1.0000 | min=0.0000 | max=0.0000
  Losses:      value=0.0001 | surrogate=1.0738
  Outcomes:    9 episodes buffered
============================================================

[Phase] Env 18: Alice Failed | Moved: 0.027m < 0.01m threshold
[Reset] Env 18: Alice phase @ step 250/250 | Goals: 0/5 | Reason: Invalid Goal
[Reset] Env 23: Alice phase @ step 250/250 | Goals: 0/5 | Reason: Invalid Goal
[Reset] Resetting objects to SAFE pose for 2 envs
[Reset] Resetting ROBOT joints for 2 envs
[Phase] Env 0: Alice Failed | Moved: 0.027m < 0.01m threshold
[Reset] Env 0: Alice phase @ step 250/250 | Goals: 0/5 | Reason: Invalid Goal
[Reset] Env 4: Alice phase @ step 250/250 | Goals: 0/5 | Reason: Invalid Goal
[Reset] Env 8: Alice phase @ step 250/250 | Goals: 0/5 | Reason: Invalid Goal
[Reset] Env 9: Alice phase @ step 250/250 | Goals: 0/5 | Reason: Invalid Goal
[Reset] Env 12: Alice phase @ step 250/250 | Goals: 0/5 | Reason: Invalid Goal
[Reset] Resetting objects to SAFE pose for 5 envs
[Reset] Resetting ROBOT joints for 5 envs
[Phase] Env 11: Bob FAILURE | Steps: 600/600
[Reset] Env 11: Bob phase @ step 600/600 | Goals: 1/5 | Reason: Bob Failed (or Max Goals)
[Reset] Resetting objects to SAFE pose for 1 envs
[Reset] Resetting ROBOT joints for 1 envs
Update Alice: Iter 247

============================================================
ALICE UPDATE 247
============================================================
  Rewards:     mean=-0.2222 | min=0.0000 | max=0.0000
  Losses:      value=0.0688 | surrogate=0.0392
  Outcomes:    9 episodes buffered
============================================================

[Phase] Env 1: Alice Failed | Moved: 0.027m < 0.01m threshold
[Reset] Env 1: Alice phase @ step 250/250 | Goals: 0/5 | Reason: Invalid Goal
[Reset] Env 5: Alice phase @ step 250/250 | Goals: 0/5 | Reason: Invalid Goal
[Reset] Env 22: Alice phase @ step 250/250 | Goals: 0/5 | Reason: Invalid Goal
[Reset] Env 24: Alice phase @ step 250/250 | Goals: 0/5 | Reason: Invalid Goal
[Reset] Resetting objects to SAFE pose for 4 envs
[Reset] Resetting ROBOT joints for 4 envs
[Phase] Env 2: Alice Failed | Moved: 0.027m < 0.01m threshold
[Reset] Env 2: Alice phase @ step 250/250 | Goals: 0/5 | Reason: Invalid Goal
[Reset] Env 7: Alice phase @ step 250/250 | Goals: 0/5 | Reason: Invalid Goal
[Reset] Env 10: Alice phase @ step 250/250 | Goals: 0/5 | Reason: Invalid Goal
[Reset] Env 14: Alice phase @ step 250/250 | Goals: 0/5 | Reason: Invalid Goal
[Reset] Env 15: Alice phase @ step 250/250 | Goals: 0/5 | Reason: Invalid Goal
[Reset] Env 19: Alice phase @ step 250/250 | Goals: 0/5 | Reason: Invalid Goal
[Reset] Env 20: Alice phase @ step 250/250 | Goals: 0/5 | Reason: Invalid Goal
[Reset] Resetting objects to SAFE pose for 7 envs
[Reset] Resetting ROBOT joints for 7 envs
Update Alice: Iter 248

============================================================
ALICE UPDATE 248
============================================================
  Rewards:     mean=-1.0000 | min=0.0000 | max=0.0000
  Losses:      value=0.0073 | surrogate=1.1150
  Outcomes:    9 episodes buffered
============================================================

[Phase] Env 3: Alice Failed | Moved: 0.027m < 0.01m threshold
[Reset] Env 3: Alice phase @ step 250/250 | Goals: 0/5 | Reason: Invalid Goal
[Reset] Env 6: Alice phase @ step 250/250 | Goals: 0/5 | Reason: Invalid Goal
[Reset] Env 13: Alice phase @ step 250/250 | Goals: 0/5 | Reason: Invalid Goal
[Reset] Env 16: Alice phase @ step 250/250 | Goals: 0/5 | Reason: Invalid Goal
[Reset] Env 17: Alice phase @ step 250/250 | Goals: 0/5 | Reason: Invalid Goal
[Reset] Env 21: Alice phase @ step 250/250 | Goals: 0/5 | Reason: Invalid Goal
[Reset] Resetting objects to SAFE pose for 6 envs
[Reset] Resetting ROBOT joints for 6 envs
Update Alice: Iter 249

============================================================
ALICE UPDATE 249
============================================================
  Rewards:     mean=-1.0000 | min=0.0000 | max=0.0000
  Losses:      value=0.0013 | surrogate=1.3400
  Outcomes:    9 episodes buffered
============================================================

[Phase] Env 18: Alice Failed | Moved: 0.027m < 0.01m threshold
[Reset] Env 18: Alice phase @ step 250/250 | Goals: 0/5 | Reason: Invalid Goal
[Reset] Env 23: Alice phase @ step 250/250 | Goals: 0/5 | Reason: Invalid Goal
[Reset] Resetting objects to SAFE pose for 2 envs
[Reset] Resetting ROBOT joints for 2 envs
[Phase] Env 0: Alice Failed | Moved: 0.027m < 0.01m threshold
[Reset] Env 0: Alice phase @ step 250/250 | Goals: 0/5 | Reason: Invalid Goal
[Reset] Env 4: Alice phase @ step 250/250 | Goals: 0/5 | Reason: Invalid Goal
[Reset] Env 8: Alice phase @ step 250/250 | Goals: 0/5 | Reason: Invalid Goal
[Reset] Env 9: Alice phase @ step 250/250 | Goals: 0/5 | Reason: Invalid Goal
[Reset] Env 11: Alice phase @ step 250/250 | Goals: 0/5 | Reason: Invalid Goal
[Reset] Env 12: Alice phase @ step 250/250 | Goals: 0/5 | Reason: Invalid Goal
[Reset] Resetting objects to SAFE pose for 6 envs
[Reset] Resetting ROBOT joints for 6 envs
Update Alice: Iter 250

============================================================
ALICE UPDATE 250
============================================================
  Rewards:     mean=-1.0000 | min=0.0000 | max=0.0000
  Losses:      value=0.0007 | surrogate=1.1284
  Outcomes:    9 episodes buffered
============================================================

[Phase] Env 1: Alice Failed | Moved: 0.027m < 0.01m threshold
[Reset] Env 1: Alice phase @ step 250/250 | Goals: 0/5 | Reason: Invalid Goal
[Reset] Env 5: Alice phase @ step 250/250 | Goals: 0/5 | Reason: Invalid Goal
[Reset] Env 22: Alice phase @ step 250/250 | Goals: 0/5 | Reason: Invalid Goal
[Reset] Env 24: Alice phase @ step 250/250 | Goals: 0/5 | Reason: Invalid Goal
[Reset] Resetting objects to SAFE pose for 4 envs
[Reset] Resetting ROBOT joints for 4 envs
[Phase] Env 2: Alice Failed | Moved: 0.027m < 0.01m threshold
[Reset] Env 2: Alice phase @ step 250/250 | Goals: 0/5 | Reason: Invalid Goal
[Reset] Env 7: Alice phase @ step 250/250 | Goals: 0/5 | Reason: Invalid Goal
[Reset] Env 10: Alice phase @ step 250/250 | Goals: 0/5 | Reason: Invalid Goal
[Reset] Env 14: Alice phase @ step 250/250 | Goals: 0/5 | Reason: Invalid Goal
[Reset] Env 15: Alice phase @ step 250/250 | Goals: 0/5 | Reason: Invalid Goal
[Reset] Env 19: Alice phase @ step 250/250 | Goals: 0/5 | Reason: Invalid Goal
[Reset] Env 20: Alice phase @ step 250/250 | Goals: 0/5 | Reason: Invalid Goal
[Reset] Resetting objects to SAFE pose for 7 envs
[Reset] Resetting ROBOT joints for 7 envs
Update Alice: Iter 251

============================================================
ALICE UPDATE 251
============================================================
  Rewards:     mean=-1.0000 | min=0.0000 | max=0.0000
  Losses:      value=0.0007 | surrogate=0.9289
  Outcomes:    9 episodes buffered
============================================================

[Phase] Env 3: Alice Failed | Moved: 0.027m < 0.01m threshold
[Reset] Env 3: Alice phase @ step 250/250 | Goals: 0/5 | Reason: Invalid Goal
[Reset] Env 6: Alice phase @ step 250/250 | Goals: 0/5 | Reason: Invalid Goal
[Reset] Env 13: Alice phase @ step 250/250 | Goals: 0/5 | Reason: Invalid Goal
[Reset] Env 16: Alice phase @ step 250/250 | Goals: 0/5 | Reason: Invalid Goal
[Reset] Env 17: Alice phase @ step 250/250 | Goals: 0/5 | Reason: Invalid Goal
[Reset] Env 21: Alice phase @ step 250/250 | Goals: 0/5 | Reason: Invalid Goal
[Reset] Resetting objects to SAFE pose for 6 envs
[Reset] Resetting ROBOT joints for 6 envs
Update Alice: Iter 252

============================================================
ALICE UPDATE 252
============================================================
  Rewards:     mean=-1.0000 | min=0.0000 | max=0.0000
  Losses:      value=0.0003 | surrogate=1.1424
  Outcomes:    9 episodes buffered
============================================================

[Phase] Env 18: Alice Failed | Moved: 0.027m < 0.01m threshold
[Reset] Env 18: Alice phase @ step 250/250 | Goals: 0/5 | Reason: Invalid Goal
[Reset] Env 23: Alice phase @ step 250/250 | Goals: 0/5 | Reason: Invalid Goal
[Reset] Resetting objects to SAFE pose for 2 envs
[Reset] Resetting ROBOT joints for 2 envs
[Phase] Env 0: Alice Failed | Moved: 0.027m < 0.01m threshold
[Reset] Env 0: Alice phase @ step 250/250 | Goals: 0/5 | Reason: Invalid Goal
[Reset] Env 4: Alice phase @ step 250/250 | Goals: 0/5 | Reason: Invalid Goal
[Reset] Env 8: Alice phase @ step 250/250 | Goals: 0/5 | Reason: Invalid Goal
[Reset] Env 9: Alice phase @ step 250/250 | Goals: 0/5 | Reason: Invalid Goal
[Reset] Env 11: Alice phase @ step 250/250 | Goals: 0/5 | Reason: Invalid Goal
[Reset] Env 12: Alice phase @ step 250/250 | Goals: 0/5 | Reason: Invalid Goal
[Reset] Resetting objects to SAFE pose for 6 envs
[Reset] Resetting ROBOT joints for 6 envs
[Phase] Env 1: Alice Failed | Moved: 0.027m < 0.01m threshold
[Reset] Env 1: Alice phase @ step 250/250 | Goals: 0/5 | Reason: Invalid Goal
[Reset] Env 5: Alice phase @ step 250/250 | Goals: 0/5 | Reason: Invalid Goal
[Reset] Env 22: Alice phase @ step 250/250 | Goals: 0/5 | Reason: Invalid Goal
[Reset] Env 24: Alice phase @ step 250/250 | Goals: 0/5 | Reason: Invalid Goal
[Reset] Resetting objects to SAFE pose for 4 envs
[Reset] Resetting ROBOT joints for 4 envs
Update Alice: Iter 253

============================================================
ALICE UPDATE 253
============================================================
  Rewards:     mean=-1.0000 | min=0.0000 | max=0.0000
  Losses:      value=0.0002 | surrogate=1.1911
  Outcomes:    9 episodes buffered
============================================================

[Phase] Env 2: Alice Failed | Moved: 0.027m < 0.01m threshold
[Reset] Env 2: Alice phase @ step 250/250 | Goals: 0/5 | Reason: Invalid Goal
[Reset] Env 7: Alice phase @ step 250/250 | Goals: 0/5 | Reason: Invalid Goal
[Reset] Env 10: Alice phase @ step 250/250 | Goals: 0/5 | Reason: Invalid Goal
[Reset] Env 14: Alice phase @ step 250/250 | Goals: 0/5 | Reason: Invalid Goal
[Reset] Env 15: Alice phase @ step 250/250 | Goals: 0/5 | Reason: Invalid Goal
[Reset] Env 19: Alice phase @ step 250/250 | Goals: 0/5 | Reason: Invalid Goal
[Reset] Env 20: Alice phase @ step 250/250 | Goals: 0/5 | Reason: Invalid Goal
[Reset] Resetting objects to SAFE pose for 7 envs
[Reset] Resetting ROBOT joints for 7 envs
Update Alice: Iter 254

============================================================
ALICE UPDATE 254
============================================================
  Rewards:     mean=-1.0000 | min=0.0000 | max=0.0000
  Losses:      value=0.0006 | surrogate=1.3478
  Outcomes:    9 episodes buffered
============================================================

[Phase] Env 3: Alice Failed | Moved: 0.027m < 0.01m threshold
[Reset] Env 3: Alice phase @ step 250/250 | Goals: 0/5 | Reason: Invalid Goal
[Reset] Env 6: Alice phase @ step 250/250 | Goals: 0/5 | Reason: Invalid Goal
[Reset] Env 13: Alice phase @ step 250/250 | Goals: 0/5 | Reason: Invalid Goal
[Reset] Env 16: Alice phase @ step 250/250 | Goals: 0/5 | Reason: Invalid Goal
[Reset] Env 17: Alice phase @ step 250/250 | Goals: 0/5 | Reason: Invalid Goal
[Reset] Env 21: Alice phase @ step 250/250 | Goals: 0/5 | Reason: Invalid Goal
[Reset] Resetting objects to SAFE pose for 6 envs
[Reset] Resetting ROBOT joints for 6 envs
[Phase] Env 18: Alice Failed | Moved: 0.027m < 0.01m threshold
[Reset] Env 18: Alice phase @ step 250/250 | Goals: 0/5 | Reason: Invalid Goal
[Reset] Env 23: Alice phase @ step 250/250 | Goals: 0/5 | Reason: Invalid Goal
[Reset] Resetting objects to SAFE pose for 2 envs
[Reset] Resetting ROBOT joints for 2 envs
Update Alice: Iter 255

============================================================
ALICE UPDATE 255
============================================================
  Rewards:     mean=-1.0000 | min=0.0000 | max=0.0000
  Losses:      value=0.0004 | surrogate=1.0965
  Outcomes:    9 episodes buffered
============================================================

[Phase] Env 0: Alice Failed | Moved: 0.027m < 0.01m threshold
[Reset] Env 0: Alice phase @ step 250/250 | Goals: 0/5 | Reason: Invalid Goal
[Reset] Env 4: Alice phase @ step 250/250 | Goals: 0/5 | Reason: Invalid Goal
[Reset] Env 8: Alice phase @ step 250/250 | Goals: 0/5 | Reason: Invalid Goal
[Reset] Env 9: Alice phase @ step 250/250 | Goals: 0/5 | Reason: Invalid Goal
[Reset] Env 11: Alice phase @ step 250/250 | Goals: 0/5 | Reason: Invalid Goal
[Reset] Env 12: Alice phase @ step 250/250 | Goals: 0/5 | Reason: Invalid Goal
[Reset] Resetting objects to SAFE pose for 6 envs
[Reset] Resetting ROBOT joints for 6 envs
[Phase] Env 1: Alice Failed | Moved: 0.027m < 0.01m threshold
[Reset] Env 1: Alice phase @ step 250/250 | Goals: 0/5 | Reason: Invalid Goal
[Reset] Env 5: Alice phase @ step 250/250 | Goals: 0/5 | Reason: Invalid Goal
[Reset] Env 22: Alice phase @ step 250/250 | Goals: 0/5 | Reason: Invalid Goal
[Reset] Env 24: Alice phase @ step 250/250 | Goals: 0/5 | Reason: Invalid Goal
[Reset] Resetting objects to SAFE pose for 4 envs
[Reset] Resetting ROBOT joints for 4 envs
Update Alice: Iter 256

============================================================
ALICE UPDATE 256
============================================================
  Rewards:     mean=-1.0000 | min=0.0000 | max=0.0000
  Losses:      value=0.0003 | surrogate=1.4855
  Outcomes:    9 episodes buffered
============================================================

[Phase] Env 2: Alice Failed | Moved: 0.027m < 0.01m threshold
[Reset] Env 2: Alice phase @ step 250/250 | Goals: 0/5 | Reason: Invalid Goal
[Reset] Env 7: Alice phase @ step 250/250 | Goals: 0/5 | Reason: Invalid Goal
[Reset] Env 10: Alice phase @ step 250/250 | Goals: 0/5 | Reason: Invalid Goal
[Reset] Env 14: Alice phase @ step 250/250 | Goals: 0/5 | Reason: Invalid Goal
[Reset] Env 15: Alice phase @ step 250/250 | Goals: 0/5 | Reason: Invalid Goal
[Reset] Env 19: Alice phase @ step 250/250 | Goals: 0/5 | Reason: Invalid Goal
[Reset] Env 20: Alice phase @ step 250/250 | Goals: 0/5 | Reason: Invalid Goal
[Reset] Resetting objects to SAFE pose for 7 envs
[Reset] Resetting ROBOT joints for 7 envs
[Phase] Env 3: Alice Failed | Moved: 0.027m < 0.01m threshold
[Reset] Env 3: Alice phase @ step 250/250 | Goals: 0/5 | Reason: Invalid Goal
[Reset] Env 6: Alice phase @ step 250/250 | Goals: 0/5 | Reason: Invalid Goal
[Reset] Env 13: Alice phase @ step 250/250 | Goals: 0/5 | Reason: Invalid Goal
[Reset] Env 16: Alice phase @ step 250/250 | Goals: 0/5 | Reason: Invalid Goal
[Reset] Env 17: Alice phase @ step 250/250 | Goals: 0/5 | Reason: Invalid Goal
[Reset] Env 21: Alice phase @ step 250/250 | Goals: 0/5 | Reason: Invalid Goal
[Reset] Resetting objects to SAFE pose for 6 envs
[Reset] Resetting ROBOT joints for 6 envs
Update Alice: Iter 257

============================================================
ALICE UPDATE 257
============================================================
  Rewards:     mean=-1.0000 | min=0.0000 | max=0.0000
  Losses:      value=0.0003 | surrogate=1.2245
  Outcomes:    9 episodes buffered
============================================================

[Phase] Env 18: Alice Failed | Moved: 0.027m < 0.01m threshold
[Reset] Env 18: Alice phase @ step 250/250 | Goals: 0/5 | Reason: Invalid Goal
[Reset] Env 23: Alice phase @ step 250/250 | Goals: 0/5 | Reason: Invalid Goal
[Reset] Resetting objects to SAFE pose for 2 envs
[Reset] Resetting ROBOT joints for 2 envs
[Phase] Env 0: Alice Failed | Moved: 0.027m < 0.01m threshold
[Reset] Env 0: Alice phase @ step 250/250 | Goals: 0/5 | Reason: Invalid Goal
[Reset] Env 4: Alice phase @ step 250/250 | Goals: 0/5 | Reason: Invalid Goal
[Reset] Env 8: Alice phase @ step 250/250 | Goals: 0/5 | Reason: Invalid Goal
[Reset] Env 9: Alice phase @ step 250/250 | Goals: 0/5 | Reason: Invalid Goal
[Reset] Env 11: Alice phase @ step 250/250 | Goals: 0/5 | Reason: Invalid Goal
[Reset] Env 12: Alice phase @ step 250/250 | Goals: 0/5 | Reason: Invalid Goal
[Reset] Resetting objects to SAFE pose for 6 envs
[Reset] Resetting ROBOT joints for 6 envs
Update Alice: Iter 258

============================================================
ALICE UPDATE 258
============================================================
  Rewards:     mean=-1.0000 | min=0.0000 | max=0.0000
  Losses:      value=0.0002 | surrogate=0.9614
  Outcomes:    9 episodes buffered
============================================================

[Phase] Env 1: Alice Failed | Moved: 0.027m < 0.01m threshold
[Reset] Env 1: Alice phase @ step 250/250 | Goals: 0/5 | Reason: Invalid Goal
[Reset] Env 5: Alice phase @ step 250/250 | Goals: 0/5 | Reason: Invalid Goal
[Reset] Env 22: Alice phase @ step 250/250 | Goals: 0/5 | Reason: Invalid Goal
[Reset] Env 24: Alice phase @ step 250/250 | Goals: 0/5 | Reason: Invalid Goal
[Reset] Resetting objects to SAFE pose for 4 envs
[Reset] Resetting ROBOT joints for 4 envs
[Phase] Env 2: Alice Failed | Moved: 0.027m < 0.01m threshold
[Reset] Env 2: Alice phase @ step 250/250 | Goals: 0/5 | Reason: Invalid Goal
[Reset] Env 7: Alice phase @ step 250/250 | Goals: 0/5 | Reason: Invalid Goal
[Reset] Env 10: Alice phase @ step 250/250 | Goals: 0/5 | Reason: Invalid Goal
[Reset] Env 14: Alice phase @ step 250/250 | Goals: 0/5 | Reason: Invalid Goal
[Reset] Env 15: Alice phase @ step 250/250 | Goals: 0/5 | Reason: Invalid Goal
[Reset] Env 19: Alice phase @ step 250/250 | Goals: 0/5 | Reason: Invalid Goal
[Reset] Env 20: Alice phase @ step 250/250 | Goals: 0/5 | Reason: Invalid Goal
[Reset] Resetting objects to SAFE pose for 7 envs
[Reset] Resetting ROBOT joints for 7 envs
Update Alice: Iter 259

============================================================
ALICE UPDATE 259
============================================================
  Rewards:     mean=-1.0000 | min=0.0000 | max=0.0000
  Losses:      value=0.0013 | surrogate=1.0076
  Outcomes:    9 episodes buffered
============================================================

[Phase] Env 3: Alice Failed | Moved: 0.027m < 0.01m threshold
[Reset] Env 3: Alice phase @ step 250/250 | Goals: 0/5 | Reason: Invalid Goal
[Reset] Env 6: Alice phase @ step 250/250 | Goals: 0/5 | Reason: Invalid Goal
[Reset] Env 13: Alice phase @ step 250/250 | Goals: 0/5 | Reason: Invalid Goal
[Reset] Env 16: Alice phase @ step 250/250 | Goals: 0/5 | Reason: Invalid Goal
[Reset] Env 17: Alice phase @ step 250/250 | Goals: 0/5 | Reason: Invalid Goal
[Reset] Env 21: Alice phase @ step 250/250 | Goals: 0/5 | Reason: Invalid Goal
[Reset] Resetting objects to SAFE pose for 6 envs
[Reset] Resetting ROBOT joints for 6 envs
Update Alice: Iter 260

============================================================
ALICE UPDATE 260
============================================================
  Rewards:     mean=-1.0000 | min=0.0000 | max=0.0000
  Losses:      value=0.0002 | surrogate=1.0679
  Outcomes:    9 episodes buffered
============================================================

[Phase] Env 18: Alice Failed | Moved: 0.027m < 0.01m threshold
[Reset] Env 18: Alice phase @ step 250/250 | Goals: 0/5 | Reason: Invalid Goal
[Reset] Env 23: Alice phase @ step 250/250 | Goals: 0/5 | Reason: Invalid Goal
[Reset] Resetting objects to SAFE pose for 2 envs
[Reset] Resetting ROBOT joints for 2 envs
[Phase] Env 0: Alice Failed | Moved: 0.027m < 0.01m threshold
[Reset] Env 0: Alice phase @ step 250/250 | Goals: 0/5 | Reason: Invalid Goal
[Reset] Env 4: Alice phase @ step 250/250 | Goals: 0/5 | Reason: Invalid Goal
[Reset] Env 8: Alice phase @ step 250/250 | Goals: 0/5 | Reason: Invalid Goal
[Reset] Env 9: Alice phase @ step 250/250 | Goals: 0/5 | Reason: Invalid Goal
[Reset] Env 11: Alice phase @ step 250/250 | Goals: 0/5 | Reason: Invalid Goal
[Reset] Env 12: Alice phase @ step 250/250 | Goals: 0/5 | Reason: Invalid Goal
[Reset] Resetting objects to SAFE pose for 6 envs
[Reset] Resetting ROBOT joints for 6 envs
Update Alice: Iter 261

============================================================
ALICE UPDATE 261
============================================================
  Rewards:     mean=-1.0000 | min=0.0000 | max=0.0000
  Losses:      value=0.0001 | surrogate=1.7446
  Outcomes:    9 episodes buffered
============================================================

[Phase] Env 1: Alice Failed | Moved: 0.027m < 0.01m threshold
[Reset] Env 1: Alice phase @ step 250/250 | Goals: 0/5 | Reason: Invalid Goal
[Reset] Env 5: Alice phase @ step 250/250 | Goals: 0/5 | Reason: Invalid Goal
[Reset] Env 22: Alice phase @ step 250/250 | Goals: 0/5 | Reason: Invalid Goal
[Reset] Env 24: Alice phase @ step 250/250 | Goals: 0/5 | Reason: Invalid Goal
[Reset] Resetting objects to SAFE pose for 4 envs
[Reset] Resetting ROBOT joints for 4 envs
[Phase] Env 2: Alice Failed | Moved: 0.027m < 0.01m threshold
[Reset] Env 2: Alice phase @ step 250/250 | Goals: 0/5 | Reason: Invalid Goal
[Reset] Env 7: Alice phase @ step 250/250 | Goals: 0/5 | Reason: Invalid Goal
[Reset] Env 10: Alice phase @ step 250/250 | Goals: 0/5 | Reason: Invalid Goal
[Reset] Env 14: Alice phase @ step 250/250 | Goals: 0/5 | Reason: Invalid Goal
[Reset] Env 15: Alice phase @ step 250/250 | Goals: 0/5 | Reason: Invalid Goal
[Reset] Env 19: Alice phase @ step 250/250 | Goals: 0/5 | Reason: Invalid Goal
[Reset] Env 20: Alice phase @ step 250/250 | Goals: 0/5 | Reason: Invalid Goal
[Reset] Resetting objects to SAFE pose for 7 envs
[Reset] Resetting ROBOT joints for 7 envs
Update Alice: Iter 262

============================================================
ALICE UPDATE 262
============================================================
  Rewards:     mean=-1.0000 | min=0.0000 | max=0.0000
  Losses:      value=0.0002 | surrogate=1.5567
  Outcomes:    9 episodes buffered
============================================================

[Phase] Env 3: Alice Failed | Moved: 0.027m < 0.01m threshold
[Reset] Env 3: Alice phase @ step 250/250 | Goals: 0/5 | Reason: Invalid Goal
[Reset] Env 6: Alice phase @ step 250/250 | Goals: 0/5 | Reason: Invalid Goal
[Reset] Env 13: Alice phase @ step 250/250 | Goals: 0/5 | Reason: Invalid Goal
[Reset] Env 16: Alice phase @ step 250/250 | Goals: 0/5 | Reason: Invalid Goal
[Reset] Env 17: Alice phase @ step 250/250 | Goals: 0/5 | Reason: Invalid Goal
[Reset] Env 21: Alice phase @ step 250/250 | Goals: 0/5 | Reason: Invalid Goal
[Reset] Resetting objects to SAFE pose for 6 envs
[Reset] Resetting ROBOT joints for 6 envs
Update Alice: Iter 263

============================================================
ALICE UPDATE 263
============================================================
  Rewards:     mean=-1.0000 | min=0.0000 | max=0.0000
  Losses:      value=0.0002 | surrogate=1.3514
  Outcomes:    9 episodes buffered
============================================================

[Phase] Env 18: Alice Failed | Moved: 0.027m < 0.01m threshold
[Reset] Env 18: Alice phase @ step 250/250 | Goals: 0/5 | Reason: Invalid Goal
[Reset] Env 23: Alice phase @ step 250/250 | Goals: 0/5 | Reason: Invalid Goal
[Reset] Resetting objects to SAFE pose for 2 envs
[Reset] Resetting ROBOT joints for 2 envs
[Phase] Env 0: Alice Failed | Moved: 0.027m < 0.01m threshold
[Reset] Env 0: Alice phase @ step 250/250 | Goals: 0/5 | Reason: Invalid Goal
[Reset] Env 4: Alice phase @ step 250/250 | Goals: 0/5 | Reason: Invalid Goal
[Reset] Env 8: Alice phase @ step 250/250 | Goals: 0/5 | Reason: Invalid Goal
[Reset] Env 9: Alice phase @ step 250/250 | Goals: 0/5 | Reason: Invalid Goal
[Reset] Env 11: Alice phase @ step 250/250 | Goals: 0/5 | Reason: Invalid Goal
[Reset] Env 12: Alice phase @ step 250/250 | Goals: 0/5 | Reason: Invalid Goal
[Reset] Resetting objects to SAFE pose for 6 envs
[Reset] Resetting ROBOT joints for 6 envs
Update Alice: Iter 264

============================================================
ALICE UPDATE 264
============================================================
  Rewards:     mean=-1.0000 | min=0.0000 | max=0.0000
  Losses:      value=0.0002 | surrogate=1.4304
  Outcomes:    9 episodes buffered
============================================================

[Phase] Env 1: Alice Failed | Moved: 0.027m < 0.01m threshold
[Reset] Env 1: Alice phase @ step 250/250 | Goals: 0/5 | Reason: Invalid Goal
[Reset] Env 5: Alice phase @ step 250/250 | Goals: 0/5 | Reason: Invalid Goal
[Reset] Env 22: Alice phase @ step 250/250 | Goals: 0/5 | Reason: Invalid Goal
[Reset] Env 24: Alice phase @ step 250/250 | Goals: 0/5 | Reason: Invalid Goal
[Reset] Resetting objects to SAFE pose for 4 envs
[Reset] Resetting ROBOT joints for 4 envs
[Phase] Env 2: Alice Failed | Moved: 0.027m < 0.01m threshold
[Reset] Env 2: Alice phase @ step 250/250 | Goals: 0/5 | Reason: Invalid Goal
[Reset] Env 7: Alice phase @ step 250/250 | Goals: 0/5 | Reason: Invalid Goal
[Reset] Env 10: Alice phase @ step 250/250 | Goals: 0/5 | Reason: Invalid Goal
[Reset] Env 14: Alice phase @ step 250/250 | Goals: 0/5 | Reason: Invalid Goal
[Reset] Env 15: Alice phase @ step 250/250 | Goals: 0/5 | Reason: Invalid Goal
[Reset] Env 19: Alice phase @ step 250/250 | Goals: 0/5 | Reason: Invalid Goal
[Reset] Env 20: Alice phase @ step 250/250 | Goals: 0/5 | Reason: Invalid Goal
[Reset] Resetting objects to SAFE pose for 7 envs
[Reset] Resetting ROBOT joints for 7 envs
Update Alice: Iter 265

============================================================
ALICE UPDATE 265
============================================================
  Rewards:     mean=-1.0000 | min=0.0000 | max=0.0000
  Losses:      value=0.0001 | surrogate=1.4439
  Outcomes:    9 episodes buffered
============================================================

[Phase] Env 3: Alice Failed | Moved: 0.027m < 0.01m threshold
[Reset] Env 3: Alice phase @ step 250/250 | Goals: 0/5 | Reason: Invalid Goal
[Reset] Env 6: Alice phase @ step 250/250 | Goals: 0/5 | Reason: Invalid Goal
[Reset] Env 13: Alice phase @ step 250/250 | Goals: 0/5 | Reason: Invalid Goal
[Reset] Env 16: Alice phase @ step 250/250 | Goals: 0/5 | Reason: Invalid Goal
[Reset] Env 17: Alice phase @ step 250/250 | Goals: 0/5 | Reason: Invalid Goal
[Reset] Env 21: Alice phase @ step 250/250 | Goals: 0/5 | Reason: Invalid Goal
[Reset] Resetting objects to SAFE pose for 6 envs
[Reset] Resetting ROBOT joints for 6 envs
[Phase] Env 18: Alice Failed | Moved: 0.027m < 0.01m threshold
[Reset] Env 18: Alice phase @ step 250/250 | Goals: 0/5 | Reason: Invalid Goal
[Reset] Env 23: Alice phase @ step 250/250 | Goals: 0/5 | Reason: Invalid Goal
[Reset] Resetting objects to SAFE pose for 2 envs
[Reset] Resetting ROBOT joints for 2 envs
Update Alice: Iter 266

============================================================
ALICE UPDATE 266
============================================================
  Rewards:     mean=-1.0000 | min=0.0000 | max=0.0000
  Losses:      value=0.0001 | surrogate=1.3712
  Outcomes:    9 episodes buffered
============================================================

[Phase] Env 0: Alice Failed | Moved: 0.027m < 0.01m threshold
[Reset] Env 0: Alice phase @ step 250/250 | Goals: 0/5 | Reason: Invalid Goal
[Reset] Env 4: Alice phase @ step 250/250 | Goals: 0/5 | Reason: Invalid Goal
[Reset] Env 8: Alice phase @ step 250/250 | Goals: 0/5 | Reason: Invalid Goal
[Reset] Env 9: Alice phase @ step 250/250 | Goals: 0/5 | Reason: Invalid Goal
[Reset] Env 11: Alice phase @ step 250/250 | Goals: 0/5 | Reason: Invalid Goal
[Reset] Env 12: Alice phase @ step 250/250 | Goals: 0/5 | Reason: Invalid Goal
[Reset] Resetting objects to SAFE pose for 6 envs
[Reset] Resetting ROBOT joints for 6 envs
[Phase] Env 1: Alice Failed | Moved: 0.027m < 0.01m threshold
[Reset] Env 1: Alice phase @ step 250/250 | Goals: 0/5 | Reason: Invalid Goal
[Reset] Env 5: Alice phase @ step 250/250 | Goals: 0/5 | Reason: Invalid Goal
[Reset] Env 22: Alice phase @ step 250/250 | Goals: 0/5 | Reason: Invalid Goal
[Reset] Env 24: Alice phase @ step 250/250 | Goals: 0/5 | Reason: Invalid Goal
[Reset] Resetting objects to SAFE pose for 4 envs
[Reset] Resetting ROBOT joints for 4 envs
Update Alice: Iter 267

============================================================
ALICE UPDATE 267
============================================================
  Rewards:     mean=-1.0000 | min=0.0000 | max=0.0000
  Losses:      value=0.0001 | surrogate=1.2593
  Outcomes:    9 episodes buffered
============================================================

[Phase] Env 2: Alice Failed | Moved: 0.027m < 0.01m threshold
[Reset] Env 2: Alice phase @ step 250/250 | Goals: 0/5 | Reason: Invalid Goal
[Reset] Env 7: Alice phase @ step 250/250 | Goals: 0/5 | Reason: Invalid Goal
[Reset] Env 10: Alice phase @ step 250/250 | Goals: 0/5 | Reason: Invalid Goal
[Reset] Env 14: Alice phase @ step 250/250 | Goals: 0/5 | Reason: Invalid Goal
[Reset] Env 15: Alice phase @ step 250/250 | Goals: 0/5 | Reason: Invalid Goal
[Reset] Env 19: Alice phase @ step 250/250 | Goals: 0/5 | Reason: Invalid Goal
[Reset] Env 20: Alice phase @ step 250/250 | Goals: 0/5 | Reason: Invalid Goal
[Reset] Resetting objects to SAFE pose for 7 envs
[Reset] Resetting ROBOT joints for 7 envs
Update Alice: Iter 268

============================================================
ALICE UPDATE 268
============================================================
  Rewards:     mean=-1.0000 | min=0.0000 | max=0.0000
  Losses:      value=0.0004 | surrogate=1.0990
  Outcomes:    9 episodes buffered
============================================================

[Phase] Env 3: Alice Failed | Moved: 0.027m < 0.01m threshold
[Reset] Env 3: Alice phase @ step 250/250 | Goals: 0/5 | Reason: Invalid Goal
[Reset] Env 6: Alice phase @ step 250/250 | Goals: 0/5 | Reason: Invalid Goal
[Reset] Env 13: Alice phase @ step 250/250 | Goals: 0/5 | Reason: Invalid Goal
[Reset] Env 16: Alice phase @ step 250/250 | Goals: 0/5 | Reason: Invalid Goal
[Reset] Env 17: Alice phase @ step 250/250 | Goals: 0/5 | Reason: Invalid Goal
[Reset] Env 21: Alice phase @ step 250/250 | Goals: 0/5 | Reason: Invalid Goal
[Reset] Resetting objects to SAFE pose for 6 envs
[Reset] Resetting ROBOT joints for 6 envs
[Phase] Env 18: Alice Failed | Moved: 0.027m < 0.01m threshold
[Reset] Env 18: Alice phase @ step 250/250 | Goals: 0/5 | Reason: Invalid Goal
[Reset] Env 23: Alice phase @ step 250/250 | Goals: 0/5 | Reason: Invalid Goal
[Reset] Resetting objects to SAFE pose for 2 envs
[Reset] Resetting ROBOT joints for 2 envs
[Phase] Env 0: Alice Failed | Moved: 0.027m < 0.01m threshold
[Reset] Env 0: Alice phase @ step 250/250 | Goals: 0/5 | Reason: Invalid Goal
[Reset] Env 4: Alice phase @ step 250/250 | Goals: 0/5 | Reason: Invalid Goal
[Reset] Env 8: Alice phase @ step 250/250 | Goals: 0/5 | Reason: Invalid Goal
[Reset] Env 9: Alice phase @ step 250/250 | Goals: 0/5 | Reason: Invalid Goal
[Reset] Env 11: Alice phase @ step 250/250 | Goals: 0/5 | Reason: Invalid Goal
[Reset] Env 12: Alice phase @ step 250/250 | Goals: 0/5 | Reason: Invalid Goal
[Reset] Resetting objects to SAFE pose for 6 envs
[Reset] Resetting ROBOT joints for 6 envs
Update Alice: Iter 269

============================================================
ALICE UPDATE 269
============================================================
  Rewards:     mean=-1.0000 | min=0.0000 | max=0.0000
  Losses:      value=0.0001 | surrogate=1.5876
  Outcomes:    9 episodes buffered
============================================================

[Phase] Env 1: Alice Failed | Moved: 0.027m < 0.01m threshold
[Reset] Env 1: Alice phase @ step 250/250 | Goals: 0/5 | Reason: Invalid Goal
[Reset] Env 5: Alice phase @ step 250/250 | Goals: 0/5 | Reason: Invalid Goal
[Reset] Env 22: Alice phase @ step 250/250 | Goals: 0/5 | Reason: Invalid Goal
[Reset] Env 24: Alice phase @ step 250/250 | Goals: 0/5 | Reason: Invalid Goal
[Reset] Resetting objects to SAFE pose for 4 envs
[Reset] Resetting ROBOT joints for 4 envs
Update Alice: Iter 270

============================================================
ALICE UPDATE 270
============================================================
  Rewards:     mean=-1.0000 | min=0.0000 | max=0.0000
  Losses:      value=0.0001 | surrogate=1.3491
  Outcomes:    9 episodes buffered
============================================================

[Phase] Env 2: Alice Failed | Moved: 0.027m < 0.01m threshold
[Reset] Env 2: Alice phase @ step 250/250 | Goals: 0/5 | Reason: Invalid Goal
[Reset] Env 7: Alice phase @ step 250/250 | Goals: 0/5 | Reason: Invalid Goal
[Reset] Env 10: Alice phase @ step 250/250 | Goals: 0/5 | Reason: Invalid Goal
[Reset] Env 14: Alice phase @ step 250/250 | Goals: 0/5 | Reason: Invalid Goal
[Reset] Env 15: Alice phase @ step 250/250 | Goals: 0/5 | Reason: Invalid Goal
[Reset] Env 19: Alice phase @ step 250/250 | Goals: 0/5 | Reason: Invalid Goal
[Reset] Env 20: Alice phase @ step 250/250 | Goals: 0/5 | Reason: Invalid Goal
[Reset] Resetting objects to SAFE pose for 7 envs
[Reset] Resetting ROBOT joints for 7 envs
[Phase] Env 3: Alice Failed | Moved: 0.027m < 0.01m threshold
[Reset] Env 3: Alice phase @ step 250/250 | Goals: 0/5 | Reason: Invalid Goal
[Reset] Env 6: Alice phase @ step 250/250 | Goals: 0/5 | Reason: Invalid Goal
[Reset] Env 13: Alice phase @ step 250/250 | Goals: 0/5 | Reason: Invalid Goal
[Reset] Env 16: Alice phase @ step 250/250 | Goals: 0/5 | Reason: Invalid Goal
[Reset] Env 17: Alice phase @ step 250/250 | Goals: 0/5 | Reason: Invalid Goal
[Reset] Env 21: Alice phase @ step 250/250 | Goals: 0/5 | Reason: Invalid Goal
[Reset] Resetting objects to SAFE pose for 6 envs
[Reset] Resetting ROBOT joints for 6 envs
Update Alice: Iter 271

============================================================
ALICE UPDATE 271
============================================================
  Rewards:     mean=-1.0000 | min=0.0000 | max=0.0000
  Losses:      value=0.0001 | surrogate=1.3471
  Outcomes:    9 episodes buffered
============================================================

[Phase] Env 18: Alice Failed | Moved: 0.027m < 0.01m threshold
[Reset] Env 18: Alice phase @ step 250/250 | Goals: 0/5 | Reason: Invalid Goal
[Reset] Env 23: Alice phase @ step 250/250 | Goals: 0/5 | Reason: Invalid Goal
[Reset] Resetting objects to SAFE pose for 2 envs
[Reset] Resetting ROBOT joints for 2 envs
[Phase] Env 0: Alice Failed | Moved: 0.027m < 0.01m threshold
[Reset] Env 0: Alice phase @ step 250/250 | Goals: 0/5 | Reason: Invalid Goal
[Reset] Env 4: Alice phase @ step 250/250 | Goals: 0/5 | Reason: Invalid Goal
[Reset] Env 8: Alice phase @ step 250/250 | Goals: 0/5 | Reason: Invalid Goal
[Reset] Env 9: Alice phase @ step 250/250 | Goals: 0/5 | Reason: Invalid Goal
[Reset] Env 11: Alice phase @ step 250/250 | Goals: 0/5 | Reason: Invalid Goal
[Reset] Env 12: Alice phase @ step 250/250 | Goals: 0/5 | Reason: Invalid Goal
[Reset] Resetting objects to SAFE pose for 6 envs
[Reset] Resetting ROBOT joints for 6 envs
Update Alice: Iter 272

============================================================
ALICE UPDATE 272
============================================================
  Rewards:     mean=-1.0000 | min=0.0000 | max=0.0000
  Losses:      value=0.0002 | surrogate=1.3671
  Outcomes:    9 episodes buffered
============================================================

[Phase] Env 22: Alice→Bob | Valid Goal | Moved: 0.030m
[Phase] Env 1: Alice Failed | Moved: 0.027m < 0.01m threshold
[Phase] Env 22: Alice→Bob | Goal 1/5 | Alice completed 250/250 steps
[Reset] Alice->Bob Transition: Resetting Objects (Initial) & Robot (Default) for 1 envs
[Reset] Resetting ROBOT joints for 1 envs
[Reset] Env 1: Alice phase @ step 250/250 | Goals: 0/5 | Reason: Invalid Goal
[Reset] Env 5: Alice phase @ step 250/250 | Goals: 0/5 | Reason: Invalid Goal
[Reset] Env 24: Alice phase @ step 250/250 | Goals: 0/5 | Reason: Invalid Goal
[Reset] Resetting objects to SAFE pose for 3 envs
[Reset] Resetting ROBOT joints for 3 envs
[Bob Reward] +1.0
[Phase] Env 2: Alice Failed | Moved: 0.027m < 0.01m threshold
[Reset] Env 2: Alice phase @ step 250/250 | Goals: 0/5 | Reason: Invalid Goal
[Reset] Env 7: Alice phase @ step 250/250 | Goals: 0/5 | Reason: Invalid Goal
[Reset] Env 10: Alice phase @ step 250/250 | Goals: 0/5 | Reason: Invalid Goal
[Reset] Env 14: Alice phase @ step 250/250 | Goals: 0/5 | Reason: Invalid Goal
[Reset] Env 15: Alice phase @ step 250/250 | Goals: 0/5 | Reason: Invalid Goal
[Reset] Env 19: Alice phase @ step 250/250 | Goals: 0/5 | Reason: Invalid Goal
[Reset] Env 20: Alice phase @ step 250/250 | Goals: 0/5 | Reason: Invalid Goal
[Reset] Resetting objects to SAFE pose for 7 envs
[Reset] Resetting ROBOT joints for 7 envs
Update Alice: Iter 273

============================================================
ALICE UPDATE 273
============================================================
  Rewards:     mean=-1.0000 | min=0.0000 | max=0.0000
  Losses:      value=0.0002 | surrogate=1.3285
  Outcomes:    9 episodes buffered
============================================================

[Phase] Env 3: Alice Failed | Moved: 0.027m < 0.01m threshold
[Reset] Env 3: Alice phase @ step 250/250 | Goals: 0/5 | Reason: Invalid Goal
[Reset] Env 6: Alice phase @ step 250/250 | Goals: 0/5 | Reason: Invalid Goal
[Reset] Env 13: Alice phase @ step 250/250 | Goals: 0/5 | Reason: Invalid Goal
[Reset] Env 16: Alice phase @ step 250/250 | Goals: 0/5 | Reason: Invalid Goal
[Reset] Env 17: Alice phase @ step 250/250 | Goals: 0/5 | Reason: Invalid Goal
[Reset] Env 21: Alice phase @ step 250/250 | Goals: 0/5 | Reason: Invalid Goal
[Reset] Resetting objects to SAFE pose for 6 envs
[Reset] Resetting ROBOT joints for 6 envs
Update Alice: Iter 274

============================================================
ALICE UPDATE 274
============================================================
  Rewards:     mean=-1.0000 | min=0.0000 | max=0.0000
  Losses:      value=0.0001 | surrogate=1.3817
  Outcomes:    9 episodes buffered
============================================================

[Phase] Env 18: Alice Failed | Moved: 0.027m < 0.01m threshold
[Reset] Env 18: Alice phase @ step 250/250 | Goals: 0/5 | Reason: Invalid Goal
[Reset] Env 23: Alice phase @ step 250/250 | Goals: 0/5 | Reason: Invalid Goal
[Reset] Resetting objects to SAFE pose for 2 envs
[Reset] Resetting ROBOT joints for 2 envs
[Phase] Env 0: Alice Failed | Moved: 0.027m < 0.01m threshold
[Reset] Env 0: Alice phase @ step 250/250 | Goals: 0/5 | Reason: Invalid Goal
[Reset] Env 4: Alice phase @ step 250/250 | Goals: 0/5 | Reason: Invalid Goal
[Reset] Env 8: Alice phase @ step 250/250 | Goals: 0/5 | Reason: Invalid Goal
[Reset] Env 9: Alice phase @ step 250/250 | Goals: 0/5 | Reason: Invalid Goal
[Reset] Env 11: Alice phase @ step 250/250 | Goals: 0/5 | Reason: Invalid Goal
[Reset] Env 12: Alice phase @ step 250/250 | Goals: 0/5 | Reason: Invalid Goal
[Reset] Resetting objects to SAFE pose for 6 envs
[Reset] Resetting ROBOT joints for 6 envs
Update Alice: Iter 275

============================================================
ALICE UPDATE 275
============================================================
  Rewards:     mean=-1.0000 | min=0.0000 | max=0.0000
  Losses:      value=0.0001 | surrogate=1.2398
  Outcomes:    9 episodes buffered
============================================================

Update Bob: Iter 7

============================================================
BOB UPDATE 7
============================================================
  Success Rate: 0.0385 (52 eps)
  Rewards:      mean=0.0004
  Losses:       value=0.0196 | surrogate=1.8705 | ABC=12.2042
  Errors:       pos=0.0980 | rot=0.0051
============================================================

[Phase] Env 1: Alice Failed | Moved: 0.027m < 0.01m threshold
[Reset] Env 1: Alice phase @ step 250/250 | Goals: 0/5 | Reason: Invalid Goal
[Reset] Env 5: Alice phase @ step 250/250 | Goals: 0/5 | Reason: Invalid Goal
[Reset] Env 24: Alice phase @ step 250/250 | Goals: 0/5 | Reason: Invalid Goal
[Reset] Resetting objects to SAFE pose for 3 envs
[Reset] Resetting ROBOT joints for 3 envs
[Phase] Env 2: Alice Failed | Moved: 0.027m < 0.01m threshold
[Reset] Env 2: Alice phase @ step 250/250 | Goals: 0/5 | Reason: Invalid Goal
[Reset] Env 7: Alice phase @ step 250/250 | Goals: 0/5 | Reason: Invalid Goal
[Reset] Env 10: Alice phase @ step 250/250 | Goals: 0/5 | Reason: Invalid Goal
[Reset] Env 14: Alice phase @ step 250/250 | Goals: 0/5 | Reason: Invalid Goal
[Reset] Env 15: Alice phase @ step 250/250 | Goals: 0/5 | Reason: Invalid Goal
[Reset] Env 19: Alice phase @ step 250/250 | Goals: 0/5 | Reason: Invalid Goal
[Reset] Env 20: Alice phase @ step 250/250 | Goals: 0/5 | Reason: Invalid Goal
[Reset] Resetting objects to SAFE pose for 7 envs
[Reset] Resetting ROBOT joints for 7 envs
Update Alice: Iter 276

============================================================
ALICE UPDATE 276
============================================================
  Rewards:     mean=-1.0000 | min=0.0000 | max=0.0000
  Losses:      value=0.0005 | surrogate=1.3381
  Outcomes:    9 episodes buffered
============================================================

[Phase] Env 3: Alice Failed | Moved: 0.027m < 0.01m threshold
[Reset] Env 3: Alice phase @ step 250/250 | Goals: 0/5 | Reason: Invalid Goal
[Reset] Env 6: Alice phase @ step 250/250 | Goals: 0/5 | Reason: Invalid Goal
[Reset] Env 13: Alice phase @ step 250/250 | Goals: 0/5 | Reason: Invalid Goal
[Reset] Env 16: Alice phase @ step 250/250 | Goals: 0/5 | Reason: Invalid Goal
[Reset] Env 17: Alice phase @ step 250/250 | Goals: 0/5 | Reason: Invalid Goal
[Reset] Env 21: Alice phase @ step 250/250 | Goals: 0/5 | Reason: Invalid Goal
[Reset] Resetting objects to SAFE pose for 6 envs
[Reset] Resetting ROBOT joints for 6 envs
[Phase] Env 18: Alice Failed | Moved: 0.027m < 0.01m threshold
[Reset] Env 18: Alice phase @ step 250/250 | Goals: 0/5 | Reason: Invalid Goal
[Reset] Env 23: Alice phase @ step 250/250 | Goals: 0/5 | Reason: Invalid Goal
[Reset] Resetting objects to SAFE pose for 2 envs
[Reset] Resetting ROBOT joints for 2 envs
Update Alice: Iter 277

============================================================
ALICE UPDATE 277
============================================================
  Rewards:     mean=-1.0000 | min=0.0000 | max=0.0000
  Losses:      value=0.0005 | surrogate=1.3336
  Outcomes:    9 episodes buffered
============================================================

[Phase] Env 0: Alice Failed | Moved: 0.027m < 0.01m threshold
[Reset] Env 0: Alice phase @ step 250/250 | Goals: 0/5 | Reason: Invalid Goal
[Reset] Env 4: Alice phase @ step 250/250 | Goals: 0/5 | Reason: Invalid Goal
[Reset] Env 8: Alice phase @ step 250/250 | Goals: 0/5 | Reason: Invalid Goal
[Reset] Env 9: Alice phase @ step 250/250 | Goals: 0/5 | Reason: Invalid Goal
[Reset] Env 11: Alice phase @ step 250/250 | Goals: 0/5 | Reason: Invalid Goal
[Reset] Env 12: Alice phase @ step 250/250 | Goals: 0/5 | Reason: Invalid Goal
[Reset] Resetting objects to SAFE pose for 6 envs
[Reset] Resetting ROBOT joints for 6 envs
[Phase] Env 1: Alice Failed | Moved: 0.027m < 0.01m threshold
[Reset] Env 1: Alice phase @ step 250/250 | Goals: 0/5 | Reason: Invalid Goal
[Reset] Env 5: Alice phase @ step 250/250 | Goals: 0/5 | Reason: Invalid Goal
[Reset] Env 24: Alice phase @ step 250/250 | Goals: 0/5 | Reason: Invalid Goal
[Reset] Resetting objects to SAFE pose for 3 envs
[Reset] Resetting ROBOT joints for 3 envs
Update Alice: Iter 278

============================================================
ALICE UPDATE 278
============================================================
  Rewards:     mean=-1.0000 | min=0.0000 | max=0.0000
  Losses:      value=0.0001 | surrogate=1.3336
  Outcomes:    9 episodes buffered
============================================================

[Phase] Env 2: Alice Failed | Moved: 0.027m < 0.01m threshold
[Reset] Env 2: Alice phase @ step 250/250 | Goals: 0/5 | Reason: Invalid Goal
[Reset] Env 7: Alice phase @ step 250/250 | Goals: 0/5 | Reason: Invalid Goal
[Reset] Env 10: Alice phase @ step 250/250 | Goals: 0/5 | Reason: Invalid Goal
[Reset] Env 14: Alice phase @ step 250/250 | Goals: 0/5 | Reason: Invalid Goal
[Reset] Env 15: Alice phase @ step 250/250 | Goals: 0/5 | Reason: Invalid Goal
[Reset] Env 19: Alice phase @ step 250/250 | Goals: 0/5 | Reason: Invalid Goal
[Reset] Env 20: Alice phase @ step 250/250 | Goals: 0/5 | Reason: Invalid Goal
[Reset] Resetting objects to SAFE pose for 7 envs
[Reset] Resetting ROBOT joints for 7 envs
[Phase] Env 3: Alice Failed | Moved: 0.027m < 0.01m threshold
[Reset] Env 3: Alice phase @ step 250/250 | Goals: 0/5 | Reason: Invalid Goal
[Reset] Env 6: Alice phase @ step 250/250 | Goals: 0/5 | Reason: Invalid Goal
[Reset] Env 13: Alice phase @ step 250/250 | Goals: 0/5 | Reason: Invalid Goal
[Reset] Env 16: Alice phase @ step 250/250 | Goals: 0/5 | Reason: Invalid Goal
[Reset] Env 17: Alice phase @ step 250/250 | Goals: 0/5 | Reason: Invalid Goal
[Reset] Env 21: Alice phase @ step 250/250 | Goals: 0/5 | Reason: Invalid Goal
[Reset] Resetting objects to SAFE pose for 6 envs
[Reset] Resetting ROBOT joints for 6 envs
[Phase] Env 22: Bob FAILURE | Steps: 600/600
[Reset] Env 22: Bob phase @ step 600/600 | Goals: 1/5 | Reason: Bob Failed (or Max Goals)
[Reset] Resetting objects to SAFE pose for 1 envs
[Reset] Resetting ROBOT joints for 1 envs
Update Alice: Iter 279

============================================================
ALICE UPDATE 279
============================================================
  Rewards:     mean=-0.2222 | min=0.0000 | max=0.0000
  Losses:      value=0.0494 | surrogate=0.0442
  Outcomes:    9 episodes buffered
============================================================

[Phase] Env 18: Alice Failed | Moved: 0.027m < 0.01m threshold
[Reset] Env 18: Alice phase @ step 250/250 | Goals: 0/5 | Reason: Invalid Goal
[Reset] Env 23: Alice phase @ step 250/250 | Goals: 0/5 | Reason: Invalid Goal
[Reset] Resetting objects to SAFE pose for 2 envs
[Reset] Resetting ROBOT joints for 2 envs
[Phase] Env 0: Alice Failed | Moved: 0.027m < 0.01m threshold
[Reset] Env 0: Alice phase @ step 250/250 | Goals: 0/5 | Reason: Invalid Goal
[Reset] Env 4: Alice phase @ step 250/250 | Goals: 0/5 | Reason: Invalid Goal
[Reset] Env 8: Alice phase @ step 250/250 | Goals: 0/5 | Reason: Invalid Goal
[Reset] Env 9: Alice phase @ step 250/250 | Goals: 0/5 | Reason: Invalid Goal
[Reset] Env 11: Alice phase @ step 250/250 | Goals: 0/5 | Reason: Invalid Goal
[Reset] Env 12: Alice phase @ step 250/250 | Goals: 0/5 | Reason: Invalid Goal
[Reset] Resetting objects to SAFE pose for 6 envs
[Reset] Resetting ROBOT joints for 6 envs
Update Alice: Iter 280

============================================================
ALICE UPDATE 280
============================================================
  Rewards:     mean=-1.0000 | min=0.0000 | max=0.0000
  Losses:      value=0.0006 | surrogate=1.0114
  Outcomes:    9 episodes buffered
============================================================

[Phase] Env 1: Alice Failed | Moved: 0.027m < 0.01m threshold
[Reset] Env 1: Alice phase @ step 250/250 | Goals: 0/5 | Reason: Invalid Goal
[Reset] Env 5: Alice phase @ step 250/250 | Goals: 0/5 | Reason: Invalid Goal
[Reset] Env 24: Alice phase @ step 250/250 | Goals: 0/5 | Reason: Invalid Goal
[Reset] Resetting objects to SAFE pose for 3 envs
[Reset] Resetting ROBOT joints for 3 envs
[Phase] Env 2: Alice Failed | Moved: 0.027m < 0.01m threshold
[Reset] Env 2: Alice phase @ step 250/250 | Goals: 0/5 | Reason: Invalid Goal
[Reset] Env 7: Alice phase @ step 250/250 | Goals: 0/5 | Reason: Invalid Goal
[Reset] Env 10: Alice phase @ step 250/250 | Goals: 0/5 | Reason: Invalid Goal
[Reset] Env 14: Alice phase @ step 250/250 | Goals: 0/5 | Reason: Invalid Goal
[Reset] Env 15: Alice phase @ step 250/250 | Goals: 0/5 | Reason: Invalid Goal
[Reset] Env 19: Alice phase @ step 250/250 | Goals: 0/5 | Reason: Invalid Goal
[Reset] Env 20: Alice phase @ step 250/250 | Goals: 0/5 | Reason: Invalid Goal
[Reset] Resetting objects to SAFE pose for 7 envs
[Reset] Resetting ROBOT joints for 7 envs
Update Alice: Iter 281

============================================================
ALICE UPDATE 281
============================================================
  Rewards:     mean=-1.0000 | min=0.0000 | max=0.0000
  Losses:      value=0.0005 | surrogate=0.7933
  Outcomes:    9 episodes buffered
============================================================

[Phase] Env 3: Alice Failed | Moved: 0.027m < 0.01m threshold
[Reset] Env 3: Alice phase @ step 250/250 | Goals: 0/5 | Reason: Invalid Goal
[Reset] Env 6: Alice phase @ step 250/250 | Goals: 0/5 | Reason: Invalid Goal
[Reset] Env 13: Alice phase @ step 250/250 | Goals: 0/5 | Reason: Invalid Goal
[Reset] Env 16: Alice phase @ step 250/250 | Goals: 0/5 | Reason: Invalid Goal
[Reset] Env 17: Alice phase @ step 250/250 | Goals: 0/5 | Reason: Invalid Goal
[Reset] Env 21: Alice phase @ step 250/250 | Goals: 0/5 | Reason: Invalid Goal
[Reset] Env 22: Alice phase @ step 250/250 | Goals: 0/5 | Reason: Invalid Goal
[Reset] Resetting objects to SAFE pose for 7 envs
[Reset] Resetting ROBOT joints for 7 envs
Update Alice: Iter 282

============================================================
ALICE UPDATE 282
============================================================
  Rewards:     mean=-1.0000 | min=0.0000 | max=0.0000
  Losses:      value=0.0015 | surrogate=0.8304
  Outcomes:    9 episodes buffered
============================================================

[Phase] Env 18: Alice Failed | Moved: 0.027m < 0.01m threshold
[Reset] Env 18: Alice phase @ step 250/250 | Goals: 0/5 | Reason: Invalid Goal
[Reset] Env 23: Alice phase @ step 250/250 | Goals: 0/5 | Reason: Invalid Goal
[Reset] Resetting objects to SAFE pose for 2 envs
[Reset] Resetting ROBOT joints for 2 envs
[Phase] Env 0: Alice Failed | Moved: 0.027m < 0.01m threshold
[Reset] Env 0: Alice phase @ step 250/250 | Goals: 0/5 | Reason: Invalid Goal
[Reset] Env 4: Alice phase @ step 250/250 | Goals: 0/5 | Reason: Invalid Goal
[Reset] Env 8: Alice phase @ step 250/250 | Goals: 0/5 | Reason: Invalid Goal
[Reset] Env 9: Alice phase @ step 250/250 | Goals: 0/5 | Reason: Invalid Goal
[Reset] Env 11: Alice phase @ step 250/250 | Goals: 0/5 | Reason: Invalid Goal
[Reset] Env 12: Alice phase @ step 250/250 | Goals: 0/5 | Reason: Invalid Goal
[Reset] Resetting objects to SAFE pose for 6 envs
[Reset] Resetting ROBOT joints for 6 envs
Update Alice: Iter 283

============================================================
ALICE UPDATE 283
============================================================
  Rewards:     mean=-1.0000 | min=0.0000 | max=0.0000
  Losses:      value=0.0002 | surrogate=0.9536
  Outcomes:    9 episodes buffered
============================================================

[Phase] Env 1: Alice Failed | Moved: 0.027m < 0.01m threshold
[Reset] Env 1: Alice phase @ step 250/250 | Goals: 0/5 | Reason: Invalid Goal
[Reset] Env 5: Alice phase @ step 250/250 | Goals: 0/5 | Reason: Invalid Goal
[Reset] Env 24: Alice phase @ step 250/250 | Goals: 0/5 | Reason: Invalid Goal
[Reset] Resetting objects to SAFE pose for 3 envs
[Reset] Resetting ROBOT joints for 3 envs
[Phase] Env 2: Alice Failed | Moved: 0.027m < 0.01m threshold
[Reset] Env 2: Alice phase @ step 250/250 | Goals: 0/5 | Reason: Invalid Goal
[Reset] Env 7: Alice phase @ step 250/250 | Goals: 0/5 | Reason: Invalid Goal
[Reset] Env 10: Alice phase @ step 250/250 | Goals: 0/5 | Reason: Invalid Goal
[Reset] Env 14: Alice phase @ step 250/250 | Goals: 0/5 | Reason: Invalid Goal
[Reset] Env 15: Alice phase @ step 250/250 | Goals: 0/5 | Reason: Invalid Goal
[Reset] Env 19: Alice phase @ step 250/250 | Goals: 0/5 | Reason: Invalid Goal
[Reset] Env 20: Alice phase @ step 250/250 | Goals: 0/5 | Reason: Invalid Goal
[Reset] Resetting objects to SAFE pose for 7 envs
[Reset] Resetting ROBOT joints for 7 envs
Update Alice: Iter 284

============================================================
ALICE UPDATE 284
============================================================
  Rewards:     mean=-1.0000 | min=0.0000 | max=0.0000
  Losses:      value=0.0004 | surrogate=1.1302
  Outcomes:    9 episodes buffered
============================================================

[Phase] Env 3: Alice Failed | Moved: 0.027m < 0.01m threshold
[Reset] Env 3: Alice phase @ step 250/250 | Goals: 0/5 | Reason: Invalid Goal
[Reset] Env 6: Alice phase @ step 250/250 | Goals: 0/5 | Reason: Invalid Goal
[Reset] Env 13: Alice phase @ step 250/250 | Goals: 0/5 | Reason: Invalid Goal
[Reset] Env 16: Alice phase @ step 250/250 | Goals: 0/5 | Reason: Invalid Goal
[Reset] Env 17: Alice phase @ step 250/250 | Goals: 0/5 | Reason: Invalid Goal
[Reset] Env 21: Alice phase @ step 250/250 | Goals: 0/5 | Reason: Invalid Goal
[Reset] Env 22: Alice phase @ step 250/250 | Goals: 0/5 | Reason: Invalid Goal
[Reset] Resetting objects to SAFE pose for 7 envs
[Reset] Resetting ROBOT joints for 7 envs
Update Alice: Iter 285

============================================================
ALICE UPDATE 285
============================================================
  Rewards:     mean=-1.0000 | min=0.0000 | max=0.0000
  Losses:      value=0.0005 | surrogate=1.2719
  Outcomes:    9 episodes buffered
============================================================

[Phase] Env 18: Alice Failed | Moved: 0.027m < 0.01m threshold
[Reset] Env 18: Alice phase @ step 250/250 | Goals: 0/5 | Reason: Invalid Goal
[Reset] Env 23: Alice phase @ step 250/250 | Goals: 0/5 | Reason: Invalid Goal
[Reset] Resetting objects to SAFE pose for 2 envs
[Reset] Resetting ROBOT joints for 2 envs
[Phase] Env 0: Alice Failed | Moved: 0.027m < 0.01m threshold
[Reset] Env 0: Alice phase @ step 250/250 | Goals: 0/5 | Reason: Invalid Goal
[Reset] Env 4: Alice phase @ step 250/250 | Goals: 0/5 | Reason: Invalid Goal
[Reset] Env 8: Alice phase @ step 250/250 | Goals: 0/5 | Reason: Invalid Goal
[Reset] Env 9: Alice phase @ step 250/250 | Goals: 0/5 | Reason: Invalid Goal
[Reset] Env 11: Alice phase @ step 250/250 | Goals: 0/5 | Reason: Invalid Goal
[Reset] Env 12: Alice phase @ step 250/250 | Goals: 0/5 | Reason: Invalid Goal
[Reset] Resetting objects to SAFE pose for 6 envs
[Reset] Resetting ROBOT joints for 6 envs
Update Alice: Iter 286

============================================================
ALICE UPDATE 286
============================================================
  Rewards:     mean=-1.0000 | min=0.0000 | max=0.0000
  Losses:      value=0.0004 | surrogate=1.1767
  Outcomes:    9 episodes buffered
============================================================

[Phase] Env 1: Alice Failed | Moved: 0.027m < 0.01m threshold
[Reset] Env 1: Alice phase @ step 250/250 | Goals: 0/5 | Reason: Invalid Goal
[Reset] Env 5: Alice phase @ step 250/250 | Goals: 0/5 | Reason: Invalid Goal
[Reset] Env 24: Alice phase @ step 250/250 | Goals: 0/5 | Reason: Invalid Goal
[Reset] Resetting objects to SAFE pose for 3 envs
[Reset] Resetting ROBOT joints for 3 envs
[Phase] Env 2: Alice Failed | Moved: 0.027m < 0.01m threshold
[Reset] Env 2: Alice phase @ step 250/250 | Goals: 0/5 | Reason: Invalid Goal
[Reset] Env 7: Alice phase @ step 250/250 | Goals: 0/5 | Reason: Invalid Goal
[Reset] Env 10: Alice phase @ step 250/250 | Goals: 0/5 | Reason: Invalid Goal
[Reset] Env 14: Alice phase @ step 250/250 | Goals: 0/5 | Reason: Invalid Goal
[Reset] Env 15: Alice phase @ step 250/250 | Goals: 0/5 | Reason: Invalid Goal
[Reset] Env 19: Alice phase @ step 250/250 | Goals: 0/5 | Reason: Invalid Goal
[Reset] Env 20: Alice phase @ step 250/250 | Goals: 0/5 | Reason: Invalid Goal
[Reset] Resetting objects to SAFE pose for 7 envs
[Reset] Resetting ROBOT joints for 7 envs
Update Alice: Iter 287

============================================================
ALICE UPDATE 287
============================================================
  Rewards:     mean=-1.0000 | min=0.0000 | max=0.0000
  Losses:      value=0.0003 | surrogate=1.2298
  Outcomes:    9 episodes buffered
============================================================

[Phase] Env 3: Alice Failed | Moved: 0.027m < 0.01m threshold
[Reset] Env 3: Alice phase @ step 250/250 | Goals: 0/5 | Reason: Invalid Goal
[Reset] Env 6: Alice phase @ step 250/250 | Goals: 0/5 | Reason: Invalid Goal
[Reset] Env 13: Alice phase @ step 250/250 | Goals: 0/5 | Reason: Invalid Goal
[Reset] Env 16: Alice phase @ step 250/250 | Goals: 0/5 | Reason: Invalid Goal
[Reset] Env 17: Alice phase @ step 250/250 | Goals: 0/5 | Reason: Invalid Goal
[Reset] Env 21: Alice phase @ step 250/250 | Goals: 0/5 | Reason: Invalid Goal
[Reset] Env 22: Alice phase @ step 250/250 | Goals: 0/5 | Reason: Invalid Goal
[Reset] Resetting objects to SAFE pose for 7 envs
[Reset] Resetting ROBOT joints for 7 envs
[Phase] Env 18: Alice Failed | Moved: 0.027m < 0.01m threshold
[Reset] Env 18: Alice phase @ step 250/250 | Goals: 0/5 | Reason: Invalid Goal
[Reset] Env 23: Alice phase @ step 250/250 | Goals: 0/5 | Reason: Invalid Goal
[Reset] Resetting objects to SAFE pose for 2 envs
[Reset] Resetting ROBOT joints for 2 envs
Update Alice: Iter 288

============================================================
ALICE UPDATE 288
============================================================
  Rewards:     mean=-1.0000 | min=0.0000 | max=0.0000
  Losses:      value=0.0001 | surrogate=1.3440
  Outcomes:    9 episodes buffered
============================================================

[Phase] Env 0: Alice Failed | Moved: 0.027m < 0.01m threshold
[Reset] Env 0: Alice phase @ step 250/250 | Goals: 0/5 | Reason: Invalid Goal
[Reset] Env 4: Alice phase @ step 250/250 | Goals: 0/5 | Reason: Invalid Goal
[Reset] Env 8: Alice phase @ step 250/250 | Goals: 0/5 | Reason: Invalid Goal
[Reset] Env 9: Alice phase @ step 250/250 | Goals: 0/5 | Reason: Invalid Goal
[Reset] Env 11: Alice phase @ step 250/250 | Goals: 0/5 | Reason: Invalid Goal
[Reset] Env 12: Alice phase @ step 250/250 | Goals: 0/5 | Reason: Invalid Goal
[Reset] Resetting objects to SAFE pose for 6 envs
[Reset] Resetting ROBOT joints for 6 envs
[Phase] Env 1: Alice Failed | Moved: 0.027m < 0.01m threshold
[Reset] Env 1: Alice phase @ step 250/250 | Goals: 0/5 | Reason: Invalid Goal
[Reset] Env 5: Alice phase @ step 250/250 | Goals: 0/5 | Reason: Invalid Goal
[Reset] Env 24: Alice phase @ step 250/250 | Goals: 0/5 | Reason: Invalid Goal
[Reset] Resetting objects to SAFE pose for 3 envs
[Reset] Resetting ROBOT joints for 3 envs
Update Alice: Iter 289

============================================================
ALICE UPDATE 289
============================================================
  Rewards:     mean=-1.0000 | min=0.0000 | max=0.0000
  Losses:      value=0.0001 | surrogate=1.4081
  Outcomes:    9 episodes buffered
============================================================

[Phase] Env 2: Alice Failed | Moved: 0.027m < 0.01m threshold
[Reset] Env 2: Alice phase @ step 250/250 | Goals: 0/5 | Reason: Invalid Goal
[Reset] Env 7: Alice phase @ step 250/250 | Goals: 0/5 | Reason: Invalid Goal
[Reset] Env 10: Alice phase @ step 250/250 | Goals: 0/5 | Reason: Invalid Goal
[Reset] Env 14: Alice phase @ step 250/250 | Goals: 0/5 | Reason: Invalid Goal
[Reset] Env 15: Alice phase @ step 250/250 | Goals: 0/5 | Reason: Invalid Goal
[Reset] Env 19: Alice phase @ step 250/250 | Goals: 0/5 | Reason: Invalid Goal
[Reset] Env 20: Alice phase @ step 250/250 | Goals: 0/5 | Reason: Invalid Goal
[Reset] Resetting objects to SAFE pose for 7 envs
[Reset] Resetting ROBOT joints for 7 envs
[Phase] Env 3: Alice Failed | Moved: 0.027m < 0.01m threshold
[Reset] Env 3: Alice phase @ step 250/250 | Goals: 0/5 | Reason: Invalid Goal
[Reset] Env 6: Alice phase @ step 250/250 | Goals: 0/5 | Reason: Invalid Goal
[Reset] Env 13: Alice phase @ step 250/250 | Goals: 0/5 | Reason: Invalid Goal
[Reset] Env 16: Alice phase @ step 250/250 | Goals: 0/5 | Reason: Invalid Goal
[Reset] Env 17: Alice phase @ step 250/250 | Goals: 0/5 | Reason: Invalid Goal
[Reset] Env 21: Alice phase @ step 250/250 | Goals: 0/5 | Reason: Invalid Goal
[Reset] Env 22: Alice phase @ step 250/250 | Goals: 0/5 | Reason: Invalid Goal
[Reset] Resetting objects to SAFE pose for 7 envs
[Reset] Resetting ROBOT joints for 7 envs
Update Alice: Iter 290

============================================================
ALICE UPDATE 290
============================================================
  Rewards:     mean=-1.0000 | min=0.0000 | max=0.0000
  Losses:      value=0.0004 | surrogate=0.8434
  Outcomes:    9 episodes buffered
============================================================

[Phase] Env 18: Alice Failed | Moved: 0.027m < 0.01m threshold
[Reset] Env 18: Alice phase @ step 250/250 | Goals: 0/5 | Reason: Invalid Goal
[Reset] Env 23: Alice phase @ step 250/250 | Goals: 0/5 | Reason: Invalid Goal
[Reset] Resetting objects to SAFE pose for 2 envs
[Reset] Resetting ROBOT joints for 2 envs
[Phase] Env 0: Alice Failed | Moved: 0.027m < 0.01m threshold
[Reset] Env 0: Alice phase @ step 250/250 | Goals: 0/5 | Reason: Invalid Goal
[Reset] Env 4: Alice phase @ step 250/250 | Goals: 0/5 | Reason: Invalid Goal
[Reset] Env 8: Alice phase @ step 250/250 | Goals: 0/5 | Reason: Invalid Goal
[Reset] Env 9: Alice phase @ step 250/250 | Goals: 0/5 | Reason: Invalid Goal
[Reset] Env 11: Alice phase @ step 250/250 | Goals: 0/5 | Reason: Invalid Goal
[Reset] Env 12: Alice phase @ step 250/250 | Goals: 0/5 | Reason: Invalid Goal
[Reset] Resetting objects to SAFE pose for 6 envs
[Reset] Resetting ROBOT joints for 6 envs
Update Alice: Iter 291

============================================================
ALICE UPDATE 291
============================================================
  Rewards:     mean=-1.0000 | min=0.0000 | max=0.0000
  Losses:      value=0.0001 | surrogate=1.3534
  Outcomes:    9 episodes buffered
============================================================

[Phase] Env 1: Alice Failed | Moved: 0.027m < 0.01m threshold
[Reset] Env 1: Alice phase @ step 250/250 | Goals: 0/5 | Reason: Invalid Goal
[Reset] Env 5: Alice phase @ step 250/250 | Goals: 0/5 | Reason: Invalid Goal
[Reset] Env 24: Alice phase @ step 250/250 | Goals: 0/5 | Reason: Invalid Goal
[Reset] Resetting objects to SAFE pose for 3 envs
[Reset] Resetting ROBOT joints for 3 envs
[Phase] Env 2: Alice Failed | Moved: 0.027m < 0.01m threshold
[Reset] Env 2: Alice phase @ step 250/250 | Goals: 0/5 | Reason: Invalid Goal
[Reset] Env 7: Alice phase @ step 250/250 | Goals: 0/5 | Reason: Invalid Goal
[Reset] Env 10: Alice phase @ step 250/250 | Goals: 0/5 | Reason: Invalid Goal
[Reset] Env 14: Alice phase @ step 250/250 | Goals: 0/5 | Reason: Invalid Goal
[Reset] Env 15: Alice phase @ step 250/250 | Goals: 0/5 | Reason: Invalid Goal
[Reset] Env 19: Alice phase @ step 250/250 | Goals: 0/5 | Reason: Invalid Goal
[Reset] Env 20: Alice phase @ step 250/250 | Goals: 0/5 | Reason: Invalid Goal
[Reset] Resetting objects to SAFE pose for 7 envs
[Reset] Resetting ROBOT joints for 7 envs
Update Alice: Iter 292

============================================================
ALICE UPDATE 292
============================================================
  Rewards:     mean=-1.0000 | min=0.0000 | max=0.0000
  Losses:      value=0.0001 | surrogate=1.3489
  Outcomes:    9 episodes buffered
============================================================

[Phase] Env 3: Alice Failed | Moved: 0.027m < 0.01m threshold
[Reset] Env 3: Alice phase @ step 250/250 | Goals: 0/5 | Reason: Invalid Goal
[Reset] Env 6: Alice phase @ step 250/250 | Goals: 0/5 | Reason: Invalid Goal
[Reset] Env 13: Alice phase @ step 250/250 | Goals: 0/5 | Reason: Invalid Goal
[Reset] Env 16: Alice phase @ step 250/250 | Goals: 0/5 | Reason: Invalid Goal
[Reset] Env 17: Alice phase @ step 250/250 | Goals: 0/5 | Reason: Invalid Goal
[Reset] Env 21: Alice phase @ step 250/250 | Goals: 0/5 | Reason: Invalid Goal
[Reset] Env 22: Alice phase @ step 250/250 | Goals: 0/5 | Reason: Invalid Goal
[Reset] Resetting objects to SAFE pose for 7 envs
[Reset] Resetting ROBOT joints for 7 envs
Update Alice: Iter 293

============================================================
ALICE UPDATE 293
============================================================
  Rewards:     mean=-1.0000 | min=0.0000 | max=0.0000
  Losses:      value=0.0001 | surrogate=1.4190
  Outcomes:    9 episodes buffered
============================================================

[Phase] Env 18: Alice Failed | Moved: 0.027m < 0.01m threshold
[Reset] Env 18: Alice phase @ step 250/250 | Goals: 0/5 | Reason: Invalid Goal
[Reset] Env 23: Alice phase @ step 250/250 | Goals: 0/5 | Reason: Invalid Goal
[Reset] Resetting objects to SAFE pose for 2 envs
[Reset] Resetting ROBOT joints for 2 envs
[Phase] Env 0: Alice Failed | Moved: 0.027m < 0.01m threshold
[Reset] Env 0: Alice phase @ step 250/250 | Goals: 0/5 | Reason: Invalid Goal
[Reset] Env 4: Alice phase @ step 250/250 | Goals: 0/5 | Reason: Invalid Goal
[Reset] Env 8: Alice phase @ step 250/250 | Goals: 0/5 | Reason: Invalid Goal
[Reset] Env 9: Alice phase @ step 250/250 | Goals: 0/5 | Reason: Invalid Goal
[Reset] Env 11: Alice phase @ step 250/250 | Goals: 0/5 | Reason: Invalid Goal
[Reset] Env 12: Alice phase @ step 250/250 | Goals: 0/5 | Reason: Invalid Goal
[Reset] Resetting objects to SAFE pose for 6 envs
[Reset] Resetting ROBOT joints for 6 envs
Update Alice: Iter 294

============================================================
ALICE UPDATE 294
============================================================
  Rewards:     mean=-1.0000 | min=0.0000 | max=0.0000
  Losses:      value=0.0002 | surrogate=1.4185
  Outcomes:    9 episodes buffered
============================================================

[Phase] Env 1: Alice Failed | Moved: 0.027m < 0.01m threshold
[Reset] Env 1: Alice phase @ step 250/250 | Goals: 0/5 | Reason: Invalid Goal
[Reset] Env 5: Alice phase @ step 250/250 | Goals: 0/5 | Reason: Invalid Goal
[Reset] Env 24: Alice phase @ step 250/250 | Goals: 0/5 | Reason: Invalid Goal
[Reset] Resetting objects to SAFE pose for 3 envs
[Reset] Resetting ROBOT joints for 3 envs
[Phase] Env 2: Alice Failed | Moved: 0.027m < 0.01m threshold
[Reset] Env 2: Alice phase @ step 250/250 | Goals: 0/5 | Reason: Invalid Goal
[Reset] Env 7: Alice phase @ step 250/250 | Goals: 0/5 | Reason: Invalid Goal
[Reset] Env 10: Alice phase @ step 250/250 | Goals: 0/5 | Reason: Invalid Goal
[Reset] Env 14: Alice phase @ step 250/250 | Goals: 0/5 | Reason: Invalid Goal
[Reset] Env 15: Alice phase @ step 250/250 | Goals: 0/5 | Reason: Invalid Goal
[Reset] Env 19: Alice phase @ step 250/250 | Goals: 0/5 | Reason: Invalid Goal
[Reset] Env 20: Alice phase @ step 250/250 | Goals: 0/5 | Reason: Invalid Goal
[Reset] Resetting objects to SAFE pose for 7 envs
[Reset] Resetting ROBOT joints for 7 envs
Update Alice: Iter 295

============================================================
ALICE UPDATE 295
============================================================
  Rewards:     mean=-1.0000 | min=0.0000 | max=0.0000
  Losses:      value=0.0001 | surrogate=1.4650
  Outcomes:    9 episodes buffered
============================================================

[Phase] Env 3: Alice Failed | Moved: 0.027m < 0.01m threshold
[Reset] Env 3: Alice phase @ step 250/250 | Goals: 0/5 | Reason: Invalid Goal
[Reset] Env 6: Alice phase @ step 250/250 | Goals: 0/5 | Reason: Invalid Goal
[Reset] Env 13: Alice phase @ step 250/250 | Goals: 0/5 | Reason: Invalid Goal
[Reset] Env 16: Alice phase @ step 250/250 | Goals: 0/5 | Reason: Invalid Goal
[Reset] Env 17: Alice phase @ step 250/250 | Goals: 0/5 | Reason: Invalid Goal
[Reset] Env 21: Alice phase @ step 250/250 | Goals: 0/5 | Reason: Invalid Goal
[Reset] Env 22: Alice phase @ step 250/250 | Goals: 0/5 | Reason: Invalid Goal
[Reset] Resetting objects to SAFE pose for 7 envs
[Reset] Resetting ROBOT joints for 7 envs
Update Alice: Iter 296

============================================================
ALICE UPDATE 296
============================================================
  Rewards:     mean=-1.0000 | min=0.0000 | max=0.0000
  Losses:      value=0.0002 | surrogate=1.4152
  Outcomes:    9 episodes buffered
============================================================

[Phase] Env 18: Alice Failed | Moved: 0.027m < 0.01m threshold
[Reset] Env 18: Alice phase @ step 250/250 | Goals: 0/5 | Reason: Invalid Goal
[Reset] Env 23: Alice phase @ step 250/250 | Goals: 0/5 | Reason: Invalid Goal
[Reset] Resetting objects to SAFE pose for 2 envs
[Reset] Resetting ROBOT joints for 2 envs
[Phase] Env 0: Alice Failed | Moved: 0.027m < 0.01m threshold
[Reset] Env 0: Alice phase @ step 250/250 | Goals: 0/5 | Reason: Invalid Goal
[Reset] Env 4: Alice phase @ step 250/250 | Goals: 0/5 | Reason: Invalid Goal
[Reset] Env 8: Alice phase @ step 250/250 | Goals: 0/5 | Reason: Invalid Goal
[Reset] Env 9: Alice phase @ step 250/250 | Goals: 0/5 | Reason: Invalid Goal
[Reset] Env 11: Alice phase @ step 250/250 | Goals: 0/5 | Reason: Invalid Goal
[Reset] Env 12: Alice phase @ step 250/250 | Goals: 0/5 | Reason: Invalid Goal
[Reset] Resetting objects to SAFE pose for 6 envs
[Reset] Resetting ROBOT joints for 6 envs
Update Alice: Iter 297

============================================================
ALICE UPDATE 297
============================================================
  Rewards:     mean=-1.0000 | min=0.0000 | max=0.0000
  Losses:      value=0.0001 | surrogate=1.3736
  Outcomes:    9 episodes buffered
============================================================

[Phase] Env 1: Alice Failed | Moved: 0.027m < 0.01m threshold
[Reset] Env 1: Alice phase @ step 250/250 | Goals: 0/5 | Reason: Invalid Goal
[Reset] Env 5: Alice phase @ step 250/250 | Goals: 0/5 | Reason: Invalid Goal
[Reset] Env 24: Alice phase @ step 250/250 | Goals: 0/5 | Reason: Invalid Goal
[Reset] Resetting objects to SAFE pose for 3 envs
[Reset] Resetting ROBOT joints for 3 envs
[Phase] Env 2: Alice Failed | Moved: 0.027m < 0.01m threshold
[Reset] Env 2: Alice phase @ step 250/250 | Goals: 0/5 | Reason: Invalid Goal
[Reset] Env 7: Alice phase @ step 250/250 | Goals: 0/5 | Reason: Invalid Goal
[Reset] Env 10: Alice phase @ step 250/250 | Goals: 0/5 | Reason: Invalid Goal
[Reset] Env 14: Alice phase @ step 250/250 | Goals: 0/5 | Reason: Invalid Goal
[Reset] Env 15: Alice phase @ step 250/250 | Goals: 0/5 | Reason: Invalid Goal
[Reset] Env 19: Alice phase @ step 250/250 | Goals: 0/5 | Reason: Invalid Goal
[Reset] Env 20: Alice phase @ step 250/250 | Goals: 0/5 | Reason: Invalid Goal
[Reset] Resetting objects to SAFE pose for 7 envs
[Reset] Resetting ROBOT joints for 7 envs
Update Alice: Iter 298

============================================================
ALICE UPDATE 298
============================================================
  Rewards:     mean=-1.0000 | min=0.0000 | max=0.0000
  Losses:      value=0.0001 | surrogate=1.3582
  Outcomes:    9 episodes buffered
============================================================

[Phase] Env 3: Alice Failed | Moved: 0.027m < 0.01m threshold
[Reset] Env 3: Alice phase @ step 250/250 | Goals: 0/5 | Reason: Invalid Goal
[Reset] Env 6: Alice phase @ step 250/250 | Goals: 0/5 | Reason: Invalid Goal
[Reset] Env 13: Alice phase @ step 250/250 | Goals: 0/5 | Reason: Invalid Goal
[Reset] Env 16: Alice phase @ step 250/250 | Goals: 0/5 | Reason: Invalid Goal
[Reset] Env 17: Alice phase @ step 250/250 | Goals: 0/5 | Reason: Invalid Goal
[Reset] Env 21: Alice phase @ step 250/250 | Goals: 0/5 | Reason: Invalid Goal
[Reset] Env 22: Alice phase @ step 250/250 | Goals: 0/5 | Reason: Invalid Goal
[Reset] Resetting objects to SAFE pose for 7 envs
[Reset] Resetting ROBOT joints for 7 envs
Update Alice: Iter 299

============================================================
ALICE UPDATE 299
============================================================
  Rewards:     mean=-1.0000 | min=0.0000 | max=0.0000
  Losses:      value=0.0003 | surrogate=1.1757
  Outcomes:    9 episodes buffered
============================================================

[Phase] Env 18: Alice Failed | Moved: 0.027m < 0.01m threshold
[Reset] Env 18: Alice phase @ step 250/250 | Goals: 0/5 | Reason: Invalid Goal
[Reset] Env 23: Alice phase @ step 250/250 | Goals: 0/5 | Reason: Invalid Goal
[Reset] Resetting objects to SAFE pose for 2 envs
[Reset] Resetting ROBOT joints for 2 envs
[Phase] Env 0: Alice Failed | Moved: 0.027m < 0.01m threshold
[Reset] Env 0: Alice phase @ step 250/250 | Goals: 0/5 | Reason: Invalid Goal
[Reset] Env 4: Alice phase @ step 250/250 | Goals: 0/5 | Reason: Invalid Goal
[Reset] Env 8: Alice phase @ step 250/250 | Goals: 0/5 | Reason: Invalid Goal
[Reset] Env 9: Alice phase @ step 250/250 | Goals: 0/5 | Reason: Invalid Goal
[Reset] Env 11: Alice phase @ step 250/250 | Goals: 0/5 | Reason: Invalid Goal
[Reset] Env 12: Alice phase @ step 250/250 | Goals: 0/5 | Reason: Invalid Goal
[Reset] Resetting objects to SAFE pose for 6 envs
[Reset] Resetting ROBOT joints for 6 envs
[Phase] Env 1: Alice Failed | Moved: 0.027m < 0.01m threshold
[Reset] Env 1: Alice phase @ step 250/250 | Goals: 0/5 | Reason: Invalid Goal
[Reset] Env 5: Alice phase @ step 250/250 | Goals: 0/5 | Reason: Invalid Goal
[Reset] Env 24: Alice phase @ step 250/250 | Goals: 0/5 | Reason: Invalid Goal
[Reset] Resetting objects to SAFE pose for 3 envs
[Reset] Resetting ROBOT joints for 3 envs
Update Alice: Iter 300

============================================================
ALICE UPDATE 300
============================================================
  Rewards:     mean=-1.0000 | min=0.0000 | max=0.0000
  Losses:      value=0.0004 | surrogate=1.2463
  Outcomes:    9 episodes buffered
============================================================

[Phase] Env 2: Alice Failed | Moved: 0.027m < 0.01m threshold
[Reset] Env 2: Alice phase @ step 250/250 | Goals: 0/5 | Reason: Invalid Goal
[Reset] Env 7: Alice phase @ step 250/250 | Goals: 0/5 | Reason: Invalid Goal
[Reset] Env 10: Alice phase @ step 250/250 | Goals: 0/5 | Reason: Invalid Goal
[Reset] Env 14: Alice phase @ step 250/250 | Goals: 0/5 | Reason: Invalid Goal
[Reset] Env 15: Alice phase @ step 250/250 | Goals: 0/5 | Reason: Invalid Goal
[Reset] Env 19: Alice phase @ step 250/250 | Goals: 0/5 | Reason: Invalid Goal
[Reset] Env 20: Alice phase @ step 250/250 | Goals: 0/5 | Reason: Invalid Goal
[Reset] Resetting objects to SAFE pose for 7 envs
[Reset] Resetting ROBOT joints for 7 envs
Update Alice: Iter 301

============================================================
ALICE UPDATE 301
============================================================
  Rewards:     mean=-1.0000 | min=0.0000 | max=0.0000
  Losses:      value=0.0008 | surrogate=1.2895
  Outcomes:    9 episodes buffered
============================================================

[Phase] Env 3: Alice Failed | Moved: 0.027m < 0.01m threshold
[Reset] Env 3: Alice phase @ step 250/250 | Goals: 0/5 | Reason: Invalid Goal
[Reset] Env 6: Alice phase @ step 250/250 | Goals: 0/5 | Reason: Invalid Goal
[Reset] Env 13: Alice phase @ step 250/250 | Goals: 0/5 | Reason: Invalid Goal
[Reset] Env 16: Alice phase @ step 250/250 | Goals: 0/5 | Reason: Invalid Goal
[Reset] Env 17: Alice phase @ step 250/250 | Goals: 0/5 | Reason: Invalid Goal
[Reset] Env 21: Alice phase @ step 250/250 | Goals: 0/5 | Reason: Invalid Goal
[Reset] Env 22: Alice phase @ step 250/250 | Goals: 0/5 | Reason: Invalid Goal
[Reset] Resetting objects to SAFE pose for 7 envs
[Reset] Resetting ROBOT joints for 7 envs
[Phase] Env 18: Alice Failed | Moved: 0.027m < 0.01m threshold
[Reset] Env 18: Alice phase @ step 250/250 | Goals: 0/5 | Reason: Invalid Goal
[Reset] Env 23: Alice phase @ step 250/250 | Goals: 0/5 | Reason: Invalid Goal
[Reset] Resetting objects to SAFE pose for 2 envs
[Reset] Resetting ROBOT joints for 2 envs
Update Alice: Iter 302

============================================================
ALICE UPDATE 302
============================================================
  Rewards:     mean=-1.0000 | min=0.0000 | max=0.0000
  Losses:      value=0.0004 | surrogate=1.3122
  Outcomes:    9 episodes buffered
============================================================

[Phase] Env 0: Alice Failed | Moved: 0.027m < 0.01m threshold
[Reset] Env 0: Alice phase @ step 250/250 | Goals: 0/5 | Reason: Invalid Goal
[Reset] Env 4: Alice phase @ step 250/250 | Goals: 0/5 | Reason: Invalid Goal
[Reset] Env 8: Alice phase @ step 250/250 | Goals: 0/5 | Reason: Invalid Goal
[Reset] Env 9: Alice phase @ step 250/250 | Goals: 0/5 | Reason: Invalid Goal
[Reset] Env 11: Alice phase @ step 250/250 | Goals: 0/5 | Reason: Invalid Goal
[Reset] Env 12: Alice phase @ step 250/250 | Goals: 0/5 | Reason: Invalid Goal
[Reset] Resetting objects to SAFE pose for 6 envs
[Reset] Resetting ROBOT joints for 6 envs
[Phase] Env 1: Alice Failed | Moved: 0.027m < 0.01m threshold
[Reset] Env 1: Alice phase @ step 250/250 | Goals: 0/5 | Reason: Invalid Goal
[Reset] Env 5: Alice phase @ step 250/250 | Goals: 0/5 | Reason: Invalid Goal
[Reset] Env 24: Alice phase @ step 250/250 | Goals: 0/5 | Reason: Invalid Goal
[Reset] Resetting objects to SAFE pose for 3 envs
[Reset] Resetting ROBOT joints for 3 envs
Update Alice: Iter 303

============================================================
ALICE UPDATE 303
============================================================
  Rewards:     mean=-1.0000 | min=0.0000 | max=0.0000
  Losses:      value=0.0002 | surrogate=1.3178
  Outcomes:    9 episodes buffered
============================================================

[Phase] Env 2: Alice Failed | Moved: 0.027m < 0.01m threshold
[Reset] Env 2: Alice phase @ step 250/250 | Goals: 0/5 | Reason: Invalid Goal
[Reset] Env 7: Alice phase @ step 250/250 | Goals: 0/5 | Reason: Invalid Goal
[Reset] Env 10: Alice phase @ step 250/250 | Goals: 0/5 | Reason: Invalid Goal
[Reset] Env 14: Alice phase @ step 250/250 | Goals: 0/5 | Reason: Invalid Goal
[Reset] Env 15: Alice phase @ step 250/250 | Goals: 0/5 | Reason: Invalid Goal
[Reset] Env 19: Alice phase @ step 250/250 | Goals: 0/5 | Reason: Invalid Goal
[Reset] Env 20: Alice phase @ step 250/250 | Goals: 0/5 | Reason: Invalid Goal
[Reset] Resetting objects to SAFE pose for 7 envs
[Reset] Resetting ROBOT joints for 7 envs
[Phase] Env 3: Alice Failed | Moved: 0.027m < 0.01m threshold
[Reset] Env 3: Alice phase @ step 250/250 | Goals: 0/5 | Reason: Invalid Goal
[Reset] Env 6: Alice phase @ step 250/250 | Goals: 0/5 | Reason: Invalid Goal
[Reset] Env 13: Alice phase @ step 250/250 | Goals: 0/5 | Reason: Invalid Goal
[Reset] Env 16: Alice phase @ step 250/250 | Goals: 0/5 | Reason: Invalid Goal
[Reset] Env 17: Alice phase @ step 250/250 | Goals: 0/5 | Reason: Invalid Goal
[Reset] Env 21: Alice phase @ step 250/250 | Goals: 0/5 | Reason: Invalid Goal
[Reset] Env 22: Alice phase @ step 250/250 | Goals: 0/5 | Reason: Invalid Goal
[Reset] Resetting objects to SAFE pose for 7 envs
[Reset] Resetting ROBOT joints for 7 envs
Update Alice: Iter 304

============================================================
ALICE UPDATE 304
============================================================
  Rewards:     mean=-1.0000 | min=0.0000 | max=0.0000
  Losses:      value=0.0001 | surrogate=1.4595
  Outcomes:    9 episodes buffered
============================================================

[Phase] Env 18: Alice Failed | Moved: 0.027m < 0.01m threshold
[Reset] Env 18: Alice phase @ step 250/250 | Goals: 0/5 | Reason: Invalid Goal
[Reset] Env 23: Alice phase @ step 250/250 | Goals: 0/5 | Reason: Invalid Goal
[Reset] Resetting objects to SAFE pose for 2 envs
[Reset] Resetting ROBOT joints for 2 envs
[Phase] Env 0: Alice Failed | Moved: 0.027m < 0.01m threshold
[Reset] Env 0: Alice phase @ step 250/250 | Goals: 0/5 | Reason: Invalid Goal
[Reset] Env 4: Alice phase @ step 250/250 | Goals: 0/5 | Reason: Invalid Goal
[Reset] Env 8: Alice phase @ step 250/250 | Goals: 0/5 | Reason: Invalid Goal
[Reset] Env 9: Alice phase @ step 250/250 | Goals: 0/5 | Reason: Invalid Goal
[Reset] Env 11: Alice phase @ step 250/250 | Goals: 0/5 | Reason: Invalid Goal
[Reset] Env 12: Alice phase @ step 250/250 | Goals: 0/5 | Reason: Invalid Goal
[Reset] Resetting objects to SAFE pose for 6 envs
[Reset] Resetting ROBOT joints for 6 envs
Update Alice: Iter 305

============================================================
ALICE UPDATE 305
============================================================
  Rewards:     mean=-1.0000 | min=0.0000 | max=0.0000
  Losses:      value=0.0001 | surrogate=1.3392
  Outcomes:    9 episodes buffered
============================================================

[Phase] Env 1: Alice Failed | Moved: 0.027m < 0.01m threshold
[Reset] Env 1: Alice phase @ step 250/250 | Goals: 0/5 | Reason: Invalid Goal
[Reset] Env 5: Alice phase @ step 250/250 | Goals: 0/5 | Reason: Invalid Goal
[Reset] Env 24: Alice phase @ step 250/250 | Goals: 0/5 | Reason: Invalid Goal
[Reset] Resetting objects to SAFE pose for 3 envs
[Reset] Resetting ROBOT joints for 3 envs
[Phase] Env 2: Alice Failed | Moved: 0.027m < 0.01m threshold
[Reset] Env 2: Alice phase @ step 250/250 | Goals: 0/5 | Reason: Invalid Goal
[Reset] Env 7: Alice phase @ step 250/250 | Goals: 0/5 | Reason: Invalid Goal
[Reset] Env 10: Alice phase @ step 250/250 | Goals: 0/5 | Reason: Invalid Goal
[Reset] Env 14: Alice phase @ step 250/250 | Goals: 0/5 | Reason: Invalid Goal
[Reset] Env 15: Alice phase @ step 250/250 | Goals: 0/5 | Reason: Invalid Goal
[Reset] Env 19: Alice phase @ step 250/250 | Goals: 0/5 | Reason: Invalid Goal
[Reset] Env 20: Alice phase @ step 250/250 | Goals: 0/5 | Reason: Invalid Goal
[Reset] Resetting objects to SAFE pose for 7 envs
[Reset] Resetting ROBOT joints for 7 envs
Update Alice: Iter 306

============================================================
ALICE UPDATE 306
============================================================
  Rewards:     mean=-1.0000 | min=0.0000 | max=0.0000
  Losses:      value=0.0005 | surrogate=1.0481
  Outcomes:    9 episodes buffered
============================================================

[Phase] Env 3: Alice Failed | Moved: 0.027m < 0.01m threshold
[Reset] Env 3: Alice phase @ step 250/250 | Goals: 0/5 | Reason: Invalid Goal
[Reset] Env 6: Alice phase @ step 250/250 | Goals: 0/5 | Reason: Invalid Goal
[Reset] Env 13: Alice phase @ step 250/250 | Goals: 0/5 | Reason: Invalid Goal
[Reset] Env 16: Alice phase @ step 250/250 | Goals: 0/5 | Reason: Invalid Goal
[Reset] Env 17: Alice phase @ step 250/250 | Goals: 0/5 | Reason: Invalid Goal
[Reset] Env 21: Alice phase @ step 250/250 | Goals: 0/5 | Reason: Invalid Goal
[Reset] Env 22: Alice phase @ step 250/250 | Goals: 0/5 | Reason: Invalid Goal
[Reset] Resetting objects to SAFE pose for 7 envs
[Reset] Resetting ROBOT joints for 7 envs
Update Alice: Iter 307

============================================================
ALICE UPDATE 307
============================================================
  Rewards:     mean=-1.0000 | min=0.0000 | max=0.0000
  Losses:      value=0.0010 | surrogate=1.7215
  Outcomes:    9 episodes buffered
============================================================

[Phase] Env 18: Alice Failed | Moved: 0.027m < 0.01m threshold
[Reset] Env 18: Alice phase @ step 250/250 | Goals: 0/5 | Reason: Invalid Goal
[Reset] Env 23: Alice phase @ step 250/250 | Goals: 0/5 | Reason: Invalid Goal
[Reset] Resetting objects to SAFE pose for 2 envs
[Reset] Resetting ROBOT joints for 2 envs
[Phase] Env 0: Alice Failed | Moved: 0.027m < 0.01m threshold
[Reset] Env 0: Alice phase @ step 250/250 | Goals: 0/5 | Reason: Invalid Goal
[Reset] Env 4: Alice phase @ step 250/250 | Goals: 0/5 | Reason: Invalid Goal
[Reset] Env 8: Alice phase @ step 250/250 | Goals: 0/5 | Reason: Invalid Goal
[Reset] Env 9: Alice phase @ step 250/250 | Goals: 0/5 | Reason: Invalid Goal
[Reset] Env 11: Alice phase @ step 250/250 | Goals: 0/5 | Reason: Invalid Goal
[Reset] Env 12: Alice phase @ step 250/250 | Goals: 0/5 | Reason: Invalid Goal
[Reset] Resetting objects to SAFE pose for 6 envs
[Reset] Resetting ROBOT joints for 6 envs
Update Alice: Iter 308

============================================================
ALICE UPDATE 308
============================================================
  Rewards:     mean=-1.0000 | min=0.0000 | max=0.0000
  Losses:      value=0.0007 | surrogate=1.1866
  Outcomes:    9 episodes buffered
============================================================

[Phase] Env 1: Alice Failed | Moved: 0.027m < 0.01m threshold
[Reset] Env 1: Alice phase @ step 250/250 | Goals: 0/5 | Reason: Invalid Goal
[Reset] Env 5: Alice phase @ step 250/250 | Goals: 0/5 | Reason: Invalid Goal
[Reset] Env 24: Alice phase @ step 250/250 | Goals: 0/5 | Reason: Invalid Goal
[Reset] Resetting objects to SAFE pose for 3 envs
[Reset] Resetting ROBOT joints for 3 envs
[Phase] Env 2: Alice Failed | Moved: 0.027m < 0.01m threshold
[Reset] Env 2: Alice phase @ step 250/250 | Goals: 0/5 | Reason: Invalid Goal
[Reset] Env 7: Alice phase @ step 250/250 | Goals: 0/5 | Reason: Invalid Goal
[Reset] Env 10: Alice phase @ step 250/250 | Goals: 0/5 | Reason: Invalid Goal
[Reset] Env 14: Alice phase @ step 250/250 | Goals: 0/5 | Reason: Invalid Goal
[Reset] Env 15: Alice phase @ step 250/250 | Goals: 0/5 | Reason: Invalid Goal
[Reset] Env 19: Alice phase @ step 250/250 | Goals: 0/5 | Reason: Invalid Goal
[Reset] Env 20: Alice phase @ step 250/250 | Goals: 0/5 | Reason: Invalid Goal
[Reset] Resetting objects to SAFE pose for 7 envs
[Reset] Resetting ROBOT joints for 7 envs
Update Alice: Iter 309

============================================================
ALICE UPDATE 309
============================================================
  Rewards:     mean=-1.0000 | min=0.0000 | max=0.0000
  Losses:      value=0.0002 | surrogate=0.8767
  Outcomes:    9 episodes buffered
============================================================

[Phase] Env 3: Alice Failed | Moved: 0.027m < 0.01m threshold
[Reset] Env 3: Alice phase @ step 250/250 | Goals: 0/5 | Reason: Invalid Goal
[Reset] Env 6: Alice phase @ step 250/250 | Goals: 0/5 | Reason: Invalid Goal
[Reset] Env 13: Alice phase @ step 250/250 | Goals: 0/5 | Reason: Invalid Goal
[Reset] Env 16: Alice phase @ step 250/250 | Goals: 0/5 | Reason: Invalid Goal
[Reset] Env 17: Alice phase @ step 250/250 | Goals: 0/5 | Reason: Invalid Goal
[Reset] Env 21: Alice phase @ step 250/250 | Goals: 0/5 | Reason: Invalid Goal
[Reset] Env 22: Alice phase @ step 250/250 | Goals: 0/5 | Reason: Invalid Goal
[Reset] Resetting objects to SAFE pose for 7 envs
[Reset] Resetting ROBOT joints for 7 envs
Update Alice: Iter 310

============================================================
ALICE UPDATE 310
============================================================
  Rewards:     mean=-1.0000 | min=0.0000 | max=0.0000
  Losses:      value=0.0001 | surrogate=0.8653
  Outcomes:    9 episodes buffered
============================================================

[Phase] Env 18: Alice Failed | Moved: 0.027m < 0.01m threshold
[Reset] Env 18: Alice phase @ step 250/250 | Goals: 0/5 | Reason: Invalid Goal
[Reset] Env 23: Alice phase @ step 250/250 | Goals: 0/5 | Reason: Invalid Goal
[Reset] Resetting objects to SAFE pose for 2 envs
[Reset] Resetting ROBOT joints for 2 envs
[Phase] Env 0: Alice Failed | Moved: 0.027m < 0.01m threshold
[Reset] Env 0: Alice phase @ step 250/250 | Goals: 0/5 | Reason: Invalid Goal
[Reset] Env 4: Alice phase @ step 250/250 | Goals: 0/5 | Reason: Invalid Goal
[Reset] Env 8: Alice phase @ step 250/250 | Goals: 0/5 | Reason: Invalid Goal
[Reset] Env 9: Alice phase @ step 250/250 | Goals: 0/5 | Reason: Invalid Goal
[Reset] Env 11: Alice phase @ step 250/250 | Goals: 0/5 | Reason: Invalid Goal
[Reset] Env 12: Alice phase @ step 250/250 | Goals: 0/5 | Reason: Invalid Goal
[Reset] Resetting objects to SAFE pose for 6 envs
[Reset] Resetting ROBOT joints for 6 envs
Update Alice: Iter 311

============================================================
ALICE UPDATE 311
============================================================
  Rewards:     mean=-1.0000 | min=0.0000 | max=0.0000
  Losses:      value=0.0001 | surrogate=0.8637
  Outcomes:    9 episodes buffered
============================================================

[Phase] Env 1: Alice Failed | Moved: 0.027m < 0.01m threshold
[Reset] Env 1: Alice phase @ step 250/250 | Goals: 0/5 | Reason: Invalid Goal
[Reset] Env 5: Alice phase @ step 250/250 | Goals: 0/5 | Reason: Invalid Goal
[Reset] Env 24: Alice phase @ step 250/250 | Goals: 0/5 | Reason: Invalid Goal
[Reset] Resetting objects to SAFE pose for 3 envs
[Reset] Resetting ROBOT joints for 3 envs
[Phase] Env 2: Alice Failed | Moved: 0.027m < 0.01m threshold
[Reset] Env 2: Alice phase @ step 250/250 | Goals: 0/5 | Reason: Invalid Goal
[Reset] Env 7: Alice phase @ step 250/250 | Goals: 0/5 | Reason: Invalid Goal
[Reset] Env 10: Alice phase @ step 250/250 | Goals: 0/5 | Reason: Invalid Goal
[Reset] Env 14: Alice phase @ step 250/250 | Goals: 0/5 | Reason: Invalid Goal
[Reset] Env 15: Alice phase @ step 250/250 | Goals: 0/5 | Reason: Invalid Goal
[Reset] Env 19: Alice phase @ step 250/250 | Goals: 0/5 | Reason: Invalid Goal
[Reset] Env 20: Alice phase @ step 250/250 | Goals: 0/5 | Reason: Invalid Goal
[Reset] Resetting objects to SAFE pose for 7 envs
[Reset] Resetting ROBOT joints for 7 envs
Update Alice: Iter 312

============================================================
ALICE UPDATE 312
============================================================
  Rewards:     mean=-1.0000 | min=0.0000 | max=0.0000
  Losses:      value=0.0004 | surrogate=0.8505
  Outcomes:    9 episodes buffered
============================================================

[Phase] Env 3: Alice Failed | Moved: 0.027m < 0.01m threshold
[Reset] Env 3: Alice phase @ step 250/250 | Goals: 0/5 | Reason: Invalid Goal
[Reset] Env 6: Alice phase @ step 250/250 | Goals: 0/5 | Reason: Invalid Goal
[Reset] Env 13: Alice phase @ step 250/250 | Goals: 0/5 | Reason: Invalid Goal
[Reset] Env 16: Alice phase @ step 250/250 | Goals: 0/5 | Reason: Invalid Goal
[Reset] Env 17: Alice phase @ step 250/250 | Goals: 0/5 | Reason: Invalid Goal
[Reset] Env 21: Alice phase @ step 250/250 | Goals: 0/5 | Reason: Invalid Goal
[Reset] Env 22: Alice phase @ step 250/250 | Goals: 0/5 | Reason: Invalid Goal
[Reset] Resetting objects to SAFE pose for 7 envs
[Reset] Resetting ROBOT joints for 7 envs
[Phase] Env 18: Alice Failed | Moved: 0.027m < 0.01m threshold
[Reset] Env 18: Alice phase @ step 250/250 | Goals: 0/5 | Reason: Invalid Goal
[Reset] Env 23: Alice phase @ step 250/250 | Goals: 0/5 | Reason: Invalid Goal
[Reset] Resetting objects to SAFE pose for 2 envs
[Reset] Resetting ROBOT joints for 2 envs
Update Alice: Iter 313

============================================================
ALICE UPDATE 313
============================================================
  Rewards:     mean=-1.0000 | min=0.0000 | max=0.0000
  Losses:      value=0.0001 | surrogate=1.1264
  Outcomes:    9 episodes buffered
============================================================

[Phase] Env 0: Alice Failed | Moved: 0.027m < 0.01m threshold
[Reset] Env 0: Alice phase @ step 250/250 | Goals: 0/5 | Reason: Invalid Goal
[Reset] Env 4: Alice phase @ step 250/250 | Goals: 0/5 | Reason: Invalid Goal
[Reset] Env 8: Alice phase @ step 250/250 | Goals: 0/5 | Reason: Invalid Goal
[Reset] Env 9: Alice phase @ step 250/250 | Goals: 0/5 | Reason: Invalid Goal
[Reset] Env 11: Alice phase @ step 250/250 | Goals: 0/5 | Reason: Invalid Goal
[Reset] Env 12: Alice phase @ step 250/250 | Goals: 0/5 | Reason: Invalid Goal
[Reset] Resetting objects to SAFE pose for 6 envs
[Reset] Resetting ROBOT joints for 6 envs
[Phase] Env 1: Alice Failed | Moved: 0.027m < 0.01m threshold
[Reset] Env 1: Alice phase @ step 250/250 | Goals: 0/5 | Reason: Invalid Goal
[Reset] Env 5: Alice phase @ step 250/250 | Goals: 0/5 | Reason: Invalid Goal
[Reset] Env 24: Alice phase @ step 250/250 | Goals: 0/5 | Reason: Invalid Goal
[Reset] Resetting objects to SAFE pose for 3 envs
[Reset] Resetting ROBOT joints for 3 envs
Update Alice: Iter 314

============================================================
ALICE UPDATE 314
============================================================
  Rewards:     mean=-1.0000 | min=0.0000 | max=0.0000
  Losses:      value=0.0001 | surrogate=1.2088
  Outcomes:    9 episodes buffered
============================================================

[Phase] Env 2: Alice Failed | Moved: 0.027m < 0.01m threshold
[Reset] Env 2: Alice phase @ step 250/250 | Goals: 0/5 | Reason: Invalid Goal
[Reset] Env 7: Alice phase @ step 250/250 | Goals: 0/5 | Reason: Invalid Goal
[Reset] Env 10: Alice phase @ step 250/250 | Goals: 0/5 | Reason: Invalid Goal
[Reset] Env 14: Alice phase @ step 250/250 | Goals: 0/5 | Reason: Invalid Goal
[Reset] Env 15: Alice phase @ step 250/250 | Goals: 0/5 | Reason: Invalid Goal
[Reset] Env 19: Alice phase @ step 250/250 | Goals: 0/5 | Reason: Invalid Goal
[Reset] Env 20: Alice phase @ step 250/250 | Goals: 0/5 | Reason: Invalid Goal
[Reset] Resetting objects to SAFE pose for 7 envs
[Reset] Resetting ROBOT joints for 7 envs
[Phase] Env 3: Alice Failed | Moved: 0.027m < 0.01m threshold
[Reset] Env 3: Alice phase @ step 250/250 | Goals: 0/5 | Reason: Invalid Goal
[Reset] Env 6: Alice phase @ step 250/250 | Goals: 0/5 | Reason: Invalid Goal
[Reset] Env 13: Alice phase @ step 250/250 | Goals: 0/5 | Reason: Invalid Goal
[Reset] Env 16: Alice phase @ step 250/250 | Goals: 0/5 | Reason: Invalid Goal
[Reset] Env 17: Alice phase @ step 250/250 | Goals: 0/5 | Reason: Invalid Goal
[Reset] Env 21: Alice phase @ step 250/250 | Goals: 0/5 | Reason: Invalid Goal
[Reset] Env 22: Alice phase @ step 250/250 | Goals: 0/5 | Reason: Invalid Goal
[Reset] Resetting objects to SAFE pose for 7 envs
[Reset] Resetting ROBOT joints for 7 envs
Update Alice: Iter 315

============================================================
ALICE UPDATE 315
============================================================
  Rewards:     mean=-1.0000 | min=0.0000 | max=0.0000
  Losses:      value=0.0001 | surrogate=1.0052
  Outcomes:    9 episodes buffered
============================================================

[Phase] Env 18: Alice Failed | Moved: 0.027m < 0.01m threshold
[Reset] Env 18: Alice phase @ step 250/250 | Goals: 0/5 | Reason: Invalid Goal
[Reset] Env 23: Alice phase @ step 250/250 | Goals: 0/5 | Reason: Invalid Goal
[Reset] Resetting objects to SAFE pose for 2 envs
[Reset] Resetting ROBOT joints for 2 envs
[Phase] Env 0: Alice Failed | Moved: 0.027m < 0.01m threshold
[Reset] Env 0: Alice phase @ step 250/250 | Goals: 0/5 | Reason: Invalid Goal
[Reset] Env 4: Alice phase @ step 250/250 | Goals: 0/5 | Reason: Invalid Goal
[Reset] Env 8: Alice phase @ step 250/250 | Goals: 0/5 | Reason: Invalid Goal
[Reset] Env 9: Alice phase @ step 250/250 | Goals: 0/5 | Reason: Invalid Goal
[Reset] Env 11: Alice phase @ step 250/250 | Goals: 0/5 | Reason: Invalid Goal
[Reset] Env 12: Alice phase @ step 250/250 | Goals: 0/5 | Reason: Invalid Goal
[Reset] Resetting objects to SAFE pose for 6 envs
[Reset] Resetting ROBOT joints for 6 envs
Update Alice: Iter 316

============================================================
ALICE UPDATE 316
============================================================
  Rewards:     mean=-1.0000 | min=0.0000 | max=0.0000
  Losses:      value=0.0002 | surrogate=0.5037
  Outcomes:    9 episodes buffered
============================================================

[Phase] Env 1: Alice Failed | Moved: 0.027m < 0.01m threshold
[Reset] Env 1: Alice phase @ step 250/250 | Goals: 0/5 | Reason: Invalid Goal
[Reset] Env 5: Alice phase @ step 250/250 | Goals: 0/5 | Reason: Invalid Goal
[Reset] Env 24: Alice phase @ step 250/250 | Goals: 0/5 | Reason: Invalid Goal
[Reset] Resetting objects to SAFE pose for 3 envs
[Reset] Resetting ROBOT joints for 3 envs
[Phase] Env 2: Alice Failed | Moved: 0.027m < 0.01m threshold
[Reset] Env 2: Alice phase @ step 250/250 | Goals: 0/5 | Reason: Invalid Goal
[Reset] Env 7: Alice phase @ step 250/250 | Goals: 0/5 | Reason: Invalid Goal
[Reset] Env 10: Alice phase @ step 250/250 | Goals: 0/5 | Reason: Invalid Goal
[Reset] Env 14: Alice phase @ step 250/250 | Goals: 0/5 | Reason: Invalid Goal
[Reset] Env 15: Alice phase @ step 250/250 | Goals: 0/5 | Reason: Invalid Goal
[Reset] Env 19: Alice phase @ step 250/250 | Goals: 0/5 | Reason: Invalid Goal
[Reset] Env 20: Alice phase @ step 250/250 | Goals: 0/5 | Reason: Invalid Goal
[Reset] Resetting objects to SAFE pose for 7 envs
[Reset] Resetting ROBOT joints for 7 envs
Update Alice: Iter 317

============================================================
ALICE UPDATE 317
============================================================
  Rewards:     mean=-1.0000 | min=0.0000 | max=0.0000
  Losses:      value=0.0000 | surrogate=1.0793
  Outcomes:    9 episodes buffered
============================================================

[Phase] Env 3: Alice Failed | Moved: 0.027m < 0.01m threshold
[Reset] Env 3: Alice phase @ step 250/250 | Goals: 0/5 | Reason: Invalid Goal
[Reset] Env 6: Alice phase @ step 250/250 | Goals: 0/5 | Reason: Invalid Goal
[Reset] Env 13: Alice phase @ step 250/250 | Goals: 0/5 | Reason: Invalid Goal
[Reset] Env 16: Alice phase @ step 250/250 | Goals: 0/5 | Reason: Invalid Goal
[Reset] Env 17: Alice phase @ step 250/250 | Goals: 0/5 | Reason: Invalid Goal
[Reset] Env 21: Alice phase @ step 250/250 | Goals: 0/5 | Reason: Invalid Goal
[Reset] Env 22: Alice phase @ step 250/250 | Goals: 0/5 | Reason: Invalid Goal
[Reset] Resetting objects to SAFE pose for 7 envs
[Reset] Resetting ROBOT joints for 7 envs
Update Alice: Iter 318

============================================================
ALICE UPDATE 318
============================================================
  Rewards:     mean=-1.0000 | min=0.0000 | max=0.0000
  Losses:      value=0.0001 | surrogate=0.9167
  Outcomes:    9 episodes buffered
============================================================

[Phase] Env 18: Alice Failed | Moved: 0.027m < 0.01m threshold
[Reset] Env 18: Alice phase @ step 250/250 | Goals: 0/5 | Reason: Invalid Goal
[Reset] Env 23: Alice phase @ step 250/250 | Goals: 0/5 | Reason: Invalid Goal
[Reset] Resetting objects to SAFE pose for 2 envs
[Reset] Resetting ROBOT joints for 2 envs
[Phase] Env 0: Alice Failed | Moved: 0.027m < 0.01m threshold
[Reset] Env 0: Alice phase @ step 250/250 | Goals: 0/5 | Reason: Invalid Goal
[Reset] Env 4: Alice phase @ step 250/250 | Goals: 0/5 | Reason: Invalid Goal
[Reset] Env 8: Alice phase @ step 250/250 | Goals: 0/5 | Reason: Invalid Goal
[Reset] Env 9: Alice phase @ step 250/250 | Goals: 0/5 | Reason: Invalid Goal
[Reset] Env 11: Alice phase @ step 250/250 | Goals: 0/5 | Reason: Invalid Goal
[Reset] Env 12: Alice phase @ step 250/250 | Goals: 0/5 | Reason: Invalid Goal
[Reset] Resetting objects to SAFE pose for 6 envs
[Reset] Resetting ROBOT joints for 6 envs
Update Alice: Iter 319

============================================================
ALICE UPDATE 319
============================================================
  Rewards:     mean=-1.0000 | min=0.0000 | max=0.0000
  Losses:      value=0.0001 | surrogate=1.2342
  Outcomes:    9 episodes buffered
============================================================

[Phase] Env 1: Alice Failed | Moved: 0.027m < 0.01m threshold
[Reset] Env 1: Alice phase @ step 250/250 | Goals: 0/5 | Reason: Invalid Goal
[Reset] Env 5: Alice phase @ step 250/250 | Goals: 0/5 | Reason: Invalid Goal
[Reset] Env 24: Alice phase @ step 250/250 | Goals: 0/5 | Reason: Invalid Goal
[Reset] Resetting objects to SAFE pose for 3 envs
[Reset] Resetting ROBOT joints for 3 envs
[Phase] Env 2: Alice Failed | Moved: 0.027m < 0.01m threshold
[Reset] Env 2: Alice phase @ step 250/250 | Goals: 0/5 | Reason: Invalid Goal
[Reset] Env 7: Alice phase @ step 250/250 | Goals: 0/5 | Reason: Invalid Goal
[Reset] Env 10: Alice phase @ step 250/250 | Goals: 0/5 | Reason: Invalid Goal
[Reset] Env 14: Alice phase @ step 250/250 | Goals: 0/5 | Reason: Invalid Goal
[Reset] Env 15: Alice phase @ step 250/250 | Goals: 0/5 | Reason: Invalid Goal
[Reset] Env 19: Alice phase @ step 250/250 | Goals: 0/5 | Reason: Invalid Goal
[Reset] Env 20: Alice phase @ step 250/250 | Goals: 0/5 | Reason: Invalid Goal
[Reset] Resetting objects to SAFE pose for 7 envs
[Reset] Resetting ROBOT joints for 7 envs
Update Alice: Iter 320

============================================================
ALICE UPDATE 320
============================================================
  Rewards:     mean=-1.0000 | min=0.0000 | max=0.0000
  Losses:      value=0.0001 | surrogate=1.1207
  Outcomes:    9 episodes buffered
============================================================

[Phase] Env 3: Alice Failed | Moved: 0.027m < 0.01m threshold
[Reset] Env 3: Alice phase @ step 250/250 | Goals: 0/5 | Reason: Invalid Goal
[Reset] Env 6: Alice phase @ step 250/250 | Goals: 0/5 | Reason: Invalid Goal
[Reset] Env 13: Alice phase @ step 250/250 | Goals: 0/5 | Reason: Invalid Goal
[Reset] Env 16: Alice phase @ step 250/250 | Goals: 0/5 | Reason: Invalid Goal
[Reset] Env 17: Alice phase @ step 250/250 | Goals: 0/5 | Reason: Invalid Goal
[Reset] Env 21: Alice phase @ step 250/250 | Goals: 0/5 | Reason: Invalid Goal
[Reset] Env 22: Alice phase @ step 250/250 | Goals: 0/5 | Reason: Invalid Goal
[Reset] Resetting objects to SAFE pose for 7 envs
[Reset] Resetting ROBOT joints for 7 envs
Update Alice: Iter 321

============================================================
ALICE UPDATE 321
============================================================
  Rewards:     mean=-1.0000 | min=0.0000 | max=0.0000
  Losses:      value=0.0006 | surrogate=1.0991
  Outcomes:    9 episodes buffered
============================================================

[Phase] Env 18: Alice Failed | Moved: 0.027m < 0.01m threshold
[Reset] Env 18: Alice phase @ step 250/250 | Goals: 0/5 | Reason: Invalid Goal
[Reset] Env 23: Alice phase @ step 250/250 | Goals: 0/5 | Reason: Invalid Goal
[Reset] Resetting objects to SAFE pose for 2 envs
[Reset] Resetting ROBOT joints for 2 envs
[Phase] Env 0: Alice Failed | Moved: 0.027m < 0.01m threshold
[Reset] Env 0: Alice phase @ step 250/250 | Goals: 0/5 | Reason: Invalid Goal
[Reset] Env 4: Alice phase @ step 250/250 | Goals: 0/5 | Reason: Invalid Goal
[Reset] Env 8: Alice phase @ step 250/250 | Goals: 0/5 | Reason: Invalid Goal
[Reset] Env 9: Alice phase @ step 250/250 | Goals: 0/5 | Reason: Invalid Goal
[Reset] Env 11: Alice phase @ step 250/250 | Goals: 0/5 | Reason: Invalid Goal
[Reset] Env 12: Alice phase @ step 250/250 | Goals: 0/5 | Reason: Invalid Goal
[Reset] Resetting objects to SAFE pose for 6 envs
[Reset] Resetting ROBOT joints for 6 envs
Update Alice: Iter 322

============================================================
ALICE UPDATE 322
============================================================
  Rewards:     mean=-1.0000 | min=0.0000 | max=0.0000
  Losses:      value=0.0004 | surrogate=1.0830
  Outcomes:    9 episodes buffered
============================================================

[Phase] Env 1: Alice Failed | Moved: 0.027m < 0.01m threshold
[Reset] Env 1: Alice phase @ step 250/250 | Goals: 0/5 | Reason: Invalid Goal
[Reset] Env 5: Alice phase @ step 250/250 | Goals: 0/5 | Reason: Invalid Goal
[Reset] Env 24: Alice phase @ step 250/250 | Goals: 0/5 | Reason: Invalid Goal
[Reset] Resetting objects to SAFE pose for 3 envs
[Reset] Resetting ROBOT joints for 3 envs
[Phase] Env 2: Alice Failed | Moved: 0.027m < 0.01m threshold
[Reset] Env 2: Alice phase @ step 250/250 | Goals: 0/5 | Reason: Invalid Goal
[Reset] Env 7: Alice phase @ step 250/250 | Goals: 0/5 | Reason: Invalid Goal
[Reset] Env 10: Alice phase @ step 250/250 | Goals: 0/5 | Reason: Invalid Goal
[Reset] Env 14: Alice phase @ step 250/250 | Goals: 0/5 | Reason: Invalid Goal
[Reset] Env 15: Alice phase @ step 250/250 | Goals: 0/5 | Reason: Invalid Goal
[Reset] Env 19: Alice phase @ step 250/250 | Goals: 0/5 | Reason: Invalid Goal
[Reset] Env 20: Alice phase @ step 250/250 | Goals: 0/5 | Reason: Invalid Goal
[Reset] Resetting objects to SAFE pose for 7 envs
[Reset] Resetting ROBOT joints for 7 envs
Update Alice: Iter 323

============================================================
ALICE UPDATE 323
============================================================
  Rewards:     mean=-1.0000 | min=0.0000 | max=0.0000
  Losses:      value=0.0002 | surrogate=1.0763
  Outcomes:    9 episodes buffered
============================================================

[Phase] Env 3: Alice Failed | Moved: 0.027m < 0.01m threshold
[Reset] Env 3: Alice phase @ step 250/250 | Goals: 0/5 | Reason: Invalid Goal
[Reset] Env 6: Alice phase @ step 250/250 | Goals: 0/5 | Reason: Invalid Goal
[Reset] Env 13: Alice phase @ step 250/250 | Goals: 0/5 | Reason: Invalid Goal
[Reset] Env 16: Alice phase @ step 250/250 | Goals: 0/5 | Reason: Invalid Goal
[Reset] Env 17: Alice phase @ step 250/250 | Goals: 0/5 | Reason: Invalid Goal
[Reset] Env 21: Alice phase @ step 250/250 | Goals: 0/5 | Reason: Invalid Goal
[Reset] Env 22: Alice phase @ step 250/250 | Goals: 0/5 | Reason: Invalid Goal
[Reset] Resetting objects to SAFE pose for 7 envs
[Reset] Resetting ROBOT joints for 7 envs
Update Alice: Iter 324

============================================================
ALICE UPDATE 324
============================================================
  Rewards:     mean=-1.0000 | min=0.0000 | max=0.0000
  Losses:      value=0.0003 | surrogate=0.5393
  Outcomes:    9 episodes buffered
============================================================

[Phase] Env 18: Alice Failed | Moved: 0.027m < 0.01m threshold
[Reset] Env 18: Alice phase @ step 250/250 | Goals: 0/5 | Reason: Invalid Goal
[Reset] Env 23: Alice phase @ step 250/250 | Goals: 0/5 | Reason: Invalid Goal
[Reset] Resetting objects to SAFE pose for 2 envs
[Reset] Resetting ROBOT joints for 2 envs
[Phase] Env 0: Alice Failed | Moved: 0.027m < 0.01m threshold
[Reset] Env 0: Alice phase @ step 250/250 | Goals: 0/5 | Reason: Invalid Goal
[Reset] Env 4: Alice phase @ step 250/250 | Goals: 0/5 | Reason: Invalid Goal
[Reset] Env 8: Alice phase @ step 250/250 | Goals: 0/5 | Reason: Invalid Goal
[Reset] Env 9: Alice phase @ step 250/250 | Goals: 0/5 | Reason: Invalid Goal
[Reset] Env 11: Alice phase @ step 250/250 | Goals: 0/5 | Reason: Invalid Goal
[Reset] Env 12: Alice phase @ step 250/250 | Goals: 0/5 | Reason: Invalid Goal
[Reset] Resetting objects to SAFE pose for 6 envs
[Reset] Resetting ROBOT joints for 6 envs
[Phase] Env 1: Alice Failed | Moved: 0.027m < 0.01m threshold
[Reset] Env 1: Alice phase @ step 250/250 | Goals: 0/5 | Reason: Invalid Goal
[Reset] Env 5: Alice phase @ step 250/250 | Goals: 0/5 | Reason: Invalid Goal
[Reset] Env 24: Alice phase @ step 250/250 | Goals: 0/5 | Reason: Invalid Goal
[Reset] Resetting objects to SAFE pose for 3 envs
[Reset] Resetting ROBOT joints for 3 envs
Update Alice: Iter 325

============================================================
ALICE UPDATE 325
============================================================
  Rewards:     mean=-1.0000 | min=0.0000 | max=0.0000
  Losses:      value=0.0004 | surrogate=0.5423
  Outcomes:    9 episodes buffered
============================================================

[Phase] Env 2: Alice Failed | Moved: 0.027m < 0.01m threshold
[Reset] Env 2: Alice phase @ step 250/250 | Goals: 0/5 | Reason: Invalid Goal
[Reset] Env 7: Alice phase @ step 250/250 | Goals: 0/5 | Reason: Invalid Goal
[Reset] Env 10: Alice phase @ step 250/250 | Goals: 0/5 | Reason: Invalid Goal
[Reset] Env 14: Alice phase @ step 250/250 | Goals: 0/5 | Reason: Invalid Goal
[Reset] Env 15: Alice phase @ step 250/250 | Goals: 0/5 | Reason: Invalid Goal
[Reset] Env 19: Alice phase @ step 250/250 | Goals: 0/5 | Reason: Invalid Goal
[Reset] Env 20: Alice phase @ step 250/250 | Goals: 0/5 | Reason: Invalid Goal
[Reset] Resetting objects to SAFE pose for 7 envs
[Reset] Resetting ROBOT joints for 7 envs
Update Alice: Iter 326

============================================================
ALICE UPDATE 326
============================================================
  Rewards:     mean=-1.0000 | min=0.0000 | max=0.0000
  Losses:      value=0.0006 | surrogate=0.9193
  Outcomes:    9 episodes buffered
============================================================

[Phase] Env 3: Alice Failed | Moved: 0.027m < 0.01m threshold
[Reset] Env 3: Alice phase @ step 250/250 | Goals: 0/5 | Reason: Invalid Goal
[Reset] Env 6: Alice phase @ step 250/250 | Goals: 0/5 | Reason: Invalid Goal
[Reset] Env 13: Alice phase @ step 250/250 | Goals: 0/5 | Reason: Invalid Goal
[Reset] Env 16: Alice phase @ step 250/250 | Goals: 0/5 | Reason: Invalid Goal
[Reset] Env 17: Alice phase @ step 250/250 | Goals: 0/5 | Reason: Invalid Goal
[Reset] Env 21: Alice phase @ step 250/250 | Goals: 0/5 | Reason: Invalid Goal
[Reset] Env 22: Alice phase @ step 250/250 | Goals: 0/5 | Reason: Invalid Goal
[Reset] Resetting objects to SAFE pose for 7 envs
[Reset] Resetting ROBOT joints for 7 envs
[Phase] Env 18: Alice Failed | Moved: 0.027m < 0.01m threshold
[Reset] Env 18: Alice phase @ step 250/250 | Goals: 0/5 | Reason: Invalid Goal
[Reset] Env 23: Alice phase @ step 250/250 | Goals: 0/5 | Reason: Invalid Goal
[Reset] Resetting objects to SAFE pose for 2 envs
[Reset] Resetting ROBOT joints for 2 envs
Update Alice: Iter 327

============================================================
ALICE UPDATE 327
============================================================
  Rewards:     mean=-1.0000 | min=0.0000 | max=0.0000
  Losses:      value=0.0001 | surrogate=1.4281
  Outcomes:    9 episodes buffered
============================================================

[Phase] Env 0: Alice Failed | Moved: 0.027m < 0.01m threshold
[Reset] Env 0: Alice phase @ step 250/250 | Goals: 0/5 | Reason: Invalid Goal
[Reset] Env 4: Alice phase @ step 250/250 | Goals: 0/5 | Reason: Invalid Goal
[Reset] Env 8: Alice phase @ step 250/250 | Goals: 0/5 | Reason: Invalid Goal
[Reset] Env 9: Alice phase @ step 250/250 | Goals: 0/5 | Reason: Invalid Goal
[Reset] Env 11: Alice phase @ step 250/250 | Goals: 0/5 | Reason: Invalid Goal
[Reset] Env 12: Alice phase @ step 250/250 | Goals: 0/5 | Reason: Invalid Goal
[Reset] Resetting objects to SAFE pose for 6 envs
[Reset] Resetting ROBOT joints for 6 envs
[Phase] Env 1: Alice Failed | Moved: 0.027m < 0.01m threshold
[Reset] Env 1: Alice phase @ step 250/250 | Goals: 0/5 | Reason: Invalid Goal
[Reset] Env 5: Alice phase @ step 250/250 | Goals: 0/5 | Reason: Invalid Goal
[Reset] Env 24: Alice phase @ step 250/250 | Goals: 0/5 | Reason: Invalid Goal
[Reset] Resetting objects to SAFE pose for 3 envs
[Reset] Resetting ROBOT joints for 3 envs
Update Alice: Iter 328

============================================================
ALICE UPDATE 328
============================================================
  Rewards:     mean=-1.0000 | min=0.0000 | max=0.0000
  Losses:      value=0.0001 | surrogate=1.1756
  Outcomes:    9 episodes buffered
============================================================

[Phase] Env 2: Alice Failed | Moved: 0.027m < 0.01m threshold
[Reset] Env 2: Alice phase @ step 250/250 | Goals: 0/5 | Reason: Invalid Goal
[Reset] Env 7: Alice phase @ step 250/250 | Goals: 0/5 | Reason: Invalid Goal
[Reset] Env 10: Alice phase @ step 250/250 | Goals: 0/5 | Reason: Invalid Goal
[Reset] Env 14: Alice phase @ step 250/250 | Goals: 0/5 | Reason: Invalid Goal
[Reset] Env 15: Alice phase @ step 250/250 | Goals: 0/5 | Reason: Invalid Goal
[Reset] Env 19: Alice phase @ step 250/250 | Goals: 0/5 | Reason: Invalid Goal
[Reset] Env 20: Alice phase @ step 250/250 | Goals: 0/5 | Reason: Invalid Goal
[Reset] Resetting objects to SAFE pose for 7 envs
[Reset] Resetting ROBOT joints for 7 envs
[Phase] Env 3: Alice Failed | Moved: 0.027m < 0.01m threshold
[Reset] Env 3: Alice phase @ step 250/250 | Goals: 0/5 | Reason: Invalid Goal
[Reset] Env 6: Alice phase @ step 250/250 | Goals: 0/5 | Reason: Invalid Goal
[Reset] Env 13: Alice phase @ step 250/250 | Goals: 0/5 | Reason: Invalid Goal
[Reset] Env 16: Alice phase @ step 250/250 | Goals: 0/5 | Reason: Invalid Goal
[Reset] Env 17: Alice phase @ step 250/250 | Goals: 0/5 | Reason: Invalid Goal
[Reset] Env 21: Alice phase @ step 250/250 | Goals: 0/5 | Reason: Invalid Goal
[Reset] Env 22: Alice phase @ step 250/250 | Goals: 0/5 | Reason: Invalid Goal
[Reset] Resetting objects to SAFE pose for 7 envs
[Reset] Resetting ROBOT joints for 7 envs
Update Alice: Iter 329

============================================================
ALICE UPDATE 329
============================================================
  Rewards:     mean=-1.0000 | min=0.0000 | max=0.0000
  Losses:      value=0.0001 | surrogate=1.2330
  Outcomes:    9 episodes buffered
============================================================

[Phase] Env 18: Alice Failed | Moved: 0.027m < 0.01m threshold
[Reset] Env 18: Alice phase @ step 250/250 | Goals: 0/5 | Reason: Invalid Goal
[Reset] Env 23: Alice phase @ step 250/250 | Goals: 0/5 | Reason: Invalid Goal
[Reset] Resetting objects to SAFE pose for 2 envs
[Reset] Resetting ROBOT joints for 2 envs
[Phase] Env 0: Alice Failed | Moved: 0.027m < 0.01m threshold
[Reset] Env 0: Alice phase @ step 250/250 | Goals: 0/5 | Reason: Invalid Goal
[Reset] Env 4: Alice phase @ step 250/250 | Goals: 0/5 | Reason: Invalid Goal
[Reset] Env 8: Alice phase @ step 250/250 | Goals: 0/5 | Reason: Invalid Goal
[Reset] Env 9: Alice phase @ step 250/250 | Goals: 0/5 | Reason: Invalid Goal
[Reset] Env 11: Alice phase @ step 250/250 | Goals: 0/5 | Reason: Invalid Goal
[Reset] Env 12: Alice phase @ step 250/250 | Goals: 0/5 | Reason: Invalid Goal
[Reset] Resetting objects to SAFE pose for 6 envs
[Reset] Resetting ROBOT joints for 6 envs
Update Alice: Iter 330

============================================================
ALICE UPDATE 330
============================================================
  Rewards:     mean=-1.0000 | min=0.0000 | max=0.0000
  Losses:      value=0.0002 | surrogate=0.9849
  Outcomes:    9 episodes buffered
============================================================

[Phase] Env 1: Alice Failed | Moved: 0.027m < 0.01m threshold
[Reset] Env 1: Alice phase @ step 250/250 | Goals: 0/5 | Reason: Invalid Goal
[Reset] Env 5: Alice phase @ step 250/250 | Goals: 0/5 | Reason: Invalid Goal
[Reset] Env 24: Alice phase @ step 250/250 | Goals: 0/5 | Reason: Invalid Goal
[Reset] Resetting objects to SAFE pose for 3 envs
[Reset] Resetting ROBOT joints for 3 envs
[Phase] Env 2: Alice Failed | Moved: 0.027m < 0.01m threshold
[Reset] Env 2: Alice phase @ step 250/250 | Goals: 0/5 | Reason: Invalid Goal
[Reset] Env 7: Alice phase @ step 250/250 | Goals: 0/5 | Reason: Invalid Goal
[Reset] Env 10: Alice phase @ step 250/250 | Goals: 0/5 | Reason: Invalid Goal
[Reset] Env 14: Alice phase @ step 250/250 | Goals: 0/5 | Reason: Invalid Goal
[Reset] Env 15: Alice phase @ step 250/250 | Goals: 0/5 | Reason: Invalid Goal
[Reset] Env 19: Alice phase @ step 250/250 | Goals: 0/5 | Reason: Invalid Goal
[Reset] Env 20: Alice phase @ step 250/250 | Goals: 0/5 | Reason: Invalid Goal
[Reset] Resetting objects to SAFE pose for 7 envs
[Reset] Resetting ROBOT joints for 7 envs
Update Alice: Iter 331

============================================================
ALICE UPDATE 331
============================================================
  Rewards:     mean=-1.0000 | min=0.0000 | max=0.0000
  Losses:      value=0.0001 | surrogate=1.3854
  Outcomes:    9 episodes buffered
============================================================

[Phase] Env 3: Alice Failed | Moved: 0.027m < 0.01m threshold
[Reset] Env 3: Alice phase @ step 250/250 | Goals: 0/5 | Reason: Invalid Goal
[Reset] Env 6: Alice phase @ step 250/250 | Goals: 0/5 | Reason: Invalid Goal
[Reset] Env 13: Alice phase @ step 250/250 | Goals: 0/5 | Reason: Invalid Goal
[Reset] Env 16: Alice phase @ step 250/250 | Goals: 0/5 | Reason: Invalid Goal
[Reset] Env 17: Alice phase @ step 250/250 | Goals: 0/5 | Reason: Invalid Goal
[Reset] Env 21: Alice phase @ step 250/250 | Goals: 0/5 | Reason: Invalid Goal
[Reset] Env 22: Alice phase @ step 250/250 | Goals: 0/5 | Reason: Invalid Goal
[Reset] Resetting objects to SAFE pose for 7 envs
[Reset] Resetting ROBOT joints for 7 envs
Update Alice: Iter 332

============================================================
ALICE UPDATE 332
============================================================
  Rewards:     mean=-1.0000 | min=0.0000 | max=0.0000
  Losses:      value=0.0001 | surrogate=1.5127
  Outcomes:    9 episodes buffered
============================================================

[Phase] Env 18: Alice Failed | Moved: 0.027m < 0.01m threshold
[Reset] Env 18: Alice phase @ step 250/250 | Goals: 0/5 | Reason: Invalid Goal
[Reset] Env 23: Alice phase @ step 250/250 | Goals: 0/5 | Reason: Invalid Goal
[Reset] Resetting objects to SAFE pose for 2 envs
[Reset] Resetting ROBOT joints for 2 envs
[Phase] Env 0: Alice Failed | Moved: 0.027m < 0.01m threshold
[Reset] Env 0: Alice phase @ step 250/250 | Goals: 0/5 | Reason: Invalid Goal
[Reset] Env 4: Alice phase @ step 250/250 | Goals: 0/5 | Reason: Invalid Goal
[Reset] Env 8: Alice phase @ step 250/250 | Goals: 0/5 | Reason: Invalid Goal
[Reset] Env 9: Alice phase @ step 250/250 | Goals: 0/5 | Reason: Invalid Goal
[Reset] Env 11: Alice phase @ step 250/250 | Goals: 0/5 | Reason: Invalid Goal
[Reset] Env 12: Alice phase @ step 250/250 | Goals: 0/5 | Reason: Invalid Goal
[Reset] Resetting objects to SAFE pose for 6 envs
[Reset] Resetting ROBOT joints for 6 envs
Update Alice: Iter 333

============================================================
ALICE UPDATE 333
============================================================
  Rewards:     mean=-1.0000 | min=0.0000 | max=0.0000
  Losses:      value=0.0001 | surrogate=1.0556
  Outcomes:    9 episodes buffered
============================================================

[Phase] Env 1: Alice Failed | Moved: 0.027m < 0.01m threshold
[Reset] Env 1: Alice phase @ step 250/250 | Goals: 0/5 | Reason: Invalid Goal
[Reset] Env 5: Alice phase @ step 250/250 | Goals: 0/5 | Reason: Invalid Goal
[Reset] Env 24: Alice phase @ step 250/250 | Goals: 0/5 | Reason: Invalid Goal
[Reset] Resetting objects to SAFE pose for 3 envs
[Reset] Resetting ROBOT joints for 3 envs
[Phase] Env 2: Alice Failed | Moved: 0.027m < 0.01m threshold
[Reset] Env 2: Alice phase @ step 250/250 | Goals: 0/5 | Reason: Invalid Goal
[Reset] Env 7: Alice phase @ step 250/250 | Goals: 0/5 | Reason: Invalid Goal
[Reset] Env 10: Alice phase @ step 250/250 | Goals: 0/5 | Reason: Invalid Goal
[Reset] Env 14: Alice phase @ step 250/250 | Goals: 0/5 | Reason: Invalid Goal
[Reset] Env 15: Alice phase @ step 250/250 | Goals: 0/5 | Reason: Invalid Goal
[Reset] Env 19: Alice phase @ step 250/250 | Goals: 0/5 | Reason: Invalid Goal
[Reset] Env 20: Alice phase @ step 250/250 | Goals: 0/5 | Reason: Invalid Goal
[Reset] Resetting objects to SAFE pose for 7 envs
[Reset] Resetting ROBOT joints for 7 envs
Update Alice: Iter 334

============================================================
ALICE UPDATE 334
============================================================
  Rewards:     mean=-1.0000 | min=0.0000 | max=0.0000
  Losses:      value=0.0001 | surrogate=1.3094
  Outcomes:    9 episodes buffered
============================================================

[Phase] Env 3: Alice Failed | Moved: 0.027m < 0.01m threshold
[Reset] Env 3: Alice phase @ step 250/250 | Goals: 0/5 | Reason: Invalid Goal
[Reset] Env 6: Alice phase @ step 250/250 | Goals: 0/5 | Reason: Invalid Goal
[Reset] Env 13: Alice phase @ step 250/250 | Goals: 0/5 | Reason: Invalid Goal
[Reset] Env 16: Alice phase @ step 250/250 | Goals: 0/5 | Reason: Invalid Goal
[Reset] Env 17: Alice phase @ step 250/250 | Goals: 0/5 | Reason: Invalid Goal
[Reset] Env 21: Alice phase @ step 250/250 | Goals: 0/5 | Reason: Invalid Goal
[Reset] Env 22: Alice phase @ step 250/250 | Goals: 0/5 | Reason: Invalid Goal
[Reset] Resetting objects to SAFE pose for 7 envs
[Reset] Resetting ROBOT joints for 7 envs
Update Alice: Iter 335

============================================================
ALICE UPDATE 335
============================================================
  Rewards:     mean=-1.0000 | min=0.0000 | max=0.0000
  Losses:      value=0.0001 | surrogate=1.1248
  Outcomes:    9 episodes buffered
============================================================

[Phase] Env 18: Alice Failed | Moved: 0.027m < 0.01m threshold
[Reset] Env 18: Alice phase @ step 250/250 | Goals: 0/5 | Reason: Invalid Goal
[Reset] Env 23: Alice phase @ step 250/250 | Goals: 0/5 | Reason: Invalid Goal
[Reset] Resetting objects to SAFE pose for 2 envs
[Reset] Resetting ROBOT joints for 2 envs
[Phase] Env 0: Alice Failed | Moved: 0.027m < 0.01m threshold
[Reset] Env 0: Alice phase @ step 250/250 | Goals: 0/5 | Reason: Invalid Goal
[Reset] Env 4: Alice phase @ step 250/250 | Goals: 0/5 | Reason: Invalid Goal
[Reset] Env 8: Alice phase @ step 250/250 | Goals: 0/5 | Reason: Invalid Goal
[Reset] Env 9: Alice phase @ step 250/250 | Goals: 0/5 | Reason: Invalid Goal
[Reset] Env 11: Alice phase @ step 250/250 | Goals: 0/5 | Reason: Invalid Goal
[Reset] Env 12: Alice phase @ step 250/250 | Goals: 0/5 | Reason: Invalid Goal
[Reset] Resetting objects to SAFE pose for 6 envs
[Reset] Resetting ROBOT joints for 6 envs
Update Alice: Iter 336

============================================================
ALICE UPDATE 336
============================================================
  Rewards:     mean=-1.0000 | min=0.0000 | max=0.0000
  Losses:      value=0.0001 | surrogate=1.3296
  Outcomes:    9 episodes buffered
============================================================

[Phase] Env 1: Alice Failed | Moved: 0.027m < 0.01m threshold
[Reset] Env 1: Alice phase @ step 250/250 | Goals: 0/5 | Reason: Invalid Goal
[Reset] Env 5: Alice phase @ step 250/250 | Goals: 0/5 | Reason: Invalid Goal
[Reset] Env 24: Alice phase @ step 250/250 | Goals: 0/5 | Reason: Invalid Goal
[Reset] Resetting objects to SAFE pose for 3 envs
[Reset] Resetting ROBOT joints for 3 envs
[Phase] Env 2: Alice Failed | Moved: 0.027m < 0.01m threshold
[Reset] Env 2: Alice phase @ step 250/250 | Goals: 0/5 | Reason: Invalid Goal
[Reset] Env 7: Alice phase @ step 250/250 | Goals: 0/5 | Reason: Invalid Goal
[Reset] Env 10: Alice phase @ step 250/250 | Goals: 0/5 | Reason: Invalid Goal
[Reset] Env 14: Alice phase @ step 250/250 | Goals: 0/5 | Reason: Invalid Goal
[Reset] Env 15: Alice phase @ step 250/250 | Goals: 0/5 | Reason: Invalid Goal
[Reset] Env 19: Alice phase @ step 250/250 | Goals: 0/5 | Reason: Invalid Goal
[Reset] Env 20: Alice phase @ step 250/250 | Goals: 0/5 | Reason: Invalid Goal
[Reset] Resetting objects to SAFE pose for 7 envs
[Reset] Resetting ROBOT joints for 7 envs
Update Alice: Iter 337

============================================================
ALICE UPDATE 337
============================================================
  Rewards:     mean=-1.0000 | min=0.0000 | max=0.0000
  Losses:      value=0.0001 | surrogate=1.2569
  Outcomes:    9 episodes buffered
============================================================

[Phase] Env 3: Alice Failed | Moved: 0.027m < 0.01m threshold
[Reset] Env 3: Alice phase @ step 250/250 | Goals: 0/5 | Reason: Invalid Goal
[Reset] Env 6: Alice phase @ step 250/250 | Goals: 0/5 | Reason: Invalid Goal
[Reset] Env 13: Alice phase @ step 250/250 | Goals: 0/5 | Reason: Invalid Goal
[Reset] Env 16: Alice phase @ step 250/250 | Goals: 0/5 | Reason: Invalid Goal
[Reset] Env 17: Alice phase @ step 250/250 | Goals: 0/5 | Reason: Invalid Goal
[Reset] Env 21: Alice phase @ step 250/250 | Goals: 0/5 | Reason: Invalid Goal
[Reset] Env 22: Alice phase @ step 250/250 | Goals: 0/5 | Reason: Invalid Goal
[Reset] Resetting objects to SAFE pose for 7 envs
[Reset] Resetting ROBOT joints for 7 envs
[Phase] Env 18: Alice Failed | Moved: 0.027m < 0.01m threshold
[Reset] Env 18: Alice phase @ step 250/250 | Goals: 0/5 | Reason: Invalid Goal
[Reset] Env 23: Alice phase @ step 250/250 | Goals: 0/5 | Reason: Invalid Goal
[Reset] Resetting objects to SAFE pose for 2 envs
[Reset] Resetting ROBOT joints for 2 envs
Update Alice: Iter 338

============================================================
ALICE UPDATE 338
============================================================
  Rewards:     mean=-1.0000 | min=0.0000 | max=0.0000
  Losses:      value=0.0001 | surrogate=1.3067
  Outcomes:    9 episodes buffered
============================================================

[Phase] Env 0: Alice Failed | Moved: 0.027m < 0.01m threshold
[Reset] Env 0: Alice phase @ step 250/250 | Goals: 0/5 | Reason: Invalid Goal
[Reset] Env 4: Alice phase @ step 250/250 | Goals: 0/5 | Reason: Invalid Goal
[Reset] Env 8: Alice phase @ step 250/250 | Goals: 0/5 | Reason: Invalid Goal
[Reset] Env 9: Alice phase @ step 250/250 | Goals: 0/5 | Reason: Invalid Goal
[Reset] Env 11: Alice phase @ step 250/250 | Goals: 0/5 | Reason: Invalid Goal
[Reset] Env 12: Alice phase @ step 250/250 | Goals: 0/5 | Reason: Invalid Goal
[Reset] Resetting objects to SAFE pose for 6 envs
[Reset] Resetting ROBOT joints for 6 envs
[Phase] Env 1: Alice Failed | Moved: 0.027m < 0.01m threshold
[Reset] Env 1: Alice phase @ step 250/250 | Goals: 0/5 | Reason: Invalid Goal
[Reset] Env 5: Alice phase @ step 250/250 | Goals: 0/5 | Reason: Invalid Goal
[Reset] Env 24: Alice phase @ step 250/250 | Goals: 0/5 | Reason: Invalid Goal
[Reset] Resetting objects to SAFE pose for 3 envs
[Reset] Resetting ROBOT joints for 3 envs
Update Alice: Iter 339

============================================================
ALICE UPDATE 339
============================================================
  Rewards:     mean=-1.0000 | min=0.0000 | max=0.0000
  Losses:      value=0.0001 | surrogate=1.3745
  Outcomes:    9 episodes buffered
============================================================

[Phase] Env 2: Alice Failed | Moved: 0.027m < 0.01m threshold
[Reset] Env 2: Alice phase @ step 250/250 | Goals: 0/5 | Reason: Invalid Goal
[Reset] Env 7: Alice phase @ step 250/250 | Goals: 0/5 | Reason: Invalid Goal
[Reset] Env 10: Alice phase @ step 250/250 | Goals: 0/5 | Reason: Invalid Goal
[Reset] Env 14: Alice phase @ step 250/250 | Goals: 0/5 | Reason: Invalid Goal
[Reset] Env 15: Alice phase @ step 250/250 | Goals: 0/5 | Reason: Invalid Goal
[Reset] Env 19: Alice phase @ step 250/250 | Goals: 0/5 | Reason: Invalid Goal
[Reset] Env 20: Alice phase @ step 250/250 | Goals: 0/5 | Reason: Invalid Goal
[Reset] Resetting objects to SAFE pose for 7 envs
[Reset] Resetting ROBOT joints for 7 envs
[Phase] Env 3: Alice Failed | Moved: 0.027m < 0.01m threshold
[Reset] Env 3: Alice phase @ step 250/250 | Goals: 0/5 | Reason: Invalid Goal
[Reset] Env 6: Alice phase @ step 250/250 | Goals: 0/5 | Reason: Invalid Goal
[Reset] Env 13: Alice phase @ step 250/250 | Goals: 0/5 | Reason: Invalid Goal
[Reset] Env 16: Alice phase @ step 250/250 | Goals: 0/5 | Reason: Invalid Goal
[Reset] Env 17: Alice phase @ step 250/250 | Goals: 0/5 | Reason: Invalid Goal
[Reset] Env 21: Alice phase @ step 250/250 | Goals: 0/5 | Reason: Invalid Goal
[Reset] Env 22: Alice phase @ step 250/250 | Goals: 0/5 | Reason: Invalid Goal
[Reset] Resetting objects to SAFE pose for 7 envs
[Reset] Resetting ROBOT joints for 7 envs
Update Alice: Iter 340

============================================================
ALICE UPDATE 340
============================================================
  Rewards:     mean=-1.0000 | min=0.0000 | max=0.0000
  Losses:      value=0.0002 | surrogate=1.3624
  Outcomes:    9 episodes buffered
============================================================

[Phase] Env 18: Alice Failed | Moved: 0.027m < 0.01m threshold
[Reset] Env 18: Alice phase @ step 250/250 | Goals: 0/5 | Reason: Invalid Goal
[Reset] Env 23: Alice phase @ step 250/250 | Goals: 0/5 | Reason: Invalid Goal
[Reset] Resetting objects to SAFE pose for 2 envs
[Reset] Resetting ROBOT joints for 2 envs
[Phase] Env 0: Alice Failed | Moved: 0.027m < 0.01m threshold
[Reset] Env 0: Alice phase @ step 250/250 | Goals: 0/5 | Reason: Invalid Goal
[Reset] Env 4: Alice phase @ step 250/250 | Goals: 0/5 | Reason: Invalid Goal
[Reset] Env 8: Alice phase @ step 250/250 | Goals: 0/5 | Reason: Invalid Goal
[Reset] Env 9: Alice phase @ step 250/250 | Goals: 0/5 | Reason: Invalid Goal
[Reset] Env 11: Alice phase @ step 250/250 | Goals: 0/5 | Reason: Invalid Goal
[Reset] Env 12: Alice phase @ step 250/250 | Goals: 0/5 | Reason: Invalid Goal
[Reset] Resetting objects to SAFE pose for 6 envs
[Reset] Resetting ROBOT joints for 6 envs
Update Alice: Iter 341

============================================================
ALICE UPDATE 341
============================================================
  Rewards:     mean=-1.0000 | min=0.0000 | max=0.0000
  Losses:      value=0.0002 | surrogate=1.0851
  Outcomes:    9 episodes buffered
============================================================

[Phase] Env 1: Alice Failed | Moved: 0.027m < 0.01m threshold
[Reset] Env 1: Alice phase @ step 250/250 | Goals: 0/5 | Reason: Invalid Goal
[Reset] Env 5: Alice phase @ step 250/250 | Goals: 0/5 | Reason: Invalid Goal
[Reset] Env 24: Alice phase @ step 250/250 | Goals: 0/5 | Reason: Invalid Goal
[Reset] Resetting objects to SAFE pose for 3 envs
[Reset] Resetting ROBOT joints for 3 envs
[Phase] Env 2: Alice Failed | Moved: 0.027m < 0.01m threshold
[Reset] Env 2: Alice phase @ step 250/250 | Goals: 0/5 | Reason: Invalid Goal
[Reset] Env 7: Alice phase @ step 250/250 | Goals: 0/5 | Reason: Invalid Goal
[Reset] Env 10: Alice phase @ step 250/250 | Goals: 0/5 | Reason: Invalid Goal
[Reset] Env 14: Alice phase @ step 250/250 | Goals: 0/5 | Reason: Invalid Goal
[Reset] Env 15: Alice phase @ step 250/250 | Goals: 0/5 | Reason: Invalid Goal
[Reset] Env 19: Alice phase @ step 250/250 | Goals: 0/5 | Reason: Invalid Goal
[Reset] Env 20: Alice phase @ step 250/250 | Goals: 0/5 | Reason: Invalid Goal
[Reset] Resetting objects to SAFE pose for 7 envs
[Reset] Resetting ROBOT joints for 7 envs
Update Alice: Iter 342

============================================================
ALICE UPDATE 342
============================================================
  Rewards:     mean=-1.0000 | min=0.0000 | max=0.0000
  Losses:      value=0.0004 | surrogate=1.1319
  Outcomes:    9 episodes buffered
============================================================

[Phase] Env 3: Alice Failed | Moved: 0.027m < 0.01m threshold
[Reset] Env 3: Alice phase @ step 250/250 | Goals: 0/5 | Reason: Invalid Goal
[Reset] Env 6: Alice phase @ step 250/250 | Goals: 0/5 | Reason: Invalid Goal
[Reset] Env 13: Alice phase @ step 250/250 | Goals: 0/5 | Reason: Invalid Goal
[Reset] Env 16: Alice phase @ step 250/250 | Goals: 0/5 | Reason: Invalid Goal
[Reset] Env 17: Alice phase @ step 250/250 | Goals: 0/5 | Reason: Invalid Goal
[Reset] Env 21: Alice phase @ step 250/250 | Goals: 0/5 | Reason: Invalid Goal
[Reset] Env 22: Alice phase @ step 250/250 | Goals: 0/5 | Reason: Invalid Goal
[Reset] Resetting objects to SAFE pose for 7 envs
[Reset] Resetting ROBOT joints for 7 envs
Update Alice: Iter 343

============================================================
ALICE UPDATE 343
============================================================
  Rewards:     mean=-1.0000 | min=0.0000 | max=0.0000
  Losses:      value=0.0006 | surrogate=0.8271
  Outcomes:    9 episodes buffered
============================================================

[Phase] Env 18: Alice Failed | Moved: 0.027m < 0.01m threshold
[Reset] Env 18: Alice phase @ step 250/250 | Goals: 0/5 | Reason: Invalid Goal
[Reset] Env 23: Alice phase @ step 250/250 | Goals: 0/5 | Reason: Invalid Goal
[Reset] Resetting objects to SAFE pose for 2 envs
[Reset] Resetting ROBOT joints for 2 envs
[Phase] Env 0: Alice Failed | Moved: 0.027m < 0.01m threshold
[Reset] Env 0: Alice phase @ step 250/250 | Goals: 0/5 | Reason: Invalid Goal
[Reset] Env 4: Alice phase @ step 250/250 | Goals: 0/5 | Reason: Invalid Goal
[Reset] Env 8: Alice phase @ step 250/250 | Goals: 0/5 | Reason: Invalid Goal
[Reset] Env 9: Alice phase @ step 250/250 | Goals: 0/5 | Reason: Invalid Goal
[Reset] Env 11: Alice phase @ step 250/250 | Goals: 0/5 | Reason: Invalid Goal
[Reset] Env 12: Alice phase @ step 250/250 | Goals: 0/5 | Reason: Invalid Goal
[Reset] Resetting objects to SAFE pose for 6 envs
[Reset] Resetting ROBOT joints for 6 envs
Update Alice: Iter 344

============================================================
ALICE UPDATE 344
============================================================
  Rewards:     mean=-1.0000 | min=0.0000 | max=0.0000
  Losses:      value=0.0010 | surrogate=0.7845
  Outcomes:    9 episodes buffered
============================================================

[Phase] Env 1: Alice Failed | Moved: 0.027m < 0.01m threshold
[Reset] Env 1: Alice phase @ step 250/250 | Goals: 0/5 | Reason: Invalid Goal
[Reset] Env 5: Alice phase @ step 250/250 | Goals: 0/5 | Reason: Invalid Goal
[Reset] Env 24: Alice phase @ step 250/250 | Goals: 0/5 | Reason: Invalid Goal
[Reset] Resetting objects to SAFE pose for 3 envs
[Reset] Resetting ROBOT joints for 3 envs
[Phase] Env 2: Alice Failed | Moved: 0.027m < 0.01m threshold
[Reset] Env 2: Alice phase @ step 250/250 | Goals: 0/5 | Reason: Invalid Goal
[Reset] Env 7: Alice phase @ step 250/250 | Goals: 0/5 | Reason: Invalid Goal
[Reset] Env 10: Alice phase @ step 250/250 | Goals: 0/5 | Reason: Invalid Goal
[Reset] Env 14: Alice phase @ step 250/250 | Goals: 0/5 | Reason: Invalid Goal
[Reset] Env 15: Alice phase @ step 250/250 | Goals: 0/5 | Reason: Invalid Goal
[Reset] Env 19: Alice phase @ step 250/250 | Goals: 0/5 | Reason: Invalid Goal
[Reset] Env 20: Alice phase @ step 250/250 | Goals: 0/5 | Reason: Invalid Goal
[Reset] Resetting objects to SAFE pose for 7 envs
[Reset] Resetting ROBOT joints for 7 envs
Update Alice: Iter 345

============================================================
ALICE UPDATE 345
============================================================
  Rewards:     mean=-1.0000 | min=0.0000 | max=0.0000
  Losses:      value=0.0001 | surrogate=1.8933
  Outcomes:    9 episodes buffered
============================================================

[Phase] Env 3: Alice Failed | Moved: 0.027m < 0.01m threshold
[Reset] Env 3: Alice phase @ step 250/250 | Goals: 0/5 | Reason: Invalid Goal
[Reset] Env 6: Alice phase @ step 250/250 | Goals: 0/5 | Reason: Invalid Goal
[Reset] Env 13: Alice phase @ step 250/250 | Goals: 0/5 | Reason: Invalid Goal
[Reset] Env 16: Alice phase @ step 250/250 | Goals: 0/5 | Reason: Invalid Goal
[Reset] Env 17: Alice phase @ step 250/250 | Goals: 0/5 | Reason: Invalid Goal
[Reset] Env 21: Alice phase @ step 250/250 | Goals: 0/5 | Reason: Invalid Goal
[Reset] Env 22: Alice phase @ step 250/250 | Goals: 0/5 | Reason: Invalid Goal
[Reset] Resetting objects to SAFE pose for 7 envs
[Reset] Resetting ROBOT joints for 7 envs
Update Alice: Iter 346

============================================================
ALICE UPDATE 346
============================================================
  Rewards:     mean=-1.0000 | min=0.0000 | max=0.0000
  Losses:      value=0.0001 | surrogate=1.8478
  Outcomes:    9 episodes buffered
============================================================

[Phase] Env 18: Alice Failed | Moved: 0.027m < 0.01m threshold
[Reset] Env 18: Alice phase @ step 250/250 | Goals: 0/5 | Reason: Invalid Goal
[Reset] Env 23: Alice phase @ step 250/250 | Goals: 0/5 | Reason: Invalid Goal
[Reset] Resetting objects to SAFE pose for 2 envs
[Reset] Resetting ROBOT joints for 2 envs
[Phase] Env 0: Alice Failed | Moved: 0.027m < 0.01m threshold
[Reset] Env 0: Alice phase @ step 250/250 | Goals: 0/5 | Reason: Invalid Goal
[Reset] Env 4: Alice phase @ step 250/250 | Goals: 0/5 | Reason: Invalid Goal
[Reset] Env 8: Alice phase @ step 250/250 | Goals: 0/5 | Reason: Invalid Goal
[Reset] Env 9: Alice phase @ step 250/250 | Goals: 0/5 | Reason: Invalid Goal
[Reset] Env 11: Alice phase @ step 250/250 | Goals: 0/5 | Reason: Invalid Goal
[Reset] Env 12: Alice phase @ step 250/250 | Goals: 0/5 | Reason: Invalid Goal
[Reset] Resetting objects to SAFE pose for 6 envs
[Reset] Resetting ROBOT joints for 6 envs
Update Alice: Iter 347

============================================================
ALICE UPDATE 347
============================================================
  Rewards:     mean=-1.0000 | min=0.0000 | max=0.0000
  Losses:      value=0.0001 | surrogate=1.7345
  Outcomes:    9 episodes buffered
============================================================

[Phase] Env 1: Alice Failed | Moved: 0.027m < 0.01m threshold
[Reset] Env 1: Alice phase @ step 250/250 | Goals: 0/5 | Reason: Invalid Goal
[Reset] Env 5: Alice phase @ step 250/250 | Goals: 0/5 | Reason: Invalid Goal
[Reset] Env 24: Alice phase @ step 250/250 | Goals: 0/5 | Reason: Invalid Goal
[Reset] Resetting objects to SAFE pose for 3 envs
[Reset] Resetting ROBOT joints for 3 envs
[Phase] Env 2: Alice Failed | Moved: 0.027m < 0.01m threshold
[Reset] Env 2: Alice phase @ step 250/250 | Goals: 0/5 | Reason: Invalid Goal
[Reset] Env 7: Alice phase @ step 250/250 | Goals: 0/5 | Reason: Invalid Goal
[Reset] Env 10: Alice phase @ step 250/250 | Goals: 0/5 | Reason: Invalid Goal
[Reset] Env 14: Alice phase @ step 250/250 | Goals: 0/5 | Reason: Invalid Goal
[Reset] Env 15: Alice phase @ step 250/250 | Goals: 0/5 | Reason: Invalid Goal
[Reset] Env 19: Alice phase @ step 250/250 | Goals: 0/5 | Reason: Invalid Goal
[Reset] Env 20: Alice phase @ step 250/250 | Goals: 0/5 | Reason: Invalid Goal
[Reset] Resetting objects to SAFE pose for 7 envs
[Reset] Resetting ROBOT joints for 7 envs
Update Alice: Iter 348

============================================================
ALICE UPDATE 348
============================================================
  Rewards:     mean=-1.0000 | min=0.0000 | max=0.0000
  Losses:      value=0.0001 | surrogate=1.9062
  Outcomes:    9 episodes buffered
============================================================

[Phase] Env 3: Alice Failed | Moved: 0.027m < 0.01m threshold
[Reset] Env 3: Alice phase @ step 250/250 | Goals: 0/5 | Reason: Invalid Goal
[Reset] Env 6: Alice phase @ step 250/250 | Goals: 0/5 | Reason: Invalid Goal
[Reset] Env 13: Alice phase @ step 250/250 | Goals: 0/5 | Reason: Invalid Goal
[Reset] Env 16: Alice phase @ step 250/250 | Goals: 0/5 | Reason: Invalid Goal
[Reset] Env 17: Alice phase @ step 250/250 | Goals: 0/5 | Reason: Invalid Goal
[Reset] Env 21: Alice phase @ step 250/250 | Goals: 0/5 | Reason: Invalid Goal
[Reset] Env 22: Alice phase @ step 250/250 | Goals: 0/5 | Reason: Invalid Goal
[Reset] Resetting objects to SAFE pose for 7 envs
[Reset] Resetting ROBOT joints for 7 envs
Update Alice: Iter 349

============================================================
ALICE UPDATE 349
============================================================
  Rewards:     mean=-1.0000 | min=0.0000 | max=0.0000
  Losses:      value=0.0001 | surrogate=1.5246
  Outcomes:    9 episodes buffered
============================================================

[Phase] Env 18: Alice Failed | Moved: 0.027m < 0.01m threshold
[Reset] Env 18: Alice phase @ step 250/250 | Goals: 0/5 | Reason: Invalid Goal
[Reset] Env 23: Alice phase @ step 250/250 | Goals: 0/5 | Reason: Invalid Goal
[Reset] Resetting objects to SAFE pose for 2 envs
[Reset] Resetting ROBOT joints for 2 envs
[Phase] Env 0: Alice Failed | Moved: 0.027m < 0.01m threshold
[Reset] Env 0: Alice phase @ step 250/250 | Goals: 0/5 | Reason: Invalid Goal
[Reset] Env 4: Alice phase @ step 250/250 | Goals: 0/5 | Reason: Invalid Goal
[Reset] Env 8: Alice phase @ step 250/250 | Goals: 0/5 | Reason: Invalid Goal
[Reset] Env 9: Alice phase @ step 250/250 | Goals: 0/5 | Reason: Invalid Goal
[Reset] Env 11: Alice phase @ step 250/250 | Goals: 0/5 | Reason: Invalid Goal
[Reset] Env 12: Alice phase @ step 250/250 | Goals: 0/5 | Reason: Invalid Goal
[Reset] Resetting objects to SAFE pose for 6 envs
[Reset] Resetting ROBOT joints for 6 envs
[Phase] Env 1: Alice Failed | Moved: 0.027m < 0.01m threshold
[Reset] Env 1: Alice phase @ step 250/250 | Goals: 0/5 | Reason: Invalid Goal
[Reset] Env 5: Alice phase @ step 250/250 | Goals: 0/5 | Reason: Invalid Goal
[Reset] Env 24: Alice phase @ step 250/250 | Goals: 0/5 | Reason: Invalid Goal
[Reset] Resetting objects to SAFE pose for 3 envs
[Reset] Resetting ROBOT joints for 3 envs
Update Alice: Iter 350

============================================================
ALICE UPDATE 350
============================================================
  Rewards:     mean=-1.0000 | min=0.0000 | max=0.0000
  Losses:      value=0.0001 | surrogate=1.5716
  Outcomes:    9 episodes buffered
============================================================

[Phase] Env 2: Alice Failed | Moved: 0.027m < 0.01m threshold
[Reset] Env 2: Alice phase @ step 250/250 | Goals: 0/5 | Reason: Invalid Goal
[Reset] Env 7: Alice phase @ step 250/250 | Goals: 0/5 | Reason: Invalid Goal
[Reset] Env 10: Alice phase @ step 250/250 | Goals: 0/5 | Reason: Invalid Goal
[Reset] Env 14: Alice phase @ step 250/250 | Goals: 0/5 | Reason: Invalid Goal
[Reset] Env 15: Alice phase @ step 250/250 | Goals: 0/5 | Reason: Invalid Goal
[Reset] Env 19: Alice phase @ step 250/250 | Goals: 0/5 | Reason: Invalid Goal
[Reset] Env 20: Alice phase @ step 250/250 | Goals: 0/5 | Reason: Invalid Goal
[Reset] Resetting objects to SAFE pose for 7 envs
[Reset] Resetting ROBOT joints for 7 envs
Update Alice: Iter 351

============================================================
ALICE UPDATE 351
============================================================
  Rewards:     mean=-1.0000 | min=0.0000 | max=0.0000
  Losses:      value=0.0001 | surrogate=1.5444
  Outcomes:    9 episodes buffered
============================================================

[Phase] Env 3: Alice Failed | Moved: 0.027m < 0.01m threshold
[Reset] Env 3: Alice phase @ step 250/250 | Goals: 0/5 | Reason: Invalid Goal
[Reset] Env 6: Alice phase @ step 250/250 | Goals: 0/5 | Reason: Invalid Goal
[Reset] Env 13: Alice phase @ step 250/250 | Goals: 0/5 | Reason: Invalid Goal
[Reset] Env 16: Alice phase @ step 250/250 | Goals: 0/5 | Reason: Invalid Goal
[Reset] Env 17: Alice phase @ step 250/250 | Goals: 0/5 | Reason: Invalid Goal
[Reset] Env 21: Alice phase @ step 250/250 | Goals: 0/5 | Reason: Invalid Goal
[Reset] Env 22: Alice phase @ step 250/250 | Goals: 0/5 | Reason: Invalid Goal
[Reset] Resetting objects to SAFE pose for 7 envs
[Reset] Resetting ROBOT joints for 7 envs
[Phase] Env 18: Alice Failed | Moved: 0.027m < 0.01m threshold
[Reset] Env 18: Alice phase @ step 250/250 | Goals: 0/5 | Reason: Invalid Goal
[Reset] Env 23: Alice phase @ step 250/250 | Goals: 0/5 | Reason: Invalid Goal
[Reset] Resetting objects to SAFE pose for 2 envs
[Reset] Resetting ROBOT joints for 2 envs
Update Alice: Iter 352

============================================================
ALICE UPDATE 352
============================================================
  Rewards:     mean=-1.0000 | min=0.0000 | max=0.0000
  Losses:      value=0.0001 | surrogate=1.4539
  Outcomes:    9 episodes buffered
============================================================

[Phase] Env 0: Alice Failed | Moved: 0.027m < 0.01m threshold
[Reset] Env 0: Alice phase @ step 250/250 | Goals: 0/5 | Reason: Invalid Goal
[Reset] Env 4: Alice phase @ step 250/250 | Goals: 0/5 | Reason: Invalid Goal
[Reset] Env 8: Alice phase @ step 250/250 | Goals: 0/5 | Reason: Invalid Goal
[Reset] Env 9: Alice phase @ step 250/250 | Goals: 0/5 | Reason: Invalid Goal
[Reset] Env 11: Alice phase @ step 250/250 | Goals: 0/5 | Reason: Invalid Goal
[Reset] Env 12: Alice phase @ step 250/250 | Goals: 0/5 | Reason: Invalid Goal
[Reset] Resetting objects to SAFE pose for 6 envs
[Reset] Resetting ROBOT joints for 6 envs
[Phase] Env 1: Alice Failed | Moved: 0.027m < 0.01m threshold
[Reset] Env 1: Alice phase @ step 250/250 | Goals: 0/5 | Reason: Invalid Goal
[Reset] Env 5: Alice phase @ step 250/250 | Goals: 0/5 | Reason: Invalid Goal
[Reset] Env 24: Alice phase @ step 250/250 | Goals: 0/5 | Reason: Invalid Goal
[Reset] Resetting objects to SAFE pose for 3 envs
[Reset] Resetting ROBOT joints for 3 envs
Update Alice: Iter 353

============================================================
ALICE UPDATE 353
============================================================
  Rewards:     mean=-1.0000 | min=0.0000 | max=0.0000
  Losses:      value=0.0001 | surrogate=1.5339
  Outcomes:    9 episodes buffered
============================================================

[Phase] Env 2: Alice Failed | Moved: 0.027m < 0.01m threshold
[Reset] Env 2: Alice phase @ step 250/250 | Goals: 0/5 | Reason: Invalid Goal
[Reset] Env 7: Alice phase @ step 250/250 | Goals: 0/5 | Reason: Invalid Goal
[Reset] Env 10: Alice phase @ step 250/250 | Goals: 0/5 | Reason: Invalid Goal
[Reset] Env 14: Alice phase @ step 250/250 | Goals: 0/5 | Reason: Invalid Goal
[Reset] Env 15: Alice phase @ step 250/250 | Goals: 0/5 | Reason: Invalid Goal
[Reset] Env 19: Alice phase @ step 250/250 | Goals: 0/5 | Reason: Invalid Goal
[Reset] Env 20: Alice phase @ step 250/250 | Goals: 0/5 | Reason: Invalid Goal
[Reset] Resetting objects to SAFE pose for 7 envs
[Reset] Resetting ROBOT joints for 7 envs
[Phase] Env 3: Alice Failed | Moved: 0.027m < 0.01m threshold
[Reset] Env 3: Alice phase @ step 250/250 | Goals: 0/5 | Reason: Invalid Goal
[Reset] Env 6: Alice phase @ step 250/250 | Goals: 0/5 | Reason: Invalid Goal
[Reset] Env 13: Alice phase @ step 250/250 | Goals: 0/5 | Reason: Invalid Goal
[Reset] Env 16: Alice phase @ step 250/250 | Goals: 0/5 | Reason: Invalid Goal
[Reset] Env 17: Alice phase @ step 250/250 | Goals: 0/5 | Reason: Invalid Goal
[Reset] Env 21: Alice phase @ step 250/250 | Goals: 0/5 | Reason: Invalid Goal
[Reset] Env 22: Alice phase @ step 250/250 | Goals: 0/5 | Reason: Invalid Goal
[Reset] Resetting objects to SAFE pose for 7 envs
[Reset] Resetting ROBOT joints for 7 envs
Update Alice: Iter 354

============================================================
ALICE UPDATE 354
============================================================
  Rewards:     mean=-1.0000 | min=0.0000 | max=0.0000
  Losses:      value=0.0002 | surrogate=1.3941
  Outcomes:    9 episodes buffered
============================================================

[Phase] Env 18: Alice Failed | Moved: 0.027m < 0.01m threshold
[Reset] Env 18: Alice phase @ step 250/250 | Goals: 0/5 | Reason: Invalid Goal
[Reset] Env 23: Alice phase @ step 250/250 | Goals: 0/5 | Reason: Invalid Goal
[Reset] Resetting objects to SAFE pose for 2 envs
[Reset] Resetting ROBOT joints for 2 envs
[Phase] Env 0: Alice Failed | Moved: 0.027m < 0.01m threshold
[Reset] Env 0: Alice phase @ step 250/250 | Goals: 0/5 | Reason: Invalid Goal
[Reset] Env 4: Alice phase @ step 250/250 | Goals: 0/5 | Reason: Invalid Goal
[Reset] Env 8: Alice phase @ step 250/250 | Goals: 0/5 | Reason: Invalid Goal
[Reset] Env 9: Alice phase @ step 250/250 | Goals: 0/5 | Reason: Invalid Goal
[Reset] Env 11: Alice phase @ step 250/250 | Goals: 0/5 | Reason: Invalid Goal
[Reset] Env 12: Alice phase @ step 250/250 | Goals: 0/5 | Reason: Invalid Goal
[Reset] Resetting objects to SAFE pose for 6 envs
[Reset] Resetting ROBOT joints for 6 envs
Update Alice: Iter 355

============================================================
ALICE UPDATE 355
============================================================
  Rewards:     mean=-1.0000 | min=0.0000 | max=0.0000
  Losses:      value=0.0001 | surrogate=1.5599
  Outcomes:    9 episodes buffered
============================================================

[Phase] Env 1: Alice Failed | Moved: 0.027m < 0.01m threshold
[Reset] Env 1: Alice phase @ step 250/250 | Goals: 0/5 | Reason: Invalid Goal
[Reset] Env 5: Alice phase @ step 250/250 | Goals: 0/5 | Reason: Invalid Goal
[Reset] Env 24: Alice phase @ step 250/250 | Goals: 0/5 | Reason: Invalid Goal
[Reset] Resetting objects to SAFE pose for 3 envs
[Reset] Resetting ROBOT joints for 3 envs
[Phase] Env 2: Alice Failed | Moved: 0.027m < 0.01m threshold
[Reset] Env 2: Alice phase @ step 250/250 | Goals: 0/5 | Reason: Invalid Goal
[Reset] Env 7: Alice phase @ step 250/250 | Goals: 0/5 | Reason: Invalid Goal
[Reset] Env 10: Alice phase @ step 250/250 | Goals: 0/5 | Reason: Invalid Goal
[Reset] Env 14: Alice phase @ step 250/250 | Goals: 0/5 | Reason: Invalid Goal
[Reset] Env 15: Alice phase @ step 250/250 | Goals: 0/5 | Reason: Invalid Goal
[Reset] Env 19: Alice phase @ step 250/250 | Goals: 0/5 | Reason: Invalid Goal
[Reset] Env 20: Alice phase @ step 250/250 | Goals: 0/5 | Reason: Invalid Goal
[Reset] Resetting objects to SAFE pose for 7 envs
[Reset] Resetting ROBOT joints for 7 envs
Update Alice: Iter 356

============================================================
ALICE UPDATE 356
============================================================
  Rewards:     mean=-1.0000 | min=0.0000 | max=0.0000
  Losses:      value=0.0001 | surrogate=1.7744
  Outcomes:    9 episodes buffered
============================================================

[Phase] Env 3: Alice Failed | Moved: 0.027m < 0.01m threshold
[Reset] Env 3: Alice phase @ step 250/250 | Goals: 0/5 | Reason: Invalid Goal
[Reset] Env 6: Alice phase @ step 250/250 | Goals: 0/5 | Reason: Invalid Goal
[Reset] Env 13: Alice phase @ step 250/250 | Goals: 0/5 | Reason: Invalid Goal
[Reset] Env 16: Alice phase @ step 250/250 | Goals: 0/5 | Reason: Invalid Goal
[Reset] Env 17: Alice phase @ step 250/250 | Goals: 0/5 | Reason: Invalid Goal
[Reset] Env 21: Alice phase @ step 250/250 | Goals: 0/5 | Reason: Invalid Goal
[Reset] Env 22: Alice phase @ step 250/250 | Goals: 0/5 | Reason: Invalid Goal
[Reset] Resetting objects to SAFE pose for 7 envs
[Reset] Resetting ROBOT joints for 7 envs
Update Alice: Iter 357

============================================================
ALICE UPDATE 357
============================================================
  Rewards:     mean=-1.0000 | min=0.0000 | max=0.0000
  Losses:      value=0.0001 | surrogate=1.2315
  Outcomes:    9 episodes buffered
============================================================

[Phase] Env 18: Alice Failed | Moved: 0.027m < 0.01m threshold
[Reset] Env 18: Alice phase @ step 250/250 | Goals: 0/5 | Reason: Invalid Goal
[Reset] Env 23: Alice phase @ step 250/250 | Goals: 0/5 | Reason: Invalid Goal
[Reset] Resetting objects to SAFE pose for 2 envs
[Reset] Resetting ROBOT joints for 2 envs
[Phase] Env 0: Alice Failed | Moved: 0.027m < 0.01m threshold
[Reset] Env 0: Alice phase @ step 250/250 | Goals: 0/5 | Reason: Invalid Goal
[Reset] Env 4: Alice phase @ step 250/250 | Goals: 0/5 | Reason: Invalid Goal
[Reset] Env 8: Alice phase @ step 250/250 | Goals: 0/5 | Reason: Invalid Goal
[Reset] Env 9: Alice phase @ step 250/250 | Goals: 0/5 | Reason: Invalid Goal
[Reset] Env 11: Alice phase @ step 250/250 | Goals: 0/5 | Reason: Invalid Goal
[Reset] Env 12: Alice phase @ step 250/250 | Goals: 0/5 | Reason: Invalid Goal
[Reset] Resetting objects to SAFE pose for 6 envs
[Reset] Resetting ROBOT joints for 6 envs
Update Alice: Iter 358

============================================================
ALICE UPDATE 358
============================================================
  Rewards:     mean=-1.0000 | min=0.0000 | max=0.0000
  Losses:      value=0.0001 | surrogate=1.6178
  Outcomes:    9 episodes buffered
============================================================

[Phase] Env 1: Alice Failed | Moved: 0.027m < 0.01m threshold
[Reset] Env 1: Alice phase @ step 250/250 | Goals: 0/5 | Reason: Invalid Goal
[Reset] Env 5: Alice phase @ step 250/250 | Goals: 0/5 | Reason: Invalid Goal
[Reset] Env 24: Alice phase @ step 250/250 | Goals: 0/5 | Reason: Invalid Goal
[Reset] Resetting objects to SAFE pose for 3 envs
[Reset] Resetting ROBOT joints for 3 envs
[Phase] Env 2: Alice Failed | Moved: 0.027m < 0.01m threshold
[Reset] Env 2: Alice phase @ step 250/250 | Goals: 0/5 | Reason: Invalid Goal
[Reset] Env 7: Alice phase @ step 250/250 | Goals: 0/5 | Reason: Invalid Goal
[Reset] Env 10: Alice phase @ step 250/250 | Goals: 0/5 | Reason: Invalid Goal
[Reset] Env 14: Alice phase @ step 250/250 | Goals: 0/5 | Reason: Invalid Goal
[Reset] Env 15: Alice phase @ step 250/250 | Goals: 0/5 | Reason: Invalid Goal
[Reset] Env 19: Alice phase @ step 250/250 | Goals: 0/5 | Reason: Invalid Goal
[Reset] Env 20: Alice phase @ step 250/250 | Goals: 0/5 | Reason: Invalid Goal
[Reset] Resetting objects to SAFE pose for 7 envs
[Reset] Resetting ROBOT joints for 7 envs
Update Alice: Iter 359

============================================================
ALICE UPDATE 359
============================================================
  Rewards:     mean=-1.0000 | min=0.0000 | max=0.0000
  Losses:      value=0.0001 | surrogate=1.4110
  Outcomes:    9 episodes buffered
============================================================

[Phase] Env 3: Alice Failed | Moved: 0.027m < 0.01m threshold
[Reset] Env 3: Alice phase @ step 250/250 | Goals: 0/5 | Reason: Invalid Goal
[Reset] Env 6: Alice phase @ step 250/250 | Goals: 0/5 | Reason: Invalid Goal
[Reset] Env 13: Alice phase @ step 250/250 | Goals: 0/5 | Reason: Invalid Goal
[Reset] Env 16: Alice phase @ step 250/250 | Goals: 0/5 | Reason: Invalid Goal
[Reset] Env 17: Alice phase @ step 250/250 | Goals: 0/5 | Reason: Invalid Goal
[Reset] Env 21: Alice phase @ step 250/250 | Goals: 0/5 | Reason: Invalid Goal
[Reset] Env 22: Alice phase @ step 250/250 | Goals: 0/5 | Reason: Invalid Goal
[Reset] Resetting objects to SAFE pose for 7 envs
[Reset] Resetting ROBOT joints for 7 envs
Update Alice: Iter 360

============================================================
ALICE UPDATE 360
============================================================
  Rewards:     mean=-1.0000 | min=0.0000 | max=0.0000
  Losses:      value=0.0003 | surrogate=1.7804
  Outcomes:    9 episodes buffered
============================================================

[Phase] Env 18: Alice Failed | Moved: 0.027m < 0.01m threshold
[Reset] Env 18: Alice phase @ step 250/250 | Goals: 0/5 | Reason: Invalid Goal
[Reset] Env 23: Alice phase @ step 250/250 | Goals: 0/5 | Reason: Invalid Goal
[Reset] Resetting objects to SAFE pose for 2 envs
[Reset] Resetting ROBOT joints for 2 envs
[Phase] Env 0: Alice Failed | Moved: 0.027m < 0.01m threshold
[Reset] Env 0: Alice phase @ step 250/250 | Goals: 0/5 | Reason: Invalid Goal
[Reset] Env 4: Alice phase @ step 250/250 | Goals: 0/5 | Reason: Invalid Goal
[Reset] Env 8: Alice phase @ step 250/250 | Goals: 0/5 | Reason: Invalid Goal
[Reset] Env 9: Alice phase @ step 250/250 | Goals: 0/5 | Reason: Invalid Goal
[Reset] Env 11: Alice phase @ step 250/250 | Goals: 0/5 | Reason: Invalid Goal
[Reset] Env 12: Alice phase @ step 250/250 | Goals: 0/5 | Reason: Invalid Goal
[Reset] Resetting objects to SAFE pose for 6 envs
[Reset] Resetting ROBOT joints for 6 envs
Update Alice: Iter 361

============================================================
ALICE UPDATE 361
============================================================
  Rewards:     mean=-1.0000 | min=0.0000 | max=0.0000
  Losses:      value=0.0005 | surrogate=1.7176
  Outcomes:    9 episodes buffered
============================================================

[Phase] Env 1: Alice Failed | Moved: 0.027m < 0.01m threshold
[Reset] Env 1: Alice phase @ step 250/250 | Goals: 0/5 | Reason: Invalid Goal
[Reset] Env 5: Alice phase @ step 250/250 | Goals: 0/5 | Reason: Invalid Goal
[Reset] Env 24: Alice phase @ step 250/250 | Goals: 0/5 | Reason: Invalid Goal
[Reset] Resetting objects to SAFE pose for 3 envs
[Reset] Resetting ROBOT joints for 3 envs
[Phase] Env 2: Alice Failed | Moved: 0.027m < 0.01m threshold
[Reset] Env 2: Alice phase @ step 250/250 | Goals: 0/5 | Reason: Invalid Goal
[Reset] Env 7: Alice phase @ step 250/250 | Goals: 0/5 | Reason: Invalid Goal
[Reset] Env 10: Alice phase @ step 250/250 | Goals: 0/5 | Reason: Invalid Goal
[Reset] Env 14: Alice phase @ step 250/250 | Goals: 0/5 | Reason: Invalid Goal
[Reset] Env 15: Alice phase @ step 250/250 | Goals: 0/5 | Reason: Invalid Goal
[Reset] Env 19: Alice phase @ step 250/250 | Goals: 0/5 | Reason: Invalid Goal
[Reset] Env 20: Alice phase @ step 250/250 | Goals: 0/5 | Reason: Invalid Goal
[Reset] Resetting objects to SAFE pose for 7 envs
[Reset] Resetting ROBOT joints for 7 envs
Update Alice: Iter 362

============================================================
ALICE UPDATE 362
============================================================
  Rewards:     mean=-1.0000 | min=0.0000 | max=0.0000
  Losses:      value=0.0004 | surrogate=1.6783
  Outcomes:    9 episodes buffered
============================================================

[Phase] Env 3: Alice Failed | Moved: 0.027m < 0.01m threshold
[Reset] Env 3: Alice phase @ step 250/250 | Goals: 0/5 | Reason: Invalid Goal
[Reset] Env 6: Alice phase @ step 250/250 | Goals: 0/5 | Reason: Invalid Goal
[Reset] Env 13: Alice phase @ step 250/250 | Goals: 0/5 | Reason: Invalid Goal
[Reset] Env 16: Alice phase @ step 250/250 | Goals: 0/5 | Reason: Invalid Goal
[Reset] Env 17: Alice phase @ step 250/250 | Goals: 0/5 | Reason: Invalid Goal
[Reset] Env 21: Alice phase @ step 250/250 | Goals: 0/5 | Reason: Invalid Goal
[Reset] Env 22: Alice phase @ step 250/250 | Goals: 0/5 | Reason: Invalid Goal
[Reset] Resetting objects to SAFE pose for 7 envs
[Reset] Resetting ROBOT joints for 7 envs
[Phase] Env 18: Alice Failed | Moved: 0.027m < 0.01m threshold
[Reset] Env 18: Alice phase @ step 250/250 | Goals: 0/5 | Reason: Invalid Goal
[Reset] Env 23: Alice phase @ step 250/250 | Goals: 0/5 | Reason: Invalid Goal
[Reset] Resetting objects to SAFE pose for 2 envs
[Reset] Resetting ROBOT joints for 2 envs
Update Alice: Iter 363

============================================================
ALICE UPDATE 363
============================================================
  Rewards:     mean=-1.0000 | min=0.0000 | max=0.0000
  Losses:      value=0.0002 | surrogate=1.7375
  Outcomes:    9 episodes buffered
============================================================

[Phase] Env 0: Alice Failed | Moved: 0.027m < 0.01m threshold
[Reset] Env 0: Alice phase @ step 250/250 | Goals: 0/5 | Reason: Invalid Goal
[Reset] Env 4: Alice phase @ step 250/250 | Goals: 0/5 | Reason: Invalid Goal
[Reset] Env 8: Alice phase @ step 250/250 | Goals: 0/5 | Reason: Invalid Goal
[Reset] Env 9: Alice phase @ step 250/250 | Goals: 0/5 | Reason: Invalid Goal
[Reset] Env 11: Alice phase @ step 250/250 | Goals: 0/5 | Reason: Invalid Goal
[Reset] Env 12: Alice phase @ step 250/250 | Goals: 0/5 | Reason: Invalid Goal
[Reset] Resetting objects to SAFE pose for 6 envs
[Reset] Resetting ROBOT joints for 6 envs
[Phase] Env 1: Alice Failed | Moved: 0.027m < 0.01m threshold
[Reset] Env 1: Alice phase @ step 250/250 | Goals: 0/5 | Reason: Invalid Goal
[Reset] Env 5: Alice phase @ step 250/250 | Goals: 0/5 | Reason: Invalid Goal
[Reset] Env 24: Alice phase @ step 250/250 | Goals: 0/5 | Reason: Invalid Goal
[Reset] Resetting objects to SAFE pose for 3 envs
[Reset] Resetting ROBOT joints for 3 envs
Update Alice: Iter 364

============================================================
ALICE UPDATE 364
============================================================
  Rewards:     mean=-1.0000 | min=0.0000 | max=0.0000
  Losses:      value=0.0006 | surrogate=1.3460
  Outcomes:    9 episodes buffered
============================================================

[Phase] Env 2: Alice Failed | Moved: 0.027m < 0.01m threshold
[Reset] Env 2: Alice phase @ step 250/250 | Goals: 0/5 | Reason: Invalid Goal
[Reset] Env 7: Alice phase @ step 250/250 | Goals: 0/5 | Reason: Invalid Goal
[Reset] Env 10: Alice phase @ step 250/250 | Goals: 0/5 | Reason: Invalid Goal
[Reset] Env 14: Alice phase @ step 250/250 | Goals: 0/5 | Reason: Invalid Goal
[Reset] Env 15: Alice phase @ step 250/250 | Goals: 0/5 | Reason: Invalid Goal
[Reset] Env 19: Alice phase @ step 250/250 | Goals: 0/5 | Reason: Invalid Goal
[Reset] Env 20: Alice phase @ step 250/250 | Goals: 0/5 | Reason: Invalid Goal
[Reset] Resetting objects to SAFE pose for 7 envs
[Reset] Resetting ROBOT joints for 7 envs
[Phase] Env 3: Alice Failed | Moved: 0.027m < 0.01m threshold
[Reset] Env 3: Alice phase @ step 250/250 | Goals: 0/5 | Reason: Invalid Goal
[Reset] Env 6: Alice phase @ step 250/250 | Goals: 0/5 | Reason: Invalid Goal
[Reset] Env 13: Alice phase @ step 250/250 | Goals: 0/5 | Reason: Invalid Goal
[Reset] Env 16: Alice phase @ step 250/250 | Goals: 0/5 | Reason: Invalid Goal
[Reset] Env 17: Alice phase @ step 250/250 | Goals: 0/5 | Reason: Invalid Goal
[Reset] Env 21: Alice phase @ step 250/250 | Goals: 0/5 | Reason: Invalid Goal
[Reset] Env 22: Alice phase @ step 250/250 | Goals: 0/5 | Reason: Invalid Goal
[Reset] Resetting objects to SAFE pose for 7 envs
[Reset] Resetting ROBOT joints for 7 envs
Update Alice: Iter 365

============================================================
ALICE UPDATE 365
============================================================
  Rewards:     mean=-1.0000 | min=0.0000 | max=0.0000
  Losses:      value=0.0002 | surrogate=2.1393
  Outcomes:    9 episodes buffered
============================================================

[Phase] Env 18: Alice Failed | Moved: 0.027m < 0.01m threshold
[Reset] Env 18: Alice phase @ step 250/250 | Goals: 0/5 | Reason: Invalid Goal
[Reset] Env 23: Alice phase @ step 250/250 | Goals: 0/5 | Reason: Invalid Goal
[Reset] Resetting objects to SAFE pose for 2 envs
[Reset] Resetting ROBOT joints for 2 envs
[Phase] Env 0: Alice Failed | Moved: 0.027m < 0.01m threshold
[Reset] Env 0: Alice phase @ step 250/250 | Goals: 0/5 | Reason: Invalid Goal
[Reset] Env 4: Alice phase @ step 250/250 | Goals: 0/5 | Reason: Invalid Goal
[Reset] Env 8: Alice phase @ step 250/250 | Goals: 0/5 | Reason: Invalid Goal
[Reset] Env 9: Alice phase @ step 250/250 | Goals: 0/5 | Reason: Invalid Goal
[Reset] Env 11: Alice phase @ step 250/250 | Goals: 0/5 | Reason: Invalid Goal
[Reset] Env 12: Alice phase @ step 250/250 | Goals: 0/5 | Reason: Invalid Goal
[Reset] Resetting objects to SAFE pose for 6 envs
[Reset] Resetting ROBOT joints for 6 envs
Update Alice: Iter 366

============================================================
ALICE UPDATE 366
============================================================
  Rewards:     mean=-1.0000 | min=0.0000 | max=0.0000
  Losses:      value=0.0003 | surrogate=1.7427
  Outcomes:    9 episodes buffered
============================================================

[Phase] Env 1: Alice Failed | Moved: 0.027m < 0.01m threshold
[Reset] Env 1: Alice phase @ step 250/250 | Goals: 0/5 | Reason: Invalid Goal
[Reset] Env 5: Alice phase @ step 250/250 | Goals: 0/5 | Reason: Invalid Goal
[Reset] Env 24: Alice phase @ step 250/250 | Goals: 0/5 | Reason: Invalid Goal
[Reset] Resetting objects to SAFE pose for 3 envs
[Reset] Resetting ROBOT joints for 3 envs
[Phase] Env 2: Alice Failed | Moved: 0.027m < 0.01m threshold
[Reset] Env 2: Alice phase @ step 250/250 | Goals: 0/5 | Reason: Invalid Goal
[Reset] Env 7: Alice phase @ step 250/250 | Goals: 0/5 | Reason: Invalid Goal
[Reset] Env 10: Alice phase @ step 250/250 | Goals: 0/5 | Reason: Invalid Goal
[Reset] Env 14: Alice phase @ step 250/250 | Goals: 0/5 | Reason: Invalid Goal
[Reset] Env 15: Alice phase @ step 250/250 | Goals: 0/5 | Reason: Invalid Goal
[Reset] Env 19: Alice phase @ step 250/250 | Goals: 0/5 | Reason: Invalid Goal
[Reset] Env 20: Alice phase @ step 250/250 | Goals: 0/5 | Reason: Invalid Goal
[Reset] Resetting objects to SAFE pose for 7 envs
[Reset] Resetting ROBOT joints for 7 envs
Update Alice: Iter 367

============================================================
ALICE UPDATE 367
============================================================
  Rewards:     mean=-1.0000 | min=0.0000 | max=0.0000
  Losses:      value=0.0003 | surrogate=1.5777
  Outcomes:    9 episodes buffered
============================================================

[Phase] Env 3: Alice Failed | Moved: 0.027m < 0.01m threshold
[Reset] Env 3: Alice phase @ step 250/250 | Goals: 0/5 | Reason: Invalid Goal
[Reset] Env 6: Alice phase @ step 250/250 | Goals: 0/5 | Reason: Invalid Goal
[Reset] Env 13: Alice phase @ step 250/250 | Goals: 0/5 | Reason: Invalid Goal
[Reset] Env 16: Alice phase @ step 250/250 | Goals: 0/5 | Reason: Invalid Goal
[Reset] Env 17: Alice phase @ step 250/250 | Goals: 0/5 | Reason: Invalid Goal
[Reset] Env 21: Alice phase @ step 250/250 | Goals: 0/5 | Reason: Invalid Goal
[Reset] Env 22: Alice phase @ step 250/250 | Goals: 0/5 | Reason: Invalid Goal
[Reset] Resetting objects to SAFE pose for 7 envs
[Reset] Resetting ROBOT joints for 7 envs
Update Alice: Iter 368

============================================================
ALICE UPDATE 368
============================================================
  Rewards:     mean=-1.0000 | min=0.0000 | max=0.0000
  Losses:      value=0.0001 | surrogate=1.7028
  Outcomes:    9 episodes buffered
============================================================

[Phase] Env 18: Alice Failed | Moved: 0.027m < 0.01m threshold
[Reset] Env 18: Alice phase @ step 250/250 | Goals: 0/5 | Reason: Invalid Goal
[Reset] Env 23: Alice phase @ step 250/250 | Goals: 0/5 | Reason: Invalid Goal
[Reset] Resetting objects to SAFE pose for 2 envs
[Reset] Resetting ROBOT joints for 2 envs
[Phase] Env 0: Alice Failed | Moved: 0.027m < 0.01m threshold
[Reset] Env 0: Alice phase @ step 250/250 | Goals: 0/5 | Reason: Invalid Goal
[Reset] Env 4: Alice phase @ step 250/250 | Goals: 0/5 | Reason: Invalid Goal
[Reset] Env 8: Alice phase @ step 250/250 | Goals: 0/5 | Reason: Invalid Goal
[Reset] Env 9: Alice phase @ step 250/250 | Goals: 0/5 | Reason: Invalid Goal
[Reset] Env 11: Alice phase @ step 250/250 | Goals: 0/5 | Reason: Invalid Goal
[Reset] Env 12: Alice phase @ step 250/250 | Goals: 0/5 | Reason: Invalid Goal
[Reset] Resetting objects to SAFE pose for 6 envs
[Reset] Resetting ROBOT joints for 6 envs
Update Alice: Iter 369

============================================================
ALICE UPDATE 369
============================================================
  Rewards:     mean=-1.0000 | min=0.0000 | max=0.0000
  Losses:      value=0.0001 | surrogate=1.7362
  Outcomes:    9 episodes buffered
============================================================

[Phase] Env 1: Alice Failed | Moved: 0.027m < 0.01m threshold
[Reset] Env 1: Alice phase @ step 250/250 | Goals: 0/5 | Reason: Invalid Goal
[Reset] Env 5: Alice phase @ step 250/250 | Goals: 0/5 | Reason: Invalid Goal
[Reset] Env 24: Alice phase @ step 250/250 | Goals: 0/5 | Reason: Invalid Goal
[Reset] Resetting objects to SAFE pose for 3 envs
[Reset] Resetting ROBOT joints for 3 envs
[Phase] Env 2: Alice Failed | Moved: 0.027m < 0.01m threshold
[Reset] Env 2: Alice phase @ step 250/250 | Goals: 0/5 | Reason: Invalid Goal
[Reset] Env 7: Alice phase @ step 250/250 | Goals: 0/5 | Reason: Invalid Goal
[Reset] Env 10: Alice phase @ step 250/250 | Goals: 0/5 | Reason: Invalid Goal
[Reset] Env 14: Alice phase @ step 250/250 | Goals: 0/5 | Reason: Invalid Goal
[Reset] Env 15: Alice phase @ step 250/250 | Goals: 0/5 | Reason: Invalid Goal
[Reset] Env 19: Alice phase @ step 250/250 | Goals: 0/5 | Reason: Invalid Goal
[Reset] Env 20: Alice phase @ step 250/250 | Goals: 0/5 | Reason: Invalid Goal
[Reset] Resetting objects to SAFE pose for 7 envs
[Reset] Resetting ROBOT joints for 7 envs
Update Alice: Iter 370

============================================================
ALICE UPDATE 370
============================================================
  Rewards:     mean=-1.0000 | min=0.0000 | max=0.0000
  Losses:      value=0.0001 | surrogate=1.7709
  Outcomes:    9 episodes buffered
============================================================

[Phase] Env 3: Alice Failed | Moved: 0.027m < 0.01m threshold
[Reset] Env 3: Alice phase @ step 250/250 | Goals: 0/5 | Reason: Invalid Goal
[Reset] Env 6: Alice phase @ step 250/250 | Goals: 0/5 | Reason: Invalid Goal
[Reset] Env 13: Alice phase @ step 250/250 | Goals: 0/5 | Reason: Invalid Goal
[Reset] Env 16: Alice phase @ step 250/250 | Goals: 0/5 | Reason: Invalid Goal
[Reset] Env 17: Alice phase @ step 250/250 | Goals: 0/5 | Reason: Invalid Goal
[Reset] Env 21: Alice phase @ step 250/250 | Goals: 0/5 | Reason: Invalid Goal
[Reset] Env 22: Alice phase @ step 250/250 | Goals: 0/5 | Reason: Invalid Goal
[Reset] Resetting objects to SAFE pose for 7 envs
[Reset] Resetting ROBOT joints for 7 envs
Update Alice: Iter 371

============================================================
ALICE UPDATE 371
============================================================
  Rewards:     mean=-1.0000 | min=0.0000 | max=0.0000
  Losses:      value=0.0001 | surrogate=1.3726
  Outcomes:    9 episodes buffered
============================================================

[Phase] Env 18: Alice Failed | Moved: 0.027m < 0.01m threshold
[Reset] Env 18: Alice phase @ step 250/250 | Goals: 0/5 | Reason: Invalid Goal
[Reset] Env 23: Alice phase @ step 250/250 | Goals: 0/5 | Reason: Invalid Goal
[Reset] Resetting objects to SAFE pose for 2 envs
[Reset] Resetting ROBOT joints for 2 envs
[Phase] Env 0: Alice Failed | Moved: 0.027m < 0.01m threshold
[Reset] Env 0: Alice phase @ step 250/250 | Goals: 0/5 | Reason: Invalid Goal
[Reset] Env 4: Alice phase @ step 250/250 | Goals: 0/5 | Reason: Invalid Goal
[Reset] Env 8: Alice phase @ step 250/250 | Goals: 0/5 | Reason: Invalid Goal
[Reset] Env 9: Alice phase @ step 250/250 | Goals: 0/5 | Reason: Invalid Goal
[Reset] Env 11: Alice phase @ step 250/250 | Goals: 0/5 | Reason: Invalid Goal
[Reset] Env 12: Alice phase @ step 250/250 | Goals: 0/5 | Reason: Invalid Goal
[Reset] Resetting objects to SAFE pose for 6 envs
[Reset] Resetting ROBOT joints for 6 envs
Update Alice: Iter 372

============================================================
ALICE UPDATE 372
============================================================
  Rewards:     mean=-1.0000 | min=0.0000 | max=0.0000
  Losses:      value=0.0001 | surrogate=1.8664
  Outcomes:    9 episodes buffered
============================================================

[Phase] Env 1: Alice Failed | Moved: 0.027m < 0.01m threshold
[Reset] Env 1: Alice phase @ step 250/250 | Goals: 0/5 | Reason: Invalid Goal
[Reset] Env 5: Alice phase @ step 250/250 | Goals: 0/5 | Reason: Invalid Goal
[Reset] Env 24: Alice phase @ step 250/250 | Goals: 0/5 | Reason: Invalid Goal
[Reset] Resetting objects to SAFE pose for 3 envs
[Reset] Resetting ROBOT joints for 3 envs
[Phase] Env 2: Alice Failed | Moved: 0.027m < 0.01m threshold
[Reset] Env 2: Alice phase @ step 250/250 | Goals: 0/5 | Reason: Invalid Goal
[Reset] Env 7: Alice phase @ step 250/250 | Goals: 0/5 | Reason: Invalid Goal
[Reset] Env 10: Alice phase @ step 250/250 | Goals: 0/5 | Reason: Invalid Goal
[Reset] Env 14: Alice phase @ step 250/250 | Goals: 0/5 | Reason: Invalid Goal
[Reset] Env 15: Alice phase @ step 250/250 | Goals: 0/5 | Reason: Invalid Goal
[Reset] Env 19: Alice phase @ step 250/250 | Goals: 0/5 | Reason: Invalid Goal
[Reset] Env 20: Alice phase @ step 250/250 | Goals: 0/5 | Reason: Invalid Goal
[Reset] Resetting objects to SAFE pose for 7 envs
[Reset] Resetting ROBOT joints for 7 envs
Update Alice: Iter 373

============================================================
ALICE UPDATE 373
============================================================
  Rewards:     mean=-1.0000 | min=0.0000 | max=0.0000
  Losses:      value=0.0001 | surrogate=1.4441
  Outcomes:    9 episodes buffered
============================================================

[Phase] Env 3: Alice Failed | Moved: 0.027m < 0.01m threshold
[Reset] Env 3: Alice phase @ step 250/250 | Goals: 0/5 | Reason: Invalid Goal
[Reset] Env 6: Alice phase @ step 250/250 | Goals: 0/5 | Reason: Invalid Goal
[Reset] Env 13: Alice phase @ step 250/250 | Goals: 0/5 | Reason: Invalid Goal
[Reset] Env 16: Alice phase @ step 250/250 | Goals: 0/5 | Reason: Invalid Goal
[Reset] Env 17: Alice phase @ step 250/250 | Goals: 0/5 | Reason: Invalid Goal
[Reset] Env 21: Alice phase @ step 250/250 | Goals: 0/5 | Reason: Invalid Goal
[Reset] Env 22: Alice phase @ step 250/250 | Goals: 0/5 | Reason: Invalid Goal
[Reset] Resetting objects to SAFE pose for 7 envs
[Reset] Resetting ROBOT joints for 7 envs
Update Alice: Iter 374

============================================================
ALICE UPDATE 374
============================================================
  Rewards:     mean=-1.0000 | min=0.0000 | max=0.0000
  Losses:      value=0.0001 | surrogate=1.5331
  Outcomes:    9 episodes buffered
============================================================

[Phase] Env 18: Alice Failed | Moved: 0.027m < 0.01m threshold
[Reset] Env 18: Alice phase @ step 250/250 | Goals: 0/5 | Reason: Invalid Goal
[Reset] Env 23: Alice phase @ step 250/250 | Goals: 0/5 | Reason: Invalid Goal
[Reset] Resetting objects to SAFE pose for 2 envs
[Reset] Resetting ROBOT joints for 2 envs
[Phase] Env 0: Alice Failed | Moved: 0.027m < 0.01m threshold
[Reset] Env 0: Alice phase @ step 250/250 | Goals: 0/5 | Reason: Invalid Goal
[Reset] Env 4: Alice phase @ step 250/250 | Goals: 0/5 | Reason: Invalid Goal
[Reset] Env 8: Alice phase @ step 250/250 | Goals: 0/5 | Reason: Invalid Goal
[Reset] Env 9: Alice phase @ step 250/250 | Goals: 0/5 | Reason: Invalid Goal
[Reset] Env 11: Alice phase @ step 250/250 | Goals: 0/5 | Reason: Invalid Goal
[Reset] Env 12: Alice phase @ step 250/250 | Goals: 0/5 | Reason: Invalid Goal
[Reset] Resetting objects to SAFE pose for 6 envs
[Reset] Resetting ROBOT joints for 6 envs
[Phase] Env 1: Alice Failed | Moved: 0.027m < 0.01m threshold
[Reset] Env 1: Alice phase @ step 250/250 | Goals: 0/5 | Reason: Invalid Goal
[Reset] Env 5: Alice phase @ step 250/250 | Goals: 0/5 | Reason: Invalid Goal
[Reset] Env 24: Alice phase @ step 250/250 | Goals: 0/5 | Reason: Invalid Goal
[Reset] Resetting objects to SAFE pose for 3 envs
[Reset] Resetting ROBOT joints for 3 envs
Update Alice: Iter 375

============================================================
ALICE UPDATE 375
============================================================
  Rewards:     mean=-1.0000 | min=0.0000 | max=0.0000
  Losses:      value=0.0001 | surrogate=1.5277
  Outcomes:    9 episodes buffered
============================================================

[Phase] Env 2: Alice Failed | Moved: 0.027m < 0.01m threshold
[Reset] Env 2: Alice phase @ step 250/250 | Goals: 0/5 | Reason: Invalid Goal
[Reset] Env 7: Alice phase @ step 250/250 | Goals: 0/5 | Reason: Invalid Goal
[Reset] Env 10: Alice phase @ step 250/250 | Goals: 0/5 | Reason: Invalid Goal
[Reset] Env 14: Alice phase @ step 250/250 | Goals: 0/5 | Reason: Invalid Goal
[Reset] Env 15: Alice phase @ step 250/250 | Goals: 0/5 | Reason: Invalid Goal
[Reset] Env 19: Alice phase @ step 250/250 | Goals: 0/5 | Reason: Invalid Goal
[Reset] Env 20: Alice phase @ step 250/250 | Goals: 0/5 | Reason: Invalid Goal
[Reset] Resetting objects to SAFE pose for 7 envs
[Reset] Resetting ROBOT joints for 7 envs
Update Alice: Iter 376

============================================================
ALICE UPDATE 376
============================================================
  Rewards:     mean=-1.0000 | min=0.0000 | max=0.0000
  Losses:      value=0.0002 | surrogate=1.5897
  Outcomes:    9 episodes buffered
============================================================

[Phase] Env 3: Alice Failed | Moved: 0.027m < 0.01m threshold
[Reset] Env 3: Alice phase @ step 250/250 | Goals: 0/5 | Reason: Invalid Goal
[Reset] Env 6: Alice phase @ step 250/250 | Goals: 0/5 | Reason: Invalid Goal
[Reset] Env 13: Alice phase @ step 250/250 | Goals: 0/5 | Reason: Invalid Goal
[Reset] Env 16: Alice phase @ step 250/250 | Goals: 0/5 | Reason: Invalid Goal
[Reset] Env 17: Alice phase @ step 250/250 | Goals: 0/5 | Reason: Invalid Goal
[Reset] Env 21: Alice phase @ step 250/250 | Goals: 0/5 | Reason: Invalid Goal
[Reset] Env 22: Alice phase @ step 250/250 | Goals: 0/5 | Reason: Invalid Goal
[Reset] Resetting objects to SAFE pose for 7 envs
[Reset] Resetting ROBOT joints for 7 envs
[Phase] Env 18: Alice Failed | Moved: 0.027m < 0.01m threshold
[Reset] Env 18: Alice phase @ step 250/250 | Goals: 0/5 | Reason: Invalid Goal
[Reset] Env 23: Alice phase @ step 250/250 | Goals: 0/5 | Reason: Invalid Goal
[Reset] Resetting objects to SAFE pose for 2 envs
[Reset] Resetting ROBOT joints for 2 envs
Update Alice: Iter 377

============================================================
ALICE UPDATE 377
============================================================
  Rewards:     mean=-1.0000 | min=0.0000 | max=0.0000
  Losses:      value=0.0003 | surrogate=1.5845
  Outcomes:    9 episodes buffered
============================================================

[Phase] Env 0: Alice Failed | Moved: 0.027m < 0.01m threshold
[Reset] Env 0: Alice phase @ step 250/250 | Goals: 0/5 | Reason: Invalid Goal
[Reset] Env 4: Alice phase @ step 250/250 | Goals: 0/5 | Reason: Invalid Goal
[Reset] Env 8: Alice phase @ step 250/250 | Goals: 0/5 | Reason: Invalid Goal
[Reset] Env 9: Alice phase @ step 250/250 | Goals: 0/5 | Reason: Invalid Goal
[Reset] Env 11: Alice phase @ step 250/250 | Goals: 0/5 | Reason: Invalid Goal
[Reset] Env 12: Alice phase @ step 250/250 | Goals: 0/5 | Reason: Invalid Goal
[Reset] Resetting objects to SAFE pose for 6 envs
[Reset] Resetting ROBOT joints for 6 envs
[Phase] Env 1: Alice Failed | Moved: 0.027m < 0.01m threshold
[Reset] Env 1: Alice phase @ step 250/250 | Goals: 0/5 | Reason: Invalid Goal
[Reset] Env 5: Alice phase @ step 250/250 | Goals: 0/5 | Reason: Invalid Goal
[Reset] Env 24: Alice phase @ step 250/250 | Goals: 0/5 | Reason: Invalid Goal
[Reset] Resetting objects to SAFE pose for 3 envs
[Reset] Resetting ROBOT joints for 3 envs
Update Alice: Iter 378

============================================================
ALICE UPDATE 378
============================================================
  Rewards:     mean=-1.0000 | min=0.0000 | max=0.0000
  Losses:      value=0.0002 | surrogate=1.6639
  Outcomes:    9 episodes buffered
============================================================

[Phase] Env 2: Alice Failed | Moved: 0.027m < 0.01m threshold
[Reset] Env 2: Alice phase @ step 250/250 | Goals: 0/5 | Reason: Invalid Goal
[Reset] Env 7: Alice phase @ step 250/250 | Goals: 0/5 | Reason: Invalid Goal
[Reset] Env 10: Alice phase @ step 250/250 | Goals: 0/5 | Reason: Invalid Goal
[Reset] Env 14: Alice phase @ step 250/250 | Goals: 0/5 | Reason: Invalid Goal
[Reset] Env 15: Alice phase @ step 250/250 | Goals: 0/5 | Reason: Invalid Goal
[Reset] Env 19: Alice phase @ step 250/250 | Goals: 0/5 | Reason: Invalid Goal
[Reset] Env 20: Alice phase @ step 250/250 | Goals: 0/5 | Reason: Invalid Goal
[Reset] Resetting objects to SAFE pose for 7 envs
[Reset] Resetting ROBOT joints for 7 envs
[Phase] Env 3: Alice Failed | Moved: 0.027m < 0.01m threshold
[Reset] Env 3: Alice phase @ step 250/250 | Goals: 0/5 | Reason: Invalid Goal
[Reset] Env 6: Alice phase @ step 250/250 | Goals: 0/5 | Reason: Invalid Goal
[Reset] Env 13: Alice phase @ step 250/250 | Goals: 0/5 | Reason: Invalid Goal
[Reset] Env 16: Alice phase @ step 250/250 | Goals: 0/5 | Reason: Invalid Goal
[Reset] Env 17: Alice phase @ step 250/250 | Goals: 0/5 | Reason: Invalid Goal
[Reset] Env 21: Alice phase @ step 250/250 | Goals: 0/5 | Reason: Invalid Goal
[Reset] Env 22: Alice phase @ step 250/250 | Goals: 0/5 | Reason: Invalid Goal
[Reset] Resetting objects to SAFE pose for 7 envs
[Reset] Resetting ROBOT joints for 7 envs
Update Alice: Iter 379

============================================================
ALICE UPDATE 379
============================================================
  Rewards:     mean=-1.0000 | min=0.0000 | max=0.0000
  Losses:      value=0.0001 | surrogate=1.3555
  Outcomes:    9 episodes buffered
============================================================

[Phase] Env 18: Alice Failed | Moved: 0.027m < 0.01m threshold
[Reset] Env 18: Alice phase @ step 250/250 | Goals: 0/5 | Reason: Invalid Goal
[Reset] Env 23: Alice phase @ step 250/250 | Goals: 0/5 | Reason: Invalid Goal
[Reset] Resetting objects to SAFE pose for 2 envs
[Reset] Resetting ROBOT joints for 2 envs
[Phase] Env 0: Alice Failed | Moved: 0.027m < 0.01m threshold
[Reset] Env 0: Alice phase @ step 250/250 | Goals: 0/5 | Reason: Invalid Goal
[Reset] Env 4: Alice phase @ step 250/250 | Goals: 0/5 | Reason: Invalid Goal
[Reset] Env 8: Alice phase @ step 250/250 | Goals: 0/5 | Reason: Invalid Goal
[Reset] Env 9: Alice phase @ step 250/250 | Goals: 0/5 | Reason: Invalid Goal
[Reset] Env 11: Alice phase @ step 250/250 | Goals: 0/5 | Reason: Invalid Goal
[Reset] Env 12: Alice phase @ step 250/250 | Goals: 0/5 | Reason: Invalid Goal
[Reset] Resetting objects to SAFE pose for 6 envs
[Reset] Resetting ROBOT joints for 6 envs
Update Alice: Iter 380

============================================================
ALICE UPDATE 380
============================================================
  Rewards:     mean=-1.0000 | min=0.0000 | max=0.0000
  Losses:      value=0.0003 | surrogate=1.1428
  Outcomes:    9 episodes buffered
============================================================

[Phase] Env 1: Alice Failed | Moved: 0.027m < 0.01m threshold
[Reset] Env 1: Alice phase @ step 250/250 | Goals: 0/5 | Reason: Invalid Goal
[Reset] Env 5: Alice phase @ step 250/250 | Goals: 0/5 | Reason: Invalid Goal
[Reset] Env 24: Alice phase @ step 250/250 | Goals: 0/5 | Reason: Invalid Goal
[Reset] Resetting objects to SAFE pose for 3 envs
[Reset] Resetting ROBOT joints for 3 envs
[Phase] Env 2: Alice Failed | Moved: 0.027m < 0.01m threshold
[Reset] Env 2: Alice phase @ step 250/250 | Goals: 0/5 | Reason: Invalid Goal
[Reset] Env 7: Alice phase @ step 250/250 | Goals: 0/5 | Reason: Invalid Goal
[Reset] Env 10: Alice phase @ step 250/250 | Goals: 0/5 | Reason: Invalid Goal
[Reset] Env 14: Alice phase @ step 250/250 | Goals: 0/5 | Reason: Invalid Goal
[Reset] Env 15: Alice phase @ step 250/250 | Goals: 0/5 | Reason: Invalid Goal
[Reset] Env 19: Alice phase @ step 250/250 | Goals: 0/5 | Reason: Invalid Goal
[Reset] Env 20: Alice phase @ step 250/250 | Goals: 0/5 | Reason: Invalid Goal
[Reset] Resetting objects to SAFE pose for 7 envs
[Reset] Resetting ROBOT joints for 7 envs
Update Alice: Iter 381

============================================================
ALICE UPDATE 381
============================================================
  Rewards:     mean=-1.0000 | min=0.0000 | max=0.0000
  Losses:      value=0.0002 | surrogate=1.3273
  Outcomes:    9 episodes buffered
============================================================

[Phase] Env 3: Alice Failed | Moved: 0.027m < 0.01m threshold
[Reset] Env 3: Alice phase @ step 250/250 | Goals: 0/5 | Reason: Invalid Goal
[Reset] Env 6: Alice phase @ step 250/250 | Goals: 0/5 | Reason: Invalid Goal
[Reset] Env 13: Alice phase @ step 250/250 | Goals: 0/5 | Reason: Invalid Goal
[Reset] Env 16: Alice phase @ step 250/250 | Goals: 0/5 | Reason: Invalid Goal
[Reset] Env 17: Alice phase @ step 250/250 | Goals: 0/5 | Reason: Invalid Goal
[Reset] Env 21: Alice phase @ step 250/250 | Goals: 0/5 | Reason: Invalid Goal
[Reset] Env 22: Alice phase @ step 250/250 | Goals: 0/5 | Reason: Invalid Goal
[Reset] Resetting objects to SAFE pose for 7 envs
[Reset] Resetting ROBOT joints for 7 envs
Update Alice: Iter 382

============================================================
ALICE UPDATE 382
============================================================
  Rewards:     mean=-1.0000 | min=0.0000 | max=0.0000
  Losses:      value=0.0002 | surrogate=1.2580
  Outcomes:    9 episodes buffered
============================================================

[Phase] Env 18: Alice Failed | Moved: 0.027m < 0.01m threshold
[Reset] Env 18: Alice phase @ step 250/250 | Goals: 0/5 | Reason: Invalid Goal
[Reset] Env 23: Alice phase @ step 250/250 | Goals: 0/5 | Reason: Invalid Goal
[Reset] Resetting objects to SAFE pose for 2 envs
[Reset] Resetting ROBOT joints for 2 envs
[Phase] Env 0: Alice Failed | Moved: 0.027m < 0.01m threshold
[Reset] Env 0: Alice phase @ step 250/250 | Goals: 0/5 | Reason: Invalid Goal
[Reset] Env 4: Alice phase @ step 250/250 | Goals: 0/5 | Reason: Invalid Goal
[Reset] Env 8: Alice phase @ step 250/250 | Goals: 0/5 | Reason: Invalid Goal
[Reset] Env 9: Alice phase @ step 250/250 | Goals: 0/5 | Reason: Invalid Goal
[Reset] Env 11: Alice phase @ step 250/250 | Goals: 0/5 | Reason: Invalid Goal
[Reset] Env 12: Alice phase @ step 250/250 | Goals: 0/5 | Reason: Invalid Goal
[Reset] Resetting objects to SAFE pose for 6 envs
[Reset] Resetting ROBOT joints for 6 envs
Update Alice: Iter 383

============================================================
ALICE UPDATE 383
============================================================
  Rewards:     mean=-1.0000 | min=0.0000 | max=0.0000
  Losses:      value=0.0002 | surrogate=1.3299
  Outcomes:    9 episodes buffered
============================================================

[Phase] Env 1: Alice Failed | Moved: 0.027m < 0.01m threshold
[Reset] Env 1: Alice phase @ step 250/250 | Goals: 0/5 | Reason: Invalid Goal
[Reset] Env 5: Alice phase @ step 250/250 | Goals: 0/5 | Reason: Invalid Goal
[Reset] Env 24: Alice phase @ step 250/250 | Goals: 0/5 | Reason: Invalid Goal
[Reset] Resetting objects to SAFE pose for 3 envs
[Reset] Resetting ROBOT joints for 3 envs
[Phase] Env 2: Alice Failed | Moved: 0.027m < 0.01m threshold
[Reset] Env 2: Alice phase @ step 250/250 | Goals: 0/5 | Reason: Invalid Goal
[Reset] Env 7: Alice phase @ step 250/250 | Goals: 0/5 | Reason: Invalid Goal
[Reset] Env 10: Alice phase @ step 250/250 | Goals: 0/5 | Reason: Invalid Goal
[Reset] Env 14: Alice phase @ step 250/250 | Goals: 0/5 | Reason: Invalid Goal
[Reset] Env 15: Alice phase @ step 250/250 | Goals: 0/5 | Reason: Invalid Goal
[Reset] Env 19: Alice phase @ step 250/250 | Goals: 0/5 | Reason: Invalid Goal
[Reset] Env 20: Alice phase @ step 250/250 | Goals: 0/5 | Reason: Invalid Goal
[Reset] Resetting objects to SAFE pose for 7 envs
[Reset] Resetting ROBOT joints for 7 envs
Update Alice: Iter 384

============================================================
ALICE UPDATE 384
============================================================
  Rewards:     mean=-1.0000 | min=0.0000 | max=0.0000
  Losses:      value=0.0001 | surrogate=1.3444
  Outcomes:    9 episodes buffered
============================================================

[Phase] Env 3: Alice Failed | Moved: 0.027m < 0.01m threshold
[Reset] Env 3: Alice phase @ step 250/250 | Goals: 0/5 | Reason: Invalid Goal
[Reset] Env 6: Alice phase @ step 250/250 | Goals: 0/5 | Reason: Invalid Goal
[Reset] Env 13: Alice phase @ step 250/250 | Goals: 0/5 | Reason: Invalid Goal
[Reset] Env 16: Alice phase @ step 250/250 | Goals: 0/5 | Reason: Invalid Goal
[Reset] Env 17: Alice phase @ step 250/250 | Goals: 0/5 | Reason: Invalid Goal
[Reset] Env 21: Alice phase @ step 250/250 | Goals: 0/5 | Reason: Invalid Goal
[Reset] Env 22: Alice phase @ step 250/250 | Goals: 0/5 | Reason: Invalid Goal
[Reset] Resetting objects to SAFE pose for 7 envs
[Reset] Resetting ROBOT joints for 7 envs
Update Alice: Iter 385

============================================================
ALICE UPDATE 385
============================================================
  Rewards:     mean=-1.0000 | min=0.0000 | max=0.0000
  Losses:      value=0.0001 | surrogate=1.3888
  Outcomes:    9 episodes buffered
============================================================

[Phase] Env 18: Alice Failed | Moved: 0.027m < 0.01m threshold
[Reset] Env 18: Alice phase @ step 250/250 | Goals: 0/5 | Reason: Invalid Goal
[Reset] Env 23: Alice phase @ step 250/250 | Goals: 0/5 | Reason: Invalid Goal
[Reset] Resetting objects to SAFE pose for 2 envs
[Reset] Resetting ROBOT joints for 2 envs
[Phase] Env 0: Alice Failed | Moved: 0.027m < 0.01m threshold
[Reset] Env 0: Alice phase @ step 250/250 | Goals: 0/5 | Reason: Invalid Goal
[Reset] Env 4: Alice phase @ step 250/250 | Goals: 0/5 | Reason: Invalid Goal
[Reset] Env 8: Alice phase @ step 250/250 | Goals: 0/5 | Reason: Invalid Goal
[Reset] Env 9: Alice phase @ step 250/250 | Goals: 0/5 | Reason: Invalid Goal
[Reset] Env 11: Alice phase @ step 250/250 | Goals: 0/5 | Reason: Invalid Goal
[Reset] Env 12: Alice phase @ step 250/250 | Goals: 0/5 | Reason: Invalid Goal
[Reset] Resetting objects to SAFE pose for 6 envs
[Reset] Resetting ROBOT joints for 6 envs
Update Alice: Iter 386

============================================================
ALICE UPDATE 386
============================================================
  Rewards:     mean=-1.0000 | min=0.0000 | max=0.0000
  Losses:      value=0.0001 | surrogate=1.2458
  Outcomes:    9 episodes buffered
============================================================

[Phase] Env 1: Alice Failed | Moved: 0.027m < 0.01m threshold
[Reset] Env 1: Alice phase @ step 250/250 | Goals: 0/5 | Reason: Invalid Goal
[Reset] Env 5: Alice phase @ step 250/250 | Goals: 0/5 | Reason: Invalid Goal
[Reset] Env 24: Alice phase @ step 250/250 | Goals: 0/5 | Reason: Invalid Goal
[Reset] Resetting objects to SAFE pose for 3 envs
[Reset] Resetting ROBOT joints for 3 envs
[Phase] Env 2: Alice Failed | Moved: 0.027m < 0.01m threshold
[Reset] Env 2: Alice phase @ step 250/250 | Goals: 0/5 | Reason: Invalid Goal
[Reset] Env 7: Alice phase @ step 250/250 | Goals: 0/5 | Reason: Invalid Goal
[Reset] Env 10: Alice phase @ step 250/250 | Goals: 0/5 | Reason: Invalid Goal
[Reset] Env 14: Alice phase @ step 250/250 | Goals: 0/5 | Reason: Invalid Goal
[Reset] Env 15: Alice phase @ step 250/250 | Goals: 0/5 | Reason: Invalid Goal
[Reset] Env 19: Alice phase @ step 250/250 | Goals: 0/5 | Reason: Invalid Goal
[Reset] Env 20: Alice phase @ step 250/250 | Goals: 0/5 | Reason: Invalid Goal
[Reset] Resetting objects to SAFE pose for 7 envs
[Reset] Resetting ROBOT joints for 7 envs
Update Alice: Iter 387

============================================================
ALICE UPDATE 387
============================================================
  Rewards:     mean=-1.0000 | min=0.0000 | max=0.0000
  Losses:      value=0.0001 | surrogate=1.2994
  Outcomes:    9 episodes buffered
============================================================

[Phase] Env 3: Alice Failed | Moved: 0.027m < 0.01m threshold
[Reset] Env 3: Alice phase @ step 250/250 | Goals: 0/5 | Reason: Invalid Goal
[Reset] Env 6: Alice phase @ step 250/250 | Goals: 0/5 | Reason: Invalid Goal
[Reset] Env 13: Alice phase @ step 250/250 | Goals: 0/5 | Reason: Invalid Goal
[Reset] Env 16: Alice phase @ step 250/250 | Goals: 0/5 | Reason: Invalid Goal
[Reset] Env 17: Alice phase @ step 250/250 | Goals: 0/5 | Reason: Invalid Goal
[Reset] Env 21: Alice phase @ step 250/250 | Goals: 0/5 | Reason: Invalid Goal
[Reset] Env 22: Alice phase @ step 250/250 | Goals: 0/5 | Reason: Invalid Goal
[Reset] Resetting objects to SAFE pose for 7 envs
[Reset] Resetting ROBOT joints for 7 envs
[Phase] Env 18: Alice Failed | Moved: 0.027m < 0.01m threshold
[Reset] Env 18: Alice phase @ step 250/250 | Goals: 0/5 | Reason: Invalid Goal
[Reset] Env 23: Alice phase @ step 250/250 | Goals: 0/5 | Reason: Invalid Goal
[Reset] Resetting objects to SAFE pose for 2 envs
[Reset] Resetting ROBOT joints for 2 envs
Update Alice: Iter 388

============================================================
ALICE UPDATE 388
============================================================
  Rewards:     mean=-1.0000 | min=0.0000 | max=0.0000
  Losses:      value=0.0001 | surrogate=1.6386
  Outcomes:    9 episodes buffered
============================================================

[Phase] Env 0: Alice Failed | Moved: 0.027m < 0.01m threshold
[Reset] Env 0: Alice phase @ step 250/250 | Goals: 0/5 | Reason: Invalid Goal
[Reset] Env 4: Alice phase @ step 250/250 | Goals: 0/5 | Reason: Invalid Goal
[Reset] Env 8: Alice phase @ step 250/250 | Goals: 0/5 | Reason: Invalid Goal
[Reset] Env 9: Alice phase @ step 250/250 | Goals: 0/5 | Reason: Invalid Goal
[Reset] Env 11: Alice phase @ step 250/250 | Goals: 0/5 | Reason: Invalid Goal
[Reset] Env 12: Alice phase @ step 250/250 | Goals: 0/5 | Reason: Invalid Goal
[Reset] Resetting objects to SAFE pose for 6 envs
[Reset] Resetting ROBOT joints for 6 envs
[Phase] Env 1: Alice Failed | Moved: 0.027m < 0.01m threshold
[Reset] Env 1: Alice phase @ step 250/250 | Goals: 0/5 | Reason: Invalid Goal
[Reset] Env 5: Alice phase @ step 250/250 | Goals: 0/5 | Reason: Invalid Goal
[Reset] Env 24: Alice phase @ step 250/250 | Goals: 0/5 | Reason: Invalid Goal
[Reset] Resetting objects to SAFE pose for 3 envs
[Reset] Resetting ROBOT joints for 3 envs
Update Alice: Iter 389

============================================================
ALICE UPDATE 389
============================================================
  Rewards:     mean=-1.0000 | min=0.0000 | max=0.0000
  Losses:      value=0.0005 | surrogate=1.3987
  Outcomes:    9 episodes buffered
============================================================

[Phase] Env 2: Alice Failed | Moved: 0.027m < 0.01m threshold
[Reset] Env 2: Alice phase @ step 250/250 | Goals: 0/5 | Reason: Invalid Goal
[Reset] Env 7: Alice phase @ step 250/250 | Goals: 0/5 | Reason: Invalid Goal
[Reset] Env 10: Alice phase @ step 250/250 | Goals: 0/5 | Reason: Invalid Goal
[Reset] Env 14: Alice phase @ step 250/250 | Goals: 0/5 | Reason: Invalid Goal
[Reset] Env 15: Alice phase @ step 250/250 | Goals: 0/5 | Reason: Invalid Goal
[Reset] Env 19: Alice phase @ step 250/250 | Goals: 0/5 | Reason: Invalid Goal
[Reset] Env 20: Alice phase @ step 250/250 | Goals: 0/5 | Reason: Invalid Goal
[Reset] Resetting objects to SAFE pose for 7 envs
[Reset] Resetting ROBOT joints for 7 envs
[Phase] Env 3: Alice Failed | Moved: 0.027m < 0.01m threshold
[Reset] Env 3: Alice phase @ step 250/250 | Goals: 0/5 | Reason: Invalid Goal
[Reset] Env 6: Alice phase @ step 250/250 | Goals: 0/5 | Reason: Invalid Goal
[Reset] Env 13: Alice phase @ step 250/250 | Goals: 0/5 | Reason: Invalid Goal
[Reset] Env 16: Alice phase @ step 250/250 | Goals: 0/5 | Reason: Invalid Goal
[Reset] Env 17: Alice phase @ step 250/250 | Goals: 0/5 | Reason: Invalid Goal
[Reset] Env 21: Alice phase @ step 250/250 | Goals: 0/5 | Reason: Invalid Goal
[Reset] Env 22: Alice phase @ step 250/250 | Goals: 0/5 | Reason: Invalid Goal
[Reset] Resetting objects to SAFE pose for 7 envs
[Reset] Resetting ROBOT joints for 7 envs
Update Alice: Iter 390

============================================================
ALICE UPDATE 390
============================================================
  Rewards:     mean=-1.0000 | min=0.0000 | max=0.0000
  Losses:      value=0.0003 | surrogate=1.3566
  Outcomes:    9 episodes buffered
============================================================

[Phase] Env 18: Alice Failed | Moved: 0.027m < 0.01m threshold
[Reset] Env 18: Alice phase @ step 250/250 | Goals: 0/5 | Reason: Invalid Goal
[Reset] Env 23: Alice phase @ step 250/250 | Goals: 0/5 | Reason: Invalid Goal
[Reset] Resetting objects to SAFE pose for 2 envs
[Reset] Resetting ROBOT joints for 2 envs
[Phase] Env 0: Alice Failed | Moved: 0.027m < 0.01m threshold
[Reset] Env 0: Alice phase @ step 250/250 | Goals: 0/5 | Reason: Invalid Goal
[Reset] Env 4: Alice phase @ step 250/250 | Goals: 0/5 | Reason: Invalid Goal
[Reset] Env 8: Alice phase @ step 250/250 | Goals: 0/5 | Reason: Invalid Goal
[Reset] Env 9: Alice phase @ step 250/250 | Goals: 0/5 | Reason: Invalid Goal
[Reset] Env 11: Alice phase @ step 250/250 | Goals: 0/5 | Reason: Invalid Goal
[Reset] Env 12: Alice phase @ step 250/250 | Goals: 0/5 | Reason: Invalid Goal
[Reset] Resetting objects to SAFE pose for 6 envs
[Reset] Resetting ROBOT joints for 6 envs
Update Alice: Iter 391

============================================================
ALICE UPDATE 391
============================================================
  Rewards:     mean=-1.0000 | min=0.0000 | max=0.0000
  Losses:      value=0.0002 | surrogate=1.5355
  Outcomes:    9 episodes buffered
============================================================

[Phase] Env 1: Alice Failed | Moved: 0.027m < 0.01m threshold
[Reset] Env 1: Alice phase @ step 250/250 | Goals: 0/5 | Reason: Invalid Goal
[Reset] Env 5: Alice phase @ step 250/250 | Goals: 0/5 | Reason: Invalid Goal
[Reset] Env 24: Alice phase @ step 250/250 | Goals: 0/5 | Reason: Invalid Goal
[Reset] Resetting objects to SAFE pose for 3 envs
[Reset] Resetting ROBOT joints for 3 envs
[Phase] Env 2: Alice Failed | Moved: 0.027m < 0.01m threshold
[Reset] Env 2: Alice phase @ step 250/250 | Goals: 0/5 | Reason: Invalid Goal
[Reset] Env 7: Alice phase @ step 250/250 | Goals: 0/5 | Reason: Invalid Goal
[Reset] Env 10: Alice phase @ step 250/250 | Goals: 0/5 | Reason: Invalid Goal
[Reset] Env 14: Alice phase @ step 250/250 | Goals: 0/5 | Reason: Invalid Goal
[Reset] Env 15: Alice phase @ step 250/250 | Goals: 0/5 | Reason: Invalid Goal
[Reset] Env 19: Alice phase @ step 250/250 | Goals: 0/5 | Reason: Invalid Goal
[Reset] Env 20: Alice phase @ step 250/250 | Goals: 0/5 | Reason: Invalid Goal
[Reset] Resetting objects to SAFE pose for 7 envs
[Reset] Resetting ROBOT joints for 7 envs
Update Alice: Iter 392

============================================================
ALICE UPDATE 392
============================================================
  Rewards:     mean=-1.0000 | min=0.0000 | max=0.0000
  Losses:      value=0.0003 | surrogate=1.2493
  Outcomes:    9 episodes buffered
============================================================

[Phase] Env 3: Alice Failed | Moved: 0.027m < 0.01m threshold
[Reset] Env 3: Alice phase @ step 250/250 | Goals: 0/5 | Reason: Invalid Goal
[Reset] Env 6: Alice phase @ step 250/250 | Goals: 0/5 | Reason: Invalid Goal
[Reset] Env 13: Alice phase @ step 250/250 | Goals: 0/5 | Reason: Invalid Goal
[Reset] Env 16: Alice phase @ step 250/250 | Goals: 0/5 | Reason: Invalid Goal
[Reset] Env 17: Alice phase @ step 250/250 | Goals: 0/5 | Reason: Invalid Goal
[Reset] Env 21: Alice phase @ step 250/250 | Goals: 0/5 | Reason: Invalid Goal
[Reset] Env 22: Alice phase @ step 250/250 | Goals: 0/5 | Reason: Invalid Goal
[Reset] Resetting objects to SAFE pose for 7 envs
[Reset] Resetting ROBOT joints for 7 envs
Update Alice: Iter 393

============================================================
ALICE UPDATE 393
============================================================
  Rewards:     mean=-1.0000 | min=0.0000 | max=0.0000
  Losses:      value=0.0004 | surrogate=1.4084
  Outcomes:    9 episodes buffered
============================================================

[Phase] Env 18: Alice Failed | Moved: 0.027m < 0.01m threshold
[Reset] Env 18: Alice phase @ step 250/250 | Goals: 0/5 | Reason: Invalid Goal
[Reset] Env 23: Alice phase @ step 250/250 | Goals: 0/5 | Reason: Invalid Goal
[Reset] Resetting objects to SAFE pose for 2 envs
[Reset] Resetting ROBOT joints for 2 envs
[Phase] Env 0: Alice Failed | Moved: 0.027m < 0.01m threshold
[Reset] Env 0: Alice phase @ step 250/250 | Goals: 0/5 | Reason: Invalid Goal
[Reset] Env 4: Alice phase @ step 250/250 | Goals: 0/5 | Reason: Invalid Goal
[Reset] Env 8: Alice phase @ step 250/250 | Goals: 0/5 | Reason: Invalid Goal
[Reset] Env 9: Alice phase @ step 250/250 | Goals: 0/5 | Reason: Invalid Goal
[Reset] Env 11: Alice phase @ step 250/250 | Goals: 0/5 | Reason: Invalid Goal
[Reset] Env 12: Alice phase @ step 250/250 | Goals: 0/5 | Reason: Invalid Goal
[Reset] Resetting objects to SAFE pose for 6 envs
[Reset] Resetting ROBOT joints for 6 envs
Update Alice: Iter 394

============================================================
ALICE UPDATE 394
============================================================
  Rewards:     mean=-1.0000 | min=0.0000 | max=0.0000
  Losses:      value=0.0004 | surrogate=1.6898
  Outcomes:    9 episodes buffered
============================================================

[Phase] Env 1: Alice Failed | Moved: 0.027m < 0.01m threshold
[Reset] Env 1: Alice phase @ step 250/250 | Goals: 0/5 | Reason: Invalid Goal
[Reset] Env 5: Alice phase @ step 250/250 | Goals: 0/5 | Reason: Invalid Goal
[Reset] Env 24: Alice phase @ step 250/250 | Goals: 0/5 | Reason: Invalid Goal
[Reset] Resetting objects to SAFE pose for 3 envs
[Reset] Resetting ROBOT joints for 3 envs
[Phase] Env 2: Alice Failed | Moved: 0.027m < 0.01m threshold
[Reset] Env 2: Alice phase @ step 250/250 | Goals: 0/5 | Reason: Invalid Goal
[Reset] Env 7: Alice phase @ step 250/250 | Goals: 0/5 | Reason: Invalid Goal
[Reset] Env 10: Alice phase @ step 250/250 | Goals: 0/5 | Reason: Invalid Goal
[Reset] Env 14: Alice phase @ step 250/250 | Goals: 0/5 | Reason: Invalid Goal
[Reset] Env 15: Alice phase @ step 250/250 | Goals: 0/5 | Reason: Invalid Goal
[Reset] Env 19: Alice phase @ step 250/250 | Goals: 0/5 | Reason: Invalid Goal
[Reset] Env 20: Alice phase @ step 250/250 | Goals: 0/5 | Reason: Invalid Goal
[Reset] Resetting objects to SAFE pose for 7 envs
[Reset] Resetting ROBOT joints for 7 envs
Update Alice: Iter 395

============================================================
ALICE UPDATE 395
============================================================
  Rewards:     mean=-1.0000 | min=0.0000 | max=0.0000
  Losses:      value=0.0003 | surrogate=1.9614
  Outcomes:    9 episodes buffered
============================================================

[Phase] Env 3: Alice Failed | Moved: 0.027m < 0.01m threshold
[Reset] Env 3: Alice phase @ step 250/250 | Goals: 0/5 | Reason: Invalid Goal
[Reset] Env 6: Alice phase @ step 250/250 | Goals: 0/5 | Reason: Invalid Goal
[Reset] Env 13: Alice phase @ step 250/250 | Goals: 0/5 | Reason: Invalid Goal
[Reset] Env 16: Alice phase @ step 250/250 | Goals: 0/5 | Reason: Invalid Goal
[Reset] Env 17: Alice phase @ step 250/250 | Goals: 0/5 | Reason: Invalid Goal
[Reset] Env 21: Alice phase @ step 250/250 | Goals: 0/5 | Reason: Invalid Goal
[Reset] Env 22: Alice phase @ step 250/250 | Goals: 0/5 | Reason: Invalid Goal
[Reset] Resetting objects to SAFE pose for 7 envs
[Reset] Resetting ROBOT joints for 7 envs
Update Alice: Iter 396

============================================================
ALICE UPDATE 396
============================================================
  Rewards:     mean=-1.0000 | min=0.0000 | max=0.0000
  Losses:      value=0.0002 | surrogate=1.5450
  Outcomes:    9 episodes buffered
============================================================

[Phase] Env 18: Alice Failed | Moved: 0.027m < 0.01m threshold
[Reset] Env 18: Alice phase @ step 250/250 | Goals: 0/5 | Reason: Invalid Goal
[Reset] Env 23: Alice phase @ step 250/250 | Goals: 0/5 | Reason: Invalid Goal
[Reset] Resetting objects to SAFE pose for 2 envs
[Reset] Resetting ROBOT joints for 2 envs
[Phase] Env 0: Alice Failed | Moved: 0.027m < 0.01m threshold
[Reset] Env 0: Alice phase @ step 250/250 | Goals: 0/5 | Reason: Invalid Goal
[Reset] Env 4: Alice phase @ step 250/250 | Goals: 0/5 | Reason: Invalid Goal
[Reset] Env 8: Alice phase @ step 250/250 | Goals: 0/5 | Reason: Invalid Goal
[Reset] Env 9: Alice phase @ step 250/250 | Goals: 0/5 | Reason: Invalid Goal
[Reset] Env 11: Alice phase @ step 250/250 | Goals: 0/5 | Reason: Invalid Goal
[Reset] Env 12: Alice phase @ step 250/250 | Goals: 0/5 | Reason: Invalid Goal
[Reset] Resetting objects to SAFE pose for 6 envs
[Reset] Resetting ROBOT joints for 6 envs
Update Alice: Iter 397

============================================================
ALICE UPDATE 397
============================================================
  Rewards:     mean=-1.0000 | min=0.0000 | max=0.0000
  Losses:      value=0.0001 | surrogate=1.5202
  Outcomes:    9 episodes buffered
============================================================

[Phase] Env 1: Alice Failed | Moved: 0.027m < 0.01m threshold
[Reset] Env 1: Alice phase @ step 250/250 | Goals: 0/5 | Reason: Invalid Goal
[Reset] Env 5: Alice phase @ step 250/250 | Goals: 0/5 | Reason: Invalid Goal
[Reset] Env 24: Alice phase @ step 250/250 | Goals: 0/5 | Reason: Invalid Goal
[Reset] Resetting objects to SAFE pose for 3 envs
[Reset] Resetting ROBOT joints for 3 envs
[Phase] Env 2: Alice Failed | Moved: 0.027m < 0.01m threshold
[Reset] Env 2: Alice phase @ step 250/250 | Goals: 0/5 | Reason: Invalid Goal
[Reset] Env 7: Alice phase @ step 250/250 | Goals: 0/5 | Reason: Invalid Goal
[Reset] Env 10: Alice phase @ step 250/250 | Goals: 0/5 | Reason: Invalid Goal
[Reset] Env 14: Alice phase @ step 250/250 | Goals: 0/5 | Reason: Invalid Goal
[Reset] Env 15: Alice phase @ step 250/250 | Goals: 0/5 | Reason: Invalid Goal
[Reset] Env 19: Alice phase @ step 250/250 | Goals: 0/5 | Reason: Invalid Goal
[Reset] Env 20: Alice phase @ step 250/250 | Goals: 0/5 | Reason: Invalid Goal
[Reset] Resetting objects to SAFE pose for 7 envs
[Reset] Resetting ROBOT joints for 7 envs
Update Alice: Iter 398

============================================================
ALICE UPDATE 398
============================================================
  Rewards:     mean=-1.0000 | min=0.0000 | max=0.0000
  Losses:      value=0.0001 | surrogate=1.5065
  Outcomes:    9 episodes buffered
============================================================

[Phase] Env 3: Alice Failed | Moved: 0.027m < 0.01m threshold
[Reset] Env 3: Alice phase @ step 250/250 | Goals: 0/5 | Reason: Invalid Goal
[Reset] Env 6: Alice phase @ step 250/250 | Goals: 0/5 | Reason: Invalid Goal
[Reset] Env 13: Alice phase @ step 250/250 | Goals: 0/5 | Reason: Invalid Goal
[Reset] Env 16: Alice phase @ step 250/250 | Goals: 0/5 | Reason: Invalid Goal
[Reset] Env 17: Alice phase @ step 250/250 | Goals: 0/5 | Reason: Invalid Goal
[Reset] Env 21: Alice phase @ step 250/250 | Goals: 0/5 | Reason: Invalid Goal
[Reset] Env 22: Alice phase @ step 250/250 | Goals: 0/5 | Reason: Invalid Goal
[Reset] Resetting objects to SAFE pose for 7 envs
[Reset] Resetting ROBOT joints for 7 envs
Update Alice: Iter 399

============================================================
ALICE UPDATE 399
============================================================
  Rewards:     mean=-1.0000 | min=0.0000 | max=0.0000
  Losses:      value=0.0001 | surrogate=1.2782
  Outcomes:    9 episodes buffered
============================================================

[Phase] Env 18: Alice Failed | Moved: 0.027m < 0.01m threshold
[Reset] Env 18: Alice phase @ step 250/250 | Goals: 0/5 | Reason: Invalid Goal
[Reset] Env 23: Alice phase @ step 250/250 | Goals: 0/5 | Reason: Invalid Goal
[Reset] Resetting objects to SAFE pose for 2 envs
[Reset] Resetting ROBOT joints for 2 envs
[Phase] Env 0: Alice Failed | Moved: 0.027m < 0.01m threshold
[Reset] Env 0: Alice phase @ step 250/250 | Goals: 0/5 | Reason: Invalid Goal
[Reset] Env 4: Alice phase @ step 250/250 | Goals: 0/5 | Reason: Invalid Goal
[Reset] Env 8: Alice phase @ step 250/250 | Goals: 0/5 | Reason: Invalid Goal
[Reset] Env 9: Alice phase @ step 250/250 | Goals: 0/5 | Reason: Invalid Goal
[Reset] Env 11: Alice phase @ step 250/250 | Goals: 0/5 | Reason: Invalid Goal
[Reset] Env 12: Alice phase @ step 250/250 | Goals: 0/5 | Reason: Invalid Goal
[Reset] Resetting objects to SAFE pose for 6 envs
[Reset] Resetting ROBOT joints for 6 envs
[Phase] Env 1: Alice Failed | Moved: 0.027m < 0.01m threshold
[Reset] Env 1: Alice phase @ step 250/250 | Goals: 0/5 | Reason: Invalid Goal
[Reset] Env 5: Alice phase @ step 250/250 | Goals: 0/5 | Reason: Invalid Goal
[Reset] Env 24: Alice phase @ step 250/250 | Goals: 0/5 | Reason: Invalid Goal
[Reset] Resetting objects to SAFE pose for 3 envs
[Reset] Resetting ROBOT joints for 3 envs
Update Alice: Iter 400

============================================================
ALICE UPDATE 400
============================================================
  Rewards:     mean=-1.0000 | min=0.0000 | max=0.0000
  Losses:      value=0.0001 | surrogate=1.3179
  Outcomes:    9 episodes buffered
============================================================

[Phase] Env 2: Alice Failed | Moved: 0.027m < 0.01m threshold
[Reset] Env 2: Alice phase @ step 250/250 | Goals: 0/5 | Reason: Invalid Goal
[Reset] Env 7: Alice phase @ step 250/250 | Goals: 0/5 | Reason: Invalid Goal
[Reset] Env 10: Alice phase @ step 250/250 | Goals: 0/5 | Reason: Invalid Goal
[Reset] Env 14: Alice phase @ step 250/250 | Goals: 0/5 | Reason: Invalid Goal
[Reset] Env 15: Alice phase @ step 250/250 | Goals: 0/5 | Reason: Invalid Goal
[Reset] Env 19: Alice phase @ step 250/250 | Goals: 0/5 | Reason: Invalid Goal
[Reset] Env 20: Alice phase @ step 250/250 | Goals: 0/5 | Reason: Invalid Goal
[Reset] Resetting objects to SAFE pose for 7 envs
[Reset] Resetting ROBOT joints for 7 envs
Update Alice: Iter 401

============================================================
ALICE UPDATE 401
============================================================
  Rewards:     mean=-1.0000 | min=0.0000 | max=0.0000
  Losses:      value=0.0001 | surrogate=1.3600
  Outcomes:    9 episodes buffered
============================================================

[Phase] Env 3: Alice Failed | Moved: 0.027m < 0.01m threshold
[Reset] Env 3: Alice phase @ step 250/250 | Goals: 0/5 | Reason: Invalid Goal
[Reset] Env 6: Alice phase @ step 250/250 | Goals: 0/5 | Reason: Invalid Goal
[Reset] Env 13: Alice phase @ step 250/250 | Goals: 0/5 | Reason: Invalid Goal
[Reset] Env 16: Alice phase @ step 250/250 | Goals: 0/5 | Reason: Invalid Goal
[Reset] Env 17: Alice phase @ step 250/250 | Goals: 0/5 | Reason: Invalid Goal
[Reset] Env 21: Alice phase @ step 250/250 | Goals: 0/5 | Reason: Invalid Goal
[Reset] Env 22: Alice phase @ step 250/250 | Goals: 0/5 | Reason: Invalid Goal
[Reset] Resetting objects to SAFE pose for 7 envs
[Reset] Resetting ROBOT joints for 7 envs
[Phase] Env 18: Alice Failed | Moved: 0.027m < 0.01m threshold
[Reset] Env 18: Alice phase @ step 250/250 | Goals: 0/5 | Reason: Invalid Goal
[Reset] Env 23: Alice phase @ step 250/250 | Goals: 0/5 | Reason: Invalid Goal
[Reset] Resetting objects to SAFE pose for 2 envs
[Reset] Resetting ROBOT joints for 2 envs
Update Alice: Iter 402

============================================================
ALICE UPDATE 402
============================================================
  Rewards:     mean=-1.0000 | min=0.0000 | max=0.0000
  Losses:      value=0.0001 | surrogate=1.6666
  Outcomes:    9 episodes buffered
============================================================

[Phase] Env 0: Alice Failed | Moved: 0.027m < 0.01m threshold
[Reset] Env 0: Alice phase @ step 250/250 | Goals: 0/5 | Reason: Invalid Goal
[Reset] Env 4: Alice phase @ step 250/250 | Goals: 0/5 | Reason: Invalid Goal
[Reset] Env 8: Alice phase @ step 250/250 | Goals: 0/5 | Reason: Invalid Goal
[Reset] Env 9: Alice phase @ step 250/250 | Goals: 0/5 | Reason: Invalid Goal
[Reset] Env 11: Alice phase @ step 250/250 | Goals: 0/5 | Reason: Invalid Goal
[Reset] Env 12: Alice phase @ step 250/250 | Goals: 0/5 | Reason: Invalid Goal
[Reset] Resetting objects to SAFE pose for 6 envs
[Reset] Resetting ROBOT joints for 6 envs
[Phase] Env 1: Alice Failed | Moved: 0.027m < 0.01m threshold
[Reset] Env 1: Alice phase @ step 250/250 | Goals: 0/5 | Reason: Invalid Goal
[Reset] Env 5: Alice phase @ step 250/250 | Goals: 0/5 | Reason: Invalid Goal
[Reset] Env 24: Alice phase @ step 250/250 | Goals: 0/5 | Reason: Invalid Goal
[Reset] Resetting objects to SAFE pose for 3 envs
[Reset] Resetting ROBOT joints for 3 envs
Update Alice: Iter 403

============================================================
ALICE UPDATE 403
============================================================
  Rewards:     mean=-1.0000 | min=0.0000 | max=0.0000
  Losses:      value=0.0001 | surrogate=1.3594
  Outcomes:    9 episodes buffered
============================================================

[Phase] Env 2: Alice Failed | Moved: 0.027m < 0.01m threshold
[Reset] Env 2: Alice phase @ step 250/250 | Goals: 0/5 | Reason: Invalid Goal
[Reset] Env 7: Alice phase @ step 250/250 | Goals: 0/5 | Reason: Invalid Goal
[Reset] Env 10: Alice phase @ step 250/250 | Goals: 0/5 | Reason: Invalid Goal
[Reset] Env 14: Alice phase @ step 250/250 | Goals: 0/5 | Reason: Invalid Goal
[Reset] Env 15: Alice phase @ step 250/250 | Goals: 0/5 | Reason: Invalid Goal
[Reset] Env 19: Alice phase @ step 250/250 | Goals: 0/5 | Reason: Invalid Goal
[Reset] Env 20: Alice phase @ step 250/250 | Goals: 0/5 | Reason: Invalid Goal
[Reset] Resetting objects to SAFE pose for 7 envs
[Reset] Resetting ROBOT joints for 7 envs
[Phase] Env 3: Alice Failed | Moved: 0.027m < 0.01m threshold
[Reset] Env 3: Alice phase @ step 250/250 | Goals: 0/5 | Reason: Invalid Goal
[Reset] Env 6: Alice phase @ step 250/250 | Goals: 0/5 | Reason: Invalid Goal
[Reset] Env 13: Alice phase @ step 250/250 | Goals: 0/5 | Reason: Invalid Goal
[Reset] Env 16: Alice phase @ step 250/250 | Goals: 0/5 | Reason: Invalid Goal
[Reset] Env 17: Alice phase @ step 250/250 | Goals: 0/5 | Reason: Invalid Goal
[Reset] Env 21: Alice phase @ step 250/250 | Goals: 0/5 | Reason: Invalid Goal
[Reset] Env 22: Alice phase @ step 250/250 | Goals: 0/5 | Reason: Invalid Goal
[Reset] Resetting objects to SAFE pose for 7 envs
[Reset] Resetting ROBOT joints for 7 envs
Update Alice: Iter 404

============================================================
ALICE UPDATE 404
============================================================
  Rewards:     mean=-1.0000 | min=0.0000 | max=0.0000
  Losses:      value=0.0001 | surrogate=1.8664
  Outcomes:    9 episodes buffered
============================================================

[Phase] Env 18: Alice Failed | Moved: 0.027m < 0.01m threshold
[Reset] Env 18: Alice phase @ step 250/250 | Goals: 0/5 | Reason: Invalid Goal
[Reset] Env 23: Alice phase @ step 250/250 | Goals: 0/5 | Reason: Invalid Goal
[Reset] Resetting objects to SAFE pose for 2 envs
[Reset] Resetting ROBOT joints for 2 envs
[Phase] Env 0: Alice Failed | Moved: 0.027m < 0.01m threshold
[Reset] Env 0: Alice phase @ step 250/250 | Goals: 0/5 | Reason: Invalid Goal
[Reset] Env 4: Alice phase @ step 250/250 | Goals: 0/5 | Reason: Invalid Goal
[Reset] Env 8: Alice phase @ step 250/250 | Goals: 0/5 | Reason: Invalid Goal
[Reset] Env 9: Alice phase @ step 250/250 | Goals: 0/5 | Reason: Invalid Goal
[Reset] Env 11: Alice phase @ step 250/250 | Goals: 0/5 | Reason: Invalid Goal
[Reset] Env 12: Alice phase @ step 250/250 | Goals: 0/5 | Reason: Invalid Goal
[Reset] Resetting objects to SAFE pose for 6 envs
[Reset] Resetting ROBOT joints for 6 envs
Update Alice: Iter 405

============================================================
ALICE UPDATE 405
============================================================
  Rewards:     mean=-1.0000 | min=0.0000 | max=0.0000
  Losses:      value=0.0001 | surrogate=1.5170
  Outcomes:    9 episodes buffered
============================================================

[Phase] Env 1: Alice Failed | Moved: 0.027m < 0.01m threshold
[Reset] Env 1: Alice phase @ step 250/250 | Goals: 0/5 | Reason: Invalid Goal
[Reset] Env 5: Alice phase @ step 250/250 | Goals: 0/5 | Reason: Invalid Goal
[Reset] Env 24: Alice phase @ step 250/250 | Goals: 0/5 | Reason: Invalid Goal
[Reset] Resetting objects to SAFE pose for 3 envs
[Reset] Resetting ROBOT joints for 3 envs
[Phase] Env 2: Alice Failed | Moved: 0.027m < 0.01m threshold
[Reset] Env 2: Alice phase @ step 250/250 | Goals: 0/5 | Reason: Invalid Goal
[Reset] Env 7: Alice phase @ step 250/250 | Goals: 0/5 | Reason: Invalid Goal
[Reset] Env 10: Alice phase @ step 250/250 | Goals: 0/5 | Reason: Invalid Goal
[Reset] Env 14: Alice phase @ step 250/250 | Goals: 0/5 | Reason: Invalid Goal
[Reset] Env 15: Alice phase @ step 250/250 | Goals: 0/5 | Reason: Invalid Goal
[Reset] Env 19: Alice phase @ step 250/250 | Goals: 0/5 | Reason: Invalid Goal
[Reset] Env 20: Alice phase @ step 250/250 | Goals: 0/5 | Reason: Invalid Goal
[Reset] Resetting objects to SAFE pose for 7 envs
[Reset] Resetting ROBOT joints for 7 envs
Update Alice: Iter 406

============================================================
ALICE UPDATE 406
============================================================
  Rewards:     mean=-1.0000 | min=0.0000 | max=0.0000
  Losses:      value=0.0002 | surrogate=1.3104
  Outcomes:    9 episodes buffered
============================================================

[Phase] Env 3: Alice Failed | Moved: 0.027m < 0.01m threshold
[Reset] Env 3: Alice phase @ step 250/250 | Goals: 0/5 | Reason: Invalid Goal
[Reset] Env 6: Alice phase @ step 250/250 | Goals: 0/5 | Reason: Invalid Goal
[Reset] Env 13: Alice phase @ step 250/250 | Goals: 0/5 | Reason: Invalid Goal
[Reset] Env 16: Alice phase @ step 250/250 | Goals: 0/5 | Reason: Invalid Goal
[Reset] Env 17: Alice phase @ step 250/250 | Goals: 0/5 | Reason: Invalid Goal
[Reset] Env 21: Alice phase @ step 250/250 | Goals: 0/5 | Reason: Invalid Goal
[Reset] Env 22: Alice phase @ step 250/250 | Goals: 0/5 | Reason: Invalid Goal
[Reset] Resetting objects to SAFE pose for 7 envs
[Reset] Resetting ROBOT joints for 7 envs
Update Alice: Iter 407

============================================================
ALICE UPDATE 407
============================================================
  Rewards:     mean=-1.0000 | min=0.0000 | max=0.0000
  Losses:      value=0.0005 | surrogate=1.4687
  Outcomes:    9 episodes buffered
============================================================

[Phase] Env 18: Alice Failed | Moved: 0.027m < 0.01m threshold
[Reset] Env 18: Alice phase @ step 250/250 | Goals: 0/5 | Reason: Invalid Goal
[Reset] Env 23: Alice phase @ step 250/250 | Goals: 0/5 | Reason: Invalid Goal
[Reset] Resetting objects to SAFE pose for 2 envs
[Reset] Resetting ROBOT joints for 2 envs
[Phase] Env 0: Alice Failed | Moved: 0.027m < 0.01m threshold
[Reset] Env 0: Alice phase @ step 250/250 | Goals: 0/5 | Reason: Invalid Goal
[Reset] Env 4: Alice phase @ step 250/250 | Goals: 0/5 | Reason: Invalid Goal
[Reset] Env 8: Alice phase @ step 250/250 | Goals: 0/5 | Reason: Invalid Goal
[Reset] Env 9: Alice phase @ step 250/250 | Goals: 0/5 | Reason: Invalid Goal
[Reset] Env 11: Alice phase @ step 250/250 | Goals: 0/5 | Reason: Invalid Goal
[Reset] Env 12: Alice phase @ step 250/250 | Goals: 0/5 | Reason: Invalid Goal
[Reset] Resetting objects to SAFE pose for 6 envs
[Reset] Resetting ROBOT joints for 6 envs
Update Alice: Iter 408

============================================================
ALICE UPDATE 408
============================================================
  Rewards:     mean=-1.0000 | min=0.0000 | max=0.0000
  Losses:      value=0.0002 | surrogate=1.3257
  Outcomes:    9 episodes buffered
============================================================

[Phase] Env 1: Alice Failed | Moved: 0.027m < 0.01m threshold
[Reset] Env 1: Alice phase @ step 250/250 | Goals: 0/5 | Reason: Invalid Goal
[Reset] Env 5: Alice phase @ step 250/250 | Goals: 0/5 | Reason: Invalid Goal
[Reset] Env 24: Alice phase @ step 250/250 | Goals: 0/5 | Reason: Invalid Goal
[Reset] Resetting objects to SAFE pose for 3 envs
[Reset] Resetting ROBOT joints for 3 envs
[Phase] Env 2: Alice Failed | Moved: 0.027m < 0.01m threshold
[Reset] Env 2: Alice phase @ step 250/250 | Goals: 0/5 | Reason: Invalid Goal
[Reset] Env 7: Alice phase @ step 250/250 | Goals: 0/5 | Reason: Invalid Goal
[Reset] Env 10: Alice phase @ step 250/250 | Goals: 0/5 | Reason: Invalid Goal
[Reset] Env 14: Alice phase @ step 250/250 | Goals: 0/5 | Reason: Invalid Goal
[Reset] Env 15: Alice phase @ step 250/250 | Goals: 0/5 | Reason: Invalid Goal
[Reset] Env 19: Alice phase @ step 250/250 | Goals: 0/5 | Reason: Invalid Goal
[Reset] Env 20: Alice phase @ step 250/250 | Goals: 0/5 | Reason: Invalid Goal
[Reset] Resetting objects to SAFE pose for 7 envs
[Reset] Resetting ROBOT joints for 7 envs
Update Alice: Iter 409

============================================================
ALICE UPDATE 409
============================================================
  Rewards:     mean=-1.0000 | min=0.0000 | max=0.0000
  Losses:      value=0.0001 | surrogate=1.6367
  Outcomes:    9 episodes buffered
============================================================

[Phase] Env 3: Alice Failed | Moved: 0.027m < 0.01m threshold
[Reset] Env 3: Alice phase @ step 250/250 | Goals: 0/5 | Reason: Invalid Goal
[Reset] Env 6: Alice phase @ step 250/250 | Goals: 0/5 | Reason: Invalid Goal
[Reset] Env 13: Alice phase @ step 250/250 | Goals: 0/5 | Reason: Invalid Goal
[Reset] Env 16: Alice phase @ step 250/250 | Goals: 0/5 | Reason: Invalid Goal
[Reset] Env 17: Alice phase @ step 250/250 | Goals: 0/5 | Reason: Invalid Goal
[Reset] Env 21: Alice phase @ step 250/250 | Goals: 0/5 | Reason: Invalid Goal
[Reset] Env 22: Alice phase @ step 250/250 | Goals: 0/5 | Reason: Invalid Goal
[Reset] Resetting objects to SAFE pose for 7 envs
[Reset] Resetting ROBOT joints for 7 envs
Update Alice: Iter 410

============================================================
ALICE UPDATE 410
============================================================
  Rewards:     mean=-1.0000 | min=0.0000 | max=0.0000
  Losses:      value=0.0001 | surrogate=1.6610
  Outcomes:    9 episodes buffered
============================================================

[Phase] Env 18: Alice Failed | Moved: 0.027m < 0.01m threshold
[Reset] Env 18: Alice phase @ step 250/250 | Goals: 0/5 | Reason: Invalid Goal
[Reset] Env 23: Alice phase @ step 250/250 | Goals: 0/5 | Reason: Invalid Goal
[Reset] Resetting objects to SAFE pose for 2 envs
[Reset] Resetting ROBOT joints for 2 envs
[Phase] Env 0: Alice Failed | Moved: 0.027m < 0.01m threshold
[Reset] Env 0: Alice phase @ step 250/250 | Goals: 0/5 | Reason: Invalid Goal
[Reset] Env 4: Alice phase @ step 250/250 | Goals: 0/5 | Reason: Invalid Goal
[Reset] Env 8: Alice phase @ step 250/250 | Goals: 0/5 | Reason: Invalid Goal
[Reset] Env 9: Alice phase @ step 250/250 | Goals: 0/5 | Reason: Invalid Goal
[Reset] Env 11: Alice phase @ step 250/250 | Goals: 0/5 | Reason: Invalid Goal
[Reset] Env 12: Alice phase @ step 250/250 | Goals: 0/5 | Reason: Invalid Goal
[Reset] Resetting objects to SAFE pose for 6 envs
[Reset] Resetting ROBOT joints for 6 envs
Update Alice: Iter 411

============================================================
ALICE UPDATE 411
============================================================
  Rewards:     mean=-1.0000 | min=0.0000 | max=0.0000
  Losses:      value=0.0001 | surrogate=2.1261
  Outcomes:    9 episodes buffered
============================================================

[Phase] Env 1: Alice Failed | Moved: 0.027m < 0.01m threshold
[Reset] Env 1: Alice phase @ step 250/250 | Goals: 0/5 | Reason: Invalid Goal
[Reset] Env 5: Alice phase @ step 250/250 | Goals: 0/5 | Reason: Invalid Goal
[Reset] Env 24: Alice phase @ step 250/250 | Goals: 0/5 | Reason: Invalid Goal
[Reset] Resetting objects to SAFE pose for 3 envs
[Reset] Resetting ROBOT joints for 3 envs
[Phase] Env 2: Alice Failed | Moved: 0.027m < 0.01m threshold
[Reset] Env 2: Alice phase @ step 250/250 | Goals: 0/5 | Reason: Invalid Goal
[Reset] Env 7: Alice phase @ step 250/250 | Goals: 0/5 | Reason: Invalid Goal
[Reset] Env 10: Alice phase @ step 250/250 | Goals: 0/5 | Reason: Invalid Goal
[Reset] Env 14: Alice phase @ step 250/250 | Goals: 0/5 | Reason: Invalid Goal
[Reset] Env 15: Alice phase @ step 250/250 | Goals: 0/5 | Reason: Invalid Goal
[Reset] Env 19: Alice phase @ step 250/250 | Goals: 0/5 | Reason: Invalid Goal
[Reset] Env 20: Alice phase @ step 250/250 | Goals: 0/5 | Reason: Invalid Goal
[Reset] Resetting objects to SAFE pose for 7 envs
[Reset] Resetting ROBOT joints for 7 envs
Update Alice: Iter 412

============================================================
ALICE UPDATE 412
============================================================
  Rewards:     mean=-1.0000 | min=0.0000 | max=0.0000
  Losses:      value=0.0001 | surrogate=2.0235
  Outcomes:    9 episodes buffered
============================================================

[Phase] Env 3: Alice Failed | Moved: 0.027m < 0.01m threshold
[Reset] Env 3: Alice phase @ step 250/250 | Goals: 0/5 | Reason: Invalid Goal
[Reset] Env 6: Alice phase @ step 250/250 | Goals: 0/5 | Reason: Invalid Goal
[Reset] Env 13: Alice phase @ step 250/250 | Goals: 0/5 | Reason: Invalid Goal
[Reset] Env 16: Alice phase @ step 250/250 | Goals: 0/5 | Reason: Invalid Goal
[Reset] Env 17: Alice phase @ step 250/250 | Goals: 0/5 | Reason: Invalid Goal
[Reset] Env 21: Alice phase @ step 250/250 | Goals: 0/5 | Reason: Invalid Goal
[Reset] Env 22: Alice phase @ step 250/250 | Goals: 0/5 | Reason: Invalid Goal
[Reset] Resetting objects to SAFE pose for 7 envs
[Reset] Resetting ROBOT joints for 7 envs
[Phase] Env 18: Alice Failed | Moved: 0.027m < 0.01m threshold
[Reset] Env 18: Alice phase @ step 250/250 | Goals: 0/5 | Reason: Invalid Goal
[Reset] Env 23: Alice phase @ step 250/250 | Goals: 0/5 | Reason: Invalid Goal
[Reset] Resetting objects to SAFE pose for 2 envs
[Reset] Resetting ROBOT joints for 2 envs
Update Alice: Iter 413

============================================================
ALICE UPDATE 413
============================================================
  Rewards:     mean=-1.0000 | min=0.0000 | max=0.0000
  Losses:      value=0.0001 | surrogate=1.8612
  Outcomes:    9 episodes buffered
============================================================

[Phase] Env 0: Alice Failed | Moved: 0.027m < 0.01m threshold
[Reset] Env 0: Alice phase @ step 250/250 | Goals: 0/5 | Reason: Invalid Goal
[Reset] Env 4: Alice phase @ step 250/250 | Goals: 0/5 | Reason: Invalid Goal
[Reset] Env 8: Alice phase @ step 250/250 | Goals: 0/5 | Reason: Invalid Goal
[Reset] Env 9: Alice phase @ step 250/250 | Goals: 0/5 | Reason: Invalid Goal
[Reset] Env 11: Alice phase @ step 250/250 | Goals: 0/5 | Reason: Invalid Goal
[Reset] Env 12: Alice phase @ step 250/250 | Goals: 0/5 | Reason: Invalid Goal
[Reset] Resetting objects to SAFE pose for 6 envs
[Reset] Resetting ROBOT joints for 6 envs
[Phase] Env 1: Alice Failed | Moved: 0.027m < 0.01m threshold
[Reset] Env 1: Alice phase @ step 250/250 | Goals: 0/5 | Reason: Invalid Goal
[Reset] Env 5: Alice phase @ step 250/250 | Goals: 0/5 | Reason: Invalid Goal
[Reset] Env 24: Alice phase @ step 250/250 | Goals: 0/5 | Reason: Invalid Goal
[Reset] Resetting objects to SAFE pose for 3 envs
[Reset] Resetting ROBOT joints for 3 envs
Update Alice: Iter 414

============================================================
ALICE UPDATE 414
============================================================
  Rewards:     mean=-1.0000 | min=0.0000 | max=0.0000
  Losses:      value=0.0002 | surrogate=1.6531
  Outcomes:    9 episodes buffered
============================================================

[Phase] Env 2: Alice Failed | Moved: 0.027m < 0.01m threshold
[Reset] Env 2: Alice phase @ step 250/250 | Goals: 0/5 | Reason: Invalid Goal
[Reset] Env 7: Alice phase @ step 250/250 | Goals: 0/5 | Reason: Invalid Goal
[Reset] Env 10: Alice phase @ step 250/250 | Goals: 0/5 | Reason: Invalid Goal
[Reset] Env 14: Alice phase @ step 250/250 | Goals: 0/5 | Reason: Invalid Goal
[Reset] Env 15: Alice phase @ step 250/250 | Goals: 0/5 | Reason: Invalid Goal
[Reset] Env 19: Alice phase @ step 250/250 | Goals: 0/5 | Reason: Invalid Goal
[Reset] Env 20: Alice phase @ step 250/250 | Goals: 0/5 | Reason: Invalid Goal
[Reset] Resetting objects to SAFE pose for 7 envs
[Reset] Resetting ROBOT joints for 7 envs
[Phase] Env 3: Alice Failed | Moved: 0.027m < 0.01m threshold
[Reset] Env 3: Alice phase @ step 250/250 | Goals: 0/5 | Reason: Invalid Goal
[Reset] Env 6: Alice phase @ step 250/250 | Goals: 0/5 | Reason: Invalid Goal
[Reset] Env 13: Alice phase @ step 250/250 | Goals: 0/5 | Reason: Invalid Goal
[Reset] Env 16: Alice phase @ step 250/250 | Goals: 0/5 | Reason: Invalid Goal
[Reset] Env 17: Alice phase @ step 250/250 | Goals: 0/5 | Reason: Invalid Goal
[Reset] Env 21: Alice phase @ step 250/250 | Goals: 0/5 | Reason: Invalid Goal
[Reset] Env 22: Alice phase @ step 250/250 | Goals: 0/5 | Reason: Invalid Goal
[Reset] Resetting objects to SAFE pose for 7 envs
[Reset] Resetting ROBOT joints for 7 envs
Update Alice: Iter 415

============================================================
ALICE UPDATE 415
============================================================
  Rewards:     mean=-1.0000 | min=0.0000 | max=0.0000
  Losses:      value=0.0007 | surrogate=1.6404
  Outcomes:    9 episodes buffered
============================================================

[Phase] Env 18: Alice Failed | Moved: 0.027m < 0.01m threshold
[Reset] Env 18: Alice phase @ step 250/250 | Goals: 0/5 | Reason: Invalid Goal
[Reset] Env 23: Alice phase @ step 250/250 | Goals: 0/5 | Reason: Invalid Goal
[Reset] Resetting objects to SAFE pose for 2 envs
[Reset] Resetting ROBOT joints for 2 envs
[Phase] Env 0: Alice Failed | Moved: 0.027m < 0.01m threshold
[Reset] Env 0: Alice phase @ step 250/250 | Goals: 0/5 | Reason: Invalid Goal
[Reset] Env 4: Alice phase @ step 250/250 | Goals: 0/5 | Reason: Invalid Goal
[Reset] Env 8: Alice phase @ step 250/250 | Goals: 0/5 | Reason: Invalid Goal
[Reset] Env 9: Alice phase @ step 250/250 | Goals: 0/5 | Reason: Invalid Goal
[Reset] Env 11: Alice phase @ step 250/250 | Goals: 0/5 | Reason: Invalid Goal
[Reset] Env 12: Alice phase @ step 250/250 | Goals: 0/5 | Reason: Invalid Goal
[Reset] Resetting objects to SAFE pose for 6 envs
[Reset] Resetting ROBOT joints for 6 envs
Update Alice: Iter 416

============================================================
ALICE UPDATE 416
============================================================
  Rewards:     mean=-1.0000 | min=0.0000 | max=0.0000
  Losses:      value=0.0021 | surrogate=0.9532
  Outcomes:    9 episodes buffered
============================================================

[Phase] Env 1: Alice Failed | Moved: 0.027m < 0.01m threshold
[Reset] Env 1: Alice phase @ step 250/250 | Goals: 0/5 | Reason: Invalid Goal
[Reset] Env 5: Alice phase @ step 250/250 | Goals: 0/5 | Reason: Invalid Goal
[Reset] Env 24: Alice phase @ step 250/250 | Goals: 0/5 | Reason: Invalid Goal
[Reset] Resetting objects to SAFE pose for 3 envs
[Reset] Resetting ROBOT joints for 3 envs
[Phase] Env 2: Alice Failed | Moved: 0.027m < 0.01m threshold
[Reset] Env 2: Alice phase @ step 250/250 | Goals: 0/5 | Reason: Invalid Goal
[Reset] Env 7: Alice phase @ step 250/250 | Goals: 0/5 | Reason: Invalid Goal
[Reset] Env 10: Alice phase @ step 250/250 | Goals: 0/5 | Reason: Invalid Goal
[Reset] Env 14: Alice phase @ step 250/250 | Goals: 0/5 | Reason: Invalid Goal
[Reset] Env 15: Alice phase @ step 250/250 | Goals: 0/5 | Reason: Invalid Goal
[Reset] Env 19: Alice phase @ step 250/250 | Goals: 0/5 | Reason: Invalid Goal
[Reset] Env 20: Alice phase @ step 250/250 | Goals: 0/5 | Reason: Invalid Goal
[Reset] Resetting objects to SAFE pose for 7 envs
[Reset] Resetting ROBOT joints for 7 envs
Update Alice: Iter 417

============================================================
ALICE UPDATE 417
============================================================
  Rewards:     mean=-1.0000 | min=0.0000 | max=0.0000
  Losses:      value=0.0012 | surrogate=0.9934
  Outcomes:    9 episodes buffered
============================================================

[Phase] Env 3: Alice Failed | Moved: 0.027m < 0.01m threshold
[Reset] Env 3: Alice phase @ step 250/250 | Goals: 0/5 | Reason: Invalid Goal
[Reset] Env 6: Alice phase @ step 250/250 | Goals: 0/5 | Reason: Invalid Goal
[Reset] Env 13: Alice phase @ step 250/250 | Goals: 0/5 | Reason: Invalid Goal
[Reset] Env 16: Alice phase @ step 250/250 | Goals: 0/5 | Reason: Invalid Goal
[Reset] Env 17: Alice phase @ step 250/250 | Goals: 0/5 | Reason: Invalid Goal
[Reset] Env 21: Alice phase @ step 250/250 | Goals: 0/5 | Reason: Invalid Goal
[Reset] Env 22: Alice phase @ step 250/250 | Goals: 0/5 | Reason: Invalid Goal
[Reset] Resetting objects to SAFE pose for 7 envs
[Reset] Resetting ROBOT joints for 7 envs
Update Alice: Iter 418

============================================================
ALICE UPDATE 418
============================================================
  Rewards:     mean=-1.0000 | min=0.0000 | max=0.0000
  Losses:      value=0.0005 | surrogate=1.3558
  Outcomes:    9 episodes buffered
============================================================

[Phase] Env 18: Alice Failed | Moved: 0.027m < 0.01m threshold
[Reset] Env 18: Alice phase @ step 250/250 | Goals: 0/5 | Reason: Invalid Goal
[Reset] Env 23: Alice phase @ step 250/250 | Goals: 0/5 | Reason: Invalid Goal
[Reset] Resetting objects to SAFE pose for 2 envs
[Reset] Resetting ROBOT joints for 2 envs
[Phase] Env 0: Alice Failed | Moved: 0.027m < 0.01m threshold
[Reset] Env 0: Alice phase @ step 250/250 | Goals: 0/5 | Reason: Invalid Goal
[Reset] Env 4: Alice phase @ step 250/250 | Goals: 0/5 | Reason: Invalid Goal
[Reset] Env 8: Alice phase @ step 250/250 | Goals: 0/5 | Reason: Invalid Goal
[Reset] Env 9: Alice phase @ step 250/250 | Goals: 0/5 | Reason: Invalid Goal
[Reset] Env 11: Alice phase @ step 250/250 | Goals: 0/5 | Reason: Invalid Goal
[Reset] Env 12: Alice phase @ step 250/250 | Goals: 0/5 | Reason: Invalid Goal
[Reset] Resetting objects to SAFE pose for 6 envs
[Reset] Resetting ROBOT joints for 6 envs
Update Alice: Iter 419

============================================================
ALICE UPDATE 419
============================================================
  Rewards:     mean=-1.0000 | min=0.0000 | max=0.0000
  Losses:      value=0.0006 | surrogate=1.4616
  Outcomes:    9 episodes buffered
============================================================

[Phase] Env 1: Alice Failed | Moved: 0.027m < 0.01m threshold
[Reset] Env 1: Alice phase @ step 250/250 | Goals: 0/5 | Reason: Invalid Goal
[Reset] Env 5: Alice phase @ step 250/250 | Goals: 0/5 | Reason: Invalid Goal
[Reset] Env 24: Alice phase @ step 250/250 | Goals: 0/5 | Reason: Invalid Goal
[Reset] Resetting objects to SAFE pose for 3 envs
[Reset] Resetting ROBOT joints for 3 envs
[Phase] Env 2: Alice Failed | Moved: 0.027m < 0.01m threshold
[Reset] Env 2: Alice phase @ step 250/250 | Goals: 0/5 | Reason: Invalid Goal
[Reset] Env 7: Alice phase @ step 250/250 | Goals: 0/5 | Reason: Invalid Goal
[Reset] Env 10: Alice phase @ step 250/250 | Goals: 0/5 | Reason: Invalid Goal
[Reset] Env 14: Alice phase @ step 250/250 | Goals: 0/5 | Reason: Invalid Goal
[Reset] Env 15: Alice phase @ step 250/250 | Goals: 0/5 | Reason: Invalid Goal
[Reset] Env 19: Alice phase @ step 250/250 | Goals: 0/5 | Reason: Invalid Goal
[Reset] Env 20: Alice phase @ step 250/250 | Goals: 0/5 | Reason: Invalid Goal
[Reset] Resetting objects to SAFE pose for 7 envs
[Reset] Resetting ROBOT joints for 7 envs
Update Alice: Iter 420

============================================================
ALICE UPDATE 420
============================================================
  Rewards:     mean=-1.0000 | min=0.0000 | max=0.0000
  Losses:      value=0.0004 | surrogate=1.7998
  Outcomes:    9 episodes buffered
============================================================

[Phase] Env 3: Alice Failed | Moved: 0.027m < 0.01m threshold
[Reset] Env 3: Alice phase @ step 250/250 | Goals: 0/5 | Reason: Invalid Goal
[Reset] Env 6: Alice phase @ step 250/250 | Goals: 0/5 | Reason: Invalid Goal
[Reset] Env 13: Alice phase @ step 250/250 | Goals: 0/5 | Reason: Invalid Goal
[Reset] Env 16: Alice phase @ step 250/250 | Goals: 0/5 | Reason: Invalid Goal
[Reset] Env 17: Alice phase @ step 250/250 | Goals: 0/5 | Reason: Invalid Goal
[Reset] Env 21: Alice phase @ step 250/250 | Goals: 0/5 | Reason: Invalid Goal
[Reset] Env 22: Alice phase @ step 250/250 | Goals: 0/5 | Reason: Invalid Goal
[Reset] Resetting objects to SAFE pose for 7 envs
[Reset] Resetting ROBOT joints for 7 envs
Update Alice: Iter 421

============================================================
ALICE UPDATE 421
============================================================
  Rewards:     mean=-1.0000 | min=0.0000 | max=0.0000
  Losses:      value=0.0006 | surrogate=1.6837
  Outcomes:    9 episodes buffered
============================================================

[Phase] Env 18: Alice Failed | Moved: 0.027m < 0.01m threshold
[Reset] Env 18: Alice phase @ step 250/250 | Goals: 0/5 | Reason: Invalid Goal
[Reset] Env 23: Alice phase @ step 250/250 | Goals: 0/5 | Reason: Invalid Goal
[Reset] Resetting objects to SAFE pose for 2 envs
[Reset] Resetting ROBOT joints for 2 envs
[Phase] Env 0: Alice Failed | Moved: 0.027m < 0.01m threshold
[Reset] Env 0: Alice phase @ step 250/250 | Goals: 0/5 | Reason: Invalid Goal
[Reset] Env 4: Alice phase @ step 250/250 | Goals: 0/5 | Reason: Invalid Goal
[Reset] Env 8: Alice phase @ step 250/250 | Goals: 0/5 | Reason: Invalid Goal
[Reset] Env 9: Alice phase @ step 250/250 | Goals: 0/5 | Reason: Invalid Goal
[Reset] Env 11: Alice phase @ step 250/250 | Goals: 0/5 | Reason: Invalid Goal
[Reset] Env 12: Alice phase @ step 250/250 | Goals: 0/5 | Reason: Invalid Goal
[Reset] Resetting objects to SAFE pose for 6 envs
[Reset] Resetting ROBOT joints for 6 envs
Update Alice: Iter 422

============================================================
ALICE UPDATE 422
============================================================
  Rewards:     mean=-1.0000 | min=0.0000 | max=0.0000
  Losses:      value=0.0002 | surrogate=1.9055
  Outcomes:    9 episodes buffered
============================================================

[Phase] Env 1: Alice Failed | Moved: 0.027m < 0.01m threshold
[Reset] Env 1: Alice phase @ step 250/250 | Goals: 0/5 | Reason: Invalid Goal
[Reset] Env 5: Alice phase @ step 250/250 | Goals: 0/5 | Reason: Invalid Goal
[Reset] Env 24: Alice phase @ step 250/250 | Goals: 0/5 | Reason: Invalid Goal
[Reset] Resetting objects to SAFE pose for 3 envs
[Reset] Resetting ROBOT joints for 3 envs
[Phase] Env 2: Alice Failed | Moved: 0.027m < 0.01m threshold
[Reset] Env 2: Alice phase @ step 250/250 | Goals: 0/5 | Reason: Invalid Goal
[Reset] Env 7: Alice phase @ step 250/250 | Goals: 0/5 | Reason: Invalid Goal
[Reset] Env 10: Alice phase @ step 250/250 | Goals: 0/5 | Reason: Invalid Goal
[Reset] Env 14: Alice phase @ step 250/250 | Goals: 0/5 | Reason: Invalid Goal
[Reset] Env 15: Alice phase @ step 250/250 | Goals: 0/5 | Reason: Invalid Goal
[Reset] Env 19: Alice phase @ step 250/250 | Goals: 0/5 | Reason: Invalid Goal
[Reset] Env 20: Alice phase @ step 250/250 | Goals: 0/5 | Reason: Invalid Goal
[Reset] Resetting objects to SAFE pose for 7 envs
[Reset] Resetting ROBOT joints for 7 envs
Update Alice: Iter 423

============================================================
ALICE UPDATE 423
============================================================
  Rewards:     mean=-1.0000 | min=0.0000 | max=0.0000
  Losses:      value=0.0001 | surrogate=1.6647
  Outcomes:    9 episodes buffered
============================================================

[Phase] Env 3: Alice Failed | Moved: 0.027m < 0.01m threshold
[Reset] Env 3: Alice phase @ step 250/250 | Goals: 0/5 | Reason: Invalid Goal
[Reset] Env 6: Alice phase @ step 250/250 | Goals: 0/5 | Reason: Invalid Goal
[Reset] Env 13: Alice phase @ step 250/250 | Goals: 0/5 | Reason: Invalid Goal
[Reset] Env 16: Alice phase @ step 250/250 | Goals: 0/5 | Reason: Invalid Goal
[Reset] Env 17: Alice phase @ step 250/250 | Goals: 0/5 | Reason: Invalid Goal
[Reset] Env 21: Alice phase @ step 250/250 | Goals: 0/5 | Reason: Invalid Goal
[Reset] Env 22: Alice phase @ step 250/250 | Goals: 0/5 | Reason: Invalid Goal
[Reset] Resetting objects to SAFE pose for 7 envs
[Reset] Resetting ROBOT joints for 7 envs
Update Alice: Iter 424

============================================================
ALICE UPDATE 424
============================================================
  Rewards:     mean=-1.0000 | min=0.0000 | max=0.0000
  Losses:      value=0.0001 | surrogate=1.4645
  Outcomes:    9 episodes buffered
============================================================

[Phase] Env 18: Alice Failed | Moved: 0.027m < 0.01m threshold
[Reset] Env 18: Alice phase @ step 250/250 | Goals: 0/5 | Reason: Invalid Goal
[Reset] Env 23: Alice phase @ step 250/250 | Goals: 0/5 | Reason: Invalid Goal
[Reset] Resetting objects to SAFE pose for 2 envs
[Reset] Resetting ROBOT joints for 2 envs
[Phase] Env 0: Alice Failed | Moved: 0.027m < 0.01m threshold
[Reset] Env 0: Alice phase @ step 250/250 | Goals: 0/5 | Reason: Invalid Goal
[Reset] Env 4: Alice phase @ step 250/250 | Goals: 0/5 | Reason: Invalid Goal
[Reset] Env 8: Alice phase @ step 250/250 | Goals: 0/5 | Reason: Invalid Goal
[Reset] Env 9: Alice phase @ step 250/250 | Goals: 0/5 | Reason: Invalid Goal
[Reset] Env 11: Alice phase @ step 250/250 | Goals: 0/5 | Reason: Invalid Goal
[Reset] Env 12: Alice phase @ step 250/250 | Goals: 0/5 | Reason: Invalid Goal
[Reset] Resetting objects to SAFE pose for 6 envs
[Reset] Resetting ROBOT joints for 6 envs
[Phase] Env 1: Alice Failed | Moved: 0.027m < 0.01m threshold
[Reset] Env 1: Alice phase @ step 250/250 | Goals: 0/5 | Reason: Invalid Goal
[Reset] Env 5: Alice phase @ step 250/250 | Goals: 0/5 | Reason: Invalid Goal
[Reset] Env 24: Alice phase @ step 250/250 | Goals: 0/5 | Reason: Invalid Goal
[Reset] Resetting objects to SAFE pose for 3 envs
[Reset] Resetting ROBOT joints for 3 envs
Update Alice: Iter 425

============================================================
ALICE UPDATE 425
============================================================
  Rewards:     mean=-1.0000 | min=0.0000 | max=0.0000
  Losses:      value=0.0001 | surrogate=1.3396
  Outcomes:    9 episodes buffered
============================================================

[Phase] Env 2: Alice Failed | Moved: 0.027m < 0.01m threshold
[Reset] Env 2: Alice phase @ step 250/250 | Goals: 0/5 | Reason: Invalid Goal
[Reset] Env 7: Alice phase @ step 250/250 | Goals: 0/5 | Reason: Invalid Goal
[Reset] Env 10: Alice phase @ step 250/250 | Goals: 0/5 | Reason: Invalid Goal
[Reset] Env 14: Alice phase @ step 250/250 | Goals: 0/5 | Reason: Invalid Goal
[Reset] Env 15: Alice phase @ step 250/250 | Goals: 0/5 | Reason: Invalid Goal
[Reset] Env 19: Alice phase @ step 250/250 | Goals: 0/5 | Reason: Invalid Goal
[Reset] Env 20: Alice phase @ step 250/250 | Goals: 0/5 | Reason: Invalid Goal
[Reset] Resetting objects to SAFE pose for 7 envs
[Reset] Resetting ROBOT joints for 7 envs
Update Alice: Iter 426

============================================================
ALICE UPDATE 426
============================================================
  Rewards:     mean=-1.0000 | min=0.0000 | max=0.0000
  Losses:      value=0.0001 | surrogate=1.3573
  Outcomes:    9 episodes buffered
============================================================

[Phase] Env 3: Alice Failed | Moved: 0.027m < 0.01m threshold
[Reset] Env 3: Alice phase @ step 250/250 | Goals: 0/5 | Reason: Invalid Goal
[Reset] Env 6: Alice phase @ step 250/250 | Goals: 0/5 | Reason: Invalid Goal
[Reset] Env 13: Alice phase @ step 250/250 | Goals: 0/5 | Reason: Invalid Goal
[Reset] Env 16: Alice phase @ step 250/250 | Goals: 0/5 | Reason: Invalid Goal
[Reset] Env 17: Alice phase @ step 250/250 | Goals: 0/5 | Reason: Invalid Goal
[Reset] Env 21: Alice phase @ step 250/250 | Goals: 0/5 | Reason: Invalid Goal
[Reset] Env 22: Alice phase @ step 250/250 | Goals: 0/5 | Reason: Invalid Goal
[Reset] Resetting objects to SAFE pose for 7 envs
[Reset] Resetting ROBOT joints for 7 envs
[Phase] Env 18: Alice Failed | Moved: 0.027m < 0.01m threshold
[Reset] Env 18: Alice phase @ step 250/250 | Goals: 0/5 | Reason: Invalid Goal
[Reset] Env 23: Alice phase @ step 250/250 | Goals: 0/5 | Reason: Invalid Goal
[Reset] Resetting objects to SAFE pose for 2 envs
[Reset] Resetting ROBOT joints for 2 envs
Update Alice: Iter 427

============================================================
ALICE UPDATE 427
============================================================
  Rewards:     mean=-1.0000 | min=0.0000 | max=0.0000
  Losses:      value=0.0001 | surrogate=1.2859
  Outcomes:    9 episodes buffered
============================================================

[Phase] Env 0: Alice Failed | Moved: 0.027m < 0.01m threshold
[Reset] Env 0: Alice phase @ step 250/250 | Goals: 0/5 | Reason: Invalid Goal
[Reset] Env 4: Alice phase @ step 250/250 | Goals: 0/5 | Reason: Invalid Goal
[Reset] Env 8: Alice phase @ step 250/250 | Goals: 0/5 | Reason: Invalid Goal
[Reset] Env 9: Alice phase @ step 250/250 | Goals: 0/5 | Reason: Invalid Goal
[Reset] Env 11: Alice phase @ step 250/250 | Goals: 0/5 | Reason: Invalid Goal
[Reset] Env 12: Alice phase @ step 250/250 | Goals: 0/5 | Reason: Invalid Goal
[Reset] Resetting objects to SAFE pose for 6 envs
[Reset] Resetting ROBOT joints for 6 envs
[Phase] Env 1: Alice Failed | Moved: 0.027m < 0.01m threshold
[Reset] Env 1: Alice phase @ step 250/250 | Goals: 0/5 | Reason: Invalid Goal
[Reset] Env 5: Alice phase @ step 250/250 | Goals: 0/5 | Reason: Invalid Goal
[Reset] Env 24: Alice phase @ step 250/250 | Goals: 0/5 | Reason: Invalid Goal
[Reset] Resetting objects to SAFE pose for 3 envs
[Reset] Resetting ROBOT joints for 3 envs
Update Alice: Iter 428

============================================================
ALICE UPDATE 428
============================================================
  Rewards:     mean=-1.0000 | min=0.0000 | max=0.0000
  Losses:      value=0.0001 | surrogate=1.1567
  Outcomes:    9 episodes buffered
============================================================

[Phase] Env 2: Alice Failed | Moved: 0.027m < 0.01m threshold
[Reset] Env 2: Alice phase @ step 250/250 | Goals: 0/5 | Reason: Invalid Goal
[Reset] Env 7: Alice phase @ step 250/250 | Goals: 0/5 | Reason: Invalid Goal
[Reset] Env 10: Alice phase @ step 250/250 | Goals: 0/5 | Reason: Invalid Goal
[Reset] Env 14: Alice phase @ step 250/250 | Goals: 0/5 | Reason: Invalid Goal
[Reset] Env 15: Alice phase @ step 250/250 | Goals: 0/5 | Reason: Invalid Goal
[Reset] Env 19: Alice phase @ step 250/250 | Goals: 0/5 | Reason: Invalid Goal
[Reset] Env 20: Alice phase @ step 250/250 | Goals: 0/5 | Reason: Invalid Goal
[Reset] Resetting objects to SAFE pose for 7 envs
[Reset] Resetting ROBOT joints for 7 envs
[Phase] Env 3: Alice Failed | Moved: 0.027m < 0.01m threshold
[Reset] Env 3: Alice phase @ step 250/250 | Goals: 0/5 | Reason: Invalid Goal
[Reset] Env 6: Alice phase @ step 250/250 | Goals: 0/5 | Reason: Invalid Goal
[Reset] Env 13: Alice phase @ step 250/250 | Goals: 0/5 | Reason: Invalid Goal
[Reset] Env 16: Alice phase @ step 250/250 | Goals: 0/5 | Reason: Invalid Goal
[Reset] Env 17: Alice phase @ step 250/250 | Goals: 0/5 | Reason: Invalid Goal
[Reset] Env 21: Alice phase @ step 250/250 | Goals: 0/5 | Reason: Invalid Goal
[Reset] Env 22: Alice phase @ step 250/250 | Goals: 0/5 | Reason: Invalid Goal
[Reset] Resetting objects to SAFE pose for 7 envs
[Reset] Resetting ROBOT joints for 7 envs
Update Alice: Iter 429

============================================================
ALICE UPDATE 429
============================================================
  Rewards:     mean=-1.0000 | min=0.0000 | max=0.0000
  Losses:      value=0.0000 | surrogate=1.2638
  Outcomes:    9 episodes buffered
============================================================

[Phase] Env 18: Alice Failed | Moved: 0.027m < 0.01m threshold
[Reset] Env 18: Alice phase @ step 250/250 | Goals: 0/5 | Reason: Invalid Goal
[Reset] Env 23: Alice phase @ step 250/250 | Goals: 0/5 | Reason: Invalid Goal
[Reset] Resetting objects to SAFE pose for 2 envs
[Reset] Resetting ROBOT joints for 2 envs
[Phase] Env 0: Alice Failed | Moved: 0.027m < 0.01m threshold
[Reset] Env 0: Alice phase @ step 250/250 | Goals: 0/5 | Reason: Invalid Goal
[Reset] Env 4: Alice phase @ step 250/250 | Goals: 0/5 | Reason: Invalid Goal
[Reset] Env 8: Alice phase @ step 250/250 | Goals: 0/5 | Reason: Invalid Goal
[Reset] Env 9: Alice phase @ step 250/250 | Goals: 0/5 | Reason: Invalid Goal
[Reset] Env 11: Alice phase @ step 250/250 | Goals: 0/5 | Reason: Invalid Goal
[Reset] Env 12: Alice phase @ step 250/250 | Goals: 0/5 | Reason: Invalid Goal
[Reset] Resetting objects to SAFE pose for 6 envs
[Reset] Resetting ROBOT joints for 6 envs
Update Alice: Iter 430

============================================================
ALICE UPDATE 430
============================================================
  Rewards:     mean=-1.0000 | min=0.0000 | max=0.0000
  Losses:      value=0.0001 | surrogate=0.9282
  Outcomes:    9 episodes buffered
============================================================

[Phase] Env 1: Alice Failed | Moved: 0.027m < 0.01m threshold
[Reset] Env 1: Alice phase @ step 250/250 | Goals: 0/5 | Reason: Invalid Goal
[Reset] Env 5: Alice phase @ step 250/250 | Goals: 0/5 | Reason: Invalid Goal
[Reset] Env 24: Alice phase @ step 250/250 | Goals: 0/5 | Reason: Invalid Goal
[Reset] Resetting objects to SAFE pose for 3 envs
[Reset] Resetting ROBOT joints for 3 envs
[Phase] Env 2: Alice Failed | Moved: 0.027m < 0.01m threshold
[Reset] Env 2: Alice phase @ step 250/250 | Goals: 0/5 | Reason: Invalid Goal
[Reset] Env 7: Alice phase @ step 250/250 | Goals: 0/5 | Reason: Invalid Goal
[Reset] Env 10: Alice phase @ step 250/250 | Goals: 0/5 | Reason: Invalid Goal
[Reset] Env 14: Alice phase @ step 250/250 | Goals: 0/5 | Reason: Invalid Goal
[Reset] Env 15: Alice phase @ step 250/250 | Goals: 0/5 | Reason: Invalid Goal
[Reset] Env 19: Alice phase @ step 250/250 | Goals: 0/5 | Reason: Invalid Goal
[Reset] Env 20: Alice phase @ step 250/250 | Goals: 0/5 | Reason: Invalid Goal
[Reset] Resetting objects to SAFE pose for 7 envs
[Reset] Resetting ROBOT joints for 7 envs
Update Alice: Iter 431

============================================================
ALICE UPDATE 431
============================================================
  Rewards:     mean=-1.0000 | min=0.0000 | max=0.0000
  Losses:      value=0.0001 | surrogate=1.0110
  Outcomes:    9 episodes buffered
============================================================

[Phase] Env 3: Alice Failed | Moved: 0.027m < 0.01m threshold
[Reset] Env 3: Alice phase @ step 250/250 | Goals: 0/5 | Reason: Invalid Goal
[Reset] Env 6: Alice phase @ step 250/250 | Goals: 0/5 | Reason: Invalid Goal
[Reset] Env 13: Alice phase @ step 250/250 | Goals: 0/5 | Reason: Invalid Goal
[Reset] Env 16: Alice phase @ step 250/250 | Goals: 0/5 | Reason: Invalid Goal
[Reset] Env 17: Alice phase @ step 250/250 | Goals: 0/5 | Reason: Invalid Goal
[Reset] Env 21: Alice phase @ step 250/250 | Goals: 0/5 | Reason: Invalid Goal
[Reset] Env 22: Alice phase @ step 250/250 | Goals: 0/5 | Reason: Invalid Goal
[Reset] Resetting objects to SAFE pose for 7 envs
[Reset] Resetting ROBOT joints for 7 envs
Update Alice: Iter 432

============================================================
ALICE UPDATE 432
============================================================
  Rewards:     mean=-1.0000 | min=0.0000 | max=0.0000
  Losses:      value=0.0001 | surrogate=1.0396
  Outcomes:    9 episodes buffered
============================================================

[Phase] Env 18: Alice Failed | Moved: 0.027m < 0.01m threshold
[Reset] Env 18: Alice phase @ step 250/250 | Goals: 0/5 | Reason: Invalid Goal
[Reset] Env 23: Alice phase @ step 250/250 | Goals: 0/5 | Reason: Invalid Goal
[Reset] Resetting objects to SAFE pose for 2 envs
[Reset] Resetting ROBOT joints for 2 envs
[Phase] Env 0: Alice Failed | Moved: 0.027m < 0.01m threshold
[Reset] Env 0: Alice phase @ step 250/250 | Goals: 0/5 | Reason: Invalid Goal
[Reset] Env 4: Alice phase @ step 250/250 | Goals: 0/5 | Reason: Invalid Goal
[Reset] Env 8: Alice phase @ step 250/250 | Goals: 0/5 | Reason: Invalid Goal
[Reset] Env 9: Alice phase @ step 250/250 | Goals: 0/5 | Reason: Invalid Goal
[Reset] Env 11: Alice phase @ step 250/250 | Goals: 0/5 | Reason: Invalid Goal
[Reset] Env 12: Alice phase @ step 250/250 | Goals: 0/5 | Reason: Invalid Goal
[Reset] Resetting objects to SAFE pose for 6 envs
[Reset] Resetting ROBOT joints for 6 envs
Update Alice: Iter 433

============================================================
ALICE UPDATE 433
============================================================
  Rewards:     mean=-1.0000 | min=0.0000 | max=0.0000
  Losses:      value=0.0001 | surrogate=0.9915
  Outcomes:    9 episodes buffered
============================================================

[Phase] Env 1: Alice Failed | Moved: 0.027m < 0.01m threshold
[Reset] Env 1: Alice phase @ step 250/250 | Goals: 0/5 | Reason: Invalid Goal
[Reset] Env 5: Alice phase @ step 250/250 | Goals: 0/5 | Reason: Invalid Goal
[Reset] Env 24: Alice phase @ step 250/250 | Goals: 0/5 | Reason: Invalid Goal
[Reset] Resetting objects to SAFE pose for 3 envs
[Reset] Resetting ROBOT joints for 3 envs
[Phase] Env 2: Alice Failed | Moved: 0.027m < 0.01m threshold
[Reset] Env 2: Alice phase @ step 250/250 | Goals: 0/5 | Reason: Invalid Goal
[Reset] Env 7: Alice phase @ step 250/250 | Goals: 0/5 | Reason: Invalid Goal
[Reset] Env 10: Alice phase @ step 250/250 | Goals: 0/5 | Reason: Invalid Goal
[Reset] Env 14: Alice phase @ step 250/250 | Goals: 0/5 | Reason: Invalid Goal
[Reset] Env 15: Alice phase @ step 250/250 | Goals: 0/5 | Reason: Invalid Goal
[Reset] Env 19: Alice phase @ step 250/250 | Goals: 0/5 | Reason: Invalid Goal
[Reset] Env 20: Alice phase @ step 250/250 | Goals: 0/5 | Reason: Invalid Goal
[Reset] Resetting objects to SAFE pose for 7 envs
[Reset] Resetting ROBOT joints for 7 envs
Update Alice: Iter 434

============================================================
ALICE UPDATE 434
============================================================
  Rewards:     mean=-1.0000 | min=0.0000 | max=0.0000
  Losses:      value=0.0001 | surrogate=1.1236
  Outcomes:    9 episodes buffered
============================================================

[Phase] Env 3: Alice Failed | Moved: 0.027m < 0.01m threshold
[Reset] Env 3: Alice phase @ step 250/250 | Goals: 0/5 | Reason: Invalid Goal
[Reset] Env 6: Alice phase @ step 250/250 | Goals: 0/5 | Reason: Invalid Goal
[Reset] Env 13: Alice phase @ step 250/250 | Goals: 0/5 | Reason: Invalid Goal
[Reset] Env 16: Alice phase @ step 250/250 | Goals: 0/5 | Reason: Invalid Goal
[Reset] Env 17: Alice phase @ step 250/250 | Goals: 0/5 | Reason: Invalid Goal
[Reset] Env 21: Alice phase @ step 250/250 | Goals: 0/5 | Reason: Invalid Goal
[Reset] Env 22: Alice phase @ step 250/250 | Goals: 0/5 | Reason: Invalid Goal
[Reset] Resetting objects to SAFE pose for 7 envs
[Reset] Resetting ROBOT joints for 7 envs
Update Alice: Iter 435

============================================================
ALICE UPDATE 435
============================================================
  Rewards:     mean=-1.0000 | min=0.0000 | max=0.0000
  Losses:      value=0.0001 | surrogate=1.0208
  Outcomes:    9 episodes buffered
============================================================

[Phase] Env 18: Alice Failed | Moved: 0.027m < 0.01m threshold
[Reset] Env 18: Alice phase @ step 250/250 | Goals: 0/5 | Reason: Invalid Goal
[Reset] Env 23: Alice phase @ step 250/250 | Goals: 0/5 | Reason: Invalid Goal
[Reset] Resetting objects to SAFE pose for 2 envs
[Reset] Resetting ROBOT joints for 2 envs
[Phase] Env 0: Alice Failed | Moved: 0.027m < 0.01m threshold
[Reset] Env 0: Alice phase @ step 250/250 | Goals: 0/5 | Reason: Invalid Goal
[Reset] Env 4: Alice phase @ step 250/250 | Goals: 0/5 | Reason: Invalid Goal
[Reset] Env 8: Alice phase @ step 250/250 | Goals: 0/5 | Reason: Invalid Goal
[Reset] Env 9: Alice phase @ step 250/250 | Goals: 0/5 | Reason: Invalid Goal
[Reset] Env 11: Alice phase @ step 250/250 | Goals: 0/5 | Reason: Invalid Goal
[Reset] Env 12: Alice phase @ step 250/250 | Goals: 0/5 | Reason: Invalid Goal
[Reset] Resetting objects to SAFE pose for 6 envs
[Reset] Resetting ROBOT joints for 6 envs
Update Alice: Iter 436

============================================================
ALICE UPDATE 436
============================================================
  Rewards:     mean=-1.0000 | min=0.0000 | max=0.0000
  Losses:      value=0.0001 | surrogate=1.0555
  Outcomes:    9 episodes buffered
============================================================

[Phase] Env 1: Alice Failed | Moved: 0.027m < 0.01m threshold
[Reset] Env 1: Alice phase @ step 250/250 | Goals: 0/5 | Reason: Invalid Goal
[Reset] Env 5: Alice phase @ step 250/250 | Goals: 0/5 | Reason: Invalid Goal
[Reset] Env 24: Alice phase @ step 250/250 | Goals: 0/5 | Reason: Invalid Goal
[Reset] Resetting objects to SAFE pose for 3 envs
[Reset] Resetting ROBOT joints for 3 envs
[Phase] Env 2: Alice Failed | Moved: 0.027m < 0.01m threshold
[Reset] Env 2: Alice phase @ step 250/250 | Goals: 0/5 | Reason: Invalid Goal
[Reset] Env 7: Alice phase @ step 250/250 | Goals: 0/5 | Reason: Invalid Goal
[Reset] Env 10: Alice phase @ step 250/250 | Goals: 0/5 | Reason: Invalid Goal
[Reset] Env 14: Alice phase @ step 250/250 | Goals: 0/5 | Reason: Invalid Goal
[Reset] Env 15: Alice phase @ step 250/250 | Goals: 0/5 | Reason: Invalid Goal
[Reset] Env 19: Alice phase @ step 250/250 | Goals: 0/5 | Reason: Invalid Goal
[Reset] Env 20: Alice phase @ step 250/250 | Goals: 0/5 | Reason: Invalid Goal
[Reset] Resetting objects to SAFE pose for 7 envs
[Reset] Resetting ROBOT joints for 7 envs
Update Alice: Iter 437

============================================================
ALICE UPDATE 437
============================================================
  Rewards:     mean=-1.0000 | min=0.0000 | max=0.0000
  Losses:      value=0.0001 | surrogate=1.1062
  Outcomes:    9 episodes buffered
============================================================

[Phase] Env 3: Alice Failed | Moved: 0.027m < 0.01m threshold
[Reset] Env 3: Alice phase @ step 250/250 | Goals: 0/5 | Reason: Invalid Goal
[Reset] Env 6: Alice phase @ step 250/250 | Goals: 0/5 | Reason: Invalid Goal
[Reset] Env 13: Alice phase @ step 250/250 | Goals: 0/5 | Reason: Invalid Goal
[Reset] Env 16: Alice phase @ step 250/250 | Goals: 0/5 | Reason: Invalid Goal
[Reset] Env 17: Alice phase @ step 250/250 | Goals: 0/5 | Reason: Invalid Goal
[Reset] Env 21: Alice phase @ step 250/250 | Goals: 0/5 | Reason: Invalid Goal
[Reset] Env 22: Alice phase @ step 250/250 | Goals: 0/5 | Reason: Invalid Goal
[Reset] Resetting objects to SAFE pose for 7 envs
[Reset] Resetting ROBOT joints for 7 envs
[Phase] Env 18: Alice Failed | Moved: 0.027m < 0.01m threshold
[Reset] Env 18: Alice phase @ step 250/250 | Goals: 0/5 | Reason: Invalid Goal
[Reset] Env 23: Alice phase @ step 250/250 | Goals: 0/5 | Reason: Invalid Goal
[Reset] Resetting objects to SAFE pose for 2 envs
[Reset] Resetting ROBOT joints for 2 envs
Update Alice: Iter 438

============================================================
ALICE UPDATE 438
============================================================
  Rewards:     mean=-1.0000 | min=0.0000 | max=0.0000
  Losses:      value=0.0001 | surrogate=1.1375
  Outcomes:    9 episodes buffered
============================================================

[Phase] Env 0: Alice Failed | Moved: 0.027m < 0.01m threshold
[Reset] Env 0: Alice phase @ step 250/250 | Goals: 0/5 | Reason: Invalid Goal
[Reset] Env 4: Alice phase @ step 250/250 | Goals: 0/5 | Reason: Invalid Goal
[Reset] Env 8: Alice phase @ step 250/250 | Goals: 0/5 | Reason: Invalid Goal
[Reset] Env 9: Alice phase @ step 250/250 | Goals: 0/5 | Reason: Invalid Goal
[Reset] Env 11: Alice phase @ step 250/250 | Goals: 0/5 | Reason: Invalid Goal
[Reset] Env 12: Alice phase @ step 250/250 | Goals: 0/5 | Reason: Invalid Goal
[Reset] Resetting objects to SAFE pose for 6 envs
[Reset] Resetting ROBOT joints for 6 envs
[Phase] Env 1: Alice Failed | Moved: 0.027m < 0.01m threshold
[Reset] Env 1: Alice phase @ step 250/250 | Goals: 0/5 | Reason: Invalid Goal
[Reset] Env 5: Alice phase @ step 250/250 | Goals: 0/5 | Reason: Invalid Goal
[Reset] Env 24: Alice phase @ step 250/250 | Goals: 0/5 | Reason: Invalid Goal
[Reset] Resetting objects to SAFE pose for 3 envs
[Reset] Resetting ROBOT joints for 3 envs
Update Alice: Iter 439

============================================================
ALICE UPDATE 439
============================================================
  Rewards:     mean=-1.0000 | min=0.0000 | max=0.0000
  Losses:      value=0.0001 | surrogate=1.1580
  Outcomes:    9 episodes buffered
============================================================

[Phase] Env 2: Alice Failed | Moved: 0.027m < 0.01m threshold
[Reset] Env 2: Alice phase @ step 250/250 | Goals: 0/5 | Reason: Invalid Goal
[Reset] Env 7: Alice phase @ step 250/250 | Goals: 0/5 | Reason: Invalid Goal
[Reset] Env 10: Alice phase @ step 250/250 | Goals: 0/5 | Reason: Invalid Goal
[Reset] Env 14: Alice phase @ step 250/250 | Goals: 0/5 | Reason: Invalid Goal
[Reset] Env 15: Alice phase @ step 250/250 | Goals: 0/5 | Reason: Invalid Goal
[Reset] Env 19: Alice phase @ step 250/250 | Goals: 0/5 | Reason: Invalid Goal
[Reset] Env 20: Alice phase @ step 250/250 | Goals: 0/5 | Reason: Invalid Goal
[Reset] Resetting objects to SAFE pose for 7 envs
[Reset] Resetting ROBOT joints for 7 envs
[Phase] Env 3: Alice Failed | Moved: 0.027m < 0.01m threshold
[Reset] Env 3: Alice phase @ step 250/250 | Goals: 0/5 | Reason: Invalid Goal
[Reset] Env 6: Alice phase @ step 250/250 | Goals: 0/5 | Reason: Invalid Goal
[Reset] Env 13: Alice phase @ step 250/250 | Goals: 0/5 | Reason: Invalid Goal
[Reset] Env 16: Alice phase @ step 250/250 | Goals: 0/5 | Reason: Invalid Goal
[Reset] Env 17: Alice phase @ step 250/250 | Goals: 0/5 | Reason: Invalid Goal
[Reset] Env 21: Alice phase @ step 250/250 | Goals: 0/5 | Reason: Invalid Goal
[Reset] Env 22: Alice phase @ step 250/250 | Goals: 0/5 | Reason: Invalid Goal
[Reset] Resetting objects to SAFE pose for 7 envs
[Reset] Resetting ROBOT joints for 7 envs
Update Alice: Iter 440

============================================================
ALICE UPDATE 440
============================================================
  Rewards:     mean=-1.0000 | min=0.0000 | max=0.0000
  Losses:      value=0.0001 | surrogate=0.9534
  Outcomes:    9 episodes buffered
============================================================

[Phase] Env 18: Alice Failed | Moved: 0.027m < 0.01m threshold
[Reset] Env 18: Alice phase @ step 250/250 | Goals: 0/5 | Reason: Invalid Goal
[Reset] Env 23: Alice phase @ step 250/250 | Goals: 0/5 | Reason: Invalid Goal
[Reset] Resetting objects to SAFE pose for 2 envs
[Reset] Resetting ROBOT joints for 2 envs
[Phase] Env 0: Alice Failed | Moved: 0.027m < 0.01m threshold
[Reset] Env 0: Alice phase @ step 250/250 | Goals: 0/5 | Reason: Invalid Goal
[Reset] Env 4: Alice phase @ step 250/250 | Goals: 0/5 | Reason: Invalid Goal
[Reset] Env 8: Alice phase @ step 250/250 | Goals: 0/5 | Reason: Invalid Goal
[Reset] Env 9: Alice phase @ step 250/250 | Goals: 0/5 | Reason: Invalid Goal
[Reset] Env 11: Alice phase @ step 250/250 | Goals: 0/5 | Reason: Invalid Goal
[Reset] Env 12: Alice phase @ step 250/250 | Goals: 0/5 | Reason: Invalid Goal
[Reset] Resetting objects to SAFE pose for 6 envs
[Reset] Resetting ROBOT joints for 6 envs
Update Alice: Iter 441

============================================================
ALICE UPDATE 441
============================================================
  Rewards:     mean=-1.0000 | min=0.0000 | max=0.0000
  Losses:      value=0.0002 | surrogate=0.9574
  Outcomes:    9 episodes buffered
============================================================

[Phase] Env 1: Alice Failed | Moved: 0.027m < 0.01m threshold
[Reset] Env 1: Alice phase @ step 250/250 | Goals: 0/5 | Reason: Invalid Goal
[Reset] Env 5: Alice phase @ step 250/250 | Goals: 0/5 | Reason: Invalid Goal
[Reset] Env 24: Alice phase @ step 250/250 | Goals: 0/5 | Reason: Invalid Goal
[Reset] Resetting objects to SAFE pose for 3 envs
[Reset] Resetting ROBOT joints for 3 envs
[Phase] Env 2: Alice Failed | Moved: 0.027m < 0.01m threshold
[Reset] Env 2: Alice phase @ step 250/250 | Goals: 0/5 | Reason: Invalid Goal
[Reset] Env 7: Alice phase @ step 250/250 | Goals: 0/5 | Reason: Invalid Goal
[Reset] Env 10: Alice phase @ step 250/250 | Goals: 0/5 | Reason: Invalid Goal
[Reset] Env 14: Alice phase @ step 250/250 | Goals: 0/5 | Reason: Invalid Goal
[Reset] Env 15: Alice phase @ step 250/250 | Goals: 0/5 | Reason: Invalid Goal
[Reset] Env 19: Alice phase @ step 250/250 | Goals: 0/5 | Reason: Invalid Goal
[Reset] Env 20: Alice phase @ step 250/250 | Goals: 0/5 | Reason: Invalid Goal
[Reset] Resetting objects to SAFE pose for 7 envs
[Reset] Resetting ROBOT joints for 7 envs
Update Alice: Iter 442

============================================================
ALICE UPDATE 442
============================================================
  Rewards:     mean=-1.0000 | min=0.0000 | max=0.0000
  Losses:      value=0.0002 | surrogate=0.4922
  Outcomes:    9 episodes buffered
============================================================

[Phase] Env 3: Alice Failed | Moved: 0.027m < 0.01m threshold
[Reset] Env 3: Alice phase @ step 250/250 | Goals: 0/5 | Reason: Invalid Goal
[Reset] Env 6: Alice phase @ step 250/250 | Goals: 0/5 | Reason: Invalid Goal
[Reset] Env 13: Alice phase @ step 250/250 | Goals: 0/5 | Reason: Invalid Goal
[Reset] Env 16: Alice phase @ step 250/250 | Goals: 0/5 | Reason: Invalid Goal
[Reset] Env 17: Alice phase @ step 250/250 | Goals: 0/5 | Reason: Invalid Goal
[Reset] Env 21: Alice phase @ step 250/250 | Goals: 0/5 | Reason: Invalid Goal
[Reset] Env 22: Alice phase @ step 250/250 | Goals: 0/5 | Reason: Invalid Goal
[Reset] Resetting objects to SAFE pose for 7 envs
[Reset] Resetting ROBOT joints for 7 envs
Update Alice: Iter 443

============================================================
ALICE UPDATE 443
============================================================
  Rewards:     mean=-1.0000 | min=0.0000 | max=0.0000
  Losses:      value=0.0002 | surrogate=0.8130
  Outcomes:    9 episodes buffered
============================================================

[Phase] Env 18: Alice Failed | Moved: 0.027m < 0.01m threshold
[Reset] Env 18: Alice phase @ step 250/250 | Goals: 0/5 | Reason: Invalid Goal
[Reset] Env 23: Alice phase @ step 250/250 | Goals: 0/5 | Reason: Invalid Goal
[Reset] Resetting objects to SAFE pose for 2 envs
[Reset] Resetting ROBOT joints for 2 envs
[Phase] Env 0: Alice Failed | Moved: 0.027m < 0.01m threshold
[Reset] Env 0: Alice phase @ step 250/250 | Goals: 0/5 | Reason: Invalid Goal
[Reset] Env 4: Alice phase @ step 250/250 | Goals: 0/5 | Reason: Invalid Goal
[Reset] Env 8: Alice phase @ step 250/250 | Goals: 0/5 | Reason: Invalid Goal
[Reset] Env 9: Alice phase @ step 250/250 | Goals: 0/5 | Reason: Invalid Goal
[Reset] Env 11: Alice phase @ step 250/250 | Goals: 0/5 | Reason: Invalid Goal
[Reset] Env 12: Alice phase @ step 250/250 | Goals: 0/5 | Reason: Invalid Goal
[Reset] Resetting objects to SAFE pose for 6 envs
[Reset] Resetting ROBOT joints for 6 envs
Update Alice: Iter 444

============================================================
ALICE UPDATE 444
============================================================
  Rewards:     mean=-1.0000 | min=0.0000 | max=0.0000
  Losses:      value=0.0001 | surrogate=0.8059
  Outcomes:    9 episodes buffered
============================================================

[Phase] Env 1: Alice Failed | Moved: 0.027m < 0.01m threshold
[Reset] Env 1: Alice phase @ step 250/250 | Goals: 0/5 | Reason: Invalid Goal
[Reset] Env 5: Alice phase @ step 250/250 | Goals: 0/5 | Reason: Invalid Goal
[Reset] Env 24: Alice phase @ step 250/250 | Goals: 0/5 | Reason: Invalid Goal
[Reset] Resetting objects to SAFE pose for 3 envs
[Reset] Resetting ROBOT joints for 3 envs
[Phase] Env 2: Alice Failed | Moved: 0.027m < 0.01m threshold
[Reset] Env 2: Alice phase @ step 250/250 | Goals: 0/5 | Reason: Invalid Goal
[Reset] Env 7: Alice phase @ step 250/250 | Goals: 0/5 | Reason: Invalid Goal
[Reset] Env 10: Alice phase @ step 250/250 | Goals: 0/5 | Reason: Invalid Goal
[Reset] Env 14: Alice phase @ step 250/250 | Goals: 0/5 | Reason: Invalid Goal
[Reset] Env 15: Alice phase @ step 250/250 | Goals: 0/5 | Reason: Invalid Goal
[Reset] Env 19: Alice phase @ step 250/250 | Goals: 0/5 | Reason: Invalid Goal
[Reset] Env 20: Alice phase @ step 250/250 | Goals: 0/5 | Reason: Invalid Goal
[Reset] Resetting objects to SAFE pose for 7 envs
[Reset] Resetting ROBOT joints for 7 envs
Update Alice: Iter 445

============================================================
ALICE UPDATE 445
============================================================
  Rewards:     mean=-1.0000 | min=0.0000 | max=0.0000
  Losses:      value=0.0001 | surrogate=0.7979
  Outcomes:    9 episodes buffered
============================================================

[Phase] Env 3: Alice Failed | Moved: 0.027m < 0.01m threshold
[Reset] Env 3: Alice phase @ step 250/250 | Goals: 0/5 | Reason: Invalid Goal
[Reset] Env 6: Alice phase @ step 250/250 | Goals: 0/5 | Reason: Invalid Goal
[Reset] Env 13: Alice phase @ step 250/250 | Goals: 0/5 | Reason: Invalid Goal
[Reset] Env 16: Alice phase @ step 250/250 | Goals: 0/5 | Reason: Invalid Goal
[Reset] Env 17: Alice phase @ step 250/250 | Goals: 0/5 | Reason: Invalid Goal
[Reset] Env 21: Alice phase @ step 250/250 | Goals: 0/5 | Reason: Invalid Goal
[Reset] Env 22: Alice phase @ step 250/250 | Goals: 0/5 | Reason: Invalid Goal
[Reset] Resetting objects to SAFE pose for 7 envs
[Reset] Resetting ROBOT joints for 7 envs
Update Alice: Iter 446

============================================================
ALICE UPDATE 446
============================================================
  Rewards:     mean=-1.0000 | min=0.0000 | max=0.0000
  Losses:      value=0.0001 | surrogate=0.9088
  Outcomes:    9 episodes buffered
============================================================

[Phase] Env 18: Alice Failed | Moved: 0.027m < 0.01m threshold
[Reset] Env 18: Alice phase @ step 250/250 | Goals: 0/5 | Reason: Invalid Goal
[Reset] Env 23: Alice phase @ step 250/250 | Goals: 0/5 | Reason: Invalid Goal
[Reset] Resetting objects to SAFE pose for 2 envs
[Reset] Resetting ROBOT joints for 2 envs
[Phase] Env 0: Alice Failed | Moved: 0.027m < 0.01m threshold
[Reset] Env 0: Alice phase @ step 250/250 | Goals: 0/5 | Reason: Invalid Goal
[Reset] Env 4: Alice phase @ step 250/250 | Goals: 0/5 | Reason: Invalid Goal
[Reset] Env 8: Alice phase @ step 250/250 | Goals: 0/5 | Reason: Invalid Goal
[Reset] Env 9: Alice phase @ step 250/250 | Goals: 0/5 | Reason: Invalid Goal
[Reset] Env 11: Alice phase @ step 250/250 | Goals: 0/5 | Reason: Invalid Goal
[Reset] Env 12: Alice phase @ step 250/250 | Goals: 0/5 | Reason: Invalid Goal
[Reset] Resetting objects to SAFE pose for 6 envs
[Reset] Resetting ROBOT joints for 6 envs
Update Alice: Iter 447

============================================================
ALICE UPDATE 447
============================================================
  Rewards:     mean=-1.0000 | min=0.0000 | max=0.0000
  Losses:      value=0.0001 | surrogate=0.9303
  Outcomes:    9 episodes buffered
============================================================

[Phase] Env 1: Alice Failed | Moved: 0.027m < 0.01m threshold
[Reset] Env 1: Alice phase @ step 250/250 | Goals: 0/5 | Reason: Invalid Goal
[Reset] Env 5: Alice phase @ step 250/250 | Goals: 0/5 | Reason: Invalid Goal
[Reset] Env 24: Alice phase @ step 250/250 | Goals: 0/5 | Reason: Invalid Goal
[Reset] Resetting objects to SAFE pose for 3 envs
[Reset] Resetting ROBOT joints for 3 envs
[Phase] Env 2: Alice Failed | Moved: 0.027m < 0.01m threshold
[Reset] Env 2: Alice phase @ step 250/250 | Goals: 0/5 | Reason: Invalid Goal
[Reset] Env 7: Alice phase @ step 250/250 | Goals: 0/5 | Reason: Invalid Goal
[Reset] Env 10: Alice phase @ step 250/250 | Goals: 0/5 | Reason: Invalid Goal
[Reset] Env 14: Alice phase @ step 250/250 | Goals: 0/5 | Reason: Invalid Goal
[Reset] Env 15: Alice phase @ step 250/250 | Goals: 0/5 | Reason: Invalid Goal
[Reset] Env 19: Alice phase @ step 250/250 | Goals: 0/5 | Reason: Invalid Goal
[Reset] Env 20: Alice phase @ step 250/250 | Goals: 0/5 | Reason: Invalid Goal
[Reset] Resetting objects to SAFE pose for 7 envs
[Reset] Resetting ROBOT joints for 7 envs
Update Alice: Iter 448

============================================================
ALICE UPDATE 448
============================================================
  Rewards:     mean=-1.0000 | min=0.0000 | max=0.0000
  Losses:      value=0.0001 | surrogate=0.9816
  Outcomes:    9 episodes buffered
============================================================

[Phase] Env 3: Alice Failed | Moved: 0.027m < 0.01m threshold
[Reset] Env 3: Alice phase @ step 250/250 | Goals: 0/5 | Reason: Invalid Goal
[Reset] Env 6: Alice phase @ step 250/250 | Goals: 0/5 | Reason: Invalid Goal
[Reset] Env 13: Alice phase @ step 250/250 | Goals: 0/5 | Reason: Invalid Goal
[Reset] Env 16: Alice phase @ step 250/250 | Goals: 0/5 | Reason: Invalid Goal
[Reset] Env 17: Alice phase @ step 250/250 | Goals: 0/5 | Reason: Invalid Goal
[Reset] Env 21: Alice phase @ step 250/250 | Goals: 0/5 | Reason: Invalid Goal
[Reset] Env 22: Alice phase @ step 250/250 | Goals: 0/5 | Reason: Invalid Goal
[Reset] Resetting objects to SAFE pose for 7 envs
[Reset] Resetting ROBOT joints for 7 envs
Update Alice: Iter 449

============================================================
ALICE UPDATE 449
============================================================
  Rewards:     mean=-1.0000 | min=0.0000 | max=0.0000
  Losses:      value=0.0000 | surrogate=1.2270
  Outcomes:    9 episodes buffered
============================================================

[Phase] Env 18: Alice Failed | Moved: 0.027m < 0.01m threshold
[Reset] Env 18: Alice phase @ step 250/250 | Goals: 0/5 | Reason: Invalid Goal
[Reset] Env 23: Alice phase @ step 250/250 | Goals: 0/5 | Reason: Invalid Goal
[Reset] Resetting objects to SAFE pose for 2 envs
[Reset] Resetting ROBOT joints for 2 envs
[Phase] Env 0: Alice Failed | Moved: 0.027m < 0.01m threshold
[Reset] Env 0: Alice phase @ step 250/250 | Goals: 0/5 | Reason: Invalid Goal
[Reset] Env 4: Alice phase @ step 250/250 | Goals: 0/5 | Reason: Invalid Goal
[Reset] Env 8: Alice phase @ step 250/250 | Goals: 0/5 | Reason: Invalid Goal
[Reset] Env 9: Alice phase @ step 250/250 | Goals: 0/5 | Reason: Invalid Goal
[Reset] Env 11: Alice phase @ step 250/250 | Goals: 0/5 | Reason: Invalid Goal
[Reset] Env 12: Alice phase @ step 250/250 | Goals: 0/5 | Reason: Invalid Goal
[Reset] Resetting objects to SAFE pose for 6 envs
[Reset] Resetting ROBOT joints for 6 envs
[Phase] Env 1: Alice Failed | Moved: 0.027m < 0.01m threshold
[Reset] Env 1: Alice phase @ step 250/250 | Goals: 0/5 | Reason: Invalid Goal
[Reset] Env 5: Alice phase @ step 250/250 | Goals: 0/5 | Reason: Invalid Goal
[Reset] Env 24: Alice phase @ step 250/250 | Goals: 0/5 | Reason: Invalid Goal
[Reset] Resetting objects to SAFE pose for 3 envs
[Reset] Resetting ROBOT joints for 3 envs
Update Alice: Iter 450

============================================================
ALICE UPDATE 450
============================================================
  Rewards:     mean=-1.0000 | min=0.0000 | max=0.0000
  Losses:      value=0.0001 | surrogate=1.2642
  Outcomes:    9 episodes buffered
============================================================

[Phase] Env 2: Alice Failed | Moved: 0.027m < 0.01m threshold
[Reset] Env 2: Alice phase @ step 250/250 | Goals: 0/5 | Reason: Invalid Goal
[Reset] Env 7: Alice phase @ step 250/250 | Goals: 0/5 | Reason: Invalid Goal
[Reset] Env 10: Alice phase @ step 250/250 | Goals: 0/5 | Reason: Invalid Goal
[Reset] Env 14: Alice phase @ step 250/250 | Goals: 0/5 | Reason: Invalid Goal
[Reset] Env 15: Alice phase @ step 250/250 | Goals: 0/5 | Reason: Invalid Goal
[Reset] Env 19: Alice phase @ step 250/250 | Goals: 0/5 | Reason: Invalid Goal
[Reset] Env 20: Alice phase @ step 250/250 | Goals: 0/5 | Reason: Invalid Goal
[Reset] Resetting objects to SAFE pose for 7 envs
[Reset] Resetting ROBOT joints for 7 envs
Update Alice: Iter 451

============================================================
ALICE UPDATE 451
============================================================
  Rewards:     mean=-1.0000 | min=0.0000 | max=0.0000
  Losses:      value=0.0001 | surrogate=1.1683
  Outcomes:    9 episodes buffered
============================================================

[Phase] Env 3: Alice Failed | Moved: 0.027m < 0.01m threshold
[Reset] Env 3: Alice phase @ step 250/250 | Goals: 0/5 | Reason: Invalid Goal
[Reset] Env 6: Alice phase @ step 250/250 | Goals: 0/5 | Reason: Invalid Goal
[Reset] Env 13: Alice phase @ step 250/250 | Goals: 0/5 | Reason: Invalid Goal
[Reset] Env 16: Alice phase @ step 250/250 | Goals: 0/5 | Reason: Invalid Goal
[Reset] Env 17: Alice phase @ step 250/250 | Goals: 0/5 | Reason: Invalid Goal
[Reset] Env 21: Alice phase @ step 250/250 | Goals: 0/5 | Reason: Invalid Goal
[Reset] Env 22: Alice phase @ step 250/250 | Goals: 0/5 | Reason: Invalid Goal
[Reset] Resetting objects to SAFE pose for 7 envs
[Reset] Resetting ROBOT joints for 7 envs
[Phase] Env 18: Alice Failed | Moved: 0.027m < 0.01m threshold
[Reset] Env 18: Alice phase @ step 250/250 | Goals: 0/5 | Reason: Invalid Goal
[Reset] Env 23: Alice phase @ step 250/250 | Goals: 0/5 | Reason: Invalid Goal
[Reset] Resetting objects to SAFE pose for 2 envs
[Reset] Resetting ROBOT joints for 2 envs
Update Alice: Iter 452

============================================================
ALICE UPDATE 452
============================================================
  Rewards:     mean=-1.0000 | min=0.0000 | max=0.0000
  Losses:      value=0.0001 | surrogate=1.1803
  Outcomes:    9 episodes buffered
============================================================

[Phase] Env 0: Alice Failed | Moved: 0.027m < 0.01m threshold
[Reset] Env 0: Alice phase @ step 250/250 | Goals: 0/5 | Reason: Invalid Goal
[Reset] Env 4: Alice phase @ step 250/250 | Goals: 0/5 | Reason: Invalid Goal
[Reset] Env 8: Alice phase @ step 250/250 | Goals: 0/5 | Reason: Invalid Goal
[Reset] Env 9: Alice phase @ step 250/250 | Goals: 0/5 | Reason: Invalid Goal
[Reset] Env 11: Alice phase @ step 250/250 | Goals: 0/5 | Reason: Invalid Goal
[Reset] Env 12: Alice phase @ step 250/250 | Goals: 0/5 | Reason: Invalid Goal
[Reset] Resetting objects to SAFE pose for 6 envs
[Reset] Resetting ROBOT joints for 6 envs
[Phase] Env 1: Alice Failed | Moved: 0.027m < 0.01m threshold
[Reset] Env 1: Alice phase @ step 250/250 | Goals: 0/5 | Reason: Invalid Goal
[Reset] Env 5: Alice phase @ step 250/250 | Goals: 0/5 | Reason: Invalid Goal
[Reset] Env 24: Alice phase @ step 250/250 | Goals: 0/5 | Reason: Invalid Goal
[Reset] Resetting objects to SAFE pose for 3 envs
[Reset] Resetting ROBOT joints for 3 envs
Update Alice: Iter 453

============================================================
ALICE UPDATE 453
============================================================
  Rewards:     mean=-1.0000 | min=0.0000 | max=0.0000
  Losses:      value=0.0001 | surrogate=1.3679
  Outcomes:    9 episodes buffered
============================================================

[Phase] Env 2: Alice Failed | Moved: 0.027m < 0.01m threshold
[Reset] Env 2: Alice phase @ step 250/250 | Goals: 0/5 | Reason: Invalid Goal
[Reset] Env 7: Alice phase @ step 250/250 | Goals: 0/5 | Reason: Invalid Goal
[Reset] Env 10: Alice phase @ step 250/250 | Goals: 0/5 | Reason: Invalid Goal
[Reset] Env 14: Alice phase @ step 250/250 | Goals: 0/5 | Reason: Invalid Goal
[Reset] Env 15: Alice phase @ step 250/250 | Goals: 0/5 | Reason: Invalid Goal
[Reset] Env 19: Alice phase @ step 250/250 | Goals: 0/5 | Reason: Invalid Goal
[Reset] Env 20: Alice phase @ step 250/250 | Goals: 0/5 | Reason: Invalid Goal
[Reset] Resetting objects to SAFE pose for 7 envs
[Reset] Resetting ROBOT joints for 7 envs
[Phase] Env 3: Alice Failed | Moved: 0.027m < 0.01m threshold
[Reset] Env 3: Alice phase @ step 250/250 | Goals: 0/5 | Reason: Invalid Goal
[Reset] Env 6: Alice phase @ step 250/250 | Goals: 0/5 | Reason: Invalid Goal
[Reset] Env 13: Alice phase @ step 250/250 | Goals: 0/5 | Reason: Invalid Goal
[Reset] Env 16: Alice phase @ step 250/250 | Goals: 0/5 | Reason: Invalid Goal
[Reset] Env 17: Alice phase @ step 250/250 | Goals: 0/5 | Reason: Invalid Goal
[Reset] Env 21: Alice phase @ step 250/250 | Goals: 0/5 | Reason: Invalid Goal
[Reset] Env 22: Alice phase @ step 250/250 | Goals: 0/5 | Reason: Invalid Goal
[Reset] Resetting objects to SAFE pose for 7 envs
[Reset] Resetting ROBOT joints for 7 envs
Update Alice: Iter 454

============================================================
ALICE UPDATE 454
============================================================
  Rewards:     mean=-1.0000 | min=0.0000 | max=0.0000
  Losses:      value=0.0003 | surrogate=1.0917
  Outcomes:    9 episodes buffered
============================================================

[Phase] Env 18: Alice Failed | Moved: 0.027m < 0.01m threshold
[Reset] Env 18: Alice phase @ step 250/250 | Goals: 0/5 | Reason: Invalid Goal
[Reset] Env 23: Alice phase @ step 250/250 | Goals: 0/5 | Reason: Invalid Goal
[Reset] Resetting objects to SAFE pose for 2 envs
[Reset] Resetting ROBOT joints for 2 envs
[Phase] Env 0: Alice Failed | Moved: 0.027m < 0.01m threshold
[Reset] Env 0: Alice phase @ step 250/250 | Goals: 0/5 | Reason: Invalid Goal
[Reset] Env 4: Alice phase @ step 250/250 | Goals: 0/5 | Reason: Invalid Goal
[Reset] Env 8: Alice phase @ step 250/250 | Goals: 0/5 | Reason: Invalid Goal
[Reset] Env 9: Alice phase @ step 250/250 | Goals: 0/5 | Reason: Invalid Goal
[Reset] Env 11: Alice phase @ step 250/250 | Goals: 0/5 | Reason: Invalid Goal
[Reset] Env 12: Alice phase @ step 250/250 | Goals: 0/5 | Reason: Invalid Goal
[Reset] Resetting objects to SAFE pose for 6 envs
[Reset] Resetting ROBOT joints for 6 envs
Update Alice: Iter 455

============================================================
ALICE UPDATE 455
============================================================
  Rewards:     mean=-1.0000 | min=0.0000 | max=0.0000
  Losses:      value=0.0001 | surrogate=1.0654
  Outcomes:    9 episodes buffered
============================================================

[Phase] Env 1: Alice Failed | Moved: 0.027m < 0.01m threshold
[Reset] Env 1: Alice phase @ step 250/250 | Goals: 0/5 | Reason: Invalid Goal
[Reset] Env 5: Alice phase @ step 250/250 | Goals: 0/5 | Reason: Invalid Goal
[Reset] Env 24: Alice phase @ step 250/250 | Goals: 0/5 | Reason: Invalid Goal
[Reset] Resetting objects to SAFE pose for 3 envs
[Reset] Resetting ROBOT joints for 3 envs
[Phase] Env 2: Alice Failed | Moved: 0.027m < 0.01m threshold
[Reset] Env 2: Alice phase @ step 250/250 | Goals: 0/5 | Reason: Invalid Goal
[Reset] Env 7: Alice phase @ step 250/250 | Goals: 0/5 | Reason: Invalid Goal
[Reset] Env 10: Alice phase @ step 250/250 | Goals: 0/5 | Reason: Invalid Goal
[Reset] Env 14: Alice phase @ step 250/250 | Goals: 0/5 | Reason: Invalid Goal
[Reset] Env 15: Alice phase @ step 250/250 | Goals: 0/5 | Reason: Invalid Goal
[Reset] Env 19: Alice phase @ step 250/250 | Goals: 0/5 | Reason: Invalid Goal
[Reset] Env 20: Alice phase @ step 250/250 | Goals: 0/5 | Reason: Invalid Goal
[Reset] Resetting objects to SAFE pose for 7 envs
[Reset] Resetting ROBOT joints for 7 envs
Update Alice: Iter 456

============================================================
ALICE UPDATE 456
============================================================
  Rewards:     mean=-1.0000 | min=0.0000 | max=0.0000
  Losses:      value=0.0004 | surrogate=0.8735
  Outcomes:    9 episodes buffered
============================================================

[Phase] Env 3: Alice Failed | Moved: 0.027m < 0.01m threshold
[Reset] Env 3: Alice phase @ step 250/250 | Goals: 0/5 | Reason: Invalid Goal
[Reset] Env 6: Alice phase @ step 250/250 | Goals: 0/5 | Reason: Invalid Goal
[Reset] Env 13: Alice phase @ step 250/250 | Goals: 0/5 | Reason: Invalid Goal
[Reset] Env 16: Alice phase @ step 250/250 | Goals: 0/5 | Reason: Invalid Goal
[Reset] Env 17: Alice phase @ step 250/250 | Goals: 0/5 | Reason: Invalid Goal
[Reset] Env 21: Alice phase @ step 250/250 | Goals: 0/5 | Reason: Invalid Goal
[Reset] Env 22: Alice phase @ step 250/250 | Goals: 0/5 | Reason: Invalid Goal
[Reset] Resetting objects to SAFE pose for 7 envs
[Reset] Resetting ROBOT joints for 7 envs
Update Alice: Iter 457

============================================================
ALICE UPDATE 457
============================================================
  Rewards:     mean=-1.0000 | min=0.0000 | max=0.0000
  Losses:      value=0.0001 | surrogate=1.3341
  Outcomes:    9 episodes buffered
============================================================

[Phase] Env 18: Alice Failed | Moved: 0.027m < 0.01m threshold
[Reset] Env 18: Alice phase @ step 250/250 | Goals: 0/5 | Reason: Invalid Goal
[Reset] Env 23: Alice phase @ step 250/250 | Goals: 0/5 | Reason: Invalid Goal
[Reset] Resetting objects to SAFE pose for 2 envs
[Reset] Resetting ROBOT joints for 2 envs
[Phase] Env 0: Alice Failed | Moved: 0.027m < 0.01m threshold
[Reset] Env 0: Alice phase @ step 250/250 | Goals: 0/5 | Reason: Invalid Goal
[Reset] Env 4: Alice phase @ step 250/250 | Goals: 0/5 | Reason: Invalid Goal
[Reset] Env 8: Alice phase @ step 250/250 | Goals: 0/5 | Reason: Invalid Goal
[Reset] Env 9: Alice phase @ step 250/250 | Goals: 0/5 | Reason: Invalid Goal
[Reset] Env 11: Alice phase @ step 250/250 | Goals: 0/5 | Reason: Invalid Goal
[Reset] Env 12: Alice phase @ step 250/250 | Goals: 0/5 | Reason: Invalid Goal
[Reset] Resetting objects to SAFE pose for 6 envs
[Reset] Resetting ROBOT joints for 6 envs
Update Alice: Iter 458

============================================================
ALICE UPDATE 458
============================================================
  Rewards:     mean=-1.0000 | min=0.0000 | max=0.0000
  Losses:      value=0.0001 | surrogate=1.2050
  Outcomes:    9 episodes buffered
============================================================

[Phase] Env 1: Alice Failed | Moved: 0.027m < 0.01m threshold
[Reset] Env 1: Alice phase @ step 250/250 | Goals: 0/5 | Reason: Invalid Goal
[Reset] Env 5: Alice phase @ step 250/250 | Goals: 0/5 | Reason: Invalid Goal
[Reset] Env 24: Alice phase @ step 250/250 | Goals: 0/5 | Reason: Invalid Goal
[Reset] Resetting objects to SAFE pose for 3 envs
[Reset] Resetting ROBOT joints for 3 envs
[Phase] Env 2: Alice Failed | Moved: 0.027m < 0.01m threshold
[Reset] Env 2: Alice phase @ step 250/250 | Goals: 0/5 | Reason: Invalid Goal
[Reset] Env 7: Alice phase @ step 250/250 | Goals: 0/5 | Reason: Invalid Goal
[Reset] Env 10: Alice phase @ step 250/250 | Goals: 0/5 | Reason: Invalid Goal
[Reset] Env 14: Alice phase @ step 250/250 | Goals: 0/5 | Reason: Invalid Goal
[Reset] Env 15: Alice phase @ step 250/250 | Goals: 0/5 | Reason: Invalid Goal
[Reset] Env 19: Alice phase @ step 250/250 | Goals: 0/5 | Reason: Invalid Goal
[Reset] Env 20: Alice phase @ step 250/250 | Goals: 0/5 | Reason: Invalid Goal
[Reset] Resetting objects to SAFE pose for 7 envs
[Reset] Resetting ROBOT joints for 7 envs
Update Alice: Iter 459

============================================================
ALICE UPDATE 459
============================================================
  Rewards:     mean=-1.0000 | min=0.0000 | max=0.0000
  Losses:      value=0.0001 | surrogate=1.4054
  Outcomes:    9 episodes buffered
============================================================

[Phase] Env 3: Alice Failed | Moved: 0.027m < 0.01m threshold
[Reset] Env 3: Alice phase @ step 250/250 | Goals: 0/5 | Reason: Invalid Goal
[Reset] Env 6: Alice phase @ step 250/250 | Goals: 0/5 | Reason: Invalid Goal
[Reset] Env 13: Alice phase @ step 250/250 | Goals: 0/5 | Reason: Invalid Goal
[Reset] Env 16: Alice phase @ step 250/250 | Goals: 0/5 | Reason: Invalid Goal
[Reset] Env 17: Alice phase @ step 250/250 | Goals: 0/5 | Reason: Invalid Goal
[Reset] Env 21: Alice phase @ step 250/250 | Goals: 0/5 | Reason: Invalid Goal
[Reset] Env 22: Alice phase @ step 250/250 | Goals: 0/5 | Reason: Invalid Goal
[Reset] Resetting objects to SAFE pose for 7 envs
[Reset] Resetting ROBOT joints for 7 envs
Update Alice: Iter 460

============================================================
ALICE UPDATE 460
============================================================
  Rewards:     mean=-1.0000 | min=0.0000 | max=0.0000
  Losses:      value=0.0001 | surrogate=1.2068
  Outcomes:    9 episodes buffered
============================================================

[Phase] Env 18: Alice Failed | Moved: 0.027m < 0.01m threshold
[Reset] Env 18: Alice phase @ step 250/250 | Goals: 0/5 | Reason: Invalid Goal
[Reset] Env 23: Alice phase @ step 250/250 | Goals: 0/5 | Reason: Invalid Goal
[Reset] Resetting objects to SAFE pose for 2 envs
[Reset] Resetting ROBOT joints for 2 envs
[Phase] Env 0: Alice Failed | Moved: 0.027m < 0.01m threshold
[Reset] Env 0: Alice phase @ step 250/250 | Goals: 0/5 | Reason: Invalid Goal
[Reset] Env 4: Alice phase @ step 250/250 | Goals: 0/5 | Reason: Invalid Goal
[Reset] Env 8: Alice phase @ step 250/250 | Goals: 0/5 | Reason: Invalid Goal
[Reset] Env 9: Alice phase @ step 250/250 | Goals: 0/5 | Reason: Invalid Goal
[Reset] Env 11: Alice phase @ step 250/250 | Goals: 0/5 | Reason: Invalid Goal
[Reset] Env 12: Alice phase @ step 250/250 | Goals: 0/5 | Reason: Invalid Goal
[Reset] Resetting objects to SAFE pose for 6 envs
[Reset] Resetting ROBOT joints for 6 envs
Update Alice: Iter 461

============================================================
ALICE UPDATE 461
============================================================
  Rewards:     mean=-1.0000 | min=0.0000 | max=0.0000
  Losses:      value=0.0001 | surrogate=1.4329
  Outcomes:    9 episodes buffered
============================================================

[Phase] Env 1: Alice Failed | Moved: 0.027m < 0.01m threshold
[Reset] Env 1: Alice phase @ step 250/250 | Goals: 0/5 | Reason: Invalid Goal
[Reset] Env 5: Alice phase @ step 250/250 | Goals: 0/5 | Reason: Invalid Goal
[Reset] Env 24: Alice phase @ step 250/250 | Goals: 0/5 | Reason: Invalid Goal
[Reset] Resetting objects to SAFE pose for 3 envs
[Reset] Resetting ROBOT joints for 3 envs
[Phase] Env 2: Alice Failed | Moved: 0.027m < 0.01m threshold
[Reset] Env 2: Alice phase @ step 250/250 | Goals: 0/5 | Reason: Invalid Goal
[Reset] Env 7: Alice phase @ step 250/250 | Goals: 0/5 | Reason: Invalid Goal
[Reset] Env 10: Alice phase @ step 250/250 | Goals: 0/5 | Reason: Invalid Goal
[Reset] Env 14: Alice phase @ step 250/250 | Goals: 0/5 | Reason: Invalid Goal
[Reset] Env 15: Alice phase @ step 250/250 | Goals: 0/5 | Reason: Invalid Goal
[Reset] Env 19: Alice phase @ step 250/250 | Goals: 0/5 | Reason: Invalid Goal
[Reset] Env 20: Alice phase @ step 250/250 | Goals: 0/5 | Reason: Invalid Goal
[Reset] Resetting objects to SAFE pose for 7 envs
[Reset] Resetting ROBOT joints for 7 envs
Update Alice: Iter 462

============================================================
ALICE UPDATE 462
============================================================
  Rewards:     mean=-1.0000 | min=0.0000 | max=0.0000
  Losses:      value=0.0001 | surrogate=1.2708
  Outcomes:    9 episodes buffered
============================================================

[Phase] Env 3: Alice Failed | Moved: 0.027m < 0.01m threshold
[Reset] Env 3: Alice phase @ step 250/250 | Goals: 0/5 | Reason: Invalid Goal
[Reset] Env 6: Alice phase @ step 250/250 | Goals: 0/5 | Reason: Invalid Goal
[Reset] Env 13: Alice phase @ step 250/250 | Goals: 0/5 | Reason: Invalid Goal
[Reset] Env 16: Alice phase @ step 250/250 | Goals: 0/5 | Reason: Invalid Goal
[Reset] Env 17: Alice phase @ step 250/250 | Goals: 0/5 | Reason: Invalid Goal
[Reset] Env 21: Alice phase @ step 250/250 | Goals: 0/5 | Reason: Invalid Goal
[Reset] Env 22: Alice phase @ step 250/250 | Goals: 0/5 | Reason: Invalid Goal
[Reset] Resetting objects to SAFE pose for 7 envs
[Reset] Resetting ROBOT joints for 7 envs
[Phase] Env 18: Alice Failed | Moved: 0.027m < 0.01m threshold
[Reset] Env 18: Alice phase @ step 250/250 | Goals: 0/5 | Reason: Invalid Goal
[Reset] Env 23: Alice phase @ step 250/250 | Goals: 0/5 | Reason: Invalid Goal
[Reset] Resetting objects to SAFE pose for 2 envs
[Reset] Resetting ROBOT joints for 2 envs
Update Alice: Iter 463

============================================================
ALICE UPDATE 463
============================================================
  Rewards:     mean=-1.0000 | min=0.0000 | max=0.0000
  Losses:      value=0.0002 | surrogate=1.4541
  Outcomes:    9 episodes buffered
============================================================

[Phase] Env 0: Alice Failed | Moved: 0.027m < 0.01m threshold
[Reset] Env 0: Alice phase @ step 250/250 | Goals: 0/5 | Reason: Invalid Goal
[Reset] Env 4: Alice phase @ step 250/250 | Goals: 0/5 | Reason: Invalid Goal
[Reset] Env 8: Alice phase @ step 250/250 | Goals: 0/5 | Reason: Invalid Goal
[Reset] Env 9: Alice phase @ step 250/250 | Goals: 0/5 | Reason: Invalid Goal
[Reset] Env 11: Alice phase @ step 250/250 | Goals: 0/5 | Reason: Invalid Goal
[Reset] Env 12: Alice phase @ step 250/250 | Goals: 0/5 | Reason: Invalid Goal
[Reset] Resetting objects to SAFE pose for 6 envs
[Reset] Resetting ROBOT joints for 6 envs
[Phase] Env 1: Alice Failed | Moved: 0.027m < 0.01m threshold
[Reset] Env 1: Alice phase @ step 250/250 | Goals: 0/5 | Reason: Invalid Goal
[Reset] Env 5: Alice phase @ step 250/250 | Goals: 0/5 | Reason: Invalid Goal
[Reset] Env 24: Alice phase @ step 250/250 | Goals: 0/5 | Reason: Invalid Goal
[Reset] Resetting objects to SAFE pose for 3 envs
[Reset] Resetting ROBOT joints for 3 envs
Update Alice: Iter 464

============================================================
ALICE UPDATE 464
============================================================
  Rewards:     mean=-1.0000 | min=0.0000 | max=0.0000
  Losses:      value=0.0005 | surrogate=1.5140
  Outcomes:    9 episodes buffered
============================================================

[Phase] Env 2: Alice Failed | Moved: 0.027m < 0.01m threshold
[Reset] Env 2: Alice phase @ step 250/250 | Goals: 0/5 | Reason: Invalid Goal
[Reset] Env 7: Alice phase @ step 250/250 | Goals: 0/5 | Reason: Invalid Goal
[Reset] Env 10: Alice phase @ step 250/250 | Goals: 0/5 | Reason: Invalid Goal
[Reset] Env 14: Alice phase @ step 250/250 | Goals: 0/5 | Reason: Invalid Goal
[Reset] Env 15: Alice phase @ step 250/250 | Goals: 0/5 | Reason: Invalid Goal
[Reset] Env 19: Alice phase @ step 250/250 | Goals: 0/5 | Reason: Invalid Goal
[Reset] Env 20: Alice phase @ step 250/250 | Goals: 0/5 | Reason: Invalid Goal
[Reset] Resetting objects to SAFE pose for 7 envs
[Reset] Resetting ROBOT joints for 7 envs
[Phase] Env 3: Alice Failed | Moved: 0.027m < 0.01m threshold
[Reset] Env 3: Alice phase @ step 250/250 | Goals: 0/5 | Reason: Invalid Goal
[Reset] Env 6: Alice phase @ step 250/250 | Goals: 0/5 | Reason: Invalid Goal
[Reset] Env 13: Alice phase @ step 250/250 | Goals: 0/5 | Reason: Invalid Goal
[Reset] Env 16: Alice phase @ step 250/250 | Goals: 0/5 | Reason: Invalid Goal
[Reset] Env 17: Alice phase @ step 250/250 | Goals: 0/5 | Reason: Invalid Goal
[Reset] Env 21: Alice phase @ step 250/250 | Goals: 0/5 | Reason: Invalid Goal
[Reset] Env 22: Alice phase @ step 250/250 | Goals: 0/5 | Reason: Invalid Goal
[Reset] Resetting objects to SAFE pose for 7 envs
[Reset] Resetting ROBOT joints for 7 envs
Update Alice: Iter 465

============================================================
ALICE UPDATE 465
============================================================
  Rewards:     mean=-1.0000 | min=0.0000 | max=0.0000
  Losses:      value=0.0001 | surrogate=1.1096
  Outcomes:    9 episodes buffered
============================================================

[Phase] Env 18: Alice Failed | Moved: 0.027m < 0.01m threshold
[Reset] Env 18: Alice phase @ step 250/250 | Goals: 0/5 | Reason: Invalid Goal
[Reset] Env 23: Alice phase @ step 250/250 | Goals: 0/5 | Reason: Invalid Goal
[Reset] Resetting objects to SAFE pose for 2 envs
[Reset] Resetting ROBOT joints for 2 envs
[Phase] Env 0: Alice Failed | Moved: 0.027m < 0.01m threshold
[Reset] Env 0: Alice phase @ step 250/250 | Goals: 0/5 | Reason: Invalid Goal
[Reset] Env 4: Alice phase @ step 250/250 | Goals: 0/5 | Reason: Invalid Goal
[Reset] Env 8: Alice phase @ step 250/250 | Goals: 0/5 | Reason: Invalid Goal
[Reset] Env 9: Alice phase @ step 250/250 | Goals: 0/5 | Reason: Invalid Goal
[Reset] Env 11: Alice phase @ step 250/250 | Goals: 0/5 | Reason: Invalid Goal
[Reset] Env 12: Alice phase @ step 250/250 | Goals: 0/5 | Reason: Invalid Goal
[Reset] Resetting objects to SAFE pose for 6 envs
[Reset] Resetting ROBOT joints for 6 envs
Update Alice: Iter 466

============================================================
ALICE UPDATE 466
============================================================
  Rewards:     mean=-1.0000 | min=0.0000 | max=0.0000
  Losses:      value=0.0001 | surrogate=0.9194
  Outcomes:    9 episodes buffered
============================================================

[Phase] Env 1: Alice Failed | Moved: 0.027m < 0.01m threshold
[Reset] Env 1: Alice phase @ step 250/250 | Goals: 0/5 | Reason: Invalid Goal
[Reset] Env 5: Alice phase @ step 250/250 | Goals: 0/5 | Reason: Invalid Goal
[Reset] Env 24: Alice phase @ step 250/250 | Goals: 0/5 | Reason: Invalid Goal
[Reset] Resetting objects to SAFE pose for 3 envs
[Reset] Resetting ROBOT joints for 3 envs
[Phase] Env 2: Alice Failed | Moved: 0.027m < 0.01m threshold
[Reset] Env 2: Alice phase @ step 250/250 | Goals: 0/5 | Reason: Invalid Goal
[Reset] Env 7: Alice phase @ step 250/250 | Goals: 0/5 | Reason: Invalid Goal
[Reset] Env 10: Alice phase @ step 250/250 | Goals: 0/5 | Reason: Invalid Goal
[Reset] Env 14: Alice phase @ step 250/250 | Goals: 0/5 | Reason: Invalid Goal
[Reset] Env 15: Alice phase @ step 250/250 | Goals: 0/5 | Reason: Invalid Goal
[Reset] Env 19: Alice phase @ step 250/250 | Goals: 0/5 | Reason: Invalid Goal
[Reset] Env 20: Alice phase @ step 250/250 | Goals: 0/5 | Reason: Invalid Goal
[Reset] Resetting objects to SAFE pose for 7 envs
[Reset] Resetting ROBOT joints for 7 envs
Update Alice: Iter 467

============================================================
ALICE UPDATE 467
============================================================
  Rewards:     mean=-1.0000 | min=0.0000 | max=0.0000
  Losses:      value=0.0001 | surrogate=1.3029
  Outcomes:    9 episodes buffered
============================================================

[Phase] Env 3: Alice Failed | Moved: 0.027m < 0.01m threshold
[Reset] Env 3: Alice phase @ step 250/250 | Goals: 0/5 | Reason: Invalid Goal
[Reset] Env 6: Alice phase @ step 250/250 | Goals: 0/5 | Reason: Invalid Goal
[Reset] Env 13: Alice phase @ step 250/250 | Goals: 0/5 | Reason: Invalid Goal
[Reset] Env 16: Alice phase @ step 250/250 | Goals: 0/5 | Reason: Invalid Goal
[Reset] Env 17: Alice phase @ step 250/250 | Goals: 0/5 | Reason: Invalid Goal
[Reset] Env 21: Alice phase @ step 250/250 | Goals: 0/5 | Reason: Invalid Goal
[Reset] Env 22: Alice phase @ step 250/250 | Goals: 0/5 | Reason: Invalid Goal
[Reset] Resetting objects to SAFE pose for 7 envs
[Reset] Resetting ROBOT joints for 7 envs
Update Alice: Iter 468

============================================================
ALICE UPDATE 468
============================================================
  Rewards:     mean=-1.0000 | min=0.0000 | max=0.0000
  Losses:      value=0.0001 | surrogate=1.2754
  Outcomes:    9 episodes buffered
============================================================

[Phase] Env 18: Alice Failed | Moved: 0.027m < 0.01m threshold
[Reset] Env 18: Alice phase @ step 250/250 | Goals: 0/5 | Reason: Invalid Goal
[Reset] Env 23: Alice phase @ step 250/250 | Goals: 0/5 | Reason: Invalid Goal
[Reset] Resetting objects to SAFE pose for 2 envs
[Reset] Resetting ROBOT joints for 2 envs
[Phase] Env 0: Alice Failed | Moved: 0.027m < 0.01m threshold
[Reset] Env 0: Alice phase @ step 250/250 | Goals: 0/5 | Reason: Invalid Goal
[Reset] Env 4: Alice phase @ step 250/250 | Goals: 0/5 | Reason: Invalid Goal
[Reset] Env 8: Alice phase @ step 250/250 | Goals: 0/5 | Reason: Invalid Goal
[Reset] Env 9: Alice phase @ step 250/250 | Goals: 0/5 | Reason: Invalid Goal
[Reset] Env 11: Alice phase @ step 250/250 | Goals: 0/5 | Reason: Invalid Goal
[Reset] Env 12: Alice phase @ step 250/250 | Goals: 0/5 | Reason: Invalid Goal
[Reset] Resetting objects to SAFE pose for 6 envs
[Reset] Resetting ROBOT joints for 6 envs
Update Alice: Iter 469

============================================================
ALICE UPDATE 469
============================================================
  Rewards:     mean=-1.0000 | min=0.0000 | max=0.0000
  Losses:      value=0.0001 | surrogate=1.0835
  Outcomes:    9 episodes buffered
============================================================

[Phase] Env 1: Alice Failed | Moved: 0.027m < 0.01m threshold
[Reset] Env 1: Alice phase @ step 250/250 | Goals: 0/5 | Reason: Invalid Goal
[Reset] Env 5: Alice phase @ step 250/250 | Goals: 0/5 | Reason: Invalid Goal
[Reset] Env 24: Alice phase @ step 250/250 | Goals: 0/5 | Reason: Invalid Goal
[Reset] Resetting objects to SAFE pose for 3 envs
[Reset] Resetting ROBOT joints for 3 envs
[Phase] Env 2: Alice Failed | Moved: 0.027m < 0.01m threshold
[Reset] Env 2: Alice phase @ step 250/250 | Goals: 0/5 | Reason: Invalid Goal
[Reset] Env 7: Alice phase @ step 250/250 | Goals: 0/5 | Reason: Invalid Goal
[Reset] Env 10: Alice phase @ step 250/250 | Goals: 0/5 | Reason: Invalid Goal
[Reset] Env 14: Alice phase @ step 250/250 | Goals: 0/5 | Reason: Invalid Goal
[Reset] Env 15: Alice phase @ step 250/250 | Goals: 0/5 | Reason: Invalid Goal
[Reset] Env 19: Alice phase @ step 250/250 | Goals: 0/5 | Reason: Invalid Goal
[Reset] Env 20: Alice phase @ step 250/250 | Goals: 0/5 | Reason: Invalid Goal
[Reset] Resetting objects to SAFE pose for 7 envs
[Reset] Resetting ROBOT joints for 7 envs
Update Alice: Iter 470

============================================================
ALICE UPDATE 470
============================================================
  Rewards:     mean=-1.0000 | min=0.0000 | max=0.0000
  Losses:      value=0.0003 | surrogate=1.4496
  Outcomes:    9 episodes buffered
============================================================

[Phase] Env 3: Alice Failed | Moved: 0.027m < 0.01m threshold
[Reset] Env 3: Alice phase @ step 250/250 | Goals: 0/5 | Reason: Invalid Goal
[Reset] Env 6: Alice phase @ step 250/250 | Goals: 0/5 | Reason: Invalid Goal
[Reset] Env 13: Alice phase @ step 250/250 | Goals: 0/5 | Reason: Invalid Goal
[Reset] Env 16: Alice phase @ step 250/250 | Goals: 0/5 | Reason: Invalid Goal
[Reset] Env 17: Alice phase @ step 250/250 | Goals: 0/5 | Reason: Invalid Goal
[Reset] Env 21: Alice phase @ step 250/250 | Goals: 0/5 | Reason: Invalid Goal
[Reset] Env 22: Alice phase @ step 250/250 | Goals: 0/5 | Reason: Invalid Goal
[Reset] Resetting objects to SAFE pose for 7 envs
[Reset] Resetting ROBOT joints for 7 envs
Update Alice: Iter 471

============================================================
ALICE UPDATE 471
============================================================
  Rewards:     mean=-1.0000 | min=0.0000 | max=0.0000
  Losses:      value=0.0002 | surrogate=1.4329
  Outcomes:    9 episodes buffered
============================================================

[Phase] Env 18: Alice Failed | Moved: 0.027m < 0.01m threshold
[Reset] Env 18: Alice phase @ step 250/250 | Goals: 0/5 | Reason: Invalid Goal
[Reset] Env 23: Alice phase @ step 250/250 | Goals: 0/5 | Reason: Invalid Goal
[Reset] Resetting objects to SAFE pose for 2 envs
[Reset] Resetting ROBOT joints for 2 envs
[Phase] Env 0: Alice Failed | Moved: 0.027m < 0.01m threshold
[Reset] Env 0: Alice phase @ step 250/250 | Goals: 0/5 | Reason: Invalid Goal
[Reset] Env 4: Alice phase @ step 250/250 | Goals: 0/5 | Reason: Invalid Goal
[Reset] Env 8: Alice phase @ step 250/250 | Goals: 0/5 | Reason: Invalid Goal
[Reset] Env 9: Alice phase @ step 250/250 | Goals: 0/5 | Reason: Invalid Goal
[Reset] Env 11: Alice phase @ step 250/250 | Goals: 0/5 | Reason: Invalid Goal
[Reset] Env 12: Alice phase @ step 250/250 | Goals: 0/5 | Reason: Invalid Goal
[Reset] Resetting objects to SAFE pose for 6 envs
[Reset] Resetting ROBOT joints for 6 envs
Update Alice: Iter 472

============================================================
ALICE UPDATE 472
============================================================
  Rewards:     mean=-1.0000 | min=0.0000 | max=0.0000
  Losses:      value=0.0003 | surrogate=1.4278
  Outcomes:    9 episodes buffered
============================================================

[Phase] Env 1: Alice Failed | Moved: 0.027m < 0.01m threshold
[Reset] Env 1: Alice phase @ step 250/250 | Goals: 0/5 | Reason: Invalid Goal
[Reset] Env 5: Alice phase @ step 250/250 | Goals: 0/5 | Reason: Invalid Goal
[Reset] Env 24: Alice phase @ step 250/250 | Goals: 0/5 | Reason: Invalid Goal
[Reset] Resetting objects to SAFE pose for 3 envs
[Reset] Resetting ROBOT joints for 3 envs
[Phase] Env 2: Alice Failed | Moved: 0.027m < 0.01m threshold
[Reset] Env 2: Alice phase @ step 250/250 | Goals: 0/5 | Reason: Invalid Goal
[Reset] Env 7: Alice phase @ step 250/250 | Goals: 0/5 | Reason: Invalid Goal
[Reset] Env 10: Alice phase @ step 250/250 | Goals: 0/5 | Reason: Invalid Goal
[Reset] Env 14: Alice phase @ step 250/250 | Goals: 0/5 | Reason: Invalid Goal
[Reset] Env 15: Alice phase @ step 250/250 | Goals: 0/5 | Reason: Invalid Goal
[Reset] Env 19: Alice phase @ step 250/250 | Goals: 0/5 | Reason: Invalid Goal
[Reset] Env 20: Alice phase @ step 250/250 | Goals: 0/5 | Reason: Invalid Goal
[Reset] Resetting objects to SAFE pose for 7 envs
[Reset] Resetting ROBOT joints for 7 envs
Update Alice: Iter 473

============================================================
ALICE UPDATE 473
============================================================
  Rewards:     mean=-1.0000 | min=0.0000 | max=0.0000
  Losses:      value=0.0004 | surrogate=1.6097
  Outcomes:    9 episodes buffered
============================================================

[Phase] Env 3: Alice Failed | Moved: 0.027m < 0.01m threshold
[Reset] Env 3: Alice phase @ step 250/250 | Goals: 0/5 | Reason: Invalid Goal
[Reset] Env 6: Alice phase @ step 250/250 | Goals: 0/5 | Reason: Invalid Goal
[Reset] Env 13: Alice phase @ step 250/250 | Goals: 0/5 | Reason: Invalid Goal
[Reset] Env 16: Alice phase @ step 250/250 | Goals: 0/5 | Reason: Invalid Goal
[Reset] Env 17: Alice phase @ step 250/250 | Goals: 0/5 | Reason: Invalid Goal
[Reset] Env 21: Alice phase @ step 250/250 | Goals: 0/5 | Reason: Invalid Goal
[Reset] Env 22: Alice phase @ step 250/250 | Goals: 0/5 | Reason: Invalid Goal
[Reset] Resetting objects to SAFE pose for 7 envs
[Reset] Resetting ROBOT joints for 7 envs
Update Alice: Iter 474

============================================================
ALICE UPDATE 474
============================================================
  Rewards:     mean=-1.0000 | min=0.0000 | max=0.0000
  Losses:      value=0.0017 | surrogate=1.5637
  Outcomes:    9 episodes buffered
============================================================

[Phase] Env 18: Alice Failed | Moved: 0.027m < 0.01m threshold
[Reset] Env 18: Alice phase @ step 250/250 | Goals: 0/5 | Reason: Invalid Goal
[Reset] Env 23: Alice phase @ step 250/250 | Goals: 0/5 | Reason: Invalid Goal
[Reset] Resetting objects to SAFE pose for 2 envs
[Reset] Resetting ROBOT joints for 2 envs
[Phase] Env 0: Alice Failed | Moved: 0.027m < 0.01m threshold
[Reset] Env 0: Alice phase @ step 250/250 | Goals: 0/5 | Reason: Invalid Goal
[Reset] Env 4: Alice phase @ step 250/250 | Goals: 0/5 | Reason: Invalid Goal
[Reset] Env 8: Alice phase @ step 250/250 | Goals: 0/5 | Reason: Invalid Goal
[Reset] Env 9: Alice phase @ step 250/250 | Goals: 0/5 | Reason: Invalid Goal
[Reset] Env 11: Alice phase @ step 250/250 | Goals: 0/5 | Reason: Invalid Goal
[Reset] Env 12: Alice phase @ step 250/250 | Goals: 0/5 | Reason: Invalid Goal
[Reset] Resetting objects to SAFE pose for 6 envs
[Reset] Resetting ROBOT joints for 6 envs
[Phase] Env 1: Alice Failed | Moved: 0.027m < 0.01m threshold
[Reset] Env 1: Alice phase @ step 250/250 | Goals: 0/5 | Reason: Invalid Goal
[Reset] Env 5: Alice phase @ step 250/250 | Goals: 0/5 | Reason: Invalid Goal
[Reset] Env 24: Alice phase @ step 250/250 | Goals: 0/5 | Reason: Invalid Goal
[Reset] Resetting objects to SAFE pose for 3 envs
[Reset] Resetting ROBOT joints for 3 envs
Update Alice: Iter 475

============================================================
ALICE UPDATE 475
============================================================
  Rewards:     mean=-1.0000 | min=0.0000 | max=0.0000
  Losses:      value=0.0071 | surrogate=1.1174
  Outcomes:    9 episodes buffered
============================================================

[Phase] Env 2: Alice Failed | Moved: 0.027m < 0.01m threshold
[Reset] Env 2: Alice phase @ step 250/250 | Goals: 0/5 | Reason: Invalid Goal
[Reset] Env 7: Alice phase @ step 250/250 | Goals: 0/5 | Reason: Invalid Goal
[Reset] Env 10: Alice phase @ step 250/250 | Goals: 0/5 | Reason: Invalid Goal
[Reset] Env 14: Alice phase @ step 250/250 | Goals: 0/5 | Reason: Invalid Goal
[Reset] Env 15: Alice phase @ step 250/250 | Goals: 0/5 | Reason: Invalid Goal
[Reset] Env 19: Alice phase @ step 250/250 | Goals: 0/5 | Reason: Invalid Goal
[Reset] Env 20: Alice phase @ step 250/250 | Goals: 0/5 | Reason: Invalid Goal
[Reset] Resetting objects to SAFE pose for 7 envs
[Reset] Resetting ROBOT joints for 7 envs
Update Alice: Iter 476

============================================================
ALICE UPDATE 476
============================================================
  Rewards:     mean=-1.0000 | min=0.0000 | max=0.0000
  Losses:      value=0.0009 | surrogate=0.4426
  Outcomes:    9 episodes buffered
============================================================

[Phase] Env 3: Alice Failed | Moved: 0.027m < 0.01m threshold
[Reset] Env 3: Alice phase @ step 250/250 | Goals: 0/5 | Reason: Invalid Goal
[Reset] Env 6: Alice phase @ step 250/250 | Goals: 0/5 | Reason: Invalid Goal
[Reset] Env 13: Alice phase @ step 250/250 | Goals: 0/5 | Reason: Invalid Goal
[Reset] Env 16: Alice phase @ step 250/250 | Goals: 0/5 | Reason: Invalid Goal
[Reset] Env 17: Alice phase @ step 250/250 | Goals: 0/5 | Reason: Invalid Goal
[Reset] Env 21: Alice phase @ step 250/250 | Goals: 0/5 | Reason: Invalid Goal
[Reset] Env 22: Alice phase @ step 250/250 | Goals: 0/5 | Reason: Invalid Goal
[Reset] Resetting objects to SAFE pose for 7 envs
[Reset] Resetting ROBOT joints for 7 envs
[Phase] Env 18: Alice Failed | Moved: 0.027m < 0.01m threshold
[Reset] Env 18: Alice phase @ step 250/250 | Goals: 0/5 | Reason: Invalid Goal
[Reset] Env 23: Alice phase @ step 250/250 | Goals: 0/5 | Reason: Invalid Goal
[Reset] Resetting objects to SAFE pose for 2 envs
[Reset] Resetting ROBOT joints for 2 envs
Update Alice: Iter 477

============================================================
ALICE UPDATE 477
============================================================
  Rewards:     mean=-1.0000 | min=0.0000 | max=0.0000
  Losses:      value=0.0002 | surrogate=0.8889
  Outcomes:    9 episodes buffered
============================================================

[Phase] Env 0: Alice Failed | Moved: 0.027m < 0.01m threshold
[Reset] Env 0: Alice phase @ step 250/250 | Goals: 0/5 | Reason: Invalid Goal
[Reset] Env 4: Alice phase @ step 250/250 | Goals: 0/5 | Reason: Invalid Goal
[Reset] Env 8: Alice phase @ step 250/250 | Goals: 0/5 | Reason: Invalid Goal
[Reset] Env 9: Alice phase @ step 250/250 | Goals: 0/5 | Reason: Invalid Goal
[Reset] Env 11: Alice phase @ step 250/250 | Goals: 0/5 | Reason: Invalid Goal
[Reset] Env 12: Alice phase @ step 250/250 | Goals: 0/5 | Reason: Invalid Goal
[Reset] Resetting objects to SAFE pose for 6 envs
[Reset] Resetting ROBOT joints for 6 envs
[Phase] Env 1: Alice Failed | Moved: 0.027m < 0.01m threshold
[Reset] Env 1: Alice phase @ step 250/250 | Goals: 0/5 | Reason: Invalid Goal
[Reset] Env 5: Alice phase @ step 250/250 | Goals: 0/5 | Reason: Invalid Goal
[Reset] Env 24: Alice phase @ step 250/250 | Goals: 0/5 | Reason: Invalid Goal
[Reset] Resetting objects to SAFE pose for 3 envs
[Reset] Resetting ROBOT joints for 3 envs
Update Alice: Iter 478

============================================================
ALICE UPDATE 478
============================================================
  Rewards:     mean=-1.0000 | min=0.0000 | max=0.0000
  Losses:      value=0.0001 | surrogate=0.8392
  Outcomes:    9 episodes buffered
============================================================

[Phase] Env 2: Alice Failed | Moved: 0.027m < 0.01m threshold
[Reset] Env 2: Alice phase @ step 250/250 | Goals: 0/5 | Reason: Invalid Goal
[Reset] Env 7: Alice phase @ step 250/250 | Goals: 0/5 | Reason: Invalid Goal
[Reset] Env 10: Alice phase @ step 250/250 | Goals: 0/5 | Reason: Invalid Goal
[Reset] Env 14: Alice phase @ step 250/250 | Goals: 0/5 | Reason: Invalid Goal
[Reset] Env 15: Alice phase @ step 250/250 | Goals: 0/5 | Reason: Invalid Goal
[Reset] Env 19: Alice phase @ step 250/250 | Goals: 0/5 | Reason: Invalid Goal
[Reset] Env 20: Alice phase @ step 250/250 | Goals: 0/5 | Reason: Invalid Goal
[Reset] Resetting objects to SAFE pose for 7 envs
[Reset] Resetting ROBOT joints for 7 envs
[Phase] Env 3: Alice Failed | Moved: 0.027m < 0.01m threshold
[Reset] Env 3: Alice phase @ step 250/250 | Goals: 0/5 | Reason: Invalid Goal
[Reset] Env 6: Alice phase @ step 250/250 | Goals: 0/5 | Reason: Invalid Goal
[Reset] Env 13: Alice phase @ step 250/250 | Goals: 0/5 | Reason: Invalid Goal
[Reset] Env 16: Alice phase @ step 250/250 | Goals: 0/5 | Reason: Invalid Goal
[Reset] Env 17: Alice phase @ step 250/250 | Goals: 0/5 | Reason: Invalid Goal
[Reset] Env 21: Alice phase @ step 250/250 | Goals: 0/5 | Reason: Invalid Goal
[Reset] Env 22: Alice phase @ step 250/250 | Goals: 0/5 | Reason: Invalid Goal
[Reset] Resetting objects to SAFE pose for 7 envs
[Reset] Resetting ROBOT joints for 7 envs
Update Alice: Iter 479

============================================================
ALICE UPDATE 479
============================================================
  Rewards:     mean=-1.0000 | min=0.0000 | max=0.0000
  Losses:      value=0.0001 | surrogate=0.8995
  Outcomes:    9 episodes buffered
============================================================

[Phase] Env 18: Alice Failed | Moved: 0.027m < 0.01m threshold
[Reset] Env 18: Alice phase @ step 250/250 | Goals: 0/5 | Reason: Invalid Goal
[Reset] Env 23: Alice phase @ step 250/250 | Goals: 0/5 | Reason: Invalid Goal
[Reset] Resetting objects to SAFE pose for 2 envs
[Reset] Resetting ROBOT joints for 2 envs
[Phase] Env 0: Alice Failed | Moved: 0.027m < 0.01m threshold
[Reset] Env 0: Alice phase @ step 250/250 | Goals: 0/5 | Reason: Invalid Goal
[Reset] Env 4: Alice phase @ step 250/250 | Goals: 0/5 | Reason: Invalid Goal
[Reset] Env 8: Alice phase @ step 250/250 | Goals: 0/5 | Reason: Invalid Goal
[Reset] Env 9: Alice phase @ step 250/250 | Goals: 0/5 | Reason: Invalid Goal
[Reset] Env 11: Alice phase @ step 250/250 | Goals: 0/5 | Reason: Invalid Goal
[Reset] Env 12: Alice phase @ step 250/250 | Goals: 0/5 | Reason: Invalid Goal
[Reset] Resetting objects to SAFE pose for 6 envs
[Reset] Resetting ROBOT joints for 6 envs
Update Alice: Iter 480

============================================================
ALICE UPDATE 480
============================================================
  Rewards:     mean=-1.0000 | min=0.0000 | max=0.0000
  Losses:      value=0.0001 | surrogate=0.9310
  Outcomes:    9 episodes buffered
============================================================

[Phase] Env 1: Alice Failed | Moved: 0.027m < 0.01m threshold
[Reset] Env 1: Alice phase @ step 250/250 | Goals: 0/5 | Reason: Invalid Goal
[Reset] Env 5: Alice phase @ step 250/250 | Goals: 0/5 | Reason: Invalid Goal
[Reset] Env 24: Alice phase @ step 250/250 | Goals: 0/5 | Reason: Invalid Goal
[Reset] Resetting objects to SAFE pose for 3 envs
[Reset] Resetting ROBOT joints for 3 envs
[Phase] Env 2: Alice Failed | Moved: 0.027m < 0.01m threshold
[Reset] Env 2: Alice phase @ step 250/250 | Goals: 0/5 | Reason: Invalid Goal
[Reset] Env 7: Alice phase @ step 250/250 | Goals: 0/5 | Reason: Invalid Goal
[Reset] Env 10: Alice phase @ step 250/250 | Goals: 0/5 | Reason: Invalid Goal
[Reset] Env 14: Alice phase @ step 250/250 | Goals: 0/5 | Reason: Invalid Goal
[Reset] Env 15: Alice phase @ step 250/250 | Goals: 0/5 | Reason: Invalid Goal
[Reset] Env 19: Alice phase @ step 250/250 | Goals: 0/5 | Reason: Invalid Goal
[Reset] Env 20: Alice phase @ step 250/250 | Goals: 0/5 | Reason: Invalid Goal
[Reset] Resetting objects to SAFE pose for 7 envs
[Reset] Resetting ROBOT joints for 7 envs
Update Alice: Iter 481

============================================================
ALICE UPDATE 481
============================================================
  Rewards:     mean=-1.0000 | min=0.0000 | max=0.0000
  Losses:      value=0.0001 | surrogate=0.9710
  Outcomes:    9 episodes buffered
============================================================

[Phase] Env 3: Alice Failed | Moved: 0.027m < 0.01m threshold
[Reset] Env 3: Alice phase @ step 250/250 | Goals: 0/5 | Reason: Invalid Goal
[Reset] Env 6: Alice phase @ step 250/250 | Goals: 0/5 | Reason: Invalid Goal
[Reset] Env 13: Alice phase @ step 250/250 | Goals: 0/5 | Reason: Invalid Goal
[Reset] Env 16: Alice phase @ step 250/250 | Goals: 0/5 | Reason: Invalid Goal
[Reset] Env 17: Alice phase @ step 250/250 | Goals: 0/5 | Reason: Invalid Goal
[Reset] Env 21: Alice phase @ step 250/250 | Goals: 0/5 | Reason: Invalid Goal
[Reset] Env 22: Alice phase @ step 250/250 | Goals: 0/5 | Reason: Invalid Goal
[Reset] Resetting objects to SAFE pose for 7 envs
[Reset] Resetting ROBOT joints for 7 envs
Update Alice: Iter 482

============================================================
ALICE UPDATE 482
============================================================
  Rewards:     mean=-1.0000 | min=0.0000 | max=0.0000
  Losses:      value=0.0001 | surrogate=0.9520
  Outcomes:    9 episodes buffered
============================================================

[Phase] Env 18: Alice Failed | Moved: 0.027m < 0.01m threshold
[Reset] Env 18: Alice phase @ step 250/250 | Goals: 0/5 | Reason: Invalid Goal
[Reset] Env 23: Alice phase @ step 250/250 | Goals: 0/5 | Reason: Invalid Goal
[Reset] Resetting objects to SAFE pose for 2 envs
[Reset] Resetting ROBOT joints for 2 envs
[Phase] Env 0: Alice Failed | Moved: 0.027m < 0.01m threshold
[Reset] Env 0: Alice phase @ step 250/250 | Goals: 0/5 | Reason: Invalid Goal
[Reset] Env 4: Alice phase @ step 250/250 | Goals: 0/5 | Reason: Invalid Goal
[Reset] Env 8: Alice phase @ step 250/250 | Goals: 0/5 | Reason: Invalid Goal
[Reset] Env 9: Alice phase @ step 250/250 | Goals: 0/5 | Reason: Invalid Goal
[Reset] Env 11: Alice phase @ step 250/250 | Goals: 0/5 | Reason: Invalid Goal
[Reset] Env 12: Alice phase @ step 250/250 | Goals: 0/5 | Reason: Invalid Goal
[Reset] Resetting objects to SAFE pose for 6 envs
[Reset] Resetting ROBOT joints for 6 envs
Update Alice: Iter 483

============================================================
ALICE UPDATE 483
============================================================
  Rewards:     mean=-1.0000 | min=0.0000 | max=0.0000
  Losses:      value=0.0001 | surrogate=1.0483
  Outcomes:    9 episodes buffered
============================================================

[Phase] Env 1: Alice Failed | Moved: 0.027m < 0.01m threshold
[Reset] Env 1: Alice phase @ step 250/250 | Goals: 0/5 | Reason: Invalid Goal
[Reset] Env 5: Alice phase @ step 250/250 | Goals: 0/5 | Reason: Invalid Goal
[Reset] Env 24: Alice phase @ step 250/250 | Goals: 0/5 | Reason: Invalid Goal
[Reset] Resetting objects to SAFE pose for 3 envs
[Reset] Resetting ROBOT joints for 3 envs
[Phase] Env 2: Alice Failed | Moved: 0.027m < 0.01m threshold
[Reset] Env 2: Alice phase @ step 250/250 | Goals: 0/5 | Reason: Invalid Goal
[Reset] Env 7: Alice phase @ step 250/250 | Goals: 0/5 | Reason: Invalid Goal
[Reset] Env 10: Alice phase @ step 250/250 | Goals: 0/5 | Reason: Invalid Goal
[Reset] Env 14: Alice phase @ step 250/250 | Goals: 0/5 | Reason: Invalid Goal
[Reset] Env 15: Alice phase @ step 250/250 | Goals: 0/5 | Reason: Invalid Goal
[Reset] Env 19: Alice phase @ step 250/250 | Goals: 0/5 | Reason: Invalid Goal
[Reset] Env 20: Alice phase @ step 250/250 | Goals: 0/5 | Reason: Invalid Goal
[Reset] Resetting objects to SAFE pose for 7 envs
[Reset] Resetting ROBOT joints for 7 envs
Update Alice: Iter 484

============================================================
ALICE UPDATE 484
============================================================
  Rewards:     mean=-1.0000 | min=0.0000 | max=0.0000
  Losses:      value=0.0000 | surrogate=1.0879
  Outcomes:    9 episodes buffered
============================================================

[Phase] Env 3: Alice Failed | Moved: 0.027m < 0.01m threshold
[Reset] Env 3: Alice phase @ step 250/250 | Goals: 0/5 | Reason: Invalid Goal
[Reset] Env 6: Alice phase @ step 250/250 | Goals: 0/5 | Reason: Invalid Goal
[Reset] Env 13: Alice phase @ step 250/250 | Goals: 0/5 | Reason: Invalid Goal
[Reset] Env 16: Alice phase @ step 250/250 | Goals: 0/5 | Reason: Invalid Goal
[Reset] Env 17: Alice phase @ step 250/250 | Goals: 0/5 | Reason: Invalid Goal