============================================================
ALICE UPDATE 0
============================================================
  Rewards:     mean=2.1111 | min=0.0000 | max=0.0000
  Losses:      value=0.1731 | surrogate=0.0368
  Outcomes:    9 episodes buffered
============================================================

============================================================
ALICE UPDATE 1
============================================================
  Rewards:     mean=6.0000 | min=0.0000 | max=0.0000
  Losses:      value=0.8566 | surrogate=0.0274
  Outcomes:    9 episodes buffered
============================================================

============================================================
ALICE UPDATE 2
============================================================
  Rewards:     mean=5.4444 | min=0.0000 | max=0.0000
  Losses:      value=0.5078 | surrogate=0.0576
  Outcomes:    9 episodes buffered
============================================================

============================================================
ALICE UPDATE 3
============================================================
  Rewards:     mean=3.2222 | min=0.0000 | max=0.0000
  Losses:      value=0.2242 | surrogate=0.3888
  Outcomes:    9 episodes buffered
============================================================

============================================================
ALICE UPDATE 4
============================================================
  Rewards:     mean=4.3333 | min=0.0000 | max=0.0000
  Losses:      value=0.3487 | surrogate=0.1563
  Outcomes:    9 episodes buffered
============================================================

============================================================
ALICE UPDATE 5
============================================================
  Rewards:     mean=6.0000 | min=0.0000 | max=0.0000
  Losses:      value=0.3072 | surrogate=0.0732
  Outcomes:    9 episodes buffered
============================================================

============================================================
BOB UPDATE 0
============================================================
  Success Rate: 0.3036 (56 eps)
  Rewards:      mean=0.0040
  Losses:       value=0.2330 | surrogate=-0.0941 | ABC=0.4265
  Errors:       pos=0.1047 | rot=0.2228
============================================================

============================================================
ALICE UPDATE 6
============================================================
  Rewards:     mean=3.7778 | min=0.0000 | max=0.0000
  Losses:      value=0.2493 | surrogate=0.6392
  Outcomes:    9 episodes buffered
============================================================

============================================================
ALICE UPDATE 7
============================================================
  Rewards:     mean=6.0000 | min=0.0000 | max=0.0000
  Losses:      value=0.1413 | surrogate=0.0501
  Outcomes:    9 episodes buffered
============================================================

============================================================
ALICE UPDATE 8
============================================================
  Rewards:     mean=4.3333 | min=0.0000 | max=0.0000
  Losses:      value=0.2453 | surrogate=0.4363
  Outcomes:    9 episodes buffered
============================================================

============================================================
ALICE UPDATE 9
============================================================
  Rewards:     mean=5.4444 | min=0.0000 | max=0.0000
  Losses:      value=0.1460 | surrogate=0.1863
  Outcomes:    9 episodes buffered
============================================================

============================================================
ALICE UPDATE 10
============================================================
  Rewards:     mean=4.8889 | min=0.0000 | max=0.0000
  Losses:      value=0.1420 | surrogate=0.5162
  Outcomes:    9 episodes buffered
============================================================

============================================================
ALICE UPDATE 11
============================================================
  Rewards:     mean=4.8889 | min=0.0000 | max=0.0000
  Losses:      value=0.1559 | surrogate=0.5984
  Outcomes:    9 episodes buffered
============================================================

============================================================
ALICE UPDATE 12
============================================================
  Rewards:     mean=4.8889 | min=0.0000 | max=0.0000
  Losses:      value=0.2454 | surrogate=0.6626
  Outcomes:    9 episodes buffered
============================================================

============================================================
BOB UPDATE 1
============================================================
  Success Rate: 0.2542 (118 eps)
  Rewards:      mean=0.0032
  Losses:       value=0.1907 | surrogate=-0.0815 | ABC=0.4507
  Errors:       pos=0.1233 | rot=0.2514
============================================================

============================================================
ALICE UPDATE 13
============================================================
  Rewards:     mean=6.0000 | min=0.0000 | max=0.0000
  Losses:      value=0.0892 | surrogate=0.3803
  Outcomes:    9 episodes buffered
============================================================

============================================================
ALICE UPDATE 14
============================================================
  Rewards:     mean=4.8889 | min=0.0000 | max=0.0000
  Losses:      value=0.1700 | surrogate=0.7608
  Outcomes:    9 episodes buffered
============================================================

============================================================
ALICE UPDATE 15
============================================================
  Rewards:     mean=4.3333 | min=0.0000 | max=0.0000
  Losses:      value=0.1964 | surrogate=0.7450
  Outcomes:    9 episodes buffered
============================================================

============================================================
ALICE UPDATE 16
============================================================
  Rewards:     mean=4.3333 | min=0.0000 | max=0.0000
  Losses:      value=0.1558 | surrogate=0.9519
  Outcomes:    9 episodes buffered
============================================================

============================================================
ALICE UPDATE 17
============================================================
  Rewards:     mean=4.8889 | min=0.0000 | max=0.0000
  Losses:      value=0.1887 | surrogate=0.8800
  Outcomes:    9 episodes buffered
============================================================

============================================================
ALICE UPDATE 18
============================================================
  Rewards:     mean=4.3333 | min=0.0000 | max=0.0000
  Losses:      value=0.2806 | surrogate=0.9944
  Outcomes:    9 episodes buffered
============================================================

============================================================
ALICE UPDATE 19
============================================================
  Rewards:     mean=3.2222 | min=0.0000 | max=0.0000
  Losses:      value=0.2283 | surrogate=0.9153
  Outcomes:    9 episodes buffered
============================================================

============================================================
BOB UPDATE 2
============================================================
  Success Rate: 0.2652 (181 eps)
  Rewards:      mean=0.0039
  Losses:       value=0.2792 | surrogate=-0.1271 | ABC=0.4850
  Errors:       pos=0.1318 | rot=0.2447
============================================================

============================================================
ALICE UPDATE 20
============================================================
  Rewards:     mean=4.3333 | min=0.0000 | max=0.0000
  Losses:      value=0.1726 | surrogate=0.9127
  Outcomes:    9 episodes buffered
============================================================

============================================================
ALICE UPDATE 21
============================================================
  Rewards:     mean=4.8889 | min=0.0000 | max=0.0000
  Losses:      value=0.1235 | surrogate=0.7699
  Outcomes:    9 episodes buffered
============================================================

============================================================
ALICE UPDATE 22
============================================================
  Rewards:     mean=4.8889 | min=0.0000 | max=0.0000
  Losses:      value=0.1658 | surrogate=0.8849
  Outcomes:    9 episodes buffered
============================================================

============================================================
ALICE UPDATE 23
============================================================
  Rewards:     mean=4.8889 | min=0.0000 | max=0.0000
  Losses:      value=0.1314 | surrogate=0.7229
  Outcomes:    9 episodes buffered
============================================================

============================================================
ALICE UPDATE 24
============================================================
  Rewards:     mean=5.4444 | min=0.0000 | max=0.0000
  Losses:      value=0.1180 | surrogate=0.6846
  Outcomes:    9 episodes buffered
============================================================

============================================================
ALICE UPDATE 25
============================================================
  Rewards:     mean=5.4444 | min=0.0000 | max=0.0000
  Losses:      value=0.0740 | surrogate=0.4595
  Outcomes:    9 episodes buffered
============================================================

============================================================
BOB UPDATE 3
============================================================
  Success Rate: 0.2552 (239 eps)
  Rewards:      mean=0.0039
  Losses:       value=0.1402 | surrogate=-0.0503 | ABC=0.5278
  Errors:       pos=0.1382 | rot=0.2633
============================================================

============================================================
ALICE UPDATE 26
============================================================
  Rewards:     mean=4.3333 | min=0.0000 | max=0.0000
  Losses:      value=0.1701 | surrogate=0.9279
  Outcomes:    9 episodes buffered
============================================================

============================================================
ALICE UPDATE 27
============================================================
  Rewards:     mean=5.4444 | min=0.0000 | max=0.0000
  Losses:      value=0.0857 | surrogate=0.6280
  Outcomes:    9 episodes buffered
============================================================

============================================================
ALICE UPDATE 28
============================================================
  Rewards:     mean=4.3333 | min=0.0000 | max=0.0000
  Losses:      value=0.1765 | surrogate=0.7235
  Outcomes:    9 episodes buffered
============================================================

============================================================
ALICE UPDATE 29
============================================================
  Rewards:     mean=4.3333 | min=0.0000 | max=0.0000
  Losses:      value=0.1611 | surrogate=0.6760
  Outcomes:    9 episodes buffered
============================================================

============================================================
ALICE UPDATE 30
============================================================
  Rewards:     mean=5.4444 | min=0.0000 | max=0.0000
  Losses:      value=0.1061 | surrogate=0.6757
  Outcomes:    9 episodes buffered
============================================================

============================================================
ALICE UPDATE 31
============================================================
  Rewards:     mean=4.3333 | min=0.0000 | max=0.0000
  Losses:      value=0.1885 | surrogate=1.0013
  Outcomes:    9 episodes buffered
============================================================

============================================================
ALICE UPDATE 32
============================================================
  Rewards:     mean=5.4444 | min=0.0000 | max=0.0000
  Losses:      value=0.0788 | surrogate=0.4156
  Outcomes:    9 episodes buffered
============================================================

============================================================
BOB UPDATE 4
============================================================
  Success Rate: 0.2541 (303 eps)
  Rewards:      mean=0.0031
  Losses:       value=0.1822 | surrogate=-0.0562 | ABC=0.5781
  Errors:       pos=0.1406 | rot=0.2815
============================================================

============================================================
ALICE UPDATE 33
============================================================
  Rewards:     mean=4.3333 | min=0.0000 | max=0.0000
  Losses:      value=0.1728 | surrogate=0.9725
  Outcomes:    9 episodes buffered
============================================================

============================================================
ALICE UPDATE 34
============================================================
  Rewards:     mean=4.8889 | min=0.0000 | max=0.0000
  Losses:      value=0.1348 | surrogate=0.7404
  Outcomes:    9 episodes buffered
============================================================

============================================================
ALICE UPDATE 35
============================================================
  Rewards:     mean=2.6667 | min=0.0000 | max=0.0000
  Losses:      value=0.2620 | surrogate=1.1361
  Outcomes:    9 episodes buffered
============================================================

============================================================
ALICE UPDATE 36
============================================================
  Rewards:     mean=4.3333 | min=0.0000 | max=0.0000
  Losses:      value=0.1485 | surrogate=0.8138
  Outcomes:    9 episodes buffered
============================================================

============================================================
ALICE UPDATE 37
============================================================
  Rewards:     mean=4.8889 | min=0.0000 | max=0.0000
  Losses:      value=0.1253 | surrogate=0.4176
  Outcomes:    9 episodes buffered
============================================================

============================================================
ALICE UPDATE 38
============================================================
  Rewards:     mean=4.8889 | min=0.0000 | max=0.0000
  Losses:      value=0.2021 | surrogate=0.6316
  Outcomes:    9 episodes buffered
============================================================

============================================================
ALICE UPDATE 39
============================================================
  Rewards:     mean=4.3333 | min=0.0000 | max=0.0000
  Losses:      value=0.1903 | surrogate=0.6711
  Outcomes:    9 episodes buffered
============================================================

============================================================
BOB UPDATE 5
============================================================
  Success Rate: 0.2630 (365 eps)
  Rewards:      mean=0.0042
  Losses:       value=0.2339 | surrogate=-0.1016 | ABC=0.6332
  Errors:       pos=0.1384 | rot=0.2740
============================================================

============================================================
ALICE UPDATE 40
============================================================
  Rewards:     mean=5.4444 | min=0.0000 | max=0.0000
  Losses:      value=0.1033 | surrogate=0.4649
  Outcomes:    9 episodes buffered
============================================================

============================================================
ALICE UPDATE 41
============================================================
  Rewards:     mean=4.3333 | min=0.0000 | max=0.0000
  Losses:      value=0.1946 | surrogate=0.5857
  Outcomes:    9 episodes buffered
============================================================

============================================================
ALICE UPDATE 42
============================================================
  Rewards:     mean=5.4444 | min=0.0000 | max=0.0000
  Losses:      value=0.0873 | surrogate=0.2157
  Outcomes:    9 episodes buffered
============================================================

============================================================
ALICE UPDATE 43
============================================================
  Rewards:     mean=5.4444 | min=0.0000 | max=0.0000
  Losses:      value=0.0821 | surrogate=0.2371
  Outcomes:    9 episodes buffered
============================================================

============================================================
ALICE UPDATE 44
============================================================
  Rewards:     mean=5.4444 | min=0.0000 | max=0.0000
  Losses:      value=0.0662 | surrogate=0.2957
  Outcomes:    9 episodes buffered
============================================================

============================================================
ALICE UPDATE 45
============================================================
  Rewards:     mean=4.3333 | min=0.0000 | max=0.0000
  Losses:      value=0.1883 | surrogate=0.7717
  Outcomes:    9 episodes buffered
============================================================

============================================================
BOB UPDATE 6
============================================================
  Success Rate: 0.2536 (418 eps)
  Rewards:      mean=0.0035
  Losses:       value=0.1376 | surrogate=-0.0565 | ABC=0.6920
  Errors:       pos=0.1375 | rot=0.2795
============================================================

============================================================
ALICE UPDATE 46
============================================================
  Rewards:     mean=4.8889 | min=0.0000 | max=0.0000
  Losses:      value=0.1851 | surrogate=0.6893
  Outcomes:    9 episodes buffered
============================================================

============================================================
ALICE UPDATE 47
============================================================
  Rewards:     mean=6.0000 | min=0.0000 | max=0.0000
  Losses:      value=0.0561 | surrogate=0.2184
  Outcomes:    9 episodes buffered
============================================================

============================================================
ALICE UPDATE 48
============================================================
  Rewards:     mean=3.7778 | min=0.0000 | max=0.0000
  Losses:      value=0.2229 | surrogate=0.8381
  Outcomes:    9 episodes buffered
============================================================

============================================================
ALICE UPDATE 49
============================================================
  Rewards:     mean=4.8889 | min=0.0000 | max=0.0000
  Losses:      value=0.1307 | surrogate=0.5340
  Outcomes:    9 episodes buffered
============================================================

============================================================
ALICE UPDATE 50
============================================================
  Rewards:     mean=4.8889 | min=0.0000 | max=0.0000
  Losses:      value=0.1185 | surrogate=0.4669
  Outcomes:    9 episodes buffered
============================================================

============================================================
ALICE UPDATE 51
============================================================
  Rewards:     mean=5.4444 | min=0.0000 | max=0.0000
  Losses:      value=0.0952 | surrogate=0.3910
  Outcomes:    9 episodes buffered
============================================================

============================================================
ALICE UPDATE 52
============================================================
  Rewards:     mean=4.8889 | min=0.0000 | max=0.0000
  Losses:      value=0.1175 | surrogate=0.5121
  Outcomes:    9 episodes buffered
============================================================

============================================================
BOB UPDATE 7
============================================================
  Success Rate: 0.2479 (480 eps)
  Rewards:      mean=0.0029
  Losses:       value=0.1540 | surrogate=-0.0607 | ABC=0.7691
  Errors:       pos=0.1382 | rot=0.2776
============================================================

============================================================
ALICE UPDATE 53
============================================================
  Rewards:     mean=4.8889 | min=0.0000 | max=0.0000
  Losses:      value=0.1003 | surrogate=0.5412
  Outcomes:    9 episodes buffered
============================================================

============================================================
ALICE UPDATE 54
============================================================
  Rewards:     mean=4.8889 | min=0.0000 | max=0.0000
  Losses:      value=0.1626 | surrogate=0.7208
  Outcomes:    9 episodes buffered
============================================================

============================================================
ALICE UPDATE 55
============================================================
  Rewards:     mean=4.8889 | min=0.0000 | max=0.0000
  Losses:      value=0.0833 | surrogate=0.3266
  Outcomes:    9 episodes buffered
============================================================

============================================================
ALICE UPDATE 56
============================================================
  Rewards:     mean=4.3333 | min=0.0000 | max=0.0000
  Losses:      value=0.1902 | surrogate=0.7604
  Outcomes:    9 episodes buffered
============================================================

============================================================
ALICE UPDATE 57
============================================================
  Rewards:     mean=5.4444 | min=0.0000 | max=0.0000
  Losses:      value=0.1125 | surrogate=0.5615
  Outcomes:    9 episodes buffered
============================================================

============================================================
ALICE UPDATE 58
============================================================
  Rewards:     mean=4.8889 | min=0.0000 | max=0.0000
  Losses:      value=0.1237 | surrogate=0.5431
  Outcomes:    9 episodes buffered
============================================================

============================================================
BOB UPDATE 8
============================================================
  Success Rate: 0.2444 (536 eps)
  Rewards:      mean=0.0033
  Losses:       value=0.1441 | surrogate=-0.0270 | ABC=0.8504
  Errors:       pos=0.1399 | rot=0.2717
============================================================

============================================================
ALICE UPDATE 59
============================================================
  Rewards:     mean=4.8889 | min=0.0000 | max=0.0000
  Losses:      value=0.1254 | surrogate=0.5672
  Outcomes:    9 episodes buffered
============================================================

============================================================
ALICE UPDATE 60
============================================================
  Rewards:     mean=6.0000 | min=0.0000 | max=0.0000
  Losses:      value=0.0386 | surrogate=0.3690
  Outcomes:    9 episodes buffered
============================================================

============================================================
ALICE UPDATE 61
============================================================
  Rewards:     mean=4.8889 | min=0.0000 | max=0.0000
  Losses:      value=0.1045 | surrogate=0.5883
  Outcomes:    9 episodes buffered
============================================================

============================================================
ALICE UPDATE 62
============================================================
  Rewards:     mean=5.4444 | min=0.0000 | max=0.0000
  Losses:      value=0.0533 | surrogate=0.4759
  Outcomes:    9 episodes buffered
============================================================

============================================================
ALICE UPDATE 63
============================================================
  Rewards:     mean=4.3333 | min=0.0000 | max=0.0000
  Losses:      value=0.2054 | surrogate=0.7536
  Outcomes:    9 episodes buffered
============================================================

============================================================
ALICE UPDATE 64
============================================================
  Rewards:     mean=6.0000 | min=0.0000 | max=0.0000
  Losses:      value=0.0449 | surrogate=0.4165
  Outcomes:    9 episodes buffered
============================================================

============================================================
BOB UPDATE 9
============================================================
  Success Rate: 0.2378 (593 eps)
  Rewards:      mean=0.0029
  Losses:       value=0.0824 | surrogate=0.0126 | ABC=0.9947
  Errors:       pos=0.1411 | rot=0.2699
============================================================

============================================================
ALICE UPDATE 65
============================================================
  Rewards:     mean=4.3333 | min=0.0000 | max=0.0000
  Losses:      value=0.2219 | surrogate=0.9539
  Outcomes:    9 episodes buffered
============================================================

============================================================
ALICE UPDATE 66
============================================================
  Rewards:     mean=4.3333 | min=0.0000 | max=0.0000
  Losses:      value=0.1643 | surrogate=0.7743
  Outcomes:    9 episodes buffered
============================================================

============================================================
ALICE UPDATE 67
============================================================
  Rewards:     mean=5.4444 | min=0.0000 | max=0.0000
  Losses:      value=0.0984 | surrogate=0.7258
  Outcomes:    9 episodes buffered
============================================================

============================================================
ALICE UPDATE 68
============================================================
  Rewards:     mean=4.8889 | min=0.0000 | max=0.0000
  Losses:      value=0.1207 | surrogate=0.6441
  Outcomes:    9 episodes buffered
============================================================

============================================================
ALICE UPDATE 69
============================================================
  Rewards:     mean=3.7778 | min=0.0000 | max=0.0000
  Losses:      value=0.2220 | surrogate=0.9968
  Outcomes:    9 episodes buffered
============================================================

============================================================
ALICE UPDATE 70
============================================================
  Rewards:     mean=6.0000 | min=0.0000 | max=0.0000
  Losses:      value=0.0694 | surrogate=0.5529
  Outcomes:    9 episodes buffered
============================================================

============================================================
ALICE UPDATE 71
============================================================
  Rewards:     mean=4.3333 | min=0.0000 | max=0.0000
  Losses:      value=0.1806 | surrogate=1.0161
  Outcomes:    9 episodes buffered
============================================================

============================================================
BOB UPDATE 10
============================================================
  Success Rate: 0.2374 (653 eps)
  Rewards:      mean=0.0032
  Losses:       value=0.1388 | surrogate=-0.0068 | ABC=1.1626
  Errors:       pos=0.1402 | rot=0.2691
============================================================

============================================================
ALICE UPDATE 72
============================================================
  Rewards:     mean=5.4444 | min=0.0000 | max=0.0000
  Losses:      value=0.1269 | surrogate=0.6008
  Outcomes:    9 episodes buffered
============================================================

============================================================
ALICE UPDATE 73
============================================================
  Rewards:     mean=4.3333 | min=0.0000 | max=0.0000
  Losses:      value=0.1703 | surrogate=0.7672
  Outcomes:    9 episodes buffered
============================================================

============================================================
ALICE UPDATE 74
============================================================
  Rewards:     mean=3.7778 | min=0.0000 | max=0.0000
  Losses:      value=0.1814 | surrogate=0.7417
  Outcomes:    9 episodes buffered
============================================================

============================================================
ALICE UPDATE 75
============================================================
  Rewards:     mean=6.0000 | min=0.0000 | max=0.0000
  Losses:      value=0.0678 | surrogate=0.4504
  Outcomes:    9 episodes buffered
============================================================

============================================================
ALICE UPDATE 76
============================================================
  Rewards:     mean=5.4444 | min=0.0000 | max=0.0000
  Losses:      value=0.0746 | surrogate=0.4704
  Outcomes:    9 episodes buffered
============================================================

============================================================
ALICE UPDATE 77
============================================================
  Rewards:     mean=5.4444 | min=0.0000 | max=0.0000
  Losses:      value=0.1395 | surrogate=0.5013
  Outcomes:    9 episodes buffered
============================================================

============================================================
BOB UPDATE 11
============================================================
  Success Rate: 0.2338 (710 eps)
  Rewards:      mean=0.0031
  Losses:       value=0.0960 | surrogate=0.0079 | ABC=1.3611
  Errors:       pos=0.1410 | rot=0.2667
============================================================

============================================================
ALICE UPDATE 78
============================================================
  Rewards:     mean=4.8889 | min=0.0000 | max=0.0000
  Losses:      value=0.1052 | surrogate=0.4698
  Outcomes:    9 episodes buffered
============================================================

============================================================
ALICE UPDATE 79
============================================================
  Rewards:     mean=5.4444 | min=0.0000 | max=0.0000
  Losses:      value=0.1062 | surrogate=0.5062
  Outcomes:    9 episodes buffered
============================================================

============================================================
ALICE UPDATE 80
============================================================
  Rewards:     mean=4.3333 | min=0.0000 | max=0.0000
  Losses:      value=0.1936 | surrogate=0.9207
  Outcomes:    9 episodes buffered
============================================================

============================================================
ALICE UPDATE 81
============================================================
  Rewards:     mean=5.4444 | min=0.0000 | max=0.0000
  Losses:      value=0.0841 | surrogate=0.3507
  Outcomes:    9 episodes buffered
============================================================

============================================================
ALICE UPDATE 82
============================================================
  Rewards:     mean=5.4444 | min=0.0000 | max=0.0000
  Losses:      value=0.0842 | surrogate=0.2991
  Outcomes:    9 episodes buffered
============================================================

============================================================
ALICE UPDATE 83
============================================================
  Rewards:     mean=4.8889 | min=0.0000 | max=0.0000
  Losses:      value=0.1284 | surrogate=0.5425
  Outcomes:    9 episodes buffered
============================================================

============================================================
ALICE UPDATE 84
============================================================
  Rewards:     mean=5.4444 | min=0.0000 | max=0.0000
  Losses:      value=0.0876 | surrogate=0.5726
  Outcomes:    9 episodes buffered
============================================================

============================================================
BOB UPDATE 12
============================================================
  Success Rate: 0.2285 (766 eps)
  Rewards:      mean=0.0023
  Losses:       value=0.1208 | surrogate=-0.0033 | ABC=1.5995
  Errors:       pos=0.1395 | rot=0.2650
============================================================

============================================================
ALICE UPDATE 85
============================================================
  Rewards:     mean=5.4444 | min=0.0000 | max=0.0000
  Losses:      value=0.0900 | surrogate=0.5102
  Outcomes:    9 episodes buffered
============================================================

============================================================
ALICE UPDATE 86
============================================================
  Rewards:     mean=4.8889 | min=0.0000 | max=0.0000
  Losses:      value=0.1668 | surrogate=0.6739
  Outcomes:    9 episodes buffered
============================================================

============================================================
ALICE UPDATE 87
============================================================
  Rewards:     mean=5.4444 | min=0.0000 | max=0.0000
  Losses:      value=0.0957 | surrogate=0.5710
  Outcomes:    9 episodes buffered
============================================================

============================================================
ALICE UPDATE 88
============================================================
  Rewards:     mean=4.3333 | min=0.0000 | max=0.0000
  Losses:      value=0.2156 | surrogate=0.9282
  Outcomes:    9 episodes buffered
============================================================

============================================================
ALICE UPDATE 89
============================================================
  Rewards:     mean=5.4444 | min=0.0000 | max=0.0000
  Losses:      value=0.1104 | surrogate=0.6482
  Outcomes:    9 episodes buffered
============================================================

============================================================
ALICE UPDATE 90
============================================================
  Rewards:     mean=5.4444 | min=0.0000 | max=0.0000
  Losses:      value=0.0733 | surrogate=0.3912
  Outcomes:    9 episodes buffered
============================================================

============================================================
BOB UPDATE 13
============================================================
  Success Rate: 0.2240 (826 eps)
  Rewards:      mean=0.0022
  Losses:       value=0.1201 | surrogate=-0.0029 | ABC=1.8837
  Errors:       pos=0.1401 | rot=0.2660
============================================================

============================================================
ALICE UPDATE 91
============================================================
  Rewards:     mean=5.4444 | min=0.0000 | max=0.0000
  Losses:      value=0.1016 | surrogate=0.6290
  Outcomes:    9 episodes buffered
============================================================

============================================================
ALICE UPDATE 92
============================================================
  Rewards:     mean=4.8889 | min=0.0000 | max=0.0000
  Losses:      value=0.1110 | surrogate=0.6060
  Outcomes:    9 episodes buffered
============================================================

============================================================
ALICE UPDATE 93
============================================================
  Rewards:     mean=6.0000 | min=0.0000 | max=0.0000
  Losses:      value=0.0284 | surrogate=0.4445
  Outcomes:    9 episodes buffered
============================================================

============================================================
ALICE UPDATE 94
============================================================
  Rewards:     mean=5.4444 | min=0.0000 | max=0.0000
  Losses:      value=0.0964 | surrogate=0.7219
  Outcomes:    9 episodes buffered
============================================================

============================================================
ALICE UPDATE 95
============================================================
  Rewards:     mean=5.4444 | min=0.0000 | max=0.0000
  Losses:      value=0.0369 | surrogate=0.4634
  Outcomes:    9 episodes buffered
============================================================

============================================================
ALICE UPDATE 96
============================================================
  Rewards:     mean=4.8889 | min=0.0000 | max=0.0000
  Losses:      value=0.1841 | surrogate=0.8022
  Outcomes:    9 episodes buffered
============================================================

============================================================
ALICE UPDATE 97
============================================================
  Rewards:     mean=6.0000 | min=0.0000 | max=0.0000
  Losses:      value=0.0372 | surrogate=0.3950
  Outcomes:    9 episodes buffered
============================================================

============================================================
BOB UPDATE 14
============================================================
  Success Rate: 0.2166 (882 eps)
  Rewards:      mean=0.0019
  Losses:       value=0.0727 | surrogate=-0.0093 | ABC=2.2017
  Errors:       pos=0.1402 | rot=0.2600
============================================================

============================================================
ALICE UPDATE 98
============================================================
  Rewards:     mean=5.4444 | min=0.0000 | max=0.0000
  Losses:      value=0.0477 | surrogate=0.4780
  Outcomes:    9 episodes buffered
============================================================

============================================================
ALICE UPDATE 99
============================================================
  Rewards:     mean=5.4444 | min=0.0000 | max=0.0000
  Losses:      value=0.0919 | surrogate=0.6814
  Outcomes:    9 episodes buffered
============================================================

============================================================
ALICE UPDATE 100
============================================================
  Rewards:     mean=6.0000 | min=0.0000 | max=0.0000
  Losses:      value=0.0200 | surrogate=0.3558
  Outcomes:    9 episodes buffered
============================================================

============================================================
ALICE UPDATE 101
============================================================
  Rewards:     mean=4.8889 | min=0.0000 | max=0.0000
  Losses:      value=0.1602 | surrogate=0.8300
  Outcomes:    9 episodes buffered
============================================================

============================================================
ALICE UPDATE 102
============================================================
  Rewards:     mean=5.4444 | min=0.0000 | max=0.0000
  Losses:      value=0.0939 | surrogate=0.7626
  Outcomes:    9 episodes buffered
============================================================

============================================================
ALICE UPDATE 103
============================================================
  Rewards:     mean=5.4444 | min=0.0000 | max=0.0000
  Losses:      value=0.1230 | surrogate=0.7217
  Outcomes:    9 episodes buffered
============================================================

============================================================
BOB UPDATE 15
============================================================
  Success Rate: 0.2102 (937 eps)
  Rewards:      mean=0.0015
  Losses:       value=0.0597 | surrogate=0.0221 | ABC=2.5703
  Errors:       pos=0.1422 | rot=0.2631
============================================================

============================================================
ALICE UPDATE 104
============================================================
  Rewards:     mean=4.8889 | min=0.0000 | max=0.0000
  Losses:      value=0.1505 | surrogate=0.8669
  Outcomes:    9 episodes buffered
============================================================

============================================================
ALICE UPDATE 105
============================================================
  Rewards:     mean=6.0000 | min=0.0000 | max=0.0000
  Losses:      value=0.0290 | surrogate=0.3989
  Outcomes:    9 episodes buffered
============================================================

============================================================
ALICE UPDATE 106
============================================================
  Rewards:     mean=6.0000 | min=0.0000 | max=0.0000
  Losses:      value=0.0211 | surrogate=0.4522
  Outcomes:    9 episodes buffered
============================================================

============================================================
ALICE UPDATE 107
============================================================
  Rewards:     mean=5.4444 | min=0.0000 | max=0.0000
  Losses:      value=0.1073 | surrogate=0.5966
  Outcomes:    9 episodes buffered
============================================================

============================================================
ALICE UPDATE 108
============================================================
  Rewards:     mean=5.4444 | min=0.0000 | max=0.0000
  Losses:      value=0.1073 | surrogate=0.6939
  Outcomes:    9 episodes buffered
============================================================

============================================================
BOB UPDATE 16
============================================================
  Success Rate: 0.2042 (989 eps)
  Rewards:      mean=0.0015
  Losses:       value=0.0671 | surrogate=0.0047 | ABC=2.9649
  Errors:       pos=0.1421 | rot=0.2583
============================================================

============================================================
ALICE UPDATE 109
============================================================
  Rewards:     mean=5.4444 | min=0.0000 | max=0.0000
  Losses:      value=0.0952 | surrogate=0.6734
  Outcomes:    9 episodes buffered
============================================================

============================================================
ALICE UPDATE 110
============================================================
  Rewards:     mean=5.4444 | min=0.0000 | max=0.0000
  Losses:      value=0.1059 | surrogate=0.6436
  Outcomes:    9 episodes buffered
============================================================

============================================================
ALICE UPDATE 111
============================================================
  Rewards:     mean=6.0000 | min=0.0000 | max=0.0000
  Losses:      value=0.0139 | surrogate=0.5300
  Outcomes:    9 episodes buffered
============================================================

============================================================
ALICE UPDATE 112
============================================================
  Rewards:     mean=6.0000 | min=0.0000 | max=0.0000
  Losses:      value=0.0060 | surrogate=0.5485
  Outcomes:    9 episodes buffered
============================================================

============================================================
ALICE UPDATE 113
============================================================
  Rewards:     mean=5.4444 | min=0.0000 | max=0.0000
  Losses:      value=0.0390 | surrogate=0.4972
  Outcomes:    9 episodes buffered
============================================================

============================================================
ALICE UPDATE 114
============================================================
  Rewards:     mean=5.4444 | min=0.0000 | max=0.0000
  Losses:      value=0.1009 | surrogate=0.6887
  Outcomes:    9 episodes buffered
============================================================

============================================================
BOB UPDATE 17
============================================================
  Success Rate: 0.1969 (1041 eps)
  Rewards:      mean=0.0011
  Losses:       value=0.0264 | surrogate=0.0434 | ABC=3.4390
  Errors:       pos=0.1437 | rot=0.2573
============================================================

============================================================
ALICE UPDATE 115
============================================================
  Rewards:     mean=6.0000 | min=0.0000 | max=0.0000
  Losses:      value=0.0158 | surrogate=0.5198
  Outcomes:    9 episodes buffered
============================================================

============================================================
ALICE UPDATE 116
============================================================
  Rewards:     mean=5.4444 | min=0.0000 | max=0.0000
  Losses:      value=0.1054 | surrogate=0.6676
  Outcomes:    9 episodes buffered
============================================================

============================================================
ALICE UPDATE 117
============================================================
  Rewards:     mean=5.4444 | min=0.0000 | max=0.0000
  Losses:      value=0.0866 | surrogate=0.7561
  Outcomes:    9 episodes buffered
============================================================

============================================================
ALICE UPDATE 118
============================================================
  Rewards:     mean=4.3333 | min=0.0000 | max=0.0000
  Losses:      value=0.1921 | surrogate=0.8011
  Outcomes:    9 episodes buffered
============================================================

============================================================
ALICE UPDATE 119
============================================================
  Rewards:     mean=5.4444 | min=0.0000 | max=0.0000
  Losses:      value=0.0506 | surrogate=0.6388
  Outcomes:    9 episodes buffered
============================================================

============================================================
ALICE UPDATE 120
============================================================
  Rewards:     mean=4.8889 | min=0.0000 | max=0.0000
  Losses:      value=0.1198 | surrogate=0.8020
  Outcomes:    9 episodes buffered
============================================================

============================================================
ALICE UPDATE 121
============================================================
  Rewards:     mean=5.4444 | min=0.0000 | max=0.0000
  Losses:      value=0.0947 | surrogate=0.7403
  Outcomes:    9 episodes buffered
============================================================

============================================================
BOB UPDATE 18
============================================================
  Success Rate: 0.1947 (1099 eps)
  Rewards:      mean=0.0019
  Losses:       value=0.0801 | surrogate=-0.0137 | ABC=4.0011
  Errors:       pos=0.1429 | rot=0.2516
============================================================

============================================================
ALICE UPDATE 122
============================================================
  Rewards:     mean=6.0000 | min=0.0000 | max=0.0000
  Losses:      value=0.0218 | surrogate=0.5248
  Outcomes:    9 episodes buffered
============================================================

============================================================
ALICE UPDATE 123
============================================================
  Rewards:     mean=4.8889 | min=0.0000 | max=0.0000
  Losses:      value=0.1087 | surrogate=0.6306
  Outcomes:    9 episodes buffered
============================================================

============================================================
ALICE UPDATE 124
============================================================
  Rewards:     mean=4.8889 | min=0.0000 | max=0.0000
  Losses:      value=0.1471 | surrogate=0.6293
  Outcomes:    9 episodes buffered
============================================================

============================================================
ALICE UPDATE 125
============================================================
  Rewards:     mean=6.0000 | min=0.0000 | max=0.0000
  Losses:      value=0.0169 | surrogate=0.5699
  Outcomes:    9 episodes buffered
============================================================

============================================================
ALICE UPDATE 126
============================================================
  Rewards:     mean=6.0000 | min=0.0000 | max=0.0000
  Losses:      value=0.0189 | surrogate=0.5114
  Outcomes:    9 episodes buffered
============================================================

============================================================
ALICE UPDATE 127
============================================================
  Rewards:     mean=5.4444 | min=0.0000 | max=0.0000
  Losses:      value=0.0966 | surrogate=0.6771
  Outcomes:    9 episodes buffered
============================================================

============================================================
BOB UPDATE 19
============================================================
  Success Rate: 0.1893 (1157 eps)
  Rewards:      mean=0.0020
  Losses:       value=0.0297 | surrogate=0.0151 | ABC=4.6960
  Errors:       pos=0.1426 | rot=0.2488
============================================================

============================================================
ALICE UPDATE 128
============================================================
  Rewards:     mean=5.4444 | min=0.0000 | max=0.0000
  Losses:      value=0.0448 | surrogate=0.4808
  Outcomes:    9 episodes buffered
============================================================

============================================================
ALICE UPDATE 129
============================================================
  Rewards:     mean=5.4444 | min=0.0000 | max=0.0000
  Losses:      value=0.0445 | surrogate=0.4134
  Outcomes:    9 episodes buffered
============================================================

============================================================
ALICE UPDATE 130
============================================================
  Rewards:     mean=6.0000 | min=0.0000 | max=0.0000
  Losses:      value=0.0112 | surrogate=0.6343
  Outcomes:    9 episodes buffered
============================================================

============================================================
ALICE UPDATE 131
============================================================
  Rewards:     mean=5.4444 | min=0.0000 | max=0.0000
  Losses:      value=0.0450 | surrogate=0.5971
  Outcomes:    9 episodes buffered
============================================================

============================================================
ALICE UPDATE 132
============================================================
  Rewards:     mean=6.0000 | min=0.0000 | max=0.0000
  Losses:      value=0.0109 | surrogate=0.7624
  Outcomes:    9 episodes buffered
============================================================

============================================================
ALICE UPDATE 133
============================================================
  Rewards:     mean=6.0000 | min=0.0000 | max=0.0000
  Losses:      value=0.0104 | surrogate=0.9558
  Outcomes:    9 episodes buffered
============================================================

============================================================
BOB UPDATE 20
============================================================
  Success Rate: 0.1841 (1211 eps)
  Rewards:      mean=0.0012
  Losses:       value=0.0498 | surrogate=-0.0025 | ABC=5.4856
  Errors:       pos=0.1416 | rot=0.2448
============================================================

============================================================
ALICE UPDATE 134
============================================================
  Rewards:     mean=4.3333 | min=0.0000 | max=0.0000
  Losses:      value=0.1953 | surrogate=0.8860
  Outcomes:    9 episodes buffered
============================================================

============================================================
ALICE UPDATE 135
============================================================
  Rewards:     mean=5.4444 | min=0.0000 | max=0.0000
  Losses:      value=0.0998 | surrogate=0.9995
  Outcomes:    9 episodes buffered
============================================================

============================================================
ALICE UPDATE 136
============================================================
  Rewards:     mean=5.4444 | min=0.0000 | max=0.0000
  Losses:      value=0.0869 | surrogate=0.8515
  Outcomes:    9 episodes buffered
============================================================

============================================================
ALICE UPDATE 137
============================================================
  Rewards:     mean=4.8889 | min=0.0000 | max=0.0000
  Losses:      value=0.0960 | surrogate=0.7350
  Outcomes:    9 episodes buffered
============================================================

============================================================
ALICE UPDATE 138
============================================================
  Rewards:     mean=5.4444 | min=0.0000 | max=0.0000
  Losses:      value=0.0404 | surrogate=0.4650
  Outcomes:    9 episodes buffered
============================================================

============================================================
ALICE UPDATE 139
============================================================
  Rewards:     mean=4.8889 | min=0.0000 | max=0.0000
  Losses:      value=0.1174 | surrogate=0.6844
  Outcomes:    9 episodes buffered
============================================================

============================================================
BOB UPDATE 21
============================================================
  Success Rate: 0.1834 (1265 eps)
  Rewards:      mean=0.0018
  Losses:       value=0.0720 | surrogate=-0.0086 | ABC=6.3014
  Errors:       pos=0.1410 | rot=0.2399
============================================================

============================================================
ALICE UPDATE 140
============================================================
  Rewards:     mean=6.0000 | min=0.0000 | max=0.0000
  Losses:      value=0.0138 | surrogate=0.5833
  Outcomes:    9 episodes buffered
============================================================

============================================================
ALICE UPDATE 141
============================================================
  Rewards:     mean=5.4444 | min=0.0000 | max=0.0000
  Losses:      value=0.0395 | surrogate=0.5051
  Outcomes:    9 episodes buffered
============================================================

============================================================
ALICE UPDATE 142
============================================================
  Rewards:     mean=6.0000 | min=0.0000 | max=0.0000
  Losses:      value=0.0151 | surrogate=0.5011
  Outcomes:    9 episodes buffered
============================================================

============================================================
ALICE UPDATE 143
============================================================
  Rewards:     mean=6.0000 | min=0.0000 | max=0.0000
  Losses:      value=0.0136 | surrogate=0.6873
  Outcomes:    9 episodes buffered
============================================================

============================================================
ALICE UPDATE 144
============================================================
  Rewards:     mean=4.8889 | min=0.0000 | max=0.0000
  Losses:      value=0.1566 | surrogate=0.8170
  Outcomes:    9 episodes buffered
============================================================

============================================================
ALICE UPDATE 145
============================================================
  Rewards:     mean=5.4444 | min=0.0000 | max=0.0000
  Losses:      value=0.1007 | surrogate=0.7131
  Outcomes:    9 episodes buffered
============================================================

============================================================
BOB UPDATE 22
============================================================
  Success Rate: 0.1792 (1317 eps)
  Rewards:      mean=0.0016
  Losses:       value=0.0352 | surrogate=0.0255 | ABC=7.3372
  Errors:       pos=0.1406 | rot=0.2369
============================================================

============================================================
ALICE UPDATE 146
============================================================
  Rewards:     mean=6.0000 | min=0.0000 | max=0.0000
  Losses:      value=0.0105 | surrogate=0.6006
  Outcomes:    9 episodes buffered
============================================================

============================================================
ALICE UPDATE 147
============================================================
  Rewards:     mean=5.4444 | min=0.0000 | max=0.0000
  Losses:      value=0.0382 | surrogate=0.3864
  Outcomes:    9 episodes buffered
============================================================

============================================================
ALICE UPDATE 148
============================================================
  Rewards:     mean=5.4444 | min=0.0000 | max=0.0000
  Losses:      value=0.0898 | surrogate=0.7755
  Outcomes:    9 episodes buffered
============================================================

============================================================
ALICE UPDATE 149
============================================================
  Rewards:     mean=3.2222 | min=0.0000 | max=0.0000
  Losses:      value=0.3342 | surrogate=1.0454
  Outcomes:    9 episodes buffered
============================================================

============================================================
ALICE UPDATE 150
============================================================
  Rewards:     mean=4.8889 | min=0.0000 | max=0.0000
  Losses:      value=0.0886 | surrogate=0.7926
  Outcomes:    9 episodes buffered
============================================================

============================================================
ALICE UPDATE 151
============================================================
  Rewards:     mean=5.4444 | min=0.0000 | max=0.0000
  Losses:      value=0.1046 | surrogate=0.8784
  Outcomes:    9 episodes buffered
============================================================

============================================================
BOB UPDATE 23
============================================================
  Success Rate: 0.1790 (1374 eps)
  Rewards:      mean=0.0021
  Losses:       value=0.1242 | surrogate=-0.0417 | ABC=8.5190
  Errors:       pos=0.1400 | rot=0.2318
============================================================

============================================================
ALICE UPDATE 152
============================================================
  Rewards:     mean=6.0000 | min=0.0000 | max=0.0000
  Losses:      value=0.0289 | surrogate=0.5841
  Outcomes:    9 episodes buffered
============================================================

============================================================
ALICE UPDATE 153
============================================================
  Rewards:     mean=4.8889 | min=0.0000 | max=0.0000
  Losses:      value=0.1150 | surrogate=0.6213
  Outcomes:    9 episodes buffered
============================================================

============================================================
ALICE UPDATE 154
============================================================
  Rewards:     mean=4.3333 | min=0.0000 | max=0.0000
  Losses:      value=0.1819 | surrogate=0.8573
  Outcomes:    9 episodes buffered
============================================================

============================================================
ALICE UPDATE 155
============================================================
  Rewards:     mean=5.4444 | min=0.0000 | max=0.0000
  Losses:      value=0.0990 | surrogate=0.8741
  Outcomes:    9 episodes buffered
============================================================

============================================================
ALICE UPDATE 156
============================================================
  Rewards:     mean=6.0000 | min=0.0000 | max=0.0000
  Losses:      value=0.0296 | surrogate=0.5634
  Outcomes:    9 episodes buffered
============================================================

============================================================
BOB UPDATE 24
============================================================
  Success Rate: 0.1785 (1417 eps)
  Rewards:      mean=0.0027
  Losses:       value=0.0510 | surrogate=-0.0037 | ABC=9.5076
  Errors:       pos=0.1396 | rot=0.2290
============================================================

============================================================
ALICE UPDATE 157
============================================================
  Rewards:     mean=4.3333 | min=0.0000 | max=0.0000
  Losses:      value=0.1893 | surrogate=0.8118
  Outcomes:    9 episodes buffered
============================================================

============================================================
ALICE UPDATE 158
============================================================
  Rewards:     mean=6.0000 | min=0.0000 | max=0.0000
  Losses:      value=0.0329 | surrogate=0.6143
  Outcomes:    9 episodes buffered
============================================================

============================================================
ALICE UPDATE 159
============================================================
  Rewards:     mean=5.4444 | min=0.0000 | max=0.0000
  Losses:      value=0.0882 | surrogate=0.6669
  Outcomes:    9 episodes buffered
============================================================

============================================================
ALICE UPDATE 160
============================================================
  Rewards:     mean=4.3333 | min=0.0000 | max=0.0000
  Losses:      value=0.1828 | surrogate=0.7639
  Outcomes:    9 episodes buffered
============================================================

============================================================
ALICE UPDATE 161
============================================================
  Rewards:     mean=4.3333 | min=0.0000 | max=0.0000
  Losses:      value=0.2135 | surrogate=1.0042
  Outcomes:    9 episodes buffered
============================================================

============================================================
BOB UPDATE 25
============================================================
  Success Rate: 0.1798 (1463 eps)
  Rewards:      mean=0.0027
  Losses:       value=0.0879 | surrogate=-0.0051 | ABC=10.6931
  Errors:       pos=0.1387 | rot=0.2243
============================================================

============================================================
ALICE UPDATE 162
============================================================
  Rewards:     mean=4.8889 | min=0.0000 | max=0.0000
  Losses:      value=0.1212 | surrogate=0.6977
  Outcomes:    9 episodes buffered
============================================================

============================================================
ALICE UPDATE 163
============================================================
  Rewards:     mean=6.0000 | min=0.0000 | max=0.0000
  Losses:      value=0.0292 | surrogate=0.4918
  Outcomes:    9 episodes buffered
============================================================

============================================================
ALICE UPDATE 164
============================================================
  Rewards:     mean=6.0000 | min=0.0000 | max=0.0000
  Losses:      value=0.0290 | surrogate=0.4448
  Outcomes:    9 episodes buffered
============================================================

============================================================
ALICE UPDATE 165
============================================================
  Rewards:     mean=6.0000 | min=0.0000 | max=0.0000
  Losses:      value=0.0145 | surrogate=0.3736
  Outcomes:    9 episodes buffered
============================================================

============================================================
ALICE UPDATE 166
============================================================
  Rewards:     mean=6.0000 | min=0.0000 | max=0.0000
  Losses:      value=0.0123 | surrogate=0.5573
  Outcomes:    9 episodes buffered
============================================================

============================================================
BOB UPDATE 26
============================================================
  Success Rate: 0.1756 (1509 eps)
  Rewards:      mean=0.0022
  Losses:       value=0.0251 | surrogate=0.0261 | ABC=12.2318
  Errors:       pos=0.1387 | rot=0.2191
============================================================

============================================================
ALICE UPDATE 167
============================================================
  Rewards:     mean=5.4444 | min=0.0000 | max=0.0000
  Losses:      value=0.1179 | surrogate=0.6575
  Outcomes:    9 episodes buffered
============================================================

============================================================
ALICE UPDATE 168
============================================================
  Rewards:     mean=5.4444 | min=0.0000 | max=0.0000
  Losses:      value=0.0330 | surrogate=0.3003
  Outcomes:    9 episodes buffered
============================================================

============================================================
ALICE UPDATE 169
============================================================
  Rewards:     mean=4.3333 | min=0.0000 | max=0.0000
  Losses:      value=0.1431 | surrogate=0.6348
  Outcomes:    9 episodes buffered
============================================================

============================================================
ALICE UPDATE 170
============================================================
  Rewards:     mean=6.0000 | min=0.0000 | max=0.0000
  Losses:      value=0.0159 | surrogate=0.6536
  Outcomes:    9 episodes buffered
============================================================

============================================================
BOB UPDATE 27
============================================================
  Success Rate: 0.1755 (1544 eps)
  Rewards:      mean=0.0021
  Losses:       value=0.0965 | surrogate=-0.0702 | ABC=13.3921
  Errors:       pos=0.1380 | rot=0.2164
============================================================

============================================================
ALICE UPDATE 171
============================================================
  Rewards:     mean=4.8889 | min=0.0000 | max=0.0000
  Losses:      value=0.1783 | surrogate=0.8672
  Outcomes:    9 episodes buffered
============================================================

============================================================
ALICE UPDATE 172
============================================================
  Rewards:     mean=5.4444 | min=0.0000 | max=0.0000
  Losses:      value=0.0428 | surrogate=0.7681
  Outcomes:    9 episodes buffered
============================================================

============================================================
ALICE UPDATE 173
============================================================
  Rewards:     mean=6.0000 | min=0.0000 | max=0.0000
  Losses:      value=0.0297 | surrogate=0.7748
  Outcomes:    9 episodes buffered
============================================================

============================================================
ALICE UPDATE 174
============================================================
  Rewards:     mean=6.0000 | min=0.0000 | max=0.0000
  Losses:      value=0.0196 | surrogate=0.6545
  Outcomes:    9 episodes buffered
============================================================

============================================================
ALICE UPDATE 175
============================================================
  Rewards:     mean=5.4444 | min=0.0000 | max=0.0000
  Losses:      value=0.1134 | surrogate=0.7012
  Outcomes:    9 episodes buffered
============================================================

============================================================
BOB UPDATE 28
============================================================
  Success Rate: 0.1730 (1590 eps)
  Rewards:      mean=0.0018
  Losses:       value=0.0756 | surrogate=-0.1038 | ABC=15.2261
  Errors:       pos=0.1376 | rot=0.2128
============================================================

============================================================
ALICE UPDATE 176
============================================================
  Rewards:     mean=3.7778 | min=0.0000 | max=0.0000
  Losses:      value=0.2289 | surrogate=0.7930
  Outcomes:    9 episodes buffered
============================================================

============================================================
ALICE UPDATE 177
============================================================
  Rewards:     mean=5.4444 | min=0.0000 | max=0.0000
  Losses:      value=0.0953 | surrogate=0.8757
  Outcomes:    9 episodes buffered
============================================================

============================================================
ALICE UPDATE 178
============================================================
  Rewards:     mean=6.0000 | min=0.0000 | max=0.0000
  Losses:      value=0.0314 | surrogate=0.5362
  Outcomes:    9 episodes buffered
============================================================

============================================================
ALICE UPDATE 179
============================================================
  Rewards:     mean=4.8889 | min=0.0000 | max=0.0000
  Losses:      value=0.1684 | surrogate=0.8340
  Outcomes:    9 episodes buffered
============================================================

============================================================
ALICE UPDATE 180
============================================================
  Rewards:     mean=6.0000 | min=0.0000 | max=0.0000
  Losses:      value=0.0167 | surrogate=0.6054
  Outcomes:    9 episodes buffered
============================================================

============================================================
BOB UPDATE 29
============================================================
  Success Rate: 0.1719 (1629 eps)
  Rewards:      mean=0.0019
  Losses:       value=0.0569 | surrogate=-0.0346 | ABC=16.9403
  Errors:       pos=0.1369 | rot=0.2105
============================================================

============================================================
ALICE UPDATE 181
============================================================
  Rewards:     mean=4.8889 | min=0.0000 | max=0.0000
  Losses:      value=0.1193 | surrogate=0.7882
  Outcomes:    9 episodes buffered
============================================================

============================================================
ALICE UPDATE 182
============================================================
  Rewards:     mean=6.0000 | min=0.0000 | max=0.0000
  Losses:      value=0.0246 | surrogate=0.5587
  Outcomes:    9 episodes buffered
============================================================

============================================================
ALICE UPDATE 183
============================================================
  Rewards:     mean=5.4444 | min=0.0000 | max=0.0000
  Losses:      value=0.0495 | surrogate=0.4890
  Outcomes:    9 episodes buffered
============================================================

============================================================
ALICE UPDATE 184
============================================================
  Rewards:     mean=6.0000 | min=0.0000 | max=0.0000
  Losses:      value=0.0209 | surrogate=0.6016
  Outcomes:    9 episodes buffered
============================================================

============================================================
BOB UPDATE 30
============================================================
  Success Rate: 0.1699 (1666 eps)
  Rewards:      mean=0.0021
  Losses:       value=0.0495 | surrogate=-0.0406 | ABC=18.7905
  Errors:       pos=0.1361 | rot=0.2068
============================================================

============================================================
ALICE UPDATE 185
============================================================
  Rewards:     mean=4.3333 | min=0.0000 | max=0.0000
  Losses:      value=0.1532 | surrogate=0.6748
  Outcomes:    9 episodes buffered
============================================================

============================================================
ALICE UPDATE 186
============================================================
  Rewards:     mean=4.3333 | min=0.0000 | max=0.0000
  Losses:      value=0.1389 | surrogate=0.6099
  Outcomes:    9 episodes buffered
============================================================

============================================================
ALICE UPDATE 187
============================================================
  Rewards:     mean=5.4444 | min=0.0000 | max=0.0000
  Losses:      value=0.0963 | surrogate=0.8537
  Outcomes:    9 episodes buffered
============================================================

============================================================
BOB UPDATE 31
============================================================
  Success Rate: 0.1708 (1698 eps)
  Rewards:      mean=0.0022
  Losses:       value=0.0788 | surrogate=-0.1043 | ABC=20.3121
  Errors:       pos=0.1355 | rot=0.2030
============================================================

============================================================
ALICE UPDATE 188
============================================================
  Rewards:     mean=6.0000 | min=0.0000 | max=0.0000
  Losses:      value=0.0146 | surrogate=0.5689
  Outcomes:    9 episodes buffered
============================================================

============================================================
ALICE UPDATE 189
============================================================
  Rewards:     mean=5.4444 | min=0.0000 | max=0.0000
  Losses:      value=0.1098 | surrogate=0.7194
  Outcomes:    9 episodes buffered
============================================================

============================================================
ALICE UPDATE 190
============================================================
  Rewards:     mean=6.0000 | min=0.0000 | max=0.0000
  Losses:      value=0.0104 | surrogate=0.4720
  Outcomes:    9 episodes buffered
============================================================

============================================================
ALICE UPDATE 191
============================================================
  Rewards:     mean=6.0000 | min=0.0000 | max=0.0000
  Losses:      value=0.0091 | surrogate=0.4903
  Outcomes:    9 episodes buffered
============================================================

============================================================
BOB UPDATE 32
============================================================
  Success Rate: 0.1682 (1730 eps)
  Rewards:      mean=0.0019
  Losses:       value=0.0084 | surrogate=0.0060 | ABC=22.2846
  Errors:       pos=0.1348 | rot=0.1999
============================================================

============================================================
ALICE UPDATE 192
============================================================
  Rewards:     mean=6.0000 | min=0.0000 | max=0.0000
  Losses:      value=0.0062 | surrogate=0.7108
  Outcomes:    9 episodes buffered
============================================================

============================================================
ALICE UPDATE 193
============================================================
  Rewards:     mean=5.4444 | min=0.0000 | max=0.0000
  Losses:      value=0.0913 | surrogate=0.7153
  Outcomes:    9 episodes buffered
============================================================

============================================================
ALICE UPDATE 194
============================================================
  Rewards:     mean=6.0000 | min=0.0000 | max=0.0000
  Losses:      value=0.0045 | surrogate=0.8552
  Outcomes:    9 episodes buffered
============================================================

============================================================
BOB UPDATE 33
============================================================
  Success Rate: 0.1657 (1762 eps)
  Rewards:      mean=0.0018
  Losses:       value=0.0147 | surrogate=0.0383 | ABC=24.5183
  Errors:       pos=0.1347 | rot=0.1984
============================================================

============================================================
ALICE UPDATE 195
============================================================
  Rewards:     mean=6.0000 | min=0.0000 | max=0.0000
  Losses:      value=0.0074 | surrogate=0.6112
  Outcomes:    9 episodes buffered
============================================================

============================================================
ALICE UPDATE 196
============================================================
  Rewards:     mean=5.4444 | min=0.0000 | max=0.0000
  Losses:      value=0.1090 | surrogate=0.7345
  Outcomes:    9 episodes buffered
============================================================

============================================================
ALICE UPDATE 197
============================================================
  Rewards:     mean=5.4444 | min=0.0000 | max=0.0000
  Losses:      value=0.0991 | surrogate=0.6860
  Outcomes:    9 episodes buffered
============================================================

============================================================
BOB UPDATE 34
============================================================
  Success Rate: 0.1643 (1789 eps)
  Rewards:      mean=0.0012
  Losses:       value=0.0134 | surrogate=-0.0072 | ABC=26.5180
  Errors:       pos=0.1345 | rot=0.1975
============================================================

============================================================
ALICE UPDATE 198
============================================================
  Rewards:     mean=6.0000 | min=0.0000 | max=0.0000
  Losses:      value=0.0068 | surrogate=0.8379
  Outcomes:    9 episodes buffered
============================================================

============================================================
ALICE UPDATE 199
============================================================
  Rewards:     mean=5.4444 | min=0.0000 | max=0.0000
  Losses:      value=0.0475 | surrogate=0.5806
  Outcomes:    9 episodes buffered
============================================================

============================================================
ALICE UPDATE 200
============================================================
  Rewards:     mean=5.4444 | min=0.0000 | max=0.0000
  Losses:      value=0.0356 | surrogate=0.3371
  Outcomes:    9 episodes buffered
============================================================

============================================================
ALICE UPDATE 201
============================================================
  Rewards:     mean=5.4444 | min=0.0000 | max=0.0000
  Losses:      value=0.1059 | surrogate=0.6864
  Outcomes:    9 episodes buffered
============================================================

============================================================
BOB UPDATE 35
============================================================
  Success Rate: 0.1634 (1818 eps)
  Rewards:      mean=0.0015
  Losses:       value=0.0208 | surrogate=-0.0627 | ABC=28.6170
  Errors:       pos=0.1337 | rot=0.1958
============================================================

============================================================
ALICE UPDATE 202
============================================================
  Rewards:     mean=4.8889 | min=0.0000 | max=0.0000
  Losses:      value=0.1805 | surrogate=0.8659
  Outcomes:    9 episodes buffered
============================================================

============================================================
ALICE UPDATE 203
============================================================
  Rewards:     mean=6.0000 | min=0.0000 | max=0.0000
  Losses:      value=0.0085 | surrogate=0.8284
  Outcomes:    9 episodes buffered
============================================================

============================================================
ALICE UPDATE 204
============================================================
  Rewards:     mean=6.0000 | min=0.0000 | max=0.0000
  Losses:      value=0.0043 | surrogate=0.6373
  Outcomes:    9 episodes buffered
============================================================

============================================================
BOB UPDATE 36
============================================================
  Success Rate: 0.1619 (1847 eps)
  Rewards:      mean=0.0015
  Losses:       value=0.0225 | surrogate=-0.0116 | ABC=31.0806
  Errors:       pos=0.1333 | rot=0.1932
============================================================

============================================================
ALICE UPDATE 205
============================================================
  Rewards:     mean=6.0000 | min=0.0000 | max=0.0000
  Losses:      value=0.0069 | surrogate=0.8324
  Outcomes:    9 episodes buffered
============================================================

============================================================
ALICE UPDATE 206
============================================================
  Rewards:     mean=6.0000 | min=0.0000 | max=0.0000
  Losses:      value=0.0069 | surrogate=0.8567
  Outcomes:    9 episodes buffered
============================================================

============================================================
ALICE UPDATE 207
============================================================
  Rewards:     mean=5.4444 | min=0.0000 | max=0.0000
  Losses:      value=0.0973 | surrogate=0.7374
  Outcomes:    9 episodes buffered
============================================================

============================================================
BOB UPDATE 37
============================================================
  Success Rate: 0.1603 (1872 eps)
  Rewards:      mean=0.0015
  Losses:       value=0.0192 | surrogate=-0.0851 | ABC=33.3935
  Errors:       pos=0.1329 | rot=0.1908
============================================================

============================================================
ALICE UPDATE 208
============================================================
  Rewards:     mean=5.4444 | min=0.0000 | max=0.0000
  Losses:      value=0.0972 | surrogate=0.7253
  Outcomes:    9 episodes buffered
============================================================

============================================================
ALICE UPDATE 209
============================================================
  Rewards:     mean=6.0000 | min=0.0000 | max=0.0000
  Losses:      value=0.0047 | surrogate=0.7736
  Outcomes:    9 episodes buffered
============================================================

============================================================
BOB UPDATE 38
============================================================
  Success Rate: 0.1592 (1891 eps)
  Rewards:      mean=0.0015
  Losses:       value=0.0122 | surrogate=-0.0499 | ABC=35.2894
  Errors:       pos=0.1326 | rot=0.1889
============================================================

============================================================
ALICE UPDATE 210
============================================================
  Rewards:     mean=5.4444 | min=0.0000 | max=0.0000
  Losses:      value=0.0352 | surrogate=0.3801
  Outcomes:    9 episodes buffered
============================================================

============================================================
ALICE UPDATE 211
============================================================
  Rewards:     mean=6.0000 | min=0.0000 | max=0.0000
  Losses:      value=0.0047 | surrogate=0.8270
  Outcomes:    9 episodes buffered
============================================================

============================================================
ALICE UPDATE 212
============================================================
  Rewards:     mean=6.0000 | min=0.0000 | max=0.0000
  Losses:      value=0.0053 | surrogate=0.7657
  Outcomes:    9 episodes buffered
============================================================

============================================================
BOB UPDATE 39
============================================================
  Success Rate: 0.1571 (1922 eps)
  Rewards:      mean=0.0011
  Losses:       value=0.0055 | surrogate=-0.0512 | ABC=38.5906
  Errors:       pos=0.1321 | rot=0.1860
============================================================

============================================================
ALICE UPDATE 213
============================================================
  Rewards:     mean=6.0000 | min=0.0000 | max=0.0000
  Losses:      value=0.0081 | surrogate=0.7467
  Outcomes:    9 episodes buffered
============================================================

============================================================
ALICE UPDATE 214
============================================================
  Rewards:     mean=6.0000 | min=0.0000 | max=0.0000
  Losses:      value=0.0041 | surrogate=0.9479
  Outcomes:    9 episodes buffered
============================================================

============================================================
BOB UPDATE 40
============================================================
  Success Rate: 0.1559 (1943 eps)
  Rewards:      mean=0.0013
  Losses:       value=0.0161 | surrogate=-0.1189 | ABC=40.9259
  Errors:       pos=0.1317 | rot=0.1840
============================================================

============================================================
ALICE UPDATE 215
============================================================
  Rewards:     mean=5.4444 | min=0.0000 | max=0.0000
  Losses:      value=0.1021 | surrogate=0.7050
  Outcomes:    9 episodes buffered
============================================================

============================================================
ALICE UPDATE 216
============================================================
  Rewards:     mean=6.0000 | min=0.0000 | max=0.0000
  Losses:      value=0.0043 | surrogate=0.9330
  Outcomes:    9 episodes buffered
============================================================

============================================================
ALICE UPDATE 217
============================================================
  Rewards:     mean=5.4444 | min=0.0000 | max=0.0000
  Losses:      value=0.1042 | surrogate=0.7085
  Outcomes:    9 episodes buffered
============================================================

============================================================
BOB UPDATE 41
============================================================
  Success Rate: 0.1550 (1968 eps)
  Rewards:      mean=0.0013
  Losses:       value=0.0159 | surrogate=-0.0847 | ABC=43.8038
  Errors:       pos=0.1313 | rot=0.1819
============================================================

============================================================
ALICE UPDATE 218
============================================================
  Rewards:     mean=4.8889 | min=0.0000 | max=0.0000
  Losses:      value=0.1320 | surrogate=0.6107
  Outcomes:    9 episodes buffered
============================================================

============================================================
ALICE UPDATE 219
============================================================
  Rewards:     mean=6.0000 | min=0.0000 | max=0.0000
  Losses:      value=0.0115 | surrogate=0.8147
  Outcomes:    9 episodes buffered
============================================================

============================================================
BOB UPDATE 42
============================================================
  Success Rate: 0.1539 (1988 eps)
  Rewards:      mean=0.0014
  Losses:       value=0.0183 | surrogate=-0.0432 | ABC=46.3186
  Errors:       pos=0.1309 | rot=0.1804
============================================================

============================================================
ALICE UPDATE 220
============================================================
  Rewards:     mean=6.0000 | min=0.0000 | max=0.0000
  Losses:      value=0.0083 | surrogate=0.7288
  Outcomes:    9 episodes buffered
============================================================

============================================================
ALICE UPDATE 221
============================================================
  Rewards:     mean=6.0000 | min=0.0000 | max=0.0000
  Losses:      value=0.0079 | surrogate=0.7793
  Outcomes:    9 episodes buffered
============================================================

============================================================
ALICE UPDATE 222
============================================================
  Rewards:     mean=4.8889 | min=0.0000 | max=0.0000
  Losses:      value=0.1180 | surrogate=0.6153
  Outcomes:    9 episodes buffered
============================================================

============================================================
ALICE UPDATE 223
============================================================
  Rewards:     mean=4.8889 | min=0.0000 | max=0.0000
  Losses:      value=0.1253 | surrogate=0.7389
  Outcomes:    9 episodes buffered
============================================================

============================================================
BOB UPDATE 43
============================================================
  Success Rate: 0.1536 (2018 eps)
  Rewards:      mean=0.0018
  Losses:       value=0.0253 | surrogate=-0.0711 | ABC=50.0435
  Errors:       pos=0.1304 | rot=0.1779
============================================================

============================================================
ALICE UPDATE 224
============================================================
  Rewards:     mean=4.8889 | min=0.0000 | max=0.0000
  Losses:      value=0.1152 | surrogate=0.7737
  Outcomes:    9 episodes buffered
============================================================

============================================================
ALICE UPDATE 225
============================================================
  Rewards:     mean=6.0000 | min=0.0000 | max=0.0000
  Losses:      value=0.0146 | surrogate=0.6491
  Outcomes:    9 episodes buffered
============================================================

============================================================
BOB UPDATE 44
============================================================
  Success Rate: 0.1532 (2036 eps)
  Rewards:      mean=0.0019
  Losses:       value=0.0252 | surrogate=-0.0484 | ABC=52.5136
  Errors:       pos=0.1303 | rot=0.1774
============================================================

============================================================
ALICE UPDATE 226
============================================================
  Rewards:     mean=6.0000 | min=0.0000 | max=0.0000
  Losses:      value=0.0103 | surrogate=0.6539
  Outcomes:    9 episodes buffered
============================================================

============================================================
ALICE UPDATE 227
============================================================
  Rewards:     mean=6.0000 | min=0.0000 | max=0.0000
  Losses:      value=0.0142 | surrogate=0.6705
  Outcomes:    9 episodes buffered
============================================================

============================================================
ALICE UPDATE 228
============================================================
  Rewards:     mean=5.4444 | min=0.0000 | max=0.0000
  Losses:      value=0.0885 | surrogate=0.7210
  Outcomes:    9 episodes buffered
============================================================

============================================================
BOB UPDATE 45
============================================================
  Success Rate: 0.1516 (2064 eps)
  Rewards:      mean=0.0017
  Losses:       value=0.0050 | surrogate=-0.0495 | ABC=56.8079
  Errors:       pos=0.1297 | rot=0.1754
============================================================

============================================================
ALICE UPDATE 229
============================================================
  Rewards:     mean=6.0000 | min=0.0000 | max=0.0000
  Losses:      value=0.0056 | surrogate=0.7442
  Outcomes:    9 episodes buffered
============================================================

============================================================
ALICE UPDATE 230
============================================================
  Rewards:     mean=5.4444 | min=0.0000 | max=0.0000
  Losses:      value=0.1039 | surrogate=0.6872
  Outcomes:    9 episodes buffered
============================================================

============================================================
BOB UPDATE 46
============================================================
  Success Rate: 0.1521 (2084 eps)
  Rewards:      mean=0.0023
  Losses:       value=0.0312 | surrogate=-0.0589 | ABC=59.5814
  Errors:       pos=0.1292 | rot=0.1739
============================================================

============================================================
ALICE UPDATE 231
============================================================
  Rewards:     mean=4.3333 | min=0.0000 | max=0.0000
  Losses:      value=0.2261 | surrogate=0.9588
  Outcomes:    9 episodes buffered
============================================================

============================================================
ALICE UPDATE 232
============================================================
  Rewards:     mean=5.4444 | min=0.0000 | max=0.0000
  Losses:      value=0.0995 | surrogate=0.8214
  Outcomes:    9 episodes buffered
============================================================

============================================================
ALICE UPDATE 233
============================================================
  Rewards:     mean=6.0000 | min=0.0000 | max=0.0000
  Losses:      value=0.0408 | surrogate=0.6995
  Outcomes:    9 episodes buffered
============================================================

============================================================
BOB UPDATE 47
============================================================
  Success Rate: 0.1509 (2107 eps)
  Rewards:      mean=0.0019
  Losses:       value=0.0107 | surrogate=0.0125 | ABC=63.4857
  Errors:       pos=0.1291 | rot=0.1721
============================================================

============================================================
ALICE UPDATE 234
============================================================
  Rewards:     mean=6.0000 | min=0.0000 | max=0.0000
  Losses:      value=0.0147 | surrogate=0.5771
  Outcomes:    9 episodes buffered
============================================================

============================================================
ALICE UPDATE 235
============================================================
  Rewards:     mean=6.0000 | min=0.0000 | max=0.0000
  Losses:      value=0.0110 | surrogate=0.5540
  Outcomes:    9 episodes buffered
============================================================

============================================================
ALICE UPDATE 236
============================================================
  Rewards:     mean=5.4444 | min=0.0000 | max=0.0000
  Losses:      value=0.1056 | surrogate=0.6603
  Outcomes:    9 episodes buffered
============================================================

============================================================
BOB UPDATE 48
============================================================
  Success Rate: 0.1494 (2135 eps)
  Rewards:      mean=0.0017
  Losses:       value=0.0289 | surrogate=-0.0887 | ABC=68.6270
  Errors:       pos=0.1291 | rot=0.1706
============================================================

============================================================
ALICE UPDATE 237
============================================================
  Rewards:     mean=6.0000 | min=0.0000 | max=0.0000
  Losses:      value=0.0083 | surrogate=0.6282
  Outcomes:    9 episodes buffered
============================================================

============================================================
ALICE UPDATE 238
============================================================
  Rewards:     mean=4.3333 | min=0.0000 | max=0.0000
  Losses:      value=0.1367 | surrogate=0.6832
  Outcomes:    9 episodes buffered
============================================================

============================================================
BOB UPDATE 49
============================================================
  Success Rate: 0.1496 (2159 eps)
  Rewards:      mean=0.0020
  Losses:       value=0.0826 | surrogate=-0.1309 | ABC=72.7296
  Errors:       pos=0.1286 | rot=0.1697
============================================================

============================================================
ALICE UPDATE 239
============================================================
  Rewards:     mean=5.4444 | min=0.0000 | max=0.0000
  Losses:      value=0.0987 | surrogate=0.7079
  Outcomes:    9 episodes buffered
============================================================

============================================================
ALICE UPDATE 240
============================================================
  Rewards:     mean=5.4444 | min=0.0000 | max=0.0000
  Losses:      value=0.0398 | surrogate=0.3836
  Outcomes:    9 episodes buffered
============================================================

============================================================
ALICE UPDATE 241
============================================================
  Rewards:     mean=4.8889 | min=0.0000 | max=0.0000
  Losses:      value=0.1714 | surrogate=0.8767
  Outcomes:    9 episodes buffered
============================================================

============================================================
BOB UPDATE 50
============================================================
  Success Rate: 0.1496 (2186 eps)
  Rewards:      mean=0.0019
  Losses:       value=0.0281 | surrogate=-0.0035 | ABC=77.7899
  Errors:       pos=0.1283 | rot=0.1679
============================================================

============================================================
ALICE UPDATE 242
============================================================
  Rewards:     mean=5.4444 | min=0.0000 | max=0.0000
  Losses:      value=0.1027 | surrogate=0.9078
  Outcomes:    9 episodes buffered
============================================================

============================================================
ALICE UPDATE 243
============================================================
  Rewards:     mean=4.3333 | min=0.0000 | max=0.0000
  Losses:      value=0.1528 | surrogate=0.7253
  Outcomes:    9 episodes buffered
============================================================

============================================================
ALICE UPDATE 244
============================================================
  Rewards:     mean=5.4444 | min=0.0000 | max=0.0000
  Losses:      value=0.0993 | surrogate=0.8978
  Outcomes:    9 episodes buffered
============================================================

============================================================
BOB UPDATE 51
============================================================
  Success Rate: 0.1500 (2213 eps)
  Rewards:      mean=0.0027
  Losses:       value=0.0685 | surrogate=-0.1183 | ABC=82.8027
  Errors:       pos=0.1279 | rot=0.1661
============================================================

============================================================
ALICE UPDATE 245
============================================================
  Rewards:     mean=5.4444 | min=0.0000 | max=0.0000
  Losses:      value=0.1040 | surrogate=0.7265
  Outcomes:    9 episodes buffered
============================================================

============================================================
ALICE UPDATE 246
============================================================
  Rewards:     mean=6.0000 | min=0.0000 | max=0.0000
  Losses:      value=0.0176 | surrogate=0.3852
  Outcomes:    9 episodes buffered
============================================================

============================================================
BOB UPDATE 52
============================================================
  Success Rate: 0.1493 (2230 eps)
  Rewards:      mean=0.0026
  Losses:       value=0.0173 | surrogate=0.0056 | ABC=86.5264
  Errors:       pos=0.1275 | rot=0.1649
============================================================

============================================================
ALICE UPDATE 247
============================================================
  Rewards:     mean=5.4444 | min=0.0000 | max=0.0000
  Losses:      value=0.1149 | surrogate=0.6366
  Outcomes:    9 episodes buffered
============================================================

============================================================
ALICE UPDATE 248
============================================================
  Rewards:     mean=5.4444 | min=0.0000 | max=0.0000
  Losses:      value=0.0962 | surrogate=0.6347
  Outcomes:    9 episodes buffered
============================================================

============================================================
ALICE UPDATE 249
============================================================
  Rewards:     mean=4.8889 | min=0.0000 | max=0.0000
  Losses:      value=0.0621 | surrogate=0.3828
  Outcomes:    9 episodes buffered
============================================================

============================================================
BOB UPDATE 53
============================================================
  Success Rate: 0.1496 (2253 eps)
  Rewards:      mean=0.0027
  Losses:       value=0.0761 | surrogate=-0.1110 | ABC=91.5633
  Errors:       pos=0.1274 | rot=0.1639
============================================================

============================================================
ALICE UPDATE 250
============================================================
  Rewards:     mean=4.8889 | min=0.0000 | max=0.0000
  Losses:      value=0.1354 | surrogate=0.5377
  Outcomes:    9 episodes buffered
============================================================

============================================================
ALICE UPDATE 251
============================================================
  Rewards:     mean=5.4444 | min=0.0000 | max=0.0000
  Losses:      value=0.1082 | surrogate=0.5640
  Outcomes:    9 episodes buffered
============================================================

============================================================
BOB UPDATE 54
============================================================
  Success Rate: 0.1495 (2274 eps)
  Rewards:      mean=0.0028
  Losses:       value=0.0724 | surrogate=-0.0907 | ABC=96.4067
  Errors:       pos=0.1269 | rot=0.1627
============================================================

============================================================
ALICE UPDATE 252
============================================================
  Rewards:     mean=5.4444 | min=0.0000 | max=0.0000
  Losses:      value=0.0872 | surrogate=0.5871
  Outcomes:    9 episodes buffered
============================================================

============================================================
ALICE UPDATE 253
============================================================
  Rewards:     mean=6.0000 | min=0.0000 | max=0.0000
  Losses:      value=0.0141 | surrogate=0.3169
  Outcomes:    9 episodes buffered
============================================================

============================================================
BOB UPDATE 55
============================================================
  Success Rate: 0.1495 (2294 eps)
  Rewards:      mean=0.0026
  Losses:       value=0.0560 | surrogate=-0.0798 | ABC=100.8271
  Errors:       pos=0.1266 | rot=0.1615
============================================================

============================================================
ALICE UPDATE 254
============================================================
  Rewards:     mean=4.3333 | min=0.0000 | max=0.0000
  Losses:      value=0.1992 | surrogate=0.7116
  Outcomes:    9 episodes buffered
============================================================

============================================================
ALICE UPDATE 255
============================================================
  Rewards:     mean=6.0000 | min=0.0000 | max=0.0000
  Losses:      value=0.0183 | surrogate=0.5251
  Outcomes:    9 episodes buffered
============================================================

============================================================
ALICE UPDATE 256
============================================================
  Rewards:     mean=6.0000 | min=0.0000 | max=0.0000
  Losses:      value=0.0127 | surrogate=0.3541
  Outcomes:    9 episodes buffered
============================================================

============================================================
BOB UPDATE 56
============================================================
  Success Rate: 0.1483 (2313 eps)
  Rewards:      mean=0.0022
  Losses:       value=0.0030 | surrogate=0.1460 | ABC=106.6235
  Errors:       pos=0.1263 | rot=0.1602
============================================================

============================================================
ALICE UPDATE 257
============================================================
  Rewards:     mean=5.4444 | min=0.0000 | max=0.0000
  Losses:      value=0.0331 | surrogate=0.3093
  Outcomes:    9 episodes buffered
============================================================

============================================================
BOB UPDATE 57
============================================================
  Success Rate: 0.1485 (2324 eps)
  Rewards:      mean=0.0022
  Losses:       value=0.0916 | surrogate=-0.2024 | ABC=109.2423
  Errors:       pos=0.1262 | rot=0.1594
============================================================

============================================================
ALICE UPDATE 258
============================================================
  Rewards:     mean=5.4444 | min=0.0000 | max=0.0000
  Losses:      value=0.1102 | surrogate=0.5868
  Outcomes:    9 episodes buffered
============================================================

============================================================
BOB UPDATE 58
============================================================
  Success Rate: 0.1484 (2339 eps)
  Rewards:      mean=0.0025
  Losses:       value=0.0385 | surrogate=-0.0126 | ABC=113.2188
  Errors:       pos=0.1261 | rot=0.1590
============================================================

============================================================
ALICE UPDATE 259
============================================================
  Rewards:     mean=4.8889 | min=0.0000 | max=0.0000
  Losses:      value=0.1199 | surrogate=0.5182
  Outcomes:    9 episodes buffered
============================================================

============================================================
ALICE UPDATE 260
============================================================
  Rewards:     mean=5.4444 | min=0.0000 | max=0.0000
  Losses:      value=0.0873 | surrogate=0.6252
  Outcomes:    9 episodes buffered
============================================================

============================================================
BOB UPDATE 59
============================================================
  Success Rate: 0.1481 (2357 eps)
  Rewards:      mean=0.0021
  Losses:       value=0.0259 | surrogate=0.0722 | ABC=118.7733
  Errors:       pos=0.1259 | rot=0.1578
============================================================

============================================================
ALICE UPDATE 261
============================================================
  Rewards:     mean=4.8889 | min=0.0000 | max=0.0000
  Losses:      value=0.1071 | surrogate=0.5822
  Outcomes:    9 episodes buffered
============================================================

============================================================
ALICE UPDATE 262
============================================================
  Rewards:     mean=4.8889 | min=0.0000 | max=0.0000
  Losses:      value=0.1649 | surrogate=0.8526
  Outcomes:    9 episodes buffered
============================================================

============================================================
ALICE UPDATE 263
============================================================
  Rewards:     mean=5.4444 | min=0.0000 | max=0.0000
  Losses:      value=0.0886 | surrogate=0.7935
  Outcomes:    9 episodes buffered
============================================================

============================================================
BOB UPDATE 60
============================================================
  Success Rate: 0.1482 (2382 eps)
  Rewards:      mean=0.0024
  Losses:       value=0.0464 | surrogate=-0.0276 | ABC=126.0231
  Errors:       pos=0.1255 | rot=0.1571
============================================================

============================================================
ALICE UPDATE 264
============================================================
  Rewards:     mean=6.0000 | min=0.0000 | max=0.0000
  Losses:      value=0.0208 | surrogate=0.5744
  Outcomes:    9 episodes buffered
============================================================

============================================================
ALICE UPDATE 265
============================================================
  Rewards:     mean=5.4444 | min=0.0000 | max=0.0000
  Losses:      value=0.0981 | surrogate=0.6074
  Outcomes:    9 episodes buffered
============================================================

============================================================
BOB UPDATE 61
============================================================
  Success Rate: 0.1474 (2402 eps)
  Rewards:      mean=0.0022
  Losses:       value=0.0271 | surrogate=-0.0022 | ABC=132.8544
  Errors:       pos=0.1252 | rot=0.1562
============================================================

============================================================
ALICE UPDATE 266
============================================================
  Rewards:     mean=6.0000 | min=0.0000 | max=0.0000
  Losses:      value=0.0121 | surrogate=0.4524
  Outcomes:    9 episodes buffered
============================================================

============================================================
ALICE UPDATE 267
============================================================
  Rewards:     mean=5.4444 | min=0.0000 | max=0.0000
  Losses:      value=0.0355 | surrogate=0.2963
  Outcomes:    9 episodes buffered
============================================================

============================================================
BOB UPDATE 62
============================================================
  Success Rate: 0.1476 (2419 eps)
  Rewards:      mean=0.0024
  Losses:       value=0.0382 | surrogate=0.0226 | ABC=138.1170
  Errors:       pos=0.1251 | rot=0.1553
============================================================

============================================================
ALICE UPDATE 268
============================================================
  Rewards:     mean=4.8889 | min=0.0000 | max=0.0000
  Losses:      value=0.1412 | surrogate=0.6582
  Outcomes:    9 episodes buffered
============================================================

============================================================
ALICE UPDATE 269
============================================================
  Rewards:     mean=4.8889 | min=0.0000 | max=0.0000
  Losses:      value=0.1577 | surrogate=0.8305
  Outcomes:    9 episodes buffered
============================================================

============================================================
BOB UPDATE 63
============================================================
  Success Rate: 0.1475 (2434 eps)
  Rewards:      mean=0.0026
  Losses:       value=0.0288 | surrogate=0.0622 | ABC=143.0280
  Errors:       pos=0.1247 | rot=0.1543
============================================================

============================================================
ALICE UPDATE 270
============================================================
  Rewards:     mean=5.4444 | min=0.0000 | max=0.0000
  Losses:      value=0.0412 | surrogate=0.4155
  Outcomes:    9 episodes buffered
============================================================

============================================================
ALICE UPDATE 271
============================================================
  Rewards:     mean=3.2222 | min=0.0000 | max=0.0000
  Losses:      value=0.3377 | surrogate=0.8952
  Outcomes:    9 episodes buffered
============================================================

============================================================
BOB UPDATE 64
============================================================
  Success Rate: 0.1487 (2455 eps)
  Rewards:      mean=0.0029
  Losses:       value=0.0699 | surrogate=-0.0391 | ABC=149.5643
  Errors:       pos=0.1243 | rot=0.1531
============================================================

============================================================
ALICE UPDATE 272
============================================================
  Rewards:     mean=5.4444 | min=0.0000 | max=0.0000
  Losses:      value=0.0578 | surrogate=0.5750
  Outcomes:    9 episodes buffered
============================================================

============================================================
ALICE UPDATE 273
============================================================
  Rewards:     mean=5.4444 | min=0.0000 | max=0.0000
  Losses:      value=0.1109 | surrogate=0.7299
  Outcomes:    9 episodes buffered
============================================================

============================================================
BOB UPDATE 65
============================================================
  Success Rate: 0.1486 (2470 eps)
  Rewards:      mean=0.0029
  Losses:       value=0.0137 | surrogate=0.1148 | ABC=155.4797
  Errors:       pos=0.1240 | rot=0.1521
============================================================

============================================================
ALICE UPDATE 274
============================================================
  Rewards:     mean=5.4444 | min=0.0000 | max=0.0000
  Losses:      value=0.0422 | surrogate=0.3076
  Outcomes:    9 episodes buffered
============================================================

============================================================
ALICE UPDATE 275
============================================================
  Rewards:     mean=6.0000 | min=0.0000 | max=0.0000
  Losses:      value=0.0184 | surrogate=0.3700
  Outcomes:    9 episodes buffered
============================================================

============================================================
BOB UPDATE 66
============================================================
  Success Rate: 0.1479 (2488 eps)
  Rewards:      mean=0.0027
  Losses:       value=0.0217 | surrogate=0.0663 | ABC=162.8608
  Errors:       pos=0.1237 | rot=0.1512
============================================================

============================================================
ALICE UPDATE 276
============================================================
  Rewards:     mean=6.0000 | min=0.0000 | max=0.0000
  Losses:      value=0.0153 | surrogate=0.4566
  Outcomes:    9 episodes buffered
============================================================

============================================================
ALICE UPDATE 277
============================================================
  Rewards:     mean=4.3333 | min=0.0000 | max=0.0000
  Losses:      value=0.1930 | surrogate=0.7621
  Outcomes:    9 episodes buffered
============================================================

============================================================
BOB UPDATE 67
============================================================
  Success Rate: 0.1486 (2504 eps)
  Rewards:      mean=0.0031
  Losses:       value=0.1016 | surrogate=-0.1552 | ABC=168.8801
  Errors:       pos=0.1234 | rot=0.1503
============================================================

============================================================
ALICE UPDATE 278
============================================================
  Rewards:     mean=4.3333 | min=0.0000 | max=0.0000
  Losses:      value=0.1933 | surrogate=0.8779
  Outcomes:    9 episodes buffered
============================================================

============================================================
BOB UPDATE 68
============================================================
  Success Rate: 0.1486 (2517 eps)
  Rewards:      mean=0.0034
  Losses:       value=0.0237 | surrogate=0.1888 | ABC=174.0735
  Errors:       pos=0.1234 | rot=0.1499
============================================================

============================================================
ALICE UPDATE 279
============================================================
  Rewards:     mean=6.0000 | min=0.0000 | max=0.0000
  Losses:      value=0.0224 | surrogate=0.6036
  Outcomes:    9 episodes buffered
============================================================

============================================================
ALICE UPDATE 280
============================================================
  Rewards:     mean=5.4444 | min=0.0000 | max=0.0000
  Losses:      value=0.0365 | surrogate=0.4172
  Outcomes:    9 episodes buffered
============================================================

============================================================
BOB UPDATE 69
============================================================
  Success Rate: 0.1479 (2536 eps)
  Rewards:      mean=0.0030
  Losses:       value=0.0080 | surrogate=0.1806 | ABC=183.7064
  Errors:       pos=0.1231 | rot=0.1491
============================================================

============================================================
ALICE UPDATE 281
============================================================
  Rewards:     mean=6.0000 | min=0.0000 | max=0.0000
  Losses:      value=0.0108 | surrogate=0.5052
  Outcomes:    9 episodes buffered
============================================================

============================================================
ALICE UPDATE 282
============================================================
  Rewards:     mean=5.4444 | min=0.0000 | max=0.0000
  Losses:      value=0.1008 | surrogate=0.6544
  Outcomes:    9 episodes buffered
============================================================

============================================================
BOB UPDATE 70
============================================================
  Success Rate: 0.1476 (2548 eps)
  Rewards:      mean=0.0024
  Losses:       value=0.0170 | surrogate=0.0738 | ABC=189.7978
  Errors:       pos=0.1230 | rot=0.1486
============================================================

============================================================
ALICE UPDATE 283
============================================================
  Rewards:     mean=5.4444 | min=0.0000 | max=0.0000
  Losses:      value=0.0920 | surrogate=0.6212
  Outcomes:    9 episodes buffered
============================================================

============================================================
ALICE UPDATE 284
============================================================
  Rewards:     mean=5.4444 | min=0.0000 | max=0.0000
  Losses:      value=0.0942 | surrogate=0.6107
  Outcomes:    9 episodes buffered
============================================================

============================================================
BOB UPDATE 71
============================================================
  Success Rate: 0.1472 (2568 eps)
  Rewards:      mean=0.0022
  Losses:       value=0.0275 | surrogate=0.0250 | ABC=200.0245
  Errors:       pos=0.1229 | rot=0.1478
============================================================

============================================================
ALICE UPDATE 285
============================================================
  Rewards:     mean=6.0000 | min=0.0000 | max=0.0000
  Losses:      value=0.0055 | surrogate=0.3740
  Outcomes:    9 episodes buffered
============================================================

============================================================
ALICE UPDATE 286
============================================================
  Rewards:     mean=6.0000 | min=0.0000 | max=0.0000
  Losses:      value=0.0101 | surrogate=0.4861
  Outcomes:    9 episodes buffered
============================================================

============================================================
BOB UPDATE 72
============================================================
  Success Rate: 0.1463 (2584 eps)
  Rewards:      mean=0.0022
  Losses:       value=0.0060 | surrogate=0.1998 | ABC=209.2593
  Errors:       pos=0.1229 | rot=0.1474
============================================================

============================================================
ALICE UPDATE 287
============================================================
  Rewards:     mean=4.8889 | min=0.0000 | max=0.0000
  Losses:      value=0.1944 | surrogate=0.7580
  Outcomes:    9 episodes buffered
============================================================

============================================================
ALICE UPDATE 288
============================================================
  Rewards:     mean=5.4444 | min=0.0000 | max=0.0000
  Losses:      value=0.0914 | surrogate=0.6589
  Outcomes:    9 episodes buffered
============================================================

============================================================
BOB UPDATE 73
============================================================
  Success Rate: 0.1465 (2601 eps)
  Rewards:      mean=0.0017
  Losses:       value=0.0220 | surrogate=0.0088 | ABC=217.5211
  Errors:       pos=0.1227 | rot=0.1471
============================================================

============================================================
ALICE UPDATE 289
============================================================
  Rewards:     mean=6.0000 | min=0.0000 | max=0.0000
  Losses:      value=0.0138 | surrogate=0.3930
  Outcomes:    9 episodes buffered
============================================================

============================================================
BOB UPDATE 74
============================================================
  Success Rate: 0.1459 (2618 eps)
  Rewards:      mean=0.0018
  Losses:       value=0.0131 | surrogate=0.0338 | ABC=227.7163
  Errors:       pos=0.1226 | rot=0.1465
============================================================

============================================================
ALICE UPDATE 290
============================================================
  Rewards:     mean=5.4444 | min=0.0000 | max=0.0000
  Losses:      value=0.0831 | surrogate=0.6486
  Outcomes:    9 episodes buffered
============================================================

============================================================
ALICE UPDATE 291
============================================================
  Rewards:     mean=4.8889 | min=0.0000 | max=0.0000
  Losses:      value=0.1250 | surrogate=0.5353
  Outcomes:    9 episodes buffered
============================================================

============================================================
BOB UPDATE 75
============================================================
  Success Rate: 0.1458 (2633 eps)
  Rewards:      mean=0.0019
  Losses:       value=0.0228 | surrogate=0.0869 | ABC=236.2101
  Errors:       pos=0.1226 | rot=0.1462
============================================================

============================================================
ALICE UPDATE 292
============================================================
  Rewards:     mean=6.0000 | min=0.0000 | max=0.0000
  Losses:      value=0.0157 | surrogate=0.4238
  Outcomes:    9 episodes buffered
============================================================

============================================================
ALICE UPDATE 293
============================================================
  Rewards:     mean=6.0000 | min=0.0000 | max=0.0000
  Losses:      value=0.0092 | surrogate=0.3667
  Outcomes:    9 episodes buffered
============================================================

============================================================
BOB UPDATE 76
============================================================
  Success Rate: 0.1451 (2646 eps)
  Rewards:      mean=0.0016
  Losses:       value=0.0013 | surrogate=0.0551 | ABC=244.9503
  Errors:       pos=0.1224 | rot=0.1455
============================================================

============================================================
ALICE UPDATE 294
============================================================
  Rewards:     mean=5.4444 | min=0.0000 | max=0.0000
  Losses:      value=0.0939 | surrogate=0.6158
  Outcomes:    9 episodes buffered
============================================================

============================================================
BOB UPDATE 77
============================================================
  Success Rate: 0.1446 (2663 eps)
  Rewards:      mean=0.0016
  Losses:       value=0.0120 | surrogate=0.1284 | ABC=256.6619
  Errors:       pos=0.1223 | rot=0.1451
============================================================

============================================================
ALICE UPDATE 295
============================================================
  Rewards:     mean=6.0000 | min=0.0000 | max=0.0000
  Losses:      value=0.0063 | surrogate=0.4420
  Outcomes:    9 episodes buffered
============================================================

============================================================
ALICE UPDATE 296
============================================================
  Rewards:     mean=5.4444 | min=0.0000 | max=0.0000
  Losses:      value=0.0966 | surrogate=0.6254
  Outcomes:    9 episodes buffered
============================================================

============================================================
BOB UPDATE 78
============================================================
  Success Rate: 0.1443 (2681 eps)
  Rewards:      mean=0.0015
  Losses:       value=0.0522 | surrogate=-0.1107 | ABC=268.2009
  Errors:       pos=0.1221 | rot=0.1445
============================================================

============================================================
ALICE UPDATE 297
============================================================
  Rewards:     mean=5.4444 | min=0.0000 | max=0.0000
  Losses:      value=0.0892 | surrogate=0.6469
  Outcomes:    9 episodes buffered
============================================================

============================================================
ALICE UPDATE 298
============================================================
  Rewards:     mean=6.0000 | min=0.0000 | max=0.0000
  Losses:      value=0.0070 | surrogate=0.4674
  Outcomes:    9 episodes buffered
============================================================

============================================================
BOB UPDATE 79
============================================================
  Success Rate: 0.1440 (2695 eps)
  Rewards:      mean=0.0015
  Losses:       value=0.0138 | surrogate=0.0275 | ABC=278.6471
  Errors:       pos=0.1219 | rot=0.1441
============================================================

============================================================
ALICE UPDATE 299
============================================================
  Rewards:     mean=5.4444 | min=0.0000 | max=0.0000
  Losses:      value=0.1001 | surrogate=0.5965
  Outcomes:    9 episodes buffered
============================================================

============================================================
ALICE UPDATE 300
============================================================
  Rewards:     mean=6.0000 | min=0.0000 | max=0.0000
  Losses:      value=0.0048 | surrogate=0.8186
  Outcomes:    9 episodes buffered
============================================================

============================================================
BOB UPDATE 80
============================================================
  Success Rate: 0.1431 (2711 eps)
  Rewards:      mean=0.0013
  Losses:       value=0.0036 | surrogate=0.0871 | ABC=291.4643
  Errors:       pos=0.1218 | rot=0.1433
============================================================

============================================================
ALICE UPDATE 301
============================================================
  Rewards:     mean=5.4444 | min=0.0000 | max=0.0000
  Losses:      value=0.0388 | surrogate=0.3329
  Outcomes:    9 episodes buffered
============================================================

============================================================
ALICE UPDATE 302
============================================================
  Rewards:     mean=6.0000 | min=0.0000 | max=0.0000
  Losses:      value=0.0030 | surrogate=0.8837
  Outcomes:    9 episodes buffered
============================================================

============================================================
BOB UPDATE 81
============================================================
  Success Rate: 0.1426 (2735 eps)
  Rewards:      mean=0.0014
  Losses:       value=0.0242 | surrogate=-0.0164 | ABC=310.3453
  Errors:       pos=0.1215 | rot=0.1425
============================================================

============================================================
ALICE UPDATE 303
============================================================
  Rewards:     mean=5.4444 | min=0.0000 | max=0.0000
  Losses:      value=0.0974 | surrogate=0.6604
  Outcomes:    9 episodes buffered
============================================================

============================================================
ALICE UPDATE 304
============================================================
  Rewards:     mean=6.0000 | min=0.0000 | max=0.0000
  Losses:      value=0.0039 | surrogate=1.0772
  Outcomes:    9 episodes buffered
============================================================

============================================================
BOB UPDATE 82
============================================================
  Success Rate: 0.1423 (2747 eps)
  Rewards:      mean=0.0014
  Losses:       value=0.0379 | surrogate=0.2749 | ABC=320.7661
  Errors:       pos=0.1214 | rot=0.1422
============================================================

============================================================
ALICE UPDATE 305
============================================================
  Rewards:     mean=5.4444 | min=0.0000 | max=0.0000
  Losses:      value=0.1080 | surrogate=0.6820
  Outcomes:    9 episodes buffered
============================================================

============================================================
ALICE UPDATE 306
============================================================
  Rewards:     mean=4.8889 | min=0.0000 | max=0.0000
  Losses:      value=0.1835 | surrogate=0.8784
  Outcomes:    9 episodes buffered
============================================================

============================================================
BOB UPDATE 83
============================================================
  Success Rate: 0.1422 (2763 eps)
  Rewards:      mean=0.0016
  Losses:       value=0.0119 | surrogate=0.0961 | ABC=334.2804
  Errors:       pos=0.1212 | rot=0.1419
============================================================

============================================================
ALICE UPDATE 307
============================================================
  Rewards:     mean=6.0000 | min=0.0000 | max=0.0000
  Losses:      value=0.0167 | surrogate=0.9448
  Outcomes:    9 episodes buffered
============================================================

============================================================
BOB UPDATE 84
============================================================
  Success Rate: 0.1416 (2776 eps)
  Rewards:      mean=0.0015
  Losses:       value=0.0059 | surrogate=0.2657 | ABC=346.3061
  Errors:       pos=0.1213 | rot=0.1418
============================================================

============================================================
ALICE UPDATE 308
============================================================
  Rewards:     mean=5.4444 | min=0.0000 | max=0.0000
  Losses:      value=0.0363 | surrogate=0.3998
  Outcomes:    9 episodes buffered
============================================================

============================================================
ALICE UPDATE 309
============================================================
  Rewards:     mean=6.0000 | min=0.0000 | max=0.0000
  Losses:      value=0.0142 | surrogate=0.7575
  Outcomes:    9 episodes buffered
============================================================

============================================================
BOB UPDATE 85
============================================================
  Success Rate: 0.1412 (2791 eps)
  Rewards:      mean=0.0015
  Losses:       value=0.0072 | surrogate=0.0225 | ABC=360.2120
  Errors:       pos=0.1212 | rot=0.1414
============================================================

============================================================
ALICE UPDATE 310
============================================================
  Rewards:     mean=5.4444 | min=0.0000 | max=0.0000
  Losses:      value=0.0971 | surrogate=0.7285
  Outcomes:    9 episodes buffered
============================================================

============================================================
BOB UPDATE 86
============================================================
  Success Rate: 0.1412 (2804 eps)
  Rewards:      mean=0.0018
  Losses:       value=0.0543 | surrogate=-0.0709 | ABC=371.8483
  Errors:       pos=0.1209 | rot=0.1408
============================================================

============================================================
ALICE UPDATE 311
============================================================
  Rewards:     mean=5.4444 | min=0.0000 | max=0.0000
  Losses:      value=0.0904 | surrogate=0.6684
  Outcomes:    9 episodes buffered
============================================================

============================================================
ALICE UPDATE 312
============================================================
  Rewards:     mean=4.8889 | min=0.0000 | max=0.0000
  Losses:      value=0.1189 | surrogate=0.5908
  Outcomes:    9 episodes buffered
============================================================

============================================================
BOB UPDATE 87
============================================================
  Success Rate: 0.1415 (2820 eps)
  Rewards:      mean=0.0021
  Losses:       value=0.0865 | surrogate=-0.0527 | ABC=385.5657
  Errors:       pos=0.1209 | rot=0.1404
============================================================

============================================================
ALICE UPDATE 313
============================================================
  Rewards:     mean=5.4444 | min=0.0000 | max=0.0000
  Losses:      value=0.0865 | surrogate=0.6801
  Outcomes:    9 episodes buffered
============================================================

============================================================
ALICE UPDATE 314
============================================================
  Rewards:     mean=4.8889 | min=0.0000 | max=0.0000
  Losses:      value=0.1151 | surrogate=0.6169
  Outcomes:    9 episodes buffered
============================================================

============================================================
BOB UPDATE 88
============================================================
  Success Rate: 0.1414 (2835 eps)
  Rewards:      mean=0.0023
  Losses:       value=0.0177 | surrogate=-0.0523 | ABC=401.5748
  Errors:       pos=0.1208 | rot=0.1397
============================================================

============================================================
ALICE UPDATE 315
============================================================
  Rewards:     mean=5.4444 | min=0.0000 | max=0.0000
  Losses:      value=0.0961 | surrogate=0.7464
  Outcomes:    9 episodes buffered
============================================================

============================================================
BOB UPDATE 89
============================================================
  Success Rate: 0.1418 (2850 eps)
  Rewards:      mean=0.0024
  Losses:       value=0.1773 | surrogate=-0.2440 | ABC=415.5772
  Errors:       pos=0.1208 | rot=0.1392
============================================================

============================================================
ALICE UPDATE 316
============================================================
  Rewards:     mean=4.3333 | min=0.0000 | max=0.0000
  Losses:      value=0.2742 | surrogate=0.7074
  Outcomes:    9 episodes buffered
============================================================

============================================================
ALICE UPDATE 317
============================================================
  Rewards:     mean=5.4444 | min=0.0000 | max=0.0000
  Losses:      value=0.0931 | surrogate=0.9005
  Outcomes:    9 episodes buffered
============================================================

============================================================
BOB UPDATE 90
============================================================
  Success Rate: 0.1418 (2863 eps)
  Rewards:      mean=0.0024
  Losses:       value=0.0264 | surrogate=0.1162 | ABC=428.7192
  Errors:       pos=0.1207 | rot=0.1386
============================================================

============================================================
ALICE UPDATE 318
============================================================
  Rewards:     mean=5.4444 | min=0.0000 | max=0.0000
  Losses:      value=0.0755 | surrogate=0.7746
  Outcomes:    9 episodes buffered
============================================================

============================================================
BOB UPDATE 91
============================================================
  Success Rate: 0.1419 (2876 eps)
  Rewards:      mean=0.0027
  Losses:       value=0.1101 | surrogate=-0.0811 | ABC=441.7775
  Errors:       pos=0.1206 | rot=0.1382
============================================================

============================================================
ALICE UPDATE 319
============================================================
  Rewards:     mean=5.4444 | min=0.0000 | max=0.0000
  Losses:      value=0.1039 | surrogate=0.6457
  Outcomes:    9 episodes buffered
============================================================

============================================================
ALICE UPDATE 320
============================================================
  Rewards:     mean=5.4444 | min=0.0000 | max=0.0000
  Losses:      value=0.0905 | surrogate=0.6361
  Outcomes:    9 episodes buffered
============================================================

============================================================
BOB UPDATE 92
============================================================
  Success Rate: 0.1415 (2891 eps)
  Rewards:      mean=0.0026
  Losses:       value=0.0125 | surrogate=0.2050 | ABC=459.8250
  Errors:       pos=0.1209 | rot=0.1375
============================================================

============================================================
ALICE UPDATE 321
============================================================
  Rewards:     mean=6.0000 | min=0.0000 | max=0.0000
  Losses:      value=0.0139 | surrogate=0.3646
  Outcomes:    9 episodes buffered
============================================================

============================================================
BOB UPDATE 93
============================================================
  Success Rate: 0.1409 (2903 eps)
  Rewards:      mean=0.0023
  Losses:       value=0.0059 | surrogate=0.1943 | ABC=476.2584
  Errors:       pos=0.1210 | rot=0.1376
============================================================

============================================================
ALICE UPDATE 322
============================================================
  Rewards:     mean=6.0000 | min=0.0000 | max=0.0000
  Losses:      value=0.0108 | surrogate=0.4775
  Outcomes:    9 episodes buffered
============================================================

============================================================
ALICE UPDATE 323
============================================================
  Rewards:     mean=5.4444 | min=0.0000 | max=0.0000
  Losses:      value=0.0372 | surrogate=0.2473
  Outcomes:    9 episodes buffered
============================================================

============================================================
BOB UPDATE 94
============================================================
  Success Rate: 0.1405 (2918 eps)
  Rewards:      mean=0.0022
  Losses:       value=0.0191 | surrogate=-0.0524 | ABC=495.4419
  Errors:       pos=0.1210 | rot=0.1369
============================================================

============================================================
ALICE UPDATE 324
============================================================
  Rewards:     mean=5.4444 | min=0.0000 | max=0.0000
  Losses:      value=0.0874 | surrogate=0.6325
  Outcomes:    9 episodes buffered
============================================================

============================================================
BOB UPDATE 95
============================================================
  Success Rate: 0.1408 (2933 eps)
  Rewards:      mean=0.0022
  Losses:       value=0.0759 | surrogate=-0.1331 | ABC=512.6604
  Errors:       pos=0.1210 | rot=0.1362
============================================================

============================================================
ALICE UPDATE 325
============================================================
  Rewards:     mean=4.8889 | min=0.0000 | max=0.0000
  Losses:      value=0.1310 | surrogate=0.5846
  Outcomes:    9 episodes buffered
============================================================

============================================================
BOB UPDATE 96
============================================================
  Success Rate: 0.1404 (2941 eps)
  Rewards:      mean=0.0021
  Losses:       value=0.0067 | surrogate=0.4039 | ABC=523.1190
  Errors:       pos=0.1211 | rot=0.1359
============================================================

============================================================
ALICE UPDATE 326
============================================================
  Rewards:     mean=5.4444 | min=0.0000 | max=0.0000
  Losses:      value=0.0364 | surrogate=0.2887
  Outcomes:    9 episodes buffered
============================================================

============================================================
ALICE UPDATE 327
============================================================
  Rewards:     mean=6.0000 | min=0.0000 | max=0.0000
  Losses:      value=0.0053 | surrogate=0.6601
  Outcomes:    9 episodes buffered
============================================================

============================================================
BOB UPDATE 97
============================================================
  Success Rate: 0.1401 (2955 eps)
  Rewards:      mean=0.0017
  Losses:       value=0.0109 | surrogate=0.0450 | ABC=544.7282
  Errors:       pos=0.1211 | rot=0.1355
============================================================

============================================================
ALICE UPDATE 328
============================================================
  Rewards:     mean=4.3333 | min=0.0000 | max=0.0000
  Losses:      value=0.2335 | surrogate=0.8485
  Outcomes:    9 episodes buffered
============================================================

============================================================
ALICE UPDATE 329
============================================================
  Rewards:     mean=5.4444 | min=0.0000 | max=0.0000
  Losses:      value=0.0339 | surrogate=0.3076
  Outcomes:    9 episodes buffered
============================================================

============================================================
BOB UPDATE 98
============================================================
  Success Rate: 0.1409 (2973 eps)
  Rewards:      mean=0.0021
  Losses:       value=0.0377 | surrogate=-0.0640 | ABC=565.0850
  Errors:       pos=0.1208 | rot=0.1350
============================================================

============================================================
ALICE UPDATE 330
============================================================
  Rewards:     mean=4.8889 | min=0.0000 | max=0.0000
  Losses:      value=0.1263 | surrogate=0.6491
  Outcomes:    9 episodes buffered
============================================================

============================================================
ALICE UPDATE 331
============================================================
  Rewards:     mean=4.3333 | min=0.0000 | max=0.0000
  Losses:      value=0.1901 | surrogate=0.8591
  Outcomes:    9 episodes buffered
============================================================

============================================================
BOB UPDATE 99
============================================================
  Success Rate: 0.1415 (2989 eps)
  Rewards:      mean=0.0025
  Losses:       value=0.1967 | surrogate=-0.1157 | ABC=585.3581
  Errors:       pos=0.1209 | rot=0.1349
============================================================

============================================================
ALICE UPDATE 332
============================================================
  Rewards:     mean=4.8889 | min=0.0000 | max=0.0000
  Losses:      value=0.1191 | surrogate=0.9388
  Outcomes:    9 episodes buffered
============================================================

============================================================
BOB UPDATE 100
============================================================
  Success Rate: 0.1421 (3005 eps)
  Rewards:      mean=0.0030
  Losses:       value=0.0854 | surrogate=-0.1403 | ABC=605.3085
  Errors:       pos=0.1206 | rot=0.1343
============================================================

============================================================
ALICE UPDATE 333
============================================================
  Rewards:     mean=4.8889 | min=0.0000 | max=0.0000
  Losses:      value=0.1551 | surrogate=1.0583
  Outcomes:    9 episodes buffered
============================================================

============================================================
ALICE UPDATE 334
============================================================
  Rewards:     mean=5.4444 | min=0.0000 | max=0.0000
  Losses:      value=0.1085 | surrogate=0.8865
  Outcomes:    9 episodes buffered
============================================================

============================================================
ALICE UPDATE 335
============================================================
  Rewards:     mean=6.0000 | min=0.0000 | max=0.0000
  Losses:      value=0.0283 | surrogate=0.4417
  Outcomes:    9 episodes buffered
============================================================

============================================================
BOB UPDATE 101
============================================================
  Success Rate: 0.1415 (3024 eps)
  Rewards:      mean=0.0029
  Losses:       value=0.0157 | surrogate=0.0432 | ABC=638.7185
  Errors:       pos=0.1207 | rot=0.1339
============================================================

============================================================
ALICE UPDATE 336
============================================================
  Rewards:     mean=5.4444 | min=0.0000 | max=0.0000
  Losses:      value=0.0841 | surrogate=0.6667
  Outcomes:    9 episodes buffered
============================================================

============================================================
BOB UPDATE 102
============================================================
  Success Rate: 0.1416 (3037 eps)
  Rewards:      mean=0.0029
  Losses:       value=0.0328 | surrogate=0.1121 | ABC=658.0155
  Errors:       pos=0.1210 | rot=0.1335
============================================================

============================================================
ALICE UPDATE 337
============================================================
  Rewards:     mean=5.4444 | min=0.0000 | max=0.0000
  Losses:      value=0.0979 | surrogate=0.5796
  Outcomes:    9 episodes buffered
============================================================

============================================================
BOB UPDATE 103
============================================================
  Success Rate: 0.1410 (3049 eps)
  Rewards:      mean=0.0029
  Losses:       value=0.0042 | surrogate=0.0173 | ABC=683.3284
  Errors:       pos=0.1212 | rot=0.1332
============================================================

============================================================
ALICE UPDATE 338
============================================================
  Rewards:     mean=6.0000 | min=0.0000 | max=0.0000
  Losses:      value=0.0116 | surrogate=0.2875
  Outcomes:    9 episodes buffered
============================================================

============================================================
ALICE UPDATE 339
============================================================
  Rewards:     mean=3.7778 | min=0.0000 | max=0.0000
  Losses:      value=0.2548 | surrogate=0.9145
  Outcomes:    9 episodes buffered
============================================================

============================================================
BOB UPDATE 104
============================================================
  Success Rate: 0.1418 (3060 eps)
  Rewards:      mean=0.0030
  Losses:       value=0.1594 | surrogate=-0.1791 | ABC=696.2954
  Errors:       pos=0.1213 | rot=0.1328
============================================================

============================================================
ALICE UPDATE 340
============================================================
  Rewards:     mean=6.0000 | min=0.0000 | max=0.0000
  Losses:      value=0.0276 | surrogate=0.5761
  Outcomes:    9 episodes buffered
============================================================

============================================================
BOB UPDATE 105
============================================================
  Success Rate: 0.1415 (3074 eps)
  Rewards:      mean=0.0029
  Losses:       value=0.0232 | surrogate=0.3004 | ABC=723.9377
  Errors:       pos=0.1214 | rot=0.1325
============================================================

============================================================
ALICE UPDATE 341
============================================================
  Rewards:     mean=4.8889 | min=0.0000 | max=0.0000
  Losses:      value=0.1094 | surrogate=0.7339
  Outcomes:    9 episodes buffered
============================================================

============================================================
BOB UPDATE 106
============================================================
  Success Rate: 0.1416 (3086 eps)
  Rewards:      mean=0.0026
  Losses:       value=0.0241 | surrogate=-0.0074 | ABC=746.7656
  Errors:       pos=0.1214 | rot=0.1320
============================================================

============================================================
ALICE UPDATE 342
============================================================
  Rewards:     mean=5.4444 | min=0.0000 | max=0.0000
  Losses:      value=0.0506 | surrogate=0.5023
  Outcomes:    9 episodes buffered
============================================================

============================================================
ALICE UPDATE 343
============================================================
  Rewards:     mean=5.4444 | min=0.0000 | max=0.0000
  Losses:      value=0.0421 | surrogate=0.3886
  Outcomes:    9 episodes buffered
============================================================

============================================================
BOB UPDATE 107
============================================================
  Success Rate: 0.1414 (3098 eps)
  Rewards:      mean=0.0024
  Losses:       value=0.0130 | surrogate=-0.1272 | ABC=769.9900
  Errors:       pos=0.1213 | rot=0.1315
============================================================

============================================================
ALICE UPDATE 344
============================================================
  Rewards:     mean=6.0000 | min=0.0000 | max=0.0000
  Losses:      value=0.0165 | surrogate=0.4587
  Outcomes:    9 episodes buffered
============================================================

============================================================
ALICE UPDATE 345
============================================================
  Rewards:     mean=4.3333 | min=0.0000 | max=0.0000
  Losses:      value=0.2437 | surrogate=0.9335
  Outcomes:    9 episodes buffered
============================================================

============================================================
BOB UPDATE 108
============================================================
  Success Rate: 0.1416 (3115 eps)
  Rewards:      mean=0.0024
  Losses:       value=0.1121 | surrogate=-0.2202 | ABC=802.8674
  Errors:       pos=0.1214 | rot=0.1311
============================================================

============================================================
ALICE UPDATE 346
============================================================
  Rewards:     mean=4.8889 | min=0.0000 | max=0.0000
  Losses:      value=0.1350 | surrogate=0.7854
  Outcomes:    9 episodes buffered
============================================================

============================================================
ALICE UPDATE 347
============================================================
  Rewards:     mean=4.8889 | min=0.0000 | max=0.0000
  Losses:      value=0.1112 | surrogate=0.6171
  Outcomes:    9 episodes buffered
============================================================

============================================================
BOB UPDATE 109
============================================================
  Success Rate: 0.1421 (3132 eps)
  Rewards:      mean=0.0029
  Losses:       value=0.1318 | surrogate=-0.0589 | ABC=832.9813
  Errors:       pos=0.1215 | rot=0.1312
============================================================

============================================================
ALICE UPDATE 348
============================================================
  Rewards:     mean=4.8889 | min=0.0000 | max=0.0000
  Losses:      value=0.1155 | surrogate=0.7041
  Outcomes:    9 episodes buffered
============================================================

============================================================
BOB UPDATE 110
============================================================
  Success Rate: 0.1428 (3145 eps)
  Rewards:      mean=0.0032
  Losses:       value=0.0949 | surrogate=0.0271 | ABC=856.6819
  Errors:       pos=0.1218 | rot=0.1307
============================================================

============================================================
ALICE UPDATE 349
============================================================
  Rewards:     mean=4.3333 | min=0.0000 | max=0.0000
  Losses:      value=0.2144 | surrogate=1.0017
  Outcomes:    9 episodes buffered
============================================================

============================================================
BOB UPDATE 111
============================================================
  Success Rate: 0.1426 (3155 eps)
  Rewards:      mean=0.0032
  Losses:       value=0.0203 | surrogate=0.0169 | ABC=881.1840
  Errors:       pos=0.1219 | rot=0.1311
============================================================

============================================================
ALICE UPDATE 350
============================================================
  Rewards:     mean=6.0000 | min=0.0000 | max=0.0000
  Losses:      value=0.0486 | surrogate=0.5706
  Outcomes:    9 episodes buffered
============================================================

============================================================
ALICE UPDATE 351
============================================================
  Rewards:     mean=5.4444 | min=0.0000 | max=0.0000
  Losses:      value=0.0955 | surrogate=0.5634
  Outcomes:    9 episodes buffered
============================================================

============================================================
BOB UPDATE 112
============================================================
  Success Rate: 0.1426 (3169 eps)
  Rewards:      mean=0.0030
  Losses:       value=0.0425 | surrogate=-0.0451 | ABC=914.0734
  Errors:       pos=0.1222 | rot=0.1314
============================================================

============================================================
ALICE UPDATE 352
============================================================
  Rewards:     mean=4.8889 | min=0.0000 | max=0.0000
  Losses:      value=0.1770 | surrogate=0.7707
  Outcomes:    9 episodes buffered
============================================================

============================================================
BOB UPDATE 113
============================================================
  Success Rate: 0.1426 (3184 eps)
  Rewards:      mean=0.0030
  Losses:       value=0.1528 | surrogate=-0.3410 | ABC=947.7700
  Errors:       pos=0.1223 | rot=0.1317
============================================================

============================================================
ALICE UPDATE 353
============================================================
  Rewards:     mean=5.4444 | min=0.0000 | max=0.0000
  Losses:      value=0.0972 | surrogate=0.5990
  Outcomes:    9 episodes buffered
============================================================

============================================================
ALICE UPDATE 354
============================================================
  Rewards:     mean=6.0000 | min=0.0000 | max=0.0000
  Losses:      value=0.0125 | surrogate=0.1956
  Outcomes:    9 episodes buffered
============================================================

============================================================
BOB UPDATE 114
============================================================
  Success Rate: 0.1421 (3195 eps)
  Rewards:      mean=0.0028
  Losses:       value=0.0064 | surrogate=0.0548 | ABC=980.0397
  Errors:       pos=0.1223 | rot=0.1315
============================================================

============================================================
ALICE UPDATE 355
============================================================
  Rewards:     mean=5.4444 | min=0.0000 | max=0.0000
  Losses:      value=0.0931 | surrogate=0.5652
  Outcomes:    9 episodes buffered
============================================================

============================================================
BOB UPDATE 115
============================================================
  Success Rate: 0.1427 (3209 eps)
  Rewards:      mean=0.0032
  Losses:       value=0.1081 | surrogate=-0.1726 | ABC=1008.6674
  Errors:       pos=0.1222 | rot=0.1310
============================================================

============================================================
ALICE UPDATE 356
============================================================
  Rewards:     mean=4.3333 | min=0.0000 | max=0.0000
  Losses:      value=0.2329 | surrogate=0.9022
  Outcomes:    9 episodes buffered
============================================================

============================================================
ALICE UPDATE 357
============================================================
  Rewards:     mean=5.4444 | min=0.0000 | max=0.0000
  Losses:      value=0.0895 | surrogate=0.5707
  Outcomes:    9 episodes buffered
============================================================

============================================================
BOB UPDATE 116
============================================================
  Success Rate: 0.1424 (3224 eps)
  Rewards:      mean=0.0026
  Losses:       value=0.0600 | surrogate=-0.1543 | ABC=1050.3085
  Errors:       pos=0.1223 | rot=0.1313
============================================================

============================================================
ALICE UPDATE 358
============================================================
  Rewards:     mean=5.4444 | min=0.0000 | max=0.0000
  Losses:      value=0.0959 | surrogate=0.5851
  Outcomes:    9 episodes buffered
============================================================

============================================================
BOB UPDATE 117
============================================================
  Success Rate: 0.1424 (3238 eps)
  Rewards:      mean=0.0026
  Losses:       value=0.0743 | surrogate=-0.1678 | ABC=1087.9765
  Errors:       pos=0.1223 | rot=0.1309
============================================================

============================================================
ALICE UPDATE 359
============================================================
  Rewards:     mean=4.8889 | min=0.0000 | max=0.0000
  Losses:      value=0.1114 | surrogate=0.4891
  Outcomes:    9 episodes buffered
============================================================

============================================================
ALICE UPDATE 360
============================================================
  Rewards:     mean=6.0000 | min=0.0000 | max=0.0000
  Losses:      value=0.0121 | surrogate=0.2186
  Outcomes:    9 episodes buffered
============================================================

============================================================
BOB UPDATE 118
============================================================
  Success Rate: 0.1421 (3251 eps)
  Rewards:      mean=0.0023
  Losses:       value=0.0759 | surrogate=-0.0817 | ABC=1127.5841
  Errors:       pos=0.1226 | rot=0.1312
============================================================

============================================================
ALICE UPDATE 361
============================================================
  Rewards:     mean=5.4444 | min=0.0000 | max=0.0000
  Losses:      value=0.0464 | surrogate=0.2773
  Outcomes:    9 episodes buffered
============================================================

============================================================
BOB UPDATE 119
============================================================
  Success Rate: 0.1420 (3261 eps)
  Rewards:      mean=0.0023
  Losses:       value=0.0548 | surrogate=-0.1454 | ABC=1153.7059
  Errors:       pos=0.1225 | rot=0.1309
============================================================

============================================================
ALICE UPDATE 362
============================================================
  Rewards:     mean=6.0000 | min=0.0000 | max=0.0000
  Losses:      value=0.0113 | surrogate=0.3014
  Outcomes:    9 episodes buffered
============================================================

============================================================
ALICE UPDATE 363
============================================================
  Rewards:     mean=4.8889 | min=0.0000 | max=0.0000
  Losses:      value=0.1821 | surrogate=0.7700
  Outcomes:    9 episodes buffered
============================================================

============================================================
BOB UPDATE 120
============================================================
  Success Rate: 0.1424 (3279 eps)
  Rewards:      mean=0.0024
  Losses:       value=0.0990 | surrogate=-0.1689 | ABC=1205.0102
  Errors:       pos=0.1225 | rot=0.1302
============================================================

============================================================
ALICE UPDATE 364
============================================================
  Rewards:     mean=4.8889 | min=0.0000 | max=0.0000
  Losses:      value=0.1785 | surrogate=0.7570
  Outcomes:    9 episodes buffered
============================================================

============================================================
BOB UPDATE 121
============================================================
  Success Rate: 0.1422 (3290 eps)
  Rewards:      mean=0.0026
  Losses:       value=0.0321 | surrogate=-0.0632 | ABC=1241.0797
  Errors:       pos=0.1229 | rot=0.1303
============================================================

============================================================
ALICE UPDATE 365
============================================================
  Rewards:     mean=5.4444 | min=0.0000 | max=0.0000
  Losses:      value=0.0930 | surrogate=0.6956
  Outcomes:    9 episodes buffered
============================================================

============================================================
BOB UPDATE 122
============================================================
  Success Rate: 0.1419 (3299 eps)
  Rewards:      mean=0.0023
  Losses:       value=0.0146 | surrogate=0.1493 | ABC=1271.3634
  Errors:       pos=0.1230 | rot=0.1303
============================================================

============================================================
ALICE UPDATE 366
============================================================
  Rewards:     mean=6.0000 | min=0.0000 | max=0.0000
  Losses:      value=0.0142 | surrogate=0.3235
  Outcomes:    9 episodes buffered
============================================================

============================================================
BOB UPDATE 123
============================================================
  Success Rate: 0.1420 (3310 eps)
  Rewards:      mean=0.0021
  Losses:       value=0.1923 | surrogate=-0.3233 | ABC=1306.6985
  Errors:       pos=0.1231 | rot=0.1302
============================================================

============================================================
ALICE UPDATE 367
============================================================
  Rewards:     mean=4.3333 | min=0.0000 | max=0.0000
  Losses:      value=0.1969 | surrogate=0.7351
  Outcomes:    9 episodes buffered
============================================================

============================================================
ALICE UPDATE 368
============================================================
  Rewards:     mean=6.0000 | min=0.0000 | max=0.0000
  Losses:      value=0.0268 | surrogate=0.5691
  Outcomes:    9 episodes buffered
============================================================

============================================================
BOB UPDATE 124
============================================================
  Success Rate: 0.1418 (3321 eps)
  Rewards:      mean=0.0021
  Losses:       value=0.0510 | surrogate=0.0004 | ABC=1342.4799
  Errors:       pos=0.1234 | rot=0.1303
============================================================

============================================================
ALICE UPDATE 369
============================================================
  Rewards:     mean=5.4444 | min=0.0000 | max=0.0000
  Losses:      value=0.0379 | surrogate=0.3149
  Outcomes:    9 episodes buffered
============================================================

============================================================
BOB UPDATE 125
============================================================
  Success Rate: 0.1415 (3335 eps)
  Rewards:      mean=0.0017
  Losses:       value=0.0336 | surrogate=-0.0539 | ABC=1393.0130
  Errors:       pos=0.1237 | rot=0.1303
============================================================

============================================================
ALICE UPDATE 370
============================================================
  Rewards:     mean=4.8889 | min=0.0000 | max=0.0000
  Losses:      value=0.0742 | surrogate=0.3894
  Outcomes:    9 episodes buffered
============================================================

============================================================
ALICE UPDATE 371
============================================================
  Rewards:     mean=5.4444 | min=0.0000 | max=0.0000
  Losses:      value=0.0414 | surrogate=0.3592
  Outcomes:    9 episodes buffered
============================================================

============================================================
BOB UPDATE 126
============================================================
  Success Rate: 0.1418 (3350 eps)
  Rewards:      mean=0.0022
  Losses:       value=0.0494 | surrogate=-0.0341 | ABC=1443.7915
  Errors:       pos=0.1238 | rot=0.1300
============================================================

============================================================
ALICE UPDATE 372
============================================================
  Rewards:     mean=5.4444 | min=0.0000 | max=0.0000
  Losses:      value=0.0916 | surrogate=0.6155
  Outcomes:    9 episodes buffered
============================================================

============================================================
BOB UPDATE 127
============================================================
  Success Rate: 0.1418 (3365 eps)
  Rewards:      mean=0.0022
  Losses:       value=0.0985 | surrogate=-0.0227 | ABC=1498.6492
  Errors:       pos=0.1242 | rot=0.1297
============================================================

============================================================
ALICE UPDATE 373
============================================================
  Rewards:     mean=4.8889 | min=0.0000 | max=0.0000
  Losses:      value=0.0736 | surrogate=0.3622
  Outcomes:    9 episodes buffered
============================================================

============================================================
ALICE UPDATE 374
============================================================
  Rewards:     mean=6.0000 | min=0.0000 | max=0.0000
  Losses:      value=0.0120 | surrogate=0.3496
  Outcomes:    9 episodes buffered
============================================================

============================================================
BOB UPDATE 128
============================================================
  Success Rate: 0.1415 (3377 eps)
  Rewards:      mean=0.0018
  Losses:       value=0.0815 | surrogate=-0.1088 | ABC=1547.0446
  Errors:       pos=0.1243 | rot=0.1299
============================================================

============================================================
ALICE UPDATE 375
============================================================
  Rewards:     mean=4.8889 | min=0.0000 | max=0.0000
  Losses:      value=0.1281 | surrogate=0.5150
  Outcomes:    9 episodes buffered
============================================================

============================================================
BOB UPDATE 129
============================================================
  Success Rate: 0.1415 (3392 eps)
  Rewards:      mean=0.0019
  Losses:       value=0.0316 | surrogate=0.0392 | ABC=1608.2786
  Errors:       pos=0.1246 | rot=0.1298
============================================================

============================================================
ALICE UPDATE 376
============================================================
  Rewards:     mean=6.0000 | min=0.0000 | max=0.0000
  Losses:      value=0.0066 | surrogate=0.4228
  Outcomes:    9 episodes buffered
============================================================

============================================================
ALICE UPDATE 377
============================================================
  Rewards:     mean=5.4444 | min=0.0000 | max=0.0000
  Losses:      value=0.0967 | surrogate=0.6029
  Outcomes:    9 episodes buffered
============================================================

============================================================
ALICE UPDATE 378
============================================================
  Rewards:     mean=4.8889 | min=0.0000 | max=0.0000
  Losses:      value=0.1704 | surrogate=0.7903
  Outcomes:    9 episodes buffered
============================================================

============================================================
BOB UPDATE 130
============================================================
  Success Rate: 0.1416 (3411 eps)
  Rewards:      mean=0.0020
  Losses:       value=0.0448 | surrogate=0.0039 | ABC=1682.2889
  Errors:       pos=0.1251 | rot=0.1299
============================================================

============================================================
ALICE UPDATE 379
============================================================
  Rewards:     mean=5.4444 | min=0.0000 | max=0.0000
  Losses:      value=0.0905 | surrogate=0.6531
  Outcomes:    9 episodes buffered
============================================================

============================================================
BOB UPDATE 131
============================================================
  Success Rate: 0.1413 (3426 eps)
  Rewards:      mean=0.0021
  Losses:       value=0.0443 | surrogate=0.0732 | ABC=1755.1835
  Errors:       pos=0.1252 | rot=0.1295
============================================================

============================================================
ALICE UPDATE 380
============================================================
  Rewards:     mean=5.4444 | min=0.0000 | max=0.0000
  Losses:      value=0.0389 | surrogate=0.3051
  Outcomes:    9 episodes buffered
============================================================

============================================================
ALICE UPDATE 381
============================================================
  Rewards:     mean=5.4444 | min=0.0000 | max=0.0000
  Losses:      value=0.1051 | surrogate=0.6606
  Outcomes:    9 episodes buffered
============================================================

============================================================
BOB UPDATE 132
============================================================
  Success Rate: 0.1413 (3439 eps)
  Rewards:      mean=0.0020
  Losses:       value=0.1490 | surrogate=-0.2034 | ABC=1813.7576
  Errors:       pos=0.1253 | rot=0.1293
============================================================

============================================================
ALICE UPDATE 382
============================================================
  Rewards:     mean=4.8889 | min=0.0000 | max=0.0000
  Losses:      value=0.1767 | surrogate=0.7538
  Outcomes:    9 episodes buffered
============================================================

============================================================
BOB UPDATE 133
============================================================
  Success Rate: 0.1417 (3451 eps)
  Rewards:      mean=0.0022
  Losses:       value=0.1331 | surrogate=-0.1919 | ABC=1861.0352
  Errors:       pos=0.1255 | rot=0.1288
============================================================

============================================================
ALICE UPDATE 383
============================================================
  Rewards:     mean=4.8889 | min=0.0000 | max=0.0000
  Losses:      value=0.1123 | surrogate=0.6162
  Outcomes:    9 episodes buffered
============================================================

============================================================
ALICE UPDATE 384
============================================================
  Rewards:     mean=4.3333 | min=0.0000 | max=0.0000
  Losses:      value=0.1915 | surrogate=0.8681
  Outcomes:    9 episodes buffered
============================================================

============================================================
BOB UPDATE 134
============================================================
  Success Rate: 0.1422 (3466 eps)
  Rewards:      mean=0.0024
  Losses:       value=0.1349 | surrogate=-0.1486 | ABC=1921.7434
  Errors:       pos=0.1257 | rot=0.1287
============================================================

============================================================
ALICE UPDATE 385
============================================================
  Rewards:     mean=5.4444 | min=0.0000 | max=0.0000
  Losses:      value=0.0383 | surrogate=0.2922
  Outcomes:    9 episodes buffered
============================================================

============================================================
BOB UPDATE 135
============================================================
  Success Rate: 0.1424 (3477 eps)
  Rewards:      mean=0.0027
  Losses:       value=0.0946 | surrogate=-0.1080 | ABC=1974.2103
  Errors:       pos=0.1257 | rot=0.1283
============================================================

============================================================
ALICE UPDATE 386
============================================================
  Rewards:     mean=4.8889 | min=0.0000 | max=0.0000
  Losses:      value=0.1603 | surrogate=0.4865
  Outcomes:    9 episodes buffered
============================================================

============================================================
ALICE UPDATE 387
============================================================
  Rewards:     mean=6.0000 | min=0.0000 | max=0.0000
  Losses:      value=0.0105 | surrogate=0.4159
  Outcomes:    9 episodes buffered
============================================================

============================================================
BOB UPDATE 136
============================================================
  Success Rate: 0.1420 (3492 eps)
  Rewards:      mean=0.0026
  Losses:       value=0.0461 | surrogate=0.0190 | ABC=2056.5112
  Errors:       pos=0.1263 | rot=0.1284
============================================================

============================================================
BOB UPDATE 137
============================================================
  Success Rate: 0.1417 (3500 eps)
  Rewards:      mean=0.0024
  Losses:       value=0.0075 | surrogate=0.0364 | ABC=2098.3809
  Errors:       pos=0.1265 | rot=0.1284
============================================================

============================================================
ALICE UPDATE 388
============================================================
  Rewards:     mean=6.0000 | min=0.0000 | max=0.0000
  Losses:      value=0.0079 | surrogate=0.4208
  Outcomes:    9 episodes buffered
============================================================

============================================================
ALICE UPDATE 389
============================================================
  Rewards:     mean=6.0000 | min=0.0000 | max=0.0000
  Losses:      value=0.0090 | surrogate=0.4804
  Outcomes:    9 episodes buffered
============================================================

============================================================
BOB UPDATE 138
============================================================
  Success Rate: 0.1414 (3515 eps)
  Rewards:      mean=0.0021
  Losses:       value=0.0198 | surrogate=0.1483 | ABC=2189.2158
  Errors:       pos=0.1270 | rot=0.1279
============================================================

============================================================
ALICE UPDATE 390
============================================================
  Rewards:     mean=4.3333 | min=0.0000 | max=0.0000
  Losses:      value=0.2195 | surrogate=0.7404
  Outcomes:    9 episodes buffered
============================================================

============================================================
BOB UPDATE 139
============================================================
  Success Rate: 0.1418 (3526 eps)
  Rewards:      mean=0.0025
  Losses:       value=0.0746 | surrogate=-0.1542 | ABC=2240.5713
  Errors:       pos=0.1269 | rot=0.1279
============================================================

============================================================
ALICE UPDATE 391
============================================================
  Rewards:     mean=5.4444 | min=0.0000 | max=0.0000
  Losses:      value=0.0978 | surrogate=0.8471
  Outcomes:    9 episodes buffered
============================================================

============================================================
ALICE UPDATE 392
============================================================
  Rewards:     mean=4.3333 | min=0.0000 | max=0.0000
  Losses:      value=0.1895 | surrogate=0.8939
  Outcomes:    9 episodes buffered
============================================================

============================================================
BOB UPDATE 140
============================================================
  Success Rate: 0.1422 (3537 eps)
  Rewards:      mean=0.0028
  Losses:       value=0.1857 | surrogate=-0.2925 | ABC=2292.3410
  Errors:       pos=0.1269 | rot=0.1275
============================================================

============================================================
BOB UPDATE 141
============================================================
  Success Rate: 0.1425 (3545 eps)
  Rewards:      mean=0.0026
  Losses:       value=0.0407 | surrogate=0.0724 | ABC=2331.3668
  Errors:       pos=0.1270 | rot=0.1274
============================================================

============================================================
ALICE UPDATE 393
============================================================
  Rewards:     mean=4.8889 | min=0.0000 | max=0.0000
  Losses:      value=0.1552 | surrogate=1.0769
  Outcomes:    9 episodes buffered
============================================================

============================================================
ALICE UPDATE 394
============================================================
  Rewards:     mean=4.8889 | min=0.0000 | max=0.0000
  Losses:      value=0.1462 | surrogate=1.1219
  Outcomes:    9 episodes buffered
============================================================

============================================================
BOB UPDATE 142
============================================================
  Success Rate: 0.1425 (3559 eps)
  Rewards:      mean=0.0026
  Losses:       value=0.0390 | surrogate=0.0566 | ABC=2414.2596
  Errors:       pos=0.1275 | rot=0.1275
============================================================

============================================================
ALICE UPDATE 395
============================================================
  Rewards:     mean=6.0000 | min=0.0000 | max=0.0000
  Losses:      value=0.0414 | surrogate=0.7528
  Outcomes:    9 episodes buffered
============================================================

============================================================
ALICE UPDATE 396
============================================================
  Rewards:     mean=5.4444 | min=0.0000 | max=0.0000
  Losses:      value=0.0401 | surrogate=0.3899
  Outcomes:    9 episodes buffered
============================================================

============================================================
BOB UPDATE 143
============================================================
  Success Rate: 0.1423 (3576 eps)
  Rewards:      mean=0.0023
  Losses:       value=0.1083 | surrogate=-0.1483 | ABC=2525.0365
  Errors:       pos=0.1280 | rot=0.1273
============================================================

============================================================
ALICE UPDATE 397
============================================================
  Rewards:     mean=5.4444 | min=0.0000 | max=0.0000
  Losses:      value=0.0944 | surrogate=0.5804
  Outcomes:    9 episodes buffered
============================================================

============================================================
BOB UPDATE 144
============================================================
  Success Rate: 0.1419 (3586 eps)
  Rewards:      mean=0.0020
  Losses:       value=0.0109 | surrogate=0.4656 | ABC=2601.9357
  Errors:       pos=0.1283 | rot=0.1271
============================================================

============================================================
ALICE UPDATE 398
============================================================
  Rewards:     mean=6.0000 | min=0.0000 | max=0.0000
  Losses:      value=0.0122 | surrogate=0.2441
  Outcomes:    9 episodes buffered
============================================================

============================================================
ALICE UPDATE 399
============================================================
  Rewards:     mean=5.4444 | min=0.0000 | max=0.0000
  Losses:      value=0.0967 | surrogate=0.5631
  Outcomes:    9 episodes buffered
============================================================

============================================================
BOB UPDATE 145
============================================================
  Success Rate: 0.1417 (3600 eps)
  Rewards:      mean=0.0022
  Losses:       value=0.0497 | surrogate=0.1057 | ABC=2700.0319
  Errors:       pos=0.1285 | rot=0.1274
============================================================

============================================================
ALICE UPDATE 400
============================================================
  Rewards:     mean=6.0000 | min=0.0000 | max=0.0000
  Losses:      value=0.0083 | surrogate=0.2734
  Outcomes:    9 episodes buffered
============================================================

============================================================
BOB UPDATE 146
============================================================
  Success Rate: 0.1414 (3613 eps)
  Rewards:      mean=0.0021
  Losses:       value=0.0234 | surrogate=0.2853 | ABC=2798.7738
  Errors:       pos=0.1290 | rot=0.1279
============================================================

============================================================
ALICE UPDATE 401
============================================================
  Rewards:     mean=4.3333 | min=0.0000 | max=0.0000
  Losses:      value=0.1587 | surrogate=0.5728
  Outcomes:    9 episodes buffered
============================================================

============================================================
BOB UPDATE 147
============================================================
  Success Rate: 0.1418 (3626 eps)
  Rewards:      mean=0.0022
  Losses:       value=0.1273 | surrogate=-0.0686 | ABC=2874.3064
  Errors:       pos=0.1293 | rot=0.1278
============================================================

============================================================
ALICE UPDATE 402
============================================================
  Rewards:     mean=5.4444 | min=0.0000 | max=0.0000
  Losses:      value=0.1010 | surrogate=0.6171
  Outcomes:    9 episodes buffered
============================================================

============================================================
ALICE UPDATE 403
============================================================
  Rewards:     mean=4.3333 | min=0.0000 | max=0.0000
  Losses:      value=0.1332 | surrogate=0.5444
  Outcomes:    9 episodes buffered
============================================================

============================================================
BOB UPDATE 148
============================================================
  Success Rate: 0.1423 (3640 eps)
  Rewards:      mean=0.0020
  Losses:       value=0.1693 | surrogate=-0.1415 | ABC=2965.2524
  Errors:       pos=0.1296 | rot=0.1273
============================================================

============================================================
ALICE UPDATE 404
============================================================
  Rewards:     mean=3.7778 | min=0.0000 | max=0.0000
  Losses:      value=0.2157 | surrogate=0.8001
  Outcomes:    9 episodes buffered
============================================================

============================================================
ALICE UPDATE 405
============================================================
  Rewards:     mean=5.4444 | min=0.0000 | max=0.0000
  Losses:      value=0.0971 | surrogate=0.8427
  Outcomes:    9 episodes buffered
============================================================

============================================================
BOB UPDATE 149
============================================================
  Success Rate: 0.1429 (3661 eps)
  Rewards:      mean=0.0024
  Losses:       value=0.0340 | surrogate=0.1451 | ABC=3112.2063
  Errors:       pos=0.1301 | rot=0.1273
============================================================

============================================================
ALICE UPDATE 406
============================================================
  Rewards:     mean=4.8889 | min=0.0000 | max=0.0000
  Losses:      value=0.1191 | surrogate=0.6608
  Outcomes:    9 episodes buffered
============================================================

============================================================
ALICE UPDATE 407
============================================================
  Rewards:     mean=4.8889 | min=0.0000 | max=0.0000
  Losses:      value=0.1135 | surrogate=0.5854
  Outcomes:    9 episodes buffered
============================================================

============================================================
BOB UPDATE 150
============================================================
  Success Rate: 0.1430 (3678 eps)
  Rewards:      mean=0.0025
  Losses:       value=0.0272 | surrogate=0.1086 | ABC=3232.0403
  Errors:       pos=0.1307 | rot=0.1280
============================================================

============================================================
ALICE UPDATE 408
============================================================
  Rewards:     mean=5.4444 | min=0.0000 | max=0.0000
  Losses:      value=0.0473 | surrogate=0.2864
  Outcomes:    9 episodes buffered
============================================================

============================================================
BOB UPDATE 151
============================================================
  Success Rate: 0.1432 (3686 eps)
  Rewards:      mean=0.0027
  Losses:       value=0.0343 | surrogate=0.4657 | ABC=3291.0847
  Errors:       pos=0.1310 | rot=0.1279
============================================================

============================================================
ALICE UPDATE 409
============================================================
  Rewards:     mean=4.8889 | min=0.0000 | max=0.0000
  Losses:      value=0.1661 | surrogate=0.7408
  Outcomes:    9 episodes buffered
============================================================

============================================================
BOB UPDATE 152
============================================================
  Success Rate: 0.1437 (3695 eps)
  Rewards:      mean=0.0031
  Losses:       value=0.1610 | surrogate=-0.1487 | ABC=3349.5839
  Errors:       pos=0.1311 | rot=0.1279
============================================================

============================================================
ALICE UPDATE 410
============================================================
  Rewards:     mean=4.3333 | min=0.0000 | max=0.0000
  Losses:      value=0.1624 | surrogate=0.7680
  Outcomes:    9 episodes buffered
============================================================

============================================================
ALICE UPDATE 411
============================================================
  Rewards:     mean=4.3333 | min=0.0000 | max=0.0000
  Losses:      value=0.1383 | surrogate=0.6429
  Outcomes:    9 episodes buffered
============================================================

============================================================
BOB UPDATE 153
============================================================
  Success Rate: 0.1443 (3708 eps)
  Rewards:      mean=0.0035
  Losses:       value=0.1154 | surrogate=-0.1197 | ABC=3442.4955
  Errors:       pos=0.1312 | rot=0.1280
============================================================

============================================================
ALICE UPDATE 412
============================================================
  Rewards:     mean=4.8889 | min=0.0000 | max=0.0000
  Losses:      value=0.1123 | surrogate=0.7090
  Outcomes:    9 episodes buffered
============================================================

============================================================
BOB UPDATE 154
============================================================
  Success Rate: 0.1444 (3719 eps)
  Rewards:      mean=0.0037
  Losses:       value=0.1124 | surrogate=-0.1131 | ABC=3527.9214
  Errors:       pos=0.1315 | rot=0.1280
============================================================

============================================================
ALICE UPDATE 413
============================================================
  Rewards:     mean=4.8889 | min=0.0000 | max=0.0000
  Losses:      value=0.1281 | surrogate=0.8622
  Outcomes:    9 episodes buffered
============================================================

============================================================
BOB UPDATE 155
============================================================
  Success Rate: 0.1445 (3731 eps)
  Rewards:      mean=0.0034
  Losses:       value=0.0714 | surrogate=0.1063 | ABC=3645.3969
  Errors:       pos=0.1321 | rot=0.1279
============================================================

============================================================
ALICE UPDATE 414
============================================================
  Rewards:     mean=6.0000 | min=0.0000 | max=0.0000
  Losses:      value=0.0474 | surrogate=0.3860
  Outcomes:    9 episodes buffered
============================================================

============================================================
BOB UPDATE 156
============================================================
  Success Rate: 0.1441 (3740 eps)
  Rewards:      mean=0.0034
  Losses:       value=0.0128 | surrogate=0.4006 | ABC=3741.2200
  Errors:       pos=0.1325 | rot=0.1279
============================================================

============================================================
ALICE UPDATE 415
============================================================
  Rewards:     mean=5.4444 | min=0.0000 | max=0.0000
  Losses:      value=0.1188 | surrogate=0.6051
  Outcomes:    9 episodes buffered
============================================================

============================================================
ALICE UPDATE 416
============================================================
  Rewards:     mean=4.8889 | min=0.0000 | max=0.0000
  Losses:      value=0.1502 | surrogate=0.7967
  Outcomes:    9 episodes buffered
============================================================

============================================================
BOB UPDATE 157
============================================================
  Success Rate: 0.1444 (3754 eps)
  Rewards:      mean=0.0029
  Losses:       value=0.1436 | surrogate=-0.1913 | ABC=3862.3364
  Errors:       pos=0.1330 | rot=0.1277
============================================================

============================================================
ALICE UPDATE 417
============================================================
  Rewards:     mean=5.4444 | min=0.0000 | max=0.0000
  Losses:      value=0.1112 | surrogate=0.5214
  Outcomes:    9 episodes buffered
============================================================

============================================================
BOB UPDATE 158
============================================================
  Success Rate: 0.1445 (3765 eps)
  Rewards:      mean=0.0028
  Losses:       value=0.0257 | surrogate=0.3075 | ABC=3972.2978
  Errors:       pos=0.1334 | rot=0.1276
============================================================

============================================================
ALICE UPDATE 418
============================================================
  Rewards:     mean=5.4444 | min=0.0000 | max=0.0000
  Losses:      value=0.0884 | surrogate=0.5603
  Outcomes:    9 episodes buffered
============================================================

============================================================
ALICE UPDATE 419
============================================================
  Rewards:     mean=4.8889 | min=0.0000 | max=0.0000
  Losses:      value=0.1602 | surrogate=0.7186
  Outcomes:    9 episodes buffered
============================================================

============================================================
BOB UPDATE 159
============================================================
  Success Rate: 0.1448 (3784 eps)
  Rewards:      mean=0.0032
  Losses:       value=0.0731 | surrogate=0.0320 | ABC=4152.1872
  Errors:       pos=0.1339 | rot=0.1277
============================================================

============================================================
ALICE UPDATE 420
============================================================
  Rewards:     mean=4.8889 | min=0.0000 | max=0.0000
  Losses:      value=0.1591 | surrogate=0.7870
  Outcomes:    9 episodes buffered
============================================================

============================================================
ALICE UPDATE 421
============================================================
  Rewards:     mean=5.4444 | min=0.0000 | max=0.0000
  Losses:      value=0.0977 | surrogate=0.5864
  Outcomes:    9 episodes buffered
============================================================

============================================================
BOB UPDATE 160
============================================================
  Success Rate: 0.1445 (3800 eps)
  Rewards:      mean=0.0025
  Losses:       value=0.1484 | surrogate=-0.0696 | ABC=4334.2724
  Errors:       pos=0.1344 | rot=0.1277
============================================================

============================================================
ALICE UPDATE 422
============================================================
  Rewards:     mean=6.0000 | min=0.0000 | max=0.0000
  Losses:      value=0.0267 | surrogate=0.2529
  Outcomes:    9 episodes buffered
============================================================

============================================================
ALICE UPDATE 423
============================================================
  Rewards:     mean=5.4444 | min=0.0000 | max=0.0000
  Losses:      value=0.0387 | surrogate=0.2226
  Outcomes:    9 episodes buffered
============================================================

============================================================
BOB UPDATE 161
============================================================
  Success Rate: 0.1441 (3818 eps)
  Rewards:      mean=0.0018
  Losses:       value=0.0234 | surrogate=0.2556 | ABC=4558.7044
  Errors:       pos=0.1351 | rot=0.1279
============================================================

============================================================
ALICE UPDATE 424
============================================================
  Rewards:     mean=5.4444 | min=0.0000 | max=0.0000
  Losses:      value=0.0919 | surrogate=0.5607
  Outcomes:    9 episodes buffered
============================================================

============================================================
BOB UPDATE 162
============================================================
  Success Rate: 0.1443 (3831 eps)
  Rewards:      mean=0.0021
  Losses:       value=0.1162 | surrogate=-0.0224 | ABC=4677.6305
  Errors:       pos=0.1354 | rot=0.1278
============================================================

============================================================
ALICE UPDATE 425
============================================================
  Rewards:     mean=4.8889 | min=0.0000 | max=0.0000
  Losses:      value=0.1913 | surrogate=0.7962
  Outcomes:    9 episodes buffered
============================================================

============================================================
BOB UPDATE 163
============================================================
  Success Rate: 0.1440 (3840 eps)
  Rewards:      mean=0.0019
  Losses:       value=0.0156 | surrogate=0.5986 | ABC=4822.4714
  Errors:       pos=0.1357 | rot=0.1277
============================================================

============================================================
ALICE UPDATE 426
============================================================
  Rewards:     mean=5.4444 | min=0.0000 | max=0.0000
  Losses:      value=0.0356 | surrogate=0.2213
  Outcomes:    9 episodes buffered
============================================================

============================================================
BOB UPDATE 164
============================================================
  Success Rate: 0.1444 (3851 eps)
  Rewards:      mean=0.0021
  Losses:       value=0.1606 | surrogate=-0.1499 | ABC=4919.2143
  Errors:       pos=0.1360 | rot=0.1275
============================================================

============================================================
ALICE UPDATE 427
============================================================
  Rewards:     mean=4.8889 | min=0.0000 | max=0.0000
  Losses:      value=0.1681 | surrogate=0.7620
  Outcomes:    9 episodes buffered
============================================================

============================================================
ALICE UPDATE 428
============================================================
  Rewards:     mean=5.4444 | min=0.0000 | max=0.0000
  Losses:      value=0.0469 | surrogate=0.3861
  Outcomes:    9 episodes buffered
============================================================

============================================================
BOB UPDATE 165
============================================================
  Success Rate: 0.1442 (3862 eps)
  Rewards:      mean=0.0020
  Losses:       value=0.0378 | surrogate=0.0862 | ABC=5070.6656
  Errors:       pos=0.1364 | rot=0.1273
============================================================

============================================================
ALICE UPDATE 429
============================================================
  Rewards:     mean=6.0000 | min=0.0000 | max=0.0000
  Losses:      value=0.0100 | surrogate=0.2414
  Outcomes:    9 episodes buffered
============================================================

============================================================
BOB UPDATE 166
============================================================
  Success Rate: 0.1440 (3874 eps)
  Rewards:      mean=0.0018
  Losses:       value=0.0858 | surrogate=0.1130 | ABC=5237.4326
  Errors:       pos=0.1369 | rot=0.1271
============================================================

============================================================
ALICE UPDATE 430
============================================================
  Rewards:     mean=5.4444 | min=0.0000 | max=0.0000
  Losses:      value=0.0874 | surrogate=0.6213
  Outcomes:    9 episodes buffered
============================================================

============================================================
BOB UPDATE 167
============================================================
  Success Rate: 0.1437 (3883 eps)
  Rewards:      mean=0.0015
  Losses:       value=0.0045 | surrogate=0.3293 | ABC=5384.5111
  Errors:       pos=0.1372 | rot=0.1270
============================================================

============================================================
ALICE UPDATE 431
============================================================
  Rewards:     mean=5.4444 | min=0.0000 | max=0.0000
  Losses:      value=0.0828 | surrogate=0.5734
  Outcomes:    9 episodes buffered
============================================================

============================================================
BOB UPDATE 168
============================================================
  Success Rate: 0.1438 (3895 eps)
  Rewards:      mean=0.0016
  Losses:       value=0.0917 | surrogate=0.1283 | ABC=5540.9217
  Errors:       pos=0.1373 | rot=0.1267
============================================================

============================================================
ALICE UPDATE 432
============================================================
  Rewards:     mean=4.8889 | min=0.0000 | max=0.0000
  Losses:      value=0.1178 | surrogate=0.5203
  Outcomes:    9 episodes buffered
============================================================

============================================================
ALICE UPDATE 433
============================================================
  Rewards:     mean=5.4444 | min=0.0000 | max=0.0000
  Losses:      value=0.1013 | surrogate=0.5896
  Outcomes:    9 episodes buffered
============================================================

============================================================
BOB UPDATE 169
============================================================
  Success Rate: 0.1438 (3907 eps)
  Rewards:      mean=0.0020
  Losses:       value=0.0757 | surrogate=-0.0655 | ABC=5706.0700
  Errors:       pos=0.1375 | rot=0.1267
============================================================

============================================================
ALICE UPDATE 434
============================================================
  Rewards:     mean=4.8889 | min=0.0000 | max=0.0000
  Losses:      value=0.1873 | surrogate=0.8345
  Outcomes:    9 episodes buffered
============================================================

============================================================
BOB UPDATE 170
============================================================
  Success Rate: 0.1446 (3922 eps)
  Rewards:      mean=0.0025
  Losses:       value=0.1002 | surrogate=-0.0063 | ABC=5863.6885
  Errors:       pos=0.1378 | rot=0.1263
============================================================

============================================================
ALICE UPDATE 435
============================================================
  Rewards:     mean=3.7778 | min=0.0000 | max=0.0000
  Losses:      value=0.2314 | surrogate=0.9598
  Outcomes:    9 episodes buffered
============================================================

============================================================
ALICE UPDATE 436
============================================================
  Rewards:     mean=4.8889 | min=0.0000 | max=0.0000
  Losses:      value=0.1533 | surrogate=1.0092
  Outcomes:    9 episodes buffered
============================================================

============================================================
BOB UPDATE 171
============================================================
  Success Rate: 0.1449 (3935 eps)
  Rewards:      mean=0.0026
  Losses:       value=0.1238 | surrogate=-0.0201 | ABC=6052.6094
  Errors:       pos=0.1380 | rot=0.1260
============================================================

============================================================
ALICE UPDATE 437
============================================================
  Rewards:     mean=3.7778 | min=0.0000 | max=0.0000
  Losses:      value=0.1496 | surrogate=0.8236
  Outcomes:    9 episodes buffered
============================================================

============================================================
BOB UPDATE 172
============================================================
  Success Rate: 0.1458 (3945 eps)
  Rewards:      mean=0.0032
  Losses:       value=0.3650 | surrogate=-0.3411 | ABC=6140.4757
  Errors:       pos=0.1381 | rot=0.1260
============================================================

============================================================
ALICE UPDATE 438
============================================================
  Rewards:     mean=4.8889 | min=0.0000 | max=0.0000
  Losses:      value=0.1110 | surrogate=0.8076
  Outcomes:    9 episodes buffered
============================================================

============================================================
BOB UPDATE 173
============================================================
  Success Rate: 0.1458 (3958 eps)
  Rewards:      mean=0.0031
  Losses:       value=0.1146 | surrogate=0.2387 | ABC=6335.9118
  Errors:       pos=0.1383 | rot=0.1259
============================================================

============================================================
ALICE UPDATE 439
============================================================
  Rewards:     mean=4.8889 | min=0.0000 | max=0.0000
  Losses:      value=0.0901 | surrogate=0.6303
  Outcomes:    9 episodes buffered
============================================================

============================================================
ALICE UPDATE 440
============================================================
  Rewards:     mean=5.4444 | min=0.0000 | max=0.0000
  Losses:      value=0.0937 | surrogate=0.6512
  Outcomes:    9 episodes buffered
============================================================

============================================================
BOB UPDATE 174
============================================================
  Success Rate: 0.1458 (3972 eps)
  Rewards:      mean=0.0032
  Losses:       value=0.0784 | surrogate=0.1898 | ABC=6564.0512
  Errors:       pos=0.1386 | rot=0.1260
============================================================

============================================================
ALICE UPDATE 441
============================================================
  Rewards:     mean=6.0000 | min=0.0000 | max=0.0000
  Losses:      value=0.0196 | surrogate=0.2506
  Outcomes:    9 episodes buffered
============================================================

============================================================
BOB UPDATE 175
============================================================
  Success Rate: 0.1455 (3985 eps)
  Rewards:      mean=0.0032
  Losses:       value=0.0178 | surrogate=-0.0012 | ABC=6803.1806
  Errors:       pos=0.1392 | rot=0.1258
============================================================

============================================================
ALICE UPDATE 442
============================================================
  Rewards:     mean=4.8889 | min=0.0000 | max=0.0000
  Losses:      value=0.1008 | surrogate=0.5079
  Outcomes:    9 episodes buffered
============================================================

============================================================
ALICE UPDATE 443
============================================================
  Rewards:     mean=4.3333 | min=0.0000 | max=0.0000
  Losses:      value=0.1724 | surrogate=0.7080
  Outcomes:    9 episodes buffered
============================================================

============================================================
BOB UPDATE 176
============================================================
  Success Rate: 0.1461 (3996 eps)
  Rewards:      mean=0.0036
  Losses:       value=0.2156 | surrogate=-0.0742 | ABC=6944.3576
  Errors:       pos=0.1394 | rot=0.1255
============================================================

============================================================
ALICE UPDATE 444
============================================================
  Rewards:     mean=5.4444 | min=0.0000 | max=0.0000
  Losses:      value=0.1069 | surrogate=0.5705
  Outcomes:    9 episodes buffered
============================================================

============================================================
BOB UPDATE 177
============================================================
  Success Rate: 0.1458 (4013 eps)
  Rewards:      mean=0.0032
  Losses:       value=0.0118 | surrogate=0.1864 | ABC=7276.1772
  Errors:       pos=0.1399 | rot=0.1253
============================================================

============================================================
ALICE UPDATE 445
============================================================
  Rewards:     mean=5.4444 | min=0.0000 | max=0.0000
  Losses:      value=0.0377 | surrogate=0.2265
  Outcomes:    9 episodes buffered
============================================================

============================================================
ALICE UPDATE 446
============================================================
  Rewards:     mean=4.8889 | min=0.0000 | max=0.0000
  Losses:      value=0.1411 | surrogate=0.7808
  Outcomes:    9 episodes buffered
============================================================

============================================================
BOB UPDATE 178
============================================================
  Success Rate: 0.1463 (4027 eps)
  Rewards:      mean=0.0031
  Losses:       value=0.0774 | surrogate=0.0385 | ABC=7489.5209
  Errors:       pos=0.1399 | rot=0.1250
============================================================

============================================================
ALICE UPDATE 447
============================================================
  Rewards:     mean=5.4444 | min=0.0000 | max=0.0000
  Losses:      value=0.0991 | surrogate=0.5445
  Outcomes:    9 episodes buffered
============================================================

============================================================
ALICE UPDATE 448
============================================================
  Rewards:     mean=6.0000 | min=0.0000 | max=0.0000
  Losses:      value=0.0239 | surrogate=0.2773
  Outcomes:    9 episodes buffered
============================================================

============================================================
BOB UPDATE 179
============================================================
  Success Rate: 0.1458 (4041 eps)
  Rewards:      mean=0.0021
  Losses:       value=0.0160 | surrogate=0.4585 | ABC=7814.1320
  Errors:       pos=0.1402 | rot=0.1248
============================================================

============================================================
ALICE UPDATE 449
============================================================
  Rewards:     mean=5.4444 | min=0.0000 | max=0.0000
  Losses:      value=0.0406 | surrogate=0.2969
  Outcomes:    9 episodes buffered
============================================================

============================================================
BOB UPDATE 180
============================================================
  Success Rate: 0.1459 (4052 eps)
  Rewards:      mean=0.0023
  Losses:       value=0.1345 | surrogate=-0.1846 | ABC=8008.3508
  Errors:       pos=0.1400 | rot=0.1249
============================================================

============================================================
ALICE UPDATE 450
============================================================
  Rewards:     mean=4.8889 | min=0.0000 | max=0.0000
  Losses:      value=0.1075 | surrogate=0.4755
  Outcomes:    9 episodes buffered
============================================================

============================================================
BOB UPDATE 181
============================================================
  Success Rate: 0.1460 (4063 eps)
  Rewards:      mean=0.0022
  Losses:       value=0.0837 | surrogate=-0.1024 | ABC=8213.4159
  Errors:       pos=0.1401 | rot=0.1248
============================================================

============================================================
ALICE UPDATE 451
============================================================
  Rewards:     mean=5.4444 | min=0.0000 | max=0.0000
  Losses:      value=0.0854 | surrogate=0.5752
  Outcomes:    9 episodes buffered
============================================================

============================================================
BOB UPDATE 182
============================================================
  Success Rate: 0.1457 (4069 eps)
  Rewards:      mean=0.0022
  Losses:       value=0.0160 | surrogate=0.5322 | ABC=8364.4413
  Errors:       pos=0.1404 | rot=0.1248
============================================================

============================================================
ALICE UPDATE 452
============================================================
  Rewards:     mean=4.8889 | min=0.0000 | max=0.0000
  Losses:      value=0.2153 | surrogate=0.7567
  Outcomes:    9 episodes buffered
============================================================

============================================================
BOB UPDATE 183
============================================================
  Success Rate: 0.1457 (4084 eps)
  Rewards:      mean=0.0022
  Losses:       value=0.0189 | surrogate=0.0473 | ABC=8688.1674
  Errors:       pos=0.1408 | rot=0.1244
============================================================

============================================================
ALICE UPDATE 453
============================================================
  Rewards:     mean=6.0000 | min=0.0000 | max=0.0000
  Losses:      value=0.0133 | surrogate=0.3800
  Outcomes:    9 episodes buffered
============================================================

============================================================
BOB UPDATE 184
============================================================
  Success Rate: 0.1457 (4092 eps)
  Rewards:      mean=0.0020
  Losses:       value=0.0245 | surrogate=0.4004 | ABC=8875.3090
  Errors:       pos=0.1410 | rot=0.1243
============================================================

============================================================
ALICE UPDATE 454
============================================================
  Rewards:     mean=4.8889 | min=0.0000 | max=0.0000
  Losses:      value=0.1146 | surrogate=0.5102
  Outcomes:    9 episodes buffered
============================================================

============================================================
BOB UPDATE 185
============================================================
  Success Rate: 0.1455 (4102 eps)
  Rewards:      mean=0.0019
  Losses:       value=0.0730 | surrogate=0.0466 | ABC=9101.5501
  Errors:       pos=0.1411 | rot=0.1240
============================================================

============================================================
ALICE UPDATE 455
============================================================
  Rewards:     mean=6.0000 | min=0.0000 | max=0.0000
  Losses:      value=0.0121 | surrogate=0.3239
  Outcomes:    9 episodes buffered
============================================================

============================================================
ALICE UPDATE 456
============================================================
  Rewards:     mean=5.4444 | min=0.0000 | max=0.0000
  Losses:      value=0.1003 | surrogate=0.5797
  Outcomes:    9 episodes buffered
============================================================

============================================================
BOB UPDATE 186
============================================================
  Success Rate: 0.1453 (4116 eps)
  Rewards:      mean=0.0014
  Losses:       value=0.0573 | surrogate=-0.0030 | ABC=9491.6605
  Errors:       pos=0.1414 | rot=0.1236
============================================================

============================================================
ALICE UPDATE 457
============================================================
  Rewards:     mean=6.0000 | min=0.0000 | max=0.0000
  Losses:      value=0.0082 | surrogate=0.3697
  Outcomes:    9 episodes buffered
============================================================

============================================================
BOB UPDATE 187
============================================================
  Success Rate: 0.1449 (4127 eps)
  Rewards:      mean=0.0015
  Losses:       value=0.0133 | surrogate=0.2780 | ABC=9772.0519
  Errors:       pos=0.1415 | rot=0.1235
============================================================

============================================================
ALICE UPDATE 458
============================================================
  Rewards:     mean=6.0000 | min=0.0000 | max=0.0000
  Losses:      value=0.0088 | surrogate=0.3640
  Outcomes:    9 episodes buffered
============================================================

============================================================
ALICE UPDATE 459
============================================================
  Rewards:     mean=5.4444 | min=0.0000 | max=0.0000
  Losses:      value=0.0444 | surrogate=0.3188
  Outcomes:    9 episodes buffered
============================================================

============================================================
BOB UPDATE 188
============================================================
  Success Rate: 0.1446 (4143 eps)
  Rewards:      mean=0.0013
  Losses:       value=0.0196 | surrogate=0.1229 | ABC=10202.6306
  Errors:       pos=0.1417 | rot=0.1233
============================================================

============================================================
ALICE UPDATE 460
============================================================
  Rewards:     mean=5.4444 | min=0.0000 | max=0.0000
  Losses:      value=0.0338 | surrogate=0.2234
  Outcomes:    9 episodes buffered
============================================================

============================================================
BOB UPDATE 189
============================================================
  Success Rate: 0.1445 (4153 eps)
  Rewards:      mean=0.0012
  Losses:       value=0.0178 | surrogate=0.1655 | ABC=10499.7815
  Errors:       pos=0.1418 | rot=0.1230
============================================================

============================================================
ALICE UPDATE 461
============================================================
  Rewards:     mean=6.0000 | min=0.0000 | max=0.0000
  Losses:      value=0.0075 | surrogate=0.3249
  Outcomes:    9 episodes buffered
============================================================

============================================================
ALICE UPDATE 462
============================================================
  Rewards:     mean=6.0000 | min=0.0000 | max=0.0000
  Losses:      value=0.0050 | surrogate=0.3472
  Outcomes:    9 episodes buffered
============================================================

============================================================
BOB UPDATE 190
============================================================
  Success Rate: 0.1440 (4167 eps)
  Rewards:      mean=0.0009
  Losses:       value=0.0114 | surrogate=0.2148 | ABC=10924.0565
  Errors:       pos=0.1422 | rot=0.1236
============================================================

============================================================
ALICE UPDATE 463
============================================================
  Rewards:     mean=4.3333 | min=0.0000 | max=0.0000
  Losses:      value=0.1511 | surrogate=0.5143
  Outcomes:    9 episodes buffered
============================================================

============================================================
BOB UPDATE 191
============================================================
  Success Rate: 0.1449 (4182 eps)
  Rewards:      mean=0.0017
  Losses:       value=0.5816 | surrogate=-0.4549 | ABC=11221.4298
  Errors:       pos=0.1423 | rot=0.1234
============================================================

============================================================
ALICE UPDATE 464
============================================================
  Rewards:     mean=3.7778 | min=0.0000 | max=0.0000
  Losses:      value=0.2437 | surrogate=0.9091
  Outcomes:    9 episodes buffered
============================================================

============================================================
BOB UPDATE 192
============================================================
  Success Rate: 0.1452 (4193 eps)
  Rewards:      mean=0.0019
  Losses:       value=0.1133 | surrogate=0.1032 | ABC=11505.9086
  Errors:       pos=0.1425 | rot=0.1235
============================================================

============================================================
ALICE UPDATE 465
============================================================
  Rewards:     mean=4.8889 | min=0.0000 | max=0.0000
  Losses:      value=0.1426 | surrogate=1.0238
  Outcomes:    9 episodes buffered
============================================================

============================================================
ALICE UPDATE 466
============================================================
  Rewards:     mean=4.8889 | min=0.0000 | max=0.0000
  Losses:      value=0.1092 | surrogate=0.8219
  Outcomes:    9 episodes buffered
============================================================

============================================================
BOB UPDATE 193
============================================================
  Success Rate: 0.1453 (4205 eps)
  Rewards:      mean=0.0021
  Losses:       value=0.1814 | surrogate=0.3390 | ABC=11852.9107
  Errors:       pos=0.1428 | rot=0.1240
============================================================

============================================================
ALICE UPDATE 467
============================================================
  Rewards:     mean=6.0000 | min=0.0000 | max=0.0000
  Losses:      value=0.0284 | surrogate=0.5919
  Outcomes:    9 episodes buffered
============================================================

============================================================
BOB UPDATE 194
============================================================
  Success Rate: 0.1448 (4219 eps)
  Rewards:      mean=0.0020
  Losses:       value=0.0194 | surrogate=0.7386 | ABC=12342.0102
  Errors:       pos=0.1432 | rot=0.1242
============================================================

============================================================
ALICE UPDATE 468
============================================================
  Rewards:     mean=6.0000 | min=0.0000 | max=0.0000
  Losses:      value=0.0170 | surrogate=0.5617
  Outcomes:    9 episodes buffered
============================================================

============================================================
ALICE UPDATE 469
============================================================
  Rewards:     mean=4.8889 | min=0.0000 | max=0.0000
  Losses:      value=0.1708 | surrogate=0.7907
  Outcomes:    9 episodes buffered
============================================================

============================================================
BOB UPDATE 195
============================================================
  Success Rate: 0.1449 (4231 eps)
  Rewards:      mean=0.0022
  Losses:       value=0.1050 | surrogate=0.0536 | ABC=12699.9636
  Errors:       pos=0.1434 | rot=0.1243
============================================================

============================================================
ALICE UPDATE 470
============================================================
  Rewards:     mean=4.8889 | min=0.0000 | max=0.0000
  Losses:      value=0.1227 | surrogate=0.6629
  Outcomes:    9 episodes buffered
============================================================

============================================================
BOB UPDATE 196
============================================================
  Success Rate: 0.1448 (4246 eps)
  Rewards:      mean=0.0024
  Losses:       value=0.0576 | surrogate=0.1168 | ABC=13223.0990
  Errors:       pos=0.1439 | rot=0.1246
============================================================

============================================================
ALICE UPDATE 471
============================================================
  Rewards:     mean=6.0000 | min=0.0000 | max=0.0000
  Losses:      value=0.0203 | surrogate=0.4208
  Outcomes:    9 episodes buffered
============================================================

============================================================
ALICE UPDATE 472
============================================================
  Rewards:     mean=5.4444 | min=0.0000 | max=0.0000
  Losses:      value=0.0380 | surrogate=0.2681
  Outcomes:    9 episodes buffered
============================================================

============================================================
BOB UPDATE 197
============================================================
  Success Rate: 0.1446 (4261 eps)
  Rewards:      mean=0.0024
  Losses:       value=0.0558 | surrogate=0.2426 | ABC=13768.3650
  Errors:       pos=0.1443 | rot=0.1248
============================================================

============================================================
ALICE UPDATE 473
============================================================
  Rewards:     mean=5.4444 | min=0.0000 | max=0.0000
  Losses:      value=0.0892 | surrogate=0.6541
  Outcomes:    9 episodes buffered
============================================================

============================================================
BOB UPDATE 198
============================================================
  Success Rate: 0.1446 (4273 eps)
  Rewards:      mean=0.0025
  Losses:       value=0.0607 | surrogate=0.1870 | ABC=14190.4873
  Errors:       pos=0.1445 | rot=0.1245
============================================================

============================================================
ALICE UPDATE 474
============================================================
  Rewards:     mean=5.4444 | min=0.0000 | max=0.0000
  Losses:      value=0.1002 | surrogate=0.5355
  Outcomes:    9 episodes buffered
============================================================

============================================================
BOB UPDATE 199
============================================================
  Success Rate: 0.1445 (4283 eps)
  Rewards:      mean=0.0015
  Losses:       value=0.0267 | surrogate=0.4073 | ABC=14585.9948
  Errors:       pos=0.1448 | rot=0.1245
============================================================

============================================================
ALICE UPDATE 475
============================================================
  Rewards:     mean=5.4444 | min=0.0000 | max=0.0000
  Losses:      value=0.0305 | surrogate=0.2386
  Outcomes:    9 episodes buffered
============================================================

============================================================
ALICE UPDATE 476
============================================================
  Rewards:     mean=5.4444 | min=0.0000 | max=0.0000
  Losses:      value=0.1097 | surrogate=0.5223
  Outcomes:    9 episodes buffered
============================================================

============================================================
BOB UPDATE 200
============================================================
  Success Rate: 0.1444 (4294 eps)
  Rewards:      mean=0.0015
  Losses:       value=0.0759 | surrogate=0.0613 | ABC=15006.6219
  Errors:       pos=0.1452 | rot=0.1245
============================================================

============================================================
ALICE UPDATE 477
============================================================
  Rewards:     mean=5.4444 | min=0.0000 | max=0.0000
  Losses:      value=0.0437 | surrogate=0.3279
  Outcomes:    9 episodes buffered
============================================================

============================================================
BOB UPDATE 201
============================================================
  Success Rate: 0.1445 (4305 eps)
  Rewards:      mean=0.0016
  Losses:       value=0.0790 | surrogate=0.1195 | ABC=15441.6194
  Errors:       pos=0.1454 | rot=0.1245
============================================================

============================================================
ALICE UPDATE 478
============================================================
  Rewards:     mean=4.8889 | min=0.0000 | max=0.0000
  Losses:      value=0.1100 | surrogate=0.4943
  Outcomes:    9 episodes buffered
============================================================

============================================================
BOB UPDATE 202
============================================================
  Success Rate: 0.1445 (4317 eps)
  Rewards:      mean=0.0019
  Losses:       value=0.0684 | surrogate=0.3003 | ABC=15904.0171
  Errors:       pos=0.1456 | rot=0.1249
============================================================

============================================================
ALICE UPDATE 479
============================================================
  Rewards:     mean=5.4444 | min=0.0000 | max=0.0000
  Losses:      value=0.0867 | surrogate=0.5737
  Outcomes:    9 episodes buffered
============================================================

============================================================
BOB UPDATE 203
============================================================
  Success Rate: 0.1446 (4328 eps)
  Rewards:      mean=0.0019
  Losses:       value=0.0371 | surrogate=0.3309 | ABC=16350.0046
  Errors:       pos=0.1459 | rot=0.1249
============================================================

============================================================
ALICE UPDATE 480
============================================================
  Rewards:     mean=4.8889 | min=0.0000 | max=0.0000
  Losses:      value=0.2400 | surrogate=0.6654
  Outcomes:    9 episodes buffered
============================================================

============================================================
ALICE UPDATE 481
============================================================
  Rewards:     mean=5.4444 | min=0.0000 | max=0.0000
  Losses:      value=0.1024 | surrogate=0.6537
  Outcomes:    9 episodes buffered
============================================================

============================================================
BOB UPDATE 204
============================================================
  Success Rate: 0.1445 (4339 eps)
  Rewards:      mean=0.0017
  Losses:       value=0.0812 | surrogate=0.1546 | ABC=16851.6366
  Errors:       pos=0.1464 | rot=0.1252
============================================================

============================================================
ALICE UPDATE 482
============================================================
  Rewards:     mean=4.8889 | min=0.0000 | max=0.0000
  Losses:      value=0.1299 | surrogate=0.6318
  Outcomes:    9 episodes buffered
============================================================

============================================================
BOB UPDATE 205
============================================================
  Success Rate: 0.1448 (4351 eps)
  Rewards:      mean=0.0021
  Losses:       value=0.2064 | surrogate=-0.0185 | ABC=17322.0029
  Errors:       pos=0.1466 | rot=0.1252
============================================================

============================================================
ALICE UPDATE 483
============================================================
  Rewards:     mean=5.4444 | min=0.0000 | max=0.0000
  Losses:      value=0.1006 | surrogate=0.6614
  Outcomes:    9 episodes buffered
============================================================

============================================================
BOB UPDATE 206
============================================================
  Success Rate: 0.1447 (4360 eps)
  Rewards:      mean=0.0020
  Losses:       value=0.1213 | surrogate=0.2491 | ABC=17744.4972
  Errors:       pos=0.1468 | rot=0.1252
============================================================

============================================================
ALICE UPDATE 484
============================================================
  Rewards:     mean=5.4444 | min=0.0000 | max=0.0000
  Losses:      value=0.1097 | surrogate=0.6408
  Outcomes:    9 episodes buffered
============================================================

============================================================
BOB UPDATE 207
============================================================
  Success Rate: 0.1444 (4369 eps)
  Rewards:      mean=0.0018
  Losses:       value=0.0077 | surrogate=0.7529 | ABC=18217.8337
  Errors:       pos=0.1471 | rot=0.1253
============================================================

============================================================
ALICE UPDATE 485
============================================================
  Rewards:     mean=6.0000 | min=0.0000 | max=0.0000
  Losses:      value=0.0060 | surrogate=0.4380
  Outcomes:    9 episodes buffered
============================================================

============================================================
BOB UPDATE 208
============================================================
  Success Rate: 0.1441 (4379 eps)
  Rewards:      mean=0.0017
  Losses:       value=0.0140 | surrogate=0.7931 | ABC=18779.5413
  Errors:       pos=0.1475 | rot=0.1255
============================================================

============================================================
ALICE UPDATE 486
============================================================
  Rewards:     mean=5.4444 | min=0.0000 | max=0.0000
  Losses:      value=0.0331 | surrogate=0.2751
  Outcomes:    9 episodes buffered
============================================================

============================================================
BOB UPDATE 209
============================================================
  Success Rate: 0.1443 (4387 eps)
  Rewards:      mean=0.0019
  Losses:       value=0.1464 | surrogate=0.0584 | ABC=19109.0425
  Errors:       pos=0.1477 | rot=0.1256
============================================================

============================================================
ALICE UPDATE 487
============================================================
  Rewards:     mean=4.8889 | min=0.0000 | max=0.0000
  Losses:      value=0.1430 | surrogate=0.6415
  Outcomes:    9 episodes buffered
============================================================

============================================================
BOB UPDATE 210
============================================================
  Success Rate: 0.1441 (4399 eps)
  Rewards:      mean=0.0019
  Losses:       value=0.0572 | surrogate=0.2548 | ABC=19703.2122
  Errors:       pos=0.1480 | rot=0.1258
============================================================

============================================================
ALICE UPDATE 488
============================================================
  Rewards:     mean=5.4444 | min=0.0000 | max=0.0000
  Losses:      value=0.0313 | surrogate=0.3355
  Outcomes:    9 episodes buffered
============================================================

============================================================
BOB UPDATE 211
============================================================
  Success Rate: 0.1443 (4409 eps)
  Rewards:      mean=0.0017
  Losses:       value=0.0488 | surrogate=0.3583 | ABC=20188.0434
  Errors:       pos=0.1482 | rot=0.1261
============================================================

============================================================
ALICE UPDATE 489
============================================================
  Rewards:     mean=5.4444 | min=0.0000 | max=0.0000
  Losses:      value=0.0956 | surrogate=0.7239
  Outcomes:    9 episodes buffered
============================================================

============================================================
BOB UPDATE 212
============================================================
  Success Rate: 0.1444 (4417 eps)
  Rewards:      mean=0.0020
  Losses:       value=0.1374 | surrogate=0.0942 | ABC=20546.2595
  Errors:       pos=0.1485 | rot=0.1262
============================================================

============================================================
ALICE UPDATE 490
============================================================
  Rewards:     mean=4.8889 | min=0.0000 | max=0.0000
  Losses:      value=0.1795 | surrogate=0.8700
  Outcomes:    9 episodes buffered
============================================================

============================================================
ALICE UPDATE 491
============================================================
  Rewards:     mean=4.8889 | min=0.0000 | max=0.0000
  Losses:      value=0.0659 | surrogate=0.5447
  Outcomes:    9 episodes buffered
============================================================

============================================================
BOB UPDATE 213
============================================================
  Success Rate: 0.1444 (4431 eps)
  Rewards:      mean=0.0018
  Losses:       value=0.0972 | surrogate=0.1749 | ABC=21271.2212
  Errors:       pos=0.1487 | rot=0.1263
============================================================

============================================================
ALICE UPDATE 492
============================================================
  Rewards:     mean=5.4444 | min=0.0000 | max=0.0000
  Losses:      value=0.0945 | surrogate=0.8049
  Outcomes:    9 episodes buffered
============================================================

============================================================
BOB UPDATE 214
============================================================
  Success Rate: 0.1444 (4438 eps)
  Rewards:      mean=0.0019
  Losses:       value=0.1401 | surrogate=0.0817 | ABC=21661.8724
  Errors:       pos=0.1488 | rot=0.1265
============================================================

============================================================
ALICE UPDATE 493
============================================================
  Rewards:     mean=5.4444 | min=0.0000 | max=0.0000
  Losses:      value=0.0440 | surrogate=0.4868
  Outcomes:    9 episodes buffered
============================================================

============================================================
BOB UPDATE 215
============================================================
  Success Rate: 0.1445 (4451 eps)
  Rewards:      mean=0.0018
  Losses:       value=0.0525 | surrogate=0.2726 | ABC=22395.0232
  Errors:       pos=0.1491 | rot=0.1269
============================================================

============================================================
ALICE UPDATE 494
============================================================
  Rewards:     mean=4.8889 | min=0.0000 | max=0.0000
  Losses:      value=0.1196 | surrogate=0.6819
  Outcomes:    9 episodes buffered
============================================================

============================================================
BOB UPDATE 216
============================================================
  Success Rate: 0.1447 (4463 eps)
  Rewards:      mean=0.0021
  Losses:       value=0.1548 | surrogate=0.2265 | ABC=22970.9312
  Errors:       pos=0.1493 | rot=0.1270
============================================================

============================================================
ALICE UPDATE 495
============================================================
  Rewards:     mean=4.8889 | min=0.0000 | max=0.0000
  Losses:      value=0.1622 | surrogate=0.8779
  Outcomes:    9 episodes buffered
============================================================

============================================================
ALICE UPDATE 496
============================================================
  Rewards:     mean=4.8889 | min=0.0000 | max=0.0000
  Losses:      value=0.1153 | surrogate=0.7262
  Outcomes:    9 episodes buffered
============================================================

============================================================
BOB UPDATE 217
============================================================
  Success Rate: 0.1448 (4475 eps)
  Rewards:      mean=0.0024
  Losses:       value=0.0241 | surrogate=0.2962 | ABC=23739.8718
  Errors:       pos=0.1495 | rot=0.1268
============================================================

============================================================
ALICE UPDATE 497
============================================================
  Rewards:     mean=5.4444 | min=0.0000 | max=0.0000
  Losses:      value=0.1104 | surrogate=0.7606
  Outcomes:    9 episodes buffered
============================================================

============================================================
BOB UPDATE 218
============================================================
  Success Rate: 0.1451 (4486 eps)
  Rewards:      mean=0.0027
  Losses:       value=0.1819 | surrogate=0.1982 | ABC=24212.1663
  Errors:       pos=0.1497 | rot=0.1268
============================================================

============================================================
ALICE UPDATE 498
============================================================
  Rewards:     mean=4.8889 | min=0.0000 | max=0.0000
  Losses:      value=0.1507 | surrogate=0.8793
  Outcomes:    9 episodes buffered
============================================================

============================================================
BOB UPDATE 219
============================================================
  Success Rate: 0.1447 (4498 eps)
  Rewards:      mean=0.0024
  Losses:       value=0.0106 | surrogate=0.5104 | ABC=25171.1999
  Errors:       pos=0.1500 | rot=0.1272
============================================================

============================================================
ALICE UPDATE 499
============================================================
  Rewards:     mean=6.0000 | min=0.0000 | max=0.0000
  Losses:      value=0.0158 | surrogate=0.3909
  Outcomes:    9 episodes buffered
============================================================

============================================================
ALICE UPDATE 500
============================================================
  Rewards:     mean=4.8889 | min=0.0000 | max=0.0000
  Losses:      value=0.0635 | surrogate=0.2572
  Outcomes:    9 episodes buffered
============================================================

============================================================
BOB UPDATE 220
============================================================
  Success Rate: 0.1449 (4513 eps)
  Rewards:      mean=0.0024
  Losses:       value=0.0885 | surrogate=0.0722 | ABC=26062.4765
  Errors:       pos=0.1502 | rot=0.1272
============================================================

============================================================
ALICE UPDATE 501
============================================================
  Rewards:     mean=4.8889 | min=0.0000 | max=0.0000
  Losses:      value=0.1140 | surrogate=0.5196
  Outcomes:    9 episodes buffered
============================================================

============================================================
BOB UPDATE 221
============================================================
  Success Rate: 0.1448 (4522 eps)
  Rewards:      mean=0.0025
  Losses:       value=0.0929 | surrogate=0.1334 | ABC=26668.9603
  Errors:       pos=0.1505 | rot=0.1270
============================================================

============================================================
ALICE UPDATE 502
============================================================
  Rewards:     mean=5.4444 | min=0.0000 | max=0.0000
  Losses:      value=0.0918 | surrogate=0.5879
  Outcomes:    9 episodes buffered
============================================================

============================================================
BOB UPDATE 222
============================================================
  Success Rate: 0.1450 (4532 eps)
  Rewards:      mean=0.0025
  Losses:       value=0.0614 | surrogate=0.1204 | ABC=27350.5758
  Errors:       pos=0.1508 | rot=0.1267
============================================================

============================================================
ALICE UPDATE 503
============================================================
  Rewards:     mean=4.8889 | min=0.0000 | max=0.0000
  Losses:      value=0.1216 | surrogate=0.4923
  Outcomes:    9 episodes buffered
============================================================

============================================================
BOB UPDATE 223
============================================================
  Success Rate: 0.1449 (4541 eps)
  Rewards:      mean=0.0025
  Losses:       value=0.0248 | surrogate=0.4818 | ABC=27996.7716
  Errors:       pos=0.1511 | rot=0.1266
============================================================

============================================================
ALICE UPDATE 504
============================================================
  Rewards:     mean=4.8889 | min=0.0000 | max=0.0000
  Losses:      value=0.0658 | surrogate=0.3462
  Outcomes:    9 episodes buffered
============================================================

============================================================
BOB UPDATE 224
============================================================
  Success Rate: 0.1454 (4553 eps)
  Rewards:      mean=0.0028
  Losses:       value=0.1465 | surrogate=0.0742 | ABC=28677.6069
  Errors:       pos=0.1513 | rot=0.1268
============================================================

============================================================
ALICE UPDATE 505
============================================================
  Rewards:     mean=4.8889 | min=0.0000 | max=0.0000
  Losses:      value=0.1125 | surrogate=0.5350
  Outcomes:    9 episodes buffered
============================================================

============================================================
ALICE UPDATE 506
============================================================
  Rewards:     mean=6.0000 | min=0.0000 | max=0.0000
  Losses:      value=0.0097 | surrogate=0.4180
  Outcomes:    9 episodes buffered
============================================================

============================================================
BOB UPDATE 225
============================================================
  Success Rate: 0.1452 (4565 eps)
  Rewards:      mean=0.0025
  Losses:       value=0.0484 | surrogate=0.5693 | ABC=29595.0036
  Errors:       pos=0.1516 | rot=0.1268
============================================================

============================================================
ALICE UPDATE 507
============================================================
  Rewards:     mean=4.8889 | min=0.0000 | max=0.0000
  Losses:      value=0.1624 | surrogate=0.7806
  Outcomes:    9 episodes buffered
============================================================

============================================================
BOB UPDATE 226
============================================================
  Success Rate: 0.1454 (4574 eps)
  Rewards:      mean=0.0023
  Losses:       value=0.0805 | surrogate=0.2279 | ABC=30318.1463
  Errors:       pos=0.1518 | rot=0.1269
============================================================

============================================================
ALICE UPDATE 508
============================================================
  Rewards:     mean=4.8889 | min=0.0000 | max=0.0000
  Losses:      value=0.1212 | surrogate=0.7118
  Outcomes:    9 episodes buffered
============================================================

============================================================
ALICE UPDATE 509
============================================================
  Rewards:     mean=5.4444 | min=0.0000 | max=0.0000
  Losses:      value=0.0475 | surrogate=0.4127
  Outcomes:    9 episodes buffered
============================================================

============================================================
BOB UPDATE 227
============================================================
  Success Rate: 0.1453 (4591 eps)
  Rewards:      mean=0.0023
  Losses:       value=0.0542 | surrogate=0.1251 | ABC=31594.4857
  Errors:       pos=0.1524 | rot=0.1267
============================================================

============================================================
ALICE UPDATE 510
============================================================
  Rewards:     mean=6.0000 | min=0.0000 | max=0.0000
  Losses:      value=0.0123 | surrogate=0.3185
  Outcomes:    9 episodes buffered
============================================================

============================================================
BOB UPDATE 228
============================================================
  Success Rate: 0.1449 (4602 eps)
  Rewards:      mean=0.0023
  Losses:       value=0.0135 | surrogate=0.6059 | ABC=32632.2391
  Errors:       pos=0.1528 | rot=0.1267
============================================================

============================================================
ALICE UPDATE 511
============================================================
  Rewards:     mean=6.0000 | min=0.0000 | max=0.0000
  Losses:      value=0.0129 | surrogate=0.3598
  Outcomes:    9 episodes buffered
============================================================

============================================================
BOB UPDATE 229
============================================================
  Success Rate: 0.1446 (4612 eps)
  Rewards:      mean=0.0019
  Losses:       value=0.0146 | surrogate=0.6550 | ABC=33653.8947
  Errors:       pos=0.1532 | rot=0.1267
============================================================

============================================================
ALICE UPDATE 512
============================================================
  Rewards:     mean=5.4444 | min=0.0000 | max=0.0000
  Losses:      value=0.0494 | surrogate=0.3801
  Outcomes:    9 episodes buffered
============================================================

============================================================
BOB UPDATE 230
============================================================
  Success Rate: 0.1451 (4625 eps)
  Rewards:      mean=0.0022
  Losses:       value=0.1395 | surrogate=0.0265 | ABC=34548.4291
  Errors:       pos=0.1534 | rot=0.1267
============================================================

============================================================
ALICE UPDATE 513
============================================================
  Rewards:     mean=4.3333 | min=0.0000 | max=0.0000
  Losses:      value=0.1479 | surrogate=0.5522
  Outcomes:    9 episodes buffered
============================================================

============================================================
ALICE UPDATE 514
============================================================
  Rewards:     mean=5.4444 | min=0.0000 | max=0.0000
  Losses:      value=0.1176 | surrogate=0.6743
  Outcomes:    9 episodes buffered
============================================================

============================================================
BOB UPDATE 231
============================================================
  Success Rate: 0.1450 (4635 eps)
  Rewards:      mean=0.0021
  Losses:       value=0.0364 | surrogate=0.7462 | ABC=35540.9523
  Errors:       pos=0.1538 | rot=0.1267
============================================================

============================================================
ALICE UPDATE 515
============================================================
  Rewards:     mean=4.8889 | min=0.0000 | max=0.0000
  Losses:      value=0.0826 | surrogate=0.3128
  Outcomes:    9 episodes buffered
============================================================

============================================================
BOB UPDATE 232
============================================================
  Success Rate: 0.1451 (4644 eps)
  Rewards:      mean=0.0019
  Losses:       value=0.1842 | surrogate=-0.1131 | ABC=36247.0436
  Errors:       pos=0.1539 | rot=0.1266
============================================================

============================================================
ALICE UPDATE 516
============================================================
  Rewards:     mean=5.4444 | min=0.0000 | max=0.0000
  Losses:      value=0.0298 | surrogate=0.1987
  Outcomes:    9 episodes buffered
============================================================

============================================================
BOB UPDATE 233
============================================================
  Success Rate: 0.1452 (4657 eps)
  Rewards:      mean=0.0021
  Losses:       value=0.1411 | surrogate=-0.0995 | ABC=37455.4506
  Errors:       pos=0.1541 | rot=0.1265
============================================================

============================================================
ALICE UPDATE 517
============================================================
  Rewards:     mean=4.3333 | min=0.0000 | max=0.0000
  Losses:      value=0.1764 | surrogate=0.8133
  Outcomes:    9 episodes buffered
============================================================

============================================================
BOB UPDATE 234
============================================================
  Success Rate: 0.1454 (4669 eps)
  Rewards:      mean=0.0023
  Losses:       value=0.1177 | surrogate=0.3278 | ABC=38493.8199
  Errors:       pos=0.1541 | rot=0.1263
============================================================

============================================================
ALICE UPDATE 518
============================================================
  Rewards:     mean=4.8889 | min=0.0000 | max=0.0000
  Losses:      value=0.1085 | surrogate=0.6070
  Outcomes:    9 episodes buffered
============================================================

============================================================
ALICE UPDATE 519
============================================================
  Rewards:     mean=5.4444 | min=0.0000 | max=0.0000
  Losses:      value=0.0528 | surrogate=0.3884
  Outcomes:    9 episodes buffered
============================================================

============================================================
BOB UPDATE 235
============================================================
  Success Rate: 0.1455 (4680 eps)
  Rewards:      mean=0.0023
  Losses:       value=0.0648 | surrogate=0.3192 | ABC=39566.1713
  Errors:       pos=0.1542 | rot=0.1262
============================================================

============================================================
ALICE UPDATE 520
============================================================
  Rewards:     mean=3.7778 | min=0.0000 | max=0.0000
  Losses:      value=0.2068 | surrogate=0.7940
  Outcomes:    9 episodes buffered
============================================================

============================================================
ALICE UPDATE 521
============================================================
  Rewards:     mean=3.7778 | min=0.0000 | max=0.0000
  Losses:      value=0.1872 | surrogate=0.9520
  Outcomes:    9 episodes buffered
============================================================

============================================================
BOB UPDATE 236
============================================================
  Success Rate: 0.1467 (4698 eps)
  Rewards:      mean=0.0032
  Losses:       value=0.1826 | surrogate=0.3674 | ABC=40769.0125
  Errors:       pos=0.1542 | rot=0.1264
============================================================

============================================================
ALICE UPDATE 522
============================================================
  Rewards:     mean=4.8889 | min=0.0000 | max=0.0000
  Losses:      value=0.0981 | surrogate=0.5738
  Outcomes:    9 episodes buffered
============================================================

============================================================
BOB UPDATE 237
============================================================
  Success Rate: 0.1467 (4711 eps)
  Rewards:      mean=0.0035
  Losses:       value=0.0315 | surrogate=0.7218 | ABC=42211.7542
  Errors:       pos=0.1543 | rot=0.1265
============================================================

============================================================
ALICE UPDATE 523
============================================================
  Rewards:     mean=6.0000 | min=0.0000 | max=0.0000
  Losses:      value=0.0424 | surrogate=0.2831
  Outcomes:    9 episodes buffered
============================================================

============================================================
ALICE UPDATE 524
============================================================
  Rewards:     mean=5.4444 | min=0.0000 | max=0.0000
  Losses:      value=0.0503 | surrogate=0.2085
  Outcomes:    9 episodes buffered
============================================================

============================================================
BOB UPDATE 238
============================================================
  Success Rate: 0.1465 (4725 eps)
  Rewards:      mean=0.0035
  Losses:       value=0.1117 | surrogate=0.2316 | ABC=43803.7123
  Errors:       pos=0.1545 | rot=0.1265
============================================================

============================================================
ALICE UPDATE 525
============================================================
  Rewards:     mean=4.8889 | min=0.0000 | max=0.0000
  Losses:      value=0.2207 | surrogate=0.6315
  Outcomes:    9 episodes buffered
============================================================

============================================================
BOB UPDATE 239
============================================================
  Success Rate: 0.1469 (4738 eps)
  Rewards:      mean=0.0035
  Losses:       value=0.0528 | surrogate=0.4951 | ABC=45177.6553
  Errors:       pos=0.1546 | rot=0.1265
============================================================

============================================================
ALICE UPDATE 526
============================================================
  Rewards:     mean=4.8889 | min=0.0000 | max=0.0000
  Losses:      value=0.1800 | surrogate=0.6754
  Outcomes:    9 episodes buffered
============================================================

============================================================
BOB UPDATE 240
============================================================
  Success Rate: 0.1467 (4751 eps)
  Rewards:      mean=0.0035
  Losses:       value=0.0137 | surrogate=0.6300 | ABC=46755.1456
  Errors:       pos=0.1547 | rot=0.1263
============================================================

============================================================
ALICE UPDATE 527
============================================================
  Rewards:     mean=5.4444 | min=0.0000 | max=0.0000
  Losses:      value=0.0833 | surrogate=0.5545
  Outcomes:    9 episodes buffered
============================================================

============================================================
ALICE UPDATE 528
============================================================
  Rewards:     mean=3.7778 | min=0.0000 | max=0.0000
  Losses:      value=0.2694 | surrogate=0.8718
  Outcomes:    9 episodes buffered
============================================================

============================================================
BOB UPDATE 241
============================================================
  Success Rate: 0.1472 (4761 eps)
  Rewards:      mean=0.0038
  Losses:       value=0.2457 | surrogate=0.1572 | ABC=47692.3514
  Errors:       pos=0.1547 | rot=0.1261
============================================================

============================================================
ALICE UPDATE 529
============================================================
  Rewards:     mean=6.0000 | min=0.0000 | max=0.0000
  Losses:      value=0.0320 | surrogate=0.2380
  Outcomes:    9 episodes buffered
============================================================

============================================================
BOB UPDATE 242
============================================================
  Success Rate: 0.1468 (4774 eps)
  Rewards:      mean=0.0032
  Losses:       value=0.0124 | surrogate=0.9073 | ABC=49646.9065
  Errors:       pos=0.1551 | rot=0.1268
============================================================

============================================================
ALICE UPDATE 530
============================================================
  Rewards:     mean=5.4444 | min=0.0000 | max=0.0000
  Losses:      value=0.0435 | surrogate=0.1875
  Outcomes:    9 episodes buffered
============================================================

============================================================
BOB UPDATE 243
============================================================
  Success Rate: 0.1468 (4782 eps)
  Rewards:      mean=0.0032
  Losses:       value=0.0937 | surrogate=0.2246 | ABC=50539.9291
  Errors:       pos=0.1552 | rot=0.1271
============================================================

============================================================
ALICE UPDATE 531
============================================================
  Rewards:     mean=6.0000 | min=0.0000 | max=0.0000
  Losses:      value=0.0168 | surrogate=0.1248
  Outcomes:    9 episodes buffered
============================================================

============================================================
BOB UPDATE 244
============================================================
  Success Rate: 0.1464 (4795 eps)
  Rewards:      mean=0.0021
  Losses:       value=0.0123 | surrogate=0.7163 | ABC=52544.7204
  Errors:       pos=0.1556 | rot=0.1273
============================================================

============================================================
ALICE UPDATE 532
============================================================
  Rewards:     mean=6.0000 | min=0.0000 | max=0.0000
  Losses:      value=0.0073 | surrogate=0.0735
  Outcomes:    9 episodes buffered
============================================================

============================================================
ALICE UPDATE 533
============================================================
  Rewards:     mean=6.0000 | min=0.0000 | max=0.0000
  Losses:      value=0.0081 | surrogate=0.1186
  Outcomes:    9 episodes buffered
============================================================

============================================================
BOB UPDATE 245
============================================================
  Success Rate: 0.1460 (4807 eps)
  Rewards:      mean=0.0017
  Losses:       value=0.0136 | surrogate=0.9094 | ABC=54594.9633
  Errors:       pos=0.1557 | rot=0.1276
============================================================

============================================================
ALICE UPDATE 534
============================================================
  Rewards:     mean=4.3333 | min=0.0000 | max=0.0000
  Losses:      value=0.1527 | surrogate=0.4712
  Outcomes:    9 episodes buffered
============================================================

============================================================
BOB UPDATE 246
============================================================
  Success Rate: 0.1464 (4817 eps)
  Rewards:      mean=0.0021
  Losses:       value=0.1046 | surrogate=0.0917 | ABC=55809.4893
  Errors:       pos=0.1558 | rot=0.1276
============================================================

============================================================
ALICE UPDATE 535
============================================================
  Rewards:     mean=4.8889 | min=0.0000 | max=0.0000
  Losses:      value=0.1583 | surrogate=0.7475
  Outcomes:    9 episodes buffered
============================================================

============================================================
BOB UPDATE 247
============================================================
  Success Rate: 0.1465 (4826 eps)
  Rewards:      mean=0.0020
  Losses:       value=0.0496 | surrogate=0.3895 | ABC=56940.3172
  Errors:       pos=0.1559 | rot=0.1276
============================================================

============================================================
ALICE UPDATE 536
============================================================
  Rewards:     mean=5.4444 | min=0.0000 | max=0.0000
  Losses:      value=0.0343 | surrogate=0.2102
  Outcomes:    9 episodes buffered
============================================================

============================================================
BOB UPDATE 248
============================================================
  Success Rate: 0.1463 (4840 eps)
  Rewards:      mean=0.0018
  Losses:       value=0.0966 | surrogate=0.4355 | ABC=59232.8961
  Errors:       pos=0.1563 | rot=0.1279
============================================================

============================================================
ALICE UPDATE 537
============================================================
  Rewards:     mean=6.0000 | min=0.0000 | max=0.0000
  Losses:      value=0.0106 | surrogate=0.1826
  Outcomes:    9 episodes buffered
============================================================

============================================================
ALICE UPDATE 538
============================================================
  Rewards:     mean=6.0000 | min=0.0000 | max=0.0000
  Losses:      value=0.0112 | surrogate=0.1467
  Outcomes:    9 episodes buffered
============================================================

============================================================
BOB UPDATE 249
============================================================
  Success Rate: 0.1462 (4855 eps)
  Rewards:      mean=0.0013
  Losses:       value=0.0237 | surrogate=0.4263 | ABC=61552.5520
  Errors:       pos=0.1564 | rot=0.1283
============================================================

============================================================
ALICE UPDATE 539
============================================================
  Rewards:     mean=4.8889 | min=0.0000 | max=0.0000
  Losses:      value=0.1814 | surrogate=0.7409
  Outcomes:    9 episodes buffered
============================================================

============================================================
ALICE UPDATE 540
============================================================
  Rewards:     mean=4.8889 | min=0.0000 | max=0.0000
  Losses:      value=0.1180 | surrogate=0.5224
  Outcomes:    9 episodes buffered
============================================================

============================================================
BOB UPDATE 250
============================================================
  Success Rate: 0.1462 (4871 eps)
  Rewards:      mean=0.0017
  Losses:       value=0.1226 | surrogate=0.2400 | ABC=64186.9138
  Errors:       pos=0.1569 | rot=0.1285
============================================================

============================================================
ALICE UPDATE 541
============================================================
  Rewards:     mean=5.4444 | min=0.0000 | max=0.0000
  Losses:      value=0.0372 | surrogate=0.2514
  Outcomes:    9 episodes buffered
============================================================

============================================================
BOB UPDATE 251
============================================================
  Success Rate: 0.1460 (4885 eps)
  Rewards:      mean=0.0017
  Losses:       value=0.0235 | surrogate=0.5557 | ABC=66780.2011
  Errors:       pos=0.1570 | rot=0.1289
============================================================

============================================================
ALICE UPDATE 542
============================================================
  Rewards:     mean=6.0000 | min=0.0000 | max=0.0000
  Losses:      value=0.0119 | surrogate=0.3219
  Outcomes:    9 episodes buffered
============================================================

============================================================
ALICE UPDATE 543
============================================================
  Rewards:     mean=4.8889 | min=0.0000 | max=0.0000
  Losses:      value=0.1263 | surrogate=0.4842
  Outcomes:    9 episodes buffered
============================================================

============================================================
BOB UPDATE 252
============================================================
  Success Rate: 0.1460 (4903 eps)
  Rewards:      mean=0.0020
  Losses:       value=0.2148 | surrogate=0.1928 | ABC=69712.7918
  Errors:       pos=0.1575 | rot=0.1295
============================================================

============================================================
ALICE UPDATE 544
============================================================
  Rewards:     mean=5.4444 | min=0.0000 | max=0.0000
  Losses:      value=0.0889 | surrogate=0.5827
  Outcomes:    9 episodes buffered
============================================================

============================================================
ALICE UPDATE 545
============================================================
  Rewards:     mean=6.0000 | min=0.0000 | max=0.0000
  Losses:      value=0.0108 | surrogate=0.2987
  Outcomes:    9 episodes buffered
============================================================

============================================================
BOB UPDATE 253
============================================================
  Success Rate: 0.1457 (4914 eps)
  Rewards:      mean=0.0013
  Losses:       value=0.0106 | surrogate=0.4493 | ABC=72330.6725
  Errors:       pos=0.1578 | rot=0.1296
============================================================

============================================================
ALICE UPDATE 546
============================================================
  Rewards:     mean=6.0000 | min=0.0000 | max=0.0000
  Losses:      value=0.0075 | surrogate=0.2270
  Outcomes:    9 episodes buffered
============================================================

============================================================
BOB UPDATE 254
============================================================
  Success Rate: 0.1454 (4925 eps)
  Rewards:      mean=0.0012
  Losses:       value=0.0155 | surrogate=0.6036 | ABC=74566.0386
  Errors:       pos=0.1580 | rot=0.1298
============================================================

============================================================
ALICE UPDATE 547
============================================================
  Rewards:     mean=6.0000 | min=0.0000 | max=0.0000
  Losses:      value=0.0103 | surrogate=0.3759
  Outcomes:    9 episodes buffered
============================================================

============================================================
BOB UPDATE 255
============================================================
  Success Rate: 0.1452 (4938 eps)
  Rewards:      mean=0.0014
  Losses:       value=0.0227 | surrogate=0.3252 | ABC=77194.3756
  Errors:       pos=0.1583 | rot=0.1298
============================================================

============================================================
ALICE UPDATE 548
============================================================
  Rewards:     mean=5.4444 | min=0.0000 | max=0.0000
  Losses:      value=0.1039 | surrogate=0.5730
  Outcomes:    9 episodes buffered
============================================================

============================================================
ALICE UPDATE 549
============================================================
  Rewards:     mean=5.4444 | min=0.0000 | max=0.0000
  Losses:      value=0.0983 | surrogate=0.5704
  Outcomes:    9 episodes buffered
============================================================

============================================================
BOB UPDATE 256
============================================================
  Success Rate: 0.1450 (4953 eps)
  Rewards:      mean=0.0013
  Losses:       value=0.0187 | surrogate=0.2030 | ABC=80428.4921
  Errors:       pos=0.1586 | rot=0.1298
============================================================

============================================================
ALICE UPDATE 550
============================================================
  Rewards:     mean=5.4444 | min=0.0000 | max=0.0000
  Losses:      value=0.0370 | surrogate=0.3250
  Outcomes:    9 episodes buffered
============================================================

============================================================
BOB UPDATE 257
============================================================
  Success Rate: 0.1449 (4961 eps)
  Rewards:      mean=0.0013
  Losses:       value=0.0199 | surrogate=0.1132 | ABC=82364.3669
  Errors:       pos=0.1587 | rot=0.1300
============================================================

============================================================
ALICE UPDATE 551
============================================================
  Rewards:     mean=6.0000 | min=0.0000 | max=0.0000
  Losses:      value=0.0054 | surrogate=0.3864
  Outcomes:    9 episodes buffered
============================================================

============================================================
BOB UPDATE 258
============================================================
  Success Rate: 0.1447 (4969 eps)
  Rewards:      mean=0.0011
  Losses:       value=0.0139 | surrogate=0.8204 | ABC=84265.9389
  Errors:       pos=0.1588 | rot=0.1299
============================================================

============================================================
ALICE UPDATE 552
============================================================
  Rewards:     mean=4.8889 | min=0.0000 | max=0.0000
  Losses:      value=0.1217 | surrogate=0.5239
  Outcomes:    9 episodes buffered
============================================================

============================================================
BOB UPDATE 259
============================================================
  Success Rate: 0.1448 (4979 eps)
  Rewards:      mean=0.0013
  Losses:       value=0.0924 | surrogate=0.0343 | ABC=86395.4723
  Errors:       pos=0.1591 | rot=0.1301
============================================================

============================================================
ALICE UPDATE 553
============================================================
  Rewards:     mean=4.8889 | min=0.0000 | max=0.0000
  Losses:      value=0.1085 | surrogate=0.5379
  Outcomes:    9 episodes buffered
============================================================

============================================================
BOB UPDATE 260
============================================================
  Success Rate: 0.1452 (4993 eps)
  Rewards:      mean=0.0017
  Losses:       value=0.2005 | surrogate=0.0139 | ABC=88965.5951
  Errors:       pos=0.1591 | rot=0.1298
============================================================

============================================================
ALICE UPDATE 554
============================================================
  Rewards:     mean=4.8889 | min=0.0000 | max=0.0000
  Losses:      value=0.1617 | surrogate=0.8540
  Outcomes:    9 episodes buffered
============================================================

============================================================
ALICE UPDATE 555
============================================================
  Rewards:     mean=5.4444 | min=0.0000 | max=0.0000
  Losses:      value=0.1062 | surrogate=0.8391
  Outcomes:    9 episodes buffered
============================================================

============================================================
BOB UPDATE 261
============================================================
  Success Rate: 0.1451 (5004 eps)
  Rewards:      mean=0.0017
  Losses:       value=0.0503 | surrogate=0.7323 | ABC=91660.2483
  Errors:       pos=0.1594 | rot=0.1305
============================================================

============================================================
ALICE UPDATE 556
============================================================
  Rewards:     mean=3.7778 | min=0.0000 | max=0.0000
  Losses:      value=0.2084 | surrogate=1.0383
  Outcomes:    9 episodes buffered
============================================================

============================================================
BOB UPDATE 262
============================================================
  Success Rate: 0.1456 (5015 eps)
  Rewards:      mean=0.0022
  Losses:       value=0.1770 | surrogate=0.1022 | ABC=93580.6073
  Errors:       pos=0.1593 | rot=0.1304
============================================================

============================================================
ALICE UPDATE 557
============================================================
  Rewards:     mean=5.4444 | min=0.0000 | max=0.0000
  Losses:      value=0.1318 | surrogate=1.0084
  Outcomes:    9 episodes buffered
============================================================

============================================================
ALICE UPDATE 558
============================================================
  Rewards:     mean=4.8889 | min=0.0000 | max=0.0000
  Losses:      value=0.1470 | surrogate=1.0806
  Outcomes:    9 episodes buffered
============================================================

============================================================
BOB UPDATE 263
============================================================
  Success Rate: 0.1457 (5031 eps)
  Rewards:      mean=0.0026
  Losses:       value=0.0720 | surrogate=0.2535 | ABC=97419.6971
  Errors:       pos=0.1594 | rot=0.1310
============================================================

============================================================
ALICE UPDATE 559
============================================================
  Rewards:     mean=5.4444 | min=0.0000 | max=0.0000
  Losses:      value=0.1112 | surrogate=0.8715
  Outcomes:    9 episodes buffered
============================================================

============================================================
BOB UPDATE 264
============================================================
  Success Rate: 0.1454 (5047 eps)
  Rewards:      mean=0.0026
  Losses:       value=0.0164 | surrogate=0.5099 | ABC=101771.5354
  Errors:       pos=0.1597 | rot=0.1309
============================================================

============================================================
ALICE UPDATE 560
============================================================
  Rewards:     mean=5.4444 | min=0.0000 | max=0.0000
  Losses:      value=0.0433 | surrogate=0.3864
  Outcomes:    9 episodes buffered
============================================================

============================================================
ALICE UPDATE 561
============================================================
  Rewards:     mean=4.3333 | min=0.0000 | max=0.0000
  Losses:      value=0.1409 | surrogate=0.5610
  Outcomes:    9 episodes buffered
============================================================

============================================================
BOB UPDATE 265
============================================================
  Success Rate: 0.1458 (5060 eps)
  Rewards:      mean=0.0030
  Losses:       value=0.1514 | surrogate=0.1680 | ABC=104683.6373
  Errors:       pos=0.1600 | rot=0.1310
============================================================

============================================================
ALICE UPDATE 562
============================================================
  Rewards:     mean=6.0000 | min=0.0000 | max=0.0000
  Losses:      value=0.0176 | surrogate=0.3330
  Outcomes:    9 episodes buffered
============================================================

============================================================
BOB UPDATE 266
============================================================
  Success Rate: 0.1456 (5068 eps)
  Rewards:      mean=0.0029
  Losses:       value=0.0072 | surrogate=0.5894 | ABC=107173.6934
  Errors:       pos=0.1601 | rot=0.1311
============================================================

============================================================
ALICE UPDATE 563
============================================================
  Rewards:     mean=6.0000 | min=0.0000 | max=0.0000
  Losses:      value=0.0164 | surrogate=0.2569
  Outcomes:    9 episodes buffered
============================================================

============================================================
BOB UPDATE 267
============================================================
  Success Rate: 0.1454 (5076 eps)
  Rewards:      mean=0.0028
  Losses:       value=0.0123 | surrogate=0.9618 | ABC=109643.7023
  Errors:       pos=0.1602 | rot=0.1316
============================================================

============================================================
ALICE UPDATE 564
============================================================
  Rewards:     mean=6.0000 | min=0.0000 | max=0.0000
  Losses:      value=0.0102 | surrogate=0.2526
  Outcomes:    9 episodes buffered
============================================================

============================================================
BOB UPDATE 268
============================================================
  Success Rate: 0.1451 (5087 eps)
  Rewards:      mean=0.0021
  Losses:       value=0.0116 | surrogate=0.6216 | ABC=113071.2082
  Errors:       pos=0.1604 | rot=0.1322
============================================================

============================================================
ALICE UPDATE 565
============================================================
  Rewards:     mean=5.4444 | min=0.0000 | max=0.0000
  Losses:      value=0.0950 | surrogate=0.5094
  Outcomes:    9 episodes buffered
============================================================

============================================================
BOB UPDATE 269
============================================================
  Success Rate: 0.1452 (5098 eps)
  Rewards:      mean=0.0021
  Losses:       value=0.0723 | surrogate=0.3534 | ABC=116156.9540
  Errors:       pos=0.1606 | rot=0.1321
============================================================

============================================================
ALICE UPDATE 566
============================================================
  Rewards:     mean=5.4444 | min=0.0000 | max=0.0000
  Losses:      value=0.1064 | surrogate=0.5324
  Outcomes:    9 episodes buffered
============================================================

============================================================
ALICE UPDATE 567
============================================================
  Rewards:     mean=5.4444 | min=0.0000 | max=0.0000
  Losses:      value=0.0353 | surrogate=0.1893
  Outcomes:    9 episodes buffered
============================================================

============================================================
BOB UPDATE 270
============================================================
  Success Rate: 0.1450 (5112 eps)
  Rewards:      mean=0.0015
  Losses:       value=0.0388 | surrogate=0.4519 | ABC=120797.0634
  Errors:       pos=0.1608 | rot=0.1324
============================================================

============================================================
BOB UPDATE 271
============================================================
  Success Rate: 0.1449 (5120 eps)
  Rewards:      mean=0.0015
  Losses:       value=0.0823 | surrogate=0.2876 | ABC=123187.1245
  Errors:       pos=0.1610 | rot=0.1326
============================================================

============================================================
ALICE UPDATE 568
============================================================
  Rewards:     mean=5.4444 | min=0.0000 | max=0.0000
  Losses:      value=0.1037 | surrogate=0.5529
  Outcomes:    9 episodes buffered
============================================================

============================================================
ALICE UPDATE 569
============================================================
  Rewards:     mean=6.0000 | min=0.0000 | max=0.0000
  Losses:      value=0.0053 | surrogate=0.1862
  Outcomes:    9 episodes buffered
============================================================

============================================================
BOB UPDATE 272
============================================================
  Success Rate: 0.1446 (5130 eps)
  Rewards:      mean=0.0012
  Losses:       value=0.0051 | surrogate=0.2926 | ABC=126713.0581
  Errors:       pos=0.1614 | rot=0.1331
============================================================

============================================================
ALICE UPDATE 570
============================================================
  Rewards:     mean=6.0000 | min=0.0000 | max=0.0000
  Losses:      value=0.0056 | surrogate=0.3108
  Outcomes:    9 episodes buffered
============================================================

============================================================
BOB UPDATE 273
============================================================
  Success Rate: 0.1443 (5142 eps)
  Rewards:      mean=0.0012
  Losses:       value=0.0074 | surrogate=0.3899 | ABC=131385.8671
  Errors:       pos=0.1616 | rot=0.1331
============================================================

============================================================
ALICE UPDATE 571
============================================================
  Rewards:     mean=6.0000 | min=0.0000 | max=0.0000
  Losses:      value=0.0062 | surrogate=0.5942
  Outcomes:    9 episodes buffered
============================================================

============================================================
BOB UPDATE 274
============================================================
  Success Rate: 0.1439 (5156 eps)
  Rewards:      mean=0.0007
  Losses:       value=0.0062 | surrogate=0.5633 | ABC=136862.2349
  Errors:       pos=0.1620 | rot=0.1333
============================================================

============================================================
ALICE UPDATE 572
============================================================
  Rewards:     mean=6.0000 | min=0.0000 | max=0.0000
  Losses:      value=0.0061 | surrogate=0.4422
  Outcomes:    9 episodes buffered
============================================================

============================================================
ALICE UPDATE 573
============================================================
  Rewards:     mean=6.0000 | min=0.0000 | max=0.0000
  Losses:      value=0.0051 | surrogate=0.6158
  Outcomes:    9 episodes buffered
============================================================

============================================================
BOB UPDATE 275
============================================================
  Success Rate: 0.1438 (5167 eps)
  Rewards:      mean=0.0008
  Losses:       value=0.0398 | surrogate=0.4533 | ABC=141031.0322
  Errors:       pos=0.1623 | rot=0.1335
============================================================

============================================================
ALICE UPDATE 574
============================================================
  Rewards:     mean=4.8889 | min=0.0000 | max=0.0000
  Losses:      value=0.1322 | surrogate=0.5298
  Outcomes:    9 episodes buffered
============================================================

============================================================
BOB UPDATE 276
============================================================
  Success Rate: 0.1438 (5175 eps)
  Rewards:      mean=0.0009
  Losses:       value=0.0842 | surrogate=0.0924 | ABC=144132.8417
  Errors:       pos=0.1625 | rot=0.1338
============================================================

============================================================
ALICE UPDATE 575
============================================================
  Rewards:     mean=6.0000 | min=0.0000 | max=0.0000
  Losses:      value=0.0049 | surrogate=0.4182
  Outcomes:    9 episodes buffered
============================================================

============================================================
ALICE UPDATE 576
============================================================
  Rewards:     mean=6.0000 | min=0.0000 | max=0.0000
  Losses:      value=0.0034 | surrogate=0.3642
  Outcomes:    9 episodes buffered
============================================================

============================================================
BOB UPDATE 277
============================================================
  Success Rate: 0.1433 (5193 eps)
  Rewards:      mean=0.0007
  Losses:       value=0.0089 | surrogate=0.3853 | ABC=151330.5800
  Errors:       pos=0.1630 | rot=0.1340
============================================================

============================================================
ALICE UPDATE 577
============================================================
  Rewards:     mean=5.4444 | min=0.0000 | max=0.0000
  Losses:      value=0.0962 | surrogate=0.5995
  Outcomes:    9 episodes buffered
============================================================

============================================================
BOB UPDATE 278
============================================================
  Success Rate: 0.1432 (5202 eps)
  Rewards:      mean=0.0007
  Losses:       value=0.0234 | surrogate=0.3078 | ABC=154897.3247
  Errors:       pos=0.1633 | rot=0.1339
============================================================

============================================================
ALICE UPDATE 578
============================================================
  Rewards:     mean=4.3333 | min=0.0000 | max=0.0000
  Losses:      value=0.2588 | surrogate=0.9265
  Outcomes:    9 episodes buffered
============================================================

============================================================
BOB UPDATE 279
============================================================
  Success Rate: 0.1435 (5211 eps)
  Rewards:      mean=0.0010
  Losses:       value=0.2463 | surrogate=-0.0349 | ABC=157550.8646
  Errors:       pos=0.1634 | rot=0.1339
============================================================

============================================================
ALICE UPDATE 579
============================================================
  Rewards:     mean=5.4444 | min=0.0000 | max=0.0000
  Losses:      value=0.0999 | surrogate=0.8669
  Outcomes:    9 episodes buffered
============================================================

============================================================
BOB UPDATE 280
============================================================
  Success Rate: 0.1434 (5222 eps)
  Rewards:      mean=0.0012
  Losses:       value=0.0344 | surrogate=0.3479 | ABC=162475.2695
  Errors:       pos=0.1634 | rot=0.1340
============================================================

============================================================
ALICE UPDATE 580
============================================================
  Rewards:     mean=6.0000 | min=0.0000 | max=0.0000
  Losses:      value=0.0135 | surrogate=0.4968
  Outcomes:    9 episodes buffered
============================================================

============================================================
BOB UPDATE 281
============================================================
  Success Rate: 0.1433 (5234 eps)
  Rewards:      mean=0.0013
  Losses:       value=0.1027 | surrogate=0.1617 | ABC=167839.2081
  Errors:       pos=0.1636 | rot=0.1340
============================================================

============================================================
ALICE UPDATE 581
============================================================
  Rewards:     mean=4.8889 | min=0.0000 | max=0.0000
  Losses:      value=0.1112 | surrogate=0.7142
  Outcomes:    9 episodes buffered
============================================================

============================================================
BOB UPDATE 282
============================================================
  Success Rate: 0.1432 (5245 eps)
  Rewards:      mean=0.0015
  Losses:       value=0.1710 | surrogate=-0.0468 | ABC=172476.5116
  Errors:       pos=0.1637 | rot=0.1343
============================================================

============================================================
ALICE UPDATE 582
============================================================
  Rewards:     mean=6.0000 | min=0.0000 | max=0.0000
  Losses:      value=0.0115 | surrogate=0.4251
  Outcomes:    9 episodes buffered
============================================================

============================================================
BOB UPDATE 283
============================================================
  Success Rate: 0.1433 (5253 eps)
  Rewards:      mean=0.0018
  Losses:       value=0.0413 | surrogate=0.4389 | ABC=175715.9714
  Errors:       pos=0.1636 | rot=0.1342
============================================================

============================================================
ALICE UPDATE 583
============================================================
  Rewards:     mean=4.3333 | min=0.0000 | max=0.0000
  Losses:      value=0.1776 | surrogate=0.7583
  Outcomes:    9 episodes buffered
============================================================

============================================================
BOB UPDATE 284
============================================================
  Success Rate: 0.1435 (5263 eps)
  Rewards:      mean=0.0019
  Losses:       value=0.0512 | surrogate=0.6072 | ABC=179502.6824
  Errors:       pos=0.1637 | rot=0.1344
============================================================

============================================================
ALICE UPDATE 584
============================================================
  Rewards:     mean=5.4444 | min=0.0000 | max=0.0000
  Losses:      value=0.0955 | surrogate=0.8041
  Outcomes:    9 episodes buffered
============================================================

============================================================
ALICE UPDATE 585
============================================================
  Rewards:     mean=4.3333 | min=0.0000 | max=0.0000
  Losses:      value=0.2327 | surrogate=0.7217
  Outcomes:    9 episodes buffered
============================================================

============================================================
BOB UPDATE 285
============================================================
  Success Rate: 0.1437 (5274 eps)
  Rewards:      mean=0.0022
  Losses:       value=0.0466 | surrogate=0.0756 | ABC=183982.2499
  Errors:       pos=0.1637 | rot=0.1343
============================================================

============================================================
ALICE UPDATE 586
============================================================
  Rewards:     mean=5.4444 | min=0.0000 | max=0.0000
  Losses:      value=0.1066 | surrogate=0.7747
  Outcomes:    9 episodes buffered
============================================================

============================================================
BOB UPDATE 286
============================================================
  Success Rate: 0.1437 (5287 eps)
  Rewards:      mean=0.0025
  Losses:       value=0.0221 | surrogate=0.1919 | ABC=190015.0840
  Errors:       pos=0.1638 | rot=0.1343
============================================================

============================================================
ALICE UPDATE 587
============================================================
  Rewards:     mean=5.4444 | min=0.0000 | max=0.0000
  Losses:      value=0.1027 | surrogate=0.6900
  Outcomes:    9 episodes buffered
============================================================

============================================================
BOB UPDATE 287
============================================================
  Success Rate: 0.1438 (5300 eps)
  Rewards:      mean=0.0027
  Losses:       value=0.0515 | surrogate=0.3233 | ABC=196201.5085
  Errors:       pos=0.1640 | rot=0.1343
============================================================

============================================================
ALICE UPDATE 588
============================================================
  Rewards:     mean=4.8889 | min=0.0000 | max=0.0000
  Losses:      value=0.1508 | surrogate=0.8038
  Outcomes:    9 episodes buffered
============================================================

============================================================
ALICE UPDATE 589
============================================================
  Rewards:     mean=4.8889 | min=0.0000 | max=0.0000
  Losses:      value=0.1205 | surrogate=0.6053
  Outcomes:    9 episodes buffered
============================================================

============================================================
BOB UPDATE 288
============================================================
  Success Rate: 0.1438 (5313 eps)
  Rewards:      mean=0.0026
  Losses:       value=0.0945 | surrogate=0.1731 | ABC=202868.5427
  Errors:       pos=0.1642 | rot=0.1341
============================================================

============================================================
ALICE UPDATE 590
============================================================
  Rewards:     mean=6.0000 | min=0.0000 | max=0.0000
  Losses:      value=0.0204 | surrogate=0.3226
  Outcomes:    9 episodes buffered
============================================================

============================================================
BOB UPDATE 289
============================================================
  Success Rate: 0.1437 (5324 eps)
  Rewards:      mean=0.0025
  Losses:       value=0.0289 | surrogate=0.3259 | ABC=208828.4825
  Errors:       pos=0.1642 | rot=0.1339
============================================================

============================================================
ALICE UPDATE 591
============================================================
  Rewards:     mean=5.4444 | min=0.0000 | max=0.0000
  Losses:      value=0.0952 | surrogate=0.5890
  Outcomes:    9 episodes buffered
============================================================

============================================================
BOB UPDATE 290
============================================================
  Success Rate: 0.1434 (5336 eps)
  Rewards:      mean=0.0023
  Losses:       value=0.0158 | surrogate=0.5183 | ABC=216260.8904
  Errors:       pos=0.1643 | rot=0.1339
============================================================

============================================================
ALICE UPDATE 592
============================================================
  Rewards:     mean=6.0000 | min=0.0000 | max=0.0000
  Losses:      value=0.0103 | surrogate=0.2175
  Outcomes:    9 episodes buffered
============================================================

============================================================
ALICE UPDATE 593
============================================================
  Rewards:     mean=3.7778 | min=0.0000 | max=0.0000
  Losses:      value=0.2527 | surrogate=0.8301
  Outcomes:    9 episodes buffered
============================================================

============================================================
BOB UPDATE 291
============================================================
  Success Rate: 0.1438 (5348 eps)
  Rewards:      mean=0.0029
  Losses:       value=0.1375 | surrogate=0.1079 | ABC=221141.1789
  Errors:       pos=0.1644 | rot=0.1339
============================================================

============================================================
ALICE UPDATE 594
============================================================
  Rewards:     mean=6.0000 | min=0.0000 | max=0.0000
  Losses:      value=0.0250 | surrogate=0.3706
  Outcomes:    9 episodes buffered
============================================================

============================================================
BOB UPDATE 292
============================================================
  Success Rate: 0.1435 (5359 eps)
  Rewards:      mean=0.0023
  Losses:       value=0.0039 | surrogate=0.4490 | ABC=228871.1490
  Errors:       pos=0.1646 | rot=0.1342
============================================================

============================================================
ALICE UPDATE 595
============================================================
  Rewards:     mean=6.0000 | min=0.0000 | max=0.0000
  Losses:      value=0.0226 | surrogate=0.3622
  Outcomes:    9 episodes buffered
============================================================

============================================================
BOB UPDATE 293
============================================================
  Success Rate: 0.1434 (5370 eps)
  Rewards:      mean=0.0023
  Losses:       value=0.1071 | surrogate=0.1973 | ABC=235515.8736
  Errors:       pos=0.1647 | rot=0.1341
============================================================

============================================================
ALICE UPDATE 596
============================================================
  Rewards:     mean=4.8889 | min=0.0000 | max=0.0000
  Losses:      value=0.1210 | surrogate=0.4836
  Outcomes:    9 episodes buffered
============================================================

============================================================
BOB UPDATE 294
============================================================
  Success Rate: 0.1435 (5378 eps)
  Rewards:      mean=0.0022
  Losses:       value=0.1375 | surrogate=0.0004 | ABC=240169.4635
  Errors:       pos=0.1648 | rot=0.1343
============================================================

============================================================
ALICE UPDATE 597
============================================================
  Rewards:     mean=4.8889 | min=0.0000 | max=0.0000
  Losses:      value=0.1175 | surrogate=0.6398
  Outcomes:    9 episodes buffered
============================================================

============================================================
ALICE UPDATE 598
============================================================
  Rewards:     mean=6.0000 | min=0.0000 | max=0.0000
  Losses:      value=0.0175 | surrogate=0.2940
  Outcomes:    9 episodes buffered
============================================================

============================================================
BOB UPDATE 295
============================================================
  Success Rate: 0.1435 (5392 eps)
  Rewards:      mean=0.0021
  Losses:       value=0.0971 | surrogate=0.0933 | ABC=248454.9800
  Errors:       pos=0.1650 | rot=0.1341
============================================================

============================================================
ALICE UPDATE 599
============================================================
  Rewards:     mean=5.4444 | min=0.0000 | max=0.0000
  Losses:      value=0.0926 | surrogate=0.5393
  Outcomes:    9 episodes buffered
============================================================

============================================================
BOB UPDATE 296
============================================================
  Success Rate: 0.1433 (5400 eps)
  Rewards:      mean=0.0019
  Losses:       value=0.0122 | surrogate=0.9393 | ABC=254374.3264
  Errors:       pos=0.1649 | rot=0.1340
============================================================

============================================================
ALICE UPDATE 600
============================================================
  Rewards:     mean=4.8889 | min=0.0000 | max=0.0000
  Losses:      value=0.1818 | surrogate=0.7561
  Outcomes:    9 episodes buffered
============================================================

============================================================
BOB UPDATE 297
============================================================
  Success Rate: 0.1434 (5412 eps)
  Rewards:      mean=0.0020
  Losses:       value=0.0406 | surrogate=0.2836 | ABC=261410.2387
  Errors:       pos=0.1649 | rot=0.1339
============================================================

============================================================
ALICE UPDATE 601
============================================================
  Rewards:     mean=5.4444 | min=0.0000 | max=0.0000
  Losses:      value=0.0380 | surrogate=0.2595
  Outcomes:    9 episodes buffered
============================================================

============================================================
BOB UPDATE 298
============================================================
  Success Rate: 0.1433 (5422 eps)
  Rewards:      mean=0.0020
  Losses:       value=0.0233 | surrogate=0.7297 | ABC=268591.1020
  Errors:       pos=0.1649 | rot=0.1338
============================================================

============================================================
ALICE UPDATE 602
============================================================
  Rewards:     mean=5.4444 | min=0.0000 | max=0.0000
  Losses:      value=0.0360 | surrogate=0.2806
  Outcomes:    9 episodes buffered
============================================================

============================================================
ALICE UPDATE 603
============================================================
  Rewards:     mean=5.4444 | min=0.0000 | max=0.0000
  Losses:      value=0.0425 | surrogate=0.3887
  Outcomes:    9 episodes buffered
============================================================

============================================================
BOB UPDATE 299
============================================================
  Success Rate: 0.1433 (5437 eps)
  Rewards:      mean=0.0019
  Losses:       value=0.0269 | surrogate=0.4458 | ABC=279397.0505
  Errors:       pos=0.1651 | rot=0.1340
============================================================

============================================================
ALICE UPDATE 604
============================================================
  Rewards:     mean=4.8889 | min=0.0000 | max=0.0000
  Losses:      value=0.1110 | surrogate=0.4893
  Outcomes:    9 episodes buffered
============================================================

============================================================
BOB UPDATE 300
============================================================
  Success Rate: 0.1434 (5446 eps)
  Rewards:      mean=0.0019
  Losses:       value=0.3165 | surrogate=0.3475 | ABC=285414.6663
  Errors:       pos=0.1652 | rot=0.1343
============================================================

============================================================
ALICE UPDATE 605
============================================================
  Rewards:     mean=5.4444 | min=0.0000 | max=0.0000
  Losses:      value=0.1033 | surrogate=0.5690
  Outcomes:    9 episodes buffered
============================================================

============================================================
BOB UPDATE 301
============================================================
  Success Rate: 0.1434 (5455 eps)
  Rewards:      mean=0.0021
  Losses:       value=0.0339 | surrogate=0.5652 | ABC=292101.8405
  Errors:       pos=0.1652 | rot=0.1342
============================================================

============================================================
ALICE UPDATE 606
============================================================
  Rewards:     mean=5.4444 | min=0.0000 | max=0.0000
  Losses:      value=0.0351 | surrogate=0.2261
  Outcomes:    9 episodes buffered
============================================================

============================================================
BOB UPDATE 302
============================================================
  Success Rate: 0.1433 (5470 eps)
  Rewards:      mean=0.0021
  Losses:       value=0.0549 | surrogate=0.7225 | ABC=303645.8497
  Errors:       pos=0.1654 | rot=0.1346
============================================================

============================================================
ALICE UPDATE 607
============================================================
  Rewards:     mean=5.4444 | min=0.0000 | max=0.0000
  Losses:      value=0.0804 | surrogate=0.5838
  Outcomes:    9 episodes buffered
============================================================

============================================================
BOB UPDATE 303
============================================================
  Success Rate: 0.1434 (5480 eps)
  Rewards:      mean=0.0021
  Losses:       value=0.1029 | surrogate=0.3235 | ABC=310985.3507
  Errors:       pos=0.1654 | rot=0.1345
============================================================

============================================================
ALICE UPDATE 608
============================================================
  Rewards:     mean=4.8889 | min=0.0000 | max=0.0000
  Losses:      value=0.1220 | surrogate=0.6245
  Outcomes:    9 episodes buffered
============================================================

============================================================
ALICE UPDATE 609
============================================================
  Rewards:     mean=6.0000 | min=0.0000 | max=0.0000
  Losses:      value=0.0115 | surrogate=0.3914
  Outcomes:    9 episodes buffered
============================================================

============================================================
BOB UPDATE 304
============================================================
  Success Rate: 0.1431 (5493 eps)
  Rewards:      mean=0.0020
  Losses:       value=0.0101 | surrogate=1.2952 | ABC=322868.2587
  Errors:       pos=0.1653 | rot=0.1343
============================================================

============================================================
ALICE UPDATE 610
============================================================
  Rewards:     mean=5.4444 | min=0.0000 | max=0.0000
  Losses:      value=0.0346 | surrogate=0.2345
  Outcomes:    9 episodes buffered
============================================================

============================================================
BOB UPDATE 305
============================================================
  Success Rate: 0.1431 (5505 eps)
  Rewards:      mean=0.0020
  Losses:       value=0.0792 | surrogate=0.2375 | ABC=333954.7985
  Errors:       pos=0.1653 | rot=0.1341
============================================================

============================================================
ALICE UPDATE 611
============================================================
  Rewards:     mean=5.4444 | min=0.0000 | max=0.0000
  Losses:      value=0.0980 | surrogate=0.5919
  Outcomes:    9 episodes buffered
============================================================

============================================================
BOB UPDATE 306
============================================================
  Success Rate: 0.1430 (5512 eps)
  Rewards:      mean=0.0019
  Losses:       value=0.0052 | surrogate=0.5890 | ABC=339926.1422
  Errors:       pos=0.1653 | rot=0.1339
============================================================

============================================================
ALICE UPDATE 612
============================================================
  Rewards:     mean=6.0000 | min=0.0000 | max=0.0000
  Losses:      value=0.0076 | surrogate=0.5102
  Outcomes:    9 episodes buffered
============================================================

============================================================
BOB UPDATE 307
============================================================
  Success Rate: 0.1427 (5523 eps)
  Rewards:      mean=0.0017
  Losses:       value=0.0084 | surrogate=0.5537 | ABC=350406.0295
  Errors:       pos=0.1657 | rot=0.1343
============================================================

============================================================
ALICE UPDATE 613
============================================================
  Rewards:     mean=5.4444 | min=0.0000 | max=0.0000
  Losses:      value=0.0333 | surrogate=0.2895
  Outcomes:    9 episodes buffered
============================================================

============================================================
ALICE UPDATE 614
============================================================
  Rewards:     mean=6.0000 | min=0.0000 | max=0.0000
  Losses:      value=0.0075 | surrogate=0.4399
  Outcomes:    9 episodes buffered
============================================================

============================================================
BOB UPDATE 308
============================================================
  Success Rate: 0.1425 (5536 eps)
  Rewards:      mean=0.0016
  Losses:       value=0.0222 | surrogate=0.5326 | ABC=363929.7552
  Errors:       pos=0.1657 | rot=0.1342
============================================================

============================================================
ALICE UPDATE 615
============================================================
  Rewards:     mean=5.4444 | min=0.0000 | max=0.0000
  Losses:      value=0.1061 | surrogate=0.6108
  Outcomes:    9 episodes buffered
============================================================

============================================================
BOB UPDATE 309
============================================================
  Success Rate: 0.1425 (5545 eps)
  Rewards:      mean=0.0014
  Losses:       value=0.0469 | surrogate=0.7590 | ABC=371847.1923
  Errors:       pos=0.1657 | rot=0.1342
============================================================

============================================================
ALICE UPDATE 616
============================================================
  Rewards:     mean=6.0000 | min=0.0000 | max=0.0000
  Losses:      value=0.0076 | surrogate=0.4691
  Outcomes:    9 episodes buffered
============================================================

============================================================
BOB UPDATE 310
============================================================
  Success Rate: 0.1422 (5555 eps)
  Rewards:      mean=0.0013
  Losses:       value=0.0139 | surrogate=0.5224 | ABC=383820.4842
  Errors:       pos=0.1660 | rot=0.1341
============================================================

============================================================
ALICE UPDATE 617
============================================================
  Rewards:     mean=5.4444 | min=0.0000 | max=0.0000
  Losses:      value=0.0377 | surrogate=0.2439
  Outcomes:    9 episodes buffered
============================================================

============================================================
BOB UPDATE 311
============================================================
  Success Rate: 0.1422 (5568 eps)
  Rewards:      mean=0.0014
  Losses:       value=0.1133 | surrogate=0.1160 | ABC=396532.7640
  Errors:       pos=0.1661 | rot=0.1341
============================================================

============================================================
ALICE UPDATE 618
============================================================
  Rewards:     mean=4.8889 | min=0.0000 | max=0.0000
  Losses:      value=0.1418 | surrogate=0.5921
  Outcomes:    9 episodes buffered
============================================================

============================================================
BOB UPDATE 312
============================================================
  Success Rate: 0.1422 (5576 eps)
  Rewards:      mean=0.0012
  Losses:       value=0.1533 | surrogate=0.1839 | ABC=405256.3032
  Errors:       pos=0.1663 | rot=0.1342
============================================================

============================================================
ALICE UPDATE 619
============================================================
  Rewards:     mean=4.8889 | min=0.0000 | max=0.0000
  Losses:      value=0.0650 | surrogate=0.3869
  Outcomes:    9 episodes buffered
============================================================

============================================================
BOB UPDATE 313
============================================================
  Success Rate: 0.1425 (5587 eps)
  Rewards:      mean=0.0017
  Losses:       value=0.0643 | surrogate=0.4025 | ABC=415065.2685
  Errors:       pos=0.1662 | rot=0.1340
============================================================

============================================================
ALICE UPDATE 620
============================================================
  Rewards:     mean=4.8889 | min=0.0000 | max=0.0000
  Losses:      value=0.1206 | surrogate=0.5973
  Outcomes:    9 episodes buffered
============================================================

============================================================
ALICE UPDATE 621
============================================================
  Rewards:     mean=4.8889 | min=0.0000 | max=0.0000
  Losses:      value=0.1167 | surrogate=0.6674
  Outcomes:    9 episodes buffered
============================================================

============================================================
BOB UPDATE 314
============================================================
  Success Rate: 0.1426 (5602 eps)
  Rewards:      mean=0.0018
  Losses:       value=0.1894 | surrogate=0.2290 | ABC=430103.4660
  Errors:       pos=0.1663 | rot=0.1340
============================================================

============================================================
ALICE UPDATE 622
============================================================
  Rewards:     mean=6.0000 | min=0.0000 | max=0.0000
  Losses:      value=0.0114 | surrogate=0.5025
  Outcomes:    9 episodes buffered
============================================================

============================================================
BOB UPDATE 315
============================================================
  Success Rate: 0.1426 (5610 eps)
  Rewards:      mean=0.0020
  Losses:       value=0.0221 | surrogate=0.6227 | ABC=438128.5648
  Errors:       pos=0.1665 | rot=0.1339
============================================================

============================================================
ALICE UPDATE 623
============================================================
  Rewards:     mean=4.3333 | min=0.0000 | max=0.0000
  Losses:      value=0.2009 | surrogate=0.7372
  Outcomes:    9 episodes buffered
============================================================

============================================================
BOB UPDATE 316
============================================================
  Success Rate: 0.1428 (5624 eps)
  Rewards:      mean=0.0023
  Losses:       value=0.0503 | surrogate=0.3515 | ABC=454387.1138
  Errors:       pos=0.1665 | rot=0.1338
============================================================

============================================================
ALICE UPDATE 624
============================================================
  Rewards:     mean=5.4444 | min=0.0000 | max=0.0000
  Losses:      value=0.0968 | surrogate=0.7296
  Outcomes:    9 episodes buffered
============================================================

============================================================
ALICE UPDATE 625
============================================================
  Rewards:     mean=5.4444 | min=0.0000 | max=0.0000
  Losses:      value=0.0353 | surrogate=0.2459
  Outcomes:    9 episodes buffered
============================================================

============================================================
BOB UPDATE 317
============================================================
  Success Rate: 0.1427 (5636 eps)
  Rewards:      mean=0.0024
  Losses:       value=0.1151 | surrogate=0.7957 | ABC=470014.9900
  Errors:       pos=0.1666 | rot=0.1339
============================================================

============================================================
ALICE UPDATE 626
============================================================
  Rewards:     mean=5.4444 | min=0.0000 | max=0.0000
  Losses:      value=0.0748 | surrogate=0.6795
  Outcomes:    9 episodes buffered
============================================================

============================================================
BOB UPDATE 318
============================================================
  Success Rate: 0.1427 (5649 eps)
  Rewards:      mean=0.0026
  Losses:       value=0.0325 | surrogate=0.3992 | ABC=484938.1440
  Errors:       pos=0.1667 | rot=0.1339
============================================================

============================================================
ALICE UPDATE 627
============================================================
  Rewards:     mean=4.8889 | min=0.0000 | max=0.0000
  Losses:      value=0.1167 | surrogate=0.5787
  Outcomes:    9 episodes buffered
============================================================

============================================================
BOB UPDATE 319
============================================================
  Success Rate: 0.1428 (5658 eps)
  Rewards:      mean=0.0029
  Losses:       value=0.1791 | surrogate=0.1363 | ABC=495766.2360
  Errors:       pos=0.1667 | rot=0.1339
============================================================

============================================================
ALICE UPDATE 628
============================================================
  Rewards:     mean=5.4444 | min=0.0000 | max=0.0000
  Losses:      value=0.0818 | surrogate=0.6588
  Outcomes:    9 episodes buffered
============================================================

============================================================
ALICE UPDATE 629
============================================================
  Rewards:     mean=5.4444 | min=0.0000 | max=0.0000
  Losses:      value=0.0418 | surrogate=0.3941
  Outcomes:    9 episodes buffered
============================================================

============================================================
BOB UPDATE 320
============================================================
  Success Rate: 0.1426 (5673 eps)
  Rewards:      mean=0.0026
  Losses:       value=0.0160 | surrogate=0.4527 | ABC=515201.6483
  Errors:       pos=0.1669 | rot=0.1340
============================================================

============================================================
ALICE UPDATE 630
============================================================
  Rewards:     mean=5.4444 | min=0.0000 | max=0.0000
  Losses:      value=0.0386 | surrogate=0.2938
  Outcomes:    9 episodes buffered
============================================================

============================================================
BOB UPDATE 321
============================================================
  Success Rate: 0.1429 (5683 eps)
  Rewards:      mean=0.0026
  Losses:       value=0.0660 | surrogate=0.4966 | ABC=526347.6987
  Errors:       pos=0.1669 | rot=0.1339
============================================================

============================================================
ALICE UPDATE 631
============================================================
  Rewards:     mean=4.8889 | min=0.0000 | max=0.0000
  Losses:      value=0.1947 | surrogate=0.8080
  Outcomes:    9 episodes buffered
============================================================

============================================================
BOB UPDATE 322
============================================================
  Success Rate: 0.1430 (5693 eps)
  Rewards:      mean=0.0026
  Losses:       value=0.0232 | surrogate=0.4211 | ABC=539711.1540
  Errors:       pos=0.1671 | rot=0.1338
============================================================

============================================================
ALICE UPDATE 632
============================================================
  Rewards:     mean=4.3333 | min=0.0000 | max=0.0000
  Losses:      value=0.1897 | surrogate=0.8503
  Outcomes:    9 episodes buffered
============================================================

============================================================
BOB UPDATE 323
============================================================
  Success Rate: 0.1429 (5702 eps)
  Rewards:      mean=0.0026
  Losses:       value=0.0370 | surrogate=0.4703 | ABC=552857.5250
  Errors:       pos=0.1671 | rot=0.1338
============================================================

============================================================
ALICE UPDATE 633
============================================================
  Rewards:     mean=6.0000 | min=0.0000 | max=0.0000
  Losses:      value=0.0425 | surrogate=0.7559
  Outcomes:    9 episodes buffered
============================================================

============================================================
ALICE UPDATE 634
============================================================
  Rewards:     mean=5.4444 | min=0.0000 | max=0.0000
  Losses:      value=0.0926 | surrogate=0.6612
  Outcomes:    9 episodes buffered
============================================================

============================================================
BOB UPDATE 324
============================================================
  Success Rate: 0.1427 (5718 eps)
  Rewards:      mean=0.0021
  Losses:       value=0.0188 | surrogate=0.3056 | ABC=577867.6695
  Errors:       pos=0.1675 | rot=0.1336
============================================================

============================================================
ALICE UPDATE 635
============================================================
  Rewards:     mean=5.4444 | min=0.0000 | max=0.0000
  Losses:      value=0.0444 | surrogate=0.4006
  Outcomes:    9 episodes buffered
============================================================

============================================================
BOB UPDATE 325
============================================================
  Success Rate: 0.1426 (5731 eps)
  Rewards:      mean=0.0021
  Losses:       value=0.1644 | surrogate=0.2995 | ABC=598730.5285
  Errors:       pos=0.1676 | rot=0.1334
============================================================

============================================================
ALICE UPDATE 636
============================================================
  Rewards:     mean=6.0000 | min=0.0000 | max=0.0000
  Losses:      value=0.0224 | surrogate=0.3814
  Outcomes:    9 episodes buffered
============================================================

============================================================
BOB UPDATE 326
============================================================
  Success Rate: 0.1423 (5740 eps)
  Rewards:      mean=0.0020
  Losses:       value=0.0110 | surrogate=0.8325 | ABC=615377.2115
  Errors:       pos=0.1677 | rot=0.1336
============================================================

============================================================
ALICE UPDATE 637
============================================================
  Rewards:     mean=6.0000 | min=0.0000 | max=0.0000
  Losses:      value=0.0096 | surrogate=0.2363
  Outcomes:    9 episodes buffered
============================================================

============================================================
ALICE UPDATE 638
============================================================
  Rewards:     mean=4.3333 | min=0.0000 | max=0.0000
  Losses:      value=0.2461 | surrogate=0.9075
  Outcomes:    9 episodes buffered
============================================================

============================================================
BOB UPDATE 327
============================================================
  Success Rate: 0.1426 (5751 eps)
  Rewards:      mean=0.0020
  Losses:       value=0.1498 | surrogate=0.1353 | ABC=628739.6420
  Errors:       pos=0.1678 | rot=0.1335
============================================================

============================================================
ALICE UPDATE 639
============================================================
  Rewards:     mean=4.8889 | min=0.0000 | max=0.0000
  Losses:      value=0.1666 | surrogate=0.8101
  Outcomes:    9 episodes buffered
============================================================

============================================================
BOB UPDATE 328
============================================================
  Success Rate: 0.1427 (5760 eps)
  Rewards:      mean=0.0021
  Losses:       value=0.1017 | surrogate=0.4369 | ABC=643019.3115
  Errors:       pos=0.1680 | rot=0.1333
============================================================

============================================================
ALICE UPDATE 640
============================================================
  Rewards:     mean=5.4444 | min=0.0000 | max=0.0000
  Losses:      value=0.0444 | surrogate=0.3630
  Outcomes:    9 episodes buffered
============================================================

============================================================
BOB UPDATE 329
============================================================
  Success Rate: 0.1428 (5771 eps)
  Rewards:      mean=0.0023
  Losses:       value=0.2076 | surrogate=0.1974 | ABC=661330.4575
  Errors:       pos=0.1681 | rot=0.1332
============================================================

============================================================
ALICE UPDATE 641
============================================================
  Rewards:     mean=3.7778 | min=0.0000 | max=0.0000
  Losses:      value=0.1917 | surrogate=0.7636
  Outcomes:    9 episodes buffered
============================================================

============================================================
ALICE UPDATE 642
============================================================
  Rewards:     mean=5.4444 | min=0.0000 | max=0.0000
  Losses:      value=0.0947 | surrogate=0.7182
  Outcomes:    9 episodes buffered
============================================================

============================================================
BOB UPDATE 330
============================================================
  Success Rate: 0.1431 (5787 eps)
  Rewards:      mean=0.0024
  Losses:       value=0.1742 | surrogate=0.1205 | ABC=683766.3835
  Errors:       pos=0.1683 | rot=0.1332
============================================================

============================================================
ALICE UPDATE 643
============================================================
  Rewards:     mean=4.8889 | min=0.0000 | max=0.0000
  Losses:      value=0.1274 | surrogate=0.6065
  Outcomes:    9 episodes buffered
============================================================

============================================================
BOB UPDATE 331
============================================================
  Success Rate: 0.1431 (5800 eps)
  Rewards:      mean=0.0022
  Losses:       value=0.0231 | surrogate=0.4099 | ABC=708802.9445
  Errors:       pos=0.1686 | rot=0.1330
============================================================

============================================================
ALICE UPDATE 644
============================================================
  Rewards:     mean=6.0000 | min=0.0000 | max=0.0000
  Losses:      value=0.0199 | surrogate=0.3672
  Outcomes:    9 episodes buffered
============================================================

============================================================
BOB UPDATE 332
============================================================
  Success Rate: 0.1433 (5811 eps)
  Rewards:      mean=0.0026
  Losses:       value=0.0582 | surrogate=0.2224 | ABC=723718.7170
  Errors:       pos=0.1686 | rot=0.1329
============================================================

============================================================
ALICE UPDATE 645
============================================================
  Rewards:     mean=3.7778 | min=0.0000 | max=0.0000
  Losses:      value=0.2247 | surrogate=0.8806
  Outcomes:    9 episodes buffered
============================================================

============================================================
ALICE UPDATE 646
============================================================
  Rewards:     mean=6.0000 | min=0.0000 | max=0.0000
  Losses:      value=0.0240 | surrogate=0.3329
  Outcomes:    9 episodes buffered
============================================================

============================================================
BOB UPDATE 333
============================================================
  Success Rate: 0.1432 (5824 eps)
  Rewards:      mean=0.0025
  Losses:       value=0.0399 | surrogate=0.2936 | ABC=750591.8770
  Errors:       pos=0.1688 | rot=0.1328
============================================================

============================================================
ALICE UPDATE 647
============================================================
  Rewards:     mean=6.0000 | min=0.0000 | max=0.0000
  Losses:      value=0.0210 | surrogate=0.3171
  Outcomes:    9 episodes buffered
============================================================

============================================================
BOB UPDATE 334
============================================================
  Success Rate: 0.1432 (5837 eps)
  Rewards:      mean=0.0028
  Losses:       value=0.1146 | surrogate=0.1943 | ABC=774812.2035
  Errors:       pos=0.1689 | rot=0.1328
============================================================

============================================================
ALICE UPDATE 648
============================================================
  Rewards:     mean=4.8889 | min=0.0000 | max=0.0000
  Losses:      value=0.2022 | surrogate=0.7607
  Outcomes:    9 episodes buffered
============================================================

============================================================
BOB UPDATE 335
============================================================
  Success Rate: 0.1430 (5846 eps)
  Rewards:      mean=0.0028
  Losses:       value=0.0125 | surrogate=0.8627 | ABC=795609.0475
  Errors:       pos=0.1690 | rot=0.1326
============================================================

============================================================
ALICE UPDATE 649
============================================================
  Rewards:     mean=6.0000 | min=0.0000 | max=0.0000
  Losses:      value=0.0103 | surrogate=0.2075
  Outcomes:    9 episodes buffered
============================================================

============================================================
BOB UPDATE 336
============================================================
  Success Rate: 0.1428 (5854 eps)
  Rewards:      mean=0.0022
  Losses:       value=0.0098 | surrogate=0.6782 | ABC=815788.8950
  Errors:       pos=0.1691 | rot=0.1324
============================================================

============================================================
ALICE UPDATE 650
============================================================
  Rewards:     mean=6.0000 | min=0.0000 | max=0.0000
  Losses:      value=0.0069 | surrogate=0.1428
  Outcomes:    9 episodes buffered
============================================================

============================================================
BOB UPDATE 337
============================================================
  Success Rate: 0.1426 (5864 eps)
  Rewards:      mean=0.0022
  Losses:       value=0.0127 | surrogate=0.8480 | ABC=840188.1135
  Errors:       pos=0.1692 | rot=0.1325
============================================================

============================================================
ALICE UPDATE 651
============================================================
  Rewards:     mean=6.0000 | min=0.0000 | max=0.0000
  Losses:      value=0.0054 | surrogate=0.3112
  Outcomes:    9 episodes buffered
============================================================

============================================================
BOB UPDATE 338
============================================================
  Success Rate: 0.1423 (5874 eps)
  Rewards:      mean=0.0014
  Losses:       value=0.0436 | surrogate=0.5454 | ABC=868907.3630
  Errors:       pos=0.1694 | rot=0.1326
============================================================

============================================================
ALICE UPDATE 652
============================================================
  Rewards:     mean=6.0000 | min=0.0000 | max=0.0000
  Losses:      value=0.0057 | surrogate=0.2557
  Outcomes:    9 episodes buffered
============================================================

============================================================
BOB UPDATE 339
============================================================
  Success Rate: 0.1421 (5883 eps)
  Rewards:      mean=0.0012
  Losses:       value=0.0160 | surrogate=0.6217 | ABC=889142.1905
  Errors:       pos=0.1696 | rot=0.1330
============================================================

============================================================
ALICE UPDATE 653
============================================================
  Rewards:     mean=6.0000 | min=0.0000 | max=0.0000
  Losses:      value=0.0058 | surrogate=0.4234
  Outcomes:    9 episodes buffered
============================================================

============================================================
BOB UPDATE 340
============================================================
  Success Rate: 0.1420 (5894 eps)
  Rewards:      mean=0.0013
  Losses:       value=0.0192 | surrogate=0.4014 | ABC=916435.2325
  Errors:       pos=0.1697 | rot=0.1333
============================================================

============================================================
ALICE UPDATE 654
============================================================
  Rewards:     mean=5.4444 | min=0.0000 | max=0.0000
  Losses:      value=0.0972 | surrogate=0.5616
  Outcomes:    9 episodes buffered
============================================================

============================================================
ALICE UPDATE 655
============================================================
  Rewards:     mean=6.0000 | min=0.0000 | max=0.0000
  Losses:      value=0.0055 | surrogate=0.3814
  Outcomes:    9 episodes buffered
============================================================

============================================================
BOB UPDATE 341
============================================================
  Success Rate: 0.1417 (5906 eps)
  Rewards:      mean=0.0007
  Losses:       value=0.0080 | surrogate=0.4896 | ABC=947479.0020
  Errors:       pos=0.1697 | rot=0.1333
============================================================

============================================================
ALICE UPDATE 656
============================================================
  Rewards:     mean=6.0000 | min=0.0000 | max=0.0000
  Losses:      value=0.0045 | surrogate=0.4763
  Outcomes:    9 episodes buffered
============================================================

============================================================
BOB UPDATE 342
============================================================
  Success Rate: 0.1416 (5916 eps)
  Rewards:      mean=0.0008
  Losses:       value=0.0181 | surrogate=0.3164 | ABC=974119.9130
  Errors:       pos=0.1699 | rot=0.1333
============================================================

============================================================
ALICE UPDATE 657
============================================================
  Rewards:     mean=4.8889 | min=0.0000 | max=0.0000
  Losses:      value=0.1994 | surrogate=0.7831
  Outcomes:    9 episodes buffered
============================================================

============================================================
ALICE UPDATE 658
============================================================
  Rewards:     mean=6.0000 | min=0.0000 | max=0.0000
  Losses:      value=0.0041 | surrogate=0.6969
  Outcomes:    9 episodes buffered
============================================================

============================================================
BOB UPDATE 343
============================================================
  Success Rate: 0.1414 (5934 eps)
  Rewards:      mean=0.0007
  Losses:       value=0.0352 | surrogate=0.1618 | ABC=1024113.7715
  Errors:       pos=0.1702 | rot=0.1336
============================================================

============================================================
ALICE UPDATE 659
============================================================
  Rewards:     mean=6.0000 | min=0.0000 | max=0.0000
  Losses:      value=0.0061 | surrogate=0.5661
  Outcomes:    9 episodes buffered
============================================================

============================================================
BOB UPDATE 344
============================================================
  Success Rate: 0.1413 (5946 eps)
  Rewards:      mean=0.0008
  Losses:       value=0.0260 | surrogate=0.3601 | ABC=1055030.2030
  Errors:       pos=0.1704 | rot=0.1336
============================================================

============================================================
ALICE UPDATE 660
============================================================
  Rewards:     mean=5.4444 | min=0.0000 | max=0.0000
  Losses:      value=0.0869 | surrogate=0.6599
  Outcomes:    9 episodes buffered
============================================================

============================================================
ALICE UPDATE 661
============================================================
  Rewards:     mean=6.0000 | min=0.0000 | max=0.0000
  Losses:      value=0.0038 | surrogate=0.7564
  Outcomes:    9 episodes buffered
============================================================

============================================================
BOB UPDATE 345
============================================================
  Success Rate: 0.1411 (5959 eps)
  Rewards:      mean=0.0009
  Losses:       value=0.0156 | surrogate=0.3148 | ABC=1093991.8150
  Errors:       pos=0.1708 | rot=0.1339
============================================================

============================================================
ALICE UPDATE 662
============================================================
  Rewards:     mean=4.8889 | min=0.0000 | max=0.0000
  Losses:      value=0.1269 | surrogate=0.5504
  Outcomes:    9 episodes buffered
============================================================

============================================================
BOB UPDATE 346
============================================================
  Success Rate: 0.1412 (5970 eps)
  Rewards:      mean=0.0013
  Losses:       value=0.1637 | surrogate=0.0956 | ABC=1122489.3170
  Errors:       pos=0.1709 | rot=0.1338
============================================================

============================================================
ALICE UPDATE 663
============================================================
  Rewards:     mean=5.4444 | min=0.0000 | max=0.0000
  Losses:      value=0.0986 | surrogate=0.7173
  Outcomes:    9 episodes buffered
============================================================

============================================================
BOB UPDATE 347
============================================================
  Success Rate: 0.1411 (5982 eps)
  Rewards:      mean=0.0013
  Losses:       value=0.0761 | surrogate=0.3961 | ABC=1158607.7450
  Errors:       pos=0.1711 | rot=0.1339
============================================================

============================================================
ALICE UPDATE 664
============================================================
  Rewards:     mean=5.4444 | min=0.0000 | max=0.0000
  Losses:      value=0.1099 | surrogate=0.7576
  Outcomes:    9 episodes buffered
============================================================

============================================================
ALICE UPDATE 665
============================================================
  Rewards:     mean=5.4444 | min=0.0000 | max=0.0000
  Losses:      value=0.0956 | surrogate=0.7919
  Outcomes:    9 episodes buffered
============================================================

============================================================
BOB UPDATE 348
============================================================
  Success Rate: 0.1410 (5994 eps)
  Rewards:      mean=0.0014
  Losses:       value=0.0323 | surrogate=0.5773 | ABC=1198600.1400
  Errors:       pos=0.1711 | rot=0.1338
============================================================

============================================================
ALICE UPDATE 666
============================================================
  Rewards:     mean=6.0000 | min=0.0000 | max=0.0000
  Losses:      value=0.0091 | surrogate=0.7818
  Outcomes:    9 episodes buffered
============================================================

============================================================
BOB UPDATE 349
============================================================
  Success Rate: 0.1408 (6007 eps)
  Rewards:      mean=0.0016
  Losses:       value=0.0665 | surrogate=0.3372 | ABC=1243154.7250
  Errors:       pos=0.1713 | rot=0.1337
============================================================

============================================================
ALICE UPDATE 667
============================================================
  Rewards:     mean=5.4444 | min=0.0000 | max=0.0000
  Losses:      value=0.0944 | surrogate=0.6812
  Outcomes:    9 episodes buffered
============================================================

============================================================
BOB UPDATE 350
============================================================
  Success Rate: 0.1411 (6017 eps)
  Rewards:      mean=0.0018
  Losses:       value=0.1721 | surrogate=0.3120 | ABC=1265369.7620
  Errors:       pos=0.1714 | rot=0.1335
============================================================

============================================================
ALICE UPDATE 668
============================================================
  Rewards:     mean=4.3333 | min=0.0000 | max=0.0000
  Losses:      value=0.2552 | surrogate=0.9799
  Outcomes:    9 episodes buffered
============================================================

============================================================
ALICE UPDATE 669
============================================================
  Rewards:     mean=4.3333 | min=0.0000 | max=0.0000
  Losses:      value=0.1926 | surrogate=0.8719
  Outcomes:    9 episodes buffered
============================================================

============================================================
BOB UPDATE 351
============================================================
  Success Rate: 0.1414 (6031 eps)
  Rewards:      mean=0.0023
  Losses:       value=0.0696 | surrogate=0.2689 | ABC=1304881.3310
  Errors:       pos=0.1717 | rot=0.1335
============================================================

============================================================
ALICE UPDATE 670
============================================================
  Rewards:     mean=4.8889 | min=0.0000 | max=0.0000
  Losses:      value=0.1608 | surrogate=0.9585
  Outcomes:    9 episodes buffered
============================================================

============================================================
BOB UPDATE 352
============================================================
  Success Rate: 0.1415 (6042 eps)
  Rewards:      mean=0.0026
  Losses:       value=0.0545 | surrogate=0.2205 | ABC=1338560.4330
  Errors:       pos=0.1719 | rot=0.1332
============================================================

============================================================
ALICE UPDATE 671
============================================================
  Rewards:     mean=4.8889 | min=0.0000 | max=0.0000
  Losses:      value=0.1174 | surrogate=0.9479
  Outcomes:    9 episodes buffered
============================================================

============================================================
ALICE UPDATE 672
============================================================
  Rewards:     mean=4.3333 | min=0.0000 | max=0.0000
  Losses:      value=0.1268 | surrogate=0.7817
  Outcomes:    9 episodes buffered
============================================================

============================================================
BOB UPDATE 353
============================================================
  Success Rate: 0.1418 (6059 eps)
  Rewards:      mean=0.0030
  Losses:       value=0.0913 | surrogate=0.1793 | ABC=1387421.1890
  Errors:       pos=0.1720 | rot=0.1331
============================================================

============================================================
ALICE UPDATE 673
============================================================
  Rewards:     mean=4.8889 | min=0.0000 | max=0.0000
  Losses:      value=0.1117 | surrogate=0.8018
  Outcomes:    9 episodes buffered
============================================================

============================================================
BOB UPDATE 354
============================================================
  Success Rate: 0.1419 (6066 eps)
  Rewards:      mean=0.0032
  Losses:       value=0.1435 | surrogate=0.1953 | ABC=1409550.5720
  Errors:       pos=0.1721 | rot=0.1332
============================================================

============================================================
ALICE UPDATE 674
============================================================
  Rewards:     mean=4.3333 | min=0.0000 | max=0.0000
  Losses:      value=0.2237 | surrogate=1.0694
  Outcomes:    9 episodes buffered
============================================================

============================================================
BOB UPDATE 355
============================================================
  Success Rate: 0.1424 (6081 eps)
  Rewards:      mean=0.0037
  Losses:       value=0.2559 | surrogate=0.1918 | ABC=1451338.2590
  Errors:       pos=0.1722 | rot=0.1333
============================================================

============================================================
ALICE UPDATE 675
============================================================
  Rewards:     mean=4.8889 | min=0.0000 | max=0.0000
  Losses:      value=0.1458 | surrogate=1.0350
  Outcomes:    9 episodes buffered
============================================================

============================================================
BOB UPDATE 356
============================================================
  Success Rate: 0.1426 (6092 eps)
  Rewards:      mean=0.0039
  Losses:       value=0.1850 | surrogate=0.1709 | ABC=1486079.5700
  Errors:       pos=0.1723 | rot=0.1332
============================================================

============================================================
ALICE UPDATE 676
============================================================
  Rewards:     mean=4.3333 | min=0.0000 | max=0.0000
  Losses:      value=0.1914 | surrogate=1.1770
  Outcomes:    9 episodes buffered
============================================================

============================================================
ALICE UPDATE 677
============================================================
  Rewards:     mean=5.4444 | min=0.0000 | max=0.0000
  Losses:      value=0.1159 | surrogate=0.8732
  Outcomes:    9 episodes buffered
============================================================

============================================================
BOB UPDATE 357
============================================================
  Success Rate: 0.1426 (6103 eps)
  Rewards:      mean=0.0038
  Losses:       value=0.2288 | surrogate=0.3407 | ABC=1527401.8680
  Errors:       pos=0.1724 | rot=0.1334
============================================================

============================================================
ALICE UPDATE 678
============================================================
  Rewards:     mean=5.4444 | min=0.0000 | max=0.0000
  Losses:      value=0.0959 | surrogate=0.6944
  Outcomes:    9 episodes buffered
============================================================

============================================================
BOB UPDATE 358
============================================================
  Success Rate: 0.1425 (6112 eps)
  Rewards:      mean=0.0039
  Losses:       value=0.0473 | surrogate=0.7771 | ABC=1564443.7430
  Errors:       pos=0.1723 | rot=0.1334
============================================================

============================================================
ALICE UPDATE 679
============================================================
  Rewards:     mean=4.8889 | min=0.0000 | max=0.0000
  Losses:      value=0.1616 | surrogate=0.7842
  Outcomes:    9 episodes buffered
============================================================

============================================================
BOB UPDATE 359
============================================================
  Success Rate: 0.1428 (6121 eps)
  Rewards:      mean=0.0042
  Losses:       value=0.1546 | surrogate=0.1588 | ABC=1588088.9540
  Errors:       pos=0.1724 | rot=0.1333
============================================================

============================================================
ALICE UPDATE 680
============================================================
  Rewards:     mean=3.2222 | min=0.0000 | max=0.0000
  Losses:      value=0.2569 | surrogate=1.1191
  Outcomes:    9 episodes buffered
============================================================

============================================================
BOB UPDATE 360
============================================================
  Success Rate: 0.1432 (6131 eps)
  Rewards:      mean=0.0044
  Losses:       value=0.1242 | surrogate=0.2510 | ABC=1619512.7530
  Errors:       pos=0.1724 | rot=0.1332
============================================================

============================================================
ALICE UPDATE 681
============================================================
  Rewards:     mean=6.0000 | min=0.0000 | max=0.0000
  Losses:      value=0.0548 | surrogate=0.5447
  Outcomes:    9 episodes buffered
============================================================

============================================================
BOB UPDATE 361
============================================================
  Success Rate: 0.1431 (6141 eps)
  Rewards:      mean=0.0041
  Losses:       value=0.0828 | surrogate=0.2683 | ABC=1665363.4230
  Errors:       pos=0.1725 | rot=0.1330
============================================================

============================================================
ALICE UPDATE 682
============================================================
  Rewards:     mean=5.4444 | min=0.0000 | max=0.0000
  Losses:      value=0.0872 | surrogate=0.5674
  Outcomes:    9 episodes buffered
============================================================

============================================================
BOB UPDATE 362
============================================================
  Success Rate: 0.1431 (6150 eps)
  Rewards:      mean=0.0039
  Losses:       value=0.0492 | surrogate=0.3985 | ABC=1700487.7980
  Errors:       pos=0.1725 | rot=0.1328
============================================================

============================================================
ALICE UPDATE 683
============================================================
  Rewards:     mean=4.3333 | min=0.0000 | max=0.0000
  Losses:      value=0.1795 | surrogate=0.7833
  Outcomes:    9 episodes buffered
============================================================

============================================================
BOB UPDATE 363
============================================================
  Success Rate: 0.1436 (6164 eps)
  Rewards:      mean=0.0042
  Losses:       value=0.2287 | surrogate=0.1252 | ABC=1743721.0170
  Errors:       pos=0.1725 | rot=0.1329
============================================================

============================================================
ALICE UPDATE 684
============================================================
  Rewards:     mean=3.7778 | min=0.0000 | max=0.0000
  Losses:      value=0.2017 | surrogate=0.9428
  Outcomes:    9 episodes buffered
============================================================

============================================================
ALICE UPDATE 685
============================================================
  Rewards:     mean=4.3333 | min=0.0000 | max=0.0000
  Losses:      value=0.1493 | surrogate=0.7983
  Outcomes:    9 episodes buffered
============================================================

============================================================
BOB UPDATE 364
============================================================
  Success Rate: 0.1441 (6176 eps)
  Rewards:      mean=0.0044
  Losses:       value=0.1019 | surrogate=0.1228 | ABC=1777772.9470
  Errors:       pos=0.1723 | rot=0.1326
============================================================

============================================================
ALICE UPDATE 686
============================================================
  Rewards:     mean=5.4444 | min=0.0000 | max=0.0000
  Losses:      value=0.1063 | surrogate=0.6388
  Outcomes:    9 episodes buffered
============================================================

============================================================
BOB UPDATE 365
============================================================
  Success Rate: 0.1440 (6187 eps)
  Rewards:      mean=0.0038
  Losses:       value=0.0232 | surrogate=0.8313 | ABC=1830404.9890
  Errors:       pos=0.1725 | rot=0.1326
============================================================

============================================================
ALICE UPDATE 687
============================================================
  Rewards:     mean=5.4444 | min=0.0000 | max=0.0000
  Losses:      value=0.0935 | surrogate=0.5891
  Outcomes:    9 episodes buffered
============================================================

============================================================
BOB UPDATE 366
============================================================
  Success Rate: 0.1439 (6199 eps)
  Rewards:      mean=0.0035
  Losses:       value=0.0222 | surrogate=0.5880 | ABC=1891947.6580
  Errors:       pos=0.1726 | rot=0.1326
============================================================

============================================================
ALICE UPDATE 688
============================================================
  Rewards:     mean=5.4444 | min=0.0000 | max=0.0000
  Losses:      value=0.0769 | surrogate=0.5858
  Outcomes:    9 episodes buffered
============================================================

============================================================
BOB UPDATE 367
============================================================
  Success Rate: 0.1438 (6208 eps)
  Rewards:      mean=0.0034
  Losses:       value=0.0687 | surrogate=0.4117 | ABC=1936398.4210
  Errors:       pos=0.1726 | rot=0.1324
============================================================

============================================================
ALICE UPDATE 689
============================================================
  Rewards:     mean=5.4444 | min=0.0000 | max=0.0000
  Losses:      value=0.0912 | surrogate=0.5371
  Outcomes:    9 episodes buffered
============================================================

============================================================
ALICE UPDATE 690
============================================================
  Rewards:     mean=4.3333 | min=0.0000 | max=0.0000
  Losses:      value=0.1737 | surrogate=0.7366
  Outcomes:    9 episodes buffered
============================================================

============================================================
BOB UPDATE 368
============================================================
  Success Rate: 0.1441 (6219 eps)
  Rewards:      mean=0.0037
  Losses:       value=0.1037 | surrogate=0.3480 | ABC=1976704.9560
  Errors:       pos=0.1728 | rot=0.1324
============================================================

============================================================
BOB UPDATE 369
============================================================
  Success Rate: 0.1439 (6227 eps)
  Rewards:      mean=0.0030
  Losses:       value=0.0113 | surrogate=0.6294 | ABC=2024251.4330
  Errors:       pos=0.1728 | rot=0.1322
============================================================

============================================================
ALICE UPDATE 691
============================================================
  Rewards:     mean=6.0000 | min=0.0000 | max=0.0000
  Losses:      value=0.0323 | surrogate=0.2293
  Outcomes:    9 episodes buffered
============================================================

============================================================
ALICE UPDATE 692
============================================================
  Rewards:     mean=4.8889 | min=0.0000 | max=0.0000
  Losses:      value=0.1206 | surrogate=0.4822
  Outcomes:    9 episodes buffered
============================================================

============================================================
BOB UPDATE 370
============================================================
  Success Rate: 0.1440 (6242 eps)
  Rewards:      mean=0.0031
  Losses:       value=0.1608 | surrogate=0.2687 | ABC=2092229.3750
  Errors:       pos=0.1728 | rot=0.1323
============================================================

============================================================
ALICE UPDATE 693
============================================================
  Rewards:     mean=5.4444 | min=0.0000 | max=0.0000
  Losses:      value=0.1047 | surrogate=0.5477
  Outcomes:    9 episodes buffered
============================================================

============================================================
BOB UPDATE 371
============================================================
  Success Rate: 0.1438 (6250 eps)
  Rewards:      mean=0.0029
  Losses:       value=0.0064 | surrogate=0.5183 | ABC=2142063.5790
  Errors:       pos=0.1730 | rot=0.1326
============================================================

============================================================
ALICE UPDATE 694
============================================================
  Rewards:     mean=5.4444 | min=0.0000 | max=0.0000
  Losses:      value=0.0433 | surrogate=0.1947
  Outcomes:    9 episodes buffered
============================================================

============================================================
BOB UPDATE 372
============================================================
  Success Rate: 0.1441 (6260 eps)
  Rewards:      mean=0.0028
  Losses:       value=0.1020 | surrogate=0.1618 | ABC=2181327.6820
  Errors:       pos=0.1730 | rot=0.1325
============================================================

============================================================
ALICE UPDATE 695
============================================================
  Rewards:     mean=4.8889 | min=0.0000 | max=0.0000
  Losses:      value=0.1874 | surrogate=0.7352
  Outcomes:    9 episodes buffered
============================================================

============================================================
BOB UPDATE 373
============================================================
  Success Rate: 0.1440 (6272 eps)
  Rewards:      mean=0.0023
  Losses:       value=0.1636 | surrogate=0.3245 | ABC=2253050.6840
  Errors:       pos=0.1731 | rot=0.1328
============================================================

============================================================
ALICE UPDATE 696
============================================================
  Rewards:     mean=5.4444 | min=0.0000 | max=0.0000
  Losses:      value=0.0967 | surrogate=0.5609
  Outcomes:    9 episodes buffered
============================================================

============================================================
ALICE UPDATE 697
============================================================
  Rewards:     mean=3.7778 | min=0.0000 | max=0.0000
  Losses:      value=0.2169 | surrogate=0.7097
  Outcomes:    9 episodes buffered
============================================================

============================================================
BOB UPDATE 374
============================================================
  Success Rate: 0.1443 (6284 eps)
  Rewards:      mean=0.0026
  Losses:       value=0.0459 | surrogate=0.5344 | ABC=2308819.9160
  Errors:       pos=0.1731 | rot=0.1326
============================================================

============================================================
ALICE UPDATE 698
============================================================
  Rewards:     mean=5.4444 | min=0.0000 | max=0.0000
  Losses:      value=0.0436 | surrogate=0.3865
  Outcomes:    9 episodes buffered
============================================================

============================================================
BOB UPDATE 375
============================================================
  Success Rate: 0.1444 (6297 eps)
  Rewards:      mean=0.0025
  Losses:       value=0.0704 | surrogate=0.5925 | ABC=2377044.7660
  Errors:       pos=0.1731 | rot=0.1328
============================================================

============================================================
ALICE UPDATE 699
============================================================
  Rewards:     mean=4.8889 | min=0.0000 | max=0.0000
  Losses:      value=0.1259 | surrogate=0.5039
  Outcomes:    9 episodes buffered
============================================================

============================================================
ALICE UPDATE 700
============================================================
  Rewards:     mean=4.8889 | min=0.0000 | max=0.0000
  Losses:      value=0.1263 | surrogate=0.6136
  Outcomes:    9 episodes buffered
============================================================

============================================================
BOB UPDATE 376
============================================================
  Success Rate: 0.1445 (6310 eps)
  Rewards:      mean=0.0028
  Losses:       value=0.0505 | surrogate=0.1391 | ABC=2454510.6440
  Errors:       pos=0.1732 | rot=0.1327
============================================================

============================================================
ALICE UPDATE 701
============================================================
  Rewards:     mean=5.4444 | min=0.0000 | max=0.0000
  Losses:      value=0.1077 | surrogate=0.5985
  Outcomes:    9 episodes buffered
============================================================

============================================================
BOB UPDATE 377
============================================================
  Success Rate: 0.1445 (6318 eps)
  Rewards:      mean=0.0026
  Losses:       value=0.0694 | surrogate=0.3548 | ABC=2500846.2640
  Errors:       pos=0.1731 | rot=0.1326
============================================================

============================================================
ALICE UPDATE 702
============================================================
  Rewards:     mean=6.0000 | min=0.0000 | max=0.0000
  Losses:      value=0.0123 | surrogate=0.2226
  Outcomes:    9 episodes buffered
============================================================

============================================================
BOB UPDATE 378
============================================================
  Success Rate: 0.1441 (6335 eps)
  Rewards:      mean=0.0023
  Losses:       value=0.0081 | surrogate=0.4677 | ABC=2622655.4040
  Errors:       pos=0.1735 | rot=0.1326
============================================================

============================================================
ALICE UPDATE 703
============================================================
  Rewards:     mean=6.0000 | min=0.0000 | max=0.0000
  Losses:      value=0.0085 | surrogate=0.1765
  Outcomes:    9 episodes buffered
============================================================

============================================================
ALICE UPDATE 704
============================================================
  Rewards:     mean=4.8889 | min=0.0000 | max=0.0000
  Losses:      value=0.1099 | surrogate=0.5208
  Outcomes:    9 episodes buffered
============================================================

============================================================
BOB UPDATE 379
============================================================
  Success Rate: 0.1442 (6345 eps)
  Rewards:      mean=0.0024
  Losses:       value=0.1440 | surrogate=0.0881 | ABC=2679410.8400
  Errors:       pos=0.1734 | rot=0.1327
============================================================

============================================================
ALICE UPDATE 705
============================================================
  Rewards:     mean=5.4444 | min=0.0000 | max=0.0000
  Losses:      value=0.1076 | surrogate=0.5711
  Outcomes:    9 episodes buffered
============================================================

============================================================
BOB UPDATE 380
============================================================
  Success Rate: 0.1442 (6354 eps)
  Rewards:      mean=0.0026
  Losses:       value=0.0178 | surrogate=0.4319 | ABC=2743527.2560
  Errors:       pos=0.1735 | rot=0.1328
============================================================

============================================================
ALICE UPDATE 706
============================================================
  Rewards:     mean=4.8889 | min=0.0000 | max=0.0000
  Losses:      value=0.1819 | surrogate=0.7565
  Outcomes:    9 episodes buffered
============================================================

============================================================
BOB UPDATE 381
============================================================
  Success Rate: 0.1445 (6367 eps)
  Rewards:      mean=0.0027
  Losses:       value=0.1258 | surrogate=0.2733 | ABC=2816324.0620
  Errors:       pos=0.1735 | rot=0.1325
============================================================

============================================================
ALICE UPDATE 707
============================================================
  Rewards:     mean=4.8889 | min=0.0000 | max=0.0000
  Losses:      value=0.1524 | surrogate=0.8064
  Outcomes:    9 episodes buffered
============================================================

============================================================
BOB UPDATE 382
============================================================
  Success Rate: 0.1443 (6377 eps)
  Rewards:      mean=0.0025
  Losses:       value=0.0057 | surrogate=0.4453 | ABC=2901373.8740
  Errors:       pos=0.1736 | rot=0.1325
============================================================

============================================================
ALICE UPDATE 708
============================================================
  Rewards:     mean=5.4444 | min=0.0000 | max=0.0000
  Losses:      value=0.0528 | surrogate=0.4346
  Outcomes:    9 episodes buffered
============================================================

============================================================
ALICE UPDATE 709
============================================================
  Rewards:     mean=4.8889 | min=0.0000 | max=0.0000
  Losses:      value=0.1203 | surrogate=0.5945
  Outcomes:    9 episodes buffered
============================================================

============================================================
BOB UPDATE 383
============================================================
  Success Rate: 0.1444 (6392 eps)
  Rewards:      mean=0.0024
  Losses:       value=0.0771 | surrogate=0.1730 | ABC=2997577.7580
  Errors:       pos=0.1737 | rot=0.1324
============================================================

============================================================
ALICE UPDATE 710
============================================================
  Rewards:     mean=5.4444 | min=0.0000 | max=0.0000
  Losses:      value=0.0444 | surrogate=0.3130
  Outcomes:    9 episodes buffered
============================================================

============================================================
BOB UPDATE 384
============================================================
  Success Rate: 0.1445 (6407 eps)
  Rewards:      mean=0.0022
  Losses:       value=0.0345 | surrogate=0.2208 | ABC=3103671.0000
  Errors:       pos=0.1738 | rot=0.1322
============================================================

============================================================
ALICE UPDATE 711
============================================================
  Rewards:     mean=4.8889 | min=0.0000 | max=0.0000
  Losses:      value=0.0707 | surrogate=0.3600
  Outcomes:    9 episodes buffered
============================================================

============================================================
ALICE UPDATE 712
============================================================
  Rewards:     mean=4.8889 | min=0.0000 | max=0.0000
  Losses:      value=0.1080 | surrogate=0.5320
  Outcomes:    9 episodes buffered
============================================================

============================================================
BOB UPDATE 385
============================================================
  Success Rate: 0.1446 (6418 eps)
  Rewards:      mean=0.0024
  Losses:       value=0.0468 | surrogate=0.1530 | ABC=3183463.1040
  Errors:       pos=0.1739 | rot=0.1322
============================================================

============================================================
ALICE UPDATE 713
============================================================
  Rewards:     mean=6.0000 | min=0.0000 | max=0.0000
  Losses:      value=0.0123 | surrogate=0.3028
  Outcomes:    9 episodes buffered
============================================================

============================================================
BOB UPDATE 386
============================================================
  Success Rate: 0.1444 (6427 eps)
  Rewards:      mean=0.0024
  Losses:       value=0.0174 | surrogate=0.4649 | ABC=3269703.5120
  Errors:       pos=0.1740 | rot=0.1324
============================================================

============================================================
ALICE UPDATE 714
============================================================
  Rewards:     mean=6.0000 | min=0.0000 | max=0.0000
  Losses:      value=0.0106 | surrogate=0.2237
  Outcomes:    9 episodes buffered
============================================================

============================================================
BOB UPDATE 387
============================================================
  Success Rate: 0.1443 (6438 eps)
  Rewards:      mean=0.0025
  Losses:       value=0.0287 | surrogate=0.2801 | ABC=3367119.0500
  Errors:       pos=0.1742 | rot=0.1323
============================================================

============================================================
ALICE UPDATE 715
============================================================
  Rewards:     mean=5.4444 | min=0.0000 | max=0.0000
  Losses:      value=0.0893 | surrogate=0.5339
  Outcomes:    9 episodes buffered
============================================================

============================================================
BOB UPDATE 388
============================================================
  Success Rate: 0.1443 (6452 eps)
  Rewards:      mean=0.0025
  Losses:       value=0.0480 | surrogate=0.3708 | ABC=3486688.6160
  Errors:       pos=0.1741 | rot=0.1323
============================================================

============================================================
ALICE UPDATE 716
============================================================
  Rewards:     mean=4.8889 | min=0.0000 | max=0.0000
  Losses:      value=0.1830 | surrogate=0.7374
  Outcomes:    9 episodes buffered
============================================================

============================================================
ALICE UPDATE 717
============================================================
  Rewards:     mean=5.4444 | min=0.0000 | max=0.0000
  Losses:      value=0.0991 | surrogate=0.5594
  Outcomes:    9 episodes buffered
============================================================

============================================================
BOB UPDATE 389
============================================================
  Success Rate: 0.1442 (6469 eps)
  Rewards:      mean=0.0021
  Losses:       value=0.0785 | surrogate=0.2581 | ABC=3639367.7320
  Errors:       pos=0.1742 | rot=0.1322
============================================================

============================================================
ALICE UPDATE 718
============================================================
  Rewards:     mean=5.4444 | min=0.0000 | max=0.0000
  Losses:      value=0.0978 | surrogate=0.5688
  Outcomes:    9 episodes buffered
============================================================

============================================================
BOB UPDATE 390
============================================================
  Success Rate: 0.1445 (6479 eps)
  Rewards:      mean=0.0025
  Losses:       value=0.1185 | surrogate=0.3040 | ABC=3712183.4180
  Errors:       pos=0.1742 | rot=0.1322
============================================================

============================================================
ALICE UPDATE 719
============================================================
  Rewards:     mean=4.3333 | min=0.0000 | max=0.0000
  Losses:      value=0.1782 | surrogate=0.7026
  Outcomes:    9 episodes buffered
============================================================

============================================================
BOB UPDATE 391
============================================================
  Success Rate: 0.1444 (6487 eps)
  Rewards:      mean=0.0023
  Losses:       value=0.0491 | surrogate=0.3906 | ABC=3788934.5000
  Errors:       pos=0.1742 | rot=0.1323
============================================================

============================================================
ALICE UPDATE 720
============================================================
  Rewards:     mean=5.4444 | min=0.0000 | max=0.0000
  Losses:      value=0.0874 | surrogate=0.6831
  Outcomes:    9 episodes buffered
============================================================

============================================================
BOB UPDATE 392
============================================================
  Success Rate: 0.1444 (6494 eps)
  Rewards:      mean=0.0024
  Losses:       value=0.0241 | surrogate=0.3141 | ABC=3855328.5720
  Errors:       pos=0.1742 | rot=0.1322
============================================================

============================================================
ALICE UPDATE 721
============================================================
  Rewards:     mean=5.4444 | min=0.0000 | max=0.0000
  Losses:      value=0.0970 | surrogate=0.6612
  Outcomes:    9 episodes buffered
============================================================

============================================================
BOB UPDATE 393
============================================================
  Success Rate: 0.1443 (6506 eps)
  Rewards:      mean=0.0021
  Losses:       value=0.0283 | surrogate=0.4004 | ABC=3979292.9660
  Errors:       pos=0.1742 | rot=0.1323
============================================================

============================================================
ALICE UPDATE 722
============================================================
  Rewards:     mean=5.4444 | min=0.0000 | max=0.0000
  Losses:      value=0.0936 | surrogate=0.5800
  Outcomes:    9 episodes buffered
============================================================

============================================================
ALICE UPDATE 723
============================================================
  Rewards:     mean=6.0000 | min=0.0000 | max=0.0000
  Losses:      value=0.0075 | surrogate=0.3273
  Outcomes:    9 episodes buffered
============================================================

============================================================
BOB UPDATE 394
============================================================
  Success Rate: 0.1441 (6517 eps)
  Rewards:      mean=0.0018
  Losses:       value=0.0115 | surrogate=0.7696 | ABC=4103910.9900
  Errors:       pos=0.1745 | rot=0.1323
============================================================

============================================================
ALICE UPDATE 724
============================================================
  Rewards:     mean=5.4444 | min=0.0000 | max=0.0000
  Losses:      value=0.0880 | surrogate=0.5726
  Outcomes:    9 episodes buffered
============================================================

============================================================
BOB UPDATE 395
============================================================
  Success Rate: 0.1440 (6526 eps)
  Rewards:      mean=0.0020
  Losses:       value=0.0185 | surrogate=0.4398 | ABC=4196321.2760
  Errors:       pos=0.1746 | rot=0.1322
============================================================

============================================================
ALICE UPDATE 725
============================================================
  Rewards:     mean=6.0000 | min=0.0000 | max=0.0000
  Losses:      value=0.0086 | surrogate=0.4154
  Outcomes:    9 episodes buffered
============================================================

============================================================
BOB UPDATE 396
============================================================
  Success Rate: 0.1440 (6536 eps)
  Rewards:      mean=0.0019
  Losses:       value=0.0222 | surrogate=0.3317 | ABC=4303004.6620
  Errors:       pos=0.1747 | rot=0.1322
============================================================

============================================================
ALICE UPDATE 726
============================================================
  Rewards:     mean=5.4444 | min=0.0000 | max=0.0000
  Losses:      value=0.1065 | surrogate=0.5731
  Outcomes:    9 episodes buffered
============================================================

============================================================
BOB UPDATE 397
============================================================
  Success Rate: 0.1438 (6546 eps)
  Rewards:      mean=0.0016
  Losses:       value=0.0109 | surrogate=0.4214 | ABC=4435894.5200
  Errors:       pos=0.1747 | rot=0.1322
============================================================

============================================================
ALICE UPDATE 727
============================================================
  Rewards:     mean=4.8889 | min=0.0000 | max=0.0000
  Losses:      value=0.0707 | surrogate=0.3697
  Outcomes:    9 episodes buffered
============================================================

============================================================
BOB UPDATE 398
============================================================
  Success Rate: 0.1441 (6559 eps)
  Rewards:      mean=0.0020
  Losses:       value=0.0855 | surrogate=0.1809 | ABC=4558457.7640
  Errors:       pos=0.1747 | rot=0.1320
============================================================

============================================================
ALICE UPDATE 728
============================================================
  Rewards:     mean=4.8889 | min=0.0000 | max=0.0000
  Losses:      value=0.1638 | surrogate=0.8093
  Outcomes:    9 episodes buffered
============================================================

============================================================
ALICE UPDATE 729
============================================================
  Rewards:     mean=5.4444 | min=0.0000 | max=0.0000
  Losses:      value=0.0395 | surrogate=0.4629
  Outcomes:    9 episodes buffered
============================================================

============================================================
BOB UPDATE 399
============================================================
  Success Rate: 0.1440 (6571 eps)
  Rewards:      mean=0.0018
  Losses:       value=0.0125 | surrogate=0.2698 | ABC=4693725.4960
  Errors:       pos=0.1746 | rot=0.1322
============================================================

============================================================
ALICE UPDATE 730
============================================================
  Rewards:     mean=4.3333 | min=0.0000 | max=0.0000
  Losses:      value=0.1674 | surrogate=0.7115
  Outcomes:    9 episodes buffered
============================================================

============================================================
BOB UPDATE 400
============================================================
  Success Rate: 0.1442 (6581 eps)
  Rewards:      mean=0.0019
  Losses:       value=0.2062 | surrogate=0.2054 | ABC=4802431.4360
  Errors:       pos=0.1746 | rot=0.1320
============================================================

============================================================
ALICE UPDATE 731
============================================================
  Rewards:     mean=6.0000 | min=0.0000 | max=0.0000
  Losses:      value=0.0210 | surrogate=0.4822
  Outcomes:    9 episodes buffered
============================================================

============================================================
BOB UPDATE 401
============================================================
  Success Rate: 0.1441 (6593 eps)
  Rewards:      mean=0.0019
  Losses:       value=0.0134 | surrogate=1.0046 | ABC=4953125.6640
  Errors:       pos=0.1746 | rot=0.1319
============================================================

============================================================
ALICE UPDATE 732
============================================================
  Rewards:     mean=4.8889 | min=0.0000 | max=0.0000
  Losses:      value=0.0980 | surrogate=0.6104
  Outcomes:    9 episodes buffered
============================================================

============================================================
BOB UPDATE 402
============================================================
  Success Rate: 0.1440 (6602 eps)
  Rewards:      mean=0.0020
  Losses:       value=0.0195 | surrogate=0.2423 | ABC=5074241.1440
  Errors:       pos=0.1746 | rot=0.1317
============================================================

============================================================
ALICE UPDATE 733
============================================================
  Rewards:     mean=6.0000 | min=0.0000 | max=0.0000
  Losses:      value=0.0214 | surrogate=0.4663
  Outcomes:    9 episodes buffered
============================================================

============================================================
BOB UPDATE 403
============================================================
  Success Rate: 0.1439 (6611 eps)
  Rewards:      mean=0.0020
  Losses:       value=0.0118 | surrogate=0.5697 | ABC=5207137.9600
  Errors:       pos=0.1747 | rot=0.1317
============================================================

============================================================
ALICE UPDATE 734
============================================================
  Rewards:     mean=6.0000 | min=0.0000 | max=0.0000
  Losses:      value=0.0185 | surrogate=0.4416
  Outcomes:    9 episodes buffered
============================================================

============================================================
ALICE UPDATE 735
============================================================
  Rewards:     mean=4.3333 | min=0.0000 | max=0.0000
  Losses:      value=0.0931 | surrogate=0.4172
  Outcomes:    9 episodes buffered
============================================================

============================================================
BOB UPDATE 404
============================================================
  Success Rate: 0.1440 (6624 eps)
  Rewards:      mean=0.0023
  Losses:       value=0.1185 | surrogate=0.0597 | ABC=5348972.1560
  Errors:       pos=0.1747 | rot=0.1316
============================================================

============================================================
ALICE UPDATE 736
============================================================
  Rewards:     mean=4.3333 | min=0.0000 | max=0.0000
  Losses:      value=0.1436 | surrogate=0.5376
  Outcomes:    9 episodes buffered
============================================================

============================================================
BOB UPDATE 405
============================================================
  Success Rate: 0.1443 (6639 eps)
  Rewards:      mean=0.0028
  Losses:       value=0.1529 | surrogate=0.2245 | ABC=5526580.8720
  Errors:       pos=0.1746 | rot=0.1315
============================================================

============================================================
ALICE UPDATE 737
============================================================
  Rewards:     mean=4.8889 | min=0.0000 | max=0.0000
  Losses:      value=0.1251 | surrogate=0.6727
  Outcomes:    9 episodes buffered
============================================================

============================================================
BOB UPDATE 406
============================================================
  Success Rate: 0.1443 (6648 eps)
  Rewards:      mean=0.0029
  Losses:       value=0.0575 | surrogate=0.3934 | ABC=5658588.5320
  Errors:       pos=0.1747 | rot=0.1317
============================================================

============================================================
ALICE UPDATE 738
============================================================
  Rewards:     mean=6.0000 | min=0.0000 | max=0.0000
  Losses:      value=0.0116 | surrogate=0.3706
  Outcomes:    9 episodes buffered
============================================================

============================================================
BOB UPDATE 407
============================================================
  Success Rate: 0.1442 (6657 eps)
  Rewards:      mean=0.0025
  Losses:       value=0.0210 | surrogate=0.5592 | ABC=5801302.1720
  Errors:       pos=0.1747 | rot=0.1315
============================================================

============================================================
ALICE UPDATE 739
============================================================
  Rewards:     mean=5.4444 | min=0.0000 | max=0.0000
  Losses:      value=0.1124 | surrogate=0.5798
  Outcomes:    9 episodes buffered
============================================================

============================================================
BOB UPDATE 408
============================================================
  Success Rate: 0.1440 (6666 eps)
  Rewards:      mean=0.0025
  Losses:       value=0.0086 | surrogate=0.6525 | ABC=5942875.9760
  Errors:       pos=0.1748 | rot=0.1314
============================================================

============================================================
ALICE UPDATE 740
============================================================
  Rewards:     mean=5.4444 | min=0.0000 | max=0.0000
  Losses:      value=0.0342 | surrogate=0.2244
  Outcomes:    9 episodes buffered
============================================================

============================================================
ALICE UPDATE 741
============================================================
  Rewards:     mean=4.3333 | min=0.0000 | max=0.0000
  Losses:      value=0.1883 | surrogate=0.7161
  Outcomes:    9 episodes buffered
============================================================

============================================================
BOB UPDATE 409
============================================================
  Success Rate: 0.1444 (6678 eps)
  Rewards:      mean=0.0026
  Losses:       value=0.1513 | surrogate=0.1690 | ABC=6094480.9600
  Errors:       pos=0.1748 | rot=0.1313
============================================================

============================================================
ALICE UPDATE 742
============================================================
  Rewards:     mean=6.0000 | min=0.0000 | max=0.0000
  Losses:      value=0.0091 | surrogate=0.4347
  Outcomes:    9 episodes buffered
============================================================

============================================================
BOB UPDATE 410
============================================================
  Success Rate: 0.1442 (6692 eps)
  Rewards:      mean=0.0026
  Losses:       value=0.0272 | surrogate=0.1673 | ABC=6337662.6960
  Errors:       pos=0.1749 | rot=0.1312
============================================================

============================================================
ALICE UPDATE 743
============================================================
  Rewards:     mean=5.4444 | min=0.0000 | max=0.0000
  Losses:      value=0.1026 | surrogate=0.5849
  Outcomes:    9 episodes buffered
============================================================

============================================================
BOB UPDATE 411
============================================================
  Success Rate: 0.1441 (6703 eps)
  Rewards:      mean=0.0025
  Losses:       value=0.0375 | surrogate=0.1430 | ABC=6530390.5000
  Errors:       pos=0.1750 | rot=0.1312
============================================================

============================================================
ALICE UPDATE 744
============================================================
  Rewards:     mean=5.4444 | min=0.0000 | max=0.0000
  Losses:      value=0.1052 | surrogate=0.5874
  Outcomes:    9 episodes buffered
============================================================

============================================================
BOB UPDATE 412
============================================================
  Success Rate: 0.1442 (6711 eps)
  Rewards:      mean=0.0028
  Losses:       value=0.0771 | surrogate=0.2483 | ABC=6640042.3320
  Errors:       pos=0.1750 | rot=0.1312
============================================================

============================================================
ALICE UPDATE 745
============================================================
  Rewards:     mean=4.8889 | min=0.0000 | max=0.0000
  Losses:      value=0.1678 | surrogate=0.7646
  Outcomes:    9 episodes buffered
============================================================

============================================================
ALICE UPDATE 746
============================================================
  Rewards:     mean=6.0000 | min=0.0000 | max=0.0000
  Losses:      value=0.0135 | surrogate=0.5245
  Outcomes:    9 episodes buffered
============================================================

============================================================
BOB UPDATE 413
============================================================
  Success Rate: 0.1439 (6726 eps)
  Rewards:      mean=0.0022
  Losses:       value=0.0110 | surrogate=0.5184 | ABC=6935315.5680
  Errors:       pos=0.1753 | rot=0.1312
============================================================

============================================================
ALICE UPDATE 747
============================================================
  Rewards:     mean=5.4444 | min=0.0000 | max=0.0000
  Losses:      value=0.0904 | surrogate=0.6061
  Outcomes:    9 episodes buffered
============================================================

============================================================
ALICE UPDATE 748
============================================================
  Rewards:     mean=6.0000 | min=0.0000 | max=0.0000
  Losses:      value=0.0068 | surrogate=0.3227
  Outcomes:    9 episodes buffered
============================================================

============================================================
BOB UPDATE 414
============================================================
  Success Rate: 0.1437 (6742 eps)
  Rewards:      mean=0.0017
  Losses:       value=0.0149 | surrogate=0.3315 | ABC=7245164.7640
  Errors:       pos=0.1754 | rot=0.1313
============================================================

============================================================
ALICE UPDATE 749
============================================================
  Rewards:     mean=4.8889 | min=0.0000 | max=0.0000
  Losses:      value=0.1345 | surrogate=0.6243
  Outcomes:    9 episodes buffered
============================================================

============================================================
BOB UPDATE 415
============================================================
  Success Rate: 0.1439 (6755 eps)
  Rewards:      mean=0.0019
  Losses:       value=0.0497 | surrogate=0.1849 | ABC=7470029.1600
  Errors:       pos=0.1755 | rot=0.1311
============================================================

============================================================
ALICE UPDATE 750
============================================================
  Rewards:     mean=4.8889 | min=0.0000 | max=0.0000
  Losses:      value=0.1135 | surrogate=0.5644
  Outcomes:    9 episodes buffered
============================================================

============================================================
BOB UPDATE 416
============================================================
  Success Rate: 0.1440 (6764 eps)
  Rewards:      mean=0.0021
  Losses:       value=0.0252 | surrogate=0.3087 | ABC=7631079.5920
  Errors:       pos=0.1756 | rot=0.1312
============================================================

============================================================
ALICE UPDATE 751
============================================================
  Rewards:     mean=4.3333 | min=0.0000 | max=0.0000
  Losses:      value=0.1362 | surrogate=0.5689
  Outcomes:    9 episodes buffered
============================================================

============================================================
BOB UPDATE 417
============================================================
  Success Rate: 0.1441 (6773 eps)
  Rewards:      mean=0.0020
  Losses:       value=0.0438 | surrogate=0.4629 | ABC=7784835.2560
  Errors:       pos=0.1756 | rot=0.1313
============================================================

============================================================
ALICE UPDATE 752
============================================================
  Rewards:     mean=6.0000 | min=0.0000 | max=0.0000
  Losses:      value=0.0142 | surrogate=0.4461
  Outcomes:    9 episodes buffered
============================================================

============================================================
BOB UPDATE 418
============================================================
  Success Rate: 0.1440 (6784 eps)
  Rewards:      mean=0.0019
  Losses:       value=0.0222 | surrogate=0.4718 | ABC=8022809.6000
  Errors:       pos=0.1758 | rot=0.1312
============================================================

============================================================
ALICE UPDATE 753
============================================================
  Rewards:     mean=4.8889 | min=0.0000 | max=0.0000
  Losses:      value=0.1236 | surrogate=0.5338
  Outcomes:    9 episodes buffered
============================================================

============================================================
ALICE UPDATE 754
============================================================
  Rewards:     mean=6.0000 | min=0.0000 | max=0.0000
  Losses:      value=0.0143 | surrogate=0.4239
  Outcomes:    9 episodes buffered
============================================================

============================================================
BOB UPDATE 419
============================================================
  Success Rate: 0.1439 (6796 eps)
  Rewards:      mean=0.0018
  Losses:       value=0.0811 | surrogate=0.0863 | ABC=8307939.9080
  Errors:       pos=0.1759 | rot=0.1313
============================================================

============================================================
ALICE UPDATE 755
============================================================
  Rewards:     mean=5.4444 | min=0.0000 | max=0.0000
  Losses:      value=0.0332 | surrogate=0.2555
  Outcomes:    9 episodes buffered
============================================================

============================================================
BOB UPDATE 420
============================================================
  Success Rate: 0.1439 (6810 eps)
  Rewards:      mean=0.0018
  Losses:       value=0.0760 | surrogate=0.0593 | ABC=8576348.0440
  Errors:       pos=0.1760 | rot=0.1315
============================================================

============================================================
ALICE UPDATE 756
============================================================
  Rewards:     mean=5.4444 | min=0.0000 | max=0.0000
  Losses:      value=0.0986 | surrogate=0.5654
  Outcomes:    9 episodes buffered
============================================================

============================================================
BOB UPDATE 421
============================================================
  Success Rate: 0.1440 (6820 eps)
  Rewards:      mean=0.0021
  Losses:       value=0.1027 | surrogate=0.1102 | ABC=8793791.5120
  Errors:       pos=0.1761 | rot=0.1315
============================================================

============================================================
ALICE UPDATE 757
============================================================
  Rewards:     mean=4.8889 | min=0.0000 | max=0.0000
  Losses:      value=0.1917 | surrogate=0.7448
  Outcomes:    9 episodes buffered
============================================================

============================================================
ALICE UPDATE 758
============================================================
  Rewards:     mean=5.4444 | min=0.0000 | max=0.0000
  Losses:      value=0.0894 | surrogate=0.6016
  Outcomes:    9 episodes buffered
============================================================

============================================================
BOB UPDATE 422
============================================================
  Success Rate: 0.1439 (6831 eps)
  Rewards:      mean=0.0022
  Losses:       value=0.0180 | surrogate=0.1747 | ABC=9048617.6320
  Errors:       pos=0.1761 | rot=0.1314
============================================================

============================================================
ALICE UPDATE 759
============================================================
  Rewards:     mean=6.0000 | min=0.0000 | max=0.0000
  Losses:      value=0.0083 | surrogate=0.4179
  Outcomes:    9 episodes buffered
============================================================

============================================================
BOB UPDATE 423
============================================================
  Success Rate: 0.1437 (6842 eps)
  Rewards:      mean=0.0022
  Losses:       value=0.0068 | surrogate=0.3347 | ABC=9331658.7200
  Errors:       pos=0.1762 | rot=0.1315
============================================================

============================================================
ALICE UPDATE 760
============================================================
  Rewards:     mean=4.8889 | min=0.0000 | max=0.0000
  Losses:      value=0.1258 | surrogate=0.5959
  Outcomes:    9 episodes buffered
============================================================

============================================================
BOB UPDATE 424
============================================================
  Success Rate: 0.1438 (6850 eps)
  Rewards:      mean=0.0022
  Losses:       value=0.0724 | surrogate=0.1687 | ABC=9510686.1920
  Errors:       pos=0.1764 | rot=0.1316
============================================================

============================================================
ALICE UPDATE 761
============================================================
  Rewards:     mean=5.4444 | min=0.0000 | max=0.0000
  Losses:      value=0.1093 | surrogate=0.6371
  Outcomes:    9 episodes buffered
============================================================

============================================================
BOB UPDATE 425
============================================================
  Success Rate: 0.1438 (6866 eps)
  Rewards:      mean=0.0019
  Losses:       value=0.0220 | surrogate=0.1770 | ABC=9916262.8640
  Errors:       pos=0.1765 | rot=0.1320
============================================================

============================================================
ALICE UPDATE 762
============================================================
  Rewards:     mean=5.4444 | min=0.0000 | max=0.0000
  Losses:      value=0.1040 | surrogate=0.6092
  Outcomes:    9 episodes buffered
============================================================

============================================================
ALICE UPDATE 763
============================================================
  Rewards:     mean=4.8889 | min=0.0000 | max=0.0000
  Losses:      value=0.1199 | surrogate=0.5029
  Outcomes:    9 episodes buffered
============================================================

============================================================
BOB UPDATE 426
============================================================
  Success Rate: 0.1438 (6876 eps)
  Rewards:      mean=0.0022
  Losses:       value=0.1651 | surrogate=0.1197 | ABC=10165636.2000
  Errors:       pos=0.1766 | rot=0.1319
============================================================

============================================================
ALICE UPDATE 764
============================================================
  Rewards:     mean=5.4444 | min=0.0000 | max=0.0000
  Losses:      value=0.0970 | surrogate=0.6167
  Outcomes:    9 episodes buffered
============================================================

============================================================
BOB UPDATE 427
============================================================
  Success Rate: 0.1437 (6888 eps)
  Rewards:      mean=0.0021
  Losses:       value=0.0936 | surrogate=0.3969 | ABC=10500415.2880
  Errors:       pos=0.1767 | rot=0.1320
============================================================

============================================================
ALICE UPDATE 765
============================================================
  Rewards:     mean=4.8889 | min=0.0000 | max=0.0000
  Losses:      value=0.1242 | surrogate=0.5132
  Outcomes:    9 episodes buffered
============================================================

============================================================
BOB UPDATE 428
============================================================
  Success Rate: 0.1439 (6896 eps)
  Rewards:      mean=0.0024
  Losses:       value=0.0256 | surrogate=0.4967 | ABC=10684267.5120
  Errors:       pos=0.1767 | rot=0.1320
============================================================

============================================================
ALICE UPDATE 766
============================================================
  Rewards:     mean=6.0000 | min=0.0000 | max=0.0000
  Losses:      value=0.0093 | surrogate=0.3289
  Outcomes:    9 episodes buffered
============================================================

============================================================
BOB UPDATE 429
============================================================
  Success Rate: 0.1436 (6909 eps)
  Rewards:      mean=0.0021
  Losses:       value=0.0053 | surrogate=0.3493 | ABC=11088580.1120
  Errors:       pos=0.1770 | rot=0.1320
============================================================

============================================================
ALICE UPDATE 767
============================================================
  Rewards:     mean=6.0000 | min=0.0000 | max=0.0000
  Losses:      value=0.0076 | surrogate=0.3023
  Outcomes:    9 episodes buffered
============================================================

============================================================
BOB UPDATE 430
============================================================
  Success Rate: 0.1434 (6916 eps)
  Rewards:      mean=0.0017
  Losses:       value=0.0059 | surrogate=0.3087 | ABC=11319168.5040
  Errors:       pos=0.1772 | rot=0.1320
============================================================

============================================================
ALICE UPDATE 768
============================================================
  Rewards:     mean=5.4444 | min=0.0000 | max=0.0000
  Losses:      value=0.0345 | surrogate=0.2329
  Outcomes:    9 episodes buffered
============================================================

============================================================
ALICE UPDATE 769
============================================================
  Rewards:     mean=5.4444 | min=0.0000 | max=0.0000
  Losses:      value=0.1100 | surrogate=0.5430
  Outcomes:    9 episodes buffered
============================================================

============================================================
BOB UPDATE 431
============================================================
  Success Rate: 0.1434 (6930 eps)
  Rewards:      mean=0.0017
  Losses:       value=0.0376 | surrogate=0.2354 | ABC=11714361.5520
  Errors:       pos=0.1772 | rot=0.1321
============================================================

============================================================
ALICE UPDATE 770
============================================================
  Rewards:     mean=5.4444 | min=0.0000 | max=0.0000
  Losses:      value=0.0942 | surrogate=0.5821
  Outcomes:    9 episodes buffered
============================================================

============================================================
BOB UPDATE 432
============================================================
  Success Rate: 0.1433 (6942 eps)
  Rewards:      mean=0.0017
  Losses:       value=0.0330 | surrogate=0.2207 | ABC=12098648.2960
  Errors:       pos=0.1774 | rot=0.1322
============================================================

============================================================
ALICE UPDATE 771
============================================================
  Rewards:     mean=5.4444 | min=0.0000 | max=0.0000
  Losses:      value=0.0428 | surrogate=0.4143
  Outcomes:    9 episodes buffered
============================================================

============================================================
BOB UPDATE 433
============================================================
  Success Rate: 0.1433 (6951 eps)
  Rewards:      mean=0.0015
  Losses:       value=0.0839 | surrogate=0.1056 | ABC=12409691.9360
  Errors:       pos=0.1776 | rot=0.1321
============================================================

============================================================
ALICE UPDATE 772
============================================================
  Rewards:     mean=6.0000 | min=0.0000 | max=0.0000
  Losses:      value=0.0497 | surrogate=0.1667
  Outcomes:    9 episodes buffered
============================================================

============================================================
BOB UPDATE 434
============================================================
  Success Rate: 0.1431 (6960 eps)
  Rewards:      mean=0.0014
  Losses:       value=0.0216 | surrogate=0.4132 | ABC=12771624.1520
  Errors:       pos=0.1777 | rot=0.1322
============================================================

============================================================
ALICE UPDATE 773
============================================================
  Rewards:     mean=4.8889 | min=0.0000 | max=0.0000
  Losses:      value=0.1241 | surrogate=0.5115
  Outcomes:    9 episodes buffered
============================================================

============================================================
BOB UPDATE 435
============================================================
  Success Rate: 0.1432 (6969 eps)
  Rewards:      mean=0.0016
  Losses:       value=0.0666 | surrogate=0.1100 | ABC=13014843.7120
  Errors:       pos=0.1778 | rot=0.1325
============================================================

============================================================
ALICE UPDATE 774
============================================================
  Rewards:     mean=6.0000 | min=0.0000 | max=0.0000
  Losses:      value=0.0063 | surrogate=0.4522
  Outcomes:    9 episodes buffered
============================================================

============================================================
BOB UPDATE 436
============================================================
  Success Rate: 0.1432 (6978 eps)
  Rewards:      mean=0.0015
  Losses:       value=0.0173 | surrogate=0.3328 | ABC=13332040.6560
  Errors:       pos=0.1779 | rot=0.1326
============================================================

============================================================
ALICE UPDATE 775
============================================================
  Rewards:     mean=5.4444 | min=0.0000 | max=0.0000
  Losses:      value=0.1035 | surrogate=0.6001
  Outcomes:    9 episodes buffered
============================================================

============================================================
BOB UPDATE 437
============================================================
  Success Rate: 0.1430 (6985 eps)
  Rewards:      mean=0.0013
  Losses:       value=0.0082 | surrogate=0.4821 | ABC=13608230.2400
  Errors:       pos=0.1780 | rot=0.1329
============================================================

============================================================
ALICE UPDATE 776
============================================================
  Rewards:     mean=5.4444 | min=0.0000 | max=0.0000
  Losses:      value=0.0433 | surrogate=0.3733
  Outcomes:    9 episodes buffered
============================================================

============================================================
BOB UPDATE 438
============================================================
  Success Rate: 0.1431 (6995 eps)
  Rewards:      mean=0.0016
  Losses:       value=0.0244 | surrogate=0.1493 | ABC=13903392.3440
  Errors:       pos=0.1781 | rot=0.1330
============================================================

============================================================
ALICE UPDATE 777
============================================================
  Rewards:     mean=4.8889 | min=0.0000 | max=0.0000
  Losses:      value=0.1331 | surrogate=0.6045
  Outcomes:    9 episodes buffered
============================================================

============================================================
BOB UPDATE 439
============================================================
  Success Rate: 0.1432 (7006 eps)
  Rewards:      mean=0.0018
  Losses:       value=0.1031 | surrogate=0.1890 | ABC=14268647.6080
  Errors:       pos=0.1782 | rot=0.1331
============================================================

============================================================
ALICE UPDATE 778
============================================================
  Rewards:     mean=4.8889 | min=0.0000 | max=0.0000
  Losses:      value=0.1679 | surrogate=0.8395
  Outcomes:    9 episodes buffered
============================================================

============================================================
BOB UPDATE 440
============================================================
  Success Rate: 0.1431 (7014 eps)
  Rewards:      mean=0.0020
  Losses:       value=0.0252 | surrogate=0.4696 | ABC=14590213.9920
  Errors:       pos=0.1782 | rot=0.1332
============================================================

============================================================
ALICE UPDATE 779
============================================================
  Rewards:     mean=4.8889 | min=0.0000 | max=0.0000
  Losses:      value=0.1660 | surrogate=0.8909
  Outcomes:    9 episodes buffered
============================================================

============================================================
BOB UPDATE 441
============================================================
  Success Rate: 0.1431 (7028 eps)
  Rewards:      mean=0.0020
  Losses:       value=0.0143 | surrogate=0.1729 | ABC=15138782.3600
  Errors:       pos=0.1781 | rot=0.1335
============================================================

============================================================
ALICE UPDATE 780
============================================================
  Rewards:     mean=6.0000 | min=0.0000 | max=0.0000
  Losses:      value=0.0238 | surrogate=0.6813
  Outcomes:    9 episodes buffered
============================================================

============================================================
BOB UPDATE 442
============================================================
  Success Rate: 0.1430 (7035 eps)
  Rewards:      mean=0.0018
  Losses:       value=0.0045 | surrogate=0.3636 | ABC=15439096.2240
  Errors:       pos=0.1781 | rot=0.1335
============================================================

============================================================
ALICE UPDATE 781
============================================================
  Rewards:     mean=6.0000 | min=0.0000 | max=0.0000
  Losses:      value=0.0170 | surrogate=0.4679
  Outcomes:    9 episodes buffered
============================================================

============================================================
BOB UPDATE 443
============================================================
  Success Rate: 0.1430 (7042 eps)
  Rewards:      mean=0.0018
  Losses:       value=0.0690 | surrogate=0.1401 | ABC=15679224.9280
  Errors:       pos=0.1783 | rot=0.1336
============================================================

============================================================
ALICE UPDATE 782
============================================================
  Rewards:     mean=4.8889 | min=0.0000 | max=0.0000
  Losses:      value=0.1959 | surrogate=0.4431
  Outcomes:    9 episodes buffered
============================================================

============================================================
BOB UPDATE 444
============================================================
  Success Rate: 0.1429 (7052 eps)
  Rewards:      mean=0.0019
  Losses:       value=0.0171 | surrogate=0.5570 | ABC=16124660.4160
  Errors:       pos=0.1783 | rot=0.1337
============================================================

============================================================
ALICE UPDATE 783
============================================================
  Rewards:     mean=5.4444 | min=0.0000 | max=0.0000
  Losses:      value=0.1039 | surrogate=0.6262
  Outcomes:    9 episodes buffered
============================================================

============================================================
BOB UPDATE 445
============================================================
  Success Rate: 0.1429 (7063 eps)
  Rewards:      mean=0.0018
  Losses:       value=0.0346 | surrogate=0.2290 | ABC=16589782.0960
  Errors:       pos=0.1784 | rot=0.1339
============================================================

============================================================
ALICE UPDATE 784
============================================================
  Rewards:     mean=6.0000 | min=0.0000 | max=0.0000
  Losses:      value=0.0130 | surrogate=0.3717
  Outcomes:    9 episodes buffered
============================================================

============================================================
BOB UPDATE 446
============================================================
  Success Rate: 0.1427 (7071 eps)
  Rewards:      mean=0.0018
  Losses:       value=0.0167 | surrogate=0.4397 | ABC=16957950.1200
  Errors:       pos=0.1785 | rot=0.1339
============================================================

============================================================
ALICE UPDATE 785
============================================================
  Rewards:     mean=6.0000 | min=0.0000 | max=0.0000
  Losses:      value=0.0076 | surrogate=0.2815
  Outcomes:    9 episodes buffered
============================================================

============================================================
BOB UPDATE 447
============================================================
  Success Rate: 0.1426 (7082 eps)
  Rewards:      mean=0.0018
  Losses:       value=0.0180 | surrogate=0.2147 | ABC=17456203.6000
  Errors:       pos=0.1785 | rot=0.1340
============================================================

============================================================
ALICE UPDATE 786
============================================================
  Rewards:     mean=5.4444 | min=0.0000 | max=0.0000
  Losses:      value=0.0467 | surrogate=0.4054
  Outcomes:    9 episodes buffered
============================================================

============================================================
BOB UPDATE 448
============================================================
  Success Rate: 0.1425 (7090 eps)
  Rewards:      mean=0.0014
  Losses:       value=0.0093 | surrogate=0.4277 | ABC=17903856.7040
  Errors:       pos=0.1785 | rot=0.1341
============================================================

============================================================
ALICE UPDATE 787
============================================================
  Rewards:     mean=6.0000 | min=0.0000 | max=0.0000
  Losses:      value=0.0073 | surrogate=0.1880
  Outcomes:    9 episodes buffered
============================================================

============================================================
ALICE UPDATE 788
============================================================
  Rewards:     mean=5.4444 | min=0.0000 | max=0.0000
  Losses:      value=0.0915 | surrogate=0.5518
  Outcomes:    9 episodes buffered
============================================================

============================================================
BOB UPDATE 449
============================================================
  Success Rate: 0.1424 (7105 eps)
  Rewards:      mean=0.0013
  Losses:       value=0.1174 | surrogate=0.1633 | ABC=18552364.5280
  Errors:       pos=0.1785 | rot=0.1343
============================================================

============================================================
ALICE UPDATE 789
============================================================
  Rewards:     mean=4.8889 | min=0.0000 | max=0.0000
  Losses:      value=0.1185 | surrogate=0.4915
  Outcomes:    9 episodes buffered
============================================================

============================================================
BOB UPDATE 450
============================================================
  Success Rate: 0.1425 (7117 eps)
  Rewards:      mean=0.0013
  Losses:       value=0.0665 | surrogate=0.3326 | ABC=19136115.4720
  Errors:       pos=0.1786 | rot=0.1347
============================================================

============================================================
ALICE UPDATE 790
============================================================
  Rewards:     mean=5.4444 | min=0.0000 | max=0.0000
  Losses:      value=0.0993 | surrogate=0.5217
  Outcomes:    9 episodes buffered
============================================================

============================================================
ALICE UPDATE 791
============================================================
  Rewards:     mean=6.0000 | min=0.0000 | max=0.0000
  Losses:      value=0.0035 | surrogate=0.2346
  Outcomes:    9 episodes buffered
============================================================

============================================================
BOB UPDATE 451
============================================================
  Success Rate: 0.1423 (7128 eps)
  Rewards:      mean=0.0014
  Losses:       value=0.0100 | surrogate=0.6726 | ABC=19729203.9520
  Errors:       pos=0.1786 | rot=0.1348
============================================================

============================================================
ALICE UPDATE 792
============================================================
  Rewards:     mean=5.4444 | min=0.0000 | max=0.0000
  Losses:      value=0.0851 | surrogate=0.5790
  Outcomes:    9 episodes buffered
============================================================

============================================================
BOB UPDATE 452
============================================================
  Success Rate: 0.1423 (7139 eps)
  Rewards:      mean=0.0015
  Losses:       value=0.2069 | surrogate=0.1427 | ABC=20250192.3040
  Errors:       pos=0.1785 | rot=0.1350
============================================================

============================================================
BOB UPDATE 453
============================================================
  Success Rate: 0.1423 (7145 eps)
  Rewards:      mean=0.0016
  Losses:       value=0.0869 | surrogate=0.2137 | ABC=20506528.4320
  Errors:       pos=0.1786 | rot=0.1351
============================================================

============================================================
ALICE UPDATE 793
============================================================
  Rewards:     mean=4.8889 | min=0.0000 | max=0.0000
  Losses:      value=0.2019 | surrogate=0.7622
  Outcomes:    9 episodes buffered
============================================================

============================================================
BOB UPDATE 454
============================================================
  Success Rate: 0.1422 (7151 eps)
  Rewards:      mean=0.0014
  Losses:       value=0.0135 | surrogate=0.4831 | ABC=20922706.0320
  Errors:       pos=0.1786 | rot=0.1352
============================================================

============================================================
ALICE UPDATE 794
============================================================
  Rewards:     mean=5.4444 | min=0.0000 | max=0.0000
  Losses:      value=0.0394 | surrogate=0.4313
  Outcomes:    9 episodes buffered
============================================================

============================================================
BOB UPDATE 455
============================================================
  Success Rate: 0.1422 (7160 eps)
  Rewards:      mean=0.0015
  Losses:       value=0.0130 | surrogate=0.3548 | ABC=21379092.3040
  Errors:       pos=0.1786 | rot=0.1354
============================================================

============================================================
ALICE UPDATE 795
============================================================
  Rewards:     mean=6.0000 | min=0.0000 | max=0.0000
  Losses:      value=0.0086 | surrogate=0.4655
  Outcomes:    9 episodes buffered
============================================================

============================================================
ALICE UPDATE 796
============================================================
  Rewards:     mean=4.8889 | min=0.0000 | max=0.0000
  Losses:      value=0.1360 | surrogate=0.6231
  Outcomes:    9 episodes buffered
============================================================

============================================================
BOB UPDATE 456
============================================================
  Success Rate: 0.1421 (7176 eps)
  Rewards:      mean=0.0016
  Losses:       value=0.0125 | surrogate=0.1158 | ABC=22256116.1280
  Errors:       pos=0.1787 | rot=0.1357
============================================================

============================================================
ALICE UPDATE 797
============================================================
  Rewards:     mean=5.4444 | min=0.0000 | max=0.0000
  Losses:      value=0.0388 | surrogate=0.2531
  Outcomes:    9 episodes buffered
============================================================

============================================================
BOB UPDATE 457
============================================================
  Success Rate: 0.1420 (7189 eps)
  Rewards:      mean=0.0018
  Losses:       value=0.0346 | surrogate=0.2203 | ABC=23098643.6480
  Errors:       pos=0.1788 | rot=0.1357
============================================================

============================================================
ALICE UPDATE 798
============================================================
  Rewards:     mean=5.4444 | min=0.0000 | max=0.0000
  Losses:      value=0.0365 | surrogate=0.2769
  Outcomes:    9 episodes buffered
============================================================

============================================================
ALICE UPDATE 799
============================================================
  Rewards:     mean=6.0000 | min=0.0000 | max=0.0000
  Losses:      value=0.0071 | surrogate=0.5220
  Outcomes:    9 episodes buffered
============================================================

============================================================
BOB UPDATE 458
============================================================
  Success Rate: 0.1420 (7204 eps)
  Rewards:      mean=0.0017
  Losses:       value=0.1932 | surrogate=0.1425 | ABC=23969328.8000
  Errors:       pos=0.1789 | rot=0.1357
============================================================

============================================================
ALICE UPDATE 800
============================================================
  Rewards:     mean=4.8889 | min=0.0000 | max=0.0000
  Losses:      value=0.1269 | surrogate=0.6018
  Outcomes:    9 episodes buffered
============================================================

============================================================
BOB UPDATE 459
============================================================
  Success Rate: 0.1422 (7215 eps)
  Rewards:      mean=0.0020
  Losses:       value=0.1544 | surrogate=0.2104 | ABC=24511482.5760
  Errors:       pos=0.1788 | rot=0.1356
============================================================

============================================================
ALICE UPDATE 801
============================================================
  Rewards:     mean=4.8889 | min=0.0000 | max=0.0000
  Losses:      value=0.1862 | surrogate=0.7896
  Outcomes:    9 episodes buffered
============================================================

============================================================
ALICE UPDATE 802
============================================================
  Rewards:     mean=4.8889 | min=0.0000 | max=0.0000
  Losses:      value=0.1236 | surrogate=0.6567
  Outcomes:    9 episodes buffered
============================================================

============================================================
BOB UPDATE 460
============================================================
  Success Rate: 0.1422 (7227 eps)
  Rewards:      mean=0.0022
  Losses:       value=0.0459 | surrogate=0.1517 | ABC=25166661.8080
  Errors:       pos=0.1789 | rot=0.1357
============================================================

============================================================
ALICE UPDATE 803
============================================================
  Rewards:     mean=6.0000 | min=0.0000 | max=0.0000
  Losses:      value=0.0078 | surrogate=0.4735
  Outcomes:    9 episodes buffered
============================================================

============================================================
BOB UPDATE 461
============================================================
  Success Rate: 0.1420 (7240 eps)
  Rewards:      mean=0.0018
  Losses:       value=0.0131 | surrogate=0.4326 | ABC=26154891.3120
  Errors:       pos=0.1790 | rot=0.1360
============================================================

============================================================
ALICE UPDATE 804
============================================================
  Rewards:     mean=6.0000 | min=0.0000 | max=0.0000
  Losses:      value=0.0089 | surrogate=0.3523
  Outcomes:    9 episodes buffered
============================================================

============================================================
BOB UPDATE 462
============================================================
  Success Rate: 0.1419 (7253 eps)
  Rewards:      mean=0.0019
  Losses:       value=0.0103 | surrogate=0.1328 | ABC=27098701.9520
  Errors:       pos=0.1791 | rot=0.1364
============================================================

============================================================
ALICE UPDATE 805
============================================================
  Rewards:     mean=4.8889 | min=0.0000 | max=0.0000
  Losses:      value=0.1373 | surrogate=0.5040
  Outcomes:    9 episodes buffered
============================================================

============================================================
BOB UPDATE 463
============================================================
  Success Rate: 0.1420 (7262 eps)
  Rewards:      mean=0.0021
  Losses:       value=0.0832 | surrogate=0.1563 | ABC=27738373.3920
  Errors:       pos=0.1790 | rot=0.1364
============================================================

============================================================
ALICE UPDATE 806
============================================================
  Rewards:     mean=5.4444 | min=0.0000 | max=0.0000
  Losses:      value=0.1064 | surrogate=0.5879
  Outcomes:    9 episodes buffered
============================================================

============================================================
ALICE UPDATE 807
============================================================
  Rewards:     mean=6.0000 | min=0.0000 | max=0.0000
  Losses:      value=0.0053 | surrogate=0.4251
  Outcomes:    9 episodes buffered
============================================================

============================================================
BOB UPDATE 464
============================================================
  Success Rate: 0.1418 (7273 eps)
  Rewards:      mean=0.0018
  Losses:       value=0.0086 | surrogate=0.4089 | ABC=28636633.9520
  Errors:       pos=0.1792 | rot=0.1367
============================================================

============================================================
ALICE UPDATE 808
============================================================
  Rewards:     mean=5.4444 | min=0.0000 | max=0.0000
  Losses:      value=0.0313 | surrogate=0.2742
  Outcomes:    9 episodes buffered
============================================================

============================================================
BOB UPDATE 465
============================================================
  Success Rate: 0.1417 (7282 eps)
  Rewards:      mean=0.0019
  Losses:       value=0.0234 | surrogate=0.2353 | ABC=29296240.7520
  Errors:       pos=0.1792 | rot=0.1368
============================================================

============================================================
ALICE UPDATE 809
============================================================
  Rewards:     mean=6.0000 | min=0.0000 | max=0.0000
  Losses:      value=0.0084 | surrogate=0.3935
  Outcomes:    9 episodes buffered
============================================================

============================================================
BOB UPDATE 466
============================================================
  Success Rate: 0.1417 (7297 eps)
  Rewards:      mean=0.0020
  Losses:       value=0.0660 | surrogate=0.1186 | ABC=30428812.4960
  Errors:       pos=0.1794 | rot=0.1372
============================================================

============================================================
ALICE UPDATE 810
============================================================
  Rewards:     mean=4.8889 | min=0.0000 | max=0.0000
  Losses:      value=0.1705 | surrogate=0.7968
  Outcomes:    9 episodes buffered
============================================================

============================================================
BOB UPDATE 467
============================================================
  Success Rate: 0.1417 (7305 eps)
  Rewards:      mean=0.0019
  Losses:       value=0.0351 | surrogate=0.4316 | ABC=31091384.9600
  Errors:       pos=0.1794 | rot=0.1372
============================================================

============================================================
ALICE UPDATE 811
============================================================
  Rewards:     mean=4.8889 | min=0.0000 | max=0.0000
  Losses:      value=0.1199 | surrogate=0.5465
  Outcomes:    9 episodes buffered
============================================================

============================================================
ALICE UPDATE 812
============================================================
  Rewards:     mean=4.8889 | min=0.0000 | max=0.0000
  Losses:      value=0.1528 | surrogate=0.8690
  Outcomes:    9 episodes buffered
============================================================

============================================================
BOB UPDATE 468
============================================================
  Success Rate: 0.1420 (7322 eps)
  Rewards:      mean=0.0019
  Losses:       value=0.1686 | surrogate=0.1205 | ABC=32068161.1040
  Errors:       pos=0.1795 | rot=0.1374
============================================================

============================================================
ALICE UPDATE 813
============================================================
  Rewards:     mean=4.8889 | min=0.0000 | max=0.0000
  Losses:      value=0.1526 | surrogate=0.9662
  Outcomes:    9 episodes buffered
============================================================

============================================================
BOB UPDATE 469
============================================================
  Success Rate: 0.1418 (7334 eps)
  Rewards:      mean=0.0019
  Losses:       value=0.0126 | surrogate=0.5403 | ABC=33325732.0160
  Errors:       pos=0.1796 | rot=0.1376
============================================================

============================================================
ALICE UPDATE 814
============================================================
  Rewards:     mean=6.0000 | min=0.0000 | max=0.0000
  Losses:      value=0.0280 | surrogate=0.6318
  Outcomes:    9 episodes buffered
============================================================

============================================================
ALICE UPDATE 815
============================================================
  Rewards:     mean=5.4444 | min=0.0000 | max=0.0000
  Losses:      value=0.0824 | surrogate=0.6366
  Outcomes:    9 episodes buffered
============================================================

============================================================
BOB UPDATE 470
============================================================
  Success Rate: 0.1417 (7346 eps)
  Rewards:      mean=0.0021
  Losses:       value=0.0108 | surrogate=0.2671 | ABC=34358712.8160
  Errors:       pos=0.1796 | rot=0.1376
============================================================

============================================================
ALICE UPDATE 816
============================================================
  Rewards:     mean=6.0000 | min=0.0000 | max=0.0000
  Losses:      value=0.0094 | surrogate=0.3079
  Outcomes:    9 episodes buffered
============================================================

============================================================
BOB UPDATE 471
============================================================
  Success Rate: 0.1417 (7361 eps)
  Rewards:      mean=0.0021
  Losses:       value=0.0534 | surrogate=0.0826 | ABC=35665188.4480
  Errors:       pos=0.1796 | rot=0.1378
============================================================

============================================================
ALICE UPDATE 817
============================================================
  Rewards:     mean=4.8889 | min=0.0000 | max=0.0000
  Losses:      value=0.1176 | surrogate=0.5406
  Outcomes:    9 episodes buffered
============================================================

============================================================
BOB UPDATE 472
============================================================
  Success Rate: 0.1415 (7370 eps)
  Rewards:      mean=0.0023
  Losses:       value=0.0058 | surrogate=0.3346 | ABC=36732659.2640
  Errors:       pos=0.1796 | rot=0.1378
============================================================

============================================================
ALICE UPDATE 818
============================================================
  Rewards:     mean=6.0000 | min=0.0000 | max=0.0000
  Losses:      value=0.0095 | surrogate=0.2838
  Outcomes:    9 episodes buffered
============================================================

============================================================
ALICE UPDATE 819
============================================================
  Rewards:     mean=5.4444 | min=0.0000 | max=0.0000
  Losses:      value=0.0414 | surrogate=0.3543
  Outcomes:    9 episodes buffered
============================================================

============================================================
BOB UPDATE 473
============================================================
  Success Rate: 0.1415 (7380 eps)
  Rewards:      mean=0.0022
  Losses:       value=0.0157 | surrogate=0.2652 | ABC=37644940.0320
  Errors:       pos=0.1796 | rot=0.1377
============================================================

============================================================
ALICE UPDATE 820
============================================================
  Rewards:     mean=4.8889 | min=0.0000 | max=0.0000
  Losses:      value=0.1956 | surrogate=0.7158
  Outcomes:    9 episodes buffered
============================================================

============================================================
BOB UPDATE 474
============================================================
  Success Rate: 0.1417 (7395 eps)
  Rewards:      mean=0.0025
  Losses:       value=0.0974 | surrogate=0.1170 | ABC=38881883.8720
  Errors:       pos=0.1796 | rot=0.1377
============================================================

============================================================
ALICE UPDATE 821
============================================================
  Rewards:     mean=4.8889 | min=0.0000 | max=0.0000
  Losses:      value=0.1787 | surrogate=0.7508
  Outcomes:    9 episodes buffered
============================================================

============================================================
BOB UPDATE 475
============================================================
  Success Rate: 0.1419 (7406 eps)
  Rewards:      mean=0.0027
  Losses:       value=0.1093 | surrogate=0.2253 | ABC=39883384.0640
  Errors:       pos=0.1797 | rot=0.1375
============================================================

============================================================
ALICE UPDATE 822
============================================================
  Rewards:     mean=4.3333 | min=0.0000 | max=0.0000
  Losses:      value=0.1746 | surrogate=0.7850
  Outcomes:    9 episodes buffered
============================================================

============================================================
BOB UPDATE 476
============================================================
  Success Rate: 0.1419 (7414 eps)
  Rewards:      mean=0.0024
  Losses:       value=0.0278 | surrogate=0.4762 | ABC=40633435.8080
  Errors:       pos=0.1799 | rot=0.1377
============================================================

============================================================
ALICE UPDATE 823
============================================================
  Rewards:     mean=5.4444 | min=0.0000 | max=0.0000
  Losses:      value=0.0604 | surrogate=0.6029
  Outcomes:    9 episodes buffered
============================================================

============================================================
BOB UPDATE 477
============================================================
  Success Rate: 0.1419 (7423 eps)
  Rewards:      mean=0.0023
  Losses:       value=0.0317 | surrogate=0.2393 | ABC=41603277.8880
  Errors:       pos=0.1799 | rot=0.1379
============================================================

============================================================
ALICE UPDATE 824
============================================================
  Rewards:     mean=5.4444 | min=0.0000 | max=0.0000
  Losses:      value=0.0556 | surrogate=0.4560
  Outcomes:    9 episodes buffered
============================================================

============================================================
ALICE UPDATE 825
============================================================
  Rewards:     mean=6.0000 | min=0.0000 | max=0.0000
  Losses:      value=0.0187 | surrogate=0.3076
  Outcomes:    9 episodes buffered
============================================================

============================================================
BOB UPDATE 478
============================================================
  Success Rate: 0.1416 (7434 eps)
  Rewards:      mean=0.0023
  Losses:       value=0.0072 | surrogate=0.3627 | ABC=43008252.9600
  Errors:       pos=0.1799 | rot=0.1377
============================================================

============================================================
ALICE UPDATE 826
============================================================
  Rewards:     mean=4.8889 | min=0.0000 | max=0.0000
  Losses:      value=0.0729 | surrogate=0.3597
  Outcomes:    9 episodes buffered
============================================================

============================================================
BOB UPDATE 479
============================================================
  Success Rate: 0.1417 (7446 eps)
  Rewards:      mean=0.0023
  Losses:       value=0.0247 | surrogate=0.2085 | ABC=44248220.5440
  Errors:       pos=0.1798 | rot=0.1378
============================================================

============================================================
ALICE UPDATE 827
============================================================
  Rewards:     mean=5.4444 | min=0.0000 | max=0.0000
  Losses:      value=0.1037 | surrogate=0.5553
  Outcomes:    9 episodes buffered
============================================================

============================================================
BOB UPDATE 480
============================================================
  Success Rate: 0.1421 (7460 eps)
  Rewards:      mean=0.0029
  Losses:       value=0.4219 | surrogate=0.2210 | ABC=45358077.7920
  Errors:       pos=0.1799 | rot=0.1381
============================================================

============================================================
ALICE UPDATE 828
============================================================
  Rewards:     mean=3.7778 | min=0.0000 | max=0.0000
  Losses:      value=0.2486 | surrogate=0.9220
  Outcomes:    9 episodes buffered
============================================================

============================================================
BOB UPDATE 481
============================================================
  Success Rate: 0.1421 (7468 eps)
  Rewards:      mean=0.0028
  Losses:       value=0.0335 | surrogate=0.4711 | ABC=46382238.4000
  Errors:       pos=0.1799 | rot=0.1383
============================================================

============================================================
ALICE UPDATE 829
============================================================
  Rewards:     mean=5.4444 | min=0.0000 | max=0.0000
  Losses:      value=0.0877 | surrogate=0.5648
  Outcomes:    9 episodes buffered
============================================================

============================================================
BOB UPDATE 482
============================================================
  Success Rate: 0.1419 (7478 eps)
  Rewards:      mean=0.0028
  Losses:       value=0.0113 | surrogate=0.5365 | ABC=47720730.4320
  Errors:       pos=0.1799 | rot=0.1382
============================================================

============================================================
ALICE UPDATE 830
============================================================
  Rewards:     mean=6.0000 | min=0.0000 | max=0.0000
  Losses:      value=0.0136 | surrogate=0.1427
  Outcomes:    9 episodes buffered
============================================================

============================================================
ALICE UPDATE 831
============================================================
  Rewards:     mean=6.0000 | min=0.0000 | max=0.0000
  Losses:      value=0.0087 | surrogate=0.1660
  Outcomes:    9 episodes buffered
============================================================

============================================================
BOB UPDATE 483
============================================================
  Success Rate: 0.1416 (7493 eps)
  Rewards:      mean=0.0021
  Losses:       value=0.0189 | surrogate=0.5156 | ABC=49852508.2240
  Errors:       pos=0.1799 | rot=0.1384
============================================================

============================================================
ALICE UPDATE 832
============================================================
  Rewards:     mean=5.4444 | min=0.0000 | max=0.0000
  Losses:      value=0.0336 | surrogate=0.1877
  Outcomes:    9 episodes buffered
============================================================

============================================================
BOB UPDATE 484
============================================================
  Success Rate: 0.1418 (7505 eps)
  Rewards:      mean=0.0022
  Losses:       value=0.0882 | surrogate=0.2149 | ABC=51235586.5600
  Errors:       pos=0.1799 | rot=0.1385
============================================================

============================================================
ALICE UPDATE 833
============================================================
  Rewards:     mean=4.8889 | min=0.0000 | max=0.0000
  Losses:      value=0.1421 | surrogate=0.5468
  Outcomes:    9 episodes buffered
============================================================

============================================================
ALICE UPDATE 834
============================================================
  Rewards:     mean=6.0000 | min=0.0000 | max=0.0000
  Losses:      value=0.0059 | surrogate=0.1761
  Outcomes:    9 episodes buffered
============================================================

============================================================
BOB UPDATE 485
============================================================
  Success Rate: 0.1416 (7515 eps)
  Rewards:      mean=0.0020
  Losses:       value=0.0106 | surrogate=0.6417 | ABC=52745599.0720
  Errors:       pos=0.1799 | rot=0.1390
============================================================

============================================================
ALICE UPDATE 835
============================================================
  Rewards:     mean=5.4444 | min=0.0000 | max=0.0000
  Losses:      value=0.1076 | surrogate=0.5300
  Outcomes:    9 episodes buffered
============================================================

============================================================
BOB UPDATE 486
============================================================
  Success Rate: 0.1415 (7527 eps)
  Rewards:      mean=0.0019
  Losses:       value=0.0217 | surrogate=0.3797 | ABC=54405354.9760
  Errors:       pos=0.1800 | rot=0.1390
============================================================

============================================================
ALICE UPDATE 836
============================================================
  Rewards:     mean=6.0000 | min=0.0000 | max=0.0000
  Losses:      value=0.0222 | surrogate=0.3560
  Outcomes:    9 episodes buffered
============================================================

============================================================
BOB UPDATE 487
============================================================
  Success Rate: 0.1414 (7539 eps)
  Rewards:      mean=0.0018
  Losses:       value=0.0198 | surrogate=0.3538 | ABC=56097522.4000
  Errors:       pos=0.1800 | rot=0.1393
============================================================

============================================================
ALICE UPDATE 837
============================================================
  Rewards:     mean=5.4444 | min=0.0000 | max=0.0000
  Losses:      value=0.1135 | surrogate=0.5552
  Outcomes:    9 episodes buffered
============================================================

============================================================
ALICE UPDATE 838
============================================================
  Rewards:     mean=5.4444 | min=0.0000 | max=0.0000
  Losses:      value=0.0397 | surrogate=0.3612
  Outcomes:    9 episodes buffered
============================================================

============================================================
BOB UPDATE 488
============================================================
  Success Rate: 0.1414 (7554 eps)
  Rewards:      mean=0.0015
  Losses:       value=0.1735 | surrogate=0.2493 | ABC=58269476.4480
  Errors:       pos=0.1800 | rot=0.1396
============================================================

============================================================
ALICE UPDATE 839
============================================================
  Rewards:     mean=3.7778 | min=0.0000 | max=0.0000
  Losses:      value=0.2647 | surrogate=0.8769
  Outcomes:    9 episodes buffered
============================================================

============================================================
BOB UPDATE 489
============================================================
  Success Rate: 0.1417 (7565 eps)
  Rewards:      mean=0.0018
  Losses:       value=0.1999 | surrogate=0.0847 | ABC=59724039.3600
  Errors:       pos=0.1799 | rot=0.1395
============================================================

============================================================
ALICE UPDATE 840
============================================================
  Rewards:     mean=4.8889 | min=0.0000 | max=0.0000
  Losses:      value=0.1167 | surrogate=0.8599
  Outcomes:    9 episodes buffered
============================================================

============================================================
BOB UPDATE 490
============================================================
  Success Rate: 0.1417 (7577 eps)
  Rewards:      mean=0.0020
  Losses:       value=0.0316 | surrogate=0.4763 | ABC=61400318.2080
  Errors:       pos=0.1800 | rot=0.1396
============================================================

============================================================
ALICE UPDATE 841
============================================================
  Rewards:     mean=5.4444 | min=0.0000 | max=0.0000
  Losses:      value=0.0995 | surrogate=0.7709
  Outcomes:    9 episodes buffered
============================================================

============================================================
ALICE UPDATE 842
============================================================
  Rewards:     mean=5.4444 | min=0.0000 | max=0.0000
  Losses:      value=0.0510 | surrogate=0.4856
  Outcomes:    9 episodes buffered
============================================================

============================================================
BOB UPDATE 491
============================================================
  Success Rate: 0.1417 (7587 eps)
  Rewards:      mean=0.0022
  Losses:       value=0.0448 | surrogate=0.1809 | ABC=63076566.5280
  Errors:       pos=0.1800 | rot=0.1395
============================================================

============================================================
BOB UPDATE 492
============================================================
  Success Rate: 0.1417 (7595 eps)
  Rewards:      mean=0.0022
  Losses:       value=0.1243 | surrogate=0.2156 | ABC=64190709.8880
  Errors:       pos=0.1800 | rot=0.1394
============================================================

============================================================
ALICE UPDATE 843
============================================================
  Rewards:     mean=5.4444 | min=0.0000 | max=0.0000
  Losses:      value=0.0982 | surrogate=0.7320
  Outcomes:    9 episodes buffered
============================================================

============================================================
ALICE UPDATE 844
============================================================
  Rewards:     mean=6.0000 | min=0.0000 | max=0.0000
  Losses:      value=0.0123 | surrogate=0.3554
  Outcomes:    9 episodes buffered
============================================================

============================================================
BOB UPDATE 493
============================================================
  Success Rate: 0.1415 (7605 eps)
  Rewards:      mean=0.0020
  Losses:       value=0.0115 | surrogate=0.3933 | ABC=66230436.2880
  Errors:       pos=0.1801 | rot=0.1394
============================================================

============================================================
ALICE UPDATE 845
============================================================
  Rewards:     mean=4.8889 | min=0.0000 | max=0.0000
  Losses:      value=0.1714 | surrogate=0.7895
  Outcomes:    9 episodes buffered
============================================================

============================================================
BOB UPDATE 494
============================================================
  Success Rate: 0.1416 (7618 eps)
  Rewards:      mean=0.0025
  Losses:       value=0.0437 | surrogate=0.2304 | ABC=68130111.3600
  Errors:       pos=0.1801 | rot=0.1394
============================================================

============================================================
ALICE UPDATE 846
============================================================
  Rewards:     mean=4.3333 | min=0.0000 | max=0.0000
  Losses:      value=0.1799 | surrogate=0.8367
  Outcomes:    9 episodes buffered
============================================================

============================================================
BOB UPDATE 495
============================================================
  Success Rate: 0.1417 (7627 eps)
  Rewards:      mean=0.0027
  Losses:       value=0.1854 | surrogate=0.1298 | ABC=69500399.1040
  Errors:       pos=0.1802 | rot=0.1396
============================================================

============================================================
ALICE UPDATE 847
============================================================
  Rewards:     mean=6.0000 | min=0.0000 | max=0.0000
  Losses:      value=0.0308 | surrogate=0.6699
  Outcomes:    9 episodes buffered
============================================================

============================================================
BOB UPDATE 496
============================================================
  Success Rate: 0.1416 (7639 eps)
  Rewards:      mean=0.0026
  Losses:       value=0.0197 | surrogate=0.4765 | ABC=71904100.9920
  Errors:       pos=0.1801 | rot=0.1397
============================================================

============================================================
ALICE UPDATE 848
============================================================
  Rewards:     mean=5.4444 | min=0.0000 | max=0.0000
  Losses:      value=0.0959 | surrogate=0.6535
  Outcomes:    9 episodes buffered
============================================================

============================================================
ALICE UPDATE 849
============================================================
  Rewards:     mean=5.4444 | min=0.0000 | max=0.0000
  Losses:      value=0.1001 | surrogate=0.6080
  Outcomes:    9 episodes buffered
============================================================

============================================================
BOB UPDATE 497
============================================================
  Success Rate: 0.1416 (7651 eps)
  Rewards:      mean=0.0027
  Losses:       value=0.1555 | surrogate=0.2546 | ABC=74155858.0480
  Errors:       pos=0.1802 | rot=0.1397
============================================================

============================================================
ALICE UPDATE 850
============================================================
  Rewards:     mean=4.8889 | min=0.0000 | max=0.0000
  Losses:      value=0.1684 | surrogate=0.7692
  Outcomes:    9 episodes buffered
============================================================

============================================================
BOB UPDATE 498
============================================================
  Success Rate: 0.1416 (7664 eps)
  Rewards:      mean=0.0022
  Losses:       value=0.0950 | surrogate=0.2260 | ABC=76447690.6880
  Errors:       pos=0.1802 | rot=0.1397
============================================================

============================================================
ALICE UPDATE 851
============================================================
  Rewards:     mean=5.4444 | min=0.0000 | max=0.0000
  Losses:      value=0.0441 | surrogate=0.4399
  Outcomes:    9 episodes buffered
============================================================

============================================================
ALICE UPDATE 852
============================================================
  Rewards:     mean=6.0000 | min=0.0000 | max=0.0000
  Losses:      value=0.0109 | surrogate=0.3176
  Outcomes:    9 episodes buffered
============================================================

============================================================
BOB UPDATE 499
============================================================
  Success Rate: 0.1416 (7679 eps)
  Rewards:      mean=0.0023
  Losses:       value=0.0816 | surrogate=0.2621 | ABC=79232116.9920
  Errors:       pos=0.1802 | rot=0.1394
============================================================

