============================================================
ALICE UPDATE 0
============================================================
  Rewards:     mean=4.3333 | min=0.0000 | max=0.0000
  Losses:      value=0.6306 | surrogate=0.0197
  Outcomes:    9 episodes buffered
============================================================

============================================================
ALICE UPDATE 1
============================================================
  Rewards:     mean=6.0000 | min=0.0000 | max=0.0000
  Losses:      value=0.4824 | surrogate=0.0807
  Outcomes:    9 episodes buffered
============================================================

============================================================
BOB UPDATE 0
============================================================
  Success Rate: 0.1600 (25 eps)
  Rewards:      mean=0.0000
  Losses:       value=0.1118 | surrogate=0.0584 | ABC=-1.0463
  Errors:       pos=0.0787 | rot=0.0170
============================================================

============================================================
ALICE UPDATE 2
============================================================
  Rewards:     mean=4.8889 | min=0.0000 | max=0.0000
  Losses:      value=0.3525 | surrogate=0.1230
  Outcomes:    9 episodes buffered
============================================================

============================================================
ALICE UPDATE 3
============================================================
  Rewards:     mean=6.0000 | min=0.0000 | max=0.0000
  Losses:      value=0.2059 | surrogate=0.0902
  Outcomes:    9 episodes buffered
============================================================

============================================================
ALICE UPDATE 4
============================================================
  Rewards:     mean=4.3333 | min=0.0000 | max=0.0000
  Losses:      value=0.2925 | surrogate=0.2906
  Outcomes:    9 episodes buffered
============================================================

============================================================
BOB UPDATE 1
============================================================
  Success Rate: 0.1702 (47 eps)
  Rewards:      mean=0.0000
  Losses:       value=0.0291 | surrogate=0.0786 | ABC=-1.0262
  Errors:       pos=0.0852 | rot=0.0235
============================================================

============================================================
ALICE UPDATE 5
============================================================
  Rewards:     mean=3.7778 | min=0.0000 | max=0.0000
  Losses:      value=0.2624 | surrogate=0.4141
  Outcomes:    9 episodes buffered
============================================================

============================================================
ALICE UPDATE 6
============================================================
  Rewards:     mean=4.3333 | min=0.0000 | max=0.0000
  Losses:      value=0.1283 | surrogate=0.4847
  Outcomes:    9 episodes buffered
============================================================

============================================================
ALICE UPDATE 7
============================================================
  Rewards:     mean=4.3333 | min=0.0000 | max=0.0000
  Losses:      value=0.2285 | surrogate=0.5509
  Outcomes:    9 episodes buffered
============================================================

============================================================
BOB UPDATE 2
============================================================
  Success Rate: 0.2338 (77 eps)
  Rewards:      mean=0.0000
  Losses:       value=0.0742 | surrogate=0.0009 | ABC=-1.0134
  Errors:       pos=0.0924 | rot=0.0602
============================================================

============================================================
ALICE UPDATE 8
============================================================
  Rewards:     mean=4.8889 | min=0.0000 | max=0.0000
  Losses:      value=0.1409 | surrogate=0.2443
  Outcomes:    9 episodes buffered
============================================================

============================================================
ALICE UPDATE 9
============================================================
  Rewards:     mean=3.2222 | min=0.0000 | max=0.0000
  Losses:      value=0.2236 | surrogate=0.5887
  Outcomes:    9 episodes buffered
============================================================

============================================================
ALICE UPDATE 10
============================================================
  Rewards:     mean=5.4444 | min=0.0000 | max=0.0000
  Losses:      value=0.2741 | surrogate=0.3755
  Outcomes:    9 episodes buffered
============================================================

============================================================
BOB UPDATE 3
============================================================
  Success Rate: 0.2800 (100 eps)
  Rewards:      mean=0.0000
  Losses:       value=0.0886 | surrogate=-0.0016 | ABC=-1.0080
  Errors:       pos=0.0988 | rot=0.0716
============================================================

============================================================
ALICE UPDATE 11
============================================================
  Rewards:     mean=3.2222 | min=0.0000 | max=0.0000
  Losses:      value=0.2843 | surrogate=0.6732
  Outcomes:    9 episodes buffered
============================================================

============================================================
ALICE UPDATE 12
============================================================
  Rewards:     mean=5.4444 | min=0.0000 | max=0.0000
  Losses:      value=0.1429 | surrogate=0.3307
  Outcomes:    9 episodes buffered
============================================================

============================================================
ALICE UPDATE 13
============================================================
  Rewards:     mean=4.3333 | min=0.0000 | max=0.0000
  Losses:      value=0.2052 | surrogate=0.7234
  Outcomes:    9 episodes buffered
============================================================

============================================================
BOB UPDATE 4
============================================================
  Success Rate: 0.3500 (100 eps)
  Rewards:      mean=0.0000
  Losses:       value=0.1084 | surrogate=-0.0023 | ABC=-1.0046
  Errors:       pos=0.1049 | rot=0.0995
============================================================

============================================================
ALICE UPDATE 14
============================================================
  Rewards:     mean=3.2222 | min=0.0000 | max=0.0000
  Losses:      value=0.2130 | surrogate=0.8646
  Outcomes:    9 episodes buffered
============================================================

============================================================
ALICE UPDATE 15
============================================================
  Rewards:     mean=4.3333 | min=0.0000 | max=0.0000
  Losses:      value=0.2035 | surrogate=0.5038
  Outcomes:    9 episodes buffered
============================================================

============================================================
ALICE UPDATE 16
============================================================
  Rewards:     mean=3.2222 | min=0.0000 | max=0.0000
  Losses:      value=0.1877 | surrogate=0.8155
  Outcomes:    9 episodes buffered
============================================================

============================================================
BOB UPDATE 5
============================================================
  Success Rate: 0.3600 (100 eps)
  Rewards:      mean=0.0000
  Losses:       value=0.0730 | surrogate=-0.0070 | ABC=-1.0077
  Errors:       pos=0.1157 | rot=0.1266
============================================================

============================================================
ALICE UPDATE 17
============================================================
  Rewards:     mean=4.8889 | min=0.0000 | max=0.0000
  Losses:      value=0.1376 | surrogate=0.5947
  Outcomes:    9 episodes buffered
============================================================

============================================================
BOB UPDATE 6
============================================================
  Success Rate: 0.3400 (100 eps)
  Rewards:      mean=0.0000
  Losses:       value=0.0263 | surrogate=0.0435 | ABC=-1.0076
  Errors:       pos=0.1259 | rot=0.1612
============================================================

============================================================
ALICE UPDATE 18
============================================================
  Rewards:     mean=4.8889 | min=0.0000 | max=0.0000
  Losses:      value=0.1460 | surrogate=0.3823
  Outcomes:    9 episodes buffered
============================================================

============================================================
BOB UPDATE 7
============================================================
  Success Rate: 0.3600 (100 eps)
  Rewards:      mean=0.0000
  Losses:       value=0.0396 | surrogate=-0.0022 | ABC=-1.0077
  Errors:       pos=0.1240 | rot=0.1590
============================================================

============================================================
ALICE UPDATE 19
============================================================
  Rewards:     mean=4.8889 | min=0.0000 | max=0.0000
  Losses:      value=0.2238 | surrogate=0.6213
  Outcomes:    9 episodes buffered
============================================================

============================================================
ALICE UPDATE 20
============================================================
  Rewards:     mean=4.8889 | min=0.0000 | max=0.0000
  Losses:      value=0.1582 | surrogate=0.5891
  Outcomes:    9 episodes buffered
============================================================

============================================================
BOB UPDATE 8
============================================================
  Success Rate: 0.3200 (100 eps)
  Rewards:      mean=0.0000
  Losses:       value=0.0163 | surrogate=0.0414 | ABC=-1.0079
  Errors:       pos=0.1347 | rot=0.1822
============================================================

============================================================
ALICE UPDATE 21
============================================================
  Rewards:     mean=5.4444 | min=0.0000 | max=0.0000
  Losses:      value=0.1270 | surrogate=0.4495
  Outcomes:    9 episodes buffered
============================================================

============================================================
BOB UPDATE 9
============================================================
  Success Rate: 0.3100 (100 eps)
  Rewards:      mean=0.0100
  Losses:       value=0.0103 | surrogate=0.0754 | ABC=-1.0070
  Errors:       pos=0.1369 | rot=0.1936
============================================================

============================================================
ALICE UPDATE 22
============================================================
  Rewards:     mean=5.4444 | min=0.0000 | max=0.0000
  Losses:      value=0.0899 | surrogate=0.2291
  Outcomes:    9 episodes buffered
============================================================

============================================================
BOB UPDATE 10
============================================================
  Success Rate: 0.2700 (100 eps)
  Rewards:      mean=0.0000
  Losses:       value=0.0122 | surrogate=0.0448 | ABC=-1.0071
  Errors:       pos=0.1477 | rot=0.2008
============================================================

============================================================
ALICE UPDATE 23
============================================================
  Rewards:     mean=5.4444 | min=0.0000 | max=0.0000
  Losses:      value=0.0802 | surrogate=0.2486
  Outcomes:    9 episodes buffered
============================================================

============================================================
BOB UPDATE 11
============================================================
  Success Rate: 0.2700 (100 eps)
  Rewards:      mean=0.0000
  Losses:       value=0.0187 | surrogate=0.0187 | ABC=-1.0056
  Errors:       pos=0.1482 | rot=0.2124
============================================================

============================================================
ALICE UPDATE 24
============================================================
  Rewards:     mean=4.3333 | min=0.0000 | max=0.0000
  Losses:      value=0.2337 | surrogate=0.7629
  Outcomes:    9 episodes buffered
============================================================

============================================================
BOB UPDATE 12
============================================================
  Success Rate: 0.2500 (100 eps)
  Rewards:      mean=0.0000
  Losses:       value=0.0309 | surrogate=0.0109 | ABC=-1.0052
  Errors:       pos=0.1456 | rot=0.2070
============================================================

============================================================
ALICE UPDATE 25
============================================================
  Rewards:     mean=5.4444 | min=0.0000 | max=0.0000
  Losses:      value=0.0938 | surrogate=0.4000
  Outcomes:    9 episodes buffered
============================================================

============================================================
BOB UPDATE 13
============================================================
  Success Rate: 0.2400 (100 eps)
  Rewards:      mean=0.0000
  Losses:       value=0.0177 | surrogate=0.0407 | ABC=-1.0035
  Errors:       pos=0.1464 | rot=0.2130
============================================================

============================================================
ALICE UPDATE 26
============================================================
  Rewards:     mean=5.4444 | min=0.0000 | max=0.0000
  Losses:      value=0.1199 | surrogate=0.4360
  Outcomes:    9 episodes buffered
============================================================

============================================================
BOB UPDATE 14
============================================================
  Success Rate: 0.2100 (100 eps)
  Rewards:      mean=0.0000
  Losses:       value=0.0147 | surrogate=0.0194 | ABC=-1.0052
  Errors:       pos=0.1501 | rot=0.2154
============================================================

============================================================
ALICE UPDATE 27
============================================================
  Rewards:     mean=4.8889 | min=0.0000 | max=0.0000
  Losses:      value=0.1847 | surrogate=0.7003
  Outcomes:    9 episodes buffered
============================================================

============================================================
BOB UPDATE 15
============================================================
  Success Rate: 0.1800 (100 eps)
  Rewards:      mean=0.0000
  Losses:       value=0.0118 | surrogate=0.0446 | ABC=-1.0044
  Errors:       pos=0.1545 | rot=0.2244
============================================================

============================================================
ALICE UPDATE 28
============================================================
  Rewards:     mean=5.4444 | min=0.0000 | max=0.0000
  Losses:      value=0.0875 | surrogate=0.3521
  Outcomes:    9 episodes buffered
============================================================

============================================================
BOB UPDATE 16
============================================================
  Success Rate: 0.1700 (100 eps)
  Rewards:      mean=0.0000
  Losses:       value=0.0131 | surrogate=0.0488 | ABC=-1.0033
  Errors:       pos=0.1577 | rot=0.2135
============================================================

============================================================
ALICE UPDATE 29
============================================================
  Rewards:     mean=6.0000 | min=0.0000 | max=0.0000
  Losses:      value=0.0550 | surrogate=0.3443
  Outcomes:    9 episodes buffered
============================================================

============================================================
BOB UPDATE 17
============================================================
  Success Rate: 0.1500 (100 eps)
  Rewards:      mean=0.0000
  Losses:       value=0.0035 | surrogate=0.1042 | ABC=-1.0045
  Errors:       pos=0.1655 | rot=0.2086
============================================================

============================================================
ALICE UPDATE 30
============================================================
  Rewards:     mean=5.4444 | min=0.0000 | max=0.0000
  Losses:      value=0.1142 | surrogate=0.5451
  Outcomes:    9 episodes buffered
============================================================

============================================================
BOB UPDATE 18
============================================================
  Success Rate: 0.1400 (100 eps)
  Rewards:      mean=0.0000
  Losses:       value=0.0091 | surrogate=0.0480 | ABC=-1.0037
  Errors:       pos=0.1673 | rot=0.2191
============================================================

============================================================
ALICE UPDATE 31
============================================================
  Rewards:     mean=5.4444 | min=0.0000 | max=0.0000
  Losses:      value=0.1056 | surrogate=0.5341
  Outcomes:    9 episodes buffered
============================================================

============================================================
BOB UPDATE 19
============================================================
  Success Rate: 0.1300 (100 eps)
  Rewards:      mean=0.0000
  Losses:       value=0.0098 | surrogate=0.0603 | ABC=-1.0043
  Errors:       pos=0.1623 | rot=0.2006
============================================================

============================================================
ALICE UPDATE 32
============================================================
  Rewards:     mean=3.7778 | min=0.0000 | max=0.0000
  Losses:      value=0.2361 | surrogate=0.7023
  Outcomes:    9 episodes buffered
============================================================

============================================================
BOB UPDATE 20
============================================================
  Success Rate: 0.1800 (100 eps)
  Rewards:      mean=-0.0100
  Losses:       value=0.0499 | surrogate=-0.0101 | ABC=-1.0025
  Errors:       pos=0.1513 | rot=0.1792
============================================================

============================================================
ALICE UPDATE 33
============================================================
  Rewards:     mean=3.7778 | min=0.0000 | max=0.0000
  Losses:      value=0.2314 | surrogate=1.0257
  Outcomes:    9 episodes buffered
============================================================

============================================================
BOB UPDATE 21
============================================================
  Success Rate: 0.2000 (100 eps)
  Rewards:      mean=0.0000
  Losses:       value=0.0270 | surrogate=0.0144 | ABC=-1.0027
  Errors:       pos=0.1514 | rot=0.1759
============================================================

============================================================
ALICE UPDATE 34
============================================================
  Rewards:     mean=4.3333 | min=0.0000 | max=0.0000
  Losses:      value=0.2075 | surrogate=0.6888
  Outcomes:    9 episodes buffered
============================================================

============================================================
BOB UPDATE 22
============================================================
  Success Rate: 0.1800 (100 eps)
  Rewards:      mean=0.0000
  Losses:       value=0.0172 | surrogate=0.0175 | ABC=-1.0041
  Errors:       pos=0.1518 | rot=0.1558
============================================================

============================================================
ALICE UPDATE 35
============================================================
  Rewards:     mean=5.4444 | min=0.0000 | max=0.0000
  Losses:      value=0.0959 | surrogate=0.4986
  Outcomes:    9 episodes buffered
============================================================

============================================================
BOB UPDATE 23
============================================================
  Success Rate: 0.1800 (100 eps)
  Rewards:      mean=0.0000
  Losses:       value=0.0128 | surrogate=0.0412 | ABC=-1.0029
  Errors:       pos=0.1542 | rot=0.1654
============================================================

============================================================
ALICE UPDATE 36
============================================================
  Rewards:     mean=5.4444 | min=0.0000 | max=0.0000
  Losses:      value=0.0517 | surrogate=0.5214
  Outcomes:    9 episodes buffered
============================================================

============================================================
BOB UPDATE 24
============================================================
  Success Rate: 0.1900 (100 eps)
  Rewards:      mean=0.0000
  Losses:       value=0.0156 | surrogate=0.0214 | ABC=-1.0039
  Errors:       pos=0.1524 | rot=0.1439
============================================================

============================================================
ALICE UPDATE 37
============================================================
  Rewards:     mean=4.8889 | min=0.0000 | max=0.0000
  Losses:      value=0.1508 | surrogate=0.6547
  Outcomes:    9 episodes buffered
============================================================

============================================================
BOB UPDATE 25
============================================================
  Success Rate: 0.2000 (100 eps)
  Rewards:      mean=0.0000
  Losses:       value=0.0192 | surrogate=-0.0014 | ABC=-1.0038
  Errors:       pos=0.1516 | rot=0.1314
============================================================

============================================================
ALICE UPDATE 38
============================================================
  Rewards:     mean=4.8889 | min=0.0000 | max=0.0000
  Losses:      value=0.1636 | surrogate=0.7338
  Outcomes:    9 episodes buffered
============================================================

============================================================
BOB UPDATE 26
============================================================
  Success Rate: 0.2100 (100 eps)
  Rewards:      mean=0.0000
  Losses:       value=0.0127 | surrogate=0.0295 | ABC=-1.0021
  Errors:       pos=0.1446 | rot=0.1373
============================================================

============================================================
ALICE UPDATE 39
============================================================
  Rewards:     mean=5.4444 | min=0.0000 | max=0.0000
  Losses:      value=0.0988 | surrogate=0.5951
  Outcomes:    9 episodes buffered
============================================================

============================================================
ALICE UPDATE 40
============================================================
  Rewards:     mean=5.4444 | min=0.0000 | max=0.0000
  Losses:      value=0.0861 | surrogate=0.4077
  Outcomes:    9 episodes buffered
============================================================

============================================================
BOB UPDATE 27
============================================================
  Success Rate: 0.2100 (100 eps)
  Rewards:      mean=0.0000
  Losses:       value=0.0115 | surrogate=0.0515 | ABC=-1.0034
  Errors:       pos=0.1418 | rot=0.1231
============================================================

============================================================
ALICE UPDATE 41
============================================================
  Rewards:     mean=4.3333 | min=0.0000 | max=0.0000
  Losses:      value=0.2358 | surrogate=0.8592
  Outcomes:    9 episodes buffered
============================================================

============================================================
BOB UPDATE 28
============================================================
  Success Rate: 0.2400 (100 eps)
  Rewards:      mean=0.0000
  Losses:       value=0.0333 | surrogate=-0.0026 | ABC=-1.0034
  Errors:       pos=0.1344 | rot=0.1117
============================================================

============================================================
ALICE UPDATE 42
============================================================
  Rewards:     mean=4.8889 | min=0.0000 | max=0.0000
  Losses:      value=0.1368 | surrogate=0.7783
  Outcomes:    9 episodes buffered
============================================================

============================================================
BOB UPDATE 29
============================================================
  Success Rate: 0.2200 (100 eps)
  Rewards:      mean=0.0100
  Losses:       value=0.0105 | surrogate=0.0416 | ABC=-1.0034
  Errors:       pos=0.1451 | rot=0.1257
============================================================

============================================================
ALICE UPDATE 43
============================================================
  Rewards:     mean=6.0000 | min=0.0000 | max=0.0000
  Losses:      value=0.0551 | surrogate=0.4211
  Outcomes:    9 episodes buffered
============================================================

============================================================
ALICE UPDATE 44
============================================================
  Rewards:     mean=4.3333 | min=0.0000 | max=0.0000
  Losses:      value=0.1751 | surrogate=0.6721
  Outcomes:    9 episodes buffered
============================================================

============================================================
BOB UPDATE 30
============================================================
  Success Rate: 0.1900 (100 eps)
  Rewards:      mean=0.0000
  Losses:       value=0.0156 | surrogate=0.0415 | ABC=-1.0033
  Errors:       pos=0.1560 | rot=0.1341
============================================================

============================================================
ALICE UPDATE 45
============================================================
  Rewards:     mean=5.4444 | min=0.0000 | max=0.0000
  Losses:      value=0.1617 | surrogate=0.6381
  Outcomes:    9 episodes buffered
============================================================

============================================================
BOB UPDATE 31
============================================================
  Success Rate: 0.1700 (100 eps)
  Rewards:      mean=0.0000
  Losses:       value=0.0132 | surrogate=0.0221 | ABC=-1.0046
  Errors:       pos=0.1580 | rot=0.1438
============================================================

============================================================
ALICE UPDATE 46
============================================================
  Rewards:     mean=6.0000 | min=0.0000 | max=0.0000
  Losses:      value=0.0425 | surrogate=0.3858
  Outcomes:    9 episodes buffered
============================================================

============================================================
BOB UPDATE 32
============================================================
  Success Rate: 0.1700 (100 eps)
  Rewards:      mean=0.0000
  Losses:       value=0.0040 | surrogate=0.1205 | ABC=-1.0037
  Errors:       pos=0.1602 | rot=0.1484
============================================================

============================================================
ALICE UPDATE 47
============================================================
  Rewards:     mean=6.0000 | min=0.0000 | max=0.0000
  Losses:      value=0.0357 | surrogate=0.3994
  Outcomes:    9 episodes buffered
============================================================

============================================================
BOB UPDATE 33
============================================================
  Success Rate: 0.1700 (100 eps)
  Rewards:      mean=0.0000
  Losses:       value=0.0205 | surrogate=0.0120 | ABC=-1.0042
  Errors:       pos=0.1629 | rot=0.1446
============================================================

============================================================
ALICE UPDATE 48
============================================================
  Rewards:     mean=4.8889 | min=0.0000 | max=0.0000
  Losses:      value=0.1879 | surrogate=0.7253
  Outcomes:    9 episodes buffered
============================================================

============================================================
ALICE UPDATE 49
============================================================
  Rewards:     mean=4.8889 | min=0.0000 | max=0.0000
  Losses:      value=0.1554 | surrogate=0.8165
  Outcomes:    9 episodes buffered
============================================================

============================================================
BOB UPDATE 34
============================================================
  Success Rate: 0.1500 (100 eps)
  Rewards:      mean=0.0000
  Losses:       value=0.0184 | surrogate=0.0327 | ABC=-1.0044
  Errors:       pos=0.1594 | rot=0.1567
============================================================

============================================================
BOB UPDATE 35
============================================================
  Success Rate: 0.1400 (100 eps)
  Rewards:      mean=0.0100
  Losses:       value=0.0019 | surrogate=0.0878 | ABC=-1.0044
  Errors:       pos=0.1584 | rot=0.1468
============================================================

============================================================
ALICE UPDATE 50
============================================================
  Rewards:     mean=6.0000 | min=0.0000 | max=0.0000
  Losses:      value=0.0320 | surrogate=0.5038
  Outcomes:    9 episodes buffered
============================================================

============================================================
BOB UPDATE 36
============================================================
  Success Rate: 0.1500 (100 eps)
  Rewards:      mean=0.0000
  Losses:       value=0.0029 | surrogate=0.1073 | ABC=-1.0029
  Errors:       pos=0.1531 | rot=0.1368
============================================================

============================================================
ALICE UPDATE 51
============================================================
  Rewards:     mean=5.4444 | min=0.0000 | max=0.0000
  Losses:      value=0.1024 | surrogate=0.6509
  Outcomes:    9 episodes buffered
============================================================

============================================================
ALICE UPDATE 52
============================================================
  Rewards:     mean=4.3333 | min=0.0000 | max=0.0000
  Losses:      value=0.1975 | surrogate=0.6156
  Outcomes:    9 episodes buffered
============================================================

============================================================
BOB UPDATE 37
============================================================
  Success Rate: 0.1400 (100 eps)
  Rewards:      mean=-0.0100
  Losses:       value=0.0169 | surrogate=-0.0011 | ABC=-1.0039
  Errors:       pos=0.1588 | rot=0.1486
============================================================

============================================================
ALICE UPDATE 53
============================================================
  Rewards:     mean=6.0000 | min=0.0000 | max=0.0000
  Losses:      value=0.0367 | surrogate=0.4688
  Outcomes:    9 episodes buffered
============================================================

============================================================
BOB UPDATE 38
============================================================
  Success Rate: 0.1200 (100 eps)
  Rewards:      mean=0.0000
  Losses:       value=0.0047 | surrogate=0.1045 | ABC=-1.0043
  Errors:       pos=0.1631 | rot=0.1365
============================================================

============================================================
ALICE UPDATE 54
============================================================
  Rewards:     mean=5.4444 | min=0.0000 | max=0.0000
  Losses:      value=0.0994 | surrogate=0.6660
  Outcomes:    9 episodes buffered
============================================================

============================================================
BOB UPDATE 39
============================================================
  Success Rate: 0.1500 (100 eps)
  Rewards:      mean=0.0600
  Losses:       value=0.0248 | surrogate=-0.0014 | ABC=-1.0032
  Errors:       pos=0.1564 | rot=0.1244
============================================================

============================================================
ALICE UPDATE 55
============================================================
  Rewards:     mean=4.3333 | min=0.0000 | max=0.0000
  Losses:      value=0.1965 | surrogate=0.7525
  Outcomes:    9 episodes buffered
============================================================

============================================================
ALICE UPDATE 56
============================================================
  Rewards:     mean=5.4444 | min=0.0000 | max=0.0000
  Losses:      value=0.0741 | surrogate=0.5350
  Outcomes:    9 episodes buffered
============================================================

============================================================
BOB UPDATE 40
============================================================
  Success Rate: 0.1300 (100 eps)
  Rewards:      mean=-0.0100
  Losses:       value=0.0125 | surrogate=0.0571 | ABC=-1.0047
  Errors:       pos=0.1547 | rot=0.1185
============================================================

============================================================
ALICE UPDATE 57
============================================================
  Rewards:     mean=4.8889 | min=0.0000 | max=0.0000
  Losses:      value=0.1246 | surrogate=0.6545
  Outcomes:    9 episodes buffered
============================================================

============================================================
BOB UPDATE 41
============================================================
  Success Rate: 0.1800 (100 eps)
  Rewards:      mean=0.0000
  Losses:       value=0.0437 | surrogate=-0.0033 | ABC=-1.0074
  Errors:       pos=0.1413 | rot=0.1126
============================================================

============================================================
ALICE UPDATE 58
============================================================
  Rewards:     mean=4.3333 | min=0.0000 | max=0.0000
  Losses:      value=0.1951 | surrogate=0.9334
  Outcomes:    9 episodes buffered
============================================================

============================================================
ALICE UPDATE 59
============================================================
  Rewards:     mean=6.0000 | min=0.0000 | max=0.0000
  Losses:      value=0.0461 | surrogate=0.6872
  Outcomes:    9 episodes buffered
============================================================

============================================================
BOB UPDATE 42
============================================================
  Success Rate: 0.1600 (100 eps)
  Rewards:      mean=0.0000
  Losses:       value=0.0126 | surrogate=0.0573 | ABC=-1.0085
  Errors:       pos=0.1480 | rot=0.1260
============================================================

============================================================
ALICE UPDATE 60
============================================================
  Rewards:     mean=3.7778 | min=0.0000 | max=0.0000
  Losses:      value=0.1905 | surrogate=0.9261
  Outcomes:    9 episodes buffered
============================================================

============================================================
BOB UPDATE 43
============================================================
  Success Rate: 0.1800 (100 eps)
  Rewards:      mean=0.0100
  Losses:       value=0.0228 | surrogate=-0.0056 | ABC=-1.0077
  Errors:       pos=0.1510 | rot=0.1320
============================================================

============================================================
ALICE UPDATE 61
============================================================
  Rewards:     mean=6.0000 | min=0.0000 | max=0.0000
  Losses:      value=0.0600 | surrogate=0.6847
  Outcomes:    9 episodes buffered
============================================================

============================================================
BOB UPDATE 44
============================================================
  Success Rate: 0.1800 (100 eps)
  Rewards:      mean=0.0100
  Losses:       value=0.0111 | surrogate=0.0617 | ABC=-1.0114
  Errors:       pos=0.1497 | rot=0.1424
============================================================

============================================================
ALICE UPDATE 62
============================================================
  Rewards:     mean=5.4444 | min=0.0000 | max=0.0000
  Losses:      value=0.0655 | surrogate=0.5977
  Outcomes:    9 episodes buffered
============================================================

============================================================
BOB UPDATE 45
============================================================
  Success Rate: 0.1700 (100 eps)
  Rewards:      mean=0.0000
  Losses:       value=0.0022 | surrogate=0.1269 | ABC=-1.0095
  Errors:       pos=0.1455 | rot=0.1377
============================================================

============================================================
ALICE UPDATE 63
============================================================
  Rewards:     mean=5.4444 | min=0.0000 | max=0.0000
  Losses:      value=0.0639 | surrogate=0.5973
  Outcomes:    9 episodes buffered
============================================================

============================================================
BOB UPDATE 46
============================================================
  Success Rate: 0.1800 (100 eps)
  Rewards:      mean=0.0000
  Losses:       value=0.0204 | surrogate=0.0018 | ABC=-1.0097
  Errors:       pos=0.1376 | rot=0.1323
============================================================

============================================================
ALICE UPDATE 64
============================================================
  Rewards:     mean=4.8889 | min=0.0000 | max=0.0000
  Losses:      value=0.1584 | surrogate=0.8009
  Outcomes:    9 episodes buffered
============================================================

============================================================
ALICE UPDATE 65
============================================================
  Rewards:     mean=5.4444 | min=0.0000 | max=0.0000
  Losses:      value=0.0899 | surrogate=0.7015
  Outcomes:    9 episodes buffered
============================================================

============================================================
BOB UPDATE 47
============================================================
  Success Rate: 0.1800 (100 eps)
  Rewards:      mean=0.0000
  Losses:       value=0.0167 | surrogate=0.0104 | ABC=-1.0106
  Errors:       pos=0.1288 | rot=0.1431
============================================================

============================================================
ALICE UPDATE 66
============================================================
  Rewards:     mean=5.4444 | min=0.0000 | max=0.0000
  Losses:      value=0.1229 | surrogate=0.6840
  Outcomes:    9 episodes buffered
============================================================

============================================================
BOB UPDATE 48
============================================================
  Success Rate: 0.1600 (100 eps)
  Rewards:      mean=0.0000
  Losses:       value=0.0028 | surrogate=0.0815 | ABC=-1.0111
  Errors:       pos=0.1278 | rot=0.1410
============================================================

============================================================
ALICE UPDATE 67
============================================================
  Rewards:     mean=5.4444 | min=0.0000 | max=0.0000
  Losses:      value=0.1048 | surrogate=0.6486
  Outcomes:    9 episodes buffered
============================================================

============================================================
BOB UPDATE 49
============================================================
  Success Rate: 0.1600 (100 eps)
  Rewards:      mean=0.0000
  Losses:       value=0.0031 | surrogate=0.0977 | ABC=-1.0129
  Errors:       pos=0.1235 | rot=0.1361
============================================================

============================================================
ALICE UPDATE 68
============================================================
  Rewards:     mean=5.4444 | min=0.0000 | max=0.0000
  Losses:      value=0.1209 | surrogate=0.5378
  Outcomes:    9 episodes buffered
============================================================

============================================================
BOB UPDATE 50
============================================================
  Success Rate: 0.1400 (100 eps)
  Rewards:      mean=0.0100
  Losses:       value=0.0115 | surrogate=0.0316 | ABC=-1.0125
  Errors:       pos=0.1259 | rot=0.1356
============================================================

============================================================
ALICE UPDATE 69
============================================================
  Rewards:     mean=4.8889 | min=0.0000 | max=0.0000
  Losses:      value=0.1738 | surrogate=0.7788
  Outcomes:    9 episodes buffered
============================================================

============================================================
ALICE UPDATE 70
============================================================
  Rewards:     mean=5.4444 | min=0.0000 | max=0.0000
  Losses:      value=0.0853 | surrogate=0.6810
  Outcomes:    9 episodes buffered
============================================================

============================================================
BOB UPDATE 51
============================================================
  Success Rate: 0.1400 (100 eps)
  Rewards:      mean=0.0000
  Losses:       value=0.0045 | surrogate=0.0991 | ABC=-1.0130
  Errors:       pos=0.1196 | rot=0.1188
============================================================

============================================================
ALICE UPDATE 71
============================================================
  Rewards:     mean=5.4444 | min=0.0000 | max=0.0000
  Losses:      value=0.0464 | surrogate=0.3679
  Outcomes:    9 episodes buffered
============================================================

============================================================
BOB UPDATE 52
============================================================
  Success Rate: 0.1300 (100 eps)
  Rewards:      mean=0.0000
  Losses:       value=0.0177 | surrogate=0.0036 | ABC=-1.0144
  Errors:       pos=0.1197 | rot=0.1099
============================================================

============================================================
ALICE UPDATE 72
============================================================
  Rewards:     mean=4.8889 | min=0.0000 | max=0.0000
  Losses:      value=0.1396 | surrogate=0.6418
  Outcomes:    9 episodes buffered
============================================================

============================================================
BOB UPDATE 53
============================================================
  Success Rate: 0.1400 (100 eps)
  Rewards:      mean=0.0000
  Losses:       value=0.0103 | surrogate=0.0266 | ABC=-1.0153
  Errors:       pos=0.1175 | rot=0.1038
============================================================

============================================================
ALICE UPDATE 73
============================================================
  Rewards:     mean=6.0000 | min=0.0000 | max=0.0000
  Losses:      value=0.0210 | surrogate=0.7786
  Outcomes:    9 episodes buffered
============================================================

============================================================
ALICE UPDATE 74
============================================================
  Rewards:     mean=4.8889 | min=0.0000 | max=0.0000
  Losses:      value=0.1883 | surrogate=0.8433
  Outcomes:    9 episodes buffered
============================================================

============================================================
BOB UPDATE 54
============================================================
  Success Rate: 0.1400 (100 eps)
  Rewards:      mean=0.0000
  Losses:       value=0.0183 | surrogate=-0.0012 | ABC=-1.0141
  Errors:       pos=0.1174 | rot=0.1091
============================================================

============================================================
ALICE UPDATE 75
============================================================
  Rewards:     mean=5.4444 | min=0.0000 | max=0.0000
  Losses:      value=0.0556 | surrogate=0.6379
  Outcomes:    9 episodes buffered
============================================================

============================================================
BOB UPDATE 55
============================================================
  Success Rate: 0.1300 (100 eps)
  Rewards:      mean=0.0000
  Losses:       value=0.0105 | surrogate=0.0168 | ABC=-1.0143
  Errors:       pos=0.1272 | rot=0.1106
============================================================

============================================================
ALICE UPDATE 76
============================================================
  Rewards:     mean=4.3333 | min=0.0000 | max=0.0000
  Losses:      value=0.1302 | surrogate=0.7860
  Outcomes:    9 episodes buffered
============================================================

============================================================
BOB UPDATE 56
============================================================
  Success Rate: 0.1500 (100 eps)
  Rewards:      mean=0.0000
  Losses:       value=0.0241 | surrogate=-0.0029 | ABC=-1.0115
  Errors:       pos=0.1285 | rot=0.1022
============================================================

============================================================
ALICE UPDATE 77
============================================================
  Rewards:     mean=6.0000 | min=0.0000 | max=0.0000
  Losses:      value=0.0504 | surrogate=0.7296
  Outcomes:    9 episodes buffered
============================================================

============================================================
BOB UPDATE 57
============================================================
  Success Rate: 0.1400 (100 eps)
  Rewards:      mean=0.0000
  Losses:       value=0.0020 | surrogate=0.1078 | ABC=-1.0126
  Errors:       pos=0.1303 | rot=0.0981
============================================================

============================================================
ALICE UPDATE 78
============================================================
  Rewards:     mean=6.0000 | min=0.0000 | max=0.0000
  Losses:      value=0.0292 | surrogate=0.6831
  Outcomes:    9 episodes buffered
============================================================

============================================================
BOB UPDATE 58
============================================================
  Success Rate: 0.1300 (100 eps)
  Rewards:      mean=0.0000
  Losses:       value=0.0032 | surrogate=0.0831 | ABC=-1.0139
  Errors:       pos=0.1357 | rot=0.0904
============================================================

============================================================
ALICE UPDATE 79
============================================================
  Rewards:     mean=6.0000 | min=0.0000 | max=0.0000
  Losses:      value=0.0250 | surrogate=0.6492
  Outcomes:    9 episodes buffered
============================================================

============================================================
BOB UPDATE 59
============================================================
  Success Rate: 0.1000 (100 eps)
  Rewards:      mean=0.0100
  Losses:       value=0.0020 | surrogate=0.0915 | ABC=-1.0168
  Errors:       pos=0.1441 | rot=0.0980
============================================================

============================================================
ALICE UPDATE 80
============================================================
  Rewards:     mean=6.0000 | min=0.0000 | max=0.0000
  Losses:      value=0.0237 | surrogate=0.6811
  Outcomes:    9 episodes buffered
============================================================

============================================================
BOB UPDATE 60
============================================================
  Success Rate: 0.1000 (100 eps)
  Rewards:      mean=0.0100
  Losses:       value=0.0094 | surrogate=0.0137 | ABC=-1.0163
  Errors:       pos=0.1409 | rot=0.0789
============================================================

============================================================
ALICE UPDATE 81
============================================================
  Rewards:     mean=5.4444 | min=0.0000 | max=0.0000
  Losses:      value=0.0910 | surrogate=0.6756
  Outcomes:    9 episodes buffered
============================================================

============================================================
BOB UPDATE 61
============================================================
  Success Rate: 0.1000 (100 eps)
  Rewards:      mean=0.0000
  Losses:       value=0.0014 | surrogate=0.0851 | ABC=-1.0151
  Errors:       pos=0.1438 | rot=0.0749
============================================================

============================================================
ALICE UPDATE 82
============================================================
  Rewards:     mean=6.0000 | min=0.0000 | max=0.0000
  Losses:      value=0.0179 | surrogate=0.6680
  Outcomes:    9 episodes buffered
============================================================

============================================================
BOB UPDATE 62
============================================================
  Success Rate: 0.0800 (100 eps)
  Rewards:      mean=0.0000
  Losses:       value=0.0011 | surrogate=0.1003 | ABC=-1.0157
  Errors:       pos=0.1482 | rot=0.0792
============================================================

============================================================
ALICE UPDATE 83
============================================================
  Rewards:     mean=6.0000 | min=0.0000 | max=0.0000
  Losses:      value=0.0151 | surrogate=0.6587
  Outcomes:    9 episodes buffered
============================================================

============================================================
BOB UPDATE 63
============================================================
  Success Rate: 0.0700 (100 eps)
  Rewards:      mean=0.0000
  Losses:       value=0.0011 | surrogate=0.0783 | ABC=-1.0160
  Errors:       pos=0.1483 | rot=0.0714
============================================================

============================================================
ALICE UPDATE 84
============================================================
  Rewards:     mean=6.0000 | min=0.0000 | max=0.0000
  Losses:      value=0.0078 | surrogate=0.7165
  Outcomes:    9 episodes buffered
============================================================

============================================================
BOB UPDATE 64
============================================================
  Success Rate: 0.0600 (100 eps)
  Rewards:      mean=0.0000
  Losses:       value=0.0103 | surrogate=0.0124 | ABC=-1.0161
  Errors:       pos=0.1460 | rot=0.0657
============================================================

============================================================
ALICE UPDATE 85
============================================================
  Rewards:     mean=5.4444 | min=0.0000 | max=0.0000
  Losses:      value=0.0506 | surrogate=0.4904
  Outcomes:    9 episodes buffered
============================================================

============================================================
ALICE UPDATE 86
============================================================
  Rewards:     mean=6.0000 | min=0.0000 | max=0.0000
  Losses:      value=0.0176 | surrogate=0.6129
  Outcomes:    9 episodes buffered
============================================================

============================================================
BOB UPDATE 65
============================================================
  Success Rate: 0.0500 (100 eps)
  Rewards:      mean=0.0000
  Losses:       value=0.0022 | surrogate=0.0628 | ABC=-1.0176
  Errors:       pos=0.1385 | rot=0.0547
============================================================

============================================================
ALICE UPDATE 87
============================================================
  Rewards:     mean=6.0000 | min=0.0000 | max=0.0000
  Losses:      value=0.0196 | surrogate=0.5834
  Outcomes:    9 episodes buffered
============================================================

============================================================
BOB UPDATE 66
============================================================
  Success Rate: 0.0200 (100 eps)
  Rewards:      mean=0.0000
  Losses:       value=0.0029 | surrogate=0.0619 | ABC=-1.0198
  Errors:       pos=0.1356 | rot=0.0524
============================================================

============================================================
ALICE UPDATE 88
============================================================
  Rewards:     mean=6.0000 | min=0.0000 | max=0.0000
  Losses:      value=0.0133 | surrogate=0.6004
  Outcomes:    9 episodes buffered
============================================================

============================================================
BOB UPDATE 67
============================================================
  Success Rate: 0.0200 (100 eps)
  Rewards:      mean=0.0000
  Losses:       value=0.0019 | surrogate=0.0383 | ABC=-1.0173
  Errors:       pos=0.1328 | rot=0.0503
============================================================

============================================================
ALICE UPDATE 89
============================================================
  Rewards:     mean=6.0000 | min=0.0000 | max=0.0000
  Losses:      value=0.0090 | surrogate=0.6571
  Outcomes:    9 episodes buffered
============================================================

============================================================
BOB UPDATE 68
============================================================
  Success Rate: 0.0300 (100 eps)
  Rewards:      mean=0.0000
  Losses:       value=0.0098 | surrogate=0.0010 | ABC=-1.0188
  Errors:       pos=0.1356 | rot=0.0559
============================================================

============================================================
ALICE UPDATE 90
============================================================
  Rewards:     mean=5.4444 | min=0.0000 | max=0.0000
  Losses:      value=0.0843 | surrogate=0.7540
  Outcomes:    9 episodes buffered
============================================================

============================================================
ALICE UPDATE 91
============================================================
  Rewards:     mean=6.0000 | min=0.0000 | max=0.0000
  Losses:      value=0.0135 | surrogate=0.5213
  Outcomes:    9 episodes buffered
============================================================

============================================================
BOB UPDATE 69
============================================================
  Success Rate: 0.0300 (100 eps)
  Rewards:      mean=0.0000
  Losses:       value=0.0017 | surrogate=0.0699 | ABC=-1.0206
  Errors:       pos=0.1363 | rot=0.0431
============================================================

============================================================
ALICE UPDATE 92
============================================================
  Rewards:     mean=5.4444 | min=0.0000 | max=0.0000
  Losses:      value=0.0406 | surrogate=0.4133
  Outcomes:    9 episodes buffered
============================================================

============================================================
BOB UPDATE 70
============================================================
  Success Rate: 0.0300 (100 eps)
  Rewards:      mean=0.0000
  Losses:       value=0.0094 | surrogate=-0.0027 | ABC=-1.0196
  Errors:       pos=0.1336 | rot=0.0497
============================================================

============================================================
ALICE UPDATE 93
============================================================
  Rewards:     mean=5.4444 | min=0.0000 | max=0.0000
  Losses:      value=0.1124 | surrogate=0.5944
  Outcomes:    9 episodes buffered
============================================================

============================================================
BOB UPDATE 71
============================================================
  Success Rate: 0.0400 (100 eps)
  Rewards:      mean=0.0000
  Losses:       value=0.0090 | surrogate=-0.0010 | ABC=-1.0181
  Errors:       pos=0.1350 | rot=0.0562
============================================================

============================================================
ALICE UPDATE 94
============================================================
  Rewards:     mean=6.0000 | min=0.0000 | max=0.0000
  Losses:      value=0.0179 | surrogate=0.5366
  Outcomes:    9 episodes buffered
============================================================

============================================================
BOB UPDATE 72
============================================================
  Success Rate: 0.0400 (100 eps)
  Rewards:      mean=0.0000
  Losses:       value=0.0026 | surrogate=0.0421 | ABC=-1.0205
  Errors:       pos=0.1334 | rot=0.0571
============================================================

============================================================
ALICE UPDATE 95
============================================================
  Rewards:     mean=6.0000 | min=0.0000 | max=0.0000
  Losses:      value=0.0100 | surrogate=0.4174
  Outcomes:    9 episodes buffered
============================================================

============================================================
BOB UPDATE 73
============================================================
  Success Rate: 0.0400 (100 eps)
  Rewards:      mean=-0.0100
  Losses:       value=0.0100 | surrogate=0.0001 | ABC=-1.0214
  Errors:       pos=0.1375 | rot=0.0670
============================================================

============================================================
ALICE UPDATE 96
============================================================
  Rewards:     mean=5.4444 | min=0.0000 | max=0.0000
  Losses:      value=0.0977 | surrogate=0.6386
  Outcomes:    9 episodes buffered
============================================================

============================================================
ALICE UPDATE 97
============================================================
  Rewards:     mean=5.4444 | min=0.0000 | max=0.0000
  Losses:      value=0.0480 | surrogate=0.4074
  Outcomes:    9 episodes buffered
============================================================

============================================================
BOB UPDATE 74
============================================================
  Success Rate: 0.0500 (100 eps)
  Rewards:      mean=0.0000
  Losses:       value=0.0127 | surrogate=0.0008 | ABC=-1.0203
  Errors:       pos=0.1378 | rot=0.0790
============================================================

============================================================
ALICE UPDATE 98
============================================================
  Rewards:     mean=6.0000 | min=0.0000 | max=0.0000
  Losses:      value=0.0248 | surrogate=0.3673
  Outcomes:    9 episodes buffered
============================================================

============================================================
BOB UPDATE 75
============================================================
  Success Rate: 0.0500 (100 eps)
  Rewards:      mean=0.0000
  Losses:       value=0.0009 | surrogate=0.0590 | ABC=-1.0215
  Errors:       pos=0.1445 | rot=0.0857
============================================================

============================================================
ALICE UPDATE 99
============================================================
  Rewards:     mean=5.4444 | min=0.0000 | max=0.0000
  Losses:      value=0.0879 | surrogate=0.5673
  Outcomes:    9 episodes buffered
============================================================

============================================================
BOB UPDATE 76
============================================================
  Success Rate: 0.0600 (100 eps)
  Rewards:      mean=0.0000
  Losses:       value=0.0096 | surrogate=0.0004 | ABC=-1.0225
  Errors:       pos=0.1493 | rot=0.0848
============================================================

============================================================
ALICE UPDATE 100
============================================================
  Rewards:     mean=6.0000 | min=0.0000 | max=0.0000
  Losses:      value=0.0089 | surrogate=0.5751
  Outcomes:    9 episodes buffered
============================================================

============================================================
BOB UPDATE 77
============================================================
  Success Rate: 0.0600 (100 eps)
  Rewards:      mean=0.0000
  Losses:       value=0.0023 | surrogate=0.0407 | ABC=-1.0200
  Errors:       pos=0.1489 | rot=0.0902
============================================================

============================================================
ALICE UPDATE 101
============================================================
  Rewards:     mean=6.0000 | min=0.0000 | max=0.0000
  Losses:      value=0.0067 | surrogate=0.5586
  Outcomes:    9 episodes buffered
============================================================

============================================================
BOB UPDATE 78
============================================================
  Success Rate: 0.0500 (100 eps)
  Rewards:      mean=0.0000
  Losses:       value=0.0020 | surrogate=0.0431 | ABC=-1.0205
  Errors:       pos=0.1505 | rot=0.1115
============================================================

============================================================
ALICE UPDATE 102
============================================================
  Rewards:     mean=6.0000 | min=0.0000 | max=0.0000
  Losses:      value=0.0078 | surrogate=0.5368
  Outcomes:    9 episodes buffered
============================================================

============================================================
BOB UPDATE 79
============================================================
  Success Rate: 0.0500 (100 eps)
  Rewards:      mean=0.0000
  Losses:       value=0.0014 | surrogate=0.0476 | ABC=-1.0195
  Errors:       pos=0.1534 | rot=0.1096
============================================================

============================================================
ALICE UPDATE 103
============================================================
  Rewards:     mean=6.0000 | min=0.0000 | max=0.0000
  Losses:      value=0.0041 | surrogate=0.5079
  Outcomes:    9 episodes buffered
============================================================

============================================================
BOB UPDATE 80
============================================================
  Success Rate: 0.0300 (100 eps)
  Rewards:      mean=0.0000
  Losses:       value=0.0018 | surrogate=0.0438 | ABC=-1.0207
  Errors:       pos=0.1650 | rot=0.1121
============================================================

============================================================
ALICE UPDATE 104
============================================================
  Rewards:     mean=6.0000 | min=0.0000 | max=0.0000
  Losses:      value=0.0088 | surrogate=0.5976
  Outcomes:    9 episodes buffered
============================================================

============================================================
BOB UPDATE 81
============================================================
  Success Rate: 0.0300 (100 eps)
  Rewards:      mean=0.0000
  Losses:       value=0.0026 | surrogate=0.0461 | ABC=-1.0189
  Errors:       pos=0.1691 | rot=0.1154
============================================================

============================================================
ALICE UPDATE 105
============================================================
  Rewards:     mean=6.0000 | min=0.0000 | max=0.0000
  Losses:      value=0.0081 | surrogate=0.6740
  Outcomes:    9 episodes buffered
============================================================

============================================================
BOB UPDATE 82
============================================================
  Success Rate: 0.0400 (100 eps)
  Rewards:      mean=0.0000
  Losses:       value=0.0009 | surrogate=0.0081 | ABC=-1.0199
  Errors:       pos=0.1743 | rot=0.1166
============================================================

============================================================
ALICE UPDATE 106
============================================================
  Rewards:     mean=4.8889 | min=0.0000 | max=0.0000
  Losses:      value=0.1808 | surrogate=0.8127
  Outcomes:    9 episodes buffered
============================================================

============================================================
BOB UPDATE 83
============================================================
  Success Rate: 0.0500 (100 eps)
  Rewards:      mean=0.0000
  Losses:       value=0.0102 | surrogate=-0.0025 | ABC=-1.0184
  Errors:       pos=0.1796 | rot=0.1255
============================================================

============================================================
ALICE UPDATE 107
============================================================
  Rewards:     mean=6.0000 | min=0.0000 | max=0.0000
  Losses:      value=0.0136 | surrogate=0.7108
  Outcomes:    9 episodes buffered
============================================================

============================================================
BOB UPDATE 84
============================================================
  Success Rate: 0.0400 (100 eps)
  Rewards:      mean=0.0000
  Losses:       value=0.0022 | surrogate=0.0322 | ABC=-1.0188
  Errors:       pos=0.1857 | rot=0.1354
============================================================

============================================================
ALICE UPDATE 108
============================================================
  Rewards:     mean=6.0000 | min=0.0000 | max=0.0000
  Losses:      value=0.0093 | surrogate=0.8431
  Outcomes:    9 episodes buffered
============================================================

============================================================
BOB UPDATE 85
============================================================
  Success Rate: 0.0300 (100 eps)
  Rewards:      mean=0.0100
  Losses:       value=0.0012 | surrogate=0.0392 | ABC=-1.0192
  Errors:       pos=0.1880 | rot=0.1407
============================================================

============================================================
ALICE UPDATE 109
============================================================
  Rewards:     mean=6.0000 | min=0.0000 | max=0.0000
  Losses:      value=0.0076 | surrogate=0.7989
  Outcomes:    9 episodes buffered
============================================================

============================================================
BOB UPDATE 86
============================================================
  Success Rate: 0.0300 (100 eps)
  Rewards:      mean=0.0000
  Losses:       value=0.0019 | surrogate=0.0336 | ABC=-1.0183
  Errors:       pos=0.1809 | rot=0.1363
============================================================

============================================================
ALICE UPDATE 110
============================================================
  Rewards:     mean=5.4444 | min=0.0000 | max=0.0000
  Losses:      value=0.0459 | surrogate=0.3900
  Outcomes:    9 episodes buffered
============================================================

============================================================
BOB UPDATE 87
============================================================
  Success Rate: 0.0300 (100 eps)
  Rewards:      mean=0.0000
  Losses:       value=0.0124 | surrogate=-0.0039 | ABC=-1.0182
  Errors:       pos=0.1781 | rot=0.1378
============================================================

============================================================
BOB UPDATE 88
============================================================
  Success Rate: 0.0300 (100 eps)
  Rewards:      mean=0.0000
  Losses:       value=0.0017 | surrogate=0.0168 | ABC=-1.0169
  Errors:       pos=0.1760 | rot=0.1459
============================================================

============================================================
ALICE UPDATE 111
============================================================
  Rewards:     mean=6.0000 | min=0.0000 | max=0.0000
  Losses:      value=0.0100 | surrogate=0.8220
  Outcomes:    9 episodes buffered
============================================================

============================================================
BOB UPDATE 89
============================================================
  Success Rate: 0.0300 (100 eps)
  Rewards:      mean=0.0000
  Losses:       value=0.0019 | surrogate=0.0378 | ABC=-1.0162
  Errors:       pos=0.1744 | rot=0.1326
============================================================

============================================================
ALICE UPDATE 112
============================================================
  Rewards:     mean=5.4444 | min=0.0000 | max=0.0000
  Losses:      value=0.0355 | surrogate=0.3779
  Outcomes:    9 episodes buffered
============================================================

============================================================
BOB UPDATE 90
============================================================
  Success Rate: 0.0400 (100 eps)
  Rewards:      mean=0.0000
  Losses:       value=0.0124 | surrogate=-0.0039 | ABC=-1.0165
  Errors:       pos=0.1733 | rot=0.1270
============================================================

============================================================
ALICE UPDATE 113
============================================================
  Rewards:     mean=5.4444 | min=0.0000 | max=0.0000
  Losses:      value=0.0484 | surrogate=0.4412
  Outcomes:    9 episodes buffered
============================================================

============================================================
BOB UPDATE 91
============================================================
  Success Rate: 0.0700 (100 eps)
  Rewards:      mean=0.0000
  Losses:       value=0.0302 | surrogate=-0.0057 | ABC=-1.0170
  Errors:       pos=0.1566 | rot=0.1128
============================================================

============================================================
ALICE UPDATE 114
============================================================
  Rewards:     mean=4.8889 | min=0.0000 | max=0.0000
  Losses:      value=0.1915 | surrogate=0.7771
  Outcomes:    9 episodes buffered
============================================================

============================================================
BOB UPDATE 92
============================================================
  Success Rate: 0.0700 (100 eps)
  Rewards:      mean=0.0000
  Losses:       value=0.0013 | surrogate=0.0514 | ABC=-1.0158
  Errors:       pos=0.1601 | rot=0.1228
============================================================

============================================================
ALICE UPDATE 115
============================================================
  Rewards:     mean=6.0000 | min=0.0000 | max=0.0000
  Losses:      value=0.0235 | surrogate=0.6189
  Outcomes:    9 episodes buffered
============================================================

============================================================
BOB UPDATE 93
============================================================
  Success Rate: 0.0700 (100 eps)
  Rewards:      mean=0.0000
  Losses:       value=0.0021 | surrogate=0.0444 | ABC=-1.0162
  Errors:       pos=0.1584 | rot=0.1317
============================================================

============================================================
ALICE UPDATE 116
============================================================
  Rewards:     mean=6.0000 | min=0.0000 | max=0.0000
  Losses:      value=0.1482 | surrogate=0.2025
  Outcomes:    9 episodes buffered
============================================================

============================================================
BOB UPDATE 94
============================================================
  Success Rate: 0.0600 (100 eps)
  Rewards:      mean=0.0000
  Losses:       value=0.0010 | surrogate=0.0508 | ABC=-1.0169
  Errors:       pos=0.1554 | rot=0.1222
============================================================

============================================================
ALICE UPDATE 117
============================================================
  Rewards:     mean=5.4444 | min=0.0000 | max=0.0000
  Losses:      value=0.1217 | surrogate=0.3183
  Outcomes:    9 episodes buffered
============================================================

============================================================
BOB UPDATE 95
============================================================
  Success Rate: 0.0600 (100 eps)
  Rewards:      mean=0.0000
  Losses:       value=0.0095 | surrogate=-0.0010 | ABC=-1.0161
  Errors:       pos=0.1492 | rot=0.1058
============================================================

============================================================
ALICE UPDATE 118
============================================================
  Rewards:     mean=6.0000 | min=0.0000 | max=0.0000
  Losses:      value=0.0198 | surrogate=0.3943
  Outcomes:    9 episodes buffered
============================================================

============================================================
BOB UPDATE 96
============================================================
  Success Rate: 0.0600 (100 eps)
  Rewards:      mean=0.0000
  Losses:       value=0.0019 | surrogate=0.0498 | ABC=-1.0164
  Errors:       pos=0.1444 | rot=0.1255
============================================================

============================================================
ALICE UPDATE 119
============================================================
  Rewards:     mean=6.0000 | min=0.0000 | max=0.0000
  Losses:      value=0.0108 | surrogate=0.3794
  Outcomes:    9 episodes buffered
============================================================

============================================================
BOB UPDATE 97
============================================================
  Success Rate: 0.0700 (100 eps)
  Rewards:      mean=0.0700
  Losses:       value=0.0119 | surrogate=-0.0044 | ABC=-1.0155
  Errors:       pos=0.1475 | rot=0.1148
============================================================

============================================================
BOB UPDATE 98
============================================================
  Success Rate: 0.0700 (100 eps)
  Rewards:      mean=0.0000
  Losses:       value=0.0010 | surrogate=0.0430 | ABC=-1.0153
  Errors:       pos=0.1482 | rot=0.1195
============================================================

============================================================
ALICE UPDATE 120
============================================================
  Rewards:     mean=5.4444 | min=0.0000 | max=0.0000
  Losses:      value=0.0883 | surrogate=0.6256
  Outcomes:    9 episodes buffered
============================================================

============================================================
BOB UPDATE 99
============================================================
  Success Rate: 0.0700 (100 eps)
  Rewards:      mean=0.0000
  Losses:       value=0.0009 | surrogate=0.0517 | ABC=-1.0139
  Errors:       pos=0.1580 | rot=0.1273
============================================================

============================================================
ALICE UPDATE 121
============================================================
  Rewards:     mean=5.4444 | min=0.0000 | max=0.0000
  Losses:      value=0.0475 | surrogate=0.3228
  Outcomes:    9 episodes buffered
============================================================

============================================================
BOB UPDATE 100
============================================================
  Success Rate: 0.0700 (100 eps)
  Rewards:      mean=0.0000
  Losses:       value=0.0129 | surrogate=-0.0001 | ABC=-1.0154
  Errors:       pos=0.1603 | rot=0.1323
============================================================

============================================================
ALICE UPDATE 122
============================================================
  Rewards:     mean=6.0000 | min=0.0000 | max=0.0000
  Losses:      value=0.0140 | surrogate=0.4522
  Outcomes:    9 episodes buffered
============================================================

============================================================
BOB UPDATE 101
============================================================
  Success Rate: 0.0700 (100 eps)
  Rewards:      mean=0.0000
  Losses:       value=0.0010 | surrogate=0.0550 | ABC=-1.0153
  Errors:       pos=0.1628 | rot=0.1438
============================================================

============================================================
ALICE UPDATE 123
============================================================
  Rewards:     mean=6.0000 | min=0.0000 | max=0.0000
  Losses:      value=0.0095 | surrogate=0.5604
  Outcomes:    9 episodes buffered
============================================================

============================================================
BOB UPDATE 102
============================================================
  Success Rate: 0.0600 (100 eps)
  Rewards:      mean=0.0000
  Losses:       value=0.0009 | surrogate=0.0604 | ABC=-1.0144
  Errors:       pos=0.1662 | rot=0.1481
============================================================

============================================================
ALICE UPDATE 124
============================================================
  Rewards:     mean=6.0000 | min=0.0000 | max=0.0000
  Losses:      value=0.0071 | surrogate=0.5639
  Outcomes:    9 episodes buffered
============================================================

============================================================
BOB UPDATE 103
============================================================
  Success Rate: 0.0400 (100 eps)
  Rewards:      mean=0.0000
  Losses:       value=0.0018 | surrogate=0.0222 | ABC=-1.0144
  Errors:       pos=0.1677 | rot=0.1576
============================================================

============================================================
BOB UPDATE 104
============================================================
  Success Rate: 0.0300 (100 eps)
  Rewards:      mean=0.0000
  Losses:       value=0.0005 | surrogate=0.0410 | ABC=-1.0129
  Errors:       pos=0.1730 | rot=0.1656
============================================================

============================================================
ALICE UPDATE 125
============================================================
  Rewards:     mean=6.0000 | min=0.0000 | max=0.0000
  Losses:      value=0.0055 | surrogate=0.6609
  Outcomes:    9 episodes buffered
============================================================

============================================================
BOB UPDATE 105
============================================================
  Success Rate: 0.0300 (100 eps)
  Rewards:      mean=0.0000
  Losses:       value=0.0006 | surrogate=0.0170 | ABC=-1.0136
  Errors:       pos=0.1697 | rot=0.1512
============================================================

============================================================
ALICE UPDATE 126
============================================================
  Rewards:     mean=6.0000 | min=0.0000 | max=0.0000
  Losses:      value=0.0073 | surrogate=0.7979
  Outcomes:    9 episodes buffered
============================================================

============================================================
BOB UPDATE 106
============================================================
  Success Rate: 0.0400 (100 eps)
  Rewards:      mean=0.0000
  Losses:       value=0.0100 | surrogate=-0.0013 | ABC=-1.0130
  Errors:       pos=0.1718 | rot=0.1469
============================================================

============================================================
ALICE UPDATE 127
============================================================
  Rewards:     mean=5.4444 | min=0.0000 | max=0.0000
  Losses:      value=0.1028 | surrogate=0.6122
  Outcomes:    9 episodes buffered
============================================================

============================================================
BOB UPDATE 107
============================================================
  Success Rate: 0.0400 (100 eps)
  Rewards:      mean=0.0000
  Losses:       value=0.0013 | surrogate=0.0531 | ABC=-1.0131
  Errors:       pos=0.1703 | rot=0.1508
============================================================

============================================================
ALICE UPDATE 128
============================================================
  Rewards:     mean=6.0000 | min=0.0000 | max=0.0000
  Losses:      value=0.0085 | surrogate=0.5881
  Outcomes:    9 episodes buffered
============================================================

============================================================
BOB UPDATE 108
============================================================
  Success Rate: 0.0300 (100 eps)
  Rewards:      mean=0.0000
  Losses:       value=0.0007 | surrogate=0.0412 | ABC=-1.0119
  Errors:       pos=0.1725 | rot=0.1513
============================================================

============================================================
ALICE UPDATE 129
============================================================
  Rewards:     mean=6.0000 | min=0.0000 | max=0.0000
  Losses:      value=0.0052 | surrogate=0.8268
  Outcomes:    9 episodes buffered
============================================================

============================================================
BOB UPDATE 109
============================================================
  Success Rate: 0.0300 (100 eps)
  Rewards:      mean=0.0000
  Losses:       value=0.0010 | surrogate=0.0498 | ABC=-1.0121
  Errors:       pos=0.1762 | rot=0.1357
============================================================

============================================================
BOB UPDATE 110
============================================================
  Success Rate: 0.0300 (100 eps)
  Rewards:      mean=0.0000
  Losses:       value=0.0009 | surrogate=0.0167 | ABC=-1.0122
  Errors:       pos=0.1744 | rot=0.1465
============================================================

============================================================
ALICE UPDATE 130
============================================================
  Rewards:     mean=6.0000 | min=0.0000 | max=0.0000
  Losses:      value=0.0056 | surrogate=0.7654
  Outcomes:    9 episodes buffered
============================================================

============================================================
BOB UPDATE 111
============================================================
  Success Rate: 0.0200 (100 eps)
  Rewards:      mean=0.0000
  Losses:       value=0.0007 | surrogate=0.0442 | ABC=-1.0131
  Errors:       pos=0.1747 | rot=0.1530
============================================================

============================================================
ALICE UPDATE 131
============================================================
  Rewards:     mean=6.0000 | min=0.0000 | max=0.0000
  Losses:      value=0.0062 | surrogate=0.6960
  Outcomes:    9 episodes buffered
============================================================

============================================================
BOB UPDATE 112
============================================================
  Success Rate: 0.0200 (100 eps)
  Rewards:      mean=0.0000
  Losses:       value=0.0005 | surrogate=0.0231 | ABC=-1.0111
  Errors:       pos=0.1770 | rot=0.1494
============================================================

============================================================
BOB UPDATE 113
============================================================
  Success Rate: 0.0200 (100 eps)
  Rewards:      mean=0.0000
  Losses:       value=0.0007 | surrogate=0.0137 | ABC=-1.0096
  Errors:       pos=0.1738 | rot=0.1439
============================================================

============================================================
ALICE UPDATE 132
============================================================
  Rewards:     mean=6.0000 | min=0.0000 | max=0.0000
  Losses:      value=0.0055 | surrogate=0.8404
  Outcomes:    9 episodes buffered
============================================================

============================================================
BOB UPDATE 114
============================================================
  Success Rate: 0.0100 (100 eps)
  Rewards:      mean=0.0100
  Losses:       value=0.0015 | surrogate=0.0327 | ABC=-1.0094
  Errors:       pos=0.1751 | rot=0.1294
============================================================

============================================================
ALICE UPDATE 133
============================================================
  Rewards:     mean=6.0000 | min=0.0000 | max=0.0000
  Losses:      value=0.0065 | surrogate=0.8254
  Outcomes:    9 episodes buffered
============================================================

============================================================
BOB UPDATE 115
============================================================
  Success Rate: 0.0100 (100 eps)
  Rewards:      mean=0.0000
  Losses:       value=0.0002 | surrogate=0.0098 | ABC=-1.0104
  Errors:       pos=0.1732 | rot=0.1215
============================================================

============================================================
BOB UPDATE 116
============================================================
  Success Rate: 0.0300 (100 eps)
  Rewards:      mean=0.0700
  Losses:       value=0.0207 | surrogate=-0.0077 | ABC=-1.0083
  Errors:       pos=0.1686 | rot=0.1211
============================================================

============================================================
ALICE UPDATE 134
============================================================
  Rewards:     mean=4.8889 | min=0.0000 | max=0.0000
  Losses:      value=0.1440 | surrogate=0.6182
  Outcomes:    9 episodes buffered
============================================================

============================================================
BOB UPDATE 117
============================================================
  Success Rate: 0.0300 (100 eps)
  Rewards:      mean=0.0000
  Losses:       value=0.0009 | surrogate=0.0416 | ABC=-1.0079
  Errors:       pos=0.1665 | rot=0.1075
============================================================

============================================================
BOB UPDATE 118
============================================================
  Success Rate: 0.0300 (100 eps)
  Rewards:      mean=0.0000
  Losses:       value=0.0005 | surrogate=0.0314 | ABC=-1.0080
  Errors:       pos=0.1673 | rot=0.1117
============================================================

============================================================
ALICE UPDATE 135
============================================================
  Rewards:     mean=6.0000 | min=0.0000 | max=0.0000
  Losses:      value=0.0087 | surrogate=0.7976
  Outcomes:    9 episodes buffered
============================================================

============================================================
BOB UPDATE 119
============================================================
  Success Rate: 0.0300 (100 eps)
  Rewards:      mean=0.0000
  Losses:       value=0.0011 | surrogate=0.0494 | ABC=-1.0074
  Errors:       pos=0.1690 | rot=0.1267
============================================================

============================================================
ALICE UPDATE 136
============================================================
  Rewards:     mean=6.0000 | min=0.0000 | max=0.0000
  Losses:      value=0.0092 | surrogate=0.8439
  Outcomes:    9 episodes buffered
============================================================

============================================================
BOB UPDATE 120
============================================================
  Success Rate: 0.0300 (100 eps)
  Rewards:      mean=0.0000
  Losses:       value=0.0009 | surrogate=0.0452 | ABC=-1.0078
  Errors:       pos=0.1662 | rot=0.1227
============================================================

============================================================
ALICE UPDATE 137
============================================================
  Rewards:     mean=4.8889 | min=0.0000 | max=0.0000
  Losses:      value=0.1240 | surrogate=0.6381
  Outcomes:    9 episodes buffered
============================================================

============================================================
BOB UPDATE 121
============================================================
  Success Rate: 0.0500 (100 eps)
  Rewards:      mean=0.0000
  Losses:       value=0.0118 | surrogate=-0.0054 | ABC=-1.0068
  Errors:       pos=0.1611 | rot=0.1218
============================================================

============================================================
BOB UPDATE 122
============================================================
  Success Rate: 0.0600 (100 eps)
  Rewards:      mean=0.0000
  Losses:       value=0.0010 | surrogate=0.0506 | ABC=-1.0066
  Errors:       pos=0.1553 | rot=0.1072
============================================================

============================================================
ALICE UPDATE 138
============================================================
  Rewards:     mean=4.8889 | min=0.0000 | max=0.0000
  Losses:      value=0.1801 | surrogate=0.8553
  Outcomes:    9 episodes buffered
============================================================

============================================================
BOB UPDATE 123
============================================================
  Success Rate: 0.0600 (100 eps)
  Rewards:      mean=0.0000
  Losses:       value=0.0012 | surrogate=0.0294 | ABC=-1.0066
  Errors:       pos=0.1547 | rot=0.1041
============================================================

============================================================
ALICE UPDATE 139
============================================================
  Rewards:     mean=6.0000 | min=0.0000 | max=0.0000
  Losses:      value=0.0163 | surrogate=0.6706
  Outcomes:    9 episodes buffered
============================================================

============================================================
BOB UPDATE 124
============================================================
  Success Rate: 0.0600 (100 eps)
  Rewards:      mean=0.0000
  Losses:       value=0.0008 | surrogate=0.0430 | ABC=-1.0074
  Errors:       pos=0.1481 | rot=0.1151
============================================================

============================================================
BOB UPDATE 125
============================================================
  Success Rate: 0.0600 (100 eps)
  Rewards:      mean=0.0000
  Losses:       value=0.0007 | surrogate=0.0474 | ABC=-1.0062
  Errors:       pos=0.1513 | rot=0.1195
============================================================

============================================================
ALICE UPDATE 140
============================================================
  Rewards:     mean=6.0000 | min=0.0000 | max=0.0000
  Losses:      value=0.0077 | surrogate=0.5486
  Outcomes:    9 episodes buffered
============================================================

============================================================
BOB UPDATE 126
============================================================
  Success Rate: 0.0600 (100 eps)
  Rewards:      mean=0.0000
  Losses:       value=0.0007 | surrogate=0.0477 | ABC=-1.0062
  Errors:       pos=0.1516 | rot=0.1168
============================================================

============================================================
BOB UPDATE 127
============================================================
  Success Rate: 0.0600 (100 eps)
  Rewards:      mean=0.0000
  Losses:       value=0.0006 | surrogate=0.0267 | ABC=-1.0052
  Errors:       pos=0.1489 | rot=0.1114
============================================================

============================================================
ALICE UPDATE 141
============================================================
  Rewards:     mean=6.0000 | min=0.0000 | max=0.0000
  Losses:      value=0.0055 | surrogate=0.6464
  Outcomes:    9 episodes buffered
============================================================

============================================================
BOB UPDATE 128
============================================================
  Success Rate: 0.0600 (100 eps)
  Rewards:      mean=0.0000
  Losses:       value=0.0008 | surrogate=0.0456 | ABC=-1.0062
  Errors:       pos=0.1481 | rot=0.1056
============================================================

============================================================
ALICE UPDATE 142
============================================================
  Rewards:     mean=5.4444 | min=0.0000 | max=0.0000
  Losses:      value=0.0458 | surrogate=0.2982
  Outcomes:    9 episodes buffered
============================================================

============================================================
BOB UPDATE 129
============================================================
  Success Rate: 0.0700 (100 eps)
  Rewards:      mean=0.0000
  Losses:       value=0.0092 | surrogate=-0.0042 | ABC=-1.0047
  Errors:       pos=0.1454 | rot=0.1120
============================================================

============================================================
BOB UPDATE 130
============================================================
  Success Rate: 0.0700 (100 eps)
  Rewards:      mean=0.0000
  Losses:       value=0.0011 | surrogate=0.0283 | ABC=-1.0059
  Errors:       pos=0.1402 | rot=0.1152
============================================================

============================================================
ALICE UPDATE 143
============================================================
  Rewards:     mean=6.0000 | min=0.0000 | max=0.0000
  Losses:      value=0.0086 | surrogate=0.5926
  Outcomes:    9 episodes buffered
============================================================

============================================================
BOB UPDATE 131
============================================================
  Success Rate: 0.0800 (100 eps)
  Rewards:      mean=0.0000
  Losses:       value=0.0124 | surrogate=-0.0031 | ABC=-1.0046
  Errors:       pos=0.1400 | rot=0.1145
============================================================

============================================================
ALICE UPDATE 144
============================================================
  Rewards:     mean=5.4444 | min=0.0000 | max=0.0000
  Losses:      value=0.0905 | surrogate=0.6134
  Outcomes:    9 episodes buffered
============================================================

============================================================
BOB UPDATE 132
============================================================
  Success Rate: 0.0900 (100 eps)
  Rewards:      mean=0.0000
  Losses:       value=0.0114 | surrogate=-0.0042 | ABC=-1.0060
  Errors:       pos=0.1376 | rot=0.1116
============================================================

============================================================
BOB UPDATE 133
============================================================
  Success Rate: 0.0800 (100 eps)
  Rewards:      mean=0.0000
  Losses:       value=0.0013 | surrogate=0.0263 | ABC=-1.0049
  Errors:       pos=0.1416 | rot=0.1133
============================================================

============================================================
ALICE UPDATE 145
============================================================
  Rewards:     mean=5.4444 | min=0.0000 | max=0.0000
  Losses:      value=0.0947 | surrogate=0.5962
  Outcomes:    9 episodes buffered
============================================================

============================================================
BOB UPDATE 134
============================================================
  Success Rate: 0.0700 (100 eps)
  Rewards:      mean=0.0000
  Losses:       value=0.0016 | surrogate=0.0388 | ABC=-1.0066
  Errors:       pos=0.1427 | rot=0.1168
============================================================

============================================================
ALICE UPDATE 146
============================================================
  Rewards:     mean=6.0000 | min=0.0000 | max=0.0000
  Losses:      value=0.0089 | surrogate=0.5041
  Outcomes:    9 episodes buffered
============================================================

============================================================
BOB UPDATE 135
============================================================
  Success Rate: 0.0700 (100 eps)
  Rewards:      mean=0.0000
  Losses:       value=0.0006 | surrogate=0.0162 | ABC=-1.0055
  Errors:       pos=0.1399 | rot=0.1165
============================================================

============================================================
BOB UPDATE 136
============================================================
  Success Rate: 0.0700 (100 eps)
  Rewards:      mean=0.0000
  Losses:       value=0.0006 | surrogate=0.0198 | ABC=-1.0065
  Errors:       pos=0.1429 | rot=0.1114
============================================================

============================================================
ALICE UPDATE 147
============================================================
  Rewards:     mean=6.0000 | min=0.0000 | max=0.0000
  Losses:      value=0.0087 | surrogate=0.4447
  Outcomes:    9 episodes buffered
============================================================

============================================================
BOB UPDATE 137
============================================================
  Success Rate: 0.0700 (100 eps)
  Rewards:      mean=0.0000
  Losses:       value=0.0005 | surrogate=0.0435 | ABC=-1.0053
  Errors:       pos=0.1441 | rot=0.1025
============================================================

============================================================
ALICE UPDATE 148
============================================================
  Rewards:     mean=4.8889 | min=0.0000 | max=0.0000
  Losses:      value=0.1392 | surrogate=0.5154
  Outcomes:    9 episodes buffered
============================================================

============================================================
BOB UPDATE 138
============================================================
  Success Rate: 0.0800 (100 eps)
  Rewards:      mean=0.0000
  Losses:       value=0.0092 | surrogate=-0.0035 | ABC=-1.0055
  Errors:       pos=0.1479 | rot=0.1049
============================================================

============================================================
BOB UPDATE 139
============================================================
  Success Rate: 0.0500 (100 eps)
  Rewards:      mean=0.0000
  Losses:       value=0.0006 | surrogate=0.0344 | ABC=-1.0053
  Errors:       pos=0.1532 | rot=0.1086
============================================================

============================================================
ALICE UPDATE 149
============================================================
  Rewards:     mean=6.0000 | min=0.0000 | max=0.0000
  Losses:      value=0.0167 | surrogate=0.6131
  Outcomes:    9 episodes buffered
============================================================

============================================================
BOB UPDATE 140
============================================================
  Success Rate: 0.0500 (100 eps)
  Rewards:      mean=0.0000
  Losses:       value=0.0009 | surrogate=0.0528 | ABC=-1.0052
  Errors:       pos=0.1544 | rot=0.1231
============================================================

============================================================
BOB UPDATE 141
============================================================
  Success Rate: 0.0600 (100 eps)
  Rewards:      mean=0.0000
  Losses:       value=0.0098 | surrogate=-0.0040 | ABC=-1.0053
  Errors:       pos=0.1568 | rot=0.1147
============================================================

============================================================
ALICE UPDATE 150
============================================================
  Rewards:     mean=5.4444 | min=0.0000 | max=0.0000
  Losses:      value=0.0918 | surrogate=0.6472
  Outcomes:    9 episodes buffered
============================================================

============================================================
BOB UPDATE 142
============================================================
  Success Rate: 0.0700 (100 eps)
  Rewards:      mean=0.0000
  Losses:       value=0.0124 | surrogate=-0.0020 | ABC=-1.0050
  Errors:       pos=0.1561 | rot=0.1000
============================================================

============================================================
ALICE UPDATE 151
============================================================
  Rewards:     mean=5.4444 | min=0.0000 | max=0.0000
  Losses:      value=0.0938 | surrogate=0.6308
  Outcomes:    9 episodes buffered
============================================================

============================================================
BOB UPDATE 143
============================================================
  Success Rate: 0.0800 (100 eps)
  Rewards:      mean=0.0000
  Losses:       value=0.0120 | surrogate=-0.0052 | ABC=-1.0057
  Errors:       pos=0.1561 | rot=0.0932
============================================================

============================================================
BOB UPDATE 144
============================================================
  Success Rate: 0.0900 (100 eps)
  Rewards:      mean=0.0000
  Losses:       value=0.0090 | surrogate=-0.0039 | ABC=-1.0047
  Errors:       pos=0.1539 | rot=0.0919
============================================================

============================================================
ALICE UPDATE 152
============================================================
  Rewards:     mean=4.8889 | min=0.0000 | max=0.0000
  Losses:      value=0.2409 | surrogate=0.6680
  Outcomes:    9 episodes buffered
============================================================

============================================================
BOB UPDATE 145
============================================================
  Success Rate: 0.1000 (100 eps)
  Rewards:      mean=0.0000
  Losses:       value=0.0009 | surrogate=0.0630 | ABC=-1.0035
  Errors:       pos=0.1536 | rot=0.0978
============================================================

============================================================
BOB UPDATE 146
============================================================
  Success Rate: 0.1000 (100 eps)
  Rewards:      mean=0.0000
  Losses:       value=0.0007 | surrogate=0.0692 | ABC=-1.0043
  Errors:       pos=0.1537 | rot=0.0866
============================================================

============================================================
ALICE UPDATE 153
============================================================
  Rewards:     mean=5.4444 | min=0.0000 | max=0.0000
  Losses:      value=0.0958 | surrogate=0.7391
  Outcomes:    9 episodes buffered
============================================================

============================================================
BOB UPDATE 147
============================================================
  Success Rate: 0.0900 (100 eps)
  Rewards:      mean=0.0000
  Losses:       value=0.0005 | surrogate=0.0525 | ABC=-1.0041
  Errors:       pos=0.1539 | rot=0.0787
============================================================

============================================================
BOB UPDATE 148
============================================================
  Success Rate: 0.0900 (100 eps)
  Rewards:      mean=0.0000
  Losses:       value=0.0004 | surrogate=0.0532 | ABC=-1.0039
  Errors:       pos=0.1556 | rot=0.0795
============================================================

============================================================
ALICE UPDATE 154
============================================================
  Rewards:     mean=6.0000 | min=0.0000 | max=0.0000
  Losses:      value=0.0171 | surrogate=0.7589
  Outcomes:    9 episodes buffered
============================================================

============================================================
BOB UPDATE 149
============================================================
  Success Rate: 0.0900 (100 eps)
  Rewards:      mean=-0.0100
  Losses:       value=0.0007 | surrogate=0.0207 | ABC=-1.0032
  Errors:       pos=0.1545 | rot=0.0754
============================================================

============================================================
ALICE UPDATE 155
============================================================
  Rewards:     mean=6.0000 | min=0.0000 | max=0.0000
  Losses:      value=0.0196 | surrogate=0.6469
  Outcomes:    9 episodes buffered
============================================================

============================================================
BOB UPDATE 150
============================================================
  Success Rate: 0.0800 (100 eps)
  Rewards:      mean=0.0000
  Losses:       value=0.0009 | surrogate=0.0448 | ABC=-1.0037
  Errors:       pos=0.1586 | rot=0.0797
============================================================

============================================================
BOB UPDATE 151
============================================================
  Success Rate: 0.0700 (100 eps)
  Rewards:      mean=0.0000
  Losses:       value=0.0002 | surrogate=0.0421 | ABC=-1.0040
  Errors:       pos=0.1601 | rot=0.0864
============================================================

============================================================
BOB UPDATE 152
============================================================
  Success Rate: 0.0700 (100 eps)
  Rewards:      mean=0.0000
  Losses:       value=0.0010 | surrogate=0.0422 | ABC=-1.0035
  Errors:       pos=0.1599 | rot=0.0856
============================================================

============================================================
ALICE UPDATE 156
============================================================
  Rewards:     mean=6.0000 | min=0.0000 | max=0.0000
  Losses:      value=0.0080 | surrogate=0.8589
  Outcomes:    9 episodes buffered
============================================================

============================================================
BOB UPDATE 153
============================================================
  Success Rate: 0.0800 (100 eps)
  Rewards:      mean=0.0000
  Losses:       value=0.0112 | surrogate=-0.0053 | ABC=-1.0035
  Errors:       pos=0.1623 | rot=0.0804
============================================================

============================================================
BOB UPDATE 154
============================================================
  Success Rate: 0.0900 (100 eps)
  Rewards:      mean=0.0000
  Losses:       value=0.0110 | surrogate=-0.0044 | ABC=-1.0032
  Errors:       pos=0.1620 | rot=0.0747
============================================================

============================================================
ALICE UPDATE 157
============================================================
  Rewards:     mean=4.8889 | min=0.0000 | max=0.0000
  Losses:      value=0.1228 | surrogate=0.6419
  Outcomes:    9 episodes buffered
============================================================

============================================================
BOB UPDATE 155
============================================================
  Success Rate: 0.0900 (100 eps)
  Rewards:      mean=0.0000
  Losses:       value=0.0003 | surrogate=0.0657 | ABC=-1.0026
  Errors:       pos=0.1596 | rot=0.0750
============================================================

============================================================
ALICE UPDATE 158
============================================================
  Rewards:     mean=6.0000 | min=0.0000 | max=0.0000
  Losses:      value=0.0130 | surrogate=0.8103
  Outcomes:    9 episodes buffered
============================================================

============================================================
BOB UPDATE 156
============================================================
  Success Rate: 0.0800 (100 eps)
  Rewards:      mean=0.0000
  Losses:       value=0.0013 | surrogate=0.0463 | ABC=-1.0034
  Errors:       pos=0.1590 | rot=0.0791
============================================================

============================================================
ALICE UPDATE 159
============================================================
  Rewards:     mean=5.4444 | min=0.0000 | max=0.0000
  Losses:      value=0.0496 | surrogate=0.6087
  Outcomes:    9 episodes buffered
============================================================

============================================================
BOB UPDATE 157
============================================================
  Success Rate: 0.0800 (100 eps)
  Rewards:      mean=0.0100
  Losses:       value=0.0013 | surrogate=0.0598 | ABC=-1.0043
  Errors:       pos=0.1552 | rot=0.0765
============================================================

============================================================
BOB UPDATE 158
============================================================
  Success Rate: 0.0900 (100 eps)
  Rewards:      mean=0.0000
  Losses:       value=0.0113 | surrogate=-0.0053 | ABC=-1.0042
  Errors:       pos=0.1524 | rot=0.0741
============================================================

============================================================
ALICE UPDATE 160
============================================================
  Rewards:     mean=4.8889 | min=0.0000 | max=0.0000
  Losses:      value=0.1243 | surrogate=0.7450
  Outcomes:    9 episodes buffered
============================================================

============================================================
BOB UPDATE 159
============================================================
  Success Rate: 0.1000 (100 eps)
  Rewards:      mean=0.0000
  Losses:       value=0.0087 | surrogate=-0.0026 | ABC=-1.0033
  Errors:       pos=0.1487 | rot=0.0609
============================================================

============================================================
BOB UPDATE 160
============================================================
  Success Rate: 0.1000 (100 eps)
  Rewards:      mean=0.0000
  Losses:       value=0.0008 | surrogate=0.0442 | ABC=-1.0039
  Errors:       pos=0.1471 | rot=0.0620
============================================================

============================================================
ALICE UPDATE 161
============================================================
  Rewards:     mean=4.8889 | min=0.0000 | max=0.0000
  Losses:      value=0.0759 | surrogate=0.5422
  Outcomes:    9 episodes buffered
============================================================

============================================================
BOB UPDATE 161
============================================================
  Success Rate: 0.1100 (100 eps)
  Rewards:      mean=0.0000
  Losses:       value=0.0006 | surrogate=0.0480 | ABC=-1.0028
  Errors:       pos=0.1442 | rot=0.0620
============================================================

