####
#
# OBJ File Generated by Meshlab
#
####
# Object head_of_robot_corrected_axes.obj
#
# Vertices: 3442
# Faces: 7236
#
####
v 0.066261 -0.106628 0.110089 0.749020 0.749020 0.749020
v 0.072893 -0.106658 0.109952 0.749020 0.749020 0.749020
v 0.075704 -0.105877 0.112020 0.749020 0.749020 0.749020
v 0.066271 -0.104417 0.110083 0.749020 0.749020 0.749020
v 0.076218 -0.104463 0.109878 0.749020 0.749020 0.749020
v 0.077733 -0.103865 0.111882 0.749020 0.749020 0.749020
v 0.056236 -0.101383 0.105333 0.749020 0.749020 0.749020
v 0.076130 -0.101475 0.104923 0.749020 0.749020 0.749020
v 0.056440 -0.101363 0.115238 0.749020 0.749020 0.749020
v 0.076334 -0.101454 0.114828 0.749020 0.749020 0.749020
v 0.078505 -0.101048 0.112744 0.749020 0.749020 0.749020
v 0.075213 -0.099822 0.086833 0.749020 0.749020 0.749020
v 0.066807 -0.099434 0.134973 0.749020 0.749020 0.749020
v 0.073439 -0.099464 0.134837 0.749020 0.749020 0.749020
v 0.065781 -0.099534 0.085175 0.749020 0.749020 0.749020
v 0.072412 -0.099564 0.085038 0.749020 0.749020 0.749020
v 0.056259 -0.099279 0.106012 0.749020 0.749020 0.749020
v 0.077260 -0.099375 0.105579 0.749020 0.749020 0.749020
v 0.056436 -0.099261 0.114551 0.749020 0.749020 0.749020
v 0.077435 -0.099358 0.114118 0.749020 0.749020 0.749020
v 0.077264 -0.098075 0.087797 0.749020 0.749020 0.749020
v 0.066788 -0.097647 0.133660 0.749020 0.749020 0.749020
v 0.076735 -0.097693 0.133455 0.749020 0.749020 0.749020
v 0.065815 -0.097741 0.086478 0.749020 0.749020 0.749020
v 0.075763 -0.097786 0.086273 0.749020 0.749020 0.749020
v 0.076247 -0.097433 0.136510 0.749020 0.749020 0.749020
v 0.078063 -0.096267 0.090217 0.749020 0.749020 0.749020
v 0.078253 -0.095791 0.135299 0.749020 0.749020 0.749020
v 0.056097 -0.095576 0.097308 0.749020 0.749020 0.749020
v 0.075992 -0.095668 0.096898 0.749020 0.749020 0.749020
v 0.056632 -0.095524 0.123240 0.749020 0.749020 0.749020
v 0.076526 -0.095615 0.122830 0.749020 0.749020 0.749020
v 0.056139 -0.094273 0.099094 0.749020 0.749020 0.749020
v 0.077139 -0.094370 0.098661 0.749020 0.749020 0.749020
v 0.056601 -0.094227 0.121448 0.749020 0.749020 0.749020
v 0.077601 -0.094324 0.121015 0.749020 0.749020 0.749020
v 0.078987 -0.093064 0.134343 0.749020 0.749020 0.749020
v 0.056076 -0.086161 0.094228 0.749020 0.749020 0.749020
v 0.075971 -0.086252 0.093817 0.749020 0.749020 0.749020
v 0.056122 -0.086156 0.096438 0.749020 0.749020 0.749020
v 0.077122 -0.086252 0.096005 0.749020 0.749020 0.749020
v 0.056691 -0.086100 0.124070 0.749020 0.749020 0.749020
v 0.077692 -0.086196 0.123637 0.749020 0.749020 0.749020
v 0.056737 -0.086095 0.126280 0.749020 0.749020 0.749020
v 0.076632 -0.086186 0.125870 0.749020 0.749020 0.749020
v 0.074927 -0.081167 0.068855 0.749020 0.749020 0.749020
v 0.067252 -0.080141 0.152261 0.749020 0.749020 0.749020
v 0.073884 -0.080171 0.152124 0.749020 0.749020 0.749020
v 0.065511 -0.080310 0.067806 0.749020 0.749020 0.749020
v 0.072142 -0.080340 0.067669 0.749020 0.749020 0.749020
v 0.076991 -0.080236 0.070605 0.749020 0.749020 0.749020
v 0.077796 -0.080199 0.073716 0.749020 0.749020 0.749020
v 0.067211 -0.079466 0.150130 0.749020 0.749020 0.749020
v 0.077159 -0.079512 0.149925 0.749020 0.749020 0.749020
v 0.065557 -0.079625 0.069934 0.749020 0.749020 0.749020
v 0.075505 -0.079670 0.069728 0.749020 0.749020 0.749020
v 0.076672 -0.077140 0.152613 0.749020 0.749020 0.749020
v 0.078659 -0.076386 0.150698 0.749020 0.749020 0.749020
v 0.079359 -0.074782 0.148349 0.749020 0.749020 0.749020
v 0.056144 -0.071253 0.094195 0.749020 0.749020 0.749020
v 0.056190 -0.071249 0.096406 0.749020 0.749020 0.749020
v 0.056760 -0.071192 0.124038 0.749020 0.749020 0.749020
v 0.056805 -0.071188 0.126249 0.749020 0.749020 0.749020
v 0.057395 -0.065010 0.094157 0.749020 0.749020 0.749020
v 0.057441 -0.065004 0.096368 0.749020 0.749020 0.749020
v 0.058010 -0.064948 0.124000 0.749020 0.749020 0.749020
v 0.058056 -0.064944 0.126210 0.749020 0.749020 0.749020
v 0.078530 -0.064613 0.105822 0.749020 0.749020 0.749020
v 0.078692 -0.064597 0.113678 0.749020 0.749020 0.749020
v 0.078458 -0.064350 0.105908 0.749020 0.749020 0.749020
v 0.078617 -0.064334 0.113594 0.749020 0.749020 0.749020
v 0.078258 -0.064156 0.105975 0.749020 0.749020 0.749020
v 0.078414 -0.064141 0.113535 0.749020 0.749020 0.749020
v 0.077430 -0.064082 0.106015 0.749020 0.749020 0.749020
v 0.077982 -0.064084 0.106003 0.749020 0.749020 0.749020
v 0.077585 -0.064066 0.113529 0.749020 0.749020 0.749020
v 0.078137 -0.064070 0.113518 0.749020 0.749020 0.749020
v 0.078420 -0.060008 0.099457 0.749020 0.749020 0.749020
v 0.078844 -0.059965 0.120024 0.749020 0.749020 0.749020
v 0.078350 -0.059844 0.099682 0.749020 0.749020 0.749020
v 0.078765 -0.059803 0.119801 0.749020 0.749020 0.749020
v 0.060907 -0.059697 0.094074 0.749020 0.749020 0.749020
v 0.060952 -0.059692 0.096284 0.749020 0.749020 0.749020
v 0.061522 -0.059637 0.123916 0.749020 0.749020 0.749020
v 0.061568 -0.059633 0.126127 0.749020 0.749020 0.749020
v 0.078152 -0.059725 0.099850 0.749020 0.749020 0.749020
v 0.078560 -0.059684 0.119641 0.749020 0.749020 0.749020
v 0.077324 -0.059677 0.099927 0.749020 0.749020 0.749020
v 0.077877 -0.059679 0.099915 0.749020 0.749020 0.749020
v 0.077730 -0.059637 0.119598 0.749020 0.749020 0.749020
v 0.078283 -0.059640 0.119587 0.749020 0.749020 0.749020
v 0.077788 -0.057804 0.068335 0.749020 0.749020 0.749020
v 0.066161 -0.056101 0.093958 0.749020 0.749020 0.749020
v 0.066206 -0.056097 0.096168 0.749020 0.749020 0.749020
v 0.066776 -0.056040 0.123801 0.749020 0.749020 0.749020
v 0.066822 -0.056035 0.126011 0.749020 0.749020 0.749020
v 0.077002 -0.055950 0.065702 0.749020 0.749020 0.749020
v 0.074938 -0.055769 0.063729 0.749020 0.749020 0.749020
v 0.067413 -0.055333 0.154546 0.749020 0.749020 0.749020
v 0.077360 -0.055378 0.154341 0.749020 0.749020 0.749020
v 0.065575 -0.055509 0.065418 0.749020 0.749020 0.749020
v 0.075523 -0.055554 0.065213 0.749020 0.749020 0.749020
v 0.067461 -0.054615 0.156694 0.749020 0.749020 0.749020
v 0.074092 -0.054645 0.156558 0.749020 0.749020 0.749020
v 0.065534 -0.054802 0.063266 0.749020 0.749020 0.749020
v 0.072165 -0.054832 0.063129 0.749020 0.749020 0.749020
v 0.078403 -0.052540 0.097014 0.749020 0.749020 0.749020
v 0.078335 -0.052539 0.097291 0.749020 0.749020 0.749020
v 0.078137 -0.052538 0.097498 0.749020 0.749020 0.749020
v 0.077309 -0.052534 0.097590 0.749020 0.749020 0.749020
v 0.077862 -0.052536 0.097578 0.749020 0.749020 0.749020
v 0.077811 -0.052484 0.121905 0.749020 0.749020 0.749020
v 0.078363 -0.052487 0.121894 0.749020 0.749020 0.749020
v 0.078641 -0.052488 0.121962 0.749020 0.749020 0.749020
v 0.078848 -0.052488 0.122160 0.749020 0.749020 0.749020
v 0.078928 -0.052488 0.122435 0.749020 0.749020 0.749020
v 0.079507 -0.051844 0.150436 0.749020 0.749020 0.749020
v 0.078826 -0.051741 0.153244 0.749020 0.749020 0.749020
v 0.076846 -0.051368 0.155275 0.749020 0.749020 0.749020
v 0.078041 -0.035993 0.075735 0.749020 0.749020 0.749020
v 0.077291 -0.032840 0.074629 0.749020 0.749020 0.749020
v 0.067333 -0.032494 0.145582 0.749020 0.749020 0.749020
v 0.077280 -0.032540 0.145377 0.749020 0.749020 0.749020
v 0.065863 -0.032635 0.074287 0.749020 0.749020 0.749020
v 0.075810 -0.032680 0.074082 0.749020 0.749020 0.749020
v 0.075241 -0.031602 0.073064 0.749020 0.749020 0.749020
v 0.079386 -0.031332 0.139961 0.749020 0.749020 0.749020
v 0.067369 -0.030618 0.146925 0.749020 0.749020 0.749020
v 0.074001 -0.030648 0.146789 0.749020 0.749020 0.749020
v 0.065843 -0.030766 0.072934 0.749020 0.749020 0.749020
v 0.072475 -0.030797 0.072797 0.749020 0.749020 0.749020
v 0.078504 -0.030430 0.096967 0.749020 0.749020 0.749020
v 0.078435 -0.030429 0.097245 0.749020 0.749020 0.749020
v 0.078237 -0.030428 0.097451 0.749020 0.749020 0.749020
v 0.077410 -0.030424 0.097543 0.749020 0.749020 0.749020
v 0.077962 -0.030426 0.097531 0.749020 0.749020 0.749020
v 0.077911 -0.030375 0.121859 0.749020 0.749020 0.749020
v 0.078464 -0.030377 0.121847 0.749020 0.749020 0.749020
v 0.078742 -0.030378 0.121915 0.749020 0.749020 0.749020
v 0.078948 -0.030378 0.122113 0.749020 0.749020 0.749020
v 0.079027 -0.030378 0.122388 0.749020 0.749020 0.749020
v 0.078696 -0.029489 0.142040 0.749020 0.749020 0.749020
v 0.076711 -0.028153 0.143610 0.749020 0.749020 0.749020
v 0.077490 -0.023271 0.099849 0.749020 0.749020 0.749020
v 0.078043 -0.023273 0.099838 0.749020 0.749020 0.749020
v 0.077896 -0.023232 0.119521 0.749020 0.749020 0.749020
v 0.078448 -0.023234 0.119510 0.749020 0.749020 0.749020
v 0.078318 -0.023232 0.099772 0.749020 0.749020 0.749020
v 0.078726 -0.023191 0.119564 0.749020 0.749020 0.749020
v 0.078517 -0.023114 0.099604 0.749020 0.749020 0.749020
v 0.078932 -0.023073 0.119723 0.749020 0.749020 0.749020
v 0.078588 -0.022952 0.099379 0.749020 0.749020 0.749020
v 0.079011 -0.022910 0.119945 0.749020 0.749020 0.749020
v 0.078476 -0.021501 0.093632 0.749020 0.749020 0.749020
v 0.079032 -0.019575 0.120156 0.749020 0.749020 0.749020
v 0.078092 -0.019285 0.093636 0.749020 0.749020 0.749020
v 0.077635 -0.018841 0.105918 0.749020 0.749020 0.749020
v 0.078188 -0.018844 0.105908 0.749020 0.749020 0.749020
v 0.077790 -0.018826 0.113432 0.749020 0.749020 0.749020
v 0.078343 -0.018829 0.113421 0.749020 0.749020 0.749020
v 0.078464 -0.018775 0.105879 0.749020 0.749020 0.749020
v 0.078620 -0.018760 0.113438 0.749020 0.749020 0.749020
v 0.078666 -0.018583 0.105812 0.749020 0.749020 0.749020
v 0.078824 -0.018567 0.113496 0.749020 0.749020 0.749020
v 0.078739 -0.018321 0.105724 0.749020 0.749020 0.749020
v 0.078902 -0.018305 0.113580 0.749020 0.749020 0.749020
v 0.066995 -0.017807 0.125929 0.749020 0.749020 0.749020
v 0.076943 -0.017852 0.125725 0.749020 0.749020 0.749020
v 0.066334 -0.017871 0.093877 0.749020 0.749020 0.749020
v 0.076282 -0.017916 0.093672 0.749020 0.749020 0.749020
v 0.076944 -0.017361 0.093655 0.749020 0.749020 0.749020
v 0.078006 -0.017081 0.123490 0.749020 0.749020 0.749020
v 0.075151 -0.016028 0.093690 0.749020 0.749020 0.749020
v 0.076180 -0.015933 0.125109 0.749020 0.749020 0.749020
v 0.067006 -0.015447 0.125924 0.749020 0.749020 0.749020
v 0.073637 -0.015478 0.125788 0.749020 0.749020 0.749020
v 0.066344 -0.015512 0.093870 0.749020 0.749020 0.749020
v 0.072976 -0.015543 0.093733 0.749020 0.749020 0.749020
v 0.068604 -0.014777 0.096034 0.749020 0.749020 0.749020
v 0.076342 -0.014813 0.095874 0.749020 0.749020 0.749020
v 0.068604 -0.014776 0.096035 0.749020 0.749020 0.749020
v 0.076342 -0.014812 0.095876 0.749020 0.749020 0.749020
v 0.078867 0.008846 0.105848 0.749020 0.749020 0.749020
v 0.079032 0.009011 0.113792 0.749020 0.749020 0.749020
v 0.078795 0.009110 0.105930 0.749020 0.749020 0.749020
v 0.078957 0.009271 0.113702 0.749020 0.749020 0.749020
v 0.078596 0.009305 0.105993 0.749020 0.749020 0.749020
v 0.077767 0.009379 0.106032 0.749020 0.749020 0.749020
v 0.078320 0.009377 0.106021 0.749020 0.749020 0.749020
v 0.078754 0.009463 0.113639 0.749020 0.749020 0.749020
v 0.077925 0.009537 0.113631 0.749020 0.749020 0.749020
v 0.078477 0.009534 0.113620 0.749020 0.749020 0.749020
v 0.078754 0.013432 0.099358 0.749020 0.749020 0.749020
v 0.078685 0.013596 0.099581 0.749020 0.749020 0.749020
v 0.078486 0.013717 0.099747 0.749020 0.749020 0.749020
v 0.077660 0.013766 0.099824 0.749020 0.749020 0.749020
v 0.078212 0.013763 0.099813 0.749020 0.749020 0.749020
v 0.079183 0.013861 0.120085 0.749020 0.749020 0.749020
v 0.079105 0.014017 0.119858 0.749020 0.749020 0.749020
v 0.078900 0.014131 0.119696 0.749020 0.749020 0.749020
v 0.078070 0.014178 0.119651 0.749020 0.749020 0.749020
v 0.078623 0.014175 0.119640 0.749020 0.749020 0.749020
v 0.068738 0.014805 0.095972 0.749020 0.749020 0.749020
v 0.076476 0.014770 0.095813 0.749020 0.749020 0.749020
v 0.068738 0.014806 0.095970 0.749020 0.749020 0.749020
v 0.076476 0.014771 0.095811 0.749020 0.749020 0.749020
v 0.066486 0.015553 0.093804 0.749020 0.749020 0.749020
v 0.073117 0.015522 0.093667 0.749020 0.749020 0.749020
v 0.067146 0.015618 0.125859 0.749020 0.749020 0.749020
v 0.073778 0.015587 0.125722 0.749020 0.749020 0.749020
v 0.076325 0.016016 0.125042 0.749020 0.749020 0.749020
v 0.075296 0.015988 0.093622 0.749020 0.749020 0.749020
v 0.078162 0.017141 0.123417 0.749020 0.749020 0.749020
v 0.077102 0.017304 0.093581 0.749020 0.749020 0.749020
v 0.066496 0.017911 0.093801 0.749020 0.749020 0.749020
v 0.076444 0.017866 0.093596 0.749020 0.749020 0.749020
v 0.067158 0.017978 0.125854 0.749020 0.749020 0.749020
v 0.077105 0.017932 0.125649 0.749020 0.749020 0.749020
v 0.078846 0.018057 0.122147 0.749020 0.749020 0.749020
v 0.078871 0.018099 0.122052 0.749020 0.749020 0.749020
v 0.078880 0.018124 0.122056 0.749020 0.749020 0.749020
v 0.078856 0.018154 0.121818 0.749020 0.749020 0.749020
v 0.078740 0.018215 0.121615 0.749020 0.749020 0.749020
v 0.078546 0.018270 0.121483 0.749020 0.749020 0.749020
v 0.078126 0.018312 0.121447 0.749020 0.749020 0.749020
v 0.078306 0.018311 0.121443 0.749020 0.749020 0.749020
v 0.078310 0.018311 0.121443 0.749020 0.749020 0.749020
v 0.078266 0.019218 0.093553 0.749020 0.749020 0.749020
v 0.079257 0.020253 0.122257 0.749020 0.749020 0.749020
v 0.079178 0.020270 0.121982 0.749020 0.749020 0.749020
v 0.078971 0.020283 0.121785 0.749020 0.749020 0.749020
v 0.078693 0.020288 0.121717 0.749020 0.749020 0.749020
v 0.079258 0.020511 0.122270 0.749020 0.749020 0.749020
v 0.078695 0.020535 0.121729 0.749020 0.749020 0.749020
v 0.079260 0.020769 0.122277 0.749020 0.749020 0.749020
v 0.078696 0.020782 0.121736 0.749020 0.749020 0.749020
v 0.078737 0.020976 0.096858 0.749020 0.749020 0.749020
v 0.078669 0.020976 0.097135 0.749020 0.749020 0.749020
v 0.078471 0.020978 0.097342 0.749020 0.749020 0.749020
v 0.077643 0.020982 0.097433 0.749020 0.749020 0.749020
v 0.078196 0.020979 0.097422 0.749020 0.749020 0.749020
v 0.078144 0.021031 0.121749 0.749020 0.749020 0.749020
v 0.078697 0.021029 0.121738 0.749020 0.749020 0.749020
v 0.078975 0.021028 0.121807 0.749020 0.749020 0.749020
v 0.079181 0.021028 0.122004 0.749020 0.749020 0.749020
v 0.079261 0.021027 0.122279 0.749020 0.749020 0.749020
v 0.078671 0.021429 0.093541 0.749020 0.749020 0.749020
v 0.076994 0.029450 0.144510 0.749020 0.749020 0.749020
v 0.078991 0.030765 0.142939 0.749020 0.749020 0.749020
v 0.066122 0.030722 0.072803 0.749020 0.749020 0.749020
v 0.072754 0.030691 0.072667 0.749020 0.749020 0.749020
v 0.067648 0.030874 0.146794 0.749020 0.749020 0.749020
v 0.074280 0.030843 0.146658 0.749020 0.749020 0.749020
v 0.075529 0.031344 0.073029 0.749020 0.749020 0.749020
v 0.066159 0.032595 0.074148 0.749020 0.749020 0.749020
v 0.076107 0.032550 0.073943 0.749020 0.749020 0.749020
v 0.067630 0.032744 0.145443 0.749020 0.749020 0.749020
v 0.077576 0.032698 0.145238 0.749020 0.749020 0.749020
v 0.077590 0.032576 0.074585 0.749020 0.749020 0.749020
v 0.079705 0.032982 0.141186 0.749020 0.749020 0.749020
v 0.078369 0.035663 0.075714 0.749020 0.749020 0.749020
v 0.078872 0.050824 0.096795 0.749020 0.749020 0.749020
v 0.078804 0.050826 0.097073 0.749020 0.749020 0.749020
v 0.078607 0.050826 0.097278 0.749020 0.749020 0.749020
v 0.077779 0.050831 0.097370 0.749020 0.749020 0.749020
v 0.078332 0.050828 0.097358 0.749020 0.749020 0.749020
v 0.078281 0.050880 0.121686 0.749020 0.749020 0.749020
v 0.078833 0.050877 0.121674 0.749020 0.749020 0.749020
v 0.079111 0.050876 0.121743 0.749020 0.749020 0.749020
v 0.079317 0.050875 0.121941 0.749020 0.749020 0.749020
v 0.079397 0.050875 0.122216 0.749020 0.749020 0.749020
v 0.077323 0.052848 0.155267 0.749020 0.749020 0.749020
v 0.079305 0.053139 0.153224 0.749020 0.749020 0.749020
v 0.079993 0.053800 0.150513 0.749020 0.749020 0.749020
v 0.066031 0.054718 0.063033 0.749020 0.749020 0.749020
v 0.072663 0.054688 0.062896 0.749020 0.749020 0.749020
v 0.067958 0.054910 0.156462 0.749020 0.749020 0.749020
v 0.074590 0.054880 0.156325 0.749020 0.749020 0.749020
v 0.066665 0.054900 0.093722 0.749020 0.749020 0.749020
v 0.066711 0.054904 0.095934 0.749020 0.749020 0.749020
v 0.067280 0.054960 0.123565 0.749020 0.749020 0.749020
v 0.067326 0.054965 0.125775 0.749020 0.749020 0.749020
v 0.075442 0.055279 0.063522 0.749020 0.749020 0.749020
v 0.066079 0.055434 0.065182 0.749020 0.749020 0.749020
v 0.076026 0.055388 0.064976 0.749020 0.749020 0.749020
v 0.067917 0.055619 0.154310 0.749020 0.749020 0.749020
v 0.077864 0.055574 0.154104 0.749020 0.749020 0.749020
v 0.077508 0.055464 0.065493 0.749020 0.749020 0.749020
v 0.078311 0.057175 0.068115 0.749020 0.749020 0.749020
v 0.077859 0.057983 0.099677 0.749020 0.749020 0.749020
v 0.078412 0.057980 0.099665 0.749020 0.749020 0.749020
v 0.078265 0.058023 0.119349 0.749020 0.749020 0.749020
v 0.078817 0.058020 0.119337 0.749020 0.749020 0.749020
v 0.078687 0.058023 0.099600 0.749020 0.749020 0.749020
v 0.079095 0.058063 0.119391 0.749020 0.749020 0.749020
v 0.078886 0.058140 0.099431 0.749020 0.749020 0.749020
v 0.079302 0.058180 0.119550 0.749020 0.749020 0.749020
v 0.078957 0.058302 0.099206 0.749020 0.749020 0.749020
v 0.079381 0.058343 0.119772 0.749020 0.749020 0.749020
v 0.061443 0.058545 0.093823 0.749020 0.749020 0.749020
v 0.061489 0.058549 0.096034 0.749020 0.749020 0.749020
v 0.062059 0.058605 0.123665 0.749020 0.749020 0.749020
v 0.062104 0.058609 0.125876 0.749020 0.749020 0.749020
v 0.078004 0.062413 0.105746 0.749020 0.749020 0.749020
v 0.078557 0.062410 0.105735 0.749020 0.749020 0.749020
v 0.078160 0.062428 0.113260 0.749020 0.749020 0.749020
v 0.078712 0.062425 0.113249 0.749020 0.749020 0.749020
v 0.078834 0.062479 0.105706 0.749020 0.749020 0.749020
v 0.078989 0.062495 0.113266 0.749020 0.749020 0.749020
v 0.079035 0.062671 0.105638 0.749020 0.749020 0.749020
v 0.079194 0.062687 0.113324 0.749020 0.749020 0.749020
v 0.079109 0.062933 0.105551 0.749020 0.749020 0.749020
v 0.079271 0.062949 0.113407 0.749020 0.749020 0.749020
v 0.057981 0.063888 0.093883 0.749020 0.749020 0.749020
v 0.058026 0.063893 0.096093 0.749020 0.749020 0.749020
v 0.058596 0.063949 0.123726 0.749020 0.749020 0.749020
v 0.058641 0.063953 0.125936 0.749020 0.749020 0.749020
v 0.056786 0.070144 0.093895 0.749020 0.749020 0.749020
v 0.056832 0.070148 0.096106 0.749020 0.749020 0.749020
v 0.057402 0.070204 0.123738 0.749020 0.749020 0.749020
v 0.057447 0.070209 0.125948 0.749020 0.749020 0.749020
v 0.080034 0.076403 0.147416 0.749020 0.749020 0.749020
v 0.079350 0.077530 0.149957 0.749020 0.749020 0.749020
v 0.077369 0.078364 0.151845 0.749020 0.749020 0.749020
v 0.078515 0.079449 0.073045 0.749020 0.749020 0.749020
v 0.066280 0.079568 0.069595 0.749020 0.749020 0.749020
v 0.076228 0.079522 0.069390 0.749020 0.749020 0.749020
v 0.067934 0.079735 0.149792 0.749020 0.749020 0.749020
v 0.077882 0.079689 0.149586 0.749020 0.749020 0.749020
v 0.077713 0.079665 0.070052 0.749020 0.749020 0.749020
v 0.066240 0.080245 0.067465 0.749020 0.749020 0.749020
v 0.072871 0.080214 0.067329 0.749020 0.749020 0.749020
v 0.067981 0.080418 0.151920 0.749020 0.749020 0.749020
v 0.074613 0.080387 0.151783 0.749020 0.749020 0.749020
v 0.075657 0.080588 0.068289 0.749020 0.749020 0.749020
v 0.056860 0.086296 0.093861 0.749020 0.749020 0.749020
v 0.076755 0.086204 0.093451 0.749020 0.749020 0.749020
v 0.056905 0.086300 0.096072 0.749020 0.749020 0.749020
v 0.077905 0.086203 0.095638 0.749020 0.749020 0.749020
v 0.057475 0.086355 0.123703 0.749020 0.749020 0.749020
v 0.078475 0.086259 0.123270 0.749020 0.749020 0.749020
v 0.057520 0.086360 0.125914 0.749020 0.749020 0.749020
v 0.077416 0.086269 0.125504 0.749020 0.749020 0.749020
v 0.079813 0.093946 0.132833 0.749020 0.749020 0.749020
v 0.056997 0.094427 0.098693 0.749020 0.749020 0.749020
v 0.077997 0.094332 0.098260 0.749020 0.749020 0.749020
v 0.057457 0.094473 0.121048 0.749020 0.749020 0.749020
v 0.078458 0.094376 0.120614 0.749020 0.749020 0.749020
v 0.056966 0.095723 0.096902 0.749020 0.749020 0.749020
v 0.076860 0.095632 0.096492 0.749020 0.749020 0.749020
v 0.057501 0.095776 0.122833 0.749020 0.749020 0.749020
v 0.077395 0.095684 0.122423 0.749020 0.749020 0.749020
v 0.078918 0.095741 0.089011 0.749020 0.749020 0.749020
v 0.079110 0.096420 0.134127 0.749020 0.749020 0.749020
v 0.078142 0.097672 0.086847 0.749020 0.749020 0.749020
v 0.066703 0.097751 0.086063 0.749020 0.749020 0.749020
v 0.076650 0.097705 0.085858 0.749020 0.749020 0.749020
v 0.067676 0.097849 0.133245 0.749020 0.749020 0.749020
v 0.077624 0.097803 0.133040 0.749020 0.749020 0.749020
v 0.077118 0.098109 0.135296 0.749020 0.749020 0.749020
v 0.057162 0.099461 0.105590 0.749020 0.749020 0.749020
v 0.078162 0.099364 0.105157 0.749020 0.749020 0.749020
v 0.057338 0.099478 0.114129 0.749020 0.749020 0.749020
v 0.078338 0.099382 0.113696 0.749020 0.749020 0.749020
v 0.076106 0.099419 0.085852 0.749020 0.749020 0.749020
v 0.066684 0.099539 0.084752 0.749020 0.749020 0.749020
v 0.073316 0.099508 0.084615 0.749020 0.749020 0.749020
v 0.067712 0.099641 0.134551 0.749020 0.749020 0.749020
v 0.074344 0.099611 0.134414 0.749020 0.749020 0.749020
v 0.079399 0.101115 0.111178 0.749020 0.749020 0.749020
v 0.057158 0.101562 0.104903 0.749020 0.749020 0.749020
v 0.077052 0.101471 0.104492 0.749020 0.749020 0.749020
v 0.057362 0.101583 0.114808 0.749020 0.749020 0.749020
v 0.077257 0.101491 0.114398 0.749020 0.749020 0.749020
v 0.078661 0.103902 0.110668 0.749020 0.749020 0.749020
v 0.067220 0.104522 0.109639 0.749020 0.749020 0.749020
v 0.077167 0.104476 0.109434 0.749020 0.749020 0.749020
v 0.076649 0.105934 0.110763 0.749020 0.749020 0.749020
v 0.067230 0.106734 0.109636 0.749020 0.749020 0.749020
v 0.073862 0.106703 0.109499 0.749020 0.749020 0.749020
v 0.025699 -0.116367 0.057244 0.000000 0.600000 0.800000
v 0.031338 -0.116375 0.065424 0.000000 0.600000 0.800000
v 0.035971 -0.116378 0.074212 0.000000 0.600000 0.800000
v 0.047695 -0.116412 0.083123 0.000000 0.600000 0.800000
v 0.039537 -0.116374 0.083485 0.000000 0.600000 0.800000
v 0.046582 -0.116407 0.083343 0.000000 0.600000 0.800000
v 0.048689 -0.116415 0.083669 0.000000 0.600000 0.800000
v 0.045871 -0.116402 0.084226 0.000000 0.600000 0.800000
v 0.049098 -0.116415 0.084727 0.000000 0.600000 0.800000
v 0.045894 -0.116399 0.085360 0.000000 0.600000 0.800000
v 0.048733 -0.116411 0.085800 0.000000 0.600000 0.800000
v 0.046642 -0.116401 0.086214 0.000000 0.600000 0.800000
v 0.047762 -0.116405 0.086388 0.000000 0.600000 0.800000
v 0.041981 -0.116365 0.093115 0.000000 0.600000 0.800000
v 0.043273 -0.116350 0.102966 0.000000 0.600000 0.800000
v 0.043394 -0.116330 0.112900 0.000000 0.600000 0.800000
v 0.042340 -0.116303 0.122779 0.000000 0.600000 0.800000
v 0.040129 -0.116273 0.132466 0.000000 0.600000 0.800000
v 0.036790 -0.116238 0.141822 0.000000 0.600000 0.800000
v 0.032370 -0.116199 0.150720 0.000000 0.600000 0.800000
v 0.026931 -0.116157 0.159034 0.000000 0.600000 0.800000
v 0.063407 -0.116317 0.161512 0.000000 0.600000 0.800000
v 0.020549 -0.116112 0.166648 0.000000 0.600000 0.800000
v 0.063005 -0.116301 0.168439 0.000000 0.600000 0.800000
v 0.024936 -0.116122 0.171248 0.000000 0.600000 0.800000
v 0.023823 -0.116117 0.171467 0.000000 0.600000 0.800000
v 0.025929 -0.116124 0.171794 0.000000 0.600000 0.800000
v 0.023112 -0.116112 0.172351 0.000000 0.600000 0.800000
v 0.026339 -0.116125 0.172853 0.000000 0.600000 0.800000
v 0.013313 -0.116064 0.173455 0.000000 0.600000 0.800000
v 0.023135 -0.116109 0.173485 0.000000 0.600000 0.800000
v 0.025974 -0.116120 0.173925 0.000000 0.600000 0.800000
v 0.023882 -0.116111 0.174339 0.000000 0.600000 0.800000
v 0.025003 -0.116115 0.174513 0.000000 0.600000 0.800000
v 0.061524 -0.116280 0.175218 0.000000 0.600000 0.800000
v 0.005324 -0.116016 0.179361 0.000000 0.600000 0.800000
v -0.079892 -0.115620 0.183210 0.000000 0.600000 0.800000
v 0.059002 -0.116254 0.181683 0.000000 0.600000 0.800000
v -0.003307 -0.115966 0.184283 0.000000 0.600000 0.800000
v -0.070852 -0.115652 0.187334 0.000000 0.600000 0.800000
v -0.012457 -0.115916 0.188152 0.000000 0.600000 0.800000
v 0.055499 -0.116225 0.187672 0.000000 0.600000 0.800000
v -0.061390 -0.115690 0.190362 0.000000 0.600000 0.800000
v -0.022001 -0.115867 0.190914 0.000000 0.600000 0.800000
v -0.051637 -0.115729 0.192253 0.000000 0.600000 0.800000
v -0.031804 -0.115818 0.192530 0.000000 0.600000 0.800000
v -0.041728 -0.115772 0.192979 0.000000 0.600000 0.800000
v 0.051103 -0.116194 0.193041 0.000000 0.600000 0.800000
v -0.062762 -0.115672 0.195599 0.000000 0.600000 0.800000
v -0.063875 -0.115666 0.195818 0.000000 0.600000 0.800000
v -0.061768 -0.115675 0.196146 0.000000 0.600000 0.800000
v -0.064585 -0.115662 0.196703 0.000000 0.600000 0.800000
v -0.061358 -0.115675 0.197204 0.000000 0.600000 0.800000
v -0.064562 -0.115659 0.197837 0.000000 0.600000 0.800000
v -0.061724 -0.115671 0.198276 0.000000 0.600000 0.800000
v -0.063815 -0.115660 0.198690 0.000000 0.600000 0.800000
v -0.062695 -0.115664 0.198865 0.000000 0.600000 0.800000
v 0.045920 -0.116160 0.197655 0.000000 0.600000 0.800000
v 0.040080 -0.116127 0.201402 0.000000 0.600000 0.800000
v 0.033726 -0.116091 0.204189 0.000000 0.600000 0.800000
v 0.027013 -0.116058 0.205947 0.000000 0.600000 0.800000
v -0.079366 -0.115568 0.208685 0.000000 0.600000 0.800000
v 0.020108 -0.116024 0.206634 0.000000 0.600000 0.800000
v 0.065524 -0.115906 0.161467 0.000000 0.600000 0.800000
v 0.065102 -0.115889 0.168726 0.000000 0.600000 0.800000
v 0.063551 -0.115866 0.175830 0.000000 0.600000 0.800000
v 0.060908 -0.115840 0.182603 0.000000 0.600000 0.800000
v 0.057238 -0.115811 0.188880 0.000000 0.600000 0.800000
v 0.052631 -0.115777 0.194504 0.000000 0.600000 0.800000
v 0.047200 -0.115743 0.199339 0.000000 0.600000 0.800000
v 0.041081 -0.115706 0.203265 0.000000 0.600000 0.800000
v 0.034422 -0.115669 0.206186 0.000000 0.600000 0.800000
v 0.027388 -0.115634 0.208028 0.000000 0.600000 0.800000
v -0.079320 -0.115143 0.210799 0.000000 0.600000 0.800000
v 0.020154 -0.115600 0.208748 0.000000 0.600000 0.800000
v 0.065156 -0.114929 0.056427 0.000000 0.600000 0.800000
v 0.067322 -0.114716 0.161428 0.000000 0.600000 0.800000
v 0.066885 -0.114697 0.168967 0.000000 0.600000 0.800000
v 0.065273 -0.114675 0.176346 0.000000 0.600000 0.800000
v 0.062528 -0.114648 0.183382 0.000000 0.600000 0.800000
v 0.058715 -0.114617 0.189901 0.000000 0.600000 0.800000
v 0.053930 -0.114582 0.195744 0.000000 0.600000 0.800000
v 0.048289 -0.114546 0.200766 0.000000 0.600000 0.800000
v 0.041933 -0.114509 0.204844 0.000000 0.600000 0.800000
v 0.035016 -0.114471 0.207877 0.000000 0.600000 0.800000
v 0.027711 -0.114433 0.209791 0.000000 0.600000 0.800000
v -0.079278 -0.113941 0.212589 0.000000 0.600000 0.800000
v 0.020195 -0.114397 0.210539 0.000000 0.600000 0.800000
v 0.027352 -0.114160 0.059417 0.000000 0.600000 0.800000
v 0.061297 -0.114314 0.058717 0.000000 0.600000 0.800000
v 0.032882 -0.114166 0.068062 0.000000 0.600000 0.800000
v 0.037318 -0.114167 0.077316 0.000000 0.600000 0.800000
v 0.047129 -0.114199 0.083130 0.000000 0.600000 0.800000
v 0.048250 -0.114204 0.083304 0.000000 0.600000 0.800000
v 0.046159 -0.114193 0.083717 0.000000 0.600000 0.800000
v 0.048997 -0.114204 0.084157 0.000000 0.600000 0.800000
v 0.045793 -0.114188 0.084791 0.000000 0.600000 0.800000
v 0.049020 -0.114202 0.085292 0.000000 0.600000 0.800000
v 0.046203 -0.114189 0.085848 0.000000 0.600000 0.800000
v 0.048309 -0.114198 0.086175 0.000000 0.600000 0.800000
v 0.047196 -0.114192 0.086395 0.000000 0.600000 0.800000
v 0.040592 -0.114161 0.087042 0.000000 0.600000 0.800000
v 0.042657 -0.114149 0.097094 0.000000 0.600000 0.800000
v 0.043481 -0.114130 0.107323 0.000000 0.600000 0.800000
v 0.043052 -0.114107 0.117577 0.000000 0.600000 0.800000
v 0.041377 -0.114078 0.127701 0.000000 0.600000 0.800000
v 0.038480 -0.114044 0.137547 0.000000 0.600000 0.800000
v 0.034404 -0.114006 0.146965 0.000000 0.600000 0.800000
v 0.029211 -0.113962 0.155817 0.000000 0.600000 0.800000
v 0.063416 -0.114106 0.161508 0.000000 0.600000 0.800000
v 0.022978 -0.113918 0.163968 0.000000 0.600000 0.800000
v 0.063015 -0.114090 0.168435 0.000000 0.600000 0.800000
v 0.015798 -0.113869 0.171301 0.000000 0.600000 0.800000
v 0.024370 -0.113908 0.171254 0.000000 0.600000 0.800000
v 0.025491 -0.113913 0.171428 0.000000 0.600000 0.800000
v 0.023399 -0.113903 0.171842 0.000000 0.600000 0.800000
v 0.026238 -0.113915 0.172282 0.000000 0.600000 0.800000
v 0.023034 -0.113898 0.172916 0.000000 0.600000 0.800000
v 0.026261 -0.113913 0.173416 0.000000 0.600000 0.800000
v 0.023444 -0.113898 0.173973 0.000000 0.600000 0.800000
v 0.025550 -0.113907 0.174300 0.000000 0.600000 0.800000
v 0.024437 -0.113901 0.174520 0.000000 0.600000 0.800000
v 0.061535 -0.114069 0.175213 0.000000 0.600000 0.800000
v 0.007777 -0.113819 0.177702 0.000000 0.600000 0.800000
v -0.079882 -0.113409 0.183205 0.000000 0.600000 0.800000
v 0.059012 -0.114043 0.181678 0.000000 0.600000 0.800000
v -0.000964 -0.113768 0.183079 0.000000 0.600000 0.800000
v -0.070536 -0.113442 0.187447 0.000000 0.600000 0.800000
v -0.010295 -0.113717 0.187351 0.000000 0.600000 0.800000
v 0.055509 -0.114015 0.187668 0.000000 0.600000 0.800000
v -0.060744 -0.113481 0.190518 0.000000 0.600000 0.800000
v -0.020077 -0.113666 0.190453 0.000000 0.600000 0.800000
v -0.050651 -0.113522 0.192372 0.000000 0.600000 0.800000
v -0.030165 -0.113616 0.192339 0.000000 0.600000 0.800000
v -0.040406 -0.113568 0.192982 0.000000 0.600000 0.800000
v 0.051113 -0.113983 0.193036 0.000000 0.600000 0.800000
v -0.063328 -0.113458 0.195606 0.000000 0.600000 0.800000
v -0.062207 -0.113463 0.195780 0.000000 0.600000 0.800000
v -0.064298 -0.113453 0.196194 0.000000 0.600000 0.800000
v -0.061460 -0.113465 0.196633 0.000000 0.600000 0.800000
v -0.064664 -0.113448 0.197267 0.000000 0.600000 0.800000
v -0.061437 -0.113463 0.197767 0.000000 0.600000 0.800000
v -0.064254 -0.113448 0.198325 0.000000 0.600000 0.800000
v -0.062148 -0.113457 0.198652 0.000000 0.600000 0.800000
v -0.063260 -0.113451 0.198871 0.000000 0.600000 0.800000
v 0.045930 -0.113949 0.197651 0.000000 0.600000 0.800000
v 0.040090 -0.113916 0.201398 0.000000 0.600000 0.800000
v 0.033736 -0.113880 0.204184 0.000000 0.600000 0.800000
v 0.027023 -0.113846 0.205943 0.000000 0.600000 0.800000
v -0.079356 -0.113358 0.208680 0.000000 0.600000 0.800000
v 0.020118 -0.113813 0.206630 0.000000 0.600000 0.800000
v 0.062957 -0.113878 0.058681 0.000000 0.600000 0.800000
v 0.065077 -0.113669 0.161472 0.000000 0.600000 0.800000
v 0.064660 -0.113652 0.168659 0.000000 0.600000 0.800000
v 0.063124 -0.113630 0.175692 0.000000 0.600000 0.800000
v 0.060507 -0.113604 0.182400 0.000000 0.600000 0.800000
v 0.056872 -0.113574 0.188614 0.000000 0.600000 0.800000
v 0.052311 -0.113542 0.194184 0.000000 0.600000 0.800000
v 0.046934 -0.113507 0.198971 0.000000 0.600000 0.800000
v 0.040874 -0.113471 0.202859 0.000000 0.600000 0.800000
v 0.034282 -0.113435 0.205749 0.000000 0.600000 0.800000
v 0.027318 -0.113400 0.207574 0.000000 0.600000 0.800000
v -0.079320 -0.112910 0.210337 0.000000 0.600000 0.800000
v 0.020154 -0.113365 0.208287 0.000000 0.600000 0.800000
v 0.066362 -0.113142 0.056398 0.000000 0.600000 0.800000
v 0.068527 -0.112928 0.161400 0.000000 0.600000 0.800000
v 0.068080 -0.112910 0.169127 0.000000 0.600000 0.800000
v 0.066428 -0.112887 0.176689 0.000000 0.600000 0.800000
v 0.063614 -0.112858 0.183900 0.000000 0.600000 0.800000
v 0.059707 -0.112826 0.190581 0.000000 0.600000 0.800000
v 0.054803 -0.112792 0.196569 0.000000 0.600000 0.800000
v 0.049021 -0.112753 0.201717 0.000000 0.600000 0.800000
v 0.042507 -0.112715 0.205896 0.000000 0.600000 0.800000
v 0.035418 -0.112677 0.209005 0.000000 0.600000 0.800000
v 0.027931 -0.112638 0.210967 0.000000 0.600000 0.800000
v -0.079245 -0.112146 0.213783 0.000000 0.600000 0.800000
v 0.020229 -0.112602 0.211733 0.000000 0.600000 0.800000
v 0.064176 -0.112670 0.058654 0.000000 0.600000 0.800000
v 0.066296 -0.112461 0.161445 0.000000 0.600000 0.800000
v 0.065868 -0.112443 0.168822 0.000000 0.600000 0.800000
v 0.064292 -0.112421 0.176041 0.000000 0.600000 0.800000
v 0.061605 -0.112394 0.182925 0.000000 0.600000 0.800000
v 0.057874 -0.112363 0.189305 0.000000 0.600000 0.800000
v 0.053192 -0.112330 0.195021 0.000000 0.600000 0.800000
v 0.047673 -0.112295 0.199935 0.000000 0.600000 0.800000
v 0.041454 -0.112258 0.203926 0.000000 0.600000 0.800000
v 0.034687 -0.112221 0.206893 0.000000 0.600000 0.800000
v 0.027538 -0.112185 0.208766 0.000000 0.600000 0.800000
v -0.079289 -0.111693 0.211548 0.000000 0.600000 0.800000
v 0.020184 -0.112149 0.209498 0.000000 0.600000 0.800000
v 0.066793 -0.111028 0.056385 0.000000 0.600000 0.800000
v 0.064628 -0.111013 0.058641 0.000000 0.600000 0.800000
v 0.066748 -0.110804 0.161433 0.000000 0.600000 0.800000
v 0.068958 -0.110815 0.161387 0.000000 0.600000 0.800000
v 0.066316 -0.110787 0.168879 0.000000 0.600000 0.800000
v 0.068506 -0.110796 0.169180 0.000000 0.600000 0.800000
v 0.064724 -0.110764 0.176167 0.000000 0.600000 0.800000
v 0.066840 -0.110772 0.176806 0.000000 0.600000 0.800000
v 0.062013 -0.110737 0.183115 0.000000 0.600000 0.800000
v 0.064003 -0.110745 0.184078 0.000000 0.600000 0.800000
v 0.058247 -0.110707 0.189555 0.000000 0.600000 0.800000
v 0.060062 -0.110712 0.190817 0.000000 0.600000 0.800000
v 0.053520 -0.110673 0.195326 0.000000 0.600000 0.800000
v 0.055116 -0.110677 0.196857 0.000000 0.600000 0.800000
v 0.047949 -0.110637 0.200286 0.000000 0.600000 0.800000
v 0.049286 -0.110640 0.202048 0.000000 0.600000 0.800000
v 0.041671 -0.110600 0.204314 0.000000 0.600000 0.800000
v 0.042715 -0.110601 0.206263 0.000000 0.600000 0.800000
v 0.034840 -0.110562 0.207310 0.000000 0.600000 0.800000
v 0.027624 -0.110526 0.209200 0.000000 0.600000 0.800000
v 0.035566 -0.110561 0.209398 0.000000 0.600000 0.800000
v -0.079273 -0.110034 0.211989 0.000000 0.600000 0.800000
v 0.020201 -0.110490 0.209938 0.000000 0.600000 0.800000
v 0.028014 -0.110523 0.211377 0.000000 0.600000 0.800000
v -0.079227 -0.110030 0.214199 0.000000 0.600000 0.800000
v 0.020246 -0.110485 0.212149 0.000000 0.600000 0.800000
v 0.060251 -0.108659 0.113978 0.000000 0.600000 0.800000
v 0.065777 -0.108685 0.113864 0.000000 0.600000 0.800000
v 0.060090 -0.108657 0.106225 0.000000 0.600000 0.800000
v 0.065617 -0.108682 0.106111 0.000000 0.600000 0.800000
v 0.060414 -0.107444 0.121635 0.000000 0.600000 0.800000
v 0.065940 -0.107469 0.121521 0.000000 0.600000 0.800000
v 0.059939 -0.107435 0.098569 0.000000 0.600000 0.800000
v 0.065465 -0.107461 0.098456 0.000000 0.600000 0.800000
v 0.060257 -0.106454 0.113817 0.000000 0.600000 0.800000
v 0.067994 -0.106489 0.113658 0.000000 0.600000 0.800000
v 0.060103 -0.106446 0.106327 0.000000 0.600000 0.800000
v 0.067840 -0.106482 0.106168 0.000000 0.600000 0.800000
v 0.060415 -0.105271 0.121213 0.000000 0.600000 0.800000
v 0.068152 -0.105306 0.121054 0.000000 0.600000 0.800000
v 0.059956 -0.105248 0.098932 0.000000 0.600000 0.800000
v 0.067693 -0.105283 0.098773 0.000000 0.600000 0.800000
v 0.060577 -0.105041 0.129005 0.000000 0.600000 0.800000
v 0.066104 -0.105066 0.128891 0.000000 0.600000 0.800000
v 0.059797 -0.105026 0.091201 0.000000 0.600000 0.800000
v 0.065324 -0.105052 0.091086 0.000000 0.600000 0.800000
v 0.060573 -0.102928 0.128328 0.000000 0.600000 0.800000
v 0.068309 -0.102963 0.128167 0.000000 0.600000 0.800000
v 0.059820 -0.102889 0.091824 0.000000 0.600000 0.800000
v 0.067558 -0.102925 0.091664 0.000000 0.600000 0.800000
v 0.060736 -0.101508 0.135906 0.000000 0.600000 0.800000
v 0.066262 -0.101534 0.135792 0.000000 0.600000 0.800000
v 0.059671 -0.101489 0.084302 0.000000 0.600000 0.800000
v 0.065198 -0.101514 0.084188 0.000000 0.600000 0.800000
v 0.060726 -0.099482 0.134978 0.000000 0.600000 0.800000
v 0.068462 -0.099518 0.134819 0.000000 0.600000 0.800000
v 0.059699 -0.099431 0.085179 0.000000 0.600000 0.800000
v 0.067436 -0.099467 0.085020 0.000000 0.600000 0.800000
v 0.044796 -0.097103 0.059022 0.000000 0.600000 0.800000
v 0.060885 -0.096935 0.142166 0.000000 0.600000 0.800000
v 0.066411 -0.096960 0.142052 0.000000 0.600000 0.800000
v 0.059563 -0.096911 0.078044 0.000000 0.600000 0.800000
v 0.065090 -0.096936 0.077931 0.000000 0.600000 0.800000
v 0.043128 -0.096573 0.056844 0.000000 0.600000 0.800000
v 0.046377 -0.096588 0.056777 0.000000 0.600000 0.800000
v 0.043174 -0.096569 0.059054 0.000000 0.600000 0.800000
v 0.046422 -0.096583 0.058987 0.000000 0.600000 0.800000
v 0.025793 -0.095646 0.057200 0.000000 0.600000 0.800000
v 0.042132 -0.095186 0.056862 0.000000 0.600000 0.800000
v 0.047388 -0.095211 0.056753 0.000000 0.600000 0.800000
v 0.042177 -0.095182 0.059072 0.000000 0.600000 0.800000
v 0.047432 -0.095206 0.058964 0.000000 0.600000 0.800000
v 0.060870 -0.095023 0.140997 0.000000 0.600000 0.800000
v 0.068607 -0.095059 0.140838 0.000000 0.600000 0.800000
v 0.059596 -0.094959 0.079168 0.000000 0.600000 0.800000
v 0.067333 -0.094995 0.079009 0.000000 0.600000 0.800000
v 0.026021 -0.094158 0.057192 0.000000 0.600000 0.800000
v 0.042184 -0.093473 0.059069 0.000000 0.600000 0.800000
v 0.047440 -0.093498 0.058960 0.000000 0.600000 0.800000
v 0.026685 -0.093082 0.058177 0.000000 0.600000 0.800000
v 0.026657 -0.092973 0.058041 0.000000 0.600000 0.800000
v 0.026574 -0.092757 0.057177 0.000000 0.600000 0.800000
v 0.026659 -0.092636 0.057554 0.000000 0.600000 0.800000
v 0.027451 -0.092418 0.059370 0.000000 0.600000 0.800000
v 0.046397 -0.092116 0.056768 0.000000 0.600000 0.800000
v 0.043194 -0.092097 0.059044 0.000000 0.600000 0.800000
v 0.046443 -0.092111 0.058978 0.000000 0.600000 0.800000
v 0.044775 -0.091580 0.056799 0.000000 0.600000 0.800000
v 0.044821 -0.091575 0.059010 0.000000 0.600000 0.800000
v 0.061023 -0.091435 0.147630 0.000000 0.600000 0.800000
v 0.066550 -0.091460 0.147516 0.000000 0.600000 0.800000
v 0.059476 -0.091407 0.072583 0.000000 0.600000 0.800000
v 0.065003 -0.091432 0.072469 0.000000 0.600000 0.800000
v 0.061002 -0.089664 0.146231 0.000000 0.600000 0.800000
v 0.068739 -0.089699 0.146071 0.000000 0.600000 0.800000
v 0.028154 -0.089689 0.059350 0.000000 0.600000 0.800000
v 0.059512 -0.089590 0.073945 0.000000 0.600000 0.800000
v 0.067249 -0.089626 0.073786 0.000000 0.600000 0.800000
v 0.061145 -0.085144 0.152162 0.000000 0.600000 0.800000
v 0.066672 -0.085170 0.152049 0.000000 0.600000 0.800000
v 0.059412 -0.085113 0.068054 0.000000 0.600000 0.800000
v 0.064938 -0.085138 0.067941 0.000000 0.600000 0.800000
v 0.061119 -0.083540 0.150546 0.000000 0.600000 0.800000
v 0.068856 -0.083576 0.150386 0.000000 0.600000 0.800000
v 0.059452 -0.083458 0.069641 0.000000 0.600000 0.800000
v 0.067189 -0.083493 0.069481 0.000000 0.600000 0.800000
v 0.061249 -0.078219 0.155650 0.000000 0.600000 0.800000
v 0.066776 -0.078245 0.155536 0.000000 0.600000 0.800000
v 0.033290 -0.078253 0.057010 0.000000 0.600000 0.800000
v 0.059372 -0.078186 0.064571 0.000000 0.600000 0.800000
v 0.064898 -0.078211 0.064457 0.000000 0.600000 0.800000
v 0.061218 -0.076809 0.153834 0.000000 0.600000 0.800000
v 0.068955 -0.076845 0.153674 0.000000 0.600000 0.800000
v 0.059416 -0.076720 0.066366 0.000000 0.600000 0.800000
v 0.067153 -0.076756 0.066206 0.000000 0.600000 0.800000
v 0.034415 -0.075605 0.059193 0.000000 0.600000 0.800000
v 0.050421 -0.075345 0.058862 0.000000 0.600000 0.800000
v 0.049809 -0.075247 0.056663 0.000000 0.600000 0.800000
v 0.050943 -0.075252 0.056640 0.000000 0.600000 0.800000
v 0.049357 -0.074953 0.058883 0.000000 0.600000 0.800000
v 0.051489 -0.074961 0.058840 0.000000 0.600000 0.800000
v 0.051815 -0.074527 0.056620 0.000000 0.600000 0.800000
v 0.048795 -0.073967 0.058893 0.000000 0.600000 0.800000
v 0.052060 -0.073982 0.058825 0.000000 0.600000 0.800000
v 0.052017 -0.073411 0.056614 0.000000 0.600000 0.800000
v 0.048997 -0.072851 0.058887 0.000000 0.600000 0.800000
v 0.051868 -0.072865 0.058827 0.000000 0.600000 0.800000
v 0.049324 -0.072416 0.056667 0.000000 0.600000 0.800000
v 0.051455 -0.072426 0.056624 0.000000 0.600000 0.800000
v 0.049869 -0.072126 0.058867 0.000000 0.600000 0.800000
v 0.051003 -0.072131 0.058843 0.000000 0.600000 0.800000
v 0.061332 -0.070832 0.158006 0.000000 0.600000 0.800000
v 0.066858 -0.070857 0.157892 0.000000 0.600000 0.800000
v 0.059358 -0.070797 0.062219 0.000000 0.600000 0.800000
v 0.064884 -0.070822 0.062105 0.000000 0.600000 0.800000
v 0.061296 -0.069641 0.156010 0.000000 0.600000 0.800000
v 0.069033 -0.069676 0.155850 0.000000 0.600000 0.800000
v 0.059404 -0.069547 0.064203 0.000000 0.600000 0.800000
v 0.067141 -0.069582 0.064044 0.000000 0.600000 0.800000
v 0.061391 -0.063167 0.159173 0.000000 0.600000 0.800000
v 0.066917 -0.063192 0.159058 0.000000 0.600000 0.800000
v 0.038856 -0.063269 0.056864 0.000000 0.600000 0.800000
v 0.059368 -0.063130 0.061057 0.000000 0.600000 0.800000
v 0.064895 -0.063156 0.060943 0.000000 0.600000 0.800000
v 0.061350 -0.062217 0.157018 0.000000 0.600000 0.800000
v 0.069088 -0.062253 0.156859 0.000000 0.600000 0.800000
v 0.059417 -0.062122 0.063208 0.000000 0.600000 0.800000
v 0.067154 -0.062157 0.063049 0.000000 0.600000 0.800000
v 0.039600 -0.061091 0.059056 0.000000 0.600000 0.800000
v 0.061425 -0.055413 0.159121 0.000000 0.600000 0.800000
v 0.066951 -0.055438 0.159006 0.000000 0.600000 0.800000
v 0.059405 -0.055377 0.061114 0.000000 0.600000 0.800000
v 0.064932 -0.055402 0.061000 0.000000 0.600000 0.800000
v 0.061381 -0.054727 0.156835 0.000000 0.600000 0.800000
v 0.069118 -0.054763 0.156675 0.000000 0.600000 0.800000
v 0.059456 -0.054632 0.063406 0.000000 0.600000 0.800000
v 0.067193 -0.054667 0.063246 0.000000 0.600000 0.800000
v 0.043236 -0.047897 0.056742 0.000000 0.600000 0.800000
v 0.061434 -0.047763 0.157851 0.000000 0.600000 0.800000
v 0.066960 -0.047789 0.157736 0.000000 0.600000 0.800000
v 0.059467 -0.047728 0.062387 0.000000 0.600000 0.800000
v 0.064993 -0.047753 0.062274 0.000000 0.600000 0.800000
v 0.061387 -0.047362 0.155463 0.000000 0.600000 0.800000
v 0.069124 -0.047398 0.155303 0.000000 0.600000 0.800000
v 0.059518 -0.047270 0.064791 0.000000 0.600000 0.800000
v 0.067255 -0.047305 0.064632 0.000000 0.600000 0.800000
v 0.043680 -0.046226 0.058942 0.000000 0.600000 0.800000
v 0.061417 -0.040409 0.155395 0.000000 0.600000 0.800000
v 0.066944 -0.040434 0.155281 0.000000 0.600000 0.800000
v 0.061367 -0.040308 0.152939 0.000000 0.600000 0.800000
v 0.069103 -0.040344 0.152779 0.000000 0.600000 0.800000
v 0.059551 -0.040375 0.064847 0.000000 0.600000 0.800000
v 0.065078 -0.040400 0.064734 0.000000 0.600000 0.800000
v 0.059603 -0.040221 0.067329 0.000000 0.600000 0.800000
v 0.067339 -0.040257 0.067170 0.000000 0.600000 0.800000
v 0.061323 -0.033746 0.149325 0.000000 0.600000 0.800000
v 0.069060 -0.033781 0.149166 0.000000 0.600000 0.800000
v 0.061375 -0.033530 0.151815 0.000000 0.600000 0.800000
v 0.066901 -0.033556 0.151700 0.000000 0.600000 0.800000
v 0.059708 -0.033666 0.070955 0.000000 0.600000 0.800000
v 0.067445 -0.033701 0.070795 0.000000 0.600000 0.800000
v 0.059657 -0.033499 0.068432 0.000000 0.600000 0.800000
v 0.065182 -0.033525 0.068318 0.000000 0.600000 0.800000
v 0.046405 -0.032230 0.056646 0.000000 0.600000 0.800000
v 0.046630 -0.031098 0.058851 0.000000 0.600000 0.800000
v 0.061255 -0.027841 0.144715 0.000000 0.600000 0.800000
v 0.068992 -0.027876 0.144556 0.000000 0.600000 0.800000
v 0.059830 -0.027770 0.075576 0.000000 0.600000 0.800000
v 0.067567 -0.027806 0.075416 0.000000 0.600000 0.800000
v 0.061309 -0.027301 0.147198 0.000000 0.600000 0.800000
v 0.066835 -0.027326 0.147084 0.000000 0.600000 0.800000
v 0.059780 -0.027274 0.073052 0.000000 0.600000 0.800000
v 0.065306 -0.027299 0.072937 0.000000 0.600000 0.800000
v 0.061165 -0.022743 0.139225 0.000000 0.600000 0.800000
v 0.068902 -0.022779 0.139066 0.000000 0.600000 0.800000
v 0.059967 -0.022684 0.081074 0.000000 0.600000 0.800000
v 0.067704 -0.022720 0.080915 0.000000 0.600000 0.800000
v 0.061219 -0.021874 0.141660 0.000000 0.600000 0.800000
v 0.066745 -0.021900 0.141546 0.000000 0.600000 0.800000
v 0.059920 -0.021851 0.078593 0.000000 0.600000 0.800000
v 0.065445 -0.021876 0.078479 0.000000 0.600000 0.800000
v 0.061055 -0.018584 0.132995 0.000000 0.600000 0.800000
v 0.068792 -0.018619 0.132836 0.000000 0.600000 0.800000
v 0.060114 -0.018537 0.087312 0.000000 0.600000 0.800000
v 0.067851 -0.018572 0.087153 0.000000 0.600000 0.800000
v 0.061109 -0.017385 0.135338 0.000000 0.600000 0.800000
v 0.066636 -0.017410 0.135225 0.000000 0.600000 0.800000
v 0.060070 -0.017366 0.084916 0.000000 0.600000 0.800000
v 0.065597 -0.017392 0.084802 0.000000 0.600000 0.800000
v 0.048344 -0.016364 0.056574 0.000000 0.600000 0.800000
v 0.048435 -0.015790 0.058782 0.000000 0.600000 0.800000
v 0.060929 -0.015468 0.126183 0.000000 0.600000 0.800000
v 0.068666 -0.015503 0.126024 0.000000 0.600000 0.800000
v 0.060269 -0.015435 0.094130 0.000000 0.600000 0.800000
v 0.068006 -0.015471 0.093971 0.000000 0.600000 0.800000
v 0.060982 -0.013945 0.128390 0.000000 0.600000 0.800000
v 0.066509 -0.013970 0.128277 0.000000 0.600000 0.800000
v 0.060229 -0.013931 0.091866 0.000000 0.600000 0.800000
v 0.065755 -0.013956 0.091752 0.000000 0.600000 0.800000
v 0.060276 -0.013926 0.094127 0.000000 0.600000 0.800000
v 0.065802 -0.013951 0.094013 0.000000 0.600000 0.800000
v 0.048817 -0.002748 0.072225 0.000000 0.600000 0.800000
v 0.065397 -0.002825 0.071883 0.000000 0.600000 0.800000
v 0.046711 -0.002737 0.072690 0.000000 0.600000 0.800000
v 0.044944 -0.002727 0.073925 0.000000 0.600000 0.800000
v 0.043782 -0.002719 0.075743 0.000000 0.600000 0.800000
v 0.043406 -0.002712 0.077866 0.000000 0.600000 0.800000
v 0.043633 -0.002689 0.088919 0.000000 0.600000 0.800000
v 0.044098 -0.002687 0.091025 0.000000 0.600000 0.800000
v 0.045333 -0.002689 0.092793 0.000000 0.600000 0.800000
v 0.047150 -0.002695 0.093954 0.000000 0.600000 0.800000
v 0.049274 -0.002704 0.094332 0.000000 0.600000 0.800000
v 0.065853 -0.002779 0.093990 0.000000 0.600000 0.800000
v 0.049973 -0.002635 0.128238 0.000000 0.600000 0.800000
v 0.061026 -0.002686 0.128010 0.000000 0.600000 0.800000
v 0.061033 -0.002685 0.128367 0.000000 0.600000 0.800000
v 0.066560 -0.002710 0.128253 0.000000 0.600000 0.800000
v 0.047867 -0.002624 0.128702 0.000000 0.600000 0.800000
v 0.046099 -0.002614 0.129938 0.000000 0.600000 0.800000
v 0.044938 -0.002605 0.131755 0.000000 0.600000 0.800000
v 0.044561 -0.002598 0.133879 0.000000 0.600000 0.800000
v 0.055349 -0.002645 0.134788 0.000000 0.600000 0.800000
v 0.056470 -0.002650 0.134961 0.000000 0.600000 0.800000
v 0.054379 -0.002640 0.135374 0.000000 0.600000 0.800000
v 0.057216 -0.002652 0.135814 0.000000 0.600000 0.800000
v 0.054012 -0.002636 0.136448 0.000000 0.600000 0.800000
v 0.057240 -0.002650 0.136948 0.000000 0.600000 0.800000
v 0.054422 -0.002635 0.137506 0.000000 0.600000 0.800000
v 0.056529 -0.002644 0.137832 0.000000 0.600000 0.800000
v 0.055416 -0.002639 0.138053 0.000000 0.600000 0.800000
v 0.044675 -0.002587 0.139405 0.000000 0.600000 0.800000
v 0.045139 -0.002585 0.141511 0.000000 0.600000 0.800000
v 0.046374 -0.002586 0.143279 0.000000 0.600000 0.800000
v 0.048191 -0.002593 0.144440 0.000000 0.600000 0.800000
v 0.050315 -0.002601 0.144817 0.000000 0.600000 0.800000
v 0.066894 -0.002677 0.144475 0.000000 0.600000 0.800000
v -0.057132 -0.002019 0.189198 0.000000 0.600000 0.800000
v -0.051605 -0.002044 0.189084 0.000000 0.600000 0.800000
v -0.059239 -0.002009 0.189662 0.000000 0.600000 0.800000
v -0.049482 -0.002053 0.189461 0.000000 0.600000 0.800000
v -0.061006 -0.001998 0.190897 0.000000 0.600000 0.800000
v -0.047664 -0.002059 0.190622 0.000000 0.600000 0.800000
v -0.062168 -0.001989 0.192714 0.000000 0.600000 0.800000
v -0.046429 -0.002061 0.192390 0.000000 0.600000 0.800000
v -0.062544 -0.001983 0.194838 0.000000 0.600000 0.800000
v -0.045965 -0.002058 0.194496 0.000000 0.600000 0.800000
v -0.054462 -0.002011 0.198567 0.000000 0.600000 0.800000
v -0.053342 -0.002016 0.198741 0.000000 0.600000 0.800000
v -0.055433 -0.002006 0.199154 0.000000 0.600000 0.800000
v -0.052595 -0.002017 0.199595 0.000000 0.600000 0.800000
v -0.055799 -0.002002 0.200228 0.000000 0.600000 0.800000
v -0.052571 -0.002015 0.200729 0.000000 0.600000 0.800000
v -0.055389 -0.002001 0.201285 0.000000 0.600000 0.800000
v -0.053282 -0.002010 0.201612 0.000000 0.600000 0.800000
v -0.054395 -0.002004 0.201833 0.000000 0.600000 0.800000
v -0.062202 -0.001949 0.211417 0.000000 0.600000 0.800000
v -0.045623 -0.002025 0.211075 0.000000 0.600000 0.800000
v 0.049039 -0.000395 0.056527 0.000000 0.600000 0.800000
v 0.049085 -0.000390 0.058738 0.000000 0.600000 0.800000
v 0.048843 0.002779 0.072214 0.000000 0.600000 0.800000
v 0.065422 0.002703 0.071872 0.000000 0.600000 0.800000
v 0.046737 0.002790 0.072678 0.000000 0.600000 0.800000
v 0.044969 0.002800 0.073913 0.000000 0.600000 0.800000
v 0.043808 0.002809 0.075730 0.000000 0.600000 0.800000
v 0.043431 0.002816 0.077854 0.000000 0.600000 0.800000
v 0.043659 0.002838 0.088907 0.000000 0.600000 0.800000
v 0.044123 0.002840 0.091012 0.000000 0.600000 0.800000
v 0.045358 0.002838 0.092781 0.000000 0.600000 0.800000
v 0.047175 0.002832 0.093942 0.000000 0.600000 0.800000
v 0.049298 0.002824 0.094319 0.000000 0.600000 0.800000
v 0.065878 0.002748 0.093977 0.000000 0.600000 0.800000
v 0.049998 0.002893 0.128227 0.000000 0.600000 0.800000
v 0.061051 0.002843 0.127999 0.000000 0.600000 0.800000
v 0.061058 0.002843 0.128355 0.000000 0.600000 0.800000
v 0.066584 0.002817 0.128241 0.000000 0.600000 0.800000
v 0.047892 0.002904 0.128691 0.000000 0.600000 0.800000
v 0.046123 0.002914 0.129926 0.000000 0.600000 0.800000
v 0.044963 0.002922 0.131743 0.000000 0.600000 0.800000
v 0.044586 0.002930 0.133867 0.000000 0.600000 0.800000
v 0.055374 0.002882 0.134775 0.000000 0.600000 0.800000
v 0.056495 0.002877 0.134949 0.000000 0.600000 0.800000
v 0.054403 0.002888 0.135363 0.000000 0.600000 0.800000
v 0.057241 0.002876 0.135803 0.000000 0.600000 0.800000
v 0.054037 0.002892 0.136436 0.000000 0.600000 0.800000
v 0.057265 0.002878 0.136937 0.000000 0.600000 0.800000
v 0.054447 0.002892 0.137494 0.000000 0.600000 0.800000
v 0.056555 0.002884 0.137821 0.000000 0.600000 0.800000
v 0.055441 0.002889 0.138041 0.000000 0.600000 0.800000
v 0.044700 0.002940 0.139393 0.000000 0.600000 0.800000
v 0.045164 0.002943 0.141499 0.000000 0.600000 0.800000
v 0.046399 0.002940 0.143267 0.000000 0.600000 0.800000
v 0.048216 0.002935 0.144428 0.000000 0.600000 0.800000
v 0.050340 0.002927 0.144806 0.000000 0.600000 0.800000
v 0.066919 0.002850 0.144464 0.000000 0.600000 0.800000
v -0.057107 0.003509 0.189186 0.000000 0.600000 0.800000
v -0.051580 0.003483 0.189072 0.000000 0.600000 0.800000
v -0.059214 0.003519 0.189650 0.000000 0.600000 0.800000
v -0.049457 0.003475 0.189449 0.000000 0.600000 0.800000
v -0.060981 0.003530 0.190886 0.000000 0.600000 0.800000
v -0.047639 0.003469 0.190611 0.000000 0.600000 0.800000
v -0.062142 0.003539 0.192703 0.000000 0.600000 0.800000
v -0.046405 0.003467 0.192378 0.000000 0.600000 0.800000
v -0.062519 0.003545 0.194827 0.000000 0.600000 0.800000
v -0.045940 0.003469 0.194485 0.000000 0.600000 0.800000
v -0.054437 0.003516 0.198555 0.000000 0.600000 0.800000
v -0.053317 0.003511 0.198729 0.000000 0.600000 0.800000
v -0.055408 0.003522 0.199142 0.000000 0.600000 0.800000
v -0.052570 0.003509 0.199583 0.000000 0.600000 0.800000
v -0.055774 0.003526 0.200216 0.000000 0.600000 0.800000
v -0.052546 0.003512 0.200717 0.000000 0.600000 0.800000
v -0.055364 0.003527 0.201274 0.000000 0.600000 0.800000
v -0.053257 0.003517 0.201601 0.000000 0.600000 0.800000
v -0.054370 0.003523 0.201821 0.000000 0.600000 0.800000
v -0.062177 0.003578 0.211406 0.000000 0.600000 0.800000
v -0.045598 0.003503 0.211064 0.000000 0.600000 0.800000
v 0.061109 0.014181 0.128331 0.000000 0.600000 0.800000
v 0.066636 0.014156 0.128217 0.000000 0.600000 0.800000
v 0.060340 0.014375 0.090931 0.000000 0.600000 0.800000
v 0.065866 0.014350 0.090817 0.000000 0.600000 0.800000
v 0.060404 0.014381 0.094067 0.000000 0.600000 0.800000
v 0.065930 0.014355 0.093953 0.000000 0.600000 0.800000
v 0.048576 0.015015 0.058716 0.000000 0.600000 0.800000
v 0.060410 0.015532 0.094064 0.000000 0.600000 0.800000
v 0.068146 0.015496 0.093905 0.000000 0.600000 0.800000
v 0.048488 0.015580 0.056506 0.000000 0.600000 0.800000
v 0.061071 0.015695 0.126117 0.000000 0.600000 0.800000
v 0.068808 0.015659 0.125958 0.000000 0.600000 0.800000
v 0.061268 0.017636 0.135241 0.000000 0.600000 0.800000
v 0.066794 0.017610 0.135127 0.000000 0.600000 0.800000
v 0.060214 0.017901 0.084056 0.000000 0.600000 0.800000
v 0.065740 0.017875 0.083943 0.000000 0.600000 0.800000
v 0.060283 0.018607 0.087234 0.000000 0.600000 0.800000
v 0.068020 0.018572 0.087074 0.000000 0.600000 0.800000
v 0.061226 0.018839 0.132916 0.000000 0.600000 0.800000
v 0.068962 0.018804 0.132756 0.000000 0.600000 0.800000
v 0.061418 0.022130 0.141525 0.000000 0.600000 0.800000
v 0.066945 0.022104 0.141411 0.000000 0.600000 0.800000
v 0.060107 0.022459 0.077818 0.000000 0.600000 0.800000
v 0.065632 0.022434 0.077705 0.000000 0.600000 0.800000
v 0.060173 0.022728 0.080978 0.000000 0.600000 0.800000
v 0.067910 0.022693 0.080819 0.000000 0.600000 0.800000
v 0.061373 0.023024 0.139128 0.000000 0.600000 0.800000
v 0.069109 0.022988 0.138969 0.000000 0.600000 0.800000
v 0.061556 0.027552 0.147028 0.000000 0.600000 0.800000
v 0.067083 0.027526 0.146914 0.000000 0.600000 0.800000
v 0.060082 0.027792 0.075457 0.000000 0.600000 0.800000
v 0.067819 0.027756 0.075298 0.000000 0.600000 0.800000
v 0.060019 0.027939 0.072370 0.000000 0.600000 0.800000
v 0.065546 0.027913 0.072256 0.000000 0.600000 0.800000
v 0.061509 0.028143 0.144596 0.000000 0.600000 0.800000
v 0.069246 0.028107 0.144436 0.000000 0.600000 0.800000
v 0.046909 0.030339 0.058720 0.000000 0.600000 0.800000
v 0.046695 0.031464 0.056511 0.000000 0.600000 0.800000
v 0.061680 0.033770 0.151614 0.000000 0.600000 0.800000
v 0.067206 0.033744 0.151500 0.000000 0.600000 0.800000
v 0.060013 0.033669 0.070811 0.000000 0.600000 0.800000
v 0.067750 0.033633 0.070651 0.000000 0.600000 0.800000
v 0.061631 0.034067 0.149181 0.000000 0.600000 0.800000
v 0.069368 0.034031 0.149021 0.000000 0.600000 0.800000
v 0.059955 0.034204 0.067848 0.000000 0.600000 0.800000
v 0.065481 0.034178 0.067734 0.000000 0.600000 0.800000
v 0.059969 0.040209 0.067158 0.000000 0.600000 0.800000
v 0.067704 0.040174 0.066998 0.000000 0.600000 0.800000
v 0.061785 0.040630 0.155170 0.000000 0.600000 0.800000
v 0.067310 0.040604 0.155056 0.000000 0.600000 0.800000
v 0.061734 0.040644 0.152767 0.000000 0.600000 0.800000
v 0.069471 0.040609 0.152607 0.000000 0.600000 0.800000
v 0.059915 0.041100 0.064362 0.000000 0.600000 0.800000
v 0.065441 0.041075 0.064248 0.000000 0.600000 0.800000
v 0.044096 0.045494 0.058747 0.000000 0.600000 0.800000
v 0.043668 0.047159 0.056541 0.000000 0.600000 0.800000
v 0.059947 0.047247 0.064590 0.000000 0.600000 0.800000
v 0.067684 0.047212 0.064431 0.000000 0.600000 0.800000
v 0.061818 0.047708 0.155261 0.000000 0.600000 0.800000
v 0.069556 0.047673 0.155102 0.000000 0.600000 0.800000
v 0.061867 0.047961 0.157608 0.000000 0.600000 0.800000
v 0.067394 0.047936 0.157494 0.000000 0.600000 0.800000
v 0.059900 0.048457 0.061998 0.000000 0.600000 0.800000
v 0.065426 0.048432 0.061884 0.000000 0.600000 0.800000
v 0.059952 0.054604 0.063174 0.000000 0.600000 0.800000
v 0.067689 0.054569 0.063014 0.000000 0.600000 0.800000
v 0.061880 0.055079 0.156601 0.000000 0.600000 0.800000
v 0.069617 0.055043 0.156442 0.000000 0.600000 0.800000
v 0.061929 0.055585 0.158868 0.000000 0.600000 0.800000
v 0.067455 0.055560 0.158754 0.000000 0.600000 0.800000
v 0.059910 0.056092 0.060816 0.000000 0.600000 0.800000
v 0.065436 0.056067 0.060702 0.000000 0.600000 0.800000
v 0.040152 0.060395 0.058799 0.000000 0.600000 0.800000
v 0.059982 0.062093 0.062945 0.000000 0.600000 0.800000
v 0.067718 0.062057 0.062785 0.000000 0.600000 0.800000
v 0.061917 0.062569 0.156753 0.000000 0.600000 0.800000
v 0.069654 0.062533 0.156594 0.000000 0.600000 0.800000
v 0.039427 0.062570 0.056598 0.000000 0.600000 0.800000
v 0.061965 0.063312 0.158920 0.000000 0.600000 0.800000
v 0.067492 0.063287 0.158806 0.000000 0.600000 0.800000
v 0.059946 0.063820 0.060844 0.000000 0.600000 0.800000
v 0.065472 0.063794 0.060729 0.000000 0.600000 0.800000
v 0.060036 0.069522 0.063908 0.000000 0.600000 0.800000
v 0.067772 0.069486 0.063749 0.000000 0.600000 0.800000
v 0.061930 0.069988 0.155713 0.000000 0.600000 0.800000
v 0.069667 0.069953 0.155553 0.000000 0.600000 0.800000
v 0.061976 0.070952 0.157760 0.000000 0.600000 0.800000
v 0.067503 0.070926 0.157646 0.000000 0.600000 0.800000
v 0.051087 0.071233 0.058550 0.000000 0.600000 0.800000
v 0.060007 0.071447 0.062080 0.000000 0.600000 0.800000
v 0.065533 0.071422 0.061966 0.000000 0.600000 0.800000
v 0.050023 0.071626 0.058572 0.000000 0.600000 0.800000
v 0.052155 0.071616 0.058528 0.000000 0.600000 0.800000
v 0.049460 0.072611 0.058581 0.000000 0.600000 0.800000
v 0.052726 0.072595 0.058514 0.000000 0.600000 0.800000
v 0.052683 0.073167 0.056303 0.000000 0.600000 0.800000
v 0.049662 0.073727 0.058575 0.000000 0.600000 0.800000
v 0.052534 0.073714 0.058516 0.000000 0.600000 0.800000
v 0.049989 0.074162 0.056357 0.000000 0.600000 0.800000
v 0.050535 0.074452 0.058555 0.000000 0.600000 0.800000
v 0.051669 0.074447 0.058532 0.000000 0.600000 0.800000
v 0.051057 0.074545 0.056333 0.000000 0.600000 0.800000
v 0.035099 0.074956 0.058873 0.000000 0.600000 0.800000
v 0.060112 0.076703 0.066040 0.000000 0.600000 0.800000
v 0.067849 0.076668 0.065881 0.000000 0.600000 0.800000
v 0.061917 0.077148 0.153506 0.000000 0.600000 0.800000
v 0.069654 0.077112 0.153347 0.000000 0.600000 0.800000
v 0.033998 0.077604 0.056679 0.000000 0.600000 0.800000
v 0.061962 0.078316 0.155419 0.000000 0.600000 0.800000
v 0.067488 0.078291 0.155305 0.000000 0.600000 0.800000
v 0.060090 0.078787 0.064495 0.000000 0.600000 0.800000
v 0.065616 0.078761 0.064382 0.000000 0.600000 0.800000
v 0.060210 0.083454 0.069286 0.000000 0.600000 0.800000
v 0.067947 0.083419 0.069127 0.000000 0.600000 0.800000
v 0.061880 0.083866 0.150191 0.000000 0.600000 0.800000
v 0.069617 0.083830 0.150031 0.000000 0.600000 0.800000
v 0.061923 0.085222 0.151955 0.000000 0.600000 0.800000
v 0.067448 0.085197 0.151841 0.000000 0.600000 0.800000
v 0.060195 0.085657 0.068030 0.000000 0.600000 0.800000
v 0.065722 0.085632 0.067916 0.000000 0.600000 0.800000
v 0.028966 0.089098 0.058970 0.000000 0.600000 0.800000
v 0.060327 0.089604 0.073564 0.000000 0.600000 0.800000
v 0.068063 0.089569 0.073405 0.000000 0.600000 0.800000
v 0.061818 0.089971 0.145849 0.000000 0.600000 0.800000
v 0.069556 0.089936 0.145690 0.000000 0.600000 0.800000
v 0.045604 0.090827 0.056413 0.000000 0.600000 0.800000
v 0.045649 0.090832 0.058623 0.000000 0.600000 0.800000
v 0.043983 0.091362 0.056445 0.000000 0.600000 0.800000
v 0.047230 0.091347 0.056377 0.000000 0.600000 0.800000
v 0.044028 0.091366 0.058656 0.000000 0.600000 0.800000
v 0.047276 0.091351 0.058589 0.000000 0.600000 0.800000
v 0.061858 0.091501 0.147451 0.000000 0.600000 0.800000
v 0.067385 0.091476 0.147337 0.000000 0.600000 0.800000
v 0.028287 0.091832 0.058979 0.000000 0.600000 0.800000
v 0.060317 0.091889 0.072597 0.000000 0.600000 0.800000
v 0.065843 0.091863 0.072483 0.000000 0.600000 0.800000
v 0.027497 0.092050 0.057162 0.000000 0.600000 0.800000
v 0.027414 0.092170 0.056785 0.000000 0.600000 0.800000
v 0.027499 0.092389 0.057647 0.000000 0.600000 0.800000
v 0.027527 0.092498 0.057783 0.000000 0.600000 0.800000
v 0.043030 0.092753 0.058674 0.000000 0.600000 0.800000
v 0.048286 0.092728 0.058565 0.000000 0.600000 0.800000
v 0.026873 0.093576 0.056793 0.000000 0.600000 0.800000
v 0.042992 0.094456 0.056459 0.000000 0.600000 0.800000
v 0.048248 0.094432 0.056351 0.000000 0.600000 0.800000
v 0.043038 0.094461 0.058670 0.000000 0.600000 0.800000
v 0.048294 0.094437 0.058561 0.000000 0.600000 0.800000
v 0.026659 0.095067 0.056794 0.000000 0.600000 0.800000
v 0.060458 0.094995 0.078765 0.000000 0.600000 0.800000
v 0.068196 0.094959 0.078606 0.000000 0.600000 0.800000
v 0.061734 0.095309 0.140593 0.000000 0.600000 0.800000
v 0.069471 0.095273 0.140433 0.000000 0.600000 0.800000
v 0.044048 0.095838 0.058646 0.000000 0.600000 0.800000
v 0.047296 0.095823 0.058579 0.000000 0.600000 0.800000
v 0.045629 0.096354 0.056400 0.000000 0.600000 0.800000
v 0.045675 0.096359 0.058611 0.000000 0.600000 0.800000
v 0.061772 0.096998 0.142020 0.000000 0.600000 0.800000
v 0.067298 0.096972 0.141906 0.000000 0.600000 0.800000
v 0.060455 0.097328 0.078084 0.000000 0.600000 0.800000
v 0.065982 0.097303 0.077970 0.000000 0.600000 0.800000
v 0.060602 0.099490 0.084757 0.000000 0.600000 0.800000
v 0.068340 0.099455 0.084597 0.000000 0.600000 0.800000
v 0.061631 0.099743 0.134555 0.000000 0.600000 0.800000
v 0.069368 0.099708 0.134396 0.000000 0.600000 0.800000
v 0.061664 0.101575 0.135796 0.000000 0.600000 0.800000
v 0.067190 0.101550 0.135683 0.000000 0.600000 0.800000
v 0.060605 0.101842 0.084354 0.000000 0.600000 0.800000
v 0.066132 0.101816 0.084239 0.000000 0.600000 0.800000
v 0.060755 0.102977 0.091387 0.000000 0.600000 0.800000
v 0.068492 0.102941 0.091226 0.000000 0.600000 0.800000
v 0.061509 0.103162 0.127890 0.000000 0.600000 0.800000
v 0.069245 0.103127 0.127730 0.000000 0.600000 0.800000
v 0.061539 0.105121 0.128933 0.000000 0.600000 0.800000
v 0.067065 0.105097 0.128818 0.000000 0.600000 0.800000
v 0.060763 0.105317 0.091254 0.000000 0.600000 0.800000
v 0.066290 0.105292 0.091140 0.000000 0.600000 0.800000
v 0.060913 0.105364 0.098485 0.000000 0.600000 0.800000
v 0.068649 0.105328 0.098326 0.000000 0.600000 0.800000
v 0.061373 0.105477 0.120766 0.000000 0.600000 0.800000
v 0.069110 0.105442 0.120606 0.000000 0.600000 0.800000
v 0.061070 0.106592 0.105875 0.000000 0.600000 0.800000
v 0.068808 0.106557 0.105715 0.000000 0.600000 0.800000
v 0.061225 0.106631 0.113365 0.000000 0.600000 0.800000
v 0.068962 0.106595 0.113206 0.000000 0.600000 0.800000
v 0.061399 0.107551 0.121598 0.000000 0.600000 0.800000
v 0.066925 0.107526 0.121483 0.000000 0.600000 0.800000
v 0.060926 0.107670 0.098612 0.000000 0.600000 0.800000
v 0.066452 0.107644 0.098498 0.000000 0.600000 0.800000
v 0.061248 0.108800 0.113974 0.000000 0.600000 0.800000
v 0.066774 0.108775 0.113860 0.000000 0.600000 0.800000
v 0.061088 0.108840 0.106248 0.000000 0.600000 0.800000
v 0.066615 0.108814 0.106134 0.000000 0.600000 0.800000
v 0.067797 0.110071 0.055916 0.000000 0.600000 0.800000
v 0.065632 0.110087 0.058172 0.000000 0.600000 0.800000
v 0.067752 0.110295 0.160962 0.000000 0.600000 0.800000
v 0.069962 0.110285 0.160917 0.000000 0.600000 0.800000
v 0.067320 0.110313 0.168409 0.000000 0.600000 0.800000
v 0.069510 0.110303 0.168710 0.000000 0.600000 0.800000
v 0.065729 0.110335 0.175697 0.000000 0.600000 0.800000
v 0.067845 0.110327 0.176337 0.000000 0.600000 0.800000
v 0.063017 0.110362 0.182647 0.000000 0.600000 0.800000
v 0.065007 0.110355 0.183609 0.000000 0.600000 0.800000
v 0.059251 0.110393 0.189086 0.000000 0.600000 0.800000
v 0.061066 0.110388 0.190348 0.000000 0.600000 0.800000
v 0.054525 0.110427 0.194856 0.000000 0.600000 0.800000
v 0.056120 0.110423 0.196387 0.000000 0.600000 0.800000
v 0.048954 0.110462 0.199817 0.000000 0.600000 0.800000
v 0.050290 0.110461 0.201578 0.000000 0.600000 0.800000
v 0.042675 0.110499 0.203844 0.000000 0.600000 0.800000
v 0.043719 0.110499 0.205793 0.000000 0.600000 0.800000
v 0.035844 0.110537 0.206840 0.000000 0.600000 0.800000
v 0.028628 0.110574 0.208731 0.000000 0.600000 0.800000
v 0.036570 0.110538 0.208928 0.000000 0.600000 0.800000
v -0.078268 0.111066 0.211519 0.000000 0.600000 0.800000
v 0.021205 0.110609 0.209469 0.000000 0.600000 0.800000
v 0.029019 0.110577 0.210907 0.000000 0.600000 0.800000
v -0.078223 0.111070 0.213729 0.000000 0.600000 0.800000
v 0.021251 0.110614 0.211680 0.000000 0.600000 0.800000
v 0.065195 0.111746 0.058178 0.000000 0.600000 0.800000
v 0.067315 0.111955 0.160968 0.000000 0.600000 0.800000
v 0.066887 0.111973 0.168346 0.000000 0.600000 0.800000
v 0.065311 0.111995 0.175566 0.000000 0.600000 0.800000
v 0.062624 0.112022 0.182449 0.000000 0.600000 0.800000
v 0.058894 0.112053 0.188828 0.000000 0.600000 0.800000
v 0.054212 0.112086 0.194545 0.000000 0.600000 0.800000
v 0.048692 0.112121 0.199459 0.000000 0.600000 0.800000
v 0.042473 0.112158 0.203449 0.000000 0.600000 0.800000
v 0.035706 0.112195 0.206418 0.000000 0.600000 0.800000
v 0.028557 0.112231 0.208290 0.000000 0.600000 0.800000
v -0.078270 0.112723 0.211072 0.000000 0.600000 0.800000
v 0.021204 0.112267 0.209022 0.000000 0.600000 0.800000
v 0.067386 0.112189 0.055920 0.000000 0.600000 0.800000
v 0.069551 0.112401 0.160921 0.000000 0.600000 0.800000
v 0.069103 0.112420 0.168648 0.000000 0.600000 0.800000
v 0.067452 0.112444 0.176211 0.000000 0.600000 0.800000
v 0.064638 0.112472 0.183421 0.000000 0.600000 0.800000
v 0.060730 0.112504 0.190103 0.000000 0.600000 0.800000
v 0.055826 0.112539 0.196091 0.000000 0.600000 0.800000
v 0.050045 0.112576 0.201239 0.000000 0.600000 0.800000
v 0.043530 0.112614 0.205417 0.000000 0.600000 0.800000
v 0.036442 0.112653 0.208527 0.000000 0.600000 0.800000
v 0.028954 0.112692 0.210488 0.000000 0.600000 0.800000
v -0.078222 0.113184 0.213304 0.000000 0.600000 0.800000
v 0.021252 0.112728 0.211254 0.000000 0.600000 0.800000
v 0.063987 0.112966 0.058200 0.000000 0.600000 0.800000
v 0.066107 0.113175 0.160991 0.000000 0.600000 0.800000
v 0.065690 0.113192 0.168178 0.000000 0.600000 0.800000
v 0.064154 0.113214 0.175211 0.000000 0.600000 0.800000
v 0.061537 0.113239 0.181918 0.000000 0.600000 0.800000
v 0.057903 0.113270 0.188132 0.000000 0.600000 0.800000
v 0.053341 0.113302 0.193702 0.000000 0.600000 0.800000
v 0.047964 0.113337 0.198489 0.000000 0.600000 0.800000
v 0.041905 0.113372 0.202376 0.000000 0.600000 0.800000
v 0.035312 0.113409 0.205268 0.000000 0.600000 0.800000
v 0.028349 0.113444 0.207092 0.000000 0.600000 0.800000
v -0.078289 0.113934 0.209855 0.000000 0.600000 0.800000
v 0.021185 0.113478 0.207805 0.000000 0.600000 0.800000
v 0.028387 0.113574 0.058933 0.000000 0.600000 0.800000
v 0.062332 0.113418 0.058233 0.000000 0.600000 0.800000
v 0.033917 0.113566 0.067578 0.000000 0.600000 0.800000
v 0.038352 0.113566 0.076832 0.000000 0.600000 0.800000
v 0.048164 0.113535 0.082646 0.000000 0.600000 0.800000
v 0.049284 0.113530 0.082820 0.000000 0.600000 0.800000
v 0.047193 0.113539 0.083233 0.000000 0.600000 0.800000
v 0.050031 0.113528 0.083674 0.000000 0.600000 0.800000
v 0.046827 0.113544 0.084307 0.000000 0.600000 0.800000
v 0.050054 0.113530 0.084808 0.000000 0.600000 0.800000
v 0.047237 0.113544 0.085365 0.000000 0.600000 0.800000
v 0.049344 0.113535 0.085692 0.000000 0.600000 0.800000
v 0.048231 0.113540 0.085912 0.000000 0.600000 0.800000
v 0.041627 0.113571 0.086558 0.000000 0.600000 0.800000
v 0.043691 0.113584 0.096611 0.000000 0.600000 0.800000
v 0.044515 0.113602 0.106840 0.000000 0.600000 0.800000
v 0.044086 0.113625 0.117094 0.000000 0.600000 0.800000
v 0.042411 0.113655 0.127218 0.000000 0.600000 0.800000
v 0.039514 0.113689 0.137064 0.000000 0.600000 0.800000
v 0.035438 0.113727 0.146481 0.000000 0.600000 0.800000
v 0.030246 0.113770 0.155333 0.000000 0.600000 0.800000
v 0.064451 0.113627 0.161024 0.000000 0.600000 0.800000
v 0.024013 0.113815 0.163485 0.000000 0.600000 0.800000
v 0.064049 0.113643 0.167951 0.000000 0.600000 0.800000
v 0.016831 0.113864 0.170816 0.000000 0.600000 0.800000
v 0.025404 0.113825 0.170771 0.000000 0.600000 0.800000
v 0.026525 0.113820 0.170945 0.000000 0.600000 0.800000
v 0.024434 0.113830 0.171358 0.000000 0.600000 0.800000
v 0.027272 0.113818 0.171799 0.000000 0.600000 0.800000
v 0.024067 0.113834 0.172432 0.000000 0.600000 0.800000
v 0.027295 0.113820 0.172933 0.000000 0.600000 0.800000
v 0.024478 0.113834 0.173490 0.000000 0.600000 0.800000
v 0.026585 0.113826 0.173817 0.000000 0.600000 0.800000
v 0.025471 0.113831 0.174037 0.000000 0.600000 0.800000
v 0.062569 0.113664 0.174730 0.000000 0.600000 0.800000
v 0.008811 0.113913 0.177219 0.000000 0.600000 0.800000
v -0.078847 0.114323 0.182722 0.000000 0.600000 0.800000
v 0.060047 0.113689 0.181195 0.000000 0.600000 0.800000
v 0.000071 0.113964 0.182596 0.000000 0.600000 0.800000
v -0.069502 0.114290 0.186964 0.000000 0.600000 0.800000
v -0.009261 0.114016 0.186867 0.000000 0.600000 0.800000
v 0.056544 0.113718 0.187184 0.000000 0.600000 0.800000
v -0.059710 0.114252 0.190035 0.000000 0.600000 0.800000
v -0.019043 0.114067 0.189970 0.000000 0.600000 0.800000
v -0.049617 0.114210 0.191889 0.000000 0.600000 0.800000
v -0.029130 0.114117 0.191856 0.000000 0.600000 0.800000
v -0.039372 0.114165 0.192498 0.000000 0.600000 0.800000
v 0.052147 0.113749 0.192552 0.000000 0.600000 0.800000
v -0.062293 0.114274 0.195122 0.000000 0.600000 0.800000
v -0.061173 0.114270 0.195296 0.000000 0.600000 0.800000
v -0.063264 0.114280 0.195710 0.000000 0.600000 0.800000
v -0.060425 0.114268 0.196150 0.000000 0.600000 0.800000
v -0.063629 0.114283 0.196783 0.000000 0.600000 0.800000
v -0.060402 0.114270 0.197284 0.000000 0.600000 0.800000
v -0.063220 0.114284 0.197842 0.000000 0.600000 0.800000
v -0.061113 0.114276 0.198168 0.000000 0.600000 0.800000
v -0.062226 0.114281 0.198388 0.000000 0.600000 0.800000
v 0.046964 0.113783 0.197167 0.000000 0.600000 0.800000
v 0.041124 0.113817 0.200913 0.000000 0.600000 0.800000
v 0.034769 0.113852 0.203701 0.000000 0.600000 0.800000
v 0.028057 0.113886 0.205459 0.000000 0.600000 0.800000
v -0.078322 0.114376 0.208196 0.000000 0.600000 0.800000
v 0.021152 0.113919 0.206146 0.000000 0.600000 0.800000
v 0.068362 0.114201 0.160942 0.000000 0.600000 0.800000
v 0.067925 0.114219 0.168481 0.000000 0.600000 0.800000
v 0.066313 0.114242 0.175860 0.000000 0.600000 0.800000
v 0.063567 0.114269 0.182896 0.000000 0.600000 0.800000
v 0.059755 0.114300 0.189415 0.000000 0.600000 0.800000
v 0.054970 0.114334 0.195258 0.000000 0.600000 0.800000
v 0.049329 0.114370 0.200280 0.000000 0.600000 0.800000
v 0.042972 0.114408 0.204358 0.000000 0.600000 0.800000
v 0.036056 0.114445 0.207391 0.000000 0.600000 0.800000
v 0.028750 0.114484 0.209305 0.000000 0.600000 0.800000
v -0.078239 0.114975 0.212103 0.000000 0.600000 0.800000
v 0.021235 0.114519 0.210053 0.000000 0.600000 0.800000
v 0.066574 0.115407 0.160977 0.000000 0.600000 0.800000
v 0.066153 0.115424 0.168235 0.000000 0.600000 0.800000
v 0.064602 0.115447 0.175339 0.000000 0.600000 0.800000
v 0.061959 0.115473 0.182112 0.000000 0.600000 0.800000
v 0.058288 0.115502 0.188389 0.000000 0.600000 0.800000
v 0.053681 0.115536 0.194013 0.000000 0.600000 0.800000
v 0.048251 0.115570 0.198848 0.000000 0.600000 0.800000
v 0.042132 0.115607 0.202774 0.000000 0.600000 0.800000
v 0.035473 0.115644 0.205695 0.000000 0.600000 0.800000
v 0.028439 0.115679 0.207537 0.000000 0.600000 0.800000
v -0.078270 0.116170 0.210307 0.000000 0.600000 0.800000
v 0.021204 0.115713 0.208257 0.000000 0.600000 0.800000
v 0.026753 0.115788 0.056750 0.000000 0.600000 0.800000
v 0.062296 0.115624 0.056018 0.000000 0.600000 0.800000
v 0.032392 0.115779 0.064931 0.000000 0.600000 0.800000
v 0.037026 0.115777 0.073719 0.000000 0.600000 0.800000
v 0.048174 0.115746 0.082642 0.000000 0.600000 0.800000
v 0.040591 0.115780 0.082992 0.000000 0.600000 0.800000
v 0.049294 0.115741 0.082816 0.000000 0.600000 0.800000
v 0.047203 0.115750 0.083228 0.000000 0.600000 0.800000
v 0.050041 0.115739 0.083670 0.000000 0.600000 0.800000
v 0.046837 0.115755 0.084303 0.000000 0.600000 0.800000
v 0.050065 0.115741 0.084804 0.000000 0.600000 0.800000
v 0.047248 0.115754 0.085360 0.000000 0.600000 0.800000
v 0.049354 0.115746 0.085687 0.000000 0.600000 0.800000
v 0.048241 0.115752 0.085907 0.000000 0.600000 0.800000
v 0.043036 0.115790 0.092622 0.000000 0.600000 0.800000
v 0.044328 0.115805 0.102473 0.000000 0.600000 0.800000
v 0.044448 0.115825 0.112407 0.000000 0.600000 0.800000
v 0.043395 0.115851 0.122286 0.000000 0.600000 0.800000
v 0.041183 0.115882 0.131972 0.000000 0.600000 0.800000
v 0.037845 0.115916 0.141330 0.000000 0.600000 0.800000
v 0.033425 0.115955 0.150227 0.000000 0.600000 0.800000
v 0.027985 0.115998 0.158541 0.000000 0.600000 0.800000
v 0.064461 0.115837 0.161019 0.000000 0.600000 0.800000
v 0.021603 0.116043 0.166154 0.000000 0.600000 0.800000
v 0.064059 0.115854 0.167946 0.000000 0.600000 0.800000
v 0.025415 0.116035 0.170766 0.000000 0.600000 0.800000
v 0.026535 0.116031 0.170940 0.000000 0.600000 0.800000
v 0.024444 0.116041 0.171354 0.000000 0.600000 0.800000
v 0.027282 0.116029 0.171794 0.000000 0.600000 0.800000
v 0.024078 0.116045 0.172428 0.000000 0.600000 0.800000
v 0.014367 0.116091 0.172963 0.000000 0.600000 0.800000
v 0.027305 0.116031 0.172928 0.000000 0.600000 0.800000
v 0.024488 0.116045 0.173485 0.000000 0.600000 0.800000
v 0.026595 0.116037 0.173812 0.000000 0.600000 0.800000
v 0.025482 0.116042 0.174032 0.000000 0.600000 0.800000
v 0.062579 0.115875 0.174725 0.000000 0.600000 0.800000
v 0.006378 0.116139 0.178868 0.000000 0.600000 0.800000
v -0.078837 0.116534 0.182717 0.000000 0.600000 0.800000
v 0.060057 0.115901 0.181190 0.000000 0.600000 0.800000
v -0.002252 0.116189 0.183789 0.000000 0.600000 0.800000
v -0.069798 0.116502 0.186841 0.000000 0.600000 0.800000
v -0.011403 0.116238 0.187659 0.000000 0.600000 0.800000
v 0.056554 0.115929 0.187180 0.000000 0.600000 0.800000
v -0.060335 0.116466 0.189870 0.000000 0.600000 0.800000
v -0.020946 0.116288 0.190421 0.000000 0.600000 0.800000
v -0.050582 0.116425 0.191760 0.000000 0.600000 0.800000
v -0.030749 0.116336 0.192038 0.000000 0.600000 0.800000
v -0.040674 0.116382 0.192486 0.000000 0.600000 0.800000
v 0.052157 0.115960 0.192548 0.000000 0.600000 0.800000
v -0.062284 0.116485 0.195118 0.000000 0.600000 0.800000
v -0.061163 0.116481 0.195291 0.000000 0.600000 0.800000
v -0.063254 0.116491 0.195705 0.000000 0.600000 0.800000
v -0.060415 0.116479 0.196145 0.000000 0.600000 0.800000
v -0.063619 0.116495 0.196779 0.000000 0.600000 0.800000
v -0.060392 0.116482 0.197279 0.000000 0.600000 0.800000
v -0.063210 0.116495 0.197837 0.000000 0.600000 0.800000
v -0.061103 0.116487 0.198163 0.000000 0.600000 0.800000
v -0.062216 0.116492 0.198383 0.000000 0.600000 0.800000
v 0.046974 0.115994 0.197163 0.000000 0.600000 0.800000
v 0.041134 0.116028 0.200909 0.000000 0.600000 0.800000
v 0.034779 0.116063 0.203696 0.000000 0.600000 0.800000
v 0.028067 0.116097 0.205455 0.000000 0.600000 0.800000
v -0.078312 0.116586 0.208191 0.000000 0.600000 0.800000
v 0.021162 0.116130 0.206142 0.000000 0.600000 0.800000
v -0.031445 -0.116177 0.024694 0.749020 0.749020 0.749020
v 0.049494 -0.116548 0.023025 0.749020 0.749020 0.749020
v 0.051657 -0.116557 0.023355 0.749020 0.749020 0.749020
v 0.053754 -0.116564 0.024419 0.749020 0.749020 0.749020
v -0.021849 -0.116217 0.026304 0.749020 0.749020 0.749020
v 0.055702 -0.116569 0.026176 0.749020 0.749020 0.749020
v -0.012504 -0.116254 0.029010 0.749020 0.749020 0.749020
v 0.057426 -0.116572 0.028561 0.749020 0.749020 0.749020
v 0.058861 -0.116572 0.031480 0.749020 0.749020 0.749020
v -0.003532 -0.116286 0.032775 0.749020 0.749020 0.749020
v 0.059952 -0.116570 0.034821 0.749020 0.749020 0.749020
v 0.004945 -0.116315 0.037549 0.749020 0.749020 0.749020
v 0.060656 -0.116566 0.038457 0.749020 0.749020 0.749020
v 0.060947 -0.116559 0.042247 0.749020 0.749020 0.749020
v 0.012816 -0.116338 0.043270 0.749020 0.749020 0.749020
v 0.019974 -0.116357 0.049859 0.749020 0.749020 0.749020
v 0.026325 -0.116371 0.057231 0.749020 0.749020 0.749020
v 0.061242 -0.116530 0.056511 0.749020 0.749020 0.749020
v 0.050935 -0.116533 0.022660 0.749020 0.749020 0.749020
v -0.037048 -0.116130 0.024275 0.749020 0.749020 0.749020
v 0.052372 -0.116536 0.023070 0.749020 0.749020 0.749020
v 0.053775 -0.116538 0.023769 0.749020 0.749020 0.749020
v 0.055125 -0.116537 0.024741 0.749020 0.749020 0.749020
v 0.056537 -0.116533 0.026124 0.749020 0.749020 0.749020
v -0.042418 -0.116083 0.024218 0.749020 0.749020 0.749020
v -0.042417 -0.116083 0.024219 0.749020 0.749020 0.749020
v -0.065468 -0.115978 0.024691 0.749020 0.749020 0.749020
v -0.042418 -0.116083 0.024216 0.749020 0.749020 0.749020
v -0.042418 -0.116083 0.024217 0.749020 0.749020 0.749020
v 0.057835 -0.116526 0.027808 0.749020 0.749020 0.749020
v 0.058998 -0.116515 0.029762 0.749020 0.749020 0.749020
v 0.060007 -0.116502 0.031948 0.749020 0.749020 0.749020
v 0.060844 -0.116487 0.034329 0.749020 0.749020 0.749020
v 0.061492 -0.116468 0.036865 0.749020 0.749020 0.749020
v 0.051049 -0.116448 0.022073 0.749020 0.749020 0.749020
v 0.049471 -0.116438 0.021919 0.749020 0.749020 0.749020
v 0.052612 -0.116444 0.022491 0.749020 0.749020 0.749020
v 0.061945 -0.116446 0.039511 0.749020 0.749020 0.749020
v 0.054140 -0.116431 0.023203 0.749020 0.749020 0.749020
v 0.055614 -0.116410 0.024196 0.749020 0.749020 0.749020
v 0.057161 -0.116376 0.025610 0.749020 0.749020 0.749020
v -0.065485 -0.115798 0.023832 0.749020 0.749020 0.749020
v 0.058591 -0.116333 0.027333 0.749020 0.749020 0.749020
v 0.051162 -0.116299 0.021499 0.749020 0.749020 0.749020
v 0.052847 -0.116280 0.021925 0.749020 0.749020 0.749020
v 0.059882 -0.116280 0.029336 0.749020 0.749020 0.749020
v 0.054495 -0.116241 0.022653 0.749020 0.749020 0.749020
v 0.061015 -0.116217 0.031579 0.749020 0.749020 0.749020
v 0.051227 -0.116181 0.021169 0.749020 0.749020 0.749020
v 0.056086 -0.116186 0.023668 0.749020 0.749020 0.749020
v 0.052981 -0.116150 0.021601 0.749020 0.749020 0.749020
v 0.063065 -0.116148 0.042203 0.749020 0.749020 0.749020
v 0.063358 -0.116119 0.056467 0.749020 0.749020 0.749020
v 0.061970 -0.116145 0.034029 0.749020 0.749020 0.749020
v 0.049451 -0.116110 0.020857 0.749020 0.749020 0.749020
v 0.057760 -0.116101 0.025116 0.749020 0.749020 0.749020
v 0.054698 -0.116092 0.022339 0.749020 0.749020 0.749020
v 0.062731 -0.116065 0.036644 0.749020 0.749020 0.749020
v -0.065501 -0.115487 0.023012 0.749020 0.749020 0.749020
v 0.056354 -0.116009 0.023369 0.749020 0.749020 0.749020
v 0.059311 -0.115997 0.026883 0.749020 0.749020 0.749020
v 0.063288 -0.115975 0.039379 0.749020 0.749020 0.749020
v 0.051343 -0.115902 0.020570 0.749020 0.749020 0.749020
v 0.058096 -0.115886 0.024839 0.749020 0.749020 0.749020
v 0.060713 -0.115870 0.028935 0.749020 0.749020 0.749020
v 0.053225 -0.115843 0.021015 0.749020 0.749020 0.749020
v 0.055062 -0.115739 0.021776 0.749020 0.749020 0.749020
v 0.059708 -0.115734 0.026633 0.749020 0.749020 0.749020
v 0.061950 -0.115723 0.031239 0.749020 0.749020 0.749020
v 0.049434 -0.115575 0.019883 0.749020 0.749020 0.749020
v 0.056832 -0.115592 0.022838 0.749020 0.749020 0.749020
v 0.062998 -0.115559 0.033754 0.749020 0.749020 0.749020
v 0.061167 -0.115551 0.028717 0.749020 0.749020 0.749020
v 0.052677 -0.115502 0.020250 0.749020 0.749020 0.749020
v -0.065463 -0.114939 0.024689 0.749020 0.749020 0.749020
v -0.042413 -0.115044 0.024214 0.749020 0.749020 0.749020
v -0.042413 -0.115044 0.024216 0.749020 0.749020 0.749020
v -0.041052 -0.115050 0.024198 0.749020 0.749020 0.749020
v -0.039691 -0.115056 0.024201 0.749020 0.749020 0.749020
v -0.065461 -0.114938 0.024785 0.749020 0.749020 0.749020
v -0.038331 -0.115062 0.024226 0.749020 0.749020 0.749020
v -0.031440 -0.115072 0.024692 0.749020 0.749020 0.749020
v 0.049499 -0.115443 0.023023 0.749020 0.749020 0.749020
v 0.051662 -0.115452 0.023352 0.749020 0.749020 0.749020
v 0.053759 -0.115459 0.024417 0.749020 0.749020 0.749020
v -0.022429 -0.115109 0.026171 0.749020 0.749020 0.749020
v 0.055706 -0.115464 0.026174 0.749020 0.749020 0.749020
v -0.013630 -0.115144 0.028616 0.749020 0.749020 0.749020
v 0.057432 -0.115467 0.028559 0.749020 0.749020 0.749020
v -0.005149 -0.115175 0.032000 0.749020 0.749020 0.749020
v 0.058866 -0.115467 0.031478 0.749020 0.749020 0.749020
v 0.059957 -0.115465 0.034819 0.749020 0.749020 0.749020
v 0.002917 -0.115203 0.036282 0.749020 0.749020 0.749020
v 0.060661 -0.115461 0.038454 0.749020 0.749020 0.749020
v 0.010472 -0.115226 0.041412 0.749020 0.749020 0.749020
v 0.060952 -0.115453 0.042245 0.749020 0.749020 0.749020
v 0.017427 -0.115245 0.047329 0.749020 0.749020 0.749020
v 0.023701 -0.115260 0.053965 0.749020 0.749020 0.749020
v 0.061178 -0.115431 0.053193 0.749020 0.749020 0.749020
v 0.049495 -0.115438 0.022820 0.749020 0.749020 0.749020
v 0.051478 -0.115433 0.022882 0.749020 0.749020 0.749020
v 0.049490 -0.115425 0.022617 0.749020 0.749020 0.749020
v 0.053423 -0.115437 0.023683 0.749020 0.749020 0.749020
v 0.055272 -0.115437 0.025021 0.749020 0.749020 0.749020
v 0.056976 -0.115433 0.026860 0.749020 0.749020 0.749020
v -0.038330 -0.114999 0.024226 0.749020 0.749020 0.749020
v 0.049486 -0.115402 0.022415 0.749020 0.749020 0.749020
v 0.058916 -0.115421 0.029948 0.749020 0.749020 0.749020
v 0.060435 -0.115402 0.033660 0.749020 0.749020 0.749020
v 0.061460 -0.115377 0.037818 0.749020 0.749020 0.749020
v 0.051609 -0.115364 0.022413 0.749020 0.749020 0.749020
v 0.058686 -0.115381 0.024354 0.749020 0.749020 0.749020
v 0.063840 -0.115374 0.036444 0.749020 0.749020 0.749020
v 0.053693 -0.115354 0.023228 0.749020 0.749020 0.749020
v 0.055680 -0.115332 0.024588 0.749020 0.749020 0.749020
v 0.062451 -0.115342 0.031055 0.749020 0.749020 0.749020
v 0.057519 -0.115296 0.026461 0.749020 0.749020 0.749020
v 0.052707 -0.115262 0.022349 0.749020 0.749020 0.749020
v 0.055814 -0.115254 0.021471 0.749020 0.749020 0.749020
v 0.059630 -0.115231 0.029609 0.749020 0.749020 0.749020
v 0.053957 -0.115208 0.022784 0.749020 0.749020 0.749020
v 0.064466 -0.115173 0.039262 0.749020 0.749020 0.749020
v 0.056075 -0.115147 0.024170 0.749020 0.749020 0.749020
v 0.061309 -0.115143 0.033403 0.749020 0.749020 0.749020
v 0.062646 -0.115125 0.042210 0.749020 0.749020 0.749020
v 0.062872 -0.115103 0.053158 0.749020 0.749020 0.749020
v 0.060393 -0.115119 0.026203 0.749020 0.749020 0.749020
v 0.054107 -0.115093 0.022531 0.749020 0.749020 0.749020
v 0.063537 -0.115106 0.033611 0.749020 0.749020 0.749020
v 0.058038 -0.115057 0.026079 0.749020 0.749020 0.749020
v 0.062482 -0.115035 0.037665 0.749020 0.749020 0.749020
v 0.056298 -0.115002 0.023934 0.749020 0.749020 0.749020
v 0.054296 -0.114960 0.022316 0.749020 0.749020 0.749020
v 0.064863 -0.114959 0.042163 0.749020 0.749020 0.749020
v 0.060300 -0.114898 0.029292 0.749020 0.749020 0.749020
v 0.058327 -0.114872 0.025866 0.749020 0.749020 0.749020
v 0.064408 -0.114847 0.036342 0.749020 0.749020 0.749020
v 0.058726 -0.114844 0.023499 0.749020 0.749020 0.749020
v 0.061928 -0.114812 0.028351 0.749020 0.749020 0.749020
v 0.062111 -0.114696 0.033167 0.749020 0.749020 0.749020
v 0.056694 -0.114659 0.023514 0.749020 0.749020 0.749020
v 0.060665 -0.114642 0.029118 0.749020 0.749020 0.749020
v 0.065050 -0.114566 0.039204 0.749020 0.749020 0.749020
v 0.063390 -0.114452 0.037528 0.749020 0.749020 0.749020
v 0.063265 -0.114463 0.030758 0.749020 0.749020 0.749020
v 0.058832 -0.114432 0.025495 0.749020 0.749020 0.749020
v 0.055795 -0.114373 0.022283 0.749020 0.749020 0.749020
v 0.062533 -0.114353 0.033042 0.749020 0.749020 0.749020
v 0.061299 -0.114283 0.026255 0.749020 0.749020 0.749020
v 0.064084 -0.114173 0.042178 0.749020 0.749020 0.749020
v 0.064310 -0.114151 0.053126 0.749020 0.749020 0.749020
v 0.057788 -0.114132 0.023733 0.749020 0.749020 0.749020
v 0.064381 -0.114077 0.033385 0.749020 0.749020 0.749020
v 0.061277 -0.114044 0.028829 0.749020 0.749020 0.749020
v 0.063849 -0.114010 0.037458 0.749020 0.749020 0.749020
v 0.059619 -0.113826 0.025569 0.749020 0.749020 0.749020
v 0.065255 -0.113658 0.036189 0.749020 0.749020 0.749020
v 0.063434 -0.113597 0.029634 0.749020 0.749020 0.749020
v 0.063204 -0.113565 0.032844 0.749020 0.749020 0.749020
v 0.061249 -0.113461 0.027755 0.749020 0.749020 0.749020
v 0.025493 -0.113052 0.056136 0.749020 0.749020 0.749020
v 0.061234 -0.113216 0.055399 0.749020 0.749020 0.749020
v 0.065874 -0.113211 0.039120 0.749020 0.749020 0.749020
v 0.066069 -0.113170 0.042134 0.749020 0.749020 0.749020
v 0.062645 -0.113046 0.030245 0.749020 0.749020 0.749020
v 0.064524 -0.113010 0.037356 0.749020 0.749020 0.749020
v 0.062340 -0.112925 0.055375 0.749020 0.749020 0.749020
v 0.065051 -0.112810 0.033507 0.749020 0.749020 0.749020
v 0.065050 -0.112743 0.042155 0.749020 0.749020 0.749020
v 0.065275 -0.112720 0.053103 0.749020 0.749020 0.749020
v 0.063778 -0.112587 0.032988 0.749020 0.749020 0.749020
v 0.058517 -0.112495 0.022223 0.749020 0.749020 0.749020
v 0.063153 -0.112119 0.055356 0.749020 0.749020 0.749020
v 0.064624 -0.112094 0.035926 0.749020 0.749020 0.749020
v 0.066085 -0.111952 0.037723 0.749020 0.749020 0.749020
v 0.065166 -0.111580 0.039000 0.749020 0.749020 0.749020
v 0.065393 -0.111052 0.042144 0.749020 0.749020 0.749020
v 0.066498 -0.111057 0.042122 0.749020 0.749020 0.749020
v 0.065619 -0.111030 0.053092 0.749020 0.749020 0.749020
v 0.063454 -0.111015 0.055349 0.749020 0.749020 0.749020
v -0.065436 -0.109410 0.024773 0.749020 0.749020 0.749020
v 0.060872 -0.109990 0.022170 0.749020 0.749020 0.749020
v 0.061356 -0.109232 0.022023 0.749020 0.749020 0.749020
v -0.065438 -0.108305 0.024474 0.749020 0.749020 0.749020
v 0.061640 -0.108482 0.021551 0.749020 0.749020 0.749020
v -0.065450 -0.107498 0.023664 0.749020 0.749020 0.749020
v 0.061632 -0.107964 0.020808 0.749020 0.749020 0.749020
v -0.065673 -0.107224 0.012825 0.749020 0.749020 0.749020
v 0.049275 -0.107750 0.010456 0.749020 0.749020 0.749020
v 0.050964 -0.107758 0.010583 0.749020 0.749020 0.749020
v 0.052638 -0.107765 0.011033 0.749020 0.749020 0.749020
v 0.054280 -0.107771 0.011799 0.749020 0.749020 0.749020
v 0.055869 -0.107775 0.012874 0.749020 0.749020 0.749020
v 0.058814 -0.107783 0.015893 0.749020 0.749020 0.749020
v -0.065472 -0.107204 0.022558 0.749020 0.749020 0.749020
v 0.061332 -0.107785 0.019945 0.749020 0.749020 0.749020
v 0.044750 -0.097108 0.056812 0.749020 0.749020 0.749020
v 0.044922 -0.097091 0.065101 0.749020 0.749020 0.749020
v 0.043299 -0.096556 0.065133 0.749020 0.749020 0.749020
v 0.046548 -0.096571 0.065066 0.749020 0.749020 0.749020
v 0.025572 -0.095630 0.056099 0.749020 0.749020 0.749020
v 0.042302 -0.095170 0.065151 0.749020 0.749020 0.749020
v 0.047557 -0.095193 0.065043 0.749020 0.749020 0.749020
v 0.025798 -0.094231 0.056091 0.749020 0.749020 0.749020
v 0.026425 -0.094152 0.057184 0.749020 0.749020 0.749020
v 0.042139 -0.093478 0.056858 0.749020 0.749020 0.749020
v 0.047395 -0.093503 0.056750 0.749020 0.749020 0.749020
v 0.042309 -0.093461 0.065148 0.749020 0.749020 0.749020
v 0.047565 -0.093486 0.065040 0.749020 0.749020 0.749020
v 0.026413 -0.093339 0.056983 0.749020 0.749020 0.749020
v 0.026389 -0.093220 0.056846 0.749020 0.749020 0.749020
v 0.026409 -0.092854 0.056349 0.749020 0.749020 0.749020
v 0.026414 -0.092807 0.056076 0.749020 0.749020 0.749020
v 0.026658 -0.092731 0.057176 0.749020 0.749020 0.749020
v 0.043149 -0.092101 0.056835 0.749020 0.749020 0.749020
v 0.043320 -0.092084 0.065124 0.749020 0.749020 0.749020
v 0.046568 -0.092099 0.065057 0.749020 0.749020 0.749020
v 0.044947 -0.091564 0.065089 0.749020 0.749020 0.749020
v 0.027227 -0.091405 0.057161 0.749020 0.749020 0.749020
v 0.033261 -0.079603 0.055908 0.749020 0.749020 0.749020
v 0.033857 -0.078368 0.056999 0.749020 0.749020 0.749020
v 0.050353 -0.075352 0.055546 0.749020 0.749020 0.749020
v 0.049809 -0.075246 0.056663 0.749020 0.749020 0.749020
v 0.049289 -0.074959 0.055567 0.749020 0.749020 0.749020
v 0.051420 -0.074968 0.055524 0.749020 0.749020 0.749020
v 0.048943 -0.074514 0.056679 0.749020 0.749020 0.749020
v 0.048726 -0.073974 0.055577 0.749020 0.749020 0.749020
v 0.051992 -0.073989 0.055510 0.749020 0.749020 0.749020
v -0.066568 -0.073543 -0.038100 0.749020 0.749020 0.749020
v 0.048380 -0.074070 -0.040470 0.749020 0.749020 0.749020
v -0.066532 -0.073358 -0.036419 0.749020 0.749020 0.749020
v 0.048415 -0.073885 -0.038789 0.749020 0.749020 0.749020
v 0.049923 -0.073892 -0.040643 0.749020 0.749020 0.749020
v 0.050220 -0.073650 -0.038989 0.749020 0.749020 0.749020
v 0.048752 -0.073396 0.056681 0.749020 0.749020 0.749020
v 0.052017 -0.073410 0.056614 0.749020 0.749020 0.749020
v 0.051340 -0.073400 -0.041052 0.749020 0.749020 0.749020
v 0.049277 -0.073067 -0.039645 0.749020 0.749020 0.749020
v 0.048928 -0.072858 0.055570 0.749020 0.749020 0.749020
v 0.051800 -0.072871 0.055511 0.749020 0.749020 0.749020
v 0.051865 -0.073017 -0.039454 0.749020 0.749020 0.749020
v 0.050561 -0.072734 -0.039909 0.749020 0.749020 0.749020
v 0.049323 -0.072416 0.056667 0.749020 0.749020 0.749020
v -0.066558 -0.071850 -0.037998 0.749020 0.749020 0.749020
v 0.048390 -0.072378 -0.040368 0.749020 0.749020 0.749020
v 0.049800 -0.072132 0.055551 0.749020 0.749020 0.749020
v 0.050935 -0.072138 0.055527 0.749020 0.749020 0.749020
v 0.050391 -0.072033 0.056645 0.749020 0.749020 0.749020
v 0.049699 -0.072198 -0.040534 0.749020 0.749020 0.749020
v 0.051750 -0.072166 -0.040336 0.749020 0.749020 0.749020
v 0.053843 -0.071755 -0.042337 0.749020 0.749020 0.749020
v 0.051008 -0.071662 -0.040964 0.749020 0.749020 0.749020
v 0.054392 -0.071182 -0.040745 0.749020 0.749020 0.749020
v 0.053339 -0.071014 -0.041177 0.749020 0.749020 0.749020
v 0.053281 -0.069938 -0.042271 0.749020 0.749020 0.749020
v 0.055907 -0.069625 -0.043906 0.749020 0.749020 0.749020
v 0.055074 -0.069225 -0.042440 0.749020 0.749020 0.749020
v 0.056326 -0.069000 -0.042225 0.749020 0.749020 0.749020
v 0.055221 -0.067676 -0.043889 0.749020 0.749020 0.749020
v 0.057596 -0.067322 -0.045516 0.749020 0.749020 0.749020
v 0.057938 -0.066570 -0.043810 0.749020 0.749020 0.749020
v 0.039045 -0.065901 0.055760 0.749020 0.749020 0.749020
v 0.057300 -0.066020 -0.044593 0.749020 0.749020 0.749020
v 0.039456 -0.064856 0.056855 0.749020 0.749020 0.749020
v 0.056886 -0.065097 -0.045631 0.749020 0.749020 0.749020
v -0.066640 -0.063357 -0.043829 0.749020 0.749020 0.749020
v 0.058529 -0.063732 -0.046045 0.749020 0.749020 0.749020
v 0.059296 -0.062066 -0.047058 0.749020 0.749020 0.749020
v 0.060428 -0.062065 -0.048886 0.749020 0.749020 0.749020
v 0.060355 -0.061578 -0.046849 0.749020 0.749020 0.749020
v 0.059407 -0.059732 -0.048939 0.749020 0.749020 0.749020
v 0.060417 -0.059188 -0.048727 0.749020 0.749020 0.749020
v 0.064686 -0.057041 -0.004203 0.749020 0.749020 0.749020
v 0.064845 -0.057025 0.003534 0.749020 0.749020 0.749020
v 0.065484 -0.056898 0.034482 0.749020 0.749020 0.749020
v 0.065643 -0.056882 0.042219 0.749020 0.749020 0.749020
v 0.062570 -0.056267 -0.052163 0.749020 0.749020 0.749020
v 0.062100 -0.056240 -0.049783 0.749020 0.749020 0.749020
v 0.048135 -0.055857 -0.002758 0.749020 0.749020 0.749020
v 0.063608 -0.055927 -0.003077 0.749020 0.749020 0.749020
v 0.048249 -0.055846 0.002768 0.749020 0.749020 0.749020
v 0.063723 -0.055917 0.002449 0.749020 0.749020 0.749020
v 0.048933 -0.055714 0.035927 0.749020 0.749020 0.749020
v 0.064406 -0.055785 0.035608 0.749020 0.749020 0.749020
v 0.049046 -0.055703 0.041453 0.749020 0.749020 0.749020
v 0.064521 -0.055774 0.041133 0.749020 0.749020 0.749020
v -0.066704 -0.054397 -0.048914 0.749020 0.749020 0.749020
v 0.062477 -0.054872 -0.049515 0.749020 0.749020 0.749020
v 0.063379 -0.054536 -0.046532 0.749020 0.749020 0.749020
v 0.061894 -0.054514 -0.051144 0.749020 0.749020 0.749020
v 0.064330 -0.054163 -0.048191 0.749020 0.749020 0.749020
v 0.061259 -0.053729 -0.052185 0.749020 0.749020 0.749020
v 0.063479 -0.053342 -0.046625 0.749020 0.749020 0.749020
v 0.063904 -0.052714 -0.043068 0.749020 0.749020 0.749020
v 0.063313 -0.052695 -0.047752 0.749020 0.749020 0.749020
v 0.063909 -0.052600 -0.042852 0.749020 0.749020 0.749020
v 0.063900 -0.052224 -0.043326 0.749020 0.749020 0.749020
v 0.063906 -0.052111 -0.043110 0.749020 0.749020 0.749020
v 0.043728 -0.051784 0.055635 0.749020 0.749020 0.749020
v 0.064997 -0.051898 -0.043903 0.749020 0.749020 0.749020
v 0.063897 -0.051736 -0.043584 0.749020 0.749020 0.749020
v 0.063899 -0.051704 -0.043523 0.749020 0.749020 0.749020
v 0.063904 -0.051622 -0.043367 0.749020 0.749020 0.749020
v 0.043990 -0.050950 0.056733 0.749020 0.749020 0.749020
v 0.063894 -0.051247 -0.043842 0.749020 0.749020 0.749020
v 0.063900 -0.051133 -0.043626 0.749020 0.749020 0.749020
v 0.063891 -0.050758 -0.044100 0.749020 0.749020 0.749020
v 0.063898 -0.050644 -0.043883 0.749020 0.749020 0.749020
v 0.048160 -0.050329 -0.002770 0.749020 0.749020 0.749020
v 0.063633 -0.050400 -0.003089 0.749020 0.749020 0.749020
v 0.048274 -0.050319 0.002756 0.749020 0.749020 0.749020
v 0.063747 -0.050390 0.002437 0.749020 0.749020 0.749020
v 0.048958 -0.050186 0.035914 0.749020 0.749020 0.749020
v 0.064431 -0.050257 0.035596 0.749020 0.749020 0.749020
v 0.049072 -0.050175 0.041441 0.749020 0.749020 0.749020
v 0.064546 -0.050247 0.041121 0.749020 0.749020 0.749020
v 0.060362 -0.050175 -0.055076 0.749020 0.749020 0.749020
v 0.064722 -0.049302 -0.004220 0.749020 0.749020 0.749020
v 0.064881 -0.049287 0.003517 0.749020 0.749020 0.749020
v 0.065519 -0.049159 0.034465 0.749020 0.749020 0.749020
v 0.065678 -0.049144 0.042202 0.749020 0.749020 0.749020
v 0.059267 -0.048421 -0.054623 0.749020 0.749020 0.749020
v -0.066771 -0.045636 -0.054163 0.749020 0.749020 0.749020
v -0.066749 -0.045035 -0.053214 0.749020 0.749020 0.749020
v 0.057462 -0.044268 -0.057499 0.749020 0.749020 0.749020
v 0.056782 -0.043422 -0.056626 0.749020 0.749020 0.749020
v 0.055746 -0.041560 -0.058482 0.749020 0.749020 0.749020
v 0.055184 -0.040911 -0.057528 0.749020 0.749020 0.749020
v 0.053681 -0.039002 -0.059333 0.749020 0.749020 0.749020
v 0.053288 -0.038580 -0.058301 0.749020 0.749020 0.749020
v 0.047285 -0.037343 0.055532 0.749020 0.749020 0.749020
v 0.047431 -0.036734 0.056634 0.749020 0.749020 0.749020
v 0.051152 -0.036926 -0.059960 0.749020 0.749020 0.749020
v 0.051028 -0.036727 -0.058860 0.749020 0.749020 0.749020
v 0.049716 -0.036282 -0.060132 0.749020 0.749020 0.749020
v 0.049636 -0.036099 -0.059028 0.749020 0.749020 0.749020
v -0.066799 -0.035509 -0.057804 0.749020 0.749020 0.749020
v 0.048148 -0.036035 -0.060174 0.749020 0.749020 0.749020
v -0.066776 -0.035340 -0.056700 0.749020 0.749020 0.749020
v 0.048172 -0.035866 -0.059069 0.749020 0.749020 0.749020
v 0.051591 -0.035882 -0.058758 0.749020 0.749020 0.749020
v 0.054858 -0.035894 -0.057702 0.749020 0.749020 0.749020
v -0.066707 -0.035333 -0.053384 0.749020 0.749020 0.749020
v 0.057812 -0.035904 -0.055950 0.749020 0.749020 0.749020
v -0.066684 -0.035034 -0.052279 0.749020 0.749020 0.749020
v 0.059389 -0.035411 -0.054588 0.749020 0.749020 0.749020
v -0.066663 -0.034224 -0.051472 0.749020 0.749020 0.749020
v 0.059931 -0.034704 -0.054028 0.749020 0.749020 0.749020
v -0.066652 -0.033117 -0.051178 0.749020 0.749020 0.749020
v 0.060148 -0.033698 -0.053792 0.749020 0.749020 0.749020
v -0.066647 -0.032012 -0.051180 0.749020 0.749020 0.749020
v 0.060153 -0.032593 -0.053794 0.749020 0.749020 0.749020
v 0.059945 -0.031586 -0.054035 0.749020 0.749020 0.749020
v -0.066648 -0.030907 -0.051479 0.749020 0.749020 0.749020
v 0.059410 -0.030878 -0.054597 0.749020 0.749020 0.749020
v -0.066661 -0.030100 -0.052290 0.749020 0.749020 0.749020
v -0.066728 -0.029809 -0.055606 0.749020 0.749020 0.749020
v 0.052857 -0.030359 -0.058071 0.749020 0.749020 0.749020
v 0.054983 -0.030367 -0.057668 0.749020 0.749020 0.749020
v 0.055974 -0.030370 -0.057168 0.749020 0.749020 0.749020
v 0.056927 -0.030373 -0.056599 0.749020 0.749020 0.749020
v -0.066683 -0.029805 -0.053395 0.749020 0.749020 0.749020
v 0.057837 -0.030376 -0.055962 0.749020 0.749020 0.749020
v -0.055693 -0.023634 -0.058058 0.749020 0.749020 0.749020
v -0.022535 -0.023787 -0.058741 0.749020 0.749020 0.749020
v 0.010623 -0.023939 -0.059425 0.749020 0.749020 0.749020
v -0.055647 -0.023630 -0.055848 0.749020 0.749020 0.749020
v -0.022489 -0.023782 -0.056530 0.749020 0.749020 0.749020
v 0.010669 -0.023934 -0.057214 0.749020 0.749020 0.749020
v -0.056756 -0.023242 -0.058036 0.749020 0.749020 0.749020
v -0.054626 -0.023252 -0.058081 0.749020 0.749020 0.749020
v -0.023599 -0.023394 -0.058720 0.749020 0.749020 0.749020
v -0.021468 -0.023404 -0.058764 0.749020 0.749020 0.749020
v 0.009559 -0.023545 -0.059404 0.749020 0.749020 0.749020
v 0.011691 -0.023556 -0.059448 0.749020 0.749020 0.749020
v -0.056712 -0.023237 -0.055826 0.749020 0.749020 0.749020
v -0.054580 -0.023247 -0.055870 0.749020 0.749020 0.749020
v -0.023553 -0.023389 -0.056510 0.749020 0.749020 0.749020
v -0.021422 -0.023399 -0.056554 0.749020 0.749020 0.749020
v 0.009604 -0.023541 -0.057192 0.749020 0.749020 0.749020
v 0.011736 -0.023551 -0.057237 0.749020 0.749020 0.749020
v 0.049692 -0.022665 0.055453 0.749020 0.749020 0.749020
v -0.057320 -0.022256 -0.058027 0.749020 0.749020 0.749020
v -0.054054 -0.022271 -0.058095 0.749020 0.749020 0.749020
v -0.024162 -0.022409 -0.058710 0.749020 0.749020 0.749020
v -0.020896 -0.022424 -0.058778 0.749020 0.749020 0.749020
v 0.008996 -0.022560 -0.059394 0.749020 0.749020 0.749020
v 0.012262 -0.022576 -0.059461 0.749020 0.749020 0.749020
v -0.057274 -0.022252 -0.055816 0.749020 0.749020 0.749020
v -0.054009 -0.022267 -0.055884 0.749020 0.749020 0.749020
v -0.024116 -0.022404 -0.056500 0.749020 0.749020 0.749020
v -0.020850 -0.022419 -0.056567 0.749020 0.749020 0.749020
v 0.009042 -0.022556 -0.057184 0.749020 0.749020 0.749020
v 0.012308 -0.022571 -0.057251 0.749020 0.749020 0.749020
v 0.049760 -0.022294 0.056557 0.749020 0.749020 0.749020
v -0.057118 -0.021140 -0.058033 0.749020 0.749020 0.749020
v -0.054246 -0.021154 -0.058092 0.749020 0.749020 0.749020
v -0.023959 -0.021292 -0.058717 0.749020 0.749020 0.749020
v -0.021088 -0.021306 -0.058776 0.749020 0.749020 0.749020
v 0.009198 -0.021444 -0.059401 0.749020 0.749020 0.749020
v 0.012070 -0.021457 -0.059460 0.749020 0.749020 0.749020
v -0.057072 -0.021136 -0.055823 0.749020 0.749020 0.749020
v -0.054200 -0.021149 -0.055881 0.749020 0.749020 0.749020
v -0.023914 -0.021288 -0.056506 0.749020 0.749020 0.749020
v -0.021043 -0.021300 -0.056565 0.749020 0.749020 0.749020
v 0.009244 -0.021439 -0.057190 0.749020 0.749020 0.749020
v 0.012115 -0.021453 -0.057249 0.749020 0.749020 0.749020
v -0.056245 -0.020415 -0.058053 0.749020 0.749020 0.749020
v -0.055111 -0.020420 -0.058076 0.749020 0.749020 0.749020
v -0.023088 -0.020567 -0.058736 0.749020 0.749020 0.749020
v -0.021954 -0.020573 -0.058760 0.749020 0.749020 0.749020
v 0.010071 -0.020719 -0.059419 0.749020 0.749020 0.749020
v 0.011205 -0.020724 -0.059443 0.749020 0.749020 0.749020
v -0.056200 -0.020411 -0.055842 0.749020 0.749020 0.749020
v -0.055066 -0.020416 -0.055866 0.749020 0.749020 0.749020
v -0.023041 -0.020562 -0.056526 0.749020 0.749020 0.749020
v -0.021907 -0.020568 -0.056550 0.749020 0.749020 0.749020
v 0.010116 -0.020714 -0.057209 0.749020 0.749020 0.749020
v 0.011251 -0.020719 -0.057233 0.749020 0.749020 0.749020
v 0.050933 -0.007843 0.055397 0.749020 0.749020 0.749020
v 0.050960 -0.007717 0.056502 0.749020 0.749020 0.749020
v 0.051235 -0.003424 0.028679 0.749020 0.749020 0.749020
v 0.065603 -0.003491 0.028383 0.749020 0.749020 0.749020
v 0.050136 -0.003419 0.028998 0.749020 0.749020 0.749020
v 0.049343 -0.003414 0.029824 0.749020 0.749020 0.749020
v 0.049070 -0.003410 0.030936 0.749020 0.749020 0.749020
v 0.057739 -0.003440 0.035204 0.749020 0.749020 0.749020
v 0.056626 -0.003435 0.035425 0.749020 0.749020 0.749020
v 0.058733 -0.003444 0.035752 0.749020 0.749020 0.749020
v 0.055915 -0.003429 0.036309 0.749020 0.749020 0.749020
v 0.059142 -0.003443 0.036810 0.749020 0.749020 0.749020
v 0.055938 -0.003428 0.037443 0.749020 0.749020 0.749020
v 0.058776 -0.003439 0.037884 0.749020 0.749020 0.749020
v 0.056685 -0.003429 0.038297 0.749020 0.749020 0.749020
v 0.057806 -0.003434 0.038470 0.749020 0.749020 0.749020
v 0.049321 -0.003385 0.043093 0.749020 0.749020 0.749020
v 0.049640 -0.003385 0.044192 0.749020 0.749020 0.749020
v 0.050465 -0.003387 0.044985 0.749020 0.749020 0.749020
v 0.051576 -0.003391 0.045258 0.749020 0.749020 0.749020
v 0.065945 -0.003457 0.044963 0.749020 0.749020 0.749020
v -0.027357 -0.003051 -0.056472 0.749020 0.749020 0.749020
v -0.010778 -0.003127 -0.056814 0.749020 0.749020 0.749020
v -0.018643 -0.003077 -0.049992 0.749020 0.749020 0.749020
v -0.019755 -0.003072 -0.049773 0.749020 0.749020 0.749020
v -0.017649 -0.003080 -0.049446 0.749020 0.749020 0.749020
v -0.020466 -0.003067 -0.048889 0.749020 0.749020 0.749020
v -0.017240 -0.003080 -0.048388 0.749020 0.749020 0.749020
v -0.020443 -0.003064 -0.047755 0.749020 0.749020 0.749020
v -0.017605 -0.003076 -0.047314 0.749020 0.749020 0.749020
v -0.019696 -0.003066 -0.046901 0.749020 0.749020 0.749020
v -0.018575 -0.003070 -0.046727 0.749020 0.749020 0.749020
v -0.027061 -0.003023 -0.042103 0.749020 0.749020 0.749020
v -0.010482 -0.003099 -0.042445 0.749020 0.749020 0.749020
v -0.026742 -0.003021 -0.041005 0.749020 0.749020 0.749020
v -0.010755 -0.003095 -0.041334 0.749020 0.749020 0.749020
v -0.025916 -0.003023 -0.040213 0.749020 0.749020 0.749020
v -0.011548 -0.003090 -0.040509 0.749020 0.749020 0.749020
v -0.024805 -0.003028 -0.039939 0.749020 0.749020 0.749020
v -0.012648 -0.003084 -0.040189 0.749020 0.749020 0.749020
v 0.051260 0.002103 0.028668 0.749020 0.749020 0.749020
v 0.065628 0.002037 0.028372 0.749020 0.749020 0.749020
v 0.050161 0.002109 0.028986 0.749020 0.749020 0.749020
v 0.049368 0.002113 0.029812 0.749020 0.749020 0.749020
v 0.049095 0.002118 0.030924 0.749020 0.749020 0.749020
v 0.057188 0.002089 0.035205 0.749020 0.749020 0.749020
v 0.058309 0.002084 0.035379 0.749020 0.749020 0.749020
v 0.056218 0.002095 0.035792 0.749020 0.749020 0.749020
v 0.059055 0.002084 0.036233 0.749020 0.749020 0.749020
v 0.055852 0.002100 0.036866 0.749020 0.749020 0.749020
v 0.059080 0.002086 0.037367 0.749020 0.749020 0.749020
v 0.056262 0.002100 0.037923 0.749020 0.749020 0.749020
v 0.058368 0.002090 0.038251 0.749020 0.749020 0.749020
v 0.057255 0.002096 0.038470 0.749020 0.749020 0.749020
v 0.049345 0.002142 0.043081 0.749020 0.749020 0.749020
v 0.049665 0.002143 0.044181 0.749020 0.749020 0.749020
v 0.050490 0.002141 0.044973 0.749020 0.749020 0.749020
v 0.051602 0.002136 0.045246 0.749020 0.749020 0.749020
v 0.065970 0.002070 0.044951 0.749020 0.749020 0.749020
v -0.027332 0.002476 -0.056484 0.749020 0.749020 0.749020
v -0.010754 0.002400 -0.056826 0.749020 0.749020 0.749020
v -0.019194 0.002453 -0.049992 0.749020 0.749020 0.749020
v -0.018072 0.002448 -0.049818 0.749020 0.749020 0.749020
v -0.020164 0.002458 -0.049405 0.749020 0.749020 0.749020
v -0.017325 0.002447 -0.048964 0.749020 0.749020 0.749020
v -0.020529 0.002463 -0.048331 0.749020 0.749020 0.749020
v -0.017302 0.002449 -0.047830 0.749020 0.749020 0.749020
v -0.020120 0.002462 -0.047274 0.749020 0.749020 0.749020
v -0.018014 0.002454 -0.046947 0.749020 0.749020 0.749020
v -0.019126 0.002460 -0.046727 0.749020 0.749020 0.749020
v -0.027036 0.002505 -0.042116 0.749020 0.749020 0.749020
v -0.010457 0.002429 -0.042457 0.749020 0.749020 0.749020
v -0.026717 0.002506 -0.041017 0.749020 0.749020 0.749020
v -0.010730 0.002433 -0.041346 0.749020 0.749020 0.749020
v -0.025891 0.002504 -0.040224 0.749020 0.749020 0.749020
v -0.011523 0.002438 -0.040520 0.749020 0.749020 0.749020
v -0.024780 0.002499 -0.039951 0.749020 0.749020 0.749020
v -0.012622 0.002444 -0.040201 0.749020 0.749020 0.749020
v 0.051027 0.006910 0.056471 0.749020 0.749020 0.749020
v 0.051000 0.007031 0.055365 0.749020 0.749020 0.749020
v -0.055492 0.020586 -0.058152 0.749020 0.749020 0.749020
v -0.022334 0.020434 -0.058835 0.749020 0.749020 0.749020
v 0.010824 0.020282 -0.059519 0.749020 0.749020 0.749020
v -0.055446 0.020590 -0.055941 0.749020 0.749020 0.749020
v -0.022288 0.020438 -0.056624 0.749020 0.749020 0.749020
v 0.010870 0.020286 -0.057308 0.749020 0.749020 0.749020
v -0.056556 0.020979 -0.058130 0.749020 0.749020 0.749020
v -0.054425 0.020969 -0.058175 0.749020 0.749020 0.749020
v -0.023399 0.020827 -0.058814 0.749020 0.749020 0.749020
v -0.021267 0.020817 -0.058858 0.749020 0.749020 0.749020
v 0.009760 0.020674 -0.059498 0.749020 0.749020 0.749020
v 0.011892 0.020665 -0.059541 0.749020 0.749020 0.749020
v -0.056511 0.020983 -0.055920 0.749020 0.749020 0.749020
v -0.054379 0.020973 -0.055963 0.749020 0.749020 0.749020
v -0.023352 0.020831 -0.056604 0.749020 0.749020 0.749020
v -0.021221 0.020821 -0.056647 0.749020 0.749020 0.749020
v 0.009806 0.020679 -0.057287 0.749020 0.749020 0.749020
v 0.011937 0.020669 -0.057331 0.749020 0.749020 0.749020
v 0.049959 0.021498 0.056464 0.749020 0.749020 0.749020
v -0.057118 0.021964 -0.058121 0.749020 0.749020 0.749020
v -0.053853 0.021948 -0.058188 0.749020 0.749020 0.749020
v -0.023961 0.021812 -0.058805 0.749020 0.749020 0.749020
v -0.020695 0.021797 -0.058872 0.749020 0.749020 0.749020
v 0.009197 0.021660 -0.059488 0.749020 0.749020 0.749020
v 0.012463 0.021645 -0.059555 0.749020 0.749020 0.749020
v -0.057073 0.021969 -0.055911 0.749020 0.749020 0.749020
v -0.053807 0.021954 -0.055978 0.749020 0.749020 0.749020
v -0.023915 0.021816 -0.056593 0.749020 0.749020 0.749020
v -0.020650 0.021801 -0.056661 0.749020 0.749020 0.749020
v 0.009243 0.021664 -0.057277 0.749020 0.749020 0.749020
v 0.012509 0.021649 -0.057344 0.749020 0.749020 0.749020
v 0.049894 0.021864 0.055359 0.749020 0.749020 0.749020
v -0.056917 0.023079 -0.058128 0.749020 0.749020 0.749020
v -0.054045 0.023067 -0.058187 0.749020 0.749020 0.749020
v -0.023759 0.022928 -0.058810 0.749020 0.749020 0.749020
v -0.020887 0.022915 -0.058870 0.749020 0.749020 0.749020
v 0.009400 0.022776 -0.059494 0.749020 0.749020 0.749020
v 0.012271 0.022763 -0.059553 0.749020 0.749020 0.749020
v -0.056871 0.023084 -0.055917 0.749020 0.749020 0.749020
v -0.053999 0.023071 -0.055976 0.749020 0.749020 0.749020
v -0.023713 0.022932 -0.056601 0.749020 0.749020 0.749020
v -0.020841 0.022919 -0.056659 0.749020 0.749020 0.749020
v 0.009445 0.022780 -0.057283 0.749020 0.749020 0.749020
v 0.012316 0.022767 -0.057343 0.749020 0.749020 0.749020
v -0.056044 0.023805 -0.058147 0.749020 0.749020 0.749020
v -0.054910 0.023800 -0.058170 0.749020 0.749020 0.749020
v -0.022887 0.023653 -0.058830 0.749020 0.749020 0.749020
v -0.021752 0.023648 -0.058854 0.749020 0.749020 0.749020
v 0.010272 0.023501 -0.059514 0.749020 0.749020 0.749020
v 0.011406 0.023496 -0.059538 0.749020 0.749020 0.749020
v -0.055999 0.023810 -0.055936 0.749020 0.749020 0.749020
v -0.054865 0.023805 -0.055960 0.749020 0.749020 0.749020
v -0.022841 0.023658 -0.056620 0.749020 0.749020 0.749020
v -0.021707 0.023652 -0.056643 0.749020 0.749020 0.749020
v 0.010318 0.023505 -0.057303 0.749020 0.749020 0.749020
v 0.011452 0.023500 -0.057326 0.749020 0.749020 0.749020
v -0.066455 0.030424 -0.055734 0.749020 0.749020 0.749020
v 0.053131 0.029875 -0.058199 0.749020 0.749020 0.749020
v 0.055256 0.029866 -0.057796 0.749020 0.749020 0.749020
v 0.056248 0.029863 -0.057296 0.749020 0.749020 0.749020
v 0.057200 0.029860 -0.056727 0.749020 0.749020 0.749020
v -0.066409 0.030428 -0.053523 0.749020 0.749020 0.749020
v 0.058110 0.029858 -0.056090 0.749020 0.749020 0.749020
v -0.066385 0.030727 -0.052419 0.749020 0.749020 0.749020
v 0.059688 0.030350 -0.054726 0.749020 0.749020 0.749020
v -0.066365 0.031537 -0.051611 0.749020 0.749020 0.749020
v 0.060229 0.031057 -0.054167 0.749020 0.749020 0.749020
v -0.066353 0.032643 -0.051317 0.749020 0.749020 0.749020
v 0.060447 0.032062 -0.053931 0.749020 0.749020 0.749020
v -0.066348 0.033749 -0.051319 0.749020 0.749020 0.749020
v 0.060452 0.033168 -0.053934 0.749020 0.749020 0.749020
v 0.060244 0.034174 -0.054174 0.749020 0.749020 0.749020
v -0.066349 0.034854 -0.051618 0.749020 0.749020 0.749020
v 0.059708 0.034883 -0.054737 0.749020 0.749020 0.749020
v -0.066362 0.035662 -0.052429 0.749020 0.749020 0.749020
v -0.066452 0.035949 -0.056850 0.749020 0.749020 0.749020
v 0.048496 0.035422 -0.059220 0.749020 0.749020 0.749020
v 0.051915 0.035407 -0.058910 0.749020 0.749020 0.749020
v 0.055182 0.035394 -0.057853 0.749020 0.749020 0.749020
v -0.066384 0.035955 -0.053535 0.749020 0.749020 0.749020
v 0.058136 0.035385 -0.056102 0.749020 0.749020 0.749020
v 0.048473 0.035586 -0.060326 0.749020 0.749020 0.749020
v 0.049962 0.035640 -0.059181 0.749020 0.749020 0.749020
v 0.047762 0.035958 0.056480 0.749020 0.749020 0.749020
v 0.050044 0.035819 -0.060284 0.749020 0.749020 0.749020
v 0.051360 0.036257 -0.059015 0.749020 0.749020 0.749020
v 0.047622 0.036563 0.055375 0.749020 0.749020 0.749020
v 0.051485 0.036451 -0.060116 0.749020 0.749020 0.749020
v 0.053636 0.038092 -0.058463 0.749020 0.749020 0.749020
v 0.054033 0.038506 -0.059498 0.749020 0.749020 0.749020
v 0.055554 0.040409 -0.057701 0.749020 0.749020 0.749020
v 0.056121 0.041049 -0.058657 0.749020 0.749020 0.749020
v 0.057174 0.042909 -0.056809 0.749020 0.749020 0.749020
v 0.057862 0.043745 -0.057686 0.749020 0.749020 0.749020
v -0.066336 0.045658 -0.053407 0.749020 0.749020 0.749020
v -0.066354 0.046255 -0.054358 0.749020 0.749020 0.749020
v 0.059704 0.047893 -0.054827 0.749020 0.749020 0.749020
v 0.065961 0.048124 0.034259 0.749020 0.749020 0.749020
v 0.066120 0.048140 0.041995 0.749020 0.749020 0.749020
v 0.065164 0.048110 -0.004426 0.749020 0.749020 0.749020
v 0.065323 0.048126 0.003311 0.749020 0.749020 0.749020
v 0.049409 0.049308 0.035703 0.749020 0.749020 0.749020
v 0.064884 0.049237 0.035384 0.749020 0.749020 0.749020
v 0.049524 0.049319 0.041229 0.749020 0.749020 0.749020
v 0.064997 0.049248 0.040910 0.749020 0.749020 0.749020
v 0.048613 0.049294 -0.002982 0.749020 0.749020 0.749020
v 0.064086 0.049223 -0.003300 0.749020 0.749020 0.749020
v 0.048727 0.049305 0.002544 0.749020 0.749020 0.749020
v 0.064200 0.049234 0.002226 0.749020 0.749020 0.749020
v 0.060816 0.049636 -0.055288 0.749020 0.749020 0.749020
v 0.044450 0.050206 0.056519 0.749020 0.749020 0.749020
v 0.064349 0.050233 -0.044314 0.749020 0.749020 0.749020
v 0.064356 0.050647 -0.044098 0.749020 0.749020 0.749020
v 0.064358 0.050647 -0.044098 0.749020 0.749020 0.749020
v 0.044196 0.051037 0.055416 0.749020 0.749020 0.749020
v 0.065466 0.051363 -0.044122 0.749020 0.749020 0.749020
v 0.064373 0.051779 -0.043507 0.749020 0.749020 0.749020
v 0.064374 0.051779 -0.043507 0.749020 0.749020 0.749020
v 0.064245 0.051988 -0.045285 0.749020 0.749020 0.749020
v 0.063789 0.052160 -0.047975 0.749020 0.749020 0.749020
v 0.064380 0.052193 -0.043291 0.749020 0.749020 0.749020
v 0.061744 0.053194 -0.052412 0.749020 0.749020 0.749020
v 0.063763 0.053209 -0.047609 0.749020 0.749020 0.749020
v 0.064819 0.053616 -0.048421 0.749020 0.749020 0.749020
v 0.062387 0.053978 -0.051376 0.749020 0.749020 0.749020
v 0.063872 0.054006 -0.046763 0.749020 0.749020 0.749020
v 0.062937 0.054378 -0.049824 0.749020 0.749020 0.749020
v -0.066206 0.055038 -0.049146 0.749020 0.749020 0.749020
v 0.062155 0.054521 -0.051182 0.749020 0.749020 0.749020
v 0.049434 0.054835 0.035691 0.749020 0.749020 0.749020
v 0.064909 0.054765 0.035372 0.749020 0.749020 0.749020
v 0.049549 0.054847 0.041218 0.749020 0.749020 0.749020
v 0.065022 0.054775 0.040899 0.749020 0.749020 0.749020
v 0.048637 0.054822 -0.002994 0.749020 0.749020 0.749020
v 0.064111 0.054750 -0.003312 0.749020 0.749020 0.749020
v 0.048751 0.054833 0.002533 0.749020 0.749020 0.749020
v 0.064225 0.054762 0.002214 0.749020 0.749020 0.749020
v 0.061937 0.055389 -0.050738 0.749020 0.749020 0.749020
v -0.066216 0.056038 -0.049877 0.749020 0.749020 0.749020
v 0.065996 0.055863 0.034242 0.749020 0.749020 0.749020
v 0.066156 0.055878 0.041979 0.749020 0.749020 0.749020
v 0.062608 0.055706 -0.050021 0.749020 0.749020 0.749020
v 0.063078 0.055720 -0.052401 0.749020 0.749020 0.749020
v 0.065198 0.055849 -0.004442 0.749020 0.749020 0.749020
v 0.065359 0.055865 0.003294 0.749020 0.749020 0.749020
v 0.060789 0.059149 -0.048713 0.749020 0.749020 0.749020
v 0.059940 0.059246 -0.049181 0.749020 0.749020 0.749020
v 0.060885 0.061140 -0.047071 0.749020 0.749020 0.749020
v 0.060990 0.061550 -0.049149 0.749020 0.749020 0.749020
v 0.059070 0.063321 -0.046269 0.749020 0.749020 0.749020
v -0.066061 0.064019 -0.044100 0.749020 0.749020 0.749020
v 0.040041 0.064152 0.056582 0.749020 0.749020 0.749020
v 0.057451 0.064673 -0.045878 0.749020 0.749020 0.749020
v -0.066064 0.065388 -0.044549 0.749020 0.749020 0.749020
v 0.039640 0.065196 0.055482 0.749020 0.749020 0.749020
v 0.058560 0.066068 -0.044112 0.749020 0.749020 0.749020
v 0.058206 0.066848 -0.045801 0.749020 0.749020 0.749020
v 0.056909 0.067145 -0.043834 0.749020 0.749020 0.749020
v 0.055884 0.067158 -0.044225 0.749020 0.749020 0.749020
v 0.057002 0.068479 -0.042564 0.749020 0.749020 0.749020
v 0.055547 0.068970 -0.042608 0.749020 0.749020 0.749020
v 0.056537 0.069173 -0.044202 0.749020 0.749020 0.749020
v 0.053939 0.069492 -0.042585 0.749020 0.749020 0.749020
v 0.053970 0.070607 -0.041471 0.749020 0.749020 0.749020
v 0.055048 0.070746 -0.041054 0.749020 0.749020 0.749020
v 0.051018 0.071226 0.055235 0.749020 0.749020 0.749020
v 0.050475 0.071330 0.056352 0.749020 0.749020 0.749020
v 0.051608 0.071325 0.056328 0.749020 0.749020 0.749020
v 0.051684 0.071251 -0.041279 0.749020 0.749020 0.749020
v 0.054493 0.071328 -0.042640 0.749020 0.749020 0.749020
v 0.049954 0.071619 0.055256 0.749020 0.749020 0.749020
v 0.052086 0.071609 0.055212 0.749020 0.749020 0.749020
v 0.050368 0.071813 -0.040843 0.749020 0.749020 0.749020
v 0.049609 0.072064 0.056368 0.749020 0.749020 0.749020
v 0.052481 0.072051 0.056308 0.749020 0.749020 0.749020
v -0.065902 0.072536 -0.038305 0.749020 0.749020 0.749020
v 0.049045 0.072009 -0.040674 0.749020 0.749020 0.749020
v 0.051796 0.072095 -0.040402 0.749020 0.749020 0.749020
v 0.049392 0.072603 0.055265 0.749020 0.749020 0.749020
v 0.052657 0.072589 0.055198 0.749020 0.749020 0.749020
v 0.050462 0.072585 -0.040037 0.749020 0.749020 0.749020
v 0.052563 0.072600 -0.039777 0.749020 0.749020 0.749020
v 0.049417 0.073182 0.056370 0.749020 0.749020 0.749020
v 0.052005 0.073002 -0.041363 0.749020 0.749020 0.749020
v 0.050910 0.073266 -0.039304 0.749020 0.749020 0.749020
v 0.050592 0.073508 -0.040956 0.749020 0.749020 0.749020
v -0.065863 0.074049 -0.036732 0.749020 0.749020 0.749020
v 0.049085 0.073522 -0.039102 0.749020 0.749020 0.749020
v 0.049594 0.073720 0.055259 0.749020 0.749020 0.749020
v 0.052466 0.073707 0.055200 0.749020 0.749020 0.749020
v -0.065897 0.074227 -0.038414 0.749020 0.749020 0.749020
v 0.049051 0.073701 -0.040784 0.749020 0.749020 0.749020
v 0.052120 0.074152 0.056312 0.749020 0.749020 0.749020
v 0.050466 0.074445 0.055240 0.749020 0.749020 0.749020
v 0.051600 0.074440 0.055217 0.749020 0.749020 0.749020
v 0.034566 0.077715 0.056667 0.749020 0.749020 0.749020
v 0.033980 0.078951 0.055571 0.749020 0.749020 0.749020
v 0.028054 0.090812 0.056775 0.749020 0.749020 0.749020
v 0.045775 0.090844 0.064702 0.749020 0.749020 0.749020
v 0.044153 0.091379 0.064734 0.749020 0.749020 0.749020
v 0.047401 0.091364 0.064668 0.749020 0.749020 0.749020
v 0.027481 0.092201 0.056784 0.749020 0.749020 0.749020
v 0.027254 0.092216 0.055683 0.749020 0.749020 0.749020
v 0.027251 0.092262 0.055958 0.749020 0.749020 0.749020
v 0.027235 0.092630 0.056453 0.749020 0.749020 0.749020
v 0.027259 0.092749 0.056590 0.749020 0.749020 0.749020
v 0.042985 0.092748 0.056463 0.749020 0.749020 0.749020
v 0.048241 0.092724 0.056354 0.749020 0.749020 0.749020
v 0.043156 0.092766 0.064752 0.749020 0.749020 0.749020
v 0.048412 0.092741 0.064644 0.749020 0.749020 0.749020
v 0.027279 0.093565 0.056786 0.749020 0.749020 0.749020
v 0.026652 0.093647 0.055692 0.749020 0.749020 0.749020
v 0.043163 0.094473 0.064749 0.749020 0.749020 0.749020
v 0.048419 0.094449 0.064641 0.749020 0.749020 0.749020
v 0.026438 0.095047 0.055693 0.749020 0.749020 0.749020
v 0.044003 0.095833 0.056436 0.749020 0.749020 0.749020
v 0.047251 0.095818 0.056368 0.749020 0.749020 0.749020
v 0.044174 0.095851 0.064725 0.749020 0.749020 0.749020
v 0.047421 0.095836 0.064658 0.749020 0.749020 0.749020
v 0.045800 0.096371 0.064691 0.749020 0.749020 0.749020
v -0.064695 0.108114 0.012367 0.749020 0.749020 0.749020
v 0.050253 0.107587 0.009999 0.749020 0.749020 0.749020
v 0.051941 0.107580 0.010126 0.749020 0.749020 0.749020
v 0.053616 0.107574 0.010575 0.749020 0.749020 0.749020
v 0.055258 0.107567 0.011342 0.749020 0.749020 0.749020
v 0.056847 0.107563 0.012417 0.749020 0.749020 0.749020
v 0.059791 0.107556 0.015435 0.749020 0.749020 0.749020
v -0.064494 0.108135 0.022100 0.749020 0.749020 0.749020
v 0.062310 0.107553 0.019487 0.749020 0.749020 0.749020
v 0.062610 0.107731 0.020347 0.749020 0.749020 0.749020
v -0.064470 0.108433 0.023206 0.749020 0.749020 0.749020
v 0.062625 0.108250 0.021088 0.749020 0.749020 0.749020
v -0.064449 0.109243 0.024013 0.749020 0.749020 0.749020
v 0.062348 0.109007 0.021559 0.749020 0.749020 0.749020
v -0.064439 0.110349 0.024306 0.749020 0.749020 0.749020
v 0.061870 0.109770 0.021703 0.749020 0.749020 0.749020
v 0.066372 0.110045 0.040475 0.749020 0.749020 0.749020
v 0.067478 0.110040 0.040452 0.749020 0.749020 0.749020
v 0.066623 0.110070 0.052623 0.749020 0.749020 0.749020
v 0.064458 0.110084 0.054879 0.749020 0.749020 0.749020
v 0.067072 0.110920 0.036049 0.749020 0.749020 0.749020
v 0.065749 0.110965 0.034877 0.749020 0.749020 0.749020
v 0.064167 0.111191 0.054883 0.749020 0.749020 0.749020
v 0.060263 0.111617 0.021732 0.749020 0.749020 0.749020
v 0.066044 0.111739 0.040478 0.749020 0.749020 0.749020
v 0.066295 0.111763 0.052626 0.749020 0.749020 0.749020
v 0.066046 0.111768 0.031830 0.749020 0.749020 0.749020
v 0.064140 0.111828 0.029671 0.749020 0.749020 0.749020
v 0.065737 0.111853 0.036808 0.749020 0.749020 0.749020
v 0.063362 0.112005 0.054898 0.749020 0.749020 0.749020
v 0.067067 0.112157 0.040456 0.749020 0.749020 0.749020
v 0.066861 0.112198 0.037362 0.749020 0.749020 0.749020
v 0.062999 0.112221 0.027325 0.749020 0.749020 0.749020
v 0.026517 0.112469 0.055657 0.749020 0.749020 0.749020
v 0.062258 0.112306 0.054920 0.749020 0.749020 0.749020
v 0.064915 0.112283 0.033274 0.749020 0.749020 0.749020
v 0.064436 0.112555 0.027954 0.749020 0.749020 0.749020
v 0.061656 0.112578 0.025202 0.749020 0.749020 0.749020
v 0.066218 0.112648 0.034353 0.749020 0.749020 0.749020
v 0.063721 0.112681 0.029971 0.749020 0.749020 0.749020
v 0.060134 0.112895 0.023339 0.749020 0.749020 0.749020
v 0.065081 0.112910 0.036884 0.749020 0.749020 0.749020
v 0.062187 0.113037 0.026986 0.749020 0.749020 0.749020
v 0.058458 0.113165 0.021767 0.749020 0.749020 0.749020
v 0.065092 0.113178 0.040495 0.749020 0.749020 0.749020
v 0.065343 0.113203 0.052644 0.749020 0.749020 0.749020
v 0.064243 0.113178 0.033422 0.749020 0.749020 0.749020
v 0.062307 0.113247 0.024571 0.749020 0.749020 0.749020
v 0.064817 0.113253 0.030257 0.749020 0.749020 0.749020
v 0.064621 0.113383 0.036937 0.749020 0.749020 0.749020
v 0.059843 0.113414 0.023811 0.749020 0.749020 0.749020
v 0.063068 0.113419 0.030192 0.749020 0.749020 0.749020
v 0.066050 0.113555 0.037441 0.749020 0.749020 0.749020
v 0.063805 0.113571 0.033520 0.749020 0.749020 0.749020
v 0.061584 0.113633 0.027277 0.749020 0.749020 0.749020
v 0.057500 0.113728 0.021785 0.749020 0.749020 0.749020
v 0.062662 0.113741 0.030329 0.749020 0.749020 0.749020
v 0.062904 0.113786 0.026604 0.749020 0.749020 0.749020
v 0.059740 0.113818 0.021812 0.749020 0.749020 0.749020
v 0.065382 0.113837 0.034505 0.749020 0.749020 0.749020
v 0.059342 0.113859 0.024180 0.749020 0.749020 0.749020
v 0.061225 0.113892 0.027451 0.749020 0.749020 0.749020
v 0.065877 0.113957 0.040477 0.749020 0.749020 0.749020
v 0.066196 0.113988 0.055940 0.749020 0.749020 0.749020
v 0.063697 0.114010 0.037046 0.749020 0.749020 0.749020
v 0.056735 0.114032 0.021813 0.749020 0.749020 0.749020
v 0.059054 0.114049 0.024392 0.749020 0.749020 0.749020
v 0.062953 0.114090 0.033708 0.749020 0.749020 0.749020
v 0.063662 0.114144 0.040522 0.749020 0.749020 0.749020
v 0.063913 0.114168 0.052670 0.749020 0.749020 0.749020
v 0.061901 0.114162 0.030588 0.749020 0.749020 0.749020
v 0.056532 0.114171 0.022054 0.749020 0.749020 0.749020
v 0.065468 0.114168 0.037498 0.749020 0.749020 0.749020
v 0.056138 0.114195 0.021812 0.749020 0.749020 0.749020
v 0.063995 0.114208 0.030517 0.749020 0.749020 0.749020
v 0.060564 0.114226 0.027771 0.749020 0.749020 0.749020
v 0.060555 0.114233 0.023526 0.749020 0.749020 0.749020
v 0.056832 0.114247 0.019783 0.749020 0.749020 0.749020
v 0.058537 0.114294 0.024772 0.749020 0.749020 0.749020
v 0.056174 0.114349 0.022479 0.749020 0.749020 0.749020
v 0.064819 0.114368 0.034608 0.749020 0.749020 0.749020
v 0.062646 0.114382 0.037169 0.749020 0.749020 0.749020
v 0.062009 0.114396 0.033918 0.749020 0.749020 0.749020
v 0.061073 0.114409 0.030870 0.749020 0.749020 0.749020
v 0.059859 0.114422 0.028112 0.749020 0.749020 0.749020
v 0.057995 0.114438 0.025171 0.749020 0.749020 0.749020
v 0.055803 0.114453 0.022919 0.749020 0.749020 0.749020
v -0.037286 0.114903 0.023737 0.749020 0.749020 0.749020
v 0.053239 0.114487 0.021871 0.749020 0.749020 0.749020
v -0.028460 0.114864 0.024437 0.749020 0.749020 0.749020
v 0.054988 0.114481 0.022878 0.749020 0.749020 0.749020
v 0.056625 0.114477 0.024373 0.749020 0.749020 0.749020
v -0.019756 0.114828 0.026058 0.749020 0.749020 0.749020
v 0.058108 0.114475 0.026317 0.749020 0.749020 0.749020
v -0.011270 0.114795 0.028584 0.749020 0.749020 0.749020
v 0.059394 0.114474 0.028655 0.749020 0.749020 0.749020
v -0.003096 0.114765 0.031987 0.749020 0.749020 0.749020
v 0.060448 0.114474 0.031324 0.749020 0.749020 0.749020
v 0.061242 0.114478 0.034252 0.749020 0.749020 0.749020
v 0.004675 0.114738 0.036228 0.749020 0.749020 0.749020
v 0.061755 0.114481 0.037357 0.749020 0.749020 0.749020
v 0.011958 0.114715 0.041263 0.749020 0.749020 0.749020
v 0.061973 0.114487 0.040556 0.749020 0.749020 0.749020
v 0.018672 0.114697 0.047033 0.749020 0.749020 0.749020
v 0.024745 0.114684 0.053477 0.749020 0.749020 0.749020
v 0.062223 0.114512 0.052705 0.749020 0.749020 0.749020
v 0.053698 0.114517 0.018562 0.749020 0.749020 0.749020
v 0.062153 0.114530 0.026968 0.749020 0.749020 0.749020
v 0.057852 0.114581 0.021149 0.749020 0.749020 0.749020
v 0.050454 0.114618 0.018194 0.749020 0.749020 0.749020
v 0.063477 0.114628 0.030681 0.749020 0.749020 0.749020
v 0.056085 0.114738 0.020086 0.749020 0.749020 0.749020
v 0.059923 0.114797 0.023982 0.749020 0.749020 0.749020
v 0.054248 0.114856 0.019324 0.749020 0.749020 0.749020
v 0.061700 0.114853 0.027186 0.749020 0.749020 0.749020
v 0.052367 0.114931 0.018879 0.749020 0.749020 0.749020
v 0.064301 0.114977 0.037614 0.749020 0.749020 0.749020
v 0.057380 0.115003 0.021677 0.749020 0.749020 0.749020
v 0.059556 0.115039 0.024247 0.749020 0.749020 0.749020
v 0.063722 0.115062 0.034808 0.749020 0.749020 0.749020
v 0.055724 0.115098 0.020646 0.749020 0.749020 0.749020
v -0.064471 0.115684 0.021535 0.749020 0.749020 0.749020
v 0.050476 0.115157 0.019166 0.749020 0.749020 0.749020
v 0.064090 0.115163 0.040512 0.749020 0.749020 0.749020
v 0.064409 0.115194 0.055976 0.749020 0.749020 0.749020
v 0.054008 0.115168 0.019908 0.749020 0.749020 0.749020
v 0.062505 0.115174 0.030990 0.749020 0.749020 0.749020
v 0.057113 0.115183 0.021977 0.749020 0.749020 0.749020
v 0.052253 0.115214 0.019476 0.749020 0.749020 0.749020
v 0.055522 0.115250 0.020961 0.749020 0.749020 0.749020
v 0.060877 0.115270 0.027586 0.749020 0.749020 0.749020
v 0.053874 0.115300 0.020233 0.749020 0.749020 0.749020
v 0.052188 0.115334 0.019807 0.749020 0.749020 0.749020
v -0.064416 0.115877 0.024199 0.749020 0.749020 0.749020
v -0.041365 0.115771 0.023724 0.749020 0.749020 0.749020
v -0.041365 0.115771 0.023727 0.749020 0.749020 0.749020
v -0.040003 0.115765 0.023707 0.749020 0.749020 0.749020
v -0.038642 0.115759 0.023710 0.749020 0.749020 0.749020
v -0.064413 0.115877 0.024295 0.749020 0.749020 0.749020
v -0.037282 0.115753 0.023736 0.749020 0.749020 0.749020
v 0.058902 0.115351 0.024719 0.749020 0.749020 0.749020
v 0.056642 0.115415 0.022502 0.749020 0.749020 0.749020
v 0.055169 0.115446 0.021509 0.749020 0.749020 0.749020
v 0.062968 0.115459 0.037747 0.749020 0.749020 0.749020
v 0.053641 0.115469 0.020797 0.749020 0.749020 0.749020
v 0.050500 0.115489 0.020226 0.749020 0.749020 0.749020
v 0.052078 0.115487 0.020380 0.749020 0.749020 0.749020
v 0.062494 0.115474 0.035032 0.749020 0.749020 0.749020
v 0.061445 0.115495 0.031327 0.749020 0.749020 0.749020
v 0.060000 0.115514 0.028012 0.749020 0.749020 0.749020
v 0.058215 0.115532 0.025213 0.749020 0.749020 0.749020
v 0.056156 0.115548 0.023046 0.749020 0.749020 0.749020
v 0.054805 0.115559 0.022074 0.749020 0.749020 0.749020
v 0.053402 0.115567 0.021375 0.749020 0.749020 0.749020
v 0.051965 0.115575 0.020966 0.749020 0.749020 0.749020
v 0.050523 0.115604 0.021332 0.749020 0.749020 0.749020
v 0.052687 0.115595 0.021661 0.749020 0.749020 0.749020
v -0.064414 0.116132 0.024198 0.749020 0.749020 0.749020
v -0.041363 0.116027 0.023723 0.749020 0.749020 0.749020
v -0.041363 0.116027 0.023726 0.749020 0.749020 0.749020
v -0.031484 0.115982 0.024089 0.749020 0.749020 0.749020
v 0.054783 0.115588 0.022725 0.749020 0.749020 0.749020
v -0.021715 0.115942 0.025607 0.749020 0.749020 0.749020
v 0.056731 0.115583 0.024484 0.749020 0.749020 0.749020
v -0.012190 0.115903 0.028258 0.749020 0.749020 0.749020
v 0.058457 0.115579 0.026868 0.749020 0.749020 0.749020
v 0.059891 0.115579 0.029787 0.749020 0.749020 0.749020
v -0.003043 0.115870 0.032008 0.749020 0.749020 0.749020
v 0.060983 0.115582 0.033128 0.749020 0.749020 0.749020
v 0.005603 0.115841 0.036803 0.749020 0.749020 0.749020
v 0.061687 0.115586 0.036764 0.749020 0.749020 0.749020
v 0.061978 0.115593 0.040554 0.749020 0.749020 0.749020
v 0.013627 0.115817 0.042579 0.749020 0.749020 0.749020
v 0.020919 0.115798 0.049254 0.749020 0.749020 0.749020
v 0.027379 0.115784 0.056737 0.749020 0.749020 0.749020
v 0.066544 0.007047 0.018019 0.921569 0.921569 0.921569
v 0.066487 -0.005484 0.018046 0.921569 0.921569 0.921569
v 0.066703 0.018446 0.023222 0.921569 0.921569 0.921569
v 0.066542 -0.016860 0.023297 0.921569 0.921569 0.921569
v 0.070687 -0.004070 0.023370 0.921569 0.921569 0.921569
v 0.070735 0.006130 0.023460 0.921569 0.921569 0.921569
v 0.070731 -0.013368 0.027565 0.921569 0.921569 0.921569
v 0.070867 0.015350 0.027820 0.921569 0.921569 0.921569
v 0.072274 -0.003702 0.030211 0.921569 0.921569 0.921569
v 0.072319 0.005626 0.030294 0.921569 0.921569 0.921569
v 0.066936 0.026634 0.032705 0.921569 0.921569 0.921569
v 0.066702 -0.025009 0.032815 0.921569 0.921569 0.921569
v 0.072338 -0.011668 0.035067 0.921569 0.921569 0.921569
v 0.070859 -0.020048 0.035272 0.921569 0.921569 0.921569
v 0.072459 0.013503 0.035292 0.921569 0.921569 0.921569
v 0.071059 0.021892 0.035645 0.921569 0.921569 0.921569
v 0.072490 -0.015865 0.043397 0.921569 0.921569 0.921569
v 0.072649 0.017549 0.043694 0.921569 0.921569 0.921569
v 0.067200 0.030116 0.044740 0.921569 0.921569 0.921569
v 0.066934 -0.028444 0.044864 0.921569 0.921569 0.921569
v 0.071049 -0.022881 0.045099 0.921569 0.921569 0.921569
v 0.071274 0.024547 0.045492 0.921569 0.921569 0.921569
v 0.072686 -0.015030 0.052686 0.921569 0.921569 0.921569
v 0.072837 0.016547 0.052967 0.921569 0.921569 0.921569
v 0.072837 0.016573 0.052976 0.921569 0.921569 0.921569
v 0.072053 -0.019308 0.054351 0.921569 0.921569 0.921569
v 0.071459 0.022966 0.055236 0.921569 0.921569 0.921569
v 0.070174 -0.023245 0.055911 0.921569 0.921569 0.921569
v 0.067447 0.028260 0.057131 0.921569 0.921569 0.921569
v 0.067198 -0.026536 0.057246 0.921569 0.921569 0.921569
v 0.068152 0.017167 0.093766 0.921569 0.921569 0.921569
v 0.071122 0.013452 0.093713 0.921569 0.921569 0.921569
v 0.072993 0.009020 0.093683 0.921569 0.921569 0.921569
v 0.073619 0.004221 0.093680 0.921569 0.921569 0.921569
v 0.073603 0.000783 0.093687 0.921569 0.921569 0.921569
v 0.072933 -0.004128 0.093711 0.921569 0.921569 0.921569
v 0.071022 -0.008649 0.093760 0.921569 0.921569 0.921569
v 0.068017 -0.012429 0.093829 0.921569 0.921569 0.921569
v 0.065710 -0.045734 -0.010681 0.921569 0.921569 0.921569
v 0.065681 -0.045595 -0.012113 0.921569 0.921569 0.921569
v 0.066866 -0.045510 -0.011709 0.921569 0.921569 0.921569
v 0.066968 -0.045477 -0.010772 0.921569 0.921569 0.921569
v 0.066949 -0.045276 -0.010233 0.921569 0.921569 0.921569
v 0.066619 -0.045181 -0.012557 0.921569 0.921569 0.921569
v 0.067664 -0.045031 -0.011809 0.921569 0.921569 0.921569
v 0.067804 -0.044966 -0.010914 0.921569 0.921569 0.921569
v 0.065739 -0.044963 -0.009467 0.921569 0.921569 0.921569
v 0.067306 -0.044808 -0.012614 0.921569 0.921569 0.921569
v 0.067770 -0.044787 -0.010390 0.921569 0.921569 0.921569
v 0.065664 -0.044605 -0.013157 0.921569 0.921569 0.921569
v 0.066738 -0.044543 -0.009387 0.921569 0.921569 0.921569
v 0.067449 -0.044170 -0.009539 0.921569 0.921569 0.921569
v 0.067203 -0.044032 -0.013242 0.921569 0.921569 0.921569
v 0.068683 -0.043864 -0.012022 0.921569 0.921569 0.921569
v 0.068298 -0.043804 -0.012740 0.921569 0.921569 0.921569
v 0.068830 -0.043758 -0.011226 0.921569 0.921569 0.921569
v 0.068791 -0.043617 -0.010750 0.921569 0.921569 0.921569
v 0.065755 -0.043608 -0.008985 0.921569 0.921569 0.921569
v 0.068441 -0.043199 -0.009927 0.921569 0.921569 0.921569
v 0.067290 -0.043086 -0.009230 0.921569 0.921569 0.921569
v 0.068157 -0.043034 -0.013352 0.921569 0.921569 0.921569
v 0.069171 -0.042276 -0.012916 0.921569 0.921569 0.921569
v 0.069482 -0.042244 -0.012297 0.921569 0.921569 0.921569
v 0.068237 -0.042172 -0.009612 0.921569 0.921569 0.921569
v 0.069600 -0.042128 -0.011623 0.921569 0.921569 0.921569
v 0.069569 -0.042022 -0.011216 0.921569 0.921569 0.921569
v 0.069291 -0.041748 -0.010474 0.921569 0.921569 0.921569
v 0.069340 -0.040824 -0.013565 0.921569 0.921569 0.921569
v 0.069847 -0.040414 -0.013133 0.921569 0.921569 0.921569
v 0.070068 -0.040351 -0.012612 0.921569 0.921569 0.921569
v 0.070151 -0.040248 -0.012058 0.921569 0.921569 0.921569
v 0.070132 -0.040169 -0.011721 0.921569 0.921569 0.921569
v 0.069408 -0.040135 -0.010415 0.921569 0.921569 0.921569
v 0.069939 -0.039982 -0.011086 0.921569 0.921569 0.921569
v 0.070569 -0.036269 -0.013931 0.921569 0.921569 0.921569
v 0.070612 -0.035880 -0.011933 0.921569 0.921569 0.921569
v 0.065617 -0.034330 -0.017736 0.921569 0.921569 0.921569
v 0.071102 -0.032134 -0.014023 0.921569 0.921569 0.921569
v 0.071127 -0.032106 -0.013851 0.921569 0.921569 0.921569
v 0.071138 -0.032076 -0.013677 0.921569 0.921569 0.921569
v 0.071137 -0.032058 -0.013572 0.921569 0.921569 0.921569
v 0.071121 -0.032021 -0.013362 0.921569 0.921569 0.921569
v 0.071245 -0.027179 -0.014452 0.921569 0.921569 0.921569
v 0.065598 -0.023577 -0.021041 0.921569 0.921569 0.921569
v 0.068377 -0.023125 -0.020449 0.921569 0.921569 0.921569
v 0.070442 -0.022664 -0.018523 0.921569 0.921569 0.921569
v 0.065608 -0.012504 -0.023026 0.921569 0.921569 0.921569
v 0.065987 -0.012403 -0.023032 0.921569 0.921569 0.921569
v 0.066294 -0.012167 -0.023036 0.921569 0.921569 0.921569
v 0.066751 -0.011537 -0.023039 0.921569 0.921569 0.921569
v 0.067353 -0.010068 -0.023036 0.921569 0.921569 0.921569
v 0.071256 -0.009676 -0.017882 0.921569 0.921569 0.921569
v 0.068013 -0.007034 -0.023017 0.921569 0.921569 0.921569
v 0.068453 -0.000691 -0.022959 0.921569 0.921569 0.921569
v 0.070492 -0.000721 -0.020991 0.921569 0.921569 0.921569
v 0.068074 0.005656 -0.022883 0.921569 0.921569 0.921569
v 0.071341 0.008158 -0.017694 0.921569 0.921569 0.921569
v 0.067443 0.008696 -0.022837 0.921569 0.921569 0.921569
v 0.066856 0.010170 -0.022810 0.921569 0.921569 0.921569
v 0.066404 0.010804 -0.022794 0.921569 0.921569 0.921569
v 0.066100 0.011043 -0.022785 0.921569 0.921569 0.921569
v 0.065722 0.011148 -0.022776 0.921569 0.921569 0.921569
v 0.070652 0.021163 -0.018060 0.921569 0.921569 0.921569
v 0.068592 0.021684 -0.019975 0.921569 0.921569 0.921569
v 0.065818 0.022176 -0.020557 0.921569 0.921569 0.921569
v 0.071500 0.025582 -0.013895 0.921569 0.921569 0.921569
v 0.071500 0.025628 -0.013886 0.921569 0.921569 0.921569
v 0.071500 0.025628 -0.013884 0.921569 0.921569 0.921569
v 0.071500 0.025628 -0.013882 0.921569 0.921569 0.921569
v 0.071500 0.025629 -0.013890 0.921569 0.921569 0.921569
v 0.071500 0.025629 -0.013888 0.921569 0.921569 0.921569
v 0.071500 0.025628 -0.013887 0.921569 0.921569 0.921569
v 0.071421 0.030411 -0.012700 0.921569 0.921569 0.921569
v 0.071437 0.030452 -0.012910 0.921569 0.921569 0.921569
v 0.071438 0.030473 -0.013015 0.921569 0.921569 0.921569
v 0.071428 0.030506 -0.013188 0.921569 0.921569 0.921569
v 0.071403 0.030538 -0.013360 0.921569 0.921569 0.921569
v 0.065939 0.032855 -0.017025 0.921569 0.921569 0.921569
v 0.070944 0.034258 -0.011183 0.921569 0.921569 0.921569
v 0.070909 0.034666 -0.013181 0.921569 0.921569 0.921569
v 0.070314 0.038326 -0.010257 0.921569 0.921569 0.921569
v 0.069781 0.038478 -0.009578 0.921569 0.921569 0.921569
v 0.070509 0.038524 -0.010889 0.921569 0.921569 0.921569
v 0.070529 0.038610 -0.011223 0.921569 0.921569 0.921569
v 0.070447 0.038725 -0.011775 0.921569 0.921569 0.921569
v 0.070227 0.038802 -0.012295 0.921569 0.921569 0.921569
v 0.069725 0.039224 -0.012718 0.921569 0.921569 0.921569
v 0.068630 0.040503 -0.008736 0.921569 0.921569 0.921569
v 0.068562 0.041440 -0.012459 0.921569 0.921569 0.921569
v 0.067693 0.041415 -0.008335 0.921569 0.921569 0.921569
v 0.068862 0.041512 -0.009038 0.921569 0.921569 0.921569
v 0.069215 0.041943 -0.009852 0.921569 0.921569 0.921569
v 0.066166 0.041944 -0.008081 0.921569 0.921569 0.921569
v 0.069254 0.042092 -0.010323 0.921569 0.921569 0.921569
v 0.068319 0.042127 -0.008781 0.921569 0.921569 0.921569
v 0.068723 0.042178 -0.011832 0.921569 0.921569 0.921569
v 0.069108 0.042217 -0.011116 0.921569 0.921569 0.921569
v 0.067619 0.042445 -0.012328 0.921569 0.921569 0.921569
v 0.068678 0.042666 -0.009616 0.921569 0.921569 0.921569
v 0.067519 0.042715 -0.008533 0.921569 0.921569 0.921569
v 0.068178 0.042821 -0.011742 0.921569 0.921569 0.921569
v 0.068717 0.042839 -0.010117 0.921569 0.921569 0.921569
v 0.068568 0.042945 -0.010971 0.921569 0.921569 0.921569
v 0.066085 0.043030 -0.012231 0.921569 0.921569 0.921569
v 0.066163 0.043310 -0.008535 0.921569 0.921569 0.921569
v 0.067392 0.043421 -0.011648 0.921569 0.921569 0.921569
v 0.067801 0.043410 -0.009368 0.921569 0.921569 0.921569
v 0.067830 0.043612 -0.009896 0.921569 0.921569 0.921569
v 0.067707 0.043682 -0.010814 0.921569 0.921569 0.921569
v 0.066112 0.043998 -0.011167 0.921569 0.921569 0.921569
v 0.066141 0.044107 -0.009732 0.921569 0.921569 0.921569
v -0.065454 -0.116021 0.025394 0.956863 0.956863 0.956863
v -0.064349 -0.116026 0.025372 0.956863 0.956863 0.956863
v -0.064296 -0.116021 0.027921 0.956863 0.956863 0.956863
v -0.064663 -0.116019 0.028035 0.956863 0.956863 0.956863
v -0.065029 -0.116016 0.028151 0.956863 0.956863 0.956863
v -0.065395 -0.116015 0.028268 0.956863 0.956863 0.956863
v -0.065476 -0.115911 0.024288 0.956863 0.956863 0.956863
v -0.064371 -0.115916 0.024265 0.956863 0.956863 0.956863
v -0.065497 -0.115583 0.023226 0.956863 0.956863 0.956863
v -0.064391 -0.115588 0.023203 0.956863 0.956863 0.956863
v -0.065514 -0.115048 0.022252 0.956863 0.956863 0.956863
v -0.064409 -0.115053 0.022229 0.956863 0.956863 0.956863
v -0.065503 -0.112732 0.022329 0.956863 0.956863 0.956863
v -0.064408 -0.112638 0.021738 0.956863 0.956863 0.956863
v -0.064385 -0.112636 0.022872 0.956863 0.956863 0.956863
v -0.065523 -0.112346 0.021262 0.956863 0.956863 0.956863
v -0.065478 -0.112342 0.023393 0.956863 0.956863 0.956863
v -0.064423 -0.111911 0.020868 0.956863 0.956863 0.956863
v -0.064364 -0.111905 0.023740 0.956863 0.956863 0.956863
v -0.065530 -0.111365 0.020693 0.956863 0.956863 0.956863
v -0.065462 -0.111358 0.023958 0.956863 0.956863 0.956863
v -0.064421 -0.110794 0.020669 0.956863 0.956863 0.956863
v -0.064354 -0.110787 0.023934 0.956863 0.956863 0.956863
v -0.065520 -0.110247 0.020887 0.956863 0.956863 0.956863
v -0.065461 -0.110241 0.023759 0.956863 0.956863 0.956863
v -0.064405 -0.109811 0.021234 0.956863 0.956863 0.956863
v -0.064362 -0.109806 0.023365 0.956863 0.956863 0.956863
v -0.065499 -0.109517 0.021754 0.956863 0.956863 0.956863
v -0.065476 -0.109514 0.022888 0.956863 0.956863 0.956863
v -0.064382 -0.109421 0.022298 0.956863 0.956863 0.956863
v -0.065594 -0.100675 0.015193 0.956863 0.956863 0.956863
v -0.064488 -0.100680 0.015170 0.956863 0.956863 0.956863
v -0.065457 -0.100662 0.021825 0.956863 0.956863 0.956863
v -0.064351 -0.100667 0.021802 0.956863 0.956863 0.956863
v -0.065615 -0.100381 0.014087 0.956863 0.956863 0.956863
v -0.064510 -0.100386 0.014064 0.956863 0.956863 0.956863
v -0.065434 -0.100363 0.022929 0.956863 0.956863 0.956863
v -0.064328 -0.100368 0.022907 0.956863 0.956863 0.956863
v -0.065629 -0.099574 0.013277 0.956863 0.956863 0.956863
v -0.064524 -0.099579 0.013253 0.956863 0.956863 0.956863
v -0.065413 -0.099552 0.023736 0.956863 0.956863 0.956863
v -0.064308 -0.099557 0.023714 0.956863 0.956863 0.956863
v -0.065629 -0.098469 0.012978 0.956863 0.956863 0.956863
v -0.064524 -0.098474 0.012955 0.956863 0.956863 0.956863
v -0.065401 -0.098446 0.024031 0.956863 0.956863 0.956863
v -0.064296 -0.098451 0.024008 0.956863 0.956863 0.956863
v -0.065624 -0.097363 0.012976 0.956863 0.956863 0.956863
v -0.064519 -0.097368 0.012953 0.956863 0.956863 0.956863
v -0.065396 -0.097340 0.024028 0.956863 0.956863 0.956863
v -0.064292 -0.097345 0.024006 0.956863 0.956863 0.956863
v -0.065614 -0.096257 0.013269 0.956863 0.956863 0.956863
v -0.064508 -0.096263 0.013247 0.956863 0.956863 0.956863
v -0.065398 -0.096236 0.023730 0.956863 0.956863 0.956863
v -0.064292 -0.096241 0.023707 0.956863 0.956863 0.956863
v -0.065593 -0.095446 0.014076 0.956863 0.956863 0.956863
v -0.064488 -0.095451 0.014054 0.956863 0.956863 0.956863
v -0.065411 -0.095428 0.022918 0.956863 0.956863 0.956863
v -0.064305 -0.095433 0.022896 0.956863 0.956863 0.956863
v -0.065569 -0.095148 0.015181 0.956863 0.956863 0.956863
v -0.064463 -0.095153 0.015158 0.956863 0.956863 0.956863
v -0.065431 -0.095134 0.021812 0.956863 0.956863 0.956863
v -0.064326 -0.095139 0.021790 0.956863 0.956863 0.956863
v -0.065949 -0.078610 -0.006960 0.956863 0.956863 0.956863
v -0.064844 -0.078615 -0.006983 0.956863 0.956863 0.956863
v -0.065813 -0.078597 -0.000328 0.956863 0.956863 0.956863
v -0.064708 -0.078602 -0.000351 0.956863 0.956863 0.956863
v -0.065493 -0.078566 0.015146 0.956863 0.956863 0.956863
v -0.064388 -0.078570 0.015124 0.956863 0.956863 0.956863
v -0.065357 -0.078551 0.021778 0.956863 0.956863 0.956863
v -0.064251 -0.078557 0.021755 0.956863 0.956863 0.956863
v -0.065971 -0.078316 -0.008065 0.956863 0.956863 0.956863
v -0.064866 -0.078321 -0.008088 0.956863 0.956863 0.956863
v -0.065789 -0.078299 0.000777 0.956863 0.956863 0.956863
v -0.064683 -0.078304 0.000754 0.956863 0.956863 0.956863
v -0.065515 -0.078271 0.014040 0.956863 0.956863 0.956863
v -0.064409 -0.078276 0.014017 0.956863 0.956863 0.956863
v -0.065333 -0.078253 0.022882 0.956863 0.956863 0.956863
v -0.064228 -0.078258 0.022859 0.956863 0.956863 0.956863
v -0.065984 -0.077508 -0.008876 0.956863 0.956863 0.956863
v -0.064878 -0.077513 -0.008898 0.956863 0.956863 0.956863
v -0.065768 -0.077488 0.001585 0.956863 0.956863 0.956863
v -0.064662 -0.077493 0.001561 0.956863 0.956863 0.956863
v -0.065528 -0.077464 0.013229 0.956863 0.956863 0.956863
v -0.064423 -0.077468 0.013206 0.956863 0.956863 0.956863
v -0.065312 -0.077442 0.023689 0.956863 0.956863 0.956863
v -0.064207 -0.077448 0.023667 0.956863 0.956863 0.956863
v -0.065984 -0.076404 -0.009175 0.956863 0.956863 0.956863
v -0.064879 -0.076409 -0.009197 0.956863 0.956863 0.956863
v -0.065757 -0.076381 0.001878 0.956863 0.956863 0.956863
v -0.064652 -0.076386 0.001855 0.956863 0.956863 0.956863
v -0.065529 -0.076359 0.012930 0.956863 0.956863 0.956863
v -0.064423 -0.076364 0.012908 0.956863 0.956863 0.956863
v -0.065301 -0.076336 0.023983 0.956863 0.956863 0.956863
v -0.064196 -0.076342 0.023961 0.956863 0.956863 0.956863
v -0.065979 -0.075298 -0.009177 0.956863 0.956863 0.956863
v -0.064874 -0.075303 -0.009199 0.956863 0.956863 0.956863
v -0.065752 -0.075276 0.001876 0.956863 0.956863 0.956863
v -0.064647 -0.075281 0.001853 0.956863 0.956863 0.956863
v -0.065524 -0.075253 0.012928 0.956863 0.956863 0.956863
v -0.064418 -0.075259 0.012906 0.956863 0.956863 0.956863
v -0.065296 -0.075231 0.023981 0.956863 0.956863 0.956863
v -0.064191 -0.075236 0.023959 0.956863 0.956863 0.956863
v -0.065969 -0.074192 -0.008883 0.956863 0.956863 0.956863
v -0.064863 -0.074197 -0.008906 0.956863 0.956863 0.956863
v -0.065753 -0.074171 0.001578 0.956863 0.956863 0.956863
v -0.064648 -0.074176 0.001554 0.956863 0.956863 0.956863
v -0.065513 -0.074147 0.013222 0.956863 0.956863 0.956863
v -0.064408 -0.074152 0.013200 0.956863 0.956863 0.956863
v -0.065297 -0.074125 0.023682 0.956863 0.956863 0.956863
v -0.064192 -0.074130 0.023660 0.956863 0.956863 0.956863
v -0.065463 -0.073548 -0.038123 0.956863 0.956863 0.956863
v -0.065948 -0.073380 -0.008076 0.956863 0.956863 0.956863
v -0.064843 -0.073385 -0.008099 0.956863 0.956863 0.956863
v -0.065766 -0.073363 0.000767 0.956863 0.956863 0.956863
v -0.064660 -0.073368 0.000743 0.956863 0.956863 0.956863
v -0.065493 -0.073336 0.014029 0.956863 0.956863 0.956863
v -0.064387 -0.073341 0.014007 0.956863 0.956863 0.956863
v -0.065310 -0.073318 0.022872 0.956863 0.956863 0.956863
v -0.064205 -0.073323 0.022849 0.956863 0.956863 0.956863
v -0.065924 -0.073082 -0.006971 0.956863 0.956863 0.956863
v -0.064819 -0.073087 -0.006995 0.956863 0.956863 0.956863
v -0.065788 -0.073069 -0.000339 0.956863 0.956863 0.956863
v -0.064683 -0.073074 -0.000363 0.956863 0.956863 0.956863
v -0.065468 -0.073038 0.015134 0.956863 0.956863 0.956863
v -0.064363 -0.073043 0.015111 0.956863 0.956863 0.956863
v -0.065331 -0.073025 0.021766 0.956863 0.956863 0.956863
v -0.064227 -0.073029 0.021743 0.956863 0.956863 0.956863
v -0.066655 -0.064727 -0.044272 0.956863 0.956863 0.956863
v -0.065550 -0.064732 -0.044295 0.956863 0.956863 0.956863
v -0.066305 -0.056544 -0.029112 0.956863 0.956863 0.956863
v -0.065200 -0.056550 -0.029135 0.956863 0.956863 0.956863
v -0.066168 -0.056532 -0.022481 0.956863 0.956863 0.956863
v -0.065063 -0.056537 -0.022503 0.956863 0.956863 0.956863
v -0.065848 -0.056501 -0.007006 0.956863 0.956863 0.956863
v -0.064743 -0.056506 -0.007029 0.956863 0.956863 0.956863
v -0.065712 -0.056487 -0.000374 0.956863 0.956863 0.956863
v -0.064607 -0.056492 -0.000397 0.956863 0.956863 0.956863
v -0.065393 -0.056455 0.015099 0.956863 0.956863 0.956863
v -0.064287 -0.056460 0.015077 0.956863 0.956863 0.956863
v -0.065256 -0.056442 0.021731 0.956863 0.956863 0.956863
v -0.064151 -0.056447 0.021708 0.956863 0.956863 0.956863
v -0.066326 -0.056251 -0.030218 0.956863 0.956863 0.956863
v -0.065221 -0.056256 -0.030241 0.956863 0.956863 0.956863
v -0.066144 -0.056233 -0.021376 0.956863 0.956863 0.956863
v -0.065038 -0.056238 -0.021398 0.956863 0.956863 0.956863
v -0.065871 -0.056206 -0.008112 0.956863 0.956863 0.956863
v -0.064765 -0.056212 -0.008135 0.956863 0.956863 0.956863
v -0.065688 -0.056188 0.000730 0.956863 0.956863 0.956863
v -0.064583 -0.056193 0.000707 0.956863 0.956863 0.956863
v -0.065414 -0.056161 0.013993 0.956863 0.956863 0.956863
v -0.064310 -0.056166 0.013970 0.956863 0.956863 0.956863
v -0.065232 -0.056143 0.022836 0.956863 0.956863 0.956863
v -0.064127 -0.056148 0.022812 0.956863 0.956863 0.956863
v -0.066339 -0.055444 -0.031029 0.956863 0.956863 0.956863
v -0.065234 -0.055448 -0.031051 0.956863 0.956863 0.956863
v -0.066123 -0.055422 -0.020568 0.956863 0.956863 0.956863
v -0.065018 -0.055427 -0.020591 0.956863 0.956863 0.956863
v -0.065884 -0.055399 -0.008923 0.956863 0.956863 0.956863
v -0.064778 -0.055404 -0.008946 0.956863 0.956863 0.956863
v -0.065668 -0.055377 0.001538 0.956863 0.956863 0.956863
v -0.064562 -0.055382 0.001514 0.956863 0.956863 0.956863
v -0.065428 -0.055354 0.013182 0.956863 0.956863 0.956863
v -0.064323 -0.055359 0.013159 0.956863 0.956863 0.956863
v -0.065212 -0.055332 0.023643 0.956863 0.956863 0.956863
v -0.064107 -0.055337 0.023620 0.956863 0.956863 0.956863
v -0.066722 -0.055400 -0.049640 0.956863 0.956863 0.956863
v -0.065617 -0.055405 -0.049663 0.956863 0.956863 0.956863
v -0.066340 -0.054338 -0.031327 0.956863 0.956863 0.956863
v -0.065235 -0.054343 -0.031350 0.956863 0.956863 0.956863
v -0.066113 -0.054316 -0.020274 0.956863 0.956863 0.956863
v -0.065007 -0.054321 -0.020297 0.956863 0.956863 0.956863
v -0.065884 -0.054294 -0.009222 0.956863 0.956863 0.956863
v -0.064779 -0.054299 -0.009245 0.956863 0.956863 0.956863
v -0.065657 -0.054271 0.001832 0.956863 0.956863 0.956863
v -0.064552 -0.054276 0.001808 0.956863 0.956863 0.956863
v -0.065429 -0.054249 0.012884 0.956863 0.956863 0.956863
v -0.064323 -0.054253 0.012861 0.956863 0.956863 0.956863
v -0.065201 -0.054226 0.023936 0.956863 0.956863 0.956863
v -0.064096 -0.054231 0.023914 0.956863 0.956863 0.956863
v -0.066335 -0.053232 -0.031330 0.956863 0.956863 0.956863
v -0.065230 -0.053238 -0.031352 0.956863 0.956863 0.956863
v -0.066108 -0.053210 -0.020277 0.956863 0.956863 0.956863
v -0.065002 -0.053215 -0.020299 0.956863 0.956863 0.956863
v -0.065879 -0.053189 -0.009224 0.956863 0.956863 0.956863
v -0.064774 -0.053194 -0.009247 0.956863 0.956863 0.956863
v -0.065652 -0.053166 0.001829 0.956863 0.956863 0.956863
v -0.064547 -0.053171 0.001806 0.956863 0.956863 0.956863
v -0.065424 -0.053143 0.012882 0.956863 0.956863 0.956863
v -0.064318 -0.053148 0.012859 0.956863 0.956863 0.956863
v -0.065196 -0.053121 0.023934 0.956863 0.956863 0.956863
v -0.064091 -0.053126 0.023912 0.956863 0.956863 0.956863
v -0.066324 -0.052127 -0.031036 0.956863 0.956863 0.956863
v -0.065219 -0.052132 -0.031059 0.956863 0.956863 0.956863
v -0.066108 -0.052106 -0.020575 0.956863 0.956863 0.956863
v -0.065003 -0.052111 -0.020598 0.956863 0.956863 0.956863
v -0.065868 -0.052083 -0.008930 0.956863 0.956863 0.956863
v -0.064763 -0.052087 -0.008953 0.956863 0.956863 0.956863
v -0.065652 -0.052061 0.001531 0.956863 0.956863 0.956863
v -0.064547 -0.052066 0.001508 0.956863 0.956863 0.956863
v -0.065413 -0.052037 0.013175 0.956863 0.956863 0.956863
v -0.064308 -0.052042 0.013152 0.956863 0.956863 0.956863
v -0.065197 -0.052016 0.023635 0.956863 0.956863 0.956863
v -0.064092 -0.052021 0.023613 0.956863 0.956863 0.956863
v -0.066303 -0.051316 -0.030228 0.956863 0.956863 0.956863
v -0.065198 -0.051321 -0.030251 0.956863 0.956863 0.956863
v -0.066122 -0.051298 -0.021386 0.956863 0.956863 0.956863
v -0.065017 -0.051303 -0.021408 0.956863 0.956863 0.956863
v -0.065848 -0.051271 -0.008122 0.956863 0.956863 0.956863
v -0.064742 -0.051276 -0.008146 0.956863 0.956863 0.956863
v -0.065666 -0.051253 0.000720 0.956863 0.956863 0.956863
v -0.064561 -0.051258 0.000696 0.956863 0.956863 0.956863
v -0.065392 -0.051226 0.013982 0.956863 0.956863 0.956863
v -0.064287 -0.051231 0.013960 0.956863 0.956863 0.956863
v -0.065210 -0.051208 0.022825 0.956863 0.956863 0.956863
v -0.064104 -0.051213 0.022802 0.956863 0.956863 0.956863
v -0.066280 -0.051017 -0.029124 0.956863 0.956863 0.956863
v -0.065174 -0.051022 -0.029146 0.956863 0.956863 0.956863
v -0.066143 -0.051003 -0.022492 0.956863 0.956863 0.956863
v -0.065038 -0.051009 -0.022514 0.956863 0.956863 0.956863
v -0.065824 -0.050973 -0.007018 0.956863 0.956863 0.956863
v -0.064718 -0.050978 -0.007042 0.956863 0.956863 0.956863
v -0.065687 -0.050959 -0.000386 0.956863 0.956863 0.956863
v -0.064582 -0.050964 -0.000410 0.956863 0.956863 0.956863
v -0.065368 -0.050928 0.015087 0.956863 0.956863 0.956863
v -0.064262 -0.050933 0.015065 0.956863 0.956863 0.956863
v -0.065231 -0.050914 0.021719 0.956863 0.956863 0.956863
v -0.064126 -0.050919 0.021696 0.956863 0.956863 0.956863
v -0.065666 -0.045640 -0.054185 0.956863 0.956863 0.956863
v -0.065947 -0.044606 -0.014437 0.956863 0.956863 0.956863
v -0.064853 -0.044513 -0.015026 0.956863 0.956863 0.956863
v -0.064830 -0.044510 -0.013893 0.956863 0.956863 0.956863
v -0.065967 -0.044221 -0.015504 0.956863 0.956863 0.956863
v -0.065924 -0.044217 -0.013372 0.956863 0.956863 0.956863
v -0.064868 -0.043785 -0.015897 0.956863 0.956863 0.956863
v -0.064809 -0.043780 -0.013026 0.956863 0.956863 0.956863
v -0.065975 -0.043240 -0.016073 0.956863 0.956863 0.956863
v -0.065907 -0.043234 -0.012807 0.956863 0.956863 0.956863
v -0.064867 -0.042669 -0.016096 0.956863 0.956863 0.956863
v -0.064800 -0.042663 -0.012832 0.956863 0.956863 0.956863
v -0.065966 -0.042122 -0.015878 0.956863 0.956863 0.956863
v -0.065907 -0.042117 -0.013007 0.956863 0.956863 0.956863
v -0.064850 -0.041685 -0.015531 0.956863 0.956863 0.956863
v -0.064806 -0.041681 -0.013401 0.956863 0.956863 0.956863
v -0.065944 -0.041391 -0.015011 0.956863 0.956863 0.956863
v -0.065921 -0.041389 -0.013877 0.956863 0.956863 0.956863
v -0.064827 -0.041295 -0.014467 0.956863 0.956863 0.956863
v -0.065694 -0.035514 -0.057828 0.956863 0.956863 0.956863
v -0.066205 -0.034435 -0.029159 0.956863 0.956863 0.956863
v -0.065100 -0.034440 -0.029182 0.956863 0.956863 0.956863
v -0.066067 -0.034421 -0.022527 0.956863 0.956863 0.956863
v -0.064963 -0.034426 -0.022550 0.956863 0.956863 0.956863
v -0.065749 -0.034390 -0.007053 0.956863 0.956863 0.956863
v -0.064644 -0.034395 -0.007076 0.956863 0.956863 0.956863
v -0.065611 -0.034377 -0.000421 0.956863 0.956863 0.956863
v -0.064507 -0.034381 -0.000444 0.956863 0.956863 0.956863
v -0.065292 -0.034345 0.015052 0.956863 0.956863 0.956863
v -0.064187 -0.034350 0.015029 0.956863 0.956863 0.956863
v -0.065156 -0.034332 0.021684 0.956863 0.956863 0.956863
v -0.064051 -0.034337 0.021660 0.956863 0.956863 0.956863
v -0.066714 -0.034229 -0.053939 0.956863 0.956863 0.956863
v -0.066226 -0.034141 -0.030265 0.956863 0.956863 0.956863
v -0.065120 -0.034146 -0.030288 0.956863 0.956863 0.956863
v -0.066043 -0.034123 -0.021423 0.956863 0.956863 0.956863
v -0.064938 -0.034128 -0.021445 0.956863 0.956863 0.956863
v -0.065770 -0.034096 -0.008159 0.956863 0.956863 0.956863
v -0.064665 -0.034101 -0.008182 0.956863 0.956863 0.956863
v -0.065588 -0.034078 0.000683 0.956863 0.956863 0.956863
v -0.064482 -0.034083 0.000660 0.956863 0.956863 0.956863
v -0.065314 -0.034051 0.013946 0.956863 0.956863 0.956863
v -0.064209 -0.034056 0.013923 0.956863 0.956863 0.956863
v -0.065132 -0.034033 0.022788 0.956863 0.956863 0.956863
v -0.064027 -0.034038 0.022765 0.956863 0.956863 0.956863
v -0.065620 -0.034134 -0.054529 0.956863 0.956863 0.956863
v -0.065596 -0.034132 -0.053395 0.956863 0.956863 0.956863
v -0.066734 -0.033843 -0.055005 0.956863 0.956863 0.956863
v -0.066690 -0.033839 -0.052874 0.956863 0.956863 0.956863
v -0.065634 -0.033407 -0.055399 0.956863 0.956863 0.956863
v -0.065575 -0.033402 -0.052528 0.956863 0.956863 0.956863
v -0.066239 -0.033333 -0.031076 0.956863 0.956863 0.956863
v -0.065133 -0.033338 -0.031098 0.956863 0.956863 0.956863
v -0.066023 -0.033312 -0.020615 0.956863 0.956863 0.956863
v -0.064917 -0.033317 -0.020637 0.956863 0.956863 0.956863
v -0.065783 -0.033288 -0.008970 0.956863 0.956863 0.956863
v -0.064678 -0.033294 -0.008993 0.956863 0.956863 0.956863
v -0.065567 -0.033268 0.001490 0.956863 0.956863 0.956863
v -0.064462 -0.033273 0.001467 0.956863 0.956863 0.956863
v -0.065327 -0.033244 0.013135 0.956863 0.956863 0.956863
v -0.064222 -0.033249 0.013113 0.956863 0.956863 0.956863
v -0.065111 -0.033222 0.023596 0.956863 0.956863 0.956863
v -0.064006 -0.033227 0.023573 0.956863 0.956863 0.956863
v -0.066742 -0.032862 -0.055575 0.956863 0.956863 0.956863
v -0.066674 -0.032855 -0.052309 0.956863 0.956863 0.956863
v -0.065634 -0.032291 -0.055598 0.956863 0.956863 0.956863
v -0.065566 -0.032284 -0.052333 0.956863 0.956863 0.956863
v -0.066240 -0.032228 -0.031375 0.956863 0.956863 0.956863
v -0.065135 -0.032233 -0.031397 0.956863 0.956863 0.956863
v -0.066012 -0.032206 -0.020321 0.956863 0.956863 0.956863
v -0.064907 -0.032211 -0.020344 0.956863 0.956863 0.956863
v -0.065784 -0.032184 -0.009269 0.956863 0.956863 0.956863
v -0.064678 -0.032189 -0.009292 0.956863 0.956863 0.956863
v -0.065556 -0.032161 0.001783 0.956863 0.956863 0.956863
v -0.064451 -0.032166 0.001761 0.956863 0.956863 0.956863
v -0.065328 -0.032139 0.012837 0.956863 0.956863 0.956863
v -0.064223 -0.032144 0.012815 0.956863 0.956863 0.956863
v -0.065100 -0.032116 0.023890 0.956863 0.956863 0.956863
v -0.063995 -0.032121 0.023867 0.956863 0.956863 0.956863
v -0.066732 -0.031744 -0.055380 0.956863 0.956863 0.956863
v -0.066673 -0.031738 -0.052508 0.956863 0.956863 0.956863
v -0.065618 -0.031307 -0.055033 0.956863 0.956863 0.956863
v -0.065573 -0.031303 -0.052903 0.956863 0.956863 0.956863
v -0.066235 -0.031123 -0.031377 0.956863 0.956863 0.956863
v -0.065130 -0.031128 -0.031399 0.956863 0.956863 0.956863
v -0.066007 -0.031100 -0.020323 0.956863 0.956863 0.956863
v -0.064902 -0.031105 -0.020346 0.956863 0.956863 0.956863
v -0.065778 -0.031078 -0.009271 0.956863 0.956863 0.956863
v -0.064673 -0.031083 -0.009294 0.956863 0.956863 0.956863
v -0.065551 -0.031056 0.001781 0.956863 0.956863 0.956863
v -0.064446 -0.031061 0.001759 0.956863 0.956863 0.956863
v -0.065323 -0.031033 0.012835 0.956863 0.956863 0.956863
v -0.064218 -0.031038 0.012812 0.956863 0.956863 0.956863
v -0.065095 -0.031010 0.023887 0.956863 0.956863 0.956863
v -0.063990 -0.031015 0.023864 0.956863 0.956863 0.956863
v -0.066712 -0.031013 -0.054513 0.956863 0.956863 0.956863
v -0.066688 -0.031011 -0.053379 0.956863 0.956863 0.956863
v -0.065594 -0.030917 -0.053969 0.956863 0.956863 0.956863
v -0.066223 -0.030017 -0.031083 0.956863 0.956863 0.956863
v -0.065118 -0.030022 -0.031105 0.956863 0.956863 0.956863
v -0.066008 -0.029995 -0.020622 0.956863 0.956863 0.956863
v -0.064902 -0.030000 -0.020645 0.956863 0.956863 0.956863
v -0.065768 -0.029972 -0.008977 0.956863 0.956863 0.956863
v -0.064662 -0.029977 -0.009000 0.956863 0.956863 0.956863
v -0.065552 -0.029951 0.001483 0.956863 0.956863 0.956863
v -0.064446 -0.029956 0.001460 0.956863 0.956863 0.956863
v -0.065312 -0.029927 0.013128 0.956863 0.956863 0.956863
v -0.064207 -0.029932 0.013105 0.956863 0.956863 0.956863
v -0.065097 -0.029906 0.023589 0.956863 0.956863 0.956863
v -0.063991 -0.029911 0.023566 0.956863 0.956863 0.956863
v -0.066203 -0.029205 -0.030275 0.956863 0.956863 0.956863
v -0.065098 -0.029211 -0.030298 0.956863 0.956863 0.956863
v -0.066021 -0.029187 -0.021433 0.956863 0.956863 0.956863
v -0.064916 -0.029193 -0.021455 0.956863 0.956863 0.956863
v -0.065748 -0.029161 -0.008170 0.956863 0.956863 0.956863
v -0.064642 -0.029166 -0.008193 0.956863 0.956863 0.956863
v -0.065565 -0.029143 0.000672 0.956863 0.956863 0.956863
v -0.064460 -0.029148 0.000649 0.956863 0.956863 0.956863
v -0.065292 -0.029116 0.013936 0.956863 0.956863 0.956863
v -0.064187 -0.029121 0.013913 0.956863 0.956863 0.956863
v -0.065110 -0.029098 0.022778 0.956863 0.956863 0.956863
v -0.064004 -0.029103 0.022755 0.956863 0.956863 0.956863
v -0.066180 -0.028907 -0.029171 0.956863 0.956863 0.956863
v -0.065074 -0.028912 -0.029193 0.956863 0.956863 0.956863
v -0.066043 -0.028894 -0.022539 0.956863 0.956863 0.956863
v -0.064938 -0.028899 -0.022561 0.956863 0.956863 0.956863
v -0.065724 -0.028863 -0.007065 0.956863 0.956863 0.956863
v -0.064619 -0.028868 -0.007088 0.956863 0.956863 0.956863
v -0.065587 -0.028849 -0.000433 0.956863 0.956863 0.956863
v -0.064482 -0.028855 -0.000456 0.956863 0.956863 0.956863
v -0.065267 -0.028818 0.015040 0.956863 0.956863 0.956863
v -0.064162 -0.028823 0.015018 0.956863 0.956863 0.956863
v -0.065131 -0.028804 0.021672 0.956863 0.956863 0.956863
v -0.064026 -0.028809 0.021649 0.956863 0.956863 0.956863
v -0.066303 -0.022542 -0.036590 0.956863 0.956863 0.956863
v -0.065391 -0.022452 0.007621 0.956863 0.956863 0.956863
v -0.065208 -0.022447 -0.037179 0.956863 0.956863 0.956863
v -0.065185 -0.022445 -0.036045 0.956863 0.956863 0.956863
v -0.064297 -0.022358 0.007032 0.956863 0.956863 0.956863
v -0.064274 -0.022356 0.008166 0.956863 0.956863 0.956863
v -0.066324 -0.022156 -0.037656 0.956863 0.956863 0.956863
v -0.066280 -0.022152 -0.035525 0.956863 0.956863 0.956863
v -0.065411 -0.022066 0.006555 0.956863 0.956863 0.956863
v -0.065368 -0.022062 0.008686 0.956863 0.956863 0.956863
v -0.065223 -0.021720 -0.038050 0.956863 0.956863 0.956863
v -0.065164 -0.021714 -0.035178 0.956863 0.956863 0.956863
v -0.064312 -0.021631 0.006161 0.956863 0.956863 0.956863
v -0.064253 -0.021625 0.009033 0.956863 0.956863 0.956863
v -0.066331 -0.021174 -0.038226 0.956863 0.956863 0.956863
v -0.066263 -0.021168 -0.034960 0.956863 0.956863 0.956863
v -0.065418 -0.021085 0.005985 0.956863 0.956863 0.956863
v -0.065352 -0.021079 0.009251 0.956863 0.956863 0.956863
v -0.065223 -0.020604 -0.038249 0.956863 0.956863 0.956863
v -0.065155 -0.020597 -0.034984 0.956863 0.956863 0.956863
v -0.064311 -0.020514 0.005962 0.956863 0.956863 0.956863
v -0.064244 -0.020508 0.009228 0.956863 0.956863 0.956863
v -0.066321 -0.020057 -0.038031 0.956863 0.956863 0.956863
v -0.066262 -0.020051 -0.035159 0.956863 0.956863 0.956863
v -0.065410 -0.019968 0.006180 0.956863 0.956863 0.956863
v -0.065350 -0.019961 0.009052 0.956863 0.956863 0.956863
v -0.065206 -0.019620 -0.037684 0.956863 0.956863 0.956863
v -0.065163 -0.019616 -0.035553 0.956863 0.956863 0.956863
v -0.064295 -0.019531 0.006527 0.956863 0.956863 0.956863
v -0.064251 -0.019526 0.008659 0.956863 0.956863 0.956863
v -0.066300 -0.019326 -0.037164 0.956863 0.956863 0.956863
v -0.066277 -0.019324 -0.036030 0.956863 0.956863 0.956863
v -0.065388 -0.019237 0.007047 0.956863 0.956863 0.956863
v -0.065365 -0.019234 0.008181 0.956863 0.956863 0.956863
v -0.065183 -0.019230 -0.036619 0.956863 0.956863 0.956863
v -0.064271 -0.019140 0.007592 0.956863 0.956863 0.956863
v -0.066560 -0.012370 -0.051312 0.956863 0.956863 0.956863
v -0.065454 -0.012375 -0.051335 0.956863 0.956863 0.956863
v -0.066423 -0.012357 -0.044680 0.956863 0.956863 0.956863
v -0.065318 -0.012362 -0.044703 0.956863 0.956863 0.956863
v -0.066104 -0.012325 -0.029206 0.956863 0.956863 0.956863
v -0.064999 -0.012330 -0.029228 0.956863 0.956863 0.956863
v -0.065967 -0.012311 -0.022574 0.956863 0.956863 0.956863
v -0.064862 -0.012316 -0.022596 0.956863 0.956863 0.956863
v -0.065648 -0.012280 -0.007100 0.956863 0.956863 0.956863
v -0.064543 -0.012285 -0.007123 0.956863 0.956863 0.956863
v -0.065511 -0.012267 -0.000469 0.956863 0.956863 0.956863
v -0.064406 -0.012272 -0.000492 0.956863 0.956863 0.956863
v -0.065192 -0.012235 0.015005 0.956863 0.956863 0.956863
v -0.064087 -0.012240 0.014982 0.956863 0.956863 0.956863
v -0.065056 -0.012222 0.021637 0.956863 0.956863 0.956863
v -0.063950 -0.012227 0.021614 0.956863 0.956863 0.956863
v -0.066581 -0.012076 -0.052417 0.956863 0.956863 0.956863
v -0.065476 -0.012081 -0.052440 0.956863 0.956863 0.956863
v -0.066398 -0.012058 -0.043575 0.956863 0.956863 0.956863
v -0.065293 -0.012063 -0.043598 0.956863 0.956863 0.956863
v -0.066126 -0.012030 -0.030312 0.956863 0.956863 0.956863
v -0.065020 -0.012036 -0.030334 0.956863 0.956863 0.956863
v -0.065943 -0.012012 -0.021470 0.956863 0.956863 0.956863
v -0.064837 -0.012018 -0.021493 0.956863 0.956863 0.956863
v -0.065670 -0.011987 -0.008206 0.956863 0.956863 0.956863
v -0.064565 -0.011992 -0.008229 0.956863 0.956863 0.956863
v -0.065487 -0.011969 0.000636 0.956863 0.956863 0.956863
v -0.064382 -0.011974 0.000613 0.956863 0.956863 0.956863
v -0.065214 -0.011941 0.013899 0.956863 0.956863 0.956863
v -0.064109 -0.011946 0.013877 0.956863 0.956863 0.956863
v -0.065031 -0.011923 0.022741 0.956863 0.956863 0.956863
v -0.063926 -0.011928 0.022718 0.956863 0.956863 0.956863
v -0.066594 -0.011268 -0.053228 0.956863 0.956863 0.956863
v -0.065488 -0.011273 -0.053251 0.956863 0.956863 0.956863
v -0.066379 -0.011247 -0.042767 0.956863 0.956863 0.956863
v -0.065274 -0.011252 -0.042790 0.956863 0.956863 0.956863
v -0.066138 -0.011223 -0.031123 0.956863 0.956863 0.956863
v -0.065033 -0.011228 -0.031145 0.956863 0.956863 0.956863
v -0.065922 -0.011202 -0.020662 0.956863 0.956863 0.956863
v -0.064817 -0.011207 -0.020686 0.956863 0.956863 0.956863
v -0.065683 -0.011179 -0.009017 0.956863 0.956863 0.956863
v -0.064577 -0.011184 -0.009040 0.956863 0.956863 0.956863
v -0.065467 -0.011157 0.001443 0.956863 0.956863 0.956863
v -0.064362 -0.011162 0.001421 0.956863 0.956863 0.956863
v -0.065227 -0.011133 0.013088 0.956863 0.956863 0.956863
v -0.064121 -0.011138 0.013066 0.956863 0.956863 0.956863
v -0.065011 -0.011112 0.023549 0.956863 0.956863 0.956863
v -0.063906 -0.011118 0.023526 0.956863 0.956863 0.956863
v -0.066596 -0.010164 -0.053526 0.956863 0.956863 0.956863
v -0.065490 -0.010169 -0.053549 0.956863 0.956863 0.956863
v -0.066367 -0.010140 -0.042474 0.956863 0.956863 0.956863
v -0.065262 -0.010146 -0.042497 0.956863 0.956863 0.956863
v -0.066140 -0.010118 -0.031422 0.956863 0.956863 0.956863
v -0.065035 -0.010123 -0.031444 0.956863 0.956863 0.956863
v -0.065912 -0.010096 -0.020368 0.956863 0.956863 0.956863
v -0.064806 -0.010101 -0.020391 0.956863 0.956863 0.956863
v -0.065684 -0.010074 -0.009315 0.956863 0.956863 0.956863
v -0.064579 -0.010079 -0.009338 0.956863 0.956863 0.956863
v -0.065456 -0.010051 0.001737 0.956863 0.956863 0.956863
v -0.064351 -0.010056 0.001714 0.956863 0.956863 0.956863
v -0.065228 -0.010029 0.012790 0.956863 0.956863 0.956863
v -0.064122 -0.010034 0.012768 0.956863 0.956863 0.956863
v -0.065000 -0.010006 0.023843 0.956863 0.956863 0.956863
v -0.063895 -0.010011 0.023820 0.956863 0.956863 0.956863
v -0.066591 -0.009058 -0.053528 0.956863 0.956863 0.956863
v -0.065485 -0.009063 -0.053552 0.956863 0.956863 0.956863
v -0.066362 -0.009035 -0.042476 0.956863 0.956863 0.956863
v -0.065256 -0.009040 -0.042499 0.956863 0.956863 0.956863
v -0.066135 -0.009013 -0.031424 0.956863 0.956863 0.956863
v -0.065029 -0.009018 -0.031446 0.956863 0.956863 0.956863
v -0.065907 -0.008991 -0.020370 0.956863 0.956863 0.956863
v -0.064801 -0.008995 -0.020394 0.956863 0.956863 0.956863
v -0.065679 -0.008968 -0.009318 0.956863 0.956863 0.956863
v -0.064573 -0.008973 -0.009341 0.956863 0.956863 0.956863
v -0.065451 -0.008946 0.001734 0.956863 0.956863 0.956863
v -0.064345 -0.008951 0.001712 0.956863 0.956863 0.956863
v -0.065223 -0.008923 0.012788 0.956863 0.956863 0.956863
v -0.064117 -0.008928 0.012765 0.956863 0.956863 0.956863
v -0.064995 -0.008901 0.023841 0.956863 0.956863 0.956863
v -0.063889 -0.008906 0.023818 0.956863 0.956863 0.956863
v -0.066579 -0.007952 -0.053235 0.956863 0.956863 0.956863
v -0.065474 -0.007957 -0.053258 0.956863 0.956863 0.956863
v -0.066364 -0.007931 -0.042774 0.956863 0.956863 0.956863
v -0.065259 -0.007936 -0.042798 0.956863 0.956863 0.956863
v -0.066123 -0.007906 -0.031130 0.956863 0.956863 0.956863
v -0.065018 -0.007911 -0.031152 0.956863 0.956863 0.956863
v -0.065907 -0.007885 -0.020669 0.956863 0.956863 0.956863
v -0.064803 -0.007890 -0.020692 0.956863 0.956863 0.956863
v -0.065668 -0.007862 -0.009024 0.956863 0.956863 0.956863
v -0.064562 -0.007867 -0.009047 0.956863 0.956863 0.956863
v -0.065452 -0.007841 0.001436 0.956863 0.956863 0.956863
v -0.064346 -0.007846 0.001413 0.956863 0.956863 0.956863
v -0.065212 -0.007817 0.013082 0.956863 0.956863 0.956863
v -0.064106 -0.007822 0.013059 0.956863 0.956863 0.956863
v -0.064996 -0.007795 0.023542 0.956863 0.956863 0.956863
v -0.063891 -0.007800 0.023519 0.956863 0.956863 0.956863
v -0.066559 -0.007141 -0.052428 0.956863 0.956863 0.956863
v -0.065454 -0.007146 -0.052451 0.956863 0.956863 0.956863
v -0.066376 -0.007123 -0.043585 0.956863 0.956863 0.956863
v -0.065271 -0.007128 -0.043608 0.956863 0.956863 0.956863
v -0.066102 -0.007096 -0.030322 0.956863 0.956863 0.956863
v -0.064997 -0.007101 -0.030345 0.956863 0.956863 0.956863
v -0.065921 -0.007078 -0.021480 0.956863 0.956863 0.956863
v -0.064815 -0.007083 -0.021504 0.956863 0.956863 0.956863
v -0.065647 -0.007052 -0.008217 0.956863 0.956863 0.956863
v -0.064542 -0.007057 -0.008240 0.956863 0.956863 0.956863
v -0.065465 -0.007033 0.000625 0.956863 0.956863 0.956863
v -0.064359 -0.007039 0.000603 0.956863 0.956863 0.956863
v -0.065191 -0.007006 0.013889 0.956863 0.956863 0.956863
v -0.064086 -0.007011 0.013866 0.956863 0.956863 0.956863
v -0.065009 -0.006988 0.022731 0.956863 0.956863 0.956863
v -0.063904 -0.006993 0.022708 0.956863 0.956863 0.956863
v -0.066534 -0.006842 -0.051323 0.956863 0.956863 0.956863
v -0.065429 -0.006847 -0.051346 0.956863 0.956863 0.956863
v -0.066398 -0.006828 -0.044691 0.956863 0.956863 0.956863
v -0.065292 -0.006834 -0.044714 0.956863 0.956863 0.956863
v -0.066079 -0.006798 -0.029218 0.956863 0.956863 0.956863
v -0.064974 -0.006803 -0.029240 0.956863 0.956863 0.956863
v -0.065942 -0.006784 -0.022586 0.956863 0.956863 0.956863
v -0.064837 -0.006789 -0.022608 0.956863 0.956863 0.956863
v -0.065623 -0.006753 -0.007111 0.956863 0.956863 0.956863
v -0.064518 -0.006758 -0.007135 0.956863 0.956863 0.956863
v -0.065486 -0.006739 -0.000481 0.956863 0.956863 0.956863
v -0.064381 -0.006744 -0.000503 0.956863 0.956863 0.956863
v -0.065167 -0.006708 0.014993 0.956863 0.956863 0.956863
v -0.064062 -0.006713 0.014971 0.956863 0.956863 0.956863
v -0.065030 -0.006694 0.021625 0.956863 0.956863 0.956863
v -0.063925 -0.006700 0.021602 0.956863 0.956863 0.956863
v -0.066203 -0.000431 -0.036636 0.956863 0.956863 0.956863
v -0.065291 -0.000342 0.007574 0.956863 0.956863 0.956863
v -0.065108 -0.000338 -0.037226 0.956863 0.956863 0.956863
v -0.065085 -0.000336 -0.036092 0.956863 0.956863 0.956863
v -0.064197 -0.000248 0.006985 0.956863 0.956863 0.956863
v -0.064174 -0.000246 0.008119 0.956863 0.956863 0.956863
v -0.066223 -0.000045 -0.037704 0.956863 0.956863 0.956863
v -0.066179 -0.000042 -0.035572 0.956863 0.956863 0.956863
v -0.065311 0.000044 0.006508 0.956863 0.956863 0.956863
v -0.065267 0.000048 0.008639 0.956863 0.956863 0.956863
v -0.065123 0.000390 -0.038097 0.956863 0.956863 0.956863
v -0.065064 0.000395 -0.035225 0.956863 0.956863 0.956863
v -0.064212 0.000479 0.006114 0.956863 0.956863 0.956863
v -0.064152 0.000485 0.008986 0.956863 0.956863 0.956863
v -0.066230 0.000935 -0.038272 0.956863 0.956863 0.956863
v -0.066162 0.000942 -0.035007 0.956863 0.956863 0.956863
v -0.065318 0.001025 0.005939 0.956863 0.956863 0.956863
v -0.065251 0.001032 0.009204 0.956863 0.956863 0.956863
v -0.065122 0.001506 -0.038296 0.956863 0.956863 0.956863
v -0.065055 0.001513 -0.035031 0.956863 0.956863 0.956863
v -0.064210 0.001596 0.005915 0.956863 0.956863 0.956863
v -0.064143 0.001603 0.009181 0.956863 0.956863 0.956863
v -0.066221 0.002053 -0.038078 0.956863 0.956863 0.956863
v -0.066162 0.002058 -0.035206 0.956863 0.956863 0.956863
v -0.065309 0.002143 0.006134 0.956863 0.956863 0.956863
v -0.065249 0.002148 0.009005 0.956863 0.956863 0.956863
v -0.065106 0.002490 -0.037731 0.956863 0.956863 0.956863
v -0.065062 0.002494 -0.035600 0.956863 0.956863 0.956863
v -0.064194 0.002579 0.006480 0.956863 0.956863 0.956863
v -0.064151 0.002583 0.008612 0.956863 0.956863 0.956863
v -0.066200 0.002784 -0.037210 0.956863 0.956863 0.956863
v -0.066176 0.002786 -0.036076 0.956863 0.956863 0.956863
v -0.065287 0.002874 0.007001 0.956863 0.956863 0.956863
v -0.065264 0.002876 0.008135 0.956863 0.956863 0.956863
v -0.065082 0.002880 -0.036666 0.956863 0.956863 0.956863
v -0.064171 0.002969 0.007545 0.956863 0.956863 0.956863
v -0.066460 0.009740 -0.051358 0.956863 0.956863 0.956863
v -0.065354 0.009735 -0.051381 0.956863 0.956863 0.956863
v -0.066322 0.009754 -0.044727 0.956863 0.956863 0.956863
v -0.065217 0.009749 -0.044749 0.956863 0.956863 0.956863
v -0.066004 0.009786 -0.029253 0.956863 0.956863 0.956863
v -0.064899 0.009780 -0.029275 0.956863 0.956863 0.956863
v -0.065866 0.009798 -0.022621 0.956863 0.956863 0.956863
v -0.064761 0.009793 -0.022644 0.956863 0.956863 0.956863
v -0.065548 0.009829 -0.007147 0.956863 0.956863 0.956863
v -0.064443 0.009824 -0.007170 0.956863 0.956863 0.956863
v -0.065411 0.009843 -0.000516 0.956863 0.956863 0.956863
v -0.064305 0.009838 -0.000539 0.956863 0.956863 0.956863
v -0.065092 0.009875 0.014958 0.956863 0.956863 0.956863
v -0.063987 0.009870 0.014935 0.956863 0.956863 0.956863
v -0.064955 0.009888 0.021590 0.956863 0.956863 0.956863
v -0.063850 0.009883 0.021567 0.956863 0.956863 0.956863
v -0.066480 0.010034 -0.052464 0.956863 0.956863 0.956863
v -0.065375 0.010029 -0.052487 0.956863 0.956863 0.956863
v -0.066298 0.010052 -0.043623 0.956863 0.956863 0.956863
v -0.065193 0.010047 -0.043645 0.956863 0.956863 0.956863
v -0.066025 0.010079 -0.030359 0.956863 0.956863 0.956863
v -0.064920 0.010074 -0.030381 0.956863 0.956863 0.956863
v -0.065843 0.010097 -0.021516 0.956863 0.956863 0.956863
v -0.064737 0.010092 -0.021540 0.956863 0.956863 0.956863
v -0.065569 0.010124 -0.008253 0.956863 0.956863 0.956863
v -0.064464 0.010119 -0.008276 0.956863 0.956863 0.956863
v -0.065387 0.010142 0.000589 0.956863 0.956863 0.956863
v -0.064282 0.010137 0.000567 0.956863 0.956863 0.956863
v -0.065113 0.010169 0.013852 0.956863 0.956863 0.956863
v -0.064008 0.010164 0.013829 0.956863 0.956863 0.956863
v -0.064931 0.010187 0.022694 0.956863 0.956863 0.956863
v -0.063826 0.010182 0.022671 0.956863 0.956863 0.956863
v -0.066493 0.010842 -0.053275 0.956863 0.956863 0.956863
v -0.065388 0.010837 -0.053298 0.956863 0.956863 0.956863
v -0.066278 0.010863 -0.042815 0.956863 0.956863 0.956863
v -0.065173 0.010858 -0.042837 0.956863 0.956863 0.956863
v -0.066038 0.010887 -0.031170 0.956863 0.956863 0.956863
v -0.064932 0.010882 -0.031192 0.956863 0.956863 0.956863
v -0.065822 0.010907 -0.020709 0.956863 0.956863 0.956863
v -0.064717 0.010902 -0.020732 0.956863 0.956863 0.956863
v -0.065582 0.010931 -0.009063 0.956863 0.956863 0.956863
v -0.064477 0.010926 -0.009087 0.956863 0.956863 0.956863
v -0.065366 0.010953 0.001396 0.956863 0.956863 0.956863
v -0.064261 0.010948 0.001374 0.956863 0.956863 0.956863
v -0.065126 0.010976 0.013041 0.956863 0.956863 0.956863
v -0.064021 0.010971 0.013018 0.956863 0.956863 0.956863
v -0.064910 0.010998 0.023502 0.956863 0.956863 0.956863
v -0.063805 0.010993 0.023479 0.956863 0.956863 0.956863
v -0.066495 0.011947 -0.053573 0.956863 0.956863 0.956863
v -0.065390 0.011941 -0.053597 0.956863 0.956863 0.956863
v -0.066267 0.011969 -0.042521 0.956863 0.956863 0.956863
v -0.065161 0.011964 -0.042543 0.956863 0.956863 0.956863
v -0.066039 0.011992 -0.031468 0.956863 0.956863 0.956863
v -0.064934 0.011987 -0.031491 0.956863 0.956863 0.956863
v -0.065811 0.012014 -0.020415 0.956863 0.956863 0.956863
v -0.064706 0.012008 -0.020438 0.956863 0.956863 0.956863
v -0.065583 0.012036 -0.009362 0.956863 0.956863 0.956863
v -0.064478 0.012031 -0.009385 0.956863 0.956863 0.956863
v -0.065355 0.012059 0.001690 0.956863 0.956863 0.956863
v -0.064250 0.012054 0.001668 0.956863 0.956863 0.956863
v -0.065128 0.012082 0.012743 0.956863 0.956863 0.956863
v -0.064022 0.012077 0.012720 0.956863 0.956863 0.956863
v -0.064899 0.012104 0.023796 0.956863 0.956863 0.956863
v -0.063794 0.012099 0.023773 0.956863 0.956863 0.956863
v -0.066490 0.013052 -0.053576 0.956863 0.956863 0.956863
v -0.065385 0.013047 -0.053599 0.956863 0.956863 0.956863
v -0.066262 0.013074 -0.042523 0.956863 0.956863 0.956863
v -0.065156 0.013069 -0.042546 0.956863 0.956863 0.956863
v -0.066034 0.013098 -0.031470 0.956863 0.956863 0.956863
v -0.064929 0.013092 -0.031493 0.956863 0.956863 0.956863
v -0.065806 0.013119 -0.020418 0.956863 0.956863 0.956863
v -0.064701 0.013114 -0.020441 0.956863 0.956863 0.956863
v -0.065578 0.013141 -0.009364 0.956863 0.956863 0.956863
v -0.064473 0.013136 -0.009388 0.956863 0.956863 0.956863
v -0.065350 0.013164 0.001688 0.956863 0.956863 0.956863
v -0.064245 0.013159 0.001665 0.956863 0.956863 0.956863
v -0.065123 0.013187 0.012740 0.956863 0.956863 0.956863
v -0.064017 0.013182 0.012717 0.956863 0.956863 0.956863
v -0.064894 0.013209 0.023794 0.956863 0.956863 0.956863
v -0.063789 0.013204 0.023771 0.956863 0.956863 0.956863
v -0.066478 0.014158 -0.053282 0.956863 0.956863 0.956863
v -0.065373 0.014153 -0.053305 0.956863 0.956863 0.956863
v -0.066263 0.014180 -0.042822 0.956863 0.956863 0.956863
v -0.065158 0.014175 -0.042844 0.956863 0.956863 0.956863
v -0.066023 0.014203 -0.031177 0.956863 0.956863 0.956863
v -0.064917 0.014198 -0.031199 0.956863 0.956863 0.956863
v -0.065807 0.014224 -0.020716 0.956863 0.956863 0.956863
v -0.064702 0.014219 -0.020739 0.956863 0.956863 0.956863
v -0.065567 0.014248 -0.009071 0.956863 0.956863 0.956863
v -0.064462 0.014242 -0.009094 0.956863 0.956863 0.956863
v -0.065351 0.014269 0.001389 0.956863 0.956863 0.956863
v -0.064246 0.014264 0.001367 0.956863 0.956863 0.956863
v -0.065111 0.014293 0.013034 0.956863 0.956863 0.956863
v -0.064006 0.014288 0.013011 0.956863 0.956863 0.956863
v -0.064895 0.014314 0.023495 0.956863 0.956863 0.956863
v -0.063790 0.014309 0.023472 0.956863 0.956863 0.956863
v -0.066459 0.014969 -0.052474 0.956863 0.956863 0.956863
v -0.065354 0.014964 -0.052497 0.956863 0.956863 0.956863
v -0.066276 0.014987 -0.043633 0.956863 0.956863 0.956863
v -0.065171 0.014982 -0.043655 0.956863 0.956863 0.956863
v -0.066003 0.015014 -0.030369 0.956863 0.956863 0.956863
v -0.064898 0.015009 -0.030392 0.956863 0.956863 0.956863
v -0.065820 0.015031 -0.021527 0.956863 0.956863 0.956863
v -0.064715 0.015026 -0.021550 0.956863 0.956863 0.956863
v -0.065547 0.015059 -0.008264 0.956863 0.956863 0.956863
v -0.064441 0.015054 -0.008286 0.956863 0.956863 0.956863
v -0.065364 0.015077 0.000578 0.956863 0.956863 0.956863
v -0.064259 0.015072 0.000556 0.956863 0.956863 0.956863
v -0.065091 0.015103 0.013842 0.956863 0.956863 0.956863
v -0.063986 0.015099 0.013819 0.956863 0.956863 0.956863
v -0.064909 0.015122 0.022684 0.956863 0.956863 0.956863
v -0.063804 0.015117 0.022661 0.956863 0.956863 0.956863
v -0.066434 0.015268 -0.051370 0.956863 0.956863 0.956863
v -0.065328 0.015263 -0.051393 0.956863 0.956863 0.956863
v -0.066298 0.015281 -0.044739 0.956863 0.956863 0.956863
v -0.065192 0.015276 -0.044761 0.956863 0.956863 0.956863
v -0.065979 0.015313 -0.029264 0.956863 0.956863 0.956863
v -0.064873 0.015307 -0.029287 0.956863 0.956863 0.956863
v -0.065842 0.015326 -0.022632 0.956863 0.956863 0.956863
v -0.064736 0.015320 -0.022656 0.956863 0.956863 0.956863
v -0.065523 0.015357 -0.007160 0.956863 0.956863 0.956863
v -0.064417 0.015352 -0.007182 0.956863 0.956863 0.956863
v -0.065386 0.015371 -0.000528 0.956863 0.956863 0.956863
v -0.064280 0.015366 -0.000550 0.956863 0.956863 0.956863
v -0.065067 0.015402 0.014946 0.956863 0.956863 0.956863
v -0.063961 0.015397 0.014923 0.956863 0.956863 0.956863
v -0.064930 0.015416 0.021578 0.956863 0.956863 0.956863
v -0.063824 0.015411 0.021555 0.956863 0.956863 0.956863
v -0.066102 0.021678 -0.036683 0.956863 0.956863 0.956863
v -0.065191 0.021768 0.007528 0.956863 0.956863 0.956863
v -0.065008 0.021772 -0.037273 0.956863 0.956863 0.956863
v -0.064984 0.021775 -0.036139 0.956863 0.956863 0.956863
v -0.064096 0.021862 0.006938 0.956863 0.956863 0.956863
v -0.064074 0.021864 0.008072 0.956863 0.956863 0.956863
v -0.066123 0.022064 -0.037750 0.956863 0.956863 0.956863
v -0.066078 0.022069 -0.035619 0.956863 0.956863 0.956863
v -0.065211 0.022154 0.006461 0.956863 0.956863 0.956863
v -0.065166 0.022158 0.008592 0.956863 0.956863 0.956863
v -0.065022 0.022500 -0.038143 0.956863 0.956863 0.956863
v -0.064963 0.022506 -0.035272 0.956863 0.956863 0.956863
v -0.064111 0.022589 0.006067 0.956863 0.956863 0.956863
v -0.064052 0.022595 0.008939 0.956863 0.956863 0.956863
v -0.066130 0.023046 -0.038319 0.956863 0.956863 0.956863
v -0.066062 0.023052 -0.035054 0.956863 0.956863 0.956863
v -0.065218 0.023135 0.005892 0.956863 0.956863 0.956863
v -0.065151 0.023142 0.009158 0.956863 0.956863 0.956863
v -0.065021 0.023616 -0.038343 0.956863 0.956863 0.956863
v -0.064954 0.023623 -0.035078 0.956863 0.956863 0.956863
v -0.064110 0.023706 0.005868 0.956863 0.956863 0.956863
v -0.064043 0.023712 0.009134 0.956863 0.956863 0.956863
v -0.066120 0.024163 -0.038125 0.956863 0.956863 0.956863
v -0.066061 0.024169 -0.035253 0.956863 0.956863 0.956863
v -0.065208 0.024252 0.006086 0.956863 0.956863 0.956863
v -0.065150 0.024258 0.008958 0.956863 0.956863 0.956863
v -0.065006 0.024600 -0.037778 0.956863 0.956863 0.956863
v -0.064962 0.024604 -0.035646 0.956863 0.956863 0.956863
v -0.064094 0.024690 0.006433 0.956863 0.956863 0.956863
v -0.064050 0.024694 0.008564 0.956863 0.956863 0.956863
v -0.066100 0.024894 -0.037257 0.956863 0.956863 0.956863
v -0.066076 0.024896 -0.036123 0.956863 0.956863 0.956863
v -0.065187 0.024983 0.006954 0.956863 0.956863 0.956863
v -0.065164 0.024985 0.008088 0.956863 0.956863 0.956863
v -0.064982 0.024990 -0.036713 0.956863 0.956863 0.956863
v -0.064071 0.025080 0.007498 0.956863 0.956863 0.956863
v -0.066416 0.031532 -0.054078 0.956863 0.956863 0.956863
v -0.065321 0.031626 -0.054669 0.956863 0.956863 0.956863
v -0.065298 0.031629 -0.053535 0.956863 0.956863 0.956863
v -0.065903 0.031895 -0.029300 0.956863 0.956863 0.956863
v -0.064798 0.031890 -0.029322 0.956863 0.956863 0.956863
v -0.065766 0.031908 -0.022668 0.956863 0.956863 0.956863
v -0.064661 0.031903 -0.022691 0.956863 0.956863 0.956863
v -0.065447 0.031940 -0.007194 0.956863 0.956863 0.956863
v -0.064342 0.031935 -0.007217 0.956863 0.956863 0.956863
v -0.065310 0.031953 -0.000563 0.956863 0.956863 0.956863
v -0.064205 0.031948 -0.000585 0.956863 0.956863 0.956863
v -0.064992 0.031985 0.014911 0.956863 0.956863 0.956863
v -0.063886 0.031980 0.014888 0.956863 0.956863 0.956863
v -0.064855 0.031998 0.021543 0.956863 0.956863 0.956863
v -0.063750 0.031993 0.021520 0.956863 0.956863 0.956863
v -0.066436 0.031918 -0.055145 0.956863 0.956863 0.956863
v -0.066392 0.031923 -0.053014 0.956863 0.956863 0.956863
v -0.065925 0.032189 -0.030406 0.956863 0.956863 0.956863
v -0.064819 0.032184 -0.030428 0.956863 0.956863 0.956863
v -0.065742 0.032206 -0.021563 0.956863 0.956863 0.956863
v -0.064637 0.032201 -0.021586 0.956863 0.956863 0.956863
v -0.065469 0.032234 -0.008300 0.956863 0.956863 0.956863
v -0.064364 0.032229 -0.008322 0.956863 0.956863 0.956863
v -0.065286 0.032252 0.000542 0.956863 0.956863 0.956863
v -0.064181 0.032247 0.000520 0.956863 0.956863 0.956863
v -0.065013 0.032279 0.013805 0.956863 0.956863 0.956863
v -0.063908 0.032273 0.013782 0.956863 0.956863 0.956863
v -0.064830 0.032297 0.022648 0.956863 0.956863 0.956863
v -0.063725 0.032292 0.022625 0.956863 0.956863 0.956863
v -0.065336 0.032354 -0.055539 0.956863 0.956863 0.956863
v -0.065277 0.032360 -0.052667 0.956863 0.956863 0.956863
v -0.066443 0.032899 -0.055714 0.956863 0.956863 0.956863
v -0.066375 0.032906 -0.052448 0.956863 0.956863 0.956863
v -0.065937 0.032997 -0.031216 0.956863 0.956863 0.956863
v -0.064832 0.032992 -0.031239 0.956863 0.956863 0.956863
v -0.065722 0.033018 -0.020756 0.956863 0.956863 0.956863
v -0.064616 0.033013 -0.020779 0.956863 0.956863 0.956863
v -0.065481 0.033042 -0.009112 0.956863 0.956863 0.956863
v -0.064376 0.033036 -0.009134 0.956863 0.956863 0.956863
v -0.065267 0.033062 0.001349 0.956863 0.956863 0.956863
v -0.064161 0.033057 0.001327 0.956863 0.956863 0.956863
v -0.065025 0.033086 0.012995 0.956863 0.956863 0.956863
v -0.063920 0.033081 0.012972 0.956863 0.956863 0.956863
v -0.064810 0.033108 0.023455 0.956863 0.956863 0.956863
v -0.063704 0.033103 0.023432 0.956863 0.956863 0.956863
v -0.065335 0.033470 -0.055738 0.956863 0.956863 0.956863
v -0.065268 0.033477 -0.052473 0.956863 0.956863 0.956863
v -0.066434 0.034017 -0.055519 0.956863 0.956863 0.956863
v -0.066375 0.034023 -0.052648 0.956863 0.956863 0.956863
v -0.065938 0.034102 -0.031515 0.956863 0.956863 0.956863
v -0.064833 0.034096 -0.031537 0.956863 0.956863 0.956863
v -0.065710 0.034124 -0.020462 0.956863 0.956863 0.956863
v -0.064605 0.034119 -0.020485 0.956863 0.956863 0.956863
v -0.065483 0.034146 -0.009410 0.956863 0.956863 0.956863
v -0.064377 0.034141 -0.009432 0.956863 0.956863 0.956863
v -0.065254 0.034169 0.001643 0.956863 0.956863 0.956863
v -0.064149 0.034164 0.001621 0.956863 0.956863 0.956863
v -0.065027 0.034191 0.012696 0.956863 0.956863 0.956863
v -0.063922 0.034186 0.012673 0.956863 0.956863 0.956863
v -0.064799 0.034214 0.023749 0.956863 0.956863 0.956863
v -0.063693 0.034209 0.023726 0.956863 0.956863 0.956863
v -0.065319 0.034454 -0.055174 0.956863 0.956863 0.956863
v -0.065275 0.034458 -0.053042 0.956863 0.956863 0.956863
v -0.066413 0.034748 -0.054652 0.956863 0.956863 0.956863
v -0.066389 0.034750 -0.053518 0.956863 0.956863 0.956863
v -0.065295 0.034844 -0.054109 0.956863 0.956863 0.956863
v -0.065934 0.035207 -0.031517 0.956863 0.956863 0.956863
v -0.064828 0.035202 -0.031540 0.956863 0.956863 0.956863
v -0.065706 0.035229 -0.020465 0.956863 0.956863 0.956863
v -0.064600 0.035224 -0.020488 0.956863 0.956863 0.956863
v -0.065478 0.035252 -0.009412 0.956863 0.956863 0.956863
v -0.064372 0.035247 -0.009435 0.956863 0.956863 0.956863
v -0.065250 0.035274 0.001641 0.956863 0.956863 0.956863
v -0.064144 0.035269 0.001619 0.956863 0.956863 0.956863
v -0.065022 0.035297 0.012694 0.956863 0.956863 0.956863
v -0.063917 0.035292 0.012671 0.956863 0.956863 0.956863
v -0.064794 0.035320 0.023747 0.956863 0.956863 0.956863
v -0.063688 0.035315 0.023723 0.956863 0.956863 0.956863
v -0.066475 0.036113 -0.057956 0.956863 0.956863 0.956863
v -0.065370 0.036108 -0.057979 0.956863 0.956863 0.956863
v -0.065922 0.036313 -0.031224 0.956863 0.956863 0.956863
v -0.064817 0.036308 -0.031246 0.956863 0.956863 0.956863
v -0.065707 0.036334 -0.020763 0.956863 0.956863 0.956863
v -0.064602 0.036329 -0.020786 0.956863 0.956863 0.956863
v -0.065466 0.036358 -0.009118 0.956863 0.956863 0.956863
v -0.064361 0.036353 -0.009140 0.956863 0.956863 0.956863
v -0.065251 0.036379 0.001342 0.956863 0.956863 0.956863
v -0.064146 0.036374 0.001320 0.956863 0.956863 0.956863
v -0.065010 0.036403 0.012987 0.956863 0.956863 0.956863
v -0.063905 0.036398 0.012964 0.956863 0.956863 0.956863
v -0.064795 0.036425 0.023448 0.956863 0.956863 0.956863
v -0.063690 0.036420 0.023425 0.956863 0.956863 0.956863
v -0.065902 0.037124 -0.030416 0.956863 0.956863 0.956863
v -0.064797 0.037119 -0.030439 0.956863 0.956863 0.956863
v -0.065719 0.037141 -0.021574 0.956863 0.956863 0.956863
v -0.064614 0.037137 -0.021597 0.956863 0.956863 0.956863
v -0.065447 0.037169 -0.008311 0.956863 0.956863 0.956863
v -0.064341 0.037164 -0.008333 0.956863 0.956863 0.956863
v -0.065264 0.037187 0.000531 0.956863 0.956863 0.956863
v -0.064158 0.037182 0.000509 0.956863 0.956863 0.956863
v -0.064990 0.037214 0.013795 0.956863 0.956863 0.956863
v -0.063885 0.037209 0.013771 0.956863 0.956863 0.956863
v -0.064808 0.037232 0.022638 0.956863 0.956863 0.956863
v -0.063703 0.037227 0.022614 0.956863 0.956863 0.956863
v -0.065878 0.037422 -0.029311 0.956863 0.956863 0.956863
v -0.064773 0.037417 -0.029334 0.956863 0.956863 0.956863
v -0.065741 0.037436 -0.022679 0.956863 0.956863 0.956863
v -0.064636 0.037431 -0.022703 0.956863 0.956863 0.956863
v -0.065422 0.037467 -0.007206 0.956863 0.956863 0.956863
v -0.064317 0.037462 -0.007229 0.956863 0.956863 0.956863
v -0.065285 0.037480 -0.000575 0.956863 0.956863 0.956863
v -0.064180 0.037475 -0.000597 0.956863 0.956863 0.956863
v -0.064966 0.037512 0.014900 0.956863 0.956863 0.956863
v -0.063861 0.037508 0.014877 0.956863 0.956863 0.956863
v -0.064830 0.037526 0.021532 0.956863 0.956863 0.956863
v -0.063724 0.037521 0.021509 0.956863 0.956863 0.956863
v -0.065546 0.043833 -0.014625 0.956863 0.956863 0.956863
v -0.064452 0.043926 -0.015215 0.956863 0.956863 0.956863
v -0.064428 0.043929 -0.014081 0.956863 0.956863 0.956863
v -0.065566 0.044219 -0.015691 0.956863 0.956863 0.956863
v -0.065522 0.044223 -0.013560 0.956863 0.956863 0.956863
v -0.064467 0.044654 -0.016086 0.956863 0.956863 0.956863
v -0.064407 0.044660 -0.013213 0.956863 0.956863 0.956863
v -0.065573 0.045200 -0.016260 0.956863 0.956863 0.956863
v -0.065506 0.045207 -0.012995 0.956863 0.956863 0.956863
v -0.064465 0.045770 -0.016284 0.956863 0.956863 0.956863
v -0.064398 0.045778 -0.013019 0.956863 0.956863 0.956863
v -0.065564 0.046318 -0.016065 0.956863 0.956863 0.956863
v -0.065505 0.046323 -0.013195 0.956863 0.956863 0.956863
v -0.065249 0.046250 -0.054381 0.956863 0.956863 0.956863
v -0.064449 0.046755 -0.015720 0.956863 0.956863 0.956863
v -0.064405 0.046758 -0.013588 0.956863 0.956863 0.956863
v -0.065543 0.047048 -0.015198 0.956863 0.956863 0.956863
v -0.065519 0.047051 -0.014065 0.956863 0.956863 0.956863
v -0.064426 0.047144 -0.014655 0.956863 0.956863 0.956863
v -0.065803 0.054004 -0.029346 0.956863 0.956863 0.956863
v -0.064697 0.053999 -0.029370 0.956863 0.956863 0.956863
v -0.065665 0.054018 -0.022715 0.956863 0.956863 0.956863
v -0.064560 0.054013 -0.022738 0.956863 0.956863 0.956863
v -0.065347 0.054050 -0.007241 0.956863 0.956863 0.956863
v -0.064241 0.054045 -0.007264 0.956863 0.956863 0.956863
v -0.065210 0.054063 -0.000610 0.956863 0.956863 0.956863
v -0.064104 0.054058 -0.000632 0.956863 0.956863 0.956863
v -0.064891 0.054095 0.014864 0.956863 0.956863 0.956863
v -0.063786 0.054090 0.014841 0.956863 0.956863 0.956863
v -0.064754 0.054107 0.021496 0.956863 0.956863 0.956863
v -0.063649 0.054103 0.021473 0.956863 0.956863 0.956863
v -0.065824 0.054298 -0.030452 0.956863 0.956863 0.956863
v -0.064719 0.054293 -0.030475 0.956863 0.956863 0.956863
v -0.065642 0.054317 -0.021610 0.956863 0.956863 0.956863
v -0.064536 0.054311 -0.021633 0.956863 0.956863 0.956863
v -0.065368 0.054343 -0.008348 0.956863 0.956863 0.956863
v -0.064263 0.054338 -0.008370 0.956863 0.956863 0.956863
v -0.065186 0.054361 0.000495 0.956863 0.956863 0.956863
v -0.064080 0.054356 0.000472 0.956863 0.956863 0.956863
v -0.064912 0.054389 0.013758 0.956863 0.956863 0.956863
v -0.063807 0.054384 0.013735 0.956863 0.956863 0.956863
v -0.064730 0.054406 0.022600 0.956863 0.956863 0.956863
v -0.063624 0.054401 0.022578 0.956863 0.956863 0.956863
v -0.065838 0.055106 -0.031263 0.956863 0.956863 0.956863
v -0.064732 0.055102 -0.031286 0.956863 0.956863 0.956863
v -0.065622 0.055128 -0.020803 0.956863 0.956863 0.956863
v -0.064516 0.055122 -0.020826 0.956863 0.956863 0.956863
v -0.065381 0.055151 -0.009158 0.956863 0.956863 0.956863
v -0.064276 0.055146 -0.009181 0.956863 0.956863 0.956863
v -0.065166 0.055173 0.001302 0.956863 0.956863 0.956863
v -0.064061 0.055168 0.001280 0.956863 0.956863 0.956863
v -0.064925 0.055197 0.012948 0.956863 0.956863 0.956863
v -0.063820 0.055192 0.012925 0.956863 0.956863 0.956863
v -0.064710 0.055217 0.023408 0.956863 0.956863 0.956863
v -0.063605 0.055212 0.023386 0.956863 0.956863 0.956863
v -0.065111 0.056033 -0.049900 0.956863 0.956863 0.956863
v -0.065838 0.056211 -0.031562 0.956863 0.956863 0.956863
v -0.064733 0.056206 -0.031585 0.956863 0.956863 0.956863
v -0.065610 0.056233 -0.020508 0.956863 0.956863 0.956863
v -0.064505 0.056228 -0.020532 0.956863 0.956863 0.956863
v -0.065382 0.056256 -0.009456 0.956863 0.956863 0.956863
v -0.064277 0.056251 -0.009479 0.956863 0.956863 0.956863
v -0.065154 0.056279 0.001596 0.956863 0.956863 0.956863
v -0.064049 0.056274 0.001574 0.956863 0.956863 0.956863
v -0.064927 0.056301 0.012650 0.956863 0.956863 0.956863
v -0.063822 0.056297 0.012626 0.956863 0.956863 0.956863
v -0.064698 0.056323 0.023702 0.956863 0.956863 0.956863
v -0.063593 0.056318 0.023679 0.956863 0.956863 0.956863
v -0.065833 0.057316 -0.031564 0.956863 0.956863 0.956863
v -0.064728 0.057311 -0.031587 0.956863 0.956863 0.956863
v -0.065605 0.057339 -0.020511 0.956863 0.956863 0.956863
v -0.064500 0.057334 -0.020534 0.956863 0.956863 0.956863
v -0.065377 0.057362 -0.009459 0.956863 0.956863 0.956863
v -0.064272 0.057357 -0.009482 0.956863 0.956863 0.956863
v -0.065149 0.057384 0.001594 0.956863 0.956863 0.956863
v -0.064044 0.057379 0.001572 0.956863 0.956863 0.956863
v -0.064922 0.057407 0.012647 0.956863 0.956863 0.956863
v -0.063816 0.057402 0.012624 0.956863 0.956863 0.956863
v -0.064693 0.057429 0.023700 0.956863 0.956863 0.956863
v -0.063588 0.057424 0.023676 0.956863 0.956863 0.956863
v -0.065822 0.058422 -0.031270 0.956863 0.956863 0.956863
v -0.064717 0.058418 -0.031293 0.956863 0.956863 0.956863
v -0.065606 0.058444 -0.020809 0.956863 0.956863 0.956863
v -0.064501 0.058439 -0.020833 0.956863 0.956863 0.956863
v -0.065366 0.058468 -0.009165 0.956863 0.956863 0.956863
v -0.064261 0.058463 -0.009188 0.956863 0.956863 0.956863
v -0.065151 0.058489 0.001295 0.956863 0.956863 0.956863
v -0.064045 0.058484 0.001273 0.956863 0.956863 0.956863
v -0.064910 0.058513 0.012941 0.956863 0.956863 0.956863
v -0.063805 0.058508 0.012918 0.956863 0.956863 0.956863
v -0.064695 0.058533 0.023401 0.956863 0.956863 0.956863
v -0.063590 0.058529 0.023378 0.956863 0.956863 0.956863
v -0.065802 0.059234 -0.030463 0.956863 0.956863 0.956863
v -0.064696 0.059229 -0.030486 0.956863 0.956863 0.956863
v -0.065619 0.059252 -0.021621 0.956863 0.956863 0.956863
v -0.064514 0.059247 -0.021644 0.956863 0.956863 0.956863
v -0.065346 0.059279 -0.008358 0.956863 0.956863 0.956863
v -0.064241 0.059274 -0.008380 0.956863 0.956863 0.956863
v -0.065164 0.059297 0.000485 0.956863 0.956863 0.956863
v -0.064058 0.059292 0.000462 0.956863 0.956863 0.956863
v -0.064891 0.059324 0.013748 0.956863 0.956863 0.956863
v -0.063785 0.059319 0.013725 0.956863 0.956863 0.956863
v -0.064708 0.059342 0.022590 0.956863 0.956863 0.956863
v -0.063603 0.059337 0.022568 0.956863 0.956863 0.956863
v -0.065778 0.059532 -0.029358 0.956863 0.956863 0.956863
v -0.064673 0.059527 -0.029382 0.956863 0.956863 0.956863
v -0.065640 0.059545 -0.022726 0.956863 0.956863 0.956863
v -0.064535 0.059540 -0.022750 0.956863 0.956863 0.956863
v -0.065322 0.059577 -0.007253 0.956863 0.956863 0.956863
v -0.064217 0.059572 -0.007276 0.956863 0.956863 0.956863
v -0.065184 0.059591 -0.000621 0.956863 0.956863 0.956863
v -0.064079 0.059586 -0.000644 0.956863 0.956863 0.956863
v -0.064866 0.059622 0.014853 0.956863 0.956863 0.956863
v -0.063761 0.059617 0.014830 0.956863 0.956863 0.956863
v -0.064729 0.059635 0.021484 0.956863 0.956863 0.956863
v -0.063624 0.059630 0.021462 0.956863 0.956863 0.956863
v -0.064958 0.065382 -0.044571 0.956863 0.956863 0.956863
v -0.064791 0.074223 -0.038436 0.956863 0.956863 0.956863
v -0.065246 0.076160 -0.007289 0.956863 0.956863 0.956863
v -0.064141 0.076155 -0.007311 0.956863 0.956863 0.956863
v -0.065110 0.076173 -0.000657 0.956863 0.956863 0.956863
v -0.064004 0.076168 -0.000679 0.956863 0.956863 0.956863
v -0.064791 0.076205 0.014818 0.956863 0.956863 0.956863
v -0.063685 0.076200 0.014795 0.956863 0.956863 0.956863
v -0.064654 0.076218 0.021449 0.956863 0.956863 0.956863
v -0.063549 0.076213 0.021426 0.956863 0.956863 0.956863
v -0.065268 0.076453 -0.008394 0.956863 0.956863 0.956863
v -0.064162 0.076449 -0.008417 0.956863 0.956863 0.956863
v -0.065086 0.076472 0.000449 0.956863 0.956863 0.956863
v -0.063981 0.076467 0.000425 0.956863 0.956863 0.956863
v -0.064812 0.076499 0.013712 0.956863 0.956863 0.956863
v -0.063706 0.076494 0.013689 0.956863 0.956863 0.956863
v -0.064629 0.076517 0.022553 0.956863 0.956863 0.956863
v -0.063524 0.076512 0.022531 0.956863 0.956863 0.956863
v -0.065281 0.077261 -0.009205 0.956863 0.956863 0.956863
v -0.064176 0.077256 -0.009228 0.956863 0.956863 0.956863
v -0.065065 0.077283 0.001256 0.956863 0.956863 0.956863
v -0.063960 0.077278 0.001233 0.956863 0.956863 0.956863
v -0.064824 0.077306 0.012901 0.956863 0.956863 0.956863
v -0.063719 0.077301 0.012878 0.956863 0.956863 0.956863
v -0.064609 0.077327 0.023361 0.956863 0.956863 0.956863
v -0.063504 0.077322 0.023338 0.956863 0.956863 0.956863
v -0.065282 0.078366 -0.009503 0.956863 0.956863 0.956863
v -0.064176 0.078361 -0.009526 0.956863 0.956863 0.956863
v -0.065053 0.078389 0.001549 0.956863 0.956863 0.956863
v -0.063948 0.078384 0.001526 0.956863 0.956863 0.956863
v -0.064826 0.078411 0.012602 0.956863 0.956863 0.956863
v -0.063721 0.078406 0.012579 0.956863 0.956863 0.956863
v -0.064598 0.078433 0.023655 0.956863 0.956863 0.956863
v -0.063492 0.078428 0.023632 0.956863 0.956863 0.956863
v -0.065277 0.079471 -0.009506 0.956863 0.956863 0.956863
v -0.064171 0.079466 -0.009528 0.956863 0.956863 0.956863
v -0.065048 0.079494 0.001547 0.956863 0.956863 0.956863
v -0.063943 0.079489 0.001524 0.956863 0.956863 0.956863
v -0.064821 0.079517 0.012600 0.956863 0.956863 0.956863
v -0.063716 0.079512 0.012577 0.956863 0.956863 0.956863
v -0.064593 0.079538 0.023652 0.956863 0.956863 0.956863
v -0.063487 0.079533 0.023630 0.956863 0.956863 0.956863
v -0.065266 0.080578 -0.009212 0.956863 0.956863 0.956863
v -0.064161 0.080573 -0.009235 0.956863 0.956863 0.956863
v -0.065051 0.080599 0.001248 0.956863 0.956863 0.956863
v -0.063945 0.080594 0.001225 0.956863 0.956863 0.956863
v -0.064809 0.080623 0.012894 0.956863 0.956863 0.956863
v -0.063704 0.080618 0.012871 0.956863 0.956863 0.956863
v -0.064595 0.080644 0.023354 0.956863 0.956863 0.956863
v -0.063489 0.080639 0.023332 0.956863 0.956863 0.956863
v -0.065246 0.081389 -0.008405 0.956863 0.956863 0.956863
v -0.064140 0.081384 -0.008427 0.956863 0.956863 0.956863
v -0.065063 0.081407 0.000438 0.956863 0.956863 0.956863
v -0.063958 0.081402 0.000415 0.956863 0.956863 0.956863
v -0.064790 0.081434 0.013701 0.956863 0.956863 0.956863
v -0.063685 0.081429 0.013678 0.956863 0.956863 0.956863
v -0.064607 0.081451 0.022543 0.956863 0.956863 0.956863
v -0.063502 0.081446 0.022520 0.956863 0.956863 0.956863
v -0.065221 0.081688 -0.007300 0.956863 0.956863 0.956863
v -0.064116 0.081683 -0.007322 0.956863 0.956863 0.956863
v -0.065084 0.081701 -0.000668 0.956863 0.956863 0.956863
v -0.063979 0.081696 -0.000691 0.956863 0.956863 0.956863
v -0.064765 0.081732 0.014806 0.956863 0.956863 0.956863
v -0.063660 0.081726 0.014783 0.956863 0.956863 0.956863
v -0.064629 0.081745 0.021437 0.956863 0.956863 0.956863
v -0.063523 0.081740 0.021415 0.956863 0.956863 0.956863
v -0.064690 0.098314 0.014770 0.956863 0.956863 0.956863
v -0.063585 0.098309 0.014748 0.956863 0.956863 0.956863
v -0.064553 0.098328 0.021402 0.956863 0.956863 0.956863
v -0.063448 0.098322 0.021380 0.956863 0.956863 0.956863
v -0.064711 0.098608 0.013664 0.956863 0.956863 0.956863
v -0.063606 0.098603 0.013642 0.956863 0.956863 0.956863
v -0.064529 0.098626 0.022506 0.956863 0.956863 0.956863
v -0.063424 0.098621 0.022484 0.956863 0.956863 0.956863
v -0.064725 0.099416 0.012853 0.956863 0.956863 0.956863
v -0.063620 0.099410 0.012831 0.956863 0.956863 0.956863
v -0.064509 0.099437 0.023314 0.956863 0.956863 0.956863
v -0.063404 0.099432 0.023291 0.956863 0.956863 0.956863
v -0.064726 0.100521 0.012555 0.956863 0.956863 0.956863
v -0.063621 0.100516 0.012532 0.956863 0.956863 0.956863
v -0.064498 0.100544 0.023608 0.956863 0.956863 0.956863
v -0.063392 0.100538 0.023585 0.956863 0.956863 0.956863
v -0.064721 0.101626 0.012552 0.956863 0.956863 0.956863
v -0.063616 0.101621 0.012530 0.956863 0.956863 0.956863
v -0.064493 0.101649 0.023605 0.956863 0.956863 0.956863
v -0.063387 0.101644 0.023583 0.956863 0.956863 0.956863
v -0.064710 0.102732 0.012846 0.956863 0.956863 0.956863
v -0.063605 0.102727 0.012824 0.956863 0.956863 0.956863
v -0.064494 0.102753 0.023307 0.956863 0.956863 0.956863
v -0.063389 0.102748 0.023285 0.956863 0.956863 0.956863
v -0.064689 0.103543 0.013653 0.956863 0.956863 0.956863
v -0.063584 0.103538 0.013631 0.956863 0.956863 0.956863
v -0.064507 0.103561 0.022496 0.956863 0.956863 0.956863
v -0.063402 0.103556 0.022473 0.956863 0.956863 0.956863
v -0.064665 0.103842 0.014759 0.956863 0.956863 0.956863
v -0.063559 0.103837 0.014736 0.956863 0.956863 0.956863
v -0.064528 0.103855 0.021390 0.956863 0.956863 0.956863
v -0.063423 0.103850 0.021367 0.956863 0.956863 0.956863
v -0.064489 0.110345 0.021855 0.956863 0.956863 0.956863
v -0.063395 0.110439 0.021265 0.956863 0.956863 0.956863
v -0.063372 0.110441 0.022399 0.956863 0.956863 0.956863
v -0.064509 0.110730 0.020788 0.956863 0.956863 0.956863
v -0.064465 0.110735 0.022920 0.956863 0.956863 0.956863
v -0.063410 0.111166 0.020395 0.956863 0.956863 0.956863
v -0.063350 0.111172 0.023266 0.956863 0.956863 0.956863
v -0.064516 0.111712 0.020219 0.956863 0.956863 0.956863
v -0.064449 0.111718 0.023484 0.956863 0.956863 0.956863
v -0.063408 0.112283 0.020195 0.956863 0.956863 0.956863
v -0.063341 0.112289 0.023460 0.956863 0.956863 0.956863
v -0.064507 0.112829 0.020413 0.956863 0.956863 0.956863
v -0.064448 0.112835 0.023285 0.956863 0.956863 0.956863
v -0.063392 0.113266 0.020760 0.956863 0.956863 0.956863
v -0.063348 0.113270 0.022892 0.956863 0.956863 0.956863
v -0.064486 0.113560 0.021281 0.956863 0.956863 0.956863
v -0.064462 0.113562 0.022415 0.956863 0.956863 0.956863
v -0.063369 0.113656 0.021825 0.956863 0.956863 0.956863
v -0.064493 0.115145 0.020562 0.956863 0.956863 0.956863
v -0.063388 0.115140 0.020540 0.956863 0.956863 0.956863
v -0.063366 0.115679 0.021513 0.956863 0.956863 0.956863
v -0.064448 0.116017 0.022596 0.956863 0.956863 0.956863
v -0.063343 0.116012 0.022573 0.956863 0.956863 0.956863
v -0.064424 0.116131 0.023701 0.956863 0.956863 0.956863
v -0.063319 0.116126 0.023679 0.956863 0.956863 0.956863
v -0.063242 0.116134 0.027428 0.956863 0.956863 0.956863
v -0.063608 0.116135 0.027541 0.956863 0.956863 0.956863
v -0.063975 0.116138 0.027657 0.956863 0.956863 0.956863
v -0.064341 0.116140 0.027775 0.956863 0.956863 0.956863
# 3442 vertices, 0 vertices normals

f 232 231 226
f 226 231 227
f 227 231 224
f 224 231 223
f 223 231 230
f 223 230 221
f 221 230 229
f 220 222 221
f 221 222 223
f 243 244 236
f 236 244 231
f 236 231 234
f 234 231 232
f 244 245 231
f 231 245 230
f 230 245 235
f 230 235 233
f 245 246 235
f 233 229 230
f 243 268 244
f 244 268 269
f 244 269 245
f 245 269 270
f 245 270 246
f 246 270 271
f 266 264 291
f 291 264 294
f 291 294 305
f 305 294 308
f 305 308 307
f 307 308 309
f 307 309 293
f 293 309 295
f 293 295 268
f 268 295 269
f 269 295 297
f 269 297 270
f 270 297 299
f 270 299 271
f 264 263 294
f 294 263 296
f 294 296 308
f 308 296 310
f 308 310 309
f 309 310 311
f 309 311 295
f 295 311 297
f 263 262 296
f 296 262 298
f 296 298 310
f 310 298 312
f 310 312 311
f 311 312 313
f 311 313 297
f 297 313 299
f 266 241 264
f 264 241 239
f 264 239 263
f 263 239 238
f 263 238 262
f 262 238 237
f 202 200 192
f 192 200 190
f 192 190 189
f 189 190 187
f 189 187 197
f 197 187 195
f 197 195 241
f 241 195 239
f 239 195 194
f 239 194 238
f 238 194 193
f 238 193 237
f 200 199 190
f 190 199 186
f 190 186 187
f 187 186 185
f 187 185 195
f 195 185 194
f 199 198 186
f 186 198 184
f 186 184 185
f 185 184 183
f 185 183 194
f 194 183 193
f 219 198 220
f 220 198 199
f 220 199 222
f 222 199 200
f 222 200 223
f 223 200 202
f 223 202 224
f 224 202 227
f 227 202 226
f 198 219 155
f 155 219 172
f 172 219 213
f 265 266 290
f 290 266 291
f 290 291 304
f 304 291 305
f 304 305 306
f 306 305 307
f 306 307 292
f 292 307 293
f 292 293 267
f 267 293 268
f 268 243 267
f 267 243 242
f 141 140 153
f 153 140 151
f 153 151 166
f 166 151 164
f 166 164 165
f 165 164 163
f 165 163 152
f 152 163 150
f 152 150 132
f 132 150 133
f 133 150 148
f 133 148 134
f 134 148 145
f 134 145 136
f 140 139 151
f 151 139 149
f 151 149 164
f 164 149 162
f 164 162 163
f 163 162 161
f 163 161 150
f 150 161 148
f 139 138 149
f 149 138 147
f 149 147 162
f 162 147 160
f 162 160 161
f 161 160 158
f 161 158 148
f 148 158 145
f 136 111 134
f 134 111 109
f 134 109 133
f 133 109 108
f 133 108 132
f 132 108 107
f 113 114 91
f 91 114 87
f 91 87 77
f 77 87 73
f 77 73 75
f 75 73 72
f 75 72 89
f 89 72 86
f 89 86 111
f 111 86 109
f 109 86 80
f 109 80 108
f 108 80 78
f 108 78 107
f 114 115 87
f 87 115 81
f 87 81 73
f 73 81 71
f 73 71 72
f 72 71 70
f 72 70 86
f 86 70 80
f 115 116 81
f 81 116 79
f 81 79 71
f 71 79 69
f 71 69 70
f 70 69 68
f 70 68 80
f 80 68 78
f 113 138 114
f 114 138 139
f 114 139 115
f 115 139 140
f 115 140 116
f 116 140 141
f 111 136 110
f 110 136 135
f 135 136 144
f 144 136 145
f 144 145 157
f 157 145 158
f 157 158 159
f 159 158 160
f 159 160 146
f 146 160 147
f 146 147 137
f 137 147 138
f 262 237 247
f 247 237 193
f 247 193 154
f 154 193 152
f 154 152 132
f 152 193 165
f 165 193 183
f 165 183 166
f 166 183 184
f 166 184 155
f 155 184 198
f 127 141 155
f 155 141 153
f 155 153 166
f 117 59 127
f 127 59 37
f 127 37 116
f 116 37 79
f 79 37 11
f 79 11 69
f 69 11 68
f 68 11 27
f 68 27 78
f 78 27 107
f 107 27 52
f 107 52 120
f 120 52 92
f 120 154 107
f 107 154 132
f 247 261 262
f 262 261 325
f 262 325 353
f 261 289 325
f 370 312 353
f 353 312 298
f 353 298 262
f 344 299 370
f 370 299 313
f 370 313 312
f 322 260 344
f 344 260 271
f 344 271 299
f 322 274 260
f 229 233 260
f 260 233 235
f 260 235 246
f 246 271 260
f 116 141 127
f 265 339 240
f 240 339 41
f 240 41 135
f 135 41 110
f 110 41 88
f 88 41 34
f 88 34 18
f 265 290 339
f 339 290 346
f 346 290 362
f 362 290 304
f 362 304 306
f 362 306 364
f 364 306 292
f 364 292 348
f 348 292 341
f 341 292 267
f 341 267 213
f 213 267 242
f 213 242 225
f 213 225 172
f 172 225 201
f 172 201 146
f 146 201 191
f 146 191 159
f 159 191 188
f 159 188 157
f 157 188 196
f 157 196 144
f 144 196 240
f 144 240 135
f 146 137 172
f 172 137 112
f 172 112 43
f 43 112 90
f 43 90 36
f 36 90 20
f 20 90 76
f 20 76 18
f 18 76 74
f 18 74 88
f 138 113 137
f 137 113 112
f 94 93 83
f 83 93 82
f 83 82 64
f 60 61 64
f 64 61 65
f 64 65 83
f 338 280 339
f 339 280 203
f 339 203 204
f 319 315 338
f 338 315 301
f 338 301 280
f 203 280 181
f 181 280 94
f 181 94 41
f 41 94 40
f 40 94 83
f 40 83 65
f 65 61 40
f 339 204 41
f 41 204 182
f 41 182 181
f 60 38 61
f 61 38 40
f 40 38 33
f 33 38 29
f 33 29 17
f 17 29 7
f 17 7 19
f 19 7 9
f 19 9 31
f 19 31 35
f 35 31 44
f 35 44 42
f 42 44 63
f 42 63 62
f 279 280 300
f 300 280 301
f 300 301 315
f 319 318 315
f 315 318 314
f 315 314 300
f 300 336 279
f 279 336 337
f 279 337 216
f 314 318 300
f 300 318 336
f 216 215 279
f 319 338 318
f 318 338 336
f 336 338 349
f 349 338 345
f 349 345 371
f 371 345 361
f 371 361 363
f 371 363 373
f 373 363 347
f 373 347 351
f 351 347 340
f 351 340 342
f 342 340 320
f 342 320 321
f 281 282 302
f 302 282 303
f 302 303 317
f 321 320 317
f 317 320 316
f 317 316 302
f 302 340 281
f 281 340 341
f 281 341 213
f 302 316 340
f 340 316 320
f 213 172 281
f 281 172 95
f 95 172 43
f 95 43 42
f 62 66 42
f 42 66 84
f 42 84 95
f 96 95 85
f 85 95 84
f 85 84 66
f 62 63 66
f 66 63 67
f 66 67 85
f 85 44 96
f 96 44 45
f 96 45 168
f 67 63 85
f 85 63 44
f 168 167 96
f 317 303 321
f 321 303 342
f 342 303 282
f 342 282 343
f 343 282 218
f 218 282 217
f 60 64 38
f 38 64 82
f 38 82 93
f 169 170 93
f 93 170 39
f 93 39 38
f 122 175 167
f 167 175 95
f 167 95 96
f 175 122 128
f 128 122 99
f 128 99 103
f 103 99 47
f 47 99 53
f 47 53 13
f 13 53 22
f 13 22 1
f 1 22 4
f 1 4 24
f 1 24 15
f 15 24 55
f 15 55 49
f 49 55 101
f 49 101 105
f 105 101 130
f 130 101 124
f 130 124 177
f 177 124 169
f 177 169 94
f 94 169 93
f 94 280 177
f 177 280 207
f 207 280 215
f 207 215 255
f 280 279 215
f 207 255 250
f 250 255 284
f 250 284 275
f 275 284 331
f 331 284 326
f 331 326 366
f 366 326 356
f 366 356 379
f 379 356 376
f 379 376 358
f 379 358 368
f 368 358 328
f 368 328 333
f 333 328 286
f 333 286 277
f 277 286 252
f 252 286 257
f 252 257 209
f 209 257 217
f 209 217 281
f 281 217 282
f 209 281 175
f 175 281 95
f 172 213 174
f 174 213 211
f 174 211 176
f 176 211 210
f 209 175 210
f 210 175 176
f 220 221 219
f 219 221 229
f 219 229 260
f 274 273 260
f 260 273 249
f 260 249 219
f 219 249 213
f 213 249 248
f 213 248 211
f 211 248 210
f 210 248 253
f 253 248 272
f 253 272 278
f 278 272 324
f 278 324 334
f 334 324 360
f 334 360 369
f 369 360 378
f 369 378 380
f 380 378 365
f 380 365 367
f 367 365 335
f 367 335 332
f 332 335 283
f 332 283 276
f 276 283 254
f 276 254 251
f 251 254 212
f 251 212 208
f 273 274 323
f 323 274 322
f 323 322 344
f 323 344 354
f 354 344 370
f 354 370 375
f 375 370 353
f 375 353 355
f 355 353 325
f 355 325 330
f 330 325 289
f 330 289 288
f 288 289 261
f 288 261 259
f 259 261 247
f 259 247 214
f 214 247 228
f 259 214 254
f 254 214 212
f 272 248 249
f 249 273 272
f 272 273 323
f 272 323 324
f 324 323 354
f 324 354 360
f 360 354 378
f 365 378 375
f 375 378 354
f 335 365 355
f 355 365 375
f 283 335 330
f 330 335 355
f 254 283 288
f 288 283 330
f 259 254 288
f 209 210 252
f 252 210 253
f 252 253 277
f 277 253 278
f 277 278 333
f 333 278 334
f 333 334 368
f 368 334 369
f 368 369 379
f 379 369 380
f 379 380 366
f 366 380 367
f 366 367 331
f 331 367 332
f 331 332 275
f 275 332 276
f 275 276 250
f 250 276 251
f 250 251 207
f 207 251 208
f 174 176 143
f 143 176 129
f 143 129 119
f 119 129 104
f 119 104 57
f 57 104 48
f 57 48 26
f 26 48 14
f 26 14 3
f 3 14 2
f 3 2 12
f 12 2 16
f 12 16 46
f 46 16 50
f 46 50 98
f 98 50 106
f 98 106 126
f 126 106 131
f 126 131 173
f 173 131 178
f 173 171 126
f 126 171 121
f 126 121 98
f 98 121 97
f 98 97 46
f 46 97 51
f 46 51 12
f 12 51 21
f 12 21 3
f 3 21 6
f 3 6 26
f 26 6 28
f 26 28 57
f 57 28 58
f 57 58 119
f 119 58 118
f 119 118 143
f 143 118 142
f 143 142 174
f 174 142 172
f 172 142 155
f 155 142 127
f 127 142 117
f 117 142 118
f 117 118 59
f 59 118 58
f 59 58 37
f 37 58 28
f 37 28 11
f 11 28 6
f 11 6 27
f 27 6 21
f 27 21 52
f 52 21 51
f 52 51 92
f 92 51 97
f 92 97 120
f 120 97 121
f 120 121 156
f 156 121 171
f 156 154 120
f 177 178 130
f 130 178 131
f 130 131 105
f 105 131 106
f 105 106 49
f 49 106 50
f 49 50 15
f 15 50 16
f 15 16 1
f 1 16 2
f 1 2 13
f 13 2 14
f 13 14 47
f 47 14 48
f 47 48 103
f 103 48 104
f 103 104 128
f 128 104 129
f 128 129 175
f 175 129 176
f 241 266 240
f 240 266 265
f 226 202 201
f 201 202 192
f 201 192 191
f 191 192 189
f 191 189 188
f 188 189 197
f 188 197 196
f 196 197 241
f 196 241 240
f 201 225 226
f 226 225 232
f 232 225 242
f 232 242 234
f 234 242 236
f 236 242 243
f 112 113 90
f 90 113 91
f 90 91 76
f 76 91 77
f 76 77 74
f 74 77 75
f 74 75 88
f 88 75 89
f 88 89 110
f 110 89 111
f 182 204 180
f 180 204 206
f 180 206 179
f 179 206 205
f 41 40 34
f 34 40 33
f 34 33 18
f 18 33 17
f 18 17 20
f 20 17 19
f 20 19 36
f 36 19 35
f 36 35 43
f 43 35 42
f 341 340 348
f 348 340 347
f 348 347 364
f 364 347 363
f 364 363 362
f 362 363 361
f 362 361 346
f 346 361 345
f 346 345 339
f 339 345 338
f 204 203 206
f 206 203 205
f 179 205 181
f 181 205 203
f 180 179 182
f 182 179 181
f 38 39 29
f 29 39 30
f 29 30 7
f 7 30 8
f 7 8 9
f 9 8 10
f 9 10 31
f 31 10 32
f 31 32 44
f 44 32 45
f 342 343 351
f 351 343 352
f 351 352 373
f 373 352 374
f 373 374 371
f 371 374 372
f 371 372 349
f 349 372 350
f 349 350 336
f 336 350 337
f 216 337 256
f 256 337 285
f 285 337 327
f 327 337 357
f 357 337 350
f 357 350 372
f 357 372 377
f 377 372 374
f 377 374 359
f 359 374 352
f 359 352 343
f 218 258 343
f 343 258 287
f 343 287 329
f 329 359 343
f 215 216 255
f 255 216 256
f 255 256 284
f 284 256 285
f 284 285 326
f 326 285 327
f 326 327 356
f 356 327 357
f 356 357 376
f 376 357 377
f 376 377 358
f 358 377 359
f 358 359 328
f 328 359 329
f 328 329 286
f 286 329 287
f 286 287 257
f 257 287 258
f 257 258 217
f 217 258 218
f 170 169 125
f 125 169 124
f 125 124 102
f 102 124 101
f 102 101 56
f 56 101 55
f 56 55 25
f 25 55 24
f 25 24 5
f 5 24 4
f 5 4 23
f 23 4 22
f 23 22 54
f 54 22 53
f 54 53 100
f 100 53 99
f 100 99 123
f 123 99 122
f 123 122 168
f 168 122 167
f 170 125 39
f 39 125 102
f 39 102 56
f 56 25 39
f 39 25 30
f 30 25 8
f 8 25 5
f 8 5 10
f 10 5 23
f 10 23 32
f 32 23 45
f 45 23 54
f 45 54 100
f 100 123 45
f 45 123 168
f 247 154 228
f 228 154 156
f 228 156 214
f 214 156 171
f 214 171 212
f 212 171 173
f 212 173 208
f 208 173 178
f 208 178 207
f 207 178 177
f 876 818 874
f 874 818 816
f 874 816 872
f 872 816 814
f 872 814 870
f 870 814 812
f 870 812 871
f 871 812 813
f 871 813 873
f 873 813 815
f 873 815 875
f 875 815 817
f 875 817 877
f 877 817 819
f 877 819 878
f 878 819 820
f 878 820 876
f 876 820 818
f 839 897 841
f 841 897 899
f 841 899 843
f 843 899 901
f 843 901 845
f 845 901 903
f 845 903 844
f 844 903 902
f 844 902 842
f 842 902 900
f 842 900 840
f 840 900 898
f 840 898 838
f 838 898 896
f 838 896 837
f 837 896 895
f 837 895 839
f 839 895 897
f 835 893 833
f 833 893 891
f 833 891 831
f 831 891 889
f 831 889 829
f 829 889 887
f 829 887 827
f 827 887 885
f 843 846 841
f 841 846 835
f 841 835 839
f 839 835 833
f 839 833 831
f 843 845 846
f 846 845 847
f 847 845 844
f 847 844 842
f 847 842 836
f 836 842 840
f 836 840 834
f 834 840 832
f 832 840 838
f 832 838 830
f 830 838 828
f 828 838 837
f 828 837 827
f 827 837 839
f 827 839 829
f 829 839 831
f 885 886 827
f 827 886 828
f 894 836 892
f 892 836 834
f 892 834 890
f 890 834 832
f 890 832 888
f 888 832 830
f 888 830 886
f 886 830 828
f 836 894 847
f 847 894 905
f 897 893 899
f 899 893 904
f 899 904 901
f 901 904 903
f 903 904 905
f 903 905 902
f 902 905 900
f 900 905 894
f 900 894 898
f 898 894 892
f 898 892 890
f 895 885 897
f 897 885 887
f 897 887 889
f 885 895 886
f 886 895 896
f 886 896 888
f 888 896 890
f 890 896 898
f 889 891 897
f 897 891 893
f 893 835 904
f 904 835 846
f 862 804 866
f 866 804 808
f 866 808 867
f 867 808 809
f 867 809 868
f 868 809 810
f 868 810 869
f 869 810 811
f 872 869 874
f 874 869 879
f 874 879 876
f 876 879 880
f 876 880 881
f 870 862 872
f 872 862 866
f 872 866 867
f 862 870 864
f 864 870 871
f 864 871 873
f 864 873 865
f 865 873 875
f 865 875 884
f 884 875 877
f 884 877 883
f 883 877 878
f 883 878 876
f 867 868 872
f 872 868 869
f 881 882 876
f 876 882 883
f 864 863 862
f 869 811 879
f 879 811 821
f 825 883 824
f 824 883 882
f 824 882 823
f 823 882 881
f 823 881 822
f 822 881 880
f 822 880 821
f 821 880 879
f 804 862 805
f 805 862 863
f 883 825 884
f 884 825 826
f 818 821 816
f 816 821 811
f 816 811 814
f 814 811 810
f 814 810 809
f 820 825 818
f 818 825 824
f 818 824 823
f 820 819 825
f 825 819 826
f 826 819 817
f 826 817 807
f 807 817 815
f 807 815 806
f 806 815 813
f 806 813 812
f 806 812 804
f 804 812 814
f 804 814 808
f 808 814 809
f 804 805 806
f 823 822 818
f 818 822 821
f 1099 1097 1100
f 1100 1097 1095
f 1100 1095 1091
f 572 977 1099
f 1099 977 987
f 1099 987 996
f 573 598 572
f 572 598 600
f 572 600 604
f 1100 721 573
f 573 721 711
f 573 711 703
f 907 865 919
f 919 865 884
f 919 884 927
f 927 884 935
f 935 884 945
f 945 884 749
f 945 749 955
f 955 749 739
f 955 739 967
f 967 739 730
f 967 730 975
f 975 730 721
f 975 721 1100
f 884 826 749
f 749 826 761
f 761 826 769
f 769 826 777
f 777 826 807
f 777 807 787
f 703 678 573
f 573 678 670
f 573 670 661
f 661 631 573
f 573 631 622
f 573 622 614
f 614 602 573
f 573 602 598
f 604 616 572
f 572 616 624
f 572 624 633
f 633 663 572
f 572 663 672
f 572 672 681
f 681 705 572
f 572 705 714
f 572 714 723
f 732 969 723
f 723 969 977
f 723 977 572
f 969 732 959
f 959 732 743
f 959 743 851
f 851 743 793
f 793 743 753
f 793 753 763
f 763 771 793
f 793 771 779
f 793 779 803
f 803 779 789
f 803 789 791
f 861 921 851
f 851 921 929
f 851 929 939
f 911 909 861
f 861 909 921
f 939 951 851
f 851 951 959
f 996 1017 1099
f 1099 1017 1025
f 1099 1025 1041
f 1041 1065 1099
f 1099 1065 1073
f 1099 1073 1081
f 1081 1093 1099
f 1099 1093 1097
f 1091 1079 1100
f 1100 1079 1071
f 1100 1071 1063
f 1063 1038 1100
f 1100 1038 1023
f 1100 1023 1015
f 1015 993 1100
f 1100 993 985
f 1100 985 975
f 806 786 807
f 807 786 787
f 1169 1257 1171
f 1171 1257 1259
f 1171 1259 1173
f 1173 1259 1261
f 1173 1261 1175
f 1175 1261 1263
f 1175 1263 1174
f 1174 1263 1262
f 1174 1262 1172
f 1172 1262 1260
f 1172 1260 1170
f 1170 1260 1258
f 1170 1258 1168
f 1168 1258 1256
f 1168 1256 1167
f 1167 1256 1254
f 1167 1254 1169
f 1169 1254 1257
f 391 478 389
f 389 478 476
f 389 476 387
f 387 476 474
f 387 474 384
f 384 474 473
f 384 473 386
f 386 473 475
f 386 475 388
f 388 475 477
f 388 477 390
f 390 477 479
f 390 479 392
f 392 479 481
f 392 481 393
f 393 481 480
f 393 480 391
f 391 480 478
f 1190 1277 1192
f 1192 1277 1279
f 1192 1279 1194
f 1194 1279 1282
f 1194 1282 1196
f 1196 1282 1284
f 1196 1284 1195
f 1195 1284 1283
f 1195 1283 1193
f 1193 1283 1281
f 1193 1281 1191
f 1191 1281 1278
f 1191 1278 1189
f 1189 1278 1276
f 1189 1276 1188
f 1188 1276 1275
f 1188 1275 1190
f 1190 1275 1277
f 500 411 498
f 498 411 408
f 498 408 496
f 496 408 406
f 496 406 494
f 494 406 405
f 494 405 495
f 495 405 407
f 495 407 497
f 497 407 409
f 497 409 499
f 499 409 412
f 499 412 501
f 501 412 414
f 501 414 502
f 502 414 413
f 502 413 500
f 500 413 411
f 1213 1301 1215
f 1215 1301 1303
f 1215 1303 1217
f 1217 1303 1305
f 1217 1305 1219
f 1219 1305 1307
f 1219 1307 1218
f 1218 1307 1306
f 1218 1306 1216
f 1216 1306 1304
f 1216 1304 1214
f 1214 1304 1302
f 1214 1302 1212
f 1212 1302 1300
f 1212 1300 1211
f 1211 1300 1299
f 1211 1299 1213
f 1213 1299 1301
f 523 434 521
f 521 434 432
f 521 432 519
f 519 432 430
f 519 430 517
f 517 430 429
f 517 429 518
f 518 429 431
f 518 431 520
f 520 431 433
f 520 433 522
f 522 433 435
f 522 435 524
f 524 435 437
f 524 437 525
f 525 437 436
f 525 436 523
f 523 436 434
f 1036 1034 1032
f 1032 1034 1031
f 1032 1031 1035
f 1035 1031 1033
f 1035 1033 1046
f 1046 1033 2019
f 1046 2019 1051
f 1051 2019 1049
f 1051 1049 1058
f 1058 1049 2028
f 1058 2028 1061
f 1061 2028 1060
f 1061 1060 1059
f 1059 1060 2029
f 1059 2029 1052
f 1052 2029 1050
f 1052 1050 1047
f 1047 1050 2020
f 1047 2020 1036
f 1036 2020 1034
f 691 689 687
f 687 689 688
f 687 688 690
f 690 688 1539
f 690 1539 693
f 693 1539 1548
f 693 1548 696
f 696 1548 698
f 696 698 700
f 700 698 1561
f 700 1561 701
f 701 1561 699
f 701 699 697
f 697 699 695
f 697 695 694
f 694 695 692
f 694 692 691
f 691 692 689
f 637 635 629
f 629 635 1510
f 629 1510 636
f 636 1510 634
f 636 634 641
f 641 634 639
f 641 639 648
f 648 639 1519
f 648 1519 656
f 656 1519 1528
f 656 1528 659
f 659 1528 658
f 659 658 657
f 657 658 655
f 657 655 649
f 649 655 1520
f 649 1520 642
f 642 1520 640
f 642 640 637
f 637 640 635
f 998 1980 994
f 994 1980 1979
f 994 1979 997
f 997 1979 1986
f 997 1986 999
f 999 1986 1995
f 999 1995 1002
f 1002 1995 1004
f 1002 1004 1005
f 1005 1004 1007
f 1005 1007 1006
f 1006 1007 2005
f 1006 2005 1003
f 1003 2005 1001
f 1003 1001 1000
f 1000 1001 1987
f 1000 1987 998
f 998 1987 1980
f 1039 1053 1045
f 1045 1053 1048
f 1045 1048 1044
f 1044 1048 1042
f 1044 1042 1026
f 1026 1042 1043
f 1043 1042 1048
f 1026 1039 1044
f 1044 1039 1045
f 1043 1013 1026
f 1026 1013 1008
f 1008 1013 983
f 1008 983 978
f 978 983 961
f 978 961 960
f 960 961 943
f 960 943 942
f 942 943 915
f 942 915 912
f 912 915 848
f 912 848 849
f 849 848 781
f 781 848 780
f 781 780 755
f 755 780 754
f 755 754 737
f 737 754 728
f 737 728 719
f 719 728 712
f 719 712 686
f 686 712 679
f 686 679 666
f 666 679 652
f 2028 1250 1060
f 1060 1250 1251
f 1060 1251 2029
f 2029 1251 1050
f 1050 1251 1001
f 1050 1001 2005
f 2028 1049 1250
f 1250 1049 1013
f 1250 1013 1043
f 1049 2019 1013
f 1013 2019 983
f 983 2019 1033
f 983 1033 961
f 961 1033 1031
f 961 1031 1995
f 1995 1031 1034
f 1995 1034 2020
f 1050 1007 2020
f 2020 1007 1004
f 2020 1004 1995
f 699 1561 754
f 754 1561 698
f 754 698 1548
f 1539 655 1548
f 1548 655 658
f 1548 658 728
f 728 658 1528
f 728 1528 712
f 712 1528 1519
f 712 1519 679
f 679 1519 639
f 679 639 381
f 381 639 634
f 381 634 1510
f 655 1539 1520
f 1520 1539 688
f 1520 688 689
f 1520 689 640
f 640 689 692
f 640 692 1331
f 1331 692 695
f 1331 695 1366
f 1366 695 571
f 1366 571 456
f 456 571 545
f 699 780 695
f 695 780 848
f 695 848 571
f 571 848 1098
f 1098 848 1001
f 1098 1001 2157
f 2157 1001 1251
f 780 699 754
f 381 1510 1331
f 1331 1510 635
f 1331 635 640
f 1995 1986 961
f 961 1986 943
f 943 1986 1979
f 943 1979 1980
f 943 1980 915
f 915 1980 1987
f 915 1987 848
f 848 1987 1001
f 2005 1007 1050
f 1048 1053 1043
f 1043 1053 1250
f 2157 2096 1098
f 1098 2096 1137
f 679 381 652
f 652 381 638
f 652 638 647
f 728 754 1548
f 666 652 653
f 653 652 647
f 653 647 651
f 651 647 650
f 651 650 666
f 666 650 654
f 654 650 638
f 638 650 647
f 651 666 653
f 1035 960 1032
f 1032 960 999
f 1032 999 1036
f 1036 999 1047
f 1047 999 1002
f 1047 1002 1005
f 960 1035 978
f 978 1035 1046
f 978 1046 1008
f 1008 1046 1051
f 1008 1051 1163
f 1163 1051 1058
f 1163 1058 1061
f 1163 1061 1164
f 1164 1061 1059
f 1164 1059 1052
f 1047 1006 1052
f 1052 1006 1003
f 1052 1003 1164
f 1164 1003 1000
f 1164 1000 1099
f 1099 1000 849
f 1099 849 572
f 572 849 694
f 572 694 470
f 470 694 642
f 470 642 637
f 690 649 687
f 687 649 642
f 687 642 691
f 691 642 694
f 690 693 649
f 649 693 657
f 657 693 659
f 659 693 737
f 659 737 656
f 656 737 719
f 656 719 648
f 648 719 686
f 648 686 641
f 641 686 469
f 641 469 636
f 636 469 629
f 629 469 470
f 629 470 637
f 693 696 737
f 737 696 755
f 755 696 700
f 755 700 701
f 755 701 781
f 781 701 697
f 781 697 849
f 849 697 694
f 998 994 942
f 942 994 997
f 942 997 999
f 1005 1006 1047
f 849 1000 912
f 912 1000 998
f 912 998 942
f 1039 1026 1163
f 1163 1026 1008
f 960 942 999
f 686 666 469
f 469 666 654
f 470 532 572
f 572 532 558
f 1124 1150 1099
f 1099 1150 1164
f 654 638 469
f 469 638 381
f 469 381 382
f 469 382 471
f 471 382 383
f 471 383 472
f 472 383 385
f 472 385 482
f 482 385 394
f 482 394 483
f 483 394 395
f 483 395 484
f 484 395 396
f 484 396 485
f 485 396 397
f 485 397 486
f 486 397 398
f 486 398 487
f 487 398 399
f 487 399 488
f 488 399 400
f 488 400 489
f 489 400 401
f 489 401 491
f 491 401 403
f 491 403 493
f 493 403 410
f 493 410 504
f 504 410 416
f 504 416 507
f 507 416 419
f 507 419 509
f 509 419 421
f 509 421 512
f 512 421 424
f 512 424 514
f 514 424 426
f 514 426 515
f 515 426 427
f 515 427 513
f 513 427 425
f 513 425 511
f 511 425 423
f 511 423 508
f 508 423 420
f 508 420 505
f 505 420 417
f 1039 1163 1053
f 1053 1163 1250
f 1250 1163 1252
f 1252 1163 1165
f 1252 1165 1253
f 1253 1165 1166
f 1253 1166 1255
f 1255 1166 1176
f 1255 1176 1264
f 1264 1176 1177
f 1264 1177 1265
f 1265 1177 1178
f 1265 1178 1266
f 1266 1178 1179
f 1266 1179 1267
f 1267 1179 1180
f 1267 1180 1268
f 1268 1180 1181
f 1268 1181 1269
f 1269 1181 1182
f 1269 1182 1270
f 1270 1182 1183
f 1270 1183 1271
f 1271 1183 1185
f 1271 1185 1273
f 1273 1185 1187
f 1273 1187 1280
f 1280 1187 1198
f 1280 1198 1286
f 1286 1198 1201
f 1286 1201 1289
f 1289 1201 1203
f 1289 1203 1291
f 1291 1203 1206
f 1291 1206 1294
f 1294 1206 1208
f 1294 1208 1296
f 1296 1208 1209
f 1296 1209 1297
f 1297 1209 1207
f 1297 1207 1295
f 1295 1207 1205
f 1295 1205 1293
f 1293 1205 1202
f 1293 1202 1290
f 1290 1202 1199
f 1290 1199 1287
f 850 792 852
f 852 792 794
f 852 794 853
f 853 794 795
f 853 795 854
f 854 795 796
f 854 796 855
f 855 796 797
f 855 797 856
f 856 797 798
f 796 795 797
f 797 795 794
f 797 794 792
f 793 803 792
f 792 803 802
f 792 802 797
f 797 802 798
f 798 802 801
f 798 801 800
f 800 799 798
f 802 860 801
f 801 860 859
f 801 859 800
f 800 859 858
f 800 858 799
f 799 858 857
f 799 857 798
f 798 857 856
f 860 802 861
f 861 802 803
f 861 803 785
f 785 803 791
f 785 791 784
f 784 791 790
f 785 914 861
f 861 914 911
f 911 914 913
f 911 913 910
f 792 850 793
f 793 850 851
f 852 855 850
f 850 855 856
f 850 856 860
f 860 856 859
f 859 856 858
f 858 856 857
f 852 853 855
f 855 853 854
f 861 851 860
f 860 851 850
f 788 790 789
f 789 790 791
f 909 911 908
f 908 911 910
f 788 789 778
f 778 789 779
f 778 779 770
f 770 779 771
f 770 771 762
f 762 771 763
f 762 763 752
f 752 763 753
f 752 753 742
f 742 753 743
f 742 743 731
f 731 743 732
f 731 732 722
f 722 732 723
f 722 723 713
f 713 723 714
f 713 714 704
f 704 714 705
f 704 705 680
f 680 705 681
f 680 681 671
f 671 681 672
f 671 672 662
f 662 672 663
f 662 663 632
f 632 663 633
f 632 633 623
f 623 633 624
f 623 624 615
f 615 624 616
f 615 616 603
f 603 616 604
f 603 604 599
f 599 604 600
f 599 600 597
f 597 600 598
f 597 598 601
f 601 598 602
f 601 602 613
f 613 602 614
f 613 614 621
f 621 614 622
f 621 622 630
f 630 622 631
f 630 631 660
f 660 631 661
f 660 661 669
f 669 661 670
f 669 670 677
f 677 670 678
f 677 678 702
f 702 678 703
f 702 703 710
f 710 703 711
f 710 711 720
f 720 711 721
f 720 721 729
f 729 721 730
f 729 730 738
f 738 730 739
f 738 739 748
f 748 739 749
f 748 749 760
f 760 749 761
f 760 761 768
f 768 761 769
f 768 769 776
f 776 769 777
f 776 777 786
f 786 777 787
f 387 1331 389
f 389 1331 402
f 389 402 391
f 391 402 396
f 391 396 395
f 387 384 1331
f 1331 384 383
f 1331 383 382
f 384 386 383
f 383 386 385
f 385 386 388
f 385 388 390
f 385 390 394
f 394 390 392
f 394 392 393
f 394 393 395
f 395 393 391
f 407 401 409
f 409 401 404
f 409 404 415
f 407 405 401
f 401 405 403
f 403 405 406
f 403 406 408
f 403 408 410
f 410 408 411
f 410 411 413
f 410 413 443
f 443 413 414
f 443 414 441
f 441 414 440
f 440 414 439
f 439 414 412
f 439 412 438
f 438 412 428
f 428 412 422
f 422 412 409
f 422 409 418
f 418 409 415
f 435 433 425
f 425 433 431
f 425 431 423
f 423 431 429
f 423 429 430
f 423 430 420
f 420 430 432
f 420 432 434
f 420 434 442
f 442 434 436
f 442 436 437
f 435 427 437
f 437 427 426
f 437 426 443
f 443 426 424
f 443 424 421
f 427 435 425
f 417 420 442
f 421 419 443
f 443 419 416
f 443 416 410
f 401 400 404
f 404 400 402
f 402 400 399
f 402 399 398
f 398 397 402
f 402 397 396
f 382 381 1331
f 443 442 437
f 1261 1259 1255
f 1255 1259 1257
f 1255 1257 1254
f 1256 1251 1254
f 1254 1251 1253
f 1254 1253 1255
f 1256 1258 1251
f 1251 1258 1260
f 1251 1260 1272
f 1272 1260 1266
f 1272 1266 1267
f 1266 1260 1265
f 1265 1260 1262
f 1265 1262 1264
f 1264 1262 1263
f 1264 1263 1261
f 1264 1261 1255
f 1277 1273 1279
f 1279 1273 1280
f 1279 1280 1282
f 1282 1280 1284
f 1284 1280 1313
f 1284 1313 1311
f 1277 1275 1273
f 1273 1275 1276
f 1273 1276 1271
f 1271 1276 1278
f 1271 1278 1274
f 1274 1278 1285
f 1285 1278 1288
f 1288 1278 1281
f 1288 1281 1292
f 1292 1281 1298
f 1298 1281 1308
f 1308 1281 1283
f 1308 1283 1309
f 1309 1283 1310
f 1310 1283 1284
f 1310 1284 1311
f 1301 1290 1303
f 1303 1290 1312
f 1303 1312 1305
f 1305 1312 1307
f 1307 1312 1306
f 1306 1312 1313
f 1306 1313 1296
f 1296 1313 1294
f 1294 1313 1291
f 1291 1313 1289
f 1289 1313 1286
f 1286 1313 1280
f 1290 1301 1293
f 1293 1301 1299
f 1293 1299 1300
f 1300 1302 1293
f 1293 1302 1295
f 1295 1302 1304
f 1295 1304 1306
f 1250 1252 1251
f 1251 1252 1253
f 1267 1268 1272
f 1272 1268 1269
f 1272 1269 1270
f 1272 1270 1274
f 1274 1270 1271
f 1296 1297 1306
f 1306 1297 1295
f 1290 1287 1312
f 864 906 863
f 863 906 916
f 863 916 782
f 916 906 924
f 924 906 918
f 924 918 932
f 932 918 926
f 932 926 940
f 940 926 934
f 940 934 948
f 948 934 944
f 948 944 956
f 956 944 954
f 956 954 964
f 964 954 966
f 964 966 972
f 972 966 974
f 972 974 981
f 981 974 984
f 981 984 992
f 981 992 990
f 990 992 1014
f 990 1014 1011
f 1011 1014 1022
f 1011 1022 1020
f 1020 1022 1037
f 1020 1037 1029
f 1029 1037 1062
f 1029 1062 1056
f 1056 1062 1070
f 1056 1070 1068
f 1068 1070 1078
f 1068 1078 1076
f 1076 1078 1090
f 1076 1090 1084
f 1084 1090 1094
f 1084 1094 1088
f 1088 1094 1096
f 1088 1096 1086
f 1086 1096 1092
f 1086 1092 1082
f 1082 1092 1080
f 1082 1080 1074
f 1074 1080 1066
f 1066 1080 1072
f 1066 1072 1054
f 1054 1072 1064
f 1054 1064 1027
f 1027 1064 1040
f 1027 1040 1018
f 1018 1040 1024
f 1018 1024 1009
f 1009 1024 1016
f 1009 1016 988
f 988 1016 995
f 988 995 986
f 988 986 979
f 979 986 976
f 979 976 970
f 970 976 968
f 970 968 962
f 962 968 958
f 962 958 952
f 952 958 950
f 952 950 946
f 946 950 938
f 946 938 936
f 936 938 928
f 936 928 930
f 930 928 920
f 930 920 922
f 922 920 908
f 922 908 913
f 913 908 910
f 772 786 782
f 782 786 805
f 782 805 863
f 786 772 776
f 776 772 764
f 776 764 768
f 768 764 756
f 768 756 760
f 760 756 746
f 760 746 748
f 748 746 740
f 748 740 738
f 738 740 733
f 738 733 729
f 729 733 724
f 729 724 720
f 720 724 715
f 720 715 710
f 710 715 702
f 702 715 706
f 702 706 677
f 677 706 682
f 677 682 669
f 669 682 673
f 669 673 660
f 660 673 664
f 660 664 630
f 630 664 643
f 630 643 621
f 621 643 625
f 621 625 613
f 613 625 617
f 613 617 601
f 601 617 609
f 601 609 597
f 597 609 605
f 597 605 599
f 599 605 607
f 599 607 611
f 599 611 603
f 603 611 619
f 603 619 615
f 615 619 627
f 615 627 623
f 623 627 645
f 623 645 632
f 632 645 667
f 632 667 662
f 662 667 675
f 662 675 671
f 671 675 684
f 671 684 680
f 680 684 708
f 680 708 704
f 704 708 717
f 704 717 713
f 713 717 722
f 722 717 726
f 722 726 731
f 731 726 735
f 731 735 742
f 742 735 744
f 742 744 752
f 752 744 750
f 752 750 762
f 762 750 758
f 762 758 770
f 770 758 766
f 770 766 778
f 778 766 774
f 778 774 788
f 788 774 784
f 788 784 790
f 786 806 805
f 909 908 921
f 921 908 920
f 921 920 929
f 929 920 928
f 929 928 939
f 939 928 938
f 939 938 951
f 951 938 950
f 951 950 959
f 959 950 958
f 959 958 969
f 969 958 968
f 969 968 977
f 977 968 976
f 977 976 987
f 987 976 986
f 987 986 996
f 996 986 995
f 996 995 1017
f 1017 995 1016
f 1017 1016 1025
f 1025 1016 1024
f 1025 1024 1041
f 1041 1024 1040
f 1041 1040 1065
f 1065 1040 1064
f 1065 1064 1073
f 1073 1064 1072
f 1073 1072 1081
f 1081 1072 1080
f 1081 1080 1093
f 1093 1080 1092
f 1093 1092 1097
f 1097 1092 1096
f 1097 1096 1095
f 1095 1096 1094
f 1095 1094 1091
f 1091 1094 1090
f 1091 1090 1079
f 1079 1090 1078
f 1079 1078 1071
f 1071 1078 1070
f 1071 1070 1063
f 1063 1070 1062
f 1063 1062 1038
f 1038 1062 1037
f 1038 1037 1023
f 1023 1037 1022
f 1023 1022 1015
f 1015 1022 1014
f 1015 1014 993
f 993 1014 992
f 993 992 985
f 985 992 984
f 985 984 975
f 975 984 974
f 975 974 967
f 967 974 966
f 967 966 955
f 955 966 954
f 955 954 945
f 945 954 944
f 945 944 935
f 935 944 934
f 935 934 927
f 927 934 926
f 927 926 919
f 919 926 918
f 919 918 907
f 907 918 906
f 785 784 775
f 775 784 774
f 775 774 766
f 775 766 767
f 767 766 758
f 767 758 759
f 759 758 750
f 759 750 751
f 751 750 744
f 751 744 745
f 745 744 735
f 745 735 736
f 736 735 726
f 736 726 727
f 727 726 717
f 727 717 718
f 718 717 708
f 718 708 709
f 709 708 684
f 709 684 685
f 685 684 675
f 685 675 676
f 676 675 667
f 676 667 668
f 668 667 645
f 668 645 646
f 646 645 627
f 646 627 628
f 628 627 619
f 628 619 620
f 620 619 611
f 620 611 612
f 612 611 607
f 612 607 608
f 608 607 605
f 608 605 606
f 606 605 609
f 606 609 610
f 610 609 617
f 610 617 618
f 618 617 625
f 618 625 626
f 626 625 643
f 626 643 644
f 644 643 664
f 644 664 665
f 665 664 673
f 665 673 674
f 674 673 682
f 674 682 683
f 683 682 706
f 683 706 707
f 707 706 715
f 707 715 716
f 716 715 724
f 716 724 725
f 725 724 733
f 725 733 734
f 734 733 740
f 734 740 741
f 741 740 746
f 741 746 747
f 747 746 756
f 747 756 757
f 757 756 764
f 757 764 765
f 765 764 772
f 765 772 773
f 773 772 783
f 783 772 782
f 865 907 864
f 864 907 906
f 1184 1164 1151
f 1151 1164 1150
f 1151 1150 1125
f 1125 1150 1124
f 1125 1124 1100
f 1100 1124 1099
f 1120 1136 1117
f 1117 1136 1134
f 1117 1134 1116
f 1116 1134 1133
f 1116 1133 1114
f 1114 1133 1132
f 1114 1132 1112
f 1112 1132 1131
f 1112 1131 1110
f 1110 1131 1130
f 1110 1130 1108
f 1108 1130 1129
f 1108 1129 1106
f 1106 1129 1128
f 1106 1128 1104
f 1104 1128 1127
f 1104 1127 1102
f 1102 1127 1126
f 1102 1126 1100
f 1100 1126 1125
f 1125 1126 1152
f 1125 1152 1151
f 1151 1152 1186
f 1151 1186 1184
f 1136 1162 1134
f 1134 1162 1160
f 1134 1160 1133
f 1133 1160 1159
f 1133 1159 1132
f 1132 1159 1158
f 1132 1158 1131
f 1131 1158 1157
f 1131 1157 1130
f 1130 1157 1156
f 1130 1156 1129
f 1129 1156 1155
f 1129 1155 1128
f 1128 1155 1154
f 1128 1154 1127
f 1127 1154 1153
f 1127 1153 1126
f 1126 1153 1152
f 1162 1225 1160
f 1160 1225 1223
f 1160 1223 1159
f 1159 1223 1222
f 1159 1222 1158
f 1158 1222 1221
f 1158 1221 1157
f 1157 1221 1220
f 1157 1220 1156
f 1156 1220 1210
f 1156 1210 1155
f 1155 1210 1204
f 1155 1204 1154
f 1154 1204 1200
f 1154 1200 1153
f 1153 1200 1197
f 1153 1197 1152
f 1152 1197 1186
f 1120 1119 1136
f 1136 1119 1135
f 1136 1135 1162
f 1162 1135 1161
f 1162 1161 1225
f 1225 1161 1224
f 593 1120 590
f 590 1120 1117
f 590 1117 589
f 589 1117 1116
f 589 1116 587
f 587 1116 1114
f 587 1114 585
f 585 1114 1112
f 585 1112 583
f 583 1112 1110
f 583 1110 581
f 581 1110 1108
f 581 1108 579
f 579 1108 1106
f 579 1106 577
f 577 1106 1104
f 577 1104 575
f 575 1104 1102
f 575 1102 573
f 573 1102 1100
f 847 592 846
f 846 592 1119
f 846 1119 904
f 904 1119 905
f 905 1119 1120
f 905 1120 847
f 847 1120 593
f 847 593 592
f 573 572 559
f 559 572 558
f 559 558 533
f 533 558 532
f 533 532 490
f 490 532 470
f 531 544 529
f 529 544 542
f 529 542 528
f 528 542 541
f 528 541 527
f 527 541 540
f 527 540 526
f 526 540 539
f 526 539 516
f 516 539 538
f 516 538 510
f 510 538 537
f 510 537 506
f 506 537 536
f 506 536 503
f 503 536 535
f 503 535 492
f 492 535 534
f 492 534 490
f 490 534 533
f 533 534 560
f 533 560 559
f 559 560 575
f 559 575 573
f 544 570 542
f 542 570 568
f 542 568 541
f 541 568 567
f 541 567 540
f 540 567 566
f 540 566 539
f 539 566 565
f 539 565 538
f 538 565 564
f 538 564 537
f 537 564 563
f 537 563 536
f 536 563 562
f 536 562 535
f 535 562 561
f 535 561 534
f 534 561 560
f 570 593 568
f 568 593 590
f 568 590 567
f 567 590 589
f 567 589 566
f 566 589 587
f 566 587 565
f 565 587 585
f 565 585 564
f 564 585 583
f 564 583 563
f 563 583 581
f 563 581 562
f 562 581 579
f 562 579 561
f 561 579 577
f 561 577 560
f 560 577 575
f 531 530 544
f 544 530 543
f 544 543 570
f 570 543 569
f 570 569 593
f 593 569 592
f 479 477 482
f 482 477 475
f 482 475 472
f 472 475 473
f 472 473 470
f 470 473 474
f 470 474 476
f 476 478 470
f 470 478 490
f 490 478 484
f 490 484 485
f 478 480 484
f 484 480 483
f 483 480 481
f 483 481 482
f 482 481 479
f 500 498 493
f 493 498 496
f 493 496 491
f 491 496 494
f 491 494 495
f 491 495 489
f 489 495 497
f 489 497 492
f 492 497 503
f 503 497 506
f 506 497 499
f 506 499 510
f 510 499 516
f 516 499 501
f 516 501 526
f 526 501 527
f 527 501 528
f 528 501 502
f 528 502 529
f 529 502 531
f 531 502 504
f 531 504 507
f 502 500 504
f 504 500 493
f 519 508 521
f 521 508 530
f 521 530 523
f 523 530 525
f 525 530 524
f 524 530 531
f 524 531 515
f 515 531 514
f 514 531 512
f 512 531 509
f 509 531 507
f 519 517 508
f 508 517 511
f 511 517 518
f 511 518 520
f 511 520 513
f 513 520 522
f 513 522 524
f 469 471 470
f 470 471 472
f 485 486 490
f 490 486 487
f 490 487 488
f 488 489 490
f 490 489 492
f 515 513 524
f 508 505 530
f 1169 1171 1176
f 1176 1171 1173
f 1176 1173 1175
f 1176 1175 1177
f 1177 1175 1174
f 1177 1174 1178
f 1178 1174 1172
f 1178 1172 1184
f 1184 1172 1164
f 1164 1172 1170
f 1164 1170 1168
f 1168 1167 1164
f 1164 1167 1166
f 1164 1166 1165
f 1167 1169 1166
f 1166 1169 1176
f 1190 1192 1187
f 1187 1192 1194
f 1187 1194 1198
f 1198 1194 1196
f 1198 1196 1225
f 1225 1196 1223
f 1223 1196 1222
f 1222 1196 1195
f 1222 1195 1221
f 1221 1195 1220
f 1220 1195 1193
f 1220 1193 1210
f 1210 1193 1204
f 1204 1193 1200
f 1200 1193 1191
f 1200 1191 1197
f 1197 1191 1186
f 1186 1191 1183
f 1186 1183 1184
f 1184 1183 1182
f 1184 1182 1181
f 1191 1189 1183
f 1183 1189 1185
f 1185 1189 1188
f 1185 1188 1190
f 1185 1190 1187
f 1217 1224 1215
f 1215 1224 1202
f 1215 1202 1213
f 1213 1202 1211
f 1211 1202 1205
f 1211 1205 1212
f 1212 1205 1214
f 1214 1205 1207
f 1214 1207 1216
f 1216 1207 1218
f 1218 1207 1209
f 1218 1209 1225
f 1225 1209 1208
f 1225 1208 1206
f 1217 1219 1224
f 1224 1219 1218
f 1224 1218 1225
f 1199 1202 1224
f 1206 1203 1225
f 1225 1203 1201
f 1225 1201 1198
f 1181 1180 1184
f 1184 1180 1179
f 1184 1179 1178
f 1165 1163 1164
f 505 417 530
f 530 417 442
f 530 442 543
f 543 442 454
f 543 454 569
f 569 454 467
f 569 467 592
f 592 467 556
f 592 556 595
f 595 1122 592
f 592 1122 1119
f 1119 1122 1148
f 1119 1148 1236
f 1119 1236 1135
f 1135 1236 1248
f 1135 1248 1161
f 1161 1248 1312
f 1161 1312 1224
f 1224 1312 1199
f 1199 1312 1287
f 782 916 783
f 783 916 917
f 1101 1089 1098
f 1098 1089 1087
f 1098 1087 1083
f 574 725 1101
f 1101 725 973
f 1101 973 982
f 571 608 574
f 574 608 606
f 574 606 610
f 1098 727 571
f 571 727 718
f 571 718 709
f 914 785 923
f 923 785 775
f 923 775 931
f 931 775 767
f 931 767 937
f 937 767 759
f 937 759 947
f 947 759 751
f 947 751 953
f 953 751 745
f 953 745 963
f 963 745 736
f 963 736 971
f 971 736 727
f 971 727 1098
f 709 685 571
f 571 685 676
f 571 676 668
f 668 646 571
f 571 646 628
f 571 628 620
f 620 612 571
f 571 612 608
f 610 618 574
f 574 618 626
f 574 626 644
f 644 665 574
f 574 665 674
f 574 674 683
f 683 707 574
f 574 707 716
f 574 716 725
f 973 725 965
f 965 725 734
f 965 734 957
f 957 734 741
f 957 741 949
f 949 741 747
f 949 747 941
f 941 747 757
f 941 757 933
f 933 757 765
f 933 765 925
f 925 765 773
f 925 773 917
f 917 773 783
f 982 991 1101
f 1101 991 1012
f 1101 1012 1021
f 1021 1030 1101
f 1101 1030 1057
f 1101 1057 1069
f 1069 1077 1101
f 1101 1077 1085
f 1101 1085 1089
f 1083 1075 1098
f 1098 1075 1067
f 1098 1067 1055
f 1055 1028 1098
f 1098 1028 1019
f 1098 1019 1010
f 1010 989 1098
f 1098 989 980
f 1098 980 971
f 1101 1098 1138
f 1138 1098 1137
f 1138 1137 1226
f 1226 1137 2096
f 1226 2096 1238
f 1238 2096 2157
f 1238 2157 1272
f 1272 2157 1251
f 1313 1249 1311
f 1311 1249 1247
f 1311 1247 1310
f 1310 1247 1246
f 1310 1246 1309
f 1309 1246 1245
f 1309 1245 1308
f 1308 1245 1244
f 1308 1244 1298
f 1298 1244 1243
f 1298 1243 1292
f 1292 1243 1242
f 1292 1242 1288
f 1288 1242 1241
f 1288 1241 1285
f 1285 1241 1240
f 1285 1240 1274
f 1274 1240 1239
f 1274 1239 1272
f 1272 1239 1238
f 1238 1239 1227
f 1238 1227 1226
f 1226 1227 1139
f 1226 1139 1138
f 1138 1139 1103
f 1138 1103 1101
f 1249 1237 1247
f 1247 1237 1235
f 1247 1235 1246
f 1246 1235 1234
f 1246 1234 1245
f 1245 1234 1233
f 1245 1233 1244
f 1244 1233 1232
f 1244 1232 1243
f 1243 1232 1231
f 1243 1231 1242
f 1242 1231 1230
f 1242 1230 1241
f 1241 1230 1229
f 1241 1229 1240
f 1240 1229 1228
f 1240 1228 1239
f 1239 1228 1227
f 1237 1149 1235
f 1235 1149 1147
f 1235 1147 1234
f 1234 1147 1146
f 1234 1146 1233
f 1233 1146 1145
f 1233 1145 1232
f 1232 1145 1144
f 1232 1144 1231
f 1231 1144 1143
f 1231 1143 1230
f 1230 1143 1142
f 1230 1142 1229
f 1229 1142 1141
f 1229 1141 1228
f 1228 1141 1140
f 1228 1140 1227
f 1227 1140 1139
f 1149 1123 1147
f 1147 1123 1121
f 1147 1121 1146
f 1146 1121 1118
f 1146 1118 1145
f 1145 1118 1115
f 1145 1115 1144
f 1144 1115 1113
f 1144 1113 1143
f 1143 1113 1111
f 1143 1111 1142
f 1142 1111 1109
f 1142 1109 1141
f 1141 1109 1107
f 1141 1107 1140
f 1140 1107 1105
f 1140 1105 1139
f 1139 1105 1103
f 1313 1312 1249
f 1249 1312 1248
f 1249 1248 1237
f 1237 1248 1236
f 1237 1236 1149
f 1149 1236 1148
f 1149 1148 1123
f 1123 1148 1122
f 574 1101 576
f 576 1101 1103
f 576 1103 578
f 578 1103 1105
f 578 1105 580
f 580 1105 1107
f 580 1107 582
f 582 1107 1109
f 582 1109 584
f 584 1109 1111
f 584 1111 586
f 586 1111 1113
f 586 1113 588
f 588 1113 1115
f 588 1115 591
f 591 1115 1118
f 591 1118 594
f 594 1118 1121
f 594 1121 596
f 596 1121 1123
f 1122 595 1123
f 1123 595 596
f 402 1331 444
f 444 1331 1366
f 444 1366 457
f 457 1366 456
f 457 456 546
f 546 456 545
f 546 545 574
f 574 545 571
f 596 557 594
f 594 557 555
f 594 555 591
f 591 555 554
f 591 554 588
f 588 554 553
f 588 553 586
f 586 553 552
f 586 552 584
f 584 552 551
f 584 551 582
f 582 551 550
f 582 550 580
f 580 550 549
f 580 549 578
f 578 549 548
f 578 548 576
f 576 548 547
f 576 547 574
f 574 547 546
f 546 547 458
f 546 458 457
f 457 458 445
f 457 445 444
f 444 445 404
f 444 404 402
f 557 468 555
f 555 468 466
f 555 466 554
f 554 466 465
f 554 465 553
f 553 465 464
f 553 464 552
f 552 464 463
f 552 463 551
f 551 463 462
f 551 462 550
f 550 462 461
f 550 461 549
f 549 461 460
f 549 460 548
f 548 460 459
f 548 459 547
f 547 459 458
f 468 455 466
f 466 455 453
f 466 453 465
f 465 453 452
f 465 452 464
f 464 452 451
f 464 451 463
f 463 451 450
f 463 450 462
f 462 450 449
f 462 449 461
f 461 449 448
f 461 448 460
f 460 448 447
f 460 447 459
f 459 447 446
f 459 446 458
f 458 446 445
f 455 443 453
f 453 443 441
f 453 441 452
f 452 441 440
f 452 440 451
f 451 440 439
f 451 439 450
f 450 439 438
f 450 438 449
f 449 438 428
f 449 428 448
f 448 428 422
f 448 422 447
f 447 422 418
f 447 418 446
f 446 418 415
f 446 415 445
f 445 415 404
f 596 595 557
f 557 595 556
f 557 556 468
f 468 556 467
f 468 467 455
f 455 467 454
f 455 454 443
f 443 454 442
f 917 916 925
f 925 916 924
f 925 924 932
f 925 932 933
f 933 932 940
f 933 940 941
f 941 940 948
f 941 948 949
f 949 948 956
f 949 956 957
f 957 956 964
f 957 964 965
f 965 964 972
f 965 972 973
f 973 972 981
f 973 981 982
f 982 981 990
f 982 990 991
f 991 990 1011
f 991 1011 1012
f 1012 1011 1020
f 1012 1020 1021
f 1021 1020 1029
f 1021 1029 1030
f 1030 1029 1056
f 1030 1056 1057
f 1057 1056 1068
f 1057 1068 1069
f 1069 1068 1076
f 1069 1076 1077
f 1077 1076 1084
f 1077 1084 1085
f 1085 1084 1088
f 1085 1088 1089
f 1089 1088 1086
f 1089 1086 1087
f 1087 1086 1082
f 1087 1082 1083
f 1083 1082 1074
f 1083 1074 1075
f 1075 1074 1066
f 1075 1066 1067
f 1067 1066 1054
f 1067 1054 1055
f 1055 1054 1027
f 1055 1027 1028
f 1028 1027 1018
f 1028 1018 1019
f 1019 1018 1009
f 1019 1009 1010
f 1010 1009 988
f 1010 988 989
f 989 988 979
f 989 979 980
f 980 979 970
f 980 970 971
f 971 970 962
f 971 962 963
f 963 962 952
f 963 952 953
f 953 952 946
f 953 946 947
f 947 946 936
f 947 936 937
f 937 936 930
f 937 930 931
f 931 930 922
f 931 922 923
f 923 922 914
f 914 922 913
f 1784 1745 1782
f 1782 1745 1743
f 1782 1743 1780
f 1780 1743 1741
f 1780 1741 1778
f 1778 1741 1740
f 1778 1740 1779
f 1779 1740 1742
f 1779 1742 1781
f 1781 1742 1744
f 1781 1744 1783
f 1783 1744 1746
f 1783 1746 1785
f 1785 1746 1748
f 1785 1748 1786
f 1786 1748 1747
f 1786 1747 1784
f 1784 1747 1745
f 1800 1761 1798
f 1798 1761 1759
f 1798 1759 1796
f 1796 1759 1757
f 1796 1757 1794
f 1794 1757 1756
f 1794 1756 1795
f 1795 1756 1758
f 1795 1758 1797
f 1797 1758 1760
f 1797 1760 1799
f 1799 1760 1762
f 1799 1762 1801
f 1801 1762 1764
f 1801 1764 1802
f 1802 1764 1763
f 1802 1763 1800
f 1800 1763 1761
f 1766 1804 1768
f 1768 1804 1806
f 1768 1806 1770
f 1770 1806 1808
f 1770 1808 1772
f 1772 1808 1810
f 1758 1755 1760
f 1760 1755 1766
f 1760 1766 1762
f 1762 1766 1772
f 1762 1772 1764
f 1764 1772 1771
f 1764 1771 1763
f 1763 1771 1765
f 1763 1765 1761
f 1761 1765 1759
f 1759 1765 1754
f 1759 1754 1757
f 1757 1754 1756
f 1756 1754 1755
f 1756 1755 1758
f 1766 1768 1772
f 1772 1768 1770
f 1769 1767 1771
f 1771 1767 1765
f 1810 1809 1772
f 1772 1809 1771
f 1803 1765 1805
f 1805 1765 1767
f 1805 1767 1807
f 1807 1767 1769
f 1807 1769 1809
f 1809 1769 1771
f 1765 1803 1754
f 1754 1803 1792
f 1796 1792 1798
f 1798 1792 1803
f 1798 1803 1800
f 1800 1803 1809
f 1800 1809 1802
f 1802 1809 1810
f 1802 1810 1801
f 1801 1810 1804
f 1801 1804 1799
f 1799 1804 1797
f 1797 1804 1793
f 1797 1793 1795
f 1795 1793 1794
f 1794 1793 1792
f 1794 1792 1796
f 1808 1806 1810
f 1810 1806 1804
f 1803 1805 1809
f 1809 1805 1807
f 1804 1766 1793
f 1793 1766 1755
f 1752 1790 1751
f 1751 1790 1789
f 1751 1789 1750
f 1750 1789 1788
f 1750 1788 1749
f 1749 1788 1787
f 1742 1736 1744
f 1744 1736 1753
f 1744 1753 1746
f 1746 1753 1748
f 1748 1753 1752
f 1748 1752 1747
f 1747 1752 1749
f 1747 1749 1745
f 1745 1749 1739
f 1745 1739 1743
f 1743 1739 1741
f 1741 1739 1735
f 1741 1735 1740
f 1740 1735 1736
f 1740 1736 1742
f 1752 1751 1749
f 1749 1751 1750
f 1738 1737 1739
f 1739 1737 1735
f 1749 1787 1739
f 1739 1787 1777
f 1773 1735 1775
f 1775 1735 1737
f 1775 1737 1776
f 1776 1737 1738
f 1776 1738 1777
f 1777 1738 1739
f 1735 1773 1736
f 1736 1773 1774
f 1780 1777 1782
f 1782 1777 1787
f 1782 1787 1784
f 1784 1787 1790
f 1784 1790 1786
f 1786 1790 1791
f 1786 1791 1785
f 1785 1791 1783
f 1783 1791 1774
f 1783 1774 1781
f 1781 1774 1779
f 1779 1774 1778
f 1778 1774 1773
f 1778 1773 1780
f 1780 1773 1777
f 1788 1789 1787
f 1787 1789 1790
f 1773 1775 1777
f 1777 1775 1776
f 1790 1752 1791
f 1791 1752 1753
f 1619 1621 1615
f 1615 1621 1620
f 1615 1620 1618
f 1618 1614 1615
f 1615 1614 1610
f 1615 1610 1607
f 1607 1609 1615
f 1615 1609 1611
f 1615 1611 1616
f 1616 1619 1615
f 1607 1610 1602
f 1602 1610 1606
f 1602 1606 1601
f 1601 1606 1608
f 1601 1608 1603
f 1610 1614 1606
f 1606 1614 1618
f 1606 1618 1620
f 1620 1608 1606
f 1603 1591 1601
f 1601 1591 1602
f 1608 1932 1603
f 1603 1932 1937
f 1603 1937 1934
f 1932 1608 1924
f 1924 1608 1620
f 1924 1620 1621
f 1621 1926 1924
f 1909 1883 1934
f 1934 1883 1881
f 1934 1881 1665
f 1665 1881 1666
f 1666 1881 1879
f 1666 1879 1668
f 1668 1879 1877
f 1668 1877 1875
f 1905 1893 1909
f 1909 1893 1886
f 1909 1886 1884
f 1893 1905 1891
f 1891 1905 1903
f 1891 1903 1901
f 1891 1901 1890
f 1890 1901 1898
f 1890 1898 1895
f 1895 1889 1890
f 1884 1883 1909
f 1873 1674 1875
f 1875 1674 1676
f 1875 1676 1668
f 1674 1873 1673
f 1673 1873 1872
f 1673 1872 1672
f 1672 1872 1871
f 1934 1665 1605
f 1605 1665 1663
f 1605 1663 1635
f 1635 1663 1661
f 1635 1661 1659
f 1659 1657 1635
f 1635 1657 1639
f 1639 1657 1655
f 1639 1655 1641
f 1641 1655 1643
f 1643 1655 1654
f 1643 1654 1647
f 1647 1654 1649
f 1649 1654 1653
f 1605 1603 1934
f 1736 1633 1753
f 1753 1633 1634
f 1753 1634 1492
f 1492 1634 1589
f 1492 1589 1490
f 1490 1589 1588
f 1490 1588 1587
f 1587 1588 1632
f 1632 1588 1633
f 1632 1633 1736
f 1736 1774 1632
f 1632 1774 1913
f 1632 1913 1631
f 1631 1913 1912
f 1631 1912 1611
f 1611 1912 1616
f 1616 1912 1930
f 1616 1930 1619
f 1619 1930 1926
f 1619 1926 1621
f 1913 1774 1910
f 1910 1774 1791
f 1910 1791 1911
f 1911 1791 2051
f 1911 2051 1953
f 1953 2051 2049
f 1953 2049 1952
f 1952 2049 1957
f 1952 1957 1913
f 2051 1791 1492
f 1492 1791 1753
f 1587 1586 1490
f 1490 1586 1609
f 1609 1586 1631
f 1609 1631 1611
f 1957 2049 1956
f 1956 2049 1930
f 1956 1930 1912
f 1910 1952 1913
f 1933 1929 1930
f 1930 1929 1926
f 1926 1929 1925
f 1926 1925 1924
f 1932 1924 1931
f 1931 1924 1925
f 1931 1925 1929
f 1929 1933 1931
f 1931 1933 1938
f 1931 1938 1935
f 1935 1938 1939
f 1935 1939 1932
f 1932 1939 1937
f 1937 1939 1954
f 1954 1939 1938
f 1935 1932 1931
f 1671 1672 1870
f 1870 1672 1871
f 1672 1671 1673
f 1673 1671 1675
f 1673 1675 1674
f 1674 1675 1676
f 1671 1670 1675
f 1754 1730 1755
f 1755 1730 1731
f 1755 1731 1732
f 1792 1727 1754
f 1754 1727 1728
f 1754 1728 1729
f 1729 1728 1717
f 1717 1728 1716
f 1717 1716 1704
f 1704 1716 1703
f 1704 1703 1690
f 1793 1817 1792
f 1792 1817 1827
f 1792 1827 1826
f 1826 1827 1839
f 1839 1827 1840
f 1839 1840 1852
f 1852 1840 1853
f 1852 1853 1864
f 1864 1853 1865
f 1864 1865 1869
f 1869 1865 1866
f 1869 1866 1870
f 1870 1866 1867
f 1870 1867 1868
f 1755 1732 1793
f 1793 1732 1818
f 1793 1818 1829
f 1870 1830 1671
f 1671 1830 1732
f 1671 1732 1720
f 1670 1715 1869
f 1869 1715 1825
f 1869 1825 1838
f 1671 1681 1670
f 1670 1681 1680
f 1670 1680 1689
f 1825 1727 1816
f 1816 1727 1792
f 1816 1792 1826
f 1838 1851 1869
f 1869 1851 1863
f 1869 1863 1864
f 1867 1866 1855
f 1855 1866 1854
f 1855 1854 1842
f 1842 1854 1841
f 1842 1841 1828
f 1817 1793 1828
f 1828 1793 1829
f 1828 1829 1842
f 1693 1681 1682
f 1682 1681 1671
f 1682 1671 1694
f 1694 1671 1707
f 1707 1671 1720
f 1681 1693 1692
f 1692 1693 1706
f 1692 1706 1705
f 1705 1706 1718
f 1718 1706 1719
f 1718 1719 1730
f 1730 1719 1731
f 1689 1702 1670
f 1670 1702 1715
f 1715 1727 1825
f 1680 1681 1690
f 1690 1681 1691
f 1690 1691 1704
f 1868 1856 1870
f 1870 1856 1843
f 1870 1843 1830
f 1830 1818 1732
f 1729 1730 1754
f 1983 1979 1978
f 1978 1979 1980
f 1978 1980 1984
f 1984 1980 1987
f 1984 1987 1992
f 1992 1987 1001
f 1992 1001 2002
f 2002 1001 2005
f 2002 2005 2007
f 2007 2005 1007
f 2007 1007 2006
f 2006 1007 1004
f 2006 1004 2001
f 2001 1004 1995
f 2001 1995 1991
f 1991 1995 1986
f 1991 1986 1983
f 1983 1986 1979
f 1537 1536 1535
f 1535 1536 689
f 1535 689 1538
f 1538 689 692
f 1538 692 1541
f 1541 692 1549
f 1541 1549 1553
f 1553 1549 699
f 1553 699 1560
f 1560 699 1561
f 1560 1561 1559
f 1559 1561 1556
f 1559 1556 1552
f 1552 1556 1548
f 1552 1548 1540
f 1540 1548 1539
f 1540 1539 1537
f 1537 1539 1536
f 2031 2029 2032
f 2032 2029 1060
f 2032 1060 2030
f 2030 1060 2028
f 2030 2028 2025
f 2025 2028 1049
f 2025 1049 2021
f 2021 1049 2019
f 2021 2019 2012
f 2012 2019 1033
f 2012 1033 2011
f 2011 1033 1031
f 2011 1031 2013
f 2013 1031 1034
f 2013 1034 2022
f 2022 1034 2020
f 2022 2020 2026
f 2026 2020 1050
f 2026 1050 2031
f 2031 1050 2029
f 2030 2011 2032
f 2032 2011 2013
f 2032 2013 2031
f 2031 2013 2022
f 2031 2022 2026
f 2011 2030 2012
f 2012 2030 2025
f 2012 2025 2021
f 1530 655 1531
f 1531 655 658
f 1531 658 1529
f 1529 658 1528
f 1529 1528 1521
f 1521 1528 1519
f 1521 1519 1515
f 1515 1519 639
f 1515 639 1512
f 1512 639 634
f 1512 634 1511
f 1511 634 1510
f 1511 1510 1513
f 1513 1510 635
f 1513 635 1516
f 1516 635 640
f 1516 640 1522
f 1522 640 1520
f 1522 1520 1530
f 1530 1520 655
f 1529 1511 1531
f 1531 1511 1513
f 1531 1513 1530
f 1530 1513 1516
f 1530 1516 1522
f 1511 1529 1512
f 1512 1529 1521
f 1512 1521 1515
f 2015 2010 2016
f 2016 2010 2014
f 2016 2014 2017
f 2017 2014 2018
f 2017 2018 2024
f 2024 2018 2027
f 2027 2018 2023
f 2023 2018 2014
f 2017 2024 2016
f 2016 2024 2015
f 2015 2009 2010
f 2010 2009 2008
f 2008 2009 1967
f 2008 1967 1964
f 1964 1967 1927
f 1964 1927 1923
f 1923 1927 1899
f 1923 1899 1896
f 1896 1899 1844
f 1896 1844 1831
f 1831 1844 1812
f 1831 1812 1811
f 1811 1812 1734
f 1734 1812 1733
f 1734 1733 1708
f 1708 1733 1695
f 1708 1695 1645
f 1645 1695 1644
f 1645 1644 1617
f 1617 1644 1612
f 1617 1612 1577
f 1577 1612 1575
f 1577 1575 1534
f 1534 1575 1533
f 1534 1533 1532
f 1532 1533 1526
f 1983 1978 1899
f 1899 1978 1984
f 1899 1984 1844
f 1844 1984 1992
f 1844 1992 1812
f 1812 1992 2052
f 1812 2052 1493
f 2052 1992 2067
f 2067 1992 2002
f 2067 2002 2007
f 2007 2006 2067
f 2067 2006 2001
f 2067 2001 2009
f 2009 2001 1967
f 1967 2001 1991
f 1967 1991 1927
f 1927 1991 1983
f 1927 1983 1899
f 1537 1535 1475
f 1475 1535 1538
f 1475 1538 1541
f 1553 1695 1541
f 1541 1695 1733
f 1541 1733 1493
f 1493 1733 1812
f 1695 1553 1644
f 1644 1553 1560
f 1644 1560 1559
f 1559 1552 1644
f 1644 1552 1612
f 1612 1552 1540
f 1612 1540 1575
f 1575 1540 1533
f 1533 1540 1537
f 1533 1537 1475
f 2024 2027 2015
f 2015 2027 2066
f 2015 2066 2009
f 2009 2066 2067
f 2067 2062 2052
f 2052 2062 2055
f 1486 1480 1493
f 1493 1480 1475
f 1493 1475 1541
f 1475 1474 1533
f 1533 1474 1526
f 1526 1474 1514
f 1526 1514 1517
f 1514 1518 1523
f 1523 1518 1527
f 1523 1527 1524
f 1524 1527 1525
f 1524 1525 1517
f 1517 1525 1526
f 1526 1525 1532
f 1532 1525 1527
f 1524 1517 1523
f 1523 1517 1514
f 1004 1007 2020
f 2020 1007 2005
f 2020 2005 1050
f 1050 2005 1001
f 1050 1001 1251
f 1251 1001 2157
f 2157 1001 1098
f 2157 1098 2096
f 2096 1098 1137
f 1987 1831 1001
f 1001 1831 1811
f 1001 1811 1098
f 1098 1811 1734
f 1098 1734 571
f 571 1734 1549
f 571 1549 1366
f 1366 1549 1331
f 1331 1549 692
f 1331 692 640
f 640 692 689
f 640 689 1520
f 1520 689 1536
f 1520 1536 1539
f 1831 1987 1896
f 1896 1987 1980
f 1896 1980 1979
f 1979 1986 1896
f 1896 1986 1923
f 1923 1986 1995
f 1923 1995 1031
f 1031 1995 1034
f 1034 1995 2020
f 2020 1995 1004
f 1556 1561 1645
f 1645 1561 699
f 1645 699 1708
f 1708 699 1549
f 1708 1549 1734
f 1520 1539 655
f 655 1539 1548
f 655 1548 658
f 658 1548 1617
f 658 1617 1528
f 1528 1617 1577
f 1528 1577 1519
f 1519 1577 1534
f 1519 1534 639
f 639 1534 1330
f 639 1330 634
f 634 1330 1510
f 1510 1330 1331
f 1510 1331 635
f 635 1331 640
f 1548 1556 1617
f 1617 1556 1645
f 2029 1251 1060
f 1060 1251 2207
f 1060 2207 2028
f 2028 2207 1049
f 1049 2207 2008
f 1049 2008 2019
f 2019 2008 1964
f 2019 1964 1033
f 1033 1964 1923
f 1033 1923 1031
f 2029 1050 1251
f 2014 2010 2023
f 2023 2010 2207
f 2207 2010 2008
f 1534 1532 1330
f 1330 1532 1518
f 1518 1532 1527
f 1366 456 571
f 571 456 545
f 1514 1474 1518
f 1518 1474 1330
f 1330 1474 1411
f 1330 1411 1329
f 1329 1411 1410
f 1329 1410 1328
f 1328 1410 1408
f 1328 1408 1325
f 1325 1408 1406
f 1325 1406 1323
f 1323 1406 1403
f 1323 1403 1320
f 1320 1403 1401
f 1320 1401 1318
f 1318 1401 1399
f 1318 1399 1314
f 1314 1399 1395
f 1314 1395 1333
f 1333 1395 1419
f 1333 1419 1394
f 1394 1392 1333
f 1333 1392 1339
f 1339 1392 1391
f 1339 1391 1390
f 2027 2023 2066
f 2066 2023 2207
f 2066 2207 2137
f 2137 2207 2206
f 2137 2206 2136
f 2136 2206 2205
f 2136 2205 2134
f 2134 2205 2202
f 2134 2202 2132
f 2132 2202 2200
f 2132 2200 2129
f 2129 2200 2127
f 2127 2200 2197
f 2127 2197 2125
f 2125 2197 2195
f 2125 2195 2122
f 2122 2195 2193
f 2122 2193 2120
f 2120 2193 2172
f 2172 2193 2192
f 2172 2192 2170
f 2170 2192 2169
f 2169 2192 2168
f 1544 1545 1557
f 1557 1545 1558
f 1583 1591 1585
f 1585 1591 1603
f 1585 1603 1605
f 1605 1584 1585
f 1585 1584 1581
f 1585 1581 1583
f 1583 1581 1580
f 1583 1580 1574
f 1574 1580 1576
f 1574 1576 1571
f 1571 1576 1570
f 1571 1570 1566
f 1566 1570 1567
f 1566 1567 1563
f 1563 1567 1565
f 1563 1565 1555
f 1555 1565 1562
f 1555 1562 1551
f 1551 1562 1558
f 1551 1558 1545
f 1584 1578 1581
f 1581 1578 1580
f 1580 1578 1576
f 1576 1578 1572
f 1576 1572 1570
f 1570 1572 1568
f 1570 1568 1567
f 1567 1568 1565
f 1545 1547 1551
f 1551 1547 1555
f 1547 1554 1555
f 1555 1554 1563
f 1554 1566 1563
f 1558 1562 1557
f 1557 1562 1565
f 1557 1565 1568
f 1568 1572 1557
f 1557 1572 1579
f 1579 1572 1578
f 1579 1578 1584
f 1579 1584 1600
f 1600 1584 1605
f 1600 1605 1635
f 1600 1635 1637
f 1637 1635 1639
f 1637 1639 1641
f 1637 1641 1652
f 1652 1641 1643
f 1652 1643 1647
f 1647 1649 1652
f 1652 1649 1653
f 1988 1989 1999
f 1999 1989 2000
f 1934 1937 1941
f 1941 1937 1954
f 1941 1954 1950
f 1950 1954 1958
f 1950 1958 1959
f 1959 1958 1962
f 1959 1962 1965
f 1965 1962 1970
f 1965 1970 1971
f 1971 1970 1973
f 1971 1973 1975
f 1975 1973 1976
f 1975 1976 1981
f 1981 1976 1990
f 1981 1990 1985
f 1985 1990 1993
f 1985 1993 1989
f 1989 1993 2000
f 2000 1993 1997
f 1997 1993 1990
f 1997 1990 1994
f 1994 1990 1976
f 1994 1976 1977
f 1977 1976 1973
f 1977 1973 1972
f 1972 1973 1970
f 1972 1970 1968
f 1968 1970 1962
f 1968 1962 1960
f 1960 1962 1958
f 1960 1958 1954
f 1959 1934 1950
f 1950 1934 1941
f 2000 2034 1999
f 1999 2034 2033
f 1930 2049 1933
f 1933 2049 1938
f 1938 2049 2054
f 1938 2054 1954
f 1954 2054 2060
f 1954 2060 2042
f 2042 2060 2065
f 2042 2065 2044
f 2044 2065 2046
f 2046 2065 2070
f 2046 2070 2048
f 2048 2070 2056
f 2056 2070 2073
f 2056 2073 2076
f 1954 2042 1960
f 1960 2042 2041
f 1960 2041 1968
f 1968 2041 2039
f 1968 2039 1972
f 1972 2039 2038
f 1972 2038 1977
f 1977 2038 2037
f 1977 2037 1994
f 1994 2037 2036
f 1994 2036 1997
f 1997 2036 2035
f 1997 2035 2000
f 2000 2035 2034
f 1589 1634 1599
f 1599 1634 1629
f 1597 1627 1588
f 1588 1627 1633
f 1634 1633 1629
f 1629 1633 1627
f 1589 1599 1588
f 1588 1599 1597
f 1629 1627 1628
f 1628 1627 1626
f 1627 1597 1626
f 1626 1597 1596
f 1632 1631 1625
f 1625 1631 1623
f 1593 1623 1586
f 1586 1623 1631
f 1587 1632 1595
f 1595 1632 1625
f 1587 1595 1586
f 1586 1595 1593
f 1595 1625 1594
f 1594 1625 1624
f 1625 1623 1624
f 1624 1623 1622
f 1953 1952 1945
f 1945 1952 1943
f 1915 1943 1910
f 1910 1943 1952
f 1911 1953 1917
f 1917 1953 1945
f 1911 1917 1910
f 1910 1917 1915
f 1917 1945 1916
f 1916 1945 1944
f 1945 1943 1944
f 1944 1943 1942
f 1947 1949 1956
f 1956 1949 1957
f 1913 1957 1921
f 1921 1957 1949
f 1913 1921 1912
f 1912 1921 1919
f 1956 1912 1947
f 1947 1912 1919
f 1921 1949 1920
f 1920 1949 1948
f 1949 1947 1948
f 1948 1947 1946
f 1692 1686 1681
f 1681 1686 1678
f 1681 1678 1691
f 1691 1678 1685
f 1691 1685 1704
f 1704 1685 1698
f 1704 1698 1717
f 1717 1698 1711
f 1717 1711 1729
f 1729 1711 1723
f 1729 1723 1730
f 1730 1723 1724
f 1730 1724 1718
f 1718 1724 1712
f 1718 1712 1705
f 1705 1712 1699
f 1705 1699 1692
f 1692 1699 1686
f 1830 1824 1818
f 1818 1824 1815
f 1818 1815 1829
f 1829 1815 1823
f 1829 1823 1842
f 1842 1823 1836
f 1842 1836 1855
f 1855 1836 1849
f 1855 1849 1867
f 1867 1849 1861
f 1867 1861 1868
f 1868 1861 1862
f 1868 1862 1856
f 1856 1862 1850
f 1856 1850 1843
f 1843 1850 1837
f 1843 1837 1830
f 1830 1837 1824
f 1690 1684 1680
f 1680 1684 1677
f 1680 1677 1689
f 1689 1677 1683
f 1689 1683 1702
f 1702 1683 1696
f 1702 1696 1715
f 1715 1696 1709
f 1715 1709 1727
f 1727 1709 1721
f 1727 1721 1728
f 1728 1721 1722
f 1728 1722 1716
f 1716 1722 1710
f 1716 1710 1703
f 1703 1710 1697
f 1703 1697 1690
f 1690 1697 1684
f 1694 1688 1682
f 1682 1688 1679
f 1682 1679 1693
f 1693 1679 1687
f 1693 1687 1706
f 1706 1687 1700
f 1706 1700 1719
f 1719 1700 1713
f 1719 1713 1731
f 1731 1713 1725
f 1731 1725 1732
f 1732 1725 1726
f 1732 1726 1720
f 1720 1726 1714
f 1720 1714 1707
f 1707 1714 1701
f 1707 1701 1694
f 1694 1701 1688
f 1828 1822 1817
f 1817 1822 1814
f 1817 1814 1827
f 1827 1814 1821
f 1827 1821 1840
f 1840 1821 1834
f 1840 1834 1853
f 1853 1834 1847
f 1853 1847 1865
f 1865 1847 1859
f 1865 1859 1866
f 1866 1859 1860
f 1866 1860 1854
f 1854 1860 1848
f 1854 1848 1841
f 1841 1848 1835
f 1841 1835 1828
f 1828 1835 1822
f 1826 1820 1816
f 1816 1820 1813
f 1816 1813 1825
f 1825 1813 1819
f 1825 1819 1838
f 1838 1819 1832
f 1838 1832 1851
f 1851 1832 1845
f 1851 1845 1863
f 1863 1845 1857
f 1863 1857 1864
f 1864 1857 1858
f 1864 1858 1852
f 1852 1858 1846
f 1852 1846 1839
f 1839 1846 1833
f 1839 1833 1826
f 1826 1833 1820
f 1593 1595 1592
f 1592 1595 1594
f 1623 1593 1622
f 1622 1593 1592
f 1622 1592 1624
f 1624 1592 1594
f 1599 1629 1598
f 1598 1629 1628
f 1597 1599 1596
f 1596 1599 1598
f 1626 1596 1628
f 1628 1596 1598
f 1919 1921 1918
f 1918 1921 1920
f 1947 1919 1946
f 1946 1919 1918
f 1946 1918 1948
f 1948 1918 1920
f 1915 1917 1914
f 1914 1917 1916
f 1943 1915 1942
f 1942 1915 1914
f 1942 1914 1944
f 1944 1914 1916
f 1874 1892 1869
f 1869 1892 1888
f 1869 1888 3162
f 3162 1888 1908
f 1908 1888 1907
f 1908 1907 1951
f 1951 1907 1940
f 1951 1940 1966
f 1966 1940 1963
f 1966 1963 1988
f 1892 1874 1887
f 1887 1874 1876
f 1887 1876 1885
f 1885 1876 1878
f 1885 1878 1882
f 1882 1878 1880
f 1966 1988 2003
f 2003 1988 1999
f 2003 1999 2033
f 2003 2033 3432
f 3432 2033 2040
f 3432 2040 2154
f 2154 2040 3435
f 3435 2040 2043
f 3435 2043 3437
f 3437 2043 2047
f 3437 2047 2166
f 2166 2047 2171
f 2043 2045 2047
f 2166 2190 3437
f 3162 1650 1869
f 1869 1650 1670
f 1670 1650 1652
f 1670 1652 1656
f 1650 1636 1652
f 1652 1636 1637
f 1637 1636 2524
f 1637 2524 1600
f 1600 2524 2486
f 1600 2486 1579
f 1579 2486 1557
f 1557 2486 1542
f 1557 1542 1544
f 1544 1542 1501
f 1501 1542 2369
f 1501 2369 1508
f 1508 2369 1372
f 1508 1372 1499
f 1499 1372 1494
f 1499 1494 1497
f 1372 1355 1494
f 1494 1355 1388
f 1494 1388 1393
f 1355 1340 1388
f 1658 1669 1656
f 1656 1669 1675
f 1656 1675 1670
f 1669 1658 1667
f 1667 1658 1660
f 1667 1660 1664
f 1664 1660 1662
f 1686 1679 1678
f 1678 1679 1651
f 1678 1651 1650
f 1679 1686 1687
f 1687 1686 1699
f 1687 1699 1700
f 1700 1699 1713
f 1713 1699 1712
f 1713 1712 1725
f 1725 1712 1724
f 1725 1724 1814
f 1814 1724 1723
f 1814 1723 1813
f 1813 1723 1722
f 1813 1722 1721
f 1722 1723 1710
f 1710 1723 1711
f 1710 1711 1697
f 1697 1711 1698
f 1697 1698 1685
f 1678 1650 1685
f 1685 1650 1684
f 1685 1684 1697
f 1824 1726 1815
f 1815 1726 1725
f 1815 1725 1814
f 1837 1894 1824
f 1824 1894 1714
f 1824 1714 1726
f 1837 1850 1894
f 1894 1850 1862
f 1894 1862 1861
f 1849 1848 1861
f 1861 1848 1860
f 1861 1860 1894
f 1894 1860 3162
f 3162 1860 1859
f 3162 1859 1858
f 1858 1859 1846
f 1846 1859 1847
f 1846 1847 1833
f 1833 1847 1834
f 1833 1834 1821
f 1848 1849 1835
f 1835 1849 1836
f 1835 1836 1823
f 1835 1823 1822
f 1822 1823 1815
f 1822 1815 1814
f 1683 1677 1650
f 1650 1677 1684
f 1813 1721 1819
f 1819 1721 1709
f 1819 1709 1832
f 1832 1709 1650
f 1832 1650 3162
f 1709 1696 1650
f 1650 1696 1683
f 1679 1688 1651
f 1651 1688 1701
f 1651 1701 1714
f 1833 1821 1820
f 1820 1821 1814
f 1820 1814 1813
f 1858 1857 3162
f 3162 1857 1845
f 3162 1845 1832
f 1894 1651 1714
f 1393 1419 1494
f 1494 1419 1485
f 1494 1485 1495
f 1393 1394 1419
f 1485 1419 1460
f 1460 1419 1420
f 1460 1420 1446
f 1446 1420 1431
f 1394 1393 1390
f 1390 1393 1388
f 1390 1388 1389
f 1391 1392 1390
f 1390 1392 1394
f 1340 1341 1388
f 1388 1341 1389
f 1341 1340 1349
f 1349 1340 1355
f 1349 1355 1368
f 1368 1355 1372
f 1368 1372 1383
f 1383 1372 2369
f 1341 1349 1333
f 1333 1349 1315
f 1333 1315 1314
f 1339 1338 1333
f 1333 1338 1342
f 1333 1342 1341
f 2369 1542 1383
f 1383 1542 1543
f 2486 1569 1542
f 1542 1569 1564
f 1542 1564 1550
f 2524 1582 2486
f 2486 1582 1573
f 2486 1573 1569
f 1636 1630 2524
f 2524 1630 1590
f 2524 1590 1582
f 1650 1640 1636
f 1636 1640 1638
f 1636 1638 1630
f 1651 1648 1650
f 1650 1648 1646
f 1650 1646 1642
f 1642 1640 1650
f 1550 1546 1542
f 1542 1546 1543
f 1908 1904 3162
f 3162 1904 1902
f 3162 1902 1900
f 1951 1922 1908
f 1908 1922 1906
f 1908 1906 1904
f 1966 1961 1951
f 1951 1961 1955
f 1951 1955 1922
f 2003 1974 1966
f 1966 1974 1969
f 1966 1969 1961
f 2004 1998 2003
f 2003 1998 1996
f 2003 1996 1982
f 1982 1974 2003
f 1900 1897 3162
f 3162 1897 1894
f 2048 2047 2046
f 2046 2047 2045
f 2046 2045 2044
f 2044 2045 2043
f 2044 2043 2042
f 2042 2043 2040
f 2042 2040 2041
f 2041 2040 2039
f 2039 2040 2033
f 2039 2033 2038
f 2038 2033 2037
f 2037 2033 2034
f 2037 2034 2036
f 2036 2034 2035
f 1509 1508 1500
f 1500 1508 1499
f 1500 1499 1498
f 1498 1499 1497
f 1498 1497 1496
f 1496 1497 1494
f 1496 1494 1495
f 1663 1662 1661
f 1661 1662 1660
f 1661 1660 1659
f 1659 1660 1658
f 1659 1658 1657
f 1657 1658 1656
f 1657 1656 1655
f 1655 1656 1653
f 1655 1653 1654
f 1656 1652 1653
f 1675 1669 1676
f 1676 1669 1668
f 1668 1669 1667
f 1668 1667 1666
f 1666 1667 1664
f 1666 1664 1665
f 1663 1665 1662
f 1662 1665 1664
f 1892 1887 1893
f 1893 1887 1886
f 1886 1887 1885
f 1886 1885 1884
f 1884 1885 1882
f 1884 1882 1883
f 1882 1880 1883
f 1883 1880 1881
f 1881 1880 1879
f 1879 1880 1878
f 1879 1878 1877
f 1877 1878 1876
f 1877 1876 1875
f 1875 1876 1874
f 1871 1872 1870
f 1870 1872 1874
f 1870 1874 1869
f 1872 1873 1874
f 1874 1873 1875
f 1893 1891 1892
f 1892 1891 1889
f 1892 1889 1888
f 1891 1890 1889
f 1509 1507 1508
f 1508 1507 1501
f 1501 1507 1506
f 1501 1506 1505
f 1501 1505 1502
f 1502 1505 1504
f 1502 1504 1503
f 2172 2171 2120
f 2120 2171 2047
f 2120 2047 2048
f 2048 2056 2120
f 2120 2056 2076
f 2120 2076 2121
f 2121 2076 2088
f 2121 2088 2106
f 2171 2170 2166
f 2166 2170 2169
f 2166 2169 2168
f 2171 2172 2170
f 2168 2167 2166
f 1543 1546 1383
f 1383 1546 1387
f 1387 1546 1550
f 1387 1550 1564
f 1387 1564 1432
f 1432 1564 1569
f 1432 1569 1451
f 1451 1569 1573
f 1451 1573 1462
f 1462 1573 1582
f 1462 1582 1471
f 1471 1582 1590
f 1471 1590 1481
f 1481 1590 1604
f 1481 1604 1488
f 1488 1604 1613
f 1488 1613 1491
f 1389 1342 1390
f 1390 1342 1338
f 1390 1338 1339
f 1389 1341 1342
f 2139 2142 2148
f 2148 2142 2155
f 2148 2155 2161
f 2161 2155 2165
f 2161 2165 2158
f 2158 2165 2164
f 2158 2164 2153
f 2153 2164 2162
f 2153 2162 2150
f 2150 2162 2160
f 2150 2160 2145
f 2145 2160 2151
f 2145 2151 2140
f 2140 2151 2147
f 2140 2147 2107
f 2107 2147 2143
f 2107 2143 2092
f 2092 2143 2113
f 2092 2113 2085
f 2085 2113 2105
f 2085 2105 2095
f 2095 2105 2149
f 2095 2149 2156
f 2156 2149 2176
f 2156 2176 2204
f 2204 2176 2203
f 2203 2176 2180
f 2203 2180 2201
f 2201 2180 2181
f 2201 2181 2199
f 2199 2181 2182
f 2199 2182 2198
f 2198 2182 2183
f 2198 2183 2196
f 2196 2183 2184
f 2196 2184 2194
f 2194 2184 2185
f 2194 2185 2186
f 2186 2185 2175
f 2186 2175 2177
f 2177 2175 2162
f 2177 2162 2164
f 2155 2178 2165
f 2165 2178 2179
f 2165 2179 2164
f 2164 2179 2177
f 2179 2178 2187
f 2187 2178 2188
f 2187 2188 2189
f 2187 2189 2186
f 2186 2189 2194
f 2095 2063 2085
f 2085 2063 2064
f 2085 2064 2092
f 2092 2064 2071
f 2092 2071 2107
f 2107 2071 2081
f 2107 2081 2140
f 2140 2081 2090
f 2140 2090 2145
f 2145 2090 2109
f 2145 2109 2150
f 2150 2109 2141
f 2150 2141 2153
f 2153 2141 2144
f 2153 2144 2158
f 2158 2144 2146
f 2158 2146 2161
f 2161 2146 2148
f 2063 2050 2064
f 2064 2050 2053
f 2064 2053 2071
f 2071 2053 2059
f 2071 2059 2081
f 2081 2059 2069
f 2081 2069 2090
f 2090 2069 2080
f 2090 2080 2109
f 2109 2080 2091
f 2109 2091 2141
f 2141 2091 2110
f 2141 2110 2144
f 2144 2110 2139
f 2144 2139 2146
f 2146 2139 2148
f 2177 2179 2187
f 2186 2177 2187
f 2175 2185 2174
f 2174 2185 2184
f 2174 2184 2173
f 2173 2184 2183
f 2173 2183 2163
f 2163 2183 2182
f 2163 2182 2159
f 2159 2182 2181
f 2159 2181 2152
f 2152 2181 2180
f 2152 2180 2149
f 2149 2180 2176
f 2162 2175 2160
f 2160 2175 2174
f 2160 2174 2151
f 2151 2174 2173
f 2151 2173 2147
f 2147 2173 2163
f 2147 2163 2143
f 2143 2163 2159
f 2143 2159 2113
f 2113 2159 2152
f 2113 2152 2105
f 2105 2152 2149
f 2003 3432 2004
f 2004 3432 2142
f 2142 3432 2155
f 2155 3432 2154
f 2155 2154 3435
f 3437 2188 3435
f 3435 2188 2178
f 3435 2178 2155
f 2166 2167 2190
f 2190 2167 2191
f 1651 1894 1648
f 1648 1894 1897
f 1648 1897 1646
f 1646 1897 1900
f 1646 1900 1902
f 1904 1640 1902
f 1902 1640 1642
f 1902 1642 1646
f 1904 1906 1640
f 1640 1906 1638
f 1638 1906 1922
f 1638 1922 1630
f 1630 1922 1590
f 1590 1922 1955
f 1590 1955 1604
f 1604 1955 1936
f 1604 1936 1613
f 1613 1936 1928
f 2167 2168 2191
f 2191 2168 2192
f 2120 2121 2122
f 2122 2121 2125
f 2125 2121 2127
f 2127 2121 2129
f 2129 2121 2123
f 2129 2123 2124
f 2124 2126 2129
f 2129 2126 2132
f 2132 2126 2128
f 2132 2128 2130
f 2130 2131 2132
f 2132 2131 2134
f 2134 2131 2133
f 2134 2133 2135
f 2134 2135 2136
f 2136 2135 2138
f 2136 2138 2137
f 1420 1419 1415
f 1415 1419 1395
f 1415 1395 1413
f 1413 1395 1396
f 1411 1474 1412
f 1412 1474 1475
f 1412 1475 1439
f 1439 1475 1480
f 1439 1480 1464
f 1464 1480 1486
f 1464 1486 1483
f 1483 1486 1493
f 1483 1493 1492
f 1493 2052 1492
f 1492 2052 2051
f 2051 2052 2058
f 2058 2052 2055
f 2058 2055 2078
f 2078 2055 2062
f 2078 2062 2102
f 2102 2062 2067
f 2102 2067 2138
f 2137 2138 2066
f 2066 2138 2067
f 1412 1409 1411
f 1411 1409 1410
f 1410 1409 1408
f 1408 1409 1407
f 1408 1407 1405
f 1405 1404 1408
f 1408 1404 1406
f 1406 1404 1402
f 1406 1402 1400
f 1406 1400 1396
f 1396 1400 1398
f 1396 1398 1397
f 1395 1399 1396
f 1396 1399 1401
f 1396 1401 1403
f 1403 1406 1396
f 2049 2051 2057
f 2057 2051 2058
f 2057 2058 2078
f 2057 2078 2077
f 2077 2078 2102
f 2077 2102 2101
f 2101 2102 2135
f 2135 2102 2138
f 2123 2121 2119
f 2119 2121 2106
f 2119 2106 2112
f 2112 2106 2104
f 2112 2104 2111
f 2111 2104 2099
f 2111 2099 2108
f 2108 2099 2094
f 2108 2094 2103
f 2103 2094 2089
f 2103 2089 2100
f 2100 2089 2086
f 2100 2086 2097
f 2097 2086 2082
f 2097 2082 2101
f 2101 2082 2077
f 2077 2082 2074
f 2077 2074 2057
f 2057 2074 2061
f 2057 2061 2049
f 2049 2061 2054
f 2054 2061 2068
f 2054 2068 2060
f 2060 2068 2072
f 2060 2072 2065
f 2065 2072 2075
f 2065 2075 2070
f 2070 2075 2083
f 2070 2083 2073
f 2073 2083 2076
f 2076 2083 2088
f 2088 2083 2093
f 2088 2093 2098
f 2098 2093 2099
f 2098 2099 2104
f 2104 2106 2098
f 2098 2106 2088
f 2097 2101 2114
f 2114 2101 2135
f 2114 2135 2133
f 2133 2131 2114
f 2114 2131 2115
f 2114 2115 2100
f 2100 2115 2103
f 2131 2130 2115
f 2115 2130 2116
f 2115 2116 2103
f 2103 2116 2108
f 2130 2128 2116
f 2116 2128 2117
f 2116 2117 2108
f 2108 2117 2111
f 2128 2126 2117
f 2117 2126 2118
f 2117 2118 2111
f 2111 2118 2112
f 2126 2124 2118
f 2118 2124 2119
f 2118 2119 2112
f 2124 2123 2119
f 2094 2099 2093
f 2093 2083 2087
f 2087 2083 2075
f 2087 2075 2084
f 2084 2075 2072
f 2084 2072 2079
f 2079 2072 2068
f 2079 2068 2074
f 2074 2068 2061
f 2089 2094 2087
f 2087 2094 2093
f 2089 2087 2084
f 2086 2089 2084
f 2086 2084 2079
f 2086 2079 2082
f 2082 2079 2074
f 2097 2114 2100
f 1409 1412 1438
f 1438 1412 1439
f 1438 1439 1464
f 1438 1464 1463
f 1463 1464 1483
f 1463 1483 1482
f 1482 1483 1490
f 1490 1483 1492
f 1465 1460 1454
f 1454 1460 1446
f 1454 1446 1445
f 1445 1446 1441
f 1445 1441 1434
f 1434 1441 1431
f 1434 1431 1427
f 1427 1431 1424
f 1427 1424 1414
f 1414 1424 1420
f 1414 1420 1415
f 1446 1431 1441
f 1431 1420 1424
f 1415 1413 1414
f 1414 1413 1397
f 1414 1397 1416
f 1416 1397 1398
f 1416 1398 1417
f 1417 1398 1400
f 1417 1400 1418
f 1418 1400 1402
f 1418 1402 1421
f 1421 1402 1404
f 1421 1404 1422
f 1422 1404 1405
f 1422 1405 1423
f 1423 1405 1407
f 1423 1407 1409
f 1413 1396 1397
f 1409 1438 1423
f 1423 1438 1444
f 1423 1444 1422
f 1422 1444 1437
f 1422 1437 1421
f 1421 1437 1433
f 1421 1433 1418
f 1418 1433 1430
f 1418 1430 1417
f 1417 1430 1428
f 1417 1428 1416
f 1416 1428 1427
f 1416 1427 1414
f 1438 1463 1444
f 1444 1463 1457
f 1444 1457 1437
f 1437 1457 1453
f 1437 1453 1433
f 1433 1453 1448
f 1433 1448 1430
f 1430 1448 1443
f 1430 1443 1428
f 1428 1443 1436
f 1428 1436 1427
f 1427 1436 1434
f 1457 1463 1468
f 1468 1463 1482
f 1468 1482 1479
f 1479 1482 1489
f 1479 1489 1487
f 1482 1490 1489
f 1487 1484 1479
f 1479 1484 1472
f 1479 1472 1461
f 1461 1472 1455
f 1461 1455 1448
f 1448 1455 1443
f 1484 1478 1472
f 1472 1478 1467
f 1472 1467 1455
f 1455 1467 1449
f 1455 1449 1443
f 1443 1449 1436
f 1478 1473 1467
f 1467 1473 1469
f 1467 1469 1459
f 1459 1469 1465
f 1459 1465 1454
f 1434 1436 1445
f 1445 1436 1449
f 1445 1449 1459
f 1459 1449 1467
f 1459 1454 1445
f 1461 1448 1453
f 1457 1468 1453
f 1453 1468 1461
f 1468 1479 1461
f 1602 1489 1607
f 1607 1489 1490
f 1607 1490 1609
f 1489 1602 1487
f 1487 1602 1591
f 1487 1591 1484
f 1484 1591 1478
f 1478 1591 1583
f 1478 1583 1500
f 1500 1583 1509
f 1509 1583 1574
f 1509 1574 1507
f 1507 1574 1571
f 1507 1571 1506
f 1506 1571 1566
f 1506 1566 1505
f 1505 1566 1554
f 1505 1554 1504
f 1504 1554 1547
f 1504 1547 1503
f 1503 1547 1545
f 1503 1545 1502
f 1500 1498 1478
f 1478 1498 1473
f 1473 1498 1496
f 1473 1496 1495
f 1473 1495 1469
f 1469 1495 1485
f 1469 1485 1465
f 1465 1485 1460
f 1989 1988 1985
f 1985 1988 1981
f 1981 1988 1975
f 1975 1988 1971
f 1971 1988 1963
f 1971 1963 1965
f 1965 1963 1959
f 1959 1963 1940
f 1959 1940 1934
f 1934 1940 1909
f 1909 1940 1907
f 1909 1907 1905
f 1905 1907 1903
f 1903 1907 1888
f 1903 1888 1901
f 1901 1888 1898
f 1898 1888 1895
f 1895 1888 1889
f 1544 1501 1545
f 1545 1501 1502
f 2190 2191 3437
f 3437 2191 2188
f 2188 2191 2193
f 2188 2193 2195
f 2191 2192 2193
f 2195 2197 2188
f 2188 2197 2200
f 2188 2200 2196
f 2196 2200 2198
f 2198 2200 2202
f 2198 2202 2199
f 2199 2202 2201
f 2201 2202 2203
f 2203 2202 2205
f 2203 2205 2204
f 2204 2205 2206
f 2204 2206 1251
f 1251 2206 2207
f 2196 2194 2188
f 2188 2194 2189
f 1330 1329 1331
f 1331 1329 1327
f 1327 1329 1328
f 1327 1328 1326
f 1326 1328 1324
f 1324 1328 1325
f 1324 1325 1322
f 1322 1325 1321
f 1321 1325 1319
f 1319 1325 1315
f 1319 1315 1317
f 1317 1315 1316
f 1325 1323 1315
f 1315 1323 1320
f 1315 1320 1318
f 1318 1314 1315
f 2204 1251 2156
f 2156 1251 2157
f 2156 2157 2095
f 2095 2157 2096
f 2095 2096 2063
f 2063 2096 1137
f 2063 1137 2050
f 2050 1137 1098
f 1491 571 1477
f 1477 571 545
f 1477 545 1447
f 1447 545 456
f 1447 456 1365
f 1365 456 1366
f 1365 1366 1327
f 1327 1366 1331
f 1368 1383 1376
f 1376 1383 1387
f 1376 1387 1379
f 1379 1387 1432
f 1379 1432 1380
f 1380 1432 1384
f 1380 1384 1373
f 1373 1384 1377
f 1373 1377 1369
f 1369 1377 1374
f 1369 1374 1356
f 1356 1374 1359
f 1356 1359 1344
f 1344 1359 1345
f 1344 1345 1322
f 1322 1345 1324
f 1324 1345 1346
f 1324 1346 1347
f 1347 1346 1367
f 1347 1367 1371
f 1371 1367 1385
f 1371 1385 1426
f 1426 1385 1442
f 1426 1442 1450
f 1450 1442 1466
f 1450 1466 1470
f 1470 1466 1481
f 1470 1481 1488
f 1432 1451 1384
f 1384 1451 1425
f 1384 1425 1377
f 1377 1425 1381
f 1377 1381 1374
f 1374 1381 1378
f 1374 1378 1359
f 1359 1378 1361
f 1359 1361 1345
f 1345 1361 1346
f 1451 1462 1425
f 1425 1462 1440
f 1425 1440 1381
f 1381 1440 1386
f 1381 1386 1378
f 1378 1386 1382
f 1378 1382 1361
f 1361 1382 1367
f 1361 1367 1346
f 1440 1462 1452
f 1452 1462 1471
f 1452 1471 1458
f 1458 1471 1481
f 1458 1481 1466
f 1470 1488 1476
f 1476 1488 1491
f 1476 1491 1477
f 1476 1477 1456
f 1456 1477 1447
f 1456 1447 1435
f 1435 1447 1375
f 1435 1375 1426
f 1426 1375 1371
f 1447 1365 1375
f 1375 1365 1351
f 1375 1351 1371
f 1371 1351 1347
f 1365 1327 1351
f 1351 1327 1326
f 1351 1326 1347
f 1347 1326 1324
f 1322 1321 1344
f 1344 1321 1343
f 1344 1343 1356
f 1356 1343 1354
f 1356 1354 1369
f 1369 1354 1363
f 1369 1363 1373
f 1373 1363 1370
f 1373 1370 1380
f 1380 1370 1379
f 1343 1321 1337
f 1337 1321 1319
f 1337 1319 1336
f 1336 1319 1317
f 1336 1317 1335
f 1335 1317 1334
f 1335 1334 1350
f 1350 1334 1348
f 1350 1348 1357
f 1357 1348 1349
f 1357 1349 1368
f 1317 1316 1334
f 1334 1316 1332
f 1334 1332 1348
f 1348 1332 1349
f 1316 1315 1332
f 1332 1315 1349
f 1357 1368 1362
f 1362 1368 1376
f 1362 1376 1364
f 1364 1376 1379
f 1364 1379 1370
f 1357 1362 1358
f 1358 1362 1364
f 1358 1364 1360
f 1360 1364 1370
f 1360 1370 1363
f 1357 1358 1350
f 1350 1358 1352
f 1350 1352 1335
f 1335 1352 1336
f 1352 1358 1360
f 1352 1360 1353
f 1353 1360 1363
f 1353 1363 1354
f 1337 1336 1353
f 1353 1336 1352
f 1337 1353 1354
f 1343 1337 1354
f 1440 1452 1386
f 1386 1452 1429
f 1386 1429 1382
f 1382 1429 1385
f 1382 1385 1367
f 1452 1458 1429
f 1429 1458 1442
f 1429 1442 1385
f 1466 1442 1458
f 1435 1426 1450
f 1476 1456 1470
f 1470 1456 1450
f 1456 1435 1450
f 1098 1491 2050
f 2050 1491 1613
f 2050 1613 1928
f 1098 571 1491
f 2004 2142 1998
f 1998 2142 2139
f 1998 2139 1996
f 1996 2139 1982
f 1982 2139 2110
f 1982 2110 1974
f 1974 2110 2091
f 1974 2091 1969
f 1969 2091 2080
f 1969 2080 1961
f 1961 2080 2069
f 1961 2069 1955
f 1955 2069 2059
f 1955 2059 1936
f 1936 2059 2053
f 1936 2053 1928
f 1928 2053 2050
f 2238 2239 2236
f 2236 2239 2234
f 2234 2239 2240
f 2234 2240 2232
f 2232 2240 2241
f 2232 2241 2231
f 2242 2243 2230
f 2230 2243 2233
f 2233 2243 2244
f 2233 2244 2235
f 2235 2244 2245
f 2235 2245 2237
f 2231 2225 2232
f 2232 2225 2229
f 2232 2229 2234
f 2234 2229 2236
f 2236 2229 2226
f 2226 2229 2223
f 2226 2223 2218
f 2218 2223 2215
f 2218 2215 2210
f 2210 2215 2213
f 2210 2213 2208
f 2208 2213 2212
f 2208 2212 2209
f 2209 2212 2214
f 2209 2214 2211
f 2211 2214 2221
f 2211 2221 2219
f 2219 2221 2228
f 2219 2228 2227
f 2227 2228 2235
f 2227 2235 2237
f 2229 2225 2223
f 2223 2225 2222
f 2223 2222 2215
f 2215 2222 2217
f 2215 2217 2213
f 2213 2217 2216
f 2213 2216 2212
f 2212 2216 2214
f 2216 2220 2214
f 2214 2220 2221
f 2220 2224 2221
f 2221 2224 2228
f 2230 2233 2224
f 2224 2233 2228
f 2233 2235 2228
f 2240 2239 2241
f 2241 2239 2242
f 2242 2239 2243
f 2243 2239 2244
f 2244 2239 2238
f 2244 2238 2245
f 2241 2242 2231
f 2231 2242 2217
f 2231 2217 2222
f 2217 2242 2216
f 2216 2242 2230
f 2216 2230 2220
f 2220 2230 2224
f 2222 2225 2231
f 2226 2218 2236
f 2236 2218 2210
f 2236 2210 2208
f 2236 2208 2237
f 2237 2208 2209
f 2237 2209 2211
f 2211 2219 2237
f 2237 2219 2227
f 2237 2245 2236
f 2236 2245 2238
f 2345 2351 2353
f 2353 2351 2357
f 2353 2357 2356
f 2356 2357 2358
f 2356 2358 2355
f 2355 2358 2354
f 2355 2354 2349
f 2349 2354 2346
f 2349 2346 2341
f 2341 2346 2339
f 2341 2339 2331
f 2331 2339 2330
f 2331 2330 2322
f 2322 2330 2321
f 2322 2321 2319
f 2319 2321 2314
f 2319 2314 2313
f 2358 2352 2354
f 2354 2352 2347
f 2354 2347 2346
f 2346 2347 2342
f 2346 2342 2339
f 2339 2342 2338
f 2339 2338 2330
f 2330 2338 2328
f 2330 2328 2321
f 2321 2328 2320
f 2321 2320 2314
f 2314 2320 2315
f 2314 2315 2313
f 2352 2340 2347
f 2347 2340 2337
f 2347 2337 2342
f 2342 2337 2338
f 2337 2335 2338
f 2338 2335 2328
f 2335 2329 2328
f 2328 2329 2326
f 2328 2326 2320
f 2320 2326 2316
f 2320 2316 2315
f 2315 2316 2313
f 2334 2333 2327
f 2327 2333 2324
f 2327 2324 2317
f 2317 2324 2323
f 2317 2323 2318
f 2318 2323 2322
f 2318 2322 2319
f 2334 2336 2333
f 2333 2336 2343
f 2333 2343 2344
f 2344 2343 2350
f 2344 2350 2349
f 2349 2350 2355
f 2336 2345 2343
f 2343 2345 2348
f 2343 2348 2350
f 2350 2348 2356
f 2350 2356 2355
f 2348 2345 2353
f 2319 2313 2318
f 2318 2313 2317
f 2313 2327 2317
f 2348 2353 2356
f 2349 2341 2344
f 2344 2341 2332
f 2344 2332 2333
f 2333 2332 2324
f 2332 2341 2331
f 2322 2323 2331
f 2331 2323 2332
f 2323 2324 2332
f 2351 2345 2325
f 2325 2345 2336
f 2325 2336 2334
f 2327 2310 2334
f 2334 2310 2311
f 2334 2311 2325
f 2325 2311 2312
f 2312 2311 2306
f 2312 2306 2307
f 2327 2313 2310
f 2310 2313 2304
f 2310 2304 2302
f 2302 2304 2299
f 2302 2299 2293
f 2293 2299 2290
f 2293 2290 2282
f 2282 2275 2293
f 2293 2275 2292
f 2293 2292 2301
f 2301 2292 2300
f 2300 2292 2298
f 2298 2292 2297
f 2297 2292 2291
f 2297 2291 2296
f 2296 2291 2295
f 2295 2291 2294
f 2275 2268 2292
f 2292 2268 2284
f 2292 2284 2291
f 2260 2257 2268
f 2268 2257 2284
f 2303 2311 2301
f 2301 2311 2310
f 2301 2310 2302
f 2303 2305 2311
f 2311 2305 2306
f 2307 2308 2312
f 2312 2308 2309
f 2301 2302 2293
f 2313 2316 2290
f 2290 2316 2283
f 2283 2316 2326
f 2283 2326 2280
f 2280 2326 2329
f 2280 2329 2271
f 2271 2329 2335
f 2271 2335 2267
f 2267 2335 2337
f 2267 2337 2265
f 2265 2337 2340
f 2254 2258 2265
f 2265 2258 2259
f 2265 2259 2267
f 2267 2259 2266
f 2267 2266 2271
f 2271 2266 2274
f 2271 2274 2280
f 2280 2274 2281
f 2280 2281 2283
f 2283 2281 2289
f 2283 2289 2290
f 2258 2254 2250
f 2250 2254 2246
f 2250 2246 2249
f 2249 2246 2248
f 2249 2248 2253
f 2253 2248 2252
f 2253 2252 2263
f 2263 2252 2261
f 2263 2261 2272
f 2272 2261 2270
f 2272 2270 2278
f 2278 2270 2277
f 2278 2277 2287
f 2287 2277 2286
f 2287 2286 2290
f 2246 2247 2248
f 2248 2247 2251
f 2248 2251 2252
f 2252 2251 2255
f 2252 2255 2261
f 2261 2255 2262
f 2261 2262 2270
f 2270 2262 2269
f 2270 2269 2277
f 2277 2269 2276
f 2277 2276 2286
f 2286 2276 2285
f 2286 2285 2290
f 2247 2257 2251
f 2251 2257 2260
f 2251 2260 2255
f 2255 2260 2262
f 2260 2268 2262
f 2262 2268 2269
f 2268 2275 2269
f 2269 2275 2276
f 2275 2282 2276
f 2276 2282 2285
f 2282 2290 2285
f 2287 2290 2288
f 2288 2290 2289
f 2259 2258 2250
f 2250 2249 2256
f 2256 2249 2253
f 2256 2253 2264
f 2264 2253 2263
f 2264 2263 2273
f 2273 2263 2272
f 2273 2272 2279
f 2279 2272 2278
f 2279 2278 2288
f 2288 2278 2287
f 2264 2266 2256
f 2256 2266 2259
f 2256 2259 2250
f 2266 2264 2274
f 2274 2264 2273
f 2274 2273 2281
f 2281 2273 2279
f 2281 2279 2289
f 2289 2279 2288
f 2299 2304 2290
f 2290 2304 2313
f 2308 2307 2309
f 2309 2307 2306
f 2309 2306 2305
f 2305 2303 2309
f 2309 2303 2301
f 2309 2301 2294
f 2294 2301 2300
f 2294 2300 2298
f 2298 2297 2294
f 2294 2297 2296
f 2294 2296 2295
f 2352 2358 2340
f 2340 2358 2357
f 2340 2357 2351
f 2325 2284 2351
f 2351 2284 2257
f 2351 2257 2340
f 2340 2257 2265
f 2265 2257 2247
f 2265 2247 2246
f 2284 2325 2291
f 2291 2325 2312
f 2291 2312 2294
f 2294 2312 2309
f 2246 2254 2265
f 3318 3319 3326
f 3326 3319 3327
f 3326 3327 3334
f 3334 3327 3335
f 3334 3335 3342
f 3342 3335 3343
f 3321 3319 3320
f 3320 3319 3318
f 3344 3345 3336
f 3336 3345 3337
f 3336 3337 3328
f 3328 3337 3329
f 3328 3329 3320
f 3320 3329 3321
f 3353 3345 3352
f 3352 3345 3344
f 3376 3377 3368
f 3368 3377 3369
f 3368 3369 3360
f 3360 3369 3361
f 3360 3361 3352
f 3352 3361 3353
f 3343 3351 3342
f 3342 3351 3350
f 3350 3351 3358
f 3358 3351 3359
f 3358 3359 3366
f 3366 3359 3367
f 3366 3367 3374
f 3374 3367 3375
f 3375 3377 3374
f 3374 3377 3376
f 3227 3228 3239
f 3239 3228 3240
f 3239 3240 3251
f 3251 3240 3252
f 3251 3252 3264
f 3264 3252 3265
f 3230 3228 3229
f 3229 3228 3227
f 3266 3267 3253
f 3253 3267 3254
f 3253 3254 3241
f 3241 3254 3242
f 3241 3242 3229
f 3229 3242 3230
f 3279 3267 3278
f 3278 3267 3266
f 3314 3315 3302
f 3302 3315 3303
f 3302 3303 3290
f 3290 3303 3291
f 3290 3291 3278
f 3278 3291 3279
f 3265 3277 3264
f 3264 3277 3276
f 3276 3277 3288
f 3288 3277 3289
f 3288 3289 3300
f 3300 3289 3301
f 3300 3301 3312
f 3312 3301 3313
f 3313 3315 3312
f 3312 3315 3314
f 2764 2765 2780
f 2780 2765 2781
f 2780 2781 2796
f 2796 2781 2797
f 2796 2797 2812
f 2812 2797 2813
f 2767 2765 2766
f 2766 2765 2764
f 2814 2815 2798
f 2798 2815 2799
f 2798 2799 2782
f 2782 2799 2783
f 2782 2783 2766
f 2766 2783 2767
f 2831 2815 2830
f 2830 2815 2814
f 2878 2879 2862
f 2862 2879 2863
f 2862 2863 2846
f 2846 2863 2847
f 2846 2847 2830
f 2830 2847 2831
f 2813 2829 2812
f 2812 2829 2828
f 2828 2829 2844
f 2844 2829 2845
f 2844 2845 2860
f 2860 2845 2861
f 2860 2861 2876
f 2876 2861 2877
f 2877 2879 2876
f 2876 2879 2878
f 3219 3220 3231
f 3231 3220 3232
f 3231 3232 3243
f 3243 3232 3244
f 3243 3244 3256
f 3256 3244 3257
f 3222 3220 3221
f 3221 3220 3219
f 3258 3259 3245
f 3245 3259 3246
f 3245 3246 3233
f 3233 3246 3234
f 3233 3234 3221
f 3221 3234 3222
f 3271 3259 3270
f 3270 3259 3258
f 3306 3307 3294
f 3294 3307 3295
f 3294 3295 3282
f 3282 3295 3283
f 3282 3283 3270
f 3270 3283 3271
f 3257 3269 3256
f 3256 3269 3268
f 3268 3269 3280
f 3280 3269 3281
f 3280 3281 3292
f 3292 3281 3293
f 3292 3293 3304
f 3304 3293 3305
f 3305 3307 3304
f 3304 3307 3306
f 2760 2761 2776
f 2776 2761 2777
f 2776 2777 2792
f 2792 2777 2793
f 2792 2793 2808
f 2808 2793 2809
f 2763 2761 2762
f 2762 2761 2760
f 2810 2811 2794
f 2794 2811 2795
f 2794 2795 2778
f 2778 2795 2779
f 2778 2779 2762
f 2762 2779 2763
f 2827 2811 2826
f 2826 2811 2810
f 2874 2875 2858
f 2858 2875 2859
f 2858 2859 2842
f 2842 2859 2843
f 2842 2843 2826
f 2826 2843 2827
f 2809 2825 2808
f 2808 2825 2824
f 2824 2825 2840
f 2840 2825 2841
f 2840 2841 2856
f 2856 2841 2857
f 2856 2857 2872
f 2872 2857 2873
f 2873 2875 2872
f 2872 2875 2874
f 2425 2426 2433
f 2433 2426 2434
f 2433 2434 2441
f 2441 2434 2442
f 2441 2442 2449
f 2449 2442 2450
f 2428 2426 2427
f 2427 2426 2425
f 2451 2452 2443
f 2443 2452 2444
f 2443 2444 2435
f 2435 2444 2436
f 2435 2436 2427
f 2427 2436 2428
f 2460 2452 2459
f 2459 2452 2451
f 2484 2485 2476
f 2476 2485 2477
f 2476 2477 2467
f 2467 2477 2468
f 2467 2468 2459
f 2459 2468 2460
f 2450 2458 2449
f 2449 2458 2457
f 2457 2458 2465
f 2465 2458 2466
f 2465 2466 2474
f 2474 2466 2475
f 2474 2475 2482
f 2482 2475 2483
f 2483 2485 2482
f 2482 2485 2484
f 2389 2390 2393
f 2393 2390 2394
f 2393 2394 2397
f 2397 2394 2398
f 2397 2398 2401
f 2401 2398 2402
f 2392 2390 2391
f 2391 2390 2389
f 2403 2404 2399
f 2399 2404 2400
f 2399 2400 2395
f 2395 2400 2396
f 2395 2396 2391
f 2391 2396 2392
f 2408 2404 2407
f 2407 2404 2403
f 2419 2420 2415
f 2415 2420 2416
f 2415 2416 2411
f 2411 2416 2412
f 2411 2412 2407
f 2407 2412 2408
f 2402 2406 2401
f 2401 2406 2405
f 2405 2406 2409
f 2409 2406 2410
f 2409 2410 2413
f 2413 2410 2414
f 2413 2414 2417
f 2417 2414 2418
f 2418 2420 2417
f 2417 2420 2419
f 2421 2422 2429
f 2429 2422 2430
f 2429 2430 2437
f 2437 2430 2438
f 2437 2438 2445
f 2445 2438 2446
f 2424 2422 2423
f 2423 2422 2421
f 2447 2448 2439
f 2439 2448 2440
f 2439 2440 2431
f 2431 2440 2432
f 2431 2432 2423
f 2423 2432 2424
f 2456 2448 2455
f 2455 2448 2447
f 2480 2481 2472
f 2472 2481 2473
f 2472 2473 2463
f 2463 2473 2464
f 2463 2464 2455
f 2455 2464 2456
f 2446 2454 2445
f 2445 2454 2453
f 2453 2454 2461
f 2461 2454 2462
f 2461 2462 2470
f 2470 2462 2471
f 2470 2471 2478
f 2478 2471 2479
f 2479 2481 2478
f 2478 2481 2480
f 2606 2607 2619
f 2619 2607 2620
f 2619 2620 2637
f 2637 2620 2638
f 2637 2638 2653
f 2653 2638 2654
f 2609 2607 2608
f 2608 2607 2606
f 2655 2656 2639
f 2639 2656 2640
f 2639 2640 2621
f 2621 2640 2622
f 2621 2622 2608
f 2608 2622 2609
f 2672 2656 2671
f 2671 2656 2655
f 2710 2711 2698
f 2698 2711 2699
f 2698 2699 2686
f 2686 2699 2687
f 2686 2687 2671
f 2671 2687 2672
f 2654 2670 2653
f 2653 2670 2669
f 2669 2670 2684
f 2684 2670 2685
f 2684 2685 2696
f 2696 2685 2697
f 2696 2697 2708
f 2708 2697 2709
f 2709 2711 2708
f 2708 2711 2710
f 3087 3088 3101
f 3101 3088 3102
f 3101 3102 3117
f 3117 3102 3118
f 3117 3118 3133
f 3133 3118 3134
f 3090 3088 3089
f 3089 3088 3087
f 3135 3136 3119
f 3119 3136 3120
f 3119 3120 3103
f 3103 3120 3104
f 3103 3104 3089
f 3089 3104 3090
f 3153 3136 3152
f 3152 3136 3135
f 3190 3191 3178
f 3178 3191 3179
f 3178 3179 3166
f 3166 3179 3167
f 3166 3167 3152
f 3152 3167 3153
f 3134 3151 3133
f 3133 3151 3150
f 3150 3151 3164
f 3164 3151 3165
f 3164 3165 3176
f 3176 3165 3177
f 3176 3177 3188
f 3188 3177 3189
f 3189 3191 3188
f 3188 3191 3190
f 2610 2611 2623
f 2623 2611 2624
f 2623 2624 2641
f 2641 2624 2642
f 2641 2642 2657
f 2657 2642 2658
f 2613 2611 2612
f 2612 2611 2610
f 2659 2660 2643
f 2643 2660 2644
f 2643 2644 2625
f 2625 2644 2626
f 2625 2626 2612
f 2612 2626 2613
f 2676 2660 2675
f 2675 2660 2659
f 2714 2715 2702
f 2702 2715 2703
f 2702 2703 2690
f 2690 2703 2691
f 2690 2691 2675
f 2675 2691 2676
f 2658 2674 2657
f 2657 2674 2673
f 2673 2674 2688
f 2688 2674 2689
f 2688 2689 2700
f 2700 2689 2701
f 2700 2701 2712
f 2712 2701 2713
f 2713 2715 2712
f 2712 2715 2714
f 3095 3096 3109
f 3109 3096 3110
f 3109 3110 3125
f 3125 3110 3126
f 3125 3126 3141
f 3141 3126 3142
f 3098 3096 3097
f 3097 3096 3095
f 3143 3144 3127
f 3127 3144 3128
f 3127 3128 3111
f 3111 3128 3112
f 3111 3112 3097
f 3097 3112 3098
f 3161 3144 3160
f 3160 3144 3143
f 3198 3199 3186
f 3186 3199 3187
f 3186 3187 3174
f 3174 3187 3175
f 3174 3175 3160
f 3160 3175 3161
f 3142 3159 3141
f 3141 3159 3158
f 3158 3159 3172
f 3172 3159 3173
f 3172 3173 3184
f 3184 3173 3185
f 3184 3185 3196
f 3196 3185 3197
f 3197 3199 3196
f 3196 3199 3198
f 3322 3323 3330
f 3330 3323 3331
f 3330 3331 3338
f 3338 3331 3339
f 3338 3339 3346
f 3346 3339 3347
f 3325 3323 3324
f 3324 3323 3322
f 3348 3349 3340
f 3340 3349 3341
f 3340 3341 3332
f 3332 3341 3333
f 3332 3333 3324
f 3324 3333 3325
f 3357 3349 3356
f 3356 3349 3348
f 3380 3381 3372
f 3372 3381 3373
f 3372 3373 3364
f 3364 3373 3365
f 3364 3365 3356
f 3356 3365 3357
f 3347 3355 3346
f 3346 3355 3354
f 3354 3355 3362
f 3362 3355 3363
f 3362 3363 3370
f 3370 3363 3371
f 3370 3371 3378
f 3378 3371 3379
f 3379 3381 3378
f 3378 3381 3380
f 3223 3224 3235
f 3235 3224 3236
f 3235 3236 3247
f 3247 3236 3248
f 3247 3248 3260
f 3260 3248 3261
f 3226 3224 3225
f 3225 3224 3223
f 3262 3263 3249
f 3249 3263 3250
f 3249 3250 3237
f 3237 3250 3238
f 3237 3238 3225
f 3225 3238 3226
f 3275 3263 3274
f 3274 3263 3262
f 3310 3311 3298
f 3298 3311 3299
f 3298 3299 3286
f 3286 3299 3287
f 3286 3287 3274
f 3274 3287 3275
f 3261 3273 3260
f 3260 3273 3272
f 3272 3273 3284
f 3284 3273 3285
f 3284 3285 3296
f 3296 3285 3297
f 3296 3297 3308
f 3308 3297 3309
f 3309 3311 3308
f 3308 3311 3310
f 2932 2933 2948
f 2948 2933 2949
f 2948 2949 2964
f 2964 2949 2965
f 2964 2965 2980
f 2980 2965 2981
f 2935 2933 2934
f 2934 2933 2932
f 2982 2983 2966
f 2966 2983 2967
f 2966 2967 2950
f 2950 2967 2951
f 2950 2951 2934
f 2934 2951 2935
f 2999 2983 2998
f 2998 2983 2982
f 3046 3047 3030
f 3030 3047 3031
f 3030 3031 3014
f 3014 3031 3015
f 3014 3015 2998
f 2998 3015 2999
f 2981 2997 2980
f 2980 2997 2996
f 2996 2997 3012
f 3012 2997 3013
f 3012 3013 3028
f 3028 3013 3029
f 3028 3029 3044
f 3044 3029 3045
f 3045 3047 3044
f 3044 3047 3046
f 2928 2929 2944
f 2944 2929 2945
f 2944 2945 2960
f 2960 2945 2961
f 2960 2961 2976
f 2976 2961 2977
f 2931 2929 2930
f 2930 2929 2928
f 2978 2979 2962
f 2962 2979 2963
f 2962 2963 2946
f 2946 2963 2947
f 2946 2947 2930
f 2930 2947 2931
f 2995 2979 2994
f 2994 2979 2978
f 3042 3043 3026
f 3026 3043 3027
f 3026 3027 3010
f 3010 3027 3011
f 3010 3011 2994
f 2994 3011 2995
f 2977 2993 2976
f 2976 2993 2992
f 2992 2993 3008
f 3008 2993 3009
f 3008 3009 3024
f 3024 3009 3025
f 3024 3025 3040
f 3040 3025 3041
f 3041 3043 3040
f 3040 3043 3042
f 2920 2921 2936
f 2936 2921 2937
f 2936 2937 2952
f 2952 2937 2953
f 2952 2953 2968
f 2968 2953 2969
f 2923 2921 2922
f 2922 2921 2920
f 2970 2971 2954
f 2954 2971 2955
f 2954 2955 2938
f 2938 2955 2939
f 2938 2939 2922
f 2922 2939 2923
f 2987 2971 2986
f 2986 2971 2970
f 3034 3035 3018
f 3018 3035 3019
f 3018 3019 3002
f 3002 3019 3003
f 3002 3003 2986
f 2986 3003 2987
f 2969 2985 2968
f 2968 2985 2984
f 2984 2985 3000
f 3000 2985 3001
f 3000 3001 3016
f 3016 3001 3017
f 3016 3017 3032
f 3032 3017 3033
f 3033 3035 3032
f 3032 3035 3034
f 2488 2489 2500
f 2500 2489 2501
f 2500 2501 2512
f 2512 2501 2513
f 2512 2513 2526
f 2526 2513 2527
f 2491 2489 2490
f 2490 2489 2488
f 2528 2529 2514
f 2514 2529 2515
f 2514 2515 2502
f 2502 2515 2503
f 2502 2503 2490
f 2490 2503 2491
f 2541 2529 2540
f 2540 2529 2528
f 2576 2577 2564
f 2564 2577 2565
f 2564 2565 2552
f 2552 2565 2553
f 2552 2553 2540
f 2540 2553 2541
f 2527 2539 2526
f 2526 2539 2538
f 2538 2539 2550
f 2550 2539 2551
f 2550 2551 2562
f 2562 2551 2563
f 2562 2563 2574
f 2574 2563 2575
f 2575 2577 2574
f 2574 2577 2576
f 2496 2497 2508
f 2508 2497 2509
f 2508 2509 2520
f 2520 2509 2521
f 2520 2521 2534
f 2534 2521 2535
f 2499 2497 2498
f 2498 2497 2496
f 2536 2537 2522
f 2522 2537 2523
f 2522 2523 2510
f 2510 2523 2511
f 2510 2511 2498
f 2498 2511 2499
f 2549 2537 2548
f 2548 2537 2536
f 2584 2585 2572
f 2572 2585 2573
f 2572 2573 2560
f 2560 2573 2561
f 2560 2561 2548
f 2548 2561 2549
f 2535 2547 2534
f 2534 2547 2546
f 2546 2547 2558
f 2558 2547 2559
f 2558 2559 2570
f 2570 2559 2571
f 2570 2571 2582
f 2582 2571 2583
f 2583 2585 2582
f 2582 2585 2584
f 2614 2615 2627
f 2627 2615 2628
f 2627 2628 2645
f 2645 2628 2646
f 2645 2646 2661
f 2661 2646 2662
f 2617 2615 2616
f 2616 2615 2614
f 2663 2664 2647
f 2647 2664 2648
f 2647 2648 2629
f 2629 2648 2630
f 2629 2630 2616
f 2616 2630 2617
f 2680 2664 2679
f 2679 2664 2663
f 2718 2719 2706
f 2706 2719 2707
f 2706 2707 2694
f 2694 2707 2695
f 2694 2695 2679
f 2679 2695 2680
f 2662 2678 2661
f 2661 2678 2677
f 2677 2678 2692
f 2692 2678 2693
f 2692 2693 2704
f 2704 2693 2705
f 2704 2705 2716
f 2716 2705 2717
f 2717 2719 2716
f 2716 2719 2718
f 2492 2493 2504
f 2504 2493 2505
f 2504 2505 2516
f 2516 2505 2517
f 2516 2517 2530
f 2530 2517 2531
f 2495 2493 2494
f 2494 2493 2492
f 2532 2533 2518
f 2518 2533 2519
f 2518 2519 2506
f 2506 2519 2507
f 2506 2507 2494
f 2494 2507 2495
f 2545 2533 2544
f 2544 2533 2532
f 2580 2581 2568
f 2568 2581 2569
f 2568 2569 2556
f 2556 2569 2557
f 2556 2557 2544
f 2544 2557 2545
f 2531 2543 2530
f 2530 2543 2542
f 2542 2543 2554
f 2554 2543 2555
f 2554 2555 2566
f 2566 2555 2567
f 2566 2567 2578
f 2578 2567 2579
f 2579 2581 2578
f 2578 2581 2580
f 2756 2757 2772
f 2772 2757 2773
f 2772 2773 2788
f 2788 2773 2789
f 2788 2789 2804
f 2804 2789 2805
f 2759 2757 2758
f 2758 2757 2756
f 2806 2807 2790
f 2790 2807 2791
f 2790 2791 2774
f 2774 2791 2775
f 2774 2775 2758
f 2758 2775 2759
f 2823 2807 2822
f 2822 2807 2806
f 2870 2871 2854
f 2854 2871 2855
f 2854 2855 2838
f 2838 2855 2839
f 2838 2839 2822
f 2822 2839 2823
f 2805 2821 2804
f 2804 2821 2820
f 2820 2821 2836
f 2836 2821 2837
f 2836 2837 2852
f 2852 2837 2853
f 2852 2853 2868
f 2868 2853 2869
f 2869 2871 2868
f 2868 2871 2870
f 2924 2925 2940
f 2940 2925 2941
f 2940 2941 2956
f 2956 2941 2957
f 2956 2957 2972
f 2972 2957 2973
f 2927 2925 2926
f 2926 2925 2924
f 2974 2975 2958
f 2958 2975 2959
f 2958 2959 2942
f 2942 2959 2943
f 2942 2943 2926
f 2926 2943 2927
f 2991 2975 2990
f 2990 2975 2974
f 3038 3039 3022
f 3022 3039 3023
f 3022 3023 3006
f 3006 3023 3007
f 3006 3007 2990
f 2990 3007 2991
f 2973 2989 2972
f 2972 2989 2988
f 2988 2989 3004
f 3004 2989 3005
f 3004 3005 3020
f 3020 3005 3021
f 3020 3021 3036
f 3036 3021 3037
f 3037 3039 3036
f 3036 3039 3038
f 2768 2769 2784
f 2784 2769 2785
f 2784 2785 2800
f 2800 2785 2801
f 2800 2801 2816
f 2816 2801 2817
f 2771 2769 2770
f 2770 2769 2768
f 2818 2819 2802
f 2802 2819 2803
f 2802 2803 2786
f 2786 2803 2787
f 2786 2787 2770
f 2770 2787 2771
f 2835 2819 2834
f 2834 2819 2818
f 2882 2883 2866
f 2866 2883 2867
f 2866 2867 2850
f 2850 2867 2851
f 2850 2851 2834
f 2834 2851 2835
f 2817 2833 2816
f 2816 2833 2832
f 2832 2833 2848
f 2848 2833 2849
f 2848 2849 2864
f 2864 2849 2865
f 2864 2865 2880
f 2880 2865 2881
f 2881 2883 2880
f 2880 2883 2882
f 3091 3092 3105
f 3105 3092 3106
f 3105 3106 3121
f 3121 3106 3122
f 3121 3122 3137
f 3137 3122 3138
f 3094 3092 3093
f 3093 3092 3091
f 3139 3140 3123
f 3123 3140 3124
f 3123 3124 3107
f 3107 3124 3108
f 3107 3108 3093
f 3093 3108 3094
f 3157 3140 3156
f 3156 3140 3139
f 3194 3195 3182
f 3182 3195 3183
f 3182 3183 3170
f 3170 3183 3171
f 3170 3171 3156
f 3156 3171 3157
f 3138 3155 3137
f 3137 3155 3154
f 3154 3155 3168
f 3168 3155 3169
f 3168 3169 3180
f 3180 3169 3181
f 3180 3181 3192
f 3192 3181 3193
f 3193 3195 3192
f 3192 3195 3194
f 3396 3397 3392
f 3392 3397 3393
f 3392 3393 3388
f 3388 3393 3389
f 3388 3389 3384
f 3384 3389 3385
f 3401 3397 3400
f 3400 3397 3396
f 3412 3413 3408
f 3408 3413 3409
f 3408 3409 3404
f 3404 3409 3405
f 3404 3405 3400
f 3400 3405 3401
f 3411 3413 3410
f 3410 3413 3412
f 3398 3399 3402
f 3402 3399 3403
f 3402 3403 3406
f 3406 3403 3407
f 3406 3407 3410
f 3410 3407 3411
f 3385 3383 3384
f 3384 3383 3382
f 3382 3383 3386
f 3386 3383 3387
f 3386 3387 3390
f 3390 3387 3391
f 3390 3391 3394
f 3394 3391 3395
f 3395 3399 3394
f 3394 3399 3398
f 2913 2917 2919
f 2919 2917 2916
f 2919 2916 2912
f 2912 2916 2908
f 2912 2908 2904
f 2904 2908 2900
f 2904 2900 2896
f 2896 2900 2892
f 2896 2892 2888
f 2888 2892 2885
f 2888 2885 2889
f 2889 2885 2893
f 2889 2893 2897
f 2897 2893 2901
f 2897 2901 2905
f 2905 2901 2909
f 2905 2909 2913
f 2913 2909 2917
f 3075 3079 3082
f 3082 3079 3078
f 3082 3078 3074
f 3074 3078 3070
f 3074 3070 3066
f 3066 3070 3062
f 3066 3062 3058
f 3058 3062 3054
f 3058 3054 3050
f 3050 3054 3048
f 3050 3048 3051
f 3051 3048 3055
f 3051 3055 3059
f 3059 3055 3063
f 3059 3063 3067
f 3067 3063 3071
f 3067 3071 3075
f 3075 3071 3079
f 2911 2915 2918
f 2918 2915 2914
f 2918 2914 2910
f 2910 2914 2906
f 2910 2906 2902
f 2902 2906 2898
f 2902 2898 2894
f 2894 2898 2890
f 2894 2890 2886
f 2886 2890 2884
f 2886 2884 2887
f 2887 2884 2891
f 2887 2891 2895
f 2895 2891 2899
f 2895 2899 2903
f 2903 2899 2907
f 2903 2907 2911
f 2911 2907 2915
f 3077 3081 3083
f 3083 3081 3080
f 3083 3080 3076
f 3076 3080 3072
f 3076 3072 3068
f 3068 3072 3064
f 3068 3064 3060
f 3060 3064 3056
f 3060 3056 3052
f 3052 3056 3049
f 3052 3049 3053
f 3053 3049 3057
f 3053 3057 3061
f 3061 3057 3065
f 3061 3065 3069
f 3069 3065 3073
f 3069 3073 3077
f 3077 3073 3081
f 2749 2753 2755
f 2755 2753 2752
f 2755 2752 2748
f 2748 2752 2744
f 2748 2744 2740
f 2740 2744 2736
f 2740 2736 2732
f 2732 2736 2728
f 2732 2728 2724
f 2724 2728 2721
f 2724 2721 2725
f 2725 2721 2729
f 2725 2729 2733
f 2733 2729 2737
f 2733 2737 2741
f 2741 2737 2745
f 2741 2745 2749
f 2749 2745 2753
f 2747 2751 2754
f 2754 2751 2750
f 2754 2750 2746
f 2746 2750 2742
f 2746 2742 2738
f 2738 2742 2734
f 2738 2734 2730
f 2730 2734 2726
f 2730 2726 2722
f 2722 2726 2720
f 2722 2720 2723
f 2723 2720 2727
f 2723 2727 2731
f 2731 2727 2735
f 2731 2735 2739
f 2739 2735 2743
f 2739 2743 2747
f 2747 2743 2751
f 2601 2603 2604
f 2604 2603 2602
f 2604 2602 2600
f 2600 2602 2598
f 2600 2598 2596
f 2596 2598 2594
f 2596 2594 2592
f 2592 2594 2590
f 2592 2590 2588
f 2588 2590 2587
f 2588 2587 2589
f 2589 2587 2591
f 2589 2591 2593
f 2593 2591 2595
f 2593 2595 2597
f 2597 2595 2599
f 2597 2599 2601
f 2601 2599 2603
f 3215 3217 3218
f 3218 3217 3216
f 3218 3216 3214
f 3214 3216 3211
f 3214 3211 3209
f 3209 3211 3207
f 3209 3207 3205
f 3205 3207 3203
f 3205 3203 3201
f 3201 3203 3200
f 3201 3200 3202
f 3202 3200 3204
f 3202 3204 3206
f 3206 3204 3208
f 3206 3208 3210
f 3210 3208 3212
f 3210 3212 3215
f 3215 3212 3217
f 2668 2682 2683
f 2683 2682 2681
f 2683 2681 2667
f 2667 2681 2665
f 2667 2665 2651
f 2651 2665 2649
f 2651 2649 2635
f 2635 2649 2633
f 2635 2633 2631
f 2631 2633 2618
f 2631 2618 2632
f 2632 2618 2634
f 2632 2634 2636
f 2636 2634 2650
f 2636 2650 2652
f 2652 2650 2666
f 2652 2666 2668
f 2668 2666 2682
f 3146 3148 3149
f 3149 3148 3147
f 3149 3147 3145
f 3145 3147 3131
f 3145 3131 3129
f 3129 3131 3115
f 3129 3115 3113
f 3113 3115 3099
f 3113 3099 3085
f 3085 3099 3084
f 3085 3084 3086
f 3086 3084 3100
f 3086 3100 3114
f 3114 3100 3116
f 3114 3116 3130
f 3130 3116 3132
f 3130 3132 3146
f 3146 3132 3148
f 2385 2387 2388
f 2388 2387 2386
f 2388 2386 2384
f 2384 2386 2382
f 2384 2382 2380
f 2380 2382 2378
f 2380 2378 2376
f 2376 2378 2374
f 2376 2374 2372
f 2372 2374 2371
f 2372 2371 2373
f 2373 2371 2375
f 2373 2375 2377
f 2377 2375 2379
f 2377 2379 2381
f 2381 2379 2383
f 2381 2383 2385
f 2385 2383 2387
f 3428 3430 3431
f 3431 3430 3429
f 3431 3429 3427
f 3427 3429 3425
f 3427 3425 3423
f 3423 3425 3421
f 3423 3421 3419
f 3419 3421 3417
f 3419 3417 3415
f 3415 3417 3414
f 3415 3414 3416
f 3416 3414 3418
f 3416 3418 3420
f 3420 3418 3422
f 3420 3422 3424
f 3424 3422 3426
f 3424 3426 3428
f 3428 3426 3430
f 3438 3437 3439
f 3439 3437 3440
f 3440 3437 3441
f 3441 3437 3442
f 2361 3439 2362
f 2362 3439 3440
f 2362 3440 2363
f 2363 3440 3441
f 2363 3441 2364
f 2364 3441 3442
f 3437 3438 3435
f 3435 3438 3436
f 3435 3436 3434
f 3433 3432 3434
f 3434 3432 2154
f 3434 2154 3435
f 3433 3317 3432
f 3432 3317 2003
f 2003 3317 1966
f 1966 3317 3316
f 1966 3316 1951
f 1951 3316 3255
f 1951 3255 1908
f 1908 3255 3213
f 1908 3213 3162
f 3162 3213 3163
f 3163 2605 3162
f 3162 2605 1650
f 3361 3395 3353
f 3353 3395 3355
f 3353 3355 3347
f 3395 3361 3399
f 3399 3361 3369
f 3399 3369 3377
f 3399 3377 3403
f 3403 3377 3375
f 3403 3375 3367
f 3403 3367 3317
f 3317 3367 3359
f 3317 3359 3307
f 3307 3359 3351
f 3307 3351 3295
f 3295 3351 3283
f 3283 3351 3343
f 3283 3343 3271
f 3271 3343 3273
f 3271 3273 3218
f 3218 3273 3215
f 3215 3273 3261
f 3215 3261 3210
f 3210 3261 3248
f 3210 3248 3236
f 3273 3343 3285
f 3285 3343 3335
f 3285 3335 3297
f 3297 3335 3327
f 3297 3327 3309
f 3309 3327 3319
f 3309 3319 3311
f 3311 3319 3321
f 3311 3321 3299
f 3299 3321 3329
f 3299 3329 3287
f 3287 3329 3337
f 3287 3337 3275
f 3275 3337 3345
f 3275 3345 3277
f 3277 3345 3347
f 3277 3347 3289
f 3289 3347 3339
f 3289 3339 3301
f 3301 3339 3331
f 3301 3331 3313
f 3313 3331 3323
f 3313 3323 3315
f 3315 3323 3325
f 3315 3325 3303
f 3303 3325 3333
f 3303 3333 3291
f 3291 3333 3341
f 3291 3341 3279
f 3279 3341 3349
f 3279 3349 3439
f 3439 3349 3357
f 3439 3357 3397
f 3397 3357 3393
f 3393 3357 3365
f 3393 3365 3389
f 3389 3365 3373
f 3389 3373 3385
f 3385 3373 3381
f 3385 3381 3383
f 3383 3381 3379
f 3383 3379 3387
f 3387 3379 3371
f 3387 3371 3391
f 3391 3371 3363
f 3391 3363 3395
f 3395 3363 3355
f 3345 3353 3347
f 3277 3265 3275
f 3275 3265 3263
f 3263 3265 3159
f 3263 3159 3157
f 3157 3159 3083
f 3157 3083 3076
f 3159 3265 3173
f 3173 3265 3252
f 3173 3252 3185
f 3185 3252 3240
f 3185 3240 3197
f 3197 3240 3228
f 3197 3228 3199
f 3199 3228 3230
f 3199 3230 3187
f 3187 3230 3242
f 3187 3242 3175
f 3175 3242 3254
f 3175 3254 3161
f 3161 3254 3267
f 3161 3267 3439
f 3439 3267 3279
f 2815 2831 2896
f 2896 2831 2847
f 2896 2847 2904
f 2904 2847 2963
f 2904 2963 2979
f 2963 2847 2947
f 2947 2847 2863
f 2947 2863 2931
f 2931 2863 2879
f 2931 2879 2929
f 2929 2879 2877
f 2929 2877 2945
f 2945 2877 2861
f 2945 2861 2961
f 2961 2861 2845
f 2961 2845 2977
f 2977 2845 2829
f 2977 2829 2975
f 2975 2829 2827
f 2975 2827 2959
f 2959 2827 2843
f 2959 2843 2943
f 2943 2843 2859
f 2943 2859 2927
f 2927 2859 2875
f 2927 2875 2925
f 2925 2875 2873
f 2925 2873 2941
f 2941 2873 2857
f 2941 2857 2903
f 2903 2857 2841
f 2903 2841 2895
f 2895 2841 2825
f 2895 2825 2887
f 2887 2825 2809
f 2887 2809 2747
f 2747 2809 2739
f 2739 2809 2793
f 2739 2793 2777
f 2829 2813 2827
f 2827 2813 2811
f 2811 2813 2674
f 2811 2674 2672
f 2672 2674 2604
f 2672 2604 2600
f 2674 2813 2689
f 2689 2813 2797
f 2689 2797 2701
f 2701 2797 2781
f 2701 2781 2713
f 2713 2781 2765
f 2713 2765 2715
f 2715 2765 2767
f 2715 2767 2703
f 2703 2767 2783
f 2703 2783 2691
f 2691 2783 2799
f 2691 2799 2740
f 2740 2799 2815
f 2740 2815 2748
f 2748 2815 2888
f 2748 2888 2755
f 2755 2888 2889
f 2755 2889 2749
f 2749 2889 2817
f 2749 2817 2741
f 2741 2817 2801
f 2741 2801 2785
f 2888 2815 2896
f 3307 3305 3317
f 3317 3305 3293
f 3317 3293 3281
f 3281 3269 3317
f 3317 3269 3257
f 3317 3257 3316
f 3316 3257 3074
f 3316 3074 3066
f 3244 3165 3257
f 3257 3165 3151
f 3257 3151 3082
f 3082 3151 3075
f 3075 3151 3134
f 3075 3134 3067
f 3067 3134 3118
f 3067 3118 3102
f 3165 3244 3177
f 3177 3244 3232
f 3177 3232 3189
f 3189 3232 3220
f 3189 3220 3191
f 3191 3220 3222
f 3191 3222 3179
f 3179 3222 3234
f 3179 3234 3167
f 3167 3234 3246
f 3167 3246 3209
f 3209 3246 3259
f 3209 3259 3214
f 3214 3259 3271
f 3214 3271 3218
f 2761 2709 2777
f 2777 2709 2697
f 2777 2697 2739
f 2739 2697 2685
f 2739 2685 2731
f 2731 2685 2670
f 2731 2670 2723
f 2723 2670 2654
f 2723 2654 2722
f 2722 2654 2487
f 2722 2487 2730
f 2730 2487 2525
f 2730 2525 2652
f 2652 2525 2636
f 2636 2525 2586
f 2636 2586 2632
f 2632 2586 2631
f 2631 2586 2635
f 2635 2586 2605
f 2635 2605 2651
f 2651 2605 2805
f 2651 2805 2667
f 2667 2805 2789
f 2667 2789 2683
f 2683 2789 2773
f 2683 2773 2668
f 2668 2773 2757
f 2668 2757 2652
f 2652 2757 2759
f 2652 2759 2730
f 2730 2759 2775
f 2730 2775 2738
f 2738 2775 2791
f 2738 2791 2807
f 2709 2761 2711
f 2711 2761 2763
f 2711 2763 2699
f 2699 2763 2779
f 2699 2779 2687
f 2687 2779 2795
f 2687 2795 2672
f 2672 2795 2811
f 2468 2523 2460
f 2460 2523 2537
f 2460 2537 2361
f 2361 2537 2549
f 2361 2549 2664
f 2664 2549 2648
f 2648 2549 2561
f 2648 2561 2630
f 2630 2561 2573
f 2630 2573 2617
f 2617 2573 2585
f 2617 2585 2615
f 2615 2585 2583
f 2615 2583 2628
f 2628 2583 2571
f 2628 2571 2646
f 2646 2571 2559
f 2646 2559 2662
f 2662 2559 2547
f 2662 2547 2660
f 2660 2547 2545
f 2660 2545 2644
f 2644 2545 2557
f 2644 2557 2626
f 2626 2557 2569
f 2626 2569 2613
f 2613 2569 2581
f 2613 2581 2611
f 2611 2581 2579
f 2611 2579 2624
f 2624 2579 2567
f 2624 2567 2597
f 2597 2567 2555
f 2597 2555 2593
f 2593 2555 2543
f 2593 2543 2589
f 2589 2543 2531
f 2589 2531 2588
f 2588 2531 2529
f 2588 2529 2592
f 2592 2529 2541
f 2592 2541 2553
f 2523 2468 2511
f 2511 2468 2477
f 2511 2477 2499
f 2499 2477 2485
f 2499 2485 2497
f 2497 2485 2483
f 2497 2483 2509
f 2509 2483 2475
f 2509 2475 2521
f 2521 2475 2466
f 2521 2466 2535
f 2535 2466 2458
f 2535 2458 2533
f 2533 2458 2456
f 2533 2456 2519
f 2519 2456 2464
f 2519 2464 2507
f 2507 2464 2473
f 2507 2473 2495
f 2495 2473 2481
f 2495 2481 2493
f 2493 2481 2479
f 2493 2479 2505
f 2505 2479 2471
f 2505 2471 2517
f 2517 2471 2462
f 2517 2462 2531
f 2531 2462 2454
f 2531 2454 2529
f 2529 2454 2515
f 2515 2454 2446
f 2515 2446 2503
f 2503 2446 2491
f 2491 2446 2438
f 2491 2438 2469
f 2469 2438 2430
f 2469 2430 2398
f 2398 2430 2422
f 2398 2422 2424
f 2458 2450 2456
f 2456 2450 2448
f 2448 2450 2406
f 2448 2406 2440
f 2440 2406 2402
f 2440 2402 2432
f 2432 2402 2424
f 2424 2402 2398
f 2406 2450 2410
f 2410 2450 2442
f 2410 2442 2414
f 2414 2442 2434
f 2414 2434 2418
f 2418 2434 2426
f 2418 2426 2420
f 2420 2426 2428
f 2420 2428 2416
f 2416 2428 2436
f 2416 2436 2412
f 2412 2436 2444
f 2412 2444 2408
f 2408 2444 2452
f 2408 2452 2361
f 2361 2452 2460
f 2394 2376 2398
f 2398 2376 2370
f 2398 2370 2469
f 2394 2390 2376
f 2376 2390 2380
f 2380 2390 2392
f 2380 2392 2384
f 2384 2392 2388
f 2388 2392 2396
f 2388 2396 2385
f 2385 2396 2400
f 2385 2400 2381
f 2381 2400 2404
f 2381 2404 2361
f 2361 2404 2408
f 2638 2551 2654
f 2654 2551 2539
f 2654 2539 2487
f 2487 2539 2527
f 2487 2527 2469
f 2469 2527 2513
f 2469 2513 2501
f 2551 2638 2563
f 2563 2638 2620
f 2563 2620 2575
f 2575 2620 2607
f 2575 2607 2577
f 2577 2607 2609
f 2577 2609 2565
f 2565 2609 2622
f 2565 2622 2553
f 2553 2622 2640
f 2553 2640 2596
f 2596 2640 2656
f 2596 2656 2600
f 2600 2656 2672
f 3136 3153 3205
f 3205 3153 3167
f 3205 3167 3209
f 3088 3037 3102
f 3102 3037 3021
f 3102 3021 3067
f 3067 3021 3005
f 3067 3005 3059
f 3059 3005 2989
f 3059 2989 3051
f 3051 2989 2973
f 3051 2973 2911
f 2911 2973 2903
f 2903 2973 2957
f 2903 2957 2941
f 3037 3088 3039
f 3039 3088 3090
f 3039 3090 3023
f 3023 3090 3104
f 3023 3104 3007
f 3007 3104 3120
f 3007 3120 2991
f 2991 3120 3136
f 2991 3136 3138
f 3138 3136 3201
f 3138 3201 3202
f 3201 3136 3205
f 2660 2676 2732
f 2732 2676 2691
f 2732 2691 2740
f 2604 2674 2601
f 2601 2674 2658
f 2601 2658 2597
f 2597 2658 2642
f 2597 2642 2624
f 3083 3159 3077
f 3077 3159 3142
f 3077 3142 3069
f 3069 3142 3126
f 3069 3126 3110
f 3096 3045 3110
f 3110 3045 3029
f 3110 3029 3069
f 3069 3029 3013
f 3069 3013 3061
f 3061 3013 2997
f 3061 2997 3053
f 3053 2997 2981
f 3053 2981 2913
f 2913 2981 2905
f 2905 2981 2965
f 2905 2965 2949
f 3045 3096 3047
f 3047 3096 3098
f 3047 3098 3031
f 3031 3098 3112
f 3031 3112 3015
f 3015 3112 3128
f 3015 3128 2999
f 2999 3128 3144
f 2999 3144 3439
f 3439 3144 3161
f 3224 3193 3236
f 3236 3193 3181
f 3236 3181 3210
f 3210 3181 3169
f 3210 3169 3206
f 3206 3169 3155
f 3206 3155 3202
f 3202 3155 3138
f 3193 3224 3195
f 3195 3224 3226
f 3195 3226 3183
f 3183 3226 3238
f 3183 3238 3171
f 3171 3238 3250
f 3171 3250 3157
f 3157 3250 3263
f 2933 2881 2949
f 2949 2881 2865
f 2949 2865 2905
f 2905 2865 2849
f 2905 2849 2897
f 2897 2849 2833
f 2897 2833 2889
f 2889 2833 2817
f 2881 2933 2883
f 2883 2933 2935
f 2883 2935 2867
f 2867 2935 2951
f 2867 2951 2851
f 2851 2951 2967
f 2851 2967 2835
f 2835 2967 2983
f 2835 2983 3439
f 3439 2983 2999
f 2979 2995 3060
f 3060 2995 3011
f 3060 3011 3068
f 3068 3011 3124
f 3068 3124 3140
f 3124 3011 3108
f 3108 3011 3027
f 3108 3027 3094
f 3094 3027 3043
f 3094 3043 3092
f 3092 3043 3041
f 3092 3041 3106
f 3106 3041 3025
f 3106 3025 3122
f 3122 3025 3009
f 3122 3009 3138
f 3138 3009 2993
f 3138 2993 2991
f 2991 2993 2975
f 2975 2993 2977
f 2971 2987 3058
f 3058 2987 3003
f 3058 3003 3066
f 3066 3003 3019
f 3066 3019 3035
f 3033 3114 3035
f 3035 3114 3130
f 3035 3130 3255
f 3255 3130 3213
f 3213 3130 3146
f 3213 3146 3149
f 3114 3033 3086
f 3086 3033 3017
f 3086 3017 3001
f 2985 3113 3001
f 3001 3113 3085
f 3001 3085 3086
f 3113 2985 3163
f 3163 2985 2969
f 3163 2969 2821
f 2821 2969 2837
f 2837 2969 2953
f 2837 2953 2853
f 2853 2953 2937
f 2853 2937 2869
f 2869 2937 2921
f 2869 2921 2871
f 2871 2921 2923
f 2871 2923 2855
f 2855 2923 2939
f 2855 2939 2839
f 2839 2939 2955
f 2839 2955 2902
f 2902 2955 2971
f 2902 2971 2910
f 2910 2971 3050
f 2910 3050 2918
f 2918 3050 3051
f 2918 3051 2911
f 3050 2971 3058
f 2501 2489 2469
f 2469 2489 2491
f 2547 2535 2545
f 2545 2535 2533
f 2695 2803 2680
f 2680 2803 2819
f 2680 2819 2361
f 2361 2819 2835
f 2361 2835 3439
f 2803 2695 2787
f 2787 2695 2707
f 2787 2707 2771
f 2771 2707 2719
f 2771 2719 2769
f 2769 2719 2717
f 2769 2717 2785
f 2785 2717 2705
f 2785 2705 2741
f 2741 2705 2693
f 2741 2693 2733
f 2733 2693 2678
f 2733 2678 2725
f 2725 2678 2662
f 2725 2662 2724
f 2724 2662 2660
f 2724 2660 2732
f 2664 2680 2361
f 2807 2823 2894
f 2894 2823 2839
f 2894 2839 2902
f 3163 2821 2605
f 2605 2821 2805
f 3068 3140 3076
f 3076 3140 3157
f 3407 3433 3411
f 3411 3433 3423
f 3411 3423 3419
f 3407 3403 3433
f 3433 3403 3317
f 3397 3401 3439
f 3439 3401 3420
f 3439 3420 3424
f 3401 3405 3420
f 3420 3405 3409
f 3420 3409 3416
f 3416 3409 3413
f 3416 3413 3415
f 3415 3413 3419
f 3419 3413 3411
f 2912 3052 2919
f 2919 3052 3053
f 2919 3053 2913
f 3052 2912 2979
f 2979 2912 2904
f 3082 3074 3257
f 2894 2886 2807
f 2807 2886 2746
f 2807 2746 2738
f 2746 2886 2754
f 2754 2886 2887
f 2754 2887 2747
f 3060 3052 2979
f 2596 2592 2553
f 3149 3145 3213
f 3213 3145 3163
f 3163 3145 3129
f 3163 3129 3113
f 2376 2372 2370
f 2370 2372 2373
f 2370 2373 2368
f 2368 2373 2377
f 2368 2377 2366
f 2366 2377 2360
f 2360 2377 2381
f 2360 2381 2361
f 3427 3434 3431
f 3431 3434 3436
f 3431 3436 3428
f 3428 3436 3438
f 3428 3438 3424
f 3424 3438 3439
f 3434 3427 3433
f 3433 3427 3423
f 3035 3255 3066
f 3066 3255 3316
f 3368 3398 3376
f 3376 3398 3402
f 3376 3402 3374
f 3374 3402 3366
f 3366 3402 2003
f 3366 2003 3358
f 3358 2003 3306
f 3358 3306 3350
f 3350 3306 3294
f 3350 3294 3282
f 3368 3360 3398
f 3398 3360 3394
f 3394 3360 3352
f 3394 3352 3354
f 3354 3352 3344
f 3354 3344 3346
f 3346 3344 3274
f 3346 3274 3276
f 3276 3274 3262
f 3276 3262 3264
f 3264 3262 3156
f 3264 3156 3158
f 3158 3156 3080
f 3158 3080 3081
f 3274 3344 3286
f 3286 3344 3336
f 3286 3336 3298
f 3298 3336 3328
f 3298 3328 3310
f 3310 3328 3320
f 3310 3320 3308
f 3308 3320 3318
f 3308 3318 3296
f 3296 3318 3326
f 3296 3326 3284
f 3284 3326 3334
f 3284 3334 3272
f 3272 3334 3342
f 3272 3342 3270
f 3270 3342 3282
f 3282 3342 3350
f 3302 3332 3314
f 3314 3332 3324
f 3314 3324 3312
f 3312 3324 3322
f 3312 3322 3300
f 3300 3322 3330
f 3300 3330 3288
f 3288 3330 3338
f 3288 3338 3276
f 3276 3338 3346
f 3332 3302 3340
f 3340 3302 3290
f 3340 3290 3348
f 3348 3290 3278
f 3348 3278 3442
f 3442 3278 3266
f 3442 3266 3160
f 3160 3266 3174
f 3174 3266 3253
f 3174 3253 3186
f 3186 3253 3241
f 3186 3241 3198
f 3198 3241 3229
f 3198 3229 3196
f 3196 3229 3227
f 3196 3227 3184
f 3184 3227 3239
f 3184 3239 3172
f 3172 3239 3251
f 3172 3251 3158
f 3158 3251 3264
f 2862 2946 2878
f 2878 2946 2930
f 2878 2930 2876
f 2876 2930 2928
f 2876 2928 2860
f 2860 2928 2944
f 2860 2944 2844
f 2844 2944 2960
f 2844 2960 2828
f 2828 2960 2976
f 2828 2976 2826
f 2826 2976 2974
f 2826 2974 2842
f 2842 2974 2958
f 2842 2958 2858
f 2858 2958 2942
f 2858 2942 2874
f 2874 2942 2926
f 2874 2926 2872
f 2872 2926 2924
f 2872 2924 2856
f 2856 2924 2940
f 2856 2940 2899
f 2899 2940 2956
f 2899 2956 2907
f 2907 2956 2972
f 2907 2972 2915
f 2915 2972 3055
f 2915 3055 3048
f 2946 2862 2962
f 2962 2862 2846
f 2962 2846 2900
f 2900 2846 2830
f 2900 2830 2892
f 2892 2830 2814
f 2892 2814 2752
f 2752 2814 2744
f 2744 2814 2798
f 2744 2798 2736
f 2736 2798 2690
f 2736 2690 2675
f 2690 2798 2702
f 2702 2798 2782
f 2702 2782 2714
f 2714 2782 2766
f 2714 2766 2712
f 2712 2766 2764
f 2712 2764 2700
f 2700 2764 2780
f 2700 2780 2688
f 2688 2780 2796
f 2688 2796 2673
f 2673 2796 2812
f 2673 2812 2810
f 2810 2812 2826
f 2826 2812 2828
f 3272 3270 3216
f 3216 3270 3258
f 3216 3258 3211
f 3211 3258 3245
f 3211 3245 3207
f 3207 3245 3166
f 3207 3166 3152
f 3166 3245 3178
f 3178 3245 3233
f 3178 3233 3190
f 3190 3233 3221
f 3190 3221 3188
f 3188 3221 3219
f 3188 3219 3176
f 3176 3219 3231
f 3176 3231 3164
f 3164 3231 3243
f 3164 3243 3150
f 3150 3243 3256
f 3150 3256 1966
f 1966 3256 2003
f 2003 3256 3268
f 2003 3268 3280
f 3280 3292 2003
f 2003 3292 3304
f 2003 3304 3306
f 2794 2686 2810
f 2810 2686 2671
f 2810 2671 2673
f 2673 2671 2602
f 2673 2602 2603
f 2686 2794 2698
f 2698 2794 2778
f 2698 2778 2710
f 2710 2778 2762
f 2710 2762 2708
f 2708 2762 2760
f 2708 2760 2696
f 2696 2760 2776
f 2696 2776 2735
f 2735 2776 2792
f 2735 2792 2743
f 2743 2792 2808
f 2743 2808 2751
f 2751 2808 2891
f 2751 2891 2884
f 2808 2824 2891
f 2891 2824 2899
f 2899 2824 2840
f 2899 2840 2856
f 2476 2510 2484
f 2484 2510 2498
f 2484 2498 2482
f 2482 2498 2496
f 2482 2496 2474
f 2474 2496 2508
f 2474 2508 2465
f 2465 2508 2520
f 2465 2520 2457
f 2457 2520 2534
f 2457 2534 2455
f 2455 2534 2532
f 2455 2532 2463
f 2463 2532 2518
f 2463 2518 2472
f 2472 2518 2506
f 2472 2506 2480
f 2480 2506 2494
f 2480 2494 2478
f 2478 2494 2492
f 2478 2492 2470
f 2470 2492 2504
f 2470 2504 2461
f 2461 2504 2516
f 2461 2516 2453
f 2453 2516 2530
f 2453 2530 2528
f 2528 2530 2587
f 2528 2587 2590
f 2510 2476 2522
f 2522 2476 2467
f 2522 2467 2536
f 2536 2467 2459
f 2536 2459 2364
f 2364 2459 2451
f 2364 2451 2407
f 2407 2451 2411
f 2411 2451 2443
f 2411 2443 2415
f 2415 2443 2435
f 2415 2435 2419
f 2419 2435 2427
f 2419 2427 2417
f 2417 2427 2425
f 2417 2425 2413
f 2413 2425 2433
f 2413 2433 2409
f 2409 2433 2441
f 2409 2441 2405
f 2405 2441 2449
f 2405 2449 2447
f 2447 2449 2457
f 2447 2457 2455
f 2407 2403 2364
f 2364 2403 2383
f 2364 2383 2379
f 2403 2399 2383
f 2383 2399 2395
f 2383 2395 2387
f 2387 2395 2391
f 2387 2391 2386
f 2386 2391 2382
f 2382 2391 2389
f 2382 2389 2378
f 2378 2389 2393
f 2378 2393 2397
f 2401 2423 2397
f 2397 2423 2421
f 2397 2421 2429
f 2405 2439 2401
f 2401 2439 2431
f 2401 2431 2423
f 2447 2439 2405
f 2397 2429 1542
f 1542 2429 2437
f 1542 2437 2490
f 2490 2437 2445
f 2490 2445 2502
f 2502 2445 2514
f 2514 2445 2453
f 2514 2453 2528
f 2671 2655 2602
f 2602 2655 2598
f 2598 2655 2639
f 2598 2639 2594
f 2594 2639 2552
f 2594 2552 2540
f 2552 2639 2564
f 2564 2639 2621
f 2564 2621 2576
f 2576 2621 2608
f 2576 2608 2574
f 2574 2608 2606
f 2574 2606 2562
f 2562 2606 2619
f 2562 2619 2550
f 2550 2619 2637
f 2550 2637 2538
f 2538 2637 2653
f 2538 2653 2720
f 2720 2653 2727
f 2727 2653 2669
f 2727 2669 2735
f 2735 2669 2684
f 2735 2684 2696
f 3207 3152 3203
f 3203 3152 3135
f 3203 3135 3200
f 3200 3135 3137
f 3200 3137 3204
f 3204 3137 3154
f 3204 3154 3208
f 3208 3154 3168
f 3208 3168 3180
f 3119 3006 3135
f 3135 3006 2990
f 3135 2990 3137
f 3137 2990 2992
f 3137 2992 3121
f 3121 2992 3008
f 3121 3008 3105
f 3105 3008 3024
f 3105 3024 3091
f 3091 3024 3040
f 3091 3040 3093
f 3093 3040 3042
f 3093 3042 3107
f 3107 3042 3026
f 3107 3026 3123
f 3123 3026 3010
f 3123 3010 3064
f 3064 3010 2994
f 3064 2994 3056
f 3056 2994 2978
f 3056 2978 2916
f 2916 2978 2908
f 2908 2978 2962
f 2908 2962 2900
f 3006 3119 3022
f 3022 3119 3103
f 3022 3103 3038
f 3038 3103 3089
f 3038 3089 3036
f 3036 3089 3087
f 3036 3087 3020
f 3020 3087 3101
f 3020 3101 3063
f 3063 3101 3117
f 3063 3117 3071
f 3071 3117 3133
f 3071 3133 3079
f 3079 3133 3150
f 3079 3150 3078
f 3078 3150 1966
f 3078 1966 3070
f 3070 1966 1951
f 3070 1951 3034
f 3034 1951 3116
f 3034 3116 3032
f 3032 3116 3100
f 3032 3100 3016
f 3016 3100 3084
f 3016 3084 3000
f 3000 3084 3099
f 3000 3099 2984
f 2984 3099 3115
f 2984 3115 3162
f 3162 3115 3131
f 3162 3131 1908
f 1908 3131 3147
f 1908 3147 3148
f 2736 2675 2728
f 2728 2675 2659
f 2728 2659 2721
f 2721 2659 2661
f 2721 2661 2729
f 2729 2661 2677
f 2729 2677 2737
f 2737 2677 2692
f 2737 2692 2704
f 2643 2556 2659
f 2659 2556 2544
f 2659 2544 2661
f 2661 2544 2546
f 2661 2546 2645
f 2645 2546 2558
f 2645 2558 2627
f 2627 2558 2570
f 2627 2570 2614
f 2614 2570 2582
f 2614 2582 2616
f 2616 2582 2584
f 2616 2584 2629
f 2629 2584 2572
f 2629 2572 2647
f 2647 2572 2560
f 2647 2560 2663
f 2663 2560 2548
f 2663 2548 2364
f 2364 2548 2536
f 2556 2643 2568
f 2568 2643 2625
f 2568 2625 2580
f 2580 2625 2612
f 2580 2612 2578
f 2578 2612 2610
f 2578 2610 2566
f 2566 2610 2623
f 2566 2623 2595
f 2595 2623 2641
f 2595 2641 2599
f 2599 2641 2657
f 2599 2657 2603
f 2603 2657 2673
f 3160 3143 3442
f 3442 3143 2998
f 3442 2998 2982
f 2998 3143 3014
f 3014 3143 3127
f 3014 3127 3030
f 3030 3127 3111
f 3030 3111 3046
f 3046 3111 3097
f 3046 3097 3044
f 3044 3097 3095
f 3044 3095 3028
f 3028 3095 3109
f 3028 3109 3065
f 3065 3109 3125
f 3065 3125 3073
f 3073 3125 3141
f 3073 3141 3081
f 3081 3141 3158
f 3372 3388 3380
f 3380 3388 3384
f 3380 3384 3378
f 3378 3384 3382
f 3378 3382 3370
f 3370 3382 3386
f 3370 3386 3362
f 3362 3386 3390
f 3362 3390 3354
f 3354 3390 3394
f 3388 3372 3392
f 3392 3372 3364
f 3392 3364 3396
f 3396 3364 3356
f 3396 3356 3442
f 3442 3356 3348
f 3156 3262 3170
f 3170 3262 3249
f 3170 3249 3182
f 3182 3249 3237
f 3182 3237 3194
f 3194 3237 3225
f 3194 3225 3192
f 3192 3225 3223
f 3192 3223 3180
f 3180 3223 3235
f 3180 3235 3208
f 3208 3235 3247
f 3208 3247 3212
f 3212 3247 3260
f 3212 3260 3217
f 3217 3260 3272
f 3217 3272 3216
f 2966 2850 2982
f 2982 2850 2834
f 2982 2834 3442
f 3442 2834 2364
f 2364 2834 2818
f 2364 2818 2679
f 2679 2818 2694
f 2694 2818 2802
f 2694 2802 2706
f 2706 2802 2786
f 2706 2786 2718
f 2718 2786 2770
f 2718 2770 2716
f 2716 2770 2768
f 2716 2768 2704
f 2704 2768 2784
f 2704 2784 2737
f 2737 2784 2800
f 2737 2800 2745
f 2745 2800 2816
f 2745 2816 2753
f 2753 2816 2893
f 2753 2893 2885
f 2850 2966 2866
f 2866 2966 2950
f 2866 2950 2882
f 2882 2950 2934
f 2882 2934 2880
f 2880 2934 2932
f 2880 2932 2864
f 2864 2932 2948
f 2864 2948 2901
f 2901 2948 2964
f 2901 2964 2909
f 2909 2964 2980
f 2909 2980 2917
f 2917 2980 3057
f 2917 3057 3049
f 2980 2996 3057
f 3057 2996 3065
f 3065 2996 3012
f 3065 3012 3028
f 2976 2992 2974
f 2974 2992 2990
f 3034 3018 3070
f 3070 3018 3062
f 3062 3018 3002
f 3062 3002 2986
f 3062 2986 3054
f 3054 2986 2970
f 3054 2970 2914
f 2914 2970 2906
f 2906 2970 2954
f 2906 2954 2898
f 2898 2954 2838
f 2898 2838 2822
f 2838 2954 2854
f 2854 2954 2938
f 2854 2938 2870
f 2870 2938 2922
f 2870 2922 2868
f 2868 2922 2920
f 2868 2920 2852
f 2852 2920 2936
f 2852 2936 2836
f 2836 2936 2952
f 2836 2952 2820
f 2820 2952 2968
f 2820 2968 3162
f 3162 2968 2984
f 2594 2540 2590
f 2590 2540 2528
f 2490 2488 1542
f 1542 2488 2500
f 1542 2500 2512
f 2512 2526 1542
f 1542 2526 2486
f 2486 2526 2538
f 2486 2538 2726
f 2726 2538 2720
f 2534 2546 2532
f 2532 2546 2544
f 2679 2663 2364
f 2587 2530 2591
f 2591 2530 2542
f 2591 2542 2595
f 2595 2542 2554
f 2595 2554 2566
f 2898 2822 2890
f 2890 2822 2806
f 2890 2806 2750
f 2750 2806 2742
f 2742 2806 2790
f 2742 2790 2734
f 2734 2790 2774
f 2734 2774 2758
f 2756 2666 2758
f 2758 2666 2650
f 2758 2650 2734
f 2734 2650 2524
f 2734 2524 2726
f 2726 2524 2486
f 2666 2756 2682
f 2682 2756 2772
f 2682 2772 2681
f 2681 2772 2788
f 2681 2788 2665
f 2665 2788 2804
f 2665 2804 1650
f 1650 2804 2820
f 1650 2820 3162
f 2972 2988 3055
f 3055 2988 3063
f 3063 2988 3004
f 3063 3004 3020
f 2816 2832 2893
f 2893 2832 2901
f 2901 2832 2848
f 2901 2848 2864
f 3156 3139 3080
f 3080 3139 3072
f 3072 3139 3123
f 3072 3123 3064
f 2003 3402 3432
f 3432 3402 3406
f 3432 3406 3410
f 3432 3410 3421
f 3421 3410 3412
f 3421 3412 3417
f 3417 3412 3414
f 3414 3412 3408
f 3414 3408 3418
f 3418 3408 3404
f 3418 3404 3422
f 3422 3404 3400
f 3422 3400 3442
f 3442 3400 3396
f 2753 2885 2752
f 2752 2885 2892
f 3056 2916 3049
f 3049 2916 2917
f 2915 3048 2914
f 2914 3048 3054
f 2751 2884 2750
f 2750 2884 2890
f 2634 2618 1636
f 1636 2618 2633
f 1636 2633 1650
f 1650 2633 2649
f 1650 2649 2665
f 2524 2650 1636
f 1636 2650 2634
f 3148 3132 1908
f 1908 3132 1951
f 1951 3132 3116
f 2374 2369 2371
f 2371 2369 2367
f 2371 2367 2375
f 2375 2367 2365
f 2375 2365 2379
f 2379 2365 2359
f 2379 2359 2364
f 2374 2378 2369
f 2369 2378 2397
f 2369 2397 1542
f 3421 3425 3432
f 3432 3425 3429
f 3432 3429 2154
f 2154 3429 3430
f 2154 3430 3435
f 3435 3430 3426
f 3435 3426 3437
f 3437 3426 3422
f 3437 3422 3442
f 2369 2370 2367
f 2367 2370 2368
f 2367 2368 2366
f 2360 2359 2366
f 2366 2359 2365
f 2366 2365 2367
f 2361 2362 2360
f 2360 2362 2359
f 2359 2362 2363
f 2359 2363 2364
f 1650 2605 1636
f 1636 2605 2586
f 1636 2586 2524
f 2524 2586 2525
f 2524 2525 2486
f 2486 2525 2487
f 2486 2487 1542
f 1542 2487 2469
f 2469 2370 1542
f 1542 2370 2369
# 7236 faces, 0 coords texture

# End of File