<?xml version="1.0" encoding="UTF-8" standalone="no" ?>
<COLLADA xmlns="http://www.collada.org/2005/11/COLLADASchema" version="1.4.1">
    <asset>
        <contributor>
            <authoring_tool>SketchUp 18.0.16975</authoring_tool>
        </contributor>
        <created>2020-05-08T05:10:39Z</created>
        <modified>2020-05-08T05:10:39Z</modified>
        <unit meter="0.0254" name="inch" />
        <up_axis>Z_UP</up_axis>
    </asset>
    <library_cameras>
        <camera id="ID1" name="skp_camera_Last_Saved_SketchUp_View">
            <optics>
                <technique_common>
                    <perspective>
                        <yfov>35</yfov>
                        <aspect_ratio>0</aspect_ratio>
                        <znear>1</znear>
                        <zfar>1000</zfar>
                    </perspective>
                </technique_common>
            </optics>
        </camera>
    </library_cameras>
    <library_visual_scenes>
        <visual_scene id="ID2">
            <node name="SketchUp">
                <node name="skp_camera_Last_Saved_SketchUp_View">
                    <matrix>-0.9342843 -0.0993617 0.3424035 14.1935 0.356529 -0.2603774 0.8972685 35.13424 1.387779e-17 0.9603806 0.2786918 15.65681 0 0 0 1</matrix>
                    <instance_camera url="#ID1" />
                </node>
                <node id="ID3" name="__D-BODHI___Box__Open_Box_With_2_Handles__H16___1000212_">
                    <matrix>1 0 0 -6.338583 0 1 0 -6.338583 0 0 1 -6.299213 0 0 0 1</matrix>
                    <instance_node url="#ID4" />
                </node>
            </node>
        </visual_scene>
    </library_visual_scenes>
    <library_nodes>
        <node id="ID4" name="_320x320x160">
            <instance_geometry url="#ID46">
                <bind_material>
                    <technique_common>
                        <instance_material symbol="Material2" target="#ID47">
                            <bind_vertex_input semantic="UVSET0" input_semantic="TEXCOORD" input_set="0" />
                        </instance_material>
                        <instance_material symbol="Material3" target="#ID57">
                            <bind_vertex_input semantic="UVSET0" input_semantic="TEXCOORD" input_set="0" />
                        </instance_material>
                    </technique_common>
                </bind_material>
            </instance_geometry>
            <instance_geometry url="#ID63">
                <bind_material>
                    <technique_common>
                        <instance_material symbol="Material2" target="#ID47">
                            <bind_vertex_input semantic="UVSET0" input_semantic="TEXCOORD" input_set="0" />
                        </instance_material>
                        <instance_material symbol="Material3" target="#ID14">
                            <bind_vertex_input semantic="UVSET0" input_semantic="TEXCOORD" input_set="0" />
                        </instance_material>
                        <instance_material symbol="Material4" target="#ID57">
                            <bind_vertex_input semantic="UVSET0" input_semantic="TEXCOORD" input_set="0" />
                        </instance_material>
                    </technique_common>
                </bind_material>
            </instance_geometry>
            <instance_geometry url="#ID73">
                <bind_material>
                    <technique_common>
                        <instance_material symbol="Material2" target="#ID47">
                            <bind_vertex_input semantic="UVSET0" input_semantic="TEXCOORD" input_set="0" />
                        </instance_material>
                        <instance_material symbol="Material3" target="#ID57">
                            <bind_vertex_input semantic="UVSET0" input_semantic="TEXCOORD" input_set="0" />
                        </instance_material>
                    </technique_common>
                </bind_material>
            </instance_geometry>
            <instance_geometry url="#ID83">
                <bind_material>
                    <technique_common>
                        <instance_material symbol="Material2" target="#ID47">
                            <bind_vertex_input semantic="UVSET0" input_semantic="TEXCOORD" input_set="0" />
                        </instance_material>
                        <instance_material symbol="Material3" target="#ID57">
                            <bind_vertex_input semantic="UVSET0" input_semantic="TEXCOORD" input_set="0" />
                        </instance_material>
                    </technique_common>
                </bind_material>
            </instance_geometry>
            <instance_geometry url="#ID93">
                <bind_material>
                    <technique_common>
                        <instance_material symbol="Material2" target="#ID47">
                            <bind_vertex_input semantic="UVSET0" input_semantic="TEXCOORD" input_set="0" />
                        </instance_material>
                        <instance_material symbol="Material3" target="#ID95">
                            <bind_vertex_input semantic="UVSET0" input_semantic="TEXCOORD" input_set="0" />
                        </instance_material>
                        <instance_material symbol="Material4" target="#ID14">
                            <bind_vertex_input semantic="UVSET0" input_semantic="TEXCOORD" input_set="0" />
                        </instance_material>
                    </technique_common>
                </bind_material>
            </instance_geometry>
            <node id="ID5" name="group_0">
                <matrix>1 0 0 0 0 1 0 0 0 0 0.72 7.086614 0 0 0 1</matrix>
                <node id="ID6" name="group_1">
                    <matrix>0 -0 1 12.6378 -1 0 0 12.6378 0 1 0 0 0 0 0 1</matrix>
                    <instance_geometry url="#ID7">
                        <bind_material>
                            <technique_common>
                                <instance_material symbol="Material2" target="#ID8">
                                    <bind_vertex_input semantic="UVSET0" input_semantic="TEXCOORD" input_set="0" />
                                </instance_material>
                                <instance_material symbol="Material3" target="#ID14">
                                    <bind_vertex_input semantic="UVSET0" input_semantic="TEXCOORD" input_set="0" />
                                </instance_material>
                            </technique_common>
                        </bind_material>
                    </instance_geometry>
                </node>
                <node id="ID19" name="group_2">
                    <matrix>-1 -0 -1.226796e-14 12.6378 1.226796e-14 0 -1 0.03937008 0 -1 0 6.299213 0 0 0 1</matrix>
                    <instance_geometry url="#ID20">
                        <bind_material>
                            <technique_common>
                                <instance_material symbol="Material2" target="#ID8">
                                    <bind_vertex_input semantic="UVSET0" input_semantic="TEXCOORD" input_set="0" />
                                </instance_material>
                                <instance_material symbol="Material3" target="#ID14">
                                    <bind_vertex_input semantic="UVSET0" input_semantic="TEXCOORD" input_set="0" />
                                </instance_material>
                            </technique_common>
                        </bind_material>
                    </instance_geometry>
                </node>
                <node id="ID28" name="group_3">
                    <matrix>0 0 -1 0.03937008 -1 0 0 12.6378 0 1 0 0 0 0 0 1</matrix>
                    <instance_geometry url="#ID29">
                        <bind_material>
                            <technique_common>
                                <instance_material symbol="Material2" target="#ID8">
                                    <bind_vertex_input semantic="UVSET0" input_semantic="TEXCOORD" input_set="0" />
                                </instance_material>
                                <instance_material symbol="Material3" target="#ID14">
                                    <bind_vertex_input semantic="UVSET0" input_semantic="TEXCOORD" input_set="0" />
                                </instance_material>
                            </technique_common>
                        </bind_material>
                    </instance_geometry>
                </node>
                <node id="ID37" name="group_4">
                    <matrix>1 0 -1.226796e-14 0.03937008 -1.226796e-14 -0 -1 0.03937008 0 -1 0 6.299213 0 0 0 1</matrix>
                    <instance_geometry url="#ID38">
                        <bind_material>
                            <technique_common>
                                <instance_material symbol="Material2" target="#ID8">
                                    <bind_vertex_input semantic="UVSET0" input_semantic="TEXCOORD" input_set="0" />
                                </instance_material>
                                <instance_material symbol="Material3" target="#ID14">
                                    <bind_vertex_input semantic="UVSET0" input_semantic="TEXCOORD" input_set="0" />
                                </instance_material>
                            </technique_common>
                        </bind_material>
                    </instance_geometry>
                </node>
            </node>
        </node>
    </library_nodes>
    <library_geometries>
        <geometry id="ID7">
            <mesh>
                <source id="ID10">
                    <float_array id="ID16" count="228">0.3937008 0 0 0.3937008 6.299213 0 0 4.440892e-16 0 0 6.299213 0 0.3937008 6.299213 0 0 4.440892e-16 0 0 6.299213 0 0.3937008 0 0 0 4.440892e-16 0 0 6.299213 0 0.3937008 6.299213 0 0.3937008 0 0 0.3937008 6.299213 0.03937008 -0.03937008 6.299213 0.03937008 0.3937008 6.299213 0 0 6.299213 0 0 6.299213 -0.3937008 -0.03937008 6.299213 -0.3937008 -0.03937008 6.299213 0.03937008 0 6.299213 -0.3937008 -0.03937008 6.299213 -0.3937008 0 6.299213 0 0.3937008 6.299213 0 0.3937008 6.299213 0.03937008 0 6.299213 -0.3937008 -0.03937008 6.299213 -0.3937008 -0.03937008 6.299213 0.03937008 0.3937008 6.299213 0.03937008 0.3937008 6.299213 0.03937008 0.3937008 6.299213 0 0.3937008 0 0.03937008 0.3937008 0 0 0.3937008 6.299213 0 0.3937008 0 0.03937008 0.3937008 0 0 0.3937008 6.299213 0.03937008 0.3937008 0 0.03937008 0.3937008 0 0.03937008 0 4.440892e-16 0 -0.03937008 4.440892e-16 0.03937008 -0.03937008 4.440892e-16 -0.3937008 0 4.440892e-16 -0.3937008 0.3937008 0 0 0.3937008 0 0.03937008 0 4.440892e-16 0 0.3937008 0 0 -0.03937008 4.440892e-16 -0.3937008 0 4.440892e-16 -0.3937008 -0.03937008 4.440892e-16 0.03937008 0 4.440892e-16 -0.3937008 -0.03937008 4.440892e-16 0.03937008 -0.03937008 4.440892e-16 -0.3937008 0 4.440892e-16 -0.3937008 0 6.299213 -0.3937008 -0.03937008 4.440892e-16 -0.3937008 -0.03937008 6.299213 -0.3937008 0 6.299213 -0.3937008 -0.03937008 4.440892e-16 -0.3937008 -0.03937008 6.299213 -0.3937008 0 4.440892e-16 -0.3937008 -0.03937008 6.299213 -0.3937008 -0.03937008 6.299213 0.03937008 -0.03937008 4.440892e-16 -0.3937008 -0.03937008 4.440892e-16 0.03937008 -0.03937008 6.299213 0.03937008 -0.03937008 4.440892e-16 -0.3937008 -0.03937008 4.440892e-16 0.03937008 -0.03937008 6.299213 -0.3937008 0.3937008 6.299213 0.03937008 0.3937008 0 0.03937008 -0.03937008 6.299213 0.03937008 -0.03937008 4.440892e-16 0.03937008 0.3937008 0 0.03937008 -0.03937008 6.299213 0.03937008 -0.03937008 4.440892e-16 0.03937008 0.3937008 6.299213 0.03937008</float_array>
                    <technique_common>
                        <accessor count="76" source="#ID16" stride="3">
                            <param name="X" type="float" />
                            <param name="Y" type="float" />
                            <param name="Z" type="float" />
                        </accessor>
                    </technique_common>
                </source>
                <source id="ID11">
                    <float_array id="ID17" count="228">0 0 -1 0 0 -1 0 0 -1 0 0 -1 -0 -0 1 -0 -0 1 -0 -0 1 -0 -0 1 0 0 0 0 0 0 0 0 0 0 0 0 0 1 0 0 1 0 0 1 0 0 1 0 0 1 0 0 1 0 -0 -1 -0 -0 -1 -0 -0 -1 -0 -0 -1 -0 -0 -1 -0 -0 -1 -0 0 0 0 0 0 0 0 0 0 0 0 0 1 0 0 1 0 0 1 0 0 1 0 0 -1 -0 -0 -1 -0 -0 -1 -0 -0 -1 -0 -0 0 0 0 -1.047242e-15 -1 -2.320632e-17 -1.047242e-15 -1 -2.320632e-17 -1.047242e-15 -1 -2.320632e-17 -1.047242e-15 -1 -2.320632e-17 -1.047242e-15 -1 -2.320632e-17 -1.047242e-15 -1 -2.320632e-17 1.047242e-15 1 2.320632e-17 1.047242e-15 1 2.320632e-17 1.047242e-15 1 2.320632e-17 1.047242e-15 1 2.320632e-17 1.047242e-15 1 2.320632e-17 1.047242e-15 1 2.320632e-17 0 0 0 0 0 0 0 0 0 0 0 -1 0 0 -1 0 0 -1 0 0 -1 -0 -0 1 -0 -0 1 -0 -0 1 -0 -0 1 -1 0 0 -1 0 0 -1 0 0 -1 0 0 1 -0 -0 1 -0 -0 1 -0 -0 1 -0 -0 0 0 1 0 0 1 0 0 1 0 0 1 -0 -0 -1 -0 -0 -1 -0 -0 -1 -0 -0 -1</float_array>
                    <technique_common>
                        <accessor count="76" source="#ID17" stride="3">
                            <param name="X" type="float" />
                            <param name="Y" type="float" />
                            <param name="Z" type="float" />
                        </accessor>
                    </technique_common>
                </source>
                <source id="ID12">
                    <Name_array id="ID18" count="0" />
                    <technique_common>
                        <accessor count="0" source="#ID18" stride="1">
                            <param name="skp_material" type="Name" />
                        </accessor>
                    </technique_common>
                </source>
                <vertices id="ID13">
                    <input semantic="POSITION" source="#ID10" />
                    <input semantic="NORMAL" source="#ID11" />
                </vertices>
                <triangles count="36" material="Material2">
                    <input offset="0" semantic="VERTEX" source="#ID13" />
                    <p>0 1 2 3 2 1 4 5 6 5 4 7 12 13 14 14 13 15 15 13 16 17 16 13 18 19 20 19 18 21 21 18 22 22 18 23 28 29 30 31 30 29 32 33 34 33 32 35 37 38 39 39 38 40 41 40 38 42 38 37 43 44 45 44 46 47 46 44 48 48 44 43 52 53 54 55 54 53 56 57 58 57 56 59 60 61 62 63 62 61 64 65 66 65 64 67 68 69 70 71 70 69 72 73 74 73 72 75</p>
                </triangles>
                <lines count="18" material="Material3">
                    <input offset="0" semantic="VERTEX" source="#ID13" />
                    <p>8 9 9 10 10 11 11 8 24 9 24 25 25 26 26 27 10 27 27 36 11 36 49 8 36 50 51 50 49 51 49 24 51 25 50 26</p>
                </lines>
            </mesh>
        </geometry>
        <geometry id="ID20">
            <mesh>
                <source id="ID21">
                    <float_array id="ID25" count="228">0.3937008 6.299213 0 0 4.440892e-16 0 0 6.299213 0 0.3937008 0 0 0.3937008 0 0 0.3937008 6.299213 0 0 4.440892e-16 0 0 6.299213 0 0 4.440892e-16 0 0 6.299213 0 0.3937008 6.299213 0 0.3937008 0 0 -0.03937008 6.299213 0.03937008 0 6.299213 -0.3937008 -0.03937008 6.299213 -0.3937008 0 6.299213 0 0.3937008 6.299213 0 0.3937008 6.299213 0.03937008 0.3937008 6.299213 0.03937008 -0.03937008 6.299213 0.03937008 0.3937008 6.299213 0 0 6.299213 0 0 6.299213 -0.3937008 -0.03937008 6.299213 -0.3937008 0 6.299213 -0.3937008 -0.03937008 6.299213 -0.3937008 -0.03937008 6.299213 0.03937008 0.3937008 6.299213 0.03937008 0.3937008 6.299213 0 0.3937008 0 0.03937008 0.3937008 0 0 0.3937008 6.299213 0.03937008 0.3937008 6.299213 0.03937008 0.3937008 6.299213 0 0.3937008 0 0.03937008 0.3937008 0 0 0.3937008 0 0.03937008 0.3937008 0 0.03937008 0 4.440892e-16 0 0.3937008 0 0 -0.03937008 4.440892e-16 -0.3937008 0 4.440892e-16 -0.3937008 -0.03937008 4.440892e-16 0.03937008 0.3937008 0 0.03937008 0 4.440892e-16 0 -0.03937008 4.440892e-16 0.03937008 -0.03937008 4.440892e-16 -0.3937008 0 4.440892e-16 -0.3937008 0.3937008 0 0 0 4.440892e-16 -0.3937008 -0.03937008 4.440892e-16 0.03937008 -0.03937008 4.440892e-16 -0.3937008 0 6.299213 -0.3937008 -0.03937008 4.440892e-16 -0.3937008 -0.03937008 6.299213 -0.3937008 0 4.440892e-16 -0.3937008 0 4.440892e-16 -0.3937008 0 6.299213 -0.3937008 -0.03937008 4.440892e-16 -0.3937008 -0.03937008 6.299213 -0.3937008 -0.03937008 6.299213 0.03937008 -0.03937008 4.440892e-16 -0.3937008 -0.03937008 4.440892e-16 0.03937008 -0.03937008 6.299213 -0.3937008 -0.03937008 6.299213 -0.3937008 -0.03937008 6.299213 0.03937008 -0.03937008 4.440892e-16 -0.3937008 -0.03937008 4.440892e-16 0.03937008 0.3937008 0 0.03937008 -0.03937008 6.299213 0.03937008 -0.03937008 4.440892e-16 0.03937008 0.3937008 6.299213 0.03937008 0.3937008 6.299213 0.03937008 0.3937008 0 0.03937008 -0.03937008 6.299213 0.03937008 -0.03937008 4.440892e-16 0.03937008</float_array>
                    <technique_common>
                        <accessor count="76" source="#ID25" stride="3">
                            <param name="X" type="float" />
                            <param name="Y" type="float" />
                            <param name="Z" type="float" />
                        </accessor>
                    </technique_common>
                </source>
                <source id="ID22">
                    <float_array id="ID26" count="228">0 0 -1 0 0 -1 0 0 -1 0 0 -1 -0 -0 1 -0 -0 1 -0 -0 1 -0 -0 1 0 0 0 0 0 0 0 0 0 0 0 0 0 1 0 0 1 0 0 1 0 0 1 0 0 1 0 0 1 0 -0 -1 -0 -0 -1 -0 -0 -1 -0 -0 -1 -0 -0 -1 -0 -0 -1 -0 0 0 0 0 0 0 0 0 0 0 0 0 1 0 0 1 0 0 1 0 0 1 0 0 -1 -0 -0 -1 -0 -0 -1 -0 -0 -1 -0 -0 0 0 0 -1.047242e-15 -1 -2.320632e-17 -1.047242e-15 -1 -2.320632e-17 -1.047242e-15 -1 -2.320632e-17 -1.047242e-15 -1 -2.320632e-17 -1.047242e-15 -1 -2.320632e-17 -1.047242e-15 -1 -2.320632e-17 1.047242e-15 1 2.320632e-17 1.047242e-15 1 2.320632e-17 1.047242e-15 1 2.320632e-17 1.047242e-15 1 2.320632e-17 1.047242e-15 1 2.320632e-17 1.047242e-15 1 2.320632e-17 0 0 0 0 0 0 0 0 0 0 0 -1 0 0 -1 0 0 -1 0 0 -1 -0 -0 1 -0 -0 1 -0 -0 1 -0 -0 1 -1 0 0 -1 0 0 -1 0 0 -1 0 0 1 -0 -0 1 -0 -0 1 -0 -0 1 -0 -0 0 0 1 0 0 1 0 0 1 0 0 1 -0 -0 -1 -0 -0 -1 -0 -0 -1 -0 -0 -1</float_array>
                    <technique_common>
                        <accessor count="76" source="#ID26" stride="3">
                            <param name="X" type="float" />
                            <param name="Y" type="float" />
                            <param name="Z" type="float" />
                        </accessor>
                    </technique_common>
                </source>
                <source id="ID23">
                    <Name_array id="ID27" count="0" />
                    <technique_common>
                        <accessor count="0" source="#ID27" stride="1">
                            <param name="skp_material" type="Name" />
                        </accessor>
                    </technique_common>
                </source>
                <vertices id="ID24">
                    <input semantic="POSITION" source="#ID21" />
                    <input semantic="NORMAL" source="#ID22" />
                </vertices>
                <triangles count="36" material="Material2">
                    <input offset="0" semantic="VERTEX" source="#ID24" />
                    <p>0 1 2 1 0 3 4 5 6 7 6 5 12 13 14 13 12 15 15 12 16 16 12 17 18 19 20 20 19 21 21 19 22 23 22 19 28 29 30 29 28 31 32 33 34 35 34 33 37 38 39 38 40 41 40 38 42 42 38 37 43 44 45 45 44 46 47 46 44 48 44 43 52 53 54 53 52 55 56 57 58 59 58 57 60 61 62 61 60 63 64 65 66 67 66 65 68 69 70 69 68 71 72 73 74 75 74 73</p>
                </triangles>
                <lines count="18" material="Material3">
                    <input offset="0" semantic="VERTEX" source="#ID24" />
                    <p>8 9 9 10 10 11 11 8 24 9 24 25 25 26 26 27 10 27 27 36 11 36 49 8 36 50 51 50 49 51 49 24 51 25 50 26</p>
                </lines>
            </mesh>
        </geometry>
        <geometry id="ID29">
            <mesh>
                <source id="ID30">
                    <float_array id="ID34" count="228">0.3937008 6.299213 0 0 4.440892e-16 0 0 6.299213 0 0.3937008 0 0 0.3937008 0 0 0.3937008 6.299213 0 0 4.440892e-16 0 0 6.299213 0 0 4.440892e-16 0 0 6.299213 0 0.3937008 6.299213 0 0.3937008 0 0 -0.03937008 6.299213 0.03937008 0 6.299213 -0.3937008 -0.03937008 6.299213 -0.3937008 0 6.299213 0 0.3937008 6.299213 0 0.3937008 6.299213 0.03937008 0.3937008 6.299213 0.03937008 -0.03937008 6.299213 0.03937008 0.3937008 6.299213 0 0 6.299213 0 0 6.299213 -0.3937008 -0.03937008 6.299213 -0.3937008 0 6.299213 -0.3937008 -0.03937008 6.299213 -0.3937008 -0.03937008 6.299213 0.03937008 0.3937008 6.299213 0.03937008 0.3937008 6.299213 0 0.3937008 0 0.03937008 0.3937008 0 0 0.3937008 6.299213 0.03937008 0.3937008 6.299213 0.03937008 0.3937008 6.299213 0 0.3937008 0 0.03937008 0.3937008 0 0 0.3937008 0 0.03937008 0.3937008 0 0.03937008 0 4.440892e-16 0 0.3937008 0 0 -0.03937008 4.440892e-16 -0.3937008 0 4.440892e-16 -0.3937008 -0.03937008 4.440892e-16 0.03937008 0.3937008 0 0.03937008 0 4.440892e-16 0 -0.03937008 4.440892e-16 0.03937008 -0.03937008 4.440892e-16 -0.3937008 0 4.440892e-16 -0.3937008 0.3937008 0 0 0 4.440892e-16 -0.3937008 -0.03937008 4.440892e-16 0.03937008 -0.03937008 4.440892e-16 -0.3937008 0 6.299213 -0.3937008 -0.03937008 4.440892e-16 -0.3937008 -0.03937008 6.299213 -0.3937008 0 4.440892e-16 -0.3937008 0 4.440892e-16 -0.3937008 0 6.299213 -0.3937008 -0.03937008 4.440892e-16 -0.3937008 -0.03937008 6.299213 -0.3937008 -0.03937008 6.299213 0.03937008 -0.03937008 4.440892e-16 -0.3937008 -0.03937008 4.440892e-16 0.03937008 -0.03937008 6.299213 -0.3937008 -0.03937008 6.299213 -0.3937008 -0.03937008 6.299213 0.03937008 -0.03937008 4.440892e-16 -0.3937008 -0.03937008 4.440892e-16 0.03937008 0.3937008 0 0.03937008 -0.03937008 6.299213 0.03937008 -0.03937008 4.440892e-16 0.03937008 0.3937008 6.299213 0.03937008 0.3937008 6.299213 0.03937008 0.3937008 0 0.03937008 -0.03937008 6.299213 0.03937008 -0.03937008 4.440892e-16 0.03937008</float_array>
                    <technique_common>
                        <accessor count="76" source="#ID34" stride="3">
                            <param name="X" type="float" />
                            <param name="Y" type="float" />
                            <param name="Z" type="float" />
                        </accessor>
                    </technique_common>
                </source>
                <source id="ID31">
                    <float_array id="ID35" count="228">0 0 -1 0 0 -1 0 0 -1 0 0 -1 -0 -0 1 -0 -0 1 -0 -0 1 -0 -0 1 0 0 0 0 0 0 0 0 0 0 0 0 0 1 0 0 1 0 0 1 0 0 1 0 0 1 0 0 1 0 -0 -1 -0 -0 -1 -0 -0 -1 -0 -0 -1 -0 -0 -1 -0 -0 -1 -0 0 0 0 0 0 0 0 0 0 0 0 0 1 0 0 1 0 0 1 0 0 1 0 0 -1 -0 -0 -1 -0 -0 -1 -0 -0 -1 -0 -0 0 0 0 -1.047242e-15 -1 -2.320632e-17 -1.047242e-15 -1 -2.320632e-17 -1.047242e-15 -1 -2.320632e-17 -1.047242e-15 -1 -2.320632e-17 -1.047242e-15 -1 -2.320632e-17 -1.047242e-15 -1 -2.320632e-17 1.047242e-15 1 2.320632e-17 1.047242e-15 1 2.320632e-17 1.047242e-15 1 2.320632e-17 1.047242e-15 1 2.320632e-17 1.047242e-15 1 2.320632e-17 1.047242e-15 1 2.320632e-17 0 0 0 0 0 0 0 0 0 0 0 -1 0 0 -1 0 0 -1 0 0 -1 -0 -0 1 -0 -0 1 -0 -0 1 -0 -0 1 -1 0 0 -1 0 0 -1 0 0 -1 0 0 1 -0 -0 1 -0 -0 1 -0 -0 1 -0 -0 0 0 1 0 0 1 0 0 1 0 0 1 -0 -0 -1 -0 -0 -1 -0 -0 -1 -0 -0 -1</float_array>
                    <technique_common>
                        <accessor count="76" source="#ID35" stride="3">
                            <param name="X" type="float" />
                            <param name="Y" type="float" />
                            <param name="Z" type="float" />
                        </accessor>
                    </technique_common>
                </source>
                <source id="ID32">
                    <Name_array id="ID36" count="0" />
                    <technique_common>
                        <accessor count="0" source="#ID36" stride="1">
                            <param name="skp_material" type="Name" />
                        </accessor>
                    </technique_common>
                </source>
                <vertices id="ID33">
                    <input semantic="POSITION" source="#ID30" />
                    <input semantic="NORMAL" source="#ID31" />
                </vertices>
                <triangles count="36" material="Material2">
                    <input offset="0" semantic="VERTEX" source="#ID33" />
                    <p>0 1 2 1 0 3 4 5 6 7 6 5 12 13 14 13 12 15 15 12 16 16 12 17 18 19 20 20 19 21 21 19 22 23 22 19 28 29 30 29 28 31 32 33 34 35 34 33 37 38 39 38 40 41 40 38 42 42 38 37 43 44 45 45 44 46 47 46 44 48 44 43 52 53 54 53 52 55 56 57 58 59 58 57 60 61 62 61 60 63 64 65 66 67 66 65 68 69 70 69 68 71 72 73 74 75 74 73</p>
                </triangles>
                <lines count="18" material="Material3">
                    <input offset="0" semantic="VERTEX" source="#ID33" />
                    <p>8 9 9 10 10 11 11 8 24 9 24 25 25 26 26 27 10 27 27 36 11 36 49 8 36 50 51 50 49 51 49 24 51 25 50 26</p>
                </lines>
            </mesh>
        </geometry>
        <geometry id="ID38">
            <mesh>
                <source id="ID39">
                    <float_array id="ID43" count="228">0.3937008 0 0 0.3937008 6.299213 0 0 4.440892e-16 0 0 6.299213 0 0.3937008 6.299213 0 0 4.440892e-16 0 0 6.299213 0 0.3937008 0 0 0 4.440892e-16 0 0 6.299213 0 0.3937008 6.299213 0 0.3937008 0 0 0.3937008 6.299213 0.03937008 -0.03937008 6.299213 0.03937008 0.3937008 6.299213 0 0 6.299213 0 0 6.299213 -0.3937008 -0.03937008 6.299213 -0.3937008 -0.03937008 6.299213 0.03937008 0 6.299213 -0.3937008 -0.03937008 6.299213 -0.3937008 0 6.299213 0 0.3937008 6.299213 0 0.3937008 6.299213 0.03937008 0 6.299213 -0.3937008 -0.03937008 6.299213 -0.3937008 -0.03937008 6.299213 0.03937008 0.3937008 6.299213 0.03937008 0.3937008 6.299213 0.03937008 0.3937008 6.299213 0 0.3937008 0 0.03937008 0.3937008 0 0 0.3937008 6.299213 0 0.3937008 0 0.03937008 0.3937008 0 0 0.3937008 6.299213 0.03937008 0.3937008 0 0.03937008 0.3937008 0 0.03937008 0 4.440892e-16 0 -0.03937008 4.440892e-16 0.03937008 -0.03937008 4.440892e-16 -0.3937008 0 4.440892e-16 -0.3937008 0.3937008 0 0 0.3937008 0 0.03937008 0 4.440892e-16 0 0.3937008 0 0 -0.03937008 4.440892e-16 -0.3937008 0 4.440892e-16 -0.3937008 -0.03937008 4.440892e-16 0.03937008 0 4.440892e-16 -0.3937008 -0.03937008 4.440892e-16 0.03937008 -0.03937008 4.440892e-16 -0.3937008 0 4.440892e-16 -0.3937008 0 6.299213 -0.3937008 -0.03937008 4.440892e-16 -0.3937008 -0.03937008 6.299213 -0.3937008 0 6.299213 -0.3937008 -0.03937008 4.440892e-16 -0.3937008 -0.03937008 6.299213 -0.3937008 0 4.440892e-16 -0.3937008 -0.03937008 6.299213 -0.3937008 -0.03937008 6.299213 0.03937008 -0.03937008 4.440892e-16 -0.3937008 -0.03937008 4.440892e-16 0.03937008 -0.03937008 6.299213 0.03937008 -0.03937008 4.440892e-16 -0.3937008 -0.03937008 4.440892e-16 0.03937008 -0.03937008 6.299213 -0.3937008 0.3937008 6.299213 0.03937008 0.3937008 0 0.03937008 -0.03937008 6.299213 0.03937008 -0.03937008 4.440892e-16 0.03937008 0.3937008 0 0.03937008 -0.03937008 6.299213 0.03937008 -0.03937008 4.440892e-16 0.03937008 0.3937008 6.299213 0.03937008</float_array>
                    <technique_common>
                        <accessor count="76" source="#ID43" stride="3">
                            <param name="X" type="float" />
                            <param name="Y" type="float" />
                            <param name="Z" type="float" />
                        </accessor>
                    </technique_common>
                </source>
                <source id="ID40">
                    <float_array id="ID44" count="228">0 0 -1 0 0 -1 0 0 -1 0 0 -1 -0 -0 1 -0 -0 1 -0 -0 1 -0 -0 1 0 0 0 0 0 0 0 0 0 0 0 0 0 1 0 0 1 0 0 1 0 0 1 0 0 1 0 0 1 0 -0 -1 -0 -0 -1 -0 -0 -1 -0 -0 -1 -0 -0 -1 -0 -0 -1 -0 0 0 0 0 0 0 0 0 0 0 0 0 1 0 0 1 0 0 1 0 0 1 0 0 -1 -0 -0 -1 -0 -0 -1 -0 -0 -1 -0 -0 0 0 0 -1.047242e-15 -1 -2.320632e-17 -1.047242e-15 -1 -2.320632e-17 -1.047242e-15 -1 -2.320632e-17 -1.047242e-15 -1 -2.320632e-17 -1.047242e-15 -1 -2.320632e-17 -1.047242e-15 -1 -2.320632e-17 1.047242e-15 1 2.320632e-17 1.047242e-15 1 2.320632e-17 1.047242e-15 1 2.320632e-17 1.047242e-15 1 2.320632e-17 1.047242e-15 1 2.320632e-17 1.047242e-15 1 2.320632e-17 0 0 0 0 0 0 0 0 0 0 0 -1 0 0 -1 0 0 -1 0 0 -1 -0 -0 1 -0 -0 1 -0 -0 1 -0 -0 1 -1 0 0 -1 0 0 -1 0 0 -1 0 0 1 -0 -0 1 -0 -0 1 -0 -0 1 -0 -0 0 0 1 0 0 1 0 0 1 0 0 1 -0 -0 -1 -0 -0 -1 -0 -0 -1 -0 -0 -1</float_array>
                    <technique_common>
                        <accessor count="76" source="#ID44" stride="3">
                            <param name="X" type="float" />
                            <param name="Y" type="float" />
                            <param name="Z" type="float" />
                        </accessor>
                    </technique_common>
                </source>
                <source id="ID41">
                    <Name_array id="ID45" count="0" />
                    <technique_common>
                        <accessor count="0" source="#ID45" stride="1">
                            <param name="skp_material" type="Name" />
                        </accessor>
                    </technique_common>
                </source>
                <vertices id="ID42">
                    <input semantic="POSITION" source="#ID39" />
                    <input semantic="NORMAL" source="#ID40" />
                </vertices>
                <triangles count="36" material="Material2">
                    <input offset="0" semantic="VERTEX" source="#ID42" />
                    <p>0 1 2 3 2 1 4 5 6 5 4 7 12 13 14 14 13 15 15 13 16 17 16 13 18 19 20 19 18 21 21 18 22 22 18 23 28 29 30 31 30 29 32 33 34 33 32 35 37 38 39 39 38 40 41 40 38 42 38 37 43 44 45 44 46 47 46 44 48 48 44 43 52 53 54 55 54 53 56 57 58 57 56 59 60 61 62 63 62 61 64 65 66 65 64 67 68 69 70 71 70 69 72 73 74 73 72 75</p>
                </triangles>
                <lines count="18" material="Material3">
                    <input offset="0" semantic="VERTEX" source="#ID42" />
                    <p>8 9 9 10 10 11 11 8 24 9 24 25 25 26 26 27 10 27 27 36 11 36 49 8 36 50 51 50 49 51 49 24 51 25 50 26</p>
                </lines>
            </mesh>
        </geometry>
        <geometry id="ID46">
            <mesh>
                <source id="ID52">
                    <float_array id="ID59" count="534">4.383494 0.6299213 11.51922 4.422825 0.03937008 11.61417 4.383494 0.03937008 11.51922 4.422825 0.6299213 11.61417 4.422825 0.6299213 11.61417 4.383494 0.6299213 11.51922 4.422825 0.03937008 11.61417 4.383494 0.03937008 11.51922 4.383494 0.03937008 11.51922 4.422825 0.03937008 11.61417 4.383494 0.6299213 11.51922 4.422825 0.6299213 11.61417 4.370079 0.6299213 11.41732 4.370079 0.03937008 11.41732 4.370079 0.6299213 11.41732 4.370079 0.03937008 11.41732 4.370079 0.03937008 11.41732 4.370079 0.6299213 11.41732 4.485391 0.03937008 11.69571 4.485391 0.6299213 11.69571 4.485391 0.6299213 11.69571 4.485391 0.03937008 11.69571 4.485391 0.03937008 11.69571 4.485391 0.6299213 11.69571 4.383494 0.6299213 11.31543 4.383494 0.03937008 11.31543 4.383494 0.6299213 11.31543 4.383494 0.03937008 11.31543 4.383494 0.03937008 11.31543 4.383494 0.6299213 11.31543 4.566929 0.6299213 11.75828 4.566929 0.03937008 11.75828 4.566929 0.03937008 11.75828 4.566929 0.6299213 11.75828 4.566929 0.03937008 11.75828 4.566929 0.6299213 11.75828 4.422825 0.6299213 11.22047 4.422825 0.03937008 11.22047 4.422825 0.6299213 11.22047 4.422825 0.03937008 11.22047 4.422825 0.03937008 11.22047 4.422825 0.6299213 11.22047 4.661882 0.6299213 11.79761 4.661882 0.03937008 11.79761 4.661882 0.03937008 11.79761 4.661882 0.6299213 11.79761 4.661882 0.03937008 11.79761 4.661882 0.6299213 11.79761 4.485391 0.6299213 11.13893 4.485391 0.03937008 11.13893 4.485391 0.6299213 11.13893 4.485391 0.03937008 11.13893 4.485391 0.03937008 11.13893 4.485391 0.6299213 11.13893 4.76378 0.6299213 11.81102 4.76378 0.03937008 11.81102 4.76378 0.03937008 11.81102 4.76378 0.6299213 11.81102 4.76378 0.03937008 11.81102 4.76378 0.6299213 11.81102 4.566929 0.03937008 11.07637 4.566929 0.6299213 11.07637 4.566929 0.6299213 11.07637 4.566929 0.03937008 11.07637 4.566929 0.03937008 11.07637 4.566929 0.6299213 11.07637 6.338583 0.6299213 11.81102 4.76378 0.03937008 11.81102 4.76378 0.6299213 11.81102 6.338583 0.03937008 11.81102 6.338583 0.03937008 11.81102 6.338583 0.6299213 11.81102 4.76378 0.03937008 11.81102 4.76378 0.6299213 11.81102 6.338583 0.03937008 11.81102 6.338583 0.6299213 11.81102 4.661882 0.03937008 11.03704 4.661882 0.6299213 11.03704 4.661882 0.6299213 11.03704 4.661882 0.03937008 11.03704 4.661882 0.03937008 11.03704 4.661882 0.6299213 11.03704 7.913386 0.6299213 11.81102 7.913386 0.03937008 11.81102 7.913386 0.03937008 11.81102 7.913386 0.6299213 11.81102 7.913386 0.03937008 11.81102 7.913386 0.6299213 11.81102 4.76378 0.03937008 11.02362 4.76378 0.6299213 11.02362 4.76378 0.6299213 11.02362 4.76378 0.03937008 11.02362 4.76378 0.03937008 11.02362 4.76378 0.6299213 11.02362 8.015283 0.6299213 11.79761 7.913386 0.03937008 11.81102 7.913386 0.6299213 11.81102 8.015283 0.03937008 11.79761 8.015283 0.03937008 11.79761 8.015283 0.6299213 11.79761 7.913386 0.03937008 11.81102 7.913386 0.6299213 11.81102 8.015283 0.03937008 11.79761 8.015283 0.6299213 11.79761 7.913386 0.03937008 11.02362 4.76378 0.6299213 11.02362 4.76378 0.03937008 11.02362 7.913386 0.6299213 11.02362 7.913386 0.6299213 11.02362 7.913386 0.03937008 11.02362 4.76378 0.6299213 11.02362 4.76378 0.03937008 11.02362 7.913386 0.03937008 11.02362 7.913386 0.6299213 11.02362 8.110236 0.6299213 11.75828 8.110236 0.03937008 11.75828 8.110236 0.03937008 11.75828 8.110236 0.6299213 11.75828 8.110236 0.03937008 11.75828 8.110236 0.6299213 11.75828 8.015283 0.03937008 11.03704 7.913386 0.6299213 11.02362 7.913386 0.03937008 11.02362 8.015283 0.6299213 11.03704 8.015283 0.6299213 11.03704 8.015283 0.03937008 11.03704 7.913386 0.6299213 11.02362 7.913386 0.03937008 11.02362 8.015283 0.03937008 11.03704 8.015283 0.6299213 11.03704 8.191774 0.6299213 11.69571 8.191774 0.03937008 11.69571 8.191774 0.03937008 11.69571 8.191774 0.6299213 11.69571 8.191774 0.03937008 11.69571 8.191774 0.6299213 11.69571 8.110236 0.03937008 11.07637 8.110236 0.6299213 11.07637 8.110236 0.6299213 11.07637 8.110236 0.03937008 11.07637 8.110236 0.03937008 11.07637 8.110236 0.6299213 11.07637 8.254341 0.03937008 11.61417 8.254341 0.6299213 11.61417 8.254341 0.6299213 11.61417 8.254341 0.03937008 11.61417 8.254341 0.03937008 11.61417 8.254341 0.6299213 11.61417 8.191774 0.03937008 11.13893 8.191774 0.6299213 11.13893 8.191774 0.6299213 11.13893 8.191774 0.03937008 11.13893 8.191774 0.03937008 11.13893 8.191774 0.6299213 11.13893 8.293672 0.03937008 11.51922 8.293672 0.6299213 11.51922 8.293672 0.6299213 11.51922 8.293672 0.03937008 11.51922 8.293672 0.03937008 11.51922 8.293672 0.6299213 11.51922 8.254341 0.6299213 11.22047 8.254341 0.03937008 11.22047 8.254341 0.6299213 11.22047 8.254341 0.03937008 11.22047 8.254341 0.03937008 11.22047 8.254341 0.6299213 11.22047 8.307087 0.03937008 11.41732 8.307087 0.6299213 11.41732 8.307087 0.6299213 11.41732 8.307087 0.03937008 11.41732 8.307087 0.03937008 11.41732 8.307087 0.6299213 11.41732 8.293672 0.6299213 11.31543 8.293672 0.03937008 11.31543 8.293672 0.6299213 11.31543 8.293672 0.03937008 11.31543 8.293672 0.03937008 11.31543 8.293672 0.6299213 11.31543</float_array>
                    <technique_common>
                        <accessor count="178" source="#ID59" stride="3">
                            <param name="X" type="float" />
                            <param name="Y" type="float" />
                            <param name="Z" type="float" />
                        </accessor>
                    </technique_common>
                </source>
                <source id="ID53">
                    <float_array id="ID60" count="534">0.9659258 0 -0.258819 0.8660254 0 -0.5 0.9659258 0 -0.258819 0.8660254 0 -0.5 -0.8660254 -0 0.5 -0.9659258 -0 0.258819 -0.8660254 -0 0.5 -0.9659258 -0 0.258819 0 0 0 0 0 0 0 0 0 0 0 0 1 0 5.417955e-15 1 0 5.417955e-15 -1 -0 -5.417955e-15 -1 -0 -5.417955e-15 0 0 0 0 0 0 0.7071068 0 -0.7071068 0.7071068 0 -0.7071068 -0.7071068 -0 0.7071068 -0.7071068 -0 0.7071068 0 0 0 0 0 0 0.9659258 0 0.258819 0.9659258 0 0.258819 -0.9659258 -0 -0.258819 -0.9659258 -0 -0.258819 0 0 0 0 0 0 0.5 0 -0.8660254 0.5 0 -0.8660254 -0.5 -0 0.8660254 -0.5 -0 0.8660254 0 0 0 0 0 0 0.8660254 0 0.5 0.8660254 0 0.5 -0.8660254 -0 -0.5 -0.8660254 -0 -0.5 0 0 0 0 0 0 0.258819 0 -0.9659258 0.258819 0 -0.9659258 -0.258819 -0 0.9659258 -0.258819 -0 0.9659258 0 0 0 0 0 0 0.7071068 0 0.7071068 0.7071068 0 0.7071068 -0.7071068 -0 -0.7071068 -0.7071068 -0 -0.7071068 0 0 0 0 0 0 0.1305262 0 -0.9914449 0.1305262 0 -0.9914449 -0.1305262 -0 0.9914449 -0.1305262 -0 0.9914449 0 0 0 0 0 0 0.5 0 0.8660254 0.5 0 0.8660254 -0.5 -0 -0.8660254 -0.5 -0 -0.8660254 0 0 0 0 0 0 0 0 -1 0 0 -1 0 0 -1 0 0 -1 -0 -0 1 -0 -0 1 -0 -0 1 -0 -0 1 0 0 0 0 0 0 0.258819 0 0.9659258 0.258819 0 0.9659258 -0.258819 -0 -0.9659258 -0.258819 -0 -0.9659258 0 0 0 0 0 0 0 0 -1 0 0 -1 -0 -0 1 -0 -0 1 0 0 0 0 0 0 0.1305262 0 0.9914449 0.1305262 0 0.9914449 -0.1305262 -0 -0.9914449 -0.1305262 -0 -0.9914449 0 0 0 0 0 0 -0.258819 0 -0.9659258 -0.1305262 -0 -0.9914449 -0.1305262 -0 -0.9914449 -0.258819 0 -0.9659258 0.258819 -0 0.9659258 0.258819 -0 0.9659258 0.1305262 0 0.9914449 0.1305262 0 0.9914449 0 0 0 0 0 0 0 0 1 0 0 1 0 0 1 0 0 1 -0 -0 -1 -0 -0 -1 -0 -0 -1 -0 -0 -1 0 0 0 0 0 0 -0.5 0 -0.8660254 -0.5 0 -0.8660254 0.5 -0 0.8660254 0.5 -0 0.8660254 0 0 0 0 0 0 -0.258819 0 0.9659258 -0.1305262 0 0.9914449 -0.1305262 0 0.9914449 -0.258819 0 0.9659258 0.258819 -0 -0.9659258 0.258819 -0 -0.9659258 0.1305262 -0 -0.9914449 0.1305262 -0 -0.9914449 0 0 0 0 0 0 -0.7071068 0 -0.7071068 -0.7071068 0 -0.7071068 0.7071068 -0 0.7071068 0.7071068 -0 0.7071068 0 0 0 0 0 0 -0.5 0 0.8660254 -0.5 0 0.8660254 0.5 -0 -0.8660254 0.5 -0 -0.8660254 0 0 0 0 0 0 -0.8660254 0 -0.5 -0.8660254 0 -0.5 0.8660254 -0 0.5 0.8660254 -0 0.5 0 0 0 0 0 0 -0.7071068 0 0.7071068 -0.7071068 0 0.7071068 0.7071068 -0 -0.7071068 0.7071068 -0 -0.7071068 0 0 0 0 0 0 -0.9659258 0 -0.258819 -0.9659258 0 -0.258819 0.9659258 -0 0.258819 0.9659258 -0 0.258819 0 0 0 0 0 0 -0.8660254 0 0.5 -0.8660254 0 0.5 0.8660254 -0 -0.5 0.8660254 -0 -0.5 0 0 0 0 0 0 -1 0 1.131711e-15 -1 0 1.131711e-15 1 -0 -1.131711e-15 1 -0 -1.131711e-15 0 0 0 0 0 0 -0.9659258 0 0.258819 -0.9659258 0 0.258819 0.9659258 -0 -0.258819 0.9659258 -0 -0.258819 0 0 0 0 0 0</float_array>
                    <technique_common>
                        <accessor count="178" source="#ID60" stride="3">
                            <param name="X" type="float" />
                            <param name="Y" type="float" />
                            <param name="Z" type="float" />
                        </accessor>
                    </technique_common>
                </source>
                <source id="ID54">
                    <Name_array id="ID62" count="0" />
                    <technique_common>
                        <accessor count="0" source="#ID62" stride="1">
                            <param name="skp_material" type="Name" />
                        </accessor>
                    </technique_common>
                </source>
                <source id="ID56">
                    <float_array id="ID61" count="432">3.342215 2.462428 3.364331 2.485112 3.357788 2.486874 3.348758 2.460665 3.252889 2.655059 3.245807 2.655059 3.252889 2.68152 3.245807 2.68152 3.345454 2.461241 3.357788 2.486874 3.350766 2.487475 3.352476 2.46064 3.245808 2.65506 3.238726 2.65506 3.245808 2.681521 3.238726 2.681521 3.339558 2.464119 3.36995 2.482308 3.364331 2.485112 3.345176 2.461316 3.259972 2.65506 3.25289 2.65506 3.259972 2.681521 3.25289 2.681521 3.349056 2.46064 3.350766 2.487475 3.343744 2.486874 3.356078 2.461241 3.238726 2.65506 3.231643 2.65506 3.238726 2.681521 3.231643 2.681521 3.341976 2.462547 3.36995 2.482308 3.337664 2.4662 3.374261 2.478655 3.267055 2.681521 3.267055 2.65506 3.259972 2.681521 3.259972 2.65506 3.352774 2.460665 3.343744 2.486874 3.337201 2.485112 3.359317 2.462428 3.231643 2.65506 3.224561 2.65506 3.231643 2.681521 3.224561 2.681521 3.339374 2.464274 3.374261 2.478655 3.336664 2.468529 3.376971 2.4744 3.274137 2.681521 3.274137 2.65506 3.267055 2.681521 3.267055 2.65506 3.356356 2.461316 3.337201 2.485112 3.331582 2.482308 3.361974 2.464119 3.224561 2.65506 3.217479 2.65506 3.224561 2.681521 3.217479 2.681521 3.337549 2.466381 3.376971 2.4744 3.336625 2.470947 3.377896 2.469835 2.562648 2.68152 2.562648 2.655059 2.555566 2.68152 2.555566 2.655059 3.327271 2.478655 3.363868 2.4662 3.331582 2.482308 3.359556 2.462547 3.210397 2.65506 3.210396 2.681521 3.217479 2.65506 3.217479 2.681521 3.337201 2.399273 3.377896 2.469835 3.337201 2.469835 3.377896 2.399273 2.671167 2.681521 2.671167 2.65506 2.562649 2.681521 2.562649 2.65506 3.324561 2.4744 3.364868 2.468529 3.327271 2.478655 3.362158 2.464274 3.203314 2.65506 3.203314 2.681521 3.210397 2.65506 3.210396 2.681521 3.337201 2.32871 3.377896 2.399273 3.337201 2.399273 3.377896 2.328711 2.775451 2.117024 2.775451 2.143485 2.88397 2.117024 2.883969 2.143485 3.323636 2.469835 3.364907 2.470947 3.324561 2.4744 3.363983 2.466381 3.196232 2.65506 3.196232 2.681521 3.203314 2.65506 3.203314 2.681521 3.336625 2.327599 3.377896 2.328711 3.337549 2.332164 3.376971 2.324145 2.768368 2.117024 2.768368 2.143485 2.775451 2.117024 2.775451 2.143485 3.323636 2.328711 3.364331 2.469835 3.323636 2.469835 3.364331 2.328711 3.364331 2.328711 3.323636 2.328711 3.364331 2.469835 3.323636 2.469835 3.336664 2.330016 3.376971 2.324145 3.339375 2.334271 3.374261 2.31989 2.761286 2.117024 2.761286 2.143484 2.768368 2.117024 2.768368 2.143484 3.324561 2.324145 3.363983 2.332164 3.323636 2.328711 3.364907 2.327599 3.364907 2.327599 3.324561 2.324145 3.363983 2.332164 3.323636 2.328711 3.337665 2.332345 3.374261 2.31989 3.341976 2.335999 3.36995 2.316237 3.36995 2.316237 3.337665 2.332345 3.374261 2.31989 3.341976 2.335999 3.327271 2.31989 3.362158 2.334271 3.324561 2.324145 3.364868 2.330016 3.364868 2.330016 3.327271 2.31989 3.362158 2.334271 3.324561 2.324145 3.345176 2.33723 3.364331 2.313433 3.36995 2.316237 3.339558 2.334426 3.339558 2.334426 3.345176 2.33723 3.364331 2.313433 3.36995 2.316237 3.331583 2.316237 3.359556 2.335999 3.327271 2.31989 3.363868 2.332345 3.363868 2.332345 3.331583 2.316237 3.359556 2.335999 3.327271 2.31989 3.348758 2.33788 3.357788 2.311671 3.364331 2.313433 3.342215 2.336118 3.342215 2.336118 3.348758 2.33788 3.357788 2.311671 3.364331 2.313433 3.361975 2.334426 3.331583 2.316237 3.337201 2.313433 3.356356 2.33723 3.356356 2.33723 3.361975 2.334426 3.331583 2.316237 3.337201 2.313433 3.352476 2.337905 3.350766 2.31107 3.357788 2.311671 3.345454 2.337304 3.345454 2.337304 3.352476 2.337905 3.350766 2.31107 3.357788 2.311671 3.359318 2.336118 3.337201 2.313433 3.343744 2.311671 3.352774 2.33788 3.352774 2.33788 3.359318 2.336118 3.337201 2.313433 3.343744 2.311671 3.356078 2.337304 3.343744 2.311671 3.350766 2.31107 3.349056 2.337905 3.349056 2.337905 3.356078 2.337304 3.343744 2.311671 3.350766 2.31107</float_array>
                    <technique_common>
                        <accessor count="216" source="#ID61" stride="2">
                            <param name="S" type="float" />
                            <param name="T" type="float" />
                        </accessor>
                    </technique_common>
                </source>
                <vertices id="ID55">
                    <input semantic="POSITION" source="#ID52" />
                    <input semantic="NORMAL" source="#ID53" />
                </vertices>
                <triangles count="108" material="Material2">
                    <input offset="0" semantic="VERTEX" source="#ID55" />
                    <input offset="1" semantic="TEXCOORD" source="#ID56" />
                    <p>0 0 1 1 2 2 1 1 0 0 3 3 4 4 5 5 6 6 7 7 6 6 5 5 12 8 2 9 13 10 2 9 12 8 0 11 5 12 14 13 7 14 15 15 7 14 14 13 3 16 18 17 1 18 18 17 3 16 19 19 20 20 4 21 21 22 6 23 21 22 4 21 24 24 13 25 25 26 13 25 24 24 12 27 14 28 26 29 15 30 27 31 15 30 26 29 30 32 18 33 19 34 18 33 30 32 31 35 32 36 33 37 21 38 20 39 21 38 33 37 36 40 25 41 37 42 25 41 36 40 24 43 26 44 38 45 27 46 39 47 27 46 38 45 42 48 31 49 30 50 31 49 42 48 43 51 44 52 45 53 32 54 33 55 32 54 45 53 48 56 37 57 49 58 37 57 48 56 36 59 38 60 50 61 39 62 51 63 39 62 50 61 54 64 43 65 42 66 43 65 54 64 55 67 56 68 57 69 44 70 45 71 44 70 57 69 60 72 48 73 49 74 48 73 60 72 61 75 62 76 63 77 50 78 51 79 50 78 63 77 66 80 67 81 68 82 67 81 66 80 69 83 70 84 71 85 72 86 73 87 72 86 71 85 76 88 61 89 60 90 61 89 76 88 77 91 78 92 79 93 62 94 63 95 62 94 79 93 82 96 69 97 66 98 69 97 82 96 83 99 84 100 85 101 70 102 71 103 70 102 85 101 88 104 77 105 76 106 77 105 88 104 89 107 90 108 91 109 78 110 79 111 78 110 91 109 94 112 95 113 96 114 95 113 94 112 97 115 98 116 99 117 100 118 101 119 100 118 99 117 104 120 105 121 106 122 105 121 104 120 107 123 108 124 109 125 110 126 111 127 110 126 109 125 114 128 97 129 94 130 97 129 114 128 115 131 116 132 117 133 98 134 99 135 98 134 117 133 120 136 121 137 122 138 121 137 120 136 123 139 124 140 125 141 126 142 127 143 126 142 125 141 130 144 115 145 114 146 115 145 130 144 131 147 132 148 133 149 116 150 117 151 116 150 133 149 136 152 123 153 120 154 123 153 136 152 137 155 138 156 139 157 124 158 125 159 124 158 139 157 130 160 142 161 131 162 142 161 130 160 143 163 144 164 133 165 145 166 132 167 145 166 133 165 148 168 137 169 136 170 137 169 148 168 149 171 150 172 151 173 138 174 139 175 138 174 151 173 143 176 154 177 142 178 154 177 143 176 155 179 156 180 144 181 157 182 145 183 157 182 144 181 160 184 148 185 161 186 148 185 160 184 149 187 150 188 162 189 151 190 163 191 151 190 162 189 155 192 166 193 154 194 166 193 155 192 167 195 168 196 156 197 169 198 157 199 169 198 156 197 172 200 161 201 173 202 161 201 172 200 160 203 162 204 174 205 163 206 175 207 163 206 174 205 167 208 173 209 166 210 173 209 167 208 172 211 174 212 168 213 175 214 169 215 175 214 168 213</p>
                </triangles>
                <lines count="81" material="Material3">
                    <input offset="0" semantic="VERTEX" source="#ID55" />
                    <p>8 9 8 10 10 11 9 11 16 8 16 17 17 10 9 22 11 23 22 23 28 16 28 29 29 17 22 34 23 35 34 35 40 28 40 41 41 29 34 46 35 47 46 47 52 40 52 53 53 41 46 58 47 59 58 59 64 52 64 65 65 53 74 58 75 59 74 75 80 64 80 81 81 65 86 74 87 75 86 87 92 80 92 93 93 81 102 86 103 87 102 103 92 112 112 113 93 113 118 102 119 103 118 119 112 128 128 129 113 129 134 118 135 119 134 135 128 140 140 141 129 141 146 134 147 135 146 147 140 152 152 153 141 153 158 146 159 147 158 159 152 164 164 165 153 165 170 158 171 159 170 171 164 176 176 177 165 177 176 170 177 171</p>
                </lines>
            </mesh>
        </geometry>
        <geometry id="ID63">
            <mesh>
                <source id="ID64">
                    <float_array id="ID69" count="666">0.03937008 0.03937008 12.59843 0.6299213 0.6299213 12.59843 0.03937008 12.6378 12.59843 12.6378 0.03937008 12.59843 12.04724 0.6299213 12.59843 12.04724 12.04724 12.59843 0.6299213 12.04724 12.59843 12.6378 12.6378 12.59843 12.6378 0.03937008 12.59843 12.04724 12.04724 12.59843 12.6378 12.6378 12.59843 0.6299213 12.04724 12.59843 0.6299213 0.6299213 12.59843 0.03937008 12.6378 12.59843 12.04724 0.6299213 12.59843 0.03937008 0.03937008 12.59843 0.03937008 12.6378 12.59843 0.03937008 0.03937008 12.59843 12.6378 0.03937008 12.59843 12.6378 12.6378 12.59843 12.04724 12.04724 12.59843 0.6299213 12.04724 12.59843 12.04724 0.6299213 12.59843 0.6299213 0.6299213 12.59843 0.03937008 12.6378 12.59843 0.03937008 0.03937008 6.299213 0.03937008 0.03937008 12.59843 0.03937008 12.6378 6.299213 0.03937008 12.6378 6.299213 0.03937008 12.6378 12.59843 0.03937008 0.03937008 6.299213 0.03937008 0.03937008 12.59843 0.03937008 12.6378 6.299213 0.03937008 0.03937008 6.299213 12.6378 0.03937008 12.59843 0.03937008 0.03937008 6.299213 12.6378 0.03937008 6.299213 8.015283 0.03937008 11.03704 7.913386 0.03937008 11.02362 8.110236 0.03937008 11.07637 8.191774 0.03937008 11.13893 8.254341 0.03937008 11.22047 8.293672 0.03937008 11.31543 8.307087 0.03937008 11.41732 8.293672 0.03937008 11.51922 8.254341 0.03937008 11.61417 8.191774 0.03937008 11.69571 8.110236 0.03937008 11.75828 8.015283 0.03937008 11.79761 7.913386 0.03937008 11.81102 6.338583 0.03937008 11.81102 4.76378 0.03937008 11.81102 4.661882 0.03937008 11.03704 0.03937008 0.03937008 12.59843 4.76378 0.03937008 11.02362 4.566929 0.03937008 11.07637 4.485391 0.03937008 11.13893 4.422825 0.03937008 11.22047 4.383494 0.03937008 11.31543 4.370079 0.03937008 11.41732 4.383494 0.03937008 11.51922 4.422825 0.03937008 11.61417 4.485391 0.03937008 11.69571 4.566929 0.03937008 11.75828 4.661882 0.03937008 11.79761 12.6378 0.03937008 12.59843 4.76378 0.03937008 11.81102 0.03937008 0.03937008 12.59843 4.661882 0.03937008 11.79761 4.566929 0.03937008 11.75828 4.485391 0.03937008 11.69571 4.422825 0.03937008 11.61417 4.383494 0.03937008 11.51922 4.370079 0.03937008 11.41732 4.383494 0.03937008 11.31543 4.422825 0.03937008 11.22047 4.485391 0.03937008 11.13893 4.566929 0.03937008 11.07637 4.661882 0.03937008 11.03704 7.913386 0.03937008 11.02362 0.03937008 0.03937008 6.299213 4.76378 0.03937008 11.02362 6.338583 0.03937008 11.81102 7.913386 0.03937008 11.81102 8.015283 0.03937008 11.79761 8.110236 0.03937008 11.75828 8.191774 0.03937008 11.69571 8.254341 0.03937008 11.61417 8.293672 0.03937008 11.51922 8.307087 0.03937008 11.41732 8.293672 0.03937008 11.31543 8.254341 0.03937008 11.22047 8.191774 0.03937008 11.13893 8.110236 0.03937008 11.07637 8.015283 0.03937008 11.03704 12.6378 0.03937008 6.299213 12.6378 0.03937008 6.299213 6.338583 0.03937008 11.81102 4.76378 0.03937008 11.81102 7.913386 0.03937008 11.81102 8.015283 0.03937008 11.79761 8.110236 0.03937008 11.75828 8.191774 0.03937008 11.69571 8.254341 0.03937008 11.61417 8.293672 0.03937008 11.51922 8.307087 0.03937008 11.41732 8.293672 0.03937008 11.31543 8.254341 0.03937008 11.22047 8.191774 0.03937008 11.13893 8.110236 0.03937008 11.07637 8.015283 0.03937008 11.03704 7.913386 0.03937008 11.02362 4.76378 0.03937008 11.02362 4.661882 0.03937008 11.03704 4.566929 0.03937008 11.07637 4.485391 0.03937008 11.13893 4.422825 0.03937008 11.22047 4.383494 0.03937008 11.31543 4.370079 0.03937008 11.41732 4.383494 0.03937008 11.51922 4.422825 0.03937008 11.61417 4.485391 0.03937008 11.69571 4.566929 0.03937008 11.75828 4.661882 0.03937008 11.79761 12.6378 12.6378 6.299213 12.6378 0.03937008 12.59843 12.6378 0.03937008 6.299213 12.6378 12.6378 12.59843 12.6378 12.6378 12.59843 12.6378 12.6378 6.299213 12.6378 0.03937008 12.59843 12.6378 0.03937008 6.299213 12.6378 12.6378 6.299213 0.03937008 12.6378 12.59843 12.6378 12.6378 6.299213 0.03937008 12.6378 6.299213 4.661882 12.6378 11.03704 4.76378 12.6378 11.02362 4.566929 12.6378 11.07637 4.485391 12.6378 11.13893 4.422825 12.6378 11.22047 4.383494 12.6378 11.31543 4.370079 12.6378 11.41732 4.383494 12.6378 11.51922 4.422825 12.6378 11.61417 4.485391 12.6378 11.69571 4.566929 12.6378 11.75828 4.661882 12.6378 11.79761 4.76378 12.6378 11.81102 6.338583 12.6378 11.81102 7.913386 12.6378 11.81102 8.015283 12.6378 11.03704 12.6378 12.6378 12.59843 7.913386 12.6378 11.02362 8.110236 12.6378 11.07637 8.191774 12.6378 11.13893 8.254341 12.6378 11.22047 8.293672 12.6378 11.31543 8.307087 12.6378 11.41732 8.293672 12.6378 11.51922 8.254341 12.6378 11.61417 8.191774 12.6378 11.69571 8.110236 12.6378 11.75828 8.015283 12.6378 11.79761 0.03937008 12.6378 12.59843 7.913386 12.6378 11.81102 12.6378 12.6378 12.59843 8.015283 12.6378 11.79761 8.110236 12.6378 11.75828 8.191774 12.6378 11.69571 8.254341 12.6378 11.61417 8.293672 12.6378 11.51922 8.307087 12.6378 11.41732 8.293672 12.6378 11.31543 8.254341 12.6378 11.22047 8.191774 12.6378 11.13893 8.110236 12.6378 11.07637 8.015283 12.6378 11.03704 4.76378 12.6378 11.02362 12.6378 12.6378 6.299213 7.913386 12.6378 11.02362 6.338583 12.6378 11.81102 4.76378 12.6378 11.81102 4.661882 12.6378 11.79761 4.566929 12.6378 11.75828 4.485391 12.6378 11.69571 4.422825 12.6378 11.61417 4.383494 12.6378 11.51922 4.370079 12.6378 11.41732 4.383494 12.6378 11.31543 4.422825 12.6378 11.22047 4.485391 12.6378 11.13893 4.566929 12.6378 11.07637 4.661882 12.6378 11.03704 0.03937008 12.6378 6.299213 8.307087 12.6378 11.41732 8.293672 12.6378 11.51922 8.254341 12.6378 11.61417 8.191774 12.6378 11.69571 8.110236 12.6378 11.75828 8.015283 12.6378 11.79761 7.913386 12.6378 11.81102 6.338583 12.6378 11.81102 4.76378 12.6378 11.81102 4.661882 12.6378 11.79761 4.566929 12.6378 11.75828 4.485391 12.6378 11.69571 4.422825 12.6378 11.61417 4.383494 12.6378 11.51922 4.370079 12.6378 11.41732 4.383494 12.6378 11.31543 4.422825 12.6378 11.22047 4.485391 12.6378 11.13893 4.566929 12.6378 11.07637 4.661882 12.6378 11.03704 4.76378 12.6378 11.02362 7.913386 12.6378 11.02362 8.015283 12.6378 11.03704 8.110236 12.6378 11.07637 8.191774 12.6378 11.13893 8.254341 12.6378 11.22047 8.293672 12.6378 11.31543</float_array>
                    <technique_common>
                        <accessor count="222" source="#ID69" stride="3">
                            <param name="X" type="float" />
                            <param name="Y" type="float" />
                            <param name="Z" type="float" />
                        </accessor>
                    </technique_common>
                </source>
                <source id="ID65">
                    <float_array id="ID70" count="666">0 0 1 0 0 1 0 0 1 0 0 1 0 0 1 0 0 1 0 0 1 0 0 1 -0 -0 -1 -0 -0 -1 -0 -0 -1 -0 -0 -1 -0 -0 -1 -0 -0 -1 -0 -0 -1 -0 -0 -1 0 0 0 0 0 0 0 0 0 0 0 0 0 0 0 0 0 0 0 0 0 0 0 0 -1 0 0 -1 0 0 -1 0 0 -1 0 0 1 -0 -0 1 -0 -0 1 -0 -0 1 -0 -0 0 0 0 0 0 0 0 -1 0 0 -1 0 0 -1 0 0 -1 0 0 -1 0 0 -1 0 0 -1 0 0 -1 0 0 -1 0 0 -1 0 0 -1 0 0 -1 0 0 -1 0 0 -1 0 0 -1 0 0 -1 0 0 -1 0 0 -1 0 0 -1 0 0 -1 0 0 -1 0 0 -1 0 0 -1 0 0 -1 0 0 -1 0 0 -1 0 0 -1 0 0 -1 0 0 -1 0 0 -1 0 0 -1 0 -0 1 -0 -0 1 -0 -0 1 -0 -0 1 -0 -0 1 -0 -0 1 -0 -0 1 -0 -0 1 -0 -0 1 -0 -0 1 -0 -0 1 -0 -0 1 -0 -0 1 -0 -0 1 -0 -0 1 -0 -0 1 -0 -0 1 -0 -0 1 -0 -0 1 -0 -0 1 -0 -0 1 -0 -0 1 -0 -0 1 -0 -0 1 -0 -0 1 -0 -0 1 -0 -0 1 -0 -0 1 -0 -0 1 -0 -0 1 -0 -0 1 -0 0 0 0 0 0 0 0 0 0 0 0 0 0 0 0 0 0 0 0 0 0 0 0 0 0 0 0 0 0 0 0 0 0 0 0 0 0 0 0 0 0 0 0 0 0 0 0 0 0 0 0 0 0 0 0 0 0 0 0 0 0 0 0 0 0 0 0 0 0 0 0 0 0 0 0 0 0 0 0 0 0 0 0 0 1 0 0 1 0 0 1 0 0 1 0 0 -1 -0 -0 -1 -0 -0 -1 -0 -0 -1 -0 -0 0 0 0 0 1 0 0 1 0 0 1 0 0 1 0 0 1 0 0 1 0 0 1 0 0 1 0 0 1 0 0 1 0 0 1 0 0 1 0 0 1 0 0 1 0 0 1 0 0 1 0 0 1 0 0 1 0 0 1 0 0 1 0 0 1 0 0 1 0 0 1 0 0 1 0 0 1 0 0 1 0 0 1 0 0 1 0 0 1 0 0 1 0 0 1 0 -0 -1 -0 -0 -1 -0 -0 -1 -0 -0 -1 -0 -0 -1 -0 -0 -1 -0 -0 -1 -0 -0 -1 -0 -0 -1 -0 -0 -1 -0 -0 -1 -0 -0 -1 -0 -0 -1 -0 -0 -1 -0 -0 -1 -0 -0 -1 -0 -0 -1 -0 -0 -1 -0 -0 -1 -0 -0 -1 -0 -0 -1 -0 -0 -1 -0 -0 -1 -0 -0 -1 -0 -0 -1 -0 -0 -1 -0 -0 -1 -0 -0 -1 -0 -0 -1 -0 -0 -1 -0 -0 -1 -0 0 0 0 0 0 0 0 0 0 0 0 0 0 0 0 0 0 0 0 0 0 0 0 0 0 0 0 0 0 0 0 0 0 0 0 0 0 0 0 0 0 0 0 0 0 0 0 0 0 0 0 0 0 0 0 0 0 0 0 0 0 0 0 0 0 0 0 0 0 0 0 0 0 0 0 0 0 0 0 0 0</float_array>
                    <technique_common>
                        <accessor count="222" source="#ID70" stride="3">
                            <param name="X" type="float" />
                            <param name="Y" type="float" />
                            <param name="Z" type="float" />
                        </accessor>
                    </technique_common>
                </source>
                <source id="ID66">
                    <Name_array id="ID72" count="0" />
                    <technique_common>
                        <accessor count="0" source="#ID72" stride="1">
                            <param name="skp_material" type="Name" />
                        </accessor>
                    </technique_common>
                </source>
                <source id="ID68">
                    <float_array id="ID71" count="250">3.432155 2.681521 3.47285 2.65506 4.300305 2.681521 3.432155 2.117024 3.47285 2.143485 4.259611 2.143485 4.259611 2.65506 4.300306 2.117024 2.12993 2.117024 2.957384 2.143484 2.998079 2.117023 2.957384 2.655059 2.170624 2.655059 2.998079 2.68152 2.170624 2.143484 2.129929 2.68152 3.432155 3.246018 2.99808 2.681521 3.432155 2.681521 2.99808 3.246018 2.99808 3.246018 3.432155 3.246018 2.99808 2.681521 3.432155 2.681521 3.432154 2.117023 2.998079 2.68152 2.998079 2.117023 3.32456 2.324144 3.323635 2.32871 3.32727 2.319889 3.331581 2.316236 3.3372 2.313432 3.343743 2.31167 3.350765 2.311069 3.357786 2.31167 3.36433 2.313432 3.369948 2.316236 3.37426 2.319889 3.37697 2.324144 3.377894 2.32871 3.377894 2.399272 3.377894 2.469834 3.324559 2.474399 3.432154 2.68152 3.323635 2.469834 3.32727 2.478654 3.331581 2.482307 3.3372 2.485111 3.343743 2.486873 3.350765 2.487474 3.357786 2.486873 3.36433 2.485111 3.369948 2.482307 3.37426 2.478654 3.37697 2.474399 2.99808 1.552527 3.432155 2.117024 2.99808 2.117024 3.432155 1.552527 3.432155 1.552527 2.99808 1.552527 3.432155 2.117024 2.99808 2.117024 3.432155 0.9880304 2.99808 1.552527 2.99808 0.9880304 3.324561 1.195151 3.323637 1.199717 3.327271 1.190896 3.331583 1.187243 3.337201 1.18444 3.343745 1.182677 3.350766 1.182076 3.357788 1.182677 3.364331 1.18444 3.36995 1.187243 3.374261 1.190896 3.376972 1.195151 3.377896 1.199717 3.377896 1.270279 3.377896 1.340841 3.324561 1.345407 3.432155 1.552527 3.323637 1.340841 3.327271 1.349661 3.331583 1.353315 3.337201 1.356118 3.343745 1.35788 3.350766 1.358481 3.357788 1.35788 3.364331 1.356118 3.36995 1.353315 3.374261 1.349661 3.376972 1.345407 2.99808 2.681521 3.05234 2.32871 2.99808 2.117024 3.053264 2.324145 3.055974 2.31989 3.060286 2.316237 3.065904 2.313433 3.072448 2.311671 3.079469 2.31107 3.086491 2.311671 3.093034 2.313433 3.098653 2.316237 3.102964 2.31989 3.105674 2.324145 3.106599 2.469835 3.432155 2.117024 3.106599 2.328711 3.052339 2.399273 3.052339 2.469835 3.053264 2.4744 3.055974 2.478655 3.060286 2.482308 3.065904 2.485112 3.072447 2.486874 3.079469 2.487475 3.086491 2.486874 3.093034 2.485112 3.098653 2.482308 3.102964 2.478655 3.105674 2.4744 3.432155 2.681521</float_array>
                    <technique_common>
                        <accessor count="125" source="#ID71" stride="2">
                            <param name="S" type="float" />
                            <param name="T" type="float" />
                        </accessor>
                    </technique_common>
                </source>
                <vertices id="ID67">
                    <input semantic="POSITION" source="#ID64" />
                    <input semantic="NORMAL" source="#ID65" />
                </vertices>
                <triangles count="148" material="Material2">
                    <input offset="0" semantic="VERTEX" source="#ID67" />
                    <input offset="1" semantic="TEXCOORD" source="#ID68" />
                    <p>0 0 1 1 2 2 1 1 0 0 3 3 1 1 3 3 4 4 4 4 3 3 5 5 2 2 6 6 7 7 6 6 2 2 1 1 7 7 6 6 5 5 7 7 5 5 3 3 8 8 9 9 10 10 9 9 11 11 10 10 12 12 13 13 11 11 10 10 11 11 13 13 9 9 8 8 14 14 14 14 8 8 12 12 8 8 15 15 12 12 13 13 12 12 15 15 24 16 25 17 26 18 25 17 24 16 27 19 28 20 29 21 30 22 31 23 30 22 29 21 34 24 35 25 36 26 35 25 34 24 37 27 35 25 37 27 38 28 37 27 34 24 39 29 39 29 34 24 40 30 40 30 34 24 41 31 41 31 34 24 42 32 42 32 34 24 43 33 43 33 34 24 44 34 44 34 34 24 45 35 45 35 34 24 46 36 46 36 34 24 47 37 47 37 34 24 48 38 48 38 34 24 49 39 49 39 34 24 50 40 50 40 34 24 51 41 35 25 52 42 53 43 52 42 35 25 54 44 54 44 35 25 38 28 53 43 52 42 55 45 53 43 55 45 56 46 53 43 56 46 57 47 53 43 57 47 58 48 53 43 58 48 59 49 53 43 59 49 60 50 53 43 60 50 61 51 53 43 61 51 62 52 53 43 62 52 63 53 53 43 63 53 64 54 53 43 64 54 51 41 53 43 51 41 34 24 65 24 66 41 67 43 66 41 68 54 67 43 68 54 69 53 67 43 69 53 70 52 67 43 70 52 71 51 67 43 71 51 72 50 67 43 72 50 73 49 67 43 73 49 74 48 67 43 74 48 75 47 67 43 75 47 76 46 67 43 76 46 77 45 67 43 77 45 78 42 67 43 79 28 80 25 81 44 81 44 80 25 78 42 67 43 78 42 80 25 66 41 65 24 82 40 82 40 65 24 83 39 83 39 65 24 84 38 84 38 65 24 85 37 85 37 65 24 86 36 86 36 65 24 87 35 87 35 65 24 88 34 88 34 65 24 89 33 89 33 65 24 90 32 90 32 65 24 91 31 91 31 65 24 92 30 92 30 65 24 93 29 93 29 65 24 94 27 79 28 94 27 80 25 94 27 65 24 80 25 95 26 80 25 65 24 124 55 125 56 126 57 125 56 124 55 127 58 128 59 129 60 130 61 131 62 130 61 129 60 133 63 134 64 135 65 134 64 133 63 136 66 134 64 136 66 137 67 136 66 133 63 138 68 138 68 133 63 139 69 139 69 133 63 140 70 140 70 133 63 141 71 141 71 133 63 142 72 142 72 133 63 143 73 143 73 133 63 144 74 144 74 133 63 145 75 145 75 133 63 146 76 146 76 133 63 147 77 147 77 133 63 148 78 148 78 133 63 149 79 149 79 133 63 150 80 134 64 151 81 152 82 151 81 134 64 153 83 153 83 134 64 137 67 152 82 151 81 154 84 152 82 154 84 155 85 152 82 155 85 156 86 152 82 156 86 157 87 152 82 157 87 158 88 152 82 158 88 159 89 152 82 159 89 160 90 152 82 160 90 161 91 152 82 161 91 162 92 152 82 162 92 163 93 152 82 163 93 150 80 152 82 150 80 133 63 164 94 165 95 166 96 165 95 167 97 166 96 167 97 168 98 166 96 168 98 169 99 166 96 169 99 170 100 166 96 170 100 171 101 166 96 171 101 172 102 166 96 172 102 173 103 166 96 173 103 174 104 166 96 174 104 175 105 166 96 175 105 176 106 166 96 176 106 177 107 166 96 178 108 179 109 180 110 180 110 179 109 177 107 166 96 177 107 179 109 165 95 164 94 181 111 181 111 164 94 182 112 182 112 164 94 183 113 183 113 164 94 184 114 184 114 164 94 185 115 185 115 164 94 186 116 186 116 164 94 187 117 187 117 164 94 188 118 188 118 164 94 189 119 189 119 164 94 190 120 190 120 164 94 191 121 191 121 164 94 192 122 192 122 164 94 193 123 178 108 193 123 179 109 193 123 164 94 179 109 194 124 179 109 164 94</p>
                </triangles>
                <lines count="64" material="Material4">
                    <input offset="0" semantic="VERTEX" source="#ID67" />
                    <p>16 17 17 18 18 19 19 16 20 21 22 20 23 22 21 23 16 32 33 17 97 98 99 97 100 99 101 100 102 101 103 102 104 103 105 104 106 105 107 106 108 107 109 108 110 109 111 110 112 111 112 113 113 114 114 115 115 116 116 117 117 118 118 119 119 120 120 121 121 122 122 123 123 98 195 196 196 197 197 198 198 199 199 200 200 201 201 202 202 203 204 203 205 204 206 205 207 206 208 207 209 208 210 209 211 210 212 211 213 212 214 213 215 214 215 216 216 217 217 218 218 219 219 220 220 221 221 195</p>
                </lines>
                <lines count="6" material="Material3">
                    <input offset="0" semantic="VERTEX" source="#ID67" />
                    <p>32 33 33 96 96 18 132 96 132 19 32 132</p>
                </lines>
            </mesh>
        </geometry>
        <geometry id="ID73">
            <mesh>
                <source id="ID74">
                    <float_array id="ID79" count="630">0.6299213 0.6299213 12.59843 12.04724 0.6299213 6.889764 0.6299213 0.6299213 6.889764 4.661882 0.6299213 11.03704 4.76378 0.6299213 11.02362 4.566929 0.6299213 11.07637 4.485391 0.6299213 11.13893 4.422825 0.6299213 11.22047 4.383494 0.6299213 11.31543 4.370079 0.6299213 11.41732 4.383494 0.6299213 11.51922 4.422825 0.6299213 11.61417 4.485391 0.6299213 11.69571 4.566929 0.6299213 11.75828 4.661882 0.6299213 11.79761 4.76378 0.6299213 11.81102 6.338583 0.6299213 11.81102 7.913386 0.6299213 11.81102 8.015283 0.6299213 11.03704 12.04724 0.6299213 12.59843 7.913386 0.6299213 11.02362 8.110236 0.6299213 11.07637 8.191774 0.6299213 11.13893 8.254341 0.6299213 11.22047 8.293672 0.6299213 11.31543 8.307087 0.6299213 11.41732 8.293672 0.6299213 11.51922 8.254341 0.6299213 11.61417 8.191774 0.6299213 11.69571 8.110236 0.6299213 11.75828 8.015283 0.6299213 11.79761 0.6299213 0.6299213 12.59843 7.913386 0.6299213 11.81102 12.04724 0.6299213 12.59843 8.015283 0.6299213 11.79761 8.110236 0.6299213 11.75828 8.191774 0.6299213 11.69571 8.254341 0.6299213 11.61417 8.293672 0.6299213 11.51922 8.307087 0.6299213 11.41732 8.293672 0.6299213 11.31543 8.254341 0.6299213 11.22047 8.191774 0.6299213 11.13893 8.110236 0.6299213 11.07637 8.015283 0.6299213 11.03704 4.76378 0.6299213 11.02362 12.04724 0.6299213 6.889764 7.913386 0.6299213 11.02362 6.338583 0.6299213 11.81102 4.76378 0.6299213 11.81102 4.661882 0.6299213 11.79761 4.566929 0.6299213 11.75828 4.485391 0.6299213 11.69571 4.422825 0.6299213 11.61417 4.383494 0.6299213 11.51922 4.370079 0.6299213 11.41732 4.383494 0.6299213 11.31543 4.422825 0.6299213 11.22047 4.485391 0.6299213 11.13893 4.566929 0.6299213 11.07637 4.661882 0.6299213 11.03704 0.6299213 0.6299213 6.889764 0.6299213 0.6299213 12.59843 12.04724 0.6299213 12.59843 12.04724 0.6299213 6.889764 0.6299213 0.6299213 6.889764 4.76378 0.6299213 11.02362 7.913386 0.6299213 11.02362 8.015283 0.6299213 11.03704 8.110236 0.6299213 11.07637 8.191774 0.6299213 11.13893 8.254341 0.6299213 11.22047 8.293672 0.6299213 11.31543 8.307087 0.6299213 11.41732 8.293672 0.6299213 11.51922 8.254341 0.6299213 11.61417 8.191774 0.6299213 11.69571 8.110236 0.6299213 11.75828 8.015283 0.6299213 11.79761 7.913386 0.6299213 11.81102 6.338583 0.6299213 11.81102 4.76378 0.6299213 11.81102 4.661882 0.6299213 11.79761 4.566929 0.6299213 11.75828 4.485391 0.6299213 11.69571 4.422825 0.6299213 11.61417 4.383494 0.6299213 11.51922 4.370079 0.6299213 11.41732 4.383494 0.6299213 11.31543 4.422825 0.6299213 11.22047 4.485391 0.6299213 11.13893 4.566929 0.6299213 11.07637 4.661882 0.6299213 11.03704 12.04724 12.04724 12.59843 12.04724 0.6299213 6.889764 12.04724 0.6299213 12.59843 12.04724 12.04724 6.889764 12.04724 12.04724 6.889764 12.04724 12.04724 12.59843 12.04724 0.6299213 6.889764 12.04724 0.6299213 12.59843 12.04724 12.04724 12.59843 12.04724 12.04724 6.889764 12.04724 0.6299213 6.889764 0.6299213 12.04724 6.889764 0.6299213 0.6299213 6.889764 12.04724 12.04724 6.889764 12.04724 12.04724 6.889764 12.04724 0.6299213 6.889764 0.6299213 12.04724 6.889764 0.6299213 0.6299213 6.889764 0.6299213 12.04724 6.889764 0.6299213 12.04724 6.889764 0.6299213 0.6299213 12.59843 0.6299213 0.6299213 6.889764 0.6299213 12.04724 12.59843 0.6299213 12.04724 12.59843 0.6299213 12.04724 6.889764 0.6299213 0.6299213 12.59843 0.6299213 0.6299213 6.889764 0.6299213 12.04724 12.59843 12.04724 12.04724 12.59843 0.6299213 12.04724 6.889764 12.04724 12.04724 6.889764 8.015283 12.04724 11.03704 7.913386 12.04724 11.02362 8.110236 12.04724 11.07637 8.191774 12.04724 11.13893 8.254341 12.04724 11.22047 8.293672 12.04724 11.31543 8.307087 12.04724 11.41732 8.293672 12.04724 11.51922 8.254341 12.04724 11.61417 8.191774 12.04724 11.69571 8.110236 12.04724 11.75828 8.015283 12.04724 11.79761 7.913386 12.04724 11.81102 6.338583 12.04724 11.81102 4.76378 12.04724 11.81102 4.661882 12.04724 11.03704 0.6299213 12.04724 12.59843 4.76378 12.04724 11.02362 4.566929 12.04724 11.07637 4.485391 12.04724 11.13893 4.422825 12.04724 11.22047 4.383494 12.04724 11.31543 4.370079 12.04724 11.41732 4.383494 12.04724 11.51922 4.422825 12.04724 11.61417 4.485391 12.04724 11.69571 4.566929 12.04724 11.75828 4.661882 12.04724 11.79761 12.04724 12.04724 12.59843 4.76378 12.04724 11.81102 0.6299213 12.04724 12.59843 4.661882 12.04724 11.79761 4.566929 12.04724 11.75828 4.485391 12.04724 11.69571 4.422825 12.04724 11.61417 4.383494 12.04724 11.51922 4.370079 12.04724 11.41732 4.383494 12.04724 11.31543 4.422825 12.04724 11.22047 4.485391 12.04724 11.13893 4.566929 12.04724 11.07637 4.661882 12.04724 11.03704 7.913386 12.04724 11.02362 0.6299213 12.04724 6.889764 4.76378 12.04724 11.02362 6.338583 12.04724 11.81102 7.913386 12.04724 11.81102 8.015283 12.04724 11.79761 8.110236 12.04724 11.75828 8.191774 12.04724 11.69571 8.254341 12.04724 11.61417 8.293672 12.04724 11.51922 8.307087 12.04724 11.41732 8.293672 12.04724 11.31543 8.254341 12.04724 11.22047 8.191774 12.04724 11.13893 8.110236 12.04724 11.07637 8.015283 12.04724 11.03704 12.04724 12.04724 6.889764 4.76378 12.04724 11.02362 7.913386 12.04724 11.02362 4.661882 12.04724 11.03704 4.566929 12.04724 11.07637 4.485391 12.04724 11.13893 4.422825 12.04724 11.22047 4.383494 12.04724 11.31543 4.370079 12.04724 11.41732 4.383494 12.04724 11.51922 4.422825 12.04724 11.61417 4.485391 12.04724 11.69571 4.566929 12.04724 11.75828 4.661882 12.04724 11.79761 4.76378 12.04724 11.81102 6.338583 12.04724 11.81102 7.913386 12.04724 11.81102 8.015283 12.04724 11.79761 8.110236 12.04724 11.75828 8.191774 12.04724 11.69571 8.254341 12.04724 11.61417 8.293672 12.04724 11.51922 8.307087 12.04724 11.41732 8.293672 12.04724 11.31543 8.254341 12.04724 11.22047 8.191774 12.04724 11.13893 8.110236 12.04724 11.07637 8.015283 12.04724 11.03704</float_array>
                    <technique_common>
                        <accessor count="210" source="#ID79" stride="3">
                            <param name="X" type="float" />
                            <param name="Y" type="float" />
                            <param name="Z" type="float" />
                        </accessor>
                    </technique_common>
                </source>
                <source id="ID75">
                    <float_array id="ID80" count="630">0 1 0 0 1 0 0 1 0 0 1 0 0 1 0 0 1 0 0 1 0 0 1 0 0 1 0 0 1 0 0 1 0 0 1 0 0 1 0 0 1 0 0 1 0 0 1 0 0 1 0 0 1 0 0 1 0 0 1 0 0 1 0 0 1 0 0 1 0 0 1 0 0 1 0 0 1 0 0 1 0 0 1 0 0 1 0 0 1 0 0 1 0 -0 -1 -0 -0 -1 -0 -0 -1 -0 -0 -1 -0 -0 -1 -0 -0 -1 -0 -0 -1 -0 -0 -1 -0 -0 -1 -0 -0 -1 -0 -0 -1 -0 -0 -1 -0 -0 -1 -0 -0 -1 -0 -0 -1 -0 -0 -1 -0 -0 -1 -0 -0 -1 -0 -0 -1 -0 -0 -1 -0 -0 -1 -0 -0 -1 -0 -0 -1 -0 -0 -1 -0 -0 -1 -0 -0 -1 -0 -0 -1 -0 -0 -1 -0 -0 -1 -0 -0 -1 -0 -0 -1 -0 0 0 0 0 0 0 0 0 0 0 0 0 0 0 0 0 0 0 0 0 0 0 0 0 0 0 0 0 0 0 0 0 0 0 0 0 0 0 0 0 0 0 0 0 0 0 0 0 0 0 0 0 0 0 0 0 0 0 0 0 0 0 0 0 0 0 0 0 0 0 0 0 0 0 0 0 0 0 0 0 0 0 0 0 0 0 0 0 0 0 0 0 0 -1 0 0 -1 0 0 -1 0 0 -1 0 0 1 -0 -0 1 -0 -0 1 -0 -0 1 -0 -0 0 0 0 0 0 0 0 0 1 0 0 1 0 0 1 0 0 1 -0 -0 -1 -0 -0 -1 -0 -0 -1 -0 -0 -1 0 0 0 1 0 0 1 0 0 1 0 0 1 0 0 -1 -0 -0 -1 -0 -0 -1 -0 -0 -1 -0 -0 0 0 0 -0 -1 -0 -0 -1 -0 -0 -1 -0 -0 -1 -0 -0 -1 -0 -0 -1 -0 -0 -1 -0 -0 -1 -0 -0 -1 -0 -0 -1 -0 -0 -1 -0 -0 -1 -0 -0 -1 -0 -0 -1 -0 -0 -1 -0 -0 -1 -0 -0 -1 -0 -0 -1 -0 -0 -1 -0 -0 -1 -0 -0 -1 -0 -0 -1 -0 -0 -1 -0 -0 -1 -0 -0 -1 -0 -0 -1 -0 -0 -1 -0 -0 -1 -0 -0 -1 -0 -0 -1 -0 -0 -1 -0 0 1 0 0 1 0 0 1 0 0 1 0 0 1 0 0 1 0 0 1 0 0 1 0 0 1 0 0 1 0 0 1 0 0 1 0 0 1 0 0 1 0 0 1 0 0 1 0 0 1 0 0 1 0 0 1 0 0 1 0 0 1 0 0 1 0 0 1 0 0 1 0 0 1 0 0 1 0 0 1 0 0 1 0 0 1 0 0 1 0 0 1 0 0 0 0 0 0 0 0 0 0 0 0 0 0 0 0 0 0 0 0 0 0 0 0 0 0 0 0 0 0 0 0 0 0 0 0 0 0 0 0 0 0 0 0 0 0 0 0 0 0 0 0 0 0 0 0 0 0 0 0 0 0 0 0 0 0 0 0 0 0 0 0 0 0 0 0 0 0 0 0 0 0</float_array>
                    <technique_common>
                        <accessor count="210" source="#ID80" stride="3">
                            <param name="X" type="float" />
                            <param name="Y" type="float" />
                            <param name="Z" type="float" />
                        </accessor>
                    </technique_common>
                </source>
                <source id="ID76">
                    <Name_array id="ID82" count="0" />
                    <technique_common>
                        <accessor count="0" source="#ID82" stride="1">
                            <param name="skp_material" type="Name" />
                        </accessor>
                    </technique_common>
                </source>
                <source id="ID78">
                    <float_array id="ID81" count="234">3.47285 2.65506 3.86623 2.143485 3.86623 2.65506 3.580444 2.4744 3.581368 2.469835 3.577734 2.478655 3.573422 2.482309 3.567804 2.485112 3.56126 2.486874 3.554239 2.487475 3.547217 2.486874 3.540674 2.485112 3.535055 2.482309 3.530744 2.478655 3.528033 2.4744 3.527109 2.469835 3.527109 2.399273 3.527109 2.328711 3.580444 2.324145 3.47285 2.143485 3.581369 2.328711 3.577734 2.31989 3.573422 2.316237 3.567804 2.313433 3.561261 2.311671 3.554239 2.31107 3.547217 2.311671 3.540674 2.313433 3.535055 2.316237 3.530744 2.31989 3.528034 2.324145 2.170625 2.65506 2.224884 2.32871 2.170625 2.143485 2.225808 2.324145 2.228519 2.31989 2.23283 2.316237 2.238449 2.313433 2.244992 2.311671 2.252014 2.31107 2.259035 2.311671 2.265579 2.313433 2.271197 2.316237 2.275509 2.31989 2.278219 2.324145 2.279143 2.469835 2.564005 2.143485 2.279143 2.32871 2.224884 2.399273 2.224884 2.469835 2.225808 2.4744 2.228519 2.478655 2.23283 2.482308 2.238449 2.485112 2.244992 2.486874 2.252014 2.487475 2.259035 2.486874 2.265579 2.485112 2.271197 2.482308 2.275509 2.478655 2.278219 2.4744 2.564005 2.65506 3.432155 2.143485 3.038775 1.63191 3.432155 1.63191 3.038775 2.143485 3.038775 2.143485 3.432155 2.143485 3.038775 1.63191 3.432155 1.63191 1.817939 2.143485 2.604699 2.65506 1.817938 2.65506 2.6047 2.143485 2.6047 2.143485 1.817939 2.143485 2.604699 2.65506 1.817938 2.65506 3.038775 2.65506 3.432155 3.166636 3.038774 3.166636 3.432155 2.65506 3.432155 2.65506 3.038775 2.65506 3.432155 3.166636 3.038774 3.166636 3.432154 2.143484 3.038773 2.655059 3.038774 2.143484 3.32456 2.324144 3.323635 2.32871 3.32727 2.319889 3.331581 2.316236 3.3372 2.313432 3.343743 2.31167 3.350765 2.311069 3.357786 2.31167 3.36433 2.313432 3.369948 2.316236 3.37426 2.319889 3.37697 2.324144 3.377894 2.32871 3.377894 2.399272 3.377894 2.469834 3.324559 2.474399 3.432154 2.655059 3.323635 2.469834 3.32727 2.478654 3.331581 2.482307 3.3372 2.485111 3.343743 2.486873 3.350765 2.487474 3.357786 2.486873 3.36433 2.485111 3.369948 2.482307 3.37426 2.478654 3.37697 2.474399</float_array>
                    <technique_common>
                        <accessor count="117" source="#ID81" stride="2">
                            <param name="S" type="float" />
                            <param name="T" type="float" />
                        </accessor>
                    </technique_common>
                </source>
                <vertices id="ID77">
                    <input semantic="POSITION" source="#ID74" />
                    <input semantic="NORMAL" source="#ID75" />
                </vertices>
                <triangles count="136" material="Material2">
                    <input offset="0" semantic="VERTEX" source="#ID77" />
                    <input offset="1" semantic="TEXCOORD" source="#ID78" />
                    <p>0 0 1 1 2 2 1 1 0 0 3 3 1 1 3 3 4 4 3 3 0 0 5 5 5 5 0 0 6 6 6 6 0 0 7 7 7 7 0 0 8 8 8 8 0 0 9 9 9 9 0 0 10 10 10 10 0 0 11 11 11 11 0 0 12 12 12 12 0 0 13 13 13 13 0 0 14 14 14 14 0 0 15 15 15 15 0 0 16 16 16 16 0 0 17 17 1 1 18 18 19 19 18 18 1 1 20 20 20 20 1 1 4 4 19 19 18 18 21 21 19 19 21 21 22 22 19 19 22 22 23 23 19 19 23 23 24 24 19 19 24 24 25 25 19 19 25 25 26 26 19 19 26 26 27 27 19 19 27 27 28 28 19 19 28 28 29 29 19 19 29 29 30 30 19 19 30 30 17 17 19 19 17 17 0 0 31 31 32 32 33 33 32 32 34 34 33 33 34 34 35 35 33 33 35 35 36 36 33 33 36 36 37 37 33 33 37 37 38 38 33 33 38 38 39 39 33 33 39 39 40 40 33 33 40 40 41 41 33 33 41 41 42 42 33 33 42 42 43 43 33 33 43 43 44 44 33 33 45 45 46 46 47 47 47 47 46 46 44 44 33 33 44 44 46 46 32 32 31 31 48 48 48 48 31 31 49 49 49 49 31 31 50 50 50 50 31 31 51 51 51 51 31 31 52 52 52 52 31 31 53 53 53 53 31 31 54 54 54 54 31 31 55 55 55 55 31 31 56 56 56 56 31 31 57 57 57 57 31 31 58 58 58 58 31 31 59 59 59 59 31 31 60 60 45 45 60 60 46 46 60 60 31 31 46 46 61 61 46 46 31 31 93 62 94 63 95 64 94 63 93 62 96 65 97 66 98 67 99 68 100 69 99 68 98 67 103 70 104 71 105 72 104 71 103 70 106 73 107 74 108 75 109 76 110 77 109 76 108 75 112 78 113 79 114 80 113 79 112 78 115 81 116 82 117 83 118 84 119 85 118 84 117 83 121 86 122 87 123 88 122 87 121 86 124 89 122 87 124 89 125 90 124 89 121 86 126 91 126 91 121 86 127 92 127 92 121 86 128 93 128 93 121 86 129 94 129 94 121 86 130 95 130 95 121 86 131 96 131 96 121 86 132 97 132 97 121 86 133 98 133 98 121 86 134 99 134 99 121 86 135 100 135 100 121 86 136 101 136 101 121 86 137 102 137 102 121 86 138 103 122 87 139 104 140 105 139 104 122 87 141 106 141 106 122 87 125 90 140 105 139 104 142 107 140 105 142 107 143 108 140 105 143 108 144 109 140 105 144 109 145 110 140 105 145 110 146 111 140 105 146 111 147 112 140 105 147 112 148 113 140 105 148 113 149 114 140 105 149 114 150 115 140 105 150 115 151 116 140 105 151 116 138 103 140 105 138 103 121 86 152 86 153 103 154 105 153 103 155 116 154 105 155 116 156 115 154 105 156 115 157 114 154 105 157 114 158 113 154 105 158 113 159 112 154 105 159 112 160 111 154 105 160 111 161 110 154 105 161 110 162 109 154 105 162 109 163 108 154 105 163 108 164 107 154 105 164 107 165 104 154 105 166 90 167 87 168 106 168 106 167 87 165 104 154 105 165 104 167 87 153 103 152 86 169 102 169 102 152 86 170 101 170 101 152 86 171 100 171 100 152 86 172 99 172 99 152 86 173 98 173 98 152 86 174 97 174 97 152 86 175 96 175 96 152 86 176 95 176 95 152 86 177 94 177 94 152 86 178 93 178 93 152 86 179 92 179 92 152 86 180 91 180 91 152 86 181 89 166 90 181 89 167 87 181 89 152 86 167 87 182 88 167 87 152 86</p>
                </triangles>
                <lines count="66" material="Material3">
                    <input offset="0" semantic="VERTEX" source="#ID77" />
                    <p>62 63 63 64 65 64 62 65 66 67 67 68 68 69 69 70 70 71 71 72 72 73 73 74 74 75 75 76 76 77 77 78 78 79 79 80 80 81 82 81 83 82 84 83 85 84 86 85 87 86 88 87 89 88 90 89 91 90 92 91 66 92 63 101 101 102 64 102 102 111 111 65 120 62 120 111 101 120 183 184 183 185 185 186 186 187 187 188 188 189 189 190 190 191 191 192 192 193 193 194 194 195 195 196 197 196 198 197 199 198 200 199 201 200 202 201 203 202 204 203 205 204 206 205 207 206 208 207 209 208 184 209</p>
                </lines>
            </mesh>
        </geometry>
        <geometry id="ID83">
            <mesh>
                <source id="ID84">
                    <float_array id="ID89" count="534">8.307087 12.6378 11.41732 8.293672 12.04724 11.51922 8.307087 12.04724 11.41732 8.293672 12.6378 11.51922 8.293672 12.6378 11.51922 8.307087 12.6378 11.41732 8.293672 12.04724 11.51922 8.307087 12.04724 11.41732 8.307087 12.6378 11.41732 8.293672 12.6378 11.51922 8.293672 12.04724 11.51922 8.307087 12.04724 11.41732 8.254341 12.04724 11.61417 8.254341 12.6378 11.61417 8.254341 12.6378 11.61417 8.254341 12.04724 11.61417 8.254341 12.6378 11.61417 8.254341 12.04724 11.61417 8.293672 12.6378 11.31543 8.293672 12.04724 11.31543 8.293672 12.6378 11.31543 8.293672 12.04724 11.31543 8.293672 12.6378 11.31543 8.293672 12.04724 11.31543 8.191774 12.04724 11.69571 8.191774 12.6378 11.69571 8.191774 12.6378 11.69571 8.191774 12.04724 11.69571 8.191774 12.6378 11.69571 8.191774 12.04724 11.69571 8.254341 12.6378 11.22047 8.254341 12.04724 11.22047 8.254341 12.6378 11.22047 8.254341 12.04724 11.22047 8.254341 12.6378 11.22047 8.254341 12.04724 11.22047 8.110236 12.6378 11.75828 8.110236 12.04724 11.75828 8.110236 12.6378 11.75828 8.110236 12.04724 11.75828 8.110236 12.6378 11.75828 8.110236 12.04724 11.75828 8.191774 12.6378 11.13893 8.191774 12.04724 11.13893 8.191774 12.6378 11.13893 8.191774 12.04724 11.13893 8.191774 12.6378 11.13893 8.191774 12.04724 11.13893 8.015283 12.6378 11.79761 8.015283 12.04724 11.79761 8.015283 12.6378 11.79761 8.015283 12.04724 11.79761 8.015283 12.6378 11.79761 8.015283 12.04724 11.79761 8.110236 12.04724 11.07637 8.110236 12.6378 11.07637 8.110236 12.04724 11.07637 8.110236 12.6378 11.07637 8.110236 12.6378 11.07637 8.110236 12.04724 11.07637 7.913386 12.6378 11.81102 7.913386 12.04724 11.81102 7.913386 12.6378 11.81102 7.913386 12.04724 11.81102 7.913386 12.6378 11.81102 7.913386 12.04724 11.81102 8.015283 12.04724 11.03704 8.015283 12.6378 11.03704 8.015283 12.04724 11.03704 8.015283 12.6378 11.03704 8.015283 12.6378 11.03704 8.015283 12.04724 11.03704 7.913386 12.04724 11.81102 6.338583 12.6378 11.81102 6.338583 12.04724 11.81102 7.913386 12.6378 11.81102 7.913386 12.6378 11.81102 7.913386 12.04724 11.81102 6.338583 12.6378 11.81102 6.338583 12.04724 11.81102 6.338583 12.6378 11.81102 6.338583 12.04724 11.81102 7.913386 12.04724 11.02362 7.913386 12.6378 11.02362 7.913386 12.04724 11.02362 7.913386 12.6378 11.02362 7.913386 12.6378 11.02362 7.913386 12.04724 11.02362 4.76378 12.6378 11.81102 4.76378 12.04724 11.81102 4.76378 12.6378 11.81102 4.76378 12.04724 11.81102 4.76378 12.6378 11.81102 4.76378 12.04724 11.81102 7.913386 12.6378 11.02362 4.76378 12.04724 11.02362 4.76378 12.6378 11.02362 7.913386 12.04724 11.02362 7.913386 12.04724 11.02362 7.913386 12.6378 11.02362 4.76378 12.04724 11.02362 4.76378 12.6378 11.02362 4.76378 12.6378 11.02362 4.76378 12.04724 11.02362 4.76378 12.04724 11.81102 4.661882 12.6378 11.79761 4.661882 12.04724 11.79761 4.76378 12.6378 11.81102 4.76378 12.6378 11.81102 4.76378 12.04724 11.81102 4.661882 12.6378 11.79761 4.661882 12.04724 11.79761 4.661882 12.6378 11.79761 4.661882 12.04724 11.79761 4.76378 12.6378 11.02362 4.661882 12.04724 11.03704 4.661882 12.6378 11.03704 4.76378 12.04724 11.02362 4.76378 12.04724 11.02362 4.76378 12.6378 11.02362 4.661882 12.04724 11.03704 4.661882 12.6378 11.03704 4.661882 12.6378 11.03704 4.661882 12.04724 11.03704 4.566929 12.6378 11.75828 4.566929 12.04724 11.75828 4.566929 12.6378 11.75828 4.566929 12.04724 11.75828 4.566929 12.6378 11.75828 4.566929 12.04724 11.75828 4.566929 12.04724 11.07637 4.566929 12.6378 11.07637 4.566929 12.04724 11.07637 4.566929 12.6378 11.07637 4.566929 12.6378 11.07637 4.566929 12.04724 11.07637 4.485391 12.6378 11.69571 4.485391 12.04724 11.69571 4.485391 12.6378 11.69571 4.485391 12.04724 11.69571 4.485391 12.6378 11.69571 4.485391 12.04724 11.69571 4.485391 12.04724 11.13893 4.485391 12.6378 11.13893 4.485391 12.04724 11.13893 4.485391 12.6378 11.13893 4.485391 12.6378 11.13893 4.485391 12.04724 11.13893 4.422825 12.04724 11.61417 4.422825 12.6378 11.61417 4.422825 12.6378 11.61417 4.422825 12.04724 11.61417 4.422825 12.6378 11.61417 4.422825 12.04724 11.61417 4.422825 12.6378 11.22047 4.422825 12.04724 11.22047 4.422825 12.6378 11.22047 4.422825 12.04724 11.22047 4.422825 12.6378 11.22047 4.422825 12.04724 11.22047 4.383494 12.04724 11.51922 4.383494 12.6378 11.51922 4.383494 12.6378 11.51922 4.383494 12.04724 11.51922 4.383494 12.6378 11.51922 4.383494 12.04724 11.51922 4.383494 12.6378 11.31543 4.383494 12.04724 11.31543 4.383494 12.6378 11.31543 4.383494 12.04724 11.31543 4.383494 12.6378 11.31543 4.383494 12.04724 11.31543 4.370079 12.04724 11.41732 4.370079 12.6378 11.41732 4.370079 12.6378 11.41732 4.370079 12.04724 11.41732 4.370079 12.6378 11.41732 4.370079 12.04724 11.41732</float_array>
                    <technique_common>
                        <accessor count="178" source="#ID89" stride="3">
                            <param name="X" type="float" />
                            <param name="Y" type="float" />
                            <param name="Z" type="float" />
                        </accessor>
                    </technique_common>
                </source>
                <source id="ID85">
                    <float_array id="ID90" count="534">1 0 -1.131711e-15 0.9659258 0 0.258819 1 0 -1.131711e-15 0.9659258 0 0.258819 -0.9659258 -0 -0.258819 -1 -0 1.131711e-15 -0.9659258 -0 -0.258819 -1 -0 1.131711e-15 0 0 0 0 0 0 0 0 0 0 0 0 0.8660254 0 0.5 0.8660254 0 0.5 -0.8660254 -0 -0.5 -0.8660254 -0 -0.5 0 0 0 0 0 0 0.9659258 0 -0.258819 0.9659258 0 -0.258819 -0.9659258 -0 0.258819 -0.9659258 -0 0.258819 0 0 0 0 0 0 0.7071068 0 0.7071068 0.7071068 0 0.7071068 -0.7071068 -0 -0.7071068 -0.7071068 -0 -0.7071068 0 0 0 0 0 0 0.8660254 0 -0.5 0.8660254 0 -0.5 -0.8660254 -0 0.5 -0.8660254 -0 0.5 0 0 0 0 0 0 0.5 0 0.8660254 0.5 0 0.8660254 -0.5 -0 -0.8660254 -0.5 -0 -0.8660254 0 0 0 0 0 0 0.7071068 0 -0.7071068 0.7071068 0 -0.7071068 -0.7071068 -0 0.7071068 -0.7071068 -0 0.7071068 0 0 0 0 0 0 0.258819 0 0.9659258 0.258819 0 0.9659258 -0.258819 -0 -0.9659258 -0.258819 -0 -0.9659258 0 0 0 0 0 0 0.5 0 -0.8660254 0.5 0 -0.8660254 -0.5 -0 0.8660254 -0.5 -0 0.8660254 0 0 0 0 0 0 0.1305262 0 0.9914449 0.1305262 0 0.9914449 -0.1305262 -0 -0.9914449 -0.1305262 -0 -0.9914449 0 0 0 0 0 0 0.258819 0 -0.9659258 0.258819 0 -0.9659258 -0.258819 -0 0.9659258 -0.258819 -0 0.9659258 0 0 0 0 0 0 0 0 1 0 0 1 0 0 1 0 0 1 -0 -0 -1 -0 -0 -1 -0 -0 -1 -0 -0 -1 0 0 0 0 0 0 0.1305262 0 -0.9914449 0.1305262 0 -0.9914449 -0.1305262 -0 0.9914449 -0.1305262 -0 0.9914449 0 0 0 0 0 0 0 0 1 0 0 1 -0 -0 -1 -0 -0 -1 0 0 0 0 0 0 0 0 -1 0 0 -1 0 0 -1 0 0 -1 -0 -0 1 -0 -0 1 -0 -0 1 -0 -0 1 0 0 0 0 0 0 -0.1305262 0 0.9914449 -0.258819 0 0.9659258 -0.258819 0 0.9659258 -0.1305262 0 0.9914449 0.1305262 -0 -0.9914449 0.1305262 -0 -0.9914449 0.258819 -0 -0.9659258 0.258819 -0 -0.9659258 0 0 0 0 0 0 -0.1305262 -0 -0.9914449 -0.258819 0 -0.9659258 -0.258819 0 -0.9659258 -0.1305262 -0 -0.9914449 0.1305262 0 0.9914449 0.1305262 0 0.9914449 0.258819 -0 0.9659258 0.258819 -0 0.9659258 0 0 0 0 0 0 -0.5 0 0.8660254 -0.5 0 0.8660254 0.5 -0 -0.8660254 0.5 -0 -0.8660254 0 0 0 0 0 0 -0.5 0 -0.8660254 -0.5 0 -0.8660254 0.5 -0 0.8660254 0.5 -0 0.8660254 0 0 0 0 0 0 -0.7071068 0 0.7071068 -0.7071068 0 0.7071068 0.7071068 -0 -0.7071068 0.7071068 -0 -0.7071068 0 0 0 0 0 0 -0.7071068 0 -0.7071068 -0.7071068 0 -0.7071068 0.7071068 -0 0.7071068 0.7071068 -0 0.7071068 0 0 0 0 0 0 -0.8660254 0 0.5 -0.8660254 0 0.5 0.8660254 -0 -0.5 0.8660254 -0 -0.5 0 0 0 0 0 0 -0.8660254 0 -0.5 -0.8660254 0 -0.5 0.8660254 -0 0.5 0.8660254 -0 0.5 0 0 0 0 0 0 -0.9659258 0 0.258819 -0.9659258 0 0.258819 0.9659258 -0 -0.258819 0.9659258 -0 -0.258819 0 0 0 0 0 0 -0.9659258 0 -0.258819 -0.9659258 0 -0.258819 0.9659258 -0 0.258819 0.9659258 -0 0.258819 0 0 0 0 0 0 -1 0 -5.417955e-15 -1 0 -5.417955e-15 1 -0 5.417955e-15 1 -0 5.417955e-15 0 0 0 0 0 0</float_array>
                    <technique_common>
                        <accessor count="178" source="#ID90" stride="3">
                            <param name="X" type="float" />
                            <param name="Y" type="float" />
                            <param name="Z" type="float" />
                        </accessor>
                    </technique_common>
                </source>
                <source id="ID86">
                    <Name_array id="ID92" count="0" />
                    <technique_common>
                        <accessor count="0" source="#ID92" stride="1">
                            <param name="skp_material" type="Name" />
                        </accessor>
                    </technique_common>
                </source>
                <source id="ID88">
                    <float_array id="ID91" count="432">3.26967 2.117023 3.276753 2.143484 3.26967 2.143484 3.276753 2.117023 3.3631 2.285437 3.356078 2.284836 3.357788 2.311671 3.350766 2.31107 3.276754 2.117024 3.283836 2.143485 3.276754 2.143485 3.283836 2.117024 3.379904 2.288987 3.373361 2.287224 3.364331 2.313433 3.357788 2.311671 3.262589 2.117024 3.269672 2.143485 3.262589 2.143485 3.269672 2.117024 3.345454 2.284836 3.338433 2.285437 3.350766 2.31107 3.343744 2.311671 2.346089 2.117024 2.353171 2.143485 2.346089 2.143485 2.353171 2.117024 3.394723 2.295244 3.389104 2.292441 3.36995 2.316237 3.364331 2.313433 3.494977 2.117023 3.502059 2.143484 3.494977 2.143484 3.502059 2.117023 3.328171 2.287224 3.321628 2.288987 3.343744 2.311671 3.337201 2.313433 2.353171 2.143485 2.360253 2.117024 2.360253 2.143485 2.353171 2.117024 3.402235 2.300128 3.36995 2.316237 3.406546 2.303782 3.374261 2.31989 3.487896 2.117024 3.494978 2.143485 3.487896 2.143485 3.494978 2.117024 3.312428 2.292441 3.306809 2.295244 3.337201 2.313433 3.331583 2.316237 2.360253 2.143484 2.367335 2.117024 2.367335 2.143484 2.360253 2.117024 3.411858 2.309764 3.374261 2.31989 3.414568 2.314019 3.376971 2.324145 3.377 2.117024 3.369918 2.143485 3.369918 2.117024 3.377 2.143485 3.331583 2.316237 3.299297 2.300128 3.327271 2.31989 3.294986 2.303782 3.391461 2.324105 3.432155 2.328711 3.391461 2.328711 3.432155 2.324105 3.417318 2.320691 3.376971 2.324145 3.418242 2.325257 3.377896 2.328711 3.369917 2.117023 3.362834 2.143484 3.362834 2.117023 3.369917 2.143484 3.327271 2.31989 3.289674 2.309764 3.324561 2.324145 3.286964 2.314019 3.391459 2.32871 3.432154 2.399272 3.391459 2.399272 3.432154 2.32871 3.41859 2.328711 3.377896 2.328711 3.41859 2.399273 3.377896 2.399273 3.362836 2.117024 3.355754 2.143485 3.355754 2.117024 3.362836 2.143485 3.324561 2.324145 3.284214 2.320691 3.323636 2.328711 3.28329 2.325257 3.101529 3.219557 2.99301 3.246018 2.99301 3.219557 3.101529 3.246018 3.41859 2.399273 3.377896 2.399273 3.41859 2.469835 3.377896 2.469835 3.432153 3.03433 3.391459 2.893206 3.432153 2.893206 3.391459 3.03433 3.323636 2.328711 3.282942 2.32871 3.323636 2.469835 3.282942 2.469835 2.993009 3.219556 2.985927 3.246017 2.985927 3.219556 2.993009 3.246017 3.418242 2.473289 3.377896 2.469835 3.417318 2.477854 3.376971 2.4744 3.432155 2.893207 3.39146 2.888602 3.432155 2.888602 3.39146 2.893207 3.323636 2.469835 3.28329 2.473289 3.324561 2.4744 3.284214 2.477854 3.44025 3.219557 3.433168 3.246018 3.433168 3.219557 3.44025 3.246018 3.414568 2.484527 3.376971 2.4744 3.411858 2.488781 3.374261 2.478655 3.432155 2.888602 3.39146 2.883997 3.432155 2.883997 3.39146 2.888602 3.324561 2.4744 3.286964 2.484527 3.327271 2.478655 3.289674 2.488781 3.433168 3.219557 3.426085 3.246018 3.426085 3.219557 3.433168 3.246018 3.406546 2.494763 3.374261 2.478655 3.402235 2.498417 3.36995 2.482308 3.432155 2.883997 3.39146 2.879392 3.432155 2.879392 3.39146 2.883997 3.327271 2.478655 3.294986 2.494763 3.331582 2.482308 3.299297 2.498417 3.426085 3.246018 3.419003 3.219557 3.426085 3.219557 3.419003 3.246018 3.389104 2.506105 3.394723 2.503301 3.364331 2.485112 3.36995 2.482308 2.993538 3.246017 2.986456 3.219556 2.993538 3.219556 2.986456 3.246017 3.306809 2.503301 3.312428 2.506105 3.331582 2.482308 3.337201 2.485112 3.419002 3.246017 3.41192 3.219556 3.419002 3.219556 3.41192 3.246017 3.373361 2.511321 3.379904 2.509558 3.357788 2.486874 3.364331 2.485112 3.000621 3.246018 2.993539 3.219557 3.000621 3.219557 2.993539 3.246018 3.321628 2.509558 3.328171 2.511321 3.337201 2.485112 3.343744 2.486874 3.411921 3.246018 3.404839 3.219557 3.411921 3.219557 3.404839 3.246018 3.356078 2.51371 3.363099 2.513109 3.350766 2.487475 3.357788 2.486874 3.404839 3.246018 3.397756 3.219557 3.404839 3.219557 3.397756 3.246018 3.338433 2.513109 3.345454 2.51371 3.343744 2.486874 3.350766 2.487475</float_array>
                    <technique_common>
                        <accessor count="216" source="#ID91" stride="2">
                            <param name="S" type="float" />
                            <param name="T" type="float" />
                        </accessor>
                    </technique_common>
                </source>
                <vertices id="ID87">
                    <input semantic="POSITION" source="#ID84" />
                    <input semantic="NORMAL" source="#ID85" />
                </vertices>
                <triangles count="108" material="Material2">
                    <input offset="0" semantic="VERTEX" source="#ID87" />
                    <input offset="1" semantic="TEXCOORD" source="#ID88" />
                    <p>0 0 1 1 2 2 1 1 0 0 3 3 4 4 5 5 6 6 7 7 6 6 5 5 3 8 12 9 1 10 12 9 3 8 13 11 14 12 4 13 15 14 6 15 15 14 4 13 18 16 2 17 19 18 2 17 18 16 0 19 5 20 20 21 7 22 21 23 7 22 20 21 13 24 24 25 12 26 24 25 13 24 25 27 26 28 14 29 27 30 15 31 27 30 14 29 30 32 19 33 31 34 19 33 30 32 18 35 20 36 32 37 21 38 33 39 21 38 32 37 24 40 36 41 37 42 36 41 24 40 25 43 26 44 27 45 38 46 39 47 38 46 27 45 42 48 31 49 43 50 31 49 42 48 30 51 32 52 44 53 33 54 45 55 33 54 44 53 37 56 48 57 49 58 48 57 37 56 36 59 38 60 39 61 50 62 51 63 50 62 39 61 42 64 54 65 55 66 54 65 42 64 43 67 45 68 44 69 56 70 57 71 56 70 44 69 49 72 60 73 61 74 60 73 49 72 48 75 50 76 51 77 62 78 63 79 62 78 51 77 55 80 66 81 67 82 66 81 55 80 54 83 56 84 57 85 68 86 69 87 68 86 57 85 72 88 73 89 74 90 73 89 72 88 75 91 76 92 77 93 78 94 79 95 78 94 77 93 67 96 82 97 83 98 82 97 67 96 66 99 68 100 69 101 84 102 85 103 84 102 69 101 74 104 88 105 89 106 88 105 74 104 73 107 78 108 79 109 90 110 91 111 90 110 79 109 94 112 95 113 96 114 95 113 94 112 97 115 98 116 99 117 100 118 101 119 100 118 99 117 104 120 105 121 106 122 105 121 104 120 107 123 108 124 109 125 110 126 111 127 110 126 109 125 114 128 115 129 116 130 115 129 114 128 117 131 118 132 119 133 120 134 121 135 120 134 119 133 106 136 124 137 125 138 124 137 106 136 105 139 110 140 111 141 126 142 127 143 126 142 111 141 116 144 130 145 131 146 130 145 116 144 115 147 120 148 121 149 132 150 133 151 132 150 121 149 125 152 136 153 137 154 136 153 125 152 124 155 126 156 127 157 138 158 139 159 138 158 127 157 131 160 142 161 143 162 142 161 131 160 130 163 132 164 133 165 144 166 145 167 144 166 133 165 136 168 148 169 137 170 148 169 136 168 149 171 150 172 138 173 151 174 139 175 151 174 138 173 154 176 142 177 155 178 142 177 154 176 143 179 145 180 156 181 144 182 157 183 144 182 156 181 149 184 160 185 148 186 160 185 149 184 161 187 162 188 150 189 163 190 151 191 163 190 150 189 166 192 155 193 167 194 155 193 166 192 154 195 156 196 168 197 157 198 169 199 157 198 168 197 161 200 172 201 160 202 172 201 161 200 173 203 174 204 162 205 175 206 163 207 175 206 162 205 173 208 167 209 172 210 167 209 173 208 166 211 168 212 174 213 169 214 175 215 169 214 174 213</p>
                </triangles>
                <lines count="81" material="Material3">
                    <input offset="0" semantic="VERTEX" source="#ID87" />
                    <p>8 9 9 10 11 10 8 11 9 16 16 17 10 17 22 8 23 11 22 23 16 28 28 29 17 29 34 22 35 23 34 35 28 40 40 41 29 41 46 34 47 35 46 47 40 52 52 53 41 53 58 46 59 47 58 59 52 64 64 65 53 65 70 58 71 59 70 71 64 80 80 81 65 81 86 70 87 71 86 87 80 92 92 93 81 93 102 86 103 87 102 103 112 92 112 113 113 93 102 122 103 123 122 123 128 112 128 129 129 113 122 134 123 135 134 135 140 128 140 141 141 129 134 146 135 147 146 147 152 140 152 153 153 141 146 158 147 159 158 159 164 152 164 165 165 153 158 170 159 171 170 171 176 164 176 177 177 165 170 176 171 177</p>
                </lines>
            </mesh>
        </geometry>
        <geometry id="ID93">
            <mesh>
                <source id="ID96">
                    <float_array id="ID101" count="36">12.6378 0.03937008 6.299213 0.03937008 12.6378 6.299213 0.03937008 0.03937008 6.299213 12.6378 12.6378 6.299213 12.6378 12.6378 6.299213 12.6378 0.03937008 6.299213 0.03937008 12.6378 6.299213 0.03937008 0.03937008 6.299213 0.03937008 12.6378 6.299213 0.03937008 0.03937008 6.299213 12.6378 0.03937008 6.299213 12.6378 12.6378 6.299213</float_array>
                    <technique_common>
                        <accessor count="12" source="#ID101" stride="3">
                            <param name="X" type="float" />
                            <param name="Y" type="float" />
                            <param name="Z" type="float" />
                        </accessor>
                    </technique_common>
                </source>
                <source id="ID97">
                    <float_array id="ID102" count="36">0 0 1 0 0 1 0 0 1 0 0 1 -0 -0 -1 -0 -0 -1 -0 -0 -1 -0 -0 -1 0 0 0 0 0 0 0 0 0 0 0 0</float_array>
                    <technique_common>
                        <accessor count="12" source="#ID102" stride="3">
                            <param name="X" type="float" />
                            <param name="Y" type="float" />
                            <param name="Z" type="float" />
                        </accessor>
                    </technique_common>
                </source>
                <source id="ID98">
                    <Name_array id="ID104" count="0" />
                    <technique_common>
                        <accessor count="0" source="#ID104" stride="1">
                            <param name="skp_material" type="Name" />
                        </accessor>
                    </technique_common>
                </source>
                <source id="ID100">
                    <float_array id="ID103" count="8">2.645394 2.117024 1.777244 2.117024 2.645394 2.681521 1.777244 2.681521</float_array>
                    <technique_common>
                        <accessor count="4" source="#ID103" stride="2">
                            <param name="S" type="float" />
                            <param name="T" type="float" />
                        </accessor>
                    </technique_common>
                </source>
                <vertices id="ID99">
                    <input semantic="POSITION" source="#ID96" />
                    <input semantic="NORMAL" source="#ID97" />
                </vertices>
                <triangles count="2" material="Material3">
                    <input offset="0" semantic="VERTEX" source="#ID99" />
                    <p>0 1 2 1 0 3</p>
                </triangles>
                <triangles count="2" material="Material2">
                    <input offset="0" semantic="VERTEX" source="#ID99" />
                    <input offset="1" semantic="TEXCOORD" source="#ID100" />
                    <p>4 0 5 1 6 2 7 3 6 2 5 1</p>
                </triangles>
                <lines count="4" material="Material4">
                    <input offset="0" semantic="VERTEX" source="#ID99" />
                    <p>8 9 9 10 11 10 8 11</p>
                </lines>
            </mesh>
        </geometry>
    </library_geometries>
    <library_materials>
        <material id="ID8" name="Color_M09">
            <instance_effect url="#ID9" />
        </material>
        <material id="ID14" name="edge_color000255">
            <instance_effect url="#ID15" />
        </material>
        <material id="ID47" name="material_1">
            <instance_effect url="#ID48" />
        </material>
        <material id="ID57" name="edge_color167140103255">
            <instance_effect url="#ID58" />
        </material>
        <material id="ID95" name="material">
            <instance_effect url="#ID94" />
        </material>
    </library_materials>
    <library_effects>
        <effect id="ID9">
            <profile_COMMON>
                <technique sid="COMMON">
                    <lambert>
                        <diffuse>
                            <color>0 0 0 1</color>
                        </diffuse>
                    </lambert>
                </technique>
            </profile_COMMON>
        </effect>
        <effect id="ID15">
            <profile_COMMON>
                <technique sid="COMMON">
                    <constant>
                        <transparent opaque="A_ONE">
                            <color>0 0 0 1</color>
                        </transparent>
                        <transparency>
                            <float>1</float>
                        </transparency>
                    </constant>
                </technique>
            </profile_COMMON>
        </effect>
        <effect id="ID48">
            <profile_COMMON>
                <newparam sid="ID50">
                    <surface type="2D">
                        <init_from>ID49</init_from>
                    </surface>
                </newparam>
                <newparam sid="ID51">
                    <sampler2D>
                        <source>ID50</source>
                    </sampler2D>
                </newparam>
                <technique sid="COMMON">
                    <lambert>
                        <diffuse>
                            <texture texture="ID51" texcoord="UVSET0" />
                        </diffuse>
                    </lambert>
                </technique>
            </profile_COMMON>
        </effect>
        <effect id="ID58">
            <profile_COMMON>
                <technique sid="COMMON">
                    <constant>
                        <transparent opaque="A_ONE">
                            <color>0.654902 0.5490196 0.4039216 1</color>
                        </transparent>
                        <transparency>
                            <float>1</float>
                        </transparency>
                    </constant>
                </technique>
            </profile_COMMON>
        </effect>
        <effect id="ID94">
            <profile_COMMON>
                <technique sid="COMMON">
                    <lambert>
                        <diffuse>
                            <color>1 1 1 1</color>
                        </diffuse>
                    </lambert>
                </technique>
            </profile_COMMON>
        </effect>
    </library_effects>
    <library_images>
        <image id="ID49">
            <init_from>model/material_1.jpg</init_from>
        </image>
    </library_images>
    <scene>
        <instance_visual_scene url="#ID2" />
    </scene>
</COLLADA>
