agent,chain,job_id,global_iter,loss,val,rew,entropy_coef,abc,sr,valid_goals,invalid_goals,avg_xy,max_xy
alice,0,28580923,0,0.026,0.4382,5.3333,1.0,,,321,817,0.05,0.566
alice,0,28580923,1,0.0048,0.4059,5.0726,0.9881,,,306,691,0.054,0.474
alice,0,28580923,2,0.0059,0.4806,5.2101,0.9763,,,330,595,0.064,0.537
alice,0,28580923,3,-0.0004,0.3792,5.1743,0.9647,,,307,636,0.056,0.481
alice,0,28580923,4,-0.001,0.355,5.2647,0.9533,,,312,649,0.06,0.6
alice,0,28580923,5,-0.0057,0.369,5.3168,0.942,,,308,627,0.058,0.527
alice,0,28580923,6,-0.0069,0.4302,5.1613,0.9309,,,313,593,0.061,0.483
alice,0,28580923,7,-0.0006,0.3521,4.9545,0.9199,,,314,644,0.054,0.576
alice,0,28580923,8,-0.002,0.3873,5.2202,0.909,,,305,622,0.058,0.778
alice,0,28580923,9,-0.0031,0.3752,5.1982,0.8983,,,307,641,0.059,0.568
alice,0,28580923,10,-0.0011,0.4188,5.128,0.8878,,,330,601,0.062,0.694
alice,0,28580923,11,-0.0051,0.3253,5.0538,0.8773,,,288,674,0.054,0.786
alice,0,28580923,12,0.0012,0.4416,5.3307,0.8671,,,311,606,0.058,0.535
alice,0,28580923,13,0.0105,0.4328,5.5868,0.8569,,,331,597,0.061,0.479
alice,0,28580923,14,0.0022,0.3741,5.1524,0.8469,,,312,622,0.057,0.474
alice,0,28580923,15,-0.0075,0.3797,4.8983,0.837,,,304,635,0.057,0.598
alice,0,28580923,16,0.0092,0.4121,5.187,0.8273,,,306,625,0.06,0.617
alice,0,28580923,17,0.0189,0.3776,4.88,0.8176,,,329,610,0.056,0.509
alice,0,28580923,18,0.0136,0.3512,5.1845,0.8081,,,314,658,0.055,0.485
alice,0,28580923,19,0.0052,0.4152,5.2373,0.7988,,,319,592,0.059,0.436
alice,0,28580923,20,0.0115,0.3934,5.177,0.7895,,,312,610,0.06,0.617
alice,0,28580923,21,0.0098,0.3996,5.1736,0.7804,,,305,634,0.057,0.495
alice,0,28580923,22,0.013,0.412,5.3496,0.7714,,,309,628,0.06,0.649
alice,0,28580923,23,0.0243,0.3834,5.2544,0.7625,,,330,620,0.062,0.503
alice,0,28580923,24,0.0027,0.4036,5.2295,0.7537,,,308,600,0.058,0.576
alice,0,28580923,25,0.0122,0.4055,5.3471,0.7451,,,320,618,0.06,0.403
alice,0,28580923,26,0.0126,0.3881,5.1071,0.7366,,,324,602,0.064,0.609
alice,0,28580923,27,0.0111,0.3477,4.7615,0.7281,,,314,626,0.058,0.586
alice,0,28580923,28,0.0174,0.404,4.968,0.7198,,,343,567,0.065,0.427
alice,0,28580923,29,0.0119,0.4153,5.1949,0.7116,,,331,578,0.063,0.529
alice,0,28580923,30,0.0143,0.4583,5.3701,0.7035,,,329,544,0.066,0.591
alice,0,28580923,31,0.0081,0.3781,5.0,0.6955,,,330,610,0.065,0.787
alice,0,28580923,32,0.0026,0.4125,4.9113,0.6877,,,333,575,0.066,0.82
alice,0,28580923,33,0.0091,0.3854,4.8926,0.6799,,,320,602,0.063,0.637
alice,0,28580923,34,0.0159,0.3876,4.9106,0.6722,,,341,589,0.064,0.482
alice,0,28580923,35,0.0128,0.4046,5.3243,0.6646,,,331,574,0.068,0.668
alice,0,28580923,36,0.0058,0.4204,5.3894,0.6572,,,321,571,0.066,0.512
alice,0,28580923,37,0.0217,0.4653,5.1324,0.6498,,,364,512,0.076,0.625
alice,0,28580923,38,0.0191,0.3891,4.8839,0.6425,,,345,553,0.07,0.631
alice,0,28580923,39,0.015,0.466,5.3033,0.6353,,,350,528,0.076,0.609
alice,0,28580923,40,0.0067,0.4919,5.2,0.6283,,,339,505,0.078,0.699
alice,0,28580923,41,0.0318,0.4906,5.2357,0.6213,,,382,488,0.085,0.846
alice,0,28580923,42,0.0193,0.4718,5.1172,0.6144,,,363,458,0.083,0.661
alice,0,28580923,43,0.0178,0.4896,5.2059,0.6076,,,358,493,0.08,0.495
alice,0,28580923,44,0.0225,0.5018,5.3407,0.6009,,,359,486,0.085,0.767
alice,0,28580923,45,0.0183,0.4787,5.2656,0.5942,,,354,495,0.083,0.703
alice,0,28580923,46,0.0242,0.5039,5.1268,0.5877,,,374,466,0.086,0.48
alice,0,28580923,47,0.0181,0.5126,5.0338,0.5812,,,381,445,0.089,0.694
alice,0,28580923,48,0.0181,0.4733,5.1575,0.5749,,,350,488,0.079,0.66
alice,0,28580923,49,0.0259,0.5043,5.1304,0.5686,,,386,465,0.088,0.551
alice,0,28580923,50,0.0036,0.4264,5.1518,0.5624,,,331,533,0.071,0.466
alice,0,28580923,51,0.0182,0.5459,5.4437,0.5563,,,364,467,0.085,0.635
alice,0,28580923,52,0.0256,0.4902,5.0141,0.5502,,,373,467,0.081,0.545
alice,0,28580923,53,0.0281,0.5055,5.3796,0.5443,,,380,453,0.085,0.499
alice,0,28580923,54,0.019,0.5247,5.1329,0.5384,,,385,426,0.089,0.738
alice,0,28580923,55,0.0148,0.5122,5.313,0.5326,,,369,456,0.088,0.571
alice,0,28580923,56,0.0199,0.5203,5.1679,0.5269,,,398,418,0.093,0.722
alice,0,28580923,57,0.0088,0.4864,5.048,0.5212,,,378,429,0.089,0.728
alice,0,28580923,58,0.0132,0.4663,4.8519,0.5156,,,373,440,0.082,0.611
alice,0,28580923,59,0.046,0.5504,5.3562,0.5101,,,399,390,0.098,0.788
alice,0,28580923,60,0.0233,0.5213,5.234,0.5047,,,375,422,0.092,0.689
alice,0,28580923,61,0.0426,0.5326,5.3448,0.4994,,,381,418,0.093,0.574
alice,0,28580923,62,0.0262,0.5901,5.2606,0.4941,,,394,403,0.091,0.46
alice,0,28580923,63,0.0325,0.5442,5.0645,0.4889,,,406,396,0.099,0.58
alice,0,28580923,64,0.0219,0.5304,5.2446,0.4837,,,388,401,0.093,0.561
alice,0,28580923,65,0.0189,0.462,4.9762,0.4786,,,384,436,0.09,0.645
alice,0,28580923,66,0.0219,0.5417,5.2254,0.4736,,,397,395,0.1,0.633
alice,0,28580923,67,0.032,0.5381,5.2388,0.4687,,,405,377,0.102,0.702
alice,0,28580923,68,0.0159,0.532,5.4444,0.4638,,,388,393,0.098,0.672
alice,0,28580923,69,0.0168,0.5936,5.375,0.459,,,405,357,0.101,0.734
alice,0,28580923,70,0.0263,0.5879,5.4526,0.4542,,,405,334,0.106,0.621
alice,0,28580923,71,0.0323,0.5664,5.1667,0.4496,,,410,339,0.105,0.671
alice,0,28580923,72,0.0335,0.5787,5.2958,0.4449,,,403,359,0.1,0.579
alice,0,28580923,73,0.0403,0.6259,5.3709,0.4404,,,426,318,0.112,0.566
alice,0,28580923,74,0.0187,0.6634,5.0941,0.4359,,,423,295,0.116,0.763
alice,0,28580923,75,0.0353,0.6956,5.1714,0.4314,,,444,276,0.118,0.548
alice,0,28580923,76,0.0273,0.6165,5.3289,0.427,,,412,315,0.105,0.443
alice,0,28580923,77,0.0347,0.6084,5.0802,0.4227,,,431,310,0.106,0.455
alice,0,28580923,78,0.0294,0.6078,5.2185,0.4184,,,418,312,0.107,0.507
alice,0,28580923,79,0.0248,0.5441,5.2721,0.4142,,,414,342,0.104,0.596
alice,0,28580923,80,0.0168,0.5711,4.9648,0.4101,,,421,315,0.108,0.567
alice,0,28580923,81,0.0412,0.6324,5.2733,0.406,,,437,274,0.12,0.658
alice,0,28580923,82,0.0274,0.6145,4.9419,0.4019,,,420,287,0.114,0.669
alice,0,28580923,83,0.0406,0.6371,4.9881,0.3979,,,437,277,0.114,0.605
alice,0,28580923,84,0.0416,0.6843,5.4472,0.394,,,446,256,0.122,0.594
alice,0,28580923,85,0.0324,0.6049,4.9172,0.3901,,,447,276,0.115,0.657
alice,0,28580923,86,0.0301,0.6207,5.1067,0.3863,,,429,271,0.123,0.747
alice,0,28580923,87,0.0158,0.6527,5.236,0.3825,,,422,287,0.115,0.584
alice,0,28580923,88,0.0411,0.6738,5.2398,0.3787,,,451,259,0.125,0.593
alice,0,28580923,89,0.0514,0.6546,5.4698,0.375,,,451,247,0.127,0.687
alice,0,28580923,90,0.0202,0.6731,5.4218,0.3714,,,422,254,0.123,0.846
alice,0,28580923,91,0.0465,0.6588,5.3987,0.3678,,,431,267,0.121,0.565
alice,0,28580923,92,0.045,0.6997,5.3391,0.3643,,,446,239,0.133,0.613
alice,0,28580923,93,0.0459,0.6566,5.4516,0.3608,,,445,252,0.133,0.634
alice,0,28580923,94,0.0273,0.6438,5.0061,0.3573,,,440,260,0.124,0.613
alice,0,28580923,95,0.0251,0.7489,5.3314,0.3539,,,436,244,0.128,0.625
alice,0,28580923,96,0.0496,0.6654,5.2254,0.3506,,,442,272,0.12,0.502
alice,0,28580923,97,0.0394,0.6586,5.0982,0.3472,,,454,253,0.129,0.816
alice,0,28580923,98,0.0289,0.6619,5.1366,0.344,,,440,240,0.128,0.556
alice,0,28580923,99,0.0381,0.6688,5.0409,0.3407,,,452,241,0.128,0.611
alice,0,28580923,100,0.0426,0.6449,5.0247,0.3376,,,453,234,0.128,0.553
alice,0,28580923,101,0.0472,0.7056,5.2349,0.3344,,,450,215,0.134,0.519
alice,0,28580923,102,0.0154,0.6571,5.2147,0.3313,,,412,290,0.114,0.525
alice,0,28580923,103,0.0394,0.666,4.9892,0.3282,,,452,268,0.121,0.488
alice,0,28580923,104,0.0372,0.648,5.1646,0.3252,,,440,266,0.123,0.572
alice,0,28580923,105,0.0376,0.7125,5.3529,0.3222,,,443,232,0.134,0.797
alice,0,28580923,106,0.0521,0.6553,5.2216,0.3193,,,449,242,0.129,0.559
alice,0,28580923,107,0.0441,0.6679,5.1228,0.3164,,,456,217,0.131,0.59
alice,0,28580923,108,0.0499,0.6607,5.0,0.3135,,,465,212,0.128,0.534
alice,0,28580923,109,0.0807,0.6706,4.9101,0.3107,,,469,194,0.137,0.526
alice,0,28580923,110,0.0552,0.6563,5.0059,0.3079,,,463,205,0.139,0.758
alice,0,28580923,111,0.0319,0.6643,4.9881,0.3052,,,458,221,0.133,0.645
alice,0,28580923,112,0.0402,0.7157,5.1207,0.3025,,,460,200,0.141,0.638
alice,0,28580923,113,0.0584,0.7317,5.1073,0.2998,,,470,190,0.142,0.584
alice,0,28580923,114,0.051,0.6938,5.0647,0.2971,,,459,220,0.134,0.663
alice,0,28580923,115,0.0607,0.7082,5.2934,0.2945,,,455,199,0.142,0.745
alice,0,28580923,116,0.0742,0.6959,5.1951,0.292,,,467,188,0.146,0.851
alice,0,28580923,117,0.084,0.7018,5.1576,0.2894,,,484,159,0.15,0.624
alice,0,28580923,118,0.0448,0.6643,5.0325,0.2869,,,457,200,0.145,0.463
alice,0,28580923,119,0.0692,0.7279,5.259,0.2844,,,465,172,0.154,0.643
alice,0,28580923,120,0.0821,0.7552,5.1461,0.282,,,487,135,0.168,0.627
alice,0,28580923,121,0.0595,0.7502,5.5375,0.2796,,,467,158,0.158,0.659
alice,0,28580923,122,0.0355,0.786,5.4201,0.2772,,,461,188,0.147,0.609
alice,0,28580923,123,0.0281,0.7552,5.1307,0.2749,,,459,183,0.141,0.607
alice,0,28580923,124,0.0432,0.7707,5.0582,0.2726,,,471,174,0.15,0.527
alice,0,28580923,125,0.0658,0.8016,5.1897,0.2703,,,481,138,0.156,0.618
alice,0,28580923,126,0.0518,0.7656,5.1711,0.268,,,477,164,0.151,0.693
alice,0,28580923,127,0.0608,0.7823,5.3297,0.2658,,,469,165,0.153,0.504
alice,0,28580923,128,0.1024,0.7065,5.1033,0.2636,,,472,184,0.146,0.559
alice,0,28580923,129,0.0879,0.7229,5.2179,0.2614,,,469,178,0.143,0.575
alice,0,28580923,130,0.0602,0.6781,4.9385,0.2593,,,463,207,0.136,0.49
alice,0,28580923,131,0.069,0.7272,5.0166,0.2572,,,481,171,0.149,0.518
alice,0,28580923,132,0.0859,0.7025,5.1183,0.2551,,,478,162,0.15,0.537
alice,0,28580923,133,0.0442,0.7156,5.2761,0.2531,,,456,198,0.139,0.568
alice,0,28580923,134,0.05,0.7557,5.1965,0.251,,,456,200,0.139,0.503
alice,0,28580923,135,0.0639,0.7458,4.8889,0.249,,,497,148,0.154,0.494
alice,0,28580923,136,0.0434,0.7482,5.2635,0.2471,,,472,165,0.153,0.606
alice,0,28580923,137,0.0293,0.8075,5.1278,0.2451,,,463,151,0.154,0.531
alice,0,28580923,138,0.0961,0.815,5.2359,0.2432,,,489,126,0.173,0.661
alice,0,28580923,139,0.0902,0.8565,5.4145,0.2413,,,492,108,0.177,0.719
alice,0,28580923,140,0.0819,0.7956,5.3242,0.2394,,,484,122,0.167,0.571
alice,0,28580923,141,0.0632,0.724,4.8722,0.2376,,,495,142,0.163,0.629
alice,0,28580923,142,0.0561,0.7546,5.0173,0.2358,,,475,144,0.161,0.609
alice,0,28580923,143,0.0555,0.8025,5.32,0.234,,,481,135,0.161,0.527
alice,0,28580923,144,0.0577,0.6884,5.1937,0.2322,,,465,178,0.157,0.478
alice,0,28580923,145,0.0621,0.676,5.1173,0.2305,,,469,168,0.147,0.562
alice,0,28580923,146,0.0721,0.7692,5.2429,0.2287,,,486,128,0.16,0.475
alice,0,28580923,147,0.0837,0.7267,5.3214,0.227,,,481,139,0.158,0.598
alice,0,28580923,148,0.0726,0.7432,5.0223,0.2253,,,478,144,0.154,0.559
alice,0,28580923,149,0.0886,0.7678,5.0645,0.2237,,,483,138,0.155,0.638
alice,0,28580923,150,0.0734,0.8017,5.2287,0.222,,,485,137,0.157,0.598
alice,0,28580923,151,0.0587,0.7549,5.2597,0.2204,,,490,142,0.158,0.539
alice,0,28580923,152,0.0807,0.7711,5.2749,0.2188,,,484,125,0.16,0.51
alice,0,28580923,153,0.0735,0.7915,5.3295,0.2173,,,486,131,0.162,0.625
alice,0,28580923,154,0.0808,0.7539,5.186,0.2157,,,483,133,0.162,0.564
alice,0,28580923,155,0.0419,0.7733,5.0279,0.2142,,,473,147,0.15,0.689
alice,0,28580923,156,0.0612,0.8078,5.4148,0.2127,,,482,142,0.154,0.71
alice,0,28580923,157,0.0284,0.7333,5.1437,0.2112,,,450,195,0.146,0.588
alice,0,28580923,158,0.0658,0.7256,5.2706,0.2097,,,477,174,0.159,0.607
alice,0,28580923,159,0.0553,0.7035,5.0061,0.2083,,,476,162,0.157,0.674
alice,0,28580923,160,0.0539,0.7504,5.2456,0.2068,,,469,157,0.155,0.474
alice,0,28580923,161,0.0712,0.7608,5.3832,0.2054,,,480,146,0.157,0.673
alice,0,28580923,162,0.0598,0.7044,5.2215,0.204,,,478,142,0.16,0.521
alice,0,28580923,163,0.035,0.6358,4.7516,0.2026,,,477,188,0.143,0.512
alice,0,28580923,164,0.0354,0.6993,4.9437,0.2013,,,461,184,0.15,0.55
alice,0,28580923,165,0.0743,0.791,5.0642,0.1999,,,498,117,0.166,0.511
alice,0,28580923,166,0.075,0.883,5.4341,0.1986,,,493,87,0.181,0.53
alice,0,28580923,167,0.1013,0.8093,5.086,0.1973,,,502,89,0.17,0.463
alice,0,28580923,168,0.0407,0.7985,5.3018,0.196,,,464,163,0.146,0.628
alice,0,28580923,169,0.0739,0.8053,5.1551,0.1948,,,495,113,0.169,0.723
alice,0,28580923,170,0.091,0.8258,5.2717,0.1935,,,500,95,0.177,0.646
alice,0,28580923,171,0.1098,0.8463,5.3497,0.1923,,,496,83,0.181,0.58
alice,0,28580923,172,0.088,0.7979,5.2611,0.191,,,484,102,0.166,0.455
alice,0,28580923,173,0.104,0.7705,5.3121,0.1898,,,489,114,0.168,0.776
alice,0,28580923,174,0.0632,0.7503,5.0862,0.1887,,,493,116,0.167,0.656
alice,0,28580923,175,0.0816,0.7799,5.2601,0.1875,,,499,85,0.184,0.467
alice,0,28580923,176,0.0852,0.7988,5.2917,0.1863,,,495,94,0.18,0.664
alice,0,28580923,177,0.0319,0.7921,5.0294,0.1852,,,481,125,0.162,0.704
alice,0,28580923,178,0.0518,0.8425,5.419,0.1841,,,473,126,0.163,0.592
alice,0,28580923,179,0.0404,0.8478,5.2344,0.1829,,,493,113,0.168,0.529
alice,0,28580923,180,0.0769,0.8122,5.2308,0.1818,,,503,99,0.177,0.52
alice,0,28580923,181,0.0976,0.7783,5.0751,0.1808,,,505,84,0.184,0.744
alice,0,28580923,182,0.0721,0.7617,5.2767,0.1797,,,485,99,0.177,0.582
alice,0,28580923,183,0.0997,0.8296,5.382,0.1786,,,496,75,0.189,0.515
alice,0,28580923,184,0.0966,0.8387,5.3333,0.1776,,,509,70,0.193,0.609
alice,0,28580923,185,0.0716,0.8786,5.4857,0.1766,,,497,70,0.191,0.509
alice,0,28580923,186,0.0513,0.8062,5.2343,0.1756,,,502,78,0.186,0.627
alice,0,28580923,187,0.0381,0.883,5.2056,0.1746,,,494,74,0.185,0.53
alice,0,28580923,188,0.0684,0.8482,5.1058,0.1736,,,504,73,0.184,0.541
alice,0,28580923,189,0.0774,0.8351,5.2299,0.1726,,,501,79,0.178,0.538
alice,0,28580923,190,0.0632,0.7936,5.2056,0.1716,,,505,90,0.176,0.547
alice,0,28580923,191,0.0696,0.8093,5.1117,0.1707,,,504,92,0.177,0.604
alice,0,28580923,192,0.063,0.8086,5.0506,0.1698,,,496,101,0.181,0.59
alice,0,28580923,193,0.0583,0.8421,5.0628,0.1688,,,498,81,0.185,0.534
alice,0,28580923,194,0.0934,0.7976,5.1111,0.1679,,,506,86,0.186,0.672
alice,0,28580923,195,0.0822,0.8067,5.0211,0.167,,,500,76,0.186,0.474
alice,0,28580923,196,0.1196,0.8291,5.3602,0.1661,,,506,76,0.187,0.56
alice,0,28580923,197,0.0786,0.8091,5.1828,0.1653,,,502,69,0.186,0.708
alice,0,28580923,198,0.1019,0.8169,5.1526,0.1644,,,496,96,0.181,0.703
alice,0,28580923,199,0.0793,0.8979,5.4513,0.1635,,,503,67,0.202,0.544
alice,0,28580923,200,0.1139,0.7918,5.1693,0.1627,,,510,70,0.196,0.648
alice,0,28580923,201,0.0881,0.8168,5.3242,0.1619,,,506,58,0.2,0.513
alice,0,28580923,202,0.1109,0.8124,5.4571,0.1611,,,507,56,0.2,0.6
alice,0,28580923,203,0.0829,0.7643,5.0955,0.1602,,,511,66,0.192,0.517
alice,0,28580923,204,0.0822,0.8378,5.3678,0.1594,,,499,58,0.193,0.598
alice,0,28580923,205,0.0722,0.7402,4.9333,0.1587,,,478,122,0.16,0.661
alice,0,28580923,206,0.1278,0.8317,5.4946,0.1579,,,485,108,0.178,0.581
alice,0,28580923,207,0.1381,0.7752,5.2781,0.1571,,,503,99,0.189,0.589
alice,0,28580923,208,0.1369,0.8085,5.5531,0.1564,,,506,64,0.201,0.506
alice,0,28580923,209,0.0702,0.8021,5.2611,0.1556,,,505,62,0.2,0.598
alice,0,28580923,210,0.0727,0.7927,5.1404,0.1549,,,507,73,0.197,0.508
alice,0,28580923,211,0.113,0.7801,5.5092,0.1542,,,495,90,0.189,0.631
alice,0,28580923,212,0.0777,0.7549,5.0287,0.1534,,,514,52,0.201,0.496
alice,0,28580923,213,0.1158,0.7639,5.513,0.1527,,,503,69,0.195,0.558
alice,0,28580923,214,0.0728,0.7207,4.9012,0.152,,,490,92,0.182,0.654
alice,0,28580923,215,0.0458,0.8432,5.1685,0.1513,,,512,54,0.196,0.526
alice,0,28580923,216,0.0791,0.82,4.9679,0.1507,,,504,76,0.184,0.497
alice,0,28580923,217,0.0989,0.8308,5.1902,0.15,,,511,63,0.193,0.46
alice,0,28580923,218,0.0734,0.8264,5.1547,0.1493,,,510,60,0.193,0.472
alice,0,28580923,219,0.1068,0.811,5.1977,0.1487,,,497,63,0.202,0.576
alice,0,28580923,220,0.096,0.8667,5.171,0.148,,,515,51,0.206,0.491
alice,0,28580923,221,0.0828,0.8848,5.2461,0.1474,,,506,49,0.203,0.598
alice,0,28580923,222,0.0936,0.8636,5.369,0.1468,,,507,51,0.198,0.662
alice,0,28580923,223,0.0967,0.8583,5.3263,0.1462,,,506,59,0.203,0.621
alice,0,28580923,224,0.1037,0.8479,5.4216,0.1455,,,509,65,0.208,0.816
alice,0,28580923,225,0.0838,0.7543,5.0988,0.1449,,,503,83,0.203,0.531
alice,0,28580923,226,0.0948,0.808,5.082,0.1443,,,517,37,0.214,0.574
alice,0,28580923,227,0.0962,0.8253,5.3596,0.1438,,,510,49,0.206,0.626
alice,0,28580923,228,0.0626,0.7836,5.1364,0.1432,,,487,85,0.188,0.632
alice,0,28580923,229,0.0708,0.7931,5.2778,0.1426,,,491,108,0.183,0.591
alice,0,28580923,230,0.0889,0.7669,5.3905,0.142,,,495,108,0.178,0.775
alice,0,28580923,231,0.0669,0.717,5.1304,0.1415,,,482,137,0.171,0.526
alice,0,28580923,232,0.0356,0.7019,5.1772,0.1409,,,404,263,0.126,0.698
alice,0,28580923,233,0.1503,0.7385,5.2932,0.1404,,,496,157,0.167,0.506
alice,0,28580923,234,0.1776,0.7965,5.3005,0.1399,,,504,84,0.191,0.432
alice,0,28580923,235,0.11,0.8263,5.2103,0.1393,,,500,77,0.186,0.614
alice,0,28580923,236,0.0955,0.8338,4.9662,0.1388,,,500,89,0.173,0.505
alice,0,28580923,237,0.092,0.8622,5.1942,0.1383,,,512,63,0.194,0.523
alice,0,28580923,238,0.0975,0.8264,5.1231,0.1378,,,500,86,0.192,0.627
alice,0,28580923,239,0.1041,0.8654,5.265,0.1373,,,510,58,0.206,0.546
alice,0,28580923,240,0.1182,0.8691,5.3166,0.1368,,,509,44,0.219,0.645
alice,0,28580923,241,0.1056,0.8361,5.25,0.1363,,,502,69,0.202,0.538
alice,0,28580923,242,0.0932,0.8923,5.1471,0.1358,,,514,63,0.207,0.696
alice,0,28580923,243,0.0706,0.8945,5.185,0.1354,,,508,59,0.199,0.629
alice,0,28580923,244,0.0949,0.9155,5.0948,0.1349,,,521,43,0.207,0.742
alice,0,28580923,245,0.0809,0.8673,5.3579,0.1344,,,496,78,0.197,0.622
alice,0,28580923,246,0.0874,0.8329,5.2606,0.134,,,510,71,0.193,0.535
alice,0,28580923,247,0.1028,0.827,5.0259,0.1335,,,509,71,0.199,0.587
alice,0,28580923,248,0.0789,0.7617,4.9556,0.1331,,,516,77,0.186,0.586
alice,0,28580923,249,0.0574,0.8083,5.2874,0.1326,,,497,89,0.189,0.538
alice,0,28580923,250,0.0851,0.784,5.2284,0.1322,,,511,65,0.205,0.58
alice,0,28580923,251,0.1063,0.7602,4.9691,0.1322,,,520,38,0.221,0.632
alice,0,28580923,252,0.1126,0.8078,5.2236,0.1322,,,519,23,0.23,0.469
alice,0,28580923,253,0.1484,0.8293,5.3333,0.1322,,,511,36,0.223,0.599
alice,0,28580923,254,0.0398,0.7821,5.0375,0.1322,,,510,59,0.198,0.619
alice,0,28580923,255,0.079,0.8494,5.3293,0.1322,,,494,60,0.207,0.709
alice,0,28580923,256,0.0922,0.846,5.386,0.1322,,,505,63,0.199,0.554
alice,0,28580923,257,0.0906,0.8049,5.1897,0.1322,,,515,50,0.207,0.624
alice,0,28580923,258,0.1117,0.8743,5.2486,0.1322,,,511,46,0.224,0.675
alice,0,28580923,259,0.0857,0.8789,5.2191,0.1322,,,500,56,0.2,0.566
alice,0,28580923,260,0.0823,0.8725,5.3056,0.1322,,,502,68,0.191,0.535
alice,0,28580923,261,0.109,0.8293,5.1538,0.1322,,,520,54,0.209,0.648
alice,0,28580923,262,0.0984,0.8786,5.3448,0.1322,,,514,31,0.222,0.729
alice,0,28580923,263,0.1249,0.8,5.323,0.1322,,,492,82,0.198,0.506
alice,0,28580923,264,0.0591,0.8328,5.0806,0.1322,,,501,62,0.196,0.671
alice,0,28580923,265,0.0705,0.8479,5.171,0.1322,,,499,83,0.188,0.624
alice,0,28580923,266,0.0993,0.7541,5.0,0.1322,,,504,96,0.187,0.685
alice,0,28580923,267,0.1341,0.8241,5.224,0.1322,,,506,63,0.204,0.52
alice,0,28580923,268,0.0906,0.8148,5.1376,0.1322,,,495,82,0.186,0.738
alice,0,28580923,269,0.1208,0.8623,5.2487,0.1322,,,511,54,0.217,0.662
alice,0,28580923,270,0.1545,0.8395,5.2474,0.1322,,,512,67,0.213,0.49
alice,0,28580923,271,0.041,0.8366,5.3596,0.1322,,,500,61,0.199,0.842
alice,0,28580923,272,0.0867,0.8605,5.3065,0.1322,,,505,53,0.201,0.549
alice,0,28580923,273,0.0993,0.8579,5.3207,0.1322,,,501,65,0.22,0.625
alice,0,28580923,274,0.1282,0.9372,5.6684,0.1322,,,506,33,0.239,0.616
alice,0,28580923,275,0.1779,0.8638,5.4241,0.1322,,,506,51,0.22,0.467
alice,0,28580923,276,0.0625,0.8642,5.2211,0.1322,,,495,80,0.179,0.532
alice,0,28580923,277,0.1048,0.8158,5.1392,0.1322,,,494,101,0.188,0.749
alice,0,28580923,278,0.1282,0.8611,5.3518,0.1322,,,515,51,0.223,0.671
alice,0,28580923,279,0.1617,0.8877,5.4235,0.1322,,,511,30,0.252,0.618
alice,0,28580923,280,0.0963,0.8705,5.4635,0.1322,,,500,56,0.216,0.562
alice,0,28580923,281,0.0624,0.8297,5.0905,0.1322,,,510,66,0.203,0.63
alice,0,28580923,282,0.0817,0.8487,5.2183,0.1322,,,501,77,0.206,0.523
alice,0,28580923,283,0.1426,0.8541,5.171,0.1322,,,504,77,0.206,0.639
alice,0,28580923,284,0.0553,0.8406,5.2593,0.1322,,,493,97,0.178,0.633
alice,0,28580923,285,0.0944,0.8282,5.2742,0.1322,,,504,87,0.191,0.634
alice,0,28580923,286,0.1443,0.8694,5.3422,0.1322,,,502,62,0.214,0.537
alice,0,28580923,287,0.1179,0.8297,5.1538,0.1322,,,522,46,0.225,0.571
alice,0,28580923,288,0.1576,0.8756,5.4044,0.1322,,,517,42,0.234,0.546
alice,0,28580923,289,0.0775,0.8513,5.3391,0.1322,,,500,60,0.204,0.578
alice,0,28580923,290,0.1391,0.781,5.0398,0.1322,,,517,61,0.208,0.542
alice,0,28580923,291,0.1272,0.7894,5.1588,0.1322,,,518,38,0.222,0.553
alice,0,28580923,292,0.1061,0.8237,5.2349,0.1322,,,517,37,0.226,0.601
alice,0,28580923,293,0.0879,0.841,5.3434,0.1322,,,502,41,0.223,0.612
alice,0,28580923,294,0.1028,0.9161,5.4293,0.1322,,,505,34,0.225,0.562
alice,0,28580923,295,0.1376,0.9378,5.5431,0.1322,,,509,27,0.234,0.541
alice,0,28580923,296,0.1232,0.9551,5.4901,0.1322,,,512,28,0.234,0.562
alice,0,28580923,297,0.1057,0.9671,5.5707,0.1322,,,512,26,0.233,0.631
alice,0,28580923,298,0.1417,0.9272,5.4554,0.1322,,,508,39,0.216,0.696
alice,0,28580923,299,0.082,0.933,5.439,0.1322,,,505,61,0.2,0.645
alice,0,28580923,300,0.0526,0.8865,5.1033,0.1322,,,518,47,0.206,0.966
alice,0,28580923,301,0.0618,0.8637,5.3069,0.1322,,,489,98,0.206,0.522
alice,0,28580923,302,0.1208,0.8505,5.4492,0.1322,,,497,105,0.205,0.526
alice,0,28580923,303,0.0821,0.8821,5.3594,0.1322,,,506,69,0.212,0.515
alice,0,28580923,304,0.1303,0.9021,5.4263,0.1322,,,504,53,0.233,0.609
alice,0,28580923,305,0.127,0.8749,5.3368,0.1322,,,515,36,0.239,0.573
alice,0,28580923,306,0.1245,0.888,5.3717,0.1322,,,523,30,0.225,0.573
alice,0,28580923,307,0.0926,0.8588,5.3825,0.1322,,,516,29,0.228,0.801
alice,0,28580923,308,0.1082,0.9059,5.5,0.1322,,,501,57,0.218,0.604
alice,0,28580923,309,0.1213,0.884,5.4162,0.1322,,,509,41,0.226,0.808
alice,0,28580923,310,0.1267,0.9106,5.1063,0.1322,,,512,28,0.232,0.663
alice,0,28580923,311,0.1766,0.8922,5.3902,0.1322,,,514,31,0.233,0.628
alice,0,28580923,312,0.1376,0.9426,5.6108,0.1322,,,509,27,0.235,0.571
alice,0,28580923,313,0.1446,0.8975,5.1831,0.1322,,,515,47,0.233,0.568
alice,0,28580923,314,0.1525,0.8587,5.2273,0.1322,,,516,46,0.221,0.546
alice,0,28580923,315,0.0777,0.8401,5.1804,0.1322,,,491,95,0.192,0.572
alice,0,28580923,316,0.1025,0.8086,5.1905,0.1322,,,506,92,0.195,0.549
alice,0,28580923,317,0.1458,0.8633,5.0765,0.1322,,,517,39,0.216,0.656
alice,0,28580923,318,0.152,0.8392,5.2967,0.1322,,,509,46,0.216,0.62
alice,0,28580923,319,0.0811,0.8311,5.1765,0.1322,,,519,35,0.223,0.534
alice,0,28580923,320,0.1321,0.8502,5.45,0.1322,,,507,46,0.225,0.569
alice,0,28580923,321,0.1134,0.8695,5.2105,0.1322,,,513,55,0.218,0.575
alice,0,28580923,322,0.0924,0.8419,5.2022,0.1322,,,515,43,0.227,0.549
alice,0,28580923,323,0.1288,0.873,5.4076,0.1322,,,518,21,0.249,0.759
alice,0,28580923,324,0.1238,0.8554,5.4629,0.1322,,,518,26,0.24,0.564
alice,0,28580923,325,0.1454,0.8433,5.2898,0.1322,,,513,24,0.23,0.57
alice,0,28580923,326,0.0663,0.8395,5.0,0.1322,,,521,32,0.212,0.538
alice,0,28580923,327,0.0803,0.8575,5.4469,0.1322,,,510,31,0.233,0.599
alice,0,28580923,328,0.1122,0.8281,5.0632,0.1322,,,515,45,0.221,0.68
alice,0,28580923,329,0.0621,0.8457,5.4286,0.1322,,,500,68,0.206,0.738
alice,0,28580923,330,0.0954,0.8188,5.0486,0.1322,,,520,54,0.216,0.642
alice,0,28580923,331,0.1511,0.8308,5.3941,0.1322,,,518,34,0.224,0.544
alice,0,28580923,332,0.068,0.7601,5.0,0.1322,,,509,51,0.202,0.644
alice,0,28580923,333,0.1041,0.8069,5.3941,0.1322,,,516,31,0.209,0.536
alice,0,28580923,334,0.0898,0.8132,5.2644,0.1322,,,515,26,0.221,0.651
alice,0,28580923,335,0.1287,0.8053,5.1667,0.1322,,,513,49,0.218,0.505
alice,0,28580923,336,0.0804,0.8177,5.2057,0.1322,,,508,52,0.222,0.577
alice,0,28580923,337,0.1073,0.8628,5.2928,0.1322,,,513,37,0.236,0.697
alice,0,28580923,338,0.1249,0.8809,5.1818,0.1322,,,496,64,0.21,0.829
alice,0,28580923,339,0.0522,0.9115,5.3249,0.1322,,,510,57,0.191,0.567
alice,0,28580923,340,0.1083,0.8684,5.1878,0.1322,,,521,36,0.22,0.558
alice,0,28580923,341,0.1816,0.9319,5.543,0.1322,,,520,18,0.239,0.692
alice,0,28580923,342,0.0446,0.873,5.2158,0.1322,,,521,28,0.208,0.799
alice,0,28580923,343,0.0805,0.8631,5.4382,0.1322,,,517,28,0.23,0.591
alice,0,28580923,344,0.116,0.9132,5.5886,0.1322,,,511,20,0.248,0.581
alice,0,28580923,345,0.0851,0.888,5.5145,0.1322,,,513,31,0.234,0.487
alice,0,28580923,346,0.1361,0.8266,5.2754,0.1322,,,514,39,0.232,0.526
alice,0,28580923,347,0.0712,0.7817,4.7849,0.1322,,,515,58,0.2,0.655
alice,0,28580923,348,0.1059,0.8366,5.2176,0.1322,,,519,37,0.217,0.744
alice,0,28580923,349,0.1107,0.8545,5.2765,0.1322,,,512,32,0.226,0.534
alice,0,28580923,350,0.0734,0.8755,5.2528,0.1322,,,515,26,0.236,0.541
alice,0,28580923,351,0.0751,0.8737,5.257,0.1322,,,517,27,0.227,0.635
alice,0,28580923,352,0.0842,0.9096,5.2678,0.1322,,,515,22,0.235,0.578
alice,0,28580923,353,0.1098,0.8823,5.2139,0.1322,,,519,21,0.228,0.66
alice,0,28580923,354,0.1045,0.9032,5.3696,0.1322,,,518,14,0.237,0.614
alice,0,28580923,355,0.093,0.8897,5.2581,0.1322,,,519,27,0.236,0.734
alice,0,28580923,356,0.1132,0.9069,5.2781,0.1322,,,512,30,0.226,0.572
alice,0,28580923,357,0.111,0.8338,5.2011,0.1322,,,525,19,0.246,0.637
alice,0,28580923,358,0.0657,0.9255,5.5056,0.1322,,,491,59,0.221,0.498
alice,0,28580923,359,0.1447,0.8758,5.3436,0.1322,,,508,51,0.224,0.647
alice,0,28580923,360,0.1071,0.8485,5.235,0.1322,,,522,23,0.238,0.741
alice,0,28580923,361,0.1601,0.8857,5.4427,0.1322,,,521,19,0.251,0.714
alice,0,28580923,362,0.1025,0.8521,5.3316,0.1322,,,517,30,0.227,0.559
alice,0,28580923,363,0.0939,0.8504,5.2951,0.1322,,,524,22,0.25,0.673
alice,0,28580923,364,0.1322,0.8393,5.1854,0.1322,,,521,29,0.256,0.616
alice,0,28580923,365,0.0846,0.8517,5.1695,0.1322,,,511,43,0.236,0.66
alice,0,28580923,366,0.1362,0.863,5.3663,0.1322,,,515,30,0.236,0.652
alice,0,28580923,367,0.1088,0.8107,5.12,0.1322,,,519,23,0.226,0.533
alice,0,28580923,368,0.1201,0.8182,5.3605,0.1322,,,521,17,0.234,0.588
alice,0,28580923,369,0.0968,0.7888,5.193,0.1322,,,510,36,0.226,0.533
alice,0,28580923,370,0.0891,0.8063,5.3018,0.1322,,,512,42,0.219,0.57
alice,0,28580923,371,0.0691,0.8261,5.2486,0.1322,,,507,34,0.213,0.512
alice,0,28580923,372,0.0946,0.7945,4.9365,0.1322,,,521,43,0.214,0.833
alice,0,28580923,373,0.1149,0.8421,5.2762,0.1322,,,518,30,0.236,0.553
alice,0,28580923,374,0.0937,0.8776,5.2394,0.1322,,,507,25,0.231,0.703
alice,0,28580923,375,0.1436,0.9255,5.4596,0.1322,,,521,11,0.252,0.609
alice,0,28580923,376,0.1265,0.9114,5.3788,0.1322,,,511,22,0.245,0.577
alice,0,28580923,377,0.1123,0.8982,5.218,0.1322,,,521,28,0.238,0.711
alice,0,28580923,378,0.0748,0.8687,5.2079,0.1322,,,515,52,0.212,0.544
alice,0,28580923,379,0.1095,0.9126,5.4428,0.1322,,,501,47,0.23,0.578
alice,0,28580923,380,0.1293,0.8687,5.3873,0.1322,,,508,54,0.235,0.65
alice,0,28580923,381,0.124,0.8887,5.53,0.1322,,,517,32,0.243,0.552
alice,0,28580923,382,0.1464,0.8665,5.2784,0.1322,,,519,33,0.248,0.639
alice,0,28580923,383,0.0942,0.9132,5.5187,0.1322,,,517,27,0.226,0.644
alice,0,28580923,384,0.0847,0.8558,5.3966,0.1322,,,512,32,0.226,0.733
alice,0,28580923,385,0.0802,0.8657,5.4309,0.1322,,,510,26,0.236,0.519
alice,0,28580923,386,0.1642,0.8654,5.4809,0.1322,,,514,21,0.255,0.564
alice,0,28580923,387,0.0984,0.8209,5.1452,0.1322,,,527,27,0.234,0.578
alice,0,28580923,388,0.1071,0.8539,5.4124,0.1322,,,516,21,0.241,0.635
alice,0,28580923,389,0.1105,0.8111,5.2938,0.1322,,,518,25,0.249,0.589
alice,0,28580923,390,0.1738,0.8331,5.2514,0.1322,,,523,18,0.261,0.633
alice,0,28580923,391,0.0498,0.8395,5.3257,0.1322,,,512,25,0.227,0.842
alice,0,28580923,392,0.1495,0.8416,5.5088,0.1322,,,515,26,0.265,0.631
alice,0,28580923,393,0.0582,0.8483,5.5,0.1322,,,509,27,0.234,0.627
alice,0,28580923,394,0.1235,0.8218,5.25,0.1322,,,522,18,0.256,0.574
alice,0,28580923,395,0.1143,0.8122,5.3713,0.1322,,,508,43,0.243,0.638
alice,0,28580923,396,0.1486,0.8313,5.3161,0.1322,,,510,38,0.258,0.655
alice,0,28580923,397,0.1094,0.8424,5.2139,0.1322,,,521,20,0.24,0.724
alice,0,28580923,398,0.1348,0.8833,5.3369,0.1322,,,513,30,0.228,0.561
alice,0,28580923,399,0.0547,0.9369,5.4352,0.1322,,,509,32,0.225,0.552
alice,0,28580923,400,0.1363,0.9098,5.3866,0.1322,,,522,25,0.246,0.598
alice,0,28580923,401,0.1299,0.8926,5.3472,0.1322,,,516,14,0.25,0.642
alice,0,28580923,402,0.1435,0.9089,5.5556,0.1322,,,513,21,0.269,0.669
alice,0,28580923,403,0.0907,0.9412,5.425,0.1322,,,512,24,0.243,0.547
alice,0,28580923,404,0.1056,0.8869,5.3,0.1322,,,522,29,0.235,0.704
alice,0,28580923,405,0.1533,0.8888,5.3979,0.1322,,,520,23,0.273,0.58
alice,0,28580923,406,0.1098,0.8687,5.4891,0.1322,,,513,26,0.245,0.578
alice,0,28580923,407,0.1219,0.8645,5.3904,0.1322,,,521,18,0.237,0.553
alice,0,28580923,408,0.1708,0.851,5.483,0.1322,,,521,10,0.261,0.571
alice,0,28580923,409,0.0393,0.8739,5.2581,0.1322,,,517,21,0.218,0.785
alice,0,28580923,410,0.0787,0.8338,5.2692,0.1322,,,520,23,0.237,0.557
alice,0,28580923,411,0.1164,0.8692,5.2811,0.1322,,,525,11,0.27,0.592
alice,0,28580923,412,0.0599,0.853,5.15,0.1322,,,495,70,0.219,0.607
alice,0,28580923,413,0.163,0.9446,5.6561,0.1322,,,513,31,0.252,0.612
alice,0,28580923,414,0.0788,0.8794,5.414,0.1322,,,521,25,0.225,0.539
alice,0,28580923,415,0.1401,0.8649,5.262,0.1322,,,521,17,0.244,0.621
alice,0,28580923,416,0.148,0.9102,5.6444,0.1322,,,515,14,0.265,0.6
alice,0,28580923,417,0.0893,0.8751,5.4286,0.1322,,,508,33,0.239,0.66
alice,0,28580923,418,0.1637,0.8742,5.159,0.1322,,,523,24,0.253,0.586
alice,0,28580923,419,0.0699,0.8827,5.2304,0.1322,,,525,17,0.242,0.552
alice,0,28580923,420,0.0996,0.8892,5.4775,0.1322,,,518,15,0.264,0.545
alice,0,28580923,421,0.1448,0.9216,5.3804,0.1322,,,518,17,0.254,0.546
alice,0,28580923,422,0.1077,0.9138,5.3422,0.1322,,,512,18,0.237,0.755
alice,0,28580923,423,0.1308,0.9289,5.3249,0.1322,,,526,12,0.233,0.534
alice,0,28580923,424,0.1342,0.8936,5.2461,0.1322,,,523,20,0.228,0.664
alice,0,28580923,425,0.0681,0.8985,5.234,0.1322,,,517,21,0.231,0.561
alice,0,28580923,426,0.1529,0.932,5.5319,0.1322,,,518,9,0.262,0.568
alice,0,28580923,427,0.0902,0.8924,5.262,0.1322,,,524,14,0.253,0.587
alice,0,28580923,428,0.1212,0.8873,5.2833,0.1322,,,524,11,0.272,0.751
alice,0,28580923,429,0.0978,0.9184,5.497,0.1322,,,515,29,0.24,0.553
alice,0,28580923,430,0.1032,0.8858,5.5273,0.1322,,,513,21,0.258,0.601
alice,0,28580923,431,0.0868,0.9225,5.477,0.1322,,,512,14,0.251,0.668
alice,0,28580923,432,0.0653,0.8962,5.2186,0.1322,,,517,26,0.237,0.606
alice,0,28580923,433,0.1068,0.9362,5.4645,0.1322,,,514,25,0.239,0.646
alice,0,28580923,434,0.0931,0.8789,5.3956,0.1322,,,521,18,0.246,0.522
alice,0,28580923,435,0.1226,0.9086,5.3901,0.1322,,,508,23,0.26,0.713
alice,0,28580923,436,0.1537,0.8921,5.5319,0.1322,,,516,18,0.254,0.579
alice,0,28580923,437,0.1062,0.8906,5.4737,0.1322,,,514,24,0.24,0.551
alice,0,28580923,438,0.1305,0.9194,5.425,0.1322,,,520,13,0.244,0.729
alice,0,28580923,439,0.1735,0.9099,5.4133,0.1322,,,526,14,0.245,0.612
alice,0,28580923,440,0.0438,0.9334,5.456,0.1322,,,507,31,0.209,0.567
alice,0,28580923,441,0.0864,0.911,5.2367,0.1322,,,527,16,0.238,0.61
alice,0,28580923,442,0.1285,0.8806,5.2893,0.1322,,,518,25,0.245,0.591
alice,0,28580923,443,0.1152,0.8838,5.3436,0.1322,,,516,30,0.244,0.539
alice,0,28580923,444,0.1348,0.929,5.2886,0.1322,,,525,13,0.273,0.726
alice,0,28580923,445,0.1143,0.8846,5.3704,0.1322,,,521,24,0.258,0.793
alice,0,28580923,446,0.1394,0.8646,5.5756,0.1322,,,519,24,0.268,0.619
alice,0,28580923,447,0.1186,0.8658,5.3218,0.1322,,,517,13,0.252,0.559
alice,0,28580923,448,0.0843,0.9302,5.4804,0.1322,,,510,18,0.245,0.67
alice,0,28580923,449,0.1209,0.9196,5.3194,0.1322,,,520,15,0.255,0.553
alice,0,28580923,450,0.1136,0.9375,5.3418,0.1322,,,517,21,0.242,0.738
alice,0,28580923,451,0.0888,0.8989,5.2741,0.1322,,,517,30,0.238,0.552
alice,0,28580923,452,0.1,0.9138,5.2814,0.1322,,,522,23,0.261,0.633
alice,0,28580923,453,0.0993,0.9336,5.4352,0.1322,,,516,28,0.248,0.741
alice,0,28580923,454,0.1324,0.9679,5.5052,0.1322,,,517,16,0.24,0.553
alice,0,28580923,455,0.0733,0.9569,5.2611,0.1322,,,526,15,0.25,0.643
alice,0,28580923,456,0.1368,0.9531,5.4154,0.1322,,,520,8,0.27,0.592
alice,0,28580923,457,0.0712,0.9827,5.5104,0.1322,,,510,27,0.228,0.568
alice,0,28580923,458,0.1353,0.8512,5.1728,0.1322,,,532,22,0.238,0.596
alice,0,28580923,459,0.0709,0.9469,5.4775,0.1322,,,516,17,0.243,0.559
alice,0,28580923,460,0.0984,0.9283,5.3978,0.1322,,,518,13,0.259,0.599
alice,0,28580923,461,0.1119,0.9372,5.4475,0.1322,,,516,13,0.262,0.6
alice,0,28580923,462,0.0643,0.8797,5.1848,0.1322,,,530,17,0.239,0.564
alice,0,28580923,463,0.1234,0.943,5.5172,0.1322,,,514,13,0.263,0.572
alice,0,28580923,464,0.078,0.8874,5.3121,0.1322,,,519,21,0.247,0.648
alice,0,28580923,465,0.096,0.8361,5.269,0.1322,,,522,13,0.261,0.763
alice,0,28580923,466,0.1158,0.8572,5.4545,0.1322,,,518,13,0.261,0.881
alice,0,28580923,467,0.1328,0.8169,5.076,0.1322,,,522,19,0.261,0.584
alice,0,28580923,468,0.0792,0.8752,5.0333,0.1322,,,527,13,0.238,0.656
alice,0,28580923,469,0.1162,0.8869,5.2543,0.1322,,,523,10,0.269,0.659
alice,0,28580923,470,0.1037,0.889,5.4012,0.1322,,,521,16,0.257,0.632
alice,0,28580923,471,0.1099,0.8657,5.2814,0.1322,,,523,8,0.27,0.773
alice,0,28580923,472,0.1157,0.8556,5.2367,0.1322,,,518,9,0.266,0.661
alice,0,28580923,473,0.0756,0.8337,5.1676,0.1322,,,526,14,0.254,0.595
alice,0,28580923,474,0.1201,0.8683,5.6203,0.1322,,,515,15,0.257,0.55
alice,0,28580923,475,0.0807,0.8333,5.0533,0.1322,,,524,14,0.245,0.56
alice,0,28580923,476,0.0826,0.87,5.3827,0.1322,,,521,10,0.26,0.587
alice,0,28580923,477,0.0637,0.8686,5.2927,0.1322,,,512,13,0.259,0.718
alice,0,28580923,478,0.1083,0.8799,5.3605,0.1322,,,518,16,0.266,0.599
alice,0,28580923,479,0.1301,0.8767,5.3785,0.1322,,,521,6,0.269,0.646
alice,0,28580923,480,0.0785,0.8468,5.2056,0.1322,,,519,11,0.259,0.595
alice,0,28580923,481,0.139,0.8675,5.1596,0.1322,,,523,12,0.257,0.6
alice,0,28580923,482,0.0778,0.8912,5.2895,0.1322,,,521,15,0.248,0.543
alice,0,28580923,483,0.1315,0.903,5.3037,0.1322,,,523,6,0.256,0.605
alice,0,28580923,484,0.1186,0.8684,5.1895,0.1322,,,525,13,0.248,0.606
alice,0,28580923,485,0.1389,0.8661,5.0469,0.1322,,,531,12,0.241,0.614
alice,0,28580923,486,0.0599,0.8711,5.0957,0.1322,,,519,17,0.234,0.514
alice,0,28580923,487,0.1206,0.9053,5.1856,0.1322,,,527,12,0.26,0.538
alice,0,28580923,488,0.101,0.9581,5.4497,0.1322,,,515,9,0.257,0.544
alice,0,28580923,489,0.1091,0.963,5.3846,0.1322,,,513,27,0.24,0.602
alice,0,28580923,490,0.1068,0.9052,5.1675,0.1322,,,528,19,0.252,0.583
alice,0,28580923,491,0.0936,0.9574,5.5052,0.1322,,,520,16,0.28,0.604
alice,0,28580923,492,0.1019,0.9027,5.3443,0.1322,,,513,36,0.249,0.611
alice,0,28580923,493,0.0857,0.9337,5.4076,0.1322,,,517,21,0.259,0.558
alice,0,28580923,494,0.1116,0.9339,5.1429,0.1322,,,520,13,0.262,0.772
alice,0,28580923,495,0.1094,0.9386,5.209,0.1322,,,525,14,0.253,0.554
alice,0,28580923,496,0.0857,0.922,5.2347,0.1322,,,522,22,0.241,0.601
alice,0,28580923,497,0.1335,0.8985,5.2835,0.1322,,,523,14,0.264,0.578
alice,0,28580923,498,0.0832,0.9242,5.23,0.1322,,,526,13,0.248,0.617
alice,0,28580923,499,0.096,0.9445,5.301,0.1322,,,519,11,0.257,0.588
alice,0,28580923,500,0.0978,0.9098,4.9858,0.1322,,,526,11,0.245,0.633
alice,0,28580923,501,0.07,0.9468,5.3498,0.1322,,,523,14,0.241,0.555
alice,0,28580923,502,0.1019,0.9285,5.3518,0.1322,,,525,7,0.252,0.576
alice,0,28580923,503,0.0694,0.8807,5.105,0.1322,,,527,9,0.259,0.59
alice,0,28580923,504,0.1257,0.8621,5.1667,0.1322,,,517,21,0.245,0.58
alice,0,28580923,505,0.0639,0.8893,5.1268,0.1322,,,528,14,0.247,0.597
alice,0,28580923,506,0.1281,0.9199,5.4615,0.1322,,,522,8,0.257,0.667
alice,0,28580923,507,0.0809,0.8457,5.1598,0.1322,,,528,16,0.248,0.546
alice,0,28580923,508,0.1088,0.8095,5.2753,0.1322,,,526,11,0.265,0.703
alice,0,28580923,509,0.1178,0.7986,5.3099,0.1322,,,526,6,0.27,0.552
alice,0,28580923,510,0.0682,0.7859,5.0409,0.1322,,,525,13,0.248,0.613
alice,0,28580923,511,0.1109,0.8045,5.2857,0.1322,,,527,9,0.26,0.52
alice,0,28580923,512,0.0785,0.7223,4.9188,0.1322,,,527,11,0.245,0.577
alice,0,28580923,513,0.1129,0.7362,4.9172,0.1322,,,535,8,0.244,0.722
alice,0,28580923,514,0.0517,0.6914,4.9448,0.1322,,,521,18,0.248,0.707
alice,0,28580923,515,0.1022,0.7492,5.375,0.1322,,,519,13,0.258,0.525
alice,0,28580923,516,0.0919,0.7656,4.7423,0.1322,,,521,18,0.251,0.64
alice,0,28580923,517,0.0837,0.8165,5.0533,0.1322,,,520,22,0.247,0.533
alice,0,28580923,518,0.1025,0.8447,5.2644,0.1322,,,521,5,0.258,0.611
alice,0,28580923,519,0.095,0.8241,5.2386,0.1322,,,525,9,0.25,0.582
alice,0,28580923,520,0.1279,0.7937,5.0337,0.1322,,,528,8,0.267,0.542
alice,0,28580923,521,0.1289,0.7713,4.8407,0.1322,,,523,10,0.267,0.659
alice,0,28580923,522,0.1111,0.8041,4.9577,0.1322,,,524,15,0.252,0.745
alice,0,28580923,523,0.1398,0.8955,5.2821,0.1322,,,521,8,0.241,0.571
alice,0,28580923,524,0.1118,0.8464,4.9048,0.1322,,,539,9,0.24,0.567
alice,0,28580923,525,0.1283,0.8424,5.1546,0.1322,,,523,14,0.247,0.549
alice,0,28580923,526,0.1259,0.8367,5.1307,0.1322,,,528,3,0.253,0.647
alice,0,28580923,527,0.1279,0.8159,5.0102,0.1322,,,525,15,0.246,0.838
alice,0,28580923,528,0.096,0.8602,4.875,0.1322,,,531,13,0.247,0.807
alice,0,28580923,529,0.1274,0.903,5.0539,0.1322,,,532,7,0.275,0.55
alice,0,28580923,530,0.1076,0.8965,5.1421,0.1322,,,523,12,0.27,0.571
alice,0,28580923,531,0.1104,0.8932,5.0386,0.1322,,,530,17,0.257,0.516
alice,0,28580923,532,0.0937,0.867,4.9461,0.1322,,,531,19,0.244,0.65
alice,0,28580923,533,0.107,0.8882,5.3194,0.1322,,,522,17,0.244,0.56
alice,0,28580923,534,0.1083,0.9054,5.2211,0.1322,,,519,9,0.237,0.542
alice,0,28580923,535,0.1201,0.8855,5.0478,0.1322,,,524,20,0.232,0.537
alice,0,28580923,536,0.1451,0.9114,5.2718,0.1322,,,529,7,0.247,0.564
alice,0,28580923,537,0.1435,0.9016,5.0909,0.1322,,,527,5,0.256,0.58
alice,0,28580923,538,0.1143,0.8438,5.0,0.1322,,,534,14,0.243,0.554
alice,0,28580923,539,0.1107,0.8531,4.9447,0.1322,,,525,28,0.253,0.538
alice,0,28580923,540,0.1338,0.8691,5.05,0.1322,,,530,15,0.244,0.551
alice,0,28580923,541,0.0797,0.8734,5.1077,0.1322,,,525,14,0.237,0.798
alice,0,28580923,542,0.1211,0.8529,5.0308,0.1322,,,531,14,0.267,0.732
alice,0,28580923,543,0.128,0.8509,4.9948,0.1322,,,530,8,0.261,0.598
alice,0,28580923,544,0.0947,0.8664,4.9745,0.1322,,,523,19,0.237,0.835
alice,0,28580923,545,0.1122,0.8956,4.8551,0.1322,,,529,13,0.248,0.629
alice,0,28580923,546,0.1317,0.8999,5.0443,0.1322,,,534,8,0.268,0.852
alice,0,28580923,547,0.1064,0.9052,5.1378,0.1322,,,526,11,0.242,0.742
alice,0,28580923,548,0.1079,0.9055,5.0816,0.1322,,,528,9,0.243,0.541
alice,0,28580923,549,0.0841,0.8865,5.125,0.1322,,,520,17,0.248,0.587
alice,0,28580923,550,0.11,0.9253,5.3246,0.1322,,,523,16,0.253,0.55
alice,0,28580923,551,0.0883,0.8751,4.8883,0.1322,,,530,15,0.263,0.636
alice,0,28580923,552,0.1042,0.8443,4.8196,0.1322,,,536,19,0.252,0.523
alice,0,28580923,553,0.0886,0.8482,4.8978,0.1322,,,530,11,0.252,0.494
alice,0,28580923,554,0.1124,0.8417,5.0546,0.1322,,,527,8,0.266,0.55
alice,0,28580923,555,0.0677,0.8049,4.644,0.1322,,,541,12,0.251,0.593
alice,0,28580923,556,0.0894,0.8443,5.017,0.1322,,,525,17,0.251,0.579
alice,0,28580923,557,0.1317,0.8704,5.2571,0.1322,,,521,11,0.26,0.585
alice,0,28580923,558,0.0663,0.8095,4.7609,0.1322,,,528,15,0.234,0.53
alice,0,28580923,559,0.0934,0.8852,5.1892,0.1322,,,518,13,0.25,0.557
alice,0,28580923,560,0.1064,0.8746,5.1295,0.1322,,,519,14,0.255,0.6
alice,0,28580923,561,0.1017,0.863,4.7915,0.1322,,,535,9,0.26,0.585
alice,0,28580923,562,0.1127,0.9144,5.2206,0.1322,,,522,8,0.263,0.572
alice,0,28580923,563,0.1229,0.9376,5.1784,0.1322,,,525,4,0.275,0.577
alice,0,28580923,564,0.1184,0.8523,4.6964,0.1322,,,537,21,0.247,0.612
alice,0,28580923,565,0.1479,0.8559,4.9369,0.1322,,,536,15,0.23,0.505
alice,0,28580923,566,0.1141,0.8689,5.025,0.1322,,,528,9,0.245,0.523
alice,0,28580923,567,0.1169,0.858,4.9015,0.1322,,,538,6,0.249,0.567
alice,0,28580923,568,0.0842,0.8984,5.0933,0.1322,,,525,12,0.247,0.579
alice,0,28580923,569,0.1082,0.9654,5.4762,0.1322,,,524,5,0.256,0.533
alice,0,28580923,570,0.0529,0.9008,5.0314,0.1322,,,520,32,0.224,0.609
alice,0,28580923,571,0.0522,0.8325,4.6786,0.1322,,,514,68,0.218,0.612
alice,0,28580923,572,0.1317,0.8543,5.0419,0.1322,,,522,37,0.249,0.565
alice,0,28580923,573,0.0503,0.8697,4.9583,0.1322,,,526,18,0.256,0.639
alice,0,28580923,574,0.1286,0.8845,5.1152,0.1322,,,526,13,0.259,0.559
alice,0,28580923,575,0.0578,0.8676,5.0366,0.1322,,,529,12,0.253,0.56
alice,0,28580923,576,0.0682,0.8744,5.0481,0.1322,,,529,20,0.245,0.57
alice,0,28580923,577,0.0832,0.9876,5.478,0.1322,,,514,14,0.254,0.76
alice,0,28580923,578,0.0745,0.8796,4.8462,0.1322,,,533,13,0.248,0.614
alice,0,28580923,579,0.0668,0.8847,4.801,0.1322,,,519,39,0.243,0.546
alice,0,28580923,580,0.0949,0.7956,4.5149,0.1322,,,536,43,0.234,0.611
alice,0,28580923,581,0.1786,0.8818,5.1503,0.1322,,,529,10,0.272,0.628
alice,0,28580923,582,0.0484,0.823,4.6244,0.1322,,,536,14,0.234,0.643
alice,0,28580923,583,0.0847,0.8771,5.0816,0.1322,,,527,11,0.253,0.6
alice,0,28580923,584,0.1106,0.8246,4.8131,0.1322,,,535,20,0.25,0.779
alice,0,28580923,585,0.117,0.8821,5.3187,0.1322,,,522,9,0.252,0.549
alice,0,28580923,586,0.0546,0.8782,5.1129,0.1322,,,514,28,0.23,0.513
alice,0,28580923,587,0.1011,0.8232,4.7919,0.1322,,,532,28,0.237,0.509
alice,0,28580923,588,0.1278,0.8394,5.0266,0.1322,,,527,11,0.272,0.571
alice,0,28580923,589,0.1015,0.8217,4.984,0.1322,,,528,16,0.246,0.574
alice,0,28580923,590,0.0953,0.8261,4.9734,0.1322,,,526,23,0.247,0.696
alice,0,28580923,591,0.0917,0.8485,4.8075,0.1322,,,531,14,0.261,0.66
alice,0,28580923,592,0.0998,0.8503,5.1965,0.1322,,,524,16,0.263,0.581
alice,0,28580923,593,0.1076,0.874,5.0944,0.1322,,,516,15,0.278,0.621
alice,0,28580923,594,0.0877,0.8896,5.0051,0.1322,,,530,12,0.271,0.587
alice,0,28580923,595,0.1333,0.8429,4.7744,0.1322,,,533,12,0.29,0.589
alice,0,28580923,596,0.0928,0.8718,4.8513,0.1322,,,529,13,0.261,0.549
alice,0,28580923,597,0.1278,0.8709,4.9086,0.1322,,,529,12,0.277,0.556
alice,0,28580923,598,0.0825,0.8991,5.0816,0.1322,,,521,27,0.258,0.548
alice,0,28580923,599,0.1112,0.8443,4.9337,0.1322,,,528,25,0.266,0.553
alice,0,28580923,600,0.0896,0.9134,5.3351,0.1322,,,522,16,0.257,0.57
alice,0,28580923,601,0.1051,0.8741,4.8159,0.1322,,,537,19,0.259,0.678
alice,0,28580923,602,0.0697,0.9043,5.0417,0.1322,,,523,14,0.264,0.567
alice,0,28580923,603,0.1077,0.8857,5.0,0.1322,,,529,9,0.29,0.828
alice,0,28580923,604,0.0891,0.8682,4.85,0.1322,,,531,19,0.264,0.601
alice,0,28580923,605,0.1007,0.8801,4.9356,0.1322,,,529,17,0.261,0.616
alice,0,28580923,606,0.1136,0.894,5.1122,0.1322,,,525,16,0.265,0.621
alice,0,28580923,607,0.1013,0.9236,5.069,0.1322,,,525,9,0.261,0.554
alice,0,28580923,608,0.1032,0.9137,5.0144,0.1322,,,525,12,0.251,0.599
alice,0,28580923,609,0.1034,0.9526,5.2548,0.1322,,,529,6,0.26,0.531
alice,0,28580923,610,0.1192,0.8993,5.0245,0.1322,,,534,12,0.263,0.616
alice,0,28580923,611,0.0942,0.874,4.6459,0.1322,,,533,16,0.262,0.601
alice,0,28580923,612,0.1118,0.9006,4.9662,0.1322,,,529,11,0.259,0.611
alice,0,28580923,613,0.1481,0.8914,4.9758,0.1322,,,531,11,0.267,0.627
alice,0,28580923,614,0.1005,0.833,4.9137,0.1322,,,538,14,0.264,0.664
alice,0,28580923,615,0.1301,0.8679,4.9372,0.1322,,,524,9,0.282,0.581
alice,0,28580923,616,0.096,0.8631,5.0102,0.1322,,,530,11,0.247,0.625
alice,0,28580923,617,0.1329,0.8694,4.9442,0.1322,,,532,4,0.248,0.562
alice,0,28580923,618,0.0702,0.8988,5.0,0.1322,,,523,12,0.238,0.771
alice,0,28580923,619,0.1249,0.8828,5.267,0.1322,,,529,11,0.253,0.603
alice,0,28580923,620,0.1384,0.8752,5.1667,0.1322,,,519,9,0.256,0.578
alice,0,28580923,621,0.1039,0.8726,5.0955,0.1322,,,526,15,0.26,0.61
alice,0,28580923,622,0.1587,0.8556,5.1949,0.1322,,,520,21,0.253,0.598
alice,0,28580923,623,0.1439,0.8371,4.9659,0.1322,,,528,18,0.247,0.595
alice,0,28580923,624,0.115,0.8992,5.1346,0.1322,,,522,13,0.258,0.569
alice,0,28580923,625,0.1423,0.8983,4.991,0.1322,,,529,9,0.279,0.647
alice,0,28580923,626,0.1155,0.8757,4.8661,0.1322,,,537,20,0.261,0.589
alice,0,28580923,627,0.1273,0.8698,4.788,0.1322,,,540,14,0.272,0.577
alice,0,28580923,628,0.1156,0.8662,4.9901,0.1322,,,531,21,0.254,0.633
alice,0,28580923,629,0.1349,0.8416,5.1505,0.1322,,,531,16,0.254,0.621
alice,0,28580923,630,0.1271,0.8274,4.9301,0.1322,,,525,14,0.255,0.542
alice,0,28580923,631,0.1055,0.809,4.8913,0.1322,,,533,13,0.266,0.595
alice,0,28580923,632,0.1402,0.7769,4.7845,0.1322,,,528,18,0.265,0.549
alice,0,28580923,633,0.0861,0.8174,4.9189,0.1322,,,525,25,0.248,0.614
alice,0,28580923,634,0.1232,0.8456,4.8,0.1322,,,533,8,0.275,0.685
alice,0,28580923,635,0.0819,0.8581,5.0103,0.1322,,,521,17,0.254,0.723
alice,0,28580923,636,0.1373,0.8473,4.8252,0.1322,,,532,22,0.245,0.545
alice,0,28580923,637,0.0866,0.8773,4.9805,0.1322,,,532,13,0.246,0.518
alice,0,28580923,638,0.1164,0.8857,4.9701,0.1322,,,533,7,0.256,0.523
alice,0,28580923,639,0.0801,0.8523,4.8384,0.1322,,,532,26,0.227,0.639
alice,0,28580923,640,0.1261,0.8749,4.9167,0.1322,,,529,16,0.249,0.668
alice,0,28580923,641,0.0512,0.8257,4.7665,0.1322,,,526,22,0.231,0.606
alice,0,28580923,642,0.1258,0.8731,5.0355,0.1322,,,522,16,0.259,0.59
alice,0,28580923,643,0.0992,0.8917,5.1089,0.1322,,,531,15,0.253,0.547
alice,0,28580923,644,0.1007,0.8401,4.8776,0.1322,,,536,13,0.252,0.526
alice,0,28580923,645,0.1144,0.8304,4.967,0.1322,,,529,13,0.264,0.659
alice,0,28580923,646,0.1108,0.7969,4.9162,0.1322,,,527,15,0.257,0.55
alice,0,28580923,647,0.1193,0.7792,4.8736,0.1322,,,535,8,0.279,0.558
alice,0,28580923,648,0.1131,0.7988,5.0223,0.1322,,,525,8,0.271,0.578
alice,0,28580923,649,0.1209,0.7565,4.6349,0.1322,,,530,19,0.262,0.646
alice,0,28580923,650,0.0674,0.7918,5.0556,0.1322,,,533,14,0.253,0.54
alice,0,28580923,651,0.1247,0.7703,4.8068,0.1322,,,533,12,0.266,0.796
alice,0,28580923,652,0.1052,0.7744,4.8286,0.1322,,,526,17,0.263,0.556
alice,0,28580923,653,0.1016,0.8262,4.8095,0.1322,,,528,8,0.25,0.572
alice,0,28580923,654,0.0825,0.828,4.9896,0.1322,,,525,16,0.241,0.636
alice,0,28580923,655,0.1209,0.8715,4.9901,0.1322,,,526,13,0.27,0.673
alice,0,28580923,656,0.075,0.8422,4.6776,0.1322,,,538,16,0.249,0.58
alice,0,28580923,657,0.1233,0.8781,4.8498,0.1322,,,534,14,0.284,0.573
alice,0,28580923,658,0.082,0.8539,4.8019,0.1322,,,540,7,0.273,0.558
alice,0,28580923,659,0.1234,0.877,5.0693,0.1322,,,523,15,0.272,0.587
alice,0,28580923,660,0.0516,0.8773,4.7149,0.1322,,,534,20,0.243,0.766
alice,0,28580923,661,0.1033,0.8326,4.5333,0.1322,,,538,21,0.267,0.657
alice,0,28580923,662,0.0616,0.8614,4.5089,0.1322,,,550,13,0.257,0.639
alice,0,28580923,663,0.0744,0.9102,4.8293,0.1322,,,524,23,0.263,0.694
alice,0,28580923,664,0.0995,0.8796,4.8028,0.1322,,,529,26,0.254,0.542
alice,0,28580923,665,0.0973,0.8609,4.7418,0.1322,,,526,23,0.274,0.624
alice,0,28580923,666,0.1115,0.8673,4.6622,0.1322,,,538,20,0.262,0.559
alice,0,28580923,667,0.121,0.8838,4.7202,0.1322,,,538,13,0.266,0.634
alice,0,28580923,668,0.0999,0.8638,4.6967,0.1322,,,538,15,0.265,0.535
alice,0,28580923,669,0.1156,0.8771,4.95,0.1322,,,533,23,0.274,0.594
alice,0,28580923,670,0.1232,0.868,4.6124,0.1322,,,534,16,0.272,0.672
alice,0,28580923,671,0.0995,0.8178,4.522,0.1322,,,533,38,0.244,0.806
alice,0,28580923,672,0.1655,0.8762,4.9495,0.1322,,,533,14,0.283,0.669
alice,0,28580923,673,0.0493,0.8337,4.8283,0.1322,,,528,24,0.231,0.61
alice,0,28580923,674,0.0717,0.8538,5.0155,0.1322,,,534,12,0.246,0.651
alice,0,28580923,675,0.0805,0.8746,4.8021,0.1322,,,518,35,0.245,0.549
alice,0,28580923,676,0.0689,0.8849,4.7681,0.1322,,,527,29,0.258,0.638
alice,0,28580923,677,0.1306,0.9075,4.9091,0.1322,,,526,17,0.28,0.633
alice,0,28580923,678,0.1086,0.9002,4.75,0.1322,,,522,42,0.243,0.629
alice,0,28580923,679,0.1378,0.9245,4.8194,0.1322,,,537,23,0.259,0.575
alice,0,28580923,680,0.1383,0.9015,4.8784,0.1322,,,529,16,0.256,0.58
alice,0,28580923,681,0.1292,0.9079,4.9189,0.1322,,,528,21,0.267,0.592
alice,0,28580923,682,0.1055,0.8468,4.5374,0.1322,,,538,30,0.247,0.719
alice,0,28580923,683,0.1032,0.872,4.8119,0.1322,,,537,19,0.26,0.66
alice,0,28580923,684,0.1232,0.8495,4.6143,0.1322,,,537,17,0.266,0.594
alice,0,28580923,685,0.0811,0.9129,4.8438,0.1322,,,533,11,0.266,0.662
alice,0,28580923,686,0.1562,0.8634,4.704,0.1322,,,543,15,0.287,0.647
alice,0,28580923,687,0.0967,0.8445,4.7488,0.1322,,,535,19,0.233,0.546
alice,0,28580923,688,0.1066,0.8782,4.8278,0.1322,,,538,9,0.238,0.576
alice,0,28580923,689,0.1435,0.9015,5.1759,0.1322,,,526,8,0.268,0.617
alice,0,28580923,690,0.1115,0.869,4.9409,0.1322,,,528,20,0.235,0.605
alice,0,28580923,691,0.1342,0.8308,4.7246,0.1322,,,534,22,0.244,0.575
alice,0,28580923,692,0.1201,0.8689,4.785,0.1322,,,532,10,0.245,0.669
alice,0,28580923,693,0.1052,0.8242,4.5321,0.1322,,,544,16,0.249,0.626
alice,0,28580923,694,0.1063,0.8877,4.7083,0.1322,,,525,22,0.253,0.549
alice,0,28580923,695,0.1106,0.9163,5.0138,0.1322,,,532,15,0.269,0.577
alice,0,28580923,696,0.1185,0.8831,4.7636,0.1322,,,540,8,0.281,0.837
alice,0,28580923,697,0.1054,0.909,5.0,0.1322,,,531,16,0.277,0.619
alice,0,28580923,698,0.1438,0.8516,4.8945,0.1322,,,534,17,0.267,0.574
alice,0,28580923,699,0.1147,0.7991,4.7056,0.1322,,,533,21,0.239,0.587
alice,0,28580923,700,0.1059,0.7739,4.7672,0.1322,,,519,45,0.22,0.603
alice,0,28580923,701,0.1304,0.7969,4.6502,0.1322,,,535,25,0.234,0.593
alice,0,28580923,702,0.1378,0.825,4.8109,0.1322,,,537,15,0.249,0.753
alice,0,28580923,703,0.0958,0.8365,4.5749,0.1322,,,538,10,0.255,0.595
alice,0,28580923,704,0.1274,0.8549,4.6827,0.1322,,,534,12,0.274,0.627
alice,0,28580923,705,0.1009,0.8384,4.528,0.1322,,,546,13,0.258,0.604
alice,0,28580923,706,0.1069,0.8835,5.0104,0.1322,,,529,19,0.265,0.574
alice,0,28580923,707,0.1168,0.7907,4.5487,0.1322,,,535,19,0.264,0.593
alice,0,28580923,708,0.0859,0.8698,4.8342,0.1322,,,528,15,0.27,0.562
alice,0,28580923,709,0.1106,0.8822,4.6763,0.1322,,,528,11,0.287,0.557
alice,0,28580923,710,0.1213,0.8424,4.6197,0.1322,,,534,19,0.257,0.629
alice,0,28580923,711,0.0964,0.833,4.5896,0.1322,,,540,18,0.257,0.537
alice,0,28580923,712,0.1171,0.8031,4.3803,0.1322,,,542,14,0.283,0.648
alice,0,28580923,713,0.109,0.82,4.4292,0.1322,,,547,15,0.267,0.746
alice,0,28580923,714,0.0936,0.8362,4.7041,0.1322,,,532,23,0.266,0.584
alice,0,28580923,715,0.0847,0.8555,4.6878,0.1322,,,528,15,0.263,0.532
alice,0,28580923,716,0.1292,0.882,4.7318,0.1322,,,536,15,0.273,0.65
alice,0,28580923,717,0.0886,0.8552,4.5794,0.1322,,,542,19,0.267,0.615
alice,0,28580923,718,0.1171,0.8565,4.6238,0.1322,,,535,12,0.281,0.684
alice,0,28580923,719,0.0958,0.8474,4.5438,0.1322,,,535,14,0.269,0.832
alice,0,28580923,720,0.1211,0.8777,4.8186,0.1322,,,536,11,0.279,0.615
alice,0,28580923,721,0.0843,0.8812,4.6652,0.1322,,,535,13,0.267,0.709
alice,0,28580923,722,0.0911,0.853,4.5351,0.1322,,,541,18,0.259,0.581
alice,0,28580923,723,0.1033,0.912,5.0,0.1322,,,531,12,0.27,0.61
alice,0,28580923,724,0.0972,0.8437,4.6238,0.1322,,,546,17,0.262,0.551
alice,0,28580923,725,0.0907,0.8613,4.6829,0.1322,,,532,9,0.27,0.556
alice,0,28580923,726,0.1154,0.9004,4.8571,0.1322,,,534,6,0.267,0.598
alice,0,28580923,727,0.0935,0.8241,4.5403,0.1322,,,546,15,0.253,0.67
alice,0,28580923,728,0.1271,0.8092,4.8272,0.1322,,,538,13,0.262,0.545
alice,0,28580923,729,0.1107,0.7453,4.3622,0.1322,,,541,20,0.256,0.638
alice,0,28580923,730,0.086,0.8071,4.7222,0.1322,,,525,18,0.261,0.688
alice,0,28580923,731,0.1197,0.8363,4.9126,0.1322,,,529,11,0.283,0.58
alice,0,28580923,732,0.0919,0.8325,4.6111,0.1322,,,529,16,0.258,0.587
alice,0,28580923,733,0.1051,0.8592,4.7198,0.1322,,,531,17,0.264,0.552
alice,0,28580923,734,0.086,0.7806,4.3412,0.1322,,,530,54,0.218,0.518
alice,0,28580923,735,0.0942,0.8196,4.3453,0.1322,,,527,46,0.229,0.687
alice,0,28580923,736,0.1361,0.8322,4.4185,0.1322,,,541,32,0.231,0.605
alice,0,28580923,737,0.1011,0.8446,4.8673,0.1322,,,534,28,0.231,0.6
alice,0,28580923,738,0.127,0.8395,4.6449,0.1322,,,541,19,0.248,0.606
alice,0,28580923,739,0.114,0.8729,4.7299,0.1322,,,541,12,0.244,0.697
alice,0,28580923,740,0.0933,0.8724,4.8358,0.1322,,,524,20,0.24,0.534
alice,0,28580923,741,0.1198,0.8573,4.654,0.1322,,,534,24,0.254,0.569
alice,0,28580923,742,0.1548,0.8618,4.8702,0.1322,,,536,11,0.261,0.57
alice,0,28580923,743,0.08,0.8536,4.6905,0.1322,,,526,21,0.221,0.638
alice,0,28580923,744,0.1186,0.8837,4.9352,0.1322,,,531,17,0.259,0.835
alice,0,28580923,745,0.1334,0.8957,4.9315,0.1322,,,529,12,0.266,0.511
alice,0,28580923,746,0.1018,0.9189,5.0,0.1322,,,531,13,0.251,0.628
alice,0,28580923,747,0.0979,0.8998,4.9583,0.1322,,,540,16,0.254,0.628
alice,0,28580923,748,0.1158,0.8412,4.7929,0.1322,,,534,31,0.25,0.573
alice,0,28580923,749,0.0986,0.8404,5.0489,0.1322,,,525,21,0.253,0.567
alice,0,28580923,750,0.1089,0.8459,4.725,0.1322,,,535,12,0.261,0.595
alice,0,28580923,751,0.081,0.7923,4.4876,0.1322,,,546,19,0.244,0.542
alice,0,28580923,752,0.0945,0.7969,4.6486,0.1322,,,522,34,0.256,0.558
alice,0,28580923,753,0.0953,0.809,4.287,0.1322,,,538,20,0.257,0.575
alice,0,28580923,754,0.1188,0.813,4.5509,0.1322,,,545,15,0.262,0.586
alice,0,28580923,755,0.1192,0.7979,4.4408,0.1322,,,544,13,0.268,0.565
alice,0,28580923,756,0.0818,0.8192,4.7041,0.1322,,,535,17,0.265,0.623
alice,0,28580923,757,0.1156,0.8059,4.3547,0.1322,,,549,6,0.268,0.668
alice,0,28580923,758,0.0611,0.8275,4.48,0.1322,,,529,21,0.252,0.518
alice,0,28580923,759,0.0942,0.8596,4.7438,0.1322,,,527,25,0.236,0.536
alice,0,28580923,760,0.1317,0.8647,4.8725,0.1322,,,536,15,0.253,0.612
alice,0,28580923,761,0.0939,0.8264,4.7129,0.1322,,,534,20,0.258,0.615
alice,0,28580923,762,0.123,0.8389,4.6456,0.1322,,,536,15,0.263,0.711
alice,0,28580923,763,0.1091,0.8071,4.561,0.1322,,,539,14,0.267,0.607
alice,0,28580923,764,0.0795,0.8032,4.4378,0.1322,,,539,21,0.246,0.608
alice,0,28580923,765,0.1179,0.8687,4.9744,0.1322,,,521,12,0.254,0.533
alice,0,28580923,766,0.1161,0.8444,4.7256,0.1322,,,531,14,0.261,0.644
alice,0,28580923,767,0.1114,0.8606,4.6878,0.1322,,,541,14,0.26,0.586
alice,0,28580923,768,0.1175,0.8611,4.8199,0.1322,,,537,26,0.237,0.57
alice,0,28580923,769,0.085,0.7958,4.4028,0.1322,,,542,28,0.219,0.594
alice,0,28580923,770,0.1087,0.7709,4.5891,0.1322,,,546,24,0.227,0.532
alice,0,28580923,771,0.0964,0.7855,4.6684,0.1322,,,530,26,0.246,0.662
alice,0,28580923,772,0.1235,0.7935,4.5916,0.1322,,,533,23,0.245,0.565
alice,0,28580923,773,0.07,0.7741,4.5533,0.1322,,,534,29,0.241,0.507
alice,0,28580923,774,0.1104,0.7895,4.7629,0.1322,,,529,23,0.267,0.574
alice,0,28580923,775,0.0959,0.8323,4.8614,0.1322,,,534,11,0.258,0.536
alice,0,28580923,776,0.1091,0.7951,4.6985,0.1322,,,530,25,0.255,0.571
alice,0,28580923,777,0.1161,0.8024,4.7931,0.1322,,,536,10,0.269,0.55
alice,0,28580923,778,0.096,0.7952,4.6346,0.1322,,,529,20,0.251,0.56
alice,0,28580923,779,0.1474,0.825,4.9522,0.1322,,,534,12,0.255,0.616
alice,0,28580923,780,0.1511,0.787,4.622,0.1322,,,543,13,0.261,0.637
alice,0,28580923,781,0.0656,0.7534,4.4615,0.1322,,,538,17,0.233,0.59
alice,0,28580923,782,0.1393,0.7983,4.8856,0.1322,,,532,13,0.277,0.576
alice,0,28580923,783,0.0956,0.8184,4.75,0.1322,,,537,11,0.274,0.579
alice,0,28580923,784,0.1161,0.8258,4.7488,0.1322,,,532,14,0.268,0.704
alice,0,28580923,785,0.0986,0.8222,4.7559,0.1322,,,536,8,0.264,0.554
alice,0,28580923,786,0.1425,0.8289,4.8131,0.1322,,,537,14,0.283,0.559
alice,0,28580923,787,0.0727,0.8471,4.7432,0.1322,,,532,20,0.256,0.578
alice,0,28580923,788,0.1113,0.8534,4.8967,0.1322,,,535,25,0.222,0.521
alice,0,28580923,789,0.0678,0.8347,4.6455,0.1322,,,535,31,0.201,0.526
alice,0,28580923,790,0.0912,0.8199,4.7028,0.1322,,,530,35,0.211,0.561
alice,0,28580923,791,0.1098,0.7722,4.4123,0.1322,,,546,26,0.227,0.738
alice,0,28580923,792,0.0729,0.8131,4.4104,0.1322,,,533,26,0.235,0.63
alice,0,28580923,793,0.105,0.7544,4.435,0.1322,,,542,30,0.249,0.795
alice,0,28580923,794,0.095,0.7877,4.5459,0.1322,,,533,29,0.254,0.717
alice,0,28580923,795,0.0873,0.8235,4.7634,0.1322,,,530,15,0.254,0.535
alice,0,28580923,796,0.0872,0.8124,4.6632,0.1322,,,531,18,0.26,0.552
alice,0,28580923,797,0.0924,0.8224,4.6963,0.1322,,,535,15,0.277,0.661
alice,0,28580923,798,0.0718,0.8552,4.7158,0.1322,,,533,14,0.261,0.607
alice,0,28580923,799,0.0885,0.8161,4.441,0.1322,,,529,31,0.255,0.698
alice,0,28580923,800,0.0885,0.8851,4.6165,0.1322,,,533,16,0.27,0.576
alice,0,28580923,801,0.0761,0.8417,4.4597,0.1322,,,544,12,0.275,0.563
alice,0,28580923,802,0.087,0.8461,4.5222,0.1322,,,533,30,0.265,0.603
alice,0,28580923,803,0.1053,0.7932,4.3816,0.1322,,,546,24,0.274,0.646
alice,0,28580923,804,0.0927,0.8392,4.8298,0.1322,,,526,23,0.273,0.579
alice,0,28580923,805,0.0961,0.8185,4.48,0.1322,,,529,33,0.253,0.545
alice,0,28580923,806,0.1098,0.8182,4.271,0.1322,,,538,30,0.264,0.594
alice,0,28580923,807,0.1057,0.8027,4.4123,0.1322,,,543,23,0.258,0.622
alice,0,28580923,808,0.1208,0.8391,4.794,0.1322,,,535,10,0.276,0.553
alice,0,28580923,809,0.1261,0.818,4.5507,0.1322,,,537,14,0.288,0.571
alice,0,28580923,810,0.1091,0.8253,4.5238,0.1322,,,537,18,0.277,0.54
alice,0,28580923,811,0.1102,0.8423,4.5952,0.1322,,,538,26,0.284,0.637
alice,0,28580923,812,0.1396,0.8289,4.4,0.1322,,,539,18,0.291,0.628
alice,0,28580923,813,0.0845,0.8733,4.5792,0.1322,,,532,30,0.248,0.704
alice,0,28580923,814,0.1104,0.8366,4.1992,0.1322,,,556,15,0.272,0.687
alice,0,28580923,815,0.0997,0.8553,4.5611,0.1322,,,540,16,0.274,0.665
alice,0,28580923,816,0.1198,0.8431,4.5023,0.1322,,,538,17,0.283,0.666
alice,0,28580923,817,0.1069,0.7872,4.0126,0.1322,,,561,16,0.276,0.696
alice,0,28580923,818,0.1054,0.8322,4.4259,0.1322,,,548,21,0.277,0.567
alice,0,28580923,819,0.0841,0.8213,4.1735,0.1322,,,546,23,0.274,0.568
alice,0,28580923,820,0.0975,0.862,4.4136,0.1322,,,533,25,0.281,0.624
alice,0,28580923,821,0.1004,0.781,3.808,0.1322,,,561,30,0.269,0.555
alice,0,28580923,822,0.1081,0.8607,4.4105,0.1322,,,532,33,0.275,0.698
alice,0,28580923,823,0.1272,0.9596,5.2654,0.1322,,,518,29,0.269,0.597
alice,0,28580923,824,0.1268,0.8673,4.7602,0.1322,,,525,34,0.274,0.581
alice,0,28580923,825,0.1269,0.7997,4.29,0.1322,,,559,15,0.28,0.585
alice,0,28580923,826,0.1192,0.8729,5.1333,0.1322,,,515,28,0.268,0.542
alice,0,28580923,827,0.1184,0.8695,4.831,0.1322,,,527,21,0.284,0.672
alice,0,28580923,828,0.0798,0.8814,4.7557,0.1322,,,533,22,0.251,0.563
alice,0,28580923,829,0.0891,0.921,4.8174,0.1322,,,539,18,0.265,0.604
alice,0,28580923,830,0.1152,0.8653,4.6557,0.1322,,,530,30,0.283,0.703
alice,0,28580923,831,0.0911,0.8587,4.6199,0.1322,,,537,20,0.262,0.58
alice,0,28580923,832,0.1165,0.8585,4.6729,0.1322,,,542,17,0.257,0.58
alice,0,28580923,833,0.0743,0.8423,4.5561,0.1322,,,542,21,0.255,0.6
alice,0,28580923,834,0.0921,0.8822,4.6557,0.1322,,,531,20,0.271,0.582
alice,0,28580923,835,0.1001,0.8465,4.6111,0.1322,,,539,22,0.252,0.554
alice,0,28580923,836,0.0521,0.821,4.2258,0.1322,,,545,28,0.25,0.593
alice,0,28580923,837,0.0878,0.7783,4.0092,0.1322,,,532,57,0.235,0.628
alice,0,28580923,838,0.1212,0.8559,4.4332,0.1322,,,549,22,0.282,0.553
alice,0,28580923,839,0.1224,0.8134,4.439,0.1322,,,546,12,0.297,0.579
alice,0,28580923,840,0.1253,0.809,4.4328,0.1322,,,545,13,0.291,0.655
alice,0,28580923,841,0.103,0.7956,4.6302,0.1322,,,529,23,0.266,0.596
alice,0,28580923,842,0.1214,0.732,4.1208,0.1322,,,546,17,0.286,0.593
alice,0,28580923,843,0.0943,0.7508,4.1707,0.1322,,,546,23,0.268,0.574
alice,0,28580923,844,0.1204,0.7819,4.4184,0.1322,,,539,19,0.284,0.578
alice,0,28580923,845,0.1278,0.8182,4.7,0.1322,,,528,11,0.296,0.607
alice,0,28580923,846,0.0917,0.8464,4.6157,0.1322,,,533,9,0.268,0.651
alice,0,28580923,847,0.0976,0.8563,4.5325,0.1322,,,532,15,0.283,0.64
alice,0,28580923,848,0.1172,0.8955,4.6724,0.1322,,,543,22,0.267,0.595
alice,0,28580923,849,0.0894,0.8942,4.7444,0.1322,,,541,19,0.262,0.615
alice,0,28580923,850,0.1042,0.8568,4.4435,0.1322,,,541,14,0.27,0.65
alice,0,28580923,851,0.1005,0.8538,4.5129,0.1322,,,542,21,0.27,0.669
alice,0,28580923,852,0.1034,0.8578,4.8638,0.1322,,,534,20,0.26,0.694
alice,0,28580923,853,0.1,0.8474,4.4405,0.1322,,,545,25,0.249,0.664
alice,0,28580923,854,0.0781,0.8973,4.6512,0.1322,,,541,19,0.262,0.588
alice,0,28580923,855,0.1136,0.8443,4.4234,0.1322,,,547,11,0.274,0.632
alice,0,28580923,856,0.0931,0.8394,4.7075,0.1322,,,540,10,0.283,0.563
alice,0,28580923,857,0.104,0.9049,4.8028,0.1322,,,529,7,0.293,0.58
alice,0,28580923,858,0.0874,0.8649,4.5909,0.1322,,,538,21,0.263,0.576
alice,0,28580923,859,0.1046,0.8658,4.4533,0.1322,,,548,15,0.258,0.702
alice,0,28580923,860,0.0821,0.8741,4.7559,0.1322,,,528,24,0.255,0.592
alice,0,28580923,861,0.102,0.8533,4.5826,0.1322,,,550,15,0.284,0.608
alice,0,28580923,862,0.1015,0.8098,4.136,0.1322,,,548,13,0.289,0.583
alice,0,28580923,863,0.0912,0.8285,4.3156,0.1322,,,547,25,0.268,0.556
alice,0,28580923,864,0.1109,0.8858,4.4842,0.1322,,,537,16,0.275,0.582
alice,0,28580923,865,0.1206,0.8307,4.5648,0.1322,,,541,15,0.274,0.6
alice,0,28580923,866,0.0826,0.8431,4.5227,0.1322,,,530,29,0.263,0.612
alice,0,28580923,867,0.1128,0.8824,4.3537,0.1322,,,548,10,0.273,0.633
alice,0,28580923,868,0.0806,0.907,4.2913,0.1322,,,546,26,0.265,0.606
alice,0,28580923,869,0.0641,0.8582,4.1589,0.1322,,,552,32,0.256,0.56
alice,0,28580923,870,0.0864,0.8321,4.1667,0.1322,,,541,57,0.243,0.56
alice,0,28580923,871,0.0979,0.864,4.2632,0.1322,,,545,27,0.27,0.61
alice,0,28580923,872,0.098,0.8263,4.3489,0.1322,,,550,32,0.261,0.669
alice,0,28580923,873,0.1216,0.8701,4.7083,0.1322,,,544,18,0.268,0.572
alice,0,28580923,874,0.1135,0.8473,4.6957,0.1322,,,536,19,0.268,0.606
alice,0,28580923,875,0.1153,0.8226,4.755,0.1322,,,532,26,0.251,0.597
alice,0,28604668,1360,0.1712,1.2765,4.2401,0.1322,,,590,103,0.223,0.54
alice,0,28604668,1361,0.1281,0.9625,3.8415,0.1322,,,570,88,0.239,0.602
alice,0,28604668,1362,0.1059,0.7841,3.6198,0.1322,,,563,87,0.251,0.585
alice,0,28604668,1363,0.1264,0.8619,4.1769,0.1322,,,545,61,0.27,0.678
alice,0,28604668,1364,0.1497,0.769,3.8458,0.1322,,,554,68,0.271,0.631
alice,0,28604668,1365,0.1239,0.7295,3.9469,0.1322,,,523,97,0.253,0.612
alice,0,28604668,1366,0.1184,0.6936,3.677,0.1322,,,535,120,0.244,0.759
alice,0,28604668,1367,0.0966,0.6644,3.4429,0.1322,,,524,142,0.225,0.772
alice,0,28604668,1368,0.1179,0.7133,3.6606,0.1322,,,533,98,0.236,0.791
alice,0,28604668,1369,0.153,0.663,3.4247,0.1322,,,542,87,0.238,0.704
alice,0,28604668,1370,0.1224,0.7662,4.0755,0.1322,,,523,80,0.232,0.746
alice,0,28604668,1371,0.1005,0.7341,4.2723,0.1322,,,523,88,0.221,0.683
alice,0,28604668,1372,0.0866,0.6,3.6842,0.1322,,,519,126,0.21,0.788
alice,0,28604668,1373,0.1047,0.6791,3.8945,0.1322,,,506,111,0.211,0.778
alice,0,28604668,1374,0.1019,0.7007,3.8318,0.1322,,,509,146,0.2,0.774
alice,0,28604668,1375,0.1315,0.6716,4.1111,0.1322,,,497,168,0.2,0.744
alice,0,28604668,1376,0.0943,0.6888,3.9227,0.1322,,,490,165,0.196,0.668
alice,0,28604668,1377,0.0903,0.6488,4.0441,0.1322,,,453,261,0.159,0.722
alice,0,28604668,1378,0.1042,0.6036,4.3621,0.1322,,,439,330,0.144,0.708
alice,0,28604668,1379,0.1238,0.6196,4.3152,0.1322,,,428,305,0.139,0.686
alice,0,28604668,1380,0.1489,0.6066,4.4809,0.1322,,,448,312,0.151,0.699
alice,0,28604668,1381,0.129,0.5734,4.3333,0.1322,,,440,323,0.147,0.745
alice,0,28604668,1382,0.1435,0.6034,4.506,0.1322,,,436,276,0.145,0.755
alice,0,28604668,1383,0.1035,0.5653,4.7584,0.1322,,,393,388,0.129,0.717
alice,0,28604668,1384,0.105,0.5239,4.6054,0.1322,,,390,436,0.107,0.714
alice,0,28604668,1385,0.1072,0.5133,4.4839,0.1322,,,349,483,0.101,0.858
alice,0,28604668,1386,0.1091,0.4688,4.4132,0.1322,,,353,547,0.091,0.685
alice,0,28604668,1387,0.1356,0.4728,4.1686,0.1322,,,395,497,0.104,0.768
alice,0,28604668,1388,0.1499,0.5548,4.5353,0.1322,,,408,408,0.119,0.757
alice,0,28604668,1389,0.15,0.5863,4.6628,0.1322,,,422,354,0.127,0.782
alice,0,28604668,1390,0.1327,0.5878,4.7888,0.1322,,,403,375,0.123,0.699
alice,0,28604668,1391,0.1474,0.5966,4.5795,0.1322,,,415,368,0.125,0.655
alice,0,28604668,1392,0.1237,0.5024,4.5959,0.1322,,,371,465,0.108,0.767
alice,0,28604668,1393,0.1475,0.5318,4.4783,0.1322,,,419,394,0.126,0.695
alice,0,28604668,1394,0.116,0.5914,5.1558,0.1322,,,372,415,0.111,0.77
alice,0,28604668,1395,0.0876,0.4206,4.7398,0.1322,,,308,624,0.08,0.667
alice,0,28604668,1396,0.107,0.4005,4.9496,0.1322,,,298,671,0.075,0.652
alice,0,28604668,1397,0.1136,0.3542,4.3607,0.1322,,,295,709,0.068,0.681
alice,0,28604668,1398,0.1518,0.405,4.3969,0.1322,,,335,644,0.08,0.595
alice,0,28604668,1399,0.1462,0.4499,4.587,0.1322,,,329,597,0.087,0.682
alice,0,28604668,1400,0.1403,0.4177,4.3712,0.1322,,,350,575,0.09,0.722
alice,0,28604668,1401,0.1016,0.4407,4.209,0.1322,,,359,552,0.097,0.597
alice,0,28604668,1402,0.1561,0.6194,4.4392,0.1322,,,423,368,0.124,0.676
alice,0,28604668,1403,0.14,0.6648,5.0057,0.1322,,,423,347,0.137,0.71
alice,0,28604668,1404,0.0686,0.4852,4.5252,0.1322,,,354,492,0.105,0.644
alice,0,28604668,1405,0.0842,0.4355,4.2109,0.1322,,,344,568,0.09,0.701
alice,0,28604668,1406,0.0942,0.4026,4.0714,0.1322,,,330,617,0.083,0.668
alice,0,28604668,1407,0.1221,0.457,4.038,0.1322,,,375,535,0.102,0.84
alice,0,28604668,1408,0.1207,0.516,4.434,0.1322,,,403,436,0.118,0.718
alice,0,28604668,1409,0.1341,0.5473,4.3434,0.1322,,,424,373,0.124,0.691
alice,0,28604668,1410,0.109,0.6022,4.6391,0.1322,,,420,332,0.14,0.772
alice,0,28604668,1411,0.1021,0.5927,4.44,0.1322,,,432,332,0.134,0.793
alice,0,28604668,1412,0.1112,0.5095,4.3117,0.1322,,,375,449,0.111,0.631
alice,0,28604668,1413,0.136,0.5746,4.4341,0.1322,,,412,402,0.114,0.59
alice,0,28604668,1414,0.102,0.507,4.25,0.1322,,,380,438,0.108,0.785
alice,0,28604668,1415,0.14,0.4779,3.9217,0.1322,,,413,454,0.117,0.673
alice,0,28604668,1416,0.1291,0.5295,4.4768,0.1322,,,382,444,0.116,0.628
alice,0,28604668,1417,0.1597,0.6489,4.5767,0.1322,,,436,325,0.143,0.786
alice,0,28604668,1418,0.1383,0.575,4.4211,0.1322,,,422,366,0.135,0.639
alice,0,28604668,1419,0.1165,0.5828,4.432,0.1322,,,411,358,0.128,0.657
alice,0,28604668,1420,0.1518,0.5772,4.4269,0.1322,,,447,328,0.141,0.727
alice,0,28604668,1421,0.1255,0.609,4.3824,0.1322,,,439,299,0.149,0.778
alice,0,28604668,1422,0.1028,0.69,4.4031,0.1322,,,457,249,0.157,0.788
alice,0,28604668,1423,0.0928,0.6609,4.3651,0.1322,,,438,293,0.144,0.65
alice,0,28604668,1424,0.1283,0.6458,4.4235,0.1322,,,447,292,0.152,0.775
alice,0,28604668,1425,0.1277,0.6509,4.4869,0.1322,,,461,266,0.155,0.896
alice,0,28604668,1426,0.116,0.6056,4.3989,0.1322,,,444,270,0.143,0.596
alice,0,28604668,1427,0.123,0.57,4.0769,0.1322,,,428,330,0.133,0.694
alice,0,28604668,1428,0.1166,0.5964,4.6705,0.1322,,,419,350,0.127,0.588
alice,0,28604668,1429,0.1071,0.5918,4.1313,0.1322,,,415,371,0.125,0.694
alice,0,28604668,1430,0.1129,0.5536,4.1701,0.1322,,,392,435,0.121,0.702
alice,0,28604668,1431,0.1066,0.4772,4.1198,0.1322,,,379,514,0.103,0.708
alice,0,28604668,1432,0.1213,0.4747,3.8324,0.1322,,,391,483,0.108,0.666
alice,0,28604668,1433,0.133,0.4693,3.8837,0.1322,,,392,471,0.114,0.688
alice,0,28604668,1434,0.1442,0.5194,4.2749,0.1322,,,418,419,0.125,0.591
alice,0,28604668,1435,0.1305,0.5292,4.5375,0.1322,,,405,405,0.122,0.644
alice,0,28604668,1436,0.1284,0.5634,4.2514,0.1322,,,445,335,0.136,0.892
alice,0,28604668,1437,0.1304,0.537,4.1534,0.1322,,,417,357,0.126,0.643
alice,0,28604668,1438,0.1381,0.5086,4.1198,0.1322,,,434,363,0.123,0.795
alice,0,28604668,1439,0.1138,0.627,4.3777,0.1322,,,425,323,0.123,0.602
alice,0,28604668,1440,0.1362,0.6307,4.5316,0.1322,,,438,327,0.146,0.891
alice,0,28604668,1441,0.1312,0.5558,3.9101,0.1322,,,443,325,0.139,0.731
alice,0,28604668,1442,0.1365,0.5703,4.1844,0.1322,,,438,326,0.142,0.654
alice,0,28604668,1443,0.1296,0.5567,4.2571,0.1322,,,436,342,0.136,0.764
alice,0,28604668,1444,0.1558,0.5849,4.0833,0.1322,,,439,331,0.144,0.712
alice,0,28604668,1445,0.1401,0.5672,4.1105,0.1322,,,445,324,0.145,0.689
alice,0,28604668,1446,0.1361,0.5676,3.8563,0.1322,,,443,313,0.15,0.852
alice,0,28604668,1447,0.0833,0.4987,4.0449,0.1322,,,382,438,0.115,0.677
alice,0,28604668,1448,0.1433,0.6308,4.4973,0.1322,,,439,335,0.141,0.733
alice,0,28604668,1449,0.149,0.6253,4.3789,0.1322,,,435,310,0.14,0.781
alice,0,28604668,1450,0.1197,0.6131,4.388,0.1322,,,439,321,0.133,0.696
alice,0,28604668,1451,0.1128,0.608,4.3702,0.1322,,,432,333,0.135,0.645
alice,0,28604668,1452,0.1348,0.571,4.4142,0.1322,,,424,331,0.137,0.866
alice,0,28604668,1453,0.1387,0.6159,4.3155,0.1322,,,455,291,0.146,0.826
alice,0,28604668,1454,0.109,0.5807,4.1667,0.1322,,,443,308,0.141,0.585
alice,0,28604668,1455,0.1603,0.6712,4.2398,0.1322,,,473,232,0.166,0.702
alice,0,28604668,1456,0.1304,0.5691,4.0225,0.1322,,,469,259,0.153,0.855
alice,0,28604668,1457,0.1081,0.5869,4.0056,0.1322,,,455,264,0.147,0.717
alice,0,28604668,1458,0.1222,0.6281,4.3081,0.1322,,,454,258,0.15,0.88
alice,0,28604668,1459,0.1333,0.5881,4.1148,0.1322,,,461,267,0.152,0.69
alice,0,28604668,1460,0.113,0.6473,4.2412,0.1322,,,465,239,0.162,0.675
alice,0,28604668,1461,0.1133,0.6987,4.2836,0.1322,,,469,248,0.157,0.719
alice,0,28604668,1462,0.1332,0.7084,4.6436,0.1322,,,476,218,0.167,0.858
alice,0,28604668,1463,0.1228,0.6272,4.1921,0.1322,,,460,257,0.156,0.727
alice,0,28604668,1464,0.1322,0.6851,4.7627,0.1322,,,447,247,0.157,0.805
alice,0,28604668,1465,0.099,0.6086,4.1183,0.1322,,,456,270,0.15,0.818
alice,0,28604668,1466,0.1168,0.6256,4.2663,0.1322,,,449,274,0.156,0.823
alice,0,28604668,1467,0.137,0.6498,4.2902,0.1322,,,480,217,0.166,0.803
alice,0,28604668,1468,0.0961,0.5954,4.4226,0.1322,,,437,295,0.146,0.86
alice,0,28604668,1469,0.0931,0.6007,4.2471,0.1322,,,439,310,0.142,0.749
alice,0,28604668,1470,0.0971,0.6502,4.2908,0.1322,,,437,305,0.147,0.797
alice,0,28604668,1471,0.1159,0.5764,4.107,0.1322,,,440,334,0.141,0.856
alice,0,28604668,1472,0.0901,0.5751,3.9058,0.1322,,,431,346,0.134,0.7
alice,0,28604668,1473,0.1223,0.6336,3.9167,0.1322,,,471,280,0.156,0.853
alice,0,28604668,1474,0.0903,0.5739,3.9948,0.1322,,,437,347,0.129,0.769
alice,0,28604668,1475,0.1192,0.5274,3.7447,0.1322,,,447,349,0.139,0.824
alice,0,28604668,1476,0.173,0.6132,4.3027,0.1322,,,467,264,0.156,0.704
alice,0,28604668,1477,0.1044,0.5768,4.1737,0.1322,,,458,275,0.149,0.679
alice,0,28604668,1478,0.0827,0.589,4.1186,0.1322,,,436,302,0.145,0.741
alice,0,28604668,1479,0.0906,0.5235,3.6816,0.1322,,,422,368,0.13,0.622
alice,0,28604668,1480,0.1084,0.5021,3.6648,0.1322,,,415,408,0.113,0.83
alice,0,28604668,1481,0.1266,0.5309,3.9558,0.1322,,,451,351,0.125,0.831
alice,0,28604668,1482,0.1131,0.5808,4.0611,0.1322,,,472,270,0.147,0.666
alice,0,28604668,1483,0.1211,0.6104,4.2456,0.1322,,,477,237,0.167,0.998
alice,0,28604668,1484,0.1423,0.6022,4.4481,0.1322,,,445,249,0.162,0.664
alice,0,28604668,1485,0.1389,0.6041,4.3771,0.1322,,,427,278,0.148,0.815
alice,0,28604668,1486,0.15,0.6479,4.3636,0.1322,,,469,257,0.162,0.763
alice,0,28604668,1487,0.1174,0.6543,4.2792,0.1322,,,461,239,0.157,0.819
alice,0,28604668,1488,0.1341,0.6422,4.4011,0.1322,,,448,259,0.156,0.82
alice,0,28604668,1489,0.0881,0.5957,4.3149,0.1322,,,417,358,0.129,0.68
alice,0,28604668,1490,0.1249,0.6277,4.0986,0.1322,,,466,298,0.154,0.665
alice,0,28604668,1491,0.1264,0.5459,4.1471,0.1322,,,436,354,0.136,0.596
alice,0,28604668,1492,0.1725,0.6469,4.3934,0.1322,,,464,258,0.165,0.773
alice,0,28604668,1493,0.1413,0.6258,4.3352,0.1322,,,456,260,0.152,0.839
alice,0,28604668,1494,0.1056,0.7113,4.2488,0.1322,,,459,241,0.154,0.7
alice,0,28604668,1495,0.1264,0.6285,4.3041,0.1322,,,452,278,0.151,0.735
alice,0,28604668,1496,0.135,0.6068,4.3146,0.1322,,,439,312,0.14,0.693
alice,0,28604668,1497,0.1368,0.5574,3.9551,0.1322,,,448,307,0.137,0.655
alice,0,28604668,1498,0.1122,0.5444,3.7802,0.1322,,,464,300,0.142,0.609
alice,0,28604668,1499,0.1081,0.6333,4.2,0.1322,,,452,267,0.153,0.624
alice,0,28604668,1500,0.0898,0.5769,3.9,0.1322,,,447,288,0.14,0.823
alice,0,28604668,1501,0.111,0.5897,3.94,0.1322,,,443,310,0.144,0.803
alice,0,28604668,1502,0.125,0.6869,4.5098,0.1322,,,483,236,0.161,0.841
alice,0,28604668,1503,0.1199,0.7158,4.3659,0.1322,,,485,187,0.165,0.676
alice,0,28604668,1504,0.1191,0.6795,4.627,0.1322,,,442,266,0.15,0.644
alice,0,28604668,1505,0.085,0.5726,4.0829,0.1322,,,433,336,0.129,0.84
alice,0,28604668,1506,0.1138,0.5626,3.7778,0.1322,,,474,275,0.153,0.682
alice,0,28604668,1507,0.1077,0.6489,4.2552,0.1322,,,445,284,0.152,0.701
alice,0,28604668,1508,0.0928,0.4837,3.6488,0.1322,,,416,405,0.119,0.571
alice,0,28604668,1509,0.1511,0.6105,3.9455,0.1322,,,445,318,0.146,0.633
alice,0,28604668,1510,0.1505,0.6457,4.2323,0.1322,,,482,257,0.159,0.79
alice,0,28604668,1511,0.0917,0.668,4.3161,0.1322,,,476,209,0.163,0.657
alice,0,28604668,1512,0.1095,0.6998,4.5213,0.1322,,,466,211,0.164,0.694
alice,0,28604668,1513,0.1027,0.6341,3.7633,0.1322,,,480,218,0.166,0.747
alice,0,28604668,1514,0.1197,0.6348,4.2258,0.1322,,,477,239,0.162,0.697
alice,0,28604668,1515,0.1124,0.6015,3.9674,0.1322,,,461,243,0.16,0.927
alice,0,28604668,1516,0.1293,0.6304,4.0457,0.1322,,,489,214,0.164,0.611
alice,0,28604668,1517,0.1126,0.6225,3.9427,0.1322,,,482,198,0.179,0.725
alice,0,28604668,1518,0.1091,0.6073,4.2011,0.1322,,,473,215,0.164,0.792
alice,0,28604668,1519,0.1064,0.6268,4.2778,0.1322,,,483,208,0.162,0.681
alice,0,28604668,1520,0.104,0.6375,4.236,0.1322,,,449,244,0.163,0.708
alice,0,28604668,1521,0.1076,0.6268,4.4181,0.1322,,,455,283,0.144,0.65
alice,0,28604668,1522,0.0934,0.6151,3.9534,0.1322,,,454,266,0.147,0.567
alice,0,28604668,1523,0.113,0.5454,3.7254,0.1322,,,457,310,0.151,0.686
alice,0,28604668,1524,0.1463,0.6014,3.7429,0.1322,,,491,241,0.161,0.63
alice,0,28604668,1525,0.1217,0.6381,4.0781,0.1322,,,478,235,0.168,0.83
alice,0,28604668,1526,0.1383,0.6358,4.0733,0.1322,,,479,219,0.162,0.745
alice,0,28604668,1527,0.1139,0.6542,4.3333,0.1322,,,471,212,0.167,0.75
alice,0,28604668,1528,0.1054,0.6154,3.7184,0.1322,,,481,220,0.174,0.604
alice,0,28604668,1529,0.0885,0.5803,3.8457,0.1322,,,429,321,0.14,0.665
alice,0,28604668,1530,0.0918,0.5473,4.0053,0.1322,,,435,365,0.131,0.698
alice,0,28604668,1531,0.102,0.5926,4.0155,0.1322,,,460,311,0.144,0.782
alice,0,28604668,1532,0.1131,0.6067,3.9461,0.1322,,,458,268,0.157,0.687
alice,0,28604668,1533,0.1243,0.6532,4.3134,0.1322,,,475,239,0.159,0.604
alice,0,28604668,1534,0.1441,0.6408,4.3925,0.1322,,,476,230,0.167,1.031
alice,0,28604668,1535,0.1289,0.667,4.4837,0.1322,,,472,211,0.161,0.762
alice,0,28604668,1536,0.1051,0.6198,4.2123,0.1322,,,457,248,0.155,0.606
alice,0,28604668,1537,0.0954,0.6195,4.2568,0.1322,,,456,267,0.146,0.738
alice,0,28604668,1538,0.0917,0.5529,3.709,0.1322,,,424,334,0.139,0.731
alice,0,28604668,1539,0.1155,0.585,4.0383,0.1322,,,432,363,0.129,0.683
alice,0,28604668,1540,0.1326,0.5824,3.6372,0.1322,,,496,269,0.155,0.697
alice,0,28604668,1541,0.111,0.5698,3.9834,0.1322,,,449,297,0.143,0.747
alice,0,28604668,1542,0.1457,0.6299,4.3279,0.1322,,,469,250,0.162,1.011
alice,0,28604668,1543,0.1188,0.632,3.9403,0.1322,,,482,221,0.167,0.865
alice,0,28604668,1544,0.0933,0.6817,4.125,0.1322,,,476,215,0.163,0.725
alice,0,28604668,1545,0.1176,0.7056,4.2441,0.1322,,,487,206,0.163,0.725
alice,0,28604668,1546,0.0589,0.5245,3.3788,0.1322,,,424,355,0.122,0.61
alice,0,28604668,1547,0.0794,0.4719,3.5978,0.1322,,,393,475,0.104,0.672
alice,0,28604668,1548,0.1062,0.4737,3.4352,0.1322,,,409,474,0.109,0.616
alice,0,28604668,1549,0.1461,0.5124,3.6531,0.1322,,,451,373,0.129,0.738
alice,0,28604668,1550,0.1549,0.5171,3.6796,0.1322,,,450,337,0.146,0.805
alice,0,28604668,1551,0.0888,0.5676,4.011,0.1322,,,437,331,0.142,0.68
alice,0,28604668,1552,0.153,0.6706,4.275,0.1322,,,477,230,0.168,0.692
alice,0,28604668,1553,0.1494,0.5663,3.8626,0.1322,,,492,222,0.162,0.81
alice,0,28604668,1554,0.0936,0.6009,4.0805,0.1322,,,476,210,0.16,0.826
alice,0,28604668,1555,0.1058,0.5573,3.8588,0.1322,,,448,255,0.151,0.887
alice,0,28604668,1556,0.1321,0.6646,4.122,0.1322,,,494,206,0.169,0.669
alice,0,28604668,1557,0.1062,0.6472,4.1421,0.1322,,,486,218,0.171,0.89
alice,0,28604668,1558,0.1034,0.6449,4.2768,0.1322,,,463,220,0.168,0.79
alice,0,28604668,1559,0.0913,0.6118,4.1374,0.1322,,,443,274,0.148,0.803
alice,0,28604668,1560,0.1323,0.6452,4.1951,0.1322,,,470,244,0.163,0.622
alice,0,28604668,1561,0.1765,0.662,4.401,0.1322,,,462,248,0.164,0.681
alice,0,28604668,1562,0.1118,0.6693,3.9822,0.1322,,,511,183,0.17,0.801
alice,0,28604668,1563,0.0921,0.6211,4.0942,0.1322,,,452,260,0.144,0.798
alice,0,28604668,1564,0.1264,0.5774,3.9683,0.1322,,,455,306,0.141,0.761
alice,0,28604668,1565,0.1189,0.6821,4.3462,0.1322,,,473,221,0.158,0.658
alice,0,28604668,1566,0.1193,0.6583,4.28,0.1322,,,475,239,0.168,0.822
alice,0,28604668,1567,0.1352,0.6073,4.1283,0.1322,,,469,248,0.163,0.727
alice,0,28604668,1568,0.1267,0.6927,4.5372,0.1322,,,471,207,0.16,0.794
alice,0,28604668,1569,0.0751,0.6141,4.0564,0.1322,,,461,268,0.144,0.814
alice,0,28604668,1570,0.0467,0.5104,3.8035,0.1322,,,417,394,0.116,0.676
alice,0,28604668,1571,0.0828,0.478,3.5862,0.1322,,,404,429,0.108,0.91
alice,0,28604668,1572,0.0787,0.4854,4.006,0.1322,,,360,502,0.105,0.717
alice,0,28604668,1573,0.1271,0.4778,3.6816,0.1322,,,442,416,0.12,0.823
alice,0,28604668,1574,0.1452,0.5856,3.9154,0.1322,,,452,288,0.149,0.733
alice,0,28604668,1575,0.1197,0.5643,3.9053,0.1322,,,452,308,0.144,0.64
alice,0,28604668,1576,0.1233,0.5975,4.1204,0.1322,,,464,264,0.153,0.895
alice,0,28604668,1577,0.1165,0.5925,3.904,0.1322,,,450,286,0.148,0.736
alice,0,28604668,1578,0.1456,0.6239,4.225,0.1322,,,479,236,0.157,0.586
alice,0,28604668,1579,0.1375,0.619,3.8829,0.1322,,,486,223,0.168,0.66
alice,0,28604668,1580,0.1024,0.651,4.2143,0.1322,,,479,217,0.171,0.633
alice,0,28604668,1581,0.1178,0.628,3.9596,0.1322,,,480,221,0.172,0.666
alice,0,28604668,1582,0.0987,0.6857,4.2587,0.1322,,,457,225,0.164,0.675
alice,0,28604668,1583,0.0988,0.6688,4.1905,0.1322,,,461,263,0.164,0.909
alice,0,28604668,1584,0.1487,0.6447,4.0945,0.1322,,,485,227,0.165,0.729
alice,0,28604668,1585,0.1411,0.6226,4.0481,0.1322,,,484,209,0.171,0.69
alice,0,28604668,1586,0.104,0.6407,4.2984,0.1322,,,462,240,0.153,0.934
alice,0,28604668,1587,0.097,0.5932,3.8974,0.1322,,,431,308,0.137,0.749
alice,0,28604668,1588,0.1255,0.5711,3.96,0.1322,,,457,328,0.135,0.711
alice,0,28604668,1589,0.108,0.6249,4.1206,0.1322,,,470,249,0.157,0.753
alice,0,28604668,1590,0.1017,0.5611,3.6225,0.1322,,,470,263,0.153,0.574
alice,0,28604668,1591,0.131,0.5866,3.6908,0.1322,,,477,255,0.159,0.814
alice,0,28604668,1592,0.1037,0.5745,3.9946,0.1322,,,472,254,0.151,0.756
alice,0,28604668,1593,0.1036,0.6241,3.8878,0.1322,,,482,215,0.169,0.841
alice,0,28604668,1594,0.1117,0.6549,4.2784,0.1322,,,447,247,0.154,0.885
alice,0,28604668,1595,0.1305,0.6048,3.6591,0.1322,,,499,226,0.171,0.634
alice,0,28604668,1596,0.1092,0.5969,3.9101,0.1322,,,450,297,0.151,0.749
alice,0,28604668,1597,0.1134,0.5813,3.7273,0.1322,,,442,332,0.143,0.632
alice,0,28604668,1598,0.0974,0.5285,3.6702,0.1322,,,409,407,0.125,0.684
alice,0,28604668,1599,0.1235,0.5548,3.974,0.1322,,,446,354,0.137,0.807
alice,0,28604668,1600,0.1268,0.5962,3.9146,0.1322,,,461,289,0.16,0.636
alice,0,28604668,1601,0.1197,0.5381,3.6856,0.1322,,,462,295,0.146,0.968
alice,0,28604668,1602,0.1208,0.5609,3.9494,0.1322,,,435,308,0.145,0.655
alice,0,28604668,1603,0.1558,0.5667,3.7164,0.1322,,,456,313,0.143,0.705
alice,0,28604668,1604,0.1075,0.7186,4.1293,0.1322,,,489,197,0.166,0.787
alice,0,28604668,1605,0.1227,0.6667,4.2582,0.1322,,,480,217,0.166,0.827
alice,0,28604668,1606,0.1059,0.6575,4.1716,0.1322,,,470,238,0.164,0.682
alice,0,28604668,1607,0.102,0.7197,4.242,0.1322,,,487,198,0.17,0.64
alice,0,28604668,1608,0.1217,0.6844,4.2406,0.1322,,,489,213,0.17,0.82
alice,0,28604668,1609,0.1184,0.5921,3.9381,0.1322,,,486,220,0.168,0.679
alice,0,28604668,1610,0.1353,0.601,4.0055,0.1322,,,464,237,0.164,0.642
alice,0,28604668,1611,0.1069,0.5688,3.8646,0.1322,,,468,269,0.153,0.749
alice,0,28604668,1612,0.0897,0.5617,3.5743,0.1322,,,466,294,0.14,0.659
alice,0,28604668,1613,0.122,0.5785,3.8462,0.1322,,,439,318,0.135,0.572
alice,0,28604668,1614,0.1192,0.5761,3.6376,0.1322,,,468,300,0.155,0.77
alice,0,28604668,1615,0.1325,0.6295,3.8142,0.1322,,,513,201,0.167,0.767
alice,0,28604668,1616,0.0976,0.573,3.7259,0.1322,,,448,275,0.151,0.776
alice,0,28604668,1617,0.1235,0.6322,4.0047,0.1322,,,497,232,0.16,0.758
alice,0,28604668,1618,0.1216,0.641,4.3069,0.1322,,,485,213,0.172,0.903
alice,0,28604668,1619,0.1008,0.6252,4.1444,0.1322,,,472,227,0.166,0.701
alice,0,28604668,1620,0.0937,0.6202,3.8535,0.1322,,,473,224,0.16,0.725
alice,0,28604668,1621,0.1164,0.6954,4.3756,0.1322,,,463,229,0.171,0.744
alice,0,28604668,1622,0.1111,0.6246,3.9805,0.1322,,,479,244,0.165,0.735
alice,0,28604668,1623,0.1215,0.6666,4.0372,0.1322,,,480,215,0.175,0.757
alice,0,28604668,1624,0.1165,0.7165,4.0814,0.1322,,,498,181,0.17,0.724
alice,0,28604668,1625,0.1116,0.6859,4.0323,0.1322,,,478,202,0.169,0.658
alice,0,28604668,1626,0.1347,0.6087,3.9087,0.1322,,,486,248,0.156,0.619
alice,0,28604668,1627,0.1119,0.6252,3.7346,0.1322,,,493,207,0.166,0.843
alice,0,28604668,1628,0.1012,0.5843,3.7801,0.1322,,,485,239,0.175,0.7
alice,0,28604668,1629,0.1328,0.5999,3.8238,0.1322,,,477,208,0.176,0.736
alice,0,28604668,1630,0.1316,0.6381,4.0097,0.1322,,,475,219,0.175,0.629
alice,0,28604668,1631,0.1213,0.6607,4.0519,0.1322,,,499,208,0.176,0.75
alice,0,28604668,1632,0.1002,0.666,4.1414,0.1322,,,452,254,0.167,0.652
alice,0,28604668,1633,0.0942,0.5847,3.7778,0.1322,,,437,324,0.143,0.809
alice,0,28604668,1634,0.1341,0.6622,4.1312,0.1322,,,480,267,0.154,0.803
alice,0,28604668,1635,0.1225,0.6366,4.08,0.1322,,,482,240,0.166,0.737
alice,0,28604668,1636,0.1097,0.5285,3.6989,0.1322,,,457,302,0.151,0.666
alice,0,28604668,1637,0.142,0.5921,3.5592,0.1322,,,470,259,0.151,0.716
alice,0,28604668,1638,0.1304,0.7011,4.338,0.1322,,,495,192,0.178,0.607
alice,0,28604668,1639,0.1118,0.6389,4.0348,0.1322,,,471,233,0.165,0.718
alice,0,28604668,1640,0.1073,0.6543,4.0236,0.1322,,,486,234,0.16,0.843
alice,0,28604668,1641,0.091,0.7285,4.229,0.1322,,,476,206,0.164,0.801
alice,0,28604668,1642,0.1298,0.6724,4.088,0.1322,,,491,208,0.179,0.786
alice,0,28604668,1643,0.1308,0.7055,4.086,0.1322,,,506,166,0.191,0.895
alice,0,28604668,1644,0.0869,0.6984,4.3668,0.1322,,,494,181,0.177,0.662
alice,0,28604668,1645,0.0857,0.6228,4.153,0.1322,,,458,232,0.161,0.792
alice,0,28604668,1646,0.0848,0.6193,4.1925,0.1322,,,447,277,0.15,0.77
alice,0,28604668,1647,0.1289,0.6338,4.1095,0.1322,,,443,296,0.142,0.603
alice,0,28604668,1648,0.1337,0.5294,3.432,0.1322,,,485,302,0.146,0.755
alice,0,28604668,1649,0.1263,0.6743,4.0282,0.1322,,,485,184,0.175,0.772
alice,0,28604668,1650,0.1497,0.5943,3.6651,0.1322,,,506,216,0.166,0.822
alice,0,28604668,1651,0.0887,0.6273,3.9216,0.1322,,,485,209,0.159,0.753
alice,0,28604668,1652,0.1008,0.6296,3.975,0.1322,,,480,236,0.157,0.663
alice,0,28604668,1653,0.0866,0.6323,3.9602,0.1322,,,466,243,0.159,0.709
alice,0,28604668,1654,0.1232,0.5962,3.5917,0.1322,,,486,243,0.163,0.647
alice,0,28604668,1655,0.1373,0.6369,3.8922,0.1322,,,489,219,0.165,0.736
alice,0,28604668,1656,0.1063,0.6436,3.7824,0.1322,,,495,195,0.176,0.715
alice,0,28604668,1657,0.0956,0.6146,3.8049,0.1322,,,493,211,0.171,0.653
alice,0,28604668,1658,0.0897,0.6575,4.0,0.1322,,,482,202,0.172,0.704
alice,0,28604668,1659,0.1404,0.6686,4.1739,0.1322,,,498,183,0.18,0.689
alice,0,28604668,1660,0.0985,0.6143,4.0811,0.1322,,,473,219,0.16,0.589
alice,0,28604668,1661,0.1254,0.7136,4.4848,0.1322,,,487,177,0.17,0.63
alice,0,28604668,1662,0.1261,0.6627,4.0591,0.1322,,,499,177,0.188,0.84
alice,0,28604668,1663,0.1186,0.6364,3.896,0.1322,,,483,211,0.172,0.676
alice,0,28604668,1664,0.1079,0.6824,4.0931,0.1322,,,471,215,0.175,0.676
alice,0,28604668,1665,0.109,0.6413,3.6787,0.1322,,,483,250,0.157,0.685
alice,0,28604668,1666,0.0838,0.6874,4.0849,0.1322,,,467,233,0.165,0.78
alice,0,28604668,1667,0.0922,0.6096,3.9397,0.1322,,,472,288,0.148,0.627
alice,0,28604668,1668,0.1103,0.6064,3.8402,0.1322,,,449,284,0.152,0.952
alice,0,28604668,1669,0.1124,0.587,3.4682,0.1322,,,488,256,0.16,0.806
alice,0,28604668,1670,0.0832,0.5824,3.7255,0.1322,,,454,294,0.148,0.801
alice,0,28604668,1671,0.0892,0.5027,3.5956,0.1322,,,430,383,0.126,0.603
alice,0,28604668,1672,0.0977,0.5425,3.4074,0.1322,,,473,310,0.139,0.619
alice,0,28604668,1673,0.165,0.6125,3.7826,0.1322,,,483,235,0.169,0.723
alice,0,28604668,1674,0.0982,0.6481,3.9905,0.1322,,,496,208,0.167,0.65
alice,0,28604668,1675,0.0904,0.6867,4.4162,0.1322,,,488,188,0.179,0.758
alice,0,28604668,1676,0.1114,0.681,4.2074,0.1322,,,481,193,0.186,0.652
alice,0,28604668,1677,0.1395,0.6799,4.0095,0.1322,,,491,168,0.185,0.718
alice,0,28604668,1678,0.1326,0.7029,4.0769,0.1322,,,495,174,0.188,0.838
alice,0,28604668,1679,0.1076,0.754,4.338,0.1322,,,497,155,0.183,0.69
alice,0,28604668,1680,0.1065,0.7149,4.1927,0.1322,,,490,190,0.178,0.844
alice,0,28604668,1681,0.1108,0.6663,3.893,0.1322,,,513,170,0.193,0.831
alice,0,28604668,1682,0.1379,0.7122,4.0825,0.1322,,,513,141,0.205,0.955
alice,0,28604668,1683,0.1056,0.6985,3.7742,0.1322,,,520,110,0.211,0.618
alice,0,28604668,1684,0.1183,0.7028,4.3424,0.1322,,,476,169,0.188,0.841
alice,0,28604668,1685,0.1356,0.6655,3.9524,0.1322,,,503,163,0.18,0.724
alice,0,28604668,1686,0.1181,0.6996,4.1721,0.1322,,,504,134,0.196,0.703
alice,0,28604668,1687,0.1038,0.697,4.1739,0.1322,,,497,170,0.185,0.81
alice,0,28604668,1688,0.1064,0.6682,3.934,0.1322,,,473,216,0.168,0.831
alice,0,28604668,1689,0.1151,0.6632,4.0556,0.1322,,,501,189,0.175,0.623
alice,0,28604668,1690,0.09,0.6443,3.7558,0.1322,,,496,187,0.175,0.763
alice,0,28604668,1691,0.0718,0.7158,4.0533,0.1322,,,483,197,0.17,0.792
alice,0,28604668,1692,0.097,0.6298,4.0244,0.1322,,,486,236,0.165,0.795
alice,0,28604668,1693,0.1174,0.6376,3.8476,0.1322,,,508,174,0.185,0.99
alice,0,28604668,1694,0.0957,0.6783,3.9761,0.1322,,,496,167,0.182,0.674
alice,0,28604668,1695,0.1028,0.6189,3.5531,0.1322,,,499,185,0.183,0.824
alice,0,28604668,1696,0.1167,0.7144,4.083,0.1322,,,500,177,0.183,0.758
alice,0,28604668,1697,0.0983,0.6589,3.9263,0.1322,,,501,185,0.171,0.755
alice,0,28604668,1698,0.1247,0.5848,3.434,0.1322,,,493,212,0.168,0.797
alice,0,28604668,1699,0.1126,0.6215,3.6651,0.1322,,,470,237,0.17,0.751
alice,0,28604668,1700,0.1324,0.7094,4.3102,0.1322,,,501,165,0.188,0.872
alice,0,28604668,1701,0.1029,0.6363,4.0,0.1322,,,493,201,0.175,0.735
alice,0,28604668,1702,0.1064,0.7315,4.2629,0.1322,,,488,157,0.187,0.661
alice,0,28604668,1703,0.0999,0.6814,3.9658,0.1322,,,510,163,0.187,0.803
alice,0,28604668,1704,0.1151,0.6689,4.0372,0.1322,,,495,187,0.183,0.717
alice,0,28604668,1705,0.1292,0.7368,4.4826,0.1322,,,507,161,0.193,0.745
alice,0,28604668,1706,0.0936,0.5976,3.6904,0.1322,,,504,164,0.18,0.821
alice,0,28604668,1707,0.0951,0.6446,4.1694,0.1322,,,496,181,0.186,0.626
alice,0,28604668,1708,0.1022,0.7504,4.4592,0.1322,,,493,129,0.194,0.701
alice,0,28604668,1709,0.1009,0.705,4.1337,0.1322,,,497,157,0.198,0.918
alice,0,28604668,1710,0.0877,0.7264,4.3,0.1322,,,490,166,0.188,0.679
alice,0,28604668,1711,0.0824,0.6406,4.0601,0.1322,,,484,212,0.173,0.76
alice,0,28604668,1712,0.1253,0.5637,3.8994,0.1322,,,486,209,0.184,0.85
alice,0,28604668,1713,0.0954,0.5554,3.5191,0.1322,,,490,210,0.168,0.729
alice,0,28604668,1714,0.0768,0.6003,3.7419,0.1322,,,469,237,0.154,0.75
alice,0,28604668,1715,0.0928,0.5688,3.6823,0.1322,,,447,288,0.143,0.615
alice,0,28604668,1716,0.1133,0.5812,3.662,0.1322,,,473,284,0.151,0.689
alice,0,28604668,1717,0.1128,0.6997,3.9156,0.1322,,,501,187,0.18,0.732
alice,0,28604668,1718,0.1253,0.7598,4.2974,0.1322,,,492,180,0.175,0.841
alice,0,28604668,1719,0.1057,0.667,3.9812,0.1322,,,488,219,0.166,0.828
alice,0,28604668,1720,0.1512,0.6888,4.2573,0.1322,,,490,184,0.178,0.801
alice,0,28604668,1721,0.0767,0.7094,4.1524,0.1322,,,500,158,0.183,0.832
alice,0,28604668,1722,0.076,0.6621,3.867,0.1322,,,487,215,0.169,0.646
alice,0,28604668,1723,0.1088,0.6836,4.1782,0.1322,,,467,209,0.169,0.717
alice,0,28604668,1724,0.0925,0.6041,3.7583,0.1322,,,486,239,0.162,0.874
alice,0,28604668,1725,0.1373,0.6555,3.7692,0.1322,,,511,170,0.188,0.864
alice,0,28604668,1726,0.1182,0.6638,3.7936,0.1322,,,517,149,0.197,0.781
alice,0,28604668,1727,0.1255,0.6901,3.8597,0.1322,,,516,141,0.192,0.69
alice,0,28604668,1728,0.0987,0.6528,3.8204,0.1322,,,514,150,0.2,0.809
alice,0,28604668,1729,0.0719,0.6338,3.8477,0.1322,,,483,192,0.179,0.927
alice,0,28604668,1730,0.0909,0.5621,3.451,0.1322,,,469,267,0.164,0.617
alice,0,28604668,1731,0.1182,0.5622,3.3733,0.1322,,,476,265,0.156,0.639
alice,0,28604668,1732,0.1294,0.5456,3.4528,0.1322,,,506,234,0.162,0.909
alice,0,28604668,1733,0.1341,0.5793,3.658,0.1322,,,498,193,0.185,0.86
alice,0,28604668,1734,0.1238,0.6515,4.1534,0.1322,,,481,190,0.18,0.633
alice,0,28604668,1735,0.0918,0.641,3.8673,0.1322,,,484,198,0.171,0.711
alice,0,28604668,1736,0.1013,0.652,4.1538,0.1322,,,484,213,0.17,0.733
alice,0,28604668,1737,0.1115,0.7276,4.4563,0.1322,,,480,191,0.178,0.677
alice,0,28604668,1738,0.118,0.6569,4.0,0.1322,,,497,193,0.177,0.695
alice,0,28604668,1739,0.118,0.6145,3.9538,0.1322,,,500,191,0.172,0.742
alice,0,28604668,1740,0.0961,0.647,4.1058,0.1322,,,477,206,0.172,0.737
alice,0,28604668,1741,0.1006,0.7262,4.2759,0.1322,,,488,175,0.187,0.688
alice,0,28604668,1742,0.122,0.7044,4.2816,0.1322,,,511,158,0.186,0.844
alice,0,28604668,1743,0.0962,0.6613,3.95,0.1322,,,498,159,0.179,0.683
alice,0,28604668,1744,0.0965,0.7155,4.0591,0.1322,,,508,152,0.201,0.794
alice,0,28604668,1745,0.1094,0.6556,3.8155,0.1322,,,506,150,0.189,0.638
alice,0,28604668,1746,0.0964,0.6471,3.9646,0.1322,,,486,186,0.176,0.727
alice,0,28604668,1747,0.1188,0.6485,3.8585,0.1322,,,504,172,0.182,0.786
alice,0,28604668,1748,0.1027,0.6403,3.9104,0.1322,,,498,176,0.186,0.732
alice,0,28604668,1749,0.0947,0.6937,4.2526,0.1322,,,480,185,0.18,0.857
alice,0,28604668,1750,0.094,0.7261,4.0185,0.1322,,,500,159,0.181,0.734
alice,0,28604668,1751,0.1049,0.6041,3.9235,0.1322,,,503,193,0.175,0.804
alice,0,28604668,1752,0.0843,0.6193,3.6878,0.1322,,,479,189,0.177,0.779
alice,0,28604668,1753,0.0973,0.5635,3.3484,0.1322,,,502,237,0.16,0.738
alice,0,28604668,1754,0.0927,0.5937,3.7208,0.1322,,,466,253,0.16,0.825
alice,0,28604668,1755,0.0938,0.6223,3.7042,0.1322,,,501,211,0.173,0.706
alice,0,28604668,1756,0.1154,0.6354,3.6651,0.1322,,,504,187,0.187,0.913
alice,0,28604668,1757,0.1257,0.7817,4.3726,0.1322,,,506,118,0.207,0.858
alice,0,28604668,1758,0.117,0.7029,4.1256,0.1322,,,498,148,0.191,0.798
alice,0,28604668,1759,0.1238,0.7645,4.2675,0.1322,,,514,127,0.199,0.676
alice,0,28604668,1760,0.1064,0.6893,4.0457,0.1322,,,506,145,0.194,0.843
alice,0,28604668,1761,0.1263,0.7365,4.4709,0.1322,,,500,130,0.195,0.654
alice,0,28604668,1762,0.1135,0.6105,3.7594,0.1322,,,517,153,0.191,0.723
alice,0,28604668,1763,0.0891,0.608,3.7487,0.1322,,,499,177,0.187,0.821
alice,0,28604668,1764,0.0975,0.6448,3.8301,0.1322,,,498,167,0.185,0.75
alice,0,28604668,1765,0.1155,0.7106,4.061,0.1322,,,493,159,0.185,0.718
alice,0,28604668,1766,0.1017,0.7444,4.146,0.1322,,,495,169,0.191,0.682
alice,0,28604668,1767,0.1302,0.8006,4.3042,0.1322,,,519,119,0.212,0.809
alice,0,28604668,1768,0.0924,0.7497,4.103,0.1322,,,520,131,0.207,0.794
alice,0,28604668,1769,0.0808,0.7021,3.9128,0.1322,,,489,174,0.188,0.902
alice,0,28604668,1770,0.1207,0.696,4.1822,0.1322,,,494,182,0.192,0.747
alice,0,28604668,1771,0.1087,0.681,4.0876,0.1322,,,494,178,0.183,0.769
alice,0,28604668,1772,0.1144,0.6708,3.9224,0.1322,,,503,166,0.189,0.787
alice,0,28604668,1773,0.1127,0.6953,3.8304,0.1322,,,520,145,0.194,0.88
alice,0,28604668,1774,0.1093,0.6989,4.3128,0.1322,,,500,159,0.19,0.709
alice,0,28604668,1775,0.1146,0.6747,3.8204,0.1322,,,507,147,0.192,0.782
alice,0,28604668,1776,0.0837,0.6914,4.0622,0.1322,,,494,171,0.183,0.851
alice,0,28604668,1777,0.0756,0.6238,3.6453,0.1322,,,487,200,0.174,0.951
alice,0,28604668,1778,0.1059,0.5989,3.649,0.1322,,,470,246,0.156,0.726
alice,0,28604668,1779,0.1301,0.6812,3.8628,0.1322,,,502,194,0.18,0.75
alice,0,28604668,1780,0.0952,0.6219,3.7189,0.1322,,,497,199,0.178,0.655
alice,0,28604668,1781,0.1221,0.6752,4.0379,0.1322,,,511,170,0.188,0.774
alice,0,28604668,1782,0.098,0.6497,3.7692,0.1322,,,476,197,0.175,0.803
alice,0,28604668,1783,0.1573,0.6356,3.8102,0.1322,,,493,202,0.18,0.766
alice,0,28604668,1784,0.1216,0.6967,4.4184,0.1322,,,507,164,0.193,0.8
alice,0,28604668,1785,0.098,0.6716,4.0859,0.1322,,,507,148,0.19,0.777
alice,0,28604668,1786,0.0905,0.6519,3.75,0.1322,,,495,183,0.18,0.719
alice,0,28604668,1787,0.118,0.5944,3.64,0.1322,,,484,218,0.18,0.802
alice,0,28604668,1788,0.1071,0.6855,3.8571,0.1322,,,502,175,0.191,0.985
alice,0,28604668,1789,0.1249,0.6577,4.197,0.1322,,,476,207,0.17,0.723
alice,0,28604668,1790,0.1266,0.6996,4.1991,0.1322,,,488,185,0.176,0.631
alice,0,28604668,1791,0.129,0.7157,4.0304,0.1322,,,528,132,0.2,0.803
alice,0,28604668,1792,0.1082,0.6868,4.0288,0.1322,,,499,166,0.197,0.66
alice,0,28604668,1793,0.1321,0.6163,3.8522,0.1322,,,493,192,0.183,0.868
alice,0,28604668,1794,0.124,0.5965,3.6338,0.1322,,,505,168,0.193,0.934
alice,0,28604668,1795,0.1143,0.6818,4.05,0.1322,,,512,143,0.19,0.657
alice,0,28604668,1796,0.0924,0.6899,3.981,0.1322,,,506,158,0.192,0.979
alice,0,28604668,1797,0.1005,0.7224,4.2941,0.1322,,,488,153,0.205,0.855
alice,0,28604668,1798,0.1055,0.6972,3.9688,0.1322,,,496,187,0.181,0.772
alice,0,28604668,1799,0.12,0.6872,3.7797,0.1322,,,514,157,0.194,0.726
alice,0,28604668,1800,0.1485,0.6819,3.8982,0.1322,,,520,167,0.195,0.795
alice,0,28604668,1801,0.0853,0.7256,4.1121,0.1322,,,504,145,0.197,0.813
alice,0,28604668,1802,0.1037,0.7631,4.1726,0.1322,,,510,114,0.206,0.873
alice,0,28604668,1803,0.1125,0.6579,3.7945,0.1322,,,508,188,0.188,0.722
alice,0,28604668,1804,0.0746,0.6528,4.1206,0.1322,,,465,217,0.163,0.659
alice,0,28604668,1805,0.0786,0.6898,3.9818,0.1322,,,484,219,0.167,0.606
alice,0,28604668,1806,0.121,0.6075,3.7902,0.1322,,,502,217,0.17,0.721
alice,0,28604668,1807,0.0906,0.6294,3.8586,0.1322,,,479,214,0.175,0.737
alice,0,28604668,1808,0.0869,0.6138,3.7349,0.1322,,,484,207,0.174,0.855
alice,0,28604668,1809,0.1196,0.6445,3.789,0.1322,,,508,197,0.183,0.83
alice,0,28604668,1810,0.1195,0.6318,3.8551,0.1322,,,516,154,0.205,0.725
alice,0,28604668,1811,0.087,0.6809,3.9617,0.1322,,,495,153,0.189,0.787
alice,0,28604668,1812,0.1076,0.6578,4.155,0.1322,,,491,197,0.178,0.9
alice,0,28604668,1813,0.0852,0.5732,3.9886,0.1322,,,467,243,0.173,0.777
alice,0,28604668,1814,0.0767,0.6659,4.0976,0.1322,,,473,213,0.177,0.69
alice,0,28604668,1815,0.1316,0.6529,3.9439,0.1322,,,491,217,0.177,0.805
alice,0,28604668,1816,0.1021,0.6215,3.8238,0.1322,,,521,155,0.203,0.776
alice,0,28604668,1817,0.1038,0.6615,3.9899,0.1322,,,502,150,0.206,0.841
alice,0,28604668,1818,0.1086,0.6801,4.0048,0.1322,,,506,149,0.191,0.684
alice,0,28604668,1819,0.0704,0.6268,3.7264,0.1322,,,484,211,0.174,0.857
alice,0,28604668,1820,0.0884,0.6044,3.8985,0.1322,,,496,209,0.174,0.918
alice,0,28604668,1821,0.0976,0.6183,3.9,0.1322,,,478,210,0.178,0.698
alice,0,28604668,1822,0.1143,0.6684,3.8222,0.1322,,,496,171,0.187,0.772
alice,0,28604668,1823,0.1056,0.671,3.7824,0.1322,,,520,164,0.19,0.945
alice,0,28604668,1824,0.1147,0.7225,3.9911,0.1322,,,488,186,0.18,0.745
alice,0,28604668,1825,0.1021,0.7371,3.7944,0.1322,,,530,138,0.204,0.99
alice,0,28604668,1826,0.1097,0.7602,4.0472,0.1322,,,517,122,0.204,0.691
alice,0,28604668,1827,0.1017,0.684,3.9384,0.1322,,,493,168,0.185,0.757
alice,0,28604668,1828,0.1062,0.6059,3.4545,0.1322,,,510,207,0.173,0.841
alice,0,28604668,1829,0.0869,0.6251,3.6635,0.1322,,,491,211,0.169,0.735
alice,0,28604668,1830,0.0972,0.6234,3.6944,0.1322,,,483,212,0.167,0.722
alice,0,28604668,1831,0.1167,0.6222,3.7512,0.1322,,,491,212,0.176,0.686
alice,0,28604668,1832,0.1158,0.6768,3.9817,0.1322,,,506,174,0.185,0.854
alice,0,28604668,1833,0.1192,0.6176,3.6774,0.1322,,,513,180,0.186,0.861
alice,0,28604668,1834,0.0882,0.6202,3.6439,0.1322,,,479,210,0.18,0.797
alice,0,28604668,1835,0.1109,0.6275,3.785,0.1322,,,522,175,0.17,0.826
alice,0,28604668,1836,0.0798,0.6412,3.7874,0.1322,,,501,165,0.184,0.822
alice,0,28604668,1837,0.0969,0.7138,4.1084,0.1322,,,493,157,0.195,0.798
alice,0,28604668,1838,0.098,0.6904,3.8626,0.1322,,,497,170,0.195,0.888
alice,0,28604668,1839,0.106,0.6343,3.69,0.1322,,,522,164,0.192,0.81
alice,0,28604668,1840,0.1223,0.6278,3.5541,0.1322,,,513,152,0.193,0.784
alice,0,28604668,1841,0.1037,0.702,3.9565,0.1322,,,515,138,0.197,0.692
alice,0,28604668,1842,0.1255,0.6225,3.7397,0.1322,,,516,162,0.194,0.724
alice,0,28604668,1843,0.1,0.6677,3.7318,0.1322,,,509,148,0.193,0.793
alice,0,28604668,1844,0.1197,0.566,3.9392,0.1322,,,476,249,0.168,0.947
alice,0,28604668,1845,0.1061,0.6238,3.8643,0.1322,,,504,170,0.185,0.703
alice,0,28604668,1846,0.094,0.6414,3.7806,0.1322,,,498,179,0.177,0.646
alice,0,28604668,1847,0.0886,0.6654,3.9369,0.1322,,,492,172,0.182,0.651
alice,0,28604668,1848,0.1057,0.741,4.5619,0.1322,,,480,175,0.187,0.697
alice,0,28604668,1849,0.1376,0.683,4.1589,0.1322,,,496,164,0.191,0.732
alice,0,28604668,1850,0.1126,0.6745,4.0044,0.1322,,,518,132,0.202,0.992
alice,0,28604668,1851,0.0966,0.6835,4.0625,0.1322,,,504,147,0.187,0.762
alice,0,28604668,1852,0.111,0.705,4.156,0.1322,,,501,149,0.202,0.813
alice,0,28604668,1853,0.104,0.6654,4.0446,0.1322,,,496,185,0.18,0.94
alice,0,28604668,1854,0.1006,0.6932,3.9694,0.1322,,,505,165,0.19,0.668
alice,0,28604668,1855,0.119,0.7373,4.1802,0.1322,,,518,138,0.197,0.729
alice,0,28604668,1856,0.0832,0.6727,3.9752,0.1322,,,508,175,0.196,0.882
alice,0,28604668,1857,0.1058,0.6343,3.9086,0.1322,,,497,169,0.188,0.74
alice,0,28604668,1858,0.0878,0.688,3.8364,0.1322,,,508,129,0.203,0.774
alice,0,28604668,1859,0.0979,0.7492,4.2676,0.1322,,,512,131,0.204,0.645
alice,0,28604668,1860,0.0842,0.7147,4.3676,0.1322,,,496,149,0.197,0.97
alice,0,28604668,1861,0.0709,0.6889,3.9569,0.1322,,,499,170,0.185,0.893
alice,0,28604668,1862,0.0982,0.6551,3.9461,0.1322,,,491,186,0.184,0.745
alice,0,28604668,1863,0.082,0.671,3.8991,0.1322,,,504,160,0.192,0.711
alice,0,28604668,1864,0.0954,0.6306,3.9375,0.1322,,,514,161,0.181,0.702
alice,0,28604668,1865,0.0866,0.584,3.7772,0.1322,,,483,206,0.179,0.79
alice,0,28604668,1866,0.1079,0.542,3.5959,0.1322,,,488,231,0.168,0.751
alice,0,28604668,1867,0.0848,0.5561,3.3913,0.1322,,,494,216,0.172,0.801
alice,0,28604668,1868,0.1208,0.6702,3.7339,0.1322,,,507,155,0.188,0.729
alice,0,28604668,1869,0.1088,0.7222,4.1814,0.1322,,,511,138,0.202,0.963
alice,0,28604668,1870,0.0933,0.6705,4.298,0.1322,,,497,173,0.192,0.81
alice,0,28604668,1871,0.0929,0.7502,3.9831,0.1322,,,518,109,0.212,0.788
alice,0,28604668,1872,0.1078,0.7518,4.2673,0.1322,,,512,122,0.201,0.744
alice,0,28604668,1873,0.1045,0.7034,3.8091,0.1322,,,532,120,0.215,0.86
alice,0,28604668,1874,0.1002,0.6549,4.0324,0.1322,,,504,145,0.196,0.74
alice,0,28604668,1875,0.084,0.653,3.761,0.1322,,,514,135,0.21,0.781
alice,0,28604668,1876,0.0872,0.6914,3.8796,0.1322,,,502,137,0.195,0.809
alice,0,28604668,1877,0.1031,0.7411,4.0756,0.1322,,,511,136,0.201,0.78
alice,0,28604668,1878,0.1276,0.7329,4.0129,0.1322,,,529,104,0.215,0.957
alice,0,28604668,1879,0.1184,0.7441,4.0,0.1322,,,515,118,0.219,0.84
alice,0,28604668,1880,0.1336,0.7637,4.2091,0.1322,,,528,114,0.212,0.909
alice,0,28604668,1881,0.0883,0.7218,3.8945,0.1322,,,530,106,0.218,0.712
alice,0,28604668,1882,0.1017,0.6941,3.9254,0.1322,,,521,108,0.219,0.661
alice,0,28604668,1883,0.0886,0.6419,3.8535,0.1322,,,492,170,0.192,0.795
alice,0,28604668,1884,0.1029,0.6906,3.7556,0.1322,,,515,146,0.205,0.828
alice,0,28604668,1885,0.0901,0.7134,3.9276,0.1322,,,515,142,0.197,0.711
alice,0,28604668,1886,0.0977,0.6728,3.819,0.1322,,,501,160,0.194,0.844
alice,0,28604668,1887,0.0965,0.6827,4.0421,0.1322,,,522,140,0.202,0.762
alice,0,28604668,1888,0.0818,0.7275,3.8565,0.1322,,,500,133,0.197,0.953
alice,0,28604668,1889,0.0921,0.6686,3.9953,0.1322,,,515,147,0.2,0.765
alice,0,28604668,1890,0.0985,0.64,3.7725,0.1322,,,513,128,0.205,0.835
alice,0,28604668,1891,0.1235,0.621,3.7931,0.1322,,,520,138,0.208,0.864
alice,0,28604668,1892,0.082,0.699,3.7118,0.1322,,,528,100,0.216,0.776
alice,0,28604668,1893,0.0932,0.6828,4.1359,0.1322,,,505,147,0.201,0.804
alice,0,28604668,1894,0.1057,0.6382,3.7847,0.1322,,,504,150,0.198,0.786
alice,0,28604668,1895,0.0968,0.6988,4.0642,0.1322,,,526,111,0.211,0.751
alice,0,28604668,1896,0.1103,0.6614,3.9575,0.1322,,,505,141,0.186,0.812
alice,0,28604668,1897,0.1127,0.7006,3.8734,0.1322,,,503,142,0.198,0.767
alice,0,28604668,1898,0.1119,0.7268,3.8543,0.1322,,,521,121,0.21,0.803
alice,0,28604668,1899,0.1136,0.6662,3.8087,0.1322,,,526,166,0.193,0.866
alice,0,28604668,1900,0.0904,0.6199,3.507,0.1322,,,521,147,0.199,0.906
alice,0,28604668,1901,0.11,0.6586,3.7991,0.1322,,,502,146,0.199,0.846
alice,0,28604668,1902,0.0914,0.6697,3.6598,0.1322,,,536,130,0.204,0.859
alice,0,28604668,1903,0.0817,0.6586,3.8136,0.1322,,,501,166,0.19,0.876
alice,0,28604668,1904,0.085,0.6731,3.6926,0.1322,,,503,173,0.192,1.078
alice,0,28604668,1905,0.0882,0.6549,3.972,0.1322,,,501,185,0.184,0.859
alice,0,28604668,1906,0.1061,0.6955,3.7637,0.1322,,,522,157,0.194,0.854
alice,0,28604668,1907,0.0977,0.7341,4.1239,0.1322,,,516,127,0.203,0.744
alice,0,28604668,1908,0.1124,0.6471,3.8756,0.1322,,,520,130,0.211,0.866
alice,0,28604668,1909,0.0962,0.6899,4.099,0.1322,,,501,127,0.202,0.711
alice,0,28604668,1910,0.1015,0.7447,4.2103,0.1322,,,520,101,0.209,0.838
alice,0,28604668,1911,0.1167,0.7101,4.2212,0.1322,,,500,141,0.198,0.739
alice,0,28604668,1912,0.1085,0.6744,3.7532,0.1322,,,525,117,0.198,0.703
alice,0,28604668,1913,0.1336,0.662,4.1015,0.1322,,,508,158,0.19,0.719
alice,0,28604668,1914,0.0868,0.653,3.7933,0.1322,,,502,150,0.189,0.734
alice,0,28604668,1915,0.0847,0.7195,4.009,0.1322,,,509,135,0.203,0.778
alice,0,28604668,1916,0.0933,0.684,3.9641,0.1322,,,515,136,0.195,0.726
alice,0,28604668,1917,0.1082,0.7269,4.1898,0.1322,,,515,119,0.205,0.819
alice,0,28604668,1918,0.0857,0.6874,3.9766,0.1322,,,516,124,0.203,0.678
alice,0,28604668,1919,0.1027,0.6847,4.0337,0.1322,,,505,149,0.194,1.079
alice,0,28604668,1920,0.1055,0.6437,3.8605,0.1322,,,511,153,0.197,0.792
alice,0,28604668,1921,0.1005,0.663,3.5808,0.1322,,,505,165,0.183,0.869
alice,0,28604668,1922,0.101,0.7427,4.0717,0.1322,,,505,160,0.188,0.701
alice,0,28604668,1923,0.1,0.6783,3.859,0.1322,,,509,167,0.192,0.745
alice,0,28604668,1924,0.1159,0.6333,3.7385,0.1322,,,523,141,0.197,0.795
alice,0,28604668,1925,0.1008,0.6529,3.5411,0.1322,,,518,137,0.197,0.751
alice,0,28604668,1926,0.0957,0.6731,3.794,0.1322,,,525,147,0.195,0.803
alice,0,28604668,1927,0.1023,0.6926,4.2105,0.1322,,,509,134,0.197,0.75
alice,0,28604668,1928,0.0896,0.6542,4.0049,0.1322,,,520,129,0.209,0.906
alice,0,28604668,1929,0.077,0.6402,3.7677,0.1322,,,492,159,0.197,0.76
alice,0,28604668,1930,0.1018,0.6927,3.8438,0.1322,,,512,139,0.2,0.802
alice,0,28604668,1931,0.0982,0.6474,3.8199,0.1322,,,506,181,0.192,0.785
alice,0,28604668,1932,0.0841,0.6851,3.9434,0.1322,,,499,169,0.196,0.787
alice,0,28604668,1933,0.1062,0.6854,3.885,0.1322,,,492,166,0.187,0.838
alice,0,28604668,1934,0.1025,0.7146,4.0307,0.1322,,,502,180,0.201,0.697
alice,0,28604668,1935,0.0706,0.7213,3.8908,0.1322,,,502,155,0.194,0.743
alice,0,28604668,1936,0.0943,0.6762,3.7875,0.1322,,,515,163,0.194,0.793
alice,0,28604668,1937,0.1223,0.6869,3.7208,0.1322,,,521,160,0.188,0.753
alice,0,28604668,1938,0.0933,0.6657,3.696,0.1322,,,527,131,0.193,0.824
alice,0,28604668,1939,0.0967,0.6313,3.767,0.1322,,,491,168,0.186,0.717
alice,0,28604668,1940,0.072,0.6387,3.6592,0.1322,,,512,174,0.192,0.748
alice,0,28604668,1941,0.1185,0.6911,3.9387,0.1322,,,511,151,0.201,0.731
alice,0,28604668,1942,0.0882,0.6982,4.1485,0.1322,,,518,129,0.205,0.785
alice,0,28604668,1943,0.0733,0.6739,3.8325,0.1322,,,491,150,0.197,0.743
alice,0,28604668,1944,0.0883,0.7186,4.0807,0.1322,,,503,145,0.199,0.86
alice,0,28604668,1945,0.0886,0.7012,3.9911,0.1322,,,504,155,0.192,0.776
alice,0,28604668,1946,0.0897,0.6834,3.9307,0.1322,,,521,132,0.192,0.81
alice,0,28604668,1947,0.0879,0.6819,4.0461,0.1322,,,502,159,0.186,0.77
alice,0,28604668,1948,0.0852,0.6776,3.8533,0.1322,,,503,155,0.199,0.932
alice,0,28604668,1949,0.1039,0.6915,4.0046,0.1322,,,504,179,0.191,0.792
alice,0,28604668,1950,0.0984,0.6434,3.7885,0.1322,,,510,157,0.19,0.788
alice,0,28604668,1951,0.1069,0.6818,4.1627,0.1322,,,507,151,0.202,0.829
alice,0,28604668,1952,0.0788,0.6647,3.6094,0.1322,,,519,150,0.186,0.687
alice,0,28604668,1953,0.0905,0.6283,3.819,0.1322,,,495,180,0.181,0.722
alice,0,28604668,1954,0.1057,0.6012,3.9497,0.1322,,,493,199,0.18,0.798
alice,0,28604668,1955,0.0756,0.7074,4.2537,0.1322,,,492,151,0.197,0.791
alice,0,28604668,1956,0.1023,0.7538,4.2838,0.1322,,,493,136,0.198,0.814
alice,0,28604668,1957,0.1022,0.751,4.2267,0.1322,,,519,126,0.187,0.839
alice,0,28604668,1958,0.1028,0.6636,3.8362,0.1322,,,513,172,0.186,0.807
alice,0,28604668,1959,0.0955,0.6665,3.8282,0.1322,,,515,151,0.196,0.711
alice,0,28604668,1960,0.1055,0.6755,4.0284,0.1322,,,519,147,0.206,0.969
alice,0,28604668,1961,0.1051,0.6447,3.9091,0.1322,,,508,134,0.209,0.879
alice,0,28604668,1962,0.0956,0.6309,3.8663,0.1322,,,512,143,0.198,0.804
alice,0,28604668,1963,0.0821,0.7071,3.9587,0.1322,,,497,133,0.198,0.774
alice,0,28604668,1964,0.1013,0.7093,3.9583,0.1322,,,514,136,0.208,0.79
alice,0,28604668,1965,0.0893,0.6401,3.8216,0.1322,,,513,172,0.197,0.884
alice,0,28604668,1966,0.0934,0.6285,3.7075,0.1322,,,521,142,0.196,0.953
alice,0,28604668,1967,0.0942,0.7155,4.1317,0.1322,,,505,130,0.21,0.799
alice,0,28604668,1968,0.0939,0.6905,3.8402,0.1322,,,532,106,0.212,0.806
alice,0,28604668,1969,0.0972,0.6374,3.8958,0.1322,,,497,154,0.197,0.79
alice,0,28604668,1970,0.0905,0.684,3.9679,0.1322,,,514,124,0.205,0.902
alice,0,28604668,1971,0.1077,0.7288,4.1953,0.1322,,,512,132,0.206,0.776
alice,0,28604668,1972,0.1099,0.7127,4.0901,0.1322,,,515,112,0.21,0.657
alice,0,28604668,1973,0.1093,0.6621,3.8525,0.1322,,,531,125,0.206,0.837
alice,0,28604668,1974,0.1094,0.6931,4.0829,0.1322,,,508,132,0.197,0.665
alice,0,28604668,1975,0.1021,0.7076,4.149,0.1322,,,508,126,0.203,0.895
alice,0,28604668,1976,0.0756,0.7068,3.9816,0.1322,,,509,135,0.196,1.129
alice,0,28604668,1977,0.0697,0.7638,4.3423,0.1322,,,502,132,0.193,0.885
alice,0,28604668,1978,0.0885,0.6723,3.9309,0.1322,,,514,165,0.195,0.967
alice,0,28604668,1979,0.0807,0.6916,4.0236,0.1322,,,500,151,0.194,0.688
alice,0,28604668,1980,0.0834,0.7043,4.1389,0.1322,,,491,154,0.184,0.809
alice,0,28604668,1981,0.0852,0.6833,3.8578,0.1322,,,513,161,0.191,0.696
alice,0,28604668,1982,0.0882,0.7172,4.1481,0.1322,,,504,159,0.182,0.684
alice,0,28604668,1983,0.1059,0.6182,3.6667,0.1322,,,504,177,0.193,0.793
alice,0,28604668,1984,0.0998,0.7088,4.0628,0.1322,,,494,167,0.19,0.692
alice,0,28604668,1985,0.0967,0.6523,3.605,0.1322,,,527,149,0.19,0.837
alice,0,28604668,1986,0.0975,0.6942,4.0837,0.1322,,,482,189,0.184,0.825
alice,0,28604668,1987,0.1067,0.6925,3.9189,0.1322,,,520,159,0.194,0.763
alice,0,28604668,1988,0.0958,0.6942,4.202,0.1322,,,494,160,0.194,0.84
alice,0,28604668,1989,0.1041,0.7063,4.1209,0.1322,,,500,145,0.201,0.877
alice,0,28604668,1990,0.1361,0.6542,3.8193,0.1322,,,523,128,0.211,0.854
alice,0,28604668,1991,0.0917,0.6909,4.0556,0.1322,,,506,152,0.2,0.663
alice,0,28604668,1992,0.0917,0.6939,3.9142,0.1322,,,516,163,0.191,0.809
alice,0,28604668,1993,0.1159,0.6521,3.9078,0.1322,,,512,165,0.192,0.727
alice,0,28604668,1994,0.1022,0.7209,3.8714,0.1322,,,537,100,0.206,0.833
alice,0,28604668,1995,0.0954,0.6495,3.8247,0.1322,,,502,125,0.217,0.758
alice,0,28604668,1996,0.1061,0.7161,4.1762,0.1322,,,499,128,0.21,0.801
alice,0,28604668,1997,0.1131,0.7093,4.0446,0.1322,,,514,132,0.206,0.741
alice,0,28604668,1998,0.1014,0.694,4.1033,0.1322,,,513,134,0.198,0.787
alice,0,28604668,1999,0.1104,0.655,4.0097,0.1322,,,517,140,0.19,0.705
alice,0,28604668,2000,0.0941,0.6756,3.9522,0.1322,,,507,134,0.194,0.746
alice,0,28604668,2001,0.108,0.6738,3.8265,0.1322,,,521,130,0.204,0.83
alice,0,28604668,2002,0.0992,0.6935,4.2167,0.1322,,,508,128,0.209,0.827
alice,0,28604668,2003,0.0782,0.6114,3.493,0.1322,,,519,153,0.194,0.677
alice,0,28604668,2004,0.0731,0.6855,3.7409,0.1322,,,513,124,0.201,0.731
alice,0,28604668,2005,0.102,0.7063,4.1065,0.1322,,,503,151,0.2,0.91
alice,0,28604668,2006,0.0993,0.7374,4.0043,0.1322,,,510,129,0.21,0.772
alice,0,28604668,2007,0.0954,0.6233,3.3959,0.1322,,,538,140,0.19,0.72
alice,0,28604668,2008,0.0984,0.728,4.1395,0.1322,,,505,134,0.199,0.765
alice,0,28604668,2009,0.1165,0.7733,4.4834,0.1322,,,504,124,0.205,0.762
alice,0,28604668,2010,0.0648,0.6779,3.8377,0.1322,,,529,115,0.215,0.762
alice,0,28604668,2011,0.0707,0.6358,3.6808,0.1322,,,510,144,0.199,0.826
alice,0,28604668,2012,0.0865,0.6486,3.7581,0.1322,,,515,136,0.196,0.752
alice,0,28604668,2013,0.0929,0.6725,3.7642,0.1322,,,519,132,0.194,0.837
alice,0,28604668,2014,0.1036,0.7369,4.0647,0.1322,,,518,129,0.204,0.655
alice,0,28604668,2015,0.0748,0.7598,3.9372,0.1322,,,525,118,0.203,0.838
alice,0,28604668,2016,0.0756,0.6991,3.8789,0.1322,,,515,149,0.196,0.82
alice,0,28604668,2017,0.1142,0.6999,3.8943,0.1322,,,515,138,0.203,0.766
alice,0,28604668,2018,0.0845,0.7708,3.9875,0.1322,,,522,111,0.215,0.74
alice,0,28604668,2019,0.1148,0.7209,4.2318,0.1322,,,518,109,0.216,0.894
alice,0,28604668,2020,0.0994,0.6684,4.0,0.1322,,,528,114,0.209,0.799
alice,0,28604668,2021,0.087,0.5888,3.4326,0.1322,,,537,114,0.218,0.737
alice,0,28604668,2022,0.0729,0.643,3.5467,0.1322,,,526,110,0.219,0.872
alice,0,28604668,2023,0.0991,0.6865,4.06,0.1322,,,518,117,0.21,0.672
alice,0,28604668,2024,0.0781,0.6546,3.7971,0.1322,,,509,134,0.204,0.758
alice,0,28604668,2025,0.0883,0.7186,3.7426,0.1322,,,526,107,0.215,0.699
alice,0,28604668,2026,0.1082,0.6638,3.6537,0.1322,,,524,133,0.217,0.784
alice,0,28604668,2027,0.0901,0.7263,3.8838,0.1322,,,521,107,0.211,0.852
alice,0,28604668,2028,0.1096,0.7421,4.1522,0.1322,,,522,125,0.199,0.785
alice,0,28604668,2029,0.0938,0.6977,3.8578,0.1322,,,503,155,0.2,0.872
alice,0,28604668,2030,0.0913,0.7739,4.082,0.1322,,,511,130,0.201,0.733
alice,0,28604668,2031,0.0975,0.739,4.02,0.1322,,,523,142,0.198,0.671
alice,0,28604668,2032,0.0952,0.7211,4.0802,0.1322,,,512,147,0.193,0.836
alice,0,28604668,2033,0.1023,0.6994,3.9149,0.1322,,,520,138,0.203,0.669
alice,0,28604668,2034,0.1043,0.6761,3.885,0.1322,,,506,154,0.186,0.675
alice,0,28604668,2035,0.0756,0.7791,4.3826,0.1322,,,512,128,0.205,0.762
alice,0,28604668,2036,0.0931,0.7353,4.0087,0.1322,,,523,120,0.213,0.826
alice,0,28604668,2037,0.0906,0.6814,4.0,0.1322,,,506,154,0.202,0.801
alice,0,28604668,2038,0.097,0.6133,3.5182,0.1322,,,533,142,0.19,0.782
alice,0,28604668,2039,0.0778,0.662,3.75,0.1322,,,514,144,0.196,0.773
alice,0,28604668,2040,0.0835,0.6765,4.005,0.1322,,,495,167,0.182,0.827
alice,0,28604668,2041,0.0984,0.6262,3.5775,0.1322,,,512,155,0.195,0.759
alice,0,28604668,2042,0.0742,0.6075,3.4842,0.1322,,,502,182,0.183,0.724
alice,0,28604668,2043,0.1075,0.795,4.4688,0.1322,,,502,145,0.198,0.753
alice,0,28604668,2044,0.0889,0.6723,3.6444,0.1322,,,521,156,0.188,0.802
alice,0,28604668,2045,0.1014,0.7257,3.8795,0.1322,,,505,166,0.198,0.787
alice,0,28604668,2046,0.0844,0.7226,3.9132,0.1322,,,515,137,0.204,0.901
alice,0,28604668,2047,0.0967,0.6297,3.7761,0.1322,,,500,172,0.196,1.016
alice,0,28604668,2048,0.1175,0.6587,4.0052,0.1322,,,508,158,0.2,0.758
alice,0,28604668,2049,0.1109,0.6642,4.0,0.1322,,,504,127,0.213,0.751
alice,0,28604668,2050,0.0829,0.6387,3.6484,0.1322,,,507,143,0.203,0.775
alice,0,28604668,2051,0.083,0.6561,3.5932,0.1322,,,522,150,0.208,0.832
alice,0,28604668,2052,0.0832,0.7418,4.0925,0.1322,,,508,132,0.207,0.738
alice,0,28604668,2053,0.0984,0.7086,3.8397,0.1322,,,525,128,0.206,0.729
alice,0,28604668,2054,0.0981,0.6547,3.8402,0.1322,,,501,167,0.199,0.772
alice,0,28604668,2055,0.1199,0.7046,4.2605,0.1322,,,508,131,0.208,0.829
alice,0,28604668,2056,0.1145,0.6654,3.8596,0.1322,,,530,132,0.201,0.722
alice,0,28604668,2057,0.1076,0.6399,3.8394,0.1322,,,511,152,0.189,0.795
alice,0,28604668,2058,0.0974,0.7157,3.9114,0.1322,,,519,121,0.213,0.839
alice,0,28604668,2059,0.1121,0.7143,4.0617,0.1322,,,516,133,0.208,0.826
alice,0,28604668,2060,0.1133,0.7043,4.058,0.1322,,,522,118,0.209,0.824
alice,0,28604668,2061,0.0924,0.6931,3.9005,0.1322,,,519,111,0.215,0.805
alice,0,28604668,2062,0.0888,0.7157,4.1889,0.1322,,,512,129,0.212,0.78
alice,0,28604668,2063,0.0958,0.6682,3.9442,0.1322,,,512,148,0.2,0.794
alice,0,28604668,2064,0.106,0.6701,3.9569,0.1322,,,507,131,0.206,0.773
alice,0,28604668,2065,0.1044,0.6951,3.7895,0.1322,,,513,130,0.205,0.82
alice,0,28604668,2066,0.1162,0.693,4.0275,0.1322,,,522,140,0.203,0.734
alice,0,28604668,2067,0.1001,0.7122,3.823,0.1322,,,512,137,0.203,0.762
alice,0,28604668,2068,0.087,0.7441,4.0044,0.1322,,,513,133,0.203,0.862
alice,0,28604668,2069,0.0947,0.6761,3.6419,0.1322,,,517,144,0.2,0.881
alice,0,28604668,2070,0.1145,0.7106,4.1095,0.1322,,,513,143,0.197,0.709
alice,0,28604668,2071,0.0992,0.6283,3.6221,0.1322,,,515,146,0.198,1.149
alice,0,28604668,2072,0.0871,0.7142,3.7634,0.1322,,,521,119,0.209,0.867
alice,0,28604668,2073,0.0904,0.6675,3.7844,0.1322,,,516,138,0.213,0.838
alice,0,28604668,2074,0.0983,0.73,4.1147,0.1322,,,516,112,0.199,0.787
alice,0,28604668,2075,0.0979,0.655,3.9108,0.1322,,,520,133,0.201,0.783
alice,0,28604668,2076,0.1018,0.6534,3.9034,0.1322,,,507,133,0.206,0.912
alice,0,28604668,2077,0.0966,0.6716,3.8044,0.1322,,,514,136,0.207,0.725
alice,0,28604668,2078,0.1046,0.6988,4.0538,0.1322,,,521,129,0.202,0.787
alice,0,28604668,2079,0.099,0.6495,3.7124,0.1322,,,526,127,0.203,0.735
alice,0,28604668,2080,0.0887,0.7004,3.8831,0.1322,,,516,120,0.213,0.778
alice,0,28604668,2081,0.1049,0.7334,4.103,0.1322,,,517,113,0.222,0.807
alice,0,28604668,2082,0.0963,0.6854,3.8595,0.1322,,,514,133,0.203,0.849
alice,0,28604668,2083,0.1037,0.6463,3.5656,0.1322,,,511,158,0.196,0.783
alice,0,28604668,2084,0.1212,0.6674,3.8243,0.1322,,,515,174,0.196,0.779
alice,0,28604668,2085,0.1032,0.657,3.9552,0.1322,,,511,170,0.192,0.935
alice,0,28604668,2086,0.0992,0.6788,3.9404,0.1322,,,512,132,0.207,0.807
alice,0,28604668,2087,0.1016,0.6917,3.7956,0.1322,,,516,133,0.203,0.73
alice,0,28604668,2088,0.1202,0.6786,3.9633,0.1322,,,516,127,0.214,0.81
alice,0,28604668,2089,0.0946,0.6633,3.6881,0.1322,,,525,117,0.211,0.712
alice,0,28604668,2090,0.0981,0.5995,3.5561,0.1322,,,526,143,0.204,0.846
alice,0,28604668,2091,0.08,0.6317,3.6028,0.1322,,,521,134,0.197,0.771
alice,0,28604668,2092,0.0934,0.6775,3.8517,0.1322,,,511,131,0.195,0.822
alice,0,28604668,2093,0.1009,0.6387,3.7358,0.1322,,,512,135,0.196,0.748
alice,0,28604668,2094,0.107,0.6629,3.6947,0.1322,,,506,143,0.209,0.827
alice,0,28604668,2095,0.1142,0.7067,4.0418,0.1322,,,510,146,0.194,0.754
alice,0,28604668,2096,0.1064,0.6596,3.9956,0.1322,,,505,171,0.193,0.85
alice,0,28604668,2097,0.1209,0.7115,3.9253,0.1322,,,522,133,0.213,0.818
alice,0,28604668,2098,0.1195,0.6573,3.9,0.1322,,,530,125,0.21,0.839
alice,0,28604668,2099,0.1069,0.6226,3.6575,0.1322,,,545,117,0.205,0.733
alice,0,28604668,2100,0.0798,0.6422,3.7286,0.1322,,,512,126,0.2,0.836
alice,0,28604668,2101,0.1056,0.6492,3.8517,0.1322,,,512,132,0.2,0.824
alice,0,28604668,2102,0.075,0.6325,3.848,0.1322,,,504,161,0.2,0.816
alice,0,28604668,2103,0.113,0.6689,3.8791,0.1322,,,506,144,0.191,0.787
alice,0,28604668,2104,0.0952,0.625,3.7535,0.1322,,,496,175,0.187,0.733
alice,0,28604668,2105,0.1108,0.6764,3.9771,0.1322,,,508,149,0.205,0.795
alice,0,28604668,2106,0.0878,0.5916,3.5,0.1322,,,502,180,0.191,0.841
alice,0,28604668,2107,0.1044,0.7257,3.9701,0.1322,,,528,126,0.202,0.766
alice,0,28604668,2108,0.0994,0.6229,3.7196,0.1322,,,513,158,0.195,0.779
alice,0,28604668,2109,0.0995,0.6549,3.438,0.1322,,,514,135,0.194,0.926
alice,0,28604668,2110,0.1151,0.6956,3.9191,0.1322,,,523,137,0.197,0.791
alice,0,28604668,2111,0.0907,0.6937,3.6488,0.1322,,,527,129,0.207,0.844
alice,0,28604668,2112,0.0964,0.6727,3.7793,0.1322,,,520,145,0.194,0.828
alice,0,28604668,2113,0.1057,0.6604,3.5419,0.1322,,,527,118,0.213,0.803
alice,0,28604668,2114,0.1166,0.6158,3.7044,0.1322,,,521,145,0.196,0.801
alice,0,28604668,2115,0.0982,0.6709,3.9756,0.1322,,,500,144,0.208,0.816
alice,0,28604668,2116,0.1033,0.6862,4.0315,0.1322,,,511,157,0.196,0.777
alice,0,28604668,2117,0.1107,0.6071,3.5516,0.1322,,,532,150,0.191,0.81
alice,0,28604668,2118,0.084,0.5317,3.2754,0.1322,,,492,193,0.172,0.69
alice,0,28604668,2119,0.0988,0.6041,3.9126,0.1322,,,486,200,0.183,0.81
alice,0,28604668,2120,0.115,0.6085,3.7051,0.1322,,,505,184,0.198,0.743
alice,0,28604668,2121,0.0831,0.6315,3.7162,0.1322,,,518,175,0.189,0.82
alice,0,28604668,2122,0.0815,0.6327,3.9333,0.1322,,,495,183,0.189,0.807
alice,0,28604668,2123,0.0963,0.6476,3.9227,0.1322,,,500,164,0.187,0.827
alice,0,28604668,2124,0.0845,0.6803,3.8869,0.1322,,,503,152,0.203,0.783
alice,0,28604668,2125,0.1108,0.6319,3.4876,0.1322,,,526,144,0.19,0.783
alice,0,28604668,2126,0.1301,0.6459,3.8386,0.1322,,,523,120,0.202,0.938
alice,0,28604668,2127,0.1036,0.6146,3.6119,0.1322,,,528,138,0.2,0.671
alice,0,28604668,2128,0.1101,0.6658,3.6116,0.1322,,,527,112,0.212,0.798
alice,0,28604668,2129,0.1068,0.6407,3.7005,0.1322,,,516,136,0.2,0.817
alice,0,28604668,2130,0.0899,0.6594,3.5665,0.1322,,,523,129,0.207,0.778
alice,0,28604668,2131,0.0868,0.6704,3.9014,0.1322,,,508,139,0.192,0.746
alice,0,28604668,2132,0.088,0.6429,3.618,0.1322,,,521,130,0.199,0.84
alice,0,28604668,2133,0.0923,0.6386,3.5862,0.1322,,,527,150,0.197,0.826
alice,0,28604668,2134,0.105,0.6488,3.8419,0.1322,,,507,162,0.195,0.831
alice,0,28604668,2135,0.0642,0.6738,3.963,0.1322,,,501,163,0.184,0.717
alice,0,28604668,2136,0.0846,0.6278,3.5532,0.1322,,,524,161,0.191,0.908
alice,0,28604668,2137,0.0897,0.6518,3.7064,0.1322,,,518,140,0.189,0.788
alice,0,28604668,2138,0.1217,0.7435,4.1652,0.1322,,,515,115,0.214,0.849
alice,0,28604668,2139,0.1215,0.6369,3.9395,0.1322,,,516,151,0.206,0.897
alice,0,28604668,2140,0.1013,0.6699,3.7854,0.1322,,,517,123,0.219,0.732
alice,0,28604668,2141,0.1101,0.7045,4.1327,0.1322,,,513,136,0.195,0.781
alice,0,28604668,2142,0.1141,0.6985,3.8627,0.1322,,,516,122,0.21,0.782
alice,0,28604668,2143,0.101,0.6269,3.8935,0.1322,,,520,150,0.204,0.832
alice,0,28604668,2144,0.1147,0.644,4.0545,0.1322,,,493,153,0.192,0.79
alice,0,28604668,2145,0.13,0.5981,3.65,0.1322,,,530,146,0.206,0.803
alice,0,28604668,2146,0.1122,0.5756,3.4744,0.1322,,,520,151,0.204,0.857
alice,0,28604668,2147,0.1147,0.6614,3.7783,0.1322,,,522,114,0.207,0.826
alice,0,28604668,2148,0.107,0.6709,3.9352,0.1322,,,518,129,0.197,0.834
alice,0,28604668,2149,0.1001,0.6412,3.7407,0.1322,,,516,136,0.196,0.843
alice,0,28604668,2150,0.087,0.6362,3.5644,0.1322,,,507,151,0.196,0.753
alice,0,28604668,2151,0.1049,0.6985,3.6285,0.1322,,,524,120,0.199,0.772
alice,0,28604668,2152,0.0933,0.6821,3.9095,0.1322,,,519,132,0.2,0.808
alice,0,28604668,2153,0.1297,0.6539,3.6708,0.1322,,,526,124,0.206,0.833
alice,0,28604668,2154,0.1052,0.7128,3.751,0.1322,,,527,113,0.205,0.807
alice,0,28604668,2155,0.0965,0.6516,3.7185,0.1322,,,519,149,0.204,0.847
alice,0,28604668,2156,0.1189,0.6889,4.0175,0.1322,,,525,127,0.212,0.803
alice,0,28604668,2157,0.0899,0.65,3.7586,0.1322,,,512,133,0.199,0.75
alice,0,28604668,2158,0.0889,0.6833,4.0129,0.1322,,,513,167,0.184,0.844
alice,0,28604668,2159,0.0998,0.6678,3.8225,0.1322,,,517,155,0.191,0.836
alice,0,28604668,2160,0.1097,0.6536,3.6842,0.1322,,,540,124,0.21,0.786
alice,0,28604668,2161,0.0781,0.6756,3.7318,0.1322,,,516,126,0.207,0.837
alice,0,28604668,2162,0.0953,0.764,4.0258,0.1322,,,504,121,0.21,0.826
alice,0,28604668,2163,0.121,0.7109,3.888,0.1322,,,518,140,0.205,0.89
alice,0,28604668,2164,0.1136,0.6525,3.7046,0.1322,,,528,151,0.192,0.806
alice,0,28604668,2165,0.1219,0.636,3.7523,0.1322,,,497,169,0.193,0.805
alice,0,28604668,2166,0.1094,0.6554,3.7974,0.1322,,,524,145,0.196,0.762
alice,0,28604668,2167,0.1127,0.6608,3.9909,0.1322,,,510,144,0.201,0.821
alice,0,28604668,2168,0.1104,0.6205,3.8689,0.1322,,,504,177,0.188,0.873
alice,0,28604668,2169,0.0885,0.6745,3.8,0.1322,,,508,140,0.204,0.81
alice,0,28604668,2170,0.1347,0.7002,4.0045,0.1322,,,514,127,0.214,0.823
alice,0,28604668,2171,0.133,0.6798,3.88,0.1322,,,521,129,0.2,0.777
alice,0,28604668,2172,0.102,0.6226,3.5,0.1322,,,522,144,0.204,0.82
alice,0,28604668,2173,0.0847,0.6841,3.7404,0.1322,,,525,126,0.203,0.831
alice,0,28604668,2174,0.0956,0.6806,4.0529,0.1322,,,497,163,0.199,0.732
alice,0,28604668,2175,0.0789,0.6649,3.7489,0.1322,,,510,148,0.202,0.798
alice,0,28604668,2176,0.1154,0.6571,3.9339,0.1322,,,514,135,0.191,0.819
alice,0,28604668,2177,0.0856,0.6532,3.8591,0.1322,,,520,139,0.196,0.763
alice,0,28604668,2178,0.0799,0.7038,3.8,0.1322,,,512,122,0.193,0.78
alice,0,28604668,2179,0.1079,0.6582,3.7617,0.1322,,,507,162,0.182,0.791
alice,0,28604668,2180,0.0913,0.618,3.584,0.1322,,,530,163,0.18,0.811
alice,0,28604668,2181,0.0852,0.6998,3.8686,0.1322,,,513,142,0.194,0.784
alice,0,28604668,2182,0.1114,0.7143,4.1385,0.1322,,,518,132,0.203,0.692
alice,0,28604668,2183,0.1171,0.6646,3.6736,0.1322,,,539,124,0.21,0.816
alice,0,28604668,2184,0.0769,0.6108,3.7206,0.1322,,,501,174,0.188,0.86
alice,0,28604668,2185,0.0989,0.6046,3.6083,0.1322,,,512,162,0.183,0.784
alice,0,28604668,2186,0.1179,0.6499,3.8056,0.1322,,,528,127,0.211,0.8
alice,0,28604668,2187,0.0948,0.6506,3.6952,0.1322,,,515,132,0.203,0.84
alice,0,28604668,2188,0.0938,0.593,3.5305,0.1322,,,522,149,0.196,0.834
alice,0,28604668,2189,0.1068,0.6436,3.5676,0.1322,,,520,124,0.197,0.787
alice,0,28604668,2190,0.1048,0.6922,3.7409,0.1322,,,514,123,0.204,0.797
alice,0,28604668,2191,0.1091,0.7003,3.8956,0.1322,,,531,124,0.204,0.818
alice,0,28604668,2192,0.1087,0.6631,3.9204,0.1322,,,520,140,0.194,0.901
alice,0,28604668,2193,0.1093,0.6535,3.7739,0.1322,,,524,136,0.197,0.818
alice,0,28611005,2194,0.1349,0.7159,3.927,0.1322,,,542,108,0.183,0.817
alice,0,28611005,2195,0.1186,0.6975,3.8585,0.1322,,,529,104,0.201,0.808
alice,0,28611005,2196,0.1303,0.7313,4.0521,0.1322,,,511,106,0.2,0.796
alice,0,28611005,2197,0.1257,0.7233,3.7404,0.1322,,,538,101,0.205,0.821
alice,0,28611005,2198,0.1126,0.7086,3.907,0.1322,,,511,118,0.198,0.834
alice,0,28611005,2199,0.1232,0.7551,4.0216,0.1322,,,523,107,0.199,0.774
alice,0,28611005,2200,0.1196,0.7565,4.1145,0.1322,,,522,117,0.184,0.656
alice,0,28611005,2201,0.0771,0.6721,3.72,0.1322,,,499,173,0.164,0.786
alice,0,28611005,2202,0.1068,0.682,3.8991,0.1322,,,531,142,0.173,0.732
alice,0,28611005,2203,0.093,0.623,3.4758,0.1322,,,515,138,0.172,0.758
alice,0,28611005,2204,0.1254,0.6812,3.8884,0.1322,,,525,127,0.18,0.682
alice,0,28611005,2205,0.0921,0.6615,3.5388,0.1322,,,527,131,0.177,0.812
alice,0,28611005,2206,0.1123,0.6985,3.9234,0.1322,,,506,135,0.185,0.677
alice,0,28611005,2207,0.1214,0.7203,3.7968,0.1322,,,520,133,0.184,0.796
alice,0,28611005,2208,0.1191,0.6383,3.71,0.1322,,,528,153,0.168,0.803
alice,0,28611005,2209,0.117,0.6909,3.7303,0.1322,,,513,136,0.179,0.722
alice,0,28611005,2210,0.1161,0.7166,3.9383,0.1322,,,532,123,0.187,0.757
alice,0,28611005,2211,0.1215,0.6954,3.9474,0.1322,,,529,116,0.191,0.745
alice,0,28611005,2212,0.1231,0.6909,3.9369,0.1322,,,509,140,0.176,0.742
alice,0,28611005,2213,0.1258,0.5932,3.4739,0.1322,,,540,137,0.184,0.661
alice,0,28611005,2214,0.1447,0.6335,3.6278,0.1322,,,529,120,0.185,0.713
alice,0,28611005,2215,0.1415,0.7162,3.964,0.1322,,,533,91,0.214,0.808
alice,0,28611005,2216,0.1123,0.6683,3.7281,0.1322,,,526,98,0.209,0.81
alice,0,28611005,2217,0.1028,0.6491,3.6197,0.1322,,,532,119,0.19,0.795
alice,0,28611005,2218,0.0949,0.6983,3.7227,0.1322,,,515,140,0.187,0.764
alice,0,28611005,2219,0.0925,0.6651,3.451,0.1322,,,547,124,0.184,0.776
alice,0,28611005,2220,0.0987,0.6274,3.6438,0.1322,,,505,164,0.179,0.858
alice,0,28611005,2221,0.1292,0.6819,3.746,0.1322,,,520,132,0.182,0.629
alice,0,28611005,2222,0.1526,0.6208,3.5984,0.1322,,,542,133,0.181,0.735
alice,0,28611005,2223,0.139,0.6653,4.0461,0.1322,,,509,140,0.178,0.807
alice,0,28611005,2224,0.1282,0.6456,3.7241,0.1322,,,529,145,0.185,0.686
alice,0,28611005,2225,0.1408,0.7425,4.0252,0.1322,,,524,104,0.203,0.84
alice,0,28611005,2226,0.0944,0.6522,3.5407,0.1322,,,530,143,0.175,0.656
alice,0,28611005,2227,0.1182,0.6287,3.8044,0.1322,,,518,163,0.178,0.717
alice,0,28611005,2228,0.1205,0.6594,3.7835,0.1322,,,528,136,0.183,0.839
alice,0,28611005,2229,0.1241,0.6756,3.6872,0.1322,,,529,116,0.185,0.831
alice,0,28611005,2230,0.1277,0.7185,3.9665,0.1322,,,523,120,0.199,0.767
alice,0,28611005,2231,0.1142,0.6685,3.859,0.1322,,,532,128,0.19,0.814
alice,0,28611005,2232,0.1169,0.6173,3.8182,0.1322,,,526,127,0.186,0.776
alice,0,28611005,2233,0.0761,0.6825,3.9372,0.1322,,,503,144,0.188,0.75
alice,0,28611005,2234,0.1038,0.6137,3.4693,0.1322,,,531,139,0.179,0.727
alice,0,28611005,2235,0.1085,0.6507,3.8216,0.1322,,,511,139,0.179,0.837
alice,0,28611005,2236,0.1357,0.6293,3.7098,0.1322,,,532,123,0.199,0.751
alice,0,28611005,2237,0.1071,0.6778,3.6429,0.1322,,,523,127,0.19,0.701
alice,0,28611005,2238,0.0985,0.7251,3.9689,0.1322,,,513,122,0.199,0.85
alice,0,28611005,2239,0.1155,0.6924,3.8767,0.1322,,,526,121,0.189,0.666
alice,0,28611005,2240,0.1246,0.6624,3.9628,0.1322,,,504,163,0.17,0.791
alice,0,28611005,2241,0.0968,0.6633,3.7965,0.1322,,,515,145,0.176,0.821
alice,0,28611005,2242,0.1048,0.6273,3.8303,0.1322,,,526,140,0.175,0.764
alice,0,28611005,2243,0.1041,0.6961,4.0461,0.1322,,,501,139,0.174,0.795
alice,0,28611005,2244,0.1035,0.6725,3.8067,0.1322,,,520,149,0.177,0.707
alice,0,28611005,2245,0.1337,0.7063,3.9237,0.1322,,,531,120,0.184,0.828
alice,0,28611005,2246,0.1007,0.626,3.6696,0.1322,,,529,145,0.181,0.718
alice,0,28611005,2247,0.1129,0.6064,3.4954,0.1322,,,522,148,0.17,0.709
alice,0,28611005,2248,0.1301,0.5926,3.3767,0.1322,,,529,139,0.181,0.783
alice,0,28611005,2249,0.1083,0.6912,3.9249,0.1322,,,509,119,0.191,0.685
alice,0,28611005,2250,0.1077,0.6109,3.4805,0.1322,,,516,159,0.174,0.724
alice,0,28611005,2251,0.1222,0.6854,3.8506,0.1322,,,527,115,0.198,0.788
alice,0,28611005,2252,0.1216,0.713,4.1741,0.1322,,,520,122,0.194,0.783
alice,0,28611005,2253,0.0985,0.6484,3.7393,0.1322,,,527,119,0.184,0.832
alice,0,28611005,2254,0.0859,0.7008,3.9914,0.1322,,,530,115,0.179,0.787
alice,0,28611005,2255,0.0887,0.6724,3.7167,0.1322,,,522,124,0.176,0.772
alice,0,28611005,2256,0.1267,0.675,3.7227,0.1322,,,532,135,0.185,0.729
alice,0,28611005,2257,0.1142,0.6872,3.6333,0.1322,,,535,113,0.18,0.785
alice,0,28611005,2258,0.1087,0.6802,3.8678,0.1322,,,529,119,0.188,0.745
alice,0,28611005,2259,0.0922,0.6377,3.7378,0.1322,,,519,146,0.166,0.789
alice,0,28611005,2260,0.093,0.6195,3.4553,0.1322,,,517,157,0.166,0.693
alice,0,28611005,2261,0.1209,0.6718,3.7261,0.1322,,,523,137,0.17,0.733
alice,0,28611005,2262,0.1149,0.6705,3.8841,0.1322,,,534,109,0.192,0.72
alice,0,28611005,2263,0.0884,0.6287,3.431,0.1322,,,534,124,0.178,0.737
alice,0,28611005,2264,0.1276,0.6161,3.4958,0.1322,,,524,132,0.166,0.732
alice,0,28611005,2265,0.1047,0.6681,3.8819,0.1322,,,510,154,0.172,0.719
alice,0,28611005,2266,0.115,0.5965,3.572,0.1322,,,537,159,0.173,0.828
alice,0,28611005,2267,0.1152,0.6508,3.7261,0.1322,,,517,134,0.182,0.774
alice,0,28611005,2268,0.0862,0.5688,3.5133,0.1322,,,526,169,0.178,0.728
alice,0,28611005,2269,0.1013,0.6743,3.6314,0.1322,,,521,135,0.184,0.779
alice,0,28611005,2270,0.1104,0.6934,3.6296,0.1322,,,523,143,0.181,0.754
alice,0,28611005,2271,0.1088,0.7802,4.0932,0.1322,,,503,122,0.188,0.814
alice,0,28611005,2272,0.1147,0.7019,3.75,0.1322,,,540,116,0.185,0.823
alice,0,28611005,2273,0.1182,0.6606,3.7964,0.1322,,,530,126,0.189,0.803
alice,0,28611005,2274,0.0805,0.6525,3.9005,0.1322,,,500,151,0.173,0.77
alice,0,28611005,2275,0.1112,0.6085,3.5789,0.1322,,,538,131,0.181,0.712
alice,0,28611005,2276,0.0898,0.5999,3.5234,0.1322,,,515,148,0.173,0.724
alice,0,28611005,2277,0.0882,0.675,3.8128,0.1322,,,524,131,0.178,0.773
alice,0,28611005,2278,0.0934,0.6314,3.5565,0.1322,,,531,136,0.177,0.761
alice,0,28611005,2279,0.0923,0.6738,3.6402,0.1322,,,519,124,0.181,0.762
alice,0,28611005,2280,0.1056,0.6967,3.626,0.1322,,,544,112,0.191,0.713
alice,0,28611005,2281,0.0979,0.6339,3.3984,0.1322,,,542,130,0.178,0.701
alice,0,28611005,2282,0.1062,0.6137,3.4708,0.1322,,,549,116,0.192,0.773
alice,0,28611005,2283,0.09,0.6671,3.7822,0.1322,,,517,124,0.188,0.697
alice,0,28611005,2284,0.1065,0.6907,3.6356,0.1322,,,539,110,0.189,0.843
alice,0,28611005,2285,0.1162,0.6439,3.7257,0.1322,,,526,145,0.181,0.741
alice,0,28611005,2286,0.1067,0.6525,3.7004,0.1322,,,519,130,0.18,0.826
alice,0,28611005,2287,0.1136,0.7158,3.8436,0.1322,,,522,121,0.184,0.689
alice,0,28611005,2288,0.1023,0.6306,3.7522,0.1322,,,521,159,0.177,0.815
alice,0,28611005,2289,0.1047,0.6293,3.6941,0.1322,,,537,115,0.187,0.772
alice,0,28611005,2290,0.0995,0.6113,3.4932,0.1322,,,525,124,0.191,0.827
alice,0,28611005,2291,0.0833,0.6804,3.6157,0.1322,,,526,123,0.193,0.744
alice,0,28611005,2292,0.1118,0.7241,3.8975,0.1322,,,526,122,0.185,0.802
alice,0,28611005,2293,0.082,0.6305,3.6753,0.1322,,,523,140,0.181,0.668
alice,0,28611005,2294,0.0934,0.6319,3.6638,0.1322,,,524,136,0.177,0.678
alice,0,28611005,2295,0.0942,0.632,3.7318,0.1322,,,520,164,0.166,0.812
alice,0,28611005,2296,0.1115,0.6169,3.325,0.1322,,,531,146,0.176,0.681
alice,0,28611005,2297,0.1192,0.5776,3.4516,0.1322,,,515,163,0.166,0.796
alice,0,28611005,2298,0.1517,0.5922,3.5869,0.1322,,,521,164,0.173,0.683
alice,0,28611005,2299,0.0949,0.6172,3.5177,0.1322,,,525,114,0.193,0.844
alice,0,28611005,2300,0.0899,0.6477,3.7067,0.1322,,,521,138,0.188,0.839
alice,0,28611005,2301,0.1234,0.7111,3.8957,0.1322,,,529,107,0.201,0.793
alice,0,28611005,2302,0.1145,0.5987,3.4764,0.1322,,,533,135,0.18,0.838
alice,0,28611005,2303,0.0875,0.647,3.7249,0.1322,,,516,135,0.185,0.797
alice,0,28611005,2304,0.1,0.671,3.7325,0.1322,,,550,102,0.197,0.844
alice,0,28611005,2305,0.087,0.6573,3.6104,0.1322,,,531,106,0.182,0.805
alice,0,28611005,2306,0.1059,0.6585,3.7812,0.1322,,,515,124,0.184,0.776
alice,0,28611005,2307,0.1075,0.7134,3.8908,0.1322,,,524,111,0.193,0.783
alice,0,28611005,2308,0.1193,0.6482,3.5551,0.1322,,,517,137,0.181,0.828
alice,0,28611005,2309,0.1191,0.6838,3.7967,0.1322,,,531,134,0.186,0.847
alice,0,28611005,2310,0.0959,0.6159,3.5391,0.1322,,,544,124,0.182,0.699
alice,0,28611005,2311,0.0869,0.5859,3.4025,0.1322,,,542,134,0.186,0.843
alice,0,28611005,2312,0.103,0.6091,3.4262,0.1322,,,532,122,0.195,0.846
alice,0,28611005,2313,0.0792,0.7269,3.8661,0.1322,,,525,110,0.203,0.831
alice,0,28611005,2314,0.1039,0.686,3.8816,0.1322,,,520,136,0.189,0.775
alice,0,28611005,2315,0.0897,0.7132,3.8636,0.1322,,,524,110,0.197,0.785
alice,0,28611005,2316,0.1161,0.6984,4.0826,0.1322,,,526,117,0.202,0.842
alice,0,28611005,2317,0.0996,0.5995,3.4612,0.1322,,,546,124,0.186,0.779
alice,0,28611005,2318,0.0895,0.643,3.4643,0.1322,,,534,108,0.198,0.865
alice,0,28611005,2319,0.096,0.6819,3.8267,0.1322,,,531,102,0.201,0.824
alice,0,28611005,2320,0.0828,0.6176,3.5591,0.1322,,,522,139,0.179,0.75
alice,0,28611005,2321,0.1118,0.7253,4.1455,0.1322,,,506,117,0.185,0.836
alice,0,28611005,2322,0.1071,0.6696,3.8025,0.1322,,,536,99,0.196,0.738
alice,0,28611005,2323,0.09,0.6821,3.839,0.1322,,,530,105,0.193,0.679
alice,0,28611005,2324,0.108,0.6745,3.7759,0.1322,,,544,99,0.196,0.782
alice,0,28611005,2325,0.1178,0.702,3.7087,0.1322,,,536,94,0.206,0.739
alice,0,28611005,2326,0.0821,0.6791,3.6936,0.1322,,,513,121,0.179,0.784
alice,0,28611005,2327,0.1575,0.6684,3.6522,0.1322,,,549,101,0.192,0.789
alice,0,28611005,2328,0.1055,0.672,3.7833,0.1322,,,534,101,0.188,0.782
alice,0,28611005,2329,0.1,0.6742,3.8235,0.1322,,,521,143,0.174,0.71
alice,0,28611005,2330,0.11,0.7023,3.9738,0.1322,,,524,111,0.187,0.858
alice,0,28611005,2331,0.1091,0.6225,3.6453,0.1322,,,520,138,0.187,0.76
alice,0,28611005,2332,0.0922,0.637,3.542,0.1322,,,537,134,0.185,0.798
alice,0,28611005,2333,0.1015,0.6858,3.6167,0.1322,,,546,97,0.192,0.746
alice,0,28611005,2334,0.1149,0.6698,3.7167,0.1322,,,537,102,0.199,0.817
alice,0,28611005,2335,0.1042,0.6499,3.5714,0.1322,,,543,103,0.201,0.812
alice,0,28611005,2336,0.0744,0.6777,3.6085,0.1322,,,531,98,0.202,0.851
alice,0,28611005,2337,0.083,0.6871,3.6525,0.1322,,,520,120,0.184,0.781
alice,0,28611005,2338,0.1041,0.6975,3.7188,0.1322,,,535,105,0.19,0.754
alice,0,28611005,2339,0.1069,0.7137,3.8532,0.1322,,,543,98,0.199,0.828
alice,0,28611005,2340,0.1181,0.6947,3.9784,0.1322,,,536,89,0.202,0.725
alice,0,28611005,2341,0.1103,0.6355,3.6941,0.1322,,,519,139,0.186,0.789
alice,0,28611005,2342,0.1184,0.7214,3.9414,0.1322,,,532,95,0.191,0.81
alice,0,28611005,2343,0.1198,0.6567,3.642,0.1322,,,542,100,0.19,0.79
alice,0,28611005,2344,0.1238,0.6538,3.6076,0.1322,,,545,91,0.184,0.69
alice,0,28611005,2345,0.1324,0.592,3.4558,0.1322,,,537,110,0.197,0.83
alice,0,28611005,2346,0.1058,0.6465,3.7639,0.1322,,,529,114,0.189,0.816
alice,0,28611005,2347,0.0883,0.6382,3.6504,0.1322,,,527,112,0.193,0.72
alice,0,28611005,2348,0.1055,0.5778,3.4384,0.1322,,,527,132,0.184,0.738
alice,0,28611005,2349,0.107,0.6446,3.4667,0.1322,,,533,112,0.194,0.844
alice,0,28611005,2350,0.0981,0.6002,3.5584,0.1322,,,530,136,0.195,0.843
alice,0,28611005,2351,0.092,0.6731,3.6846,0.1322,,,533,112,0.186,0.853
alice,0,28611005,2352,0.0954,0.7047,3.6403,0.1322,,,540,103,0.193,0.795
alice,0,28611005,2353,0.109,0.6857,3.8166,0.1322,,,530,122,0.202,0.824
alice,0,28611005,2354,0.0953,0.6565,3.6485,0.1322,,,535,103,0.196,0.821
alice,0,28611005,2355,0.0856,0.6773,3.6414,0.1322,,,538,103,0.19,0.784
alice,0,28611005,2356,0.1223,0.6251,3.4372,0.1322,,,552,109,0.191,0.778
alice,0,28611005,2357,0.159,0.6327,3.6756,0.1322,,,534,124,0.198,0.841
alice,0,28611005,2358,0.1136,0.6096,3.4474,0.1322,,,536,113,0.195,0.851
alice,0,28611005,2359,0.0805,0.6054,3.5434,0.1322,,,522,142,0.189,0.832
alice,0,28611005,2360,0.0948,0.6427,3.5385,0.1322,,,536,112,0.188,0.711
alice,0,28611005,2361,0.1002,0.6264,3.5932,0.1322,,,532,120,0.188,0.797
alice,0,28611005,2362,0.1371,0.6443,3.7939,0.1322,,,530,119,0.18,0.774
alice,0,28611005,2363,0.1013,0.7023,3.8678,0.1322,,,528,107,0.193,0.77
alice,0,28611005,2364,0.094,0.625,3.6525,0.1322,,,524,143,0.183,0.906
alice,0,28611005,2365,0.1148,0.6355,3.5524,0.1322,,,545,112,0.191,0.681
alice,0,28611005,2366,0.0992,0.6193,3.72,0.1322,,,527,125,0.194,0.729
alice,0,28611005,2367,0.1054,0.6311,3.5,0.1322,,,548,89,0.199,0.786
alice,0,28611005,2368,0.0997,0.6458,3.7412,0.1322,,,523,109,0.192,0.813
alice,0,28611005,2369,0.1088,0.6705,3.7213,0.1322,,,531,114,0.195,0.798
alice,0,28611005,2370,0.1268,0.7268,3.9328,0.1322,,,550,82,0.209,0.732
alice,0,28611005,2371,0.1076,0.6036,3.4372,0.1322,,,531,131,0.188,0.81
alice,0,28611005,2372,0.0949,0.6624,3.8267,0.1322,,,523,112,0.212,0.84
alice,0,28611005,2373,0.1056,0.6229,3.6081,0.1322,,,537,123,0.201,0.819
alice,0,28611005,2374,0.095,0.68,3.6667,0.1322,,,536,82,0.217,0.834
alice,0,28611005,2375,0.0919,0.6614,3.6094,0.1322,,,534,101,0.198,0.872
alice,0,28611005,2376,0.0983,0.7276,3.6392,0.1322,,,520,96,0.206,0.875
alice,0,28611005,2377,0.0871,0.7109,3.7909,0.1322,,,537,127,0.193,0.823
alice,0,28611005,2378,0.1024,0.7091,3.8423,0.1322,,,528,125,0.194,0.717
alice,0,28611005,2379,0.0935,0.6276,3.5527,0.1322,,,545,116,0.193,0.807
alice,0,28611005,2380,0.1204,0.5692,3.2149,0.1322,,,530,131,0.198,0.778
alice,0,28611005,2381,0.1131,0.6476,3.532,0.1322,,,556,89,0.197,0.794
alice,0,28611005,2382,0.1064,0.6581,3.8779,0.1322,,,525,119,0.205,0.736
alice,0,28611005,2383,0.0847,0.6291,3.6533,0.1322,,,534,110,0.194,0.718
alice,0,28611005,2384,0.1112,0.6613,3.7911,0.1322,,,522,118,0.199,0.839
alice,0,28611005,2385,0.1111,0.5987,3.4826,0.1322,,,544,114,0.174,0.698
alice,0,28611005,2386,0.1085,0.6163,3.5,0.1322,,,531,105,0.202,0.863
alice,0,28611005,2387,0.1057,0.5962,3.5783,0.1322,,,522,152,0.182,0.78
alice,0,28611005,2388,0.1329,0.6106,3.5299,0.1322,,,524,143,0.184,0.76
alice,0,28611005,2389,0.0946,0.6813,4.0,0.1322,,,534,114,0.196,0.781
alice,0,28611005,2390,0.0886,0.6731,4.0365,0.1322,,,509,110,0.194,0.689
alice,0,28611005,2391,0.1287,0.6348,3.4016,0.1322,,,551,106,0.194,0.793
alice,0,28611005,2392,0.0902,0.6029,3.6091,0.1322,,,535,121,0.179,0.823
alice,0,28611005,2393,0.1197,0.6154,3.3475,0.1322,,,541,86,0.203,0.794
alice,0,28611005,2394,0.1138,0.6815,3.7384,0.1322,,,538,93,0.197,0.759
alice,0,28611005,2395,0.1002,0.6021,3.6402,0.1322,,,532,112,0.2,0.792
alice,0,28611005,2396,0.109,0.6354,3.6154,0.1322,,,534,102,0.197,0.941
alice,0,28611005,2397,0.1091,0.5934,3.482,0.1322,,,536,110,0.198,0.803
alice,0,28611005,2398,0.088,0.6306,3.6714,0.1322,,,525,108,0.203,0.794
alice,0,28611005,2399,0.1053,0.6389,3.4042,0.1322,,,542,91,0.209,0.789
alice,0,28611005,2400,0.1031,0.5996,3.3833,0.1322,,,545,106,0.204,0.767
alice,0,28611005,2401,0.0942,0.6563,3.7043,0.1322,,,527,107,0.205,0.828
alice,0,28611005,2402,0.0935,0.6547,3.7051,0.1322,,,530,129,0.195,0.802
alice,0,28611005,2403,0.103,0.5761,3.1736,0.1322,,,540,123,0.19,0.843
alice,0,28611005,2404,0.0925,0.6653,3.5872,0.1322,,,533,118,0.203,0.772
alice,0,28611005,2405,0.1101,0.6502,3.4856,0.1322,,,549,101,0.206,0.775
alice,0,28611005,2406,0.1454,0.697,3.54,0.1322,,,537,76,0.221,0.824
alice,0,28611005,2407,0.0918,0.636,3.5472,0.1322,,,536,123,0.192,0.826
alice,0,28611005,2408,0.0841,0.6189,3.4466,0.1322,,,539,133,0.181,0.782
alice,0,28611005,2409,0.0984,0.6718,3.5155,0.1322,,,544,106,0.188,0.787
alice,0,28611005,2410,0.1245,0.6479,3.7375,0.1322,,,545,100,0.201,0.769
alice,0,28611005,2411,0.0792,0.6564,3.8829,0.1322,,,527,109,0.195,0.768
alice,0,28611005,2412,0.1021,0.6396,3.5344,0.1322,,,535,111,0.186,0.641
alice,0,28611005,2413,0.0946,0.6966,3.9328,0.1322,,,521,115,0.198,0.854
alice,0,28611005,2414,0.1025,0.6873,3.6992,0.1322,,,550,92,0.194,0.725
alice,0,28611005,2415,0.1154,0.6434,3.6295,0.1322,,,540,108,0.199,0.77
alice,0,28611005,2416,0.1068,0.6028,3.5288,0.1322,,,518,145,0.195,0.833
alice,0,28611005,2417,0.1054,0.6335,3.5419,0.1322,,,543,114,0.199,0.785
alice,0,28611005,2418,0.0828,0.6185,3.554,0.1322,,,521,117,0.19,0.712
alice,0,28611005,2419,0.0815,0.6915,3.5934,0.1322,,,531,101,0.196,0.753
alice,0,28611005,2420,0.1009,0.6463,3.6709,0.1322,,,530,121,0.19,0.717
alice,0,28611005,2421,0.115,0.5969,3.4805,0.1322,,,540,119,0.196,0.776
alice,0,28611005,2422,0.0936,0.6382,3.4914,0.1322,,,544,92,0.207,0.817
alice,0,28611005,2423,0.0942,0.6382,3.4748,0.1322,,,532,99,0.21,0.807
alice,0,28611005,2424,0.1062,0.7113,3.911,0.1322,,,535,85,0.214,0.768
alice,0,28611005,2425,0.1138,0.6852,4.0658,0.1322,,,531,96,0.202,0.825
alice,0,28611005,2426,0.0997,0.6529,3.7155,0.1322,,,530,111,0.206,0.849
alice,0,28611005,2427,0.1279,0.6627,3.7118,0.1322,,,528,109,0.2,0.829
alice,0,28611005,2428,0.0863,0.6677,3.7626,0.1322,,,532,94,0.204,0.792
alice,0,28611005,2429,0.0799,0.6587,3.7104,0.1322,,,528,99,0.2,0.798
alice,0,28611005,2430,0.0916,0.5641,3.213,0.1322,,,547,102,0.194,0.794
alice,0,28611005,2431,0.0915,0.7202,3.7991,0.1322,,,532,70,0.22,0.797
alice,0,28611005,2432,0.0817,0.6017,3.3291,0.1322,,,549,107,0.206,0.802
alice,0,28611005,2433,0.0895,0.6338,3.4042,0.1322,,,544,83,0.203,0.83
alice,0,28611005,2434,0.1021,0.688,3.8417,0.1322,,,531,95,0.208,0.847
alice,0,28611005,2435,0.072,0.6758,3.5887,0.1322,,,539,109,0.194,0.761
alice,0,28611005,2436,0.0845,0.6544,3.7489,0.1322,,,537,118,0.195,0.787
alice,0,28611005,2437,0.1043,0.6496,3.3714,0.1322,,,544,104,0.201,0.76
alice,0,28611005,2438,0.0957,0.6459,3.3597,0.1322,,,545,120,0.196,0.844
alice,0,28611005,2439,0.0823,0.6918,3.7773,0.1322,,,517,130,0.193,0.864
alice,0,28611005,2440,0.1102,0.6701,3.5736,0.1322,,,549,105,0.199,0.746
alice,0,28611005,2441,0.113,0.7115,3.978,0.1322,,,523,106,0.202,0.712
alice,0,28611005,2442,0.0832,0.6805,3.7635,0.1322,,,533,120,0.199,0.824
alice,0,28611005,2443,0.0981,0.6543,3.5579,0.1322,,,524,116,0.193,0.839
alice,0,28611005,2444,0.0927,0.7321,3.9206,0.1322,,,543,88,0.212,0.78
alice,0,28611005,2445,0.103,0.6364,3.5473,0.1322,,,543,100,0.2,0.771
alice,0,28611005,2446,0.0695,0.663,3.8472,0.1322,,,529,115,0.201,0.822
alice,0,28611005,2447,0.0943,0.6831,3.7089,0.1322,,,534,108,0.201,0.842
alice,0,28611005,2448,0.0995,0.6499,3.504,0.1322,,,538,110,0.19,0.71
alice,0,28611005,2449,0.115,0.6406,3.5242,0.1322,,,546,120,0.19,0.855
alice,0,28611005,2450,0.0756,0.6604,3.5934,0.1322,,,528,121,0.186,0.745
alice,0,28611005,2451,0.1062,0.7069,3.8193,0.1322,,,534,90,0.207,0.719
alice,0,28611005,2452,0.0944,0.6158,3.535,0.1322,,,553,121,0.197,0.775
alice,0,28611005,2453,0.1064,0.6127,3.4322,0.1322,,,541,90,0.211,0.784
alice,0,28611005,2454,0.1017,0.6799,3.7815,0.1322,,,555,65,0.221,0.805
alice,0,28611005,2455,0.0748,0.6212,3.444,0.1322,,,515,126,0.202,0.81
alice,0,28611005,2456,0.0994,0.6398,3.5645,0.1322,,,536,122,0.196,0.78
alice,0,28611005,2457,0.0878,0.6927,3.8866,0.1322,,,525,122,0.197,0.816
alice,0,28611005,2458,0.0823,0.6857,3.8277,0.1322,,,532,126,0.198,0.79
alice,0,28611005,2459,0.104,0.6118,3.453,0.1322,,,537,118,0.205,0.88
alice,0,28611005,2460,0.1011,0.6591,3.642,0.1322,,,543,93,0.215,0.812
alice,0,28611005,2461,0.0919,0.6383,3.5975,0.1322,,,534,105,0.202,0.77
alice,0,28611005,2462,0.1008,0.6711,3.7,0.1322,,,546,92,0.208,0.826
alice,0,28611005,2463,0.1138,0.6651,3.7839,0.1322,,,550,86,0.208,0.774
alice,0,28611005,2464,0.1068,0.6344,3.4268,0.1322,,,545,94,0.207,0.756
alice,0,28611005,2465,0.1105,0.5767,3.2469,0.1322,,,553,110,0.199,0.758
alice,0,28611005,2466,0.0942,0.6605,3.6261,0.1322,,,534,100,0.196,0.836
alice,0,28611005,2467,0.0867,0.6513,3.5542,0.1322,,,538,114,0.204,0.806
alice,0,28611005,2468,0.0933,0.6588,3.9296,0.1322,,,516,123,0.197,0.838
alice,0,28611005,2469,0.0889,0.6424,3.7004,0.1322,,,532,102,0.207,0.795
alice,0,28611005,2470,0.102,0.6148,3.408,0.1322,,,553,95,0.2,0.897
alice,0,28611005,2471,0.0931,0.6206,3.5435,0.1322,,,546,101,0.207,0.833
alice,0,28611005,2472,0.087,0.5604,3.2304,0.1322,,,542,117,0.21,0.849
alice,0,28611005,2473,0.0805,0.6111,3.2946,0.1322,,,534,103,0.207,0.812
alice,0,28611005,2474,0.0822,0.6758,3.6894,0.1322,,,546,89,0.211,0.75
alice,0,28611005,2475,0.0937,0.5877,3.2687,0.1322,,,542,105,0.208,0.755
alice,0,28611005,2476,0.101,0.6185,3.3915,0.1322,,,540,113,0.197,0.79
alice,0,28611005,2477,0.0934,0.6741,3.7749,0.1322,,,527,103,0.203,0.836
alice,0,28611005,2478,0.1093,0.6578,3.4115,0.1322,,,556,87,0.208,0.822
alice,0,28611005,2479,0.0704,0.6804,3.7358,0.1322,,,533,93,0.197,0.745
alice,0,28611005,2480,0.0916,0.6053,3.379,0.1322,,,553,108,0.201,0.777
alice,0,28611005,2481,0.0783,0.6078,3.2519,0.1322,,,560,93,0.207,0.795
alice,0,28611005,2482,0.0951,0.5891,3.3402,0.1322,,,540,124,0.198,0.794
alice,0,28611005,2483,0.0843,0.6459,3.5672,0.1322,,,566,72,0.207,0.795
alice,0,28611005,2484,0.0718,0.5722,3.1322,0.1322,,,539,106,0.203,0.848
alice,0,28611005,2485,0.0812,0.6736,3.6034,0.1322,,,533,100,0.211,0.811
alice,0,28611005,2486,0.074,0.6062,3.3292,0.1322,,,528,143,0.187,0.782
alice,0,28611005,2487,0.104,0.6293,3.4122,0.1322,,,544,122,0.198,0.859
alice,0,28611005,2488,0.0923,0.6026,3.272,0.1322,,,533,134,0.195,0.821
alice,0,28611005,2489,0.0905,0.6831,3.5465,0.1322,,,550,100,0.206,0.863
alice,0,28611005,2490,0.0827,0.7385,3.8167,0.1322,,,533,104,0.201,0.807
alice,0,28611005,2491,0.0975,0.5766,3.0775,0.1322,,,546,146,0.191,0.84
alice,0,28611005,2492,0.0844,0.6087,3.2548,0.1322,,,536,114,0.195,0.83
alice,0,28611005,2493,0.109,0.5591,3.0938,0.1322,,,559,113,0.209,0.849
alice,0,28611005,2494,0.114,0.6565,3.4696,0.1322,,,539,103,0.205,0.815
alice,0,28611005,2495,0.0957,0.6391,3.4818,0.1322,,,537,100,0.213,0.84
alice,0,28611005,2496,0.0987,0.7362,3.9331,0.1322,,,543,82,0.209,0.773
alice,0,28611005,2497,0.1048,0.6519,3.6721,0.1322,,,540,98,0.204,0.793
alice,0,28611005,2498,0.1154,0.6586,3.7457,0.1322,,,535,109,0.204,0.746
alice,0,28611005,2499,0.102,0.6524,3.4032,0.1322,,,551,81,0.205,0.789
alice,0,28611005,2500,0.121,0.6809,3.7033,0.1322,,,549,83,0.198,0.75
alice,0,28611005,2501,0.0992,0.6889,3.8305,0.1322,,,540,85,0.207,0.808
alice,0,28611005,2502,0.1031,0.5966,3.382,0.1322,,,554,95,0.202,0.74
alice,0,28611005,2503,0.1089,0.5887,3.3241,0.1322,,,539,99,0.207,0.874
alice,0,28611005,2504,0.0755,0.5958,3.3661,0.1322,,,549,99,0.201,0.818
alice,0,28611005,2505,0.0756,0.6144,3.5275,0.1322,,,527,94,0.211,0.736
alice,0,28611005,2506,0.0988,0.633,3.5149,0.1322,,,543,91,0.209,0.819
alice,0,28611005,2507,0.0746,0.6828,3.5951,0.1322,,,554,71,0.21,0.841
alice,0,28611005,2508,0.0808,0.5958,3.4842,0.1322,,,522,135,0.18,0.696
alice,0,28611005,2509,0.1026,0.665,3.556,0.1322,,,540,101,0.201,0.835
alice,0,28611005,2510,0.1026,0.6099,3.2925,0.1322,,,563,98,0.204,0.81
alice,0,28611005,2511,0.0808,0.6172,3.3889,0.1322,,,543,99,0.199,0.836
alice,0,28611005,2512,0.0844,0.6275,3.4298,0.1322,,,538,107,0.199,0.816
alice,0,28611005,2513,0.0976,0.6205,3.4431,0.1322,,,549,104,0.202,0.821
alice,0,28611005,2514,0.0917,0.7465,3.877,0.1322,,,523,90,0.196,0.758
alice,0,28611005,2515,0.0939,0.6662,3.5326,0.1322,,,563,88,0.197,0.767
alice,0,28611005,2516,0.0838,0.7308,3.6515,0.1322,,,553,78,0.209,0.856
alice,0,28611005,2517,0.1088,0.7065,3.6343,0.1322,,,548,84,0.209,0.775
alice,0,28611005,2518,0.0898,0.6632,3.5556,0.1322,,,547,90,0.211,0.779
alice,0,28611005,2519,0.0895,0.6308,3.4941,0.1322,,,539,131,0.193,0.77
alice,0,28611005,2520,0.1117,0.7279,3.7208,0.1322,,,547,79,0.218,0.836
alice,0,28611005,2521,0.11,0.7173,3.6217,0.1322,,,541,96,0.21,0.788
alice,0,28611005,2522,0.1189,0.721,3.8532,0.1322,,,546,91,0.224,0.817
alice,0,28611005,2523,0.0966,0.6457,3.4,0.1322,,,540,111,0.204,0.75
alice,0,28611005,2524,0.1046,0.6916,3.4743,0.1322,,,553,95,0.213,0.84
alice,0,28611005,2525,0.1108,0.6987,3.7992,0.1322,,,529,109,0.206,0.878
alice,0,28611005,2526,0.1091,0.7057,3.5663,0.1322,,,548,94,0.201,0.861
alice,0,28611005,2527,0.1071,0.7183,3.7204,0.1322,,,544,93,0.209,0.822
alice,0,28611005,2528,0.111,0.6334,3.3778,0.1322,,,558,102,0.21,0.841
alice,0,28611005,2529,0.096,0.6575,3.6454,0.1322,,,536,121,0.194,0.806
alice,0,28611005,2530,0.1049,0.6664,3.6448,0.1322,,,536,96,0.211,0.817
alice,0,28611005,2531,0.1025,0.6429,3.2581,0.1322,,,564,85,0.217,0.834
alice,0,28611005,2532,0.1297,0.665,3.6733,0.1322,,,549,91,0.206,0.789
alice,0,28611005,2533,0.0915,0.6717,3.6255,0.1322,,,544,92,0.22,0.846
alice,0,28611005,2534,0.0913,0.681,3.3626,0.1322,,,544,94,0.202,0.824
alice,0,28611005,2535,0.0955,0.7688,3.8481,0.1322,,,547,77,0.218,0.791
alice,0,28611005,2536,0.1132,0.6795,3.6579,0.1322,,,552,94,0.194,0.778
alice,0,28611005,2537,0.0838,0.6834,3.7088,0.1322,,,546,88,0.205,0.812
alice,0,28611005,2538,0.0828,0.7162,3.7701,0.1322,,,542,102,0.192,0.783
alice,0,28611005,2539,0.0862,0.688,3.7379,0.1322,,,527,114,0.197,0.828
alice,0,28611005,2540,0.1065,0.681,3.5526,0.1322,,,545,102,0.204,0.835
alice,0,28611005,2541,0.0689,0.6887,3.7061,0.1322,,,550,96,0.209,0.737
alice,0,28611005,2542,0.0742,0.619,3.428,0.1322,,,549,106,0.19,0.789
alice,0,28611005,2543,0.0829,0.6457,3.6017,0.1322,,,539,113,0.192,0.809
alice,0,28611005,2544,0.1051,0.641,3.4858,0.1322,,,540,98,0.2,0.769
alice,0,28611005,2545,0.0884,0.6784,3.6381,0.1322,,,530,109,0.195,0.803
alice,0,28611005,2546,0.1124,0.6836,3.549,0.1322,,,563,104,0.195,0.806
alice,0,28611005,2547,0.0942,0.5917,3.2852,0.1322,,,560,113,0.2,0.766
alice,0,28611005,2548,0.1057,0.6075,3.3052,0.1322,,,563,91,0.206,0.776
alice,0,28611005,2549,0.0786,0.6741,3.6509,0.1322,,,551,88,0.213,0.794
alice,0,28611005,2550,0.0615,0.6347,3.4664,0.1322,,,518,112,0.195,0.787
alice,0,28611005,2551,0.1077,0.5781,3.1976,0.1322,,,565,92,0.198,0.814
alice,0,28611005,2552,0.0868,0.5921,3.3389,0.1322,,,541,101,0.199,0.822
alice,0,28611005,2553,0.0937,0.6074,3.4016,0.1322,,,558,102,0.205,0.831
alice,0,28611005,2554,0.0739,0.564,3.2008,0.1322,,,551,101,0.197,0.826
alice,0,28611005,2555,0.0891,0.6201,3.5124,0.1322,,,527,103,0.193,0.838
alice,0,28611005,2556,0.0968,0.6496,3.4924,0.1322,,,554,98,0.21,0.802
alice,0,28611005,2557,0.1035,0.6811,3.6719,0.1322,,,538,110,0.195,0.773
alice,0,28611005,2558,0.1089,0.7042,3.6882,0.1322,,,565,74,0.216,0.786
alice,0,28611005,2559,0.0792,0.5949,3.2851,0.1322,,,545,114,0.209,0.835
alice,0,28611005,2560,0.0961,0.6358,3.4017,0.1322,,,531,107,0.21,0.808
alice,0,28611005,2561,0.1206,0.6002,3.5574,0.1322,,,534,115,0.199,0.815
alice,0,28611005,2562,0.1098,0.6074,3.2353,0.1322,,,549,98,0.205,0.807
alice,0,28611005,2563,0.0943,0.6339,3.5126,0.1322,,,545,103,0.217,0.843
alice,0,28611005,2564,0.0823,0.6661,3.4134,0.1322,,,544,91,0.211,0.825
alice,0,28611005,2565,0.0843,0.6349,3.4,0.1322,,,532,130,0.197,0.824
alice,0,28611005,2566,0.1197,0.6896,3.7216,0.1322,,,537,101,0.209,0.812
alice,0,28611005,2567,0.1107,0.6892,3.5963,0.1322,,,558,79,0.199,0.836
alice,0,28611005,2568,0.1149,0.6413,3.4341,0.1322,,,548,94,0.196,0.805
alice,0,28611005,2569,0.1032,0.5585,3.019,0.1322,,,560,106,0.21,0.787
alice,0,28611005,2570,0.0986,0.61,3.3785,0.1322,,,553,92,0.215,0.786
alice,0,28611005,2571,0.1047,0.5626,3.3277,0.1322,,,557,92,0.209,0.778
alice,0,28611005,2572,0.0757,0.5819,3.2119,0.1322,,,548,96,0.224,0.847
alice,0,28611005,2573,0.0897,0.6271,3.5991,0.1322,,,534,100,0.212,0.824
alice,0,28611005,2574,0.0912,0.6383,3.465,0.1322,,,540,104,0.202,0.747
alice,0,28611005,2575,0.094,0.7128,3.8857,0.1322,,,542,76,0.213,0.816
alice,0,28611005,2576,0.0935,0.7162,3.9705,0.1322,,,534,88,0.206,0.835
alice,0,28611005,2577,0.0762,0.6749,3.6226,0.1322,,,534,102,0.198,0.785
alice,0,28611005,2578,0.0935,0.6069,3.295,0.1322,,,564,118,0.203,0.811
alice,0,28611005,2579,0.1005,0.6297,3.345,0.1322,,,561,85,0.214,0.805
alice,0,28611005,2580,0.128,0.672,3.6914,0.1322,,,548,76,0.217,0.807
alice,0,28611005,2581,0.0942,0.5253,3.1126,0.1322,,,553,117,0.194,0.823
alice,0,28617389,2582,0.1842,0.7219,3.55,0.1322,,,554,126,0.21,0.846
alice,0,28617389,2583,0.1466,0.6656,3.368,0.1322,,,529,135,0.207,0.87
alice,0,28617389,2584,0.2112,0.6196,2.9296,0.1322,,,559,108,0.221,0.834
alice,0,28617389,2585,0.1766,0.6439,3.0688,0.1322,,,552,100,0.225,0.85
alice,0,28617389,2586,0.1611,0.7103,3.4538,0.1322,,,550,80,0.257,0.842
alice,0,28617389,2587,0.1132,0.6395,3.3202,0.1322,,,536,114,0.248,0.864
alice,0,28617389,2588,0.1059,0.5813,2.948,0.1322,,,548,131,0.246,0.862
alice,0,28617389,2589,0.0981,0.5462,3.0292,0.1322,,,509,153,0.234,0.859
alice,0,28617389,2590,0.1195,0.535,2.9683,0.1322,,,526,164,0.225,0.849
alice,0,28617389,2591,0.1326,0.5318,2.8263,0.1322,,,551,164,0.22,0.854
alice,0,28617389,2592,0.1178,0.4917,2.5588,0.1322,,,512,185,0.218,0.844
alice,0,28617389,2593,0.1537,0.5504,2.9718,0.1322,,,511,162,0.215,0.881
alice,0,28617389,2594,0.1576,0.5569,2.9478,0.1322,,,552,152,0.234,0.845
alice,0,28617389,2595,0.1597,0.5228,2.6756,0.1322,,,560,126,0.237,0.842
alice,0,28617389,2596,0.1373,0.639,3.4538,0.1322,,,512,111,0.256,0.847
alice,0,28617389,2597,0.1566,0.5915,3.1604,0.1322,,,544,136,0.226,0.857
alice,0,28617389,2598,0.1528,0.5872,3.1737,0.1322,,,549,123,0.235,0.84
alice,0,28617389,2599,0.1176,0.5746,3.0315,0.1322,,,529,151,0.211,0.851
alice,0,28617389,2600,0.1205,0.5626,3.027,0.1322,,,538,154,0.22,0.832
alice,0,28617389,2601,0.1214,0.6152,3.2664,0.1322,,,546,110,0.22,0.815
alice,0,28617389,2602,0.1123,0.599,3.1777,0.1322,,,538,119,0.226,0.801
bob,0,28580923,0,-0.0103,0.1384,0.66,,-1.0018,0.1282,,,,
bob,0,28580923,1,-0.0002,0.1566,0.72,,-0.9595,0.1003,,,,
bob,0,28580923,2,0.0008,0.1474,0.66,,-0.9896,0.0969,,,,
bob,0,28580923,3,-0.0002,0.1041,0.44,,-1.0087,0.0664,,,,
bob,0,28580923,4,-0.0003,0.1167,0.54,,-1.0167,0.0767,,,,
bob,0,28580923,5,-0.0002,0.0994,0.44,,-0.9988,0.0645,,,,
bob,0,28580923,6,-0.0009,0.1293,0.6,,-1.0344,0.0846,,,,
bob,0,28580923,7,-0.0006,0.1471,0.64,,-1.0256,0.0967,,,,
bob,0,28580923,8,-0.0001,0.1186,0.54,,-1.0074,0.0799,,,,
bob,0,28580923,9,0.0004,0.1096,0.54,,-1.0216,0.0782,,,,
bob,0,28580923,10,-0.002,0.1249,0.5599999999999999,,-1.0475,0.081,,,,
bob,0,28580923,11,0.0008,0.1262,0.6,,-1.0388,0.0872,,,,
bob,0,28580923,12,-0.0002,0.0978,0.45999999999999996,,-1.0073,0.0652,,,,
bob,0,28580923,13,-0.0026,0.0765,0.38,,-1.0513,0.0557,,,,
bob,0,28580923,14,0.0002,0.1076,0.52,,-1.0518,0.0764,,,,
bob,0,28580923,15,-0.001,0.1524,0.7000000000000001,,-1.0711,0.0982,,,,
bob,0,28580923,16,0.0001,0.1313,0.62,,-1.0624,0.0906,,,,
bob,0,28580923,17,-0.002,0.1688,0.74,,-0.9885,0.1169,,,,
bob,0,28580923,18,-0.0013,0.1055,0.52,,-1.0567,0.0749,,,,
bob,0,28580923,19,-0.0008,0.1091,0.52,,-1.0294,0.0729,,,,
bob,0,28580923,20,0.0006,0.1115,0.54,,-1.0672,0.0799,,,,
bob,0,28580923,21,-0.0003,0.1419,0.66,,-1.0867,0.0935,,,,
bob,0,28580923,22,-0.0006,0.1047,0.48,,-1.0809,0.0717,,,,
bob,0,28580923,23,0.001,0.0841,0.44,,-1.0962,0.0667,,,,
bob,0,28580923,24,-0.0008,0.1177,0.52,,-1.0881,0.074,,,,
bob,0,28580923,25,-0.001,0.0952,0.45999999999999996,,-1.0726,0.0684,,,,
bob,0,28580923,26,-0.0005,0.0963,0.48,,-1.0779,0.0707,,,,
bob,0,28580923,27,0.0008,0.1314,0.64,,-1.0904,0.0935,,,,
bob,0,28580923,28,0.0004,0.1233,0.62,,-1.043,0.0909,,,,
bob,0,28580923,29,-0.0002,0.0916,0.45999999999999996,,-1.0463,0.0655,,,,
bob,0,28580923,30,-0.0005,0.0972,0.48,,-1.0699,0.0676,,,,
bob,0,28580923,31,-0.0004,0.1093,0.5599999999999999,,-1.1002,0.0813,,,,
bob,0,28580923,32,-0.002,0.1305,0.66,,-1.0774,0.0952,,,,
bob,0,28580923,33,0.0003,0.1441,0.6799999999999999,,-1.0856,0.1,,,,
bob,0,28580923,34,-0.0007,0.1416,0.6799999999999999,,-1.0848,0.1025,,,,
bob,0,28580923,35,-0.0006,0.0802,0.4,,-1.0797,0.0578,,,,
bob,0,28580923,36,-0.001,0.0676,0.33999999999999997,,-1.0881,0.045,,,,
bob,0,28580923,37,-0.0014,0.1161,0.52,,-1.0953,0.0785,,,,
bob,0,28580923,38,0.0002,0.1455,0.72,,-1.0695,0.1059,,,,
bob,0,28580923,39,-0.0006,0.1355,0.6799999999999999,,-1.0841,0.0958,,,,
bob,0,28580923,40,-0.0014,0.1105,0.52,,-1.0598,0.0716,,,,
bob,0,28580923,41,-0.0007,0.0862,0.44,,-1.0631,0.064,,,,
bob,0,28580923,42,0.0004,0.1072,0.54,,-1.0979,0.0784,,,,
bob,0,28580923,43,0.0001,0.1294,0.62,,-1.1166,0.0863,,,,
bob,0,28580923,44,-0.0007,0.1077,0.5599999999999999,,-1.1076,0.0784,,,,
bob,0,28580923,45,0.0002,0.0827,0.42,,-1.0859,0.0597,,,,
bob,0,28580923,46,0.0003,0.1095,0.54,,-1.1244,0.0788,,,,
bob,0,28580923,47,0.0007,0.1192,0.6,,-1.0946,0.0868,,,,
bob,0,28580923,48,0.0011,0.0971,0.48,,-1.0825,0.0694,,,,
bob,0,28580923,49,-0.0012,0.1014,0.52,,-1.0538,0.0776,,,,
bob,0,28580923,50,0.0003,0.0874,0.45999999999999996,,-1.1024,0.0639,,,,
bob,0,28580923,51,0.0006,0.0792,0.4,,-1.0711,0.0554,,,,
bob,0,28580923,52,0.0005,0.131,0.66,,-1.0723,0.0992,,,,
bob,0,28580923,53,0.001,0.094,0.45999999999999996,,-1.0642,0.0679,,,,
bob,0,28580923,54,0.0004,0.1256,0.62,,-1.107,0.0881,,,,
bob,0,28580923,55,0.0011,0.1088,0.54,,-1.1239,0.0777,,,,
bob,0,28580923,56,0.001,0.092,0.48,,-1.1112,0.072,,,,
bob,0,28580923,57,0.0009,0.0952,0.54,,-1.1091,0.0777,,,,
bob,0,28580923,58,0.0001,0.1331,0.66,,-1.057,0.0954,,,,
bob,0,28580923,59,-0.0017,0.1165,0.58,,-1.0749,0.0862,,,,
bob,0,28580923,60,0.0003,0.0968,0.52,,-1.0801,0.0711,,,,
bob,0,28580923,61,0.0013,0.0791,0.44,,-1.0635,0.0607,,,,
bob,0,28580923,62,0.0014,0.0725,0.42,,-1.0837,0.0575,,,,
bob,0,28580923,63,0.0012,0.1192,0.6,,-1.0708,0.0883,,,,
bob,0,28580923,64,0.0008,0.1014,0.52,,-1.0845,0.0744,,,,
bob,0,28580923,65,0.0008,0.1095,0.58,,-1.1,0.0853,,,,
bob,0,28580923,66,0.0008,0.1041,0.5599999999999999,,-1.0788,0.0777,,,,
bob,0,28580923,67,0.0006,0.078,0.4,,-1.0824,0.0567,,,,
bob,0,28580923,68,0.0027,0.0823,0.42,,-1.103,0.0578,,,,
bob,0,28580923,69,-0.0,0.0756,0.4,,-1.1007,0.0542,,,,
bob,0,28580923,70,0.001,0.073,0.38,,-1.0949,0.0578,,,,
bob,0,28580923,71,0.0,0.1066,0.54,,-1.0836,0.0766,,,,
bob,0,28580923,72,0.0008,0.0792,0.42,,-1.0927,0.0597,,,,
bob,0,28580923,73,0.0019,0.0948,0.45999999999999996,,-1.1011,0.0655,,,,
bob,0,28580923,74,0.0015,0.1231,0.66,,-1.1038,0.0899,,,,
bob,0,28580923,75,0.0007,0.105,0.54,,-1.0783,0.0771,,,,
bob,0,28580923,76,0.0009,0.0941,0.5,,-1.114,0.0718,,,,
bob,0,28580923,77,0.0002,0.1004,0.5599999999999999,,-1.0842,0.08,,,,
bob,0,28580923,78,0.0004,0.0873,0.42,,-1.0775,0.0597,,,,
bob,0,28580923,79,0.0015,0.0811,0.42,,-1.0826,0.0594,,,,
bob,0,28580923,80,0.0007,0.0944,0.5,,-1.1039,0.0694,,,,
bob,0,28580923,81,0.0006,0.1014,0.54,,-1.1029,0.0789,,,,
bob,0,28580923,82,0.0002,0.1237,0.66,,-1.0848,0.0905,,,,
bob,0,28580923,83,0.0002,0.1243,0.66,,-1.0729,0.097,,,,
bob,0,28580923,84,0.0016,0.0684,0.38,,-1.1019,0.0512,,,,
bob,0,28580923,85,0.0015,0.125,0.6799999999999999,,-1.0892,0.0973,,,,
bob,0,28580923,86,0.001,0.1084,0.5599999999999999,,-1.0933,0.0795,,,,
bob,0,28580923,87,-0.0018,0.0918,0.45999999999999996,,-1.0818,0.0614,,,,
bob,0,28580923,88,0.001,0.1064,0.5599999999999999,,-1.0965,0.081,,,,
bob,0,28580923,89,0.0005,0.0698,0.38,,-1.0742,0.0561,,,,
bob,0,28580923,90,0.0014,0.0705,0.38,,-1.1015,0.049,,,,
bob,0,28580923,91,0.0011,0.0788,0.45999999999999996,,-1.0717,0.0647,,,,
bob,0,28580923,92,0.0008,0.0823,0.45999999999999996,,-1.063,0.0626,,,,
bob,0,28580923,93,0.0011,0.0756,0.36,,-1.098,0.0515,,,,
bob,0,28580923,94,-0.0002,0.0971,0.54,,-1.101,0.0705,,,,
bob,0,28580923,95,-0.0001,0.0764,0.4,,-1.0845,0.0532,,,,
bob,0,28580923,96,0.0,0.1068,0.58,,-1.1053,0.081,,,,
bob,0,28580923,97,0.001,0.1136,0.5599999999999999,,-1.1279,0.0831,,,,
bob,0,28580923,98,0.0015,0.1069,0.6,,-1.1105,0.0841,,,,
bob,0,28580923,99,0.0013,0.1094,0.58,,-1.0818,0.0822,,,,
bob,0,28580923,100,0.0019,0.1119,0.6,,-1.0971,0.0858,,,,
bob,0,28580923,101,0.0007,0.094,0.45999999999999996,,-1.0549,0.0635,,,,
bob,0,28580923,102,0.0057,0.0981,0.54,,-1.0853,0.074,,,,
bob,0,28580923,103,-0.0005,0.1364,0.7000000000000001,,-1.126,0.1009,,,,
bob,0,28580923,104,0.0002,0.108,0.58,,-1.0986,0.0837,,,,
bob,0,28580923,105,0.0029,0.0769,0.42,,-1.0888,0.0583,,,,
bob,0,28580923,106,0.0023,0.1075,0.54,,-1.0743,0.0774,,,,
bob,0,28580923,107,0.0021,0.1087,0.62,,-1.0923,0.0905,,,,
bob,0,28580923,108,0.0025,0.1116,0.6,,-1.0831,0.0873,,,,
bob,0,28580923,109,0.0017,0.1252,0.66,,-1.1098,0.0959,,,,
bob,0,28580923,110,0.0013,0.1157,0.62,,-1.1067,0.087,,,,
bob,0,28580923,111,0.0004,0.1074,0.58,,-1.0913,0.0779,,,,
bob,0,28580923,112,0.0011,0.11,0.54,,-1.0904,0.0754,,,,
bob,0,28580923,113,0.0021,0.1059,0.58,,-1.0879,0.0821,,,,
bob,0,28580923,114,0.0017,0.1044,0.6,,-1.1148,0.0842,,,,
bob,0,28580923,115,0.0007,0.0813,0.44,,-1.082,0.0617,,,,
bob,0,28580923,116,0.0027,0.0989,0.48,,-1.0906,0.0706,,,,
bob,0,28580923,117,-0.0011,0.1048,0.54,,-1.0589,0.0769,,,,
bob,0,28580923,118,0.0008,0.1039,0.5599999999999999,,-1.0969,0.0761,,,,
bob,0,28580923,119,0.0027,0.0943,0.52,,-1.0929,0.0725,,,,
bob,0,28580923,120,0.0011,0.0881,0.5,,-1.0917,0.0695,,,,
bob,0,28580923,121,0.0034,0.0714,0.38,,-1.0917,0.0488,,,,
bob,0,28580923,122,0.0005,0.0779,0.4,,-1.0672,0.0525,,,,
bob,0,28580923,123,0.0014,0.1113,0.58,,-1.0381,0.0833,,,,
bob,0,28580923,124,0.0002,0.1361,0.6799999999999999,,-1.0588,0.0975,,,,
bob,0,28580923,125,0.0017,0.1098,0.54,,-1.0475,0.0776,,,,
bob,0,28580923,126,0.0008,0.107,0.54,,-1.0429,0.0763,,,,
bob,0,28580923,127,0.0001,0.0924,0.52,,-1.03,0.0714,,,,
bob,0,28580923,128,0.0038,0.1054,0.62,,-1.039,0.0855,,,,
bob,0,28580923,129,0.0013,0.0978,0.52,,-1.044,0.0728,,,,
bob,0,28580923,130,0.0022,0.1307,0.6799999999999999,,-1.0352,0.094,,,,
bob,0,28580923,131,-0.0001,0.1265,0.64,,-1.0457,0.0946,,,,
bob,0,28580923,132,0.0023,0.0997,0.52,,-1.0426,0.0726,,,,
bob,0,28580923,133,0.0027,0.0848,0.42,,-1.0441,0.0571,,,,
bob,0,28580923,134,-0.001,0.0987,0.52,,-1.0414,0.0708,,,,
bob,0,28580923,135,0.0016,0.1484,0.8,,-1.0351,0.1186,,,,
bob,0,28580923,136,0.0005,0.0911,0.48,,-1.0422,0.0653,,,,
bob,0,28580923,137,0.0,0.1061,0.54,,-1.0277,0.0784,,,,
bob,0,28580923,138,0.002,0.0999,0.54,,-1.0325,0.0753,,,,
bob,0,28580923,139,0.0025,0.0687,0.38,,-1.0372,0.0513,,,,
bob,0,28580923,140,0.0027,0.0795,0.44,,-1.0346,0.0582,,,,
bob,0,28580923,141,0.0007,0.1254,0.64,,-1.0302,0.0892,,,,
bob,0,28580923,142,0.0022,0.1132,0.64,,-1.0379,0.0881,,,,
bob,0,28580923,143,0.0038,0.0895,0.48,,-1.0305,0.0692,,,,
bob,0,28580923,144,0.0019,0.1082,0.52,,-1.0329,0.0751,,,,
bob,0,28580923,145,0.0012,0.0897,0.48,,-1.0382,0.0664,,,,
bob,0,28580923,146,0.0038,0.091,0.5,,-1.0236,0.0702,,,,
bob,0,28580923,147,0.0046,0.082,0.48,,-1.0368,0.0671,,,,
bob,0,28580923,148,0.0033,0.1083,0.58,,-1.0279,0.0813,,,,
bob,0,28580923,149,0.001,0.1042,0.58,,-1.0371,0.0804,,,,
bob,0,28580923,150,0.0026,0.0983,0.5599999999999999,,-1.0415,0.0764,,,,
bob,0,28580923,151,-0.0003,0.108,0.5599999999999999,,-1.028,0.0774,,,,
bob,0,28580923,152,0.004,0.0991,0.45999999999999996,,-1.0278,0.0646,,,,
bob,0,28580923,153,0.0012,0.1099,0.52,,-1.0322,0.0716,,,,
bob,0,28580923,154,0.0012,0.1031,0.54,,-1.0351,0.0768,,,,
bob,0,28580923,155,0.002,0.1256,0.66,,-1.0344,0.0939,,,,
bob,0,28580923,156,0.0034,0.086,0.44,,-1.0325,0.0617,,,,
bob,0,28580923,157,0.0002,0.087,0.48,,-1.0283,0.0655,,,,
bob,0,28580923,158,0.0005,0.0869,0.5,,-1.0266,0.0706,,,,
bob,0,28580923,159,0.003,0.1066,0.5599999999999999,,-1.0297,0.0805,,,,
bob,0,28580923,160,0.0005,0.1019,0.52,,-1.0312,0.0705,,,,
bob,0,28580923,161,0.0036,0.0762,0.4,,-1.032,0.056,,,,
bob,0,28580923,162,0.0023,0.0804,0.42,,-1.0344,0.0572,,,,
bob,0,28580923,163,0.0001,0.1233,0.6799999999999999,,-1.0363,0.0915,,,,
bob,0,28580923,164,0.0026,0.1164,0.62,,-1.0356,0.0861,,,,
bob,0,28580923,165,0.0026,0.1108,0.58,,-1.032,0.082,,,,
bob,0,28580923,166,0.0033,0.0593,0.32,,-1.0362,0.0426,,,,
bob,0,28580923,167,0.0039,0.1095,0.58,,-1.0422,0.0825,,,,
bob,0,28580923,168,0.004,0.0857,0.5,,-1.0407,0.066,,,,
bob,0,28580923,169,0.0033,0.0913,0.54,,-1.0349,0.0768,,,,
bob,0,28580923,170,0.0017,0.0771,0.44,,-1.0392,0.0591,,,,
bob,0,28580923,171,0.0013,0.0911,0.48,,-1.0444,0.066,,,,
bob,0,28580923,172,0.0015,0.0938,0.45999999999999996,,-1.0389,0.0649,,,,
bob,0,28580923,173,0.0043,0.0841,0.42,,-1.0362,0.0587,,,,
bob,0,28580923,174,0.0022,0.1151,0.64,,-1.0301,0.0898,,,,
bob,0,28580923,175,0.0035,0.098,0.48,,-1.0377,0.065,,,,
bob,0,28580923,176,0.0036,0.0814,0.42,,-1.0415,0.0547,,,,
bob,0,28580923,177,0.0025,0.1072,0.58,,-1.0309,0.0785,,,,
bob,0,28580923,178,0.0004,0.0771,0.4,,-1.0353,0.0551,,,,
bob,0,28580923,179,0.0001,0.0984,0.5,,-1.0188,0.07,,,,
bob,0,28580923,180,0.0016,0.0898,0.45999999999999996,,-1.0201,0.0663,,,,
bob,0,28580923,181,0.0032,0.0916,0.5599999999999999,,-1.0262,0.0769,,,,
bob,0,28580923,182,0.0041,0.0853,0.44,,-1.0292,0.0591,,,,
bob,0,28580923,183,0.004,0.08,0.44,,-1.0352,0.0595,,,,
bob,0,28580923,184,0.0052,0.072,0.4,,-1.0325,0.0522,,,,
bob,0,28580923,185,0.0055,0.0706,0.36,,-1.031,0.0476,,,,
bob,0,28580923,186,0.0032,0.0799,0.45999999999999996,,-1.0301,0.0644,,,,
bob,0,28580923,187,0.0021,0.1011,0.52,,-1.0386,0.073,,,,
bob,0,28580923,188,0.0037,0.1071,0.62,,-1.0304,0.0875,,,,
bob,0,28580923,189,0.0051,0.0944,0.48,,-1.031,0.0677,,,,
bob,0,28580923,190,-0.0001,0.1093,0.5599999999999999,,-1.0284,0.0789,,,,
bob,0,28580923,191,0.0018,0.0949,0.54,,-1.0266,0.0737,,,,
bob,0,28580923,192,0.0032,0.0973,0.5599999999999999,,-1.0346,0.0755,,,,
bob,0,28580923,193,0.0019,0.1201,0.66,,-1.0344,0.0923,,,,
bob,0,28580923,194,0.002,0.1021,0.58,,-1.0388,0.0808,,,,
bob,0,28580923,195,0.0011,0.1091,0.58,,-1.0374,0.0807,,,,
bob,0,28580923,196,0.0017,0.095,0.5,,-1.0428,0.0685,,,,
bob,0,28580923,197,0.002,0.1011,0.52,,-1.0376,0.0711,,,,
bob,0,28580923,198,0.0017,0.1061,0.5599999999999999,,-1.0384,0.0751,,,,
bob,0,28580923,199,0.0008,0.0832,0.48,,-1.0349,0.0639,,,,
bob,0,28580923,200,0.0017,0.0982,0.54,,-1.0297,0.0744,,,,
bob,0,28580923,201,0.0058,0.077,0.45999999999999996,,-1.0365,0.0598,,,,
bob,0,28580923,202,0.0012,0.0766,0.42,,-1.0431,0.054,,,,
bob,0,28580923,203,0.0004,0.0914,0.52,,-1.0397,0.0706,,,,
bob,0,28580923,204,0.0044,0.0813,0.42,,-1.0305,0.0552,,,,
bob,0,28580923,205,0.0052,0.1293,0.6799999999999999,,-1.0358,0.0931,,,,
bob,0,28580923,206,0.0024,0.0789,0.38,,-1.0426,0.0538,,,,
bob,0,28580923,207,0.0013,0.0969,0.54,,-1.0439,0.0741,,,,
bob,0,28580923,208,0.0017,0.0744,0.36,,-1.0322,0.0465,,,,
bob,0,28580923,209,0.0024,0.0762,0.42,,-1.0324,0.0552,,,,
bob,0,28580923,210,0.0039,0.0919,0.54,,-1.0293,0.0716,,,,
bob,0,28580923,211,0.0049,0.0623,0.36,,-1.0399,0.0488,,,,
bob,0,28580923,212,0.0006,0.1112,0.6,,-1.0382,0.085,,,,
bob,0,28580923,213,0.0064,0.0593,0.33999999999999997,,-1.0327,0.0425,,,,
bob,0,28580923,214,0.0012,0.1062,0.58,,-1.0315,0.0783,,,,
bob,0,28580923,215,0.0032,0.0923,0.5,,-1.0256,0.0685,,,,
bob,0,28580923,216,0.0045,0.1068,0.5599999999999999,,-1.0245,0.0757,,,,
bob,0,28580923,217,0.001,0.0889,0.52,,-1.0301,0.0737,,,,
bob,0,28580923,218,0.0019,0.1059,0.5599999999999999,,-1.0426,0.0769,,,,
bob,0,28580923,219,0.0033,0.0769,0.45999999999999996,,-1.0393,0.0632,,,,
bob,0,28580923,220,0.0005,0.0974,0.5,,-1.037,0.0682,,,,
bob,0,28580923,221,0.0005,0.1129,0.5599999999999999,,-1.0383,0.076,,,,
bob,0,28580923,222,0.0009,0.0767,0.4,,-1.0326,0.0538,,,,
bob,0,28580923,223,0.0025,0.0834,0.45999999999999996,,-1.0382,0.063,,,,
bob,0,28580923,224,0.0038,0.0818,0.44,,-1.0346,0.0578,,,,
bob,0,28580923,225,0.0014,0.1106,0.64,,-1.0411,0.0907,,,,
bob,0,28580923,226,0.0006,0.1063,0.58,,-1.0374,0.0798,,,,
bob,0,28580923,227,0.003,0.0854,0.45999999999999996,,-1.0364,0.0605,,,,
bob,0,28580923,228,0.0042,0.0936,0.52,,-1.0358,0.071,,,,
bob,0,28580923,229,0.0033,0.0863,0.5,,-1.0346,0.065,,,,
bob,0,28580923,230,0.0027,0.0794,0.38,,-1.0415,0.0521,,,,
bob,0,28580923,231,0.0036,0.0985,0.54,,-1.0312,0.0739,,,,
bob,0,28580923,232,0.002,0.1125,0.64,,-1.0323,0.0835,,,,
bob,0,28580923,233,-0.0002,0.1029,0.58,,-1.0538,0.0915,,,,
bob,0,28580923,234,0.0011,0.0912,0.45999999999999996,,-1.0516,0.0622,,,,
bob,0,28580923,235,0.0015,0.0974,0.5,,-1.033,0.0692,,,,
bob,0,28580923,236,0.0042,0.1207,0.66,,-1.0255,0.0918,,,,
bob,0,28580923,237,0.0024,0.108,0.54,,-1.0327,0.0762,,,,
bob,0,28580923,238,0.0019,0.0959,0.5,,-1.0341,0.0679,,,,
bob,0,28580923,239,0.003,0.0974,0.52,,-1.0341,0.0713,,,,
bob,0,28580923,240,0.0028,0.0822,0.44,,-1.0455,0.057,,,,
bob,0,28580923,241,0.0027,0.0961,0.5,,-1.0387,0.0672,,,,
bob,0,28580923,242,0.0021,0.0986,0.54,,-1.0252,0.0725,,,,
bob,0,28580923,243,0.0018,0.1055,0.5599999999999999,,-1.0294,0.0765,,,,
bob,0,28580923,244,0.0044,0.1034,0.58,,-1.0378,0.0772,,,,
bob,0,28580923,245,0.0011,0.0783,0.44,,-1.0297,0.058,,,,
bob,0,28580923,246,0.0042,0.0947,0.52,,-1.0252,0.0729,,,,
bob,0,28580923,247,0.0007,0.1044,0.64,,-1.0325,0.0854,,,,
bob,0,28580923,248,0.0021,0.1122,0.64,,-1.0254,0.0907,,,,
bob,0,28580923,249,0.0056,0.0946,0.48,,-1.027,0.0616,,,,
bob,0,28580923,250,0.0029,0.094,0.54,,-1.0278,0.0752,,,,
bob,0,28580923,251,0.0013,0.0984,0.5599999999999999,,-1.0496,0.0765,,,,
bob,0,28580923,252,0.0014,0.0749,0.44,,-1.0537,0.0559,,,,
bob,0,28580923,253,0.0015,0.0701,0.42,,-1.0453,0.0546,,,,
bob,0,28580923,254,0.002,0.1053,0.6,,-1.0277,0.0814,,,,
bob,0,28580923,255,0.0016,0.0925,0.48,,-1.0307,0.0642,,,,
bob,0,28580923,256,0.0047,0.0775,0.38,,-1.03,0.0519,,,,
bob,0,28580923,257,0.003,0.0907,0.5,,-1.0277,0.069,,,,
bob,0,28580923,258,0.0038,0.0828,0.44,,-1.0279,0.056,,,,
bob,0,28580923,259,0.0042,0.0835,0.44,,-1.0386,0.0566,,,,
bob,0,28580923,260,0.002,0.0845,0.45999999999999996,,-1.03,0.0637,,,,
bob,0,28580923,261,0.0032,0.0952,0.52,,-1.036,0.0714,,,,
bob,0,28580923,262,0.0016,0.0794,0.42,,-1.0439,0.0566,,,,
bob,0,28580923,263,0.0022,0.091,0.48,,-1.0456,0.0619,,,,
bob,0,28580923,264,0.0038,0.1039,0.6,,-1.0293,0.0793,,,,
bob,0,28580923,265,0.0017,0.1179,0.64,,-1.0311,0.0866,,,,
bob,0,28580923,266,0.001,0.1255,0.64,,-1.0421,0.0902,,,,
bob,0,28580923,267,0.0019,0.1027,0.5,,-1.0439,0.0673,,,,
bob,0,28580923,268,0.0047,0.1041,0.62,,-1.043,0.084,,,,
bob,0,28580923,269,0.0081,0.0971,0.6,,-1.0285,0.0835,,,,
bob,0,28580923,270,0.0078,0.0832,0.5,,-1.0448,0.0635,,,,
bob,0,28580923,271,0.0013,0.0832,0.4,,-1.018,0.054,,,,
bob,0,28580923,272,0.0032,0.0833,0.44,,-1.0183,0.0571,,,,
bob,0,28580923,273,0.0042,0.0869,0.48,,-1.0452,0.0636,,,,
bob,0,28580923,274,0.0081,0.0419,0.26,,-1.058,0.0276,,,,
bob,0,28580923,275,0.0023,0.0774,0.45999999999999996,,-1.0434,0.0572,,,,
bob,0,28580923,276,0.0035,0.0974,0.54,,-1.0107,0.072,,,,
bob,0,28580923,277,0.0028,0.0942,0.52,,-1.0172,0.0716,,,,
bob,0,28580923,278,0.0045,0.0835,0.48,,-1.0336,0.062,,,,
bob,0,28580923,279,0.0012,0.0685,0.44,,-1.0535,0.0527,,,,
bob,0,28580923,280,0.0043,0.0755,0.4,,-1.0461,0.0513,,,,
bob,0,28580923,281,0.0009,0.0925,0.54,,-1.0204,0.075,,,,
bob,0,28580923,282,0.0016,0.0867,0.5,,-1.043,0.065,,,,
bob,0,28580923,283,0.0016,0.0867,0.5,,-1.0393,0.0664,,,,
bob,0,28580923,284,0.0041,0.0915,0.52,,-1.0254,0.07,,,,
bob,0,28580923,285,0.0007,0.1105,0.58,,-1.0274,0.0816,,,,
bob,0,28580923,286,0.0013,0.0796,0.48,,-1.0372,0.0614,,,,
bob,0,28580923,287,-0.0003,0.1241,0.6799999999999999,,-1.0402,0.0922,,,,
bob,0,28580923,288,0.002,0.0688,0.4,,-1.037,0.049,,,,
bob,0,28580923,289,0.0021,0.0795,0.38,,-1.0308,0.0492,,,,
bob,0,28580923,290,0.0096,0.0893,0.54,,-1.0351,0.0777,,,,
bob,0,28580923,291,0.0021,0.0989,0.58,,-1.0395,0.0783,,,,
bob,0,28580923,292,0.0033,0.0888,0.44,,-1.0344,0.0584,,,,
bob,0,28580923,293,0.0061,0.069,0.42,,-1.0405,0.0522,,,,
bob,0,28580923,294,0.0021,0.0909,0.45999999999999996,,-1.0504,0.0596,,,,
bob,0,28580923,295,0.0104,0.0699,0.45999999999999996,,-1.0442,0.0579,,,,
bob,0,28580923,296,0.0082,0.0588,0.33999999999999997,,-1.0385,0.0409,,,,
bob,0,28580923,297,0.0087,0.063,0.33999999999999997,,-1.0369,0.0427,,,,
bob,0,28580923,298,0.0049,0.0709,0.4,,-1.0412,0.0511,,,,
bob,0,28580923,299,0.0062,0.0629,0.4,,-1.033,0.0509,,,,
bob,0,28580923,300,0.001,0.103,0.54,,-1.0087,0.0744,,,,
bob,0,28580923,301,0.0009,0.08,0.45999999999999996,,-1.0207,0.0587,,,,
bob,0,28580923,302,0.0014,0.0725,0.44,,-1.0441,0.0553,,,,
bob,0,28580923,303,0.0024,0.0904,0.48,,-1.0334,0.0637,,,,
bob,0,28580923,304,0.0016,0.0768,0.44,,-1.0326,0.0575,,,,
bob,0,28580923,305,0.0013,0.0853,0.48,,-1.0503,0.0611,,,,
bob,0,28580923,306,0.0016,0.0878,0.44,,-1.0302,0.0565,,,,
bob,0,28580923,307,0.0023,0.0739,0.42,,-1.0332,0.0544,,,,
bob,0,28580923,308,0.0048,0.0716,0.42,,-1.0379,0.0546,,,,
bob,0,28580923,309,0.0037,0.0778,0.42,,-1.0369,0.0535,,,,
bob,0,28580923,310,0.004,0.0996,0.5599999999999999,,-1.0245,0.0717,,,,
bob,0,28580923,311,0.0047,0.1049,0.54,,-1.0397,0.0724,,,,
bob,0,28580923,312,0.004,0.0652,0.32,,-1.0299,0.0391,,,,
bob,0,28580923,313,0.0028,0.0886,0.54,,-1.0324,0.0714,,,,
bob,0,28580923,314,0.0066,0.0985,0.52,,-1.0352,0.0699,,,,
bob,0,28580923,315,0.0033,0.0958,0.5599999999999999,,-1.035,0.0723,,,,
bob,0,28580923,316,0.0031,0.1106,0.54,,-1.0328,0.0761,,,,
bob,0,28580923,317,0.0039,0.1089,0.6799999999999999,,-1.0326,0.0978,,,,
bob,0,28580923,318,0.0028,0.088,0.45999999999999996,,-1.0434,0.0594,,,,
bob,0,28580923,319,0.0032,0.1021,0.54,,-1.0317,0.0739,,,,
bob,0,28580923,320,0.0033,0.0787,0.42,,-1.0273,0.0527,,,,
bob,0,28580923,321,0.0018,0.1104,0.62,,-1.036,0.0832,,,,
bob,0,28580923,322,0.0056,0.091,0.45999999999999996,,-1.0429,0.0613,,,,
bob,0,28580923,323,0.0013,0.077,0.42,,-1.0443,0.0543,,,,
bob,0,28580923,324,0.001,0.072,0.4,,-1.043,0.0491,,,,
bob,0,28580923,325,0.0043,0.0816,0.48,,-1.0362,0.0617,,,,
bob,0,28580923,326,0.0024,0.1017,0.52,,-1.0371,0.0724,,,,
bob,0,28580923,327,0.004,0.0672,0.36,,-1.035,0.0469,,,,
bob,0,28580923,328,0.0019,0.1095,0.6,,-1.0368,0.0806,,,,
bob,0,28580923,329,0.0019,0.0895,0.45999999999999996,,-1.0422,0.062,,,,
bob,0,28580923,330,0.0024,0.1051,0.54,,-1.0437,0.0725,,,,
bob,0,28580923,331,0.0032,0.0741,0.42,,-1.0392,0.0554,,,,
bob,0,28580923,332,0.003,0.1092,0.64,,-1.027,0.0872,,,,
bob,0,28580923,333,0.0018,0.093,0.45999999999999996,,-1.0337,0.0626,,,,
bob,0,28580923,334,0.002,0.0936,0.48,,-1.0469,0.0635,,,,
bob,0,28580923,335,0.0027,0.1077,0.58,,-1.0284,0.0777,,,,
bob,0,28580923,336,0.0009,0.0947,0.54,,-1.02,0.072,,,,
bob,0,28580923,337,0.0026,0.1034,0.54,,-1.044,0.072,,,,
bob,0,28580923,338,0.0024,0.0964,0.5599999999999999,,-1.0373,0.0732,,,,
bob,0,28580923,339,0.0033,0.0889,0.44,,-1.0204,0.0613,,,,
bob,0,28580923,340,0.0019,0.1061,0.58,,-1.0224,0.0804,,,,
bob,0,28580923,341,0.0025,0.0628,0.33999999999999997,,-1.041,0.0412,,,,
bob,0,28580923,342,0.0016,0.0944,0.58,,-1.0386,0.0763,,,,
bob,0,28580923,343,0.0031,0.083,0.45999999999999996,,-1.0161,0.0609,,,,
bob,0,28580923,344,0.0016,0.0633,0.33999999999999997,,-1.0354,0.0389,,,,
bob,0,28580923,345,0.0014,0.0559,0.32,,-1.0424,0.0373,,,,
bob,0,28580923,346,0.0014,0.0815,0.44,,-1.0389,0.0552,,,,
bob,0,28580923,347,0.0028,0.1218,0.7000000000000001,,-1.032,0.0944,,,,
bob,0,28580923,348,0.0023,0.0908,0.45999999999999996,,-1.028,0.0643,,,,
bob,0,28580923,349,0.0033,0.0861,0.45999999999999996,,-1.0404,0.058,,,,
bob,0,28580923,350,0.0022,0.084,0.45999999999999996,,-1.0363,0.0596,,,,
bob,0,28580923,351,0.0029,0.0818,0.45999999999999996,,-1.0297,0.06,,,,
bob,0,28580923,352,0.0009,0.0827,0.42,,-1.0336,0.0537,,,,
bob,0,28580923,353,0.0031,0.0838,0.5,,-1.0462,0.0655,,,,
bob,0,28580923,354,0.0023,0.0665,0.38,,-1.0416,0.0484,,,,
bob,0,28580923,355,0.003,0.0731,0.48,,-1.0413,0.0615,,,,
bob,0,28580923,356,0.0026,0.0888,0.52,,-1.0489,0.0673,,,,
bob,0,28580923,357,0.0011,0.1,0.58,,-1.0414,0.078,,,,
bob,0,28580923,358,0.0032,0.071,0.4,,-1.0417,0.0465,,,,
bob,0,28580923,359,0.0006,0.0865,0.52,,-1.0321,0.0692,,,,
bob,0,28580923,360,0.0036,0.0968,0.5599999999999999,,-1.0353,0.076,,,,
bob,0,28580923,361,0.0005,0.0727,0.38,,-1.0458,0.0468,,,,
bob,0,28580923,362,0.0004,0.0864,0.45999999999999996,,-1.0439,0.06,,,,
bob,0,28580923,363,0.0013,0.0849,0.45999999999999996,,-1.0331,0.0585,,,,
bob,0,28580923,364,0.0013,0.0906,0.52,,-1.0432,0.0655,,,,
bob,0,28580923,365,0.0011,0.0778,0.48,,-1.0405,0.0597,,,,
bob,0,28580923,366,0.0007,0.0797,0.42,,-1.0398,0.0554,,,,
bob,0,28580923,367,0.0026,0.1038,0.6,,-1.033,0.0811,,,,
bob,0,28580923,368,0.0025,0.0849,0.45999999999999996,,-1.0402,0.0601,,,,
bob,0,28580923,369,0.0022,0.097,0.48,,-1.0411,0.0635,,,,
bob,0,28580923,370,0.0028,0.0922,0.45999999999999996,,-1.0356,0.061,,,,
bob,0,28580923,371,0.002,0.0872,0.45999999999999996,,-1.0342,0.0596,,,,
bob,0,28580923,372,0.0005,0.1105,0.6,,-1.034,0.0809,,,,
bob,0,28580923,373,0.0019,0.0781,0.42,,-1.0354,0.0546,,,,
bob,0,28580923,374,0.0023,0.0974,0.5,,-1.0385,0.0667,,,,
bob,0,28580923,375,0.0035,0.0684,0.42,,-1.0439,0.0522,,,,
bob,0,28580923,376,0.0011,0.0708,0.48,,-1.0347,0.0596,,,,
bob,0,28580923,377,0.0015,0.1089,0.66,,-1.0294,0.0857,,,,
bob,0,28580923,378,0.0017,0.124,0.6,,-1.0183,0.084,,,,
bob,0,28580923,379,0.0037,0.0806,0.44,,-1.0182,0.0545,,,,
bob,0,28580923,380,0.0028,0.0797,0.52,,-1.0429,0.0655,,,,
bob,0,28580923,381,0.001,0.078,0.42,,-1.0358,0.0516,,,,
bob,0,28580923,382,0.0026,0.0816,0.48,,-1.038,0.0626,,,,
bob,0,28580923,383,0.0018,0.0598,0.33999999999999997,,-1.0276,0.043,,,,
bob,0,28580923,384,0.0037,0.0676,0.38,,-1.0293,0.0472,,,,
bob,0,28580923,385,0.0017,0.0712,0.42,,-1.0355,0.0545,,,,
bob,0,28580923,386,0.0026,0.0698,0.42,,-1.035,0.0527,,,,
bob,0,28580923,387,0.0024,0.0921,0.54,,-1.0391,0.0696,,,,
bob,0,28580923,388,0.0002,0.0834,0.42,,-1.0355,0.0541,,,,
bob,0,28580923,389,0.0051,0.0724,0.48,,-1.0384,0.062,,,,
bob,0,28580923,390,0.0018,0.0783,0.48,,-1.0472,0.0596,,,,
bob,0,28580923,391,0.004,0.0851,0.42,,-1.0302,0.0541,,,,
bob,0,28580923,392,0.0031,0.0626,0.36,,-1.0232,0.0433,,,,
bob,0,28580923,393,0.0018,0.0602,0.33999999999999997,,-1.017,0.0389,,,,
bob,0,28580923,394,0.0025,0.0866,0.52,,-1.0256,0.0674,,,,
bob,0,28580923,395,0.0033,0.0639,0.36,,-1.0455,0.0432,,,,
bob,0,28580923,396,0.0042,0.065,0.38,,-1.0534,0.0428,,,,
bob,0,28580923,397,0.0023,0.0792,0.52,,-1.0313,0.0669,,,,
bob,0,28580923,398,0.0042,0.0858,0.45999999999999996,,-1.0369,0.0595,,,,
bob,0,28580923,399,0.0031,0.0623,0.4,,-1.0335,0.052,,,,
bob,0,28580923,400,0.001,0.067,0.45999999999999996,,-1.0282,0.0608,,,,
bob,0,28580923,401,0.0018,0.0917,0.5,,-1.0564,0.0653,,,,
bob,0,28580923,402,0.0046,0.0602,0.36,,-1.0499,0.041,,,,
bob,0,28580923,403,0.001,0.0709,0.4,,-1.0342,0.0477,,,,
bob,0,28580923,404,0.003,0.0827,0.42,,-1.045,0.0548,,,,
bob,0,28580923,405,0.0025,0.0724,0.5,,-1.0398,0.0623,,,,
bob,0,28580923,406,0.0019,0.0619,0.38,,-1.047,0.0448,,,,
bob,0,28580923,407,0.0027,0.0794,0.42,,-1.0354,0.0544,,,,
bob,0,28580923,408,0.0009,0.059,0.36,,-1.0311,0.0412,,,,
bob,0,28580923,409,0.0006,0.0932,0.5,,-1.0216,0.064,,,,
bob,0,28580923,410,0.0034,0.094,0.5599999999999999,,-1.027,0.076,,,,
bob,0,28580923,411,0.0008,0.0881,0.5,,-1.0459,0.0631,,,,
bob,0,28580923,412,0.0016,0.1111,0.58,,-1.0608,0.0731,,,,
bob,0,28580923,413,0.0018,0.0586,0.32,,-1.0354,0.0377,,,,
bob,0,28580923,414,0.0035,0.0857,0.48,,-1.041,0.0627,,,,
bob,0,28580923,415,0.0021,0.0843,0.5,,-1.0349,0.0653,,,,
bob,0,28580923,416,0.0009,0.0646,0.33999999999999997,,-1.0469,0.0409,,,,
bob,0,28580923,417,0.0005,0.0751,0.44,,-1.0291,0.0561,,,,
bob,0,28580923,418,0.0043,0.0926,0.54,,-1.0375,0.0691,,,,
bob,0,28580923,419,0.0024,0.0933,0.52,,-1.0344,0.0676,,,,
bob,0,28580923,420,0.0026,0.0727,0.36,,-1.0399,0.0429,,,,
bob,0,28580923,421,0.0013,0.0799,0.5,,-1.0522,0.063,,,,
bob,0,28580923,422,0.0039,0.0897,0.5,,-1.0355,0.0653,,,,
bob,0,28580923,423,0.0017,0.0796,0.44,,-1.035,0.0556,,,,
bob,0,28580923,424,0.0028,0.1042,0.5599999999999999,,-1.0336,0.075,,,,
bob,0,28580923,425,0.0018,0.0839,0.5,,-1.0264,0.0654,,,,
bob,0,28580923,426,0.0027,0.0751,0.38,,-1.0357,0.0464,,,,
bob,0,28580923,427,0.004,0.0802,0.48,,-1.0407,0.06,,,,
bob,0,28580923,428,0.0031,0.0744,0.4,,-1.0383,0.0484,,,,
bob,0,28580923,429,0.003,0.0505,0.38,,-1.0363,0.0447,,,,
bob,0,28580923,430,0.0023,0.0594,0.36,,-1.0454,0.0431,,,,
bob,0,28580923,431,0.0018,0.0574,0.33999999999999997,,-1.037,0.0364,,,,
bob,0,28580923,432,0.003,0.0984,0.5599999999999999,,-1.0311,0.0749,,,,
bob,0,28580923,433,0.0061,0.0819,0.44,,-1.033,0.0562,,,,
bob,0,28580923,434,0.0026,0.0831,0.45999999999999996,,-1.0366,0.0585,,,,
bob,0,28580923,435,0.0023,0.0675,0.44,,-1.0461,0.0519,,,,
bob,0,28580923,436,0.0016,0.0682,0.42,,-1.0381,0.0524,,,,
bob,0,28580923,437,0.0013,0.0698,0.4,,-1.0306,0.0483,,,,
bob,0,28580923,438,0.002,0.0801,0.44,,-1.0348,0.0553,,,,
bob,0,28580923,439,0.0027,0.0806,0.44,,-1.0335,0.0543,,,,
bob,0,28580923,440,0.0045,0.0806,0.44,,-1.0264,0.0574,,,,
bob,0,28580923,441,0.0029,0.1029,0.52,,-1.0292,0.0691,,,,
bob,0,28580923,442,0.003,0.0899,0.54,,-1.036,0.0716,,,,
bob,0,28580923,443,0.0025,0.0843,0.48,,-1.038,0.0601,,,,
bob,0,28580923,444,0.0085,0.0839,0.54,,-1.0213,0.0691,,,,
bob,0,28580923,445,0.0056,0.0885,0.48,,-1.0308,0.0603,,,,
bob,0,28580923,446,0.0039,0.0509,0.3,,-1.0249,0.0337,,,,
bob,0,28580923,447,0.0024,0.0702,0.42,,-1.0337,0.0499,,,,
bob,0,28580923,448,0.0031,0.0671,0.38,,-1.0207,0.0461,,,,
bob,0,28580923,449,0.0027,0.0878,0.52,,-1.0384,0.0669,,,,
bob,0,28580923,450,0.0033,0.0931,0.5,,-1.0352,0.0648,,,,
bob,0,28580923,451,0.0057,0.0978,0.5599999999999999,,-1.0305,0.0772,,,,
bob,0,28580923,452,0.004,0.0821,0.5599999999999999,,-1.0325,0.0713,,,,
bob,0,28580923,453,0.0035,0.0829,0.45999999999999996,,-1.0301,0.0562,,,,
bob,0,28580923,454,0.0013,0.0852,0.44,,-1.0331,0.0544,,,,
bob,0,28580923,455,0.0015,0.1,0.6,,-1.0308,0.0777,,,,
bob,0,28580923,456,0.0033,0.0731,0.44,,-1.029,0.0522,,,,
bob,0,28580923,457,0.0023,0.0716,0.36,,-1.0225,0.0425,,,,
bob,0,28580923,458,0.0031,0.0991,0.6,,-1.0314,0.0806,,,,
bob,0,28580923,459,0.0038,0.0576,0.36,,-1.0285,0.0424,,,,
bob,0,28580923,460,0.0031,0.0726,0.44,,-1.0313,0.0521,,,,
bob,0,28580923,461,0.0042,0.0703,0.42,,-1.0349,0.0501,,,,
bob,0,28580923,462,0.002,0.0976,0.52,,-1.0294,0.0674,,,,
bob,0,28580923,463,0.003,0.0635,0.38,,-1.0328,0.0443,,,,
bob,0,28580923,464,0.0042,0.0828,0.48,,-1.021,0.0584,,,,
bob,0,28580923,465,0.0033,0.0827,0.5,,-1.0167,0.062,,,,
bob,0,28580923,466,0.0049,0.0885,0.45999999999999996,,-1.024,0.0543,,,,
bob,0,28580923,467,0.0026,0.096,0.58,,-1.0267,0.0725,,,,
bob,0,28580923,468,0.0027,0.1101,0.6,,-1.018,0.0791,,,,
bob,0,28580923,469,0.0033,0.0912,0.5,,-1.0234,0.0596,,,,
bob,0,28580923,470,0.0037,0.0714,0.38,,-1.0219,0.0445,,,,
bob,0,28580923,471,0.0037,0.0801,0.45999999999999996,,-1.0239,0.0557,,,,
bob,0,28580923,472,0.0062,0.1028,0.5599999999999999,,-1.0284,0.0667,,,,
bob,0,28580923,473,0.0068,0.1044,0.5599999999999999,,-1.027,0.0709,,,,
bob,0,28580923,474,0.006,0.0605,0.38,,-1.0295,0.045,,,,
bob,0,28580923,475,0.0066,0.1079,0.6,,-1.027,0.0798,,,,
bob,0,28580923,476,0.0061,0.0759,0.4,,-1.0238,0.0484,,,,
bob,0,28580923,477,0.0056,0.0707,0.44,,-1.0265,0.0516,,,,
bob,0,28580923,478,0.0059,0.0893,0.54,,-1.0393,0.0673,,,,
bob,0,28580923,479,0.0064,0.0833,0.52,,-1.029,0.0613,,,,
bob,0,28580923,480,0.0044,0.0938,0.6,,-1.027,0.0744,,,,
bob,0,28580923,481,0.0032,0.092,0.5599999999999999,,-1.0227,0.0683,,,,
bob,0,28580923,482,0.0037,0.101,0.54,,-1.0262,0.0686,,,,
bob,0,28580923,483,0.0069,0.0874,0.52,,-1.0213,0.0651,,,,
bob,0,28580923,484,0.0082,0.0919,0.58,,-1.0317,0.0766,,,,
bob,0,28580923,485,0.0044,0.1329,0.6799999999999999,,-1.0194,0.0894,,,,
bob,0,28580923,486,0.0083,0.1193,0.66,,-1.0153,0.0873,,,,
bob,0,28580923,487,0.0073,0.0988,0.52,,-1.0218,0.0611,,,,
bob,0,28580923,488,0.005,0.0769,0.44,,-1.0279,0.0516,,,,
bob,0,28580923,489,0.0066,0.0819,0.45999999999999996,,-1.0274,0.0537,,,,
bob,0,28580923,490,0.0077,0.101,0.62,,-1.0246,0.0787,,,,
bob,0,28580923,491,0.0091,0.0816,0.48,,-1.0278,0.0561,,,,
bob,0,28580923,492,0.008,0.1008,0.54,,-1.0265,0.0685,,,,
bob,0,28580923,493,0.0068,0.0883,0.5,,-1.0131,0.0603,,,,
bob,0,28580923,494,0.0071,0.1184,0.7000000000000001,,-1.0196,0.0888,,,,
bob,0,28580923,495,0.0047,0.1105,0.62,,-1.0348,0.0763,,,,
bob,0,28580923,496,0.004,0.1181,0.62,,-1.0214,0.0808,,,,
bob,0,28580923,497,0.0051,0.0934,0.6,,-1.0304,0.075,,,,
bob,0,28580923,498,0.0067,0.1038,0.58,,-1.0209,0.0699,,,,
bob,0,28580923,499,0.0054,0.0947,0.52,,-1.0213,0.0633,,,,
bob,0,28580923,500,0.0048,0.1274,0.72,,-1.0217,0.0916,,,,
bob,0,28580923,501,0.0027,0.1067,0.54,,-1.0154,0.0676,,,,
bob,0,28580923,502,0.0058,0.1004,0.54,,-1.0348,0.0694,,,,
bob,0,28580923,503,0.0076,0.0987,0.66,,-1.0104,0.0817,,,,
bob,0,28580923,504,0.008,0.1152,0.62,,-1.0167,0.079,,,,
bob,0,28580923,505,0.0078,0.1199,0.7000000000000001,,-1.0107,0.0887,,,,
bob,0,28580923,506,0.0094,0.0907,0.5,,-1.0078,0.0618,,,,
bob,0,28580923,507,0.0059,0.0998,0.6,,-1.0181,0.0768,,,,
bob,0,28580923,508,0.0077,0.0913,0.62,,-1.0224,0.0801,,,,
bob,0,28580923,509,0.0046,0.0979,0.58,,-1.0215,0.0713,,,,
bob,0,28580923,510,0.0067,0.1177,0.62,,-1.0228,0.076,,,,
bob,0,28580923,511,0.0064,0.0923,0.52,,-1.0104,0.0621,,,,
bob,0,28580923,512,0.0063,0.1074,0.6799999999999999,,-1.0185,0.0875,,,,
bob,0,28580923,513,0.0044,0.1222,0.64,,-1.0224,0.0821,,,,
bob,0,28580923,514,0.007,0.0984,0.6,,-1.0094,0.0765,,,,
bob,0,28580923,515,0.0073,0.0842,0.45999999999999996,,-1.0114,0.0538,,,,
bob,0,28580923,516,0.007,0.1296,0.8,,-1.0101,0.1022,,,,
bob,0,28580923,517,0.0061,0.1073,0.7000000000000001,,-1.012,0.0892,,,,
bob,0,28580923,518,0.0052,0.0932,0.52,,-1.0125,0.0648,,,,
bob,0,28580923,519,0.0027,0.1013,0.58,,-1.0199,0.0746,,,,
bob,0,28580923,520,0.0028,0.1129,0.62,,-1.0229,0.0781,,,,
bob,0,28580923,521,0.0032,0.1232,0.7799999999999999,,-1.028,0.0996,,,,
bob,0,28580923,522,0.0047,0.1318,0.6799999999999999,,-1.0127,0.0849,,,,
bob,0,28580923,523,0.0093,0.1124,0.62,,-1.0133,0.0774,,,,
bob,0,28580923,524,0.0051,0.1483,0.86,,-1.0206,0.1138,,,,
bob,0,28580923,525,0.0022,0.1286,0.6799999999999999,,-1.0227,0.088,,,,
bob,0,28580923,526,0.0015,0.1202,0.66,,-1.0134,0.0835,,,,
bob,0,28580923,527,0.0078,0.1308,0.76,,-1.0246,0.0971,,,,
bob,0,28580923,528,0.0045,0.1408,0.8,,-1.0251,0.1024,,,,
bob,0,28580923,529,0.0031,0.1287,0.6799999999999999,,-1.0245,0.0835,,,,
bob,0,28580923,530,0.0099,0.1156,0.66,,-1.0289,0.08,,,,
bob,0,28580923,531,0.0059,0.1271,0.7799999999999999,,-1.0092,0.0977,,,,
bob,0,28580923,532,0.0082,0.1311,0.8,,-1.0165,0.1025,,,,
bob,0,28580923,533,0.0035,0.0946,0.5,,-1.0157,0.0618,,,,
bob,0,28580923,534,0.0074,0.123,0.7000000000000001,,-1.0096,0.0887,,,,
bob,0,28580923,535,0.0088,0.1401,0.7799999999999999,,-1.0293,0.1021,,,,
bob,0,28580923,536,0.0062,0.1113,0.64,,-1.0288,0.0806,,,,
bob,0,28580923,537,0.0066,0.1214,0.7000000000000001,,-1.0328,0.0883,,,,
bob,0,28580923,538,0.0056,0.1264,0.7799999999999999,,-1.0236,0.1013,,,,
bob,0,28580923,539,0.0092,0.1226,0.76,,-1.0251,0.0966,,,,
bob,0,28580923,540,0.0074,0.1376,0.74,,-1.021,0.0951,,,,
bob,0,28580923,541,0.0052,0.1235,0.66,,-1.0135,0.0857,,,,
bob,0,28580923,542,0.009,0.1312,0.74,,-1.0203,0.0952,,,,
bob,0,28580923,543,0.0097,0.1255,0.72,,-1.0218,0.0909,,,,
bob,0,28580923,544,0.0068,0.1413,0.74,,-1.0185,0.0936,,,,
bob,0,28580923,545,0.0115,0.1462,0.8,,-1.0252,0.1049,,,,
bob,0,28580923,546,0.0037,0.1362,0.76,,-1.023,0.0971,,,,
bob,0,28580923,547,0.011,0.1184,0.66,,-1.0093,0.0854,,,,
bob,0,28580923,548,0.0098,0.1222,0.62,,-1.0104,0.0779,,,,
bob,0,28580923,549,0.0097,0.113,0.6799999999999999,,-1.0114,0.0878,,,,
bob,0,28580923,550,0.007,0.1046,0.6,,-1.0205,0.0751,,,,
bob,0,28580923,551,0.0051,0.1519,0.86,,-1.0094,0.1096,,,,
bob,0,28580923,552,0.0045,0.154,0.8999999999999999,,-1.012,0.1157,,,,
bob,0,28580923,553,0.0099,0.1278,0.8,,-1.0108,0.1023,,,,
bob,0,28580923,554,0.0121,0.1356,0.76,,-1.0044,0.0949,,,,
bob,0,28580923,555,0.0062,0.1578,0.9400000000000001,,-1.0226,0.1196,,,,
bob,0,28580923,556,0.0028,0.1298,0.72,,-1.0179,0.0895,,,,
bob,0,28580923,557,0.0031,0.0928,0.6,,-1.0185,0.0725,,,,
bob,0,28580923,558,0.0045,0.1506,0.8,,-1.03,0.1038,,,,
bob,0,28580923,559,0.0075,0.1254,0.66,,-1.0108,0.0832,,,,
bob,0,28580923,560,0.0078,0.1274,0.6799999999999999,,-1.0253,0.084,,,,
bob,0,28580923,561,0.0043,0.1533,0.8999999999999999,,-1.0161,0.1152,,,,
bob,0,28580923,562,0.0074,0.124,0.6799999999999999,,-1.001,0.0852,,,,
bob,0,28580923,563,0.0155,0.1257,0.74,,-1.0259,0.0923,,,,
bob,0,28580923,564,0.0047,0.1648,1.0,,-1.0214,0.1287,,,,
bob,0,28580923,565,0.0069,0.1391,0.8,,-1.0231,0.1079,,,,
bob,0,28580923,566,0.0095,0.1335,0.76,,-1.0187,0.0981,,,,
bob,0,28580923,567,0.0037,0.1304,0.7799999999999999,,-1.0383,0.0998,,,,
bob,0,28580923,568,0.0088,0.1182,0.74,,-1.024,0.0928,,,,
bob,0,28580923,569,0.0084,0.098,0.5,,-1.0193,0.0614,,,,
bob,0,28580923,570,0.0033,0.1236,0.6799999999999999,,-1.0021,0.0856,,,,
bob,0,28580923,571,0.0061,0.1651,0.9199999999999999,,-1.0074,0.12,,,,
bob,0,28580923,572,0.0088,0.1409,0.8,,-1.0212,0.1061,,,,
bob,0,28580923,573,0.0087,0.1313,0.76,,-1.0162,0.0975,,,,
bob,0,28580923,574,0.0038,0.1279,0.8200000000000001,,-1.0201,0.1067,,,,
bob,0,28580923,575,0.0021,0.1238,0.7000000000000001,,-1.0117,0.0875,,,,
bob,0,28580923,576,0.007,0.1216,0.6799999999999999,,-1.0271,0.0838,,,,
bob,0,28580923,577,0.0015,0.0804,0.44,,-1.014,0.0477,,,,
bob,0,28580923,578,0.0084,0.1311,0.8200000000000001,,-1.0118,0.1082,,,,
bob,0,28580923,579,0.0018,0.139,0.88,,-1.0187,0.1088,,,,
bob,0,28580923,580,0.0089,0.2003,1.24,,-1.0131,0.1657,,,,
bob,0,28580923,581,0.01,0.1191,0.76,,-1.0186,0.0987,,,,
bob,0,28580923,582,0.0128,0.1534,0.98,,-1.0001,0.1278,,,,
bob,0,28580923,583,0.0049,0.1347,0.7799999999999999,,-0.998,0.1004,,,,
bob,0,28580923,584,0.0153,0.1628,1.04,,-1.0114,0.1361,,,,
bob,0,28580923,585,0.0076,0.1083,0.54,,-1.011,0.0655,,,,
bob,0,28580923,586,0.0035,0.1279,0.62,,-1.0094,0.0762,,,,
bob,0,28580923,587,0.0022,0.1604,0.8999999999999999,,-1.0199,0.1181,,,,
bob,0,28580923,588,0.0129,0.126,0.7799999999999999,,-1.0198,0.0977,,,,
bob,0,28580923,589,0.0116,0.1364,0.7799999999999999,,-1.0227,0.1006,,,,
bob,0,28580923,590,0.0051,0.12,0.72,,-1.0164,0.0888,,,,
bob,0,28580923,591,0.0103,0.1398,0.76,,-1.0132,0.0971,,,,
bob,0,28580923,592,0.008,0.153,0.7799999999999999,,-1.0081,0.1025,,,,
bob,0,28580923,593,0.0139,0.1184,0.76,,-1.0227,0.0925,,,,
bob,0,28580923,594,0.0048,0.1311,0.7799999999999999,,-1.0183,0.0957,,,,
bob,0,28580923,595,0.0063,0.1409,0.8999999999999999,,-1.0244,0.1115,,,,
bob,0,28580923,596,0.0066,0.1689,0.98,,-1.0222,0.1238,,,,
bob,0,28580923,597,0.0152,0.1614,0.96,,-1.014,0.1224,,,,
bob,0,28580923,598,0.0055,0.1335,0.84,,-1.0153,0.1023,,,,
bob,0,28580923,599,0.0059,0.1547,0.9199999999999999,,-1.0171,0.1192,,,,
bob,0,28580923,600,0.0127,0.1076,0.64,,-1.0115,0.075,,,,
bob,0,28580923,601,0.0088,0.1454,0.9199999999999999,,-1.0163,0.1159,,,,
bob,0,28580923,602,0.0099,0.1374,0.8,,-1.0146,0.1004,,,,
bob,0,28580923,603,0.0078,0.1119,0.8,,-1.0242,0.1002,,,,
bob,0,28580923,604,0.0057,0.1333,0.88,,-1.0128,0.1092,,,,
bob,0,28580923,605,0.0071,0.1559,0.8200000000000001,,-1.0176,0.1032,,,,
bob,0,28580923,606,0.0092,0.1434,0.84,,-1.0193,0.1071,,,,
bob,0,28580923,607,0.0095,0.1348,0.72,,-1.0278,0.0883,,,,
bob,0,28580923,608,0.0086,0.131,0.7799999999999999,,-1.0119,0.1,,,,
bob,0,28580923,609,0.0048,0.1094,0.66,,-1.0049,0.0819,,,,
bob,0,28580923,610,0.0087,0.1524,0.86,,-1.0146,0.1105,,,,
bob,0,28580923,611,0.0053,0.1875,1.0,,-1.0123,0.1262,,,,
bob,0,28580923,612,0.0038,0.1362,0.88,,-1.0127,0.1111,,,,
bob,0,28580923,613,0.0124,0.1454,0.8200000000000001,,-1.0119,0.1042,,,,
bob,0,28580923,614,0.0033,0.1464,0.86,,-1.0166,0.1092,,,,
bob,0,28580923,615,0.0082,0.142,0.8200000000000001,,-1.0157,0.0996,,,,
bob,0,28580923,616,0.0133,0.1423,0.8200000000000001,,-1.0152,0.1021,,,,
bob,0,28580923,617,0.0061,0.1395,0.74,,-1.0243,0.096,,,,
bob,0,28580923,618,0.0116,0.1304,0.84,,-1.0085,0.108,,,,
bob,0,28580923,619,0.01,0.1224,0.66,,-1.0113,0.084,,,,
bob,0,28580923,620,0.0103,0.1256,0.7000000000000001,,-0.999,0.0868,,,,
bob,0,28580923,621,0.0113,0.126,0.76,,-1.0195,0.097,,,,
bob,0,28580923,622,0.0075,0.1107,0.66,,-1.0222,0.0805,,,,
bob,0,28580923,623,0.0037,0.1466,0.86,,-1.0199,0.1115,,,,
bob,0,28580923,624,0.0107,0.123,0.66,,-1.005,0.0827,,,,
bob,0,28580923,625,0.0078,0.1301,0.84,,-1.0073,0.1026,,,,
bob,0,28580923,626,0.019,0.1407,0.9400000000000001,,-1.0243,0.1189,,,,
bob,0,28580923,627,0.0115,0.1604,0.9199999999999999,,-1.0155,0.117,,,,
bob,0,28580923,628,0.0104,0.1419,0.86,,-1.0289,0.1105,,,,
bob,0,28580923,629,0.0053,0.1102,0.7000000000000001,,-1.0283,0.0874,,,,
bob,0,28580923,630,0.0068,0.1576,0.84,,-1.0229,0.1055,,,,
bob,0,28580923,631,0.0043,0.1486,0.86,,-1.0229,0.109,,,,
bob,0,28580923,632,0.0042,0.1796,1.04,,-1.0151,0.1321,,,,
bob,0,28580923,633,0.0041,0.1704,0.84,,-1.0224,0.1034,,,,
bob,0,28580923,634,0.0105,0.1405,0.84,,-1.0129,0.1028,,,,
bob,0,28580923,635,0.0056,0.1383,0.86,,-1.0117,0.1071,,,,
bob,0,28580923,636,0.0059,0.1379,0.84,,-1.0022,0.1069,,,,
bob,0,28580923,637,0.0065,0.1443,0.7799999999999999,,-1.0129,0.0998,,,,
bob,0,28580923,638,0.0064,0.1288,0.7799999999999999,,-1.0225,0.0985,,,,
bob,0,28580923,639,0.0055,0.1574,0.84,,-1.023,0.1057,,,,
bob,0,28580923,640,0.0125,0.1914,0.96,,-0.9679,0.1274,,,,
bob,0,28580923,641,0.007,0.1649,0.8999999999999999,,-0.9953,0.1161,,,,
bob,0,28580923,642,0.008,0.1445,0.7799999999999999,,-1.0196,0.1008,,,,
bob,0,28580923,643,0.004,0.1266,0.76,,-1.0185,0.093,,,,
bob,0,28580923,644,0.0047,0.1632,0.98,,-1.0205,0.1276,,,,
bob,0,28580923,645,0.0043,0.1652,0.8999999999999999,,-1.0206,0.1169,,,,
bob,0,28580923,646,0.0042,0.154,0.96,,-1.009,0.1236,,,,
bob,0,28580923,647,0.0057,0.1324,0.8200000000000001,,-1.0212,0.1,,,,
bob,0,28580923,648,0.0056,0.1265,0.8,,-1.0184,0.0979,,,,
bob,0,28580923,649,0.0112,0.1641,1.1199999999999999,,-1.0187,0.1439,,,,
bob,0,28580923,650,0.012,0.149,0.8200000000000001,,-1.0101,0.1056,,,,
bob,0,28580923,651,0.0032,0.1517,0.8999999999999999,,-1.0117,0.1153,,,,
bob,0,28580923,652,0.0041,0.1477,0.84,,-1.026,0.1053,,,,
bob,0,28580923,653,0.0031,0.1661,0.8999999999999999,,-1.0146,0.1148,,,,
bob,0,28580923,654,0.0042,0.1389,0.8,,-1.0166,0.1015,,,,
bob,0,28580923,655,0.0031,0.1331,0.8,,-1.0131,0.0974,,,,
bob,0,28580923,656,0.0056,0.1788,1.02,,-1.0202,0.1304,,,,
bob,0,28580923,657,0.0053,0.1627,1.02,,-1.0164,0.1283,,,,
bob,0,28580923,658,0.0038,0.1594,1.02,,-1.0182,0.1276,,,,
bob,0,28580923,659,0.0017,0.1536,0.84,,-1.0184,0.1038,,,,
bob,0,28580923,660,0.0052,0.1947,1.06,,-1.0014,0.1328,,,,
bob,0,28580923,661,0.0061,0.2233,1.3,,-1.0088,0.1691,,,,
bob,0,28580923,662,0.0154,0.2074,1.24,,-1.011,0.162,,,,
bob,0,28580923,663,0.0127,0.1645,0.8999999999999999,,-1.0083,0.1149,,,,
bob,0,28580923,664,0.0037,0.1664,1.1199999999999999,,-1.0163,0.1429,,,,
bob,0,28580923,665,0.0034,0.1825,1.16,,-1.0161,0.1493,,,,
bob,0,28580923,666,0.0152,0.1636,1.06,,-1.0153,0.1327,,,,
bob,0,28580923,667,0.0089,0.1705,0.98,,-0.9969,0.1236,,,,
bob,0,28580923,668,0.0243,0.1872,1.04,,-1.0092,0.1337,,,,
bob,0,28580923,669,0.0061,0.1594,0.9400000000000001,,-1.014,0.1214,,,,
bob,0,28580923,670,0.0052,0.2267,1.06,,-1.0169,0.1328,,,,
bob,0,28580923,671,0.0108,0.2033,1.18,,-1.0132,0.1528,,,,
bob,0,28580923,672,0.004,0.1644,0.9400000000000001,,-1.0183,0.1179,,,,
bob,0,28580923,673,0.0187,0.1632,0.9199999999999999,,-1.0144,0.1182,,,,
bob,0,28580923,674,0.0019,0.1275,0.74,,-1.007,0.0956,,,,
bob,0,28580923,675,0.004,0.1656,0.86,,-1.0225,0.1051,,,,
bob,0,28580923,676,0.0107,0.1828,1.1199999999999999,,-1.0149,0.1463,,,,
bob,0,28580923,677,0.009,0.1529,0.96,,-1.0131,0.1229,,,,
bob,0,28580923,678,0.0028,0.1912,1.1400000000000001,,-1.0264,0.1445,,,,
bob,0,28580923,679,0.0051,0.1912,1.0999999999999999,,-1.0213,0.1426,,,,
bob,0,28580923,680,0.0052,0.1621,1.0,,-1.0138,0.1278,,,,
bob,0,28580923,681,0.0042,0.1509,0.9400000000000001,,-1.0136,0.1172,,,,
bob,0,28580923,682,0.0065,0.1971,1.24,,-1.0106,0.1595,,,,
bob,0,28580923,683,0.0057,0.1928,1.08,,-1.0068,0.1399,,,,
bob,0,28580923,684,0.0034,0.2101,1.24,,-1.0122,0.1587,,,,
bob,0,28580923,685,0.0017,0.187,1.0999999999999999,,-1.0116,0.1415,,,,
bob,0,28580923,686,0.0046,0.1819,1.1400000000000001,,-1.0208,0.1445,,,,
bob,0,28580923,687,0.0031,0.196,1.1400000000000001,,-1.0155,0.1488,,,,
bob,0,28580923,688,0.0123,0.1673,0.9199999999999999,,-1.0134,0.1201,,,,
bob,0,28580923,689,0.005,0.1234,0.74,,-1.0246,0.0928,,,,
bob,0,28580923,690,0.0031,0.145,0.88,,-1.0233,0.1113,,,,
bob,0,28580923,691,0.0034,0.1716,1.02,,-1.0242,0.1335,,,,
bob,0,28580923,692,0.0062,0.1749,1.0999999999999999,,-1.0053,0.1442,,,,
bob,0,28580923,693,0.0063,0.2048,1.2,,-1.0101,0.1567,,,,
bob,0,28580923,694,0.0141,0.1608,1.04,,-0.9987,0.1315,,,,
bob,0,28580923,695,0.0063,0.1476,0.88,,-1.0029,0.1105,,,,
bob,0,28580923,696,0.0072,0.1813,1.06,,-1.0204,0.1362,,,,
bob,0,28580923,697,0.0054,0.1418,0.8,,-1.0112,0.0985,,,,
bob,0,28580923,698,0.005,0.1437,0.9199999999999999,,-1.0101,0.119,,,,
bob,0,28580923,699,0.01,0.1688,1.0,,-1.0141,0.1297,,,,
bob,0,28580923,700,0.0061,0.1613,0.8999999999999999,,-1.0183,0.12,,,,
bob,0,28580923,701,0.0038,0.1745,1.02,,-1.0157,0.1332,,,,
bob,0,28580923,702,0.0053,0.1677,0.96,,-1.0197,0.1241,,,,
bob,0,28580923,703,0.0043,0.1986,1.08,,-1.0171,0.1381,,,,
bob,0,28580923,704,0.0121,0.1573,1.02,,-0.9814,0.1262,,,,
bob,0,28580923,705,0.0063,0.1948,1.22,,-1.032,0.1556,,,,
bob,0,28580923,706,0.0071,0.1546,0.86,,-1.0208,0.1088,,,,
bob,0,28580923,707,0.0075,0.203,1.1199999999999999,,-1.0162,0.1466,,,,
bob,0,28580923,708,0.005,0.1622,0.86,,-1.0133,0.1051,,,,
bob,0,28580923,709,0.0037,0.1774,1.1400000000000001,,-1.0133,0.1421,,,,
bob,0,28580923,710,0.0058,0.1981,1.2,,-1.0139,0.1573,,,,
bob,0,28580923,711,0.0027,0.1805,1.1400000000000001,,-1.0104,0.1463,,,,
bob,0,28580923,712,0.0074,0.2097,1.28,,-1.0069,0.1627,,,,
bob,0,28580923,713,0.0083,0.2082,1.3,,-1.0047,0.1664,,,,
bob,0,28580923,714,0.0044,0.1832,1.02,,-1.0185,0.1299,,,,
bob,0,28580923,715,0.0028,0.2042,1.1400000000000001,,-1.0197,0.1442,,,,
bob,0,28580923,716,0.0104,0.1773,1.1199999999999999,,-1.0255,0.14,,,,
bob,0,28580923,717,0.0029,0.1922,1.1400000000000001,,-1.0084,0.1456,,,,
bob,0,28580923,718,0.0102,0.1836,1.08,,-1.0306,0.1338,,,,
bob,0,28580923,719,0.0028,0.2261,1.26,,-1.0192,0.1624,,,,
bob,0,28580923,720,0.0091,0.1661,0.96,,-1.0201,0.1201,,,,
bob,0,28580923,721,0.0025,0.1944,1.1400000000000001,,-1.0175,0.1413,,,,
bob,0,28580923,722,0.0035,0.2028,1.3,,-1.0175,0.1688,,,,
bob,0,28580923,723,0.0063,0.1604,0.8999999999999999,,-1.0146,0.1122,,,,
bob,0,28580923,724,0.0103,0.1824,1.1400000000000001,,-1.0095,0.1458,,,,
bob,0,28580923,725,0.015,0.1768,1.18,,-0.9855,0.1534,,,,
bob,0,28580923,726,0.0138,0.1916,1.06,,-0.9907,0.1341,,,,
bob,0,28580923,727,0.0116,0.2136,1.18,,-0.9975,0.1533,,,,
bob,0,28580923,728,0.0107,0.161,1.0,,-1.0115,0.1295,,,,
bob,0,28580923,729,0.004,0.1953,1.16,,-1.0214,0.1525,,,,
bob,0,28580923,730,0.0042,0.1645,0.9400000000000001,,-1.0061,0.1173,,,,
bob,0,28580923,731,0.0045,0.1666,0.86,,-1.016,0.1061,,,,
bob,0,28580923,732,0.0019,0.1705,1.04,,-1.0158,0.1305,,,,
bob,0,28580923,733,0.0021,0.1863,1.16,,-1.0156,0.1468,,,,
bob,0,28580923,734,0.0032,0.2371,1.3599999999999999,,-1.0132,0.1776,,,,
bob,0,28580923,735,0.0028,0.2422,1.3599999999999999,,-1.0182,0.1734,,,,
bob,0,28580923,736,0.0063,0.2222,1.4200000000000002,,-1.0112,0.1906,,,,
bob,0,28580923,737,0.0045,0.1627,0.9400000000000001,,-1.0166,0.1217,,,,
bob,0,28580923,738,0.0039,0.1934,1.08,,-1.0123,0.1397,,,,
bob,0,28580923,739,0.0055,0.1777,1.06,,-1.021,0.1375,,,,
bob,0,28580923,740,0.0049,0.1699,0.9199999999999999,,-1.0119,0.1186,,,,
bob,0,28580923,741,0.0013,0.1954,1.1199999999999999,,-1.0154,0.1463,,,,
bob,0,28580923,742,0.0054,0.1606,1.02,,-1.0209,0.1299,,,,
bob,0,28580923,743,0.0033,0.1744,1.0,,-1.0064,0.132,,,,
bob,0,28580923,744,0.0097,0.1559,0.8999999999999999,,-1.0032,0.1128,,,,
bob,0,28580923,745,0.0052,0.1669,0.96,,-1.0171,0.1199,,,,
bob,0,28580923,746,0.0062,0.1479,0.96,,-1.007,0.1234,,,,
bob,0,28580923,747,0.0056,0.1424,0.84,,-1.0145,0.1054,,,,
bob,0,28580923,748,0.0078,0.1687,0.8999999999999999,,-1.0129,0.1149,,,,
bob,0,28580923,749,0.0027,0.1315,0.7799999999999999,,-1.0181,0.0981,,,,
bob,0,28580923,750,0.0012,0.1561,0.96,,-1.0119,0.122,,,,
bob,0,28580923,751,0.0028,0.1924,1.16,,-1.0122,0.153,,,,
bob,0,28580923,752,0.0015,0.1968,1.06,,-1.0156,0.134,,,,
bob,0,28580923,753,0.0018,0.2285,1.48,,-1.024,0.1881,,,,
bob,0,28580923,754,0.0057,0.1904,1.26,,-1.009,0.1636,,,,
bob,0,28580923,755,0.0036,0.2039,1.26,,-1.0121,0.1611,,,,
bob,0,28580923,756,0.0127,0.1895,1.06,,-1.0106,0.1361,,,,
bob,0,28580923,757,0.0038,0.1896,1.22,,-1.0063,0.1568,,,,
bob,0,28580923,758,0.0112,0.1948,1.1400000000000001,,-1.0041,0.1468,,,,
bob,0,28580923,759,0.0042,0.171,1.04,,-1.0169,0.1353,,,,
bob,0,28580923,760,0.0073,0.1494,0.8999999999999999,,-1.0122,0.1176,,,,
bob,0,28580923,761,0.005,0.163,1.04,,-1.004,0.1311,,,,
bob,0,28580923,762,0.0074,0.17,1.08,,-1.0143,0.1359,,,,
bob,0,28580923,763,0.0044,0.1941,1.24,,-1.0024,0.1586,,,,
bob,0,28580923,764,0.009,0.219,1.24,,-1.0127,0.1607,,,,
bob,0,28580923,765,0.0021,0.1547,0.88,,-1.0173,0.1144,,,,
bob,0,28580923,766,0.0049,0.1766,1.04,,-1.0221,0.1312,,,,
bob,0,28580923,767,0.0052,0.2177,1.16,,-1.0167,0.149,,,,
bob,0,28580923,768,0.0065,0.1928,0.9199999999999999,,-1.0196,0.117,,,,
bob,0,28580923,769,0.0043,0.2134,1.26,,-1.0198,0.1642,,,,
bob,0,28580923,770,0.0041,0.1935,1.16,,-1.0209,0.1572,,,,
bob,0,28580923,771,0.0032,0.1796,1.08,,-1.0153,0.1412,,,,
bob,0,28580923,772,0.0029,0.1718,1.04,,-1.0075,0.1348,,,,
bob,0,28580923,773,0.0069,0.1815,1.22,,-1.0039,0.1577,,,,
bob,0,28580923,774,0.0062,0.1634,0.9400000000000001,,-1.0092,0.1186,,,,
bob,0,28580923,775,0.0032,0.1595,0.8999999999999999,,-1.013,0.1117,,,,
bob,0,28580923,776,0.0065,0.1635,1.0,,-1.0117,0.1267,,,,
bob,0,28580923,777,0.0037,0.1882,1.08,,-1.0142,0.1404,,,,
bob,0,28580923,778,0.0064,0.1661,1.08,,-1.0209,0.1368,,,,
bob,0,28580923,779,0.0057,0.1577,0.88,,-1.0221,0.1113,,,,
bob,0,28580923,780,0.0078,0.2004,1.04,,-1.0082,0.133,,,,
bob,0,28580923,781,0.0064,0.197,1.16,,-0.9911,0.1513,,,,
bob,0,28580923,782,0.0143,0.1589,0.9400000000000001,,-1.0004,0.1168,,,,
bob,0,28580923,783,0.0076,0.1798,1.06,,-1.0218,0.1327,,,,
bob,0,28580923,784,0.0088,0.2023,1.08,,-1.015,0.137,,,,
bob,0,28580923,785,0.0037,0.1932,1.18,,-1.0235,0.1524,,,,
bob,0,28580923,786,0.0054,0.1851,1.1199999999999999,,-1.0126,0.1415,,,,
bob,0,28580923,787,0.0053,0.1766,1.18,,-1.0148,0.1486,,,,
bob,0,28580923,788,0.0034,0.151,0.88,,-1.0132,0.1147,,,,
bob,0,28580923,789,0.003,0.1828,0.96,,-1.0245,0.1255,,,,
bob,0,28580923,790,0.0059,0.1783,1.02,,-1.0154,0.1385,,,,
bob,0,28580923,791,0.0052,0.1963,1.18,,-1.0202,0.1588,,,,
bob,0,28580923,792,0.0054,0.2147,1.18,,-1.0153,0.1517,,,,
bob,0,28580923,793,0.009,0.1835,1.24,,-1.0035,0.1651,,,,
bob,0,28580923,794,0.0057,0.1703,1.04,,-1.0165,0.1347,,,,
bob,0,28580923,795,0.0068,0.149,0.9400000000000001,,-1.0158,0.1199,,,,
bob,0,28580923,796,0.0065,0.1634,0.96,,-1.0144,0.1236,,,,
bob,0,28580923,797,0.0031,0.1579,0.96,,-1.0024,0.1184,,,,
bob,0,28580923,798,0.0081,0.204,1.06,,-1.0109,0.1367,,,,
bob,0,28580923,799,0.005,0.2432,1.22,,-1.0197,0.1561,,,,
bob,0,28580923,800,0.008,0.233,1.2,,-1.0104,0.1537,,,,
bob,0,28580923,801,0.003,0.2098,1.3,,-1.0042,0.1673,,,,
bob,0,28580923,802,0.0087,0.1925,1.18,,-1.0156,0.1474,,,,
bob,0,28580923,803,0.0029,0.2145,1.44,,-1.0159,0.1844,,,,
bob,0,28580923,804,0.0074,0.2022,1.04,,-1.0178,0.1328,,,,
bob,0,28580923,805,0.0064,0.2141,1.2,,-1.014,0.153,,,,
bob,0,28580923,806,0.012,0.2298,1.44,,-1.0181,0.182,,,,
bob,0,28580923,807,0.004,0.1959,1.3,,-1.013,0.1682,,,,
bob,0,28580923,808,0.0074,0.1944,1.06,,-1.008,0.1356,,,,
bob,0,28580923,809,0.0042,0.1859,1.2,,-1.0158,0.1492,,,,
bob,0,28580923,810,0.0061,0.1902,1.26,,-1.0217,0.1593,,,,
bob,0,28580923,811,0.0038,0.198,1.22,,-1.016,0.1527,,,,
bob,0,28580923,812,0.0042,0.2085,1.44,,-1.008,0.1823,,,,
bob,0,28580923,813,0.0044,0.2313,1.3,,-1.0105,0.1633,,,,
bob,0,28580923,814,0.0059,0.2596,1.7399999999999998,,-1.0074,0.2264,,,,
bob,0,28580923,815,0.0042,0.2261,1.3599999999999999,,-1.0094,0.1772,,,,
bob,0,28580923,816,0.0057,0.2113,1.28,,-1.0132,0.1599,,,,
bob,0,28580923,817,0.0046,0.2775,1.82,,-1.0112,0.2294,,,,
bob,0,28580923,818,0.0057,0.2427,1.46,,-1.0056,0.1877,,,,
bob,0,28580923,819,0.0014,0.2643,1.5599999999999998,,-1.0162,0.1942,,,,
bob,0,28580923,820,0.0043,0.2477,1.6,,-1.0234,0.2029,,,,
bob,0,28580923,821,0.028,0.3877,2.1999999999999997,,-0.9802,0.2776,,,,
bob,0,28580923,822,0.0403,0.2838,1.54,,-0.9872,0.1959,,,,
bob,0,28580923,823,0.0171,0.1575,0.76,,-0.9709,0.0973,,,,
bob,0,28580923,824,0.0134,0.1721,1.02,,-1.0068,0.1288,,,,
bob,0,28580923,825,0.0232,0.2956,1.3599999999999999,,-0.9907,0.1776,,,,
bob,0,28580923,826,0.0074,0.1615,0.74,,-1.0202,0.0899,,,,
bob,0,28580923,827,0.0066,0.1582,1.02,,-1.0213,0.1257,,,,
bob,0,28580923,828,0.0025,0.1588,1.06,,-1.0107,0.1364,,,,
bob,0,28580923,829,0.0077,0.1864,1.06,,-1.0133,0.1375,,,,
bob,0,28580923,830,0.003,0.1779,1.1400000000000001,,-1.0147,0.1429,,,,
bob,0,28580923,831,0.0056,0.2113,1.1400000000000001,,-1.004,0.1447,,,,
bob,0,28580923,832,0.0104,0.1884,1.1199999999999999,,-1.0153,0.1453,,,,
bob,0,28580923,833,0.0032,0.1824,1.2,,-1.0054,0.1553,,,,
bob,0,28580923,834,0.0103,0.211,1.24,,-0.9988,0.1556,,,,
bob,0,28580923,835,0.007,0.1969,1.24,,-1.009,0.1589,,,,
bob,0,28580923,836,0.0094,0.2155,1.32,,-1.0162,0.1704,,,,
bob,0,28580923,837,0.0024,0.3062,1.7399999999999998,,-1.0129,0.2216,,,,
bob,0,28580923,838,0.005,0.2265,1.38,,-1.0146,0.1789,,,,
bob,0,28580923,839,0.003,0.2371,1.38,,-1.0104,0.1769,,,,
bob,0,28580923,840,0.0053,0.227,1.3599999999999999,,-1.0175,0.1734,,,,
bob,0,28580923,841,0.0037,0.1843,1.1199999999999999,,-1.0208,0.1399,,,,
bob,0,28580923,842,0.0041,0.2692,1.5599999999999998,,-1.0244,0.1985,,,,
bob,0,28580923,843,0.0046,0.2444,1.52,,-1.0207,0.1949,,,,
bob,0,28580923,844,0.005,0.2017,1.38,,-1.0114,0.1788,,,,
bob,0,28580923,845,0.0069,0.1971,1.1199999999999999,,-1.0074,0.1363,,,,
bob,0,28580923,846,0.0116,0.2183,1.22,,-0.9773,0.1544,,,,
bob,0,28580923,847,0.0153,0.1985,1.32,,-0.9888,0.1661,,,,
bob,0,28580923,848,0.0044,0.1885,1.2,,-1.0219,0.1523,,,,
bob,0,28580923,849,0.0077,0.1972,1.18,,-1.0123,0.1495,,,,
bob,0,28580923,850,0.002,0.1992,1.46,,-1.0122,0.188,,,,
bob,0,28580923,851,0.0084,0.233,1.34,,-1.0146,0.1713,,,,
bob,0,28580923,852,0.0037,0.157,0.98,,-1.0189,0.1262,,,,
bob,0,28580923,853,0.0045,0.2061,1.22,,-1.0095,0.1533,,,,
bob,0,28580923,854,0.0056,0.1867,1.08,,-1.005,0.1388,,,,
bob,0,28580923,855,0.0078,0.201,1.46,,-1.0117,0.1861,,,,
bob,0,28580923,856,0.0054,0.2208,1.22,,-1.0157,0.1546,,,,
bob,0,28580923,857,0.0096,0.1705,1.1199999999999999,,-1.0061,0.1386,,,,
bob,0,28580923,858,0.0026,0.2176,1.24,,-0.9962,0.1586,,,,
bob,0,28580923,859,0.0083,0.2023,1.26,,-1.0145,0.1639,,,,
bob,0,28580923,860,0.0035,0.1988,1.1199999999999999,,-1.002,0.1437,,,,
bob,0,28580923,861,0.0081,0.2018,1.18,,-1.009,0.152,,,,
bob,0,28580923,862,0.0017,0.2447,1.5599999999999998,,-1.0226,0.1911,,,,
bob,0,28580923,863,0.0042,0.2524,1.52,,-1.0237,0.1927,,,,
bob,0,28580923,864,0.0041,0.2422,1.4200000000000002,,-1.0214,0.1823,,,,
bob,0,28580923,865,0.0071,0.2144,1.3,,-1.0148,0.1673,,,,
bob,0,28580923,866,0.0047,0.2412,1.4200000000000002,,-1.0086,0.178,,,,
bob,0,28580923,867,0.0068,0.2421,1.5599999999999998,,-1.0146,0.196,,,,
bob,0,28580923,868,0.0053,0.2875,1.6,,-1.0069,0.1996,,,,
bob,0,28580923,869,0.0058,0.2832,1.76,,-1.0003,0.2236,,,,
bob,0,28580923,870,0.0037,0.2983,1.78,,-1.021,0.2303,,,,
bob,0,28580923,871,0.0052,0.3332,1.78,,-1.0154,0.2299,,,,
bob,0,28580923,872,0.0059,0.2484,1.54,,-1.0166,0.1989,,,,
bob,0,28580923,873,0.0088,0.1844,1.1199999999999999,,-1.0133,0.145,,,,
bob,0,28580923,874,0.0051,0.1784,1.06,,-1.0144,0.1346,,,,
bob,0,28580923,875,0.0107,0.1769,1.08,,-1.0054,0.138,,,,
bob,0,28604668,1360,-0.0041,0.6085,2.58,,-1.0243,0.3502,,,,
bob,0,28604668,1361,0.0064,0.4779,3.04,,-1.0435,0.3964,,,,
bob,0,28604668,1362,0.0092,0.461,3.0,,-1.036,0.3849,,,,
bob,0,28604668,1363,0.005,0.4001,2.34,,-1.051,0.3112,,,,
bob,0,28604668,1364,0.0064,0.4382,2.48,,-1.0578,0.3263,,,,
bob,0,28604668,1365,0.0064,0.3586,2.1399999999999997,,-1.077,0.2732,,,,
bob,0,28604668,1366,0.0063,0.3577,2.2399999999999998,,-1.0786,0.2811,,,,
bob,0,28604668,1367,0.0036,0.3443,2.5,,-1.0907,0.315,,,,
bob,0,28604668,1368,0.0041,0.3571,2.1399999999999997,,-1.0715,0.283,,,,
bob,0,28604668,1369,0.0039,0.3661,2.54,,-1.0765,0.3296,,,,
bob,0,28604668,1370,0.0072,0.2551,1.72,,-1.0321,0.2233,,,,
bob,0,28604668,1371,0.0046,0.2258,1.44,,-1.0467,0.1922,,,,
bob,0,28604668,1372,0.0062,0.2491,1.82,,-1.057,0.2407,,,,
bob,0,28604668,1373,0.0046,0.2477,1.8399999999999999,,-1.0406,0.2405,,,,
bob,0,28604668,1374,0.0153,0.2848,1.8399999999999999,,-1.0289,0.2322,,,,
bob,0,28604668,1375,0.011,0.2584,1.6,,-1.0514,0.2169,,,,
bob,0,28604668,1376,0.0137,0.2522,1.76,,-1.0598,0.2252,,,,
bob,0,28604668,1377,0.0076,0.2878,1.92,,-1.0565,0.2423,,,,
bob,0,28604668,1378,0.0101,0.2504,1.52,,-1.0643,0.2128,,,,
bob,0,28604668,1379,0.0141,0.2382,1.58,,-1.0765,0.2116,,,,
bob,0,28604668,1380,0.0026,0.2072,1.34,,-1.0591,0.185,,,,
bob,0,28604668,1381,0.0106,0.2276,1.4200000000000002,,-1.0733,0.1917,,,,
bob,0,28604668,1382,0.0066,0.2226,1.04,,-1.0713,0.1438,,,,
bob,0,28604668,1383,0.0072,0.1768,1.0,,-1.0483,0.1313,,,,
bob,0,28604668,1384,0.0139,0.191,1.0999999999999999,,-1.0531,0.1535,,,,
bob,0,28604668,1385,0.0088,0.2182,1.16,,-1.0458,0.1508,,,,
bob,0,28604668,1386,0.0057,0.2472,1.6,,-1.0636,0.2161,,,,
bob,0,28604668,1387,0.0093,0.3016,1.7000000000000002,,-1.0722,0.2458,,,,
bob,0,28604668,1388,0.0085,0.2213,1.18,,-1.0711,0.1654,,,,
bob,0,28604668,1389,0.0069,0.1735,1.08,,-1.067,0.1537,,,,
bob,0,28604668,1390,0.008,0.1865,0.9400000000000001,,-1.0685,0.129,,,,
bob,0,28604668,1391,0.0075,0.2357,1.18,,-1.0524,0.1603,,,,
bob,0,28604668,1392,0.0131,0.1932,1.1400000000000001,,-1.0545,0.1558,,,,
bob,0,28604668,1393,0.0131,0.1777,1.18,,-1.0318,0.1684,,,,
bob,0,28604668,1394,0.0144,0.1546,0.72,,-1.0403,0.0922,,,,
bob,0,28604668,1395,0.0202,0.1818,1.02,,-1.0483,0.132,,,,
bob,0,28604668,1396,0.0151,0.226,1.06,,-1.026,0.1447,,,,
bob,0,28604668,1397,0.0116,0.2493,1.28,,-1.0381,0.1761,,,,
bob,0,28604668,1398,0.0146,0.2301,1.26,,-1.0512,0.1809,,,,
bob,0,28604668,1399,0.0142,0.231,1.24,,-1.0431,0.1637,,,,
bob,0,28604668,1400,0.019,0.2357,1.26,,-1.0363,0.1827,,,,
bob,0,28604668,1401,0.02,0.2222,1.3,,-1.0237,0.179,,,,
bob,0,28604668,1402,0.0295,0.2328,1.46,,-1.0074,0.2029,,,,
bob,0,28604668,1403,0.0191,0.158,1.0,,-0.9878,0.1366,,,,
bob,0,28604668,1404,0.0359,0.1787,1.22,,-0.9914,0.1606,,,,
bob,0,28604668,1405,0.0153,0.2446,1.5599999999999998,,-1.0017,0.2017,,,,
bob,0,28604668,1406,0.0342,0.2669,1.7000000000000002,,-0.9995,0.2285,,,,
bob,0,28604668,1407,0.0267,0.2661,1.7399999999999998,,-0.991,0.2471,,,,
bob,0,28604668,1408,0.0352,0.2069,1.22,,-0.9747,0.1702,,,,
bob,0,28604668,1409,0.0192,0.2146,1.38,,-1.0233,0.1927,,,,
bob,0,28604668,1410,0.02,0.1964,1.2,,-1.0116,0.1639,,,,
bob,0,28604668,1411,0.017,0.3431,1.4000000000000001,,-1.0124,0.1925,,,,
bob,0,28604668,1412,0.0332,0.2896,1.5599999999999998,,-0.9738,0.2044,,,,
bob,0,28604668,1413,0.0201,0.2625,1.6,,-1.0073,0.2208,,,,
bob,0,28604668,1414,0.0277,0.2314,1.3599999999999999,,-1.0121,0.1834,,,,
bob,0,28604668,1415,0.0192,0.2709,1.68,,-1.0104,0.2407,,,,
bob,0,28604668,1416,0.0215,0.2202,1.28,,-1.0117,0.1683,,,,
bob,0,28604668,1417,0.0159,0.1981,1.26,,-1.0082,0.1762,,,,
bob,0,28604668,1418,0.0191,0.2123,1.3,,-1.0026,0.1722,,,,
bob,0,28604668,1419,0.018,0.1931,1.3,,-0.9895,0.1786,,,,
bob,0,28604668,1420,0.0248,0.2206,1.3599999999999999,,-0.9942,0.1913,,,,
bob,0,28604668,1421,0.0141,0.1971,1.3599999999999999,,-1.0164,0.1816,,,,
bob,0,28604668,1422,0.0219,0.2222,1.38,,-1.0185,0.187,,,,
bob,0,28604668,1423,0.0166,0.2321,1.4000000000000001,,-1.0227,0.1846,,,,
bob,0,28604668,1424,0.0195,0.2309,1.5,,-1.0163,0.2022,,,,
bob,0,28604668,1425,0.0182,0.2096,1.3,,-1.0166,0.1837,,,,
bob,0,28604668,1426,0.0159,0.2142,1.24,,-1.0149,0.1693,,,,
bob,0,28604668,1427,0.0174,0.2365,1.58,,-1.0062,0.2098,,,,
bob,0,28604668,1428,0.0186,0.2175,1.2,,-1.0079,0.1671,,,,
bob,0,28604668,1429,0.0196,0.2482,1.68,,-1.0129,0.2162,,,,
bob,0,28604668,1430,0.0185,0.2712,1.8399999999999999,,-1.018,0.2409,,,,
bob,0,28604668,1431,0.0187,0.2767,1.8599999999999999,,-1.0182,0.2548,,,,
bob,0,28604668,1432,0.0222,0.283,1.9,,-1.0138,0.2519,,,,
bob,0,28604668,1433,0.0164,0.2538,1.9800000000000002,,-1.014,0.2667,,,,
bob,0,28604668,1434,0.0228,0.2352,1.54,,-1.016,0.2123,,,,
bob,0,28604668,1435,0.0162,0.2096,1.4200000000000002,,-1.0206,0.1916,,,,
bob,0,28604668,1436,0.0204,0.2152,1.3599999999999999,,-1.0148,0.1863,,,,
bob,0,28604668,1437,0.0138,0.2419,1.6,,-1.0171,0.2081,,,,
bob,0,28604668,1438,0.0242,0.2371,1.5599999999999998,,-1.0118,0.2206,,,,
bob,0,28604668,1439,0.0188,0.2564,1.48,,-1.0183,0.1938,,,,
bob,0,28604668,1440,0.0183,0.2033,1.34,,-1.017,0.1827,,,,
bob,0,28604668,1441,0.0172,0.2802,1.76,,-1.0087,0.2403,,,,
bob,0,28604668,1442,0.022,0.2585,1.5599999999999998,,-1.0154,0.2102,,,,
bob,0,28604668,1443,0.0188,0.2633,1.54,,-1.0028,0.2051,,,,
bob,0,28604668,1444,0.0278,0.2846,1.72,,-1.0008,0.229,,,,
bob,0,28604668,1445,0.0163,0.2429,1.48,,-1.0333,0.2019,,,,
bob,0,28604668,1446,0.0203,0.2366,1.6199999999999999,,-1.021,0.2148,,,,
bob,0,28604668,1447,0.0226,0.2725,1.8399999999999999,,-0.9965,0.2306,,,,
bob,0,28604668,1448,0.0223,0.2269,1.4200000000000002,,-0.9986,0.2054,,,,
bob,0,28604668,1449,0.0172,0.2109,1.28,,-1.0143,0.1704,,,,
bob,0,28604668,1450,0.0241,0.2159,1.3599999999999999,,-1.0138,0.1869,,,,
bob,0,28604668,1451,0.022,0.2409,1.44,,-0.9969,0.1945,,,,
bob,0,28604668,1452,0.0261,0.2053,1.34,,-1.0136,0.189,,,,
bob,0,28604668,1453,0.0172,0.2318,1.38,,-0.9963,0.1896,,,,
bob,0,28604668,1454,0.0249,0.2714,1.5599999999999998,,-0.991,0.2076,,,,
bob,0,28604668,1455,0.0124,0.2175,1.5,,-1.011,0.2113,,,,
bob,0,28604668,1456,0.0083,0.2512,1.5,,-1.0176,0.2022,,,,
bob,0,28604668,1457,0.0087,0.2477,1.44,,-1.0284,0.1919,,,,
bob,0,28604668,1458,0.0084,0.2238,1.46,,-1.0244,0.197,,,,
bob,0,28604668,1459,0.0077,0.2134,1.4200000000000002,,-1.0204,0.1947,,,,
bob,0,28604668,1460,0.0069,0.2568,1.6,,-1.0164,0.2096,,,,
bob,0,28604668,1461,0.0213,0.2152,1.5599999999999998,,-1.0148,0.212,,,,
bob,0,28604668,1462,0.0296,0.2166,1.34,,-1.0208,0.1886,,,,
bob,0,28604668,1463,0.0059,0.2393,1.46,,-0.9968,0.1978,,,,
bob,0,28604668,1464,0.0252,0.1621,1.08,,-0.9991,0.1435,,,,
bob,0,28604668,1465,0.0081,0.2468,1.4200000000000002,,-0.9636,0.1952,,,,
bob,0,28604668,1466,0.0493,0.2188,1.5,,-0.9866,0.2026,,,,
bob,0,28604668,1467,0.0109,0.2455,1.6199999999999999,,-0.9935,0.2314,,,,
bob,0,28604668,1468,0.0084,0.2057,1.3,,-1.015,0.1692,,,,
bob,0,28604668,1469,0.029,0.2537,1.6,,-1.0129,0.2167,,,,
bob,0,28604668,1470,0.0213,0.253,1.68,,-1.0133,0.2191,,,,
bob,0,28604668,1471,0.0234,0.2669,1.5599999999999998,,-1.0114,0.2173,,,,
bob,0,28604668,1472,0.009,0.2856,1.82,,-1.0087,0.2365,,,,
bob,0,28604668,1473,0.0324,0.2561,2.04,,-1.0061,0.2763,,,,
bob,0,28604668,1474,0.0094,0.2893,2.06,,-1.0148,0.2662,,,,
bob,0,28604668,1475,0.0109,0.2872,2.16,,-1.0174,0.291,,,,
bob,0,28604668,1476,0.0062,0.2645,1.7000000000000002,,-1.0233,0.2365,,,,
bob,0,28604668,1477,0.0256,0.2131,1.4200000000000002,,-1.0071,0.196,,,,
bob,0,28604668,1478,0.0125,0.241,1.68,,-1.0109,0.2137,,,,
bob,0,28604668,1479,0.0246,0.2585,1.8800000000000001,,-1.0031,0.242,,,,
bob,0,28604668,1480,0.034,0.3292,2.08,,-1.0007,0.2706,,,,
bob,0,28604668,1481,0.0119,0.2686,1.78,,-1.016,0.2512,,,,
bob,0,28604668,1482,0.0075,0.2665,1.5599999999999998,,-1.0089,0.2156,,,,
bob,0,28604668,1483,0.0087,0.2077,1.32,,-1.0044,0.1771,,,,
bob,0,28604668,1484,0.0098,0.2096,1.32,,-1.0111,0.1783,,,,
bob,0,28604668,1485,0.0286,0.2063,1.5599999999999998,,-1.0243,0.2039,,,,
bob,0,28604668,1486,0.0099,0.2072,1.28,,-1.0075,0.1778,,,,
bob,0,28604668,1487,0.0108,0.1968,1.3,,-1.0129,0.1709,,,,
bob,0,28604668,1488,0.0236,0.201,1.24,,-1.0222,0.1707,,,,
bob,0,28604668,1489,0.0067,0.2513,1.48,,-1.022,0.1927,,,,
bob,0,28604668,1490,0.012,0.2592,1.78,,-1.0106,0.2383,,,,
bob,0,28604668,1491,0.0079,0.285,1.7000000000000002,,-1.0231,0.2293,,,,
bob,0,28604668,1492,0.0124,0.2301,1.3599999999999999,,-1.0083,0.1871,,,,
bob,0,28604668,1493,0.0217,0.2488,1.46,,-0.9969,0.1935,,,,
bob,0,28604668,1494,0.0368,0.2481,1.6199999999999999,,-0.9954,0.21,,,,
bob,0,28604668,1495,0.0222,0.2195,1.5,,-1.003,0.2071,,,,
bob,0,28604668,1496,0.0318,0.2054,1.28,,-1.0067,0.1743,,,,
bob,0,28604668,1497,0.008,0.2591,1.7000000000000002,,-1.0085,0.2346,,,,
bob,0,28604668,1498,0.0074,0.278,1.8399999999999999,,-0.998,0.2439,,,,
bob,0,28604668,1499,0.0099,0.2434,1.68,,-1.0087,0.2268,,,,
bob,0,28604668,1500,0.0251,0.2567,1.7999999999999998,,-1.0091,0.2359,,,,
bob,0,28604668,1501,0.008,0.3072,1.92,,-1.0099,0.2538,,,,
bob,0,28604668,1502,0.0202,0.2264,1.38,,-0.9882,0.1946,,,,
bob,0,28604668,1503,0.0286,0.1893,1.24,,-1.0071,0.1715,,,,
bob,0,28604668,1504,0.0185,0.2191,1.32,,-1.0091,0.1746,,,,
bob,0,28604668,1505,0.0245,0.31,1.7000000000000002,,-1.0177,0.2278,,,,
bob,0,28604668,1506,0.0081,0.2799,1.78,,-1.012,0.2444,,,,
bob,0,28604668,1507,0.0264,0.246,1.6400000000000001,,-1.0089,0.2137,,,,
bob,0,28604668,1508,0.0283,0.3179,2.1399999999999997,,-0.9989,0.2779,,,,
bob,0,28604668,1509,0.0206,0.2764,1.8599999999999999,,-1.0061,0.2467,,,,
bob,0,28604668,1510,0.0301,0.2668,1.6199999999999999,,-1.0011,0.229,,,,
bob,0,28604668,1511,0.0105,0.2427,1.46,,-0.9912,0.195,,,,
bob,0,28604668,1512,0.029,0.184,1.22,,-1.0066,0.1677,,,,
bob,0,28604668,1513,0.0037,0.2845,1.82,,-1.0133,0.2412,,,,
bob,0,28604668,1514,0.0063,0.2354,1.54,,-1.0127,0.2118,,,,
bob,0,28604668,1515,0.0045,0.2634,1.7000000000000002,,-1.0227,0.2253,,,,
bob,0,28604668,1516,0.0135,0.2911,1.7399999999999998,,-1.0083,0.2384,,,,
bob,0,28604668,1517,0.0116,0.2457,1.6,,-1.0132,0.2149,,,,
bob,0,28604668,1518,0.0387,0.2402,1.54,,-1.0111,0.2111,,,,
bob,0,28604668,1519,0.0268,0.2139,1.46,,-1.0151,0.1983,,,,
bob,0,28604668,1520,0.0057,0.2118,1.18,,-1.0151,0.1538,,,,
bob,0,28604668,1521,0.0246,0.2231,1.3599999999999999,,-1.0121,0.1853,,,,
bob,0,28604668,1522,0.026,0.2322,1.7000000000000002,,-1.0081,0.2272,,,,
bob,0,28604668,1523,0.0052,0.3522,2.16,,-1.016,0.2797,,,,
bob,0,28604668,1524,0.0084,0.289,2.04,,-1.021,0.2722,,,,
bob,0,28604668,1525,0.0061,0.2615,1.58,,-1.0186,0.2114,,,,
bob,0,28604668,1526,0.0104,0.2574,1.6,,-1.0187,0.2138,,,,
bob,0,28604668,1527,0.0181,0.2327,1.4000000000000001,,-1.0084,0.1923,,,,
bob,0,28604668,1528,0.0055,0.3325,1.92,,-1.0055,0.2455,,,,
bob,0,28604668,1529,0.0185,0.2686,1.8800000000000001,,-1.0064,0.2403,,,,
bob,0,28604668,1530,0.0125,0.2923,1.8599999999999999,,-1.0153,0.2477,,,,
bob,0,28604668,1531,0.0235,0.2669,1.76,,-1.0046,0.2381,,,,
bob,0,28604668,1532,0.0134,0.2635,1.9,,-1.0131,0.2505,,,,
bob,0,28604668,1533,0.0049,0.2535,1.5599999999999998,,-1.0096,0.2198,,,,
bob,0,28604668,1534,0.023,0.224,1.38,,-1.0101,0.1891,,,,
bob,0,28604668,1535,0.0239,0.207,1.24,,-1.0186,0.1691,,,,
bob,0,28604668,1536,0.0049,0.2204,1.34,,-1.0065,0.1795,,,,
bob,0,28604668,1537,0.0211,0.2261,1.52,,-1.0165,0.2061,,,,
bob,0,28604668,1538,0.0283,0.2544,2.0,,-1.0186,0.2532,,,,
bob,0,28604668,1539,0.0062,0.3614,2.2399999999999998,,-1.0154,0.2889,,,,
bob,0,28604668,1540,0.0082,0.3721,2.32,,-1.01,0.3214,,,,
bob,0,28604668,1541,0.0352,0.2506,1.78,,-1.0159,0.2389,,,,
bob,0,28604668,1542,0.0119,0.2268,1.3599999999999999,,-1.0174,0.1885,,,,
bob,0,28604668,1543,0.0103,0.2463,1.7399999999999998,,-1.0142,0.2279,,,,
bob,0,28604668,1544,0.0122,0.2606,1.66,,-1.0165,0.2209,,,,
bob,0,28604668,1545,0.0054,0.2592,1.6199999999999999,,-1.0147,0.2183,,,,
bob,0,28604668,1546,0.0091,0.3352,2.3,,-1.0124,0.2845,,,,
bob,0,28604668,1547,0.0037,0.3527,2.46,,-1.0188,0.3128,,,,
bob,0,28604668,1548,0.0105,0.3815,2.78,,-1.0123,0.3563,,,,
bob,0,28604668,1549,0.0067,0.3223,2.3,,-1.0302,0.3155,,,,
bob,0,28604668,1550,0.0051,0.2868,1.96,,-1.0203,0.2638,,,,
bob,0,28604668,1551,0.0071,0.3306,1.92,,-1.0132,0.2511,,,,
bob,0,28604668,1552,0.0263,0.2332,1.68,,-1.003,0.2325,,,,
bob,0,28604668,1553,0.0108,0.2296,1.9,,-1.0245,0.2658,,,,
bob,0,28604668,1554,0.0067,0.2323,1.4200000000000002,,-1.029,0.1925,,,,
bob,0,28604668,1555,0.0051,0.2583,1.66,,-1.0231,0.2241,,,,
bob,0,28604668,1556,0.0033,0.2742,1.72,,-1.0049,0.2298,,,,
bob,0,28604668,1557,0.0314,0.2427,1.72,,-1.01,0.2296,,,,
bob,0,28604668,1558,0.0296,0.2158,1.28,,-1.001,0.1712,,,,
bob,0,28604668,1559,0.0299,0.2209,1.5599999999999998,,-1.0038,0.2056,,,,
bob,0,28604668,1560,0.0151,0.2786,1.76,,-1.0011,0.2446,,,,
bob,0,28604668,1561,0.0257,0.2627,1.54,,-1.0245,0.2078,,,,
bob,0,28604668,1562,0.0291,0.2711,1.7399999999999998,,-1.0243,0.2347,,,,
bob,0,28604668,1563,0.019,0.2535,1.68,,-1.0106,0.2222,,,,
bob,0,28604668,1564,0.0045,0.2818,1.7999999999999998,,-1.0151,0.2405,,,,
bob,0,28604668,1565,0.0281,0.2607,1.66,,-0.9952,0.2253,,,,
bob,0,28604668,1566,0.0036,0.219,1.5,,-1.0124,0.2022,,,,
bob,0,28604668,1567,0.0331,0.2242,1.58,,-1.0172,0.2148,,,,
bob,0,28604668,1568,0.0097,0.2045,1.18,,-1.0051,0.1638,,,,
bob,0,28604668,1569,0.0183,0.2247,1.68,,-1.019,0.2155,,,,
bob,0,28604668,1570,0.0115,0.3254,2.16,,-1.0045,0.2756,,,,
bob,0,28604668,1571,0.0125,0.3099,2.22,,-1.0105,0.2895,,,,
bob,0,28604668,1572,0.0056,0.3291,2.12,,-1.0304,0.2714,,,,
bob,0,28604668,1573,0.0392,0.274,1.8399999999999999,,-1.0077,0.2776,,,,
bob,0,28604668,1574,0.0149,0.2923,1.9,,-1.0106,0.2478,,,,
bob,0,28604668,1575,0.0137,0.2419,1.82,,-1.0156,0.2449,,,,
bob,0,28604668,1576,0.0288,0.2401,1.6199999999999999,,-1.0097,0.223,,,,
bob,0,28604668,1577,0.0107,0.2798,1.8800000000000001,,-1.0199,0.2442,,,,
bob,0,28604668,1578,0.0294,0.2599,1.66,,-1.0138,0.2345,,,,
bob,0,28604668,1579,0.0371,0.2314,1.7999999999999998,,-1.0077,0.236,,,,
bob,0,28604668,1580,0.0152,0.243,1.5599999999999998,,-0.9988,0.2092,,,,
bob,0,28604668,1581,0.0175,0.2629,1.82,,-1.0068,0.2391,,,,
bob,0,28604668,1582,0.0069,0.2355,1.66,,-1.0169,0.2215,,,,
bob,0,28604668,1583,0.0065,0.2412,1.72,,-1.0184,0.2258,,,,
bob,0,28604668,1584,0.0127,0.2392,1.78,,-1.0255,0.2544,,,,
bob,0,28604668,1585,0.0331,0.2439,1.7999999999999998,,-1.0079,0.2505,,,,
bob,0,28604668,1586,0.0292,0.2217,1.5599999999999998,,-0.9992,0.1988,,,,
bob,0,28604668,1587,0.0192,0.2341,1.76,,-1.0081,0.2253,,,,
bob,0,28604668,1588,0.0144,0.2662,1.8800000000000001,,-0.9904,0.2569,,,,
bob,0,28604668,1589,0.0369,0.2248,1.54,,-1.0163,0.2154,,,,
bob,0,28604668,1590,0.0168,0.3169,2.2800000000000002,,-1.017,0.2941,,,,
bob,0,28604668,1591,0.0154,0.3338,2.16,,-1.0162,0.2875,,,,
bob,0,28604668,1592,0.0111,0.2491,1.7399999999999998,,-1.0201,0.2401,,,,
bob,0,28604668,1593,0.0077,0.2368,1.66,,-1.0123,0.2211,,,,
bob,0,28604668,1594,0.0238,0.2552,1.6199999999999999,,-1.0261,0.2125,,,,
bob,0,28604668,1595,0.0327,0.3058,2.1,,-1.0316,0.2812,,,,
bob,0,28604668,1596,0.0103,0.2821,1.94,,-1.0244,0.25,,,,
bob,0,28604668,1597,0.0133,0.2677,2.0,,-1.0186,0.2505,,,,
bob,0,28604668,1598,0.0152,0.2993,2.42,,-1.0247,0.3057,,,,
bob,0,28604668,1599,0.0091,0.2624,1.78,,-1.0005,0.2561,,,,
bob,0,28604668,1600,0.0145,0.2751,1.7999999999999998,,-0.9992,0.2406,,,,
bob,0,28604668,1601,0.0068,0.2972,1.96,,-1.0189,0.2571,,,,
bob,0,28604668,1602,0.0097,0.2784,1.78,,-1.004,0.2416,,,,
bob,0,28604668,1603,0.0088,0.3257,2.1399999999999997,,-1.0143,0.2773,,,,
bob,0,28604668,1604,0.0056,0.2429,1.82,,-1.0058,0.2469,,,,
bob,0,28604668,1605,0.0366,0.2124,1.4200000000000002,,-1.0007,0.189,,,,
bob,0,28604668,1606,0.0075,0.2165,1.6199999999999999,,-1.0154,0.2166,,,,
bob,0,28604668,1607,0.0088,0.221,1.52,,-1.0239,0.2041,,,,
bob,0,28604668,1608,0.0125,0.2438,1.58,,-1.0145,0.2113,,,,
bob,0,28604668,1609,0.0075,0.2553,1.7000000000000002,,-1.0216,0.2309,,,,
bob,0,28604668,1610,0.0055,0.2631,1.6400000000000001,,-1.0257,0.2189,,,,
bob,0,28604668,1611,0.0062,0.2641,1.92,,-1.004,0.2474,,,,
bob,0,28604668,1612,0.0127,0.3054,2.48,,-1.013,0.3159,,,,
bob,0,28604668,1613,0.0047,0.3062,2.06,,-1.0134,0.268,,,,
bob,0,28604668,1614,0.0074,0.3112,2.4,,-1.022,0.3139,,,,
bob,0,28604668,1615,0.0292,0.2831,2.18,,-1.0038,0.3011,,,,
bob,0,28604668,1616,0.0296,0.2973,2.1,,-1.0096,0.2671,,,,
bob,0,28604668,1617,0.0074,0.2728,1.8599999999999999,,-1.0127,0.2543,,,,
bob,0,28604668,1618,0.0051,0.2359,1.5,,-0.9987,0.2051,,,,
bob,0,28604668,1619,0.0218,0.2287,1.3599999999999999,,-0.9958,0.1789,,,,
bob,0,28604668,1620,0.0057,0.2536,1.8399999999999999,,-1.0009,0.2424,,,,
bob,0,28604668,1621,0.0337,0.2236,1.5599999999999998,,-1.0146,0.2097,,,,
bob,0,28604668,1622,0.0145,0.2389,1.8800000000000001,,-1.0356,0.2505,,,,
bob,0,28604668,1623,0.0146,0.2533,1.82,,-1.0246,0.2352,,,,
bob,0,28604668,1624,0.01,0.2467,1.66,,-1.0111,0.2284,,,,
bob,0,28604668,1625,0.0093,0.2603,1.68,,-1.0101,0.2215,,,,
bob,0,28604668,1626,0.0052,0.3012,2.08,,-1.0204,0.2781,,,,
bob,0,28604668,1627,0.0054,0.2892,2.08,,-1.0015,0.2761,,,,
bob,0,28604668,1628,0.007,0.2638,1.96,,-1.0092,0.2622,,,,
bob,0,28604668,1629,0.0036,0.2507,1.9,,-1.0117,0.2505,,,,
bob,0,28604668,1630,0.0123,0.2578,1.7999999999999998,,-1.0174,0.2327,,,,
bob,0,28604668,1631,0.0334,0.23,1.8399999999999999,,-1.0188,0.2458,,,,
bob,0,28604668,1632,0.0066,0.2243,1.7999999999999998,,-1.0068,0.2263,,,,
bob,0,28604668,1633,0.0122,0.2835,2.22,,-1.0144,0.292,,,,
bob,0,28604668,1634,0.0049,0.2501,1.94,,-1.012,0.2614,,,,
bob,0,28604668,1635,0.0182,0.2382,1.68,,-1.0123,0.2309,,,,
bob,0,28604668,1636,0.0052,0.3029,2.04,,-1.0058,0.262,,,,
bob,0,28604668,1637,0.0372,0.281,2.34,,-1.0255,0.2967,,,,
bob,0,28604668,1638,0.0064,0.2401,1.6400000000000001,,-1.0115,0.2357,,,,
bob,0,28604668,1639,0.0076,0.219,1.6199999999999999,,-1.0047,0.2107,,,,
bob,0,28604668,1640,0.0112,0.2192,1.82,,-1.0085,0.2407,,,,
bob,0,28604668,1641,0.0089,0.2339,1.6400000000000001,,-1.0155,0.2193,,,,
bob,0,28604668,1642,0.0049,0.2576,1.9,,-1.0194,0.2573,,,,
bob,0,28604668,1643,0.0167,0.2392,1.7399999999999998,,-1.0146,0.2319,,,,
bob,0,28604668,1644,0.0072,0.2535,1.4200000000000002,,-1.0034,0.1921,,,,
bob,0,28604668,1645,0.0392,0.247,1.6400000000000001,,-1.0051,0.2218,,,,
bob,0,28604668,1646,0.0468,0.2543,1.58,,-1.0133,0.21,,,,
bob,0,28604668,1647,0.0081,0.3025,1.78,,-1.0217,0.2364,,,,
bob,0,28604668,1648,0.0056,0.3601,2.36,,-1.0203,0.3147,,,,
bob,0,28604668,1649,0.0323,0.2293,1.82,,-1.0158,0.2459,,,,
bob,0,28604668,1650,0.0083,0.2698,2.1999999999999997,,-1.0182,0.2863,,,,
bob,0,28604668,1651,0.0065,0.2587,1.9,,-1.0101,0.252,,,,
bob,0,28604668,1652,0.0182,0.28,1.9800000000000002,,-1.008,0.264,,,,
bob,0,28604668,1653,0.0144,0.2809,1.8599999999999999,,-1.0214,0.2432,,,,
bob,0,28604668,1654,0.0095,0.3401,2.4,,-1.0195,0.3126,,,,
bob,0,28604668,1655,0.0037,0.266,1.94,,-1.0061,0.2627,,,,
bob,0,28604668,1656,0.0055,0.2964,2.12,,-1.0105,0.2754,,,,
bob,0,28604668,1657,0.0057,0.2866,2.08,,-1.0114,0.2769,,,,
bob,0,28604668,1658,0.0113,0.2401,1.7000000000000002,,-1.0105,0.2202,,,,
bob,0,28604668,1659,0.0055,0.258,1.7000000000000002,,-1.0115,0.2328,,,,
bob,0,28604668,1660,0.0136,0.2244,1.5599999999999998,,-1.0096,0.2122,,,,
bob,0,28604668,1661,0.0135,0.2145,1.28,,-1.0157,0.177,,,,
bob,0,28604668,1662,0.0075,0.2505,1.6,,-1.0262,0.2134,,,,
bob,0,28604668,1663,0.0038,0.2494,1.94,,-1.0182,0.247,,,,
bob,0,28604668,1664,0.0072,0.2434,1.7399999999999998,,-1.0168,0.2314,,,,
bob,0,28604668,1665,0.005,0.3077,2.16,,-1.0126,0.2752,,,,
bob,0,28604668,1666,0.0083,0.2721,1.8599999999999999,,-1.0094,0.2484,,,,
bob,0,28604668,1667,0.0054,0.2717,1.92,,-1.0127,0.2599,,,,
bob,0,28604668,1668,0.0136,0.2832,1.92,,-1.012,0.2505,,,,
bob,0,28604668,1669,0.0064,0.3,2.3,,-1.013,0.3032,,,,
bob,0,28604668,1670,0.0112,0.2796,2.32,,-1.0081,0.2945,,,,
bob,0,28604668,1671,0.0055,0.2833,2.32,,-1.0179,0.3002,,,,
bob,0,28604668,1672,0.0046,0.3057,2.58,,-1.0192,0.3326,,,,
bob,0,28604668,1673,0.0196,0.2896,2.06,,-1.0034,0.2823,,,,
bob,0,28604668,1674,0.0044,0.2406,1.76,,-1.0172,0.232,,,,
bob,0,28604668,1675,0.0091,0.1816,1.5599999999999998,,-1.0099,0.2141,,,,
bob,0,28604668,1676,0.0084,0.2822,1.54,,-1.0137,0.2092,,,,
bob,0,28604668,1677,0.0082,0.2595,1.8399999999999999,,-1.0199,0.2376,,,,
bob,0,28604668,1678,0.0069,0.2636,1.9,,-1.0213,0.2515,,,,
bob,0,28604668,1679,0.0083,0.2222,1.3599999999999999,,-1.026,0.1889,,,,
bob,0,28604668,1680,0.008,0.2478,1.7000000000000002,,-1.0085,0.2191,,,,
bob,0,28604668,1681,0.0156,0.2498,1.72,,-1.0029,0.2361,,,,
bob,0,28604668,1682,0.0101,0.2687,1.76,,-1.0166,0.2361,,,,
bob,0,28604668,1683,0.0084,0.2514,1.94,,-1.0175,0.2529,,,,
bob,0,28604668,1684,0.0099,0.2304,1.38,,-1.0263,0.1902,,,,
bob,0,28604668,1685,0.0055,0.2745,2.0,,-1.0191,0.2709,,,,
bob,0,28604668,1686,0.0111,0.2261,1.44,,-1.0191,0.1929,,,,
bob,0,28604668,1687,0.0055,0.2503,1.68,,-1.015,0.2258,,,,
bob,0,28604668,1688,0.017,0.2729,1.78,,-1.0153,0.2251,,,,
bob,0,28604668,1689,0.0049,0.2724,1.7399999999999998,,-1.017,0.2411,,,,
bob,0,28604668,1690,0.0183,0.2683,1.94,,-1.0017,0.251,,,,
bob,0,28604668,1691,0.016,0.2718,1.8800000000000001,,-1.008,0.244,,,,
bob,0,28604668,1692,0.0071,0.2706,1.8800000000000001,,-1.0126,0.2592,,,,
bob,0,28604668,1693,0.0046,0.276,1.72,,-1.017,0.2342,,,,
bob,0,28604668,1694,0.0049,0.2408,1.7999999999999998,,-1.0241,0.2367,,,,
bob,0,28604668,1695,0.0129,0.3574,2.32,,-1.0144,0.2943,,,,
bob,0,28604668,1696,0.0082,0.2825,2.02,,-1.0086,0.2669,,,,
bob,0,28604668,1697,0.0062,0.2459,1.8399999999999999,,-1.0181,0.2459,,,,
bob,0,28604668,1698,0.0201,0.2874,2.16,,-0.9982,0.2828,,,,
bob,0,28604668,1699,0.0109,0.2611,2.0,,-1.0143,0.2587,,,,
bob,0,28604668,1700,0.0029,0.2356,1.4000000000000001,,-1.0153,0.1954,,,,
bob,0,28604668,1701,0.0025,0.2594,1.72,,-1.0133,0.2261,,,,
bob,0,28604668,1702,0.0091,0.2387,1.58,,-1.0094,0.2116,,,,
bob,0,28604668,1703,0.006,0.2591,1.82,,-1.0104,0.2358,,,,
bob,0,28604668,1704,0.0135,0.2696,1.82,,-1.0071,0.2424,,,,
bob,0,28604668,1705,0.0073,0.2327,1.54,,-1.0032,0.2141,,,,
bob,0,28604668,1706,0.0117,0.2857,1.92,,-1.0131,0.2565,,,,
bob,0,28604668,1707,0.0036,0.2112,1.4000000000000001,,-1.0083,0.1857,,,,
bob,0,28604668,1708,0.0101,0.2095,1.38,,-1.0232,0.185,,,,
bob,0,28604668,1709,0.0035,0.2162,1.4200000000000002,,-1.0105,0.1932,,,,
bob,0,28604668,1710,0.0132,0.2457,1.58,,-1.0064,0.2077,,,,
bob,0,28604668,1711,0.0054,0.2173,1.52,,-1.0195,0.2072,,,,
bob,0,28604668,1712,0.0161,0.2151,1.7000000000000002,,-1.0186,0.234,,,,
bob,0,28604668,1713,0.0102,0.2699,1.9800000000000002,,-1.0135,0.2545,,,,
bob,0,28604668,1714,0.0139,0.2802,1.9,,-1.0079,0.2454,,,,
bob,0,28604668,1715,0.0056,0.2716,2.16,,-1.0101,0.28,,,,
bob,0,28604668,1716,0.0102,0.262,2.18,,-1.0283,0.2869,,,,
bob,0,28604668,1717,0.0047,0.2507,2.16,,-1.0114,0.2863,,,,
bob,0,28604668,1718,0.0098,0.2401,1.7000000000000002,,-1.0132,0.2254,,,,
bob,0,28604668,1719,0.0061,0.243,1.82,,-1.0172,0.2495,,,,
bob,0,28604668,1720,0.0118,0.2178,1.5,,-1.0099,0.2058,,,,
bob,0,28604668,1721,0.0075,0.238,1.5599999999999998,,-0.9842,0.2126,,,,
bob,0,28604668,1722,0.0175,0.2429,1.82,,-1.0106,0.2353,,,,
bob,0,28604668,1723,0.0082,0.2366,1.82,,-1.0158,0.2449,,,,
bob,0,28604668,1724,0.0086,0.2963,1.9,,-1.0221,0.2521,,,,
bob,0,28604668,1725,0.0124,0.26,2.08,,-1.0164,0.2794,,,,
bob,0,28604668,1726,0.0039,0.2673,1.9,,-1.021,0.25,,,,
bob,0,28604668,1727,0.0111,0.2641,1.92,,-1.0121,0.2495,,,,
bob,0,28604668,1728,0.0067,0.2557,1.8599999999999999,,-1.0137,0.2495,,,,
bob,0,28604668,1729,0.0104,0.2561,1.8800000000000001,,-1.0197,0.2416,,,,
bob,0,28604668,1730,0.0068,0.3071,2.58,,-1.0127,0.3245,,,,
bob,0,28604668,1731,0.0136,0.2791,2.56,,-1.0095,0.3278,,,,
bob,0,28604668,1732,0.0102,0.3288,2.4,,-1.0147,0.3227,,,,
bob,0,28604668,1733,0.0075,0.2575,1.8599999999999999,,-1.0307,0.2469,,,,
bob,0,28604668,1734,0.0057,0.2394,1.76,,-1.0154,0.2323,,,,
bob,0,28604668,1735,0.0147,0.2627,1.94,,-1.0051,0.2505,,,,
bob,0,28604668,1736,0.0041,0.2467,1.8599999999999999,,-1.005,0.2516,,,,
bob,0,28604668,1737,0.011,0.201,1.3599999999999999,,-1.0102,0.1826,,,,
bob,0,28604668,1738,0.0102,0.262,1.7999999999999998,,-1.011,0.2393,,,,
bob,0,28604668,1739,0.005,0.2908,1.7000000000000002,,-1.0126,0.2332,,,,
bob,0,28604668,1740,0.004,0.2315,1.5,,-1.02,0.1943,,,,
bob,0,28604668,1741,0.0046,0.2312,1.5,,-1.0197,0.1992,,,,
bob,0,28604668,1742,0.0038,0.2219,1.6,,-1.0086,0.2179,,,,
bob,0,28604668,1743,0.0079,0.2636,1.76,,-1.0153,0.2356,,,,
bob,0,28604668,1744,0.0074,0.2261,1.66,,-1.0187,0.2236,,,,
bob,0,28604668,1745,0.0088,0.244,1.92,,-1.003,0.2524,,,,
bob,0,28604668,1746,0.0087,0.2485,1.7999999999999998,,-1.0204,0.2354,,,,
bob,0,28604668,1747,0.0084,0.2818,1.8599999999999999,,-1.0291,0.2455,,,,
bob,0,28604668,1748,0.0073,0.2799,1.76,,-1.031,0.2333,,,,
bob,0,28604668,1749,0.0086,0.2396,1.4000000000000001,,-1.0298,0.1853,,,,
bob,0,28604668,1750,0.0039,0.2642,1.76,,-1.0183,0.2371,,,,
bob,0,28604668,1751,0.0049,0.2296,1.6199999999999999,,-1.0184,0.2213,,,,
bob,0,28604668,1752,0.0057,0.2543,1.94,,-1.0111,0.248,,,,
bob,0,28604668,1753,0.0014,0.4018,2.62,,-1.0121,0.332,,,,
bob,0,28604668,1754,0.0069,0.2862,2.08,,-1.0305,0.2735,,,,
bob,0,28604668,1755,0.005,0.2662,2.06,,-1.0146,0.2759,,,,
bob,0,28604668,1756,0.006,0.2957,2.1399999999999997,,-1.021,0.28,,,,
bob,0,28604668,1757,0.0057,0.2683,1.48,,-1.0156,0.2044,,,,
bob,0,28604668,1758,0.0131,0.2294,1.6199999999999999,,-1.0226,0.2161,,,,
bob,0,28604668,1759,0.0076,0.2289,1.58,,-1.0152,0.2094,,,,
bob,0,28604668,1760,0.0054,0.2218,1.6400000000000001,,-1.0208,0.2187,,,,
bob,0,28604668,1761,0.0108,0.2512,1.3,,-1.0028,0.1778,,,,
bob,0,28604668,1762,0.0075,0.2657,1.7999999999999998,,-1.0072,0.2352,,,,
bob,0,28604668,1763,0.0113,0.2094,1.82,,-1.0105,0.238,,,,
bob,0,28604668,1764,0.0067,0.241,1.96,,-1.0221,0.2549,,,,
bob,0,28604668,1765,0.0043,0.2698,1.68,,-1.0133,0.2257,,,,
bob,0,28604668,1766,0.0084,0.2146,1.7399999999999998,,-1.0114,0.2273,,,,
bob,0,28604668,1767,0.0025,0.2582,1.68,,-1.0121,0.2244,,,,
bob,0,28604668,1768,0.0095,0.3131,1.78,,-1.0061,0.232,,,,
bob,0,28604668,1769,0.0138,0.2522,1.8399999999999999,,-1.0105,0.2396,,,,
bob,0,28604668,1770,0.0086,0.2346,1.72,,-1.0125,0.2335,,,,
bob,0,28604668,1771,0.0083,0.2454,1.9,,-0.9927,0.2515,,,,
bob,0,28604668,1772,0.0156,0.2286,1.7999999999999998,,-1.0067,0.2419,,,,
bob,0,28604668,1773,0.0132,0.2536,1.8800000000000001,,-1.0282,0.2456,,,,
bob,0,28604668,1774,0.0061,0.2312,1.4200000000000002,,-1.017,0.1938,,,,
bob,0,28604668,1775,0.0092,0.2622,1.6400000000000001,,-1.0265,0.2153,,,,
bob,0,28604668,1776,0.0072,0.2304,1.68,,-1.0266,0.2267,,,,
bob,0,28604668,1777,0.0087,0.2571,2.22,,-1.0038,0.2837,,,,
bob,0,28604668,1778,0.0139,0.3123,2.3,,-1.0049,0.2927,,,,
bob,0,28604668,1779,0.0097,0.2983,2.1,,-1.0194,0.2848,,,,
bob,0,28604668,1780,0.0058,0.2538,2.02,,-1.016,0.2657,,,,
bob,0,28604668,1781,0.0095,0.2577,1.76,,-1.0095,0.2363,,,,
bob,0,28604668,1782,0.0128,0.2933,1.92,,-1.0082,0.2461,,,,
bob,0,28604668,1783,0.0144,0.2613,2.02,,-1.0141,0.2727,,,,
bob,0,28604668,1784,0.0069,0.2071,1.46,,-1.0165,0.2051,,,,
bob,0,28604668,1785,0.0062,0.2116,1.5,,-1.0199,0.1984,,,,
bob,0,28604668,1786,0.006,0.2666,2.0,,-1.0218,0.2598,,,,
bob,0,28604668,1787,0.0053,0.2584,2.16,,-1.021,0.2773,,,,
bob,0,28604668,1788,0.0068,0.2939,2.1399999999999997,,-1.0241,0.2834,,,,
bob,0,28604668,1789,0.0078,0.2633,1.72,,-1.0375,0.2319,,,,
bob,0,28604668,1790,0.0053,0.2332,1.72,,-1.0273,0.2331,,,,
bob,0,28604668,1791,0.0062,0.2571,1.8800000000000001,,-1.0101,0.251,,,,
bob,0,28604668,1792,0.0104,0.3079,1.72,,-1.0268,0.2233,,,,
bob,0,28604668,1793,0.0079,0.3021,2.06,,-1.0122,0.2713,,,,
bob,0,28604668,1794,0.0131,0.2953,2.1399999999999997,,-1.013,0.2854,,,,
bob,0,28604668,1795,0.0066,0.2727,1.7399999999999998,,-1.0048,0.23,,,,
bob,0,28604668,1796,0.0127,0.2825,1.6,,-1.0123,0.2136,,,,
bob,0,28604668,1797,0.004,0.2639,1.68,,-1.0241,0.2236,,,,
bob,0,28604668,1798,0.0056,0.2599,1.8599999999999999,,-1.0072,0.2367,,,,
bob,0,28604668,1799,0.0067,0.3248,2.1,,-1.0025,0.2776,,,,
bob,0,28604668,1800,0.0074,0.2464,2.02,,-1.0241,0.2619,,,,
bob,0,28604668,1801,0.0087,0.2736,1.78,,-1.008,0.2343,,,,
bob,0,28604668,1802,0.0142,0.2291,1.6400000000000001,,-1.0083,0.2171,,,,
bob,0,28604668,1803,0.0046,0.282,1.96,,-1.0116,0.2545,,,,
bob,0,28604668,1804,0.0101,0.2287,1.7399999999999998,,-1.0243,0.2275,,,,
bob,0,28604668,1805,0.0051,0.2524,1.82,,-1.0194,0.2428,,,,
bob,0,28604668,1806,0.0049,0.2828,1.8399999999999999,,-1.0245,0.2537,,,,
bob,0,28604668,1807,0.0069,0.2931,2.02,,-1.0011,0.2646,,,,
bob,0,28604668,1808,0.0082,0.262,2.06,,-1.0236,0.2661,,,,
bob,0,28604668,1809,0.0062,0.2613,2.1,,-1.0228,0.2813,,,,
bob,0,28604668,1810,0.0017,0.2664,2.02,,-1.0215,0.2696,,,,
bob,0,28604668,1811,0.0075,0.2471,1.8399999999999999,,-1.0188,0.2375,,,,
bob,0,28604668,1812,0.0049,0.2439,1.72,,-1.0149,0.2309,,,,
bob,0,28604668,1813,0.0107,0.2475,1.58,,-1.0153,0.2094,,,,
bob,0,28604668,1814,0.003,0.2524,1.78,,-1.0123,0.2319,,,,
bob,0,28604668,1815,0.005,0.2424,1.96,,-1.0223,0.2593,,,,
bob,0,28604668,1816,0.0026,0.2644,1.92,,-1.0203,0.2654,,,,
bob,0,28604668,1817,0.0053,0.2507,1.76,,-1.0028,0.2294,,,,
bob,0,28604668,1818,0.0131,0.2745,1.7999999999999998,,-1.0109,0.2315,,,,
bob,0,28604668,1819,0.0044,0.2839,2.02,,-1.0111,0.2621,,,,
bob,0,28604668,1820,0.011,0.25,1.8399999999999999,,-1.0089,0.2474,,,,
bob,0,28604668,1821,0.0093,0.2501,1.8800000000000001,,-1.0159,0.248,,,,
bob,0,28604668,1822,0.0035,0.2778,2.08,,-1.0045,0.2704,,,,
bob,0,28604668,1823,0.0072,0.3006,2.18,,-1.0117,0.2843,,,,
bob,0,28604668,1824,0.0035,0.3027,1.96,,-1.0223,0.2554,,,,
bob,0,28604668,1825,0.0175,0.2753,2.08,,-1.0164,0.2779,,,,
bob,0,28604668,1826,0.0092,0.2746,1.8599999999999999,,-1.0039,0.2481,,,,
bob,0,28604668,1827,0.0057,0.2598,1.7999999999999998,,-1.0119,0.2404,,,,
bob,0,28604668,1828,0.0031,0.3176,2.2399999999999998,,-1.0165,0.2869,,,,
bob,0,28604668,1829,0.0095,0.2673,2.26,,-1.0254,0.2918,,,,
bob,0,28604668,1830,0.0081,0.2598,2.1999999999999997,,-1.0161,0.2826,,,,
bob,0,28604668,1831,0.0107,0.2487,2.1,,-1.0187,0.2789,,,,
bob,0,28604668,1832,0.0056,0.257,1.92,,-1.0355,0.2596,,,,
bob,0,28604668,1833,0.0054,0.2795,2.1,,-1.0279,0.2693,,,,
bob,0,28604668,1834,0.002,0.2665,1.8399999999999999,,-1.0194,0.2375,,,,
bob,0,28604668,1835,0.004,0.2809,1.96,,-1.0238,0.2623,,,,
bob,0,28604668,1836,0.0025,0.244,1.92,,-1.0152,0.2485,,,,
bob,0,28604668,1837,0.0099,0.2288,1.6199999999999999,,-1.0236,0.2173,,,,
bob,0,28604668,1838,0.0053,0.2486,1.8599999999999999,,-1.0214,0.2455,,,,
bob,0,28604668,1839,0.0018,0.2976,2.44,,-1.0213,0.3126,,,,
bob,0,28604668,1840,0.0023,0.314,2.3800000000000003,,-1.0159,0.3053,,,,
bob,0,28604668,1841,0.0077,0.2547,1.8800000000000001,,-1.026,0.248,,,,
bob,0,28604668,1842,0.0025,0.2623,2.06,,-1.0111,0.2738,,,,
bob,0,28604668,1843,0.009,0.2578,2.08,,-1.0005,0.2708,,,,
bob,0,28604668,1844,0.0051,0.2761,1.92,,-1.0146,0.2559,,,,
bob,0,28604668,1845,0.0104,0.22,1.7999999999999998,,-1.0161,0.2404,,,,
bob,0,28604668,1846,0.0059,0.2222,1.7399999999999998,,-1.0069,0.2295,,,,
bob,0,28604668,1847,0.0114,0.2336,1.8800000000000001,,-1.0118,0.2461,,,,
bob,0,28604668,1848,0.0032,0.2354,1.24,,-1.0093,0.1712,,,,
bob,0,28604668,1849,0.0053,0.2303,1.82,,-1.0209,0.242,,,,
bob,0,28604668,1850,0.0084,0.2581,1.76,,-1.0019,0.2358,,,,
bob,0,28604668,1851,0.0111,0.2265,1.7999999999999998,,-1.0185,0.2345,,,,
bob,0,28604668,1852,0.0082,0.2297,1.66,,-1.029,0.2274,,,,
bob,0,28604668,1853,0.0072,0.2281,1.82,,-1.0278,0.2343,,,,
bob,0,28604668,1854,0.0011,0.2341,1.76,,-1.0288,0.2335,,,,
bob,0,28604668,1855,0.0049,0.2533,1.72,,-1.034,0.2309,,,,
bob,0,28604668,1856,0.0034,0.2389,1.58,,-1.0188,0.2093,,,,
bob,0,28604668,1857,0.0075,0.2512,1.72,,-1.0153,0.2317,,,,
bob,0,28604668,1858,0.006,0.2734,2.0,,-1.0206,0.259,,,,
bob,0,28604668,1859,0.0025,0.192,1.46,,-1.0201,0.1953,,,,
bob,0,28604668,1860,0.0078,0.2076,1.54,,-1.018,0.2048,,,,
bob,0,28604668,1861,0.0054,0.2299,1.7399999999999998,,-1.043,0.232,,,,
bob,0,28604668,1862,0.0096,0.244,1.9,,-1.022,0.253,,,,
bob,0,28604668,1863,0.0078,0.2598,1.8599999999999999,,-1.0211,0.2475,,,,
bob,0,28604668,1864,0.0048,0.278,1.9,,-1.0136,0.2591,,,,
bob,0,28604668,1865,0.0026,0.2396,1.92,,-1.043,0.2485,,,,
bob,0,28604668,1866,0.0037,0.2474,1.9800000000000002,,-1.0257,0.2588,,,,
bob,0,28604668,1867,0.0076,0.2756,2.36,,-1.0174,0.3028,,,,
bob,0,28604668,1868,0.0105,0.2928,2.2800000000000002,,-1.021,0.2942,,,,
bob,0,28604668,1869,0.0036,0.2229,1.76,,-1.0333,0.24,,,,
bob,0,28604668,1870,0.0084,0.2187,1.32,,-1.0257,0.1784,,,,
bob,0,28604668,1871,0.0083,0.2055,1.66,,-1.0204,0.2112,,,,
bob,0,28604668,1872,0.0085,0.247,1.6199999999999999,,-1.0092,0.222,,,,
bob,0,28604668,1873,0.0116,0.2255,1.7399999999999998,,-0.9985,0.2311,,,,
bob,0,28604668,1874,0.0102,0.2282,1.6400000000000001,,-1.0168,0.2233,,,,
bob,0,28604668,1875,0.005,0.2085,1.8599999999999999,,-1.0089,0.2405,,,,
bob,0,28604668,1876,0.008,0.2403,1.9,,-1.0027,0.2476,,,,
bob,0,28604668,1877,0.0108,0.254,1.72,,-1.0088,0.229,,,,
bob,0,28604668,1878,0.0102,0.252,2.0,,-1.0095,0.2678,,,,
bob,0,28604668,1879,0.0098,0.2587,1.8800000000000001,,-1.0206,0.2452,,,,
bob,0,28604668,1880,0.0078,0.2349,1.46,,-1.0095,0.1945,,,,
bob,0,28604668,1881,0.0152,0.281,2.0,,-1.0085,0.2643,,,,
bob,0,28604668,1882,0.0084,0.2909,1.76,,-0.9948,0.2363,,,,
bob,0,28604668,1883,0.0128,0.2662,1.9800000000000002,,-1.0016,0.2529,,,,
bob,0,28604668,1884,0.0051,0.2711,1.9800000000000002,,-0.9988,0.2543,,,,
bob,0,28604668,1885,0.011,0.2705,1.92,,-1.0154,0.2549,,,,
bob,0,28604668,1886,0.0037,0.2728,1.92,,-1.0122,0.256,,,,
bob,0,28604668,1887,0.0069,0.26,1.7399999999999998,,-1.0229,0.2273,,,,
bob,0,28604668,1888,0.0051,0.2742,1.7999999999999998,,-1.0082,0.2352,,,,
bob,0,28604668,1889,0.0081,0.2387,1.76,,-1.0165,0.2405,,,,
bob,0,28604668,1890,0.0094,0.2579,1.8599999999999999,,-1.0142,0.248,,,,
bob,0,28604668,1891,0.0032,0.2426,1.7999999999999998,,-1.0252,0.2396,,,,
bob,0,28604668,1892,0.0049,0.2821,2.1999999999999997,,-1.0162,0.2807,,,,
bob,0,28604668,1893,0.0065,0.2488,1.68,,-1.0173,0.2238,,,,
bob,0,28604668,1894,0.005,0.2349,1.8599999999999999,,-1.0351,0.2461,,,,
bob,0,28604668,1895,0.0056,0.2405,1.78,,-1.0118,0.2398,,,,
bob,0,28604668,1896,0.0054,0.242,1.7399999999999998,,-1.0204,0.2269,,,,
bob,0,28604668,1897,0.0027,0.2271,1.8599999999999999,,-1.023,0.2414,,,,
bob,0,28604668,1898,0.0046,0.2526,2.08,,-1.0099,0.2689,,,,
bob,0,28604668,1899,0.0083,0.2831,2.04,,-1.0268,0.2676,,,,
bob,0,28604668,1900,0.0073,0.2797,2.06,,-1.0296,0.274,,,,
bob,0,28604668,1901,0.007,0.2719,2.16,,-1.0123,0.28,,,,
bob,0,28604668,1902,0.0037,0.2687,2.18,,-1.0232,0.2792,,,,
bob,0,28604668,1903,0.0069,0.2304,1.96,,-1.022,0.2529,,,,
bob,0,28604668,1904,0.0029,0.2737,2.16,,-1.0077,0.2818,,,,
bob,0,28604668,1905,0.0113,0.2445,1.68,,-1.01,0.2259,,,,
bob,0,28604668,1906,0.0061,0.2487,2.3,,-1.004,0.292,,,,
bob,0,28604668,1907,0.008,0.2309,1.7999999999999998,,-1.0011,0.2445,,,,
bob,0,28604668,1908,0.0165,0.2308,1.6400000000000001,,-1.0075,0.2229,,,,
bob,0,28604668,1909,0.0088,0.2374,1.68,,-1.0033,0.2203,,,,
bob,0,28604668,1910,0.0157,0.239,1.3,,-1.0086,0.1758,,,,
bob,0,28604668,1911,0.0091,0.2654,1.7399999999999998,,-1.0131,0.2315,,,,
bob,0,28604668,1912,0.017,0.2688,1.92,,-1.0113,0.2524,,,,
bob,0,28604668,1913,0.0103,0.255,1.58,,-1.0017,0.2138,,,,
bob,0,28604668,1914,0.0236,0.2253,1.7399999999999998,,-1.0123,0.2235,,,,
bob,0,28604668,1915,0.0082,0.2444,1.76,,-1.0142,0.2326,,,,
bob,0,28604668,1916,0.0076,0.2311,1.7999999999999998,,-1.0137,0.2373,,,,
bob,0,28604668,1917,0.007,0.2282,1.66,,-1.004,0.2264,,,,
bob,0,28604668,1918,0.0113,0.216,1.76,,-1.0073,0.2383,,,,
bob,0,28604668,1919,0.0052,0.2188,1.7000000000000002,,-1.0063,0.2231,,,,
bob,0,28604668,1920,0.005,0.2338,2.0,,-1.0154,0.2617,,,,
bob,0,28604668,1921,0.0099,0.2631,2.04,,-1.0076,0.259,,,,
bob,0,28604668,1922,0.0049,0.2765,1.82,,-1.0158,0.2373,,,,
bob,0,28604668,1923,0.0062,0.2534,2.0,,-1.0221,0.2676,,,,
bob,0,28604668,1924,0.0083,0.2506,2.06,,-1.0076,0.28,,,,
bob,0,28604668,1925,0.0052,0.2555,2.18,,-1.0115,0.2743,,,,
bob,0,28604668,1926,0.0108,0.2862,2.1399999999999997,,-1.0117,0.2769,,,,
bob,0,28604668,1927,0.0086,0.2159,1.66,,-1.02,0.2255,,,,
bob,0,28604668,1928,0.005,0.2309,1.5599999999999998,,-1.0104,0.2099,,,,
bob,0,28604668,1929,0.009,0.2403,1.72,,-1.0184,0.2261,,,,
bob,0,28604668,1930,0.0039,0.2529,1.8399999999999999,,-1.0148,0.2413,,,,
bob,0,28604668,1931,0.008,0.2751,2.08,,-1.0258,0.2745,,,,
bob,0,28604668,1932,0.0046,0.227,1.8399999999999999,,-1.0249,0.2411,,,,
bob,0,28604668,1933,0.0079,0.256,1.94,,-1.0214,0.251,,,,
bob,0,28604668,1934,0.0025,0.2168,1.78,,-1.0133,0.2348,,,,
bob,0,28604668,1935,0.003,0.2562,1.8399999999999999,,-1.0176,0.2402,,,,
bob,0,28604668,1936,0.0043,0.252,2.08,,-1.0255,0.2738,,,,
bob,0,28604668,1937,0.008,0.2654,2.2399999999999998,,-1.0263,0.2899,,,,
bob,0,28604668,1938,0.004,0.2545,1.9800000000000002,,-1.0188,0.2677,,,,
bob,0,28604668,1939,0.0058,0.2543,1.96,,-1.0154,0.2584,,,,
bob,0,28604668,1940,0.0029,0.2543,2.0,,-1.0349,0.2559,,,,
bob,0,28604668,1941,0.0069,0.2295,1.82,,-1.0233,0.2435,,,,
bob,0,28604668,1942,0.0046,0.2171,1.6,,-1.0264,0.2156,,,,
bob,0,28604668,1943,0.0045,0.2333,1.7999999999999998,,-1.0254,0.2312,,,,
bob,0,28604668,1944,0.004,0.2015,1.7999999999999998,,-1.0238,0.2368,,,,
bob,0,28604668,1945,0.0043,0.2286,1.66,,-1.0174,0.2202,,,,
bob,0,28604668,1946,0.0078,0.2356,1.8800000000000001,,-1.0222,0.2505,,,,
bob,0,28604668,1947,0.0033,0.277,1.76,,-1.033,0.2308,,,,
bob,0,28604668,1948,0.0061,0.2383,1.8800000000000001,,-1.0247,0.2471,,,,
bob,0,28604668,1949,0.0032,0.2236,1.8800000000000001,,-1.0352,0.252,,,,
bob,0,28604668,1950,0.0069,0.2388,2.04,,-1.0292,0.2671,,,,
bob,0,28604668,1951,0.0054,0.2278,1.4200000000000002,,-1.022,0.1911,,,,
bob,0,28604668,1952,0.0075,0.2719,2.08,,-1.0269,0.2642,,,,
bob,0,28604668,1953,0.0006,0.2749,2.02,,-1.0227,0.2716,,,,
bob,0,28604668,1954,0.0062,0.2451,1.76,,-1.0089,0.2355,,,,
bob,0,28604668,1955,0.0022,0.2004,1.52,,-1.0257,0.2084,,,,
bob,0,28604668,1956,0.0064,0.1747,1.4200000000000002,,-1.0146,0.1906,,,,
bob,0,28604668,1957,0.0063,0.2148,1.6,,-1.0143,0.2128,,,,
bob,0,28604668,1958,0.006,0.2537,2.02,,-1.023,0.2664,,,,
bob,0,28604668,1959,0.0021,0.2451,1.92,,-1.0487,0.2559,,,,
bob,0,28604668,1960,0.0043,0.2242,1.6,,-1.0205,0.2149,,,,
bob,0,28604668,1961,0.0026,0.2304,1.6400000000000001,,-1.0428,0.2185,,,,
bob,0,28604668,1962,0.0031,0.2349,1.82,,-1.033,0.2383,,,,
bob,0,28604668,1963,0.0084,0.2112,1.72,,-1.0233,0.2216,,,,
bob,0,28604668,1964,0.0068,0.2474,1.9800000000000002,,-1.0172,0.2563,,,,
bob,0,28604668,1965,0.0063,0.2461,1.92,,-1.0313,0.2608,,,,
bob,0,28604668,1966,-0.0002,0.2335,1.8399999999999999,,-1.0192,0.2402,,,,
bob,0,28604668,1967,0.0035,0.2127,1.76,,-1.0309,0.2374,,,,
bob,0,28604668,1968,0.0049,0.2305,1.94,,-1.0218,0.2582,,,,
bob,0,28604668,1969,0.0068,0.239,1.76,,-1.0124,0.2337,,,,
bob,0,28604668,1970,0.0062,0.2229,1.8599999999999999,,-1.016,0.2433,,,,
bob,0,28604668,1971,0.0044,0.2354,1.58,,-1.0261,0.2114,,,,
bob,0,28604668,1972,0.0043,0.2544,1.78,,-1.017,0.2355,,,,
bob,0,28604668,1973,0.0048,0.2241,1.8800000000000001,,-1.0195,0.2534,,,,
bob,0,28604668,1974,0.0106,0.2441,1.6199999999999999,,-1.0045,0.2092,,,,
bob,0,28604668,1975,0.0045,0.2211,1.66,,-1.0025,0.2235,,,,
bob,0,28604668,1976,0.0128,0.2423,1.78,,-1.0036,0.2321,,,,
bob,0,28604668,1977,0.0094,0.2391,1.6199999999999999,,-1.0079,0.2175,,,,
bob,0,28604668,1978,0.0153,0.2021,1.7399999999999998,,-1.0066,0.2314,,,,
bob,0,28604668,1979,0.0062,0.2361,1.7399999999999998,,-1.027,0.2332,,,,
bob,0,28604668,1980,0.0091,0.2353,1.7000000000000002,,-1.025,0.2273,,,,
bob,0,28604668,1981,0.0031,0.2672,2.0,,-1.0152,0.2604,,,,
bob,0,28604668,1982,0.0071,0.2581,1.7000000000000002,,-1.0175,0.2314,,,,
bob,0,28604668,1983,0.0022,0.2394,1.9800000000000002,,-1.0397,0.2599,,,,
bob,0,28604668,1984,0.0075,0.2397,1.7399999999999998,,-1.0266,0.2255,,,,
bob,0,28604668,1985,0.0074,0.2846,2.18,,-1.0303,0.2888,,,,
bob,0,28604668,1986,0.0061,0.2257,1.76,,-1.0205,0.2302,,,,
bob,0,28604668,1987,0.0069,0.2254,1.66,,-1.0128,0.227,,,,
bob,0,28604668,1988,0.0057,0.2393,1.6,,-1.0165,0.2136,,,,
bob,0,28604668,1989,0.0063,0.2174,1.66,,-1.033,0.2233,,,,
bob,0,28604668,1990,0.0089,0.2493,2.1,,-0.995,0.2734,,,,
bob,0,28604668,1991,0.0107,0.2107,1.9,,-0.9948,0.2408,,,,
bob,0,28604668,1992,0.0104,0.2604,1.96,,-1.0131,0.2574,,,,
bob,0,28604668,1993,0.0123,0.1971,1.7399999999999998,,-1.0206,0.2377,,,,
bob,0,28604668,1994,0.0043,0.2463,1.68,,-1.0088,0.2291,,,,
bob,0,28604668,1995,0.0088,0.2157,1.8399999999999999,,-1.0246,0.2418,,,,
bob,0,28604668,1996,0.0072,0.2128,1.54,,-1.0232,0.2023,,,,
bob,0,28604668,1997,0.006,0.2108,1.78,,-1.0248,0.2359,,,,
bob,0,28604668,1998,0.0059,0.2106,1.58,,-1.0285,0.2127,,,,
bob,0,28604668,1999,0.0025,0.2428,1.78,,-1.017,0.2372,,,,
bob,0,28604668,2000,0.0042,0.2367,1.7999999999999998,,-1.0197,0.237,,,,
bob,0,28604668,2001,0.0088,0.2506,1.7999999999999998,,-1.0316,0.2369,,,,
bob,0,28604668,2002,0.0056,0.1991,1.52,,-1.0227,0.2032,,,,
bob,0,28604668,2003,0.001,0.2614,2.12,,-1.0247,0.2766,,,,
bob,0,28604668,2004,0.0031,0.2664,1.9,,-1.0144,0.2452,,,,
bob,0,28604668,2005,0.0051,0.2387,1.8599999999999999,,-1.0273,0.2456,,,,
bob,0,28604668,2006,0.0032,0.2403,1.82,,-1.0177,0.2375,,,,
bob,0,28604668,2007,0.006,0.2615,2.4,,-1.0174,0.3109,,,,
bob,0,28604668,2008,0.0062,0.2136,1.6199999999999999,,-1.0057,0.2185,,,,
bob,0,28604668,2009,0.0093,0.2232,1.32,,-1.0036,0.1827,,,,
bob,0,28604668,2010,0.0043,0.2209,1.8599999999999999,,-1.0049,0.2424,,,,
bob,0,28604668,2011,0.0117,0.2392,2.0,,-1.0093,0.2626,,,,
bob,0,28604668,2012,0.0063,0.2398,1.8599999999999999,,-1.0044,0.25,,,,
bob,0,28604668,2013,0.0042,0.245,2.02,,-1.016,0.2609,,,,
bob,0,28604668,2014,0.0066,0.2351,1.7000000000000002,,-1.0224,0.2222,,,,
bob,0,28604668,2015,0.0053,0.254,1.78,,-1.0152,0.2328,,,,
bob,0,28604668,2016,0.0044,0.2501,1.94,,-1.0146,0.2569,,,,
bob,0,28604668,2017,0.006,0.228,1.94,,-1.0182,0.2543,,,,
bob,0,28604668,2018,0.0063,0.2355,1.8599999999999999,,-1.0196,0.2405,,,,
bob,0,28604668,2019,0.0098,0.2184,1.76,,-1.0124,0.241,,,,
bob,0,28604668,2020,0.0062,0.2114,1.7000000000000002,,-1.0171,0.227,,,,
bob,0,28604668,2021,0.0052,0.2556,2.1,,-1.0128,0.2698,,,,
bob,0,28604668,2022,0.0085,0.2584,2.06,,-1.014,0.2649,,,,
bob,0,28604668,2023,0.0026,0.2197,1.52,,-1.012,0.2031,,,,
bob,0,28604668,2024,0.0098,0.2161,1.92,,-1.0119,0.2495,,,,
bob,0,28604668,2025,0.0083,0.2364,2.02,,-0.9973,0.2597,,,,
bob,0,28604668,2026,0.0093,0.2688,2.1999999999999997,,-1.0082,0.2865,,,,
bob,0,28604668,2027,-0.0,0.2392,2.02,,-1.0052,0.2622,,,,
bob,0,28604668,2028,0.0023,0.2379,1.7399999999999998,,-1.0061,0.2333,,,,
bob,0,28604668,2029,0.0029,0.2639,2.04,,-1.025,0.262,,,,
bob,0,28604668,2030,0.0058,0.2051,1.76,,-1.0213,0.233,,,,
bob,0,28604668,2031,0.0033,0.2376,1.8399999999999999,,-1.0235,0.2375,,,,
bob,0,28604668,2032,0.0049,0.2264,1.94,,-1.0158,0.2588,,,,
bob,0,28604668,2033,0.0085,0.2678,1.8800000000000001,,-1.0204,0.249,,,,
bob,0,28604668,2034,0.0071,0.2339,1.94,,-1.016,0.2544,,,,
bob,0,28604668,2035,0.0067,0.203,1.48,,-1.0141,0.1961,,,,
bob,0,28604668,2036,0.0069,0.228,1.7399999999999998,,-1.0084,0.2333,,,,
bob,0,28604668,2037,0.0086,0.2284,1.78,,-1.0167,0.2343,,,,
bob,0,28604668,2038,0.0041,0.2596,2.22,,-1.0155,0.2949,,,,
bob,0,28604668,2039,0.0046,0.2502,1.9,,-1.0226,0.2457,,,,
bob,0,28604668,2040,0.007,0.2436,1.76,,-1.0144,0.2355,,,,
bob,0,28604668,2041,0.0155,0.239,2.1,,-1.0056,0.277,,,,
bob,0,28604668,2042,0.0078,0.246,2.22,,-1.0106,0.2813,,,,
bob,0,28604668,2043,0.0106,0.2262,1.54,,-1.0199,0.204,,,,
bob,0,28604668,2044,0.0038,0.2465,2.12,,-1.0287,0.2708,,,,
bob,0,28604668,2045,0.0106,0.2261,1.8599999999999999,,-1.0338,0.2416,,,,
bob,0,28604668,2046,0.0069,0.2252,1.7399999999999998,,-1.0223,0.236,,,,
bob,0,28604668,2047,0.0056,0.2426,1.8399999999999999,,-1.0321,0.241,,,,
bob,0,28604668,2048,0.0024,0.1871,1.68,,-1.032,0.2261,,,,
bob,0,28604668,2049,0.0054,0.2162,1.6,,-1.0174,0.2109,,,,
bob,0,28604668,2050,0.0022,0.2377,2.0,,-1.0219,0.2548,,,,
bob,0,28604668,2051,0.0029,0.2601,2.1999999999999997,,-1.0204,0.28,,,,
bob,0,28604668,2052,0.0086,0.2306,1.58,,-1.0232,0.2086,,,,
bob,0,28604668,2053,-0.0002,0.2267,1.8399999999999999,,-1.0235,0.2432,,,,
bob,0,28604668,2054,0.0084,0.2568,1.82,,-1.026,0.2387,,,,
bob,0,28604668,2055,0.0042,0.2019,1.6,,-1.0103,0.2238,,,,
bob,0,28604668,2056,0.0051,0.2296,2.16,,-0.9878,0.2741,,,,
bob,0,28604668,2057,0.0092,0.2462,1.92,,-0.9962,0.2515,,,,
bob,0,28604668,2058,0.0039,0.2283,1.8800000000000001,,-1.0178,0.2424,,,,
bob,0,28604668,2059,0.0114,0.226,1.66,,-1.0133,0.2216,,,,
bob,0,28604668,2060,0.0021,0.2568,1.72,,-1.0228,0.2285,,,,
bob,0,28604668,2061,0.0095,0.2404,1.76,,-1.0116,0.2327,,,,
bob,0,28604668,2062,0.0014,0.2313,1.6,,-1.0141,0.2121,,,,
bob,0,28604668,2063,0.0104,0.2209,1.72,,-1.0146,0.227,,,,
bob,0,28604668,2064,0.0029,0.1844,1.54,,-1.0149,0.2087,,,,
bob,0,28604668,2065,0.0091,0.2729,1.9,,-1.0135,0.2462,,,,
bob,0,28604668,2066,0.0068,0.2331,1.72,,-1.0096,0.2286,,,,
bob,0,28604668,2067,0.0022,0.2577,1.92,,-1.0206,0.2415,,,,
bob,0,28604668,2068,0.0066,0.2571,1.82,,-1.0092,0.2446,,,,
bob,0,28604668,2069,0.0132,0.2082,1.9800000000000002,,-1.0188,0.2592,,,,
bob,0,28604668,2070,0.0061,0.2276,1.66,,-1.0193,0.2269,,,,
bob,0,28604668,2071,0.0037,0.2365,2.0,,-1.0103,0.2596,,,,
bob,0,28604668,2072,0.0083,0.256,1.76,,-1.0202,0.2318,,,,
bob,0,28604668,2073,0.0044,0.2375,2.02,,-1.0153,0.2641,,,,
bob,0,28604668,2074,0.0117,0.2294,1.68,,-1.0276,0.2252,,,,
bob,0,28604668,2075,0.009,0.2217,2.0,,-1.0132,0.2681,,,,
bob,0,28604668,2076,0.0037,0.2199,1.8399999999999999,,-1.0196,0.2441,,,,
bob,0,28604668,2077,0.011,0.2103,1.96,,-1.0131,0.2529,,,,
bob,0,28604668,2078,0.0115,0.2339,1.76,,-1.0199,0.2344,,,,
bob,0,28604668,2079,0.0086,0.2504,1.96,,-1.0208,0.2557,,,,
bob,0,28604668,2080,0.0072,0.2265,1.7999999999999998,,-1.0052,0.2321,,,,
bob,0,28604668,2081,0.0058,0.2224,1.6400000000000001,,-1.0179,0.2177,,,,
bob,0,28604668,2082,0.0071,0.2719,2.1399999999999997,,-1.0191,0.2757,,,,
bob,0,28604668,2083,0.0116,0.2736,2.34,,-1.0194,0.3029,,,,
bob,0,28604668,2084,0.0048,0.2819,2.02,,-1.0247,0.2653,,,,
bob,0,28604668,2085,0.01,0.2106,1.7399999999999998,,-1.0262,0.2285,,,,
bob,0,28604668,2086,0.0089,0.2123,1.72,,-1.0253,0.2317,,,,
bob,0,28604668,2087,0.0088,0.2432,1.8599999999999999,,-1.0191,0.2452,,,,
bob,0,28604668,2088,0.0059,0.2349,1.76,,-1.0233,0.2329,,,,
bob,0,28604668,2089,0.015,0.2468,1.8800000000000001,,-1.0223,0.2505,,,,
bob,0,28604668,2090,0.0044,0.2238,1.94,,-1.0203,0.2495,,,,
bob,0,28604668,2091,0.0049,0.2562,2.04,,-1.0255,0.2667,,,,
bob,0,28604668,2092,0.0084,0.2408,1.6400000000000001,,-1.0256,0.2166,,,,
bob,0,28604668,2093,0.0091,0.2122,1.82,,-1.033,0.2412,,,,
bob,0,28604668,2094,0.0111,0.2797,2.18,,-1.006,0.28,,,,
bob,0,28604668,2095,0.0048,0.2327,1.96,,-1.0228,0.2519,,,,
bob,0,28604668,2096,0.0128,0.2117,1.8599999999999999,,-1.0215,0.246,,,,
bob,0,28604668,2097,0.0079,0.2257,1.94,,-1.0305,0.2519,,,,
bob,0,28604668,2098,0.0063,0.2385,1.9800000000000002,,-1.0229,0.2642,,,,
bob,0,28604668,2099,0.0027,0.252,1.96,,-1.0223,0.2563,,,,
bob,0,28604668,2100,0.0073,0.2377,1.78,,-1.026,0.2324,,,,
bob,0,28604668,2101,0.0077,0.2312,1.9800000000000002,,-1.0182,0.2605,,,,
bob,0,28604668,2102,0.0025,0.2026,1.7000000000000002,,-1.0218,0.2253,,,,
bob,0,28604668,2103,0.0094,0.2331,1.8399999999999999,,-1.019,0.2437,,,,
bob,0,28604668,2104,0.0068,0.2236,1.8599999999999999,,-1.0209,0.2382,,,,
bob,0,28604668,2105,0.0022,0.2049,1.6,,-1.0315,0.2169,,,,
bob,0,28604668,2106,0.0107,0.281,2.16,,-1.0272,0.2768,,,,
bob,0,28604668,2107,0.0076,0.224,1.68,,-1.0136,0.2237,,,,
bob,0,28604668,2108,0.0097,0.2619,2.04,,-1.026,0.2697,,,,
bob,0,28604668,2109,0.0105,0.2773,2.22,,-1.0243,0.2801,,,,
bob,0,28604668,2110,0.0033,0.2377,1.8599999999999999,,-1.0341,0.2485,,,,
bob,0,28604668,2111,0.0109,0.2306,1.9800000000000002,,-1.0287,0.2533,,,,
bob,0,28604668,2112,0.0128,0.2568,2.08,,-1.0246,0.2781,,,,
bob,0,28604668,2113,0.001,0.2656,2.04,,-1.0307,0.2691,,,,
bob,0,28604668,2114,0.0113,0.232,1.82,,-1.0352,0.244,,,,
bob,0,28604668,2115,0.0104,0.2083,1.8800000000000001,,-1.0426,0.2428,,,,
bob,0,28604668,2116,0.0095,0.227,1.9800000000000002,,-1.031,0.2568,,,,
bob,0,28604668,2117,0.0109,0.2885,2.22,,-1.036,0.291,,,,
bob,0,28604668,2118,0.0019,0.2759,2.26,,-1.0289,0.2849,,,,
bob,0,28604668,2119,0.0116,0.2383,1.8800000000000001,,-1.0267,0.249,,,,
bob,0,28604668,2120,0.0062,0.2206,1.92,,-1.0446,0.253,,,,
bob,0,28604668,2121,0.0135,0.2828,2.08,,-1.0351,0.2647,,,,
bob,0,28604668,2122,0.012,0.1995,1.6199999999999999,,-1.0293,0.2138,,,,
bob,0,28604668,2123,0.011,0.2529,1.76,,-1.0361,0.2308,,,,
bob,0,28604668,2124,0.0049,0.2512,1.7999999999999998,,-1.0412,0.2339,,,,
bob,0,28604668,2125,0.0106,0.2748,2.2399999999999998,,-1.0428,0.2882,,,,
bob,0,28604668,2126,0.0115,0.2407,1.7000000000000002,,-1.0346,0.2308,,,,
bob,0,28604668,2127,0.0042,0.234,1.92,,-1.0412,0.2462,,,,
bob,0,28604668,2128,0.0089,0.2888,2.02,,-1.0255,0.2594,,,,
bob,0,28604668,2129,0.0142,0.2478,1.9800000000000002,,-1.0236,0.2553,,,,
bob,0,28604668,2130,0.0048,0.2604,2.2399999999999998,,-1.0139,0.2868,,,,
bob,0,28604668,2131,0.0176,0.2102,1.66,,-1.0107,0.2238,,,,
bob,0,28604668,2132,0.0041,0.255,2.12,,-1.0178,0.2746,,,,
bob,0,28604668,2133,0.0046,0.2509,2.12,,-1.0197,0.2712,,,,
bob,0,28604668,2134,0.013,0.2409,1.8399999999999999,,-1.0228,0.2392,,,,
bob,0,28604668,2135,0.0087,0.2165,1.76,,-1.0234,0.2327,,,,
bob,0,28604668,2136,0.0076,0.2925,2.32,,-1.0169,0.2956,,,,
bob,0,28604668,2137,0.0122,0.2459,2.06,,-1.0298,0.2653,,,,
bob,0,28604668,2138,0.0136,0.2143,1.66,,-1.0365,0.225,,,,
bob,0,28604668,2139,0.0142,0.2305,1.78,,-1.0315,0.24,,,,
bob,0,28604668,2140,0.0078,0.2427,1.9,,-1.0309,0.2416,,,,
bob,0,28604668,2141,0.0117,0.2118,1.7000000000000002,,-1.0261,0.227,,,,
bob,0,28604668,2142,0.0082,0.233,1.7999999999999998,,-1.035,0.2365,,,,
bob,0,28604668,2143,0.0094,0.2233,1.68,,-1.0392,0.2244,,,,
bob,0,28604668,2144,0.0182,0.2183,1.6199999999999999,,-1.0313,0.2174,,,,
bob,0,28604668,2145,0.0102,0.2437,2.06,,-1.0171,0.272,,,,
bob,0,28604668,2146,0.0178,0.2732,2.3,,-1.0181,0.2914,,,,
bob,0,28604668,2147,0.0214,0.2894,1.9800000000000002,,-1.0057,0.2605,,,,
bob,0,28604668,2148,0.0145,0.1995,1.72,,-1.0325,0.2282,,,,
bob,0,28604668,2149,0.0117,0.2412,1.72,,-1.0293,0.2272,,,,
bob,0,28604668,2150,0.0,0.2226,1.94,,-1.0345,0.2462,,,,
bob,0,28604668,2151,0.0101,0.2424,2.16,,-1.025,0.2817,,,,
bob,0,28604668,2152,0.0011,0.2323,1.78,,-1.0233,0.239,,,,
bob,0,28604668,2153,0.0121,0.2594,2.18,,-1.0467,0.283,,,,
bob,0,28604668,2154,0.0012,0.2435,2.1,,-1.0199,0.2714,,,,
bob,0,28604668,2155,0.0142,0.2478,1.96,,-1.0142,0.2554,,,,
bob,0,28604668,2156,0.0102,0.2491,1.72,,-1.0272,0.2323,,,,
bob,0,28604668,2157,0.0097,0.2332,1.92,,-1.0288,0.2457,,,,
bob,0,28604668,2158,0.0005,0.2215,1.72,,-1.0354,0.2207,,,,
bob,0,28604668,2159,0.0024,0.2465,1.94,,-1.0423,0.2539,,,,
bob,0,28604668,2160,0.0138,0.2542,2.02,,-1.0311,0.2665,,,,
bob,0,28604668,2161,0.0032,0.2838,2.06,,-1.0264,0.2632,,,,
bob,0,28604668,2162,0.013,0.219,1.78,,-1.0216,0.2311,,,,
bob,0,28604668,2163,0.0106,0.2355,1.96,,-1.0275,0.2598,,,,
bob,0,28604668,2164,0.0129,0.2386,2.08,,-1.0322,0.2699,,,,
bob,0,28604668,2165,0.0038,0.2402,1.96,,-1.0131,0.2599,,,,
bob,0,28604668,2166,0.017,0.2565,1.9800000000000002,,-1.018,0.2578,,,,
bob,0,28604668,2167,0.0036,0.2559,1.82,,-1.0214,0.2397,,,,
bob,0,28604668,2168,0.0066,0.2252,1.68,,-1.0341,0.2213,,,,
bob,0,28604668,2169,0.003,0.2541,1.92,,-1.0202,0.2539,,,,
bob,0,28604668,2170,0.0062,0.2196,1.5599999999999998,,-1.0255,0.207,,,,
bob,0,28604668,2171,0.0081,0.2289,1.7999999999999998,,-1.0109,0.236,,,,
bob,0,28604668,2172,0.0163,0.2615,2.04,,-1.0192,0.2625,,,,
bob,0,28604668,2173,0.017,0.2612,2.02,,-1.0054,0.2585,,,,
bob,0,28604668,2174,0.015,0.2475,1.6199999999999999,,-1.0088,0.2164,,,,
bob,0,28604668,2175,0.0042,0.2278,1.82,,-1.0201,0.2388,,,,
bob,0,28604668,2176,0.0011,0.2496,1.92,,-1.0235,0.2603,,,,
bob,0,28604668,2177,0.0158,0.2249,1.6,,-1.0036,0.2134,,,,
bob,0,28604668,2178,0.0157,0.2526,1.8599999999999999,,-1.006,0.2434,,,,
bob,0,28604668,2179,0.0158,0.2769,2.02,,-1.0158,0.2656,,,,
bob,0,28604668,2180,0.0107,0.2515,2.2399999999999998,,-1.0229,0.2916,,,,
bob,0,28604668,2181,0.011,0.2546,1.9800000000000002,,-1.0252,0.2557,,,,
bob,0,28604668,2182,0.0127,0.2204,1.78,,-1.0239,0.2382,,,,
bob,0,28604668,2183,0.0107,0.2413,2.04,,-1.0281,0.26,,,,
bob,0,28604668,2184,0.0118,0.2275,1.92,,-1.0066,0.2515,,,,
bob,0,28604668,2185,0.0165,0.2617,2.12,,-1.0252,0.2788,,,,
bob,0,28604668,2186,0.0133,0.2514,1.8800000000000001,,-1.0222,0.25,,,,
bob,0,28604668,2187,0.0056,0.2447,1.8399999999999999,,-1.0116,0.239,,,,
bob,0,28604668,2188,0.0083,0.237,1.9800000000000002,,-1.0101,0.2573,,,,
bob,0,28604668,2189,0.0152,0.2439,1.94,,-1.0097,0.2505,,,,
bob,0,28604668,2190,0.0036,0.2553,1.9800000000000002,,-1.0134,0.2482,,,,
bob,0,28604668,2191,0.0154,0.2606,1.8800000000000001,,-1.0178,0.2485,,,,
bob,0,28604668,2192,0.0156,0.2424,1.7999999999999998,,-1.0244,0.2402,,,,
bob,0,28604668,2193,0.0182,0.276,2.18,,-1.0224,0.2805,,,,
bob,0,28611005,2194,0.0029,0.2701,1.76,,-1.0858,0.245,,,,
bob,0,28611005,2195,0.0021,0.2733,1.82,,-1.0761,0.2438,,,,
bob,0,28611005,2196,0.0034,0.2277,1.7399999999999998,,-1.0632,0.2287,,,,
bob,0,28611005,2197,0.0051,0.2343,1.9800000000000002,,-1.0586,0.2561,,,,
bob,0,28611005,2198,0.006,0.2187,1.94,,-1.0642,0.2592,,,,
bob,0,28611005,2199,0.0042,0.2234,1.7399999999999998,,-1.0382,0.2277,,,,
bob,0,28611005,2200,0.0027,0.2447,1.6,,-1.045,0.2119,,,,
bob,0,28611005,2201,0.0099,0.2721,2.1999999999999997,,-1.0433,0.2813,,,,
bob,0,28611005,2202,0.0049,0.2601,1.94,,-1.0341,0.2624,,,,
bob,0,28611005,2203,0.0041,0.2848,2.42,,-1.0335,0.3094,,,,
bob,0,28611005,2204,0.0032,0.2478,1.7999999999999998,,-1.0242,0.2446,,,,
bob,0,28611005,2205,0.0061,0.2632,2.02,,-1.0219,0.2608,,,,
bob,0,28611005,2206,0.0054,0.2502,1.78,,-1.0149,0.2345,,,,
bob,0,28611005,2207,0.006,0.2733,2.1,,-1.0152,0.2664,,,,
bob,0,28611005,2208,0.0096,0.257,2.06,,-1.0319,0.2774,,,,
bob,0,28611005,2209,0.0087,0.2572,2.04,,-1.0228,0.2584,,,,
bob,0,28611005,2210,0.0075,0.2337,1.7399999999999998,,-1.0224,0.2315,,,,
bob,0,28611005,2211,0.0112,0.2763,1.82,,-1.0252,0.2432,,,,
bob,0,28611005,2212,0.0088,0.2594,1.8800000000000001,,-1.0354,0.2467,,,,
bob,0,28611005,2213,0.0098,0.284,2.18,,-1.0265,0.2849,,,,
bob,0,28611005,2214,0.0101,0.2642,2.26,,-1.0236,0.2921,,,,
bob,0,28611005,2215,0.0116,0.2409,1.82,,-1.0165,0.2405,,,,
bob,0,28611005,2216,0.0134,0.2755,2.16,,-1.0271,0.2788,,,,
bob,0,28611005,2217,0.0119,0.2731,2.06,,-1.0265,0.2627,,,,
bob,0,28611005,2218,0.0138,0.2933,2.1,,-1.0181,0.264,,,,
bob,0,28611005,2219,0.0129,0.2875,2.42,,-1.0214,0.3139,,,,
bob,0,28611005,2220,0.0154,0.2683,2.08,,-1.0198,0.2745,,,,
bob,0,28611005,2221,0.0114,0.2856,2.18,,-1.0186,0.2785,,,,
bob,0,28611005,2222,0.0138,0.2711,2.26,,-1.0375,0.301,,,,
bob,0,28611005,2223,0.0158,0.2392,1.78,,-1.0391,0.235,,,,
bob,0,28611005,2224,0.014,0.2647,2.1399999999999997,,-1.0272,0.2729,,,,
bob,0,28611005,2225,0.0155,0.258,1.82,,-1.0346,0.2355,,,,
bob,0,28611005,2226,0.0178,0.3158,2.4,,-1.0225,0.3008,,,,
bob,0,28611005,2227,0.0196,0.3055,2.2399999999999998,,-1.024,0.2947,,,,
bob,0,28611005,2228,0.0172,0.2662,2.08,,-1.0157,0.271,,,,
bob,0,28611005,2229,0.016,0.2841,2.22,,-1.0251,0.2862,,,,
bob,0,28611005,2230,0.0167,0.2511,1.7999999999999998,,-1.0222,0.2343,,,,
bob,0,28611005,2231,0.0129,0.2606,1.96,,-1.0179,0.2587,,,,
bob,0,28611005,2232,0.0142,0.2476,1.76,,-1.0227,0.2372,,,,
bob,0,28611005,2233,0.0134,0.2095,1.72,,-1.0231,0.221,,,,
bob,0,28611005,2234,0.0149,0.3074,2.3,,-1.0219,0.2977,,,,
bob,0,28611005,2235,0.0123,0.2613,1.8599999999999999,,-1.0185,0.2481,,,,
bob,0,28611005,2236,0.0188,0.2711,1.9,,-1.0233,0.2471,,,,
bob,0,28611005,2237,0.0133,0.2656,1.94,,-1.0159,0.2486,,,,
bob,0,28611005,2238,0.0157,0.2469,1.8399999999999999,,-1.0205,0.24,,,,
bob,0,28611005,2239,0.0162,0.2522,1.76,,-1.0093,0.235,,,,
bob,0,28611005,2240,0.016,0.2269,1.72,,-1.0196,0.2198,,,,
bob,0,28611005,2241,0.019,0.2897,1.96,,-1.0114,0.2563,,,,
bob,0,28611005,2242,0.0159,0.2896,1.8800000000000001,,-1.0157,0.2544,,,,
bob,0,28611005,2243,0.0151,0.2842,1.82,,-1.0216,0.24,,,,
bob,0,28611005,2244,0.0149,0.2596,2.0,,-1.021,0.261,,,,
bob,0,28611005,2245,0.0145,0.2361,1.9,,-1.0269,0.251,,,,
bob,0,28611005,2246,0.0153,0.2588,2.04,,-1.0165,0.2625,,,,
bob,0,28611005,2247,0.0152,0.3039,2.02,,-1.019,0.2635,,,,
bob,0,28611005,2248,0.012,0.3095,2.2800000000000002,,-1.0172,0.2973,,,,
bob,0,28611005,2249,0.0154,0.2469,1.7399999999999998,,-1.0109,0.23,,,,
bob,0,28611005,2250,0.0033,0.2667,2.12,,-1.0079,0.2676,,,,
bob,0,28611005,2251,0.0163,0.297,2.04,,-1.0232,0.2657,,,,
bob,0,28611005,2252,-0.0001,0.2454,1.78,,-1.0308,0.2412,,,,
bob,0,28611005,2253,0.0131,0.2609,2.06,,-1.0167,0.266,,,,
bob,0,28611005,2254,0.0022,0.268,1.8399999999999999,,-1.0324,0.2395,,,,
bob,0,28611005,2255,0.0022,0.2711,2.1,,-1.0231,0.2687,,,,
bob,0,28611005,2256,0.0031,0.2535,2.06,,-1.0319,0.2731,,,,
bob,0,28611005,2257,0.0187,0.2672,2.02,,-1.0252,0.264,,,,
bob,0,28611005,2258,0.0015,0.2531,1.76,,-1.0193,0.2314,,,,
bob,0,28611005,2259,0.0215,0.2534,2.08,,-1.0141,0.2676,,,,
bob,0,28611005,2260,0.0014,0.2826,2.3,,-1.0126,0.2936,,,,
bob,0,28611005,2261,0.0175,0.2889,2.22,,-1.0201,0.292,,,,
bob,0,28611005,2262,0.0207,0.2614,1.8599999999999999,,-1.0204,0.2505,,,,
bob,0,28611005,2263,0.0198,0.2829,2.32,,-1.0229,0.295,,,,
bob,0,28611005,2264,0.0052,0.3105,2.34,,-1.0084,0.2991,,,,
bob,0,28611005,2265,0.0017,0.2583,2.0,,-1.0198,0.2572,,,,
bob,0,28611005,2266,0.0024,0.3011,2.2399999999999998,,-1.0147,0.2927,,,,
bob,0,28611005,2267,0.0043,0.2645,2.12,,-1.0048,0.2768,,,,
bob,0,28611005,2268,0.004,0.2645,2.26,,-1.0131,0.2904,,,,
bob,0,28611005,2269,0.0195,0.2839,2.1399999999999997,,-1.0176,0.2692,,,,
bob,0,28611005,2270,0.0045,0.2744,2.3,,-1.0348,0.2949,,,,
bob,0,28611005,2271,0.017,0.2394,1.66,,-1.0378,0.2266,,,,
bob,0,28611005,2272,0.0042,0.2445,1.8399999999999999,,-1.026,0.2471,,,,
bob,0,28611005,2273,0.0023,0.2604,1.9,,-1.0169,0.2529,,,,
bob,0,28611005,2274,0.0047,0.2416,1.8399999999999999,,-1.0278,0.2413,,,,
bob,0,28611005,2275,0.0203,0.2795,2.04,,-1.0096,0.2708,,,,
bob,0,28611005,2276,0.0184,0.2687,2.04,,-1.0079,0.2634,,,,
bob,0,28611005,2277,0.0172,0.2756,2.1399999999999997,,-1.0062,0.2705,,,,
bob,0,28611005,2278,0.0154,0.2586,2.0,,-1.0118,0.262,,,,
bob,0,28611005,2279,0.018,0.3206,2.22,,-1.0257,0.2815,,,,
bob,0,28611005,2280,0.0044,0.3413,2.46,,-1.019,0.3105,,,,
bob,0,28611005,2281,0.0061,0.295,2.52,,-1.0146,0.3197,,,,
bob,0,28611005,2282,0.0023,0.2777,2.34,,-1.0179,0.3055,,,,
bob,0,28611005,2283,0.0058,0.2505,2.08,,-1.0169,0.2678,,,,
bob,0,28611005,2284,0.0026,0.2582,2.1399999999999997,,-1.022,0.2751,,,,
bob,0,28611005,2285,0.0035,0.2818,2.12,,-1.0209,0.2761,,,,
bob,0,28611005,2286,0.0054,0.2562,2.12,,-1.0222,0.2751,,,,
bob,0,28611005,2287,0.0024,0.2831,1.96,,-1.015,0.2542,,,,
bob,0,28611005,2288,0.0178,0.2506,1.94,,-1.0251,0.2535,,,,
bob,0,28611005,2289,0.0188,0.2584,1.92,,-1.0183,0.2607,,,,
bob,0,28611005,2290,0.0042,0.2576,2.12,,-1.0164,0.2658,,,,
bob,0,28611005,2291,0.0166,0.2674,2.2399999999999998,,-1.0144,0.2815,,,,
bob,0,28611005,2292,0.018,0.2816,1.9800000000000002,,-1.0202,0.2576,,,,
bob,0,28611005,2293,0.0031,0.2774,2.04,,-1.0066,0.2715,,,,
bob,0,28611005,2294,0.0175,0.2623,2.04,,-1.0182,0.2682,,,,
bob,0,28611005,2295,0.0162,0.3004,1.96,,-1.0142,0.2549,,,,
bob,0,28611005,2296,0.0048,0.3096,2.6,,-1.0252,0.3241,,,,
bob,0,28611005,2297,0.0182,0.3057,2.3,,-1.0195,0.3051,,,,
bob,0,28611005,2298,0.0205,0.2898,2.22,,-0.9848,0.2896,,,,
bob,0,28611005,2299,0.0227,0.2578,2.1,,-0.9944,0.2702,,,,
bob,0,28611005,2300,0.0039,0.2274,1.7999999999999998,,-1.013,0.2318,,,,
bob,0,28611005,2301,0.0013,0.2482,1.8800000000000001,,-1.0129,0.2462,,,,
bob,0,28611005,2302,0.0214,0.2851,2.22,,-1.0002,0.282,,,,
bob,0,28611005,2303,0.0026,0.2603,1.96,,-1.0058,0.2505,,,,
bob,0,28611005,2304,0.0041,0.2666,2.02,,-1.0171,0.2637,,,,
bob,0,28611005,2305,0.0031,0.2843,2.1,,-1.0152,0.27,,,,
bob,0,28611005,2306,0.0057,0.256,1.94,,-1.0202,0.2543,,,,
bob,0,28611005,2307,0.0042,0.261,1.9800000000000002,,-1.0103,0.2614,,,,
bob,0,28611005,2308,0.0071,0.2826,2.16,,-1.0087,0.2763,,,,
bob,0,28611005,2309,0.0209,0.283,2.16,,-1.0219,0.2819,,,,
bob,0,28611005,2310,0.0107,0.2878,2.34,,-1.0142,0.303,,,,
bob,0,28611005,2311,0.0029,0.3186,2.6,,-1.0043,0.3277,,,,
bob,0,28611005,2312,0.0058,0.3032,2.46,,-1.0242,0.3094,,,,
bob,0,28611005,2313,0.0182,0.2367,1.8399999999999999,,-1.0073,0.2364,,,,
bob,0,28611005,2314,0.0059,0.2671,1.8399999999999999,,-1.0107,0.2427,,,,
bob,0,28611005,2315,0.0223,0.3038,2.0,,-1.0107,0.2584,,,,
bob,0,28611005,2316,0.0178,0.2457,1.78,,-1.0258,0.2363,,,,
bob,0,28611005,2317,0.0185,0.2898,2.16,,-1.0175,0.2803,,,,
bob,0,28611005,2318,0.0052,0.3175,2.1399999999999997,,-1.0146,0.2751,,,,
bob,0,28611005,2319,0.0208,0.2587,1.96,,-1.0144,0.2542,,,,
bob,0,28611005,2320,0.0025,0.2693,2.18,,-1.0139,0.2795,,,,
bob,0,28611005,2321,0.0177,0.2225,1.76,,-1.0206,0.2337,,,,
bob,0,28611005,2322,0.0042,0.2387,1.82,,-1.0226,0.2424,,,,
bob,0,28611005,2323,0.0165,0.262,1.82,,-1.015,0.236,,,,
bob,0,28611005,2324,0.0025,0.2793,1.94,,-1.0154,0.2495,,,,
bob,0,28611005,2325,0.0198,0.2659,1.9,,-1.0183,0.2491,,,,
bob,0,28611005,2326,0.019,0.2609,2.1399999999999997,,-1.0145,0.2717,,,,
bob,0,28611005,2327,0.0233,0.284,2.26,,-1.0233,0.297,,,,
bob,0,28611005,2328,0.0026,0.286,2.02,,-1.0121,0.2631,,,,
bob,0,28611005,2329,0.0045,0.291,2.02,,-1.017,0.2538,,,,
bob,0,28611005,2330,0.0027,0.25,1.82,,-1.0257,0.25,,,,
bob,0,28611005,2331,0.0026,0.3001,2.2399999999999998,,-1.0249,0.2854,,,,
bob,0,28611005,2332,0.0179,0.2865,2.08,,-1.0188,0.2677,,,,
bob,0,28611005,2333,0.0231,0.2916,2.1,,-1.0234,0.2746,,,,
bob,0,28611005,2334,0.0048,0.2518,2.06,,-1.028,0.2653,,,,
bob,0,28611005,2335,0.0023,0.2736,2.08,,-1.0336,0.2678,,,,
bob,0,28611005,2336,0.0143,0.2459,2.0,,-1.0193,0.2541,,,,
bob,0,28611005,2337,0.0055,0.2678,1.9800000000000002,,-1.0335,0.2585,,,,
bob,0,28611005,2338,0.0175,0.3026,2.1999999999999997,,-1.022,0.2823,,,,
bob,0,28611005,2339,0.0038,0.2611,1.92,,-1.0252,0.2509,,,,
bob,0,28611005,2340,0.0184,0.2555,1.92,,-1.0126,0.2562,,,,
bob,0,28611005,2341,0.0034,0.2466,1.9,,-1.031,0.2424,,,,
bob,0,28611005,2342,0.0033,0.2593,1.9800000000000002,,-1.0275,0.2597,,,,
bob,0,28611005,2343,0.0042,0.303,2.22,,-1.0288,0.2903,,,,
bob,0,28611005,2344,0.005,0.2896,2.1,,-1.0149,0.2756,,,,
bob,0,28611005,2345,0.0044,0.2898,2.1,,-1.0189,0.271,,,,
bob,0,28611005,2346,0.005,0.271,1.8399999999999999,,-1.0129,0.2414,,,,
bob,0,28611005,2347,0.0048,0.2891,2.1,,-1.0081,0.2695,,,,
bob,0,28611005,2348,0.005,0.2661,2.06,,-1.0103,0.2712,,,,
bob,0,28611005,2349,0.0035,0.2953,2.1999999999999997,,-1.0232,0.2737,,,,
bob,0,28611005,2350,0.0011,0.282,2.2399999999999998,,-1.0198,0.2895,,,,
bob,0,28611005,2351,0.004,0.2781,2.1399999999999997,,-1.0194,0.2741,,,,
bob,0,28611005,2352,0.008,0.2974,2.26,,-1.0302,0.2844,,,,
bob,0,28611005,2353,0.0188,0.2439,1.96,,-1.014,0.2636,,,,
bob,0,28611005,2354,0.0065,0.2874,2.04,,-1.0192,0.2611,,,,
bob,0,28611005,2355,0.0196,0.2634,2.1999999999999997,,-1.0332,0.2779,,,,
bob,0,28611005,2356,0.0012,0.2996,2.44,,-1.0225,0.3202,,,,
bob,0,28611005,2357,0.0155,0.2879,1.9800000000000002,,-0.9969,0.2533,,,,
bob,0,28611005,2358,0.0073,0.2882,2.22,,-1.0129,0.2831,,,,
bob,0,28611005,2359,0.0036,0.27,2.12,,-1.0106,0.2694,,,,
bob,0,28611005,2360,0.0205,0.2581,2.1,,-0.9958,0.2737,,,,
bob,0,28611005,2361,0.0072,0.2972,2.1999999999999997,,-1.0144,0.2831,,,,
bob,0,28611005,2362,0.0193,0.2761,1.96,,-1.0078,0.2576,,,,
bob,0,28611005,2363,0.0033,0.2709,1.8800000000000001,,-1.0347,0.2399,,,,
bob,0,28611005,2364,0.0201,0.2429,1.8800000000000001,,-1.0118,0.2414,,,,
bob,0,28611005,2365,0.0035,0.3047,2.2399999999999998,,-1.0243,0.2873,,,,
bob,0,28611005,2366,0.0022,0.296,2.18,,-1.0306,0.2868,,,,
bob,0,28611005,2367,0.0024,0.2955,2.06,,-1.0189,0.2719,,,,
bob,0,28611005,2368,0.0042,0.2838,2.0,,-1.0186,0.2551,,,,
bob,0,28611005,2369,0.0213,0.2966,2.06,,-1.0315,0.2653,,,,
bob,0,28611005,2370,0.0063,0.2621,1.8800000000000001,,-1.019,0.2426,,,,
bob,0,28611005,2371,0.0012,0.3007,2.26,,-1.0285,0.2917,,,,
bob,0,28611005,2372,0.0074,0.2481,1.7999999999999998,,-1.0162,0.2366,,,,
bob,0,28611005,2373,0.0056,0.2925,2.04,,-1.0075,0.2673,,,,
bob,0,28611005,2374,0.0206,0.2734,1.92,,-1.0295,0.2454,,,,
bob,0,28611005,2375,0.004,0.2614,2.04,,-1.0224,0.2583,,,,
bob,0,28611005,2376,0.0019,0.2815,2.2399999999999998,,-1.0155,0.2834,,,,
bob,0,28611005,2377,0.0037,0.2639,2.1,,-1.0168,0.2665,,,,
bob,0,28611005,2378,0.0022,0.2807,1.94,,-1.0163,0.2588,,,,
bob,0,28611005,2379,0.0232,0.2916,2.1399999999999997,,-1.0159,0.2786,,,,
bob,0,28611005,2380,0.0248,0.3151,2.78,,-1.0164,0.3436,,,,
bob,0,28611005,2381,0.0052,0.2613,2.2800000000000002,,-1.0035,0.2955,,,,
bob,0,28611005,2382,0.007,0.2311,1.82,,-1.0114,0.2423,,,,
bob,0,28611005,2383,0.0194,0.248,1.96,,-1.0117,0.2495,,,,
bob,0,28611005,2384,0.004,0.276,1.92,,-1.018,0.2477,,,,
bob,0,28611005,2385,0.0035,0.3029,2.1999999999999997,,-1.022,0.2879,,,,
bob,0,28611005,2386,0.0033,0.2853,2.32,,-1.0313,0.2888,,,,
bob,0,28611005,2387,0.0201,0.2755,2.06,,-1.0177,0.2649,,,,
bob,0,28611005,2388,0.0027,0.3175,2.26,,-1.0254,0.2909,,,,
bob,0,28611005,2389,0.0197,0.2505,1.76,,-1.0088,0.2364,,,,
bob,0,28611005,2390,0.0187,0.2229,1.6400000000000001,,-1.0101,0.2125,,,,
bob,0,28611005,2391,0.0034,0.3036,2.2800000000000002,,-1.0158,0.2913,,,,
bob,0,28611005,2392,0.0163,0.2878,2.1,,-1.0215,0.2759,,,,
bob,0,28611005,2393,0.0086,0.289,2.18,,-1.0237,0.2782,,,,
bob,0,28611005,2394,0.0181,0.2734,2.1,,-1.0224,0.2699,,,,
bob,0,28611005,2395,0.022,0.2522,1.92,,-1.0195,0.2573,,,,
bob,0,28611005,2396,0.0041,0.288,1.94,,-1.0231,0.2486,,,,
bob,0,28611005,2397,0.0033,0.2533,2.04,,-1.0134,0.2636,,,,
bob,0,28611005,2398,0.0152,0.2447,1.9,,-1.0182,0.2505,,,,
bob,0,28611005,2399,0.0069,0.2905,2.22,,-1.0156,0.28,,,,
bob,0,28611005,2400,0.0013,0.2785,2.22,,-1.0257,0.2812,,,,
bob,0,28611005,2401,0.0049,0.2573,2.02,,-1.0152,0.2622,,,,
bob,0,28611005,2402,0.0053,0.2415,2.06,,-1.0199,0.2575,,,,
bob,0,28611005,2403,0.0027,0.3057,2.52,,-1.0061,0.3209,,,,
bob,0,28611005,2404,0.0071,0.2873,2.1,,-1.0184,0.2697,,,,
bob,0,28611005,2405,0.0044,0.2833,2.18,,-1.0213,0.2754,,,,
bob,0,28611005,2406,0.0021,0.2959,2.42,,-1.0175,0.3058,,,,
bob,0,28611005,2407,0.0008,0.3223,2.5,,-1.0141,0.3142,,,,
bob,0,28611005,2408,0.0032,0.2986,2.32,,-1.008,0.2921,,,,
bob,0,28611005,2409,0.0044,0.2884,2.34,,-1.0214,0.2991,,,,
bob,0,28611005,2410,0.0205,0.2797,2.1399999999999997,,-1.0177,0.2857,,,,
bob,0,28611005,2411,0.002,0.2432,1.7399999999999998,,-1.0217,0.2254,,,,
bob,0,28611005,2412,0.0036,0.3286,2.48,,-1.0184,0.3103,,,,
bob,0,28611005,2413,0.0049,0.2506,1.9,,-1.0126,0.249,,,,
bob,0,28611005,2414,0.0023,0.2963,2.02,,-1.0219,0.266,,,,
bob,0,28611005,2415,0.0278,0.2963,2.06,,-1.0191,0.2694,,,,
bob,0,28611005,2416,0.0032,0.2982,2.06,,-1.0088,0.2648,,,,
bob,0,28611005,2417,0.0066,0.2919,2.3,,-1.0176,0.2924,,,,
bob,0,28611005,2418,0.002,0.2922,1.9800000000000002,,-1.0141,0.2571,,,,
bob,0,28611005,2419,0.0227,0.2681,2.1,,-1.0301,0.2641,,,,
bob,0,28611005,2420,0.0029,0.2896,2.26,,-1.0172,0.2996,,,,
bob,0,28611005,2421,0.0015,0.294,2.2399999999999998,,-1.0117,0.2884,,,,
bob,0,28611005,2422,0.0033,0.2963,2.02,,-1.0143,0.2588,,,,
bob,0,28611005,2423,0.0057,0.2797,2.2800000000000002,,-1.016,0.2891,,,,
bob,0,28611005,2424,0.0188,0.2501,1.72,,-1.0196,0.2268,,,,
bob,0,28611005,2425,0.0176,0.283,1.8599999999999999,,-1.0124,0.2443,,,,
bob,0,28611005,2426,0.0053,0.2592,1.8599999999999999,,-1.0194,0.2383,,,,
bob,0,28611005,2427,0.0172,0.2547,1.82,,-1.0147,0.2381,,,,
bob,0,28611005,2428,0.0194,0.2446,1.6,,-1.011,0.2115,,,,
bob,0,28611005,2429,0.0051,0.2815,1.92,,-1.0275,0.2491,,,,
bob,0,28611005,2430,0.0063,0.2977,2.34,,-1.0191,0.3011,,,,
bob,0,28611005,2431,0.0202,0.2652,1.8399999999999999,,-1.022,0.2372,,,,
bob,0,28611005,2432,0.0061,0.2952,2.3,,-1.0137,0.2937,,,,
bob,0,28611005,2433,0.0212,0.3063,2.2800000000000002,,-1.0074,0.2886,,,,
bob,0,28611005,2434,0.0167,0.2668,2.02,,-1.0254,0.262,,,,
bob,0,28611005,2435,0.004,0.2603,2.1399999999999997,,-1.0194,0.2727,,,,
bob,0,28611005,2436,0.003,0.2594,1.92,,-1.0186,0.2524,,,,
bob,0,28611005,2437,0.0225,0.3161,2.42,,-1.0187,0.3032,,,,
bob,0,28611005,2438,0.0051,0.315,2.62,,-1.0066,0.3225,,,,
bob,0,28611005,2439,0.0079,0.2909,2.18,,-1.0226,0.2792,,,,
bob,0,28611005,2440,0.0185,0.2827,2.3800000000000003,,-1.0217,0.3084,,,,
bob,0,28611005,2441,0.0051,0.2157,1.82,,-1.0189,0.2423,,,,
bob,0,28611005,2442,0.0027,0.2681,1.92,,-1.011,0.2439,,,,
bob,0,28611005,2443,0.0063,0.274,2.1,,-1.0141,0.272,,,,
bob,0,28611005,2444,0.0179,0.2412,1.94,,-1.0018,0.2505,,,,
bob,0,28611005,2445,0.0049,0.2864,2.26,,-1.0079,0.2921,,,,
bob,0,28611005,2446,0.003,0.2636,1.9800000000000002,,-1.0148,0.2571,,,,
bob,0,28611005,2447,0.0029,0.2614,1.9,,-1.0175,0.2449,,,,
bob,0,28611005,2448,0.0032,0.2986,2.42,,-1.02,0.3024,,,,
bob,0,28611005,2449,0.0026,0.3017,2.2800000000000002,,-1.0286,0.291,,,,
bob,0,28611005,2450,0.0004,0.2769,2.18,,-1.0057,0.2807,,,,
bob,0,28611005,2451,0.0032,0.2554,2.0,,-1.0205,0.2607,,,,
bob,0,28611005,2452,0.0031,0.3131,2.44,,-1.0187,0.3125,,,,
bob,0,28611005,2453,0.0044,0.2852,2.2399999999999998,,-1.0102,0.2862,,,,
bob,0,28611005,2454,0.0076,0.2452,1.96,,-1.0196,0.256,,,,
bob,0,28611005,2455,0.0048,0.2671,2.22,,-1.0152,0.2769,,,,
bob,0,28611005,2456,0.0008,0.2838,2.2399999999999998,,-1.0207,0.2887,,,,
bob,0,28611005,2457,0.0019,0.2669,1.9,,-1.0167,0.2467,,,,
bob,0,28611005,2458,0.0057,0.2631,2.0,,-1.006,0.261,,,,
bob,0,28611005,2459,0.0022,0.2811,2.16,,-1.0171,0.2808,,,,
bob,0,28611005,2460,0.0082,0.2942,2.18,,-1.0149,0.2761,,,,
bob,0,28611005,2461,0.0034,0.3013,2.18,,-1.003,0.2817,,,,
bob,0,28611005,2462,0.0063,0.2785,2.08,,-1.0164,0.27,,,,
bob,0,28611005,2463,0.0048,0.2752,2.0,,-1.018,0.2565,,,,
bob,0,28611005,2464,0.0057,0.2889,2.2800000000000002,,-1.0233,0.2857,,,,
bob,0,28611005,2465,0.0057,0.3426,2.54,,-1.014,0.3151,,,,
bob,0,28611005,2466,0.0057,0.2863,2.06,,-1.0277,0.2648,,,,
bob,0,28611005,2467,0.002,0.2842,2.1,,-1.0253,0.2638,,,,
bob,0,28611005,2468,0.0069,0.2482,1.76,,-1.0168,0.2353,,,,
bob,0,28611005,2469,0.0066,0.266,1.9,,-1.0162,0.2486,,,,
bob,0,28611005,2470,0.0047,0.3286,2.54,,-1.0284,0.3171,,,,
bob,0,28611005,2471,0.0033,0.3084,2.12,,-1.0131,0.275,,,,
bob,0,28611005,2472,0.0017,0.2802,2.34,,-1.0194,0.2989,,,,
bob,0,28611005,2473,0.0029,0.2976,2.2399999999999998,,-1.0291,0.279,,,,
bob,0,28611005,2474,0.0023,0.2988,2.26,,-1.0226,0.2881,,,,
bob,0,28611005,2475,0.0086,0.3,2.32,,-1.0207,0.3011,,,,
bob,0,28611005,2476,0.004,0.2898,2.3800000000000003,,-1.0301,0.2951,,,,
bob,0,28611005,2477,0.0022,0.2402,1.92,,-1.0276,0.2486,,,,
bob,0,28611005,2478,0.011,0.2973,2.54,,-1.0198,0.3183,,,,
bob,0,28611005,2479,0.0029,0.2942,2.08,,-1.0199,0.2694,,,,
bob,0,28611005,2480,0.0061,0.2866,2.3800000000000003,,-1.0223,0.3078,,,,
bob,0,28611005,2481,0.0031,0.281,2.7,,-1.0141,0.3269,,,,
bob,0,28611005,2482,0.0021,0.342,2.54,,-1.0119,0.3185,,,,
bob,0,28611005,2483,0.0032,0.3001,2.1999999999999997,,-1.0163,0.2905,,,,
bob,0,28611005,2484,0.0015,0.2791,2.46,,-1.0087,0.3045,,,,
bob,0,28611005,2485,0.0027,0.2638,2.3,,-1.0104,0.2901,,,,
bob,0,28611005,2486,0.005,0.3318,2.34,,-1.0234,0.2905,,,,
bob,0,28611005,2487,0.0009,0.2806,2.42,,-1.0265,0.3102,,,,
bob,0,28611005,2488,0.0026,0.3097,2.68,,-1.031,0.3273,,,,
bob,0,28611005,2489,0.0017,0.3121,2.2800000000000002,,-1.0127,0.2931,,,,
bob,0,28611005,2490,0.0014,0.2642,2.08,,-1.0254,0.2624,,,,
bob,0,28611005,2491,0.0054,0.3323,2.78,,-1.0294,0.3426,,,,
bob,0,28611005,2492,0.0019,0.2916,2.6,,-1.0334,0.3242,,,,
bob,0,28611005,2493,0.0035,0.3101,2.6599999999999997,,-1.0234,0.3421,,,,
bob,0,28611005,2494,0.0052,0.2856,2.2399999999999998,,-1.0128,0.28,,,,
bob,0,28611005,2495,0.0071,0.2626,2.1999999999999997,,-1.0126,0.2791,,,,
bob,0,28611005,2496,0.0079,0.2775,1.9800000000000002,,-1.0099,0.2541,,,,
bob,0,28611005,2497,0.006,0.2628,2.02,,-1.0172,0.2632,,,,
bob,0,28611005,2498,0.0041,0.2639,1.92,,-1.0197,0.25,,,,
bob,0,28611005,2499,0.0089,0.3168,2.1399999999999997,,-1.0038,0.2688,,,,
bob,0,28611005,2500,0.0081,0.2884,2.12,,-1.0019,0.2739,,,,
bob,0,28611005,2501,0.0049,0.2936,1.92,,-1.0115,0.2509,,,,
bob,0,28611005,2502,0.005,0.2913,2.16,,-1.0211,0.2775,,,,
bob,0,28611005,2503,0.0061,0.2815,2.1999999999999997,,-1.0242,0.2849,,,,
bob,0,28611005,2504,0.0057,0.3229,2.18,,-1.005,0.2729,,,,
bob,0,28611005,2505,0.0026,0.3072,2.2399999999999998,,-1.0125,0.2868,,,,
bob,0,28611005,2506,0.0031,0.2708,2.06,,-1.0114,0.261,,,,
bob,0,28611005,2507,0.0037,0.2808,2.08,,-1.0187,0.2635,,,,
bob,0,28611005,2508,0.0039,0.3315,2.26,,-1.0101,0.2892,,,,
bob,0,28611005,2509,0.004,0.3102,2.3,,-1.0053,0.2886,,,,
bob,0,28611005,2510,0.0035,0.3229,2.46,,-1.002,0.3124,,,,
bob,0,28611005,2511,0.0044,0.323,2.3800000000000003,,-1.022,0.3039,,,,
bob,0,28611005,2512,0.0034,0.3116,2.42,,-1.0174,0.3002,,,,
bob,0,28611005,2513,0.0012,0.3298,2.46,,-1.017,0.3137,,,,
bob,0,28611005,2514,0.0033,0.2794,2.06,,-1.0167,0.2595,,,,
bob,0,28611005,2515,0.0024,0.3119,2.46,,-1.0168,0.3132,,,,
bob,0,28611005,2516,0.003,0.2951,2.06,,-1.0202,0.2645,,,,
bob,0,28611005,2517,0.0101,0.2898,2.36,,-1.0088,0.295,,,,
bob,0,28611005,2518,0.0053,0.3012,2.2800000000000002,,-1.0117,0.2934,,,,
bob,0,28611005,2519,0.0047,0.2865,2.3,,-1.0159,0.2862,,,,
bob,0,28611005,2520,0.0046,0.3052,2.2399999999999998,,-1.0194,0.2862,,,,
bob,0,28611005,2521,0.0057,0.2789,2.16,,-1.0167,0.2729,,,,
bob,0,28611005,2522,0.0043,0.2428,1.8399999999999999,,-1.0116,0.2386,,,,
bob,0,28611005,2523,0.0053,0.3177,2.46,,-1.0127,0.3055,,,,
bob,0,28611005,2524,0.0065,0.3122,2.46,,-1.0212,0.3063,,,,
bob,0,28611005,2525,0.0036,0.2992,2.1999999999999997,,-1.0077,0.2833,,,,
bob,0,28611005,2526,0.0087,0.2815,2.26,,-1.0138,0.2816,,,,
bob,0,28611005,2527,0.0076,0.3052,2.3,,-1.0204,0.2888,,,,
bob,0,28611005,2528,0.003,0.3093,2.54,,-1.0093,0.3302,,,,
bob,0,28611005,2529,0.0044,0.3093,2.26,,-1.0075,0.2839,,,,
bob,0,28611005,2530,0.0046,0.2828,2.06,,-1.0137,0.2629,,,,
bob,0,28611005,2531,0.0062,0.328,2.5,,-1.0113,0.3123,,,,
bob,0,28611005,2532,0.0032,0.315,2.3,,-0.9973,0.298,,,,
bob,0,28611005,2533,0.004,0.2909,2.22,,-1.0091,0.2805,,,,
bob,0,28611005,2534,0.005,0.3104,2.36,,-1.007,0.289,,,,
bob,0,28611005,2535,0.0052,0.2914,2.26,,-1.0179,0.2952,,,,
bob,0,28611005,2536,0.004,0.3132,2.26,,-1.0015,0.2868,,,,
bob,0,28611005,2537,0.0046,0.2771,2.12,,-1.0159,0.2687,,,,
bob,0,28611005,2538,0.0031,0.3101,2.16,,-1.0162,0.2747,,,,
bob,0,28611005,2539,0.0026,0.2866,1.9800000000000002,,-1.0056,0.26,,,,
bob,0,28611005,2540,0.004,0.3294,2.34,,-1.0199,0.2949,,,,
bob,0,28611005,2541,0.0035,0.3078,2.26,,-1.0178,0.2865,,,,
bob,0,28611005,2542,0.006,0.3033,2.36,,-1.0193,0.3017,,,,
bob,0,28611005,2543,0.006,0.2986,2.32,,-1.0199,0.2968,,,,
bob,0,28611005,2544,0.0021,0.2761,2.3,,-1.0119,0.2947,,,,
bob,0,28611005,2545,0.0034,0.3051,2.34,,-1.0242,0.2847,,,,
bob,0,28611005,2546,0.0035,0.3002,2.56,,-0.9894,0.3206,,,,
bob,0,28611005,2547,0.0115,0.3252,2.56,,-1.0064,0.3265,,,,
bob,0,28611005,2548,0.003,0.3409,2.58,,-1.0108,0.3201,,,,
bob,0,28611005,2549,0.0027,0.2771,2.04,,-1.0101,0.2592,,,,
bob,0,28611005,2550,0.0012,0.2912,2.1,,-1.0141,0.268,,,,
bob,0,28611005,2551,0.0017,0.318,2.68,,-1.0101,0.3419,,,,
bob,0,28611005,2552,0.0009,0.3094,2.4,,-1.0204,0.2944,,,,
bob,0,28611005,2553,0.0046,0.3174,2.68,,-1.0191,0.3358,,,,
bob,0,28611005,2554,0.0029,0.3355,2.52,,-1.019,0.3129,,,,
bob,0,28611005,2555,0.005,0.3139,2.34,,-1.0159,0.2956,,,,
bob,0,28611005,2556,0.0034,0.3119,2.4,,-1.0024,0.3018,,,,
bob,0,28611005,2557,0.0044,0.3134,2.16,,-1.0027,0.2726,,,,
bob,0,28611005,2558,0.0058,0.3252,2.2800000000000002,,-1.0092,0.2912,,,,
bob,0,28611005,2559,0.0065,0.2682,2.4,,-1.0208,0.3004,,,,
bob,0,28611005,2560,0.0038,0.2851,2.34,,-1.0247,0.3,,,,
bob,0,28611005,2561,0.0027,0.2892,2.32,,-1.018,0.3006,,,,
bob,0,28611005,2562,0.004,0.3197,2.42,,-1.0275,0.3007,,,,
bob,0,28611005,2563,0.0036,0.3015,2.18,,-1.0135,0.2838,,,,
bob,0,28611005,2564,0.0038,0.2952,2.36,,-1.0199,0.2906,,,,
bob,0,28611005,2565,0.0025,0.3008,2.2399999999999998,,-1.0204,0.2778,,,,
bob,0,28611005,2566,0.0039,0.2951,2.1399999999999997,,-1.0171,0.2756,,,,
bob,0,28611005,2567,0.0027,0.3046,2.34,,-1.0293,0.2953,,,,
bob,0,28611005,2568,0.0026,0.3272,2.4,,-1.0194,0.3088,,,,
bob,0,28611005,2569,0.0031,0.3381,2.7199999999999998,,-1.0161,0.3357,,,,
bob,0,28611005,2570,0.0029,0.3061,2.32,,-1.0282,0.2883,,,,
bob,0,28611005,2571,0.0048,0.3331,2.48,,-1.0236,0.3161,,,,
bob,0,28611005,2572,0.004,0.2884,2.5,,-1.0256,0.3099,,,,
bob,0,28611005,2573,0.0068,0.2761,2.22,,-1.015,0.2862,,,,
bob,0,28611005,2574,0.0034,0.2947,2.22,,-1.0177,0.2774,,,,
bob,0,28611005,2575,0.0035,0.2572,1.94,,-1.0218,0.2518,,,,
bob,0,28611005,2576,0.003,0.261,1.7399999999999998,,-1.0152,0.2285,,,,
bob,0,28611005,2577,0.0034,0.2995,2.18,,-1.0143,0.2703,,,,
bob,0,28611005,2578,0.002,0.3161,2.64,,-1.0152,0.3327,,,,
bob,0,28611005,2579,0.0033,0.3383,2.58,,-1.0258,0.3209,,,,
bob,0,28611005,2580,0.0037,0.2993,2.26,,-1.0156,0.2917,,,,
bob,0,28611005,2581,0.0031,0.3207,2.54,,-1.0165,0.3209,,,,
bob,0,28617389,2582,-0.003,0.3287,2.74,,-1.0847,0.3564,,,,
bob,0,28617389,2583,0.0027,0.3113,2.5,,-1.093,0.3198,,,,
bob,0,28617389,2584,0.0002,0.3626,3.02,,-1.109,0.3727,,,,
bob,0,28617389,2585,0.0065,0.307,2.76,,-1.0667,0.3412,,,,
bob,0,28617389,2586,0.0045,0.2843,2.26,,-1.0469,0.29,,,,
bob,0,28617389,2587,0.0045,0.2623,2.26,,-1.0091,0.2778,,,,
bob,0,28617389,2588,0.005,0.3159,2.6,,-1.028,0.3283,,,,
bob,0,28617389,2589,0.0037,0.2675,2.56,,-1.0248,0.3063,,,,
bob,0,28617389,2590,0.0034,0.2969,2.76,,-1.0229,0.341,,,,
bob,0,28617389,2591,0.0023,0.3442,2.88,,-1.032,0.3497,,,,
bob,0,28617389,2592,0.0015,0.3001,2.74,,-1.0372,0.334,,,,
bob,0,28617389,2593,0.004,0.3074,2.64,,-1.0289,0.3302,,,,
bob,0,28617389,2594,0.002,0.3106,2.9000000000000004,,-1.0092,0.3534,,,,
bob,0,28617389,2595,0.0053,0.3305,2.9000000000000004,,-1.0377,0.351,,,,
bob,0,28617389,2596,0.0028,0.238,2.04,,-1.0312,0.256,,,,
bob,0,28617389,2597,0.0094,0.3015,2.74,,-0.9979,0.3327,,,,
bob,0,28617389,2598,0.0048,0.2732,2.5,,-1.0049,0.3097,,,,
bob,0,28617389,2599,0.0049,0.3326,2.8000000000000003,,-1.0253,0.3358,,,,
bob,0,28617389,2600,0.004,0.3111,2.86,,-1.0315,0.3496,,,,
bob,0,28617389,2601,0.0069,0.2952,2.5,,-1.0212,0.3276,,,,
bob,0,28617389,2602,0.0031,0.3231,2.64,,-1.0223,0.3248,,,,
