agent,chain,job_id,global_iter,loss,val,rew,entropy_coef,abc,abc_coef,sr,valid_goals,invalid_goals,avg_xy,max_xy,avg_z,ik_fail_rate,not_moved_frac
alice,0,28830260,0,0.0021,0.0696,1.6757,1.0,,,,84,1378,0.016,0.968,0.011,0.029,0.9350205198358413
alice,0,28830260,1,0.0003,0.1189,3.96,0.9874,,,,102,1224,0.02,1.259,0.012,0.026,0.9079939668174962
alice,0,28830260,2,-0.0014,0.1121,4.2653,0.975,,,,87,1247,0.019,0.951,0.012,0.031,0.9287856071964018
alice,0,28830260,3,-0.0003,0.094,4.3659,0.9628,,,,86,1289,0.018,1.099,0.012,0.024,0.9294545454545454
alice,0,28830260,4,0.0016,0.0986,3.087,0.9507,,,,108,1236,0.024,1.243,0.011,0.028,0.9084821428571429
alice,0,28830260,5,-0.0007,0.0831,3.5946,0.9388,,,,91,1244,0.018,1.013,0.012,0.03,0.9153558052434457
alice,0,28830260,6,-0.0001,0.0896,3.3571,0.927,,,,94,1253,0.02,0.904,0.011,0.029,0.9131403118040089
alice,0,28830260,7,0.0006,0.0794,3.0238,0.9154,,,,101,1250,0.022,1.028,0.012,0.025,0.9126572908956329
alice,0,28830260,8,0.0015,0.1185,3.2075,0.904,,,,115,1180,0.024,1.105,0.012,0.022,0.8957528957528957
alice,0,28830260,9,0.0012,0.1318,3.4237,0.8927,,,,109,1193,0.024,1.34,0.012,0.023,0.9032258064516129
alice,0,28830260,10,0.0008,0.0966,2.75,0.8815,,,,104,1229,0.023,1.079,0.011,0.026,0.9077269317329333
alice,0,28830260,11,0.002,0.1106,3.42,0.8705,,,,107,1197,0.023,1.002,0.012,0.025,0.9041411042944786
alice,0,28830260,12,0.0021,0.1073,3.1837,0.8597,,,,105,1218,0.023,0.87,0.011,0.028,0.9108087679516251
alice,0,28830260,13,0.0036,0.1007,2.7292,0.849,,,,112,1204,0.024,0.793,0.012,0.03,0.9034954407294833
alice,0,28830260,14,0.0015,0.069,2.0857,0.8384,,,,94,1242,0.022,1.094,0.012,0.026,0.9176646706586826
alice,0,28830260,15,0.0042,0.1215,4.3148,0.8279,,,,117,1182,0.026,1.069,0.012,0.027,0.9022324865280985
alice,0,28830260,16,0.0044,0.1095,3.5192,0.8177,,,,118,1194,0.026,1.071,0.012,0.03,0.9001524390243902
alice,0,28830260,17,0.0053,0.1285,3.1935,0.8075,,,,115,1171,0.028,1.219,0.011,0.027,0.895800933125972
alice,0,28830260,18,0.0059,0.1311,3.7,0.7975,,,,138,1159,0.032,1.141,0.012,0.025,0.8789514263685428
alice,0,28830260,19,0.0017,0.1127,3.6604,0.7876,,,,121,1157,0.026,1.086,0.011,0.026,0.8904538341158059
alice,0,28830260,20,0.0059,0.1205,4.0889,0.7778,,,,131,1168,0.028,1.372,0.012,0.027,0.8899153194765204
alice,0,28830260,21,0.0053,0.1447,3.4655,0.7682,,,,127,1129,0.033,1.102,0.013,0.027,0.8821656050955414
alice,0,28830260,22,0.0053,0.1337,3.1186,0.7587,,,,126,1157,0.026,1.059,0.012,0.029,0.882307092751364
alice,0,28830260,23,0.0057,0.1251,2.6825,0.7493,,,,136,1135,0.027,1.205,0.012,0.033,0.8804091266719118
alice,0,28830260,24,0.0062,0.1168,2.8163,0.7401,,,,136,1132,0.028,0.823,0.012,0.025,0.8753943217665615
alice,0,28830260,25,0.0048,0.1574,3.8667,0.7309,,,,135,1102,0.033,1.086,0.012,0.027,0.8714632174616006
alice,0,28830260,26,0.0086,0.1153,2.9412,0.7219,,,,144,1131,0.033,1.116,0.012,0.029,0.8713725490196078
alice,0,28830260,27,0.0075,0.1349,3.4035,0.713,,,,143,1097,0.031,1.017,0.012,0.026,0.867741935483871
alice,0,28830260,28,0.0037,0.1377,3.8136,0.7043,,,,127,1124,0.031,1.289,0.012,0.035,0.8816946442845723
alice,0,28830260,29,0.0139,0.1576,2.7324,0.6956,,,,146,1103,0.034,0.981,0.012,0.025,0.8630904723779024
alice,0,28830260,30,0.0085,0.1172,2.5614,0.6871,,,,139,1111,0.033,1.031,0.012,0.028,0.8656
alice,0,28830260,31,0.0114,0.1665,3.4085,0.6786,,,,155,1066,0.035,1.168,0.012,0.029,0.85995085995086
alice,0,28830260,32,0.0201,0.1642,3.4559,0.6703,,,,165,1056,0.042,1.035,0.012,0.029,0.846027846027846
alice,0,28830260,33,0.0083,0.1573,4.1639,0.6621,,,,147,1071,0.033,1.153,0.012,0.027,0.8579638752052545
alice,0,28830260,34,0.0168,0.1629,2.9552,0.654,,,,169,1052,0.04,1.198,0.012,0.03,0.8452088452088452
alice,0,28830260,35,0.0208,0.2042,3.2278,0.646,,,,201,962,0.047,0.941,0.012,0.03,0.8159931212381771
alice,0,28830260,36,0.0085,0.1927,3.7778,0.6381,,,,166,991,0.044,1.121,0.012,0.03,0.8401037165082109
alice,0,28830260,37,0.0228,0.2119,3.6962,0.6303,,,,209,947,0.054,1.074,0.012,0.031,0.8027681660899654
alice,0,28830260,38,0.0204,0.2483,3.7889,0.6227,,,,216,886,0.055,1.275,0.012,0.03,0.7876588021778584
alice,0,28830260,39,0.016,0.2365,4.1429,0.6151,,,,211,896,0.054,1.206,0.012,0.03,0.7922312556458898
alice,0,28830260,40,0.0201,0.2503,4.2159,0.6076,,,,213,891,0.057,1.068,0.013,0.036,0.7871376811594203
alice,0,28830260,41,0.0156,0.2177,2.8721,0.6002,,,,190,926,0.051,1.094,0.012,0.033,0.8118279569892473
alice,0,28830260,42,0.0229,0.2458,3.8111,0.593,,,,225,890,0.058,1.182,0.012,0.033,0.7820627802690583
alice,0,28830260,43,0.0174,0.2164,3.3718,0.5858,,,,201,922,0.052,1.022,0.013,0.029,0.8005342831700801
alice,0,28830260,44,0.0169,0.227,3.3034,0.5787,,,,195,929,0.051,0.957,0.012,0.03,0.800711743772242
alice,0,28830260,45,0.0259,0.2592,3.7979,0.5717,,,,220,884,0.06,1.101,0.014,0.03,0.7762681159420289
alice,0,28830260,46,0.0246,0.2891,4.3204,0.5648,,,,220,865,0.065,1.091,0.012,0.028,0.7723502304147466
alice,0,28830260,47,0.0165,0.2516,3.6667,0.558,,,,201,924,0.056,1.187,0.012,0.04,0.8026666666666666
alice,0,28830260,48,0.0209,0.2741,4.0,0.5512,,,,226,880,0.06,0.894,0.012,0.033,0.7766726943942134
alice,0,28830260,49,0.0271,0.2836,3.3981,0.5446,,,,251,829,0.07,1.11,0.012,0.029,0.7472222222222222
alice,0,28830260,50,0.0163,0.2891,3.5979,0.5381,,,,218,819,0.064,1.003,0.012,0.032,0.7647058823529411
alice,0,28830260,51,0.0182,0.2687,3.1635,0.5316,,,,231,838,0.065,1.309,0.013,0.037,0.7670720299345183
alice,0,28830260,52,0.0151,0.2811,3.6354,0.5252,,,,242,818,0.067,1.349,0.012,0.033,0.7471698113207547
alice,0,28830260,53,0.0151,0.2822,3.798,0.519,,,,245,787,0.07,1.17,0.013,0.03,0.7461240310077519
alice,0,28830260,54,0.0143,0.2556,3.5275,0.5127,,,,243,823,0.066,1.22,0.013,0.035,0.7401500938086304
alice,0,28830260,55,0.017,0.3066,3.375,0.5066,,,,246,779,0.071,1.093,0.013,0.034,0.7317073170731707
alice,0,28830260,56,0.0132,0.304,3.6071,0.5006,,,,229,813,0.066,0.988,0.012,0.032,0.7504798464491362
alice,0,28830260,57,0.0249,0.3575,4.0403,0.4946,,,,284,708,0.087,1.446,0.013,0.033,0.6945564516129032
alice,0,28830260,58,0.0153,0.285,3.6875,0.4887,,,,250,777,0.071,1.256,0.013,0.028,0.7322297955209348
alice,0,28830260,59,0.0237,0.3008,3.9053,0.4829,,,,274,734,0.084,1.154,0.013,0.027,0.7023809523809523
alice,0,28830260,60,0.0118,0.3082,3.0566,0.4772,,,,259,736,0.081,0.889,0.012,0.037,0.7065326633165829
alice,0,28830260,61,0.0163,0.3633,3.8667,0.4716,,,,260,715,0.08,0.959,0.013,0.028,0.7097435897435898
alice,0,28830260,62,0.0196,0.3374,3.8136,0.466,,,,279,736,0.084,1.017,0.014,0.036,0.7004926108374384
alice,0,28830260,63,0.0179,0.3055,2.8611,0.4605,,,,262,727,0.08,1.18,0.013,0.031,0.7017189079878665
alice,0,28830260,64,0.0193,0.3176,3.9238,0.455,,,,265,715,0.083,1.014,0.013,0.029,0.7020408163265306
alice,0,28830260,65,0.0216,0.3261,3.7965,0.4497,,,,275,722,0.088,1.464,0.013,0.031,0.6930792377131394
alice,0,28830260,66,0.015,0.3069,4.0476,0.4444,,,,253,762,0.077,1.173,0.013,0.03,0.7192118226600985
alice,0,28830260,67,0.0184,0.3432,3.5932,0.4392,,,,262,731,0.081,1.513,0.014,0.03,0.7049345417925479
alice,0,28830260,68,0.0263,0.3774,3.9141,0.434,,,,289,688,0.094,1.074,0.013,0.036,0.6806550665301945
alice,0,28830260,69,0.0195,0.3281,3.8455,0.4289,,,,269,728,0.075,1.302,0.012,0.032,0.7011033099297894
alice,0,28830260,70,0.024,0.3548,3.775,0.4239,,,,275,689,0.086,1.232,0.013,0.029,0.6815352697095436
alice,0,28830260,71,0.0338,0.3677,3.0827,0.419,,,,313,638,0.096,1.155,0.013,0.034,0.6393270241850684
alice,0,28830260,72,0.0159,0.3317,3.3611,0.4141,,,,257,706,0.082,0.946,0.013,0.034,0.7040498442367601
alice,0,28830260,73,0.0289,0.3419,3.6207,0.4093,,,,304,678,0.095,1.135,0.013,0.032,0.6588594704684317
alice,0,28830260,74,0.0236,0.3395,4.1515,0.4045,,,,278,681,0.093,1.066,0.014,0.032,0.6819603753910324
alice,0,28830260,75,0.0247,0.4047,3.7153,0.3998,,,,267,667,0.085,1.129,0.013,0.03,0.6884368308351178
alice,0,28830260,76,0.028,0.4192,3.875,0.3952,,,,300,648,0.101,1.136,0.013,0.042,0.6508438818565401
alice,0,28830260,77,0.0245,0.3823,3.6642,0.3906,,,,287,670,0.1,1.265,0.013,0.038,0.6624869383490073
alice,0,28830260,78,0.0253,0.3702,3.6797,0.3861,,,,299,656,0.093,1.124,0.013,0.033,0.6638743455497382
alice,0,28830260,79,0.0199,0.3646,3.626,0.3817,,,,276,677,0.09,1.178,0.014,0.032,0.6789087093389297
alice,0,28830260,80,0.0281,0.4237,3.7687,0.3773,,,,304,629,0.097,1.262,0.013,0.034,0.6420150053590568
alice,0,28830260,81,0.0237,0.3757,3.5873,0.373,,,,290,649,0.094,1.348,0.014,0.041,0.6719914802981896
alice,0,28830260,82,0.0274,0.3958,3.9206,0.3687,,,,291,645,0.096,1.128,0.013,0.031,0.6623931623931624
alice,0,28830260,83,0.028,0.3904,3.5564,0.3645,,,,302,655,0.099,1.455,0.014,0.029,0.6572622779519331
alice,0,28830260,84,0.0273,0.4136,4.1008,0.3603,,,,290,617,0.1,1.407,0.013,0.029,0.649393605292172
alice,0,28830260,85,0.0239,0.3912,3.8797,0.3562,,,,289,656,0.093,1.103,0.013,0.032,0.6624338624338625
alice,0,28830260,86,0.0251,0.3386,3.9558,0.3522,,,,276,703,0.086,1.289,0.014,0.037,0.6823289070480082
alice,0,28830260,87,0.033,0.3733,3.552,0.3482,,,,313,623,0.103,1.343,0.013,0.033,0.6324786324786325
alice,0,28830260,88,0.0256,0.4248,2.9732,0.3442,,,,303,600,0.102,1.28,0.013,0.029,0.646733111849391
alice,0,28830260,89,0.0302,0.4215,3.9091,0.3403,,,,303,594,0.098,1.217,0.013,0.034,0.6287625418060201
alice,0,28830260,90,0.0377,0.4268,3.9028,0.3365,,,,312,602,0.104,1.279,0.013,0.032,0.6301969365426696
alice,0,28830260,91,0.0387,0.4316,3.9209,0.3327,,,,326,584,0.105,1.204,0.014,0.033,0.6142857142857143
alice,0,28830260,92,0.023,0.4066,3.5846,0.3289,,,,292,634,0.095,0.958,0.013,0.032,0.6511879049676026
alice,0,28830260,93,0.0352,0.4301,3.4694,0.3253,,,,319,576,0.112,1.373,0.013,0.033,0.6189944134078212
alice,0,28830260,94,0.0334,0.4081,3.6797,0.3216,,,,331,573,0.115,1.416,0.013,0.035,0.5995575221238938
alice,0,28830260,95,0.0276,0.4087,4.1858,0.318,,,,315,577,0.113,1.253,0.013,0.03,0.6121076233183856
alice,0,28830260,96,0.0325,0.4278,3.8397,0.3145,,,,317,569,0.121,1.127,0.013,0.029,0.6094808126410836
alice,0,28830260,97,0.0357,0.4512,3.36,0.311,,,,324,527,0.118,1.085,0.014,0.037,0.5851938895417156
alice,0,28830260,98,0.0456,0.4598,3.4733,0.3075,,,,340,527,0.122,1.237,0.013,0.04,0.5767012687427913
alice,0,28830260,99,0.0351,0.4516,3.0959,0.3041,,,,335,529,0.12,1.151,0.014,0.033,0.5821759259259259
alice,0,28830260,100,0.0295,0.4558,3.637,0.3008,,,,329,541,0.112,1.019,0.013,0.034,0.5827586206896552
alice,0,28830260,101,0.0303,0.4674,3.7234,0.2974,,,,324,547,0.119,1.123,0.014,0.037,0.5970149253731343
alice,0,28830260,102,0.0373,0.4523,3.4196,0.2942,,,,344,527,0.119,1.048,0.013,0.034,0.5752009184845006
alice,0,28830260,103,0.0498,0.4722,3.5827,0.2909,,,,345,486,0.132,1.336,0.013,0.042,0.5535499398315282
alice,0,28830260,104,0.0294,0.5169,3.35,0.2877,,,,358,460,0.139,1.192,0.013,0.032,0.5171149144254279
alice,0,28830260,105,0.0508,0.5476,3.5155,0.2846,,,,378,400,0.158,1.166,0.014,0.034,0.47429305912596403
alice,0,28830260,106,0.0405,0.4813,3.3655,0.2815,,,,347,443,0.139,0.896,0.014,0.033,0.5227848101265823
alice,0,28830260,107,0.0438,0.5137,3.4875,0.2784,,,,361,449,0.135,1.235,0.015,0.027,0.508641975308642
alice,0,28830260,108,0.0328,0.4692,3.5137,0.2754,,,,343,488,0.128,1.076,0.014,0.036,0.5367027677496992
alice,0,28830260,109,0.0451,0.5001,3.7647,0.2724,,,,358,457,0.138,1.242,0.014,0.034,0.5312883435582823
alice,0,28830260,110,0.034,0.5081,3.9863,0.2695,,,,348,474,0.137,1.03,0.014,0.036,0.5389294403892944
alice,0,28830260,111,0.06,0.5351,3.1429,0.2666,,,,376,421,0.15,1.481,0.015,0.03,0.4868255959849435
alice,0,28830260,112,0.0335,0.6279,4.1322,0.2637,,,,359,394,0.148,1.23,0.014,0.036,0.49667994687915007
alice,0,28830260,113,0.049,0.5512,3.4773,0.2609,,,,362,446,0.144,1.206,0.014,0.037,0.5160891089108911
alice,0,28830260,114,0.0482,0.5124,3.7792,0.2581,,,,367,442,0.145,1.262,0.014,0.029,0.511742892459827
alice,0,28830260,115,0.0636,0.5546,3.5915,0.2553,,,,374,400,0.158,1.137,0.014,0.037,0.4702842377260982
alice,0,28830260,116,0.0603,0.5291,3.2994,0.2526,,,,380,413,0.153,1.122,0.015,0.03,0.47540983606557374
alice,0,28830260,117,0.0447,0.5113,3.4636,0.2499,,,,374,402,0.155,1.174,0.014,0.035,0.48711340206185566
alice,0,28830260,118,0.0465,0.5224,3.8344,0.2473,,,,356,416,0.154,1.115,0.014,0.039,0.5012953367875648
alice,0,28830260,119,0.0505,0.4835,3.4452,0.2447,,,,369,449,0.149,1.207,0.013,0.032,0.5146699266503667
alice,0,28830260,120,0.0623,0.5275,3.3205,0.2421,,,,375,412,0.155,1.218,0.014,0.036,0.4777636594663278
alice,0,28830260,121,0.0523,0.5343,4.2183,0.2396,,,,379,400,0.157,1.171,0.014,0.04,0.4621309370988447
alice,0,28830260,122,0.0488,0.4957,3.3103,0.2371,,,,357,414,0.143,1.336,0.014,0.034,0.49286640726329445
alice,0,28830260,123,0.0565,0.5245,3.9932,0.2346,,,,371,409,0.15,1.154,0.015,0.036,0.47435897435897434
alice,0,28830260,124,0.0416,0.518,4.137,0.2321,,,,354,480,0.137,1.22,0.014,0.035,0.5371702637889688
alice,0,28830260,125,0.0589,0.6198,3.7191,0.2297,,,,367,409,0.146,1.094,0.014,0.042,0.5051546391752577
alice,0,28830260,126,0.0644,0.5326,2.9341,0.2274,,,,379,409,0.15,1.081,0.015,0.04,0.4733502538071066
alice,0,28830260,127,0.0732,0.5376,3.3913,0.225,,,,369,408,0.147,1.313,0.014,0.031,0.4929214929214929
alice,0,28830260,128,0.0658,0.5785,3.568,0.2227,,,,377,387,0.159,1.05,0.014,0.035,0.46465968586387435
alice,0,28830260,129,0.0694,0.5192,3.7248,0.2204,,,,395,389,0.165,1.055,0.014,0.039,0.44642857142857145
alice,0,28830260,130,0.045,0.5128,3.1034,0.2182,,,,370,403,0.147,1.349,0.014,0.035,0.4890038809831824
alice,0,28830260,131,0.0487,0.5922,3.3801,0.2159,,,,390,349,0.175,1.223,0.014,0.041,0.4248985115020298
alice,0,28830260,132,0.0594,0.6062,3.7778,0.2137,,,,375,371,0.163,1.233,0.014,0.041,0.4584450402144772
alice,0,28830260,133,0.0774,0.5373,3.4753,0.2116,,,,396,383,0.158,1.118,0.015,0.036,0.4557124518613607
alice,0,28830260,134,0.0545,0.5917,3.6646,0.2094,,,,373,360,0.166,0.962,0.014,0.034,0.43383356070941337
alice,0,28830260,135,0.0636,0.5484,3.8981,0.2073,,,,380,388,0.165,1.533,0.014,0.033,0.4609375
alice,0,28830260,136,0.081,0.5654,3.6226,0.2052,,,,381,394,0.163,1.053,0.014,0.04,0.47870967741935483
alice,0,28830260,137,0.0531,0.6018,3.5562,0.2032,,,,380,366,0.174,1.213,0.014,0.04,0.43699731903485256
alice,0,28830260,138,0.0667,0.5364,3.4843,0.2012,,,,369,410,0.152,1.298,0.014,0.04,0.4942233632862644
alice,0,28830260,139,0.0632,0.602,3.7345,0.1992,,,,396,354,0.178,1.412,0.016,0.036,0.43333333333333335
alice,0,28830260,140,0.0679,0.5886,3.7427,0.1972,,,,381,359,0.169,1.126,0.013,0.031,0.44594594594594594
alice,0,28830260,141,0.0625,0.5557,3.355,0.1952,,,,396,366,0.161,1.361,0.014,0.037,0.43832020997375326
alice,0,28830260,142,0.0599,0.5253,3.634,0.1933,,,,365,401,0.162,1.269,0.013,0.044,0.4908616187989556
alice,0,28830260,143,0.0746,0.6378,3.4579,0.1914,,,,396,349,0.17,1.244,0.014,0.041,0.42953020134228187
alice,0,28830260,144,0.0733,0.5348,3.9054,0.1895,,,,376,389,0.162,1.353,0.014,0.037,0.47058823529411764
alice,0,28830260,145,0.0646,0.5298,3.673,0.1877,,,,380,394,0.157,1.108,0.013,0.039,0.46770025839793283
alice,0,28830260,146,0.0636,0.6658,4.1117,0.1859,,,,382,346,0.172,0.963,0.014,0.04,0.4381868131868132
alice,0,28830260,147,0.0727,0.5405,3.8038,0.1841,,,,373,428,0.16,1.308,0.014,0.036,0.48813982521847693
alice,0,28830260,148,0.0637,0.6397,4.226,0.1823,,,,404,336,0.181,1.155,0.014,0.037,0.41486486486486485
alice,0,28830260,149,0.0563,0.5684,3.4356,0.1806,,,,387,394,0.163,1.233,0.013,0.039,0.46094750320102434
alice,0,28830260,150,0.0544,0.6078,3.8813,0.1788,,,,394,335,0.183,1.141,0.014,0.041,0.40054869684499317
alice,0,28830260,151,0.0977,0.6016,3.1154,0.1771,,,,410,317,0.187,1.345,0.014,0.047,0.3947730398899587
alice,0,28830260,152,0.0687,0.5926,3.0517,0.1754,,,,396,321,0.187,0.979,0.015,0.039,0.40585774058577406
alice,0,28830260,153,0.0665,0.6341,3.4859,0.1738,,,,385,342,0.178,1.241,0.014,0.042,0.4264099037138927
alice,0,28830260,154,0.0825,0.6341,3.5217,0.1721,,,,404,317,0.187,1.385,0.014,0.038,0.4133148404993065
alice,0,28830260,155,0.0832,0.637,3.7222,0.1705,,,,395,319,0.19,1.261,0.014,0.039,0.41456582633053224
alice,0,28830260,156,0.0644,0.5996,3.7588,0.1689,,,,369,394,0.165,1.308,0.014,0.043,0.4639580602883355
alice,0,28830260,157,0.0965,0.6023,3.6429,0.1674,,,,405,344,0.175,1.359,0.015,0.038,0.4392523364485981
alice,0,28830260,158,0.0902,0.5595,3.5963,0.1658,,,,414,341,0.191,1.286,0.014,0.034,0.41324503311258276
alice,0,28830260,159,0.0955,0.584,2.7159,0.1643,,,,407,307,0.199,1.041,0.014,0.046,0.3865546218487395
alice,0,28830260,160,0.066,0.6248,3.5517,0.1628,,,,374,330,0.173,1.018,0.013,0.037,0.4303977272727273
alice,0,28830260,161,0.0592,0.6335,3.0644,0.1613,,,,393,349,0.18,1.285,0.014,0.034,0.4272237196765499
alice,0,28830260,162,0.1118,0.7018,3.6853,0.1598,,,,416,282,0.206,1.246,0.014,0.039,0.3653295128939828
alice,0,28830260,163,0.0965,0.6145,3.5359,0.1583,,,,402,317,0.181,1.303,0.014,0.032,0.38386648122392214
alice,0,28830260,164,0.0864,0.6411,3.4348,0.1569,,,,404,309,0.176,0.978,0.015,0.042,0.3884992987377279
alice,0,28830260,165,0.0778,0.6355,3.72,0.1555,,,,421,291,0.203,1.166,0.015,0.034,0.37219101123595505
alice,0,28830260,166,0.0788,0.5396,2.7262,0.1541,,,,401,314,0.198,1.342,0.014,0.031,0.4013986013986014
alice,0,28830260,167,0.0936,0.6065,3.497,0.1527,,,,437,249,0.227,1.192,0.014,0.045,0.3236151603498542
alice,0,28830260,168,0.0681,0.5925,3.0552,0.1514,,,,404,272,0.2,1.146,0.013,0.038,0.3683431952662722
alice,0,28830260,169,0.0816,0.7008,2.9497,0.15,,,,432,238,0.219,1.071,0.013,0.038,0.3164179104477612
alice,0,28830260,170,0.0754,0.6546,3.7544,0.1487,,,,421,252,0.226,1.309,0.014,0.035,0.3328380386329866
alice,0,28830260,171,0.0975,0.6799,3.5882,0.1474,,,,414,270,0.212,1.191,0.014,0.041,0.34649122807017546
alice,0,28830260,172,0.0906,0.5916,3.7658,0.1461,,,,390,327,0.182,1.308,0.014,0.04,0.4072524407252441
alice,0,28830260,173,0.0865,0.5233,3.0745,0.1448,,,,388,390,0.16,1.163,0.014,0.032,0.4498714652956298
alice,0,28830260,174,0.0803,0.6247,3.212,0.1436,,,,414,291,0.192,1.044,0.014,0.036,0.3588652482269504
alice,0,28830260,175,0.1209,0.5868,2.8287,0.1423,,,,394,319,0.185,0.981,0.014,0.029,0.4109396914446003
alice,0,28830260,176,0.0952,0.6238,3.3409,0.1411,,,,417,291,0.192,1.234,0.013,0.035,0.3742937853107345
alice,0,28830260,177,0.1106,0.5903,3.6375,0.1399,,,,399,294,0.202,1.444,0.015,0.038,0.38672438672438675
alice,0,28830260,178,0.0967,0.636,3.4056,0.1387,,,,411,295,0.194,1.039,0.015,0.039,0.38243626062322944
alice,0,28830260,179,0.1083,0.6287,3.1081,0.1375,,,,401,297,0.189,1.215,0.014,0.031,0.37822349570200575
alice,0,28830260,180,0.0983,0.6663,3.3191,0.1364,,,,392,325,0.183,1.118,0.014,0.039,0.401673640167364
alice,0,28830260,181,0.1007,0.6364,3.6902,0.1352,,,,413,295,0.2,1.323,0.014,0.038,0.3870056497175141
alice,0,28830260,182,0.1039,0.5904,3.0862,0.1341,,,,430,276,0.202,1.205,0.015,0.032,0.35410764872521244
alice,0,28830260,183,0.1116,0.616,3.2254,0.133,,,,399,291,0.192,1.221,0.013,0.041,0.37681159420289856
alice,0,28830260,184,0.1164,0.6436,3.5249,0.1319,,,,409,293,0.187,1.111,0.013,0.034,0.3803418803418803
alice,0,28830260,185,0.1018,0.5982,3.2652,0.1308,,,,403,318,0.184,1.23,0.014,0.035,0.391123439667129
alice,0,28830260,186,0.1217,0.6461,3.8407,0.1298,,,,413,298,0.185,1.28,0.013,0.035,0.3727144866385373
alice,0,28830260,187,0.1191,0.674,3.6368,0.1287,,,,413,281,0.182,1.059,0.014,0.038,0.3659942363112392
alice,0,28830260,188,0.0994,0.6818,3.2745,0.1277,,,,411,277,0.193,1.215,0.014,0.042,0.36627906976744184
alice,0,28830260,189,0.1263,0.6282,3.3611,0.1266,,,,427,280,0.192,1.036,0.014,0.039,0.3592644978783593
alice,0,28830260,190,0.1259,0.6785,3.7684,0.1256,,,,447,230,0.216,1.268,0.014,0.035,0.2998522895125554
alice,0,28830260,191,0.1188,0.6531,3.4706,0.1246,,,,406,263,0.194,1.021,0.014,0.04,0.35575485799701045
alice,0,28830260,192,0.0933,0.5862,3.0492,0.1236,,,,415,290,0.191,1.179,0.013,0.046,0.3730496453900709
alice,0,28830260,193,0.1173,0.602,3.0169,0.1227,,,,412,288,0.198,1.405,0.013,0.035,0.37142857142857144
alice,0,28830260,194,0.0977,0.7304,3.9071,0.1217,,,,427,247,0.215,1.106,0.014,0.04,0.3249258160237389
alice,0,28830260,195,0.1207,0.6927,3.6612,0.1207,,,,420,263,0.218,1.212,0.014,0.034,0.3279648609077599
alice,0,28830260,196,0.1322,0.6711,3.4715,0.1198,,,,426,248,0.2,1.022,0.014,0.035,0.3189910979228487
alice,0,28830260,197,0.121,0.7251,3.724,0.1189,,,,425,238,0.209,1.058,0.014,0.045,0.3152337858220211
alice,0,28830260,198,0.1049,0.7302,3.8814,0.118,,,,435,226,0.218,1.268,0.014,0.039,0.31164901664145234
alice,0,28830260,199,0.1344,0.6996,3.5348,0.1171,,,,421,244,0.207,1.127,0.014,0.037,0.32781954887218046
alice,0,28830260,200,0.0869,0.6686,3.6865,0.1162,,,,422,256,0.199,0.979,0.014,0.03,0.32890855457227136
alice,0,28830260,201,0.1576,0.611,3.5115,0.1153,,,,434,249,0.208,0.987,0.013,0.038,0.32650073206442165
alice,0,28830260,202,0.1317,0.6596,3.7209,0.1144,,,,432,227,0.215,0.975,0.014,0.039,0.3156297420333839
alice,0,28830260,203,0.1167,0.6098,3.1152,0.1136,,,,422,272,0.196,1.19,0.014,0.044,0.34293948126801155
alice,0,28830260,204,0.1005,0.5921,3.0727,0.1128,,,,416,286,0.202,1.464,0.014,0.043,0.358974358974359
alice,0,28830260,205,0.0973,0.6794,3.497,0.1119,,,,430,234,0.218,1.139,0.015,0.043,0.3057228915662651
alice,0,28830260,206,0.1327,0.7093,3.3656,0.1111,,,,433,217,0.215,1.144,0.014,0.043,0.2923076923076923
alice,0,28830260,207,0.1247,0.6775,3.2159,0.1103,,,,430,221,0.232,1.328,0.014,0.042,0.29339477726574503
alice,0,28830260,208,0.1375,0.7185,3.4674,0.1095,,,,425,221,0.217,1.025,0.014,0.044,0.29566563467492263
alice,0,28830260,209,0.1078,0.6776,3.3459,0.1087,,,,416,252,0.213,1.265,0.014,0.039,0.3383233532934132
alice,0,28830260,210,0.1083,0.7247,3.6859,0.1079,,,,413,255,0.21,1.113,0.014,0.041,0.344311377245509
alice,0,28830260,211,0.1154,0.664,3.6196,0.1072,,,,442,236,0.208,1.032,0.014,0.036,0.308259587020649
alice,0,28830260,212,0.1498,0.6543,3.7362,0.1064,,,,424,246,0.22,1.218,0.014,0.044,0.3194029850746269
alice,0,28830260,213,0.114,0.658,3.4176,0.1057,,,,424,219,0.209,1.324,0.014,0.046,0.2986003110419907
alice,0,28830260,214,0.0956,0.659,3.7661,0.1049,,,,439,225,0.215,1.208,0.013,0.036,0.3072289156626506
alice,0,28830260,215,0.129,0.6969,4.2515,0.1042,,,,443,216,0.218,0.99,0.013,0.039,0.2959028831562974
alice,0,28830260,216,0.1266,0.7125,3.7943,0.1035,,,,435,209,0.232,1.51,0.014,0.044,0.28726708074534163
alice,0,28830260,217,0.1314,0.6841,3.8212,0.1028,,,,438,208,0.228,0.994,0.013,0.04,0.28792569659442724
alice,0,28830260,218,0.1465,0.6979,3.5946,0.1021,,,,451,198,0.242,1.093,0.014,0.044,0.2711864406779661
alice,0,28830260,219,0.083,0.6757,3.4516,0.1014,,,,434,212,0.216,1.135,0.014,0.034,0.2786377708978328
alice,0,28830260,220,0.1451,0.6231,4.1258,0.1007,,,,444,224,0.226,1.297,0.014,0.042,0.2949101796407186
alice,0,28830260,221,0.1201,0.696,3.288,0.1,,,,413,224,0.21,1.082,0.013,0.038,0.3218210361067504
alice,0,28830260,222,0.1642,0.7158,4.0611,0.0994,,,,460,188,0.234,1.237,0.014,0.042,0.23765432098765432
alice,0,28830260,223,0.1109,0.6353,3.5366,0.0987,,,,420,238,0.208,1.086,0.014,0.041,0.31762917933130697
alice,0,28830260,224,0.126,0.6149,3.5266,0.0981,,,,432,241,0.211,1.204,0.014,0.04,0.3298662704309064
alice,0,28830260,225,0.0767,0.6525,3.5774,0.0974,,,,414,246,0.197,1.199,0.014,0.041,0.32727272727272727
alice,0,28830260,226,0.0974,0.6702,3.8101,0.0968,,,,437,233,0.218,1.204,0.014,0.031,0.3
alice,0,28830260,227,0.1332,0.6902,3.3737,0.0962,,,,435,229,0.216,1.128,0.014,0.035,0.29668674698795183
alice,0,28830260,228,0.0744,0.7356,3.773,0.0956,,,,440,207,0.214,1.19,0.014,0.047,0.29057187017001546
alice,0,28830260,229,0.1333,0.609,3.0526,0.095,,,,434,231,0.209,1.102,0.014,0.046,0.3022556390977444
alice,0,28830260,230,0.0761,0.7029,3.3388,0.0944,,,,445,189,0.238,1.258,0.013,0.038,0.2744479495268139
alice,0,28830260,231,0.1202,0.6876,3.7988,0.0938,,,,426,230,0.217,1.219,0.014,0.044,0.31402439024390244
alice,0,28830260,232,0.1313,0.6074,3.2948,0.0932,,,,447,217,0.225,1.148,0.014,0.046,0.29066265060240964
alice,0,28830260,233,0.1179,0.6801,3.8623,0.0926,,,,435,199,0.25,1.352,0.014,0.04,0.2697160883280757
alice,0,28830260,234,0.1388,0.6909,3.9828,0.0921,,,,442,205,0.236,1.26,0.014,0.035,0.27202472952086554
alice,0,28830260,235,0.1446,0.695,3.6158,0.0915,,,,450,186,0.23,0.979,0.014,0.045,0.25943396226415094
alice,0,28830260,236,0.1063,0.6424,3.4848,0.091,,,,435,217,0.22,1.039,0.014,0.037,0.2898773006134969
alice,0,28830260,237,0.0745,0.71,3.6319,0.0904,,,,438,202,0.227,1.097,0.014,0.044,0.2640625
alice,0,28830260,238,0.143,0.7815,4.0209,0.0899,,,,432,182,0.235,1.129,0.014,0.032,0.254071661237785
alice,0,28830260,239,0.1441,0.7093,3.9948,0.0894,,,,445,211,0.251,1.149,0.014,0.033,0.25914634146341464
alice,0,28830260,240,0.1154,0.7658,4.6264,0.0888,,,,433,216,0.238,1.283,0.014,0.035,0.29892141756548535
alice,0,28830260,241,0.1481,0.7021,4.5988,0.0883,,,,424,244,0.217,1.22,0.014,0.035,0.3188622754491018
alice,0,28830260,242,0.1263,0.6883,4.6453,0.0878,,,,434,262,0.213,1.406,0.014,0.036,0.3275862068965517
alice,0,28830260,243,0.1137,0.6755,4.0289,0.0873,,,,440,225,0.235,1.234,0.014,0.034,0.3007518796992481
alice,0,28830260,244,0.1585,0.6495,4.0854,0.0868,,,,427,235,0.218,1.146,0.014,0.039,0.29154078549848944
alice,0,28830260,245,0.1056,0.6541,3.8521,0.0863,,,,433,226,0.223,1.348,0.014,0.035,0.30197268588770865
alice,0,28830260,246,0.1583,0.6918,4.2788,0.0859,,,,428,241,0.204,0.944,0.015,0.032,0.31689088191330345
alice,0,28830260,247,0.1154,0.7186,3.8254,0.0854,,,,451,216,0.231,1.057,0.014,0.039,0.2818590704647676
alice,0,28830260,248,0.1437,0.6979,4.259,0.0849,,,,435,217,0.228,1.123,0.014,0.03,0.29754601226993865
alice,0,28830260,249,0.1143,0.697,3.9302,0.0845,,,,455,178,0.254,1.063,0.015,0.04,0.23854660347551343
alice,0,28830260,250,0.1376,0.7428,3.8652,0.1,,,,453,160,0.251,1.187,0.015,0.045,0.21859706362153344
alice,0,28830260,251,0.1511,0.6545,3.2281,0.1,,,,449,196,0.23,1.053,0.016,0.041,0.27286821705426356
alice,0,28830260,252,0.0785,0.6768,4.0955,0.1,,,,409,241,0.207,1.343,0.014,0.041,0.3292307692307692
alice,0,28830260,253,0.1667,0.7634,4.0359,0.1,,,,443,201,0.225,1.386,0.013,0.036,0.2701863354037267
alice,0,28830260,254,0.1249,0.7662,4.1598,0.1,,,,428,216,0.22,1.252,0.014,0.041,0.2888198757763975
alice,0,28830260,255,0.1376,0.7781,3.814,0.1,,,,447,198,0.228,1.17,0.014,0.034,0.2682170542635659
alice,0,28830260,256,0.1551,0.689,3.5132,0.1,,,,434,235,0.217,1.194,0.014,0.033,0.28699551569506726
alice,0,28830260,257,0.125,0.7075,3.7579,0.1,,,,454,194,0.26,1.339,0.014,0.036,0.2654320987654321
alice,0,28830260,258,0.1209,0.7803,4.3143,0.1,,,,442,206,0.24,1.332,0.015,0.037,0.2824074074074074
alice,0,28830260,259,0.103,0.8115,4.2926,0.1,,,,434,198,0.24,1.187,0.016,0.038,0.26582278481012656
alice,0,28830260,260,0.0971,0.7086,3.3737,0.1,,,,459,188,0.249,1.463,0.015,0.036,0.23647604327666152
alice,0,28830260,261,0.1565,0.7013,3.4475,0.1,,,,446,190,0.237,0.927,0.013,0.038,0.27672955974842767
alice,0,28830260,262,0.13,0.7621,3.3717,0.1,,,,429,192,0.225,1.387,0.015,0.038,0.2640901771336554
alice,0,28830260,263,0.1415,0.7479,3.9948,0.1,,,,426,208,0.224,1.406,0.015,0.037,0.2854889589905363
alice,0,28830260,264,0.1401,0.6491,3.5829,0.1,,,,438,253,0.212,1.025,0.015,0.041,0.32416787264833574
alice,0,28830260,265,0.0945,0.646,4.0,0.1,,,,409,273,0.199,1.083,0.015,0.034,0.3533724340175953
alice,0,28830260,266,0.1735,0.7028,3.738,0.1,,,,442,228,0.217,1.282,0.014,0.042,0.29402985074626864
alice,0,28830260,267,0.1115,0.7539,4.037,0.1,,,,450,183,0.243,1.265,0.015,0.042,0.2527646129541864
alice,0,28830260,268,0.1632,0.726,3.4503,0.1,,,,451,182,0.241,0.982,0.014,0.043,0.25118483412322273
alice,0,28830260,269,0.1173,0.7477,3.6042,0.1,,,,445,168,0.248,1.109,0.014,0.036,0.22838499184339314
alice,0,28830260,270,0.1593,0.7115,3.6364,0.1,,,,449,200,0.235,1.181,0.014,0.043,0.2542372881355932
alice,0,28830260,271,0.1204,0.7363,3.9176,0.1,,,,423,218,0.213,1.024,0.018,0.043,0.30265210608424337
alice,0,28830260,272,0.095,0.704,3.8306,0.1,,,,449,197,0.251,1.313,0.015,0.041,0.26625386996904027
alice,0,28830260,273,0.1953,0.7512,3.9789,0.1,,,,444,179,0.233,0.967,0.014,0.039,0.24398073836276082
alice,0,28830260,274,0.1117,0.6247,3.5952,0.1,,,,400,303,0.191,1.032,0.014,0.035,0.3783783783783784
alice,0,28830260,275,0.0957,0.6881,4.2176,0.1,,,,440,251,0.21,1.351,0.015,0.041,0.3140376266280753
alice,0,28830260,276,0.1442,0.7103,4.0941,0.1,,,,425,225,0.21,0.996,0.016,0.038,0.3076923076923077
alice,0,28830260,277,0.1351,0.6418,3.3846,0.1,,,,430,235,0.224,0.909,0.014,0.042,0.2992481203007519
alice,0,28830260,278,0.1512,0.6692,3.3333,0.1,,,,431,235,0.21,1.061,0.014,0.041,0.3048048048048048
alice,0,28830260,279,0.1193,0.7323,3.7989,0.1,,,,427,229,0.212,1.016,0.014,0.041,0.3155487804878049
alice,0,28830260,280,0.1332,0.5957,3.5366,0.1,,,,426,254,0.218,1.073,0.014,0.04,0.3323529411764706
alice,0,28830260,281,0.1111,0.659,2.8673,0.1,,,,432,231,0.214,1.151,0.014,0.044,0.31221719457013575
alice,0,28830260,282,0.1452,0.6389,3.9551,0.1,,,,418,257,0.208,1.04,0.015,0.038,0.3496296296296296
alice,0,28830260,283,0.134,0.6839,3.2021,0.1,,,,427,236,0.212,1.188,0.015,0.033,0.3137254901960784
alice,0,28830260,284,0.1038,0.7343,3.9785,0.1,,,,452,195,0.235,1.052,0.015,0.041,0.26275115919629055
alice,0,28830260,285,0.1193,0.7729,3.5408,0.1,,,,451,163,0.252,1.2,0.015,0.042,0.2296416938110749
alice,0,28830260,286,0.1645,0.7613,3.3284,0.1,,,,419,212,0.217,1.385,0.014,0.036,0.28526148969889065
alice,0,28830260,287,0.1234,0.6359,3.4033,0.1,,,,422,271,0.193,1.092,0.014,0.039,0.33766233766233766
alice,0,28830260,288,0.115,0.655,3.929,0.1,,,,423,264,0.198,1.013,0.014,0.043,0.33770014556040756
alice,0,28830260,289,0.1158,0.6923,4.0743,0.1,,,,423,254,0.204,1.096,0.014,0.042,0.33825701624815363
alice,0,28830260,290,0.1563,0.6906,3.5746,0.1,,,,427,263,0.203,1.164,0.014,0.043,0.3492753623188406
alice,0,28830260,291,0.0969,0.7551,3.6907,0.1,,,,452,182,0.243,1.157,0.015,0.044,0.25236593059936907
alice,0,28830260,292,0.1134,0.6944,3.4185,0.1,,,,439,197,0.237,1.451,0.016,0.047,0.25157232704402516
alice,0,28830260,293,0.1323,0.7573,3.754,0.1,,,,456,174,0.252,1.11,0.018,0.042,0.2492063492063492
alice,0,28830260,294,0.1381,0.6965,3.7456,0.1,,,,430,225,0.208,1.317,0.016,0.039,0.2916030534351145
alice,0,28830260,295,0.1306,0.6784,3.8976,0.1,,,,431,229,0.21,1.215,0.014,0.041,0.29545454545454547
alice,0,28830260,296,0.0947,0.6928,4.0298,0.1,,,,431,237,0.215,1.245,0.014,0.034,0.3143712574850299
alice,0,28830260,297,0.1425,0.6677,3.8,0.1,,,,428,237,0.216,1.135,0.014,0.039,0.3082706766917293
alice,0,28830260,298,0.1053,0.6808,3.9064,0.1,,,,441,212,0.218,1.488,0.016,0.044,0.28024502297090353
alice,0,28830260,299,0.113,0.635,3.4765,0.1,,,,434,241,0.219,1.238,0.015,0.041,0.3022222222222222
alice,0,28830260,300,0.1602,0.6975,4.131,0.1,,,,452,196,0.258,1.124,0.015,0.048,0.25771604938271603
alice,0,28830260,301,0.1101,0.7234,4.2805,0.1,,,,443,184,0.248,1.332,0.017,0.039,0.24720893141945774
alice,0,28830260,302,0.1261,0.6799,3.7719,0.1,,,,440,194,0.237,1.191,0.015,0.041,0.2618296529968454
alice,0,28830260,303,0.1462,0.7932,3.9154,0.1,,,,463,152,0.264,1.176,0.015,0.04,0.22439024390243903
alice,0,28830260,304,0.0992,0.7522,3.9778,0.1,,,,437,196,0.24,1.045,0.015,0.046,0.2685624012638231
alice,0,28830260,305,0.105,0.7149,3.9189,0.1,,,,425,208,0.241,1.435,0.015,0.039,0.28751974723538704
alice,0,28830260,306,0.1712,0.7733,4.2143,0.1,,,,446,202,0.249,1.166,0.015,0.043,0.27469135802469136
alice,0,28830260,307,0.1368,0.6792,3.8939,0.1,,,,447,218,0.243,1.302,0.015,0.039,0.27518796992481204
alice,0,28830260,308,0.0847,0.7562,3.6198,0.1,,,,436,195,0.222,0.998,0.016,0.04,0.27099841521394613
alice,0,28830260,309,0.1269,0.6807,3.6236,0.1,,,,436,240,0.218,1.085,0.014,0.044,0.3106508875739645
alice,0,28830260,310,0.1004,0.7219,3.7584,0.1,,,,431,211,0.219,1.003,0.014,0.044,0.29127725856697817
alice,0,28830260,311,0.1018,0.7265,3.8729,0.1,,,,442,203,0.236,1.179,0.014,0.041,0.2868217054263566
alice,0,28830260,312,0.12,0.6979,3.6034,0.1,,,,460,176,0.24,0.962,0.014,0.043,0.23113207547169812
alice,0,28830260,313,0.1474,0.6968,3.4598,0.1,,,,436,186,0.245,1.064,0.015,0.049,0.2604501607717042
alice,0,28830260,314,0.0859,0.6714,3.6477,0.1,,,,434,232,0.219,1.275,0.014,0.044,0.2987987987987988
alice,0,28830260,315,0.1478,0.7395,4.0106,0.1,,,,433,217,0.233,1.296,0.015,0.042,0.2953846153846154
alice,0,28830260,316,0.1079,0.7719,3.7822,0.1,,,,438,200,0.231,1.04,0.014,0.038,0.2774294670846395
alice,0,28830260,317,0.112,0.7545,3.8256,0.1,,,,452,187,0.254,1.474,0.015,0.041,0.2644757433489828
alice,0,28830260,318,0.1754,0.7606,4.0785,0.1,,,,456,177,0.239,1.521,0.014,0.036,0.2480252764612954
alice,0,28830260,319,0.1018,0.6788,3.7965,0.1,,,,414,258,0.213,0.961,0.015,0.035,0.32589285714285715
alice,0,28830260,320,0.1302,0.7454,4.2802,0.1,,,,430,241,0.224,1.414,0.014,0.05,0.31296572280178836
alice,0,28830260,321,0.149,0.7549,3.9031,0.1,,,,436,219,0.23,1.177,0.014,0.041,0.29465648854961835
alice,0,28830260,322,0.1661,0.7137,4.0649,0.1,,,,432,231,0.225,1.047,0.014,0.033,0.30015082956259426
alice,0,28830260,323,0.1436,0.7228,4.4124,0.1,,,,442,212,0.229,1.319,0.014,0.037,0.2798165137614679
alice,0,28830260,324,0.1131,0.7059,3.6811,0.1,,,,432,227,0.227,1.217,0.015,0.046,0.30804248861911987
alice,0,28830260,325,0.1274,0.7422,3.4527,0.1,,,,445,203,0.241,1.212,0.018,0.05,0.26851851851851855
alice,0,28830260,326,0.1629,0.7783,3.6786,0.1,,,,453,168,0.252,1.243,0.015,0.041,0.23510466988727857
alice,0,28830260,327,0.1032,0.7091,3.5492,0.1,,,,435,205,0.229,1.245,0.017,0.045,0.278125
alice,0,28830260,328,0.1086,0.7422,4.153,0.1,,,,444,212,0.229,0.92,0.015,0.049,0.2774390243902439
alice,0,28830260,329,0.1428,0.7618,3.5224,0.1,,,,447,172,0.262,1.219,0.015,0.044,0.23263327948303716
alice,0,28830260,330,0.1671,0.7719,4.0,0.1,,,,446,170,0.258,1.122,0.015,0.051,0.237012987012987
alice,0,28830260,331,0.1497,0.7295,4.1444,0.1,,,,442,198,0.236,1.211,0.015,0.041,0.271875
alice,0,28830260,332,0.1032,0.6758,3.6402,0.1,,,,448,214,0.223,1.238,0.014,0.049,0.2824773413897281
alice,0,28830260,333,0.1406,0.6879,3.5833,0.1,,,,451,189,0.232,1.144,0.014,0.039,0.25625
alice,0,28830260,334,0.1146,0.7385,3.743,0.1,,,,451,164,0.258,1.16,0.015,0.048,0.23252032520325203
alice,0,28830260,335,0.1214,0.7278,3.9318,0.1,,,,451,171,0.258,1.612,0.018,0.04,0.24758842443729903
alice,0,28830260,336,0.144,0.7155,3.2398,0.1,,,,446,191,0.257,1.286,0.014,0.04,0.25745682888540034
alice,0,28830260,337,0.1202,0.7083,4.3158,0.1,,,,457,159,0.259,1.564,0.014,0.034,0.2353896103896104
alice,0,28830260,338,0.1435,0.6667,3.5424,0.1,,,,443,187,0.245,1.084,0.015,0.037,0.2650793650793651
alice,0,28830260,339,0.1283,0.777,4.0567,0.1,,,,434,177,0.238,1.088,0.015,0.049,0.2520458265139116
alice,0,28830260,340,0.0938,0.6701,4.0843,0.1,,,,440,236,0.24,1.681,0.014,0.034,0.3032544378698225
alice,0,28830260,341,0.1103,0.7888,4.0052,0.1,,,,434,213,0.239,0.998,0.015,0.038,0.29520865533230295
alice,0,28830260,342,0.1125,0.757,3.9128,0.1,,,,463,189,0.258,1.098,0.015,0.035,0.2561349693251534
alice,0,28830260,343,0.1137,0.7472,3.8177,0.1,,,,451,164,0.273,1.026,0.015,0.04,0.22439024390243903
alice,0,28830260,344,0.1174,0.7156,3.6444,0.1,,,,449,182,0.26,1.212,0.014,0.041,0.2519809825673534
alice,0,28830260,345,0.1381,0.7209,3.9364,0.1,,,,446,175,0.249,1.125,0.015,0.045,0.24154589371980675
alice,0,28830260,346,0.1483,0.6331,3.4819,0.1,,,,461,198,0.247,1.218,0.017,0.049,0.25796661608497723
alice,0,28830260,347,0.0712,0.7193,3.509,0.1,,,,448,172,0.247,1.396,0.015,0.051,0.23548387096774193
alice,0,28830260,348,0.1288,0.751,3.9535,0.1,,,,432,190,0.236,1.066,0.015,0.043,0.2540192926045016
alice,0,28830260,349,0.1083,0.7432,4.0221,0.1,,,,444,188,0.245,1.183,0.015,0.042,0.25949367088607594
alice,0,28830260,350,0.1638,0.7304,3.534,0.1,,,,455,172,0.262,1.367,0.014,0.039,0.23923444976076555
alice,0,28830260,351,0.0934,0.6911,3.1543,0.1,,,,430,211,0.228,1.232,0.014,0.041,0.28861154446177845
alice,0,28830260,352,0.0755,0.7541,3.6396,0.1,,,,440,196,0.237,1.217,0.014,0.041,0.28144654088050314
alice,0,28830260,353,0.1245,0.8763,3.9327,0.1,,,,458,142,0.283,1.037,0.016,0.043,0.20166666666666666
alice,0,28830260,354,0.1294,0.7634,3.9204,0.1,,,,455,170,0.257,1.022,0.017,0.04,0.2432
alice,0,28830260,355,0.1659,0.78,3.867,0.1,,,,449,176,0.243,1.252,0.014,0.041,0.2384
alice,0,28830260,356,0.1393,0.7261,4.0,0.1,,,,415,241,0.215,0.997,0.016,0.04,0.32926829268292684
alice,0,28830260,357,0.1107,0.661,3.6845,0.1,,,,426,267,0.207,1.198,0.014,0.051,0.32611832611832614
alice,0,28830260,358,0.1308,0.7493,3.9343,0.1,,,,444,230,0.227,1.216,0.014,0.043,0.3086053412462908
alice,0,28830260,359,0.102,0.7167,3.4694,0.1,,,,440,204,0.242,1.269,0.016,0.045,0.2686335403726708
alice,0,28830260,360,0.1296,0.745,3.5297,0.1,,,,454,168,0.262,1.372,0.015,0.046,0.22508038585209003
alice,0,28830260,361,0.0963,0.7646,3.5729,0.1,,,,449,197,0.254,1.07,0.015,0.047,0.26625386996904027
alice,0,28830260,362,0.1171,0.7705,3.6615,0.1,,,,454,176,0.258,1.122,0.014,0.045,0.24444444444444444
alice,0,28830260,363,0.1104,0.7215,3.9261,0.1,,,,446,190,0.251,1.262,0.015,0.038,0.25943396226415094
alice,0,28830260,364,0.1284,0.7378,3.5052,0.1,,,,437,202,0.244,1.231,0.015,0.039,0.2597809076682316
alice,0,28830260,365,0.1078,0.7393,3.545,0.1,,,,439,205,0.251,1.179,0.014,0.043,0.2732919254658385
alice,0,28830260,366,0.1628,0.8079,3.901,0.1,,,,442,186,0.249,1.065,0.015,0.042,0.25796178343949044
alice,0,28830260,367,0.1184,0.8295,4.068,0.1,,,,438,187,0.244,1.04,0.015,0.043,0.2512
alice,0,28830260,368,0.1681,0.7026,3.4845,0.1,,,,443,213,0.236,1.025,0.015,0.041,0.2804878048780488
alice,0,28830260,369,0.1226,0.723,3.5873,0.1,,,,450,184,0.258,1.105,0.014,0.041,0.2539432176656151
alice,0,28830260,370,0.126,0.8133,3.9381,0.1,,,,459,157,0.261,1.38,0.014,0.048,0.2288961038961039
alice,0,28830260,371,0.106,0.7079,3.2553,0.1,,,,446,185,0.258,1.221,0.016,0.048,0.25990491283676703
alice,0,28830260,372,0.1154,0.7769,4.1429,0.1,,,,461,158,0.267,1.509,0.015,0.047,0.2294022617124394
alice,0,28830260,373,0.1377,0.7764,3.7526,0.1,,,,447,163,0.256,1.09,0.014,0.043,0.22950819672131148
alice,0,28830260,374,0.1145,0.7273,4.0,0.1,,,,449,201,0.252,1.258,0.015,0.041,0.2692307692307692
alice,0,28830260,375,0.1026,0.7675,4.0378,0.1,,,,448,170,0.255,1.201,0.015,0.043,0.2297734627831715
alice,0,28830260,376,0.1606,0.748,4.0565,0.1,,,,458,176,0.264,1.287,0.017,0.045,0.2302839116719243
alice,0,28830260,377,0.1038,0.7735,3.967,0.1,,,,437,174,0.25,0.989,0.014,0.042,0.24386252045826515
alice,0,28830260,378,0.1359,0.6899,3.6283,0.1,,,,451,192,0.264,1.158,0.015,0.047,0.24727838258164853
alice,0,28830260,379,0.1347,0.7653,4.0524,0.1,,,,459,145,0.285,1.463,0.016,0.04,0.2052980132450331
alice,0,28830260,380,0.1342,0.7485,3.9337,0.1,,,,448,190,0.26,1.06,0.015,0.045,0.26332288401253917
alice,0,28830260,381,0.1375,0.7168,3.634,0.1,,,,439,212,0.242,1.093,0.015,0.052,0.3010752688172043
alice,0,28830260,382,0.1433,0.7025,3.4822,0.1,,,,455,179,0.268,1.29,0.015,0.045,0.2476340694006309
alice,0,28830260,383,0.1379,0.7536,3.6373,0.1,,,,450,157,0.263,1.309,0.014,0.037,0.21252059308072488
alice,0,28830260,384,0.1733,0.7051,3.788,0.1,,,,442,194,0.254,1.146,0.016,0.042,0.27358490566037735
alice,0,28830260,385,0.1273,0.7485,4.2842,0.1,,,,451,180,0.255,1.275,0.014,0.039,0.24564183835182252
alice,0,28830260,386,0.1522,0.7059,3.5426,0.1,,,,435,211,0.242,1.263,0.015,0.04,0.28328173374613
alice,0,28830260,387,0.1343,0.725,3.7016,0.1,,,,458,184,0.252,1.201,0.015,0.045,0.26635514018691586
alice,0,28830260,388,0.1556,0.759,3.3838,0.1,,,,433,200,0.238,1.342,0.015,0.044,0.27330173775671407
alice,0,28830260,389,0.1143,0.8052,4.2857,0.1,,,,437,187,0.247,1.145,0.015,0.044,0.2532051282051282
alice,0,28830260,390,0.1727,0.684,3.6332,0.1,,,,450,207,0.245,1.15,0.015,0.038,0.2648401826484018
alice,0,28830260,391,0.1442,0.7541,3.4686,0.1,,,,450,185,0.247,1.007,0.015,0.035,0.25196850393700787
alice,0,28830260,392,0.1403,0.7571,3.8629,0.1,,,,461,159,0.243,1.172,0.015,0.042,0.21774193548387097
alice,0,28830260,393,0.1414,0.7339,3.7486,0.1,,,,442,181,0.241,1.104,0.014,0.042,0.23113964686998395
alice,0,28830260,394,0.1145,0.7564,3.7696,0.1,,,,459,166,0.257,1.057,0.014,0.035,0.224
alice,0,28830260,395,0.1381,0.7163,3.4426,0.1,,,,443,188,0.241,0.859,0.014,0.035,0.25673534072900156
alice,0,28830260,396,0.1468,0.6878,4.2346,0.1,,,,437,218,0.229,1.373,0.014,0.033,0.2885496183206107
alice,0,28830260,397,0.0869,0.6977,3.4637,0.1,,,,429,211,0.225,1.177,0.015,0.039,0.2859375
alice,0,28830260,398,0.1676,0.7225,3.9157,0.1,,,,429,202,0.238,1.403,0.014,0.046,0.277337559429477
alice,0,28830260,399,0.1276,0.7027,4.2203,0.1,,,,427,241,0.221,1.434,0.014,0.038,0.3203592814371258
alice,0,28830260,400,0.0988,0.6732,4.0405,0.1,,,,453,228,0.223,1.409,0.015,0.042,0.29515418502202645
alice,0,28830260,401,0.1021,0.7345,3.7175,0.1,,,,424,221,0.24,1.239,0.015,0.051,0.28527131782945736
alice,0,28830260,402,0.1256,0.7648,3.4785,0.1,,,,457,174,0.258,1.206,0.015,0.046,0.2519809825673534
alice,0,28830260,403,0.1258,0.7578,3.7143,0.1,,,,457,174,0.263,1.245,0.014,0.039,0.24881141045958796
alice,0,28830260,404,0.1335,0.7334,3.9779,0.1,,,,444,173,0.261,1.039,0.014,0.045,0.24473257698541329
alice,0,28830260,405,0.1119,0.7355,3.8811,0.1,,,,449,179,0.245,1.16,0.015,0.039,0.25477707006369427
alice,0,28830260,406,0.1124,0.8188,3.75,0.1,,,,461,147,0.265,1.126,0.013,0.042,0.20230263157894737
alice,0,28830260,407,0.128,0.7842,3.3077,0.1,,,,457,150,0.281,1.21,0.014,0.036,0.22075782537067545
alice,0,28830260,408,0.1539,0.7808,3.8571,0.1,,,,435,185,0.258,1.286,0.014,0.038,0.25161290322580643
alice,0,28830260,409,0.1121,0.725,3.8528,0.1,,,,456,185,0.256,1.385,0.015,0.041,0.23712948517940718
alice,0,28830260,410,0.1112,0.7206,4.0773,0.1,,,,452,191,0.24,1.134,0.014,0.044,0.25194401244167963
alice,0,28830260,411,0.1275,0.7215,3.5978,0.1,,,,448,172,0.249,1.3,0.015,0.039,0.23225806451612904
alice,0,28830260,412,0.1562,0.7116,3.6648,0.1,,,,462,176,0.256,1.205,0.014,0.044,0.22884012539184953
alice,0,28830260,413,0.1067,0.7047,3.5249,0.1,,,,449,162,0.266,1.275,0.015,0.046,0.22913256955810146
alice,0,28830260,414,0.1121,0.7146,4.2367,0.1,,,,461,155,0.271,1.242,0.016,0.045,0.21753246753246752
alice,0,28830260,415,0.1246,0.6915,3.5284,0.1,,,,463,168,0.275,1.218,0.018,0.046,0.22820919175911253
alice,0,28830260,416,0.1251,0.6743,2.9719,0.1,,,,444,169,0.268,1.082,0.016,0.04,0.24469820554649266
alice,0,28830260,417,0.1103,0.7559,3.625,0.1,,,,445,174,0.256,1.193,0.014,0.046,0.2407108239095315
alice,0,28830260,418,0.1221,0.7815,3.9594,0.1,,,,460,160,0.264,1.28,0.016,0.042,0.21774193548387097
alice,0,28830260,419,0.1137,0.7546,3.6891,0.1,,,,445,172,0.252,0.999,0.016,0.043,0.24311183144246354
alice,0,28830260,420,0.124,0.7956,3.8691,0.1,,,,462,148,0.272,1.147,0.016,0.05,0.2098360655737705
alice,0,28830260,421,0.1357,0.8329,3.9845,0.1,,,,460,141,0.283,1.206,0.016,0.043,0.20133111480865223
alice,0,28830260,422,0.126,0.7517,3.7638,0.1,,,,460,151,0.261,1.341,0.015,0.048,0.2144026186579378
alice,0,28830260,423,0.1356,0.669,3.1094,0.1,,,,463,159,0.279,1.209,0.014,0.048,0.2170418006430868
alice,0,28830260,424,0.1304,0.721,3.2865,0.1,,,,446,155,0.265,1.232,0.016,0.04,0.22296173044925124
alice,0,28830260,425,0.1334,0.7419,3.8404,0.1,,,,460,166,0.258,1.108,0.015,0.043,0.2220447284345048
alice,0,28830260,426,0.116,0.736,3.5131,0.1,,,,450,165,0.263,1.145,0.015,0.041,0.22926829268292684
alice,0,28830260,427,0.1223,0.7436,4.2778,0.1,,,,459,161,0.28,1.152,0.015,0.037,0.22258064516129034
alice,0,28830260,428,0.1589,0.7894,4.2116,0.1,,,,460,147,0.28,1.292,0.016,0.039,0.20593080724876442
alice,0,28830260,429,0.1235,0.7879,4.0,0.1,,,,459,145,0.268,1.386,0.014,0.036,0.2119205298013245
alice,0,28830260,430,0.1468,0.7561,3.9529,0.1,,,,450,190,0.245,1.361,0.015,0.037,0.2578125
alice,0,28830260,431,0.1404,0.7486,3.7716,0.1,,,,466,151,0.274,1.153,0.015,0.042,0.2025931928687196
alice,0,28830260,432,0.1378,0.6957,3.2703,0.1,,,,469,156,0.272,1.057,0.015,0.04,0.1968
alice,0,28830260,433,0.1021,0.6625,3.2882,0.1,,,,445,180,0.261,1.089,0.014,0.048,0.2528
alice,0,28830260,434,0.1174,0.6952,3.9639,0.1,,,,456,167,0.264,0.964,0.015,0.041,0.22953451043338685
alice,0,28830260,435,0.1236,0.7484,3.815,0.1,,,,461,143,0.285,1.313,0.016,0.044,0.1986754966887417
alice,0,28830260,436,0.1084,0.7647,3.6154,0.1,,,,458,147,0.287,1.399,0.015,0.038,0.20165289256198346
alice,0,28830260,437,0.1019,0.7998,4.1989,0.1,,,,439,180,0.274,1.114,0.016,0.045,0.2520193861066236
alice,0,28830260,438,0.1249,0.8315,4.1333,0.1,,,,458,160,0.288,1.165,0.016,0.044,0.215210355987055
alice,0,28830260,439,0.1254,0.78,4.4185,0.1,,,,452,174,0.253,1.208,0.015,0.043,0.22523961661341854
alice,0,28830260,440,0.1447,0.6774,3.6704,0.1,,,,459,175,0.274,1.244,0.015,0.041,0.23817034700315456
alice,0,28830260,441,0.129,0.7663,3.7196,0.1,,,,459,139,0.269,1.029,0.015,0.047,0.1939799331103679
alice,0,28830260,442,0.1112,0.7077,3.7039,0.1,,,,455,182,0.282,1.348,0.016,0.039,0.25117739403453687
alice,0,28830260,443,0.1218,0.7673,3.3039,0.1,,,,446,172,0.265,1.286,0.015,0.043,0.2459546925566343
alice,0,28830260,444,0.1305,0.7577,3.9831,0.1,,,,461,174,0.273,1.266,0.017,0.043,0.24251968503937008
alice,0,28830260,445,0.0958,0.7343,3.7321,0.1,,,,460,165,0.271,1.134,0.016,0.042,0.2304
alice,0,28830260,446,0.1198,0.8079,3.6983,0.1,,,,459,146,0.268,1.169,0.018,0.044,0.20330578512396694
alice,0,28830260,447,0.0956,0.7887,3.5368,0.1,,,,442,167,0.264,1.309,0.015,0.048,0.22660098522167488
alice,0,28830260,448,0.1137,0.7714,3.7526,0.1,,,,453,169,0.238,1.156,0.015,0.047,0.23633440514469453
alice,0,28830260,449,0.1228,0.7027,3.4811,0.1,,,,442,204,0.236,1.039,0.015,0.037,0.2755417956656347
alice,0,28830260,450,0.1231,0.7336,3.7796,0.1,,,,451,185,0.252,1.151,0.015,0.042,0.2468553459119497
alice,0,28830260,451,0.1195,0.7543,3.4874,0.1,,,,447,169,0.252,1.191,0.016,0.052,0.2353896103896104
alice,0,28830260,452,0.1376,0.7698,3.6318,0.1,,,,457,162,0.283,1.291,0.016,0.044,0.20516962843295639
alice,0,28830260,453,0.122,0.8078,3.8702,0.1,,,,456,152,0.279,1.273,0.014,0.047,0.21875
alice,0,28830260,454,0.1405,0.7666,3.4467,0.1,,,,460,155,0.267,1.272,0.017,0.045,0.21788617886178863
alice,0,28830260,455,0.1342,0.674,3.1579,0.1,,,,440,177,0.254,1.204,0.015,0.054,0.2479740680713128
alice,0,28830260,456,0.1398,0.8108,3.0318,0.1,,,,461,148,0.281,1.057,0.015,0.05,0.20525451559934318
alice,0,28830260,457,0.1125,0.8065,3.2559,0.1,,,,439,161,0.271,1.229,0.014,0.049,0.22666666666666666
alice,0,28830260,458,0.1266,0.7797,3.8732,0.1,,,,461,159,0.27,1.184,0.014,0.047,0.21774193548387097
alice,0,28830260,459,0.1106,0.7701,4.0963,0.1,,,,437,193,0.249,1.07,0.014,0.049,0.2777777777777778
alice,0,28830260,460,0.1537,0.8018,3.8916,0.1,,,,462,169,0.262,1.349,0.014,0.045,0.23137876386687797
alice,0,28830260,461,0.1129,0.7485,3.8508,0.1,,,,445,188,0.251,1.143,0.015,0.043,0.25908372827804105
alice,0,28830260,462,0.1164,0.7248,3.6321,0.1,,,,438,187,0.243,0.99,0.015,0.048,0.2528
alice,0,28830260,463,0.1429,0.7973,3.767,0.1,,,,452,175,0.263,1.335,0.014,0.052,0.24880382775119617
alice,0,28830260,464,0.1487,0.7457,3.8177,0.1,,,,458,162,0.281,1.284,0.016,0.05,0.2306451612903226
alice,0,28830260,465,0.1336,0.7404,3.5888,0.1,,,,454,156,0.267,1.179,0.016,0.041,0.22295081967213115
alice,0,28830260,466,0.128,0.7101,3.7901,0.1,,,,457,167,0.26,1.188,0.014,0.049,0.22756410256410256
alice,0,28830260,467,0.1101,0.7548,3.8827,0.1,,,,453,163,0.256,1.176,0.016,0.04,0.2305194805194805
alice,0,28830260,468,0.1209,0.71,3.7459,0.1,,,,461,163,0.274,1.463,0.015,0.043,0.21794871794871795
alice,0,28830260,469,0.111,0.7047,3.456,0.1,,,,458,174,0.276,1.332,0.014,0.043,0.2389240506329114
alice,0,28830260,470,0.1315,0.7178,3.7725,0.1,,,,455,155,0.269,1.033,0.015,0.053,0.21639344262295082
alice,0,28830260,471,0.1299,0.7354,3.453,0.1,,,,452,168,0.259,1.113,0.014,0.047,0.24838709677419354
alice,0,28830260,472,0.1216,0.6989,3.7356,0.1,,,,451,170,0.273,1.098,0.015,0.048,0.23510466988727857
alice,0,28830260,473,0.119,0.7072,3.9181,0.1,,,,448,184,0.251,1.109,0.015,0.048,0.24525316455696203
alice,0,28830260,474,0.1198,0.7981,3.9424,0.1,,,,446,178,0.249,1.165,0.014,0.044,0.25
alice,0,28830260,475,0.1495,0.7699,3.8359,0.1,,,,469,155,0.273,1.182,0.014,0.044,0.1891025641025641
alice,0,28830260,476,0.1207,0.7442,3.18,0.1,,,,448,151,0.267,1.12,0.014,0.046,0.21702838063439064
alice,0,28830260,477,0.1275,0.7649,3.3707,0.1,,,,445,166,0.261,1.086,0.017,0.046,0.24386252045826515
alice,0,28830260,478,0.1297,0.7554,3.5369,0.1,,,,474,150,0.265,0.99,0.016,0.038,0.20512820512820512
alice,0,28830260,479,0.1133,0.7066,3.9412,0.1,,,,444,180,0.251,1.225,0.015,0.048,0.25
alice,0,28830260,480,0.1438,0.7226,3.6349,0.1,,,,460,150,0.258,1.142,0.018,0.054,0.21311475409836064
alice,0,28830260,481,0.1203,0.7343,3.5591,0.1,,,,455,159,0.27,1.351,0.015,0.051,0.22149837133550487
alice,0,28830260,482,0.1288,0.7237,3.5787,0.1,,,,462,161,0.267,1.06,0.014,0.046,0.2247191011235955
alice,0,28830260,483,0.1189,0.726,3.4444,0.1,,,,453,156,0.287,1.312,0.016,0.049,0.2019704433497537
alice,0,28830260,484,0.1124,0.7315,3.3782,0.1,,,,451,153,0.267,1.186,0.014,0.052,0.20364238410596028
alice,0,28830260,485,0.1286,0.7521,3.4537,0.1,,,,439,165,0.266,1.282,0.014,0.042,0.23344370860927152
alice,0,28830260,486,0.1314,0.7359,3.6184,0.1,,,,446,174,0.281,1.594,0.015,0.041,0.23709677419354838
alice,0,28830260,487,0.1588,0.8071,3.907,0.1,,,,464,145,0.295,1.298,0.014,0.043,0.19704433497536947
alice,0,28830260,488,0.1627,0.7641,3.885,0.1,,,,476,133,0.288,1.159,0.016,0.045,0.1839080459770115
alice,0,28830260,489,0.1341,0.7898,3.9692,0.1,,,,459,132,0.288,1.048,0.015,0.043,0.18781725888324874
alice,0,28830260,490,0.1389,0.7358,3.7407,0.1,,,,467,153,0.266,1.356,0.014,0.041,0.22741935483870968
alice,0,28830260,491,0.1264,0.7196,2.9949,0.1,,,,448,165,0.26,1.248,0.016,0.051,0.233278955954323
alice,0,28830260,492,0.1249,0.7465,3.8407,0.1,,,,470,152,0.269,1.136,0.015,0.048,0.21543408360128619
alice,0,28830260,493,0.1085,0.6954,3.3829,0.1,,,,458,161,0.261,1.131,0.015,0.041,0.2148626817447496
alice,0,28830260,494,0.1069,0.7252,3.6786,0.1,,,,440,165,0.265,1.33,0.014,0.046,0.23636363636363636
alice,0,28830260,495,0.1279,0.7624,3.9892,0.1,,,,470,134,0.301,1.291,0.015,0.044,0.17880794701986755
alice,0,28830260,496,0.1277,0.7841,3.4949,0.1,,,,456,140,0.275,1.189,0.016,0.046,0.21476510067114093
alice,0,28830260,497,0.1289,0.774,3.715,0.1,,,,446,165,0.266,1.434,0.015,0.051,0.22585924713584288
alice,0,28830260,498,0.1314,0.8262,4.0049,0.1,,,,460,144,0.274,1.2,0.015,0.043,0.1986754966887417
alice,0,28830260,499,0.1301,0.7001,3.9721,0.1,,,,458,173,0.257,1.217,0.015,0.049,0.23137876386687797
alice,0,28830260,500,0.1319,0.7434,3.1531,0.1,,,,466,143,0.285,1.274,0.017,0.05,0.1921182266009852
alice,0,28830260,501,0.1179,0.7701,3.6878,0.1,,,,461,140,0.287,1.335,0.016,0.047,0.1930116472545757
alice,0,28830260,502,0.1307,0.6832,3.4556,0.1,,,,457,172,0.271,1.184,0.015,0.049,0.2178060413354531
alice,0,28830260,503,0.1163,0.7354,3.4021,0.1,,,,454,163,0.267,1.211,0.014,0.045,0.233387358184765
alice,0,28830260,504,0.1115,0.7871,3.7989,0.1,,,,445,149,0.265,1.145,0.016,0.04,0.21885521885521886
alice,0,28830260,505,0.1296,0.7048,3.5131,0.1,,,,441,192,0.254,1.138,0.014,0.04,0.26540284360189575
alice,0,28830260,506,0.1372,0.7195,3.4923,0.1,,,,460,163,0.27,1.143,0.015,0.042,0.21508828250401285
alice,0,28830260,507,0.1439,0.7397,3.7796,0.1,,,,459,165,0.267,1.326,0.014,0.044,0.23557692307692307
alice,0,28830260,508,0.1108,0.8014,3.5941,0.1,,,,462,133,0.286,1.072,0.015,0.041,0.1915966386554622
alice,0,28830260,509,0.1232,0.7349,3.3128,0.1,,,,478,138,0.285,1.511,0.016,0.04,0.18506493506493507
alice,0,28830260,510,0.1229,0.7354,3.2155,0.1,,,,456,129,0.305,1.28,0.015,0.055,0.19829059829059828
alice,0,28830260,511,0.1141,0.8716,3.4787,0.1,,,,445,141,0.273,1.187,0.015,0.044,0.1962457337883959
alice,0,28830260,512,0.1275,0.7932,4.3016,0.1,,,,462,151,0.271,1.062,0.015,0.046,0.2137030995106036
alice,0,28830260,513,0.1455,0.7703,3.6684,0.1,,,,462,161,0.269,1.349,0.015,0.043,0.21829855537720708
alice,0,28830260,514,0.1134,0.7815,4.067,0.1,,,,460,168,0.242,1.04,0.019,0.044,0.2372611464968153
alice,0,28830260,515,0.1212,0.7038,3.5497,0.1,,,,463,151,0.271,1.253,0.016,0.048,0.20684039087947884
alice,0,28830260,516,0.156,0.7582,3.2766,0.1,,,,460,136,0.29,1.283,0.015,0.042,0.17953020134228187
alice,0,28830260,517,0.1105,0.7577,3.7663,0.1,,,,449,158,0.255,1.082,0.014,0.043,0.21911037891268534
alice,0,28830260,518,0.1268,0.6969,3.3189,0.1,,,,454,176,0.253,1.696,0.015,0.047,0.2507936507936508
alice,0,28830260,519,0.1189,0.7335,3.4731,0.1,,,,457,150,0.267,1.213,0.015,0.048,0.20098846787479407
alice,0,28830260,520,0.1264,0.7633,4.191,0.1,,,,466,150,0.28,1.332,0.016,0.044,0.21103896103896103
alice,0,28830260,521,0.1329,0.8278,3.3485,0.1,,,,457,140,0.282,1.179,0.015,0.046,0.20268006700167504
alice,0,28830260,522,0.1245,0.7969,3.8128,0.1,,,,460,133,0.269,1.224,0.015,0.041,0.1905564924114671
alice,0,28830260,523,0.1128,0.7089,3.4475,0.1,,,,456,165,0.287,1.299,0.015,0.042,0.22705314009661837
alice,0,28830260,524,0.098,0.7793,3.5803,0.1,,,,456,138,0.283,1.408,0.015,0.038,0.19023569023569023
alice,0,28830260,525,0.107,0.8123,4.1534,0.1,,,,457,151,0.273,1.138,0.015,0.05,0.2138157894736842
alice,0,28830260,526,0.1272,0.7224,3.617,0.1,,,,456,161,0.261,1.29,0.014,0.045,0.2188006482982172
alice,0,28830260,527,0.1398,0.7166,3.4574,0.1,,,,465,136,0.269,1.105,0.015,0.044,0.194675540765391
alice,0,28830260,528,0.1361,0.7744,3.8378,0.1,,,,465,139,0.288,1.235,0.017,0.046,0.19536423841059603
alice,0,28830260,529,0.1162,0.7498,3.383,0.1,,,,455,144,0.281,1.235,0.015,0.05,0.20701168614357263
alice,0,28830260,530,0.0896,0.8072,3.6281,0.1,,,,447,155,0.265,1.286,0.015,0.044,0.20930232558139536
alice,0,28830260,531,0.1175,0.8298,4.1343,0.1,,,,462,154,0.261,1.222,0.015,0.045,0.2159090909090909
alice,0,28830260,532,0.1209,0.7704,3.4466,0.1,,,,464,151,0.273,1.322,0.014,0.049,0.21788617886178863
alice,0,28830260,533,0.1381,0.7691,3.8325,0.1,,,,463,151,0.284,1.195,0.015,0.047,0.2247557003257329
alice,0,28830260,534,0.113,0.7105,3.4545,0.1,,,,456,172,0.255,1.214,0.015,0.046,0.23248407643312102
alice,0,28830260,535,0.1255,0.7757,3.6218,0.1,,,,462,133,0.279,1.401,0.021,0.042,0.1915966386554622
alice,0,28830260,536,0.1067,0.7204,3.7308,0.1,,,,444,170,0.249,1.085,0.015,0.043,0.23615635179153094
alice,0,28830260,537,0.1132,0.7153,3.1608,0.1,,,,450,162,0.271,1.161,0.015,0.043,0.23529411764705882
alice,0,28830260,538,0.1309,0.7317,3.5312,0.1,,,,453,165,0.271,1.286,0.015,0.052,0.2313915857605178
alice,0,28830260,539,0.1417,0.7518,3.4924,0.1,,,,454,153,0.274,1.15,0.016,0.053,0.21087314662273476
alice,0,28830260,540,0.1454,0.7785,3.9257,0.1,,,,467,149,0.272,1.54,0.015,0.048,0.21103896103896103
alice,0,28830260,541,0.1016,0.7183,3.5323,0.1,,,,457,164,0.266,1.28,0.015,0.046,0.22544283413848631
alice,0,28830260,542,0.1056,0.6761,3.1694,0.1,,,,450,186,0.262,1.138,0.016,0.05,0.2562893081761006
alice,0,28830260,543,0.1212,0.7741,3.4974,0.1,,,,454,141,0.272,1.267,0.015,0.05,0.19663865546218487
alice,0,28830260,544,0.1129,0.7598,3.6684,0.1,,,,467,138,0.274,1.169,0.015,0.054,0.2
alice,0,28830260,545,0.1067,0.8143,3.6327,0.1,,,,456,136,0.282,1.281,0.016,0.049,0.20608108108108109
alice,0,28830260,546,0.1106,0.8412,4.3476,0.1,,,,461,146,0.265,1.238,0.015,0.047,0.21746293245469522
alice,0,28830260,547,0.1168,0.8209,4.1323,0.1,,,,462,138,0.268,1.232,0.015,0.054,0.195
alice,0,28830260,548,0.1195,0.8009,3.7789,0.1,,,,464,141,0.277,1.349,0.016,0.039,0.2
alice,0,28830260,549,0.14,0.8154,3.6635,0.1,,,,448,145,0.281,1.341,0.015,0.045,0.21416526138279932
alice,0,28830260,550,0.1303,0.7656,3.6471,0.1,,,,459,165,0.265,1.281,0.015,0.048,0.22916666666666666
alice,0,28830260,551,0.1254,0.7963,3.79,0.1,,,,449,160,0.264,1.525,0.015,0.049,0.22660098522167488
alice,0,28830260,552,0.1427,0.7377,3.485,0.1,,,,460,171,0.261,1.155,0.018,0.038,0.2329635499207607
alice,0,28830260,553,0.1342,0.7448,3.4513,0.1,,,,453,164,0.279,1.306,0.015,0.051,0.2366288492706645
alice,0,28830260,554,0.121,0.7764,3.5377,0.1,,,,460,140,0.27,1.282,0.014,0.045,0.19
alice,0,28830260,555,0.144,0.7452,3.3909,0.1,,,,473,130,0.286,1.19,0.015,0.048,0.1824212271973466
alice,0,28830260,556,0.1203,0.7309,3.2626,0.1,,,,450,166,0.278,1.154,0.017,0.053,0.2288961038961039
alice,0,28830260,557,0.1219,0.7478,3.5924,0.1,,,,440,171,0.265,1.172,0.015,0.052,0.23567921440261866
alice,0,28830260,558,0.1265,0.8279,3.7206,0.1,,,,469,130,0.279,1.247,0.015,0.046,0.18697829716193656
alice,0,28830260,559,0.1234,0.711,3.767,0.1,,,,451,169,0.263,1.096,0.016,0.041,0.23709677419354838
alice,0,28830260,560,0.1082,0.8019,3.8144,0.1,,,,443,168,0.262,1.248,0.014,0.042,0.22749590834697217
alice,0,28830260,561,0.1153,0.7626,4.2054,0.1,,,,465,166,0.266,1.24,0.015,0.048,0.21711568938193343
alice,0,28830260,562,0.1263,0.7634,3.5103,0.1,,,,457,148,0.278,1.323,0.016,0.043,0.21322314049586777
alice,0,28830260,563,0.1224,0.785,3.2059,0.1,,,,461,136,0.281,1.301,0.017,0.045,0.18760469011725292
alice,0,28830260,564,0.1277,0.7832,3.7937,0.1,,,,462,145,0.268,1.051,0.018,0.048,0.18945634266886327
alice,0,28830260,565,0.1281,0.7385,3.7403,0.1,,,,455,160,0.262,1.151,0.015,0.044,0.23414634146341465
alice,0,28830260,566,0.1096,0.6902,3.68,0.1,,,,458,169,0.246,0.989,0.015,0.045,0.22966507177033493
alice,0,28830260,567,0.1335,0.762,3.3958,0.1,,,,450,141,0.272,1.163,0.015,0.051,0.20304568527918782
alice,0,28830260,568,0.1096,0.7716,3.6649,0.1,,,,457,152,0.271,1.156,0.014,0.049,0.20689655172413793
alice,0,28830260,569,0.1123,0.822,3.8442,0.1,,,,463,136,0.286,1.16,0.015,0.04,0.2003338898163606
alice,0,28830260,570,0.1155,0.7781,3.7426,0.1,,,,455,141,0.288,1.304,0.015,0.041,0.20469798657718122
alice,0,28830260,571,0.1313,0.7535,3.2775,0.1,,,,455,169,0.268,1.27,0.015,0.042,0.24358974358974358
alice,0,28830260,572,0.1129,0.7816,3.943,0.1,,,,453,157,0.277,1.426,0.014,0.044,0.2278688524590164
alice,0,28830260,573,0.1188,0.7983,3.7892,0.1,,,,456,146,0.276,1.016,0.014,0.053,0.20930232558139536
alice,0,28830260,574,0.1433,0.7652,3.6158,0.1,,,,479,143,0.282,1.19,0.016,0.039,0.20096463022508038
alice,0,28830260,575,0.1133,0.8028,3.8359,0.1,,,,446,144,0.273,1.254,0.016,0.047,0.22542372881355932
alice,0,28830260,576,0.1384,0.7863,3.4335,0.1,,,,465,152,0.277,1.184,0.014,0.054,0.1993517017828201
alice,0,28830260,577,0.1214,0.6992,3.7022,0.1,,,,461,168,0.266,1.235,0.015,0.044,0.2289348171701113
alice,0,28830260,578,0.0966,0.7133,3.5829,0.1,,,,461,162,0.268,1.224,0.017,0.047,0.20545746388443017
alice,0,28830260,579,0.1047,0.6984,3.4226,0.1,,,,442,163,0.267,1.287,0.015,0.048,0.23305785123966943
alice,0,28830260,580,0.1233,0.7698,3.9121,0.1,,,,468,150,0.277,1.265,0.015,0.044,0.19741100323624594
alice,0,28830260,581,0.1422,0.7361,3.5806,0.1,,,,455,142,0.291,1.577,0.015,0.05,0.19430485762144054
alice,0,28830260,582,0.1047,0.8315,3.8621,0.1,,,,467,133,0.275,1.183,0.014,0.049,0.18833333333333332
alice,0,28830260,583,0.1243,0.7282,3.3196,0.1,,,,467,161,0.262,1.161,0.015,0.049,0.22452229299363058
alice,0,28830260,584,0.1242,0.7373,3.517,0.1,,,,458,155,0.278,1.275,0.014,0.044,0.21533442088091354
alice,0,28830260,585,0.1251,0.7406,3.5682,0.1,,,,441,160,0.269,1.248,0.014,0.047,0.21797004991680533
alice,0,28830260,586,0.133,0.7321,3.5668,0.1,,,,453,159,0.276,1.129,0.015,0.04,0.21895424836601307
alice,0,28830260,587,0.0946,0.7439,3.5309,0.1,,,,471,127,0.297,1.27,0.016,0.047,0.18227424749163879
alice,0,28830260,588,0.1161,0.7481,3.8827,0.1,,,,464,150,0.28,1.154,0.015,0.05,0.21986970684039087
alice,0,28830260,589,0.1348,0.7258,3.7541,0.1,,,,464,140,0.29,1.252,0.015,0.048,0.20198675496688742
alice,0,28830260,590,0.1033,0.7343,3.5652,0.1,,,,447,152,0.295,1.239,0.014,0.043,0.21035058430717862
alice,0,28830260,591,0.1282,0.7011,3.0319,0.1,,,,454,153,0.284,1.181,0.015,0.046,0.214168039538715
alice,0,28830260,592,0.1318,0.74,3.2736,0.1,,,,459,145,0.284,1.372,0.016,0.056,0.2052980132450331
alice,0,28830260,593,0.1301,0.8313,4.0863,0.1,,,,470,124,0.289,1.283,0.015,0.049,0.17845117845117844
alice,0,28830260,594,0.1211,0.7738,3.6211,0.1,,,,452,157,0.264,1.119,0.016,0.049,0.22495894909688013
alice,0,28830260,595,0.1149,0.7895,3.5862,0.1,,,,450,150,0.278,1.274,0.016,0.046,0.21333333333333335
alice,0,28830260,596,0.1056,0.8466,3.9034,0.1,,,,459,152,0.265,1.103,0.015,0.044,0.2225859247135843
alice,0,28830260,597,0.1242,0.7535,3.736,0.1,,,,461,164,0.271,1.18,0.015,0.052,0.224
alice,0,28830260,598,0.1184,0.7303,3.3282,0.1,,,,454,154,0.266,1.564,0.018,0.048,0.21710526315789475
alice,0,28830260,599,0.1233,0.7176,3.4677,0.1,,,,460,163,0.255,1.214,0.015,0.05,0.22150882825040127
alice,0,28830260,600,0.1031,0.6983,3.1196,0.1,,,,442,179,0.245,1.355,0.014,0.043,0.2576489533011272
alice,0,28830260,601,0.1273,0.7403,3.5241,0.1,,,,450,158,0.254,1.257,0.015,0.043,0.22861842105263158
alice,0,28830260,602,0.1137,0.7525,3.7112,0.1,,,,457,156,0.264,1.378,0.015,0.047,0.20554649265905384
alice,0,28830260,603,0.1178,0.7596,3.5158,0.1,,,,464,147,0.273,1.295,0.016,0.055,0.2078559738134206
alice,0,28830260,604,0.1225,0.7837,3.7283,0.1,,,,452,141,0.278,1.288,0.015,0.049,0.20404721753794267
alice,0,28830260,605,0.1326,0.732,3.6073,0.1,,,,463,149,0.279,1.092,0.015,0.043,0.20915032679738563
alice,0,28830260,606,0.1342,0.7563,3.5684,0.1,,,,465,143,0.273,1.353,0.015,0.051,0.21052631578947367
alice,0,28830260,607,0.1434,0.7461,3.9716,0.1,,,,455,152,0.268,1.345,0.015,0.045,0.2158154859967051
alice,0,28830260,608,0.0979,0.7889,3.9476,0.1,,,,461,140,0.263,1.133,0.015,0.045,0.19633943427620631
alice,0,28830260,609,0.1215,0.788,4.1443,0.1,,,,468,144,0.273,1.254,0.015,0.048,0.18627450980392157
alice,0,28830260,610,0.1437,0.821,3.4793,0.1,,,,474,111,0.285,1.156,0.018,0.048,0.17264957264957265
alice,0,28830260,611,0.153,0.7632,3.4343,0.1,,,,456,141,0.268,1.242,0.015,0.047,0.20435510887772193
alice,0,28830260,612,0.1262,0.8119,3.8818,0.1,,,,467,131,0.276,1.295,0.015,0.045,0.2040133779264214
alice,0,28830260,613,0.1197,0.7906,3.9005,0.1,,,,459,142,0.273,1.471,0.015,0.05,0.20299500831946754
alice,0,28830260,614,0.1527,0.7692,3.599,0.1,,,,469,158,0.275,1.251,0.015,0.055,0.215311004784689
alice,0,28830260,615,0.1394,0.7763,3.5969,0.1,,,,451,130,0.279,1.018,0.014,0.046,0.2082616179001721
alice,0,28830260,616,0.153,0.7689,4.1895,0.1,,,,470,143,0.274,1.016,0.015,0.038,0.19412724306688417
alice,0,28830260,617,0.1329,0.7594,3.6772,0.1,,,,457,155,0.253,1.157,0.014,0.046,0.21405228758169934
alice,0,28830260,618,0.1239,0.7539,3.9056,0.1,,,,464,153,0.268,1.046,0.015,0.044,0.20583468395461912
alice,0,28830260,619,0.1337,0.7683,3.8361,0.1,,,,460,148,0.275,1.197,0.016,0.045,0.1924342105263158
alice,0,28830260,620,0.1316,0.7895,4.0108,0.1,,,,477,114,0.292,1.111,0.014,0.042,0.16412859560067683
alice,0,28830260,621,0.1162,0.7985,3.6402,0.1,,,,473,126,0.279,1.092,0.015,0.044,0.18363939899833054
alice,0,28830260,622,0.1369,0.7188,3.2444,0.1,,,,465,133,0.284,1.197,0.015,0.05,0.19230769230769232
alice,0,28830260,623,0.0811,0.7537,3.7955,0.1,,,,450,162,0.269,1.266,0.015,0.051,0.22712418300653595
alice,0,28830260,624,0.1288,0.7542,3.4041,0.1,,,,455,135,0.286,1.193,0.015,0.044,0.21016949152542372
alice,0,28830260,625,0.1408,0.7587,3.7306,0.1,,,,467,145,0.273,1.122,0.015,0.044,0.2042483660130719
alice,0,28830260,626,0.1236,0.7424,3.9382,0.1,,,,454,161,0.264,1.089,0.014,0.041,0.23414634146341465
alice,0,28830260,627,0.1404,0.678,3.3107,0.1,,,,462,165,0.278,1.502,0.015,0.042,0.21850079744816586
alice,0,28830260,628,0.1312,0.7265,3.5,0.1,,,,447,159,0.266,1.305,0.015,0.055,0.21947194719471946
alice,0,28830260,629,0.1012,0.738,3.7204,0.1,,,,447,165,0.271,1.181,0.016,0.047,0.2434640522875817
alice,0,28830260,630,0.1224,0.7752,3.4466,0.1,,,,446,154,0.265,1.163,0.014,0.048,0.21833333333333332
alice,0,28830260,631,0.1549,0.8132,3.8419,0.1,,,,464,126,0.289,1.353,0.015,0.047,0.18135593220338983
alice,0,28830260,632,0.1484,0.7785,3.7944,0.1,,,,464,127,0.281,1.242,0.015,0.053,0.17597292724196278
alice,0,28830260,633,0.124,0.7159,3.8172,0.1,,,,462,180,0.247,1.208,0.014,0.042,0.235202492211838
alice,0,28830260,634,0.123,0.7505,3.4479,0.1,,,,464,144,0.261,1.507,0.017,0.046,0.20559210526315788
alice,0,28830260,635,0.1216,0.7223,3.6782,0.1,,,,464,144,0.27,1.046,0.015,0.041,0.20065789473684212
alice,0,28830260,636,0.1219,0.7424,3.5393,0.1,,,,463,150,0.259,1.143,0.015,0.046,0.19902120717781402
alice,0,28830260,637,0.1056,0.7797,3.5056,0.1,,,,459,149,0.264,1.016,0.015,0.054,0.2138157894736842
alice,0,28830260,638,0.0855,0.7957,3.5926,0.1,,,,441,154,0.258,1.193,0.015,0.051,0.22016806722689075
alice,0,28830260,639,0.1346,0.7225,3.148,0.1,,,,457,152,0.278,1.451,0.015,0.043,0.21839080459770116
alice,0,28830260,640,0.1159,0.6803,3.1571,0.1,,,,460,165,0.259,1.423,0.019,0.045,0.2144
alice,0,28830260,641,0.1126,0.7123,3.4181,0.1,,,,462,161,0.276,1.235,0.016,0.045,0.21187800963081863
alice,0,28830260,642,0.1233,0.7702,3.7663,0.1,,,,464,133,0.277,1.316,0.015,0.05,0.19932998324958123
alice,0,28830260,643,0.1268,0.7749,3.4596,0.1,,,,454,144,0.25,1.066,0.015,0.05,0.21739130434782608
alice,0,28830260,644,0.1361,0.8098,4.0923,0.1,,,,469,129,0.279,1.072,0.015,0.047,0.17892976588628762
alice,0,28830260,645,0.1386,0.8026,3.9204,0.1,,,,459,136,0.288,1.081,0.015,0.052,0.18319327731092436
alice,0,28830260,646,0.1361,0.8065,3.2182,0.1,,,,465,135,0.274,1.05,0.015,0.046,0.18166666666666667
alice,0,28830260,647,0.138,0.8293,3.5421,0.1,,,,459,125,0.275,1.196,0.015,0.048,0.17636986301369864
alice,0,28830260,648,0.138,0.7809,3.8317,0.1,,,,468,157,0.267,1.037,0.014,0.054,0.2208
alice,0,28830260,649,0.1342,0.763,3.4352,0.1,,,,451,152,0.266,1.194,0.016,0.052,0.21061359867330018
alice,0,28830260,650,0.1216,0.7755,3.6359,0.1,,,,457,140,0.276,1.404,0.014,0.047,0.19597989949748743
alice,0,28830260,651,0.119,0.7154,3.4521,0.1,,,,467,170,0.267,1.301,0.015,0.041,0.22448979591836735
alice,0,28830260,652,0.118,0.6907,3.497,0.1,,,,460,156,0.268,1.41,0.015,0.045,0.21266233766233766
alice,0,28830260,653,0.1252,0.8013,3.6114,0.1,,,,437,152,0.265,1.233,0.017,0.045,0.22241086587436332
alice,0,28830260,654,0.1321,0.7492,3.6505,0.1,,,,465,135,0.275,0.954,0.015,0.052,0.195
alice,0,28830260,655,0.1404,0.7566,3.9219,0.1,,,,463,136,0.291,1.277,0.015,0.047,0.19198664440734559
alice,0,28830260,656,0.1276,0.7224,3.3756,0.1,,,,467,147,0.28,1.403,0.014,0.045,0.20846905537459284
alice,0,28830260,657,0.1177,0.8023,3.3035,0.1,,,,447,137,0.267,1.233,0.015,0.044,0.20205479452054795
alice,0,28830260,658,0.135,0.7482,3.873,0.1,,,,478,139,0.278,1.205,0.015,0.041,0.1880064829821718
alice,0,28830260,659,0.1074,0.7896,3.44,0.1,,,,451,142,0.279,1.137,0.014,0.049,0.209106239460371
alice,0,28830260,660,0.1256,0.7742,3.7732,0.1,,,,458,155,0.262,1.367,0.015,0.045,0.19575856443719414
alice,0,28830260,661,0.123,0.808,4.1606,0.1,,,,460,145,0.282,1.206,0.017,0.05,0.20991735537190082
alice,0,28830260,662,0.1284,0.7971,3.267,0.1,,,,460,129,0.279,1.216,0.016,0.051,0.19185059422750425
alice,0,28830260,663,0.1408,0.7342,3.405,0.1,,,,471,134,0.282,1.332,0.016,0.051,0.19008264462809918
alice,0,28830260,664,0.1341,0.8248,3.9851,0.1,,,,461,123,0.286,1.221,0.014,0.056,0.1832191780821918
alice,0,28830260,665,0.1515,0.7833,3.8557,0.1,,,,465,142,0.277,1.105,0.015,0.049,0.19769357495881384
alice,0,28830260,666,0.1341,0.7116,3.4323,0.1,,,,455,151,0.263,1.276,0.015,0.054,0.21947194719471946
alice,0,28830260,667,0.1244,0.8138,4.0457,0.1,,,,451,161,0.264,1.411,0.014,0.048,0.2238562091503268
alice,0,28830260,668,0.1189,0.7405,3.401,0.1,,,,461,163,0.256,1.237,0.016,0.043,0.23397435897435898
alice,0,28830260,669,0.1147,0.7799,3.4634,0.1,,,,451,144,0.267,0.911,0.014,0.049,0.20672268907563024
alice,0,28830260,670,0.1375,0.7544,3.3663,0.1,,,,466,166,0.263,1.35,0.014,0.044,0.2231012658227848
alice,0,28830260,671,0.1153,0.7612,3.4105,0.1,,,,459,137,0.277,1.297,0.015,0.047,0.1912751677852349
alice,0,28830260,672,0.1227,0.7192,3.3636,0.1,,,,462,157,0.268,1.296,0.014,0.05,0.21647819063004847
alice,0,28830260,673,0.1239,0.6917,3.65,0.1,,,,469,135,0.274,1.133,0.015,0.047,0.18211920529801323
alice,0,28830260,674,0.1289,0.7301,3.2629,0.1,,,,450,144,0.28,1.421,0.015,0.048,0.19696969696969696
alice,0,28830260,675,0.1196,0.7044,3.2079,0.1,,,,457,161,0.258,1.162,0.014,0.051,0.21197411003236247
alice,0,28830260,676,0.1202,0.7266,3.2944,0.1,,,,468,132,0.277,1.126,0.016,0.045,0.185
alice,0,28830260,677,0.1125,0.7841,3.7624,0.1,,,,458,135,0.278,1.249,0.015,0.054,0.20067453625632378
alice,0,28830260,678,0.1202,0.7235,3.4044,0.1,,,,459,165,0.25,1.159,0.017,0.046,0.23076923076923078
alice,0,28830260,679,0.1174,0.7857,3.8486,0.1,,,,456,149,0.258,0.941,0.015,0.052,0.20991735537190082
alice,0,28830260,680,0.1237,0.8122,3.7812,0.1,,,,459,130,0.297,1.074,0.016,0.051,0.1867572156196944
alice,0,28830260,681,0.1169,0.7946,3.2451,0.1,,,,461,144,0.275,1.154,0.015,0.041,0.20330578512396694
alice,0,28830260,682,0.1131,0.7692,3.5515,0.1,,,,464,140,0.275,1.42,0.015,0.053,0.2052980132450331
alice,0,28830260,683,0.1067,0.7858,3.7849,0.1,,,,456,151,0.285,1.234,0.014,0.051,0.2257001647446458
alice,0,28830260,684,0.1083,0.8156,3.6482,0.1,,,,455,133,0.277,1.207,0.015,0.052,0.19387755102040816
alice,0,28830260,685,0.1221,0.8604,3.7418,0.1,,,,457,145,0.269,1.264,0.014,0.051,0.20431893687707642
alice,0,28830260,686,0.1394,0.8059,3.3211,0.1,,,,466,131,0.288,1.233,0.016,0.045,0.19262981574539365
alice,0,28830260,687,0.1086,0.7653,3.7179,0.1,,,,460,161,0.266,1.087,0.014,0.042,0.22544283413848631
alice,0,28830260,688,0.126,0.8053,3.8854,0.1,,,,465,132,0.294,1.223,0.016,0.045,0.18927973199329984
alice,0,28830260,689,0.1374,0.7778,3.4242,0.1,,,,458,141,0.28,1.219,0.015,0.049,0.2036727879799666
alice,0,28830260,690,0.13,0.7192,3.5912,0.1,,,,456,143,0.291,1.265,0.015,0.038,0.2020033388981636
alice,0,28830260,691,0.1309,0.6737,3.3333,0.1,,,,459,163,0.268,1.17,0.016,0.045,0.22347266881028938
alice,0,28830260,692,0.1316,0.7753,3.5348,0.1,,,,461,139,0.289,1.304,0.015,0.051,0.205
alice,0,28830260,693,0.1158,0.7253,3.5251,0.1,,,,460,150,0.264,1.177,0.014,0.048,0.20491803278688525
alice,0,28830260,694,0.1074,0.7778,3.3333,0.1,,,,454,151,0.292,1.287,0.016,0.046,0.21818181818181817
alice,0,28830260,695,0.1325,0.7938,3.7824,0.1,,,,468,134,0.287,1.19,0.015,0.045,0.17940199335548174
alice,0,28830260,696,0.1188,0.7292,3.3037,0.1,,,,458,141,0.28,1.195,0.015,0.048,0.21035058430717862
alice,0,28830260,697,0.1257,0.7813,3.8984,0.1,,,,459,146,0.271,0.968,0.015,0.052,0.20826446280991737
alice,0,28830260,698,0.1116,0.7996,3.1773,0.1,,,,463,133,0.294,1.18,0.015,0.048,0.16610738255033558
alice,0,28830260,699,0.1134,0.7983,3.2736,0.1,,,,455,144,0.277,1.287,0.015,0.05,0.20701168614357263
alice,0,28830260,700,0.1086,0.7496,3.956,0.1,,,,454,149,0.273,1.335,0.015,0.049,0.21061359867330018
alice,0,28830260,701,0.1176,0.7768,3.6974,0.1,,,,460,146,0.279,1.268,0.017,0.047,0.2145214521452145
alice,0,28830260,702,0.1229,0.8333,3.6957,0.1,,,,473,127,0.289,1.551,0.015,0.054,0.175
alice,0,28830260,703,0.1039,0.8245,3.8718,0.1,,,,462,149,0.268,1.3,0.015,0.046,0.20621931260229132
alice,0,28830260,704,0.1087,0.8062,3.7487,0.1,,,,462,142,0.28,1.391,0.015,0.045,0.19536423841059603
alice,0,28830260,705,0.1088,0.799,3.5816,0.1,,,,455,152,0.252,0.947,0.015,0.046,0.20757825370675453
alice,0,28830260,706,0.1359,0.7923,4.027,0.1,,,,471,128,0.278,1.258,0.016,0.045,0.17362270450751252
alice,0,28830260,707,0.1274,0.7878,3.6667,0.1,,,,463,145,0.278,1.075,0.015,0.048,0.20723684210526316
alice,0,28830260,708,0.1137,0.7833,3.7446,0.1,,,,447,153,0.271,1.166,0.015,0.042,0.215
alice,0,28830260,709,0.1303,0.7641,3.4229,0.1,,,,470,136,0.275,1.024,0.014,0.046,0.18811881188118812
alice,0,28830260,710,0.1122,0.7504,3.6022,0.1,,,,460,143,0.265,1.226,0.015,0.052,0.21227197346600332
alice,0,28830260,711,0.1174,0.7549,3.6348,0.1,,,,462,155,0.268,1.193,0.016,0.051,0.2106969205834684
alice,0,28830260,712,0.1174,0.7291,3.7895,0.1,,,,453,162,0.28,1.283,0.014,0.045,0.22926829268292684
alice,0,28830260,713,0.1217,0.755,3.4862,0.1,,,,457,151,0.291,1.22,0.015,0.044,0.2138157894736842
alice,0,28830260,714,0.112,0.7521,3.4247,0.1,,,,447,160,0.273,1.021,0.014,0.048,0.2273476112026359
alice,0,28830260,715,0.1146,0.7285,3.2263,0.1,,,,457,151,0.266,1.342,0.015,0.047,0.22697368421052633
alice,0,28830260,716,0.1285,0.8178,3.403,0.1,,,,478,116,0.293,1.06,0.015,0.046,0.16666666666666666
alice,0,28830260,717,0.1104,0.7919,3.2344,0.1,,,,465,132,0.283,1.274,0.015,0.043,0.19597989949748743
alice,0,28830260,718,0.1085,0.7617,3.4505,0.1,,,,450,143,0.284,1.38,0.016,0.051,0.20236087689713322
alice,0,28830260,719,0.1321,0.7826,3.6754,0.1,,,,465,132,0.275,1.176,0.014,0.048,0.18425460636515914
alice,0,28830260,720,0.1209,0.7935,3.7062,0.1,,,,456,135,0.284,1.145,0.014,0.047,0.19120135363790186
alice,0,28830260,721,0.1283,0.7818,3.9048,0.1,,,,459,142,0.284,1.373,0.016,0.045,0.19633943427620631
alice,0,28830260,722,0.1295,0.7705,3.8449,0.1,,,,466,148,0.271,1.044,0.015,0.048,0.20358306188925082
alice,0,28830260,723,0.1066,0.7682,3.5479,0.1,,,,457,139,0.274,1.02,0.015,0.046,0.20134228187919462
alice,0,28830260,724,0.1301,0.7624,3.2663,0.1,,,,456,147,0.268,1.075,0.015,0.055,0.21061359867330018
alice,0,28830260,725,0.1353,0.7697,3.7967,0.1,,,,464,130,0.278,1.295,0.015,0.046,0.19528619528619529
alice,0,28830260,726,0.1209,0.7688,3.6968,0.1,,,,473,132,0.285,1.362,0.015,0.043,0.19008264462809918
alice,0,28830260,727,0.1406,0.7824,3.1765,0.1,,,,460,128,0.292,1.259,0.014,0.047,0.20068027210884354
alice,0,28830260,728,0.1278,0.7527,4.0761,0.1,,,,466,124,0.29,1.506,0.016,0.043,0.17288135593220338
alice,0,28830260,729,0.1407,0.763,3.4874,0.1,,,,462,133,0.274,1.051,0.014,0.049,0.1865546218487395
alice,0,28830260,730,0.146,0.7708,3.66,0.1,,,,469,119,0.294,1.061,0.015,0.044,0.17006802721088435
alice,0,28830260,731,0.1145,0.7466,3.4249,0.1,,,,458,154,0.276,1.266,0.015,0.048,0.21241830065359477
alice,0,28830260,732,0.1253,0.8031,3.7358,0.1,,,,477,132,0.281,1.309,0.016,0.041,0.17898193760262726
alice,0,28830260,733,0.114,0.8406,3.7179,0.1,,,,463,126,0.285,1.151,0.019,0.052,0.1731748726655348
alice,0,28830260,734,0.133,0.7987,3.4433,0.1,,,,467,121,0.279,1.063,0.015,0.042,0.17687074829931973
alice,0,28830260,735,0.1117,0.7326,3.1568,0.1,,,,464,140,0.277,1.192,0.015,0.037,0.20033112582781457
alice,0,28830260,736,0.1126,0.7072,3.2952,0.1,,,,454,152,0.279,1.266,0.014,0.052,0.22112211221122113
alice,0,28830260,737,0.1205,0.7508,3.3591,0.1,,,,466,121,0.285,1.269,0.015,0.049,0.17035775127768313
alice,0,28830260,738,0.1177,0.7066,3.8024,0.1,,,,467,130,0.293,1.088,0.016,0.045,0.17420435510887772
alice,0,28830260,739,0.1228,0.8035,3.5474,0.1,,,,482,93,0.297,1.196,0.016,0.056,0.1373913043478261
alice,0,28830260,740,0.101,0.7344,3.232,0.1,,,,443,170,0.262,1.307,0.016,0.053,0.2365415986949429
alice,0,28830260,741,0.1205,0.7944,3.3731,0.1,,,,462,139,0.282,1.418,0.016,0.052,0.2096505823627288
alice,0,28830260,742,0.1141,0.7006,3.6024,0.1,,,,455,161,0.263,1.166,0.016,0.049,0.21915584415584416
alice,0,28830260,743,0.1163,0.7391,3.4674,0.1,,,,464,127,0.28,1.134,0.016,0.048,0.1658206429780034
alice,0,28830260,744,0.1169,0.8367,3.476,0.1,,,,462,112,0.284,1.229,0.014,0.043,0.17770034843205576
alice,0,28830260,745,0.1463,0.7952,3.791,0.1,,,,480,128,0.294,1.421,0.016,0.048,0.1825657894736842
alice,0,28830260,746,0.1248,0.7832,3.4256,0.1,,,,462,125,0.289,1.092,0.015,0.048,0.17717206132879046
alice,0,28830260,747,0.1287,0.8831,4.0758,0.1,,,,461,117,0.29,1.102,0.015,0.049,0.17474048442906576
alice,0,28830260,748,0.1196,0.7389,3.7407,0.1,,,,453,174,0.264,1.168,0.015,0.048,0.2551834130781499
alice,0,28830260,749,0.1292,0.758,3.3788,0.1,,,,463,145,0.278,1.187,0.015,0.05,0.21052631578947367
alice,0,28830260,750,0.105,0.7946,3.4734,0.1,,,,466,126,0.283,1.201,0.015,0.044,0.18412162162162163
alice,0,28830260,751,0.1264,0.8253,3.6029,0.1,,,,460,145,0.284,1.196,0.015,0.049,0.21322314049586777
alice,0,28830260,752,0.1177,0.7936,3.6866,0.1,,,,465,129,0.275,1.475,0.016,0.042,0.18013468013468015
alice,0,28830260,753,0.1153,0.7932,3.6599,0.1,,,,459,142,0.277,1.107,0.015,0.051,0.2079866888519135
alice,0,28830260,754,0.1142,0.7982,3.2961,0.1,,,,450,155,0.268,1.161,0.016,0.049,0.22148760330578512
alice,0,28830260,755,0.1316,0.7709,3.1683,0.1,,,,456,152,0.277,1.288,0.015,0.048,0.21217105263157895
alice,0,28830260,756,0.1089,0.8071,4.0653,0.1,,,,465,133,0.277,1.14,0.015,0.047,0.18729096989966554
alice,0,28830260,757,0.1183,0.8272,3.4439,0.1,,,,466,124,0.292,1.329,0.016,0.049,0.1711864406779661
alice,0,28830260,758,0.127,0.8099,3.6172,0.1,,,,469,126,0.287,0.996,0.015,0.045,0.18319327731092436
alice,0,28830260,759,0.1114,0.7777,3.5431,0.1,,,,452,142,0.269,1.287,0.015,0.059,0.20033670033670034
alice,0,28830260,760,0.1263,0.8371,3.659,0.1,,,,465,133,0.283,1.195,0.015,0.056,0.1688963210702341
alice,0,28830260,761,0.1159,0.848,3.7488,0.1,,,,462,140,0.265,1.149,0.017,0.05,0.18604651162790697
alice,0,28830260,762,0.1365,0.8367,4.0098,0.1,,,,470,131,0.273,1.244,0.015,0.05,0.17970049916805325
alice,0,28830260,763,0.1187,0.7421,3.5393,0.1,,,,471,137,0.284,1.193,0.016,0.04,0.18914473684210525
alice,0,28830260,764,0.0899,0.7384,3.5829,0.1,,,,442,183,0.264,1.394,0.015,0.045,0.2528
alice,0,28830260,765,0.1071,0.7909,3.6256,0.1,,,,459,150,0.273,1.129,0.015,0.043,0.2134646962233169
alice,0,28830260,766,0.1103,0.8381,3.9485,0.1,,,,464,128,0.275,1.222,0.015,0.044,0.16891891891891891
alice,0,28830260,767,0.1103,0.7654,3.435,0.1,,,,472,131,0.291,1.18,0.016,0.047,0.18407960199004975
alice,0,28830260,768,0.124,0.7965,3.6098,0.1,,,,477,115,0.284,1.058,0.015,0.053,0.1570945945945946
alice,0,28830260,769,0.1239,0.7627,3.5,0.1,,,,464,128,0.281,1.12,0.015,0.044,0.17736486486486486
alice,0,28830260,770,0.1289,0.7759,3.7903,0.1,,,,466,121,0.293,1.152,0.017,0.046,0.1839863713798978
alice,0,28830260,771,0.1246,0.7363,3.3656,0.1,,,,456,149,0.278,1.405,0.015,0.043,0.2115702479338843
alice,0,28830260,772,0.1149,0.7188,3.4389,0.1,,,,466,147,0.273,1.084,0.015,0.048,0.20554649265905384
alice,0,28830260,773,0.1196,0.7485,3.7151,0.1,,,,465,130,0.281,1.134,0.015,0.045,0.18823529411764706
alice,0,28830260,774,0.1083,0.8018,3.5767,0.1,,,,462,138,0.276,1.173,0.018,0.046,0.18833333333333332
alice,0,28830260,775,0.1093,0.7825,3.1542,0.1,,,,447,157,0.269,1.365,0.016,0.055,0.22847682119205298
alice,0,28830260,776,0.1165,0.7732,3.8446,0.1,,,,472,129,0.276,1.099,0.017,0.055,0.18469217970049917
alice,0,28830260,777,0.1304,0.7383,3.2704,0.1,,,,485,111,0.301,1.207,0.016,0.051,0.16946308724832215
alice,0,28830260,778,0.1291,0.7485,3.5115,0.1,,,,449,144,0.273,1.105,0.017,0.048,0.21247892074198987
alice,0,28830260,779,0.1078,0.6936,3.0904,0.1,,,,454,133,0.274,1.251,0.015,0.045,0.1890971039182283
alice,0,28830260,780,0.1384,0.7169,3.3966,0.1,,,,460,149,0.278,1.144,0.015,0.044,0.21182266009852216
alice,0,28830260,781,0.1118,0.7898,3.0909,0.1,,,,464,124,0.287,1.249,0.015,0.046,0.19387755102040816
alice,0,28830260,782,0.1068,0.8005,3.4256,0.1,,,,455,131,0.284,1.159,0.015,0.049,0.19112627986348124
alice,0,28830260,783,0.129,0.7966,3.0047,0.1,,,,449,150,0.271,1.594,0.017,0.047,0.2270450751252087
alice,0,28830260,784,0.1229,0.796,3.4545,0.1,,,,475,131,0.28,1.081,0.015,0.045,0.17986798679867988
alice,0,28830260,785,0.0939,0.7941,3.8519,0.1,,,,466,140,0.28,1.461,0.015,0.047,0.19636963696369636
alice,0,28830260,786,0.1213,0.7027,3.3,0.1,,,,453,164,0.276,1.344,0.015,0.044,0.22204213938411668
alice,0,28830260,787,0.1159,0.7628,3.0686,0.1,,,,452,134,0.285,1.14,0.015,0.044,0.18771331058020477
alice,0,28830260,788,0.1154,0.8596,3.7056,0.1,,,,463,114,0.287,1.208,0.015,0.042,0.1611785095320624
alice,0,28830260,789,0.1303,0.8228,3.7198,0.1,,,,463,140,0.274,1.262,0.015,0.047,0.1956882255389718
alice,0,28830260,790,0.1199,0.7761,3.4375,0.1,,,,468,111,0.289,1.05,0.015,0.047,0.1692573402417962
alice,0,28830260,791,0.1367,0.7574,3.3592,0.1,,,,471,140,0.286,1.316,0.015,0.054,0.19803600654664485
alice,0,28830260,792,0.1353,0.7686,3.3131,0.1,,,,477,117,0.288,1.265,0.016,0.055,0.1717171717171717
alice,0,28830260,793,0.1286,0.8132,3.6139,0.1,,,,457,122,0.276,1.118,0.015,0.049,0.18825561312607944
alice,0,28830260,794,0.1325,0.8179,3.6432,0.1,,,,472,121,0.283,1.102,0.015,0.044,0.18549747048903878
alice,0,28830260,795,0.1207,0.7941,3.4634,0.1,,,,456,153,0.266,1.33,0.015,0.044,0.21182266009852216
alice,0,28830260,796,0.1375,0.7793,3.8,0.1,,,,469,139,0.282,1.038,0.015,0.043,0.1924342105263158
alice,0,28830260,797,0.1075,0.8044,3.701,0.1,,,,455,139,0.261,1.062,0.015,0.052,0.2037037037037037
alice,0,28830260,798,0.1159,0.736,3.1212,0.1,,,,456,161,0.266,1.068,0.015,0.04,0.21393841166936792
alice,0,28830260,799,0.1164,0.8018,3.078,0.1,,,,467,145,0.276,1.151,0.015,0.047,0.2042483660130719
alice,0,28830260,800,0.1013,0.8001,3.5054,0.1,,,,459,140,0.281,1.156,0.015,0.045,0.20868113522537562
alice,0,28830260,801,0.0911,0.8106,3.5567,0.1,,,,463,124,0.282,1.139,0.015,0.041,0.17035775127768313
alice,0,28830260,802,0.1239,0.7558,3.7797,0.1,,,,465,140,0.276,1.148,0.016,0.041,0.19669421487603306
alice,0,28830260,803,0.0937,0.7081,2.9565,0.1,,,,453,155,0.269,1.357,0.015,0.042,0.21875
alice,0,28830260,804,0.1153,0.7797,3.6919,0.1,,,,460,130,0.308,1.138,0.017,0.044,0.188135593220339
alice,0,28830260,805,0.124,0.7688,3.6359,0.1,,,,458,138,0.294,1.111,0.016,0.045,0.1912751677852349
alice,0,28830260,806,0.1312,0.8496,3.7585,0.1,,,,470,119,0.297,1.187,0.015,0.045,0.17147707979626486
alice,0,28830260,807,0.1332,0.7889,3.5323,0.1,,,,474,119,0.3,1.51,0.015,0.049,0.17706576728499157
alice,0,28830260,808,0.1079,0.8132,3.3495,0.1,,,,472,124,0.308,1.305,0.016,0.048,0.18120805369127516
alice,0,28830260,809,0.0858,0.859,3.6468,0.1,,,,460,127,0.286,1.07,0.017,0.058,0.1839863713798978
alice,0,28830260,810,0.1109,0.8502,3.5972,0.1,,,,468,111,0.305,1.213,0.015,0.04,0.153713298791019
alice,0,28830260,811,0.1252,0.8115,3.639,0.1,,,,472,109,0.297,1.13,0.015,0.046,0.1566265060240964
alice,0,28830260,812,0.1339,0.7935,3.6814,0.1,,,,471,117,0.291,1.178,0.014,0.042,0.1717687074829932
alice,0,28830260,813,0.1192,0.7823,3.5152,0.1,,,,455,144,0.281,1.255,0.015,0.048,0.2020033388981636
alice,0,28830260,814,0.1248,0.8728,4.2548,0.1,,,,463,120,0.289,1.097,0.017,0.048,0.1835334476843911
alice,0,28830260,815,0.1623,0.7517,3.8788,0.1,,,,472,146,0.277,1.236,0.015,0.051,0.1941747572815534
alice,0,28830260,816,0.1283,0.7035,3.2234,0.1,,,,464,158,0.274,1.187,0.014,0.05,0.22186495176848875
alice,0,28830260,817,0.1213,0.8083,3.6495,0.1,,,,457,116,0.284,1.227,0.017,0.047,0.17452006980802792
alice,0,28830260,818,0.1377,0.8083,3.6798,0.1,,,,479,125,0.291,0.969,0.016,0.045,0.17218543046357615
alice,0,28830260,819,0.1261,0.7474,3.6099,0.1,,,,461,148,0.297,1.203,0.016,0.052,0.2019704433497537
alice,0,28830260,820,0.1082,0.7988,3.9615,0.1,,,,462,145,0.283,1.192,0.015,0.055,0.19769357495881384
alice,0,28830260,821,0.1109,0.8184,3.4923,0.1,,,,456,129,0.285,1.255,0.016,0.054,0.19145299145299147
alice,0,28830260,822,0.124,0.7999,3.568,0.1,,,,458,145,0.283,1.352,0.015,0.05,0.20398009950248755
alice,0,28830260,823,0.1306,0.7536,3.1767,0.1,,,,470,135,0.293,1.235,0.015,0.042,0.18016528925619835
alice,0,28830260,824,0.1276,0.7495,3.7173,0.1,,,,453,141,0.279,1.185,0.016,0.054,0.2037037037037037
alice,0,28830260,825,0.1505,0.7811,3.5659,0.1,,,,469,127,0.283,1.03,0.015,0.046,0.18456375838926176
alice,0,28830260,826,0.1394,0.771,3.4697,0.1,,,,473,137,0.268,1.424,0.015,0.044,0.1885245901639344
alice,0,28830260,827,0.1222,0.7366,3.8596,0.1,,,,465,132,0.279,1.303,0.015,0.047,0.17420435510887772
alice,0,28830260,828,0.1265,0.8002,3.2745,0.1,,,,484,104,0.301,1.227,0.017,0.053,0.14625850340136054
alice,0,28830260,829,0.1048,0.7949,3.8667,0.1,,,,448,137,0.275,1.133,0.016,0.051,0.19487179487179487
alice,0,28830260,830,0.1259,0.7186,3.3469,0.1,,,,463,147,0.277,1.412,0.018,0.04,0.19672131147540983
alice,0,28830260,831,0.1193,0.7795,3.5787,0.1,,,,453,134,0.282,1.356,0.016,0.04,0.19250425894378195
alice,0,28830260,832,0.1139,0.7679,3.4236,0.1,,,,469,118,0.301,1.117,0.015,0.047,0.1635434412265758
alice,0,28830260,833,0.123,0.7791,3.5354,0.1,,,,468,128,0.301,1.295,0.015,0.046,0.18624161073825504
alice,0,28830260,834,0.1244,0.7635,3.5707,0.1,,,,476,115,0.297,1.058,0.015,0.047,0.16412859560067683
alice,0,28830260,835,0.1193,0.7829,3.674,0.1,,,,465,127,0.305,1.276,0.016,0.038,0.17229729729729729
alice,0,28830260,836,0.1037,0.7134,3.1093,0.1,,,,459,147,0.281,1.23,0.015,0.054,0.20957095709570958
alice,0,28830260,837,0.127,0.7003,3.3714,0.1,,,,468,134,0.285,1.12,0.016,0.053,0.18438538205980065
alice,0,28830260,838,0.0976,0.7192,3.2825,0.1,,,,449,142,0.282,1.354,0.015,0.046,0.20812182741116753
alice,0,28830260,839,0.1337,0.7181,3.1947,0.1,,,,468,128,0.292,1.236,0.015,0.038,0.17953020134228187
alice,0,28830260,840,0.1203,0.7366,2.9184,0.1,,,,456,134,0.303,1.106,0.015,0.046,0.19322033898305085
alice,0,28830260,841,0.1097,0.7621,2.9073,0.1,,,,468,122,0.288,1.225,0.015,0.053,0.17966101694915254
alice,0,28830260,842,0.1114,0.7385,4.0175,0.1,,,,471,124,0.289,1.313,0.015,0.045,0.1815126050420168
alice,0,28830260,843,0.1208,0.7616,3.4762,0.1,,,,451,134,0.294,1.297,0.015,0.048,0.20854700854700856
alice,0,28830260,844,0.1437,0.78,3.2524,0.1,,,,465,125,0.291,1.109,0.015,0.045,0.17288135593220338
alice,0,28830260,845,0.1356,0.7924,4.0979,0.1,,,,465,132,0.289,1.417,0.017,0.053,0.19430485762144054
alice,0,28830260,846,0.1627,0.6923,3.2275,0.1,,,,468,143,0.273,1.417,0.016,0.05,0.2078559738134206
alice,0,28830260,847,0.1366,0.7098,3.5222,0.1,,,,460,141,0.28,1.356,0.014,0.053,0.20299500831946754
alice,0,28830260,848,0.1162,0.6829,3.113,0.1,,,,468,148,0.275,1.256,0.014,0.054,0.20941558441558442
alice,0,28830260,849,0.1159,0.7081,3.6347,0.1,,,,461,129,0.301,1.13,0.015,0.042,0.188135593220339
alice,0,28830260,850,0.1106,0.7355,3.1237,0.1,,,,463,145,0.281,1.307,0.016,0.044,0.20888157894736842
alice,0,28830260,851,0.1038,0.7968,3.7956,0.1,,,,454,140,0.275,1.242,0.016,0.054,0.19865319865319866
alice,0,28830260,852,0.1172,0.8423,4.1632,0.1,,,,461,143,0.273,1.186,0.015,0.052,0.21026490066225165
alice,0,28830260,853,0.1106,0.7887,3.6888,0.1,,,,460,152,0.285,1.062,0.017,0.048,0.21895424836601307
alice,0,28830260,854,0.1316,0.8122,3.6701,0.1,,,,471,125,0.285,1.09,0.015,0.053,0.18959731543624161
alice,0,28830260,855,0.114,0.7981,3.9733,0.1,,,,465,120,0.288,1.397,0.017,0.054,0.17264957264957265
alice,0,28830260,856,0.1102,0.7799,3.2885,0.1,,,,463,122,0.307,1.322,0.015,0.061,0.1794871794871795
alice,0,28830260,857,0.1202,0.8345,3.86,0.1,,,,457,128,0.296,1.205,0.016,0.047,0.19487179487179487
alice,0,28830260,858,0.1283,0.7659,2.8533,0.1,,,,461,123,0.297,1.269,0.015,0.052,0.1832191780821918
alice,0,28830260,859,0.1356,0.8381,3.7667,0.1,,,,464,124,0.3,1.323,0.015,0.053,0.17687074829931973
alice,0,28830260,860,0.1146,0.7618,3.4925,0.1,,,,471,141,0.293,1.109,0.015,0.051,0.19281045751633988
alice,0,28830260,861,0.14,0.7434,3.5397,0.1,,,,469,132,0.286,1.242,0.016,0.045,0.18469217970049917
alice,0,28830260,862,0.1393,0.751,3.9829,0.1,,,,467,135,0.297,1.42,0.015,0.04,0.19767441860465115
alice,0,28830260,863,0.1129,0.7815,3.5263,0.1,,,,471,127,0.291,1.191,0.014,0.041,0.1806020066889632
alice,0,28830260,864,0.098,0.7937,3.6595,0.1,,,,456,136,0.279,1.204,0.016,0.049,0.20439189189189189
alice,0,28830260,865,0.1292,0.6811,3.0559,0.1,,,,455,165,0.285,1.08,0.016,0.054,0.22258064516129034
alice,0,28830260,866,0.108,0.7307,3.75,0.1,,,,463,139,0.276,1.386,0.015,0.046,0.20930232558139536
alice,0,28830260,867,0.1193,0.6953,3.4024,0.1,,,,461,136,0.285,1.37,0.017,0.054,0.19430485762144054
alice,0,28830260,868,0.1244,0.7575,3.2461,0.1,,,,456,130,0.284,1.259,0.015,0.047,0.18088737201365188
alice,0,28830260,869,0.1316,0.7428,3.526,0.1,,,,477,113,0.306,1.26,0.016,0.051,0.1711864406779661
alice,0,28830260,870,0.1377,0.7246,3.7598,0.1,,,,471,123,0.302,1.29,0.015,0.056,0.1835016835016835
alice,0,28830260,871,0.1358,0.6902,3.3846,0.1,,,,471,141,0.28,1.626,0.016,0.056,0.20915032679738563
alice,0,28830260,872,0.1226,0.7273,3.7892,0.1,,,,462,135,0.278,1.152,0.017,0.057,0.20603015075376885
alice,0,28830260,873,0.1222,0.7332,3.3053,0.1,,,,466,131,0.282,1.283,0.016,0.05,0.19095477386934673
alice,0,28830260,874,0.0899,0.8235,3.2822,0.1,,,,467,114,0.301,1.285,0.019,0.047,0.1549053356282272
alice,0,28830260,875,0.1126,0.8723,4.1515,0.1,,,,461,111,0.301,1.029,0.016,0.051,0.16083916083916083
alice,0,28830260,876,0.1337,0.7919,4.1313,0.1,,,,477,121,0.295,1.075,0.015,0.038,0.17725752508361203
alice,0,28830260,877,0.1387,0.8479,3.4305,0.1,,,,474,102,0.305,1.315,0.015,0.046,0.1423611111111111
alice,0,28830260,878,0.1213,0.7809,4.1452,0.1,,,,472,133,0.281,1.063,0.015,0.047,0.18512396694214875
alice,0,28830260,879,0.1154,0.7682,3.3802,0.1,,,,473,128,0.287,1.337,0.014,0.05,0.194675540765391
alice,0,28830260,880,0.1048,0.7748,3.6313,0.1,,,,469,132,0.287,1.241,0.016,0.044,0.18136439267886856
alice,0,28830260,881,0.1024,0.7731,3.5699,0.1,,,,463,134,0.284,1.188,0.015,0.048,0.20268006700167504
alice,0,28830260,882,0.1262,0.7399,3.5027,0.1,,,,467,125,0.285,1.116,0.015,0.052,0.17905405405405406
alice,0,28830260,883,0.1088,0.8087,3.6667,0.1,,,,453,135,0.279,1.147,0.015,0.052,0.195578231292517
alice,0,28830260,884,0.1112,0.8105,3.411,0.1,,,,467,128,0.286,1.386,0.015,0.045,0.18823529411764706
alice,0,28830260,885,0.1444,0.7991,4.2139,0.1,,,,470,141,0.271,1.113,0.015,0.048,0.20458265139116202
alice,0,28830260,886,0.1203,0.7988,3.3744,0.1,,,,456,148,0.275,1.552,0.016,0.049,0.2119205298013245
alice,0,28830260,887,0.1209,0.822,3.8657,0.1,,,,472,120,0.288,1.525,0.016,0.048,0.17060810810810811
alice,0,28830260,888,0.1338,0.7852,3.4694,0.1,,,,473,130,0.283,1.056,0.015,0.04,0.1857379767827529
alice,0,28830260,889,0.1367,0.7952,3.9086,0.1,,,,464,118,0.281,1.243,0.015,0.048,0.18041237113402062
alice,0,28830260,890,0.111,0.7944,3.5477,0.1,,,,462,132,0.272,1.148,0.017,0.047,0.18686868686868688
alice,0,28830260,891,0.1142,0.8632,3.8458,0.1,,,,458,152,0.262,1.205,0.015,0.053,0.20491803278688525
alice,0,28830260,892,0.1268,0.8904,3.7091,0.1,,,,463,121,0.28,1.348,0.016,0.043,0.1678082191780822
alice,0,28830260,893,0.1409,0.8251,3.8915,0.1,,,,469,125,0.289,1.342,0.015,0.047,0.1734006734006734
alice,0,28830260,894,0.1196,0.7865,3.4131,0.1,,,,479,122,0.296,1.148,0.016,0.047,0.17470881863560733
alice,0,28830260,895,0.1249,0.8097,3.3555,0.1,,,,469,127,0.287,1.161,0.018,0.045,0.18288590604026847
alice,0,28830260,896,0.1309,0.7024,3.6557,0.1,,,,471,149,0.273,1.059,0.016,0.044,0.2064516129032258
alice,0,28830260,897,0.1081,0.6973,3.5747,0.1,,,,462,152,0.272,1.386,0.017,0.045,0.21335504885993486
alice,0,28830260,898,0.0927,0.7436,3.0426,0.1,,,,465,125,0.303,1.276,0.015,0.047,0.17796610169491525
alice,0,28830260,899,0.1012,0.7593,3.7062,0.1,,,,462,133,0.284,1.116,0.015,0.05,0.1781512605042017
alice,0,28830260,900,0.0945,0.7782,3.8261,0.1,,,,453,138,0.283,1.186,0.016,0.05,0.20473773265651438
alice,0,28830260,901,0.1265,0.766,3.4873,0.1,,,,469,123,0.292,1.168,0.015,0.052,0.17736486486486486
alice,0,28830260,902,0.1276,0.6948,3.1905,0.1,,,,459,134,0.279,1.19,0.015,0.05,0.1973018549747049
alice,0,28830260,903,0.1118,0.7494,3.7594,0.1,,,,469,129,0.284,1.16,0.015,0.047,0.17725752508361203
alice,0,28830260,904,0.1142,0.7388,3.6183,0.1,,,,454,155,0.279,1.177,0.016,0.043,0.21018062397372742
alice,0,28830260,905,0.1267,0.6914,3.3315,0.1,,,,465,159,0.28,1.408,0.016,0.056,0.22275641025641027
alice,0,28830260,906,0.0954,0.6729,3.4386,0.1,,,,450,170,0.25,1.176,0.016,0.049,0.25
alice,0,28830260,907,0.1083,0.7298,3.5889,0.1,,,,469,136,0.276,1.203,0.017,0.047,0.1933884297520661
alice,0,28830260,908,0.1083,0.7021,3.655,0.1,,,,457,150,0.277,1.357,0.015,0.044,0.2042833607907743
alice,0,28830260,909,0.108,0.7392,3.0816,0.1,,,,459,138,0.292,1.199,0.016,0.051,0.19932998324958123
alice,0,28830260,910,0.1255,0.7981,3.6073,0.1,,,,461,130,0.284,1.438,0.015,0.05,0.18274111675126903
alice,0,28830260,911,0.1126,0.7492,3.6203,0.1,,,,447,156,0.266,0.993,0.015,0.046,0.2222222222222222
alice,0,28830260,912,0.1235,0.793,3.7794,0.1,,,,487,122,0.285,1.105,0.014,0.047,0.17405582922824303
alice,0,28830260,913,0.1007,0.7796,3.4404,0.1,,,,459,128,0.283,0.965,0.016,0.051,0.1839863713798978
alice,0,28830260,914,0.1142,0.8327,3.9794,0.1,,,,457,125,0.3,1.456,0.015,0.05,0.17353951890034364
alice,0,28830260,915,0.1308,0.7936,3.6908,0.1,,,,468,127,0.288,1.179,0.017,0.054,0.16302521008403362
alice,0,28830260,916,0.1294,0.7783,3.5606,0.1,,,,467,132,0.278,1.076,0.016,0.042,0.18363939899833054
alice,0,28830260,917,0.1182,0.8102,3.5598,0.1,,,,483,101,0.3,1.309,0.018,0.051,0.1404109589041096
alice,0,28830260,918,0.106,0.7643,3.5789,0.1,,,,455,145,0.29,1.365,0.015,0.046,0.21666666666666667
alice,0,28830260,919,0.1256,0.7708,3.2574,0.1,,,,476,118,0.295,1.296,0.016,0.044,0.17003367003367004
alice,0,28830260,920,0.1223,0.7714,3.5632,0.1,,,,478,113,0.301,1.232,0.015,0.04,0.16074450084602368
alice,0,28830260,921,0.0961,0.7071,3.3636,0.1,,,,458,159,0.26,1.326,0.015,0.045,0.21555915721231766
alice,0,28830260,922,0.1046,0.8069,3.6583,0.1,,,,454,134,0.288,1.39,0.015,0.047,0.20238095238095238
alice,0,28830260,923,0.1257,0.88,3.7909,0.1,,,,457,131,0.278,1.255,0.017,0.047,0.19387755102040816
alice,0,28830260,924,0.156,0.7865,3.4491,0.1,,,,473,137,0.293,1.381,0.017,0.05,0.18688524590163935
alice,0,28830260,925,0.1287,0.7867,3.5317,0.1,,,,469,131,0.288,1.429,0.015,0.049,0.18833333333333332
alice,0,28830260,926,0.1266,0.7987,3.5672,0.1,,,,466,134,0.3,1.148,0.014,0.045,0.195
alice,0,28830260,927,0.1041,0.8105,3.455,0.1,,,,454,134,0.294,1.267,0.017,0.048,0.20238095238095238
alice,0,28830260,928,0.13,0.8311,3.262,0.1,,,,465,119,0.304,1.092,0.016,0.047,0.17123287671232876
alice,0,28830260,929,0.1246,0.7805,3.5837,0.1,,,,464,137,0.282,1.164,0.015,0.049,0.19966722129783693
alice,0,28830260,930,0.133,0.8481,3.7788,0.1,,,,477,100,0.319,1.502,0.015,0.054,0.1386481802426343
alice,0,28830260,931,0.123,0.7827,3.8159,0.1,,,,456,142,0.281,1.087,0.015,0.044,0.1939799331103679
alice,0,28830260,932,0.1413,0.822,3.9265,0.1,,,,461,125,0.3,1.226,0.016,0.046,0.19112627986348124
alice,0,28830260,933,0.1532,0.7446,3.9062,0.1,,,,483,143,0.287,1.162,0.015,0.048,0.18849840255591055
alice,0,28830260,934,0.1337,0.7576,3.534,0.1,,,,468,130,0.298,1.041,0.015,0.046,0.17892976588628762
alice,0,28830260,935,0.1205,0.727,3.5464,0.1,,,,473,123,0.292,1.177,0.015,0.042,0.1761744966442953
alice,0,28830260,936,0.1247,0.722,3.3497,0.1,,,,464,124,0.304,1.377,0.015,0.045,0.17857142857142858
alice,0,28830260,937,0.1332,0.7412,3.3155,0.1,,,,468,127,0.296,1.108,0.017,0.057,0.18487394957983194
alice,0,28830260,938,0.1043,0.767,3.7446,0.1,,,,476,136,0.287,1.295,0.015,0.044,0.19444444444444445
alice,0,28830260,939,0.1213,0.7594,3.6089,0.1,,,,470,125,0.291,1.279,0.019,0.044,0.1781512605042017
alice,0,28830260,940,0.1071,0.726,3.3296,0.1,,,,454,145,0.268,1.537,0.015,0.045,0.21202003338898165
alice,0,28830260,941,0.1086,0.8017,3.4098,0.1,,,,465,108,0.299,1.112,0.015,0.045,0.15357766143106458
alice,0,28830260,942,0.1306,0.8243,3.5792,0.1,,,,486,85,0.33,1.244,0.015,0.046,0.1295971978984238
alice,0,28830260,943,0.1148,0.7543,3.5405,0.1,,,,462,147,0.279,1.223,0.016,0.052,0.2200328407224959
alice,0,28830260,944,0.1004,0.7319,3.291,0.1,,,,464,136,0.299,1.172,0.015,0.047,0.195
alice,0,28830260,945,0.1156,0.792,3.325,0.1,,,,457,129,0.283,1.263,0.017,0.05,0.189419795221843
alice,0,28830260,946,0.1082,0.7989,3.8449,0.1,,,,463,137,0.282,1.423,0.015,0.049,0.19
alice,0,28830260,947,0.1335,0.7642,3.0196,0.1,,,,462,137,0.289,1.18,0.015,0.044,0.19532554257095158
alice,0,28830260,948,0.1206,0.7529,3.3641,0.1,,,,463,127,0.287,1.054,0.016,0.051,0.19152542372881357
alice,0,28830260,949,0.1288,0.8091,3.2657,0.1,,,,454,130,0.286,1.117,0.015,0.051,0.1969178082191781
alice,0,28830260,950,0.1229,0.7587,3.6582,0.1,,,,464,147,0.28,1.351,0.015,0.045,0.2144026186579378
alice,0,28830260,951,0.1281,0.7471,3.6,0.1,,,,472,137,0.295,1.425,0.015,0.05,0.20853858784893267
alice,0,28830260,952,0.1186,0.8145,3.415,0.1,,,,462,129,0.288,1.223,0.015,0.05,0.19120135363790186
alice,0,28830260,953,0.0911,0.8568,4.0704,0.1,,,,470,125,0.283,0.954,0.016,0.042,0.17983193277310924
alice,0,28830260,954,0.1202,0.8065,3.6108,0.1,,,,459,128,0.281,1.207,0.015,0.048,0.1788756388415673
alice,0,28830260,955,0.1235,0.8344,3.9803,0.1,,,,459,134,0.27,1.304,0.016,0.054,0.20067453625632378
alice,0,28830260,956,0.1196,0.7676,3.4429,0.1,,,,469,145,0.29,1.229,0.015,0.044,0.1970684039087948
alice,0,28830260,957,0.1295,0.7537,3.3827,0.1,,,,453,150,0.267,1.035,0.016,0.055,0.208955223880597
alice,0,28830260,958,0.1153,0.7828,3.5025,0.1,,,,462,130,0.279,1.268,0.016,0.052,0.18243243243243243
alice,0,28830260,959,0.0997,0.719,3.7278,0.1,,,,463,158,0.273,1.071,0.015,0.053,0.22705314009661837
alice,0,28830260,960,0.1213,0.7765,3.3645,0.1,,,,452,148,0.271,1.214,0.015,0.052,0.21666666666666667
alice,0,28830260,961,0.1382,0.7709,3.5463,0.1,,,,463,129,0.29,1.497,0.016,0.047,0.18074324324324326
alice,0,28830260,962,0.1424,0.8042,3.8878,0.1,,,,475,124,0.3,1.174,0.017,0.056,0.17362270450751252
alice,0,28830260,963,0.1466,0.811,3.5359,0.1,,,,468,115,0.301,1.289,0.014,0.054,0.16981132075471697
alice,0,28830260,964,0.1091,0.8153,3.322,0.1,,,,452,140,0.286,1.254,0.015,0.042,0.20777027027027026
alice,0,28830260,965,0.1237,0.8598,4.0189,0.1,,,,471,118,0.299,1.243,0.017,0.057,0.16129032258064516
alice,0,28830260,966,0.1245,0.7703,3.396,0.1,,,,461,146,0.276,1.272,0.016,0.052,0.1927512355848435
alice,0,28830260,967,0.1246,0.8216,3.277,0.1,,,,457,129,0.286,1.323,0.015,0.049,0.1945392491467577
alice,0,28830260,968,0.13,0.8053,3.3598,0.1,,,,470,126,0.299,1.3,0.015,0.048,0.18959731543624161
alice,0,28830260,969,0.1266,0.7423,3.3112,0.1,,,,473,138,0.285,1.271,0.015,0.045,0.19803600654664485
alice,0,28830260,970,0.117,0.7046,3.257,0.1,,,,473,151,0.274,1.312,0.015,0.05,0.20192307692307693
alice,0,28830260,971,0.1174,0.7417,3.4743,0.1,,,,473,123,0.293,1.054,0.015,0.045,0.18120805369127516
alice,0,28830260,972,0.0739,0.7351,3.5,0.1,,,,446,150,0.258,1.052,0.015,0.054,0.2214765100671141
alice,0,28830260,973,0.1137,0.7906,3.7407,0.1,,,,470,122,0.289,1.113,0.015,0.047,0.17905405405405406
alice,0,28830260,974,0.1094,0.7406,3.06,0.1,,,,457,136,0.284,1.392,0.015,0.06,0.209106239460371
alice,0,28830260,975,0.1216,0.7763,3.115,0.1,,,,460,147,0.274,1.182,0.015,0.053,0.20757825370675453
alice,0,28830260,976,0.1343,0.7439,3.2189,0.1,,,,467,139,0.296,1.355,0.015,0.052,0.19636963696369636
alice,0,28830260,977,0.1409,0.7465,3.1832,0.1,,,,467,124,0.29,1.027,0.016,0.052,0.1844331641285956
alice,0,28830260,978,0.1071,0.6981,3.0879,0.1,,,,459,151,0.29,1.224,0.017,0.047,0.2081967213114754
alice,0,28830260,979,0.122,0.7859,3.202,0.1,,,,468,129,0.289,0.975,0.016,0.055,0.19095477386934673
alice,0,28830260,980,0.1024,0.7992,3.2526,0.1,,,,453,143,0.278,0.989,0.014,0.046,0.21308724832214765
alice,0,28830260,981,0.1088,0.8345,3.8802,0.1,,,,465,130,0.281,1.242,0.015,0.05,0.17647058823529413
alice,0,28830260,982,0.125,0.8157,3.6089,0.1,,,,457,139,0.287,1.302,0.016,0.053,0.20302013422818793
alice,0,28830260,983,0.1118,0.8029,3.5874,0.1,,,,468,139,0.273,1.269,0.016,0.056,0.19110378912685339
alice,0,28830260,984,0.106,0.785,3.2129,0.1,,,,458,156,0.277,1.061,0.017,0.05,0.22312703583061888
alice,0,28830260,985,0.108,0.8759,4.0386,0.1,,,,468,120,0.285,1.116,0.015,0.051,0.16326530612244897
alice,0,28830260,986,0.1453,0.7832,3.0651,0.1,,,,469,132,0.297,1.245,0.017,0.047,0.18801996672212978
alice,0,28830260,987,0.113,0.7844,3.6443,0.1,,,,462,126,0.301,1.278,0.015,0.049,0.18537414965986396
alice,0,28830260,988,0.1317,0.7902,3.2512,0.1,,,,473,105,0.305,1.296,0.015,0.043,0.15051903114186851
alice,0,28830260,989,0.1171,0.8369,3.8079,0.1,,,,465,126,0.284,1.05,0.015,0.042,0.1844331641285956
alice,0,28830260,990,0.1064,0.7467,3.5179,0.1,,,,467,134,0.279,1.506,0.015,0.049,0.19633943427620631
alice,0,28830260,991,0.1074,0.8176,3.8042,0.1,,,,468,135,0.284,1.498,0.015,0.046,0.1956882255389718
alice,0,28830260,992,0.0999,0.7996,3.402,0.1,,,,465,130,0.283,1.266,0.015,0.041,0.2
alice,0,28830260,993,0.1104,0.7614,3.8,0.1,,,,455,146,0.273,1.1,0.015,0.05,0.22296173044925124
alice,0,28830260,994,0.128,0.7611,3.6283,0.1,,,,469,135,0.306,1.227,0.019,0.06,0.19205298013245034
alice,0,28830260,995,0.1136,0.8243,3.6332,0.1,,,,458,129,0.303,1.478,0.016,0.049,0.17035775127768313
alice,0,28830260,996,0.1239,0.877,3.3901,0.1,,,,460,118,0.298,1.051,0.016,0.049,0.15570934256055363
alice,0,28830260,997,0.1264,0.831,3.8676,0.1,,,,468,126,0.301,1.094,0.015,0.048,0.19023569023569023
alice,0,28830260,998,0.119,0.7136,3.3511,0.1,,,,470,129,0.299,1.3,0.016,0.038,0.18864774624373956
alice,0,28830260,999,0.1184,0.7794,3.4427,0.1,,,,461,132,0.293,1.356,0.015,0.05,0.19392917369308602
alice,0,28830260,1000,0.1077,0.7554,3.4278,0.1,,,,486,117,0.307,1.266,0.016,0.049,0.1558872305140962
alice,0,28830260,1001,0.1111,0.7201,2.8757,0.1,,,,460,126,0.298,1.235,0.016,0.052,0.16552901023890784
alice,0,28830260,1002,0.108,0.7119,3.3094,0.1,,,,463,132,0.292,1.256,0.016,0.05,0.18319327731092436
alice,0,28830260,1003,0.0917,0.7699,3.205,0.1,,,,462,115,0.296,1.306,0.015,0.047,0.18197573656845753
alice,0,28830260,1004,0.1123,0.7821,3.3831,0.1,,,,465,117,0.291,1.093,0.023,0.045,0.17525773195876287
alice,0,28830260,1005,0.121,0.7944,3.1498,0.1,,,,477,113,0.312,1.134,0.015,0.049,0.15593220338983052
alice,0,28830260,1006,0.1161,0.8066,3.8925,0.1,,,,471,109,0.307,1.249,0.019,0.043,0.16034482758620688
alice,0,28830260,1007,0.108,0.8,3.2386,0.1,,,,462,128,0.299,1.164,0.015,0.041,0.18983050847457628
alice,0,28830260,1008,0.1144,0.8091,3.619,0.1,,,,457,138,0.286,1.132,0.016,0.047,0.21008403361344538
alice,0,28830260,1009,0.101,0.7445,3.3403,0.1,,,,470,155,0.291,1.109,0.018,0.047,0.2128
alice,0,28830260,1010,0.0989,0.8323,3.1214,0.1,,,,458,120,0.287,1.506,0.016,0.054,0.17128027681660898
alice,0,28830260,1011,0.1325,0.7902,3.1642,0.1,,,,478,115,0.285,1.048,0.015,0.049,0.17200674536256325
alice,0,28830260,1012,0.1019,0.7733,3.5323,0.1,,,,462,129,0.294,1.089,0.015,0.046,0.19627749576988154
alice,0,28830260,1013,0.0984,0.7695,3.1709,0.1,,,,451,141,0.301,1.511,0.015,0.05,0.19932432432432431
alice,0,28830260,1014,0.1087,0.7471,3.3598,0.1,,,,455,153,0.265,1.181,0.015,0.049,0.22203947368421054
alice,0,28830260,1015,0.0958,0.8164,3.7216,0.1,,,,462,132,0.279,1.123,0.017,0.051,0.20202020202020202
alice,0,28830260,1016,0.1197,0.7949,3.561,0.1,,,,467,124,0.278,1.131,0.015,0.048,0.17597292724196278
alice,0,28830260,1017,0.1003,0.7293,3.5824,0.1,,,,452,160,0.279,1.192,0.015,0.043,0.21895424836601307
alice,0,28830260,1018,0.1348,0.7537,3.8187,0.1,,,,462,128,0.306,1.403,0.016,0.047,0.17796610169491525
alice,0,28830260,1019,0.129,0.7747,3.6318,0.1,,,,463,141,0.285,1.438,0.018,0.04,0.19536423841059603
alice,0,28830260,1020,0.1201,0.8174,3.2207,0.1,,,,458,138,0.27,1.05,0.016,0.046,0.19966442953020133
alice,0,28830260,1021,0.1331,0.7806,3.6935,0.1,,,,455,164,0.267,1.226,0.014,0.046,0.2310177705977383
alice,0,28830260,1022,0.1385,0.7903,3.9246,0.1,,,,484,119,0.281,1.117,0.015,0.043,0.1691542288557214
alice,0,28830260,1023,0.0923,0.7853,3.6947,0.1,,,,451,150,0.283,1.343,0.015,0.044,0.2146422628951747
alice,0,28830260,1024,0.1246,0.7377,3.5895,0.1,,,,475,124,0.303,1.158,0.015,0.044,0.17028380634390652
alice,0,28830260,1025,0.1191,0.7782,3.2217,0.1,,,,458,126,0.285,1.138,0.015,0.046,0.1797945205479452
alice,0,28830260,1026,0.1056,0.789,3.4109,0.1,,,,462,114,0.303,1.206,0.016,0.045,0.16666666666666666
alice,0,28830260,1027,0.1136,0.7395,3.5825,0.1,,,,463,143,0.292,1.316,0.016,0.05,0.19471947194719472
alice,0,28830260,1028,0.1255,0.7203,3.4497,0.1,,,,476,131,0.29,1.401,0.015,0.052,0.18780889621087316
alice,0,28830260,1029,0.1069,0.6605,2.8652,0.1,,,,463,145,0.294,1.428,0.015,0.046,0.21710526315789475
alice,0,28830260,1030,0.1096,0.7662,3.0881,0.1,,,,465,115,0.303,1.267,0.015,0.047,0.16551724137931034
alice,0,28830260,1031,0.1047,0.7168,2.8663,0.1,,,,465,128,0.298,1.068,0.016,0.046,0.1821247892074199
alice,0,28830260,1032,0.1201,0.7903,3.3021,0.1,,,,468,119,0.282,1.293,0.016,0.049,0.17206132879045996
alice,0,28830260,1033,0.1114,0.8347,3.6302,0.1,,,,464,113,0.298,1.496,0.015,0.051,0.16984402079722705
alice,0,28830260,1034,0.1056,0.8415,3.3062,0.1,,,,467,117,0.302,1.35,0.015,0.051,0.17465753424657535
alice,0,28830260,1035,0.1114,0.8465,3.6378,0.1,,,,470,118,0.282,1.616,0.017,0.04,0.17006802721088435
alice,0,28830260,1036,0.0942,0.7797,3.1256,0.1,,,,448,149,0.272,1.147,0.015,0.043,0.20938023450586266
alice,0,28830260,1037,0.1218,0.825,3.5797,0.1,,,,463,121,0.304,1.354,0.017,0.048,0.17294520547945205
alice,0,28830260,1038,0.1375,0.8572,3.5134,0.1,,,,462,128,0.285,1.375,0.015,0.043,0.18983050847457628
alice,0,28830260,1039,0.14,0.7768,3.6732,0.1,,,,480,121,0.299,1.103,0.016,0.048,0.17970049916805325
alice,0,28830260,1040,0.1268,0.7404,2.9749,0.1,,,,455,147,0.282,1.252,0.017,0.041,0.2159468438538206
alice,0,28830260,1041,0.1239,0.731,3.1466,0.1,,,,470,132,0.284,1.1,0.015,0.046,0.19269102990033224
alice,0,28830260,1042,0.1208,0.7168,3.1889,0.1,,,,453,154,0.288,0.99,0.015,0.06,0.2273476112026359
alice,0,28830260,1043,0.0947,0.8709,3.4076,0.1,,,,454,126,0.298,1.208,0.015,0.048,0.17586206896551723
alice,0,28830260,1044,0.1054,0.8359,3.5213,0.1,,,,455,155,0.286,1.227,0.014,0.044,0.22295081967213115
alice,0,28830260,1045,0.1185,0.7405,3.7968,0.1,,,,462,160,0.286,1.143,0.016,0.048,0.21382636655948553
alice,0,28830260,1046,0.1172,0.7842,3.9086,0.1,,,,470,132,0.289,1.373,0.016,0.049,0.18604651162790697
alice,0,28830260,1047,0.1093,0.7559,3.6077,0.1,,,,459,152,0.275,1.189,0.015,0.051,0.2160392798690671
alice,0,28830260,1048,0.1007,0.7381,3.6554,0.1,,,,470,128,0.304,1.133,0.019,0.046,0.18227424749163879
alice,0,28830260,1049,0.105,0.758,3.4194,0.1,,,,470,112,0.304,1.291,0.015,0.047,0.17353951890034364
alice,0,28830260,1050,0.1039,0.7907,3.6579,0.1,,,,468,122,0.285,1.032,0.015,0.054,0.1847457627118644
alice,0,28830260,1051,0.1183,0.7543,3.1105,0.1,,,,466,125,0.298,1.273,0.016,0.049,0.1895093062605753
alice,0,28830260,1052,0.1105,0.7473,3.4231,0.1,,,,478,133,0.296,1.398,0.017,0.051,0.18330605564648117
alice,0,28830260,1053,0.0923,0.7199,3.0328,0.1,,,,463,129,0.297,1.082,0.015,0.048,0.19763513513513514
alice,0,28830260,1054,0.099,0.7503,3.4972,0.1,,,,463,134,0.291,1.282,0.016,0.047,0.18592964824120603
alice,0,28830260,1055,0.1012,0.7538,3.1989,0.1,,,,460,138,0.287,1.107,0.018,0.048,0.2040133779264214
alice,0,28830260,1056,0.1097,0.7675,3.8947,0.1,,,,468,141,0.29,1.269,0.016,0.049,0.20689655172413793
alice,0,28830260,1057,0.0951,0.7223,2.6739,0.1,,,,454,149,0.292,1.195,0.015,0.049,0.22056384742951907
alice,0,28830260,1058,0.0974,0.7974,3.3053,0.1,,,,453,122,0.297,1.21,0.015,0.047,0.18434782608695652
alice,0,28830260,1059,0.1093,0.7767,3.5104,0.1,,,,466,135,0.289,1.249,0.016,0.047,0.20133111480865223
alice,0,28830260,1060,0.1117,0.8043,3.601,0.1,,,,469,114,0.306,1.243,0.018,0.054,0.16981132075471697
alice,0,28830260,1061,0.1276,0.7202,3.5763,0.1,,,,473,141,0.302,1.262,0.016,0.049,0.2003257328990228
alice,0,28830260,1062,0.1144,0.7348,3.2473,0.1,,,,468,116,0.291,1.388,0.015,0.045,0.1643835616438356
alice,0,28830260,1063,0.107,0.7817,3.6898,0.1,,,,454,127,0.285,1.187,0.015,0.047,0.19793459552495696
alice,0,28830260,1064,0.1249,0.7752,3.6837,0.1,,,,462,131,0.296,1.219,0.015,0.053,0.19224283305227655
alice,0,28830260,1065,0.1326,0.8074,3.5498,0.1,,,,465,110,0.308,1.287,0.015,0.051,0.1617391304347826
alice,0,28830260,1066,0.1262,0.7849,3.0901,0.1,,,,470,120,0.297,1.356,0.016,0.049,0.16440677966101694
alice,0,28830260,1067,0.12,0.7352,3.441,0.1,,,,451,156,0.28,1.054,0.016,0.052,0.22405271828665568
alice,0,28830260,1068,0.1222,0.794,3.3689,0.1,,,,464,135,0.297,1.222,0.015,0.05,0.20701168614357263
alice,0,28830260,1069,0.1345,0.8166,3.564,0.1,,,,463,122,0.292,1.466,0.016,0.045,0.17777777777777778
alice,0,28830260,1070,0.1249,0.7242,3.2552,0.1,,,,468,153,0.289,1.386,0.016,0.048,0.20933977455716588
alice,0,28830260,1071,0.114,0.7961,4.1848,0.1,,,,467,120,0.292,1.17,0.017,0.046,0.1788756388415673
alice,0,28830260,1072,0.1352,0.7408,3.4607,0.1,,,,463,136,0.298,1.165,0.015,0.043,0.18530884808013356
alice,0,28830260,1073,0.1325,0.7349,3.2953,0.1,,,,460,144,0.291,1.435,0.019,0.041,0.19536423841059603
alice,0,28830260,1074,0.1353,0.746,3.3838,0.1,,,,461,131,0.305,1.269,0.016,0.041,0.19087837837837837
alice,0,28830260,1075,0.1188,0.7677,3.3951,0.1,,,,460,137,0.302,1.286,0.016,0.048,0.17922948073701842
alice,0,28830260,1076,0.108,0.8761,3.589,0.1,,,,454,134,0.279,1.093,0.014,0.049,0.20408163265306123
alice,0,28830260,1077,0.1222,0.7922,3.5143,0.1,,,,468,145,0.278,1.047,0.016,0.05,0.2137030995106036
alice,0,28830260,1078,0.1059,0.7477,3.4278,0.1,,,,462,150,0.295,1.316,0.016,0.046,0.20751633986928106
alice,0,28830260,1079,0.1185,0.7669,3.2764,0.1,,,,462,149,0.292,1.291,0.016,0.047,0.20621931260229132
alice,0,28830260,1080,0.1254,0.8054,3.7026,0.1,,,,475,112,0.31,1.391,0.016,0.046,0.1635434412265758
alice,0,28830260,1081,0.1293,0.7467,3.0612,0.1,,,,473,108,0.306,1.185,0.016,0.049,0.16179001721170397
alice,0,28830260,1082,0.1083,0.8264,3.2512,0.1,,,,471,112,0.292,1.057,0.015,0.051,0.16123499142367068
alice,0,28830260,1083,0.105,0.853,3.7938,0.1,,,,465,122,0.297,1.225,0.015,0.051,0.18568994889267462
alice,0,28830260,1084,0.1276,0.8217,3.4796,0.1,,,,472,109,0.309,1.051,0.016,0.053,0.16179001721170397
alice,0,28830260,1085,0.1209,0.8148,3.4271,0.1,,,,477,108,0.306,1.255,0.015,0.051,0.15384615384615385
alice,0,28830260,1086,0.1219,0.7677,3.1378,0.1,,,,459,124,0.306,1.058,0.017,0.049,0.1732418524871355
alice,0,28830260,1087,0.1268,0.7724,3.2234,0.1,,,,468,120,0.316,1.384,0.015,0.049,0.18027210884353742
alice,0,28830260,1088,0.1169,0.7302,3.125,0.1,,,,457,143,0.285,1.445,0.015,0.048,0.205
alice,0,28830260,1089,0.1046,0.7438,3.3369,0.1,,,,456,141,0.284,1.342,0.016,0.05,0.21608040201005024
alice,0,28830260,1090,0.1114,0.8451,3.6567,0.1,,,,478,98,0.321,1.405,0.016,0.052,0.1440972222222222
alice,0,28830260,1091,0.1232,0.8441,3.8281,0.1,,,,462,127,0.292,1.043,0.015,0.053,0.17487266553480477
alice,0,28830260,1092,0.1072,0.7136,3.2717,0.1,,,,460,162,0.269,1.224,0.015,0.051,0.2282958199356913
alice,0,28830260,1093,0.1046,0.7077,3.4855,0.1,,,,459,151,0.286,1.255,0.015,0.05,0.22131147540983606
alice,0,28830260,1094,0.1171,0.8346,3.393,0.1,,,,461,113,0.29,1.185,0.016,0.046,0.16202090592334495
alice,0,28830260,1095,0.109,0.8336,4.0321,0.1,,,,478,120,0.303,1.414,0.016,0.047,0.1705685618729097
alice,0,28830260,1096,0.1083,0.7689,2.9461,0.1,,,,461,122,0.297,1.184,0.015,0.045,0.18010291595197256
alice,0,28830260,1097,0.1352,0.8416,2.9569,0.1,,,,461,115,0.301,1.192,0.016,0.049,0.16666666666666666
alice,0,28830260,1098,0.1342,0.7598,3.4179,0.1,,,,466,142,0.308,1.429,0.015,0.046,0.19736842105263158
alice,0,28830260,1099,0.1339,0.7804,3.6462,0.1,,,,481,107,0.316,1.287,0.015,0.042,0.15816326530612246
alice,0,28830260,1100,0.1252,0.7728,3.5469,0.1,,,,469,116,0.311,1.318,0.016,0.041,0.15726495726495726
alice,0,28830260,1101,0.1273,0.8319,3.7647,0.1,,,,465,109,0.319,1.458,0.015,0.044,0.16376306620209058
alice,0,28830260,1102,0.1423,0.7622,3.1857,0.1,,,,462,138,0.295,1.133,0.016,0.056,0.19666666666666666
alice,0,28830260,1103,0.1268,0.8118,4.0156,0.1,,,,478,115,0.314,1.157,0.015,0.054,0.16694772344013492
alice,0,28830260,1104,0.1386,0.7506,3.1768,0.1,,,,477,112,0.319,1.136,0.017,0.046,0.16129032258064516
alice,0,28830260,1105,0.1112,0.7858,3.6927,0.1,,,,473,114,0.304,1.157,0.015,0.043,0.17717206132879046
alice,0,28830260,1106,0.1115,0.7658,3.2579,0.1,,,,459,121,0.291,1.206,0.015,0.049,0.1810344827586207
alice,0,28830260,1107,0.1233,0.7886,3.0427,0.1,,,,475,118,0.306,1.165,0.015,0.049,0.1703204047217538
alice,0,28830260,1108,0.1285,0.7544,3.5707,0.1,,,,470,128,0.304,1.26,0.015,0.046,0.17892976588628762
alice,0,28830260,1109,0.1061,0.8111,3.6373,0.1,,,,461,117,0.312,1.137,0.016,0.055,0.17993079584775087
alice,0,28830260,1110,0.1185,0.8216,3.4218,0.1,,,,459,126,0.306,1.154,0.016,0.046,0.1829059829059829
alice,0,28830260,1111,0.1289,0.8546,3.3705,0.1,,,,469,108,0.304,1.154,0.016,0.041,0.16291161178509533
alice,0,28830260,1112,0.1502,0.8253,3.4413,0.1,,,,476,113,0.321,1.305,0.016,0.045,0.15789473684210525
alice,0,28830260,1113,0.1381,0.7713,3.7405,0.1,,,,467,115,0.309,1.308,0.015,0.049,0.18384879725085912
alice,0,28830260,1114,0.1206,0.753,3.7403,0.1,,,,468,126,0.316,1.155,0.02,0.048,0.1734006734006734
alice,0,28830260,1115,0.1284,0.7441,3.375,0.1,,,,469,118,0.311,1.296,0.018,0.044,0.17546848381601363
alice,0,28830260,1116,0.1136,0.8702,3.5118,0.1,,,,470,95,0.311,1.265,0.016,0.049,0.13628318584070798
alice,0,28830260,1117,0.1141,0.8307,3.9095,0.1,,,,479,103,0.322,1.12,0.016,0.046,0.15120274914089346
alice,0,28830260,1118,0.1074,0.7536,3.5297,0.1,,,,473,127,0.306,1.585,0.015,0.04,0.18666666666666668
alice,0,28830260,1119,0.108,0.7995,3.6212,0.1,,,,465,125,0.288,1.218,0.018,0.051,0.1864406779661017
alice,0,28830260,1120,0.1173,0.8266,3.4709,0.1,,,,465,116,0.307,1.331,0.015,0.049,0.1703958691910499
alice,0,28830260,1121,0.1107,0.7723,3.675,0.1,,,,478,116,0.316,1.217,0.016,0.046,0.1717171717171717
alice,0,28830260,1122,0.1194,0.7547,3.5291,0.1,,,,454,146,0.287,0.984,0.015,0.046,0.215
alice,0,28830260,1123,0.1386,0.7596,3.2143,0.1,,,,463,125,0.319,1.263,0.016,0.051,0.18877551020408162
alice,0,28830260,1124,0.1337,0.7373,3.4141,0.1,,,,469,137,0.295,1.236,0.015,0.047,0.19636963696369636
alice,0,28830260,1125,0.1273,0.7744,3.3367,0.1,,,,468,128,0.304,1.524,0.016,0.045,0.18288590604026847
alice,0,28830260,1126,0.1125,0.7841,3.6432,0.1,,,,451,155,0.266,1.298,0.015,0.055,0.22772277227722773
alice,0,28830260,1127,0.1064,0.7551,2.9559,0.1,,,,465,141,0.297,1.188,0.015,0.058,0.21122112211221122
alice,0,28830260,1128,0.1067,0.7091,3.4261,0.1,,,,460,164,0.285,1.211,0.015,0.051,0.22435897435897437
alice,0,28830260,1129,0.102,0.7945,3.3229,0.1,,,,460,130,0.311,1.133,0.015,0.054,0.1847457627118644
alice,0,28830260,1130,0.1197,0.7624,3.5217,0.1,,,,470,124,0.313,1.125,0.017,0.055,0.17676767676767677
alice,0,28830260,1131,0.1267,0.7656,3.0,0.1,,,,472,112,0.315,1.21,0.014,0.056,0.15753424657534246
alice,0,28830260,1132,0.1063,0.7492,3.2969,0.1,,,,462,129,0.286,1.107,0.015,0.048,0.19289340101522842
alice,0,28830260,1133,0.1202,0.7648,3.4286,0.1,,,,462,126,0.3,1.113,0.016,0.046,0.1870748299319728
alice,0,28830260,1134,0.1337,0.7995,3.5842,0.1,,,,470,117,0.315,1.182,0.017,0.046,0.17035775127768313
alice,0,28830260,1135,0.1347,0.7733,3.5222,0.1,,,,464,127,0.28,1.251,0.016,0.044,0.18104906937394247
alice,0,28830260,1136,0.116,0.7913,3.0913,0.1,,,,455,136,0.292,1.656,0.016,0.055,0.1793570219966159
alice,0,28830260,1137,0.1285,0.7829,3.3476,0.1,,,,479,113,0.31,1.253,0.015,0.048,0.17229729729729729
alice,0,28830260,1138,0.1368,0.7451,3.3401,0.1,,,,464,123,0.277,1.191,0.016,0.045,0.19420783645655879
alice,0,28830260,1139,0.1131,0.7327,3.1728,0.1,,,,460,142,0.292,1.099,0.016,0.047,0.2026578073089701
alice,0,28830260,1140,0.1257,0.7763,3.1884,0.1,,,,469,123,0.292,1.18,0.016,0.049,0.17229729729729729
alice,0,28830260,1141,0.1216,0.7939,3.5224,0.1,,,,462,122,0.312,1.228,0.016,0.045,0.1797945205479452
alice,0,28830260,1142,0.1305,0.7624,3.7143,0.1,,,,465,122,0.31,1.121,0.017,0.045,0.18568994889267462
alice,0,28830260,1143,0.1354,0.8043,3.3981,0.1,,,,482,117,0.31,1.107,0.016,0.047,0.1669449081803005
alice,0,28830260,1144,0.1155,0.7653,3.3492,0.1,,,,466,108,0.316,1.299,0.018,0.048,0.14285714285714285
alice,0,28830260,1145,0.1092,0.7959,3.3532,0.1,,,,462,115,0.317,1.203,0.017,0.054,0.17504332755632582
alice,0,28830260,1146,0.1348,0.7847,3.799,0.1,,,,480,109,0.337,1.211,0.015,0.053,0.16468590831918506
alice,0,28830260,1147,0.122,0.8202,3.4734,0.1,,,,477,91,0.318,1.119,0.017,0.05,0.13732394366197184
alice,0,28830260,1148,0.108,0.8462,3.0323,0.1,,,,467,118,0.304,1.34,0.015,0.056,0.17435897435897435
alice,0,28830260,1149,0.1263,0.7778,3.2871,0.1,,,,472,109,0.308,1.341,0.016,0.047,0.1514629948364888
alice,0,28830260,1150,0.1247,0.8142,3.5073,0.1,,,,456,114,0.303,1.504,0.016,0.051,0.16842105263157894
alice,0,28830260,1151,0.131,0.787,3.4834,0.1,,,,472,121,0.306,1.078,0.017,0.052,0.17537942664418213
alice,0,28830260,1152,0.1296,0.8212,3.277,0.1,,,,471,105,0.315,1.434,0.019,0.054,0.15104166666666666
alice,0,28830260,1153,0.1273,0.7824,3.3035,0.1,,,,474,119,0.322,1.248,0.015,0.053,0.16863406408094436
alice,0,28830260,1154,0.1201,0.7281,3.2865,0.1,,,,463,143,0.302,1.47,0.016,0.054,0.19306930693069307
alice,0,28830260,1155,0.0945,0.7454,3.2408,0.1,,,,473,123,0.297,1.218,0.015,0.055,0.18288590604026847
alice,0,28830260,1156,0.0999,0.7662,2.9688,0.1,,,,471,119,0.298,1.299,0.015,0.053,0.1711864406779661
alice,0,28830260,1157,0.1155,0.7554,3.4889,0.1,,,,474,112,0.323,1.377,0.017,0.041,0.17064846416382254
alice,0,28830260,1158,0.1096,0.7189,3.1236,0.1,,,,474,124,0.322,1.32,0.016,0.045,0.1806020066889632
alice,0,28830260,1159,0.1054,0.7442,2.9045,0.1,,,,459,131,0.301,1.086,0.016,0.047,0.19152542372881357
alice,0,28830260,1160,0.1019,0.789,3.4481,0.1,,,,464,127,0.303,1.336,0.015,0.055,0.19120135363790186
alice,0,28830260,1161,0.1006,0.8053,3.2806,0.1,,,,463,116,0.305,1.22,0.015,0.051,0.16753022452504318
alice,0,28830260,1162,0.1282,0.7362,3.2963,0.1,,,,460,138,0.309,1.207,0.015,0.052,0.19732441471571907
alice,0,28830260,1163,0.1266,0.8326,3.7707,0.1,,,,457,124,0.286,1.166,0.018,0.056,0.18932874354561102
alice,0,28830260,1164,0.1333,0.8135,3.961,0.1,,,,466,129,0.309,1.225,0.016,0.05,0.1865546218487395
alice,0,28830260,1165,0.1329,0.8046,3.1674,0.1,,,,462,123,0.309,1.207,0.015,0.043,0.1794871794871795
alice,0,28830260,1166,0.1259,0.8443,3.555,0.1,,,,470,118,0.3,1.191,0.015,0.046,0.17857142857142858
alice,0,28830260,1167,0.1298,0.7818,3.2877,0.1,,,,470,118,0.303,1.251,0.016,0.05,0.1683673469387755
alice,0,28830260,1168,0.1166,0.7795,3.4091,0.1,,,,463,128,0.288,1.404,0.016,0.044,0.19120135363790186
alice,0,28830260,1169,0.0955,0.7792,3.2893,0.1,,,,473,128,0.308,1.327,0.017,0.054,0.18136439267886856
alice,0,28830260,1170,0.1268,0.8164,3.165,0.1,,,,461,129,0.286,1.245,0.014,0.051,0.18983050847457628
alice,0,28830260,1171,0.1122,0.7686,2.8605,0.1,,,,461,120,0.314,1.26,0.015,0.05,0.16179001721170397
alice,0,28830260,1172,0.1312,0.7415,2.8483,0.1,,,,461,133,0.282,1.152,0.016,0.051,0.1936026936026936
alice,0,28830260,1173,0.1183,0.7626,3.401,0.1,,,,466,127,0.302,1.132,0.017,0.05,0.1736930860033727
alice,0,28830260,1174,0.1137,0.8207,3.2523,0.1,,,,470,113,0.326,1.156,0.017,0.056,0.16981132075471697
alice,0,28830260,1175,0.1249,0.7891,3.0657,0.1,,,,460,126,0.307,1.095,0.017,0.041,0.18088737201365188
alice,0,28830260,1176,0.1268,0.7424,3.4314,0.1,,,,466,124,0.302,1.251,0.015,0.051,0.1694915254237288
alice,0,28830260,1177,0.1381,0.755,2.9052,0.1,,,,450,144,0.289,1.349,0.015,0.05,0.2255892255892256
alice,0,28830260,1178,0.1168,0.8068,3.1814,0.1,,,,462,127,0.308,1.347,0.016,0.051,0.1833616298811545
alice,0,28830260,1179,0.1221,0.8674,3.5936,0.1,,,,477,113,0.314,1.129,0.015,0.045,0.1694915254237288
alice,0,28830260,1180,0.1245,0.7921,3.2019,0.1,,,,474,109,0.308,1.308,0.016,0.044,0.15608919382504288
alice,0,28830260,1181,0.1198,0.7907,3.868,0.1,,,,460,129,0.284,1.174,0.016,0.043,0.18505942275042445
alice,0,28830260,1182,0.1323,0.7388,3.0299,0.1,,,,467,152,0.277,1.31,0.015,0.052,0.21324717285945072
alice,0,28830260,1183,0.1187,0.7666,3.7459,0.1,,,,473,113,0.311,1.132,0.015,0.046,0.1689419795221843
alice,0,28830260,1184,0.1266,0.7784,3.1317,0.1,,,,467,117,0.303,1.344,0.015,0.045,0.17123287671232876
alice,0,28830260,1185,0.1191,0.804,3.5253,0.1,,,,459,123,0.306,1.332,0.017,0.045,0.17697594501718214
alice,0,28830260,1186,0.1209,0.807,3.9747,0.1,,,,471,128,0.297,1.111,0.015,0.051,0.18864774624373956
alice,0,28830260,1187,0.1358,0.8339,3.7192,0.1,,,,467,109,0.306,1.232,0.016,0.042,0.16319444444444445
alice,0,28830260,1188,0.1324,0.9084,3.5129,0.1,,,,460,105,0.298,1.32,0.016,0.057,0.1592920353982301
alice,0,28830260,1189,0.1417,0.8496,3.4915,0.1,,,,472,110,0.318,1.355,0.014,0.05,0.16838487972508592
alice,0,28830260,1190,0.1407,0.7712,3.5805,0.1,,,,473,121,0.313,1.166,0.016,0.052,0.1734006734006734
alice,0,28830260,1191,0.1327,0.7445,3.25,0.1,,,,466,130,0.311,1.463,0.016,0.052,0.18624161073825504
alice,0,28830260,1192,0.1416,0.703,2.8513,0.1,,,,473,124,0.304,1.061,0.016,0.05,0.17420435510887772
alice,0,28830260,1193,0.1103,0.7333,3.0785,0.1,,,,467,118,0.307,1.056,0.017,0.051,0.17264957264957265
alice,0,28830260,1194,0.1187,0.7914,2.9903,0.1,,,,462,106,0.324,1.227,0.015,0.05,0.14788732394366197
alice,0,28830260,1195,0.1288,0.8331,3.3744,0.1,,,,462,128,0.307,1.292,0.017,0.038,0.17966101694915254
alice,0,28830260,1196,0.144,0.8376,3.4009,0.1,,,,486,94,0.322,1.111,0.016,0.039,0.1396551724137931
alice,0,28830260,1197,0.1098,0.8207,3.5971,0.1,,,,457,136,0.302,1.195,0.015,0.047,0.20067453625632378
alice,0,28830260,1198,0.1244,0.887,3.4474,0.1,,,,465,108,0.309,1.183,0.017,0.044,0.16928446771378708
alice,0,28830260,1199,0.1271,0.7621,3.6553,0.1,,,,469,122,0.322,1.227,0.016,0.045,0.16751269035532995
alice,0,28830260,1200,0.1241,0.6898,2.84,0.1,,,,461,145,0.298,1.164,0.016,0.057,0.21947194719471946
alice,0,28830260,1201,0.1251,0.8243,3.5817,0.1,,,,472,110,0.303,1.208,0.016,0.043,0.16494845360824742
alice,0,28830260,1202,0.108,0.7758,3.6995,0.1,,,,463,127,0.319,1.234,0.017,0.044,0.18983050847457628
alice,0,28830260,1203,0.1105,0.8247,3.2412,0.1,,,,476,110,0.313,1.315,0.015,0.05,0.15017064846416384
alice,0,28830260,1204,0.1119,0.8571,3.491,0.1,,,,475,103,0.313,1.145,0.015,0.048,0.1522491349480969
alice,0,28830260,1205,0.1162,0.7506,3.6368,0.1,,,,466,137,0.317,1.553,0.015,0.054,0.20563847429519072
alice,0,28830260,1206,0.1216,0.7292,3.2386,0.1,,,,459,130,0.303,1.121,0.015,0.055,0.19524617996604415
alice,0,28830260,1207,0.1437,0.7989,3.3099,0.1,,,,477,106,0.321,1.361,0.016,0.044,0.15265866209262435
alice,0,28830260,1208,0.1317,0.7551,3.3706,0.1,,,,470,140,0.297,1.249,0.015,0.05,0.20491803278688525
alice,0,28830260,1209,0.1275,0.748,3.6215,0.1,,,,470,149,0.294,1.173,0.015,0.046,0.21324717285945072
alice,0,28830260,1210,0.1103,0.7595,2.5357,0.1,,,,443,142,0.301,1.188,0.017,0.052,0.21196581196581196
alice,0,28830260,1211,0.1237,0.7736,3.1744,0.1,,,,471,113,0.302,1.109,0.015,0.056,0.1780821917808219
alice,0,28830260,1212,0.1172,0.7783,3.4439,0.1,,,,466,120,0.315,1.2,0.016,0.039,0.16723549488054607
alice,0,28830260,1213,0.1058,0.7171,3.3115,0.1,,,,462,127,0.303,1.141,0.016,0.054,0.18845500848896435
alice,0,28830260,1214,0.1204,0.7625,2.9791,0.1,,,,460,135,0.302,1.568,0.019,0.055,0.20840336134453782
alice,0,28830260,1215,0.1245,0.7706,3.0804,0.1,,,,475,106,0.319,1.217,0.016,0.05,0.14113597246127366
alice,0,28830260,1216,0.1111,0.8002,3.7663,0.1,,,,460,129,0.297,1.267,0.015,0.053,0.18505942275042445
alice,0,28830260,1217,0.1123,0.8222,3.4532,0.1,,,,463,127,0.312,1.557,0.017,0.055,0.17288135593220338
alice,0,28830260,1218,0.1297,0.7794,3.5,0.1,,,,474,130,0.313,1.278,0.016,0.051,0.18874172185430463
alice,0,28830260,1219,0.1097,0.6859,2.8824,0.1,,,,461,148,0.299,1.151,0.017,0.044,0.20689655172413793
alice,0,28830260,1220,0.1164,0.8207,3.0098,0.1,,,,445,133,0.298,1.155,0.016,0.055,0.2093425605536332
alice,0,28830260,1221,0.1253,0.7833,3.3873,0.1,,,,464,121,0.303,1.342,0.016,0.06,0.1829059829059829
alice,0,28830260,1222,0.1268,0.8279,3.5598,0.1,,,,471,127,0.294,1.411,0.016,0.049,0.18227424749163879
alice,0,28830260,1223,0.1343,0.7472,2.799,0.1,,,,466,132,0.311,1.205,0.015,0.046,0.1956521739130435
alice,0,28830260,1224,0.1234,0.7655,2.895,0.1,,,,464,116,0.312,1.478,0.016,0.048,0.16206896551724137
alice,0,28830260,1225,0.1215,0.7862,3.6354,0.1,,,,464,130,0.315,1.636,0.016,0.051,0.18013468013468015
alice,0,28830260,1226,0.1321,0.7749,3.3714,0.1,,,,465,123,0.303,1.4,0.018,0.046,0.17006802721088435
alice,0,28830260,1227,0.1267,0.7655,3.0135,0.1,,,,455,139,0.3,1.317,0.016,0.056,0.20875420875420875
alice,0,28830260,1228,0.1446,0.864,3.788,0.1,,,,470,123,0.3,1.151,0.015,0.05,0.19392917369308602
alice,0,28830260,1229,0.1183,0.842,3.6808,0.1,,,,465,135,0.293,1.18,0.015,0.05,0.2
alice,0,28830260,1230,0.1161,0.7946,2.991,0.1,,,,448,155,0.283,1.136,0.014,0.044,0.23051409618573798
alice,0,28830260,1231,0.1539,0.8571,3.3203,0.1,,,,470,121,0.308,1.248,0.018,0.049,0.18104906937394247
alice,0,28830260,1232,0.1267,0.7808,3.5217,0.1,,,,477,126,0.301,1.076,0.015,0.051,0.1691542288557214
alice,0,28830260,1233,0.1099,0.7796,3.4709,0.1,,,,461,128,0.307,1.435,0.016,0.047,0.18166383701188454
alice,0,28830260,1234,0.1197,0.8041,3.6684,0.1,,,,476,112,0.326,1.348,0.016,0.054,0.16326530612244897
alice,0,28830260,1235,0.1085,0.851,3.5961,0.1,,,,452,128,0.288,1.424,0.016,0.053,0.16896551724137931
alice,0,28830260,1236,0.1255,0.8279,3.4028,0.1,,,,462,136,0.302,1.05,0.016,0.054,0.1939799331103679
alice,0,28830260,1237,0.1182,0.8563,3.2679,0.1,,,,468,119,0.317,1.311,0.015,0.05,0.16524701873935263
alice,0,28830260,1238,0.13,0.8096,3.5308,0.1,,,,471,104,0.306,1.241,0.015,0.054,0.15304347826086956
alice,0,28830260,1239,0.1408,0.7846,3.5556,0.1,,,,472,119,0.319,1.153,0.015,0.041,0.16243654822335024
alice,0,28830260,1240,0.1293,0.7816,3.0048,0.1,,,,477,121,0.312,1.16,0.019,0.046,0.1688963210702341
alice,0,28830260,1241,0.1225,0.7883,3.1212,0.1,,,,460,123,0.301,1.096,0.015,0.053,0.17495711835334476
alice,0,28830260,1242,0.1112,0.7854,3.4221,0.1,,,,463,136,0.299,1.253,0.015,0.044,0.2020033388981636
alice,0,28830260,1243,0.1181,0.8347,3.4519,0.1,,,,471,109,0.31,1.065,0.018,0.059,0.16724137931034483
alice,0,28830260,1244,0.1272,0.7425,3.0196,0.1,,,,467,120,0.313,1.36,0.015,0.054,0.17546848381601363
alice,0,28830260,1245,0.1462,0.6924,3.0428,0.1,,,,481,116,0.312,1.379,0.014,0.049,0.152428810720268
alice,0,28830260,1246,0.093,0.796,3.1566,0.1,,,,448,129,0.303,1.192,0.015,0.05,0.20103986135181975
alice,0,28830260,1247,0.1162,0.7593,3.5479,0.1,,,,471,141,0.305,1.086,0.015,0.05,0.1830065359477124
alice,0,28830260,1248,0.1294,0.6929,3.1638,0.1,,,,463,137,0.295,1.164,0.015,0.054,0.20333333333333334
alice,0,28830260,1249,0.1168,0.7832,2.8269,0.1,,,,471,103,0.33,1.131,0.015,0.053,0.15505226480836237
alice,0,28830260,1250,0.1034,0.7122,3.4382,0.1,,,,446,160,0.288,1.295,0.016,0.057,0.22772277227722773
alice,0,28830260,1251,0.1113,0.8105,3.3689,0.1,,,,459,127,0.301,1.209,0.015,0.05,0.18430034129692832
alice,0,28830260,1252,0.1238,0.8205,3.4663,0.1,,,,474,123,0.302,1.27,0.015,0.052,0.18927973199329984
alice,0,28830260,1253,0.1093,0.8255,3.3805,0.1,,,,452,127,0.306,1.209,0.016,0.053,0.19689119170984457
alice,0,28830260,1254,0.1197,0.8396,3.5318,0.1,,,,465,123,0.308,1.345,0.015,0.046,0.18027210884353742
alice,0,28830260,1255,0.128,0.8184,3.3644,0.1,,,,474,119,0.318,1.117,0.017,0.053,0.163575042158516
alice,0,28830260,1256,0.1299,0.7649,2.991,0.1,,,,464,122,0.302,1.16,0.017,0.053,0.17918088737201365
alice,0,28830260,1257,0.1226,0.8053,3.7308,0.1,,,,464,122,0.307,1.629,0.015,0.044,0.17918088737201365
alice,0,28830260,1258,0.131,0.7702,3.1792,0.1,,,,462,143,0.283,1.214,0.016,0.048,0.20165289256198346
alice,0,28830260,1259,0.1092,0.7867,3.58,0.1,,,,451,158,0.306,1.201,0.016,0.049,0.22824302134646962
alice,0,28830260,1260,0.1238,0.874,3.8962,0.1,,,,463,135,0.304,1.199,0.016,0.051,0.2040133779264214
alice,0,28830260,1261,0.1219,0.7268,3.2039,0.1,,,,457,160,0.299,1.345,0.016,0.053,0.22204213938411668
alice,0,28830260,1262,0.1195,0.8062,2.961,0.1,,,,464,126,0.313,1.203,0.015,0.042,0.19152542372881357
alice,0,28830260,1263,0.13,0.8224,3.2903,0.1,,,,459,124,0.31,1.241,0.016,0.059,0.18524871355060035
alice,0,28830260,1264,0.119,0.7789,3.522,0.1,,,,459,149,0.3,1.088,0.016,0.048,0.20723684210526316
alice,0,28830260,1265,0.1278,0.735,3.2915,0.1,,,,473,116,0.303,1.084,0.015,0.049,0.17487266553480477
alice,0,28830260,1266,0.1175,0.7498,3.5519,0.1,,,,454,154,0.287,1.18,0.015,0.05,0.22532894736842105
alice,0,28830260,1267,0.1157,0.7548,3.3069,0.1,,,,464,126,0.314,1.408,0.014,0.058,0.1847457627118644
alice,0,28830260,1268,0.1182,0.7783,3.468,0.1,,,,471,129,0.311,1.153,0.018,0.048,0.18
alice,0,28830260,1269,0.1249,0.7195,2.9951,0.1,,,,470,115,0.324,1.251,0.015,0.045,0.17606837606837608
alice,0,28830260,1270,0.1324,0.7965,3.3805,0.1,,,,467,119,0.306,1.144,0.016,0.041,0.17235494880546076
alice,0,28830260,1271,0.1319,0.7925,3.605,0.1,,,,463,121,0.31,1.221,0.015,0.049,0.1780821917808219
alice,0,28830260,1272,0.1159,0.7432,3.2814,0.1,,,,465,146,0.307,1.17,0.016,0.045,0.20458265139116202
alice,0,28830260,1273,0.1115,0.7617,3.4235,0.1,,,,475,109,0.327,1.164,0.016,0.05,0.1695205479452055
alice,0,28830260,1274,0.1172,0.7769,3.256,0.1,,,,462,121,0.311,1.339,0.015,0.053,0.18181818181818182
alice,0,28830260,1275,0.1204,0.7845,3.7475,0.1,,,,465,125,0.309,1.236,0.02,0.052,0.19830508474576272
alice,0,28830260,1276,0.1255,0.7669,3.4428,0.1,,,,464,129,0.302,1.171,0.017,0.046,0.18381112984822934
alice,0,28830260,1277,0.1322,0.7328,3.5368,0.1,,,,467,142,0.301,1.229,0.017,0.056,0.20032840722495895
alice,0,28830260,1278,0.1344,0.7703,3.201,0.1,,,,459,128,0.298,1.326,0.016,0.052,0.19761499148211242
alice,0,28830260,1279,0.1311,0.7568,3.4821,0.1,,,,469,121,0.32,1.198,0.015,0.051,0.17288135593220338
alice,0,28830260,1280,0.1221,0.7419,3.05,0.1,,,,467,147,0.283,1.172,0.015,0.054,0.20846905537459284
alice,0,28830260,1281,0.1296,0.7605,3.3402,0.1,,,,472,108,0.326,1.298,0.016,0.058,0.16034482758620688
alice,0,28830260,1282,0.111,0.7543,3.3472,0.1,,,,465,132,0.31,1.184,0.019,0.045,0.18592964824120603
alice,0,28830260,1283,0.1173,0.7426,2.8537,0.1,,,,460,134,0.3,1.371,0.015,0.05,0.19528619528619529
alice,0,28830260,1284,0.1228,0.7997,3.8711,0.1,,,,473,110,0.33,1.167,0.017,0.042,0.15608919382504288
alice,0,28830260,1285,0.1155,0.7442,3.6825,0.1,,,,461,149,0.285,1.421,0.015,0.045,0.21967213114754097
alice,0,28830260,1286,0.119,0.7632,3.2929,0.1,,,,475,120,0.311,1.301,0.016,0.046,0.1781512605042017
alice,0,28830260,1287,0.1059,0.74,3.5393,0.1,,,,467,144,0.311,1.263,0.017,0.054,0.19639934533551553
alice,0,28830260,1288,0.0919,0.7855,3.3533,0.1,,,,448,139,0.312,1.303,0.014,0.046,0.2010221465076661
alice,0,28830260,1289,0.1096,0.7642,3.3564,0.1,,,,456,145,0.3,1.25,0.015,0.046,0.21630615640599002
alice,0,28830260,1290,0.1132,0.81,4.057,0.1,,,,461,139,0.289,1.178,0.015,0.053,0.20833333333333334
alice,0,28830260,1291,0.1148,0.7553,3.2823,0.1,,,,460,152,0.286,1.237,0.016,0.051,0.22058823529411764
alice,0,28830260,1292,0.1169,0.7788,3.3719,0.1,,,,470,137,0.316,1.33,0.017,0.054,0.20098846787479407
alice,0,28830260,1293,0.1127,0.7579,2.9296,0.1,,,,468,121,0.331,1.393,0.015,0.051,0.18166383701188454
alice,0,28830260,1294,0.0985,0.799,3.6421,0.1,,,,464,116,0.311,1.512,0.016,0.052,0.17413793103448275
alice,0,28830260,1295,0.1117,0.72,3.2158,0.1,,,,462,142,0.301,1.09,0.015,0.05,0.20364238410596028
alice,0,28830260,1296,0.1077,0.7112,3.1271,0.1,,,,463,155,0.305,1.158,0.015,0.049,0.21359223300970873
alice,0,28830260,1297,0.1017,0.8389,3.6904,0.1,,,,457,132,0.292,1.214,0.015,0.047,0.20203735144312393
alice,0,28830260,1298,0.1134,0.833,3.5118,0.1,,,,468,117,0.31,1.293,0.016,0.048,0.17435897435897435
alice,0,28830260,1299,0.1066,0.86,3.599,0.1,,,,458,132,0.29,1.08,0.016,0.048,0.19491525423728814
alice,0,28830260,1300,0.1262,0.846,3.3653,0.1,,,,448,138,0.314,1.203,0.016,0.041,0.2030716723549488
alice,0,28830260,1301,0.1423,0.7806,3.5535,0.1,,,,461,153,0.293,1.147,0.015,0.049,0.21498371335504887
alice,0,28830260,1302,0.1232,0.734,3.2778,0.1,,,,462,148,0.297,1.235,0.016,0.054,0.21147540983606558
alice,0,28830260,1303,0.1008,0.7498,3.11,0.1,,,,457,140,0.297,1.629,0.015,0.051,0.21440536013400335
alice,0,28830260,1304,0.1277,0.7485,3.1634,0.1,,,,469,127,0.319,1.259,0.016,0.052,0.17281879194630873
alice,0,28830260,1305,0.1136,0.7329,3.7514,0.1,,,,457,138,0.307,1.159,0.015,0.06,0.20336134453781513
alice,0,28830260,1306,0.1221,0.768,3.5578,0.1,,,,468,120,0.318,1.183,0.015,0.052,0.1836734693877551
alice,0,28830260,1307,0.1286,0.7557,3.401,0.1,,,,457,134,0.285,1.143,0.015,0.05,0.20473773265651438
alice,0,28830260,1308,0.1416,0.8439,3.8517,0.1,,,,477,101,0.318,1.438,0.015,0.046,0.15570934256055363
alice,0,28830260,1309,0.1478,0.7371,3.3418,0.1,,,,475,119,0.313,1.196,0.016,0.053,0.16666666666666666
alice,0,28830260,1310,0.1361,0.7744,3.3214,0.1,,,,464,122,0.31,1.267,0.015,0.053,0.18771331058020477
alice,0,28830260,1311,0.1246,0.7639,3.3487,0.1,,,,454,135,0.307,1.254,0.015,0.049,0.200339558573854
alice,0,28830260,1312,0.1326,0.7896,3.6049,0.1,,,,465,119,0.311,1.202,0.015,0.049,0.17465753424657535
alice,0,28830260,1313,0.1231,0.8254,3.6037,0.1,,,,463,135,0.291,1.139,0.015,0.053,0.18729096989966554
alice,0,28830260,1314,0.1205,0.7193,3.1814,0.1,,,,466,153,0.292,1.19,0.015,0.05,0.21809369951534732
alice,0,28830260,1315,0.119,0.7838,3.415,0.1,,,,467,123,0.309,1.462,0.015,0.049,0.17966101694915254
alice,0,28830260,1316,0.1175,0.748,3.4709,0.1,,,,474,128,0.312,1.285,0.015,0.046,0.18272425249169436
alice,0,28830260,1317,0.1087,0.81,3.5051,0.1,,,,457,120,0.306,1.175,0.016,0.055,0.17157712305025996
alice,0,28830260,1318,0.1293,0.7425,3.6788,0.1,,,,464,139,0.303,1.17,0.015,0.049,0.21061359867330018
alice,0,28830260,1319,0.1347,0.7394,2.95,0.1,,,,466,141,0.304,1.144,0.015,0.056,0.20593080724876442
alice,0,28830260,1320,0.1044,0.7774,3.3073,0.1,,,,456,136,0.293,1.208,0.015,0.044,0.20777027027027026
alice,0,28830260,1321,0.1117,0.7159,3.1818,0.1,,,,463,156,0.293,1.33,0.017,0.044,0.22294022617124395
alice,0,28830260,1322,0.1004,0.769,3.2908,0.1,,,,453,150,0.304,1.216,0.015,0.051,0.2155887230514096
alice,0,28830260,1323,0.0928,0.7836,2.6489,0.1,,,,464,120,0.32,1.225,0.017,0.05,0.17465753424657535
alice,0,28830260,1324,0.114,0.7959,3.7436,0.1,,,,466,136,0.305,1.407,0.014,0.055,0.20431893687707642
alice,0,28830260,1325,0.1259,0.8148,3.3952,0.1,,,,467,109,0.32,1.322,0.015,0.05,0.1579861111111111
alice,0,28830260,1326,0.1281,0.7487,3.1598,0.1,,,,451,150,0.278,1.207,0.016,0.048,0.21963394342762063
alice,0,28830260,1327,0.1444,0.7728,3.5222,0.1,,,,460,129,0.296,1.198,0.015,0.052,0.1969439728353141
alice,0,28830260,1328,0.132,0.7594,3.6599,0.1,,,,480,102,0.32,1.615,0.017,0.051,0.15292096219931273
alice,0,28830260,1329,0.1077,0.7277,3.0718,0.1,,,,463,149,0.286,1.189,0.015,0.046,0.21241830065359477
alice,0,28830260,1330,0.1079,0.7743,3.1574,0.1,,,,459,127,0.319,1.25,0.016,0.053,0.18430034129692832
alice,0,28830260,1331,0.1246,0.7862,3.3092,0.1,,,,469,112,0.32,1.46,0.015,0.049,0.1703958691910499
alice,0,28830260,1332,0.1256,0.7717,3.3431,0.1,,,,464,121,0.32,1.432,0.02,0.051,0.18803418803418803
alice,0,28830260,1333,0.1288,0.7986,3.1909,0.1,,,,467,118,0.292,1.288,0.015,0.061,0.17094017094017094
alice,0,28830260,1334,0.1222,0.7683,3.2282,0.1,,,,472,125,0.302,1.118,0.014,0.06,0.17922948073701842
alice,0,28830260,1335,0.1328,0.7587,3.1937,0.1,,,,475,123,0.306,1.245,0.016,0.055,0.18896321070234115
alice,0,28830260,1336,0.1124,0.6789,2.4948,0.1,,,,463,132,0.297,1.54,0.015,0.052,0.1899159663865546
alice,0,28830260,1337,0.1197,0.7378,2.7105,0.1,,,,457,133,0.303,1.128,0.015,0.051,0.2
alice,0,28830260,1338,0.1179,0.8402,3.4082,0.1,,,,464,114,0.314,1.097,0.015,0.051,0.17474048442906576
alice,0,28830260,1339,0.1044,0.8234,3.8187,0.1,,,,459,130,0.304,1.438,0.015,0.057,0.1765704584040747
alice,0,28830260,1340,0.1232,0.7417,4.0625,0.1,,,,465,152,0.297,1.492,0.016,0.047,0.22042139384116693
alice,0,28830260,1341,0.1137,0.7878,3.2624,0.1,,,,456,141,0.292,1.092,0.015,0.046,0.20100502512562815
alice,0,28830260,1342,0.1077,0.7503,3.6978,0.1,,,,469,144,0.306,1.111,0.017,0.047,0.19575856443719414
alice,0,28830260,1343,0.1131,0.7786,3.6458,0.1,,,,471,120,0.298,1.125,0.015,0.057,0.17428087986463622
alice,0,28830260,1344,0.1179,0.8688,3.8439,0.1,,,,472,110,0.329,1.208,0.015,0.047,0.15463917525773196
alice,0,28830260,1345,0.1218,0.7698,3.5179,0.1,,,,471,117,0.314,1.123,0.015,0.051,0.17517006802721088
alice,0,28830260,1346,0.1169,0.7561,2.7857,0.1,,,,462,121,0.325,1.255,0.015,0.053,0.17667238421955403
alice,0,28830260,1347,0.1211,0.7493,3.6471,0.1,,,,465,146,0.311,1.242,0.017,0.054,0.19312602291325695
alice,0,28830260,1348,0.1179,0.7824,3.8138,0.1,,,,455,128,0.315,1.206,0.015,0.045,0.19039451114922812
alice,0,28830260,1349,0.1429,0.8259,3.6197,0.1,,,,463,124,0.322,1.294,0.017,0.054,0.18228279386712096
alice,0,28830260,1350,0.1404,0.7834,3.545,0.1,,,,481,116,0.309,1.29,0.015,0.046,0.17252931323283083
alice,0,28830260,1351,0.1363,0.7451,2.9758,0.1,,,,464,133,0.298,1.468,0.014,0.048,0.18592964824120603
alice,0,28830260,1352,0.1287,0.7461,3.9661,0.1,,,,471,120,0.314,1.198,0.014,0.046,0.17766497461928935
alice,0,28830260,1353,0.1267,0.7077,3.0513,0.1,,,,447,145,0.316,1.356,0.015,0.041,0.21621621621621623
alice,0,28830260,1354,0.1298,0.7728,3.4612,0.1,,,,475,111,0.32,1.094,0.015,0.049,0.17406143344709898
alice,0,28830260,1355,0.1178,0.8032,3.1462,0.1,,,,469,118,0.314,1.266,0.016,0.051,0.16524701873935263
alice,0,28830260,1356,0.1321,0.7732,3.2475,0.1,,,,474,121,0.306,1.301,0.017,0.049,0.17478991596638654
alice,0,28830260,1357,0.1004,0.7564,3.0567,0.1,,,,456,141,0.304,1.236,0.016,0.053,0.19597989949748743
alice,0,28830260,1358,0.1211,0.756,3.4011,0.1,,,,465,118,0.32,1.082,0.016,0.046,0.17495711835334476
alice,0,28830260,1359,0.1166,0.779,3.1832,0.1,,,,467,132,0.305,1.496,0.016,0.048,0.18697829716193656
alice,0,28830260,1360,0.1109,0.6962,3.0054,0.1,,,,459,155,0.298,1.387,0.016,0.049,0.22149837133550487
alice,0,28830260,1361,0.1037,0.8123,3.6859,0.1,,,,455,146,0.285,1.223,0.015,0.051,0.21630615640599002
alice,0,28830260,1362,0.1314,0.8496,3.3514,0.1,,,,466,108,0.312,1.075,0.015,0.043,0.17073170731707318
alice,0,28830260,1363,0.125,0.7849,3.5381,0.1,,,,477,129,0.309,1.096,0.016,0.052,0.18811881188118812
alice,0,28830260,1364,0.1073,0.8349,3.6976,0.1,,,,462,117,0.328,1.296,0.016,0.048,0.17271157167530224
alice,0,28830260,1365,0.1368,0.8436,3.8211,0.1,,,,474,114,0.319,1.6,0.016,0.051,0.16326530612244897
alice,0,28830260,1366,0.1291,0.8061,3.4907,0.1,,,,480,118,0.315,1.397,0.018,0.051,0.17725752508361203
alice,0,28830260,1367,0.1113,0.8287,3.7895,0.1,,,,463,139,0.309,1.165,0.016,0.04,0.19933554817275748
alice,0,28830260,1368,0.1225,0.823,3.3687,0.1,,,,461,126,0.314,1.191,0.016,0.05,0.1839863713798978
alice,0,28830260,1369,0.1396,0.8224,3.491,0.1,,,,470,104,0.331,1.196,0.015,0.047,0.15853658536585366
alice,0,28830260,1370,0.1282,0.8099,3.1448,0.1,,,,474,115,0.337,1.48,0.017,0.042,0.1731748726655348
alice,0,28830260,1371,0.1291,0.8533,3.4595,0.1,,,,466,107,0.327,1.202,0.015,0.045,0.16753926701570682
alice,0,28830260,1372,0.1102,0.7984,3.5139,0.1,,,,483,109,0.316,1.29,0.015,0.053,0.16554054054054054
alice,0,28830260,1373,0.1204,0.7851,3.9319,0.1,,,,467,131,0.305,1.128,0.015,0.053,0.19230769230769232
alice,0,28830260,1374,0.1218,0.7496,3.1554,0.1,,,,467,138,0.299,1.078,0.014,0.049,0.2066115702479339
alice,0,28830260,1375,0.1196,0.7875,3.165,0.1,,,,458,126,0.314,1.15,0.018,0.044,0.18835616438356165
alice,0,28830260,1376,0.1315,0.8427,3.3891,0.1,,,,475,107,0.319,1.304,0.015,0.054,0.16666666666666666
alice,0,28830260,1377,0.1198,0.7883,3.2476,0.1,,,,464,127,0.309,1.292,0.015,0.048,0.18781725888324874
alice,0,28830260,1378,0.1221,0.7875,3.6615,0.1,,,,468,135,0.314,1.215,0.016,0.05,0.19237147595356552
alice,0,28830260,1379,0.124,0.8156,3.8934,0.1,,,,471,112,0.326,1.313,0.016,0.049,0.1595197255574614
alice,0,28830260,1380,0.1225,0.7062,3.0,0.1,,,,461,137,0.315,1.193,0.017,0.045,0.2040133779264214
alice,0,28830260,1381,0.1367,0.761,3.3702,0.1,,,,466,116,0.316,1.05,0.015,0.052,0.1718213058419244
alice,0,28830260,1382,0.1223,0.7188,2.7902,0.1,,,,469,120,0.307,1.159,0.015,0.051,0.1731748726655348
alice,0,28830260,1383,0.1271,0.7485,3.1443,0.1,,,,477,120,0.317,1.295,0.015,0.048,0.17252931323283083
alice,0,28830260,1384,0.1303,0.7625,3.5622,0.1,,,,468,119,0.317,1.326,0.015,0.045,0.17035775127768313
alice,0,28830260,1385,0.1034,0.7203,3.2391,0.1,,,,448,156,0.302,1.422,0.016,0.049,0.2251655629139073
alice,0,28830260,1386,0.1105,0.825,3.3442,0.1,,,,457,133,0.31,1.18,0.016,0.05,0.20508474576271185
alice,0,28830260,1387,0.1197,0.8305,3.5205,0.1,,,,458,136,0.302,1.374,0.014,0.051,0.19696969696969696
alice,0,28830260,1388,0.1186,0.8292,3.16,0.1,,,,461,127,0.32,1.162,0.015,0.049,0.18537414965986396
alice,0,28830260,1389,0.1256,0.8403,3.6852,0.1,,,,483,117,0.31,1.375,0.017,0.045,0.155
alice,0,28830260,1390,0.1221,0.8098,3.4604,0.1,,,,449,146,0.294,1.503,0.014,0.051,0.20168067226890757
alice,0,28830260,1391,0.1126,0.8671,3.4622,0.1,,,,461,130,0.299,1.189,0.014,0.058,0.19120135363790186
alice,0,28830260,1392,0.1196,0.8526,3.8578,0.1,,,,470,131,0.318,1.24,0.016,0.05,0.18136439267886856
alice,0,28830260,1393,0.123,0.8273,4.0488,0.1,,,,469,126,0.31,1.017,0.015,0.05,0.19327731092436976
alice,0,28830260,1394,0.1176,0.8013,3.4683,0.1,,,,470,126,0.323,1.182,0.017,0.048,0.18120805369127516
alice,0,28830260,1395,0.1226,0.8413,3.4826,0.1,,,,456,138,0.316,1.339,0.019,0.051,0.1919191919191919
alice,0,28830260,1396,0.13,0.7868,3.4466,0.1,,,,469,113,0.328,1.315,0.016,0.045,0.16666666666666666
alice,0,28830260,1397,0.1284,0.7252,3.1841,0.1,,,,458,145,0.301,1.283,0.018,0.051,0.19734660033167495
alice,0,28830260,1398,0.126,0.749,3.399,0.1,,,,468,121,0.313,1.347,0.015,0.044,0.1799660441426146
alice,0,28830260,1399,0.1298,0.7629,3.625,0.1,,,,474,115,0.325,1.036,0.016,0.051,0.1799660441426146
alice,0,28830260,1400,0.1297,0.704,3.371,0.1,,,,453,136,0.304,1.084,0.015,0.044,0.20203735144312393
alice,0,28830260,1401,0.1488,0.721,3.5668,0.1,,,,469,133,0.317,1.073,0.015,0.047,0.19601328903654486
alice,0,28830260,1402,0.1232,0.7217,3.1031,0.1,,,,468,130,0.314,1.311,0.015,0.049,0.18394648829431437
alice,0,28830260,1403,0.1102,0.7448,3.1374,0.1,,,,464,122,0.317,1.107,0.015,0.049,0.1825938566552901
alice,0,28830260,1404,0.1242,0.7577,3.3297,0.1,,,,470,125,0.317,1.137,0.016,0.049,0.17142857142857143
alice,0,28830260,1405,0.1086,0.724,2.8811,0.1,,,,458,135,0.31,1.151,0.015,0.045,0.1905564924114671
alice,0,28830260,1406,0.1048,0.7754,3.0867,0.1,,,,466,122,0.317,1.115,0.015,0.053,0.1921768707482993
alice,0,28830260,1407,0.0997,0.8562,3.596,0.1,,,,461,121,0.321,1.379,0.018,0.051,0.18384879725085912
alice,0,28830260,1408,0.1189,0.7586,3.7831,0.1,,,,469,134,0.315,1.394,0.015,0.056,0.1956882255389718
alice,0,28830260,1409,0.1127,0.7202,3.2022,0.1,,,,458,156,0.305,1.197,0.017,0.053,0.2263843648208469
alice,0,28830260,1410,0.1053,0.7573,3.6452,0.1,,,,469,129,0.323,1.407,0.015,0.051,0.1956521739130435
alice,0,28830260,1411,0.0961,0.8036,3.6738,0.1,,,,455,150,0.283,1.142,0.014,0.048,0.21487603305785125
alice,0,28830260,1412,0.0978,0.7831,3.7968,0.1,,,,458,142,0.304,1.163,0.014,0.043,0.205
alice,0,28830260,1413,0.1051,0.7395,3.3262,0.1,,,,459,144,0.298,1.138,0.015,0.045,0.20066334991708126
alice,0,28830260,1414,0.1118,0.7672,3.5838,0.1,,,,467,135,0.302,1.055,0.016,0.045,0.19601328903654486
alice,0,28830260,1415,0.1071,0.7179,3.3807,0.1,,,,468,135,0.299,1.442,0.015,0.045,0.20398009950248755
alice,0,28830260,1416,0.1067,0.8101,4.0333,0.1,,,,472,111,0.325,1.24,0.015,0.049,0.16981132075471697
alice,0,28830260,1417,0.1069,0.7503,3.4674,0.1,,,,472,128,0.325,1.219,0.015,0.051,0.18666666666666668
alice,0,28830260,1418,0.1075,0.8005,3.4188,0.1,,,,479,106,0.309,1.151,0.017,0.048,0.1641025641025641
alice,0,28830260,1419,0.1024,0.7415,2.9624,0.1,,,,449,139,0.303,1.156,0.015,0.048,0.20238095238095238
alice,0,28830260,1420,0.1164,0.7726,3.5185,0.1,,,,469,119,0.329,1.314,0.015,0.048,0.18027210884353742
alice,0,28830260,1421,0.1183,0.8078,3.5,0.1,,,,458,114,0.324,1.208,0.015,0.053,0.17657342657342656
alice,0,28830260,1422,0.1257,0.7637,3.4639,0.1,,,,475,123,0.329,1.127,0.015,0.049,0.17892976588628762
alice,0,28830260,1423,0.1132,0.813,3.4271,0.1,,,,460,123,0.308,1.106,0.015,0.047,0.18010291595197256
alice,0,28830260,1424,0.1268,0.8618,3.8278,0.1,,,,468,119,0.327,1.168,0.015,0.045,0.17717206132879046
alice,0,28830260,1425,0.1134,0.8388,3.5311,0.1,,,,468,111,0.314,1.136,0.015,0.048,0.16234887737478412
alice,0,28830260,1426,0.1141,0.8109,3.7525,0.1,,,,467,130,0.318,1.249,0.015,0.045,0.19430485762144054
alice,0,28830260,1427,0.1246,0.7937,3.5202,0.1,,,,459,141,0.293,1.146,0.015,0.047,0.21166666666666667
alice,0,28830260,1428,0.1177,0.7557,3.3553,0.1,,,,457,153,0.301,1.185,0.015,0.044,0.21967213114754097
alice,0,28830260,1429,0.126,0.8151,3.4434,0.1,,,,469,120,0.322,1.221,0.016,0.049,0.1833616298811545
alice,0,28830260,1430,0.1275,0.7396,3.0455,0.1,,,,464,125,0.327,1.129,0.015,0.05,0.19185059422750425
alice,0,28830260,1431,0.1251,0.7991,3.602,0.1,,,,475,112,0.328,1.282,0.015,0.054,0.16183986371379896
alice,0,28830260,1432,0.1216,0.7335,3.1117,0.1,,,,462,132,0.302,1.27,0.015,0.053,0.1919191919191919
alice,0,28830260,1433,0.1161,0.7524,2.9552,0.1,,,,469,120,0.313,1.286,0.016,0.055,0.17147707979626486
alice,0,28830260,1434,0.1152,0.7406,3.1604,0.1,,,,465,128,0.327,1.2,0.015,0.053,0.19898819561551434
alice,0,28830260,1435,0.1074,0.7244,3.2809,0.1,,,,461,125,0.326,1.268,0.015,0.052,0.19112627986348124
alice,0,28830260,1436,0.121,0.821,2.8235,0.1,,,,465,103,0.345,1.234,0.016,0.052,0.1602112676056338
alice,0,28830260,1437,0.1225,0.8041,3.5918,0.1,,,,460,130,0.32,1.163,0.016,0.049,0.19152542372881357
alice,0,28830260,1438,0.1206,0.7265,3.3249,0.1,,,,456,154,0.302,1.266,0.014,0.047,0.22131147540983606
alice,0,28830260,1439,0.1409,0.7344,3.1133,0.1,,,,471,115,0.329,1.279,0.016,0.044,0.16040955631399317
alice,0,28830260,1440,0.1176,0.7207,3.051,0.1,,,,463,133,0.315,1.283,0.015,0.044,0.20302013422818793
alice,0,28830260,1441,0.1177,0.7359,2.755,0.1,,,,462,129,0.316,1.23,0.014,0.056,0.19289340101522842
alice,0,28830260,1442,0.118,0.7523,3.2042,0.1,,,,466,120,0.316,1.163,0.017,0.055,0.17064846416382254
alice,0,28830260,1443,0.1061,0.7778,3.7222,0.1,,,,461,127,0.333,1.264,0.017,0.048,0.18877551020408162
alice,0,28830260,1444,0.1112,0.7496,3.349,0.1,,,,473,127,0.316,1.324,0.016,0.053,0.18833333333333332
alice,0,28830260,1445,0.1078,0.7703,3.0051,0.1,,,,457,141,0.32,1.184,0.016,0.052,0.205685618729097
alice,0,28830260,1446,0.1232,0.8091,3.505,0.1,,,,466,116,0.31,1.236,0.015,0.055,0.17525773195876287
alice,0,28830260,1447,0.1122,0.7662,3.9326,0.1,,,,473,132,0.331,1.254,0.016,0.06,0.19834710743801653
alice,0,28830260,1448,0.1155,0.7993,3.7049,0.1,,,,475,114,0.333,1.184,0.015,0.043,0.15449915110356535
alice,0,28830260,1449,0.1223,0.8026,3.6075,0.1,,,,467,110,0.325,1.209,0.015,0.047,0.1663778162911612
alice,0,28830260,1450,0.0999,0.7011,3.4802,0.1,,,,460,150,0.31,1.382,0.015,0.048,0.21639344262295082
alice,0,28830260,1451,0.0988,0.7921,3.32,0.1,,,,449,145,0.304,1.123,0.015,0.055,0.21885521885521886
alice,0,28830260,1452,0.1254,0.8396,3.53,0.1,,,,463,129,0.316,1.177,0.016,0.05,0.1875
alice,0,28830260,1453,0.1158,0.8197,3.6179,0.1,,,,478,107,0.337,1.342,0.019,0.046,0.1623931623931624
alice,0,28830260,1454,0.1165,0.7906,3.4067,0.1,,,,469,115,0.327,1.371,0.015,0.058,0.1797945205479452
alice,0,28830260,1455,0.1292,0.7618,3.6497,0.1,,,,465,131,0.293,1.117,0.015,0.058,0.19630872483221476
alice,0,28830260,1456,0.1188,0.7358,3.6915,0.1,,,,460,135,0.313,1.232,0.015,0.048,0.20504201680672268
alice,0,28830260,1457,0.1181,0.7607,3.209,0.1,,,,468,129,0.318,1.279,0.016,0.055,0.19095477386934673
alice,0,28830260,1458,0.1225,0.7462,3.4145,0.1,,,,474,121,0.328,1.156,0.015,0.046,0.17478991596638654
alice,0,28830260,1459,0.118,0.6744,3.4302,0.1,,,,462,139,0.321,1.315,0.015,0.05,0.21797004991680533
alice,0,28830260,1460,0.1252,0.7106,3.2193,0.1,,,,468,115,0.339,1.178,0.016,0.044,0.1595197255574614
alice,0,28830260,1461,0.1138,0.7247,3.288,0.1,,,,464,124,0.316,1.142,0.015,0.048,0.17517006802721088
alice,0,28830260,1462,0.1282,0.6877,3.5,0.1,,,,467,126,0.323,1.08,0.014,0.049,0.18887015177065766
alice,0,28830260,1463,0.1244,0.7086,3.1211,0.1,,,,473,115,0.333,1.204,0.015,0.042,0.17006802721088435
alice,0,28830260,1464,0.1137,0.7684,3.3651,0.1,,,,460,119,0.324,1.135,0.015,0.048,0.18134715025906736
alice,0,28830260,1465,0.1342,0.7754,3.7634,0.1,,,,477,106,0.334,1.28,0.016,0.054,0.15265866209262435
alice,0,28830260,1466,0.1259,0.7946,3.4,0.1,,,,469,105,0.334,1.392,0.015,0.046,0.16898954703832753
alice,0,28830260,1467,0.1246,0.6662,3.038,0.1,,,,469,144,0.295,1.168,0.015,0.05,0.21207177814029363
alice,0,28830260,1468,0.0976,0.6851,3.2874,0.1,,,,464,138,0.301,1.057,0.017,0.043,0.19767441860465115
alice,0,28830260,1469,0.1051,0.7039,2.7219,0.1,,,,455,129,0.325,1.183,0.015,0.05,0.1952054794520548
alice,0,28830260,1470,0.1172,0.7157,3.2732,0.1,,,,466,120,0.317,1.088,0.016,0.049,0.18088737201365188
alice,0,28830260,1471,0.1011,0.7733,2.7902,0.1,,,,453,134,0.301,1.142,0.016,0.051,0.20442930153321975
alice,0,28830260,1472,0.1118,0.7833,3.25,0.1,,,,445,145,0.309,1.403,0.015,0.046,0.2033898305084746
alice,0,28830260,1473,0.1364,0.8248,3.1328,0.1,,,,464,136,0.313,1.279,0.017,0.05,0.20333333333333334
alice,0,28830260,1474,0.133,0.7986,3.6776,0.1,,,,474,129,0.319,1.175,0.015,0.051,0.1791044776119403
alice,0,28830260,1475,0.136,0.8241,3.3192,0.1,,,,461,121,0.329,1.294,0.016,0.054,0.18384879725085912
alice,0,28830260,1476,0.1195,0.8485,4.14,0.1,,,,463,134,0.309,1.151,0.014,0.051,0.20938023450586266
alice,0,28830260,1477,0.1269,0.8074,3.6981,0.1,,,,466,127,0.326,1.463,0.016,0.046,0.1905564924114671
alice,0,28830260,1478,0.1281,0.7601,3.5396,0.1,,,,482,114,0.32,1.283,0.015,0.045,0.1610738255033557
alice,0,28830260,1479,0.1089,0.7817,3.401,0.1,,,,464,119,0.304,1.205,0.016,0.048,0.19039451114922812
alice,0,28830260,1480,0.1203,0.7529,3.5238,0.1,,,,477,130,0.302,1.185,0.016,0.051,0.18780889621087316
alice,0,28830260,1481,0.097,0.7909,3.5525,0.1,,,,470,121,0.33,1.227,0.016,0.048,0.18612521150592218
alice,0,28830260,1482,0.0967,0.7988,3.4219,0.1,,,,458,138,0.315,1.335,0.016,0.043,0.21476510067114093
alice,0,28830260,1483,0.0973,0.8677,3.3521,0.1,,,,463,109,0.327,1.189,0.014,0.051,0.1660839160839161
alice,0,28830260,1484,0.1134,0.8309,3.84,0.1,,,,474,120,0.313,1.34,0.014,0.05,0.1750841750841751
alice,0,28830260,1485,0.109,0.8351,3.6232,0.1,,,,456,127,0.328,1.314,0.016,0.051,0.19897084048027444
alice,0,28830260,1486,0.1291,0.8558,3.6547,0.1,,,,470,128,0.302,1.195,0.015,0.05,0.19230769230769232
alice,0,28830260,1487,0.1368,0.7721,3.7688,0.1,,,,465,134,0.313,1.141,0.015,0.051,0.20534223706176963
alice,0,28830260,1488,0.1309,0.7496,3.2929,0.1,,,,461,148,0.3,1.204,0.015,0.046,0.20689655172413793
alice,0,28830260,1489,0.1174,0.7813,3.5051,0.1,,,,457,140,0.303,1.299,0.015,0.053,0.21943048576214405
alice,0,28830260,1490,0.1232,0.8038,3.6985,0.1,,,,470,118,0.313,1.176,0.016,0.053,0.17857142857142858
alice,0,28830260,1491,0.121,0.7973,3.4167,0.1,,,,465,130,0.304,1.324,0.015,0.055,0.1899159663865546
alice,0,28830260,1492,0.1073,0.8297,3.378,0.1,,,,466,121,0.335,1.24,0.015,0.049,0.18568994889267462
alice,0,28830260,1493,0.0991,0.8254,3.6087,0.1,,,,458,119,0.319,1.173,0.015,0.047,0.18370883882149047
alice,0,28830260,1494,0.1128,0.8273,3.4658,0.1,,,,463,131,0.314,1.176,0.015,0.05,0.19528619528619529
alice,0,28830260,1495,0.1231,0.7769,3.2056,0.1,,,,454,162,0.304,1.185,0.015,0.05,0.22402597402597402
alice,0,28830260,1496,0.1362,0.7799,3.6699,0.1,,,,462,119,0.328,1.26,0.015,0.05,0.16695352839931152
alice,0,28830260,1497,0.1399,0.7825,3.1221,0.1,,,,482,117,0.327,1.291,0.016,0.049,0.1652754590984975
alice,0,28830260,1498,0.1201,0.7538,3.3089,0.1,,,,463,123,0.322,1.424,0.014,0.042,0.17918088737201365
alice,0,28830260,1499,0.113,0.7266,3.4754,0.1,,,,459,156,0.294,1.171,0.015,0.049,0.23252032520325203
alice,0,28830260,1500,0.1217,0.761,3.0,0.1,,,,465,131,0.297,1.231,0.015,0.05,0.19966442953020133
alice,0,28830260,1501,0.0943,0.8195,3.1787,0.1,,,,450,142,0.313,1.516,0.015,0.053,0.20608108108108109
alice,0,28830260,1502,0.1138,0.8478,3.4505,0.1,,,,458,130,0.316,1.347,0.015,0.049,0.20408163265306123
alice,0,28830260,1503,0.148,0.7844,3.7067,0.1,,,,464,130,0.318,1.19,0.015,0.053,0.18686868686868688
alice,0,28830260,1504,0.138,0.7431,3.5025,0.1,,,,454,171,0.282,1.213,0.014,0.055,0.2448
alice,0,28830260,1505,0.1335,0.7847,3.6453,0.1,,,,478,118,0.316,1.34,0.015,0.054,0.17281879194630873
alice,0,28830260,1506,0.1328,0.7176,3.3158,0.1,,,,459,146,0.306,1.1,0.015,0.048,0.2049586776859504
alice,0,28830260,1507,0.1213,0.763,3.7181,0.1,,,,471,132,0.303,1.049,0.015,0.049,0.19734660033167495
bob,0,28830260,0,0.1177,0.0056,0.5,,-0.9999,0.5,0.0,,,,,,,
bob,0,28830260,1,0.0026,0.0057,0.45999999999999996,,-0.9999,0.4998,0.0,,,,,,,
bob,0,28830260,2,0.0018,0.0063,0.54,,-0.9999,0.4997,0.0,,,,,,,
bob,0,28830260,3,0.0015,0.012,0.62,,-0.9998,0.4995,0.003,,,,,,,
bob,0,28830260,4,-0.0009,0.0061,0.52,,-0.9999,0.4993,0.0024,,,,,,,
bob,0,28830260,5,0.0072,0.0069,0.5,,-0.9998,0.4992,0.002,,,,,,,
bob,0,28830260,6,0.0004,0.0063,0.5,,-0.9998,0.499,0.0017,,,,,,,
bob,0,28830260,7,-0.0025,0.0077,0.5599999999999999,,-0.9999,0.4988,0.0015,,,,,,,
bob,0,28830260,8,-0.0015,0.005,0.45999999999999996,,-0.9999,0.4987,0.0014,,,,,,,
bob,0,28830260,9,0.0003,0.0066,0.54,,-0.9999,0.4985,0.0012,,,,,,,
bob,0,28830260,10,0.0021,0.0084,0.5599999999999999,,-0.9999,0.4983,0.0011,,,,,,,
bob,0,28830260,11,0.0025,0.007,0.54,,-0.9999,0.4982,0.001,,,,,,,
bob,0,28830260,12,0.0006,0.007,0.54,,-0.9999,0.498,0.0009,,,,,,,
bob,0,28830260,13,-0.0017,0.0055,0.5,,-0.9999,0.4978,0.0009,,,,,,,
bob,0,28830260,14,-0.0041,0.006,0.54,,-0.9999,0.4977,0.0008,,,,,,,
bob,0,28830260,15,0.0015,0.0061,0.54,,-0.9999,0.4975,0.0008,,,,,,,
bob,0,28830260,16,0.0007,0.0117,0.5599999999999999,,-0.9999,0.4973,0.0013,,,,,,,
bob,0,28830260,17,0.0015,0.0072,0.5599999999999999,,-0.9999,0.4972,0.0012,,,,,,,
bob,0,28830260,18,-0.0003,0.0071,0.54,,-0.9999,0.497,0.0011,,,,,,,
bob,0,28830260,19,0.0042,0.0072,0.48,,-0.9999,0.4968,0.0011,,,,,,,
bob,0,28830260,20,-0.0025,0.0086,0.58,,-0.9999,0.4967,0.0015,,,,,,,
bob,0,28830260,21,-0.001,0.0069,0.6,,-0.9999,0.4965,0.0017,,,,,,,
bob,0,28830260,22,0.0005,0.007,0.52,,-0.9999,0.4963,0.0017,,,,,,,
bob,0,28830260,23,-0.0019,0.0062,0.5,,-0.9998,0.4962,0.0016,,,,,,,
bob,0,28830260,24,-0.008,0.0055,0.48,,-0.9999,0.496,0.0015,,,,,,,
bob,0,28830260,25,-0.0016,0.006,0.5,,-0.9999,0.4958,0.0015,,,,,,,
bob,0,28830260,26,-0.0048,0.0059,0.52,,-0.9999,0.4957,0.0014,,,,,,,
bob,0,28830260,27,-0.0009,0.0056,0.5,,-0.9999,0.4955,0.0014,,,,,,,
bob,0,28830260,28,0.0072,0.0066,0.54,,-0.9999,0.4953,0.0013,,,,,,,
bob,0,28830260,29,-0.0013,0.0068,0.5599999999999999,,-0.9999,0.4952,0.0013,,,,,,,
bob,0,28830260,30,-0.0012,0.007,0.5599999999999999,,-0.9998,0.495,0.0012,,,,,,,
bob,0,28830260,31,-0.0017,0.0066,0.5,,-0.9999,0.4948,0.0012,,,,,,,
bob,0,28830260,32,-0.0033,0.0079,0.5599999999999999,,-0.9998,0.4947,0.0012,,,,,,,
bob,0,28830260,33,0.0006,0.0075,0.52,,-0.9999,0.4945,0.0011,,,,,,,
bob,0,28830260,34,-0.0064,0.0062,0.5599999999999999,,-0.9999,0.4943,0.0011,,,,,,,
bob,0,28830260,35,-0.0036,0.0056,0.48,,-0.9999,0.4942,0.0011,,,,,,,
bob,0,28830260,36,0.001,0.0071,0.5599999999999999,,-0.9999,0.494,0.001,,,,,,,
bob,0,28830260,37,-0.0072,0.006,0.54,,-0.9999,0.4938,0.001,,,,,,,
bob,0,28830260,38,-0.0008,0.0067,0.5599999999999999,,-0.9999,0.4937,0.0011,,,,,,,
bob,0,28830260,39,-0.0007,0.0056,0.5,,-0.9998,0.4935,0.0011,,,,,,,
bob,0,28830260,40,-0.0011,0.0066,0.54,,-0.9999,0.4933,0.001,,,,,,,
bob,0,28830260,41,0.0026,0.0075,0.5599999999999999,,-0.9999,0.4932,0.001,,,,,,,
bob,0,28830260,42,-0.004,0.0064,0.5599999999999999,,-0.9999,0.493,0.001,,,,,,,
bob,0,28830260,43,-0.0025,0.0063,0.52,,-0.9999,0.4928,0.001,,,,,,,
bob,0,28830260,44,0.0046,0.007,0.5599999999999999,,-0.9999,0.4927,0.001,,,,,,,
bob,0,28830260,45,0.0026,0.0072,0.54,,-0.9999,0.4925,0.0009,,,,,,,
bob,0,28830260,46,0.0021,0.0119,0.62,,-0.9999,0.4923,0.001,,,,,,,
bob,0,28830260,47,-0.0001,0.0064,0.5599999999999999,,-0.9999,0.4922,0.001,,,,,,,
bob,0,28830260,48,-0.002,0.0067,0.54,,-0.9999,0.492,0.001,,,,,,,
bob,0,28830260,49,-0.0043,0.0154,0.58,,-0.9999,0.4918,0.001,,,,,,,
bob,0,28830260,50,0.0024,0.0064,0.58,,-0.9999,0.4917,0.001,,,,,,,
bob,0,28830260,51,-0.0004,0.0064,0.5599999999999999,,-0.9999,0.4915,0.001,,,,,,,
bob,0,28830260,52,-0.0001,0.0066,0.54,,-0.9999,0.4913,0.001,,,,,,,
bob,0,28830260,53,0.0015,0.0066,0.52,,-0.9999,0.4912,0.001,,,,,,,
bob,0,28830260,54,-0.0013,0.0064,0.54,,-0.9999,0.491,0.0009,,,,,,,
bob,0,28830260,55,0.0018,0.0064,0.54,,-0.9999,0.4908,0.0009,,,,,,,
bob,0,28830260,56,0.0027,0.0062,0.5599999999999999,,-0.9999,0.4907,0.0009,,,,,,,
bob,0,28830260,57,0.0012,0.0066,0.58,,-0.9999,0.4905,0.0009,,,,,,,
bob,0,28830260,58,-0.0014,0.0067,0.5599999999999999,,-0.9999,0.4903,0.0009,,,,,,,
bob,0,28830260,59,-0.0048,0.0064,0.5599999999999999,,-0.9999,0.4902,0.0009,,,,,,,
bob,0,28830260,60,0.0028,0.0065,0.5599999999999999,,-0.9999,0.49,0.0009,,,,,,,
bob,0,28830260,61,0.0027,0.0068,0.54,,-0.9999,0.4898,0.0008,,,,,,,
bob,0,28830260,62,-0.0009,0.007,0.58,,-0.9999,0.4897,0.0008,,,,,,,
bob,0,28830260,63,0.0005,0.0067,0.58,,-0.9999,0.4895,0.0008,,,,,,,
bob,0,28830260,64,0.0008,0.0066,0.5599999999999999,,-0.9999,0.4893,0.0008,,,,,,,
bob,0,28830260,65,-0.001,0.007,0.5599999999999999,,-0.9999,0.4892,0.0008,,,,,,,
bob,0,28830260,66,0.0057,0.0071,0.6,,-0.9999,0.489,0.0008,,,,,,,
bob,0,28830260,67,0.0039,0.0099,0.58,,-0.9999,0.4888,0.0008,,,,,,,
bob,0,28830260,68,-0.0005,0.0111,0.58,,-0.9998,0.4887,0.0009,,,,,,,
bob,0,28830260,69,-0.0008,0.0064,0.5599999999999999,,-0.9999,0.4885,0.0009,,,,,,,
bob,0,28830260,70,0.001,0.0057,0.52,,-0.9999,0.4883,0.0008,,,,,,,
bob,0,28830260,71,-0.0086,0.0064,0.54,,-0.9999,0.4882,0.0008,,,,,,,
bob,0,28830260,72,0.0037,0.0073,0.58,,-0.9999,0.488,0.0008,,,,,,,
bob,0,28830260,73,-0.0051,0.0065,0.54,,-0.9999,0.4878,0.0008,,,,,,,
bob,0,28830260,74,0.0001,0.0072,0.58,,-0.9999,0.4877,0.0008,,,,,,,
bob,0,28830260,75,0.0057,0.0063,0.5599999999999999,,-0.9999,0.4875,0.0008,,,,,,,
bob,0,28830260,76,0.0038,0.0071,0.6,,-0.9999,0.4873,0.0008,,,,,,,
bob,0,28830260,77,0.0006,0.0097,0.62,,-0.9999,0.4872,0.0008,,,,,,,
bob,0,28830260,78,-0.0034,0.0067,0.6,,-0.9999,0.487,0.0008,,,,,,,
bob,0,28830260,79,0.0017,0.0064,0.54,,-0.9999,0.4868,0.0008,,,,,,,
bob,0,28830260,80,0.0008,0.0065,0.5599999999999999,,-0.9998,0.4867,0.0008,,,,,,,
bob,0,28830260,81,-0.0,0.0135,0.6,,-0.9999,0.4865,0.0009,,,,,,,
bob,0,28830260,82,-0.0002,0.0074,0.6,,-0.9999,0.4863,0.0008,,,,,,,
bob,0,28830260,83,-0.0022,0.0094,0.58,,-0.9999,0.4862,0.0009,,,,,,,
bob,0,28830260,84,0.0018,0.0062,0.58,,-0.9998,0.486,0.0009,,,,,,,
bob,0,28830260,85,0.0007,0.012,0.58,,-0.9999,0.4858,0.0009,,,,,,,
bob,0,28830260,86,0.0004,0.0059,0.5599999999999999,,-0.9998,0.4857,0.0009,,,,,,,
bob,0,28830260,87,-0.0028,0.0092,0.62,,-0.9999,0.4855,0.0009,,,,,,,
bob,0,28830260,88,-0.0002,0.007,0.5599999999999999,,-0.9998,0.4853,0.0009,,,,,,,
bob,0,28830260,89,0.0019,0.0067,0.58,,-0.9999,0.4852,0.0009,,,,,,,
bob,0,28830260,90,0.0017,0.0058,0.5599999999999999,,-0.9999,0.485,0.0009,,,,,,,
bob,0,28830260,91,-0.0007,0.0118,0.58,,-0.9999,0.4848,0.001,,,,,,,
bob,0,28830260,92,0.0005,0.0067,0.5599999999999999,,-0.9999,0.4847,0.0009,,,,,,,
bob,0,28830260,93,0.0,0.0079,0.6,,-0.9999,0.4845,0.0009,,,,,,,
bob,0,28830260,94,-0.0048,0.0066,0.58,,-0.9999,0.4843,0.0009,,,,,,,
bob,0,28830260,95,0.0009,0.0067,0.5599999999999999,,-0.9998,0.4842,0.0009,,,,,,,
bob,0,28830260,96,-0.0007,0.0078,0.64,,-0.9999,0.484,0.0009,,,,,,,
bob,0,28830260,97,-0.0006,0.0069,0.6,,-0.9998,0.4838,0.0009,,,,,,,
bob,0,28830260,98,-0.0037,0.0069,0.58,,-0.9999,0.4837,0.0009,,,,,,,
bob,0,28830260,99,-0.0023,0.0066,0.5599999999999999,,-0.9999,0.4835,0.0009,,,,,,,
bob,0,28830260,100,0.0004,0.0081,0.6,,-0.9998,0.4833,0.0009,,,,,,,
bob,0,28830260,101,0.0008,0.0065,0.5599999999999999,,-0.9999,0.4832,0.0009,,,,,,,
bob,0,28830260,102,-0.0028,0.0069,0.6,,-0.9999,0.483,0.0009,,,,,,,
bob,0,28830260,103,-0.0006,0.0067,0.6,,-0.9998,0.4828,0.0009,,,,,,,
bob,0,28830260,104,-0.0006,0.0066,0.6,,-0.9999,0.4827,0.0009,,,,,,,
bob,0,28830260,105,-0.0008,0.0075,0.62,,-0.9999,0.4825,0.0009,,,,,,,
bob,0,28830260,106,0.0019,0.0073,0.6,,-0.9999,0.4823,0.0008,,,,,,,
bob,0,28830260,107,-0.0009,0.0072,0.5599999999999999,,-0.9998,0.4822,0.0008,,,,,,,
bob,0,28830260,108,0.0008,0.0067,0.58,,-0.9999,0.482,0.0008,,,,,,,
bob,0,28830260,109,0.0006,0.0064,0.58,,-0.9998,0.4818,0.0008,,,,,,,
bob,0,28830260,110,0.0002,0.0065,0.6,,-0.9999,0.4817,0.0008,,,,,,,
bob,0,28830260,111,-0.0018,0.0069,0.6,,-0.9998,0.4815,0.0008,,,,,,,
bob,0,28830260,112,0.0068,0.0066,0.6,,-0.9999,0.4813,0.0008,,,,,,,
bob,0,28830260,113,0.0026,0.0072,0.6,,-0.9999,0.4812,0.0008,,,,,,,
bob,0,28830260,114,-0.0019,0.0071,0.6,,-0.9999,0.481,0.0008,,,,,,,
bob,0,28830260,115,-0.0001,0.0072,0.6,,-0.9998,0.4808,0.0008,,,,,,,
bob,0,28830260,116,-0.0022,0.0072,0.6,,-0.9999,0.4807,0.0008,,,,,,,
bob,0,28830260,117,-0.0013,0.007,0.6,,-0.9999,0.4805,0.0008,,,,,,,
bob,0,28830260,118,0.0005,0.0102,0.64,,-0.9999,0.4803,0.0008,,,,,,,
bob,0,28830260,119,-0.0038,0.0069,0.62,,-0.9999,0.4802,0.0008,,,,,,,
bob,0,28830260,120,-0.0008,0.0075,0.62,,-0.9999,0.48,0.0008,,,,,,,
bob,0,28830260,121,0.0004,0.0066,0.6,,-0.9999,0.4798,0.0008,,,,,,,
bob,0,28830260,122,0.0012,0.0061,0.58,,-0.9999,0.4797,0.0008,,,,,,,
bob,0,28830260,123,0.0001,0.0076,0.6,,-0.9999,0.4795,0.0008,,,,,,,
bob,0,28830260,124,0.0015,0.0081,0.6,,-0.9999,0.4793,0.0008,,,,,,,
bob,0,28830260,125,0.0022,0.0067,0.6,,-0.9999,0.4792,0.0008,,,,,,,
bob,0,28830260,126,-0.0026,0.0072,0.58,,-0.9999,0.479,0.0008,,,,,,,
bob,0,28830260,127,-0.0024,0.0072,0.5599999999999999,,-0.9998,0.4788,0.0008,,,,,,,
bob,0,28830260,128,-0.0015,0.0096,0.6,,-0.9999,0.4787,0.0008,,,,,,,
bob,0,28830260,129,-0.005,0.007,0.6,,-0.9999,0.4785,0.0008,,,,,,,
bob,0,28830260,130,-0.001,0.007,0.6,,-0.9999,0.4783,0.0008,,,,,,,
bob,0,28830260,131,0.003,0.0077,0.62,,-0.9998,0.4782,0.0007,,,,,,,
bob,0,28830260,132,0.0046,0.0065,0.62,,-0.9999,0.478,0.0007,,,,,,,
bob,0,28830260,133,-0.0029,0.0074,0.58,,-0.9999,0.4778,0.0007,,,,,,,
bob,0,28830260,134,0.0008,0.0069,0.6,,-0.9998,0.4777,0.0007,,,,,,,
bob,0,28830260,135,-0.0021,0.0079,0.62,,-0.9998,0.4775,0.0007,,,,,,,
bob,0,28830260,136,-0.0023,0.0071,0.62,,-0.9999,0.4773,0.0007,,,,,,,
bob,0,28830260,137,0.0028,0.0078,0.66,,-0.9999,0.4772,0.0007,,,,,,,
bob,0,28830260,138,-0.0006,0.0073,0.6,,-0.9999,0.477,0.0007,,,,,,,
bob,0,28830260,139,-0.001,0.008,0.64,,-0.9998,0.4768,0.0007,,,,,,,
bob,0,28830260,140,0.0024,0.0074,0.62,,-0.9999,0.4767,0.0007,,,,,,,
bob,0,28830260,141,-0.0022,0.0075,0.6,,-0.9998,0.4765,0.0007,,,,,,,
bob,0,28830260,142,0.0021,0.0073,0.62,,-0.9998,0.4763,0.0007,,,,,,,
bob,0,28830260,143,-0.0003,0.0073,0.62,,-0.9999,0.4762,0.0007,,,,,,,
bob,0,28830260,144,-0.0002,0.0069,0.6,,-0.9999,0.476,0.0007,,,,,,,
bob,0,28830260,145,-0.0004,0.0075,0.62,,-0.9999,0.4758,0.0007,,,,,,,
bob,0,28830260,146,0.0029,0.0073,0.6,,-0.9998,0.4757,0.0007,,,,,,,
bob,0,28830260,147,0.0006,0.0077,0.64,,-0.9999,0.4755,0.0007,,,,,,,
bob,0,28830260,148,0.0013,0.0074,0.64,,-0.9998,0.4753,0.0007,,,,,,,
bob,0,28830260,149,0.002,0.007,0.62,,-0.9999,0.4752,0.0007,,,,,,,
bob,0,28830260,150,0.0,0.0112,0.64,,-0.9998,0.475,0.0007,,,,,,,
bob,0,28830260,151,-0.0037,0.0073,0.64,,-0.9998,0.4748,0.0007,,,,,,,
bob,0,28830260,152,0.0023,0.0078,0.64,,-0.9998,0.4747,0.0007,,,,,,,
bob,0,28830260,153,0.0021,0.0074,0.64,,-0.9998,0.4745,0.0007,,,,,,,
bob,0,28830260,154,-0.0002,0.0073,0.64,,-0.9999,0.4743,0.0007,,,,,,,
bob,0,28830260,155,-0.0004,0.0079,0.66,,-0.9998,0.4742,0.0007,,,,,,,
bob,0,28830260,156,0.0015,0.0075,0.64,,-0.9998,0.474,0.0007,,,,,,,
bob,0,28830260,157,-0.0019,0.0075,0.64,,-0.9998,0.4738,0.0007,,,,,,,
bob,0,28830260,158,-0.0038,0.0076,0.62,,-0.9998,0.4737,0.0007,,,,,,,
bob,0,28830260,159,-0.0026,0.0082,0.6799999999999999,,-0.9998,0.4735,0.0007,,,,,,,
bob,0,28830260,160,0.0046,0.0075,0.62,,-0.9999,0.4733,0.0007,,,,,,,
bob,0,28830260,161,0.003,0.0078,0.66,,-0.9999,0.4732,0.0007,,,,,,,
bob,0,28830260,162,0.0041,0.0072,0.64,,-0.9999,0.473,0.0007,,,,,,,
bob,0,28830260,163,-0.001,0.0073,0.64,,-0.9999,0.4728,0.0007,,,,,,,
bob,0,28830260,164,0.0,0.0063,0.5599999999999999,,-0.9999,0.4727,0.0006,,,,,,,
bob,0,28830260,165,0.0003,0.0071,0.62,,-0.9998,0.4725,0.0006,,,,,,,
bob,0,28830260,166,-0.0016,0.0083,0.66,,-0.9998,0.4723,0.0006,,,,,,,
bob,0,28830260,167,-0.0018,0.0078,0.6799999999999999,,-0.9999,0.4722,0.0006,,,,,,,
bob,0,28830260,168,0.0007,0.007,0.66,,-0.9998,0.472,0.0006,,,,,,,
bob,0,28830260,169,0.0003,0.0069,0.62,,-0.9998,0.4718,0.0006,,,,,,,
bob,0,28830260,170,0.0021,0.0085,0.6799999999999999,,-0.9998,0.4717,0.0006,,,,,,,
bob,0,28830260,171,0.003,0.0085,0.6799999999999999,,-0.9998,0.4715,0.0006,,,,,,,
bob,0,28830260,172,0.0039,0.0076,0.64,,-0.9999,0.4713,0.0006,,,,,,,
bob,0,28830260,173,-0.0017,0.0068,0.58,,-0.9999,0.4712,0.0006,,,,,,,
bob,0,28830260,174,-0.0001,0.0065,0.62,,-0.9999,0.471,0.0006,,,,,,,
bob,0,28830260,175,0.0012,0.0074,0.62,,-0.9999,0.4708,0.0006,,,,,,,
bob,0,28830260,176,-0.0019,0.0103,0.64,,-0.9999,0.4707,0.0006,,,,,,,
bob,0,28830260,177,0.0013,0.0072,0.64,,-0.9998,0.4705,0.0006,,,,,,,
bob,0,28830260,178,0.0003,0.0073,0.64,,-0.9998,0.4703,0.0006,,,,,,,
bob,0,28830260,179,0.0008,0.0106,0.64,,-0.9999,0.4702,0.0006,,,,,,,
bob,0,28830260,180,0.0021,0.0076,0.64,,-0.9999,0.47,0.0006,,,,,,,
bob,0,28830260,181,0.0011,0.007,0.64,,-0.9998,0.4698,0.0006,,,,,,,
bob,0,28830260,182,-0.0029,0.0073,0.62,,-0.9998,0.4697,0.0006,,,,,,,
bob,0,28830260,183,0.0015,0.0074,0.64,,-0.9999,0.4695,0.0006,,,,,,,
bob,0,28830260,184,0.0001,0.0074,0.62,,-0.9999,0.4693,0.0006,,,,,,,
bob,0,28830260,185,-0.0002,0.0115,0.64,,-0.9999,0.4692,0.0006,,,,,,,
bob,0,28830260,186,-0.0015,0.0068,0.6,,-0.9998,0.469,0.0006,,,,,,,
bob,0,28830260,187,0.0005,0.0067,0.6,,-0.9999,0.4688,0.0006,,,,,,,
bob,0,28830260,188,0.0014,0.0061,0.6,,-0.9999,0.4687,0.0006,,,,,,,
bob,0,28830260,189,-0.0043,0.0089,0.64,,-0.9998,0.4685,0.0006,,,,,,,
bob,0,28830260,190,-0.003,0.0071,0.62,,-0.9999,0.4683,0.0006,,,,,,,
bob,0,28830260,191,0.0026,0.0072,0.62,,-0.9998,0.4682,0.0006,,,,,,,
bob,0,28830260,192,-0.0007,0.0069,0.6,,-0.9998,0.468,0.0006,,,,,,,
bob,0,28830260,193,0.001,0.011,0.64,,-0.9998,0.4678,0.0006,,,,,,,
bob,0,28830260,194,0.003,0.0073,0.64,,-0.9998,0.4677,0.0006,,,,,,,
bob,0,28830260,195,0.003,0.0084,0.6799999999999999,,-0.9998,0.4675,0.0007,,,,,,,
bob,0,28830260,196,-0.0008,0.0075,0.64,,-0.9998,0.4673,0.0007,,,,,,,
bob,0,28830260,197,0.0013,0.0069,0.6,,-0.9998,0.4672,0.0007,,,,,,,
bob,0,28830260,198,0.0017,0.0069,0.62,,-0.9998,0.467,0.0006,,,,,,,
bob,0,28830260,199,0.0028,0.0075,0.64,,-0.9999,0.4668,0.0006,,,,,,,
bob,0,28830260,200,0.0003,0.0077,0.62,,-0.9998,0.4667,0.0006,,,,,,,
bob,0,28830260,201,-0.0028,0.0089,0.64,,-0.9998,0.4665,0.0007,,,,,,,
bob,0,28830260,202,-0.002,0.0062,0.62,,-0.9998,0.4663,0.0007,,,,,,,
bob,0,28830260,203,-0.0022,0.0075,0.62,,-0.9998,0.4662,0.0006,,,,,,,
bob,0,28830260,204,-0.0001,0.0093,0.64,,-0.9998,0.466,0.0006,,,,,,,
bob,0,28830260,205,-0.0006,0.0079,0.66,,-0.9998,0.4658,0.0006,,,,,,,
bob,0,28830260,206,-0.0001,0.0071,0.62,,-0.9998,0.4657,0.0006,,,,,,,
bob,0,28830260,207,-0.0,0.0075,0.64,,-0.9998,0.4655,0.0006,,,,,,,
bob,0,28830260,208,0.0017,0.0068,0.62,,-0.9998,0.4653,0.0006,,,,,,,
bob,0,28830260,209,0.0008,0.0073,0.64,,-0.9998,0.4652,0.0006,,,,,,,
bob,0,28830260,210,0.0016,0.0075,0.66,,-0.9999,0.465,0.0006,,,,,,,
bob,0,28830260,211,-0.0057,0.0069,0.6,,-0.9998,0.4648,0.0006,,,,,,,
bob,0,28830260,212,-0.0035,0.0073,0.64,,-0.9998,0.4647,0.0006,,,,,,,
bob,0,28830260,213,-0.0031,0.007,0.6,,-0.9998,0.4645,0.0006,,,,,,,
bob,0,28830260,214,-0.0034,0.0068,0.6,,-0.9998,0.4643,0.0006,,,,,,,
bob,0,28830260,215,-0.0012,0.0071,0.62,,-0.9998,0.4642,0.0006,,,,,,,
bob,0,28830260,216,0.0001,0.0069,0.64,,-0.9998,0.464,0.0006,,,,,,,
bob,0,28830260,217,-0.0012,0.0066,0.64,,-0.9998,0.4638,0.0006,,,,,,,
bob,0,28830260,218,-0.0017,0.0074,0.64,,-0.9998,0.4637,0.0006,,,,,,,
bob,0,28830260,219,-0.0026,0.007,0.62,,-0.9998,0.4635,0.0006,,,,,,,
bob,0,28830260,220,-0.0029,0.0107,0.64,,-0.9998,0.4633,0.0005,,,,,,,
bob,0,28830260,221,0.0026,0.0073,0.64,,-0.9998,0.4632,0.0005,,,,,,,
bob,0,28830260,222,-0.0032,0.0073,0.62,,-0.9998,0.463,0.0005,,,,,,,
bob,0,28830260,223,-0.0006,0.0065,0.62,,-0.9998,0.4628,0.0005,,,,,,,
bob,0,28830260,224,-0.0017,0.0075,0.62,,-0.9998,0.4627,0.0005,,,,,,,
bob,0,28830260,225,0.0021,0.0072,0.62,,-0.9998,0.4625,0.0005,,,,,,,
bob,0,28830260,226,0.0015,0.0073,0.62,,-0.9998,0.4623,0.0005,,,,,,,
bob,0,28830260,227,0.001,0.0071,0.64,,-0.9998,0.4622,0.0005,,,,,,,
bob,0,28830260,228,0.0019,0.0067,0.62,,-0.9998,0.462,0.0005,,,,,,,
bob,0,28830260,229,-0.0014,0.0071,0.62,,-0.9998,0.4618,0.0005,,,,,,,
bob,0,28830260,230,0.0013,0.0073,0.64,,-0.9998,0.4617,0.0005,,,,,,,
bob,0,28830260,231,0.0005,0.0093,0.64,,-0.9999,0.4615,0.0005,,,,,,,
bob,0,28830260,232,-0.0022,0.0078,0.66,,-0.9998,0.4613,0.0005,,,,,,,
bob,0,28830260,233,-0.0001,0.0072,0.66,,-0.9998,0.4612,0.0005,,,,,,,
bob,0,28830260,234,0.0005,0.0074,0.6799999999999999,,-0.9998,0.461,0.0005,,,,,,,
bob,0,28830260,235,-0.0009,0.0072,0.62,,-0.9999,0.4608,0.0005,,,,,,,
bob,0,28830260,236,-0.0019,0.0066,0.62,,-0.9998,0.4607,0.0005,,,,,,,
bob,0,28830260,237,0.0007,0.0074,0.64,,-0.9998,0.4605,0.0005,,,,,,,
bob,0,28830260,238,0.0044,0.0074,0.64,,-0.9999,0.4603,0.0005,,,,,,,
bob,0,28830260,239,0.0002,0.0075,0.6799999999999999,,-0.9998,0.4602,0.0005,,,,,,,
bob,0,28830260,240,0.0056,0.0076,0.6799999999999999,,-0.9998,0.46,0.0005,,,,,,,
bob,0,28830260,241,0.0039,0.0072,0.66,,-0.9998,0.4598,0.0005,,,,,,,
bob,0,28830260,242,-0.0001,0.0065,0.64,,-0.9998,0.4597,0.0005,,,,,,,
bob,0,28830260,243,-0.0015,0.0073,0.6799999999999999,,-0.9998,0.4595,0.0005,,,,,,,
bob,0,28830260,244,-0.0005,0.007,0.64,,-0.9998,0.4593,0.0005,,,,,,,
bob,0,28830260,245,-0.0033,0.007,0.66,,-0.9998,0.4592,0.0005,,,,,,,
bob,0,28830260,246,-0.002,0.0069,0.62,,-0.9998,0.459,0.0005,,,,,,,
bob,0,28830260,247,-0.0023,0.007,0.64,,-0.9998,0.4588,0.0005,,,,,,,
bob,0,28830260,248,0.0009,0.0071,0.66,,-0.9998,0.4587,0.0005,,,,,,,
bob,0,28830260,249,-0.0022,0.007,0.66,,-0.9998,0.4585,0.0004,,,,,,,
bob,0,28830260,250,-0.0002,0.0072,0.66,,-0.9998,0.4583,0.0004,,,,,,,
bob,0,28830260,251,-0.0024,0.0069,0.64,,-0.9999,0.4582,0.0004,,,,,,,
bob,0,28830260,252,0.0014,0.0072,0.62,,-0.9998,0.458,0.0004,,,,,,,
bob,0,28830260,253,0.0005,0.0072,0.62,,-0.9998,0.4578,0.0004,,,,,,,
bob,0,28830260,254,0.0031,0.0072,0.64,,-0.9998,0.4577,0.0004,,,,,,,
bob,0,28830260,255,0.0018,0.0073,0.6,,-0.9998,0.4575,0.0004,,,,,,,
bob,0,28830260,256,-0.0017,0.0071,0.64,,-0.9998,0.4573,0.0004,,,,,,,
bob,0,28830260,257,-0.0009,0.0106,0.7000000000000001,,-0.9999,0.4572,0.0005,,,,,,,
bob,0,28830260,258,0.0031,0.008,0.7000000000000001,,-0.9998,0.457,0.0005,,,,,,,
bob,0,28830260,259,0.0049,0.0072,0.66,,-0.9998,0.4568,0.0005,,,,,,,
bob,0,28830260,260,-0.0008,0.0069,0.66,,-0.9998,0.4567,0.0005,,,,,,,
bob,0,28830260,261,-0.0008,0.0121,0.6799999999999999,,-0.9998,0.4565,0.0005,,,,,,,
bob,0,28830260,262,0.0014,0.0112,0.66,,-0.9998,0.4563,0.0005,,,,,,,
bob,0,28830260,263,0.001,0.0076,0.64,,-0.9998,0.4562,0.0005,,,,,,,
bob,0,28830260,264,-0.0014,0.0078,0.62,,-0.9998,0.456,0.0005,,,,,,,
bob,0,28830260,265,0.0015,0.0067,0.64,,-0.9999,0.4558,0.0005,,,,,,,
bob,0,28830260,266,-0.0015,0.0071,0.6,,-0.9998,0.4557,0.0005,,,,,,,
bob,0,28830260,267,-0.0012,0.0071,0.64,,-0.9998,0.4555,0.0005,,,,,,,
bob,0,28830260,268,-0.0035,0.0068,0.64,,-0.9999,0.4553,0.0004,,,,,,,
bob,0,28830260,269,0.0,0.0073,0.64,,-0.9998,0.4552,0.0004,,,,,,,
bob,0,28830260,270,-0.0011,0.0073,0.64,,-0.9998,0.455,0.0004,,,,,,,
bob,0,28830260,271,0.0025,0.0069,0.62,,-0.9998,0.4548,0.0004,,,,,,,
bob,0,28830260,272,-0.0003,0.0086,0.6799999999999999,,-0.9998,0.4547,0.0005,,,,,,,
bob,0,28830260,273,0.0002,0.0072,0.66,,-0.9998,0.4545,0.0005,,,,,,,
bob,0,28830260,274,-0.0009,0.0073,0.64,,-0.9998,0.4543,0.0005,,,,,,,
bob,0,28830260,275,-0.0039,0.007,0.62,,-0.9998,0.4542,0.0005,,,,,,,
bob,0,28830260,276,-0.0018,0.0069,0.62,,-0.9998,0.454,0.0005,,,,,,,
bob,0,28830260,277,-0.0009,0.0111,0.66,,-0.9999,0.4538,0.0004,,,,,,,
bob,0,28830260,278,-0.0,0.0069,0.62,,-0.9998,0.4537,0.0004,,,,,,,
bob,0,28830260,279,0.0025,0.007,0.6,,-0.9998,0.4535,0.0004,,,,,,,
bob,0,28830260,280,-0.0007,0.0074,0.66,,-0.9998,0.4533,0.0004,,,,,,,
bob,0,28830260,281,0.0005,0.007,0.64,,-0.9998,0.4532,0.0004,,,,,,,
bob,0,28830260,282,-0.0002,0.0068,0.62,,-0.9998,0.453,0.0004,,,,,,,
bob,0,28830260,283,0.0003,0.007,0.62,,-0.9998,0.4528,0.0004,,,,,,,
bob,0,28830260,284,-0.0002,0.0073,0.64,,-0.9998,0.4527,0.0004,,,,,,,
bob,0,28830260,285,0.0012,0.007,0.64,,-0.9999,0.4525,0.0004,,,,,,,
bob,0,28830260,286,0.0032,0.007,0.64,,-0.9998,0.4523,0.0004,,,,,,,
bob,0,28830260,287,-0.0013,0.0072,0.62,,-0.9998,0.4522,0.0004,,,,,,,
bob,0,28830260,288,-0.0012,0.0067,0.58,,-0.9998,0.452,0.0004,,,,,,,
bob,0,28830260,289,-0.0009,0.0069,0.62,,-0.9998,0.4518,0.0003,,,,,,,
bob,0,28830260,290,-0.0016,0.0064,0.62,,-0.9998,0.4517,0.0003,,,,,,,
bob,0,28830260,291,0.0001,0.0071,0.64,,-0.9999,0.4515,0.0003,,,,,,,
bob,0,28830260,292,-0.0003,0.0084,0.6799999999999999,,-0.9998,0.4513,0.0003,,,,,,,
bob,0,28830260,293,-0.0,0.0074,0.66,,-0.9998,0.4512,0.0003,,,,,,,
bob,0,28830260,294,0.0026,0.007,0.62,,-0.9998,0.451,0.0003,,,,,,,
bob,0,28830260,295,0.0006,0.0069,0.6,,-0.9998,0.4508,0.0003,,,,,,,
bob,0,28830260,296,0.0005,0.0071,0.64,,-0.9998,0.4507,0.0003,,,,,,,
bob,0,28830260,297,-0.0016,0.0114,0.64,,-0.9998,0.4505,0.0003,,,,,,,
bob,0,28830260,298,-0.0015,0.0076,0.64,,-0.9998,0.4503,0.0003,,,,,,,
bob,0,28830260,299,-0.0019,0.0072,0.62,,-0.9998,0.4502,0.0003,,,,,,,
bob,0,28830260,300,-0.004,0.0076,0.6799999999999999,,-0.9998,0.45,0.0003,,,,,,,
bob,0,28830260,301,-0.0012,0.0077,0.6799999999999999,,-0.9998,0.4498,0.0003,,,,,,,
bob,0,28830260,302,-0.0,0.0072,0.64,,-0.9998,0.4497,0.0003,,,,,,,
bob,0,28830260,303,0.0012,0.0074,0.66,,-0.9998,0.4495,0.0003,,,,,,,
bob,0,28830260,304,0.0022,0.0071,0.66,,-0.9998,0.4493,0.0003,,,,,,,
bob,0,28830260,305,0.0021,0.0076,0.6799999999999999,,-0.9998,0.4492,0.0003,,,,,,,
bob,0,28830260,306,0.002,0.0081,0.6799999999999999,,-0.9998,0.449,0.0003,,,,,,,
bob,0,28830260,307,-0.0007,0.0078,0.7000000000000001,,-0.9998,0.4488,0.0003,,,,,,,
bob,0,28830260,308,0.0003,0.0069,0.62,,-0.9998,0.4487,0.0003,,,,,,,
bob,0,28830260,309,-0.0024,0.0071,0.62,,-0.9998,0.4485,0.0003,,,,,,,
bob,0,28830260,310,-0.0007,0.0071,0.64,,-0.9999,0.4483,0.0003,,,,,,,
bob,0,28830260,311,-0.0011,0.0073,0.66,,-0.9998,0.4482,0.0003,,,,,,,
bob,0,28830260,312,-0.0052,0.0069,0.62,,-0.9998,0.448,0.0003,,,,,,,
bob,0,28830260,313,0.0007,0.0084,0.66,,-0.9998,0.4478,0.0003,,,,,,,
bob,0,28830260,314,0.0021,0.0077,0.66,,-0.9998,0.4477,0.0003,,,,,,,
bob,0,28830260,315,0.0018,0.0074,0.64,,-0.9998,0.4475,0.0003,,,,,,,
bob,0,28830260,316,0.0001,0.0089,0.66,,-0.9999,0.4473,0.0003,,,,,,,
bob,0,28830260,317,-0.0021,0.0079,0.6799999999999999,,-0.9998,0.4472,0.0003,,,,,,,
bob,0,28830260,318,-0.0015,0.0084,0.6799999999999999,,-0.9998,0.447,0.0003,,,,,,,
bob,0,28830260,319,-0.0003,0.0071,0.62,,-0.9998,0.4468,0.0003,,,,,,,
bob,0,28830260,320,0.0005,0.0074,0.66,,-0.9999,0.4467,0.0003,,,,,,,
bob,0,28830260,321,0.0005,0.0078,0.66,,-0.9998,0.4465,0.0003,,,,,,,
bob,0,28830260,322,-0.0016,0.007,0.64,,-0.9998,0.4463,0.0003,,,,,,,
bob,0,28830260,323,-0.002,0.0073,0.66,,-0.9998,0.4462,0.0003,,,,,,,
bob,0,28830260,324,-0.0018,0.007,0.64,,-0.9998,0.446,0.0003,,,,,,,
bob,0,28830260,325,-0.0022,0.0075,0.66,,-0.9999,0.4458,0.0003,,,,,,,
bob,0,28830260,326,0.0011,0.0083,0.6799999999999999,,-0.9999,0.4457,0.0003,,,,,,,
bob,0,28830260,327,0.0009,0.0079,0.64,,-0.9999,0.4455,0.0003,,,,,,,
bob,0,28830260,328,-0.0001,0.0114,0.62,,-0.9999,0.4453,0.0003,,,,,,,
bob,0,28830260,329,-0.0005,0.008,0.7000000000000001,,-0.9998,0.4452,0.0003,,,,,,,
bob,0,28830260,330,0.0014,0.0081,0.66,,-0.9998,0.445,0.0003,,,,,,,
bob,0,28830260,331,0.001,0.0076,0.66,,-0.9998,0.4448,0.0003,,,,,,,
bob,0,28830260,332,-0.0024,0.007,0.64,,-0.9998,0.4447,0.0003,,,,,,,
bob,0,28830260,333,-0.0017,0.0078,0.62,,-0.9998,0.4445,0.0003,,,,,,,
bob,0,28830260,334,-0.0005,0.0071,0.64,,-0.9998,0.4443,0.0003,,,,,,,
bob,0,28830260,335,-0.0011,0.0076,0.7000000000000001,,-0.9998,0.4442,0.0003,,,,,,,
bob,0,28830260,336,-0.0006,0.0137,0.72,,-0.9998,0.444,0.0004,,,,,,,
bob,0,28830260,337,-0.0001,0.0077,0.6799999999999999,,-0.9998,0.4438,0.0004,,,,,,,
bob,0,28830260,338,-0.0006,0.0077,0.6799999999999999,,-0.9998,0.4437,0.0004,,,,,,,
bob,0,28830260,339,0.0036,0.0072,0.64,,-0.9998,0.4435,0.0003,,,,,,,
bob,0,28830260,340,0.0016,0.0081,0.6799999999999999,,-0.9998,0.4433,0.0003,,,,,,,
bob,0,28830260,341,0.0038,0.008,0.6799999999999999,,-0.9998,0.4432,0.0003,,,,,,,
bob,0,28830260,342,-0.001,0.0075,0.6799999999999999,,-0.9998,0.443,0.0003,,,,,,,
bob,0,28830260,343,-0.0004,0.008,0.7000000000000001,,-0.9998,0.4428,0.0003,,,,,,,
bob,0,28830260,344,-0.0015,0.0082,0.72,,-0.9998,0.4427,0.0003,,,,,,,
bob,0,28830260,345,-0.0006,0.0068,0.64,,-0.9998,0.4425,0.0003,,,,,,,
bob,0,28830260,346,-0.004,0.0078,0.6799999999999999,,-0.9998,0.4423,0.0003,,,,,,,
bob,0,28830260,347,0.0025,0.007,0.66,,-0.9998,0.4422,0.0003,,,,,,,
bob,0,28830260,348,0.0034,0.007,0.66,,-0.9998,0.442,0.0003,,,,,,,
bob,0,28830260,349,0.0008,0.0072,0.66,,-0.9998,0.4418,0.0003,,,,,,,
bob,0,28830260,350,0.0001,0.0079,0.6799999999999999,,-0.9998,0.4417,0.0003,,,,,,,
bob,0,28830260,351,0.0036,0.008,0.6799999999999999,,-0.9998,0.4415,0.0003,,,,,,,
bob,0,28830260,352,0.0026,0.0069,0.64,,-0.9998,0.4413,0.0003,,,,,,,
bob,0,28830260,353,0.006,0.0078,0.7000000000000001,,-0.9998,0.4412,0.0003,,,,,,,
bob,0,28830260,354,0.0013,0.0075,0.6799999999999999,,-0.9998,0.441,0.0003,,,,,,,
bob,0,28830260,355,0.0023,0.0074,0.64,,-0.9998,0.4408,0.0003,,,,,,,
bob,0,28830260,356,0.0014,0.0071,0.64,,-0.9998,0.4407,0.0003,,,,,,,
bob,0,28830260,357,-0.002,0.0072,0.64,,-0.9999,0.4405,0.0003,,,,,,,
bob,0,28830260,358,-0.0006,0.0076,0.66,,-0.9998,0.4403,0.0003,,,,,,,
bob,0,28830260,359,-0.0015,0.0119,0.7000000000000001,,-0.9998,0.4402,0.0003,,,,,,,
bob,0,28830260,360,-0.0001,0.0075,0.66,,-0.9998,0.44,0.0003,,,,,,,
bob,0,28830260,361,0.0019,0.009,0.72,,-0.9998,0.4398,0.0003,,,,,,,
bob,0,28830260,362,0.0023,0.0075,0.6799999999999999,,-0.9998,0.4397,0.0003,,,,,,,
bob,0,28830260,363,0.0007,0.0077,0.7000000000000001,,-0.9998,0.4395,0.0003,,,,,,,
bob,0,28830260,364,0.0012,0.0075,0.6799999999999999,,-0.9998,0.4393,0.0003,,,,,,,
bob,0,28830260,365,0.0008,0.0077,0.7000000000000001,,-0.9998,0.4392,0.0003,,,,,,,
bob,0,28830260,366,0.0018,0.0074,0.6799999999999999,,-0.9998,0.439,0.0003,,,,,,,
bob,0,28830260,367,0.0018,0.0075,0.6799999999999999,,-0.9999,0.4388,0.0003,,,,,,,
bob,0,28830260,368,-0.002,0.0073,0.66,,-0.9998,0.4387,0.0003,,,,,,,
bob,0,28830260,369,-0.0032,0.008,0.7000000000000001,,-0.9999,0.4385,0.0003,,,,,,,
bob,0,28830260,370,-0.0002,0.0079,0.66,,-0.9998,0.4383,0.0003,,,,,,,
bob,0,28830260,371,-0.0011,0.0077,0.7000000000000001,,-0.9999,0.4382,0.0003,,,,,,,
bob,0,28830260,372,0.0008,0.0074,0.66,,-0.9998,0.438,0.0003,,,,,,,
bob,0,28830260,373,0.0022,0.0081,0.7000000000000001,,-0.9998,0.4378,0.0003,,,,,,,
bob,0,28830260,374,0.0012,0.0084,0.6799999999999999,,-0.9998,0.4377,0.0003,,,,,,,
bob,0,28830260,375,0.003,0.0076,0.6799999999999999,,-0.9998,0.4375,0.0003,,,,,,,
bob,0,28830260,376,0.0007,0.0081,0.7000000000000001,,-0.9998,0.4373,0.0003,,,,,,,
bob,0,28830260,377,0.0024,0.0072,0.6799999999999999,,-0.9998,0.4372,0.0003,,,,,,,
bob,0,28830260,378,-0.0007,0.0091,0.7000000000000001,,-0.9998,0.437,0.0003,,,,,,,
bob,0,28830260,379,0.0009,0.0104,0.72,,-0.9998,0.4368,0.0003,,,,,,,
bob,0,28830260,380,-0.0014,0.0083,0.72,,-0.9998,0.4367,0.0003,,,,,,,
bob,0,28830260,381,-0.003,0.0082,0.7000000000000001,,-0.9998,0.4365,0.0003,,,,,,,
bob,0,28830260,382,-0.002,0.0081,0.72,,-0.9999,0.4363,0.0003,,,,,,,
bob,0,28830260,383,-0.0026,0.0073,0.6799999999999999,,-0.9998,0.4362,0.0003,,,,,,,
bob,0,28830260,384,-0.0017,0.0073,0.6799999999999999,,-0.9999,0.436,0.0003,,,,,,,
bob,0,28830260,385,-0.0011,0.0081,0.7000000000000001,,-0.9998,0.4358,0.0003,,,,,,,
bob,0,28830260,386,-0.0008,0.008,0.7000000000000001,,-0.9998,0.4357,0.0003,,,,,,,
bob,0,28830260,387,-0.004,0.0075,0.6799999999999999,,-0.9998,0.4355,0.0003,,,,,,,
bob,0,28830260,388,-0.0003,0.0075,0.66,,-0.9998,0.4353,0.0003,,,,,,,
bob,0,28830260,389,0.0024,0.0073,0.66,,-0.9998,0.4352,0.0003,,,,,,,
bob,0,28830260,390,-0.0018,0.0078,0.6799999999999999,,-0.9998,0.435,0.0003,,,,,,,
bob,0,28830260,391,0.0007,0.0071,0.64,,-0.9998,0.4348,0.0003,,,,,,,
bob,0,28830260,392,-0.0012,0.007,0.64,,-0.9998,0.4347,0.0003,,,,,,,
bob,0,28830260,393,0.0002,0.0067,0.64,,-0.9998,0.4345,0.0003,,,,,,,
bob,0,28830260,394,-0.0019,0.0073,0.64,,-0.9999,0.4343,0.0003,,,,,,,
bob,0,28830260,395,-0.0013,0.0107,0.66,,-0.9998,0.4342,0.0003,,,,,,,
bob,0,28830260,396,0.0006,0.0081,0.66,,-0.9998,0.434,0.0003,,,,,,,
bob,0,28830260,397,0.0011,0.0067,0.64,,-0.9998,0.4338,0.0003,,,,,,,
bob,0,28830260,398,0.0035,0.0071,0.64,,-0.9998,0.4337,0.0003,,,,,,,
bob,0,28830260,399,0.0028,0.0072,0.66,,-0.9998,0.4335,0.0003,,,,,,,
bob,0,28830260,400,-0.0022,0.007,0.62,,-0.9998,0.4333,0.0003,,,,,,,
bob,0,28830260,401,0.0014,0.0093,0.7000000000000001,,-0.9998,0.4332,0.0003,,,,,,,
bob,0,28830260,402,-0.0013,0.0072,0.6799999999999999,,-0.9998,0.433,0.0003,,,,,,,
bob,0,28830260,403,-0.0009,0.0075,0.6799999999999999,,-0.9998,0.4328,0.0003,,,,,,,
bob,0,28830260,404,0.0006,0.0078,0.7000000000000001,,-0.9998,0.4327,0.0003,,,,,,,
bob,0,28830260,405,-0.0006,0.0071,0.66,,-0.9998,0.4325,0.0003,,,,,,,
bob,0,28830260,406,0.0013,0.0067,0.66,,-0.9998,0.4323,0.0003,,,,,,,
bob,0,28830260,407,0.0016,0.0077,0.7000000000000001,,-0.9998,0.4322,0.0003,,,,,,,
bob,0,28830260,408,0.0024,0.0078,0.7000000000000001,,-0.9998,0.432,0.0003,,,,,,,
bob,0,28830260,409,0.0001,0.0075,0.6799999999999999,,-0.9998,0.4318,0.0003,,,,,,,
bob,0,28830260,410,0.0005,0.0073,0.64,,-0.9998,0.4317,0.0003,,,,,,,
bob,0,28830260,411,0.0005,0.0076,0.64,,-0.9999,0.4315,0.0003,,,,,,,
bob,0,28830260,412,-0.0003,0.0075,0.6799999999999999,,-0.9998,0.4313,0.0003,,,,,,,
bob,0,28830260,413,-0.0002,0.0072,0.6799999999999999,,-0.9998,0.4312,0.0003,,,,,,,
bob,0,28830260,414,0.0003,0.0119,0.7000000000000001,,-0.9998,0.431,0.0003,,,,,,,
bob,0,28830260,415,-0.0011,0.0083,0.7000000000000001,,-0.9998,0.4308,0.0003,,,,,,,
bob,0,28830260,416,-0.0015,0.0086,0.7000000000000001,,-0.9998,0.4307,0.0003,,,,,,,
bob,0,28830260,417,0.0022,0.0082,0.7000000000000001,,-0.9998,0.4305,0.0003,,,,,,,
bob,0,28830260,418,0.0006,0.0076,0.6799999999999999,,-0.9998,0.4303,0.0003,,,,,,,
bob,0,28830260,419,0.0012,0.0077,0.66,,-0.9998,0.4302,0.0003,,,,,,,
bob,0,28830260,420,0.0004,0.0077,0.6799999999999999,,-0.9998,0.43,0.0003,,,,,,,
bob,0,28830260,421,0.0007,0.0073,0.6799999999999999,,-0.9998,0.4298,0.0003,,,,,,,
bob,0,28830260,422,-0.0019,0.0104,0.7000000000000001,,-0.9998,0.4297,0.0003,,,,,,,
bob,0,28830260,423,-0.0028,0.0092,0.72,,-0.9998,0.4295,0.0003,,,,,,,
bob,0,28830260,424,-0.0,0.0078,0.7000000000000001,,-0.9998,0.4293,0.0003,,,,,,,
bob,0,28830260,425,-0.0002,0.0078,0.6799999999999999,,-0.9998,0.4292,0.0003,,,,,,,
bob,0,28830260,426,0.0012,0.0083,0.6799999999999999,,-0.9998,0.429,0.0003,,,,,,,
bob,0,28830260,427,0.0008,0.009,0.7000000000000001,,-0.9998,0.4288,0.0003,,,,,,,
bob,0,28830260,428,0.0042,0.0084,0.74,,-0.9998,0.4287,0.0003,,,,,,,
bob,0,28830260,429,0.0027,0.008,0.66,,-0.9998,0.4285,0.0003,,,,,,,
bob,0,28830260,430,-0.002,0.007,0.66,,-0.9998,0.4283,0.0003,,,,,,,
bob,0,28830260,431,-0.0026,0.0117,0.6799999999999999,,-0.9998,0.4282,0.0003,,,,,,,
bob,0,28830260,432,-0.003,0.0082,0.7000000000000001,,-0.9998,0.428,0.0003,,,,,,,
bob,0,28830260,433,-0.0019,0.0082,0.6799999999999999,,-0.9998,0.4278,0.0003,,,,,,,
bob,0,28830260,434,-0.0045,0.008,0.7000000000000001,,-0.9998,0.4277,0.0003,,,,,,,
bob,0,28830260,435,-0.0022,0.0089,0.72,,-0.9998,0.4275,0.0003,,,,,,,
bob,0,28830260,436,-0.0005,0.008,0.72,,-0.9998,0.4273,0.0003,,,,,,,
bob,0,28830260,437,0.0026,0.0082,0.72,,-0.9998,0.4272,0.0003,,,,,,,
bob,0,28830260,438,0.0034,0.0085,0.74,,-0.9998,0.427,0.0003,,,,,,,
bob,0,28830260,439,0.0009,0.0113,0.7000000000000001,,-0.9998,0.4268,0.0003,,,,,,,
bob,0,28830260,440,-0.0021,0.008,0.6799999999999999,,-0.9998,0.4267,0.0003,,,,,,,
bob,0,28830260,441,-0.0024,0.008,0.7000000000000001,,-0.9998,0.4265,0.0003,,,,,,,
bob,0,28830260,442,-0.0013,0.0083,0.7000000000000001,,-0.9998,0.4263,0.0003,,,,,,,
bob,0,28830260,443,0.0023,0.0081,0.72,,-0.9998,0.4262,0.0003,,,,,,,
bob,0,28830260,444,-0.0015,0.0083,0.7000000000000001,,-0.9998,0.426,0.0003,,,,,,,
bob,0,28830260,445,-0.0015,0.0084,0.72,,-0.9998,0.4258,0.0003,,,,,,,
bob,0,28830260,446,0.0017,0.0074,0.6799999999999999,,-0.9998,0.4257,0.0003,,,,,,,
bob,0,28830260,447,0.0014,0.0078,0.6799999999999999,,-0.9998,0.4255,0.0003,,,,,,,
bob,0,28830260,448,0.0006,0.0085,0.64,,-0.9998,0.4253,0.0003,,,,,,,
bob,0,28830260,449,-0.0001,0.0075,0.66,,-0.9998,0.4252,0.0003,,,,,,,
bob,0,28830260,450,-0.0026,0.0077,0.6799999999999999,,-0.9998,0.425,0.0003,,,,,,,
bob,0,28830260,451,0.0006,0.0073,0.66,,-0.9998,0.4248,0.0003,,,,,,,
bob,0,28830260,452,0.0013,0.0086,0.72,,-0.9998,0.4247,0.0004,,,,,,,
bob,0,28830260,453,0.0026,0.0086,0.74,,-0.9998,0.4245,0.0004,,,,,,,
bob,0,28830260,454,-0.0013,0.0079,0.6799999999999999,,-0.9998,0.4243,0.0004,,,,,,,
bob,0,28830260,455,-0.002,0.008,0.7000000000000001,,-0.9998,0.4242,0.0004,,,,,,,
bob,0,28830260,456,-0.0005,0.0077,0.6799999999999999,,-0.9998,0.424,0.0004,,,,,,,
bob,0,28830260,457,0.0027,0.0081,0.7000000000000001,,-0.9998,0.4238,0.0004,,,,,,,
bob,0,28830260,458,-0.0002,0.0075,0.6799999999999999,,-0.9998,0.4237,0.0004,,,,,,,
bob,0,28830260,459,0.0034,0.0078,0.72,,-0.9998,0.4235,0.0004,,,,,,,
bob,0,28830260,460,0.0001,0.0074,0.6799999999999999,,-0.9998,0.4233,0.0004,,,,,,,
bob,0,28830260,461,-0.0003,0.0076,0.6799999999999999,,-0.9998,0.4232,0.0004,,,,,,,
bob,0,28830260,462,0.0003,0.0072,0.64,,-0.9998,0.423,0.0003,,,,,,,
bob,0,28830260,463,0.0003,0.0076,0.7000000000000001,,-0.9999,0.4228,0.0003,,,,,,,
bob,0,28830260,464,-0.0016,0.008,0.72,,-0.9998,0.4227,0.0003,,,,,,,
bob,0,28830260,465,-0.0011,0.0081,0.7000000000000001,,-0.9998,0.4225,0.0003,,,,,,,
bob,0,28830260,466,-0.0017,0.0076,0.6799999999999999,,-0.9998,0.4223,0.0003,,,,,,,
bob,0,28830260,467,0.0003,0.0077,0.66,,-0.9998,0.4222,0.0003,,,,,,,
bob,0,28830260,468,0.0007,0.0081,0.7000000000000001,,-0.9998,0.422,0.0003,,,,,,,
bob,0,28830260,469,-0.0027,0.008,0.72,,-0.9998,0.4218,0.0003,,,,,,,
bob,0,28830260,470,-0.0032,0.0076,0.7000000000000001,,-0.9998,0.4217,0.0003,,,,,,,
bob,0,28830260,471,-0.0026,0.0084,0.7000000000000001,,-0.9998,0.4215,0.0003,,,,,,,
bob,0,28830260,472,-0.0026,0.0083,0.72,,-0.9998,0.4213,0.0003,,,,,,,
bob,0,28830260,473,-0.002,0.0076,0.7000000000000001,,-0.9998,0.4212,0.0003,,,,,,,
bob,0,28830260,474,0.0008,0.0073,0.66,,-0.9998,0.421,0.0003,,,,,,,
bob,0,28830260,475,-0.0008,0.0075,0.6799999999999999,,-0.9998,0.4208,0.0003,,,,,,,
bob,0,28830260,476,0.0014,0.0072,0.6799999999999999,,-0.9998,0.4207,0.0003,,,,,,,
bob,0,28830260,477,0.0018,0.0076,0.7000000000000001,,-0.9998,0.4205,0.0003,,,,,,,
bob,0,28830260,478,-0.0044,0.0076,0.66,,-0.9998,0.4203,0.0003,,,,,,,
bob,0,28830260,479,-0.0021,0.0067,0.64,,-0.9998,0.4202,0.0003,,,,,,,
bob,0,28830260,480,-0.0014,0.0077,0.6799999999999999,,-0.9998,0.42,0.0003,,,,,,,
bob,0,28830260,481,-0.0012,0.0072,0.66,,-0.9998,0.4198,0.0003,,,,,,,
bob,0,28830260,482,-0.0011,0.0077,0.7000000000000001,,-0.9998,0.4197,0.0003,,,,,,,
bob,0,28830260,483,-0.0004,0.0089,0.72,,-0.9998,0.4195,0.0003,,,,,,,
bob,0,28830260,484,0.0004,0.0076,0.7000000000000001,,-0.9998,0.4193,0.0003,,,,,,,
bob,0,28830260,485,0.0035,0.0074,0.6799999999999999,,-0.9998,0.4192,0.0003,,,,,,,
bob,0,28830260,486,0.0019,0.0083,0.72,,-0.9998,0.419,0.0003,,,,,,,
bob,0,28830260,487,0.0008,0.0095,0.7799999999999999,,-0.9998,0.4188,0.0003,,,,,,,
bob,0,28830260,488,-0.0032,0.0075,0.7000000000000001,,-0.9998,0.4187,0.0003,,,,,,,
bob,0,28830260,489,-0.0001,0.0078,0.7000000000000001,,-0.9998,0.4185,0.0003,,,,,,,
bob,0,28830260,490,-0.0023,0.0079,0.6799999999999999,,-0.9998,0.4183,0.0003,,,,,,,
bob,0,28830260,491,-0.0021,0.0072,0.66,,-0.9998,0.4182,0.0003,,,,,,,
bob,0,28830260,492,-0.0036,0.0071,0.66,,-0.9998,0.418,0.0003,,,,,,,
bob,0,28830260,493,-0.003,0.013,0.7000000000000001,,-0.9998,0.4178,0.0003,,,,,,,
bob,0,28830260,494,-0.0005,0.0071,0.6799999999999999,,-0.9998,0.4177,0.0003,,,,,,,
bob,0,28830260,495,-0.0005,0.0084,0.72,,-0.9998,0.4175,0.0003,,,,,,,
bob,0,28830260,496,0.0009,0.0076,0.6799999999999999,,-0.9998,0.4173,0.0003,,,,,,,
bob,0,28830260,497,0.0012,0.0079,0.7000000000000001,,-0.9998,0.4172,0.0003,,,,,,,
bob,0,28830260,498,0.0016,0.0081,0.6799999999999999,,-0.9998,0.417,0.0003,,,,,,,
bob,0,28830260,499,-0.002,0.0072,0.66,,-0.9998,0.4168,0.0003,,,,,,,
bob,0,28830260,500,-0.0003,0.0107,0.72,,-0.9998,0.4167,0.0003,,,,,,,
bob,0,28830260,501,0.0001,0.0084,0.72,,-0.9998,0.4165,0.0003,,,,,,,
bob,0,28830260,502,-0.0045,0.0082,0.7000000000000001,,-0.9998,0.4163,0.0003,,,,,,,
bob,0,28830260,503,-0.0002,0.0082,0.7000000000000001,,-0.9998,0.4162,0.0003,,,,,,,
bob,0,28830260,504,0.0026,0.0078,0.6799999999999999,,-0.9998,0.416,0.0003,,,,,,,
bob,0,28830260,505,0.0001,0.0082,0.7000000000000001,,-0.9998,0.4158,0.0003,,,,,,,
bob,0,28830260,506,0.0004,0.0079,0.6799999999999999,,-0.9998,0.4157,0.0003,,,,,,,
bob,0,28830260,507,0.0004,0.0116,0.72,,-0.9998,0.4155,0.0003,,,,,,,
bob,0,28830260,508,0.0016,0.0077,0.7000000000000001,,-0.9998,0.4153,0.0003,,,,,,,
bob,0,28830260,509,-0.0013,0.0083,0.7000000000000001,,-0.9998,0.4152,0.0003,,,,,,,
bob,0,28830260,510,-0.0001,0.0081,0.72,,-0.9998,0.415,0.0003,,,,,,,
bob,0,28830260,511,0.0026,0.0077,0.7000000000000001,,-0.9998,0.4148,0.0003,,,,,,,
bob,0,28830260,512,-0.0015,0.0078,0.6799999999999999,,-0.9998,0.4147,0.0003,,,,,,,
bob,0,28830260,513,-0.0013,0.0075,0.6799999999999999,,-0.9998,0.4145,0.0003,,,,,,,
bob,0,28830260,514,-0.0017,0.0074,0.66,,-0.9998,0.4143,0.0003,,,,,,,
bob,0,28830260,515,-0.0021,0.008,0.66,,-0.9998,0.4142,0.0003,,,,,,,
bob,0,28830260,516,-0.0017,0.0082,0.72,,-0.9998,0.414,0.0003,,,,,,,
bob,0,28830260,517,-0.001,0.0077,0.66,,-0.9998,0.4138,0.0003,,,,,,,
bob,0,28830260,518,-0.0005,0.0075,0.66,,-0.9998,0.4137,0.0003,,,,,,,
bob,0,28830260,519,0.0004,0.0079,0.6799999999999999,,-0.9998,0.4135,0.0003,,,,,,,
bob,0,28830260,520,-0.0001,0.0079,0.72,,-0.9998,0.4133,0.0003,,,,,,,
bob,0,28830260,521,0.0006,0.0078,0.7000000000000001,,-0.9998,0.4132,0.0003,,,,,,,
bob,0,28830260,522,0.0011,0.0073,0.66,,-0.9998,0.413,0.0003,,,,,,,
bob,0,28830260,523,-0.0011,0.0082,0.72,,-0.9998,0.4128,0.0003,,,,,,,
bob,0,28830260,524,0.0021,0.0084,0.72,,-0.9998,0.4127,0.0003,,,,,,,
bob,0,28830260,525,0.0025,0.0076,0.6799999999999999,,-0.9998,0.4125,0.0003,,,,,,,
bob,0,28830260,526,0.0027,0.0084,0.7000000000000001,,-0.9998,0.4123,0.0003,,,,,,,
bob,0,28830260,527,-0.0018,0.0068,0.66,,-0.9998,0.4122,0.0003,,,,,,,
bob,0,28830260,528,-0.0023,0.0078,0.7000000000000001,,-0.9998,0.412,0.0003,,,,,,,
bob,0,28830260,529,-0.0008,0.0079,0.7000000000000001,,-0.9998,0.4118,0.0003,,,,,,,
bob,0,28830260,530,0.0035,0.0076,0.6799999999999999,,-0.9998,0.4117,0.0003,,,,,,,
bob,0,28830260,531,0.0028,0.0074,0.66,,-0.9998,0.4115,0.0003,,,,,,,
bob,0,28830260,532,0.0013,0.0077,0.6799999999999999,,-0.9998,0.4113,0.0003,,,,,,,
bob,0,28830260,533,0.0004,0.0081,0.6799999999999999,,-0.9998,0.4112,0.0003,,,,,,,
bob,0,28830260,534,-0.0008,0.008,0.7000000000000001,,-0.9998,0.411,0.0003,,,,,,,
bob,0,28830260,535,0.0021,0.0079,0.66,,-0.9998,0.4108,0.0003,,,,,,,
bob,0,28830260,536,0.002,0.0081,0.6799999999999999,,-0.9998,0.4107,0.0003,,,,,,,
bob,0,28830260,537,0.0019,0.0081,0.7000000000000001,,-0.9998,0.4105,0.0003,,,,,,,
bob,0,28830260,538,0.0001,0.008,0.7000000000000001,,-0.9998,0.4103,0.0003,,,,,,,
bob,0,28830260,539,-0.0015,0.0078,0.6799999999999999,,-0.9998,0.4102,0.0003,,,,,,,
bob,0,28830260,540,-0.0015,0.0084,0.7000000000000001,,-0.9998,0.41,0.0003,,,,,,,
bob,0,28830260,541,-0.002,0.008,0.7000000000000001,,-0.9998,0.4098,0.0003,,,,,,,
bob,0,28830260,542,-0.0011,0.0082,0.7000000000000001,,-0.9998,0.4097,0.0003,,,,,,,
bob,0,28830260,543,0.0019,0.0076,0.7000000000000001,,-0.9998,0.4095,0.0003,,,,,,,
bob,0,28830260,544,0.0017,0.0067,0.66,,-0.9998,0.4093,0.0003,,,,,,,
bob,0,28830260,545,0.0049,0.0081,0.7000000000000001,,-0.9998,0.4092,0.0003,,,,,,,
bob,0,28830260,546,0.0034,0.0074,0.6799999999999999,,-0.9998,0.409,0.0003,,,,,,,
bob,0,28830260,547,0.0025,0.0076,0.66,,-0.9998,0.4088,0.0003,,,,,,,
bob,0,28830260,548,-0.0001,0.0094,0.6799999999999999,,-0.9998,0.4087,0.0003,,,,,,,
bob,0,28830260,549,0.0026,0.0079,0.72,,-0.9998,0.4085,0.0003,,,,,,,
bob,0,28830260,550,0.0007,0.0074,0.6799999999999999,,-0.9998,0.4083,0.0003,,,,,,,
bob,0,28830260,551,0.0017,0.0078,0.6799999999999999,,-0.9998,0.4082,0.0003,,,,,,,
bob,0,28830260,552,0.0003,0.0109,0.7000000000000001,,-0.9998,0.408,0.0003,,,,,,,
bob,0,28830260,553,-0.0002,0.0078,0.72,,-0.9998,0.4078,0.0003,,,,,,,
bob,0,28830260,554,-0.0013,0.007,0.66,,-0.9998,0.4077,0.0003,,,,,,,
bob,0,28830260,555,-0.0017,0.0075,0.6799999999999999,,-0.9998,0.4075,0.0003,,,,,,,
bob,0,28830260,556,0.0004,0.0085,0.72,,-0.9999,0.4073,0.0003,,,,,,,
bob,0,28830260,557,0.0023,0.0081,0.7000000000000001,,-0.9998,0.4072,0.0003,,,,,,,
bob,0,28830260,558,-0.0005,0.0079,0.7000000000000001,,-0.9998,0.407,0.0003,,,,,,,
bob,0,28830260,559,-0.001,0.0076,0.6799999999999999,,-0.9998,0.4068,0.0003,,,,,,,
bob,0,28830260,560,0.0026,0.0078,0.7000000000000001,,-0.9998,0.4067,0.0003,,,,,,,
bob,0,28830260,561,0.0002,0.0118,0.7000000000000001,,-0.9998,0.4065,0.0003,,,,,,,
bob,0,28830260,562,-0.0005,0.0073,0.6799999999999999,,-0.9999,0.4063,0.0003,,,,,,,
bob,0,28830260,563,-0.0001,0.0107,0.72,,-0.9998,0.4062,0.0003,,,,,,,
bob,0,28830260,564,0.001,0.0072,0.66,,-0.9998,0.406,0.0003,,,,,,,
bob,0,28830260,565,0.0006,0.0075,0.66,,-0.9998,0.4058,0.0003,,,,,,,
bob,0,28830260,566,-0.0019,0.0074,0.66,,-0.9998,0.4057,0.0003,,,,,,,
bob,0,28830260,567,0.0005,0.0075,0.66,,-0.9998,0.4055,0.0003,,,,,,,
bob,0,28830260,568,0.0008,0.0077,0.6799999999999999,,-0.9998,0.4053,0.0003,,,,,,,
bob,0,28830260,569,0.0021,0.0118,0.7000000000000001,,-0.9998,0.4052,0.0003,,,,,,,
bob,0,28830260,570,0.0045,0.008,0.74,,-0.9998,0.405,0.0003,,,,,,,
bob,0,28830260,571,0.004,0.0083,0.72,,-0.9999,0.4048,0.0003,,,,,,,
bob,0,28830260,572,0.0014,0.0077,0.7000000000000001,,-0.9998,0.4047,0.0003,,,,,,,
bob,0,28830260,573,0.0016,0.0075,0.7000000000000001,,-0.9998,0.4045,0.0003,,,,,,,
bob,0,28830260,574,-0.0002,0.0079,0.7000000000000001,,-0.9998,0.4043,0.0003,,,,,,,
bob,0,28830260,575,0.0037,0.0078,0.7000000000000001,,-0.9999,0.4042,0.0003,,,,,,,
bob,0,28830260,576,0.0004,0.0111,0.7000000000000001,,-0.9998,0.404,0.0003,,,,,,,
bob,0,28830260,577,-0.0012,0.0072,0.6799999999999999,,-0.9998,0.4038,0.0003,,,,,,,
bob,0,28830260,578,0.0001,0.0076,0.7000000000000001,,-0.9998,0.4037,0.0003,,,,,,,
bob,0,28830260,579,0.0003,0.0091,0.6799999999999999,,-0.9998,0.4035,0.0003,,,,,,,
bob,0,28830260,580,-0.0006,0.0078,0.7000000000000001,,-0.9998,0.4033,0.0003,,,,,,,
bob,0,28830260,581,-0.0005,0.0083,0.72,,-0.9998,0.4032,0.0003,,,,,,,
bob,0,28830260,582,-0.001,0.0084,0.7000000000000001,,-0.9998,0.403,0.0003,,,,,,,
bob,0,28830260,583,-0.0013,0.0076,0.66,,-0.9998,0.4028,0.0003,,,,,,,
bob,0,28830260,584,-0.0008,0.0075,0.7000000000000001,,-0.9998,0.4027,0.0003,,,,,,,
bob,0,28830260,585,0.0007,0.0079,0.7000000000000001,,-0.9998,0.4025,0.0003,,,,,,,
bob,0,28830260,586,-0.0012,0.0076,0.7000000000000001,,-0.9998,0.4023,0.0003,,,,,,,
bob,0,28830260,587,-0.0007,0.0082,0.72,,-0.9998,0.4022,0.0003,,,,,,,
bob,0,28830260,588,-0.0011,0.0118,0.72,,-0.9998,0.402,0.0003,,,,,,,
bob,0,28830260,589,-0.0015,0.008,0.72,,-0.9998,0.4018,0.0003,,,,,,,
bob,0,28830260,590,-0.0008,0.0086,0.74,,-0.9998,0.4017,0.0003,,,,,,,
bob,0,28830260,591,-0.0024,0.0083,0.74,,-0.9998,0.4015,0.0003,,,,,,,
bob,0,28830260,592,-0.0031,0.0088,0.74,,-0.9998,0.4013,0.0003,,,,,,,
bob,0,28830260,593,-0.0009,0.0084,0.7000000000000001,,-0.9998,0.4012,0.0003,,,,,,,
bob,0,28830260,594,0.0004,0.0074,0.6799999999999999,,-0.9998,0.401,0.0003,,,,,,,
bob,0,28830260,595,0.0026,0.0078,0.7000000000000001,,-0.9998,0.4008,0.0003,,,,,,,
bob,0,28830260,596,0.0032,0.0078,0.6799999999999999,,-0.9998,0.4007,0.0003,,,,,,,
bob,0,28830260,597,0.0005,0.0072,0.6799999999999999,,-0.9998,0.4005,0.0003,,,,,,,
bob,0,28830260,598,-0.0004,0.0074,0.6799999999999999,,-0.9998,0.4003,0.0003,,,,,,,
bob,0,28830260,599,-0.0013,0.0079,0.6799999999999999,,-0.9998,0.4002,0.0003,,,,,,,
bob,0,28830260,600,0.0015,0.0069,0.66,,-0.9998,0.4,0.0003,,,,,,,
bob,0,28830260,601,0.0014,0.0094,0.6799999999999999,,-0.9998,0.3998,0.0003,,,,,,,
bob,0,28830260,602,0.001,0.0101,0.6799999999999999,,-0.9998,0.3997,0.0003,,,,,,,
bob,0,28830260,603,0.0009,0.0071,0.6799999999999999,,-0.9998,0.3995,0.0003,,,,,,,
bob,0,28830260,604,0.0017,0.0074,0.66,,-0.9998,0.3993,0.0003,,,,,,,
bob,0,28830260,605,-0.0009,0.0081,0.72,,-0.9998,0.3992,0.0003,,,,,,,
bob,0,28830260,606,-0.0014,0.0077,0.6799999999999999,,-0.9998,0.399,0.0003,,,,,,,
bob,0,28830260,607,-0.0009,0.0088,0.7000000000000001,,-0.9998,0.3988,0.0003,,,,,,,
bob,0,28830260,608,0.0022,0.0072,0.66,,-0.9998,0.3987,0.0003,,,,,,,
bob,0,28830260,609,0.0026,0.0077,0.6799999999999999,,-0.9998,0.3985,0.0003,,,,,,,
bob,0,28830260,610,0.0014,0.0072,0.66,,-0.9998,0.3983,0.0003,,,,,,,
bob,0,28830260,611,-0.0027,0.0076,0.6799999999999999,,-0.9998,0.3982,0.0003,,,,,,,
bob,0,28830260,612,-0.0012,0.0077,0.6799999999999999,,-0.9998,0.398,0.0003,,,,,,,
bob,0,28830260,613,0.001,0.0082,0.6799999999999999,,-0.9998,0.3978,0.0003,,,,,,,
bob,0,28830260,614,-0.002,0.008,0.6799999999999999,,-0.9998,0.3977,0.0003,,,,,,,
bob,0,28830260,615,-0.0011,0.0078,0.6799999999999999,,-0.9998,0.3975,0.0003,,,,,,,
bob,0,28830260,616,-0.0022,0.0077,0.7000000000000001,,-0.9998,0.3973,0.0003,,,,,,,
bob,0,28830260,617,-0.0014,0.0077,0.66,,-0.9998,0.3972,0.0003,,,,,,,
bob,0,28830260,618,-0.0014,0.0074,0.66,,-0.9998,0.397,0.0003,,,,,,,
bob,0,28830260,619,-0.0047,0.0074,0.6799999999999999,,-0.9998,0.3968,0.0003,,,,,,,
bob,0,28830260,620,-0.0033,0.0075,0.6799999999999999,,-0.9998,0.3967,0.0003,,,,,,,
bob,0,28830260,621,-0.0025,0.0074,0.7000000000000001,,-0.9998,0.3965,0.0003,,,,,,,
bob,0,28830260,622,-0.0015,0.0072,0.64,,-0.9998,0.3963,0.0003,,,,,,,
bob,0,28830260,623,0.0022,0.0079,0.7000000000000001,,-0.9998,0.3962,0.0003,,,,,,,
bob,0,28830260,624,0.0022,0.0078,0.7000000000000001,,-0.9998,0.396,0.0003,,,,,,,
bob,0,28830260,625,-0.0006,0.0077,0.6799999999999999,,-0.9998,0.3958,0.0003,,,,,,,
bob,0,28830260,626,-0.0009,0.0076,0.6799999999999999,,-0.9998,0.3957,0.0003,,,,,,,
bob,0,28830260,627,-0.0023,0.0074,0.6799999999999999,,-0.9998,0.3955,0.0003,,,,,,,
bob,0,28830260,628,-0.0003,0.0077,0.7000000000000001,,-0.9998,0.3953,0.0003,,,,,,,
bob,0,28830260,629,-0.0005,0.008,0.7000000000000001,,-0.9998,0.3952,0.0003,,,,,,,
bob,0,28830260,630,-0.0005,0.0074,0.6799999999999999,,-0.9998,0.395,0.0003,,,,,,,
bob,0,28830260,631,0.0036,0.0077,0.6799999999999999,,-0.9998,0.3948,0.0003,,,,,,,
bob,0,28830260,632,0.0008,0.0076,0.7000000000000001,,-0.9998,0.3947,0.0003,,,,,,,
bob,0,28830260,633,-0.0042,0.0074,0.66,,-0.9998,0.3945,0.0003,,,,,,,
bob,0,28830260,634,-0.0042,0.0072,0.66,,-0.9998,0.3943,0.0003,,,,,,,
bob,0,28830260,635,-0.0034,0.0073,0.6799999999999999,,-0.9998,0.3942,0.0003,,,,,,,
bob,0,28830260,636,-0.003,0.0067,0.64,,-0.9998,0.394,0.0003,,,,,,,
bob,0,28830260,637,-0.0022,0.007,0.66,,-0.9998,0.3938,0.0003,,,,,,,
bob,0,28830260,638,0.0031,0.0071,0.66,,-0.9998,0.3937,0.0003,,,,,,,
bob,0,28830260,639,-0.001,0.008,0.72,,-0.9998,0.3935,0.0003,,,,,,,
bob,0,28830260,640,-0.0049,0.0082,0.7000000000000001,,-0.9998,0.3933,0.0003,,,,,,,
bob,0,28830260,641,-0.0002,0.008,0.6799999999999999,,-0.9998,0.3932,0.0003,,,,,,,
bob,0,28830260,642,0.001,0.0081,0.7000000000000001,,-0.9998,0.393,0.0003,,,,,,,
bob,0,28830260,643,-0.0002,0.0111,0.66,,-0.9998,0.3928,0.0003,,,,,,,
bob,0,28830260,644,0.0003,0.0072,0.66,,-0.9998,0.3927,0.0003,,,,,,,
bob,0,28830260,645,-0.0002,0.0077,0.7000000000000001,,-0.9998,0.3925,0.0003,,,,,,,
bob,0,28830260,646,-0.0017,0.0073,0.6799999999999999,,-0.9998,0.3923,0.0003,,,,,,,
bob,0,28830260,647,0.0001,0.0074,0.64,,-0.9998,0.3922,0.0003,,,,,,,
bob,0,28830260,648,-0.0014,0.0076,0.6799999999999999,,-0.9998,0.392,0.0003,,,,,,,
bob,0,28830260,649,-0.0005,0.0097,0.7000000000000001,,-0.9999,0.3918,0.0003,,,,,,,
bob,0,28830260,650,0.0009,0.0075,0.6799999999999999,,-0.9998,0.3917,0.0003,,,,,,,
bob,0,28830260,651,-0.0038,0.0078,0.7000000000000001,,-0.9998,0.3915,0.0003,,,,,,,
bob,0,28830260,652,-0.0025,0.0073,0.66,,-0.9998,0.3913,0.0003,,,,,,,
bob,0,28830260,653,0.003,0.0078,0.6799999999999999,,-0.9998,0.3912,0.0003,,,,,,,
bob,0,28830260,654,0.0012,0.0074,0.6799999999999999,,-0.9998,0.391,0.0003,,,,,,,
bob,0,28830260,655,0.0008,0.0076,0.7000000000000001,,-0.9998,0.3908,0.0003,,,,,,,
bob,0,28830260,656,-0.0011,0.0115,0.72,,-0.9998,0.3907,0.0003,,,,,,,
bob,0,28830260,657,0.0036,0.0076,0.7000000000000001,,-0.9998,0.3905,0.0003,,,,,,,
bob,0,28830260,658,-0.0014,0.0071,0.6799999999999999,,-0.9998,0.3903,0.0003,,,,,,,
bob,0,28830260,659,-0.0002,0.0077,0.6799999999999999,,-0.9998,0.3902,0.0003,,,,,,,
bob,0,28830260,660,-0.0018,0.0083,0.66,,-0.9998,0.39,0.0003,,,,,,,
bob,0,28830260,661,0.0008,0.0077,0.6799999999999999,,-0.9998,0.3898,0.0003,,,,,,,
bob,0,28830260,662,0.0009,0.0075,0.7000000000000001,,-0.9998,0.3897,0.0003,,,,,,,
bob,0,28830260,663,-0.0019,0.0079,0.6799999999999999,,-0.9998,0.3895,0.0003,,,,,,,
bob,0,28830260,664,0.0018,0.0075,0.6799999999999999,,-0.9998,0.3893,0.0003,,,,,,,
bob,0,28830260,665,-0.0001,0.0077,0.6799999999999999,,-0.9998,0.3892,0.0003,,,,,,,
bob,0,28830260,666,-0.0009,0.0088,0.6799999999999999,,-0.9998,0.389,0.0003,,,,,,,
bob,0,28830260,667,0.0008,0.0071,0.66,,-0.9998,0.3888,0.0003,,,,,,,
bob,0,28830260,668,-0.0015,0.0076,0.6799999999999999,,-0.9999,0.3887,0.0003,,,,,,,
bob,0,28830260,669,0.0021,0.0073,0.6799999999999999,,-0.9998,0.3885,0.0003,,,,,,,
bob,0,28830260,670,-0.0029,0.007,0.66,,-0.9998,0.3883,0.0003,,,,,,,
bob,0,28830260,671,-0.0013,0.0075,0.6799999999999999,,-0.9998,0.3882,0.0003,,,,,,,
bob,0,28830260,672,-0.0024,0.008,0.7000000000000001,,-0.9998,0.388,0.0003,,,,,,,
bob,0,28830260,673,-0.0031,0.0069,0.6799999999999999,,-0.9998,0.3878,0.0003,,,,,,,
bob,0,28830260,674,-0.0008,0.0076,0.72,,-0.9999,0.3877,0.0003,,,,,,,
bob,0,28830260,675,-0.0017,0.0077,0.6799999999999999,,-0.9998,0.3875,0.0003,,,,,,,
bob,0,28830260,676,-0.0019,0.0073,0.66,,-0.9998,0.3873,0.0003,,,,,,,
bob,0,28830260,677,-0.0008,0.0074,0.66,,-0.9998,0.3872,0.0003,,,,,,,
bob,0,28830260,678,-0.0002,0.0072,0.66,,-0.9998,0.387,0.0003,,,,,,,
bob,0,28830260,679,0.0004,0.007,0.66,,-0.9998,0.3868,0.0003,,,,,,,
bob,0,28830260,680,0.0009,0.0075,0.7000000000000001,,-0.9998,0.3867,0.0003,,,,,,,
bob,0,28830260,681,0.003,0.0079,0.72,,-0.9998,0.3865,0.0003,,,,,,,
bob,0,28830260,682,0.0023,0.0073,0.6799999999999999,,-0.9998,0.3863,0.0003,,,,,,,
bob,0,28830260,683,0.0007,0.0076,0.6799999999999999,,-0.9998,0.3862,0.0003,,,,,,,
bob,0,28830260,684,0.0046,0.008,0.72,,-0.9999,0.386,0.0003,,,,,,,
bob,0,28830260,685,0.0025,0.007,0.66,,-0.9998,0.3858,0.0003,,,,,,,
bob,0,28830260,686,0.0014,0.0084,0.7000000000000001,,-0.9998,0.3857,0.0003,,,,,,,
bob,0,28830260,687,-0.0005,0.008,0.6799999999999999,,-0.9998,0.3855,0.0003,,,,,,,
bob,0,28830260,688,-0.0001,0.0128,0.72,,-0.9998,0.3853,0.0003,,,,,,,
bob,0,28830260,689,-0.0022,0.0081,0.7000000000000001,,-0.9998,0.3852,0.0003,,,,,,,
bob,0,28830260,690,-0.003,0.0075,0.72,,-0.9998,0.385,0.0003,,,,,,,
bob,0,28830260,691,-0.0081,0.0077,0.6799999999999999,,-0.9998,0.3848,0.0003,,,,,,,
bob,0,28830260,692,-0.0039,0.0079,0.7000000000000001,,-0.9998,0.3847,0.0003,,,,,,,
bob,0,28830260,693,-0.0002,0.0076,0.6799999999999999,,-0.9998,0.3845,0.0003,,,,,,,
bob,0,28830260,694,-0.0002,0.0082,0.72,,-0.9998,0.3843,0.0003,,,,,,,
bob,0,28830260,695,-0.003,0.0078,0.7000000000000001,,-0.9998,0.3842,0.0003,,,,,,,
bob,0,28830260,696,-0.0015,0.008,0.7000000000000001,,-0.9998,0.384,0.0003,,,,,,,
bob,0,28830260,697,-0.0002,0.0079,0.6799999999999999,,-0.9998,0.3838,0.0003,,,,,,,
bob,0,28830260,698,-0.001,0.0085,0.7000000000000001,,-0.9998,0.3837,0.0003,,,,,,,
bob,0,28830260,699,0.0002,0.0085,0.7000000000000001,,-0.9998,0.3835,0.0003,,,,,,,
bob,0,28830260,700,0.0004,0.0079,0.7000000000000001,,-0.9998,0.3833,0.0003,,,,,,,
bob,0,28830260,701,0.0004,0.0079,0.6799999999999999,,-0.9998,0.3832,0.0003,,,,,,,
bob,0,28830260,702,0.0,0.0082,0.72,,-0.9998,0.383,0.0003,,,,,,,
bob,0,28830260,703,0.0021,0.0079,0.66,,-0.9998,0.3828,0.0003,,,,,,,
bob,0,28830260,704,0.0029,0.0085,0.6799999999999999,,-0.9998,0.3827,0.0003,,,,,,,
bob,0,28830260,705,0.0059,0.0071,0.66,,-0.9999,0.3825,0.0003,,,,,,,
bob,0,28830260,706,0.0009,0.0072,0.66,,-0.9998,0.3823,0.0003,,,,,,,
bob,0,28830260,707,-0.0012,0.0077,0.6799999999999999,,-0.9998,0.3822,0.0003,,,,,,,
bob,0,28830260,708,0.0013,0.0076,0.6799999999999999,,-0.9998,0.382,0.0003,,,,,,,
bob,0,28830260,709,-0.0033,0.0077,0.7000000000000001,,-0.9998,0.3818,0.0003,,,,,,,
bob,0,28830260,710,-0.001,0.0074,0.6799999999999999,,-0.9998,0.3817,0.0003,,,,,,,
bob,0,28830260,711,-0.0016,0.0078,0.6799999999999999,,-0.9998,0.3815,0.0003,,,,,,,
bob,0,28830260,712,-0.0006,0.0082,0.72,,-0.9998,0.3813,0.0003,,,,,,,
bob,0,28830260,713,-0.0015,0.0087,0.72,,-0.9998,0.3812,0.0003,,,,,,,
bob,0,28830260,714,-0.0006,0.0081,0.74,,-0.9998,0.381,0.0003,,,,,,,
bob,0,28830260,715,-0.0004,0.0076,0.6799999999999999,,-0.9998,0.3808,0.0003,,,,,,,
bob,0,28830260,716,-0.0007,0.0081,0.6799999999999999,,-0.9999,0.3807,0.0003,,,,,,,
bob,0,28830260,717,0.0018,0.0076,0.7000000000000001,,-0.9998,0.3805,0.0003,,,,,,,
bob,0,28830260,718,0.002,0.0076,0.7000000000000001,,-0.9998,0.3803,0.0003,,,,,,,
bob,0,28830260,719,-0.0008,0.0079,0.7000000000000001,,-0.9998,0.3802,0.0003,,,,,,,
bob,0,28830260,720,-0.0002,0.0079,0.72,,-0.9998,0.38,0.0003,,,,,,,
bob,0,28830260,721,-0.0002,0.0081,0.7000000000000001,,-0.9998,0.3798,0.0003,,,,,,,
bob,0,28830260,722,-0.0014,0.0075,0.6799999999999999,,-0.9998,0.3797,0.0003,,,,,,,
bob,0,28830260,723,0.001,0.0079,0.7000000000000001,,-0.9998,0.3795,0.0003,,,,,,,
bob,0,28830260,724,-0.0002,0.0073,0.66,,-0.9998,0.3793,0.0003,,,,,,,
bob,0,28830260,725,-0.0005,0.0076,0.6799999999999999,,-0.9998,0.3792,0.0003,,,,,,,
bob,0,28830260,726,-0.0009,0.0082,0.7000000000000001,,-0.9998,0.379,0.0003,,,,,,,
bob,0,28830260,727,-0.0012,0.0079,0.7000000000000001,,-0.9998,0.3788,0.0003,,,,,,,
bob,0,28830260,728,-0.0028,0.008,0.72,,-0.9998,0.3787,0.0003,,,,,,,
bob,0,28830260,729,-0.0018,0.0077,0.6799999999999999,,-0.9998,0.3785,0.0003,,,,,,,
bob,0,28830260,730,-0.0014,0.0078,0.7000000000000001,,-0.9998,0.3783,0.0003,,,,,,,
bob,0,28830260,731,-0.0007,0.0078,0.7000000000000001,,-0.9998,0.3782,0.0003,,,,,,,
bob,0,28830260,732,-0.0012,0.0081,0.6799999999999999,,-0.9998,0.378,0.0003,,,,,,,
bob,0,28830260,733,-0.0002,0.0077,0.6799999999999999,,-0.9998,0.3778,0.0003,,,,,,,
bob,0,28830260,734,-0.0003,0.0079,0.6799999999999999,,-0.9998,0.3777,0.0003,,,,,,,
bob,0,28830260,735,-0.0037,0.0074,0.7000000000000001,,-0.9998,0.3775,0.0003,,,,,,,
bob,0,28830260,736,-0.0039,0.0085,0.72,,-0.9998,0.3773,0.0003,,,,,,,
bob,0,28830260,737,-0.0017,0.0092,0.6799999999999999,,-0.9998,0.3772,0.0003,,,,,,,
bob,0,28830260,738,-0.0024,0.0077,0.7000000000000001,,-0.9998,0.377,0.0003,,,,,,,
bob,0,28830260,739,-0.0021,0.0072,0.6799999999999999,,-0.9998,0.3768,0.0003,,,,,,,
bob,0,28830260,740,0.0009,0.0074,0.6799999999999999,,-0.9998,0.3767,0.0003,,,,,,,
bob,0,28830260,741,0.0008,0.0079,0.72,,-0.9998,0.3765,0.0003,,,,,,,
bob,0,28830260,742,-0.0021,0.0078,0.6799999999999999,,-0.9998,0.3763,0.0003,,,,,,,
bob,0,28830260,743,-0.0013,0.0075,0.6799999999999999,,-0.9998,0.3762,0.0003,,,,,,,
bob,0,28830260,744,0.0009,0.0078,0.6799999999999999,,-0.9998,0.376,0.0003,,,,,,,
bob,0,28830260,745,-0.0007,0.0087,0.7000000000000001,,-0.9998,0.3758,0.0003,,,,,,,
bob,0,28830260,746,-0.0004,0.008,0.7000000000000001,,-0.9998,0.3757,0.0003,,,,,,,
bob,0,28830260,747,0.0011,0.0074,0.6799999999999999,,-0.9998,0.3755,0.0003,,,,,,,
bob,0,28830260,748,-0.0034,0.008,0.7000000000000001,,-0.9998,0.3753,0.0003,,,,,,,
bob,0,28830260,749,-0.0024,0.0098,0.7000000000000001,,-0.9998,0.3752,0.0003,,,,,,,
bob,0,28830260,750,0.0009,0.0077,0.7000000000000001,,-0.9998,0.375,0.0003,,,,,,,
bob,0,28830260,751,0.0021,0.0076,0.7000000000000001,,-0.9998,0.3748,0.0003,,,,,,,
bob,0,28830260,752,0.0012,0.0115,0.6799999999999999,,-0.9998,0.3747,0.0003,,,,,,,
bob,0,28830260,753,0.0007,0.0072,0.6799999999999999,,-0.9998,0.3745,0.0003,,,,,,,
bob,0,28830260,754,0.0013,0.0073,0.6799999999999999,,-0.9998,0.3743,0.0003,,,,,,,
bob,0,28830260,755,0.0002,0.0081,0.7000000000000001,,-0.9998,0.3742,0.0003,,,,,,,
bob,0,28830260,756,0.0004,0.0075,0.7000000000000001,,-0.9998,0.374,0.0003,,,,,,,
bob,0,28830260,757,-0.0004,0.0078,0.7000000000000001,,-0.9998,0.3738,0.0003,,,,,,,
bob,0,28830260,758,0.0001,0.0082,0.6799999999999999,,-0.9999,0.3737,0.0003,,,,,,,
bob,0,28830260,759,0.0008,0.0082,0.6799999999999999,,-0.9998,0.3735,0.0003,,,,,,,
bob,0,28830260,760,0.0003,0.0119,0.7000000000000001,,-0.9998,0.3733,0.0003,,,,,,,
bob,0,28830260,761,0.0026,0.0077,0.66,,-0.9998,0.3732,0.0003,,,,,,,
bob,0,28830260,762,0.0005,0.0081,0.66,,-0.9998,0.373,0.0003,,,,,,,
bob,0,28830260,763,-0.0012,0.008,0.7000000000000001,,-0.9998,0.3728,0.0003,,,,,,,
bob,0,28830260,764,0.0013,0.0076,0.6799999999999999,,-0.9998,0.3727,0.0003,,,,,,,
bob,0,28830260,765,0.0033,0.0078,0.7000000000000001,,-0.9998,0.3725,0.0003,,,,,,,
bob,0,28830260,766,0.0016,0.0074,0.66,,-0.9998,0.3723,0.0003,,,,,,,
bob,0,28830260,767,0.0008,0.0081,0.7000000000000001,,-0.9998,0.3722,0.0003,,,,,,,
bob,0,28830260,768,0.0007,0.0081,0.6799999999999999,,-0.9998,0.372,0.0003,,,,,,,
bob,0,28830260,769,-0.0011,0.0075,0.6799999999999999,,-0.9998,0.3718,0.0003,,,,,,,
bob,0,28830260,770,-0.0009,0.008,0.7000000000000001,,-0.9998,0.3717,0.0003,,,,,,,
bob,0,28830260,771,-0.0017,0.0077,0.7000000000000001,,-0.9998,0.3715,0.0003,,,,,,,
bob,0,28830260,772,-0.0026,0.0079,0.7000000000000001,,-0.9998,0.3713,0.0003,,,,,,,
bob,0,28830260,773,-0.0014,0.0077,0.6799999999999999,,-0.9998,0.3712,0.0003,,,,,,,
bob,0,28830260,774,0.001,0.0077,0.6799999999999999,,-0.9998,0.371,0.0003,,,,,,,
bob,0,28830260,775,0.0027,0.008,0.6799999999999999,,-0.9998,0.3708,0.0003,,,,,,,
bob,0,28830260,776,0.0005,0.0078,0.6799999999999999,,-0.9998,0.3707,0.0003,,,,,,,
bob,0,28830260,777,-0.0033,0.0081,0.7000000000000001,,-0.9998,0.3705,0.0003,,,,,,,
bob,0,28830260,778,-0.001,0.0082,0.72,,-0.9998,0.3703,0.0003,,,,,,,
bob,0,28830260,779,-0.0011,0.0071,0.6799999999999999,,-0.9998,0.3702,0.0002,,,,,,,
bob,0,28830260,780,-0.0022,0.0073,0.6799999999999999,,-0.9998,0.37,0.0002,,,,,,,
bob,0,28830260,781,-0.0007,0.0117,0.72,,-0.9998,0.3698,0.0002,,,,,,,
bob,0,28830260,782,-0.0008,0.0075,0.66,,-0.9998,0.3697,0.0002,,,,,,,
bob,0,28830260,783,-0.0002,0.0087,0.72,,-0.9998,0.3695,0.0002,,,,,,,
bob,0,28830260,784,-0.0009,0.0111,0.7000000000000001,,-0.9998,0.3693,0.0002,,,,,,,
bob,0,28830260,785,0.0009,0.0081,0.7000000000000001,,-0.9998,0.3692,0.0002,,,,,,,
bob,0,28830260,786,-0.0013,0.0079,0.6799999999999999,,-0.9998,0.369,0.0002,,,,,,,
bob,0,28830260,787,0.0005,0.009,0.72,,-0.9998,0.3688,0.0003,,,,,,,
bob,0,28830260,788,0.0018,0.0078,0.6799999999999999,,-0.9998,0.3687,0.0002,,,,,,,
bob,0,28830260,789,0.0012,0.0079,0.7000000000000001,,-0.9998,0.3685,0.0002,,,,,,,
bob,0,28830260,790,0.0009,0.0081,0.6799999999999999,,-0.9998,0.3683,0.0002,,,,,,,
bob,0,28830260,791,-0.0013,0.0082,0.7000000000000001,,-0.9998,0.3682,0.0002,,,,,,,
bob,0,28830260,792,-0.0028,0.0086,0.7000000000000001,,-0.9998,0.368,0.0002,,,,,,,
bob,0,28830260,793,0.002,0.0073,0.66,,-0.9998,0.3678,0.0002,,,,,,,
bob,0,28830260,794,0.0007,0.0073,0.66,,-0.9998,0.3677,0.0002,,,,,,,
bob,0,28830260,795,0.0002,0.0079,0.6799999999999999,,-0.9998,0.3675,0.0002,,,,,,,
bob,0,28830260,796,-0.0004,0.012,0.7000000000000001,,-0.9998,0.3673,0.0003,,,,,,,
bob,0,28830260,797,0.0009,0.0097,0.6799999999999999,,-0.9998,0.3672,0.0003,,,,,,,
bob,0,28830260,798,-0.0015,0.0077,0.6799999999999999,,-0.9998,0.367,0.0003,,,,,,,
bob,0,28830260,799,-0.001,0.0077,0.7000000000000001,,-0.9998,0.3668,0.0003,,,,,,,
bob,0,28830260,800,-0.0001,0.008,0.7000000000000001,,-0.9998,0.3667,0.0003,,,,,,,
bob,0,28830260,801,0.0004,0.0078,0.6799999999999999,,-0.9998,0.3665,0.0003,,,,,,,
bob,0,28830260,802,0.0015,0.0078,0.7000000000000001,,-0.9998,0.3663,0.0002,,,,,,,
bob,0,28830260,803,0.0028,0.0089,0.7000000000000001,,-0.9998,0.3662,0.0003,,,,,,,
bob,0,28830260,804,0.0011,0.0085,0.74,,-0.9998,0.366,0.0003,,,,,,,
bob,0,28830260,805,0.0028,0.0084,0.74,,-0.9998,0.3658,0.0003,,,,,,,
bob,0,28830260,806,0.0038,0.0073,0.72,,-0.9998,0.3657,0.0003,,,,,,,
bob,0,28830260,807,0.0014,0.008,0.7000000000000001,,-0.9998,0.3655,0.0002,,,,,,,
bob,0,28830260,808,0.0024,0.0081,0.74,,-0.9998,0.3653,0.0002,,,,,,,
bob,0,28830260,809,0.0066,0.0081,0.72,,-0.9998,0.3652,0.0002,,,,,,,
bob,0,28830260,810,0.0047,0.0078,0.7000000000000001,,-0.9998,0.365,0.0002,,,,,,,
bob,0,28830260,811,0.0034,0.0082,0.72,,-0.9998,0.3648,0.0002,,,,,,,
bob,0,28830260,812,0.0007,0.0077,0.7000000000000001,,-0.9998,0.3647,0.0002,,,,,,,
bob,0,28830260,813,0.0027,0.0079,0.7000000000000001,,-0.9998,0.3645,0.0002,,,,,,,
bob,0,28830260,814,0.0032,0.008,0.6799999999999999,,-0.9998,0.3643,0.0002,,,,,,,
bob,0,28830260,815,-0.0039,0.0083,0.7000000000000001,,-0.9998,0.3642,0.0002,,,,,,,
bob,0,28830260,816,-0.0052,0.0078,0.6799999999999999,,-0.9999,0.364,0.0002,,,,,,,
bob,0,28830260,817,-0.0016,0.0078,0.7000000000000001,,-0.9998,0.3638,0.0002,,,,,,,
bob,0,28830260,818,-0.0017,0.0076,0.7000000000000001,,-0.9998,0.3637,0.0002,,,,,,,
bob,0,28830260,819,-0.0012,0.0085,0.72,,-0.9998,0.3635,0.0002,,,,,,,
bob,0,28830260,820,0.0004,0.0082,0.72,,-0.9998,0.3633,0.0002,,,,,,,
bob,0,28830260,821,0.0023,0.0078,0.7000000000000001,,-0.9998,0.3632,0.0002,,,,,,,
bob,0,28830260,822,0.0024,0.0082,0.72,,-0.9998,0.363,0.0002,,,,,,,
bob,0,28830260,823,0.0001,0.0084,0.72,,-0.9998,0.3628,0.0002,,,,,,,
bob,0,28830260,824,0.0001,0.0081,0.7000000000000001,,-0.9998,0.3627,0.0002,,,,,,,
bob,0,28830260,825,-0.0007,0.0079,0.6799999999999999,,-0.9998,0.3625,0.0002,,,,,,,
bob,0,28830260,826,-0.0038,0.0076,0.6799999999999999,,-0.9998,0.3623,0.0003,,,,,,,
bob,0,28830260,827,-0.0027,0.0081,0.66,,-0.9999,0.3622,0.0002,,,,,,,
bob,0,28830260,828,-0.0007,0.0081,0.6799999999999999,,-0.9998,0.362,0.0002,,,,,,,
bob,0,28830260,829,0.0017,0.0075,0.6799999999999999,,-0.9998,0.3618,0.0002,,,,,,,
bob,0,28830260,830,0.0,0.0083,0.72,,-0.9998,0.3617,0.0002,,,,,,,
bob,0,28830260,831,0.0022,0.008,0.6799999999999999,,-0.9998,0.3615,0.0002,,,,,,,
bob,0,28830260,832,0.0013,0.0083,0.74,,-0.9998,0.3613,0.0002,,,,,,,
bob,0,28830260,833,0.001,0.0079,0.72,,-0.9999,0.3612,0.0002,,,,,,,
bob,0,28830260,834,-0.001,0.0083,0.72,,-0.9998,0.361,0.0002,,,,,,,
bob,0,28830260,835,-0.0018,0.008,0.72,,-0.9998,0.3608,0.0002,,,,,,,
bob,0,28830260,836,-0.0013,0.0084,0.72,,-0.9998,0.3607,0.0002,,,,,,,
bob,0,28830260,837,-0.0017,0.0078,0.7000000000000001,,-0.9998,0.3605,0.0002,,,,,,,
bob,0,28830260,838,0.0007,0.0085,0.7000000000000001,,-0.9998,0.3603,0.0002,,,,,,,
bob,0,28830260,839,-0.0027,0.0082,0.7000000000000001,,-0.9998,0.3602,0.0002,,,,,,,
bob,0,28830260,840,-0.0016,0.008,0.74,,-0.9998,0.36,0.0002,,,,,,,
bob,0,28830260,841,-0.0016,0.008,0.72,,-0.9998,0.3598,0.0002,,,,,,,
bob,0,28830260,842,-0.0017,0.0077,0.7000000000000001,,-0.9998,0.3597,0.0002,,,,,,,
bob,0,28830260,843,0.0002,0.0088,0.72,,-0.9998,0.3595,0.0002,,,,,,,
bob,0,28830260,844,-0.0031,0.0078,0.72,,-0.9998,0.3593,0.0002,,,,,,,
bob,0,28830260,845,-0.0025,0.008,0.6799999999999999,,-0.9998,0.3592,0.0002,,,,,,,
bob,0,28830260,846,-0.0082,0.0081,0.6799999999999999,,-0.9999,0.359,0.0002,,,,,,,
bob,0,28830260,847,-0.0038,0.0091,0.7000000000000001,,-0.9998,0.3588,0.0002,,,,,,,
bob,0,28830260,848,-0.0044,0.0074,0.6799999999999999,,-0.9998,0.3587,0.0002,,,,,,,
bob,0,28830260,849,-0.0015,0.0078,0.7000000000000001,,-0.9998,0.3585,0.0002,,,,,,,
bob,0,28830260,850,-0.0023,0.0083,0.72,,-0.9998,0.3583,0.0002,,,,,,,
bob,0,28830260,851,0.0019,0.0088,0.6799999999999999,,-0.9998,0.3582,0.0002,,,,,,,
bob,0,28830260,852,0.0021,0.007,0.6799999999999999,,-0.9998,0.358,0.0002,,,,,,,
bob,0,28830260,853,0.0027,0.008,0.72,,-0.9998,0.3578,0.0002,,,,,,,
bob,0,28830260,854,0.0014,0.0074,0.7000000000000001,,-0.9998,0.3577,0.0002,,,,,,,
bob,0,28830260,855,0.0014,0.0076,0.6799999999999999,,-0.9998,0.3575,0.0002,,,,,,,
bob,0,28830260,856,0.0015,0.0083,0.72,,-0.9998,0.3573,0.0002,,,,,,,
bob,0,28830260,857,0.0031,0.0081,0.72,,-0.9998,0.3572,0.0002,,,,,,,
bob,0,28830260,858,0.0014,0.0083,0.74,,-0.9998,0.357,0.0002,,,,,,,
bob,0,28830260,859,0.0021,0.0082,0.72,,-0.9998,0.3568,0.0002,,,,,,,
bob,0,28830260,860,-0.0008,0.0083,0.74,,-0.9998,0.3567,0.0002,,,,,,,
bob,0,28830260,861,-0.0027,0.0083,0.72,,-0.9998,0.3565,0.0002,,,,,,,
bob,0,28830260,862,-0.0017,0.008,0.7000000000000001,,-0.9998,0.3563,0.0002,,,,,,,
bob,0,28830260,863,-0.0005,0.0083,0.72,,-0.9998,0.3562,0.0002,,,,,,,
bob,0,28830260,864,0.0041,0.0076,0.7000000000000001,,-0.9998,0.356,0.0002,,,,,,,
bob,0,28830260,865,-0.0006,0.0078,0.74,,-0.9998,0.3558,0.0002,,,,,,,
bob,0,28830260,866,0.0005,0.0076,0.7000000000000001,,-0.9998,0.3557,0.0002,,,,,,,
bob,0,28830260,867,-0.0008,0.0079,0.7000000000000001,,-0.9998,0.3555,0.0002,,,,,,,
bob,0,28830260,868,-0.0,0.0083,0.7000000000000001,,-0.9998,0.3553,0.0002,,,,,,,
bob,0,28830260,869,-0.0028,0.0086,0.72,,-0.9998,0.3552,0.0002,,,,,,,
bob,0,28830260,870,-0.0042,0.0084,0.74,,-0.9998,0.355,0.0002,,,,,,,
bob,0,28830260,871,-0.0045,0.0081,0.7000000000000001,,-0.9998,0.3548,0.0002,,,,,,,
bob,0,28830260,872,-0.0024,0.0079,0.7000000000000001,,-0.9998,0.3547,0.0002,,,,,,,
bob,0,28830260,873,-0.0001,0.008,0.7000000000000001,,-0.9998,0.3545,0.0002,,,,,,,
bob,0,28830260,874,0.0028,0.0082,0.7000000000000001,,-0.9998,0.3543,0.0002,,,,,,,
bob,0,28830260,875,0.0036,0.0086,0.74,,-0.9999,0.3542,0.0002,,,,,,,
bob,0,28830260,876,0.0007,0.0082,0.72,,-0.9998,0.354,0.0002,,,,,,,
bob,0,28830260,877,0.0014,0.0087,0.72,,-0.9998,0.3538,0.0002,,,,,,,
bob,0,28830260,878,-0.0006,0.008,0.6799999999999999,,-0.9998,0.3537,0.0002,,,,,,,
bob,0,28830260,879,-0.0019,0.0076,0.7000000000000001,,-0.9998,0.3535,0.0002,,,,,,,
bob,0,28830260,880,-0.0018,0.0078,0.7000000000000001,,-0.9998,0.3533,0.0002,,,,,,,
bob,0,28830260,881,-0.0019,0.0085,0.72,,-0.9998,0.3532,0.0002,,,,,,,
bob,0,28830260,882,0.0001,0.0082,0.7000000000000001,,-0.9998,0.353,0.0002,,,,,,,
bob,0,28830260,883,0.0003,0.0079,0.7000000000000001,,-0.9998,0.3528,0.0002,,,,,,,
bob,0,28830260,884,0.0004,0.0078,0.7000000000000001,,-0.9998,0.3527,0.0002,,,,,,,
bob,0,28830260,885,-0.0027,0.0078,0.7000000000000001,,-0.9998,0.3525,0.0002,,,,,,,
bob,0,28830260,886,-0.0006,0.0118,0.7000000000000001,,-0.9998,0.3523,0.0002,,,,,,,
bob,0,28830260,887,-0.0012,0.0078,0.6799999999999999,,-0.9999,0.3522,0.0002,,,,,,,
bob,0,28830260,888,0.0001,0.0085,0.7000000000000001,,-0.9999,0.352,0.0002,,,,,,,
bob,0,28830260,889,0.0009,0.0078,0.6799999999999999,,-0.9998,0.3518,0.0002,,,,,,,
bob,0,28830260,890,0.0007,0.0077,0.6799999999999999,,-0.9998,0.3517,0.0002,,,,,,,
bob,0,28830260,891,0.003,0.0077,0.6799999999999999,,-0.9998,0.3515,0.0002,,,,,,,
bob,0,28830260,892,0.0047,0.0073,0.66,,-0.9998,0.3513,0.0002,,,,,,,
bob,0,28830260,893,0.0021,0.009,0.72,,-0.9998,0.3512,0.0002,,,,,,,
bob,0,28830260,894,0.0,0.0095,0.72,,-0.9998,0.351,0.0002,,,,,,,
bob,0,28830260,895,0.0012,0.008,0.6799999999999999,,-0.9998,0.3508,0.0002,,,,,,,
bob,0,28830260,896,-0.0012,0.0087,0.7000000000000001,,-0.9998,0.3507,0.0002,,,,,,,
bob,0,28830260,897,0.0021,0.0078,0.6799999999999999,,-0.9998,0.3505,0.0002,,,,,,,
bob,0,28830260,898,0.0041,0.0089,0.74,,-0.9998,0.3503,0.0002,,,,,,,
bob,0,28830260,899,0.0027,0.0079,0.72,,-0.9999,0.3502,0.0002,,,,,,,
bob,0,28830260,900,0.0017,0.0078,0.7000000000000001,,-0.9998,0.35,0.0002,,,,,,,
bob,0,28830260,901,-0.0008,0.0081,0.74,,-0.9998,0.3498,0.0002,,,,,,,
bob,0,28830260,902,0.0001,0.0078,0.7000000000000001,,-0.9998,0.3497,0.0002,,,,,,,
bob,0,28830260,903,-0.0015,0.0078,0.72,,-0.9998,0.3495,0.0002,,,,,,,
bob,0,28830260,904,-0.0018,0.0079,0.7000000000000001,,-0.9998,0.3493,0.0002,,,,,,,
bob,0,28830260,905,-0.0037,0.008,0.72,,-0.9998,0.3492,0.0002,,,,,,,
bob,0,28830260,906,0.0002,0.0084,0.6799999999999999,,-0.9998,0.349,0.0002,,,,,,,
bob,0,28830260,907,-0.0008,0.0077,0.6799999999999999,,-0.9998,0.3488,0.0002,,,,,,,
bob,0,28830260,908,0.0005,0.0076,0.72,,-0.9998,0.3487,0.0002,,,,,,,
bob,0,28830260,909,-0.0005,0.0079,0.72,,-0.9998,0.3485,0.0002,,,,,,,
bob,0,28830260,910,0.0,0.0083,0.72,,-0.9998,0.3483,0.0002,,,,,,,
bob,0,28830260,911,0.0019,0.0078,0.7000000000000001,,-0.9998,0.3482,0.0002,,,,,,,
bob,0,28830260,912,-0.0019,0.0072,0.6799999999999999,,-0.9998,0.348,0.0002,,,,,,,
bob,0,28830260,913,0.0017,0.008,0.7000000000000001,,-0.9999,0.3478,0.0002,,,,,,,
bob,0,28830260,914,0.0037,0.0083,0.72,,-0.9998,0.3477,0.0002,,,,,,,
bob,0,28830260,915,0.003,0.0083,0.7000000000000001,,-0.9998,0.3475,0.0002,,,,,,,
bob,0,28830260,916,0.0022,0.0074,0.6799999999999999,,-0.9998,0.3473,0.0002,,,,,,,
bob,0,28830260,917,0.0016,0.0084,0.7000000000000001,,-0.9999,0.3472,0.0002,,,,,,,
bob,0,28830260,918,0.0021,0.0076,0.7000000000000001,,-0.9998,0.347,0.0002,,,,,,,
bob,0,28830260,919,0.0008,0.0086,0.72,,-0.9998,0.3468,0.0002,,,,,,,
bob,0,28830260,920,0.0011,0.0086,0.72,,-0.9999,0.3467,0.0002,,,,,,,
bob,0,28830260,921,0.0003,0.0081,0.7000000000000001,,-0.9999,0.3465,0.0002,,,,,,,
bob,0,28830260,922,0.002,0.0077,0.6799999999999999,,-0.9998,0.3463,0.0002,,,,,,,
bob,0,28830260,923,0.0011,0.008,0.7000000000000001,,-0.9998,0.3462,0.0002,,,,,,,
bob,0,28830260,924,-0.0021,0.0085,0.7000000000000001,,-0.9999,0.346,0.0002,,,,,,,
bob,0,28830260,925,-0.0022,0.0087,0.74,,-0.9998,0.3458,0.0002,,,,,,,
bob,0,28830260,926,-0.0008,0.0085,0.74,,-0.9998,0.3457,0.0002,,,,,,,
bob,0,28830260,927,0.0026,0.0085,0.72,,-0.9998,0.3455,0.0002,,,,,,,
bob,0,28830260,928,0.0021,0.0088,0.74,,-0.9998,0.3453,0.0002,,,,,,,
bob,0,28830260,929,0.0011,0.0087,0.72,,-0.9998,0.3452,0.0002,,,,,,,
bob,0,28830260,930,0.003,0.0093,0.76,,-0.9998,0.345,0.0002,,,,,,,
bob,0,28830260,931,0.0008,0.008,0.72,,-0.9998,0.3448,0.0002,,,,,,,
bob,0,28830260,932,0.0002,0.0081,0.72,,-0.9998,0.3447,0.0002,,,,,,,
bob,0,28830260,933,-0.0063,0.0084,0.74,,-0.9998,0.3445,0.0002,,,,,,,
bob,0,28830260,934,-0.0025,0.0081,0.72,,-0.9998,0.3443,0.0002,,,,,,,
bob,0,28830260,935,-0.0041,0.0082,0.72,,-0.9998,0.3442,0.0002,,,,,,,
bob,0,28830260,936,-0.0022,0.0084,0.74,,-0.9998,0.344,0.0002,,,,,,,
bob,0,28830260,937,-0.0012,0.0082,0.72,,-0.9998,0.3438,0.0002,,,,,,,
bob,0,28830260,938,-0.0028,0.0086,0.7000000000000001,,-0.9998,0.3437,0.0002,,,,,,,
bob,0,28830260,939,-0.0006,0.008,0.7000000000000001,,-0.9999,0.3435,0.0002,,,,,,,
bob,0,28830260,940,-0.0003,0.0084,0.6799999999999999,,-0.9998,0.3433,0.0002,,,,,,,
bob,0,28830260,941,0.0006,0.0076,0.7000000000000001,,-0.9998,0.3432,0.0002,,,,,,,
bob,0,28830260,942,-0.0011,0.0082,0.74,,-0.9998,0.343,0.0002,,,,,,,
bob,0,28830260,943,-0.0012,0.0081,0.7000000000000001,,-0.9998,0.3428,0.0002,,,,,,,
bob,0,28830260,944,-0.0008,0.008,0.72,,-0.9998,0.3427,0.0002,,,,,,,
bob,0,28830260,945,0.0005,0.0078,0.7000000000000001,,-0.9998,0.3425,0.0002,,,,,,,
bob,0,28830260,946,0.0004,0.0088,0.7000000000000001,,-0.9998,0.3423,0.0002,,,,,,,
bob,0,28830260,947,-0.0024,0.0083,0.72,,-0.9998,0.3422,0.0002,,,,,,,
bob,0,28830260,948,-0.0026,0.0083,0.72,,-0.9998,0.342,0.0002,,,,,,,
bob,0,28830260,949,0.0006,0.008,0.7000000000000001,,-0.9998,0.3418,0.0002,,,,,,,
bob,0,28830260,950,-0.0002,0.0077,0.7000000000000001,,-0.9998,0.3417,0.0002,,,,,,,
bob,0,28830260,951,0.0001,0.0081,0.72,,-0.9999,0.3415,0.0002,,,,,,,
bob,0,28830260,952,0.0012,0.0088,0.72,,-0.9998,0.3413,0.0002,,,,,,,
bob,0,28830260,953,0.0035,0.0077,0.6799999999999999,,-0.9998,0.3412,0.0002,,,,,,,
bob,0,28830260,954,0.0032,0.0077,0.7000000000000001,,-0.9998,0.341,0.0002,,,,,,,
bob,0,28830260,955,0.0008,0.0075,0.66,,-0.9998,0.3408,0.0002,,,,,,,
bob,0,28830260,956,-0.0004,0.0083,0.74,,-0.9998,0.3407,0.0002,,,,,,,
bob,0,28830260,957,0.0013,0.008,0.7000000000000001,,-0.9998,0.3405,0.0002,,,,,,,
bob,0,28830260,958,0.0021,0.0077,0.6799999999999999,,-0.9999,0.3403,0.0002,,,,,,,
bob,0,28830260,959,0.0005,0.0079,0.6799999999999999,,-0.9998,0.3402,0.0002,,,,,,,
bob,0,28830260,960,0.0001,0.008,0.7000000000000001,,-0.9999,0.34,0.0002,,,,,,,
bob,0,28830260,961,-0.0003,0.0079,0.7000000000000001,,-0.9998,0.3398,0.0002,,,,,,,
bob,0,28830260,962,-0.0014,0.0078,0.7000000000000001,,-0.9998,0.3397,0.0002,,,,,,,
bob,0,28830260,963,-0.0012,0.0079,0.72,,-0.9998,0.3395,0.0002,,,,,,,
bob,0,28830260,964,0.002,0.0082,0.72,,-0.9998,0.3393,0.0002,,,,,,,
bob,0,28830260,965,0.0021,0.008,0.72,,-0.9998,0.3392,0.0002,,,,,,,
bob,0,28830260,966,0.0007,0.0079,0.7000000000000001,,-0.9998,0.339,0.0002,,,,,,,
bob,0,28830260,967,0.0015,0.011,0.72,,-0.9998,0.3388,0.0002,,,,,,,
bob,0,28830260,968,0.0009,0.008,0.7000000000000001,,-0.9998,0.3387,0.0002,,,,,,,
bob,0,28830260,969,-0.001,0.0085,0.72,,-0.9998,0.3385,0.0002,,,,,,,
bob,0,28830260,970,-0.002,0.0087,0.7000000000000001,,-0.9998,0.3383,0.0002,,,,,,,
bob,0,28830260,971,0.0004,0.0081,0.72,,-0.9999,0.3382,0.0002,,,,,,,
bob,0,28830260,972,0.0056,0.0078,0.6799999999999999,,-0.9998,0.338,0.0002,,,,,,,
bob,0,28830260,973,0.0003,0.0074,0.66,,-0.9998,0.3378,0.0002,,,,,,,
bob,0,28830260,974,-0.0004,0.0085,0.72,,-0.9998,0.3377,0.0002,,,,,,,
bob,0,28830260,975,-0.0019,0.0077,0.6799999999999999,,-0.9998,0.3375,0.0002,,,,,,,
bob,0,28830260,976,-0.004,0.0084,0.72,,-0.9998,0.3373,0.0002,,,,,,,
bob,0,28830260,977,-0.0032,0.0087,0.74,,-0.9998,0.3372,0.0002,,,,,,,
bob,0,28830260,978,-0.0033,0.0089,0.74,,-0.9998,0.337,0.0002,,,,,,,
bob,0,28830260,979,-0.0022,0.0084,0.7000000000000001,,-0.9998,0.3368,0.0002,,,,,,,
bob,0,28830260,980,0.002,0.0083,0.72,,-0.9998,0.3367,0.0002,,,,,,,
bob,0,28830260,981,0.001,0.0081,0.6799999999999999,,-0.9998,0.3365,0.0002,,,,,,,
bob,0,28830260,982,0.0008,0.0081,0.72,,-0.9998,0.3363,0.0002,,,,,,,
bob,0,28830260,983,0.0001,0.0085,0.6799999999999999,,-0.9998,0.3362,0.0002,,,,,,,
bob,0,28830260,984,0.0001,0.0079,0.7000000000000001,,-0.9999,0.336,0.0001,,,,,,,
bob,0,28830260,985,0.0037,0.0089,0.72,,-0.9998,0.3358,0.0001,,,,,,,
bob,0,28830260,986,-0.0,0.0081,0.7000000000000001,,-0.9998,0.3357,0.0001,,,,,,,
bob,0,28830260,987,0.0014,0.0091,0.74,,-0.9998,0.3355,0.0001,,,,,,,
bob,0,28830260,988,0.002,0.0077,0.7000000000000001,,-0.9998,0.3353,0.0001,,,,,,,
bob,0,28830260,989,0.0015,0.0116,0.72,,-0.9998,0.3352,0.0001,,,,,,,
bob,0,28830260,990,0.0023,0.0079,0.7000000000000001,,-0.9999,0.335,0.0001,,,,,,,
bob,0,28830260,991,0.0034,0.0081,0.6799999999999999,,-0.9998,0.3348,0.0001,,,,,,,
bob,0,28830260,992,0.0043,0.0077,0.7000000000000001,,-0.9998,0.3347,0.0001,,,,,,,
bob,0,28830260,993,0.0027,0.0072,0.6799999999999999,,-0.9998,0.3345,0.0001,,,,,,,
bob,0,28830260,994,0.0008,0.0086,0.74,,-0.9998,0.3343,0.0001,,,,,,,
bob,0,28830260,995,0.0021,0.0083,0.74,,-0.9998,0.3342,0.0001,,,,,,,
bob,0,28830260,996,0.003,0.008,0.72,,-0.9998,0.334,0.0001,,,,,,,
bob,0,28830260,997,0.0009,0.0122,0.74,,-0.9998,0.3338,0.0001,,,,,,,
bob,0,28830260,998,-0.0011,0.0086,0.74,,-0.9998,0.3337,0.0001,,,,,,,
bob,0,28830260,999,0.0004,0.0077,0.72,,-0.9999,0.3335,0.0001,,,,,,,
bob,0,28830260,1000,-0.0013,0.0086,0.72,,-0.9999,0.3333,0.0001,,,,,,,
bob,0,28830260,1001,-0.0014,0.0087,0.74,,-0.9998,0.3332,0.0001,,,,,,,
bob,0,28830260,1002,0.0016,0.0084,0.7000000000000001,,-0.9998,0.333,0.0001,,,,,,,
bob,0,28830260,1003,0.0035,0.0085,0.74,,-0.9998,0.3328,0.0001,,,,,,,
bob,0,28830260,1004,0.0022,0.0084,0.7000000000000001,,-0.9998,0.3327,0.0001,,,,,,,
bob,0,28830260,1005,-0.0009,0.0082,0.72,,-0.9998,0.3325,0.0001,,,,,,,
bob,0,28830260,1006,0.0,0.0082,0.72,,-0.9998,0.3323,0.0001,,,,,,,
bob,0,28830260,1007,0.0009,0.0081,0.72,,-0.9998,0.3322,0.0001,,,,,,,
bob,0,28830260,1008,0.0008,0.0079,0.72,,-0.9998,0.332,0.0001,,,,,,,
bob,0,28830260,1009,-0.0016,0.01,0.74,,-0.9998,0.3318,0.0001,,,,,,,
bob,0,28830260,1010,0.0028,0.0077,0.7000000000000001,,-0.9998,0.3317,0.0001,,,,,,,
bob,0,28830260,1011,-0.0028,0.0079,0.7000000000000001,,-0.9998,0.3315,0.0001,,,,,,,
bob,0,28830260,1012,-0.002,0.0083,0.6799999999999999,,-0.9998,0.3313,0.0001,,,,,,,
bob,0,28830260,1013,-0.0,0.0079,0.74,,-0.9998,0.3312,0.0002,,,,,,,
bob,0,28830260,1014,0.0028,0.008,0.7000000000000001,,-0.9999,0.331,0.0002,,,,,,,
bob,0,28830260,1015,0.003,0.0078,0.7000000000000001,,-0.9998,0.3308,0.0002,,,,,,,
bob,0,28830260,1016,0.001,0.0076,0.6799999999999999,,-0.9998,0.3307,0.0002,,,,,,,
bob,0,28830260,1017,0.0023,0.0082,0.7000000000000001,,-0.9998,0.3305,0.0002,,,,,,,
bob,0,28830260,1018,0.002,0.0088,0.74,,-0.9998,0.3303,0.0001,,,,,,,
bob,0,28830260,1019,-0.002,0.0082,0.72,,-0.9998,0.3302,0.0001,,,,,,,
bob,0,28830260,1020,-0.0013,0.0077,0.6799999999999999,,-0.9998,0.33,0.0001,,,,,,,
bob,0,28830260,1021,0.0001,0.0074,0.6799999999999999,,-0.9998,0.3298,0.0001,,,,,,,
bob,0,28830260,1022,-0.0023,0.0075,0.6799999999999999,,-0.9998,0.3297,0.0001,,,,,,,
bob,0,28830260,1023,-0.0005,0.0074,0.7000000000000001,,-0.9998,0.3295,0.0001,,,,,,,
bob,0,28830260,1024,-0.0007,0.0087,0.72,,-0.9998,0.3293,0.0001,,,,,,,
bob,0,28830260,1025,0.0003,0.0084,0.72,,-0.9999,0.3292,0.0001,,,,,,,
bob,0,28830260,1026,0.0018,0.0081,0.74,,-0.9998,0.329,0.0001,,,,,,,
bob,0,28830260,1027,0.001,0.0079,0.7000000000000001,,-0.9998,0.3288,0.0001,,,,,,,
bob,0,28830260,1028,-0.0009,0.0079,0.7000000000000001,,-0.9998,0.3287,0.0001,,,,,,,
bob,0,28830260,1029,-0.0047,0.0085,0.72,,-0.9998,0.3285,0.0001,,,,,,,
bob,0,28830260,1030,-0.0019,0.0084,0.74,,-0.9998,0.3283,0.0001,,,,,,,
bob,0,28830260,1031,-0.0013,0.0126,0.74,,-0.9998,0.3282,0.0001,,,,,,,
bob,0,28830260,1032,-0.001,0.0078,0.6799999999999999,,-0.9998,0.328,0.0001,,,,,,,
bob,0,28830260,1033,-0.0005,0.0083,0.7000000000000001,,-0.9998,0.3278,0.0001,,,,,,,
bob,0,28830260,1034,0.0012,0.0086,0.72,,-0.9998,0.3277,0.0001,,,,,,,
bob,0,28830260,1035,0.0015,0.0088,0.6799999999999999,,-0.9998,0.3275,0.0001,,,,,,,
bob,0,28830260,1036,0.0034,0.0077,0.6799999999999999,,-0.9998,0.3273,0.0001,,,,,,,
bob,0,28830260,1037,0.002,0.0083,0.74,,-0.9998,0.3272,0.0001,,,,,,,
bob,0,28830260,1038,-0.0003,0.0083,0.7000000000000001,,-0.9998,0.327,0.0001,,,,,,,
bob,0,28830260,1039,-0.0024,0.0082,0.72,,-0.9998,0.3268,0.0001,,,,,,,
bob,0,28830260,1040,-0.0016,0.0083,0.72,,-0.9998,0.3267,0.0001,,,,,,,
bob,0,28830260,1041,-0.0031,0.0085,0.7000000000000001,,-0.9999,0.3265,0.0001,,,,,,,
bob,0,28830260,1042,-0.003,0.0081,0.72,,-0.9999,0.3263,0.0001,,,,,,,
bob,0,28830260,1043,0.0023,0.0082,0.72,,-0.9998,0.3262,0.0001,,,,,,,
bob,0,28830260,1044,0.0043,0.0085,0.72,,-0.9998,0.326,0.0001,,,,,,,
bob,0,28830260,1045,0.001,0.0082,0.74,,-0.9998,0.3258,0.0001,,,,,,,
bob,0,28830260,1046,0.0,0.0077,0.7000000000000001,,-0.9998,0.3257,0.0001,,,,,,,
bob,0,28830260,1047,-0.0008,0.0077,0.7000000000000001,,-0.9999,0.3255,0.0001,,,,,,,
bob,0,28830260,1048,0.0023,0.0077,0.7000000000000001,,-0.9998,0.3253,0.0001,,,,,,,
bob,0,28830260,1049,0.0039,0.0083,0.74,,-0.9998,0.3252,0.0001,,,,,,,
bob,0,28830260,1050,0.0025,0.0078,0.7000000000000001,,-0.9998,0.325,0.0001,,,,,,,
bob,0,28830260,1051,-0.0004,0.0083,0.72,,-0.9998,0.3248,0.0001,,,,,,,
bob,0,28830260,1052,-0.0016,0.0085,0.72,,-0.9998,0.3247,0.0001,,,,,,,
bob,0,28830260,1053,0.0001,0.0086,0.7000000000000001,,-0.9998,0.3245,0.0001,,,,,,,
bob,0,28830260,1054,0.0014,0.0086,0.74,,-0.9999,0.3243,0.0001,,,,,,,
bob,0,28830260,1055,-0.0006,0.0077,0.72,,-0.9998,0.3242,0.0001,,,,,,,
bob,0,28830260,1056,0.0005,0.008,0.72,,-0.9998,0.324,0.0001,,,,,,,
bob,0,28830260,1057,0.0007,0.0082,0.72,,-0.9998,0.3238,0.0001,,,,,,,
bob,0,28830260,1058,0.0019,0.0086,0.74,,-0.9998,0.3237,0.0001,,,,,,,
bob,0,28830260,1059,-0.0003,0.008,0.72,,-0.9998,0.3235,0.0001,,,,,,,
bob,0,28830260,1060,-0.0001,0.0085,0.7000000000000001,,-0.9998,0.3233,0.0001,,,,,,,
bob,0,28830260,1061,-0.0039,0.0092,0.76,,-0.9998,0.3232,0.0001,,,,,,,
bob,0,28830260,1062,-0.0014,0.0081,0.7000000000000001,,-0.9998,0.323,0.0001,,,,,,,
bob,0,28830260,1063,0.0022,0.0078,0.72,,-0.9999,0.3228,0.0001,,,,,,,
bob,0,28830260,1064,0.0011,0.0084,0.72,,-0.9999,0.3227,0.0001,,,,,,,
bob,0,28830260,1065,0.0009,0.0083,0.72,,-0.9998,0.3225,0.0001,,,,,,,
bob,0,28830260,1066,-0.0013,0.0088,0.72,,-0.9998,0.3223,0.0001,,,,,,,
bob,0,28830260,1067,-0.0003,0.0078,0.72,,-0.9999,0.3222,0.0001,,,,,,,
bob,0,28830260,1068,0.0009,0.0084,0.74,,-0.9998,0.322,0.0001,,,,,,,
bob,0,28830260,1069,0.0006,0.0078,0.72,,-0.9998,0.3218,0.0001,,,,,,,
bob,0,28830260,1070,-0.0025,0.0085,0.72,,-0.9998,0.3217,0.0001,,,,,,,
bob,0,28830260,1071,0.0,0.0083,0.72,,-0.9998,0.3215,0.0001,,,,,,,
bob,0,28830260,1072,-0.0013,0.0085,0.74,,-0.9998,0.3213,0.0001,,,,,,,
bob,0,28830260,1073,-0.001,0.0078,0.72,,-0.9998,0.3212,0.0001,,,,,,,
bob,0,28830260,1074,-0.0031,0.0086,0.74,,-0.9999,0.321,0.0001,,,,,,,
bob,0,28830260,1075,0.001,0.0089,0.76,,-0.9998,0.3208,0.0001,,,,,,,
bob,0,28830260,1076,0.0033,0.0084,0.7000000000000001,,-0.9998,0.3207,0.0001,,,,,,,
bob,0,28830260,1077,0.0016,0.0085,0.72,,-0.9998,0.3205,0.0001,,,,,,,
bob,0,28830260,1078,0.0005,0.0086,0.72,,-0.9998,0.3203,0.0001,,,,,,,
bob,0,28830260,1079,-0.0007,0.0086,0.74,,-0.9998,0.3202,0.0001,,,,,,,
bob,0,28830260,1080,-0.0012,0.0085,0.72,,-0.9998,0.32,0.0001,,,,,,,
bob,0,28830260,1081,-0.0025,0.0089,0.72,,-0.9998,0.3198,0.0001,,,,,,,
bob,0,28830260,1082,-0.0,0.0081,0.7000000000000001,,-0.9999,0.3197,0.0001,,,,,,,
bob,0,28830260,1083,0.0003,0.0078,0.72,,-0.9998,0.3195,0.0001,,,,,,,
bob,0,28830260,1084,-0.0011,0.0076,0.74,,-0.9998,0.3193,0.0002,,,,,,,
bob,0,28830260,1085,-0.003,0.008,0.72,,-0.9998,0.3192,0.0002,,,,,,,
bob,0,28830260,1086,-0.0022,0.0078,0.72,,-0.9998,0.319,0.0001,,,,,,,
bob,0,28830260,1087,-0.004,0.0086,0.76,,-0.9999,0.3188,0.0001,,,,,,,
bob,0,28830260,1088,-0.0031,0.0083,0.74,,-0.9998,0.3187,0.0001,,,,,,,
bob,0,28830260,1089,-0.0005,0.0083,0.7000000000000001,,-0.9999,0.3185,0.0001,,,,,,,
bob,0,28830260,1090,0.0009,0.0081,0.74,,-0.9999,0.3183,0.0002,,,,,,,
bob,0,28830260,1091,0.0001,0.0078,0.7000000000000001,,-0.9998,0.3182,0.0002,,,,,,,
bob,0,28830260,1092,-0.0035,0.0088,0.72,,-0.9998,0.318,0.0002,,,,,,,
bob,0,28830260,1093,-0.0022,0.0082,0.72,,-0.9999,0.3178,0.0001,,,,,,,
bob,0,28830260,1094,-0.0004,0.0075,0.7000000000000001,,-0.9998,0.3177,0.0001,,,,,,,
bob,0,28830260,1095,-0.0,0.0082,0.7000000000000001,,-0.9999,0.3175,0.0001,,,,,,,
bob,0,28830260,1096,0.003,0.0086,0.74,,-0.9998,0.3173,0.0001,,,,,,,
bob,0,28830260,1097,0.0013,0.0084,0.72,,-0.9999,0.3172,0.0001,,,,,,,
bob,0,28830260,1098,-0.001,0.0083,0.74,,-0.9998,0.317,0.0001,,,,,,,
bob,0,28830260,1099,-0.0037,0.0096,0.76,,-0.9998,0.3168,0.0001,,,,,,,
bob,0,28830260,1100,-0.0023,0.0084,0.74,,-0.9998,0.3167,0.0001,,,,,,,
bob,0,28830260,1101,0.0001,0.008,0.72,,-0.9998,0.3165,0.0001,,,,,,,
bob,0,28830260,1102,-0.0005,0.0087,0.74,,-0.9999,0.3163,0.0001,,,,,,,
bob,0,28830260,1103,-0.0017,0.0089,0.76,,-0.9999,0.3162,0.0001,,,,,,,
bob,0,28830260,1104,-0.0039,0.0084,0.74,,-0.9998,0.316,0.0001,,,,,,,
bob,0,28830260,1105,-0.0023,0.0083,0.74,,-0.9998,0.3158,0.0002,,,,,,,
bob,0,28830260,1106,-0.0026,0.0088,0.74,,-0.9998,0.3157,0.0002,,,,,,,
bob,0,28830260,1107,-0.0014,0.0081,0.7000000000000001,,-0.9998,0.3155,0.0002,,,,,,,
bob,0,28830260,1108,-0.0026,0.0084,0.74,,-0.9998,0.3153,0.0002,,,,,,,
bob,0,28830260,1109,0.0019,0.0084,0.74,,-0.9998,0.3152,0.0002,,,,,,,
bob,0,28830260,1110,0.0029,0.0088,0.76,,-0.9998,0.315,0.0002,,,,,,,
bob,0,28830260,1111,0.0022,0.0083,0.72,,-0.9998,0.3148,0.0002,,,,,,,
bob,0,28830260,1112,-0.0031,0.0085,0.74,,-0.9998,0.3147,0.0001,,,,,,,
bob,0,28830260,1113,-0.0026,0.0087,0.74,,-0.9998,0.3145,0.0001,,,,,,,
bob,0,28830260,1114,-0.0013,0.0085,0.76,,-0.9998,0.3143,0.0001,,,,,,,
bob,0,28830260,1115,0.0007,0.0087,0.7799999999999999,,-0.9998,0.3142,0.0001,,,,,,,
bob,0,28830260,1116,0.0032,0.0081,0.72,,-0.9998,0.314,0.0001,,,,,,,
bob,0,28830260,1117,0.001,0.0081,0.74,,-0.9998,0.3138,0.0001,,,,,,,
bob,0,28830260,1118,0.0008,0.0083,0.72,,-0.9998,0.3137,0.0001,,,,,,,
bob,0,28830260,1119,0.001,0.0085,0.72,,-0.9998,0.3135,0.0001,,,,,,,
bob,0,28830260,1120,0.0006,0.0078,0.72,,-0.9998,0.3133,0.0001,,,,,,,
bob,0,28830260,1121,-0.0002,0.0088,0.74,,-0.9999,0.3132,0.0001,,,,,,,
bob,0,28830260,1122,0.001,0.0084,0.74,,-0.9998,0.313,0.0001,,,,,,,
bob,0,28830260,1123,-0.0012,0.0087,0.76,,-0.9999,0.3128,0.0001,,,,,,,
bob,0,28830260,1124,-0.002,0.0127,0.76,,-0.9998,0.3127,0.0001,,,,,,,
bob,0,28830260,1125,-0.0024,0.0101,0.76,,-0.9998,0.3125,0.0002,,,,,,,
bob,0,28830260,1126,-0.0016,0.0076,0.6799999999999999,,-0.9999,0.3123,0.0002,,,,,,,
bob,0,28830260,1127,-0.0017,0.0082,0.74,,-0.9998,0.3122,0.0002,,,,,,,
bob,0,28830260,1128,-0.0009,0.0085,0.74,,-0.9998,0.312,0.0002,,,,,,,
bob,0,28830260,1129,-0.0006,0.0085,0.74,,-0.9998,0.3118,0.0002,,,,,,,
bob,0,28830260,1130,-0.0012,0.0092,0.7799999999999999,,-0.9998,0.3117,0.0001,,,,,,,
bob,0,28830260,1131,-0.0013,0.0121,0.76,,-0.9998,0.3115,0.0002,,,,,,,
bob,0,28830260,1132,-0.0007,0.008,0.7000000000000001,,-0.9998,0.3113,0.0002,,,,,,,
bob,0,28830260,1133,-0.0002,0.0079,0.72,,-0.9998,0.3112,0.0002,,,,,,,
bob,0,28830260,1134,-0.0018,0.0085,0.76,,-0.9998,0.311,0.0002,,,,,,,
bob,0,28830260,1135,-0.0023,0.0082,0.7000000000000001,,-0.9998,0.3108,0.0002,,,,,,,
bob,0,28830260,1136,-0.0007,0.0078,0.7000000000000001,,-0.9999,0.3107,0.0002,,,,,,,
bob,0,28830260,1137,-0.0011,0.0086,0.74,,-0.9998,0.3105,0.0002,,,,,,,
bob,0,28830260,1138,-0.002,0.0081,0.7000000000000001,,-0.9998,0.3103,0.0002,,,,,,,
bob,0,28830260,1139,-0.0015,0.0083,0.72,,-0.9998,0.3102,0.0002,,,,,,,
bob,0,28830260,1140,0.0004,0.0086,0.7000000000000001,,-0.9998,0.31,0.0002,,,,,,,
bob,0,28830260,1141,0.0014,0.0085,0.74,,-0.9998,0.3098,0.0002,,,,,,,
bob,0,28830260,1142,-0.0008,0.0113,0.76,,-0.9998,0.3097,0.0002,,,,,,,
bob,0,28830260,1143,-0.002,0.008,0.72,,-0.9998,0.3095,0.0002,,,,,,,
bob,0,28830260,1144,0.0014,0.0092,0.76,,-0.9998,0.3093,0.0002,,,,,,,
bob,0,28830260,1145,0.0022,0.0082,0.76,,-0.9998,0.3092,0.0002,,,,,,,
bob,0,28830260,1146,-0.0003,0.013,0.8,,-0.9998,0.309,0.0002,,,,,,,
bob,0,28830260,1147,0.0005,0.0086,0.76,,-0.9998,0.3088,0.0002,,,,,,,
bob,0,28830260,1148,0.0002,0.0121,0.74,,-0.9998,0.3087,0.0002,,,,,,,
bob,0,28830260,1149,-0.0004,0.0131,0.72,,-0.9998,0.3085,0.0002,,,,,,,
bob,0,28830260,1150,0.0019,0.0083,0.74,,-0.9998,0.3083,0.0002,,,,,,,
bob,0,28830260,1151,-0.0004,0.0086,0.74,,-0.9999,0.3082,0.0002,,,,,,,
bob,0,28830260,1152,-0.0009,0.0088,0.74,,-0.9998,0.308,0.0002,,,,,,,
bob,0,28830260,1153,-0.0012,0.0092,0.76,,-0.9998,0.3078,0.0002,,,,,,,
bob,0,28830260,1154,-0.0025,0.0127,0.76,,-0.9998,0.3077,0.0002,,,,,,,
bob,0,28830260,1155,-0.0021,0.0083,0.74,,-0.9998,0.3075,0.0002,,,,,,,
bob,0,28830260,1156,-0.0009,0.0097,0.72,,-0.9998,0.3073,0.0002,,,,,,,
bob,0,28830260,1157,0.001,0.009,0.76,,-0.9998,0.3072,0.0002,,,,,,,
bob,0,28830260,1158,0.0,0.0088,0.7799999999999999,,-0.9998,0.307,0.0002,,,,,,,
bob,0,28830260,1159,-0.0002,0.0092,0.76,,-0.9998,0.3068,0.0002,,,,,,,
bob,0,28830260,1160,0.0004,0.0087,0.72,,-0.9998,0.3067,0.0002,,,,,,,
bob,0,28830260,1161,0.0009,0.0089,0.76,,-0.9998,0.3065,0.0002,,,,,,,
bob,0,28830260,1162,-0.0015,0.009,0.74,,-0.9998,0.3063,0.0002,,,,,,,
bob,0,28830260,1163,0.0005,0.0083,0.72,,-0.9999,0.3062,0.0002,,,,,,,
bob,0,28830260,1164,-0.0007,0.0083,0.74,,-0.9998,0.306,0.0002,,,,,,,
bob,0,28830260,1165,0.0002,0.0088,0.76,,-0.9998,0.3058,0.0002,,,,,,,
bob,0,28830260,1166,0.0016,0.008,0.72,,-0.9998,0.3057,0.0002,,,,,,,
bob,0,28830260,1167,0.001,0.0081,0.72,,-0.9999,0.3055,0.0002,,,,,,,
bob,0,28830260,1168,0.0011,0.0085,0.72,,-0.9999,0.3053,0.0002,,,,,,,
bob,0,28830260,1169,0.0001,0.008,0.72,,-0.9998,0.3052,0.0002,,,,,,,
bob,0,28830260,1170,-0.001,0.0081,0.72,,-0.9998,0.305,0.0002,,,,,,,
bob,0,28830260,1171,-0.0015,0.0085,0.72,,-0.9998,0.3048,0.0002,,,,,,,
bob,0,28830260,1172,-0.0028,0.0109,0.74,,-0.9998,0.3047,0.0002,,,,,,,
bob,0,28830260,1173,-0.0014,0.0083,0.72,,-0.9998,0.3045,0.0002,,,,,,,
bob,0,28830260,1174,0.001,0.0093,0.76,,-0.9998,0.3043,0.0002,,,,,,,
bob,0,28830260,1175,0.0016,0.0085,0.74,,-0.9998,0.3042,0.0002,,,,,,,
bob,0,28830260,1176,0.0005,0.0091,0.76,,-0.9998,0.304,0.0002,,,,,,,
bob,0,28830260,1177,0.001,0.0085,0.72,,-0.9998,0.3038,0.0002,,,,,,,
bob,0,28830260,1178,0.0012,0.0087,0.74,,-0.9998,0.3037,0.0002,,,,,,,
bob,0,28830260,1179,-0.0001,0.0088,0.76,,-0.9998,0.3035,0.0002,,,,,,,
bob,0,28830260,1180,0.0015,0.0084,0.74,,-0.9999,0.3033,0.0002,,,,,,,
bob,0,28830260,1181,0.004,0.0086,0.7000000000000001,,-0.9999,0.3032,0.0002,,,,,,,
bob,0,28830260,1182,-0.0017,0.0096,0.72,,-0.9998,0.303,0.0002,,,,,,,
bob,0,28830260,1183,-0.0016,0.0091,0.74,,-0.9998,0.3028,0.0002,,,,,,,
bob,0,28830260,1184,-0.0003,0.0084,0.74,,-0.9998,0.3027,0.0002,,,,,,,
bob,0,28830260,1185,0.0013,0.0086,0.74,,-0.9999,0.3025,0.0002,,,,,,,
bob,0,28830260,1186,0.0002,0.0086,0.74,,-0.9998,0.3023,0.0002,,,,,,,
bob,0,28830260,1187,0.0004,0.0082,0.72,,-0.9998,0.3022,0.0002,,,,,,,
bob,0,28830260,1188,0.0015,0.0125,0.72,,-0.9998,0.302,0.0003,,,,,,,
bob,0,28830260,1189,0.001,0.0083,0.72,,-0.9998,0.3018,0.0002,,,,,,,
bob,0,28830260,1190,-0.0025,0.0088,0.76,,-0.9999,0.3017,0.0002,,,,,,,
bob,0,28830260,1191,-0.0019,0.0088,0.76,,-0.9998,0.3015,0.0002,,,,,,,
bob,0,28830260,1192,-0.0051,0.009,0.74,,-0.9998,0.3013,0.0002,,,,,,,
bob,0,28830260,1193,-0.0018,0.009,0.74,,-0.9999,0.3012,0.0002,,,,,,,
bob,0,28830260,1194,-0.0004,0.0089,0.74,,-0.9999,0.301,0.0002,,,,,,,
bob,0,28830260,1195,0.0004,0.0092,0.76,,-0.9998,0.3008,0.0002,,,,,,,
bob,0,28830260,1196,0.0014,0.0093,0.74,,-0.9998,0.3007,0.0002,,,,,,,
bob,0,28830260,1197,0.0042,0.0089,0.74,,-0.9998,0.3005,0.0002,,,,,,,
bob,0,28830260,1198,0.0019,0.0081,0.7000000000000001,,-0.9998,0.3003,0.0002,,,,,,,
bob,0,28830260,1199,0.0019,0.0092,0.76,,-0.9998,0.3002,0.0002,,,,,,,
bob,0,28830260,1200,-0.0019,0.0099,0.76,,-0.9998,0.3,0.0002,,,,,,,
bob,0,28830260,1201,-0.0004,0.0084,0.72,,-0.9998,0.2998,0.0002,,,,,,,
bob,0,28830260,1202,0.0001,0.0099,0.7799999999999999,,-0.9998,0.2997,0.0002,,,,,,,
bob,0,28830260,1203,0.0001,0.0082,0.72,,-0.9998,0.2995,0.0002,,,,,,,
bob,0,28830260,1204,0.0014,0.0091,0.76,,-0.9998,0.2993,0.0002,,,,,,,
bob,0,28830260,1205,0.0008,0.0089,0.76,,-0.9998,0.2992,0.0002,,,,,,,
bob,0,28830260,1206,-0.0011,0.0089,0.76,,-0.9998,0.299,0.0002,,,,,,,
bob,0,28830260,1207,-0.0023,0.009,0.76,,-0.9999,0.2988,0.0002,,,,,,,
bob,0,28830260,1208,-0.0039,0.0086,0.74,,-0.9998,0.2987,0.0002,,,,,,,
bob,0,28830260,1209,-0.004,0.0086,0.74,,-0.9999,0.2985,0.0002,,,,,,,
bob,0,28830260,1210,0.001,0.0087,0.76,,-0.9999,0.2983,0.0002,,,,,,,
bob,0,28830260,1211,-0.0035,0.0082,0.74,,-0.9998,0.2982,0.0002,,,,,,,
bob,0,28830260,1212,-0.0027,0.0085,0.74,,-0.9998,0.298,0.0002,,,,,,,
bob,0,28830260,1213,-0.0006,0.0089,0.74,,-0.9999,0.2978,0.0002,,,,,,,
bob,0,28830260,1214,-0.0031,0.0083,0.74,,-0.9998,0.2977,0.0002,,,,,,,
bob,0,28830260,1215,-0.0007,0.0092,0.74,,-0.9998,0.2975,0.0002,,,,,,,
bob,0,28830260,1216,0.003,0.0085,0.74,,-0.9998,0.2973,0.0002,,,,,,,
bob,0,28830260,1217,0.003,0.0084,0.74,,-0.9998,0.2972,0.0002,,,,,,,
bob,0,28830260,1218,0.0004,0.0086,0.76,,-0.9998,0.297,0.0002,,,,,,,
bob,0,28830260,1219,0.0018,0.0087,0.76,,-0.9998,0.2968,0.0002,,,,,,,
bob,0,28830260,1220,0.004,0.0086,0.76,,-0.9998,0.2967,0.0002,,,,,,,
bob,0,28830260,1221,0.0023,0.0084,0.72,,-0.9998,0.2965,0.0002,,,,,,,
bob,0,28830260,1222,0.0008,0.0086,0.74,,-0.9998,0.2963,0.0002,,,,,,,
bob,0,28830260,1223,-0.003,0.0088,0.74,,-0.9998,0.2962,0.0002,,,,,,,
bob,0,28830260,1224,-0.0017,0.0109,0.74,,-0.9998,0.296,0.0002,,,,,,,
bob,0,28830260,1225,-0.0006,0.0127,0.8,,-0.9998,0.2958,0.0003,,,,,,,
bob,0,28830260,1226,0.0001,0.0086,0.74,,-0.9999,0.2957,0.0003,,,,,,,
bob,0,28830260,1227,0.0013,0.0088,0.76,,-0.9999,0.2955,0.0003,,,,,,,
bob,0,28830260,1228,0.0006,0.0081,0.72,,-0.9998,0.2953,0.0003,,,,,,,
bob,0,28830260,1229,0.0007,0.0085,0.74,,-0.9998,0.2952,0.0003,,,,,,,
bob,0,28830260,1230,0.0012,0.0083,0.72,,-0.9998,0.295,0.0003,,,,,,,
bob,0,28830260,1231,0.0006,0.0088,0.72,,-0.9998,0.2948,0.0002,,,,,,,
bob,0,28830260,1232,-0.0014,0.0088,0.74,,-0.9998,0.2947,0.0002,,,,,,,
bob,0,28830260,1233,0.0011,0.0088,0.76,,-0.9999,0.2945,0.0002,,,,,,,
bob,0,28830260,1234,0.001,0.0128,0.7799999999999999,,-0.9998,0.2943,0.0003,,,,,,,
bob,0,28830260,1235,0.0041,0.0083,0.72,,-0.9998,0.2942,0.0003,,,,,,,
bob,0,28830260,1236,0.002,0.0084,0.74,,-0.9998,0.294,0.0003,,,,,,,
bob,0,28830260,1237,0.003,0.0091,0.76,,-0.9998,0.2938,0.0003,,,,,,,
bob,0,28830260,1238,0.002,0.0082,0.72,,-0.9998,0.2937,0.0003,,,,,,,
bob,0,28830260,1239,0.0022,0.0086,0.74,,-0.9998,0.2935,0.0003,,,,,,,
bob,0,28830260,1240,-0.0015,0.0087,0.76,,-0.9998,0.2933,0.0003,,,,,,,
bob,0,28830260,1241,0.0009,0.0083,0.72,,-0.9998,0.2932,0.0003,,,,,,,
bob,0,28830260,1242,0.0017,0.0083,0.72,,-0.9999,0.293,0.0003,,,,,,,
bob,0,28830260,1243,0.0016,0.0107,0.76,,-0.9998,0.2928,0.0003,,,,,,,
bob,0,28830260,1244,-0.0013,0.0094,0.74,,-0.9998,0.2927,0.0003,,,,,,,
bob,0,28830260,1245,-0.0033,0.0093,0.74,,-0.9998,0.2925,0.0003,,,,,,,
bob,0,28830260,1246,0.0012,0.0083,0.74,,-0.9999,0.2923,0.0003,,,,,,,
bob,0,28830260,1247,-0.0022,0.0102,0.7799999999999999,,-0.9998,0.2922,0.0003,,,,,,,
bob,0,28830260,1248,-0.003,0.0085,0.74,,-0.9998,0.292,0.0003,,,,,,,
bob,0,28830260,1249,-0.0025,0.0089,0.76,,-0.9998,0.2918,0.0003,,,,,,,
bob,0,28830260,1250,-0.0022,0.0093,0.76,,-0.9998,0.2917,0.0003,,,,,,,
bob,0,28830260,1251,-0.0006,0.013,0.76,,-0.9998,0.2915,0.0003,,,,,,,
bob,0,28830260,1252,0.0013,0.0089,0.74,,-0.9998,0.2913,0.0003,,,,,,,
bob,0,28830260,1253,0.0049,0.0084,0.76,,-0.9998,0.2912,0.0003,,,,,,,
bob,0,28830260,1254,0.0015,0.0083,0.74,,-0.9998,0.291,0.0003,,,,,,,
bob,0,28830260,1255,0.0024,0.009,0.7799999999999999,,-0.9998,0.2908,0.0003,,,,,,,
bob,0,28830260,1256,-0.0003,0.0093,0.74,,-0.9999,0.2907,0.0003,,,,,,,
bob,0,28830260,1257,0.0014,0.0086,0.74,,-0.9998,0.2905,0.0003,,,,,,,
bob,0,28830260,1258,-0.0006,0.0079,0.72,,-0.9999,0.2903,0.0003,,,,,,,
bob,0,28830260,1259,0.0019,0.0088,0.76,,-0.9998,0.2902,0.0003,,,,,,,
bob,0,28830260,1260,0.0025,0.0093,0.7799999999999999,,-0.9998,0.29,0.0003,,,,,,,
bob,0,28830260,1261,-0.0008,0.0084,0.76,,-0.9999,0.2898,0.0003,,,,,,,
bob,0,28830260,1262,0.0016,0.0092,0.76,,-0.9998,0.2897,0.0003,,,,,,,
bob,0,28830260,1263,0.0014,0.0084,0.76,,-0.9999,0.2895,0.0003,,,,,,,
bob,0,28830260,1264,0.0001,0.0087,0.76,,-0.9998,0.2893,0.0003,,,,,,,
bob,0,28830260,1265,-0.0023,0.0092,0.74,,-0.9998,0.2892,0.0003,,,,,,,
bob,0,28830260,1266,0.0005,0.0084,0.72,,-0.9998,0.289,0.0003,,,,,,,
bob,0,28830260,1267,0.0009,0.0088,0.76,,-0.9998,0.2888,0.0003,,,,,,,
bob,0,28830260,1268,0.0003,0.0084,0.74,,-0.9998,0.2887,0.0003,,,,,,,
bob,0,28830260,1269,-0.0006,0.0088,0.7799999999999999,,-0.9998,0.2885,0.0003,,,,,,,
bob,0,28830260,1270,-0.0012,0.0082,0.72,,-0.9999,0.2883,0.0003,,,,,,,
bob,0,28830260,1271,0.0012,0.0088,0.76,,-0.9998,0.2882,0.0003,,,,,,,
bob,0,28830260,1272,0.0008,0.0088,0.7799999999999999,,-0.9998,0.288,0.0003,,,,,,,
bob,0,28830260,1273,-0.0007,0.0094,0.7799999999999999,,-0.9999,0.2878,0.0003,,,,,,,
bob,0,28830260,1274,0.0005,0.009,0.76,,-0.9998,0.2877,0.0003,,,,,,,
bob,0,28830260,1275,0.0011,0.0096,0.76,,-0.9999,0.2875,0.0003,,,,,,,
bob,0,28830260,1276,-0.0003,0.0087,0.76,,-0.9998,0.2873,0.0003,,,,,,,
bob,0,28830260,1277,-0.0019,0.0086,0.74,,-0.9998,0.2872,0.0003,,,,,,,
bob,0,28830260,1278,-0.0011,0.0086,0.74,,-0.9998,0.287,0.0003,,,,,,,
bob,0,28830260,1279,0.0003,0.0087,0.74,,-0.9998,0.2868,0.0003,,,,,,,
bob,0,28830260,1280,-0.0035,0.0083,0.74,,-0.9998,0.2867,0.0003,,,,,,,
bob,0,28830260,1281,-0.0017,0.0089,0.74,,-0.9998,0.2865,0.0003,,,,,,,
bob,0,28830260,1282,-0.0005,0.0088,0.74,,-0.9998,0.2863,0.0003,,,,,,,
bob,0,28830260,1283,0.0003,0.0086,0.74,,-0.9998,0.2862,0.0003,,,,,,,
bob,0,28830260,1284,0.0014,0.0094,0.76,,-0.9998,0.286,0.0003,,,,,,,
bob,0,28830260,1285,-0.0001,0.0089,0.76,,-0.9998,0.2858,0.0003,,,,,,,
bob,0,28830260,1286,-0.0031,0.0082,0.72,,-0.9998,0.2857,0.0003,,,,,,,
bob,0,28830260,1287,-0.0021,0.0092,0.7799999999999999,,-0.9998,0.2855,0.0003,,,,,,,
bob,0,28830260,1288,0.0021,0.0089,0.7799999999999999,,-0.9998,0.2853,0.0003,,,,,,,
bob,0,28830260,1289,0.001,0.0115,0.7799999999999999,,-0.9998,0.2852,0.0003,,,,,,,
bob,0,28830260,1290,-0.0009,0.0082,0.72,,-0.9998,0.285,0.0003,,,,,,,
bob,0,28830260,1291,-0.0016,0.0085,0.74,,-0.9998,0.2848,0.0003,,,,,,,
bob,0,28830260,1292,-0.0006,0.009,0.76,,-0.9998,0.2847,0.0003,,,,,,,
bob,0,28830260,1293,0.0025,0.0097,0.8200000000000001,,-0.9998,0.2845,0.0003,,,,,,,
bob,0,28830260,1294,0.0032,0.0084,0.74,,-0.9998,0.2843,0.0003,,,,,,,
bob,0,28830260,1295,-0.0004,0.0086,0.74,,-0.9998,0.2842,0.0003,,,,,,,
bob,0,28830260,1296,-0.0004,0.0092,0.7799999999999999,,-0.9998,0.284,0.0003,,,,,,,
bob,0,28830260,1297,0.0039,0.0085,0.74,,-0.9998,0.2838,0.0003,,,,,,,
bob,0,28830260,1298,0.0011,0.0086,0.72,,-0.9998,0.2837,0.0003,,,,,,,
bob,0,28830260,1299,0.0028,0.0085,0.72,,-0.9998,0.2835,0.0003,,,,,,,
bob,0,28830260,1300,0.0009,0.009,0.76,,-0.9998,0.2833,0.0003,,,,,,,
bob,0,28830260,1301,-0.0,0.0091,0.7799999999999999,,-0.9999,0.2832,0.0003,,,,,,,
bob,0,28830260,1302,-0.0006,0.0108,0.8,,-0.9998,0.283,0.0003,,,,,,,
bob,0,28830260,1303,0.0014,0.0086,0.76,,-0.9998,0.2828,0.0003,,,,,,,
bob,0,28830260,1304,0.0006,0.0091,0.76,,-0.9998,0.2827,0.0003,,,,,,,
bob,0,28830260,1305,0.001,0.0086,0.76,,-0.9998,0.2825,0.0003,,,,,,,
bob,0,28830260,1306,0.0014,0.0087,0.7799999999999999,,-0.9998,0.2823,0.0003,,,,,,,
bob,0,28830260,1307,-0.0003,0.008,0.72,,-0.9998,0.2822,0.0003,,,,,,,
bob,0,28830260,1308,-0.0016,0.0082,0.74,,-0.9998,0.282,0.0003,,,,,,,
bob,0,28830260,1309,-0.0058,0.0086,0.76,,-0.9998,0.2818,0.0003,,,,,,,
bob,0,28830260,1310,-0.0039,0.0091,0.76,,-0.9998,0.2817,0.0003,,,,,,,
bob,0,28830260,1311,-0.0023,0.0083,0.74,,-0.9998,0.2815,0.0003,,,,,,,
bob,0,28830260,1312,-0.0019,0.0088,0.76,,-0.9998,0.2813,0.0003,,,,,,,
bob,0,28830260,1313,-0.0006,0.0088,0.74,,-0.9998,0.2812,0.0003,,,,,,,
bob,0,28830260,1314,-0.0019,0.0086,0.74,,-0.9998,0.281,0.0003,,,,,,,
bob,0,28830260,1315,0.0012,0.0093,0.76,,-0.9998,0.2808,0.0003,,,,,,,
bob,0,28830260,1316,0.0018,0.0086,0.74,,-0.9998,0.2807,0.0003,,,,,,,
bob,0,28830260,1317,0.003,0.0095,0.76,,-0.9998,0.2805,0.0003,,,,,,,
bob,0,28830260,1318,0.0003,0.0084,0.74,,-0.9998,0.2803,0.0003,,,,,,,
bob,0,28830260,1319,-0.0038,0.0087,0.7799999999999999,,-0.9998,0.2802,0.0003,,,,,,,
bob,0,28830260,1320,0.0008,0.0084,0.74,,-0.9998,0.28,0.0003,,,,,,,
bob,0,28830260,1321,-0.0012,0.0085,0.74,,-0.9998,0.2798,0.0003,,,,,,,
bob,0,28830260,1322,0.0017,0.0088,0.76,,-0.9998,0.2797,0.0003,,,,,,,
bob,0,28830260,1323,0.0042,0.0108,0.8,,-0.9998,0.2795,0.0003,,,,,,,
bob,0,28830260,1324,0.0024,0.0091,0.76,,-0.9999,0.2793,0.0003,,,,,,,
bob,0,28830260,1325,0.0026,0.0091,0.7799999999999999,,-0.9998,0.2792,0.0003,,,,,,,
bob,0,28830260,1326,-0.0,0.0076,0.7000000000000001,,-0.9998,0.279,0.0003,,,,,,,
bob,0,28830260,1327,-0.001,0.0082,0.74,,-0.9998,0.2788,0.0003,,,,,,,
bob,0,28830260,1328,-0.0021,0.0083,0.74,,-0.9998,0.2787,0.0003,,,,,,,
bob,0,28830260,1329,-0.001,0.0085,0.72,,-0.9998,0.2785,0.0003,,,,,,,
bob,0,28830260,1330,-0.0006,0.0093,0.76,,-0.9998,0.2783,0.0003,,,,,,,
bob,0,28830260,1331,-0.0011,0.009,0.74,,-0.9998,0.2782,0.0003,,,,,,,
bob,0,28830260,1332,-0.0008,0.0094,0.7799999999999999,,-0.9998,0.278,0.0003,,,,,,,
bob,0,28830260,1333,-0.0023,0.0107,0.74,,-0.9998,0.2778,0.0003,,,,,,,
bob,0,28830260,1334,-0.0048,0.0086,0.74,,-0.9998,0.2777,0.0003,,,,,,,
bob,0,28830260,1335,-0.0046,0.0084,0.74,,-0.9999,0.2775,0.0003,,,,,,,
bob,0,28830260,1336,-0.0064,0.0084,0.74,,-0.9998,0.2773,0.0003,,,,,,,
bob,0,28830260,1337,-0.0028,0.0085,0.74,,-0.9998,0.2772,0.0003,,,,,,,
bob,0,28830260,1338,0.0013,0.0088,0.76,,-0.9998,0.277,0.0003,,,,,,,
bob,0,28830260,1339,0.0034,0.0087,0.76,,-0.9998,0.2768,0.0003,,,,,,,
bob,0,28830260,1340,-0.0012,0.0083,0.74,,-0.9998,0.2767,0.0003,,,,,,,
bob,0,28830260,1341,0.0009,0.0082,0.74,,-0.9998,0.2765,0.0003,,,,,,,
bob,0,28830260,1342,0.0015,0.009,0.76,,-0.9998,0.2763,0.0003,,,,,,,
bob,0,28830260,1343,0.0015,0.0118,0.74,,-0.9998,0.2762,0.0003,,,,,,,
bob,0,28830260,1344,0.0005,0.0087,0.74,,-0.9998,0.276,0.0003,,,,,,,
bob,0,28830260,1345,-0.0003,0.0084,0.76,,-0.9998,0.2758,0.0003,,,,,,,
bob,0,28830260,1346,-0.0003,0.0097,0.8,,-0.9998,0.2757,0.0003,,,,,,,
bob,0,28830260,1347,-0.0013,0.0091,0.7799999999999999,,-0.9999,0.2755,0.0003,,,,,,,
bob,0,28830260,1348,0.0011,0.0086,0.76,,-0.9998,0.2753,0.0003,,,,,,,
bob,0,28830260,1349,0.0009,0.0091,0.8,,-0.9998,0.2752,0.0003,,,,,,,
bob,0,28830260,1350,-0.0019,0.0088,0.74,,-0.9998,0.275,0.0003,,,,,,,
bob,0,28830260,1351,-0.0011,0.0085,0.72,,-0.9998,0.2748,0.0003,,,,,,,
bob,0,28830260,1352,-0.0034,0.0084,0.76,,-0.9999,0.2747,0.0003,,,,,,,
bob,0,28830260,1353,-0.0012,0.0088,0.7799999999999999,,-0.9999,0.2745,0.0003,,,,,,,
bob,0,28830260,1354,-0.0033,0.0087,0.76,,-0.9998,0.2743,0.0002,,,,,,,
bob,0,28830260,1355,-0.0008,0.0088,0.74,,-0.9999,0.2742,0.0002,,,,,,,
bob,0,28830260,1356,-0.0038,0.0091,0.74,,-0.9998,0.274,0.0002,,,,,,,
bob,0,28830260,1357,-0.003,0.009,0.76,,-0.9998,0.2738,0.0002,,,,,,,
bob,0,28830260,1358,-0.0022,0.0096,0.7799999999999999,,-0.9998,0.2737,0.0002,,,,,,,
bob,0,28830260,1359,-0.0027,0.0093,0.76,,-0.9998,0.2735,0.0002,,,,,,,
bob,0,28830260,1360,-0.0034,0.0098,0.76,,-0.9998,0.2733,0.0002,,,,,,,
bob,0,28830260,1361,0.0009,0.0097,0.7799999999999999,,-0.9999,0.2732,0.0002,,,,,,,
bob,0,28830260,1362,0.0003,0.0082,0.72,,-0.9998,0.273,0.0002,,,,,,,
bob,0,28830260,1363,-0.002,0.009,0.76,,-0.9999,0.2728,0.0002,,,,,,,
bob,0,28830260,1364,0.002,0.0092,0.7799999999999999,,-0.9998,0.2727,0.0002,,,,,,,
bob,0,28830260,1365,0.001,0.0105,0.8,,-0.9999,0.2725,0.0002,,,,,,,
bob,0,28830260,1366,0.0002,0.0092,0.7799999999999999,,-0.9998,0.2723,0.0002,,,,,,,
bob,0,28830260,1367,0.0014,0.0085,0.74,,-0.9999,0.2722,0.0002,,,,,,,
bob,0,28830260,1368,0.0017,0.0093,0.8,,-0.9998,0.272,0.0002,,,,,,,
bob,0,28830260,1369,0.0013,0.0092,0.7799999999999999,,-0.9998,0.2718,0.0002,,,,,,,
bob,0,28830260,1370,0.0014,0.0098,0.8200000000000001,,-0.9999,0.2717,0.0002,,,,,,,
bob,0,28830260,1371,0.0033,0.0098,0.7799999999999999,,-0.9998,0.2715,0.0002,,,,,,,
bob,0,28830260,1372,0.0009,0.0092,0.74,,-0.9998,0.2713,0.0002,,,,,,,
bob,0,28830260,1373,-0.0006,0.0087,0.76,,-0.9999,0.2712,0.0002,,,,,,,
bob,0,28830260,1374,-0.0022,0.0083,0.74,,-0.9998,0.271,0.0002,,,,,,,
bob,0,28830260,1375,0.0005,0.0093,0.76,,-0.9999,0.2708,0.0002,,,,,,,
bob,0,28830260,1376,0.0021,0.0093,0.7799999999999999,,-0.9998,0.2707,0.0002,,,,,,,
bob,0,28830260,1377,0.0025,0.009,0.74,,-0.9998,0.2705,0.0002,,,,,,,
bob,0,28830260,1378,0.0016,0.0093,0.7799999999999999,,-0.9998,0.2703,0.0002,,,,,,,
bob,0,28830260,1379,0.0004,0.0091,0.76,,-0.9998,0.2702,0.0002,,,,,,,
bob,0,28830260,1380,0.0005,0.0093,0.7799999999999999,,-0.9998,0.27,0.0002,,,,,,,
bob,0,28830260,1381,-0.0004,0.0091,0.7799999999999999,,-0.9998,0.2698,0.0002,,,,,,,
bob,0,28830260,1382,-0.003,0.0086,0.74,,-0.9999,0.2697,0.0002,,,,,,,
bob,0,28830260,1383,-0.003,0.0088,0.76,,-0.9999,0.2695,0.0002,,,,,,,
bob,0,28830260,1384,-0.0015,0.0083,0.74,,-0.9998,0.2693,0.0002,,,,,,,
bob,0,28830260,1385,0.0005,0.0095,0.7799999999999999,,-0.9998,0.2692,0.0002,,,,,,,
bob,0,28830260,1386,0.0021,0.0084,0.76,,-0.9998,0.269,0.0002,,,,,,,
bob,0,28830260,1387,0.0038,0.0094,0.7799999999999999,,-0.9998,0.2688,0.0002,,,,,,,
bob,0,28830260,1388,0.0019,0.0095,0.7799999999999999,,-0.9998,0.2687,0.0002,,,,,,,
bob,0,28830260,1389,-0.0002,0.0086,0.74,,-0.9999,0.2685,0.0002,,,,,,,
bob,0,28830260,1390,0.0019,0.0083,0.74,,-0.9998,0.2683,0.0002,,,,,,,
bob,0,28830260,1391,0.0031,0.0087,0.76,,-0.9998,0.2682,0.0002,,,,,,,
bob,0,28830260,1392,0.0037,0.0092,0.7799999999999999,,-0.9998,0.268,0.0002,,,,,,,
bob,0,28830260,1393,0.0043,0.0079,0.74,,-0.9999,0.2678,0.0002,,,,,,,
bob,0,28830260,1394,0.0031,0.0093,0.7799999999999999,,-0.9999,0.2677,0.0002,,,,,,,
bob,0,28830260,1395,0.0011,0.0091,0.8,,-0.9998,0.2675,0.0002,,,,,,,
bob,0,28830260,1396,-0.0001,0.0094,0.7799999999999999,,-0.9998,0.2673,0.0002,,,,,,,
bob,0,28830260,1397,0.0012,0.0092,0.7799999999999999,,-0.9998,0.2672,0.0002,,,,,,,
bob,0,28830260,1398,-0.0003,0.0093,0.76,,-0.9998,0.267,0.0002,,,,,,,
bob,0,28830260,1399,-0.0014,0.0088,0.7799999999999999,,-0.9998,0.2668,0.0002,,,,,,,
bob,0,28830260,1400,-0.0007,0.0088,0.76,,-0.9999,0.2667,0.0002,,,,,,,
bob,0,28830260,1401,-0.0023,0.0087,0.7799999999999999,,-0.9998,0.2665,0.0002,,,,,,,
bob,0,28830260,1402,-0.0029,0.009,0.76,,-0.9998,0.2663,0.0002,,,,,,,
bob,0,28830260,1403,-0.0008,0.0088,0.74,,-0.9998,0.2662,0.0002,,,,,,,
bob,0,28830260,1404,-0.0023,0.0091,0.7799999999999999,,-0.9999,0.266,0.0002,,,,,,,
bob,0,28830260,1405,-0.0014,0.0094,0.76,,-0.9998,0.2658,0.0002,,,,,,,
bob,0,28830260,1406,0.0021,0.0093,0.76,,-0.9998,0.2657,0.0002,,,,,,,
bob,0,28830260,1407,0.0027,0.0102,0.7799999999999999,,-0.9998,0.2655,0.0002,,,,,,,
bob,0,28830260,1408,-0.0009,0.0099,0.8,,-0.9998,0.2653,0.0002,,,,,,,
bob,0,28830260,1409,-0.0007,0.0094,0.76,,-0.9998,0.2652,0.0002,,,,,,,
bob,0,28830260,1410,0.0022,0.0098,0.7799999999999999,,-0.9998,0.265,0.0002,,,,,,,
bob,0,28830260,1411,0.0053,0.0087,0.72,,-0.9999,0.2648,0.0002,,,,,,,
bob,0,28830260,1412,0.003,0.0087,0.76,,-0.9998,0.2647,0.0002,,,,,,,
bob,0,28830260,1413,0.001,0.0121,0.7799999999999999,,-0.9999,0.2645,0.0002,,,,,,,
bob,0,28830260,1414,0.0006,0.0084,0.74,,-0.9998,0.2643,0.0002,,,,,,,
bob,0,28830260,1415,0.0006,0.0083,0.74,,-0.9998,0.2642,0.0002,,,,,,,
bob,0,28830260,1416,0.0006,0.0092,0.76,,-0.9998,0.264,0.0002,,,,,,,
bob,0,28830260,1417,0.0001,0.0086,0.76,,-0.9998,0.2638,0.0002,,,,,,,
bob,0,28830260,1418,0.0024,0.0084,0.74,,-0.9999,0.2637,0.0002,,,,,,,
bob,0,28830260,1419,0.0019,0.0086,0.74,,-0.9999,0.2635,0.0002,,,,,,,
bob,0,28830260,1420,0.0026,0.0092,0.8,,-0.9999,0.2633,0.0002,,,,,,,
bob,0,28830260,1421,0.0012,0.0083,0.76,,-0.9998,0.2632,0.0002,,,,,,,
bob,0,28830260,1422,-0.0014,0.0095,0.8,,-0.9998,0.263,0.0002,,,,,,,
bob,0,28830260,1423,-0.0005,0.0088,0.76,,-0.9998,0.2628,0.0002,,,,,,,
bob,0,28830260,1424,0.0002,0.0089,0.76,,-0.9998,0.2627,0.0002,,,,,,,
bob,0,28830260,1425,0.0001,0.0083,0.74,,-0.9998,0.2625,0.0002,,,,,,,
bob,0,28830260,1426,0.0007,0.0092,0.7799999999999999,,-0.9998,0.2623,0.0002,,,,,,,
bob,0,28830260,1427,0.0004,0.0085,0.74,,-0.9998,0.2622,0.0002,,,,,,,
bob,0,28830260,1428,-0.0004,0.0088,0.76,,-0.9998,0.262,0.0002,,,,,,,
bob,0,28830260,1429,0.0005,0.0094,0.7799999999999999,,-0.9998,0.2618,0.0002,,,,,,,
bob,0,28830260,1430,-0.0017,0.0092,0.8,,-0.9998,0.2617,0.0002,,,,,,,
bob,0,28830260,1431,-0.0016,0.0087,0.76,,-0.9998,0.2615,0.0002,,,,,,,
bob,0,28830260,1432,-0.0013,0.0085,0.76,,-0.9998,0.2613,0.0002,,,,,,,
bob,0,28830260,1433,0.0009,0.0093,0.7799999999999999,,-0.9998,0.2612,0.0002,,,,,,,
bob,0,28830260,1434,0.0009,0.0093,0.7799999999999999,,-0.9998,0.261,0.0002,,,,,,,
bob,0,28830260,1435,0.0023,0.0096,0.8,,-0.9998,0.2608,0.0002,,,,,,,
bob,0,28830260,1436,0.0016,0.0091,0.8,,-0.9998,0.2607,0.0002,,,,,,,
bob,0,28830260,1437,0.0027,0.0098,0.8,,-0.9998,0.2605,0.0002,,,,,,,
bob,0,28830260,1438,0.0012,0.0085,0.7799999999999999,,-0.9998,0.2603,0.0002,,,,,,,
bob,0,28830260,1439,-0.0011,0.0092,0.7799999999999999,,-0.9998,0.2602,0.0002,,,,,,,
bob,0,28830260,1440,-0.0017,0.0092,0.7799999999999999,,-0.9998,0.26,0.0002,,,,,,,
bob,0,28830260,1441,-0.0014,0.009,0.76,,-0.9998,0.2598,0.0002,,,,,,,
bob,0,28830260,1442,-0.003,0.0093,0.76,,-0.9998,0.2597,0.0002,,,,,,,
bob,0,28830260,1443,-0.0008,0.0097,0.8200000000000001,,-0.9998,0.2595,0.0002,,,,,,,
bob,0,28830260,1444,-0.0034,0.0094,0.8,,-0.9998,0.2593,0.0002,,,,,,,
bob,0,28830260,1445,-0.0034,0.0094,0.7799999999999999,,-0.9998,0.2592,0.0002,,,,,,,
bob,0,28830260,1446,-0.0001,0.0086,0.76,,-0.9998,0.259,0.0002,,,,,,,
bob,0,28830260,1447,-0.001,0.0088,0.7799999999999999,,-0.9998,0.2588,0.0002,,,,,,,
bob,0,28830260,1448,0.0002,0.009,0.7799999999999999,,-0.9998,0.2587,0.0002,,,,,,,
bob,0,28830260,1449,-0.0003,0.0093,0.7799999999999999,,-0.9998,0.2585,0.0002,,,,,,,
bob,0,28830260,1450,-0.0014,0.0091,0.7799999999999999,,-0.9998,0.2583,0.0002,,,,,,,
bob,0,28830260,1451,0.0028,0.0091,0.7799999999999999,,-0.9998,0.2582,0.0001,,,,,,,
bob,0,28830260,1452,0.0014,0.0098,0.76,,-0.9998,0.258,0.0001,,,,,,,
bob,0,28830260,1453,0.0014,0.0095,0.7799999999999999,,-0.9998,0.2578,0.0001,,,,,,,
bob,0,28830260,1454,0.0007,0.0094,0.8,,-0.9999,0.2577,0.0001,,,,,,,
bob,0,28830260,1455,-0.0,0.0123,0.74,,-0.9998,0.2575,0.0001,,,,,,,
bob,0,28830260,1456,0.0005,0.0082,0.76,,-0.9998,0.2573,0.0001,,,,,,,
bob,0,28830260,1457,-0.0008,0.0107,0.7799999999999999,,-0.9999,0.2572,0.0002,,,,,,,
bob,0,28830260,1458,-0.0016,0.0094,0.8,,-0.9998,0.257,0.0002,,,,,,,
bob,0,28830260,1459,-0.0018,0.0089,0.8,,-0.9998,0.2568,0.0002,,,,,,,
bob,0,28830260,1460,-0.0015,0.0097,0.8,,-0.9998,0.2567,0.0002,,,,,,,
bob,0,28830260,1461,-0.0021,0.009,0.8,,-0.9998,0.2565,0.0002,,,,,,,
bob,0,28830260,1462,-0.0019,0.0093,0.76,,-0.9998,0.2563,0.0002,,,,,,,
bob,0,28830260,1463,-0.0018,0.0095,0.8,,-0.9998,0.2562,0.0002,,,,,,,
bob,0,28830260,1464,0.0001,0.0092,0.8,,-0.9998,0.256,0.0002,,,,,,,
bob,0,28830260,1465,-0.001,0.0095,0.7799999999999999,,-0.9998,0.2558,0.0002,,,,,,,
bob,0,28830260,1466,-0.0007,0.009,0.7799999999999999,,-0.9998,0.2557,0.0002,,,,,,,
bob,0,28830260,1467,-0.0061,0.009,0.76,,-0.9998,0.2555,0.0002,,,,,,,
bob,0,28830260,1468,-0.0036,0.0085,0.74,,-0.9998,0.2553,0.0002,,,,,,,
bob,0,28830260,1469,-0.0014,0.0092,0.7799999999999999,,-0.9999,0.2552,0.0002,,,,,,,
bob,0,28830260,1470,-0.001,0.0091,0.7799999999999999,,-0.9999,0.255,0.0002,,,,,,,
bob,0,28830260,1471,0.0012,0.0085,0.74,,-0.9999,0.2548,0.0002,,,,,,,
bob,0,28830260,1472,0.0033,0.0094,0.7799999999999999,,-0.9998,0.2547,0.0002,,,,,,,
bob,0,28830260,1473,0.0021,0.009,0.7799999999999999,,-0.9998,0.2545,0.0002,,,,,,,
bob,0,28830260,1474,0.0007,0.0092,0.7799999999999999,,-0.9998,0.2543,0.0002,,,,,,,
bob,0,28830260,1475,0.0014,0.0098,0.8200000000000001,,-0.9998,0.2542,0.0002,,,,,,,
bob,0,28830260,1476,0.0023,0.0088,0.76,,-0.9998,0.254,0.0002,,,,,,,
bob,0,28830260,1477,-0.0001,0.0089,0.7799999999999999,,-0.9998,0.2538,0.0002,,,,,,,
bob,0,28830260,1478,-0.0013,0.0095,0.7799999999999999,,-0.9998,0.2537,0.0002,,,,,,,
bob,0,28830260,1479,0.0028,0.0101,0.76,,-0.9998,0.2535,0.0002,,,,,,,
bob,0,28830260,1480,0.001,0.009,0.74,,-0.9998,0.2533,0.0002,,,,,,,
bob,0,28830260,1481,0.0001,0.0129,0.8,,-0.9998,0.2532,0.0002,,,,,,,
bob,0,28830260,1482,0.0014,0.0088,0.8,,-0.9998,0.253,0.0002,,,,,,,
bob,0,28830260,1483,0.0032,0.0099,0.8,,-0.9998,0.2528,0.0002,,,,,,,
bob,0,28830260,1484,0.0006,0.0092,0.74,,-0.9999,0.2527,0.0002,,,,,,,
bob,0,28830260,1485,0.0028,0.0092,0.8,,-0.9999,0.2525,0.0002,,,,,,,
bob,0,28830260,1486,0.0024,0.0091,0.76,,-0.9998,0.2523,0.0002,,,,,,,
bob,0,28830260,1487,-0.0008,0.0088,0.74,,-0.9998,0.2522,0.0002,,,,,,,
bob,0,28830260,1488,-0.0022,0.0127,0.76,,-0.9998,0.252,0.0002,,,,,,,
bob,0,28830260,1489,-0.0003,0.0084,0.76,,-0.9998,0.2518,0.0002,,,,,,,
bob,0,28830260,1490,-0.0009,0.0086,0.74,,-0.9998,0.2517,0.0002,,,,,,,
bob,0,28830260,1491,0.0002,0.0083,0.74,,-0.9998,0.2515,0.0002,,,,,,,
bob,0,28830260,1492,0.0001,0.0093,0.8,,-0.9998,0.2513,0.0002,,,,,,,
bob,0,28830260,1493,0.0045,0.0089,0.7799999999999999,,-0.9998,0.2512,0.0002,,,,,,,
bob,0,28830260,1494,0.0043,0.0091,0.76,,-0.9998,0.251,0.0002,,,,,,,
bob,0,28830260,1495,-0.0009,0.0098,0.8,,-0.9998,0.2508,0.0002,,,,,,,
bob,0,28830260,1496,-0.0017,0.0092,0.8,,-0.9998,0.2507,0.0002,,,,,,,
bob,0,28830260,1497,-0.0045,0.0089,0.7799999999999999,,-0.9998,0.2505,0.0002,,,,,,,
bob,0,28830260,1498,-0.0022,0.0094,0.8,,-0.9998,0.2503,0.0002,,,,,,,
bob,0,28830260,1499,0.0,0.0083,0.74,,-0.9998,0.2502,0.0002,,,,,,,
bob,0,28830260,1500,0.0004,0.0084,0.74,,-0.9998,0.25,0.0002,,,,,,,
bob,0,28830260,1501,0.0014,0.0096,0.7799999999999999,,-0.9998,0.2498,0.0002,,,,,,,
bob,0,28830260,1502,0.0029,0.0094,0.8,,-0.9998,0.2497,0.0002,,,,,,,
bob,0,28830260,1503,-0.0002,0.0091,0.7799999999999999,,-0.9999,0.2495,0.0002,,,,,,,
bob,0,28830260,1504,-0.0011,0.0089,0.76,,-0.9998,0.2493,0.0002,,,,,,,
bob,0,28830260,1505,-0.0013,0.0089,0.76,,-0.9999,0.2492,0.0002,,,,,,,
bob,0,28830260,1506,-0.0018,0.0083,0.76,,-0.9998,0.249,0.0002,,,,,,,
bob,0,28830260,1507,-0.0029,0.0095,0.7799999999999999,,-0.9999,0.2488,0.0002,,,,,,,
