agent,chain,job_id,local_iter,loss,val,rew,entropy_coef,abc,sr,valid_goals,invalid_goals,avg_xy,max_xy
alice,1,28580924,0,0.0421,0.4707,5.5354,1.0,,,690,1545,0.056,0.785
alice,1,28580924,1,0.0004,0.3008,5.2712,0.9881,,,569,1466,0.051,0.531
alice,1,28580924,2,-0.0005,0.3768,5.4787,0.9763,,,575,1336,0.053,0.716
alice,1,28580924,3,0.0008,0.3173,5.2474,0.9647,,,584,1407,0.054,0.622
alice,1,28580924,4,-0.0035,0.3473,5.1594,0.9533,,,590,1347,0.054,0.52
alice,1,28580924,5,0.0014,0.3503,5.3485,0.942,,,589,1331,0.057,0.754
alice,1,28580924,6,-0.0017,0.3661,5.2093,0.9309,,,595,1321,0.056,0.503
alice,1,28580924,7,-0.0024,0.3801,5.3682,0.9199,,,573,1356,0.054,0.588
alice,1,28580924,8,0.0011,0.3717,5.2818,0.909,,,591,1371,0.056,0.559
alice,1,28580924,9,0.005,0.3978,5.2034,0.8983,,,612,1273,0.057,0.721
alice,1,28580924,10,0.0015,0.3811,5.2255,0.8878,,,610,1309,0.055,0.613
alice,1,28580924,11,-0.0016,0.3678,5.2237,0.8773,,,600,1342,0.056,0.62
alice,1,28580924,12,0.0013,0.3538,5.2271,0.8671,,,604,1327,0.058,0.704
alice,1,28580924,13,-0.0016,0.3643,5.4472,0.8569,,,613,1297,0.058,0.606
alice,1,28580924,14,-0.0028,0.3678,5.1368,0.8469,,,614,1280,0.056,0.605
alice,1,28580924,15,-0.0043,0.3937,5.4101,0.837,,,599,1262,0.058,0.683
alice,1,28580924,16,0.0032,0.3781,5.3148,0.8273,,,618,1303,0.058,0.59
alice,1,28580924,17,-0.0029,0.3635,5.2201,0.8176,,,593,1318,0.055,0.734
alice,1,28580924,18,-0.0001,0.3913,5.1568,0.8081,,,619,1266,0.06,0.679
alice,1,28580924,19,0.0017,0.3434,5.0806,0.7988,,,611,1345,0.056,0.751
alice,1,28580924,20,-0.0019,0.3815,5.113,0.7895,,,617,1266,0.056,0.66
alice,1,28580924,21,0.0067,0.3968,5.1017,0.7804,,,633,1240,0.063,0.796
alice,1,28580924,22,0.0072,0.3735,5.2,0.7714,,,641,1220,0.063,0.801
alice,1,28580924,23,0.0028,0.4043,5.3616,0.7625,,,631,1199,0.064,0.894
alice,1,28580924,24,0.0043,0.4218,5.3484,0.7537,,,667,1176,0.065,0.752
alice,1,28580924,25,-0.0057,0.3914,5.2819,0.7451,,,587,1247,0.057,0.638
alice,1,28580924,26,0.0137,0.4155,5.2308,0.7366,,,671,1214,0.065,0.677
alice,1,28580924,27,0.0048,0.4282,5.3237,0.7281,,,670,1140,0.068,0.667
alice,1,28580924,28,0.0058,0.4306,5.2025,0.7198,,,656,1134,0.067,0.693
alice,1,28580924,29,0.0166,0.4773,5.2007,0.7116,,,717,1049,0.077,0.598
alice,1,28580924,30,-0.0039,0.4355,5.2263,0.7035,,,650,1111,0.069,0.595
alice,1,28580924,31,0.0128,0.4399,5.3484,0.6955,,,703,1097,0.073,0.817
alice,1,28580924,32,0.0086,0.4872,5.3475,0.6877,,,725,983,0.082,0.758
alice,1,28580924,33,0.0034,0.4349,5.1653,0.6799,,,697,1039,0.077,0.714
alice,1,28580924,34,0.0072,0.4705,5.2541,0.6722,,,719,996,0.083,0.882
alice,1,28580924,35,0.0024,0.4398,5.2652,0.6646,,,685,1054,0.078,0.588
alice,1,28580924,36,0.0102,0.476,5.1673,0.6572,,,734,966,0.086,0.634
alice,1,28580924,37,0.0056,0.4903,5.2341,0.6498,,,689,1003,0.085,0.772
alice,1,28580924,38,0.0248,0.5105,5.2684,0.6425,,,757,937,0.096,0.744
alice,1,28580924,39,0.006,0.4773,5.121,0.6353,,,697,983,0.088,0.735
alice,1,28580924,40,0.0064,0.4738,5.2167,0.6283,,,672,1055,0.083,0.681
alice,1,28580924,41,0.0255,0.4451,5.184,0.6213,,,734,1043,0.087,0.763
alice,1,28580924,42,0.0054,0.4593,5.2125,0.6144,,,669,1063,0.083,0.682
alice,1,28580924,43,0.0283,0.4922,5.0662,0.6076,,,782,922,0.093,0.736
alice,1,28580924,44,0.0217,0.5252,5.3333,0.6009,,,752,841,0.098,0.741
alice,1,28580924,45,0.0108,0.508,5.1856,0.5942,,,746,898,0.095,0.793
alice,1,28580924,46,0.0201,0.5814,5.0611,0.5877,,,782,787,0.101,0.76
alice,1,28580924,47,0.0198,0.5312,5.4089,0.5812,,,769,864,0.101,0.674
alice,1,28580924,48,0.0112,0.5458,5.337,0.5749,,,753,840,0.103,0.747
alice,1,28580924,49,0.0247,0.5462,5.2615,0.5686,,,813,787,0.099,0.681
alice,1,28580924,50,0.0079,0.5027,5.1844,0.5624,,,755,849,0.102,0.692
alice,1,28580924,51,-0.0002,0.5337,5.1896,0.5563,,,735,853,0.095,0.74
alice,1,28580924,52,0.0146,0.5451,5.1557,0.5502,,,757,883,0.096,0.68
alice,1,28580924,53,0.0162,0.5679,5.4845,0.5443,,,753,859,0.096,0.731
alice,1,28580924,54,0.0149,0.5066,5.208,0.5384,,,754,900,0.096,0.739
alice,1,28580924,55,0.0141,0.496,5.25,0.5326,,,755,905,0.093,0.66
alice,1,28580924,56,0.0105,0.5188,5.1196,0.5269,,,738,886,0.096,0.627
alice,1,28580924,57,0.0255,0.5647,5.2066,0.5212,,,804,799,0.103,0.723
alice,1,28580924,58,0.0083,0.5386,5.243,0.5156,,,761,820,0.103,0.68
alice,1,28580924,59,0.0157,0.5718,5.2752,0.5101,,,794,794,0.102,0.675
alice,1,28580924,60,0.0119,0.5532,5.2183,0.5047,,,804,781,0.108,0.835
alice,1,28580924,61,0.0076,0.5331,5.0143,0.4994,,,793,757,0.109,0.704
alice,1,28580924,62,0.0087,0.5935,5.0958,0.4941,,,816,729,0.11,0.697
alice,1,28580924,63,0.0058,0.6028,5.3567,0.4889,,,799,714,0.113,0.68
alice,1,28580924,64,0.0179,0.5468,5.2677,0.4837,,,801,784,0.106,0.715
alice,1,28580924,65,0.0089,0.6045,5.096,0.4786,,,833,667,0.12,0.572
alice,1,28580924,66,0.0011,0.6201,5.3411,0.4736,,,784,703,0.107,0.631
alice,1,28580924,67,0.0111,0.532,5.0412,0.4687,,,780,831,0.103,0.684
alice,1,28580924,68,0.0149,0.539,5.0772,0.4638,,,792,797,0.103,0.675
alice,1,28580924,69,0.0144,0.5709,5.2095,0.459,,,776,778,0.107,0.75
alice,1,28580924,70,0.0156,0.5167,4.8729,0.4542,,,795,815,0.104,0.661
alice,1,28580924,71,0.0157,0.5357,4.9583,0.4496,,,829,753,0.112,0.748
alice,1,28580924,72,0.0086,0.5818,5.0535,0.4449,,,826,678,0.117,0.644
alice,1,28580924,73,0.0183,0.5901,5.0334,0.4404,,,846,658,0.121,0.778
alice,1,28580924,74,0.0154,0.6193,5.1967,0.4359,,,840,626,0.127,0.839
alice,1,28580924,75,0.0125,0.5625,5.0947,0.4314,,,807,710,0.115,0.652
alice,1,28580924,76,0.0236,0.5965,5.1462,0.427,,,840,650,0.118,0.812
alice,1,28580924,77,0.0212,0.606,5.0266,0.4227,,,857,620,0.127,0.669
alice,1,28580924,78,0.0119,0.651,5.3541,0.4184,,,819,620,0.128,0.832
alice,1,28580924,79,0.0298,0.6178,5.1629,0.4142,,,873,617,0.128,0.737
alice,1,28580924,80,0.0048,0.5919,5.1413,0.4101,,,797,695,0.115,0.728
alice,1,28580924,81,0.0299,0.6203,5.2706,0.406,,,856,615,0.126,0.694
alice,1,28580924,82,0.0258,0.642,5.1603,0.4019,,,852,576,0.129,0.681
alice,1,28580924,83,0.0191,0.6103,5.0065,0.3979,,,858,606,0.125,0.709
alice,1,28580924,84,0.0163,0.6651,5.1469,0.394,,,865,559,0.13,0.742
alice,1,28580924,85,0.0101,0.6679,5.1308,0.3901,,,834,611,0.128,0.66
alice,1,28580924,86,0.0236,0.6712,5.3731,0.3863,,,837,619,0.124,0.712
alice,1,28580924,87,0.0307,0.6799,5.1183,0.3825,,,872,577,0.127,0.744
alice,1,28580924,88,0.03,0.6598,5.2484,0.3787,,,860,598,0.13,0.675
alice,1,28580924,89,0.0303,0.643,5.2452,0.375,,,856,574,0.13,0.656
alice,1,28580924,90,0.0341,0.6809,5.228,0.3714,,,894,502,0.144,0.774
alice,1,28580924,91,0.0257,0.6132,5.1254,0.3678,,,864,566,0.134,0.716
alice,1,28580924,92,0.028,0.6593,5.125,0.3643,,,900,487,0.142,0.756
alice,1,28580924,93,0.0132,0.6161,5.2021,0.3608,,,844,585,0.128,0.704
alice,1,28580924,94,0.0133,0.6662,5.3408,0.3573,,,860,557,0.131,0.773
alice,1,28580924,95,0.0217,0.6475,5.1327,0.3539,,,869,558,0.134,0.693
alice,1,28580924,96,0.0202,0.6787,5.0667,0.3506,,,878,515,0.138,0.711
alice,1,28580924,97,0.0282,0.7059,5.2537,0.3472,,,896,492,0.145,0.68
alice,1,28580924,98,0.0164,0.6431,5.1415,0.344,,,853,575,0.131,0.775
alice,1,28580924,99,0.0395,0.6785,5.2607,0.3407,,,899,488,0.145,0.676
alice,1,28580924,100,0.0197,0.6569,5.2565,0.3376,,,876,539,0.135,0.714
alice,1,28580924,101,0.0144,0.6966,5.1254,0.3344,,,886,495,0.145,0.656
alice,1,28580924,102,0.0265,0.723,5.2599,0.3313,,,918,405,0.156,0.976
alice,1,28580924,103,0.0322,0.6876,5.1562,0.3282,,,885,446,0.153,0.8
alice,1,28580924,104,0.0326,0.648,4.9816,0.3252,,,930,457,0.153,0.847
alice,1,28580924,105,0.0227,0.6814,5.0063,0.3222,,,913,426,0.155,0.763
alice,1,28580924,106,0.0085,0.7049,5.2555,0.3193,,,882,470,0.144,0.74
alice,1,28580924,107,0.025,0.7495,5.2047,0.3164,,,900,435,0.152,0.704
alice,1,28580924,108,0.0454,0.7489,5.2586,0.3135,,,916,422,0.163,0.83
alice,1,28580924,109,0.0291,0.7793,5.2235,0.3107,,,916,392,0.155,0.705
alice,1,28580924,110,0.0332,0.7787,5.2017,0.3079,,,941,368,0.17,0.763
alice,1,28580924,111,0.0346,0.7234,5.2769,0.3052,,,924,398,0.163,0.859
alice,1,28580924,112,0.042,0.7361,5.0799,0.3025,,,939,342,0.167,0.8
alice,1,28580924,113,0.0359,0.7511,5.2448,0.2998,,,925,380,0.16,0.845
alice,1,28580924,114,0.0354,0.7183,5.1826,0.2971,,,930,390,0.163,0.7
alice,1,28580924,115,0.0327,0.7602,5.2075,0.2945,,,923,367,0.168,0.704
alice,1,28580924,116,0.0456,0.6999,5.2313,0.292,,,927,418,0.158,0.764
alice,1,28580924,117,0.0325,0.7657,5.3466,0.2894,,,915,370,0.163,0.851
alice,1,28580924,118,0.0338,0.7346,5.2783,0.2869,,,914,407,0.161,0.689
alice,1,28580924,119,0.0248,0.7357,5.307,0.2844,,,893,416,0.151,0.817
alice,1,28580924,120,0.0321,0.7315,5.0922,0.282,,,916,420,0.153,0.655
alice,1,28580924,121,0.0401,0.7078,5.1207,0.2796,,,925,419,0.154,0.681
alice,1,28580924,122,0.0384,0.6959,5.1821,0.2772,,,913,433,0.153,0.668
alice,1,28580924,123,0.0488,0.7036,5.2165,0.2749,,,915,415,0.158,0.678
alice,1,28580924,124,0.052,0.7201,5.1545,0.2726,,,931,390,0.162,0.745
alice,1,28580924,125,0.0437,0.7413,5.08,0.2703,,,938,364,0.166,0.757
alice,1,28580924,126,0.039,0.7973,5.2861,0.268,,,935,334,0.176,0.747
alice,1,28580924,127,0.0453,0.7229,5.1124,0.2658,,,934,386,0.165,0.684
alice,1,28580924,128,0.0452,0.7543,5.1965,0.2636,,,946,345,0.173,0.792
alice,1,28580924,129,0.0314,0.7853,5.1834,0.2614,,,939,334,0.173,0.768
alice,1,28580924,130,0.0341,0.7439,5.0086,0.2593,,,952,332,0.171,0.738
alice,1,28580924,131,0.0328,0.7744,5.2249,0.2572,,,958,309,0.174,0.723
alice,1,28580924,132,0.0437,0.7676,5.1235,0.2551,,,950,312,0.172,0.88
alice,1,28580924,133,0.0445,0.8043,5.2041,0.2531,,,960,284,0.178,0.748
alice,1,28580924,134,0.0425,0.706,5.1429,0.251,,,946,351,0.166,0.754
alice,1,28580924,135,0.0313,0.7262,5.0438,0.249,,,947,321,0.173,0.812
alice,1,28580924,136,0.0372,0.7526,5.076,0.2471,,,935,310,0.18,0.77
alice,1,28580924,137,0.0455,0.7982,5.293,0.2451,,,935,323,0.178,0.736
alice,1,28580924,138,0.0457,0.7538,5.229,0.2432,,,932,362,0.169,0.794
alice,1,28580924,139,0.0429,0.782,5.133,0.2413,,,956,310,0.174,0.787
alice,1,28580924,140,0.043,0.8368,5.3923,0.2394,,,969,255,0.185,0.826
alice,1,28580924,141,0.0512,0.8399,5.2637,0.2376,,,973,235,0.19,0.757
alice,1,28580924,142,0.0424,0.8424,5.2053,0.2358,,,971,248,0.193,0.832
alice,1,28580924,143,0.0542,0.8271,5.1223,0.234,,,986,241,0.195,0.845
alice,1,28580924,144,0.0365,0.7925,5.1392,0.2322,,,904,382,0.16,0.87
alice,1,28580924,145,0.0271,0.7576,5.1019,0.2305,,,919,409,0.161,1.208
alice,1,28580924,146,0.0479,0.7212,5.0585,0.2287,,,946,419,0.157,0.774
alice,1,28580924,147,0.0441,0.8047,5.3655,0.227,,,941,297,0.181,0.678
alice,1,28580924,148,0.0603,0.7334,5.0205,0.2253,,,947,350,0.171,0.695
alice,1,28580924,149,0.0435,0.7749,5.253,0.2237,,,935,329,0.177,0.807
alice,1,28580924,150,0.0517,0.7839,5.2069,0.222,,,993,246,0.19,0.852
alice,1,28580924,151,0.0569,0.7556,5.2843,0.2204,,,963,258,0.193,0.749
alice,1,28580924,152,0.0489,0.7634,4.997,0.2188,,,980,230,0.196,0.746
alice,1,28580924,153,0.0485,0.758,5.2915,0.2173,,,980,222,0.19,0.785
alice,1,28580924,154,0.0571,0.7831,5.2073,0.2157,,,969,231,0.197,0.849
alice,1,28580924,155,0.0353,0.7509,5.2031,0.2142,,,957,289,0.18,0.734
alice,1,28580924,156,0.0311,0.7328,5.0406,0.2127,,,991,256,0.183,0.789
alice,1,28580924,157,0.0277,0.7643,4.9779,0.2112,,,965,241,0.188,0.743
alice,1,28580924,158,0.0585,0.8003,5.2219,0.2097,,,978,212,0.203,0.727
alice,1,28580924,159,0.047,0.8075,5.1701,0.2083,,,970,216,0.194,0.711
alice,1,28580924,160,0.0544,0.8128,5.1732,0.2068,,,974,232,0.191,0.701
alice,1,28580924,161,0.0538,0.7774,5.3724,0.2054,,,979,247,0.191,0.711
alice,1,28580924,162,0.0464,0.7765,5.2454,0.204,,,943,262,0.188,0.779
alice,1,28580924,163,0.0521,0.7913,5.0978,0.2026,,,994,238,0.198,1.09
alice,1,28580924,164,0.0499,0.7985,5.1193,0.2013,,,985,207,0.201,0.652
alice,1,28580924,165,0.0574,0.7732,5.186,0.1999,,,969,242,0.191,0.668
alice,1,28580924,166,0.0446,0.8097,5.2017,0.1986,,,987,210,0.203,0.738
alice,1,28580924,167,0.0717,0.8016,5.1133,0.1973,,,982,196,0.202,0.657
alice,1,28580924,168,0.0543,0.7811,5.235,0.196,,,964,262,0.192,0.894
alice,1,28580924,169,0.0595,0.8223,5.3278,0.1948,,,987,210,0.2,0.827
alice,1,28580924,170,0.0502,0.778,5.0272,0.1935,,,980,229,0.201,0.833
alice,1,28580924,171,0.0748,0.8428,5.4011,0.1923,,,993,180,0.207,0.808
alice,1,28580924,172,0.0567,0.8012,5.2486,0.191,,,976,230,0.194,0.737
alice,1,28580924,173,0.0453,0.8003,5.2471,0.1898,,,975,230,0.2,0.833
alice,1,28580924,174,0.0764,0.8191,5.4286,0.1887,,,975,211,0.216,0.766
alice,1,28580924,175,0.0903,0.808,5.1745,0.1875,,,992,187,0.215,0.74
alice,1,28580924,176,0.0712,0.7682,5.1789,0.1863,,,993,222,0.205,0.786
alice,1,28580924,177,0.0691,0.7624,4.9622,0.1852,,,998,186,0.209,0.828
alice,1,28580924,178,0.0449,0.7939,5.0667,0.1841,,,1001,180,0.214,0.847
alice,1,28580924,179,0.057,0.8111,5.1746,0.1829,,,996,161,0.22,0.921
alice,1,28580924,180,0.055,0.8231,5.2164,0.1818,,,973,193,0.209,0.827
alice,1,28580924,181,0.0415,0.8022,5.2365,0.1808,,,980,211,0.199,0.855
alice,1,28580924,182,0.0738,0.8385,5.3324,0.1797,,,986,185,0.219,0.792
alice,1,28580924,183,0.0768,0.8321,5.1849,0.1786,,,1000,167,0.218,0.804
alice,1,28580924,184,0.0567,0.8005,5.1633,0.1776,,,1011,160,0.224,0.817
alice,1,28580924,185,0.0688,0.7985,5.0603,0.1766,,,997,155,0.222,0.758
alice,1,28580924,186,0.0458,0.8583,5.3017,0.1756,,,990,160,0.223,0.865
alice,1,28580924,187,0.0672,0.8109,5.187,0.1746,,,1001,193,0.212,0.831
alice,1,28580924,188,0.0544,0.8235,5.188,0.1736,,,984,185,0.216,0.708
alice,1,28580924,189,0.06,0.8236,5.2178,0.1726,,,987,207,0.216,0.828
alice,1,28580924,190,0.0652,0.8286,5.1966,0.1716,,,1000,151,0.223,0.725
alice,1,28580924,191,0.0864,0.8253,5.2416,0.1707,,,995,156,0.211,0.781
alice,1,28580924,192,0.0744,0.8197,5.1899,0.1698,,,990,188,0.205,0.778
alice,1,28580924,193,0.0766,0.8474,5.374,0.1688,,,992,159,0.223,0.816
alice,1,28580924,194,0.0954,0.856,5.2769,0.1679,,,1004,150,0.218,0.71
alice,1,28580924,195,0.0776,0.862,5.385,0.167,,,996,153,0.221,0.794
alice,1,28580924,196,0.0644,0.8615,5.3641,0.1661,,,986,157,0.216,0.783
alice,1,28580924,197,0.0005,0.8291,5.2285,0.1653,,,916,331,0.164,0.758
alice,1,28580924,198,0.0527,0.7671,5.211,0.1644,,,950,358,0.166,0.689
alice,1,28580924,199,0.0799,0.8016,5.1099,0.1635,,,994,237,0.202,0.751
alice,1,28580924,200,0.0855,0.8685,5.3219,0.1627,,,987,186,0.225,0.74
alice,1,28580924,201,0.0644,0.8373,5.2145,0.1619,,,1005,168,0.221,0.832
alice,1,28580924,202,0.066,0.862,5.2647,0.1611,,,1011,147,0.238,0.856
alice,1,28580924,203,0.1071,0.8643,5.1644,0.1602,,,1011,138,0.235,0.869
alice,1,28580924,204,0.0355,0.8877,5.2647,0.1594,,,1009,125,0.232,0.78
alice,1,28580924,205,0.0384,0.8674,5.3629,0.1587,,,995,147,0.234,0.819
alice,1,28580924,206,0.0741,0.824,5.2458,0.1579,,,999,165,0.229,0.779
alice,1,28580924,207,0.0679,0.8452,5.279,0.1571,,,1002,158,0.225,0.797
alice,1,28580924,208,0.0656,0.8163,5.2181,0.1564,,,1011,156,0.228,0.863
alice,1,28580924,209,0.0724,0.8323,5.3701,0.1556,,,986,166,0.225,0.71
bob,1,28580924,0,0.0003,0.081,0.44,,-1.0007,0.0831,,,,
bob,1,28580924,1,-0.0015,0.1142,0.48,,-1.0034,0.0702,,,,
bob,1,28580924,2,-0.0003,0.1044,0.45999999999999996,,-1.0015,0.0663,,,,
bob,1,28580924,3,0.0003,0.1273,0.5599999999999999,,-1.0282,0.083,,,,
bob,1,28580924,4,0.0006,0.133,0.58,,-1.0106,0.0832,,,,
bob,1,28580924,5,-0.0001,0.0984,0.45999999999999996,,-1.0016,0.0688,,,,
bob,1,28580924,6,-0.0007,0.1135,0.5,,-1.0006,0.0727,,,,
bob,1,28580924,7,0.0007,0.1085,0.5,,-0.9993,0.0717,,,,
bob,1,28580924,8,-0.001,0.1274,0.58,,-1.0309,0.0839,,,,
bob,1,28580924,9,-0.0001,0.1364,0.6,,-1.0032,0.0905,,,,
bob,1,28580924,10,-0.0008,0.128,0.58,,-1.0216,0.0867,,,,
bob,1,28580924,11,0.0003,0.1301,0.58,,-1.0138,0.0859,,,,
bob,1,28580924,12,-0.0002,0.1175,0.5599999999999999,,-1.0843,0.0833,,,,
bob,1,28580924,13,0.0008,0.0899,0.42,,-1.0088,0.0621,,,,
bob,1,28580924,14,-0.0005,0.1144,0.54,,-1.0372,0.0769,,,,
bob,1,28580924,15,-0.0008,0.0921,0.42,,-0.9865,0.0613,,,,
bob,1,28580924,16,-0.0004,0.0987,0.48,,-1.0436,0.0719,,,,
bob,1,28580924,17,0.0003,0.115,0.54,,-1.0349,0.0787,,,,
bob,1,28580924,18,0.0005,0.1376,0.64,,-1.0573,0.095,,,,
bob,1,28580924,19,-0.0003,0.131,0.62,,-0.9699,0.0909,,,,
bob,1,28580924,20,0.0016,0.1225,0.58,,-1.0442,0.0825,,,,
bob,1,28580924,21,-0.001,0.1448,0.66,,-1.0502,0.1011,,,,
bob,1,28580924,22,-0.0004,0.0972,0.48,,-1.0082,0.0719,,,,
bob,1,28580924,23,-0.0004,0.0997,0.45999999999999996,,-1.0158,0.0646,,,,
bob,1,28580924,24,0.0007,0.1196,0.54,,-1.0325,0.0799,,,,
bob,1,28580924,25,-0.0005,0.1073,0.45999999999999996,,-1.0435,0.0662,,,,
bob,1,28580924,26,-0.0009,0.1068,0.52,,-1.041,0.0791,,,,
bob,1,28580924,27,-0.0004,0.1018,0.5,,-1.0829,0.0707,,,,
bob,1,28580924,28,-0.0004,0.1128,0.54,,-1.045,0.079,,,,
bob,1,28580924,29,-0.0015,0.1213,0.58,,-1.0327,0.0849,,,,
bob,1,28580924,30,0.0003,0.101,0.5,,-1.1018,0.068,,,,
bob,1,28580924,31,-0.001,0.095,0.45999999999999996,,-1.0821,0.0691,,,,
bob,1,28580924,32,-0.0002,0.0947,0.48,,-1.076,0.0682,,,,
bob,1,28580924,33,0.0001,0.111,0.5599999999999999,,-1.0939,0.0783,,,,
bob,1,28580924,34,-0.0004,0.1044,0.5,,-1.0779,0.0723,,,,
bob,1,28580924,35,0.0005,0.0896,0.45999999999999996,,-1.0954,0.0638,,,,
bob,1,28580924,36,-0.0005,0.1165,0.58,,-1.0751,0.083,,,,
bob,1,28580924,37,-0.0008,0.0865,0.44,,-1.0653,0.0604,,,,
bob,1,28580924,38,-0.0,0.0982,0.5,,-1.074,0.0717,,,,
bob,1,28580924,39,-0.0005,0.0996,0.5,,-1.0885,0.0682,,,,
bob,1,28580924,40,-0.0005,0.1037,0.54,,-1.0851,0.073,,,,
bob,1,28580924,41,0.0001,0.0985,0.52,,-1.1064,0.0745,,,,
bob,1,28580924,42,-0.0,0.0958,0.54,,-1.0907,0.0704,,,,
bob,1,28580924,43,0.0009,0.1088,0.5599999999999999,,-1.0756,0.0842,,,,
bob,1,28580924,44,-0.0008,0.0859,0.44,,-1.0878,0.0615,,,,
bob,1,28580924,45,-0.0002,0.1092,0.58,,-1.0535,0.0775,,,,
bob,1,28580924,46,0.0004,0.1196,0.62,,-1.0825,0.0872,,,,
bob,1,28580924,47,-0.0008,0.0801,0.42,,-1.0739,0.058,,,,
bob,1,28580924,48,0.0,0.0906,0.5,,-1.0863,0.067,,,,
bob,1,28580924,49,-0.0002,0.0861,0.45999999999999996,,-1.0919,0.0659,,,,
bob,1,28580924,50,-0.0002,0.0926,0.48,,-1.0849,0.0671,,,,
bob,1,28580924,51,-0.0002,0.0958,0.52,,-1.0907,0.0718,,,,
bob,1,28580924,52,0.0003,0.1016,0.52,,-1.0682,0.0728,,,,
bob,1,28580924,53,0.0001,0.074,0.38,,-1.0864,0.0501,,,,
bob,1,28580924,54,-0.0005,0.0897,0.5,,-1.089,0.0707,,,,
bob,1,28580924,55,-0.0003,0.0979,0.54,,-1.0667,0.0757,,,,
bob,1,28580924,56,-0.0007,0.1099,0.6,,-1.0706,0.0817,,,,
bob,1,28580924,57,0.0009,0.1004,0.5,,-1.0606,0.073,,,,
bob,1,28580924,58,-0.0004,0.0961,0.5,,-1.0632,0.0702,,,,
bob,1,28580924,59,-0.0007,0.0734,0.38,,-1.0615,0.053,,,,
bob,1,28580924,60,-0.0002,0.1032,0.54,,-1.1086,0.0767,,,,
bob,1,28580924,61,0.0001,0.1164,0.64,,-1.095,0.0914,,,,
bob,1,28580924,62,0.0,0.1099,0.6,,-1.0896,0.0823,,,,
bob,1,28580924,63,0.0002,0.0844,0.45999999999999996,,-1.0949,0.066,,,,
bob,1,28580924,64,0.0001,0.083,0.45999999999999996,,-1.0931,0.0638,,,,
bob,1,28580924,65,0.0002,0.0994,0.52,,-1.0966,0.072,,,,
bob,1,28580924,66,-0.0012,0.0924,0.48,,-1.0945,0.0659,,,,
bob,1,28580924,67,0.0004,0.1206,0.64,,-1.103,0.092,,,,
bob,1,28580924,68,0.0009,0.1075,0.58,,-1.0853,0.0826,,,,
bob,1,28580924,69,-0.0001,0.1057,0.5599999999999999,,-1.0455,0.0772,,,,
bob,1,28580924,70,0.0005,0.1134,0.62,,-1.0877,0.0896,,,,
bob,1,28580924,71,0.0001,0.1136,0.62,,-1.0912,0.0871,,,,
bob,1,28580924,72,0.0003,0.114,0.64,,-1.0908,0.0893,,,,
bob,1,28580924,73,0.0006,0.1095,0.6,,-1.0908,0.0861,,,,
bob,1,28580924,74,0.0004,0.1008,0.52,,-1.0918,0.0718,,,,
bob,1,28580924,75,-0.0,0.1057,0.6,,-1.1052,0.0836,,,,
bob,1,28580924,76,0.0015,0.1076,0.54,,-1.0642,0.079,,,,
bob,1,28580924,77,0.0019,0.1149,0.6,,-1.0858,0.0858,,,,
bob,1,28580924,78,0.0007,0.0919,0.48,,-1.0893,0.0662,,,,
bob,1,28580924,79,0.0017,0.0916,0.5,,-1.0864,0.0732,,,,
bob,1,28580924,80,0.0003,0.0933,0.5,,-1.0848,0.0671,,,,
bob,1,28580924,81,0.0004,0.0875,0.45999999999999996,,-1.073,0.0661,,,,
bob,1,28580924,82,0.0007,0.0973,0.54,,-1.0671,0.0751,,,,
bob,1,28580924,83,0.0004,0.1118,0.5599999999999999,,-1.0636,0.0792,,,,
bob,1,28580924,84,0.0003,0.1044,0.54,,-1.0854,0.0746,,,,
bob,1,28580924,85,0.0009,0.1185,0.62,,-1.1018,0.0854,,,,
bob,1,28580924,86,0.0004,0.0814,0.42,,-1.0671,0.0583,,,,
bob,1,28580924,87,0.0015,0.112,0.58,,-1.075,0.0821,,,,
bob,1,28580924,88,0.0004,0.0943,0.5599999999999999,,-1.0702,0.08,,,,
bob,1,28580924,89,0.0012,0.0974,0.52,,-1.0876,0.073,,,,
bob,1,28580924,90,0.0013,0.0848,0.5,,-1.0799,0.0721,,,,
bob,1,28580924,91,0.0009,0.0968,0.48,,-1.1238,0.0686,,,,
bob,1,28580924,92,0.001,0.1097,0.54,,-1.0979,0.0783,,,,
bob,1,28580924,93,0.0011,0.0932,0.48,,-1.1029,0.0641,,,,
bob,1,28580924,94,0.0009,0.0931,0.45999999999999996,,-1.0851,0.0645,,,,
bob,1,28580924,95,0.0013,0.1012,0.5599999999999999,,-1.0977,0.0793,,,,
bob,1,28580924,96,0.0006,0.1012,0.52,,-1.0986,0.0719,,,,
bob,1,28580924,97,0.001,0.0908,0.5,,-1.0984,0.0691,,,,
bob,1,28580924,98,0.0005,0.0907,0.52,,-1.0849,0.07,,,,
bob,1,28580924,99,0.0012,0.0885,0.45999999999999996,,-1.0874,0.0669,,,,
bob,1,28580924,100,0.0012,0.0836,0.45999999999999996,,-1.1064,0.0636,,,,
bob,1,28580924,101,-0.0002,0.1073,0.58,,-1.1077,0.0835,,,,
bob,1,28580924,102,0.0018,0.0868,0.45999999999999996,,-1.0943,0.0671,,,,
bob,1,28580924,103,0.0026,0.1082,0.58,,-1.0991,0.0813,,,,
bob,1,28580924,104,0.0022,0.1187,0.64,,-1.0921,0.0923,,,,
bob,1,28580924,105,0.003,0.1142,0.6,,-1.1043,0.0844,,,,
bob,1,28580924,106,0.0014,0.0872,0.45999999999999996,,-1.1097,0.0612,,,,
bob,1,28580924,107,0.0,0.1001,0.5,,-1.0716,0.0732,,,,
bob,1,28580924,108,0.0014,0.0949,0.48,,-1.0584,0.0662,,,,
bob,1,28580924,109,0.0017,0.0963,0.54,,-1.0645,0.0767,,,,
bob,1,28580924,110,0.0006,0.1016,0.5,,-1.0744,0.0718,,,,
bob,1,28580924,111,0.0009,0.0896,0.44,,-1.1001,0.0619,,,,
bob,1,28580924,112,0.0022,0.1144,0.58,,-1.1106,0.0842,,,,
bob,1,28580924,113,0.0018,0.0843,0.45999999999999996,,-1.105,0.063,,,,
bob,1,28580924,114,0.0022,0.1086,0.5599999999999999,,-1.0755,0.0801,,,,
bob,1,28580924,115,0.0012,0.0997,0.52,,-1.0806,0.0732,,,,
bob,1,28580924,116,0.0026,0.1007,0.52,,-1.0764,0.0737,,,,
bob,1,28580924,117,0.0005,0.0827,0.4,,-1.0704,0.0579,,,,
bob,1,28580924,118,0.0007,0.0844,0.42,,-1.1051,0.059,,,,
bob,1,28580924,119,0.0015,0.0742,0.38,,-1.0915,0.0525,,,,
bob,1,28580924,120,0.0003,0.1116,0.6,,-1.0687,0.0869,,,,
bob,1,28580924,121,0.0009,0.1093,0.5599999999999999,,-1.0604,0.0816,,,,
bob,1,28580924,122,0.0033,0.1076,0.58,,-1.0813,0.0822,,,,
bob,1,28580924,123,0.0001,0.0942,0.5,,-1.0722,0.0718,,,,
bob,1,28580924,124,0.0011,0.1102,0.54,,-1.0739,0.0775,,,,
bob,1,28580924,125,0.0031,0.1085,0.5599999999999999,,-1.0718,0.08,,,,
bob,1,28580924,126,0.003,0.0964,0.48,,-1.0516,0.0674,,,,
bob,1,28580924,127,0.002,0.1056,0.54,,-1.0549,0.0779,,,,
bob,1,28580924,128,0.0011,0.1009,0.54,,-1.0519,0.0755,,,,
bob,1,28580924,129,0.0034,0.0957,0.48,,-1.0438,0.0687,,,,
bob,1,28580924,130,0.0005,0.1092,0.5599999999999999,,-1.033,0.0809,,,,
bob,1,28580924,131,0.0012,0.1056,0.52,,-1.041,0.0753,,,,
bob,1,28580924,132,0.0008,0.109,0.54,,-1.0507,0.0799,,,,
bob,1,28580924,133,0.003,0.0895,0.48,,-1.0445,0.0656,,,,
bob,1,28580924,134,0.0033,0.0939,0.5,,-1.0439,0.0703,,,,
bob,1,28580924,135,0.0039,0.0917,0.52,,-1.0405,0.071,,,,
bob,1,28580924,136,0.003,0.111,0.6,,-1.0414,0.0837,,,,
bob,1,28580924,137,0.0011,0.0875,0.48,,-1.0463,0.0635,,,,
bob,1,28580924,138,0.0034,0.0969,0.5,,-1.0365,0.0714,,,,
bob,1,28580924,139,0.0024,0.1099,0.58,,-1.033,0.0811,,,,
bob,1,28580924,140,0.0024,0.0848,0.42,,-1.0426,0.0606,,,,
bob,1,28580924,141,0.0014,0.1018,0.52,,-1.0462,0.0742,,,,
bob,1,28580924,142,0.0015,0.1005,0.54,,-1.0481,0.0743,,,,
bob,1,28580924,143,0.0046,0.1042,0.5599999999999999,,-1.0403,0.0782,,,,
bob,1,28580924,144,0.0033,0.1159,0.6,,-1.0427,0.0821,,,,
bob,1,28580924,145,0.0039,0.1126,0.6,,-1.0395,0.0864,,,,
bob,1,28580924,146,0.001,0.1129,0.5599999999999999,,-1.0382,0.0813,,,,
bob,1,28580924,147,0.001,0.0787,0.4,,-1.0322,0.0561,,,,
bob,1,28580924,148,0.0027,0.1141,0.6,,-1.043,0.0862,,,,
bob,1,28580924,149,0.0029,0.0835,0.44,,-1.0307,0.0584,,,,
bob,1,28580924,150,0.0001,0.1062,0.5599999999999999,,-1.0334,0.0791,,,,
bob,1,28580924,151,0.0013,0.0796,0.4,,-1.0412,0.0543,,,,
bob,1,28580924,152,0.0004,0.0998,0.52,,-1.0421,0.0714,,,,
bob,1,28580924,153,0.0007,0.0935,0.45999999999999996,,-1.0326,0.0642,,,,
bob,1,28580924,154,0.0006,0.0893,0.45999999999999996,,-1.0538,0.0646,,,,
bob,1,28580924,155,0.0029,0.0918,0.48,,-1.0317,0.0676,,,,
bob,1,28580924,156,0.0003,0.1094,0.54,,-1.0381,0.0785,,,,
bob,1,28580924,157,0.0006,0.104,0.5599999999999999,,-1.0341,0.0769,,,,
bob,1,28580924,158,0.0017,0.0861,0.45999999999999996,,-1.0325,0.0645,,,,
bob,1,28580924,159,0.001,0.1027,0.5599999999999999,,-1.0368,0.0789,,,,
bob,1,28580924,160,0.0028,0.1013,0.54,,-1.0392,0.074,,,,
bob,1,28580924,161,0.0043,0.0786,0.4,,-1.0297,0.0539,,,,
bob,1,28580924,162,0.0015,0.0931,0.52,,-1.0444,0.0719,,,,
bob,1,28580924,163,0.0012,0.1038,0.54,,-1.0415,0.0749,,,,
bob,1,28580924,164,0.0014,0.1117,0.5599999999999999,,-1.0439,0.079,,,,
bob,1,28580924,165,0.0023,0.1037,0.54,,-1.035,0.0757,,,,
bob,1,28580924,166,0.006,0.0937,0.48,,-1.0399,0.0663,,,,
bob,1,28580924,167,0.0014,0.1043,0.54,,-1.0229,0.0756,,,,
bob,1,28580924,168,0.0017,0.0834,0.44,,-1.0299,0.061,,,,
bob,1,28580924,169,0.0021,0.0887,0.45999999999999996,,-1.0403,0.0645,,,,
bob,1,28580924,170,0.0038,0.1114,0.62,,-1.0417,0.0845,,,,
bob,1,28580924,171,0.0037,0.0791,0.42,,-1.043,0.0561,,,,
bob,1,28580924,172,0.001,0.0939,0.5,,-1.0414,0.0685,,,,
bob,1,28580924,173,0.0008,0.0884,0.44,,-1.0383,0.0631,,,,
bob,1,28580924,174,0.0004,0.0789,0.42,,-1.0475,0.0566,,,,
bob,1,28580924,175,0.0046,0.092,0.52,,-1.0473,0.0716,,,,
bob,1,28580924,176,0.0022,0.0938,0.5,,-1.0432,0.068,,,,
bob,1,28580924,177,0.0054,0.1098,0.6,,-1.0307,0.0832,,,,
bob,1,28580924,178,0.0025,0.0996,0.54,,-1.0332,0.0732,,,,
bob,1,28580924,179,0.0046,0.0873,0.5,,-1.0393,0.0663,,,,
bob,1,28580924,180,0.0011,0.094,0.48,,-1.0401,0.065,,,,
bob,1,28580924,181,0.0012,0.0937,0.48,,-1.0407,0.0673,,,,
bob,1,28580924,182,0.0049,0.0819,0.45999999999999996,,-1.0423,0.0609,,,,
bob,1,28580924,183,0.0046,0.0886,0.5,,-1.0434,0.0688,,,,
bob,1,28580924,184,0.0022,0.0944,0.5,,-1.0254,0.0688,,,,
bob,1,28580924,185,0.0013,0.089,0.5,,-1.0393,0.0673,,,,
bob,1,28580924,186,0.002,0.086,0.45999999999999996,,-1.0349,0.0626,,,,
bob,1,28580924,187,0.003,0.0929,0.48,,-1.0386,0.0649,,,,
bob,1,28580924,188,0.0043,0.0907,0.5,,-1.0377,0.0701,,,,
bob,1,28580924,189,0.0017,0.0883,0.48,,-1.0517,0.0652,,,,
bob,1,28580924,190,0.003,0.0921,0.5,,-1.0488,0.0695,,,,
bob,1,28580924,191,0.0029,0.0828,0.45999999999999996,,-1.0353,0.0629,,,,
bob,1,28580924,192,0.0019,0.0931,0.48,,-1.0303,0.0661,,,,
bob,1,28580924,193,0.005,0.0782,0.44,,-1.036,0.0595,,,,
bob,1,28580924,194,0.0013,0.0866,0.45999999999999996,,-1.0441,0.0618,,,,
bob,1,28580924,195,0.0016,0.0786,0.45999999999999996,,-1.0322,0.0604,,,,
bob,1,28580924,196,0.0024,0.085,0.44,,-1.0198,0.0599,,,,
bob,1,28580924,197,0.0037,0.0928,0.48,,-1.0246,0.0647,,,,
bob,1,28580924,198,0.0019,0.098,0.52,,-1.02,0.0748,,,,
bob,1,28580924,199,0.001,0.0974,0.5599999999999999,,-1.0459,0.0793,,,,
bob,1,28580924,200,0.0005,0.0793,0.45999999999999996,,-1.0453,0.0611,,,,
bob,1,28580924,201,-0.0001,0.0973,0.52,,-1.0315,0.0703,,,,
bob,1,28580924,202,0.0008,0.092,0.52,,-1.0518,0.0695,,,,
bob,1,28580924,203,0.0001,0.0839,0.5,,-1.0511,0.0645,,,,
bob,1,28580924,204,0.0003,0.0918,0.48,,-1.0344,0.0641,,,,
bob,1,28580924,205,0.0023,0.0757,0.42,,-1.041,0.0563,,,,
bob,1,28580924,206,0.0022,0.0834,0.45999999999999996,,-1.0437,0.0614,,,,
bob,1,28580924,207,0.0054,0.0853,0.48,,-1.0374,0.0638,,,,
bob,1,28580924,208,0.0055,0.083,0.45999999999999996,,-1.0434,0.0624,,,,
bob,1,28580924,209,0.0036,0.0647,0.38,,-1.0441,0.0484,,,,
alice,1,28590177,210,0.3194,1.8617,5.5728,0.1549,,,1060,110,0.265,0.841
alice,1,28590177,211,0.346,1.5588,5.4909,0.1542,,,1060,116,0.269,0.822
alice,1,28590177,212,0.3335,1.3752,5.4768,0.1534,,,1055,92,0.272,0.853
alice,1,28590177,213,0.2798,1.2384,5.423,0.1527,,,1050,79,0.282,0.939
alice,1,28590177,214,0.3063,1.1684,5.377,0.152,,,1039,71,0.292,0.806
alice,1,28590177,215,0.2845,1.1442,5.412,0.1513,,,1042,38,0.312,0.907
alice,1,28590177,216,0.2783,1.0914,5.2954,0.1507,,,1056,47,0.301,0.911
alice,1,28590177,217,0.2253,1.0441,5.209,0.15,,,1045,56,0.292,0.829
alice,1,28590177,218,0.2004,1.0114,5.33,0.1493,,,1037,59,0.29,0.934
alice,1,28590177,219,0.204,0.9866,5.213,0.1487,,,1036,62,0.298,1.019
alice,1,28590177,220,0.1833,0.9572,5.0453,0.148,,,1042,66,0.29,0.929
alice,1,28590177,221,0.1991,0.9526,5.1398,0.1474,,,1051,53,0.306,0.93
alice,1,28590177,222,0.1827,0.9475,5.2557,0.1468,,,1040,42,0.309,0.956
alice,1,28590177,223,0.1623,0.9541,5.2087,0.1462,,,1034,51,0.299,0.81
alice,1,28590177,224,0.2185,0.9389,5.1149,0.1455,,,1051,37,0.312,1.003
alice,1,28590177,225,0.1203,0.9256,5.1691,0.1449,,,1052,50,0.28,0.876
alice,1,28590177,226,0.1287,0.9207,5.2792,0.1443,,,1041,45,0.291,0.916
alice,1,28590177,227,0.1387,0.9191,5.2073,0.1438,,,1033,46,0.293,0.821
alice,1,28590177,228,0.1373,0.914,5.1799,0.1432,,,1025,51,0.296,0.968
alice,1,28590177,229,0.1415,0.9057,5.0179,0.1426,,,1025,87,0.293,0.894
alice,1,28590177,230,0.1164,0.9365,5.2152,0.142,,,1025,63,0.301,0.897
alice,1,28590177,231,0.1449,0.9409,5.2754,0.1415,,,1038,42,0.32,0.79
alice,1,28590177,232,0.1175,0.9278,5.1756,0.1409,,,1047,39,0.308,0.715
alice,1,28590177,233,0.0809,0.8885,4.8575,0.1404,,,1041,66,0.271,0.832
alice,1,28590177,234,0.0688,0.8754,4.9845,0.1399,,,1032,94,0.247,0.747
alice,1,28590177,235,0.1238,0.8564,4.9139,0.1393,,,1036,61,0.295,0.717
alice,1,28590177,236,0.1323,0.9187,5.2107,0.1388,,,1044,46,0.308,0.771
alice,1,28590177,237,0.1132,0.9005,5.1654,0.1383,,,1042,46,0.311,0.771
alice,1,28590177,238,0.1226,0.8698,5.0076,0.1378,,,1032,59,0.278,0.742
alice,1,28590177,239,0.0791,0.8578,5.0897,0.1373,,,1039,82,0.263,0.825
alice,1,28590177,240,0.1068,0.8608,5.1838,0.1368,,,1041,61,0.288,0.73
alice,1,28590177,241,0.0869,0.8512,4.8661,0.1363,,,1046,57,0.293,0.74
alice,1,28590177,242,0.1263,0.8601,4.8635,0.1358,,,1033,80,0.3,0.755
alice,1,28590177,243,0.1086,0.8722,4.8486,0.1354,,,1044,61,0.282,0.83
alice,1,28590177,244,0.1518,0.8853,4.8959,0.1349,,,1055,48,0.317,1.027
alice,1,28590177,245,0.0995,0.9018,4.9803,0.1344,,,1046,61,0.283,0.959
alice,1,28590177,246,0.1582,0.8663,4.9095,0.134,,,1063,41,0.329,0.758
alice,1,28590177,247,0.0822,0.8909,4.9897,0.1335,,,1041,53,0.281,0.801
alice,1,28590177,248,0.135,0.8555,5.0804,0.1331,,,1046,63,0.288,0.866
alice,1,28590177,249,0.1556,0.8303,5.0964,0.1326,,,1042,52,0.328,1.106
alice,1,28590177,250,0.0916,0.826,4.7702,0.1322,,,1042,76,0.263,0.731
alice,1,28590177,251,0.0876,0.8687,4.9843,0.1322,,,1039,81,0.252,0.765
alice,1,28590177,252,0.0907,0.8403,4.8135,0.1322,,,1048,85,0.26,0.693
alice,1,28590177,253,0.0866,0.8389,4.9206,0.1322,,,1038,81,0.261,0.818
alice,1,28590177,254,0.0853,0.8317,4.7863,0.1322,,,1048,73,0.255,0.716
alice,1,28590177,255,0.087,0.8747,4.9173,0.1322,,,1044,78,0.255,0.798
alice,1,28590177,256,0.0901,0.8568,4.9129,0.1322,,,1038,88,0.253,0.752
alice,1,28590177,257,0.0813,0.8844,5.08,0.1322,,,1044,69,0.256,0.846
alice,1,28590177,258,0.1049,0.8434,5.0496,0.1322,,,1044,70,0.271,0.677
alice,1,28590177,259,0.0587,0.8513,4.7415,0.1322,,,1021,107,0.237,0.643
alice,1,28590177,260,0.1098,0.8543,4.9152,0.1322,,,1047,82,0.259,0.743
alice,1,28590177,261,0.0791,0.9075,5.0746,0.1322,,,1031,72,0.257,0.795
alice,1,28590177,262,0.0783,0.8731,4.7153,0.1322,,,1044,116,0.237,0.7
alice,1,28590177,263,0.1027,0.8537,4.8911,0.1322,,,1050,94,0.254,0.749
alice,1,28590177,264,0.0976,0.8616,5.0462,0.1322,,,1039,67,0.263,0.823
alice,1,28590177,265,0.0991,0.8306,4.7611,0.1322,,,1059,58,0.262,0.802
alice,1,28590177,266,0.0925,0.8761,4.8568,0.1322,,,1061,57,0.269,0.752
alice,1,28590177,267,0.0862,0.8595,4.8249,0.1322,,,1046,59,0.268,0.688
alice,1,28590177,268,0.0755,0.87,4.8564,0.1322,,,1048,81,0.252,0.712
alice,1,28590177,269,0.0975,0.8531,4.807,0.1322,,,1064,61,0.266,0.75
alice,1,28590177,270,0.0763,0.8942,4.9256,0.1322,,,1040,53,0.266,0.726
alice,1,28590177,271,0.081,0.8801,4.9253,0.1322,,,1029,93,0.245,0.716
alice,1,28590177,272,0.1153,0.889,5.1289,0.1322,,,1040,72,0.275,0.864
alice,1,28590177,273,0.0813,0.9183,5.0506,0.1322,,,1032,84,0.254,0.775
alice,1,28590177,274,0.1166,0.8859,4.9653,0.1322,,,1048,77,0.265,0.751
alice,1,28590177,275,0.0836,0.877,4.9716,0.1322,,,1047,66,0.25,0.726
alice,1,28590177,276,0.0876,0.8622,4.6859,0.1322,,,1054,82,0.252,0.872
alice,1,28590177,277,0.0997,0.9051,4.9716,0.1322,,,1046,67,0.251,0.791
alice,1,28590177,278,0.0783,0.8989,4.8797,0.1322,,,1049,65,0.243,0.758
alice,1,28590177,279,0.0864,0.8855,4.8945,0.1322,,,1050,66,0.259,1.058
alice,1,28590177,280,0.074,0.884,4.6929,0.1322,,,1045,89,0.246,0.881
alice,1,28590177,281,0.1336,0.8584,5.0179,0.1322,,,1042,80,0.265,0.73
alice,1,28590177,282,0.0724,0.8853,5.0512,0.1322,,,1039,76,0.245,0.829
alice,1,28590177,283,0.0746,0.8588,4.7318,0.1322,,,1050,85,0.246,0.783
alice,1,28590177,284,0.1018,0.8691,4.7239,0.1322,,,1045,75,0.258,0.77
alice,1,28590177,285,0.0884,0.8344,4.8897,0.1322,,,1038,107,0.235,0.748
alice,1,28590177,286,0.1118,0.8615,4.9467,0.1322,,,1049,63,0.258,0.803
alice,1,28590177,287,0.1027,0.8963,5.1868,0.1322,,,1026,76,0.251,0.783
alice,1,28590177,288,0.0851,0.8891,4.75,0.1322,,,1041,75,0.247,0.654
alice,1,28590177,289,0.1077,0.8625,4.8309,0.1322,,,1055,80,0.248,0.817
alice,1,28590177,290,0.127,0.8609,4.9875,0.1322,,,1045,65,0.27,0.832
alice,1,28590177,291,0.099,0.848,4.8958,0.1322,,,1055,70,0.257,0.886
alice,1,28590177,292,0.0917,0.8711,4.8539,0.1322,,,1050,77,0.26,0.77
alice,1,28590177,293,0.0918,0.8703,4.8405,0.1322,,,1054,65,0.259,0.798
alice,1,28590177,294,0.0771,0.8482,4.6516,0.1322,,,1053,61,0.266,0.837
alice,1,28590177,295,0.0794,0.868,4.7382,0.1322,,,1052,63,0.269,0.888
alice,1,28590177,296,0.0856,0.894,4.8276,0.1322,,,1051,58,0.271,0.913
alice,1,28590177,297,0.0839,0.8731,4.7561,0.1322,,,1046,97,0.256,0.751
alice,1,28590177,298,0.1091,0.9011,5.0248,0.1322,,,1057,57,0.264,0.704
alice,1,28590177,299,0.0875,0.8932,4.9699,0.1322,,,1044,63,0.262,0.808
alice,1,28590177,300,0.0994,0.8909,4.9053,0.1322,,,1047,69,0.265,0.871
alice,1,28590177,301,0.0905,0.9006,4.9214,0.1322,,,1063,46,0.274,0.879
alice,1,28590177,302,0.0904,0.8725,4.8261,0.1322,,,1055,66,0.254,0.768
alice,1,28590177,303,0.1139,0.877,4.928,0.1322,,,1061,63,0.265,0.707
alice,1,28590177,304,0.079,0.8796,4.8778,0.1322,,,1041,66,0.258,0.774
alice,1,28590177,305,0.1044,0.8264,4.8481,0.1322,,,1051,83,0.247,0.799
alice,1,28590177,306,0.0673,0.8272,4.5761,0.1322,,,1028,156,0.224,0.745
alice,1,28590177,307,0.1175,0.831,4.8834,0.1322,,,1024,154,0.239,0.829
alice,1,28590177,308,0.0987,0.877,5.026,0.1322,,,1034,98,0.248,0.846
alice,1,28590177,309,0.0872,0.8769,4.9742,0.1322,,,1037,80,0.245,0.712
alice,1,28590177,310,0.1044,0.8877,5.0412,0.1322,,,1038,72,0.263,0.775
alice,1,28590177,311,0.0961,0.889,5.0154,0.1322,,,1040,80,0.241,0.808
alice,1,28590177,312,0.1033,0.8502,4.7286,0.1322,,,1068,48,0.264,1.077
alice,1,28590177,313,0.0767,0.824,4.8533,0.1322,,,1047,75,0.242,0.749
alice,1,28590177,314,0.0629,0.8369,4.9048,0.1322,,,1043,64,0.239,0.792
alice,1,28590177,315,0.1014,0.8557,4.8367,0.1322,,,1047,65,0.259,0.811
alice,1,28590177,316,0.1068,0.8699,4.9538,0.1322,,,1045,67,0.266,0.704
alice,1,28590177,317,0.1123,0.8439,4.7868,0.1322,,,1049,70,0.265,0.788
alice,1,28590177,318,0.1148,0.8713,4.9421,0.1322,,,1052,48,0.279,0.756
bob,1,28590177,210,-0.0009,0.0853,0.45999999999999996,,-1.0424,0.0632,,,,
bob,1,28590177,211,0.0073,0.0992,0.54,,-1.0807,0.0751,,,,
bob,1,28590177,212,-0.017,0.1076,0.52,,-1.0944,0.0708,,,,
bob,1,28590177,213,-0.0095,0.0959,0.48,,-1.1187,0.0631,,,,
bob,1,28590177,214,-0.003,0.0904,0.48,,-1.1205,0.0631,,,,
bob,1,28590177,215,-0.0002,0.0713,0.38,,-1.1379,0.0454,,,,
bob,1,28590177,216,-0.0016,0.0966,0.52,,-1.1218,0.0688,,,,
bob,1,28590177,217,0.0002,0.0938,0.5,,-1.0984,0.0666,,,,
bob,1,28590177,218,0.0001,0.0958,0.52,,-1.0904,0.068,,,,
bob,1,28590177,219,0.0015,0.0989,0.54,,-1.0255,0.0709,,,,
bob,1,28590177,220,0.0025,0.1123,0.64,,-1.0757,0.0835,,,,
bob,1,28590177,221,0.0016,0.1034,0.5599999999999999,,-1.0808,0.0735,,,,
bob,1,28590177,222,0.0031,0.0894,0.48,,-1.0856,0.0632,,,,
bob,1,28590177,223,0.0032,0.1001,0.52,,-1.0781,0.0676,,,,
bob,1,28590177,224,0.0026,0.1045,0.6,,-1.099,0.077,,,,
bob,1,28590177,225,0.0016,0.1102,0.58,,-1.027,0.0762,,,,
bob,1,28590177,226,0.0022,0.0901,0.48,,-1.0617,0.0621,,,,
bob,1,28590177,227,0.0022,0.0782,0.42,,-1.0903,0.0503,,,,
bob,1,28590177,228,0.0036,0.0787,0.45999999999999996,,-1.0662,0.0567,,,,
bob,1,28590177,229,0.0031,0.1105,0.62,,-1.0597,0.0817,,,,
bob,1,28590177,230,0.0035,0.1016,0.5599999999999999,,-1.0319,0.0711,,,,
bob,1,28590177,231,0.0042,0.0868,0.48,,-1.0615,0.06,,,,
bob,1,28590177,232,0.0041,0.1006,0.54,,-1.0259,0.0682,,,,
bob,1,28590177,233,0.0049,0.1346,0.74,,-1.0271,0.0998,,,,
bob,1,28590177,234,0.0036,0.1234,0.64,,-1.0343,0.0867,,,,
bob,1,28590177,235,0.0032,0.1326,0.72,,-1.0481,0.0941,,,,
bob,1,28590177,236,0.0056,0.1116,0.6,,-1.05,0.0754,,,,
bob,1,28590177,237,0.0051,0.1104,0.64,,-1.0389,0.0797,,,,
bob,1,28590177,238,0.0045,0.1198,0.66,,-1.0643,0.0835,,,,
bob,1,28590177,239,0.0052,0.1141,0.66,,-0.998,0.0894,,,,
bob,1,28590177,240,0.0059,0.1035,0.6,,-1.0262,0.0765,,,,
bob,1,28590177,241,0.0037,0.1131,0.6799999999999999,,-1.0074,0.0827,,,,
bob,1,28590177,242,0.0046,0.1432,0.86,,-1.0281,0.1061,,,,
bob,1,28590177,243,0.0064,0.1612,0.9199999999999999,,-1.0221,0.1194,,,,
bob,1,28590177,244,0.0095,0.1387,0.8200000000000001,,-1.0412,0.1035,,,,
bob,1,28590177,245,0.0029,0.1377,0.8200000000000001,,-1.0285,0.105,,,,
bob,1,28590177,246,0.0037,0.1344,0.8,,-1.048,0.0992,,,,
bob,1,28590177,247,0.0028,0.1371,0.7799999999999999,,-1.0139,0.096,,,,
bob,1,28590177,248,0.0035,0.1225,0.76,,-1.0343,0.0984,,,,
bob,1,28590177,249,0.003,0.1198,0.6799999999999999,,-1.0488,0.0811,,,,
bob,1,28590177,250,0.0047,0.1498,0.8999999999999999,,-1.0297,0.1149,,,,
bob,1,28590177,251,0.0021,0.1213,0.6799999999999999,,-1.0377,0.0894,,,,
bob,1,28590177,252,0.003,0.1408,0.8200000000000001,,-1.0256,0.1045,,,,
bob,1,28590177,253,0.0044,0.1332,0.8200000000000001,,-1.0169,0.1049,,,,
bob,1,28590177,254,0.0042,0.14,0.88,,-1.0224,0.1139,,,,
bob,1,28590177,255,0.0052,0.1301,0.7799999999999999,,-1.0252,0.1008,,,,
bob,1,28590177,256,0.0032,0.1322,0.8,,-1.0362,0.1042,,,,
bob,1,28590177,257,0.0029,0.1203,0.6799999999999999,,-1.0258,0.0851,,,,
bob,1,28590177,258,0.0035,0.122,0.76,,-1.0164,0.0979,,,,
bob,1,28590177,259,0.0052,0.1465,0.9400000000000001,,-1.0266,0.1203,,,,
bob,1,28590177,260,0.0038,0.1437,0.86,,-1.0412,0.1145,,,,
bob,1,28590177,261,0.0038,0.1194,0.72,,-1.0228,0.0926,,,,
bob,1,28590177,262,0.0078,0.1615,0.96,,-1.021,0.1244,,,,
bob,1,28590177,263,0.0029,0.1544,0.8999999999999999,,-1.0343,0.1212,,,,
bob,1,28590177,264,0.0038,0.1383,0.7799999999999999,,-1.028,0.1014,,,,
bob,1,28590177,265,0.0028,0.1437,0.84,,-1.025,0.1061,,,,
bob,1,28590177,266,0.0031,0.1393,0.8200000000000001,,-1.0296,0.1047,,,,
bob,1,28590177,267,0.0036,0.144,0.8,,-1.0309,0.1022,,,,
bob,1,28590177,268,0.0045,0.1628,0.8999999999999999,,-1.0423,0.1165,,,,
bob,1,28590177,269,0.0027,0.1612,0.96,,-1.0205,0.1275,,,,
bob,1,28590177,270,0.0041,0.1364,0.76,,-1.0252,0.0957,,,,
bob,1,28590177,271,0.0051,0.1372,0.7799999999999999,,-1.0337,0.1021,,,,
bob,1,28590177,272,0.0046,0.1203,0.74,,-1.0287,0.0952,,,,
bob,1,28590177,273,0.0043,0.1292,0.76,,-1.0153,0.0965,,,,
bob,1,28590177,274,0.0041,0.1411,0.8999999999999999,,-1.0241,0.1162,,,,
bob,1,28590177,275,0.0033,0.1248,0.72,,-1.0204,0.0942,,,,
bob,1,28590177,276,0.0037,0.1435,0.96,,-1.0384,0.1249,,,,
bob,1,28590177,277,0.0031,0.1397,0.76,,-1.0166,0.0978,,,,
bob,1,28590177,278,0.0043,0.1514,0.84,,-1.0232,0.1087,,,,
bob,1,28590177,279,0.0046,0.1349,0.8200000000000001,,-1.0356,0.1051,,,,
bob,1,28590177,280,0.005,0.1611,0.98,,-1.0172,0.1264,,,,
bob,1,28590177,281,0.0064,0.1557,0.86,,-1.0269,0.1138,,,,
bob,1,28590177,282,0.0072,0.1257,0.7000000000000001,,-1.0104,0.0901,,,,
bob,1,28590177,283,0.0072,0.1397,0.86,,-1.0159,0.1109,,,,
bob,1,28590177,284,0.006,0.1576,0.96,,-1.0231,0.1263,,,,
bob,1,28590177,285,0.0046,0.1516,0.8999999999999999,,-1.023,0.1199,,,,
bob,1,28590177,286,0.0046,0.1383,0.7799999999999999,,-1.0235,0.1027,,,,
bob,1,28590177,287,0.0043,0.1132,0.6,,-1.0226,0.0754,,,,
bob,1,28590177,288,0.004,0.1483,0.86,,-1.027,0.1132,,,,
bob,1,28590177,289,0.0042,0.1868,0.86,,-1.0243,0.1144,,,,
bob,1,28590177,290,0.01,0.1809,0.8,,-1.0304,0.1039,,,,
bob,1,28590177,291,0.0043,0.1602,0.86,,-1.0268,0.1095,,,,
bob,1,28590177,292,0.0055,0.1411,0.84,,-1.015,0.1077,,,,
bob,1,28590177,293,0.0087,0.1514,0.8999999999999999,,-1.0316,0.1164,,,,
bob,1,28590177,294,0.0047,0.1485,0.9199999999999999,,-1.023,0.1202,,,,
bob,1,28590177,295,0.0049,0.1617,0.98,,-1.0291,0.1278,,,,
bob,1,28590177,296,0.0045,0.1668,0.9199999999999999,,-1.0226,0.122,,,,
bob,1,28590177,297,0.0048,0.1609,1.0,,-1.0282,0.128,,,,
bob,1,28590177,298,0.0055,0.1374,0.84,,-1.0199,0.1087,,,,
bob,1,28590177,299,0.0065,0.139,0.76,,-1.0231,0.0971,,,,
bob,1,28590177,300,0.0084,0.1324,0.86,,-1.0267,0.1087,,,,
bob,1,28590177,301,0.0071,0.1327,0.8200000000000001,,-1.0139,0.1063,,,,
bob,1,28590177,302,0.0027,0.1606,0.9400000000000001,,-1.0141,0.122,,,,
bob,1,28590177,303,0.0053,0.1407,0.86,,-1.0162,0.113,,,,
bob,1,28590177,304,0.0049,0.1502,0.88,,-1.0327,0.1152,,,,
bob,1,28590177,305,0.0051,0.1414,0.86,,-1.0344,0.1141,,,,
bob,1,28590177,306,0.0052,0.1771,1.0,,-1.032,0.1268,,,,
bob,1,28590177,307,0.002,0.1524,0.88,,-1.0308,0.1145,,,,
bob,1,28590177,308,0.0027,0.1226,0.72,,-1.0464,0.0948,,,,
bob,1,28590177,309,0.0019,0.1264,0.72,,-1.0292,0.0918,,,,
bob,1,28590177,310,0.0037,0.1284,0.6799999999999999,,-1.029,0.0858,,,,
bob,1,28590177,311,0.0022,0.17,0.88,,-1.031,0.1145,,,,
bob,1,28590177,312,0.002,0.1637,0.88,,-1.0324,0.1164,,,,
bob,1,28590177,313,0.0053,0.1333,0.8200000000000001,,-1.0212,0.1052,,,,
bob,1,28590177,314,0.0027,0.1395,0.74,,-1.0262,0.0963,,,,
bob,1,28590177,315,0.0058,0.1507,0.84,,-1.0283,0.1107,,,,
bob,1,28590177,316,0.0048,0.136,0.86,,-1.0257,0.1119,,,,
bob,1,28590177,317,0.0036,0.1445,0.9199999999999999,,-1.0211,0.1184,,,,
bob,1,28590177,318,0.0061,0.1442,0.8200000000000001,,-1.0139,0.1054,,,,
alice,1,28598809,490,0.219,1.9693,5.3266,0.1322,,,1108,36,0.309,0.984
alice,1,28598809,491,0.2877,1.7942,5.4678,0.1322,,,1058,13,0.406,0.733
alice,1,28598809,492,0.3642,1.6163,5.5218,0.1322,,,1055,2,0.423,0.76
alice,1,28598809,493,0.3025,1.4395,5.4792,0.1322,,,1057,7,0.45,0.777
alice,1,28598809,494,0.2593,1.2907,5.1324,0.1322,,,1095,12,0.438,0.745
alice,1,28598809,495,0.164,1.2677,5.3057,0.1322,,,1089,10,0.421,0.789
alice,1,28598809,496,0.1566,1.176,5.0455,0.1322,,,1089,21,0.399,0.691
alice,1,28598809,497,0.1465,1.1403,5.0846,0.1322,,,1085,22,0.382,1.078
alice,1,28598809,498,0.1455,1.0367,4.6797,0.1322,,,1107,13,0.373,0.693
alice,1,28598809,499,0.1267,1.0152,4.7185,0.1322,,,1093,29,0.385,0.766
alice,1,28598809,500,0.1454,1.036,4.9189,0.1322,,,1075,28,0.37,0.785
alice,1,28598809,501,0.1169,0.9999,4.8386,0.1322,,,1076,55,0.322,0.678
alice,1,28598809,502,0.1147,0.985,4.8063,0.1322,,,1086,29,0.362,0.737
alice,1,28598809,503,0.1081,0.9622,4.6477,0.1322,,,1064,40,0.364,0.769
alice,1,28598809,504,0.1265,0.9548,4.8784,0.1322,,,1060,38,0.348,0.698
alice,1,28598809,505,0.0902,0.9359,4.6801,0.1322,,,1062,68,0.308,0.85
alice,1,28598809,506,0.1179,0.8873,4.4652,0.1322,,,1085,53,0.336,1.029
alice,1,28598809,507,0.1381,0.9228,4.8353,0.1322,,,1061,40,0.356,0.732
alice,1,28598809,508,0.1632,0.9045,4.6194,0.1322,,,1082,35,0.326,0.737
alice,1,28598809,509,0.105,0.8886,4.6324,0.1322,,,1067,43,0.321,0.735
alice,1,28598809,510,0.1236,0.8929,4.3805,0.1322,,,1072,41,0.336,0.769
alice,1,28598809,511,0.1454,0.8986,4.3682,0.1322,,,1080,41,0.366,0.787
alice,1,28598809,512,0.079,0.8647,3.8772,0.1322,,,1082,115,0.284,0.69
alice,1,28598809,513,0.1826,0.8828,4.2439,0.1322,,,1110,43,0.364,0.761
alice,1,28598809,514,0.0916,0.8783,4.2037,0.1322,,,1073,92,0.303,0.761
alice,1,28598809,515,0.1767,0.89,4.8325,0.1322,,,1063,71,0.34,0.84
alice,1,28598809,516,0.1035,0.8928,4.9776,0.1322,,,1025,94,0.274,0.799
alice,1,28598809,517,0.1401,0.9041,4.7783,0.1322,,,1052,42,0.341,0.787
alice,1,28598809,518,0.1367,0.9416,4.5256,0.1322,,,1065,42,0.333,0.757
alice,1,28598809,519,0.1681,0.9163,4.4842,0.1322,,,1086,39,0.358,0.722
alice,1,28598809,520,0.1601,0.9523,4.6091,0.1322,,,1060,46,0.326,0.687
alice,1,28598809,521,0.1298,0.9441,4.8832,0.1322,,,1061,60,0.31,0.708
alice,1,28598809,522,0.1276,0.965,4.9736,0.1322,,,1059,44,0.317,0.759
alice,1,28598809,523,0.1245,0.8953,4.4858,0.1322,,,1079,45,0.343,0.7
alice,1,28598809,524,0.1397,0.9477,4.6167,0.1322,,,1063,34,0.339,0.865
alice,1,28598809,525,0.1442,0.9196,4.6828,0.1322,,,1073,45,0.324,0.7
alice,1,28598809,526,0.1235,0.9233,4.6293,0.1322,,,1076,27,0.323,0.868
alice,1,28598809,527,0.1157,0.8936,4.2759,0.1322,,,1085,41,0.325,0.861
alice,1,28598809,528,0.1372,0.8857,4.358,0.1322,,,1092,41,0.328,0.71
alice,1,28598809,529,0.1391,0.8862,4.4716,0.1322,,,1074,41,0.334,0.773
alice,1,28598809,530,0.1526,0.8956,4.7183,0.1322,,,1060,58,0.329,0.757
alice,1,28598809,531,0.1074,0.9155,4.4519,0.1322,,,1063,58,0.305,0.786
alice,1,28598809,532,0.1718,0.8759,4.3632,0.1322,,,1086,38,0.334,0.851
alice,1,28598809,533,0.1178,0.9487,4.6494,0.1322,,,1064,38,0.307,0.688
alice,1,28598809,534,0.1326,0.8971,4.3438,0.1322,,,1088,37,0.323,0.698
alice,1,28598809,535,0.126,0.9872,4.6473,0.1322,,,1052,44,0.339,0.829
alice,1,28598809,536,0.1092,0.971,4.317,0.1322,,,1082,68,0.304,0.863
alice,1,28598809,537,0.1648,0.9246,4.4571,0.1322,,,1088,56,0.327,0.76
alice,1,28598809,538,0.1291,0.907,4.4922,0.1322,,,1078,57,0.314,0.775
alice,1,28598809,539,0.1546,0.9328,4.5711,0.1322,,,1078,44,0.347,0.741
alice,1,28598809,540,0.1267,0.9132,4.3443,0.1322,,,1088,50,0.32,0.712
alice,1,28598809,541,0.1281,0.8988,4.2548,0.1322,,,1088,60,0.314,0.797
alice,1,28598809,542,0.1225,0.916,4.2924,0.1322,,,1089,49,0.328,0.769
alice,1,28598809,543,0.1373,0.8679,4.1793,0.1322,,,1105,44,0.324,0.844
alice,1,28598809,544,0.1318,0.9444,4.5023,0.1322,,,1081,41,0.326,0.729
alice,1,28598809,545,0.1731,0.9167,4.448,0.1322,,,1085,40,0.331,0.722
alice,1,28598809,546,0.1078,0.8554,4.5171,0.1322,,,1015,192,0.241,0.747
alice,1,28598809,547,0.1244,0.9506,4.5809,0.1322,,,1039,130,0.253,0.703
alice,1,28598809,548,0.1886,0.9054,4.557,0.1322,,,1061,92,0.296,0.763
alice,1,28598809,549,0.1509,0.9089,4.596,0.1322,,,1068,69,0.298,0.843
alice,1,28598809,550,0.0081,0.7398,3.9849,0.1322,,,895,525,0.156,0.667
alice,1,28598809,551,0.1211,0.7976,4.2505,0.1322,,,1074,227,0.24,0.703
alice,1,28598809,552,0.1158,0.7698,3.9775,0.1322,,,1008,292,0.232,0.754
alice,1,28598809,553,0.1833,0.7169,3.8709,0.1322,,,1079,197,0.269,0.684
alice,1,28598809,554,0.1293,0.7846,4.0591,0.1322,,,1081,157,0.251,0.786
alice,1,28598809,555,0.1174,0.8116,4.105,0.1322,,,1064,127,0.271,0.707
alice,1,28598809,556,0.1715,0.8783,4.2854,0.1322,,,1095,45,0.331,0.759
alice,1,28598809,557,0.1114,0.8775,4.4773,0.1322,,,1056,110,0.264,0.858
alice,1,28598809,558,0.1105,0.913,4.646,0.1322,,,1068,87,0.279,0.741
alice,1,28598809,559,0.1246,0.8605,4.3556,0.1322,,,1063,95,0.272,0.886
alice,1,28598809,560,0.0805,0.8045,4.2118,0.1322,,,1041,197,0.216,0.719
alice,1,28598809,561,0.1183,0.7943,4.2705,0.1322,,,1077,118,0.251,0.942
alice,1,28598809,562,0.086,0.7804,4.2257,0.1322,,,1058,130,0.253,0.799
alice,1,28598809,563,0.0854,0.7734,4.0171,0.1322,,,1082,132,0.251,0.738
alice,1,28598809,564,0.092,0.8492,4.0705,0.1322,,,1074,133,0.268,0.924
alice,1,28598809,565,0.1265,0.7869,4.03,0.1322,,,1101,89,0.3,0.766
alice,1,28598809,566,0.1161,0.8542,4.3555,0.1322,,,1083,67,0.304,0.805
alice,1,28598809,567,0.1694,0.8936,4.6145,0.1322,,,1077,28,0.336,0.89
alice,1,28598809,568,0.1162,0.8928,4.4019,0.1322,,,1072,46,0.304,0.681
alice,1,28598809,569,0.1245,0.8549,4.4533,0.1322,,,1082,34,0.303,0.775
alice,1,28598809,570,0.0692,0.8625,4.2995,0.1322,,,1006,200,0.232,0.728
alice,1,28598809,571,0.1183,0.9016,4.1408,0.1322,,,1079,130,0.287,0.957
alice,1,28598809,572,0.1529,0.8973,4.278,0.1322,,,1095,83,0.334,0.726
alice,1,28598809,573,0.1474,0.8497,4.5363,0.1322,,,1067,81,0.31,0.79
alice,1,28598809,574,0.1004,0.8745,4.4118,0.1322,,,1043,114,0.269,0.836
alice,1,28598809,575,0.138,0.8832,4.6946,0.1322,,,1066,80,0.28,0.666
alice,1,28598809,576,0.042,0.8048,4.1976,0.1322,,,995,263,0.197,0.653
alice,1,28598809,577,0.0556,0.7459,4.1608,0.1322,,,1008,323,0.178,0.772
alice,1,28598809,578,0.1029,0.7957,4.0246,0.1322,,,1036,251,0.223,0.728
alice,1,28598809,579,0.1342,0.8952,4.3405,0.1322,,,1109,73,0.326,0.689
alice,1,28598809,580,0.1314,0.8376,4.565,0.1322,,,1041,115,0.292,0.725
alice,1,28598809,581,0.1045,0.8694,4.5232,0.1322,,,1046,132,0.251,0.761
alice,1,28598809,582,0.1262,0.8637,4.5532,0.1322,,,1037,105,0.278,0.758
alice,1,28598809,583,0.0896,0.786,4.2054,0.1322,,,1053,187,0.221,0.811
alice,1,28598809,584,0.1006,0.8355,4.3091,0.1322,,,1073,150,0.246,0.848
alice,1,28598809,585,0.1195,0.7977,4.0304,0.1322,,,1069,132,0.261,0.674
alice,1,28598809,586,0.0695,0.7348,4.0068,0.1322,,,1046,220,0.214,0.663
alice,1,28598809,587,0.0689,0.7863,4.3707,0.1322,,,1029,226,0.223,0.71
alice,1,28598809,588,0.0988,0.7666,4.2112,0.1322,,,1037,216,0.235,0.798
alice,1,28598809,589,0.0932,0.7426,3.9169,0.1322,,,1065,179,0.233,0.782
alice,1,28598809,590,0.1091,0.8165,4.1233,0.1322,,,1076,128,0.272,0.698
alice,1,28598809,591,0.1172,0.8148,4.2143,0.1322,,,1046,150,0.267,0.668
alice,1,28598809,592,0.1216,0.831,4.1937,0.1322,,,1089,89,0.295,0.83
alice,1,28598809,593,0.1354,0.8959,4.6642,0.1322,,,1065,55,0.329,0.688
alice,1,28598809,594,0.1542,0.8724,4.6235,0.1322,,,1059,49,0.334,0.702
alice,1,28598809,595,0.0845,0.7972,4.2441,0.1322,,,1065,141,0.238,0.926
alice,1,28598809,596,0.0477,0.7479,4.1425,0.1322,,,1016,231,0.199,0.654
alice,1,28598809,597,0.0939,0.7865,4.1208,0.1322,,,1080,131,0.244,0.705
alice,1,28598809,598,0.0953,0.8949,4.4142,0.1322,,,1056,101,0.282,0.726
alice,1,28598809,599,0.1358,0.9418,4.5184,0.1322,,,1088,38,0.357,0.797
alice,1,28598809,600,0.1406,0.9117,4.4421,0.1322,,,1102,40,0.363,0.773
alice,1,28598809,601,0.1511,0.8641,4.7325,0.1322,,,1073,43,0.337,0.773
alice,1,28598809,602,0.0848,0.8879,4.3219,0.1322,,,1057,74,0.283,0.736
alice,1,28598809,603,0.1169,0.8258,4.1735,0.1322,,,1056,116,0.287,0.731
alice,1,28598809,604,0.0955,0.7922,4.0767,0.1322,,,1097,82,0.269,0.781
alice,1,28598809,605,0.0661,0.7744,4.1696,0.1322,,,1041,152,0.23,0.747
alice,1,28598809,606,0.0732,0.7946,4.0639,0.1322,,,1082,109,0.262,0.775
alice,1,28598809,607,0.1142,0.8329,4.341,0.1322,,,1075,80,0.306,0.822
alice,1,28598809,608,0.0695,0.8496,4.2686,0.1322,,,1064,101,0.275,0.814
alice,1,28598809,609,0.0893,0.825,4.1313,0.1322,,,1089,96,0.281,0.789
alice,1,28598809,610,0.0817,0.8236,4.2281,0.1322,,,1044,147,0.245,0.805
alice,1,28598809,611,0.105,0.8403,3.9376,0.1322,,,1104,98,0.287,0.811
alice,1,28598809,612,0.1111,0.8582,3.8857,0.1322,,,1085,107,0.291,0.756
alice,1,28598809,613,0.1477,0.8215,3.8627,0.1322,,,1106,98,0.306,0.824
alice,1,28598809,614,0.1159,0.8888,4.4267,0.1322,,,1073,67,0.319,0.791
alice,1,28598809,615,0.1012,0.8817,4.4205,0.1322,,,1083,63,0.304,0.83
alice,1,28598809,616,0.1107,0.8963,4.8057,0.1322,,,1059,66,0.301,0.754
alice,1,28598809,617,0.1182,0.845,4.5395,0.1322,,,1062,77,0.285,0.744
alice,1,28598809,618,0.0659,0.8503,4.5329,0.1322,,,1065,68,0.276,0.827
alice,1,28598809,619,0.1177,0.8119,4.083,0.1322,,,1096,64,0.292,0.705
alice,1,28598809,620,0.0917,0.8732,4.4945,0.1322,,,1087,56,0.289,0.811
alice,1,28598809,621,0.0857,0.8782,4.5256,0.1322,,,1080,49,0.309,0.702
alice,1,28598809,622,0.1123,0.8592,4.5463,0.1322,,,1072,50,0.316,0.692
alice,1,28598809,623,0.106,0.8123,4.1982,0.1322,,,1082,74,0.28,0.771
alice,1,28598809,624,0.0789,0.8123,4.3379,0.1322,,,1077,87,0.269,0.761
alice,1,28598809,625,0.1273,0.8736,4.3405,0.1322,,,1100,39,0.335,0.868
alice,1,28598809,626,0.1663,0.8706,4.615,0.1322,,,1071,21,0.375,0.737
alice,1,28598809,627,0.0914,0.8694,4.606,0.1322,,,1065,49,0.304,0.749
alice,1,28598809,628,0.0999,0.8732,4.4665,0.1322,,,1058,70,0.272,0.742
alice,1,28598809,629,0.0511,0.8177,4.0951,0.1322,,,1031,189,0.227,0.745
alice,1,28598809,630,0.0861,0.7392,3.9052,0.1322,,,1078,186,0.232,0.809
alice,1,28598809,631,0.1,0.766,3.9105,0.1322,,,1079,148,0.244,0.738
alice,1,28598809,632,0.0853,0.7141,3.964,0.1322,,,1048,205,0.226,0.744
alice,1,28598809,633,0.0989,0.7729,4.1076,0.1322,,,1103,71,0.281,0.772
alice,1,28598809,634,0.1384,0.8088,4.2827,0.1322,,,1074,49,0.322,0.743
alice,1,28598809,635,0.1052,0.8406,4.2392,0.1322,,,1076,71,0.281,0.789
alice,1,28598809,636,0.0919,0.8223,4.3213,0.1322,,,1089,39,0.32,0.777
alice,1,28598809,637,0.1405,0.9081,4.4648,0.1322,,,1070,61,0.327,0.734
alice,1,28598809,638,0.1534,0.8319,4.0326,0.1322,,,1073,82,0.304,0.728
alice,1,28598809,639,0.1268,0.8832,4.4539,0.1322,,,1073,84,0.271,0.648
alice,1,28598809,640,0.1527,0.9396,4.7314,0.1322,,,1071,34,0.33,0.743
alice,1,28598809,641,0.1365,0.8503,4.1953,0.1322,,,1080,86,0.304,0.799
alice,1,28598809,642,0.0928,0.8037,4.1495,0.1322,,,1060,145,0.236,0.713
alice,1,28598809,643,0.0923,0.7883,4.0977,0.1322,,,1083,130,0.232,0.766
alice,1,28598809,644,0.0923,0.7644,3.8828,0.1322,,,1108,110,0.241,0.698
alice,1,28598809,645,0.0895,0.7563,3.9336,0.1322,,,1098,88,0.278,0.682
alice,1,28598809,646,0.133,0.8059,4.254,0.1322,,,1110,35,0.325,0.753
alice,1,28598809,647,0.1078,0.8171,4.5338,0.1322,,,1063,67,0.282,0.885
alice,1,28598809,648,0.1318,0.8562,4.6574,0.1322,,,1079,41,0.311,0.772
alice,1,28598809,649,0.2053,0.8784,4.9696,0.1322,,,1040,57,0.308,0.767
alice,1,28598809,650,0.0955,0.8443,4.8011,0.1322,,,1051,46,0.284,0.845
alice,1,28598809,651,0.0875,0.8137,4.4511,0.1322,,,1070,51,0.294,0.686
alice,1,28598809,652,0.1149,0.835,4.6045,0.1322,,,1061,39,0.303,0.724
alice,1,28598809,653,0.0798,0.8296,4.4423,0.1322,,,1056,88,0.268,0.739
alice,1,28598809,654,0.128,0.8548,4.561,0.1322,,,1076,56,0.292,0.837
alice,1,28598809,655,0.0958,0.8684,4.7632,0.1322,,,1030,86,0.266,0.732
alice,1,28598809,656,0.1042,0.8978,4.7864,0.1322,,,1066,63,0.272,0.823
alice,1,28598809,657,0.1151,0.8739,4.669,0.1322,,,1051,87,0.274,0.877
alice,1,28598809,658,0.1135,0.8167,4.3909,0.1322,,,1069,91,0.264,0.864
alice,1,28598809,659,0.1043,0.8645,4.4126,0.1322,,,1070,80,0.28,0.742
alice,1,28598809,660,0.1859,0.8581,4.6327,0.1322,,,1088,34,0.341,0.742
alice,1,28598809,661,0.0498,0.8437,4.4866,0.1322,,,1040,131,0.214,0.646
alice,1,28598809,662,0.0234,0.7936,4.0067,0.1322,,,1012,236,0.192,0.756
alice,1,28598809,663,0.1116,0.8477,4.4661,0.1322,,,1094,85,0.267,0.725
alice,1,28598809,664,0.1051,0.7714,4.0551,0.1322,,,1093,103,0.257,0.929
alice,1,28598809,665,0.076,0.7515,3.8051,0.1322,,,1085,103,0.25,0.756
alice,1,28598809,666,0.0923,0.8046,4.1751,0.1322,,,1082,96,0.272,0.791
alice,1,28598809,667,0.077,0.8039,4.2995,0.1322,,,1067,123,0.261,0.815
alice,1,28598809,668,0.1126,0.8774,4.4416,0.1322,,,1067,89,0.308,0.902
alice,1,28598809,669,0.1463,0.8438,4.4421,0.1322,,,1076,63,0.335,0.752
alice,1,28598809,670,0.1282,0.8539,4.8333,0.1322,,,1065,47,0.314,0.734
alice,1,28598809,671,0.1262,0.8424,4.4741,0.1322,,,1062,60,0.287,0.676
alice,1,28598809,672,0.0919,0.8389,4.3191,0.1322,,,1061,83,0.262,0.702
alice,1,28598809,673,0.0773,0.8529,4.3551,0.1322,,,1082,73,0.279,0.72
alice,1,28598809,674,0.1174,0.8288,4.1607,0.1322,,,1086,95,0.274,1.002
alice,1,28598809,675,0.0904,0.8095,4.2143,0.1322,,,1070,125,0.243,0.726
alice,1,28598809,676,0.1159,0.8355,4.1357,0.1322,,,1103,79,0.287,0.821
alice,1,28598809,677,0.102,0.842,4.4259,0.1322,,,1077,51,0.311,0.907
alice,1,28598809,678,0.1134,0.8135,4.2857,0.1322,,,1076,67,0.32,0.73
alice,1,28598809,679,0.1033,0.8203,4.5036,0.1322,,,1072,73,0.277,0.768
alice,1,28598809,680,0.1095,0.8648,4.7677,0.1322,,,1055,61,0.287,0.778
alice,1,28598809,681,0.1013,0.8778,4.6253,0.1322,,,1053,77,0.284,0.732
alice,1,28598809,682,0.0626,0.7926,3.8918,0.1322,,,1039,206,0.228,0.688
alice,1,28598809,683,0.1371,0.8477,4.3996,0.1322,,,1069,106,0.279,0.795
alice,1,28598809,684,0.1445,0.8573,4.5142,0.1322,,,1095,36,0.307,0.811
alice,1,28598809,685,0.1331,0.9485,4.7611,0.1322,,,1082,37,0.305,0.894
alice,1,28598809,686,0.1423,0.8704,4.7043,0.1322,,,1073,25,0.327,0.85
alice,1,28598809,687,0.098,0.8362,4.5654,0.1322,,,1069,54,0.282,0.972
alice,1,28598809,688,0.1038,0.8246,4.2217,0.1322,,,1074,80,0.269,0.756
alice,1,28598809,689,0.0717,0.8119,4.0185,0.1322,,,1054,150,0.231,0.936
alice,1,28598809,690,0.078,0.7747,3.9623,0.1322,,,1054,177,0.222,0.887
alice,1,28598809,691,0.0825,0.7989,4.2061,0.1322,,,1044,183,0.224,0.782
alice,1,28598809,692,0.1093,0.7433,3.8095,0.1322,,,1097,140,0.249,0.859
alice,1,28598809,693,0.1376,0.9053,4.4789,0.1322,,,1085,52,0.318,0.935
alice,1,28598809,694,0.1581,0.842,4.6037,0.1322,,,1083,37,0.352,0.732
alice,1,28598809,695,0.0969,0.8329,4.5837,0.1322,,,1065,55,0.308,0.739
alice,1,28598809,696,0.1245,0.9147,4.6916,0.1322,,,1066,46,0.313,0.697
alice,1,28598809,697,0.0981,0.8495,4.1682,0.1322,,,1033,177,0.239,0.678
alice,1,28598809,698,0.0963,0.7671,3.7185,0.1322,,,1074,203,0.23,0.833
alice,1,28598809,699,0.1318,0.8779,4.2511,0.1322,,,1076,102,0.302,0.823
alice,1,28598809,700,0.1749,0.8777,4.6125,0.1322,,,1070,73,0.306,0.739
alice,1,28598809,701,0.0642,0.873,4.606,0.1322,,,1046,121,0.245,0.928
alice,1,28598809,702,0.1281,0.9379,4.8165,0.1322,,,1062,60,0.314,0.801
alice,1,28598809,703,0.1755,0.8602,4.8,0.1322,,,1075,31,0.321,0.797
alice,1,28598809,704,0.0475,0.8275,4.4202,0.1322,,,1029,188,0.199,0.712
alice,1,28598809,705,0.0952,0.8215,4.4679,0.1322,,,1054,136,0.244,0.838
alice,1,28598809,706,0.0994,0.835,4.4681,0.1322,,,1054,109,0.269,0.786
alice,1,28598809,707,0.1156,0.8429,4.4557,0.1322,,,1096,59,0.298,0.856
alice,1,28598809,708,0.1433,0.9497,4.683,0.1322,,,1064,43,0.348,0.818
alice,1,28598809,709,0.1423,0.9238,4.8364,0.1322,,,1064,37,0.329,0.945
alice,1,28598809,710,0.074,0.8805,4.456,0.1322,,,1043,125,0.261,0.759
alice,1,28598809,711,0.0812,0.857,4.3087,0.1322,,,1094,75,0.272,0.753
alice,1,28598809,712,0.1079,0.9637,4.7326,0.1322,,,1063,49,0.307,0.769
alice,1,28598809,713,0.1644,0.8282,4.3196,0.1322,,,1096,77,0.309,0.747
alice,1,28598809,714,0.0861,0.8448,4.3606,0.1322,,,1058,112,0.237,0.912
alice,1,28598809,715,0.0901,0.8353,4.6455,0.1322,,,1062,68,0.279,0.794
alice,1,28598809,716,0.137,0.8568,4.4273,0.1322,,,1065,49,0.299,0.929
alice,1,28598809,717,0.107,0.81,4.3759,0.1322,,,1085,92,0.259,0.81
alice,1,28598809,718,0.0999,0.8606,4.5588,0.1322,,,1072,53,0.291,0.816
alice,1,28598809,719,0.1116,0.8456,4.5308,0.1322,,,1078,37,0.313,0.853
alice,1,28598809,720,0.1326,0.8532,4.7146,0.1322,,,1066,33,0.339,0.741
alice,1,28598809,721,0.1312,0.9653,4.9071,0.1322,,,1038,46,0.306,0.737
alice,1,28598809,722,0.1483,0.9855,4.8262,0.1322,,,1061,34,0.333,0.846
alice,1,28598809,723,0.124,0.8758,4.4674,0.1322,,,1095,45,0.324,0.855
alice,1,28598809,724,0.1119,0.9369,4.6763,0.1322,,,1053,43,0.318,0.801
alice,1,28598809,725,0.1267,0.8947,4.5935,0.1322,,,1078,57,0.279,0.944
alice,1,28598809,726,0.0927,0.8661,4.4408,0.1322,,,1079,76,0.27,0.684
alice,1,28598809,727,0.0807,0.91,4.5502,0.1322,,,1075,53,0.289,0.722
alice,1,28598809,728,0.118,0.9602,4.6336,0.1322,,,1077,41,0.319,0.79
alice,1,28598809,729,0.1441,0.8762,4.4832,0.1322,,,1087,31,0.34,0.734
alice,1,28598809,730,0.1264,0.9079,4.535,0.1322,,,1087,42,0.315,0.901
alice,1,28598809,731,0.1617,0.9013,4.6725,0.1322,,,1078,29,0.33,0.86
alice,1,28598809,732,0.1381,0.8652,4.6931,0.1322,,,1066,36,0.332,0.867
alice,1,28598809,733,0.0943,0.8554,4.5606,0.1322,,,1072,43,0.302,0.846
alice,1,28598809,734,0.1415,0.7821,4.1763,0.1322,,,1085,38,0.314,0.783
alice,1,28598809,735,0.0719,0.7254,3.9805,0.1322,,,1080,89,0.254,1.079
alice,1,28598809,736,0.0637,0.8221,4.5026,0.1322,,,1055,67,0.278,0.774
alice,1,28598809,737,0.1221,0.851,4.4593,0.1322,,,1081,36,0.32,0.932
alice,1,28598809,738,0.12,0.8696,4.5687,0.1322,,,1065,47,0.296,0.798
alice,1,28598809,739,0.1165,0.9122,4.6086,0.1322,,,1064,56,0.294,0.881
alice,1,28598809,740,0.1162,0.8858,4.3066,0.1322,,,1093,45,0.318,0.885
alice,1,28598809,741,0.1338,0.8472,4.4437,0.1322,,,1076,35,0.348,0.816
alice,1,28598809,742,0.1108,0.8649,4.5681,0.1322,,,1072,39,0.299,0.787
alice,1,28598809,743,0.1066,0.8132,4.3142,0.1322,,,1088,49,0.306,0.736
alice,1,28598809,744,0.1255,0.802,4.1734,0.1322,,,1074,83,0.281,0.758
alice,1,28598809,745,0.0902,0.8561,4.5718,0.1322,,,1074,65,0.284,0.749
alice,1,28598809,746,0.143,0.9013,4.777,0.1322,,,1060,46,0.324,0.807
alice,1,28598809,747,0.1675,0.8464,4.762,0.1322,,,1071,20,0.35,0.796
alice,1,28598809,748,0.1285,0.8831,4.4687,0.1322,,,1062,61,0.308,0.72
alice,1,28598809,749,0.1571,0.8074,4.3795,0.1322,,,1096,42,0.327,0.709
alice,1,28598809,750,0.09,0.7898,4.1723,0.1322,,,1082,89,0.257,0.91
alice,1,28598809,751,0.0806,0.8228,4.463,0.1322,,,1086,66,0.272,0.71
alice,1,28598809,752,0.1243,0.8143,4.3828,0.1322,,,1085,34,0.322,0.813
alice,1,28598809,753,0.1371,0.8231,4.578,0.1322,,,1073,44,0.308,0.725
alice,1,28598809,754,0.0828,0.8117,4.3803,0.1322,,,1069,66,0.278,0.709
alice,1,28598809,755,0.1229,0.8458,4.3759,0.1322,,,1075,63,0.286,0.767
alice,1,28598809,756,0.0949,0.8196,4.3303,0.1322,,,1082,64,0.281,0.889
alice,1,28598809,757,0.1112,0.8189,4.2928,0.1322,,,1083,84,0.289,0.776
alice,1,28598809,758,0.1448,0.8252,4.2102,0.1322,,,1079,71,0.302,0.71
alice,1,28598809,759,0.0891,0.7908,3.9358,0.1322,,,1110,75,0.266,0.752
alice,1,28598809,760,0.0969,0.827,4.2506,0.1322,,,1079,88,0.262,0.783
alice,1,28598809,761,0.0747,0.7532,3.7426,0.1322,,,1088,135,0.241,0.88
alice,1,28598809,762,0.0908,0.8218,4.1969,0.1322,,,1076,109,0.253,0.749
alice,1,28598809,763,0.1116,0.8873,4.6904,0.1322,,,1072,52,0.291,0.738
alice,1,28598809,764,0.0994,0.8765,4.5936,0.1322,,,1058,66,0.266,0.82
alice,1,28598809,765,0.0796,0.8798,4.5212,0.1322,,,1064,80,0.265,0.744
alice,1,28598809,766,0.1281,0.9058,4.4252,0.1322,,,1087,40,0.307,0.796
alice,1,28598809,767,0.0942,0.8135,4.2,0.1322,,,1098,55,0.275,0.782
alice,1,28598809,768,0.0874,0.8604,4.4635,0.1322,,,1072,75,0.259,0.784
alice,1,28598809,769,0.086,0.8523,4.3697,0.1322,,,1076,52,0.285,0.669
alice,1,28598809,770,0.1131,0.9082,4.7354,0.1322,,,1060,44,0.305,0.696
alice,1,28598809,771,0.0899,0.8614,4.3747,0.1322,,,1087,74,0.281,0.887
alice,1,28598809,772,0.1039,0.8107,4.0152,0.1322,,,1103,77,0.283,0.796
alice,1,28598809,773,0.0802,0.8123,4.0311,0.1322,,,1079,94,0.277,0.734
alice,1,28598809,774,0.1287,0.8185,4.102,0.1322,,,1116,39,0.318,0.818
alice,1,28598809,775,0.1146,0.8345,4.4444,0.1322,,,1089,31,0.31,0.786
alice,1,28598809,776,0.0979,0.8695,4.5899,0.1322,,,1077,23,0.307,0.774
alice,1,28598809,777,0.0583,0.8772,4.6314,0.1322,,,1056,46,0.28,0.802
alice,1,28598809,778,0.0568,0.8851,4.4548,0.1322,,,1076,42,0.295,0.713
alice,1,28598809,779,0.0873,0.873,4.3102,0.1322,,,1086,45,0.3,0.725
alice,1,28598809,780,0.0675,0.8359,4.1858,0.1322,,,1077,69,0.279,0.732
alice,1,28598809,781,0.0863,0.8582,4.367,0.1322,,,1085,49,0.283,0.837
alice,1,28598809,782,0.1047,0.8194,4.2828,0.1322,,,1094,34,0.3,0.78
alice,1,28598809,783,0.0841,0.8,4.3214,0.1322,,,1081,58,0.277,0.825
alice,1,28598809,784,0.0837,0.8014,4.1872,0.1322,,,1077,51,0.28,0.813
alice,1,28598809,785,0.0814,0.8104,4.0568,0.1322,,,1100,51,0.283,0.752
alice,1,28598809,786,0.0659,0.8268,4.1518,0.1322,,,1092,67,0.28,0.734
alice,1,28598809,787,0.0754,0.8224,4.1473,0.1322,,,1075,89,0.269,0.808
alice,1,28598809,788,0.0813,0.8098,3.9767,0.1322,,,1099,85,0.273,0.807
alice,1,28598809,789,0.0933,0.7631,4.0519,0.1322,,,1094,108,0.257,0.826
alice,1,28598809,790,0.0836,0.8178,4.1231,0.1322,,,1095,60,0.288,0.753
alice,1,28598809,791,0.1057,0.8015,4.0378,0.1322,,,1088,80,0.289,0.763
alice,1,28598809,792,0.0916,0.7929,4.0267,0.1322,,,1088,89,0.256,0.644
alice,1,28598809,793,0.0891,0.8166,4.227,0.1322,,,1080,93,0.258,0.844
alice,1,28598809,794,0.0881,0.8403,4.2984,0.1322,,,1094,60,0.297,0.717
alice,1,28598809,795,0.1064,0.7587,3.8406,0.1322,,,1092,93,0.283,0.84
alice,1,28598809,796,0.082,0.7555,4.0228,0.1322,,,1105,91,0.263,0.832
alice,1,28598809,797,0.0549,0.7983,4.1435,0.1322,,,1057,110,0.253,0.798
alice,1,28598809,798,0.0814,0.8322,4.2739,0.1322,,,1095,61,0.288,0.802
alice,1,28598809,799,0.1028,0.8297,4.257,0.1322,,,1074,79,0.275,0.713
alice,1,28598809,800,0.1073,0.8087,4.4241,0.1322,,,1070,93,0.264,0.729
alice,1,28598809,801,0.0824,0.7694,4.1643,0.1322,,,1089,69,0.274,0.848
alice,1,28598809,802,0.0778,0.8262,4.2116,0.1322,,,1082,54,0.297,0.846
alice,1,28598809,803,0.0974,0.8082,4.0538,0.1322,,,1098,56,0.298,0.817
alice,1,28598809,804,0.1208,0.8721,4.8317,0.1322,,,1059,45,0.3,0.718
alice,1,28598809,805,0.0835,0.7376,3.956,0.1322,,,1033,195,0.226,0.814
alice,1,28598809,806,0.1125,0.8087,4.2043,0.1322,,,1097,90,0.278,0.82
alice,1,28598809,807,0.1422,0.7976,4.2991,0.1322,,,1104,47,0.326,0.781
alice,1,28598809,808,0.11,0.8254,4.545,0.1322,,,1061,65,0.27,0.799
alice,1,28598809,809,0.0909,0.8369,4.5263,0.1322,,,1086,41,0.276,0.712
alice,1,28598809,810,0.0814,0.8258,4.4926,0.1322,,,1083,35,0.271,0.718
alice,1,28598809,811,0.0836,0.8133,4.4236,0.1322,,,1078,44,0.284,0.806
alice,1,28598809,812,0.0758,0.8215,4.4084,0.1322,,,1074,32,0.297,0.771
alice,1,28598809,813,0.106,0.8176,4.2774,0.1322,,,1080,28,0.308,0.81
alice,1,28598809,814,0.1107,0.8276,4.3741,0.1322,,,1084,42,0.298,0.833
alice,1,28598809,815,0.0984,0.8188,4.1497,0.1322,,,1098,37,0.287,0.727
alice,1,28598809,816,0.0964,0.8101,4.2494,0.1322,,,1092,63,0.282,0.724
alice,1,28598809,817,0.074,0.8328,4.2092,0.1322,,,1075,66,0.276,0.799
alice,1,28598809,818,0.0905,0.8048,4.0926,0.1322,,,1099,69,0.285,0.845
alice,1,28598809,819,0.1092,0.8178,4.1761,0.1322,,,1101,47,0.298,0.808
alice,1,28598809,820,0.1094,0.838,4.3643,0.1322,,,1086,31,0.308,0.769
alice,1,28598809,821,0.0917,0.8214,4.4856,0.1322,,,1074,60,0.28,0.78
alice,1,28598809,822,0.0849,0.8161,4.2165,0.1322,,,1081,90,0.279,0.729
alice,1,28598809,823,0.0817,0.8334,4.0356,0.1322,,,1067,96,0.264,0.714
alice,1,28598809,824,0.1366,0.8644,4.5,0.1322,,,1102,36,0.304,0.757
alice,1,28598809,825,0.0937,0.835,4.4419,0.1322,,,1075,42,0.283,0.807
alice,1,28598809,826,0.1085,0.8214,4.4362,0.1322,,,1087,41,0.296,0.792
alice,1,28598809,827,0.1151,0.8506,4.5735,0.1322,,,1065,42,0.299,0.728
alice,1,28598809,828,0.0807,0.794,4.0848,0.1322,,,1097,48,0.272,0.767
alice,1,28598809,829,0.0996,0.8669,4.6536,0.1322,,,1073,42,0.292,0.678
alice,1,28598809,830,0.109,0.8215,4.4338,0.1322,,,1085,53,0.285,0.816
alice,1,28598809,831,0.0674,0.8211,4.316,0.1322,,,1079,53,0.274,0.81
alice,1,28598809,832,0.0622,0.8428,4.1092,0.1322,,,1077,66,0.273,0.749
alice,1,28598809,833,0.1066,0.7638,3.9504,0.1322,,,1127,62,0.298,0.796
alice,1,28598809,834,0.1055,0.7846,4.1943,0.1322,,,1096,46,0.295,0.622
alice,1,28598809,835,0.0656,0.82,4.2762,0.1322,,,1081,50,0.276,0.768
alice,1,28598809,836,0.0727,0.8495,4.2581,0.1322,,,1082,42,0.285,0.808
alice,1,28598809,837,0.0746,0.8861,4.5905,0.1322,,,1077,35,0.298,0.74
alice,1,28598809,838,0.0885,0.8697,4.3465,0.1322,,,1083,37,0.316,0.817
alice,1,28598809,839,0.1052,0.8772,4.4032,0.1322,,,1075,39,0.311,0.781
alice,1,28598809,840,0.0799,0.873,4.4159,0.1322,,,1083,49,0.287,0.888
alice,1,28598809,841,0.0783,0.8653,4.25,0.1322,,,1084,47,0.278,0.75
alice,1,28598809,842,0.0696,0.8604,4.2689,0.1322,,,1092,50,0.296,0.774
alice,1,28598809,843,0.1119,0.8288,4.2164,0.1322,,,1087,58,0.297,0.944
alice,1,28598809,844,0.0787,0.8069,4.2837,0.1322,,,1088,63,0.274,0.855
alice,1,28598809,845,0.0851,0.8632,4.554,0.1322,,,1073,39,0.301,0.667
alice,1,28598809,846,0.1077,0.8314,4.2795,0.1322,,,1081,53,0.289,0.783
alice,1,28598809,847,0.0936,0.8318,4.19,0.1322,,,1081,69,0.287,0.776
alice,1,28598809,848,0.1124,0.8524,4.2237,0.1322,,,1085,58,0.286,0.809
alice,1,28598809,849,0.0977,0.8413,4.2614,0.1322,,,1073,81,0.272,0.729
alice,1,28598809,850,0.1023,0.828,4.3598,0.1322,,,1080,93,0.262,0.855
alice,1,28598809,851,0.0867,0.8311,4.1961,0.1322,,,1095,52,0.28,0.849
alice,1,28598809,852,0.1046,0.8203,4.1189,0.1322,,,1073,98,0.267,0.657
alice,1,28598809,853,0.0798,0.8212,4.3229,0.1322,,,1086,72,0.278,0.834
alice,1,28598809,854,0.1145,0.8677,4.5317,0.1322,,,1072,57,0.29,0.782
alice,1,28598809,855,0.0626,0.8425,4.2926,0.1322,,,1095,51,0.262,0.775
alice,1,28598809,856,0.0996,0.8065,4.3855,0.1322,,,1090,53,0.292,0.729
alice,1,28598809,857,0.07,0.8313,4.4005,0.1322,,,1068,68,0.268,0.66
alice,1,28598809,858,0.0651,0.787,4.0989,0.1322,,,1071,117,0.253,0.674
alice,1,28598809,859,0.1084,0.7911,4.0971,0.1322,,,1098,69,0.277,0.657
alice,1,28598809,860,0.0758,0.8042,4.182,0.1322,,,1084,60,0.279,0.804
alice,1,28598809,861,0.0864,0.8256,4.2282,0.1322,,,1094,38,0.283,0.764
alice,1,28598809,862,0.0627,0.7979,4.1244,0.1322,,,1086,70,0.26,0.788
alice,1,28598809,863,0.046,0.7803,3.7604,0.1322,,,1068,144,0.236,0.804
alice,1,28598809,864,0.0912,0.7722,3.6902,0.1322,,,1120,121,0.248,0.924
alice,1,28598809,865,-0.0063,0.4088,3.9153,0.1322,,,535,1214,0.073,0.752
alice,1,28598809,866,0.076,0.464,3.6649,0.1322,,,787,1119,0.095,0.718
alice,1,28598809,867,0.1537,0.7516,3.9888,0.1322,,,1101,298,0.222,0.772
alice,1,28598809,868,0.1526,0.8499,4.2366,0.1322,,,1076,131,0.263,0.806
alice,1,28598809,869,0.1722,0.8703,4.8391,0.1322,,,1087,51,0.297,0.817
alice,1,28598809,870,0.1459,0.8614,4.7323,0.1322,,,1068,51,0.291,0.84
alice,1,28598809,871,0.1025,0.816,4.3143,0.1322,,,1089,69,0.266,0.891
alice,1,28598809,872,0.1071,0.8823,4.6628,0.1322,,,1075,42,0.283,0.847
alice,1,28598809,873,0.0699,0.8753,4.6737,0.1322,,,1078,35,0.287,0.727
alice,1,28598809,874,0.1017,0.8421,4.4704,0.1322,,,1088,35,0.304,0.839
alice,1,28598809,875,0.1043,0.8136,4.3837,0.1322,,,1086,40,0.301,0.776
alice,1,28598809,876,0.141,0.8609,4.7323,0.1322,,,1066,25,0.319,0.732
alice,1,28598809,877,0.0769,0.7829,4.4698,0.1322,,,1073,49,0.273,0.761
alice,1,28598809,878,0.0887,0.7738,4.5289,0.1322,,,1084,35,0.288,0.806
alice,1,28598809,879,0.0702,0.7854,4.4199,0.1322,,,1073,36,0.287,0.718
alice,1,28598809,880,0.0791,0.7832,4.2718,0.1322,,,1085,26,0.293,0.818
alice,1,28598809,881,0.0828,0.8015,4.4239,0.1322,,,1072,47,0.279,0.84
alice,1,28598809,882,0.0871,0.8172,4.3714,0.1322,,,1075,34,0.28,0.993
alice,1,28598809,883,0.065,0.8395,4.4208,0.1322,,,1078,42,0.286,0.864
alice,1,28598809,884,0.076,0.8115,4.2278,0.1322,,,1088,52,0.277,0.769
alice,1,28598809,885,0.0967,0.8191,4.2769,0.1322,,,1089,49,0.303,0.795
alice,1,28598809,886,0.1061,0.8516,4.4159,0.1322,,,1074,40,0.313,0.855
alice,1,28598809,887,0.0754,0.7992,4.0522,0.1322,,,1092,55,0.28,0.803
alice,1,28598809,888,0.0509,0.8022,4.1407,0.1322,,,1088,80,0.266,0.791
alice,1,28598809,889,0.0986,0.7593,3.8705,0.1322,,,1099,87,0.26,0.693
alice,1,28598809,890,0.1246,0.8415,4.6759,0.1322,,,1083,32,0.307,0.778
alice,1,28598809,891,0.1062,0.8967,4.81,0.1322,,,1062,22,0.314,0.774
alice,1,28598809,892,0.1224,0.8567,4.7183,0.1322,,,1060,30,0.315,0.782
alice,1,28598809,893,0.0943,0.8792,4.6521,0.1322,,,1066,56,0.285,0.735
alice,1,28598809,894,0.0736,0.8296,4.4325,0.1322,,,1092,58,0.269,0.735
alice,1,28598809,895,0.0834,0.8373,4.3318,0.1322,,,1089,44,0.295,0.955
alice,1,28598809,896,0.0892,0.8361,4.5061,0.1322,,,1083,47,0.277,0.702
alice,1,28598809,897,0.08,0.8181,4.2998,0.1322,,,1068,62,0.274,0.786
alice,1,28598809,898,0.0933,0.8191,4.3825,0.1322,,,1087,38,0.299,0.756
alice,1,28598809,899,0.105,0.8506,4.6381,0.1322,,,1065,38,0.306,0.815
alice,1,28598809,900,0.1292,0.8299,4.6379,0.1322,,,1083,36,0.315,0.826
alice,1,28598809,901,0.0822,0.8435,4.6364,0.1322,,,1067,41,0.294,0.713
alice,1,28598809,902,0.0964,0.8295,4.3252,0.1322,,,1086,31,0.292,0.869
alice,1,28598809,903,0.0627,0.8732,4.6448,0.1322,,,1074,42,0.283,0.688
alice,1,28598809,904,0.0913,0.8609,4.4674,0.1322,,,1067,59,0.279,0.869
alice,1,28598809,905,0.085,0.8801,4.5042,0.1322,,,1080,48,0.283,0.74
alice,1,28598809,906,0.0909,0.8759,4.4735,0.1322,,,1090,54,0.293,0.908
alice,1,28598809,907,0.1,0.8465,4.5308,0.1322,,,1090,50,0.293,0.802
alice,1,28598809,908,0.1013,0.8518,4.4213,0.1322,,,1085,29,0.323,0.803
alice,1,28598809,909,0.1247,0.8639,4.4862,0.1322,,,1067,40,0.304,0.76
alice,1,28598809,910,0.0683,0.8526,4.439,0.1322,,,1077,51,0.276,0.753
alice,1,28598809,911,0.0964,0.8405,4.3229,0.1322,,,1085,61,0.284,0.878
alice,1,28598809,912,0.0654,0.8188,4.1302,0.1322,,,1098,44,0.289,0.798
alice,1,28598809,913,0.0758,0.8486,4.3165,0.1322,,,1095,36,0.314,0.883
alice,1,28598809,914,0.0968,0.8234,4.2434,0.1322,,,1087,62,0.288,0.871
alice,1,28598809,915,0.0638,0.8659,4.3435,0.1322,,,1079,40,0.279,0.733
alice,1,28598809,916,0.0698,0.8541,4.1798,0.1322,,,1093,43,0.285,0.654
alice,1,28598809,917,0.083,0.8592,4.1904,0.1322,,,1088,54,0.289,0.785
alice,1,28598809,918,0.0775,0.8542,4.4163,0.1322,,,1086,59,0.275,0.769
alice,1,28598809,919,0.0812,0.8221,4.1419,0.1322,,,1101,44,0.283,0.711
alice,1,28598809,920,0.0786,0.8183,4.3779,0.1322,,,1098,39,0.297,0.846
alice,1,28598809,921,0.0862,0.8368,4.3166,0.1322,,,1078,32,0.316,0.823
alice,1,28598809,922,0.0983,0.8604,4.3636,0.1322,,,1093,37,0.304,0.698
alice,1,28598809,923,0.0742,0.8176,4.2506,0.1322,,,1100,41,0.295,0.726
alice,1,28598809,924,0.1129,0.8003,4.2864,0.1322,,,1084,46,0.303,0.683
alice,1,28598809,925,0.0461,0.7841,4.0585,0.1322,,,1062,111,0.238,0.899
alice,1,28598809,926,0.0857,0.8834,4.7382,0.1322,,,1072,32,0.309,0.761
alice,1,28598809,927,0.1147,0.7981,4.2018,0.1322,,,1090,46,0.322,0.746
bob,1,28598809,490,0.0082,0.2519,1.02,,-1.0168,0.1307,,,,
bob,1,28598809,491,0.0024,0.2004,0.84,,-1.0631,0.0946,,,,
bob,1,28598809,492,0.0105,0.1344,0.74,,-1.089,0.077,,,,
bob,1,28598809,493,0.0189,0.1312,0.8,,-1.074,0.0819,,,,
bob,1,28598809,494,0.013,0.2005,1.22,,-1.058,0.1426,,,,
bob,1,28598809,495,0.0284,0.1638,0.98,,-1.0761,0.1134,,,,
bob,1,28598809,496,0.0057,0.2157,1.22,,-1.0751,0.1459,,,,
bob,1,28598809,497,0.0085,0.2451,1.28,,-1.0519,0.1569,,,,
bob,1,28598809,498,0.0086,0.2686,1.5599999999999998,,-1.0549,0.1977,,,,
bob,1,28598809,499,0.0068,0.2496,1.6,,-1.0608,0.2021,,,,
bob,1,28598809,500,0.0051,0.2167,1.32,,-1.0605,0.1656,,,,
bob,1,28598809,501,0.0121,0.1953,1.22,,-0.9915,0.1509,,,,
bob,1,28598809,502,0.028,0.202,1.18,,-0.9876,0.1506,,,,
bob,1,28598809,503,0.014,0.2468,1.28,,-1.0044,0.1564,,,,
bob,1,28598809,504,0.0256,0.2013,1.2,,-1.0202,0.1503,,,,
bob,1,28598809,505,0.012,0.2127,1.18,,-0.939,0.1468,,,,
bob,1,28598809,506,0.0392,0.2347,1.46,,-0.9296,0.1868,,,,
bob,1,28598809,507,0.0157,0.2294,1.0999999999999999,,-1.0198,0.1341,,,,
bob,1,28598809,508,0.0164,0.213,1.32,,-1.0005,0.1662,,,,
bob,1,28598809,509,0.0157,0.2087,1.16,,-1.0092,0.1481,,,,
bob,1,28598809,510,0.0116,0.2437,1.4200000000000002,,-0.9969,0.1752,,,,
bob,1,28598809,511,0.0166,0.2338,1.48,,-1.0218,0.1804,,,,
bob,1,28598809,512,0.0114,0.2827,1.8399999999999999,,-1.0086,0.2212,,,,
bob,1,28598809,513,0.0136,0.262,1.76,,-1.0266,0.2292,,,,
bob,1,28598809,514,0.007,0.2495,1.5599999999999998,,-0.9793,0.1906,,,,
bob,1,28598809,515,0.0134,0.1815,1.1400000000000001,,-1.0244,0.1451,,,,
bob,1,28598809,516,0.0082,0.1506,0.88,,-0.9789,0.1097,,,,
bob,1,28598809,517,0.0158,0.1619,0.98,,-0.9937,0.1183,,,,
bob,1,28598809,518,0.0114,0.2537,1.24,,-0.9937,0.1493,,,,
bob,1,28598809,519,0.0127,0.2709,1.48,,-1.0196,0.1844,,,,
bob,1,28598809,520,0.0096,0.2135,1.24,,-1.0006,0.1516,,,,
bob,1,28598809,521,0.0176,0.1616,1.0,,-1.0106,0.125,,,,
bob,1,28598809,522,0.0091,0.1509,0.8999999999999999,,-1.0207,0.1106,,,,
bob,1,28598809,523,0.0131,0.1845,1.28,,-1.0047,0.1596,,,,
bob,1,28598809,524,0.0062,0.2074,1.1400000000000001,,-1.0216,0.1402,,,,
bob,1,28598809,525,0.0122,0.2139,1.24,,-1.0074,0.1555,,,,
bob,1,28598809,526,0.0091,0.2125,1.1400000000000001,,-0.9939,0.1411,,,,
bob,1,28598809,527,0.0145,0.2559,1.38,,-0.9928,0.1706,,,,
bob,1,28598809,528,0.0108,0.2229,1.44,,-1.0188,0.1824,,,,
bob,1,28598809,529,0.0114,0.1922,1.34,,-1.017,0.167,,,,
bob,1,28598809,530,0.0076,0.1913,1.24,,-1.0167,0.1544,,,,
bob,1,28598809,531,0.0106,0.2329,1.34,,-1.0206,0.1682,,,,
bob,1,28598809,532,0.0102,0.2493,1.52,,-1.0183,0.1941,,,,
bob,1,28598809,533,0.0076,0.2185,1.28,,-1.0179,0.1617,,,,
bob,1,28598809,534,0.0119,0.2625,1.48,,-1.0053,0.1886,,,,
bob,1,28598809,535,0.0088,0.2273,1.24,,-1.0278,0.1498,,,,
bob,1,28598809,536,0.0122,0.2447,1.52,,-1.0088,0.1896,,,,
bob,1,28598809,537,0.01,0.2414,1.5,,-1.0225,0.1934,,,,
bob,1,28598809,538,0.008,0.2078,1.4200000000000002,,-1.0072,0.1793,,,,
bob,1,28598809,539,0.0083,0.2238,1.34,,-1.0113,0.1679,,,,
bob,1,28598809,540,0.0074,0.2268,1.5599999999999998,,-1.0239,0.1925,,,,
bob,1,28598809,541,0.0092,0.2478,1.6400000000000001,,-1.0325,0.206,,,,
bob,1,28598809,542,0.0058,0.2421,1.6,,-1.0094,0.1985,,,,
bob,1,28598809,543,0.0093,0.2819,1.7399999999999998,,-1.0076,0.2222,,,,
bob,1,28598809,544,0.0091,0.2447,1.3599999999999999,,-1.0098,0.1673,,,,
bob,1,28598809,545,0.0075,0.238,1.48,,-1.0052,0.1856,,,,
bob,1,28598809,546,0.0073,0.1928,1.28,,-1.0065,0.1586,,,,
bob,1,28598809,547,0.0089,0.1982,1.08,,-1.0144,0.1408,,,,
bob,1,28598809,548,0.0073,0.2309,1.4200000000000002,,-1.0254,0.1828,,,,
bob,1,28598809,549,0.0084,0.18,1.2,,-1.0268,0.1519,,,,
bob,1,28598809,550,0.0051,0.2492,1.7399999999999998,,-1.006,0.2035,,,,
bob,1,28598809,551,0.0126,0.2837,1.5599999999999998,,-1.0092,0.2187,,,,
bob,1,28598809,552,0.0102,0.2991,1.8599999999999999,,-1.0188,0.2303,,,,
bob,1,28598809,553,0.0125,0.3703,1.96,,-0.9851,0.2578,,,,
bob,1,28598809,554,0.0137,0.3412,1.76,,-0.9696,0.2241,,,,
bob,1,28598809,555,0.0181,0.214,1.7000000000000002,,-1.0036,0.2161,,,,
bob,1,28598809,556,0.0033,0.2224,1.58,,-1.0311,0.2009,,,,
bob,1,28598809,557,0.0141,0.204,1.34,,-1.0178,0.1674,,,,
bob,1,28598809,558,0.0048,0.1963,1.22,,-1.0168,0.1598,,,,
bob,1,28598809,559,0.0103,0.2759,1.46,,-1.0167,0.1865,,,,
bob,1,28598809,560,0.0043,0.2568,1.72,,-1.008,0.2215,,,,
bob,1,28598809,561,0.0057,0.2432,1.52,,-1.0103,0.2042,,,,
bob,1,28598809,562,0.0079,0.2414,1.5,,-1.0108,0.1936,,,,
bob,1,28598809,563,0.013,0.2425,1.7000000000000002,,-1.0133,0.2174,,,,
bob,1,28598809,564,0.0103,0.2555,1.7000000000000002,,-1.0176,0.2187,,,,
bob,1,28598809,565,0.0144,0.2817,1.8599999999999999,,-1.0128,0.2376,,,,
bob,1,28598809,566,0.0077,0.2281,1.5,,-1.017,0.1927,,,,
bob,1,28598809,567,0.0098,0.1954,1.22,,-1.035,0.1533,,,,
bob,1,28598809,568,0.008,0.264,1.4200000000000002,,-0.9936,0.178,,,,
bob,1,28598809,569,0.0142,0.2186,1.34,,-1.0231,0.1735,,,,
bob,1,28598809,570,0.0108,0.2305,1.4200000000000002,,-0.9905,0.1779,,,,
bob,1,28598809,571,0.0146,0.2466,1.6400000000000001,,-0.9963,0.2074,,,,
bob,1,28598809,572,0.0102,0.2323,1.6199999999999999,,-1.0195,0.2075,,,,
bob,1,28598809,573,0.0088,0.2115,1.4200000000000002,,-1.0048,0.1786,,,,
bob,1,28598809,574,0.0166,0.2071,1.4000000000000001,,-0.9917,0.1793,,,,
bob,1,28598809,575,0.0121,0.1875,1.16,,-0.9956,0.1528,,,,
bob,1,28598809,576,0.0081,0.2135,1.4000000000000001,,-0.982,0.175,,,,
bob,1,28598809,577,0.0138,0.2367,1.48,,-1.0122,0.1982,,,,
bob,1,28598809,578,0.0106,0.2541,1.6199999999999999,,-1.0199,0.2117,,,,
bob,1,28598809,579,0.0092,0.232,1.5599999999999998,,-1.0248,0.2011,,,,
bob,1,28598809,580,0.0139,0.2092,1.26,,-0.9834,0.1598,,,,
bob,1,28598809,581,0.0106,0.2031,1.3599999999999999,,-1.0102,0.1762,,,,
bob,1,28598809,582,0.0051,0.1894,1.2,,-1.0013,0.1538,,,,
bob,1,28598809,583,0.0125,0.2177,1.6,,-1.0213,0.2053,,,,
bob,1,28598809,584,0.0092,0.2034,1.4200000000000002,,-1.0241,0.1868,,,,
bob,1,28598809,585,0.012,0.2613,1.76,,-1.0152,0.2223,,,,
bob,1,28598809,586,0.0056,0.2765,1.7999999999999998,,-0.9962,0.23,,,,
bob,1,28598809,587,0.0098,0.2081,1.38,,-1.0124,0.1849,,,,
bob,1,28598809,588,0.0093,0.2285,1.5,,-1.0172,0.1961,,,,
bob,1,28598809,589,0.0113,0.2558,1.7999999999999998,,-1.008,0.2306,,,,
bob,1,28598809,590,0.0128,0.2326,1.5599999999999998,,-1.022,0.2023,,,,
bob,1,28598809,591,0.0091,0.2347,1.54,,-1.0203,0.1923,,,,
bob,1,28598809,592,0.0048,0.2248,1.6199999999999999,,-1.0128,0.2135,,,,
bob,1,28598809,593,0.0094,0.1685,1.16,,-1.0176,0.1441,,,,
bob,1,28598809,594,0.0098,0.1833,1.28,,-1.0191,0.1574,,,,
bob,1,28598809,595,0.0107,0.2068,1.5,,-1.0144,0.1901,,,,
bob,1,28598809,596,0.0094,0.2262,1.4200000000000002,,-1.0253,0.1859,,,,
bob,1,28598809,597,0.0079,0.2471,1.58,,-1.0119,0.2077,,,,
bob,1,28598809,598,0.0063,0.2171,1.38,,-1.0056,0.1777,,,,
bob,1,28598809,599,0.0057,0.2102,1.44,,-1.032,0.1784,,,,
bob,1,28598809,600,0.0054,0.2,1.38,,-1.0149,0.1711,,,,
bob,1,28598809,601,0.0054,0.1837,1.16,,-1.0101,0.1431,,,,
bob,1,28598809,602,0.0066,0.2286,1.4200000000000002,,-1.0009,0.1744,,,,
bob,1,28598809,603,0.0051,0.2935,1.54,,-1.0081,0.1991,,,,
bob,1,28598809,604,0.0091,0.2377,1.54,,-1.002,0.2009,,,,
bob,1,28598809,605,0.0139,0.2362,1.54,,-0.9993,0.1974,,,,
bob,1,28598809,606,0.0067,0.3718,1.68,,-1.0071,0.218,,,,
bob,1,28598809,607,0.0046,0.2579,1.5,,-1.0135,0.1892,,,,
bob,1,28598809,608,0.009,0.2427,1.5,,-1.0091,0.1891,,,,
bob,1,28598809,609,0.0137,0.2548,1.72,,-1.0148,0.2217,,,,
bob,1,28598809,610,0.0083,0.2418,1.54,,-1.009,0.197,,,,
bob,1,28598809,611,0.0034,0.2665,1.9800000000000002,,-1.0146,0.256,,,,
bob,1,28598809,612,0.0108,0.3079,1.8599999999999999,,-1.0285,0.2274,,,,
bob,1,28598809,613,0.0029,0.3165,2.22,,-1.0226,0.2809,,,,
bob,1,28598809,614,0.0019,0.2619,1.5,,-1.017,0.1898,,,,
bob,1,28598809,615,0.0066,0.2294,1.5,,-1.0202,0.1907,,,,
bob,1,28598809,616,0.0041,0.1782,1.06,,-1.0141,0.1348,,,,
bob,1,28598809,617,0.0121,0.19,1.22,,-1.0148,0.1528,,,,
bob,1,28598809,618,0.0021,0.2007,1.28,,-0.9914,0.165,,,,
bob,1,28598809,619,0.0206,0.2502,1.66,,-0.9732,0.2061,,,,
bob,1,28598809,620,0.0093,0.2433,1.54,,-0.995,0.2011,,,,
bob,1,28598809,621,0.0125,0.1956,1.26,,-0.9956,0.1593,,,,
bob,1,28598809,622,0.0043,0.1946,1.26,,-1.0191,0.1588,,,,
bob,1,28598809,623,0.0077,0.31,1.52,,-1.0103,0.193,,,,
bob,1,28598809,624,0.0052,0.2773,1.46,,-0.9924,0.1903,,,,
bob,1,28598809,625,0.0133,0.2692,1.3599999999999999,,-1.0051,0.1756,,,,
bob,1,28598809,626,0.0163,0.2952,1.24,,-1.0124,0.1487,,,,
bob,1,28598809,627,0.0056,0.241,1.22,,-1.0035,0.1511,,,,
bob,1,28598809,628,0.0132,0.177,1.22,,-1.0064,0.1534,,,,
bob,1,28598809,629,0.0041,0.2232,1.48,,-0.9937,0.1858,,,,
bob,1,28598809,630,0.0088,0.2684,1.82,,-0.9984,0.2416,,,,
bob,1,28598809,631,0.0045,0.2805,1.78,,-1.0151,0.2264,,,,
bob,1,28598809,632,0.011,0.2886,1.78,,-1.0112,0.2319,,,,
bob,1,28598809,633,0.0056,0.227,1.6199999999999999,,-1.0101,0.2142,,,,
bob,1,28598809,634,0.0045,0.2174,1.4200000000000002,,-1.0111,0.1757,,,,
bob,1,28598809,635,0.0068,0.2217,1.54,,-1.0078,0.196,,,,
bob,1,28598809,636,0.0078,0.2587,1.48,,-1.0137,0.1909,,,,
bob,1,28598809,637,0.0078,0.2451,1.34,,-1.0127,0.165,,,,
bob,1,28598809,638,0.0182,0.268,1.78,,-1.0046,0.2219,,,,
bob,1,28598809,639,0.0069,0.2232,1.4200000000000002,,-1.0092,0.1862,,,,
bob,1,28598809,640,0.0068,0.1999,1.2,,-1.0182,0.1541,,,,
bob,1,28598809,641,0.0097,0.2677,1.52,,-1.0129,0.1847,,,,
bob,1,28598809,642,0.0039,0.2549,1.6400000000000001,,-1.0111,0.2143,,,,
bob,1,28598809,643,0.007,0.2713,1.7000000000000002,,-1.0089,0.224,,,,
bob,1,28598809,644,0.0058,0.2996,1.8399999999999999,,-1.0174,0.2367,,,,
bob,1,28598809,645,0.0091,0.3016,1.92,,-1.0168,0.2461,,,,
bob,1,28598809,646,0.0034,0.2826,1.68,,-1.0144,0.2183,,,,
bob,1,28598809,647,0.0085,0.2227,1.32,,-1.0233,0.1685,,,,
bob,1,28598809,648,0.0052,0.275,1.2,,-1.0268,0.155,,,,
bob,1,28598809,649,0.0128,0.1767,0.88,,-1.0424,0.1099,,,,
bob,1,28598809,650,0.0017,0.1456,0.8200000000000001,,-0.9979,0.1013,,,,
bob,1,28598809,651,0.0159,0.2342,1.22,,-1.0166,0.1567,,,,
bob,1,28598809,652,0.0073,0.2511,1.22,,-1.0127,0.1581,,,,
bob,1,28598809,653,0.0079,0.2561,1.26,,-1.0189,0.1566,,,,
bob,1,28598809,654,0.0026,0.1905,1.3,,-1.015,0.1668,,,,
bob,1,28598809,655,0.0054,0.1831,1.1199999999999999,,-1.0065,0.1423,,,,
bob,1,28598809,656,0.0108,0.1513,0.9400000000000001,,-1.0141,0.1207,,,,
bob,1,28598809,657,0.0065,0.1821,1.0999999999999999,,-1.014,0.1408,,,,
bob,1,28598809,658,0.0028,0.2231,1.4200000000000002,,-1.018,0.1873,,,,
bob,1,28598809,659,0.0029,0.226,1.46,,-1.0073,0.1877,,,,
bob,1,28598809,660,0.0063,0.2153,1.22,,-1.025,0.1597,,,,
bob,1,28598809,661,0.0061,0.1951,1.16,,-1.0036,0.1467,,,,
bob,1,28598809,662,0.0097,0.2485,1.6199999999999999,,-1.0146,0.208,,,,
bob,1,28598809,663,0.0024,0.2371,1.52,,-1.0118,0.2104,,,,
bob,1,28598809,664,0.0041,0.2448,1.66,,-1.0118,0.2165,,,,
bob,1,28598809,665,0.0033,0.2568,1.9,,-1.0078,0.2412,,,,
bob,1,28598809,666,0.0173,0.2278,1.5599999999999998,,-1.0031,0.2028,,,,
bob,1,28598809,667,0.0075,0.2227,1.54,,-1.0022,0.1992,,,,
bob,1,28598809,668,0.0072,0.1926,1.4000000000000001,,-1.016,0.1791,,,,
bob,1,28598809,669,0.0079,0.216,1.5,,-1.0159,0.1895,,,,
bob,1,28598809,670,0.0068,0.1697,1.06,,-1.004,0.1338,,,,
bob,1,28598809,671,0.0067,0.1766,1.18,,-1.0115,0.1455,,,,
bob,1,28598809,672,0.0055,0.2022,1.38,,-1.0275,0.1765,,,,
bob,1,28598809,673,0.0105,0.2095,1.3599999999999999,,-1.0037,0.1738,,,,
bob,1,28598809,674,0.0072,0.2536,1.68,,-1.0095,0.2117,,,,
bob,1,28598809,675,0.0027,0.2635,1.6400000000000001,,-0.9886,0.2177,,,,
bob,1,28598809,676,0.0115,0.2572,1.6,,-0.9863,0.2067,,,,
bob,1,28598809,677,0.0064,0.2404,1.34,,-1.0189,0.1709,,,,
bob,1,28598809,678,0.0156,0.2437,1.5,,-0.9998,0.1909,,,,
bob,1,28598809,679,0.0047,0.2099,1.4000000000000001,,-0.9948,0.1811,,,,
bob,1,28598809,680,0.0117,0.1882,1.04,,-1.0193,0.1325,,,,
bob,1,28598809,681,0.0061,0.2451,1.22,,-0.9854,0.1528,,,,
bob,1,28598809,682,0.016,0.2775,1.8399999999999999,,-0.9932,0.227,,,,
bob,1,28598809,683,0.0059,0.2658,1.52,,-1.0209,0.2025,,,,
bob,1,28598809,684,0.0058,0.2345,1.4000000000000001,,-1.0019,0.1828,,,,
bob,1,28598809,685,0.0087,0.2182,1.0999999999999999,,-1.0072,0.1383,,,,
bob,1,28598809,686,0.0039,0.1759,1.0999999999999999,,-1.0032,0.1391,,,,
bob,1,28598809,687,0.0054,0.1603,1.04,,-1.0113,0.1318,,,,
bob,1,28598809,688,0.0038,0.2085,1.38,,-1.0064,0.1746,,,,
bob,1,28598809,689,0.01,0.2764,1.6199999999999999,,-0.9924,0.2096,,,,
bob,1,28598809,690,0.0131,0.2544,1.7999999999999998,,-1.0081,0.2344,,,,
bob,1,28598809,691,0.0112,0.2515,1.58,,-1.0093,0.2058,,,,
bob,1,28598809,692,0.0151,0.2731,1.92,,-0.9992,0.2493,,,,
bob,1,28598809,693,0.0028,0.2025,1.44,,-1.024,0.1878,,,,
bob,1,28598809,694,0.0079,0.2506,1.34,,-1.0295,0.1675,,,,
bob,1,28598809,695,0.0058,0.221,1.16,,-0.9938,0.1427,,,,
bob,1,28598809,696,0.011,0.1605,1.08,,-1.0029,0.1337,,,,
bob,1,28598809,697,0.0116,0.2453,1.5599999999999998,,-1.0068,0.1928,,,,
bob,1,28598809,698,0.0158,0.2716,2.0,,-0.9974,0.254,,,,
bob,1,28598809,699,0.0038,0.2698,1.72,,-1.0235,0.2227,,,,
bob,1,28598809,700,0.0033,0.2438,1.3599999999999999,,-0.9957,0.1756,,,,
bob,1,28598809,701,0.009,0.1722,1.0999999999999999,,-0.9852,0.1403,,,,
bob,1,28598809,702,0.0118,0.1741,1.0999999999999999,,-1.0105,0.1414,,,,
bob,1,28598809,703,0.0119,0.1808,1.06,,-1.0151,0.1297,,,,
bob,1,28598809,704,0.0079,0.2095,1.4000000000000001,,-1.0201,0.1774,,,,
bob,1,28598809,705,0.0087,0.2028,1.26,,-0.996,0.1684,,,,
bob,1,28598809,706,0.0054,0.2295,1.38,,-1.0281,0.1743,,,,
bob,1,28598809,707,0.003,0.2204,1.5,,-1.0222,0.196,,,,
bob,1,28598809,708,0.0115,0.1797,1.24,,-1.0302,0.1552,,,,
bob,1,28598809,709,0.0026,0.1622,1.06,,-1.0211,0.1282,,,,
bob,1,28598809,710,0.0098,0.1995,1.26,,-1.003,0.1556,,,,
bob,1,28598809,711,0.005,0.2496,1.5599999999999998,,-1.0142,0.2071,,,,
bob,1,28598809,712,0.0031,0.1873,1.16,,-1.016,0.1473,,,,
bob,1,28598809,713,0.0038,0.2739,1.5,,-1.0267,0.1874,,,,
bob,1,28598809,714,0.0035,0.2233,1.48,,-1.0152,0.1977,,,,
bob,1,28598809,715,0.006,0.2328,1.1199999999999999,,-1.0172,0.1456,,,,
bob,1,28598809,716,0.0031,0.3527,1.38,,-1.0066,0.1711,,,,
bob,1,28598809,717,0.0055,0.2128,1.38,,-1.0056,0.1798,,,,
bob,1,28598809,718,0.0049,0.1997,1.18,,-1.0067,0.1533,,,,
bob,1,28598809,719,0.0148,0.2031,1.22,,-1.0134,0.1551,,,,
bob,1,28598809,720,0.0028,0.1882,1.1400000000000001,,-1.0296,0.1426,,,,
bob,1,28598809,721,0.0035,0.1769,0.96,,-1.0259,0.1165,,,,
bob,1,28598809,722,0.0047,0.1988,1.06,,-1.0365,0.1314,,,,
bob,1,28598809,723,0.0039,0.2468,1.3599999999999999,,-1.0133,0.167,,,,
bob,1,28598809,724,0.0058,0.2389,1.22,,-1.0178,0.1524,,,,
bob,1,28598809,725,0.0025,0.2264,1.3,,-1.0041,0.1645,,,,
bob,1,28598809,726,0.0165,0.2112,1.34,,-1.0037,0.174,,,,
bob,1,28598809,727,0.0048,0.2225,1.28,,-1.008,0.1628,,,,
bob,1,28598809,728,0.0139,0.2116,1.26,,-1.0034,0.16,,,,
bob,1,28598809,729,0.0115,0.2437,1.4200000000000002,,-1.0077,0.1802,,,,
bob,1,28598809,730,0.0102,0.2133,1.28,,-1.0152,0.1621,,,,
bob,1,28598809,731,0.0065,0.1898,1.16,,-1.0403,0.1464,,,,
bob,1,28598809,732,0.0037,0.1795,1.0999999999999999,,-1.0176,0.1376,,,,
bob,1,28598809,733,0.0125,0.1888,1.2,,-1.0024,0.1521,,,,
bob,1,28598809,734,0.0059,0.2243,1.3599999999999999,,-1.0011,0.1708,,,,
bob,1,28598809,735,0.0031,0.2669,1.6199999999999999,,-0.9791,0.2087,,,,
bob,1,28598809,736,0.0111,0.2233,1.18,,-0.9974,0.1555,,,,
bob,1,28598809,737,0.0103,0.2523,1.32,,-1.0061,0.1667,,,,
bob,1,28598809,738,0.0078,0.1877,1.22,,-1.0128,0.1512,,,,
bob,1,28598809,739,0.0031,0.1768,1.18,,-1.0121,0.1516,,,,
bob,1,28598809,740,0.0084,0.2345,1.32,,-1.0057,0.1645,,,,
bob,1,28598809,741,0.008,0.2171,1.4200000000000002,,-1.0274,0.1765,,,,
bob,1,28598809,742,0.011,0.2328,1.24,,-1.0031,0.158,,,,
bob,1,28598809,743,0.0142,0.2381,1.34,,-1.0046,0.171,,,,
bob,1,28598809,744,0.0075,0.2627,1.66,,-1.0129,0.2102,,,,
bob,1,28598809,745,0.0047,0.246,1.28,,-0.9941,0.1675,,,,
bob,1,28598809,746,0.0079,0.1662,1.04,,-0.9966,0.1321,,,,
bob,1,28598809,747,0.0073,0.153,1.08,,-1.0264,0.1331,,,,
bob,1,28598809,748,0.0108,0.2115,1.26,,-1.0083,0.1529,,,,
bob,1,28598809,749,0.0039,0.2287,1.6400000000000001,,-0.9923,0.2104,,,,
bob,1,28598809,750,0.0095,0.2346,1.5599999999999998,,-1.0248,0.1985,,,,
bob,1,28598809,751,0.0058,0.2416,1.34,,-1.0179,0.1732,,,,
bob,1,28598809,752,0.0041,0.2157,1.44,,-1.0223,0.1843,,,,
bob,1,28598809,753,0.003,0.2048,1.22,,-1.0103,0.1523,,,,
bob,1,28598809,754,0.0058,0.2296,1.34,,-1.0188,0.1708,,,,
bob,1,28598809,755,0.0048,0.2452,1.38,,-1.0126,0.1748,,,,
bob,1,28598809,756,0.0045,0.2616,1.5599999999999998,,-1.0088,0.2015,,,,
bob,1,28598809,757,0.0046,0.2223,1.44,,-1.0077,0.1808,,,,
bob,1,28598809,758,0.0041,0.2814,1.66,,-1.0169,0.209,,,,
bob,1,28598809,759,0.0066,0.3562,1.9,,-1.0211,0.2396,,,,
bob,1,28598809,760,0.0042,0.2302,1.48,,-1.0134,0.1927,,,,
bob,1,28598809,761,0.0046,0.2757,2.0,,-1.0051,0.2509,,,,
bob,1,28598809,762,0.005,0.3129,1.72,,-1.0109,0.2223,,,,
bob,1,28598809,763,0.0051,0.2093,1.32,,-1.022,0.1782,,,,
bob,1,28598809,764,0.0026,0.1966,1.0999999999999999,,-1.001,0.1406,,,,
bob,1,28598809,765,0.0056,0.236,1.3,,-1.0112,0.1693,,,,
bob,1,28598809,766,0.0052,0.2356,1.34,,-1.0145,0.1717,,,,
bob,1,28598809,767,0.0049,0.2324,1.6,,-1.0107,0.2066,,,,
bob,1,28598809,768,0.0071,0.2336,1.32,,-1.002,0.1727,,,,
bob,1,28598809,769,0.0098,0.2367,1.4000000000000001,,-1.0068,0.1819,,,,
bob,1,28598809,770,0.009,0.2285,1.2,,-1.0156,0.15,,,,
bob,1,28598809,771,0.0042,0.2432,1.4200000000000002,,-1.0032,0.1806,,,,
bob,1,28598809,772,0.0064,0.2322,1.7399999999999998,,-1.0078,0.2259,,,,
bob,1,28598809,773,0.0047,0.2717,1.7399999999999998,,-0.9942,0.2194,,,,
bob,1,28598809,774,0.0119,0.2578,1.6199999999999999,,-1.0117,0.2075,,,,
bob,1,28598809,775,0.0078,0.2177,1.46,,-1.0054,0.1891,,,,
bob,1,28598809,776,0.0089,0.1807,1.04,,-1.0124,0.1307,,,,
bob,1,28598809,777,0.0051,0.1932,1.02,,-1.0082,0.128,,,,
bob,1,28598809,778,0.0066,0.2118,1.1400000000000001,,-1.0081,0.1448,,,,
bob,1,28598809,779,0.0055,0.2492,1.52,,-1.0161,0.192,,,,
bob,1,28598809,780,0.0082,0.2686,1.6,,-1.0153,0.2046,,,,
bob,1,28598809,781,0.0057,0.2403,1.46,,-1.0066,0.1887,,,,
bob,1,28598809,782,0.0072,0.2432,1.5,,-1.0024,0.1928,,,,
bob,1,28598809,783,0.0042,0.2251,1.52,,-1.0125,0.1976,,,,
bob,1,28598809,784,0.0057,0.2664,1.6,,-1.0062,0.2055,,,,
bob,1,28598809,785,0.005,0.255,1.66,,-1.014,0.2075,,,,
bob,1,28598809,786,0.0055,0.2627,1.6400000000000001,,-1.0131,0.2134,,,,
bob,1,28598809,787,0.0054,0.288,1.58,,-1.0031,0.2044,,,,
bob,1,28598809,788,0.0055,0.2931,1.8399999999999999,,-1.0082,0.2374,,,,
bob,1,28598809,789,0.0069,0.267,1.7000000000000002,,-1.006,0.2213,,,,
bob,1,28598809,790,0.0082,0.2717,1.7000000000000002,,-1.01,0.2152,,,,
bob,1,28598809,791,0.0042,0.2607,1.7999999999999998,,-1.0133,0.2312,,,,
bob,1,28598809,792,0.006,0.2864,1.78,,-1.0094,0.2316,,,,
bob,1,28598809,793,0.0037,0.2671,1.52,,-0.9994,0.1967,,,,
bob,1,28598809,794,0.004,0.2565,1.5,,-1.0163,0.1946,,,,
bob,1,28598809,795,0.0038,0.2872,1.96,,-1.0046,0.2419,,,,
bob,1,28598809,796,0.0106,0.2873,1.78,,-0.9945,0.2321,,,,
bob,1,28598809,797,0.0071,0.2712,1.66,,-1.0096,0.2136,,,,
bob,1,28598809,798,0.0122,0.2805,1.7000000000000002,,-0.9943,0.2239,,,,
bob,1,28598809,799,0.0104,0.2747,1.46,,-1.0172,0.1873,,,,
bob,1,28598809,800,0.0048,0.2431,1.5599999999999998,,-1.0157,0.2062,,,,
bob,1,28598809,801,0.0041,0.2223,1.44,,-1.0082,0.1844,,,,
bob,1,28598809,802,0.0037,0.2368,1.46,,-1.0278,0.1847,,,,
bob,1,28598809,803,0.0056,0.2546,1.66,,-1.012,0.2088,,,,
bob,1,28598809,804,0.0045,0.2072,1.22,,-1.0127,0.1591,,,,
bob,1,28598809,805,0.0046,0.2515,1.6199999999999999,,-1.0123,0.1985,,,,
bob,1,28598809,806,0.0044,0.2604,1.66,,-1.0101,0.2205,,,,
bob,1,28598809,807,0.0031,0.2303,1.44,,-1.0144,0.1833,,,,
bob,1,28598809,808,0.0048,0.2123,1.32,,-1.014,0.1682,,,,
bob,1,28598809,809,0.0088,0.1949,1.18,,-1.0211,0.1525,,,,
bob,1,28598809,810,0.0026,0.2346,1.22,,-1.0058,0.1595,,,,
bob,1,28598809,811,0.0067,0.2126,1.26,,-1.0205,0.1596,,,,
bob,1,28598809,812,0.0039,0.2129,1.3599999999999999,,-1.022,0.1764,,,,
bob,1,28598809,813,0.0069,0.249,1.5,,-0.9929,0.1893,,,,
bob,1,28598809,814,0.0138,0.2691,1.5,,-0.991,0.1919,,,,
bob,1,28598809,815,0.0074,0.2797,1.66,,-1.0175,0.2104,,,,
bob,1,28598809,816,0.0032,0.2963,1.48,,-1.0198,0.1904,,,,
bob,1,28598809,817,0.0095,0.2772,1.6,,-1.0174,0.2007,,,,
bob,1,28598809,818,0.0045,0.3182,1.7399999999999998,,-1.0151,0.2218,,,,
bob,1,28598809,819,0.0051,0.2666,1.7000000000000002,,-1.0107,0.2196,,,,
bob,1,28598809,820,0.0068,0.2173,1.4200000000000002,,-1.0019,0.1811,,,,
bob,1,28598809,821,0.0099,0.2127,1.3,,-0.9939,0.1656,,,,
bob,1,28598809,822,0.007,0.226,1.44,,-0.9978,0.1822,,,,
bob,1,28598809,823,0.007,0.2388,1.7399999999999998,,-1.0132,0.2199,,,,
bob,1,28598809,824,0.0051,0.2036,1.5,,-1.0197,0.1972,,,,
bob,1,28598809,825,0.0053,0.2109,1.4000000000000001,,-1.0159,0.18,,,,
bob,1,28598809,826,0.0077,0.222,1.4000000000000001,,-1.0198,0.1792,,,,
bob,1,28598809,827,0.003,0.1976,1.28,,-1.0048,0.1633,,,,
bob,1,28598809,828,0.0081,0.2378,1.6199999999999999,,-1.0152,0.2049,,,,
bob,1,28598809,829,0.0046,0.2114,1.28,,-1.0048,0.1664,,,,
bob,1,28598809,830,0.0074,0.1999,1.34,,-1.0184,0.1699,,,,
bob,1,28598809,831,0.0019,0.2218,1.4000000000000001,,-1.0126,0.1789,,,,
bob,1,28598809,832,0.0073,0.3143,1.58,,-1.0124,0.2004,,,,
bob,1,28598809,833,0.0063,0.2591,1.78,,-1.0189,0.2302,,,,
bob,1,28598809,834,0.0107,0.2741,1.7000000000000002,,-1.0062,0.2164,,,,
bob,1,28598809,835,0.0053,0.2398,1.44,,-0.9981,0.1846,,,,
bob,1,28598809,836,0.0083,0.2265,1.38,,-1.0118,0.1787,,,,
bob,1,28598809,837,0.0068,0.2038,1.24,,-1.0034,0.1589,,,,
bob,1,28598809,838,0.009,0.2042,1.3,,-0.9891,0.1627,,,,
bob,1,28598809,839,0.0091,0.2323,1.38,,-1.0292,0.1719,,,,
bob,1,28598809,840,0.008,0.2093,1.28,,-1.019,0.1619,,,,
bob,1,28598809,841,0.0055,0.233,1.46,,-1.015,0.1874,,,,
bob,1,28598809,842,0.0029,0.2485,1.52,,-1.0053,0.1967,,,,
bob,1,28598809,843,0.0086,0.2457,1.6199999999999999,,-1.009,0.2072,,,,
bob,1,28598809,844,0.0076,0.2513,1.54,,-1.0044,0.2006,,,,
bob,1,28598809,845,0.0131,0.2163,1.28,,-0.9946,0.1626,,,,
bob,1,28598809,846,0.0088,0.2588,1.48,,-1.0149,0.1898,,,,
bob,1,28598809,847,0.0031,0.2939,1.52,,-1.0044,0.1959,,,,
bob,1,28598809,848,0.0072,0.3377,1.52,,-1.0032,0.1927,,,,
bob,1,28598809,849,0.0082,0.2474,1.6400000000000001,,-1.0023,0.2096,,,,
bob,1,28598809,850,0.0071,0.2946,1.46,,-1.0152,0.1884,,,,
bob,1,28598809,851,0.003,0.2744,1.52,,-0.9986,0.1962,,,,
bob,1,28598809,852,0.0091,0.2698,1.6400000000000001,,-1.0012,0.2111,,,,
bob,1,28598809,853,0.0081,0.2302,1.4000000000000001,,-1.0009,0.1812,,,,
bob,1,28598809,854,0.0119,0.1991,1.32,,-0.9913,0.1664,,,,
bob,1,28598809,855,0.0074,0.238,1.48,,-0.9666,0.1923,,,,
bob,1,28598809,856,0.0092,0.2182,1.3599999999999999,,-0.9991,0.1793,,,,
bob,1,28598809,857,0.0049,0.238,1.26,,-1.0085,0.164,,,,
bob,1,28598809,858,0.0068,0.2741,1.58,,-1.0001,0.2005,,,,
bob,1,28598809,859,0.0037,0.2921,1.76,,-1.0132,0.2326,,,,
bob,1,28598809,860,0.0037,0.2589,1.6400000000000001,,-1.0176,0.2091,,,,
bob,1,28598809,861,0.0034,0.2389,1.52,,-1.0071,0.1971,,,,
bob,1,28598809,862,0.0051,0.2458,1.54,,-1.0136,0.1993,,,,
bob,1,28598809,863,0.0032,0.3011,1.9800000000000002,,-1.0108,0.2464,,,,
bob,1,28598809,864,0.0055,0.3538,2.36,,-1.0194,0.297,,,,
bob,1,28598809,865,0.0033,0.2704,2.06,,-1.0148,0.2233,,,,
bob,1,28598809,866,0.0087,0.3656,2.1399999999999997,,-1.0256,0.3059,,,,
bob,1,28598809,867,0.0067,0.3783,1.9800000000000002,,-1.0313,0.2786,,,,
bob,1,28598809,868,0.0067,0.2539,1.7000000000000002,,-1.0302,0.2197,,,,
bob,1,28598809,869,0.0049,0.1867,1.24,,-1.0313,0.1657,,,,
bob,1,28598809,870,0.0038,0.1605,1.0,,-1.0091,0.1263,,,,
bob,1,28598809,871,0.0087,0.1932,1.38,,-0.9976,0.1765,,,,
bob,1,28598809,872,0.0043,0.1642,1.08,,-1.0057,0.1388,,,,
bob,1,28598809,873,0.007,0.1729,1.1400000000000001,,-1.0105,0.1457,,,,
bob,1,28598809,874,0.0044,0.2166,1.32,,-1.0211,0.1688,,,,
bob,1,28598809,875,0.0059,0.2349,1.52,,-1.011,0.1959,,,,
bob,1,28598809,876,0.004,0.2015,1.1199999999999999,,-1.0186,0.1408,,,,
bob,1,28598809,877,0.0042,0.2162,1.3,,-0.9797,0.1685,,,,
bob,1,28598809,878,0.0113,0.2004,1.1400000000000001,,-1.0103,0.1507,,,,
bob,1,28598809,879,0.0052,0.1958,1.16,,-1.017,0.1475,,,,
bob,1,28598809,880,0.0073,0.2342,1.32,,-1.0224,0.1674,,,,
bob,1,28598809,881,0.0061,0.2124,1.32,,-1.0222,0.1696,,,,
bob,1,28598809,882,0.0059,0.2056,1.24,,-1.0136,0.1587,,,,
bob,1,28598809,883,0.0052,0.2405,1.28,,-1.0089,0.164,,,,
bob,1,28598809,884,0.003,0.2523,1.5,,-1.0117,0.1892,,,,
bob,1,28598809,885,0.0062,0.251,1.52,,-1.0244,0.1935,,,,
bob,1,28598809,886,0.0036,0.2464,1.34,,-1.0112,0.1677,,,,
bob,1,28598809,887,0.0053,0.2546,1.6,,-1.0147,0.2016,,,,
bob,1,28598809,888,0.0039,0.3681,1.68,,-1.0106,0.2162,,,,
bob,1,28598809,889,0.0054,0.3187,1.9800000000000002,,-1.0125,0.2525,,,,
bob,1,28598809,890,0.0076,0.2282,1.34,,-0.9977,0.1759,,,,
bob,1,28598809,891,0.0098,0.1675,1.0,,-1.0159,0.1236,,,,
bob,1,28598809,892,0.0046,0.1776,1.0999999999999999,,-1.0189,0.1376,,,,
bob,1,28598809,893,0.0038,0.1891,1.08,,-1.0028,0.137,,,,
bob,1,28598809,894,0.0073,0.1996,1.34,,-1.0091,0.1748,,,,
bob,1,28598809,895,0.0049,0.2304,1.38,,-1.0149,0.1768,,,,
bob,1,28598809,896,0.0039,0.2518,1.28,,-1.0159,0.1664,,,,
bob,1,28598809,897,0.0047,0.2035,1.32,,-1.0205,0.1664,,,,
bob,1,28598809,898,0.0044,0.225,1.3599999999999999,,-1.0014,0.1742,,,,
bob,1,28598809,899,0.0045,0.1926,1.22,,-1.0243,0.153,,,,
bob,1,28598809,900,0.0039,0.221,1.24,,-1.0106,0.1564,,,,
bob,1,28598809,901,0.0073,0.2713,1.18,,-0.9825,0.1493,,,,
bob,1,28598809,902,0.0105,0.207,1.4200000000000002,,-1.0119,0.1798,,,,
bob,1,28598809,903,0.0036,0.2266,1.24,,-1.0087,0.1599,,,,
bob,1,28598809,904,0.0103,0.2402,1.38,,-1.0013,0.1749,,,,
bob,1,28598809,905,0.0048,0.2643,1.32,,-0.9909,0.1684,,,,
bob,1,28598809,906,0.0168,0.2672,1.38,,-0.9923,0.1777,,,,
bob,1,28598809,907,0.0035,0.2084,1.34,,-1.0103,0.1756,,,,
bob,1,28598809,908,0.0074,0.2085,1.4000000000000001,,-0.991,0.1774,,,,
bob,1,28598809,909,0.0078,0.1968,1.3599999999999999,,-1.0109,0.1716,,,,
bob,1,28598809,910,0.0095,0.2343,1.4000000000000001,,-1.0087,0.1802,,,,
bob,1,28598809,911,0.0065,0.2344,1.44,,-1.0127,0.1862,,,,
bob,1,28598809,912,0.0061,0.278,1.6400000000000001,,-1.0121,0.2097,,,,
bob,1,28598809,913,0.0026,0.2396,1.52,,-1.0097,0.1957,,,,
bob,1,28598809,914,0.0026,0.2339,1.54,,-1.0124,0.1976,,,,
bob,1,28598809,915,0.0039,0.2515,1.44,,-1.0225,0.1848,,,,
bob,1,28598809,916,0.0055,0.2434,1.54,,-1.0188,0.1946,,,,
bob,1,28598809,917,0.0072,0.2335,1.6199999999999999,,-1.0039,0.2066,,,,
bob,1,28598809,918,0.0064,0.2724,1.54,,-1.0081,0.1994,,,,
bob,1,28598809,919,0.0079,0.2406,1.6400000000000001,,-1.0247,0.2105,,,,
bob,1,28598809,920,0.007,0.2388,1.5,,-1.0066,0.1968,,,,
bob,1,28598809,921,0.0032,0.2409,1.5,,-1.0168,0.1878,,,,
bob,1,28598809,922,0.0034,0.2797,1.4200000000000002,,-1.0189,0.1789,,,,
bob,1,28598809,923,0.0044,0.2451,1.54,,-1.02,0.1961,,,,
bob,1,28598809,924,0.0045,0.2141,1.3599999999999999,,-1.0106,0.1724,,,,
bob,1,28598809,925,0.0105,0.2215,1.6,,-1.0201,0.2049,,,,
bob,1,28598809,926,0.0047,0.219,1.1400000000000001,,-1.0106,0.1492,,,,
bob,1,28598809,927,0.0029,0.2625,1.52,,-1.0107,0.1883,,,,
alice,1,28610714,920,0.1754,1.7388,4.9609,0.1322,,,1162,35,0.329,0.787
alice,1,28610714,921,0.2046,1.4748,4.8731,0.1322,,,1111,12,0.398,0.722
alice,1,28610714,922,0.1627,1.2509,4.7305,0.1322,,,1126,11,0.417,0.769
alice,1,28610714,923,0.1307,1.0799,4.7743,0.1322,,,1117,28,0.382,0.677
alice,1,28610714,924,0.1436,1.0022,4.5863,0.1322,,,1121,33,0.35,0.76
alice,1,28610714,925,0.0956,0.982,4.6713,0.1322,,,1101,33,0.329,0.947
alice,1,28610714,926,0.0958,0.9204,4.442,0.1322,,,1109,38,0.34,0.825
alice,1,28610714,927,0.1125,0.9886,4.9527,0.1322,,,1067,15,0.385,0.764
alice,1,28610714,928,0.0813,0.9874,4.795,0.1322,,,1078,14,0.356,0.845
alice,1,28610714,929,0.081,0.9527,4.5882,0.1322,,,1096,22,0.36,0.642
alice,1,28610714,930,0.04,0.8485,3.8563,0.1322,,,1082,144,0.253,0.777
alice,1,28610714,931,0.1053,0.8302,3.6731,0.1322,,,1127,102,0.284,0.77
alice,1,28610714,932,0.142,0.8809,4.3319,0.1322,,,1091,55,0.327,0.746
alice,1,28610714,933,0.1316,0.8766,4.6323,0.1322,,,1076,47,0.308,0.645
alice,1,28610714,934,0.1306,0.8828,4.8272,0.1322,,,1056,52,0.273,0.707
alice,1,28610714,935,0.1313,0.9229,4.9853,0.1322,,,1062,31,0.314,0.991
alice,1,28610714,936,0.093,0.8427,4.4248,0.1322,,,1050,120,0.248,0.629
alice,1,28610714,937,0.1108,0.8116,4.4937,0.1322,,,1052,123,0.267,0.698
alice,1,28610714,938,0.0087,0.678,4.2522,0.1322,,,869,495,0.144,0.806
alice,1,28610714,939,0.0775,0.691,4.4368,0.1322,,,948,453,0.172,0.618
alice,1,28610714,940,0.1277,0.704,4.655,0.1322,,,953,390,0.193,0.822
alice,1,28610714,941,0.1761,0.7792,4.7683,0.1322,,,1046,191,0.238,0.739
alice,1,28610714,942,0.1064,0.7846,4.8333,0.1322,,,1010,165,0.224,0.793
alice,1,28610714,943,0.1156,0.8038,4.7885,0.1322,,,1010,166,0.225,0.694
alice,1,28610714,944,0.0775,0.7411,4.6442,0.1322,,,958,309,0.195,0.718
alice,1,28610714,945,0.1103,0.7535,4.495,0.1322,,,999,282,0.213,0.852
alice,1,28610714,946,0.1194,0.7135,4.3646,0.1322,,,1004,283,0.211,0.772
alice,1,28610714,947,0.1592,0.8024,4.4976,0.1322,,,1031,175,0.256,0.707
alice,1,28610714,948,0.0832,0.7205,4.201,0.1322,,,944,400,0.17,0.784
alice,1,28610714,949,0.1513,0.8231,4.6751,0.1322,,,1087,106,0.224,0.703
alice,1,28610714,950,0.1157,0.7973,4.68,0.1322,,,1023,144,0.212,0.861
alice,1,28610714,951,0.0837,0.7518,4.5985,0.1322,,,1021,200,0.193,0.696
alice,1,28610714,952,0.0839,0.8171,4.8501,0.1322,,,1033,143,0.212,0.676
alice,1,28610714,953,0.1179,0.8383,4.95,0.1322,,,1021,122,0.221,0.652
alice,1,28610714,954,0.0711,0.8042,4.7927,0.1322,,,1014,161,0.206,0.707
alice,1,28610714,955,0.0921,0.8365,4.793,0.1322,,,1033,130,0.211,0.728
alice,1,28610714,956,0.0752,0.8388,4.8253,0.1322,,,1036,122,0.208,0.693
alice,1,28610714,957,0.0899,0.8207,4.7128,0.1322,,,1040,113,0.214,0.834
alice,1,28610714,958,0.0897,0.8816,5.1567,0.1322,,,1016,109,0.204,0.684
alice,1,28610714,959,0.0894,0.8557,4.8894,0.1322,,,1029,111,0.202,0.726
alice,1,28610714,960,0.1071,0.8652,5.1818,0.1322,,,1015,118,0.202,0.738
alice,1,28610714,961,0.0946,0.844,5.0775,0.1322,,,1033,111,0.207,0.775
alice,1,28610714,962,0.1109,0.8793,5.1985,0.1322,,,1020,93,0.217,0.717
alice,1,28610714,963,0.115,0.8814,5.165,0.1322,,,1031,93,0.224,0.816
alice,1,28610714,964,0.0949,0.8497,5.0474,0.1322,,,1015,142,0.212,0.758
alice,1,28610714,965,0.0931,0.8615,4.9903,0.1322,,,1025,120,0.209,0.775
alice,1,28610714,966,0.103,0.873,5.1404,0.1322,,,1044,88,0.213,0.802
alice,1,28610714,967,0.0805,0.863,5.1688,0.1322,,,1007,117,0.199,0.715
alice,1,28610714,968,0.0921,0.833,4.9599,0.1322,,,1028,151,0.191,0.788
alice,1,28610714,969,0.1104,0.7796,4.6634,0.1322,,,1049,117,0.2,0.626
alice,1,28610714,970,0.096,0.8319,4.8371,0.1322,,,1050,90,0.212,0.733
alice,1,28610714,971,0.0859,0.8473,4.8409,0.1322,,,1018,115,0.209,0.76
alice,1,28610714,972,0.1082,0.8298,4.9821,0.1322,,,1023,131,0.211,0.75
alice,1,28610714,973,0.1044,0.8087,4.9112,0.1322,,,1032,129,0.214,0.735
alice,1,28610714,974,0.1164,0.8324,4.7812,0.1322,,,1034,101,0.23,0.702
alice,1,28610714,975,0.1065,0.8571,4.8,0.1322,,,1050,84,0.232,0.72
alice,1,28610714,976,0.1237,0.8332,5.0538,0.1322,,,1034,88,0.231,0.728
alice,1,28610714,977,0.1142,0.8482,4.9925,0.1322,,,1034,83,0.219,0.741
alice,1,28610714,978,0.0971,0.8788,5.1312,0.1322,,,1019,116,0.212,0.85
alice,1,28610714,979,0.1116,0.8547,4.8427,0.1322,,,1050,94,0.224,0.717
alice,1,28610714,980,0.112,0.8771,4.9906,0.1322,,,1040,92,0.232,0.736
alice,1,28610714,981,0.1113,0.8044,4.8366,0.1322,,,1038,130,0.213,0.796
alice,1,28610714,982,0.1097,0.7895,4.9046,0.1322,,,1041,122,0.214,0.7
alice,1,28610714,983,0.1036,0.8038,4.9091,0.1322,,,1032,108,0.229,0.706
alice,1,28610714,984,0.0986,0.7588,4.7028,0.1322,,,1055,97,0.221,0.744
alice,1,28610714,985,0.0934,0.7928,4.9692,0.1322,,,1043,85,0.223,0.683
alice,1,28610714,986,0.1001,0.835,4.9835,0.1322,,,1024,86,0.227,0.793
alice,1,28610714,987,0.0893,0.8156,4.8587,0.1322,,,1040,87,0.222,0.726
alice,1,28610714,988,0.0982,0.8281,4.9946,0.1322,,,1032,95,0.217,0.671
alice,1,28610714,989,0.1073,0.8267,4.8976,0.1322,,,1027,100,0.224,0.646
alice,1,28610714,990,0.0974,0.7752,4.5238,0.1322,,,1043,114,0.223,0.739
alice,1,28610714,991,0.1118,0.8216,4.7638,0.1322,,,1047,98,0.223,0.72
alice,1,28610714,992,0.121,0.8211,4.8444,0.1322,,,1042,87,0.226,0.778
alice,1,28610714,993,0.1109,0.8048,4.8568,0.1322,,,1035,108,0.217,0.688
alice,1,28610714,994,0.1057,0.8049,4.8203,0.1322,,,1049,103,0.226,0.614
alice,1,28610714,995,0.1019,0.8501,4.9249,0.1322,,,1028,87,0.228,0.617
alice,1,28610714,996,0.1026,0.8559,5.0355,0.1322,,,1040,85,0.227,0.75
alice,1,28610714,997,0.1009,0.8312,4.8827,0.1322,,,1022,106,0.227,0.796
alice,1,28610714,998,0.1067,0.8587,4.9066,0.1322,,,1037,94,0.232,0.764
alice,1,28610714,999,0.0906,0.8204,4.625,0.1322,,,1050,106,0.219,0.738
alice,1,28610714,1000,0.0843,0.7995,4.6389,0.1322,,,1034,119,0.212,0.765
alice,1,28610714,1001,0.1012,0.839,4.9023,0.1322,,,1046,93,0.216,0.707
alice,1,28610714,1002,0.0896,0.8422,4.9225,0.1322,,,1037,94,0.22,0.705
alice,1,28610714,1003,0.0926,0.8336,5.0838,0.1322,,,1031,103,0.22,0.807
alice,1,28610714,1004,0.1076,0.77,4.7224,0.1322,,,1035,108,0.209,0.657
alice,1,28610714,1005,0.1068,0.8294,4.8783,0.1322,,,1047,97,0.223,0.672
alice,1,28610714,1006,0.1123,0.8261,5.1105,0.1322,,,1029,101,0.221,0.705
alice,1,28610714,1007,0.0935,0.7604,4.6048,0.1322,,,1037,100,0.231,0.666
alice,1,28610714,1008,0.0692,0.7896,4.7128,0.1322,,,1029,124,0.202,0.761
alice,1,28610714,1009,0.0849,0.7988,4.6211,0.1322,,,1049,98,0.21,0.669
alice,1,28610714,1010,0.1021,0.8543,4.9817,0.1322,,,1029,89,0.218,0.656
alice,1,28610714,1011,0.1175,0.7882,4.7332,0.1322,,,1028,127,0.214,0.722
alice,1,28610714,1012,0.1355,0.808,4.8972,0.1322,,,1037,98,0.219,0.703
alice,1,28610714,1013,0.0946,0.8561,4.8886,0.1322,,,1027,110,0.216,0.766
alice,1,28610714,1014,0.1057,0.8309,4.6744,0.1322,,,1043,117,0.218,0.788
alice,1,28610714,1015,0.1185,0.8228,4.7583,0.1322,,,1040,112,0.212,0.677
alice,1,28610714,1016,0.1367,0.8065,4.7017,0.1322,,,1056,97,0.221,0.655
alice,1,28610714,1017,0.1196,0.7762,4.7984,0.1322,,,1038,119,0.207,0.657
alice,1,28610714,1018,0.1177,0.8242,5.0471,0.1322,,,1034,87,0.21,0.619
alice,1,28610714,1019,0.1141,0.8254,4.9537,0.1322,,,1037,91,0.218,0.81
alice,1,28610714,1020,0.1271,0.8581,5.043,0.1322,,,1035,85,0.219,0.671
alice,1,28610714,1021,0.1072,0.8328,4.928,0.1322,,,1026,103,0.22,0.789
alice,1,28610714,1022,0.1121,0.823,4.684,0.1322,,,1036,114,0.217,0.642
alice,1,28610714,1023,0.1433,0.8148,4.7934,0.1322,,,1051,109,0.214,0.683
alice,1,28610714,1024,0.1037,0.7881,4.5845,0.1322,,,1043,127,0.214,0.811
alice,1,28610714,1025,0.1115,0.834,4.7957,0.1322,,,1053,86,0.227,0.687
alice,1,28610714,1026,0.1159,0.8487,4.9577,0.1322,,,1038,84,0.222,0.78
alice,1,28610714,1027,0.0977,0.8604,4.8378,0.1322,,,1038,101,0.216,0.786
alice,1,28610714,1028,0.0971,0.8116,4.7797,0.1322,,,1024,145,0.207,0.684
alice,1,28610714,1029,0.1139,0.81,4.5788,0.1322,,,1061,100,0.216,0.684
alice,1,28610714,1030,0.1003,0.8078,4.643,0.1322,,,1048,107,0.218,0.75
alice,1,28610714,1031,0.1195,0.8269,4.7664,0.1322,,,1042,101,0.212,0.664
alice,1,28610714,1032,0.126,0.8288,4.8759,0.1322,,,1053,82,0.221,0.808
alice,1,28610714,1033,0.1209,0.821,4.9565,0.1322,,,1031,99,0.212,0.82
alice,1,28610714,1034,0.1156,0.8103,4.9974,0.1322,,,1021,111,0.211,0.686
alice,1,28610714,1035,0.1286,0.799,4.7374,0.1322,,,1055,85,0.222,0.769
alice,1,28610714,1036,0.1198,0.8089,4.7045,0.1322,,,1052,74,0.226,0.632
alice,1,28610714,1037,0.1144,0.7556,4.5573,0.1322,,,1055,95,0.22,0.763
alice,1,28610714,1038,0.1134,0.796,4.8503,0.1322,,,1042,89,0.216,0.702
alice,1,28610714,1039,0.1218,0.8166,4.9019,0.1322,,,1040,84,0.222,0.725
alice,1,28610714,1040,0.1091,0.8214,4.9029,0.1322,,,1026,98,0.216,0.673
alice,1,28610714,1041,0.1316,0.7877,4.7851,0.1322,,,1030,131,0.21,0.67
alice,1,28610714,1042,0.1156,0.787,4.671,0.1322,,,1062,89,0.221,0.833
alice,1,28610714,1043,0.108,0.8177,4.9342,0.1322,,,1030,79,0.221,0.729
alice,1,28610714,1044,0.0896,0.8343,4.7475,0.1322,,,1032,94,0.221,0.832
alice,1,28610714,1045,0.1252,0.783,4.6216,0.1322,,,1055,111,0.213,0.809
alice,1,28610714,1046,0.1061,0.7585,4.6094,0.1322,,,1041,121,0.211,0.722
alice,1,28610714,1047,0.0865,0.7832,4.6319,0.1322,,,1034,128,0.213,0.708
alice,1,28610714,1048,0.0878,0.743,4.3974,0.1322,,,1051,158,0.214,0.801
alice,1,28610714,1049,0.0914,0.735,4.4208,0.1322,,,1027,160,0.209,0.785
alice,1,28610714,1050,0.1161,0.7825,4.7789,0.1322,,,1046,113,0.218,0.765
alice,1,28610714,1051,0.0839,0.7507,4.5212,0.1322,,,1036,128,0.205,0.63
alice,1,28610714,1052,0.0758,0.7451,4.5691,0.1322,,,1046,133,0.204,0.659
alice,1,28610714,1053,0.1217,0.8046,4.6772,0.1322,,,1036,123,0.207,0.701
alice,1,28610714,1054,0.1014,0.7608,4.4631,0.1322,,,1048,122,0.208,0.715
alice,1,28610714,1055,0.0941,0.8017,4.6045,0.1322,,,1051,102,0.212,0.651
alice,1,28610714,1056,0.1149,0.7953,4.763,0.1322,,,1048,86,0.21,0.711
alice,1,28610714,1057,0.0767,0.6898,4.1823,0.1322,,,1005,228,0.193,0.804
alice,1,28610714,1058,0.0973,0.6559,4.0226,0.1322,,,1009,288,0.18,0.76
alice,1,28610714,1059,0.1256,0.7206,4.069,0.1322,,,1052,165,0.21,0.828
alice,1,28610714,1060,0.1062,0.7597,4.3692,0.1322,,,1031,178,0.214,0.861
alice,1,28610714,1061,0.1377,0.7484,4.4442,0.1322,,,1075,141,0.219,0.678
alice,1,28610714,1062,0.1321,0.7797,4.641,0.1322,,,1044,114,0.221,0.675
alice,1,28610714,1063,0.1045,0.7289,4.33,0.1322,,,1051,110,0.221,0.871
alice,1,28610714,1064,0.1084,0.8186,4.7709,0.1322,,,1038,86,0.228,0.687
alice,1,28610714,1065,0.1186,0.8151,4.5642,0.1322,,,1041,102,0.219,0.916
alice,1,28610714,1066,0.1215,0.809,4.595,0.1322,,,1070,101,0.216,0.789
alice,1,28610714,1067,0.092,0.8099,4.5319,0.1322,,,1053,106,0.223,0.744
alice,1,28610714,1068,0.1038,0.8062,4.613,0.1322,,,1034,132,0.217,0.732
alice,1,28610714,1069,0.106,0.8233,4.7177,0.1322,,,1035,134,0.215,0.727
alice,1,28610714,1070,0.1296,0.8477,4.8227,0.1322,,,1052,82,0.217,0.794
alice,1,28610714,1071,0.11,0.8373,5.1215,0.1322,,,1027,108,0.215,0.699
alice,1,28610714,1072,0.1081,0.8065,4.8744,0.1322,,,1038,112,0.215,0.724
alice,1,28610714,1073,0.1094,0.7976,4.6734,0.1322,,,1045,109,0.217,0.674
alice,1,28610714,1074,0.1006,0.7383,4.3481,0.1322,,,1052,125,0.213,0.768
alice,1,28610714,1075,0.1097,0.7818,4.6506,0.1322,,,1039,117,0.223,0.899
alice,1,28610714,1076,0.1131,0.789,4.6256,0.1322,,,1052,96,0.222,0.693
alice,1,28610714,1077,0.1131,0.8078,4.6494,0.1322,,,1054,87,0.219,0.723
alice,1,28610714,1078,0.1062,0.835,4.9284,0.1322,,,1049,87,0.216,0.696
alice,1,28610714,1079,0.1187,0.7634,4.7218,0.1322,,,1053,95,0.227,0.751
alice,1,28610714,1080,0.1307,0.7807,4.5703,0.1322,,,1040,96,0.223,0.794
alice,1,28610714,1081,0.1004,0.8256,4.8025,0.1322,,,1041,93,0.228,0.81
alice,1,28610714,1082,0.1189,0.7915,4.5686,0.1322,,,1057,98,0.216,0.672
alice,1,28610714,1083,0.1159,0.8015,4.5611,0.1322,,,1042,110,0.217,0.836
alice,1,28610714,1084,0.1091,0.7705,4.3318,0.1322,,,1059,110,0.21,0.712
alice,1,28610714,1085,0.1207,0.7875,4.4493,0.1322,,,1049,107,0.213,0.746
alice,1,28610714,1086,0.0895,0.7456,4.2958,0.1322,,,1062,123,0.209,0.791
alice,1,28610714,1087,0.1057,0.7744,4.6072,0.1322,,,1037,136,0.205,0.668
alice,1,28610714,1088,0.1224,0.7869,4.5674,0.1322,,,1051,124,0.207,0.824
alice,1,28610714,1089,0.094,0.7753,4.4246,0.1322,,,1058,102,0.226,0.767
alice,1,28610714,1090,0.0813,0.7932,4.656,0.1322,,,1031,123,0.214,0.756
alice,1,28610714,1091,0.0798,0.7401,4.4195,0.1322,,,1043,146,0.215,0.793
alice,1,28610714,1092,0.1133,0.7766,4.7104,0.1322,,,1025,143,0.213,0.878
alice,1,28610714,1093,0.0928,0.7747,4.6378,0.1322,,,1017,122,0.22,0.737
alice,1,28610714,1094,0.1156,0.8026,4.6211,0.1322,,,1041,117,0.218,0.778
alice,1,28610714,1095,0.1099,0.772,4.534,0.1322,,,1063,113,0.211,0.708
alice,1,28610714,1096,0.0904,0.7674,4.7266,0.1322,,,1046,109,0.209,0.611
alice,1,28610714,1097,0.118,0.7836,4.7356,0.1322,,,1054,91,0.208,0.924
alice,1,28610714,1098,0.0998,0.7545,4.3938,0.1322,,,1033,143,0.203,0.841
alice,1,28610714,1099,0.0985,0.7696,4.4223,0.1322,,,1060,124,0.207,0.652
alice,1,28610714,1100,0.0904,0.7595,4.3728,0.1322,,,1045,143,0.207,0.692
alice,1,28610714,1101,0.1194,0.7931,4.5405,0.1322,,,1026,158,0.207,0.728
alice,1,28610714,1102,0.1109,0.7151,4.3566,0.1322,,,1053,181,0.198,0.668
alice,1,28610714,1103,0.1268,0.7596,4.6098,0.1322,,,1045,120,0.208,0.739
alice,1,28610714,1104,0.0773,0.751,4.4506,0.1322,,,1036,125,0.209,0.736
alice,1,28610714,1105,0.1119,0.7969,4.8036,0.1322,,,1038,127,0.198,0.759
alice,1,28610714,1106,0.1047,0.7767,4.7032,0.1322,,,1028,161,0.201,0.816
alice,1,28610714,1107,0.0953,0.7854,4.6641,0.1322,,,1035,115,0.204,0.69
alice,1,28610714,1108,0.0962,0.7763,4.6266,0.1322,,,1041,120,0.203,0.73
alice,1,28610714,1109,0.1052,0.7982,4.5971,0.1322,,,1044,125,0.204,0.742
alice,1,28610714,1110,0.1133,0.8329,4.7805,0.1322,,,1037,118,0.211,0.703
alice,1,28610714,1111,0.1042,0.7837,4.4151,0.1322,,,1060,129,0.204,0.752
alice,1,28610714,1112,0.1124,0.7936,4.665,0.1322,,,1046,120,0.202,0.79
alice,1,28610714,1113,0.0749,0.8006,4.6228,0.1322,,,1056,100,0.203,0.751
alice,1,28610714,1114,0.1132,0.8257,4.665,0.1322,,,1047,106,0.206,0.645
alice,1,28610714,1115,0.0821,0.796,4.5772,0.1322,,,1045,114,0.21,0.767
alice,1,28610714,1116,0.1054,0.8598,4.8354,0.1322,,,1025,107,0.207,0.741
alice,1,28610714,1117,0.1002,0.8674,5.0146,0.1322,,,1039,91,0.211,0.704
alice,1,28610714,1118,0.0879,0.8254,4.7043,0.1322,,,1026,138,0.207,0.844
alice,1,28610714,1119,0.1194,0.776,4.3379,0.1322,,,1054,166,0.194,0.655
alice,1,28610714,1120,0.1346,0.7493,4.3022,0.1322,,,1059,137,0.207,0.714
alice,1,28610714,1121,0.0969,0.7688,4.4818,0.1322,,,1058,105,0.207,0.702
alice,1,28610714,1122,0.1114,0.7732,4.6726,0.1322,,,1026,140,0.199,0.795
alice,1,28610714,1123,0.0919,0.8187,4.9156,0.1322,,,1033,131,0.203,0.72
alice,1,28610714,1124,0.1134,0.8365,4.8155,0.1322,,,1035,94,0.215,0.709
alice,1,28610714,1125,0.1107,0.7919,4.5923,0.1322,,,1051,110,0.217,0.713
alice,1,28610714,1126,0.1185,0.7826,4.6584,0.1322,,,1040,117,0.213,0.757
alice,1,28610714,1127,0.1164,0.7907,4.7143,0.1322,,,1055,111,0.209,0.657
alice,1,28610714,1128,0.1234,0.7942,4.7728,0.1322,,,1033,116,0.216,0.743
alice,1,28610714,1129,0.1317,0.8094,4.8359,0.1322,,,1044,110,0.214,0.807
alice,1,28610714,1130,0.1061,0.803,4.7231,0.1322,,,1034,107,0.215,0.751
alice,1,28610714,1131,0.0927,0.7939,4.6411,0.1322,,,1060,101,0.218,0.728
alice,1,28610714,1132,0.0978,0.8173,4.8172,0.1322,,,1028,108,0.214,0.777
alice,1,28610714,1133,0.0999,0.8192,4.7232,0.1322,,,1043,116,0.211,0.824
alice,1,28610714,1134,0.0996,0.7867,4.6269,0.1322,,,1026,143,0.195,0.717
alice,1,28610714,1135,0.1131,0.816,4.634,0.1322,,,1045,120,0.197,0.688
alice,1,28610714,1136,0.0944,0.7756,4.4227,0.1322,,,1045,162,0.186,0.734
alice,1,28610714,1137,0.0966,0.7629,4.4444,0.1322,,,1060,127,0.196,0.788
alice,1,28610714,1138,0.1146,0.8139,4.7032,0.1322,,,1031,136,0.195,0.714
alice,1,28610714,1139,0.1141,0.8199,4.6847,0.1322,,,1052,115,0.208,0.799
alice,1,28610714,1140,0.1102,0.7888,4.7044,0.1322,,,1041,105,0.208,0.659
alice,1,28610714,1141,0.1192,0.8326,4.9302,0.1322,,,1025,112,0.196,0.694
alice,1,28610714,1142,0.0916,0.752,4.4296,0.1322,,,1053,144,0.198,0.685
alice,1,28610714,1143,0.1102,0.7859,4.6797,0.1322,,,1023,147,0.195,0.732
alice,1,28610714,1144,0.0925,0.7719,4.4696,0.1322,,,1056,127,0.194,0.712
alice,1,28610714,1145,0.1057,0.7932,4.7179,0.1322,,,1028,146,0.195,0.828
alice,1,28610714,1146,0.1336,0.7747,4.5363,0.1322,,,1034,153,0.196,0.648
alice,1,28610714,1147,0.1192,0.775,4.5254,0.1322,,,1067,99,0.202,0.654
alice,1,28610714,1148,0.0923,0.7413,4.2639,0.1322,,,1043,149,0.194,0.636
alice,1,28610714,1149,0.1254,0.8136,4.7895,0.1322,,,1024,128,0.205,0.844
alice,1,28610714,1150,0.1103,0.7841,4.6452,0.1322,,,1038,135,0.199,0.803
alice,1,28610714,1151,0.1092,0.7679,4.5328,0.1322,,,1055,120,0.198,0.659
alice,1,28610714,1152,0.1032,0.8157,4.6558,0.1322,,,1047,101,0.202,0.766
alice,1,28610714,1153,0.1282,0.8134,4.7015,0.1322,,,1055,92,0.207,0.713
alice,1,28610714,1154,0.092,0.8158,4.7397,0.1322,,,1032,122,0.198,0.737
alice,1,28610714,1155,0.1199,0.7895,4.5771,0.1322,,,1061,100,0.207,0.763
alice,1,28610714,1156,0.1222,0.77,4.6231,0.1322,,,1052,85,0.206,0.701
alice,1,28610714,1157,0.14,0.7895,4.8213,0.1322,,,1054,72,0.214,0.741
alice,1,28610714,1158,0.0976,0.7694,4.5714,0.1322,,,1044,94,0.211,0.85
alice,1,28610714,1159,0.1033,0.7867,4.5362,0.1322,,,1054,104,0.212,0.807
alice,1,28610714,1160,0.1168,0.7521,4.5774,0.1322,,,1054,116,0.205,0.836
alice,1,28610714,1161,0.112,0.7326,4.5507,0.1322,,,1046,117,0.203,0.71
alice,1,28610714,1162,0.0756,0.7366,4.2796,0.1322,,,1044,118,0.196,0.719
alice,1,28610714,1163,0.1031,0.7599,4.4439,0.1322,,,1022,164,0.197,0.721
alice,1,28610714,1164,0.1112,0.8071,4.5873,0.1322,,,1067,110,0.208,0.697
alice,1,28610714,1165,0.0919,0.8085,4.4413,0.1322,,,1037,134,0.204,0.834
alice,1,28610714,1166,0.0979,0.8503,4.544,0.1322,,,1042,128,0.199,0.79
alice,1,28610714,1167,0.096,0.846,4.5022,0.1322,,,1043,130,0.194,0.704
alice,1,28610714,1168,0.1139,0.8332,4.6244,0.1322,,,1043,130,0.197,0.821
alice,1,28610714,1169,0.1154,0.814,4.6077,0.1322,,,1066,121,0.208,0.682
alice,1,28610714,1170,0.107,0.7822,4.6469,0.1322,,,1044,134,0.201,0.766
alice,1,28610714,1171,0.1421,0.8179,4.5677,0.1322,,,1039,102,0.216,0.819
alice,1,28610714,1172,0.0982,0.7848,4.5728,0.1322,,,1052,124,0.195,0.671
bob,1,28610714,920,0.0075,0.5231,1.6,,-1.0199,0.2054,,,,
bob,1,28610714,921,-0.0116,0.4132,1.76,,-1.0539,0.219,,,,
bob,1,28610714,922,0.0042,0.3351,1.8399999999999999,,-1.0791,0.228,,,,
bob,1,28610714,923,0.0051,0.3311,1.7999999999999998,,-1.0546,0.2263,,,,
bob,1,28610714,924,0.0098,0.3009,1.72,,-1.0793,0.2155,,,,
bob,1,28610714,925,0.0023,0.2695,1.52,,-1.0345,0.1947,,,,
bob,1,28610714,926,0.0155,0.3332,1.82,,-1.0612,0.2344,,,,
bob,1,28610714,927,0.0063,0.2834,1.3,,-1.083,0.1635,,,,
bob,1,28610714,928,0.0057,0.2529,1.3,,-1.0467,0.1626,,,,
bob,1,28610714,929,0.0073,0.2774,1.4200000000000002,,-1.0434,0.1782,,,,
bob,1,28610714,930,0.0084,0.2876,1.94,,-1.0488,0.2429,,,,
bob,1,28610714,931,0.0073,0.3638,2.52,,-1.0642,0.3224,,,,
bob,1,28610714,932,0.0143,0.2518,1.68,,-1.0223,0.2191,,,,
bob,1,28610714,933,0.0132,0.183,1.46,,-1.048,0.1922,,,,
bob,1,28610714,934,0.0072,0.1686,0.98,,-1.0516,0.1252,,,,
bob,1,28610714,935,0.0082,0.1869,0.9199999999999999,,-1.0183,0.1173,,,,
bob,1,28610714,936,0.0103,0.2398,1.24,,-1.0457,0.1565,,,,
bob,1,28610714,937,0.005,0.263,1.3599999999999999,,-1.0403,0.182,,,,
bob,1,28610714,938,0.0023,0.2328,1.28,,-1.0358,0.1579,,,,
bob,1,28610714,939,0.0069,0.2308,1.28,,-1.0632,0.1798,,,,
bob,1,28610714,940,0.0019,0.2097,1.1199999999999999,,-1.0624,0.1491,,,,
bob,1,28610714,941,0.0086,0.1901,1.04,,-1.0621,0.142,,,,
bob,1,28610714,942,0.0065,0.1756,0.88,,-1.0336,0.1143,,,,
bob,1,28610714,943,0.0102,0.187,1.02,,-1.0396,0.1344,,,,
bob,1,28610714,944,0.0049,0.1873,1.04,,-1.0182,0.1333,,,,
bob,1,28610714,945,0.0089,0.1936,1.28,,-1.0534,0.1706,,,,
bob,1,28610714,946,0.0065,0.2325,1.34,,-1.0582,0.1787,,,,
bob,1,28610714,947,0.0103,0.253,1.3599999999999999,,-1.0558,0.1773,,,,
bob,1,28610714,948,0.0081,0.2654,1.5,,-0.978,0.1918,,,,
bob,1,28610714,949,0.0154,0.2102,1.28,,-1.0422,0.1844,,,,
bob,1,28610714,950,0.0031,0.1648,0.9400000000000001,,-1.0284,0.1229,,,,
bob,1,28610714,951,0.0123,0.156,1.0999999999999999,,-1.0333,0.1493,,,,
bob,1,28610714,952,0.003,0.1414,0.9199999999999999,,-1.0247,0.1255,,,,
bob,1,28610714,953,0.0109,0.1745,0.88,,-1.0144,0.1179,,,,
bob,1,28610714,954,0.0069,0.1564,0.86,,-0.996,0.1145,,,,
bob,1,28610714,955,0.0173,0.1615,1.04,,-1.0104,0.1422,,,,
bob,1,28610714,956,0.0112,0.1492,0.84,,-0.9733,0.113,,,,
bob,1,28610714,957,0.0237,0.1543,0.9400000000000001,,-1.0013,0.1272,,,,
bob,1,28610714,958,0.0069,0.1096,0.62,,-1.0278,0.0828,,,,
bob,1,28610714,959,0.0095,0.1434,0.86,,-1.0332,0.1163,,,,
bob,1,28610714,960,0.0065,0.1193,0.66,,-1.0173,0.0885,,,,
bob,1,28610714,961,0.0134,0.1473,0.76,,-0.9981,0.103,,,,
bob,1,28610714,962,0.01,0.1162,0.62,,-1.0235,0.0806,,,,
bob,1,28610714,963,0.0111,0.1236,0.6799999999999999,,-1.0356,0.0885,,,,
bob,1,28610714,964,0.0101,0.1277,0.72,,-1.0252,0.0947,,,,
bob,1,28610714,965,0.0119,0.1511,0.84,,-1.0175,0.1137,,,,
bob,1,28610714,966,0.0108,0.1231,0.6799999999999999,,-1.0014,0.0914,,,,
bob,1,28610714,967,0.0126,0.118,0.66,,-1.039,0.088,,,,
bob,1,28610714,968,0.008,0.1387,0.8,,-1.0236,0.1087,,,,
bob,1,28610714,969,0.0137,0.1718,1.04,,-1.0003,0.1462,,,,
bob,1,28610714,970,0.012,0.1379,0.7799999999999999,,-0.9993,0.1035,,,,
bob,1,28610714,971,0.0139,0.1443,0.86,,-0.9853,0.1145,,,,
bob,1,28610714,972,0.0125,0.1437,0.7799999999999999,,-1.0062,0.1065,,,,
bob,1,28610714,973,0.0138,0.142,0.8200000000000001,,-1.0148,0.1106,,,,
bob,1,28610714,974,0.0118,0.1527,0.86,,-0.9848,0.1132,,,,
bob,1,28610714,975,0.0148,0.1673,1.0,,-1.0227,0.1316,,,,
bob,1,28610714,976,0.0106,0.1228,0.8,,-1.0331,0.1073,,,,
bob,1,28610714,977,0.0081,0.1248,0.7799999999999999,,-1.0201,0.1043,,,,
bob,1,28610714,978,0.0068,0.1367,0.74,,-1.005,0.0975,,,,
bob,1,28610714,979,0.01,0.1567,0.9199999999999999,,-1.0218,0.123,,,,
bob,1,28610714,980,0.0099,0.1596,0.8999999999999999,,-1.012,0.1173,,,,
bob,1,28610714,981,0.0108,0.1549,0.9199999999999999,,-1.0316,0.126,,,,
bob,1,28610714,982,0.0099,0.1416,0.8200000000000001,,-1.0207,0.1103,,,,
bob,1,28610714,983,0.0094,0.1764,0.88,,-1.0142,0.1157,,,,
bob,1,28610714,984,0.0099,0.16,0.96,,-1.0204,0.1277,,,,
bob,1,28610714,985,0.0116,0.1227,0.76,,-1.0172,0.1025,,,,
bob,1,28610714,986,0.0077,0.119,0.76,,-1.0213,0.0981,,,,
bob,1,28610714,987,0.0107,0.1396,0.8999999999999999,,-1.0102,0.1198,,,,
bob,1,28610714,988,0.0123,0.1502,0.86,,-1.0132,0.1165,,,,
bob,1,28610714,989,0.0095,0.1303,0.84,,-1.0233,0.1106,,,,
bob,1,28610714,990,0.0096,0.1584,1.0,,-1.0226,0.1333,,,,
bob,1,28610714,991,0.013,0.1559,0.96,,-1.014,0.1287,,,,
bob,1,28610714,992,0.0113,0.1521,0.96,,-1.0318,0.1296,,,,
bob,1,28610714,993,0.01,0.1415,0.8200000000000001,,-1.0237,0.1103,,,,
bob,1,28610714,994,0.0143,0.1501,0.86,,-1.0185,0.115,,,,
bob,1,28610714,995,0.0127,0.1295,0.86,,-1.0158,0.1123,,,,
bob,1,28610714,996,0.0193,0.1333,0.76,,-1.0077,0.1004,,,,
bob,1,28610714,997,0.0118,0.1443,0.8200000000000001,,-1.0134,0.1069,,,,
bob,1,28610714,998,0.0122,0.1414,0.88,,-1.0368,0.1148,,,,
bob,1,28610714,999,0.0094,0.1621,0.98,,-1.0094,0.132,,,,
bob,1,28610714,1000,0.0182,0.1664,1.02,,-1.0225,0.1358,,,,
bob,1,28610714,1001,0.011,0.1502,0.88,,-1.0024,0.1186,,,,
bob,1,28610714,1002,0.0153,0.1401,0.7799999999999999,,-0.9842,0.1045,,,,
bob,1,28610714,1003,0.0135,0.1201,0.7000000000000001,,-1.0284,0.093,,,,
bob,1,28610714,1004,0.0058,0.1548,0.88,,-1.0189,0.1192,,,,
bob,1,28610714,1005,0.0119,0.1542,0.88,,-1.0206,0.1172,,,,
bob,1,28610714,1006,0.0128,0.1207,0.72,,-1.0304,0.095,,,,
bob,1,28610714,1007,0.0119,0.1464,0.96,,-1.0163,0.126,,,,
bob,1,28610714,1008,0.0057,0.1536,0.96,,-1.0187,0.1268,,,,
bob,1,28610714,1009,0.0112,0.1673,0.96,,-1.0129,0.1316,,,,
bob,1,28610714,1010,0.0076,0.1498,0.8200000000000001,,-1.0043,0.1113,,,,
bob,1,28610714,1011,0.0101,0.1613,0.9400000000000001,,-1.0243,0.1251,,,,
bob,1,28610714,1012,0.008,0.1475,0.96,,-1.0143,0.1278,,,,
bob,1,28610714,1013,0.0144,0.1648,0.84,,-1.0135,0.1094,,,,
bob,1,28610714,1014,0.0095,0.1844,1.18,,-1.0067,0.16,,,,
bob,1,28610714,1015,0.0133,0.1559,1.02,,-1.0176,0.1401,,,,
bob,1,28610714,1016,0.0108,0.193,1.1199999999999999,,-0.9766,0.1514,,,,
bob,1,28610714,1017,0.0097,0.1639,0.8999999999999999,,-1.0012,0.123,,,,
bob,1,28610714,1018,0.0145,0.1268,0.76,,-1.0033,0.1037,,,,
bob,1,28610714,1019,0.0146,0.1206,0.74,,-1.0078,0.096,,,,
bob,1,28610714,1020,0.0128,0.1279,0.74,,-1.0042,0.0978,,,,
bob,1,28610714,1021,0.0132,0.149,0.84,,-1.0082,0.1122,,,,
bob,1,28610714,1022,0.0074,0.1716,1.04,,-1.0008,0.1397,,,,
bob,1,28610714,1023,0.0091,0.189,1.04,,-1.0004,0.1385,,,,
bob,1,28610714,1024,0.0083,0.2079,1.16,,-1.0127,0.1551,,,,
bob,1,28610714,1025,0.0043,0.1559,0.96,,-1.0244,0.1311,,,,
bob,1,28610714,1026,0.0043,0.1567,0.84,,-1.0151,0.1111,,,,
bob,1,28610714,1027,0.0059,0.1632,0.9199999999999999,,-1.0091,0.1202,,,,
bob,1,28610714,1028,0.0121,0.1753,1.02,,-1.0143,0.137,,,,
bob,1,28610714,1029,0.0044,0.1763,1.16,,-1.0011,0.1579,,,,
bob,1,28610714,1030,0.0083,0.1928,1.08,,-0.9766,0.1456,,,,
bob,1,28610714,1031,0.0126,0.1482,0.98,,-1.0245,0.1332,,,,
bob,1,28610714,1032,0.0067,0.1629,0.9199999999999999,,-1.0292,0.1219,,,,
bob,1,28610714,1033,0.0052,0.1424,0.8,,-1.0234,0.1076,,,,
bob,1,28610714,1034,0.0134,0.1255,0.72,,-1.0215,0.095,,,,
bob,1,28610714,1035,0.0054,0.1289,0.86,,-1.0245,0.1158,,,,
bob,1,28610714,1036,0.0069,0.1627,0.98,,-1.019,0.129,,,,
bob,1,28610714,1037,0.007,0.1642,1.0999999999999999,,-1.0151,0.1468,,,,
bob,1,28610714,1038,0.0156,0.1392,0.86,,-1.0002,0.1167,,,,
bob,1,28610714,1039,0.0071,0.142,0.7799999999999999,,-1.0058,0.1024,,,,
bob,1,28610714,1040,0.0171,0.1635,0.9199999999999999,,-0.998,0.1237,,,,
bob,1,28610714,1041,0.0214,0.1618,0.9199999999999999,,-0.9851,0.1241,,,,
bob,1,28610714,1042,0.0191,0.1554,0.9199999999999999,,-1.0147,0.1226,,,,
bob,1,28610714,1043,0.0064,0.1508,0.84,,-1.0079,0.1121,,,,
bob,1,28610714,1044,0.0092,0.1537,0.9400000000000001,,-1.022,0.1226,,,,
bob,1,28610714,1045,0.0068,0.1928,1.1199999999999999,,-1.0143,0.1535,,,,
bob,1,28610714,1046,0.0158,0.1618,1.08,,-1.0114,0.1442,,,,
bob,1,28610714,1047,0.0146,0.1665,1.0,,-1.0064,0.1337,,,,
bob,1,28610714,1048,0.0105,0.1758,1.22,,-1.0142,0.1623,,,,
bob,1,28610714,1049,0.0157,0.1926,1.28,,-1.0187,0.1695,,,,
bob,1,28610714,1050,0.0156,0.1797,1.06,,-1.023,0.1465,,,,
bob,1,28610714,1051,0.0066,0.1975,1.1199999999999999,,-1.0101,0.1494,,,,
bob,1,28610714,1052,0.004,0.1861,1.06,,-1.019,0.1433,,,,
bob,1,28610714,1053,0.0076,0.159,0.9400000000000001,,-1.0278,0.1226,,,,
bob,1,28610714,1054,0.0086,0.1775,1.0999999999999999,,-1.0231,0.148,,,,
bob,1,28610714,1055,0.0162,0.177,1.16,,-1.0078,0.1587,,,,
bob,1,28610714,1056,0.0162,0.1521,0.96,,-1.0019,0.131,,,,
bob,1,28610714,1057,0.0054,0.2071,1.32,,-1.0084,0.17,,,,
bob,1,28610714,1058,0.0195,0.2431,1.6400000000000001,,-1.0077,0.2179,,,,
bob,1,28610714,1059,0.0112,0.2147,1.6400000000000001,,-1.0275,0.2211,,,,
bob,1,28610714,1060,0.0217,0.2444,1.4200000000000002,,-1.014,0.1895,,,,
bob,1,28610714,1061,0.0114,0.2207,1.28,,-1.0209,0.1746,,,,
bob,1,28610714,1062,0.0052,0.1639,1.0999999999999999,,-1.018,0.1457,,,,
bob,1,28610714,1063,0.0091,0.2009,1.4000000000000001,,-0.9956,0.1889,,,,
bob,1,28610714,1064,0.0118,0.1575,1.04,,-1.0217,0.1408,,,,
bob,1,28610714,1065,0.0153,0.163,1.0999999999999999,,-1.0241,0.1451,,,,
bob,1,28610714,1066,0.0096,0.1834,1.0999999999999999,,-1.019,0.1496,,,,
bob,1,28610714,1067,0.0098,0.1926,1.16,,-1.0107,0.1562,,,,
bob,1,28610714,1068,0.0136,0.178,1.08,,-1.0108,0.1424,,,,
bob,1,28610714,1069,0.0178,0.191,1.04,,-1.0044,0.14,,,,
bob,1,28610714,1070,0.0112,0.1562,0.96,,-1.0011,0.1299,,,,
bob,1,28610714,1071,0.0069,0.1322,0.7000000000000001,,-1.01,0.0938,,,,
bob,1,28610714,1072,0.0036,0.1404,0.7799999999999999,,-1.0315,0.1039,,,,
bob,1,28610714,1073,0.0162,0.1655,1.02,,-1.0365,0.1369,,,,
bob,1,28610714,1074,0.0093,0.1919,1.22,,-1.002,0.1644,,,,
bob,1,28610714,1075,0.004,0.1622,1.08,,-1.0248,0.144,,,,
bob,1,28610714,1076,0.0097,0.2191,1.1400000000000001,,-1.0047,0.1543,,,,
bob,1,28610714,1077,0.0047,0.1805,1.06,,-1.0096,0.1418,,,,
bob,1,28610714,1078,0.0119,0.1672,0.88,,-1.0068,0.1173,,,,
bob,1,28610714,1079,0.0034,0.1633,0.98,,-1.0165,0.1329,,,,
bob,1,28610714,1080,0.011,0.1787,1.04,,-1.0071,0.1373,,,,
bob,1,28610714,1081,0.0028,0.1667,0.8999999999999999,,-1.0294,0.1178,,,,
bob,1,28610714,1082,0.0125,0.1982,1.2,,-1.0103,0.1632,,,,
bob,1,28610714,1083,0.0167,0.1703,1.06,,-1.0196,0.141,,,,
bob,1,28610714,1084,0.0082,0.1917,1.28,,-1.0282,0.1722,,,,
bob,1,28610714,1085,0.0038,0.1842,1.24,,-1.018,0.1676,,,,
bob,1,28610714,1086,0.0074,0.1989,1.28,,-1.0175,0.1732,,,,
bob,1,28610714,1087,0.0045,0.1699,1.08,,-1.0144,0.1444,,,,
bob,1,28610714,1088,0.0212,0.1812,1.0999999999999999,,-0.9934,0.1475,,,,
bob,1,28610714,1089,0.0058,0.1896,1.22,,-1.0182,0.1619,,,,
bob,1,28610714,1090,0.0143,0.1803,1.08,,-1.015,0.1449,,,,
bob,1,28610714,1091,0.0111,0.189,1.1199999999999999,,-1.0159,0.1507,,,,
bob,1,28610714,1092,0.0194,0.1941,1.0,,-0.9983,0.1331,,,,
bob,1,28610714,1093,0.0178,0.1607,1.06,,-1.0091,0.1422,,,,
bob,1,28610714,1094,0.0082,0.1709,1.1400000000000001,,-1.0138,0.1519,,,,
bob,1,28610714,1095,0.0168,0.1814,1.16,,-1.0032,0.1593,,,,
bob,1,28610714,1096,0.0095,0.1617,1.0,,-1.0183,0.1343,,,,
bob,1,28610714,1097,0.0152,0.1494,0.98,,-1.0165,0.1331,,,,
bob,1,28610714,1098,0.0193,0.2001,1.16,,-1.0115,0.1531,,,,
bob,1,28610714,1099,0.0076,0.2322,1.44,,-1.0109,0.1919,,,,
bob,1,28610714,1100,0.0064,0.2116,1.34,,-1.0043,0.1795,,,,
bob,1,28610714,1101,0.0145,0.2047,1.22,,-0.9961,0.1633,,,,
bob,1,28610714,1102,0.0217,0.2087,1.34,,-1.032,0.1814,,,,
bob,1,28610714,1103,0.0202,0.1993,1.1199999999999999,,-1.012,0.1521,,,,
bob,1,28610714,1104,0.0089,0.1717,1.1400000000000001,,-1.0167,0.1521,,,,
bob,1,28610714,1105,0.0099,0.1761,1.02,,-1.0297,0.1402,,,,
bob,1,28610714,1106,0.0057,0.1549,0.8999999999999999,,-1.0219,0.1196,,,,
bob,1,28610714,1107,0.0098,0.144,1.0,,-1.0237,0.1354,,,,
bob,1,28610714,1108,0.0026,0.1756,1.02,,-1.0295,0.1366,,,,
bob,1,28610714,1109,0.0065,0.1995,1.2,,-1.0209,0.1615,,,,
bob,1,28610714,1110,0.0195,0.1725,1.04,,-1.0191,0.1409,,,,
bob,1,28610714,1111,0.0066,0.2046,1.24,,-1.0169,0.1694,,,,
bob,1,28610714,1112,0.0107,0.1676,1.06,,-1.0122,0.1448,,,,
bob,1,28610714,1113,0.0171,0.1642,1.1199999999999999,,-1.0181,0.1544,,,,
bob,1,28610714,1114,0.0075,0.1687,1.06,,-1.0191,0.1429,,,,
bob,1,28610714,1115,0.0125,0.2113,1.1199999999999999,,-1.0173,0.1522,,,,
bob,1,28610714,1116,0.0059,0.1596,0.98,,-1.0233,0.1332,,,,
bob,1,28610714,1117,0.0193,0.1481,0.8200000000000001,,-1.0231,0.1122,,,,
bob,1,28610714,1118,0.0114,0.1673,1.04,,-1.015,0.1378,,,,
bob,1,28610714,1119,0.0221,0.2086,1.34,,-1.0159,0.1794,,,,
bob,1,28610714,1120,0.0188,0.2011,1.28,,-1.0114,0.1754,,,,
bob,1,28610714,1121,0.0118,0.1863,1.22,,-1.0154,0.1652,,,,
bob,1,28610714,1122,0.0103,0.1697,1.0,,-1.0232,0.1368,,,,
bob,1,28610714,1123,0.01,0.152,0.8,,-1.0122,0.1092,,,,
bob,1,28610714,1124,0.0116,0.1655,0.8999999999999999,,-1.012,0.1208,,,,
bob,1,28610714,1125,0.0111,0.1926,1.08,,-1.004,0.1446,,,,
bob,1,28610714,1126,0.0143,0.182,1.06,,-0.9802,0.1416,,,,
bob,1,28610714,1127,0.0231,0.1728,1.08,,-1.0171,0.1468,,,,
bob,1,28610714,1128,0.0105,0.1661,0.96,,-0.9964,0.1289,,,,
bob,1,28610714,1129,0.0102,0.1846,0.86,,-1.0124,0.1151,,,,
bob,1,28610714,1130,0.0115,0.1476,0.96,,-1.0252,0.1277,,,,
bob,1,28610714,1131,0.008,0.1569,1.06,,-1.0053,0.1431,,,,
bob,1,28610714,1132,0.0053,0.1795,0.96,,-1.0301,0.131,,,,
bob,1,28610714,1133,0.0079,0.1601,1.02,,-1.0256,0.1366,,,,
bob,1,28610714,1134,0.0191,0.1773,1.1199999999999999,,-1.0169,0.1513,,,,
bob,1,28610714,1135,0.0116,0.1803,1.06,,-1.0261,0.1459,,,,
bob,1,28610714,1136,0.0097,0.2023,1.26,,-1.019,0.1692,,,,
bob,1,28610714,1137,0.0103,0.2213,1.48,,-1.019,0.2046,,,,
bob,1,28610714,1138,0.0038,0.1581,1.08,,-1.0253,0.1471,,,,
bob,1,28610714,1139,0.0149,0.1747,1.0,,-1.0052,0.1361,,,,
bob,1,28610714,1140,0.0118,0.1707,0.98,,-1.0198,0.1333,,,,
bob,1,28610714,1141,0.0217,0.1397,0.7799999999999999,,-1.0087,0.1049,,,,
bob,1,28610714,1142,0.0154,0.1883,1.0999999999999999,,-1.0144,0.1497,,,,
bob,1,28610714,1143,0.0113,0.1766,1.02,,-1.019,0.1384,,,,
bob,1,28610714,1144,0.0075,0.1937,1.08,,-1.0168,0.1448,,,,
bob,1,28610714,1145,0.0208,0.1847,1.02,,-1.0275,0.1382,,,,
bob,1,28610714,1146,0.0122,0.2062,1.1400000000000001,,-1.0128,0.1543,,,,
bob,1,28610714,1147,0.0135,0.1896,1.18,,-1.0224,0.1603,,,,
bob,1,28610714,1148,0.0066,0.2037,1.3599999999999999,,-1.0224,0.1809,,,,
bob,1,28610714,1149,0.0194,0.1733,1.02,,-1.0126,0.1411,,,,
bob,1,28610714,1150,0.0114,0.1643,0.96,,-1.0048,0.1293,,,,
bob,1,28610714,1151,0.0096,0.1906,1.1400000000000001,,-1.0196,0.155,,,,
bob,1,28610714,1152,0.0189,0.1546,1.02,,-1.0064,0.14,,,,
bob,1,28610714,1153,0.0186,0.1606,0.9400000000000001,,-1.0168,0.1278,,,,
bob,1,28610714,1154,0.0148,0.1696,1.02,,-1.0117,0.137,,,,
bob,1,28610714,1155,0.0018,0.1798,1.16,,-1.0259,0.1587,,,,
bob,1,28610714,1156,0.0096,0.1844,1.04,,-1.0224,0.143,,,,
bob,1,28610714,1157,0.0153,0.1441,0.88,,-1.0253,0.1186,,,,
bob,1,28610714,1158,0.0065,0.1682,1.06,,-1.0159,0.141,,,,
bob,1,28610714,1159,0.0137,0.1733,1.1400000000000001,,-1.0175,0.1528,,,,
bob,1,28610714,1160,0.0214,0.1774,1.04,,-1.0135,0.1423,,,,
bob,1,28610714,1161,0.0085,0.2005,1.08,,-1.0084,0.1463,,,,
bob,1,28610714,1162,0.0063,0.2016,1.26,,-1.017,0.1681,,,,
bob,1,28610714,1163,0.0072,0.2213,1.34,,-1.0162,0.1803,,,,
bob,1,28610714,1164,0.004,0.2078,1.1400000000000001,,-1.0201,0.1541,,,,
bob,1,28610714,1165,0.005,0.2088,1.2,,-1.0334,0.1601,,,,
bob,1,28610714,1166,0.0049,0.1911,1.1199999999999999,,-1.0174,0.1502,,,,
bob,1,28610714,1167,0.0077,0.1922,1.18,,-1.0269,0.1597,,,,
bob,1,28610714,1168,0.0218,0.2068,1.22,,-1.0197,0.167,,,,
bob,1,28610714,1169,0.0244,0.1681,1.16,,-1.0183,0.1579,,,,
bob,1,28610714,1170,0.0119,0.1693,1.1199999999999999,,-1.0176,0.1513,,,,
bob,1,28610714,1171,0.0145,0.1765,1.1400000000000001,,-1.0202,0.1528,,,,
bob,1,28610714,1172,0.0212,0.2152,1.1199999999999999,,-0.9992,0.1535,,,,
