<?xml version="1.0" encoding="UTF-8" standalone="no" ?>
<COLLADA xmlns="http://www.collada.org/2005/11/COLLADASchema" version="1.4.1">
    <asset>
        <contributor>
            <author>ae86 trueno</author>
            <authoring_tool>SketchUp 8.0.11752</authoring_tool>
        </contributor>
        <created>2019-12-12T07:48:40Z</created>
        <modified>2019-12-12T07:48:40Z</modified>
        <unit meter="0.0254" name="inch" />
        <up_axis>Z_UP</up_axis>
    </asset>
    <library_cameras>
        <camera id="ID1" name="skp_camera_Last_Saved_SketchUp_View">
            <optics>
                <technique_common>
                    <perspective>
                        <yfov>35</yfov>
                        <aspect_ratio>0</aspect_ratio>
                        <znear>1</znear>
                        <zfar>1000</zfar>
                    </perspective>
                </technique_common>
            </optics>
        </camera>
    </library_cameras>
    <library_visual_scenes>
        <visual_scene id="ID2">
            <node name="SketchUp">
                <instance_geometry url="#ID49">
                    <bind_material>
                        <technique_common>
                            <instance_material symbol="Material2" target="#ID51">
                                <bind_vertex_input semantic="UVSET0" input_semantic="TEXCOORD" input_set="0" />
                            </instance_material>
                            <instance_material symbol="Material3" target="#ID57">
                                <bind_vertex_input semantic="UVSET0" input_semantic="TEXCOORD" input_set="0" />
                            </instance_material>
                            <instance_material symbol="Material4" target="#ID58">
                                <bind_vertex_input semantic="UVSET0" input_semantic="TEXCOORD" input_set="0" />
                            </instance_material>
                            <instance_material symbol="Material5" target="#ID60">
                                <bind_vertex_input semantic="UVSET0" input_semantic="TEXCOORD" input_set="0" />
                            </instance_material>
                        </technique_common>
                    </bind_material>
                </instance_geometry>
                <instance_geometry url="#ID65">
                    <bind_material>
                        <technique_common>
                            <instance_material symbol="Material2" target="#ID57">
                                <bind_vertex_input semantic="UVSET0" input_semantic="TEXCOORD" input_set="0" />
                            </instance_material>
                            <instance_material symbol="Material3" target="#ID66">
                                <bind_vertex_input semantic="UVSET0" input_semantic="TEXCOORD" input_set="0" />
                            </instance_material>
                            <instance_material symbol="Material4" target="#ID58">
                                <bind_vertex_input semantic="UVSET0" input_semantic="TEXCOORD" input_set="0" />
                            </instance_material>
                            <instance_material symbol="Material5" target="#ID60">
                                <bind_vertex_input semantic="UVSET0" input_semantic="TEXCOORD" input_set="0" />
                            </instance_material>
                        </technique_common>
                    </bind_material>
                </instance_geometry>
                <instance_geometry url="#ID75">
                    <bind_material>
                        <technique_common>
                            <instance_material symbol="Material2" target="#ID57">
                                <bind_vertex_input semantic="UVSET0" input_semantic="TEXCOORD" input_set="0" />
                            </instance_material>
                            <instance_material symbol="Material3" target="#ID76">
                                <bind_vertex_input semantic="UVSET0" input_semantic="TEXCOORD" input_set="0" />
                            </instance_material>
                            <instance_material symbol="Material4" target="#ID58">
                                <bind_vertex_input semantic="UVSET0" input_semantic="TEXCOORD" input_set="0" />
                            </instance_material>
                        </technique_common>
                    </bind_material>
                </instance_geometry>
                <instance_geometry url="#ID85">
                    <bind_material>
                        <technique_common>
                            <instance_material symbol="Material2" target="#ID51">
                                <bind_vertex_input semantic="UVSET0" input_semantic="TEXCOORD" input_set="0" />
                            </instance_material>
                            <instance_material symbol="Material3" target="#ID57">
                                <bind_vertex_input semantic="UVSET0" input_semantic="TEXCOORD" input_set="0" />
                            </instance_material>
                            <instance_material symbol="Material4" target="#ID66">
                                <bind_vertex_input semantic="UVSET0" input_semantic="TEXCOORD" input_set="0" />
                            </instance_material>
                            <instance_material symbol="Material5" target="#ID58">
                                <bind_vertex_input semantic="UVSET0" input_semantic="TEXCOORD" input_set="0" />
                            </instance_material>
                        </technique_common>
                    </bind_material>
                </instance_geometry>
                <instance_geometry url="#ID93">
                    <bind_material>
                        <technique_common>
                            <instance_material symbol="Material2" target="#ID57">
                                <bind_vertex_input semantic="UVSET0" input_semantic="TEXCOORD" input_set="0" />
                            </instance_material>
                            <instance_material symbol="Material3" target="#ID66">
                                <bind_vertex_input semantic="UVSET0" input_semantic="TEXCOORD" input_set="0" />
                            </instance_material>
                            <instance_material symbol="Material4" target="#ID58">
                                <bind_vertex_input semantic="UVSET0" input_semantic="TEXCOORD" input_set="0" />
                            </instance_material>
                            <instance_material symbol="Material5" target="#ID60">
                                <bind_vertex_input semantic="UVSET0" input_semantic="TEXCOORD" input_set="0" />
                            </instance_material>
                        </technique_common>
                    </bind_material>
                </instance_geometry>
                <instance_geometry url="#ID101">
                    <bind_material>
                        <technique_common>
                            <instance_material symbol="Material2" target="#ID57">
                                <bind_vertex_input semantic="UVSET0" input_semantic="TEXCOORD" input_set="0" />
                            </instance_material>
                            <instance_material symbol="Material3" target="#ID66">
                                <bind_vertex_input semantic="UVSET0" input_semantic="TEXCOORD" input_set="0" />
                            </instance_material>
                            <instance_material symbol="Material4" target="#ID58">
                                <bind_vertex_input semantic="UVSET0" input_semantic="TEXCOORD" input_set="0" />
                            </instance_material>
                        </technique_common>
                    </bind_material>
                </instance_geometry>
                <instance_geometry url="#ID109">
                    <bind_material>
                        <technique_common>
                            <instance_material symbol="Material2" target="#ID57">
                                <bind_vertex_input semantic="UVSET0" input_semantic="TEXCOORD" input_set="0" />
                            </instance_material>
                            <instance_material symbol="Material3" target="#ID66">
                                <bind_vertex_input semantic="UVSET0" input_semantic="TEXCOORD" input_set="0" />
                            </instance_material>
                            <instance_material symbol="Material4" target="#ID58">
                                <bind_vertex_input semantic="UVSET0" input_semantic="TEXCOORD" input_set="0" />
                            </instance_material>
                        </technique_common>
                    </bind_material>
                </instance_geometry>
                <instance_geometry url="#ID117">
                    <bind_material>
                        <technique_common>
                            <instance_material symbol="Material2" target="#ID57">
                                <bind_vertex_input semantic="UVSET0" input_semantic="TEXCOORD" input_set="0" />
                            </instance_material>
                            <instance_material symbol="Material3" target="#ID66">
                                <bind_vertex_input semantic="UVSET0" input_semantic="TEXCOORD" input_set="0" />
                            </instance_material>
                            <instance_material symbol="Material4" target="#ID58">
                                <bind_vertex_input semantic="UVSET0" input_semantic="TEXCOORD" input_set="0" />
                            </instance_material>
                        </technique_common>
                    </bind_material>
                </instance_geometry>
                <instance_geometry url="#ID125">
                    <bind_material>
                        <technique_common>
                            <instance_material symbol="Material2" target="#ID57">
                                <bind_vertex_input semantic="UVSET0" input_semantic="TEXCOORD" input_set="0" />
                            </instance_material>
                            <instance_material symbol="Material3" target="#ID66">
                                <bind_vertex_input semantic="UVSET0" input_semantic="TEXCOORD" input_set="0" />
                            </instance_material>
                            <instance_material symbol="Material4" target="#ID58">
                                <bind_vertex_input semantic="UVSET0" input_semantic="TEXCOORD" input_set="0" />
                            </instance_material>
                            <instance_material symbol="Material5" target="#ID130">
                                <bind_vertex_input semantic="UVSET0" input_semantic="TEXCOORD" input_set="0" />
                            </instance_material>
                        </technique_common>
                    </bind_material>
                </instance_geometry>
                <instance_geometry url="#ID135">
                    <bind_material>
                        <technique_common>
                            <instance_material symbol="Material2" target="#ID57">
                                <bind_vertex_input semantic="UVSET0" input_semantic="TEXCOORD" input_set="0" />
                            </instance_material>
                            <instance_material symbol="Material3" target="#ID66">
                                <bind_vertex_input semantic="UVSET0" input_semantic="TEXCOORD" input_set="0" />
                            </instance_material>
                            <instance_material symbol="Material4" target="#ID58">
                                <bind_vertex_input semantic="UVSET0" input_semantic="TEXCOORD" input_set="0" />
                            </instance_material>
                        </technique_common>
                    </bind_material>
                </instance_geometry>
                <instance_geometry url="#ID143">
                    <bind_material>
                        <technique_common>
                            <instance_material symbol="Material2" target="#ID57">
                                <bind_vertex_input semantic="UVSET0" input_semantic="TEXCOORD" input_set="0" />
                            </instance_material>
                            <instance_material symbol="Material3" target="#ID76">
                                <bind_vertex_input semantic="UVSET0" input_semantic="TEXCOORD" input_set="0" />
                            </instance_material>
                            <instance_material symbol="Material4" target="#ID58">
                                <bind_vertex_input semantic="UVSET0" input_semantic="TEXCOORD" input_set="0" />
                            </instance_material>
                        </technique_common>
                    </bind_material>
                </instance_geometry>
                <instance_geometry url="#ID151">
                    <bind_material>
                        <technique_common>
                            <instance_material symbol="Material2" target="#ID57">
                                <bind_vertex_input semantic="UVSET0" input_semantic="TEXCOORD" input_set="0" />
                            </instance_material>
                            <instance_material symbol="Material3" target="#ID76">
                                <bind_vertex_input semantic="UVSET0" input_semantic="TEXCOORD" input_set="0" />
                            </instance_material>
                            <instance_material symbol="Material4" target="#ID58">
                                <bind_vertex_input semantic="UVSET0" input_semantic="TEXCOORD" input_set="0" />
                            </instance_material>
                            <instance_material symbol="Material5" target="#ID130">
                                <bind_vertex_input semantic="UVSET0" input_semantic="TEXCOORD" input_set="0" />
                            </instance_material>
                        </technique_common>
                    </bind_material>
                </instance_geometry>
                <instance_geometry url="#ID159">
                    <bind_material>
                        <technique_common>
                            <instance_material symbol="Material2" target="#ID57">
                                <bind_vertex_input semantic="UVSET0" input_semantic="TEXCOORD" input_set="0" />
                            </instance_material>
                            <instance_material symbol="Material3" target="#ID66">
                                <bind_vertex_input semantic="UVSET0" input_semantic="TEXCOORD" input_set="0" />
                            </instance_material>
                            <instance_material symbol="Material4" target="#ID58">
                                <bind_vertex_input semantic="UVSET0" input_semantic="TEXCOORD" input_set="0" />
                            </instance_material>
                        </technique_common>
                    </bind_material>
                </instance_geometry>
                <instance_geometry url="#ID167">
                    <bind_material>
                        <technique_common>
                            <instance_material symbol="Material2" target="#ID57">
                                <bind_vertex_input semantic="UVSET0" input_semantic="TEXCOORD" input_set="0" />
                            </instance_material>
                            <instance_material symbol="Material3" target="#ID66">
                                <bind_vertex_input semantic="UVSET0" input_semantic="TEXCOORD" input_set="0" />
                            </instance_material>
                            <instance_material symbol="Material4" target="#ID58">
                                <bind_vertex_input semantic="UVSET0" input_semantic="TEXCOORD" input_set="0" />
                            </instance_material>
                        </technique_common>
                    </bind_material>
                </instance_geometry>
                <instance_geometry url="#ID175">
                    <bind_material>
                        <technique_common>
                            <instance_material symbol="Material2" target="#ID57">
                                <bind_vertex_input semantic="UVSET0" input_semantic="TEXCOORD" input_set="0" />
                            </instance_material>
                            <instance_material symbol="Material3" target="#ID66">
                                <bind_vertex_input semantic="UVSET0" input_semantic="TEXCOORD" input_set="0" />
                            </instance_material>
                            <instance_material symbol="Material4" target="#ID58">
                                <bind_vertex_input semantic="UVSET0" input_semantic="TEXCOORD" input_set="0" />
                            </instance_material>
                        </technique_common>
                    </bind_material>
                </instance_geometry>
                <instance_geometry url="#ID183">
                    <bind_material>
                        <technique_common>
                            <instance_material symbol="Material2" target="#ID57">
                                <bind_vertex_input semantic="UVSET0" input_semantic="TEXCOORD" input_set="0" />
                            </instance_material>
                            <instance_material symbol="Material3" target="#ID76">
                                <bind_vertex_input semantic="UVSET0" input_semantic="TEXCOORD" input_set="0" />
                            </instance_material>
                            <instance_material symbol="Material4" target="#ID58">
                                <bind_vertex_input semantic="UVSET0" input_semantic="TEXCOORD" input_set="0" />
                            </instance_material>
                        </technique_common>
                    </bind_material>
                </instance_geometry>
                <instance_geometry url="#ID191">
                    <bind_material>
                        <technique_common>
                            <instance_material symbol="Material2" target="#ID58">
                                <bind_vertex_input semantic="UVSET0" input_semantic="TEXCOORD" input_set="0" />
                            </instance_material>
                        </technique_common>
                    </bind_material>
                </instance_geometry>
                <node name="skp_camera_Last_Saved_SketchUp_View">
                    <matrix>-0.8810365 -0.1321946 0.4542017 299.6337 0.4730482 -0.2462081 0.8459356 516.9579 -2.775558e-17 0.9601594 0.2794527 294.5292 0 0 0 1</matrix>
                    <instance_camera url="#ID1" />
                </node>
                <node id="ID3" name="instance_0">
                    <matrix>-6.9552 -7.529712e-33 -8.238655e-17 112.6508 -8.238655e-17 6.356699e-16 6.9552 121.2598 -1.20892e-48 6.9552 -6.356699e-16 32.97862 0 0 0 1</matrix>
                    <instance_node url="#ID4" />
                </node>
            </node>
        </visual_scene>
    </library_visual_scenes>
    <library_nodes>
        <node id="ID4" name="milk">
            <instance_geometry url="#ID5">
                <bind_material>
                    <technique_common>
                        <instance_material symbol="Material2" target="#ID6">
                            <bind_vertex_input semantic="UVSET0" input_semantic="TEXCOORD" input_set="0" />
                        </instance_material>
                        <instance_material symbol="Material3" target="#ID12">
                            <bind_vertex_input semantic="UVSET0" input_semantic="TEXCOORD" input_set="0" />
                        </instance_material>
                    </technique_common>
                </bind_material>
            </instance_geometry>
            <instance_geometry url="#ID17">
                <bind_material>
                    <technique_common>
                        <instance_material symbol="Material2" target="#ID6">
                            <bind_vertex_input semantic="UVSET0" input_semantic="TEXCOORD" input_set="0" />
                        </instance_material>
                        <instance_material symbol="Material3" target="#ID12">
                            <bind_vertex_input semantic="UVSET0" input_semantic="TEXCOORD" input_set="0" />
                        </instance_material>
                    </technique_common>
                </bind_material>
            </instance_geometry>
            <instance_geometry url="#ID25">
                <bind_material>
                    <technique_common>
                        <instance_material symbol="Material2" target="#ID6">
                            <bind_vertex_input semantic="UVSET0" input_semantic="TEXCOORD" input_set="0" />
                        </instance_material>
                        <instance_material symbol="Material3" target="#ID12">
                            <bind_vertex_input semantic="UVSET0" input_semantic="TEXCOORD" input_set="0" />
                        </instance_material>
                    </technique_common>
                </bind_material>
            </instance_geometry>
            <instance_geometry url="#ID33">
                <bind_material>
                    <technique_common>
                        <instance_material symbol="Material2" target="#ID6">
                            <bind_vertex_input semantic="UVSET0" input_semantic="TEXCOORD" input_set="0" />
                        </instance_material>
                        <instance_material symbol="Material3" target="#ID12">
                            <bind_vertex_input semantic="UVSET0" input_semantic="TEXCOORD" input_set="0" />
                        </instance_material>
                    </technique_common>
                </bind_material>
            </instance_geometry>
            <instance_geometry url="#ID41">
                <bind_material>
                    <technique_common>
                        <instance_material symbol="Material2" target="#ID6">
                            <bind_vertex_input semantic="UVSET0" input_semantic="TEXCOORD" input_set="0" />
                        </instance_material>
                        <instance_material symbol="Material3" target="#ID12">
                            <bind_vertex_input semantic="UVSET0" input_semantic="TEXCOORD" input_set="0" />
                        </instance_material>
                    </technique_common>
                </bind_material>
            </instance_geometry>
        </node>
    </library_nodes>
    <library_geometries>
        <geometry id="ID5">
            <mesh>
                <source id="ID8">
                    <float_array id="ID14" count="1590">11.41529 5.754723 0 11.34452 5.560346 0 11.34452 5.778284 0 11.39173 3.728495 0 11.97247 5.778284 0 11.93704 4.173205 0 11.92825 5.766503 0 11.98425 5.525005 0 11.99603 5.742942 0 11.34452 0.8216825 0 11.32096 0 0 11.32096 0.2061569 0 11.7307 0.02356079 0 11.87519 5.754723 0 11.89875 0.01178039 0 11.92526 1.555012 0 11.93704 1.870138 0 11.93704 2.314848 0 11.99603 2.061569 0 12.09331 1.870138 0 12.27975 2.176635 0 12.23771 1.714047 0 12.62389 1.278173 0 12.6711 2.521833 0 12.65932 2.125165 0 13.17812 2.608529 0 13.14278 3.005749 0 13.74708 3.646032 0 13.43462 2.823705 0 13.85319 3.172976 0 13.8207 3.634252 0 13.98876 3.622471 0 14.36315 3.598911 0 14.36315 3.646032 0 13.02185 0.806957 0 13.03225 1.702175 0 13.2754 0.5183374 0 13.52895 1.123003 0 13.68808 0 0 13.89148 0.7368269 0 14.09782 0.02356079 0 14.24231 0.3389624 0 14.47221 0 0 14.47221 0.04712158 0 11.92526 0.8216825 0 11.9606 0 0 11.9606 0.2061569 0 11.9606 0.2061569 0 11.92526 0.8216825 0 11.9606 0 0 11.92526 1.555012 0 11.89875 0.01178039 0 14.47221 0.04712158 0 14.24231 0.3389624 0 14.47221 0 0 14.09782 0.02356079 0 13.89148 0.7368269 0 13.68808 0 0 13.52895 1.123003 0 13.2754 0.5183374 0 13.03225 1.702175 0 13.02185 0.806957 0 12.65932 2.125165 0 12.62389 1.278173 0 14.36315 3.646032 0 13.98876 3.622471 0 14.36315 3.598911 0 13.85319 3.172976 0 13.8207 3.634252 0 13.74708 3.646032 0 13.43462 2.823705 0 13.17812 2.608529 0 13.14278 3.005749 0 12.6711 2.521833 0 12.27975 2.176635 0 12.23771 1.714047 0 12.09331 1.870138 0 11.99603 2.061569 0 11.93704 1.870138 0 11.93704 2.314848 0 11.93704 4.173205 0 11.92825 5.766503 0 11.87519 5.754723 0 11.7307 0.02356079 0 11.41529 5.754723 0 11.39173 3.728495 0 11.34452 0.8216825 0 11.32096 0 0 11.32096 0.2061569 0 11.99603 5.742942 0 11.97247 5.778284 0 11.98425 5.525005 0 11.34452 5.560346 0 11.34452 5.778284 0 11.34452 0.8216825 0 11.39173 3.728495 0 11.34452 5.560346 0 11.34452 5.778284 0 11.41529 5.754723 0 11.87519 5.754723 0 11.92825 5.766503 0 11.97247 5.778284 0 11.99603 5.742942 0 11.98425 5.525005 0 11.93704 4.173205 0 11.93704 2.314848 0 11.99603 2.061569 0 12.27975 2.176635 0 12.6711 2.521833 0 13.14278 3.005749 0 13.74708 3.646032 0 13.8207 3.634252 0 13.98876 3.622471 0 14.36315 3.646032 0 14.36315 3.598911 0 13.85319 3.172976 0 13.43462 2.823705 0 13.17812 2.608529 0 12.65932 2.125165 0 13.03225 1.702175 0 13.52895 1.123003 0 13.89148 0.7368269 0 14.24231 0.3389624 0 14.47221 0.04712158 0 14.47221 0 0 14.09782 0.02356079 0 13.68808 0 0 13.2754 0.5183374 0 13.02185 0.806957 0 12.62389 1.278173 0 12.23771 1.714047 0 12.09331 1.870138 0 11.93704 1.870138 0 11.92526 1.555012 0 11.92526 0.8216825 0 11.9606 0.2061569 0 11.9606 0 0 11.89875 0.01178039 0 11.7307 0.02356079 0 11.32096 0 0 11.32096 0.2061569 0 11.39173 3.728495 0.1312336 11.34452 0.8216825 0 11.34452 0.8216825 0.1312336 11.39173 3.728495 0 11.39173 3.728495 0 11.39173 3.728495 0.1312336 11.34452 0.8216825 0 11.34452 0.8216825 0.1312336 11.34452 0.8216825 0.1312336 11.39173 3.728495 0.1312336 11.34452 5.560346 0.1312336 11.34452 5.560346 0 11.34452 5.560346 0 11.34452 5.560346 0.1312336 11.34452 5.560346 0.1312336 11.34452 5.778284 0.1312336 11.34452 5.778284 0 11.34452 5.778284 0 11.34452 5.778284 0.1312336 11.34452 5.778284 0.1312336 11.34452 5.778284 0.1312336 11.41529 5.754723 0 11.34452 5.778284 0 11.41529 5.754723 0.1312336 11.41529 5.754723 0.1312336 11.34452 5.778284 0.1312336 11.41529 5.754723 0 11.34452 5.778284 0 11.41529 5.754723 0.1312336 11.87519 5.754723 0 11.87519 5.754723 0.1312336 11.87519 5.754723 0.1312336 11.87519 5.754723 0 11.87519 5.754723 0.1312336 11.92825 5.766503 0 11.92825 5.766503 0.1312336 11.92825 5.766503 0.1312336 11.92825 5.766503 0 11.92825 5.766503 0.1312336 11.97247 5.778284 0 11.97247 5.778284 0.1312336 11.97247 5.778284 0.1312336 11.97247 5.778284 0 11.97247 5.778284 0.1312336 11.97247 5.778284 0 11.99603 5.742942 0.1312336 11.99603 5.742942 0 11.97247 5.778284 0.1312336 11.97247 5.778284 0.1312336 11.97247 5.778284 0 11.99603 5.742942 0.1312336 11.99603 5.742942 0 11.99603 5.742942 0.1312336 11.99603 5.742942 0 11.98425 5.525005 0.1312336 11.98425 5.525005 0 11.99603 5.742942 0.1312336 11.99603 5.742942 0.1312336 11.99603 5.742942 0 11.98425 5.525005 0.1312336 11.98425 5.525005 0 11.98425 5.525005 0.1312336 11.93704 4.173205 0.1312336 11.93704 4.173205 0 11.93704 4.173205 0.1312336 11.93704 4.173205 0 11.93704 4.173205 0.1312336 11.93704 2.314848 0.1312336 11.93704 2.314848 0 11.93704 2.314848 0.1312336 11.93704 2.314848 0 11.93704 2.314848 0.1312336 11.99603 2.061569 0.1312336 11.99603 2.061569 0 11.99603 2.061569 0.1312336 11.99603 2.061569 0 11.99603 2.061569 0.1312336 11.99603 2.061569 0.1312336 12.27975 2.176635 0 11.99603 2.061569 0 12.27975 2.176635 0.1312336 12.27975 2.176635 0.1312336 11.99603 2.061569 0.1312336 12.27975 2.176635 0 11.99603 2.061569 0 12.27975 2.176635 0.1312336 12.6711 2.521833 0 12.6711 2.521833 0.1312336 12.6711 2.521833 0.1312336 12.6711 2.521833 0 12.6711 2.521833 0.1312336 13.14278 3.005749 0.1312336 13.14278 3.005749 0 13.14278 3.005749 0 13.14278 3.005749 0.1312336 13.14278 3.005749 0.1312336 13.74708 3.646032 0.1312336 13.74708 3.646032 0 13.74708 3.646032 0 13.74708 3.646032 0.1312336 13.74708 3.646032 0.1312336 13.74708 3.646032 0.1312336 13.8207 3.634252 0 13.74708 3.646032 0 13.8207 3.634252 0.1312336 13.8207 3.634252 0.1312336 13.74708 3.646032 0.1312336 13.8207 3.634252 0 13.74708 3.646032 0 13.8207 3.634252 0.1312336 13.98876 3.622471 0 13.98876 3.622471 0.1312336 13.98876 3.622471 0.1312336 13.98876 3.622471 0 13.98876 3.622471 0.1312336 14.36315 3.646032 0 14.36315 3.646032 0.1312336 14.36315 3.646032 0.1312336 14.36315 3.646032 0 14.36315 3.646032 0.1312336 14.36315 3.646032 0 14.36315 3.598911 0.1312336 14.36315 3.598911 0 14.36315 3.646032 0.1312336 14.36315 3.646032 0.1312336 14.36315 3.646032 0 14.36315 3.598911 0.1312336 14.36315 3.598911 0 14.36315 3.598911 0.1312336 14.36315 3.598911 0.1312336 13.85319 3.172976 0 14.36315 3.598911 0 13.85319 3.172976 0.1312336 13.85319 3.172976 0.1312336 14.36315 3.598911 0.1312336 13.85319 3.172976 0 14.36315 3.598911 0 13.85319 3.172976 0.1312336 13.43462 2.823705 0 13.43462 2.823705 0.1312336 13.43462 2.823705 0.1312336 13.43462 2.823705 0 13.43462 2.823705 0.1312336 13.17812 2.608529 0 13.17812 2.608529 0.1312336 13.17812 2.608529 0.1312336 13.17812 2.608529 0 13.17812 2.608529 0.1312336 12.65932 2.125165 0 12.65932 2.125165 0.1312336 12.65932 2.125165 0.1312336 12.65932 2.125165 0 12.65932 2.125165 0.1312336 12.65932 2.125165 0 13.03225 1.702175 0.1312336 13.03225 1.702175 0 12.65932 2.125165 0.1312336 12.65932 2.125165 0.1312336 12.65932 2.125165 0 13.03225 1.702175 0.1312336 13.03225 1.702175 0 13.03225 1.702175 0.1312336 13.52895 1.123003 0.1312336 13.52895 1.123003 0 13.52895 1.123003 0.1312336 13.52895 1.123003 0 13.52895 1.123003 0.1312336 13.89148 0.7368269 0.1312336 13.89148 0.7368269 0 13.89148 0.7368269 0.1312336 13.89148 0.7368269 0 13.89148 0.7368269 0.1312336 14.24231 0.3389624 0.1312336 14.24231 0.3389624 0 14.24231 0.3389624 0.1312336 14.24231 0.3389624 0 14.24231 0.3389624 0.1312336 14.47221 0.04712158 0.1312336 14.47221 0.04712158 0 14.47221 0.04712158 0.1312336 14.47221 0.04712158 0 14.47221 0.04712158 0.1312336 14.47221 0.04712158 0 14.47221 0 0.1312336 14.47221 0 0 14.47221 0.04712158 0.1312336 14.47221 0.04712158 0.1312336 14.47221 0.04712158 0 14.47221 0 0.1312336 14.47221 0 0 14.47221 0 0.1312336 14.47221 0 0.1312336 14.09782 0.02356079 0 14.47221 0 0 14.09782 0.02356079 0.1312336 14.09782 0.02356079 0.1312336 14.47221 0 0.1312336 14.09782 0.02356079 0 14.47221 0 0 14.09782 0.02356079 0.1312336 13.68808 0 0 13.68808 0 0.1312336 13.68808 0 0.1312336 13.68808 0 0 13.68808 0 0.1312336 13.2754 0.5183374 0.1312336 13.68808 0 0 13.68808 0 0.1312336 13.2754 0.5183374 0 13.2754 0.5183374 0 13.2754 0.5183374 0.1312336 13.68808 0 0 13.68808 0 0.1312336 13.2754 0.5183374 0.1312336 13.02185 0.806957 0.1312336 13.02185 0.806957 0 13.02185 0.806957 0 13.02185 0.806957 0.1312336 13.02185 0.806957 0.1312336 12.62389 1.278173 0.1312336 12.62389 1.278173 0 12.62389 1.278173 0 12.62389 1.278173 0.1312336 12.62389 1.278173 0.1312336 12.23771 1.714047 0.1312336 12.23771 1.714047 0 12.23771 1.714047 0 12.23771 1.714047 0.1312336 12.23771 1.714047 0.1312336 12.09331 1.870138 0.1312336 12.09331 1.870138 0 12.09331 1.870138 0 12.09331 1.870138 0.1312336 12.09331 1.870138 0.1312336 12.09331 1.870138 0.1312336 11.93704 1.870138 0 12.09331 1.870138 0 11.93704 1.870138 0.1312336 11.93704 1.870138 0.1312336 12.09331 1.870138 0.1312336 11.93704 1.870138 0 12.09331 1.870138 0 11.93704 1.870138 0.1312336 11.93704 1.870138 0 11.92526 1.555012 0.1312336 11.92526 1.555012 0 11.93704 1.870138 0.1312336 11.93704 1.870138 0.1312336 11.93704 1.870138 0 11.92526 1.555012 0.1312336 11.92526 1.555012 0 11.92526 1.555012 0.1312336 11.92526 0.8216825 0.1312336 11.92526 0.8216825 0 11.92526 0.8216825 0.1312336 11.92526 0.8216825 0 11.92526 0.8216825 0.1312336 11.9606 0.2061569 0.1312336 11.9606 0.2061569 0 11.9606 0.2061569 0.1312336 11.9606 0.2061569 0 11.9606 0.2061569 0.1312336 11.9606 0 0.1312336 11.9606 0 0 11.9606 0 0.1312336 11.9606 0 0 11.9606 0 0.1312336 11.9606 0 0.1312336 11.89875 0.01178039 0 11.9606 0 0 11.89875 0.01178039 0.1312336 11.89875 0.01178039 0.1312336 11.9606 0 0.1312336 11.89875 0.01178039 0 11.9606 0 0 11.89875 0.01178039 0.1312336 11.7307 0.02356079 0 11.7307 0.02356079 0.1312336 11.7307 0.02356079 0.1312336 11.7307 0.02356079 0 11.7307 0.02356079 0.1312336 11.32096 0 0 11.32096 0 0.1312336 11.32096 0 0.1312336 11.32096 0 0 11.32096 0 0.1312336 11.32096 0.2061569 0.1312336 11.32096 0 0 11.32096 0 0.1312336 11.32096 0.2061569 0 11.32096 0.2061569 0 11.32096 0.2061569 0.1312336 11.32096 0 0 11.32096 0 0.1312336 11.32096 0.2061569 0.1312336 11.9606 0 0.1312336 11.92526 0.8216825 0.1312336 11.89875 0.01178039 0.1312336 11.9606 0.2061569 0.1312336 13.02185 0.806957 0.1312336 12.65932 2.125165 0.1312336 12.62389 1.278173 0.1312336 13.03225 1.702175 0.1312336 13.2754 0.5183374 0.1312336 13.52895 1.123003 0.1312336 13.68808 0 0.1312336 13.89148 0.7368269 0.1312336 14.09782 0.02356079 0.1312336 14.24231 0.3389624 0.1312336 14.47221 0 0.1312336 14.47221 0.04712158 0.1312336 11.93704 1.870138 0.1312336 11.99603 2.061569 0.1312336 11.93704 2.314848 0.1312336 12.09331 1.870138 0.1312336 12.27975 2.176635 0.1312336 12.23771 1.714047 0.1312336 12.6711 2.521833 0.1312336 13.17812 2.608529 0.1312336 13.14278 3.005749 0.1312336 13.74708 3.646032 0.1312336 13.43462 2.823705 0.1312336 13.85319 3.172976 0.1312336 13.8207 3.634252 0.1312336 13.98876 3.622471 0.1312336 14.36315 3.598911 0.1312336 14.36315 3.646032 0.1312336 11.7307 0.02356079 0.1312336 11.32096 0.2061569 0.1312336 11.32096 0 0.1312336 11.34452 0.8216825 0.1312336 11.39173 3.728495 0.1312336 11.41529 5.754723 0.1312336 11.87519 5.754723 0.1312336 11.92825 5.766503 0.1312336 11.92526 1.555012 0.1312336 11.93704 4.173205 0.1312336 11.97247 5.778284 0.1312336 11.98425 5.525005 0.1312336 11.99603 5.742942 0.1312336 11.34452 5.778284 0.1312336 11.34452 5.560346 0.1312336 11.41529 5.754723 0.1312336 11.39173 3.728495 0.1312336 11.34452 5.778284 0.1312336 11.34452 5.560346 0.1312336 11.99603 5.742942 0.1312336 11.98425 5.525005 0.1312336 11.97247 5.778284 0.1312336 11.93704 4.173205 0.1312336 11.93704 2.314848 0.1312336 11.93704 1.870138 0.1312336 11.92825 5.766503 0.1312336 11.92526 1.555012 0.1312336 11.92526 0.8216825 0.1312336 11.89875 0.01178039 0.1312336 11.87519 5.754723 0.1312336 11.7307 0.02356079 0.1312336 11.34452 0.8216825 0.1312336 11.32096 0.2061569 0.1312336 11.32096 0 0.1312336 14.36315 3.646032 0.1312336 14.36315 3.598911 0.1312336 13.98876 3.622471 0.1312336 13.85319 3.172976 0.1312336 13.8207 3.634252 0.1312336 13.74708 3.646032 0.1312336 13.43462 2.823705 0.1312336 13.17812 2.608529 0.1312336 13.14278 3.005749 0.1312336 12.6711 2.521833 0.1312336 12.65932 2.125165 0.1312336 12.62389 1.278173 0.1312336 12.27975 2.176635 0.1312336 12.23771 1.714047 0.1312336 12.09331 1.870138 0.1312336 11.99603 2.061569 0.1312336 14.47221 0.04712158 0.1312336 14.47221 0 0.1312336 14.24231 0.3389624 0.1312336 14.09782 0.02356079 0.1312336 13.89148 0.7368269 0.1312336 13.68808 0 0.1312336 13.52895 1.123003 0.1312336 13.2754 0.5183374 0.1312336 13.03225 1.702175 0.1312336 13.02185 0.806957 0.1312336 11.9606 0.2061569 0.1312336 11.9606 0 0.1312336</float_array>
                    <technique_common>
                        <accessor count="530" source="#ID14" stride="3">
                            <param name="X" type="float" />
                            <param name="Y" type="float" />
                            <param name="Z" type="float" />
                        </accessor>
                    </technique_common>
                </source>
                <source id="ID9">
                    <float_array id="ID15" count="1590">-2.054325e-33 0 -1 -2.054325e-33 0 -1 -2.054325e-33 0 -1 -2.054325e-33 0 -1 -2.054325e-33 0 -1 -2.054325e-33 0 -1 -2.054325e-33 0 -1 -2.054325e-33 0 -1 -2.054325e-33 0 -1 -2.054325e-33 0 -1 -2.054325e-33 0 -1 -2.054325e-33 0 -1 -2.054325e-33 0 -1 -2.054325e-33 0 -1 -2.054325e-33 0 -1 -2.054325e-33 0 -1 -2.054325e-33 0 -1 -2.054325e-33 0 -1 -2.054325e-33 0 -1 -2.054325e-33 0 -1 -2.054325e-33 0 -1 -2.054325e-33 0 -1 -2.054325e-33 0 -1 -2.054325e-33 0 -1 -2.054325e-33 0 -1 -2.054325e-33 0 -1 -2.054325e-33 0 -1 -2.054325e-33 0 -1 -2.054325e-33 0 -1 -2.054325e-33 0 -1 -2.054325e-33 0 -1 -2.054325e-33 0 -1 -2.054325e-33 0 -1 -2.054325e-33 0 -1 -2.054325e-33 0 -1 -2.054325e-33 0 -1 -2.054325e-33 0 -1 -2.054325e-33 0 -1 -2.054325e-33 0 -1 -2.054325e-33 0 -1 -2.054325e-33 0 -1 -2.054325e-33 0 -1 -2.054325e-33 0 -1 -2.054325e-33 0 -1 -2.054325e-33 0 -1 -2.054325e-33 0 -1 -2.054325e-33 0 -1 2.054325e-33 -0 1 2.054325e-33 -0 1 2.054325e-33 -0 1 2.054325e-33 -0 1 2.054325e-33 -0 1 2.054325e-33 -0 1 2.054325e-33 -0 1 2.054325e-33 -0 1 2.054325e-33 -0 1 2.054325e-33 -0 1 2.054325e-33 -0 1 2.054325e-33 -0 1 2.054325e-33 -0 1 2.054325e-33 -0 1 2.054325e-33 -0 1 2.054325e-33 -0 1 2.054325e-33 -0 1 2.054325e-33 -0 1 2.054325e-33 -0 1 2.054325e-33 -0 1 2.054325e-33 -0 1 2.054325e-33 -0 1 2.054325e-33 -0 1 2.054325e-33 -0 1 2.054325e-33 -0 1 2.054325e-33 -0 1 2.054325e-33 -0 1 2.054325e-33 -0 1 2.054325e-33 -0 1 2.054325e-33 -0 1 2.054325e-33 -0 1 2.054325e-33 -0 1 2.054325e-33 -0 1 2.054325e-33 -0 1 2.054325e-33 -0 1 2.054325e-33 -0 1 2.054325e-33 -0 1 2.054325e-33 -0 1 2.054325e-33 -0 1 2.054325e-33 -0 1 2.054325e-33 -0 1 2.054325e-33 -0 1 2.054325e-33 -0 1 2.054325e-33 -0 1 2.054325e-33 -0 1 2.054325e-33 -0 1 2.054325e-33 -0 1 0 0 0 0 0 0 0 0 0 0 0 0 0 0 0 0 0 0 0 0 0 0 0 0 0 0 0 0 0 0 0 0 0 0 0 0 0 0 0 0 0 0 0 0 0 0 0 0 0 0 0 0 0 0 0 0 0 0 0 0 0 0 0 0 0 0 0 0 0 0 0 0 0 0 0 0 0 0 0 0 0 0 0 0 0 0 0 0 0 0 0 0 0 0 0 0 0 0 0 0 0 0 0 0 0 0 0 0 0 0 0 0 0 0 0 0 0 0 0 0 0 0 0 0 0 0 0 0 0 0 0 0 0 0 0 0 0 0 0 0 0 -0.9999887 -0.0047635 1.926355e-33 -0.9996287 0.02724653 1.412434e-33 -0.9996287 0.02724653 1.412434e-33 -0.9999887 -0.0047635 1.926355e-33 0.9999887 0.0047635 -1.926355e-33 0.9999887 0.0047635 -1.926355e-33 0.9996287 -0.02724653 -1.412434e-33 0.9996287 -0.02724653 -1.412434e-33 0 0 0 0 0 0 -0.999917 -0.01288365 1.540872e-33 -0.999917 -0.01288365 1.540872e-33 0.999917 0.01288365 -1.540872e-33 0.999917 0.01288365 -1.540872e-33 0 0 0 -1 7.602531e-50 2.054325e-33 -1 7.602531e-50 2.054325e-33 1 -7.602531e-50 -2.054325e-33 1 -7.602531e-50 -2.054325e-33 0 0 0 0.3158576 0.9488066 1.64346e-32 0.1599897 0.9871187 8.324532e-33 0.3158576 0.9488066 1.64346e-32 0.1599897 0.9871187 8.324532e-33 -0.1599897 -0.9871187 -8.324532e-33 -0.3158576 -0.9488066 -1.64346e-32 -0.1599897 -0.9871187 -8.324532e-33 -0.3158576 -0.9488066 -1.64346e-32 0 0 0 -0.1090255 0.994039 0 -0.1090255 0.994039 0 0.1090255 -0.994039 -0 0.1090255 -0.994039 -0 0 0 0 -0.2371337 0.971477 0 -0.2371337 0.971477 0 0.2371337 -0.971477 -0 0.2371337 -0.971477 -0 0 0 0 -0.2574123 0.9663017 0 -0.2574123 0.9663017 0 0.2574123 -0.9663017 -0 0.2574123 -0.9663017 -0 0 0 0 0.8320503 0.5547002 0 0.8320503 0.5547002 0 0.8320503 0.5547002 0 0.8320503 0.5547002 0 -0.8320503 -0.5547002 -0 -0.8320503 -0.5547002 -0 -0.8320503 -0.5547002 -0 -0.8320503 -0.5547002 -0 0 0 0 0.9985423 -0.05397526 -3.081488e-33 0.999012 -0.04444225 -3.081628e-33 0.999012 -0.04444225 -3.081628e-33 0.9985423 -0.05397526 -3.081488e-33 -0.9985423 0.05397526 3.081488e-33 -0.9985423 0.05397526 3.081488e-33 -0.999012 0.04444225 3.081628e-33 -0.999012 0.04444225 3.081628e-33 0 0 0 0.9998476 -0.01745525 -2.568298e-33 0.9998476 -0.01745525 -2.568298e-33 -0.9998476 0.01745525 2.568298e-33 -0.9998476 0.01745525 2.568298e-33 0 0 0 0.9934611 0.1141712 -1.033923e-33 0.9934611 0.1141712 -1.033923e-33 -0.9934611 -0.1141712 1.033923e-33 -0.9934611 -0.1141712 1.033923e-33 0 0 0 0.9739299 0.2268492 0 0.9739299 0.2268492 0 -0.9739299 -0.2268492 -0 -0.9739299 -0.2268492 -0 0 0 0 -0.3758307 0.9266883 0 -0.5261395 0.8503983 8.335722e-33 -0.3758307 0.9266883 0 -0.5261395 0.8503983 8.335722e-33 0.5261395 -0.8503983 -8.335722e-33 0.3758307 -0.9266883 -0 0.5261395 -0.8503983 -8.335722e-33 0.3758307 -0.9266883 -0 0 0 0 -0.6892921 0.7244836 8.223143e-33 -0.6892921 0.7244836 8.223143e-33 0.6892921 -0.7244836 -8.223143e-33 0.6892921 -0.7244836 -8.223143e-33 0 0 0 -0.7217002 0.6922058 0 -0.7217002 0.6922058 0 0.7217002 -0.6922058 -0 0.7217002 -0.6922058 -0 0 0 0 -0.7272479 0.6863749 0 -0.7272479 0.6863749 0 0.7272479 -0.6863749 -0 0.7272479 -0.6863749 -0 0 0 0 0.1579905 0.9874406 1.64346e-32 0.1140708 0.9934726 8.225384e-33 0.1579905 0.9874406 1.64346e-32 0.1140708 0.9934726 8.225384e-33 -0.1140708 -0.9934726 -8.225384e-33 -0.1579905 -0.9874406 -1.64346e-32 -0.1140708 -0.9934726 -8.225384e-33 -0.1579905 -0.9874406 -1.64346e-32 0 0 0 0.003568385 0.9999936 8.235458e-33 0.003568385 0.9999936 8.235458e-33 -0.003568385 -0.9999936 -8.235458e-33 -0.003568385 -0.9999936 -8.235458e-33 0 0 0 -0.06280595 0.9980258 1.64346e-32 -0.06280595 0.9980258 1.64346e-32 0.06280595 -0.9980258 -1.64346e-32 0.06280595 -0.9980258 -1.64346e-32 0 0 0 1 -7.602531e-50 -2.054325e-33 1 -7.602531e-50 -2.054325e-33 1 -7.602531e-50 -2.054325e-33 1 -7.602531e-50 -2.054325e-33 -1 7.602531e-50 2.054325e-33 -1 7.602531e-50 2.054325e-33 -1 7.602531e-50 2.054325e-33 -1 7.602531e-50 2.054325e-33 0 0 0 0.6410423 -0.7675055 -2.46519e-32 0.6408624 -0.7676558 -1.64346e-32 0.6410423 -0.7675055 -2.46519e-32 0.6408624 -0.7676558 -1.64346e-32 -0.6408624 0.7676558 1.64346e-32 -0.6410423 0.7675055 2.46519e-32 -0.6408624 0.7676558 1.64346e-32 -0.6410423 0.7675055 2.46519e-32 0 0 0 0.6416895 -0.7669645 -8.217308e-33 0.6416895 -0.7669645 -8.217308e-33 -0.6416895 0.7669645 8.217308e-33 -0.6416895 0.7669645 8.217308e-33 0 0 0 0.6624119 -0.7491398 -4.110042e-33 0.6624119 -0.7491398 -4.110042e-33 -0.6624119 0.7491398 4.110042e-33 -0.6624119 0.7491398 4.110042e-33 0 0 0 0.6816798 -0.7316506 0 0.6816798 -0.7316506 0 -0.6816798 0.7316506 -0 -0.6816798 0.7316506 -0 0 0 0 0.7501045 0.6613193 8.217301e-33 0.7546088 0.656175 4.108747e-33 0.7546088 0.656175 4.108747e-33 0.7501045 0.6613193 8.217301e-33 -0.7501045 -0.6613193 -8.217301e-33 -0.7501045 -0.6613193 -8.217301e-33 -0.7546088 -0.656175 -4.108747e-33 -0.7546088 -0.656175 -4.108747e-33 0 0 0 0.7442675 0.6678816 0 0.7442675 0.6678816 0 -0.7442675 -0.6678816 -0 -0.7442675 -0.6678816 -0 0 0 0 0.7396534 0.672988 0 0.7396534 0.672988 0 -0.7396534 -0.672988 -0 -0.7396534 -0.672988 -0 0 0 0 0.7680854 0.6403474 -8.220458e-33 0.7680854 0.6403474 -8.220458e-33 -0.7680854 -0.6403474 8.220458e-33 -0.7680854 -0.6403474 8.220458e-33 0 0 0 0.7855355 0.6188166 -1.64346e-32 0.7855355 0.6188166 -1.64346e-32 -0.7855355 -0.6188166 1.64346e-32 -0.7855355 -0.6188166 1.64346e-32 0 0 0 1 -7.602531e-50 -2.054325e-33 1 -7.602531e-50 -2.054325e-33 1 -7.602531e-50 -2.054325e-33 1 -7.602531e-50 -2.054325e-33 -1 7.602531e-50 2.054325e-33 -1 7.602531e-50 2.054325e-33 -1 7.602531e-50 2.054325e-33 -1 7.602531e-50 2.054325e-33 0 0 0 -0.06280595 -0.9980258 1.64346e-32 -0.002704155 -0.9999963 8.232185e-33 -0.06280595 -0.9980258 1.64346e-32 -0.002704155 -0.9999963 8.232185e-33 0.002704155 0.9999963 -8.232185e-33 0.06280595 0.9980258 -1.64346e-32 0.002704155 0.9999963 -8.232185e-33 0.06280595 0.9980258 -1.64346e-32 0 0 0 0.05740742 -0.9983508 0 0.05740742 -0.9983508 0 -0.05740742 0.9983508 -0 -0.05740742 0.9983508 -0 0 0 0 -0.7670245 -0.6416178 8.219709e-33 -0.7823303 -0.6228638 8.217301e-33 -0.7823303 -0.6228638 8.217301e-33 -0.7670245 -0.6416178 8.219709e-33 0.7670245 0.6416178 -8.219709e-33 0.7670245 0.6416178 -8.219709e-33 0.7823303 0.6228638 -8.217301e-33 0.7823303 0.6228638 -8.217301e-33 0 0 0 -0.7576693 -0.6526387 8.217692e-33 -0.7576693 -0.6526387 8.217692e-33 0.7576693 0.6526387 -8.217692e-33 0.7576693 0.6526387 -8.217692e-33 0 0 0 -0.7562965 -0.654229 4.108939e-33 -0.7562965 -0.654229 4.108939e-33 0.7562965 0.654229 -4.108939e-33 0.7562965 0.654229 -4.108939e-33 0 0 0 -0.7413158 -0.6711564 4.108888e-33 -0.7413158 -0.6711564 4.108888e-33 0.7413158 0.6711564 -4.108888e-33 0.7413158 0.6711564 -4.108888e-33 0 0 0 -0.7340563 -0.6790886 8.217301e-33 -0.7340563 -0.6790886 8.217301e-33 0.7340563 0.6790886 -8.217301e-33 0.7340563 0.6790886 -8.217301e-33 0 0 0 -2.280759e-49 -1 0 -2.280759e-49 -1 0 -2.280759e-49 -1 0 -2.280759e-49 -1 0 2.280759e-49 1 -0 2.280759e-49 1 -0 2.280759e-49 1 -0 2.280759e-49 1 -0 0 0 0 0.999302 -0.03735708 -2.567907e-33 0.9998255 -0.0186818 -2.311519e-33 0.9998255 -0.0186818 -2.311519e-33 0.999302 -0.03735708 -2.567907e-33 -0.999302 0.03735708 2.567907e-33 -0.999302 0.03735708 2.567907e-33 -0.9998255 0.0186818 2.311519e-33 -0.9998255 0.0186818 2.311519e-33 0 0 0 0.9995889 0.02867272 -2.568963e-33 0.9995889 0.02867272 -2.568963e-33 -0.9995889 -0.02867272 2.568963e-33 -0.9995889 -0.02867272 2.568963e-33 0 0 0 0.9995889 0.02867272 -2.568963e-33 0.9995889 0.02867272 -2.568963e-33 -0.9995889 -0.02867272 2.568963e-33 -0.9995889 -0.02867272 2.568963e-33 0 0 0 1 -7.602531e-50 -2.054325e-33 1 -7.602531e-50 -2.054325e-33 -1 7.602531e-50 2.054325e-33 -1 7.602531e-50 2.054325e-33 0 0 0 -0.1871121 -0.9823386 -3.28692e-32 -0.1287445 -0.9916778 -2.469505e-32 -0.1871121 -0.9823386 -3.28692e-32 -0.1287445 -0.9916778 -2.469505e-32 0.1287445 0.9916778 2.469505e-32 0.1871121 0.9823386 3.28692e-32 0.1287445 0.9916778 2.469505e-32 0.1871121 0.9823386 3.28692e-32 0 0 0 -0.00627251 -0.9999803 -8.234007e-33 -0.00627251 -0.9999803 -8.234007e-33 0.00627251 0.9999803 8.234007e-33 0.00627251 0.9999803 8.234007e-33 0 0 0 0.05740742 -0.9983508 0 0.05740742 -0.9983508 0 -0.05740742 0.9983508 -0 -0.05740742 0.9983508 -0 0 0 0 -0.999817 0.01912825 1.027351e-33 -1 7.602531e-50 2.054325e-33 -1 7.602531e-50 2.054325e-33 -0.999817 0.01912825 1.027351e-33 0.999817 -0.01912825 -1.027351e-33 0.999817 -0.01912825 -1.027351e-33 1 -7.602531e-50 -2.054325e-33 1 -7.602531e-50 -2.054325e-33 0 0 0 2.054325e-33 0 1 2.054325e-33 0 1 2.054325e-33 0 1 2.054325e-33 0 1 2.054325e-33 0 1 2.054325e-33 0 1 2.054325e-33 0 1 2.054325e-33 0 1 2.054325e-33 0 1 2.054325e-33 0 1 2.054325e-33 0 1 2.054325e-33 0 1 2.054325e-33 0 1 2.054325e-33 0 1 2.054325e-33 0 1 2.054325e-33 0 1 2.054325e-33 0 1 2.054325e-33 0 1 2.054325e-33 0 1 2.054325e-33 0 1 2.054325e-33 0 1 2.054325e-33 0 1 2.054325e-33 0 1 2.054325e-33 0 1 2.054325e-33 0 1 2.054325e-33 0 1 2.054325e-33 0 1 2.054325e-33 0 1 2.054325e-33 0 1 2.054325e-33 0 1 2.054325e-33 0 1 2.054325e-33 0 1 2.054325e-33 0 1 2.054325e-33 0 1 2.054325e-33 0 1 2.054325e-33 0 1 2.054325e-33 0 1 2.054325e-33 0 1 2.054325e-33 0 1 2.054325e-33 0 1 2.054325e-33 0 1 2.054325e-33 0 1 2.054325e-33 0 1 2.054325e-33 0 1 2.054325e-33 0 1 2.054325e-33 0 1 2.054325e-33 0 1 -2.054325e-33 -0 -1 -2.054325e-33 -0 -1 -2.054325e-33 -0 -1 -2.054325e-33 -0 -1 -2.054325e-33 -0 -1 -2.054325e-33 -0 -1 -2.054325e-33 -0 -1 -2.054325e-33 -0 -1 -2.054325e-33 -0 -1 -2.054325e-33 -0 -1 -2.054325e-33 -0 -1 -2.054325e-33 -0 -1 -2.054325e-33 -0 -1 -2.054325e-33 -0 -1 -2.054325e-33 -0 -1 -2.054325e-33 -0 -1 -2.054325e-33 -0 -1 -2.054325e-33 -0 -1 -2.054325e-33 -0 -1 -2.054325e-33 -0 -1 -2.054325e-33 -0 -1 -2.054325e-33 -0 -1 -2.054325e-33 -0 -1 -2.054325e-33 -0 -1 -2.054325e-33 -0 -1 -2.054325e-33 -0 -1 -2.054325e-33 -0 -1 -2.054325e-33 -0 -1 -2.054325e-33 -0 -1 -2.054325e-33 -0 -1 -2.054325e-33 -0 -1 -2.054325e-33 -0 -1 -2.054325e-33 -0 -1 -2.054325e-33 -0 -1 -2.054325e-33 -0 -1 -2.054325e-33 -0 -1 -2.054325e-33 -0 -1 -2.054325e-33 -0 -1 -2.054325e-33 -0 -1 -2.054325e-33 -0 -1 -2.054325e-33 -0 -1 -2.054325e-33 -0 -1 -2.054325e-33 -0 -1 -2.054325e-33 -0 -1 -2.054325e-33 -0 -1 -2.054325e-33 -0 -1 -2.054325e-33 -0 -1</float_array>
                    <technique_common>
                        <accessor count="530" source="#ID15" stride="3">
                            <param name="X" type="float" />
                            <param name="Y" type="float" />
                            <param name="Z" type="float" />
                        </accessor>
                    </technique_common>
                </source>
                <source id="ID10">
                    <Name_array id="ID16" count="0" />
                    <technique_common>
                        <accessor count="0" source="#ID16" stride="1">
                            <param name="skp_material" type="Name" />
                        </accessor>
                    </technique_common>
                </source>
                <vertices id="ID11">
                    <input semantic="POSITION" source="#ID8" />
                    <input semantic="NORMAL" source="#ID9" />
                </vertices>
                <triangles count="368" material="Material2">
                    <input offset="0" semantic="VERTEX" source="#ID11" />
                    <p>0 1 2 1 0 3 4 5 6 5 4 7 7 4 8 9 10 11 10 9 12 12 9 3 12 3 0 12 0 13 12 13 14 14 13 6 14 6 15 15 6 16 16 6 5 16 5 17 16 17 18 16 18 19 19 18 20 19 20 21 21 20 22 22 20 23 22 23 24 24 23 25 25 23 26 25 26 27 25 27 28 28 27 29 29 27 30 29 30 31 29 31 32 32 31 33 24 34 22 34 24 35 34 35 36 36 35 37 36 37 38 38 37 39 38 39 40 40 39 41 40 41 42 42 41 43 14 44 45 44 14 15 45 44 46 47 48 49 50 51 48 49 48 51 52 53 54 54 53 55 53 56 55 55 56 57 56 58 57 57 58 59 58 60 59 59 60 61 60 62 61 63 61 62 64 65 66 66 65 67 65 68 67 68 69 67 67 69 70 70 69 71 69 72 71 72 73 71 71 73 62 62 73 63 73 74 63 63 74 75 75 74 76 74 77 76 76 77 78 77 79 78 79 80 78 80 81 78 78 81 50 50 81 51 81 82 51 51 82 83 82 84 83 84 85 83 85 86 83 83 86 87 88 87 86 89 90 91 91 90 80 81 80 90 85 84 92 93 92 84 141 142 143 142 141 144 145 146 147 148 147 146 151 144 141 144 151 152 153 154 145 146 145 154 156 152 151 152 156 157 158 159 153 154 153 159 161 162 163 162 161 164 165 166 167 168 167 166 164 170 162 170 164 171 172 165 173 167 173 165 171 175 170 175 171 176 177 172 178 173 178 172 176 180 175 180 176 181 182 177 183 178 183 177 185 186 187 186 185 188 189 190 191 192 191 190 194 195 196 195 194 197 198 199 200 201 200 199 196 203 204 203 196 195 200 201 205 206 205 201 204 208 209 208 204 203 205 206 210 211 210 206 209 213 214 213 209 208 210 211 215 216 215 211 218 219 220 219 218 221 222 223 224 225 224 223 221 227 219 227 221 228 229 222 230 224 230 222 232 227 228 227 232 233 234 235 230 229 230 235 237 233 232 233 237 238 239 240 234 235 234 240 242 243 244 243 242 245 246 247 248 249 248 247 245 251 243 251 245 252 253 246 254 248 254 246 252 256 251 256 252 257 258 253 259 254 259 253 261 262 263 262 261 264 265 266 267 268 267 266 270 271 272 271 270 273 274 275 276 277 276 275 273 279 271 279 273 280 281 274 282 276 282 274 280 284 279 284 280 285 286 281 287 282 287 281 285 289 284 289 285 290 291 286 292 287 292 286 294 295 296 295 294 297 298 299 300 301 300 299 296 303 304 303 296 295 300 301 305 306 305 301 304 308 309 308 304 303 305 306 310 311 310 306 309 313 314 313 309 308 310 311 315 316 315 311 314 318 319 318 314 313 315 316 320 321 320 316 323 324 325 324 323 326 327 328 329 330 329 328 332 333 334 333 332 335 336 337 338 339 338 337 335 341 333 341 335 342 343 336 344 338 344 336 346 347 348 347 346 349 350 351 352 353 352 351 355 349 346 349 355 356 357 358 350 351 350 358 360 356 355 356 360 361 362 363 357 358 357 363 365 361 360 361 365 366 367 368 362 363 362 368 370 366 365 366 370 371 372 373 367 368 367 373 375 376 377 376 375 378 379 380 381 382 381 380 384 385 386 385 384 387 388 389 390 391 390 389 386 393 394 393 386 385 390 391 395 396 395 391 394 398 399 398 394 393 395 396 400 401 400 396 399 403 404 403 399 398 400 401 405 406 405 401 408 409 410 409 408 411 412 413 414 415 414 413 411 417 409 417 411 418 419 412 420 414 420 412 418 422 417 422 418 423 424 419 425 420 425 419 427 428 429 428 427 430 431 432 433 434 433 432 143 430 427 430 143 142 147 148 431 432 431 148 436 437 438 437 436 439 440 441 442 441 440 443 443 440 444 443 444 445 445 444 446 445 446 447 447 446 448 447 448 449 449 448 450 449 450 451 452 453 454 453 452 455 453 455 456 456 455 457 456 457 442 456 442 458 458 442 441 458 441 459 458 459 460 460 459 461 461 459 462 461 462 463 461 463 464 464 463 465 465 463 466 465 466 467 468 469 470 469 468 471 471 468 472 472 468 473 473 468 474 474 468 438 474 438 475 475 438 476 476 438 437 475 476 452 475 452 477 475 477 478 477 452 454 478 477 479 478 479 480 472 481 482 481 472 473 483 484 485 486 485 484 487 488 489 488 490 489 491 492 490 489 490 493 490 492 493 492 494 493 495 496 494 494 496 493 493 496 497 496 498 497 497 498 483 483 498 484 484 498 499 499 498 500 501 500 498 502 503 504 503 505 504 504 505 506 506 505 507 505 508 507 508 509 507 507 509 510 510 509 511 509 512 511 512 513 511 511 513 514 513 515 514 515 516 514 514 516 517 516 492 517 491 517 492 518 519 520 519 521 520 520 521 522 521 523 522 522 523 524 523 525 524 524 525 526 525 527 526 526 527 512 513 512 527 528 529 495 496 495 529</p>
                </triangles>
                <!-- <lines count="141" material="Material3">
                    <input offset="0" semantic="VERTEX" source="#ID11" />
                    <p>94 95 95 96 96 97 97 98 98 99 99 100 100 101 101 102 102 103 103 104 104 105 105 106 106 107 107 108 108 109 109 110 110 111 111 112 112 113 113 114 114 115 115 116 116 117 117 118 118 119 119 120 120 121 121 122 122 123 123 124 124 125 125 126 126 127 127 128 128 129 129 130 130 131 131 132 132 133 133 134 134 135 135 136 136 137 137 138 138 139 139 140 140 94 94 149 149 150 95 150 150 155 96 155 155 160 97 160 160 169 98 169 169 174 99 174 174 179 100 179 179 184 101 184 184 193 102 193 193 202 103 202 202 207 104 207 207 212 105 212 212 217 106 217 217 226 107 226 226 231 108 231 231 236 109 236 236 241 110 241 241 250 111 250 250 255 112 255 255 260 113 260 260 269 114 269 269 278 115 278 278 283 116 283 283 288 117 288 288 293 118 293 293 302 119 302 302 307 120 307 307 312 121 312 312 317 122 317 317 322 123 322 322 331 124 331 331 340 125 340 340 345 126 345 345 354 127 354 354 359 128 359 359 364 129 364 364 369 130 369 369 374 131 374 374 383 132 383 383 392 133 392 392 397 134 397 397 402 135 402 402 407 136 407 407 416 137 416 416 421 138 421 421 426 139 426 426 435 140 435 435 149</p>
                </lines> -->
            </mesh>
        </geometry>
        <geometry id="ID17">
            <mesh>
                <source id="ID18">
                    <float_array id="ID22" count="336">7.271863 5.265376 0 7.273381 4.711099 0 7.15659 4.984579 0 7.555651 5.38364 0 7.555651 4.597299 0 7.829131 5.263904 0 7.827658 4.712572 0 7.942931 4.984579 0 7.942931 4.984579 0 7.829131 5.263904 0 7.827658 4.712572 0 7.555651 4.597299 0 7.555651 5.38364 0 7.273381 4.711099 0 7.271863 5.265376 0 7.15659 4.984579 0 7.555651 4.597299 0 7.273381 4.711099 0 7.15659 4.984579 0 7.271863 5.265376 0 7.555651 5.38364 0 7.829131 5.263904 0 7.942931 4.984579 0 7.827658 4.712572 0 7.555651 4.597299 0.1312336 7.273381 4.711099 0 7.555651 4.597299 0 7.273381 4.711099 0.1312336 7.273381 4.711099 0.1312336 7.555651 4.597299 0.1312336 7.273381 4.711099 0 7.555651 4.597299 0 7.555651 4.597299 0.1312336 7.273381 4.711099 0.1312336 7.15659 4.984579 0.1312336 7.273381 4.711099 0 7.273381 4.711099 0.1312336 7.15659 4.984579 0 7.15659 4.984579 0 7.15659 4.984579 0.1312336 7.273381 4.711099 0 7.273381 4.711099 0.1312336 7.15659 4.984579 0.1312336 7.271863 5.265376 0.1312336 7.15659 4.984579 0 7.15659 4.984579 0.1312336 7.271863 5.265376 0 7.271863 5.265376 0 7.271863 5.265376 0.1312336 7.15659 4.984579 0 7.15659 4.984579 0.1312336 7.271863 5.265376 0.1312336 7.271863 5.265376 0.1312336 7.555651 5.38364 0 7.271863 5.265376 0 7.555651 5.38364 0.1312336 7.555651 5.38364 0.1312336 7.271863 5.265376 0.1312336 7.555651 5.38364 0 7.271863 5.265376 0 7.555651 5.38364 0.1312336 7.555651 5.38364 0.1312336 7.829131 5.263904 0 7.555651 5.38364 0 7.829131 5.263904 0.1312336 7.829131 5.263904 0.1312336 7.555651 5.38364 0.1312336 7.829131 5.263904 0 7.555651 5.38364 0 7.829131 5.263904 0.1312336 7.829131 5.263904 0 7.942931 4.984579 0.1312336 7.942931 4.984579 0 7.829131 5.263904 0.1312336 7.829131 5.263904 0.1312336 7.829131 5.263904 0 7.942931 4.984579 0.1312336 7.942931 4.984579 0 7.942931 4.984579 0.1312336 7.942931 4.984579 0 7.827658 4.712572 0.1312336 7.827658 4.712572 0 7.942931 4.984579 0.1312336 7.942931 4.984579 0.1312336 7.942931 4.984579 0 7.827658 4.712572 0.1312336 7.827658 4.712572 0 7.827658 4.712572 0.1312336 7.827658 4.712572 0.1312336 7.555651 4.597299 0 7.827658 4.712572 0 7.555651 4.597299 0.1312336 7.555651 4.597299 0.1312336 7.827658 4.712572 0.1312336 7.555651 4.597299 0 7.827658 4.712572 0 7.273381 4.711099 0.1312336 7.271863 5.265376 0.1312336 7.15659 4.984579 0.1312336 7.555651 5.38364 0.1312336 7.555651 4.597299 0.1312336 7.827658 4.712572 0.1312336 7.829131 5.263904 0.1312336 7.942931 4.984579 0.1312336 7.942931 4.984579 0.1312336 7.827658 4.712572 0.1312336 7.829131 5.263904 0.1312336 7.555651 5.38364 0.1312336 7.555651 4.597299 0.1312336 7.273381 4.711099 0.1312336 7.271863 5.265376 0.1312336 7.15659 4.984579 0.1312336</float_array>
                    <technique_common>
                        <accessor count="112" source="#ID22" stride="3">
                            <param name="X" type="float" />
                            <param name="Y" type="float" />
                            <param name="Z" type="float" />
                        </accessor>
                    </technique_common>
                </source>
                <source id="ID19">
                    <float_array id="ID23" count="336">-2.054325e-33 0 -1 -2.054325e-33 0 -1 -2.054325e-33 0 -1 -2.054325e-33 0 -1 -2.054325e-33 0 -1 -2.054325e-33 0 -1 -2.054325e-33 0 -1 -2.054325e-33 0 -1 2.054325e-33 -0 1 2.054325e-33 -0 1 2.054325e-33 -0 1 2.054325e-33 -0 1 2.054325e-33 -0 1 2.054325e-33 -0 1 2.054325e-33 -0 1 2.054325e-33 -0 1 0 0 0 0 0 0 0 0 0 0 0 0 0 0 0 0 0 0 0 0 0 0 0 0 -0.373918 -0.9274618 0 -0.373918 -0.9274618 0 -0.373918 -0.9274618 0 -0.373918 -0.9274618 0 0.373918 0.9274618 -0 0.373918 0.9274618 -0 0.373918 0.9274618 -0 0.373918 0.9274618 -0 0 0 0 0 0 0 -0.9196485 -0.3927424 -4.108651e-33 -0.9196485 -0.3927424 -4.108651e-33 -0.9196485 -0.3927424 -4.108651e-33 -0.9196485 -0.3927424 -4.108651e-33 0.9196485 0.3927424 4.108651e-33 0.9196485 0.3927424 4.108651e-33 0.9196485 0.3927424 4.108651e-33 0.9196485 0.3927424 4.108651e-33 0 0 0 -0.9250826 0.379766 4.108651e-33 -0.9250826 0.379766 4.108651e-33 -0.9250826 0.379766 4.108651e-33 -0.9250826 0.379766 4.108651e-33 0.9250826 -0.379766 -4.108651e-33 0.9250826 -0.379766 -4.108651e-33 0.9250826 -0.379766 -4.108651e-33 0.9250826 -0.379766 -4.108651e-33 0 0 0 -0.3846685 0.9230548 0 -0.3846685 0.9230548 0 -0.3846685 0.9230548 0 -0.3846685 0.9230548 0 0.3846685 -0.9230548 -0 0.3846685 -0.9230548 -0 0.3846685 -0.9230548 -0 0.3846685 -0.9230548 -0 0 0 0 0.4010695 0.9160476 -1.64346e-32 0.4010695 0.9160476 -1.64346e-32 0.4010695 0.9160476 -1.64346e-32 0.4010695 0.9160476 -1.64346e-32 -0.4010695 -0.9160476 1.64346e-32 -0.4010695 -0.9160476 1.64346e-32 -0.4010695 -0.9160476 1.64346e-32 -0.4010695 -0.9160476 1.64346e-32 0 0 0 0.9260904 0.3773017 4.108651e-33 0.9260904 0.3773017 4.108651e-33 0.9260904 0.3773017 4.108651e-33 0.9260904 0.3773017 4.108651e-33 -0.9260904 -0.3773017 -4.108651e-33 -0.9260904 -0.3773017 -4.108651e-33 -0.9260904 -0.3773017 -4.108651e-33 -0.9260904 -0.3773017 -4.108651e-33 0 0 0 0.9207328 -0.3901938 -4.108651e-33 0.9207328 -0.3901938 -4.108651e-33 0.9207328 -0.3901938 -4.108651e-33 0.9207328 -0.3901938 -4.108651e-33 -0.9207328 0.3901938 4.108651e-33 -0.9207328 0.3901938 4.108651e-33 -0.9207328 0.3901938 4.108651e-33 -0.9207328 0.3901938 4.108651e-33 0 0 0 0.3901938 -0.9207328 0 0.3901938 -0.9207328 0 0.3901938 -0.9207328 0 0.3901938 -0.9207328 0 -0.3901938 0.9207328 -0 -0.3901938 0.9207328 -0 -0.3901938 0.9207328 -0 -0.3901938 0.9207328 -0 2.054325e-33 0 1 2.054325e-33 0 1 2.054325e-33 0 1 2.054325e-33 0 1 2.054325e-33 0 1 2.054325e-33 0 1 2.054325e-33 0 1 2.054325e-33 0 1 -2.054325e-33 -0 -1 -2.054325e-33 -0 -1 -2.054325e-33 -0 -1 -2.054325e-33 -0 -1 -2.054325e-33 -0 -1 -2.054325e-33 -0 -1 -2.054325e-33 -0 -1 -2.054325e-33 -0 -1</float_array>
                    <technique_common>
                        <accessor count="112" source="#ID23" stride="3">
                            <param name="X" type="float" />
                            <param name="Y" type="float" />
                            <param name="Z" type="float" />
                        </accessor>
                    </technique_common>
                </source>
                <source id="ID20">
                    <Name_array id="ID24" count="0" />
                    <technique_common>
                        <accessor count="0" source="#ID24" stride="1">
                            <param name="skp_material" type="Name" />
                        </accessor>
                    </technique_common>
                </source>
                <vertices id="ID21">
                    <input semantic="POSITION" source="#ID18" />
                    <input semantic="NORMAL" source="#ID19" />
                </vertices>
                <triangles count="56" material="Material2">
                    <input offset="0" semantic="VERTEX" source="#ID21" />
                    <p>0 1 2 1 0 3 1 3 4 4 3 5 4 5 6 6 5 7 8 9 10 10 9 11 9 12 11 11 12 13 12 14 13 15 13 14 24 25 26 25 24 27 28 29 30 31 30 29 34 35 36 35 34 37 38 39 40 41 40 39 43 44 45 44 43 46 47 48 49 50 49 48 52 53 54 53 52 55 56 57 58 59 58 57 61 62 63 62 61 64 65 66 67 68 67 66 70 71 72 71 70 73 74 75 76 77 76 75 79 80 81 80 79 82 83 84 85 86 85 84 88 89 90 89 88 91 92 93 94 95 94 93 96 97 98 97 96 99 99 96 100 99 100 101 99 101 102 102 101 103 104 105 106 106 105 107 105 108 107 108 109 107 107 109 110 111 110 109</p>
                </triangles>
                <!-- <lines count="24" material="Material3">
                    <input offset="0" semantic="VERTEX" source="#ID21" />
                    <p>16 17 17 18 18 19 19 20 20 21 21 22 22 23 23 16 16 32 32 33 17 33 33 42 18 42 42 51 19 51 51 60 20 60 60 69 21 69 69 78 22 78 78 87 23 87 87 32</p>
                </lines> -->
            </mesh>
        </geometry>
        <geometry id="ID25">
            <mesh>
                <source id="ID26">
                    <float_array id="ID30" count="348">7.857523 3.657813 0 7.810402 1.836269 0 7.555835 3.634252 0 7.191931 3.598819 0 7.180151 3.657813 0 7.227272 1.836269 0 7.520309 0.02356079 0 7.845743 0.0737195 0 7.857523 0 0 7.180151 0 0 7.227272 1.836269 0 7.180151 0 0 7.520309 0.02356079 0 7.810402 1.836269 0 7.555835 3.634252 0 7.845743 0.0737195 0 7.857523 0 0 7.191931 3.598819 0 7.180151 3.657813 0 7.857523 3.657813 0 7.180151 3.657813 0 7.555835 3.634252 0 7.857523 3.657813 0 7.810402 1.836269 0 7.845743 0.0737195 0 7.857523 0 0 7.520309 0.02356079 0 7.180151 0 0 7.227272 1.836269 0 7.191931 3.598819 0 7.180151 3.657813 0.1312336 7.555835 3.634252 0 7.180151 3.657813 0 7.555835 3.634252 0.1312336 7.555835 3.634252 0.1312336 7.180151 3.657813 0.1312336 7.555835 3.634252 0 7.180151 3.657813 0 7.180151 3.657813 0.1312336 7.555835 3.634252 0.1312336 7.857523 3.657813 0 7.857523 3.657813 0.1312336 7.857523 3.657813 0.1312336 7.857523 3.657813 0 7.857523 3.657813 0.1312336 7.857523 3.657813 0 7.810402 1.836269 0.1312336 7.810402 1.836269 0 7.857523 3.657813 0.1312336 7.857523 3.657813 0.1312336 7.857523 3.657813 0 7.810402 1.836269 0.1312336 7.810402 1.836269 0 7.810402 1.836269 0.1312336 7.845743 0.0737195 0.1312336 7.845743 0.0737195 0 7.845743 0.0737195 0.1312336 7.845743 0.0737195 0 7.845743 0.0737195 0.1312336 7.857523 0 0.1312336 7.857523 0 0 7.857523 0 0.1312336 7.857523 0 0 7.857523 0 0.1312336 7.857523 0 0.1312336 7.520309 0.02356079 0 7.857523 0 0 7.520309 0.02356079 0.1312336 7.520309 0.02356079 0.1312336 7.857523 0 0.1312336 7.520309 0.02356079 0 7.857523 0 0 7.520309 0.02356079 0.1312336 7.180151 0 0 7.180151 0 0.1312336 7.180151 0 0.1312336 7.180151 0 0 7.180151 0 0.1312336 7.227272 1.836269 0.1312336 7.180151 0 0 7.180151 0 0.1312336 7.227272 1.836269 0 7.227272 1.836269 0 7.227272 1.836269 0.1312336 7.180151 0 0 7.180151 0 0.1312336 7.227272 1.836269 0.1312336 7.191931 3.598819 0.1312336 7.191931 3.598819 0 7.191931 3.598819 0 7.191931 3.598819 0.1312336 7.191931 3.598819 0.1312336 7.180151 3.657813 0.1312336 7.180151 3.657813 0 7.180151 3.657813 0 7.180151 3.657813 0.1312336 7.520309 0.02356079 0.1312336 7.227272 1.836269 0.1312336 7.180151 0 0.1312336 7.191931 3.598819 0.1312336 7.555835 3.634252 0.1312336 7.180151 3.657813 0.1312336 7.845743 0.0737195 0.1312336 7.857523 0 0.1312336 7.810402 1.836269 0.1312336 7.857523 3.657813 0.1312336 7.810402 1.836269 0.1312336 7.555835 3.634252 0.1312336 7.857523 3.657813 0.1312336 7.845743 0.0737195 0.1312336 7.857523 0 0.1312336 7.520309 0.02356079 0.1312336 7.227272 1.836269 0.1312336 7.191931 3.598819 0.1312336 7.180151 3.657813 0.1312336 7.180151 0 0.1312336</float_array>
                    <technique_common>
                        <accessor count="116" source="#ID30" stride="3">
                            <param name="X" type="float" />
                            <param name="Y" type="float" />
                            <param name="Z" type="float" />
                        </accessor>
                    </technique_common>
                </source>
                <source id="ID27">
                    <float_array id="ID31" count="348">-2.054325e-33 0 -1 -2.054325e-33 0 -1 -2.054325e-33 0 -1 -2.054325e-33 0 -1 -2.054325e-33 0 -1 -2.054325e-33 0 -1 -2.054325e-33 0 -1 -2.054325e-33 0 -1 -2.054325e-33 0 -1 -2.054325e-33 0 -1 2.054325e-33 -0 1 2.054325e-33 -0 1 2.054325e-33 -0 1 2.054325e-33 -0 1 2.054325e-33 -0 1 2.054325e-33 -0 1 2.054325e-33 -0 1 2.054325e-33 -0 1 2.054325e-33 -0 1 2.054325e-33 -0 1 0 0 0 0 0 0 0 0 0 0 0 0 0 0 0 0 0 0 0 0 0 0 0 0 0 0 0 0 0 0 0.06259139 0.9980392 0 -0.007652865 0.9999707 -8.23764e-33 0.06259139 0.9980392 0 -0.007652865 0.9999707 -8.23764e-33 0.007652865 -0.9999707 8.23764e-33 -0.06259139 -0.9980392 -0 0.007652865 -0.9999707 8.23764e-33 -0.06259139 -0.9980392 -0 0 0 0 0 0 0 -0.07785933 0.9969644 -1.64346e-32 -0.07785933 0.9969644 -1.64346e-32 0.07785933 -0.9969644 1.64346e-32 0.07785933 -0.9969644 1.64346e-32 0 0 0 0.9996656 -0.02586039 -1.027163e-33 0.9999958 -0.002907388 -1.54115e-33 0.9999958 -0.002907388 -1.54115e-33 0.9996656 -0.02586039 -1.027163e-33 -0.9996656 0.02586039 1.027163e-33 -0.9996656 0.02586039 1.027163e-33 -0.9999958 0.002907388 1.54115e-33 -0.9999958 0.002907388 1.54115e-33 0 0 0 0.9960195 0.08913603 -1.029627e-33 0.9960195 0.08913603 -1.029627e-33 -0.9960195 -0.08913603 1.029627e-33 -0.9960195 -0.08913603 1.029627e-33 0 0 0 0.9874714 0.1577982 0 0.9874714 0.1577982 0 -0.9874714 -0.1577982 -0 -0.9874714 -0.1577982 -0 0 0 0 -0.06969908 -0.9975681 0 -0.0003010064 -1 0 -0.06969908 -0.9975681 0 -0.0003010064 -1 0 0.0003010064 1 -0 0.06969908 0.9975681 -0 0.0003010064 1 -0 0.06969908 0.9975681 -0 0 0 0 0.06909852 -0.9976098 0 0.06909852 -0.9976098 0 -0.06909852 0.9976098 -0 -0.06909852 0.9976098 -0 0 0 0 -0.9999961 0.002803732 2.440148e-33 -0.9996709 0.02565314 2.567907e-33 -0.9996709 0.02565314 2.567907e-33 -0.9999961 0.002803732 2.440148e-33 0.9999961 -0.002803732 -2.440148e-33 0.9999961 -0.002803732 -2.440148e-33 0.9996709 -0.02565314 -2.567907e-33 0.9996709 -0.02565314 -2.567907e-33 0 0 0 -0.9941118 -0.1083588 1.289001e-34 -0.9941118 -0.1083588 1.289001e-34 0.9941118 0.1083588 -1.289001e-34 0.9941118 0.1083588 -1.289001e-34 0 0 0 -0.9806395 -0.1958219 -2.054325e-33 -0.9806395 -0.1958219 -2.054325e-33 0.9806395 0.1958219 2.054325e-33 0.9806395 0.1958219 2.054325e-33 2.054325e-33 0 1 2.054325e-33 0 1 2.054325e-33 0 1 2.054325e-33 0 1 2.054325e-33 0 1 2.054325e-33 0 1 2.054325e-33 0 1 2.054325e-33 0 1 2.054325e-33 0 1 2.054325e-33 0 1 -2.054325e-33 -0 -1 -2.054325e-33 -0 -1 -2.054325e-33 -0 -1 -2.054325e-33 -0 -1 -2.054325e-33 -0 -1 -2.054325e-33 -0 -1 -2.054325e-33 -0 -1 -2.054325e-33 -0 -1 -2.054325e-33 -0 -1 -2.054325e-33 -0 -1</float_array>
                    <technique_common>
                        <accessor count="116" source="#ID31" stride="3">
                            <param name="X" type="float" />
                            <param name="Y" type="float" />
                            <param name="Z" type="float" />
                        </accessor>
                    </technique_common>
                </source>
                <source id="ID28">
                    <Name_array id="ID32" count="0" />
                    <technique_common>
                        <accessor count="0" source="#ID32" stride="1">
                            <param name="skp_material" type="Name" />
                        </accessor>
                    </technique_common>
                </source>
                <vertices id="ID29">
                    <input semantic="POSITION" source="#ID26" />
                    <input semantic="NORMAL" source="#ID27" />
                </vertices>
                <triangles count="72" material="Material2">
                    <input offset="0" semantic="VERTEX" source="#ID29" />
                    <p>0 1 2 2 3 4 3 2 5 5 2 6 6 2 7 6 7 8 7 2 1 6 9 5 10 11 12 13 14 15 16 15 12 15 14 12 12 14 10 10 14 17 18 17 14 14 13 19 30 31 32 31 30 33 34 35 36 37 36 35 33 40 31 40 33 41 42 34 43 36 43 34 45 46 47 46 45 48 49 50 51 52 51 50 47 54 55 54 47 46 51 52 56 57 56 52 55 59 60 59 55 54 56 57 61 62 61 57 64 65 66 65 64 67 68 69 70 71 70 69 67 73 65 73 67 74 75 68 76 70 76 68 78 79 80 79 78 81 82 83 84 85 84 83 87 81 78 81 87 88 89 90 82 83 82 90 92 88 87 88 92 93 94 95 89 90 89 95 96 97 98 99 100 101 100 99 97 100 97 96 100 96 102 102 96 103 100 102 104 105 100 104 106 107 108 106 109 107 110 111 109 109 111 107 111 112 107 112 113 107 114 107 113 115 112 111</p>
                </triangles>
                <!-- <lines count="30" material="Material3">
                    <input offset="0" semantic="VERTEX" source="#ID29" />
                    <p>20 21 21 22 22 23 23 24 24 25 25 26 26 27 27 28 28 29 29 20 20 38 38 39 21 39 39 44 22 44 44 53 23 53 53 58 24 58 58 63 25 63 63 72 26 72 72 77 27 77 77 86 28 86 86 91 29 91 91 38</p>
                </lines> -->
            </mesh>
        </geometry>
        <geometry id="ID33">
            <mesh>
                <source id="ID34">
                    <float_array id="ID38" count="2364">0.6302511 3.646032 0 0.5831295 3.477977 0 0.5831295 3.657813 0 0.6184707 2.63209 0 0.6184707 1.703648 0 0.5566236 0.1798351 0 0.8717492 0.02356079 0 0.5448433 0 0 0.89531 3.634252 0 1.125028 0.01178039 0 1.172149 3.004001 0 1.180985 3.358977 0 1.198655 3.657813 0 1.160369 1.761169 0 1.190464 2.354606 0 1.28075 2.762503 0 1.414038 3.310659 0 1.417058 2.999583 0 1.68975 3.529701 0 1.602893 3.168926 0 1.838253 3.270532 0 1.999285 3.661126 0 2.12314 3.304401 0 2.342642 3.704934 0 2.495235 3.235191 0 2.714311 3.655408 0 2.748421 3.027561 0 3.041136 3.50683 0 2.891512 2.709491 0 2.939208 2.244165 0 2.939208 1.616859 0 2.939208 1.048455 0 3.46316 2.942154 0 3.569368 2.677279 0 3.510466 2.061661 0 3.712734 3.270716 0 3.704842 2.95375 0 3.910999 3.158802 0 4.007267 3.505404 0 4.176081 3.28581 0 4.346759 3.646216 0 4.48833 3.328146 0 4.731209 3.693154 0 4.874875 3.24421 0 5.202344 3.619469 0 5.150978 2.992404 0 5.250375 2.651486 0 5.571712 3.398414 0 5.283507 2.111728 0 5.283507 1.531543 0 5.890197 2.584876 0 5.840039 1.388246 0 5.810576 3.047659 0 5.866637 1.883391 0 5.224605 0.2297177 0 5.635722 0.02356079 0 5.20988 0 0 5.259946 0.7127139 0 5.792641 0.01178039 0 5.840039 0.7250465 0 5.866637 0 0 5.866637 0.206341 0 2.892271 0.1560902 0 3.232338 0.02356079 0 2.880306 0 0 3.298844 3.266609 0 3.522338 0.1678706 0 3.545899 0 0 3.510466 1.122175 0 3.522338 0.4947766 0 1.18393 0.1560902 0 1.198655 0 0 1.160369 0.7127139 0 1.160369 1.34002 0 1.160369 1.34002 0 1.160369 1.761169 0 1.160369 0.7127139 0 1.125028 0.01178039 0 1.18393 0.1560902 0 1.198655 0 0 3.522338 0.4947766 0 3.510466 1.122175 0 3.522338 0.1678706 0 3.510466 2.061661 0 3.46316 2.942154 0 3.298844 3.266609 0 3.545899 0 0 3.232338 0.02356079 0 3.041136 3.50683 0 2.939208 1.048455 0 2.892271 0.1560902 0 2.880306 0 0 5.866637 0.206341 0 5.840039 0.7250465 0 5.866637 0 0 5.840039 1.388246 0 5.810576 3.047659 0 5.792641 0.01178039 0 5.635722 0.02356079 0 5.571712 3.398414 0 5.283507 1.531543 0 5.259946 0.7127139 0 5.224605 0.2297177 0 5.20988 0 0 5.866637 1.883391 0 5.890197 2.584876 0 5.283507 2.111728 0 5.250375 2.651486 0 5.202344 3.619469 0 5.150978 2.992404 0 4.874875 3.24421 0 4.731209 3.693154 0 4.48833 3.328146 0 4.346759 3.646216 0 4.176081 3.28581 0 4.007267 3.505404 0 3.910999 3.158802 0 3.712734 3.270716 0 3.704842 2.95375 0 3.569368 2.677279 0 2.939208 1.616859 0 2.939208 2.244165 0 2.891512 2.709491 0 2.748421 3.027561 0 2.714311 3.655408 0 2.495235 3.235191 0 2.342642 3.704934 0 2.12314 3.304401 0 1.999285 3.661126 0 1.838253 3.270532 0 1.68975 3.529701 0 1.602893 3.168926 0 1.417058 2.999583 0 1.414038 3.310659 0 1.28075 2.762503 0 1.172149 3.004001 0 1.190464 2.354606 0 1.198655 3.657813 0 0.89531 3.634252 0 1.180985 3.358977 0 0.8717492 0.02356079 0 0.6302511 3.646032 0 0.6184707 1.703648 0 0.5566236 0.1798351 0 0.5448433 0 0 0.6184707 2.63209 0 0.5831295 3.477977 0 0.5831295 3.657813 0 5.840039 1.388246 0 5.840039 0.7250465 0 5.866637 0.206341 0 5.866637 0 0 5.792641 0.01178039 0 5.635722 0.02356079 0 5.20988 0 0 5.224605 0.2297177 0 5.259946 0.7127139 0 5.283507 1.531543 0 5.283507 2.111728 0 5.250375 2.651486 0 5.150978 2.992404 0 4.874875 3.24421 0 4.48833 3.328146 0 4.176081 3.28581 0 3.910999 3.158802 0 3.704842 2.95375 0 3.569368 2.677279 0 3.510466 2.061661 0 3.510466 1.122175 0 3.522338 0.4947766 0 3.522338 0.1678706 0 3.545899 0 0 3.232338 0.02356079 0 2.880306 0 0 2.892271 0.1560902 0 2.939208 1.048455 0 2.939208 1.616859 0 2.939208 2.244165 0 2.891512 2.709491 0 2.748421 3.027561 0 2.495235 3.235191 0 2.12314 3.304401 0 1.838253 3.270532 0 1.602893 3.168926 0 1.417058 2.999583 0 1.28075 2.762503 0 1.190464 2.354606 0 1.160369 1.761169 0 1.160369 1.34002 0 1.160369 0.7127139 0 1.18393 0.1560902 0 1.198655 0 0 1.125028 0.01178039 0 0.8717492 0.02356079 0 0.5448433 0 0 0.5566236 0.1798351 0 0.6184707 1.703648 0 0.6184707 2.63209 0 0.5831295 3.477977 0 0.5831295 3.657813 0 0.6302511 3.646032 0 0.89531 3.634252 0 1.198655 3.657813 0 1.180985 3.358977 0 1.172149 3.004001 0 1.414038 3.310659 0 1.68975 3.529701 0 1.999285 3.661126 0 2.342642 3.704934 0 2.714311 3.655408 0 3.041136 3.50683 0 3.298844 3.266609 0 3.46316 2.942154 0 3.712734 3.270716 0 4.007267 3.505404 0 4.346759 3.646216 0 4.731209 3.693154 0 5.202344 3.619469 0 5.571712 3.398414 0 5.810576 3.047659 0 5.890197 2.584876 0 5.866637 1.883391 0 5.840039 1.388246 0 5.840039 0.7250465 0.1312336 5.840039 0.7250465 0 5.840039 1.388246 0.1312336 5.840039 1.388246 0.1312336 5.840039 1.388246 0 5.840039 0.7250465 0.1312336 5.840039 0.7250465 0 5.840039 1.388246 0.1312336 5.840039 0.7250465 0.1312336 5.866637 0.206341 0.1312336 5.866637 0.206341 0 5.866637 0.206341 0.1312336 5.866637 0.206341 0 5.866637 0.206341 0.1312336 5.866637 0 0.1312336 5.866637 0 0 5.866637 0 0.1312336 5.866637 0 0 5.866637 0 0.1312336 5.866637 0 0.1312336 5.792641 0.01178039 0 5.866637 0 0 5.792641 0.01178039 0.1312336 5.792641 0.01178039 0.1312336 5.866637 0 0.1312336 5.792641 0.01178039 0 5.866637 0 0 5.792641 0.01178039 0.1312336 5.635722 0.02356079 0 5.635722 0.02356079 0.1312336 5.635722 0.02356079 0.1312336 5.635722 0.02356079 0 5.635722 0.02356079 0.1312336 5.20988 0 0 5.20988 0 0.1312336 5.20988 0 0.1312336 5.20988 0 0 5.20988 0 0.1312336 5.224605 0.2297177 0.1312336 5.20988 0 0 5.20988 0 0.1312336 5.224605 0.2297177 0 5.224605 0.2297177 0 5.224605 0.2297177 0.1312336 5.20988 0 0 5.20988 0 0.1312336 5.224605 0.2297177 0.1312336 5.259946 0.7127139 0.1312336 5.259946 0.7127139 0 5.259946 0.7127139 0 5.259946 0.7127139 0.1312336 5.259946 0.7127139 0.1312336 5.283507 1.531543 0.1312336 5.283507 1.531543 0 5.283507 1.531543 0 5.283507 1.531543 0.1312336 5.283507 1.531543 0.1312336 5.283507 2.111728 0.1312336 5.283507 2.111728 0 5.283507 2.111728 0 5.283507 2.111728 0.1312336 5.283507 2.111728 0.1312336 5.250375 2.651486 0.1312336 5.250375 2.651486 0 5.250375 2.651486 0 5.250375 2.651486 0.1312336 5.250375 2.651486 0.1312336 5.150978 2.992404 0.1312336 5.150978 2.992404 0 5.150978 2.992404 0 5.150978 2.992404 0.1312336 5.150978 2.992404 0.1312336 5.150978 2.992404 0.1312336 4.874875 3.24421 0 5.150978 2.992404 0 4.874875 3.24421 0.1312336 4.874875 3.24421 0.1312336 5.150978 2.992404 0.1312336 4.874875 3.24421 0 5.150978 2.992404 0 4.874875 3.24421 0.1312336 4.874875 3.24421 0.1312336 4.48833 3.328146 0 4.874875 3.24421 0 4.48833 3.328146 0.1312336 4.48833 3.328146 0.1312336 4.874875 3.24421 0.1312336 4.48833 3.328146 0 4.874875 3.24421 0 4.48833 3.328146 0.1312336 4.176081 3.28581 0 4.176081 3.28581 0.1312336 4.176081 3.28581 0.1312336 4.176081 3.28581 0 4.176081 3.28581 0.1312336 3.910999 3.158802 0 3.910999 3.158802 0.1312336 3.910999 3.158802 0.1312336 3.910999 3.158802 0 3.910999 3.158802 0.1312336 3.704842 2.95375 0 3.704842 2.95375 0.1312336 3.704842 2.95375 0.1312336 3.704842 2.95375 0 3.704842 2.95375 0.1312336 3.569368 2.677279 0.1312336 3.569368 2.677279 0 3.569368 2.677279 0.1312336 3.569368 2.677279 0 3.569368 2.677279 0.1312336 3.510466 2.061661 0.1312336 3.510466 2.061661 0 3.510466 2.061661 0.1312336 3.510466 2.061661 0 3.510466 2.061661 0.1312336 3.510466 1.122175 0.1312336 3.510466 1.122175 0 3.510466 1.122175 0.1312336 3.510466 1.122175 0 3.510466 1.122175 0.1312336 3.522338 0.4947766 0.1312336 3.522338 0.4947766 0 3.522338 0.4947766 0.1312336 3.522338 0.4947766 0 3.522338 0.4947766 0.1312336 3.522338 0.1678706 0.1312336 3.522338 0.1678706 0 3.522338 0.1678706 0.1312336 3.522338 0.1678706 0 3.522338 0.1678706 0.1312336 3.545899 0 0.1312336 3.545899 0 0 3.545899 0 0.1312336 3.545899 0 0 3.545899 0 0.1312336 3.545899 0 0.1312336 3.232338 0.02356079 0 3.545899 0 0 3.232338 0.02356079 0.1312336 3.232338 0.02356079 0.1312336 3.545899 0 0.1312336 3.232338 0.02356079 0 3.545899 0 0 3.232338 0.02356079 0.1312336 2.880306 0 0 2.880306 0 0.1312336 2.880306 0 0.1312336 2.880306 0 0 2.880306 0 0.1312336 2.892271 0.1560902 0.1312336 2.880306 0 0 2.880306 0 0.1312336 2.892271 0.1560902 0 2.892271 0.1560902 0 2.892271 0.1560902 0.1312336 2.880306 0 0 2.880306 0 0.1312336 2.892271 0.1560902 0.1312336 2.939208 1.048455 0.1312336 2.939208 1.048455 0 2.939208 1.048455 0 2.939208 1.048455 0.1312336 2.939208 1.048455 0.1312336 2.939208 1.616859 0.1312336 2.939208 1.616859 0 2.939208 1.616859 0 2.939208 1.616859 0.1312336 2.939208 1.616859 0.1312336 2.939208 2.244165 0.1312336 2.939208 2.244165 0 2.939208 2.244165 0 2.939208 2.244165 0.1312336 2.939208 2.244165 0.1312336 2.891512 2.709491 0.1312336 2.891512 2.709491 0 2.891512 2.709491 0 2.891512 2.709491 0.1312336 2.891512 2.709491 0.1312336 2.748421 3.027561 0.1312336 2.748421 3.027561 0 2.748421 3.027561 0 2.748421 3.027561 0.1312336 2.748421 3.027561 0.1312336 2.495235 3.235191 0 2.495235 3.235191 0.1312336 2.495235 3.235191 0.1312336 2.495235 3.235191 0 2.495235 3.235191 0.1312336 2.12314 3.304401 0 2.12314 3.304401 0.1312336 2.12314 3.304401 0.1312336 2.12314 3.304401 0 2.12314 3.304401 0.1312336 1.838253 3.270532 0 1.838253 3.270532 0.1312336 1.838253 3.270532 0.1312336 1.838253 3.270532 0 1.838253 3.270532 0.1312336 1.602893 3.168926 0 1.602893 3.168926 0.1312336 1.602893 3.168926 0.1312336 1.602893 3.168926 0 1.602893 3.168926 0.1312336 1.417058 2.999583 0 1.417058 2.999583 0.1312336 1.417058 2.999583 0.1312336 1.417058 2.999583 0 1.417058 2.999583 0.1312336 1.28075 2.762503 0.1312336 1.28075 2.762503 0 1.28075 2.762503 0.1312336 1.28075 2.762503 0 1.28075 2.762503 0.1312336 1.190464 2.354606 0.1312336 1.190464 2.354606 0 1.190464 2.354606 0.1312336 1.190464 2.354606 0 1.190464 2.354606 0.1312336 1.160369 1.761169 0.1312336 1.160369 1.761169 0 1.160369 1.761169 0.1312336 1.160369 1.761169 0 1.160369 1.761169 0.1312336 1.160369 1.34002 0.1312336 1.160369 1.34002 0 1.160369 1.34002 0.1312336 1.160369 1.34002 0 1.160369 1.34002 0.1312336 1.160369 0.7127139 0.1312336 1.160369 0.7127139 0 1.160369 0.7127139 0.1312336 1.160369 0.7127139 0 1.160369 0.7127139 0.1312336 1.18393 0.1560902 0.1312336 1.18393 0.1560902 0 1.18393 0.1560902 0.1312336 1.18393 0.1560902 0 1.18393 0.1560902 0.1312336 1.198655 0 0.1312336 1.198655 0 0 1.198655 0 0.1312336 1.198655 0 0 1.198655 0 0.1312336 1.198655 0 0.1312336 1.125028 0.01178039 0 1.198655 0 0 1.125028 0.01178039 0.1312336 1.125028 0.01178039 0.1312336 1.198655 0 0.1312336 1.125028 0.01178039 0 1.198655 0 0 1.125028 0.01178039 0.1312336 0.8717492 0.02356079 0 0.8717492 0.02356079 0.1312336 0.8717492 0.02356079 0.1312336 0.8717492 0.02356079 0 0.8717492 0.02356079 0.1312336 0.5448433 0 0 0.5448433 0 0.1312336 0.5448433 0 0.1312336 0.5448433 0 0 0.5448433 0 0.1312336 0.5566236 0.1798351 0.1312336 0.5448433 0 0 0.5448433 0 0.1312336 0.5566236 0.1798351 0 0.5566236 0.1798351 0 0.5566236 0.1798351 0.1312336 0.5448433 0 0 0.5448433 0 0.1312336 0.5566236 0.1798351 0.1312336 0.6184707 1.703648 0.1312336 0.6184707 1.703648 0 0.6184707 1.703648 0 0.6184707 1.703648 0.1312336 0.6184707 1.703648 0.1312336 0.6184707 2.63209 0.1312336 0.6184707 2.63209 0 0.6184707 2.63209 0 0.6184707 2.63209 0.1312336 0.6184707 2.63209 0.1312336 0.5831295 3.477977 0.1312336 0.5831295 3.477977 0 0.5831295 3.477977 0 0.5831295 3.477977 0.1312336 0.5831295 3.477977 0.1312336 0.5831295 3.657813 0.1312336 0.5831295 3.657813 0 0.5831295 3.657813 0 0.5831295 3.657813 0.1312336 0.5831295 3.657813 0.1312336 0.5831295 3.657813 0.1312336 0.6302511 3.646032 0 0.5831295 3.657813 0 0.6302511 3.646032 0.1312336 0.6302511 3.646032 0.1312336 0.5831295 3.657813 0.1312336 0.6302511 3.646032 0 0.5831295 3.657813 0 0.6302511 3.646032 0.1312336 0.89531 3.634252 0 0.89531 3.634252 0.1312336 0.89531 3.634252 0.1312336 0.89531 3.634252 0 0.89531 3.634252 0.1312336 1.198655 3.657813 0 1.198655 3.657813 0.1312336 1.198655 3.657813 0.1312336 1.198655 3.657813 0 1.198655 3.657813 0.1312336 1.198655 3.657813 0 1.180985 3.358977 0.1312336 1.180985 3.358977 0 1.198655 3.657813 0.1312336 1.198655 3.657813 0.1312336 1.198655 3.657813 0 1.180985 3.358977 0.1312336 1.180985 3.358977 0 1.180985 3.358977 0.1312336 1.172149 3.004001 0.1312336 1.172149 3.004001 0 1.172149 3.004001 0.1312336 1.172149 3.004001 0 1.172149 3.004001 0.1312336 1.414038 3.310659 0.1312336 1.172149 3.004001 0 1.172149 3.004001 0.1312336 1.414038 3.310659 0 1.414038 3.310659 0 1.414038 3.310659 0.1312336 1.172149 3.004001 0 1.172149 3.004001 0.1312336 1.414038 3.310659 0.1312336 1.68975 3.529701 0 1.68975 3.529701 0.1312336 1.68975 3.529701 0.1312336 1.68975 3.529701 0 1.68975 3.529701 0.1312336 1.999285 3.661126 0 1.999285 3.661126 0.1312336 1.999285 3.661126 0.1312336 1.999285 3.661126 0 1.999285 3.661126 0.1312336 2.342642 3.704934 0 2.342642 3.704934 0.1312336 2.342642 3.704934 0.1312336 2.342642 3.704934 0 2.342642 3.704934 0.1312336 2.714311 3.655408 0 2.714311 3.655408 0.1312336 2.714311 3.655408 0.1312336 2.714311 3.655408 0 2.714311 3.655408 0.1312336 3.041136 3.50683 0 3.041136 3.50683 0.1312336 3.041136 3.50683 0.1312336 3.041136 3.50683 0 3.041136 3.50683 0.1312336 3.298844 3.266609 0 3.298844 3.266609 0.1312336 3.298844 3.266609 0.1312336 3.298844 3.266609 0 3.298844 3.266609 0.1312336 3.46316 2.942154 0.1312336 3.46316 2.942154 0 3.46316 2.942154 0.1312336 3.46316 2.942154 0 3.46316 2.942154 0.1312336 3.712734 3.270716 0.1312336 3.46316 2.942154 0 3.46316 2.942154 0.1312336 3.712734 3.270716 0 3.712734 3.270716 0 3.712734 3.270716 0.1312336 3.46316 2.942154 0 3.46316 2.942154 0.1312336 3.712734 3.270716 0.1312336 4.007267 3.505404 0 4.007267 3.505404 0.1312336 4.007267 3.505404 0.1312336 4.007267 3.505404 0 4.007267 3.505404 0.1312336 4.346759 3.646216 0 4.346759 3.646216 0.1312336 4.346759 3.646216 0.1312336 4.346759 3.646216 0 4.346759 3.646216 0.1312336 4.731209 3.693154 0 4.731209 3.693154 0.1312336 4.731209 3.693154 0.1312336 4.731209 3.693154 0 4.731209 3.693154 0.1312336 5.202344 3.619469 0 5.202344 3.619469 0.1312336 5.202344 3.619469 0.1312336 5.202344 3.619469 0 5.202344 3.619469 0.1312336 5.571712 3.398414 0 5.571712 3.398414 0.1312336 5.571712 3.398414 0.1312336 5.571712 3.398414 0 5.571712 3.398414 0.1312336 5.810576 3.047659 0.1312336 5.810576 3.047659 0 5.810576 3.047659 0.1312336 5.810576 3.047659 0 5.810576 3.047659 0.1312336 5.890197 2.584876 0.1312336 5.890197 2.584876 0 5.890197 2.584876 0.1312336 5.890197 2.584876 0 5.890197 2.584876 0.1312336 5.866637 1.883391 0.1312336 5.866637 1.883391 0 5.866637 1.883391 0.1312336 5.866637 1.883391 0 5.866637 1.883391 0.1312336 1.125028 0.01178039 0.1312336 1.18393 0.1560902 0.1312336 1.160369 0.7127139 0.1312336 1.198655 0 0.1312336 1.190464 2.354606 0.1312336 1.172149 3.004001 0.1312336 1.160369 1.761169 0.1312336 1.28075 2.762503 0.1312336 1.414038 3.310659 0.1312336 1.417058 2.999583 0.1312336 1.68975 3.529701 0.1312336 1.602893 3.168926 0.1312336 1.838253 3.270532 0.1312336 1.999285 3.661126 0.1312336 2.12314 3.304401 0.1312336 2.342642 3.704934 0.1312336 2.495235 3.235191 0.1312336 2.714311 3.655408 0.1312336 2.748421 3.027561 0.1312336 3.041136 3.50683 0.1312336 2.891512 2.709491 0.1312336 2.939208 2.244165 0.1312336 0.8717492 0.02356079 0.1312336 0.5566236 0.1798351 0.1312336 0.5448433 0 0.1312336 0.6184707 1.703648 0.1312336 0.6184707 2.63209 0.1312336 0.6302511 3.646032 0.1312336 0.89531 3.634252 0.1312336 1.180985 3.358977 0.1312336 1.198655 3.657813 0.1312336 1.160369 1.34002 0.1312336 0.5831295 3.657813 0.1312336 0.5831295 3.477977 0.1312336 3.232338 0.02356079 0.1312336 2.892271 0.1560902 0.1312336 2.880306 0 0.1312336 2.939208 1.048455 0.1312336 2.939208 1.616859 0.1312336 3.298844 3.266609 0.1312336 3.522338 0.1678706 0.1312336 3.545899 0 0.1312336 3.46316 2.942154 0.1312336 3.510466 1.122175 0.1312336 3.522338 0.4947766 0.1312336 5.810576 3.047659 0.1312336 5.840039 1.388246 0.1312336 5.890197 2.584876 0.1312336 5.840039 0.7250465 0.1312336 5.866637 1.883391 0.1312336 5.635722 0.02356079 0.1312336 5.224605 0.2297177 0.1312336 5.20988 0 0.1312336 5.259946 0.7127139 0.1312336 5.283507 1.531543 0.1312336 5.283507 2.111728 0.1312336 5.571712 3.398414 0.1312336 5.792641 0.01178039 0.1312336 5.866637 0 0.1312336 5.866637 0.206341 0.1312336 3.569368 2.677279 0.1312336 3.712734 3.270716 0.1312336 3.510466 2.061661 0.1312336 3.704842 2.95375 0.1312336 3.910999 3.158802 0.1312336 4.007267 3.505404 0.1312336 4.176081 3.28581 0.1312336 4.346759 3.646216 0.1312336 4.48833 3.328146 0.1312336 4.731209 3.693154 0.1312336 4.874875 3.24421 0.1312336 5.202344 3.619469 0.1312336 5.150978 2.992404 0.1312336 5.250375 2.651486 0.1312336 5.283507 2.111728 0.1312336 5.250375 2.651486 0.1312336 5.571712 3.398414 0.1312336 5.202344 3.619469 0.1312336 5.150978 2.992404 0.1312336 4.874875 3.24421 0.1312336 4.731209 3.693154 0.1312336 4.48833 3.328146 0.1312336 4.346759 3.646216 0.1312336 4.176081 3.28581 0.1312336 4.007267 3.505404 0.1312336 3.910999 3.158802 0.1312336 3.712734 3.270716 0.1312336 3.704842 2.95375 0.1312336 3.569368 2.677279 0.1312336 3.510466 1.122175 0.1312336 3.46316 2.942154 0.1312336 3.510466 2.061661 0.1312336 5.866637 0.206341 0.1312336 5.866637 0 0.1312336 5.840039 0.7250465 0.1312336 5.792641 0.01178039 0.1312336 5.810576 3.047659 0.1312336 5.635722 0.02356079 0.1312336 5.283507 1.531543 0.1312336 5.259946 0.7127139 0.1312336 5.224605 0.2297177 0.1312336 5.20988 0 0.1312336 5.866637 1.883391 0.1312336 5.840039 1.388246 0.1312336 5.890197 2.584876 0.1312336 3.522338 0.1678706 0.1312336 3.522338 0.4947766 0.1312336 3.298844 3.266609 0.1312336 3.545899 0 0.1312336 3.232338 0.02356079 0.1312336 3.041136 3.50683 0.1312336 2.939208 2.244165 0.1312336 2.939208 1.616859 0.1312336 2.939208 1.048455 0.1312336 2.892271 0.1560902 0.1312336 2.880306 0 0.1312336 0.6302511 3.646032 0.1312336 0.6184707 2.63209 0.1312336 0.5831295 3.657813 0.1312336 0.5831295 3.477977 0.1312336 1.160369 1.34002 0.1312336 1.160369 0.7127139 0.1312336 1.160369 1.761169 0.1312336 1.125028 0.01178039 0.1312336 1.172149 3.004001 0.1312336 1.198655 3.657813 0.1312336 1.180985 3.358977 0.1312336 0.89531 3.634252 0.1312336 0.8717492 0.02356079 0.1312336 0.6184707 1.703648 0.1312336 0.5566236 0.1798351 0.1312336 0.5448433 0 0.1312336 2.891512 2.709491 0.1312336 2.748421 3.027561 0.1312336 2.714311 3.655408 0.1312336 2.495235 3.235191 0.1312336 2.342642 3.704934 0.1312336 2.12314 3.304401 0.1312336 1.999285 3.661126 0.1312336 1.838253 3.270532 0.1312336 1.68975 3.529701 0.1312336 1.602893 3.168926 0.1312336 1.417058 2.999583 0.1312336 1.414038 3.310659 0.1312336 1.28075 2.762503 0.1312336 1.190464 2.354606 0.1312336 1.198655 0 0.1312336 1.18393 0.1560902 0.1312336</float_array>
                    <technique_common>
                        <accessor count="788" source="#ID38" stride="3">
                            <param name="X" type="float" />
                            <param name="Y" type="float" />
                            <param name="Z" type="float" />
                        </accessor>
                    </technique_common>
                </source>
                <source id="ID35">
                    <float_array id="ID39" count="2364">-2.054325e-33 0 -1 -2.054325e-33 0 -1 -2.054325e-33 0 -1 -2.054325e-33 0 -1 -2.054325e-33 0 -1 -2.054325e-33 0 -1 -2.054325e-33 0 -1 -2.054325e-33 0 -1 -2.054325e-33 0 -1 -2.054325e-33 0 -1 -2.054325e-33 0 -1 -2.054325e-33 0 -1 -2.054325e-33 0 -1 -2.054325e-33 0 -1 -2.054325e-33 0 -1 -2.054325e-33 0 -1 -2.054325e-33 0 -1 -2.054325e-33 0 -1 -2.054325e-33 0 -1 -2.054325e-33 0 -1 -2.054325e-33 0 -1 -2.054325e-33 0 -1 -2.054325e-33 0 -1 -2.054325e-33 0 -1 -2.054325e-33 0 -1 -2.054325e-33 0 -1 -2.054325e-33 0 -1 -2.054325e-33 0 -1 -2.054325e-33 0 -1 -2.054325e-33 0 -1 -2.054325e-33 0 -1 -2.054325e-33 0 -1 -2.054325e-33 0 -1 -2.054325e-33 0 -1 -2.054325e-33 0 -1 -2.054325e-33 0 -1 -2.054325e-33 0 -1 -2.054325e-33 0 -1 -2.054325e-33 0 -1 -2.054325e-33 0 -1 -2.054325e-33 0 -1 -2.054325e-33 0 -1 -2.054325e-33 0 -1 -2.054325e-33 0 -1 -2.054325e-33 0 -1 -2.054325e-33 0 -1 -2.054325e-33 0 -1 -2.054325e-33 0 -1 -2.054325e-33 0 -1 -2.054325e-33 0 -1 -2.054325e-33 0 -1 -2.054325e-33 0 -1 -2.054325e-33 0 -1 -2.054325e-33 0 -1 -2.054325e-33 0 -1 -2.054325e-33 0 -1 -2.054325e-33 0 -1 -2.054325e-33 0 -1 -2.054325e-33 0 -1 -2.054325e-33 0 -1 -2.054325e-33 0 -1 -2.054325e-33 0 -1 -2.054325e-33 0 -1 -2.054325e-33 0 -1 -2.054325e-33 0 -1 -2.054325e-33 0 -1 -2.054325e-33 0 -1 -2.054325e-33 0 -1 -2.054325e-33 0 -1 -2.054325e-33 0 -1 -2.054325e-33 0 -1 -2.054325e-33 0 -1 -2.054325e-33 0 -1 -2.054325e-33 0 -1 2.054325e-33 -0 1 2.054325e-33 -0 1 2.054325e-33 -0 1 2.054325e-33 -0 1 2.054325e-33 -0 1 2.054325e-33 -0 1 2.054325e-33 -0 1 2.054325e-33 -0 1 2.054325e-33 -0 1 2.054325e-33 -0 1 2.054325e-33 -0 1 2.054325e-33 -0 1 2.054325e-33 -0 1 2.054325e-33 -0 1 2.054325e-33 -0 1 2.054325e-33 -0 1 2.054325e-33 -0 1 2.054325e-33 -0 1 2.054325e-33 -0 1 2.054325e-33 -0 1 2.054325e-33 -0 1 2.054325e-33 -0 1 2.054325e-33 -0 1 2.054325e-33 -0 1 2.054325e-33 -0 1 2.054325e-33 -0 1 2.054325e-33 -0 1 2.054325e-33 -0 1 2.054325e-33 -0 1 2.054325e-33 -0 1 2.054325e-33 -0 1 2.054325e-33 -0 1 2.054325e-33 -0 1 2.054325e-33 -0 1 2.054325e-33 -0 1 2.054325e-33 -0 1 2.054325e-33 -0 1 2.054325e-33 -0 1 2.054325e-33 -0 1 2.054325e-33 -0 1 2.054325e-33 -0 1 2.054325e-33 -0 1 2.054325e-33 -0 1 2.054325e-33 -0 1 2.054325e-33 -0 1 2.054325e-33 -0 1 2.054325e-33 -0 1 2.054325e-33 -0 1 2.054325e-33 -0 1 2.054325e-33 -0 1 2.054325e-33 -0 1 2.054325e-33 -0 1 2.054325e-33 -0 1 2.054325e-33 -0 1 2.054325e-33 -0 1 2.054325e-33 -0 1 2.054325e-33 -0 1 2.054325e-33 -0 1 2.054325e-33 -0 1 2.054325e-33 -0 1 2.054325e-33 -0 1 2.054325e-33 -0 1 2.054325e-33 -0 1 2.054325e-33 -0 1 2.054325e-33 -0 1 2.054325e-33 -0 1 2.054325e-33 -0 1 2.054325e-33 -0 1 2.054325e-33 -0 1 2.054325e-33 -0 1 2.054325e-33 -0 1 2.054325e-33 -0 1 2.054325e-33 -0 1 2.054325e-33 -0 1 0 0 0 0 0 0 0 0 0 0 0 0 0 0 0 0 0 0 0 0 0 0 0 0 0 0 0 0 0 0 0 0 0 0 0 0 0 0 0 0 0 0 0 0 0 0 0 0 0 0 0 0 0 0 0 0 0 0 0 0 0 0 0 0 0 0 0 0 0 0 0 0 0 0 0 0 0 0 0 0 0 0 0 0 0 0 0 0 0 0 0 0 0 0 0 0 0 0 0 0 0 0 0 0 0 0 0 0 0 0 0 0 0 0 0 0 0 0 0 0 0 0 0 0 0 0 0 0 0 0 0 0 0 0 0 0 0 0 0 0 0 0 0 0 0 0 0 0 0 0 0 0 0 0 0 0 0 0 0 0 0 0 0 0 0 0 0 0 0 0 0 0 0 0 0 0 0 0 0 0 0 0 0 0 0 0 0 0 0 0 0 0 0 0 0 0 0 0 0 0 0 0 0 0 0 0 0 0 0 0 0 0 0 0 0 0 0 0 0 0 0 0 0.99964 -0.02682973 -2.568831e-33 0.9996719 0.02561351 -2.054999e-33 0.9996719 0.02561351 -2.054999e-33 0.99964 -0.02682973 -2.568831e-33 -0.99964 0.02682973 2.568831e-33 -0.99964 0.02682973 2.568831e-33 -0.9996719 -0.02561351 2.054999e-33 -0.9996719 -0.02561351 2.054999e-33 0 0 0 0 0 0 0.9996719 0.02561351 -2.054999e-33 0.9996719 0.02561351 -2.054999e-33 -0.9996719 -0.02561351 2.054999e-33 -0.9996719 -0.02561351 2.054999e-33 0 0 0 1 -7.602531e-50 -2.054325e-33 1 -7.602531e-50 -2.054325e-33 -1 7.602531e-50 2.054325e-33 -1 7.602531e-50 2.054325e-33 0 0 0 -0.157224 -0.987563 -1.64346e-32 -0.1161432 -0.9932325 -8.224373e-33 -0.157224 -0.987563 -1.64346e-32 -0.1161432 -0.9932325 -8.224373e-33 0.1161432 0.9932325 8.224373e-33 0.157224 0.987563 1.64346e-32 0.1161432 0.9932325 8.224373e-33 0.157224 0.987563 1.64346e-32 0 0 0 -0.00983068 -0.9999517 0 -0.00983068 -0.9999517 0 0.00983068 0.9999517 -0 0.00983068 0.9999517 -0 0 0 0 0.05524294 -0.9984729 0 0.05524294 -0.9984729 0 -0.05524294 0.9984729 -0 -0.05524294 0.9984729 -0 0 0 0 -0.9976529 0.06847415 3.081519e-33 -0.9979517 0.06397127 1.027163e-33 -0.9979517 0.06397127 1.027163e-33 -0.9976529 0.06847415 3.081519e-33 0.9976529 -0.06847415 -3.081519e-33 0.9976529 -0.06847415 -3.081519e-33 0.9979517 -0.06397127 -1.027163e-33 0.9979517 -0.06397127 -1.027163e-33 0 0 0 -0.9987047 0.05088121 4.623365e-33 -0.9987047 0.05088121 4.623365e-33 0.9987047 -0.05088121 -4.623365e-33 0.9987047 -0.05088121 -4.623365e-33 0 0 0 -0.9998966 0.01438241 3.081807e-33 -0.9998966 0.01438241 3.081807e-33 0.9998966 -0.01438241 -3.081807e-33 0.9998966 -0.01438241 -3.081807e-33 0 0 0 -0.9995302 -0.03064858 2.569114e-33 -0.9995302 -0.03064858 2.569114e-33 0.9995302 0.03064858 -2.569114e-33 0.9995302 0.03064858 -2.569114e-33 0 0 0 -0.9851587 -0.1716457 3.617409e-33 -0.9851587 -0.1716457 3.617409e-33 0.9851587 0.1716457 -3.617409e-33 0.9851587 0.1716457 -3.617409e-33 0 0 0 -0.9600283 -0.279903 4.108651e-33 -0.9600283 -0.279903 4.108651e-33 0.9600283 0.279903 -4.108651e-33 0.9600283 0.279903 -4.108651e-33 0 0 0 -0.6738488 -0.7388693 8.217301e-33 -0.6738488 -0.7388693 8.217301e-33 -0.6738488 -0.7388693 8.217301e-33 -0.6738488 -0.7388693 8.217301e-33 0.6738488 0.7388693 -8.217301e-33 0.6738488 0.7388693 -8.217301e-33 0.6738488 0.7388693 -8.217301e-33 0.6738488 0.7388693 -8.217301e-33 0 0 0 -0.2121978 -0.9772267 -1.64346e-32 -0.03952069 -0.9992188 -8.343713e-33 -0.2121978 -0.9772267 -1.64346e-32 -0.03952069 -0.9992188 -8.343713e-33 0.03952069 0.9992188 8.343713e-33 0.2121978 0.9772267 1.64346e-32 0.03952069 0.9992188 8.343713e-33 0.2121978 0.9772267 1.64346e-32 0 0 0 0.2867044 -0.9580191 0 0.2867044 -0.9580191 0 -0.2867044 0.9580191 -0 -0.2867044 0.9580191 -0 0 0 0 0.5767629 -0.8169116 0 0.5767629 -0.8169116 0 -0.5767629 0.8169116 -0 -0.5767629 0.8169116 -0 0 0 0 0.8127991 -0.582544 0 0.8127991 -0.582544 0 -0.8127991 0.582544 -0 -0.8127991 0.582544 -0 0 0 0 0.9622872 -0.2720356 -4.698238e-33 0.9622872 -0.2720356 -4.698238e-33 -0.9622872 0.2720356 4.698238e-33 -0.9622872 0.2720356 4.698238e-33 0 0 0 0.9988628 -0.04767647 -5.655826e-33 0.9988628 -0.04767647 -5.655826e-33 -0.9988628 0.04767647 5.655826e-33 -0.9988628 0.04767647 5.655826e-33 0 0 0 0.9999552 0.00946037 -2.824824e-33 0.9999552 0.00946037 -2.824824e-33 -0.9999552 -0.00946037 2.824824e-33 -0.9999552 -0.00946037 2.824824e-33 0 0 0 0.9999552 0.00946037 -2.824824e-33 0.9999552 0.00946037 -2.824824e-33 -0.9999552 -0.00946037 2.824824e-33 -0.9999552 -0.00946037 2.824824e-33 0 0 0 0.9975705 0.06966356 -2.059328e-33 0.9975705 0.06966356 -2.059328e-33 -0.9975705 -0.06966356 2.059328e-33 -0.9975705 -0.06966356 2.059328e-33 0 0 0 0.990294 0.1389886 -2.054325e-33 0.990294 0.1389886 -2.054325e-33 -0.990294 -0.1389886 2.054325e-33 -0.990294 -0.1389886 2.054325e-33 0 0 0 -0.0749282 -0.9971889 3.28692e-32 -0.004085011 -0.9999917 1.647601e-32 -0.0749282 -0.9971889 3.28692e-32 -0.004085011 -0.9999917 1.647601e-32 0.004085011 0.9999917 -1.647601e-32 0.0749282 0.9971889 -3.28692e-32 0.004085011 0.9999917 -1.647601e-32 0.0749282 0.9971889 -3.28692e-32 0 0 0 0.06677871 -0.9977678 0 0.06677871 -0.9977678 0 -0.06677871 0.9977678 -0 -0.06677871 0.9977678 -0 0 0 0 -0.9979189 0.0644812 5.136181e-33 -0.9970752 0.07642675 7.190138e-33 -0.9970752 0.07642675 7.190138e-33 -0.9979189 0.0644812 5.136181e-33 0.9979189 -0.0644812 -5.136181e-33 0.9979189 -0.0644812 -5.136181e-33 0.9970752 -0.07642675 -7.190138e-33 0.9970752 -0.07642675 -7.190138e-33 0 0 0 -0.9996548 0.02627227 2.568793e-33 -0.9996548 0.02627227 2.568793e-33 0.9996548 -0.02627227 -2.568793e-33 0.9996548 -0.02627227 -2.568793e-33 0 0 0 -1 7.602531e-50 2.054325e-33 -1 7.602531e-50 2.054325e-33 1 -7.602531e-50 -2.054325e-33 1 -7.602531e-50 -2.054325e-33 0 0 0 -0.9986961 -0.05105042 3.085511e-33 -0.9986961 -0.05105042 3.085511e-33 0.9986961 0.05105042 -3.085511e-33 0.9986961 0.05105042 -3.085511e-33 0 0 0 -0.9657584 -0.259443 6.243015e-33 -0.9657584 -0.259443 6.243015e-33 0.9657584 0.259443 -6.243015e-33 0.9657584 0.259443 -6.243015e-33 0 0 0 -0.7940565 -0.607844 8.94873e-49 -0.7940565 -0.607844 8.94873e-49 0.7940565 0.607844 -8.94873e-49 0.7940565 0.607844 -8.94873e-49 0 0 0 -0.4217531 -0.9067107 4.242083e-33 -0.4217531 -0.9067107 4.242083e-33 0.4217531 0.9067107 -4.242083e-33 0.4217531 0.9067107 -4.242083e-33 0 0 0 -0.03277898 -0.9994626 8.312025e-33 -0.03277898 -0.9994626 8.312025e-33 0.03277898 0.9994626 -8.312025e-33 0.03277898 0.9994626 -8.312025e-33 0 0 0 0.2599128 -0.9656321 -8.303968e-33 0.2599128 -0.9656321 -8.303968e-33 -0.2599128 0.9656321 8.303968e-33 -0.2599128 0.9656321 8.303968e-33 0 0 0 0.5423799 -0.8401333 -1.249719e-32 0.5423799 -0.8401333 -1.249719e-32 -0.5423799 0.8401333 1.249719e-32 -0.5423799 0.8401333 1.249719e-32 0 0 0 0.7795839 -0.6262978 -4.158505e-33 0.7795839 -0.6262978 -4.158505e-33 -0.7795839 0.6262978 4.158505e-33 -0.7795839 0.6262978 4.158505e-33 0 0 0 0.9323948 -0.3614414 2.078281e-33 0.9323948 -0.3614414 2.078281e-33 -0.9323948 0.3614414 -2.078281e-33 -0.9323948 0.3614414 -2.078281e-33 0 0 0 0.9910018 -0.1338484 5.153805e-34 0.9910018 -0.1338484 5.153805e-34 -0.9910018 0.1338484 -5.153805e-34 -0.9910018 0.1338484 -5.153805e-34 0 0 0 0.9996791 -0.02533229 -2.568731e-33 0.9996791 -0.02533229 -2.568731e-33 -0.9996791 0.02533229 2.568731e-33 -0.9996791 0.02533229 2.568731e-33 0 0 0 1 -7.602531e-50 -2.054325e-33 1 -7.602531e-50 -2.054325e-33 -1 7.602531e-50 2.054325e-33 -1 7.602531e-50 2.054325e-33 0 0 0 0.9997763 0.02114982 -2.054785e-33 0.9997763 0.02114982 -2.054785e-33 -0.9997763 -0.02114982 2.054785e-33 -0.9997763 -0.02114982 2.054785e-33 0 0 0 0.9976765 0.0681292 -2.568767e-33 0.9976765 0.0681292 -2.568767e-33 -0.9976765 -0.0681292 2.568767e-33 -0.9976765 -0.0681292 2.568767e-33 0 0 0 0.9955795 0.09392259 -3.081488e-33 0.9955795 0.09392259 -3.081488e-33 -0.9955795 -0.09392259 3.081488e-33 -0.9955795 -0.09392259 3.081488e-33 0 0 0 -0.1579905 -0.9874406 0 -0.102387 -0.9947446 0 -0.1579905 -0.9874406 0 -0.102387 -0.9947446 0 0.102387 0.9947446 -0 0.1579905 0.9874406 -0 0.102387 0.9947446 -0 0.1579905 0.9874406 -0 0 0 0 0.01273442 -0.9999189 8.231728e-33 0.01273442 -0.9999189 8.231728e-33 -0.01273442 0.9999189 -8.231728e-33 -0.01273442 0.9999189 -8.231728e-33 0 0 0 0.07188561 -0.9974129 1.64346e-32 0.07188561 -0.9974129 1.64346e-32 -0.07188561 0.9974129 -1.64346e-32 -0.07188561 0.9974129 -1.64346e-32 0 0 0 -0.9985964 0.0529642 1.797673e-33 -0.9978613 0.06536656 0 -0.9978613 0.06536656 0 -0.9985964 0.0529642 1.797673e-33 0.9985964 -0.0529642 -1.797673e-33 0.9985964 -0.0529642 -1.797673e-33 0.9978613 -0.06536656 -0 0.9978613 -0.06536656 -0 0 0 0 -0.9997943 0.02028101 2.825278e-33 -0.9997943 0.02028101 2.825278e-33 0.9997943 -0.02028101 -2.825278e-33 0.9997943 -0.02028101 -2.825278e-33 0 0 0 -0.9997821 -0.02087634 3.339006e-33 -0.9997821 -0.02087634 3.339006e-33 0.9997821 0.02087634 -3.339006e-33 0.9997821 0.02087634 -3.339006e-33 0 0 0 -0.9997821 -0.02087634 3.339006e-33 -0.9997821 -0.02087634 3.339006e-33 0.9997821 0.02087634 -3.339006e-33 0.9997821 0.02087634 -3.339006e-33 0 0 0 -1 7.602531e-50 2.054325e-33 -1 7.602531e-50 2.054325e-33 1 -7.602531e-50 -2.054325e-33 1 -7.602531e-50 -2.054325e-33 0 0 0 0.2425356 0.9701425 3.28692e-32 0.1441925 0.9895497 8.258793e-33 0.2425356 0.9701425 3.28692e-32 0.1441925 0.9895497 8.258793e-33 -0.1441925 -0.9895497 -8.258793e-33 -0.2425356 -0.9701425 -3.28692e-32 -0.1441925 -0.9895497 -8.258793e-33 -0.2425356 -0.9701425 -3.28692e-32 0 0 0 -0.01654878 0.9998631 1.745615e-48 -0.01654878 0.9998631 1.745615e-48 0.01654878 -0.9998631 -1.745615e-48 0.01654878 -0.9998631 -1.745615e-48 0 0 0 -0.07743668 0.9969973 1.64346e-32 -0.07743668 0.9969973 1.64346e-32 0.07743668 -0.9969973 -1.64346e-32 0.07743668 -0.9969973 -1.64346e-32 0 0 0 0.9982563 -0.0590284 -2.054325e-33 0.9991192 -0.04196138 -1.926211e-33 0.9991192 -0.04196138 -1.926211e-33 0.9982563 -0.0590284 -2.054325e-33 -0.9982563 0.0590284 2.054325e-33 -0.9982563 0.0590284 2.054325e-33 -0.9991192 0.04196138 1.926211e-33 -0.9991192 0.04196138 1.926211e-33 0 0 0 0.9996904 -0.0248821 -1.797535e-33 0.9996904 -0.0248821 -1.797535e-33 -0.9996904 0.0248821 1.797535e-33 -0.9996904 0.0248821 1.797535e-33 0 0 0 -0.7083377 0.7058737 -4.136347e-33 -0.7851436 0.6193138 -8.217301e-33 -0.7851436 0.6193138 -8.217301e-33 -0.7083377 0.7058737 -4.136347e-33 0.7083377 -0.7058737 4.136347e-33 0.7083377 -0.7058737 4.136347e-33 0.7851436 -0.6193138 8.217301e-33 0.7851436 -0.6193138 8.217301e-33 0 0 0 -0.5110775 0.8595346 8.292659e-33 -0.5110775 0.8595346 8.292659e-33 0.5110775 -0.8595346 -8.292659e-33 0.5110775 -0.8595346 -8.292659e-33 0 0 0 -0.2611494 0.9652984 1.659076e-32 -0.2611494 0.9652984 1.659076e-32 0.2611494 -0.9652984 -1.659076e-32 0.2611494 -0.9652984 -1.659076e-32 0 0 0 0.002784904 0.9999961 8.286892e-33 0.002784904 0.9999961 8.286892e-33 -0.002784904 -0.9999961 -8.286892e-33 -0.002784904 -0.9999961 -8.286892e-33 0 0 0 0.2759486 0.9611724 1.661404e-32 0.2759486 0.9611724 1.661404e-32 -0.2759486 -0.9611724 -1.661404e-32 -0.2759486 -0.9611724 -1.661404e-32 0 0 0 0.5551034 0.8317813 1.248909e-32 0.5551034 0.8317813 1.248909e-32 -0.5551034 -0.8317813 -1.248909e-32 -0.5551034 -0.8317813 -1.248909e-32 0 0 0 0.7993146 0.6009127 -4.173013e-33 0.7993146 0.6009127 -4.173013e-33 -0.7993146 -0.6009127 4.173013e-33 -0.7993146 -0.6009127 4.173013e-33 0 0 0 0.8921189 0.4518007 0 0.8921189 0.4518007 0 -0.8921189 -0.4518007 -0 -0.8921189 -0.4518007 -0 0 0 0 -0.715255 0.6988636 4.140542e-33 -0.796318 0.6048782 -8.217301e-33 -0.796318 0.6048782 -8.217301e-33 -0.715255 0.6988636 4.140542e-33 0.715255 -0.6988636 -4.140542e-33 0.715255 -0.6988636 -4.140542e-33 0.796318 -0.6048782 8.217301e-33 0.796318 -0.6048782 8.217301e-33 0 0 0 -0.5081076 0.8612936 1.659654e-32 -0.5081076 0.8612936 1.659654e-32 0.5081076 -0.8612936 -1.659654e-32 0.5081076 -0.8612936 -1.659654e-32 0 0 0 -0.2545025 0.9670721 -1.758573e-48 -0.2545025 0.9670721 -1.758573e-48 0.2545025 -0.9670721 1.758573e-48 0.2545025 -0.9670721 1.758573e-48 0 0 0 0.01682588 0.9998584 -8.296536e-33 0.01682588 0.9998584 -8.296536e-33 -0.01682588 -0.9998584 8.296536e-33 -0.01682588 -0.9998584 8.296536e-33 0 0 0 0.3402822 0.9403234 0 0.3402822 0.9403234 0 -0.3402822 -0.9403234 -0 -0.3402822 -0.9403234 -0 0 0 0 0.6860997 0.7275076 -4.207157e-33 0.6860997 0.7275076 -4.207157e-33 -0.6860997 -0.7275076 4.207157e-33 -0.6860997 -0.7275076 4.207157e-33 0 0 0 0.9271285 0.3747436 -6.306483e-33 0.9271285 0.3747436 -6.306483e-33 -0.9271285 -0.3747436 6.306483e-33 -0.9271285 -0.3747436 6.306483e-33 0 0 0 0.9976614 0.06834977 -4.904502e-33 0.9976614 0.06834977 -4.904502e-33 -0.9976614 -0.06834977 4.904502e-33 -0.9976614 -0.06834977 4.904502e-33 0 0 0 0.9990488 -0.0436063 -4.365661e-33 0.9990488 -0.0436063 -4.365661e-33 -0.9990488 0.0436063 4.365661e-33 -0.9990488 0.0436063 4.365661e-33 0 0 0 2.054325e-33 0 1 2.054325e-33 0 1 2.054325e-33 0 1 2.054325e-33 0 1 2.054325e-33 0 1 2.054325e-33 0 1 2.054325e-33 0 1 2.054325e-33 0 1 2.054325e-33 0 1 2.054325e-33 0 1 2.054325e-33 0 1 2.054325e-33 0 1 2.054325e-33 0 1 2.054325e-33 0 1 2.054325e-33 0 1 2.054325e-33 0 1 2.054325e-33 0 1 2.054325e-33 0 1 2.054325e-33 0 1 2.054325e-33 0 1 2.054325e-33 0 1 2.054325e-33 0 1 2.054325e-33 0 1 2.054325e-33 0 1 2.054325e-33 0 1 2.054325e-33 0 1 2.054325e-33 0 1 2.054325e-33 0 1 2.054325e-33 0 1 2.054325e-33 0 1 2.054325e-33 0 1 2.054325e-33 0 1 2.054325e-33 0 1 2.054325e-33 0 1 2.054325e-33 0 1 2.054325e-33 0 1 2.054325e-33 0 1 2.054325e-33 0 1 2.054325e-33 0 1 2.054325e-33 0 1 2.054325e-33 0 1 2.054325e-33 0 1 2.054325e-33 0 1 2.054325e-33 0 1 2.054325e-33 0 1 2.054325e-33 0 1 2.054325e-33 0 1 2.054325e-33 0 1 2.054325e-33 0 1 2.054325e-33 0 1 2.054325e-33 0 1 2.054325e-33 0 1 2.054325e-33 0 1 2.054325e-33 0 1 2.054325e-33 0 1 2.054325e-33 0 1 2.054325e-33 0 1 2.054325e-33 0 1 2.054325e-33 0 1 2.054325e-33 0 1 2.054325e-33 0 1 2.054325e-33 0 1 2.054325e-33 0 1 2.054325e-33 0 1 2.054325e-33 0 1 2.054325e-33 0 1 2.054325e-33 0 1 2.054325e-33 0 1 2.054325e-33 0 1 2.054325e-33 0 1 2.054325e-33 0 1 2.054325e-33 0 1 2.054325e-33 0 1 2.054325e-33 0 1 -2.054325e-33 -0 -1 -2.054325e-33 -0 -1 -2.054325e-33 -0 -1 -2.054325e-33 -0 -1 -2.054325e-33 -0 -1 -2.054325e-33 -0 -1 -2.054325e-33 -0 -1 -2.054325e-33 -0 -1 -2.054325e-33 -0 -1 -2.054325e-33 -0 -1 -2.054325e-33 -0 -1 -2.054325e-33 -0 -1 -2.054325e-33 -0 -1 -2.054325e-33 -0 -1 -2.054325e-33 -0 -1 -2.054325e-33 -0 -1 -2.054325e-33 -0 -1 -2.054325e-33 -0 -1 -2.054325e-33 -0 -1 -2.054325e-33 -0 -1 -2.054325e-33 -0 -1 -2.054325e-33 -0 -1 -2.054325e-33 -0 -1 -2.054325e-33 -0 -1 -2.054325e-33 -0 -1 -2.054325e-33 -0 -1 -2.054325e-33 -0 -1 -2.054325e-33 -0 -1 -2.054325e-33 -0 -1 -2.054325e-33 -0 -1 -2.054325e-33 -0 -1 -2.054325e-33 -0 -1 -2.054325e-33 -0 -1 -2.054325e-33 -0 -1 -2.054325e-33 -0 -1 -2.054325e-33 -0 -1 -2.054325e-33 -0 -1 -2.054325e-33 -0 -1 -2.054325e-33 -0 -1 -2.054325e-33 -0 -1 -2.054325e-33 -0 -1 -2.054325e-33 -0 -1 -2.054325e-33 -0 -1 -2.054325e-33 -0 -1 -2.054325e-33 -0 -1 -2.054325e-33 -0 -1 -2.054325e-33 -0 -1 -2.054325e-33 -0 -1 -2.054325e-33 -0 -1 -2.054325e-33 -0 -1 -2.054325e-33 -0 -1 -2.054325e-33 -0 -1 -2.054325e-33 -0 -1 -2.054325e-33 -0 -1 -2.054325e-33 -0 -1 -2.054325e-33 -0 -1 -2.054325e-33 -0 -1 -2.054325e-33 -0 -1 -2.054325e-33 -0 -1 -2.054325e-33 -0 -1 -2.054325e-33 -0 -1 -2.054325e-33 -0 -1 -2.054325e-33 -0 -1 -2.054325e-33 -0 -1 -2.054325e-33 -0 -1 -2.054325e-33 -0 -1 -2.054325e-33 -0 -1 -2.054325e-33 -0 -1 -2.054325e-33 -0 -1 -2.054325e-33 -0 -1 -2.054325e-33 -0 -1 -2.054325e-33 -0 -1 -2.054325e-33 -0 -1 -2.054325e-33 -0 -1</float_array>
                    <technique_common>
                        <accessor count="788" source="#ID39" stride="3">
                            <param name="X" type="float" />
                            <param name="Y" type="float" />
                            <param name="Z" type="float" />
                        </accessor>
                    </technique_common>
                </source>
                <source id="ID36">
                    <Name_array id="ID40" count="0" />
                    <technique_common>
                        <accessor count="0" source="#ID40" stride="1">
                            <param name="skp_material" type="Name" />
                        </accessor>
                    </technique_common>
                </source>
                <vertices id="ID37">
                    <input semantic="POSITION" source="#ID34" />
                    <input semantic="NORMAL" source="#ID35" />
                </vertices>
                <triangles count="584" material="Material2">
                    <input offset="0" semantic="VERTEX" source="#ID37" />
                    <p>0 1 2 1 0 3 3 0 4 5 6 7 6 5 4 6 4 0 6 0 8 6 8 9 9 8 10 10 8 11 11 8 12 9 10 13 10 14 13 14 10 15 15 10 16 15 16 17 17 16 18 17 18 19 19 18 20 20 18 21 20 21 22 22 21 23 22 23 24 24 23 25 24 25 26 26 25 27 26 27 28 28 27 29 29 27 30 30 27 31 32 33 34 33 32 35 33 35 36 36 35 37 37 35 38 37 38 39 39 38 40 39 40 41 41 40 42 41 42 43 43 42 44 43 44 45 45 44 46 46 44 47 46 47 48 48 47 49 50 51 52 51 50 53 54 55 56 55 54 57 55 57 49 55 49 47 55 47 52 55 52 58 58 52 59 58 59 60 59 52 51 60 59 61 62 63 64 63 62 31 63 31 27 63 27 65 63 65 66 63 66 67 66 65 32 66 32 68 68 32 34 66 68 69 9 70 71 70 9 72 72 9 13 72 13 73 74 75 76 75 77 76 76 77 78 79 78 77 80 81 82 83 84 81 81 84 82 84 85 82 86 82 87 82 85 87 85 88 87 88 89 87 89 90 87 91 87 90 92 93 94 95 96 93 94 93 97 93 96 97 97 96 98 96 99 98 99 100 98 100 101 98 101 102 98 103 98 102 104 105 95 96 95 105 100 99 106 106 99 107 99 108 107 107 108 109 109 108 110 108 111 110 110 111 112 111 113 112 112 113 114 113 115 114 114 115 116 115 117 116 116 117 118 118 117 119 117 84 119 83 119 84 89 88 120 120 88 121 121 88 122 122 88 123 88 124 123 123 124 125 124 126 125 125 126 127 126 128 127 127 128 129 128 130 129 129 130 131 131 130 132 130 133 132 132 133 134 133 135 134 134 135 136 75 136 135 75 135 77 137 138 139 139 138 135 135 138 77 77 138 140 138 141 140 141 142 140 142 143 140 144 140 143 142 141 145 145 141 146 147 146 141 222 223 224 223 222 225 226 227 228 229 228 227 224 232 233 232 224 223 228 229 234 235 234 229 233 237 238 237 233 232 234 235 239 240 239 235 242 243 244 243 242 245 246 247 248 249 248 247 245 251 243 251 245 252 253 246 254 248 254 246 252 256 251 256 252 257 258 253 259 254 259 253 261 262 263 262 261 264 265 266 267 268 267 266 270 264 261 264 270 271 272 273 265 266 265 273 275 271 270 271 275 276 277 278 272 273 272 278 280 276 275 276 280 281 282 283 277 278 277 283 285 281 280 281 285 286 287 288 282 283 282 288 290 286 285 286 290 291 292 293 287 288 287 293 295 296 297 296 295 298 299 300 301 302 301 300 304 305 306 305 304 307 308 309 310 311 310 309 307 313 305 313 307 314 315 308 316 310 316 308 314 318 313 318 314 319 320 315 321 316 321 315 319 323 318 323 319 324 325 320 326 321 326 320 323 328 329 328 323 324 325 326 330 331 330 326 329 333 334 333 329 328 330 331 335 336 335 331 334 338 339 338 334 333 335 336 340 341 340 336 339 343 344 343 339 338 340 341 345 346 345 341 344 348 349 348 344 343 345 346 350 351 350 346 349 353 354 353 349 348 350 351 355 356 355 351 358 359 360 359 358 361 362 363 364 365 364 363 361 367 359 367 361 368 369 362 370 364 370 362 372 373 374 373 372 375 376 377 378 379 378 377 381 375 372 375 381 382 383 384 376 377 376 384 386 382 381 382 386 387 388 389 383 384 383 389 391 387 386 387 391 392 393 394 388 389 388 394 396 392 391 392 396 397 398 399 393 394 393 399 401 397 396 397 401 402 403 404 398 399 398 404 401 406 402 406 401 407 408 404 409 403 409 404 407 411 406 411 407 412 413 408 414 409 414 408 412 416 411 416 412 417 418 413 419 414 419 413 417 421 416 421 417 422 423 418 424 419 424 418 422 426 421 426 422 427 428 423 429 424 429 423 426 431 432 431 426 427 428 429 433 434 433 429 432 436 437 436 432 431 433 434 438 439 438 434 437 441 442 441 437 436 438 439 443 444 443 439 442 446 447 446 442 441 443 444 448 449 448 444 447 451 452 451 447 446 448 449 453 454 453 449 452 456 457 456 452 451 453 454 458 459 458 454 457 461 462 461 457 456 458 459 463 464 463 459 466 467 468 467 466 469 470 471 472 473 472 471 469 475 467 475 469 476 477 470 478 472 478 470 476 480 475 480 476 481 482 477 483 478 483 477 485 486 487 486 485 488 489 490 491 492 491 490 494 488 485 488 494 495 496 497 489 490 489 497 499 495 494 495 499 500 501 502 496 497 496 502 504 500 499 500 504 505 506 507 501 502 501 507 509 505 504 505 509 510 511 512 506 507 506 512 514 515 516 515 514 517 518 519 520 521 520 519 517 523 515 523 517 524 525 518 526 520 526 518 524 528 523 528 524 529 530 525 531 526 531 525 533 534 535 534 533 536 537 538 539 540 539 538 535 542 543 542 535 534 539 540 544 545 544 540 547 548 549 548 547 550 551 552 553 554 553 552 547 556 550 556 547 557 558 552 559 551 559 552 557 561 556 561 557 562 563 558 564 559 564 558 562 566 561 566 562 567 568 563 569 564 569 563 567 571 566 571 567 572 573 568 574 569 574 568 572 576 571 576 572 577 578 573 579 574 579 573 577 581 576 581 577 582 583 578 584 579 584 578 581 586 587 586 581 582 583 584 588 589 588 584 591 592 593 592 591 594 595 596 597 598 597 596 591 600 594 600 591 601 602 596 603 595 603 596 601 605 600 605 601 606 607 602 608 603 608 602 606 610 605 610 606 611 612 607 613 608 613 607 611 615 610 615 611 616 617 612 618 613 618 612 616 620 615 620 616 621 622 617 623 618 623 617 620 625 626 625 620 621 622 623 627 628 627 623 626 630 631 630 626 625 627 628 632 633 632 628 631 635 636 635 631 630 632 633 637 638 637 633 636 225 222 225 636 635 637 638 226 227 226 638 640 641 642 641 640 643 644 645 646 645 644 647 645 647 648 648 647 649 648 649 650 650 649 651 650 651 652 650 652 653 653 652 654 653 654 655 655 654 656 655 656 657 657 656 658 657 658 659 659 658 660 659 660 661 662 663 664 663 662 665 665 662 666 666 662 667 667 662 668 668 662 640 668 640 645 668 645 669 668 669 670 645 640 646 646 640 642 646 642 671 666 672 673 672 666 667 674 675 676 675 674 677 677 674 678 678 674 661 661 674 659 659 674 679 679 674 680 680 674 681 679 680 682 682 680 683 684 683 680 685 686 687 686 685 688 687 686 689 690 691 692 691 690 693 693 690 694 694 690 695 695 690 696 696 690 685 685 690 697 685 697 688 688 697 698 688 698 699 682 700 701 700 682 702 702 682 683 701 700 703 701 703 704 701 704 705 705 704 706 705 706 707 707 706 708 707 708 709 709 708 710 709 710 711 711 710 712 711 712 713 711 713 696 696 713 695 714 715 716 716 715 717 715 718 717 718 719 717 717 719 720 719 721 720 720 721 722 721 723 722 722 723 724 723 725 724 724 725 726 725 727 726 727 728 726 729 730 731 731 730 728 726 728 730 732 733 734 733 735 734 734 735 736 735 737 736 736 737 716 716 737 714 714 737 738 738 737 739 739 737 740 741 740 737 742 743 744 734 736 743 744 743 736 745 729 746 729 745 730 730 745 747 748 749 745 745 749 747 747 749 750 750 749 751 751 749 752 752 749 753 753 749 754 755 754 749 756 757 758 759 758 757 760 761 762 761 763 762 762 763 764 765 766 767 766 764 767 764 763 767 763 768 767 767 768 756 756 768 757 757 768 769 769 768 770 771 770 768 751 772 750 772 773 750 750 773 774 773 775 774 774 775 776 775 777 776 776 777 778 777 779 778 778 779 780 779 781 780 781 782 780 780 782 783 782 784 783 783 784 764 784 785 764 762 764 785 786 763 787 761 787 763</p>
                </triangles>
                <!-- <lines count="222" material="Material3">
                    <input offset="0" semantic="VERTEX" source="#ID37" />
                    <p>148 149 149 150 150 151 151 152 152 153 153 154 154 155 155 156 156 157 157 158 158 159 159 160 160 161 161 162 162 163 163 164 164 165 165 166 166 167 167 168 168 169 169 170 170 171 171 172 172 173 173 174 174 175 175 176 176 177 177 178 178 179 179 180 180 181 181 182 182 183 183 184 184 185 185 186 186 187 187 188 188 189 189 190 190 191 191 192 192 193 193 194 194 195 195 196 196 197 197 198 198 199 199 200 200 201 201 202 202 203 203 204 204 205 205 206 206 207 207 208 208 209 209 210 210 211 211 212 212 213 213 214 214 215 215 216 216 217 217 218 218 219 219 220 220 221 221 148 148 230 230 231 149 231 231 236 150 236 236 241 151 241 241 250 152 250 250 255 153 255 255 260 154 260 260 269 155 269 269 274 156 274 274 279 157 279 279 284 158 284 284 289 159 289 289 294 160 294 294 303 161 303 303 312 162 312 312 317 163 317 317 322 164 322 322 327 165 327 327 332 166 332 332 337 167 337 337 342 168 342 342 347 169 347 347 352 170 352 352 357 171 357 357 366 172 366 366 371 173 371 371 380 174 380 380 385 175 385 385 390 176 390 390 395 177 395 395 400 178 400 400 405 179 405 405 410 180 410 410 415 181 415 415 420 182 420 420 425 183 425 425 430 184 430 430 435 185 435 435 440 186 440 440 445 187 445 445 450 188 450 450 455 189 455 455 460 190 460 460 465 191 465 465 474 192 474 474 479 193 479 479 484 194 484 484 493 195 493 493 498 196 498 498 503 197 503 503 508 198 508 508 513 199 513 513 522 200 522 522 527 201 527 527 532 202 532 532 541 203 541 541 546 204 546 546 555 205 555 555 560 206 560 560 565 207 565 565 570 208 570 570 575 209 575 575 580 210 580 580 585 211 585 585 590 212 590 590 599 213 599 599 604 214 604 604 609 215 609 609 614 216 614 614 619 217 619 619 624 218 624 624 629 219 629 629 634 220 634 634 639 221 639 639 230</p>
                </lines> -->
            </mesh>
        </geometry>
        <geometry id="ID41">
            <mesh>
                <source id="ID42">
                    <float_array id="ID46" count="498">9.948543 0.8805845 0 9.960324 0.07362747 0.1312336 9.960324 0.07362747 0 9.948543 0.8805845 0.1312336 9.948543 0.8805845 0.1312336 9.948543 0.8805845 0 9.960324 0.07362747 0.1312336 9.960324 0.07362747 0 9.948543 0.8805845 0 9.960324 0.07362747 0 9.948543 0.8805845 0.1312336 9.960324 0.07362747 0.1312336 9.427537 5.754723 0 9.341853 5.719382 0 9.330073 5.778284 0 9.365414 5.018448 0 9.365414 2.014447 0 10.00745 5.778284 0 9.948543 3.861024 0 9.912742 5.754723 0 10.00745 5.560346 0 9.306512 0 0 9.306512 0.2297177 0 9.765027 0.01178039 0 9.948543 0.8805845 0 9.960324 0.07362747 0 9.972104 0 0 9.948543 3.861024 0 9.912742 5.754723 0 9.948543 0.8805845 0 9.972104 0 0 9.960324 0.07362747 0 9.765027 0.01178039 0 9.427537 5.754723 0 9.365414 2.014447 0 9.306512 0 0 9.306512 0.2297177 0 10.00745 5.560346 0 10.00745 5.778284 0 9.365414 5.018448 0 9.341853 5.719382 0 9.330073 5.778284 0 9.972104 0 0 9.765027 0.01178039 0 9.306512 0 0 9.306512 0.2297177 0 9.365414 2.014447 0 9.365414 5.018448 0 9.341853 5.719382 0 9.330073 5.778284 0 9.427537 5.754723 0 9.912742 5.754723 0 10.00745 5.778284 0 10.00745 5.560346 0 9.948543 3.861024 0 9.948543 3.861024 0 9.948543 3.861024 0.1312336 9.948543 3.861024 0.1312336 9.948543 3.861024 0 9.948543 3.861024 0.1312336 9.341853 5.719382 0.1312336 9.427537 5.754723 0.1312336 9.330073 5.778284 0.1312336 9.365414 5.018448 0.1312336 9.765027 0.01178039 0.1312336 9.306512 0.2297177 0.1312336 9.306512 0 0.1312336 9.365414 2.014447 0.1312336 9.912742 5.754723 0.1312336 9.948543 0.8805845 0.1312336 9.960324 0.07362747 0.1312336 9.972104 0 0.1312336 9.948543 3.861024 0.1312336 10.00745 5.778284 0.1312336 10.00745 5.560346 0.1312336 10.00745 5.560346 0.1312336 9.948543 3.861024 0.1312336 10.00745 5.778284 0.1312336 9.948543 0.8805845 0.1312336 9.912742 5.754723 0.1312336 9.972104 0 0.1312336 9.765027 0.01178039 0.1312336 9.960324 0.07362747 0.1312336 9.427537 5.754723 0.1312336 9.365414 5.018448 0.1312336 9.365414 2.014447 0.1312336 9.306512 0.2297177 0.1312336 9.306512 0 0.1312336 9.341853 5.719382 0.1312336 9.330073 5.778284 0.1312336 10.00745 5.560346 0.1312336 10.00745 5.778284 0.1312336 9.912742 5.754723 0.1312336 9.427537 5.754723 0.1312336 9.330073 5.778284 0.1312336 9.341853 5.719382 0.1312336 9.365414 5.018448 0.1312336 9.365414 2.014447 0.1312336 9.306512 0.2297177 0.1312336 9.306512 0 0.1312336 9.765027 0.01178039 0.1312336 9.972104 0 0.1312336 9.972104 0 0.1312336 9.972104 0 0 9.972104 0 0.1312336 9.972104 0 0 9.972104 0 0.1312336 9.765027 0.01178039 0 9.972104 0 0 9.765027 0.01178039 0.1312336 9.765027 0.01178039 0.1312336 9.972104 0 0.1312336 9.765027 0.01178039 0 9.972104 0 0 9.306512 0 0 9.306512 0 0.1312336 9.306512 0 0.1312336 9.306512 0 0 9.306512 0.2297177 0.1312336 9.306512 0 0 9.306512 0 0.1312336 9.306512 0.2297177 0 9.306512 0.2297177 0 9.306512 0.2297177 0.1312336 9.306512 0 0 9.306512 0 0.1312336 9.365414 2.014447 0.1312336 9.365414 2.014447 0 9.365414 2.014447 0 9.365414 2.014447 0.1312336 9.365414 5.018448 0.1312336 9.365414 5.018448 0 9.365414 5.018448 0 9.365414 5.018448 0.1312336 9.341853 5.719382 0.1312336 9.341853 5.719382 0 9.341853 5.719382 0 9.341853 5.719382 0.1312336 9.330073 5.778284 0.1312336 9.330073 5.778284 0 9.330073 5.778284 0 9.330073 5.778284 0.1312336 9.330073 5.778284 0.1312336 9.427537 5.754723 0 9.330073 5.778284 0 9.427537 5.754723 0.1312336 9.427537 5.754723 0.1312336 9.330073 5.778284 0.1312336 9.427537 5.754723 0 9.330073 5.778284 0 9.912742 5.754723 0 9.912742 5.754723 0.1312336 9.912742 5.754723 0.1312336 9.912742 5.754723 0 10.00745 5.778284 0 10.00745 5.778284 0.1312336 10.00745 5.778284 0.1312336 10.00745 5.778284 0 10.00745 5.778284 0 10.00745 5.560346 0.1312336 10.00745 5.560346 0 10.00745 5.778284 0.1312336 10.00745 5.778284 0.1312336 10.00745 5.778284 0 10.00745 5.560346 0.1312336 10.00745 5.560346 0</float_array>
                    <technique_common>
                        <accessor count="166" source="#ID46" stride="3">
                            <param name="X" type="float" />
                            <param name="Y" type="float" />
                            <param name="Z" type="float" />
                        </accessor>
                    </technique_common>
                </source>
                <source id="ID43">
                    <float_array id="ID47" count="498">0.9999734 0.007298687 -2.953171e-33 0.9962503 0.08651808 -5.020436e-33 0.9962503 0.08651808 -5.020436e-33 0.9999734 0.007298687 -2.953171e-33 -0.9999734 -0.007298687 2.953171e-33 -0.9999734 -0.007298687 2.953171e-33 -0.9962503 -0.08651808 5.020436e-33 -0.9962503 -0.08651808 5.020436e-33 0 0 0 0 0 0 0 0 0 0 0 0 -2.054325e-33 0 -1 -2.054325e-33 0 -1 -2.054325e-33 0 -1 -2.054325e-33 0 -1 -2.054325e-33 0 -1 -2.054325e-33 0 -1 -2.054325e-33 0 -1 -2.054325e-33 0 -1 -2.054325e-33 0 -1 -2.054325e-33 0 -1 -2.054325e-33 0 -1 -2.054325e-33 0 -1 -2.054325e-33 0 -1 -2.054325e-33 0 -1 -2.054325e-33 0 -1 2.054325e-33 -0 1 2.054325e-33 -0 1 2.054325e-33 -0 1 2.054325e-33 -0 1 2.054325e-33 -0 1 2.054325e-33 -0 1 2.054325e-33 -0 1 2.054325e-33 -0 1 2.054325e-33 -0 1 2.054325e-33 -0 1 2.054325e-33 -0 1 2.054325e-33 -0 1 2.054325e-33 -0 1 2.054325e-33 -0 1 2.054325e-33 -0 1 0 0 0 0 0 0 0 0 0 0 0 0 0 0 0 0 0 0 0 0 0 0 0 0 0 0 0 0 0 0 0 0 0 0 0 0 0 0 0 0.9998499 -0.01732322 -1.540975e-33 0.9998499 -0.01732322 -1.540975e-33 -0.9998499 0.01732322 1.540975e-33 -0.9998499 0.01732322 1.540975e-33 0 0 0 2.054325e-33 0 1 2.054325e-33 0 1 2.054325e-33 0 1 2.054325e-33 0 1 2.054325e-33 0 1 2.054325e-33 0 1 2.054325e-33 0 1 2.054325e-33 0 1 2.054325e-33 0 1 2.054325e-33 0 1 2.054325e-33 0 1 2.054325e-33 0 1 2.054325e-33 0 1 2.054325e-33 0 1 2.054325e-33 0 1 -2.054325e-33 -0 -1 -2.054325e-33 -0 -1 -2.054325e-33 -0 -1 -2.054325e-33 -0 -1 -2.054325e-33 -0 -1 -2.054325e-33 -0 -1 -2.054325e-33 -0 -1 -2.054325e-33 -0 -1 -2.054325e-33 -0 -1 -2.054325e-33 -0 -1 -2.054325e-33 -0 -1 -2.054325e-33 -0 -1 -2.054325e-33 -0 -1 -2.054325e-33 -0 -1 -2.054325e-33 -0 -1 0 0 0 0 0 0 0 0 0 0 0 0 0 0 0 0 0 0 0 0 0 0 0 0 0 0 0 0 0 0 0 0 0 0 0 0 0.9874406 0.1579905 -6.162976e-33 0.9874406 0.1579905 -6.162976e-33 -0.9874406 -0.1579905 6.162976e-33 -0.9874406 -0.1579905 6.162976e-33 -0.05679706 -0.9983857 1.64346e-32 -0.01556977 -0.9998788 8.2243e-33 -0.05679706 -0.9983857 1.64346e-32 -0.01556977 -0.9998788 8.2243e-33 0.01556977 0.9998788 -8.2243e-33 0.05679706 0.9983857 -1.64346e-32 0.01556977 0.9998788 -8.2243e-33 0.05679706 0.9983857 -1.64346e-32 0.02568402 -0.9996701 0 0.02568402 -0.9996701 0 -0.02568402 0.9996701 -0 -0.02568402 0.9996701 -0 -0.9998639 0.01649491 3.081907e-33 -1 7.602531e-50 2.054325e-33 -1 7.602531e-50 2.054325e-33 -0.9998639 0.01649491 3.081907e-33 0.9998639 -0.01649491 -3.081907e-33 0.9998639 -0.01649491 -3.081907e-33 1 -7.602531e-50 -2.054325e-33 1 -7.602531e-50 -2.054325e-33 -0.9998639 0.01649491 3.081907e-33 -0.9998639 0.01649491 3.081907e-33 0.9998639 -0.01649491 -3.081907e-33 0.9998639 -0.01649491 -3.081907e-33 -0.9998589 -0.01679961 3.081923e-33 -0.9998589 -0.01679961 3.081923e-33 0.9998589 0.01679961 -3.081923e-33 0.9998589 0.01679961 -3.081923e-33 -0.9933375 -0.1152416 2.061234e-33 -0.9933375 -0.1152416 2.061234e-33 0.9933375 0.1152416 -2.061234e-33 0.9933375 0.1152416 -2.061234e-33 -0.9805807 -0.1961161 0 -0.9805807 -0.1961161 0 0.9805807 0.1961161 -0 0.9805807 0.1961161 -0 0.2349695 0.9720027 -1.64346e-32 0.1183158 0.992976 -8.275428e-33 0.2349695 0.9720027 -1.64346e-32 0.1183158 0.992976 -8.275428e-33 -0.1183158 -0.992976 8.275428e-33 -0.2349695 -0.9720027 1.64346e-32 -0.1183158 -0.992976 8.275428e-33 -0.2349695 -0.9720027 1.64346e-32 -0.1216157 0.9925773 0 -0.1216157 0.9925773 0 0.1216157 -0.9925773 -0 0.1216157 -0.9925773 -0 -0.241426 0.9704192 0 -0.241426 0.9704192 0 0.241426 -0.9704192 -0 0.241426 -0.9704192 -0 1 -7.602531e-50 -2.054325e-33 0.9998499 -0.01732322 -1.540975e-33 0.9998499 -0.01732322 -1.540975e-33 1 -7.602531e-50 -2.054325e-33 -1 7.602531e-50 2.054325e-33 -1 7.602531e-50 2.054325e-33 -0.9998499 0.01732322 1.540975e-33 -0.9998499 0.01732322 1.540975e-33</float_array>
                    <technique_common>
                        <accessor count="166" source="#ID47" stride="3">
                            <param name="X" type="float" />
                            <param name="Y" type="float" />
                            <param name="Z" type="float" />
                        </accessor>
                    </technique_common>
                </source>
                <source id="ID44">
                    <Name_array id="ID48" count="0" />
                    <technique_common>
                        <accessor count="0" source="#ID48" stride="1">
                            <param name="skp_material" type="Name" />
                        </accessor>
                    </technique_common>
                </source>
                <vertices id="ID45">
                    <input semantic="POSITION" source="#ID42" />
                    <input semantic="NORMAL" source="#ID43" />
                </vertices>
                <triangles count="112" material="Material2">
                    <input offset="0" semantic="VERTEX" source="#ID45" />
                    <p>0 1 2 1 0 3 4 5 6 7 6 5 12 13 14 13 12 15 15 12 16 17 18 19 18 17 20 16 21 22 21 16 23 23 16 12 23 12 19 23 19 24 23 24 25 23 25 26 24 19 18 27 28 29 30 31 32 31 29 32 29 28 32 28 33 32 33 34 32 32 34 35 36 35 34 37 38 27 28 27 38 34 33 39 39 33 40 41 40 33 55 3 0 3 55 56 57 58 4 5 4 58 60 61 62 61 60 63 64 65 66 65 64 67 67 64 63 63 64 61 61 64 68 68 64 69 69 64 70 70 64 71 68 72 73 72 68 69 73 72 74 75 76 77 78 79 76 77 76 79 80 81 82 82 81 78 78 81 79 79 81 83 83 81 84 84 81 85 85 81 86 87 86 81 84 88 83 89 83 88 2 102 103 102 2 1 6 7 104 105 104 7 106 107 108 107 106 109 110 111 112 113 112 111 109 114 107 114 109 115 116 110 117 112 117 110 118 119 120 119 118 121 122 123 124 125 124 123 126 121 118 121 126 127 128 129 122 123 122 129 130 127 126 127 130 131 132 133 128 129 128 133 134 131 130 131 134 135 136 137 132 133 132 137 138 135 134 135 138 139 140 141 136 137 136 141 142 143 144 143 142 145 146 147 148 149 148 147 145 150 143 150 145 151 152 146 153 148 153 146 151 154 150 154 151 155 156 152 157 153 157 152 158 159 160 159 158 161 162 163 164 165 164 163 160 56 55 56 160 159 164 165 57 58 57 165</p>
                </triangles>
                <!-- <lines count="45" material="Material3">
                    <input offset="0" semantic="VERTEX" source="#ID45" />
                    <p>8 9 8 10 10 11 9 11 9 42 42 43 43 44 44 45 45 46 46 47 47 48 48 49 49 50 50 51 51 52 52 53 53 54 54 8 54 59 59 10 90 59 91 90 92 91 93 92 94 93 95 94 96 95 97 96 98 97 99 98 100 99 101 100 11 101 42 101 43 100 44 99 45 98 46 97 47 96 48 95 49 94 50 93 51 92 52 91 53 90</p>
                </lines> -->
            </mesh>
        </geometry>
        <geometry id="ID49">
            <mesh>
                <source id="ID52">
                    <float_array id="ID62" count="2037">32.33671 121.2598 0 0 0 0 0 121.2598 0 118.5039 0 0 88.52335 121.2598 0 89.57462 121.2598 0 118.5039 121.2598 0 118.5039 121.2598 0 89.57462 121.2598 0 118.5039 0 0 88.52335 121.2598 0 32.33671 121.2598 0 0 0 0 0 121.2598 0 0 121.2598 0 0 0 0 32.33671 121.2598 0 88.52335 121.2598 0 89.57462 121.2598 0 118.5039 121.2598 0 118.5039 0 0 49.80067 121.2598 14.98877 53.30643 121.2598 14.57548 51.74843 121.2598 13.67661 54.47674 121.2598 14.95779 84.11255 121.2598 11.60192 87.18569 121.2598 12.63186 85.57999 121.2598 11.5903 83.71385 121.2598 12.13144 85.59319 121.2598 16.86057 90.9405 121.2598 14.58421 92.5527 121.2598 15.10206 47.32704 121.2598 22.53437 73.42821 121.2598 21.61073 47.20028 121.2598 20.97609 72.71925 121.2598 22.31925 73.57506 121.2598 23.15737 46.54876 121.2598 23.44634 46.048 121.2598 14.49511 46.69337 121.2598 15.00935 46.56501 121.2598 14.49157 45.65964 121.2598 14.88658 44.36577 121.2598 16.19082 46.82175 121.2598 15.52724 46.43194 121.2598 16.56723 40.88059 121.2598 18.41239 45.26654 121.2598 17.7411 45.26324 121.2598 19.42717 38.04734 121.2598 20.1084 46.16445 121.2598 21.36983 35.09038 121.2598 22.18925 46.4203 121.2598 22.92717 31.1073 121.2598 26.98056 46.88658 121.2598 24.60103 48.00841 121.2598 24.45382 47.30649 121.2598 25.71638 47.72663 121.2598 26.83235 48.28779 121.2598 26.96886 64.01424 121.2598 9.021094 66.6391 121.2598 9.389081 66.24477 121.2598 8.739786 61.7876 121.2598 9.953574 69.79662 121.2598 9.62253 73.49253 121.2598 11.16196 59.56476 121.2598 10.49379 58.12818 121.2598 11.41717 74.94851 121.2598 12.19897 55.51877 121.2598 14.43033 75.8778 121.2598 14.02861 79.19874 121.2598 16.7659 48.89152 121.2598 16.29288 47.7208 121.2598 19.41542 80.66341 121.2598 17.94163 81.46487 121.2598 19.38566 83.4709 121.2598 22.5403 74.14206 121.2598 22.44971 74.14378 121.2598 23.01265 86.82824 121.2598 29.13689 47.72783 121.2598 24.59545 49.27093 121.2598 25.28441 49.27057 121.2598 26.40339 28.03663 121.2598 28.9211 26.88457 121.2598 30.21223 0 121.2598 0 24.33892 121.2598 30.34185 32.33671 121.2598 0 0 121.2598 258.6614 35.14883 121.2598 3.229274 24.98119 121.2598 28.79474 36.16858 121.2598 4.505233 36.93062 121.2598 6.687587 33.83697 121.2598 13.676 30.23594 121.2598 20.65939 27.53181 121.2598 27.63137 25.86482 121.2598 30.47049 51.26597 121.2598 119.4518 52.09192 121.2598 117.4578 53.40581 121.2598 115.7455 55.11811 121.2598 114.4316 57.11213 121.2598 113.6056 59.25197 121.2598 113.3239 50.98425 121.2598 121.5916 51.26597 121.2598 123.7315 52.09192 121.2598 125.7255 53.40581 121.2598 127.4378 53.9043 121.2598 127.9736 54.36285 121.2598 128.544 54.77906 121.2598 129.146 55.15078 121.2598 129.7764 55.47607 121.2598 130.432 55.75324 121.2598 131.1093 55.98083 121.2598 131.8049 56.15766 121.2598 132.515 56.28282 121.2598 133.2361 56.34309 121.2598 133.8387 56.34309 121.2598 135.427 56.34309 121.2598 258.6614 87.28849 121.2598 1.178422 89.57462 121.2598 0 88.52335 121.2598 0 118.5039 121.2598 0 92.68353 121.2598 14.04398 118.5039 121.2598 258.6614 85.6883 121.2598 1.592102 91.87461 121.2598 12.99292 90.66339 121.2598 11.68199 83.16169 121.2598 3.591858 82.63255 121.2598 5.042231 85.83732 121.2598 7.770664 86.77569 121.2598 9.209996 88.24929 121.2598 10.38287 87.48742 121.2598 25.30151 85.73739 121.2598 21.08068 86.4116 121.2598 23.32255 87.49352 121.2598 27.54916 67.23797 121.2598 119.4518 66.41202 121.2598 117.4578 65.09813 121.2598 115.7455 63.38583 121.2598 114.4316 61.39181 121.2598 113.6056 67.51969 121.2598 121.5916 67.23797 121.2598 123.7315 66.41202 121.2598 125.7255 65.09813 121.2598 127.4378 64.64547 121.2598 128.003 64.22676 121.2598 128.5938 63.84344 121.2598 129.2081 63.49684 121.2598 129.8439 63.18815 121.2598 130.499 62.91843 121.2598 131.171 62.68861 121.2598 131.8577 62.49949 121.2598 132.5567 62.35172 121.2598 133.2656 62.2458 121.2598 133.9819 62.1821 121.2598 134.7032 62.16084 121.2598 135.427 62.16084 121.2598 258.6614 67.95365 121.2598 9.37739 66.6391 121.2598 9.389081 67.95365 121.2598 9.37739 69.79662 121.2598 9.62253 62.16084 121.2598 258.6614 62.16084 121.2598 135.427 118.5039 121.2598 258.6614 62.1821 121.2598 134.7032 62.2458 121.2598 133.9819 62.35172 121.2598 133.2656 62.49949 121.2598 132.5567 62.68861 121.2598 131.8577 62.91843 121.2598 131.171 63.18815 121.2598 130.499 63.49684 121.2598 129.8439 63.84344 121.2598 129.2081 64.22676 121.2598 128.5938 64.64547 121.2598 128.003 65.09813 121.2598 127.4378 66.41202 121.2598 125.7255 67.23797 121.2598 123.7315 67.51969 121.2598 121.5916 67.23797 121.2598 119.4518 59.25197 121.2598 113.3239 25.86482 121.2598 30.47049 61.39181 121.2598 113.6056 63.38583 121.2598 114.4316 65.09813 121.2598 115.7455 66.41202 121.2598 117.4578 26.88457 121.2598 30.21223 86.82824 121.2598 29.13689 87.49352 121.2598 27.54916 87.48742 121.2598 25.30151 86.4116 121.2598 23.32255 85.73739 121.2598 21.08068 85.59319 121.2598 16.86057 92.5527 121.2598 15.10206 92.68353 121.2598 14.04398 88.24929 121.2598 10.38287 86.77569 121.2598 9.209996 90.66339 121.2598 11.68199 85.83732 121.2598 7.770664 82.63255 121.2598 5.042231 83.16169 121.2598 3.591858 85.6883 121.2598 1.592102 91.87461 121.2598 12.99292 87.28849 121.2598 1.178422 118.5039 121.2598 0 89.57462 121.2598 0 88.52335 121.2598 0 56.34309 121.2598 258.6614 0 121.2598 258.6614 56.34309 121.2598 135.427 56.34309 121.2598 133.8387 56.28282 121.2598 133.2361 56.15766 121.2598 132.515 55.98083 121.2598 131.8049 55.75324 121.2598 131.1093 55.47607 121.2598 130.432 55.15078 121.2598 129.7764 54.77906 121.2598 129.146 54.36285 121.2598 128.544 53.9043 121.2598 127.9736 53.40581 121.2598 127.4378 52.09192 121.2598 125.7255 51.26597 121.2598 123.7315 50.98425 121.2598 121.5916 51.26597 121.2598 119.4518 57.11213 121.2598 113.6056 55.11811 121.2598 114.4316 53.40581 121.2598 115.7455 52.09192 121.2598 117.4578 24.33892 121.2598 30.34185 27.53181 121.2598 27.63137 24.98119 121.2598 28.79474 30.23594 121.2598 20.65939 33.83697 121.2598 13.676 36.93062 121.2598 6.687587 36.16858 121.2598 4.505233 35.14883 121.2598 3.229274 32.33671 121.2598 0 0 121.2598 0 28.03663 121.2598 28.9211 31.1073 121.2598 26.98056 48.28779 121.2598 26.96886 49.27057 121.2598 26.40339 49.27093 121.2598 25.28441 47.72783 121.2598 24.59545 48.00841 121.2598 24.45382 46.54876 121.2598 23.44634 73.57506 121.2598 23.15737 74.14378 121.2598 23.01265 83.4709 121.2598 22.5403 74.14206 121.2598 22.44971 73.42821 121.2598 21.61073 47.20028 121.2598 20.97609 47.7208 121.2598 19.41542 81.46487 121.2598 19.38566 80.66341 121.2598 17.94163 79.19874 121.2598 16.7659 48.89152 121.2598 16.29288 49.80067 121.2598 14.98877 54.47674 121.2598 14.95779 55.51877 121.2598 14.43033 75.8778 121.2598 14.02861 74.94851 121.2598 12.19897 58.12818 121.2598 11.41717 73.49253 121.2598 11.16196 59.56476 121.2598 10.49379 61.7876 121.2598 9.953574 64.01424 121.2598 9.021094 66.24477 121.2598 8.739786 47.72663 121.2598 26.83235 47.30649 121.2598 25.71638 46.88658 121.2598 24.60103 46.4203 121.2598 22.92717 35.09038 121.2598 22.18925 46.16445 121.2598 21.36983 38.04734 121.2598 20.1084 45.26324 121.2598 19.42717 40.88059 121.2598 18.41239 45.26654 121.2598 17.7411 46.43194 121.2598 16.56723 44.36577 121.2598 16.19082 46.82175 121.2598 15.52724 46.69337 121.2598 15.00935 45.65964 121.2598 14.88658 46.048 121.2598 14.49511 46.56501 121.2598 14.49157 47.32704 121.2598 22.53437 72.71925 121.2598 22.31925 90.9405 121.2598 14.58421 87.18569 121.2598 12.63186 83.71385 121.2598 12.13144 84.11255 121.2598 11.60192 85.57999 121.2598 11.5903 53.30643 121.2598 14.57548 51.74843 121.2598 13.67661 87.28849 121.2598 1.178422 85.6883 121.2598 1.592102 83.16169 121.2598 3.591858 82.63255 121.2598 5.042231 85.83732 121.2598 7.770664 86.77569 121.2598 9.209996 88.24929 121.2598 10.38287 90.66339 121.2598 11.68199 91.87461 121.2598 12.99292 92.68353 121.2598 14.04398 92.5527 121.2598 15.10206 90.9405 121.2598 14.58421 87.18569 121.2598 12.63186 85.57999 121.2598 11.5903 84.11255 121.2598 11.60192 83.71385 121.2598 12.13144 85.59319 121.2598 16.86057 85.73739 121.2598 21.08068 86.4116 121.2598 23.32255 87.48742 121.2598 25.30151 87.49352 121.2598 27.54916 86.82824 121.2598 29.13689 83.4709 121.2598 22.5403 81.46487 121.2598 19.38566 80.66341 121.2598 17.94163 79.19874 121.2598 16.7659 75.8778 121.2598 14.02861 74.94851 121.2598 12.19897 73.49253 121.2598 11.16196 69.79662 121.2598 9.62253 67.95365 121.2598 9.37739 66.6391 121.2598 9.389081 66.24477 121.2598 8.739786 64.01424 121.2598 9.021094 61.7876 121.2598 9.953574 59.56476 121.2598 10.49379 58.12818 121.2598 11.41717 55.51877 121.2598 14.43033 54.47674 121.2598 14.95779 53.30643 121.2598 14.57548 51.74843 121.2598 13.67661 49.80067 121.2598 14.98877 48.89152 121.2598 16.29288 47.7208 121.2598 19.41542 47.20028 121.2598 20.97609 47.32704 121.2598 22.53437 46.54876 121.2598 23.44634 46.4203 121.2598 22.92717 46.16445 121.2598 21.36983 45.26324 121.2598 19.42717 45.26654 121.2598 17.7411 46.43194 121.2598 16.56723 46.82175 121.2598 15.52724 46.69337 121.2598 15.00935 46.56501 121.2598 14.49157 46.048 121.2598 14.49511 45.65964 121.2598 14.88658 44.36577 121.2598 16.19082 40.88059 121.2598 18.41239 38.04734 121.2598 20.1084 35.09038 121.2598 22.18925 31.1073 121.2598 26.98056 28.03663 121.2598 28.9211 26.88457 121.2598 30.21223 25.86482 121.2598 30.47049 24.33892 121.2598 30.34185 24.98119 121.2598 28.79474 27.53181 121.2598 27.63137 30.23594 121.2598 20.65939 33.83697 121.2598 13.676 36.93062 121.2598 6.687587 36.16858 121.2598 4.505233 35.14883 121.2598 3.229274 0 121.2598 258.6614 56.34309 121.2598 258.6614 56.34309 121.2598 135.427 56.34309 121.2598 133.8387 56.28282 121.2598 133.2361 56.15766 121.2598 132.515 55.98083 121.2598 131.8049 55.75324 121.2598 131.1093 55.47607 121.2598 130.432 55.15078 121.2598 129.7764 54.77906 121.2598 129.146 54.36285 121.2598 128.544 53.9043 121.2598 127.9736 53.40581 121.2598 127.4378 52.09192 121.2598 125.7255 51.26597 121.2598 123.7315 50.98425 121.2598 121.5916 51.26597 121.2598 119.4518 52.09192 121.2598 117.4578 53.40581 121.2598 115.7455 55.11811 121.2598 114.4316 57.11213 121.2598 113.6056 59.25197 121.2598 113.3239 61.39181 121.2598 113.6056 63.38583 121.2598 114.4316 65.09813 121.2598 115.7455 66.41202 121.2598 117.4578 67.23797 121.2598 119.4518 67.51969 121.2598 121.5916 67.23797 121.2598 123.7315 66.41202 121.2598 125.7255 65.09813 121.2598 127.4378 64.64547 121.2598 128.003 64.22676 121.2598 128.5938 63.84344 121.2598 129.2081 63.49684 121.2598 129.8439 63.18815 121.2598 130.499 62.91843 121.2598 131.171 62.68861 121.2598 131.8577 62.49949 121.2598 132.5567 62.35172 121.2598 133.2656 62.2458 121.2598 133.9819 62.1821 121.2598 134.7032 62.16084 121.2598 135.427 62.16084 121.2598 258.6614 118.5039 121.2598 258.6614 47.72783 121.2598 24.59545 49.27093 121.2598 25.28441 49.27057 121.2598 26.40339 48.28779 121.2598 26.96886 47.72663 121.2598 26.83235 47.30649 121.2598 25.71638 46.88658 121.2598 24.60103 48.00841 121.2598 24.45382 73.42821 121.2598 21.61073 74.14206 121.2598 22.44971 74.14378 121.2598 23.01265 73.57506 121.2598 23.15737 72.71925 121.2598 22.31925 0 62.73724 288.3027 43.35758 77.81919 280.6638 0 121.2598 258.6614 48.01294 74.63245 282.2779 53.43422 72.62918 283.2925 118.5039 62.73724 288.3027 39.7854 81.97222 278.5603 37.53983 86.80854 276.1108 36.77391 91.99854 273.4821 59.25197 71.94591 283.6386 65.06972 72.62918 283.2925 70.491 74.63245 282.2779 75.14636 77.81919 280.6638 78.71854 81.97222 278.5603 78.87447 82.30806 278.3902 80.96411 86.80854 276.1108 81.73003 91.99854 273.4821 65.06972 111.3679 263.6716 62.16084 121.2598 258.6614 62.16084 111.7095 263.4986 118.5039 121.2598 258.6614 70.491 109.3646 264.6863 75.14636 106.1779 266.3003 78.71854 102.0249 268.4038 80.96411 97.18854 270.8534 43.35758 106.1779 266.3003 56.34309 121.2598 258.6614 39.7854 102.0249 268.4038 37.53983 97.18854 270.8534 39.62946 101.689 268.5739 48.01294 109.3646 264.6863 53.43422 111.3679 263.6716 56.34309 111.7095 263.4986 56.34309 111.7095 263.4986 53.43422 111.3679 263.6716 56.34309 121.2598 258.6614 48.01294 109.3646 264.6863 43.35758 106.1779 266.3003 39.62946 101.689 268.5739 37.53983 97.18854 270.8534 39.7854 102.0249 268.4038 36.77391 91.99854 273.4821 0 121.2598 258.6614 118.5039 62.73724 288.3027 81.73003 91.99854 273.4821 118.5039 121.2598 258.6614 80.96411 97.18854 270.8534 78.71854 102.0249 268.4038 75.14636 106.1779 266.3003 70.491 109.3646 264.6863 65.06972 111.3679 263.6716 62.16084 121.2598 258.6614 62.16084 111.7095 263.4986 80.96411 86.80854 276.1108 78.87447 82.30806 278.3902 78.71854 81.97222 278.5603 75.14636 77.81919 280.6638 70.491 74.63245 282.2779 65.06972 72.62918 283.2925 59.25197 71.94591 283.6386 53.43422 72.62918 283.2925 37.53983 86.80854 276.1108 39.7854 81.97222 278.5603 43.35758 77.81919 280.6638 0 62.73724 288.3027 48.01294 74.63245 282.2779 53.43422 111.3679 263.6716 56.34309 111.7095 263.4986 0 62.73724 288.3027 118.5039 62.73724 288.3027 62.16084 111.7095 263.4986 65.06972 111.3679 263.6716 70.491 109.3646 264.6863 75.14636 106.1779 266.3003 78.71854 102.0249 268.4038 80.96411 97.18854 270.8534 81.73003 91.99854 273.4821 80.96411 86.80854 276.1108 78.87447 82.30806 278.3902 78.71854 81.97222 278.5603 75.14636 77.81919 280.6638 70.491 74.63245 282.2779 65.06972 72.62918 283.2925 59.25197 71.94591 283.6386 53.43422 72.62918 283.2925 48.01294 74.63245 282.2779 43.35758 77.81919 280.6638 39.7854 81.97222 278.5603 37.53983 86.80854 276.1108 36.77391 91.99854 273.4821 37.53983 97.18854 270.8534 39.62946 101.689 268.5739 39.7854 102.0249 268.4038 43.35758 106.1779 266.3003 48.01294 109.3646 264.6863 56.34309 121.2598 135.427 56.35566 121.2598 133.9643 56.34309 121.2598 133.8387 56.37578 121.2598 134.6959 56.37578 121.2598 134.6959 56.34309 121.2598 135.427 56.35566 121.2598 133.9643 56.34309 121.2598 133.8387 56.37578 121.2598 134.6959 56.35566 121.2598 133.9643 37.53983 86.80854 276.1108 37.53983 97.18854 270.8534 36.77391 91.99854 273.4821 39.62946 101.689 268.5739 39.7854 81.97222 278.5603 39.7854 102.0249 268.4038 43.35758 106.1779 266.3003 43.35758 77.81919 280.6638 48.01294 109.3646 264.6863 48.01294 74.63245 282.2779 53.43422 111.3679 263.6716 53.43422 72.62918 283.2925 56.34309 111.7095 263.4986 59.25197 71.94591 283.6386 59.25197 112.0512 263.3255 65.06972 72.62918 283.2925 62.16084 111.7095 263.4986 65.06972 111.3679 263.6716 70.491 74.63245 282.2779 70.491 109.3646 264.6863 75.14636 106.1779 266.3003 75.14636 77.81919 280.6638 78.71854 81.97222 278.5603 78.71854 102.0249 268.4038 78.87447 82.30806 278.3902 80.96411 97.18854 270.8534 80.96411 86.80854 276.1108 81.73003 91.99854 273.4821 81.73003 91.99854 273.4821 80.96411 86.80854 276.1108 80.96411 97.18854 270.8534 78.87447 82.30806 278.3902 78.71854 102.0249 268.4038 78.71854 81.97222 278.5603 75.14636 106.1779 266.3003 75.14636 77.81919 280.6638 70.491 74.63245 282.2779 70.491 109.3646 264.6863 65.06972 111.3679 263.6716 65.06972 72.62918 283.2925 62.16084 111.7095 263.4986 59.25197 112.0512 263.3255 59.25197 71.94591 283.6386 56.34309 111.7095 263.4986 53.43422 72.62918 283.2925 53.43422 111.3679 263.6716 48.01294 74.63245 282.2779 48.01294 109.3646 264.6863 43.35758 77.81919 280.6638 43.35758 106.1779 266.3003 39.7854 81.97222 278.5603 39.7854 102.0249 268.4038 39.62946 101.689 268.5739 37.53983 86.80854 276.1108 37.53983 97.18854 270.8534 36.77391 91.99854 273.4821 59.25197 112.0512 263.3255 0 62.73724 303.6571 118.5039 62.73724 288.3027 0 62.73724 288.3027 118.5039 62.73724 303.6571 118.5039 62.73724 303.6571 0 62.73724 303.6571 118.5039 62.73724 288.3027 0 62.73724 288.3027 0 62.73724 303.6571 118.5039 62.73724 303.6571 118.5039 60.62992 303.6571 0 62.73724 303.6571 0 60.62992 303.6571 118.5039 62.73724 303.6571 118.5039 62.73724 303.6571 118.5039 60.62992 303.6571 0 62.73724 303.6571 0 60.62992 303.6571 0 60.62992 303.6571 118.5039 60.62992 303.6571 118.5039 58.5226 303.6571 0 58.5226 303.6571 118.5039 58.5226 303.6571 0 58.5226 303.6571 118.5039 58.5226 303.6571 0 58.5226 303.6571 118.5039 60.62992 303.6571 88.87795 60.62992 286.2419 118.5039 60.62992 286.2419 29.62598 60.62992 286.2419 0 60.62992 286.2419 0 60.62992 303.6571 0 60.62992 303.6571 118.5039 60.62992 303.6571 0 60.62992 286.2419 29.62598 60.62992 286.2419 88.87795 60.62992 286.2419 118.5039 60.62992 286.2419 0 60.62992 286.2419 29.62598 60.62992 286.2419 88.87795 60.62992 286.2419 118.5039 60.62992 286.2419 118.5039 58.5226 303.6571 0 58.5226 288.3027 118.5039 58.5226 288.3027 0 58.5226 303.6571 0 58.5226 303.6571 118.5039 58.5226 303.6571 0 58.5226 288.3027 118.5039 58.5226 288.3027 118.5039 58.5226 288.3027 0 58.5226 288.3027 29.62598 60.62992 286.2419 118.5039 3.543307 258.6614 0 3.543307 258.6614 88.87795 60.62992 286.2419 88.87795 60.62992 286.2419 29.62598 60.62992 286.2419 118.5039 3.543307 258.6614 0 3.543307 258.6614 118.5039 3.543307 258.6614 0 3.543307 258.6614 118.5039 117.7165 258.6614 29.62598 60.62992 286.2419 0 117.7165 258.6614 88.87795 60.62992 286.2419 88.87795 60.62992 286.2419 118.5039 117.7165 258.6614 29.62598 60.62992 286.2419 0 117.7165 258.6614 0 117.7165 258.6614 118.5039 117.7165 258.6614 118.5039 0 258.6614 0 58.5226 288.3027 0 0 258.6614 118.5039 58.5226 288.3027 118.5039 58.5226 288.3027 118.5039 0 258.6614 0 58.5226 288.3027 0 0 258.6614 118.5039 0 258.6614 0 0 258.6614 118.5039 3.543307 258.6614 0 117.7165 258.6614 0 3.543307 258.6614 118.5039 117.7165 258.6614 118.5039 117.7165 258.6614 118.5039 3.543307 258.6614 0 117.7165 258.6614 0 3.543307 258.6614</float_array>
                    <technique_common>
                        <accessor count="679" source="#ID62" stride="3">
                            <param name="X" type="float" />
                            <param name="Y" type="float" />
                            <param name="Z" type="float" />
                        </accessor>
                    </technique_common>
                </source>
                <source id="ID53">
                    <float_array id="ID63" count="2037">0 0 -1 0 0 -1 0 0 -1 0 0 -1 0 0 -1 0 0 -1 0 0 -1 -0 -0 1 -0 -0 1 -0 -0 1 -0 -0 1 -0 -0 1 -0 -0 1 -0 -0 1 0 0 0 0 0 0 0 0 0 0 0 0 0 0 0 0 0 0 0 0 0 -1.184532e-17 1 -9.139491e-17 -1.184532e-17 1 -9.139491e-17 -1.184532e-17 1 -9.139491e-17 -1.184532e-17 1 -9.139491e-17 -1.184532e-17 1 -9.139491e-17 -1.184532e-17 1 -9.139491e-17 -1.184532e-17 1 -9.139491e-17 -1.184532e-17 1 -9.139491e-17 -1.184532e-17 1 -9.139491e-17 -1.184532e-17 1 -9.139491e-17 -1.184532e-17 1 -9.139491e-17 -1.184532e-17 1 -9.139491e-17 -1.184532e-17 1 -9.139491e-17 -1.184532e-17 1 -9.139491e-17 -1.184532e-17 1 -9.139491e-17 -1.184532e-17 1 -9.139491e-17 -1.184532e-17 1 -9.139491e-17 -1.184532e-17 1 -9.139491e-17 -1.184532e-17 1 -9.139491e-17 -1.184532e-17 1 -9.139491e-17 -1.184532e-17 1 -9.139491e-17 -1.184532e-17 1 -9.139491e-17 -1.184532e-17 1 -9.139491e-17 -1.184532e-17 1 -9.139491e-17 -1.184532e-17 1 -9.139491e-17 -1.184532e-17 1 -9.139491e-17 -1.184532e-17 1 -9.139491e-17 -1.184532e-17 1 -9.139491e-17 -1.184532e-17 1 -9.139491e-17 -1.184532e-17 1 -9.139491e-17 -1.184532e-17 1 -9.139491e-17 -1.184532e-17 1 -9.139491e-17 -1.184532e-17 1 -9.139491e-17 -1.184532e-17 1 -9.139491e-17 -1.184532e-17 1 -9.139491e-17 -1.184532e-17 1 -9.139491e-17 -1.184532e-17 1 -9.139491e-17 -1.184532e-17 1 -9.139491e-17 -1.184532e-17 1 -9.139491e-17 -1.184532e-17 1 -9.139491e-17 -1.184532e-17 1 -9.139491e-17 -1.184532e-17 1 -9.139491e-17 -1.184532e-17 1 -9.139491e-17 -1.184532e-17 1 -9.139491e-17 -1.184532e-17 1 -9.139491e-17 -1.184532e-17 1 -9.139491e-17 -1.184532e-17 1 -9.139491e-17 -1.184532e-17 1 -9.139491e-17 -1.184532e-17 1 -9.139491e-17 -1.184532e-17 1 -9.139491e-17 -1.184532e-17 1 -9.139491e-17 -1.184532e-17 1 -9.139491e-17 -1.184532e-17 1 -9.139491e-17 -1.184532e-17 1 -9.139491e-17 -1.184532e-17 1 -9.139491e-17 -1.184532e-17 1 -9.139491e-17 -1.184532e-17 1 -9.139491e-17 -1.184532e-17 1 -9.139491e-17 -1.184532e-17 1 -9.139491e-17 -1.184532e-17 1 -9.139491e-17 -1.184532e-17 1 -9.139491e-17 -1.184532e-17 1 -9.139491e-17 -1.184532e-17 1 -9.139491e-17 -1.184532e-17 1 -9.139491e-17 -1.184532e-17 1 -9.139491e-17 -1.184532e-17 1 -9.139491e-17 -1.184532e-17 1 -9.139491e-17 -1.184532e-17 1 -9.139491e-17 -1.184532e-17 1 -9.139491e-17 -1.184532e-17 1 -9.139491e-17 -1.184532e-17 1 -9.139491e-17 -1.184532e-17 1 -9.139491e-17 -1.184532e-17 1 -9.139491e-17 -1.184532e-17 1 -9.139491e-17 -1.184532e-17 1 -9.139491e-17 -1.184532e-17 1 -9.139491e-17 -1.184532e-17 1 -9.139491e-17 -1.184532e-17 1 -9.139491e-17 -1.184532e-17 1 -9.139491e-17 -1.184532e-17 1 -9.139491e-17 -1.184532e-17 1 -9.139491e-17 -1.184532e-17 1 -9.139491e-17 -1.184532e-17 1 -9.139491e-17 -1.184532e-17 1 -9.139491e-17 -1.184532e-17 1 -9.139491e-17 -1.184532e-17 1 -9.139491e-17 -1.184532e-17 1 -9.139491e-17 -1.184532e-17 1 -9.139491e-17 -1.184532e-17 1 -9.139491e-17 -1.184532e-17 1 -9.139491e-17 -1.184532e-17 1 -9.139491e-17 -1.184532e-17 1 -9.139491e-17 -1.184532e-17 1 -9.139491e-17 -1.184532e-17 1 -9.139491e-17 -1.184532e-17 1 -9.139491e-17 -1.184532e-17 1 -9.139491e-17 -1.184532e-17 1 -9.139491e-17 -1.184532e-17 1 -9.139491e-17 -1.184532e-17 1 -9.139491e-17 -1.184532e-17 1 -9.139491e-17 -1.184532e-17 1 -9.139491e-17 -1.184532e-17 1 -9.139491e-17 -1.184532e-17 1 -9.139491e-17 -1.184532e-17 1 -9.139491e-17 -1.184532e-17 1 -9.139491e-17 -1.184532e-17 1 -9.139491e-17 -1.184532e-17 1 -9.139491e-17 -1.184532e-17 1 -9.139491e-17 -1.184532e-17 1 -9.139491e-17 -1.184532e-17 1 -9.139491e-17 -1.184532e-17 1 -9.139491e-17 -1.184532e-17 1 -9.139491e-17 -1.184532e-17 1 -9.139491e-17 -1.184532e-17 1 -9.139491e-17 -1.184532e-17 1 -9.139491e-17 -1.184532e-17 1 -9.139491e-17 -1.184532e-17 1 -9.139491e-17 -1.184532e-17 1 -9.139491e-17 -1.184532e-17 1 -9.139491e-17 -1.184532e-17 1 -9.139491e-17 -1.184532e-17 1 -9.139491e-17 -1.184532e-17 1 -9.139491e-17 -1.184532e-17 1 -9.139491e-17 -1.184532e-17 1 -9.139491e-17 -1.184532e-17 1 -9.139491e-17 -1.184532e-17 1 -9.139491e-17 -1.184532e-17 1 -9.139491e-17 -1.184532e-17 1 -9.139491e-17 -1.184532e-17 1 -9.139491e-17 -1.184532e-17 1 -9.139491e-17 -1.184532e-17 1 -9.139491e-17 -1.184532e-17 1 -9.139491e-17 -1.184532e-17 1 -9.139491e-17 -1.184532e-17 1 -9.139491e-17 -1.184532e-17 1 -9.139491e-17 -1.184532e-17 1 -9.139491e-17 -1.184532e-17 1 -9.139491e-17 1.184532e-17 -1 9.139491e-17 1.184532e-17 -1 9.139491e-17 1.184532e-17 -1 9.139491e-17 1.184532e-17 -1 9.139491e-17 1.184532e-17 -1 9.139491e-17 1.184532e-17 -1 9.139491e-17 1.184532e-17 -1 9.139491e-17 1.184532e-17 -1 9.139491e-17 1.184532e-17 -1 9.139491e-17 1.184532e-17 -1 9.139491e-17 1.184532e-17 -1 9.139491e-17 1.184532e-17 -1 9.139491e-17 1.184532e-17 -1 9.139491e-17 1.184532e-17 -1 9.139491e-17 1.184532e-17 -1 9.139491e-17 1.184532e-17 -1 9.139491e-17 1.184532e-17 -1 9.139491e-17 1.184532e-17 -1 9.139491e-17 1.184532e-17 -1 9.139491e-17 1.184532e-17 -1 9.139491e-17 1.184532e-17 -1 9.139491e-17 1.184532e-17 -1 9.139491e-17 1.184532e-17 -1 9.139491e-17 1.184532e-17 -1 9.139491e-17 1.184532e-17 -1 9.139491e-17 1.184532e-17 -1 9.139491e-17 1.184532e-17 -1 9.139491e-17 1.184532e-17 -1 9.139491e-17 1.184532e-17 -1 9.139491e-17 1.184532e-17 -1 9.139491e-17 1.184532e-17 -1 9.139491e-17 1.184532e-17 -1 9.139491e-17 1.184532e-17 -1 9.139491e-17 1.184532e-17 -1 9.139491e-17 1.184532e-17 -1 9.139491e-17 1.184532e-17 -1 9.139491e-17 1.184532e-17 -1 9.139491e-17 1.184532e-17 -1 9.139491e-17 1.184532e-17 -1 9.139491e-17 1.184532e-17 -1 9.139491e-17 1.184532e-17 -1 9.139491e-17 1.184532e-17 -1 9.139491e-17 1.184532e-17 -1 9.139491e-17 1.184532e-17 -1 9.139491e-17 1.184532e-17 -1 9.139491e-17 1.184532e-17 -1 9.139491e-17 1.184532e-17 -1 9.139491e-17 1.184532e-17 -1 9.139491e-17 1.184532e-17 -1 9.139491e-17 1.184532e-17 -1 9.139491e-17 1.184532e-17 -1 9.139491e-17 1.184532e-17 -1 9.139491e-17 1.184532e-17 -1 9.139491e-17 1.184532e-17 -1 9.139491e-17 1.184532e-17 -1 9.139491e-17 1.184532e-17 -1 9.139491e-17 1.184532e-17 -1 9.139491e-17 1.184532e-17 -1 9.139491e-17 1.184532e-17 -1 9.139491e-17 1.184532e-17 -1 9.139491e-17 1.184532e-17 -1 9.139491e-17 1.184532e-17 -1 9.139491e-17 1.184532e-17 -1 9.139491e-17 1.184532e-17 -1 9.139491e-17 1.184532e-17 -1 9.139491e-17 1.184532e-17 -1 9.139491e-17 1.184532e-17 -1 9.139491e-17 1.184532e-17 -1 9.139491e-17 1.184532e-17 -1 9.139491e-17 1.184532e-17 -1 9.139491e-17 1.184532e-17 -1 9.139491e-17 1.184532e-17 -1 9.139491e-17 1.184532e-17 -1 9.139491e-17 1.184532e-17 -1 9.139491e-17 1.184532e-17 -1 9.139491e-17 1.184532e-17 -1 9.139491e-17 1.184532e-17 -1 9.139491e-17 1.184532e-17 -1 9.139491e-17 1.184532e-17 -1 9.139491e-17 1.184532e-17 -1 9.139491e-17 1.184532e-17 -1 9.139491e-17 1.184532e-17 -1 9.139491e-17 1.184532e-17 -1 9.139491e-17 1.184532e-17 -1 9.139491e-17 1.184532e-17 -1 9.139491e-17 1.184532e-17 -1 9.139491e-17 1.184532e-17 -1 9.139491e-17 1.184532e-17 -1 9.139491e-17 1.184532e-17 -1 9.139491e-17 1.184532e-17 -1 9.139491e-17 1.184532e-17 -1 9.139491e-17 1.184532e-17 -1 9.139491e-17 1.184532e-17 -1 9.139491e-17 1.184532e-17 -1 9.139491e-17 1.184532e-17 -1 9.139491e-17 1.184532e-17 -1 9.139491e-17 1.184532e-17 -1 9.139491e-17 1.184532e-17 -1 9.139491e-17 1.184532e-17 -1 9.139491e-17 1.184532e-17 -1 9.139491e-17 1.184532e-17 -1 9.139491e-17 1.184532e-17 -1 9.139491e-17 1.184532e-17 -1 9.139491e-17 1.184532e-17 -1 9.139491e-17 1.184532e-17 -1 9.139491e-17 1.184532e-17 -1 9.139491e-17 1.184532e-17 -1 9.139491e-17 1.184532e-17 -1 9.139491e-17 1.184532e-17 -1 9.139491e-17 1.184532e-17 -1 9.139491e-17 1.184532e-17 -1 9.139491e-17 1.184532e-17 -1 9.139491e-17 1.184532e-17 -1 9.139491e-17 1.184532e-17 -1 9.139491e-17 1.184532e-17 -1 9.139491e-17 1.184532e-17 -1 9.139491e-17 1.184532e-17 -1 9.139491e-17 1.184532e-17 -1 9.139491e-17 1.184532e-17 -1 9.139491e-17 1.184532e-17 -1 9.139491e-17 1.184532e-17 -1 9.139491e-17 1.184532e-17 -1 9.139491e-17 1.184532e-17 -1 9.139491e-17 1.184532e-17 -1 9.139491e-17 1.184532e-17 -1 9.139491e-17 1.184532e-17 -1 9.139491e-17 1.184532e-17 -1 9.139491e-17 1.184532e-17 -1 9.139491e-17 1.184532e-17 -1 9.139491e-17 1.184532e-17 -1 9.139491e-17 1.184532e-17 -1 9.139491e-17 1.184532e-17 -1 9.139491e-17 1.184532e-17 -1 9.139491e-17 1.184532e-17 -1 9.139491e-17 1.184532e-17 -1 9.139491e-17 1.184532e-17 -1 9.139491e-17 1.184532e-17 -1 9.139491e-17 0 0 0 0 0 0 0 0 0 0 0 0 0 0 0 0 0 0 0 0 0 0 0 0 0 0 0 0 0 0 0 0 0 0 0 0 0 0 0 0 0 0 0 0 0 0 0 0 0 0 0 0 0 0 0 0 0 0 0 0 0 0 0 0 0 0 0 0 0 0 0 0 0 0 0 0 0 0 0 0 0 0 0 0 0 0 0 0 0 0 0 0 0 0 0 0 0 0 0 0 0 0 0 0 0 0 0 0 0 0 0 0 0 0 0 0 0 0 0 0 0 0 0 0 0 0 0 0 0 0 0 0 0 0 0 0 0 0 0 0 0 0 0 0 0 0 0 0 0 0 0 0 0 0 0 0 0 0 0 0 0 0 0 0 0 0 0 0 0 0 0 0 0 0 0 0 0 0 0 0 0 0 0 0 0 0 0 0 0 0 0 0 0 0 0 0 0 0 0 0 0 0 0 0 0 0 0 0 0 0 0 0 0 0 0 0 0 0 0 0 0 0 0 0 0 0 0 0 0 0 0 0 0 0 0 0 0 0 0 0 0 0 0 0 0 0 0 0 0 0 0 0 0 0 0 0 0 0 0 0 0 0 0 0 0 0 0 0 0 0 0 0 0 0 0 0 0 0 0 0 0 0 0 0 0 0 0 0 0 0 0 0 0 0 0 0 0 0 0 0 0 0 0 0 0 0 0 0 0 0 0 0 0 0 0 0 0 0 0 0 0 0 0 0 0 0 0 0 0 0 0 0 0 0 0 0 0 0 0 0 0 0 0 0 0 0 0 0 0 0 0 0 0 0 0 0 0 0 0 0 0 0 0 0 0 0 0 0 0 0 0 0 0 0 0 0 0 0 0 0 0 0 0 0 0 0 0 0 0 0 0 0 0 0 0 0 3.844665e-18 0.4518419 0.892098 3.844665e-18 0.4518419 0.892098 3.844665e-18 0.4518419 0.892098 3.844665e-18 0.4518419 0.892098 3.844665e-18 0.4518419 0.892098 3.844665e-18 0.4518419 0.892098 3.844665e-18 0.4518419 0.892098 3.844665e-18 0.4518419 0.892098 3.844665e-18 0.4518419 0.892098 3.844665e-18 0.4518419 0.892098 3.844665e-18 0.4518419 0.892098 3.844665e-18 0.4518419 0.892098 3.844665e-18 0.4518419 0.892098 3.844665e-18 0.4518419 0.892098 3.844665e-18 0.4518419 0.892098 3.844665e-18 0.4518419 0.892098 3.844665e-18 0.4518419 0.892098 3.844665e-18 0.4518419 0.892098 3.844665e-18 0.4518419 0.892098 3.844665e-18 0.4518419 0.892098 3.844665e-18 0.4518419 0.892098 3.844665e-18 0.4518419 0.892098 3.844665e-18 0.4518419 0.892098 3.844665e-18 0.4518419 0.892098 3.844665e-18 0.4518419 0.892098 3.844665e-18 0.4518419 0.892098 3.844665e-18 0.4518419 0.892098 3.844665e-18 0.4518419 0.892098 3.844665e-18 0.4518419 0.892098 3.844665e-18 0.4518419 0.892098 3.844665e-18 0.4518419 0.892098 3.844665e-18 0.4518419 0.892098 3.844665e-18 0.4518419 0.892098 -3.844665e-18 -0.4518419 -0.892098 -3.844665e-18 -0.4518419 -0.892098 -3.844665e-18 -0.4518419 -0.892098 -3.844665e-18 -0.4518419 -0.892098 -3.844665e-18 -0.4518419 -0.892098 -3.844665e-18 -0.4518419 -0.892098 -3.844665e-18 -0.4518419 -0.892098 -3.844665e-18 -0.4518419 -0.892098 -3.844665e-18 -0.4518419 -0.892098 -3.844665e-18 -0.4518419 -0.892098 -3.844665e-18 -0.4518419 -0.892098 -3.844665e-18 -0.4518419 -0.892098 -3.844665e-18 -0.4518419 -0.892098 -3.844665e-18 -0.4518419 -0.892098 -3.844665e-18 -0.4518419 -0.892098 -3.844665e-18 -0.4518419 -0.892098 -3.844665e-18 -0.4518419 -0.892098 -3.844665e-18 -0.4518419 -0.892098 -3.844665e-18 -0.4518419 -0.892098 -3.844665e-18 -0.4518419 -0.892098 -3.844665e-18 -0.4518419 -0.892098 -3.844665e-18 -0.4518419 -0.892098 -3.844665e-18 -0.4518419 -0.892098 -3.844665e-18 -0.4518419 -0.892098 -3.844665e-18 -0.4518419 -0.892098 -3.844665e-18 -0.4518419 -0.892098 -3.844665e-18 -0.4518419 -0.892098 -3.844665e-18 -0.4518419 -0.892098 -3.844665e-18 -0.4518419 -0.892098 -3.844665e-18 -0.4518419 -0.892098 -3.844665e-18 -0.4518419 -0.892098 -3.844665e-18 -0.4518419 -0.892098 -3.844665e-18 -0.4518419 -0.892098 0 0 0 0 0 0 0 0 0 0 0 0 0 0 0 0 0 0 0 0 0 0 0 0 0 0 0 0 0 0 0 0 0 0 0 0 0 0 0 0 0 0 0 0 0 0 0 0 0 0 0 0 0 0 0 0 0 0 0 0 0 0 0 0 0 0 0 0 0 0 0 0 0 0 0 0 0 0 0 0 0 0 0 0 0 0 0 -0 1 -0 -0 1 -0 -0 1 -0 -0 1 -0 0 -1 0 0 -1 0 0 -1 0 0 -1 0 0 0 0 0 0 0 1.808585e-16 0.4518419 0.892098 1.808585e-16 0.4518419 0.892098 1.808585e-16 0.4518419 0.892098 1.808585e-16 0.4518419 0.892098 1.808585e-16 0.4518419 0.892098 1.808585e-16 0.4518419 0.892098 1.808585e-16 0.4518419 0.892098 1.808585e-16 0.4518419 0.892098 1.808585e-16 0.4518419 0.892098 1.808585e-16 0.4518419 0.892098 1.808585e-16 0.4518419 0.892098 1.808585e-16 0.4518419 0.892098 1.808585e-16 0.4518419 0.892098 1.808585e-16 0.4518419 0.892098 1.808585e-16 0.4518419 0.892098 1.808585e-16 0.4518419 0.892098 1.808585e-16 0.4518419 0.892098 1.808585e-16 0.4518419 0.892098 1.808585e-16 0.4518419 0.892098 1.808585e-16 0.4518419 0.892098 1.808585e-16 0.4518419 0.892098 1.808585e-16 0.4518419 0.892098 1.808585e-16 0.4518419 0.892098 1.808585e-16 0.4518419 0.892098 1.808585e-16 0.4518419 0.892098 1.808585e-16 0.4518419 0.892098 1.808585e-16 0.4518419 0.892098 1.808585e-16 0.4518419 0.892098 -1.808585e-16 -0.4518419 -0.892098 -1.808585e-16 -0.4518419 -0.892098 -1.808585e-16 -0.4518419 -0.892098 -1.808585e-16 -0.4518419 -0.892098 -1.808585e-16 -0.4518419 -0.892098 -1.808585e-16 -0.4518419 -0.892098 -1.808585e-16 -0.4518419 -0.892098 -1.808585e-16 -0.4518419 -0.892098 -1.808585e-16 -0.4518419 -0.892098 -1.808585e-16 -0.4518419 -0.892098 -1.808585e-16 -0.4518419 -0.892098 -1.808585e-16 -0.4518419 -0.892098 -1.808585e-16 -0.4518419 -0.892098 -1.808585e-16 -0.4518419 -0.892098 -1.808585e-16 -0.4518419 -0.892098 -1.808585e-16 -0.4518419 -0.892098 -1.808585e-16 -0.4518419 -0.892098 -1.808585e-16 -0.4518419 -0.892098 -1.808585e-16 -0.4518419 -0.892098 -1.808585e-16 -0.4518419 -0.892098 -1.808585e-16 -0.4518419 -0.892098 -1.808585e-16 -0.4518419 -0.892098 -1.808585e-16 -0.4518419 -0.892098 -1.808585e-16 -0.4518419 -0.892098 -1.808585e-16 -0.4518419 -0.892098 -1.808585e-16 -0.4518419 -0.892098 -1.808585e-16 -0.4518419 -0.892098 -1.808585e-16 -0.4518419 -0.892098 0 0 0 -1.798783e-16 1 -0 -1.798783e-16 1 -0 -1.798783e-16 1 -0 -1.798783e-16 1 -0 1.798783e-16 -1 0 1.798783e-16 -1 0 1.798783e-16 -1 0 1.798783e-16 -1 0 0 0 0 0 0 0 -0 -0 1 -0 -0 1 -0 -0 1 -0 -0 1 0 0 -1 0 0 -1 0 0 -1 0 0 -1 0 0 0 0 0 0 -0 -0 1 -0 -0 1 0 0 -1 0 0 -1 0 0 0 0 0 0 2.073704e-17 -1 -2.14435e-16 2.073704e-17 -1 -2.14435e-16 2.073704e-17 -1 -2.14435e-16 2.073704e-17 -1 -2.14435e-16 2.073704e-17 -1 -2.14435e-16 2.073704e-17 -1 -2.14435e-16 -2.073704e-17 1 2.14435e-16 -2.073704e-17 1 2.14435e-16 -2.073704e-17 1 2.14435e-16 -2.073704e-17 1 2.14435e-16 -2.073704e-17 1 2.14435e-16 -2.073704e-17 1 2.14435e-16 0 0 0 0 0 0 0 0 0 0 0 0 0 -1 0 0 -1 0 0 -1 0 0 -1 0 -0 1 -0 -0 1 -0 -0 1 -0 -0 1 -0 0 0 0 0 0 0 -1.067943e-17 0.435023 -0.9004193 -1.067943e-17 0.435023 -0.9004193 -1.067943e-17 0.435023 -0.9004193 -1.067943e-17 0.435023 -0.9004193 1.067943e-17 -0.435023 0.9004193 1.067943e-17 -0.435023 0.9004193 1.067943e-17 -0.435023 0.9004193 1.067943e-17 -0.435023 0.9004193 0 0 0 0 0 0 -1.126956e-17 -0.435023 -0.9004193 -1.126956e-17 -0.435023 -0.9004193 -1.126956e-17 -0.435023 -0.9004193 -1.126956e-17 -0.435023 -0.9004193 1.126956e-17 0.435023 0.9004193 1.126956e-17 0.435023 0.9004193 1.126956e-17 0.435023 0.9004193 1.126956e-17 0.435023 0.9004193 0 0 0 0 0 0 -0 -0.4518419 0.892098 -0 -0.4518419 0.892098 -0 -0.4518419 0.892098 -0 -0.4518419 0.892098 0 0.4518419 -0.892098 0 0.4518419 -0.892098 0 0.4518419 -0.892098 0 0.4518419 -0.892098 0 0 0 0 0 0 -0 -0 1 -0 -0 1 -0 -0 1 -0 -0 1 0 0 -1 0 0 -1 0 0 -1 0 0 -1</float_array>
                    <technique_common>
                        <accessor count="679" source="#ID63" stride="3">
                            <param name="X" type="float" />
                            <param name="Y" type="float" />
                            <param name="Z" type="float" />
                        </accessor>
                    </technique_common>
                </source>
                <source id="ID54">
                    <Name_array id="ID64" count="0" />
                    <technique_common>
                        <accessor count="0" source="#ID64" stride="1">
                            <param name="skp_material" type="Name" />
                        </accessor>
                    </technique_common>
                </source>
                <vertices id="ID55">
                    <input semantic="POSITION" source="#ID52" />
                    <input semantic="NORMAL" source="#ID53" />
                </vertices>
                <triangles count="223" material="Material2">
                    <input offset="0" semantic="VERTEX" source="#ID55" />
                    <p>0 1 2 1 0 3 3 0 4 3 4 5 3 5 6 21 22 23 22 21 24 25 26 27 26 25 28 26 28 29 26 29 30 30 29 31 32 33 34 33 32 35 35 32 36 36 32 37 38 39 40 39 38 41 39 41 42 39 42 43 43 42 44 44 42 45 44 45 46 46 45 47 47 45 48 47 48 49 49 48 50 49 50 51 51 50 52 51 52 37 37 52 53 37 53 54 53 52 55 55 52 56 56 52 57 58 59 60 59 58 61 59 61 62 62 61 63 63 61 64 63 64 65 63 65 66 66 65 67 66 67 68 68 67 69 69 67 24 69 24 21 69 21 70 69 70 71 69 71 72 72 71 73 73 71 33 73 33 74 33 71 34 74 33 75 74 75 76 74 76 77 77 76 36 77 36 37 77 37 54 77 54 78 77 78 79 77 79 80 77 80 57 77 57 52 77 52 81 77 81 82 83 84 85 84 83 86 85 84 87 87 84 88 87 88 89 89 88 90 90 88 91 91 88 92 92 88 93 84 86 94 94 86 95 94 95 96 94 96 97 94 97 98 94 98 99 94 99 100 95 86 101 101 86 102 102 86 103 103 86 104 104 86 105 105 86 106 106 86 107 107 86 108 108 86 109 109 86 110 110 86 111 111 86 112 112 86 113 113 86 114 114 86 115 115 86 116 117 118 119 118 117 120 120 117 121 120 121 122 121 117 123 121 123 124 124 123 125 125 123 126 125 126 127 125 127 128 125 128 129 125 129 130 122 121 31 122 31 131 131 31 29 131 29 132 131 132 133 122 131 134 122 134 77 122 77 135 135 77 136 136 77 82 136 82 94 136 94 137 137 94 138 138 94 139 139 94 100 122 135 140 122 140 141 122 141 142 122 142 143 122 143 144 122 144 145 122 145 146 122 146 147 122 147 148 122 148 149 122 149 150 122 150 151 122 151 152 122 152 153 122 153 154 122 154 155 122 155 156 62 157 59 427 428 429 428 427 430 430 427 431 431 427 432 429 428 433 429 433 434 429 434 435 431 432 436 436 432 437 437 432 438 438 432 439 439 432 440 440 432 441 441 432 442 442 432 443 444 445 446 445 444 447 447 444 448 447 448 449 447 449 450 447 450 451 447 451 443 447 443 432 429 452 453 452 429 454 454 429 455 455 429 435 454 455 456 453 452 457 453 457 458 453 458 459 522 523 524 523 522 525 532 533 534 533 532 535 535 532 536 535 536 537 537 536 538 538 536 539 538 539 540 540 539 541 540 541 542 542 541 543 542 543 544 544 543 545 544 545 546 546 545 547 546 547 548 548 547 549 549 547 550 549 550 551 551 550 552 552 550 553 552 553 554 552 554 555 555 554 556 555 556 557 557 556 558 557 558 559 589 590 591 590 589 592 599 600 601 600 599 602 609 601 610 601 609 599 615 616 617 616 615 618 618 615 619 619 615 620 631 632 633 632 631 634 641 642 643 642 641 644 651 652 653 652 651 654 661 662 663 662 661 664 671 672 673 672 671 674</p>
                </triangles>
                <triangles count="223" material="Material3">
                    <input offset="0" semantic="VERTEX" source="#ID55" />
                    <p>7 8 9 8 10 9 10 11 9 9 11 12 13 12 11 158 159 160 161 162 163 162 164 163 164 165 163 165 166 163 166 167 163 167 168 163 168 169 163 169 170 163 170 171 163 171 172 163 172 173 163 173 174 163 174 175 163 175 176 163 176 177 163 177 178 163 178 179 163 180 181 182 182 181 183 183 181 184 184 181 185 181 186 185 186 187 185 185 187 179 179 187 163 187 188 163 188 189 163 190 191 189 191 192 189 192 193 189 189 193 163 193 194 163 195 196 197 196 198 197 198 199 197 199 200 197 200 201 197 197 201 202 202 201 194 201 203 194 163 194 204 194 203 204 204 203 205 206 205 203 207 208 209 209 208 210 210 208 211 211 208 212 212 208 213 213 208 214 214 208 215 215 208 216 216 208 217 217 208 218 218 208 219 219 208 220 220 208 221 221 208 222 222 208 223 223 208 224 180 225 181 225 226 181 226 227 181 227 228 181 228 224 181 224 208 181 181 208 229 230 231 232 232 231 233 233 231 234 234 231 235 235 231 236 231 229 236 236 229 237 208 238 229 237 229 238 186 239 187 239 240 187 240 241 187 241 242 187 242 243 187 243 244 187 244 245 187 245 246 187 246 247 187 247 248 187 187 248 249 248 250 249 250 251 249 252 253 251 249 251 254 251 253 254 254 253 255 255 253 256 253 257 256 257 258 256 258 259 256 259 260 256 256 260 261 261 260 262 260 263 262 262 263 264 263 265 264 265 266 264 264 266 160 160 266 158 266 267 158 268 158 267 241 240 269 269 240 270 270 240 271 245 271 246 271 240 246 246 240 272 240 273 272 272 273 274 273 275 274 274 275 276 275 277 276 276 277 278 278 277 279 277 280 279 279 280 281 281 280 282 280 283 282 283 284 282 285 282 284 246 286 247 247 286 287 287 286 251 252 251 286 193 192 288 288 192 289 192 290 289 290 291 289 292 289 291 259 258 293 294 293 258 460 461 462 461 463 462 463 464 462 465 466 467 468 469 466 466 469 467 467 469 464 462 464 469 470 471 472 471 473 472 473 474 472 474 475 472 475 476 472 476 477 472 472 477 478 479 478 477 471 470 480 480 470 481 481 470 482 482 470 483 483 470 484 484 470 485 485 470 486 486 470 487 468 488 469 488 489 469 489 490 469 470 491 487 487 491 492 492 491 490 469 490 491 526 527 528 529 528 527 560 561 562 561 563 562 562 563 564 563 565 564 564 565 566 565 567 566 567 568 566 566 568 569 569 568 570 568 571 570 570 571 572 572 571 573 571 574 573 573 574 575 574 576 575 575 576 577 576 578 577 577 578 579 578 580 579 579 580 581 580 582 581 581 582 583 583 582 584 582 585 584 584 585 586 587 586 585 593 594 595 596 595 594 603 604 605 606 605 604 604 611 606 612 606 611 621 622 623 623 622 624 624 622 625 626 625 622 635 636 637 638 637 636 645 646 647 648 647 646 655 656 657 658 657 656 665 666 667 668 667 666 675 676 677 678 677 676</p>
                </triangles>
                <!-- <lines count="177" material="Material4">
                    <input offset="0" semantic="VERTEX" source="#ID55" />
                    <p>14 15 16 14 17 16 18 17 19 18 20 19 15 20 295 17 296 295 297 296 298 297 299 298 300 299 301 300 302 301 303 302 304 303 305 304 306 305 307 306 308 307 309 308 310 309 311 310 312 311 313 312 314 313 315 314 316 315 317 316 318 317 319 318 320 319 321 320 322 321 323 322 324 323 325 324 326 325 327 326 328 327 329 328 330 329 331 330 332 331 333 332 334 333 335 334 336 335 337 336 338 337 339 338 340 339 341 340 342 341 343 342 344 343 345 344 346 345 347 346 348 347 349 348 350 349 351 350 352 351 353 352 354 353 355 354 356 355 357 356 358 357 359 358 360 359 361 360 362 361 363 362 364 363 365 364 366 365 367 366 16 367 14 368 369 368 369 370 370 371 372 371 373 372 374 373 375 374 376 375 377 376 378 377 379 378 380 379 381 380 381 382 382 383 383 384 384 385 385 386 386 387 387 388 388 389 389 390 390 391 391 392 392 393 393 394 394 395 395 396 396 397 397 398 398 399 399 400 400 401 401 402 402 403 403 404 404 405 405 406 406 407 407 408 408 409 409 410 410 411 412 411 413 412 19 413 414 415 415 416 416 417 417 418 418 419 419 420 420 421 421 414 422 423 423 424 424 425 425 426 426 422 494 369 368 495 495 496 496 413 497 412 530 370 531 530 371 531 495 597 598 597 496 598 597 607 608 607 598 608 608 613 607 614 614 613 607 627 628 627 629 628 630 629 630 608 639 640 639 613 614 640 649 650 628 650 629 649 659 628 660 659 629 660 639 669 640 670 670 669 649 660 659 650</p>
                </lines>
                <lines count="28" material="Material5">
                    <input offset="0" semantic="VERTEX" source="#ID55" />
                    <p>493 494 497 498 498 499 499 500 500 501 501 502 502 503 503 504 504 505 505 506 506 507 507 508 508 509 509 510 510 511 511 512 512 513 513 514 514 515 515 516 516 517 517 518 518 519 519 520 520 521 521 493 588 497 494 588</p>
                </lines> -->
            </mesh>
        </geometry>
        <geometry id="ID65">
            <mesh>
                <source id="ID68">
                    <float_array id="ID72" count="1344">57.11213 121.2598 113.6056 61.39181 121.2598 113.6056 59.25197 121.2598 113.3239 55.11811 121.2598 114.4316 63.38583 121.2598 114.4316 53.40581 121.2598 115.7455 65.09813 121.2598 115.7455 66.41202 121.2598 117.4578 52.09192 121.2598 117.4578 51.26597 121.2598 119.4518 67.23797 121.2598 119.4518 50.98425 121.2598 121.5916 67.51969 121.2598 121.5916 51.26597 121.2598 123.7315 67.23797 121.2598 123.7315 66.41202 121.2598 125.7255 52.09192 121.2598 125.7255 53.40581 121.2598 127.4378 65.09813 121.2598 127.4378 64.64547 121.2598 128.003 53.9043 121.2598 127.9736 54.36285 121.2598 128.544 64.22676 121.2598 128.5938 54.77906 121.2598 129.146 63.84344 121.2598 129.2081 55.15078 121.2598 129.7764 63.49684 121.2598 129.8439 55.47607 121.2598 130.432 63.18815 121.2598 130.499 55.75324 121.2598 131.1093 62.91843 121.2598 131.171 55.98083 121.2598 131.8049 62.68861 121.2598 131.8577 56.15766 121.2598 132.515 62.49949 121.2598 132.5567 56.28282 121.2598 133.2361 62.35172 121.2598 133.2656 56.34309 121.2598 133.8387 62.2458 121.2598 133.9819 56.35566 121.2598 133.9643 56.37578 121.2598 134.6959 62.1821 121.2598 134.7032 56.34309 121.2598 135.427 62.16084 121.2598 135.427 56.34309 121.2598 258.6614 62.16084 121.2598 258.6614 62.16084 121.2598 258.6614 56.34309 121.2598 258.6614 62.16084 121.2598 135.427 56.34309 121.2598 135.427 62.1821 121.2598 134.7032 56.37578 121.2598 134.6959 62.2458 121.2598 133.9819 56.35566 121.2598 133.9643 56.34309 121.2598 133.8387 62.35172 121.2598 133.2656 56.28282 121.2598 133.2361 62.49949 121.2598 132.5567 56.15766 121.2598 132.515 62.68861 121.2598 131.8577 55.98083 121.2598 131.8049 62.91843 121.2598 131.171 55.75324 121.2598 131.1093 63.18815 121.2598 130.499 55.47607 121.2598 130.432 63.49684 121.2598 129.8439 55.15078 121.2598 129.7764 63.84344 121.2598 129.2081 54.77906 121.2598 129.146 64.22676 121.2598 128.5938 54.36285 121.2598 128.544 64.64547 121.2598 128.003 53.9043 121.2598 127.9736 53.40581 121.2598 127.4378 65.09813 121.2598 127.4378 66.41202 121.2598 125.7255 52.09192 121.2598 125.7255 51.26597 121.2598 123.7315 67.23797 121.2598 123.7315 67.51969 121.2598 121.5916 50.98425 121.2598 121.5916 67.23797 121.2598 119.4518 51.26597 121.2598 119.4518 66.41202 121.2598 117.4578 52.09192 121.2598 117.4578 53.40581 121.2598 115.7455 65.09813 121.2598 115.7455 63.38583 121.2598 114.4316 55.11811 121.2598 114.4316 61.39181 121.2598 113.6056 57.11213 121.2598 113.6056 59.25197 121.2598 113.3239 56.28282 121.2598 133.2361 56.34309 121.2598 133.8387 56.35566 121.2598 133.9643 56.37578 121.2598 134.6959 56.34309 121.2598 135.427 56.34309 121.2598 258.6614 62.16084 121.2598 258.6614 62.16084 121.2598 135.427 62.1821 121.2598 134.7032 62.2458 121.2598 133.9819 62.35172 121.2598 133.2656 62.49949 121.2598 132.5567 62.68861 121.2598 131.8577 62.91843 121.2598 131.171 63.18815 121.2598 130.499 63.49684 121.2598 129.8439 63.84344 121.2598 129.2081 64.22676 121.2598 128.5938 64.64547 121.2598 128.003 65.09813 121.2598 127.4378 66.41202 121.2598 125.7255 67.23797 121.2598 123.7315 67.51969 121.2598 121.5916 67.23797 121.2598 119.4518 66.41202 121.2598 117.4578 65.09813 121.2598 115.7455 63.38583 121.2598 114.4316 61.39181 121.2598 113.6056 59.25197 121.2598 113.3239 57.11213 121.2598 113.6056 55.11811 121.2598 114.4316 53.40581 121.2598 115.7455 52.09192 121.2598 117.4578 51.26597 121.2598 119.4518 50.98425 121.2598 121.5916 51.26597 121.2598 123.7315 52.09192 121.2598 125.7255 53.40581 121.2598 127.4378 53.9043 121.2598 127.9736 54.36285 121.2598 128.544 54.77906 121.2598 129.146 55.15078 121.2598 129.7764 55.47607 121.2598 130.432 55.75324 121.2598 131.1093 55.98083 121.2598 131.8049 56.15766 121.2598 132.515 59.25197 112.0512 263.3255 56.34309 121.2598 258.6614 56.34309 111.7095 263.4986 62.16084 121.2598 258.6614 62.16084 111.7095 263.4986 62.16084 111.7095 263.4986 59.25197 112.0512 263.3255 62.16084 121.2598 258.6614 56.34309 121.2598 258.6614 56.34309 111.7095 263.4986 56.34309 111.7095 263.4986 59.25197 112.0512 263.3255 62.16084 111.7095 263.4986 56.34309 111.7095 263.4986 59.25197 113.8301 266.8377 59.25197 112.0512 263.3255 53.43422 111.3679 263.6716 53.43422 113.1468 267.1838 53.43422 113.1468 267.1838 53.43422 111.3679 263.6716 59.25197 113.8301 266.8377 56.34309 111.7095 263.4986 59.25197 112.0512 263.3255 53.43422 111.3679 263.6716 53.43422 113.1468 267.1838 59.25197 113.8301 266.8377 62.16084 111.7095 263.4986 65.06972 111.3679 263.6716 65.06972 113.1468 267.1838 65.06972 113.1468 267.1838 65.06972 111.3679 263.6716 62.16084 111.7095 263.4986 65.06972 113.1468 267.1838 65.06972 111.3679 263.6716 48.01294 109.3646 264.6863 48.01294 111.1435 268.1985 48.01294 111.1435 268.1985 48.01294 109.3646 264.6863 48.01294 109.3646 264.6863 48.01294 111.1435 268.1985 37.53983 88.58744 279.623 38.89684 88.91182 279.4587 38.17879 93.77745 276.9943 39.7854 83.75113 282.0725 41.00206 84.37777 281.7551 43.35758 79.59809 284.176 44.35098 80.4843 283.7272 48.01294 76.41136 285.7901 48.71538 77.49674 285.2403 53.43422 74.40809 286.8047 53.79783 75.61867 286.1916 59.25197 73.72481 287.1508 59.25197 74.9781 286.516 65.06972 74.40809 286.8047 64.70611 75.61867 286.1916 69.78856 77.49674 285.2403 70.491 76.41136 285.7901 74.15296 80.4843 283.7272 75.14636 79.59809 284.176 77.50188 84.37777 281.7551 78.71854 83.75113 282.0725 77.64807 84.69262 281.5957 79.6071 88.91182 279.4587 78.87447 84.08697 281.9024 80.96411 88.58744 279.623 80.32515 93.77745 276.9943 37.53983 98.96745 274.3656 36.77391 93.77745 276.9943 38.89684 98.64307 274.5299 39.62946 103.4679 272.0861 40.85587 102.8623 272.3929 39.7854 103.8038 271.916 41.00206 103.1771 272.2334 43.35758 107.9568 269.8125 44.35098 107.0706 270.2614 48.01294 111.1435 268.1985 48.71538 110.0582 268.7482 53.43422 113.1468 267.1838 53.79783 111.9362 267.797 59.25197 113.8301 266.8377 59.25197 112.5768 267.4725 64.70611 111.9362 267.797 65.06972 113.1468 267.1838 69.78856 110.0582 268.7482 70.491 111.1435 268.1985 74.15296 107.0706 270.2614 75.14636 107.9568 269.8125 77.50188 103.1771 272.2334 78.71854 103.8038 271.916 79.6071 98.64307 274.5299 80.96411 98.96745 274.3656 81.73003 93.77745 276.9943 81.73003 93.77745 276.9943 80.96411 88.58744 279.623 80.96411 98.96745 274.3656 80.32515 93.77745 276.9943 79.6071 98.64307 274.5299 78.71854 103.8038 271.916 77.50188 103.1771 272.2334 75.14636 107.9568 269.8125 74.15296 107.0706 270.2614 70.491 111.1435 268.1985 69.78856 110.0582 268.7482 65.06972 113.1468 267.1838 64.70611 111.9362 267.797 59.25197 113.8301 266.8377 59.25197 112.5768 267.4725 53.79783 111.9362 267.797 53.43422 113.1468 267.1838 48.71538 110.0582 268.7482 48.01294 111.1435 268.1985 44.35098 107.0706 270.2614 43.35758 107.9568 269.8125 41.00206 103.1771 272.2334 39.7854 103.8038 271.916 40.85587 102.8623 272.3929 39.62946 103.4679 272.0861 38.89684 98.64307 274.5299 37.53983 98.96745 274.3656 38.17879 93.77745 276.9943 37.53983 88.58744 279.623 36.77391 93.77745 276.9943 79.6071 88.91182 279.4587 78.87447 84.08697 281.9024 78.71854 83.75113 282.0725 77.64807 84.69262 281.5957 77.50188 84.37777 281.7551 75.14636 79.59809 284.176 74.15296 80.4843 283.7272 70.491 76.41136 285.7901 69.78856 77.49674 285.2403 65.06972 74.40809 286.8047 64.70611 75.61867 286.1916 59.25197 74.9781 286.516 59.25197 73.72481 287.1508 53.79783 75.61867 286.1916 53.43422 74.40809 286.8047 48.71538 77.49674 285.2403 48.01294 76.41136 285.7901 44.35098 80.4843 283.7272 43.35758 79.59809 284.176 41.00206 84.37777 281.7551 39.7854 83.75113 282.0725 38.89684 88.91182 279.4587 78.87447 84.08697 281.9024 78.71854 83.75113 282.0725 80.96411 88.58744 279.623 81.73003 93.77745 276.9943 80.96411 98.96745 274.3656 78.71854 103.8038 271.916 75.14636 107.9568 269.8125 70.491 111.1435 268.1985 43.35758 107.9568 269.8125 39.7854 103.8038 271.916 39.62946 103.4679 272.0861 37.53983 98.96745 274.3656 36.77391 93.77745 276.9943 37.53983 88.58744 279.623 39.7854 83.75113 282.0725 43.35758 79.59809 284.176 48.01294 76.41136 285.7901 53.43422 74.40809 286.8047 59.25197 73.72481 287.1508 65.06972 74.40809 286.8047 70.491 76.41136 285.7901 75.14636 79.59809 284.176 79.6071 88.91182 279.4587 77.64807 84.69262 281.5957 77.50188 84.37777 281.7551 74.15296 80.4843 283.7272 69.78856 77.49674 285.2403 64.70611 75.61867 286.1916 59.25197 74.9781 286.516 53.79783 75.61867 286.1916 48.71538 77.49674 285.2403 44.35098 80.4843 283.7272 41.00206 84.37777 281.7551 38.89684 88.91182 279.4587 38.17879 93.77745 276.9943 38.89684 98.64307 274.5299 40.85587 102.8623 272.3929 41.00206 103.1771 272.2334 44.35098 107.0706 270.2614 48.71538 110.0582 268.7482 53.79783 111.9362 267.797 59.25197 112.5768 267.4725 64.70611 111.9362 267.797 69.78856 110.0582 268.7482 74.15296 107.0706 270.2614 77.50188 103.1771 272.2334 79.6071 98.64307 274.5299 80.32515 93.77745 276.9943 70.491 109.3646 264.6863 70.491 111.1435 268.1985 70.491 111.1435 268.1985 70.491 109.3646 264.6863 70.491 109.3646 264.6863 43.35758 106.1779 266.3003 43.35758 107.9568 269.8125 43.35758 107.9568 269.8125 43.35758 106.1779 266.3003 43.35758 106.1779 266.3003 78.87447 82.30806 278.3902 78.71854 83.75113 282.0725 78.71854 81.97222 278.5603 78.87447 84.08697 281.9024 78.87447 84.08697 281.9024 78.87447 82.30806 278.3902 78.71854 83.75113 282.0725 78.71854 81.97222 278.5603 78.87447 82.30806 278.3902 78.71854 81.97222 278.5603 80.96411 86.80854 276.1108 78.87447 84.08697 281.9024 78.87447 82.30806 278.3902 80.96411 88.58744 279.623 80.96411 88.58744 279.623 80.96411 86.80854 276.1108 78.87447 84.08697 281.9024 78.87447 82.30806 278.3902 80.96411 86.80854 276.1108 81.73003 91.99854 273.4821 81.73003 93.77745 276.9943 81.73003 93.77745 276.9943 81.73003 91.99854 273.4821 81.73003 91.99854 273.4821 80.96411 97.18854 270.8534 80.96411 98.96745 274.3656 80.96411 98.96745 274.3656 80.96411 97.18854 270.8534 80.96411 97.18854 270.8534 78.71854 102.0249 268.4038 78.71854 103.8038 271.916 78.71854 103.8038 271.916 78.71854 102.0249 268.4038 78.71854 102.0249 268.4038 75.14636 106.1779 266.3003 75.14636 107.9568 269.8125 75.14636 107.9568 269.8125 75.14636 106.1779 266.3003 75.14636 106.1779 266.3003 39.7854 103.8038 271.916 39.7854 102.0249 268.4038 39.7854 103.8038 271.916 39.7854 102.0249 268.4038 39.7854 102.0249 268.4038 39.62946 103.4679 272.0861 39.62946 101.689 268.5739 39.62946 103.4679 272.0861 39.62946 101.689 268.5739 39.62946 101.689 268.5739 37.53983 98.96745 274.3656 39.62946 101.689 268.5739 37.53983 97.18854 270.8534 39.62946 103.4679 272.0861 39.62946 103.4679 272.0861 37.53983 98.96745 274.3656 39.62946 101.689 268.5739 37.53983 97.18854 270.8534 37.53983 97.18854 270.8534 36.77391 93.77745 276.9943 36.77391 91.99854 273.4821 36.77391 93.77745 276.9943 36.77391 91.99854 273.4821 36.77391 91.99854 273.4821 37.53983 88.58744 279.623 37.53983 86.80854 276.1108 37.53983 88.58744 279.623 37.53983 86.80854 276.1108 37.53983 86.80854 276.1108 39.7854 83.75113 282.0725 39.7854 81.97222 278.5603 39.7854 83.75113 282.0725 39.7854 81.97222 278.5603 39.7854 81.97222 278.5603 43.35758 79.59809 284.176 43.35758 77.81919 280.6638 43.35758 79.59809 284.176 43.35758 77.81919 280.6638 43.35758 77.81919 280.6638 48.01294 74.63245 282.2779 48.01294 76.41136 285.7901 48.01294 76.41136 285.7901 48.01294 74.63245 282.2779 48.01294 74.63245 282.2779 53.43422 72.62918 283.2925 53.43422 74.40809 286.8047 53.43422 74.40809 286.8047 53.43422 72.62918 283.2925 53.43422 72.62918 283.2925 59.25197 71.94591 283.6386 59.25197 73.72481 287.1508 59.25197 73.72481 287.1508 59.25197 71.94591 283.6386 59.25197 71.94591 283.6386 65.06972 74.40809 286.8047 65.06972 72.62918 283.2925 65.06972 74.40809 286.8047 65.06972 72.62918 283.2925 65.06972 72.62918 283.2925 70.491 76.41136 285.7901 70.491 74.63245 282.2779 70.491 76.41136 285.7901 70.491 74.63245 282.2779 70.491 74.63245 282.2779 75.14636 79.59809 284.176 75.14636 77.81919 280.6638 75.14636 79.59809 284.176 75.14636 77.81919 280.6638 75.14636 77.81919 280.6638</float_array>
                    <technique_common>
                        <accessor count="448" source="#ID72" stride="3">
                            <param name="X" type="float" />
                            <param name="Y" type="float" />
                            <param name="Z" type="float" />
                        </accessor>
                    </technique_common>
                </source>
                <source id="ID69">
                    <float_array id="ID73" count="1344">-1.051802e-30 1 -3.414967e-32 -1.051802e-30 1 -3.414967e-32 -1.051802e-30 1 -3.414967e-32 -1.051802e-30 1 -3.414967e-32 -1.051802e-30 1 -3.414967e-32 -1.051802e-30 1 -3.414967e-32 -1.051802e-30 1 -3.414967e-32 -1.051802e-30 1 -3.414967e-32 -1.051802e-30 1 -3.414967e-32 -1.051802e-30 1 -3.414967e-32 -1.051802e-30 1 -3.414967e-32 -1.051802e-30 1 -3.414967e-32 -1.051802e-30 1 -3.414967e-32 -1.051802e-30 1 -3.414967e-32 -1.051802e-30 1 -3.414967e-32 -1.051802e-30 1 -3.414967e-32 -1.051802e-30 1 -3.414967e-32 -1.051802e-30 1 -3.414967e-32 -1.051802e-30 1 -3.414967e-32 -1.051802e-30 1 -3.414967e-32 -1.051802e-30 1 -3.414967e-32 -1.051802e-30 1 -3.414967e-32 -1.051802e-30 1 -3.414967e-32 -1.051802e-30 1 -3.414967e-32 -1.051802e-30 1 -3.414967e-32 -1.051802e-30 1 -3.414967e-32 -1.051802e-30 1 -3.414967e-32 -1.051802e-30 1 -3.414967e-32 -1.051802e-30 1 -3.414967e-32 -1.051802e-30 1 -3.414967e-32 -1.051802e-30 1 -3.414967e-32 -1.051802e-30 1 -3.414967e-32 -1.051802e-30 1 -3.414967e-32 -1.051802e-30 1 -3.414967e-32 -1.051802e-30 1 -3.414967e-32 -1.051802e-30 1 -3.414967e-32 -1.051802e-30 1 -3.414967e-32 -1.051802e-30 1 -3.414967e-32 -1.051802e-30 1 -3.414967e-32 -1.051802e-30 1 -3.414967e-32 -1.051802e-30 1 -3.414967e-32 -1.051802e-30 1 -3.414967e-32 -1.051802e-30 1 -3.414967e-32 -1.051802e-30 1 -3.414967e-32 -1.051802e-30 1 -3.414967e-32 -1.051802e-30 1 -3.414967e-32 1.051802e-30 -1 3.414967e-32 1.051802e-30 -1 3.414967e-32 1.051802e-30 -1 3.414967e-32 1.051802e-30 -1 3.414967e-32 1.051802e-30 -1 3.414967e-32 1.051802e-30 -1 3.414967e-32 1.051802e-30 -1 3.414967e-32 1.051802e-30 -1 3.414967e-32 1.051802e-30 -1 3.414967e-32 1.051802e-30 -1 3.414967e-32 1.051802e-30 -1 3.414967e-32 1.051802e-30 -1 3.414967e-32 1.051802e-30 -1 3.414967e-32 1.051802e-30 -1 3.414967e-32 1.051802e-30 -1 3.414967e-32 1.051802e-30 -1 3.414967e-32 1.051802e-30 -1 3.414967e-32 1.051802e-30 -1 3.414967e-32 1.051802e-30 -1 3.414967e-32 1.051802e-30 -1 3.414967e-32 1.051802e-30 -1 3.414967e-32 1.051802e-30 -1 3.414967e-32 1.051802e-30 -1 3.414967e-32 1.051802e-30 -1 3.414967e-32 1.051802e-30 -1 3.414967e-32 1.051802e-30 -1 3.414967e-32 1.051802e-30 -1 3.414967e-32 1.051802e-30 -1 3.414967e-32 1.051802e-30 -1 3.414967e-32 1.051802e-30 -1 3.414967e-32 1.051802e-30 -1 3.414967e-32 1.051802e-30 -1 3.414967e-32 1.051802e-30 -1 3.414967e-32 1.051802e-30 -1 3.414967e-32 1.051802e-30 -1 3.414967e-32 1.051802e-30 -1 3.414967e-32 1.051802e-30 -1 3.414967e-32 1.051802e-30 -1 3.414967e-32 1.051802e-30 -1 3.414967e-32 1.051802e-30 -1 3.414967e-32 1.051802e-30 -1 3.414967e-32 1.051802e-30 -1 3.414967e-32 1.051802e-30 -1 3.414967e-32 1.051802e-30 -1 3.414967e-32 1.051802e-30 -1 3.414967e-32 1.051802e-30 -1 3.414967e-32 0 0 0 0 0 0 0 0 0 0 0 0 0 0 0 0 0 0 0 0 0 0 0 0 0 0 0 0 0 0 0 0 0 0 0 0 0 0 0 0 0 0 0 0 0 0 0 0 0 0 0 0 0 0 0 0 0 0 0 0 0 0 0 0 0 0 0 0 0 0 0 0 0 0 0 0 0 0 0 0 0 0 0 0 0 0 0 0 0 0 0 0 0 0 0 0 0 0 0 0 0 0 0 0 0 0 0 0 0 0 0 0 0 0 0 0 0 0 0 0 0 0 0 0 0 0 0 0 0 0 0 0 0 0 0 0 0 0 -2.128188e-17 0.4518419 0.892098 -2.128188e-17 0.4518419 0.892098 -2.128188e-17 0.4518419 0.892098 -2.128188e-17 0.4518419 0.892098 -2.128188e-17 0.4518419 0.892098 2.128188e-17 -0.4518419 -0.892098 2.128188e-17 -0.4518419 -0.892098 2.128188e-17 -0.4518419 -0.892098 2.128188e-17 -0.4518419 -0.892098 2.128188e-17 -0.4518419 -0.892098 0 0 0 0 0 0 0 0 0 -0.1305262 0.884466 -0.4479763 2.495111e-16 0.892098 -0.4518419 2.495111e-16 0.892098 -0.4518419 -0.258819 0.8617005 -0.4364457 -0.258819 0.8617005 -0.4364457 0.258819 -0.8617005 0.4364457 0.258819 -0.8617005 0.4364457 -2.495111e-16 -0.892098 0.4518419 0.1305262 -0.884466 0.4479763 -2.495111e-16 -0.892098 0.4518419 0 0 0 0 0 0 0 0 0 0.1305262 0.884466 -0.4479763 0.258819 0.8617005 -0.4364457 0.258819 0.8617005 -0.4364457 -0.258819 -0.8617005 0.4364457 -0.258819 -0.8617005 0.4364457 -0.1305262 -0.884466 0.4479763 0 0 0 0 0 0 -0.5 0.7725796 -0.3913065 -0.5 0.7725796 -0.3913065 0.5 -0.7725796 0.3913065 0.5 -0.7725796 0.3913065 0 0 0 0 0 0 2.001624e-16 0.4518419 0.892098 2.001624e-16 0.4518419 0.892098 2.001624e-16 0.4518419 0.892098 2.001624e-16 0.4518419 0.892098 2.001624e-16 0.4518419 0.892098 2.001624e-16 0.4518419 0.892098 2.001624e-16 0.4518419 0.892098 2.001624e-16 0.4518419 0.892098 2.001624e-16 0.4518419 0.892098 2.001624e-16 0.4518419 0.892098 2.001624e-16 0.4518419 0.892098 2.001624e-16 0.4518419 0.892098 2.001624e-16 0.4518419 0.892098 2.001624e-16 0.4518419 0.892098 2.001624e-16 0.4518419 0.892098 2.001624e-16 0.4518419 0.892098 2.001624e-16 0.4518419 0.892098 2.001624e-16 0.4518419 0.892098 2.001624e-16 0.4518419 0.892098 2.001624e-16 0.4518419 0.892098 2.001624e-16 0.4518419 0.892098 2.001624e-16 0.4518419 0.892098 2.001624e-16 0.4518419 0.892098 2.001624e-16 0.4518419 0.892098 2.001624e-16 0.4518419 0.892098 2.001624e-16 0.4518419 0.892098 2.001624e-16 0.4518419 0.892098 2.001624e-16 0.4518419 0.892098 2.001624e-16 0.4518419 0.892098 2.001624e-16 0.4518419 0.892098 2.001624e-16 0.4518419 0.892098 2.001624e-16 0.4518419 0.892098 2.001624e-16 0.4518419 0.892098 2.001624e-16 0.4518419 0.892098 2.001624e-16 0.4518419 0.892098 2.001624e-16 0.4518419 0.892098 2.001624e-16 0.4518419 0.892098 2.001624e-16 0.4518419 0.892098 2.001624e-16 0.4518419 0.892098 2.001624e-16 0.4518419 0.892098 2.001624e-16 0.4518419 0.892098 2.001624e-16 0.4518419 0.892098 2.001624e-16 0.4518419 0.892098 2.001624e-16 0.4518419 0.892098 2.001624e-16 0.4518419 0.892098 2.001624e-16 0.4518419 0.892098 2.001624e-16 0.4518419 0.892098 2.001624e-16 0.4518419 0.892098 2.001624e-16 0.4518419 0.892098 2.001624e-16 0.4518419 0.892098 2.001624e-16 0.4518419 0.892098 2.001624e-16 0.4518419 0.892098 -2.001624e-16 -0.4518419 -0.892098 -2.001624e-16 -0.4518419 -0.892098 -2.001624e-16 -0.4518419 -0.892098 -2.001624e-16 -0.4518419 -0.892098 -2.001624e-16 -0.4518419 -0.892098 -2.001624e-16 -0.4518419 -0.892098 -2.001624e-16 -0.4518419 -0.892098 -2.001624e-16 -0.4518419 -0.892098 -2.001624e-16 -0.4518419 -0.892098 -2.001624e-16 -0.4518419 -0.892098 -2.001624e-16 -0.4518419 -0.892098 -2.001624e-16 -0.4518419 -0.892098 -2.001624e-16 -0.4518419 -0.892098 -2.001624e-16 -0.4518419 -0.892098 -2.001624e-16 -0.4518419 -0.892098 -2.001624e-16 -0.4518419 -0.892098 -2.001624e-16 -0.4518419 -0.892098 -2.001624e-16 -0.4518419 -0.892098 -2.001624e-16 -0.4518419 -0.892098 -2.001624e-16 -0.4518419 -0.892098 -2.001624e-16 -0.4518419 -0.892098 -2.001624e-16 -0.4518419 -0.892098 -2.001624e-16 -0.4518419 -0.892098 -2.001624e-16 -0.4518419 -0.892098 -2.001624e-16 -0.4518419 -0.892098 -2.001624e-16 -0.4518419 -0.892098 -2.001624e-16 -0.4518419 -0.892098 -2.001624e-16 -0.4518419 -0.892098 -2.001624e-16 -0.4518419 -0.892098 -2.001624e-16 -0.4518419 -0.892098 -2.001624e-16 -0.4518419 -0.892098 -2.001624e-16 -0.4518419 -0.892098 -2.001624e-16 -0.4518419 -0.892098 -2.001624e-16 -0.4518419 -0.892098 -2.001624e-16 -0.4518419 -0.892098 -2.001624e-16 -0.4518419 -0.892098 -2.001624e-16 -0.4518419 -0.892098 -2.001624e-16 -0.4518419 -0.892098 -2.001624e-16 -0.4518419 -0.892098 -2.001624e-16 -0.4518419 -0.892098 -2.001624e-16 -0.4518419 -0.892098 -2.001624e-16 -0.4518419 -0.892098 -2.001624e-16 -0.4518419 -0.892098 -2.001624e-16 -0.4518419 -0.892098 -2.001624e-16 -0.4518419 -0.892098 -2.001624e-16 -0.4518419 -0.892098 -2.001624e-16 -0.4518419 -0.892098 -2.001624e-16 -0.4518419 -0.892098 -2.001624e-16 -0.4518419 -0.892098 -2.001624e-16 -0.4518419 -0.892098 -2.001624e-16 -0.4518419 -0.892098 -2.001624e-16 -0.4518419 -0.892098 0 0 0 0 0 0 0 0 0 0 0 0 0 0 0 0 0 0 0 0 0 0 0 0 0 0 0 0 0 0 0 0 0 0 0 0 0 0 0 0 0 0 0 0 0 0 0 0 0 0 0 0 0 0 0 0 0 0 0 0 0 0 0 0 0 0 0 0 0 0 0 0 0 0 0 0 0 0 0 0 0 0 0 0 0 0 0 0 0 0 0 0 0 0 0 0 0 0 0 0 0 0 0 0 0 0 0 0 0 0 0 0 0 0 0 0 0 0 0 0 0 0 0 0 0 0 0 0 0 0 0 0 0 0 0 0 0 0 0 0 0 0 0 0 0.5 0.7725796 -0.3913065 0.5 0.7725796 -0.3913065 -0.5 -0.7725796 0.3913065 -0.5 -0.7725796 0.3913065 0 0 0 -0.7071068 0.6308086 -0.3195004 -0.7071068 0.6308086 -0.3195004 0.7071068 -0.6308086 0.3195004 0.7071068 -0.6308086 0.3195004 0 0 0 0.9238795 -0.3413911 0.1729124 0.8660254 -0.446049 0.2259209 0.8660254 -0.446049 0.2259209 0.9238795 -0.3413911 0.1729124 -0.9238795 0.3413911 -0.1729124 -0.9238795 0.3413911 -0.1729124 -0.8660254 0.446049 -0.2259209 -0.8660254 0.446049 -0.2259209 0 0 0 0 0 0 0.9659258 -0.230892 0.1169453 0.9238795 -0.3413911 0.1729124 0.9238795 -0.3413911 0.1729124 0.9659258 -0.230892 0.1169453 -0.9659258 0.230892 -0.1169453 -0.9659258 0.230892 -0.1169453 -0.9238795 0.3413911 -0.1729124 -0.9238795 0.3413911 -0.1729124 0 0 0 1 -3.020866e-15 1.305478e-15 1 2.610955e-15 -1.550533e-15 -1 -2.610955e-15 1.550533e-15 -1 3.020866e-15 -1.305478e-15 0 0 0 0.9659258 0.230892 -0.1169453 0.9659258 0.230892 -0.1169453 -0.9659258 -0.230892 0.1169453 -0.9659258 -0.230892 0.1169453 0 0 0 0.8660254 0.446049 -0.2259209 0.8660254 0.446049 -0.2259209 -0.8660254 -0.446049 0.2259209 -0.8660254 -0.446049 0.2259209 0 0 0 0.7071068 0.6308086 -0.3195004 0.7071068 0.6308086 -0.3195004 -0.7071068 -0.6308086 0.3195004 -0.7071068 -0.6308086 0.3195004 0 0 0 -0.8660254 0.446049 -0.2259209 -0.8660254 0.446049 -0.2259209 0.8660254 -0.446049 0.2259209 0.8660254 -0.446049 0.2259209 0 0 0 -0.9238795 0.3413911 -0.1729124 -0.9238795 0.3413911 -0.1729124 0.9238795 -0.3413911 0.1729124 0.9238795 -0.3413911 0.1729124 0 0 0 -0.9659258 0.230892 -0.1169453 -0.9238795 0.3413911 -0.1729124 -0.9659258 0.230892 -0.1169453 -0.9238795 0.3413911 -0.1729124 0.9238795 -0.3413911 0.1729124 0.9659258 -0.230892 0.1169453 0.9238795 -0.3413911 0.1729124 0.9659258 -0.230892 0.1169453 0 0 0 -1 2.4862e-15 -1.038144e-15 -1 -3.145622e-15 1.817866e-15 1 -2.4862e-15 1.038144e-15 1 3.145622e-15 -1.817866e-15 0 0 0 -0.9659258 -0.230892 0.1169453 -0.9659258 -0.230892 0.1169453 0.9659258 0.230892 -0.1169453 0.9659258 0.230892 -0.1169453 0 0 0 -0.8660254 -0.446049 0.2259209 -0.8660254 -0.446049 0.2259209 0.8660254 0.446049 -0.2259209 0.8660254 0.446049 -0.2259209 0 0 0 -0.7071068 -0.6308086 0.3195004 -0.7071068 -0.6308086 0.3195004 0.7071068 0.6308086 -0.3195004 0.7071068 0.6308086 -0.3195004 0 0 0 -0.5 -0.7725796 0.3913065 -0.5 -0.7725796 0.3913065 0.5 0.7725796 -0.3913065 0.5 0.7725796 -0.3913065 0 0 0 -0.258819 -0.8617005 0.4364457 -0.258819 -0.8617005 0.4364457 0.258819 0.8617005 -0.4364457 0.258819 0.8617005 -0.4364457 0 0 0 -7.128888e-17 -0.892098 0.4518419 -7.128888e-17 -0.892098 0.4518419 7.128888e-17 0.892098 -0.4518419 7.128888e-17 0.892098 -0.4518419 0 0 0 0.258819 -0.8617005 0.4364457 0.258819 -0.8617005 0.4364457 -0.258819 0.8617005 -0.4364457 -0.258819 0.8617005 -0.4364457 0 0 0 0.5 -0.7725796 0.3913065 0.5 -0.7725796 0.3913065 -0.5 0.7725796 -0.3913065 -0.5 0.7725796 -0.3913065 0 0 0 0.7071068 -0.6308086 0.3195004 0.7071068 -0.6308086 0.3195004 -0.7071068 0.6308086 -0.3195004 -0.7071068 0.6308086 -0.3195004 0 0 0</float_array>
                    <technique_common>
                        <accessor count="448" source="#ID73" stride="3">
                            <param name="X" type="float" />
                            <param name="Y" type="float" />
                            <param name="Z" type="float" />
                        </accessor>
                    </technique_common>
                </source>
                <source id="ID70">
                    <Name_array id="ID74" count="0" />
                    <technique_common>
                        <accessor count="0" source="#ID74" stride="1">
                            <param name="skp_material" type="Name" />
                        </accessor>
                    </technique_common>
                </source>
                <vertices id="ID71">
                    <input semantic="POSITION" source="#ID68" />
                    <input semantic="NORMAL" source="#ID69" />
                </vertices>
                <triangles count="153" material="Material3">
                    <input offset="0" semantic="VERTEX" source="#ID71" />
                    <p>0 1 2 1 0 3 1 3 4 4 3 5 4 5 6 6 5 7 7 5 8 7 8 9 7 9 10 10 9 11 10 11 12 12 11 13 12 13 14 14 13 15 15 13 16 15 16 17 15 17 18 18 17 19 19 17 20 19 20 21 19 21 22 22 21 23 22 23 24 24 23 25 24 25 26 26 25 27 26 27 28 28 27 29 28 29 30 30 29 31 30 31 32 32 31 33 32 33 34 34 33 35 34 35 36 36 35 37 36 37 38 38 37 39 38 39 40 38 40 41 41 40 42 41 42 43 43 42 44 43 44 45 138 139 140 139 138 141 141 138 142 151 152 153 152 151 154 152 154 155 152 164 153 164 152 165 165 152 166 172 155 154 155 172 173 178 179 180 179 178 181 179 181 182 182 181 183 182 183 184 184 183 185 184 185 186 186 185 187 186 187 188 188 187 189 188 189 190 190 189 191 190 191 192 192 191 193 193 191 194 193 194 195 195 194 196 195 196 197 197 196 198 197 198 199 199 198 200 200 198 201 200 201 202 200 202 203 178 204 205 204 178 180 204 180 206 204 206 207 207 206 208 207 208 209 209 208 210 209 210 211 211 210 212 211 212 213 213 212 214 213 214 215 215 214 216 215 216 217 217 216 218 217 218 219 217 219 220 220 219 221 220 221 222 222 221 223 222 223 224 224 223 225 224 225 226 226 225 227 226 227 228 228 227 203 228 203 202 228 202 229 166 330 165 330 166 331 335 173 172 173 335 336 340 341 342 341 340 343 350 351 352 351 350 353 359 353 350 353 359 360 364 360 359 360 364 365 369 365 364 365 369 370 374 370 369 370 374 375 331 374 330 374 331 375 379 335 380 335 379 336 384 380 385 380 384 379 389 390 391 390 389 392 398 391 399 391 398 389 403 399 404 399 403 398 408 404 409 404 408 403 413 409 414 409 413 408 418 413 414 413 418 419 423 419 418 419 423 424 428 424 423 424 428 429 433 428 434 428 433 429 438 434 439 434 438 433 443 439 444 439 443 438 342 443 444 443 342 341</p>
                </triangles>
                <triangles count="153" material="Material2">
                    <input offset="0" semantic="VERTEX" source="#ID71" />
                    <p>46 47 48 47 49 48 48 49 50 49 51 50 50 51 52 51 53 52 53 54 52 52 54 55 54 56 55 55 56 57 56 58 57 57 58 59 58 60 59 59 60 61 60 62 61 61 62 63 62 64 63 63 64 65 64 66 65 65 66 67 66 68 67 67 68 69 68 70 69 69 70 71 70 72 71 72 73 71 71 73 74 74 73 75 73 76 75 76 77 75 75 77 78 78 77 79 77 80 79 79 80 81 80 82 81 81 82 83 82 84 83 84 85 83 83 85 86 86 85 87 85 88 87 87 88 89 88 90 89 91 89 90 143 144 145 145 144 146 147 146 144 156 157 158 157 159 158 160 158 159 167 158 168 168 158 169 160 169 158 174 175 156 157 156 175 230 231 232 231 233 232 233 234 232 232 234 235 234 236 235 235 236 237 236 238 237 237 238 239 238 240 239 239 240 241 240 242 241 241 242 243 242 244 243 244 245 243 243 245 246 245 247 246 246 247 248 247 249 248 248 249 250 249 251 250 250 251 252 251 253 252 252 253 254 253 255 254 254 255 256 255 257 256 257 258 256 259 256 258 233 231 260 231 261 260 261 262 260 260 262 263 263 262 264 262 265 264 264 265 266 265 267 266 266 267 268 267 269 268 268 269 270 270 269 271 269 272 271 271 272 273 272 274 273 273 274 275 274 276 275 275 276 277 276 278 277 277 278 279 278 280 279 279 280 281 280 258 281 257 281 258 332 167 333 168 333 167 337 338 174 175 174 338 344 345 346 347 346 345 354 355 356 357 356 355 361 362 354 355 354 362 366 367 361 362 361 367 371 372 366 367 366 372 376 377 371 372 371 377 376 332 377 333 377 332 337 381 338 382 338 381 381 386 382 387 382 386 393 394 395 396 395 394 394 400 396 401 396 400 400 405 401 406 401 405 405 410 406 411 406 410 410 415 411 416 411 415 420 421 415 416 415 421 425 426 420 421 420 426 430 431 425 426 425 431 430 435 431 436 431 435 435 440 436 441 436 440 440 445 441 446 441 445 346 347 445 446 445 347</p>
                </triangles>
                <!-- <lines count="100" material="Material4">
                    <input offset="0" semantic="VERTEX" source="#ID71" />
                    <p>92 93 93 94 94 95 95 96 97 96 98 97 98 99 100 99 101 100 102 101 103 102 104 103 105 104 106 105 107 106 108 107 109 108 110 109 111 110 112 111 113 112 114 113 115 114 116 115 117 116 118 117 119 118 120 119 121 120 122 121 123 122 124 123 125 124 126 125 127 126 128 127 129 128 129 130 130 131 131 132 132 133 133 134 134 135 135 136 136 137 137 92 148 97 150 98 161 162 149 163 171 170 176 177 304 305 305 306 306 307 307 308 308 309 309 310 310 311 311 312 312 313 313 314 314 315 315 316 316 317 317 318 318 319 319 320 320 321 321 322 322 323 323 324 324 325 325 326 326 327 327 328 328 329 329 304 334 289 339 290 348 282 349 283 358 284 363 285 368 286 373 287 378 288 383 291 388 292 397 293 402 294 407 295 412 296 417 297 422 298 427 299 432 300 437 301 442 302 447 303</p>
                </lines>
                <lines count="54" material="Material5">
                    <input offset="0" semantic="VERTEX" source="#ID71" />
                    <p>148 149 149 150 161 148 162 163 163 170 150 171 176 161 177 162 282 283 284 282 285 284 286 285 287 286 288 287 289 288 170 289 290 177 291 290 292 291 293 292 294 293 295 294 296 295 297 296 298 297 299 298 300 299 301 300 302 301 303 302 283 303 171 334 339 176 348 349 358 348 363 358 368 363 373 368 378 373 334 378 383 339 388 383 397 388 402 397 407 402 412 407 417 412 422 417 427 422 432 427 437 432 442 437 447 442 349 447</p>
                </lines> -->
            </mesh>
        </geometry>
        <geometry id="ID75">
            <mesh>
                <source id="ID78">
                    <float_array id="ID82" count="900">33.7317 0 196.6191 32.77132 0 195.2287 35.4168 0 193.6575 30.30083 0 197.0628 32.43861 0 199.7716 28.03135 0 199.1404 25.98678 0 201.4397 31.5587 0 203.0634 24.18868 0 203.9365 31.10637 0 206.4406 22.65598 0 206.6044 31.08905 0 209.8479 21.40482 0 209.4154 20.4484 0 212.3399 31.50701 0 213.2296 19.79678 0 215.3469 32.35341 0 216.5302 19.45683 0 218.405 33.61438 0 219.6956 19.43212 0 221.4817 35.26928 0 222.6741 19.72293 0 224.5448 37.291 0 225.4169 42.77424 0 211.7039 41.12726 0 209.5884 42.29703 0 207.9809 40.1486 0 211.3188 39.37383 0 213.1497 43.51428 0 215.3836 38.81307 0 215.057 38.47366 0 217.0158 44.51342 0 219.0016 38.36002 0 219.0006 38.47366 0 220.9853 45.76664 0 222.5396 38.81307 0 222.9442 47.26761 0 225.9798 39.37383 0 224.8515 40.1486 0 226.6823 49.00878 0 229.3049 41.12726 0 228.4128 42.29703 0 230.0202 50.98139 0 232.4981 118.5039 0 189.0961 110.2537 0 185.242 111.0754 0 182.7734 109.4946 0 187.7306 108.7987 0 190.2375 118.5039 0 258.6614 108.1663 0 192.7612 107.5979 0 195.3001 107.0938 0 197.8526 106.6544 0 200.417 106.2798 0 202.9916 105.9705 0 205.5749 105.7265 0 208.1652 105.5481 0 210.7608 105.4352 0 213.3601 83.25673 0 214.1283 81.74787 0 218.5819 79.96334 0 222.9323 77.91012 0 227.1626 75.59627 0 231.2561 73.03085 0 235.1969 70.22391 0 238.9694 67.18645 0 242.5589 63.93037 0 245.9514 0.1482566 0 190.9705 0 0 258.6614 -7.105427e-15 0 187.3211 0.5920494 0 194.5957 1.328453 0 198.1731 2.352615 0 201.6789 3.657783 0 205.0901 5.235357 0 208.3841 7.074938 0 211.5394 9.164403 0 214.535 11.48998 0 217.3512 14.03634 0 219.9696 16.7867 0 222.3727 39.64644 0 227.8791 53.17549 0 235.5435 55.58004 0 238.4255 58.18293 0 241.1298 60.97106 0 243.6426 87.42999 0 197.6204 86.07571 0 200.325 86.43388 0 195.6364 88.55194 0 199.5361 89.79508 0 201.3754 85.4249 0 204.9819 91.15422 0 203.1307 92.62372 0 204.7948 94.19745 0 206.3606 84.48401 0 209.5891 95.86887 0 207.8217 97.63102 0 209.172 99.47657 0 210.4059 101.3978 0 211.5182 103.3868 0 212.5043 105.4352 0 213.3601 103.3868 0 212.5043 83.25673 0 214.1283 101.3978 0 211.5182 99.47657 0 210.4059 84.48401 0 209.5891 97.63102 0 209.172 95.86887 0 207.8217 94.19745 0 206.3606 85.4249 0 204.9819 92.62372 0 204.7948 91.15422 0 203.1307 89.79508 0 201.3754 86.07571 0 200.325 88.55194 0 199.5361 87.42999 0 197.6204 86.43388 0 195.6364 118.5039 0 258.6614 63.93037 0 245.9514 0 0 258.6614 60.97106 0 243.6426 58.18293 0 241.1298 55.58004 0 238.4255 53.17549 0 235.5435 50.98139 0 232.4981 42.29703 0 230.0202 39.64644 0 227.8791 37.291 0 225.4169 19.72293 0 224.5448 16.7867 0 222.3727 14.03634 0 219.9696 11.48998 0 217.3512 9.164403 0 214.535 7.074938 0 211.5394 5.235357 0 208.3841 3.657783 0 205.0901 2.352615 0 201.6789 1.328453 0 198.1731 0.5920494 0 194.5957 0.1482566 0 190.9705 -7.105427e-15 0 187.3211 67.18645 0 242.5589 70.22391 0 238.9694 73.03085 0 235.1969 75.59627 0 231.2561 77.91012 0 227.1626 79.96334 0 222.9323 81.74787 0 218.5819 105.5481 0 210.7608 105.7265 0 208.1652 105.9705 0 205.5749 106.2798 0 202.9916 106.6544 0 200.417 107.0938 0 197.8526 107.5979 0 195.3001 108.1663 0 192.7612 108.7987 0 190.2375 118.5039 0 189.0961 109.4946 0 187.7306 110.2537 0 185.242 111.0754 0 182.7734 49.00878 0 229.3049 41.12726 0 228.4128 40.1486 0 226.6823 47.26761 0 225.9798 39.37383 0 224.8515 38.81307 0 222.9442 45.76664 0 222.5396 38.47366 0 220.9853 44.51342 0 219.0016 38.36002 0 219.0006 38.47366 0 217.0158 43.51428 0 215.3836 38.81307 0 215.057 39.37383 0 213.1497 42.77424 0 211.7039 40.1486 0 211.3188 41.12726 0 209.5884 42.29703 0 207.9809 35.26928 0 222.6741 19.43212 0 221.4817 33.61438 0 219.6956 19.45683 0 218.405 32.35341 0 216.5302 19.79678 0 215.3469 31.50701 0 213.2296 20.4484 0 212.3399 31.08905 0 209.8479 21.40482 0 209.4154 22.65598 0 206.6044 31.10637 0 206.4406 24.18868 0 203.9365 31.5587 0 203.0634 25.98678 0 201.4397 32.43861 0 199.7716 28.03135 0 199.1404 30.30083 0 197.0628 33.7317 0 196.6191 32.77132 0 195.2287 35.4168 0 193.6575 -7.105427e-15 0 187.3211 0 0 258.6614 0.1482566 0 190.9705 0.5920494 0 194.5957 1.328453 0 198.1731 2.352615 0 201.6789 3.657783 0 205.0901 5.235357 0 208.3841 7.074938 0 211.5394 9.164403 0 214.535 11.48998 0 217.3512 14.03634 0 219.9696 16.7867 0 222.3727 19.72293 0 224.5448 19.43212 0 221.4817 19.45683 0 218.405 19.79678 0 215.3469 20.4484 0 212.3399 21.40482 0 209.4154 22.65598 0 206.6044 24.18868 0 203.9365 25.98678 0 201.4397 28.03135 0 199.1404 30.30083 0 197.0628 32.77132 0 195.2287 35.4168 0 193.6575 33.7317 0 196.6191 32.43861 0 199.7716 31.5587 0 203.0634 31.10637 0 206.4406 31.08905 0 209.8479 31.50701 0 213.2296 32.35341 0 216.5302 33.61438 0 219.6956 35.26928 0 222.6741 37.291 0 225.4169 39.64644 0 227.8791 42.29703 0 230.0202 41.12726 0 228.4128 40.1486 0 226.6823 39.37383 0 224.8515 38.81307 0 222.9442 38.47366 0 220.9853 38.36002 0 219.0006 38.47366 0 217.0158 38.81307 0 215.057 39.37383 0 213.1497 40.1486 0 211.3188 41.12726 0 209.5884 42.29703 0 207.9809 42.77424 0 211.7039 43.51428 0 215.3836 44.51342 0 219.0016 45.76664 0 222.5396 47.26761 0 225.9798 49.00878 0 229.3049 50.98139 0 232.4981 53.17549 0 235.5435 55.58004 0 238.4255 58.18293 0 241.1298 60.97106 0 243.6426 63.93037 0 245.9514 67.18645 0 242.5589 70.22391 0 238.9694 73.03085 0 235.1969 75.59627 0 231.2561 77.91012 0 227.1626 79.96334 0 222.9323 81.74787 0 218.5819 83.25673 0 214.1283 84.48401 0 209.5891 85.4249 0 204.9819 86.07571 0 200.325 86.43388 0 195.6364 87.42999 0 197.6204 88.55194 0 199.5361 89.79508 0 201.3754 91.15422 0 203.1307 92.62372 0 204.7948 94.19745 0 206.3606 95.86887 0 207.8217 97.63102 0 209.172 99.47657 0 210.4059 101.3978 0 211.5182 103.3868 0 212.5043 105.4352 0 213.3601 105.5481 0 210.7608 105.7265 0 208.1652 105.9705 0 205.5749 106.2798 0 202.9916 106.6544 0 200.417 107.0938 0 197.8526 107.5979 0 195.3001 108.1663 0 192.7612 108.7987 0 190.2375 109.4946 0 187.7306 110.2537 0 185.242 111.0754 0 182.7734 118.5039 0 189.0961 118.5039 0 258.6614</float_array>
                    <technique_common>
                        <accessor count="300" source="#ID82" stride="3">
                            <param name="X" type="float" />
                            <param name="Y" type="float" />
                            <param name="Z" type="float" />
                        </accessor>
                    </technique_common>
                </source>
                <source id="ID79">
                    <float_array id="ID83" count="900">0 -1 0 0 -1 0 0 -1 0 0 -1 0 0 -1 0 0 -1 0 0 -1 0 0 -1 0 0 -1 0 0 -1 0 0 -1 0 0 -1 0 0 -1 0 0 -1 0 0 -1 0 0 -1 0 0 -1 0 0 -1 0 0 -1 0 0 -1 0 0 -1 0 0 -1 0 0 -1 0 0 -1 0 0 -1 0 0 -1 0 0 -1 0 0 -1 0 0 -1 0 0 -1 0 0 -1 0 0 -1 0 0 -1 0 0 -1 0 0 -1 0 0 -1 0 0 -1 0 0 -1 0 0 -1 0 0 -1 0 0 -1 0 0 -1 0 0 -1 0 0 -1 0 0 -1 0 0 -1 0 0 -1 0 0 -1 0 0 -1 0 0 -1 0 0 -1 0 0 -1 0 0 -1 0 0 -1 0 0 -1 0 0 -1 0 0 -1 0 0 -1 0 0 -1 0 0 -1 0 0 -1 0 0 -1 0 0 -1 0 0 -1 0 0 -1 0 0 -1 0 0 -1 0 0 -1 0 0 -1 0 0 -1 0 0 -1 0 0 -1 0 0 -1 0 0 -1 0 0 -1 0 0 -1 0 0 -1 0 0 -1 0 0 -1 0 0 -1 0 0 -1 0 0 -1 0 0 -1 0 0 -1 0 0 -1 0 0 -1 0 0 -1 0 0 -1 0 0 -1 0 0 -1 0 0 -1 0 0 -1 0 0 -1 0 0 -1 0 0 -1 0 0 -1 0 0 -1 0 0 -1 0 0 -1 0 0 -1 0 -0 1 -0 -0 1 -0 -0 1 -0 -0 1 -0 -0 1 -0 -0 1 -0 -0 1 -0 -0 1 -0 -0 1 -0 -0 1 -0 -0 1 -0 -0 1 -0 -0 1 -0 -0 1 -0 -0 1 -0 -0 1 -0 -0 1 -0 -0 1 -0 -0 1 -0 -0 1 -0 -0 1 -0 -0 1 -0 -0 1 -0 -0 1 -0 -0 1 -0 -0 1 -0 -0 1 -0 -0 1 -0 -0 1 -0 -0 1 -0 -0 1 -0 -0 1 -0 -0 1 -0 -0 1 -0 -0 1 -0 -0 1 -0 -0 1 -0 -0 1 -0 -0 1 -0 -0 1 -0 -0 1 -0 -0 1 -0 -0 1 -0 -0 1 -0 -0 1 -0 -0 1 -0 -0 1 -0 -0 1 -0 -0 1 -0 -0 1 -0 -0 1 -0 -0 1 -0 -0 1 -0 -0 1 -0 -0 1 -0 -0 1 -0 -0 1 -0 -0 1 -0 -0 1 -0 -0 1 -0 -0 1 -0 -0 1 -0 -0 1 -0 -0 1 -0 -0 1 -0 -0 1 -0 -0 1 -0 -0 1 -0 -0 1 -0 -0 1 -0 -0 1 -0 -0 1 -0 -0 1 -0 -0 1 -0 -0 1 -0 -0 1 -0 -0 1 -0 -0 1 -0 -0 1 -0 -0 1 -0 -0 1 -0 -0 1 -0 -0 1 -0 -0 1 -0 -0 1 -0 -0 1 -0 -0 1 -0 -0 1 -0 -0 1 -0 -0 1 -0 -0 1 -0 -0 1 -0 -0 1 -0 -0 1 -0 -0 1 -0 -0 1 -0 -0 1 -0 -0 1 -0 -0 1 -0 -0 1 -0 0 0 0 0 0 0 0 0 0 0 0 0 0 0 0 0 0 0 0 0 0 0 0 0 0 0 0 0 0 0 0 0 0 0 0 0 0 0 0 0 0 0 0 0 0 0 0 0 0 0 0 0 0 0 0 0 0 0 0 0 0 0 0 0 0 0 0 0 0 0 0 0 0 0 0 0 0 0 0 0 0 0 0 0 0 0 0 0 0 0 0 0 0 0 0 0 0 0 0 0 0 0 0 0 0 0 0 0 0 0 0 0 0 0 0 0 0 0 0 0 0 0 0 0 0 0 0 0 0 0 0 0 0 0 0 0 0 0 0 0 0 0 0 0 0 0 0 0 0 0 0 0 0 0 0 0 0 0 0 0 0 0 0 0 0 0 0 0 0 0 0 0 0 0 0 0 0 0 0 0 0 0 0 0 0 0 0 0 0 0 0 0 0 0 0 0 0 0 0 0 0 0 0 0 0 0 0 0 0 0 0 0 0 0 0 0 0 0 0 0 0 0 0 0 0 0 0 0 0 0 0 0 0 0 0 0 0 0 0 0 0 0 0 0 0 0 0 0 0 0 0 0 0 0 0 0 0 0 0 0 0 0 0 0 0 0 0 0 0 0 0 0 0 0 0 0 0 0 0 0 0 0 0 0 0 0 0 0 0 0 0 0 0 0 0 0 0 0 0 0</float_array>
                    <technique_common>
                        <accessor count="300" source="#ID83" stride="3">
                            <param name="X" type="float" />
                            <param name="Y" type="float" />
                            <param name="Z" type="float" />
                        </accessor>
                    </technique_common>
                </source>
                <source id="ID80">
                    <Name_array id="ID84" count="0" />
                    <technique_common>
                        <accessor count="0" source="#ID84" stride="1">
                            <param name="skp_material" type="Name" />
                        </accessor>
                    </technique_common>
                </source>
                <vertices id="ID81">
                    <input semantic="POSITION" source="#ID78" />
                    <input semantic="NORMAL" source="#ID79" />
                </vertices>
                <triangles count="98" material="Material3">
                    <input offset="0" semantic="VERTEX" source="#ID81" />
                    <p>0 1 2 1 0 3 3 0 4 3 4 5 5 4 6 6 4 7 6 7 8 8 7 9 8 9 10 10 9 11 10 11 12 12 11 13 13 11 14 13 14 15 15 14 16 15 16 17 17 16 18 17 18 19 19 18 20 19 20 21 21 20 22 23 24 25 24 23 26 26 23 27 27 23 28 27 28 29 29 28 30 30 28 31 30 31 32 32 31 33 33 31 34 33 34 35 35 34 36 35 36 37 37 36 38 38 36 39 38 39 40 40 39 41 41 39 42 43 44 45 44 43 46 46 43 47 47 43 48 47 48 49 49 48 50 50 48 51 51 48 52 52 48 53 53 48 54 54 48 55 55 48 56 56 48 57 57 48 58 58 48 59 59 48 60 60 48 61 61 48 62 62 48 63 63 48 64 64 48 65 65 48 66 67 68 69 68 67 70 68 70 71 68 71 72 68 72 73 68 73 74 68 74 75 68 75 76 68 76 77 68 77 78 68 78 79 68 79 21 68 21 22 68 22 80 68 80 41 68 41 42 68 42 81 68 81 82 68 82 83 68 83 84 68 84 66 68 66 48 85 86 87 86 85 88 86 88 89 86 89 90 90 89 91 90 91 92 90 92 93 90 93 94 94 93 95 94 95 96 94 96 97 94 97 58 58 97 98 58 98 99 58 99 57</p>
                </triangles>
                <triangles count="98" material="Material2">
                    <input offset="0" semantic="VERTEX" source="#ID81" />
                    <p>100 101 102 101 103 102 103 104 102 102 104 105 104 106 105 106 107 105 107 108 105 105 108 109 108 110 109 110 111 109 111 112 109 109 112 113 112 114 113 114 115 113 116 113 115 117 118 119 118 120 119 120 121 119 121 122 119 122 123 119 123 124 119 124 125 119 125 126 119 126 127 119 127 128 119 128 129 119 129 130 119 130 131 119 131 132 119 132 133 119 133 134 119 134 135 119 135 136 119 136 137 119 137 138 119 138 139 119 140 119 139 118 117 141 141 117 142 142 117 143 143 117 144 144 117 145 145 117 146 146 117 147 147 117 102 102 117 100 100 117 148 148 117 149 149 117 150 150 117 151 151 117 152 152 117 153 153 117 154 154 117 155 155 117 156 117 157 156 156 157 158 158 157 159 160 159 157 124 161 125 125 161 162 162 161 163 161 164 163 163 164 165 165 164 166 164 167 166 166 167 168 167 169 168 168 169 170 170 169 171 169 172 171 171 172 173 173 172 174 172 175 174 174 175 176 176 175 177 178 177 175 127 179 128 128 179 180 179 181 180 180 181 182 181 183 182 182 183 184 183 185 184 184 185 186 185 187 186 186 187 188 188 187 189 187 190 189 189 190 191 190 192 191 191 192 193 192 194 193 193 194 195 195 194 196 194 197 196 196 197 198 199 198 197</p>
                </triangles>
                <!-- <lines count="100" material="Material4">
                    <input offset="0" semantic="VERTEX" source="#ID81" />
                    <p>200 201 200 202 202 203 203 204 204 205 205 206 206 207 207 208 208 209 209 210 210 211 211 212 212 213 213 214 214 215 215 216 216 217 217 218 218 219 219 220 220 221 221 222 222 223 223 224 224 225 225 226 226 227 227 228 228 229 229 230 230 231 231 232 232 233 233 234 234 235 235 236 236 237 237 238 238 239 239 240 240 241 241 242 242 243 243 244 244 245 245 246 246 247 247 248 248 249 249 250 250 251 251 252 252 253 253 254 254 255 255 256 256 257 257 258 258 259 259 260 260 261 261 262 262 263 263 264 264 265 265 266 266 267 267 268 268 269 269 270 270 271 271 272 272 273 273 274 274 275 275 276 276 277 277 278 278 279 279 280 280 281 281 282 282 283 283 284 284 285 285 286 286 287 287 288 288 289 289 290 290 291 291 292 292 293 293 294 294 295 295 296 296 297 297 298 298 299 201 299</p>
                </lines> -->
            </mesh>
        </geometry>
        <geometry id="ID85">
            <mesh>
                <source id="ID86">
                    <float_array id="ID90" count="1353">118.5039 60.62992 286.2419 88.87795 60.62992 286.2419 118.5039 117.7165 258.6614 118.5039 117.7165 258.6614 88.87795 60.62992 286.2419 118.5039 60.62992 286.2419 118.5039 60.62992 286.2419 88.87795 60.62992 286.2419 118.5039 117.7165 258.6614 118.5039 3.543307 258.6614 88.87795 60.62992 286.2419 118.5039 60.62992 286.2419 118.5039 60.62992 286.2419 88.87795 60.62992 286.2419 118.5039 3.543307 258.6614 118.5039 3.543307 258.6614 118.5039 3.543307 258.6614 88.87795 60.62992 286.2419 118.5039 117.7165 258.6614 118.5039 117.7165 258.6614 88.87795 60.62992 286.2419 118.5039 3.543307 258.6614 118.5039 121.2598 0 118.5039 0 136.6411 118.5039 0 0 118.5039 0 189.0961 118.5039 0 258.6614 118.5039 3.543307 258.6614 118.5039 117.7165 258.6614 118.5039 60.62992 286.2419 118.5039 62.73724 288.3027 118.5039 60.62992 303.6571 118.5039 121.2598 258.6614 118.5039 62.73724 303.6571 118.5039 58.5226 288.3027 118.5039 58.5226 303.6571 118.5039 60.62992 303.6571 118.5039 60.62992 286.2419 118.5039 58.5226 303.6571 118.5039 58.5226 288.3027 118.5039 3.543307 258.6614 118.5039 0 258.6614 118.5039 62.73724 288.3027 118.5039 62.73724 303.6571 118.5039 121.2598 0 118.5039 117.7165 258.6614 118.5039 121.2598 258.6614 118.5039 0 189.0961 118.5039 0 136.6411 118.5039 0 0 118.5039 0 136.6411 118.5039 0 189.0961 118.5039 0 0 118.5039 121.2598 0 118.5039 121.2598 258.6614 118.5039 62.73724 288.3027 118.5039 62.73724 303.6571 118.5039 60.62992 303.6571 118.5039 58.5226 303.6571 118.5039 58.5226 288.3027 118.5039 0 258.6614 118.5039 0 189.0961 109.0765 0 140.4513 118.5039 0 136.6411 99.40626 0 143.5944 89.54023 0 146.0551 79.52655 0 147.8213 111.0754 0 182.7734 69.41403 0 148.8845 59.25197 0 149.2395 107.5979 0 195.3001 35.4168 0 193.6575 108.1663 0 192.7612 86.43388 0 195.6364 33.7317 0 196.6191 86.07571 0 200.325 32.43861 0 199.7716 31.5587 0 203.0634 85.4249 0 204.9819 31.10637 0 206.4406 84.48401 0 209.5891 42.29703 0 207.9809 42.77424 0 211.7039 83.25673 0 214.1283 43.51428 0 215.3836 81.74787 0 218.5819 44.51342 0 219.0016 79.96334 0 222.9323 45.76664 0 222.5396 47.26761 0 225.9798 77.91012 0 227.1626 49.00878 0 229.3049 75.59627 0 231.2561 50.98139 0 232.4981 73.03085 0 235.1969 53.17549 0 235.5435 70.22391 0 238.9694 55.58004 0 238.4255 58.18293 0 241.1298 67.18645 0 242.5589 60.97106 0 243.6426 63.93037 0 245.9514 31.08905 0 209.8479 41.12726 0 209.5884 40.1486 0 211.3188 31.50701 0 213.2296 39.37383 0 213.1497 38.81307 0 215.057 32.35341 0 216.5302 38.47366 0 217.0158 33.61438 0 219.6956 38.36002 0 219.0006 38.47366 0 220.9853 35.26928 0 222.6741 38.81307 0 222.9442 37.291 0 225.4169 39.37383 0 224.8515 40.1486 0 226.6823 39.64644 0 227.8791 41.12726 0 228.4128 42.29703 0 230.0202 107.0938 0 197.8526 87.42999 0 197.6204 88.55194 0 199.5361 106.6544 0 200.417 89.79508 0 201.3754 106.2798 0 202.9916 91.15422 0 203.1307 105.9705 0 205.5749 92.62372 0 204.7948 94.19745 0 206.3606 105.7265 0 208.1652 95.86887 0 207.8217 97.63102 0 209.172 105.5481 0 210.7608 99.47657 0 210.4059 101.3978 0 211.5182 105.4352 0 213.3601 103.3868 0 212.5043 9.427391 0 140.4513 -7.105427e-15 0 187.3211 -7.105427e-15 0 136.6411 19.09767 0 143.5944 28.9637 0 146.0551 38.97739 0 147.8213 49.08991 0 148.8845 110.2537 0 185.242 109.4946 0 187.7306 0.1482566 0 190.9705 108.7987 0 190.2375 0.5920494 0 194.5957 32.77132 0 195.2287 1.328453 0 198.1731 30.30083 0 197.0628 28.03135 0 199.1404 2.352615 0 201.6789 25.98678 0 201.4397 24.18868 0 203.9365 3.657783 0 205.0901 22.65598 0 206.6044 5.235357 0 208.3841 21.40482 0 209.4154 7.074938 0 211.5394 20.4484 0 212.3399 9.164403 0 214.535 19.79678 0 215.3469 11.48998 0 217.3512 19.45683 0 218.405 14.03634 0 219.9696 19.43212 0 221.4817 16.7867 0 222.3727 19.72293 0 224.5448 19.72293 0 224.5448 19.43212 0 221.4817 16.7867 0 222.3727 14.03634 0 219.9696 19.45683 0 218.405 11.48998 0 217.3512 19.79678 0 215.3469 9.164403 0 214.535 20.4484 0 212.3399 7.074938 0 211.5394 21.40482 0 209.4154 5.235357 0 208.3841 22.65598 0 206.6044 3.657783 0 205.0901 24.18868 0 203.9365 2.352615 0 201.6789 25.98678 0 201.4397 28.03135 0 199.1404 1.328453 0 198.1731 30.30083 0 197.0628 32.77132 0 195.2287 0.5920494 0 194.5957 35.4168 0 193.6575 0.1482566 0 190.9705 108.1663 0 192.7612 108.7987 0 190.2375 109.4946 0 187.7306 -7.105427e-15 0 187.3211 110.2537 0 185.242 111.0754 0 182.7734 59.25197 0 149.2395 49.08991 0 148.8845 38.97739 0 147.8213 28.9637 0 146.0551 19.09767 0 143.5944 9.427391 0 140.4513 -7.105427e-15 0 136.6411 103.3868 0 212.5043 105.4352 0 213.3601 101.3978 0 211.5182 105.5481 0 210.7608 99.47657 0 210.4059 97.63102 0 209.172 105.7265 0 208.1652 95.86887 0 207.8217 94.19745 0 206.3606 105.9705 0 205.5749 92.62372 0 204.7948 91.15422 0 203.1307 106.2798 0 202.9916 89.79508 0 201.3754 106.6544 0 200.417 88.55194 0 199.5361 107.0938 0 197.8526 87.42999 0 197.6204 86.43388 0 195.6364 107.5979 0 195.3001 42.29703 0 230.0202 41.12726 0 228.4128 39.64644 0 227.8791 40.1486 0 226.6823 37.291 0 225.4169 39.37383 0 224.8515 38.81307 0 222.9442 35.26928 0 222.6741 38.47366 0 220.9853 33.61438 0 219.6956 38.36002 0 219.0006 38.47366 0 217.0158 32.35341 0 216.5302 38.81307 0 215.057 31.50701 0 213.2296 39.37383 0 213.1497 40.1486 0 211.3188 31.08905 0 209.8479 41.12726 0 209.5884 42.29703 0 207.9809 31.10637 0 206.4406 63.93037 0 245.9514 67.18645 0 242.5589 60.97106 0 243.6426 58.18293 0 241.1298 70.22391 0 238.9694 55.58004 0 238.4255 53.17549 0 235.5435 73.03085 0 235.1969 50.98139 0 232.4981 75.59627 0 231.2561 49.00878 0 229.3049 77.91012 0 227.1626 47.26761 0 225.9798 79.96334 0 222.9323 45.76664 0 222.5396 44.51342 0 219.0016 81.74787 0 218.5819 43.51428 0 215.3836 83.25673 0 214.1283 42.77424 0 211.7039 84.48401 0 209.5891 85.4249 0 204.9819 31.5587 0 203.0634 86.07571 0 200.325 32.43861 0 199.7716 33.7317 0 196.6191 69.41403 0 148.8845 79.52655 0 147.8213 118.5039 0 189.0961 89.54023 0 146.0551 99.40626 0 143.5944 109.0765 0 140.4513 118.5039 0 136.6411 111.0754 0 182.7734 110.2537 0 185.242 109.4946 0 187.7306 108.7987 0 190.2375 108.1663 0 192.7612 107.5979 0 195.3001 107.0938 0 197.8526 106.6544 0 200.417 106.2798 0 202.9916 105.9705 0 205.5749 105.7265 0 208.1652 105.5481 0 210.7608 105.4352 0 213.3601 103.3868 0 212.5043 101.3978 0 211.5182 99.47657 0 210.4059 97.63102 0 209.172 95.86887 0 207.8217 94.19745 0 206.3606 92.62372 0 204.7948 91.15422 0 203.1307 89.79508 0 201.3754 88.55194 0 199.5361 87.42999 0 197.6204 86.43388 0 195.6364 86.07571 0 200.325 85.4249 0 204.9819 84.48401 0 209.5891 83.25673 0 214.1283 81.74787 0 218.5819 79.96334 0 222.9323 77.91012 0 227.1626 75.59627 0 231.2561 73.03085 0 235.1969 70.22391 0 238.9694 67.18645 0 242.5589 63.93037 0 245.9514 60.97106 0 243.6426 58.18293 0 241.1298 55.58004 0 238.4255 53.17549 0 235.5435 50.98139 0 232.4981 49.00878 0 229.3049 47.26761 0 225.9798 45.76664 0 222.5396 44.51342 0 219.0016 43.51428 0 215.3836 42.77424 0 211.7039 42.29703 0 207.9809 41.12726 0 209.5884 40.1486 0 211.3188 39.37383 0 213.1497 38.81307 0 215.057 38.47366 0 217.0158 38.36002 0 219.0006 38.47366 0 220.9853 38.81307 0 222.9442 39.37383 0 224.8515 40.1486 0 226.6823 41.12726 0 228.4128 42.29703 0 230.0202 39.64644 0 227.8791 37.291 0 225.4169 35.26928 0 222.6741 33.61438 0 219.6956 32.35341 0 216.5302 31.50701 0 213.2296 31.08905 0 209.8479 31.10637 0 206.4406 31.5587 0 203.0634 32.43861 0 199.7716 33.7317 0 196.6191 35.4168 0 193.6575 32.77132 0 195.2287 30.30083 0 197.0628 28.03135 0 199.1404 25.98678 0 201.4397 24.18868 0 203.9365 22.65598 0 206.6044 21.40482 0 209.4154 20.4484 0 212.3399 19.79678 0 215.3469 19.45683 0 218.405 19.43212 0 221.4817 19.72293 0 224.5448 16.7867 0 222.3727 14.03634 0 219.9696 11.48998 0 217.3512 9.164403 0 214.535 7.074938 0 211.5394 5.235357 0 208.3841 3.657783 0 205.0901 2.352615 0 201.6789 1.328453 0 198.1731 0.5920494 0 194.5957 0.1482566 0 190.9705 -7.105427e-15 0 187.3211 -7.105427e-15 0 136.6411 9.427391 0 140.4513 19.09767 0 143.5944 28.9637 0 146.0551 38.97739 0 147.8213 49.08991 0 148.8845 59.25197 0 149.2395 69.41403 0 148.8845 79.52655 0 147.8213 89.54023 0 146.0551 99.40626 0 143.5944 109.0765 0 140.4513 0 60.62992 303.6571 0 58.5226 288.3027 0 58.5226 303.6571 0 0 258.6614 0 3.543307 258.6614 -7.105427e-15 0 187.3211 -7.105427e-15 0 136.6411 0 0 0 0 60.62992 286.2419 0 62.73724 303.6571 0 62.73724 288.3027 0 117.7165 258.6614 0 121.2598 258.6614 0 121.2598 0 0 121.2598 258.6614 0 117.7165 258.6614 0 121.2598 0 0 3.543307 258.6614 0 0 0 0 62.73724 288.3027 0 60.62992 286.2419 0 62.73724 303.6571 0 60.62992 303.6571 0 58.5226 288.3027 -7.105427e-15 0 136.6411 -7.105427e-15 0 187.3211 0 0 258.6614 0 58.5226 303.6571 0 0 0 0 0 258.6614 0 58.5226 288.3027 0 58.5226 303.6571 0 60.62992 303.6571 0 60.62992 286.2419 0 3.543307 258.6614 0 117.7165 258.6614 0 62.73724 303.6571 0 62.73724 288.3027 0 121.2598 258.6614 0 121.2598 0 29.62598 60.62992 286.2419 0 3.543307 258.6614 0 60.62992 286.2419 0 60.62992 286.2419 0 3.543307 258.6614 29.62598 60.62992 286.2419 29.62598 60.62992 286.2419 29.62598 60.62992 286.2419 0 3.543307 258.6614 0 117.7165 258.6614 0 117.7165 258.6614 0 3.543307 258.6614 29.62598 60.62992 286.2419 29.62598 60.62992 286.2419 0 60.62992 286.2419 0 117.7165 258.6614 0 117.7165 258.6614 0 60.62992 286.2419 29.62598 60.62992 286.2419</float_array>
                    <technique_common>
                        <accessor count="451" source="#ID90" stride="3">
                            <param name="X" type="float" />
                            <param name="Y" type="float" />
                            <param name="Z" type="float" />
                        </accessor>
                    </technique_common>
                </source>
                <source id="ID87">
                    <float_array id="ID91" count="1353">0 -0.435023 -0.9004193 0 -0.435023 -0.9004193 0 -0.435023 -0.9004193 -0 0.435023 0.9004193 -0 0.435023 0.9004193 -0 0.435023 0.9004193 0 0 0 0 0 0 0 0 0 0 0.435023 -0.9004193 0 0.435023 -0.9004193 0 0.435023 -0.9004193 -0 -0.435023 0.9004193 -0 -0.435023 0.9004193 -0 -0.435023 0.9004193 0 0 0 -0.6813875 -1.22381e-31 -0.7319228 -0.6813875 -1.22381e-31 -0.7319228 -0.6813875 -1.22381e-31 -0.7319228 0.6813875 1.22381e-31 0.7319228 0.6813875 1.22381e-31 0.7319228 0.6813875 1.22381e-31 0.7319228 1 2.04124e-16 4.514787e-17 1 2.04124e-16 4.514787e-17 1 2.04124e-16 4.514787e-17 1 2.04124e-16 4.514787e-17 1 2.04124e-16 4.514787e-17 1 2.04124e-16 4.514787e-17 1 2.04124e-16 4.514787e-17 1 2.04124e-16 4.514787e-17 1 2.04124e-16 4.514787e-17 1 2.04124e-16 4.514787e-17 1 2.04124e-16 4.514787e-17 1 2.04124e-16 4.514787e-17 1 2.04124e-16 4.514787e-17 1 2.04124e-16 4.514787e-17 -1 -2.04124e-16 -4.514787e-17 -1 -2.04124e-16 -4.514787e-17 -1 -2.04124e-16 -4.514787e-17 -1 -2.04124e-16 -4.514787e-17 -1 -2.04124e-16 -4.514787e-17 -1 -2.04124e-16 -4.514787e-17 -1 -2.04124e-16 -4.514787e-17 -1 -2.04124e-16 -4.514787e-17 -1 -2.04124e-16 -4.514787e-17 -1 -2.04124e-16 -4.514787e-17 -1 -2.04124e-16 -4.514787e-17 -1 -2.04124e-16 -4.514787e-17 -1 -2.04124e-16 -4.514787e-17 -1 -2.04124e-16 -4.514787e-17 0 0 0 0 0 0 0 0 0 0 0 0 0 0 0 0 0 0 0 0 0 0 0 0 0 0 0 0 0 0 0 0 0 0 -1 0 0 -1 0 0 -1 0 0 -1 0 0 -1 0 0 -1 0 0 -1 0 0 -1 0 0 -1 0 0 -1 0 0 -1 0 0 -1 0 0 -1 0 0 -1 0 0 -1 0 0 -1 0 0 -1 0 0 -1 0 0 -1 0 0 -1 0 0 -1 0 0 -1 0 0 -1 0 0 -1 0 0 -1 0 0 -1 0 0 -1 0 0 -1 0 0 -1 0 0 -1 0 0 -1 0 0 -1 0 0 -1 0 0 -1 0 0 -1 0 0 -1 0 0 -1 0 0 -1 0 0 -1 0 0 -1 0 0 -1 0 0 -1 0 0 -1 0 0 -1 0 0 -1 0 0 -1 0 0 -1 0 0 -1 0 0 -1 0 0 -1 0 0 -1 0 0 -1 0 0 -1 0 0 -1 0 0 -1 0 0 -1 0 0 -1 0 0 -1 0 0 -1 0 0 -1 0 0 -1 0 0 -1 0 0 -1 0 0 -1 0 0 -1 0 0 -1 0 0 -1 0 0 -1 0 0 -1 0 0 -1 0 0 -1 0 0 -1 0 0 -1 0 0 -1 0 0 -1 0 0 -1 0 0 -1 0 0 -1 0 0 -1 0 0 -1 0 0 -1 0 0 -1 0 0 -1 0 0 -1 0 0 -1 0 0 -1 0 0 -1 0 0 -1 0 0 -1 0 0 -1 0 0 -1 0 0 -1 0 0 -1 0 0 -1 0 0 -1 0 0 -1 0 0 -1 0 0 -1 0 0 -1 0 0 -1 0 0 -1 0 0 -1 0 0 -1 0 0 -1 0 0 -1 0 0 -1 0 0 -1 0 0 -1 0 0 -1 0 0 -1 0 0 -1 0 -0 1 -0 -0 1 -0 -0 1 -0 -0 1 -0 -0 1 -0 -0 1 -0 -0 1 -0 -0 1 -0 -0 1 -0 -0 1 -0 -0 1 -0 -0 1 -0 -0 1 -0 -0 1 -0 -0 1 -0 -0 1 -0 -0 1 -0 -0 1 -0 -0 1 -0 -0 1 -0 -0 1 -0 -0 1 -0 -0 1 -0 -0 1 -0 -0 1 -0 -0 1 -0 -0 1 -0 -0 1 -0 -0 1 -0 -0 1 -0 -0 1 -0 -0 1 -0 -0 1 -0 -0 1 -0 -0 1 -0 -0 1 -0 -0 1 -0 -0 1 -0 -0 1 -0 -0 1 -0 -0 1 -0 -0 1 -0 -0 1 -0 -0 1 -0 -0 1 -0 -0 1 -0 -0 1 -0 -0 1 -0 -0 1 -0 -0 1 -0 -0 1 -0 -0 1 -0 -0 1 -0 -0 1 -0 -0 1 -0 -0 1 -0 -0 1 -0 -0 1 -0 -0 1 -0 -0 1 -0 -0 1 -0 -0 1 -0 -0 1 -0 -0 1 -0 -0 1 -0 -0 1 -0 -0 1 -0 -0 1 -0 -0 1 -0 -0 1 -0 -0 1 -0 -0 1 -0 -0 1 -0 -0 1 -0 -0 1 -0 -0 1 -0 -0 1 -0 -0 1 -0 -0 1 -0 -0 1 -0 -0 1 -0 -0 1 -0 -0 1 -0 -0 1 -0 -0 1 -0 -0 1 -0 -0 1 -0 -0 1 -0 -0 1 -0 -0 1 -0 -0 1 -0 -0 1 -0 -0 1 -0 -0 1 -0 -0 1 -0 -0 1 -0 -0 1 -0 -0 1 -0 -0 1 -0 -0 1 -0 -0 1 -0 -0 1 -0 -0 1 -0 -0 1 -0 -0 1 -0 -0 1 -0 -0 1 -0 -0 1 -0 -0 1 -0 -0 1 -0 -0 1 -0 0 0 0 0 0 0 0 0 0 0 0 0 0 0 0 0 0 0 0 0 0 0 0 0 0 0 0 0 0 0 0 0 0 0 0 0 0 0 0 0 0 0 0 0 0 0 0 0 0 0 0 0 0 0 0 0 0 0 0 0 0 0 0 0 0 0 0 0 0 0 0 0 0 0 0 0 0 0 0 0 0 0 0 0 0 0 0 0 0 0 0 0 0 0 0 0 0 0 0 0 0 0 0 0 0 0 0 0 0 0 0 0 0 0 0 0 0 0 0 0 0 0 0 0 0 0 0 0 0 0 0 0 0 0 0 0 0 0 0 0 0 0 0 0 0 0 0 0 0 0 0 0 0 0 0 0 0 0 0 0 0 0 0 0 0 0 0 0 0 0 0 0 0 0 0 0 0 0 0 0 0 0 0 0 0 0 0 0 0 0 0 0 0 0 0 0 0 0 0 0 0 0 0 0 0 0 0 0 0 0 0 0 0 0 0 0 0 0 0 0 0 0 0 0 0 0 0 0 0 0 0 0 0 0 0 0 0 0 0 0 0 0 0 0 0 0 0 0 0 0 0 0 0 0 0 0 0 0 0 0 0 0 0 0 0 0 0 0 0 0 0 0 0 0 0 0 0 0 0 0 0 0 0 0 0 0 0 0 0 0 0 0 0 0 0 0 0 0 0 0 0 0 0 0 0 0 0 0 0 0 0 0 0 0 0 0 0 0 0 0 0 0 0 0 0 0 0 -1 2.567037e-17 5.081309e-18 -1 2.567037e-17 5.081309e-18 -1 2.567037e-17 5.081309e-18 -1 2.567037e-17 5.081309e-18 -1 2.567037e-17 5.081309e-18 -1 2.567037e-17 5.081309e-18 -1 2.567037e-17 5.081309e-18 -1 2.567037e-17 5.081309e-18 -1 2.567037e-17 5.081309e-18 -1 2.567037e-17 5.081309e-18 -1 2.567037e-17 5.081309e-18 -1 2.567037e-17 5.081309e-18 -1 2.567037e-17 5.081309e-18 -1 2.567037e-17 5.081309e-18 1 -2.567037e-17 -5.081309e-18 1 -2.567037e-17 -5.081309e-18 1 -2.567037e-17 -5.081309e-18 1 -2.567037e-17 -5.081309e-18 1 -2.567037e-17 -5.081309e-18 1 -2.567037e-17 -5.081309e-18 1 -2.567037e-17 -5.081309e-18 1 -2.567037e-17 -5.081309e-18 1 -2.567037e-17 -5.081309e-18 1 -2.567037e-17 -5.081309e-18 1 -2.567037e-17 -5.081309e-18 1 -2.567037e-17 -5.081309e-18 1 -2.567037e-17 -5.081309e-18 1 -2.567037e-17 -5.081309e-18 0 0 0 0 0 0 0 0 0 0 0 0 0 0 0 0 0 0 0 0 0 0 0 0 0 0 0 0 0 0 0 0 0 0 0 0 1.099416e-16 0.435023 -0.9004193 1.099416e-16 0.435023 -0.9004193 1.099416e-16 0.435023 -0.9004193 -1.099416e-16 -0.435023 0.9004193 -1.099416e-16 -0.435023 0.9004193 -1.099416e-16 -0.435023 0.9004193 0 0 0 0.6813875 -5.871564e-32 -0.7319228 0.6813875 -5.871564e-32 -0.7319228 0.6813875 -5.871564e-32 -0.7319228 -0.6813875 5.871564e-32 0.7319228 -0.6813875 5.871564e-32 0.7319228 -0.6813875 5.871564e-32 0.7319228 -1.099416e-16 -0.435023 -0.9004193 -1.099416e-16 -0.435023 -0.9004193 -1.099416e-16 -0.435023 -0.9004193 1.099416e-16 0.435023 0.9004193 1.099416e-16 0.435023 0.9004193 1.099416e-16 0.435023 0.9004193</float_array>
                    <technique_common>
                        <accessor count="451" source="#ID91" stride="3">
                            <param name="X" type="float" />
                            <param name="Y" type="float" />
                            <param name="Z" type="float" />
                        </accessor>
                    </technique_common>
                </source>
                <source id="ID88">
                    <Name_array id="ID92" count="0" />
                    <technique_common>
                        <accessor count="0" source="#ID92" stride="1">
                            <param name="skp_material" type="Name" />
                        </accessor>
                    </technique_common>
                </source>
                <vertices id="ID89">
                    <input semantic="POSITION" source="#ID86" />
                    <input semantic="NORMAL" source="#ID87" />
                </vertices>
                <triangles count="143" material="Material4">
                    <input offset="0" semantic="VERTEX" source="#ID89" />
                    <p>0 1 2 9 10 11 19 20 21 22 23 24 23 22 25 25 22 26 26 22 27 27 22 28 29 30 31 30 29 28 30 28 32 32 28 22 33 31 30 27 34 26 34 27 29 34 29 35 35 29 31 61 62 63 62 61 64 64 61 65 65 61 66 66 61 67 66 67 68 68 67 69 70 71 72 71 70 73 71 73 74 74 73 75 74 75 76 76 75 77 77 75 78 77 78 79 79 78 80 79 80 81 81 80 82 82 80 83 82 83 84 84 83 85 84 85 86 86 85 87 86 87 88 88 87 89 89 87 90 89 90 91 91 90 92 91 92 93 93 92 94 93 94 95 95 94 96 95 96 97 97 96 98 98 96 99 98 99 100 100 99 101 81 102 79 102 81 103 102 103 104 102 104 105 105 104 106 105 106 107 105 107 108 108 107 109 108 109 110 110 109 111 110 111 112 110 112 113 113 112 114 113 114 115 115 114 116 115 116 117 115 117 118 118 117 119 118 119 120 121 73 70 73 121 122 122 121 123 123 121 124 123 124 125 125 124 126 125 126 127 127 126 128 127 128 129 129 128 130 130 128 131 130 131 132 132 131 133 133 131 134 133 134 135 135 134 136 136 134 137 136 137 138 139 140 141 140 139 142 140 142 143 140 143 144 140 144 145 140 145 69 140 69 67 140 67 146 140 146 147 140 147 148 148 147 149 148 149 72 148 72 71 148 71 150 150 71 151 150 151 152 152 151 153 152 153 154 152 154 155 155 154 156 155 156 157 155 157 158 158 157 159 158 159 160 160 159 161 160 161 162 162 161 163 162 163 164 164 163 165 164 165 166 166 165 167 166 167 168 168 167 169 168 169 170 170 169 171 392 393 394 395 396 397 396 395 393 397 396 398 398 396 399 396 393 400 400 393 392 401 400 392 400 401 402 400 402 403 403 402 404 396 405 399 405 396 403 405 403 404 432 433 434 442 443 444 445 446 447</p>
                </triangles>
                <triangles count="141" material="Material3">
                    <input offset="0" semantic="VERTEX" source="#ID89" />
                    <p>3 4 5 12 13 14 36 37 38 38 37 39 37 40 39 41 39 40 42 36 43 44 45 46 46 45 42 45 37 42 36 42 37 45 44 40 40 44 41 41 44 47 47 44 48 49 48 44 172 173 174 174 173 175 173 176 175 175 176 177 176 178 177 177 178 179 178 180 179 179 180 181 180 182 181 181 182 183 182 184 183 183 184 185 184 186 185 185 186 187 186 188 187 188 189 187 187 189 190 189 191 190 191 192 190 190 192 193 192 194 193 193 194 195 194 196 195 196 197 195 197 198 195 195 198 199 198 200 199 200 201 199 201 202 199 202 203 199 203 204 199 204 205 199 205 206 199 206 207 199 208 199 207 209 210 211 210 212 211 211 212 213 213 212 214 212 215 214 214 215 216 216 215 217 215 218 217 217 218 219 219 218 220 218 221 220 220 221 222 221 223 222 222 223 224 223 225 224 224 225 226 226 225 227 228 227 225 229 230 231 230 232 231 231 232 233 232 234 233 234 235 233 233 235 236 235 237 236 236 237 238 237 239 238 239 240 238 238 240 241 240 242 241 241 242 243 242 244 243 244 245 243 243 245 246 245 247 246 247 248 246 249 246 248 250 251 252 252 251 253 251 254 253 253 254 255 255 254 256 254 257 256 256 257 258 257 259 258 258 259 260 259 261 260 260 261 262 261 263 262 262 263 264 264 263 265 263 266 265 265 266 267 266 268 267 267 268 269 268 270 269 269 270 248 248 270 249 270 271 249 249 271 272 271 273 272 272 273 274 274 273 275 273 227 275 275 227 194 227 228 194 196 194 228 202 201 276 276 201 277 201 278 277 277 278 279 279 278 280 280 278 281 282 281 278 406 407 408 407 409 408 410 408 409 406 411 407 407 411 412 411 413 412 414 412 413 414 415 412 412 415 409 410 409 416 416 409 417 415 418 409 417 409 418 419 415 414 435 436 437 448 449 450</p>
                </triangles>
                <!-- <lines count="145" material="Material5">
                    <input offset="0" semantic="VERTEX" source="#ID89" />
                    <p>6 7 7 8 8 6 6 15 7 15 15 8 50 51 52 50 52 53 53 54 55 54 55 56 56 57 6 57 57 58 59 58 59 60 51 60 283 51 284 283 285 284 286 285 287 286 288 287 289 288 290 289 291 290 292 291 293 292 294 293 295 294 296 295 297 296 298 297 299 298 300 299 301 300 302 301 303 302 304 303 305 304 306 305 307 306 308 307 309 308 310 309 311 310 312 311 313 312 314 313 315 314 316 315 317 316 318 317 319 318 320 319 321 320 322 321 323 322 324 323 325 324 326 325 327 326 328 327 329 328 330 329 331 330 332 331 333 332 334 333 335 334 336 335 337 336 338 337 339 338 340 339 341 340 342 341 343 342 344 343 345 344 346 345 347 346 348 347 349 348 350 349 351 350 352 351 353 352 354 353 355 354 356 355 357 356 358 357 359 358 360 359 361 360 362 361 363 362 364 363 365 364 366 365 367 366 368 367 369 368 370 369 371 370 372 371 373 372 374 373 375 374 376 375 377 376 378 377 379 378 380 379 380 381 381 382 382 383 383 384 384 385 385 386 386 387 387 388 388 389 389 390 390 391 391 50 420 380 379 421 422 421 423 422 424 423 424 425 425 426 427 426 425 427 428 424 429 428 430 429 431 430 431 420 438 425 438 426 427 438</p>
                </lines> -->
                <triangles count="2" material="Material2">
                    <input offset="0" semantic="VERTEX" source="#ID89" />
                    <p>16 17 18 439 440 441</p>
                </triangles>
            </mesh>
        </geometry>
        <geometry id="ID93">
            <mesh>
                <source id="ID94">
                    <float_array id="ID98" count="1956">41.00206 87.93558 288.7795 41.75882 93.15375 286.1366 41.14173 97.33526 284.0187 44.35098 84.04211 290.7516 43.56804 89.2572 288.1101 46.4461 85.91116 289.8049 48.71538 81.05455 292.2647 50.19685 83.34366 291.1053 53.79783 79.17648 293.216 54.56469 81.72966 291.9228 59.25197 78.53591 293.5404 59.25197 81.17915 292.2016 64.70611 79.17648 293.216 63.93924 81.72966 291.9228 68.30709 83.34366 291.1053 69.78856 81.05455 292.2647 72.05784 85.91116 289.8049 74.15296 84.04211 290.7516 74.93589 89.2572 288.1101 77.50188 87.93558 288.7795 76.74511 93.15375 286.1366 77.3622 97.33526 284.0187 38.89684 92.46963 286.4831 38.89684 102.2009 281.5543 38.17879 97.33526 284.0187 40.85587 106.4201 279.4173 41.00206 106.7349 279.2578 41.75882 101.5168 281.9008 44.35098 110.6284 277.2858 43.56804 105.4133 279.9272 46.4461 108.7593 278.2324 48.71538 113.616 275.7726 50.19685 111.3269 276.932 53.79783 115.494 274.8214 54.56469 112.9409 276.1145 59.25197 116.1346 274.4969 59.25197 113.4914 275.8357 63.93924 112.9409 276.1145 64.70611 115.494 274.8214 68.30709 111.3269 276.932 69.78856 113.616 275.7726 72.05784 108.7593 278.2324 74.15296 110.6284 277.2858 74.93589 105.4133 279.9272 77.50188 106.7349 279.2578 76.74511 101.5168 281.9008 77.64807 88.25043 288.6201 79.6071 102.2009 281.5543 79.6071 92.46963 286.4831 80.32515 97.33526 284.0187 80.32515 97.33526 284.0187 79.6071 92.46963 286.4831 79.6071 102.2009 281.5543 77.64807 88.25043 288.6201 77.50188 106.7349 279.2578 77.50188 87.93558 288.7795 77.3622 97.33526 284.0187 76.74511 101.5168 281.9008 74.93589 105.4133 279.9272 74.15296 110.6284 277.2858 72.05784 108.7593 278.2324 69.78856 113.616 275.7726 68.30709 111.3269 276.932 64.70611 115.494 274.8214 63.93924 112.9409 276.1145 59.25197 116.1346 274.4969 59.25197 113.4914 275.8357 54.56469 112.9409 276.1145 53.79783 115.494 274.8214 50.19685 111.3269 276.932 48.71538 113.616 275.7726 46.4461 108.7593 278.2324 44.35098 110.6284 277.2858 43.56804 105.4133 279.9272 41.75882 101.5168 281.9008 41.00206 106.7349 279.2578 41.14173 97.33526 284.0187 41.00206 87.93558 288.7795 40.85587 106.4201 279.4173 38.89684 92.46963 286.4831 38.89684 102.2009 281.5543 38.17879 97.33526 284.0187 76.74511 93.15375 286.1366 74.93589 89.2572 288.1101 74.15296 84.04211 290.7516 72.05784 85.91116 289.8049 69.78856 81.05455 292.2647 68.30709 83.34366 291.1053 64.70611 79.17648 293.216 63.93924 81.72966 291.9228 59.25197 81.17915 292.2016 59.25197 78.53591 293.5404 54.56469 81.72966 291.9228 53.79783 79.17648 293.216 50.19685 83.34366 291.1053 48.71538 81.05455 292.2647 46.4461 85.91116 289.8049 44.35098 84.04211 290.7516 43.56804 89.2572 288.1101 41.75882 93.15375 286.1366 59.25197 116.1346 274.4969 64.70611 115.494 274.8214 53.79783 115.494 274.8214 48.71538 113.616 275.7726 44.35098 110.6284 277.2858 41.00206 106.7349 279.2578 40.85587 106.4201 279.4173 38.89684 102.2009 281.5543 38.17879 97.33526 284.0187 38.89684 92.46963 286.4831 41.00206 87.93558 288.7795 44.35098 84.04211 290.7516 48.71538 81.05455 292.2647 53.79783 79.17648 293.216 59.25197 78.53591 293.5404 64.70611 79.17648 293.216 69.78856 81.05455 292.2647 74.15296 84.04211 290.7516 77.50188 87.93558 288.7795 77.64807 88.25043 288.6201 79.6071 92.46963 286.4831 80.32515 97.33526 284.0187 79.6071 102.2009 281.5543 77.50188 106.7349 279.2578 74.15296 110.6284 277.2858 69.78856 113.616 275.7726 54.56469 112.9409 276.1145 59.25197 113.4914 275.8357 63.93924 112.9409 276.1145 68.30709 111.3269 276.932 72.05784 108.7593 278.2324 74.93589 105.4133 279.9272 76.74511 101.5168 281.9008 77.3622 97.33526 284.0187 76.74511 93.15375 286.1366 74.93589 89.2572 288.1101 72.05784 85.91116 289.8049 68.30709 83.34366 291.1053 63.93924 81.72966 291.9228 59.25197 81.17915 292.2016 54.56469 81.72966 291.9228 50.19685 83.34366 291.1053 46.4461 85.91116 289.8049 43.56804 89.2572 288.1101 41.75882 93.15375 286.1366 41.14173 97.33526 284.0187 41.75882 101.5168 281.9008 43.56804 105.4133 279.9272 46.4461 108.7593 278.2324 50.19685 111.3269 276.932 59.25197 116.1346 274.4969 64.70611 111.9362 267.797 59.25197 112.5768 267.4725 64.70611 115.494 274.8214 64.70611 115.494 274.8214 59.25197 116.1346 274.4969 64.70611 111.9362 267.797 59.25197 112.5768 267.4725 64.70611 111.9362 267.797 59.25197 112.5768 267.4725 53.79783 111.9362 267.797 53.79783 115.494 274.8214 53.79783 115.494 274.8214 53.79783 111.9362 267.797 53.79783 111.9362 267.797 48.71538 110.0582 268.7482 48.71538 113.616 275.7726 48.71538 113.616 275.7726 48.71538 110.0582 268.7482 48.71538 110.0582 268.7482 44.35098 107.0706 270.2614 44.35098 110.6284 277.2858 44.35098 110.6284 277.2858 44.35098 107.0706 270.2614 44.35098 107.0706 270.2614 41.00206 106.7349 279.2578 41.00206 103.1771 272.2334 41.00206 106.7349 279.2578 41.00206 103.1771 272.2334 41.00206 103.1771 272.2334 40.85587 106.4201 279.4173 40.85587 102.8623 272.3929 40.85587 106.4201 279.4173 40.85587 102.8623 272.3929 40.85587 102.8623 272.3929 38.89684 102.2009 281.5543 40.85587 102.8623 272.3929 38.89684 98.64307 274.5299 40.85587 106.4201 279.4173 40.85587 106.4201 279.4173 38.89684 102.2009 281.5543 40.85587 102.8623 272.3929 38.89684 98.64307 274.5299 38.89684 98.64307 274.5299 38.17879 97.33526 284.0187 38.17879 93.77745 276.9943 38.17879 97.33526 284.0187 38.17879 93.77745 276.9943 38.17879 93.77745 276.9943 38.89684 92.46963 286.4831 38.89684 88.91182 279.4587 38.89684 92.46963 286.4831 38.89684 88.91182 279.4587 38.89684 88.91182 279.4587 41.00206 87.93558 288.7795 41.00206 84.37777 281.7551 41.00206 87.93558 288.7795 41.00206 84.37777 281.7551 41.00206 84.37777 281.7551 44.35098 84.04211 290.7516 44.35098 80.4843 283.7272 44.35098 84.04211 290.7516 44.35098 80.4843 283.7272 44.35098 80.4843 283.7272 48.71538 77.49674 285.2403 48.71538 81.05455 292.2647 48.71538 81.05455 292.2647 48.71538 77.49674 285.2403 48.71538 77.49674 285.2403 53.79783 75.61867 286.1916 53.79783 79.17648 293.216 53.79783 79.17648 293.216 53.79783 75.61867 286.1916 53.79783 75.61867 286.1916 59.25197 74.9781 286.516 59.25197 78.53591 293.5404 59.25197 78.53591 293.5404 59.25197 74.9781 286.516 59.25197 74.9781 286.516 64.70611 79.17648 293.216 64.70611 75.61867 286.1916 64.70611 79.17648 293.216 64.70611 75.61867 286.1916 64.70611 75.61867 286.1916 69.78856 81.05455 292.2647 69.78856 77.49674 285.2403 69.78856 81.05455 292.2647 69.78856 77.49674 285.2403 69.78856 77.49674 285.2403 74.15296 84.04211 290.7516 74.15296 80.4843 283.7272 74.15296 84.04211 290.7516 74.15296 80.4843 283.7272 74.15296 80.4843 283.7272 77.50188 84.37777 281.7551 77.50188 87.93558 288.7795 77.50188 87.93558 288.7795 77.50188 84.37777 281.7551 77.50188 84.37777 281.7551 77.64807 84.69262 281.5957 77.64807 88.25043 288.6201 77.64807 88.25043 288.6201 77.64807 84.69262 281.5957 77.64807 84.69262 281.5957 79.6071 88.91182 279.4587 77.64807 88.25043 288.6201 77.64807 84.69262 281.5957 79.6071 92.46963 286.4831 79.6071 92.46963 286.4831 79.6071 88.91182 279.4587 77.64807 88.25043 288.6201 77.64807 84.69262 281.5957 79.6071 88.91182 279.4587 80.32515 93.77745 276.9943 80.32515 97.33526 284.0187 80.32515 97.33526 284.0187 80.32515 93.77745 276.9943 80.32515 93.77745 276.9943 79.6071 98.64307 274.5299 79.6071 102.2009 281.5543 79.6071 102.2009 281.5543 79.6071 98.64307 274.5299 79.6071 98.64307 274.5299 77.50188 103.1771 272.2334 77.50188 106.7349 279.2578 77.50188 106.7349 279.2578 77.50188 103.1771 272.2334 77.50188 103.1771 272.2334 74.15296 107.0706 270.2614 74.15296 110.6284 277.2858 74.15296 110.6284 277.2858 74.15296 107.0706 270.2614 74.15296 107.0706 270.2614 69.78856 113.616 275.7726 69.78856 110.0582 268.7482 69.78856 113.616 275.7726 69.78856 110.0582 268.7482 69.78856 110.0582 268.7482 59.25197 114.9145 278.6455 64.70611 115.494 274.8214 59.25197 116.1346 274.4969 63.93924 114.364 278.9243 63.93924 114.364 278.9243 59.25197 114.9145 278.6455 64.70611 115.494 274.8214 59.25197 116.1346 274.4969 63.93924 114.364 278.9243 59.25197 114.9145 278.6455 53.79783 115.494 274.8214 59.25197 114.9145 278.6455 59.25197 116.1346 274.4969 54.56469 114.364 278.9243 54.56469 114.364 278.9243 53.79783 115.494 274.8214 59.25197 114.9145 278.6455 59.25197 116.1346 274.4969 54.56469 114.364 278.9243 48.71538 113.616 275.7726 54.56469 114.364 278.9243 53.79783 115.494 274.8214 50.19685 112.75 279.7418 50.19685 112.75 279.7418 48.71538 113.616 275.7726 54.56469 114.364 278.9243 53.79783 115.494 274.8214 50.19685 112.75 279.7418 44.35098 110.6284 277.2858 50.19685 112.75 279.7418 48.71538 113.616 275.7726 46.4461 110.1825 281.0422 46.4461 110.1825 281.0422 44.35098 110.6284 277.2858 50.19685 112.75 279.7418 48.71538 113.616 275.7726 46.4461 110.1825 281.0422 41.00206 106.7349 279.2578 46.4461 110.1825 281.0422 44.35098 110.6284 277.2858 43.56804 106.8364 282.7369 43.56804 106.8364 282.7369 41.00206 106.7349 279.2578 46.4461 110.1825 281.0422 44.35098 110.6284 277.2858 43.56804 106.8364 282.7369 41.75882 102.9399 284.7105 40.85587 106.4201 279.4173 38.89684 102.2009 281.5543 43.56804 106.8364 282.7369 41.00206 106.7349 279.2578 41.00206 106.7349 279.2578 43.56804 106.8364 282.7369 40.85587 106.4201 279.4173 41.75882 102.9399 284.7105 38.89684 102.2009 281.5543 41.75882 102.9399 284.7105 41.14173 98.75838 286.8284 38.89684 102.2009 281.5543 38.17879 97.33526 284.0187 41.75882 102.9399 284.7105 41.75882 102.9399 284.7105 41.14173 98.75838 286.8284 38.89684 102.2009 281.5543 38.17879 97.33526 284.0187 41.14173 98.75838 286.8284 41.75882 94.57687 288.9463 38.17879 97.33526 284.0187 38.89684 92.46963 286.4831 41.14173 98.75838 286.8284 41.14173 98.75838 286.8284 41.75882 94.57687 288.9463 38.17879 97.33526 284.0187 38.89684 92.46963 286.4831 41.75882 94.57687 288.9463 41.00206 87.93558 288.7795 41.75882 94.57687 288.9463 38.89684 92.46963 286.4831 43.56804 90.68033 290.9199 43.56804 90.68033 290.9199 41.00206 87.93558 288.7795 41.75882 94.57687 288.9463 38.89684 92.46963 286.4831 43.56804 90.68033 290.9199 44.35098 84.04211 290.7516 43.56804 90.68033 290.9199 41.00206 87.93558 288.7795 46.4461 87.33429 292.6147 46.4461 87.33429 292.6147 44.35098 84.04211 290.7516 43.56804 90.68033 290.9199 41.00206 87.93558 288.7795 46.4461 87.33429 292.6147 48.71538 81.05455 292.2647 46.4461 87.33429 292.6147 44.35098 84.04211 290.7516 50.19685 84.76678 293.9151 50.19685 84.76678 293.9151 48.71538 81.05455 292.2647 46.4461 87.33429 292.6147 44.35098 84.04211 290.7516 50.19685 84.76678 293.9151 53.79783 79.17648 293.216 50.19685 84.76678 293.9151 48.71538 81.05455 292.2647 54.56469 83.15278 294.7326 54.56469 83.15278 294.7326 53.79783 79.17648 293.216 50.19685 84.76678 293.9151 48.71538 81.05455 292.2647 54.56469 83.15278 294.7326 59.25197 78.53591 293.5404 54.56469 83.15278 294.7326 53.79783 79.17648 293.216 59.25197 82.60227 295.0114 59.25197 82.60227 295.0114 59.25197 78.53591 293.5404 54.56469 83.15278 294.7326 53.79783 79.17648 293.216 59.25197 82.60227 295.0114 64.70611 79.17648 293.216 59.25197 82.60227 295.0114 59.25197 78.53591 293.5404 63.93924 83.15278 294.7326 63.93924 83.15278 294.7326 64.70611 79.17648 293.216 59.25197 82.60227 295.0114 59.25197 78.53591 293.5404 63.93924 83.15278 294.7326 64.70611 79.17648 293.216 68.30709 84.76678 293.9151 63.93924 83.15278 294.7326 69.78856 81.05455 292.2647 69.78856 81.05455 292.2647 64.70611 79.17648 293.216 68.30709 84.76678 293.9151 63.93924 83.15278 294.7326 68.30709 84.76678 293.9151 69.78856 81.05455 292.2647 72.05784 87.33429 292.6147 68.30709 84.76678 293.9151 74.15296 84.04211 290.7516 74.15296 84.04211 290.7516 69.78856 81.05455 292.2647 72.05784 87.33429 292.6147 68.30709 84.76678 293.9151 72.05784 87.33429 292.6147 74.15296 84.04211 290.7516 74.93589 90.68033 290.9199 72.05784 87.33429 292.6147 77.50188 87.93558 288.7795 77.50188 87.93558 288.7795 74.15296 84.04211 290.7516 74.93589 90.68033 290.9199 72.05784 87.33429 292.6147 74.93589 90.68033 290.9199 77.50188 87.93558 288.7795 76.74511 94.57687 288.9463 74.93589 90.68033 290.9199 79.6071 92.46963 286.4831 77.64807 88.25043 288.6201 77.64807 88.25043 288.6201 77.50188 87.93558 288.7795 79.6071 92.46963 286.4831 76.74511 94.57687 288.9463 74.93589 90.68033 290.9199 76.74511 94.57687 288.9463 80.32515 97.33526 284.0187 76.74511 94.57687 288.9463 79.6071 92.46963 286.4831 77.3622 98.75838 286.8284 77.3622 98.75838 286.8284 80.32515 97.33526 284.0187 76.74511 94.57687 288.9463 79.6071 92.46963 286.4831 77.3622 98.75838 286.8284 79.6071 102.2009 281.5543 77.3622 98.75838 286.8284 80.32515 97.33526 284.0187 76.74511 102.9399 284.7105 76.74511 102.9399 284.7105 79.6071 102.2009 281.5543 77.3622 98.75838 286.8284 80.32515 97.33526 284.0187 76.74511 102.9399 284.7105 77.50188 106.7349 279.2578 76.74511 102.9399 284.7105 79.6071 102.2009 281.5543 74.93589 106.8364 282.7369 74.93589 106.8364 282.7369 77.50188 106.7349 279.2578 76.74511 102.9399 284.7105 79.6071 102.2009 281.5543 74.93589 106.8364 282.7369 72.05784 110.1825 281.0422 77.50188 106.7349 279.2578 74.15296 110.6284 277.2858 74.93589 106.8364 282.7369 74.93589 106.8364 282.7369 72.05784 110.1825 281.0422 77.50188 106.7349 279.2578 74.15296 110.6284 277.2858 72.05784 110.1825 281.0422 68.30709 112.75 279.7418 74.15296 110.6284 277.2858 69.78856 113.616 275.7726 72.05784 110.1825 281.0422 72.05784 110.1825 281.0422 68.30709 112.75 279.7418 74.15296 110.6284 277.2858 69.78856 113.616 275.7726 68.30709 112.75 279.7418 63.93924 114.364 278.9243 69.78856 113.616 275.7726 64.70611 115.494 274.8214 68.30709 112.75 279.7418 68.30709 112.75 279.7418 63.93924 114.364 278.9243 69.78856 113.616 275.7726 64.70611 115.494 274.8214 41.75882 94.57687 288.9463 41.75882 102.9399 284.7105 41.14173 98.75838 286.8284 43.56804 90.68033 290.9199 43.56804 106.8364 282.7369 46.4461 110.1825 281.0422 46.4461 87.33429 292.6147 50.19685 112.75 279.7418 50.19685 84.76678 293.9151 54.56469 114.364 278.9243 54.56469 83.15278 294.7326 59.25197 114.9145 278.6455 59.25197 82.60227 295.0114 63.93924 83.15278 294.7326 63.93924 114.364 278.9243 68.30709 84.76678 293.9151 68.30709 112.75 279.7418 72.05784 87.33429 292.6147 72.05784 110.1825 281.0422 74.93589 90.68033 290.9199 74.93589 106.8364 282.7369 76.74511 94.57687 288.9463 76.74511 102.9399 284.7105 77.3622 98.75838 286.8284 77.3622 98.75838 286.8284 76.74511 94.57687 288.9463 76.74511 102.9399 284.7105 74.93589 106.8364 282.7369 74.93589 90.68033 290.9199 72.05784 110.1825 281.0422 72.05784 87.33429 292.6147 68.30709 112.75 279.7418 68.30709 84.76678 293.9151 63.93924 114.364 278.9243 63.93924 83.15278 294.7326 59.25197 114.9145 278.6455 59.25197 82.60227 295.0114 54.56469 83.15278 294.7326 54.56469 114.364 278.9243 50.19685 84.76678 293.9151 50.19685 112.75 279.7418 46.4461 87.33429 292.6147 46.4461 110.1825 281.0422 43.56804 90.68033 290.9199 43.56804 106.8364 282.7369 41.75882 102.9399 284.7105 41.75882 94.57687 288.9463 41.14173 98.75838 286.8284 59.25197 81.17915 292.2016 54.56469 83.15278 294.7326 54.56469 81.72966 291.9228 59.25197 82.60227 295.0114 59.25197 82.60227 295.0114 59.25197 81.17915 292.2016 54.56469 83.15278 294.7326 54.56469 81.72966 291.9228 63.93924 83.15278 294.7326 63.93924 81.72966 291.9228 63.93924 83.15278 294.7326 63.93924 81.72966 291.9228 68.30709 84.76678 293.9151 68.30709 83.34366 291.1053 68.30709 84.76678 293.9151 68.30709 83.34366 291.1053 72.05784 87.33429 292.6147 72.05784 85.91116 289.8049 72.05784 87.33429 292.6147 72.05784 85.91116 289.8049 74.93589 89.2572 288.1101 74.93589 90.68033 290.9199 74.93589 90.68033 290.9199 74.93589 89.2572 288.1101 76.74511 93.15375 286.1366 76.74511 94.57687 288.9463 76.74511 94.57687 288.9463 76.74511 93.15375 286.1366 77.3622 97.33526 284.0187 77.3622 98.75838 286.8284 77.3622 98.75838 286.8284 77.3622 97.33526 284.0187 76.74511 101.5168 281.9008 76.74511 102.9399 284.7105 76.74511 102.9399 284.7105 76.74511 101.5168 281.9008 74.93589 105.4133 279.9272 74.93589 106.8364 282.7369 74.93589 106.8364 282.7369 74.93589 105.4133 279.9272 72.05784 108.7593 278.2324 72.05784 110.1825 281.0422 72.05784 110.1825 281.0422 72.05784 108.7593 278.2324 68.30709 112.75 279.7418 68.30709 111.3269 276.932 68.30709 112.75 279.7418 68.30709 111.3269 276.932 63.93924 114.364 278.9243 63.93924 112.9409 276.1145 63.93924 114.364 278.9243 63.93924 112.9409 276.1145 59.25197 114.9145 278.6455 59.25197 113.4914 275.8357 59.25197 114.9145 278.6455 59.25197 113.4914 275.8357 54.56469 112.9409 276.1145 54.56469 114.364 278.9243 54.56469 114.364 278.9243 54.56469 112.9409 276.1145 50.19685 111.3269 276.932 50.19685 112.75 279.7418 50.19685 112.75 279.7418 50.19685 111.3269 276.932 46.4461 108.7593 278.2324 46.4461 110.1825 281.0422 46.4461 110.1825 281.0422 46.4461 108.7593 278.2324 43.56804 106.8364 282.7369 43.56804 105.4133 279.9272 43.56804 106.8364 282.7369 43.56804 105.4133 279.9272 41.75882 102.9399 284.7105 41.75882 101.5168 281.9008 41.75882 102.9399 284.7105 41.75882 101.5168 281.9008 41.14173 98.75838 286.8284 41.14173 97.33526 284.0187 41.14173 98.75838 286.8284 41.14173 97.33526 284.0187 41.75882 94.57687 288.9463 41.75882 93.15375 286.1366 41.75882 94.57687 288.9463 41.75882 93.15375 286.1366 43.56804 90.68033 290.9199 43.56804 89.2572 288.1101 43.56804 90.68033 290.9199 43.56804 89.2572 288.1101 46.4461 87.33429 292.6147 46.4461 85.91116 289.8049 46.4461 87.33429 292.6147 46.4461 85.91116 289.8049 50.19685 83.34366 291.1053 50.19685 84.76678 293.9151 50.19685 84.76678 293.9151 50.19685 83.34366 291.1053</float_array>
                    <technique_common>
                        <accessor count="652" source="#ID98" stride="3">
                            <param name="X" type="float" />
                            <param name="Y" type="float" />
                            <param name="Z" type="float" />
                        </accessor>
                    </technique_common>
                </source>
                <source id="ID95">
                    <float_array id="ID99" count="1956">-2.110397e-16 0.4518419 0.892098 -2.110397e-16 0.4518419 0.892098 -2.110397e-16 0.4518419 0.892098 -2.110397e-16 0.4518419 0.892098 -2.110397e-16 0.4518419 0.892098 -2.110397e-16 0.4518419 0.892098 -2.110397e-16 0.4518419 0.892098 -2.110397e-16 0.4518419 0.892098 -2.110397e-16 0.4518419 0.892098 -2.110397e-16 0.4518419 0.892098 -2.110397e-16 0.4518419 0.892098 -2.110397e-16 0.4518419 0.892098 -2.110397e-16 0.4518419 0.892098 -2.110397e-16 0.4518419 0.892098 -2.110397e-16 0.4518419 0.892098 -2.110397e-16 0.4518419 0.892098 -2.110397e-16 0.4518419 0.892098 -2.110397e-16 0.4518419 0.892098 -2.110397e-16 0.4518419 0.892098 -2.110397e-16 0.4518419 0.892098 -2.110397e-16 0.4518419 0.892098 -2.110397e-16 0.4518419 0.892098 -2.110397e-16 0.4518419 0.892098 -2.110397e-16 0.4518419 0.892098 -2.110397e-16 0.4518419 0.892098 -2.110397e-16 0.4518419 0.892098 -2.110397e-16 0.4518419 0.892098 -2.110397e-16 0.4518419 0.892098 -2.110397e-16 0.4518419 0.892098 -2.110397e-16 0.4518419 0.892098 -2.110397e-16 0.4518419 0.892098 -2.110397e-16 0.4518419 0.892098 -2.110397e-16 0.4518419 0.892098 -2.110397e-16 0.4518419 0.892098 -2.110397e-16 0.4518419 0.892098 -2.110397e-16 0.4518419 0.892098 -2.110397e-16 0.4518419 0.892098 -2.110397e-16 0.4518419 0.892098 -2.110397e-16 0.4518419 0.892098 -2.110397e-16 0.4518419 0.892098 -2.110397e-16 0.4518419 0.892098 -2.110397e-16 0.4518419 0.892098 -2.110397e-16 0.4518419 0.892098 -2.110397e-16 0.4518419 0.892098 -2.110397e-16 0.4518419 0.892098 -2.110397e-16 0.4518419 0.892098 -2.110397e-16 0.4518419 0.892098 -2.110397e-16 0.4518419 0.892098 -2.110397e-16 0.4518419 0.892098 -2.110397e-16 0.4518419 0.892098 2.110397e-16 -0.4518419 -0.892098 2.110397e-16 -0.4518419 -0.892098 2.110397e-16 -0.4518419 -0.892098 2.110397e-16 -0.4518419 -0.892098 2.110397e-16 -0.4518419 -0.892098 2.110397e-16 -0.4518419 -0.892098 2.110397e-16 -0.4518419 -0.892098 2.110397e-16 -0.4518419 -0.892098 2.110397e-16 -0.4518419 -0.892098 2.110397e-16 -0.4518419 -0.892098 2.110397e-16 -0.4518419 -0.892098 2.110397e-16 -0.4518419 -0.892098 2.110397e-16 -0.4518419 -0.892098 2.110397e-16 -0.4518419 -0.892098 2.110397e-16 -0.4518419 -0.892098 2.110397e-16 -0.4518419 -0.892098 2.110397e-16 -0.4518419 -0.892098 2.110397e-16 -0.4518419 -0.892098 2.110397e-16 -0.4518419 -0.892098 2.110397e-16 -0.4518419 -0.892098 2.110397e-16 -0.4518419 -0.892098 2.110397e-16 -0.4518419 -0.892098 2.110397e-16 -0.4518419 -0.892098 2.110397e-16 -0.4518419 -0.892098 2.110397e-16 -0.4518419 -0.892098 2.110397e-16 -0.4518419 -0.892098 2.110397e-16 -0.4518419 -0.892098 2.110397e-16 -0.4518419 -0.892098 2.110397e-16 -0.4518419 -0.892098 2.110397e-16 -0.4518419 -0.892098 2.110397e-16 -0.4518419 -0.892098 2.110397e-16 -0.4518419 -0.892098 2.110397e-16 -0.4518419 -0.892098 2.110397e-16 -0.4518419 -0.892098 2.110397e-16 -0.4518419 -0.892098 2.110397e-16 -0.4518419 -0.892098 2.110397e-16 -0.4518419 -0.892098 2.110397e-16 -0.4518419 -0.892098 2.110397e-16 -0.4518419 -0.892098 2.110397e-16 -0.4518419 -0.892098 2.110397e-16 -0.4518419 -0.892098 2.110397e-16 -0.4518419 -0.892098 2.110397e-16 -0.4518419 -0.892098 2.110397e-16 -0.4518419 -0.892098 2.110397e-16 -0.4518419 -0.892098 2.110397e-16 -0.4518419 -0.892098 2.110397e-16 -0.4518419 -0.892098 2.110397e-16 -0.4518419 -0.892098 2.110397e-16 -0.4518419 -0.892098 2.110397e-16 -0.4518419 -0.892098 0 0 0 0 0 0 0 0 0 0 0 0 0 0 0 0 0 0 0 0 0 0 0 0 0 0 0 0 0 0 0 0 0 0 0 0 0 0 0 0 0 0 0 0 0 0 0 0 0 0 0 0 0 0 0 0 0 0 0 0 0 0 0 0 0 0 0 0 0 0 0 0 0 0 0 0 0 0 0 0 0 0 0 0 0 0 0 0 0 0 0 0 0 0 0 0 0 0 0 0 0 0 0 0 0 0 0 0 0 0 0 0 0 0 0 0 0 0 0 0 0 0 0 0 0 0 0 0 0 0 0 0 0 0 0 0 0 0 0 0 0 0 0 0 0 0 0 0 0 0 -2.548577e-15 0.892098 -0.4518419 0.258819 0.8617005 -0.4364457 -1.782222e-15 0.892098 -0.4518419 0.258819 0.8617005 -0.4364457 -0.258819 -0.8617005 0.4364457 2.548577e-15 -0.892098 0.4518419 -0.258819 -0.8617005 0.4364457 1.782222e-15 -0.892098 0.4518419 0 0 0 0 0 0 -0.258819 0.8617005 -0.4364457 -0.258819 0.8617005 -0.4364457 0.258819 -0.8617005 0.4364457 0.258819 -0.8617005 0.4364457 0 0 0 -0.5 0.7725796 -0.3913065 -0.5 0.7725796 -0.3913065 0.5 -0.7725796 0.3913065 0.5 -0.7725796 0.3913065 0 0 0 -0.7071068 0.6308086 -0.3195004 -0.7071068 0.6308086 -0.3195004 0.7071068 -0.6308086 0.3195004 0.7071068 -0.6308086 0.3195004 0 0 0 -0.8660254 0.446049 -0.2259209 -0.8660254 0.446049 -0.2259209 0.8660254 -0.446049 0.2259209 0.8660254 -0.446049 0.2259209 0 0 0 -0.9238795 0.3413911 -0.1729124 -0.9238795 0.3413911 -0.1729124 0.9238795 -0.3413911 0.1729124 0.9238795 -0.3413911 0.1729124 0 0 0 -0.9659258 0.230892 -0.1169453 -0.9238795 0.3413911 -0.1729124 -0.9659258 0.230892 -0.1169453 -0.9238795 0.3413911 -0.1729124 0.9238795 -0.3413911 0.1729124 0.9659258 -0.230892 0.1169453 0.9238795 -0.3413911 0.1729124 0.9659258 -0.230892 0.1169453 0 0 0 -1 2.147577e-15 -8.554665e-16 -1 -2.602044e-15 1.541622e-15 1 -2.147577e-15 8.554665e-16 1 2.602044e-15 -1.541622e-15 0 0 0 -0.9659258 -0.230892 0.1169453 -0.9659258 -0.230892 0.1169453 0.9659258 0.230892 -0.1169453 0.9659258 0.230892 -0.1169453 0 0 0 -0.8660254 -0.446049 0.2259209 -0.8660254 -0.446049 0.2259209 0.8660254 0.446049 -0.2259209 0.8660254 0.446049 -0.2259209 0 0 0 -0.7071068 -0.6308086 0.3195004 -0.7071068 -0.6308086 0.3195004 0.7071068 0.6308086 -0.3195004 0.7071068 0.6308086 -0.3195004 0 0 0 -0.5 -0.7725796 0.3913065 -0.5 -0.7725796 0.3913065 0.5 0.7725796 -0.3913065 0.5 0.7725796 -0.3913065 0 0 0 -0.258819 -0.8617005 0.4364457 -0.258819 -0.8617005 0.4364457 0.258819 0.8617005 -0.4364457 0.258819 0.8617005 -0.4364457 0 0 0 2.637689e-15 -0.892098 0.4518419 1.853511e-15 -0.892098 0.4518419 -1.853511e-15 0.892098 -0.4518419 -2.637689e-15 0.892098 -0.4518419 0 0 0 0.258819 -0.8617005 0.4364457 0.258819 -0.8617005 0.4364457 -0.258819 0.8617005 -0.4364457 -0.258819 0.8617005 -0.4364457 0 0 0 0.5 -0.7725796 0.3913065 0.5 -0.7725796 0.3913065 -0.5 0.7725796 -0.3913065 -0.5 0.7725796 -0.3913065 0 0 0 0.7071068 -0.6308086 0.3195004 0.7071068 -0.6308086 0.3195004 -0.7071068 0.6308086 -0.3195004 -0.7071068 0.6308086 -0.3195004 0 0 0 0.8660254 -0.446049 0.2259209 0.8660254 -0.446049 0.2259209 -0.8660254 0.446049 -0.2259209 -0.8660254 0.446049 -0.2259209 0 0 0 0.9238795 -0.3413911 0.1729124 0.9238795 -0.3413911 0.1729124 -0.9238795 0.3413911 -0.1729124 -0.9238795 0.3413911 -0.1729124 0 0 0 0.9659258 -0.230892 0.1169453 0.9238795 -0.3413911 0.1729124 0.9238795 -0.3413911 0.1729124 0.9659258 -0.230892 0.1169453 -0.9659258 0.230892 -0.1169453 -0.9659258 0.230892 -0.1169453 -0.9238795 0.3413911 -0.1729124 -0.9238795 0.3413911 -0.1729124 0 0 0 1 -2.548577e-15 1.060422e-15 1 2.111933e-15 -1.292111e-15 -1 -2.111933e-15 1.292111e-15 -1 2.548577e-15 -1.060422e-15 0 0 0 0.9659258 0.230892 -0.1169453 0.9659258 0.230892 -0.1169453 -0.9659258 -0.230892 0.1169453 -0.9659258 -0.230892 0.1169453 0 0 0 0.8660254 0.446049 -0.2259209 0.8660254 0.446049 -0.2259209 -0.8660254 -0.446049 0.2259209 -0.8660254 -0.446049 0.2259209 0 0 0 0.7071068 0.6308086 -0.3195004 0.7071068 0.6308086 -0.3195004 -0.7071068 -0.6308086 0.3195004 -0.7071068 -0.6308086 0.3195004 0 0 0 0.5 0.7725796 -0.3913065 0.5 0.7725796 -0.3913065 -0.5 -0.7725796 0.3913065 -0.5 -0.7725796 0.3913065 0 0 0 0.09545262 0.9549878 0.2808685 0.09545262 0.9549878 0.2808685 0.09545262 0.9549878 0.2808685 0.09545262 0.9549878 0.2808685 -0.09545262 -0.9549878 -0.2808685 -0.09545262 -0.9549878 -0.2808685 -0.09545262 -0.9549878 -0.2808685 -0.09545262 -0.9549878 -0.2808685 0 0 0 0 0 0 -0.09545262 0.9549878 0.2808685 -0.09545262 0.9549878 0.2808685 -0.09545262 0.9549878 0.2808685 -0.09545262 0.9549878 0.2808685 0.09545262 -0.9549878 -0.2808685 0.09545262 -0.9549878 -0.2808685 0.09545262 -0.9549878 -0.2808685 0.09545262 -0.9549878 -0.2808685 0 0 0 -0.2798529 0.9109093 0.3031939 -0.2798529 0.9109093 0.3031939 -0.2798529 0.9109093 0.3031939 -0.2798529 0.9109093 0.3031939 0.2798529 -0.9109093 -0.3031939 0.2798529 -0.9109093 -0.3031939 0.2798529 -0.9109093 -0.3031939 0.2798529 -0.9109093 -0.3031939 0 0 0 -0.4451817 0.8257562 0.3463234 -0.4451817 0.8257562 0.3463234 -0.4451817 0.8257562 0.3463234 -0.4451817 0.8257562 0.3463234 0.4451817 -0.8257562 -0.3463234 0.4451817 -0.8257562 -0.3463234 0.4451817 -0.8257562 -0.3463234 0.4451817 -0.8257562 -0.3463234 0 0 0 -0.5801721 0.7053316 0.4073177 -0.5801721 0.7053316 0.4073177 -0.5801721 0.7053316 0.4073177 -0.5801721 0.7053316 0.4073177 0.5801721 -0.7053316 -0.4073177 0.5801721 -0.7053316 -0.4073177 0.5801721 -0.7053316 -0.4073177 0.5801721 -0.7053316 -0.4073177 0 0 0 -0.6756247 0.5578421 0.4820202 -0.6756247 0.5578421 0.4820202 -0.6756247 0.5578421 0.4820202 -0.6756247 0.5578421 0.4820202 -0.6756247 0.5578421 0.4820202 0.6756247 -0.5578421 -0.4820202 0.6756247 -0.5578421 -0.4820202 0.6756247 -0.5578421 -0.4820202 0.6756247 -0.5578421 -0.4820202 0.6756247 -0.5578421 -0.4820202 0 0 0 -0.7250346 0.3933389 0.56534 -0.7250346 0.3933389 0.56534 -0.7250346 0.3933389 0.56534 -0.7250346 0.3933389 0.56534 0.7250346 -0.3933389 -0.56534 0.7250346 -0.3933389 -0.56534 0.7250346 -0.3933389 -0.56534 0.7250346 -0.3933389 -0.56534 0 0 0 -0.7250346 0.2230327 0.651599 -0.7250346 0.2230327 0.651599 -0.7250346 0.2230327 0.651599 -0.7250346 0.2230327 0.651599 0.7250346 -0.2230327 -0.651599 0.7250346 -0.2230327 -0.651599 0.7250346 -0.2230327 -0.651599 0.7250346 -0.2230327 -0.651599 0 0 0 -0.6756247 0.0585296 0.7349187 -0.6756247 0.0585296 0.7349187 -0.6756247 0.0585296 0.7349187 -0.6756247 0.0585296 0.7349187 0.6756247 -0.0585296 -0.7349187 0.6756247 -0.0585296 -0.7349187 0.6756247 -0.0585296 -0.7349187 0.6756247 -0.0585296 -0.7349187 0 0 0 -0.5801721 -0.08895989 0.8096212 -0.5801721 -0.08895989 0.8096212 -0.5801721 -0.08895989 0.8096212 -0.5801721 -0.08895989 0.8096212 0.5801721 0.08895989 -0.8096212 0.5801721 0.08895989 -0.8096212 0.5801721 0.08895989 -0.8096212 0.5801721 0.08895989 -0.8096212 0 0 0 -0.4451817 -0.2093845 0.8706155 -0.4451817 -0.2093845 0.8706155 -0.4451817 -0.2093845 0.8706155 -0.4451817 -0.2093845 0.8706155 0.4451817 0.2093845 -0.8706155 0.4451817 0.2093845 -0.8706155 0.4451817 0.2093845 -0.8706155 0.4451817 0.2093845 -0.8706155 0 0 0 -0.2798529 -0.2945376 0.913745 -0.2798529 -0.2945376 0.913745 -0.2798529 -0.2945376 0.913745 -0.2798529 -0.2945376 0.913745 0.2798529 0.2945376 -0.913745 0.2798529 0.2945376 -0.913745 0.2798529 0.2945376 -0.913745 0.2798529 0.2945376 -0.913745 0 0 0 -0.09545262 -0.3386161 0.9360705 -0.09545262 -0.3386161 0.9360705 -0.09545262 -0.3386161 0.9360705 -0.09545262 -0.3386161 0.9360705 0.09545262 0.3386161 -0.9360705 0.09545262 0.3386161 -0.9360705 0.09545262 0.3386161 -0.9360705 0.09545262 0.3386161 -0.9360705 0 0 0 0.09545262 -0.3386161 0.9360705 0.09545262 -0.3386161 0.9360705 0.09545262 -0.3386161 0.9360705 0.09545262 -0.3386161 0.9360705 -0.09545262 0.3386161 -0.9360705 -0.09545262 0.3386161 -0.9360705 -0.09545262 0.3386161 -0.9360705 -0.09545262 0.3386161 -0.9360705 0 0 0 0.2798529 -0.2945376 0.913745 0.2798529 -0.2945376 0.913745 0.2798529 -0.2945376 0.913745 0.2798529 -0.2945376 0.913745 -0.2798529 0.2945376 -0.913745 -0.2798529 0.2945376 -0.913745 -0.2798529 0.2945376 -0.913745 -0.2798529 0.2945376 -0.913745 0 0 0 0.4451817 -0.2093845 0.8706155 0.4451817 -0.2093845 0.8706155 0.4451817 -0.2093845 0.8706155 0.4451817 -0.2093845 0.8706155 -0.4451817 0.2093845 -0.8706155 -0.4451817 0.2093845 -0.8706155 -0.4451817 0.2093845 -0.8706155 -0.4451817 0.2093845 -0.8706155 0 0 0 0.5801721 -0.08895989 0.8096212 0.5801721 -0.08895989 0.8096212 0.5801721 -0.08895989 0.8096212 0.5801721 -0.08895989 0.8096212 -0.5801721 0.08895989 -0.8096212 -0.5801721 0.08895989 -0.8096212 -0.5801721 0.08895989 -0.8096212 -0.5801721 0.08895989 -0.8096212 0 0 0 0.6756247 0.0585296 0.7349187 0.6756247 0.0585296 0.7349187 0.6756247 0.0585296 0.7349187 0.6756247 0.0585296 0.7349187 0.6756247 0.0585296 0.7349187 -0.6756247 -0.0585296 -0.7349187 -0.6756247 -0.0585296 -0.7349187 -0.6756247 -0.0585296 -0.7349187 -0.6756247 -0.0585296 -0.7349187 -0.6756247 -0.0585296 -0.7349187 0 0 0 0.7250346 0.2230327 0.651599 0.7250346 0.2230327 0.651599 0.7250346 0.2230327 0.651599 0.7250346 0.2230327 0.651599 -0.7250346 -0.2230327 -0.651599 -0.7250346 -0.2230327 -0.651599 -0.7250346 -0.2230327 -0.651599 -0.7250346 -0.2230327 -0.651599 0 0 0 0.7250346 0.3933389 0.56534 0.7250346 0.3933389 0.56534 0.7250346 0.3933389 0.56534 0.7250346 0.3933389 0.56534 -0.7250346 -0.3933389 -0.56534 -0.7250346 -0.3933389 -0.56534 -0.7250346 -0.3933389 -0.56534 -0.7250346 -0.3933389 -0.56534 0 0 0 0.6756247 0.5578421 0.4820202 0.6756247 0.5578421 0.4820202 0.6756247 0.5578421 0.4820202 0.6756247 0.5578421 0.4820202 -0.6756247 -0.5578421 -0.4820202 -0.6756247 -0.5578421 -0.4820202 -0.6756247 -0.5578421 -0.4820202 -0.6756247 -0.5578421 -0.4820202 0 0 0 0.5801721 0.7053316 0.4073177 0.5801721 0.7053316 0.4073177 0.5801721 0.7053316 0.4073177 0.5801721 0.7053316 0.4073177 -0.5801721 -0.7053316 -0.4073177 -0.5801721 -0.7053316 -0.4073177 -0.5801721 -0.7053316 -0.4073177 -0.5801721 -0.7053316 -0.4073177 0 0 0 0.4451817 0.8257562 0.3463234 0.4451817 0.8257562 0.3463234 0.4451817 0.8257562 0.3463234 0.4451817 0.8257562 0.3463234 -0.4451817 -0.8257562 -0.3463234 -0.4451817 -0.8257562 -0.3463234 -0.4451817 -0.8257562 -0.3463234 -0.4451817 -0.8257562 -0.3463234 0 0 0 0.2798529 0.9109093 0.3031939 0.2798529 0.9109093 0.3031939 0.2798529 0.9109093 0.3031939 0.2798529 0.9109093 0.3031939 -0.2798529 -0.9109093 -0.3031939 -0.2798529 -0.9109093 -0.3031939 -0.2798529 -0.9109093 -0.3031939 -0.2798529 -0.9109093 -0.3031939 -6.282387e-16 0.4518419 0.892098 -6.282387e-16 0.4518419 0.892098 -6.282387e-16 0.4518419 0.892098 -6.282387e-16 0.4518419 0.892098 -6.282387e-16 0.4518419 0.892098 -6.282387e-16 0.4518419 0.892098 -6.282387e-16 0.4518419 0.892098 -6.282387e-16 0.4518419 0.892098 -6.282387e-16 0.4518419 0.892098 -6.282387e-16 0.4518419 0.892098 -6.282387e-16 0.4518419 0.892098 -6.282387e-16 0.4518419 0.892098 -6.282387e-16 0.4518419 0.892098 -6.282387e-16 0.4518419 0.892098 -6.282387e-16 0.4518419 0.892098 -6.282387e-16 0.4518419 0.892098 -6.282387e-16 0.4518419 0.892098 -6.282387e-16 0.4518419 0.892098 -6.282387e-16 0.4518419 0.892098 -6.282387e-16 0.4518419 0.892098 -6.282387e-16 0.4518419 0.892098 -6.282387e-16 0.4518419 0.892098 -6.282387e-16 0.4518419 0.892098 -6.282387e-16 0.4518419 0.892098 6.282387e-16 -0.4518419 -0.892098 6.282387e-16 -0.4518419 -0.892098 6.282387e-16 -0.4518419 -0.892098 6.282387e-16 -0.4518419 -0.892098 6.282387e-16 -0.4518419 -0.892098 6.282387e-16 -0.4518419 -0.892098 6.282387e-16 -0.4518419 -0.892098 6.282387e-16 -0.4518419 -0.892098 6.282387e-16 -0.4518419 -0.892098 6.282387e-16 -0.4518419 -0.892098 6.282387e-16 -0.4518419 -0.892098 6.282387e-16 -0.4518419 -0.892098 6.282387e-16 -0.4518419 -0.892098 6.282387e-16 -0.4518419 -0.892098 6.282387e-16 -0.4518419 -0.892098 6.282387e-16 -0.4518419 -0.892098 6.282387e-16 -0.4518419 -0.892098 6.282387e-16 -0.4518419 -0.892098 6.282387e-16 -0.4518419 -0.892098 6.282387e-16 -0.4518419 -0.892098 6.282387e-16 -0.4518419 -0.892098 6.282387e-16 -0.4518419 -0.892098 6.282387e-16 -0.4518419 -0.892098 6.282387e-16 -0.4518419 -0.892098 1.149533e-15 -0.892098 0.4518419 -0.258819 -0.8617005 0.4364457 -0.258819 -0.8617005 0.4364457 1.274289e-15 -0.892098 0.4518419 -1.274289e-15 0.892098 -0.4518419 -1.149533e-15 0.892098 -0.4518419 0.258819 0.8617005 -0.4364457 0.258819 0.8617005 -0.4364457 0.258819 -0.8617005 0.4364457 0.258819 -0.8617005 0.4364457 -0.258819 0.8617005 -0.4364457 -0.258819 0.8617005 -0.4364457 0.5 -0.7725796 0.3913065 0.5 -0.7725796 0.3913065 -0.5 0.7725796 -0.3913065 -0.5 0.7725796 -0.3913065 0.7071068 -0.6308086 0.3195004 0.7071068 -0.6308086 0.3195004 -0.7071068 0.6308086 -0.3195004 -0.7071068 0.6308086 -0.3195004 0.8660254 -0.446049 0.2259209 0.8660254 -0.446049 0.2259209 -0.8660254 0.446049 -0.2259209 -0.8660254 0.446049 -0.2259209 0.9659258 -0.230892 0.1169453 0.9659258 -0.230892 0.1169453 -0.9659258 0.230892 -0.1169453 -0.9659258 0.230892 -0.1169453 1 -1.372311e-15 1.394589e-15 1 1.657466e-15 -1.425778e-16 -1 -1.657466e-15 1.425778e-16 -1 1.372311e-15 -1.394589e-15 0.9659258 0.230892 -0.1169453 0.9659258 0.230892 -0.1169453 -0.9659258 -0.230892 0.1169453 -0.9659258 -0.230892 0.1169453 0.8660254 0.446049 -0.2259209 0.8660254 0.446049 -0.2259209 -0.8660254 -0.446049 0.2259209 -0.8660254 -0.446049 0.2259209 0.7071068 0.6308086 -0.3195004 0.7071068 0.6308086 -0.3195004 -0.7071068 -0.6308086 0.3195004 -0.7071068 -0.6308086 0.3195004 0.5 0.7725796 -0.3913065 0.5 0.7725796 -0.3913065 -0.5 -0.7725796 0.3913065 -0.5 -0.7725796 0.3913065 0.258819 0.8617005 -0.4364457 0.258819 0.8617005 -0.4364457 -0.258819 -0.8617005 0.4364457 -0.258819 -0.8617005 0.4364457 -1.069333e-15 0.892098 -0.4518419 -1.194089e-15 0.892098 -0.4518419 1.069333e-15 -0.892098 0.4518419 1.194089e-15 -0.892098 0.4518419 -0.258819 0.8617005 -0.4364457 -0.258819 0.8617005 -0.4364457 0.258819 -0.8617005 0.4364457 0.258819 -0.8617005 0.4364457 -0.5 0.7725796 -0.3913065 -0.5 0.7725796 -0.3913065 0.5 -0.7725796 0.3913065 0.5 -0.7725796 0.3913065 -0.7071068 0.6308086 -0.3195004 -0.7071068 0.6308086 -0.3195004 0.7071068 -0.6308086 0.3195004 0.7071068 -0.6308086 0.3195004 -0.8660254 0.446049 -0.2259209 -0.8660254 0.446049 -0.2259209 0.8660254 -0.446049 0.2259209 0.8660254 -0.446049 0.2259209 -0.9659258 0.230892 -0.1169453 -0.9659258 0.230892 -0.1169453 0.9659258 -0.230892 0.1169453 0.9659258 -0.230892 0.1169453 -1 1.265378e-15 -1.341122e-15 -1 -1.835689e-15 2.316889e-16 1 -1.265378e-15 1.341122e-15 1 1.835689e-15 -2.316889e-16 -0.9659258 -0.230892 0.1169453 -0.9659258 -0.230892 0.1169453 0.9659258 0.230892 -0.1169453 0.9659258 0.230892 -0.1169453 -0.8660254 -0.446049 0.2259209 -0.8660254 -0.446049 0.2259209 0.8660254 0.446049 -0.2259209 0.8660254 0.446049 -0.2259209 -0.7071068 -0.6308086 0.3195004 -0.7071068 -0.6308086 0.3195004 0.7071068 0.6308086 -0.3195004 0.7071068 0.6308086 -0.3195004 -0.5 -0.7725796 0.3913065 -0.5 -0.7725796 0.3913065 0.5 0.7725796 -0.3913065 0.5 0.7725796 -0.3913065</float_array>
                    <technique_common>
                        <accessor count="652" source="#ID99" stride="3">
                            <param name="X" type="float" />
                            <param name="Y" type="float" />
                            <param name="Z" type="float" />
                        </accessor>
                    </technique_common>
                </source>
                <source id="ID96">
                    <Name_array id="ID100" count="0" />
                    <technique_common>
                        <accessor count="0" source="#ID100" stride="1">
                            <param name="skp_material" type="Name" />
                        </accessor>
                    </technique_common>
                </source>
                <vertices id="ID97">
                    <input semantic="POSITION" source="#ID94" />
                    <input semantic="NORMAL" source="#ID95" />
                </vertices>
                <triangles count="222" material="Material3">
                    <input offset="0" semantic="VERTEX" source="#ID97" />
                    <p>0 1 2 1 0 3 1 3 4 4 3 5 5 3 6 5 6 7 7 6 8 7 8 9 9 8 10 9 10 11 11 10 12 11 12 13 13 12 14 14 12 15 14 15 16 16 15 17 16 17 18 18 17 19 18 19 20 20 19 21 22 23 24 23 22 25 25 22 0 25 0 26 26 0 2 26 2 27 26 27 28 28 27 29 28 29 30 28 30 31 31 30 32 31 32 33 33 32 34 33 34 35 35 34 36 35 36 37 35 37 38 38 37 39 38 39 40 40 39 41 40 41 42 42 41 43 42 43 44 44 43 45 44 45 21 44 21 19 44 19 46 44 46 47 47 46 48 47 48 49 150 151 152 151 150 153 160 150 152 150 160 161 165 161 160 161 165 166 170 166 165 166 170 171 175 170 176 170 175 171 180 176 181 176 180 175 185 186 187 186 185 188 194 187 195 187 194 185 199 195 200 195 199 194 204 200 205 200 204 199 209 205 210 205 209 204 214 209 210 209 214 215 219 215 214 215 219 220 224 220 219 220 224 225 229 224 230 224 229 225 234 230 235 230 234 229 239 235 240 235 239 234 244 239 240 239 244 245 249 245 244 245 249 250 254 255 256 255 254 257 263 257 254 257 263 264 268 264 263 264 268 269 273 269 268 269 273 274 278 274 273 274 278 279 283 278 284 278 283 279 153 284 151 284 153 283 288 289 290 289 288 291 298 299 300 299 298 301 307 308 309 308 307 310 316 317 318 317 316 319 325 326 327 326 325 328 334 335 336 335 334 337 335 337 338 345 346 347 346 345 348 354 355 356 355 354 357 363 364 365 364 363 366 372 373 374 373 372 375 381 382 383 382 381 384 390 391 392 391 390 393 399 400 401 400 399 402 408 409 410 409 408 411 417 418 419 418 417 420 426 427 428 427 426 429 435 436 437 436 435 438 444 445 446 445 444 447 447 444 448 455 456 457 456 455 458 464 465 466 465 464 467 473 474 475 474 473 476 482 483 484 483 482 485 491 492 493 492 491 494 500 501 502 501 500 503 508 509 510 509 508 511 509 511 512 512 511 513 513 511 514 513 514 515 515 514 516 515 516 517 517 516 518 517 518 519 519 518 520 519 520 521 519 521 522 522 521 523 522 523 524 524 523 525 524 525 526 526 525 527 526 527 528 528 527 529 528 529 530 530 529 531 556 557 558 557 556 559 564 556 565 556 564 559 568 565 569 565 568 564 572 569 573 569 572 568 576 572 573 572 576 577 580 577 576 577 580 581 584 581 580 581 584 585 588 585 584 585 588 589 592 589 588 589 592 593 596 593 592 593 596 597 600 596 601 596 600 597 604 601 605 601 604 600 608 605 609 605 608 604 612 608 609 608 612 613 616 613 612 613 616 617 620 617 616 617 620 621 624 620 625 620 624 621 628 625 629 625 628 624 632 629 633 629 632 628 636 633 637 633 636 632 640 637 641 637 640 636 644 641 645 641 644 640 648 644 645 644 648 649 558 649 648 649 558 557</p>
                </triangles>
                <triangles count="222" material="Material2">
                    <input offset="0" semantic="VERTEX" source="#ID97" />
                    <p>50 51 52 51 53 52 52 53 54 53 55 54 55 56 54 56 57 54 57 58 54 54 58 59 58 60 59 59 60 61 60 62 61 61 62 63 62 64 63 63 64 65 64 66 65 66 67 65 65 67 68 67 69 68 68 69 70 69 71 70 70 71 72 71 73 72 73 74 72 72 74 75 74 76 75 76 77 75 75 77 78 77 79 78 78 79 80 81 80 79 56 55 82 82 55 83 55 84 83 83 84 85 84 86 85 85 86 87 86 88 87 87 88 89 89 88 90 88 91 90 90 91 92 91 93 92 92 93 94 93 95 94 94 95 96 95 97 96 96 97 98 98 97 99 97 77 99 76 99 77 154 155 156 157 156 155 162 163 155 157 155 163 167 168 162 163 162 168 172 173 167 168 167 173 172 177 173 178 173 177 177 182 178 183 178 182 189 190 191 192 191 190 190 196 192 197 192 196 196 201 197 202 197 201 201 206 202 207 202 206 206 211 207 212 207 211 216 217 211 212 211 217 221 222 216 217 216 222 226 227 221 222 221 227 226 231 227 232 227 231 231 236 232 237 232 236 236 241 237 242 237 241 246 247 241 242 241 247 251 252 246 247 246 252 258 259 260 261 260 259 265 266 258 259 258 266 270 271 265 266 265 271 275 276 270 271 270 276 280 281 275 276 275 281 280 285 281 286 281 285 285 154 286 156 286 154 292 293 294 295 294 293 302 303 304 305 304 303 311 312 313 314 313 312 320 321 322 323 322 321 329 330 331 332 331 330 339 340 341 340 342 341 343 341 342 349 350 351 352 351 350 358 359 360 361 360 359 367 368 369 370 369 368 376 377 378 379 378 377 385 386 387 388 387 386 394 395 396 397 396 395 403 404 405 406 405 404 412 413 414 415 414 413 421 422 423 424 423 422 430 431 432 433 432 431 439 440 441 442 441 440 449 450 451 451 450 452 453 452 450 459 460 461 462 461 460 468 469 470 471 470 469 477 478 479 480 479 478 486 487 488 489 488 487 495 496 497 498 497 496 504 505 506 507 506 505 532 533 534 534 533 535 533 536 535 535 536 537 536 538 537 537 538 539 538 540 539 539 540 541 540 542 541 541 542 543 542 544 543 544 545 543 543 545 546 545 547 546 546 547 548 547 549 548 548 549 550 549 551 550 550 551 552 552 551 553 551 554 553 555 553 554 560 561 562 563 562 561 560 566 561 567 561 566 566 570 567 571 567 570 570 574 571 575 571 574 578 579 574 575 574 579 582 583 578 579 578 583 586 587 582 583 582 587 590 591 586 587 586 591 594 595 590 591 590 595 598 599 594 595 594 599 598 602 599 603 599 602 602 606 603 607 603 606 606 610 607 611 607 610 614 615 610 611 610 615 618 619 614 615 614 619 622 623 618 619 618 623 622 626 623 627 623 626 626 630 627 631 627 630 630 634 631 635 631 634 634 638 635 639 635 638 638 642 639 643 639 642 642 646 643 647 643 646 650 651 646 647 646 651 562 563 650 651 650 563</p>
                </triangles>
                <!-- <lines count="172" material="Material4">
                    <input offset="0" semantic="VERTEX" source="#ID97" />
                    <p>100 101 102 100 103 102 104 103 105 104 106 105 107 106 108 107 109 108 110 109 111 110 112 111 113 112 114 113 115 114 116 115 117 116 118 117 119 118 120 119 122 121 123 122 124 123 125 124 101 125 126 127 127 128 128 129 129 130 130 131 131 132 132 133 133 134 134 135 135 136 136 137 137 138 138 139 139 140 140 141 141 142 142 143 143 144 144 145 145 146 146 147 147 148 148 149 149 126 101 158 159 158 100 159 164 159 102 164 169 164 103 169 174 169 104 174 179 174 105 179 184 179 106 184 193 184 107 193 198 193 108 198 203 198 109 203 208 203 110 208 213 208 111 213 218 213 112 218 223 218 113 223 228 223 114 228 233 228 115 233 238 233 116 238 243 238 117 243 248 243 118 248 253 248 119 253 262 253 120 262 267 262 121 267 272 267 122 272 277 272 123 277 282 277 124 282 287 282 125 287 158 287 296 101 100 297 297 296 306 102 306 297 103 315 315 306 324 104 324 315 105 333 333 324 344 107 344 333 108 353 353 344 362 109 362 353 110 371 371 362 380 111 380 371 112 389 389 380 113 398 407 114 407 398 115 416 416 407 425 116 425 416 117 434 434 425 443 118 443 434 120 454 454 443 463 121 463 454 122 472 472 463 481 123 481 472 124 490 490 481 125 499 499 490 296 499 139 407 140 398 138 416 137 425 136 434 135 443 134 454 133 463 132 472 131 481 130 490 129 499 128 296 127 297 126 306 149 315 148 324 147 333 146 344 145 353 144 362 143 371 142 380 141 389</p>
                </lines>
                <lines count="2" material="Material5">
                    <input offset="0" semantic="VERTEX" source="#ID97" />
                    <p>121 120 398 389</p>
                </lines> -->
            </mesh>
        </geometry>
        <geometry id="ID101">
            <mesh>
                <source id="ID102">
                    <float_array id="ID106" count="675">35.14883 121.2598 3.229274 88.52335 121.2598 0 32.33671 121.2598 0 87.28849 121.2598 1.178422 85.6883 121.2598 1.592102 83.16169 121.2598 3.591858 36.16858 121.2598 4.505233 82.63255 121.2598 5.042231 36.93062 121.2598 6.687587 85.83732 121.2598 7.770664 66.24477 121.2598 8.739786 64.01424 121.2598 9.021094 33.83697 121.2598 13.676 61.7876 121.2598 9.953574 59.56476 121.2598 10.49379 58.12818 121.2598 11.41717 51.74843 121.2598 13.67661 55.51877 121.2598 14.43033 53.30643 121.2598 14.57548 54.47674 121.2598 14.95779 86.77569 121.2598 9.209996 67.95365 121.2598 9.37739 66.6391 121.2598 9.389081 46.048 121.2598 14.49511 30.23594 121.2598 20.65939 46.56501 121.2598 14.49157 45.65964 121.2598 14.88658 44.36577 121.2598 16.19082 40.88059 121.2598 18.41239 38.04734 121.2598 20.1084 35.09038 121.2598 22.18925 27.53181 121.2598 27.63137 31.1073 121.2598 26.98056 28.03663 121.2598 28.9211 24.98119 121.2598 28.79474 24.33892 121.2598 30.34185 26.88457 121.2598 30.21223 25.86482 121.2598 30.47049 49.80067 121.2598 14.98877 46.69337 121.2598 15.00935 48.89152 121.2598 16.29288 46.82175 121.2598 15.52724 46.43194 121.2598 16.56723 47.7208 121.2598 19.41542 45.26654 121.2598 17.7411 45.26324 121.2598 19.42717 47.20028 121.2598 20.97609 46.16445 121.2598 21.36983 47.32704 121.2598 22.53437 46.4203 121.2598 22.92717 46.54876 121.2598 23.44634 73.49253 121.2598 11.16196 84.11255 121.2598 11.60192 85.57999 121.2598 11.5903 74.94851 121.2598 12.19897 83.71385 121.2598 12.13144 85.59319 121.2598 16.86057 75.8778 121.2598 14.02861 79.19874 121.2598 16.7659 80.66341 121.2598 17.94163 85.73739 121.2598 21.08068 81.46487 121.2598 19.38566 83.4709 121.2598 22.5403 86.4116 121.2598 23.32255 86.82824 121.2598 29.13689 87.48742 121.2598 25.30151 87.49352 121.2598 27.54916 88.24929 121.2598 10.38287 69.79662 121.2598 9.62253 90.66339 121.2598 11.68199 87.18569 121.2598 12.63186 91.87461 121.2598 12.99292 90.9405 121.2598 14.58421 92.68353 121.2598 14.04398 92.5527 121.2598 15.10206 92.5527 121.2598 15.10206 90.9405 121.2598 14.58421 92.68353 121.2598 14.04398 91.87461 121.2598 12.99292 87.18569 121.2598 12.63186 90.66339 121.2598 11.68199 85.57999 121.2598 11.5903 73.49253 121.2598 11.16196 88.24929 121.2598 10.38287 69.79662 121.2598 9.62253 67.95365 121.2598 9.37739 86.77569 121.2598 9.209996 87.49352 121.2598 27.54916 86.82824 121.2598 29.13689 87.48742 121.2598 25.30151 86.4116 121.2598 23.32255 83.4709 121.2598 22.5403 85.73739 121.2598 21.08068 81.46487 121.2598 19.38566 80.66341 121.2598 17.94163 85.59319 121.2598 16.86057 79.19874 121.2598 16.7659 75.8778 121.2598 14.02861 74.94851 121.2598 12.19897 83.71385 121.2598 12.13144 84.11255 121.2598 11.60192 46.54876 121.2598 23.44634 46.4203 121.2598 22.92717 47.32704 121.2598 22.53437 46.16445 121.2598 21.36983 47.20028 121.2598 20.97609 45.26324 121.2598 19.42717 47.7208 121.2598 19.41542 45.26654 121.2598 17.7411 46.43194 121.2598 16.56723 48.89152 121.2598 16.29288 46.82175 121.2598 15.52724 46.69337 121.2598 15.00935 49.80067 121.2598 14.98877 46.56501 121.2598 14.49157 51.74843 121.2598 13.67661 25.86482 121.2598 30.47049 24.33892 121.2598 30.34185 26.88457 121.2598 30.21223 28.03663 121.2598 28.9211 24.98119 121.2598 28.79474 27.53181 121.2598 27.63137 31.1073 121.2598 26.98056 35.09038 121.2598 22.18925 30.23594 121.2598 20.65939 38.04734 121.2598 20.1084 40.88059 121.2598 18.41239 44.36577 121.2598 16.19082 45.65964 121.2598 14.88658 46.048 121.2598 14.49511 33.83697 121.2598 13.676 66.6391 121.2598 9.389081 66.24477 121.2598 8.739786 85.83732 121.2598 7.770664 54.47674 121.2598 14.95779 53.30643 121.2598 14.57548 55.51877 121.2598 14.43033 58.12818 121.2598 11.41717 59.56476 121.2598 10.49379 61.7876 121.2598 9.953574 64.01424 121.2598 9.021094 36.93062 121.2598 6.687587 82.63255 121.2598 5.042231 36.16858 121.2598 4.505233 83.16169 121.2598 3.591858 35.14883 121.2598 3.229274 85.6883 121.2598 1.592102 87.28849 121.2598 1.178422 88.52335 121.2598 0 32.33671 121.2598 0 88.52335 121.2598 0 32.33671 121.2598 0 35.14883 121.2598 3.229274 36.16858 121.2598 4.505233 36.93062 121.2598 6.687587 33.83697 121.2598 13.676 30.23594 121.2598 20.65939 27.53181 121.2598 27.63137 24.98119 121.2598 28.79474 24.33892 121.2598 30.34185 25.86482 121.2598 30.47049 26.88457 121.2598 30.21223 28.03663 121.2598 28.9211 31.1073 121.2598 26.98056 35.09038 121.2598 22.18925 38.04734 121.2598 20.1084 40.88059 121.2598 18.41239 44.36577 121.2598 16.19082 45.65964 121.2598 14.88658 46.048 121.2598 14.49511 46.56501 121.2598 14.49157 46.69337 121.2598 15.00935 46.82175 121.2598 15.52724 46.43194 121.2598 16.56723 45.26654 121.2598 17.7411 45.26324 121.2598 19.42717 46.16445 121.2598 21.36983 46.4203 121.2598 22.92717 46.54876 121.2598 23.44634 47.32704 121.2598 22.53437 47.20028 121.2598 20.97609 47.7208 121.2598 19.41542 48.89152 121.2598 16.29288 49.80067 121.2598 14.98877 51.74843 121.2598 13.67661 53.30643 121.2598 14.57548 54.47674 121.2598 14.95779 55.51877 121.2598 14.43033 58.12818 121.2598 11.41717 59.56476 121.2598 10.49379 61.7876 121.2598 9.953574 64.01424 121.2598 9.021094 66.24477 121.2598 8.739786 66.6391 121.2598 9.389081 67.95365 121.2598 9.37739 69.79662 121.2598 9.62253 73.49253 121.2598 11.16196 74.94851 121.2598 12.19897 75.8778 121.2598 14.02861 79.19874 121.2598 16.7659 80.66341 121.2598 17.94163 81.46487 121.2598 19.38566 83.4709 121.2598 22.5403 86.82824 121.2598 29.13689 87.49352 121.2598 27.54916 87.48742 121.2598 25.30151 86.4116 121.2598 23.32255 85.73739 121.2598 21.08068 85.59319 121.2598 16.86057 83.71385 121.2598 12.13144 84.11255 121.2598 11.60192 85.57999 121.2598 11.5903 87.18569 121.2598 12.63186 90.9405 121.2598 14.58421 92.5527 121.2598 15.10206 92.68353 121.2598 14.04398 91.87461 121.2598 12.99292 90.66339 121.2598 11.68199 88.24929 121.2598 10.38287 86.77569 121.2598 9.209996 85.83732 121.2598 7.770664 82.63255 121.2598 5.042231 83.16169 121.2598 3.591858 85.6883 121.2598 1.592102 87.28849 121.2598 1.178422</float_array>
                    <technique_common>
                        <accessor count="225" source="#ID106" stride="3">
                            <param name="X" type="float" />
                            <param name="Y" type="float" />
                            <param name="Z" type="float" />
                        </accessor>
                    </technique_common>
                </source>
                <source id="ID103">
                    <float_array id="ID107" count="675">1.526818e-17 1 1.199676e-16 1.526818e-17 1 1.199676e-16 1.526818e-17 1 1.199676e-16 1.526818e-17 1 1.199676e-16 1.526818e-17 1 1.199676e-16 1.526818e-17 1 1.199676e-16 1.526818e-17 1 1.199676e-16 1.526818e-17 1 1.199676e-16 1.526818e-17 1 1.199676e-16 1.526818e-17 1 1.199676e-16 1.526818e-17 1 1.199676e-16 1.526818e-17 1 1.199676e-16 1.526818e-17 1 1.199676e-16 1.526818e-17 1 1.199676e-16 1.526818e-17 1 1.199676e-16 1.526818e-17 1 1.199676e-16 1.526818e-17 1 1.199676e-16 1.526818e-17 1 1.199676e-16 1.526818e-17 1 1.199676e-16 1.526818e-17 1 1.199676e-16 1.526818e-17 1 1.199676e-16 1.526818e-17 1 1.199676e-16 1.526818e-17 1 1.199676e-16 1.526818e-17 1 1.199676e-16 1.526818e-17 1 1.199676e-16 1.526818e-17 1 1.199676e-16 1.526818e-17 1 1.199676e-16 1.526818e-17 1 1.199676e-16 1.526818e-17 1 1.199676e-16 1.526818e-17 1 1.199676e-16 1.526818e-17 1 1.199676e-16 1.526818e-17 1 1.199676e-16 1.526818e-17 1 1.199676e-16 1.526818e-17 1 1.199676e-16 1.526818e-17 1 1.199676e-16 1.526818e-17 1 1.199676e-16 1.526818e-17 1 1.199676e-16 1.526818e-17 1 1.199676e-16 1.526818e-17 1 1.199676e-16 1.526818e-17 1 1.199676e-16 1.526818e-17 1 1.199676e-16 1.526818e-17 1 1.199676e-16 1.526818e-17 1 1.199676e-16 1.526818e-17 1 1.199676e-16 1.526818e-17 1 1.199676e-16 1.526818e-17 1 1.199676e-16 1.526818e-17 1 1.199676e-16 1.526818e-17 1 1.199676e-16 1.526818e-17 1 1.199676e-16 1.526818e-17 1 1.199676e-16 1.526818e-17 1 1.199676e-16 1.526818e-17 1 1.199676e-16 1.526818e-17 1 1.199676e-16 1.526818e-17 1 1.199676e-16 1.526818e-17 1 1.199676e-16 1.526818e-17 1 1.199676e-16 1.526818e-17 1 1.199676e-16 1.526818e-17 1 1.199676e-16 1.526818e-17 1 1.199676e-16 1.526818e-17 1 1.199676e-16 1.526818e-17 1 1.199676e-16 1.526818e-17 1 1.199676e-16 1.526818e-17 1 1.199676e-16 1.526818e-17 1 1.199676e-16 1.526818e-17 1 1.199676e-16 1.526818e-17 1 1.199676e-16 1.526818e-17 1 1.199676e-16 1.526818e-17 1 1.199676e-16 1.526818e-17 1 1.199676e-16 1.526818e-17 1 1.199676e-16 1.526818e-17 1 1.199676e-16 1.526818e-17 1 1.199676e-16 1.526818e-17 1 1.199676e-16 1.526818e-17 1 1.199676e-16 1.526818e-17 1 1.199676e-16 -1.526818e-17 -1 -1.199676e-16 -1.526818e-17 -1 -1.199676e-16 -1.526818e-17 -1 -1.199676e-16 -1.526818e-17 -1 -1.199676e-16 -1.526818e-17 -1 -1.199676e-16 -1.526818e-17 -1 -1.199676e-16 -1.526818e-17 -1 -1.199676e-16 -1.526818e-17 -1 -1.199676e-16 -1.526818e-17 -1 -1.199676e-16 -1.526818e-17 -1 -1.199676e-16 -1.526818e-17 -1 -1.199676e-16 -1.526818e-17 -1 -1.199676e-16 -1.526818e-17 -1 -1.199676e-16 -1.526818e-17 -1 -1.199676e-16 -1.526818e-17 -1 -1.199676e-16 -1.526818e-17 -1 -1.199676e-16 -1.526818e-17 -1 -1.199676e-16 -1.526818e-17 -1 -1.199676e-16 -1.526818e-17 -1 -1.199676e-16 -1.526818e-17 -1 -1.199676e-16 -1.526818e-17 -1 -1.199676e-16 -1.526818e-17 -1 -1.199676e-16 -1.526818e-17 -1 -1.199676e-16 -1.526818e-17 -1 -1.199676e-16 -1.526818e-17 -1 -1.199676e-16 -1.526818e-17 -1 -1.199676e-16 -1.526818e-17 -1 -1.199676e-16 -1.526818e-17 -1 -1.199676e-16 -1.526818e-17 -1 -1.199676e-16 -1.526818e-17 -1 -1.199676e-16 -1.526818e-17 -1 -1.199676e-16 -1.526818e-17 -1 -1.199676e-16 -1.526818e-17 -1 -1.199676e-16 -1.526818e-17 -1 -1.199676e-16 -1.526818e-17 -1 -1.199676e-16 -1.526818e-17 -1 -1.199676e-16 -1.526818e-17 -1 -1.199676e-16 -1.526818e-17 -1 -1.199676e-16 -1.526818e-17 -1 -1.199676e-16 -1.526818e-17 -1 -1.199676e-16 -1.526818e-17 -1 -1.199676e-16 -1.526818e-17 -1 -1.199676e-16 -1.526818e-17 -1 -1.199676e-16 -1.526818e-17 -1 -1.199676e-16 -1.526818e-17 -1 -1.199676e-16 -1.526818e-17 -1 -1.199676e-16 -1.526818e-17 -1 -1.199676e-16 -1.526818e-17 -1 -1.199676e-16 -1.526818e-17 -1 -1.199676e-16 -1.526818e-17 -1 -1.199676e-16 -1.526818e-17 -1 -1.199676e-16 -1.526818e-17 -1 -1.199676e-16 -1.526818e-17 -1 -1.199676e-16 -1.526818e-17 -1 -1.199676e-16 -1.526818e-17 -1 -1.199676e-16 -1.526818e-17 -1 -1.199676e-16 -1.526818e-17 -1 -1.199676e-16 -1.526818e-17 -1 -1.199676e-16 -1.526818e-17 -1 -1.199676e-16 -1.526818e-17 -1 -1.199676e-16 -1.526818e-17 -1 -1.199676e-16 -1.526818e-17 -1 -1.199676e-16 -1.526818e-17 -1 -1.199676e-16 -1.526818e-17 -1 -1.199676e-16 -1.526818e-17 -1 -1.199676e-16 -1.526818e-17 -1 -1.199676e-16 -1.526818e-17 -1 -1.199676e-16 -1.526818e-17 -1 -1.199676e-16 -1.526818e-17 -1 -1.199676e-16 -1.526818e-17 -1 -1.199676e-16 -1.526818e-17 -1 -1.199676e-16 -1.526818e-17 -1 -1.199676e-16 -1.526818e-17 -1 -1.199676e-16 -1.526818e-17 -1 -1.199676e-16 -1.526818e-17 -1 -1.199676e-16 0 0 0 0 0 0 0 0 0 0 0 0 0 0 0 0 0 0 0 0 0 0 0 0 0 0 0 0 0 0 0 0 0 0 0 0 0 0 0 0 0 0 0 0 0 0 0 0 0 0 0 0 0 0 0 0 0 0 0 0 0 0 0 0 0 0 0 0 0 0 0 0 0 0 0 0 0 0 0 0 0 0 0 0 0 0 0 0 0 0 0 0 0 0 0 0 0 0 0 0 0 0 0 0 0 0 0 0 0 0 0 0 0 0 0 0 0 0 0 0 0 0 0 0 0 0 0 0 0 0 0 0 0 0 0 0 0 0 0 0 0 0 0 0 0 0 0 0 0 0 0 0 0 0 0 0 0 0 0 0 0 0 0 0 0 0 0 0 0 0 0 0 0 0 0 0 0 0 0 0 0 0 0 0 0 0 0 0 0 0 0 0 0 0 0 0 0 0 0 0 0 0 0 0 0 0 0 0 0 0 0 0 0 0 0 0 0 0 0 0 0 0 0 0 0</float_array>
                    <technique_common>
                        <accessor count="225" source="#ID107" stride="3">
                            <param name="X" type="float" />
                            <param name="Y" type="float" />
                            <param name="Z" type="float" />
                        </accessor>
                    </technique_common>
                </source>
                <source id="ID104">
                    <Name_array id="ID108" count="0" />
                    <technique_common>
                        <accessor count="0" source="#ID108" stride="1">
                            <param name="skp_material" type="Name" />
                        </accessor>
                    </technique_common>
                </source>
                <vertices id="ID105">
                    <input semantic="POSITION" source="#ID102" />
                    <input semantic="NORMAL" source="#ID103" />
                </vertices>
                <triangles count="73" material="Material3">
                    <input offset="0" semantic="VERTEX" source="#ID105" />
                    <p>0 1 2 1 0 3 3 0 4 4 0 5 5 0 6 5 6 7 7 6 8 7 8 9 9 8 10 10 8 11 11 8 12 11 12 13 13 12 14 14 12 15 15 12 16 15 16 17 17 16 18 17 18 19 10 20 9 20 10 21 21 10 22 12 23 16 23 12 24 16 23 25 23 24 26 26 24 27 27 24 28 28 24 29 29 24 30 30 24 31 30 31 32 32 31 33 33 31 34 33 34 35 33 35 36 36 35 37 25 38 16 38 25 39 38 39 40 40 39 41 40 41 42 40 42 43 43 42 44 43 44 45 43 45 46 46 45 47 46 47 48 48 47 49 48 49 50 51 52 53 52 51 54 52 54 55 55 54 56 56 54 57 56 57 58 56 58 59 56 59 60 60 59 61 60 61 62 60 62 63 63 62 64 63 64 65 65 64 66 21 67 20 67 21 68 67 68 51 67 51 69 69 51 53 69 53 70 69 70 71 71 70 72 71 72 73 73 72 74</p>
                </triangles>
                <triangles count="73" material="Material2">
                    <input offset="0" semantic="VERTEX" source="#ID105" />
                    <p>75 76 77 77 76 78 76 79 78 78 79 80 79 81 80 81 82 80 80 82 83 82 84 83 84 85 83 86 83 85 87 88 89 89 88 90 88 91 90 90 91 92 91 93 92 93 94 92 92 94 95 94 96 95 96 97 95 97 98 95 95 98 99 99 98 100 98 82 100 81 100 82 101 102 103 102 104 103 103 104 105 104 106 105 105 106 107 106 108 107 108 109 107 107 109 110 109 111 110 111 112 110 110 112 113 112 114 113 115 113 114 116 117 118 118 117 119 117 120 119 120 121 119 119 121 122 122 121 123 121 124 123 123 124 125 125 124 126 126 124 127 127 124 128 128 124 129 114 129 115 124 130 129 115 129 130 131 132 85 85 132 86 133 86 132 134 135 136 135 115 136 136 115 137 115 130 137 137 130 138 138 130 139 139 130 140 130 141 140 140 141 132 132 141 133 133 141 142 141 143 142 142 143 144 143 145 144 144 145 146 146 145 147 147 145 148 149 148 145</p>
                </triangles>
                <!-- <lines count="75" material="Material4">
                    <input offset="0" semantic="VERTEX" source="#ID105" />
                    <p>150 151 151 152 152 153 153 154 154 155 155 156 156 157 157 158 158 159 159 160 160 161 161 162 162 163 163 164 164 165 165 166 166 167 167 168 168 169 169 170 170 171 171 172 172 173 173 174 174 175 175 176 176 177 177 178 178 179 179 180 180 181 181 182 182 183 183 184 184 185 185 186 186 187 187 188 188 189 189 190 190 191 191 192 192 193 193 194 194 195 195 196 196 197 197 198 198 199 199 200 200 201 201 202 202 203 203 204 204 205 205 206 206 207 207 208 208 209 209 210 210 211 211 212 212 213 213 214 214 215 215 216 216 217 217 218 218 219 219 220 220 221 221 222 222 223 223 224 224 150</p>
                </lines> -->
            </mesh>
        </geometry>
        <geometry id="ID109">
            <mesh>
                <source id="ID110">
                    <float_array id="ID114" count="72">46.88658 121.2598 24.60103 47.72783 121.2598 24.59545 48.00841 121.2598 24.45382 49.27093 121.2598 25.28441 47.30649 121.2598 25.71638 49.27057 121.2598 26.40339 47.72663 121.2598 26.83235 48.28779 121.2598 26.96886 48.28779 121.2598 26.96886 47.72663 121.2598 26.83235 49.27057 121.2598 26.40339 47.30649 121.2598 25.71638 49.27093 121.2598 25.28441 46.88658 121.2598 24.60103 47.72783 121.2598 24.59545 48.00841 121.2598 24.45382 47.72783 121.2598 24.59545 49.27093 121.2598 25.28441 48.00841 121.2598 24.45382 46.88658 121.2598 24.60103 47.30649 121.2598 25.71638 47.72663 121.2598 26.83235 48.28779 121.2598 26.96886 49.27057 121.2598 26.40339</float_array>
                    <technique_common>
                        <accessor count="24" source="#ID114" stride="3">
                            <param name="X" type="float" />
                            <param name="Y" type="float" />
                            <param name="Z" type="float" />
                        </accessor>
                    </technique_common>
                </source>
                <source id="ID111">
                    <float_array id="ID115" count="72">-0 1 -0 -0 1 -0 -0 1 -0 -0 1 -0 -0 1 -0 -0 1 -0 -0 1 -0 -0 1 -0 0 -1 0 0 -1 0 0 -1 0 0 -1 0 0 -1 0 0 -1 0 0 -1 0 0 -1 0 0 0 0 0 0 0 0 0 0 0 0 0 0 0 0 0 0 0 0 0 0 0 0 0</float_array>
                    <technique_common>
                        <accessor count="24" source="#ID115" stride="3">
                            <param name="X" type="float" />
                            <param name="Y" type="float" />
                            <param name="Z" type="float" />
                        </accessor>
                    </technique_common>
                </source>
                <source id="ID112">
                    <Name_array id="ID116" count="0" />
                    <technique_common>
                        <accessor count="0" source="#ID116" stride="1">
                            <param name="skp_material" type="Name" />
                        </accessor>
                    </technique_common>
                </source>
                <vertices id="ID113">
                    <input semantic="POSITION" source="#ID110" />
                    <input semantic="NORMAL" source="#ID111" />
                </vertices>
                <triangles count="6" material="Material3">
                    <input offset="0" semantic="VERTEX" source="#ID113" />
                    <p>0 1 2 1 0 3 3 0 4 3 4 5 5 4 6 5 6 7</p>
                </triangles>
                <triangles count="6" material="Material2">
                    <input offset="0" semantic="VERTEX" source="#ID113" />
                    <p>8 9 10 9 11 10 10 11 12 11 13 12 12 13 14 15 14 13</p>
                </triangles>
                <!-- <lines count="8" material="Material4">
                    <input offset="0" semantic="VERTEX" source="#ID113" />
                    <p>16 17 18 16 19 18 20 19 21 20 22 21 23 22 17 23</p>
                </lines> -->
            </mesh>
        </geometry>
        <geometry id="ID117">
            <mesh>
                <source id="ID118">
                    <float_array id="ID122" count="45">72.71925 121.2598 22.31925 74.14206 121.2598 22.44971 73.42821 121.2598 21.61073 73.57506 121.2598 23.15737 74.14378 121.2598 23.01265 74.14378 121.2598 23.01265 73.57506 121.2598 23.15737 74.14206 121.2598 22.44971 72.71925 121.2598 22.31925 73.42821 121.2598 21.61073 73.42821 121.2598 21.61073 74.14206 121.2598 22.44971 72.71925 121.2598 22.31925 73.57506 121.2598 23.15737 74.14378 121.2598 23.01265</float_array>
                    <technique_common>
                        <accessor count="15" source="#ID122" stride="3">
                            <param name="X" type="float" />
                            <param name="Y" type="float" />
                            <param name="Z" type="float" />
                        </accessor>
                    </technique_common>
                </source>
                <source id="ID119">
                    <float_array id="ID123" count="45">-0 1 -0 -0 1 -0 -0 1 -0 -0 1 -0 -0 1 -0 0 -1 0 0 -1 0 0 -1 0 0 -1 0 0 -1 0 0 0 0 0 0 0 0 0 0 0 0 0 0 0 0</float_array>
                    <technique_common>
                        <accessor count="15" source="#ID123" stride="3">
                            <param name="X" type="float" />
                            <param name="Y" type="float" />
                            <param name="Z" type="float" />
                        </accessor>
                    </technique_common>
                </source>
                <source id="ID120">
                    <Name_array id="ID124" count="0" />
                    <technique_common>
                        <accessor count="0" source="#ID124" stride="1">
                            <param name="skp_material" type="Name" />
                        </accessor>
                    </technique_common>
                </source>
                <vertices id="ID121">
                    <input semantic="POSITION" source="#ID118" />
                    <input semantic="NORMAL" source="#ID119" />
                </vertices>
                <triangles count="3" material="Material3">
                    <input offset="0" semantic="VERTEX" source="#ID121" />
                    <p>0 1 2 1 0 3 1 3 4</p>
                </triangles>
                <triangles count="3" material="Material2">
                    <input offset="0" semantic="VERTEX" source="#ID121" />
                    <p>5 6 7 6 8 7 9 7 8</p>
                </triangles>
                <!-- <lines count="5" material="Material4">
                    <input offset="0" semantic="VERTEX" source="#ID121" />
                    <p>10 11 12 10 13 12 14 13 11 14</p>
                </lines> -->
            </mesh>
        </geometry>
        <geometry id="ID125">
            <mesh>
                <source id="ID126">
                    <float_array id="ID132" count="432">41.63386 0 68.84858 34.72085 0 70.63254 29.62598 0 69.96179 46.60768 0 72.66513 39.4685 0 72.59908 43.54541 0 75.7274 50.42423 0 77.63895 46.67373 0 79.80431 52.82342 0 83.43109 48.64027 0 84.55196 53.64173 0 89.64682 49.31102 0 89.64682 52.82342 0 95.86256 48.64027 0 94.74169 46.67373 0 99.48934 50.42423 0 101.6547 43.54541 0 103.5662 46.60768 0 106.6285 39.4685 0 106.6946 41.63386 0 110.4451 34.72085 0 108.6611 29.62598 0 109.3319 17.61811 0 110.4451 23.41025 0 112.8443 35.84172 0 112.8443 29.62598 0 113.6626 35.84172 0 66.44939 23.41025 0 66.44939 29.62598 0 65.63108 17.61811 0 68.84858 24.53112 0 70.63254 12.64429 0 72.66513 19.78346 0 72.59908 15.70656 0 75.7274 8.827736 0 77.63895 12.57824 0 79.80431 6.428553 0 83.43109 10.6117 0 84.55196 5.610236 0 89.64682 9.940945 0 89.64682 10.6117 0 94.74169 6.428553 0 95.86256 12.57824 0 99.48934 8.827736 0 101.6547 15.70656 0 103.5662 12.64429 0 106.6285 19.78346 0 106.6946 24.53112 0 108.6611 29.62598 0 109.3319 24.53112 0 108.6611 17.61811 0 110.4451 19.78346 0 106.6946 12.64429 0 106.6285 15.70656 0 103.5662 8.827736 0 101.6547 12.57824 0 99.48934 6.428553 0 95.86256 10.6117 0 94.74169 5.610236 0 89.64682 9.940945 0 89.64682 10.6117 0 84.55196 6.428553 0 83.43109 12.57824 0 79.80431 8.827736 0 77.63895 15.70656 0 75.7274 12.64429 0 72.66513 19.78346 0 72.59908 24.53112 0 70.63254 17.61811 0 68.84858 29.62598 0 69.96179 41.63386 0 68.84858 23.41025 0 66.44939 35.84172 0 66.44939 29.62598 0 65.63108 29.62598 0 113.6626 35.84172 0 112.8443 23.41025 0 112.8443 41.63386 0 110.4451 34.72085 0 108.6611 39.4685 0 106.6946 46.60768 0 106.6285 43.54541 0 103.5662 50.42423 0 101.6547 46.67373 0 99.48934 52.82342 0 95.86256 48.64027 0 94.74169 49.31102 0 89.64682 53.64173 0 89.64682 48.64027 0 84.55196 52.82342 0 83.43109 46.67373 0 79.80431 50.42423 0 77.63895 43.54541 0 75.7274 46.60768 0 72.66513 39.4685 0 72.59908 34.72085 0 70.63254 53.64173 0 89.64682 52.82342 0 83.43109 52.82342 0 95.86256 50.42423 0 101.6547 46.60768 0 106.6285 41.63386 0 110.4451 35.84172 0 112.8443 29.62598 0 113.6626 23.41025 0 112.8443 17.61811 0 110.4451 12.64429 0 106.6285 8.827736 0 101.6547 6.428553 0 95.86256 5.610236 0 89.64682 6.428553 0 83.43109 8.827736 0 77.63895 12.64429 0 72.66513 17.61811 0 68.84858 23.41025 0 66.44939 29.62598 0 65.63108 35.84172 0 66.44939 41.63386 0 68.84858 46.60768 0 72.66513 50.42423 0 77.63895 48.64027 0 94.74169 49.31102 0 89.64682 48.64027 0 84.55196 46.67373 0 79.80431 43.54541 0 75.7274 39.4685 0 72.59908 34.72085 0 70.63254 29.62598 0 69.96179 24.53112 0 70.63254 19.78346 0 72.59908 15.70656 0 75.7274 12.57824 0 79.80431 10.6117 0 84.55196 9.940945 0 89.64682 10.6117 0 94.74169 12.57824 0 99.48934 15.70656 0 103.5662 19.78346 0 106.6946 24.53112 0 108.6611 29.62598 0 109.3319 34.72085 0 108.6611 39.4685 0 106.6946 43.54541 0 103.5662 46.67373 0 99.48934</float_array>
                    <technique_common>
                        <accessor count="144" source="#ID132" stride="3">
                            <param name="X" type="float" />
                            <param name="Y" type="float" />
                            <param name="Z" type="float" />
                        </accessor>
                    </technique_common>
                </source>
                <source id="ID127">
                    <float_array id="ID133" count="432">0 -1 0 0 -1 0 0 -1 0 0 -1 0 0 -1 0 0 -1 0 0 -1 0 0 -1 0 0 -1 0 0 -1 0 0 -1 0 0 -1 0 0 -1 0 0 -1 0 0 -1 0 0 -1 0 0 -1 0 0 -1 0 0 -1 0 0 -1 0 0 -1 0 0 -1 0 0 -1 0 0 -1 0 0 -1 0 0 -1 0 0 -1 0 0 -1 0 0 -1 0 0 -1 0 0 -1 0 0 -1 0 0 -1 0 0 -1 0 0 -1 0 0 -1 0 0 -1 0 0 -1 0 0 -1 0 0 -1 0 0 -1 0 0 -1 0 0 -1 0 0 -1 0 0 -1 0 0 -1 0 0 -1 0 0 -1 0 -0 1 -0 -0 1 -0 -0 1 -0 -0 1 -0 -0 1 -0 -0 1 -0 -0 1 -0 -0 1 -0 -0 1 -0 -0 1 -0 -0 1 -0 -0 1 -0 -0 1 -0 -0 1 -0 -0 1 -0 -0 1 -0 -0 1 -0 -0 1 -0 -0 1 -0 -0 1 -0 -0 1 -0 -0 1 -0 -0 1 -0 -0 1 -0 -0 1 -0 -0 1 -0 -0 1 -0 -0 1 -0 -0 1 -0 -0 1 -0 -0 1 -0 -0 1 -0 -0 1 -0 -0 1 -0 -0 1 -0 -0 1 -0 -0 1 -0 -0 1 -0 -0 1 -0 -0 1 -0 -0 1 -0 -0 1 -0 -0 1 -0 -0 1 -0 -0 1 -0 -0 1 -0 -0 1 -0 -0 1 -0 0 0 0 0 0 0 0 0 0 0 0 0 0 0 0 0 0 0 0 0 0 0 0 0 0 0 0 0 0 0 0 0 0 0 0 0 0 0 0 0 0 0 0 0 0 0 0 0 0 0 0 0 0 0 0 0 0 0 0 0 0 0 0 0 0 0 0 0 0 0 0 0 0 0 0 0 0 0 0 0 0 0 0 0 0 0 0 0 0 0 0 0 0 0 0 0 0 0 0 0 0 0 0 0 0 0 0 0 0 0 0 0 0 0 0 0 0 0 0 0 0 0 0 0 0 0 0 0 0 0 0 0 0 0 0 0 0 0 0 0 0 0 0 0</float_array>
                    <technique_common>
                        <accessor count="144" source="#ID133" stride="3">
                            <param name="X" type="float" />
                            <param name="Y" type="float" />
                            <param name="Z" type="float" />
                        </accessor>
                    </technique_common>
                </source>
                <source id="ID128">
                    <Name_array id="ID134" count="0" />
                    <technique_common>
                        <accessor count="0" source="#ID134" stride="1">
                            <param name="skp_material" type="Name" />
                        </accessor>
                    </technique_common>
                </source>
                <vertices id="ID129">
                    <input semantic="POSITION" source="#ID126" />
                    <input semantic="NORMAL" source="#ID127" />
                </vertices>
                <triangles count="48" material="Material3">
                    <input offset="0" semantic="VERTEX" source="#ID129" />
                    <p>0 1 2 1 0 3 1 3 4 4 3 5 5 3 6 5 6 7 7 6 8 7 8 9 9 8 10 9 10 11 11 10 12 11 12 13 13 12 14 14 12 15 14 15 16 16 15 17 16 17 18 18 17 19 18 19 20 20 19 21 21 19 22 22 19 23 23 19 24 23 24 25 26 27 28 27 26 0 27 0 29 29 0 2 29 2 30 29 30 31 31 30 32 31 32 33 31 33 34 34 33 35 34 35 36 36 35 37 36 37 38 38 37 39 38 39 40 38 40 41 41 40 42 41 42 43 43 42 44 43 44 45 45 44 46 45 46 22 22 46 47 22 47 21</p>
                </triangles>
                <triangles count="48" material="Material2">
                    <input offset="0" semantic="VERTEX" source="#ID129" />
                    <p>48 49 50 49 51 50 50 51 52 51 53 52 52 53 54 53 55 54 54 55 56 55 57 56 56 57 58 57 59 58 59 60 58 58 60 61 60 62 61 61 62 63 62 64 63 63 64 65 64 66 65 66 67 65 65 67 68 67 69 68 69 70 68 68 70 71 70 72 71 73 71 72 74 75 76 75 77 76 76 77 50 50 77 48 48 77 78 78 77 79 77 80 79 79 80 81 80 82 81 81 82 83 82 84 83 83 84 85 85 84 86 84 87 86 86 87 88 87 89 88 88 89 90 89 91 90 90 91 92 91 93 92 92 93 94 94 93 95 93 70 95 69 95 70</p>
                </triangles>
                <!-- <lines count="24" material="Material4">
                    <input offset="0" semantic="VERTEX" source="#ID129" />
                    <p>96 97 98 96 99 98 100 99 101 100 102 101 103 102 104 103 105 104 106 105 107 106 108 107 109 108 110 109 111 110 112 111 113 112 114 113 115 114 116 115 117 116 118 117 119 118 97 119</p>
                </lines>
                <lines count="24" material="Material5">
                    <input offset="0" semantic="VERTEX" source="#ID129" />
                    <p>120 121 121 122 122 123 123 124 124 125 125 126 126 127 127 128 128 129 129 130 130 131 131 132 132 133 133 134 134 135 135 136 136 137 137 138 138 139 139 140 140 141 141 142 142 143 143 120</p>
                </lines> -->
            </mesh>
        </geometry>
        <geometry id="ID135">
            <mesh>
                <source id="ID136">
                    <float_array id="ID140" count="432">100.8858 0 68.84858 93.97282 0 70.63254 88.87795 0 69.96179 105.8597 0 72.66513 98.72047 0 72.59908 102.7974 0 75.7274 109.6762 0 77.63895 105.9257 0 79.80431 112.0754 0 83.43109 107.8922 0 84.55196 112.8937 0 89.64682 108.563 0 89.64682 112.0754 0 95.86256 107.8922 0 94.74169 105.9257 0 99.48934 109.6762 0 101.6547 102.7974 0 103.5662 105.8597 0 106.6285 98.72047 0 106.6946 100.8858 0 110.4451 93.97282 0 108.6611 88.87795 0 109.3319 76.87008 0 110.4451 82.66222 0 112.8443 95.09369 0 112.8443 88.87795 0 113.6626 95.09369 0 66.44939 82.66222 0 66.44939 88.87795 0 65.63108 76.87008 0 68.84858 83.78309 0 70.63254 71.89625 0 72.66513 79.03543 0 72.59908 74.95853 0 75.7274 68.0797 0 77.63895 71.83021 0 79.80431 65.68052 0 83.43109 69.86366 0 84.55196 64.8622 0 89.64682 69.19291 0 89.64682 69.86366 0 94.74169 65.68052 0 95.86256 71.83021 0 99.48934 68.0797 0 101.6547 74.95853 0 103.5662 71.89625 0 106.6285 79.03543 0 106.6946 83.78309 0 108.6611 88.87795 0 109.3319 83.78309 0 108.6611 76.87008 0 110.4451 79.03543 0 106.6946 71.89625 0 106.6285 74.95853 0 103.5662 68.0797 0 101.6547 71.83021 0 99.48934 65.68052 0 95.86256 69.86366 0 94.74169 64.8622 0 89.64682 69.19291 0 89.64682 69.86366 0 84.55196 65.68052 0 83.43109 71.83021 0 79.80431 68.0797 0 77.63895 74.95853 0 75.7274 71.89625 0 72.66513 79.03543 0 72.59908 83.78309 0 70.63254 76.87008 0 68.84858 88.87795 0 69.96179 100.8858 0 68.84858 82.66222 0 66.44939 95.09369 0 66.44939 88.87795 0 65.63108 88.87795 0 113.6626 95.09369 0 112.8443 82.66222 0 112.8443 100.8858 0 110.4451 93.97282 0 108.6611 98.72047 0 106.6946 105.8597 0 106.6285 102.7974 0 103.5662 109.6762 0 101.6547 105.9257 0 99.48934 112.0754 0 95.86256 107.8922 0 94.74169 108.563 0 89.64682 112.8937 0 89.64682 107.8922 0 84.55196 112.0754 0 83.43109 105.9257 0 79.80431 109.6762 0 77.63895 102.7974 0 75.7274 105.8597 0 72.66513 98.72047 0 72.59908 93.97282 0 70.63254 112.8937 0 89.64682 112.0754 0 83.43109 112.0754 0 95.86256 109.6762 0 101.6547 105.8597 0 106.6285 100.8858 0 110.4451 95.09369 0 112.8443 88.87795 0 113.6626 82.66222 0 112.8443 76.87008 0 110.4451 71.89625 0 106.6285 68.0797 0 101.6547 65.68052 0 95.86256 64.8622 0 89.64682 65.68052 0 83.43109 68.0797 0 77.63895 71.89625 0 72.66513 76.87008 0 68.84858 82.66222 0 66.44939 88.87795 0 65.63108 95.09369 0 66.44939 100.8858 0 68.84858 105.8597 0 72.66513 109.6762 0 77.63895 107.8922 0 94.74169 108.563 0 89.64682 107.8922 0 84.55196 105.9257 0 79.80431 102.7974 0 75.7274 98.72047 0 72.59908 93.97282 0 70.63254 88.87795 0 69.96179 83.78309 0 70.63254 79.03543 0 72.59908 74.95853 0 75.7274 71.83021 0 79.80431 69.86366 0 84.55196 69.19291 0 89.64682 69.86366 0 94.74169 71.83021 0 99.48934 74.95853 0 103.5662 79.03543 0 106.6946 83.78309 0 108.6611 88.87795 0 109.3319 93.97282 0 108.6611 98.72047 0 106.6946 102.7974 0 103.5662 105.9257 0 99.48934</float_array>
                    <technique_common>
                        <accessor count="144" source="#ID140" stride="3">
                            <param name="X" type="float" />
                            <param name="Y" type="float" />
                            <param name="Z" type="float" />
                        </accessor>
                    </technique_common>
                </source>
                <source id="ID137">
                    <float_array id="ID141" count="432">0 -1 0 0 -1 0 0 -1 0 0 -1 0 0 -1 0 0 -1 0 0 -1 0 0 -1 0 0 -1 0 0 -1 0 0 -1 0 0 -1 0 0 -1 0 0 -1 0 0 -1 0 0 -1 0 0 -1 0 0 -1 0 0 -1 0 0 -1 0 0 -1 0 0 -1 0 0 -1 0 0 -1 0 0 -1 0 0 -1 0 0 -1 0 0 -1 0 0 -1 0 0 -1 0 0 -1 0 0 -1 0 0 -1 0 0 -1 0 0 -1 0 0 -1 0 0 -1 0 0 -1 0 0 -1 0 0 -1 0 0 -1 0 0 -1 0 0 -1 0 0 -1 0 0 -1 0 0 -1 0 0 -1 0 0 -1 0 -0 1 -0 -0 1 -0 -0 1 -0 -0 1 -0 -0 1 -0 -0 1 -0 -0 1 -0 -0 1 -0 -0 1 -0 -0 1 -0 -0 1 -0 -0 1 -0 -0 1 -0 -0 1 -0 -0 1 -0 -0 1 -0 -0 1 -0 -0 1 -0 -0 1 -0 -0 1 -0 -0 1 -0 -0 1 -0 -0 1 -0 -0 1 -0 -0 1 -0 -0 1 -0 -0 1 -0 -0 1 -0 -0 1 -0 -0 1 -0 -0 1 -0 -0 1 -0 -0 1 -0 -0 1 -0 -0 1 -0 -0 1 -0 -0 1 -0 -0 1 -0 -0 1 -0 -0 1 -0 -0 1 -0 -0 1 -0 -0 1 -0 -0 1 -0 -0 1 -0 -0 1 -0 -0 1 -0 -0 1 -0 0 0 0 0 0 0 0 0 0 0 0 0 0 0 0 0 0 0 0 0 0 0 0 0 0 0 0 0 0 0 0 0 0 0 0 0 0 0 0 0 0 0 0 0 0 0 0 0 0 0 0 0 0 0 0 0 0 0 0 0 0 0 0 0 0 0 0 0 0 0 0 0 0 0 0 0 0 0 0 0 0 0 0 0 0 0 0 0 0 0 0 0 0 0 0 0 0 0 0 0 0 0 0 0 0 0 0 0 0 0 0 0 0 0 0 0 0 0 0 0 0 0 0 0 0 0 0 0 0 0 0 0 0 0 0 0 0 0 0 0 0 0 0 0</float_array>
                    <technique_common>
                        <accessor count="144" source="#ID141" stride="3">
                            <param name="X" type="float" />
                            <param name="Y" type="float" />
                            <param name="Z" type="float" />
                        </accessor>
                    </technique_common>
                </source>
                <source id="ID138">
                    <Name_array id="ID142" count="0" />
                    <technique_common>
                        <accessor count="0" source="#ID142" stride="1">
                            <param name="skp_material" type="Name" />
                        </accessor>
                    </technique_common>
                </source>
                <vertices id="ID139">
                    <input semantic="POSITION" source="#ID136" />
                    <input semantic="NORMAL" source="#ID137" />
                </vertices>
                <triangles count="48" material="Material3">
                    <input offset="0" semantic="VERTEX" source="#ID139" />
                    <p>0 1 2 1 0 3 1 3 4 4 3 5 5 3 6 5 6 7 7 6 8 7 8 9 9 8 10 9 10 11 11 10 12 11 12 13 13 12 14 14 12 15 14 15 16 16 15 17 16 17 18 18 17 19 18 19 20 20 19 21 21 19 22 22 19 23 23 19 24 23 24 25 26 27 28 27 26 0 27 0 29 29 0 2 29 2 30 29 30 31 31 30 32 31 32 33 31 33 34 34 33 35 34 35 36 36 35 37 36 37 38 38 37 39 38 39 40 38 40 41 41 40 42 41 42 43 43 42 44 43 44 45 45 44 46 45 46 22 22 46 47 22 47 21</p>
                </triangles>
                <triangles count="48" material="Material2">
                    <input offset="0" semantic="VERTEX" source="#ID139" />
                    <p>48 49 50 49 51 50 50 51 52 51 53 52 52 53 54 53 55 54 54 55 56 55 57 56 56 57 58 57 59 58 59 60 58 58 60 61 60 62 61 61 62 63 62 64 63 63 64 65 64 66 65 66 67 65 65 67 68 67 69 68 69 70 68 68 70 71 70 72 71 73 71 72 74 75 76 75 77 76 76 77 50 50 77 48 48 77 78 78 77 79 77 80 79 79 80 81 80 82 81 81 82 83 82 84 83 83 84 85 85 84 86 84 87 86 86 87 88 87 89 88 88 89 90 89 91 90 90 91 92 91 93 92 92 93 94 94 93 95 93 70 95 69 95 70</p>
                </triangles>
                <!-- <lines count="48" material="Material4">
                    <input offset="0" semantic="VERTEX" source="#ID139" />
                    <p>96 97 98 96 99 98 100 99 101 100 102 101 103 102 104 103 105 104 106 105 107 106 108 107 109 108 110 109 111 110 112 111 113 112 114 113 115 114 116 115 117 116 118 117 119 118 97 119 120 121 121 122 122 123 123 124 124 125 125 126 126 127 127 128 128 129 129 130 130 131 131 132 132 133 133 134 134 135 135 136 136 137 137 138 138 139 139 140 140 141 141 142 142 143 143 120</p>
                </lines> -->
            </mesh>
        </geometry>
        <geometry id="ID143">
            <mesh>
                <source id="ID144">
                    <float_array id="ID148" count="432">107.8922 0 84.55196 88.87795 0 82.56021 105.9257 0 79.80431 90.7121 0 82.80168 92.42126 0 83.50964 93.88895 0 84.63583 108.563 0 89.64682 95.01514 0 86.10352 95.7231 0 87.81267 95.96457 0 89.64682 107.8922 0 94.74169 95.7231 0 91.48098 95.01514 0 93.19013 93.88895 0 94.65782 92.42126 0 95.78401 105.9257 0 99.48934 90.7121 0 96.49197 88.87795 0 96.73344 71.83021 0 99.48934 74.95853 0 103.5662 102.7974 0 103.5662 98.72047 0 106.6946 79.03543 0 106.6946 83.78309 0 108.6611 93.97282 0 108.6611 88.87795 0 109.3319 93.97282 0 70.63254 83.78309 0 70.63254 88.87795 0 69.96179 98.72047 0 72.59908 79.03543 0 72.59908 74.95853 0 75.7274 102.7974 0 75.7274 71.83021 0 79.80431 69.86366 0 84.55196 87.0438 0 82.80168 85.33465 0 83.50964 83.86696 0 84.63583 69.19291 0 89.64682 82.74076 0 86.10352 82.03281 0 87.81267 81.79134 0 89.64682 82.03281 0 91.48098 69.86366 0 94.74169 82.74076 0 93.19013 83.86696 0 94.65782 85.33465 0 95.78401 87.0438 0 96.49197 88.87795 0 96.73344 87.0438 0 96.49197 71.83021 0 99.48934 85.33465 0 95.78401 69.86366 0 94.74169 83.86696 0 94.65782 82.74076 0 93.19013 82.03281 0 91.48098 69.19291 0 89.64682 81.79134 0 89.64682 82.03281 0 87.81267 82.74076 0 86.10352 83.86696 0 84.63583 69.86366 0 84.55196 85.33465 0 83.50964 87.0438 0 82.80168 88.87795 0 82.56021 105.9257 0 79.80431 71.83021 0 79.80431 74.95853 0 75.7274 102.7974 0 75.7274 98.72047 0 72.59908 79.03543 0 72.59908 83.78309 0 70.63254 93.97282 0 70.63254 88.87795 0 69.96179 88.87795 0 109.3319 93.97282 0 108.6611 83.78309 0 108.6611 98.72047 0 106.6946 79.03543 0 106.6946 74.95853 0 103.5662 102.7974 0 103.5662 105.9257 0 99.48934 90.7121 0 96.49197 92.42126 0 95.78401 107.8922 0 94.74169 93.88895 0 94.65782 95.01514 0 93.19013 95.7231 0 91.48098 95.96457 0 89.64682 108.563 0 89.64682 95.7231 0 87.81267 95.01514 0 86.10352 93.88895 0 84.63583 107.8922 0 84.55196 92.42126 0 83.50964 90.7121 0 82.80168 108.563 0 89.64682 107.8922 0 84.55196 107.8922 0 94.74169 105.9257 0 99.48934 102.7974 0 103.5662 98.72047 0 106.6946 93.97282 0 108.6611 88.87795 0 109.3319 83.78309 0 108.6611 79.03543 0 106.6946 74.95853 0 103.5662 71.83021 0 99.48934 69.86366 0 94.74169 69.19291 0 89.64682 69.86366 0 84.55196 71.83021 0 79.80431 74.95853 0 75.7274 79.03543 0 72.59908 83.78309 0 70.63254 88.87795 0 69.96179 93.97282 0 70.63254 98.72047 0 72.59908 102.7974 0 75.7274 105.9257 0 79.80431 95.7231 0 91.48098 95.96457 0 89.64682 95.7231 0 87.81267 95.01514 0 86.10352 93.88895 0 84.63583 92.42126 0 83.50964 90.7121 0 82.80168 88.87795 0 82.56021 87.0438 0 82.80168 85.33465 0 83.50964 83.86696 0 84.63583 82.74076 0 86.10352 82.03281 0 87.81267 81.79134 0 89.64682 82.03281 0 91.48098 82.74076 0 93.19013 83.86696 0 94.65782 85.33465 0 95.78401 87.0438 0 96.49197 88.87795 0 96.73344 90.7121 0 96.49197 92.42126 0 95.78401 93.88895 0 94.65782 95.01514 0 93.19013</float_array>
                    <technique_common>
                        <accessor count="144" source="#ID148" stride="3">
                            <param name="X" type="float" />
                            <param name="Y" type="float" />
                            <param name="Z" type="float" />
                        </accessor>
                    </technique_common>
                </source>
                <source id="ID145">
                    <float_array id="ID149" count="432">0 -1 0 0 -1 0 0 -1 0 0 -1 0 0 -1 0 0 -1 0 0 -1 0 0 -1 0 0 -1 0 0 -1 0 0 -1 0 0 -1 0 0 -1 0 0 -1 0 0 -1 0 0 -1 0 0 -1 0 0 -1 0 0 -1 0 0 -1 0 0 -1 0 0 -1 0 0 -1 0 0 -1 0 0 -1 0 0 -1 0 0 -1 0 0 -1 0 0 -1 0 0 -1 0 0 -1 0 0 -1 0 0 -1 0 0 -1 0 0 -1 0 0 -1 0 0 -1 0 0 -1 0 0 -1 0 0 -1 0 0 -1 0 0 -1 0 0 -1 0 0 -1 0 0 -1 0 0 -1 0 0 -1 0 0 -1 0 -0 1 -0 -0 1 -0 -0 1 -0 -0 1 -0 -0 1 -0 -0 1 -0 -0 1 -0 -0 1 -0 -0 1 -0 -0 1 -0 -0 1 -0 -0 1 -0 -0 1 -0 -0 1 -0 -0 1 -0 -0 1 -0 -0 1 -0 -0 1 -0 -0 1 -0 -0 1 -0 -0 1 -0 -0 1 -0 -0 1 -0 -0 1 -0 -0 1 -0 -0 1 -0 -0 1 -0 -0 1 -0 -0 1 -0 -0 1 -0 -0 1 -0 -0 1 -0 -0 1 -0 -0 1 -0 -0 1 -0 -0 1 -0 -0 1 -0 -0 1 -0 -0 1 -0 -0 1 -0 -0 1 -0 -0 1 -0 -0 1 -0 -0 1 -0 -0 1 -0 -0 1 -0 -0 1 -0 -0 1 -0 0 0 0 0 0 0 0 0 0 0 0 0 0 0 0 0 0 0 0 0 0 0 0 0 0 0 0 0 0 0 0 0 0 0 0 0 0 0 0 0 0 0 0 0 0 0 0 0 0 0 0 0 0 0 0 0 0 0 0 0 0 0 0 0 0 0 0 0 0 0 0 0 0 0 0 0 0 0 0 0 0 0 0 0 0 0 0 0 0 0 0 0 0 0 0 0 0 0 0 0 0 0 0 0 0 0 0 0 0 0 0 0 0 0 0 0 0 0 0 0 0 0 0 0 0 0 0 0 0 0 0 0 0 0 0 0 0 0 0 0 0 0 0 0</float_array>
                    <technique_common>
                        <accessor count="144" source="#ID149" stride="3">
                            <param name="X" type="float" />
                            <param name="Y" type="float" />
                            <param name="Z" type="float" />
                        </accessor>
                    </technique_common>
                </source>
                <source id="ID146">
                    <Name_array id="ID150" count="0" />
                    <technique_common>
                        <accessor count="0" source="#ID150" stride="1">
                            <param name="skp_material" type="Name" />
                        </accessor>
                    </technique_common>
                </source>
                <vertices id="ID147">
                    <input semantic="POSITION" source="#ID144" />
                    <input semantic="NORMAL" source="#ID145" />
                </vertices>
                <triangles count="48" material="Material3">
                    <input offset="0" semantic="VERTEX" source="#ID147" />
                    <p>0 1 2 1 0 3 3 0 4 4 0 5 5 0 6 5 6 7 7 6 8 8 6 9 9 6 10 9 10 11 11 10 12 12 10 13 13 10 14 14 10 15 14 15 16 16 15 17 17 15 18 18 15 19 19 15 20 19 20 21 19 21 22 22 21 23 23 21 24 23 24 25 26 27 28 27 26 29 27 29 30 30 29 31 31 29 32 31 32 2 31 2 33 33 2 34 34 2 1 34 1 35 34 35 36 34 36 37 34 37 38 38 37 39 38 39 40 38 40 41 38 41 42 38 42 43 43 42 44 43 44 45 43 45 46 43 46 18 18 46 47 18 47 17</p>
                </triangles>
                <triangles count="48" material="Material2">
                    <input offset="0" semantic="VERTEX" source="#ID147" />
                    <p>48 49 50 49 51 50 50 51 52 51 53 52 53 54 52 54 55 52 52 55 56 55 57 56 57 58 56 58 59 56 59 60 56 56 60 61 60 62 61 62 63 61 63 64 61 64 65 61 61 65 66 66 65 67 65 68 67 68 69 67 67 69 70 70 69 71 69 72 71 73 71 72 74 75 76 75 77 76 76 77 78 78 77 79 77 80 79 80 81 79 79 81 50 50 81 48 48 81 82 82 81 83 81 84 83 83 84 85 85 84 86 86 84 87 87 84 88 84 89 88 88 89 90 90 89 91 91 89 92 89 93 92 92 93 94 94 93 95 95 93 64 65 64 93</p>
                </triangles>
                <!-- <lines count="48" material="Material4">
                    <input offset="0" semantic="VERTEX" source="#ID147" />
                    <p>96 97 98 96 99 98 100 99 101 100 102 101 103 102 104 103 105 104 106 105 107 106 108 107 109 108 110 109 111 110 112 111 113 112 114 113 115 114 116 115 117 116 118 117 119 118 97 119 120 121 121 122 122 123 123 124 124 125 125 126 126 127 127 128 128 129 129 130 130 131 131 132 132 133 133 134 134 135 135 136 136 137 137 138 138 139 139 140 140 141 141 142 142 143 143 120</p>
                </lines> -->
            </mesh>
        </geometry>
        <geometry id="ID151">
            <mesh>
                <source id="ID152">
                    <float_array id="ID156" count="432">48.64027 0 84.55196 29.62598 0 82.56021 46.67373 0 79.80431 31.46013 0 82.80168 33.16929 0 83.50964 34.63698 0 84.63583 49.31102 0 89.64682 35.76317 0 86.10352 36.47113 0 87.81267 36.7126 0 89.64682 48.64027 0 94.74169 36.47113 0 91.48098 35.76317 0 93.19013 34.63698 0 94.65782 33.16929 0 95.78401 46.67373 0 99.48934 31.46013 0 96.49197 29.62598 0 96.73344 12.57824 0 99.48934 15.70656 0 103.5662 43.54541 0 103.5662 39.4685 0 106.6946 19.78346 0 106.6946 24.53112 0 108.6611 34.72085 0 108.6611 29.62598 0 109.3319 34.72085 0 70.63254 24.53112 0 70.63254 29.62598 0 69.96179 39.4685 0 72.59908 19.78346 0 72.59908 15.70656 0 75.7274 43.54541 0 75.7274 12.57824 0 79.80431 10.6117 0 84.55196 27.79183 0 82.80168 26.08268 0 83.50964 24.61499 0 84.63583 9.940945 0 89.64682 23.4888 0 86.10352 22.78084 0 87.81267 22.53937 0 89.64682 22.78084 0 91.48098 10.6117 0 94.74169 23.4888 0 93.19013 24.61499 0 94.65782 26.08268 0 95.78401 27.79183 0 96.49197 29.62598 0 96.73344 27.79183 0 96.49197 12.57824 0 99.48934 26.08268 0 95.78401 10.6117 0 94.74169 24.61499 0 94.65782 23.4888 0 93.19013 22.78084 0 91.48098 9.940945 0 89.64682 22.53937 0 89.64682 22.78084 0 87.81267 23.4888 0 86.10352 24.61499 0 84.63583 10.6117 0 84.55196 26.08268 0 83.50964 27.79183 0 82.80168 29.62598 0 82.56021 46.67373 0 79.80431 12.57824 0 79.80431 15.70656 0 75.7274 43.54541 0 75.7274 39.4685 0 72.59908 19.78346 0 72.59908 24.53112 0 70.63254 34.72085 0 70.63254 29.62598 0 69.96179 29.62598 0 109.3319 34.72085 0 108.6611 24.53112 0 108.6611 39.4685 0 106.6946 19.78346 0 106.6946 15.70656 0 103.5662 43.54541 0 103.5662 46.67373 0 99.48934 31.46013 0 96.49197 33.16929 0 95.78401 48.64027 0 94.74169 34.63698 0 94.65782 35.76317 0 93.19013 36.47113 0 91.48098 36.7126 0 89.64682 49.31102 0 89.64682 36.47113 0 87.81267 35.76317 0 86.10352 34.63698 0 84.63583 48.64027 0 84.55196 33.16929 0 83.50964 31.46013 0 82.80168 49.31102 0 89.64682 48.64027 0 84.55196 48.64027 0 94.74169 46.67373 0 99.48934 43.54541 0 103.5662 39.4685 0 106.6946 34.72085 0 108.6611 29.62598 0 109.3319 24.53112 0 108.6611 19.78346 0 106.6946 15.70656 0 103.5662 12.57824 0 99.48934 10.6117 0 94.74169 9.940945 0 89.64682 10.6117 0 84.55196 12.57824 0 79.80431 15.70656 0 75.7274 19.78346 0 72.59908 24.53112 0 70.63254 29.62598 0 69.96179 34.72085 0 70.63254 39.4685 0 72.59908 43.54541 0 75.7274 46.67373 0 79.80431 36.47113 0 91.48098 36.7126 0 89.64682 36.47113 0 87.81267 35.76317 0 86.10352 34.63698 0 84.63583 33.16929 0 83.50964 31.46013 0 82.80168 29.62598 0 82.56021 27.79183 0 82.80168 26.08268 0 83.50964 24.61499 0 84.63583 23.4888 0 86.10352 22.78084 0 87.81267 22.53937 0 89.64682 22.78084 0 91.48098 23.4888 0 93.19013 24.61499 0 94.65782 26.08268 0 95.78401 27.79183 0 96.49197 29.62598 0 96.73344 31.46013 0 96.49197 33.16929 0 95.78401 34.63698 0 94.65782 35.76317 0 93.19013</float_array>
                    <technique_common>
                        <accessor count="144" source="#ID156" stride="3">
                            <param name="X" type="float" />
                            <param name="Y" type="float" />
                            <param name="Z" type="float" />
                        </accessor>
                    </technique_common>
                </source>
                <source id="ID153">
                    <float_array id="ID157" count="432">0 -1 0 0 -1 0 0 -1 0 0 -1 0 0 -1 0 0 -1 0 0 -1 0 0 -1 0 0 -1 0 0 -1 0 0 -1 0 0 -1 0 0 -1 0 0 -1 0 0 -1 0 0 -1 0 0 -1 0 0 -1 0 0 -1 0 0 -1 0 0 -1 0 0 -1 0 0 -1 0 0 -1 0 0 -1 0 0 -1 0 0 -1 0 0 -1 0 0 -1 0 0 -1 0 0 -1 0 0 -1 0 0 -1 0 0 -1 0 0 -1 0 0 -1 0 0 -1 0 0 -1 0 0 -1 0 0 -1 0 0 -1 0 0 -1 0 0 -1 0 0 -1 0 0 -1 0 0 -1 0 0 -1 0 0 -1 0 -0 1 -0 -0 1 -0 -0 1 -0 -0 1 -0 -0 1 -0 -0 1 -0 -0 1 -0 -0 1 -0 -0 1 -0 -0 1 -0 -0 1 -0 -0 1 -0 -0 1 -0 -0 1 -0 -0 1 -0 -0 1 -0 -0 1 -0 -0 1 -0 -0 1 -0 -0 1 -0 -0 1 -0 -0 1 -0 -0 1 -0 -0 1 -0 -0 1 -0 -0 1 -0 -0 1 -0 -0 1 -0 -0 1 -0 -0 1 -0 -0 1 -0 -0 1 -0 -0 1 -0 -0 1 -0 -0 1 -0 -0 1 -0 -0 1 -0 -0 1 -0 -0 1 -0 -0 1 -0 -0 1 -0 -0 1 -0 -0 1 -0 -0 1 -0 -0 1 -0 -0 1 -0 -0 1 -0 -0 1 -0 0 0 0 0 0 0 0 0 0 0 0 0 0 0 0 0 0 0 0 0 0 0 0 0 0 0 0 0 0 0 0 0 0 0 0 0 0 0 0 0 0 0 0 0 0 0 0 0 0 0 0 0 0 0 0 0 0 0 0 0 0 0 0 0 0 0 0 0 0 0 0 0 0 0 0 0 0 0 0 0 0 0 0 0 0 0 0 0 0 0 0 0 0 0 0 0 0 0 0 0 0 0 0 0 0 0 0 0 0 0 0 0 0 0 0 0 0 0 0 0 0 0 0 0 0 0 0 0 0 0 0 0 0 0 0 0 0 0 0 0 0 0 0 0</float_array>
                    <technique_common>
                        <accessor count="144" source="#ID157" stride="3">
                            <param name="X" type="float" />
                            <param name="Y" type="float" />
                            <param name="Z" type="float" />
                        </accessor>
                    </technique_common>
                </source>
                <source id="ID154">
                    <Name_array id="ID158" count="0" />
                    <technique_common>
                        <accessor count="0" source="#ID158" stride="1">
                            <param name="skp_material" type="Name" />
                        </accessor>
                    </technique_common>
                </source>
                <vertices id="ID155">
                    <input semantic="POSITION" source="#ID152" />
                    <input semantic="NORMAL" source="#ID153" />
                </vertices>
                <triangles count="48" material="Material3">
                    <input offset="0" semantic="VERTEX" source="#ID155" />
                    <p>0 1 2 1 0 3 3 0 4 4 0 5 5 0 6 5 6 7 7 6 8 8 6 9 9 6 10 9 10 11 11 10 12 12 10 13 13 10 14 14 10 15 14 15 16 16 15 17 17 15 18 18 15 19 19 15 20 19 20 21 19 21 22 22 21 23 23 21 24 23 24 25 26 27 28 27 26 29 27 29 30 30 29 31 31 29 32 31 32 2 31 2 33 33 2 34 34 2 1 34 1 35 34 35 36 34 36 37 34 37 38 38 37 39 38 39 40 38 40 41 38 41 42 38 42 43 43 42 44 43 44 45 43 45 46 43 46 18 18 46 47 18 47 17</p>
                </triangles>
                <triangles count="48" material="Material2">
                    <input offset="0" semantic="VERTEX" source="#ID155" />
                    <p>48 49 50 49 51 50 50 51 52 51 53 52 53 54 52 54 55 52 52 55 56 55 57 56 57 58 56 58 59 56 59 60 56 56 60 61 60 62 61 62 63 61 63 64 61 64 65 61 61 65 66 66 65 67 65 68 67 68 69 67 67 69 70 70 69 71 69 72 71 73 71 72 74 75 76 75 77 76 76 77 78 78 77 79 77 80 79 80 81 79 79 81 50 50 81 48 48 81 82 82 81 83 81 84 83 83 84 85 85 84 86 86 84 87 87 84 88 84 89 88 88 89 90 90 89 91 91 89 92 89 93 92 92 93 94 94 93 95 95 93 64 65 64 93</p>
                </triangles>
                <!-- <lines count="24" material="Material5">
                    <input offset="0" semantic="VERTEX" source="#ID155" />
                    <p>96 97 98 96 99 98 100 99 101 100 102 101 103 102 104 103 105 104 106 105 107 106 108 107 109 108 110 109 111 110 112 111 113 112 114 113 115 114 116 115 117 116 118 117 119 118 97 119</p>
                </lines> -->
                <!-- <lines count="24" material="Material4">
                    <input offset="0" semantic="VERTEX" source="#ID155" />
                    <p>120 121 121 122 122 123 123 124 124 125 125 126 126 127 127 128 128 129 129 130 130 131 131 132 132 133 133 134 134 135 135 136 136 137 137 138 138 139 139 140 140 141 141 142 142 143 143 120</p>
                </lines> -->
            </mesh>
        </geometry>
        <geometry id="ID159">
            <mesh>
                <source id="ID160">
                    <float_array id="ID164" count="216">31.46013 0 82.80168 27.79183 0 82.80168 29.62598 0 82.56021 33.16929 0 83.50964 26.08268 0 83.50964 34.63698 0 84.63583 24.61499 0 84.63583 23.4888 0 86.10352 35.76317 0 86.10352 22.78084 0 87.81267 36.47113 0 87.81267 22.53937 0 89.64682 36.7126 0 89.64682 36.47113 0 91.48098 22.78084 0 91.48098 35.76317 0 93.19013 23.4888 0 93.19013 24.61499 0 94.65782 34.63698 0 94.65782 33.16929 0 95.78401 26.08268 0 95.78401 31.46013 0 96.49197 27.79183 0 96.49197 29.62598 0 96.73344 29.62598 0 96.73344 31.46013 0 96.49197 27.79183 0 96.49197 26.08268 0 95.78401 33.16929 0 95.78401 24.61499 0 94.65782 34.63698 0 94.65782 35.76317 0 93.19013 23.4888 0 93.19013 22.78084 0 91.48098 36.47113 0 91.48098 22.53937 0 89.64682 36.7126 0 89.64682 36.47113 0 87.81267 22.78084 0 87.81267 35.76317 0 86.10352 23.4888 0 86.10352 34.63698 0 84.63583 24.61499 0 84.63583 26.08268 0 83.50964 33.16929 0 83.50964 27.79183 0 82.80168 31.46013 0 82.80168 29.62598 0 82.56021 22.53937 0 89.64682 22.78084 0 91.48098 22.78084 0 87.81267 23.4888 0 86.10352 24.61499 0 84.63583 26.08268 0 83.50964 27.79183 0 82.80168 29.62598 0 82.56021 31.46013 0 82.80168 33.16929 0 83.50964 34.63698 0 84.63583 35.76317 0 86.10352 36.47113 0 87.81267 36.7126 0 89.64682 36.47113 0 91.48098 35.76317 0 93.19013 34.63698 0 94.65782 33.16929 0 95.78401 31.46013 0 96.49197 29.62598 0 96.73344 27.79183 0 96.49197 26.08268 0 95.78401 24.61499 0 94.65782 23.4888 0 93.19013</float_array>
                    <technique_common>
                        <accessor count="72" source="#ID164" stride="3">
                            <param name="X" type="float" />
                            <param name="Y" type="float" />
                            <param name="Z" type="float" />
                        </accessor>
                    </technique_common>
                </source>
                <source id="ID161">
                    <float_array id="ID165" count="216">0 -1 0 0 -1 0 0 -1 0 0 -1 0 0 -1 0 0 -1 0 0 -1 0 0 -1 0 0 -1 0 0 -1 0 0 -1 0 0 -1 0 0 -1 0 0 -1 0 0 -1 0 0 -1 0 0 -1 0 0 -1 0 0 -1 0 0 -1 0 0 -1 0 0 -1 0 0 -1 0 0 -1 0 -0 1 -0 -0 1 -0 -0 1 -0 -0 1 -0 -0 1 -0 -0 1 -0 -0 1 -0 -0 1 -0 -0 1 -0 -0 1 -0 -0 1 -0 -0 1 -0 -0 1 -0 -0 1 -0 -0 1 -0 -0 1 -0 -0 1 -0 -0 1 -0 -0 1 -0 -0 1 -0 -0 1 -0 -0 1 -0 -0 1 -0 -0 1 -0 0 0 0 0 0 0 0 0 0 0 0 0 0 0 0 0 0 0 0 0 0 0 0 0 0 0 0 0 0 0 0 0 0 0 0 0 0 0 0 0 0 0 0 0 0 0 0 0 0 0 0 0 0 0 0 0 0 0 0 0 0 0 0 0 0 0 0 0 0 0 0 0</float_array>
                    <technique_common>
                        <accessor count="72" source="#ID165" stride="3">
                            <param name="X" type="float" />
                            <param name="Y" type="float" />
                            <param name="Z" type="float" />
                        </accessor>
                    </technique_common>
                </source>
                <source id="ID162">
                    <Name_array id="ID166" count="0" />
                    <technique_common>
                        <accessor count="0" source="#ID166" stride="1">
                            <param name="skp_material" type="Name" />
                        </accessor>
                    </technique_common>
                </source>
                <vertices id="ID163">
                    <input semantic="POSITION" source="#ID160" />
                    <input semantic="NORMAL" source="#ID161" />
                </vertices>
                <triangles count="22" material="Material3">
                    <input offset="0" semantic="VERTEX" source="#ID163" />
                    <p>0 1 2 1 0 3 1 3 4 4 3 5 4 5 6 6 5 7 7 5 8 7 8 9 9 8 10 9 10 11 11 10 12 11 12 13 11 13 14 14 13 15 14 15 16 16 15 17 17 15 18 17 18 19 17 19 20 20 19 21 20 21 22 22 21 23</p>
                </triangles>
                <triangles count="22" material="Material2">
                    <input offset="0" semantic="VERTEX" source="#ID163" />
                    <p>24 25 26 26 25 27 25 28 27 27 28 29 28 30 29 30 31 29 29 31 32 32 31 33 31 34 33 33 34 35 34 36 35 36 37 35 35 37 38 37 39 38 38 39 40 39 41 40 40 41 42 42 41 43 41 44 43 43 44 45 44 46 45 47 45 46</p>
                </triangles>
                <!-- <lines count="24" material="Material4">
                    <input offset="0" semantic="VERTEX" source="#ID163" />
                    <p>48 49 50 48 51 50 52 51 53 52 54 53 55 54 56 55 57 56 58 57 59 58 60 59 61 60 62 61 63 62 64 63 65 64 66 65 67 66 68 67 69 68 70 69 71 70 49 71</p>
                </lines> -->
            </mesh>
        </geometry>
        <geometry id="ID167">
            <mesh>
                <source id="ID168">
                    <float_array id="ID172" count="216">90.7121 0 82.80168 87.0438 0 82.80168 88.87795 0 82.56021 92.42126 0 83.50964 85.33465 0 83.50964 93.88895 0 84.63583 83.86696 0 84.63583 82.74076 0 86.10352 95.01514 0 86.10352 82.03281 0 87.81267 95.7231 0 87.81267 81.79134 0 89.64682 95.96457 0 89.64682 95.7231 0 91.48098 82.03281 0 91.48098 95.01514 0 93.19013 82.74076 0 93.19013 83.86696 0 94.65782 93.88895 0 94.65782 92.42126 0 95.78401 85.33465 0 95.78401 90.7121 0 96.49197 87.0438 0 96.49197 88.87795 0 96.73344 88.87795 0 96.73344 90.7121 0 96.49197 87.0438 0 96.49197 85.33465 0 95.78401 92.42126 0 95.78401 83.86696 0 94.65782 93.88895 0 94.65782 95.01514 0 93.19013 82.74076 0 93.19013 82.03281 0 91.48098 95.7231 0 91.48098 81.79134 0 89.64682 95.96457 0 89.64682 95.7231 0 87.81267 82.03281 0 87.81267 95.01514 0 86.10352 82.74076 0 86.10352 93.88895 0 84.63583 83.86696 0 84.63583 85.33465 0 83.50964 92.42126 0 83.50964 87.0438 0 82.80168 90.7121 0 82.80168 88.87795 0 82.56021 81.79134 0 89.64682 82.03281 0 91.48098 82.03281 0 87.81267 82.74076 0 86.10352 83.86696 0 84.63583 85.33465 0 83.50964 87.0438 0 82.80168 88.87795 0 82.56021 90.7121 0 82.80168 92.42126 0 83.50964 93.88895 0 84.63583 95.01514 0 86.10352 95.7231 0 87.81267 95.96457 0 89.64682 95.7231 0 91.48098 95.01514 0 93.19013 93.88895 0 94.65782 92.42126 0 95.78401 90.7121 0 96.49197 88.87795 0 96.73344 87.0438 0 96.49197 85.33465 0 95.78401 83.86696 0 94.65782 82.74076 0 93.19013</float_array>
                    <technique_common>
                        <accessor count="72" source="#ID172" stride="3">
                            <param name="X" type="float" />
                            <param name="Y" type="float" />
                            <param name="Z" type="float" />
                        </accessor>
                    </technique_common>
                </source>
                <source id="ID169">
                    <float_array id="ID173" count="216">0 -1 0 0 -1 0 0 -1 0 0 -1 0 0 -1 0 0 -1 0 0 -1 0 0 -1 0 0 -1 0 0 -1 0 0 -1 0 0 -1 0 0 -1 0 0 -1 0 0 -1 0 0 -1 0 0 -1 0 0 -1 0 0 -1 0 0 -1 0 0 -1 0 0 -1 0 0 -1 0 0 -1 0 -0 1 -0 -0 1 -0 -0 1 -0 -0 1 -0 -0 1 -0 -0 1 -0 -0 1 -0 -0 1 -0 -0 1 -0 -0 1 -0 -0 1 -0 -0 1 -0 -0 1 -0 -0 1 -0 -0 1 -0 -0 1 -0 -0 1 -0 -0 1 -0 -0 1 -0 -0 1 -0 -0 1 -0 -0 1 -0 -0 1 -0 -0 1 -0 0 0 0 0 0 0 0 0 0 0 0 0 0 0 0 0 0 0 0 0 0 0 0 0 0 0 0 0 0 0 0 0 0 0 0 0 0 0 0 0 0 0 0 0 0 0 0 0 0 0 0 0 0 0 0 0 0 0 0 0 0 0 0 0 0 0 0 0 0 0 0 0</float_array>
                    <technique_common>
                        <accessor count="72" source="#ID173" stride="3">
                            <param name="X" type="float" />
                            <param name="Y" type="float" />
                            <param name="Z" type="float" />
                        </accessor>
                    </technique_common>
                </source>
                <source id="ID170">
                    <Name_array id="ID174" count="0" />
                    <technique_common>
                        <accessor count="0" source="#ID174" stride="1">
                            <param name="skp_material" type="Name" />
                        </accessor>
                    </technique_common>
                </source>
                <vertices id="ID171">
                    <input semantic="POSITION" source="#ID168" />
                    <input semantic="NORMAL" source="#ID169" />
                </vertices>
                <triangles count="22" material="Material3">
                    <input offset="0" semantic="VERTEX" source="#ID171" />
                    <p>0 1 2 1 0 3 1 3 4 4 3 5 4 5 6 6 5 7 7 5 8 7 8 9 9 8 10 9 10 11 11 10 12 11 12 13 11 13 14 14 13 15 14 15 16 16 15 17 17 15 18 17 18 19 17 19 20 20 19 21 20 21 22 22 21 23</p>
                </triangles>
                <triangles count="22" material="Material2">
                    <input offset="0" semantic="VERTEX" source="#ID171" />
                    <p>24 25 26 26 25 27 25 28 27 27 28 29 28 30 29 30 31 29 29 31 32 32 31 33 31 34 33 33 34 35 34 36 35 36 37 35 35 37 38 37 39 38 38 39 40 39 41 40 40 41 42 42 41 43 41 44 43 43 44 45 44 46 45 47 45 46</p>
                </triangles>
                <!-- <lines count="24" material="Material4">
                    <input offset="0" semantic="VERTEX" source="#ID171" />
                    <p>48 49 50 48 51 50 52 51 53 52 54 53 55 54 56 55 57 56 58 57 59 58 60 59 61 60 62 61 63 62 64 63 65 64 66 65 67 66 68 67 69 68 70 69 71 70 49 71</p>
                </lines> -->
            </mesh>
        </geometry>
        <geometry id="ID175">
            <mesh>
                <source id="ID176">
                    <float_array id="ID180" count="252">67.03813 0 26.28374 51.46581 0 26.28374 59.25197 0 25.925 74.75832 0 27.35693 43.74562 0 27.35693 82.34711 0 29.13547 36.15682 0 29.13547 59.25197 0 29.73781 67.06183 0 30.10832 89.74022 0 31.60429 74.80154 0 31.21651 82.40158 0 33.05243 96.87498 0 34.74247 89.79368 0 35.59959 103.6909 0 38.52342 96.22575 0 38.52342 96.91145 0 38.83512 103.6909 0 42.72994 51.44211 0 30.10832 28.76372 0 31.60429 43.7024 0 31.21651 36.10236 0 33.05243 21.62896 0 34.74247 28.71026 0 35.59959 14.81299 0 38.52342 22.27818 0 38.52342 21.59249 0 38.83512 14.81299 0 42.72994 14.81299 0 42.72994 21.59249 0 38.83512 14.81299 0 38.52342 22.27818 0 38.52342 28.71026 0 35.59959 21.62896 0 34.74247 36.10236 0 33.05243 28.76372 0 31.60429 43.7024 0 31.21651 51.44211 0 30.10832 59.25197 0 29.73781 36.15682 0 29.13547 103.6909 0 42.72994 103.6909 0 38.52342 96.91145 0 38.83512 96.22575 0 38.52342 89.79368 0 35.59959 96.87498 0 34.74247 82.40158 0 33.05243 89.74022 0 31.60429 74.80154 0 31.21651 67.06183 0 30.10832 82.34711 0 29.13547 43.74562 0 27.35693 74.75832 0 27.35693 51.46581 0 26.28374 67.03813 0 26.28374 59.25197 0 25.925 14.81299 0 42.72994 21.59249 0 38.83512 14.81299 0 38.52342 21.62896 0 34.74247 28.76372 0 31.60429 36.15682 0 29.13547 43.74562 0 27.35693 51.46581 0 26.28374 59.25197 0 25.925 67.03813 0 26.28374 74.75832 0 27.35693 82.34711 0 29.13547 89.74022 0 31.60429 96.87498 0 34.74247 103.6909 0 38.52342 103.6909 0 42.72994 96.91145 0 38.83512 96.22575 0 38.52342 89.79368 0 35.59959 82.40158 0 33.05243 74.80154 0 31.21651 67.06183 0 30.10832 59.25197 0 29.73781 51.44211 0 30.10832 43.7024 0 31.21651 36.10236 0 33.05243 28.71026 0 35.59959 22.27818 0 38.52342</float_array>
                    <technique_common>
                        <accessor count="84" source="#ID180" stride="3">
                            <param name="X" type="float" />
                            <param name="Y" type="float" />
                            <param name="Z" type="float" />
                        </accessor>
                    </technique_common>
                </source>
                <source id="ID177">
                    <float_array id="ID181" count="252">0 -1 0 0 -1 0 0 -1 0 0 -1 0 0 -1 0 0 -1 0 0 -1 0 0 -1 0 0 -1 0 0 -1 0 0 -1 0 0 -1 0 0 -1 0 0 -1 0 0 -1 0 0 -1 0 0 -1 0 0 -1 0 0 -1 0 0 -1 0 0 -1 0 0 -1 0 0 -1 0 0 -1 0 0 -1 0 0 -1 0 0 -1 0 0 -1 0 -0 1 -0 -0 1 -0 -0 1 -0 -0 1 -0 -0 1 -0 -0 1 -0 -0 1 -0 -0 1 -0 -0 1 -0 -0 1 -0 -0 1 -0 -0 1 -0 -0 1 -0 -0 1 -0 -0 1 -0 -0 1 -0 -0 1 -0 -0 1 -0 -0 1 -0 -0 1 -0 -0 1 -0 -0 1 -0 -0 1 -0 -0 1 -0 -0 1 -0 -0 1 -0 -0 1 -0 -0 1 -0 0 0 0 0 0 0 0 0 0 0 0 0 0 0 0 0 0 0 0 0 0 0 0 0 0 0 0 0 0 0 0 0 0 0 0 0 0 0 0 0 0 0 0 0 0 0 0 0 0 0 0 0 0 0 0 0 0 0 0 0 0 0 0 0 0 0 0 0 0 0 0 0 0 0 0 0 0 0 0 0 0 0 0 0</float_array>
                    <technique_common>
                        <accessor count="84" source="#ID181" stride="3">
                            <param name="X" type="float" />
                            <param name="Y" type="float" />
                            <param name="Z" type="float" />
                        </accessor>
                    </technique_common>
                </source>
                <source id="ID178">
                    <Name_array id="ID182" count="0" />
                    <technique_common>
                        <accessor count="0" source="#ID182" stride="1">
                            <param name="skp_material" type="Name" />
                        </accessor>
                    </technique_common>
                </source>
                <vertices id="ID179">
                    <input semantic="POSITION" source="#ID176" />
                    <input semantic="NORMAL" source="#ID177" />
                </vertices>
                <triangles count="26" material="Material3">
                    <input offset="0" semantic="VERTEX" source="#ID179" />
                    <p>0 1 2 1 0 3 1 3 4 4 3 5 4 5 6 6 5 7 7 5 8 8 5 9 8 9 10 10 9 11 11 9 12 11 12 13 13 12 14 13 14 15 15 14 16 16 14 17 6 18 19 18 6 7 19 18 20 19 20 21 19 21 22 22 21 23 22 23 24 24 23 25 24 25 26 24 26 27</p>
                </triangles>
                <triangles count="26" material="Material2">
                    <input offset="0" semantic="VERTEX" source="#ID179" />
                    <p>28 29 30 29 31 30 31 32 30 30 32 33 32 34 33 33 34 35 34 36 35 36 37 35 38 39 37 35 37 39 40 41 42 42 41 43 43 41 44 41 45 44 44 45 46 45 47 46 46 47 48 48 47 49 47 50 49 49 50 38 38 50 39 39 50 51 50 52 51 51 52 53 52 54 53 55 53 54</p>
                </triangles>
                <!-- <lines count="28" material="Material4">
                    <input offset="0" semantic="VERTEX" source="#ID179" />
                    <p>56 57 56 58 58 59 59 60 60 61 61 62 62 63 63 64 64 65 65 66 66 67 67 68 68 69 69 70 71 70 72 71 73 72 74 73 75 74 76 75 77 76 78 77 79 78 80 79 81 80 82 81 83 82 57 83</p>
                </lines> -->
            </mesh>
        </geometry>
        <geometry id="ID183">
            <mesh>
                <source id="ID184">
                    <float_array id="ID188" count="819">118.5039 0 0 89.74022 0 31.60429 0 0 0 96.87498 0 34.74247 103.6909 0 38.52342 112.0754 0 83.43109 112.8937 0 89.64682 118.5039 0 136.6411 82.34711 0 29.13547 74.75832 0 27.35693 67.03813 0 26.28374 59.25197 0 25.925 103.6909 0 42.72994 109.6762 0 77.63895 105.8597 0 72.66513 100.8858 0 68.84858 95.09369 0 66.44939 14.81299 0 42.72994 88.87795 0 65.63108 112.0754 0 95.86256 109.6762 0 101.6547 105.8597 0 106.6285 100.8858 0 110.4451 95.09369 0 112.8443 88.87795 0 113.6626 29.62598 0 113.6626 5.610236 0 89.64682 -7.105427e-15 0 136.6411 6.428553 0 83.43109 14.81299 0 38.52342 21.62896 0 34.74247 28.76372 0 31.60429 36.15682 0 29.13547 43.74562 0 27.35693 51.46581 0 26.28374 8.827736 0 77.63895 12.64429 0 72.66513 17.61811 0 68.84858 23.41025 0 66.44939 29.62598 0 65.63108 6.428553 0 95.86256 8.827736 0 101.6547 12.64429 0 106.6285 17.61811 0 110.4451 23.41025 0 112.8443 109.0765 0 140.4513 9.427391 0 140.4513 99.40626 0 143.5944 19.09767 0 143.5944 89.54023 0 146.0551 28.9637 0 146.0551 79.52655 0 147.8213 38.97739 0 147.8213 69.41403 0 148.8845 49.08991 0 148.8845 59.25197 0 149.2395 82.66222 0 66.44939 35.84172 0 66.44939 76.87008 0 68.84858 41.63386 0 68.84858 71.89625 0 72.66513 46.60768 0 72.66513 68.0797 0 77.63895 50.42423 0 77.63895 65.68052 0 83.43109 52.82342 0 83.43109 64.8622 0 89.64682 53.64173 0 89.64682 65.68052 0 95.86256 52.82342 0 95.86256 68.0797 0 101.6547 50.42423 0 101.6547 71.89625 0 106.6285 46.60768 0 106.6285 76.87008 0 110.4451 41.63386 0 110.4451 82.66222 0 112.8443 35.84172 0 112.8443 67.06183 0 30.10832 51.44211 0 30.10832 59.25197 0 29.73781 74.80154 0 31.21651 43.7024 0 31.21651 36.10236 0 33.05243 82.40158 0 33.05243 89.79368 0 35.59959 28.71026 0 35.59959 96.22575 0 38.52342 22.27818 0 38.52342 96.91145 0 38.83512 21.59249 0 38.83512 14.81299 0 42.72994 103.6909 0 42.72994 21.59249 0 38.83512 96.91145 0 38.83512 22.27818 0 38.52342 96.22575 0 38.52342 28.71026 0 35.59959 89.79368 0 35.59959 36.10236 0 33.05243 82.40158 0 33.05243 74.80154 0 31.21651 43.7024 0 31.21651 51.44211 0 30.10832 67.06183 0 30.10832 59.25197 0 29.73781 29.62598 0 113.6626 88.87795 0 113.6626 35.84172 0 112.8443 82.66222 0 112.8443 41.63386 0 110.4451 76.87008 0 110.4451 46.60768 0 106.6285 71.89625 0 106.6285 50.42423 0 101.6547 68.0797 0 101.6547 52.82342 0 95.86256 65.68052 0 95.86256 53.64173 0 89.64682 64.8622 0 89.64682 52.82342 0 83.43109 65.68052 0 83.43109 50.42423 0 77.63895 68.0797 0 77.63895 46.60768 0 72.66513 71.89625 0 72.66513 41.63386 0 68.84858 76.87008 0 68.84858 35.84172 0 66.44939 82.66222 0 66.44939 29.62598 0 65.63108 88.87795 0 65.63108 59.25197 0 149.2395 69.41403 0 148.8845 49.08991 0 148.8845 38.97739 0 147.8213 79.52655 0 147.8213 28.9637 0 146.0551 89.54023 0 146.0551 19.09767 0 143.5944 99.40626 0 143.5944 9.427391 0 140.4513 109.0765 0 140.4513 -7.105427e-15 0 136.6411 118.5039 0 136.6411 23.41025 0 112.8443 17.61811 0 110.4451 12.64429 0 106.6285 8.827736 0 101.6547 6.428553 0 95.86256 5.610236 0 89.64682 23.41025 0 66.44939 17.61811 0 68.84858 12.64429 0 72.66513 8.827736 0 77.63895 6.428553 0 83.43109 14.81299 0 38.52342 59.25197 0 25.925 0 0 0 51.46581 0 26.28374 43.74562 0 27.35693 36.15682 0 29.13547 28.76372 0 31.60429 21.62896 0 34.74247 95.09369 0 112.8443 100.8858 0 110.4451 105.8597 0 106.6285 109.6762 0 101.6547 112.0754 0 95.86256 112.8937 0 89.64682 95.09369 0 66.44939 100.8858 0 68.84858 105.8597 0 72.66513 109.6762 0 77.63895 112.0754 0 83.43109 103.6909 0 38.52342 67.03813 0 26.28374 74.75832 0 27.35693 82.34711 0 29.13547 89.74022 0 31.60429 118.5039 0 0 96.87498 0 34.74247 118.5039 0 0 118.5039 0 136.6411 109.0765 0 140.4513 99.40626 0 143.5944 89.54023 0 146.0551 79.52655 0 147.8213 69.41403 0 148.8845 59.25197 0 149.2395 49.08991 0 148.8845 38.97739 0 147.8213 28.9637 0 146.0551 19.09767 0 143.5944 9.427391 0 140.4513 -7.105427e-15 0 136.6411 0 0 0 96.91145 0 38.83512 103.6909 0 42.72994 103.6909 0 38.52342 96.87498 0 34.74247 89.74022 0 31.60429 82.34711 0 29.13547 74.75832 0 27.35693 67.03813 0 26.28374 59.25197 0 25.925 51.46581 0 26.28374 43.74562 0 27.35693 36.15682 0 29.13547 28.76372 0 31.60429 21.62896 0 34.74247 14.81299 0 38.52342 14.81299 0 42.72994 21.59249 0 38.83512 22.27818 0 38.52342 28.71026 0 35.59959 36.10236 0 33.05243 43.7024 0 31.21651 51.44211 0 30.10832 59.25197 0 29.73781 67.06183 0 30.10832 74.80154 0 31.21651 82.40158 0 33.05243 89.79368 0 35.59959 96.22575 0 38.52342 112.0754 0 95.86256 112.8937 0 89.64682 112.0754 0 83.43109 109.6762 0 77.63895 105.8597 0 72.66513 100.8858 0 68.84858 95.09369 0 66.44939 88.87795 0 65.63108 82.66222 0 66.44939 76.87008 0 68.84858 71.89625 0 72.66513 68.0797 0 77.63895 65.68052 0 83.43109 64.8622 0 89.64682 65.68052 0 95.86256 68.0797 0 101.6547 71.89625 0 106.6285 76.87008 0 110.4451 82.66222 0 112.8443 88.87795 0 113.6626 95.09369 0 112.8443 100.8858 0 110.4451 105.8597 0 106.6285 109.6762 0 101.6547 52.82342 0 95.86256 53.64173 0 89.64682 52.82342 0 83.43109 50.42423 0 77.63895 46.60768 0 72.66513 41.63386 0 68.84858 35.84172 0 66.44939 29.62598 0 65.63108 23.41025 0 66.44939 17.61811 0 68.84858 12.64429 0 72.66513 8.827736 0 77.63895 6.428553 0 83.43109 5.610236 0 89.64682 6.428553 0 95.86256 8.827736 0 101.6547 12.64429 0 106.6285 17.61811 0 110.4451 23.41025 0 112.8443 29.62598 0 113.6626 35.84172 0 112.8443 41.63386 0 110.4451 46.60768 0 106.6285 50.42423 0 101.6547</float_array>
                    <technique_common>
                        <accessor count="273" source="#ID188" stride="3">
                            <param name="X" type="float" />
                            <param name="Y" type="float" />
                            <param name="Z" type="float" />
                        </accessor>
                    </technique_common>
                </source>
                <source id="ID185">
                    <float_array id="ID189" count="819">0 -1 0 0 -1 0 0 -1 0 0 -1 0 0 -1 0 0 -1 0 0 -1 0 0 -1 0 0 -1 0 0 -1 0 0 -1 0 0 -1 0 0 -1 0 0 -1 0 0 -1 0 0 -1 0 0 -1 0 0 -1 0 0 -1 0 0 -1 0 0 -1 0 0 -1 0 0 -1 0 0 -1 0 0 -1 0 0 -1 0 0 -1 0 0 -1 0 0 -1 0 0 -1 0 0 -1 0 0 -1 0 0 -1 0 0 -1 0 0 -1 0 0 -1 0 0 -1 0 0 -1 0 0 -1 0 0 -1 0 0 -1 0 0 -1 0 0 -1 0 0 -1 0 0 -1 0 0 -1 0 0 -1 0 0 -1 0 0 -1 0 0 -1 0 0 -1 0 0 -1 0 0 -1 0 0 -1 0 0 -1 0 0 -1 0 0 -1 0 0 -1 0 0 -1 0 0 -1 0 0 -1 0 0 -1 0 0 -1 0 0 -1 0 0 -1 0 0 -1 0 0 -1 0 0 -1 0 0 -1 0 0 -1 0 0 -1 0 0 -1 0 0 -1 0 0 -1 0 0 -1 0 0 -1 0 0 -1 0 0 -1 0 0 -1 0 0 -1 0 0 -1 0 0 -1 0 0 -1 0 0 -1 0 0 -1 0 0 -1 0 0 -1 0 0 -1 0 0 -1 0 0 -1 0 0 -1 0 -0 1 -0 -0 1 -0 -0 1 -0 -0 1 -0 -0 1 -0 -0 1 -0 -0 1 -0 -0 1 -0 -0 1 -0 -0 1 -0 -0 1 -0 -0 1 -0 -0 1 -0 -0 1 -0 -0 1 -0 -0 1 -0 -0 1 -0 -0 1 -0 -0 1 -0 -0 1 -0 -0 1 -0 -0 1 -0 -0 1 -0 -0 1 -0 -0 1 -0 -0 1 -0 -0 1 -0 -0 1 -0 -0 1 -0 -0 1 -0 -0 1 -0 -0 1 -0 -0 1 -0 -0 1 -0 -0 1 -0 -0 1 -0 -0 1 -0 -0 1 -0 -0 1 -0 -0 1 -0 -0 1 -0 -0 1 -0 -0 1 -0 -0 1 -0 -0 1 -0 -0 1 -0 -0 1 -0 -0 1 -0 -0 1 -0 -0 1 -0 -0 1 -0 -0 1 -0 -0 1 -0 -0 1 -0 -0 1 -0 -0 1 -0 -0 1 -0 -0 1 -0 -0 1 -0 -0 1 -0 -0 1 -0 -0 1 -0 -0 1 -0 -0 1 -0 -0 1 -0 -0 1 -0 -0 1 -0 -0 1 -0 -0 1 -0 -0 1 -0 -0 1 -0 -0 1 -0 -0 1 -0 -0 1 -0 -0 1 -0 -0 1 -0 -0 1 -0 -0 1 -0 -0 1 -0 -0 1 -0 -0 1 -0 -0 1 -0 -0 1 -0 -0 1 -0 -0 1 -0 -0 1 -0 -0 1 -0 -0 1 -0 -0 1 -0 -0 1 -0 -0 1 -0 0 0 0 0 0 0 0 0 0 0 0 0 0 0 0 0 0 0 0 0 0 0 0 0 0 0 0 0 0 0 0 0 0 0 0 0 0 0 0 0 0 0 0 0 0 0 0 0 0 0 0 0 0 0 0 0 0 0 0 0 0 0 0 0 0 0 0 0 0 0 0 0 0 0 0 0 0 0 0 0 0 0 0 0 0 0 0 0 0 0 0 0 0 0 0 0 0 0 0 0 0 0 0 0 0 0 0 0 0 0 0 0 0 0 0 0 0 0 0 0 0 0 0 0 0 0 0 0 0 0 0 0 0 0 0 0 0 0 0 0 0 0 0 0 0 0 0 0 0 0 0 0 0 0 0 0 0 0 0 0 0 0 0 0 0 0 0 0 0 0 0 0 0 0 0 0 0 0 0 0 0 0 0 0 0 0 0 0 0 0 0 0 0 0 0 0 0 0 0 0 0 0 0 0 0 0 0 0 0 0 0 0 0 0 0 0 0 0 0 0 0 0 0 0 0 0 0 0 0 0 0 0 0 0 0 0 0 0 0 0 0 0 0 0 0 0 0 0 0 0 0 0 0 0 0 0 0 0 0 0 0 0 0 0 0 0 0 0 0 0 0 0 0</float_array>
                    <technique_common>
                        <accessor count="273" source="#ID189" stride="3">
                            <param name="X" type="float" />
                            <param name="Y" type="float" />
                            <param name="Z" type="float" />
                        </accessor>
                    </technique_common>
                </source>
                <source id="ID186">
                    <Name_array id="ID190" count="0" />
                    <technique_common>
                        <accessor count="0" source="#ID190" stride="1">
                            <param name="skp_material" type="Name" />
                        </accessor>
                    </technique_common>
                </source>
                <vertices id="ID187">
                    <input semantic="POSITION" source="#ID184" />
                    <input semantic="NORMAL" source="#ID185" />
                </vertices>
                <triangles count="95" material="Material3">
                    <input offset="0" semantic="VERTEX" source="#ID187" />
                    <p>0 1 2 1 0 3 3 0 4 4 0 5 5 0 6 6 0 7 2 1 8 2 8 9 2 9 10 2 10 11 4 5 12 12 5 13 12 13 14 12 14 15 12 15 16 12 16 17 17 16 18 6 7 19 19 7 20 20 7 21 21 7 22 22 7 23 23 7 24 24 7 25 2 26 27 26 2 28 28 2 29 29 2 30 30 2 31 31 2 32 32 2 33 33 2 34 34 2 11 28 29 17 28 17 35 35 17 36 36 17 37 37 17 38 38 17 39 39 17 18 27 26 40 27 40 41 27 41 42 27 42 43 27 43 44 27 44 25 27 25 7 27 7 45 27 45 46 46 45 47 46 47 48 48 47 49 48 49 50 50 49 51 50 51 52 52 51 53 52 53 54 54 53 55 56 39 18 39 56 57 57 56 58 57 58 59 59 58 60 59 60 61 61 60 62 61 62 63 63 62 64 63 64 65 65 64 66 65 66 67 67 66 68 67 68 69 69 68 70 69 70 71 71 70 72 71 72 73 73 72 74 73 74 75 75 74 76 75 76 77 77 76 24 77 24 25 78 79 80 79 78 81 79 81 82 82 81 83 83 81 84 83 84 85 83 85 86 86 85 87 86 87 88 88 87 89 88 89 90 90 89 12 90 12 17</p>
                </triangles>
                <triangles count="95" material="Material2">
                    <input offset="0" semantic="VERTEX" source="#ID187" />
                    <p>91 92 93 92 94 93 93 94 95 94 96 95 95 96 97 96 98 97 97 98 99 98 100 99 100 101 99 99 101 102 102 101 103 101 104 103 105 103 104 106 107 108 107 109 108 108 109 110 109 111 110 110 111 112 111 113 112 112 113 114 113 115 114 114 115 116 115 117 116 116 117 118 117 119 118 118 119 120 119 121 120 120 121 122 121 123 122 122 123 124 123 125 124 124 125 126 125 127 126 126 127 128 127 129 128 128 129 130 131 130 129 132 133 134 134 133 135 133 136 135 135 136 137 136 138 137 137 138 139 138 140 139 139 140 141 140 142 141 141 142 143 142 144 143 144 106 143 106 145 143 145 146 143 146 147 143 147 148 143 148 149 143 149 150 143 131 91 130 130 91 151 151 91 152 152 91 153 153 91 154 154 91 155 91 156 155 157 158 159 159 158 160 160 158 161 161 158 162 162 158 163 163 158 156 156 158 155 155 158 150 143 150 158 106 144 107 107 144 164 164 144 165 165 144 166 166 144 167 167 144 168 168 144 169 131 170 91 91 170 92 170 171 92 171 172 92 172 173 92 173 174 92 92 174 175 157 176 158 176 177 158 177 178 158 178 179 158 144 180 169 169 180 174 174 180 175 175 180 181 181 180 179 158 179 180</p>
                </triangles>
                <!-- <lines count="91" material="Material4">
                    <input offset="0" semantic="VERTEX" source="#ID187" />
                    <p>182 183 184 183 185 184 186 185 187 186 188 187 189 188 190 189 191 190 192 191 193 192 194 193 195 194 196 195 196 182 197 198 198 199 200 199 201 200 202 201 203 202 204 203 205 204 206 205 207 206 208 207 209 208 210 209 211 210 212 211 212 213 213 214 214 215 215 216 216 217 217 218 218 219 219 220 220 221 221 222 222 223 223 224 224 197 225 226 226 227 227 228 228 229 229 230 230 231 231 232 232 233 233 234 234 235 235 236 236 237 237 238 238 239 239 240 240 241 241 242 242 243 243 244 244 245 245 246 246 247 247 248 248 225 249 250 250 251 251 252 252 253 253 254 254 255 255 256 256 257 257 258 258 259 259 260 260 261 261 262 262 263 263 264 264 265 265 266 266 267 267 268 268 269 269 270 270 271 271 272 272 249</p>
                </lines> -->
            </mesh>
        </geometry>
        <geometry id="ID191">
            <mesh>
                <source id="ID192">
                    <float_array id="ID194" count="6">73.57002 121.2598 21.46901 73.42821 121.2598 21.61073</float_array>
                    <technique_common>
                        <accessor count="2" source="#ID194" stride="3">
                            <param name="X" type="float" />
                            <param name="Y" type="float" />
                            <param name="Z" type="float" />
                        </accessor>
                    </technique_common>
                </source>
                <vertices id="ID193">
                    <input semantic="POSITION" source="#ID192" />
                </vertices>
                <!-- <lines count="1" material="Material2">
                    <input offset="0" semantic="VERTEX" source="#ID193" />
                    <p>1 0</p>
                </lines> -->
            </mesh>
        </geometry>
    </library_geometries>
    <library_materials>
        <material id="ID6" name="Color_E15">
            <instance_effect url="#ID7" />
        </material>
        <material id="ID12" name="edge_color153153122255">
            <instance_effect url="#ID13" />
        </material>
        <material id="ID51" name="material">
            <instance_effect url="#ID50" />
        </material>
        <material id="ID57" name="material_0">
            <instance_effect url="#ID56" />
        </material>
        <material id="ID58" name="edge_color000255">
            <instance_effect url="#ID59" />
        </material>
        <material id="ID60" name="edge_color1272550255">
            <instance_effect url="#ID61" />
        </material>
        <material id="ID66" name="Color_F01">
            <instance_effect url="#ID67" />
        </material>
        <material id="ID76" name="Color_000">
            <instance_effect url="#ID77" />
        </material>
        <material id="ID130" name="edge_color255255255255">
            <instance_effect url="#ID131" />
        </material>
    </library_materials>
    <library_effects>
        <effect id="ID7">
            <profile_COMMON>
                <technique sid="COMMON">
                    <lambert>
                        <diffuse>
                            <color>0.6 0.6 0.4784314 1</color>
                        </diffuse>
                    </lambert>
                </technique>
            </profile_COMMON>
        </effect>
        <effect id="ID13">
            <profile_COMMON>
                <technique sid="COMMON">
                    <constant>
                        <transparent opaque="A_ONE">
                            <color>0.6 0.6 0.4784314 1</color>
                        </transparent>
                        <transparency>
                            <float>1</float>
                        </transparency>
                    </constant>
                </technique>
            </profile_COMMON>
        </effect>
        <effect id="ID50">
            <profile_COMMON>
                <technique sid="COMMON">
                    <lambert>
                        <diffuse>
                            <color>1 1 1 1</color>
                        </diffuse>
                    </lambert>
                </technique>
            </profile_COMMON>
        </effect>
        <effect id="ID56">
            <profile_COMMON>
                <technique sid="COMMON">
                    <lambert>
                        <diffuse>
                            <color>0.6705882 0.6901961 0.8 1</color>
                        </diffuse>
                    </lambert>
                </technique>
            </profile_COMMON>
        </effect>
        <effect id="ID59">
            <profile_COMMON>
                <technique sid="COMMON">
                    <constant>
                        <transparent opaque="A_ONE">
                            <color>0 0 0 1</color>
                        </transparent>
                        <transparency>
                            <float>1</float>
                        </transparency>
                    </constant>
                </technique>
            </profile_COMMON>
        </effect>
        <effect id="ID61">
            <profile_COMMON>
                <technique sid="COMMON">
                    <constant>
                        <transparent opaque="A_ONE">
                            <color>0.4980392 1 0 1</color>
                        </transparent>
                        <transparency>
                            <float>1</float>
                        </transparency>
                    </constant>
                </technique>
            </profile_COMMON>
        </effect>
        <effect id="ID67">
            <profile_COMMON>
                <technique sid="COMMON">
                    <lambert>
                        <diffuse>
                            <color>0.4980392 1 0 1</color>
                        </diffuse>
                    </lambert>
                </technique>
            </profile_COMMON>
        </effect>
        <effect id="ID77">
            <profile_COMMON>
                <technique sid="COMMON">
                    <lambert>
                        <diffuse>
                            <color>1 1 1 1</color>
                        </diffuse>
                    </lambert>
                </technique>
            </profile_COMMON>
        </effect>
        <effect id="ID131">
            <profile_COMMON>
                <technique sid="COMMON">
                    <constant>
                        <transparent opaque="A_ONE">
                            <color>1 1 1 1</color>
                        </transparent>
                        <transparency>
                            <float>1</float>
                        </transparency>
                    </constant>
                </technique>
            </profile_COMMON>
        </effect>
    </library_effects>
    <scene>
        <instance_visual_scene url="#ID2" />
    </scene>
</COLLADA>
