agent,chain,job_id,global_iter,loss,val,rew,entropy_coef,abc,abc_coef,sr,valid_goals,invalid_goals,avg_xy,max_xy,avg_z
alice,1,28676063,2470,0.0947,1.3305,3.9721,0.05,,,,327,22,0.198,0.562,0.004
alice,1,28676063,2471,0.1271,1.0228,4.0442,0.05,,,,300,14,0.224,0.561,0.005
alice,1,28676063,2472,0.152,0.7652,3.6282,0.05,,,,290,17,0.268,0.643,0.005
alice,1,28676063,2473,0.0666,0.7477,3.7465,0.05,,,,273,23,0.328,0.731,0.005
alice,1,28676063,2474,0.1203,0.7275,3.4828,0.05,,,,289,27,0.345,0.69,0.005
alice,1,28676063,2475,0.0879,0.6968,3.2015,0.05,,,,273,54,0.32,0.695,0.005
alice,1,28676063,2476,0.1277,0.6853,3.2263,0.05,,,,282,43,0.341,0.693,0.006
alice,1,28676063,2477,0.1159,0.7081,2.7905,0.05,,,,290,33,0.328,0.707,0.004
alice,1,28676063,2478,0.1306,0.6448,2.5723,0.05,,,,302,31,0.326,0.683,0.003
alice,1,28676063,2479,0.1515,0.6655,2.7097,0.05,,,,305,22,0.355,0.655,0.004
alice,1,28676063,2480,0.132,0.7296,3.047,0.05,,,,291,26,0.342,0.649,0.005
alice,1,28676063,2481,0.1167,0.6995,2.7262,0.05,,,,309,8,0.36,0.682,0.003
alice,1,28676063,2482,0.0645,0.6089,2.3102,0.05,,,,323,15,0.325,0.616,0.003
alice,1,28676063,2483,0.0557,0.5519,2.0904,0.05,,,,333,12,0.303,0.631,0.002
alice,1,28676063,2484,0.1229,0.5952,2.2791,0.05,,,,320,12,0.348,0.725,0.003
alice,1,28676063,2485,0.1046,0.7047,2.7791,0.05,,,,301,18,0.319,0.664,0.003
alice,1,28676063,2486,0.0768,0.6664,2.7052,0.05,,,,311,18,0.33,0.676,0.004
alice,1,28676063,2487,0.0852,0.6744,2.6471,0.05,,,,309,30,0.315,0.661,0.004
alice,1,28676063,2488,0.1329,0.61,2.6626,0.05,,,,313,12,0.35,0.657,0.004
alice,1,28676063,2489,0.0914,0.8125,3.6866,0.05,,,,293,7,0.301,0.629,0.006
alice,1,28676063,2490,0.0272,0.7561,3.1329,0.05,,,,290,14,0.273,0.6,0.004
alice,1,28676063,2491,0.0597,0.5688,2.2931,0.05,,,,313,22,0.256,0.783,0.002
alice,1,28676063,2492,0.0701,0.5055,2.2079,0.05,,,,324,16,0.294,0.687,0.003
alice,1,28676063,2493,0.1534,0.4953,2.242,0.05,,,,328,12,0.305,0.636,0.005
alice,1,28676063,2494,0.0917,0.5265,2.2925,0.05,,,,304,13,0.309,0.636,0.004
alice,1,28676063,2495,0.1094,0.5297,2.2342,0.05,,,,315,10,0.308,0.587,0.004
alice,1,28676063,2496,0.1099,0.5846,2.3243,0.05,,,,302,26,0.282,0.679,0.005
alice,1,28676063,2497,0.1199,0.5755,2.4145,0.05,,,,309,18,0.3,0.633,0.005
alice,1,28676063,2498,0.1214,0.5064,2.3141,0.05,,,,310,12,0.309,0.69,0.004
alice,1,28676063,2499,0.1009,0.6563,2.9128,0.05,,,,298,14,0.311,0.695,0.005
alice,1,28676063,2500,0.0869,0.511,2.1938,0.05,,,,312,27,0.285,0.649,0.004
alice,1,28676063,2501,0.0713,0.552,2.3354,0.05,,,,316,22,0.28,0.613,0.004
alice,1,28676063,2502,0.1171,0.4923,2.1047,0.05,,,,313,25,0.29,0.632,0.004
alice,1,28676063,2503,0.1159,0.5277,2.4471,0.05,,,,322,14,0.277,0.592,0.005
alice,1,28676063,2504,0.0838,0.6652,2.9182,0.05,,,,293,20,0.279,0.628,0.004
alice,1,28676063,2505,0.088,0.6419,2.9231,0.05,,,,299,39,0.249,0.613,0.004
alice,1,28676063,2506,0.0781,0.6293,2.8065,0.05,,,,292,61,0.232,0.646,0.004
alice,1,28676063,2507,0.0912,0.5997,3.0438,0.05,,,,295,46,0.245,0.7,0.007
alice,1,28676063,2508,0.0951,0.6924,3.3256,0.05,,,,288,15,0.316,0.651,0.007
alice,1,28676063,2509,0.0303,0.5872,2.4789,0.05,,,,250,108,0.168,0.667,0.004
alice,1,28676063,2510,0.1424,0.5469,2.3298,0.05,,,,342,34,0.255,0.661,0.005
alice,1,28676063,2511,0.115,0.4902,2.4138,0.05,,,,307,27,0.284,0.66,0.006
alice,1,28676063,2512,0.0922,0.6042,3.0769,0.05,,,,290,6,0.325,0.649,0.006
alice,1,28676063,2513,0.063,0.5473,2.4238,0.05,,,,295,34,0.25,0.689,0.004
alice,1,28676063,2514,0.0837,0.5982,2.6766,0.05,,,,312,14,0.299,0.645,0.004
alice,1,28676063,2515,0.0877,0.6271,2.9079,0.05,,,,299,22,0.282,0.727,0.005
alice,1,28676063,2516,0.0883,0.7028,3.4126,0.05,,,,296,8,0.298,0.628,0.005
alice,1,28676063,2517,0.0731,0.7532,3.4812,0.05,,,,290,8,0.291,0.63,0.006
alice,1,28676063,2518,0.0832,0.6437,3.0741,0.05,,,,296,10,0.308,0.666,0.004
alice,1,28676063,2519,0.1065,0.6341,2.7241,0.05,,,,295,15,0.294,0.633,0.004
alice,1,28676063,2520,0.0717,0.5812,2.5686,0.05,,,,303,19,0.259,0.648,0.004
alice,1,28676063,2521,0.057,0.5207,2.1834,0.05,,,,309,18,0.276,0.751,0.003
alice,1,28676063,2522,0.0992,0.5552,2.3824,0.05,,,,316,24,0.276,0.625,0.003
alice,1,28676063,2523,0.0962,0.538,2.2424,0.05,,,,323,13,0.292,0.706,0.005
alice,1,28676063,2524,0.1014,0.5482,2.3725,0.05,,,,305,23,0.264,0.686,0.004
alice,1,28676063,2525,0.0909,0.5446,2.5772,0.05,,,,297,34,0.242,0.626,0.005
alice,1,28676063,2526,0.0761,0.6065,2.8354,0.05,,,,304,15,0.283,0.663,0.005
alice,1,28676063,2527,0.0728,0.6332,2.7576,0.05,,,,299,19,0.297,0.651,0.004
alice,1,28676063,2528,0.1098,0.6632,3.1154,0.05,,,,299,24,0.274,0.655,0.004
alice,1,28676063,2529,0.1047,0.5668,2.732,0.05,,,,313,6,0.29,0.633,0.005
alice,1,28676063,2530,0.0533,0.5911,2.7081,0.05,,,,300,13,0.288,0.643,0.005
alice,1,28676063,2531,0.1138,0.6318,2.6867,0.05,,,,309,20,0.303,0.66,0.004
alice,1,28676063,2532,0.1026,0.5146,2.4379,0.05,,,,303,62,0.19,0.62,0.005
alice,1,28676063,2533,0.0924,0.5431,2.9051,0.05,,,,302,19,0.254,0.845,0.005
alice,1,28676063,2534,0.1294,0.631,3.069,0.05,,,,292,15,0.264,0.64,0.006
alice,1,28676063,2535,0.0922,0.6206,2.8667,0.05,,,,301,22,0.263,0.532,0.005
alice,1,28676063,2536,0.1181,0.6865,3.1429,0.05,,,,301,9,0.298,0.613,0.005
alice,1,28676063,2537,0.0529,0.4998,2.2733,0.05,,,,303,40,0.261,0.681,0.004
alice,1,28676063,2538,0.1038,0.6534,2.8013,0.05,,,,302,20,0.289,0.628,0.004
alice,1,28676063,2539,0.0954,0.5755,2.4506,0.05,,,,308,25,0.284,0.67,0.004
alice,1,28676063,2540,0.1135,0.4951,2.3141,0.05,,,,314,19,0.293,0.642,0.005
alice,1,28676063,2541,0.0926,0.566,2.7021,0.05,,,,293,34,0.266,0.66,0.005
alice,1,28676063,2542,0.1073,0.5699,2.5924,0.05,,,,306,14,0.303,0.624,0.006
alice,1,28676063,2543,0.0424,0.6269,3.2059,0.05,,,,280,40,0.254,0.677,0.006
alice,1,28676063,2544,0.0836,0.6512,3.1642,0.05,,,,293,32,0.274,0.649,0.005
alice,1,28676063,2545,0.0809,0.4939,2.4231,0.05,,,,295,25,0.283,0.716,0.005
alice,1,28676063,2546,0.1006,0.5021,2.4238,0.05,,,,305,9,0.309,0.621,0.005
alice,1,28676063,2547,0.0795,0.5722,2.5987,0.05,,,,295,20,0.291,0.606,0.005
alice,1,28676063,2548,0.0705,0.5648,2.3873,0.05,,,,313,21,0.258,0.656,0.005
alice,1,28676063,2549,0.0803,0.5585,2.5569,0.05,,,,315,15,0.271,0.672,0.006
alice,1,28676063,2550,0.0574,0.6322,2.9231,0.05,,,,302,7,0.314,0.665,0.005
alice,1,28676063,2551,0.0578,0.6366,2.8301,0.05,,,,300,27,0.263,0.611,0.005
alice,1,28676063,2552,0.0867,0.6342,2.8954,0.05,,,,302,13,0.277,0.605,0.005
alice,1,28676063,2553,0.0775,0.68,2.9444,0.05,,,,294,14,0.293,0.706,0.005
alice,1,28676063,2554,0.0891,0.6713,3.2581,0.05,,,,305,17,0.273,0.732,0.006
alice,1,28676063,2555,0.0757,0.6949,3.3077,0.05,,,,292,8,0.269,0.63,0.006
alice,1,28676063,2556,0.07,0.6755,3.0886,0.05,,,,297,7,0.297,0.689,0.005
alice,1,28676063,2557,0.0572,0.6054,2.7066,0.05,,,,306,21,0.27,0.689,0.004
alice,1,28676063,2558,0.0789,0.6012,2.7733,0.05,,,,308,15,0.277,0.68,0.005
alice,1,28676063,2559,0.0941,0.6125,2.5497,0.05,,,,318,17,0.289,0.665,0.004
alice,1,28676063,2560,0.1066,0.6515,3.0588,0.05,,,,299,12,0.28,0.628,0.005
alice,1,28676063,2561,0.0907,0.6749,3.1753,0.05,,,,297,16,0.283,0.698,0.004
alice,1,28676063,2562,0.1042,0.7545,3.7239,0.05,,,,283,11,0.328,0.759,0.005
alice,1,28676063,2563,0.1136,0.6112,3.0504,0.05,,,,299,16,0.297,0.698,0.007
alice,1,28676063,2564,0.1001,0.6924,3.6667,0.05,,,,289,4,0.278,0.73,0.007
alice,1,28676063,2565,0.0565,0.6818,3.487,0.05,,,,280,11,0.269,0.768,0.006
alice,1,28676063,2566,0.0834,0.7741,3.7917,0.05,,,,274,9,0.299,0.732,0.006
alice,1,28676063,2567,0.0665,0.7136,2.987,0.05,,,,296,7,0.28,0.607,0.005
alice,1,28676063,2568,0.0771,0.6464,2.7742,0.05,,,,302,22,0.261,0.643,0.004
alice,1,28676063,2569,0.1092,0.5966,2.4162,0.05,,,,320,16,0.253,0.696,0.004
alice,1,28676063,2570,0.0884,0.5493,2.4545,0.05,,,,315,21,0.264,0.611,0.003
alice,1,28676063,2571,0.1003,0.6407,2.875,0.05,,,,299,10,0.321,0.621,0.005
alice,1,28676063,2572,0.0394,0.5815,2.5031,0.05,,,,291,48,0.257,0.669,0.003
alice,1,28676063,2573,0.135,0.589,2.6149,0.05,,,,304,49,0.277,0.685,0.004
alice,1,28676063,2574,0.0948,0.5797,2.4695,0.05,,,,308,21,0.29,0.645,0.005
alice,1,28676063,2575,0.122,0.7135,3.2993,0.05,,,,300,27,0.268,0.711,0.006
alice,1,28676063,2576,0.1168,0.563,2.6923,0.05,,,,295,17,0.286,0.762,0.005
alice,1,28676063,2577,0.1495,0.638,3.0229,0.05,,,,292,12,0.292,0.71,0.005
alice,1,28676063,2578,0.1277,0.639,3.1269,0.05,,,,292,18,0.26,0.647,0.006
alice,1,28676063,2579,0.0897,0.6544,2.8027,0.05,,,,291,28,0.256,0.608,0.006
alice,1,28676063,2580,0.1334,0.6878,2.9817,0.05,,,,295,17,0.285,0.656,0.005
alice,1,28676063,2581,0.0902,0.6758,2.9281,0.05,,,,278,72,0.207,0.635,0.004
alice,1,28676063,2582,0.1235,0.628,2.9281,0.05,,,,298,37,0.275,0.673,0.005
alice,1,28676063,2583,0.1263,0.588,2.8151,0.05,,,,309,20,0.294,0.67,0.005
alice,1,28676063,2584,0.1282,0.6627,3.208,0.05,,,,291,7,0.315,0.783,0.005
alice,1,28676063,2585,0.1176,0.5758,2.5734,0.05,,,,301,19,0.274,0.655,0.005
alice,1,28676063,2586,0.1127,0.6276,2.6879,0.05,,,,301,11,0.304,0.679,0.005
alice,1,28676063,2587,0.1252,0.7308,2.9753,0.05,,,,306,4,0.305,0.585,0.005
alice,1,28676063,2588,0.1151,0.6473,2.7073,0.05,,,,309,13,0.283,0.663,0.005
alice,1,28676063,2589,0.1153,0.5431,2.5333,0.05,,,,310,23,0.275,0.667,0.005
alice,1,28676063,2590,0.1289,0.5963,2.5686,0.05,,,,303,9,0.301,0.653,0.005
alice,1,28676063,2591,0.1215,0.5855,2.5605,0.05,,,,300,22,0.279,0.62,0.005
alice,1,28676063,2592,0.1422,0.6696,2.8519,0.05,,,,311,7,0.299,0.664,0.005
alice,1,28676063,2593,0.1398,0.6326,2.8421,0.05,,,,303,13,0.298,0.692,0.005
alice,1,28676063,2594,0.131,0.6759,2.9079,0.05,,,,301,7,0.302,0.707,0.005
alice,1,28676063,2595,0.1285,0.6134,2.5723,0.05,,,,312,12,0.3,0.634,0.005
alice,1,28676063,2596,0.1585,0.6161,2.9444,0.05,,,,302,7,0.302,0.675,0.006
alice,1,28676063,2597,0.107,0.6546,2.8,0.05,,,,289,15,0.298,0.686,0.006
alice,1,28676063,2598,0.0876,0.5447,2.372,0.05,,,,309,29,0.252,0.608,0.005
alice,1,28676063,2599,0.0904,0.5818,2.3784,0.05,,,,317,20,0.247,0.574,0.005
alice,1,28676063,2600,0.1556,0.6449,2.8023,0.05,,,,320,12,0.276,0.582,0.005
alice,1,28676063,2601,0.0589,0.5975,2.5123,0.05,,,,269,90,0.159,0.623,0.005
alice,1,28676063,2602,0.0724,0.462,2.1404,0.05,,,,308,89,0.161,0.689,0.005
alice,1,28676063,2603,0.0712,0.5058,2.4052,0.05,,,,279,113,0.164,0.569,0.004
alice,1,28676063,2604,0.1091,0.5566,2.9853,0.05,,,,265,107,0.172,0.65,0.005
alice,1,28676063,2605,0.1375,0.6383,2.9062,0.05,,,,298,42,0.259,0.708,0.004
alice,1,28676063,2606,0.1143,0.5185,2.236,0.05,,,,324,29,0.253,0.61,0.004
alice,1,28676063,2607,0.1535,0.5447,2.5625,0.05,,,,305,18,0.297,0.665,0.005
alice,1,28676063,2608,0.144,0.6177,2.85,0.05,,,,307,22,0.25,0.661,0.005
alice,1,28676063,2609,0.0922,0.6101,2.6131,0.05,,,,310,16,0.239,0.684,0.006
alice,1,28676063,2610,0.0784,0.7047,3.1795,0.05,,,,298,20,0.244,0.673,0.006
alice,1,28676063,2611,0.0929,0.6172,2.5174,0.05,,,,307,21,0.24,0.625,0.005
alice,1,28676063,2612,0.1053,0.5037,2.3372,0.05,,,,330,18,0.23,0.533,0.005
alice,1,28676063,2613,0.1287,0.5195,2.4103,0.05,,,,318,9,0.268,0.61,0.004
alice,1,28676063,2614,0.056,0.5482,2.5541,0.05,,,,297,17,0.254,0.646,0.005
alice,1,28676063,2615,0.0968,0.5374,2.6203,0.05,,,,308,13,0.267,0.75,0.005
alice,1,28676063,2616,0.1262,0.6272,2.9935,0.05,,,,303,15,0.289,0.633,0.005
alice,1,28676063,2617,0.0729,0.6543,2.9304,0.05,,,,293,22,0.271,0.682,0.004
alice,1,28676063,2618,0.0667,0.5895,2.5429,0.05,,,,315,13,0.292,0.633,0.004
alice,1,28676063,2619,0.108,0.609,2.6471,0.05,,,,311,15,0.278,0.606,0.004
alice,1,28676063,2620,0.0955,0.5674,2.6667,0.05,,,,322,7,0.306,0.619,0.005
alice,1,28676063,2621,0.0865,0.6448,3.0134,0.05,,,,291,8,0.302,0.672,0.005
alice,1,28676063,2622,0.0498,0.6355,2.6061,0.05,,,,308,23,0.263,0.598,0.005
alice,1,28676063,2623,0.134,0.6587,3.0066,0.05,,,,308,13,0.275,0.632,0.005
alice,1,28676063,2624,0.0889,0.5802,2.7708,0.05,,,,301,13,0.258,0.594,0.004
alice,1,28676063,2625,0.0922,0.6356,2.831,0.05,,,,295,12,0.298,0.76,0.005
alice,1,28676063,2626,0.1197,0.6027,2.7123,0.05,,,,302,15,0.31,0.702,0.004
alice,1,28676063,2627,0.0706,0.4646,2.1392,0.05,,,,315,14,0.306,0.639,0.004
alice,1,28676063,2628,0.1109,0.6518,2.8919,0.05,,,,292,14,0.293,0.711,0.004
alice,1,28676063,2629,0.0889,0.6694,3.1429,0.05,,,,296,25,0.273,0.641,0.005
alice,1,28676063,2630,0.1376,0.5755,2.7241,0.05,,,,303,9,0.307,0.605,0.006
alice,1,28676063,2631,0.0188,0.5632,2.9903,0.05,,,,188,210,0.095,0.546,0.003
alice,1,28676063,2632,0.0598,0.3482,2.5339,0.05,,,,227,265,0.089,0.623,0.004
alice,1,28676063,2633,0.0704,0.3932,2.1745,0.05,,,,261,173,0.119,0.678,0.004
alice,1,28676063,2634,0.1243,0.5011,2.3056,0.05,,,,318,58,0.189,0.64,0.005
alice,1,28676063,2635,0.0831,0.4963,2.3081,0.05,,,,312,40,0.221,0.577,0.004
alice,1,28676063,2636,0.0831,0.473,2.1798,0.05,,,,324,36,0.24,0.623,0.004
alice,1,28676063,2637,0.1267,0.658,3.0979,0.05,,,,296,19,0.287,0.7,0.005
alice,1,28676063,2638,0.1265,0.7026,3.3551,0.05,,,,285,20,0.282,0.67,0.005
alice,1,28676063,2639,0.0911,0.7432,3.383,0.05,,,,290,16,0.239,0.623,0.005
alice,1,28676063,2640,0.0774,0.6136,2.646,0.05,,,,304,23,0.24,0.729,0.005
alice,1,28676063,2641,0.0834,0.6354,2.8098,0.05,,,,304,20,0.244,0.643,0.005
alice,1,28676063,2642,0.1015,0.5501,2.3143,0.05,,,,327,10,0.275,0.715,0.004
alice,1,28676063,2643,0.117,0.5842,2.6013,0.05,,,,304,13,0.28,0.605,0.005
alice,1,28676063,2644,0.1271,0.5804,2.4606,0.05,,,,318,4,0.287,0.698,0.006
alice,1,28676063,2645,0.1007,0.6352,2.8792,0.05,,,,304,9,0.272,0.628,0.006
alice,1,28676063,2646,0.1012,0.6174,2.7881,0.05,,,,298,14,0.272,0.641,0.005
alice,1,28676063,2647,0.0848,0.5906,2.6369,0.05,,,,307,12,0.285,0.617,0.004
alice,1,28676063,2648,0.0891,0.6475,2.8944,0.05,,,,302,19,0.288,0.66,0.004
alice,1,28676063,2649,0.1222,0.5887,2.7532,0.05,,,,304,23,0.286,0.717,0.005
alice,1,28676063,2650,0.0693,0.6769,3.2109,0.05,,,,300,7,0.304,0.674,0.005
alice,1,28676063,2651,0.0529,0.5905,2.6981,0.05,,,,299,13,0.317,0.684,0.005
alice,1,28676063,2652,0.052,0.6196,2.676,0.05,,,,308,12,0.304,0.678,0.004
alice,1,28676063,2653,0.0761,0.6413,2.5847,0.05,,,,311,33,0.286,0.659,0.005
alice,1,28676063,2654,0.0798,0.5973,2.6374,0.05,,,,321,24,0.255,0.633,0.005
alice,1,28676063,2655,0.1163,0.6082,2.5605,0.05,,,,311,9,0.304,0.735,0.005
alice,1,28676063,2656,0.1067,0.611,3.0205,0.05,,,,292,21,0.314,0.699,0.006
alice,1,28676063,2657,0.0941,0.7423,3.6224,0.05,,,,288,6,0.293,0.697,0.006
alice,1,28676063,2658,0.0695,0.7196,3.1959,0.05,,,,296,21,0.257,0.594,0.005
alice,1,28676063,2659,0.0756,0.6399,2.7346,0.05,,,,302,13,0.263,0.611,0.005
alice,1,28676063,2660,0.1067,0.5631,2.6774,0.05,,,,319,10,0.284,0.646,0.004
alice,1,28676063,2661,0.1276,0.5858,2.8056,0.05,,,,298,6,0.319,0.644,0.005
alice,1,28676063,2662,0.0786,0.5717,2.4371,0.05,,,,307,14,0.253,0.682,0.005
alice,1,28676063,2663,0.0989,0.63,3.047,0.05,,,,307,11,0.273,0.671,0.006
alice,1,28676063,2664,0.075,0.7122,3.3529,0.05,,,,290,8,0.279,0.655,0.006
alice,1,28676063,2665,0.1039,0.6118,2.8881,0.05,,,,304,12,0.289,0.613,0.006
alice,1,28676063,2666,0.0877,0.6023,2.9776,0.05,,,,292,23,0.271,0.62,0.005
alice,1,28676063,2667,0.0964,0.612,2.8846,0.05,,,,300,10,0.27,0.663,0.006
alice,1,28676063,2668,0.0702,0.621,2.8403,0.05,,,,292,8,0.286,0.624,0.006
alice,1,28676063,2669,0.1065,0.6095,2.5152,0.05,,,,314,6,0.304,0.741,0.004
alice,1,28676063,2670,0.0588,0.6884,3.0548,0.05,,,,290,27,0.277,0.716,0.005
alice,1,28676063,2671,0.0545,0.6753,2.9427,0.05,,,,300,14,0.301,0.67,0.004
alice,1,28676063,2672,0.067,0.7608,3.2876,0.05,,,,293,13,0.288,0.613,0.005
alice,1,28676063,2673,0.0622,0.6656,2.9745,0.05,,,,306,12,0.285,0.581,0.005
alice,1,28676063,2674,0.0518,0.5666,2.4162,0.05,,,,313,15,0.294,0.676,0.005
alice,1,28676063,2675,0.0755,0.6407,2.4881,0.05,,,,312,14,0.29,0.607,0.004
alice,1,28676063,2676,0.0999,0.5405,2.4024,0.05,,,,320,13,0.286,0.738,0.004
alice,1,28676063,2677,0.1307,0.5802,2.5686,0.05,,,,304,10,0.271,0.648,0.005
alice,1,28676063,2678,0.1198,0.6616,2.9245,0.05,,,,303,9,0.264,0.586,0.006
alice,1,28676063,2679,0.1408,0.6562,2.9937,0.05,,,,305,8,0.278,0.689,0.005
alice,1,28676063,2680,0.0984,0.6654,2.9018,0.05,,,,303,13,0.254,0.567,0.005
alice,1,28676063,2681,0.1001,0.6089,2.7419,0.05,,,,310,18,0.259,0.638,0.006
alice,1,28676063,2682,0.067,0.6413,2.9718,0.05,,,,287,21,0.268,0.755,0.006
alice,1,28676063,2683,0.0813,0.7025,3.0915,0.05,,,,302,8,0.288,0.696,0.006
alice,1,28676063,2684,0.103,0.7472,3.3649,0.05,,,,294,7,0.304,0.653,0.005
alice,1,28676063,2685,0.0899,0.7349,3.4575,0.05,,,,295,7,0.26,0.667,0.006
alice,1,28676063,2686,0.0603,0.7054,3.1875,0.05,,,,298,17,0.264,0.662,0.004
alice,1,28676063,2687,0.0848,0.5418,2.2637,0.05,,,,310,44,0.229,0.565,0.003
alice,1,28676063,2688,0.1167,0.5206,2.1818,0.05,,,,333,19,0.273,0.764,0.004
alice,1,28676063,2689,0.1036,0.5503,2.4201,0.05,,,,306,36,0.253,0.656,0.003
alice,1,28676063,2690,0.1211,0.5006,2.1657,0.05,,,,327,16,0.283,0.614,0.004
alice,1,28676063,2691,0.0927,0.5517,2.4497,0.05,,,,310,14,0.276,0.645,0.004
alice,1,28676063,2692,0.1065,0.6669,2.9608,0.05,,,,298,29,0.278,0.738,0.005
alice,1,28676063,2693,0.1091,0.6962,3.1242,0.05,,,,298,15,0.275,0.612,0.005
alice,1,28676063,2694,0.0946,0.6433,2.9062,0.05,,,,303,13,0.285,0.611,0.005
alice,1,28676063,2695,0.0717,0.604,2.7151,0.05,,,,312,9,0.291,0.742,0.005
alice,1,28676063,2696,0.0432,0.5702,2.3663,0.05,,,,312,21,0.27,0.794,0.004
alice,1,28676063,2697,0.0754,0.5234,2.345,0.05,,,,324,18,0.29,0.653,0.004
alice,1,28676063,2698,0.072,0.602,2.5789,0.05,,,,314,13,0.291,0.655,0.004
alice,1,28676063,2699,0.0862,0.6333,2.7722,0.05,,,,297,7,0.309,0.675,0.004
alice,1,28676063,2700,0.0751,0.7422,3.2156,0.05,,,,293,15,0.263,0.554,0.006
alice,1,28676063,2701,0.0804,0.6032,2.7964,0.05,,,,319,19,0.27,0.673,0.005
alice,1,28676063,2702,0.1118,0.6398,2.875,0.05,,,,305,15,0.261,0.619,0.005
alice,1,28676063,2703,0.0549,0.6473,2.8874,0.05,,,,303,12,0.265,0.612,0.005
alice,1,28676063,2704,0.0782,0.6576,3.027,0.05,,,,300,11,0.261,0.676,0.005
alice,1,28676063,2705,0.0752,0.6688,2.9737,0.05,,,,294,8,0.285,0.596,0.005
alice,1,28676063,2706,0.0661,0.6111,2.7059,0.05,,,,306,30,0.258,0.788,0.004
alice,1,28676063,2707,0.0987,0.5541,2.3218,0.05,,,,325,15,0.279,0.704,0.004
alice,1,28676063,2708,0.0981,0.5911,2.6774,0.05,,,,306,13,0.29,0.711,0.005
alice,1,28676063,2709,0.1361,0.5835,2.6558,0.05,,,,313,14,0.281,0.616,0.005
alice,1,28676063,2710,0.071,0.6224,3.0073,0.05,,,,299,13,0.276,0.684,0.005
alice,1,28676063,2711,0.0919,0.63,2.9097,0.05,,,,297,9,0.29,0.613,0.006
alice,1,28676063,2712,0.0955,0.6447,2.9463,0.05,,,,298,11,0.312,0.639,0.005
alice,1,28676063,2713,0.0846,0.6227,2.5432,0.05,,,,318,7,0.32,0.679,0.005
alice,1,28676063,2714,0.079,0.5946,2.6783,0.05,,,,306,10,0.299,0.642,0.005
alice,1,28676063,2715,0.0819,0.7019,3.381,0.05,,,,295,9,0.297,0.651,0.006
alice,1,28676063,2716,0.0655,0.6449,3.1429,0.05,,,,285,14,0.298,0.697,0.007
alice,1,28676063,2717,0.0692,0.7304,3.1898,0.05,,,,292,4,0.31,0.769,0.006
alice,1,28676063,2718,0.0692,0.8749,3.5667,0.05,,,,279,8,0.288,0.682,0.005
alice,1,28676063,2719,0.1037,0.774,3.3333,0.05,,,,297,13,0.284,0.741,0.004
alice,1,28676063,2720,0.0571,0.6348,2.6919,0.05,,,,304,38,0.231,0.643,0.004
alice,1,28676063,2721,0.1075,0.5471,2.3143,0.05,,,,322,24,0.25,0.733,0.004
alice,1,28676063,2722,0.1061,0.637,2.686,0.05,,,,305,13,0.268,0.606,0.004
alice,1,28676063,2723,0.127,0.6819,3.1358,0.05,,,,303,10,0.283,0.693,0.006
alice,1,28676063,2724,0.0936,0.7325,3.451,0.05,,,,298,8,0.265,0.586,0.006
alice,1,28676063,2725,0.0805,0.7319,3.2252,0.05,,,,292,10,0.282,0.655,0.005
alice,1,28676063,2726,0.0934,0.7224,3.2078,0.05,,,,301,4,0.303,0.634,0.004
alice,1,28676063,2727,0.0784,0.6135,2.8125,0.05,,,,305,16,0.278,0.703,0.004
alice,1,28676063,2728,0.0915,0.5411,2.3452,0.05,,,,318,20,0.268,0.685,0.004
alice,1,28676063,2729,0.0938,0.5586,2.5753,0.05,,,,312,16,0.303,0.642,0.004
alice,1,28676063,2730,0.0938,0.6335,3.0635,0.05,,,,284,13,0.291,0.579,0.006
alice,1,28676063,2731,0.0963,0.6604,3.3871,0.05,,,,294,1,0.336,0.714,0.006
alice,1,28676063,2732,0.0808,0.6336,3.1429,0.05,,,,291,11,0.315,0.639,0.006
alice,1,28676063,2733,0.0731,0.633,2.8662,0.05,,,,295,6,0.286,0.646,0.005
alice,1,28676063,2734,0.0822,0.5764,2.7161,0.05,,,,306,10,0.279,0.705,0.006
alice,1,28676063,2735,0.0899,0.6655,2.6358,0.05,,,,309,7,0.301,0.697,0.005
alice,1,28676063,2736,0.0837,0.6208,2.677,0.05,,,,308,21,0.265,0.719,0.005
alice,1,28676063,2737,0.0723,0.6308,2.9079,0.05,,,,303,13,0.29,0.701,0.004
alice,1,28676063,2738,0.0972,0.529,2.5409,0.05,,,,310,11,0.291,0.618,0.004
alice,1,28676063,2739,0.0891,0.6095,2.5625,0.05,,,,309,9,0.328,0.786,0.005
alice,1,28676063,2740,0.1051,0.5349,2.2571,0.05,,,,321,12,0.292,0.676,0.004
alice,1,28676063,2741,0.0721,0.4814,2.0208,0.05,,,,338,7,0.291,0.657,0.004
alice,1,28676063,2742,0.0803,0.5562,2.2571,0.05,,,,321,16,0.274,0.613,0.005
alice,1,28676063,2743,0.0781,0.6278,2.6168,0.05,,,,307,12,0.286,0.63,0.004
alice,1,28676063,2744,0.1277,0.5853,2.628,0.05,,,,313,10,0.306,0.739,0.004
alice,1,28676063,2745,0.091,0.6796,3.0968,0.05,,,,299,6,0.308,0.651,0.005
alice,1,28676063,2746,0.1177,0.6731,2.9091,0.05,,,,307,8,0.298,0.661,0.005
alice,1,28676063,2747,0.1183,0.5793,2.6887,0.05,,,,309,25,0.252,0.686,0.005
alice,1,28676063,2748,0.0913,0.5923,2.6552,0.05,,,,292,19,0.287,0.667,0.005
alice,1,28676063,2749,0.1318,0.6236,2.8733,0.05,,,,302,11,0.295,0.773,0.005
alice,1,28676063,2750,0.1161,0.4965,2.3291,0.05,,,,307,39,0.217,0.701,0.005
alice,1,28676063,2751,0.1008,0.6255,3.2015,0.05,,,,300,11,0.255,0.61,0.006
alice,1,28676063,2752,0.113,0.6817,3.3308,0.05,,,,284,8,0.28,0.693,0.005
alice,1,28676063,2753,0.0711,0.6839,2.9608,0.05,,,,298,10,0.257,0.579,0.006
alice,1,28676063,2754,0.1036,0.6665,3.0066,0.05,,,,309,6,0.286,0.709,0.005
alice,1,28676063,2755,0.0821,0.6385,2.9403,0.05,,,,303,14,0.291,0.655,0.005
alice,1,28676063,2756,0.0944,0.5381,2.2821,0.05,,,,306,12,0.302,0.814,0.004
alice,1,28676063,2757,0.1021,0.5608,2.4968,0.05,,,,313,6,0.305,0.645,0.004
alice,1,28676063,2758,0.1148,0.5909,2.7778,0.05,,,,300,25,0.25,0.658,0.005
alice,1,28676063,2759,0.0754,0.5755,2.7969,0.05,,,,290,31,0.216,0.606,0.006
alice,1,28676063,2760,0.0918,0.5343,2.4103,0.05,,,,306,16,0.262,0.676,0.004
alice,1,28676063,2761,0.1068,0.5791,2.6242,0.05,,,,305,18,0.275,0.674,0.004
alice,1,28676063,2762,0.0863,0.6222,2.7516,0.05,,,,307,9,0.276,0.633,0.005
alice,1,28676063,2763,0.1341,0.606,2.8456,0.05,,,,309,6,0.299,0.711,0.006
alice,1,28676063,2764,0.0798,0.5838,2.7742,0.05,,,,303,7,0.288,0.628,0.005
alice,1,28676063,2765,0.0861,0.6807,3.1379,0.05,,,,304,14,0.275,0.587,0.005
alice,1,28676063,2766,0.0752,0.6174,2.7974,0.05,,,,297,19,0.264,0.66,0.006
alice,1,28676063,2767,0.0604,0.7228,3.3469,0.05,,,,297,15,0.251,0.651,0.006
alice,1,28676063,2768,0.0668,0.6659,2.9536,0.05,,,,304,8,0.304,0.658,0.005
alice,1,28676063,2769,0.0928,0.5988,2.5669,0.05,,,,307,8,0.311,0.782,0.004
alice,1,28676063,2770,0.1502,0.618,2.7763,0.05,,,,305,9,0.29,0.666,0.005
alice,1,28676063,2771,0.0919,0.6378,2.9595,0.05,,,,301,11,0.242,0.649,0.005
alice,1,28676063,2772,0.0704,0.582,2.7114,0.05,,,,301,14,0.275,0.709,0.005
alice,1,28676063,2773,0.094,0.6554,2.891,0.05,,,,303,5,0.302,0.671,0.004
alice,1,28676063,2774,0.0864,0.5984,2.4327,0.05,,,,319,7,0.308,0.634,0.004
alice,1,28676063,2775,0.1319,0.4792,2.1905,0.05,,,,327,12,0.289,0.624,0.004
alice,1,28676063,2776,0.079,0.5934,2.5436,0.05,,,,302,16,0.281,0.588,0.005
alice,1,28676063,2777,0.1276,0.6547,2.8874,0.05,,,,298,15,0.304,0.688,0.005
alice,1,28676063,2778,0.0767,0.6467,2.8333,0.05,,,,301,18,0.269,0.757,0.005
alice,1,28676063,2779,0.0826,0.6697,2.7733,0.05,,,,314,4,0.281,0.667,0.005
alice,1,28676063,2780,0.0775,0.5717,2.4545,0.05,,,,319,17,0.276,0.607,0.005
alice,1,28676063,2781,0.1244,0.6253,2.8027,0.05,,,,303,8,0.301,0.736,0.005
alice,1,28676063,2782,0.0841,0.7021,3.0645,0.05,,,,292,11,0.25,0.589,0.005
alice,1,28676063,2783,0.0842,0.6928,3.305,0.05,,,,303,15,0.253,0.588,0.006
alice,1,28676063,2784,0.0832,0.5526,2.4932,0.05,,,,301,10,0.269,0.698,0.005
alice,1,28676063,2785,0.1031,0.5648,2.634,0.05,,,,309,12,0.276,0.578,0.005
alice,1,28676063,2786,0.0669,0.5902,2.4848,0.05,,,,310,19,0.267,0.707,0.005
alice,1,28676063,2787,0.0864,0.5986,2.6768,0.05,,,,316,8,0.305,0.622,0.005
alice,1,28676063,2788,0.0572,0.5342,2.4118,0.05,,,,315,15,0.275,0.661,0.004
alice,1,28676063,2789,0.0892,0.5441,2.478,0.05,,,,319,8,0.299,0.61,0.005
alice,1,28676063,2790,0.0863,0.5473,2.5986,0.05,,,,307,10,0.293,0.575,0.004
alice,1,28676063,2791,0.0898,0.5512,2.6319,0.05,,,,302,6,0.287,0.596,0.005
alice,1,28676063,2792,0.1278,0.6742,3.1481,0.05,,,,289,18,0.294,0.677,0.006
alice,1,28676063,2793,0.0747,0.6298,2.6225,0.05,,,,301,25,0.225,0.644,0.005
alice,1,28676063,2794,0.0466,0.5785,2.5723,0.05,,,,304,19,0.249,0.638,0.006
alice,1,28676063,2795,0.078,0.57,2.3905,0.05,,,,306,29,0.262,0.664,0.004
alice,1,28676063,2796,0.0592,0.5659,2.3143,0.05,,,,303,64,0.217,0.557,0.004
alice,1,28676063,2797,0.1188,0.5346,2.3187,0.05,,,,316,42,0.227,0.633,0.002
alice,1,28676063,2798,0.0896,0.526,2.0644,0.05,,,,331,23,0.272,0.612,0.003
alice,1,28676063,2799,0.0862,0.5159,2.1658,0.05,,,,334,19,0.279,0.643,0.004
alice,1,28676063,2800,0.1221,0.5635,2.4571,0.05,,,,316,17,0.313,0.641,0.004
alice,1,28676063,2801,0.095,0.6042,2.8667,0.05,,,,302,18,0.265,0.64,0.006
alice,1,28676063,2802,0.0504,0.5194,2.2857,0.05,,,,318,15,0.263,0.629,0.004
alice,1,28676063,2803,0.0574,0.6448,2.8405,0.05,,,,309,7,0.308,0.661,0.005
alice,1,28676063,2804,0.0708,0.6221,2.7563,0.05,,,,300,15,0.272,0.785,0.005
alice,1,28676063,2805,0.0832,0.6533,2.9565,0.05,,,,305,12,0.281,0.623,0.006
alice,1,28676063,2806,0.0936,0.7302,3.351,0.05,,,,291,13,0.294,0.63,0.005
alice,1,28676063,2807,0.0672,0.6196,2.7365,0.05,,,,312,7,0.295,0.69,0.005
alice,1,28676063,2808,0.0616,0.6582,3.0455,0.05,,,,301,11,0.308,0.627,0.005
alice,1,28676063,2809,0.1289,0.5813,2.5854,0.05,,,,313,9,0.295,0.632,0.005
alice,1,28676063,2810,0.073,0.6567,3.1691,0.05,,,,278,73,0.187,0.59,0.005
alice,1,28676063,2811,0.0799,0.7116,3.4818,0.05,,,,284,26,0.214,0.578,0.007
alice,1,28676063,2812,0.0967,0.7759,3.7007,0.05,,,,283,14,0.255,0.583,0.006
alice,1,28676063,2813,0.0437,0.7024,3.0701,0.05,,,,298,7,0.315,0.704,0.006
alice,1,28676063,2814,0.093,0.7787,3.3826,0.05,,,,291,10,0.319,0.658,0.006
alice,1,28676063,2815,0.0526,0.6351,2.8153,0.05,,,,288,48,0.217,0.611,0.005
alice,1,28676063,2816,0.132,0.6303,2.7576,0.05,,,,325,7,0.28,0.592,0.005
alice,1,28676063,2817,0.1018,0.593,2.9685,0.05,,,,295,16,0.279,0.632,0.006
alice,1,28676063,2818,0.1245,0.6398,2.9928,0.05,,,,292,7,0.301,0.618,0.005
alice,1,28676063,2819,0.0649,0.5506,2.5436,0.05,,,,302,30,0.225,0.688,0.005
alice,1,28676063,2820,0.0706,0.699,3.3162,0.05,,,,293,11,0.267,0.65,0.006
alice,1,28676063,2821,0.0795,0.6398,3.0357,0.05,,,,297,9,0.3,0.685,0.006
alice,1,28676063,2822,0.1031,0.5941,2.6129,0.05,,,,305,10,0.317,0.671,0.005
alice,1,28676063,2823,0.1151,0.5498,2.6319,0.05,,,,298,31,0.28,0.644,0.005
alice,1,28676063,2824,0.1106,0.63,2.6875,0.05,,,,306,7,0.292,0.702,0.006
alice,1,28676063,2825,0.1144,0.7399,3.449,0.05,,,,297,8,0.27,0.634,0.006
alice,1,28676063,2826,0.055,0.6531,3.0863,0.05,,,,287,47,0.204,0.606,0.005
alice,1,28676063,2827,0.0574,0.715,3.3623,0.05,,,,288,26,0.257,0.625,0.005
alice,1,28676063,2828,0.0727,0.6565,2.9595,0.05,,,,299,7,0.313,0.698,0.005
alice,1,28676063,2829,0.072,0.6663,3.0,0.05,,,,305,7,0.337,0.679,0.005
alice,1,28676063,2830,0.0875,0.7669,3.2662,0.05,,,,289,7,0.331,0.674,0.004
alice,1,28676063,2831,0.0768,0.7224,3.0724,0.05,,,,300,9,0.274,0.579,0.005
alice,1,28676063,2832,0.0745,0.6349,2.875,0.05,,,,308,8,0.285,0.622,0.006
alice,1,28676063,2833,0.1015,0.6126,2.8421,0.05,,,,304,9,0.277,0.68,0.006
alice,1,28676063,2834,0.0551,0.6926,3.044,0.05,,,,294,18,0.248,0.572,0.005
alice,1,28676063,2835,0.1014,0.5685,2.5,0.05,,,,324,28,0.26,0.688,0.005
alice,1,28676063,2836,0.0689,0.6432,2.9097,0.05,,,,292,25,0.238,0.615,0.006
alice,1,28676063,2837,0.0789,0.5897,2.8,0.05,,,,303,25,0.257,0.78,0.005
alice,1,28676063,2838,0.0816,0.5167,2.3141,0.05,,,,306,21,0.253,0.646,0.005
alice,1,28676063,2839,0.0793,0.5281,2.3018,0.05,,,,325,11,0.261,0.659,0.005
alice,1,28676063,2840,0.0996,0.6393,2.657,0.05,,,,306,9,0.28,0.64,0.006
alice,1,28676063,2841,0.1066,0.6065,2.5868,0.05,,,,307,27,0.244,0.615,0.005
alice,1,28676063,2842,0.0619,0.5894,2.5625,0.05,,,,312,20,0.239,0.624,0.006
alice,1,28676063,2843,0.1058,0.6012,2.7169,0.05,,,,320,7,0.277,0.549,0.006
alice,1,28676063,2844,0.0976,0.543,2.3393,0.05,,,,322,3,0.312,0.674,0.006
alice,1,28676063,2845,0.1034,0.681,2.8974,0.05,,,,303,7,0.299,0.611,0.005
alice,1,28676063,2846,0.0708,0.6378,2.5698,0.05,,,,311,8,0.271,0.7,0.006
alice,1,28676063,2847,0.0746,0.6434,2.8314,0.05,,,,312,9,0.286,0.78,0.005
alice,1,28676063,2848,0.0767,0.6358,2.8555,0.05,,,,312,8,0.298,0.681,0.004
alice,1,28676063,2849,0.0542,0.6072,2.6477,0.05,,,,312,8,0.303,0.591,0.005
alice,1,28676063,2850,0.0651,0.7153,2.8786,0.05,,,,304,13,0.294,0.663,0.005
alice,1,28676063,2851,0.0981,0.6619,2.7898,0.05,,,,313,7,0.299,0.603,0.005
alice,1,28676063,2852,0.0558,0.6809,2.8497,0.05,,,,312,8,0.28,0.647,0.005
alice,1,28676063,2853,0.0988,0.7084,3.0382,0.05,,,,308,10,0.304,0.617,0.004
alice,1,28676063,2854,0.0819,0.7134,3.3288,0.05,,,,295,8,0.309,0.655,0.005
alice,1,28676063,2855,0.08,0.5563,2.6352,0.05,,,,310,10,0.318,0.65,0.005
alice,1,28676063,2856,0.1061,0.5781,2.844,0.05,,,,304,11,0.319,0.643,0.006
alice,1,28676063,2857,0.0619,0.6913,3.3913,0.05,,,,287,6,0.308,0.62,0.006
alice,1,28676063,2858,0.0708,0.614,2.871,0.05,,,,308,6,0.294,0.74,0.005
alice,1,28676063,2859,0.0539,0.6927,2.9733,0.05,,,,303,7,0.286,0.696,0.005
alice,1,28676063,2860,0.073,0.7825,3.3129,0.05,,,,292,3,0.307,0.729,0.005
alice,1,28676063,2861,0.0914,0.6841,3.0382,0.05,,,,304,17,0.287,0.621,0.005
alice,1,28676063,2862,0.074,0.6697,3.0497,0.05,,,,303,8,0.283,0.615,0.005
alice,1,28676063,2863,0.0655,0.6789,2.8987,0.05,,,,311,15,0.295,0.7,0.004
alice,1,28676063,2864,0.0916,0.5159,2.2264,0.05,,,,319,8,0.292,0.63,0.004
alice,1,28676063,2865,0.077,0.5733,2.6786,0.05,,,,296,32,0.245,0.609,0.005
alice,1,28676063,2866,0.0721,0.54,2.5226,0.05,,,,305,12,0.299,0.682,0.005
alice,1,28676063,2867,0.1049,0.6962,3.2549,0.05,,,,300,10,0.28,0.726,0.005
alice,1,28676063,2868,0.063,0.6336,3.0548,0.05,,,,295,24,0.262,0.626,0.006
alice,1,28676063,2869,0.06,0.6496,2.9551,0.05,,,,307,6,0.279,0.647,0.006
alice,1,28676063,2870,0.0954,0.6541,2.8239,0.05,,,,307,10,0.273,0.633,0.005
alice,1,28676063,2871,0.0525,0.5942,2.7905,0.05,,,,305,13,0.27,0.634,0.005
alice,1,28676063,2872,0.0984,0.6675,3.028,0.05,,,,297,7,0.298,0.661,0.006
alice,1,28676063,2873,0.0755,0.6431,3.0357,0.05,,,,301,8,0.289,0.71,0.006
alice,1,28676063,2874,0.0905,0.6839,3.2015,0.05,,,,299,4,0.306,0.738,0.006
alice,1,28676063,2875,0.0613,0.5163,2.4765,0.05,,,,312,8,0.316,0.687,0.004
alice,1,28676063,2876,0.0555,0.5338,2.457,0.05,,,,307,8,0.301,0.728,0.005
alice,1,28676063,2877,0.1155,0.6335,2.7742,0.05,,,,300,13,0.304,0.67,0.005
alice,1,28676063,2878,0.1161,0.6449,2.7647,0.05,,,,301,34,0.215,0.604,0.005
alice,1,28676063,2879,0.0832,0.6979,3.2766,0.05,,,,293,13,0.252,0.606,0.006
alice,1,28676063,2880,0.1964,0.7725,3.6087,0.05,,,,287,1,0.283,0.661,0.006
alice,1,28676063,2881,0.0997,0.7034,3.3404,0.05,,,,296,3,0.323,0.771,0.006
alice,1,28676063,2882,0.106,0.6332,3.0438,0.05,,,,297,5,0.309,0.709,0.006
alice,1,28676063,2883,0.0425,0.6133,2.7568,0.05,,,,296,13,0.283,0.634,0.005
alice,1,28676063,2884,0.0793,0.5496,2.4072,0.05,,,,322,12,0.282,0.681,0.004
alice,1,28676063,2885,0.0993,0.5624,2.4968,0.05,,,,309,11,0.29,0.659,0.004
alice,1,28676063,2886,0.1103,0.5862,2.6242,0.05,,,,306,14,0.263,0.642,0.005
alice,1,28676063,2887,0.0704,0.5849,2.7832,0.05,,,,313,7,0.283,0.71,0.005
alice,1,28676063,2888,0.0841,0.6534,3.0611,0.05,,,,287,7,0.327,0.651,0.005
alice,1,28676063,2889,0.0807,0.5947,2.8929,0.05,,,,302,3,0.329,0.687,0.006
alice,1,28676063,2890,0.0383,0.7026,3.0748,0.05,,,,292,3,0.326,0.676,0.004
alice,1,28676063,2891,0.0707,0.6255,2.6325,0.05,,,,309,7,0.336,0.665,0.004
alice,1,28676063,2892,0.0626,0.6704,2.8072,0.05,,,,312,5,0.315,0.737,0.005
alice,1,28676063,2893,0.0683,0.6082,2.7485,0.05,,,,316,9,0.319,0.639,0.004
alice,1,28676063,2894,0.0737,0.6236,2.7105,0.05,,,,306,9,0.31,0.699,0.005
alice,1,28676063,2895,0.0625,0.6702,2.9388,0.05,,,,296,28,0.236,0.639,0.005
alice,1,28676063,2896,0.064,0.6906,3.1622,0.05,,,,299,12,0.292,0.73,0.005
alice,1,28676063,2897,0.1118,0.6107,2.8039,0.05,,,,305,6,0.304,0.705,0.006
alice,1,28676063,2898,0.0528,0.6306,2.9032,0.05,,,,303,11,0.277,0.586,0.006
alice,1,28676063,2899,0.0487,0.7525,3.1875,0.05,,,,291,6,0.301,0.626,0.005
alice,1,28676063,2900,0.0715,0.8704,3.5298,0.05,,,,293,7,0.316,0.658,0.005
alice,1,28676063,2901,0.0817,0.6835,2.8807,0.05,,,,317,24,0.253,0.685,0.004
alice,1,28676063,2902,0.0588,0.6238,2.8954,0.05,,,,310,8,0.305,0.63,0.005
alice,1,28676063,2903,0.0872,0.6913,3.1769,0.05,,,,296,7,0.324,0.73,0.005
alice,1,28676063,2904,0.0663,0.6754,3.1277,0.05,,,,301,6,0.325,0.675,0.005
alice,1,28676063,2905,0.0828,0.6822,3.3828,0.05,,,,293,7,0.332,0.71,0.005
alice,1,28676063,2906,0.0066,0.6451,2.7123,0.05,,,,293,12,0.308,0.687,0.004
alice,1,28676063,2907,0.0783,0.5568,2.3295,0.05,,,,311,22,0.273,0.645,0.004
alice,1,28676063,2908,0.0588,0.6843,2.9075,0.05,,,,305,15,0.267,0.63,0.006
alice,1,28676063,2909,0.0845,0.6653,2.9939,0.05,,,,312,7,0.294,0.67,0.006
alice,1,28676063,2910,0.0623,0.5918,2.5723,0.05,,,,314,5,0.319,0.64,0.005
alice,1,28676063,2911,0.0895,0.5581,2.4417,0.05,,,,319,15,0.279,0.556,0.005
alice,1,28676063,2912,0.085,0.5339,2.6058,0.05,,,,306,9,0.334,0.661,0.004
alice,1,28676063,2913,0.0953,0.5954,2.9286,0.05,,,,286,9,0.324,0.685,0.004
alice,1,28676063,2914,0.066,0.6111,2.7197,0.05,,,,309,10,0.311,0.648,0.005
alice,1,28676063,2915,0.0786,0.6413,2.9116,0.05,,,,306,4,0.312,0.786,0.006
alice,1,28676063,2916,0.0858,0.56,2.5894,0.05,,,,308,10,0.265,0.603,0.006
alice,1,28676063,2917,0.0582,0.6879,3.0833,0.05,,,,292,6,0.294,0.651,0.006
alice,1,28676063,2918,0.1158,0.6612,2.9444,0.05,,,,310,7,0.3,0.755,0.005
alice,1,28676063,2919,0.0501,0.6051,2.5789,0.05,,,,297,38,0.231,0.598,0.005
alice,1,28676063,2920,0.0806,0.5908,2.5254,0.05,,,,322,23,0.255,0.638,0.005
alice,1,28676063,2921,0.0941,0.6852,3.0886,0.05,,,,300,9,0.294,0.644,0.006
alice,1,28676063,2922,0.0224,0.6937,2.7898,0.05,,,,296,36,0.274,0.77,0.005
alice,1,28676063,2923,0.1245,0.6028,2.4179,0.05,,,,335,9,0.321,0.622,0.004
alice,1,28676063,2924,0.0673,0.585,2.6258,0.05,,,,310,37,0.252,0.576,0.005
alice,1,28676063,2925,0.0788,0.5727,2.6129,0.05,,,,305,22,0.269,0.652,0.005
alice,1,28676063,2926,0.082,0.6069,2.6139,0.05,,,,308,16,0.281,0.599,0.005
alice,1,28676063,2927,0.1242,0.5797,2.5686,0.05,,,,311,19,0.262,0.602,0.006
alice,1,28676063,2928,0.0762,0.5811,2.5669,0.05,,,,303,24,0.262,0.808,0.005
alice,1,28676063,2929,0.0879,0.6081,2.6049,0.05,,,,315,7,0.326,0.643,0.006
alice,1,28676063,2930,0.0742,0.6147,2.677,0.05,,,,307,6,0.323,0.658,0.005
alice,1,28676063,2931,0.102,0.581,2.8543,0.05,,,,311,4,0.333,0.661,0.005
alice,1,28676063,2932,0.0674,0.7492,3.2483,0.05,,,,286,14,0.255,0.648,0.006
alice,1,28676063,2933,0.0627,0.7827,3.7536,0.05,,,,293,10,0.26,0.621,0.006
alice,1,28676063,2934,0.0595,0.7366,3.1523,0.05,,,,286,11,0.281,0.624,0.006
alice,1,28676063,2935,0.0489,0.6596,2.657,0.05,,,,311,23,0.263,0.654,0.004
alice,1,28676063,2936,0.0393,0.5126,2.0714,0.05,,,,318,39,0.244,0.587,0.004
alice,1,28676063,2937,0.0671,0.4658,1.9615,0.05,,,,330,20,0.269,0.618,0.003
alice,1,28676063,2938,0.1221,0.4868,2.0209,0.05,,,,325,5,0.329,0.634,0.003
alice,1,28676063,2939,0.1131,0.6014,2.4096,0.05,,,,328,6,0.329,0.743,0.004
alice,1,28676063,2940,0.1276,0.6422,2.6566,0.05,,,,314,12,0.319,0.643,0.005
alice,1,28676063,2941,0.0797,0.5436,2.3782,0.05,,,,295,47,0.231,0.765,0.005
alice,1,28676063,2942,0.0641,0.5062,2.3415,0.05,,,,312,25,0.258,0.583,0.006
alice,1,28676063,2943,0.0723,0.5823,2.4674,0.05,,,,311,8,0.296,0.612,0.005
alice,1,28676063,2944,0.0958,0.6097,2.466,0.05,,,,334,2,0.321,0.686,0.005
alice,1,28676063,2945,0.0758,0.6155,2.6667,0.05,,,,294,48,0.219,0.567,0.005
alice,1,28676063,2946,0.0559,0.5727,2.7516,0.05,,,,303,38,0.237,0.64,0.006
alice,1,28676063,2947,0.0705,0.6415,3.1333,0.05,,,,303,13,0.275,0.645,0.007
alice,1,28676063,2948,0.0637,0.7098,3.3723,0.05,,,,293,9,0.259,0.592,0.006
alice,1,28676063,2949,0.0496,0.6518,3.1724,0.05,,,,299,12,0.241,0.617,0.006
alice,1,28676063,2950,0.062,0.6163,2.8506,0.05,,,,300,11,0.28,0.648,0.006
alice,1,28676063,2951,0.0996,0.6818,3.2436,0.05,,,,306,5,0.303,0.697,0.006
alice,1,28676063,2952,0.0197,0.5687,2.4286,0.05,,,,274,79,0.204,0.681,0.003
alice,1,28676063,2953,0.0771,0.5095,2.019,0.05,,,,343,32,0.251,0.616,0.002
alice,1,28676063,2954,0.1009,0.523,2.3636,0.05,,,,331,15,0.33,0.743,0.003
alice,1,28676063,2955,0.1034,0.5443,2.6049,0.05,,,,316,6,0.337,0.686,0.004
alice,1,28676063,2956,0.0775,0.6376,2.8874,0.05,,,,296,17,0.275,0.66,0.005
alice,1,28676063,2957,0.0829,0.5548,2.8276,0.05,,,,307,7,0.275,0.638,0.005
alice,1,28676063,2958,0.0832,0.6039,3.1128,0.05,,,,289,13,0.294,0.69,0.006
alice,1,28676063,2959,0.0821,0.5605,3.0896,0.05,,,,304,7,0.328,0.709,0.006
alice,1,28676063,2960,0.0576,0.579,2.844,0.05,,,,293,5,0.31,0.718,0.006
alice,1,28676063,2961,0.0734,0.7705,3.3649,0.05,,,,292,6,0.323,0.697,0.006
alice,1,28676063,2962,0.058,0.6562,2.9295,0.05,,,,304,9,0.304,0.702,0.005
alice,1,28676063,2963,0.0619,0.6265,2.7308,0.05,,,,309,11,0.299,0.719,0.005
alice,1,28676063,2964,0.0546,0.6654,2.9799,0.05,,,,299,8,0.297,0.764,0.005
alice,1,28676063,2965,0.0653,0.6333,2.7857,0.05,,,,307,7,0.301,0.66,0.005
alice,1,28676063,2966,0.0503,0.693,2.9868,0.05,,,,298,6,0.307,0.654,0.005
alice,1,28676063,2967,0.1029,0.6371,2.9108,0.05,,,,309,7,0.308,0.657,0.005
alice,1,28676063,2968,0.0768,0.7088,3.1379,0.05,,,,289,25,0.23,0.693,0.006
alice,1,28676063,2969,0.0635,0.6878,3.0065,0.05,,,,297,19,0.25,0.781,0.006
alice,1,28676063,2970,0.0632,0.6401,2.716,0.05,,,,311,10,0.275,0.693,0.006
alice,1,28676063,2971,0.0859,0.6744,2.8023,0.05,,,,306,14,0.287,0.649,0.004
alice,1,28676063,2972,0.0644,0.5207,2.3158,0.05,,,,329,15,0.301,0.722,0.004
alice,1,28676063,2973,0.0677,0.6228,2.5629,0.05,,,,315,15,0.325,0.636,0.004
alice,1,28676063,2974,0.0822,0.6145,2.5476,0.05,,,,307,10,0.331,0.655,0.004
alice,1,28676063,2975,0.0986,0.5678,2.2833,0.05,,,,330,6,0.332,0.669,0.004
alice,1,28676063,2976,0.1158,0.6673,2.9198,0.05,,,,303,6,0.318,0.714,0.005
alice,1,28676063,2977,0.0767,0.6317,2.6975,0.05,,,,308,36,0.226,0.66,0.005
alice,1,28676063,2978,0.0957,0.5857,2.5407,0.05,,,,318,8,0.253,0.618,0.007
alice,1,28676063,2979,0.1002,0.6235,2.8038,0.05,,,,302,20,0.251,0.591,0.006
alice,1,28676063,2980,0.0674,0.637,2.8773,0.05,,,,305,19,0.253,0.643,0.006
alice,1,28676063,2981,0.0551,0.6829,3.0938,0.05,,,,302,11,0.272,0.544,0.005
alice,1,28676063,2982,0.0746,0.6345,2.7576,0.05,,,,314,10,0.317,0.676,0.004
alice,1,28676063,2983,0.0908,0.6071,2.6026,0.05,,,,314,11,0.303,0.651,0.004
alice,1,28676063,2984,0.073,0.6336,2.7347,0.05,,,,285,41,0.244,0.655,0.005
alice,1,28676063,2985,0.0822,0.7318,3.205,0.05,,,,291,15,0.269,0.629,0.005
alice,1,28676063,2986,0.0971,0.6916,2.9444,0.05,,,,312,7,0.289,0.613,0.005
alice,1,28676063,2987,0.0515,0.6747,2.8497,0.05,,,,319,14,0.289,0.638,0.005
alice,1,28676063,2988,0.0957,0.5722,2.5951,0.05,,,,321,10,0.28,0.641,0.005
alice,1,28676063,2989,0.0449,0.5247,2.3725,0.05,,,,299,42,0.21,0.54,0.005
alice,1,28676063,2990,0.0523,0.6535,2.8862,0.05,,,,305,29,0.242,0.772,0.005
alice,1,28676063,2991,0.1124,0.6182,2.6667,0.05,,,,321,11,0.269,0.617,0.005
alice,1,28676063,2992,0.0713,0.6118,2.8269,0.05,,,,301,35,0.217,0.557,0.006
alice,1,28676063,2993,0.0751,0.5154,2.2548,0.05,,,,311,32,0.241,0.694,0.005
alice,1,28676063,2994,0.068,0.4753,2.1321,0.05,,,,317,33,0.24,0.577,0.005
alice,1,28676063,2995,0.078,0.4941,2.0671,0.05,,,,301,42,0.23,0.655,0.005
alice,1,28676063,2996,0.0651,0.5521,2.3211,0.05,,,,321,29,0.25,0.582,0.005
alice,1,28676063,2997,0.0792,0.6065,2.4917,0.05,,,,325,18,0.289,0.723,0.005
alice,1,28676063,2998,0.1223,0.6302,2.6975,0.05,,,,314,9,0.298,0.67,0.006
alice,1,28676063,2999,0.103,0.6334,2.8667,0.05,,,,302,9,0.274,0.602,0.006
alice,1,28676063,3000,0.087,0.6783,3.2464,0.05,,,,294,14,0.234,0.609,0.007
alice,1,28676063,3001,0.0613,0.6306,3.1143,0.05,,,,300,4,0.269,0.71,0.008
alice,1,28676063,3002,0.0563,0.6458,2.9655,0.05,,,,304,6,0.304,0.71,0.005
alice,1,28676063,3003,0.0918,0.5686,2.497,0.05,,,,306,7,0.299,0.694,0.004
alice,1,28676063,3004,0.0773,0.5391,2.4525,0.05,,,,321,8,0.295,0.656,0.005
alice,1,28676063,3005,0.0359,0.6604,3.2109,0.05,,,,300,8,0.322,0.792,0.006
alice,1,28676063,3006,0.065,0.5839,2.9858,0.05,,,,299,14,0.305,0.713,0.006
alice,1,28676063,3007,0.0925,0.6263,2.9178,0.05,,,,301,5,0.284,0.689,0.007
alice,1,28676063,3008,0.0436,0.5861,2.5179,0.05,,,,308,13,0.278,0.664,0.005
alice,1,28676063,3009,0.0801,0.6038,2.6851,0.05,,,,318,14,0.278,0.729,0.005
alice,1,28676063,3010,0.0896,0.6753,3.0503,0.05,,,,313,7,0.307,0.697,0.007
alice,1,28676063,3011,0.0936,0.7605,3.5,0.05,,,,289,7,0.322,0.636,0.007
alice,1,28676063,3012,0.0703,0.6207,2.8792,0.05,,,,302,2,0.344,0.654,0.006
alice,1,28676063,3013,0.108,0.6522,2.8987,0.05,,,,308,5,0.34,0.688,0.005
alice,1,28676063,3014,0.0649,0.6427,2.8485,0.05,,,,304,13,0.267,0.58,0.005
alice,1,28676063,3015,0.0651,0.6798,3.0189,0.05,,,,307,9,0.302,0.775,0.006
alice,1,28676063,3016,0.0498,0.6097,2.7169,0.05,,,,310,4,0.301,0.647,0.005
alice,1,28676063,3017,0.0587,0.5857,2.5294,0.05,,,,322,5,0.307,0.673,0.004
alice,1,28676063,3018,0.0966,0.5655,2.4671,0.05,,,,318,8,0.306,0.57,0.005
alice,1,28676063,3019,0.0726,0.6362,2.7988,0.05,,,,306,10,0.269,0.609,0.006
alice,1,28676063,3020,0.0831,0.648,2.8485,0.05,,,,309,8,0.283,0.653,0.006
alice,1,28676063,3021,0.0832,0.7608,3.2152,0.05,,,,300,3,0.313,0.648,0.005
alice,1,28676063,3022,0.0763,0.6411,2.7284,0.05,,,,310,10,0.308,0.633,0.005
alice,1,28676063,3023,0.0831,0.673,2.7901,0.05,,,,304,6,0.306,0.689,0.004
alice,1,28676063,3024,0.1429,0.6579,3.069,0.05,,,,283,46,0.24,0.621,0.004
alice,1,28676063,3025,0.14,0.6424,3.1242,0.05,,,,304,21,0.257,0.717,0.006
alice,1,28676063,3026,0.0906,0.5567,2.7829,0.05,,,,299,30,0.239,0.643,0.006
alice,1,28676063,3027,0.0628,0.6589,3.4621,0.05,,,,297,19,0.226,0.674,0.006
alice,1,28676063,3028,0.0585,0.6219,2.8581,0.05,,,,295,10,0.248,0.557,0.006
alice,1,28676063,3029,0.0631,0.5193,2.3314,0.05,,,,316,19,0.257,0.55,0.006
alice,1,28676063,3030,0.0604,0.5827,2.5882,0.05,,,,302,29,0.256,0.608,0.005
alice,1,28676063,3031,0.0581,0.6385,2.8047,0.05,,,,319,17,0.263,0.621,0.006
alice,1,28676063,3032,0.0681,0.5945,2.6892,0.05,,,,315,12,0.286,0.625,0.006
alice,1,28676063,3033,0.0619,0.6079,2.6319,0.05,,,,303,13,0.293,0.673,0.005
alice,1,28676063,3034,0.117,0.575,2.634,0.05,,,,311,2,0.3,0.688,0.006
alice,1,28676063,3035,0.0654,0.6568,2.9792,0.05,,,,296,21,0.243,0.573,0.006
alice,1,28676063,3036,0.0428,0.661,2.9655,0.05,,,,305,13,0.254,0.532,0.006
alice,1,28676063,3037,0.0653,0.5436,2.375,0.05,,,,317,8,0.272,0.603,0.005
alice,1,28676063,3038,0.068,0.6588,2.9231,0.05,,,,299,8,0.295,0.632,0.005
alice,1,28676063,3039,0.0659,0.6782,3.069,0.05,,,,299,10,0.303,0.651,0.005
alice,1,28676063,3040,0.0975,0.5884,2.6013,0.05,,,,302,15,0.308,0.633,0.004
alice,1,28676063,3041,0.1119,0.6139,2.6456,0.05,,,,310,8,0.302,0.597,0.004
alice,1,28676063,3042,0.1131,0.6219,2.8354,0.05,,,,303,6,0.286,0.638,0.006
alice,1,28676063,3043,0.073,0.6983,3.1769,0.05,,,,305,11,0.255,0.605,0.007
alice,1,28676063,3044,0.0727,0.623,2.7742,0.05,,,,302,8,0.269,0.579,0.007
alice,1,28676063,3045,0.0598,0.5983,2.6772,0.05,,,,297,30,0.224,0.57,0.005
alice,1,28676063,3046,0.0572,0.6759,2.8675,0.05,,,,306,27,0.255,0.61,0.004
alice,1,28676063,3047,0.0983,0.7177,3.0755,0.05,,,,295,22,0.271,0.684,0.005
alice,1,28676063,3048,0.1095,0.6607,3.0552,0.05,,,,304,6,0.318,0.639,0.006
alice,1,28676063,3049,0.0877,0.6138,2.875,0.05,,,,308,19,0.277,0.706,0.006
alice,1,28676063,3050,0.0494,0.6485,3.0408,0.05,,,,302,10,0.282,0.647,0.005
alice,1,28676063,3051,0.0791,0.6665,3.1127,0.05,,,,301,5,0.292,0.642,0.006
alice,1,28676063,3052,0.0295,0.591,2.7431,0.05,,,,286,36,0.197,0.571,0.006
alice,1,28676063,3053,0.0538,0.5408,2.3636,0.05,,,,318,27,0.218,0.56,0.005
alice,1,28676063,3054,0.0883,0.5882,2.5517,0.05,,,,319,6,0.265,0.61,0.005
alice,1,28676063,3055,0.0802,0.6404,2.8874,0.05,,,,310,9,0.287,0.595,0.006
alice,1,28676063,3056,0.077,0.6551,3.0833,0.05,,,,298,7,0.319,0.643,0.005
alice,1,28676063,3057,0.0546,0.6014,2.7021,0.05,,,,300,5,0.303,0.636,0.006
alice,1,28676063,3058,0.06,0.6133,2.8095,0.05,,,,299,2,0.333,0.695,0.005
alice,1,28676063,3059,0.0652,0.6392,2.7568,0.05,,,,305,19,0.295,0.699,0.004
alice,1,28676063,3060,0.0521,0.5947,2.9065,0.05,,,,298,13,0.266,0.626,0.006
alice,1,28676063,3061,0.0486,0.709,3.0667,0.05,,,,294,7,0.305,0.647,0.006
alice,1,28676063,3062,0.077,0.7075,2.875,0.05,,,,306,10,0.298,0.66,0.005
alice,1,28676063,3063,0.0805,0.6898,2.9811,0.05,,,,302,14,0.277,0.586,0.005
alice,1,28676063,3064,0.1108,0.619,2.7654,0.05,,,,314,5,0.3,0.649,0.004
alice,1,28676063,3065,0.0799,0.6122,2.8219,0.05,,,,303,10,0.271,0.659,0.005
alice,1,28676063,3066,0.0667,0.567,2.5823,0.05,,,,312,6,0.305,0.695,0.005
alice,1,28676063,3067,0.0819,0.5538,2.4035,0.05,,,,318,7,0.301,0.639,0.004
alice,1,28676063,3068,0.0553,0.5819,2.5063,0.05,,,,321,5,0.284,0.625,0.005
alice,1,28676063,3069,0.0685,0.5734,2.5,0.05,,,,305,8,0.294,0.616,0.005
alice,1,28676063,3070,0.0616,0.5701,2.5548,0.05,,,,307,17,0.27,0.636,0.005
alice,1,28676063,3071,0.06,0.5699,2.5432,0.05,,,,309,12,0.28,0.636,0.004
alice,1,28676063,3072,0.0632,0.6376,2.8659,0.05,,,,305,5,0.291,0.664,0.005
alice,1,28676063,3073,0.0544,0.603,2.6102,0.05,,,,319,9,0.285,0.717,0.005
alice,1,28676063,3074,0.0716,0.6646,3.1575,0.05,,,,298,18,0.278,0.626,0.006
alice,1,28676063,3075,0.0663,0.6394,3.0567,0.05,,,,301,7,0.28,0.693,0.006
alice,1,28676063,3076,0.0454,0.5764,2.7466,0.05,,,,306,9,0.301,0.623,0.006
alice,1,28676063,3077,0.0751,0.6535,3.0803,0.05,,,,299,3,0.326,0.625,0.006
alice,1,28676063,3078,0.0589,0.6721,2.931,0.05,,,,295,10,0.274,0.585,0.006
alice,1,28676063,3079,0.0632,0.6477,3.0816,0.05,,,,296,18,0.251,0.603,0.006
alice,1,28676063,3080,0.0646,0.5239,2.4557,0.05,,,,320,15,0.273,0.679,0.006
alice,1,28676063,3081,0.048,0.4981,2.2805,0.05,,,,309,14,0.28,0.617,0.005
alice,1,28676063,3082,0.1086,0.5573,2.4907,0.05,,,,318,13,0.312,0.685,0.005
alice,1,28676063,3083,0.047,0.6044,2.5409,0.05,,,,304,20,0.251,0.586,0.005
alice,1,28676063,3084,0.0694,0.5789,2.5569,0.05,,,,318,11,0.275,0.579,0.006
alice,1,28676063,3085,0.079,0.5591,2.5298,0.05,,,,318,3,0.307,0.685,0.006
alice,1,28676063,3086,0.0702,0.5236,2.5603,0.05,,,,298,2,0.337,0.754,0.006
alice,1,28676063,3087,0.0684,0.5814,2.5868,0.05,,,,311,0,0.341,0.648,0.004
alice,1,28676063,3088,0.0583,0.5847,2.6566,0.05,,,,315,21,0.27,0.577,0.005
alice,1,28676063,3089,0.0935,0.6363,2.7881,0.05,,,,309,10,0.306,0.584,0.005
alice,1,28676063,3090,0.0569,0.6126,2.6242,0.05,,,,308,8,0.292,0.616,0.006
alice,1,28676063,3091,0.0672,0.5786,2.5839,0.05,,,,310,11,0.305,0.628,0.005
alice,1,28676063,3092,0.0853,0.535,2.3554,0.05,,,,319,9,0.318,0.722,0.004
alice,1,28676063,3093,0.0507,0.5539,2.4497,0.05,,,,319,3,0.308,0.601,0.005
alice,1,28676063,3094,0.0646,0.6702,2.7771,0.05,,,,308,3,0.327,0.645,0.004
alice,1,28676063,3095,0.0954,0.7448,3.381,0.05,,,,301,3,0.291,0.595,0.006
alice,1,28676063,3096,0.0454,0.7164,3.2414,0.05,,,,292,6,0.306,0.654,0.006
alice,1,28676063,3097,0.0325,0.793,3.4051,0.05,,,,294,6,0.312,0.675,0.005
alice,1,28676063,3098,0.0703,0.695,2.9461,0.05,,,,313,4,0.314,0.667,0.004
alice,1,28676063,3099,0.0683,0.6312,2.716,0.05,,,,309,13,0.299,0.679,0.005
alice,1,28676063,3100,0.0497,0.5642,2.677,0.05,,,,313,23,0.262,0.682,0.006
alice,1,28676063,3101,0.0025,0.5657,2.4045,0.05,,,,321,11,0.272,0.646,0.005
alice,1,28676063,3102,0.0367,0.5746,2.5407,0.05,,,,321,12,0.285,0.593,0.005
alice,1,28676063,3103,0.038,0.5602,2.4671,0.05,,,,305,26,0.273,0.574,0.005
alice,1,28676063,3104,0.1149,0.6229,2.6424,0.05,,,,313,16,0.288,0.802,0.005
alice,1,28676063,3105,0.0874,0.578,2.8794,0.05,,,,299,14,0.265,0.667,0.006
alice,1,28676063,3106,0.0556,0.5889,2.8543,0.05,,,,299,6,0.275,0.648,0.006
alice,1,28676063,3107,0.0538,0.5653,2.7628,0.05,,,,310,8,0.293,0.754,0.006
alice,1,28676063,3108,0.0252,0.6224,2.8543,0.05,,,,302,9,0.284,0.651,0.006
alice,1,28676063,3109,0.0577,0.6525,2.8519,0.05,,,,302,6,0.324,0.703,0.005
alice,1,28676063,3110,0.075,0.7003,2.9632,0.05,,,,305,3,0.325,0.642,0.006
alice,1,28676063,3111,0.0608,0.7209,3.0497,0.05,,,,304,11,0.297,0.667,0.005
alice,1,28676063,3112,0.0677,0.7078,3.1018,0.05,,,,309,6,0.299,0.86,0.005
alice,1,28676063,3113,0.0555,0.6595,2.8343,0.05,,,,311,9,0.274,0.587,0.005
alice,1,28676063,3114,0.0626,0.6363,2.7333,0.05,,,,311,7,0.298,0.644,0.005
alice,1,28676063,3115,0.0919,0.5689,2.5337,0.05,,,,320,9,0.297,0.649,0.006
alice,1,28676063,3116,0.0774,0.6217,2.7808,0.05,,,,306,8,0.291,0.665,0.005
alice,1,28676063,3117,0.0841,0.6099,2.875,0.05,,,,300,3,0.327,0.672,0.005
alice,1,28676063,3118,0.0712,0.6472,2.9733,0.05,,,,301,5,0.317,0.684,0.005
alice,1,28676063,3119,0.0786,0.7241,3.0915,0.05,,,,298,9,0.3,0.649,0.006
alice,1,28676063,3120,0.0704,0.637,2.8012,0.05,,,,305,13,0.289,0.645,0.005
alice,1,28676063,3121,0.0222,0.6641,2.8235,0.05,,,,312,5,0.296,0.586,0.005
alice,1,28676063,3122,0.0485,0.7386,2.9822,0.05,,,,304,4,0.338,0.714,0.004
alice,1,28676063,3123,0.0765,0.6455,2.7251,0.05,,,,313,16,0.291,0.662,0.005
alice,1,28676063,3124,0.0705,0.5246,2.185,0.05,,,,328,11,0.283,0.582,0.005
alice,1,28676063,3125,0.0922,0.5747,2.462,0.05,,,,318,5,0.308,0.58,0.004
alice,1,28676063,3126,0.0908,0.5164,2.2941,0.05,,,,317,10,0.287,0.641,0.005
alice,1,28676063,3127,0.1011,0.6551,3.013,0.05,,,,305,14,0.269,0.573,0.007
alice,1,28676063,3128,0.074,0.6172,3.0408,0.05,,,,305,6,0.256,0.659,0.007
alice,1,28676063,3129,0.0733,0.6184,2.9728,0.05,,,,300,6,0.27,0.637,0.006
alice,1,28676063,3130,0.0602,0.5358,2.844,0.05,,,,303,13,0.255,0.643,0.006
alice,1,28676063,3131,0.034,0.5027,2.4483,0.05,,,,314,8,0.274,0.634,0.006
alice,1,28676063,3132,0.0381,0.7134,3.3438,0.05,,,,284,10,0.281,0.58,0.005
alice,1,28676063,3133,0.0624,0.648,3.007,0.05,,,,298,6,0.285,0.692,0.007
alice,1,28676063,3134,0.075,0.558,2.6118,0.05,,,,312,8,0.313,0.651,0.006
alice,1,28676063,3135,0.0793,0.5437,2.6735,0.05,,,,306,4,0.316,0.679,0.005
alice,1,28676063,3136,0.0812,0.6771,3.2302,0.05,,,,296,6,0.293,0.675,0.006
alice,1,28676063,3137,0.0454,0.635,2.9718,0.05,,,,296,10,0.272,0.636,0.006
alice,1,28676063,3138,0.0617,0.5568,2.5686,0.05,,,,310,7,0.291,0.604,0.006
alice,1,28676063,3139,0.0579,0.6741,3.0724,0.05,,,,298,3,0.283,0.776,0.006
alice,1,28676063,3140,0.0442,0.7104,3.044,0.05,,,,303,4,0.301,0.646,0.006
alice,1,28676063,3141,0.0327,0.6092,2.7378,0.05,,,,317,2,0.304,0.611,0.005
alice,1,28676063,3142,0.0595,0.6805,2.9333,0.05,,,,298,4,0.317,0.612,0.005
alice,1,28676063,3143,0.0838,0.6447,2.8671,0.05,,,,311,3,0.333,0.678,0.005
alice,1,28676063,3144,0.0499,0.7228,2.821,0.05,,,,300,8,0.286,0.643,0.005
alice,1,28676063,3145,0.057,0.5625,2.5337,0.05,,,,312,26,0.265,0.656,0.005
alice,1,28676063,3146,0.0624,0.5528,2.5,0.05,,,,313,17,0.283,0.674,0.006
alice,1,28676063,3147,0.0786,0.4766,2.3636,0.05,,,,316,17,0.276,0.738,0.006
alice,1,28676063,3148,0.0766,0.5079,2.298,0.05,,,,315,9,0.29,0.63,0.007
alice,1,28676063,3149,0.0741,0.594,2.6084,0.05,,,,301,3,0.299,0.625,0.007
alice,1,28676063,3150,0.0927,0.6063,2.9203,0.05,,,,303,8,0.282,0.656,0.007
alice,1,28676063,3151,0.0644,0.6102,3.0543,0.05,,,,292,23,0.224,0.723,0.006
alice,1,28676063,3152,0.0605,0.5875,2.7902,0.05,,,,298,12,0.249,0.654,0.006
alice,1,28676063,3153,0.0582,0.6081,2.8707,0.05,,,,304,10,0.263,0.611,0.006
alice,1,28676063,3154,0.0538,0.7258,2.9939,0.05,,,,295,9,0.288,0.62,0.006
alice,1,28676063,3155,0.0922,0.682,3.0859,0.05,,,,315,6,0.299,0.593,0.006
alice,1,28676063,3156,0.0473,0.6534,3.0567,0.05,,,,297,12,0.289,0.693,0.007
alice,1,28676063,3157,0.0432,0.6795,3.1678,0.05,,,,296,8,0.302,0.586,0.007
alice,1,28676063,3158,0.0307,0.7088,2.8696,0.05,,,,299,10,0.282,0.578,0.006
alice,1,28676063,3159,0.064,0.6677,2.8421,0.05,,,,312,7,0.284,0.644,0.006
alice,1,28676063,3160,0.0664,0.6642,3.0062,0.05,,,,311,4,0.31,0.677,0.007
alice,1,28676063,3161,0.0385,0.628,2.8153,0.05,,,,312,4,0.291,0.624,0.006
alice,1,28676063,3162,0.0575,0.6355,2.7949,0.05,,,,291,20,0.279,0.65,0.006
alice,1,28676063,3163,0.0762,0.6502,2.8452,0.05,,,,318,7,0.293,0.634,0.007
alice,1,28676063,3164,0.0625,0.5981,2.8732,0.05,,,,305,8,0.29,0.669,0.008
alice,1,28676063,3165,0.0782,0.6017,3.0221,0.05,,,,298,4,0.321,0.664,0.007
alice,1,28676063,3166,0.0658,0.6127,3.0,0.05,,,,297,6,0.295,0.651,0.007
alice,1,28676063,3167,0.0309,0.6703,3.25,0.05,,,,293,3,0.304,0.654,0.006
alice,1,28676063,3168,0.0274,0.588,2.8852,0.05,,,,295,4,0.299,0.62,0.007
alice,1,28676063,3169,0.0531,0.6641,3.0866,0.05,,,,292,3,0.279,0.575,0.007
alice,1,28676063,3170,0.0565,0.6071,2.9615,0.05,,,,291,17,0.26,0.608,0.006
alice,1,28676063,3171,0.0492,0.6159,2.8705,0.05,,,,296,9,0.264,0.703,0.007
alice,1,28676063,3172,0.0544,0.6788,3.0567,0.05,,,,299,6,0.282,0.752,0.006
alice,1,28676063,3173,0.073,0.7716,3.6357,0.05,,,,289,2,0.297,0.645,0.006
alice,1,28676063,3174,0.0376,0.6714,3.1034,0.05,,,,291,11,0.275,0.633,0.006
alice,1,28676063,3175,0.0703,0.6945,3.1242,0.05,,,,296,17,0.27,0.615,0.006
alice,1,28676063,3176,0.0759,0.6869,2.9939,0.05,,,,301,15,0.264,0.583,0.005
alice,1,28676063,3177,0.0786,0.7657,3.5166,0.05,,,,299,6,0.278,0.632,0.007
alice,1,28676063,3178,0.0566,0.6861,3.2,0.05,,,,301,3,0.3,0.67,0.006
alice,1,28676063,3179,0.039,0.7232,3.1519,0.05,,,,299,6,0.306,0.646,0.006
alice,1,28676063,3180,0.0544,0.6524,2.9677,0.05,,,,311,7,0.303,0.594,0.005
alice,1,28676063,3181,0.0386,0.6565,2.8881,0.05,,,,302,6,0.313,0.637,0.006
alice,1,28676063,3182,0.0585,0.6994,3.0205,0.05,,,,300,2,0.312,0.643,0.007
alice,1,28676063,3183,0.0633,0.7087,3.1918,0.05,,,,297,6,0.287,0.628,0.005
alice,1,28676063,3184,0.065,0.6934,3.1192,0.05,,,,307,5,0.278,0.61,0.006
alice,1,28676063,3185,0.031,0.6156,2.7635,0.05,,,,309,6,0.295,0.62,0.005
alice,1,28676063,3186,0.0268,0.5862,2.6438,0.05,,,,304,7,0.3,0.618,0.005
alice,1,28676063,3187,0.0645,0.5672,2.5253,0.05,,,,312,5,0.31,0.665,0.006
alice,1,28676063,3188,0.0763,0.6215,2.7785,0.05,,,,310,5,0.284,0.699,0.007
alice,1,28676063,3189,0.0657,0.6649,3.2302,0.05,,,,297,3,0.28,0.659,0.008
alice,1,28676063,3190,0.0437,0.6582,3.1942,0.05,,,,297,7,0.278,0.551,0.007
alice,1,28676063,3191,0.0509,0.6303,2.8269,0.05,,,,309,5,0.28,0.65,0.006
alice,1,28676063,3192,0.0902,0.6269,2.9048,0.05,,,,308,3,0.305,0.655,0.006
alice,1,28676063,3193,0.0524,0.6356,2.8571,0.05,,,,301,5,0.28,0.634,0.006
alice,1,28676063,3194,0.0673,0.6299,2.8881,0.05,,,,298,8,0.293,0.677,0.006
alice,1,28676063,3195,0.0621,0.6623,3.0748,0.05,,,,297,10,0.282,0.651,0.006
alice,1,28676063,3196,0.0742,0.5911,2.8333,0.05,,,,311,4,0.319,0.701,0.007
alice,1,28676063,3197,0.0754,0.6775,3.2028,0.05,,,,290,6,0.298,0.677,0.007
alice,1,28676063,3198,0.0496,0.7821,3.6259,0.05,,,,296,13,0.285,0.677,0.006
alice,1,28676063,3199,0.0645,0.7396,3.5182,0.05,,,,287,4,0.298,0.688,0.006
alice,1,28676063,3200,0.0674,0.7009,3.4286,0.05,,,,295,6,0.279,0.652,0.006
alice,1,28676063,3201,0.0549,0.672,3.3684,0.05,,,,295,1,0.293,0.659,0.006
alice,1,28676063,3202,0.059,0.6812,3.25,0.05,,,,294,6,0.296,0.646,0.006
alice,1,28676063,3203,0.0402,0.7027,3.1479,0.05,,,,302,4,0.263,0.735,0.006
alice,1,28676063,3204,0.055,0.665,3.1014,0.05,,,,294,10,0.263,0.707,0.006
alice,1,28676063,3205,0.0655,0.6733,3.1067,0.05,,,,295,8,0.274,0.551,0.006
alice,1,28676063,3206,0.0429,0.6588,2.8889,0.05,,,,313,10,0.294,0.707,0.007
alice,1,28676063,3207,0.0774,0.6423,2.8153,0.05,,,,309,9,0.284,0.655,0.005
alice,1,28676063,3208,0.0463,0.6283,2.9643,0.05,,,,306,12,0.27,0.6,0.007
alice,1,28676063,3209,0.06,0.5812,2.6736,0.05,,,,301,5,0.292,0.681,0.007
alice,1,28676063,3210,0.0434,0.6591,3.0667,0.05,,,,291,7,0.312,0.734,0.006
alice,1,28676063,3211,0.044,0.7094,3.2152,0.05,,,,300,11,0.275,0.656,0.006
alice,1,28676063,3212,0.0391,0.6251,2.6766,0.05,,,,311,7,0.301,0.667,0.005
alice,1,28676063,3213,0.0452,0.6284,3.0588,0.05,,,,308,9,0.294,0.651,0.006
alice,1,28676063,3214,0.0509,0.5453,2.5409,0.05,,,,315,9,0.298,0.585,0.006
alice,1,28676063,3215,0.066,0.5024,2.2812,0.05,,,,319,8,0.289,0.674,0.006
alice,1,28676063,3216,0.0722,0.5371,2.6667,0.05,,,,310,7,0.297,0.635,0.007
alice,1,28676063,3217,0.076,0.603,2.7905,0.05,,,,291,13,0.274,0.618,0.007
alice,1,28676063,3218,0.0692,0.6831,3.0062,0.05,,,,307,7,0.256,0.707,0.007
alice,1,28676063,3219,0.0553,0.5687,2.7516,0.05,,,,313,9,0.263,0.655,0.007
alice,1,28676063,3220,0.0537,0.6787,3.1523,0.05,,,,296,6,0.271,0.587,0.007
alice,1,28676063,3221,0.0489,0.6585,3.0764,0.05,,,,310,5,0.288,0.604,0.006
alice,1,28676063,3222,0.0651,0.5485,2.4329,0.05,,,,316,8,0.292,0.567,0.006
alice,1,28676063,3223,0.0769,0.6013,2.9928,0.05,,,,301,14,0.29,0.666,0.007
alice,1,28676063,3224,0.0802,0.5744,3.0833,0.05,,,,298,7,0.306,0.61,0.006
alice,1,28676063,3225,0.0529,0.5568,2.9318,0.05,,,,302,2,0.301,0.634,0.007
alice,1,28676063,3226,0.0549,0.6355,2.723,0.05,,,,295,8,0.286,0.724,0.006
alice,1,28676063,3227,0.0784,0.6746,3.3239,0.05,,,,296,11,0.257,0.641,0.006
alice,1,28676063,3228,0.0691,0.6344,2.859,0.05,,,,300,10,0.29,0.645,0.006
alice,1,28676063,3229,0.1038,0.7209,3.3154,0.05,,,,301,3,0.329,0.705,0.006
alice,1,28676063,3230,0.0721,0.6561,2.7456,0.05,,,,306,6,0.311,0.662,0.006
alice,1,28676063,3231,0.0709,0.7322,3.3179,0.05,,,,308,1,0.324,0.591,0.005
alice,1,28676063,3232,0.0535,0.6096,2.844,0.05,,,,301,12,0.291,0.721,0.006
alice,1,28676063,3233,0.0668,0.5414,2.3758,0.05,,,,310,12,0.298,0.59,0.005
alice,1,28676063,3234,0.0434,0.5683,2.6735,0.05,,,,308,4,0.293,0.69,0.007
alice,1,28676063,3235,0.0449,0.5443,2.6547,0.05,,,,302,12,0.294,0.641,0.005
alice,1,28676063,3236,0.0578,0.5886,2.6667,0.05,,,,305,7,0.297,0.767,0.006
alice,1,28676063,3237,0.064,0.5831,2.8621,0.05,,,,303,10,0.304,0.656,0.005
alice,1,28676063,3238,0.0865,0.6231,2.8493,0.05,,,,303,7,0.29,0.7,0.006
alice,1,28676063,3239,0.0464,0.7146,3.1192,0.05,,,,295,8,0.299,0.607,0.006
alice,1,28676063,3240,0.058,0.6916,3.0064,0.05,,,,302,8,0.295,0.647,0.006
alice,1,28676063,3241,0.0617,0.6285,2.7391,0.05,,,,317,6,0.292,0.695,0.005
alice,1,28676063,3242,0.0553,0.5835,2.7021,0.05,,,,310,3,0.305,0.653,0.007
alice,1,28676063,3243,0.0861,0.6222,2.9776,0.05,,,,297,1,0.306,0.636,0.007
alice,1,28676063,3244,0.0513,0.6059,2.5455,0.05,,,,303,2,0.301,0.612,0.006
alice,1,28676063,3245,0.0609,0.8203,3.546,0.05,,,,289,7,0.28,0.62,0.006
alice,1,28676063,3246,0.0896,0.818,3.4702,0.05,,,,303,8,0.286,0.647,0.006
alice,1,28676063,3247,0.0732,0.6405,2.7898,0.05,,,,324,7,0.283,0.629,0.006
alice,1,28676063,3248,0.0611,0.5641,2.5854,0.05,,,,317,8,0.294,0.663,0.006
alice,1,28676063,3249,0.085,0.6519,2.9932,0.05,,,,307,2,0.312,0.661,0.007
alice,1,28676063,3250,0.0301,0.6513,2.879,0.05,,,,294,9,0.255,0.637,0.006
alice,1,28676063,3251,0.0427,0.7228,3.1739,0.05,,,,304,9,0.28,0.557,0.006
alice,1,28676063,3252,0.054,0.627,2.8581,0.05,,,,314,7,0.283,0.617,0.006
alice,1,28676063,3253,0.0446,0.4789,2.2975,0.05,,,,315,14,0.276,0.586,0.006
alice,1,28676063,3254,0.0542,0.5483,2.4634,0.05,,,,315,5,0.304,0.605,0.007
alice,1,28676063,3255,0.074,0.5776,2.8966,0.05,,,,306,6,0.312,0.649,0.007
alice,1,28676063,3256,0.0817,0.6148,3.0073,0.05,,,,299,2,0.332,0.661,0.007
alice,1,28676063,3257,0.0488,0.6029,2.8966,0.05,,,,297,11,0.275,0.638,0.006
alice,1,28676063,3258,0.0836,0.6739,3.2535,0.05,,,,296,9,0.264,0.62,0.007
alice,1,28676063,3259,0.0716,0.6036,2.8792,0.05,,,,307,3,0.299,0.671,0.007
alice,1,28676063,3260,0.0519,0.6593,2.9655,0.05,,,,301,6,0.301,0.688,0.007
alice,1,28676063,3261,0.0446,0.6817,2.9718,0.05,,,,302,7,0.308,0.718,0.007
alice,1,28676063,3262,0.0428,0.7239,3.3462,0.05,,,,292,5,0.28,0.635,0.007
alice,1,28676063,3263,0.0519,0.6696,3.1591,0.05,,,,292,6,0.296,0.58,0.007
alice,1,28676063,3264,0.0641,0.5961,2.7687,0.05,,,,310,7,0.301,0.608,0.007
alice,1,28676063,3265,0.0478,0.5831,2.5232,0.05,,,,310,6,0.292,0.604,0.006
alice,1,28676063,3266,0.0517,0.5616,2.6786,0.05,,,,306,8,0.3,0.644,0.006
alice,1,28676063,3267,0.0399,0.7002,3.4206,0.05,,,,290,3,0.318,0.761,0.006
alice,1,28676063,3268,0.0155,0.69,3.1429,0.05,,,,290,9,0.278,0.696,0.006
alice,1,28676063,3269,0.0689,0.6825,3.1223,0.05,,,,299,5,0.294,0.599,0.007
alice,1,28676063,3270,0.0759,0.6675,3.52,0.05,,,,291,5,0.305,0.611,0.007
alice,1,28676063,3271,0.0738,0.6068,3.28,0.05,,,,289,12,0.265,0.623,0.006
alice,1,28676063,3272,0.0695,0.6375,2.9259,0.05,,,,302,4,0.274,0.61,0.006
alice,1,28676063,3273,0.051,0.6613,2.9932,0.05,,,,300,1,0.28,0.628,0.007
alice,1,28676063,3274,0.0464,0.721,3.255,0.05,,,,295,5,0.276,0.637,0.007
alice,1,28676063,3275,0.0735,0.6058,2.8092,0.05,,,,311,9,0.299,0.617,0.005
alice,1,28676063,3276,0.085,0.5669,2.8248,0.05,,,,305,3,0.314,0.595,0.006
alice,1,28676063,3277,0.0703,0.6234,3.1642,0.05,,,,290,0,0.314,0.597,0.007
alice,1,28676063,3278,0.0637,0.6739,2.9551,0.05,,,,298,8,0.291,0.67,0.007
alice,1,28676063,3279,0.075,0.6977,3.1019,0.05,,,,302,11,0.285,0.64,0.006
alice,1,28676063,3280,0.0921,0.5182,2.5484,0.05,,,,320,6,0.271,0.611,0.007
alice,1,28676063,3281,0.0533,0.6059,3.2222,0.05,,,,292,11,0.274,0.627,0.006
alice,1,28676063,3282,0.0474,0.6124,2.9424,0.05,,,,298,8,0.291,0.647,0.006
alice,1,28676063,3283,0.0367,0.5783,2.9014,0.05,,,,302,4,0.288,0.584,0.006
alice,1,28676063,3284,0.039,0.7589,3.4101,0.05,,,,286,3,0.307,0.614,0.006
alice,1,28676063,3285,0.0448,0.5586,2.6456,0.05,,,,314,6,0.307,0.676,0.005
alice,1,28676063,3286,0.0494,0.7043,3.1127,0.05,,,,298,2,0.321,0.695,0.005
alice,1,28676063,3287,0.0325,0.7048,3.4046,0.05,,,,290,9,0.3,0.656,0.006
alice,1,28676063,3288,0.0566,0.6075,2.7905,0.05,,,,301,6,0.311,0.63,0.006
alice,1,28676063,3289,0.0591,0.6442,2.7834,0.05,,,,309,1,0.326,0.732,0.006
alice,1,28676063,3290,0.0545,0.5525,2.2286,0.05,,,,327,4,0.329,0.669,0.006
alice,1,28676063,3291,0.045,0.6323,2.7974,0.05,,,,305,2,0.315,0.637,0.005
alice,1,28676063,3292,0.0534,0.5922,2.7568,0.05,,,,308,7,0.303,0.62,0.005
alice,1,28676063,3293,0.0359,0.5166,2.4375,0.05,,,,316,3,0.313,0.643,0.005
alice,1,28676063,3294,0.0486,0.6666,2.7879,0.05,,,,301,3,0.319,0.616,0.005
alice,1,28676063,3295,0.0703,0.6601,3.0333,0.05,,,,312,21,0.25,0.653,0.006
alice,1,28676063,3296,0.0408,0.6438,2.9286,0.05,,,,297,9,0.3,0.65,0.006
alice,1,28676063,3297,0.0757,0.6753,3.1739,0.05,,,,292,5,0.322,0.668,0.006
alice,1,28676063,3298,0.0531,0.6191,2.931,0.05,,,,304,10,0.286,0.672,0.006
alice,1,28676063,3299,0.0798,0.6549,2.9178,0.05,,,,300,4,0.297,0.626,0.006
alice,1,28676063,3300,0.0695,0.5486,2.6558,0.05,,,,305,9,0.276,0.623,0.007
alice,1,28676063,3301,0.0544,0.5829,2.7073,0.05,,,,308,6,0.297,0.693,0.006
alice,1,28676063,3302,0.0337,0.6148,2.7744,0.05,,,,313,4,0.311,0.718,0.005
alice,1,28676063,3303,0.049,0.6061,2.6667,0.05,,,,314,2,0.318,0.652,0.006
alice,1,28676063,3304,0.034,0.625,2.7742,0.05,,,,307,9,0.287,0.62,0.006
alice,1,28676063,3305,0.0582,0.6332,2.7419,0.05,,,,308,3,0.293,0.578,0.007
alice,1,28676063,3306,0.0815,0.6882,3.0748,0.05,,,,300,5,0.291,0.577,0.007
alice,1,28676063,3307,0.101,0.6908,3.0748,0.05,,,,301,5,0.284,0.581,0.006
alice,1,28676063,3308,0.0592,0.6117,2.7949,0.05,,,,310,5,0.314,0.684,0.005
alice,1,28676063,3309,0.0507,0.7068,3.1338,0.05,,,,297,7,0.306,0.644,0.006
alice,1,28676063,3310,0.0792,0.653,2.8827,0.05,,,,312,5,0.311,0.643,0.006
alice,1,28676063,3311,0.0615,0.6784,3.1242,0.05,,,,303,6,0.274,0.673,0.006
alice,1,28676063,3312,0.0592,0.5563,2.6242,0.05,,,,309,10,0.272,0.624,0.006
alice,1,28676063,3313,0.0673,0.7105,3.2517,0.05,,,,302,2,0.305,0.632,0.006
alice,1,28676063,3314,0.0623,0.6033,2.6772,0.05,,,,299,8,0.295,0.633,0.006
alice,1,28676063,3315,0.0827,0.5745,2.5698,0.05,,,,324,6,0.277,0.621,0.006
alice,1,28676063,3316,0.0427,0.5986,2.9085,0.05,,,,298,12,0.288,0.696,0.006
alice,1,28676063,3317,0.0614,0.6014,2.7075,0.05,,,,309,4,0.297,0.589,0.006
alice,1,28676063,3318,0.0752,0.5464,2.4076,0.05,,,,313,2,0.323,0.681,0.005
alice,1,28676063,3319,0.0738,0.5889,2.546,0.05,,,,308,2,0.31,0.614,0.006
alice,1,28676063,3320,0.0978,0.7057,3.0189,0.05,,,,303,3,0.315,0.626,0.006
alice,1,28676063,3321,0.0725,0.6684,2.7647,0.05,,,,312,10,0.263,0.662,0.006
alice,1,28676063,3322,0.09,0.7548,3.327,0.05,,,,298,6,0.278,0.691,0.006
alice,1,28676063,3323,0.0855,0.6564,2.9632,0.05,,,,311,3,0.281,0.603,0.006
alice,1,28676063,3324,0.0847,0.6513,3.0946,0.05,,,,298,5,0.283,0.602,0.005
alice,1,28676063,3325,0.0919,0.546,2.7881,0.05,,,,316,2,0.304,0.733,0.006
alice,1,28676063,3326,0.0659,0.6108,2.9504,0.05,,,,296,5,0.296,0.715,0.006
alice,1,28676063,3327,0.0535,0.5752,2.559,0.05,,,,313,2,0.292,0.623,0.006
alice,1,28676063,3328,0.0334,0.7033,2.9697,0.05,,,,306,2,0.301,0.598,0.006
alice,1,28676063,3329,0.0496,0.5908,2.5663,0.05,,,,320,3,0.297,0.649,0.006
alice,1,28676063,3330,0.0663,0.6065,3.0345,0.05,,,,304,4,0.301,0.63,0.006
alice,1,28676063,3331,0.0492,0.5956,2.723,0.05,,,,307,6,0.307,0.625,0.006
alice,1,28676063,3332,0.0678,0.5329,2.5101,0.05,,,,314,2,0.3,0.688,0.006
alice,1,28676063,3333,0.061,0.5623,2.6667,0.05,,,,303,6,0.302,0.602,0.005
alice,1,28676063,3334,0.0575,0.637,2.8366,0.05,,,,304,2,0.3,0.807,0.005
alice,1,28676063,3335,0.0509,0.5976,2.5432,0.05,,,,310,8,0.289,0.587,0.005
alice,1,28676063,3336,0.0501,0.7198,3.1474,0.05,,,,300,5,0.285,0.588,0.005
alice,1,28676063,3337,0.0418,0.6562,2.8024,0.05,,,,311,5,0.276,0.672,0.005
alice,1,28676063,3338,0.0771,0.6057,2.4489,0.05,,,,319,8,0.278,0.614,0.005
alice,1,28676063,3339,0.0853,0.7018,3.2517,0.05,,,,308,4,0.289,0.665,0.006
alice,1,28676063,3340,0.0462,0.6401,3.0556,0.05,,,,298,5,0.299,0.694,0.007
alice,1,28676063,3341,0.0802,0.6926,3.0455,0.05,,,,303,2,0.316,0.679,0.007
alice,1,28676063,3342,0.0571,0.6184,2.8639,0.05,,,,311,6,0.303,0.632,0.007
alice,1,28676063,3343,0.0764,0.6549,2.8314,0.05,,,,311,4,0.296,0.597,0.006
alice,1,28676063,3344,0.0594,0.6818,2.9345,0.05,,,,312,5,0.286,0.631,0.006
alice,1,28676063,3345,0.0618,0.6026,2.6566,0.05,,,,309,11,0.281,0.64,0.006
alice,1,28676063,3346,0.0639,0.5954,2.8125,0.05,,,,320,5,0.298,0.708,0.006
alice,1,28676063,3347,0.0446,0.7127,3.4504,0.05,,,,287,7,0.306,0.782,0.006
alice,1,28676063,3348,0.0876,0.6691,3.0423,0.05,,,,299,6,0.3,0.642,0.006
alice,1,28676063,3349,0.0658,0.6213,2.7973,0.05,,,,303,7,0.286,0.772,0.006
alice,1,28676063,3350,0.0388,0.6911,3.1569,0.05,,,,302,7,0.284,0.616,0.005
alice,1,28676063,3351,0.0441,0.5599,2.5839,0.05,,,,315,10,0.287,0.663,0.004
alice,1,28676063,3352,0.0522,0.6696,3.0652,0.05,,,,300,10,0.283,0.598,0.005
alice,1,28676063,3353,0.0844,0.5815,2.7902,0.05,,,,302,9,0.288,0.616,0.005
alice,1,28676063,3354,0.0875,0.5403,2.5493,0.05,,,,307,6,0.28,0.592,0.006
alice,1,28676063,3355,0.0584,0.5018,2.2422,0.05,,,,316,14,0.249,0.585,0.006
alice,1,28676063,3356,0.0496,0.5248,2.25,0.05,,,,299,42,0.226,0.553,0.005
alice,1,28676063,3357,0.1335,0.6146,2.7251,0.05,,,,307,31,0.249,0.648,0.005
alice,1,28676063,3358,0.104,0.597,2.5896,0.05,,,,311,31,0.235,0.57,0.006
alice,1,28676063,3359,0.0988,0.5568,2.5647,0.05,,,,315,23,0.254,0.579,0.006
alice,1,28676063,3360,0.1055,0.56,2.4877,0.05,,,,314,21,0.231,0.629,0.007
alice,1,28676063,3361,0.1182,0.5907,2.8601,0.05,,,,299,28,0.223,0.649,0.007
alice,1,28676063,3362,0.0988,0.6649,3.2015,0.05,,,,282,22,0.27,0.694,0.006
alice,1,28676063,3363,0.1009,0.7977,3.7027,0.05,,,,287,5,0.275,0.631,0.006
alice,1,28676063,3364,0.072,0.7654,3.4671,0.05,,,,298,4,0.283,0.619,0.006
alice,1,28676063,3365,0.0543,0.6776,3.047,0.05,,,,297,14,0.285,0.703,0.006
alice,1,28676063,3366,0.0613,0.5496,2.3743,0.05,,,,322,9,0.271,0.676,0.005
alice,1,28676063,3367,0.0555,0.5681,2.4535,0.05,,,,313,6,0.266,0.574,0.005
alice,1,28676063,3368,0.0602,0.6271,2.5027,0.05,,,,315,9,0.287,0.611,0.005
alice,1,28676063,3369,0.1318,0.6046,2.6467,0.05,,,,323,7,0.282,0.565,0.006
alice,1,28676063,3370,0.0757,0.5257,2.4907,0.05,,,,307,11,0.272,0.573,0.006
alice,1,28676063,3371,0.0712,0.5867,2.8012,0.05,,,,310,7,0.27,0.495,0.006
alice,1,28676063,3372,0.0876,0.5439,2.4972,0.05,,,,317,9,0.272,0.498,0.006
alice,1,28676063,3373,0.087,0.5715,2.6176,0.05,,,,323,9,0.267,0.539,0.006
alice,1,28676063,3374,0.0806,0.6659,3.0946,0.05,,,,298,3,0.278,0.556,0.006
alice,1,28676063,3375,0.0569,0.6426,2.8405,0.05,,,,293,42,0.235,0.533,0.005
alice,1,28676063,3376,0.0586,0.5634,2.5789,0.05,,,,317,25,0.25,0.541,0.005
alice,1,28676063,3377,0.098,0.6116,2.6761,0.05,,,,306,12,0.272,0.58,0.005
alice,1,28676063,3378,0.1038,0.5458,2.5896,0.05,,,,327,13,0.278,0.567,0.007
alice,1,28676063,3379,0.0893,0.5437,2.4815,0.05,,,,311,9,0.263,0.549,0.007
alice,1,28676063,3380,0.0567,0.6232,2.7178,0.05,,,,317,6,0.27,0.548,0.006
alice,1,28676063,3381,0.0751,0.6564,2.7879,0.05,,,,301,11,0.264,0.529,0.005
alice,1,28676063,3382,0.0917,0.5228,2.2757,0.05,,,,339,11,0.263,0.518,0.007
alice,1,28676063,3383,0.0746,0.4958,2.1607,0.05,,,,318,5,0.279,0.556,0.007
alice,1,28676063,3384,0.0693,0.5785,2.4773,0.05,,,,321,4,0.271,0.547,0.005
alice,1,28676063,3385,0.1226,0.5548,2.3529,0.05,,,,325,4,0.264,0.544,0.006
alice,1,28676063,3386,0.0932,0.5492,2.2784,0.05,,,,322,5,0.266,0.572,0.006
alice,1,28676063,3387,0.0922,0.6275,2.9136,0.05,,,,309,3,0.278,0.591,0.006
alice,1,28676063,3388,0.0543,0.6083,2.6768,0.05,,,,305,7,0.266,0.529,0.006
alice,1,28676063,3389,0.087,0.5064,2.2849,0.05,,,,333,4,0.266,0.665,0.007
alice,1,28676063,3390,0.0444,0.5107,2.4759,0.05,,,,320,6,0.277,0.575,0.006
alice,1,28676063,3391,0.1307,0.5822,2.5152,0.05,,,,312,4,0.263,0.504,0.005
alice,1,28676063,3392,0.0937,0.5719,2.474,0.05,,,,324,3,0.272,0.56,0.006
alice,1,28676063,3393,0.0895,0.5139,2.2717,0.05,,,,323,9,0.252,0.605,0.006
alice,1,28676063,3394,0.084,0.5834,2.7391,0.05,,,,313,10,0.247,0.493,0.007
alice,1,28676063,3395,0.0716,0.6095,2.6959,0.05,,,,311,2,0.261,0.463,0.006
alice,1,28676063,3396,0.069,0.5403,2.3333,0.05,,,,328,6,0.261,0.465,0.006
alice,1,28676063,3397,0.083,0.5189,2.1613,0.05,,,,325,11,0.272,0.562,0.005
alice,1,28676063,3398,0.1238,0.5315,2.3687,0.05,,,,328,6,0.273,0.573,0.005
alice,1,28676063,3399,0.107,0.5732,2.8581,0.05,,,,311,8,0.262,0.536,0.007
alice,1,28676063,3400,0.0666,0.6489,3.0803,0.05,,,,298,6,0.274,0.547,0.006
alice,1,28676063,3401,0.0674,0.6418,2.9079,0.05,,,,295,5,0.269,0.51,0.005
alice,1,28676063,3402,0.0479,0.6595,2.9277,0.05,,,,307,8,0.273,0.549,0.005
alice,1,28676063,3403,0.0666,0.4862,2.0833,0.05,,,,329,14,0.263,0.501,0.005
alice,1,28676063,3404,0.0681,0.4883,2.1747,0.05,,,,328,13,0.272,0.547,0.005
alice,1,28676063,3405,0.0829,0.5798,2.5031,0.05,,,,309,9,0.265,0.514,0.005
alice,1,28676063,3406,0.0677,0.5888,2.5882,0.05,,,,317,7,0.264,0.481,0.005
alice,1,28676063,3407,0.055,0.6618,2.7771,0.05,,,,308,3,0.272,0.639,0.005
alice,1,28676063,3408,0.0465,0.5966,2.4815,0.05,,,,326,6,0.272,0.455,0.005
alice,1,28676063,3409,0.1087,0.5722,2.6871,0.05,,,,321,8,0.27,0.492,0.005
alice,1,28676063,3410,0.064,0.5089,2.3415,0.05,,,,316,2,0.281,0.49,0.005
alice,1,28676063,3411,0.0573,0.5487,2.506,0.05,,,,316,2,0.297,0.714,0.005
alice,1,28676063,3412,0.0896,0.6611,2.6159,0.05,,,,308,4,0.298,0.573,0.005
alice,1,28676063,3413,0.0984,0.568,2.408,0.05,,,,325,5,0.284,0.511,0.006
alice,1,28676063,3414,0.0824,0.5684,2.5,0.05,,,,319,2,0.29,0.48,0.004
alice,1,28676063,3415,0.1045,0.4535,2.3158,0.05,,,,320,2,0.31,0.51,0.005
alice,1,28676063,3416,0.0819,0.5288,2.443,0.05,,,,302,2,0.299,0.566,0.005
alice,1,28676063,3417,0.0823,0.6141,2.6346,0.05,,,,310,2,0.297,0.554,0.005
alice,1,28676063,3418,0.0727,0.4773,2.3095,0.05,,,,322,1,0.288,0.688,0.006
alice,1,28676063,3419,0.0758,0.5184,2.4417,0.05,,,,320,1,0.284,0.56,0.006
alice,1,28676063,3420,0.0835,0.5731,2.745,0.05,,,,312,1,0.27,0.494,0.007
alice,1,28676063,3421,0.0484,0.5804,2.6013,0.05,,,,306,5,0.29,0.498,0.006
alice,1,28676063,3422,0.0661,0.4514,2.2059,0.05,,,,321,7,0.296,0.512,0.006
alice,1,28676063,3423,0.0867,0.5235,2.2353,0.05,,,,322,4,0.296,0.501,0.005
alice,1,28676063,3424,0.0678,0.5705,2.6194,0.05,,,,315,3,0.272,0.507,0.006
alice,1,28676063,3425,0.0641,0.5972,2.5823,0.05,,,,311,5,0.287,0.508,0.006
alice,1,28676063,3426,0.07,0.5779,2.4535,0.05,,,,316,2,0.272,0.535,0.006
alice,1,28676063,3427,0.0874,0.5752,2.5318,0.05,,,,325,2,0.265,0.555,0.006
alice,1,28676063,3428,0.0392,0.6151,2.4641,0.05,,,,310,0,0.279,0.525,0.006
alice,1,28676063,3429,0.0842,0.6487,2.6935,0.05,,,,330,1,0.272,0.495,0.006
alice,1,28676063,3430,0.0499,0.6765,2.9412,0.05,,,,308,5,0.264,0.461,0.006
alice,1,28676063,3431,0.0491,0.7593,3.2647,0.05,,,,301,4,0.27,0.47,0.006
alice,1,28676063,3432,0.0591,0.5647,2.5027,0.05,,,,330,6,0.264,0.575,0.006
alice,1,28676063,3433,0.0625,0.5627,2.3584,0.05,,,,322,7,0.269,0.505,0.006
alice,1,28676063,3434,0.0706,0.6209,2.5217,0.05,,,,313,6,0.269,0.51,0.006
alice,1,28676063,3435,0.088,0.5767,2.5556,0.05,,,,329,11,0.262,0.521,0.006
alice,1,28676063,3436,0.0572,0.6167,2.8543,0.05,,,,306,11,0.246,0.555,0.007
alice,1,28676063,3437,0.0763,0.6051,2.8421,0.05,,,,305,11,0.265,0.508,0.006
alice,1,28676063,3438,0.0682,0.5108,2.2722,0.05,,,,317,10,0.266,0.511,0.006
alice,1,28676063,3439,0.0583,0.5808,2.4205,0.05,,,,317,7,0.27,0.475,0.005
alice,1,28676063,3440,0.0866,0.6077,2.4525,0.05,,,,315,15,0.248,0.458,0.006
alice,1,28676063,3441,0.0722,0.5834,2.5426,0.05,,,,324,11,0.267,0.513,0.005
alice,1,28676063,3442,0.0692,0.5026,2.1053,0.05,,,,336,10,0.273,0.497,0.005
alice,1,28676063,3443,0.0644,0.5401,2.2712,0.05,,,,328,3,0.288,0.511,0.004
alice,1,28676063,3444,0.0858,0.5825,2.4011,0.05,,,,319,3,0.288,0.486,0.004
alice,1,28676063,3445,0.096,0.6162,2.5676,0.05,,,,327,2,0.286,0.555,0.006
alice,1,28676063,3446,0.091,0.5023,2.2022,0.05,,,,333,7,0.259,0.49,0.006
alice,1,28676063,3447,0.0855,0.4767,2.1326,0.05,,,,324,2,0.269,0.556,0.006
alice,1,28676063,3448,0.0799,0.5313,2.2914,0.05,,,,332,4,0.266,0.474,0.005
alice,1,28676063,3449,0.068,0.5247,2.123,0.05,,,,323,5,0.267,0.486,0.006
alice,1,28676063,3450,0.0431,0.5518,2.3441,0.05,,,,333,7,0.272,0.493,0.006
alice,1,28676063,3451,0.0276,0.4922,2.0317,0.05,,,,339,3,0.286,0.534,0.005
alice,1,28676063,3452,0.0403,0.4767,2.0165,0.05,,,,332,3,0.28,0.548,0.005
alice,1,28676063,3453,0.0489,0.4974,2.1272,0.05,,,,325,5,0.276,0.501,0.005
alice,1,28676063,3454,0.0721,0.4829,2.092,0.05,,,,329,6,0.273,0.492,0.004
alice,1,28676063,3455,0.0687,0.5411,2.2941,0.05,,,,319,8,0.272,0.471,0.005
alice,1,28676063,3456,0.0795,0.5171,2.1082,0.05,,,,330,10,0.264,0.456,0.004
alice,1,28676063,3457,0.082,0.5083,2.1198,0.05,,,,331,10,0.27,0.507,0.005
alice,1,28676063,3458,0.0846,0.546,2.2195,0.05,,,,338,5,0.278,0.473,0.006
alice,1,28676063,3459,0.0898,0.546,2.2895,0.05,,,,333,7,0.277,0.485,0.005
alice,1,28676063,3460,0.0835,0.4585,2.0106,0.05,,,,333,11,0.274,0.521,0.005
alice,1,28676063,3461,0.0586,0.4946,2.1957,0.05,,,,326,4,0.281,0.504,0.004
alice,1,28676063,3462,0.0496,0.5072,2.1399,0.05,,,,333,7,0.285,0.633,0.004
alice,1,28676063,3463,0.1023,0.492,2.2366,0.05,,,,336,6,0.285,0.477,0.004
alice,1,28676063,3464,0.0789,0.5808,2.5698,0.05,,,,316,2,0.298,0.725,0.006
alice,1,28676063,3465,0.0798,0.6119,2.6667,0.05,,,,314,9,0.292,0.605,0.006
alice,1,28676063,3466,0.0844,0.6385,2.7346,0.05,,,,310,4,0.301,0.564,0.005
alice,1,28676063,3467,0.0578,0.5796,2.4793,0.05,,,,319,10,0.287,0.549,0.004
alice,1,28676063,3468,0.0345,0.5689,2.426,0.05,,,,314,12,0.287,0.504,0.003
alice,1,28676063,3469,0.0526,0.5857,2.2953,0.05,,,,325,3,0.3,0.528,0.004
alice,1,28676063,3470,0.0704,0.4899,2.2032,0.05,,,,337,3,0.306,0.508,0.004
alice,1,28676063,3471,0.0643,0.4787,2.1813,0.05,,,,321,6,0.286,0.533,0.005
alice,1,28676063,3472,0.0855,0.6018,2.3947,0.05,,,,330,4,0.27,0.498,0.006
alice,1,28676063,3473,0.0865,0.5152,2.1299,0.05,,,,339,3,0.267,0.5,0.008
alice,1,28676063,3474,0.065,0.5354,2.2727,0.05,,,,322,3,0.277,0.496,0.006
alice,1,28676063,3475,0.0421,0.4944,2.1828,0.05,,,,322,2,0.29,0.502,0.004
alice,1,28676063,3476,0.1268,0.5225,2.1795,0.05,,,,334,7,0.287,0.488,0.004
alice,1,28676063,3477,0.0386,0.6791,2.7016,0.05,,,,320,3,0.277,0.486,0.005
alice,1,28676063,3478,0.0757,0.5791,2.5084,0.05,,,,332,5,0.289,0.48,0.005
alice,1,28676063,3479,0.0645,0.5514,2.3889,0.05,,,,323,8,0.289,0.505,0.005
alice,1,28676063,3480,0.0711,0.617,2.7007,0.05,,,,305,2,0.279,0.507,0.006
alice,1,28676063,3481,0.0872,0.5951,2.5894,0.05,,,,312,5,0.278,0.499,0.005
alice,1,28676063,3482,0.0597,0.4885,2.327,0.05,,,,316,4,0.288,0.49,0.005
alice,1,28676063,3483,0.0671,0.4819,1.9497,0.05,,,,328,2,0.286,0.488,0.005
alice,1,28676063,3484,0.1069,0.6436,2.7081,0.05,,,,315,6,0.296,0.524,0.005
alice,1,28676063,3485,0.0708,0.575,2.5839,0.05,,,,313,6,0.282,0.531,0.005
alice,1,28676063,3486,0.0506,0.5746,2.4118,0.05,,,,311,11,0.27,0.824,0.005
alice,1,28676063,3487,0.061,0.5581,2.4412,0.05,,,,321,9,0.285,0.537,0.004
alice,1,28676063,3488,0.07,0.5402,2.4118,0.05,,,,314,9,0.297,0.697,0.004
alice,1,28676063,3489,0.0888,0.505,2.4024,0.05,,,,328,8,0.287,0.539,0.004
alice,1,28676063,3490,0.0635,0.4788,2.0734,0.05,,,,317,3,0.293,0.493,0.005
alice,1,28676063,3491,0.0937,0.5856,2.4595,0.05,,,,327,7,0.29,0.472,0.004
alice,1,28676063,3492,0.0625,0.5559,2.2629,0.05,,,,332,9,0.268,0.456,0.005
alice,1,28676063,3493,0.0731,0.5176,2.2234,0.05,,,,335,11,0.259,0.473,0.005
alice,1,28676063,3494,0.086,0.5348,2.2634,0.05,,,,324,3,0.264,0.495,0.005
alice,1,28676063,3495,0.0982,0.5303,2.2766,0.05,,,,336,4,0.261,0.539,0.006
alice,1,28676063,3496,0.066,0.5247,2.2222,0.05,,,,328,4,0.267,0.477,0.006
alice,1,28676063,3497,0.1092,0.4607,2.0317,0.1,,,,331,6,0.263,0.476,0.006
alice,1,28676063,3498,0.0907,0.5582,2.4054,0.1,,,,323,15,0.224,0.48,0.006
alice,1,28676063,3499,0.0904,0.5363,2.2784,0.1,,,,325,20,0.222,0.481,0.006
alice,1,28676063,3500,0.0779,0.6021,2.6871,0.1,,,,310,10,0.242,0.529,0.006
alice,1,28676063,3501,0.0667,0.6146,2.7988,0.1,,,,308,12,0.251,0.511,0.005
alice,1,28676063,3502,0.0645,0.5895,2.6369,0.1001,,,,316,13,0.254,0.569,0.005
alice,1,28676063,3503,0.0201,0.6618,2.8012,0.1001,,,,294,32,0.223,0.487,0.004
alice,1,28676063,3504,0.0546,0.5742,2.3904,0.1001,,,,323,24,0.229,0.484,0.004
alice,1,28676063,3505,0.051,0.5968,2.7052,0.1001,,,,311,23,0.221,0.476,0.004
alice,1,28676063,3506,0.0742,0.5998,2.6193,0.1001,,,,314,12,0.255,0.478,0.005
alice,1,28676063,3507,0.0418,0.6733,2.7514,0.1001,,,,309,25,0.215,0.77,0.004
alice,1,28676063,3508,0.0479,0.5195,2.1316,0.1002,,,,331,24,0.213,0.436,0.004
alice,1,28676063,3509,0.0586,0.511,2.2286,0.1002,,,,314,38,0.201,0.424,0.003
alice,1,28676063,3510,0.0776,0.4736,2.2059,0.1002,,,,318,39,0.201,0.456,0.004
alice,1,28676063,3511,0.0875,0.5344,2.2197,0.1003,,,,315,26,0.212,0.45,0.004
alice,1,28676063,3512,0.0632,0.4536,2.1429,0.1003,,,,321,31,0.21,0.443,0.005
alice,1,28676063,3513,0.0589,0.4777,2.1444,0.1003,,,,330,12,0.24,0.535,0.005
alice,1,28676063,3514,0.0316,0.5658,2.3277,0.1004,,,,316,10,0.239,0.5,0.005
alice,1,28676063,3515,0.0735,0.6424,2.6949,0.1004,,,,311,21,0.223,0.466,0.005
alice,1,28676063,3516,0.0541,0.5874,2.6131,0.1005,,,,325,12,0.214,0.537,0.006
alice,1,28676063,3517,0.0427,0.6247,2.7931,0.1005,,,,300,17,0.208,0.494,0.006
alice,1,28676063,3518,0.0447,0.5901,2.4759,0.1006,,,,303,20,0.219,0.523,0.005
alice,1,28676063,3519,0.04,0.5766,2.677,0.1006,,,,300,48,0.2,0.49,0.004
alice,1,28676063,3520,0.0521,0.4748,2.3081,0.1007,,,,321,37,0.208,0.493,0.004
alice,1,28676063,3521,0.0153,0.5006,2.3608,0.1007,,,,301,42,0.199,0.514,0.004
alice,1,28676063,3522,0.0658,0.552,2.4943,0.1008,,,,314,19,0.231,0.454,0.005
alice,1,28676063,3523,0.0537,0.5086,2.25,0.1008,,,,335,12,0.245,0.517,0.004
alice,1,28676063,3524,0.0627,0.5006,2.2573,0.1009,,,,317,24,0.231,0.482,0.005
alice,1,28676063,3525,0.0616,0.5481,2.3697,0.101,,,,309,27,0.22,0.609,0.005
alice,1,28676063,3526,0.0669,0.6355,2.6627,0.101,,,,315,7,0.244,0.503,0.005
alice,1,28676063,3527,0.0754,0.6102,2.6627,0.1011,,,,311,25,0.229,0.476,0.005
alice,1,28676063,3528,0.0533,0.5696,2.4286,0.1012,,,,316,19,0.2,0.487,0.006
alice,1,28676063,3529,0.0347,0.4958,2.3497,0.1013,,,,307,62,0.178,0.458,0.004
alice,1,28676063,3530,0.0424,0.5086,2.1696,0.1013,,,,317,28,0.209,0.462,0.005
alice,1,28676063,3531,0.044,0.5225,2.25,0.1014,,,,315,18,0.222,0.482,0.004
alice,1,28676063,3532,0.0489,0.4738,2.0,0.1015,,,,331,27,0.208,0.633,0.004
alice,1,28676063,3533,0.0556,0.5089,2.1576,0.1016,,,,330,32,0.209,0.485,0.004
alice,1,28676063,3534,0.0811,0.5016,2.1795,0.1017,,,,328,37,0.204,0.438,0.004
alice,1,28676063,3535,0.0839,0.4769,2.2032,0.1018,,,,332,25,0.204,0.525,0.004
alice,1,28676063,3536,0.045,0.5102,2.3793,0.1019,,,,310,32,0.193,0.449,0.005
alice,1,28676063,3537,0.0458,0.4505,1.9949,0.102,,,,326,36,0.192,0.421,0.004
alice,1,28676063,3538,0.0711,0.4318,1.9296,0.1021,,,,329,54,0.189,0.562,0.003
alice,1,28676063,3539,0.0717,0.5056,2.2228,0.1022,,,,322,37,0.202,0.606,0.004
alice,1,28676063,3540,0.063,0.4837,2.1559,0.1023,,,,328,34,0.197,0.45,0.004
alice,1,28676063,3541,0.058,0.4248,2.0215,0.1025,,,,316,45,0.186,0.48,0.004
alice,1,28676063,3542,0.0619,0.5173,2.4096,0.1026,,,,321,44,0.182,0.482,0.004
alice,1,28676063,3543,0.0372,0.5521,2.4045,0.1027,,,,311,44,0.184,0.461,0.005
alice,1,28676063,3544,0.0609,0.5984,2.4921,0.1029,,,,316,30,0.208,0.528,0.004
alice,1,28676063,3545,0.0942,0.6222,2.5128,0.103,,,,322,20,0.23,0.457,0.004
alice,1,28676063,3546,0.0953,0.5343,2.3333,0.1031,,,,325,26,0.217,0.461,0.005
alice,1,28676063,3547,0.0611,0.5458,2.3492,0.1033,,,,324,31,0.2,0.583,0.004
alice,1,28676063,3548,0.0827,0.5456,2.2834,0.1034,,,,313,29,0.191,0.491,0.004
alice,1,28676063,3549,0.0784,0.5368,2.4972,0.1036,,,,318,32,0.193,0.642,0.004
alice,1,28676063,3550,0.0629,0.4773,2.1047,0.1037,,,,323,30,0.199,0.454,0.004
alice,1,28676063,3551,0.0685,0.4609,2.1497,0.1039,,,,329,31,0.201,0.426,0.004
alice,1,28676063,3552,0.0466,0.4482,1.9794,0.1041,,,,327,28,0.207,0.484,0.004
alice,1,28676063,3553,0.0646,0.4642,2.1082,0.1042,,,,339,20,0.196,0.468,0.004
alice,1,28676063,3554,0.0537,0.4751,2.2286,0.1044,,,,320,17,0.202,0.415,0.005
alice,1,28676063,3555,0.0837,0.4886,2.2841,0.1046,,,,320,30,0.2,0.719,0.004
alice,1,28676063,3556,0.0667,0.4478,2.1607,0.1047,,,,321,21,0.203,0.473,0.005
alice,1,28676063,3557,0.0479,0.4752,2.1405,0.1049,,,,317,23,0.207,0.477,0.004
alice,1,28676063,3558,0.0772,0.4684,2.0539,0.1051,,,,338,21,0.214,0.54,0.004
alice,1,28676063,3559,0.0675,0.5796,2.5714,0.1053,,,,317,23,0.209,0.448,0.005
alice,1,28676063,3560,0.0522,0.4457,2.0326,0.1055,,,,336,15,0.224,0.475,0.005
alice,1,28676063,3561,0.0351,0.5341,2.2931,0.1056,,,,314,9,0.219,0.456,0.004
alice,1,28676063,3562,0.0758,0.4408,1.8299,0.1058,,,,337,13,0.227,0.498,0.004
alice,1,28676063,3563,0.0985,0.5792,2.4595,0.106,,,,318,14,0.233,0.597,0.004
alice,1,28676063,3564,0.0795,0.6117,2.7196,0.1062,,,,322,20,0.202,0.497,0.005
alice,1,28676063,3565,0.0397,0.4919,2.1168,0.1064,,,,318,40,0.178,0.449,0.004
alice,1,28676063,3566,0.04,0.4836,2.1458,0.1067,,,,319,64,0.169,0.469,0.004
alice,1,28676063,3567,0.054,0.4697,2.0,0.1069,,,,296,81,0.163,0.414,0.003
alice,1,28676063,3568,0.08,0.4891,2.1429,0.1071,,,,313,75,0.17,0.523,0.003
alice,1,28676063,3569,0.0631,0.4545,2.0407,0.1073,,,,348,46,0.19,0.474,0.004
alice,1,28676063,3570,0.0655,0.484,2.1307,0.1075,,,,319,58,0.178,0.436,0.004
alice,1,28676063,3571,0.0616,0.4179,2.0556,0.1078,,,,321,62,0.169,0.45,0.004
alice,1,28676063,3572,0.0489,0.5191,2.2169,0.108,,,,315,48,0.18,0.42,0.004
alice,1,28676063,3573,0.0721,0.5009,2.15,0.1082,,,,325,38,0.197,0.431,0.004
alice,1,28676063,3574,0.0729,0.4466,1.9799,0.1085,,,,331,40,0.183,0.465,0.005
alice,1,28676063,3575,0.0525,0.4743,2.0714,0.1087,,,,331,38,0.185,0.445,0.004
alice,1,28676063,3576,0.0453,0.4785,2.2042,0.109,,,,322,33,0.191,0.427,0.004
alice,1,28676063,3577,0.0614,0.4151,1.8341,0.1092,,,,341,39,0.195,0.689,0.004
alice,1,28676063,3578,0.0531,0.4386,1.9406,0.1095,,,,336,26,0.2,0.499,0.004
alice,1,28676063,3579,0.0919,0.4335,2.0106,0.1097,,,,339,22,0.215,0.747,0.004
alice,1,28676063,3580,0.0614,0.4451,2.0286,0.11,,,,320,22,0.22,0.56,0.004
alice,1,28676063,3581,0.0639,0.4162,1.8947,0.1102,,,,322,23,0.207,0.466,0.004
alice,1,28676063,3582,0.0389,0.4829,2.1917,0.1105,,,,334,30,0.202,0.538,0.004
alice,1,28676063,3583,0.0454,0.5117,2.1798,0.1108,,,,321,26,0.196,0.46,0.004
alice,1,28676063,3584,0.0689,0.5385,2.1168,0.111,,,,324,29,0.187,0.485,0.004
alice,1,28676063,3585,0.0568,0.4612,2.0149,0.1113,,,,324,47,0.185,0.623,0.004
alice,1,28676063,3586,0.0727,0.5066,2.2356,0.1116,,,,332,37,0.19,0.614,0.004
alice,1,28676063,3587,0.0649,0.3989,1.7979,0.1119,,,,312,62,0.171,0.598,0.004
alice,1,28676063,3588,0.0744,0.4067,1.684,0.1121,,,,352,34,0.197,0.492,0.004
alice,1,28676063,3589,0.0733,0.4886,2.2022,0.1124,,,,315,35,0.197,0.438,0.005
alice,1,28676063,3590,0.0659,0.4666,2.0354,0.1127,,,,336,24,0.201,0.437,0.004
alice,1,28676063,3591,0.0668,0.4774,2.1705,0.113,,,,320,46,0.179,0.606,0.004
alice,1,28676063,3592,0.044,0.4141,1.9497,0.1133,,,,307,60,0.168,0.42,0.004
alice,1,28676063,3593,0.0652,0.4907,2.1224,0.1136,,,,320,42,0.168,0.603,0.004
alice,1,28676063,3594,0.0793,0.4528,2.0244,0.1139,,,,340,40,0.185,0.573,0.004
alice,1,28676063,3595,0.064,0.4298,1.9783,0.1142,,,,322,49,0.175,0.408,0.004
alice,1,28676063,3596,0.0586,0.3892,1.8721,0.1145,,,,319,63,0.176,0.436,0.004
alice,1,28676063,3597,0.0745,0.4172,2.0355,0.1148,,,,313,40,0.186,0.671,0.005
alice,1,28676063,3598,0.0523,0.3784,2.0714,0.1151,,,,330,25,0.205,0.55,0.004
alice,1,28676063,3599,0.0654,0.4639,2.044,0.1154,,,,335,18,0.21,0.481,0.004
alice,1,28676063,3600,0.0657,0.5337,2.4012,0.1157,,,,310,23,0.204,0.532,0.005
alice,1,28676063,3601,0.0515,0.5822,2.6667,0.116,,,,318,21,0.202,0.448,0.005
alice,1,28676063,3602,0.0143,0.5077,2.2637,0.1163,,,,312,29,0.195,0.455,0.005
alice,1,28676063,3603,0.0329,0.4822,2.2772,0.1166,,,,323,44,0.179,0.445,0.004
alice,1,28676063,3604,0.0463,0.4849,2.369,0.1169,,,,308,58,0.169,0.415,0.004
alice,1,28676063,3605,0.0547,0.4359,2.0497,0.1172,,,,309,62,0.169,0.549,0.004
alice,1,28676063,3606,0.0576,0.4582,2.0904,0.1176,,,,315,71,0.172,0.436,0.004
alice,1,28676063,3607,0.0732,0.4144,1.8594,0.1179,,,,325,46,0.184,0.404,0.004
alice,1,28676063,3608,0.0854,0.4189,1.9737,0.1182,,,,332,29,0.197,0.578,0.004
alice,1,28676063,3609,0.055,0.4001,1.9836,0.1185,,,,306,81,0.162,0.396,0.004
alice,1,28676063,3610,0.0603,0.4028,2.0263,0.1189,,,,323,68,0.165,0.523,0.004
alice,1,28676063,3611,0.0789,0.493,2.3687,0.1192,,,,316,41,0.183,0.456,0.004
alice,1,28676063,3612,0.0781,0.4481,2.0847,0.1195,,,,316,56,0.172,0.414,0.004
alice,1,28676063,3613,0.0729,0.5657,2.5263,0.1199,,,,321,27,0.196,0.484,0.005
alice,1,28676063,3614,0.0589,0.5359,2.4444,0.1202,,,,318,27,0.193,0.417,0.005
alice,1,28676063,3615,0.0432,0.534,2.2565,0.1206,,,,318,30,0.191,0.493,0.005
alice,1,28676063,3616,0.0563,0.5143,2.326,0.1209,,,,321,37,0.186,0.503,0.004
alice,1,28676063,3617,0.0403,0.4603,2.1316,0.1212,,,,320,43,0.184,0.514,0.004
alice,1,28676063,3618,0.0502,0.4873,2.224,0.1216,,,,322,35,0.184,0.444,0.004
alice,1,28676063,3619,0.0588,0.5205,2.3408,0.1219,,,,323,32,0.2,0.627,0.005
alice,1,28676063,3620,0.0657,0.5256,2.4327,0.1223,,,,320,19,0.225,0.526,0.006
alice,1,28676063,3621,0.0551,0.5246,2.3352,0.1226,,,,313,24,0.21,0.447,0.005
alice,1,28676063,3622,0.0522,0.5063,2.2088,0.123,,,,317,32,0.201,0.566,0.004
alice,1,28676063,3623,0.0461,0.4142,1.9116,0.1233,,,,315,59,0.169,0.619,0.004
alice,1,28676063,3624,0.0606,0.4953,2.2368,0.1237,,,,320,46,0.178,0.462,0.004
alice,1,28676063,3625,0.0912,0.4931,2.4451,0.1241,,,,322,31,0.186,0.538,0.004
alice,1,28676063,3626,0.0389,0.4136,1.9259,0.1244,,,,321,37,0.181,0.54,0.005
alice,1,28676063,3627,0.0544,0.5356,2.2629,0.1248,,,,324,28,0.183,0.417,0.005
alice,1,28676063,3628,0.0541,0.5437,2.4136,0.1252,,,,319,37,0.195,0.465,0.005
alice,1,28676063,3629,0.0798,0.4675,2.0804,0.1255,,,,352,19,0.203,0.541,0.005
alice,1,28676063,3630,0.0529,0.4934,2.1081,0.1259,,,,315,31,0.196,0.452,0.004
alice,1,28676063,3631,0.0584,0.427,1.9296,0.1263,,,,336,40,0.19,0.489,0.004
alice,1,28676063,3632,0.0697,0.3859,1.7447,0.1266,,,,328,49,0.189,0.431,0.004
alice,1,28676063,3633,0.0794,0.4453,1.9487,0.127,,,,339,20,0.212,0.431,0.004
alice,1,28676063,3634,0.0565,0.4382,1.9309,0.1274,,,,321,42,0.191,0.789,0.004
alice,1,28676063,3635,0.0764,0.4756,2.1429,0.1278,,,,305,73,0.164,0.57,0.004
alice,1,28676063,3636,0.0852,0.4867,2.2428,0.1282,,,,318,46,0.191,0.457,0.004
alice,1,28676063,3637,0.0699,0.4647,2.0286,0.1286,,,,311,46,0.187,0.423,0.003
alice,1,28676063,3638,0.0556,0.4138,1.9635,0.129,,,,329,42,0.191,0.631,0.004
alice,1,28676063,3639,0.0705,0.4144,1.9412,0.1294,,,,325,37,0.19,0.695,0.005
alice,1,28676063,3640,0.0459,0.447,2.0606,0.1298,,,,324,26,0.194,0.484,0.004
alice,1,28676063,3641,0.0442,0.5357,2.3198,0.1302,,,,327,38,0.189,0.496,0.004
alice,1,28676063,3642,0.0512,0.512,2.1058,0.1306,,,,334,26,0.192,0.457,0.004
alice,1,28676063,3643,0.0643,0.4984,2.1386,0.131,,,,329,34,0.185,0.453,0.004
alice,1,28676063,3644,0.0889,0.4451,2.0606,0.1314,,,,336,35,0.184,0.471,0.005
alice,1,28676063,3645,0.0467,0.4911,2.1458,0.1318,,,,318,35,0.189,0.535,0.005
alice,1,28676063,3646,0.0511,0.5439,2.4286,0.1322,,,,325,36,0.197,0.553,0.005
alice,1,28676063,3647,0.015,0.5199,2.3793,0.1326,,,,300,35,0.182,0.582,0.005
alice,1,28676063,3648,0.0525,0.5484,2.455,0.133,,,,318,35,0.186,0.488,0.004
alice,1,28676063,3649,0.0467,0.5554,2.5862,0.1334,,,,316,42,0.174,0.629,0.004
alice,1,28676063,3650,0.0606,0.481,2.1552,0.1338,,,,315,33,0.187,0.414,0.004
alice,1,28676063,3651,0.0355,0.493,2.1732,0.1342,,,,308,50,0.172,0.505,0.004
alice,1,28676063,3652,0.0566,0.5536,2.4689,0.1346,,,,305,48,0.176,0.425,0.004
alice,1,28676063,3653,0.0393,0.4769,2.1218,0.135,,,,316,49,0.18,0.616,0.004
alice,1,28676063,3654,0.0674,0.4685,2.1658,0.1354,,,,325,62,0.165,0.498,0.004
alice,1,28676063,3655,0.0648,0.4265,2.1017,0.1358,,,,318,68,0.167,0.493,0.004
alice,1,28676063,3656,0.0604,0.4354,2.1326,0.1363,,,,323,41,0.18,0.466,0.004
alice,1,28676063,3657,0.0614,0.4913,2.2912,0.1367,,,,311,43,0.178,0.413,0.004
alice,1,28676063,3658,0.0475,0.4392,2.016,0.1371,,,,313,63,0.17,0.437,0.004
alice,1,28676063,3659,0.0685,0.4825,2.25,0.1375,,,,326,47,0.175,0.43,0.004
alice,1,28676063,3660,0.0457,0.4747,2.1957,0.1379,,,,310,49,0.161,0.474,0.005
alice,1,28676063,3661,0.057,0.496,2.224,0.1383,,,,323,47,0.171,0.496,0.004
alice,1,28676063,3662,0.0548,0.4303,2.1143,0.1387,,,,323,47,0.189,0.553,0.004
alice,1,28676063,3663,0.0577,0.4966,2.2941,0.1391,,,,304,48,0.169,0.437,0.004
alice,1,28676063,3664,0.0371,0.4648,2.0526,0.1395,,,,333,34,0.183,0.442,0.004
alice,1,28676063,3665,0.0649,0.4795,2.178,0.1399,,,,324,42,0.194,0.52,0.004
alice,1,28676063,3666,0.0584,0.5276,2.2953,0.1403,,,,323,34,0.19,0.64,0.004
alice,1,28676063,3667,0.0673,0.4165,1.9686,0.1407,,,,339,34,0.191,0.619,0.005
alice,1,28676063,3668,0.0292,0.4035,1.9659,0.1411,,,,310,31,0.184,0.521,0.005
alice,1,28676063,3669,0.0847,0.5712,2.5363,0.1415,,,,318,26,0.198,0.513,0.005
alice,1,28676063,3670,0.0781,0.5429,2.3684,0.142,,,,314,33,0.191,0.437,0.005
alice,1,28676063,3671,0.0439,0.5949,2.6062,0.1424,,,,324,31,0.175,0.421,0.005
alice,1,28676063,3672,0.0412,0.4672,2.2059,0.1428,,,,317,52,0.166,0.663,0.004
alice,1,28676063,3673,0.0345,0.4688,2.0857,0.1432,,,,306,45,0.166,0.568,0.004
alice,1,28676063,3674,0.0517,0.499,2.25,0.1436,,,,321,43,0.173,0.494,0.004
alice,1,28676063,3675,0.036,0.4098,1.9231,0.144,,,,319,63,0.159,0.572,0.004
alice,1,28676063,3676,0.0541,0.4201,1.9231,0.1444,,,,331,71,0.147,0.64,0.004
alice,1,28676063,3677,0.0615,0.4878,2.2428,0.1448,,,,311,64,0.158,0.517,0.004
alice,1,28676063,3678,0.05,0.4725,2.1602,0.1453,,,,312,42,0.184,0.595,0.004
alice,1,28676063,3679,0.0518,0.4386,2.0567,0.1457,,,,326,53,0.158,0.445,0.004
alice,1,28676063,3680,0.0388,0.36,1.8073,0.1461,,,,327,57,0.152,0.421,0.004
alice,1,28676063,3681,0.0542,0.3912,1.8621,0.1465,,,,306,87,0.151,0.563,0.004
alice,1,28676063,3682,0.0768,0.4713,2.1628,0.147,,,,300,75,0.166,0.513,0.004
alice,1,28676063,3683,0.0464,0.4179,1.9296,0.1474,,,,307,75,0.151,0.423,0.004
alice,1,28676063,3684,0.0504,0.3554,1.6905,0.1478,,,,335,68,0.16,0.69,0.004
alice,1,28676063,3685,0.0676,0.5434,2.4865,0.1483,,,,313,58,0.171,0.493,0.005
alice,1,28676063,3686,0.0469,0.4652,2.0417,0.1487,,,,331,44,0.17,0.457,0.005
alice,1,28676063,3687,0.0219,0.4576,2.0471,0.1492,,,,309,45,0.167,0.593,0.005
alice,1,28676063,3688,0.0554,0.5007,2.3089,0.1496,,,,325,44,0.173,0.563,0.005
alice,1,28676063,3689,0.032,0.4714,2.2637,0.1501,,,,306,50,0.164,0.432,0.005
alice,1,28676063,3690,0.0687,0.556,2.5405,0.1505,,,,317,37,0.178,0.44,0.005
alice,1,28676063,3691,0.0744,0.444,2.1421,0.151,,,,321,47,0.164,0.452,0.005
alice,1,28676063,3692,0.0846,0.4711,2.152,0.1514,,,,342,28,0.178,0.406,0.005
alice,1,28676063,3693,0.0277,0.3669,1.9392,0.1519,,,,320,65,0.159,0.514,0.004
alice,1,28676063,3694,0.0298,0.4128,1.9278,0.1523,,,,320,49,0.167,0.429,0.004
alice,1,28676063,3695,0.058,0.3644,1.8523,0.1528,,,,312,94,0.153,0.571,0.004
alice,1,28676063,3696,0.0498,0.4418,1.9945,0.1532,,,,311,69,0.152,0.375,0.005
alice,1,28676063,3697,0.0433,0.4976,2.224,0.1537,,,,305,62,0.16,0.442,0.005
alice,1,28676063,3698,0.0683,0.5425,2.3523,0.1542,,,,323,37,0.177,0.524,0.005
alice,1,28676063,3699,0.082,0.5563,2.6474,0.1546,,,,316,41,0.169,0.47,0.005
alice,1,28676063,3700,0.032,0.5052,2.3554,0.1551,,,,303,49,0.167,0.508,0.004
alice,1,28676063,3701,0.0307,0.4509,2.1864,0.1555,,,,311,48,0.163,0.607,0.004
alice,1,28676063,3702,0.0403,0.4522,1.9948,0.156,,,,316,66,0.159,0.488,0.004
alice,1,28676063,3703,0.0841,0.449,2.0733,0.1565,,,,327,45,0.17,0.603,0.004
alice,1,28676063,3704,0.0492,0.4746,2.1538,0.1569,,,,320,41,0.169,0.46,0.005
alice,1,28676063,3705,0.0401,0.4927,2.1905,0.1574,,,,310,42,0.182,0.537,0.005
alice,1,28676063,3706,0.0435,0.5005,2.1683,0.1579,,,,334,31,0.19,0.758,0.005
alice,1,28676063,3707,0.0233,0.5432,2.4246,0.1584,,,,311,45,0.179,0.741,0.005
alice,1,28676063,3708,0.0241,0.4912,2.3473,0.1588,,,,310,58,0.167,0.417,0.004
alice,1,28676063,3709,0.0267,0.401,1.9877,0.1593,,,,304,82,0.16,0.57,0.004
alice,1,28676063,3710,0.0459,0.4136,2.0802,0.1598,,,,312,51,0.172,0.521,0.004
alice,1,28676063,3711,0.0394,0.4292,2.1326,0.1603,,,,315,39,0.18,0.564,0.004
alice,1,28676063,3712,0.0519,0.4732,2.3353,0.1607,,,,306,51,0.171,0.578,0.004
alice,1,28676063,3713,0.054,0.5233,2.4819,0.1612,,,,295,55,0.162,0.445,0.004
alice,1,28676063,3714,0.0528,0.5663,2.6486,0.1617,,,,311,35,0.17,0.532,0.005
alice,1,28676063,3715,0.0381,0.4057,2.0556,0.1622,,,,315,78,0.152,0.567,0.004
alice,1,28676063,3716,-0.0022,0.3921,1.9722,0.1627,,,,293,89,0.146,0.484,0.003
alice,1,28676063,3717,0.0336,0.4841,2.2732,0.1631,,,,319,64,0.164,0.634,0.004
alice,1,28676063,3718,0.0266,0.4387,2.1307,0.1636,,,,312,75,0.151,0.438,0.004
alice,1,28676063,3719,0.0336,0.4114,2.0149,0.1641,,,,326,68,0.153,0.731,0.004
alice,1,28676063,3720,0.019,0.4474,2.3006,0.1646,,,,297,87,0.14,0.517,0.004
alice,1,28676063,3721,0.0251,0.5044,2.3978,0.1651,,,,299,81,0.141,0.476,0.004
alice,1,28676063,3722,0.0689,0.4593,2.257,0.1656,,,,292,117,0.137,0.682,0.005
alice,1,28676063,3723,0.0367,0.4544,2.3889,0.1661,,,,283,111,0.136,0.618,0.004
alice,1,28676063,3724,0.0441,0.472,2.3253,0.1666,,,,298,97,0.141,0.495,0.005
alice,1,28676063,3725,0.0537,0.434,2.2424,0.1671,,,,310,70,0.154,0.391,0.005
alice,1,28676063,3726,0.0258,0.5036,2.4151,0.1676,,,,299,55,0.164,0.645,0.004
alice,1,28676063,3727,0.0507,0.4809,2.1732,0.1681,,,,306,50,0.161,0.724,0.005
alice,1,28676063,3728,0.0636,0.4047,1.9585,0.1686,,,,318,64,0.16,0.509,0.005
alice,1,28676063,3729,0.0392,0.4427,2.236,0.1691,,,,325,52,0.167,0.612,0.005
alice,1,28676063,3730,0.0311,0.4211,1.9697,0.1696,,,,314,55,0.169,0.539,0.004
alice,1,28676063,3731,0.0376,0.4375,2.0,0.1701,,,,315,44,0.162,0.437,0.004
alice,1,28676063,3732,0.05,0.4485,2.1602,0.1707,,,,331,47,0.169,0.454,0.004
alice,1,28676063,3733,0.0235,0.4841,2.2866,0.1712,,,,299,49,0.162,0.637,0.005
alice,1,28676063,3734,0.0469,0.4594,2.1207,0.1717,,,,306,66,0.153,0.607,0.004
alice,1,28676063,3735,0.0572,0.4462,2.1932,0.1722,,,,301,71,0.147,0.725,0.005
alice,1,28676063,3736,0.0487,0.4427,2.2428,0.1727,,,,310,65,0.158,0.487,0.004
alice,1,28676063,3737,0.051,0.3916,1.9756,0.1732,,,,300,74,0.148,0.565,0.004
alice,1,28676063,3738,0.0463,0.4317,2.0989,0.1737,,,,315,54,0.154,0.402,0.005
alice,1,28676063,3739,0.0504,0.3969,1.9259,0.1742,,,,320,76,0.149,0.635,0.004
alice,1,28676063,3740,0.08,0.3813,2.0169,0.1747,,,,318,71,0.145,0.788,0.005
alice,1,28676063,3741,0.0555,0.4025,2.0,0.1752,,,,318,56,0.157,0.628,0.005
alice,1,28676063,3742,0.0435,0.4898,2.4024,0.1757,,,,297,55,0.156,0.496,0.004
alice,1,28676063,3743,0.0201,0.4922,2.4167,0.1762,,,,297,68,0.146,0.761,0.004
alice,1,28676063,3744,0.0255,0.4573,2.2022,0.1767,,,,302,87,0.143,0.514,0.004
alice,1,28676063,3745,0.0491,0.4024,2.0106,0.1772,,,,315,85,0.139,0.598,0.004
alice,1,28676063,3746,0.0413,0.4575,2.1622,0.1777,,,,311,71,0.142,0.398,0.005
alice,1,28676063,3747,0.0438,0.4492,2.0656,0.1782,,,,311,67,0.152,0.43,0.005
alice,1,28676063,3748,0.0469,0.5075,2.4327,0.1787,,,,297,92,0.142,0.467,0.004
alice,1,28676063,3749,0.031,0.463,2.0881,0.1792,,,,317,67,0.147,0.393,0.005
alice,1,28676063,3750,0.0467,0.3948,1.9514,0.1797,,,,321,66,0.147,0.62,0.004
alice,1,28676063,3751,0.042,0.4185,2.0449,0.1802,,,,315,56,0.157,0.657,0.004
alice,1,28676063,3752,0.047,0.4523,2.1722,0.1808,,,,314,60,0.156,0.65,0.004
alice,1,28676063,3753,0.0462,0.3952,1.9783,0.1813,,,,327,46,0.16,0.672,0.004
alice,1,28676063,3754,0.0376,0.4323,2.1471,0.1818,,,,303,56,0.157,0.477,0.004
alice,1,28676063,3755,0.0517,0.3725,2.0057,0.1823,,,,325,54,0.163,0.647,0.004
alice,1,28676063,3756,0.031,0.3977,1.9714,0.1828,,,,304,59,0.158,0.675,0.004
alice,1,28676063,3757,0.0356,0.3922,1.9409,0.1833,,,,312,89,0.146,0.397,0.004
alice,1,28676063,3758,0.0311,0.4267,1.9893,0.1838,,,,314,61,0.154,0.545,0.004
alice,1,28676063,3759,0.058,0.5384,2.5254,0.1843,,,,310,57,0.161,0.63,0.004
alice,1,28676063,3760,0.045,0.4378,2.25,0.1848,,,,294,89,0.143,0.523,0.005
alice,1,28676063,3761,0.0377,0.444,2.1657,0.1853,,,,315,56,0.146,0.643,0.004
alice,1,28676063,3762,0.0233,0.3951,2.0526,0.1858,,,,294,94,0.143,0.513,0.004
alice,1,28676063,3763,0.0504,0.4796,2.326,0.1864,,,,313,59,0.152,0.478,0.004
alice,1,28676063,3764,0.0392,0.4453,2.241,0.1869,,,,299,85,0.142,0.591,0.004
alice,1,28676063,3765,0.0331,0.3724,1.8523,0.1874,,,,306,91,0.139,0.568,0.004
alice,1,28676063,3766,0.0551,0.4314,2.087,0.1879,,,,308,67,0.153,0.518,0.004
alice,1,28676063,3767,0.049,0.3837,1.86,0.1884,,,,320,70,0.155,0.729,0.004
alice,1,28676063,3768,0.0351,0.4242,2.071,0.1889,,,,309,77,0.153,0.728,0.005
alice,1,28676063,3769,0.0407,0.4131,2.1389,0.1894,,,,300,76,0.146,0.481,0.005
alice,1,28676063,3770,0.049,0.4456,2.2079,0.1899,,,,331,42,0.157,0.457,0.005
alice,1,28676063,3771,0.0286,0.4376,2.135,0.1904,,,,301,46,0.156,0.444,0.004
alice,1,28676063,3772,0.0429,0.4266,2.092,0.1909,,,,300,71,0.151,0.485,0.004
alice,1,28684922,3773,0.0358,0.2921,2.0357,0.1008,,,,194,297,0.071,0.668,0.002
alice,1,28684922,3774,0.0417,0.1828,2.1017,0.1012,,,,98,492,0.03,0.577,0.001
alice,1,28684922,3775,0.0592,0.0601,1.8667,0.1016,,,,38,654,0.009,0.354,0.001
alice,1,28684922,3776,0.0566,0.02,2.6667,0.102,,,,4,748,0.002,0.529,0.001
alice,1,28684922,3777,0.0763,0.0146,6.0,0.102,,,,4,757,0.002,0.535,0.0
alice,1,28684922,3778,0.0565,0.0079,1.0,0.102,,,,2,763,0.001,0.213,0.001
alice,1,28684922,3779,0.1202,0.0068,6.0,0.102,,,,1,765,0.0,0.08,0.0
alice,1,28684922,3780,0.0771,0.0014,0.0,0.102,,,,0,768,0.0,0.0,0.0
alice,1,28684922,3781,0.0835,0.0011,0.0,0.102,,,,0,768,0.0,0.0,0.0
alice,1,28684922,3782,0.1235,0.001,0.0,0.102,,,,0,768,0.0,0.0,0.0
alice,1,28684922,3783,0.0993,0.0006,0.0,0.102,,,,0,768,0.0,0.0,0.0
alice,1,28684922,3784,0.2021,0.0005,0.0,0.102,,,,0,768,0.0,0.0,0.0
alice,1,28684922,3785,0.2064,0.0004,0.0,0.102,,,,0,768,0.0,0.0,0.0
alice,1,28684922,3786,0.192,0.0003,0.0,0.102,,,,0,768,0.0,0.0,0.0
alice,1,28684922,3787,0.1232,0.0003,0.0,0.102,,,,0,768,0.0,0.0,0.0
alice,1,28684922,3788,0.0887,0.0003,0.0,0.102,,,,0,768,0.0,0.0,0.0
alice,1,28684922,3789,0.0915,0.0001,0.0,0.102,,,,0,768,0.0,0.0,0.0
alice,1,28684922,3790,0.0936,0.0001,0.0,0.102,,,,0,768,0.0,0.0,0.0
alice,1,28684922,3791,0.1318,0.0001,0.0,0.102,,,,0,768,0.0,0.0,0.0
alice,1,28684922,3792,0.1603,0.0001,0.0,0.102,,,,0,768,0.0,0.0,0.0
alice,1,28684922,3793,0.1575,0.0001,0.0,0.102,,,,0,768,0.0,0.0,0.0
alice,1,28684922,3794,0.2596,0.0002,0.0,0.102,,,,0,768,0.0,0.0,0.0
alice,1,28684922,3795,0.0909,0.0003,0.0,0.102,,,,0,768,0.0,0.0,0.0
alice,1,28684922,3796,0.068,0.0003,0.0,0.102,,,,0,768,0.0,0.0,0.0
alice,1,28684922,3797,0.0817,0.0002,0.0,0.102,,,,0,768,0.0,0.0,0.0
alice,1,28684922,3798,0.0794,0.0001,0.0,0.102,,,,0,768,0.0,0.0,0.0
alice,1,28684922,3799,0.096,0.0001,0.0,0.102,,,,0,768,0.0,0.0,0.0
alice,1,28684922,3800,0.1078,0.0001,0.0,0.102,,,,0,768,0.0,0.0,0.0
alice,1,28684922,3801,0.0894,0.0001,0.0,0.102,,,,0,768,0.0,0.0,0.0
alice,1,28684922,3802,0.0998,0.0001,0.0,0.102,,,,0,768,0.0,0.0,0.0
alice,1,28684922,3803,0.1766,0.0001,0.0,0.102,,,,0,768,0.0,0.0,0.0
alice,1,28684922,3804,3.3629,0.0003,0.0,0.102,,,,0,768,0.0,0.0,0.0
alice,1,28684922,3805,0.0625,0.0026,1.0,0.102,,,,1,767,0.0,0.174,0.0
alice,1,28684922,3806,0.0724,0.0056,2.6667,0.102,,,,6,758,0.003,0.611,0.001
alice,1,28684922,3807,0.0439,0.011,2.0,0.102,,,,12,747,0.003,0.326,0.0
alice,1,28684922,3808,0.0402,0.0297,3.7778,0.102,,,,18,722,0.003,0.274,0.001
alice,1,28684922,3809,0.0372,0.031,3.7778,0.102,,,,25,712,0.006,0.431,0.001
alice,1,28684922,3810,0.0722,0.0211,1.8333,0.102,,,,28,701,0.006,0.233,0.001
alice,1,28684922,3811,0.0363,0.0413,3.5,0.102,,,,24,698,0.006,0.443,0.001
alice,1,28684922,3812,0.0416,0.0446,3.8571,0.102,,,,25,707,0.007,0.48,0.001
alice,1,28684922,3813,0.0413,0.0355,2.7857,0.102,,,,26,706,0.009,0.92,0.001
alice,1,28684922,3814,0.0433,0.0307,3.7778,0.102,,,,22,716,0.007,0.529,0.001
alice,1,28684922,3815,0.0538,0.0274,2.1111,0.102,,,,29,712,0.008,0.406,0.001
alice,1,28684922,3816,0.0571,0.031,3.0,0.102,,,,21,703,0.008,0.598,0.001
alice,1,28684922,3817,0.0634,0.041,1.9091,0.102,,,,41,684,0.012,0.575,0.001
alice,1,28684922,3818,0.0785,0.0467,2.6667,0.102,,,,38,675,0.012,0.727,0.001
alice,1,28684922,3819,0.0692,0.0491,2.1364,0.102,,,,49,664,0.018,0.692,0.001
alice,1,28684922,3820,0.0748,0.0752,2.3235,0.102,,,,59,625,0.018,0.674,0.001
alice,1,28684922,3821,0.0826,0.0598,2.7308,0.102,,,,47,647,0.016,0.668,0.001
alice,1,28684922,3822,0.0799,0.0466,1.8929,0.102,,,,45,660,0.015,0.658,0.001
alice,1,28684922,3823,0.0959,0.0653,2.129,0.102,,,,54,649,0.018,0.526,0.001
alice,1,28684922,3824,0.0936,0.1115,2.6667,0.102,,,,76,594,0.028,0.585,0.001
alice,1,28684922,3825,0.1143,0.0916,2.4865,0.102,,,,77,585,0.026,0.686,0.001
alice,1,28684922,3826,0.0939,0.0805,2.3889,0.102,,,,66,595,0.023,0.685,0.001
alice,1,28684922,3827,0.0952,0.1017,2.7105,0.102,,,,72,596,0.027,0.642,0.001
alice,1,28684922,3828,0.0882,0.0773,2.7308,0.102,,,,56,630,0.023,0.636,0.001
alice,1,28684922,3829,0.0861,0.0852,2.4571,0.102,,,,60,621,0.021,0.6,0.001
alice,1,28684922,3830,0.0937,0.1057,2.9048,0.102,,,,71,595,0.029,0.688,0.001
alice,1,28684922,3831,0.0846,0.0903,2.3095,0.102,,,,80,592,0.028,0.922,0.001
alice,1,28684922,3832,0.095,0.0713,2.6071,0.102,,,,58,623,0.02,0.543,0.001
alice,1,28684922,3833,0.1049,0.091,2.8056,0.102,,,,61,607,0.021,0.593,0.001
alice,1,28684922,3834,0.0907,0.1211,3.4651,0.102,,,,69,599,0.028,0.717,0.001
alice,1,28684922,3835,0.1009,0.1055,2.8571,0.102,,,,73,604,0.025,0.535,0.001
alice,1,28684922,3836,0.1136,0.1144,2.5476,0.102,,,,85,565,0.033,0.705,0.001
alice,1,28684922,3837,0.1061,0.1048,2.875,0.102,,,,65,590,0.027,0.672,0.001
alice,1,28684922,3838,0.1104,0.1032,2.3043,0.102,,,,79,584,0.033,0.653,0.001
alice,1,28684922,3839,0.1098,0.1152,2.5882,0.102,,,,92,561,0.037,0.842,0.001
alice,1,28684922,3840,0.1024,0.1217,2.4074,0.102,,,,95,546,0.036,0.816,0.001
alice,1,28684922,3841,0.1078,0.1361,2.72,0.102,,,,90,551,0.03,0.766,0.001
alice,1,28684922,3842,0.1044,0.1362,3.125,0.102,,,,89,561,0.034,0.827,0.001
alice,1,28684922,3843,0.1038,0.1377,3.093,0.102,,,,83,535,0.035,0.648,0.001
alice,1,28684922,3844,0.1165,0.1176,2.2791,0.102,,,,94,558,0.036,0.839,0.001
alice,1,28684922,3845,0.1086,0.0768,2.3667,0.102,,,,54,599,0.021,0.623,0.001
alice,1,28684922,3846,0.1328,0.1024,2.6667,0.102,,,,70,614,0.026,0.759,0.001
alice,1,28684922,3847,0.1037,0.128,2.7949,0.102,,,,85,578,0.033,0.745,0.001
alice,1,28684922,3848,0.1013,0.1068,2.4286,0.102,,,,76,575,0.036,0.75,0.001
alice,1,28684922,3849,0.0966,0.1232,2.75,0.102,,,,83,566,0.036,0.768,0.001
alice,1,28684922,3850,0.1083,0.1055,2.4103,0.102,,,,78,562,0.034,0.843,0.001
alice,1,28684922,3851,0.0613,0.1307,3.3077,0.102,,,,75,576,0.03,0.742,0.001
alice,1,28684922,3852,0.0365,0.1302,3.0652,0.102,,,,90,553,0.034,0.774,0.001
alice,1,28684922,3853,0.0498,0.1436,3.4048,0.102,,,,78,555,0.032,0.645,0.001
alice,1,28684922,3854,0.1303,0.142,2.7857,0.102,,,,86,557,0.033,0.689,0.001
alice,1,28684922,3855,0.0703,0.1989,3.193,0.102,,,,105,525,0.042,0.691,0.001
alice,1,28684922,3856,0.0618,0.2016,3.2131,0.102,,,,99,505,0.043,0.627,0.001
alice,1,28684922,3857,0.0672,0.1851,2.7797,0.102,,,,110,509,0.044,0.699,0.001
alice,1,28684922,3858,0.0638,0.1984,2.8033,0.102,,,,121,479,0.052,0.737,0.001
alice,1,28684922,3859,0.0538,0.1562,2.9048,0.102,,,,94,519,0.042,0.774,0.001
alice,1,28684922,3860,0.0635,0.1753,2.6964,0.102,,,,101,501,0.047,0.717,0.001
alice,1,28684922,3861,0.0566,0.1751,2.5686,0.102,,,,117,508,0.055,0.74,0.001
alice,1,28684922,3862,0.1493,0.1947,2.7742,0.102,,,,120,467,0.056,0.745,0.001
alice,1,28684922,3863,0.1014,0.2283,3.1552,0.102,,,,129,452,0.06,0.656,0.001
alice,1,28684922,3864,0.0826,0.2167,3.2653,0.102,,,,120,445,0.055,0.806,0.001
alice,1,28684922,3865,0.1607,0.1925,3.0652,0.102,,,,104,488,0.041,0.508,0.001
alice,1,28684922,3866,0.1319,0.281,3.5493,0.102,,,,136,430,0.066,0.753,0.001
alice,1,28684922,3867,0.14,0.2231,3.3214,0.102,,,,102,471,0.044,0.653,0.001
alice,1,28684922,3868,0.1493,0.1743,3.3617,0.102,,,,95,530,0.039,0.6,0.001
alice,1,28684922,3869,0.0662,0.1851,3.1552,0.102,,,,92,523,0.035,0.656,0.001
alice,1,28684922,3870,0.1465,0.1482,3.2619,0.102,,,,89,552,0.033,0.729,0.001
alice,1,28684922,3871,0.0681,0.2113,3.6724,0.102,,,,96,506,0.041,0.72,0.001
alice,1,28684922,3872,0.0762,0.1559,2.8627,0.102,,,,106,534,0.036,0.672,0.001
alice,1,28684922,3873,0.1539,0.1434,2.5116,0.102,,,,82,531,0.031,0.754,0.001
alice,1,28684922,3874,0.1047,0.2172,4.0769,0.102,,,,92,524,0.04,0.692,0.001
alice,1,28684922,3875,0.0737,0.152,3.6316,0.102,,,,84,546,0.034,0.627,0.001
alice,1,28684922,3876,0.1379,0.15,3.093,0.102,,,,81,550,0.032,0.855,0.001
alice,1,28684922,3877,0.1112,0.2625,3.619,0.102,,,,123,471,0.053,0.798,0.001
alice,1,28684922,3878,0.0833,0.2217,3.9464,0.102,,,,97,479,0.044,0.691,0.001
alice,1,28684922,3879,0.1548,0.1592,2.7021,0.102,,,,101,532,0.034,0.605,0.001
alice,1,28684922,3880,0.1444,0.17,3.2857,0.102,,,,101,508,0.037,0.753,0.001
alice,1,28684922,3881,0.1526,0.1555,3.6316,0.102,,,,89,516,0.033,0.555,0.001
alice,1,28684922,3882,0.1375,0.183,3.2553,0.102,,,,103,514,0.039,0.78,0.001
alice,1,28684922,3883,0.1005,0.2361,3.931,0.102,,,,111,466,0.045,1.021,0.001
alice,1,28684922,3884,0.1514,0.2021,3.3469,0.102,,,,118,481,0.046,0.59,0.001
alice,1,28684922,3885,0.0527,0.1737,3.7273,0.102,,,,77,517,0.031,0.589,0.001
alice,1,28684922,3886,0.0532,0.0886,3.04,0.102,,,,59,611,0.021,0.713,0.001
alice,1,28684922,3887,0.05,0.0792,4.3333,0.102,,,,41,634,0.016,0.626,0.001
alice,1,28684922,3888,0.0783,0.1019,4.6842,0.102,,,,55,636,0.019,0.732,0.001
alice,1,28684922,3889,0.144,0.1016,3.1739,0.102,,,,57,620,0.019,0.843,0.001
alice,1,28684922,3890,0.0979,0.1766,3.8261,0.102,,,,90,548,0.035,0.673,0.001
alice,1,28684922,3891,0.0806,0.2107,3.7083,0.102,,,,116,490,0.045,0.661,0.001
alice,1,28684922,3892,0.1244,0.1847,3.8205,0.102,,,,89,505,0.04,0.843,0.001
alice,1,28684922,3893,0.1249,0.1903,4.0,0.102,,,,90,521,0.035,0.765,0.001
alice,1,28684922,3894,0.1214,0.179,3.9302,0.102,,,,89,533,0.033,0.576,0.001
alice,1,28684922,3895,0.1005,0.2358,3.5862,0.102,,,,123,463,0.048,0.595,0.001
alice,1,28684922,3896,0.0794,0.2033,3.0,0.102,,,,123,454,0.054,0.693,0.001
alice,1,28684922,3897,0.0795,0.212,3.5686,0.102,,,,119,445,0.049,0.727,0.001
alice,1,28684922,3898,0.1555,0.2319,3.5,0.102,,,,124,444,0.051,0.735,0.002
alice,1,28684922,3899,0.0992,0.2857,4.2321,0.102,,,,124,430,0.051,0.663,0.001
alice,1,28684922,3900,0.071,0.2463,3.5,0.102,,,,131,420,0.051,0.709,0.001
alice,1,28684922,3901,0.0763,0.2947,3.8571,0.102,,,,140,393,0.065,0.967,0.002
alice,1,28684922,3902,0.0884,0.3005,4.3,0.102,,,,152,374,0.069,0.599,0.002
alice,1,28684922,3903,0.1573,0.2219,3.3276,0.102,,,,105,426,0.041,0.569,0.001
alice,1,28684922,3904,0.1217,0.3345,4.1127,0.102,,,,152,386,0.061,0.652,0.002
alice,1,28684922,3905,0.1509,0.2162,3.1692,0.102,,,,125,420,0.045,0.528,0.001
alice,1,28684922,3906,0.1522,0.1839,3.3913,0.102,,,,127,465,0.044,0.576,0.001
alice,1,28684922,3907,0.1507,0.2,3.3,0.102,,,,116,443,0.04,0.436,0.001
alice,1,28684922,3908,0.1539,0.3911,3.7222,0.102,,,,180,333,0.076,0.637,0.002
alice,1,28684922,3909,0.0979,0.3524,3.4118,0.102,,,,183,297,0.079,0.695,0.002
alice,1,28684922,3910,0.0855,0.3093,3.2436,0.102,,,,169,317,0.074,0.769,0.002
alice,1,28684922,3911,0.1111,0.3305,3.5,0.102,,,,180,300,0.081,0.878,0.002
alice,1,28684922,3912,0.1034,0.325,3.7213,0.102,,,,162,317,0.078,0.735,0.002
alice,1,28684922,3913,0.1622,0.2687,3.5806,0.102,,,,131,388,0.056,0.665,0.001
alice,1,28684922,3914,0.1399,0.2919,3.3676,0.102,,,,171,361,0.072,0.82,0.002
alice,1,28684922,3915,0.1236,0.3522,3.4342,0.102,,,,186,285,0.089,0.703,0.002
alice,1,28684922,3916,0.1031,0.3514,4.0833,0.102,,,,170,300,0.083,0.823,0.002
alice,1,28684922,3917,0.0851,0.3567,3.284,0.102,,,,166,300,0.081,0.636,0.002
alice,1,28684922,3918,0.1219,0.4185,3.809,0.102,,,,197,272,0.092,0.721,0.002
alice,1,28684922,3919,0.1472,0.4452,3.9767,0.102,,,,189,254,0.098,0.651,0.002
alice,1,28684922,3920,0.1231,0.4597,3.8023,0.102,,,,192,256,0.103,0.852,0.002
alice,1,28684922,3921,0.1415,0.3078,3.3288,0.102,,,,129,373,0.056,0.69,0.001
alice,1,28684922,3922,0.1633,0.2416,3.6613,0.102,,,,115,454,0.046,0.5,0.001
alice,1,28684922,3923,0.1555,0.386,3.7195,0.102,,,,187,332,0.087,0.673,0.002
alice,1,28684922,3924,0.1356,0.4663,4.3951,0.102,,,,185,255,0.095,0.707,0.002
alice,1,28684922,3925,0.0999,0.3655,4.197,0.102,,,,164,295,0.087,0.646,0.002
alice,1,28684922,3926,0.1417,0.435,4.2597,0.102,,,,186,270,0.088,0.786,0.002
alice,1,28684922,3927,0.1962,0.3039,3.6316,0.102,,,,138,368,0.057,0.539,0.001
alice,1,28684922,3928,0.1626,0.4174,3.9878,0.102,,,,191,283,0.085,0.64,0.002
alice,1,28684922,3929,0.1487,0.3598,4.2069,0.102,,,,157,316,0.076,0.617,0.002
alice,1,28684922,3930,0.0866,0.3371,3.6389,0.102,,,,179,299,0.081,0.522,0.001
alice,1,28684922,3931,0.1147,0.4506,4.0349,0.102,,,,179,260,0.085,0.637,0.002
alice,1,28684922,3932,0.1032,0.3442,4.1127,0.102,,,,147,336,0.069,0.608,0.002
alice,1,28684922,3933,0.0977,0.2846,3.7213,0.102,,,,158,355,0.065,0.642,0.002
alice,1,28684922,3934,0.1231,0.2786,3.5,0.102,,,,173,332,0.073,0.862,0.002
alice,1,28684922,3935,0.1157,0.3206,3.5,0.102,,,,186,277,0.087,0.505,0.002
alice,1,28684922,3936,0.1047,0.3348,3.2857,0.102,,,,173,284,0.083,0.767,0.002
alice,1,28684922,3937,0.1309,0.3195,3.2361,0.102,,,,191,275,0.09,0.726,0.002
alice,1,28684922,3938,0.1659,0.2963,3.5556,0.102,,,,119,378,0.053,0.682,0.001
alice,1,28684922,3939,0.1621,0.3788,3.8571,0.102,,,,196,323,0.078,0.684,0.001
alice,1,28684922,3940,0.1579,0.2205,3.4468,0.102,,,,119,398,0.047,0.82,0.001
alice,1,28684922,3941,0.152,0.3903,3.631,0.102,,,,195,295,0.093,0.683,0.002
alice,1,28684922,3942,0.1604,0.3425,4.0882,0.102,,,,129,352,0.056,0.576,0.001
alice,1,28684922,3943,0.1583,0.2066,3.3333,0.102,,,,125,451,0.047,0.535,0.001
alice,1,28684922,3944,0.1741,0.4284,3.8202,0.102,,,,180,317,0.088,0.785,0.002
alice,1,28684922,3945,0.1752,0.3255,4.0303,0.102,,,,151,346,0.068,0.674,0.002
alice,1,28684922,3946,0.1703,0.3671,4.4028,0.102,,,,156,336,0.067,0.593,0.001
alice,1,28684922,3947,0.1459,0.4033,4.4868,0.102,,,,178,306,0.08,0.626,0.001
alice,1,28684922,3948,0.1705,0.3182,3.6618,0.102,,,,143,351,0.068,0.725,0.001
alice,1,28684922,3949,0.1215,0.393,4.0488,0.102,,,,173,320,0.082,0.775,0.002
alice,1,28684922,3950,0.1444,0.401,3.6875,0.102,,,,185,274,0.09,0.699,0.002
alice,1,28684922,3951,0.1891,0.3916,4.0263,0.102,,,,167,296,0.078,0.513,0.001
alice,1,28684922,3952,0.123,0.4669,4.1034,0.102,,,,185,265,0.091,0.536,0.002
alice,1,28684922,3953,0.1423,0.3887,4.1081,0.102,,,,178,292,0.091,0.812,0.002
alice,1,28684922,3954,0.1402,0.4265,4.1216,0.102,,,,182,262,0.088,0.605,0.002
alice,1,28684922,3955,0.111,0.4762,3.7957,0.102,,,,217,207,0.115,0.595,0.002
alice,1,28684922,3956,0.1298,0.4351,3.8701,0.102,,,,185,249,0.097,0.617,0.002
alice,1,28684922,3957,0.1247,0.5142,4.7838,0.102,,,,192,224,0.096,0.524,0.002
alice,1,28684922,3958,0.1163,0.4735,3.939,0.102,,,,193,228,0.108,0.642,0.002
alice,1,28684922,3959,0.1214,0.4751,4.4074,0.102,,,,184,248,0.097,0.645,0.002
alice,1,28684922,3960,0.1065,0.4228,4.0769,0.102,,,,188,262,0.091,0.786,0.002
alice,1,28684922,3961,0.126,0.3866,3.641,0.102,,,,192,266,0.089,0.599,0.002
alice,1,28684922,3962,0.1234,0.4376,3.8395,0.102,,,,190,245,0.1,0.643,0.002
alice,1,28684922,3963,0.1157,0.4335,3.8125,0.102,,,,183,258,0.095,0.558,0.002
alice,1,28684922,3964,0.1138,0.357,3.4026,0.102,,,,200,262,0.097,0.563,0.002
alice,1,28684922,3965,0.1386,0.4384,3.3913,0.102,,,,220,207,0.112,0.493,0.002
alice,1,28684922,3966,0.1901,0.4128,3.9577,0.102,,,,160,266,0.083,0.682,0.001
alice,1,28684922,3967,0.1717,0.495,4.0714,0.102,,,,197,242,0.103,0.612,0.002
alice,1,28684922,3968,0.1268,0.4835,3.8495,0.102,,,,208,235,0.106,0.776,0.002
alice,1,28684922,3969,0.128,0.514,4.3529,0.102,,,,190,238,0.104,0.641,0.002
alice,1,28684922,3970,0.1843,0.4459,3.875,0.102,,,,169,279,0.08,0.738,0.002
alice,1,28684922,3971,0.1504,0.3846,4.0137,0.102,,,,174,318,0.076,0.548,0.002
alice,1,28684922,3972,0.1937,0.3034,3.3239,0.102,,,,155,334,0.061,0.608,0.001
alice,1,28684922,3973,0.143,0.4596,4.0105,0.102,,,,197,259,0.088,0.689,0.002
alice,1,28684922,3974,0.1984,0.3732,4.0,0.102,,,,167,315,0.068,0.582,0.002
alice,1,28684922,3975,0.1761,0.3954,3.7215,0.102,,,,194,273,0.088,0.604,0.002
alice,1,28684922,3976,0.1002,0.4599,3.9747,0.102,,,,196,239,0.097,0.547,0.002
alice,1,28684922,3977,0.2001,0.4237,4.141,0.102,,,,168,272,0.079,0.634,0.002
alice,1,28684922,3978,0.1436,0.406,3.88,0.102,,,,191,277,0.082,0.543,0.002
alice,1,28684922,3979,0.0909,0.4038,3.8571,0.102,,,,169,282,0.08,0.555,0.002
alice,1,28684922,3980,0.1325,0.4464,3.8235,0.102,,,,206,244,0.09,0.499,0.002
alice,1,28684922,3981,0.147,0.4564,3.9747,0.102,,,,203,212,0.108,0.59,0.002
alice,1,28684922,3982,0.1818,0.4125,3.8205,0.102,,,,170,275,0.082,0.599,0.002
alice,1,28684922,3983,0.1392,0.405,3.9333,0.102,,,,187,282,0.092,0.608,0.002
alice,1,28684922,3984,0.1766,0.329,3.8095,0.102,,,,159,309,0.077,0.653,0.002
alice,1,28684922,3985,0.1944,0.3346,4.0455,0.102,,,,158,342,0.067,0.641,0.002
alice,1,28684922,3986,0.149,0.4174,3.8095,0.102,,,,186,266,0.095,0.602,0.002
alice,1,28684922,3987,0.1055,0.4114,3.6437,0.102,,,,196,256,0.096,0.713,0.002
alice,1,28684922,3988,0.1855,0.3652,3.6761,0.102,,,,168,302,0.074,0.633,0.002
alice,1,28684922,3989,0.1512,0.4268,3.8235,0.102,,,,184,285,0.083,0.506,0.002
alice,1,28684922,3990,0.1613,0.4231,4.4304,0.102,,,,157,297,0.073,0.779,0.001
alice,1,28684922,3991,0.1491,0.4528,4.0435,0.102,,,,194,282,0.087,0.544,0.002
alice,1,28684922,3992,0.1154,0.33,3.6087,0.102,,,,160,325,0.072,0.77,0.002
alice,1,28684922,3993,0.121,0.4134,4.3824,0.102,,,,180,279,0.089,0.69,0.002
alice,1,28684922,3994,0.1944,0.3879,4.4769,0.102,,,,148,313,0.072,0.704,0.001
alice,1,28684922,3995,0.1944,0.2273,3.1698,0.102,,,,135,410,0.051,0.56,0.001
alice,1,28684922,3996,0.2118,0.5111,4.3929,0.102,,,,211,246,0.111,0.751,0.002
alice,1,28684922,3997,0.1482,0.3739,4.1818,0.102,,,,147,306,0.072,0.706,0.001
alice,1,28684922,3998,0.1177,0.4995,4.7037,0.102,,,,186,273,0.093,0.586,0.002
alice,1,28684922,3999,0.1465,0.4856,4.6988,0.102,,,,172,271,0.096,0.674,0.002
alice,1,28684922,4000,0.1338,0.4534,4.7662,0.102,,,,169,293,0.088,0.682,0.002
alice,1,28684922,4001,0.1078,0.3923,3.9054,0.102,,,,180,300,0.081,0.613,0.002
alice,1,28684922,4002,0.1232,0.421,3.7215,0.102,,,,196,252,0.101,0.831,0.002
alice,1,28684922,4003,0.1603,0.5215,4.0952,0.102,,,,217,189,0.128,0.655,0.002
alice,1,28684922,4004,0.1307,0.6067,4.2979,0.102,,,,219,151,0.133,0.66,0.002
alice,1,28684922,4005,0.1539,0.5298,3.6566,0.102,,,,228,169,0.127,0.987,0.002
alice,1,28684922,4006,0.2058,0.4771,4.4028,0.102,,,,191,238,0.096,0.501,0.002
alice,1,28684922,4007,0.148,0.3732,3.4638,0.102,,,,179,268,0.091,0.753,0.002
alice,1,28684922,4008,0.1967,0.3869,4.1765,0.102,,,,161,303,0.077,0.708,0.002
alice,1,28684922,4009,0.1232,0.3977,3.6076,0.102,,,,183,284,0.092,0.66,0.002
alice,1,28684922,4010,0.1733,0.4524,4.3333,0.102,,,,176,266,0.091,0.723,0.002
alice,1,28684922,4011,0.0916,0.3403,4.1406,0.102,,,,152,346,0.069,0.664,0.002
alice,1,28684922,4012,0.0918,0.2607,3.3077,0.102,,,,144,378,0.065,0.846,0.002
alice,1,28684922,4013,0.1663,0.3427,4.7931,0.102,,,,117,382,0.05,0.517,0.002
alice,1,28684922,4014,0.1187,0.3601,3.4074,0.102,,,,198,319,0.08,0.504,0.002
alice,1,28684922,4015,0.1308,0.4518,3.8481,0.102,,,,190,246,0.101,0.712,0.002
alice,1,28684922,4016,0.1661,0.5278,4.0417,0.102,,,,201,206,0.117,1.117,0.002
alice,1,28684922,4017,0.1803,0.4396,4.7123,0.102,,,,162,294,0.079,0.709,0.002
alice,1,28684922,4018,0.143,0.4711,4.4074,0.102,,,,181,278,0.088,0.669,0.002
alice,1,28684922,4019,0.1031,0.4348,4.2877,0.102,,,,193,264,0.091,0.6,0.002
alice,1,28684922,4020,0.1079,0.4744,4.3571,0.102,,,,201,223,0.106,0.622,0.002
alice,1,28684922,4021,0.1822,0.4173,4.2812,0.102,,,,152,292,0.083,0.723,0.002
alice,1,28684922,4022,0.1753,0.5225,4.3636,0.102,,,,204,225,0.113,0.73,0.002
alice,1,28684922,4023,0.1424,0.561,4.1633,0.102,,,,232,161,0.133,0.669,0.002
alice,1,28684922,4024,0.1466,0.6063,5.2405,0.102,,,,190,188,0.118,0.717,0.003
alice,1,28684922,4025,0.1948,0.4855,4.4146,0.102,,,,188,232,0.103,0.687,0.002
alice,1,28684922,4026,0.1906,0.4223,4.1299,0.102,,,,187,260,0.101,0.88,0.002
alice,1,28684922,4027,0.1007,0.5279,4.5647,0.102,,,,183,242,0.099,0.805,0.002
alice,1,28684922,4028,0.0982,0.4555,4.284,0.102,,,,191,243,0.107,0.773,0.002
alice,1,28684922,4029,0.1046,0.3868,4.1562,0.102,,,,181,277,0.091,0.702,0.002
alice,1,28684922,4030,0.1879,0.42,4.2568,0.102,,,,136,316,0.073,0.696,0.002
alice,1,28684922,4031,0.2054,0.4575,4.2065,0.102,,,,211,275,0.099,0.669,0.002
alice,1,28684922,4032,0.0975,0.512,4.3452,0.102,,,,186,216,0.106,0.839,0.002
alice,1,28684922,4033,0.184,0.3601,3.8182,0.102,,,,150,326,0.064,0.546,0.001
alice,1,28684922,4034,0.1509,0.4869,4.2447,0.102,,,,210,263,0.102,0.716,0.002
alice,1,28684922,4035,0.1401,0.5921,4.25,0.102,,,,211,171,0.128,0.795,0.002
alice,1,28684922,4036,0.2107,0.4487,4.3133,0.102,,,,174,275,0.085,0.896,0.002
alice,1,28684922,4037,0.1664,0.5759,4.3673,0.102,,,,228,192,0.127,0.739,0.002
alice,1,28684922,4038,0.1257,0.5071,4.046,0.102,,,,202,200,0.116,0.632,0.002
alice,1,28684922,4039,0.1242,0.4569,3.7976,0.102,,,,193,239,0.098,0.698,0.003
alice,1,28684922,4040,0.1896,0.5003,4.25,0.102,,,,172,268,0.081,0.861,0.001
alice,1,28684922,4041,0.1403,0.3918,3.4565,0.102,,,,194,283,0.089,0.661,0.002
alice,1,28684922,4042,0.1135,0.4376,3.8353,0.102,,,,209,232,0.099,0.654,0.002
alice,1,28684922,4043,0.1121,0.5173,4.5802,0.102,,,,187,224,0.101,0.501,0.002
alice,1,28684922,4044,0.0991,0.4824,4.1294,0.102,,,,195,234,0.105,0.681,0.002
alice,1,28684922,4045,0.1802,0.4091,3.8947,0.102,,,,159,310,0.072,0.596,0.002
alice,1,28684922,4046,0.1503,0.5419,4.4184,0.102,,,,196,257,0.095,0.68,0.002
alice,1,28684922,4047,0.125,0.4644,4.1818,0.102,,,,182,269,0.09,0.677,0.002
alice,1,28684922,4048,0.1881,0.446,4.5366,0.102,,,,156,298,0.074,0.845,0.002
alice,1,28684922,4049,0.1613,0.4457,3.8804,0.102,,,,208,262,0.099,0.609,0.002
alice,1,28684922,4050,0.1252,0.5615,4.5165,0.102,,,,191,212,0.102,0.689,0.002
alice,1,28684922,4051,0.1419,0.5258,4.1919,0.102,,,,221,199,0.116,0.759,0.002
alice,1,28684922,4052,0.1186,0.495,4.1605,0.102,,,,200,206,0.11,0.563,0.002
alice,1,28684922,4053,0.1229,0.4947,4.141,0.102,,,,215,191,0.12,0.619,0.002
alice,1,28684922,4054,0.1258,0.4831,3.7011,0.102,,,,218,177,0.119,0.594,0.002
alice,1,28684922,4055,0.1455,0.5941,4.3516,0.102,,,,225,137,0.132,0.652,0.003
alice,1,28684922,4056,0.106,0.5747,3.9798,0.102,,,,236,129,0.136,0.808,0.003
alice,1,28684922,4057,0.1114,0.6131,4.1579,0.102,,,,233,127,0.143,0.82,0.003
alice,1,28684922,4058,0.1456,0.6274,4.3333,0.102,,,,230,118,0.146,0.635,0.003
alice,1,28684922,4059,0.101,0.5355,3.6316,0.102,,,,239,137,0.137,0.736,0.003
alice,1,28684922,4060,0.0853,0.6698,4.6222,0.102,,,,221,132,0.145,0.571,0.003
alice,1,28684922,4061,0.1038,0.6316,4.1443,0.102,,,,235,131,0.145,0.725,0.003
alice,1,28684922,4062,0.1159,0.5465,3.7826,0.102,,,,227,143,0.13,0.587,0.003
alice,1,28684922,4063,0.1278,0.638,4.2316,0.102,,,,229,132,0.144,0.738,0.003
alice,1,28684922,4064,0.1395,0.5374,3.6224,0.102,,,,225,143,0.137,0.695,0.003
alice,1,28684922,4065,0.1057,0.4647,3.6404,0.102,,,,227,173,0.12,0.552,0.003
alice,1,28684922,4066,0.084,0.4839,3.8095,0.102,,,,207,182,0.119,0.558,0.003
alice,1,28684922,4067,0.1435,0.5406,3.8911,0.102,,,,218,170,0.118,0.796,0.002
alice,1,28684922,4068,0.1174,0.4853,3.8132,0.102,,,,215,203,0.123,0.778,0.002
alice,1,28684922,4069,0.1289,0.5849,4.266,0.102,,,,226,158,0.14,0.717,0.003
alice,1,28684922,4070,0.1402,0.6085,4.0102,0.102,,,,208,174,0.132,0.693,0.002
alice,1,28684922,4071,0.1142,0.521,4.0632,0.102,,,,211,199,0.115,0.685,0.002
alice,1,28684922,4072,0.1421,0.5551,4.0938,0.102,,,,223,168,0.127,0.676,0.003
alice,1,28684922,4073,0.1282,0.6376,4.3673,0.102,,,,236,136,0.145,0.626,0.003
alice,1,28684922,4074,0.1505,0.5929,4.0227,0.102,,,,215,151,0.129,0.74,0.002
alice,1,28684922,4075,0.1196,0.5832,4.0526,0.102,,,,230,139,0.135,0.575,0.003
alice,1,28684922,4076,0.0919,0.5095,3.6739,0.102,,,,220,168,0.119,0.595,0.002
alice,1,28684922,4077,0.1167,0.5309,3.9545,0.102,,,,231,156,0.133,0.602,0.003
alice,1,28684922,4078,0.141,0.528,4.0,0.102,,,,220,161,0.126,0.586,0.003
alice,1,28684922,4079,0.1267,0.554,4.046,0.102,,,,224,153,0.133,0.646,0.003
alice,1,28684922,4080,0.1363,0.603,4.3258,0.102,,,,215,160,0.127,0.675,0.003
alice,1,28684922,4081,0.1059,0.6545,4.165,0.102,,,,204,176,0.116,0.658,0.003
alice,1,28684922,4082,0.1221,0.4585,4.253,0.102,,,,182,254,0.093,0.687,0.002
alice,1,28684922,4083,0.1179,0.4446,3.878,0.102,,,,213,223,0.11,0.742,0.002
alice,1,28684922,4084,0.1254,0.5976,4.6829,0.102,,,,204,170,0.125,0.711,0.003
alice,1,28684922,4085,0.1358,0.6795,4.3333,0.102,,,,233,139,0.142,0.659,0.003
alice,1,28684922,4086,0.1247,0.5624,4.2105,0.102,,,,208,179,0.12,0.645,0.003
alice,1,28684922,4087,0.1269,0.6375,4.5437,0.102,,,,222,161,0.128,0.722,0.002
alice,1,28684922,4088,0.174,0.6028,4.4239,0.102,,,,239,131,0.143,0.701,0.002
alice,1,28684922,4089,0.1356,0.6634,4.2396,0.102,,,,236,110,0.15,0.602,0.003
alice,1,28684922,4090,0.3465,0.599,3.9293,0.102,,,,235,125,0.138,0.75,0.003
alice,1,28684922,4091,0.1135,0.5245,3.7174,0.102,,,,228,135,0.135,0.619,0.003
alice,1,28684922,4092,0.1518,0.5875,4.4783,0.102,,,,227,138,0.133,0.694,0.003
alice,1,28684922,4093,0.1141,0.5756,3.6154,0.102,,,,230,135,0.135,0.597,0.003
alice,1,28684922,4094,0.1013,0.4454,3.4945,0.102,,,,209,193,0.111,0.721,0.003
alice,1,28684922,4095,0.1252,0.4841,3.6947,0.102,,,,220,195,0.12,0.743,0.003
alice,1,28684922,4096,0.1293,0.5628,3.819,0.102,,,,243,140,0.142,0.804,0.003
alice,1,28684922,4097,0.0959,0.4915,3.6092,0.102,,,,223,156,0.128,0.708,0.003
alice,1,28684922,4098,0.1062,0.4843,4.0,0.102,,,,201,189,0.114,0.719,0.002
alice,1,28684922,4099,0.1306,0.4817,4.0357,0.102,,,,207,204,0.115,0.658,0.002
alice,1,28684922,4100,0.1316,0.6124,4.0288,0.102,,,,230,143,0.138,0.63,0.003
alice,1,28684922,4101,0.1234,0.6204,3.9358,0.102,,,,240,129,0.146,0.649,0.003
alice,1,28684922,4102,0.1395,0.7378,4.5882,0.102,,,,234,107,0.153,0.629,0.003
alice,1,28684922,4103,0.129,0.5646,4.1183,0.102,,,,226,148,0.135,0.59,0.003
alice,1,28684922,4104,0.1005,0.5858,3.8283,0.102,,,,223,158,0.138,0.66,0.003
alice,1,28684922,4105,0.1109,0.6181,4.3438,0.102,,,,218,157,0.133,0.903,0.002
alice,1,28684922,4106,0.1251,0.5301,3.7474,0.102,,,,224,170,0.138,0.756,0.003
alice,1,28684922,4107,0.1124,0.5762,3.8218,0.102,,,,228,152,0.13,0.617,0.003
alice,1,28684922,4108,0.1569,0.7157,4.5,0.102,,,,236,111,0.157,0.593,0.003
alice,1,28684922,4109,0.1395,0.6526,4.0467,0.102,,,,233,132,0.154,0.864,0.003
alice,1,28684922,4110,0.1381,0.6038,3.902,0.102,,,,233,145,0.14,0.722,0.003
alice,1,28684922,4111,0.1236,0.6411,4.3776,0.102,,,,223,136,0.144,0.643,0.003
alice,1,28684922,4112,0.1365,0.6467,4.4316,0.102,,,,238,121,0.167,0.671,0.003
alice,1,28684922,4113,0.1314,0.6404,4.3187,0.102,,,,234,114,0.158,0.758,0.003
alice,1,28684922,4114,0.1236,0.5865,4.6364,0.102,,,,213,168,0.136,0.655,0.003
alice,1,28684922,4115,0.1288,0.6102,4.1398,0.102,,,,229,130,0.158,0.728,0.002
alice,1,28684922,4116,0.1421,0.5846,4.0899,0.102,,,,230,139,0.155,0.703,0.003
alice,1,28684922,4117,0.1091,0.6648,4.3158,0.102,,,,218,132,0.154,1.004,0.002
alice,1,28684922,4118,0.1458,0.6464,4.31,0.102,,,,229,137,0.148,0.707,0.003
alice,1,28684922,4119,0.1198,0.6221,4.0288,0.102,,,,239,133,0.145,0.759,0.003
alice,1,28684922,4120,0.0796,0.633,4.3958,0.102,,,,216,150,0.124,0.59,0.003
alice,1,28684922,4121,0.1158,0.5448,4.2889,0.102,,,,210,173,0.13,0.846,0.002
alice,1,28684922,4122,0.1515,0.6362,4.4078,0.102,,,,226,155,0.142,0.734,0.003
alice,1,28684922,4123,0.1411,0.5409,3.7423,0.102,,,,247,136,0.151,0.747,0.003
alice,1,28684922,4124,0.1095,0.5934,3.9897,0.102,,,,215,151,0.131,0.628,0.003
alice,1,28684922,4125,0.1455,0.5874,4.1313,0.102,,,,229,150,0.141,0.642,0.003
alice,1,28684922,4126,0.1412,0.6103,4.4239,0.102,,,,238,123,0.155,0.881,0.003
alice,1,28684922,4127,0.1017,0.6457,4.16,0.102,,,,227,134,0.14,0.578,0.003
alice,1,28684922,4128,0.1307,0.6493,4.5161,0.102,,,,228,127,0.15,0.814,0.003
alice,1,28684922,4129,0.1435,0.6177,4.0865,0.102,,,,228,137,0.137,0.762,0.003
alice,1,28684922,4130,0.1081,0.601,4.2812,0.102,,,,224,137,0.153,0.895,0.003
alice,1,28684922,4131,0.1569,0.6472,4.46,0.102,,,,225,133,0.141,0.81,0.003
alice,1,28684922,4132,0.1269,0.6543,4.3922,0.102,,,,238,120,0.157,0.763,0.003
alice,1,28684922,4133,0.0991,0.605,4.0426,0.102,,,,234,140,0.142,0.675,0.003
alice,1,28684922,4134,0.1105,0.5579,3.957,0.102,,,,223,143,0.131,0.595,0.003
alice,1,28684922,4135,0.1245,0.5714,4.1828,0.102,,,,226,158,0.132,0.687,0.002
alice,1,28684922,4136,0.1323,0.5343,4.061,0.102,,,,220,161,0.134,0.645,0.003
alice,1,28684922,4137,0.1346,0.5658,3.9474,0.102,,,,233,143,0.142,0.605,0.003
alice,1,28684922,4138,0.1041,0.5183,3.7174,0.102,,,,224,163,0.135,0.687,0.002
alice,1,28684922,4139,0.1243,0.4676,3.5432,0.102,,,,231,159,0.13,0.593,0.002
alice,1,28684922,4140,0.131,0.5914,4.0769,0.102,,,,223,134,0.134,0.688,0.003
alice,1,28684922,4141,0.1474,0.5831,4.2889,0.102,,,,229,134,0.145,0.622,0.002
alice,1,28684922,4142,0.1243,0.6605,4.1386,0.102,,,,241,109,0.166,0.777,0.003
alice,1,28684922,4143,0.1014,0.6211,3.9899,0.102,,,,243,118,0.164,0.949,0.003
alice,1,28684922,4144,0.1152,0.6839,4.6322,0.102,,,,224,121,0.161,0.669,0.003
alice,1,28684922,4145,0.1227,0.563,3.8261,0.102,,,,247,121,0.158,0.77,0.003
alice,1,28684922,4146,0.1119,0.6456,4.0341,0.102,,,,229,106,0.158,0.765,0.003
alice,1,28684922,4147,0.1235,0.5789,3.8041,0.102,,,,239,115,0.151,0.798,0.003
alice,1,28684922,4148,0.1246,0.6697,4.1346,0.102,,,,238,104,0.162,0.564,0.003
alice,1,28684922,4149,0.1091,0.7359,4.4579,0.102,,,,228,110,0.15,0.735,0.003
alice,1,28684922,4150,0.1393,0.6775,4.211,0.102,,,,245,116,0.151,0.599,0.003
alice,1,28684922,4151,0.1167,0.6346,3.7963,0.102,,,,258,86,0.17,0.919,0.003
alice,1,28684922,4152,0.1084,0.7075,4.125,0.102,,,,227,106,0.142,0.585,0.003
alice,1,28684922,4153,0.1257,0.7136,4.3571,0.102,,,,238,110,0.154,0.604,0.003
alice,1,28684922,4154,0.1168,0.662,4.2692,0.102,,,,235,134,0.139,0.65,0.003
alice,1,28684922,4155,0.1081,0.6628,4.0833,0.102,,,,242,105,0.156,0.652,0.003
alice,1,28684922,4156,0.1243,0.6276,3.9065,0.102,,,,246,103,0.154,0.602,0.003
alice,1,28684922,4157,0.1266,0.6529,4.25,0.102,,,,233,111,0.156,0.655,0.003
alice,1,28684922,4158,0.1711,0.5884,4.0385,0.102,,,,249,122,0.159,0.723,0.003
alice,1,28684922,4159,0.1144,0.5922,4.0412,0.102,,,,239,111,0.155,0.618,0.003
alice,1,28684922,4160,0.1128,0.7257,4.5922,0.102,,,,238,98,0.157,0.701,0.003
alice,1,28684922,4161,0.1212,0.5304,3.6058,0.102,,,,239,130,0.148,0.752,0.002
alice,1,28684922,4162,0.1103,0.5907,3.9208,0.102,,,,226,142,0.143,0.752,0.002
alice,1,28684922,4163,0.1456,0.6033,3.8053,0.102,,,,245,126,0.15,0.698,0.003
alice,1,28684922,4164,0.1852,0.6031,3.7664,0.102,,,,235,132,0.145,0.727,0.003
alice,1,28684922,4165,0.125,0.658,3.8448,0.102,,,,246,106,0.17,0.784,0.004
alice,1,28684922,4166,0.1136,0.605,3.8095,0.102,,,,243,127,0.162,0.611,0.003
alice,1,28684922,4167,0.1275,0.6628,4.2277,0.102,,,,224,124,0.143,0.607,0.003
alice,1,28684922,4168,0.1254,0.6278,4.2212,0.102,,,,234,137,0.156,0.643,0.003
alice,1,28684922,4169,0.1391,0.6844,4.1944,0.102,,,,232,122,0.144,0.571,0.003
alice,1,28684922,4170,0.1548,0.6674,4.1197,0.102,,,,241,116,0.145,0.574,0.003
alice,1,28684922,4171,0.1382,0.6815,4.2973,0.102,,,,247,114,0.158,0.631,0.004
alice,1,28684922,4172,0.1246,0.6421,3.8182,0.102,,,,254,96,0.162,0.559,0.003
alice,1,28684922,4173,0.1554,0.6404,3.6364,0.102,,,,251,87,0.157,0.543,0.003
alice,1,28684922,4174,0.1062,0.6224,3.8364,0.102,,,,245,100,0.159,0.665,0.003
alice,1,28684922,4175,0.1395,0.663,4.1532,0.102,,,,245,100,0.162,0.795,0.004
alice,1,28684922,4176,0.1238,0.6927,4.3063,0.102,,,,247,91,0.168,0.744,0.003
alice,1,28684922,4177,0.1048,0.6684,4.3431,0.102,,,,233,110,0.159,0.881,0.003
alice,1,28684922,4178,0.1236,0.6671,4.1455,0.102,,,,233,112,0.153,0.682,0.003
alice,1,28684922,4179,0.1669,0.6885,4.2294,0.102,,,,254,98,0.176,0.797,0.002
alice,1,28684922,4180,0.1175,0.6488,3.8558,0.102,,,,246,96,0.164,0.686,0.003
alice,1,28684922,4181,0.1049,0.5566,3.8602,0.102,,,,230,138,0.145,0.678,0.003
alice,1,28684922,4182,0.1483,0.6639,4.5417,0.102,,,,226,129,0.139,0.718,0.003
alice,1,28684922,4183,0.1308,0.7164,4.2883,0.102,,,,243,96,0.158,0.57,0.003
alice,1,28684922,4184,0.1076,0.6414,3.9107,0.102,,,,239,116,0.157,0.591,0.003
alice,1,28684922,4185,0.1209,0.6076,4.0392,0.102,,,,235,138,0.146,0.764,0.003
alice,1,28684922,4186,0.1271,0.5886,4.0,0.102,,,,227,137,0.145,0.764,0.003
alice,1,28684922,4187,0.1695,0.5712,3.8454,0.102,,,,245,127,0.155,0.802,0.003
alice,1,28684922,4188,0.1274,0.6307,3.899,0.102,,,,238,97,0.16,0.752,0.003
alice,1,28684922,4189,0.1317,0.6011,4.0303,0.102,,,,233,133,0.142,0.787,0.003
alice,1,28684922,4190,0.1485,0.584,3.9612,0.102,,,,243,119,0.147,0.579,0.003
alice,1,28684922,4191,0.1123,0.6067,3.7981,0.102,,,,235,120,0.157,0.706,0.003
alice,1,28684922,4192,0.1182,0.6338,4.0098,0.102,,,,228,133,0.166,0.775,0.003
alice,1,28684922,4193,0.1264,0.7039,4.1982,0.102,,,,249,105,0.158,0.606,0.003
alice,1,28684922,4194,0.1585,0.6678,4.1731,0.102,,,,245,97,0.161,0.641,0.003
alice,1,28684922,4195,0.1149,0.6344,4.2,0.102,,,,250,90,0.16,0.731,0.003
alice,1,28684922,4196,0.1321,0.624,3.9899,0.102,,,,240,105,0.163,0.852,0.003
alice,1,28684922,4197,0.1133,0.6554,4.0588,0.102,,,,239,114,0.153,0.66,0.003
alice,1,28684922,4198,0.1454,0.6945,4.25,0.102,,,,242,92,0.167,0.654,0.003
alice,1,28684922,4199,0.1412,0.6677,3.9912,0.102,,,,251,97,0.165,0.613,0.003
alice,1,28684922,4200,0.1093,0.6513,3.9727,0.102,,,,250,95,0.163,0.698,0.003
alice,1,28684922,4201,0.1303,0.6051,3.8431,0.102,,,,253,93,0.161,0.558,0.003
alice,1,28684922,4202,0.1007,0.489,3.0196,0.102,,,,259,94,0.168,0.624,0.003
alice,1,28684922,4203,0.1234,0.6751,3.9519,0.102,,,,248,77,0.176,0.768,0.004
alice,1,28684922,4204,0.0702,0.6733,4.1698,0.102,,,,236,102,0.16,0.654,0.003
alice,1,28684922,4205,0.1168,0.5519,3.4727,0.102,,,,261,110,0.147,0.795,0.003
alice,1,28684922,4206,0.1505,0.6009,4.0,0.102,,,,240,97,0.158,0.629,0.003
alice,1,28684922,4207,0.0707,0.6332,4.0392,0.102,,,,236,106,0.142,0.767,0.003
alice,1,28684922,4208,0.1352,0.5517,3.72,0.102,,,,247,116,0.141,0.703,0.003
alice,1,28684922,4209,0.101,0.5589,3.8605,0.102,,,,223,137,0.148,0.753,0.003
alice,1,28684922,4210,0.1487,0.6691,3.7876,0.102,,,,254,94,0.174,0.774,0.003
alice,1,28684922,4211,0.0978,0.6179,4.2577,0.102,,,,235,114,0.151,0.67,0.004
alice,1,28684922,4212,0.1021,0.5993,3.6496,0.102,,,,252,111,0.151,0.729,0.003
alice,1,28684922,4213,0.1206,0.5567,3.3077,0.102,,,,241,117,0.146,0.696,0.003
alice,1,28684922,4214,0.1592,0.6133,3.9565,0.102,,,,262,99,0.163,0.664,0.003
alice,1,28684922,4215,0.0883,0.6653,4.31,0.102,,,,240,95,0.158,0.685,0.003
alice,1,28684922,4216,0.1243,0.6178,3.7596,0.102,,,,242,111,0.158,0.858,0.004
alice,1,28684922,4217,0.1244,0.6335,3.7876,0.102,,,,259,84,0.167,0.735,0.003
alice,1,28684922,4218,0.1227,0.6842,3.8291,0.102,,,,243,93,0.162,0.67,0.003
alice,1,28684922,4219,0.1443,0.7216,4.0081,0.102,,,,252,83,0.173,0.787,0.004
alice,1,28684922,4220,0.1383,0.6097,3.6891,0.102,,,,250,106,0.151,0.547,0.003
alice,1,28684922,4221,0.1256,0.6666,4.0789,0.102,,,,256,84,0.161,0.655,0.003
alice,1,28684922,4222,0.1057,0.6146,3.8302,0.102,,,,245,98,0.151,0.641,0.004
alice,1,28684922,4223,0.1397,0.6703,4.1455,0.102,,,,246,90,0.161,0.546,0.003
alice,1,28684922,4224,0.1226,0.5906,3.5,0.102,,,,266,91,0.16,0.826,0.003
alice,1,28684922,4225,0.0977,0.5439,3.2857,0.102,,,,254,97,0.149,0.733,0.003
alice,1,28684922,4226,0.116,0.571,3.8,0.102,,,,229,133,0.145,0.776,0.003
alice,1,28684922,4227,0.1321,0.636,4.1683,0.102,,,,255,100,0.168,0.545,0.004
alice,1,28684922,4228,0.1092,0.6603,3.8252,0.102,,,,253,90,0.163,0.638,0.003
alice,1,28684922,4229,0.1008,0.7166,4.3438,0.102,,,,237,99,0.152,0.752,0.003
alice,1,28684922,4230,0.106,0.6367,4.0532,0.102,,,,234,112,0.162,0.624,0.003
alice,1,28684922,4231,0.0978,0.6916,4.3173,0.102,,,,248,92,0.173,0.66,0.003
alice,1,28684922,4232,0.0993,0.6737,4.1905,0.102,,,,234,121,0.144,0.685,0.003
alice,1,28684922,4233,0.1118,0.5924,4.1818,0.102,,,,214,154,0.129,0.525,0.003
alice,1,28684922,4234,0.1483,0.5764,4.0093,0.102,,,,244,145,0.141,0.589,0.002
alice,1,28684922,4235,0.1109,0.7128,4.7879,0.102,,,,226,119,0.159,0.628,0.003
alice,1,28684922,4236,0.1528,0.5743,3.8846,0.102,,,,238,124,0.155,0.686,0.003
alice,1,28684922,4237,0.1301,0.6493,3.6992,0.102,,,,245,101,0.175,0.657,0.003
alice,1,28684922,4238,0.1218,0.6892,4.0,0.102,,,,256,102,0.168,0.731,0.003
alice,1,28684922,4239,0.0943,0.7007,4.0439,0.102,,,,238,108,0.156,0.632,0.003
alice,1,28684922,4240,0.1382,0.6252,3.6356,0.102,,,,245,123,0.158,0.847,0.003
alice,1,28684922,4241,0.1086,0.6495,4.0278,0.102,,,,242,112,0.168,0.731,0.003
alice,1,28684922,4242,0.1284,0.6753,4.1019,0.102,,,,243,107,0.165,0.668,0.003
alice,1,28684922,4243,0.1149,0.6753,3.9825,0.102,,,,256,92,0.164,0.611,0.003
alice,1,28684922,4244,0.0876,0.6088,3.8,0.102,,,,247,103,0.165,0.729,0.003
alice,1,28684922,4245,0.1158,0.6146,3.899,0.102,,,,237,102,0.164,0.669,0.003
alice,1,28684922,4246,0.1009,0.6399,3.9545,0.102,,,,253,95,0.163,0.651,0.004
alice,1,28684922,4247,0.1192,0.6169,3.7143,0.102,,,,251,99,0.163,0.663,0.003
alice,1,28684922,4248,0.1335,0.607,3.4857,0.102,,,,244,112,0.152,0.603,0.003
alice,1,28684922,4249,0.1479,0.6392,3.97,0.102,,,,249,94,0.165,0.646,0.003
alice,1,28684922,4250,0.086,0.7089,4.2673,0.102,,,,240,90,0.168,0.664,0.003
alice,1,28684922,4251,0.0982,0.6023,3.9167,0.102,,,,234,124,0.157,0.661,0.003
alice,1,28684922,4252,0.1523,0.6258,3.8868,0.102,,,,242,103,0.163,0.814,0.003
alice,1,28684922,4253,0.128,0.6772,3.8655,0.102,,,,263,83,0.171,0.671,0.003
alice,1,28684922,4254,0.1028,0.6663,4.1224,0.102,,,,240,99,0.174,0.665,0.004
alice,1,28684922,4255,0.1309,0.5724,3.8191,0.102,,,,250,117,0.164,0.717,0.004
alice,1,28684922,4256,0.0975,0.6296,3.5189,0.102,,,,244,87,0.172,0.603,0.003
alice,1,28684922,4257,0.156,0.6323,3.8942,0.102,,,,247,114,0.171,0.882,0.003
alice,1,28684922,4258,0.0912,0.6922,4.1359,0.102,,,,244,89,0.167,0.561,0.003
alice,1,28684922,4259,0.1212,0.7121,4.0252,0.102,,,,255,86,0.179,0.732,0.003
alice,1,28684922,4260,0.0884,0.6765,3.8017,0.102,,,,241,102,0.164,0.671,0.003
alice,1,28684922,4261,0.1332,0.7258,4.1597,0.102,,,,249,89,0.16,0.671,0.003
alice,1,28684922,4262,0.1286,0.6999,4.0678,0.102,,,,249,95,0.176,0.768,0.003
alice,1,28684922,4263,0.1089,0.6435,3.8017,0.102,,,,250,109,0.16,0.632,0.003
alice,1,28684922,4264,0.1325,0.687,4.5644,0.102,,,,238,104,0.171,0.684,0.004
alice,1,28684922,4265,0.1439,0.6484,4.1827,0.102,,,,247,96,0.182,0.746,0.003
alice,1,28684922,4266,0.0979,0.6498,3.7563,0.102,,,,250,89,0.171,0.791,0.003
alice,1,28684922,4267,0.0952,0.6811,3.7686,0.102,,,,251,102,0.162,0.652,0.004
alice,1,28684922,4268,0.1267,0.6437,3.75,0.102,,,,255,98,0.154,0.599,0.003
alice,1,28684922,4269,0.087,0.7315,4.114,0.102,,,,251,93,0.163,0.671,0.003
alice,1,28684922,4270,0.1895,0.704,4.0804,0.102,,,,262,68,0.182,0.755,0.003
alice,1,28684922,4271,0.0759,0.6158,3.3478,0.102,,,,255,76,0.172,0.566,0.004
alice,1,28684922,4272,0.1037,0.6024,3.7723,0.102,,,,255,104,0.159,0.603,0.003
alice,1,28684922,4273,0.0791,0.5588,3.5934,0.102,,,,242,102,0.162,0.678,0.003
alice,1,28684922,4274,0.1082,0.6159,3.5588,0.102,,,,250,89,0.173,0.61,0.003
alice,1,28684922,4275,0.116,0.5622,3.6733,0.102,,,,252,92,0.161,0.615,0.003
alice,1,28684922,4276,0.1213,0.5541,3.4299,0.102,,,,254,97,0.163,0.849,0.003
alice,1,28684922,4277,0.0935,0.6281,3.6466,0.102,,,,257,79,0.169,0.698,0.003
alice,1,28684922,4278,0.1189,0.6307,4.0,0.102,,,,245,94,0.17,0.697,0.004
alice,1,28684922,4279,0.1576,0.6353,3.9741,0.102,,,,259,76,0.182,0.731,0.003
alice,1,28684922,4280,0.1015,0.6512,3.8509,0.102,,,,249,83,0.171,0.625,0.004
alice,1,28684922,4281,0.1472,0.62,3.8641,0.102,,,,266,86,0.178,0.819,0.003
alice,1,28684922,4282,0.1138,0.6098,3.65,0.102,,,,261,64,0.182,0.593,0.003
alice,1,28684922,4283,0.1036,0.6594,3.82,0.102,,,,252,68,0.18,0.815,0.003
alice,1,28684922,4284,0.1147,0.6905,3.981,0.102,,,,257,68,0.194,0.761,0.003
alice,1,28684922,4285,0.1128,0.7035,4.2755,0.102,,,,249,72,0.183,0.709,0.004
alice,1,28684922,4286,0.0746,0.6819,3.8426,0.102,,,,258,70,0.184,0.7,0.003
alice,1,28684922,4287,0.1171,0.6376,4.0,0.102,,,,247,89,0.167,0.777,0.003
alice,1,28684922,4288,0.1122,0.562,3.6961,0.102,,,,251,88,0.171,0.571,0.003
alice,1,28684922,4289,0.1046,0.618,3.5603,0.102,,,,259,75,0.177,0.671,0.003
alice,1,28684922,4290,0.1258,0.6755,3.8655,0.102,,,,254,76,0.186,0.65,0.003
alice,1,28684922,4291,0.1399,0.6389,3.887,0.102,,,,249,96,0.162,0.678,0.003
alice,1,28684922,4292,0.1209,0.6447,4.1048,0.102,,,,248,103,0.159,0.702,0.003
alice,1,28684922,4293,0.1306,0.5296,3.2655,0.102,,,,255,105,0.159,0.754,0.003
alice,1,28684922,4294,0.1314,0.6892,3.819,0.102,,,,256,77,0.181,0.749,0.003
alice,1,28684922,4295,0.1153,0.5719,3.5505,0.102,,,,251,97,0.165,0.857,0.003
alice,1,28684922,4296,0.1262,0.6284,4.1923,0.102,,,,242,106,0.166,0.809,0.003
alice,1,28684922,4297,0.146,0.6068,3.8774,0.102,,,,244,101,0.167,0.63,0.003
alice,1,28684922,4298,0.1024,0.7261,4.1709,0.102,,,,250,83,0.173,0.655,0.003
alice,1,28684922,4299,0.101,0.5999,3.7156,0.102,,,,259,92,0.169,0.852,0.003
alice,1,28684922,4300,0.108,0.6679,4.1226,0.102,,,,244,81,0.176,0.825,0.003
alice,1,28684922,4301,0.082,0.5747,3.4672,0.102,,,,244,106,0.159,0.736,0.004
alice,1,28684922,4302,0.1598,0.6745,4.4435,0.102,,,,256,93,0.172,0.745,0.003
alice,1,28684922,4303,0.0984,0.5545,3.4561,0.102,,,,259,95,0.152,0.744,0.003
alice,1,28684922,4304,0.1046,0.5311,3.3084,0.102,,,,249,95,0.171,0.842,0.003
alice,1,28684922,4305,0.1144,0.675,3.7627,0.102,,,,247,86,0.176,0.679,0.003
alice,1,28684922,4306,0.1279,0.6701,3.931,0.102,,,,256,77,0.185,0.854,0.004
alice,1,28684922,4307,0.1422,0.6846,3.8595,0.102,,,,256,79,0.182,0.657,0.003
alice,1,28684922,4308,0.1109,0.7082,3.9597,0.102,,,,258,69,0.192,0.796,0.004
alice,1,28684922,4309,0.094,0.6271,3.3077,0.102,,,,262,96,0.179,0.743,0.003
alice,1,28684922,4310,0.1105,0.6382,3.3889,0.102,,,,252,105,0.163,0.885,0.003
alice,1,28684922,4311,0.1451,0.6746,3.8889,0.102,,,,249,104,0.171,0.796,0.004
alice,1,28684922,4312,0.096,0.6475,3.5785,0.102,,,,259,82,0.182,0.625,0.004
alice,1,28684922,4313,0.1123,0.6854,3.7965,0.102,,,,255,86,0.178,0.732,0.004
alice,1,28684922,4314,0.1378,0.6598,3.5691,0.102,,,,264,74,0.181,0.671,0.003
alice,1,28684922,4315,0.1041,0.6878,4.0,0.102,,,,253,80,0.181,0.741,0.004
alice,1,28684922,4316,0.1182,0.7102,3.8966,0.102,,,,256,71,0.177,0.711,0.004
alice,1,28684922,4317,0.1062,0.6293,3.8131,0.102,,,,253,98,0.16,0.671,0.004
alice,1,28684922,4318,0.117,0.6724,3.7727,0.102,,,,259,85,0.179,0.678,0.003
alice,1,28684922,4319,0.1069,0.6926,3.9159,0.102,,,,252,75,0.188,0.805,0.004
alice,1,28684922,4320,0.1038,0.6753,3.8017,0.102,,,,258,76,0.166,0.602,0.004
alice,1,28684922,4321,0.1276,0.6678,3.9545,0.102,,,,256,68,0.191,0.591,0.003
alice,1,28684922,4322,0.109,0.6119,3.377,0.102,,,,256,82,0.164,0.61,0.003
alice,1,28684922,4323,0.1197,0.7206,4.2544,0.102,,,,258,67,0.183,0.767,0.003
alice,1,28684922,4324,0.1002,0.6317,3.5984,0.102,,,,262,72,0.186,0.68,0.003
alice,1,28684922,4325,0.1186,0.6092,3.7818,0.102,,,,247,102,0.164,0.693,0.003
alice,1,28684922,4326,0.1058,0.6129,3.6695,0.102,,,,270,78,0.174,0.756,0.003
alice,1,28684922,4327,0.1202,0.6425,4.0583,0.102,,,,247,87,0.165,0.681,0.004
alice,1,28684922,4328,0.1101,0.6353,4.2577,0.102,,,,245,96,0.165,0.729,0.003
alice,1,28684922,4329,0.1105,0.5439,3.56,0.102,,,,241,119,0.151,0.72,0.003
alice,1,28684922,4330,0.1361,0.5769,3.7475,0.102,,,,247,104,0.159,0.869,0.004
alice,1,28684922,4331,0.1137,0.5518,3.402,0.102,,,,259,95,0.154,0.542,0.003
alice,1,28684922,4332,0.121,0.6055,4.01,0.102,,,,230,106,0.168,0.841,0.003
alice,1,28684922,4333,0.1055,0.6194,3.5161,0.102,,,,263,88,0.174,0.839,0.003
alice,1,28684922,4334,0.1102,0.5676,3.3529,0.102,,,,251,121,0.147,0.8,0.003
alice,1,28684922,4335,0.1477,0.6836,3.9237,0.102,,,,250,93,0.162,0.742,0.003
alice,1,28684922,4336,0.1173,0.7064,4.1488,0.102,,,,252,79,0.176,0.661,0.004
alice,1,28684922,4337,0.1124,0.6654,3.6589,0.102,,,,265,74,0.168,0.712,0.004
alice,1,28684922,4338,0.1302,0.6262,3.7193,0.102,,,,258,84,0.184,0.728,0.003
alice,1,28684922,4339,0.1064,0.601,3.5431,0.102,,,,251,104,0.176,0.607,0.003
alice,1,28684922,4340,0.117,0.6975,3.975,0.102,,,,258,80,0.181,0.594,0.003
alice,1,28684922,4341,0.0912,0.6929,3.9391,0.102,,,,247,95,0.178,0.753,0.004
alice,1,28684922,4342,0.1122,0.6984,4.3689,0.102,,,,231,118,0.162,0.803,0.003
alice,1,28684922,4343,0.1396,0.6873,3.768,0.102,,,,255,97,0.168,0.779,0.003
alice,1,28684922,4344,0.1097,0.7246,4.3036,0.102,,,,244,95,0.179,0.637,0.003
alice,1,28684922,4345,0.1324,0.6208,3.2977,0.102,,,,278,76,0.185,0.693,0.003
alice,1,28684922,4346,0.1259,0.6378,3.8571,0.102,,,,252,85,0.172,0.734,0.003
alice,1,28684922,4347,0.1184,0.6539,3.8509,0.102,,,,239,94,0.158,0.686,0.003
alice,1,28684922,4348,0.1378,0.5815,3.3548,0.102,,,,261,110,0.157,0.687,0.003
alice,1,28684922,4349,0.111,0.5921,3.431,0.102,,,,263,89,0.17,0.72,0.003
alice,1,28684922,4350,0.1192,0.6152,3.6481,0.102,,,,249,92,0.177,0.832,0.003
alice,1,28684922,4351,0.126,0.6525,3.6098,0.102,,,,268,72,0.187,0.676,0.004
alice,1,28684922,4352,0.1086,0.6318,3.75,0.102,,,,256,77,0.187,0.706,0.004
alice,1,28684922,4353,0.1176,0.6517,3.5714,0.102,,,,263,71,0.178,0.848,0.004
alice,1,28684922,4354,0.0921,0.5928,3.3386,0.102,,,,252,101,0.172,0.664,0.004
alice,1,28684922,4355,0.1142,0.6843,3.6031,0.102,,,,262,89,0.166,0.708,0.003
alice,1,28684922,4356,0.0908,0.5986,3.3077,0.102,,,,255,92,0.175,0.679,0.003
alice,1,28684922,4357,0.1344,0.6883,4.1368,0.102,,,,256,82,0.183,0.794,0.003
alice,1,28684922,4358,0.1252,0.758,4.1557,0.102,,,,255,72,0.181,0.612,0.004
alice,1,28684922,4359,0.1165,0.7441,4.3136,0.102,,,,244,92,0.172,0.807,0.004
alice,1,28684922,4360,0.1249,0.702,3.8672,0.102,,,,264,75,0.186,0.81,0.004
alice,1,28684922,4361,0.1387,0.5711,3.3482,0.102,,,,267,90,0.191,0.73,0.003
alice,1,28684922,4362,0.07,0.6319,3.5926,0.102,,,,252,79,0.18,0.779,0.003
alice,1,28684922,4363,0.0854,0.6029,3.4576,0.102,,,,252,104,0.159,0.589,0.004
alice,1,28684922,4364,0.1138,0.5327,3.5,0.102,,,,251,117,0.168,0.765,0.003
alice,1,28684922,4365,0.0691,0.663,3.8829,0.102,,,,245,94,0.166,0.612,0.003
alice,1,28684922,4366,0.1021,0.5806,3.5446,0.102,,,,253,103,0.173,0.76,0.004
alice,1,28684922,4367,0.1062,0.6758,3.8099,0.102,,,,258,72,0.184,0.809,0.003
alice,1,28684922,4368,0.1232,0.6413,3.7607,0.102,,,,270,73,0.19,0.789,0.003
alice,1,28684922,4369,0.0983,0.6236,3.6636,0.102,,,,255,82,0.17,0.62,0.003
alice,1,28684922,4370,0.1304,0.6136,3.3559,0.102,,,,262,76,0.18,0.718,0.003
alice,1,28684922,4371,0.1025,0.6031,3.6355,0.102,,,,254,88,0.178,0.735,0.004
alice,1,28684922,4372,0.1285,0.6411,3.6754,0.102,,,,260,76,0.18,0.55,0.003
alice,1,28684922,4373,0.1004,0.6495,3.7434,0.102,,,,253,88,0.179,0.722,0.004
alice,1,28684922,4374,0.0766,0.7211,4.2143,0.102,,,,248,98,0.166,0.627,0.004
alice,1,28684922,4375,0.1316,0.6679,4.0561,0.102,,,,251,87,0.175,0.752,0.003
alice,1,28684922,4376,0.0972,0.6411,3.7477,0.102,,,,249,99,0.174,0.769,0.003
alice,1,28684922,4377,0.1344,0.614,3.6034,0.102,,,,262,77,0.186,0.738,0.003
alice,1,28684922,4378,0.1247,0.6114,3.7941,0.102,,,,252,86,0.184,0.775,0.003
alice,1,28684922,4379,0.0948,0.5791,3.3091,0.102,,,,271,72,0.185,0.763,0.003
alice,1,28684922,4380,0.1027,0.5776,3.2264,0.102,,,,268,70,0.177,0.723,0.003
alice,1,28684922,4381,0.0966,0.675,4.1053,0.102,,,,236,82,0.172,0.635,0.003
alice,1,28684922,4382,0.1192,0.6652,4.0259,0.102,,,,265,67,0.19,0.808,0.004
alice,1,28684922,4383,0.1085,0.5928,3.7642,0.102,,,,256,67,0.187,0.837,0.004
alice,1,28684922,4384,0.0984,0.5918,3.5739,0.102,,,,269,69,0.187,0.753,0.004
alice,1,28684922,4385,0.0783,0.6679,3.7281,0.102,,,,259,71,0.188,0.649,0.003
alice,1,28684922,4386,0.1201,0.6125,3.8155,0.102,,,,252,87,0.186,0.808,0.003
alice,1,28684922,4387,0.1059,0.5719,3.3514,0.102,,,,261,88,0.18,0.772,0.003
alice,1,28684922,4388,0.1065,0.611,3.6637,0.102,,,,255,79,0.182,0.686,0.003
alice,1,28684922,4389,0.113,0.68,3.9358,0.102,,,,254,85,0.186,0.759,0.004
alice,1,28684922,4390,0.0904,0.6087,3.5636,0.102,,,,250,92,0.178,0.707,0.003
alice,1,28684922,4391,0.1043,0.6639,3.7167,0.102,,,,266,78,0.188,0.757,0.003
alice,1,28684922,4392,0.0922,0.6586,4.1579,0.102,,,,250,79,0.19,0.866,0.003
alice,1,28684922,4393,0.1178,0.5825,3.3982,0.102,,,,264,75,0.183,0.874,0.003
alice,1,28684922,4394,0.1211,0.5987,3.5089,0.102,,,,258,84,0.172,0.605,0.004
alice,1,28684922,4395,0.1211,0.573,3.1913,0.102,,,,266,76,0.171,0.671,0.004
alice,1,28684922,4396,0.0983,0.6151,3.5217,0.102,,,,264,83,0.168,0.697,0.003
alice,1,28684922,4397,0.1094,0.645,3.7364,0.102,,,,260,79,0.177,0.936,0.003
alice,1,28684922,4398,0.1114,0.6214,3.8788,0.102,,,,251,75,0.174,0.649,0.004
alice,1,28684922,4399,0.113,0.6076,3.3604,0.102,,,,261,72,0.18,0.84,0.003
alice,1,28684922,4400,0.104,0.6624,3.9439,0.102,,,,258,68,0.185,0.753,0.004
alice,1,28684922,4401,0.0886,0.5725,3.313,0.102,,,,271,74,0.191,0.632,0.004
alice,1,28684922,4402,0.1143,0.6111,3.5185,0.102,,,,252,87,0.168,0.623,0.004
alice,1,28684922,4403,0.0859,0.6375,3.6754,0.102,,,,263,77,0.177,0.694,0.003
alice,1,28684922,4404,0.0526,0.7306,3.7049,0.102,,,,267,67,0.18,0.526,0.003
alice,1,28684922,4405,0.0834,0.7744,4.1495,0.102,,,,243,89,0.168,0.643,0.004
alice,1,28684922,4406,0.1028,0.7442,4.0427,0.102,,,,252,82,0.183,0.734,0.003
alice,1,28684922,4407,0.0922,0.7168,3.9008,0.102,,,,251,88,0.164,1.177,0.004
alice,1,28684922,4408,0.1138,0.6943,4.0242,0.102,,,,253,87,0.165,0.633,0.004
alice,1,28684922,4409,0.1449,0.5965,3.5378,0.102,,,,267,96,0.162,0.786,0.003
alice,1,28684922,4410,0.1249,0.5992,3.4444,0.102,,,,260,83,0.181,0.837,0.004
alice,1,28684922,4411,0.1239,0.6888,3.8829,0.102,,,,258,69,0.2,0.826,0.004
alice,1,28684922,4412,0.1139,0.6267,3.4872,0.102,,,,254,83,0.188,0.785,0.004
alice,1,28684922,4413,0.1161,0.6984,3.5814,0.102,,,,263,66,0.195,0.72,0.003
alice,1,28684922,4414,0.1115,0.6263,3.52,0.102,,,,263,85,0.17,0.795,0.004
alice,1,28684922,4415,0.1266,0.5521,3.3839,0.102,,,,253,111,0.17,0.82,0.004
alice,1,28684922,4416,0.16,0.6358,3.562,0.102,,,,273,71,0.184,0.935,0.004
alice,1,28684922,4417,0.1371,0.6831,3.7712,0.102,,,,254,65,0.191,0.696,0.004
alice,1,28684922,4418,0.1077,0.7016,3.813,0.102,,,,265,71,0.185,0.666,0.004
alice,1,28684922,4419,0.0722,0.7595,4.0593,0.102,,,,248,81,0.181,0.733,0.003
alice,1,28684922,4420,0.1007,0.7282,3.918,0.102,,,,252,89,0.18,0.782,0.003
alice,1,28684922,4421,0.1128,0.694,3.7308,0.102,,,,254,89,0.168,0.622,0.003
alice,1,28684922,4422,0.098,0.6799,3.877,0.102,,,,258,100,0.169,0.647,0.004
alice,1,28684922,4423,0.1293,0.626,3.6496,0.102,,,,255,94,0.177,0.708,0.003
alice,1,28684922,4424,0.1398,0.6027,3.9808,0.102,,,,258,93,0.171,0.657,0.003
alice,1,28684922,4425,0.0563,0.6189,3.2951,0.102,,,,254,84,0.169,0.697,0.004
alice,1,28684922,4426,0.1261,0.6537,3.6212,0.102,,,,277,63,0.186,0.707,0.003
alice,1,28684922,4427,0.0903,0.6002,3.3814,0.102,,,,258,87,0.168,0.796,0.003
alice,1,28684922,4428,0.114,0.6187,3.4576,0.102,,,,252,98,0.161,0.675,0.003
alice,1,28684922,4429,0.1103,0.627,3.5,0.102,,,,249,110,0.164,0.671,0.003
alice,1,28684922,4430,0.1233,0.5658,3.2903,0.102,,,,268,112,0.177,0.776,0.003
alice,1,28684922,4431,0.0858,0.5968,3.5048,0.102,,,,252,92,0.186,0.736,0.003
alice,1,28684922,4432,0.1193,0.5385,3.4151,0.102,,,,257,94,0.181,0.709,0.003
alice,1,28684922,4433,0.0926,0.6181,3.5545,0.102,,,,239,97,0.175,0.645,0.004
alice,1,28684922,4434,0.1132,0.6175,3.7119,0.102,,,,249,113,0.154,0.591,0.004
alice,1,28684922,4435,0.0948,0.6827,3.6357,0.102,,,,261,87,0.174,0.738,0.004
alice,1,28684922,4436,0.129,0.6119,3.5082,0.102,,,,264,94,0.172,0.784,0.003
alice,1,28684922,4437,0.1058,0.6634,3.7213,0.102,,,,258,77,0.195,0.867,0.004
alice,1,28684922,4438,0.121,0.6929,3.8455,0.102,,,,271,73,0.187,0.726,0.003
alice,1,28684922,4439,0.1066,0.5819,3.5234,0.102,,,,263,80,0.19,0.658,0.003
alice,1,28684922,4440,0.0806,0.6149,3.6168,0.102,,,,248,87,0.185,0.901,0.003
alice,1,28684922,4441,0.1265,0.5955,3.5536,0.102,,,,252,88,0.175,0.628,0.004
alice,1,28684922,4442,0.1214,0.6805,3.6515,0.102,,,,278,54,0.204,0.75,0.004
alice,1,28684922,4443,0.1074,0.6775,3.7203,0.102,,,,268,61,0.21,0.753,0.004
alice,1,28684922,4444,0.1304,0.6399,3.7477,0.102,,,,256,78,0.184,0.593,0.003
alice,1,28684922,4445,0.1146,0.68,3.7459,0.102,,,,250,87,0.176,0.652,0.003
alice,1,28684922,4446,0.1409,0.71,3.9918,0.102,,,,259,72,0.186,0.827,0.004
alice,1,28684922,4447,0.1043,0.7434,4.0984,0.102,,,,259,69,0.195,0.78,0.003
alice,1,28684922,4448,0.0799,0.5809,3.4865,0.102,,,,255,105,0.167,0.763,0.003
alice,1,28684922,4449,0.1232,0.5813,2.875,0.102,,,,259,92,0.179,0.73,0.003
alice,1,28684922,4450,0.1163,0.6229,3.5,0.102,,,,265,84,0.189,0.68,0.003
alice,1,28684922,4451,0.1269,0.6849,3.728,0.102,,,,268,70,0.192,0.581,0.003
alice,1,28684922,4452,0.1383,0.6724,3.75,0.102,,,,253,82,0.186,0.775,0.003
alice,1,28684922,4453,0.1121,0.6277,3.5207,0.102,,,,270,79,0.187,0.783,0.003
alice,1,28684922,4454,0.1018,0.673,3.787,0.102,,,,252,77,0.181,0.705,0.004
alice,1,28684922,4455,0.1235,0.6602,3.7913,0.102,,,,260,73,0.191,0.676,0.003
alice,1,28684922,4456,0.1111,0.5927,3.3793,0.102,,,,257,86,0.185,0.787,0.004
alice,1,28684922,4457,0.1312,0.6397,3.5565,0.102,,,,260,83,0.183,0.73,0.004
alice,1,28684922,4458,0.1278,0.6339,3.608,0.102,,,,256,80,0.184,0.717,0.004
alice,1,28684922,4459,0.1364,0.6374,3.7097,0.102,,,,254,92,0.17,0.652,0.003
alice,1,28684922,4460,0.1203,0.6825,3.8346,0.102,,,,262,70,0.183,0.615,0.004
alice,1,28684922,4461,0.1435,0.6504,3.6343,0.102,,,,279,59,0.194,0.889,0.004
alice,1,28684922,4462,0.1052,0.6377,3.3712,0.102,,,,270,66,0.189,0.726,0.004
alice,1,28684922,4463,0.1166,0.6585,3.7542,0.102,,,,249,86,0.184,0.59,0.003
alice,1,28684922,4464,0.129,0.6216,3.5492,0.102,,,,260,100,0.175,0.727,0.004
alice,1,28684922,4465,0.1025,0.8078,4.0846,0.102,,,,274,49,0.201,0.762,0.003
alice,1,28684922,4466,0.0767,0.6594,3.7193,0.102,,,,256,72,0.196,0.882,0.003
alice,1,28684922,4467,0.1136,0.6122,3.6636,0.102,,,,243,119,0.161,0.843,0.003
alice,1,28684922,4468,0.149,0.6668,3.7541,0.102,,,,255,83,0.175,0.683,0.004
alice,1,28684922,4469,0.1048,0.6185,3.2707,0.102,,,,274,73,0.183,0.783,0.004
alice,1,28684922,4470,0.1094,0.5674,3.1016,0.102,,,,271,73,0.191,0.734,0.003
alice,1,28684922,4471,0.1042,0.6434,3.623,0.102,,,,250,93,0.172,0.59,0.003
alice,1,28684922,4472,0.1091,0.6779,3.5462,0.102,,,,259,82,0.182,0.663,0.004
alice,1,28684922,4473,0.1232,0.6203,3.5403,0.102,,,,271,83,0.185,0.66,0.003
alice,1,28684922,4474,0.0932,0.6401,3.5893,0.102,,,,248,88,0.203,0.77,0.003
alice,1,28684922,4475,0.1029,0.7308,3.7823,0.102,,,,259,77,0.191,0.69,0.003
alice,1,28684922,4476,0.0826,0.6556,3.4143,0.102,,,,260,75,0.174,0.718,0.004
alice,1,28684922,4477,0.1112,0.668,3.7143,0.102,,,,266,85,0.187,0.644,0.003
alice,1,28684922,4478,0.098,0.6765,3.8862,0.102,,,,266,71,0.188,0.891,0.003
alice,1,28684922,4479,0.0897,0.5867,3.1395,0.102,,,,274,67,0.198,0.998,0.003
alice,1,28684922,4480,0.1101,0.5849,3.6455,0.102,,,,259,94,0.166,0.667,0.003
alice,1,28684922,4481,0.0872,0.5633,3.3679,0.102,,,,248,108,0.177,0.712,0.003
alice,1,28684922,4482,0.1032,0.6038,3.3529,0.102,,,,261,91,0.18,0.784,0.003
alice,1,28684922,4483,0.1201,0.5895,3.5676,0.102,,,,251,106,0.175,0.787,0.004
alice,1,28684922,4484,0.1045,0.6341,3.3622,0.102,,,,271,77,0.182,0.649,0.003
alice,1,28684922,4485,0.1092,0.592,3.2991,0.102,,,,251,93,0.176,0.815,0.003
alice,1,28684922,4486,0.1254,0.6491,3.4683,0.102,,,,272,76,0.187,0.594,0.003
alice,1,28684922,4487,0.1388,0.6194,3.8529,0.102,,,,256,86,0.188,0.712,0.004
alice,1,28684922,4488,0.1167,0.5794,3.4486,0.102,,,,251,86,0.19,0.788,0.004
alice,1,28684922,4489,0.1037,0.7157,3.8361,0.102,,,,264,68,0.192,0.735,0.004
alice,1,28684922,4490,0.103,0.5942,3.5455,0.102,,,,259,95,0.172,0.58,0.003
alice,1,28684922,4491,0.1128,0.6575,3.8364,0.102,,,,253,75,0.184,0.691,0.004
alice,1,28684922,4492,0.0809,0.5785,3.6239,0.102,,,,239,124,0.151,0.615,0.003
alice,1,28684922,4493,0.1198,0.5576,3.3362,0.102,,,,248,117,0.158,0.688,0.003
alice,1,28684922,4494,0.1355,0.6224,3.5984,0.102,,,,265,83,0.197,1.012,0.003
alice,1,28684922,4495,0.1213,0.601,3.4915,0.102,,,,259,70,0.203,0.774,0.003
alice,1,28684922,4496,0.1175,0.5837,3.6481,0.102,,,,267,85,0.179,0.772,0.004
alice,1,28684922,4497,0.1238,0.5613,3.2162,0.102,,,,259,79,0.178,0.649,0.003
alice,1,28684922,4498,0.0969,0.5797,3.2213,0.102,,,,265,66,0.185,0.591,0.003
alice,1,28684922,4499,0.1091,0.6573,3.3906,0.102,,,,267,84,0.173,0.742,0.004
alice,1,28684922,4500,0.1052,0.7693,3.7926,0.102,,,,270,48,0.218,0.783,0.004
alice,1,28684922,4501,0.1008,0.6929,3.75,0.102,,,,265,67,0.195,0.688,0.003
alice,1,28684922,4502,0.1273,0.6606,3.6942,0.102,,,,251,85,0.183,0.691,0.004
alice,1,28684922,4503,0.1165,0.5903,3.3525,0.102,,,,271,80,0.187,0.666,0.003
alice,1,28684922,4504,0.1107,0.6073,3.5714,0.102,,,,256,81,0.189,0.636,0.003
alice,1,28684922,4505,0.1126,0.6195,3.4797,0.102,,,,259,81,0.178,0.881,0.004
alice,1,28684922,4506,0.1202,0.6668,3.8,0.102,,,,254,86,0.176,0.855,0.003
alice,1,28684922,4507,0.1198,0.5843,3.578,0.102,,,,254,104,0.178,0.718,0.003
alice,1,28684922,4508,0.1135,0.6403,3.7965,0.102,,,,264,71,0.193,0.707,0.003
alice,1,28684922,4509,0.1001,0.7259,3.8051,0.102,,,,262,64,0.206,0.825,0.004
alice,1,28684922,4510,0.1009,0.7055,3.6942,0.102,,,,261,55,0.205,0.607,0.004
alice,1,28684922,4511,0.1399,0.5863,3.578,0.102,,,,257,91,0.186,0.722,0.003
alice,1,28684922,4512,0.0806,0.6935,3.75,0.102,,,,247,78,0.183,0.688,0.003
alice,1,28684922,4513,0.1143,0.6697,3.3846,0.102,,,,275,70,0.189,0.704,0.003
alice,1,28684922,4514,0.0971,0.6759,3.3986,0.102,,,,279,64,0.205,0.752,0.003
alice,1,28684922,4515,0.0895,0.698,3.9052,0.102,,,,257,76,0.196,0.892,0.003
alice,1,28684922,4516,0.1072,0.7053,3.9554,0.102,,,,266,61,0.201,0.747,0.003
alice,1,28684922,4517,0.101,0.5834,3.2679,0.102,,,,268,69,0.192,0.843,0.003
alice,1,28684922,4518,0.1144,0.5648,3.2544,0.102,,,,272,60,0.207,0.827,0.003
alice,1,28684922,4519,0.0747,0.6794,3.5526,0.102,,,,263,55,0.217,0.844,0.003
alice,1,28684922,4520,0.0665,0.6684,3.56,0.102,,,,254,90,0.182,0.633,0.003
alice,1,28684922,4521,0.1,0.6536,3.5344,0.102,,,,282,73,0.2,0.69,0.003
alice,1,28684922,4522,0.0813,0.552,3.1622,0.102,,,,260,97,0.173,0.741,0.003
alice,1,28684922,4523,0.1132,0.5293,3.2095,0.102,,,,267,79,0.179,0.691,0.004
alice,1,28684922,4524,0.1002,0.4789,2.934,0.102,,,,257,90,0.18,0.755,0.003
alice,1,28684922,4525,0.0991,0.5904,3.3017,0.102,,,,265,86,0.192,0.679,0.004
alice,1,28684922,4526,0.1118,0.6702,3.5948,0.102,,,,259,72,0.198,0.764,0.003
alice,1,28684922,4527,0.0692,0.6118,3.2248,0.102,,,,247,106,0.173,0.819,0.003
alice,1,28684922,4528,0.139,0.7282,3.8309,0.102,,,,252,97,0.171,0.789,0.003
alice,1,28684922,4529,0.1624,0.6576,3.6015,0.102,,,,265,87,0.19,0.782,0.003
alice,1,28684922,4530,0.1456,0.6978,3.8537,0.102,,,,266,71,0.194,0.683,0.003
alice,1,28684922,4531,0.1159,0.6533,3.6033,0.102,,,,254,82,0.181,0.729,0.003
alice,1,28684922,4532,0.1155,0.614,3.3459,0.102,,,,260,96,0.167,0.749,0.003
alice,1,28684922,4533,0.1324,0.6341,3.7899,0.102,,,,262,93,0.195,0.782,0.003
alice,1,28684922,4534,0.1046,0.5697,3.4554,0.102,,,,257,86,0.185,0.747,0.003
alice,1,28684922,4535,0.1126,0.5763,3.487,0.102,,,,259,86,0.185,0.769,0.004
alice,1,28684922,4536,0.1223,0.5881,3.3223,0.102,,,,263,86,0.186,0.669,0.003
alice,1,28684922,4537,0.0881,0.608,3.4094,0.102,,,,270,66,0.19,0.748,0.003
alice,1,28684922,4538,0.097,0.6444,3.5197,0.102,,,,261,73,0.198,0.756,0.003
alice,1,28684922,4539,0.1342,0.5931,3.3203,0.102,,,,262,85,0.192,0.797,0.003
alice,1,28684922,4540,0.1291,0.5921,3.313,0.102,,,,263,97,0.179,0.726,0.003
alice,1,28684922,4541,0.1142,0.6635,3.5403,0.102,,,,273,71,0.197,0.883,0.003
alice,1,28684922,4542,0.1145,0.6317,3.479,0.102,,,,269,62,0.192,0.848,0.003
alice,1,28684922,4543,0.0838,0.6812,3.8991,0.102,,,,251,82,0.191,0.776,0.003
alice,1,28684922,4544,0.1014,0.538,3.5253,0.102,,,,237,130,0.162,0.86,0.003
alice,1,28684922,4545,0.1408,0.6676,3.4603,0.102,,,,269,76,0.177,0.749,0.003
alice,1,28684922,4546,0.1185,0.6505,3.7586,0.102,,,,260,84,0.184,0.718,0.003
alice,1,28684922,4547,0.1026,0.6734,3.7232,0.102,,,,262,75,0.187,0.629,0.003
alice,1,28684922,4548,0.0994,0.6759,3.7009,0.102,,,,248,85,0.199,0.729,0.004
alice,1,28684922,4549,0.1267,0.7629,4.0615,0.102,,,,261,77,0.202,0.848,0.003
alice,1,28684922,4550,0.1179,0.6285,3.6083,0.102,,,,271,74,0.201,0.704,0.004
alice,1,28684922,4551,0.1279,0.5708,3.1667,0.102,,,,270,67,0.202,0.731,0.004
alice,1,28684922,4552,0.1048,0.6516,3.3929,0.102,,,,254,79,0.189,0.777,0.004
alice,1,28684922,4553,0.0775,0.6121,3.5714,0.102,,,,260,86,0.179,0.781,0.003
alice,1,28684922,4554,0.0878,0.6328,3.6549,0.102,,,,261,83,0.197,0.657,0.003
alice,1,28684922,4555,0.0872,0.6492,3.9709,0.102,,,,246,84,0.186,0.917,0.004
alice,1,28684922,4556,0.1174,0.6378,3.4553,0.102,,,,258,80,0.19,0.837,0.003
alice,1,28684922,4557,0.1182,0.6298,3.3307,0.102,,,,271,76,0.195,0.702,0.004
alice,1,28684922,4558,0.1052,0.6404,3.6271,0.102,,,,264,76,0.182,0.72,0.004
alice,1,28684922,4559,0.1018,0.4921,3.0089,0.102,,,,263,100,0.164,0.758,0.004
alice,1,28684922,4560,0.0974,0.5613,3.1176,0.102,,,,277,74,0.194,0.859,0.004
alice,1,28684922,4561,0.0645,0.65,3.5398,0.102,,,,250,76,0.193,0.869,0.003
alice,1,28684922,4562,0.109,0.6989,3.5036,0.102,,,,263,72,0.197,0.797,0.003
alice,1,28684922,4563,0.1052,0.7588,4.0709,0.102,,,,255,82,0.188,0.651,0.003
alice,1,28684922,4564,0.1306,0.6585,3.5379,0.102,,,,266,79,0.188,0.839,0.004
alice,1,28684922,4565,0.1487,0.6814,4.0625,0.102,,,,261,76,0.207,0.75,0.004
alice,1,28684922,4566,0.1038,0.6269,3.6481,0.102,,,,266,71,0.204,0.68,0.003
alice,1,28684922,4567,0.0994,0.5776,3.3269,0.102,,,,264,72,0.193,0.762,0.004
alice,1,28684922,4568,0.1095,0.6085,3.2857,0.102,,,,270,64,0.195,0.702,0.003
alice,1,28684922,4569,0.0871,0.6212,3.5909,0.102,,,,268,65,0.191,0.738,0.004
alice,1,28684922,4570,0.111,0.6179,3.4091,0.102,,,,259,74,0.199,0.891,0.003
alice,1,28684922,4571,0.1202,0.6516,3.7043,0.102,,,,257,75,0.189,0.705,0.004
alice,1,28684922,4572,0.091,0.6733,3.65,0.102,,,,262,65,0.207,0.654,0.004
alice,1,28684922,4573,0.1018,0.5775,3.0391,0.102,,,,271,70,0.196,0.766,0.004
alice,1,28684922,4574,0.1182,0.6546,3.5714,0.102,,,,278,58,0.212,0.792,0.003
alice,1,28684922,4575,0.097,0.649,3.3162,0.102,,,,264,58,0.213,0.85,0.003
alice,1,28684922,4576,0.1159,0.7529,4.1043,0.102,,,,262,53,0.216,0.959,0.003
alice,1,28684922,4577,0.0808,0.564,3.1327,0.102,,,,279,73,0.201,0.664,0.003
alice,1,28684922,4578,0.0858,0.6401,3.2155,0.102,,,,257,67,0.181,0.751,0.004
alice,1,28684922,4579,0.1094,0.6608,3.8814,0.102,,,,262,67,0.199,0.841,0.004
alice,1,28684922,4580,0.112,0.6293,3.5161,0.102,,,,267,71,0.204,0.817,0.004
alice,1,28684922,4581,0.1127,0.6354,3.3333,0.102,,,,276,65,0.2,0.753,0.003
alice,1,28684922,4582,0.0953,0.6337,3.1,0.102,,,,260,82,0.202,0.733,0.003
alice,1,28684922,4583,0.1307,0.6928,3.6124,0.102,,,,267,70,0.203,0.845,0.004
alice,1,28684922,4584,0.1069,0.6922,3.7317,0.102,,,,262,76,0.191,0.824,0.003
alice,1,28684922,4585,0.0802,0.5723,3.2195,0.102,,,,260,93,0.182,0.797,0.003
alice,1,28684922,4586,0.1302,0.7163,3.7077,0.102,,,,258,67,0.203,0.874,0.004
alice,1,28684922,4587,0.1145,0.7837,4.0,0.102,,,,261,57,0.213,0.794,0.004
alice,1,28684922,4588,0.1137,0.5783,3.042,0.102,,,,279,79,0.201,0.758,0.003
alice,1,28684922,4589,0.0811,0.6814,3.5827,0.102,,,,256,83,0.19,0.781,0.003
alice,1,28684922,4590,0.1357,0.7121,3.4892,0.102,,,,270,73,0.198,0.808,0.004
alice,1,28684922,4591,0.083,0.5677,3.1154,0.102,,,,259,106,0.167,0.684,0.003
alice,1,28684922,4592,0.1434,0.6078,3.4576,0.102,,,,264,91,0.183,0.829,0.004
alice,1,28684922,4593,0.1276,0.5911,3.2456,0.102,,,,270,76,0.204,0.762,0.003
alice,1,28684922,4594,0.0951,0.6428,3.5676,0.102,,,,264,67,0.202,0.701,0.003
alice,1,28684922,4595,0.1003,0.5555,3.1092,0.102,,,,268,81,0.186,0.731,0.003
alice,1,28684922,4596,0.088,0.5943,3.2167,0.102,,,,249,92,0.174,0.699,0.003
alice,1,28684922,4597,0.0954,0.6826,3.594,0.102,,,,267,64,0.201,0.604,0.004
alice,1,28684922,4598,0.0807,0.6221,3.6423,0.102,,,,259,100,0.178,0.709,0.003
alice,1,28684922,4599,0.1445,0.6255,3.6017,0.102,,,,265,78,0.198,0.853,0.003
alice,1,28684922,4600,0.1164,0.6412,3.4839,0.102,,,,274,48,0.216,0.772,0.003
alice,1,28684922,4601,0.1058,0.5778,3.281,0.102,,,,269,77,0.194,0.781,0.003
alice,1,28684922,4602,0.099,0.6227,3.3115,0.102,,,,268,61,0.221,0.767,0.003
alice,1,28684922,4603,0.0971,0.5384,2.9365,0.102,,,,272,82,0.202,0.878,0.004
alice,1,28684922,4604,0.1039,0.6968,3.5703,0.102,,,,264,69,0.201,0.782,0.003
alice,1,28684922,4605,0.0943,0.6242,3.52,0.102,,,,252,92,0.195,0.785,0.003
alice,1,28684922,4606,0.1229,0.6406,3.3309,0.102,,,,280,62,0.204,0.724,0.004
alice,1,28684922,4607,0.0833,0.6752,3.403,0.102,,,,269,52,0.205,0.67,0.003
alice,1,28684922,4608,0.0939,0.6834,3.648,0.102,,,,267,71,0.225,0.838,0.003
alice,1,28684922,4609,0.0872,0.6124,3.4237,0.102,,,,260,85,0.199,0.832,0.004
alice,1,28684922,4610,0.104,0.6021,3.2705,0.102,,,,270,88,0.181,0.641,0.004
alice,1,28684922,4611,0.0992,0.5122,2.8621,0.102,,,,273,78,0.2,0.827,0.004
alice,1,28684922,4612,0.0913,0.5949,3.161,0.102,,,,256,74,0.194,0.826,0.004
alice,1,28684922,4613,0.1179,0.6021,3.2977,0.102,,,,271,66,0.19,0.626,0.004
alice,1,28684922,4614,0.0981,0.6317,3.3209,0.102,,,,260,79,0.195,0.745,0.003
alice,1,28684922,4615,0.1193,0.6572,3.4427,0.102,,,,275,72,0.206,0.797,0.004
alice,1,28684922,4616,0.1063,0.7143,3.6434,0.102,,,,264,66,0.203,0.695,0.003
alice,1,28684922,4617,0.1233,0.712,3.507,0.102,,,,283,40,0.226,0.737,0.003
alice,1,28684922,4618,0.0947,0.72,3.4307,0.102,,,,276,45,0.218,0.73,0.003
alice,1,28684922,4619,0.0978,0.618,3.5691,0.102,,,,264,77,0.187,0.681,0.004
alice,1,28684922,4620,0.1226,0.5448,3.161,0.102,,,,267,87,0.192,0.629,0.003
alice,1,28684922,4621,0.1037,0.5765,3.1048,0.102,,,,267,83,0.202,0.719,0.004
alice,1,28684922,4622,0.0877,0.586,3.1301,0.102,,,,272,80,0.218,0.741,0.003
alice,1,28684922,4623,0.0753,0.6339,3.3675,0.102,,,,273,67,0.207,0.844,0.003
alice,1,28684922,4624,0.0621,0.6232,3.1453,0.102,,,,263,74,0.198,0.743,0.002
alice,1,28684922,4625,0.1126,0.5849,3.1739,0.102,,,,263,90,0.192,0.787,0.003
alice,1,28684922,4626,0.0935,0.6253,3.1923,0.102,,,,268,60,0.225,1.027,0.003
alice,1,28684922,4627,0.083,0.6144,3.3566,0.102,,,,266,74,0.204,0.849,0.003
alice,1,28684922,4628,0.0862,0.6436,3.3066,0.102,,,,265,76,0.19,0.655,0.004
alice,1,28684922,4629,0.1046,0.7175,3.5315,0.102,,,,274,68,0.205,0.779,0.003
alice,1,28684922,4630,0.0852,0.7342,3.507,0.102,,,,271,68,0.197,0.785,0.004
alice,1,28684922,4631,0.1031,0.5938,3.087,0.102,,,,267,91,0.181,0.836,0.004
alice,1,28684922,4632,0.1075,0.6865,3.7,0.102,,,,274,71,0.192,0.72,0.004
alice,1,28684922,4633,0.0824,0.6073,3.2857,0.102,,,,262,86,0.202,0.839,0.003
alice,1,28684922,4634,0.1195,0.6223,3.625,0.102,,,,263,69,0.219,0.989,0.003
alice,1,28684922,4635,0.1146,0.6386,3.8922,0.102,,,,259,65,0.214,0.951,0.003
alice,1,28684922,4636,0.1045,0.5824,3.4811,0.102,,,,261,64,0.208,0.803,0.004
alice,1,28684922,4637,0.0943,0.4901,2.8087,0.102,,,,279,68,0.216,0.761,0.003
alice,1,28684922,4638,0.0766,0.5851,3.0744,0.102,,,,264,67,0.198,0.778,0.004
alice,1,28684922,4639,0.102,0.6322,3.4065,0.102,,,,274,62,0.198,0.755,0.004
alice,1,28684922,4640,0.0959,0.6578,3.4833,0.102,,,,259,63,0.206,0.807,0.004
alice,1,28684922,4641,0.0781,0.6973,3.55,0.102,,,,271,56,0.212,0.789,0.004
alice,1,28684922,4642,0.1101,0.6444,3.623,0.102,,,,272,68,0.202,0.745,0.003
alice,1,28684922,4643,0.1066,0.5911,3.2735,0.102,,,,272,65,0.212,0.767,0.003
alice,1,28684922,4644,0.1167,0.5807,3.2545,0.102,,,,260,73,0.202,0.83,0.003
alice,1,28684922,4645,0.0959,0.6486,3.4683,0.102,,,,275,63,0.211,0.864,0.003
alice,1,28684922,4646,0.0929,0.6508,3.8532,0.102,,,,267,62,0.213,0.9,0.003
alice,1,28684922,4647,0.0759,0.6135,3.3097,0.102,,,,266,57,0.208,0.747,0.003
alice,1,28684922,4648,0.0819,0.6053,3.0294,0.102,,,,275,58,0.194,0.754,0.004
alice,1,28684922,4649,0.1256,0.6818,3.5194,0.102,,,,273,63,0.21,0.848,0.004
alice,1,28684922,4650,0.0972,0.6246,3.2748,0.102,,,,277,48,0.206,0.729,0.004
alice,1,28684922,4651,0.1221,0.647,3.3701,0.102,,,,273,61,0.208,0.712,0.003
alice,1,28684922,4652,0.0846,0.6369,3.2879,0.102,,,,276,62,0.215,0.965,0.004
alice,1,28684922,4653,0.1054,0.5939,3.225,0.102,,,,272,76,0.205,0.757,0.004
alice,1,28684922,4654,0.0873,0.6071,3.3772,0.102,,,,262,82,0.205,0.726,0.004
alice,1,28684922,4655,0.116,0.6079,3.2735,0.102,,,,265,79,0.2,0.75,0.003
alice,1,28684922,4656,0.1166,0.6459,3.7719,0.102,,,,266,68,0.213,0.686,0.004
alice,1,28684922,4657,0.0762,0.6668,3.5603,0.102,,,,263,73,0.215,0.929,0.003
alice,1,28684922,4658,0.0974,0.5702,3.0325,0.102,,,,268,84,0.199,0.825,0.003
alice,1,28684922,4659,0.1308,0.7023,3.6529,0.102,,,,264,65,0.21,0.715,0.003
alice,1,28684922,4660,0.0883,0.6144,3.3197,0.102,,,,265,84,0.19,0.769,0.003
alice,1,28684922,4661,0.085,0.6677,3.5161,0.102,,,,259,79,0.193,0.744,0.003
alice,1,28684922,4662,0.1027,0.6416,3.4094,0.102,,,,262,83,0.195,0.634,0.004
alice,1,28684922,4663,0.1253,0.6869,3.6967,0.102,,,,266,62,0.208,0.714,0.003
alice,1,28684922,4664,0.1116,0.6526,3.4132,0.102,,,,257,76,0.205,0.798,0.003
alice,1,28684922,4665,0.1298,0.6326,3.496,0.102,,,,266,75,0.211,0.684,0.003
alice,1,28684922,4666,0.1053,0.6626,3.3071,0.102,,,,271,70,0.212,0.72,0.003
alice,1,28684922,4667,0.0926,0.6776,3.4472,0.102,,,,274,60,0.211,0.764,0.003
alice,1,28684922,4668,0.0846,0.5526,2.955,0.102,,,,264,81,0.197,0.871,0.003
alice,1,28684922,4669,0.1252,0.6205,3.2773,0.102,,,,266,61,0.213,0.772,0.003
alice,1,28684922,4670,0.0647,0.5738,3.0379,0.102,,,,271,67,0.196,0.771,0.003
alice,1,28684922,4671,0.0696,0.4938,2.635,0.102,,,,297,70,0.196,0.774,0.003
alice,1,28684922,4672,0.0855,0.564,2.9737,0.102,,,,271,69,0.185,0.821,0.003
alice,1,28684922,4673,0.0894,0.5474,2.9412,0.102,,,,266,76,0.188,0.681,0.004
alice,1,28684922,4674,0.0986,0.6619,3.5271,0.102,,,,266,53,0.213,0.794,0.004
alice,1,28684922,4675,0.1001,0.5821,3.1935,0.102,,,,286,56,0.21,0.823,0.004
alice,1,28684922,4676,0.0831,0.6435,3.3231,0.102,,,,276,48,0.229,0.776,0.004
alice,1,28684922,4677,0.0741,0.6763,3.4672,0.102,,,,270,59,0.218,0.818,0.004
alice,1,28684922,4678,0.0789,0.6333,3.256,0.102,,,,259,74,0.191,0.715,0.003
alice,1,28684922,4679,0.1357,0.6328,3.48,0.102,,,,262,77,0.212,0.618,0.003
alice,1,28684922,4680,0.0766,0.6481,3.3286,0.102,,,,277,59,0.207,0.822,0.003
alice,1,28684922,4681,0.1115,0.6204,3.4094,0.102,,,,269,64,0.202,0.733,0.003
alice,1,28684922,4682,0.1172,0.5163,2.7674,0.102,,,,280,79,0.201,0.973,0.003
alice,1,28684922,4683,0.0972,0.5809,2.9416,0.102,,,,278,61,0.195,0.76,0.003
alice,1,28684922,4684,0.0922,0.6073,3.3083,0.102,,,,282,58,0.205,0.717,0.003
alice,1,28684922,4685,0.0689,0.5427,3.0661,0.102,,,,276,70,0.198,0.808,0.003
alice,1,28684922,4686,0.0868,0.5705,3.2679,0.102,,,,266,75,0.207,0.825,0.004
alice,1,28684922,4687,0.0864,0.5619,3.1121,0.102,,,,249,91,0.188,0.719,0.003
alice,1,28684922,4688,0.1027,0.6541,3.3407,0.102,,,,283,63,0.209,0.757,0.004
alice,1,28684922,4689,0.0886,0.6604,3.5508,0.102,,,,264,68,0.206,0.78,0.004
alice,1,28684922,4690,0.0831,0.5845,3.0813,0.102,,,,264,78,0.202,0.805,0.004
alice,1,28684922,4691,0.0967,0.6489,3.3228,0.102,,,,275,59,0.224,0.815,0.003
alice,1,28684922,4692,0.0664,0.7315,3.8136,0.102,,,,256,71,0.211,0.956,0.003
alice,1,28684922,4693,0.0669,0.5105,2.7462,0.102,,,,274,96,0.185,1.243,0.003
alice,1,28684922,4694,0.0979,0.5165,2.9609,0.102,,,,273,75,0.198,0.695,0.003
alice,1,28684922,4695,0.0956,0.5927,2.9928,0.102,,,,278,64,0.212,0.88,0.003
alice,1,28684922,4696,0.1059,0.5589,2.9847,0.102,,,,285,67,0.203,0.786,0.003
alice,1,28684922,4697,0.0696,0.5769,3.1667,0.102,,,,265,68,0.196,0.782,0.003
alice,1,28684922,4698,0.1047,0.5964,3.1587,0.102,,,,278,63,0.197,0.701,0.003
alice,1,28684922,4699,0.1188,0.5929,3.2203,0.102,,,,269,69,0.211,0.785,0.003
alice,1,28684922,4700,0.1109,0.5652,3.0763,0.102,,,,282,64,0.21,0.643,0.003
alice,1,28684922,4701,0.0841,0.6771,3.5276,0.102,,,,268,53,0.214,0.769,0.003
alice,1,28684922,4702,0.101,0.6295,3.4688,0.102,,,,258,86,0.187,0.7,0.003
alice,1,28684922,4703,0.0895,0.6173,3.3876,0.102,,,,266,85,0.195,0.776,0.003
alice,1,28684922,4704,0.1008,0.6584,3.2426,0.102,,,,274,66,0.214,0.939,0.003
alice,1,28684922,4705,0.1187,0.6557,3.4958,0.102,,,,265,67,0.21,0.743,0.003
alice,1,28684922,4706,0.0985,0.6185,3.2698,0.102,,,,275,59,0.207,0.823,0.003
alice,1,28684922,4707,0.1113,0.6598,3.2903,0.102,,,,275,52,0.227,0.831,0.003
alice,1,28684922,4708,0.0844,0.6083,3.0923,0.102,,,,271,63,0.22,0.796,0.003
alice,1,28684922,4709,0.0868,0.6322,3.2812,0.102,,,,258,73,0.209,0.718,0.003
alice,1,28684922,4710,0.1037,0.6865,3.7823,0.102,,,,261,85,0.204,0.892,0.003
alice,1,28684922,4711,0.1083,0.5893,3.0963,0.102,,,,287,61,0.203,0.782,0.003
alice,1,28684922,4712,0.0873,0.5789,3.0078,0.102,,,,267,64,0.207,0.73,0.003
alice,1,28684922,4713,0.1164,0.6512,3.4318,0.102,,,,279,59,0.216,1.116,0.003
alice,1,28684922,4714,0.0922,0.5587,3.3451,0.102,,,,262,82,0.188,0.792,0.003
alice,1,28684922,4715,0.1177,0.5378,2.95,0.102,,,,270,81,0.189,0.779,0.003
alice,1,28684922,4716,0.1203,0.5937,3.292,0.102,,,,279,50,0.216,0.792,0.003
alice,1,28684922,4717,0.0932,0.5599,3.1429,0.102,,,,265,72,0.21,0.97,0.003
alice,1,28684922,4718,0.0897,0.6267,3.5273,0.102,,,,275,56,0.216,0.663,0.003
alice,1,28684922,4719,0.0652,0.7124,3.7273,0.102,,,,263,50,0.225,0.77,0.003
alice,1,28684922,4720,0.095,0.7038,3.6612,0.102,,,,271,47,0.227,0.714,0.003
alice,1,28684922,4721,0.0903,0.6196,3.2397,0.102,,,,268,64,0.207,0.697,0.003
alice,1,28684922,4722,0.0959,0.6792,3.4848,0.102,,,,264,67,0.209,0.704,0.003
alice,1,28684922,4723,0.1106,0.663,3.3121,0.102,,,,284,62,0.207,0.747,0.003
alice,1,28684922,4724,0.0804,0.6126,3.3413,0.102,,,,272,70,0.211,0.805,0.003
alice,1,28684922,4725,0.0736,0.6335,3.186,0.102,,,,261,82,0.197,0.745,0.003
alice,1,28684922,4726,0.103,0.6867,3.5308,0.102,,,,271,60,0.214,0.85,0.003
alice,1,28684922,4727,0.1097,0.5583,3.0079,0.102,,,,277,75,0.203,0.743,0.003
alice,1,28684922,4728,0.1072,0.6316,3.5726,0.102,,,,260,70,0.207,0.854,0.004
alice,1,28684922,4729,0.0689,0.5506,3.0635,0.102,,,,268,82,0.191,0.772,0.003
alice,1,28684922,4730,0.1094,0.5514,3.0305,0.102,,,,279,69,0.212,0.73,0.003
alice,1,28684922,4731,0.0963,0.6456,3.3307,0.102,,,,273,62,0.21,0.699,0.002
alice,1,28684922,4732,0.0999,0.6622,3.6,0.102,,,,266,73,0.192,0.737,0.004
alice,1,28684922,4733,0.0826,0.6805,3.331,0.102,,,,280,65,0.205,0.676,0.003
alice,1,28684922,4734,0.0875,0.6543,3.488,0.102,,,,258,85,0.178,0.726,0.004
alice,1,28684922,4735,0.0923,0.6238,3.1971,0.102,,,,270,80,0.178,0.746,0.003
alice,1,28684922,4736,0.0931,0.6502,3.3776,0.102,,,,269,68,0.199,0.658,0.003
alice,1,28684922,4737,0.0931,0.7153,3.6241,0.102,,,,272,65,0.189,0.754,0.004
alice,1,28684922,4738,0.1034,0.5526,3.145,0.102,,,,264,105,0.167,0.714,0.003
alice,1,28684922,4739,0.1194,0.6167,3.4876,0.102,,,,272,75,0.193,0.675,0.003
alice,1,28684922,4740,0.1085,0.5232,2.811,0.102,,,,275,84,0.19,0.639,0.003
alice,1,28684922,4741,0.1144,0.6161,3.3659,0.102,,,,271,61,0.196,0.789,0.003
alice,1,28684922,4742,0.1148,0.5897,3.0992,0.102,,,,285,40,0.214,0.677,0.002
alice,1,28684922,4743,0.1048,0.5297,3.0171,0.102,,,,274,82,0.195,0.819,0.003
alice,1,28684922,4744,0.0994,0.5987,3.1983,0.102,,,,269,65,0.197,0.66,0.003
alice,1,28684922,4745,0.0814,0.5789,2.6643,0.102,,,,279,59,0.2,0.712,0.003
alice,1,28684922,4746,0.098,0.7002,3.7165,0.102,,,,268,62,0.209,0.718,0.003
alice,1,28684922,4747,0.0608,0.7351,3.7,0.102,,,,260,80,0.201,0.883,0.004
alice,1,28684922,4748,0.1201,0.6054,3.1143,0.102,,,,282,77,0.189,0.766,0.004
alice,1,28684922,4749,0.0969,0.4532,2.4085,0.102,,,,279,88,0.18,0.681,0.003
alice,1,28684922,4750,0.1155,0.6649,3.5368,0.102,,,,268,72,0.196,0.637,0.004
alice,1,28684922,4751,0.0891,0.6119,3.1522,0.102,,,,273,73,0.215,0.84,0.004
alice,1,28684922,4752,0.0975,0.6273,3.04,0.102,,,,276,68,0.203,0.837,0.003
alice,1,28684922,4753,0.1204,0.6872,3.3958,0.102,,,,284,57,0.218,0.891,0.004
alice,1,28684922,4754,0.1005,0.6203,3.3923,0.102,,,,266,78,0.192,0.7,0.004
alice,1,28684922,4755,0.0884,0.6797,3.4453,0.102,,,,283,61,0.218,0.743,0.003
alice,1,28684922,4756,0.0908,0.4927,2.8522,0.102,,,,269,83,0.202,0.771,0.003
alice,1,28684922,4757,0.0881,0.6076,3.2931,0.102,,,,260,70,0.21,0.692,0.003
alice,1,28684922,4758,0.1015,0.6214,3.2598,0.102,,,,270,64,0.2,0.645,0.003
alice,1,28684922,4759,0.1064,0.6304,3.3258,0.102,,,,271,63,0.202,0.713,0.003
alice,1,28684922,4760,0.0791,0.6558,3.52,0.102,,,,272,76,0.193,0.78,0.003
alice,1,28684922,4761,0.0993,0.5796,3.2294,0.102,,,,266,81,0.209,0.815,0.003
alice,1,28684922,4762,0.1071,0.5724,3.0598,0.102,,,,273,61,0.205,0.66,0.004
alice,1,28684922,4763,0.1109,0.6281,3.2419,0.102,,,,263,57,0.217,0.79,0.004
alice,1,28684922,4764,0.1104,0.6563,3.2986,0.102,,,,282,50,0.224,0.647,0.003
alice,1,28684922,4765,0.0831,0.6039,3.1591,0.102,,,,279,78,0.21,0.762,0.003
alice,1,28684922,4766,0.1059,0.521,2.936,0.102,,,,270,88,0.192,0.857,0.003
alice,1,28684922,4767,0.103,0.5587,3.0469,0.102,,,,280,73,0.21,0.818,0.003
alice,1,28684922,4768,0.0897,0.6107,3.531,0.102,,,,262,71,0.211,0.647,0.003
alice,1,28684922,4769,0.0939,0.6254,3.3613,0.102,,,,252,81,0.191,0.687,0.004
alice,1,28684922,4770,0.1128,0.5507,2.8944,0.102,,,,283,69,0.198,0.694,0.004
alice,1,28684922,4771,0.1115,0.6582,3.2098,0.102,,,,283,53,0.21,0.782,0.003
alice,1,28684922,4772,0.0978,0.7081,3.6296,0.102,,,,268,66,0.205,0.757,0.003
alice,1,28684922,4773,0.0934,0.6015,3.0504,0.102,,,,282,70,0.191,0.666,0.003
alice,1,28684922,4774,0.1133,0.6444,3.3798,0.102,,,,265,68,0.199,0.653,0.003
alice,1,28684922,4775,0.0948,0.6572,3.0972,0.102,,,,285,55,0.213,0.657,0.003
alice,1,28684922,4776,0.1119,0.5974,3.2435,0.102,,,,268,77,0.204,0.822,0.003
alice,1,28684922,4777,0.1004,0.5864,3.016,0.102,,,,270,63,0.214,0.844,0.004
alice,1,28684922,4778,0.0871,0.5698,3.0583,0.102,,,,267,84,0.209,0.852,0.004
alice,1,28684922,4779,0.1098,0.6645,3.4496,0.102,,,,277,48,0.232,0.86,0.003
alice,1,28684922,4780,0.0842,0.6825,3.381,0.102,,,,271,52,0.235,0.804,0.003
alice,1,28684922,4781,0.0635,0.6084,3.1756,0.102,,,,265,81,0.19,0.664,0.003
alice,1,28684922,4782,0.0935,0.6622,3.4412,0.102,,,,281,62,0.211,0.766,0.003
alice,1,28684922,4783,0.1135,0.5999,2.9,0.102,,,,285,57,0.219,0.81,0.003
alice,1,28684922,4784,0.0914,0.6126,3.0853,0.102,,,,280,60,0.217,0.823,0.003
alice,1,28684922,4785,0.0791,0.6162,3.0752,0.102,,,,264,71,0.202,0.699,0.003
alice,1,28684922,4786,0.0899,0.7287,3.3986,0.102,,,,278,53,0.216,0.936,0.003
alice,1,28684922,4787,0.0898,0.6375,3.4308,0.102,,,,269,73,0.204,0.727,0.003
alice,1,28684922,4788,0.0871,0.5998,3.0889,0.102,,,,286,67,0.223,0.895,0.003
alice,1,28684922,4789,0.1162,0.6901,3.8125,0.102,,,,260,69,0.21,0.74,0.003
alice,1,28684922,4790,0.1043,0.6038,3.1923,0.102,,,,275,59,0.207,0.707,0.003
alice,1,28684922,4791,0.0916,0.6494,3.2388,0.102,,,,271,65,0.193,0.662,0.003
alice,1,28684922,4792,0.1154,0.5799,3.1875,0.102,,,,273,79,0.205,0.654,0.003
alice,1,28684922,4793,0.0794,0.6404,3.336,0.102,,,,278,59,0.211,0.728,0.003
alice,1,28684922,4794,0.1266,0.6379,3.377,0.102,,,,268,49,0.224,0.906,0.003
alice,1,28684922,4795,0.0845,0.5726,3.2667,0.102,,,,265,79,0.197,0.718,0.003
alice,1,28684922,4796,0.0937,0.6103,2.9655,0.102,,,,291,50,0.209,0.628,0.003
alice,1,28684922,4797,0.1041,0.6371,3.1926,0.102,,,,268,63,0.209,0.885,0.003
alice,1,28684922,4798,0.1072,0.5731,3.0213,0.102,,,,275,82,0.191,0.667,0.003
alice,1,28684922,4799,0.1022,0.7382,3.6912,0.102,,,,266,55,0.212,0.734,0.003
alice,1,28684922,4800,0.0832,0.7455,3.7162,0.102,,,,273,49,0.205,0.674,0.003
alice,1,28684922,4801,0.1204,0.6709,3.3526,0.102,,,,282,52,0.213,0.722,0.003
alice,1,28684922,4802,0.0963,0.6774,3.3203,0.102,,,,286,56,0.224,0.714,0.003
alice,1,28684922,4803,0.1017,0.6338,3.2254,0.102,,,,283,59,0.208,0.675,0.003
alice,1,28684922,4804,0.0816,0.5529,2.8657,0.102,,,,270,90,0.175,0.815,0.003
alice,1,28684922,4805,0.1112,0.584,2.9296,0.102,,,,283,69,0.195,0.814,0.004
alice,1,28684922,4806,0.0932,0.6723,3.5397,0.102,,,,281,54,0.208,0.686,0.003
alice,1,28684922,4807,0.1049,0.5544,3.1186,0.102,,,,274,73,0.21,0.82,0.004
alice,1,28684922,4808,0.0781,0.6063,3.4153,0.102,,,,271,61,0.204,0.72,0.004
alice,1,28684922,4809,0.0758,0.5844,3.2414,0.102,,,,267,71,0.194,0.843,0.004
alice,1,28684922,4810,0.0734,0.6166,3.1024,0.102,,,,279,60,0.207,0.728,0.003
alice,1,28684922,4811,0.072,0.6557,3.296,0.102,,,,266,61,0.21,0.749,0.003
alice,1,28684922,4812,0.1007,0.6035,3.1615,0.102,,,,265,71,0.197,0.863,0.003
alice,1,28684922,4813,0.0813,0.6448,3.06,0.102,,,,275,64,0.2,0.704,0.003
alice,1,28684922,4814,0.1318,0.7062,3.4196,0.102,,,,287,51,0.213,0.733,0.003
alice,1,28684922,4815,0.0826,0.6019,3.0775,0.102,,,,267,79,0.195,0.809,0.003
alice,1,28684922,4816,0.077,0.6492,3.1748,0.102,,,,263,86,0.186,0.676,0.003
alice,1,28684922,4817,0.1037,0.6289,3.0935,0.102,,,,291,66,0.204,0.761,0.003
alice,1,28684922,4818,0.1125,0.592,3.2437,0.102,,,,269,69,0.2,0.851,0.003
alice,1,28684922,4819,0.0822,0.558,2.8222,0.102,,,,271,74,0.187,0.703,0.004
alice,1,28684922,4820,0.0995,0.6761,3.4044,0.102,,,,267,78,0.198,0.89,0.003
alice,1,28684922,4821,0.1131,0.5981,3.1704,0.102,,,,278,69,0.211,0.781,0.004
alice,1,28684922,4822,0.0918,0.6678,3.2246,0.102,,,,284,50,0.233,0.906,0.003
alice,1,28684922,4823,0.0955,0.6142,3.0441,0.102,,,,276,64,0.213,0.821,0.004
alice,1,28684922,4824,0.0953,0.6295,3.1223,0.102,,,,275,60,0.204,0.801,0.003
alice,1,28684922,4825,0.1188,0.634,3.2095,0.102,,,,277,60,0.207,0.708,0.003
alice,1,28684922,4826,0.0983,0.5756,3.05,0.102,,,,284,68,0.206,0.841,0.003
alice,1,28684922,4827,0.1029,0.6512,3.1691,0.102,,,,280,52,0.208,0.699,0.003
alice,1,28684922,4828,0.0862,0.5071,2.8016,0.102,,,,277,73,0.197,0.776,0.003
alice,1,28684922,4829,0.1036,0.5389,2.791,0.102,,,,286,50,0.212,0.818,0.003
alice,1,28684922,4830,0.0716,0.5898,2.9493,0.102,,,,276,64,0.21,0.795,0.004
alice,1,28684922,4831,0.0893,0.5928,3.1029,0.102,,,,279,73,0.197,0.645,0.003
alice,1,28684922,4832,0.0917,0.5779,3.0074,0.102,,,,278,54,0.225,0.721,0.003
alice,1,28684922,4833,0.0907,0.6453,3.4148,0.102,,,,270,63,0.203,0.797,0.003
alice,1,28684922,4834,0.1144,0.5963,2.9574,0.102,,,,278,75,0.195,0.691,0.003
alice,1,28684922,4835,0.0985,0.6453,3.1929,0.102,,,,277,68,0.213,0.691,0.003
alice,1,28684922,4836,0.0975,0.6867,3.2838,0.102,,,,278,45,0.217,0.759,0.003
alice,1,28684922,4837,0.0955,0.5899,2.9214,0.102,,,,288,56,0.225,0.84,0.003
alice,1,28684922,4838,0.1059,0.5851,3.0909,0.102,,,,275,58,0.207,0.76,0.004
alice,1,28684922,4839,0.1147,0.546,3.0159,0.102,,,,280,76,0.198,0.651,0.003
alice,1,28684922,4840,0.0635,0.5147,2.6204,0.102,,,,277,82,0.191,0.753,0.003
alice,1,28684922,4841,0.1099,0.5908,3.0827,0.102,,,,285,63,0.201,0.778,0.003
alice,1,28684922,4842,0.0776,0.5067,3.0,0.102,,,,266,85,0.196,0.65,0.003
alice,1,28684922,4843,0.0914,0.5383,2.8333,0.102,,,,264,81,0.189,0.586,0.003
alice,1,28684922,4844,0.1055,0.6638,3.3551,0.102,,,,270,61,0.21,0.706,0.003
alice,1,28684922,4845,0.078,0.721,3.5674,0.102,,,,274,65,0.209,0.724,0.003
alice,1,28684922,4846,0.0779,0.5921,3.1783,0.102,,,,261,98,0.189,0.666,0.003
alice,1,28684922,4847,0.1303,0.5675,3.1128,0.102,,,,270,77,0.201,0.913,0.004
alice,1,28684922,4848,0.1033,0.6528,3.5152,0.102,,,,263,73,0.19,0.67,0.003
alice,1,28684922,4849,0.1079,0.6066,3.1712,0.102,,,,279,61,0.203,0.787,0.004
alice,1,28684922,4850,0.095,0.5029,2.5931,0.102,,,,294,78,0.192,0.911,0.003
alice,1,28684922,4851,0.094,0.5903,3.0451,0.102,,,,285,51,0.222,0.809,0.003
alice,1,28684922,4852,0.0765,0.569,2.9848,0.102,,,,272,61,0.204,0.876,0.003
alice,1,28684922,4853,0.0611,0.64,3.2803,0.102,,,,277,60,0.192,0.73,0.003
alice,1,28684922,4854,0.099,0.5704,2.9286,0.102,,,,295,54,0.209,0.815,0.003
alice,1,28684922,4855,0.095,0.5812,2.7424,0.102,,,,280,51,0.217,0.802,0.004
alice,1,28684922,4856,0.1096,0.5675,2.7826,0.102,,,,290,49,0.219,0.752,0.003
alice,1,28684922,4857,0.0835,0.4995,2.7851,0.102,,,,285,58,0.222,0.765,0.003
alice,1,28684922,4858,0.0906,0.5876,2.9328,0.102,,,,273,60,0.213,0.696,0.003
alice,1,28684922,4859,0.0879,0.5811,2.9667,0.102,,,,285,51,0.228,0.741,0.003
alice,1,28684922,4860,0.0886,0.6032,3.3365,0.102,,,,257,66,0.222,0.775,0.003
alice,1,28684922,4861,0.0824,0.5774,3.1048,0.102,,,,268,77,0.209,1.029,0.003
alice,1,28684922,4862,0.1162,0.5576,3.0,0.102,,,,273,73,0.208,0.81,0.003
alice,1,28684922,4863,0.1334,0.5825,3.1429,0.102,,,,282,52,0.211,0.606,0.003
alice,1,28684922,4864,0.0902,0.573,2.8936,0.102,,,,291,45,0.214,0.664,0.004
alice,1,28684922,4865,0.1132,0.6574,3.2636,0.102,,,,269,65,0.212,0.753,0.003
alice,1,28684922,4866,0.1011,0.5448,2.8154,0.102,,,,284,79,0.2,0.737,0.004
alice,1,28684922,4867,0.0878,0.5376,2.7907,0.102,,,,270,67,0.197,0.701,0.004
alice,1,28684922,4868,0.0969,0.5628,2.8803,0.102,,,,273,71,0.2,0.724,0.003
alice,1,28684922,4869,0.101,0.5685,3.0146,0.102,,,,284,82,0.2,0.829,0.003
alice,1,28684922,4870,0.0698,0.5909,3.104,0.102,,,,281,58,0.209,0.82,0.003
alice,1,28684922,4871,0.0918,0.5416,2.881,0.102,,,,272,66,0.203,1.041,0.003
alice,1,28684922,4872,0.0934,0.586,3.2727,0.102,,,,275,66,0.199,0.851,0.003
alice,1,28684922,4873,0.0994,0.5623,2.9403,0.102,,,,272,63,0.202,0.663,0.003
alice,1,28684922,4874,0.096,0.5417,2.9597,0.102,,,,270,89,0.199,0.715,0.003
alice,1,28684922,4875,0.1015,0.6038,3.3248,0.102,,,,274,65,0.201,0.706,0.003
alice,1,28684922,4876,0.0825,0.5781,2.8682,0.102,,,,263,86,0.19,0.791,0.003
alice,1,28684922,4877,0.0931,0.6771,3.4014,0.102,,,,283,57,0.217,0.825,0.003
alice,1,28684922,4878,0.094,0.6628,3.1448,0.102,,,,284,57,0.218,0.693,0.003
alice,1,28684922,4879,0.0769,0.6353,3.2132,0.102,,,,272,68,0.198,0.778,0.003
alice,1,28684922,4880,0.1054,0.5974,3.1812,0.102,,,,283,63,0.196,0.676,0.003
alice,1,28684922,4881,0.1051,0.5532,2.9118,0.102,,,,284,67,0.201,0.938,0.003
alice,1,28684922,4882,0.0934,0.6385,3.2761,0.102,,,,277,52,0.208,0.694,0.003
alice,1,28684922,4883,0.0798,0.6375,3.1727,0.102,,,,277,65,0.213,0.725,0.003
alice,1,28684922,4884,0.1063,0.6634,3.2222,0.102,,,,282,50,0.207,0.757,0.003
alice,1,28684922,4885,0.135,0.4814,2.5635,0.102,,,,285,65,0.212,0.669,0.004
alice,1,28684922,4886,0.1012,0.6338,3.2835,0.102,,,,281,45,0.219,0.689,0.004
alice,1,28684922,4887,0.0936,0.6464,3.4786,0.102,,,,273,56,0.212,0.843,0.004
alice,1,28684922,4888,0.105,0.5753,3.2308,0.102,,,,274,53,0.209,0.612,0.004
alice,1,28684922,4889,0.0667,0.5451,2.8148,0.102,,,,275,60,0.202,0.771,0.003
alice,1,28684922,4890,0.1149,0.5934,3.1679,0.102,,,,274,57,0.212,0.76,0.003
alice,1,28684922,4891,0.0932,0.6555,3.482,0.102,,,,270,68,0.198,0.915,0.004
alice,1,28684922,4892,0.0887,0.6235,3.0759,0.102,,,,274,69,0.201,0.746,0.004
alice,1,28684922,4893,0.0758,0.6339,3.2101,0.102,,,,287,55,0.208,0.756,0.003
alice,1,28684922,4894,0.0958,0.6114,3.127,0.102,,,,263,73,0.202,0.749,0.003
alice,1,28684922,4895,0.0996,0.5745,3.125,0.102,,,,268,80,0.198,0.662,0.004
alice,1,28684922,4896,0.1177,0.6551,3.1389,0.102,,,,278,48,0.217,0.697,0.003
alice,1,28684922,4897,0.1066,0.5834,3.1288,0.102,,,,270,89,0.189,0.832,0.003
alice,1,28684922,4898,0.0757,0.621,3.0426,0.102,,,,269,78,0.199,0.658,0.003
alice,1,28684922,4899,0.1339,0.6665,3.3125,0.102,,,,282,59,0.203,0.729,0.003
alice,1,28684922,4900,0.1277,0.5838,2.9021,0.102,,,,282,59,0.197,0.635,0.003
alice,1,28684922,4901,0.122,0.6949,3.6136,0.102,,,,280,48,0.226,0.789,0.003
alice,1,28684922,4902,0.1143,0.6213,3.2462,0.102,,,,273,50,0.218,0.83,0.003
alice,1,28684922,4903,0.1078,0.5917,3.0827,0.102,,,,281,65,0.193,0.837,0.003
alice,1,28684922,4904,0.0936,0.6149,3.1716,0.102,,,,271,59,0.205,0.756,0.004
alice,1,28684922,4905,0.1042,0.5492,2.9104,0.102,,,,276,73,0.211,0.843,0.003
alice,1,28684922,4906,0.0963,0.6823,3.3082,0.102,,,,280,48,0.225,0.688,0.003
alice,1,28684922,4907,0.0869,0.6646,3.4161,0.102,,,,281,62,0.206,0.95,0.004
alice,1,28684922,4908,0.0783,0.6114,2.922,0.102,,,,285,62,0.202,0.659,0.003
alice,1,28684922,4909,0.0818,0.6148,3.0,0.102,,,,283,62,0.206,0.845,0.003
alice,1,28684922,4910,0.094,0.576,3.2542,0.102,,,,272,66,0.21,0.797,0.003
alice,1,28684922,4911,0.101,0.4879,2.823,0.102,,,,270,83,0.194,0.736,0.003
alice,1,28684922,4912,0.0822,0.5616,3.0083,0.102,,,,275,63,0.211,0.718,0.003
alice,1,28684922,4913,0.0902,0.6103,3.15,0.102,,,,268,65,0.203,0.75,0.004
alice,1,28684922,4914,0.0922,0.5226,2.8657,0.102,,,,284,60,0.2,0.785,0.004
alice,1,28684922,4915,0.1227,0.6009,3.3008,0.102,,,,272,69,0.208,0.798,0.004
alice,1,28684922,4916,0.0792,0.5422,2.8425,0.102,,,,280,60,0.214,0.802,0.004
alice,1,28684922,4917,0.0783,0.6096,3.2295,0.102,,,,265,67,0.212,0.773,0.003
alice,1,28684922,4918,0.1056,0.5332,2.6765,0.102,,,,284,75,0.206,0.785,0.003
alice,1,28684922,4919,0.1168,0.5921,3.04,0.102,,,,279,70,0.203,0.594,0.003
alice,1,28684922,4920,0.1186,0.5202,2.6489,0.102,,,,282,64,0.214,0.997,0.003
alice,1,28684922,4921,0.0987,0.5663,2.9147,0.102,,,,277,73,0.203,0.679,0.003
alice,1,28684922,4922,0.0916,0.5174,2.5278,0.102,,,,281,63,0.201,0.76,0.003
alice,1,28684922,4923,0.1071,0.6313,3.08,0.102,,,,281,55,0.199,0.626,0.003
alice,1,28684922,4924,0.0797,0.5956,3.0979,0.102,,,,284,74,0.185,0.732,0.003
alice,1,28684922,4925,0.0889,0.5945,2.963,0.102,,,,275,74,0.206,0.683,0.003
alice,1,28684922,4926,0.1084,0.5979,2.9259,0.102,,,,277,70,0.214,0.72,0.003
alice,1,28684922,4927,0.1,0.5301,2.7556,0.102,,,,286,72,0.198,0.753,0.003
alice,1,28684922,4928,0.1017,0.5657,2.9444,0.102,,,,281,57,0.221,0.819,0.003
alice,1,28684922,4929,0.104,0.6321,3.6091,0.102,,,,272,61,0.216,0.644,0.003
alice,1,28684922,4930,0.0963,0.5109,2.6694,0.102,,,,273,63,0.196,0.674,0.003
alice,1,28684922,4931,0.1051,0.5641,3.088,0.102,,,,275,70,0.198,0.717,0.004
alice,1,28684922,4932,0.0859,0.612,3.1452,0.102,,,,271,71,0.204,0.681,0.003
alice,1,28684922,4933,0.1025,0.5656,3.0242,0.102,,,,276,73,0.208,0.707,0.003
alice,1,28684922,4934,0.1175,0.5545,2.8516,0.102,,,,281,56,0.212,0.868,0.003
alice,1,28684922,4935,0.0943,0.5221,2.6812,0.102,,,,280,72,0.193,0.685,0.003
alice,1,28684922,4936,0.1064,0.6147,3.1231,0.102,,,,282,50,0.22,0.679,0.003
alice,1,28684922,4937,0.0884,0.5771,2.9837,0.102,,,,266,69,0.207,0.775,0.003
alice,1,28684922,4938,0.1082,0.6109,3.0576,0.102,,,,281,62,0.209,0.849,0.003
alice,1,28684922,4939,0.1109,0.532,2.7068,0.102,,,,285,63,0.218,0.829,0.004
alice,1,28684922,4940,0.1069,0.6604,3.3333,0.102,,,,269,51,0.238,0.736,0.003
alice,1,28684922,4941,0.1099,0.6654,3.2606,0.102,,,,278,51,0.216,0.786,0.004
alice,1,28684922,4942,0.0588,0.5915,3.0345,0.102,,,,278,79,0.182,0.719,0.004
alice,1,28684922,4943,0.0816,0.6509,3.0526,0.102,,,,279,65,0.205,0.7,0.003
alice,1,28684922,4944,0.0948,0.5819,3.1765,0.102,,,,282,80,0.194,0.861,0.003
alice,1,28684922,4945,0.0601,0.6637,3.0972,0.102,,,,280,56,0.199,0.879,0.003
alice,1,28684922,4946,0.0868,0.5361,2.6809,0.102,,,,278,85,0.185,0.711,0.003
alice,1,28684922,4947,0.0817,0.5806,3.0,0.102,,,,272,79,0.187,0.907,0.003
alice,1,28684922,4948,0.1025,0.5997,3.2574,0.102,,,,271,72,0.203,0.742,0.003
alice,1,28684922,4949,0.0879,0.6125,3.1088,0.102,,,,285,59,0.199,0.734,0.003
alice,1,28684922,4950,0.0987,0.5826,3.0889,0.102,,,,272,67,0.191,0.627,0.003
alice,1,28684922,4951,0.0836,0.4975,2.5669,0.102,,,,284,82,0.169,0.676,0.002
alice,1,28684922,4952,0.1069,0.6103,3.2958,0.102,,,,282,68,0.199,0.85,0.003
alice,1,28684922,4953,0.0846,0.5271,2.7714,0.102,,,,274,77,0.191,0.685,0.003
alice,1,28684922,4954,0.071,0.4792,2.3889,0.102,,,,288,91,0.179,0.773,0.003
alice,1,28684922,4955,0.0951,0.671,3.0724,0.102,,,,283,62,0.2,0.771,0.003
alice,1,28684922,4956,0.0801,0.6208,3.1156,0.102,,,,286,61,0.203,0.721,0.003
alice,1,28684922,4957,0.0991,0.6039,3.0,0.102,,,,278,64,0.198,0.698,0.003
alice,1,28684922,4958,0.0907,0.6025,2.7712,0.102,,,,287,59,0.204,0.827,0.003
alice,1,28684922,4959,0.0697,0.6026,2.9655,0.102,,,,271,76,0.186,0.57,0.003
alice,1,28684922,4960,0.0933,0.6386,3.2603,0.102,,,,281,65,0.202,0.716,0.003
alice,1,28684922,4961,0.0807,0.6417,3.1739,0.102,,,,273,68,0.196,0.647,0.003
alice,1,28684922,4962,0.0995,0.6442,3.1429,0.102,,,,283,64,0.209,0.761,0.003
alice,1,28684922,4963,0.085,0.6162,3.0211,0.102,,,,285,58,0.201,0.735,0.004
alice,1,28684922,4964,0.0984,0.591,3.126,0.102,,,,270,79,0.203,0.73,0.003
alice,1,28684922,4965,0.0803,0.5492,2.7778,0.102,,,,274,77,0.183,0.603,0.003
alice,1,28684922,4966,0.0986,0.6706,3.1081,0.102,,,,287,52,0.214,0.739,0.003
alice,1,28684922,4967,0.094,0.6714,3.4031,0.102,,,,274,59,0.211,0.837,0.003
alice,1,28684922,4968,0.0859,0.5793,2.9104,0.102,,,,273,63,0.212,0.741,0.003
alice,1,28684922,4969,0.0911,0.7083,3.4476,0.102,,,,271,53,0.21,0.878,0.003
alice,1,28684922,4970,0.1139,0.6147,3.125,0.102,,,,283,66,0.205,0.736,0.003
alice,1,28684922,4971,0.113,0.6565,3.1818,0.102,,,,277,60,0.208,0.779,0.003
alice,1,28684922,4972,0.1083,0.6254,3.0268,0.102,,,,286,65,0.21,0.829,0.003
alice,1,28684922,4973,0.0856,0.6566,3.1739,0.102,,,,284,65,0.199,0.804,0.003
alice,1,28684922,4974,0.0632,0.6176,3.1318,0.102,,,,278,65,0.201,0.868,0.003
alice,1,28684922,4975,0.0508,0.587,2.5548,0.102,,,,273,77,0.192,0.75,0.003
alice,1,28684922,4976,0.0974,0.654,3.3066,0.102,,,,277,63,0.203,0.673,0.003
alice,1,28684922,4977,0.0927,0.5442,2.7786,0.102,,,,280,86,0.196,0.782,0.003
alice,1,28684922,4978,0.1061,0.6156,2.8777,0.102,,,,276,50,0.217,0.709,0.003
alice,1,28684922,4979,0.1229,0.6032,3.0593,0.102,,,,284,65,0.209,0.795,0.003
alice,1,28684922,4980,0.0918,0.6103,3.1339,0.102,,,,260,74,0.201,0.787,0.003
alice,1,28684922,4981,0.1067,0.5913,3.0069,0.102,,,,278,74,0.186,0.744,0.002
alice,1,28684922,4982,0.1033,0.552,2.8214,0.102,,,,282,82,0.192,0.783,0.003
alice,1,28684922,4983,0.1174,0.6314,3.1786,0.102,,,,278,64,0.212,0.76,0.003
alice,1,28684922,4984,0.0881,0.6057,2.915,0.102,,,,286,58,0.212,0.76,0.003
alice,1,28684922,4985,0.1045,0.5913,3.1314,0.102,,,,279,73,0.204,0.692,0.003
alice,1,28684922,4986,0.0873,0.6161,2.9167,0.102,,,,283,61,0.206,0.651,0.003
alice,1,28684922,4987,0.0904,0.6982,3.3696,0.102,,,,277,62,0.204,0.731,0.003
alice,1,28684922,4988,0.0937,0.605,2.9343,0.102,,,,284,63,0.194,0.668,0.003
alice,1,28684922,4989,0.1221,0.5675,2.9667,0.102,,,,276,66,0.205,0.998,0.003
alice,1,28684922,4990,0.0685,0.5899,2.8015,0.102,,,,268,76,0.207,0.756,0.004
alice,1,28684922,4991,0.0844,0.6074,3.1278,0.102,,,,278,61,0.202,0.785,0.004
alice,1,28684922,4992,0.0725,0.5881,3.0462,0.102,,,,275,69,0.203,0.761,0.003
alice,1,28684922,4993,0.0941,0.5992,3.2248,0.102,,,,275,67,0.191,0.796,0.003
alice,1,28684922,4994,0.0992,0.5458,2.8421,0.102,,,,275,67,0.197,0.65,0.003
alice,1,28684922,4995,0.1052,0.5912,3.145,0.102,,,,286,57,0.217,0.763,0.003
alice,1,28684922,4996,0.0964,0.5502,2.7338,0.102,,,,274,58,0.213,0.832,0.003
alice,1,28684922,4997,0.0906,0.6584,3.0959,0.102,,,,278,64,0.196,0.797,0.003
alice,1,28684922,4998,0.1021,0.5279,2.7634,0.102,,,,272,95,0.186,0.82,0.003
alice,1,28684922,4999,0.0961,0.5642,2.9104,0.102,,,,287,61,0.216,0.865,0.003
alice,1,28684922,5000,0.0986,0.6303,3.3443,0.102,,,,271,57,0.207,0.962,0.003
alice,1,28684922,5001,0.1232,0.6517,3.6116,0.102,,,,262,63,0.209,0.853,0.003
alice,1,28684922,5002,0.0758,0.5785,3.3307,0.102,,,,269,93,0.178,0.853,0.003
alice,1,28684922,5003,0.0984,0.6407,2.9504,0.102,,,,285,63,0.205,0.784,0.003
alice,1,28684922,5004,0.1162,0.6385,3.3492,0.102,,,,263,87,0.197,0.814,0.003
alice,1,28684922,5005,0.1054,0.5626,2.7324,0.102,,,,283,68,0.202,0.745,0.003
alice,1,28684922,5006,0.0897,0.5698,3.0794,0.102,,,,264,87,0.193,0.685,0.003
alice,1,28684922,5007,0.106,0.6067,3.0576,0.102,,,,280,65,0.212,1.068,0.003
alice,1,28684922,5008,0.0701,0.6132,3.0208,0.102,,,,271,68,0.197,0.684,0.003
alice,1,28684922,5009,0.0886,0.6408,3.3015,0.102,,,,282,62,0.217,0.78,0.003
alice,1,28684922,5010,0.0693,0.615,3.252,0.102,,,,270,65,0.202,0.669,0.003
alice,1,28684922,5011,0.1061,0.6278,3.0074,0.102,,,,283,47,0.22,0.743,0.003
alice,1,28684922,5012,0.0933,0.5774,3.2564,0.102,,,,272,71,0.215,0.976,0.003
alice,1,28684922,5013,0.0807,0.6794,3.2636,0.102,,,,270,62,0.211,0.762,0.003
alice,1,28684922,5014,0.0883,0.6752,3.1397,0.102,,,,286,54,0.219,0.766,0.003
alice,1,28684922,5015,0.0904,0.6598,3.188,0.102,,,,279,49,0.205,0.912,0.003
alice,1,28684922,5016,0.0909,0.6305,3.1504,0.102,,,,267,71,0.198,0.875,0.004
alice,1,28684922,5017,0.092,0.5901,3.0963,0.102,,,,275,70,0.207,0.837,0.003
alice,1,28684922,5018,0.0997,0.5728,2.8487,0.102,,,,288,67,0.214,0.88,0.003
alice,1,28684922,5019,0.0959,0.5489,2.8134,0.102,,,,281,66,0.212,1.014,0.002
alice,1,28684922,5020,0.1147,0.5307,2.8433,0.102,,,,291,60,0.216,1.09,0.003
alice,1,28684922,5021,0.0792,0.6014,2.9764,0.102,,,,274,63,0.197,0.73,0.003
alice,1,28684922,5022,0.0987,0.5456,2.7376,0.102,,,,274,82,0.189,0.722,0.003
alice,1,28684922,5023,0.13,0.561,3.0741,0.102,,,,291,74,0.199,0.819,0.003
alice,1,28684922,5024,0.1122,0.5133,2.8182,0.102,,,,280,50,0.221,0.666,0.003
alice,1,28684922,5025,0.0886,0.5366,2.9914,0.102,,,,269,66,0.208,0.891,0.003
alice,1,28684922,5026,0.1024,0.5424,2.9015,0.102,,,,277,56,0.208,0.959,0.003
alice,1,28684922,5027,0.1084,0.498,2.5338,0.102,,,,300,57,0.221,0.725,0.003
alice,1,28684922,5028,0.0815,0.5422,2.9845,0.102,,,,279,51,0.215,0.776,0.003
alice,1,28684922,5029,0.0739,0.5805,2.9504,0.102,,,,279,46,0.221,0.698,0.003
alice,1,28684922,5030,0.0906,0.5252,2.9137,0.102,,,,288,70,0.209,0.72,0.003
alice,1,28684922,5031,0.0658,0.6763,3.3636,0.102,,,,270,67,0.203,0.724,0.003
alice,1,28684922,5032,0.0815,0.5628,2.7635,0.102,,,,290,67,0.197,0.725,0.002
alice,1,28684922,5033,0.095,0.6353,3.007,0.102,,,,286,55,0.201,0.674,0.003
alice,1,28684922,5034,0.1239,0.546,2.7778,0.102,,,,284,70,0.208,0.781,0.003
alice,1,28684922,5035,0.1008,0.5357,2.6667,0.102,,,,284,61,0.22,0.936,0.003
alice,1,28684922,5036,0.0714,0.6077,2.9695,0.102,,,,272,64,0.204,0.697,0.003
alice,1,28684922,5037,0.1027,0.6326,3.2481,0.102,,,,278,55,0.231,0.878,0.003
alice,1,28684922,5038,0.0852,0.5962,3.0233,0.102,,,,273,67,0.203,0.837,0.003
alice,1,28684922,5039,0.1,0.5554,2.8519,0.102,,,,287,59,0.204,0.67,0.003
alice,1,28684922,5040,0.0927,0.5768,2.9343,0.102,,,,268,70,0.192,0.777,0.003
alice,1,28684922,5041,0.1063,0.5843,3.0205,0.102,,,,288,65,0.199,0.765,0.003
alice,1,28684922,5042,0.0863,0.6021,2.9,0.102,,,,282,62,0.209,0.709,0.003
alice,1,28684922,5043,0.0979,0.5771,3.0,0.102,,,,280,75,0.198,0.856,0.003
alice,1,28684922,5044,0.0709,0.5332,2.807,0.102,,,,266,79,0.206,0.734,0.003
alice,1,28684922,5045,0.0789,0.5801,2.7203,0.102,,,,273,62,0.207,0.807,0.003
alice,1,28684922,5046,0.081,0.7,3.277,0.102,,,,290,46,0.228,0.788,0.003
alice,1,28684922,5047,0.0418,0.6415,3.0504,0.102,,,,278,57,0.218,0.894,0.003
alice,1,28684922,5048,0.0616,0.728,3.3264,0.102,,,,263,64,0.211,0.794,0.003
alice,1,28684922,5049,0.1089,0.6849,3.3691,0.102,,,,283,62,0.224,0.82,0.003
alice,1,28684922,5050,0.0763,0.6607,3.4385,0.102,,,,274,67,0.213,0.992,0.002
alice,1,28684922,5051,0.0897,0.5511,2.8333,0.102,,,,276,83,0.199,0.807,0.003
alice,1,28684922,5052,0.1051,0.6499,3.3307,0.102,,,,270,64,0.217,0.825,0.003
alice,1,28684922,5053,0.1056,0.6456,3.3516,0.102,,,,271,59,0.238,0.932,0.003
alice,1,28684922,5054,0.0945,0.6109,3.2481,0.102,,,,277,63,0.23,1.231,0.003
alice,1,28684922,5055,0.0956,0.6691,3.4688,0.102,,,,272,62,0.217,0.774,0.003
alice,1,28684922,5056,0.1037,0.623,3.1615,0.102,,,,276,63,0.227,0.841,0.003
alice,1,28684922,5057,0.1032,0.611,3.2541,0.102,,,,276,64,0.204,0.971,0.004
bob,1,28676063,2470,0.001,0.2836,3.2,,-1.0166,0.0883,0.4024,,,,,
bob,1,28676063,2471,0.0062,0.3766,2.8000000000000003,,-1.0097,0.0882,0.3899,,,,,
bob,1,28676063,2472,0.0057,0.319,2.8400000000000003,,-1.0234,0.088,0.3775,,,,,
bob,1,28676063,2473,0.0017,0.3405,2.92,,-1.0439,0.0878,0.3737,,,,,
bob,1,28676063,2474,0.0006,0.331,3.02,,-1.0476,0.0877,0.3722,,,,,
bob,1,28676063,2475,0.0026,0.3884,3.46,,-1.0271,0.0875,0.3773,,,,,
bob,1,28676063,2476,0.0006,0.412,3.5999999999999996,,-1.0602,0.0873,0.385,,,,,
bob,1,28676063,2477,0.0069,0.3583,3.7199999999999998,,-1.0467,0.0872,0.3889,,,,,
bob,1,28676063,2478,0.0035,0.3866,4.92,,-1.1124,0.087,0.4055,,,,,
bob,1,28676063,2479,0.0039,0.4033,4.42,,-1.1342,0.0868,0.4153,,,,,
bob,1,28676063,2480,0.0079,0.3261,4.04,,-1.0893,0.0867,0.4186,,,,,
bob,1,28676063,2481,0.0032,0.355,4.44,,-1.1255,0.0865,0.4243,,,,,
bob,1,28676063,2482,0.0069,0.3873,5.46,,-1.1003,0.0863,0.4336,,,,,
bob,1,28676063,2483,0.0022,0.4291,6.239999999999999,,-1.0895,0.0862,0.4481,,,,,
bob,1,28676063,2484,0.0063,0.4038,5.7,,-1.0736,0.086,0.459,,,,,
bob,1,28676063,2485,0.0078,0.4542,4.760000000000001,,-1.0915,0.0858,0.4629,,,,,
bob,1,28676063,2486,0.0042,0.3552,4.64,,-1.1034,0.0857,0.4648,,,,,
bob,1,28676063,2487,0.0014,0.2919,4.68,,-1.0788,0.0855,0.4669,,,,,
bob,1,28676063,2488,0.0047,0.3335,4.74,,-1.0545,0.0853,0.4704,,,,,
bob,1,28676063,2489,0.0125,0.274,2.8400000000000003,,-1.0426,0.0852,0.4645,,,,,
bob,1,28676063,2490,0.0098,0.3201,2.92,,-1.0338,0.085,0.4583,,,,,
bob,1,28676063,2491,0.0085,0.4474,5.2,,-1.0354,0.0848,0.4622,,,,,
bob,1,28676063,2492,0.0053,0.3613,5.58,,-1.0295,0.0847,0.4675,,,,,
bob,1,28676063,2493,0.0072,0.4734,5.3,,-1.0355,0.0845,0.4731,,,,,
bob,1,28676063,2494,0.0108,0.4048,4.46,,-1.0406,0.0843,0.4733,,,,,
bob,1,28676063,2495,0.0054,0.4091,5.0200000000000005,,-1.0432,0.0842,0.4759,,,,,
bob,1,28676063,2496,0.005,0.3726,4.859999999999999,,-1.0377,0.084,0.4785,,,,,
bob,1,28676063,2497,0.0079,0.3145,4.34,,-1.0414,0.0838,0.4788,,,,,
bob,1,28676063,2498,0.0029,0.3297,4.9399999999999995,,-1.0353,0.0837,0.4808,,,,,
bob,1,28676063,2499,0.0066,0.3487,4.04,,-1.0548,0.0835,0.48,,,,,
bob,1,28676063,2500,0.0086,0.3237,5.04,,-1.0335,0.0833,0.4821,,,,,
bob,1,28676063,2501,0.0073,0.2958,4.859999999999999,,-1.0057,0.0832,0.4834,,,,,
bob,1,28676063,2502,0.0075,0.3257,6.02,,-1.0272,0.083,0.4871,,,,,
bob,1,28676063,2503,0.0132,0.3152,5.26,,-1.0458,0.0828,0.4898,,,,,
bob,1,28676063,2504,0.0139,0.2561,4.26,,-1.0402,0.0827,0.4892,,,,,
bob,1,28676063,2505,0.0074,0.2476,4.06,,-1.041,0.0825,0.4887,,,,,
bob,1,28676063,2506,0.0093,0.2568,4.3,,-1.0448,0.0823,0.488,,,,,
bob,1,28676063,2507,0.0144,0.3223,3.58,,-1.0451,0.0822,0.4868,,,,,
bob,1,28676063,2508,0.0137,0.2988,2.78,,-1.0466,0.082,0.483,,,,,
bob,1,28676063,2509,0.0203,0.3377,4.7,,-1.0308,0.0818,0.4826,,,,,
bob,1,28676063,2510,0.012,0.3115,5.319999999999999,,-1.0525,0.0817,0.4853,,,,,
bob,1,28676063,2511,0.022,0.3108,4.58,,-1.0285,0.0815,0.4861,,,,,
bob,1,28676063,2512,0.0172,0.2712,3.08,,-1.0371,0.0813,0.4834,,,,,
bob,1,28676063,2513,0.0244,0.2956,4.64,,-1.0302,0.0812,0.4838,,,,,
bob,1,28676063,2514,0.0125,0.3334,4.36,,-1.0559,0.081,0.4837,,,,,
bob,1,28676063,2515,0.0176,0.2657,3.82,,-1.027,0.0808,0.4827,,,,,
bob,1,28676063,2516,0.0185,0.2408,3.2800000000000002,,-1.0271,0.0807,0.481,,,,,
bob,1,28676063,2517,0.0245,0.3086,2.68,,-1.0421,0.0805,0.4779,,,,,
bob,1,28676063,2518,0.0202,0.2461,3.02,,-1.0473,0.0803,0.4756,,,,,
bob,1,28676063,2519,0.0484,0.2523,4.12,,-0.9667,0.0802,0.4755,,,,,
bob,1,28676063,2520,0.0522,0.3292,4.0,,-0.9216,0.08,0.475,,,,,
bob,1,28676063,2521,0.0534,0.391,5.220000000000001,,-1.0057,0.0798,0.4765,,,,,
bob,1,28676063,2522,0.0391,0.3385,5.38,,-1.0187,0.0797,0.4786,,,,,
bob,1,28676063,2523,0.0325,0.3639,5.28,,-1.0246,0.0795,0.4806,,,,,
bob,1,28676063,2524,0.0344,0.3303,4.5600000000000005,,-1.0371,0.0793,0.4809,,,,,
bob,1,28676063,2525,0.0393,0.3055,4.64,,-1.0054,0.0792,0.4816,,,,,
bob,1,28676063,2526,0.0281,0.2258,3.7199999999999998,,-1.0349,0.079,0.4805,,,,,
bob,1,28676063,2527,0.0506,0.2963,4.6,,-1.0302,0.0788,0.4809,,,,,
bob,1,28676063,2528,0.025,0.2998,3.8,,-1.044,0.0787,0.4804,,,,,
bob,1,28676063,2529,0.0191,0.2715,3.9,,-1.0378,0.0785,0.4802,,,,,
bob,1,28676063,2530,0.0165,0.2951,3.9800000000000004,,-1.0527,0.0783,0.4793,,,,,
bob,1,28676063,2531,0.0212,0.3326,4.74,,-1.0357,0.0782,0.4802,,,,,
bob,1,28676063,2532,0.0344,0.3321,4.92,,-1.04,0.078,0.481,,,,,
bob,1,28676063,2533,0.0151,0.2693,3.2399999999999998,,-1.031,0.0778,0.4796,,,,,
bob,1,28676063,2534,0.0205,0.3087,3.64,,-1.0097,0.0777,0.4785,,,,,
bob,1,28676063,2535,0.0235,0.2597,3.84,,-1.0284,0.0775,0.4781,,,,,
bob,1,28676063,2536,0.018,0.2754,3.2800000000000002,,-0.9939,0.0773,0.4768,,,,,
bob,1,28676063,2537,0.0249,0.3103,4.78,,-1.0058,0.0772,0.477,,,,,
bob,1,28676063,2538,0.0247,0.3188,4.32,,-1.0127,0.077,0.4774,,,,,
bob,1,28676063,2539,0.0334,0.271,4.8,,-0.9965,0.0768,0.4782,,,,,
bob,1,28676063,2540,0.0479,0.34,5.04,,-1.0361,0.0767,0.4794,,,,,
bob,1,28676063,2541,0.0185,0.3207,4.38,,-1.0239,0.0765,0.4795,,,,,
bob,1,28676063,2542,0.0202,0.2613,4.14,,-1.0181,0.0763,0.4793,,,,,
bob,1,28676063,2543,0.0358,0.2438,3.36,,-1.0184,0.0762,0.4782,,,,,
bob,1,28676063,2544,0.0239,0.2315,2.94,,-1.0183,0.076,0.4767,,,,,
bob,1,28676063,2545,0.0244,0.3024,3.7800000000000002,,-1.0198,0.0758,0.4764,,,,,
bob,1,28676063,2546,0.0462,0.31,4.34,,-0.9795,0.0757,0.4763,,,,,
bob,1,28676063,2547,0.0513,0.2966,4.4799999999999995,,-0.9942,0.0755,0.4765,,,,,
bob,1,28676063,2548,0.0547,0.3199,4.96,,-1.0283,0.0753,0.4773,,,,,
bob,1,28676063,2549,0.0354,0.3115,4.26,,-1.0191,0.0752,0.4774,,,,,
bob,1,28676063,2550,0.0366,0.3057,3.82,,-1.0279,0.075,0.4769,,,,,
bob,1,28676063,2551,0.0282,0.363,4.34,,-1.0387,0.0748,0.4772,,,,,
bob,1,28676063,2552,0.0451,0.3007,3.9600000000000004,,-1.037,0.0747,0.477,,,,,
bob,1,28676063,2553,0.0669,0.2657,3.7600000000000002,,-1.0392,0.0745,0.4763,,,,,
bob,1,28676063,2554,0.0491,0.3478,3.64,,-1.025,0.0743,0.4758,,,,,
bob,1,28676063,2555,0.0323,0.286,3.1,,-1.0324,0.0742,0.4747,,,,,
bob,1,28676063,2556,0.0424,0.2879,3.6799999999999997,,-1.0332,0.074,0.474,,,,,
bob,1,28676063,2557,0.0387,0.2862,4.279999999999999,,-1.0302,0.0738,0.4741,,,,,
bob,1,28676063,2558,0.0358,0.2799,4.74,,-1.0329,0.0737,0.4746,,,,,
bob,1,28676063,2559,0.0327,0.3557,4.4799999999999995,,-1.0413,0.0735,0.4749,,,,,
bob,1,28676063,2560,0.0464,0.2802,3.7600000000000002,,-1.0275,0.0733,0.4745,,,,,
bob,1,28676063,2561,0.0491,0.3053,3.64,,-1.0395,0.0732,0.474,,,,,
bob,1,28676063,2562,0.0948,0.2407,2.62,,-1.0181,0.073,0.4725,,,,,
bob,1,28676063,2563,0.0485,0.2822,3.2,,-1.0435,0.0728,0.4715,,,,,
bob,1,28676063,2564,0.0338,0.2431,2.12,,-1.0306,0.0727,0.4693,,,,,
bob,1,28676063,2565,0.0301,0.2534,2.1999999999999997,,-1.016,0.0725,0.4673,,,,,
bob,1,28676063,2566,0.0369,0.2157,2.1,,-0.9978,0.0723,0.4652,,,,,
bob,1,28676063,2567,0.035,0.304,3.4000000000000004,,-1.0177,0.0722,0.4644,,,,,
bob,1,28676063,2568,0.0269,0.3008,3.64,,-1.0035,0.072,0.464,,,,,
bob,1,28676063,2569,0.0397,0.3859,5.1,,-1.0325,0.0718,0.4648,,,,,
bob,1,28676063,2570,0.0324,0.3027,4.72,,-1.032,0.0717,0.4652,,,,,
bob,1,28676063,2571,0.0451,0.3594,4.34,,-1.0139,0.0715,0.4656,,,,,
bob,1,28676063,2572,0.0478,0.3361,4.82,,-1.0368,0.0713,0.4659,,,,,
bob,1,28676063,2573,0.0427,0.3887,5.12,,-1.0336,0.0712,0.467,,,,,
bob,1,28676063,2574,0.0429,0.2987,4.36,,-1.021,0.071,0.4671,,,,,
bob,1,28676063,2575,0.0207,0.3129,3.7199999999999998,,-1.0299,0.0708,0.467,,,,,
bob,1,28676063,2576,0.0208,0.3032,3.46,,-1.0336,0.0707,0.4665,,,,,
bob,1,28676063,2577,0.0146,0.289,3.1199999999999997,,-1.0103,0.0705,0.4656,,,,,
bob,1,28676063,2578,0.0167,0.3022,3.6799999999999997,,-1.0092,0.0703,0.4653,,,,,
bob,1,28676063,2579,0.0164,0.2978,3.44,,-1.0358,0.0702,0.4646,,,,,
bob,1,28676063,2580,0.0165,0.3203,4.18,,-1.0223,0.07,0.4646,,,,,
bob,1,28676063,2581,0.0195,0.3019,3.9800000000000004,,-0.9829,0.0698,0.4645,,,,,
bob,1,28676063,2582,0.0208,0.2517,3.66,,-1.0034,0.0697,0.4643,,,,,
bob,1,28676063,2583,0.0175,0.2839,3.58,,-0.9853,0.0695,0.4639,,,,,
bob,1,28676063,2584,0.0189,0.31,3.4000000000000004,,-1.006,0.0693,0.4635,,,,,
bob,1,28676063,2585,0.0204,0.3232,4.06,,-1.0041,0.0692,0.4634,,,,,
bob,1,28676063,2586,0.0173,0.3138,4.26,,-1.0008,0.069,0.4634,,,,,
bob,1,28676063,2587,0.0158,0.3587,4.08,,-1.0042,0.0688,0.4635,,,,,
bob,1,28676063,2588,0.0159,0.2917,4.5,,-1.0041,0.0687,0.4638,,,,,
bob,1,28676063,2589,0.0184,0.3555,4.5600000000000005,,-0.9924,0.0685,0.4643,,,,,
bob,1,28676063,2590,0.0143,0.3359,4.38,,-0.9715,0.0683,0.4645,,,,,
bob,1,28676063,2591,0.0147,0.3401,4.52,,-1.0074,0.0682,0.4648,,,,,
bob,1,28676063,2592,0.0129,0.3098,4.02,,-0.9904,0.068,0.4648,,,,,
bob,1,28676063,2593,0.0171,0.3109,3.8600000000000003,,-1.0091,0.0678,0.4646,,,,,
bob,1,28676063,2594,0.0217,0.3219,3.58,,-1.0046,0.0677,0.4642,,,,,
bob,1,28676063,2595,0.0157,0.3801,4.36,,-0.9924,0.0675,0.4644,,,,,
bob,1,28676063,2596,0.0135,0.3147,3.82,,-1.0041,0.0673,0.4643,,,,,
bob,1,28676063,2597,0.0175,0.3315,3.7199999999999998,,-1.0014,0.0672,0.4639,,,,,
bob,1,28676063,2598,0.0147,0.4386,4.5,,-0.9939,0.067,0.4642,,,,,
bob,1,28676063,2599,0.0139,0.3849,5.72,,-0.9967,0.0668,0.465,,,,,
bob,1,28676063,2600,0.012,0.3497,4.54,,-1.023,0.0667,0.4654,,,,,
bob,1,28676063,2601,0.0165,0.3493,4.96,,-0.9972,0.0665,0.4657,,,,,
bob,1,28676063,2602,0.0179,0.4027,5.12,,-1.0173,0.0663,0.4664,,,,,
bob,1,28676063,2603,0.002,0.3569,5.56,,-1.0103,0.0662,0.4672,,,,,
bob,1,28676063,2604,0.01,0.3464,3.88,,-1.0137,0.066,0.4671,,,,,
bob,1,28676063,2605,0.0028,0.33,3.7199999999999998,,-1.0104,0.0658,0.4669,,,,,
bob,1,28676063,2606,0.0031,0.3619,5.800000000000001,,-1.0155,0.0657,0.4678,,,,,
bob,1,28676063,2607,0.0202,0.3739,5.12,,-1.0168,0.0655,0.4686,,,,,
bob,1,28676063,2608,0.0163,0.2917,4.06,,-1.0187,0.0653,0.4685,,,,,
bob,1,28676063,2609,0.0149,0.2908,4.38,,-1.0277,0.0652,0.4686,,,,,
bob,1,28676063,2610,0.0131,0.3127,3.3000000000000003,,-1.0321,0.065,0.468,,,,,
bob,1,28676063,2611,0.005,0.3506,4.58,,-1.0252,0.0648,0.4682,,,,,
bob,1,28676063,2612,0.0131,0.3553,4.859999999999999,,-1.0193,0.0647,0.4687,,,,,
bob,1,28676063,2613,0.0011,0.2556,4.6,,-1.0156,0.0645,0.469,,,,,
bob,1,28676063,2614,0.0154,0.4003,4.06,,-1.031,0.0643,0.4689,,,,,
bob,1,28676063,2615,0.0037,0.3081,4.32,,-1.0274,0.0642,0.469,,,,,
bob,1,28676063,2616,0.0141,0.2757,4.02,,-1.0296,0.064,0.469,,,,,
bob,1,28676063,2617,0.0153,0.3101,4.06,,-1.026,0.0638,0.4689,,,,,
bob,1,28676063,2618,0.0159,0.3327,4.68,,-1.0311,0.0637,0.4691,,,,,
bob,1,28676063,2619,0.0187,0.3199,4.72,,-1.0224,0.0635,0.4695,,,,,
bob,1,28676063,2620,0.0101,0.3149,4.58,,-1.0208,0.0633,0.4699,,,,,
bob,1,28676063,2621,0.0146,0.3623,3.6799999999999997,,-1.0247,0.0632,0.4695,,,,,
bob,1,28676063,2622,0.0126,0.3103,4.36,,-1.0111,0.063,0.4696,,,,,
bob,1,28676063,2623,0.017,0.2916,3.7199999999999998,,-1.026,0.0628,0.4694,,,,,
bob,1,28676063,2624,0.0131,0.2773,3.52,,-1.0176,0.0627,0.4691,,,,,
bob,1,28676063,2625,0.0131,0.2813,3.52,,-1.0231,0.0625,0.4687,,,,,
bob,1,28676063,2626,0.0138,0.2821,3.94,,-1.0162,0.0623,0.4686,,,,,
bob,1,28676063,2627,0.0135,0.2685,5.12,,-1.0127,0.0622,0.4691,,,,,
bob,1,28676063,2628,0.0225,0.3628,4.04,,-1.0216,0.062,0.4691,,,,,
bob,1,28676063,2629,0.0131,0.2755,3.2399999999999998,,-1.025,0.0618,0.4686,,,,,
bob,1,28676063,2630,0.0064,0.2915,3.58,,-1.0317,0.0617,0.4683,,,,,
bob,1,28676063,2631,0.0138,0.3688,4.2,,-1.0165,0.0615,0.468,,,,,
bob,1,28676063,2632,0.0103,0.3007,4.66,,-1.0214,0.0613,0.4684,,,,,
bob,1,28676063,2633,0.0144,0.3244,5.12,,-1.0273,0.0612,0.4688,,,,,
bob,1,28676063,2634,0.0147,0.3438,4.9399999999999995,,-1.0328,0.061,0.4693,,,,,
bob,1,28676063,2635,0.0092,0.3673,5.0200000000000005,,-1.0192,0.0608,0.4697,,,,,
bob,1,28676063,2636,0.0075,0.3524,5.84,,-1.0392,0.0607,0.4704,,,,,
bob,1,28676063,2637,0.0098,0.2869,3.7600000000000002,,-1.0252,0.0605,0.4704,,,,,
bob,1,28676063,2638,0.0201,0.2166,2.82,,-1.0225,0.0603,0.4696,,,,,
bob,1,28676063,2639,0.0149,0.272,2.8400000000000003,,-1.0198,0.0602,0.4689,,,,,
bob,1,28676063,2640,0.0151,0.3231,4.16,,-1.0229,0.06,0.4688,,,,,
bob,1,28676063,2641,0.0146,0.3723,4.14,,-1.0243,0.0598,0.4688,,,,,
bob,1,28676063,2642,0.02,0.3887,5.1,,-1.0277,0.0597,0.4693,,,,,
bob,1,28676063,2643,0.0191,0.3615,4.3,,-1.0065,0.0595,0.4694,,,,,
bob,1,28676063,2644,0.0125,0.3111,4.82,,-1.0425,0.0593,0.4698,,,,,
bob,1,28676063,2645,0.0136,0.2703,3.56,,-1.0337,0.0592,0.4695,,,,,
bob,1,28676063,2646,0.0188,0.2979,3.88,,-1.0157,0.059,0.4693,,,,,
bob,1,28676063,2647,0.0194,0.3284,4.7,,-1.0317,0.0588,0.4696,,,,,
bob,1,28676063,2648,0.014,0.2937,4.2,,-1.025,0.0587,0.4696,,,,,
bob,1,28676063,2649,0.0178,0.273,4.26,,-1.0032,0.0585,0.4698,,,,,
bob,1,28676063,2650,0.0054,0.2686,3.26,,-1.027,0.0583,0.4693,,,,,
bob,1,28676063,2651,0.0141,0.3222,4.279999999999999,,-1.0217,0.0582,0.4693,,,,,
bob,1,28676063,2652,0.0287,0.2772,4.84,,-1.023,0.058,0.4696,,,,,
bob,1,28676063,2653,0.0181,0.3989,5.6000000000000005,,-1.0283,0.0578,0.4703,,,,,
bob,1,28676063,2654,0.0197,0.3552,4.58,,-1.0254,0.0577,0.4705,,,,,
bob,1,28676063,2655,0.0237,0.3378,4.74,,-1.0316,0.0575,0.4709,,,,,
bob,1,28676063,2656,0.027,0.28,3.62,,-1.0266,0.0573,0.4706,,,,,
bob,1,28676063,2657,0.0183,0.235,2.8000000000000003,,-1.0179,0.0572,0.4699,,,,,
bob,1,28676063,2658,0.0166,0.2588,3.0,,-1.0362,0.057,0.4693,,,,,
bob,1,28676063,2659,0.03,0.3161,3.92,,-1.0094,0.0568,0.4692,,,,,
bob,1,28676063,2660,0.0318,0.3326,4.2,,-1.0053,0.0567,0.4694,,,,,
bob,1,28676063,2661,0.033,0.2998,3.9800000000000004,,-0.9998,0.0565,0.4693,,,,,
bob,1,28676063,2662,0.0241,0.2977,4.46,,-1.0166,0.0563,0.4693,,,,,
bob,1,28676063,2663,0.0177,0.2969,3.64,,-1.0182,0.0562,0.4692,,,,,
bob,1,28676063,2664,0.0324,0.2895,2.94,,-1.0167,0.056,0.4686,,,,,
bob,1,28676063,2665,0.0294,0.3218,3.34,,-1.0185,0.0558,0.4682,,,,,
bob,1,28676063,2666,0.0214,0.2936,3.62,,-1.006,0.0557,0.468,,,,,
bob,1,28676063,2667,0.0173,0.27,3.38,,-1.0182,0.0555,0.4678,,,,,
bob,1,28676063,2668,0.0255,0.2816,3.6799999999999997,,-1.0135,0.0553,0.4675,,,,,
bob,1,28676063,2669,0.0159,0.2713,4.22,,-1.0058,0.0552,0.4675,,,,,
bob,1,28676063,2670,0.0245,0.291,3.6799999999999997,,-1.0064,0.055,0.4677,,,,,
bob,1,28676063,2671,0.01,0.2689,3.5000000000000004,,-1.0123,0.0548,0.4678,,,,,
bob,1,28676063,2672,0.0192,0.3108,3.4000000000000004,,-1.0021,0.0547,0.468,,,,,
bob,1,28676063,2673,0.0142,0.3092,3.7199999999999998,,-1.0106,0.0545,0.4684,,,,,
bob,1,28676063,2674,0.0155,0.3374,5.04,,-1.0228,0.0543,0.4692,,,,,
bob,1,28676063,2675,0.0227,0.359,4.7,,-0.9942,0.0542,0.4699,,,,,
bob,1,28676063,2676,0.018,0.3167,4.72,,-1.0057,0.054,0.4703,,,,,
bob,1,28676063,2677,0.0222,0.2912,4.5,,-1.0021,0.0538,0.4708,,,,,
bob,1,28676063,2678,0.0158,0.3038,3.9,,-1.0077,0.0537,0.4703,,,,,
bob,1,28676063,2679,0.0162,0.3454,3.52,,-0.9975,0.0535,0.4699,,,,,
bob,1,28676063,2680,0.0214,0.3281,3.94,,-1.0131,0.0533,0.4698,,,,,
bob,1,28676063,2681,0.0206,0.2993,3.82,,-1.0239,0.0532,0.4697,,,,,
bob,1,28676063,2682,0.0179,0.2787,3.34,,-1.0142,0.053,0.4689,,,,,
bob,1,28676063,2683,0.0208,0.2966,3.36,,-1.0047,0.0528,0.4677,,,,,
bob,1,28676063,2684,0.022,0.2682,3.26,,-1.0101,0.0527,0.4666,,,,,
bob,1,28676063,2685,0.0211,0.2548,3.18,,-1.0095,0.0525,0.4659,,,,,
bob,1,28676063,2686,0.0117,0.2579,3.4799999999999995,,-0.9891,0.0523,0.4654,,,,,
bob,1,28676063,2687,0.019,0.332,5.56,,-1.0189,0.0522,0.4657,,,,,
bob,1,28676063,2688,0.0201,0.3632,5.74,,-1.0045,0.052,0.4661,,,,,
bob,1,28676063,2689,0.0165,0.3531,5.66,,-1.0059,0.0518,0.4673,,,,,
bob,1,28676063,2690,0.0198,0.3031,5.26,,-1.012,0.0517,0.4684,,,,,
bob,1,28676063,2691,0.0276,0.3042,5.1,,-1.0184,0.0515,0.4684,,,,,
bob,1,28676063,2692,0.016,0.2754,3.82,,-1.0024,0.0513,0.4678,,,,,
bob,1,28676063,2693,0.0152,0.2415,3.46,,-1.0257,0.0512,0.4668,,,,,
bob,1,28676063,2694,0.0107,0.2701,4.2,,-1.0177,0.051,0.4668,,,,,
bob,1,28676063,2695,0.02,0.3092,4.32,,-1.0136,0.0508,0.4664,,,,,
bob,1,28676063,2696,0.0108,0.2929,4.82,,-1.0262,0.0507,0.4663,,,,,
bob,1,28676063,2697,0.0167,0.3092,5.26,,-1.0221,0.0505,0.4667,,,,,
bob,1,28676063,2698,0.0143,0.3347,4.5600000000000005,,-1.0301,0.0503,0.4666,,,,,
bob,1,28676063,2699,0.0286,0.2924,4.42,,-1.0357,0.0502,0.4667,,,,,
bob,1,28676063,2700,0.0274,0.301,3.92,,-1.0234,0.05,0.4663,,,,,
bob,1,28676063,2701,0.019,0.3224,3.8,,-1.0366,0.0498,0.4659,,,,,
bob,1,28676063,2702,0.014,0.3403,4.26,,-1.028,0.0497,0.4653,,,,,
bob,1,28676063,2703,0.0139,0.3263,3.54,,-1.023,0.0495,0.4644,,,,,
bob,1,28676063,2704,0.0204,0.2993,3.58,,-1.0199,0.0493,0.4642,,,,,
bob,1,28676063,2705,0.0138,0.3241,3.92,,-1.0161,0.0492,0.4641,,,,,
bob,1,28676063,2706,0.0286,0.296,4.46,,-1.018,0.049,0.4642,,,,,
bob,1,28676063,2707,0.0269,0.3529,5.140000000000001,,-1.014,0.0488,0.4648,,,,,
bob,1,28676063,2708,0.0187,0.2812,4.24,,-1.0211,0.0487,0.4655,,,,,
bob,1,28676063,2709,0.0184,0.2906,4.18,,-1.0154,0.0485,0.4656,,,,,
bob,1,28676063,2710,0.0232,0.2865,3.36,,-1.0098,0.0483,0.4646,,,,,
bob,1,28676063,2711,0.0147,0.3042,3.66,,-1.0031,0.0482,0.4641,,,,,
bob,1,28676063,2712,0.0169,0.3318,3.7199999999999998,,-1.0029,0.048,0.4644,,,,,
bob,1,28676063,2713,0.0051,0.2762,4.24,,-1.0106,0.0478,0.4642,,,,,
bob,1,28676063,2714,0.0158,0.2778,3.8600000000000003,,-0.9896,0.0477,0.4641,,,,,
bob,1,28676063,2715,0.0178,0.2732,3.08,,-1.0121,0.0475,0.4638,,,,,
bob,1,28676063,2716,0.0255,0.2749,2.88,,-1.0096,0.0473,0.4635,,,,,
bob,1,28676063,2717,0.5415,0.2674,2.94,,-0.9305,0.0472,0.4636,,,,,
bob,1,28676063,2718,0.0309,0.3987,2.88,,-0.9573,0.047,0.4634,,,,,
bob,1,28676063,2719,0.0328,0.3859,3.46,,-0.9302,0.0468,0.4631,,,,,
bob,1,28676063,2720,0.0206,0.3811,4.6,,-0.9721,0.0467,0.4634,,,,,
bob,1,28676063,2721,0.017,0.3518,5.2,,-0.9843,0.0465,0.4635,,,,,
bob,1,28676063,2722,0.0196,0.3908,4.8,,-0.9799,0.0463,0.4631,,,,,
bob,1,28676063,2723,0.0114,0.3052,3.9600000000000004,,-0.9896,0.0462,0.4626,,,,,
bob,1,28676063,2724,0.0179,0.2617,2.86,,-0.9948,0.046,0.4618,,,,,
bob,1,28676063,2725,0.0194,0.3027,3.18,,-1.0047,0.0458,0.4611,,,,,
bob,1,28676063,2726,0.0207,0.338,3.38,,-1.0151,0.0457,0.4611,,,,,
bob,1,28676063,2727,0.015,0.3237,4.18,,-1.0172,0.0455,0.4608,,,,,
bob,1,28676063,2728,0.0195,0.4132,5.12,,-1.004,0.0453,0.4613,,,,,
bob,1,28676063,2729,0.0179,0.2786,4.08,,-1.0284,0.0452,0.4614,,,,,
bob,1,28676063,2730,0.0197,0.325,3.2800000000000002,,-1.0246,0.045,0.4613,,,,,
bob,1,28676063,2731,0.0274,0.2878,2.6599999999999997,,-1.0265,0.0448,0.4603,,,,,
bob,1,28676063,2732,0.0223,0.2624,3.2399999999999998,,-1.0141,0.0447,0.4595,,,,,
bob,1,28676063,2733,0.0173,0.3035,3.64,,-1.012,0.0445,0.4597,,,,,
bob,1,28676063,2734,0.0137,0.3026,3.82,,-1.0165,0.0443,0.4598,,,,,
bob,1,28676063,2735,0.02,0.3101,4.24,,-1.0057,0.0442,0.4599,,,,,
bob,1,28676063,2736,0.0134,0.289,4.44,,-1.0203,0.044,0.4604,,,,,
bob,1,28676063,2737,0.0262,0.3299,3.8600000000000003,,-1.0095,0.0438,0.4602,,,,,
bob,1,28676063,2738,0.0267,0.3446,4.64,,-1.0217,0.0437,0.4602,,,,,
bob,1,28676063,2739,0.0121,0.35,4.62,,-1.0116,0.0435,0.4601,,,,,
bob,1,28676063,2740,0.016,0.3309,5.42,,-1.0172,0.0433,0.4601,,,,,
bob,1,28676063,2741,0.019,0.3628,6.0600000000000005,,-1.0202,0.0432,0.4606,,,,,
bob,1,28676063,2742,0.0105,0.4092,5.82,,-1.0171,0.043,0.4614,,,,,
bob,1,28676063,2743,0.0145,0.2939,4.68,,-1.0266,0.0428,0.462,,,,,
bob,1,28676063,2744,0.0246,0.3467,4.84,,-1.0096,0.0427,0.4629,,,,,
bob,1,28676063,2745,0.0234,0.3131,4.02,,-1.0141,0.0425,0.463,,,,,
bob,1,28676063,2746,0.0183,0.3017,3.9600000000000004,,-1.0269,0.0423,0.4629,,,,,
bob,1,28676063,2747,0.0488,0.3275,4.12,,-1.0047,0.0422,0.4628,,,,,
bob,1,28676063,2748,0.0306,0.2825,3.9,,-1.0149,0.042,0.4624,,,,,
bob,1,28676063,2749,0.0175,0.2581,3.52,,-1.0135,0.0418,0.462,,,,,
bob,1,28676063,2750,0.0136,0.2854,4.859999999999999,,-1.0225,0.0417,0.4625,,,,,
bob,1,28676063,2751,0.0204,0.3125,3.06,,-0.9951,0.0415,0.4619,,,,,
bob,1,28676063,2752,0.0352,0.2356,2.68,,-1.0217,0.0413,0.4612,,,,,
bob,1,28676063,2753,0.0311,0.2928,3.2800000000000002,,-0.9936,0.0412,0.461,,,,,
bob,1,28676063,2754,0.0382,0.2939,3.4000000000000004,,-0.9914,0.041,0.4609,,,,,
bob,1,28676063,2755,0.0397,0.3205,3.42,,-1.0017,0.0408,0.461,,,,,
bob,1,28676063,2756,0.0506,0.3115,5.140000000000001,,-0.9964,0.0407,0.4617,,,,,
bob,1,28676063,2757,0.0355,0.3502,4.78,,-0.9974,0.0405,0.462,,,,,
bob,1,28676063,2758,0.0192,0.2936,4.36,,-1.0165,0.0403,0.462,,,,,
bob,1,28676063,2759,0.0201,0.32,3.2800000000000002,,-1.0194,0.0402,0.4614,,,,,
bob,1,28676063,2760,0.0332,0.3064,4.26,,-1.0091,0.04,0.4616,,,,,
bob,1,28676063,2761,0.0206,0.2491,4.22,,-1.0045,0.0398,0.4618,,,,,
bob,1,28676063,2762,0.0193,0.3499,4.3,,-1.0239,0.0397,0.4626,,,,,
bob,1,28676063,2763,0.0266,0.2933,3.7600000000000002,,-1.0206,0.0395,0.463,,,,,
bob,1,28676063,2764,0.0249,0.2957,4.1000000000000005,,-0.9913,0.0393,0.4639,,,,,
bob,1,28676063,2765,0.0218,0.3433,3.8,,-1.006,0.0392,0.4648,,,,,
bob,1,28676063,2766,0.0258,0.3635,3.88,,-1.0038,0.039,0.4656,,,,,
bob,1,28676063,2767,0.0136,0.2801,2.96,,-1.0042,0.0388,0.4654,,,,,
bob,1,28676063,2768,0.0195,0.311,3.6999999999999997,,-1.0033,0.0387,0.4655,,,,,
bob,1,28676063,2769,0.042,0.3192,4.54,,-0.9848,0.0385,0.4653,,,,,
bob,1,28676063,2770,0.0334,0.3264,4.12,,-1.0051,0.0383,0.4652,,,,,
bob,1,28676063,2771,0.027,0.338,3.54,,-1.0057,0.0382,0.4648,,,,,
bob,1,28676063,2772,0.0165,0.2916,3.4799999999999995,,-1.0244,0.038,0.4643,,,,,
bob,1,28676063,2773,0.0308,0.3763,4.06,,-0.9985,0.0378,0.4637,,,,,
bob,1,28676063,2774,0.0202,0.3226,4.72,,-1.0176,0.0377,0.4639,,,,,
bob,1,28676063,2775,0.0151,0.3462,5.48,,-1.0228,0.0375,0.4645,,,,,
bob,1,28676063,2776,0.0227,0.2932,4.5,,-1.0156,0.0373,0.465,,,,,
bob,1,28676063,2777,0.0194,0.2709,3.6999999999999997,,-1.019,0.0372,0.4653,,,,,
bob,1,28676063,2778,0.0242,0.331,3.6799999999999997,,-1.0167,0.037,0.4652,,,,,
bob,1,28676063,2779,0.0316,0.3013,4.52,,-1.0102,0.0368,0.4657,,,,,
bob,1,28676063,2780,0.0185,0.3277,4.760000000000001,,-1.0079,0.0367,0.466,,,,,
bob,1,28676063,2781,0.0144,0.2664,3.9600000000000004,,-1.0263,0.0365,0.4661,,,,,
bob,1,28676063,2782,0.022,0.3183,3.64,,-1.0125,0.0363,0.4659,,,,,
bob,1,28676063,2783,0.0169,0.2597,3.04,,-1.0143,0.0362,0.4658,,,,,
bob,1,28676063,2784,0.0237,0.3338,3.7800000000000002,,-1.0099,0.036,0.4658,,,,,
bob,1,28676063,2785,0.0204,0.3842,4.22,,-1.0176,0.0358,0.466,,,,,
bob,1,28676063,2786,0.0105,0.3386,4.64,,-1.0248,0.0357,0.4661,,,,,
bob,1,28676063,2787,0.0276,0.3286,4.52,,-1.024,0.0355,0.4663,,,,,
bob,1,28676063,2788,0.0222,0.3257,5.3,,-1.0348,0.0353,0.4665,,,,,
bob,1,28676063,2789,0.0233,0.2999,4.78,,-1.0193,0.0352,0.4667,,,,,
bob,1,28676063,2790,0.0219,0.2909,4.26,,-1.0116,0.035,0.4667,,,,,
bob,1,28676063,2791,0.0336,0.3078,4.2,,-1.0027,0.0348,0.4666,,,,,
bob,1,28676063,2792,0.0149,0.2667,3.58,,-1.008,0.0347,0.4664,,,,,
bob,1,28676063,2793,0.0209,0.3057,3.58,,-1.0189,0.0345,0.4662,,,,,
bob,1,28676063,2794,0.0188,0.2744,4.22,,-1.0134,0.0343,0.4665,,,,,
bob,1,28676063,2795,0.0153,0.3317,4.74,,-0.9955,0.0342,0.4666,,,,,
bob,1,28676063,2796,0.0143,0.3187,5.800000000000001,,-1.0123,0.034,0.4673,,,,,
bob,1,28676063,2797,0.0172,0.3117,5.82,,-1.0027,0.0338,0.4682,,,,,
bob,1,28676063,2798,0.0166,0.4097,6.5600000000000005,,-1.0094,0.0337,0.4689,,,,,
bob,1,28676063,2799,0.0248,0.3593,6.140000000000001,,-1.0091,0.0335,0.4692,,,,,
bob,1,28676063,2800,0.0171,0.3486,5.6000000000000005,,-1.0018,0.0333,0.4696,,,,,
bob,1,28676063,2801,0.0662,0.3947,4.2,,-1.0175,0.0332,0.4696,,,,,
bob,1,28676063,2802,0.0149,0.31,4.760000000000001,,-1.0073,0.033,0.4693,,,,,
bob,1,28676063,2803,0.0234,0.3445,4.58,,-1.0224,0.0328,0.469,,,,,
bob,1,28676063,2804,0.0197,0.3062,4.32,,-1.0205,0.0327,0.4691,,,,,
bob,1,28676063,2805,0.1065,0.2929,3.6999999999999997,,-0.9488,0.0325,0.4691,,,,,
bob,1,28676063,2806,0.0336,0.3255,2.98,,-0.9703,0.0323,0.4679,,,,,
bob,1,28676063,2807,0.0522,0.3855,4.0,,-0.998,0.0322,0.4673,,,,,
bob,1,28676063,2808,0.0385,0.304,3.5999999999999996,,-1.0016,0.032,0.4672,,,,,
bob,1,28676063,2809,0.0348,0.3084,4.66,,-1.0248,0.0318,0.4673,,,,,
bob,1,28676063,2810,0.0266,0.2871,3.8600000000000003,,-1.0054,0.0317,0.4676,,,,,
bob,1,28676063,2811,0.0333,0.2779,2.9000000000000004,,-1.0091,0.0315,0.467,,,,,
bob,1,28676063,2812,0.0224,0.2466,2.2800000000000002,,-1.0055,0.0313,0.4657,,,,,
bob,1,28676063,2813,0.0387,0.2362,3.06,,-1.0041,0.0312,0.465,,,,,
bob,1,28676063,2814,0.078,0.2779,2.92,,-1.0093,0.031,0.4645,,,,,
bob,1,28676063,2815,0.0287,0.3167,4.0,,-1.0011,0.0308,0.4642,,,,,
bob,1,28676063,2816,0.0218,0.2872,4.06,,-1.0072,0.0307,0.4644,,,,,
bob,1,28676063,2817,0.0359,0.304,3.26,,-1.0078,0.0305,0.4641,,,,,
bob,1,28676063,2818,0.0244,0.2878,3.1399999999999997,,-1.0181,0.0303,0.4634,,,,,
bob,1,28676063,2819,0.0258,0.3164,4.34,,-1.0213,0.0302,0.4632,,,,,
bob,1,28676063,2820,0.0157,0.2679,2.88,,-1.0201,0.03,0.4624,,,,,
bob,1,28676063,2821,0.0213,0.2745,3.1399999999999997,,-1.0233,0.0298,0.4621,,,,,
bob,1,28676063,2822,0.0304,0.3297,4.46,,-1.0061,0.0297,0.4622,,,,,
bob,1,28676063,2823,0.0254,0.3052,4.32,,-1.0051,0.0295,0.4625,,,,,
bob,1,28676063,2824,0.0492,0.3429,4.1000000000000005,,-0.9873,0.0293,0.4627,,,,,
bob,1,28676063,2825,0.0217,0.253,3.02,,-0.9964,0.0292,0.4624,,,,,
bob,1,28676063,2826,0.0326,0.2788,3.1199999999999997,,-0.9866,0.029,0.462,,,,,
bob,1,28676063,2827,0.0252,0.2945,2.78,,-0.985,0.0288,0.461,,,,,
bob,1,28676063,2828,0.0314,0.3217,3.34,,-0.9892,0.0287,0.4606,,,,,
bob,1,28676063,2829,0.037,0.2961,3.42,,-1.0047,0.0285,0.4607,,,,,
bob,1,28676063,2830,0.0462,0.3582,3.04,,-1.0206,0.0283,0.4604,,,,,
bob,1,28676063,2831,0.0358,0.2816,3.32,,-1.0028,0.0282,0.4602,,,,,
bob,1,28676063,2832,0.0352,0.2894,4.0,,-1.0029,0.028,0.4599,,,,,
bob,1,28676063,2833,0.0336,0.3008,3.84,,-1.0026,0.0278,0.4594,,,,,
bob,1,28676063,2834,0.0218,0.3217,3.6999999999999997,,-1.0094,0.0277,0.4587,,,,,
bob,1,28676063,2835,0.0226,0.3396,4.4799999999999995,,-1.0062,0.0275,0.4585,,,,,
bob,1,28676063,2836,0.0181,0.3614,4.04,,-1.009,0.0273,0.4579,,,,,
bob,1,28676063,2837,0.0173,0.2574,3.52,,-1.0038,0.0272,0.4576,,,,,
bob,1,28676063,2838,0.0162,0.3279,4.74,,-1.0315,0.027,0.4585,,,,,
bob,1,28676063,2839,0.0152,0.3723,4.92,,-1.0045,0.0268,0.4594,,,,,
bob,1,28676063,2840,0.0167,0.3054,4.66,,-0.9953,0.0267,0.4596,,,,,
bob,1,28676063,2841,0.0311,0.4195,4.6,,-1.0102,0.0265,0.4598,,,,,
bob,1,28676063,2842,0.0173,0.353,4.5,,-0.995,0.0263,0.4595,,,,,
bob,1,28676063,2843,0.0202,0.3191,4.24,,-1.0104,0.0262,0.4595,,,,,
bob,1,28676063,2844,0.0226,0.3776,4.84,,-1.0127,0.026,0.4594,,,,,
bob,1,28676063,2845,0.0189,0.2964,3.94,,-1.0134,0.0258,0.4595,,,,,
bob,1,28676063,2846,0.0274,0.3791,4.44,,-1.0123,0.0257,0.4597,,,,,
bob,1,28676063,2847,0.0119,0.3552,4.3999999999999995,,-1.0115,0.0255,0.4596,,,,,
bob,1,28676063,2848,0.0185,0.318,4.5,,-1.0154,0.0253,0.4597,,,,,
bob,1,28676063,2849,0.0121,0.3145,4.82,,-1.0221,0.0252,0.4598,,,,,
bob,1,28676063,2850,0.0212,0.3504,4.22,,-1.0165,0.025,0.4603,,,,,
bob,1,28676063,2851,0.0243,0.3263,4.32,,-1.0267,0.0248,0.4604,,,,,
bob,1,28676063,2852,0.0099,0.3018,4.12,,-1.028,0.0247,0.4601,,,,,
bob,1,28676063,2853,0.0167,0.3282,3.58,,-1.028,0.0245,0.4593,,,,,
bob,1,28676063,2854,0.012,0.2918,3.3000000000000003,,-1.0202,0.0243,0.4587,,,,,
bob,1,28676063,2855,0.0258,0.2911,4.18,,-0.9946,0.0242,0.4583,,,,,
bob,1,28676063,2856,0.0226,0.3164,3.6999999999999997,,-0.994,0.024,0.4584,,,,,
bob,1,28676063,2857,0.0257,0.2943,3.1,,-1.0127,0.0238,0.4585,,,,,
bob,1,28676063,2858,0.0227,0.2684,3.74,,-1.0194,0.0237,0.4589,,,,,
bob,1,28676063,2859,0.0228,0.2901,3.56,,-1.019,0.0235,0.4587,,,,,
bob,1,28676063,2860,0.0135,0.3213,2.98,,-1.0051,0.0233,0.458,,,,,
bob,1,28676063,2861,0.037,0.3226,3.9,,-1.0003,0.0232,0.458,,,,,
bob,1,28676063,2862,0.0329,0.3647,4.0,,-0.9576,0.023,0.4578,,,,,
bob,1,28676063,2863,0.0413,0.3212,3.88,,-0.9716,0.0228,0.4579,,,,,
bob,1,28676063,2864,0.0332,0.3228,4.74,,-0.9954,0.0227,0.4586,,,,,
bob,1,28676063,2865,0.0337,0.2959,4.42,,-0.9807,0.0225,0.4592,,,,,
bob,1,28676063,2866,0.0255,0.3449,4.18,,-0.9937,0.0223,0.4594,,,,,
bob,1,28676063,2867,0.0296,0.295,3.52,,-1.0081,0.0222,0.4593,,,,,
bob,1,28676063,2868,0.0144,0.3013,3.46,,-0.997,0.022,0.4593,,,,,
bob,1,28676063,2869,0.0157,0.3191,3.66,,-1.005,0.0218,0.4591,,,,,
bob,1,28676063,2870,0.0106,0.3084,3.52,,-1.017,0.0217,0.459,,,,,
bob,1,28676063,2871,0.0242,0.2918,3.94,,-1.0315,0.0215,0.4593,,,,,
bob,1,28676063,2872,0.0211,0.3106,3.34,,-1.0237,0.0213,0.4593,,,,,
bob,1,28676063,2873,0.0315,0.292,3.04,,-1.0219,0.0212,0.4589,,,,,
bob,1,28676063,2874,0.0299,0.2682,3.2,,-1.0144,0.021,0.4582,,,,,
bob,1,28676063,2875,0.0241,0.3078,4.3,,-1.0034,0.0208,0.4579,,,,,
bob,1,28676063,2876,0.0236,0.3317,4.72,,-1.0162,0.0207,0.4578,,,,,
bob,1,28676063,2877,0.0182,0.2942,4.22,,-1.009,0.0205,0.4576,,,,,
bob,1,28676063,2878,0.0184,0.3611,4.06,,-1.0102,0.0203,0.4577,,,,,
bob,1,28676063,2879,0.0164,0.2773,2.88,,-0.981,0.0202,0.4575,,,,,
bob,1,28676063,2880,0.0201,0.2413,2.46,,-1.0175,0.02,0.4568,,,,,
bob,1,28676063,2881,0.0283,0.266,2.92,,-1.0296,0.0198,0.4563,,,,,
bob,1,28676063,2882,0.0179,0.3177,3.06,,-0.9938,0.0197,0.4562,,,,,
bob,1,28676063,2883,0.0207,0.2626,3.66,,-0.9982,0.0195,0.4563,,,,,
bob,1,28676063,2884,0.0154,0.3518,4.9399999999999995,,-1.0006,0.0193,0.457,,,,,
bob,1,28676063,2885,0.0206,0.3488,4.58,,-1.0096,0.0192,0.4577,,,,,
bob,1,28676063,2886,0.0149,0.3678,4.62,,-1.0116,0.019,0.4583,,,,,
bob,1,28676063,2887,0.0145,0.2508,3.2,,-1.0157,0.0188,0.4574,,,,,
bob,1,28676063,2888,0.0242,0.2332,3.18,,-1.0225,0.0187,0.4562,,,,,
bob,1,28676063,2889,0.0224,0.3097,3.32,,-1.018,0.0185,0.4552,,,,,
bob,1,28676063,2890,0.0164,0.3192,3.34,,-1.012,0.0183,0.4544,,,,,
bob,1,28676063,2891,0.0164,0.3224,4.3,,-1.0254,0.0182,0.454,,,,,
bob,1,28676063,2892,0.0286,0.3387,4.18,,-1.0146,0.018,0.4541,,,,,
bob,1,28676063,2893,0.0298,0.2895,4.46,,-1.0035,0.0178,0.4545,,,,,
bob,1,28676063,2894,0.0314,0.3021,4.02,,-1.0004,0.0177,0.4544,,,,,
bob,1,28676063,2895,0.0441,0.263,3.7800000000000002,,-0.9878,0.0175,0.4542,,,,,
bob,1,28676063,2896,0.0311,0.2735,4.0,,-1.0131,0.0173,0.454,,,,,
bob,1,28676063,2897,0.0385,0.2623,3.8,,-1.0129,0.0172,0.4533,,,,,
bob,1,28676063,2898,0.0379,0.2807,3.58,,-0.9476,0.017,0.4528,,,,,
bob,1,28676063,2899,0.0141,0.3031,3.7800000000000002,,-0.9717,0.0168,0.4525,,,,,
bob,1,28676063,2900,0.0183,0.3298,3.1,,-1.0061,0.0167,0.4521,,,,,
bob,1,28676063,2901,0.0203,0.2985,4.26,,-0.9938,0.0165,0.4523,,,,,
bob,1,28676063,2902,0.0107,0.3035,3.74,,-0.9822,0.0163,0.4521,,,,,
bob,1,28676063,2903,0.0137,0.2625,3.34,,-0.9862,0.0162,0.4519,,,,,
bob,1,28676063,2904,0.0125,0.2774,3.34,,-1.0,0.016,0.4519,,,,,
bob,1,28676063,2905,0.0079,0.2581,2.74,,-1.0245,0.0158,0.4512,,,,,
bob,1,28676063,2906,0.0195,0.2955,3.9,,-1.0161,0.0157,0.451,,,,,
bob,1,28676063,2907,0.0106,0.3116,4.92,,-1.0003,0.0155,0.4507,,,,,
bob,1,28676063,2908,0.0084,0.3319,4.66,,-1.01,0.0153,0.4509,,,,,
bob,1,28676063,2909,0.0086,0.2869,3.8,,-1.01,0.0152,0.4508,,,,,
bob,1,28676063,2910,0.0185,0.3097,4.06,,-1.0158,0.015,0.4511,,,,,
bob,1,28676063,2911,0.0145,0.3118,4.52,,-1.0205,0.0148,0.4515,,,,,
bob,1,28676063,2912,0.0169,0.2632,3.8600000000000003,,-1.0121,0.0147,0.4516,,,,,
bob,1,28676063,2913,0.0216,0.2795,4.0,,-1.0283,0.0145,0.4515,,,,,
bob,1,28676063,2914,0.0313,0.3183,3.94,,-1.0148,0.0143,0.4515,,,,,
bob,1,28676063,2915,0.0179,0.3339,3.38,,-0.999,0.0142,0.4516,,,,,
bob,1,28676063,2916,0.0111,0.3413,4.08,,-1.0036,0.014,0.4522,,,,,
bob,1,28676063,2917,0.012,0.3036,3.62,,-1.0002,0.0138,0.4525,,,,,
bob,1,28676063,2918,0.0092,0.3358,3.66,,-1.0181,0.0137,0.453,,,,,
bob,1,28676063,2919,0.0091,0.301,4.8,,-1.0061,0.0135,0.4534,,,,,
bob,1,28676063,2920,0.0082,0.3337,4.78,,-1.0194,0.0133,0.4535,,,,,
bob,1,28676063,2921,0.0098,0.3253,3.94,,-0.9965,0.0132,0.453,,,,,
bob,1,28676063,2922,0.0106,0.3495,4.3999999999999995,,-1.0219,0.013,0.4526,,,,,
bob,1,28676063,2923,0.0087,0.355,5.82,,-1.0268,0.0128,0.4533,,,,,
bob,1,28676063,2924,0.0032,0.332,4.68,,-1.035,0.0127,0.4542,,,,,
bob,1,28676063,2925,0.0057,0.3045,4.16,,-1.0127,0.0125,0.4547,,,,,
bob,1,28676063,2926,0.0086,0.3099,4.3999999999999995,,-1.0182,0.0123,0.4551,,,,,
bob,1,28676063,2927,0.0046,0.2909,4.3,,-1.016,0.0122,0.4552,,,,,
bob,1,28676063,2928,0.0077,0.3076,4.54,,-1.0115,0.012,0.4549,,,,,
bob,1,28676063,2929,0.0036,0.2828,4.2,,-1.0146,0.0118,0.4549,,,,,
bob,1,28676063,2930,0.009,0.3248,4.22,,-1.0086,0.0117,0.4552,,,,,
bob,1,28676063,2931,0.0149,0.2902,3.9,,-1.0105,0.0115,0.4558,,,,,
bob,1,28676063,2932,0.0085,0.3159,3.52,,-1.0037,0.0113,0.4559,,,,,
bob,1,28676063,2933,0.0122,0.2363,2.3800000000000003,,-1.0088,0.0112,0.4553,,,,,
bob,1,28676063,2934,0.0115,0.2802,3.06,,-1.0024,0.011,0.4549,,,,,
bob,1,28676063,2935,0.0076,0.3258,4.32,,-1.0039,0.0108,0.455,,,,,
bob,1,28676063,2936,0.0078,0.2964,5.58,,-1.0069,0.0107,0.4553,,,,,
bob,1,28676063,2937,0.0084,0.408,6.12,,-1.0018,0.0105,0.4563,,,,,
bob,1,28676063,2938,0.0129,0.3553,6.959999999999999,,-1.0045,0.0103,0.4571,,,,,
bob,1,28676063,2939,0.01,0.3953,5.74,,-1.0128,0.0102,0.4576,,,,,
bob,1,28676063,2940,0.0122,0.3145,4.46,,-1.0132,0.01,0.4573,,,,,
bob,1,28676063,2941,0.0088,0.2827,5.0,,-1.0232,0.0098,0.457,,,,,
bob,1,28676063,2942,0.0073,0.2751,4.7,,-1.0049,0.0097,0.4566,,,,,
bob,1,28676063,2943,0.0173,0.3074,5.5,,-1.01,0.0095,0.4568,,,,,
bob,1,28676063,2944,0.0123,0.3394,5.1,,-0.9955,0.0093,0.4568,,,,,
bob,1,28676063,2945,0.0144,0.2644,4.84,,-1.0132,0.0092,0.4571,,,,,
bob,1,28676063,2946,0.0059,0.2622,3.9600000000000004,,-1.012,0.009,0.4571,,,,,
bob,1,28676063,2947,0.0088,0.2493,3.26,,-1.0045,0.0088,0.4566,,,,,
bob,1,28676063,2948,0.0101,0.2845,2.9000000000000004,,-0.9991,0.0087,0.4562,,,,,
bob,1,28676063,2949,0.0112,0.3099,3.36,,-1.0112,0.0085,0.4561,,,,,
bob,1,28676063,2950,0.0103,0.3021,3.88,,-1.0044,0.0083,0.4557,,,,,
bob,1,28676063,2951,0.0104,0.3067,3.6999999999999997,,-0.9981,0.0082,0.4559,,,,,
bob,1,28676063,2952,0.0133,0.2525,4.74,,-1.0,0.008,0.4567,,,,,
bob,1,28676063,2953,0.0089,0.3733,6.98,,-1.0049,0.0078,0.4582,,,,,
bob,1,28676063,2954,0.0161,0.3586,6.12,,-1.006,0.0077,0.4593,,,,,
bob,1,28676063,2955,0.0116,0.3056,4.9399999999999995,,-1.0013,0.0075,0.4601,,,,,
bob,1,28676063,2956,0.0132,0.2921,3.66,,-0.9836,0.0073,0.4594,,,,,
bob,1,28676063,2957,0.0174,0.2391,3.52,,-0.9871,0.0072,0.4588,,,,,
bob,1,28676063,2958,0.0148,0.2747,3.32,,-0.9995,0.007,0.4582,,,,,
bob,1,28676063,2959,0.0152,0.2476,3.2,,-0.9981,0.0068,0.4582,,,,,
bob,1,28676063,2960,0.0138,0.2691,3.36,,-1.009,0.0067,0.4577,,,,,
bob,1,28676063,2961,0.0062,0.2789,3.1199999999999997,,-1.003,0.0065,0.4572,,,,,
bob,1,28676063,2962,0.0209,0.2912,3.66,,-1.0111,0.0063,0.4569,,,,,
bob,1,28676063,2963,0.0151,0.303,3.94,,-1.003,0.0062,0.4569,,,,,
bob,1,28676063,2964,0.0114,0.2601,3.36,,-1.0078,0.006,0.4566,,,,,
bob,1,28676063,2965,0.0199,0.3061,3.7800000000000002,,-1.0228,0.0058,0.4565,,,,,
bob,1,28676063,2966,0.0102,0.2975,3.5999999999999996,,-1.009,0.0057,0.4564,,,,,
bob,1,28676063,2967,0.0152,0.2752,3.8,,-1.0066,0.0055,0.4568,,,,,
bob,1,28676063,2968,0.0121,0.3539,3.44,,-0.9846,0.0053,0.4567,,,,,
bob,1,28676063,2969,0.0145,0.296,3.5000000000000004,,-1.0041,0.0052,0.4562,,,,,
bob,1,28676063,2970,0.0139,0.3077,4.26,,-1.0017,0.005,0.4562,,,,,
bob,1,28676063,2971,0.0132,0.301,4.66,,-0.9932,0.0048,0.4566,,,,,
bob,1,28676063,2972,0.0123,0.3477,5.84,,-1.0045,0.0047,0.4576,,,,,
bob,1,28676063,2973,0.0181,0.3681,4.78,,-0.9954,0.0045,0.458,,,,,
bob,1,28676063,2974,0.0128,0.3059,5.08,,-1.0064,0.0043,0.4582,,,,,
bob,1,28676063,2975,0.0181,0.3136,5.3,,-1.01,0.0042,0.4581,,,,,
bob,1,28676063,2976,0.0209,0.3163,4.36,,-1.0017,0.004,0.4579,,,,,
bob,1,28676063,2977,0.0133,0.2807,4.34,,-1.0026,0.0038,0.4582,,,,,
bob,1,28676063,2978,0.0149,0.328,5.0,,-1.009,0.0037,0.4588,,,,,
bob,1,28676063,2979,0.0189,0.3152,4.02,,-1.0074,0.0035,0.4586,,,,,
bob,1,28676063,2980,0.03,0.3327,4.0,,-1.0241,0.0033,0.4582,,,,,
bob,1,28676063,2981,0.0229,0.2897,3.56,,-0.9881,0.0032,0.458,,,,,
bob,1,28676063,2982,0.0204,0.347,4.32,,-1.0172,0.003,0.4584,,,,,
bob,1,28676063,2983,0.0279,0.33,4.22,,-0.987,0.0028,0.4588,,,,,
bob,1,28676063,2984,0.0204,0.2747,4.4799999999999995,,-1.0044,0.0027,0.4591,,,,,
bob,1,28676063,2985,0.0124,0.2787,3.52,,-1.0056,0.0025,0.4588,,,,,
bob,1,28676063,2986,0.0118,0.2777,4.14,,-1.0104,0.0023,0.4587,,,,,
bob,1,28676063,2987,0.0172,0.2991,4.06,,-1.0134,0.0022,0.4584,,,,,
bob,1,28676063,2988,0.0105,0.356,4.52,,-1.0009,0.002,0.4582,,,,,
bob,1,28676063,2989,0.0096,0.317,4.68,,-1.0077,0.0018,0.4579,,,,,
bob,1,28676063,2990,0.0121,0.3465,4.52,,-1.009,0.0017,0.4579,,,,,
bob,1,28676063,2991,0.011,0.3329,4.72,,-1.0085,0.0015,0.4581,,,,,
bob,1,28676063,2992,0.0078,0.3454,4.1000000000000005,,-1.0122,0.0013,0.4582,,,,,
bob,1,28676063,2993,0.0105,0.4025,4.44,,-0.9983,0.0012,0.4587,,,,,
bob,1,28676063,2994,0.0131,0.3805,4.88,,-1.0091,0.001,0.4589,,,,,
bob,1,28676063,2995,0.018,0.4053,5.56,,-1.0135,0.0008,0.4592,,,,,
bob,1,28676063,2996,0.0149,0.3884,5.86,,-1.0007,0.0007,0.4591,,,,,
bob,1,28676063,2997,0.0121,0.3297,5.26,,-1.0044,0.0005,0.459,,,,,
bob,1,28676063,2998,0.0301,0.343,4.58,,-1.0131,0.0003,0.4584,,,,,
bob,1,28676063,2999,0.0152,0.2911,3.6999999999999997,,-0.9972,0.0002,0.4574,,,,,
bob,1,28676063,3000,0.006,0.2923,3.16,,-1.0066,0.0137,0.4564,,,,,
bob,1,28676063,3001,0.0092,0.2629,2.9000000000000004,,-0.9983,0.0267,0.4556,,,,,
bob,1,28676063,3002,0.0138,0.3383,3.2800000000000002,,-1.0185,0.039,0.455,,,,,
bob,1,28676063,3003,0.0243,0.386,4.9,,-1.009,0.0506,0.455,,,,,
bob,1,28676063,3004,0.0132,0.3758,5.42,,-1.0097,0.0617,0.4555,,,,,
bob,1,28676063,3005,0.0192,0.3439,3.2199999999999998,,-1.0075,0.0723,0.4553,,,,,
bob,1,28676063,3006,0.0236,0.3314,3.74,,-1.0153,0.0822,0.4557,,,,,
bob,1,28676063,3007,0.0231,0.3258,3.7199999999999998,,-1.0201,0.0917,0.4556,,,,,
bob,1,28676063,3008,0.0258,0.3382,4.14,,-0.998,0.1008,0.4557,,,,,
bob,1,28676063,3009,0.0156,0.3304,5.04,,-1.0096,0.1093,0.4557,,,,,
bob,1,28676063,3010,0.0096,0.3186,3.9800000000000004,,-1.0068,0.1175,0.4559,,,,,
bob,1,28676063,3011,0.0109,0.2593,2.64,,-1.0127,0.1252,0.4556,,,,,
bob,1,28676063,3012,0.0146,0.3131,3.46,,-1.0142,0.1325,0.4562,,,,,
bob,1,28676063,3013,0.0098,0.2835,4.16,,-1.0029,0.1395,0.4567,,,,,
bob,1,28676063,3014,0.0141,0.3433,4.36,,-1.0125,0.1461,0.4573,,,,,
bob,1,28676063,3015,0.0088,0.3027,3.58,,-1.0155,0.1524,0.4572,,,,,
bob,1,28676063,3016,0.0147,0.3407,4.22,,-1.0214,0.1583,0.4571,,,,,
bob,1,28676063,3017,0.0172,0.4002,4.8,,-1.0173,0.1639,0.4577,,,,,
bob,1,28676063,3018,0.0223,0.357,4.859999999999999,,-0.9983,0.1693,0.4585,,,,,
bob,1,28676063,3019,0.0517,0.3284,4.32,,-1.0102,0.1744,0.4585,,,,,
bob,1,28676063,3020,0.0168,0.3404,3.94,,-0.997,0.1792,0.4589,,,,,
bob,1,28676063,3021,0.0192,0.2896,3.38,,-0.9948,0.1837,0.459,,,,,
bob,1,28676063,3022,0.0163,0.3289,4.14,,-1.0164,0.1881,0.4589,,,,,
bob,1,28676063,3023,0.0193,0.3203,4.02,,-1.0185,0.1922,0.4587,,,,,
bob,1,28676063,3024,0.0186,0.3301,4.06,,-1.0282,0.1961,0.4588,,,,,
bob,1,28676063,3025,0.0096,0.2998,3.44,,-1.0142,0.1998,0.459,,,,,
bob,1,28676063,3026,0.014,0.3134,3.64,,-1.0177,0.2034,0.4592,,,,,
bob,1,28676063,3027,0.01,0.2603,2.62,,-1.0025,0.2067,0.4592,,,,,
bob,1,28676063,3028,0.0224,0.3127,3.4799999999999995,,-1.0135,0.2099,0.4592,,,,,
bob,1,28676063,3029,0.014,0.3279,4.52,,-1.0116,0.2129,0.4596,,,,,
bob,1,28676063,3030,0.0128,0.3453,4.859999999999999,,-1.0075,0.2158,0.4603,,,,,
bob,1,28676063,3031,0.0176,0.365,4.46,,-1.0229,0.2185,0.4609,,,,,
bob,1,28676063,3032,0.0207,0.3237,3.8600000000000003,,-1.0107,0.221,0.4609,,,,,
bob,1,28676063,3033,0.014,0.2656,3.82,,-1.004,0.2234,0.4608,,,,,
bob,1,28676063,3034,0.0275,0.2923,4.44,,-1.0082,0.2257,0.4612,,,,,
bob,1,28676063,3035,0.0184,0.2952,3.62,,-1.0117,0.2279,0.4608,,,,,
bob,1,28676063,3036,0.0165,0.2883,3.3000000000000003,,-1.0038,0.23,0.4604,,,,,
bob,1,28676063,3037,0.0163,0.3188,4.7,,-1.0009,0.232,0.4609,,,,,
bob,1,28676063,3038,0.0247,0.3179,3.74,,-1.0047,0.2339,0.4605,,,,,
bob,1,28676063,3039,0.02,0.3149,3.38,,-0.9975,0.2357,0.4598,,,,,
bob,1,28676063,3040,0.0181,0.3413,4.08,,-1.0116,0.2374,0.4597,,,,,
bob,1,28676063,3041,0.0138,0.3134,4.08,,-1.0056,0.2391,0.4594,,,,,
bob,1,28676063,3042,0.0256,0.3088,4.38,,-0.9994,0.2406,0.4595,,,,,
bob,1,28676063,3043,0.0086,0.2978,2.96,,-1.0241,0.2421,0.4588,,,,,
bob,1,28676063,3044,0.0314,0.3457,3.88,,-1.0114,0.2436,0.4584,,,,,
bob,1,28676063,3045,0.0147,0.2776,4.1000000000000005,,-1.0092,0.2449,0.4585,,,,,
bob,1,28676063,3046,0.0163,0.3129,3.9600000000000004,,-1.0087,0.2462,0.4582,,,,,
bob,1,28676063,3047,0.0232,0.2913,4.0,,-1.0174,0.2475,0.4581,,,,,
bob,1,28676063,3048,0.0147,0.2756,3.62,,-1.0072,0.2486,0.4578,,,,,
bob,1,28676063,3049,0.0273,0.3133,3.36,,-1.0153,0.2498,0.4571,,,,,
bob,1,28676063,3050,0.008,0.2956,3.54,,-1.0202,0.2509,0.4568,,,,,
bob,1,28676063,3051,0.0166,0.2959,3.36,,-1.0065,0.2519,0.4563,,,,,
bob,1,28676063,3052,0.0141,0.3089,3.5999999999999996,,-0.9974,0.2529,0.456,,,,,
bob,1,28676063,3053,0.0112,0.3767,4.88,,-1.0043,0.2539,0.4565,,,,,
bob,1,28676063,3054,0.0147,0.3784,4.84,,-1.0142,0.2547,0.4572,,,,,
bob,1,28676063,3055,0.0171,0.3631,4.0,,-1.0155,0.2556,0.4572,,,,,
bob,1,28676063,3056,0.0122,0.2952,2.98,,-1.0212,0.2564,0.4569,,,,,
bob,1,28676063,3057,0.0333,0.3067,3.62,,-1.0204,0.2571,0.4571,,,,,
bob,1,28676063,3058,0.0222,0.289,3.52,,-1.0166,0.2578,0.457,,,,,
bob,1,28676063,3059,0.0108,0.3454,3.9,,-1.0121,0.2585,0.4571,,,,,
bob,1,28676063,3060,0.0142,0.3511,3.82,,-1.0087,0.2592,0.4576,,,,,
bob,1,28676063,3061,0.0142,0.2855,3.38,,-1.0217,0.2598,0.4573,,,,,
bob,1,28676063,3062,0.0143,0.3474,3.9,,-1.0092,0.2603,0.4573,,,,,
bob,1,28676063,3063,0.0162,0.3343,3.82,,-1.0144,0.2609,0.4572,,,,,
bob,1,28676063,3064,0.0185,0.3411,4.12,,-1.0149,0.2614,0.457,,,,,
bob,1,28676063,3065,0.0183,0.3249,3.84,,-1.0004,0.2619,0.4567,,,,,
bob,1,28676063,3066,0.016,0.3348,4.18,,-1.023,0.2624,0.4567,,,,,
bob,1,28676063,3067,0.0212,0.3435,4.82,,-1.0063,0.2629,0.4571,,,,,
bob,1,28676063,3068,0.0137,0.4374,4.24,,-1.0094,0.2633,0.4575,,,,,
bob,1,28676063,3069,0.023,0.3744,4.12,,-1.0029,0.2637,0.4577,,,,,
bob,1,28676063,3070,0.0216,0.3881,4.5,,-1.0161,0.2641,0.4582,,,,,
bob,1,28676063,3071,0.013,0.3078,4.18,,-1.0198,0.2644,0.4581,,,,,
bob,1,28676063,3072,0.0327,0.4008,4.12,,-1.0081,0.2647,0.4584,,,,,
bob,1,28676063,3073,0.0121,0.3338,4.64,,-0.9994,0.265,0.4591,,,,,
bob,1,28676063,3074,0.0191,0.3434,3.36,,-1.0102,0.2653,0.4592,,,,,
bob,1,28676063,3075,0.0102,0.2561,3.34,,-1.0113,0.2655,0.4589,,,,,
bob,1,28676063,3076,0.0132,0.256,3.7199999999999998,,-1.0156,0.2658,0.4584,,,,,
bob,1,28676063,3077,0.0183,0.2979,3.34,,-1.012,0.2661,0.4581,,,,,
bob,1,28676063,3078,0.0191,0.3364,3.5000000000000004,,-1.0055,0.2663,0.4577,,,,,
bob,1,28676063,3079,0.0149,0.3118,3.4799999999999995,,-1.0066,0.2665,0.458,,,,,
bob,1,28676063,3080,0.0169,0.3471,4.5,,-1.0071,0.2667,0.4589,,,,,
bob,1,28676063,3081,0.0238,0.4171,5.04,,-1.0197,0.2669,0.4598,,,,,
bob,1,28676063,3082,0.0195,0.36,4.52,,-1.0177,0.2671,0.4604,,,,,
bob,1,28676063,3083,0.0235,0.3551,4.32,,-1.0175,0.2672,0.4607,,,,,
bob,1,28676063,3084,0.0263,0.3267,4.46,,-1.0139,0.2673,0.4605,,,,,
bob,1,28676063,3085,0.0239,0.322,3.92,,-0.9825,0.2674,0.4602,,,,,
bob,1,28676063,3086,0.0334,0.3324,4.4799999999999995,,-1.0062,0.2676,0.4601,,,,,
bob,1,28676063,3087,0.0344,0.3493,4.44,,-1.012,0.2677,0.4606,,,,,
bob,1,28676063,3088,0.0185,0.3174,4.6,,-1.0104,0.2678,0.4612,,,,,
bob,1,28676063,3089,0.0261,0.3444,4.3,,-1.0241,0.2678,0.4617,,,,,
bob,1,28676063,3090,0.0228,0.3052,4.04,,-1.0299,0.2679,0.4621,,,,,
bob,1,28676063,3091,0.0218,0.3116,4.6,,-1.022,0.2679,0.4622,,,,,
bob,1,28676063,3092,0.0236,0.3248,4.9,,-1.0212,0.268,0.4625,,,,,
bob,1,28676063,3093,0.0231,0.3761,5.1,,-1.0171,0.268,0.4627,,,,,
bob,1,28676063,3094,0.0172,0.3349,4.5600000000000005,,-0.9982,0.268,0.4629,,,,,
bob,1,28676063,3095,0.0294,0.3118,3.2199999999999998,,-1.0395,0.2681,0.4628,,,,,
bob,1,28676063,3096,0.0177,0.3222,2.88,,-1.0359,0.2681,0.4621,,,,,
bob,1,28676063,3097,0.0126,0.3127,3.2800000000000002,,-1.0109,0.2682,0.4618,,,,,
bob,1,28676063,3098,0.0294,0.3632,4.02,,-1.0015,0.2682,0.462,,,,,
bob,1,28676063,3099,0.0199,0.3112,4.64,,-1.0172,0.2682,0.4624,,,,,
bob,1,28676063,3100,0.01,0.3548,4.24,,-1.0185,0.2682,0.463,,,,,
bob,1,28676063,3101,0.0109,0.3108,4.82,,-1.0124,0.2683,0.463,,,,,
bob,1,28676063,3102,0.0178,0.3858,5.3,,-1.0034,0.2683,0.4636,,,,,
bob,1,28676063,3103,0.0198,0.3744,5.1,,-1.0136,0.2682,0.4644,,,,,
bob,1,28676063,3104,0.0138,0.3554,4.5,,-1.0064,0.2682,0.465,,,,,
bob,1,28676063,3105,0.0199,0.2925,3.3000000000000003,,-1.0145,0.2682,0.4653,,,,,
bob,1,28676063,3106,0.0136,0.3185,3.5000000000000004,,-1.0216,0.2681,0.4652,,,,,
bob,1,28676063,3107,0.0179,0.3269,3.8600000000000003,,-1.0096,0.2681,0.4648,,,,,
bob,1,28676063,3108,0.0116,0.3063,3.6799999999999997,,-1.0131,0.2681,0.4643,,,,,
bob,1,28676063,3109,0.0226,0.3292,4.06,,-1.0225,0.2681,0.4643,,,,,
bob,1,28676063,3110,0.0231,0.3057,3.9,,-1.0173,0.2681,0.4643,,,,,
bob,1,28676063,3111,0.0191,0.2925,3.54,,-1.0162,0.2681,0.4639,,,,,
bob,1,28676063,3112,0.0139,0.2962,3.6999999999999997,,-1.0165,0.2681,0.4636,,,,,
bob,1,28676063,3113,0.0239,0.3379,4.4799999999999995,,-1.021,0.2681,0.4639,,,,,
bob,1,28676063,3114,0.0197,0.3202,4.279999999999999,,-1.0191,0.2681,0.4641,,,,,
bob,1,28676063,3115,0.0116,0.3266,4.46,,-1.017,0.268,0.4646,,,,,
bob,1,28676063,3116,0.0312,0.3053,3.7800000000000002,,-1.0147,0.268,0.4645,,,,,
bob,1,28676063,3117,0.0225,0.3072,3.66,,-1.0078,0.268,0.4646,,,,,
bob,1,28676063,3118,0.0213,0.3229,3.7600000000000002,,-1.0074,0.268,0.4646,,,,,
bob,1,28676063,3119,0.0147,0.2951,3.6999999999999997,,-1.0081,0.268,0.4642,,,,,
bob,1,28676063,3120,0.0226,0.2925,4.06,,-1.0131,0.268,0.4638,,,,,
bob,1,28676063,3121,0.0185,0.344,4.24,,-1.0142,0.268,0.4639,,,,,
bob,1,28676063,3122,0.0197,0.3367,4.12,,-1.0109,0.268,0.4639,,,,,
bob,1,28676063,3123,0.0247,0.4033,4.6,,-1.0149,0.268,0.4635,,,,,
bob,1,28676063,3124,0.0292,0.375,5.04,,-1.0035,0.268,0.4635,,,,,
bob,1,28676063,3125,0.0179,0.267,5.12,,-1.0173,0.268,0.4639,,,,,
bob,1,28676063,3126,0.0307,0.3661,5.16,,-1.0294,0.268,0.4641,,,,,
bob,1,28676063,3127,0.0152,0.3114,3.94,,-1.0282,0.268,0.464,,,,,
bob,1,28676063,3128,0.0187,0.3292,3.2399999999999998,,-1.0179,0.268,0.4635,,,,,
bob,1,28676063,3129,0.0168,0.2909,3.2199999999999998,,-1.0204,0.2681,0.4631,,,,,
bob,1,28676063,3130,0.0301,0.3233,3.6999999999999997,,-1.0259,0.2681,0.4629,,,,,
bob,1,28676063,3131,0.0612,0.2954,3.6999999999999997,,-1.0231,0.2681,0.4628,,,,,
bob,1,28676063,3132,0.0251,0.2564,2.88,,-1.0202,0.2681,0.4625,,,,,
bob,1,28676063,3133,0.0244,0.2964,3.46,,-1.0178,0.2682,0.463,,,,,
bob,1,28676063,3134,0.0393,0.3689,4.12,,-1.0182,0.2682,0.4636,,,,,
bob,1,28676063,3135,0.0287,0.3344,4.0,,-1.0114,0.2682,0.4635,,,,,
bob,1,28676063,3136,0.0289,0.2852,3.34,,-0.9981,0.2682,0.4626,,,,,
bob,1,28676063,3137,0.0224,0.2985,3.2199999999999998,,-1.0171,0.2682,0.4613,,,,,
bob,1,28676063,3138,0.0181,0.3873,4.12,,-1.0011,0.2683,0.4603,,,,,
bob,1,28676063,3139,0.022,0.2891,3.56,,-1.0168,0.2684,0.4593,,,,,
bob,1,28676063,3140,0.0149,0.3456,3.38,,-1.0184,0.2685,0.4587,,,,,
bob,1,28676063,3141,0.0398,0.3496,4.2,,-1.0057,0.2687,0.4584,,,,,
bob,1,28676063,3142,0.0215,0.3014,3.94,,-1.0149,0.2688,0.4581,,,,,
bob,1,28676063,3143,0.0214,0.3603,3.88,,-1.0039,0.2689,0.4575,,,,,
bob,1,28676063,3144,0.0184,0.3384,3.9,,-1.007,0.269,0.4569,,,,,
bob,1,28676063,3145,0.0254,0.3619,4.5600000000000005,,-1.0058,0.2692,0.4569,,,,,
bob,1,28676063,3146,0.0225,0.3574,4.5,,-1.0104,0.2693,0.457,,,,,
bob,1,28676063,3147,0.0255,0.3275,4.72,,-1.0143,0.2694,0.4577,,,,,
bob,1,28676063,3148,0.0202,0.3607,4.52,,-1.0078,0.2694,0.4584,,,,,
bob,1,28676063,3149,0.0248,0.3318,3.6999999999999997,,-1.0198,0.2695,0.4586,,,,,
bob,1,28676063,3150,0.0079,0.3211,3.34,,-1.0159,0.2696,0.4584,,,,,
bob,1,28676063,3151,0.015,0.2883,3.1399999999999997,,-1.0255,0.2696,0.4581,,,,,
bob,1,28676063,3152,0.0176,0.3028,3.6799999999999997,,-1.0223,0.2697,0.4579,,,,,
bob,1,28676063,3153,0.0068,0.3265,3.36,,-1.004,0.2698,0.4564,,,,,
bob,1,28676063,3154,0.0129,0.3419,3.9,,-1.0308,0.2699,0.4554,,,,,
bob,1,28676063,3155,0.0187,0.304,3.94,,-1.0132,0.2701,0.4549,,,,,
bob,1,28676063,3156,0.021,0.2916,3.1399999999999997,,-1.0155,0.2702,0.4547,,,,,
bob,1,28676063,3157,0.0126,0.3011,3.2800000000000002,,-1.0282,0.2703,0.4545,,,,,
bob,1,28676063,3158,0.0148,0.2684,3.7600000000000002,,-1.0168,0.2704,0.4546,,,,,
bob,1,28676063,3159,0.011,0.3345,4.16,,-1.0157,0.2705,0.455,,,,,
bob,1,28676063,3160,0.017,0.2756,3.92,,-1.0141,0.2706,0.4554,,,,,
bob,1,28676063,3161,0.0271,0.3858,4.02,,-1.0225,0.2707,0.4558,,,,,
bob,1,28676063,3162,0.017,0.3356,4.2,,-1.0264,0.2708,0.456,,,,,
bob,1,28676063,3163,0.0198,0.2911,3.9600000000000004,,-1.0162,0.2708,0.4561,,,,,
bob,1,28676063,3164,0.0198,0.3185,3.4000000000000004,,-1.018,0.2709,0.4562,,,,,
bob,1,28676063,3165,0.0254,0.3384,3.2800000000000002,,-1.0146,0.2709,0.4559,,,,,
bob,1,28676063,3166,0.0169,0.2743,2.96,,-1.0279,0.271,0.4556,,,,,
bob,1,28676063,3167,0.0134,0.2513,2.5,,-1.0244,0.2711,0.455,,,,,
bob,1,28676063,3168,0.0131,0.2574,3.1,,-1.0221,0.2712,0.4548,,,,,
bob,1,28676063,3169,0.0117,0.278,2.92,,-1.017,0.2712,0.4545,,,,,
bob,1,28676063,3170,0.0145,0.366,3.32,,-1.0186,0.2713,0.4541,,,,,
bob,1,28676063,3171,0.0127,0.2962,3.18,,-1.0113,0.2714,0.4535,,,,,
bob,1,28676063,3172,0.0229,0.2686,3.06,,-1.0103,0.2715,0.4523,,,,,
bob,1,28676063,3173,0.0144,0.2688,2.5,,-1.0162,0.2717,0.4512,,,,,
bob,1,28676063,3174,0.0286,0.2804,3.3000000000000003,,-1.0087,0.2718,0.4504,,,,,
bob,1,28676063,3175,0.0238,0.2816,3.46,,-0.9857,0.272,0.4496,,,,,
bob,1,28676063,3176,0.0135,0.3202,3.62,,-1.0148,0.2722,0.4492,,,,,
bob,1,28676063,3177,0.0109,0.2893,3.1,,-1.0127,0.2723,0.4488,,,,,
bob,1,28676063,3178,0.0185,0.2739,3.06,,-1.0221,0.2725,0.4478,,,,,
bob,1,28676063,3179,0.0235,0.3344,3.62,,-1.0167,0.2727,0.4476,,,,,
bob,1,28676063,3180,0.0274,0.3676,3.8600000000000003,,-1.0282,0.2729,0.4476,,,,,
bob,1,28676063,3181,0.0251,0.3141,3.42,,-1.005,0.2731,0.4476,,,,,
bob,1,28676063,3182,0.0217,0.2701,3.56,,-1.0245,0.2732,0.4472,,,,,
bob,1,28676063,3183,0.0141,0.2996,3.46,,-1.013,0.2734,0.4469,,,,,
bob,1,28676063,3184,0.0182,0.2912,3.16,,-1.0238,0.2736,0.4462,,,,,
bob,1,28676063,3185,0.0235,0.3463,3.6799999999999997,,-1.0281,0.2737,0.4463,,,,,
bob,1,28676063,3186,0.0143,0.3674,3.9,,-1.025,0.2739,0.4462,,,,,
bob,1,28676063,3187,0.015,0.3124,4.54,,-1.0251,0.274,0.4464,,,,,
bob,1,28676063,3188,0.0231,0.3418,3.92,,-1.0282,0.2742,0.4462,,,,,
bob,1,28676063,3189,0.0158,0.3122,3.04,,-1.0229,0.2743,0.4455,,,,,
bob,1,28676063,3190,0.0217,0.2796,3.0,,-1.0109,0.2745,0.4448,,,,,
bob,1,28676063,3191,0.02,0.3503,4.16,,-1.0208,0.2747,0.4446,,,,,
bob,1,28676063,3192,0.0176,0.3121,3.64,,-1.0082,0.2748,0.4444,,,,,
bob,1,28676063,3193,0.0248,0.3658,3.54,,-1.0283,0.275,0.444,,,,,
bob,1,28676063,3194,0.0133,0.3114,3.5000000000000004,,-1.0206,0.2751,0.4434,,,,,
bob,1,28676063,3195,0.0226,0.3218,3.58,,-1.0153,0.2753,0.4427,,,,,
bob,1,28676063,3196,0.0131,0.2878,3.6999999999999997,,-1.0151,0.2755,0.4419,,,,,
bob,1,28676063,3197,0.0258,0.2952,3.16,,-1.0151,0.2757,0.4409,,,,,
bob,1,28676063,3198,0.021,0.2844,2.4,,-1.0182,0.2759,0.4398,,,,,
bob,1,28676063,3199,0.0375,0.2739,2.9000000000000004,,-1.0135,0.2761,0.4394,,,,,
bob,1,28676063,3200,0.0266,0.2778,2.8000000000000003,,-1.0066,0.2763,0.4392,,,,,
bob,1,28676063,3201,0.0195,0.2768,2.7,,-1.0068,0.2766,0.4391,,,,,
bob,1,28676063,3202,0.016,0.2745,2.96,,-1.0126,0.2768,0.439,,,,,
bob,1,28676063,3203,0.0203,0.3054,3.08,,-1.0157,0.277,0.4383,,,,,
bob,1,28676063,3204,0.0175,0.3023,3.1399999999999997,,-1.0061,0.2772,0.4373,,,,,
bob,1,28676063,3205,0.0158,0.3274,3.3000000000000003,,-1.0,0.2774,0.4372,,,,,
bob,1,28676063,3206,0.0355,0.3469,3.9,,-1.0007,0.2776,0.4372,,,,,
bob,1,28676063,3207,0.0198,0.2939,4.18,,-1.0142,0.2778,0.4374,,,,,
bob,1,28676063,3208,0.0123,0.3002,3.36,,-1.0266,0.278,0.4373,,,,,
bob,1,28676063,3209,0.0155,0.333,3.7800000000000002,,-1.0145,0.2781,0.4367,,,,,
bob,1,28676063,3210,0.0122,0.2983,3.66,,-1.0213,0.2783,0.4365,,,,,
bob,1,28676063,3211,0.01,0.3608,3.4799999999999995,,-1.0125,0.2785,0.4369,,,,,
bob,1,28676063,3212,0.0285,0.3633,4.26,,-1.018,0.2786,0.4373,,,,,
bob,1,28676063,3213,0.0113,0.2802,3.58,,-1.0086,0.2788,0.4371,,,,,
bob,1,28676063,3214,0.0088,0.3245,4.34,,-1.0169,0.2789,0.4371,,,,,
bob,1,28676063,3215,0.0098,0.3667,5.0200000000000005,,-1.0186,0.279,0.4377,,,,,
bob,1,28676063,3216,0.0176,0.3136,3.64,,-1.0096,0.2791,0.4375,,,,,
bob,1,28676063,3217,0.0303,0.3164,4.26,,-1.0266,0.2792,0.4372,,,,,
bob,1,28676063,3218,0.0174,0.3635,3.62,,-1.0204,0.2794,0.4367,,,,,
bob,1,28676063,3219,0.0113,0.3535,4.0,,-1.0253,0.2795,0.4366,,,,,
bob,1,28676063,3220,0.0259,0.3302,3.32,,-1.0196,0.2796,0.4363,,,,,
bob,1,28676063,3221,0.0213,0.3262,3.5000000000000004,,-0.9994,0.2797,0.4364,,,,,
bob,1,28676063,3222,0.0262,0.3687,4.62,,-1.0086,0.2798,0.4365,,,,,
bob,1,28676063,3223,0.0211,0.3213,3.1399999999999997,,-1.0145,0.2799,0.4362,,,,,
bob,1,28676063,3224,0.0173,0.3105,3.26,,-1.0206,0.28,0.4357,,,,,
bob,1,28676063,3225,0.0193,0.2811,3.2,,-1.0197,0.2801,0.4356,,,,,
bob,1,28676063,3226,0.0212,0.3526,3.7199999999999998,,-1.0173,0.2802,0.4356,,,,,
bob,1,28676063,3227,0.0121,0.2837,3.04,,-0.9993,0.2803,0.4358,,,,,
bob,1,28676063,3228,0.0193,0.3701,3.34,,-1.0022,0.2804,0.4357,,,,,
bob,1,28676063,3229,0.0187,0.3183,3.2399999999999998,,-1.0032,0.2805,0.4352,,,,,
bob,1,28676063,3230,0.03,0.2868,4.1000000000000005,,-1.0154,0.2806,0.4349,,,,,
bob,1,28676063,3231,0.0149,0.3029,2.96,,-1.0216,0.2807,0.4342,,,,,
bob,1,28676063,3232,0.0328,0.3297,3.56,,-1.0149,0.2808,0.434,,,,,
bob,1,28676063,3233,0.026,0.3186,4.24,,-1.016,0.281,0.4342,,,,,
bob,1,28676063,3234,0.0218,0.3481,3.92,,-1.0132,0.2811,0.4339,,,,,
bob,1,28676063,3235,0.0272,0.3253,3.84,,-1.0088,0.2812,0.4341,,,,,
bob,1,28676063,3236,0.0219,0.3561,4.26,,-1.0207,0.2812,0.4345,,,,,
bob,1,28676063,3237,0.0203,0.3312,3.9,,-1.0168,0.2813,0.4342,,,,,
bob,1,28676063,3238,0.0221,0.2826,3.62,,-1.0201,0.2814,0.4341,,,,,
bob,1,28676063,3239,0.0149,0.3005,3.2399999999999998,,-1.0177,0.2815,0.434,,,,,
bob,1,28676063,3240,0.0168,0.3331,3.7199999999999998,,-1.0165,0.2816,0.4339,,,,,
bob,1,28676063,3241,0.0189,0.3367,3.8600000000000003,,-0.9978,0.2816,0.4338,,,,,
bob,1,28676063,3242,0.0529,0.336,3.54,,-0.999,0.2817,0.4334,,,,,
bob,1,28676063,3243,0.0381,0.3105,3.34,,-1.0063,0.2818,0.4336,,,,,
bob,1,28676063,3244,0.0366,0.355,4.3999999999999995,,-1.0151,0.2819,0.4337,,,,,
bob,1,28676063,3245,0.0318,0.2928,3.2399999999999998,,-1.0155,0.2819,0.4333,,,,,
bob,1,28676063,3246,0.0237,0.3422,3.1399999999999997,,-1.0091,0.282,0.433,,,,,
bob,1,28676063,3247,0.0247,0.3142,4.02,,-1.0083,0.2821,0.4329,,,,,
bob,1,28676063,3248,0.0251,0.3219,4.66,,-1.0272,0.2821,0.4334,,,,,
bob,1,28676063,3249,0.0523,0.3405,3.6799999999999997,,-0.9842,0.2822,0.4336,,,,,
bob,1,28676063,3250,0.0095,0.3831,3.82,,-0.9925,0.2822,0.4337,,,,,
bob,1,28676063,3251,0.0067,0.3604,3.3000000000000003,,-1.0136,0.2823,0.4336,,,,,
bob,1,28676063,3252,0.0141,0.3836,3.58,,-1.0071,0.2823,0.4337,,,,,
bob,1,28676063,3253,0.0258,0.374,4.859999999999999,,-0.999,0.2824,0.4337,,,,,
bob,1,28676063,3254,0.0239,0.3966,4.9399999999999995,,-1.0156,0.2824,0.4337,,,,,
bob,1,28676063,3255,0.0137,0.3769,3.8,,-1.0198,0.2825,0.4336,,,,,
bob,1,28676063,3256,0.0158,0.3296,3.34,,-1.0149,0.2825,0.4337,,,,,
bob,1,28676063,3257,0.0157,0.2919,3.66,,-1.0086,0.2825,0.4337,,,,,
bob,1,28676063,3258,0.0121,0.3039,3.36,,-0.9986,0.2826,0.4338,,,,,
bob,1,28676063,3259,0.0256,0.2801,3.32,,-1.0186,0.2826,0.4335,,,,,
bob,1,28676063,3260,0.0148,0.2683,3.34,,-1.0039,0.2826,0.4331,,,,,
bob,1,28676063,3261,0.0184,0.2936,3.02,,-1.0145,0.2827,0.433,,,,,
bob,1,28676063,3262,0.0217,0.2626,2.78,,-1.0173,0.2827,0.4325,,,,,
bob,1,28676063,3263,0.0285,0.3083,3.18,,-1.0147,0.2828,0.4322,,,,,
bob,1,28676063,3264,0.0504,0.3548,3.5999999999999996,,-1.0147,0.2829,0.4319,,,,,
bob,1,28676063,3265,0.0408,0.3598,4.5,,-1.0217,0.2829,0.4321,,,,,
bob,1,28676063,3266,0.0174,0.2878,3.8600000000000003,,-1.0138,0.283,0.4321,,,,,
bob,1,28676063,3267,0.0196,0.3589,2.64,,-1.0262,0.283,0.4312,,,,,
bob,1,28676063,3268,0.0227,0.2968,3.2399999999999998,,-1.0337,0.2831,0.4307,,,,,
bob,1,28676063,3269,0.0298,0.2945,3.26,,-1.0302,0.2832,0.4304,,,,,
bob,1,28676063,3270,0.0179,0.3149,2.76,,-1.0213,0.2833,0.4296,,,,,
bob,1,28676063,3271,0.0251,0.2976,2.82,,-1.0176,0.2834,0.429,,,,,
bob,1,28676063,3272,0.0119,0.2563,3.0,,-1.0235,0.2835,0.4285,,,,,
bob,1,28676063,3273,0.0167,0.2585,3.2800000000000002,,-1.009,0.2836,0.4279,,,,,
bob,1,28676063,3274,0.013,0.3114,3.1199999999999997,,-1.0246,0.2838,0.4277,,,,,
bob,1,28676063,3275,0.0532,0.3459,3.84,,-0.9843,0.2839,0.4279,,,,,
bob,1,28676063,3276,0.025,0.2896,3.6999999999999997,,-0.9954,0.284,0.428,,,,,
bob,1,28676063,3277,0.0205,0.3004,3.16,,-0.9962,0.2841,0.4278,,,,,
bob,1,28676063,3278,0.0157,0.3806,3.6799999999999997,,-1.0027,0.2842,0.4279,,,,,
bob,1,28676063,3279,0.018,0.2981,3.44,,-1.017,0.2843,0.4279,,,,,
bob,1,28676063,3280,0.0179,0.3666,4.0,,-1.0028,0.2844,0.4277,,,,,
bob,1,28676063,3281,0.0619,0.2418,2.9000000000000004,,-1.0162,0.2845,0.4268,,,,,
bob,1,28676063,3282,0.0247,0.3059,2.98,,-1.0177,0.2846,0.426,,,,,
bob,1,28676063,3283,0.0185,0.364,3.56,,-1.0228,0.2847,0.4258,,,,,
bob,1,28676063,3284,0.0164,0.266,2.9000000000000004,,-1.0205,0.2849,0.425,,,,,
bob,1,28676063,3285,0.0219,0.3519,3.84,,-1.0272,0.285,0.4249,,,,,
bob,1,28676063,3286,0.0125,0.2954,3.38,,-1.0269,0.2852,0.4244,,,,,
bob,1,28676063,3287,0.0222,0.2985,2.78,,-1.0278,0.2853,0.4238,,,,,
bob,1,28676063,3288,0.0254,0.3327,3.7600000000000002,,-1.0204,0.2854,0.4234,,,,,
bob,1,28676063,3289,0.0198,0.3365,3.9600000000000004,,-1.0142,0.2856,0.4232,,,,,
bob,1,28676063,3290,0.0163,0.3576,4.8,,-1.0135,0.2857,0.4235,,,,,
bob,1,28676063,3291,0.0141,0.3491,4.3,,-1.0219,0.2859,0.4234,,,,,
bob,1,28676063,3292,0.014,0.3433,3.64,,-1.0183,0.286,0.4229,,,,,
bob,1,28676063,3293,0.0132,0.3404,4.82,,-0.9998,0.2861,0.4228,,,,,
bob,1,28676063,3294,0.0175,0.3367,4.3999999999999995,,-1.0157,0.2863,0.4227,,,,,
bob,1,28676063,3295,0.0224,0.3424,3.82,,-1.018,0.2864,0.423,,,,,
bob,1,28676063,3296,0.018,0.3047,3.18,,-1.0154,0.2865,0.4231,,,,,
bob,1,28676063,3297,0.0202,0.3097,3.2800000000000002,,-1.0168,0.2866,0.4232,,,,,
bob,1,28676063,3298,0.0128,0.2973,3.5000000000000004,,-1.0133,0.2867,0.423,,,,,
bob,1,28676063,3299,0.0127,0.3347,3.4799999999999995,,-1.0172,0.2868,0.4225,,,,,
bob,1,28676063,3300,0.0194,0.4027,3.9600000000000004,,-1.0212,0.2869,0.4223,,,,,
bob,1,28676063,3301,0.019,0.3628,4.16,,-1.0161,0.287,0.4221,,,,,
bob,1,28676063,3302,0.0185,0.3116,4.06,,-1.0208,0.2871,0.4215,,,,,
bob,1,28676063,3303,0.0223,0.3152,4.22,,-1.0149,0.2872,0.4212,,,,,
bob,1,28676063,3304,0.0143,0.3107,4.06,,-1.0081,0.2873,0.4209,,,,,
bob,1,28676063,3305,0.0162,0.3214,3.82,,-1.023,0.2874,0.4211,,,,,
bob,1,28676063,3306,0.0237,0.3301,3.56,,-1.0198,0.2875,0.4212,,,,,
bob,1,28676063,3307,0.0164,0.3075,3.3000000000000003,,-1.0266,0.2876,0.421,,,,,
bob,1,28676063,3308,0.0128,0.3279,3.7199999999999998,,-1.0285,0.2877,0.421,,,,,
bob,1,28676063,3309,0.0166,0.3508,3.74,,-1.0085,0.2878,0.4208,,,,,
bob,1,28676063,3310,0.0168,0.3514,3.94,,-1.0165,0.2879,0.4208,,,,,
bob,1,28676063,3311,0.0331,0.3601,3.5000000000000004,,-0.9975,0.288,0.4208,,,,,
bob,1,28676063,3312,0.0093,0.3603,4.12,,-0.9999,0.2881,0.4211,,,,,
bob,1,28676063,3313,0.0098,0.2801,3.36,,-1.0126,0.2881,0.4206,,,,,
bob,1,28676063,3314,0.0122,0.3304,3.9600000000000004,,-1.0162,0.2882,0.4203,,,,,
bob,1,28676063,3315,0.0189,0.3666,4.52,,-1.0076,0.2883,0.4203,,,,,
bob,1,28676063,3316,0.0177,0.345,3.2199999999999998,,-1.0207,0.2884,0.4201,,,,,
bob,1,28676063,3317,0.0072,0.3299,3.7600000000000002,,-1.0138,0.2885,0.4201,,,,,
bob,1,28676063,3318,0.0155,0.3432,4.42,,-1.0124,0.2885,0.4204,,,,,
bob,1,28676063,3319,0.0163,0.337,4.34,,-1.0193,0.2886,0.4206,,,,,
bob,1,28676063,3320,0.0169,0.3088,3.74,,-1.0056,0.2886,0.4205,,,,,
bob,1,28676063,3321,0.0244,0.3687,4.12,,-1.0073,0.2887,0.4205,,,,,
bob,1,28676063,3322,0.0102,0.3187,3.3000000000000003,,-1.0125,0.2888,0.4201,,,,,
bob,1,28676063,3323,0.013,0.3372,3.74,,-1.0185,0.2888,0.4197,,,,,
bob,1,28676063,3324,0.0175,0.3702,3.52,,-1.0193,0.2889,0.4191,,,,,
bob,1,28676063,3325,0.008,0.373,3.9,,-1.0038,0.289,0.4187,,,,,
bob,1,28676063,3326,0.0101,0.3025,3.32,,-0.9966,0.2891,0.4178,,,,,
bob,1,28676063,3327,0.0175,0.3534,3.84,,-1.013,0.2892,0.4176,,,,,
bob,1,28676063,3328,0.0183,0.3568,3.7800000000000002,,-1.0074,0.2893,0.4177,,,,,
bob,1,28676063,3329,0.0191,0.3125,4.2,,-1.0285,0.2894,0.4182,,,,,
bob,1,28676063,3330,0.0091,0.3148,3.64,,-1.0235,0.2895,0.4182,,,,,
bob,1,28676063,3331,0.0122,0.352,3.62,,-1.0119,0.2895,0.4181,,,,,
bob,1,28676063,3332,0.0116,0.3989,4.279999999999999,,-1.0155,0.2896,0.4188,,,,,
bob,1,28676063,3333,0.0332,0.2989,3.7600000000000002,,-1.0174,0.2896,0.4189,,,,,
bob,1,28676063,3334,0.0284,0.3587,3.84,,-0.9986,0.2897,0.4186,,,,,
bob,1,28676063,3335,0.0098,0.3647,4.54,,-1.0225,0.2897,0.4189,,,,,
bob,1,28676063,3336,0.0047,0.3055,3.46,,-1.0029,0.2898,0.4189,,,,,
bob,1,28676063,3337,0.0127,0.3794,4.18,,-1.02,0.2898,0.4194,,,,,
bob,1,28676063,3338,0.0142,0.3721,4.64,,-1.0076,0.2898,0.4195,,,,,
bob,1,28676063,3339,0.021,0.3383,3.56,,-1.0009,0.2898,0.4196,,,,,
bob,1,28676063,3340,0.0244,0.3631,3.52,,-1.0206,0.2899,0.4198,,,,,
bob,1,28676063,3341,0.0218,0.3601,3.84,,-0.9988,0.2899,0.4196,,,,,
bob,1,28676063,3342,0.0312,0.3912,4.3999999999999995,,-0.9849,0.2899,0.4196,,,,,
bob,1,28676063,3343,0.0223,0.3975,4.3999999999999995,,-1.008,0.2899,0.4199,,,,,
bob,1,28676063,3344,0.015,0.3217,3.7600000000000002,,-1.0073,0.2899,0.4199,,,,,
bob,1,28676063,3345,0.0152,0.3547,4.3999999999999995,,-1.0119,0.2899,0.4197,,,,,
bob,1,28676063,3346,0.0163,0.3589,3.7800000000000002,,-1.0056,0.2899,0.4194,,,,,
bob,1,28676063,3347,0.022,0.3566,3.2399999999999998,,-1.0076,0.29,0.4188,,,,,
bob,1,28676063,3348,0.0172,0.3178,3.32,,-1.002,0.29,0.4182,,,,,
bob,1,28676063,3349,0.022,0.3046,3.46,,-1.003,0.2901,0.4181,,,,,
bob,1,28676063,3350,0.0123,0.3381,3.54,,-0.9909,0.2901,0.4181,,,,,
bob,1,28676063,3351,0.0096,0.3844,4.64,,-1.012,0.2901,0.4188,,,,,
bob,1,28676063,3352,0.0182,0.3338,3.56,,-0.9986,0.2902,0.4188,,,,,
bob,1,28676063,3353,0.0158,0.3537,3.84,,-1.0092,0.2902,0.419,,,,,
bob,1,28676063,3354,0.0147,0.4092,4.0,,-1.0149,0.2902,0.4192,,,,,
bob,1,28676063,3355,0.0051,0.4263,4.62,,-1.0007,0.2902,0.4193,,,,,
bob,1,28676063,3356,0.0167,0.4404,4.9799999999999995,,-1.0056,0.2902,0.42,,,,,
bob,1,28676063,3357,0.0184,0.4855,4.9,,-1.0029,0.2902,0.4207,,,,,
bob,1,28676063,3358,0.0223,0.4432,4.64,,-1.0102,0.2901,0.4211,,,,,
bob,1,28676063,3359,0.0174,0.4343,4.7,,-1.0123,0.2901,0.4213,,,,,
bob,1,28676063,3360,0.019,0.4582,4.22,,-1.0251,0.29,0.4214,,,,,
bob,1,28676063,3361,0.0136,0.4236,4.14,,-1.0293,0.29,0.4216,,,,,
bob,1,28676063,3362,0.0137,0.2966,2.76,,-1.0187,0.29,0.4209,,,,,
bob,1,28676063,3363,0.0167,0.3527,2.56,,-1.0143,0.29,0.4201,,,,,
bob,1,28676063,3364,0.0127,0.2924,2.74,,-1.0263,0.29,0.4198,,,,,
bob,1,28676063,3365,0.0147,0.3841,3.32,,-1.0119,0.29,0.4198,,,,,
bob,1,28676063,3366,0.0142,0.3574,4.9,,-1.0131,0.29,0.4206,,,,,
bob,1,28676063,3367,0.0169,0.4268,5.0200000000000005,,-1.0085,0.2899,0.4217,,,,,
bob,1,28676063,3368,0.0269,0.4148,5.140000000000001,,-0.9994,0.2899,0.4226,,,,,
bob,1,28676063,3369,0.0164,0.4589,4.5,,-1.0221,0.2898,0.4234,,,,,
bob,1,28676063,3370,0.0159,0.4068,4.58,,-1.0134,0.2897,0.4239,,,,,
bob,1,28676063,3371,0.0128,0.4414,4.04,,-1.0292,0.2896,0.4243,,,,,
bob,1,28676063,3372,0.0185,0.4548,5.12,,-1.0151,0.2895,0.4252,,,,,
bob,1,28676063,3373,0.0153,0.4031,4.62,,-1.0259,0.2894,0.4262,,,,,
bob,1,28676063,3374,0.0152,0.382,3.58,,-1.0134,0.2892,0.4264,,,,,
bob,1,28676063,3375,0.0168,0.2919,4.06,,-1.0044,0.2891,0.4265,,,,,
bob,1,28676063,3376,0.009,0.3949,4.84,,-1.0212,0.289,0.4271,,,,,
bob,1,28676063,3377,0.0028,0.359,4.78,,-1.0119,0.2888,0.4278,,,,,
bob,1,28676063,3378,0.021,0.3993,4.859999999999999,,-1.0078,0.2887,0.4287,,,,,
bob,1,28676063,3379,0.0198,0.4096,4.46,,-0.9932,0.2885,0.429,,,,,
bob,1,28676063,3380,0.0125,0.4176,4.42,,-1.0116,0.2884,0.4292,,,,,
bob,1,28676063,3381,0.0158,0.3941,4.12,,-1.0053,0.2882,0.4295,,,,,
bob,1,28676063,3382,0.0147,0.4743,5.74,,-1.0218,0.288,0.4304,,,,,
bob,1,28676063,3383,0.0098,0.4886,5.2,,-1.0193,0.2879,0.4311,,,,,
bob,1,28676063,3384,0.0205,0.4511,4.92,,-1.0068,0.2877,0.4319,,,,,
bob,1,28676063,3385,0.0159,0.4777,5.06,,-1.0224,0.2875,0.4325,,,,,
bob,1,28676063,3386,0.0173,0.4799,5.12,,-1.0048,0.2873,0.433,,,,,
bob,1,28676063,3387,0.0176,0.4057,4.14,,-1.021,0.2871,0.4328,,,,,
bob,1,28676063,3388,0.0184,0.4212,4.08,,-1.0193,0.2869,0.4328,,,,,
bob,1,28676063,3389,0.018,0.4492,5.2,,-1.013,0.2867,0.4338,,,,,
bob,1,28676063,3390,0.0138,0.474,4.96,,-1.0136,0.2865,0.4346,,,,,
bob,1,28676063,3391,0.0175,0.4633,4.74,,-1.0175,0.2863,0.4349,,,,,
bob,1,28676063,3392,0.0149,0.4855,4.9399999999999995,,-1.0173,0.2861,0.4354,,,,,
bob,1,28676063,3393,0.0069,0.4609,5.220000000000001,,-1.0068,0.2859,0.4361,,,,,
bob,1,28676063,3394,0.0137,0.4033,4.12,,-1.0179,0.2857,0.4363,,,,,
bob,1,28676063,3395,0.0225,0.549,4.88,,-1.0219,0.2855,0.4369,,,,,
bob,1,28676063,3396,0.0144,0.4077,5.140000000000001,,-1.0211,0.2853,0.4375,,,,,
bob,1,28676063,3397,0.0097,0.4681,5.8999999999999995,,-1.0061,0.2851,0.4386,,,,,
bob,1,28676063,3398,0.0194,0.5226,5.56,,-1.0202,0.2848,0.4401,,,,,
bob,1,28676063,3399,0.0159,0.4726,4.279999999999999,,-1.0116,0.2845,0.4409,,,,,
bob,1,28676063,3400,0.0065,0.3292,2.92,,-1.0216,0.2843,0.4409,,,,,
bob,1,28676063,3401,0.0179,0.3549,3.66,,-1.0171,0.2841,0.4413,,,,,
bob,1,28676063,3402,0.0084,0.3692,4.12,,-1.016,0.2838,0.4418,,,,,
bob,1,28676063,3403,0.0037,0.3935,5.4,,-1.0097,0.2835,0.4428,,,,,
bob,1,28676063,3404,0.0141,0.4347,4.82,,-1.0207,0.2833,0.4435,,,,,
bob,1,28676063,3405,0.0116,0.4327,4.8,,-1.0078,0.283,0.4441,,,,,
bob,1,28676063,3406,0.0068,0.414,4.78,,-1.015,0.2827,0.4445,,,,,
bob,1,28676063,3407,0.0158,0.4259,4.5,,-1.0006,0.2825,0.4446,,,,,
bob,1,28676063,3408,0.0066,0.3932,4.9,,-1.0221,0.2822,0.4452,,,,,
bob,1,28676063,3409,0.01,0.4441,4.84,,-1.0137,0.282,0.4458,,,,,
bob,1,28676063,3410,0.0079,0.4814,4.96,,-1.0133,0.2817,0.4464,,,,,
bob,1,28676063,3411,0.0232,0.4476,4.66,,-1.0102,0.2815,0.4469,,,,,
bob,1,28676063,3412,0.01,0.3756,4.64,,-1.0183,0.2812,0.4471,,,,,
bob,1,28676063,3413,0.0245,0.4655,4.7,,-1.0129,0.281,0.4475,,,,,
bob,1,28676063,3414,0.0164,0.423,4.32,,-1.0092,0.2807,0.4476,,,,,
bob,1,28676063,3415,0.0118,0.4336,5.06,,-1.0047,0.2805,0.4476,,,,,
bob,1,28676063,3416,0.0195,0.4016,4.58,,-1.0138,0.2803,0.448,,,,,
bob,1,28676063,3417,0.014,0.3508,3.9600000000000004,,-1.0178,0.2801,0.4479,,,,,
bob,1,28676063,3418,0.0236,0.4262,4.9799999999999995,,-1.0224,0.2799,0.4485,,,,,
bob,1,28676063,3419,0.0227,0.4324,4.88,,-1.0142,0.2796,0.4488,,,,,
bob,1,28676063,3420,0.0147,0.4277,3.9800000000000004,,-1.0143,0.2794,0.4492,,,,,
bob,1,28676063,3421,0.0185,0.4034,3.92,,-1.0171,0.2792,0.4493,,,,,
bob,1,28676063,3422,0.0116,0.4532,5.42,,-1.0132,0.279,0.4496,,,,,
bob,1,28676063,3423,0.0215,0.4461,4.859999999999999,,-1.0121,0.2788,0.4503,,,,,
bob,1,28676063,3424,0.0376,0.4459,4.2,,-0.9983,0.2786,0.4508,,,,,
bob,1,28676063,3425,0.0243,0.3891,4.26,,-1.0037,0.2784,0.4512,,,,,
bob,1,28676063,3426,0.0328,0.4488,4.78,,-1.0131,0.2782,0.4517,,,,,
bob,1,28676063,3427,0.0171,0.4709,4.760000000000001,,-1.0091,0.278,0.4524,,,,,
bob,1,28676063,3428,0.0191,0.4159,4.9799999999999995,,-1.0122,0.2777,0.4531,,,,,
bob,1,28676063,3429,0.0197,0.4048,4.88,,-1.0176,0.2775,0.4538,,,,,
bob,1,28676063,3430,0.0265,0.4044,4.16,,-1.0192,0.2773,0.4539,,,,,
bob,1,28676063,3431,0.0106,0.3566,3.62,,-1.0173,0.2771,0.4542,,,,,
bob,1,28676063,3432,0.0226,0.4857,4.92,,-1.0183,0.2768,0.4548,,,,,
bob,1,28676063,3433,0.0207,0.4056,4.88,,-1.0085,0.2766,0.4551,,,,,
bob,1,28676063,3434,0.0222,0.4499,5.24,,-1.0039,0.2764,0.4556,,,,,
bob,1,28676063,3435,0.0218,0.4183,5.0200000000000005,,-1.0104,0.2762,0.4561,,,,,
bob,1,28676063,3436,0.0192,0.4421,4.06,,-0.9954,0.276,0.4561,,,,,
bob,1,28676063,3437,0.026,0.3955,4.04,,-0.9921,0.2758,0.4561,,,,,
bob,1,28676063,3438,0.0142,0.4511,4.9799999999999995,,-1.0027,0.2756,0.4567,,,,,
bob,1,28676063,3439,0.0246,0.4495,4.82,,-1.0141,0.2753,0.4574,,,,,
bob,1,28676063,3440,0.0185,0.4748,5.48,,-1.0079,0.2751,0.4581,,,,,
bob,1,28676063,3441,0.0145,0.4228,5.3,,-1.0046,0.2749,0.4587,,,,,
bob,1,28676063,3442,0.0192,0.4473,5.680000000000001,,-0.993,0.2747,0.4595,,,,,
bob,1,28676063,3443,0.0193,0.4316,5.36,,-1.0127,0.2744,0.4604,,,,,
bob,1,28676063,3444,0.0138,0.4652,5.56,,-1.0121,0.2742,0.4609,,,,,
bob,1,28676063,3445,0.0224,0.4495,5.140000000000001,,-1.0186,0.2739,0.4617,,,,,
bob,1,28676063,3446,0.0193,0.4466,5.76,,-1.0274,0.2737,0.4628,,,,,
bob,1,28676063,3447,0.0153,0.4788,5.7,,-1.0118,0.2734,0.4635,,,,,
bob,1,28676063,3448,0.0137,0.4521,5.0,,-1.0188,0.2731,0.4636,,,,,
bob,1,28676063,3449,0.0181,0.5017,5.86,,-1.0152,0.2729,0.4643,,,,,
bob,1,28676063,3450,0.009,0.4166,5.3,,-1.0172,0.2726,0.465,,,,,
bob,1,28676063,3451,0.0148,0.3901,5.86,,-1.0164,0.2723,0.466,,,,,
bob,1,28676063,3452,0.0068,0.4332,6.08,,-1.0197,0.272,0.4669,,,,,
bob,1,28676063,3453,0.01,0.4611,5.48,,-1.022,0.2718,0.4672,,,,,
bob,1,28676063,3454,0.0138,0.4757,5.66,,-1.0109,0.2715,0.4675,,,,,
bob,1,28676063,3455,0.0207,0.4274,5.26,,-1.0209,0.2712,0.468,,,,,
bob,1,28676063,3456,0.0204,0.4668,6.4399999999999995,,-1.0247,0.2709,0.4691,,,,,
bob,1,28676063,3457,0.0307,0.4684,6.239999999999999,,-1.023,0.2706,0.4702,,,,,
bob,1,28676063,3458,0.0202,0.437,6.7,,-1.0212,0.2703,0.4714,,,,,
bob,1,28676063,3459,0.0228,0.4519,5.48,,-1.0195,0.27,0.4723,,,,,
bob,1,28676063,3460,0.0131,0.4597,6.34,,-1.0238,0.2696,0.4736,,,,,
bob,1,28676063,3461,0.0153,0.4879,5.84,,-1.0218,0.2693,0.4748,,,,,
bob,1,28676063,3462,0.0134,0.4498,5.82,,-1.0167,0.2689,0.476,,,,,
bob,1,28676063,3463,0.0103,0.4913,6.140000000000001,,-1.0188,0.2685,0.4772,,,,,
bob,1,28676063,3464,0.0165,0.4439,5.220000000000001,,-1.021,0.2682,0.478,,,,,
bob,1,28676063,3465,0.0218,0.4173,4.4799999999999995,,-1.0254,0.2678,0.478,,,,,
bob,1,28676063,3466,0.0184,0.4238,4.36,,-1.0265,0.2675,0.4781,,,,,
bob,1,28676063,3467,0.0184,0.4318,4.68,,-1.0172,0.2671,0.479,,,,,
bob,1,28676063,3468,0.0217,0.3996,5.1,,-1.0258,0.2668,0.4798,,,,,
bob,1,28676063,3469,0.0121,0.4667,6.0600000000000005,,-1.005,0.2664,0.4808,,,,,
bob,1,28676063,3470,0.0166,0.4944,5.94,,-1.0256,0.266,0.4822,,,,,
bob,1,28676063,3471,0.018,0.3939,6.0600000000000005,,-1.0067,0.2656,0.4836,,,,,
bob,1,28676063,3472,0.0127,0.4467,5.319999999999999,,-1.0144,0.2652,0.4845,,,,,
bob,1,28676063,3473,0.028,0.4314,5.42,,-1.0197,0.2648,0.4857,,,,,
bob,1,28676063,3474,0.0247,0.4176,5.04,,-1.0037,0.2644,0.4865,,,,,
bob,1,28676063,3475,0.0236,0.4228,6.12,,-1.0154,0.264,0.4872,,,,,
bob,1,28676063,3476,0.0308,0.4554,5.92,,-0.9899,0.2636,0.4879,,,,,
bob,1,28676063,3477,0.0323,0.5376,5.34,,-0.9922,0.2632,0.4889,,,,,
bob,1,28676063,3478,0.0315,0.5009,4.859999999999999,,-1.0064,0.2628,0.4895,,,,,
bob,1,28676063,3479,0.0196,0.4852,4.62,,-1.0075,0.2624,0.49,,,,,
bob,1,28676063,3480,0.0229,0.3877,3.84,,-1.0166,0.2621,0.4899,,,,,
bob,1,28676063,3481,0.0302,0.3995,4.14,,-1.0141,0.2617,0.4905,,,,,
bob,1,28676063,3482,0.0141,0.4554,4.88,,-1.0243,0.2613,0.4913,,,,,
bob,1,28676063,3483,0.0182,0.4724,5.680000000000001,,-1.0198,0.261,0.4921,,,,,
bob,1,28676063,3484,0.0248,0.4593,4.5600000000000005,,-1.0115,0.2606,0.4929,,,,,
bob,1,28676063,3485,0.0342,0.4239,4.3,,-1.0127,0.2602,0.4931,,,,,
bob,1,28676063,3486,0.0118,0.4701,4.88,,-1.0228,0.2599,0.4937,,,,,
bob,1,28676063,3487,0.0289,0.4257,4.9,,-1.0209,0.2595,0.4946,,,,,
bob,1,28676063,3488,0.031,0.4238,4.859999999999999,,-1.0147,0.2592,0.4951,,,,,
bob,1,28676063,3489,0.0147,0.4323,5.0,,-1.0135,0.2588,0.4956,,,,,
bob,1,28676063,3490,0.0154,0.4309,6.02,,-1.0147,0.2585,0.4961,,,,,
bob,1,28676063,3491,0.0213,0.4863,5.26,,-1.0167,0.2581,0.4963,,,,,
bob,1,28676063,3492,0.0161,0.4648,5.680000000000001,,-1.0187,0.2578,0.4971,,,,,
bob,1,28676063,3493,0.0144,0.5099,5.800000000000001,,-1.0261,0.2575,0.4975,,,,,
bob,1,28676063,3494,0.0186,0.4565,5.76,,-1.0162,0.2572,0.498,,,,,
bob,1,28676063,3495,0.0179,0.4872,5.82,,-1.0196,0.2568,0.4987,,,,,
bob,1,28676063,3496,0.0115,0.4598,5.36,,-1.0163,0.2565,0.4996,,,,,
bob,1,28676063,3497,0.0135,0.4468,6.260000000000001,,-1.0244,0.2562,0.5008,,,,,
bob,1,28676063,3498,0.0273,0.4337,5.62,,-1.0203,0.2558,0.5016,,,,,
bob,1,28676063,3499,0.0157,0.3934,5.0200000000000005,,-1.017,0.2555,0.5023,,,,,
bob,1,28676063,3500,0.0247,0.3584,4.26,,-1.001,0.2551,0.5024,,,,,
bob,1,28676063,3501,0.0241,0.3882,4.06,,-1.0098,0.2548,0.5024,,,,,
bob,1,28676063,3502,0.0145,0.3758,4.42,,-1.0094,0.2545,0.5026,,,,,
bob,1,28676063,3503,0.0182,0.361,3.84,,-1.0148,0.2542,0.5023,,,,,
bob,1,28676063,3504,0.0134,0.3643,5.28,,-1.004,0.2539,0.5028,,,,,
bob,1,28676063,3505,0.0216,0.3915,4.6,,-1.0085,0.2537,0.5031,,,,,
bob,1,28676063,3506,0.0215,0.4349,5.140000000000001,,-1.0249,0.2534,0.5038,,,,,
bob,1,28676063,3507,0.0146,0.3673,4.64,,-1.0193,0.2531,0.5043,,,,,
bob,1,28676063,3508,0.0118,0.3853,5.52,,-1.017,0.2528,0.5051,,,,,
bob,1,28676063,3509,0.0099,0.3591,5.36,,-1.0258,0.2525,0.5058,,,,,
bob,1,28676063,3510,0.0202,0.4437,5.62,,-1.0202,0.2523,0.5065,,,,,
bob,1,28676063,3511,0.0235,0.4167,5.38,,-1.0247,0.252,0.5073,,,,,
bob,1,28676063,3512,0.015,0.4365,5.38,,-1.0183,0.2517,0.5077,,,,,
bob,1,28676063,3513,0.0093,0.4158,5.7,,-1.0091,0.2514,0.5087,,,,,
bob,1,28676063,3514,0.0371,0.3958,5.3,,-1.006,0.2511,0.5092,,,,,
bob,1,28676063,3515,0.0211,0.4749,4.74,,-0.9942,0.2508,0.5093,,,,,
bob,1,28676063,3516,0.0305,0.4173,4.08,,-0.9947,0.2505,0.5097,,,,,
bob,1,28676063,3517,0.0249,0.3589,3.42,,-1.0069,0.2502,0.5095,,,,,
bob,1,28676063,3518,0.0406,0.3864,4.3999999999999995,,-1.0038,0.25,0.5095,,,,,
bob,1,28676063,3519,0.0139,0.3946,4.38,,-0.9997,0.2498,0.5095,,,,,
bob,1,28676063,3520,0.0185,0.4058,5.4,,-1.003,0.2495,0.5102,,,,,
bob,1,28676063,3521,0.0165,0.3878,4.72,,-1.0028,0.2493,0.5105,,,,,
bob,1,28676063,3522,0.0153,0.4204,5.0200000000000005,,-1.0107,0.249,0.5113,,,,,
bob,1,28676063,3523,0.0133,0.3997,5.34,,-1.0028,0.2488,0.5119,,,,,
bob,1,28676063,3524,0.0137,0.3966,5.84,,-1.0107,0.2485,0.5127,,,,,
bob,1,28676063,3525,0.0255,0.3643,5.06,,-1.0137,0.2483,0.5133,,,,,
bob,1,28676063,3526,0.0221,0.3483,4.18,,-1.0021,0.248,0.5137,,,,,
bob,1,28676063,3527,0.0173,0.4342,4.72,,-1.0161,0.2478,0.5141,,,,,
bob,1,28676063,3528,0.0259,0.3727,4.92,,-1.0073,0.2475,0.5147,,,,,
bob,1,28676063,3529,0.0233,0.3858,5.2,,-1.014,0.2472,0.515,,,,,
bob,1,28676063,3530,0.018,0.4303,5.34,,-1.0097,0.247,0.5157,,,,,
bob,1,28676063,3531,0.0169,0.4431,5.3,,-1.0023,0.2467,0.5164,,,,,
bob,1,28676063,3532,0.0282,0.4141,6.16,,-1.016,0.2465,0.517,,,,,
bob,1,28676063,3533,0.0244,0.4409,6.460000000000001,,-1.0054,0.2462,0.518,,,,,
bob,1,28676063,3534,0.0127,0.4576,6.52,,-1.0087,0.2459,0.5191,,,,,
bob,1,28676063,3535,0.0169,0.4,5.779999999999999,,-1.0139,0.2456,0.5196,,,,,
bob,1,28676063,3536,0.0154,0.4276,5.38,,-1.0136,0.2453,0.5204,,,,,
bob,1,28676063,3537,0.0152,0.4317,6.38,,-1.0126,0.245,0.5211,,,,,
bob,1,28676063,3538,0.018,0.4606,7.22,,-1.0032,0.2447,0.522,,,,,
bob,1,28676063,3539,0.0207,0.4561,5.680000000000001,,-1.0063,0.2444,0.5228,,,,,
bob,1,28676063,3540,0.0146,0.4148,5.92,,-1.0118,0.2441,0.5237,,,,,
bob,1,28676063,3541,0.0259,0.4525,6.419999999999999,,-1.0147,0.2438,0.5246,,,,,
bob,1,28676063,3542,0.0185,0.4409,6.260000000000001,,-1.0085,0.2435,0.5254,,,,,
bob,1,28676063,3543,0.0177,0.4594,5.08,,-1.0162,0.2432,0.5257,,,,,
bob,1,28676063,3544,0.0122,0.4444,5.52,,-1.0061,0.2428,0.5264,,,,,
bob,1,28676063,3545,0.0139,0.4236,5.48,,-1.0137,0.2425,0.5268,,,,,
bob,1,28676063,3546,0.0187,0.4513,5.82,,-1.0122,0.2422,0.5277,,,,,
bob,1,28676063,3547,0.0206,0.4707,5.82,,-1.0147,0.2419,0.5287,,,,,
bob,1,28676063,3548,0.0074,0.4415,5.5,,-1.0177,0.2415,0.5296,,,,,
bob,1,28676063,3549,0.0149,0.4392,5.2,,-1.0096,0.2412,0.5304,,,,,
bob,1,28676063,3550,0.0134,0.3971,5.86,,-1.0202,0.2409,0.5314,,,,,
bob,1,28676063,3551,0.0197,0.4334,5.92,,-1.0133,0.2405,0.5318,,,,,
bob,1,28676063,3552,0.0183,0.4601,6.58,,-1.0146,0.2402,0.5329,,,,,
bob,1,28676063,3553,0.0028,0.4773,6.22,,-1.015,0.2398,0.5338,,,,,
bob,1,28676063,3554,0.0054,0.4147,5.42,,-1.012,0.2395,0.5343,,,,,
bob,1,28676063,3555,0.0214,0.42,5.52,,-1.0044,0.2391,0.5348,,,,,
bob,1,28676063,3556,0.0131,0.4849,5.0200000000000005,,-1.0062,0.2388,0.535,,,,,
bob,1,28676063,3557,0.0113,0.437,5.76,,-1.0019,0.2385,0.5352,,,,,
bob,1,28676063,3558,0.0134,0.4727,6.72,,-1.0126,0.2382,0.5359,,,,,
bob,1,28676063,3559,0.0039,0.4092,4.7,,-1.0116,0.2379,0.536,,,,,
bob,1,28676063,3560,0.0045,0.4295,5.62,,-1.0105,0.2375,0.5365,,,,,
bob,1,28676063,3561,0.0171,0.4491,5.36,,-1.0093,0.2372,0.5369,,,,,
bob,1,28676063,3562,0.0021,0.3476,6.36,,-1.0156,0.2369,0.5384,,,,,
bob,1,28676063,3563,0.0157,0.385,5.72,,-1.0061,0.2366,0.5399,,,,,
bob,1,28676063,3564,0.0031,0.3942,5.12,,-1.0043,0.2362,0.5409,,,,,
bob,1,28676063,3565,0.0073,0.4175,5.96,,-1.0029,0.2359,0.5418,,,,,
bob,1,28676063,3566,0.0102,0.4099,6.36,,-1.003,0.2355,0.5424,,,,,
bob,1,28676063,3567,0.011,0.4233,6.6000000000000005,,-1.0079,0.2352,0.5429,,,,,
bob,1,28676063,3568,0.0121,0.4779,7.1,,-1.0088,0.2348,0.5436,,,,,
bob,1,28676063,3569,0.0189,0.4029,7.22,,-1.0044,0.2345,0.5443,,,,,
bob,1,28676063,3570,0.0077,0.3772,6.619999999999999,,-1.0141,0.2341,0.545,,,,,
bob,1,28676063,3571,0.0074,0.3983,6.16,,-1.0076,0.2338,0.546,,,,,
bob,1,28676063,3572,0.0053,0.3856,6.08,,-1.0099,0.2334,0.5463,,,,,
bob,1,28676063,3573,0.0046,0.4331,6.4399999999999995,,-1.0076,0.2331,0.5469,,,,,
bob,1,28676063,3574,0.0148,0.448,6.460000000000001,,-1.0083,0.2327,0.5479,,,,,
bob,1,28676063,3575,0.0103,0.4646,6.4799999999999995,,-1.0081,0.2324,0.549,,,,,
bob,1,28676063,3576,0.0031,0.4212,6.16,,-1.017,0.232,0.5493,,,,,
bob,1,28676063,3577,0.0118,0.4888,7.06,,-1.0141,0.2317,0.5501,,,,,
bob,1,28676063,3578,0.013,0.4124,6.88,,-1.0095,0.2313,0.5507,,,,,
bob,1,28676063,3579,0.0077,0.4791,6.2,,-1.0106,0.231,0.5514,,,,,
bob,1,28676063,3580,0.0129,0.4182,5.6000000000000005,,-1.0108,0.2306,0.5518,,,,,
bob,1,28676063,3581,0.0151,0.3533,6.6000000000000005,,-1.0138,0.2303,0.5527,,,,,
bob,1,28676063,3582,0.0049,0.3774,6.02,,-1.01,0.2299,0.5528,,,,,
bob,1,28676063,3583,0.012,0.4357,5.4,,-1.0169,0.2296,0.5529,,,,,
bob,1,28676063,3584,0.0129,0.4629,6.3,,-1.0093,0.2293,0.5533,,,,,
bob,1,28676063,3585,0.0082,0.445,6.78,,-1.0141,0.229,0.5538,,,,,
bob,1,28676063,3586,0.0041,0.421,5.9799999999999995,,-1.0138,0.2287,0.5542,,,,,
bob,1,28676063,3587,0.0008,0.4405,6.959999999999999,,-1.014,0.2284,0.5551,,,,,
bob,1,28676063,3588,0.0082,0.5044,7.380000000000001,,-1.0223,0.2281,0.5563,,,,,
bob,1,28676063,3589,0.016,0.3948,6.18,,-1.0012,0.2277,0.5566,,,,,
bob,1,28676063,3590,0.01,0.4248,6.32,,-0.9945,0.2274,0.5572,,,,,
bob,1,28676063,3591,0.0103,0.3797,5.7,,-1.0118,0.2271,0.5575,,,,,
bob,1,28676063,3592,0.0042,0.4319,6.1,,-1.0058,0.2268,0.5578,,,,,
bob,1,28676063,3593,0.0148,0.4331,6.239999999999999,,-1.0141,0.2265,0.5581,,,,,
bob,1,28676063,3594,0.008,0.4831,6.92,,-1.0101,0.2262,0.5592,,,,,
bob,1,28676063,3595,0.0146,0.4455,6.4799999999999995,,-1.012,0.2259,0.5597,,,,,
bob,1,28676063,3596,0.0139,0.3983,6.2,,-1.0105,0.2256,0.5601,,,,,
bob,1,28676063,3597,0.0207,0.393,5.52,,-1.0122,0.2253,0.5601,,,,,
bob,1,28676063,3598,0.0108,0.3685,5.92,,-1.0126,0.2251,0.56,,,,,
bob,1,28676063,3599,0.0115,0.3933,5.800000000000001,,-1.0033,0.2248,0.5604,,,,,
bob,1,28676063,3600,0.0122,0.4432,5.5,,-1.0066,0.2245,0.5616,,,,,
bob,1,28676063,3601,0.0166,0.3666,4.24,,-1.0044,0.2242,0.5619,,,,,
bob,1,28676063,3602,0.0159,0.427,5.680000000000001,,-1.0071,0.224,0.5624,,,,,
bob,1,28676063,3603,0.005,0.3892,5.72,,-1.0013,0.2237,0.5625,,,,,
bob,1,28676063,3604,0.0095,0.3694,5.58,,-1.0063,0.2234,0.5629,,,,,
bob,1,28676063,3605,0.0071,0.3979,6.4399999999999995,,-1.0085,0.2232,0.5635,,,,,
bob,1,28676063,3606,0.0099,0.4056,6.18,,-1.0147,0.2229,0.5639,,,,,
bob,1,28676063,3607,0.0054,0.4336,6.54,,-1.0007,0.2227,0.5647,,,,,
bob,1,28676063,3608,0.0054,0.4039,6.279999999999999,,-1.012,0.2224,0.5653,,,,,
bob,1,28676063,3609,0.0183,0.4487,7.46,,-1.0073,0.2221,0.5659,,,,,
bob,1,28676063,3610,0.0005,0.3934,6.279999999999999,,-1.0055,0.2219,0.5663,,,,,
bob,1,28676063,3611,0.0175,0.3981,5.6000000000000005,,-1.0118,0.2216,0.5667,,,,,
bob,1,28676063,3612,0.0161,0.4743,6.239999999999999,,-1.0098,0.2214,0.5671,,,,,
bob,1,28676063,3613,0.0211,0.493,5.4,,-1.0131,0.2211,0.5674,,,,,
bob,1,28676063,3614,0.0039,0.3608,4.9799999999999995,,-1.0114,0.2209,0.5677,,,,,
bob,1,28676063,3615,0.0049,0.3969,5.5,,-1.0109,0.2206,0.5677,,,,,
bob,1,28676063,3616,0.0164,0.3771,5.319999999999999,,-1.0088,0.2204,0.5681,,,,,
bob,1,28676063,3617,0.0143,0.4093,6.260000000000001,,-1.001,0.2201,0.5689,,,,,
bob,1,28676063,3618,0.0119,0.411,5.82,,-1.0069,0.2199,0.5692,,,,,
bob,1,28676063,3619,0.0092,0.3797,5.1,,-1.0046,0.2197,0.5693,,,,,
bob,1,28676063,3620,0.0157,0.383,5.0200000000000005,,-1.0051,0.2195,0.5697,,,,,
bob,1,28676063,3621,0.0035,0.4203,5.319999999999999,,-1.015,0.2192,0.5703,,,,,
bob,1,28676063,3622,0.0043,0.416,5.64,,-0.9934,0.219,0.5704,,,,,
bob,1,28676063,3623,0.0117,0.4032,6.2,,-1.0037,0.2188,0.5709,,,,,
bob,1,28676063,3624,0.0054,0.4412,5.76,,-1.0124,0.2186,0.5713,,,,,
bob,1,28676063,3625,0.0112,0.4067,5.2,,-1.0071,0.2183,0.5719,,,,,
bob,1,28676063,3626,0.0097,0.4506,6.32,,-1.0105,0.2181,0.5723,,,,,
bob,1,28676063,3627,0.0035,0.4241,5.84,,-1.0051,0.2179,0.5727,,,,,
bob,1,28676063,3628,0.003,0.4232,5.5,,-1.0152,0.2177,0.573,,,,,
bob,1,28676063,3629,0.0008,0.4491,6.4399999999999995,,-1.0093,0.2174,0.5735,,,,,
bob,1,28676063,3630,0.003,0.4371,6.08,,-1.011,0.2172,0.5742,,,,,
bob,1,28676063,3631,0.0125,0.4,6.800000000000001,,-1.0058,0.217,0.5753,,,,,
bob,1,28676063,3632,0.0031,0.4552,7.199999999999999,,-1.0107,0.2167,0.5761,,,,,
bob,1,28676063,3633,0.0145,0.4156,6.4399999999999995,,-1.0132,0.2165,0.5766,,,,,
bob,1,28676063,3634,0.0073,0.4269,6.619999999999999,,-1.0136,0.2162,0.5771,,,,,
bob,1,28676063,3635,0.0003,0.4415,6.0600000000000005,,-1.0085,0.216,0.5774,,,,,
bob,1,28676063,3636,-0.0005,0.4104,5.680000000000001,,-1.0097,0.2157,0.5781,,,,,
bob,1,28676063,3637,0.0127,0.4005,5.6000000000000005,,-1.0188,0.2155,0.5786,,,,,
bob,1,28676063,3638,0.0161,0.3632,6.52,,-1.0104,0.2152,0.5791,,,,,
bob,1,28676063,3639,0.0175,0.4011,6.7,,-1.0168,0.215,0.5799,,,,,
bob,1,28676063,3640,0.0141,0.4078,6.419999999999999,,-1.0088,0.2147,0.5801,,,,,
bob,1,28676063,3641,0.0162,0.4298,5.92,,-1.0166,0.2145,0.5803,,,,,
bob,1,28676063,3642,0.0113,0.4001,6.34,,-1.0133,0.2142,0.5805,,,,,
bob,1,28676063,3643,0.0004,0.4194,6.4,,-1.012,0.214,0.5808,,,,,
bob,1,28676063,3644,0.0037,0.4637,6.5600000000000005,,-1.0175,0.2138,0.5812,,,,,
bob,1,28676063,3645,0.0118,0.3932,6.140000000000001,,-1.0108,0.2135,0.5815,,,,,
bob,1,28676063,3646,0.0128,0.3993,5.28,,-1.0108,0.2133,0.5813,,,,,
bob,1,28676063,3647,0.0168,0.4007,5.18,,-1.0101,0.2131,0.5811,,,,,
bob,1,28676063,3648,0.0101,0.456,5.140000000000001,,-1.0046,0.213,0.5812,,,,,
bob,1,28676063,3649,0.0143,0.3818,4.72,,-1.0015,0.2128,0.5809,,,,,
bob,1,28676063,3650,0.0023,0.3961,5.1,,-1.0092,0.2126,0.5809,,,,,
bob,1,28676063,3651,0.0113,0.3808,5.38,,-1.0006,0.2125,0.5806,,,,,
bob,1,28676063,3652,0.0101,0.4249,5.28,,-1.0152,0.2123,0.5804,,,,,
bob,1,28676063,3653,0.0044,0.4754,6.16,,-1.0093,0.2122,0.5805,,,,,
bob,1,28676063,3654,0.0045,0.3896,6.260000000000001,,-1.0044,0.2121,0.5806,,,,,
bob,1,28676063,3655,0.0141,0.3881,6.2,,-1.008,0.212,0.581,,,,,
bob,1,28676063,3656,0.02,0.3922,6.18,,-1.0086,0.2118,0.581,,,,,
bob,1,28676063,3657,0.0166,0.3755,6.02,,-1.0106,0.2117,0.5808,,,,,
bob,1,28676063,3658,0.0127,0.4503,6.4399999999999995,,-1.0053,0.2116,0.5808,,,,,
bob,1,28676063,3659,0.0153,0.4231,5.94,,-1.009,0.2115,0.5809,,,,,
bob,1,28676063,3660,0.0076,0.3947,5.96,,-1.0101,0.2114,0.5808,,,,,
bob,1,28676063,3661,0.0085,0.3799,5.8999999999999995,,-1.01,0.2113,0.5808,,,,,
bob,1,28676063,3662,0.0071,0.4011,5.680000000000001,,-1.0089,0.2112,0.5809,,,,,
bob,1,28676063,3663,0.0087,0.3736,5.54,,-1.0098,0.2112,0.5806,,,,,
bob,1,28676063,3664,0.0068,0.4052,6.4799999999999995,,-1.0133,0.2111,0.5808,,,,,
bob,1,28676063,3665,0.0034,0.406,6.140000000000001,,-1.0059,0.211,0.5814,,,,,
bob,1,28676063,3666,0.0023,0.392,5.779999999999999,,-1.008,0.2109,0.5819,,,,,
bob,1,28676063,3667,0.0004,0.4225,6.54,,-1.0105,0.2108,0.5827,,,,,
bob,1,28676063,3668,0.0031,0.3716,5.6000000000000005,,-1.0042,0.2107,0.5828,,,,,
bob,1,28676063,3669,0.0167,0.414,5.04,,-1.0084,0.2106,0.5825,,,,,
bob,1,28676063,3670,0.0087,0.4807,5.6000000000000005,,-0.9988,0.2105,0.5822,,,,,
bob,1,28676063,3671,0.0142,0.4508,5.0,,-1.0078,0.2104,0.5818,,,,,
bob,1,28676063,3672,-0.0007,0.4417,5.66,,-1.008,0.2104,0.5821,,,,,
bob,1,28676063,3673,0.0123,0.3764,5.7,,-1.0104,0.2103,0.582,,,,,
bob,1,28676063,3674,0.0063,0.3724,5.46,,-1.0037,0.2102,0.5823,,,,,
bob,1,28676063,3675,0.0116,0.4521,7.359999999999999,,-1.0057,0.2101,0.5826,,,,,
bob,1,28676063,3676,0.0183,0.4438,7.3,,-1.0113,0.2101,0.5831,,,,,
bob,1,28676063,3677,0.0055,0.3885,5.84,,-1.0105,0.21,0.5833,,,,,
bob,1,28676063,3678,0.0174,0.3395,5.94,,-1.0033,0.2099,0.5836,,,,,
bob,1,28676063,3679,0.0123,0.461,6.660000000000001,,-1.0051,0.2098,0.5843,,,,,
bob,1,28676063,3680,-0.0008,0.4057,6.78,,-1.0151,0.2097,0.5853,,,,,
bob,1,28676063,3681,0.0021,0.4392,6.34,,-1.0117,0.2095,0.5861,,,,,
bob,1,28676063,3682,0.0022,0.3958,5.88,,-1.0044,0.2094,0.5866,,,,,
bob,1,28676063,3683,0.019,0.4375,7.24,,-1.0072,0.2092,0.587,,,,,
bob,1,28676063,3684,0.0008,0.4265,7.340000000000001,,-1.0085,0.2091,0.5879,,,,,
bob,1,28676063,3685,0.0014,0.4261,5.74,,-1.0053,0.2089,0.5885,,,,,
bob,1,28676063,3686,0.0058,0.4302,6.34,,-1.0143,0.2087,0.5891,,,,,
bob,1,28676063,3687,-0.0052,0.4149,5.86,,-1.008,0.2086,0.5893,,,,,
bob,1,28676063,3688,0.0125,0.4402,5.54,,-1.0065,0.2084,0.5897,,,,,
bob,1,28676063,3689,0.0066,0.4799,5.56,,-1.0067,0.2082,0.5898,,,,,
bob,1,28676063,3690,0.0012,0.4266,5.24,,-1.0068,0.2081,0.5896,,,,,
bob,1,28676063,3691,0.0029,0.4134,6.6000000000000005,,-1.0111,0.2079,0.5901,,,,,
bob,1,28676063,3692,0.007,0.4174,6.5,,-1.0117,0.2078,0.5905,,,,,
bob,1,28676063,3693,0.0014,0.3864,6.58,,-1.0086,0.2076,0.5906,,,,,
bob,1,28676063,3694,0.001,0.4132,6.959999999999999,,-1.013,0.2075,0.591,,,,,
bob,1,28676063,3695,0.0048,0.4423,6.9,,-1.0108,0.2073,0.5913,,,,,
bob,1,28676063,3696,0.0003,0.3929,6.260000000000001,,-1.0062,0.2071,0.5916,,,,,
bob,1,28676063,3697,0.0013,0.3903,6.0600000000000005,,-1.0041,0.207,0.5915,,,,,
bob,1,28676063,3698,0.0009,0.5018,5.42,,-1.0082,0.2069,0.5915,,,,,
bob,1,28676063,3699,0.0027,0.3488,4.72,,-1.0018,0.2067,0.5914,,,,,
bob,1,28676063,3700,0.0002,0.3987,4.84,,-1.0072,0.2066,0.5916,,,,,
bob,1,28676063,3701,0.0002,0.3707,5.52,,-1.0081,0.2065,0.5922,,,,,
bob,1,28676063,3702,0.0025,0.3949,6.54,,-1.0067,0.2063,0.5929,,,,,
bob,1,28676063,3703,-0.0012,0.37,6.54,,-1.0098,0.2062,0.5941,,,,,
bob,1,28676063,3704,-0.0029,0.4034,5.52,,-1.0124,0.206,0.5942,,,,,
bob,1,28676063,3705,0.002,0.4332,6.279999999999999,,-1.004,0.2058,0.5948,,,,,
bob,1,28676063,3706,0.0179,0.4312,5.88,,-1.0053,0.2057,0.5949,,,,,
bob,1,28676063,3707,0.0026,0.4047,4.96,,-1.01,0.2055,0.595,,,,,
bob,1,28676063,3708,0.0051,0.3767,5.4,,-1.0103,0.2054,0.5951,,,,,
bob,1,28676063,3709,0.0161,0.3725,6.08,,-1.005,0.2052,0.5953,,,,,
bob,1,28676063,3710,0.0096,0.3859,5.48,,-1.0069,0.2051,0.5953,,,,,
bob,1,28676063,3711,0.0193,0.4402,6.1,,-1.0116,0.2049,0.5954,,,,,
bob,1,28676063,3712,0.006,0.3982,5.18,,-1.0122,0.2048,0.5954,,,,,
bob,1,28676063,3713,0.0088,0.3848,4.7,,-1.0127,0.2047,0.5951,,,,,
bob,1,28676063,3714,0.0081,0.3542,4.82,,-1.0059,0.2046,0.5949,,,,,
bob,1,28676063,3715,-0.0005,0.3579,6.02,,-1.0121,0.2045,0.5954,,,,,
bob,1,28676063,3716,0.0025,0.3564,6.34,,-1.0048,0.2043,0.596,,,,,
bob,1,28676063,3717,0.0074,0.4112,6.5600000000000005,,-1.0102,0.2042,0.5972,,,,,
bob,1,28676063,3718,0.0093,0.4311,6.68,,-1.0095,0.204,0.5981,,,,,
bob,1,28676063,3719,0.0179,0.4366,6.619999999999999,,-0.9946,0.2038,0.5989,,,,,
bob,1,28676063,3720,0.0103,0.4352,5.76,,-1.0096,0.2037,0.5991,,,,,
bob,1,28676063,3721,0.015,0.3985,5.779999999999999,,-1.0059,0.2035,0.5994,,,,,
bob,1,28676063,3722,0.0126,0.4234,6.34,,-1.0079,0.2033,0.5999,,,,,
bob,1,28676063,3723,0.0027,0.3541,5.0,,-1.0052,0.2032,0.5998,,,,,
bob,1,28676063,3724,0.0193,0.3837,5.34,,-1.0066,0.203,0.5997,,,,,
bob,1,28676063,3725,0.0189,0.4379,5.48,,-1.0035,0.2029,0.5998,,,,,
bob,1,28676063,3726,0.0087,0.3644,4.859999999999999,,-1.0081,0.2027,0.6001,,,,,
bob,1,28676063,3727,0.0132,0.4195,5.72,,-1.0078,0.2026,0.6005,,,,,
bob,1,28676063,3728,0.0034,0.4017,6.6000000000000005,,-1.0086,0.2024,0.601,,,,,
bob,1,28676063,3729,0.0009,0.4041,5.7,,-1.0089,0.2023,0.6013,,,,,
bob,1,28676063,3730,0.0162,0.4162,5.58,,-1.0113,0.2021,0.6014,,,,,
bob,1,28676063,3731,0.0163,0.3654,6.239999999999999,,-1.0013,0.202,0.6016,,,,,
bob,1,28676063,3732,0.0012,0.4679,6.02,,-1.0093,0.2018,0.6017,,,,,
bob,1,28676063,3733,0.0088,0.3982,5.42,,-1.0093,0.2017,0.6014,,,,,
bob,1,28676063,3734,0.0073,0.3779,5.7,,-1.0118,0.2016,0.6012,,,,,
bob,1,28676063,3735,0.0083,0.3996,5.72,,-1.0087,0.2015,0.6011,,,,,
bob,1,28676063,3736,0.0225,0.4086,5.56,,-0.9982,0.2014,0.6012,,,,,
bob,1,28676063,3737,0.0137,0.3661,5.5,,-1.0099,0.2013,0.601,,,,,
bob,1,28676063,3738,0.0057,0.3948,5.8999999999999995,,-1.0043,0.2012,0.6006,,,,,
bob,1,28676063,3739,0.0097,0.4348,6.74,,-1.0079,0.2011,0.6008,,,,,
bob,1,28676063,3740,0.0205,0.4639,6.4399999999999995,,-1.0123,0.201,0.601,,,,,
bob,1,28676063,3741,0.0023,0.4036,5.92,,-1.0044,0.201,0.6009,,,,,
bob,1,28676063,3742,0.0081,0.3935,4.88,,-1.0076,0.2009,0.6004,,,,,
bob,1,28676063,3743,0.0095,0.3651,5.46,,-1.0034,0.2009,0.6004,,,,,
bob,1,28676063,3744,0.0129,0.3825,5.72,,-1.004,0.2008,0.6005,,,,,
bob,1,28676063,3745,-0.0007,0.4205,6.38,,-1.0032,0.2007,0.6008,,,,,
bob,1,28676063,3746,0.0035,0.4165,5.74,,-1.0036,0.2007,0.6007,,,,,
bob,1,28676063,3747,0.004,0.3954,6.239999999999999,,-1.0078,0.2006,0.6008,,,,,
bob,1,28676063,3748,0.0016,0.4005,5.94,,-1.0035,0.2006,0.601,,,,,
bob,1,28676063,3749,0.0041,0.4069,6.4,,-1.0106,0.2005,0.6012,,,,,
bob,1,28676063,3750,-0.0029,0.3751,6.419999999999999,,-1.0045,0.2005,0.6015,,,,,
bob,1,28676063,3751,0.0052,0.3795,5.9799999999999995,,-1.0104,0.2004,0.6016,,,,,
bob,1,28676063,3752,0.0087,0.4169,5.88,,-1.0024,0.2003,0.6013,,,,,
bob,1,28676063,3753,0.0109,0.3861,6.140000000000001,,-1.0066,0.2003,0.6012,,,,,
bob,1,28676063,3754,0.0048,0.4191,5.6000000000000005,,-1.0038,0.2002,0.6012,,,,,
bob,1,28676063,3755,0.0036,0.4375,6.16,,-1.006,0.2002,0.6015,,,,,
bob,1,28676063,3756,0.0115,0.4167,6.460000000000001,,-1.0092,0.2001,0.6019,,,,,
bob,1,28676063,3757,0.0062,0.4432,6.32,,-1.0105,0.2001,0.6021,,,,,
bob,1,28676063,3758,0.0126,0.326,6.12,,-1.0044,0.2,0.6019,,,,,
bob,1,28676063,3759,-0.001,0.4066,5.2,,-1.0092,0.2,0.6021,,,,,
bob,1,28676063,3760,0.0123,0.3844,5.319999999999999,,-1.0103,0.1999,0.6019,,,,,
bob,1,28676063,3761,0.0076,0.4442,5.779999999999999,,-1.008,0.1999,0.6021,,,,,
bob,1,28676063,3762,-0.0008,0.4496,6.18,,-1.0079,0.1998,0.6019,,,,,
bob,1,28676063,3763,0.0112,0.4108,5.6000000000000005,,-1.004,0.1998,0.6019,,,,,
bob,1,28676063,3764,0.0037,0.4433,5.5,,-1.0065,0.1998,0.6021,,,,,
bob,1,28676063,3765,0.0069,0.4495,6.460000000000001,,-1.0059,0.1997,0.6023,,,,,
bob,1,28676063,3766,-0.0011,0.4444,6.239999999999999,,-1.0134,0.1997,0.6023,,,,,
bob,1,28676063,3767,0.0025,0.4639,7.3,,-1.0095,0.1996,0.6025,,,,,
bob,1,28676063,3768,0.0095,0.4089,5.66,,-1.005,0.1996,0.602,,,,,
bob,1,28676063,3769,0.0149,0.4015,6.02,,-1.0077,0.1996,0.6016,,,,,
bob,1,28676063,3770,0.0056,0.4062,5.04,,-1.0085,0.1996,0.6013,,,,,
bob,1,28676063,3771,-0.0008,0.4145,5.26,,-1.0026,0.1996,0.6008,,,,,
bob,1,28676063,3772,0.0062,0.3912,5.92,,-1.006,0.1996,0.6008,,,,,
bob,1,28684922,3773,0.0003,0.4736,6.74,,-1.0042,0.4494,0.5726,,,,,
bob,1,28684922,3774,-0.0049,0.3738,6.4399999999999995,,-1.0102,0.4375,0.5753,,,,,
bob,1,28684922,3775,0.0272,0.1848,9.28,,-1.0125,0.426,0.5881,,,,,
bob,1,28684922,3776,-0.2846,0.5607,4.46,,-1.0021,0.4154,0.569,,,,,
bob,1,28684922,3777,-0.0679,0.1621,0.22,,-1.0169,0.4072,0.4979,,,,,
bob,1,28684922,3778,-0.2102,0.5962,14.26,,-0.9992,0.3991,0.5092,,,,,
bob,1,28684922,3779,-0.2562,0.4106,0.06,,-0.9836,0.3927,0.4583,,,,,
bob,1,28684922,3780,0.0,0.0,0.0,,0.0,0.3877,0.4166,,,,,
bob,1,28684922,3781,0.0,0.0,0.0,,0.0,0.3837,0.3819,,,,,
bob,1,28684922,3782,0.0,0.0,0.0,,0.0,0.3807,0.3525,,,,,
bob,1,28684922,3783,0.0,0.0,0.0,,0.0,0.3785,0.3274,,,,,
bob,1,28684922,3784,0.0,0.0,0.0,,0.0,0.3769,0.3055,,,,,
bob,1,28684922,3785,0.0,0.0,0.0,,0.0,0.3759,0.2864,,,,,
bob,1,28684922,3786,0.0,0.0,0.0,,0.0,0.3754,0.2696,,,,,
bob,1,28684922,3787,0.0,0.0,0.0,,0.0,0.3753,0.2546,,,,,
bob,1,28684922,3788,0.0,0.0,0.0,,0.0,0.3755,0.2412,,,,,
bob,1,28684922,3789,0.0,0.0,0.0,,0.0,0.376,0.2292,,,,,
bob,1,28684922,3790,0.0,0.0,0.0,,0.0,0.3767,0.2182,,,,,
bob,1,28684922,3791,0.0,0.0,0.0,,0.0,0.3777,0.2083,,,,,
bob,1,28684922,3792,0.0,0.0,0.0,,0.0,0.3788,0.1993,,,,,
bob,1,28684922,3793,0.0,0.0,0.0,,0.0,0.3801,0.191,,,,,
bob,1,28684922,3794,0.0,0.0,0.0,,0.0,0.3815,0.1833,,,,,
bob,1,28684922,3795,0.0,0.0,0.0,,0.0,0.383,0.1763,,,,,
bob,1,28684922,3796,0.0,0.0,0.0,,0.0,0.3846,0.1697,,,,,
bob,1,28684922,3797,0.0,0.0,0.0,,0.0,0.3863,0.1637,,,,,
bob,1,28684922,3798,0.0,0.0,0.0,,0.0,0.388,0.158,,,,,
bob,1,28684922,3799,0.0,0.0,0.0,,0.0,0.3898,0.1528,,,,,
bob,1,28684922,3800,0.0,0.0,0.0,,0.0,0.3916,0.1478,,,,,
bob,1,28684922,3801,0.0,0.0,0.0,,0.0,0.3935,0.1432,,,,,
bob,1,28684922,3802,0.0,0.0,0.0,,0.0,0.3953,0.1389,,,,,
bob,1,28684922,3803,0.0,0.0,0.0,,0.0,0.3972,0.1348,,,,,
bob,1,28684922,3804,0.0,0.0,0.0,,0.0,0.3991,0.1309,,,,,
bob,1,28684922,3805,0.1638,0.6019,15.22,,-0.9975,0.4002,0.1551,,,,,
bob,1,28684922,3806,-0.0096,0.2568,4.22,,-0.9978,0.401,0.1689,,,,,
bob,1,28684922,3807,0.0044,0.3429,4.44,,-0.9879,0.4015,0.1776,,,,,
bob,1,28684922,3808,-0.021,0.4195,3.56,,-0.9882,0.4018,0.1859,,,,,
bob,1,28684922,3809,0.0245,0.2476,1.7399999999999998,,-0.995,0.402,0.1882,,,,,
bob,1,28684922,3810,-0.0145,0.6493,5.5,,-1.0203,0.4019,0.1984,,,,,
bob,1,28684922,3811,0.0083,0.2638,2.62,,-1.0281,0.4018,0.2008,,,,,
bob,1,28684922,3812,0.0069,0.3281,2.68,,-1.0239,0.4016,0.2039,,,,,
bob,1,28684922,3813,0.0112,0.4073,4.32,,-1.0261,0.4013,0.2111,,,,,
bob,1,28684922,3814,0.0044,0.2764,4.1000000000000005,,-1.0186,0.4008,0.2159,,,,,
bob,1,28684922,3815,0.0236,0.5292,4.74,,-1.0107,0.4002,0.2231,,,,,
bob,1,28684922,3816,0.0132,0.4359,6.260000000000001,,-1.0144,0.3994,0.2318,,,,,
bob,1,28684922,3817,-0.0089,0.4589,6.04,,-1.0122,0.3984,0.2409,,,,,
bob,1,28684922,3818,0.0057,0.4751,4.4799999999999995,,-1.0109,0.3973,0.2464,,,,,
bob,1,28684922,3819,0.0096,0.4644,5.08,,-1.0144,0.3961,0.2525,,,,,
bob,1,28684922,3820,0.0039,0.5185,4.9799999999999995,,-1.0185,0.3949,0.2581,,,,,
bob,1,28684922,3821,0.0038,0.4484,3.8600000000000003,,-1.0142,0.3936,0.2618,,,,,
bob,1,28684922,3822,0.0125,0.6467,5.86,,-1.0151,0.3922,0.2677,,,,,
bob,1,28684922,3823,0.0124,0.4937,5.18,,-1.0108,0.3908,0.2735,,,,,
bob,1,28684922,3824,0.0178,0.2919,5.0,,-1.0287,0.3893,0.2787,,,,,
bob,1,28684922,3825,0.0065,0.4567,4.3999999999999995,,-1.0351,0.3877,0.2834,,,,,
bob,1,28684922,3826,-0.0039,0.4216,4.26,,-1.0285,0.3862,0.2865,,,,,
bob,1,28684922,3827,0.0114,0.4275,4.3,,-1.0347,0.3846,0.2905,,,,,
bob,1,28684922,3828,-0.0033,0.3452,4.62,,-1.0333,0.383,0.2935,,,,,
bob,1,28684922,3829,0.0067,0.3927,4.14,,-1.0214,0.3815,0.296,,,,,
bob,1,28684922,3830,0.0038,0.3908,4.3999999999999995,,-1.0283,0.3799,0.3,,,,,
bob,1,28684922,3831,0.0058,0.4234,4.5600000000000005,,-1.0268,0.3783,0.3033,,,,,
bob,1,28684922,3832,0.0077,0.324,4.5,,-1.0331,0.3768,0.306,,,,,
bob,1,28684922,3833,0.0036,0.3779,3.9600000000000004,,-0.9999,0.3752,0.3078,,,,,
bob,1,28684922,3834,0.0027,0.4277,3.82,,-1.0426,0.3737,0.3101,,,,,
bob,1,28684922,3835,0.0097,0.4176,3.42,,-1.0117,0.3722,0.3121,,,,,
bob,1,28684922,3836,0.0092,0.4329,4.42,,-1.0363,0.3707,0.3151,,,,,
bob,1,28684922,3837,0.0031,0.3695,3.88,,-1.0345,0.3693,0.3167,,,,,
bob,1,28684922,3838,0.0058,0.3378,5.64,,-1.0471,0.3678,0.3207,,,,,
bob,1,28684922,3839,0.0049,0.4759,4.66,,-1.0534,0.3663,0.3233,,,,,
bob,1,28684922,3840,0.012,0.3556,5.220000000000001,,-1.041,0.3648,0.3268,,,,,
bob,1,28684922,3841,0.0006,0.4463,4.64,,-1.0242,0.3634,0.3297,,,,,
bob,1,28684922,3842,0.0138,0.3389,3.64,,-1.0491,0.3619,0.3312,,,,,
bob,1,28684922,3843,0.0101,0.3009,3.06,,-1.0425,0.3605,0.3317,,,,,
bob,1,28684922,3844,0.0119,0.4353,4.32,,-1.054,0.3591,0.334,,,,,
bob,1,28684922,3845,0.0172,0.3724,4.78,,-1.0598,0.3578,0.3356,,,,,
bob,1,28684922,3846,0.0151,0.3876,4.08,,-1.0576,0.3565,0.3375,,,,,
bob,1,28684922,3847,-0.0022,0.3702,3.84,,-1.0383,0.3552,0.3394,,,,,
bob,1,28684922,3848,0.0046,0.4369,4.14,,-1.0641,0.3539,0.341,,,,,
bob,1,28684922,3849,0.0073,0.3955,4.1000000000000005,,-1.0962,0.3526,0.3426,,,,,
bob,1,28684922,3850,0.009,0.3639,4.0,,-1.0533,0.3514,0.3441,,,,,
bob,1,28684922,3851,-0.0001,0.2921,3.2399999999999998,,-1.0842,0.3502,0.3444,,,,,
bob,1,28684922,3852,0.0151,0.3477,3.1,,-1.088,0.3491,0.3448,,,,,
bob,1,28684922,3853,0.0003,0.322,3.7800000000000002,,-1.0811,0.348,0.3459,,,,,
bob,1,28684922,3854,0.0071,0.3752,4.3,,-1.0724,0.3469,0.3473,,,,,
bob,1,28684922,3855,-0.0058,0.3511,3.2800000000000002,,-1.1071,0.3458,0.3483,,,,,
bob,1,28684922,3856,0.0156,0.3772,3.7199999999999998,,-1.0939,0.3448,0.3492,,,,,
bob,1,28684922,3857,0.0033,0.3765,3.46,,-1.0961,0.3438,0.3501,,,,,
bob,1,28684922,3858,0.006,0.3983,3.66,,-1.0807,0.3429,0.3512,,,,,
bob,1,28684922,3859,0.0227,0.3454,3.56,,-1.0717,0.3419,0.3518,,,,,
bob,1,28684922,3860,0.0118,0.4156,3.8600000000000003,,-1.0949,0.341,0.3528,,,,,
bob,1,28684922,3861,0.0071,0.3404,3.9600000000000004,,-1.0991,0.3401,0.3543,,,,,
bob,1,28684922,3862,0.006,0.3787,3.88,,-1.0635,0.3392,0.3549,,,,,
bob,1,28684922,3863,0.0068,0.3556,3.34,,-1.0917,0.3384,0.3557,,,,,
bob,1,28684922,3864,0.0227,0.3179,2.12,,-1.0929,0.3376,0.3549,,,,,
bob,1,28684922,3865,0.0081,0.411,3.44,,-1.0962,0.3368,0.3553,,,,,
bob,1,28684922,3866,0.023,0.3338,2.94,,-1.087,0.3361,0.3553,,,,,
bob,1,28684922,3867,0.0086,0.3086,2.92,,-1.0734,0.3354,0.3552,,,,,
bob,1,28684922,3868,0.0044,0.455,3.94,,-1.0822,0.3347,0.3564,,,,,
bob,1,28684922,3869,0.0084,0.4131,4.04,,-1.0926,0.3341,0.3573,,,,,
bob,1,28684922,3870,-0.0016,0.2449,2.98,,-1.0769,0.3334,0.3576,,,,,
bob,1,28684922,3871,0.009,0.3822,2.56,,-1.099,0.3328,0.357,,,,,
bob,1,28684922,3872,0.0126,0.3538,3.54,,-1.0906,0.3322,0.358,,,,,
bob,1,28684922,3873,0.0039,0.3501,3.2,,-1.0857,0.3317,0.3582,,,,,
bob,1,28684922,3874,0.0308,0.248,1.92,,-1.081,0.3311,0.3571,,,,,
bob,1,28684922,3875,0.0165,0.2592,2.34,,-1.0744,0.3307,0.3568,,,,,
bob,1,28684922,3876,0.0168,0.3699,2.88,,-1.0833,0.3302,0.3567,,,,,
bob,1,28684922,3877,0.0288,0.321,2.46,,-1.0824,0.3298,0.3566,,,,,
bob,1,28684922,3878,0.0113,0.3008,2.36,,-1.0865,0.3294,0.356,,,,,
bob,1,28684922,3879,0.0224,0.3146,3.4799999999999995,,-1.0801,0.329,0.3565,,,,,
bob,1,28684922,3880,0.0158,0.3062,2.12,,-1.0902,0.3287,0.356,,,,,
bob,1,28684922,3881,0.0196,0.2766,2.02,,-1.0869,0.3284,0.355,,,,,
bob,1,28684922,3882,0.0176,0.3467,3.1199999999999997,,-1.0974,0.3281,0.3553,,,,,
bob,1,28684922,3883,0.0144,0.2761,2.02,,-1.0742,0.3278,0.3544,,,,,
bob,1,28684922,3884,0.0228,0.2736,2.1399999999999997,,-1.0836,0.3276,0.3539,,,,,
bob,1,28684922,3885,0.0108,0.3097,2.46,,-1.0716,0.3274,0.3532,,,,,
bob,1,28684922,3886,0.0139,0.3086,2.36,,-1.0858,0.3272,0.3528,,,,,
bob,1,28684922,3887,0.0086,0.2038,1.72,,-1.0658,0.327,0.3515,,,,,
bob,1,28684922,3888,0.0261,0.2391,1.0999999999999999,,-1.0909,0.3269,0.3501,,,,,
bob,1,28684922,3889,0.0085,0.3137,2.54,,-1.0769,0.3268,0.3497,,,,,
bob,1,28684922,3890,0.0117,0.266,2.54,,-1.0892,0.3267,0.3496,,,,,
bob,1,28684922,3891,0.011,0.274,1.8599999999999999,,-1.0597,0.3267,0.349,,,,,
bob,1,28684922,3892,0.0173,0.2486,2.06,,-1.0727,0.3266,0.3481,,,,,
bob,1,28684922,3893,0.0203,0.2582,2.08,,-1.0867,0.3266,0.3474,,,,,
bob,1,28684922,3894,0.0185,0.2547,2.04,,-1.0713,0.3266,0.3467,,,,,
bob,1,28684922,3895,0.0304,0.3135,2.12,,-1.0974,0.3266,0.3463,,,,,
bob,1,28684922,3896,0.0311,0.3469,2.74,,-1.0698,0.3266,0.3464,,,,,
bob,1,28684922,3897,0.0322,0.2752,2.4,,-1.0762,0.3267,0.3461,,,,,
bob,1,28684922,3898,0.0222,0.3355,2.54,,-1.0851,0.3267,0.3459,,,,,
bob,1,28684922,3899,0.0186,0.2455,1.7000000000000002,,-1.0747,0.3267,0.345,,,,,
bob,1,28684922,3900,0.0287,0.2462,2.3,,-1.0781,0.3268,0.3448,,,,,
bob,1,28684922,3901,0.0297,0.242,1.94,,-1.0791,0.3268,0.3441,,,,,
bob,1,28684922,3902,0.0288,0.2126,1.6199999999999999,,-1.0859,0.3269,0.3434,,,,,
bob,1,28684922,3903,-0.0102,0.2873,2.74,,-1.065,0.327,0.3429,,,,,
bob,1,28684922,3904,0.0281,0.2487,1.52,,-1.0697,0.3271,0.3421,,,,,
bob,1,28684922,3905,0.0328,0.3247,2.82,,-1.0575,0.3272,0.3419,,,,,
bob,1,28684922,3906,0.0405,0.3013,2.36,,-1.078,0.3273,0.3419,,,,,
bob,1,28684922,3907,0.0404,0.2683,2.2800000000000002,,-1.0751,0.3274,0.3414,,,,,
bob,1,28684922,3908,0.0302,0.2946,2.5,,-1.0656,0.3275,0.3414,,,,,
bob,1,28684922,3909,0.0364,0.3533,2.56,,-1.0461,0.3276,0.3414,,,,,
bob,1,28684922,3910,0.0075,0.2796,2.68,,-1.0786,0.3277,0.3413,,,,,
bob,1,28684922,3911,0.0347,0.2707,2.22,,-1.0589,0.3277,0.341,,,,,
bob,1,28684922,3912,0.0361,0.2739,1.92,,-1.0278,0.3278,0.3404,,,,,
bob,1,28684922,3913,0.029,0.2511,2.7,,-1.0504,0.328,0.3402,,,,,
bob,1,28684922,3914,0.0209,0.2991,2.44,,-1.0313,0.328,0.3403,,,,,
bob,1,28684922,3915,0.0322,0.2474,1.9800000000000002,,-1.0454,0.3282,0.3397,,,,,
bob,1,28684922,3916,0.0278,0.2571,1.68,,-1.0348,0.3283,0.339,,,,,
bob,1,28684922,3917,0.0149,0.2432,2.22,,-1.0378,0.3284,0.3385,,,,,
bob,1,28684922,3918,0.0402,0.2429,2.18,,-1.0335,0.3285,0.3383,,,,,
bob,1,28684922,3919,0.0518,0.2397,1.82,,-1.0389,0.3287,0.3376,,,,,
bob,1,28684922,3920,0.0364,0.2514,2.18,,-1.0358,0.3288,0.3372,,,,,
bob,1,28684922,3921,0.0383,0.3049,2.6599999999999997,,-1.0344,0.3289,0.3369,,,,,
bob,1,28684922,3922,0.0389,0.3236,2.56,,-1.0267,0.3291,0.3369,,,,,
bob,1,28684922,3923,0.064,0.2838,1.76,,-1.0185,0.3292,0.3365,,,,,
bob,1,28684922,3924,0.0225,0.2018,1.3599999999999999,,-1.0447,0.3293,0.3355,,,,,
bob,1,28684922,3925,0.019,0.1942,1.4000000000000001,,-1.0318,0.3295,0.3346,,,,,
bob,1,28684922,3926,0.042,0.2065,1.5599999999999998,,-1.0384,0.3297,0.3338,,,,,
bob,1,28684922,3927,0.043,0.2401,2.16,,-1.0172,0.3299,0.3333,,,,,
bob,1,28684922,3928,0.0485,0.2474,1.82,,-1.0235,0.3301,0.3329,,,,,
bob,1,28684922,3929,0.0233,0.2445,1.4200000000000002,,-1.0217,0.3303,0.332,,,,,
bob,1,28684922,3930,0.0161,0.2691,2.04,,-1.0363,0.3305,0.3316,,,,,
bob,1,28684922,3931,0.0526,0.2312,1.7399999999999998,,-1.0275,0.3307,0.331,,,,,
bob,1,28684922,3932,0.0489,0.2353,2.08,,-1.0284,0.3309,0.3306,,,,,
bob,1,28684922,3933,0.0295,0.2608,1.6199999999999999,,-1.0134,0.3311,0.3301,,,,,
bob,1,28684922,3934,0.022,0.267,1.9800000000000002,,-1.0319,0.3313,0.3297,,,,,
bob,1,28684922,3935,0.0184,0.2479,1.82,,-1.0509,0.3315,0.3292,,,,,
bob,1,28684922,3936,0.05,0.2465,2.32,,-1.0472,0.3317,0.3289,,,,,
bob,1,28684922,3937,0.0227,0.2591,2.1,,-1.0208,0.3319,0.3287,,,,,
bob,1,28684922,3938,0.0555,0.2517,2.58,,-1.0267,0.3321,0.3283,,,,,
bob,1,28684922,3939,0.0407,0.3083,2.04,,-1.0414,0.3323,0.3282,,,,,
bob,1,28684922,3940,0.0585,0.3224,2.5,,-1.0288,0.3325,0.328,,,,,
bob,1,28684922,3941,0.0404,0.2531,2.34,,-1.0354,0.3326,0.3282,,,,,
bob,1,28684922,3942,0.0414,0.2251,1.72,,-1.0242,0.3328,0.3274,,,,,
bob,1,28684922,3943,0.0386,0.2894,2.5,,-1.0191,0.333,0.3275,,,,,
bob,1,28684922,3944,0.0601,0.2236,2.04,,-1.0315,0.3332,0.3272,,,,,
bob,1,28684922,3945,0.039,0.3182,1.8800000000000001,,-1.0369,0.3333,0.3267,,,,,
bob,1,28684922,3946,0.0255,0.2305,1.6,,-1.0419,0.3335,0.3261,,,,,
bob,1,28684922,3947,0.0545,0.234,1.58,,-1.0319,0.3337,0.3255,,,,,
bob,1,28684922,3948,0.0532,0.2958,2.1,,-1.0301,0.3339,0.3251,,,,,
bob,1,28684922,3949,0.0301,0.2846,1.8399999999999999,,-1.0318,0.3341,0.3247,,,,,
bob,1,28684922,3950,0.0408,0.2897,1.8599999999999999,,-1.0264,0.3343,0.3244,,,,,
bob,1,28684922,3951,0.0085,0.2411,1.68,,-1.0386,0.3345,0.3238,,,,,
bob,1,28684922,3952,0.0676,0.2404,1.6,,-1.0397,0.3347,0.3232,,,,,
bob,1,28684922,3953,0.0151,0.2373,1.6400000000000001,,-1.0409,0.3349,0.3227,,,,,
bob,1,28684922,3954,0.0174,0.2232,1.4000000000000001,,-1.0344,0.3351,0.322,,,,,
bob,1,28684922,3955,0.0572,0.2478,1.7999999999999998,,-1.0346,0.3353,0.3216,,,,,
bob,1,28684922,3956,0.016,0.2625,1.92,,-1.0372,0.3355,0.3212,,,,,
bob,1,28684922,3957,0.0718,0.2104,1.04,,-1.0425,0.3357,0.3202,,,,,
bob,1,28684922,3958,0.0069,0.2097,1.68,,-1.0127,0.3359,0.3198,,,,,
bob,1,28684922,3959,0.0557,0.2237,1.44,,-1.0067,0.3361,0.3191,,,,,
bob,1,28684922,3960,0.058,0.2137,1.5599999999999998,,-1.0159,0.3364,0.3185,,,,,
bob,1,28684922,3961,0.0493,0.2615,1.9,,-1.0001,0.3366,0.3182,,,,,
bob,1,28684922,3962,0.031,0.2138,1.8599999999999999,,-1.0279,0.3368,0.3178,,,,,
bob,1,28684922,3963,0.0476,0.2366,2.06,,-1.0171,0.337,0.3176,,,,,
bob,1,28684922,3964,0.0432,0.2637,2.5,,-0.9997,0.3372,0.3177,,,,,
bob,1,28684922,3965,0.0184,0.2904,2.2399999999999998,,-1.0287,0.3374,0.3175,,,,,
bob,1,28684922,3966,0.0799,0.2417,1.66,,-1.0233,0.3377,0.317,,,,,
bob,1,28684922,3967,0.0431,0.2896,2.2399999999999998,,-1.0165,0.3378,0.317,,,,,
bob,1,28684922,3968,0.0157,0.2562,2.06,,-1.0216,0.338,0.3168,,,,,
bob,1,28684922,3969,0.0133,0.234,1.6199999999999999,,-1.0266,0.3382,0.3162,,,,,
bob,1,28684922,3970,0.0502,0.312,2.22,,-1.021,0.3384,0.315,,,,,
bob,1,28684922,3971,0.0149,0.2792,1.7999999999999998,,-1.0226,0.3387,0.3136,,,,,
bob,1,28684922,3972,0.0533,0.3252,2.46,,-1.0239,0.3389,0.3121,,,,,
bob,1,28684922,3973,0.0552,0.3164,2.34,,-1.0336,0.3392,0.3106,,,,,
bob,1,28684922,3974,0.0333,0.289,2.04,,-1.0344,0.3395,0.309,,,,,
bob,1,28684922,3975,0.0263,0.2319,2.1399999999999997,,-1.0574,0.3399,0.3072,,,,,
bob,1,28684922,3976,0.0137,0.2657,1.7000000000000002,,-1.0444,0.3402,0.3061,,,,,
bob,1,28684922,3977,0.021,0.233,1.7999999999999998,,-1.0227,0.3405,0.3072,,,,,
bob,1,28684922,3978,0.0153,0.2928,1.76,,-1.049,0.3409,0.3055,,,,,
bob,1,28684922,3979,0.0718,0.2458,2.1,,-1.0406,0.3412,0.3068,,,,,
bob,1,28684922,3980,0.0399,0.2842,1.8399999999999999,,-1.0318,0.3414,0.3082,,,,,
bob,1,28684922,3981,0.0307,0.268,1.7999999999999998,,-1.0601,0.3416,0.3094,,,,,
bob,1,28684922,3982,0.029,0.2538,1.96,,-1.0357,0.3418,0.3106,,,,,
bob,1,28684922,3983,0.0321,0.2506,1.9800000000000002,,-1.0567,0.3419,0.312,,,,,
bob,1,28684922,3984,0.0073,0.2412,1.6,,-1.0232,0.3419,0.313,,,,,
bob,1,28684922,3985,0.0545,0.2755,1.9800000000000002,,-1.0365,0.342,0.3143,,,,,
bob,1,28684922,3986,0.0141,0.2915,2.1999999999999997,,-1.0401,0.342,0.3159,,,,,
bob,1,28684922,3987,0.0303,0.2735,2.08,,-1.0375,0.342,0.3172,,,,,
bob,1,28684922,3988,0.0576,0.2733,2.08,,-1.0335,0.3419,0.3186,,,,,
bob,1,28684922,3989,0.0604,0.2809,2.1,,-1.0404,0.3418,0.3199,,,,,
bob,1,28684922,3990,0.0569,0.28,1.7399999999999998,,-1.0081,0.3417,0.3211,,,,,
bob,1,28684922,3991,0.0154,0.2739,1.9800000000000002,,-1.0028,0.3415,0.3225,,,,,
bob,1,28684922,3992,0.0169,0.2689,2.16,,-1.039,0.3414,0.3239,,,,,
bob,1,28684922,3993,0.0139,0.2306,1.4000000000000001,,-1.0354,0.3412,0.3249,,,,,
bob,1,28684922,3994,0.0173,0.1901,1.32,,-1.0401,0.341,0.3258,,,,,
bob,1,28684922,3995,0.0699,0.3207,2.2800000000000002,,-1.0404,0.3407,0.3273,,,,,
bob,1,28684922,3996,0.0118,0.1918,1.26,,-1.0389,0.3405,0.3282,,,,,
bob,1,28684922,3997,0.0683,0.2019,1.52,,-1.0372,0.3402,0.3291,,,,,
bob,1,28684922,3998,0.0496,0.2264,1.3,,-1.0251,0.34,0.3301,,,,,
bob,1,28684922,3999,0.0139,0.1685,1.24,,-1.0162,0.3397,0.3309,,,,,
bob,1,28684922,4000,0.0344,0.1975,1.34,,-1.0237,0.3394,0.3318,,,,,
bob,1,28684922,4001,0.01,0.2466,1.8800000000000001,,-1.0284,0.3391,0.3332,,,,,
bob,1,28684922,4002,0.0064,0.2701,2.04,,-1.0462,0.3388,0.3346,,,,,
bob,1,28684922,4003,0.0062,0.2635,1.34,,-1.0645,0.3385,0.3355,,,,,
bob,1,28684922,4004,0.0085,0.2335,1.6,,-1.0252,0.3381,0.3366,,,,,
bob,1,28684922,4005,0.067,0.2769,2.1399999999999997,,-0.9967,0.3379,0.3329,,,,,
bob,1,28684922,4006,0.0337,0.2297,1.6,,-1.0195,0.3378,0.3306,,,,,
bob,1,28684922,4007,0.0604,0.2832,2.1399999999999997,,-1.0048,0.3376,0.3295,,,,,
bob,1,28684922,4008,0.0225,0.2348,1.7399999999999998,,-1.0152,0.3375,0.3282,,,,,
bob,1,28684922,4009,0.0325,0.3154,2.18,,-1.0564,0.3375,0.3283,,,,,
bob,1,28684922,4010,0.0507,0.2632,1.5599999999999998,,-1.0313,0.3374,0.3263,,,,,
bob,1,28684922,4011,0.0356,0.2562,1.7399999999999998,,-1.0543,0.3374,0.3259,,,,,
bob,1,28684922,4012,0.0073,0.2559,1.7399999999999998,,-1.0563,0.3374,0.3254,,,,,
bob,1,28684922,4013,0.0452,0.1823,1.3,,-1.0478,0.3374,0.3237,,,,,
bob,1,28684922,4014,0.0335,0.3075,2.3,,-1.0318,0.3375,0.3233,,,,,
bob,1,28684922,4015,0.0716,0.2323,1.92,,-1.0406,0.3376,0.3218,,,,,
bob,1,28684922,4016,0.0154,0.2559,1.8399999999999999,,-1.0137,0.3377,0.3199,,,,,
bob,1,28684922,4017,0.0161,0.2107,1.3,,-1.008,0.3379,0.3174,,,,,
bob,1,28684922,4018,0.012,0.2341,1.58,,-1.0071,0.3381,0.3159,,,,,
bob,1,28684922,4019,0.0259,0.2517,1.6199999999999999,,-1.0123,0.3383,0.3143,,,,,
bob,1,28684922,4020,0.0207,0.2334,1.48,,-1.0204,0.3386,0.3127,,,,,
bob,1,28684922,4021,0.0152,0.2154,1.5599999999999998,,-1.0203,0.3389,0.3114,,,,,
bob,1,28684922,4022,0.0593,0.2343,1.34,,-1.0174,0.3392,0.3096,,,,,
bob,1,28684922,4023,0.0143,0.2269,1.58,,-1.0209,0.3395,0.3077,,,,,
bob,1,28684922,4024,0.014,0.139,0.76,,-1.004,0.3399,0.3054,,,,,
bob,1,28684922,4025,0.0385,0.1939,1.4000000000000001,,-1.0263,0.3403,0.3037,,,,,
bob,1,28684922,4026,0.0082,0.2005,1.44,,-1.0252,0.3408,0.3024,,,,,
bob,1,28684922,4027,0.0586,0.2127,1.28,,-1.0054,0.3412,0.3006,,,,,
bob,1,28684922,4028,0.0106,0.2283,1.46,,-1.0144,0.3417,0.2993,,,,,
bob,1,28684922,4029,0.0729,0.1876,1.3599999999999999,,-0.9637,0.3421,0.298,,,,,
bob,1,28684922,4030,0.0075,0.2461,1.72,,-0.9939,0.3426,0.2963,,,,,
bob,1,28684922,4031,0.052,0.2589,1.8399999999999999,,-1.0158,0.3431,0.2952,,,,,
bob,1,28684922,4032,0.0541,0.2226,1.3599999999999999,,-1.0113,0.3436,0.2938,,,,,
bob,1,28684922,4033,0.0121,0.2609,1.92,,-0.9985,0.3441,0.2929,,,,,
bob,1,28684922,4034,-0.0007,0.2487,1.52,,-1.0306,0.3446,0.2917,,,,,
bob,1,28684922,4035,0.0158,0.2238,1.5,,-1.0275,0.3451,0.2906,,,,,
bob,1,28684922,4036,0.0654,0.2298,1.54,,-1.0175,0.3456,0.2889,,,,,
bob,1,28684922,4037,0.0487,0.2346,1.6400000000000001,,-1.0435,0.3461,0.288,,,,,
bob,1,28684922,4038,0.0115,0.2331,1.6400000000000001,,-1.0255,0.3467,0.2861,,,,,
bob,1,28684922,4039,0.0504,0.2741,2.02,,-1.0247,0.3472,0.2849,,,,,
bob,1,28684922,4040,0.0157,0.2739,1.94,,-1.0138,0.3478,0.2832,,,,,
bob,1,28684922,4041,0.0561,0.2858,2.22,,-1.0321,0.3483,0.2821,,,,,
bob,1,28684922,4042,0.0292,0.2542,2.02,,-1.0376,0.3489,0.2813,,,,,
bob,1,28684922,4043,0.0166,0.2017,1.54,,-1.0192,0.3494,0.2805,,,,,
bob,1,28684922,4044,0.0146,0.2912,1.7000000000000002,,-1.0117,0.35,0.2791,,,,,
bob,1,28684922,4045,0.0177,0.2588,1.66,,-1.0226,0.3505,0.2779,,,,,
bob,1,28684922,4046,0.068,0.2589,1.7399999999999998,,-1.0412,0.3511,0.2767,,,,,
bob,1,28684922,4047,0.0433,0.2664,1.7999999999999998,,-1.0259,0.3517,0.2754,,,,,
bob,1,28684922,4048,0.0185,0.1967,1.5,,-1.036,0.3522,0.2741,,,,,
bob,1,28684922,4049,0.05,0.2546,1.7999999999999998,,-1.0217,0.3528,0.2731,,,,,
bob,1,28684922,4050,0.0345,0.2005,1.44,,-1.0259,0.3534,0.2717,,,,,
bob,1,28684922,4051,0.0377,0.2446,1.72,,-1.0194,0.3539,0.271,,,,,
bob,1,28684922,4052,0.012,0.2204,1.46,,-1.0252,0.3545,0.2702,,,,,
bob,1,28684922,4053,0.014,0.2103,1.3599999999999999,,-1.0239,0.355,0.269,,,,,
bob,1,28684922,4054,0.0126,0.2488,1.8399999999999999,,-1.0224,0.3556,0.2678,,,,,
bob,1,28684922,4055,0.0078,0.2307,1.6400000000000001,,-1.0121,0.3561,0.2668,,,,,
bob,1,28684922,4056,0.0376,0.2113,1.6400000000000001,,-1.0115,0.3567,0.2658,,,,,
bob,1,28684922,4057,0.0551,0.2212,1.66,,-1.009,0.3572,0.2648,,,,,
bob,1,28684922,4058,0.0118,0.1868,1.4200000000000002,,-1.0117,0.3578,0.2635,,,,,
bob,1,28684922,4059,0.0387,0.2546,1.78,,-1.0194,0.3583,0.2627,,,,,
bob,1,28684922,4060,0.009,0.1912,1.18,,-0.9996,0.3589,0.2612,,,,,
bob,1,28684922,4061,0.0094,0.2053,1.54,,-1.0233,0.3594,0.2599,,,,,
bob,1,28684922,4062,0.0089,0.242,1.6199999999999999,,-1.0303,0.36,0.2588,,,,,
bob,1,28684922,4063,0.0333,0.1885,1.44,,-1.0078,0.3605,0.2577,,,,,
bob,1,28684922,4064,0.0077,0.2795,2.02,,-1.0258,0.3611,0.2576,,,,,
bob,1,28684922,4065,0.0506,0.2667,2.0,,-1.0222,0.3616,0.257,,,,,
bob,1,28684922,4066,0.0334,0.2153,1.8800000000000001,,-1.0153,0.3621,0.2564,,,,,
bob,1,28684922,4067,0.0324,0.2866,2.08,,-1.0283,0.3626,0.2561,,,,,
bob,1,28684922,4068,0.008,0.2971,2.18,,-1.0333,0.3631,0.2551,,,,,
bob,1,28684922,4069,0.0257,0.2128,1.44,,-1.034,0.3636,0.2539,,,,,
bob,1,28684922,4070,0.0525,0.227,1.7000000000000002,,-1.0331,0.3641,0.253,,,,,
bob,1,28684922,4071,0.0334,0.29,1.8399999999999999,,-1.0245,0.3646,0.2528,,,,,
bob,1,28684922,4072,0.0228,0.2693,1.8599999999999999,,-1.019,0.365,0.2518,,,,,
bob,1,28684922,4073,0.0132,0.2226,1.3,,-1.025,0.3655,0.2508,,,,,
bob,1,28684922,4074,0.0478,0.2356,1.58,,-1.0127,0.366,0.2506,,,,,
bob,1,28684922,4075,0.0094,0.2828,1.72,,-1.0285,0.3664,0.2502,,,,,
bob,1,28684922,4076,0.008,0.2761,1.96,,-1.0161,0.3669,0.2497,,,,,
bob,1,28684922,4077,0.0332,0.2487,1.6,,-1.0246,0.3673,0.2491,,,,,
bob,1,28684922,4078,0.037,0.2307,1.5599999999999998,,-1.0279,0.3677,0.2487,,,,,
bob,1,28684922,4079,0.0493,0.2299,1.6199999999999999,,-1.0224,0.3681,0.2477,,,,,
bob,1,28684922,4080,0.0066,0.2665,1.4200000000000002,,-1.0151,0.3685,0.2472,,,,,
bob,1,28684922,4081,0.0139,0.2598,1.76,,-1.0271,0.3689,0.247,,,,,
bob,1,28684922,4082,0.0155,0.2836,1.78,,-1.0216,0.3693,0.2463,,,,,
bob,1,28684922,4083,0.0112,0.2394,1.68,,-1.0138,0.3697,0.2463,,,,,
bob,1,28684922,4084,0.0178,0.1853,1.08,,-1.0289,0.3701,0.2456,,,,,
bob,1,28684922,4085,0.0185,0.2359,1.48,,-1.0262,0.3705,0.2452,,,,,
bob,1,28684922,4086,0.0195,0.2646,1.66,,-1.0182,0.3708,0.2447,,,,,
bob,1,28684922,4087,0.0069,0.222,1.48,,-1.0357,0.3712,0.2447,,,,,
bob,1,28684922,4088,0.0065,0.1938,1.24,,-1.0202,0.3715,0.2448,,,,,
bob,1,28684922,4089,0.06,0.2266,1.44,,-0.9895,0.3718,0.2442,,,,,
bob,1,28684922,4090,0.0477,0.263,1.7399999999999998,,-1.0123,0.3721,0.2436,,,,,
bob,1,28684922,4091,0.0071,0.268,1.7399999999999998,,-1.0204,0.3724,0.2435,,,,,
bob,1,28684922,4092,0.0279,0.1849,1.0999999999999999,,-1.0267,0.3727,0.243,,,,,
bob,1,28684922,4093,0.0087,0.2737,2.1,,-1.0204,0.373,0.243,,,,,
bob,1,28684922,4094,0.0069,0.271,2.08,,-1.0042,0.3733,0.2432,,,,,
bob,1,28684922,4095,0.0605,0.2784,2.02,,-1.0064,0.3736,0.2429,,,,,
bob,1,28684922,4096,0.0114,0.2423,1.82,,-1.0096,0.3738,0.2424,,,,,
bob,1,28684922,4097,0.0097,0.2502,1.6199999999999999,,-1.0295,0.3741,0.2419,,,,,
bob,1,28684922,4098,0.0251,0.2505,1.76,,-1.0162,0.3743,0.2415,,,,,
bob,1,28684922,4099,0.0101,0.2376,1.76,,-1.0216,0.3746,0.2415,,,,,
bob,1,28684922,4100,0.0099,0.258,1.52,,-1.0214,0.3748,0.241,,,,,
bob,1,28684922,4101,0.0061,0.2694,1.8399999999999999,,-1.0184,0.3751,0.2409,,,,,
bob,1,28684922,4102,0.0174,0.2307,1.26,,-1.0209,0.3753,0.2406,,,,,
bob,1,28684922,4103,0.0338,0.257,1.6,,-1.0233,0.3755,0.2403,,,,,
bob,1,28684922,4104,0.0273,0.2405,1.8399999999999999,,-1.0183,0.3757,0.2402,,,,,
bob,1,28684922,4105,0.0119,0.2124,1.38,,-1.0201,0.376,0.2396,,,,,
bob,1,28684922,4106,0.0341,0.2598,1.7999999999999998,,-1.0187,0.3762,0.2391,,,,,
bob,1,28684922,4107,0.0043,0.256,1.7000000000000002,,-1.0218,0.3764,0.2389,,,,,
bob,1,28684922,4108,0.0068,0.2144,1.34,,-1.0259,0.3766,0.2381,,,,,
bob,1,28684922,4109,0.0096,0.2929,1.8800000000000001,,-1.0271,0.3769,0.2376,,,,,
bob,1,28684922,4110,0.0114,0.2504,1.54,,-1.0017,0.3771,0.237,,,,,
bob,1,28684922,4111,0.0027,0.2532,1.6199999999999999,,-1.0193,0.3773,0.2366,,,,,
bob,1,28684922,4112,0.0335,0.1715,1.32,,-0.9947,0.3776,0.2362,,,,,
bob,1,28684922,4113,0.0365,0.2117,1.38,,-1.0262,0.3778,0.2356,,,,,
bob,1,28684922,4114,0.0143,0.1516,1.18,,-1.0089,0.378,0.2346,,,,,
bob,1,28684922,4115,0.0095,0.1785,1.32,,-1.017,0.3783,0.2343,,,,,
bob,1,28684922,4116,0.0087,0.2326,1.48,,-1.0318,0.3785,0.2341,,,,,
bob,1,28684922,4117,0.0179,0.1909,1.4200000000000002,,-1.0246,0.3787,0.2337,,,,,
bob,1,28684922,4118,0.006,0.2619,1.52,,-1.0124,0.379,0.2332,,,,,
bob,1,28684922,4119,0.0101,0.2604,1.76,,-1.0152,0.3792,0.2332,,,,,
bob,1,28684922,4120,0.0029,0.2163,1.26,,-0.9991,0.3794,0.2326,,,,,
bob,1,28684922,4121,0.0075,0.2142,1.46,,-1.0115,0.3796,0.2322,,,,,
bob,1,28684922,4122,0.0414,0.2595,1.6,,-1.0077,0.3799,0.2316,,,,,
bob,1,28684922,4123,0.0088,0.2659,1.68,,-1.01,0.3801,0.2314,,,,,
bob,1,28684922,4124,0.0108,0.2605,1.8599999999999999,,-1.0198,0.3803,0.2316,,,,,
bob,1,28684922,4125,0.0415,0.2375,1.6400000000000001,,-1.0077,0.3805,0.2318,,,,,
bob,1,28684922,4126,0.0104,0.1988,1.28,,-1.01,0.3807,0.2316,,,,,
bob,1,28684922,4127,0.0052,0.2186,1.4000000000000001,,-1.0192,0.3809,0.2312,,,,,
bob,1,28684922,4128,0.0365,0.1797,1.2,,-1.0136,0.381,0.2307,,,,,
bob,1,28684922,4129,0.0084,0.2034,1.54,,-1.0117,0.3812,0.2308,,,,,
bob,1,28684922,4130,0.012,0.2079,1.2,,-1.0201,0.3814,0.2302,,,,,
bob,1,28684922,4131,0.0095,0.2136,1.4000000000000001,,-1.0232,0.3816,0.23,,,,,
bob,1,28684922,4132,0.0098,0.2135,1.4000000000000001,,-1.0157,0.3818,0.2297,,,,,
bob,1,28684922,4133,0.01,0.1972,1.4200000000000002,,-1.0291,0.3819,0.2294,,,,,
bob,1,28684922,4134,0.0182,0.2682,2.02,,-1.0222,0.3821,0.2294,,,,,
bob,1,28684922,4135,0.0063,0.2145,1.4000000000000001,,-1.0249,0.3823,0.2291,,,,,
bob,1,28684922,4136,0.0035,0.2457,1.5599999999999998,,-1.0318,0.3824,0.2288,,,,,
bob,1,28684922,4137,0.0338,0.2409,1.68,,-1.0312,0.3826,0.2284,,,,,
bob,1,28684922,4138,0.0081,0.2823,2.02,,-1.0266,0.3828,0.2283,,,,,
bob,1,28684922,4139,0.0071,0.2527,1.8399999999999999,,-1.0043,0.3829,0.2281,,,,,
bob,1,28684922,4140,0.0377,0.2565,1.72,,-1.0104,0.3831,0.2278,,,,,
bob,1,28684922,4141,0.0098,0.2442,1.46,,-1.0244,0.3833,0.227,,,,,
bob,1,28684922,4142,0.0149,0.2353,1.52,,-1.0009,0.3834,0.227,,,,,
bob,1,28684922,4143,0.0109,0.244,1.7399999999999998,,-1.0153,0.3836,0.2265,,,,,
bob,1,28684922,4144,0.0106,0.1839,1.18,,-1.0234,0.3838,0.2259,,,,,
bob,1,28684922,4145,0.0169,0.2105,1.4200000000000002,,-1.0249,0.3839,0.2256,,,,,
bob,1,28684922,4146,0.0049,0.2269,1.34,,-1.0215,0.3841,0.2254,,,,,
bob,1,28684922,4147,0.0105,0.2234,1.6199999999999999,,-1.0222,0.3843,0.2254,,,,,
bob,1,28684922,4148,0.0089,0.2557,1.6,,-1.0101,0.3844,0.2252,,,,,
bob,1,28684922,4149,0.0078,0.2322,1.22,,-0.9844,0.3846,0.2247,,,,,
bob,1,28684922,4150,0.0214,0.2154,1.5,,-1.0137,0.3847,0.2244,,,,,
bob,1,28684922,4151,0.0094,0.2424,1.78,,-1.0248,0.3849,0.2246,,,,,
bob,1,28684922,4152,0.0012,0.258,1.6400000000000001,,-1.0109,0.385,0.2245,,,,,
bob,1,28684922,4153,0.0064,0.2116,1.54,,-1.0268,0.3852,0.2245,,,,,
bob,1,28684922,4154,0.0119,0.225,1.4200000000000002,,-1.0188,0.3853,0.2244,,,,,
bob,1,28684922,4155,0.0037,0.2237,1.6199999999999999,,-1.0207,0.3854,0.2243,,,,,
bob,1,28684922,4156,0.0096,0.2654,1.82,,-1.0081,0.3855,0.2243,,,,,
bob,1,28684922,4157,0.0089,0.2768,1.8599999999999999,,-1.0165,0.3857,0.2248,,,,,
bob,1,28684922,4158,0.0046,0.2504,1.66,,-0.9984,0.3857,0.2248,,,,,
bob,1,28684922,4159,0.009,0.2263,1.5599999999999998,,-1.0113,0.3858,0.2249,,,,,
bob,1,28684922,4160,0.0122,0.2053,1.3599999999999999,,-1.0113,0.3859,0.2247,,,,,
bob,1,28684922,4161,0.0083,0.2823,2.06,,-1.0076,0.386,0.2248,,,,,
bob,1,28684922,4162,0.0068,0.256,1.78,,-1.0155,0.3861,0.2247,,,,,
bob,1,28684922,4163,0.0116,0.2332,2.06,,-1.0086,0.3862,0.2247,,,,,
bob,1,28684922,4164,0.0055,0.2719,1.94,,-1.0133,0.3863,0.2242,,,,,
bob,1,28684922,4165,0.0099,0.2896,2.1,,-1.0113,0.3863,0.2242,,,,,
bob,1,28684922,4166,0.0079,0.2472,1.7399999999999998,,-1.0069,0.3864,0.2243,,,,,
bob,1,28684922,4167,0.0075,0.261,1.66,,-1.0077,0.3865,0.2239,,,,,
bob,1,28684922,4168,0.009,0.2621,1.72,,-1.0103,0.3866,0.2237,,,,,
bob,1,28684922,4169,0.018,0.238,1.6199999999999999,,-1.0081,0.3867,0.2237,,,,,
bob,1,28684922,4170,0.0074,0.2502,1.7999999999999998,,-1.0151,0.3867,0.2235,,,,,
bob,1,28684922,4171,0.0022,0.2776,1.7000000000000002,,-1.0218,0.3868,0.2233,,,,,
bob,1,28684922,4172,0.0052,0.2577,1.8599999999999999,,-1.0238,0.3869,0.223,,,,,
bob,1,28684922,4173,0.0034,0.2947,2.02,,-1.0194,0.387,0.2227,,,,,
bob,1,28684922,4174,0.0094,0.2503,1.7399999999999998,,-1.0095,0.3871,0.2226,,,,,
bob,1,28684922,4175,0.0155,0.2597,1.8399999999999999,,-1.007,0.3872,0.2223,,,,,
bob,1,28684922,4176,0.0084,0.2253,1.6,,-1.0161,0.3873,0.2222,,,,,
bob,1,28684922,4177,0.0065,0.2251,1.44,,-1.0069,0.3873,0.222,,,,,
bob,1,28684922,4178,0.0111,0.2338,1.5,,-1.0033,0.3874,0.2217,,,,,
bob,1,28684922,4179,0.0191,0.2229,1.34,,-1.017,0.3875,0.2214,,,,,
bob,1,28684922,4180,0.0053,0.2121,1.82,,-1.0289,0.3876,0.2212,,,,,
bob,1,28684922,4181,0.01,0.246,1.58,,-1.009,0.3877,0.221,,,,,
bob,1,28684922,4182,0.0043,0.2391,1.24,,-0.9959,0.3878,0.2207,,,,,
bob,1,28684922,4183,0.0054,0.2456,1.7000000000000002,,-1.0073,0.3879,0.2204,,,,,
bob,1,28684922,4184,0.0106,0.2616,1.7999999999999998,,-1.0069,0.388,0.2206,,,,,
bob,1,28684922,4185,0.0044,0.2252,1.68,,-1.0222,0.3881,0.2205,,,,,
bob,1,28684922,4186,0.0188,0.2351,1.58,,-1.0102,0.3882,0.2199,,,,,
bob,1,28684922,4187,0.0035,0.2341,1.72,,-1.011,0.3883,0.2198,,,,,
bob,1,28684922,4188,0.004,0.2726,1.6400000000000001,,-1.0075,0.3884,0.2195,,,,,
bob,1,28684922,4189,0.0083,0.2848,1.82,,-1.0182,0.3885,0.2194,,,,,
bob,1,28684922,4190,0.0031,0.2888,1.78,,-1.0267,0.3886,0.2194,,,,,
bob,1,28684922,4191,0.0052,0.2734,1.82,,-1.0221,0.3887,0.2192,,,,,
bob,1,28684922,4192,0.0086,0.2327,1.6199999999999999,,-1.0242,0.3888,0.2189,,,,,
bob,1,28684922,4193,0.0054,0.2196,1.5,,-1.0129,0.3888,0.2188,,,,,
bob,1,28684922,4194,0.0016,0.265,1.78,,-1.0103,0.3889,0.2192,,,,,
bob,1,28684922,4195,0.0049,0.2138,1.46,,-1.0111,0.389,0.2187,,,,,
bob,1,28684922,4196,0.0051,0.2498,1.7000000000000002,,-1.013,0.3891,0.2188,,,,,
bob,1,28684922,4197,0.0075,0.2453,1.58,,-0.9965,0.3892,0.219,,,,,
bob,1,28684922,4198,0.0161,0.2269,1.38,,-1.0114,0.3892,0.2189,,,,,
bob,1,28684922,4199,0.0106,0.2612,1.76,,-1.0203,0.3893,0.2193,,,,,
bob,1,28684922,4200,0.001,0.243,1.7399999999999998,,-1.0197,0.3893,0.2195,,,,,
bob,1,28684922,4201,0.0051,0.2475,1.7999999999999998,,-1.0118,0.3894,0.2194,,,,,
bob,1,28684922,4202,0.0037,0.3383,2.2800000000000002,,-0.9946,0.3894,0.2195,,,,,
bob,1,28684922,4203,0.0039,0.2786,1.78,,-1.0202,0.3895,0.2197,,,,,
bob,1,28684922,4204,0.0068,0.2659,1.7399999999999998,,-1.0292,0.3895,0.2198,,,,,
bob,1,28684922,4205,0.0058,0.2719,2.18,,-1.0177,0.3895,0.2199,,,,,
bob,1,28684922,4206,0.0041,0.2405,1.5599999999999998,,-1.0103,0.3895,0.2199,,,,,
bob,1,28684922,4207,0.0115,0.2362,1.68,,-1.0167,0.3896,0.2196,,,,,
bob,1,28684922,4208,0.0076,0.2904,2.0,,-1.0154,0.3896,0.2198,,,,,
bob,1,28684922,4209,0.0056,0.2124,1.44,,-1.0058,0.3896,0.2192,,,,,
bob,1,28684922,4210,0.0072,0.2892,2.06,,-1.0121,0.3897,0.2196,,,,,
bob,1,28684922,4211,0.0063,0.2451,1.6,,-1.0137,0.3897,0.2196,,,,,
bob,1,28684922,4212,0.0089,0.3171,2.22,,-1.0174,0.3897,0.2197,,,,,
bob,1,28684922,4213,0.005,0.3211,2.64,,-1.011,0.3897,0.2206,,,,,
bob,1,28684922,4214,0.0053,0.2536,1.94,,-1.0125,0.3897,0.2201,,,,,
bob,1,28684922,4215,0.0062,0.2175,1.4000000000000001,,-1.0061,0.3898,0.2198,,,,,
bob,1,28684922,4216,0.0102,0.2666,1.96,,-1.0126,0.3898,0.2199,,,,,
bob,1,28684922,4217,0.009,0.2863,1.96,,-1.0109,0.3898,0.2203,,,,,
bob,1,28684922,4218,0.0038,0.2808,2.0,,-1.0083,0.3898,0.2205,,,,,
bob,1,28684922,4219,0.0031,0.2181,1.6199999999999999,,-1.0211,0.3898,0.2204,,,,,
bob,1,28684922,4220,0.013,0.3275,2.1999999999999997,,-1.0085,0.3898,0.2208,,,,,
bob,1,28684922,4221,0.0112,0.2494,1.68,,-1.0129,0.3898,0.221,,,,,
bob,1,28684922,4222,0.0051,0.2875,1.8399999999999999,,-1.0255,0.3897,0.2212,,,,,
bob,1,28684922,4223,0.0096,0.2409,1.66,,-1.0326,0.3897,0.2212,,,,,
bob,1,28684922,4224,0.003,0.283,2.4,,-1.0135,0.3897,0.2223,,,,,
bob,1,28684922,4225,0.0018,0.3485,2.1399999999999997,,-1.0144,0.3896,0.2227,,,,,
bob,1,28684922,4226,0.0097,0.2474,1.9,,-1.0215,0.3896,0.2229,,,,,
bob,1,28684922,4227,0.0114,0.2944,1.92,,-1.0101,0.3895,0.2234,,,,,
bob,1,28684922,4228,0.0117,0.3095,1.9,,-1.0096,0.3894,0.2236,,,,,
bob,1,28684922,4229,0.0064,0.2117,1.3,,-1.0174,0.3894,0.2235,,,,,
bob,1,28684922,4230,0.0055,0.2337,1.38,,-1.0334,0.3893,0.2235,,,,,
bob,1,28684922,4231,0.0132,0.2051,1.52,,-1.0055,0.3893,0.2231,,,,,
bob,1,28684922,4232,0.0142,0.2493,1.7399999999999998,,-1.0153,0.3892,0.2233,,,,,
bob,1,28684922,4233,0.0116,0.2609,1.72,,-1.0013,0.3892,0.2232,,,,,
bob,1,28684922,4234,0.0028,0.2444,1.8599999999999999,,-1.0177,0.3892,0.2233,,,,,
bob,1,28684922,4235,0.0126,0.2129,1.46,,-1.0149,0.3891,0.2233,,,,,
bob,1,28684922,4236,0.004,0.2508,1.72,,-1.0207,0.3891,0.2235,,,,,
bob,1,28684922,4237,0.0039,0.2403,2.04,,-1.0136,0.389,0.2236,,,,,
bob,1,28684922,4238,0.0062,0.2512,1.8399999999999999,,-1.0229,0.389,0.2238,,,,,
bob,1,28684922,4239,0.0051,0.2782,1.78,,-1.025,0.3889,0.2236,,,,,
bob,1,28684922,4240,0.0044,0.3175,2.42,,-1.0249,0.3889,0.224,,,,,
bob,1,28684922,4241,0.0111,0.2567,1.68,,-1.0212,0.3889,0.2235,,,,,
bob,1,28684922,4242,0.0049,0.2601,1.5,,-1.005,0.3888,0.2231,,,,,
bob,1,28684922,4243,0.0119,0.252,1.7999999999999998,,-1.0199,0.3888,0.2233,,,,,
bob,1,28684922,4244,0.0033,0.2243,1.66,,-1.0211,0.3888,0.2232,,,,,
bob,1,28684922,4245,0.0041,0.262,1.7000000000000002,,-1.0197,0.3888,0.2234,,,,,
bob,1,28684922,4246,0.01,0.2983,2.1999999999999997,,-1.0163,0.3887,0.2236,,,,,
bob,1,28684922,4247,0.0031,0.2944,1.8800000000000001,,-1.0204,0.3887,0.2237,,,,,
bob,1,28684922,4248,0.011,0.2655,1.96,,-1.0209,0.3887,0.2239,,,,,
bob,1,28684922,4249,0.0101,0.2297,1.66,,-1.0232,0.3887,0.2237,,,,,
bob,1,28684922,4250,0.0011,0.1908,1.28,,-1.0137,0.3886,0.2236,,,,,
bob,1,28684922,4251,0.0102,0.2449,1.7399999999999998,,-1.0199,0.3886,0.2236,,,,,
bob,1,28684922,4252,0.0039,0.2581,2.02,,-1.0145,0.3886,0.2239,,,,,
bob,1,28684922,4253,0.0028,0.2609,1.8800000000000001,,-1.0218,0.3885,0.2242,,,,,
bob,1,28684922,4254,0.0109,0.2202,1.54,,-1.0219,0.3885,0.224,,,,,
bob,1,28684922,4255,0.0022,0.277,1.8800000000000001,,-1.0114,0.3885,0.2241,,,,,
bob,1,28684922,4256,0.0048,0.27,1.9800000000000002,,-0.9999,0.3885,0.2243,,,,,
bob,1,28684922,4257,0.0014,0.2696,1.76,,-1.0188,0.3884,0.2243,,,,,
bob,1,28684922,4258,0.008,0.2545,1.72,,-1.0041,0.3884,0.2244,,,,,
bob,1,28684922,4259,0.0104,0.2971,2.1,,-1.0063,0.3884,0.2246,,,,,
bob,1,28684922,4260,0.0093,0.2979,2.1999999999999997,,-1.011,0.3883,0.2253,,,,,
bob,1,28684922,4261,0.0055,0.2221,1.52,,-1.0101,0.3883,0.2252,,,,,
bob,1,28684922,4262,0.0049,0.2699,2.0,,-1.0039,0.3882,0.2255,,,,,
bob,1,28684922,4263,0.0029,0.2594,2.06,,-1.0054,0.3882,0.2258,,,,,
bob,1,28684922,4264,0.004,0.2001,1.3,,-0.9992,0.3881,0.2254,,,,,
bob,1,28684922,4265,0.0098,0.2288,1.6400000000000001,,-0.996,0.3881,0.2252,,,,,
bob,1,28684922,4266,0.0078,0.2578,2.08,,-0.9947,0.388,0.2252,,,,,
bob,1,28684922,4267,0.0042,0.265,2.02,,-1.0088,0.388,0.2251,,,,,
bob,1,28684922,4268,0.0051,0.2917,2.08,,-1.0146,0.388,0.2251,,,,,
bob,1,28684922,4269,0.003,0.259,1.72,,-1.015,0.388,0.2253,,,,,
bob,1,28684922,4270,0.0093,0.298,1.78,,-1.0192,0.3879,0.2254,,,,,
bob,1,28684922,4271,0.0073,0.2777,2.1399999999999997,,-1.0085,0.3879,0.2255,,,,,
bob,1,28684922,4272,0.0054,0.2923,1.9,,-1.0188,0.3879,0.2255,,,,,
bob,1,28684922,4273,0.0063,0.2464,1.7000000000000002,,-1.0155,0.3878,0.2257,,,,,
bob,1,28684922,4274,0.0027,0.2666,1.9,,-1.0,0.3878,0.2259,,,,,
bob,1,28684922,4275,0.0033,0.2498,2.0,,-1.0101,0.3877,0.2261,,,,,
bob,1,28684922,4276,0.0022,0.3253,2.36,,-1.0103,0.3877,0.2263,,,,,
bob,1,28684922,4277,0.0071,0.3094,2.16,,-0.9988,0.3877,0.2265,,,,,
bob,1,28684922,4278,0.0081,0.2389,1.66,,-1.0091,0.3876,0.2266,,,,,
bob,1,28684922,4279,0.0094,0.2569,1.8399999999999999,,-1.0047,0.3876,0.2267,,,,,
bob,1,28684922,4280,0.01,0.2819,1.92,,-1.0046,0.3875,0.227,,,,,
bob,1,28684922,4281,0.0011,0.3119,1.92,,-1.0229,0.3874,0.2273,,,,,
bob,1,28684922,4282,0.0019,0.2772,2.04,,-1.0065,0.3874,0.2274,,,,,
bob,1,28684922,4283,0.0012,0.2548,1.5599999999999998,,-1.0162,0.3873,0.2272,,,,,
bob,1,28684922,4284,0.004,0.2075,1.58,,-1.0083,0.3873,0.2274,,,,,
bob,1,28684922,4285,0.0107,0.2491,1.68,,-1.0066,0.3872,0.2276,,,,,
bob,1,28684922,4286,0.0029,0.2844,1.72,,-1.0229,0.3872,0.2276,,,,,
bob,1,28684922,4287,0.0037,0.2471,1.5599999999999998,,-1.0095,0.3871,0.2276,,,,,
bob,1,28684922,4288,0.0094,0.2505,1.8399999999999999,,-1.0206,0.3871,0.2279,,,,,
bob,1,28684922,4289,0.0047,0.3143,2.12,,-1.0043,0.387,0.2283,,,,,
bob,1,28684922,4290,0.013,0.2913,2.1399999999999997,,-1.0167,0.3869,0.2286,,,,,
bob,1,28684922,4291,0.0043,0.2433,1.76,,-1.0032,0.3869,0.2285,,,,,
bob,1,28684922,4292,0.0025,0.2559,1.68,,-1.0193,0.3868,0.2289,,,,,
bob,1,28684922,4293,0.0021,0.3364,2.74,,-1.0156,0.3867,0.2293,,,,,
bob,1,28684922,4294,0.0092,0.2612,1.78,,-1.0148,0.3867,0.229,,,,,
bob,1,28684922,4295,0.0038,0.2641,2.04,,-1.0118,0.3866,0.2291,,,,,
bob,1,28684922,4296,0.0045,0.2416,1.7999999999999998,,-1.0193,0.3866,0.229,,,,,
bob,1,28684922,4297,0.0044,0.2643,1.8599999999999999,,-1.0238,0.3865,0.2292,,,,,
bob,1,28684922,4298,0.0116,0.2292,1.6400000000000001,,-1.031,0.3865,0.2291,,,,,
bob,1,28684922,4299,0.0028,0.2536,1.8599999999999999,,-1.0122,0.3864,0.2292,,,,,
bob,1,28684922,4300,0.0053,0.2367,1.58,,-1.011,0.3864,0.2291,,,,,
bob,1,28684922,4301,0.0074,0.305,2.48,,-1.0065,0.3863,0.2294,,,,,
bob,1,28684922,4302,0.0051,0.2141,1.4200000000000002,,-1.0216,0.3862,0.2295,,,,,
bob,1,28684922,4303,0.0078,0.2847,2.02,,-1.0006,0.3862,0.2297,,,,,
bob,1,28684922,4304,0.0048,0.2676,2.1,,-0.9961,0.3861,0.2299,,,,,
bob,1,28684922,4305,0.0013,0.3345,2.08,,-1.0085,0.3861,0.2303,,,,,
bob,1,28684922,4306,-0.0015,0.2852,1.9,,-1.01,0.386,0.2304,,,,,
bob,1,28684922,4307,0.0024,0.2373,1.82,,-1.0097,0.3859,0.2305,,,,,
bob,1,28684922,4308,0.0055,0.249,1.7999999999999998,,-1.0112,0.3859,0.2308,,,,,
bob,1,28684922,4309,0.0031,0.3738,2.6,,-1.0221,0.3858,0.2311,,,,,
bob,1,28684922,4310,0.0046,0.2888,2.48,,-1.0233,0.3857,0.2316,,,,,
bob,1,28684922,4311,0.0045,0.2789,1.94,,-1.0237,0.3856,0.2318,,,,,
bob,1,28684922,4312,0.005,0.3178,2.26,,-1.0214,0.3856,0.2323,,,,,
bob,1,28684922,4313,0.0087,0.2734,1.94,,-1.0138,0.3855,0.2327,,,,,
bob,1,28684922,4314,0.0028,0.315,2.3,,-1.0341,0.3854,0.2333,,,,,
bob,1,28684922,4315,0.0057,0.2612,1.78,,-1.0145,0.3852,0.2336,,,,,
bob,1,28684922,4316,0.0016,0.2618,1.8599999999999999,,-1.0153,0.3851,0.2338,,,,,
bob,1,28684922,4317,0.0064,0.2604,1.66,,-1.0261,0.385,0.234,,,,,
bob,1,28684922,4318,0.0025,0.2904,1.96,,-1.0175,0.3849,0.2342,,,,,
bob,1,28684922,4319,0.0031,0.2417,1.92,,-1.0152,0.3848,0.2343,,,,,
bob,1,28684922,4320,0.0039,0.2907,2.02,,-1.0143,0.3847,0.2348,,,,,
bob,1,28684922,4321,0.004,0.3096,1.9,,-1.014,0.3846,0.2351,,,,,
bob,1,28684922,4322,0.0027,0.3467,2.3800000000000003,,-1.0112,0.3845,0.2354,,,,,
bob,1,28684922,4323,0.0089,0.2363,1.6400000000000001,,-1.0032,0.3844,0.2354,,,,,
bob,1,28684922,4324,0.0051,0.2746,2.12,,-1.0203,0.3843,0.2356,,,,,
bob,1,28684922,4325,0.0016,0.2682,2.3,,-1.0185,0.3842,0.236,,,,,
bob,1,28684922,4326,0.0051,0.2939,2.06,,-1.0046,0.384,0.2364,,,,,
bob,1,28684922,4327,0.0091,0.2348,1.78,,-1.0093,0.3839,0.2367,,,,,
bob,1,28684922,4328,0.0077,0.2655,1.54,,-1.01,0.3838,0.2369,,,,,
bob,1,28684922,4329,0.0058,0.2834,1.94,,-1.0051,0.3837,0.2372,,,,,
bob,1,28684922,4330,0.0009,0.2837,1.8800000000000001,,-1.0036,0.3835,0.2376,,,,,
bob,1,28684922,4331,0.0038,0.2615,2.08,,-1.0133,0.3834,0.238,,,,,
bob,1,28684922,4332,0.0082,0.2777,1.8800000000000001,,-1.0264,0.3833,0.2382,,,,,
bob,1,28684922,4333,0.0027,0.2971,2.22,,-1.0177,0.3832,0.2387,,,,,
bob,1,28684922,4334,0.0059,0.3471,2.86,,-1.0162,0.383,0.2391,,,,,
bob,1,28684922,4335,0.008,0.2655,2.02,,-1.0145,0.3829,0.2395,,,,,
bob,1,28684922,4336,0.0063,0.2715,1.7399999999999998,,-1.0133,0.3828,0.2396,,,,,
bob,1,28684922,4337,0.0034,0.3192,2.06,,-1.0085,0.3826,0.2399,,,,,
bob,1,28684922,4338,0.0057,0.2628,2.0,,-1.0113,0.3825,0.2399,,,,,
bob,1,28684922,4339,0.0049,0.2885,2.36,,-1.0176,0.3824,0.24,,,,,
bob,1,28684922,4340,0.0055,0.2794,1.9800000000000002,,-1.026,0.3822,0.2402,,,,,
bob,1,28684922,4341,0.0018,0.288,1.7999999999999998,,-1.022,0.3821,0.2403,,,,,
bob,1,28684922,4342,0.0054,0.2119,1.6199999999999999,,-1.0088,0.382,0.2404,,,,,
bob,1,28684922,4343,0.0087,0.2844,2.1999999999999997,,-1.0163,0.3819,0.2407,,,,,
bob,1,28684922,4344,0.0032,0.2026,1.44,,-1.0203,0.3818,0.2409,,,,,
bob,1,28684922,4345,0.0084,0.319,2.3800000000000003,,-1.0214,0.3816,0.2414,,,,,
bob,1,28684922,4346,0.0028,0.2328,1.8800000000000001,,-1.0186,0.3815,0.2417,,,,,
bob,1,28684922,4347,0.0065,0.2574,2.04,,-1.007,0.3814,0.2419,,,,,
bob,1,28684922,4348,0.0039,0.3238,2.44,,-1.0181,0.3813,0.2424,,,,,
bob,1,28684922,4349,0.0043,0.3425,2.3,,-1.0074,0.3811,0.2431,,,,,
bob,1,28684922,4350,0.0011,0.2753,2.12,,-1.0164,0.381,0.2434,,,,,
bob,1,28684922,4351,0.0065,0.321,2.44,,-1.0282,0.3808,0.2437,,,,,
bob,1,28684922,4352,0.006,0.2738,1.8800000000000001,,-1.0109,0.3807,0.2439,,,,,
bob,1,28684922,4353,0.0039,0.3126,2.34,,-1.0094,0.3806,0.2443,,,,,
bob,1,28684922,4354,0.0071,0.3091,2.6599999999999997,,-1.0101,0.3804,0.2449,,,,,
bob,1,28684922,4355,0.0085,0.3479,2.3800000000000003,,-1.0104,0.3803,0.2453,,,,,
bob,1,28684922,4356,0.0026,0.2979,2.5,,-1.0064,0.3801,0.2457,,,,,
bob,1,28684922,4357,0.0039,0.2742,1.72,,-1.0106,0.38,0.2457,,,,,
bob,1,28684922,4358,0.0092,0.2572,1.6,,-1.013,0.3798,0.2456,,,,,
bob,1,28684922,4359,0.0052,0.2554,1.7000000000000002,,-1.0028,0.3797,0.2457,,,,,
bob,1,28684922,4360,0.004,0.3,2.1,,-1.0175,0.3795,0.2461,,,,,
bob,1,28684922,4361,0.0078,0.2927,2.1,,-1.0152,0.3794,0.2462,,,,,
bob,1,28684922,4362,-0.0003,0.3121,2.1,,-1.0073,0.3793,0.2463,,,,,
bob,1,28684922,4363,0.0037,0.3454,2.54,,-1.011,0.3792,0.2466,,,,,
bob,1,28684922,4364,0.0021,0.3572,2.26,,-1.0191,0.379,0.2468,,,,,
bob,1,28684922,4365,0.0026,0.2533,1.94,,-1.0201,0.3789,0.2466,,,,,
bob,1,28684922,4366,0.0037,0.3508,2.44,,-1.0137,0.3788,0.247,,,,,
bob,1,28684922,4367,0.0055,0.282,2.2399999999999998,,-1.0144,0.3787,0.2474,,,,,
bob,1,28684922,4368,0.0083,0.2909,1.8800000000000001,,-1.0019,0.3785,0.2475,,,,,
bob,1,28684922,4369,0.0029,0.2734,2.08,,-1.0076,0.3784,0.2477,,,,,
bob,1,28684922,4370,0.0055,0.2894,2.3800000000000003,,-1.0196,0.3783,0.248,,,,,
bob,1,28684922,4371,0.0026,0.2955,2.08,,-1.0213,0.3782,0.2482,,,,,
bob,1,28684922,4372,0.0025,0.2809,2.02,,-1.0199,0.3781,0.2483,,,,,
bob,1,28684922,4373,0.0032,0.3145,2.2800000000000002,,-1.0244,0.378,0.2484,,,,,
bob,1,28684922,4374,0.0047,0.2397,1.7399999999999998,,-1.0208,0.3778,0.2484,,,,,
bob,1,28684922,4375,0.004,0.2885,1.8399999999999999,,-1.0201,0.3777,0.2484,,,,,
bob,1,28684922,4376,0.0078,0.295,2.2399999999999998,,-1.0174,0.3776,0.2488,,,,,
bob,1,28684922,4377,0.0022,0.2673,2.22,,-1.0157,0.3775,0.2493,,,,,
bob,1,28684922,4378,0.006,0.2522,1.7000000000000002,,-1.0165,0.3774,0.2494,,,,,
bob,1,28684922,4379,0.0004,0.2872,2.2399999999999998,,-1.0251,0.3773,0.2499,,,,,
bob,1,28684922,4380,0.0023,0.2813,2.18,,-1.0292,0.3772,0.2501,,,,,
bob,1,28684922,4381,0.0074,0.2213,1.48,,-1.026,0.3771,0.25,,,,,
bob,1,28684922,4382,0.0078,0.3047,2.02,,-1.0146,0.3769,0.2505,,,,,
bob,1,28684922,4383,0.0072,0.2449,1.7000000000000002,,-1.02,0.3768,0.2505,,,,,
bob,1,28684922,4384,0.0014,0.3007,2.26,,-1.0161,0.3767,0.2507,,,,,
bob,1,28684922,4385,0.0034,0.2879,1.9800000000000002,,-1.0187,0.3766,0.2508,,,,,
bob,1,28684922,4386,0.0035,0.2647,2.0,,-1.009,0.3765,0.2511,,,,,
bob,1,28684922,4387,0.0023,0.2873,2.12,,-1.0137,0.3764,0.2512,,,,,
bob,1,28684922,4388,0.0041,0.3276,2.2800000000000002,,-1.012,0.3763,0.2516,,,,,
bob,1,28684922,4389,0.0025,0.2418,1.72,,-1.0112,0.3762,0.2515,,,,,
bob,1,28684922,4390,0.0029,0.3165,2.22,,-1.0158,0.3761,0.2517,,,,,
bob,1,28684922,4391,0.0068,0.2724,2.1,,-1.0133,0.376,0.2519,,,,,
bob,1,28684922,4392,0.0049,0.2719,1.5,,-1.0076,0.3759,0.2518,,,,,
bob,1,28684922,4393,0.0076,0.3046,2.56,,-1.0068,0.3758,0.2525,,,,,
bob,1,28684922,4394,0.0065,0.3427,2.16,,-1.0117,0.3757,0.2526,,,,,
bob,1,28684922,4395,0.0043,0.2982,2.1999999999999997,,-1.0185,0.3756,0.253,,,,,
bob,1,28684922,4396,0.0038,0.3294,2.22,,-1.0124,0.3755,0.2533,,,,,
bob,1,28684922,4397,0.0022,0.2731,1.9800000000000002,,-1.0119,0.3753,0.2535,,,,,
bob,1,28684922,4398,0.0048,0.2834,1.96,,-1.0153,0.3752,0.254,,,,,
bob,1,28684922,4399,0.0039,0.3182,2.1999999999999997,,-1.0159,0.3751,0.2542,,,,,
bob,1,28684922,4400,0.0002,0.2688,1.92,,-1.0106,0.375,0.2543,,,,,
bob,1,28684922,4401,0.0038,0.3171,2.42,,-1.013,0.3749,0.2546,,,,,
bob,1,28684922,4402,0.0067,0.2951,2.34,,-1.0149,0.3748,0.2546,,,,,
bob,1,28684922,4403,0.0061,0.3036,2.18,,-1.0137,0.3747,0.2549,,,,,
bob,1,28684922,4404,0.0024,0.275,2.2800000000000002,,-1.0152,0.3746,0.2551,,,,,
bob,1,28684922,4405,0.0059,0.2967,1.6400000000000001,,-1.0098,0.3745,0.2548,,,,,
bob,1,28684922,4406,0.0068,0.2585,1.8599999999999999,,-1.0186,0.3744,0.2549,,,,,
bob,1,28684922,4407,0.0029,0.2811,1.92,,-1.0072,0.3743,0.2551,,,,,
bob,1,28684922,4408,0.0054,0.2393,2.0,,-1.015,0.3742,0.2551,,,,,
bob,1,28684922,4409,-0.0012,0.3298,2.3,,-1.0053,0.3741,0.2556,,,,,
bob,1,28684922,4410,0.0059,0.2862,1.9800000000000002,,-1.0158,0.374,0.2556,,,,,
bob,1,28684922,4411,0.0011,0.2591,2.12,,-0.9998,0.3739,0.2558,,,,,
bob,1,28684922,4412,0.0029,0.3053,2.16,,-1.0106,0.3738,0.2558,,,,,
bob,1,28684922,4413,0.0052,0.3036,2.3800000000000003,,-1.0,0.3737,0.2557,,,,,
bob,1,28684922,4414,0.0041,0.3333,2.42,,-1.0145,0.3736,0.2559,,,,,
bob,1,28684922,4415,0.0046,0.306,2.56,,-1.0176,0.3735,0.2566,,,,,
bob,1,28684922,4416,0.0001,0.3164,2.34,,-1.0193,0.3734,0.2568,,,,,
bob,1,28684922,4417,0.0043,0.2606,1.96,,-1.0146,0.3733,0.2567,,,,,
bob,1,28684922,4418,0.0036,0.25,1.94,,-1.0136,0.3733,0.2567,,,,,
bob,1,28684922,4419,0.0041,0.2804,1.66,,-1.0046,0.3732,0.2566,,,,,
bob,1,28684922,4420,0.0035,0.2863,2.06,,-1.0249,0.3731,0.2566,,,,,
bob,1,28684922,4421,0.0019,0.3207,2.44,,-1.022,0.373,0.257,,,,,
bob,1,28684922,4422,0.0034,0.3489,2.16,,-1.0128,0.3729,0.2572,,,,,
bob,1,28684922,4423,0.0024,0.3035,2.44,,-1.0127,0.3729,0.2577,,,,,
bob,1,28684922,4424,0.001,0.268,1.66,,-1.0079,0.3728,0.2572,,,,,
bob,1,28684922,4425,-0.0012,0.2897,2.42,,-1.0103,0.3727,0.2573,,,,,
bob,1,28684922,4426,0.0007,0.3397,2.5,,-1.0121,0.3726,0.2577,,,,,
bob,1,28684922,4427,0.0061,0.3282,2.54,,-1.0117,0.3726,0.2579,,,,,
bob,1,28684922,4428,0.0033,0.3136,2.36,,-1.015,0.3725,0.2582,,,,,
bob,1,28684922,4429,0.0016,0.2884,2.54,,-1.0187,0.3724,0.2588,,,,,
bob,1,28684922,4430,0.0005,0.3196,2.58,,-1.0206,0.3723,0.2596,,,,,
bob,1,28684922,4431,0.0047,0.2951,2.1399999999999997,,-1.0093,0.3722,0.2599,,,,,
bob,1,28684922,4432,0.0045,0.2847,2.12,,-1.0151,0.372,0.2602,,,,,
bob,1,28684922,4433,0.0065,0.2675,1.96,,-1.012,0.3719,0.2602,,,,,
bob,1,28684922,4434,0.0042,0.267,2.06,,-1.0224,0.3718,0.2603,,,,,
bob,1,28684922,4435,0.002,0.2938,2.2800000000000002,,-1.0115,0.3717,0.2607,,,,,
bob,1,28684922,4436,0.0033,0.3523,2.58,,-1.0114,0.3716,0.2612,,,,,
bob,1,28684922,4437,0.0048,0.3586,2.1999999999999997,,-1.0119,0.3715,0.2613,,,,,
bob,1,28684922,4438,0.0017,0.2411,2.0,,-1.0153,0.3714,0.2614,,,,,
bob,1,28684922,4439,0.0031,0.2971,2.08,,-1.0103,0.3713,0.2616,,,,,
bob,1,28684922,4440,0.0026,0.2749,1.9800000000000002,,-1.0078,0.3712,0.2613,,,,,
bob,1,28684922,4441,0.0062,0.3441,2.36,,-1.0082,0.3711,0.2617,,,,,
bob,1,28684922,4442,0.0032,0.3227,2.32,,-1.0106,0.371,0.2622,,,,,
bob,1,28684922,4443,0.0019,0.2786,2.22,,-1.0151,0.3709,0.2624,,,,,
bob,1,28684922,4444,0.005,0.3041,2.12,,-1.0236,0.3708,0.2626,,,,,
bob,1,28684922,4445,0.0099,0.307,2.16,,-1.0177,0.3706,0.2628,,,,,
bob,1,28684922,4446,0.0056,0.25,1.82,,-1.0116,0.3705,0.2626,,,,,
bob,1,28684922,4447,0.0042,0.2354,1.54,,-1.0108,0.3705,0.2623,,,,,
bob,1,28684922,4448,0.0023,0.3183,2.1999999999999997,,-1.0057,0.3704,0.2625,,,,,
bob,1,28684922,4449,0.0069,0.3345,3.1199999999999997,,-1.0088,0.3703,0.2632,,,,,
bob,1,28684922,4450,0.0049,0.3116,2.42,,-1.0213,0.3702,0.264,,,,,
bob,1,28684922,4451,0.004,0.2672,2.2800000000000002,,-1.0101,0.3701,0.2643,,,,,
bob,1,28684922,4452,0.0028,0.3076,2.02,,-1.0203,0.3699,0.2642,,,,,
bob,1,28684922,4453,0.0027,0.3736,2.2800000000000002,,-1.0175,0.3698,0.2644,,,,,
bob,1,28684922,4454,0.0056,0.2525,1.94,,-1.014,0.3697,0.2647,,,,,
bob,1,28684922,4455,0.0018,0.2942,2.1999999999999997,,-1.0079,0.3696,0.2648,,,,,
bob,1,28684922,4456,0.0023,0.2627,2.34,,-1.0099,0.3695,0.265,,,,,
bob,1,28684922,4457,0.0039,0.3155,2.44,,-1.0109,0.3694,0.2654,,,,,
bob,1,28684922,4458,0.0087,0.2839,2.3,,-1.0225,0.3693,0.2657,,,,,
bob,1,28684922,4459,0.0032,0.3249,2.1999999999999997,,-1.0065,0.3692,0.2658,,,,,
bob,1,28684922,4460,0.0027,0.2974,2.2399999999999998,,-1.0201,0.3691,0.2658,,,,,
bob,1,28684922,4461,0.0017,0.3082,2.2399999999999998,,-1.0228,0.369,0.2662,,,,,
bob,1,28684922,4462,0.0,0.3357,2.5,,-1.0247,0.3689,0.2664,,,,,
bob,1,28684922,4463,0.0027,0.3165,2.18,,-1.0147,0.3688,0.2665,,,,,
bob,1,28684922,4464,0.0052,0.2989,2.34,,-1.0102,0.3686,0.2671,,,,,
bob,1,28684922,4465,0.0011,0.3097,2.04,,-1.0251,0.3685,0.2673,,,,,
bob,1,28684922,4466,0.0036,0.3134,2.1999999999999997,,-1.0179,0.3684,0.2674,,,,,
bob,1,28684922,4467,0.008,0.3044,2.12,,-1.0109,0.3683,0.2675,,,,,
bob,1,28684922,4468,0.002,0.3023,2.1999999999999997,,-1.0204,0.3682,0.2675,,,,,
bob,1,28684922,4469,0.0031,0.3699,2.7199999999999998,,-1.0146,0.3681,0.268,,,,,
bob,1,28684922,4470,0.0042,0.3685,2.88,,-1.0208,0.368,0.2686,,,,,
bob,1,28684922,4471,0.0042,0.292,2.36,,-1.0141,0.3679,0.2687,,,,,
bob,1,28684922,4472,0.0045,0.3168,2.42,,-1.014,0.3677,0.269,,,,,
bob,1,28684922,4473,0.001,0.3011,2.34,,-1.0089,0.3676,0.2694,,,,,
bob,1,28684922,4474,0.004,0.2877,2.1399999999999997,,-1.0052,0.3675,0.2694,,,,,
bob,1,28684922,4475,0.0036,0.2639,2.04,,-1.0032,0.3674,0.2694,,,,,
bob,1,28684922,4476,0.0033,0.349,2.6599999999999997,,-1.0146,0.3673,0.2695,,,,,
bob,1,28684922,4477,0.0044,0.3398,2.32,,-1.0113,0.3672,0.2696,,,,,
bob,1,28684922,4478,0.0032,0.2908,2.04,,-1.0103,0.3671,0.2699,,,,,
bob,1,28684922,4479,0.0026,0.3276,2.7199999999999998,,-1.0095,0.367,0.2703,,,,,
bob,1,28684922,4480,0.0039,0.3077,2.1399999999999997,,-1.0137,0.3669,0.2705,,,,,
bob,1,28684922,4481,0.0048,0.2872,2.3,,-1.0116,0.3667,0.2706,,,,,
bob,1,28684922,4482,0.0009,0.292,2.64,,-1.0134,0.3666,0.2709,,,,,
bob,1,28684922,4483,0.0012,0.3292,2.42,,-1.0067,0.3665,0.2714,,,,,
bob,1,28684922,4484,0.0034,0.3365,2.5,,-1.0106,0.3664,0.2719,,,,,
bob,1,28684922,4485,0.0026,0.2809,2.42,,-1.0147,0.3663,0.2723,,,,,
bob,1,28684922,4486,0.0015,0.329,2.3800000000000003,,-1.0034,0.3661,0.2727,,,,,
bob,1,28684922,4487,-0.0002,0.2627,1.8599999999999999,,-1.0202,0.366,0.2729,,,,,
bob,1,28684922,4488,0.0033,0.309,2.3,,-1.0173,0.3659,0.2731,,,,,
bob,1,28684922,4489,0.0027,0.2859,2.12,,-1.0234,0.3658,0.2731,,,,,
bob,1,28684922,4490,0.0029,0.3297,2.16,,-1.0284,0.3656,0.2731,,,,,
bob,1,28684922,4491,0.0031,0.315,2.18,,-1.0102,0.3655,0.2734,,,,,
bob,1,28684922,4492,0.0089,0.3171,2.3800000000000003,,-1.0225,0.3654,0.2737,,,,,
bob,1,28684922,4493,0.002,0.3118,2.58,,-1.0242,0.3653,0.2737,,,,,
bob,1,28684922,4494,0.0039,0.2981,2.2399999999999998,,-1.0156,0.3652,0.274,,,,,
bob,1,28684922,4495,0.0042,0.2926,2.26,,-1.0168,0.3651,0.2741,,,,,
bob,1,28684922,4496,0.0039,0.2496,1.94,,-1.0177,0.365,0.2742,,,,,
bob,1,28684922,4497,0.0014,0.307,2.42,,-1.0214,0.3648,0.2744,,,,,
bob,1,28684922,4498,0.0031,0.3304,2.54,,-1.0226,0.3647,0.275,,,,,
bob,1,28684922,4499,0.0031,0.3146,2.48,,-1.0114,0.3646,0.2752,,,,,
bob,1,28684922,4500,0.0035,0.3127,2.3,,-1.0258,0.3645,0.2756,,,,,
bob,1,28684922,4501,0.0042,0.2965,2.1,,-1.0135,0.3644,0.2755,,,,,
bob,1,28684922,4502,0.002,0.296,2.3,,-1.0261,0.3643,0.276,,,,,
bob,1,28684922,4503,-0.0013,0.35,2.44,,-1.0181,0.3641,0.2763,,,,,
bob,1,28684922,4504,0.0021,0.3411,2.12,,-1.0269,0.364,0.2762,,,,,
bob,1,28684922,4505,0.0029,0.3439,2.44,,-1.0058,0.3639,0.2764,,,,,
bob,1,28684922,4506,0.0032,0.3197,2.02,,-1.0142,0.3638,0.2764,,,,,
bob,1,28684922,4507,0.0055,0.2742,2.12,,-1.0192,0.3637,0.2767,,,,,
bob,1,28684922,4508,0.0012,0.3653,2.1999999999999997,,-1.011,0.3636,0.2769,,,,,
bob,1,28684922,4509,0.0053,0.2615,2.08,,-1.0144,0.3635,0.2767,,,,,
bob,1,28684922,4510,0.0049,0.3131,2.1999999999999997,,-1.0284,0.3634,0.2766,,,,,
bob,1,28684922,4511,0.0039,0.3116,2.06,,-1.0124,0.3633,0.2767,,,,,
bob,1,28684922,4512,0.004,0.2942,2.04,,-1.0086,0.3632,0.2764,,,,,
bob,1,28684922,4513,0.0036,0.3616,2.7,,-1.0098,0.3632,0.2768,,,,,
bob,1,28684922,4514,0.0021,0.323,2.68,,-1.015,0.3631,0.277,,,,,
bob,1,28684922,4515,0.004,0.2886,2.04,,-1.0241,0.363,0.2772,,,,,
bob,1,28684922,4516,0.0036,0.2832,1.8800000000000001,,-1.015,0.3629,0.2772,,,,,
bob,1,28684922,4517,0.0036,0.3104,2.32,,-1.0108,0.3628,0.2776,,,,,
bob,1,28684922,4518,0.0013,0.3429,2.7,,-1.0188,0.3627,0.278,,,,,
bob,1,28684922,4519,0.0039,0.2915,2.16,,-1.0174,0.3626,0.2781,,,,,
bob,1,28684922,4520,0.0049,0.3209,2.74,,-1.0144,0.3626,0.2785,,,,,
bob,1,28684922,4521,0.0034,0.3688,2.64,,-1.0116,0.3625,0.2788,,,,,
bob,1,28684922,4522,0.0067,0.3199,2.94,,-1.0333,0.3624,0.2792,,,,,
bob,1,28684922,4523,0.0029,0.3417,2.52,,-1.0152,0.3622,0.2797,,,,,
bob,1,28684922,4524,0.003,0.3362,2.92,,-0.9996,0.3621,0.2801,,,,,
bob,1,28684922,4525,0.0042,0.2944,2.44,,-1.0077,0.362,0.2801,,,,,
bob,1,28684922,4526,0.0041,0.2901,2.22,,-1.0201,0.3619,0.2802,,,,,
bob,1,28684922,4527,0.0005,0.3613,2.92,,-1.0108,0.3618,0.2807,,,,,
bob,1,28684922,4528,0.0027,0.3041,2.46,,-1.0073,0.3617,0.2812,,,,,
bob,1,28684922,4529,0.0037,0.3148,2.42,,-1.0124,0.3616,0.2816,,,,,
bob,1,28684922,4530,0.002,0.3086,2.08,,-1.0162,0.3614,0.2817,,,,,
bob,1,28684922,4531,0.0032,0.298,2.16,,-1.0158,0.3613,0.2816,,,,,
bob,1,28684922,4532,0.0026,0.3623,2.7,,-1.0202,0.3612,0.2821,,,,,
bob,1,28684922,4533,0.0028,0.2717,2.12,,-1.0231,0.3611,0.2821,,,,,
bob,1,28684922,4534,0.0022,0.3019,2.2800000000000002,,-1.0179,0.361,0.2818,,,,,
bob,1,28684922,4535,0.0041,0.2727,2.3,,-1.0145,0.3609,0.2819,,,,,
bob,1,28684922,4536,0.0033,0.3351,2.48,,-1.02,0.3608,0.2822,,,,,
bob,1,28684922,4537,0.0054,0.3716,2.68,,-1.0123,0.3607,0.2826,,,,,
bob,1,28684922,4538,0.002,0.3699,2.4,,-1.0233,0.3606,0.2827,,,,,
bob,1,28684922,4539,0.0034,0.3115,2.54,,-1.0271,0.3605,0.2829,,,,,
bob,1,28684922,4540,0.0043,0.3186,2.6599999999999997,,-1.0173,0.3604,0.2832,,,,,
bob,1,28684922,4541,0.0066,0.2941,2.1999999999999997,,-1.0178,0.3603,0.2835,,,,,
bob,1,28684922,4542,0.0049,0.3228,2.5,,-1.0133,0.3602,0.284,,,,,
bob,1,28684922,4543,-0.0004,0.2692,1.8800000000000001,,-1.0094,0.3601,0.2837,,,,,
bob,1,28684922,4544,0.0028,0.2898,2.26,,-1.0162,0.36,0.2842,,,,,
bob,1,28684922,4545,0.0021,0.3065,2.56,,-1.0261,0.3598,0.2843,,,,,
bob,1,28684922,4546,0.0019,0.3195,2.32,,-1.0045,0.3597,0.2845,,,,,
bob,1,28684922,4547,0.0025,0.2609,2.0,,-1.0188,0.3596,0.2846,,,,,
bob,1,28684922,4548,0.001,0.3261,2.36,,-1.0075,0.3595,0.2845,,,,,
bob,1,28684922,4549,0.0028,0.3093,2.02,,-1.0255,0.3595,0.2843,,,,,
bob,1,28684922,4550,0.0018,0.2927,2.2399999999999998,,-1.0155,0.3594,0.2844,,,,,
bob,1,28684922,4551,0.0025,0.3296,2.58,,-1.0262,0.3593,0.2845,,,,,
bob,1,28684922,4552,0.0033,0.2874,2.1999999999999997,,-1.0189,0.3592,0.2846,,,,,
bob,1,28684922,4553,0.0043,0.3002,2.12,,-1.0122,0.3591,0.2845,,,,,
bob,1,28684922,4554,0.0002,0.2579,2.2399999999999998,,-1.0132,0.3591,0.2843,,,,,
bob,1,28684922,4555,0.003,0.2753,1.9,,-1.019,0.359,0.2841,,,,,
bob,1,28684922,4556,0.0006,0.306,2.42,,-1.0115,0.359,0.284,,,,,
bob,1,28684922,4557,0.0014,0.3276,2.58,,-1.0176,0.3589,0.2844,,,,,
bob,1,28684922,4558,0.0032,0.2868,2.16,,-1.0343,0.3589,0.2848,,,,,
bob,1,28684922,4559,0.0021,0.3155,3.04,,-1.0279,0.3588,0.2855,,,,,
bob,1,28684922,4560,0.0014,0.3042,2.7199999999999998,,-1.0165,0.3587,0.2858,,,,,
bob,1,28684922,4561,0.0023,0.3065,2.1399999999999997,,-1.0178,0.3586,0.2858,,,,,
bob,1,28684922,4562,0.0029,0.3302,2.56,,-1.0175,0.3585,0.286,,,,,
bob,1,28684922,4563,0.0058,0.3086,1.94,,-1.0204,0.3585,0.2857,,,,,
bob,1,28684922,4564,0.0024,0.3248,2.56,,-1.0147,0.3584,0.2859,,,,,
bob,1,28684922,4565,-0.0005,0.2925,1.8800000000000001,,-1.0127,0.3583,0.2859,,,,,
bob,1,28684922,4566,0.0049,0.2814,1.8800000000000001,,-1.0123,0.3583,0.2855,,,,,
bob,1,28684922,4567,0.002,0.2766,2.04,,-1.0097,0.3582,0.2854,,,,,
bob,1,28684922,4568,0.0024,0.3023,2.42,,-1.0148,0.3582,0.2857,,,,,
bob,1,28684922,4569,0.0058,0.3259,2.36,,-1.0117,0.3581,0.2858,,,,,
bob,1,28684922,4570,0.0015,0.3199,2.44,,-1.0093,0.3581,0.2858,,,,,
bob,1,28684922,4571,0.0036,0.2712,2.1399999999999997,,-1.0148,0.358,0.2858,,,,,
bob,1,28684922,4572,0.0031,0.2939,2.06,,-1.011,0.358,0.2859,,,,,
bob,1,28684922,4573,0.0043,0.3523,2.76,,-1.0193,0.3579,0.2861,,,,,
bob,1,28684922,4574,0.0022,0.3205,2.36,,-1.0177,0.3579,0.2866,,,,,
bob,1,28684922,4575,0.0027,0.3271,2.4,,-1.0089,0.3578,0.2867,,,,,
bob,1,28684922,4576,0.0026,0.2829,1.9,,-1.0148,0.3577,0.2866,,,,,
bob,1,28684922,4577,0.0007,0.3264,2.46,,-1.0197,0.3577,0.2866,,,,,
bob,1,28684922,4578,0.0016,0.3522,2.5,,-1.0169,0.3576,0.287,,,,,
bob,1,28684922,4579,0.005,0.302,2.2399999999999998,,-1.0331,0.3576,0.287,,,,,
bob,1,28684922,4580,0.0047,0.3119,2.44,,-1.0088,0.3575,0.2872,,,,,
bob,1,28684922,4581,0.0026,0.3449,2.6,,-1.0171,0.3574,0.2878,,,,,
bob,1,28684922,4582,0.0035,0.3354,2.8400000000000003,,-1.016,0.3574,0.2882,,,,,
bob,1,28684922,4583,0.0014,0.3157,2.52,,-1.0288,0.3573,0.2886,,,,,
bob,1,28684922,4584,0.0028,0.3365,2.18,,-1.0179,0.3572,0.2886,,,,,
bob,1,28684922,4585,0.0007,0.3444,2.78,,-1.007,0.3571,0.289,,,,,
bob,1,28684922,4586,0.0038,0.3249,2.3800000000000003,,-1.0171,0.357,0.2892,,,,,
bob,1,28684922,4587,0.0026,0.2845,1.82,,-1.0133,0.357,0.2891,,,,,
bob,1,28684922,4588,0.0025,0.3685,3.04,,-1.011,0.3569,0.2894,,,,,
bob,1,28684922,4589,0.0038,0.2778,2.1399999999999997,,-1.0308,0.3568,0.2897,,,,,
bob,1,28684922,4590,0.0016,0.3593,2.6,,-1.027,0.3567,0.2899,,,,,
bob,1,28684922,4591,0.0034,0.385,2.98,,-1.0187,0.3566,0.2903,,,,,
bob,1,28684922,4592,0.0006,0.3244,2.44,,-1.0171,0.3565,0.2909,,,,,
bob,1,28684922,4593,0.0043,0.3266,2.34,,-1.022,0.3564,0.2907,,,,,
bob,1,28684922,4594,0.0015,0.2986,2.22,,-1.0067,0.3563,0.2907,,,,,
bob,1,28684922,4595,0.002,0.3187,2.6599999999999997,,-1.0181,0.3562,0.2909,,,,,
bob,1,28684922,4596,0.0016,0.3289,2.68,,-1.0139,0.3561,0.2912,,,,,
bob,1,28684922,4597,0.0016,0.3624,2.42,,-1.0269,0.356,0.2914,,,,,
bob,1,28684922,4598,0.0016,0.2928,2.46,,-1.0204,0.356,0.2916,,,,,
bob,1,28684922,4599,-0.0004,0.3332,2.58,,-1.0178,0.3559,0.2919,,,,,
bob,1,28684922,4600,-0.0011,0.3363,2.44,,-1.0194,0.3558,0.2922,,,,,
bob,1,28684922,4601,0.0024,0.3389,2.62,,-1.0186,0.3557,0.2922,,,,,
bob,1,28684922,4602,0.0013,0.3162,2.3,,-1.0116,0.3556,0.2922,,,,,
bob,1,28684922,4603,0.0058,0.3789,2.98,,-1.0108,0.3555,0.2926,,,,,
bob,1,28684922,4604,0.0023,0.3044,2.36,,-1.0028,0.3554,0.2926,,,,,
bob,1,28684922,4605,0.0032,0.3253,2.6,,-1.0108,0.3553,0.2931,,,,,
bob,1,28684922,4606,0.0012,0.3642,2.58,,-1.0174,0.3552,0.2935,,,,,
bob,1,28684922,4607,0.0003,0.3146,2.52,,-1.0194,0.3551,0.2938,,,,,
bob,1,28684922,4608,0.0055,0.2672,2.1,,-1.0073,0.355,0.2939,,,,,
bob,1,28684922,4609,0.005,0.3098,2.42,,-1.0097,0.3549,0.2939,,,,,
bob,1,28684922,4610,0.0037,0.2876,2.58,,-1.0031,0.3548,0.2942,,,,,
bob,1,28684922,4611,0.0027,0.3775,2.88,,-1.0161,0.3547,0.2946,,,,,
bob,1,28684922,4612,0.0018,0.3161,2.5,,-1.0054,0.3546,0.2948,,,,,
bob,1,28684922,4613,0.0011,0.3141,2.78,,-1.0158,0.3545,0.295,,,,,
bob,1,28684922,4614,0.004,0.3785,2.88,,-1.0117,0.3544,0.2951,,,,,
bob,1,28684922,4615,0.0055,0.3636,2.6,,-1.0206,0.3543,0.2952,,,,,
bob,1,28684922,4616,0.0021,0.3176,2.16,,-1.0192,0.3542,0.295,,,,,
bob,1,28684922,4617,0.005,0.3632,2.7,,-1.0172,0.3541,0.2955,,,,,
bob,1,28684922,4618,0.0031,0.3213,2.34,,-1.0099,0.354,0.2957,,,,,
bob,1,28684922,4619,0.005,0.3344,2.4,,-1.0172,0.3539,0.2961,,,,,
bob,1,28684922,4620,0.0049,0.3631,2.96,,-1.0233,0.3538,0.2966,,,,,
bob,1,28684922,4621,0.004,0.331,2.78,,-1.023,0.3537,0.2967,,,,,
bob,1,28684922,4622,0.0069,0.3494,2.9000000000000004,,-1.0005,0.3536,0.297,,,,,
bob,1,28684922,4623,0.0102,0.354,2.44,,-1.0007,0.3535,0.297,,,,,
bob,1,28684922,4624,0.0042,0.3647,2.68,,-1.0085,0.3534,0.2975,,,,,
bob,1,28684922,4625,0.0029,0.3598,2.9000000000000004,,-1.0162,0.3532,0.2979,,,,,
bob,1,28684922,4626,0.004,0.3407,2.74,,-1.0022,0.3531,0.2979,,,,,
bob,1,28684922,4627,0.0022,0.2814,2.48,,-1.0107,0.353,0.2979,,,,,
bob,1,28684922,4628,0.002,0.3358,2.8400000000000003,,-1.0122,0.3529,0.2981,,,,,
bob,1,28684922,4629,0.0045,0.3011,2.64,,-1.0095,0.3528,0.2982,,,,,
bob,1,28684922,4630,0.006,0.3114,2.68,,-1.0235,0.3527,0.2981,,,,,
bob,1,28684922,4631,0.0031,0.3883,3.1399999999999997,,-1.0062,0.3526,0.2986,,,,,
bob,1,28684922,4632,0.006,0.3177,2.2399999999999998,,-1.0126,0.3525,0.2987,,,,,
bob,1,28684922,4633,0.0047,0.3384,2.44,,-1.0093,0.3524,0.2991,,,,,
bob,1,28684922,4634,0.0068,0.2824,2.1399999999999997,,-1.009,0.3523,0.2992,,,,,
bob,1,28684922,4635,0.0052,0.2174,1.72,,-0.998,0.3522,0.2988,,,,,
bob,1,28684922,4636,0.0054,0.2727,2.08,,-1.0121,0.3522,0.2985,,,,,
bob,1,28684922,4637,0.0017,0.3966,2.78,,-1.025,0.3521,0.2988,,,,,
bob,1,28684922,4638,0.0002,0.3215,2.7199999999999998,,-1.0187,0.352,0.2991,,,,,
bob,1,28684922,4639,0.0042,0.3243,2.46,,-1.0298,0.3519,0.2993,,,,,
bob,1,28684922,4640,0.0046,0.3187,2.48,,-1.0173,0.3518,0.2996,,,,,
bob,1,28684922,4641,0.0058,0.3394,2.56,,-1.0124,0.3518,0.2996,,,,,
bob,1,28684922,4642,-0.0001,0.361,2.52,,-1.0197,0.3517,0.2998,,,,,
bob,1,28684922,4643,0.0034,0.3242,2.3800000000000003,,-1.0195,0.3516,0.2999,,,,,
bob,1,28684922,4644,0.0027,0.3362,2.3800000000000003,,-1.0192,0.3515,0.3,,,,,
bob,1,28684922,4645,0.0027,0.3103,2.46,,-1.031,0.3514,0.3002,,,,,
bob,1,28684922,4646,0.0066,0.2928,2.04,,-1.0157,0.3514,0.3003,,,,,
bob,1,28684922,4647,0.005,0.3532,2.34,,-1.0232,0.3513,0.3008,,,,,
bob,1,28684922,4648,0.0008,0.3855,3.2,,-1.0228,0.3512,0.3012,,,,,
bob,1,28684922,4649,0.0029,0.3248,2.3800000000000003,,-1.0184,0.3511,0.3009,,,,,
bob,1,28684922,4650,0.0049,0.3553,2.82,,-1.0165,0.351,0.3011,,,,,
bob,1,28684922,4651,0.002,0.3486,2.54,,-1.0247,0.3509,0.3012,,,,,
bob,1,28684922,4652,0.003,0.3593,2.88,,-1.0181,0.3508,0.3016,,,,,
bob,1,28684922,4653,0.0019,0.321,2.76,,-1.0166,0.3508,0.3019,,,,,
bob,1,28684922,4654,0.0027,0.3262,2.64,,-1.0162,0.3507,0.3022,,,,,
bob,1,28684922,4655,0.0026,0.3631,2.6,,-1.0177,0.3506,0.3024,,,,,
bob,1,28684922,4656,-0.0006,0.3356,2.46,,-1.0116,0.3505,0.3025,,,,,
bob,1,28684922,4657,0.0063,0.3196,2.42,,-1.0219,0.3504,0.3025,,,,,
bob,1,28684922,4658,0.0021,0.3101,2.8400000000000003,,-1.0129,0.3503,0.3027,,,,,
bob,1,28684922,4659,0.0008,0.3233,2.44,,-1.0192,0.3502,0.3029,,,,,
bob,1,28684922,4660,0.0031,0.3317,2.56,,-1.0142,0.3501,0.303,,,,,
bob,1,28684922,4661,0.0023,0.3176,2.16,,-1.0187,0.35,0.3029,,,,,
bob,1,28684922,4662,0.0034,0.3442,2.62,,-1.0007,0.35,0.303,,,,,
bob,1,28684922,4663,0.0065,0.2769,2.1399999999999997,,-1.0159,0.3499,0.303,,,,,
bob,1,28684922,4664,0.0028,0.3102,2.4,,-1.0257,0.3498,0.303,,,,,
bob,1,28684922,4665,0.0025,0.3199,2.52,,-1.0229,0.3498,0.3033,,,,,
bob,1,28684922,4666,0.002,0.2949,2.3800000000000003,,-1.0251,0.3497,0.3033,,,,,
bob,1,28684922,4667,0.0057,0.3652,2.58,,-1.0164,0.3496,0.3036,,,,,
bob,1,28684922,4668,0.0043,0.3825,2.8400000000000003,,-1.0237,0.3495,0.304,,,,,
bob,1,28684922,4669,0.0025,0.3061,2.52,,-1.0274,0.3495,0.3039,,,,,
bob,1,28684922,4670,0.0025,0.3381,2.78,,-1.0134,0.3494,0.3037,,,,,
bob,1,28684922,4671,0.0035,0.3765,3.4799999999999995,,-1.0221,0.3493,0.3043,,,,,
bob,1,28684922,4672,0.0096,0.3506,2.94,,-1.015,0.3492,0.3045,,,,,
bob,1,28684922,4673,0.0044,0.3892,3.08,,-1.0209,0.3491,0.3049,,,,,
bob,1,28684922,4674,0.0029,0.3471,2.74,,-1.0165,0.3491,0.3053,,,,,
bob,1,28684922,4675,0.0036,0.3686,2.62,,-1.0101,0.349,0.3057,,,,,
bob,1,28684922,4676,0.0032,0.3378,2.7,,-1.0112,0.3489,0.3056,,,,,
bob,1,28684922,4677,0.0026,0.3403,2.44,,-1.0226,0.3488,0.3057,,,,,
bob,1,28684922,4678,0.0058,0.4055,2.88,,-1.0152,0.3487,0.3061,,,,,
bob,1,28684922,4679,0.0026,0.3224,2.5,,-1.0192,0.3486,0.306,,,,,
bob,1,28684922,4680,0.0052,0.3945,2.8400000000000003,,-1.0081,0.3485,0.3064,,,,,
bob,1,28684922,4681,0.0021,0.3466,2.8000000000000003,,-1.0115,0.3484,0.3067,,,,,
bob,1,28684922,4682,0.0024,0.3926,3.2199999999999998,,-1.0161,0.3483,0.307,,,,,
bob,1,28684922,4683,0.0044,0.3881,3.2399999999999998,,-1.0205,0.3482,0.3073,,,,,
bob,1,28684922,4684,0.0044,0.3963,2.88,,-1.0061,0.3481,0.3075,,,,,
bob,1,28684922,4685,0.0028,0.3423,2.86,,-1.0087,0.348,0.3078,,,,,
bob,1,28684922,4686,0.0048,0.3075,2.48,,-1.0137,0.3479,0.3077,,,,,
bob,1,28684922,4687,0.0029,0.3229,2.92,,-1.0231,0.3478,0.3083,,,,,
bob,1,28684922,4688,0.0039,0.364,2.78,,-1.0261,0.3477,0.3086,,,,,
bob,1,28684922,4689,0.0025,0.3178,2.4,,-1.0124,0.3476,0.3087,,,,,
bob,1,28684922,4690,0.0012,0.3373,2.8000000000000003,,-1.0129,0.3475,0.309,,,,,
bob,1,28684922,4691,0.0037,0.2909,2.3800000000000003,,-1.004,0.3474,0.3091,,,,,
bob,1,28684922,4692,0.0063,0.3051,1.92,,-1.016,0.3473,0.3088,,,,,
bob,1,28684922,4693,0.0041,0.4206,3.2399999999999998,,-1.0072,0.3472,0.3091,,,,,
bob,1,28684922,4694,0.0027,0.4048,3.4799999999999995,,-1.0135,0.3471,0.3097,,,,,
bob,1,28684922,4695,0.0031,0.3853,3.16,,-1.0144,0.347,0.3101,,,,,
bob,1,28684922,4696,0.0067,0.37,3.0,,-1.0296,0.3469,0.3107,,,,,
bob,1,28684922,4697,0.0033,0.3412,2.68,,-1.0144,0.3468,0.3108,,,,,
bob,1,28684922,4698,0.0042,0.3696,2.88,,-1.0136,0.3467,0.3111,,,,,
bob,1,28684922,4699,0.0027,0.3157,2.8000000000000003,,-1.0275,0.3465,0.3113,,,,,
bob,1,28684922,4700,0.0022,0.4107,3.2,,-1.0161,0.3464,0.3117,,,,,
bob,1,28684922,4701,0.0015,0.337,2.68,,-1.0199,0.3463,0.312,,,,,
bob,1,28684922,4702,0.0052,0.3726,2.8000000000000003,,-1.0083,0.3462,0.3122,,,,,
bob,1,28684922,4703,0.0043,0.3711,2.6,,-1.007,0.3461,0.3123,,,,,
bob,1,28684922,4704,0.0019,0.3051,2.6599999999999997,,-1.0,0.346,0.3125,,,,,
bob,1,28684922,4705,0.0049,0.3376,2.2800000000000002,,-1.0155,0.3458,0.3125,,,,,
bob,1,28684922,4706,0.005,0.3842,2.62,,-1.0198,0.3457,0.3129,,,,,
bob,1,28684922,4707,0.0047,0.3036,2.58,,-1.0121,0.3456,0.313,,,,,
bob,1,28684922,4708,0.0037,0.3477,2.98,,-1.0111,0.3455,0.3134,,,,,
bob,1,28684922,4709,0.0032,0.3667,2.5,,-1.018,0.3454,0.3136,,,,,
bob,1,28684922,4710,0.0035,0.3521,2.36,,-1.0172,0.3453,0.3136,,,,,
bob,1,28684922,4711,0.0033,0.3425,2.82,,-1.0151,0.3452,0.314,,,,,
bob,1,28684922,4712,0.0056,0.3626,3.16,,-1.0182,0.345,0.3146,,,,,
bob,1,28684922,4713,0.0025,0.3266,2.5,,-1.0191,0.3449,0.3145,,,,,
bob,1,28684922,4714,0.0023,0.3751,2.62,,-1.0286,0.3448,0.3145,,,,,
bob,1,28684922,4715,-0.0003,0.4008,2.9000000000000004,,-1.0331,0.3447,0.3149,,,,,
bob,1,28684922,4716,-0.001,0.3537,2.34,,-1.0025,0.3446,0.3152,,,,,
bob,1,28684922,4717,0.0014,0.318,2.8400000000000003,,-0.9742,0.3445,0.3154,,,,,
bob,1,28684922,4718,0.0041,0.324,2.18,,-1.0247,0.3444,0.3151,,,,,
bob,1,28684922,4719,0.0027,0.3101,2.1399999999999997,,-1.0239,0.3443,0.3151,,,,,
bob,1,28684922,4720,0.0018,0.293,2.26,,-1.0342,0.3442,0.3149,,,,,
bob,1,28684922,4721,0.0021,0.3278,2.76,,-1.0395,0.3441,0.3149,,,,,
bob,1,28684922,4722,0.0033,0.3701,2.82,,-1.0141,0.344,0.3148,,,,,
bob,1,28684922,4723,0.0041,0.3491,2.8000000000000003,,-1.0195,0.344,0.3149,,,,,
bob,1,28684922,4724,0.0052,0.3723,3.0,,-1.0025,0.3439,0.3149,,,,,
bob,1,28684922,4725,0.0025,0.345,2.82,,-1.0207,0.3438,0.3151,,,,,
bob,1,28684922,4726,0.0032,0.3304,2.46,,-1.022,0.3437,0.3153,,,,,
bob,1,28684922,4727,0.0026,0.3387,3.16,,-1.0208,0.3437,0.3155,,,,,
bob,1,28684922,4728,0.0034,0.3155,2.1999999999999997,,-1.0119,0.3436,0.3153,,,,,
bob,1,28684922,4729,0.0048,0.3548,3.0,,-1.0131,0.3435,0.3155,,,,,
bob,1,28684922,4730,0.0009,0.3932,3.2800000000000002,,-1.0225,0.3434,0.3162,,,,,
bob,1,28684922,4731,0.0032,0.3582,2.6,,-1.0148,0.3434,0.3164,,,,,
bob,1,28684922,4732,0.0019,0.3489,2.6,,-1.0048,0.3433,0.3164,,,,,
bob,1,28684922,4733,0.0056,0.3421,3.04,,-1.0121,0.3432,0.3168,,,,,
bob,1,28684922,4734,0.0039,0.3199,2.54,,-1.0188,0.3431,0.3169,,,,,
bob,1,28684922,4735,0.0041,0.3914,3.08,,-1.0036,0.343,0.3173,,,,,
bob,1,28684922,4736,0.0041,0.3695,2.98,,-1.0184,0.3429,0.3176,,,,,
bob,1,28684922,4737,0.0005,0.3463,2.64,,-1.013,0.3429,0.3176,,,,,
bob,1,28684922,4738,0.0037,0.382,3.1199999999999997,,-1.0183,0.3428,0.318,,,,,
bob,1,28684922,4739,0.0026,0.3603,2.54,,-1.0247,0.3427,0.3181,,,,,
bob,1,28684922,4740,0.0022,0.375,3.32,,-1.0112,0.3426,0.3184,,,,,
bob,1,28684922,4741,0.0011,0.3551,2.56,,-1.0319,0.3425,0.3186,,,,,
bob,1,28684922,4742,0.0014,0.4015,3.04,,-1.0275,0.3424,0.3189,,,,,
bob,1,28684922,4743,0.0008,0.3805,3.06,,-1.0139,0.3423,0.3195,,,,,
bob,1,28684922,4744,0.0022,0.3553,2.94,,-1.0148,0.3422,0.3198,,,,,
bob,1,28684922,4745,0.0044,0.4312,3.64,,-1.0176,0.3421,0.3204,,,,,
bob,1,28684922,4746,0.0049,0.3262,2.44,,-1.0141,0.3419,0.3204,,,,,
bob,1,28684922,4747,0.0011,0.3165,2.34,,-1.0155,0.3418,0.3206,,,,,
bob,1,28684922,4748,-0.0021,0.4156,3.4000000000000004,,-1.0107,0.3417,0.3212,,,,,
bob,1,28684922,4749,0.0012,0.4642,3.9,,-1.0142,0.3416,0.322,,,,,
bob,1,28684922,4750,-0.0008,0.3425,2.82,,-1.008,0.3414,0.3223,,,,,
bob,1,28684922,4751,0.0024,0.3624,3.1199999999999997,,-1.0092,0.3413,0.3225,,,,,
bob,1,28684922,4752,0.0009,0.3785,3.3000000000000003,,-1.0066,0.3412,0.3231,,,,,
bob,1,28684922,4753,0.0017,0.3381,2.82,,-1.0144,0.341,0.3235,,,,,
bob,1,28684922,4754,0.0029,0.3625,2.76,,-1.0156,0.3409,0.3237,,,,,
bob,1,28684922,4755,0.0003,0.3248,2.54,,-1.0237,0.3407,0.324,,,,,
bob,1,28684922,4756,0.0017,0.3284,2.92,,-1.0213,0.3406,0.3243,,,,,
bob,1,28684922,4757,-0.0003,0.384,2.5,,-1.025,0.3404,0.3242,,,,,
bob,1,28684922,4758,0.004,0.3611,2.76,,-1.0146,0.3403,0.3246,,,,,
bob,1,28684922,4759,0.0027,0.3426,2.68,,-1.0161,0.3402,0.3243,,,,,
bob,1,28684922,4760,0.0025,0.3362,2.4,,-1.0194,0.3401,0.3242,,,,,
bob,1,28684922,4761,0.0035,0.3262,2.6599999999999997,,-1.0159,0.34,0.3246,,,,,
bob,1,28684922,4762,-0.0008,0.3741,2.6599999999999997,,-1.0225,0.3398,0.3246,,,,,
bob,1,28684922,4763,0.0039,0.3626,2.68,,-1.0243,0.3397,0.325,,,,,
bob,1,28684922,4764,0.0022,0.3574,3.02,,-1.0201,0.3396,0.3251,,,,,
bob,1,28684922,4765,0.0037,0.3846,3.06,,-1.0109,0.3395,0.3257,,,,,
bob,1,28684922,4766,0.0063,0.4048,3.2399999999999998,,-1.0237,0.3394,0.3263,,,,,
bob,1,28684922,4767,0.001,0.3489,3.2,,-1.0196,0.3392,0.3269,,,,,
bob,1,28684922,4768,0.0019,0.3534,2.52,,-1.017,0.3391,0.327,,,,,
bob,1,28684922,4769,0.0037,0.299,2.48,,-1.0198,0.3389,0.327,,,,,
bob,1,28684922,4770,0.0042,0.4329,3.2800000000000002,,-1.0177,0.3388,0.3274,,,,,
bob,1,28684922,4771,0.0021,0.3805,3.16,,-1.0141,0.3387,0.328,,,,,
bob,1,28684922,4772,0.0017,0.3214,2.68,,-1.0121,0.3385,0.3283,,,,,
bob,1,28684922,4773,0.0021,0.3743,3.06,,-1.0161,0.3384,0.3284,,,,,
bob,1,28684922,4774,0.0033,0.3576,2.82,,-1.0178,0.3383,0.3286,,,,,
bob,1,28684922,4775,0.0048,0.3839,2.86,,-1.0159,0.3381,0.3289,,,,,
bob,1,28684922,4776,0.0004,0.3369,2.54,,-1.0109,0.338,0.3293,,,,,
bob,1,28684922,4777,0.0041,0.3568,3.1,,-1.0203,0.3378,0.3296,,,,,
bob,1,28684922,4778,0.0025,0.3462,2.78,,-1.0114,0.3377,0.3298,,,,,
bob,1,28684922,4779,0.0046,0.3617,2.74,,-1.0177,0.3376,0.33,,,,,
bob,1,28684922,4780,0.0015,0.3183,2.56,,-1.0211,0.3374,0.3301,,,,,
bob,1,28684922,4781,0.0039,0.392,3.1,,-1.0218,0.3373,0.3303,,,,,
bob,1,28684922,4782,0.0027,0.3517,2.8400000000000003,,-1.0187,0.3372,0.3304,,,,,
bob,1,28684922,4783,0.004,0.3792,3.44,,-1.0214,0.3371,0.3308,,,,,
bob,1,28684922,4784,0.0045,0.3685,2.96,,-1.022,0.3369,0.3312,,,,,
bob,1,28684922,4785,-0.0006,0.3457,3.06,,-0.9983,0.3368,0.3313,,,,,
bob,1,28684922,4786,0.0051,0.3496,2.9000000000000004,,-1.0291,0.3367,0.3315,,,,,
bob,1,28684922,4787,0.0031,0.3718,2.64,,-1.0244,0.3365,0.332,,,,,
bob,1,28684922,4788,0.0043,0.3321,2.82,,-1.0174,0.3364,0.3319,,,,,
bob,1,28684922,4789,0.0029,0.3343,2.44,,-1.0196,0.3363,0.3321,,,,,
bob,1,28684922,4790,0.0044,0.3677,3.0,,-1.0112,0.3362,0.3323,,,,,
bob,1,28684922,4791,0.0032,0.4053,3.08,,-1.0246,0.336,0.3324,,,,,
bob,1,28684922,4792,0.0028,0.3701,2.7199999999999998,,-1.0211,0.3359,0.3324,,,,,
bob,1,28684922,4793,0.003,0.3519,2.68,,-1.0213,0.3358,0.3326,,,,,
bob,1,28684922,4794,0.0,0.3267,2.54,,-1.0241,0.3357,0.3328,,,,,
bob,1,28684922,4795,0.0012,0.3543,2.78,,-1.0266,0.3356,0.333,,,,,
bob,1,28684922,4796,0.0041,0.4035,3.26,,-1.0161,0.3355,0.3332,,,,,
bob,1,28684922,4797,0.0027,0.3205,2.96,,-1.0234,0.3354,0.3334,,,,,
bob,1,28684922,4798,0.0022,0.3883,3.46,,-1.0148,0.3353,0.334,,,,,
bob,1,28684922,4799,0.0014,0.3771,2.32,,-1.0174,0.3352,0.3337,,,,,
bob,1,28684922,4800,0.0035,0.3136,2.4,,-1.0168,0.3351,0.3336,,,,,
bob,1,28684922,4801,0.005,0.3664,3.2800000000000002,,-1.021,0.335,0.334,,,,,
bob,1,28684922,4802,0.0023,0.3625,3.04,,-1.0172,0.3348,0.3344,,,,,
bob,1,28684922,4803,0.0028,0.3981,3.04,,-1.009,0.3347,0.3345,,,,,
bob,1,28684922,4804,0.0044,0.4102,3.44,,-1.0037,0.3346,0.335,,,,,
bob,1,28684922,4805,0.0045,0.3995,3.2,,-1.0093,0.3345,0.3353,,,,,
bob,1,28684922,4806,0.0022,0.3195,2.56,,-1.0198,0.3344,0.3353,,,,,
bob,1,28684922,4807,0.0008,0.3446,3.2800000000000002,,-1.0174,0.3343,0.3357,,,,,
bob,1,28684922,4808,0.0011,0.3139,2.46,,-1.0097,0.3342,0.3359,,,,,
bob,1,28684922,4809,0.0032,0.33,2.62,,-1.0201,0.3341,0.336,,,,,
bob,1,28684922,4810,0.0045,0.3335,2.76,,-1.0066,0.334,0.3361,,,,,
bob,1,28684922,4811,0.0027,0.3708,2.88,,-1.0162,0.3339,0.3361,,,,,
bob,1,28684922,4812,0.0024,0.3502,2.82,,-1.0387,0.3338,0.3363,,,,,
bob,1,28684922,4813,0.0043,0.3887,3.2,,-1.0133,0.3337,0.3364,,,,,
bob,1,28684922,4814,0.0013,0.373,2.74,,-1.0153,0.3336,0.3365,,,,,
bob,1,28684922,4815,0.0043,0.3688,3.16,,-1.0108,0.3335,0.3366,,,,,
bob,1,28684922,4816,0.0032,0.3701,3.2399999999999998,,-1.0184,0.3334,0.3372,,,,,
bob,1,28684922,4817,0.0056,0.3428,2.8400000000000003,,-1.0187,0.3333,0.3373,,,,,
bob,1,28684922,4818,0.0029,0.392,3.08,,-1.0279,0.3332,0.3377,,,,,
bob,1,28684922,4819,0.0034,0.4108,3.44,,-1.0177,0.3331,0.3382,,,,,
bob,1,28684922,4820,0.0019,0.3382,2.78,,-1.0314,0.333,0.338,,,,,
bob,1,28684922,4821,0.0031,0.3866,3.06,,-1.0184,0.3328,0.3382,,,,,
bob,1,28684922,4822,0.0027,0.3538,3.08,,-1.006,0.3327,0.3384,,,,,
bob,1,28684922,4823,-0.0009,0.3537,3.2199999999999998,,-1.0259,0.3326,0.3388,,,,,
bob,1,28684922,4824,0.0025,0.4055,3.06,,-1.0353,0.3325,0.339,,,,,
bob,1,28684922,4825,-0.001,0.3829,3.26,,-1.0279,0.3324,0.3391,,,,,
bob,1,28684922,4826,0.0023,0.3925,3.02,,-1.0094,0.3323,0.3393,,,,,
bob,1,28684922,4827,0.0056,0.37,3.1,,-1.0075,0.3322,0.3396,,,,,
bob,1,28684922,4828,-0.0011,0.3966,3.1399999999999997,,-1.0215,0.3321,0.3398,,,,,
bob,1,28684922,4829,-0.0011,0.3896,3.44,,-1.0155,0.332,0.3403,,,,,
bob,1,28684922,4830,0.0009,0.3576,2.94,,-1.0112,0.3319,0.3403,,,,,
bob,1,28684922,4831,0.0026,0.3867,3.2,,-1.0027,0.3318,0.3403,,,,,
bob,1,28684922,4832,0.0033,0.4147,3.42,,-1.0091,0.3317,0.3409,,,,,
bob,1,28684922,4833,0.0038,0.3677,2.88,,-1.0164,0.3316,0.3411,,,,,
bob,1,28684922,4834,0.0036,0.3746,3.16,,-1.0143,0.3315,0.3416,,,,,
bob,1,28684922,4835,0.0023,0.3542,3.06,,-1.0125,0.3313,0.3423,,,,,
bob,1,28684922,4836,-0.0001,0.3885,2.98,,-1.0117,0.3312,0.3427,,,,,
bob,1,28684922,4837,0.0055,0.4106,3.3000000000000003,,-1.0169,0.3311,0.3431,,,,,
bob,1,28684922,4838,0.0038,0.3772,3.16,,-1.0196,0.3309,0.3434,,,,,
bob,1,28684922,4839,0.001,0.3363,2.92,,-1.0147,0.3308,0.3436,,,,,
bob,1,28684922,4840,-0.0002,0.4308,3.9,,-1.0186,0.3306,0.3442,,,,,
bob,1,28684922,4841,0.0034,0.4264,3.2800000000000002,,-1.0168,0.3305,0.3447,,,,,
bob,1,28684922,4842,0.003,0.3971,2.78,,-1.0243,0.3303,0.3446,,,,,
bob,1,28684922,4843,0.0031,0.3714,3.06,,-1.0082,0.3302,0.345,,,,,
bob,1,28684922,4844,0.0038,0.3784,3.08,,-1.0026,0.3301,0.3453,,,,,
bob,1,28684922,4845,0.0041,0.3196,2.6,,-1.0145,0.3299,0.3454,,,,,
bob,1,28684922,4846,0.0057,0.3556,3.04,,-1.0189,0.3298,0.3459,,,,,
bob,1,28684922,4847,0.0037,0.37,3.06,,-1.0164,0.3296,0.3464,,,,,
bob,1,28684922,4848,0.0057,0.3317,2.3800000000000003,,-1.0057,0.3295,0.346,,,,,
bob,1,28684922,4849,0.0032,0.4084,3.16,,-1.0159,0.3294,0.3464,,,,,
bob,1,28684922,4850,0.0025,0.3869,3.82,,-1.0214,0.3292,0.3468,,,,,
bob,1,28684922,4851,0.0006,0.3878,3.38,,-1.0103,0.3291,0.3473,,,,,
bob,1,28684922,4852,0.0016,0.4039,3.2,,-1.02,0.3289,0.3474,,,,,
bob,1,28684922,4853,0.0024,0.362,2.62,,-1.0191,0.3288,0.3473,,,,,
bob,1,28684922,4854,0.002,0.4149,3.54,,-1.0167,0.3287,0.3478,,,,,
bob,1,28684922,4855,0.0019,0.4022,3.5000000000000004,,-1.018,0.3285,0.3482,,,,,
bob,1,28684922,4856,0.0041,0.4004,3.1399999999999997,,-1.0175,0.3284,0.3485,,,,,
bob,1,28684922,4857,0.0022,0.3791,3.04,,-1.0193,0.3283,0.3489,,,,,
bob,1,28684922,4858,0.0025,0.3957,3.02,,-0.9999,0.3281,0.349,,,,,
bob,1,28684922,4859,0.0067,0.3607,2.98,,-1.0219,0.328,0.3492,,,,,
bob,1,28684922,4860,0.0058,0.3369,2.52,,-1.0134,0.3279,0.3492,,,,,
bob,1,28684922,4861,0.0023,0.357,2.98,,-1.0088,0.3277,0.3497,,,,,
bob,1,28684922,4862,0.0013,0.3551,2.92,,-1.0251,0.3276,0.3498,,,,,
bob,1,28684922,4863,-0.002,0.4062,3.4799999999999995,,-1.0161,0.3274,0.3505,,,,,
bob,1,28684922,4864,0.0041,0.4297,3.4000000000000004,,-1.0106,0.3273,0.351,,,,,
bob,1,28684922,4865,0.0033,0.3577,2.82,,-1.0157,0.3272,0.3511,,,,,
bob,1,28684922,4866,-0.0005,0.4303,3.2199999999999998,,-1.0173,0.327,0.3515,,,,,
bob,1,28684922,4867,0.0057,0.3795,3.42,,-1.0237,0.3269,0.3519,,,,,
bob,1,28684922,4868,0.0041,0.3784,3.58,,-1.0267,0.3267,0.3522,,,,,
bob,1,28684922,4869,0.0011,0.3915,3.1,,-1.0157,0.3266,0.3525,,,,,
bob,1,28684922,4870,0.0012,0.328,2.52,,-1.0101,0.3264,0.3524,,,,,
bob,1,28684922,4871,0.0025,0.4101,3.46,,-1.0144,0.3263,0.3524,,,,,
bob,1,28684922,4872,0.004,0.3689,3.04,,-1.0056,0.3262,0.3525,,,,,
bob,1,28684922,4873,0.0029,0.3641,3.16,,-1.0174,0.3261,0.3525,,,,,
bob,1,28684922,4874,0.0044,0.3819,2.88,,-1.0221,0.3259,0.3525,,,,,
bob,1,28684922,4875,0.0051,0.3176,2.5,,-1.0189,0.3258,0.3524,,,,,
bob,1,28684922,4876,0.0009,0.3747,3.32,,-1.0128,0.3257,0.3527,,,,,
bob,1,28684922,4877,0.0024,0.3706,3.08,,-1.021,0.3256,0.353,,,,,
bob,1,28684922,4878,0.0039,0.4361,3.3000000000000003,,-1.0221,0.3255,0.3531,,,,,
bob,1,28684922,4879,0.0082,0.4071,3.2,,-1.0157,0.3254,0.3535,,,,,
bob,1,28684922,4880,-0.0013,0.4274,3.32,,-1.0154,0.3253,0.3538,,,,,
bob,1,28684922,4881,0.0037,0.4032,3.4000000000000004,,-1.0146,0.3252,0.354,,,,,
bob,1,28684922,4882,0.0019,0.409,3.02,,-1.019,0.3251,0.3539,,,,,
bob,1,28684922,4883,0.0032,0.3728,3.1,,-1.019,0.325,0.3538,,,,,
bob,1,28684922,4884,0.003,0.4113,3.0,,-1.015,0.3249,0.3539,,,,,
bob,1,28684922,4885,0.002,0.4111,3.52,,-1.0132,0.3248,0.3543,,,,,
bob,1,28684922,4886,0.0022,0.3168,2.7,,-1.0121,0.3247,0.3544,,,,,
bob,1,28684922,4887,0.0035,0.3178,2.36,,-1.0208,0.3246,0.3541,,,,,
bob,1,28684922,4888,0.0027,0.3561,2.86,,-1.007,0.3245,0.3542,,,,,
bob,1,28684922,4889,0.0011,0.4037,3.2,,-1.0143,0.3244,0.3545,,,,,
bob,1,28684922,4890,0.0021,0.4146,2.92,,-1.0184,0.3243,0.3546,,,,,
bob,1,28684922,4891,0.0041,0.3525,2.88,,-1.0057,0.3242,0.3548,,,,,
bob,1,28684922,4892,0.0043,0.3678,2.88,,-1.013,0.3241,0.3554,,,,,
bob,1,28684922,4893,0.0045,0.3237,2.88,,-1.0052,0.3241,0.3553,,,,,
bob,1,28684922,4894,0.004,0.3813,2.98,,-1.0164,0.324,0.355,,,,,
bob,1,28684922,4895,0.0024,0.3783,3.02,,-1.0216,0.3239,0.355,,,,,
bob,1,28684922,4896,0.0024,0.3669,2.9000000000000004,,-1.0319,0.3238,0.3549,,,,,
bob,1,28684922,4897,0.0031,0.3687,3.18,,-1.0177,0.3238,0.3552,,,,,
bob,1,28684922,4898,-0.0019,0.3921,3.04,,-1.0206,0.3237,0.3551,,,,,
bob,1,28684922,4899,0.0033,0.39,3.1,,-1.0176,0.3236,0.3553,,,,,
bob,1,28684922,4900,0.0038,0.3934,3.42,,-1.0224,0.3236,0.3555,,,,,
bob,1,28684922,4901,0.0025,0.3117,2.56,,-1.0244,0.3235,0.3554,,,,,
bob,1,28684922,4902,0.0023,0.3514,2.7,,-1.0182,0.3234,0.3554,,,,,
bob,1,28684922,4903,0.0034,0.3668,2.88,,-1.0171,0.3234,0.3555,,,,,
bob,1,28684922,4904,0.0029,0.3623,2.96,,-1.0111,0.3233,0.3556,,,,,
bob,1,28684922,4905,0.0033,0.3483,3.2199999999999998,,-1.025,0.3232,0.3561,,,,,
bob,1,28684922,4906,0.0024,0.3605,2.88,,-1.0115,0.3232,0.3561,,,,,
bob,1,28684922,4907,0.0018,0.4323,3.06,,-1.0185,0.3231,0.3564,,,,,
bob,1,28684922,4908,-0.001,0.3791,3.2199999999999998,,-1.005,0.323,0.3565,,,,,
bob,1,28684922,4909,0.0033,0.375,3.2199999999999998,,-1.0192,0.323,0.3569,,,,,
bob,1,28684922,4910,0.005,0.3914,2.9000000000000004,,-1.014,0.3229,0.3572,,,,,
bob,1,28684922,4911,0.0028,0.3835,3.08,,-1.0204,0.3228,0.3574,,,,,
bob,1,28684922,4912,0.0049,0.3455,3.06,,-1.0124,0.3227,0.3573,,,,,
bob,1,28684922,4913,0.0009,0.3626,2.9000000000000004,,-1.0137,0.3227,0.3576,,,,,
bob,1,28684922,4914,0.0063,0.431,3.2399999999999998,,-1.0097,0.3226,0.3578,,,,,
bob,1,28684922,4915,0.0038,0.3946,2.8000000000000003,,-1.022,0.3225,0.3577,,,,,
bob,1,28684922,4916,0.0039,0.3605,3.3000000000000003,,-1.0147,0.3224,0.3582,,,,,
bob,1,28684922,4917,0.0029,0.336,2.88,,-1.0145,0.3224,0.3583,,,,,
bob,1,28684922,4918,0.0016,0.4458,3.62,,-1.0127,0.3223,0.359,,,,,
bob,1,28684922,4919,0.0038,0.3688,3.2800000000000002,,-1.0114,0.3222,0.3596,,,,,
bob,1,28684922,4920,0.0005,0.4166,3.74,,-1.0204,0.322,0.3603,,,,,
bob,1,28684922,4921,0.003,0.43,3.3000000000000003,,-1.0177,0.3219,0.3606,,,,,
bob,1,28684922,4922,0.0019,0.4168,3.9600000000000004,,-1.007,0.3218,0.3611,,,,,
bob,1,28684922,4923,0.003,0.4288,3.36,,-1.0263,0.3217,0.3613,,,,,
bob,1,28684922,4924,0.0057,0.3539,3.2800000000000002,,-1.0147,0.3216,0.3614,,,,,
bob,1,28684922,4925,0.0012,0.3289,3.34,,-1.018,0.3214,0.3617,,,,,
bob,1,28684922,4926,0.0024,0.3844,3.26,,-1.0265,0.3213,0.3621,,,,,
bob,1,28684922,4927,0.0028,0.4112,3.56,,-1.0139,0.3212,0.3622,,,,,
bob,1,28684922,4928,0.003,0.3697,3.4000000000000004,,-1.0155,0.3211,0.3629,,,,,
bob,1,28684922,4929,0.0032,0.3169,2.5,,-1.0231,0.3209,0.3627,,,,,
bob,1,28684922,4930,0.0007,0.3671,3.2399999999999998,,-1.0241,0.3208,0.3626,,,,,
bob,1,28684922,4931,0.0034,0.3704,3.04,,-1.0082,0.3207,0.3629,,,,,
bob,1,28684922,4932,0.0036,0.3786,3.06,,-1.0192,0.3206,0.3631,,,,,
bob,1,28684922,4933,0.0031,0.3641,3.1,,-1.0258,0.3205,0.3632,,,,,
bob,1,28684922,4934,0.0038,0.4371,3.2399999999999998,,-1.0093,0.3204,0.3636,,,,,
bob,1,28684922,4935,0.0043,0.4041,3.6799999999999997,,-1.0184,0.3203,0.3638,,,,,
bob,1,28684922,4936,0.0047,0.3673,2.82,,-1.0251,0.3202,0.3637,,,,,
bob,1,28684922,4937,0.0056,0.3642,2.9000000000000004,,-1.0236,0.3201,0.3638,,,,,
bob,1,28684922,4938,0.0035,0.3784,3.1,,-1.0259,0.32,0.3638,,,,,
bob,1,28684922,4939,0.0015,0.3663,3.5000000000000004,,-1.0056,0.3199,0.3642,,,,,
bob,1,28684922,4940,0.0038,0.347,2.7,,-1.0183,0.3198,0.3639,,,,,
bob,1,28684922,4941,0.004,0.3729,3.1399999999999997,,-1.0061,0.3197,0.3642,,,,,
bob,1,28684922,4942,0.0064,0.4183,3.46,,-1.0011,0.3196,0.3642,,,,,
bob,1,28684922,4943,0.0035,0.3754,3.62,,-1.0256,0.3195,0.3645,,,,,
bob,1,28684922,4944,0.0047,0.3637,3.2800000000000002,,-1.0138,0.3194,0.3648,,,,,
bob,1,28684922,4945,0.0036,0.3891,3.5000000000000004,,-1.0252,0.3193,0.3647,,,,,
bob,1,28684922,4946,0.0028,0.4202,3.62,,-1.0133,0.3192,0.3652,,,,,
bob,1,28684922,4947,0.0045,0.4322,3.5000000000000004,,-1.0235,0.3191,0.3659,,,,,
bob,1,28684922,4948,0.0037,0.3539,3.08,,-1.0136,0.319,0.3657,,,,,
bob,1,28684922,4949,0.0048,0.3758,3.2199999999999998,,-1.0122,0.3189,0.3654,,,,,
bob,1,28684922,4950,0.0015,0.438,3.34,,-1.0143,0.3188,0.3658,,,,,
bob,1,28684922,4951,0.0014,0.4682,4.58,,-1.022,0.3187,0.3663,,,,,
bob,1,28684922,4952,0.0021,0.465,3.52,,-1.0115,0.3186,0.3666,,,,,
bob,1,28684922,4953,0.0032,0.3763,3.44,,-1.0138,0.3185,0.3668,,,,,
bob,1,28684922,4954,0.0018,0.4365,4.5600000000000005,,-1.0253,0.3184,0.3675,,,,,
bob,1,28684922,4955,-0.0005,0.4633,3.34,,-1.024,0.3183,0.368,,,,,
bob,1,28684922,4956,0.0036,0.3703,3.2800000000000002,,-1.0253,0.3182,0.3681,,,,,
bob,1,28684922,4957,0.0021,0.4222,3.2399999999999998,,-1.0135,0.3181,0.3685,,,,,
bob,1,28684922,4958,0.0015,0.4499,3.7199999999999998,,-1.0184,0.3179,0.3689,,,,,
bob,1,28684922,4959,0.0007,0.3505,3.46,,-1.0167,0.3178,0.3693,,,,,
bob,1,28684922,4960,0.0033,0.3808,3.34,,-1.0119,0.3177,0.3698,,,,,
bob,1,28684922,4961,0.0025,0.3525,3.0,,-1.0171,0.3175,0.3699,,,,,
bob,1,28684922,4962,0.0048,0.4035,3.2399999999999998,,-1.0177,0.3174,0.3703,,,,,
bob,1,28684922,4963,0.0029,0.3709,3.54,,-1.0112,0.3173,0.3707,,,,,
bob,1,28684922,4964,0.0025,0.3765,3.2,,-1.0188,0.3171,0.3709,,,,,
bob,1,28684922,4965,0.0014,0.4222,3.42,,-1.0249,0.317,0.3711,,,,,
bob,1,28684922,4966,0.0037,0.3805,3.2,,-1.0172,0.3169,0.3711,,,,,
bob,1,28684922,4967,0.0016,0.36,2.6599999999999997,,-1.0212,0.3168,0.3709,,,,,
bob,1,28684922,4968,0.0018,0.3811,3.1,,-1.0167,0.3166,0.3711,,,,,
bob,1,28684922,4969,-0.0008,0.382,2.82,,-1.0181,0.3165,0.3713,,,,,
bob,1,28684922,4970,0.0014,0.3757,3.2399999999999998,,-1.0223,0.3164,0.3713,,,,,
bob,1,28684922,4971,0.0006,0.3938,3.16,,-1.025,0.3163,0.3713,,,,,
bob,1,28684922,4972,0.0045,0.397,3.56,,-1.0177,0.3162,0.3717,,,,,
bob,1,28684922,4973,0.0036,0.4156,3.2399999999999998,,-1.0185,0.3161,0.3718,,,,,
bob,1,28684922,4974,0.0038,0.3975,3.18,,-1.0162,0.316,0.372,,,,,
bob,1,28684922,4975,-0.0001,0.3837,3.9600000000000004,,-1.0187,0.3159,0.3725,,,,,
bob,1,28684922,4976,0.001,0.3899,3.04,,-1.0127,0.3158,0.3728,,,,,
bob,1,28684922,4977,0.0016,0.4299,3.52,,-1.026,0.3157,0.373,,,,,
bob,1,28684922,4978,0.0022,0.409,3.4000000000000004,,-1.0262,0.3155,0.3733,,,,,
bob,1,28684922,4979,-0.0002,0.3854,3.3000000000000003,,-1.0168,0.3154,0.3736,,,,,
bob,1,28684922,4980,0.0017,0.3825,2.98,,-1.03,0.3153,0.3738,,,,,
bob,1,28684922,4981,0.0012,0.4381,3.5999999999999996,,-1.0186,0.3152,0.3741,,,,,
bob,1,28684922,4982,-0.0007,0.4464,3.92,,-1.0164,0.3151,0.3746,,,,,
bob,1,28684922,4983,0.0036,0.3967,3.26,,-1.0255,0.3149,0.3745,,,,,
bob,1,28684922,4984,0.0029,0.386,3.56,,-1.0223,0.3148,0.3748,,,,,
bob,1,28684922,4985,0.0058,0.3684,3.16,,-1.0321,0.3147,0.3749,,,,,
bob,1,28684922,4986,0.0044,0.3885,3.4799999999999995,,-1.0347,0.3146,0.3752,,,,,
bob,1,28684922,4987,0.0018,0.3304,2.78,,-1.0211,0.3145,0.3752,,,,,
bob,1,28684922,4988,0.0019,0.3866,3.4000000000000004,,-1.0131,0.3144,0.3755,,,,,
bob,1,28684922,4989,0.0036,0.3728,2.92,,-1.03,0.3143,0.3758,,,,,
bob,1,28684922,4990,0.0022,0.4076,3.34,,-1.0147,0.3142,0.3759,,,,,
bob,1,28684922,4991,0.0029,0.3503,2.96,,-1.0099,0.3141,0.3758,,,,,
bob,1,28684922,4992,0.0053,0.3833,3.1399999999999997,,-1.0101,0.3139,0.3761,,,,,
bob,1,28684922,4993,0.005,0.363,3.08,,-1.0148,0.3138,0.3763,,,,,
bob,1,28684922,4994,0.0037,0.4212,3.32,,-1.0066,0.3137,0.3767,,,,,
bob,1,28684922,4995,0.0004,0.3616,3.1199999999999997,,-1.0258,0.3136,0.3769,,,,,
bob,1,28684922,4996,0.0045,0.4377,3.7600000000000002,,-1.0262,0.3135,0.3771,,,,,
bob,1,28684922,4997,0.0029,0.3947,3.16,,-1.0147,0.3134,0.3772,,,,,
bob,1,28684922,4998,0.002,0.4236,3.5000000000000004,,-1.0224,0.3133,0.3772,,,,,
bob,1,28684922,4999,0.0038,0.3741,3.2,,-1.0125,0.3132,0.3777,,,,,
bob,1,28684922,5000,0.0049,0.3563,2.8000000000000003,,-1.0157,0.3131,0.378,,,,,
bob,1,28684922,5001,-0.0011,0.3343,2.52,,-1.0221,0.313,0.3776,,,,,
bob,1,28684922,5002,0.0018,0.3791,2.92,,-1.0174,0.3129,0.3775,,,,,
bob,1,28684922,5003,0.002,0.4008,3.44,,-1.016,0.3128,0.3777,,,,,
bob,1,28684922,5004,0.0024,0.3289,2.96,,-1.013,0.3127,0.3774,,,,,
bob,1,28684922,5005,0.0015,0.458,3.7199999999999998,,-1.0284,0.3127,0.3777,,,,,
bob,1,28684922,5006,-0.0007,0.386,3.08,,-1.027,0.3126,0.3779,,,,,
bob,1,28684922,5007,0.0001,0.3938,3.2,,-1.0174,0.3125,0.3778,,,,,
bob,1,28684922,5008,0.0043,0.413,3.52,,-1.0205,0.3124,0.3783,,,,,
bob,1,28684922,5009,0.0031,0.3541,2.7199999999999998,,-1.0172,0.3123,0.3784,,,,,
bob,1,28684922,5010,0.0019,0.363,2.86,,-1.0215,0.3123,0.3785,,,,,
bob,1,28684922,5011,-0.0004,0.4132,3.0,,-1.0176,0.3122,0.3786,,,,,
bob,1,28684922,5012,0.0023,0.3468,2.78,,-1.0232,0.3121,0.3786,,,,,
bob,1,28684922,5013,-0.0008,0.3745,2.9000000000000004,,-1.0209,0.312,0.3785,,,,,
bob,1,28684922,5014,0.0045,0.3772,2.94,,-1.0117,0.312,0.3785,,,,,
bob,1,28684922,5015,0.0026,0.3462,3.02,,-1.0195,0.3119,0.3784,,,,,
bob,1,28684922,5016,0.0013,0.3567,3.2,,-1.0168,0.3119,0.3785,,,,,
bob,1,28684922,5017,0.0003,0.3614,2.96,,-1.0129,0.3118,0.3785,,,,,
bob,1,28684922,5018,0.0021,0.4155,3.88,,-1.0242,0.3117,0.3787,,,,,
bob,1,28684922,5019,0.005,0.4169,3.2399999999999998,,-1.0283,0.3117,0.3788,,,,,
bob,1,28684922,5020,0.0009,0.3948,3.58,,-1.0137,0.3116,0.3792,,,,,
bob,1,28684922,5021,0.0012,0.3661,3.1199999999999997,,-1.0225,0.3116,0.3791,,,,,
bob,1,28684922,5022,0.004,0.4157,4.06,,-1.0196,0.3115,0.3795,,,,,
bob,1,28684922,5023,-0.0013,0.4051,3.54,,-1.0148,0.3114,0.3798,,,,,
bob,1,28684922,5024,0.0029,0.3991,3.1399999999999997,,-1.0189,0.3114,0.3798,,,,,
bob,1,28684922,5025,0.004,0.3271,2.96,,-1.0122,0.3113,0.3797,,,,,
bob,1,28684922,5026,0.0035,0.3917,3.54,,-1.017,0.3112,0.3799,,,,,
bob,1,28684922,5027,0.0007,0.3898,3.82,,-1.015,0.3112,0.3802,,,,,
bob,1,28684922,5028,0.003,0.3976,3.16,,-1.0218,0.3111,0.3802,,,,,
bob,1,28684922,5029,0.0013,0.3783,3.2800000000000002,,-1.0116,0.3111,0.3801,,,,,
bob,1,28684922,5030,0.0024,0.4484,3.62,,-1.007,0.311,0.3805,,,,,
bob,1,28684922,5031,0.002,0.3107,2.74,,-1.0212,0.3109,0.3802,,,,,
bob,1,28684922,5032,0.0044,0.432,3.88,,-1.0125,0.3109,0.3804,,,,,
bob,1,28684922,5033,0.0017,0.4318,3.54,,-1.0197,0.3108,0.3807,,,,,
bob,1,28684922,5034,0.0027,0.3964,3.7600000000000002,,-1.0115,0.3107,0.3811,,,,,
bob,1,28684922,5035,0.0007,0.376,3.42,,-1.0122,0.3107,0.3812,,,,,
bob,1,28684922,5036,0.0045,0.3419,2.94,,-1.0141,0.3106,0.3812,,,,,
bob,1,28684922,5037,0.0013,0.3438,2.7,,-1.0223,0.3106,0.3808,,,,,
bob,1,28684922,5038,0.0015,0.404,3.18,,-1.0185,0.3105,0.3808,,,,,
bob,1,28684922,5039,0.0011,0.382,3.46,,-1.0234,0.3105,0.3811,,,,,
bob,1,28684922,5040,0.0039,0.4307,3.4799999999999995,,-1.0204,0.3104,0.381,,,,,
bob,1,28684922,5041,0.0042,0.4427,3.38,,-1.0154,0.3104,0.381,,,,,
bob,1,28684922,5042,0.0032,0.3694,3.5000000000000004,,-1.0164,0.3103,0.3813,,,,,
bob,1,28684922,5043,0.002,0.39,3.32,,-1.0181,0.3103,0.3815,,,,,
bob,1,28684922,5044,0.0027,0.3773,2.9000000000000004,,-1.0201,0.3102,0.3815,,,,,
bob,1,28684922,5045,0.0037,0.3859,3.74,,-1.0145,0.3102,0.382,,,,,
bob,1,28684922,5046,0.0017,0.3544,2.82,,-1.0165,0.3101,0.3818,,,,,
bob,1,28684922,5047,0.0017,0.3801,2.9000000000000004,,-1.0166,0.3101,0.3817,,,,,
bob,1,28684922,5048,-0.0032,0.3872,3.1,,-1.0102,0.31,0.382,,,,,
bob,1,28684922,5049,0.0011,0.3494,2.9000000000000004,,-1.0325,0.31,0.3819,,,,,
bob,1,28684922,5050,0.0027,0.3503,2.56,,-1.0152,0.3099,0.3813,,,,,
bob,1,28684922,5051,0.001,0.4348,3.58,,-1.0275,0.3099,0.3814,,,,,
bob,1,28684922,5052,0.0002,0.3511,2.7199999999999998,,-1.0219,0.3099,0.3812,,,,,
bob,1,28684922,5053,-0.0001,0.3487,2.86,,-1.0229,0.3098,0.3814,,,,,
bob,1,28684922,5054,0.0029,0.3307,2.74,,-1.0148,0.3098,0.3809,,,,,
bob,1,28684922,5055,0.0017,0.3558,2.7199999999999998,,-1.0125,0.3098,0.3805,,,,,
bob,1,28684922,5056,0.005,0.4039,3.1,,-1.0181,0.3098,0.3805,,,,,
bob,1,28684922,5057,0.003,0.3569,2.76,,-1.0185,0.3098,0.3804,,,,,
