agent,chain,job_id,global_iter,loss,val,rew,entropy_coef,abc,sr
alice,0,28385276,370,0.1114,0.7811,3.7363,0.6485,,
alice,0,28385276,371,0.0402,0.7496,3.1406,0.6476,,
alice,0,28385276,372,0.0417,0.8577,3.3359,0.6466,,
alice,0,28385276,373,0.0443,0.8618,3.0137,0.6457,,
alice,0,28385276,374,0.0556,0.9925,3.248,0.6447,,
alice,0,28385276,375,0.0418,0.9146,3.373,0.6438,,
alice,0,28385276,376,0.0532,0.938,2.8926,0.6428,,
alice,0,28385276,377,0.0617,0.9308,3.3086,0.6419,,
alice,0,28385276,378,0.0572,0.9454,3.1836,0.6409,,
alice,0,28385276,379,0.0531,0.9481,3.2598,0.64,,
alice,0,28385276,380,0.0646,0.9553,3.293,0.639,,
alice,0,28385276,381,0.0477,0.954,3.0254,0.6381,,
alice,0,28385276,382,0.0621,0.9429,3.2051,0.6371,,
alice,0,28385276,383,0.0482,0.9169,3.1074,0.6361,,
alice,0,28385276,384,0.0528,0.8943,3.0488,0.6352,,
alice,0,28385276,385,0.0571,0.8692,2.9258,0.6342,,
alice,0,28385276,386,0.0485,0.9149,3.1484,0.6333,,
alice,0,28385276,387,0.0487,0.8349,2.9316,0.6323,,
alice,0,28385276,388,0.0647,0.9222,3.248,0.6314,,
alice,0,28385276,389,0.047,0.9184,3.1055,0.6304,,
alice,0,28385276,390,0.0536,0.8178,2.8594,0.6295,,
alice,0,28385276,391,0.0551,0.8872,3.0137,0.6285,,
alice,0,28385276,392,0.0451,0.8605,2.8359,0.6276,,
alice,0,28385276,393,0.0472,0.8318,2.8887,0.6266,,
alice,0,28385276,394,0.041,0.8627,2.9375,0.6257,,
alice,0,28385276,395,0.0334,0.8603,3.0488,0.6248,,
alice,0,28385276,396,0.053,0.9115,3.0098,0.6238,,
alice,0,28385276,397,0.0589,0.7558,2.7754,0.6229,,
alice,0,28385276,398,0.0501,0.8953,3.0117,0.6219,,
alice,0,28385276,399,0.0445,0.848,2.998,0.621,,
alice,0,28385276,400,0.0373,0.8081,2.7246,0.62,,
alice,0,28385276,401,0.0362,0.7921,2.8418,0.619,,
alice,0,28385276,402,0.0331,0.8675,2.9844,0.6181,,
alice,0,28385276,403,0.0258,0.7972,2.8594,0.6171,,
alice,0,28385276,404,0.031,0.7841,2.7031,0.6162,,
alice,0,28385276,405,0.0272,0.7544,2.6777,0.6153,,
alice,0,28385276,406,0.0295,0.8097,2.9102,0.6143,,
alice,0,28385276,407,0.0274,0.7621,2.709,0.6134,,
alice,0,28385276,408,0.0263,0.8019,2.9062,0.6124,,
alice,0,28385276,409,0.0186,0.813,2.7676,0.6115,,
alice,0,28385276,410,0.0296,0.7243,2.7168,0.6105,,
alice,0,28385276,411,0.0195,0.7183,2.6602,0.6096,,
alice,0,28385276,412,0.0322,0.7979,2.916,0.6086,,
alice,0,28385276,413,0.0227,0.789,2.8457,0.6077,,
alice,0,28385276,414,0.0256,0.7679,2.8672,0.6067,,
alice,0,28385276,415,0.0199,0.7834,2.5898,0.6058,,
alice,0,28385276,416,0.0248,0.742,2.7949,0.6048,,
alice,0,28385276,417,0.0263,0.7189,2.6504,0.6038,,
alice,0,28385276,418,0.0303,0.8343,2.9805,0.6029,,
alice,0,28385276,419,0.0353,0.7996,2.8086,0.6019,,
alice,0,28385276,420,0.0246,0.7247,2.5898,0.601,,
alice,0,28385276,421,0.0216,0.8378,2.9414,0.6,,
alice,0,28385276,422,0.0282,0.7542,2.791,0.5991,,
alice,0,28385276,423,0.0191,0.7236,2.7754,0.5981,,
alice,0,28385276,424,0.0259,0.7082,2.623,0.5972,,
alice,0,28385276,425,0.0311,0.7975,2.8223,0.5962,,
alice,0,28385276,426,0.0315,0.7264,2.541,0.5953,,
alice,0,28385276,427,0.0268,0.7036,2.6445,0.5944,,
alice,0,28385276,428,0.014,0.8305,2.957,0.5934,,
alice,0,28385276,429,0.023,0.789,2.8848,0.5925,,
alice,0,28385276,430,0.0239,0.7429,2.7461,0.5915,,
alice,0,28385276,431,0.0188,0.7996,2.8105,0.5906,,
alice,0,28385276,432,0.0222,0.6997,2.5957,0.5896,,
alice,0,28385276,433,0.0171,0.7946,2.9805,0.5887,,
alice,0,28385276,434,0.0199,0.7411,2.7227,0.5877,,
alice,0,28385276,435,0.0238,0.7419,2.7637,0.5867,,
alice,0,28385276,436,0.0223,0.6633,2.5762,0.5858,,
alice,0,28385276,437,0.0219,0.7846,2.8027,0.5849,,
alice,0,28385276,438,0.0288,0.7559,2.9492,0.5839,,
alice,0,28385276,439,0.0237,0.7229,2.7559,0.583,,
alice,0,28385276,440,0.0231,0.7526,2.832,0.582,,
alice,0,28385276,441,0.0209,0.759,2.7168,0.5811,,
alice,0,28385276,442,0.0204,0.7349,2.6934,0.5801,,
alice,0,28385276,443,0.0268,0.8413,2.9727,0.5792,,
alice,0,28385276,444,0.0217,0.8131,2.8711,0.5782,,
alice,0,28385276,445,0.027,0.7019,2.627,0.5773,,
alice,0,28385276,446,0.0254,0.6999,2.5352,0.5763,,
alice,0,28385276,447,0.026,0.8931,3.1309,0.5754,,
alice,0,28385276,448,0.0258,0.6789,2.5977,0.5744,,
alice,0,28385276,449,0.0247,0.7335,2.793,0.5735,,
alice,0,28385276,450,0.0184,0.8422,2.8809,0.5725,,
alice,0,28385276,451,0.0253,0.7102,2.7148,0.5716,,
alice,0,28385276,452,0.0143,0.7255,2.6172,0.5706,,
alice,0,28385276,453,0.01,0.8029,2.875,0.5696,,
alice,0,28385276,454,0.0178,0.6215,2.5449,0.5687,,
alice,0,28385276,455,0.0084,0.7111,2.6504,0.5677,,
alice,0,28385276,456,0.0262,0.7991,2.877,0.5668,,
alice,0,28385276,457,0.0233,0.7882,2.8496,0.5658,,
alice,0,28385276,458,0.0257,0.6807,2.5527,0.5649,,
alice,0,28385276,459,0.0196,0.7112,2.5566,0.5639,,
alice,0,28385276,460,0.0227,0.7682,2.7871,0.563,,
alice,0,28385276,461,0.0195,0.7523,2.6953,0.562,,
alice,0,28385276,462,0.0138,0.6856,2.6758,0.5611,,
alice,0,28385276,463,0.0138,0.7288,2.6426,0.5601,,
alice,0,28385276,464,0.0186,0.694,2.3516,0.5592,,
alice,0,28385276,465,0.0169,0.8359,2.9199,0.5583,,
alice,0,28385276,466,0.0186,0.7161,2.5566,0.5573,,
alice,0,28385276,467,0.0209,0.7919,2.8789,0.5564,,
alice,0,28385276,468,0.0218,0.7685,2.8262,0.5554,,
alice,0,28385276,469,0.0199,0.7725,2.9551,0.5545,,
alice,0,28385276,470,0.0232,0.7156,2.7168,0.5535,,
alice,0,28385276,471,0.0144,0.8301,2.8164,0.5526,,
alice,0,28385276,472,0.023,0.6909,2.6738,0.5516,,
alice,0,28385276,473,0.0155,0.7966,2.8574,0.5507,,
alice,0,28385276,474,0.0251,0.6969,2.7246,0.5497,,
alice,0,28385276,475,0.0198,0.7197,2.6719,0.5488,,
alice,0,28390449,475,0.0958,0.9752,3.5293,0.5488,,
alice,0,28385276,476,0.0201,0.7057,2.5566,0.5478,,
alice,0,28390449,476,0.0906,0.8058,3.0781,0.5478,,
alice,0,28385276,477,0.0243,0.7775,2.9375,0.5469,,
alice,0,28390449,477,0.042,0.7617,3.084,0.5469,,
alice,0,28385276,478,0.0166,0.7842,2.8672,0.5459,,
alice,0,28390449,478,0.0876,0.885,3.4238,0.5459,,
alice,0,28390449,479,0.0674,0.9457,3.2207,0.545,,
alice,0,28390449,480,0.0612,0.9256,3.0039,0.544,,
alice,0,28390449,481,0.0619,0.9608,3.0137,0.5431,,
alice,0,28390449,482,0.0732,0.959,3.0938,0.5421,,
alice,0,28390449,483,0.059,0.9835,3.2266,0.5412,,
alice,0,28390449,484,0.064,0.9146,2.8633,0.5402,,
alice,0,28390449,485,0.0888,1.0077,3.2148,0.5393,,
alice,0,28390449,486,0.0708,0.9674,3.3418,0.5383,,
alice,0,28390449,487,0.068,0.9299,2.9961,0.5373,,
alice,0,28390449,488,0.0797,0.9473,3.2598,0.5364,,
alice,0,28390449,489,0.0808,0.8756,2.873,0.5354,,
alice,0,28390449,490,0.0662,0.9086,3.1602,0.5345,,
alice,0,28390449,491,0.0844,0.943,3.3594,0.5335,,
alice,0,28390449,492,0.0657,0.8939,3.3438,0.5326,,
alice,0,28390449,493,0.0619,0.9861,3.5176,0.5316,,
alice,0,28390449,494,0.0468,0.9656,3.4492,0.5307,,
alice,0,28390449,495,0.0548,0.9413,3.1738,0.5297,,
alice,0,28390449,496,0.0483,0.845,2.9043,0.5288,,
alice,0,28390449,497,0.0469,0.8748,3.0762,0.5279,,
alice,0,28390449,498,0.0604,0.8305,2.7676,0.5269,,
alice,0,28390449,499,0.0538,0.8256,2.8672,0.526,,
alice,0,28390449,500,0.054,0.7843,2.7148,0.525,,
alice,0,28399418,500,0.1294,0.8594,3.541,0.525,,
alice,0,28402154,500,0.1329,0.8555,3.668,0.525,,
alice,0,28402564,500,0.1284,0.8717,3.6074,0.525,,
alice,0,28403676,500,0.1314,0.8571,3.4805,0.525,,
alice,0,28404611,500,0.1289,0.8956,3.4648,0.525,,
alice,0,28405439,500,0.1279,0.847,3.4434,0.525,,
alice,0,28407135,500,0.1281,0.8845,3.5957,0.525,,
alice,0,28407658,500,0.1307,0.8799,3.7129,0.525,,
alice,0,28408316,500,0.1324,0.858,3.4395,0.525,,
alice,0,28409910,500,0.128,0.8433,3.7012,0.525,,
alice,0,28412910,500,0.1368,0.8836,3.6094,0.525,,
alice,0,28422442,500,0.1327,0.8346,3.875,0.525,,
alice,0,28390449,501,0.0362,0.7505,2.9336,0.5241,,
alice,0,28399418,501,0.0728,0.8111,3.4395,0.5241,,
alice,0,28402154,501,0.0408,0.7442,3.1445,0.5241,,
alice,0,28402564,501,0.07,0.7793,3.498,0.5241,,
alice,0,28403676,501,0.0628,0.8017,2.9922,0.5241,,
alice,0,28404611,501,0.0608,0.7501,2.9668,0.5241,,
alice,0,28405439,501,0.0545,0.7785,3.2617,0.5241,,
alice,0,28407135,501,0.0666,0.7812,3.2441,0.5241,,
alice,0,28407658,501,0.0643,0.7443,2.8848,0.5241,,
alice,0,28408316,501,0.0575,0.7325,2.7109,0.5241,,
alice,0,28409910,501,0.0676,0.8002,3.1934,0.5241,,
alice,0,28412910,501,0.0608,0.8084,3.2617,0.5241,,
alice,0,28422442,501,0.0647,0.7928,3.3027,0.5241,,
alice,0,28390449,502,0.0302,0.7943,2.8047,0.5231,,
alice,0,28399418,502,0.0403,0.7901,3.0977,0.5231,,
alice,0,28402154,502,0.0649,0.8392,3.418,0.5231,,
alice,0,28402564,502,0.0428,0.7978,3.2793,0.5231,,
alice,0,28403676,502,0.0301,0.7481,2.7305,0.5231,,
alice,0,28404611,502,0.0494,0.8068,3.0566,0.5231,,
alice,0,28405439,502,0.0516,0.7846,3.3105,0.5231,,
alice,0,28407135,502,0.0749,0.8082,2.918,0.5231,,
alice,0,28407658,502,0.0489,0.8059,3.1973,0.5231,,
alice,0,28408316,502,0.0525,0.7759,2.5684,0.5231,,
alice,0,28409910,502,0.0489,0.8016,3.2852,0.5231,,
alice,0,28412910,502,0.0436,0.7618,3.3457,0.5231,,
alice,0,28422442,502,0.0866,0.8179,3.5156,0.5231,,
alice,0,28390449,503,0.0341,0.8512,3.1445,0.5222,,
alice,0,28399418,503,0.0297,0.7814,2.8398,0.5222,,
alice,0,28402154,503,0.057,0.83,3.4492,0.5222,,
alice,0,28402564,503,0.0418,0.749,3.4609,0.5222,,
alice,0,28403676,503,0.0463,0.7956,3.1211,0.5222,,
alice,0,28404611,503,0.0386,0.7644,3.3555,0.5222,,
alice,0,28405439,503,0.0456,0.7777,3.4277,0.5222,,
alice,0,28407135,503,0.0375,0.7868,2.8867,0.5222,,
alice,0,28407658,503,0.042,0.7716,3.1055,0.5222,,
alice,0,28408316,503,0.0799,0.755,3.3027,0.5222,,
alice,0,28409910,503,0.0321,0.7778,2.8203,0.5222,,
alice,0,28412910,503,0.043,0.815,3.0137,0.5222,,
alice,0,28422442,503,0.0329,0.7726,3.125,0.5222,,
alice,0,28390449,504,0.0282,0.79,3.0039,0.5212,,
alice,0,28399418,504,0.0487,0.891,2.8457,0.5212,,
alice,0,28402154,504,0.0572,0.8522,2.8008,0.5212,,
alice,0,28402564,504,0.0489,0.9432,2.791,0.5212,,
alice,0,28403676,504,0.0369,0.8649,3.0645,0.5212,,
alice,0,28404611,504,0.0511,0.908,2.9121,0.5212,,
alice,0,28405439,504,0.0413,0.9163,2.998,0.5212,,
alice,0,28407135,504,0.0349,0.7774,2.5117,0.5212,,
alice,0,28407658,504,0.0415,0.874,3.0332,0.5212,,
alice,0,28408316,504,0.0521,0.8717,2.8418,0.5212,,
alice,0,28409910,504,0.0656,0.8953,3.0312,0.5212,,
alice,0,28412910,504,0.0568,0.8801,2.752,0.5212,,
alice,0,28422442,504,0.0466,0.9048,3.1426,0.5212,,
alice,0,28390449,505,0.0353,0.808,2.7988,0.5203,,
alice,0,28399418,505,0.0573,0.8575,3.332,0.5203,,
alice,0,28402154,505,0.0532,0.8631,3.0566,0.5203,,
alice,0,28402564,505,0.053,0.8141,3.125,0.5203,,
alice,0,28403676,505,0.0422,0.8642,3.0039,0.5203,,
alice,0,28404611,505,0.0478,0.8566,3.1328,0.5203,,
alice,0,28405439,505,0.0449,0.8315,3.0684,0.5203,,
alice,0,28407135,505,0.0536,0.883,3.0781,0.5203,,
alice,0,28407658,505,0.0457,0.8541,3.084,0.5203,,
alice,0,28408316,505,0.0569,0.872,3.2793,0.5203,,
alice,0,28409910,505,0.0391,0.8223,3.0293,0.5203,,
alice,0,28412910,505,0.0599,0.8276,2.8281,0.5203,,
alice,0,28422442,505,0.0539,0.8699,3.4941,0.5203,,
alice,0,28390449,506,0.0343,0.8624,2.9844,0.5193,,
alice,0,28399418,506,0.0592,0.8394,3.1055,0.5193,,
alice,0,28402154,506,0.055,0.8671,2.9297,0.5193,,
alice,0,28402564,506,0.048,0.8799,3.252,0.5193,,
alice,0,28403676,506,0.0615,0.8614,3.0371,0.5193,,
alice,0,28404611,506,0.0529,0.8755,3.1953,0.5193,,
alice,0,28405439,506,0.0448,0.8606,2.8574,0.5193,,
alice,0,28407135,506,0.0491,0.8666,3.0215,0.5193,,
alice,0,28407658,506,0.049,0.8445,3.0938,0.5193,,
alice,0,28408316,506,0.0585,0.8465,3.2539,0.5193,,
alice,0,28409910,506,0.0529,0.834,3.0039,0.5193,,
alice,0,28412910,506,0.0476,0.8859,2.9512,0.5193,,
alice,0,28422442,506,0.0543,0.8881,3.1133,0.5193,,
alice,0,28390449,507,0.0367,0.8377,2.8613,0.5184,,
alice,0,28399418,507,0.0328,0.779,2.8516,0.5184,,
alice,0,28402154,507,0.0512,0.8476,2.8262,0.5184,,
alice,0,28402564,507,0.065,0.8932,3.1445,0.5184,,
alice,0,28403676,507,0.0494,0.8264,2.8047,0.5184,,
alice,0,28404611,507,0.0607,0.841,3.1816,0.5184,,
alice,0,28405439,507,0.0538,0.9143,3.0898,0.5184,,
alice,0,28407135,507,0.0504,0.8387,3.041,0.5184,,
alice,0,28407658,507,0.0584,0.8848,3.0625,0.5184,,
alice,0,28408316,507,0.0561,0.8095,2.7227,0.5184,,
alice,0,28409910,507,0.06,0.8458,3.1406,0.5184,,
alice,0,28412910,507,0.0737,0.8507,2.916,0.5184,,
alice,0,28422442,507,0.0584,0.8397,2.8223,0.5184,,
alice,0,28390449,508,0.0228,0.828,2.9141,0.5174,,
alice,0,28399418,508,0.0515,0.9091,3.4395,0.5174,,
alice,0,28402154,508,0.0537,0.8279,2.8379,0.5174,,
alice,0,28402564,508,0.0518,0.8718,3.166,0.5174,,
alice,0,28403676,508,0.0467,0.8145,2.9844,0.5174,,
alice,0,28404611,508,0.0548,0.8347,2.9844,0.5174,,
alice,0,28405439,508,0.0375,0.8517,2.8125,0.5174,,
alice,0,28407135,508,0.048,0.8084,2.8867,0.5174,,
alice,0,28407658,508,0.0516,0.8941,2.9434,0.5174,,
alice,0,28408316,508,0.0498,0.852,3.1582,0.5174,,
alice,0,28409910,508,0.0467,0.8458,2.8613,0.5174,,
alice,0,28412910,508,0.0604,0.8339,2.6543,0.5174,,
alice,0,28422442,508,0.0522,0.8165,2.9082,0.5174,,
alice,0,28390449,509,0.0274,0.8446,2.9766,0.5165,,
alice,0,28399418,509,0.0519,0.8489,3.0391,0.5165,,
alice,0,28402154,509,0.0573,0.9116,3.0625,0.5165,,
alice,0,28402564,509,0.0612,0.8648,3.0039,0.5165,,
alice,0,28403676,509,0.0516,0.8573,2.9062,0.5165,,
alice,0,28404611,509,0.0559,0.8127,2.625,0.5165,,
alice,0,28405439,509,0.042,0.8401,2.9238,0.5165,,
alice,0,28407135,509,0.0478,0.8142,2.8691,0.5165,,
alice,0,28407658,509,0.0656,0.8598,3.0918,0.5165,,
alice,0,28408316,509,0.0508,0.9118,3.0371,0.5165,,
alice,0,28409910,509,0.0487,0.9428,3.043,0.5165,,
alice,0,28412910,509,0.0553,0.8413,2.9004,0.5165,,
alice,0,28422442,509,0.0425,0.8168,2.918,0.5165,,
alice,0,28390449,510,0.0257,0.7924,2.7148,0.5155,,
alice,0,28399418,510,0.0588,0.867,3.1504,0.5155,,
alice,0,28402154,510,0.0531,0.8686,3.0918,0.5155,,
alice,0,28402564,510,0.0612,0.8307,2.918,0.5155,,
alice,0,28403676,510,0.0494,0.8533,2.9531,0.5155,,
alice,0,28404611,510,0.0561,0.8379,2.9531,0.5155,,
alice,0,28405439,510,0.0483,0.8331,2.9961,0.5155,,
alice,0,28407135,510,0.0381,0.8079,2.8867,0.5155,,
alice,0,28407658,510,0.0505,0.8878,3.1172,0.5155,,
alice,0,28408316,510,0.0675,0.9008,3.0234,0.5155,,
alice,0,28409910,510,0.0356,0.8623,3.0566,0.5155,,
alice,0,28412910,510,0.058,0.8541,3.043,0.5155,,
alice,0,28422442,510,0.0652,0.8602,3.4492,0.5155,,
alice,0,28390449,511,0.0296,0.7914,2.7871,0.5146,,
alice,0,28399418,511,0.0637,0.8951,3.0566,0.5146,,
alice,0,28402154,511,0.0542,0.8573,2.9492,0.5146,,
alice,0,28402564,511,0.0498,0.8215,2.9824,0.5146,,
alice,0,28403676,511,0.0655,0.839,2.6875,0.5146,,
alice,0,28404611,511,0.0429,0.8278,2.9629,0.5146,,
alice,0,28405439,511,0.0459,0.8016,2.8906,0.5146,,
alice,0,28407135,511,0.0428,0.8212,2.9668,0.5146,,
alice,0,28407658,511,0.0528,0.858,3.082,0.5146,,
alice,0,28408316,511,0.0466,0.8769,3.0918,0.5146,,
alice,0,28409910,511,0.0331,0.8065,2.6758,0.5146,,
alice,0,28412910,511,0.0591,0.8925,3.0566,0.5146,,
alice,0,28422442,511,0.0463,0.8284,2.9883,0.5146,,
alice,0,28390449,512,0.0249,0.8243,2.8574,0.5136,,
alice,0,28399418,512,0.0503,0.9285,3.2188,0.5136,,
alice,0,28402154,512,0.0553,0.8142,2.834,0.5136,,
alice,0,28402564,512,0.07,0.8919,3.0977,0.5136,,
alice,0,28403676,512,0.0676,0.8291,2.7539,0.5136,,
alice,0,28404611,512,0.043,0.8625,3.1309,0.5136,,
alice,0,28405439,512,0.0525,0.8673,3.1211,0.5136,,
alice,0,28407135,512,0.0404,0.8198,2.8945,0.5136,,
alice,0,28407658,512,0.0533,0.9401,3.2949,0.5136,,
alice,0,28408316,512,0.0628,0.8821,2.957,0.5136,,
alice,0,28409910,512,0.0533,0.8028,2.8223,0.5136,,
alice,0,28412910,512,0.049,0.8525,2.8965,0.5136,,
alice,0,28422442,512,0.0465,0.9001,3.2793,0.5136,,
alice,0,28390449,513,0.025,0.8533,2.8887,0.5127,,
alice,0,28399418,513,0.0589,0.8455,3.0605,0.5127,,
alice,0,28402154,513,0.0573,0.844,2.7656,0.5127,,
alice,0,28402564,513,0.0444,0.8454,2.8496,0.5127,,
alice,0,28403676,513,0.0746,0.8516,3.0586,0.5127,,
alice,0,28404611,513,0.0447,0.8435,2.9453,0.5127,,
alice,0,28405439,513,0.0461,0.8636,2.9844,0.5127,,
alice,0,28407135,513,0.0529,0.7674,2.8809,0.5127,,
alice,0,28407658,513,0.0447,0.8374,2.8438,0.5127,,
alice,0,28408316,513,0.0718,0.8872,2.9414,0.5127,,
alice,0,28409910,513,0.0325,0.6976,2.5215,0.5127,,
alice,0,28412910,513,0.0575,0.8588,2.9316,0.5127,,
alice,0,28422442,513,0.0385,0.8412,2.9727,0.5127,,
alice,0,28390449,514,0.0331,0.7153,2.5391,0.5117,,
alice,0,28399418,514,0.0434,0.8257,2.8574,0.5117,,
alice,0,28402154,514,0.0618,0.8714,3.0137,0.5117,,
alice,0,28402564,514,0.0436,0.8187,2.8555,0.5117,,
alice,0,28403676,514,0.0348,0.7573,2.623,0.5117,,
alice,0,28404611,514,0.0411,0.8357,2.9199,0.5117,,
alice,0,28405439,514,0.0563,0.8878,2.9531,0.5117,,
alice,0,28407135,514,0.0349,0.7654,2.7969,0.5117,,
alice,0,28407658,514,0.0419,0.9538,3.3984,0.5117,,
alice,0,28408316,514,0.0496,0.8359,2.9414,0.5117,,
alice,0,28409910,514,0.042,0.8445,2.9277,0.5117,,
alice,0,28412910,514,0.0497,0.7928,2.6934,0.5117,,
alice,0,28422442,514,0.0535,0.8807,3.0703,0.5117,,
alice,0,28390449,515,0.0342,0.7636,2.8223,0.5108,,
alice,0,28399418,515,0.0491,0.8123,2.9668,0.5108,,
alice,0,28402154,515,0.0535,0.925,3.0352,0.5108,,
alice,0,28402564,515,0.051,0.9106,3.2852,0.5108,,
alice,0,28403676,515,0.0429,0.8452,2.9336,0.5108,,
alice,0,28404611,515,0.0338,0.7823,2.6836,0.5108,,
alice,0,28405439,515,0.0607,0.9549,3.293,0.5108,,
alice,0,28407135,515,0.0587,0.7303,2.7188,0.5108,,
alice,0,28407658,515,0.0404,0.796,2.8594,0.5108,,
alice,0,28408316,515,0.0443,0.8089,2.9551,0.5108,,
alice,0,28409910,515,0.04,0.7746,2.8066,0.5108,,
alice,0,28412910,515,0.0614,0.8339,2.8496,0.5108,,
alice,0,28422442,515,0.0596,0.8837,3.0879,0.5108,,
alice,0,28390449,516,0.0261,0.8062,3.0078,0.5098,,
alice,0,28399418,516,0.0397,0.7975,2.7305,0.5098,,
alice,0,28402154,516,0.0433,0.795,2.6348,0.5098,,
alice,0,28402564,516,0.065,0.8309,2.9434,0.5098,,
alice,0,28403676,516,0.0451,0.8555,3.0977,0.5098,,
alice,0,28404611,516,0.0335,0.8214,2.8828,0.5098,,
alice,0,28405439,516,0.0571,0.8687,3.2266,0.5098,,
alice,0,28407135,516,0.0405,0.8216,2.8711,0.5098,,
alice,0,28407658,516,0.048,0.8331,3.0039,0.5098,,
alice,0,28408316,516,0.043,0.8671,3.0918,0.5098,,
alice,0,28409910,516,0.0469,0.8924,3.0449,0.5098,,
alice,0,28412910,516,0.0559,0.8657,2.9922,0.5098,,
alice,0,28422442,516,0.057,0.9106,3.1934,0.5098,,
alice,0,28390449,517,0.031,0.726,2.7559,0.5089,,
alice,0,28399418,517,0.0403,0.8664,3.125,0.5089,,
alice,0,28402154,517,0.0481,0.8254,2.9473,0.5089,,
alice,0,28402564,517,0.0421,0.8226,3.0273,0.5089,,
alice,0,28403676,517,0.0432,0.8631,2.9727,0.5089,,
alice,0,28404611,517,0.0284,0.7282,2.6855,0.5089,,
alice,0,28405439,517,0.0474,0.8537,2.832,0.5089,,
alice,0,28407135,517,0.0356,0.7257,2.6309,0.5089,,
alice,0,28407658,517,0.05,0.7872,2.8555,0.5089,,
alice,0,28408316,517,0.049,0.8478,2.9316,0.5089,,
alice,0,28409910,517,0.0356,0.8043,2.8535,0.5089,,
alice,0,28412910,517,0.034,0.727,2.5,0.5089,,
alice,0,28422442,517,0.0527,0.805,2.9102,0.5089,,
alice,0,28390449,518,0.0402,0.7548,2.8203,0.5079,,
alice,0,28399418,518,0.0328,0.7115,2.4473,0.5079,,
alice,0,28402154,518,0.0506,0.8106,2.9551,0.5079,,
alice,0,28402564,518,0.0511,0.8185,2.9277,0.5079,,
alice,0,28403676,518,0.038,0.8454,2.8672,0.5079,,
alice,0,28404611,518,0.0231,0.756,2.6211,0.5079,,
alice,0,28405439,518,0.0482,0.849,3.0723,0.5079,,
alice,0,28407135,518,0.034,0.7782,2.6523,0.5079,,
alice,0,28407658,518,0.0439,0.8534,3.0605,0.5079,,
alice,0,28408316,518,0.0458,0.8651,3.0391,0.5079,,
alice,0,28409910,518,0.034,0.8092,2.7383,0.5079,,
alice,0,28412910,518,0.0399,0.8534,2.8789,0.5079,,
alice,0,28422442,518,0.0399,0.8411,3.041,0.5079,,
alice,0,28390449,519,0.0331,0.7881,2.7695,0.507,,
alice,0,28399418,519,0.0325,0.8623,2.9941,0.507,,
alice,0,28402154,519,0.0507,0.9051,3.125,0.507,,
alice,0,28402564,519,0.0313,0.9029,3.1152,0.507,,
alice,0,28403676,519,0.0386,0.8521,3.0801,0.507,,
alice,0,28404611,519,0.0326,0.7366,2.6582,0.507,,
alice,0,28405439,519,0.0468,0.9362,3.2715,0.507,,
alice,0,28407135,519,0.0362,0.8103,2.9375,0.507,,
alice,0,28407658,519,0.0457,0.83,3.0059,0.507,,
alice,0,28408316,519,0.0452,0.8281,3.0195,0.507,,
alice,0,28409910,519,0.0374,0.8231,2.9199,0.507,,
alice,0,28412910,519,0.0383,0.7434,2.8594,0.507,,
alice,0,28422442,519,0.0459,0.8343,2.8789,0.507,,
alice,0,28390449,520,0.0297,0.7879,2.8184,0.506,,
alice,0,28399418,520,0.0291,0.7497,2.75,0.506,,
alice,0,28402154,520,0.0512,0.8615,3.0684,0.506,,
alice,0,28402564,520,0.0393,0.8749,2.9727,0.506,,
alice,0,28403676,520,0.0316,0.8103,2.7559,0.506,,
alice,0,28404611,520,0.0207,0.8066,3.0625,0.506,,
alice,0,28405439,520,0.0531,0.8688,3.1016,0.506,,
alice,0,28407135,520,0.0322,0.7409,2.6973,0.506,,
alice,0,28407658,520,0.0373,0.8557,3.0508,0.506,,
alice,0,28408316,520,0.0429,0.6763,2.5918,0.506,,
alice,0,28409910,520,0.0388,0.8435,3.0684,0.506,,
alice,0,28412910,520,0.0351,0.8592,2.918,0.506,,
alice,0,28422442,520,0.0344,0.8588,2.8594,0.506,,
alice,0,28390449,521,0.0299,0.8479,3.082,0.505,,
alice,0,28399418,521,0.0371,0.8403,2.873,0.505,,
alice,0,28402154,521,0.0427,0.873,3.0664,0.505,,
alice,0,28402564,521,0.039,0.8259,2.9512,0.505,,
alice,0,28403676,521,0.0341,0.7968,2.8672,0.505,,
alice,0,28404611,521,0.0218,0.7429,2.6895,0.505,,
alice,0,28405439,521,0.0415,0.8414,2.9512,0.505,,
alice,0,28407135,521,0.0305,0.8272,2.9609,0.505,,
alice,0,28407658,521,0.0468,0.9195,3.1094,0.505,,
alice,0,28408316,521,0.0433,0.8194,2.873,0.505,,
alice,0,28409910,521,0.0308,0.7598,2.6309,0.505,,
alice,0,28412910,521,0.0395,0.8017,2.9844,0.505,,
alice,0,28422442,521,0.0414,0.8223,2.9199,0.505,,
alice,0,28390449,522,0.0362,0.7354,2.748,0.5041,,
alice,0,28399418,522,0.0354,0.7301,2.5137,0.5041,,
alice,0,28402154,522,0.0328,0.8391,2.9258,0.5041,,
alice,0,28402564,522,0.0398,0.8306,2.9297,0.5041,,
alice,0,28403676,522,0.0362,0.8122,3.1055,0.5041,,
alice,0,28404611,522,0.0269,0.7731,2.8809,0.5041,,
alice,0,28405439,522,0.033,0.8447,2.8691,0.5041,,
alice,0,28407135,522,0.0269,0.7658,2.6133,0.5041,,
alice,0,28407658,522,0.041,0.7463,2.7949,0.5041,,
alice,0,28408316,522,0.0302,0.8942,3.1465,0.5041,,
alice,0,28409910,522,0.0378,0.8834,3.2871,0.5041,,
alice,0,28412910,522,0.04,0.7797,2.9023,0.5041,,
alice,0,28422442,522,0.036,0.806,2.9844,0.5041,,
alice,0,28390449,523,0.0236,0.8739,3.0156,0.5031,,
alice,0,28399418,523,0.0403,0.8187,2.9785,0.5031,,
alice,0,28402154,523,0.0342,0.8423,3.0117,0.5031,,
alice,0,28402564,523,0.038,0.8641,3.0664,0.5031,,
alice,0,28403676,523,0.0268,0.7436,2.7227,0.5031,,
alice,0,28404611,523,0.0319,0.8225,2.9102,0.5031,,
alice,0,28405439,523,0.0438,0.8082,2.7617,0.5031,,
alice,0,28407135,523,0.032,0.7706,2.791,0.5031,,
alice,0,28407658,523,0.0344,0.8098,2.8594,0.5031,,
alice,0,28408316,523,0.0402,0.7979,2.7598,0.5031,,
alice,0,28409910,523,0.0244,0.8441,2.9082,0.5031,,
alice,0,28412910,523,0.0564,0.7358,2.75,0.5031,,
alice,0,28422442,523,0.0374,0.8614,3.0703,0.5031,,
alice,0,28390449,524,0.0307,0.7512,2.6934,0.5022,,
alice,0,28399418,524,0.0328,0.836,2.9902,0.5022,,
alice,0,28402154,524,0.0446,0.8607,3.0391,0.5022,,
alice,0,28402564,524,0.0474,0.8902,3.3145,0.5022,,
alice,0,28403676,524,0.0399,0.7465,2.7578,0.5022,,
alice,0,28404611,524,0.023,0.7346,2.6309,0.5022,,
alice,0,28405439,524,0.0521,0.7873,2.7598,0.5022,,
alice,0,28407135,524,0.0434,0.8062,2.8984,0.5022,,
alice,0,28407658,524,0.0408,0.7559,2.7344,0.5022,,
alice,0,28408316,524,0.0336,0.7132,2.5293,0.5022,,
alice,0,28409910,524,0.0372,0.8244,3.0078,0.5022,,
alice,0,28412910,524,0.0179,0.7414,2.4902,0.5022,,
alice,0,28422442,524,0.0376,0.8453,3.0508,0.5022,,
alice,0,28390449,525,0.0285,0.8113,3.0039,0.5012,,
alice,0,28399418,525,0.0353,0.8782,2.9863,0.5012,,
alice,0,28402154,525,0.0305,0.8292,2.9082,0.5012,,
alice,0,28402564,525,0.0337,0.7564,2.582,0.5012,,
alice,0,28403676,525,0.0393,0.8143,2.7891,0.5012,,
alice,0,28404611,525,0.0322,0.7198,2.793,0.5012,,
alice,0,28405439,525,0.0432,0.842,2.9258,0.5012,,
alice,0,28407135,525,0.0314,0.7241,2.7441,0.5012,,
alice,0,28407658,525,0.0347,0.7691,2.752,0.5012,,
alice,0,28408316,525,0.0311,0.863,3.0254,0.5012,,
alice,0,28409910,525,0.037,0.8878,3.0469,0.5012,,
alice,0,28412910,525,0.0279,0.7642,2.9297,0.5012,,
alice,0,28422442,525,0.0387,0.8409,2.8633,0.5012,,
alice,0,28390449,526,0.0262,0.7656,2.9219,0.5003,,
alice,0,28399418,526,0.0343,0.827,3.0312,0.5003,,
alice,0,28402154,526,0.0358,0.758,2.627,0.5003,,
alice,0,28402564,526,0.0409,0.8513,2.957,0.5003,,
alice,0,28403676,526,0.0349,0.8019,2.9551,0.5003,,
alice,0,28404611,526,0.0392,0.7399,2.9199,0.5003,,
alice,0,28405439,526,0.0379,0.8667,2.9766,0.5003,,
alice,0,28407135,526,0.0331,0.8807,3.0879,0.5003,,
alice,0,28407658,526,0.0519,0.8551,3.002,0.5003,,
alice,0,28408316,526,0.0333,0.8201,2.9922,0.5003,,
alice,0,28409910,526,0.0369,0.8149,2.8809,0.5003,,
alice,0,28412910,526,0.0281,0.7464,2.7148,0.5003,,
alice,0,28422442,526,0.0464,0.7833,2.8438,0.5003,,
alice,0,28390449,527,0.0283,0.6942,2.7422,0.4993,,
alice,0,28399418,527,0.0285,0.8451,3.1445,0.4993,,
alice,0,28402154,527,0.0428,0.7919,2.7969,0.4993,,
alice,0,28402564,527,0.0443,0.8526,3.1328,0.4993,,
alice,0,28403676,527,0.0346,0.8397,2.9961,0.4993,,
alice,0,28404611,527,0.0299,0.8142,2.8301,0.4993,,
alice,0,28405439,527,0.0279,0.7682,2.9023,0.4993,,
alice,0,28407135,527,0.0367,0.7716,2.7363,0.4993,,
alice,0,28407658,527,0.0385,0.7986,2.8418,0.4993,,
alice,0,28408316,527,0.0247,0.7465,2.666,0.4993,,
alice,0,28409910,527,0.0397,0.7262,2.8086,0.4993,,
alice,0,28412910,527,0.0288,0.8372,2.8613,0.4993,,
alice,0,28422442,527,0.0329,0.7447,2.8984,0.4993,,
alice,0,28390449,528,0.0258,0.7921,2.793,0.4984,,
alice,0,28399418,528,0.0401,0.7827,2.793,0.4984,,
alice,0,28402154,528,0.0378,0.9234,3.082,0.4984,,
alice,0,28402564,528,0.0323,0.8168,3.084,0.4984,,
alice,0,28403676,528,0.0298,0.8014,2.8379,0.4984,,
alice,0,28404611,528,0.0264,0.7583,2.8184,0.4984,,
alice,0,28405439,528,0.0292,0.8671,3.0762,0.4984,,
alice,0,28407135,528,0.0282,0.7656,2.748,0.4984,,
alice,0,28407658,528,0.0347,0.7851,2.8809,0.4984,,
alice,0,28408316,528,0.0344,0.7515,2.6836,0.4984,,
alice,0,28409910,528,0.0367,0.8095,2.9727,0.4984,,
alice,0,28412910,528,0.0317,0.8259,2.9785,0.4984,,
alice,0,28422442,528,0.0373,0.7676,2.8184,0.4984,,
alice,0,28390449,529,0.0265,0.6625,2.5957,0.4974,,
alice,0,28399418,529,0.0303,0.8051,2.8848,0.4974,,
alice,0,28402154,529,0.0329,0.7041,2.3398,0.4974,,
alice,0,28402564,529,0.0357,0.8475,3.0371,0.4974,,
alice,0,28403676,529,0.0254,0.8281,2.8926,0.4974,,
alice,0,28404611,529,0.031,0.7842,2.6836,0.4974,,
alice,0,28405439,529,0.0316,0.7821,2.7988,0.4974,,
alice,0,28407135,529,0.0301,0.671,2.4121,0.4974,,
alice,0,28407658,529,0.0365,0.7071,2.7168,0.4974,,
alice,0,28408316,529,0.0382,0.7689,3.002,0.4974,,
alice,0,28409910,529,0.0324,0.7713,2.6504,0.4974,,
alice,0,28412910,529,0.0248,0.7627,2.8379,0.4974,,
alice,0,28422442,529,0.0325,0.7391,2.7676,0.4974,,
alice,0,28390449,530,0.0268,0.7798,3.0059,0.4965,,
alice,0,28399418,530,0.0356,0.8173,2.8613,0.4965,,
alice,0,28402154,530,0.0372,0.8083,2.7129,0.4965,,
alice,0,28402564,530,0.0391,0.7814,2.8379,0.4965,,
alice,0,28403676,530,0.0304,0.722,2.5391,0.4965,,
alice,0,28404611,530,0.0257,0.8369,2.9648,0.4965,,
alice,0,28405439,530,0.0316,0.7052,2.6504,0.4965,,
alice,0,28407135,530,0.0314,0.7792,2.9395,0.4965,,
alice,0,28407658,530,0.0312,0.7201,2.752,0.4965,,
alice,0,28408316,530,0.0284,0.735,2.6074,0.4965,,
alice,0,28409910,530,0.0285,0.7628,2.7285,0.4965,,
alice,0,28412910,530,0.0261,0.7737,2.6621,0.4965,,
alice,0,28422442,530,0.0348,0.8236,2.9277,0.4965,,
alice,0,28390449,531,0.0263,0.7594,2.8809,0.4956,,
alice,0,28399418,531,0.0252,0.8446,2.9707,0.4956,,
alice,0,28402154,531,0.0323,0.7523,2.6953,0.4956,,
alice,0,28402564,531,0.0368,0.7704,2.8574,0.4956,,
alice,0,28403676,531,0.0245,0.7847,3.0605,0.4956,,
alice,0,28404611,531,0.0335,0.8534,3.1328,0.4956,,
alice,0,28405439,531,0.0358,0.8243,2.9297,0.4956,,
alice,0,28407135,531,0.0253,0.7709,2.8516,0.4956,,
alice,0,28407658,531,0.0297,0.7479,2.75,0.4956,,
alice,0,28408316,531,0.0255,0.8895,3.1934,0.4956,,
alice,0,28409910,531,0.0365,0.7637,2.8516,0.4956,,
alice,0,28412910,531,0.0316,0.7513,2.7539,0.4956,,
alice,0,28422442,531,0.0248,0.7547,2.9219,0.4956,,
alice,0,28390449,532,0.0244,0.6791,2.6484,0.4946,,
alice,0,28399418,532,0.0248,0.7386,2.5781,0.4946,,
alice,0,28402154,532,0.0226,0.7177,2.7207,0.4946,,
alice,0,28402564,532,0.0295,0.7769,2.9551,0.4946,,
alice,0,28403676,532,0.0221,0.7701,2.6758,0.4946,,
alice,0,28404611,532,0.0355,0.7183,2.6934,0.4946,,
alice,0,28405439,532,0.0368,0.7946,2.9043,0.4946,,
alice,0,28407135,532,0.0286,0.7204,2.6621,0.4946,,
alice,0,28407658,532,0.0313,0.7437,2.7949,0.4946,,
alice,0,28408316,532,0.041,0.8064,2.8984,0.4946,,
alice,0,28409910,532,0.0309,0.7063,2.7012,0.4946,,
alice,0,28412910,532,0.0273,0.7667,2.8086,0.4946,,
alice,0,28422442,532,0.0319,0.8763,3.127,0.4946,,
alice,0,28390449,533,0.0334,0.7299,2.8711,0.4937,,
alice,0,28399418,533,0.0358,0.759,2.9023,0.4937,,
alice,0,28402154,533,0.0387,0.7991,2.707,0.4937,,
alice,0,28402564,533,0.0288,0.8189,2.9434,0.4937,,
alice,0,28403676,533,0.0249,0.7635,2.8574,0.4937,,
alice,0,28404611,533,0.0295,0.8193,2.9883,0.4937,,
alice,0,28405439,533,0.0306,0.8302,2.9062,0.4937,,
alice,0,28407135,533,0.0385,0.8534,2.9648,0.4937,,
alice,0,28407658,533,0.0217,0.7475,2.6875,0.4937,,
alice,0,28408316,533,0.0325,0.8176,2.8008,0.4937,,
alice,0,28409910,533,0.0341,0.8025,2.8398,0.4937,,
alice,0,28412910,533,0.0247,0.8178,2.877,0.4937,,
alice,0,28422442,533,0.0388,0.8089,3.0586,0.4937,,
alice,0,28390449,534,0.0475,0.7688,2.7539,0.4927,,
alice,0,28399418,534,0.0265,0.7946,2.8496,0.4927,,
alice,0,28402154,534,0.0551,0.7724,2.832,0.4927,,
alice,0,28402564,534,0.0327,0.741,2.6699,0.4927,,
alice,0,28403676,534,0.0282,0.8304,2.959,0.4927,,
alice,0,28404611,534,0.041,0.7641,2.5488,0.4927,,
alice,0,28405439,534,0.0331,0.7325,2.5898,0.4927,,
alice,0,28407135,534,0.0202,0.7983,2.7461,0.4927,,
alice,0,28407658,534,0.0364,0.7763,2.9453,0.4927,,
alice,0,28408316,534,0.0292,0.825,3.0117,0.4927,,
alice,0,28409910,534,0.0309,0.8483,2.9062,0.4927,,
alice,0,28412910,534,0.0237,0.8373,2.8164,0.4927,,
alice,0,28422442,534,0.0278,0.7603,2.8008,0.4927,,
alice,0,28390449,535,0.033,0.7215,2.7812,0.4918,,
alice,0,28399418,535,0.0422,0.8255,2.9609,0.4918,,
alice,0,28402154,535,0.0369,0.8081,2.7969,0.4918,,
alice,0,28402564,535,0.0303,0.7168,2.793,0.4918,,
alice,0,28403676,535,0.0161,0.7831,2.875,0.4918,,
alice,0,28404611,535,0.0255,0.7723,2.7188,0.4918,,
alice,0,28405439,535,0.0375,0.7376,2.5957,0.4918,,
alice,0,28407135,535,0.0279,0.8979,3.0625,0.4918,,
alice,0,28407658,535,0.0396,0.7738,2.8848,0.4918,,
alice,0,28408316,535,0.0294,0.7848,2.7773,0.4918,,
alice,0,28409910,535,0.0313,0.7859,2.8086,0.4918,,
alice,0,28412910,535,0.0303,0.7902,2.7383,0.4918,,
alice,0,28422442,535,0.0257,0.856,3.1152,0.4918,,
alice,0,28390449,536,0.0176,0.7081,2.5137,0.4908,,
alice,0,28399418,536,0.0246,0.7182,2.623,0.4908,,
alice,0,28402154,536,0.0416,0.8225,2.8906,0.4908,,
alice,0,28402564,536,0.0394,0.7955,2.875,0.4908,,
alice,0,28403676,536,0.0255,0.8372,3.0684,0.4908,,
alice,0,28404611,536,0.0181,0.921,3.2344,0.4908,,
alice,0,28405439,536,0.0335,0.788,2.8887,0.4908,,
alice,0,28407135,536,0.0288,0.7717,2.6465,0.4908,,
alice,0,28407658,536,0.0357,0.7532,2.9141,0.4908,,
alice,0,28408316,536,0.0304,0.7741,2.6035,0.4908,,
alice,0,28409910,536,0.0363,0.8302,2.9258,0.4908,,
alice,0,28412910,536,0.0379,0.8041,2.9141,0.4908,,
alice,0,28422442,536,0.0251,0.6546,2.3965,0.4908,,
alice,0,28390449,537,0.0297,0.7558,2.7656,0.4899,,
alice,0,28399418,537,0.0257,0.7145,2.6309,0.4899,,
alice,0,28402154,537,0.0254,0.7472,2.5566,0.4899,,
alice,0,28402564,537,0.0245,0.859,3.0195,0.4899,,
alice,0,28403676,537,0.0269,0.8031,2.8574,0.4899,,
alice,0,28404611,537,0.023,0.6958,2.4922,0.4899,,
alice,0,28405439,537,0.0349,0.8099,2.8828,0.4899,,
alice,0,28407135,537,0.0276,0.8136,3.043,0.4899,,
alice,0,28407658,537,0.0283,0.7076,2.7715,0.4899,,
alice,0,28408316,537,0.0356,0.7528,2.7285,0.4899,,
alice,0,28409910,537,0.0333,0.675,2.6016,0.4899,,
alice,0,28412910,537,0.0323,0.7327,2.7363,0.4899,,
alice,0,28422442,537,0.021,0.7493,2.832,0.4899,,
alice,0,28390449,538,0.0357,0.8141,3.0254,0.4889,,
alice,0,28399418,538,0.0232,0.746,2.7637,0.4889,,
alice,0,28402154,538,0.0324,0.7411,2.5605,0.4889,,
alice,0,28402564,538,0.0279,0.8361,2.9707,0.4889,,
alice,0,28403676,538,0.0217,0.8206,2.8457,0.4889,,
alice,0,28404611,538,0.0241,0.8376,2.9297,0.4889,,
alice,0,28405439,538,0.0369,0.815,3.0664,0.4889,,
alice,0,28407135,538,0.0188,0.739,2.6582,0.4889,,
alice,0,28407658,538,0.0227,0.877,3.084,0.4889,,
alice,0,28408316,538,0.0384,0.8163,3.0332,0.4889,,
alice,0,28409910,538,0.0367,0.8271,2.8887,0.4889,,
alice,0,28412910,538,0.0344,0.7644,2.9414,0.4889,,
alice,0,28422442,538,0.0281,0.761,2.9746,0.4889,,
alice,0,28390449,539,0.0442,0.7378,2.6738,0.4879,,
alice,0,28399418,539,0.0351,0.71,2.4668,0.4879,,
alice,0,28402154,539,0.0323,0.7415,2.793,0.4879,,
alice,0,28402564,539,0.0247,0.7834,2.8711,0.4879,,
alice,0,28403676,539,0.0233,0.8207,2.875,0.4879,,
alice,0,28404611,539,0.0217,0.7432,2.7773,0.4879,,
alice,0,28405439,539,0.0286,0.7467,2.7422,0.4879,,
alice,0,28407135,539,0.0265,0.7314,2.7246,0.4879,,
alice,0,28407658,539,0.0338,0.6784,2.5254,0.4879,,
alice,0,28408316,539,0.0321,0.8055,2.7305,0.4879,,
alice,0,28409910,539,0.0239,0.7508,2.7402,0.4879,,
alice,0,28412910,539,0.0217,0.8533,3.1387,0.4879,,
alice,0,28422442,539,0.0211,0.7859,2.8359,0.4879,,
alice,0,28390449,540,0.0291,0.7937,2.8281,0.487,,
alice,0,28399418,540,0.0308,0.6827,2.7285,0.487,,
alice,0,28402154,540,0.0219,0.8213,2.8008,0.487,,
alice,0,28402564,540,0.0299,0.8695,3.1211,0.487,,
alice,0,28403676,540,0.0267,0.7623,2.8301,0.487,,
alice,0,28404611,540,0.0262,0.7911,2.9258,0.487,,
alice,0,28405439,540,0.0295,0.8305,3.002,0.487,,
alice,0,28407135,540,0.0243,0.798,2.7344,0.487,,
alice,0,28407658,540,0.0267,0.7699,2.9219,0.487,,
alice,0,28408316,540,0.0326,0.7589,2.7559,0.487,,
alice,0,28409910,540,0.033,0.813,2.9883,0.487,,
alice,0,28412910,540,0.0226,0.762,2.8418,0.487,,
alice,0,28422442,540,0.0265,0.7733,2.8281,0.487,,
alice,0,28390449,541,0.0251,0.7279,2.6406,0.486,,
alice,0,28399418,541,0.0225,0.7217,2.8652,0.486,,
alice,0,28402154,541,0.0339,0.8523,2.8809,0.486,,
alice,0,28402564,541,0.0292,0.816,2.7969,0.486,,
alice,0,28403676,541,0.0294,0.6803,2.6309,0.486,,
alice,0,28404611,541,0.0258,0.7598,2.752,0.486,,
alice,0,28405439,541,0.0279,0.7923,2.9746,0.486,,
alice,0,28407135,541,0.0293,0.7548,2.791,0.486,,
alice,0,28407658,541,0.021,0.7428,2.7832,0.486,,
alice,0,28408316,541,0.026,0.7219,2.6152,0.486,,
alice,0,28409910,541,0.0386,0.7617,2.7441,0.486,,
alice,0,28412910,541,0.0237,0.7976,2.9824,0.486,,
alice,0,28422442,541,0.0319,0.7302,2.752,0.486,,
alice,0,28390449,542,0.0341,0.7078,2.6348,0.4851,,
alice,0,28399418,542,0.0267,0.7072,2.7051,0.4851,,
alice,0,28402154,542,0.0236,0.779,2.7109,0.4851,,
alice,0,28402564,542,0.0359,0.7147,2.6934,0.4851,,
alice,0,28403676,542,0.0299,0.7245,2.668,0.4851,,
alice,0,28404611,542,0.0293,0.8028,2.8516,0.4851,,
alice,0,28405439,542,0.0292,0.7295,2.7344,0.4851,,
alice,0,28407135,542,0.0299,0.7863,2.8828,0.4851,,
alice,0,28407658,542,0.0302,0.7486,2.7832,0.4851,,
alice,0,28408316,542,0.0403,0.817,2.7812,0.4851,,
alice,0,28409910,542,0.0278,0.6834,2.6113,0.4851,,
alice,0,28412910,542,0.0296,0.8231,2.9219,0.4851,,
alice,0,28422442,542,0.0255,0.7077,2.6895,0.4851,,
alice,0,28390449,543,0.0315,0.6649,2.7031,0.4841,,
alice,0,28399418,543,0.0191,0.8442,2.9805,0.4841,,
alice,0,28402154,543,0.024,0.7768,2.8047,0.4841,,
alice,0,28402564,543,0.0226,0.8526,3.0723,0.4841,,
alice,0,28403676,543,0.024,0.8536,2.8281,0.4841,,
alice,0,28404611,543,0.0331,0.8305,2.9648,0.4841,,
alice,0,28405439,543,0.0337,0.7804,2.8281,0.4841,,
alice,0,28407135,543,0.0286,0.8004,2.9512,0.4841,,
alice,0,28407658,543,0.0326,0.7903,2.8496,0.4841,,
alice,0,28408316,543,0.0404,0.8279,2.8828,0.4841,,
alice,0,28409910,543,0.0257,0.6751,2.6172,0.4841,,
alice,0,28412910,543,0.0238,0.7632,2.8379,0.4841,,
alice,0,28422442,543,0.0274,0.7244,2.6094,0.4841,,
alice,0,28390449,544,0.0201,0.7386,2.7871,0.4832,,
alice,0,28399418,544,0.0295,0.6657,2.6582,0.4832,,
alice,0,28402154,544,0.0243,0.7309,2.6641,0.4832,,
alice,0,28402564,544,0.0242,0.8061,2.748,0.4832,,
alice,0,28403676,544,0.0197,0.7882,2.7051,0.4832,,
alice,0,28404611,544,0.0261,0.8555,2.9297,0.4832,,
alice,0,28405439,544,0.0255,0.8126,2.9746,0.4832,,
alice,0,28407135,544,0.0304,0.6972,2.6074,0.4832,,
alice,0,28407658,544,0.0276,0.7762,2.8066,0.4832,,
alice,0,28408316,544,0.0271,0.7326,2.7051,0.4832,,
alice,0,28409910,544,0.0317,0.7662,2.8242,0.4832,,
alice,0,28412910,544,0.0318,0.7277,2.7188,0.4832,,
alice,0,28422442,544,0.0342,0.716,2.6328,0.4832,,
alice,0,28390449,545,0.0223,0.6567,2.3438,0.4822,,
alice,0,28399418,545,0.0294,0.6496,2.4746,0.4822,,
alice,0,28402154,545,0.0267,0.7676,2.6094,0.4822,,
alice,0,28402564,545,0.0221,0.8117,2.9375,0.4822,,
alice,0,28403676,545,0.0148,0.7768,2.6973,0.4822,,
alice,0,28404611,545,0.0201,0.6405,2.3301,0.4822,,
alice,0,28405439,545,0.0284,0.7967,2.7754,0.4822,,
alice,0,28407135,545,0.0222,0.7883,2.7852,0.4822,,
alice,0,28407658,545,0.0288,0.8148,2.916,0.4822,,
alice,0,28408316,545,0.0278,0.7646,2.8633,0.4822,,
alice,0,28409910,545,0.0257,0.7817,2.7988,0.4822,,
alice,0,28412910,545,0.0341,0.7357,2.6211,0.4822,,
alice,0,28422442,545,0.0328,0.7325,2.6348,0.4822,,
alice,0,28390449,546,0.0176,0.6902,2.4785,0.4813,,
alice,0,28399418,546,0.0215,0.7357,2.9238,0.4813,,
alice,0,28402154,546,0.0312,0.7313,2.7422,0.4813,,
alice,0,28402564,546,0.026,0.7272,2.6543,0.4813,,
alice,0,28403676,546,0.023,0.8435,2.9258,0.4813,,
alice,0,28404611,546,0.0289,0.8329,3.0566,0.4813,,
alice,0,28405439,546,0.0257,0.796,2.8652,0.4813,,
alice,0,28407135,546,0.0305,0.7394,2.5195,0.4813,,
alice,0,28407658,546,0.0271,0.8052,2.9355,0.4813,,
alice,0,28408316,546,0.0195,0.7916,2.8203,0.4813,,
alice,0,28409910,546,0.0293,0.7313,2.6465,0.4813,,
alice,0,28412910,546,0.0277,0.8281,2.7305,0.4813,,
alice,0,28422442,546,0.0408,0.7913,2.7988,0.4813,,
alice,0,28390449,547,0.0263,0.7767,2.8711,0.4803,,
alice,0,28399418,547,0.031,0.8382,2.9863,0.4803,,
alice,0,28402154,547,0.0319,0.7052,2.6406,0.4803,,
alice,0,28402564,547,0.0365,0.8098,2.9043,0.4803,,
alice,0,28403676,547,0.0299,0.7424,2.5977,0.4803,,
alice,0,28404611,547,0.0265,0.7305,2.6289,0.4803,,
alice,0,28405439,547,0.0332,0.7184,2.8066,0.4803,,
alice,0,28407135,547,0.0273,0.7697,2.8359,0.4803,,
alice,0,28407658,547,0.0211,0.7316,2.6719,0.4803,,
alice,0,28408316,547,0.0366,0.7597,2.7324,0.4803,,
alice,0,28409910,547,0.026,0.8036,2.9785,0.4803,,
alice,0,28412910,547,0.0282,0.8113,2.7441,0.4803,,
alice,0,28422442,547,0.0317,0.7751,2.8945,0.4803,,
alice,0,28390449,548,0.0143,0.7115,2.7559,0.4794,,
alice,0,28399418,548,0.0279,0.7132,2.7969,0.4794,,
alice,0,28402154,548,0.0369,0.8692,3.125,0.4794,,
alice,0,28402564,548,0.0231,0.8819,3.1875,0.4794,,
alice,0,28403676,548,0.0331,0.8231,3.0781,0.4794,,
alice,0,28404611,548,0.0356,0.7227,2.5273,0.4794,,
alice,0,28405439,548,0.0281,0.8627,3.1055,0.4794,,
alice,0,28407135,548,0.0272,0.7179,2.8359,0.4794,,
alice,0,28407658,548,0.021,0.694,2.543,0.4794,,
alice,0,28408316,548,0.0225,0.8494,3.0332,0.4794,,
alice,0,28409910,548,0.0274,0.8157,2.9688,0.4794,,
alice,0,28412910,548,0.0314,0.6873,2.5879,0.4794,,
alice,0,28422442,548,0.0315,0.8862,3.1387,0.4794,,
alice,0,28390449,549,0.0195,0.674,2.6914,0.4784,,
alice,0,28399418,549,0.0328,0.7746,2.791,0.4784,,
alice,0,28402154,549,0.0275,0.8281,2.9844,0.4784,,
alice,0,28402564,549,0.0262,0.7548,2.7305,0.4784,,
alice,0,28403676,549,0.0301,0.7884,2.8516,0.4784,,
alice,0,28404611,549,0.0246,0.7162,2.7559,0.4784,,
alice,0,28405439,549,0.0316,0.7751,2.9102,0.4784,,
alice,0,28407135,549,0.0292,0.788,2.6953,0.4784,,
alice,0,28407658,549,0.0252,0.79,2.9414,0.4784,,
alice,0,28408316,549,0.0309,0.8715,3.166,0.4784,,
alice,0,28409910,549,0.0228,0.7473,2.7344,0.4784,,
alice,0,28412910,549,0.0318,0.8402,2.9336,0.4784,,
alice,0,28422442,549,0.0322,0.7501,2.7559,0.4784,,
alice,0,28390449,550,0.0173,0.786,2.7676,0.4775,,
alice,0,28399418,550,0.0272,0.7837,2.8711,0.4775,,
alice,0,28402154,550,0.0281,0.7153,2.8086,0.4775,,
alice,0,28402564,550,0.0284,0.8388,3.043,0.4775,,
alice,0,28403676,550,0.0261,0.7714,2.7422,0.4775,,
alice,0,28404611,550,0.0314,0.8016,2.9824,0.4775,,
alice,0,28405439,550,0.0302,0.7774,2.75,0.4775,,
alice,0,28407135,550,0.0285,0.7172,2.6133,0.4775,,
alice,0,28407658,550,0.0236,0.8116,2.918,0.4775,,
alice,0,28408316,550,0.029,0.7764,2.9043,0.4775,,
alice,0,28409910,550,0.0284,0.7727,2.8633,0.4775,,
alice,0,28412910,550,0.0248,0.7671,2.7734,0.4775,,
alice,0,28422442,550,0.027,0.7749,2.7148,0.4775,,
alice,0,28390449,551,0.0335,0.6512,2.4629,0.4766,,
alice,0,28399418,551,0.0259,0.7068,2.6074,0.4766,,
alice,0,28402154,551,0.0316,0.7818,2.5996,0.4766,,
alice,0,28402564,551,0.0286,0.7314,2.7266,0.4766,,
alice,0,28403676,551,0.0336,0.7323,2.7383,0.4766,,
alice,0,28404611,551,0.0317,0.787,2.9531,0.4766,,
alice,0,28405439,551,0.0238,0.7424,2.8145,0.4766,,
alice,0,28407135,551,0.032,0.779,2.8789,0.4766,,
alice,0,28407658,551,0.0329,0.7712,2.8027,0.4766,,
alice,0,28408316,551,0.0257,0.8212,3.0098,0.4766,,
alice,0,28409910,551,0.0246,0.675,2.4531,0.4766,,
alice,0,28412910,551,0.0308,0.6781,2.459,0.4766,,
alice,0,28422442,551,0.0312,0.7912,2.8008,0.4766,,
alice,0,28390449,552,0.0221,0.7259,2.7871,0.4756,,
alice,0,28399418,552,0.0257,0.7566,2.752,0.4756,,
alice,0,28402154,552,0.027,0.7237,2.7207,0.4756,,
alice,0,28402564,552,0.0264,0.7402,2.877,0.4756,,
alice,0,28403676,552,0.0214,0.9032,3.0781,0.4756,,
alice,0,28404611,552,0.0182,0.7833,2.7969,0.4756,,
alice,0,28405439,552,0.0237,0.7326,2.7852,0.4756,,
alice,0,28407135,552,0.025,0.8104,2.8477,0.4756,,
alice,0,28407658,552,0.0328,0.7359,2.7715,0.4756,,
alice,0,28408316,552,0.0332,0.7714,2.7402,0.4756,,
alice,0,28409910,552,0.0228,0.7024,2.6133,0.4756,,
alice,0,28412910,552,0.026,0.6926,2.5117,0.4756,,
alice,0,28422442,552,0.0313,0.7898,2.7969,0.4756,,
alice,0,28390449,553,0.024,0.8246,3.0312,0.4747,,
alice,0,28399418,553,0.0298,0.8191,2.8887,0.4747,,
alice,0,28402154,553,0.0252,0.7632,2.752,0.4747,,
alice,0,28402564,553,0.0299,0.8268,3.0215,0.4747,,
alice,0,28403676,553,0.0234,0.8679,3.0234,0.4747,,
alice,0,28404611,553,0.0264,0.7497,2.6914,0.4747,,
alice,0,28405439,553,0.0308,0.7345,2.7832,0.4747,,
alice,0,28407135,553,0.0239,0.7541,2.7285,0.4747,,
alice,0,28407658,553,0.0262,0.7772,2.918,0.4747,,
alice,0,28408316,553,0.0286,0.7605,2.7227,0.4747,,
alice,0,28409910,553,0.0223,0.7305,2.8203,0.4747,,
alice,0,28412910,553,0.0161,0.7524,2.8066,0.4747,,
alice,0,28422442,553,0.0345,0.7433,2.6348,0.4747,,
alice,0,28390449,554,0.0273,0.7019,2.6523,0.4737,,
alice,0,28399418,554,0.0238,0.7421,2.6504,0.4737,,
alice,0,28402154,554,0.0354,0.7735,2.6953,0.4737,,
alice,0,28402564,554,0.0291,0.864,3.0,0.4737,,
alice,0,28403676,554,0.0186,0.8162,2.8066,0.4737,,
alice,0,28404611,554,0.0227,0.8608,3.0508,0.4737,,
alice,0,28405439,554,0.0334,0.812,2.8555,0.4737,,
alice,0,28407135,554,0.0201,0.8299,2.9453,0.4737,,
alice,0,28407658,554,0.0194,0.8363,2.9844,0.4737,,
alice,0,28408316,554,0.0292,0.8264,3.0391,0.4737,,
alice,0,28409910,554,0.0194,0.6689,2.6152,0.4737,,
alice,0,28412910,554,0.0262,0.7408,2.5938,0.4737,,
alice,0,28422442,554,0.0239,0.8475,2.9199,0.4737,,
alice,0,28390449,555,0.0256,0.7286,2.6875,0.4728,,
alice,0,28399418,555,0.0242,0.8264,3.0723,0.4728,,
alice,0,28402154,555,0.0229,0.8518,3.0352,0.4728,,
alice,0,28402564,555,0.0387,0.7423,2.6016,0.4728,,
alice,0,28403676,555,0.0265,0.8228,2.8633,0.4728,,
alice,0,28404611,555,0.0269,0.82,2.8828,0.4728,,
alice,0,28405439,555,0.0282,0.814,2.916,0.4728,,
alice,0,28407135,555,0.0282,0.7796,2.6992,0.4728,,
alice,0,28407658,555,0.0265,0.8191,2.8672,0.4728,,
alice,0,28408316,555,0.0295,0.6933,2.7695,0.4728,,
alice,0,28409910,555,0.0309,0.8266,2.9707,0.4728,,
alice,0,28412910,555,0.0335,0.7759,2.8574,0.4728,,
alice,0,28422442,555,0.0274,0.6882,2.5391,0.4728,,
alice,0,28390449,556,0.0256,0.6409,2.5215,0.4718,,
alice,0,28399418,556,0.0257,0.691,2.7383,0.4718,,
alice,0,28402154,556,0.0327,0.7815,2.9941,0.4718,,
alice,0,28402564,556,0.0199,0.7759,2.7852,0.4718,,
alice,0,28403676,556,0.0245,0.7313,2.873,0.4718,,
alice,0,28404611,556,0.0349,0.8518,2.916,0.4718,,
alice,0,28405439,556,0.0363,0.7201,2.6211,0.4718,,
alice,0,28407135,556,0.023,0.7699,2.7539,0.4718,,
alice,0,28407658,556,0.0206,0.733,2.5996,0.4718,,
alice,0,28408316,556,0.0296,0.8364,3.1855,0.4718,,
alice,0,28409910,556,0.0315,0.6743,2.6465,0.4718,,
alice,0,28412910,556,0.0285,0.7989,2.7344,0.4718,,
alice,0,28422442,556,0.0226,0.7452,2.8164,0.4718,,
alice,0,28390449,557,0.0261,0.8004,2.8984,0.4708,,
alice,0,28399418,557,0.0156,0.7573,2.6094,0.4708,,
alice,0,28402154,557,0.0279,0.7482,2.957,0.4708,,
alice,0,28402564,557,0.027,0.722,2.627,0.4708,,
alice,0,28403676,557,0.0229,0.7243,2.75,0.4708,,
alice,0,28404611,557,0.0273,0.7512,2.6699,0.4708,,
alice,0,28405439,557,0.0213,0.7528,2.7168,0.4708,,
alice,0,28407135,557,0.0257,0.7938,2.8086,0.4708,,
alice,0,28407658,557,0.0265,0.7541,2.5957,0.4708,,
alice,0,28408316,557,0.0297,0.7628,2.9336,0.4708,,
alice,0,28409910,557,0.0127,0.7403,2.6621,0.4708,,
alice,0,28412910,557,0.0332,0.8664,3.0254,0.4708,,
alice,0,28422442,557,0.0277,0.7323,2.6875,0.4708,,
alice,0,28390449,558,0.0234,0.7098,2.6543,0.4699,,
alice,0,28399418,558,0.0271,0.7562,2.8574,0.4699,,
alice,0,28402154,558,0.0303,0.7802,2.8477,0.4699,,
alice,0,28402564,558,0.0188,0.749,2.6973,0.4699,,
alice,0,28403676,558,0.0191,0.8027,2.8184,0.4699,,
alice,0,28404611,558,0.0289,0.8468,2.9004,0.4699,,
alice,0,28405439,558,0.0395,0.7996,2.8516,0.4699,,
alice,0,28407135,558,0.0275,0.8442,3.0176,0.4699,,
alice,0,28407658,558,0.0244,0.8118,2.9277,0.4699,,
alice,0,28408316,558,0.0226,0.762,2.8672,0.4699,,
alice,0,28409910,558,0.0087,0.734,2.6973,0.4699,,
alice,0,28412910,558,0.028,0.751,2.8027,0.4699,,
alice,0,28422442,558,0.0293,0.7931,2.9707,0.4699,,
alice,0,28390449,559,0.0322,0.6165,2.4238,0.4689,,
alice,0,28399418,559,0.0121,0.8429,2.9746,0.4689,,
alice,0,28402154,559,0.0313,0.7718,2.6562,0.4689,,
alice,0,28402564,559,0.0252,0.7812,2.8555,0.4689,,
alice,0,28403676,559,0.0229,0.789,2.873,0.4689,,
alice,0,28404611,559,0.0243,0.7034,2.6504,0.4689,,
alice,0,28405439,559,0.0188,0.7616,2.8535,0.4689,,
alice,0,28407135,559,0.0289,0.7707,2.834,0.4689,,
alice,0,28407658,559,0.0225,0.7412,2.6016,0.4689,,
alice,0,28408316,559,0.0238,0.7939,2.8887,0.4689,,
alice,0,28409910,559,0.0096,0.7927,2.8535,0.4689,,
alice,0,28412910,559,0.0323,0.7328,2.6895,0.4689,,
alice,0,28422442,559,0.0171,0.7418,2.7949,0.4689,,
alice,0,28390449,560,0.0239,0.8741,3.1406,0.468,,
alice,0,28399418,560,0.0209,0.7255,2.5801,0.468,,
alice,0,28402154,560,0.0312,0.7692,2.6602,0.468,,
alice,0,28402564,560,0.0277,0.7238,2.6914,0.468,,
alice,0,28403676,560,0.023,0.8065,2.9648,0.468,,
alice,0,28404611,560,0.0278,0.8118,2.8594,0.468,,
alice,0,28405439,560,0.0283,0.7391,2.7227,0.468,,
alice,0,28407135,560,0.0229,0.8748,2.9922,0.468,,
alice,0,28407658,560,0.0371,0.7118,2.6777,0.468,,
alice,0,28408316,560,0.0191,0.7376,2.6133,0.468,,
alice,0,28409910,560,0.0164,0.7279,2.6445,0.468,,
alice,0,28412910,560,0.0352,0.8282,2.832,0.468,,
alice,0,28422442,560,0.0247,0.7981,2.5586,0.468,,
alice,0,28390449,561,0.0213,0.7246,2.7148,0.467,,
alice,0,28399418,561,0.0255,0.629,2.5879,0.467,,
alice,0,28402154,561,0.0262,0.7653,2.8203,0.467,,
alice,0,28402564,561,0.0206,0.7201,2.7578,0.467,,
alice,0,28403676,561,0.0329,0.8059,2.9258,0.467,,
alice,0,28404611,561,0.0295,0.7817,2.6855,0.467,,
alice,0,28405439,561,0.0283,0.8031,2.7285,0.467,,
alice,0,28407135,561,0.0302,0.6858,2.6426,0.467,,
alice,0,28407658,561,0.0313,0.7222,2.5449,0.467,,
alice,0,28408316,561,0.0296,0.7694,2.8223,0.467,,
alice,0,28409910,561,0.019,0.7548,2.8086,0.467,,
alice,0,28412910,561,0.0257,0.7721,2.7617,0.467,,
alice,0,28422442,561,0.0287,0.7513,2.748,0.467,,
alice,0,28390449,562,0.0232,0.7398,2.877,0.4661,,
alice,0,28399418,562,0.0262,0.8003,2.9727,0.4661,,
alice,0,28402154,562,0.0309,0.7276,2.6816,0.4661,,
alice,0,28402564,562,0.0312,0.7995,2.877,0.4661,,
alice,0,28403676,562,0.0271,0.8371,3.002,0.4661,,
alice,0,28404611,562,0.0242,0.6798,2.5059,0.4661,,
alice,0,28405439,562,0.0257,0.7778,2.8848,0.4661,,
alice,0,28407135,562,0.0343,0.6796,2.8262,0.4661,,
alice,0,28407658,562,0.0348,0.826,2.9473,0.4661,,
alice,0,28408316,562,0.0289,0.7366,2.7109,0.4661,,
alice,0,28409910,562,0.0214,0.7797,2.6699,0.4661,,
alice,0,28412910,562,0.0357,0.736,2.9414,0.4661,,
alice,0,28422442,562,0.0176,0.7092,2.6426,0.4661,,
alice,0,28390449,563,0.0236,0.7125,2.7832,0.4652,,
alice,0,28399418,563,0.0304,0.7737,2.8418,0.4652,,
alice,0,28402154,563,0.0366,0.823,2.9551,0.4652,,
alice,0,28402564,563,0.0203,0.7932,2.9863,0.4652,,
alice,0,28403676,563,0.024,0.7569,2.7617,0.4652,,
alice,0,28404611,563,0.0253,0.7524,2.8125,0.4652,,
alice,0,28405439,563,0.0174,0.8702,3.1758,0.4652,,
alice,0,28407135,563,0.0192,0.8165,3.1172,0.4652,,
alice,0,28407658,563,0.0313,0.8109,2.8281,0.4652,,
alice,0,28408316,563,0.03,0.7412,2.8203,0.4652,,
alice,0,28409910,563,0.0205,0.8517,2.9668,0.4652,,
alice,0,28412910,563,0.0301,0.6571,2.4727,0.4652,,
alice,0,28422442,563,0.035,0.6479,2.4902,0.4652,,
alice,0,28390449,564,0.0246,0.808,2.8887,0.4642,,
alice,0,28399418,564,0.0216,0.8109,2.8574,0.4642,,
alice,0,28402154,564,0.0345,0.7806,2.9238,0.4642,,
alice,0,28402564,564,0.0182,0.7678,2.8066,0.4642,,
alice,0,28403676,564,0.024,0.7867,3.0352,0.4642,,
alice,0,28404611,564,0.0258,0.7476,2.7285,0.4642,,
alice,0,28405439,564,0.0197,0.8811,3.1445,0.4642,,
alice,0,28407135,564,0.0254,0.7925,2.8672,0.4642,,
alice,0,28407658,564,0.0362,0.7937,3.0293,0.4642,,
alice,0,28408316,564,0.0244,0.8351,3.1582,0.4642,,
alice,0,28409910,564,0.0196,0.8248,2.9238,0.4642,,
alice,0,28412910,564,0.0228,0.724,2.7227,0.4642,,
alice,0,28422442,564,0.0257,0.8581,2.9297,0.4642,,
alice,0,28390449,565,0.0124,0.8204,2.8789,0.4633,,
alice,0,28399418,565,0.0274,0.8221,2.8672,0.4633,,
alice,0,28402154,565,0.0286,0.7516,2.8086,0.4633,,
alice,0,28402564,565,0.0208,0.7473,2.8281,0.4633,,
alice,0,28403676,565,0.0203,0.8439,2.9863,0.4633,,
alice,0,28404611,565,0.0281,0.7899,2.7715,0.4633,,
alice,0,28405439,565,0.0246,0.7879,2.7773,0.4633,,
alice,0,28407135,565,0.0264,0.7727,2.9004,0.4633,,
alice,0,28407658,565,0.03,0.8012,2.8047,0.4633,,
alice,0,28408316,565,0.0245,0.8006,2.7949,0.4633,,
alice,0,28409910,565,0.0338,0.8144,2.7559,0.4633,,
alice,0,28412910,565,0.0232,0.8397,2.8867,0.4633,,
alice,0,28422442,565,0.024,0.7676,2.5879,0.4633,,
alice,0,28390449,566,0.0244,0.6889,2.5488,0.4623,,
alice,0,28399418,566,0.0256,0.7869,2.9102,0.4623,,
alice,0,28402154,566,0.0329,0.8443,3.1504,0.4623,,
alice,0,28402564,566,0.0237,0.8157,2.9766,0.4623,,
alice,0,28403676,566,0.021,0.7719,2.7422,0.4623,,
alice,0,28404611,566,0.0237,0.72,2.6191,0.4623,,
alice,0,28405439,566,0.0274,0.8683,3.0859,0.4623,,
alice,0,28407135,566,0.0275,0.8324,2.9727,0.4623,,
alice,0,28407658,566,0.0315,0.7718,2.7637,0.4623,,
alice,0,28408316,566,0.0177,0.8375,2.9375,0.4623,,
alice,0,28409910,566,0.0202,0.783,2.5527,0.4623,,
alice,0,28412910,566,0.0395,0.7915,2.8848,0.4623,,
alice,0,28422442,566,0.0205,0.6855,2.5684,0.4623,,
alice,0,28390449,567,0.0223,0.7591,2.8145,0.4614,,
alice,0,28399418,567,0.0202,0.8496,2.916,0.4614,,
alice,0,28402154,567,0.0238,0.7183,2.6602,0.4614,,
alice,0,28402564,567,0.0322,0.6605,2.6406,0.4614,,
alice,0,28403676,567,0.0189,0.7404,2.791,0.4614,,
alice,0,28404611,567,0.0314,0.8764,2.9863,0.4614,,
alice,0,28405439,567,0.0342,0.7629,2.7832,0.4614,,
alice,0,28407135,567,0.0256,0.7397,2.8379,0.4614,,
alice,0,28407658,567,0.0303,0.8759,3.0664,0.4614,,
alice,0,28408316,567,0.0213,0.7843,2.8906,0.4614,,
alice,0,28409910,567,0.0315,0.6787,2.4766,0.4614,,
alice,0,28412910,567,0.0118,0.8033,2.8535,0.4614,,
alice,0,28422442,567,0.0209,0.7878,2.7012,0.4614,,
alice,0,28390449,568,0.0282,0.7792,3.0,0.4604,,
alice,0,28399418,568,0.0274,0.7081,2.7305,0.4604,,
alice,0,28402154,568,0.0275,0.8175,2.8242,0.4604,,
alice,0,28402564,568,0.0246,0.7111,2.5527,0.4604,,
alice,0,28403676,568,0.0193,0.8592,2.873,0.4604,,
alice,0,28404611,568,0.0263,0.7506,2.7617,0.4604,,
alice,0,28405439,568,0.025,0.7742,2.8379,0.4604,,
alice,0,28407135,568,0.0334,0.7581,2.9727,0.4604,,
alice,0,28407658,568,0.0299,0.858,3.1055,0.4604,,
alice,0,28408316,568,0.029,0.7718,2.8066,0.4604,,
alice,0,28409910,568,0.0249,0.7383,2.7559,0.4604,,
alice,0,28412910,568,0.0136,0.8226,2.9004,0.4604,,
alice,0,28422442,568,0.0255,0.7843,2.7617,0.4604,,
alice,0,28390449,569,0.0285,0.8009,2.8672,0.4595,,
alice,0,28399418,569,0.0225,0.797,2.9258,0.4595,,
alice,0,28402154,569,0.034,0.7096,2.6895,0.4595,,
alice,0,28402564,569,0.0297,0.6976,2.9023,0.4595,,
alice,0,28403676,569,0.0398,0.7854,2.9336,0.4595,,
alice,0,28404611,569,0.0343,0.801,2.9453,0.4595,,
alice,0,28405439,569,0.0182,0.8739,3.127,0.4595,,
alice,0,28407135,569,0.0287,0.7973,2.7715,0.4595,,
alice,0,28407658,569,0.0308,0.8101,2.7891,0.4595,,
alice,0,28408316,569,0.0279,0.8601,3.1641,0.4595,,
alice,0,28409910,569,0.0233,0.7588,2.6094,0.4595,,
alice,0,28412910,569,0.0154,0.805,2.9707,0.4595,,
alice,0,28422442,569,0.0244,0.7256,2.6484,0.4595,,
alice,0,28390449,570,0.0266,0.779,2.9941,0.4585,,
alice,0,28399418,570,0.0197,0.7754,2.9395,0.4585,,
alice,0,28402154,570,0.0308,0.7287,2.7051,0.4585,,
alice,0,28402564,570,0.0213,0.7818,2.8203,0.4585,,
alice,0,28403676,570,0.0254,0.6749,2.6094,0.4585,,
alice,0,28404611,570,0.0218,0.8395,3.0117,0.4585,,
alice,0,28405439,570,0.0312,0.872,2.9746,0.4585,,
alice,0,28407135,570,0.0323,0.7473,2.5957,0.4585,,
alice,0,28407658,570,0.029,0.7486,2.7871,0.4585,,
alice,0,28408316,570,0.0256,0.9132,3.1426,0.4585,,
alice,0,28409910,570,0.0345,0.7877,2.748,0.4585,,
alice,0,28412910,570,0.0303,0.7833,2.8457,0.4585,,
alice,0,28422442,570,0.0154,0.8134,2.6934,0.4585,,
alice,0,28390449,571,0.0211,0.8192,2.998,0.4576,,
alice,0,28399418,571,0.0178,0.7285,2.7383,0.4576,,
alice,0,28402154,571,0.0333,0.7576,2.8008,0.4576,,
alice,0,28402564,571,0.0316,0.7229,2.7227,0.4576,,
alice,0,28403676,571,0.018,0.7778,2.8633,0.4576,,
alice,0,28404611,571,0.0314,0.767,2.8926,0.4576,,
alice,0,28405439,571,0.0256,0.7679,2.7852,0.4576,,
alice,0,28407135,571,0.0257,0.7557,2.7559,0.4576,,
alice,0,28407658,571,0.0216,0.7423,2.7559,0.4576,,
alice,0,28408316,571,0.0255,0.7089,2.6699,0.4576,,
alice,0,28409910,571,0.0319,0.7405,2.7773,0.4576,,
alice,0,28412910,571,0.0268,0.8519,2.8945,0.4576,,
alice,0,28422442,571,0.0347,0.8127,2.9199,0.4576,,
alice,0,28390449,572,0.0211,0.7592,2.6543,0.4566,,
alice,0,28399418,572,0.0188,0.8611,3.1211,0.4566,,
alice,0,28402154,572,0.0194,0.796,2.9863,0.4566,,
alice,0,28402564,572,0.0355,0.7747,2.8145,0.4566,,
alice,0,28403676,572,0.0148,0.8309,2.9219,0.4566,,
alice,0,28404611,572,0.0294,0.8621,2.9688,0.4566,,
alice,0,28405439,572,0.0252,0.8252,2.9395,0.4566,,
alice,0,28407135,572,0.0322,0.8185,2.9219,0.4566,,
alice,0,28407658,572,0.0339,0.8066,3.123,0.4566,,
alice,0,28408316,572,0.0239,0.7498,2.8711,0.4566,,
alice,0,28409910,572,0.0332,0.7447,2.8262,0.4566,,
alice,0,28412910,572,0.0293,0.783,2.9551,0.4566,,
alice,0,28422442,572,0.0263,0.7006,2.7754,0.4566,,
alice,0,28390449,573,0.0363,0.7561,2.75,0.4557,,
alice,0,28399418,573,0.029,0.7635,2.9414,0.4557,,
alice,0,28402154,573,0.0248,0.8027,2.9121,0.4557,,
alice,0,28402564,573,0.0246,0.7566,2.8496,0.4557,,
alice,0,28403676,573,0.0329,0.6929,2.5664,0.4557,,
alice,0,28404611,573,0.0355,0.7905,2.8809,0.4557,,
alice,0,28405439,573,0.0306,0.767,2.7246,0.4557,,
alice,0,28407135,573,0.0365,0.6867,2.4883,0.4557,,
alice,0,28407658,573,0.0399,0.7821,2.9453,0.4557,,
alice,0,28408316,573,0.0207,0.7801,2.793,0.4557,,
alice,0,28409910,573,0.0211,0.7929,2.9492,0.4557,,
alice,0,28412910,573,0.0348,0.86,3.0547,0.4557,,
alice,0,28422442,573,0.0261,0.8091,2.8594,0.4557,,
alice,0,28390449,574,0.0192,0.7438,2.8926,0.4547,,
alice,0,28399418,574,0.0211,0.7957,3.1133,0.4547,,
alice,0,28402154,574,0.0179,0.7183,2.7266,0.4547,,
alice,0,28402564,574,0.0194,0.8314,2.9668,0.4547,,
alice,0,28403676,574,0.0144,0.7219,2.6914,0.4547,,
alice,0,28404611,574,0.0335,0.7759,2.8633,0.4547,,
alice,0,28405439,574,0.0293,0.7672,2.9551,0.4547,,
alice,0,28407135,574,0.021,0.8371,2.9707,0.4547,,
alice,0,28407658,574,0.0262,0.7604,2.8105,0.4547,,
alice,0,28408316,574,0.029,0.7565,2.7988,0.4547,,
alice,0,28409910,574,0.0266,0.7971,2.8887,0.4547,,
alice,0,28412910,574,0.0357,0.9127,3.2031,0.4547,,
alice,0,28422442,574,0.0262,0.7461,2.9004,0.4547,,
alice,0,28390449,575,0.0147,0.7279,2.7227,0.4538,,
alice,0,28399418,575,0.0254,0.8894,3.0391,0.4538,,
alice,0,28402154,575,0.0238,0.7765,2.7812,0.4538,,
alice,0,28402564,575,0.031,0.74,2.7539,0.4538,,
alice,0,28403676,575,0.0349,0.7959,2.8281,0.4538,,
alice,0,28404611,575,0.0216,0.8485,3.0859,0.4538,,
alice,0,28405439,575,0.027,0.8017,2.707,0.4538,,
alice,0,28407135,575,0.0239,0.8093,3.0,0.4538,,
alice,0,28407658,575,0.0314,0.8164,2.8164,0.4538,,
alice,0,28408316,575,0.0286,0.8207,3.0039,0.4538,,
alice,0,28409910,575,0.0204,0.824,2.9219,0.4538,,
alice,0,28412910,575,0.028,0.7161,2.4863,0.4538,,
alice,0,28422442,575,0.0254,0.8061,2.9922,0.4538,,
alice,0,28390449,576,0.0313,0.7696,3.0312,0.4528,,
alice,0,28399418,576,0.0335,0.7381,2.5469,0.4528,,
alice,0,28402154,576,0.0267,0.8121,2.9844,0.4528,,
alice,0,28402564,576,0.0253,0.7512,2.7969,0.4528,,
alice,0,28403676,576,0.0252,0.8186,2.8672,0.4528,,
alice,0,28404611,576,0.0242,0.7938,2.8477,0.4528,,
alice,0,28405439,576,0.0317,0.8779,3.0098,0.4528,,
alice,0,28407135,576,0.0276,0.785,2.9766,0.4528,,
alice,0,28407658,576,0.0312,0.8935,3.084,0.4528,,
alice,0,28408316,576,0.0257,0.7155,2.8457,0.4528,,
alice,0,28409910,576,0.0177,0.7427,2.7793,0.4528,,
alice,0,28412910,576,0.0391,0.9503,3.4258,0.4528,,
alice,0,28422442,576,0.0299,0.7022,2.6133,0.4528,,
alice,0,28390449,577,0.0276,0.7916,2.9414,0.4519,,
alice,0,28399418,577,0.0217,0.8301,2.8848,0.4519,,
alice,0,28402154,577,0.0248,0.6634,2.5645,0.4519,,
alice,0,28402564,577,0.0254,0.7054,2.7227,0.4519,,
alice,0,28403676,577,0.0276,0.7607,2.7695,0.4519,,
alice,0,28404611,577,0.019,0.8703,3.0215,0.4519,,
alice,0,28405439,577,0.034,0.7907,2.8789,0.4519,,
alice,0,28407135,577,0.0283,0.7902,2.7637,0.4519,,
alice,0,28407658,577,0.0383,0.7993,2.9902,0.4519,,
alice,0,28408316,577,0.0313,0.6688,2.5508,0.4519,,
alice,0,28409910,577,0.0242,0.8152,2.9609,0.4519,,
alice,0,28412910,577,0.0355,0.8207,2.9238,0.4519,,
alice,0,28422442,577,0.0308,0.7738,2.9551,0.4519,,
alice,0,28390449,578,0.0161,0.9216,3.0859,0.4509,,
alice,0,28399418,578,0.0316,0.7963,2.9141,0.4509,,
alice,0,28402154,578,0.019,0.8491,2.9629,0.4509,,
alice,0,28402564,578,0.038,0.6879,2.5547,0.4509,,
alice,0,28403676,578,0.0235,0.739,2.8203,0.4509,,
alice,0,28404611,578,0.0352,0.7093,2.4961,0.4509,,
alice,0,28405439,578,0.0315,0.7832,2.8516,0.4509,,
alice,0,28407135,578,0.036,0.8255,3.0332,0.4509,,
alice,0,28407658,578,0.0385,0.7669,2.8281,0.4509,,
alice,0,28408316,578,0.0342,0.6931,2.5449,0.4509,,
alice,0,28409910,578,0.0321,0.8727,3.166,0.4509,,
alice,0,28412910,578,0.0301,0.8457,3.1035,0.4509,,
alice,0,28422442,578,0.0322,0.8271,3.0469,0.4509,,
alice,0,28390449,579,0.0201,0.7367,2.8086,0.45,,
alice,0,28399418,579,0.0339,0.8123,2.875,0.45,,
alice,0,28402154,579,0.021,0.7517,2.6914,0.45,,
alice,0,28402564,579,0.0406,0.7345,2.7363,0.45,,
alice,0,28403676,579,0.0259,0.7658,2.8555,0.45,,
alice,0,28404611,579,0.0288,0.7584,2.8613,0.45,,
alice,0,28405439,579,0.0243,0.8313,2.9316,0.45,,
alice,0,28407135,579,0.031,0.8321,3.0918,0.45,,
alice,0,28407658,579,0.0363,0.765,2.7441,0.45,,
alice,0,28408316,579,0.0312,0.8697,2.9941,0.45,,
alice,0,28409910,579,0.0311,0.8047,2.9082,0.45,,
alice,0,28412910,579,0.0302,0.8577,2.9355,0.45,,
alice,0,28422442,579,0.0152,0.7288,2.7324,0.45,,
alice,0,28390449,580,0.0172,0.7235,2.5391,0.449,,
alice,0,28399418,580,0.0319,0.9182,3.1191,0.449,,
alice,0,28402154,580,0.0289,0.8057,2.7617,0.449,,
alice,0,28402564,580,0.0259,0.8293,3.0527,0.449,,
alice,0,28403676,580,0.0463,0.7713,3.0059,0.449,,
alice,0,28404611,580,0.0208,0.773,2.9355,0.449,,
alice,0,28405439,580,0.0334,0.8647,3.0508,0.449,,
alice,0,28407135,580,0.0321,0.8225,2.9941,0.449,,
alice,0,28407658,580,0.035,0.7764,2.9316,0.449,,
alice,0,28408316,580,0.0317,0.7441,2.7285,0.449,,
alice,0,28409910,580,0.035,0.7689,2.6777,0.449,,
alice,0,28412910,580,0.0347,0.8932,3.1055,0.449,,
alice,0,28422442,580,0.027,0.7262,2.7637,0.449,,
alice,0,28390449,581,0.0187,0.8273,3.0,0.4481,,
alice,0,28399418,581,0.0198,0.8146,2.6895,0.4481,,
alice,0,28402154,581,0.031,0.8074,2.877,0.4481,,
alice,0,28402564,581,0.0328,0.7941,2.9492,0.4481,,
alice,0,28403676,581,0.0193,0.845,2.998,0.4481,,
alice,0,28404611,581,0.0273,0.6881,2.5098,0.4481,,
alice,0,28405439,581,0.0315,0.8211,2.9766,0.4481,,
alice,0,28407135,581,0.0256,0.853,3.0586,0.4481,,
alice,0,28407658,581,0.0138,0.8373,2.9902,0.4481,,
alice,0,28408316,581,0.0239,0.7536,2.7344,0.4481,,
alice,0,28409910,581,0.0294,0.758,2.6211,0.4481,,
alice,0,28412910,581,0.04,0.9146,3.2422,0.4481,,
alice,0,28422442,581,0.0258,0.8373,2.9023,0.4481,,
alice,0,28390449,582,0.0285,0.7875,2.8086,0.4471,,
alice,0,28399418,582,0.0224,0.7892,2.7266,0.4471,,
alice,0,28402154,582,0.0276,0.8141,2.6152,0.4471,,
alice,0,28402564,582,0.0387,0.7527,2.6816,0.4471,,
alice,0,28403676,582,0.0169,0.7463,2.8516,0.4471,,
alice,0,28404611,582,0.018,0.7968,2.9023,0.4471,,
alice,0,28405439,582,0.0216,0.8258,2.957,0.4471,,
alice,0,28407135,582,0.0293,0.7288,2.7812,0.4471,,
alice,0,28407658,582,0.019,0.8296,2.9707,0.4471,,
alice,0,28408316,582,0.0303,0.7882,2.7832,0.4471,,
alice,0,28409910,582,0.019,0.7937,3.1152,0.4471,,
alice,0,28412910,582,0.0337,0.7888,2.8516,0.4471,,
alice,0,28422442,582,0.0256,0.7577,2.7871,0.4471,,
alice,0,28390449,583,0.0194,0.7398,2.6777,0.4462,,
alice,0,28399418,583,0.0378,0.6837,2.5488,0.4462,,
alice,0,28402154,583,0.0285,0.7316,2.7695,0.4462,,
alice,0,28402564,583,0.0352,0.7671,2.748,0.4462,,
alice,0,28403676,583,0.0181,0.8485,3.0273,0.4462,,
alice,0,28404611,583,0.0234,0.7011,2.543,0.4462,,
alice,0,28405439,583,0.0276,0.8494,3.0371,0.4462,,
alice,0,28407135,583,0.0265,0.7428,2.8223,0.4462,,
alice,0,28407658,583,0.0234,0.8322,2.9746,0.4462,,
alice,0,28408316,583,0.0176,0.7306,2.5391,0.4462,,
alice,0,28409910,583,0.0259,0.8899,3.1133,0.4462,,
alice,0,28412910,583,0.0299,0.8568,2.9863,0.4462,,
alice,0,28422442,583,0.0165,0.8179,2.8613,0.4462,,
alice,0,28399418,584,0.0282,0.8169,2.9375,0.4452,,
alice,0,28402154,584,0.0306,0.8823,3.0449,0.4452,,
alice,0,28402564,584,0.0426,0.8495,3.1934,0.4452,,
alice,0,28403676,584,0.0233,0.7886,2.8887,0.4452,,
alice,0,28404611,584,0.0275,0.8488,2.8672,0.4452,,
alice,0,28405439,584,0.0342,0.8821,3.1035,0.4452,,
alice,0,28407135,584,0.0189,0.7032,2.5781,0.4452,,
alice,0,28407658,584,0.0277,0.8135,2.7773,0.4452,,
alice,0,28408316,584,0.0225,0.8013,2.8984,0.4452,,
alice,0,28409910,584,0.0308,0.7246,2.5977,0.4452,,
alice,0,28412910,584,0.034,0.8253,2.7695,0.4452,,
alice,0,28422442,584,0.0267,0.7519,2.8828,0.4452,,
alice,0,28399418,585,0.025,0.7698,2.7559,0.4443,,
alice,0,28402154,585,0.0354,0.7418,2.7168,0.4443,,
alice,0,28402564,585,0.0294,0.8731,3.1777,0.4443,,
alice,0,28403676,585,0.0236,0.7762,2.8359,0.4443,,
alice,0,28404611,585,0.0234,0.7157,2.709,0.4443,,
alice,0,28405439,585,0.0301,0.8509,2.9121,0.4443,,
alice,0,28407135,585,0.0232,0.6815,2.5723,0.4443,,
alice,0,28407658,585,0.0212,0.8008,3.0332,0.4443,,
alice,0,28408316,585,0.0223,0.6997,2.7188,0.4443,,
alice,0,28409910,585,0.0297,0.7704,2.9141,0.4443,,
alice,0,28412910,585,0.0313,0.7909,2.8711,0.4443,,
alice,0,28422442,585,0.0205,0.8308,3.0391,0.4443,,
alice,0,28399418,586,0.0233,0.8001,2.8652,0.4433,,
alice,0,28402154,586,0.0427,0.8279,2.8926,0.4433,,
alice,0,28402564,586,0.0337,0.8072,3.0176,0.4433,,
alice,0,28403676,586,0.0293,0.6515,2.4844,0.4433,,
alice,0,28404611,586,0.02,0.767,2.6309,0.4433,,
alice,0,28405439,586,0.0287,0.8522,3.0469,0.4433,,
alice,0,28407135,586,0.0268,0.8388,2.9277,0.4433,,
alice,0,28407658,586,0.0278,0.82,3.0723,0.4433,,
alice,0,28408316,586,0.02,0.8219,2.9414,0.4433,,
alice,0,28409910,586,0.028,0.7847,2.6484,0.4433,,
alice,0,28412910,586,0.0309,0.8208,3.0391,0.4433,,
alice,0,28422442,586,0.0226,0.7675,2.7129,0.4433,,
alice,0,28399418,587,0.0349,0.7333,2.666,0.4424,,
alice,0,28402154,587,0.0305,0.8864,3.1914,0.4424,,
alice,0,28402564,587,0.0211,0.7515,2.7012,0.4424,,
alice,0,28403676,587,0.018,0.8794,3.1133,0.4424,,
alice,0,28404611,587,0.0265,0.7524,2.8145,0.4424,,
alice,0,28405439,587,0.0474,0.7865,2.7559,0.4424,,
alice,0,28407135,587,0.0283,0.7364,2.7891,0.4424,,
alice,0,28407658,587,0.0176,0.8174,2.9004,0.4424,,
alice,0,28408316,587,0.0213,0.7261,2.8379,0.4424,,
alice,0,28409910,587,0.0235,0.7367,2.7344,0.4424,,
alice,0,28412910,587,0.0533,0.7726,2.5898,0.4424,,
alice,0,28422442,587,0.0211,0.7636,2.5469,0.4424,,
alice,0,28399418,588,0.0284,0.8039,2.7773,0.4414,,
alice,0,28402154,588,0.0352,0.7658,2.7754,0.4414,,
alice,0,28402564,588,0.0248,0.856,3.043,0.4414,,
alice,0,28403676,588,0.029,0.7422,2.8633,0.4414,,
alice,0,28404611,588,0.0249,0.7209,2.5566,0.4414,,
alice,0,28405439,588,0.031,0.7915,2.8984,0.4414,,
alice,0,28407135,588,0.0259,0.7205,2.6719,0.4414,,
alice,0,28407658,588,0.0405,0.8033,2.9277,0.4414,,
alice,0,28408316,588,0.019,0.8006,2.8203,0.4414,,
alice,0,28409910,588,0.0296,0.7924,2.8945,0.4414,,
alice,0,28412910,588,0.0238,0.8677,3.0508,0.4414,,
alice,0,28422442,588,0.03,0.8739,3.0312,0.4414,,
alice,0,28399418,589,0.031,0.802,2.7773,0.4405,,
alice,0,28402154,589,0.0363,0.887,2.9199,0.4405,,
alice,0,28402564,589,0.0353,0.8716,3.1113,0.4405,,
alice,0,28403676,589,0.0277,0.8719,3.0918,0.4405,,
alice,0,28404611,589,0.0278,0.769,2.7148,0.4405,,
alice,0,28405439,589,0.0201,0.8793,2.9746,0.4405,,
alice,0,28407135,589,0.0265,0.8532,3.1406,0.4405,,
alice,0,28407658,589,0.0133,0.8153,2.8008,0.4405,,
alice,0,28408316,589,0.0266,0.8576,3.043,0.4405,,
alice,0,28409910,589,0.0306,0.7911,2.9082,0.4405,,
alice,0,28412910,589,0.0181,0.8598,2.9941,0.4405,,
alice,0,28422442,589,0.0255,0.8388,2.9844,0.4405,,
alice,0,28399418,590,0.0255,0.7458,2.6367,0.4395,,
alice,0,28402154,590,0.039,0.7761,2.8945,0.4395,,
alice,0,28402564,590,0.0232,0.7537,2.5488,0.4395,,
alice,0,28403676,590,0.0324,0.8302,3.0195,0.4395,,
alice,0,28404611,590,0.0276,0.8449,3.0156,0.4395,,
alice,0,28405439,590,0.0204,0.7992,2.8379,0.4395,,
alice,0,28407135,590,0.0315,0.7839,2.8926,0.4395,,
alice,0,28407658,590,0.0312,0.7233,2.6719,0.4395,,
alice,0,28408316,590,0.028,0.8188,2.8867,0.4395,,
alice,0,28409910,590,0.0234,0.8363,2.9824,0.4395,,
alice,0,28412910,590,0.0252,0.8676,3.0352,0.4395,,
alice,0,28422442,590,0.0238,0.9018,3.0762,0.4395,,
alice,0,28399418,591,0.0254,0.775,2.7422,0.4386,,
alice,0,28402154,591,0.0302,0.7443,2.8281,0.4386,,
alice,0,28402564,591,0.0292,0.7694,2.9902,0.4386,,
alice,0,28403676,591,0.0366,0.8688,3.0195,0.4386,,
alice,0,28404611,591,0.0206,0.7161,2.7148,0.4386,,
alice,0,28405439,591,0.0274,0.7639,2.6406,0.4386,,
alice,0,28407135,591,0.0302,0.7309,2.7305,0.4386,,
alice,0,28407658,591,0.026,0.8448,2.9668,0.4386,,
alice,0,28408316,591,0.0323,0.7407,2.75,0.4386,,
alice,0,28409910,591,0.0195,0.723,2.582,0.4386,,
alice,0,28412910,591,0.0281,0.8362,2.9395,0.4386,,
alice,0,28422442,591,0.0273,0.8372,3.0156,0.4386,,
alice,0,28399418,592,0.0218,0.7057,2.6172,0.4376,,
alice,0,28402154,592,0.0409,0.8712,3.2402,0.4376,,
alice,0,28402564,592,0.0261,0.8351,3.0273,0.4376,,
alice,0,28403676,592,0.026,0.8033,2.7852,0.4376,,
alice,0,28404611,592,0.025,0.7553,2.6699,0.4376,,
alice,0,28405439,592,0.0214,0.8042,2.8145,0.4376,,
alice,0,28407135,592,0.0318,0.7721,2.7363,0.4376,,
alice,0,28407658,592,0.0278,0.8398,2.8574,0.4376,,
alice,0,28408316,592,0.023,0.7942,2.8027,0.4376,,
alice,0,28409910,592,0.0258,0.7126,2.6719,0.4376,,
alice,0,28412910,592,0.0278,0.8052,2.8809,0.4376,,
alice,0,28422442,592,0.0368,0.7832,2.8184,0.4376,,
alice,0,28399418,593,0.0272,0.8157,3.127,0.4367,,
alice,0,28402154,593,0.0359,0.818,2.9668,0.4367,,
alice,0,28402564,593,0.0392,0.8382,2.9238,0.4367,,
alice,0,28403676,593,0.0314,0.7985,2.9121,0.4367,,
alice,0,28404611,593,0.0379,0.8744,3.2773,0.4367,,
alice,0,28405439,593,0.0127,0.936,3.3359,0.4367,,
alice,0,28407135,593,0.0277,0.7721,2.8867,0.4367,,
alice,0,28407658,593,0.0281,0.785,2.9668,0.4367,,
alice,0,28408316,593,0.0192,0.8768,3.0098,0.4367,,
alice,0,28409910,593,0.03,0.7377,2.8926,0.4367,,
alice,0,28412910,593,0.0254,0.7528,2.8281,0.4367,,
alice,0,28422442,593,0.0268,0.8027,2.9355,0.4367,,
alice,0,28399418,594,0.0264,0.8346,2.9102,0.4357,,
alice,0,28402154,594,0.0377,0.7678,2.8242,0.4357,,
alice,0,28402564,594,0.0392,0.6942,2.7656,0.4357,,
alice,0,28403676,594,0.0372,0.871,3.1484,0.4357,,
alice,0,28404611,594,0.0312,0.7995,2.8223,0.4357,,
alice,0,28405439,594,0.0364,0.7966,2.6797,0.4357,,
alice,0,28407135,594,0.0268,0.8106,3.0508,0.4357,,
alice,0,28407658,594,0.0275,0.9259,3.1992,0.4357,,
alice,0,28408316,594,0.0346,0.7193,2.6504,0.4357,,
alice,0,28409910,594,0.0196,0.8192,2.9648,0.4357,,
alice,0,28412910,594,0.0335,0.8362,2.9902,0.4357,,
alice,0,28422442,594,0.0302,0.9549,3.2949,0.4357,,
alice,0,28399418,595,0.0205,0.7443,2.7695,0.4348,,
alice,0,28402154,595,0.0274,0.7761,2.834,0.4348,,
alice,0,28402564,595,0.0443,0.8503,3.1035,0.4348,,
alice,0,28403676,595,0.0369,0.8175,2.9805,0.4348,,
alice,0,28404611,595,0.0114,0.7469,2.6934,0.4348,,
alice,0,28405439,595,0.0315,0.8664,3.0684,0.4348,,
alice,0,28407135,595,0.0322,0.7607,2.916,0.4348,,
alice,0,28407658,595,0.0366,0.7232,2.7051,0.4348,,
alice,0,28408316,595,0.0328,0.8238,3.0605,0.4348,,
alice,0,28409910,595,0.0204,0.7716,2.7402,0.4348,,
alice,0,28412910,595,0.0268,0.8399,2.9004,0.4348,,
alice,0,28422442,595,0.0356,0.9296,3.123,0.4348,,
alice,0,28399418,596,0.0219,0.7872,2.916,0.4338,,
alice,0,28402154,596,0.0364,0.7913,2.875,0.4338,,
alice,0,28402564,596,0.0213,0.8451,3.0977,0.4338,,
alice,0,28403676,596,0.0293,0.8882,3.0879,0.4338,,
alice,0,28404611,596,0.0164,0.7802,2.8184,0.4338,,
alice,0,28405439,596,0.0325,0.9193,3.1406,0.4338,,
alice,0,28407135,596,0.0299,0.8367,2.9023,0.4338,,
alice,0,28407658,596,0.034,0.8353,3.0352,0.4338,,
alice,0,28408316,596,0.0273,0.771,2.7734,0.4338,,
alice,0,28409910,596,0.0205,0.7686,2.8301,0.4338,,
alice,0,28412910,596,0.0355,0.7912,3.0762,0.4338,,
alice,0,28422442,596,0.0368,0.8078,2.9941,0.4338,,
alice,0,28399418,597,0.0312,0.7347,2.877,0.4329,,
alice,0,28402154,597,0.0209,0.6961,2.627,0.4329,,
alice,0,28402564,597,0.0294,0.8119,2.8223,0.4329,,
alice,0,28403676,597,0.0317,0.8381,2.8672,0.4329,,
alice,0,28404611,597,0.0241,0.8022,3.0273,0.4329,,
alice,0,28405439,597,0.0327,0.7833,2.8203,0.4329,,
alice,0,28407135,597,0.0297,0.7604,2.7773,0.4329,,
alice,0,28407658,597,0.0415,0.8487,3.041,0.4329,,
alice,0,28408316,597,0.0245,0.8259,2.9434,0.4329,,
alice,0,28409910,597,0.0183,0.717,2.8691,0.4329,,
alice,0,28412910,597,0.0385,0.7435,2.7012,0.4329,,
alice,0,28422442,597,0.0331,0.849,2.7207,0.4329,,
alice,0,28399418,598,0.0335,0.8567,2.9668,0.4319,,
alice,0,28402154,598,0.0182,0.7223,2.6758,0.4319,,
alice,0,28402564,598,0.0236,0.7855,2.8535,0.4319,,
alice,0,28403676,598,0.038,0.8121,2.6855,0.4319,,
alice,0,28404611,598,0.0221,0.6672,2.7266,0.4319,,
alice,0,28405439,598,0.0262,0.7457,2.8008,0.4319,,
alice,0,28407135,598,0.0262,0.7536,2.627,0.4319,,
alice,0,28407658,598,0.033,0.7919,2.7773,0.4319,,
alice,0,28408316,598,0.0246,0.8318,3.002,0.4319,,
alice,0,28409910,598,0.0231,0.7711,2.9043,0.4319,,
alice,0,28412910,598,0.03,0.7579,2.8164,0.4319,,
alice,0,28422442,598,0.0407,0.9395,3.2793,0.4319,,
alice,0,28399418,599,0.027,0.8359,2.8477,0.431,,
alice,0,28402154,599,0.0304,0.7154,2.6621,0.431,,
alice,0,28402564,599,0.0237,0.8826,3.1113,0.431,,
alice,0,28403676,599,0.0316,0.7334,2.6152,0.431,,
alice,0,28404611,599,0.0264,0.8308,2.9238,0.431,,
alice,0,28405439,599,0.0314,0.9064,3.2852,0.431,,
alice,0,28407135,599,0.0281,0.8263,3.1172,0.431,,
alice,0,28407658,599,0.037,0.8173,2.8379,0.431,,
alice,0,28408316,599,0.0182,0.8301,2.793,0.431,,
alice,0,28409910,599,0.0282,0.8064,2.916,0.431,,
alice,0,28412910,599,0.0276,0.8464,3.1406,0.431,,
alice,0,28422442,599,0.0311,0.885,2.9766,0.431,,
alice,0,28399418,600,0.0322,0.7789,2.7773,0.43,,
alice,0,28402154,600,0.0425,0.83,2.9707,0.43,,
alice,0,28402564,600,0.0384,0.7863,3.0137,0.43,,
alice,0,28403676,600,0.0303,0.8733,3.1973,0.43,,
alice,0,28404611,600,0.0214,0.9047,3.334,0.43,,
alice,0,28405439,600,0.0371,0.7629,2.8828,0.43,,
alice,0,28407135,600,0.0299,0.8234,3.0195,0.43,,
alice,0,28407658,600,0.0355,0.7767,2.9121,0.43,,
alice,0,28408316,600,0.0214,0.7554,2.8379,0.43,,
alice,0,28409910,600,0.0179,0.7456,2.8008,0.43,,
alice,0,28412910,600,0.0297,0.848,3.002,0.43,,
alice,0,28422442,600,0.0324,0.8458,2.9121,0.43,,
alice,0,28399418,601,0.0273,0.8138,2.7031,0.4291,,
alice,0,28402154,601,0.0172,0.7337,2.7891,0.4291,,
alice,0,28402564,601,0.0317,0.7409,2.8008,0.4291,,
alice,0,28403676,601,0.025,0.8525,2.9707,0.4291,,
alice,0,28404611,601,0.0208,0.7877,2.875,0.4291,,
alice,0,28405439,601,0.0364,0.8464,3.0957,0.4291,,
alice,0,28407135,601,0.0327,0.8101,2.8027,0.4291,,
alice,0,28407658,601,0.0249,0.8718,3.0918,0.4291,,
alice,0,28408316,601,0.0277,0.7863,2.8633,0.4291,,
alice,0,28409910,601,0.0219,0.7474,2.7578,0.4291,,
alice,0,28412910,601,0.0262,0.8307,2.998,0.4291,,
alice,0,28422442,601,0.039,0.7711,2.541,0.4291,,
alice,0,28399418,602,0.0266,0.8426,3.0195,0.4281,,
alice,0,28402154,602,0.032,0.7524,2.8379,0.4281,,
alice,0,28402564,602,0.0309,0.7788,2.9258,0.4281,,
alice,0,28403676,602,0.028,0.8083,2.8047,0.4281,,
alice,0,28404611,602,0.0137,0.8042,3.0156,0.4281,,
alice,0,28405439,602,0.0236,0.8546,2.9609,0.4281,,
alice,0,28407135,602,0.0334,0.722,2.7695,0.4281,,
alice,0,28407658,602,0.0281,0.8416,3.0352,0.4281,,
alice,0,28408316,602,0.0397,0.7507,2.8594,0.4281,,
alice,0,28409910,602,0.0271,0.8803,3.1543,0.4281,,
alice,0,28412910,602,0.0299,0.7761,2.9453,0.4281,,
alice,0,28422442,602,0.0302,0.892,3.0859,0.4281,,
alice,0,28399418,603,0.0294,0.8581,3.0098,0.4272,,
alice,0,28402154,603,0.021,0.7776,2.7852,0.4272,,
alice,0,28402564,603,0.0338,0.8674,3.1621,0.4272,,
alice,0,28403676,603,0.0374,0.8833,3.127,0.4272,,
alice,0,28404611,603,0.0207,0.8234,2.8125,0.4272,,
alice,0,28405439,603,0.0329,0.8816,3.0078,0.4272,,
alice,0,28407135,603,0.0253,0.7609,2.8926,0.4272,,
alice,0,28407658,603,0.0235,0.8635,3.0996,0.4272,,
alice,0,28408316,603,0.0255,0.8939,3.2402,0.4272,,
alice,0,28409910,603,0.0261,0.7659,2.8047,0.4272,,
alice,0,28412910,603,0.0461,0.7976,2.9805,0.4272,,
alice,0,28422442,603,0.0387,0.7894,2.7715,0.4272,,
alice,0,28399418,604,0.0262,0.8571,3.1055,0.4262,,
alice,0,28402154,604,0.0238,0.7796,2.875,0.4262,,
alice,0,28402564,604,0.0401,0.8636,2.9941,0.4262,,
alice,0,28403676,604,0.026,0.7221,2.5625,0.4262,,
alice,0,28404611,604,0.0332,0.7447,2.7441,0.4262,,
alice,0,28405439,604,0.0247,0.8352,2.8711,0.4262,,
alice,0,28407135,604,0.0208,0.882,3.0254,0.4262,,
alice,0,28407658,604,0.0197,0.8876,3.1816,0.4262,,
alice,0,28408316,604,0.0341,0.8,2.9102,0.4262,,
alice,0,28409910,604,0.0283,0.7796,2.8281,0.4262,,
alice,0,28412910,604,0.0263,0.7309,2.8027,0.4262,,
alice,0,28422442,604,0.0254,0.7319,2.7363,0.4262,,
alice,0,28399418,605,0.0248,0.7788,2.8184,0.4253,,
alice,0,28402154,605,0.0265,0.8143,2.8711,0.4253,,
alice,0,28402564,605,0.0282,0.7594,2.8867,0.4253,,
alice,0,28403676,605,0.0218,0.842,2.9473,0.4253,,
alice,0,28404611,605,0.0236,0.8641,2.9766,0.4253,,
alice,0,28405439,605,0.0214,0.8258,3.0488,0.4253,,
alice,0,28407135,605,0.0418,0.7701,2.6133,0.4253,,
alice,0,28407658,605,0.0196,0.9212,3.0469,0.4253,,
alice,0,28408316,605,0.029,0.8364,2.8848,0.4253,,
alice,0,28409910,605,0.0238,0.8747,3.0098,0.4253,,
alice,0,28412910,605,0.0289,0.8172,3.0742,0.4253,,
alice,0,28422442,605,0.0276,0.7445,2.8164,0.4253,,
alice,0,28399418,606,0.0325,0.7194,2.8848,0.4243,,
alice,0,28402154,606,0.0311,0.7428,2.7324,0.4243,,
alice,0,28402564,606,0.0272,0.8137,2.9414,0.4243,,
alice,0,28403676,606,0.0396,0.8534,3.0527,0.4243,,
alice,0,28404611,606,0.028,0.8202,2.9707,0.4243,,
alice,0,28405439,606,0.0271,0.7865,2.8906,0.4243,,
alice,0,28407135,606,0.0311,0.8202,2.9453,0.4243,,
alice,0,28407658,606,0.0374,0.7944,2.625,0.4243,,
alice,0,28408316,606,0.0355,0.8215,2.8555,0.4243,,
alice,0,28409910,606,0.0253,0.7338,2.7051,0.4243,,
alice,0,28412910,606,0.0457,0.8026,2.9004,0.4243,,
alice,0,28422442,606,0.0342,0.838,2.9512,0.4243,,
alice,0,28399418,607,0.0277,0.7328,2.748,0.4234,,
alice,0,28402154,607,0.0375,0.8172,2.8594,0.4234,,
alice,0,28402564,607,0.0216,0.8713,3.2168,0.4234,,
alice,0,28403676,607,0.0264,0.8715,3.1777,0.4234,,
alice,0,28404611,607,0.0285,0.7704,2.9219,0.4234,,
alice,0,28405439,607,0.0391,0.765,2.7559,0.4234,,
alice,0,28407135,607,0.0294,0.8464,2.957,0.4234,,
alice,0,28407658,607,0.0314,0.7509,2.6309,0.4234,,
alice,0,28408316,607,0.0322,0.8339,2.8848,0.4234,,
alice,0,28412910,607,0.0207,0.7862,2.9902,0.4234,,
alice,0,28422442,607,0.0287,0.9161,3.2031,0.4234,,
alice,0,28402154,608,0.0447,0.763,2.7812,0.4224,,
alice,0,28403676,608,0.0335,0.7948,3.0098,0.4224,,
alice,0,28404611,608,0.0197,0.874,3.2715,0.4224,,
alice,0,28407135,608,0.0385,0.8048,2.8984,0.4224,,
alice,0,28407658,608,0.0262,0.7555,2.7812,0.4224,,
alice,0,28408316,608,0.032,0.8486,2.8828,0.4224,,
alice,0,28412910,608,0.0243,0.7192,2.6289,0.4224,,
alice,0,28422442,608,0.0354,0.8064,3.0176,0.4224,,
bob,0,28385276,740,-0.0047,0.2015,0.0019,,-1.0339,0.0914
bob,0,28385276,741,-0.0051,0.1553,0.0017,,-1.0209,0.1014
bob,0,28385276,742,-0.0036,0.1806,0.003,,-1.0321,0.1562
bob,0,28385276,743,0.0003,0.1935,0.003,,-1.0249,0.1785
bob,0,28385276,744,0.0024,0.1768,0.003,,-1.0474,0.1568
bob,0,28385276,745,0.0012,0.221,0.0033,,-1.038,0.1676
bob,0,28385276,746,0.0002,0.183,0.0027,,-1.0339,0.1551
bob,0,28385276,747,-0.0015,0.2028,0.003,,-1.0489,0.1607
bob,0,28385276,748,0.0041,0.2083,0.003,,-1.0361,0.1571
bob,0,28385276,749,-0.0009,0.1461,0.0022,,-1.065,0.1261
bob,0,28385276,750,-0.0045,0.1926,0.0028,,-1.0589,0.1433
bob,0,28385276,751,-0.0052,0.2224,0.003,,-1.0565,0.163
bob,0,28385276,752,0.0002,0.2127,0.0034,,-1.0374,0.1716
bob,0,28385276,753,0.0001,0.1872,0.0032,,-1.0347,0.1723
bob,0,28385276,754,0.0038,0.232,0.0035,,-1.0404,0.1818
bob,0,28385276,755,0.0041,0.2212,0.0029,,-1.0723,0.1635
bob,0,28385276,756,0.0027,0.2029,0.003,,-1.061,0.1699
bob,0,28385276,757,-0.0031,0.2331,0.0029,,-1.0628,0.1615
bob,0,28385276,758,-0.0003,0.2319,0.0031,,-1.0696,0.1713
bob,0,28385276,759,0.0031,0.2068,0.0027,,-1.0646,0.1577
bob,0,28385276,760,0.0033,0.1887,0.0023,,-1.0534,0.1404
bob,0,28385276,761,0.0049,0.1913,0.0026,,-1.0579,0.1451
bob,0,28385276,762,0.0092,0.2597,0.0034,,-1.0496,0.1941
bob,0,28385276,763,0.0024,0.2292,0.003,,-1.0527,0.1792
bob,0,28385276,764,0.0049,0.2771,0.0037,,-1.0715,0.2
bob,0,28385276,765,0.002,0.2227,0.0021,,-1.0577,0.1276
bob,0,28385276,766,0.0019,0.2005,0.0022,,-1.0576,0.1284
bob,0,28385276,767,0.0014,0.2373,0.0023,,-1.0615,0.1424
bob,0,28385276,768,-0.0023,0.2348,0.0029,,-1.0498,0.1634
bob,0,28385276,769,0.0001,0.1851,0.002,,-1.0574,0.125
bob,0,28385276,770,0.0043,0.2272,0.0028,,-1.0546,0.1649
bob,0,28385276,771,0.002,0.215,0.0023,,-1.0499,0.1409
bob,0,28385276,772,0.0006,0.1915,0.0023,,-1.0607,0.1443
bob,0,28385276,773,-0.001,0.2239,0.0028,,-1.0387,0.1607
bob,0,28385276,774,0.0027,0.2241,0.0028,,-1.057,0.1638
bob,0,28385276,775,0.0058,0.2354,0.0027,,-1.0592,0.1678
bob,0,28385276,776,0.0033,0.2403,0.0029,,-1.0724,0.1959
bob,0,28385276,777,0.0042,0.2125,0.0023,,-1.0554,0.1459
bob,0,28385276,778,-0.0015,0.2353,0.0028,,-1.0614,0.1736
bob,0,28385276,779,0.0032,0.2463,0.0027,,-1.0477,0.1712
bob,0,28385276,780,0.0044,0.213,0.0022,,-1.0358,0.1349
bob,0,28385276,781,0.0071,0.2422,0.003,,-1.0533,0.1873
bob,0,28385276,782,-0.0021,0.2438,0.0028,,-1.0512,0.1616
bob,0,28385276,783,-0.0,0.1827,0.0019,,-1.0502,0.1319
bob,0,28385276,784,0.0019,0.1843,0.0018,,-1.0586,0.1127
bob,0,28385276,785,0.0083,0.2759,0.003,,-1.0613,0.1913
bob,0,28385276,786,0.0025,0.1838,0.0021,,-1.0644,0.1286
bob,0,28385276,787,0.0112,0.259,0.003,,-1.0448,0.1901
bob,0,28385276,788,0.0067,0.2425,0.0026,,-1.0415,0.1661
bob,0,28385276,789,-0.0008,0.2061,0.0021,,-1.043,0.1439
bob,0,28385276,790,-0.0005,0.2168,0.0021,,-1.0473,0.1372
bob,0,28385276,791,-0.001,0.22,0.0023,,-1.0435,0.147
bob,0,28385276,792,0.0065,0.1983,0.0023,,-1.0523,0.1531
bob,0,28385276,793,0.0052,0.2441,0.0029,,-1.0625,0.1715
bob,0,28385276,794,0.0081,0.2469,0.0029,,-1.0641,0.1821
bob,0,28385276,795,0.0032,0.2338,0.0025,,-1.0471,0.1667
bob,0,28385276,796,-0.0011,0.2447,0.0026,,-1.0548,0.1727
bob,0,28385276,797,0.0024,0.2722,0.0027,,-1.0472,0.1799
bob,0,28385276,798,0.0051,0.2577,0.0028,,-1.0694,0.1701
bob,0,28385276,799,0.0008,0.24,0.0029,,-1.0695,0.1705
bob,0,28385276,800,0.0044,0.2423,0.0025,,-1.0551,0.1581
bob,0,28385276,801,0.0021,0.2042,0.0022,,-1.0361,0.1372
bob,0,28385276,802,0.0118,0.2476,0.0027,,-1.0699,0.1754
bob,0,28385276,803,0.0074,0.2026,0.0026,,-1.0634,0.1605
bob,0,28385276,804,0.0035,0.2188,0.0024,,-1.0499,0.1612
bob,0,28385276,805,0.0055,0.217,0.0026,,-1.039,0.1562
bob,0,28385276,806,0.0145,0.2627,0.0031,,-1.0522,0.1877
bob,0,28385276,807,0.0037,0.2289,0.0025,,-1.04,0.171
bob,0,28385276,808,0.0041,0.1835,0.0022,,-1.0617,0.1349
bob,0,28385276,809,0.0083,0.1928,0.0021,,-1.0443,0.1292
bob,0,28385276,810,-0.0003,0.2698,0.003,,-1.057,0.1911
bob,0,28385276,811,0.0014,0.2273,0.0023,,-1.0471,0.1455
bob,0,28385276,812,-0.0002,0.222,0.0022,,-1.0582,0.146
bob,0,28385276,813,0.0056,0.2682,0.0033,,-1.0445,0.1905
bob,0,28385276,814,0.0033,0.2234,0.0027,,-1.0567,0.1518
bob,0,28385276,815,-0.0027,0.2574,0.0028,,-1.0579,0.1701
bob,0,28385276,816,0.0044,0.2653,0.0028,,-1.0528,0.1912
bob,0,28385276,817,0.0047,0.2419,0.0026,,-1.0557,0.1667
bob,0,28385276,818,0.0073,0.2912,0.003,,-1.0589,0.1736
bob,0,28385276,819,0.0124,0.262,0.0032,,-1.042,0.1938
bob,0,28385276,820,0.0057,0.2389,0.0026,,-1.0381,0.1775
bob,0,28385276,821,0.0036,0.2417,0.0028,,-1.044,0.1705
bob,0,28385276,822,0.0083,0.2349,0.0026,,-1.0416,0.1594
bob,0,28385276,823,-0.0021,0.2456,0.0026,,-1.0547,0.1583
bob,0,28385276,824,0.0026,0.2274,0.0025,,-1.0726,0.1568
bob,0,28385276,825,-0.0044,0.294,0.0032,,-1.065,0.2052
bob,0,28385276,826,0.0073,0.2635,0.0033,,-1.0697,0.1953
bob,0,28385276,827,0.009,0.2511,0.0029,,-1.054,0.1785
bob,0,28385276,828,-0.0014,0.2478,0.0025,,-1.0369,0.162
bob,0,28385276,829,0.0008,0.2263,0.0023,,-1.0431,0.1622
bob,0,28385276,830,0.0026,0.2175,0.0025,,-1.0571,0.1673
bob,0,28385276,831,0.0043,0.2568,0.003,,-1.0418,0.1837
bob,0,28385276,832,-0.0029,0.2834,0.0032,,-1.0637,0.1852
bob,0,28385276,833,0.0013,0.2882,0.0032,,-1.0516,0.2125
bob,0,28385276,834,0.0065,0.3146,0.0033,,-1.045,0.2176
bob,0,28385276,835,-0.0032,0.2433,0.0028,,-1.042,0.1886
bob,0,28385276,836,0.0047,0.2715,0.0028,,-1.0674,0.1769
bob,0,28385276,837,0.0031,0.2341,0.0026,,-1.0519,0.1643
bob,0,28385276,838,0.0069,0.2739,0.0034,,-1.0613,0.1975
bob,0,28385276,839,0.0094,0.2416,0.0031,,-1.0577,0.1765
bob,0,28385276,840,0.0071,0.2986,0.0039,,-1.0445,0.2154
bob,0,28385276,841,0.006,0.2894,0.0038,,-1.0494,0.2345
bob,0,28385276,842,0.0037,0.2811,0.0035,,-1.0379,0.2006
bob,0,28385276,843,0.0016,0.2408,0.0028,,-1.0562,0.1744
bob,0,28385276,844,0.0082,0.2608,0.0033,,-1.0443,0.1905
bob,0,28385276,845,0.0024,0.2928,0.0033,,-1.0393,0.2036
bob,0,28385276,846,0.0081,0.3114,0.0042,,-1.0572,0.2558
bob,0,28385276,847,-0.0046,0.2685,0.0027,,-1.057,0.1742
bob,0,28385276,848,-0.0006,0.2717,0.0034,,-1.0548,0.1917
bob,0,28390449,950,-0.0083,0.3087,0.0033,,-1.0216,0.1577
bob,0,28390449,951,-0.015,0.257,0.0028,,-1.0387,0.1584
bob,0,28390449,952,-0.0119,0.2173,0.0027,,-1.0377,0.1544
bob,0,28390449,953,-0.0147,0.2234,0.0037,,-1.03,0.1834
bob,0,28390449,954,-0.0058,0.2087,0.0036,,-1.0215,0.1788
bob,0,28390449,955,0.0032,0.209,0.0037,,-1.0354,0.1982
bob,0,28390449,956,-0.0028,0.2695,0.0042,,-1.0538,0.2199
bob,0,28390449,957,0.0048,0.2698,0.0047,,-1.0524,0.2269
bob,0,28390449,958,0.0084,0.2171,0.0036,,-1.0392,0.2082
bob,0,28390449,959,0.0131,0.2639,0.0044,,-1.0611,0.2301
bob,0,28390449,960,0.003,0.2452,0.0043,,-1.0451,0.2067
bob,0,28390449,961,-0.0009,0.2506,0.0036,,-1.0592,0.1857
bob,0,28390449,962,0.0108,0.2698,0.0047,,-1.0478,0.2507
bob,0,28390449,963,0.0066,0.243,0.0041,,-1.0609,0.2017
bob,0,28390449,964,0.0057,0.2439,0.0037,,-1.0471,0.2107
bob,0,28390449,965,0.0049,0.2774,0.0043,,-1.0679,0.2219
bob,0,28390449,966,0.0033,0.2336,0.0038,,-1.0584,0.1909
bob,0,28390449,967,0.0111,0.1971,0.0033,,-1.0752,0.1622
bob,0,28390449,968,0.0041,0.2062,0.0028,,-1.0613,0.1525
bob,0,28390449,969,-0.0001,0.2185,0.0032,,-1.0495,0.1609
bob,0,28390449,970,0.0065,0.2569,0.0042,,-1.0729,0.2127
bob,0,28390449,971,0.0066,0.2892,0.004,,-1.0481,0.2182
bob,0,28390449,972,0.0001,0.2416,0.003,,-1.0567,0.1677
bob,0,28390449,973,0.0019,0.2816,0.004,,-1.065,0.2194
bob,0,28390449,974,0.0082,0.3279,0.0043,,-1.0375,0.2289
bob,0,28390449,975,0.0011,0.2882,0.0036,,-1.0467,0.2078
bob,0,28390449,976,-0.0008,0.2572,0.0029,,-1.0513,0.1749
bob,0,28390449,977,-0.0053,0.2664,0.0032,,-1.0741,0.2027
bob,0,28390449,978,0.0008,0.2609,0.0032,,-1.0668,0.1728
bob,0,28390449,979,-0.0015,0.2399,0.0025,,-1.0486,0.1433
bob,0,28390449,980,0.0079,0.3076,0.0037,,-1.0508,0.2255
bob,0,28390449,981,0.0015,0.2827,0.0035,,-1.038,0.1944
bob,0,28390449,982,0.0013,0.2896,0.0034,,-1.052,0.1891
bob,0,28390449,983,-0.0012,0.2681,0.0036,,-1.0629,0.1994
bob,0,28390449,984,-0.0008,0.2891,0.0037,,-1.0606,0.21
bob,0,28390449,985,-0.0011,0.2835,0.0035,,-1.0684,0.2158
bob,0,28390449,986,0.0038,0.2845,0.0032,,-1.0669,0.1845
bob,0,28390449,987,0.0005,0.2682,0.0033,,-1.0494,0.1933
bob,0,28390449,988,0.003,0.2732,0.0034,,-1.0481,0.2
bob,0,28390449,989,0.0076,0.2738,0.0033,,-1.0288,0.1946
bob,0,28390449,990,0.0019,0.224,0.0025,,-1.0496,0.1696
bob,0,28390449,991,0.0032,0.2504,0.003,,-1.0505,0.1732
bob,0,28390449,992,0.0056,0.2921,0.0038,,-1.0635,0.2145
bob,0,28390449,993,0.0035,0.2925,0.0035,,-1.0545,0.2066
bob,0,28390449,994,0.0019,0.3002,0.0037,,-1.0552,0.2155
bob,0,28390449,995,0.0026,0.2894,0.0037,,-1.0591,0.2112
bob,0,28390449,996,-0.0004,0.2438,0.003,,-1.0611,0.1776
bob,0,28390449,997,0.0031,0.2884,0.0035,,-1.0561,0.192
bob,0,28390449,998,-0.0025,0.2521,0.0035,,-1.0627,0.2052
bob,0,28390449,999,-0.0015,0.3338,0.0038,,-1.0519,0.2152
bob,0,28390449,1000,0.0004,0.2724,0.0033,,-1.0783,0.1942
bob,0,28399418,1000,-0.0012,0.3511,0.0034,,-1.0283,0.1607
bob,0,28402154,1000,-0.0025,0.243,0.003,,-1.0427,0.1425
bob,0,28402564,1000,-0.0021,0.2488,0.0026,,-1.0396,0.1278
bob,0,28403676,1000,-0.003,0.2714,0.0033,,-1.0371,0.1586
bob,0,28404611,1000,-0.0014,0.4036,0.0033,,-1.0286,0.1586
bob,0,28405439,1000,-0.0036,0.3418,0.0032,,-1.0263,0.1561
bob,0,28407135,1000,-0.0009,0.2983,0.0034,,-1.0352,0.1589
bob,0,28407658,1000,-0.0042,0.2843,0.0033,,-1.0391,0.1505
bob,0,28408316,1000,-0.0032,0.3463,0.0035,,-1.0263,0.17
bob,0,28409910,1000,-0.0036,0.2883,0.003,,-1.0463,0.1417
bob,0,28412910,1000,-0.0023,0.2856,0.0028,,-1.0374,0.1328
bob,0,28422442,1000,-0.0009,0.2348,0.0029,,-1.0362,0.1289
bob,0,28390449,1001,0.0002,0.3102,0.0038,,-1.0474,0.208
bob,0,28399418,1001,0.0024,0.2256,0.003,,-1.0198,0.1534
bob,0,28402154,1001,0.006,0.2646,0.0034,,-1.0267,0.1812
bob,0,28402564,1001,0.0058,0.2118,0.0031,,-1.0207,0.1541
bob,0,28403676,1001,0.002,0.2917,0.0042,,-1.0178,0.2271
bob,0,28404611,1001,-0.0007,0.2935,0.004,,-1.0144,0.2188
bob,0,28405439,1001,0.0016,0.2456,0.0035,,-1.0055,0.1884
bob,0,28407135,1001,-0.0023,0.2396,0.0035,,-1.0136,0.1793
bob,0,28407658,1001,0.0006,0.2774,0.0034,,-1.0208,0.1946
bob,0,28408316,1001,0.0058,0.274,0.0032,,-1.016,0.1986
bob,0,28409910,1001,0.0068,0.2736,0.0037,,-1.0101,0.1921
bob,0,28412910,1001,0.0044,0.2807,0.0043,,-1.0206,0.2151
bob,0,28422442,1001,0.0005,0.2305,0.0036,,-1.0357,0.1851
bob,0,28390449,1002,-0.0002,0.3136,0.0034,,-1.0669,0.1968
bob,0,28399418,1002,0.0009,0.2479,0.0031,,-1.0282,0.1767
bob,0,28402154,1002,-0.0022,0.2835,0.0042,,-1.0299,0.2034
bob,0,28402564,1002,0.0016,0.2221,0.0036,,-1.0121,0.1879
bob,0,28403676,1002,-0.0078,0.2771,0.0039,,-1.028,0.2302
bob,0,28404611,1002,-0.0007,0.2519,0.0036,,-1.0178,0.2013
bob,0,28405439,1002,-0.0003,0.2377,0.0038,,-1.018,0.197
bob,0,28407135,1002,-0.0083,0.2569,0.0035,,-1.0312,0.1993
bob,0,28407658,1002,-0.0044,0.2248,0.003,,-1.0149,0.1619
bob,0,28408316,1002,-0.0043,0.3072,0.004,,-1.0265,0.2413
bob,0,28409910,1002,0.0005,0.2686,0.0042,,-1.0169,0.2139
bob,0,28412910,1002,-0.0035,0.1992,0.0027,,-1.0361,0.1437
bob,0,28422442,1002,-0.0062,0.2579,0.0032,,-1.0122,0.1599
bob,0,28390449,1003,0.0025,0.3295,0.0043,,-1.0557,0.2568
bob,0,28399418,1003,0.0007,0.2293,0.0029,,-1.0155,0.1723
bob,0,28402154,1003,-0.0082,0.2337,0.0034,,-1.0305,0.17
bob,0,28402564,1003,-0.0019,0.1898,0.0028,,-1.0213,0.1391
bob,0,28403676,1003,-0.0082,0.2511,0.0035,,-1.0237,0.1893
bob,0,28404611,1003,-0.001,0.2313,0.0035,,-1.0308,0.1761
bob,0,28405439,1003,-0.0026,0.223,0.003,,-1.0343,0.1566
bob,0,28407135,1003,-0.003,0.2739,0.0037,,-1.0263,0.2121
bob,0,28407658,1003,-0.0042,0.221,0.0028,,-1.0248,0.1556
bob,0,28408316,1003,-0.0048,0.2251,0.003,,-1.035,0.172
bob,0,28409910,1003,-0.008,0.2505,0.0031,,-1.0211,0.186
bob,0,28412910,1003,-0.0043,0.2468,0.0033,,-1.0332,0.1887
bob,0,28422442,1003,-0.0027,0.228,0.0033,,-1.018,0.1801
bob,0,28390449,1004,0.0057,0.2738,0.0033,,-1.0532,0.1968
bob,0,28399418,1004,0.0041,0.2745,0.0046,,-1.0196,0.2425
bob,0,28402154,1004,-0.0036,0.184,0.0026,,-1.0385,0.1485
bob,0,28402564,1004,0.0031,0.275,0.004,,-1.0216,0.203
bob,0,28403676,1004,-0.0031,0.2317,0.0029,,-1.0425,0.1656
bob,0,28404611,1004,-0.0031,0.2468,0.0039,,-1.0358,0.2012
bob,0,28405439,1004,-0.0016,0.2209,0.0035,,-1.0272,0.1739
bob,0,28407135,1004,-0.0028,0.2596,0.0039,,-1.0497,0.2305
bob,0,28407658,1004,-0.0052,0.2456,0.0036,,-1.0322,0.1884
bob,0,28408316,1004,-0.0026,0.2436,0.0034,,-1.0285,0.1852
bob,0,28409910,1004,-0.0034,0.2369,0.0036,,-1.0331,0.1854
bob,0,28412910,1004,-0.002,0.2441,0.0033,,-1.0246,0.1793
bob,0,28422442,1004,-0.0017,0.1809,0.0024,,-1.0162,0.1284
bob,0,28390449,1005,-0.0013,0.2912,0.0034,,-1.0566,0.1946
bob,0,28399418,1005,-0.003,0.2402,0.0037,,-1.0251,0.1892
bob,0,28402154,1005,-0.0005,0.2518,0.0035,,-1.0287,0.1889
bob,0,28402564,1005,0.0001,0.2166,0.003,,-1.0465,0.163
bob,0,28403676,1005,0.0037,0.246,0.0039,,-1.028,0.1994
bob,0,28404611,1005,-0.0048,0.2157,0.0025,,-1.0488,0.1323
bob,0,28405439,1005,-0.0057,0.2469,0.0032,,-1.0262,0.1714
bob,0,28407135,1005,-0.0083,0.2842,0.0039,,-1.0324,0.208
bob,0,28407658,1005,0.0015,0.2504,0.0039,,-1.0175,0.2087
bob,0,28408316,1005,0.0037,0.2243,0.0035,,-1.0433,0.1835
bob,0,28409910,1005,-0.004,0.2915,0.0033,,-1.0542,0.1763
bob,0,28412910,1005,0.0034,0.261,0.004,,-1.0357,0.2163
bob,0,28422442,1005,0.0026,0.2146,0.0034,,-1.0243,0.1639
bob,0,28390449,1006,0.0046,0.2631,0.0032,,-1.0538,0.202
bob,0,28399418,1006,0.0,0.2308,0.0033,,-1.0477,0.1815
bob,0,28402154,1006,-0.0034,0.2768,0.004,,-1.0246,0.2108
bob,0,28402564,1006,-0.0043,0.1979,0.0029,,-1.0391,0.1476
bob,0,28403676,1006,0.0019,0.2414,0.0035,,-1.0339,0.1863
bob,0,28404611,1006,-0.0077,0.2064,0.0027,,-1.0492,0.1472
bob,0,28405439,1006,-0.0022,0.2382,0.0033,,-1.0301,0.1885
bob,0,28407135,1006,0.0042,0.2707,0.0033,,-1.0273,0.1804
bob,0,28407658,1006,-0.002,0.2302,0.003,,-1.0241,0.1574
bob,0,28408316,1006,-0.0012,0.2222,0.0034,,-1.0424,0.1695
bob,0,28409910,1006,-0.0039,0.2948,0.0035,,-1.0611,0.1918
bob,0,28412910,1006,-0.0037,0.27,0.0037,,-1.0314,0.2178
bob,0,28422442,1006,-0.0,0.2317,0.0036,,-1.0391,0.1884
bob,0,28390449,1007,0.0024,0.2792,0.0032,,-1.0614,0.1839
bob,0,28399418,1007,-0.0026,0.2858,0.0036,,-1.0369,0.1969
bob,0,28402154,1007,-0.0021,0.2388,0.0034,,-1.0315,0.198
bob,0,28402564,1007,-0.0022,0.2051,0.0029,,-1.0555,0.1596
bob,0,28403676,1007,0.0041,0.2517,0.003,,-1.0484,0.1785
bob,0,28404611,1007,0.001,0.2062,0.003,,-1.0319,0.1672
bob,0,28405439,1007,-0.0096,0.2353,0.0032,,-1.0447,0.1722
bob,0,28407135,1007,-0.0066,0.263,0.004,,-1.0457,0.2185
bob,0,28407658,1007,0.0017,0.2523,0.0039,,-1.0519,0.2023
bob,0,28408316,1007,0.0049,0.2832,0.0037,,-1.0348,0.2013
bob,0,28409910,1007,-0.0011,0.2694,0.0035,,-1.0598,0.1858
bob,0,28412910,1007,0.001,0.2655,0.0034,,-1.0437,0.1865
bob,0,28422442,1007,-0.0001,0.2825,0.0042,,-1.042,0.2188
bob,0,28390449,1008,0.0004,0.2669,0.0033,,-1.0691,0.1948
bob,0,28399418,1008,-0.0024,0.2344,0.0036,,-1.0473,0.1797
bob,0,28402154,1008,-0.001,0.2811,0.0037,,-1.0579,0.209
bob,0,28402564,1008,0.0023,0.2348,0.0035,,-1.0475,0.1824
bob,0,28403676,1008,-0.0085,0.2374,0.0028,,-1.0445,0.1582
bob,0,28404611,1008,-0.0006,0.2348,0.0031,,-1.0441,0.1709
bob,0,28405439,1008,-0.0009,0.2613,0.0034,,-1.0383,0.193
bob,0,28407135,1008,-0.0019,0.2679,0.0036,,-1.0336,0.2
bob,0,28407658,1008,0.0038,0.2781,0.004,,-1.0334,0.2265
bob,0,28408316,1008,-0.0039,0.2539,0.0036,,-1.0403,0.2018
bob,0,28409910,1008,-0.0009,0.2832,0.0042,,-1.0351,0.2205
bob,0,28412910,1008,0.0022,0.2551,0.0036,,-1.0352,0.2178
bob,0,28422442,1008,-0.008,0.2417,0.003,,-1.0323,0.1725
bob,0,28390449,1009,0.0037,0.2695,0.0031,,-1.07,0.1938
bob,0,28399418,1009,-0.0031,0.2287,0.0035,,-1.0419,0.1805
bob,0,28402154,1009,0.0024,0.2866,0.0036,,-1.0521,0.2025
bob,0,28402564,1009,-0.0072,0.2539,0.0033,,-1.0643,0.1802
bob,0,28403676,1009,0.0003,0.2778,0.0039,,-1.042,0.2229
bob,0,28404611,1009,0.0071,0.2728,0.004,,-1.032,0.2268
bob,0,28405439,1009,-0.003,0.2808,0.0035,,-1.0506,0.1993
bob,0,28407135,1009,-0.0091,0.2853,0.0035,,-1.0531,0.1924
bob,0,28407658,1009,0.0001,0.2468,0.0035,,-1.0528,0.1818
bob,0,28408316,1009,-0.0035,0.2624,0.0033,,-1.0735,0.1734
bob,0,28409910,1009,-0.0069,0.3118,0.0041,,-1.0568,0.2175
bob,0,28412910,1009,-0.0025,0.29,0.0037,,-1.0569,0.2082
bob,0,28422442,1009,0.0018,0.278,0.0042,,-1.0418,0.2271
bob,0,28390449,1010,-0.0002,0.2789,0.0032,,-1.0541,0.1788
bob,0,28399418,1010,-0.0039,0.2691,0.0037,,-1.0544,0.1957
bob,0,28402154,1010,0.0018,0.2619,0.0036,,-1.0381,0.1915
bob,0,28402564,1010,0.0003,0.2686,0.0038,,-1.0384,0.2114
bob,0,28403676,1010,0.0001,0.2822,0.0036,,-1.0523,0.2032
bob,0,28404611,1010,0.0018,0.2734,0.0039,,-1.0533,0.2222
bob,0,28405439,1010,0.0008,0.2228,0.0028,,-1.031,0.1623
bob,0,28407135,1010,0.0008,0.2701,0.0037,,-1.0588,0.21
bob,0,28407658,1010,-0.0002,0.276,0.0035,,-1.0381,0.19
bob,0,28408316,1010,0.0021,0.2719,0.004,,-1.0472,0.2195
bob,0,28409910,1010,-0.006,0.2623,0.0032,,-1.0438,0.1745
bob,0,28412910,1010,-0.0033,0.2577,0.0034,,-1.0425,0.1967
bob,0,28422442,1010,-0.0011,0.2193,0.0029,,-1.0416,0.1474
bob,0,28390449,1011,0.0052,0.2952,0.0035,,-1.0689,0.2263
bob,0,28399418,1011,-0.0033,0.286,0.0037,,-1.0386,0.1988
bob,0,28402154,1011,-0.0006,0.2444,0.0031,,-1.058,0.1894
bob,0,28402564,1011,-0.0056,0.2431,0.0032,,-1.053,0.1916
bob,0,28403676,1011,0.0021,0.2985,0.0036,,-1.0504,0.2138
bob,0,28404611,1011,0.0036,0.2721,0.0037,,-1.0447,0.1969
bob,0,28405439,1011,-0.0037,0.2521,0.0027,,-1.0661,0.1701
bob,0,28407135,1011,-0.001,0.2471,0.0033,,-1.0432,0.198
bob,0,28407658,1011,0.0002,0.2266,0.003,,-1.0571,0.1566
bob,0,28408316,1011,-0.0065,0.2423,0.0031,,-1.0562,0.1672
bob,0,28409910,1011,-0.0074,0.2944,0.0035,,-1.0539,0.202
bob,0,28412910,1011,-0.0055,0.2589,0.0034,,-1.0373,0.1766
bob,0,28422442,1011,-0.0037,0.2171,0.0025,,-1.0566,0.1342
bob,0,28390449,1012,0.0038,0.3286,0.0036,,-1.0718,0.2133
bob,0,28399418,1012,-0.0076,0.275,0.0037,,-1.0678,0.1816
bob,0,28402154,1012,-0.0004,0.245,0.0032,,-1.0621,0.1792
bob,0,28402564,1012,0.0028,0.2712,0.0036,,-1.044,0.1981
bob,0,28403676,1012,0.0026,0.2836,0.0042,,-1.0566,0.2389
bob,0,28404611,1012,-0.0018,0.2454,0.0026,,-1.0406,0.1471
bob,0,28405439,1012,-0.0059,0.247,0.0031,,-1.0525,0.1692
bob,0,28407135,1012,0.0034,0.254,0.0036,,-1.0599,0.2147
bob,0,28407658,1012,-0.005,0.2703,0.0035,,-1.0517,0.1853
bob,0,28408316,1012,0.0047,0.2492,0.0037,,-1.0568,0.1957
bob,0,28409910,1012,-0.0038,0.2828,0.0035,,-1.0337,0.2107
bob,0,28412910,1012,0.0019,0.2865,0.004,,-1.0412,0.2117
bob,0,28422442,1012,-0.0002,0.2415,0.0032,,-1.0312,0.1662
bob,0,28390449,1013,-0.0006,0.3172,0.0039,,-1.063,0.21
bob,0,28399418,1013,-0.0046,0.28,0.0039,,-1.0332,0.206
bob,0,28402154,1013,0.0084,0.3263,0.0049,,-1.0501,0.2553
bob,0,28402564,1013,0.0004,0.2553,0.0034,,-1.0323,0.1902
bob,0,28403676,1013,-0.0027,0.2351,0.0033,,-1.0326,0.1801
bob,0,28404611,1013,-0.0002,0.2814,0.0039,,-1.0631,0.2067
bob,0,28405439,1013,0.0034,0.283,0.0033,,-1.0423,0.1935
bob,0,28407135,1013,0.0015,0.2588,0.0037,,-1.0617,0.197
bob,0,28407658,1013,-0.0001,0.2298,0.003,,-1.0384,0.1833
bob,0,28408316,1013,0.0045,0.2669,0.0039,,-1.0636,0.2154
bob,0,28409910,1013,-0.0065,0.2887,0.0028,,-1.0447,0.1758
bob,0,28412910,1013,0.0018,0.2493,0.003,,-1.061,0.1812
bob,0,28422442,1013,0.0018,0.2509,0.0033,,-1.0331,0.1832
bob,0,28390449,1014,-0.0008,0.2974,0.0035,,-1.0829,0.2136
bob,0,28399418,1014,0.0002,0.3332,0.0044,,-1.046,0.2564
bob,0,28402154,1014,-0.0033,0.3051,0.0034,,-1.0452,0.1935
bob,0,28402564,1014,0.0024,0.2911,0.0035,,-1.0565,0.1969
bob,0,28403676,1014,0.0074,0.2767,0.0036,,-1.0421,0.2238
bob,0,28404611,1014,-0.0041,0.298,0.0035,,-1.0452,0.2053
bob,0,28405439,1014,0.0056,0.2625,0.0039,,-1.0553,0.211
bob,0,28407135,1014,-0.0039,0.3321,0.0038,,-1.0407,0.2164
bob,0,28407658,1014,-0.0016,0.2558,0.0033,,-1.0413,0.1657
bob,0,28408316,1014,0.0013,0.2876,0.0041,,-1.0601,0.225
bob,0,28409910,1014,-0.0049,0.316,0.0034,,-1.0718,0.2198
bob,0,28412910,1014,-0.0008,0.3003,0.0042,,-1.0556,0.2185
bob,0,28422442,1014,-0.0027,0.2111,0.0027,,-1.0599,0.1506
bob,0,28390449,1015,-0.0028,0.3556,0.0031,,-1.0678,0.1794
bob,0,28399418,1015,-0.005,0.2739,0.003,,-1.0445,0.1704
bob,0,28402154,1015,-0.0004,0.276,0.0037,,-1.0747,0.209
bob,0,28402564,1015,0.0012,0.2479,0.0033,,-1.0635,0.1777
bob,0,28403676,1015,0.0014,0.2923,0.0043,,-1.0532,0.2468
bob,0,28404611,1015,0.0036,0.3092,0.004,,-1.0521,0.2222
bob,0,28405439,1015,-0.0015,0.2627,0.0035,,-1.049,0.1724
bob,0,28407135,1015,0.0033,0.2705,0.0033,,-1.0532,0.1927
bob,0,28407658,1015,0.001,0.314,0.0046,,-1.0562,0.2286
bob,0,28408316,1015,-0.0034,0.2757,0.0031,,-1.039,0.1731
bob,0,28409910,1015,0.0009,0.2403,0.0025,,-1.0751,0.1554
bob,0,28412910,1015,-0.0023,0.3045,0.0033,,-1.0494,0.2071
bob,0,28422442,1015,-0.0016,0.262,0.0036,,-1.0425,0.1813
bob,0,28390449,1016,-0.0011,0.2861,0.0036,,-1.081,0.2171
bob,0,28399418,1016,-0.0025,0.293,0.0037,,-1.0395,0.227
bob,0,28402154,1016,-0.0008,0.2865,0.0032,,-1.0477,0.1953
bob,0,28402564,1016,-0.0015,0.28,0.0038,,-1.0542,0.1976
bob,0,28403676,1016,-0.0014,0.2388,0.003,,-1.0492,0.1646
bob,0,28404611,1016,0.0009,0.2685,0.0033,,-1.0311,0.1959
bob,0,28405439,1016,-0.0017,0.2234,0.0028,,-1.0525,0.1475
bob,0,28407135,1016,0.0004,0.3108,0.0042,,-1.0562,0.2401
bob,0,28407658,1016,-0.0006,0.2377,0.0031,,-1.0597,0.178
bob,0,28408316,1016,-0.0014,0.2391,0.0032,,-1.0465,0.1734
bob,0,28409910,1016,-0.0013,0.2336,0.0031,,-1.0645,0.1763
bob,0,28412910,1016,-0.0023,0.3025,0.0033,,-1.0485,0.1897
bob,0,28422442,1016,0.0015,0.2814,0.0037,,-1.0446,0.2036
bob,0,28390449,1017,-0.0009,0.2722,0.0035,,-1.0434,0.2148
bob,0,28399418,1017,0.0008,0.2707,0.0037,,-1.0535,0.1964
bob,0,28402154,1017,-0.0002,0.3263,0.0043,,-1.0589,0.2358
bob,0,28402564,1017,-0.0074,0.2873,0.0032,,-1.0592,0.1703
bob,0,28403676,1017,-0.0036,0.302,0.0036,,-1.0691,0.1975
bob,0,28404611,1017,0.0028,0.2894,0.0033,,-1.0407,0.2007
bob,0,28405439,1017,0.009,0.313,0.0042,,-1.0478,0.2274
bob,0,28407135,1017,0.0017,0.3152,0.0044,,-1.0744,0.2476
bob,0,28407658,1017,0.005,0.2537,0.0036,,-1.0642,0.2
bob,0,28408316,1017,0.0009,0.2764,0.0036,,-1.0463,0.2006
bob,0,28409910,1017,0.0098,0.3043,0.0045,,-1.0374,0.2303
bob,0,28412910,1017,-0.0006,0.313,0.004,,-1.0586,0.2265
bob,0,28422442,1017,-0.0015,0.2307,0.0028,,-1.0537,0.1582
bob,0,28390449,1018,0.0068,0.2751,0.0033,,-1.0355,0.1921
bob,0,28399418,1018,0.0072,0.2862,0.0039,,-1.0539,0.2292
bob,0,28402154,1018,0.0014,0.2777,0.0033,,-1.0708,0.1881
bob,0,28402564,1018,0.0026,0.2496,0.0036,,-1.0542,0.2107
bob,0,28403676,1018,0.0054,0.3079,0.0043,,-1.0377,0.2349
bob,0,28404611,1018,-0.0022,0.3306,0.0035,,-1.0278,0.2086
bob,0,28405439,1018,-0.0054,0.2379,0.0025,,-1.039,0.1525
bob,0,28407135,1018,-0.0047,0.3399,0.0039,,-1.0561,0.23
bob,0,28407658,1018,-0.0057,0.2489,0.0029,,-1.051,0.1629
bob,0,28408316,1018,-0.0,0.2803,0.0039,,-1.0538,0.2072
bob,0,28409910,1018,0.0025,0.2999,0.004,,-1.0411,0.2355
bob,0,28412910,1018,-0.0013,0.261,0.0037,,-1.0496,0.2271
bob,0,28422442,1018,0.0053,0.25,0.0037,,-1.0594,0.203
bob,0,28390449,1019,0.0065,0.2661,0.0034,,-1.0511,0.2042
bob,0,28399418,1019,-0.007,0.3146,0.0034,,-1.0663,0.198
bob,0,28402154,1019,-0.001,0.2825,0.0038,,-1.0542,0.2107
bob,0,28402564,1019,-0.0006,0.2797,0.0035,,-1.0501,0.1987
bob,0,28403676,1019,-0.0021,0.2446,0.003,,-1.0568,0.1687
bob,0,28404611,1019,0.0087,0.2585,0.0033,,-1.0579,0.2063
bob,0,28405439,1019,-0.0011,0.2504,0.0033,,-1.0533,0.1676
bob,0,28407135,1019,-0.0035,0.2932,0.0037,,-1.0633,0.205
bob,0,28407658,1019,-0.0064,0.294,0.0033,,-1.0517,0.1827
bob,0,28408316,1019,-0.0062,0.2684,0.0032,,-1.0645,0.1722
bob,0,28409910,1019,0.0059,0.2838,0.0035,,-1.077,0.1949
bob,0,28412910,1019,0.0005,0.2788,0.0031,,-1.0448,0.1719
bob,0,28422442,1019,0.0109,0.323,0.004,,-1.0386,0.2244
bob,0,28390449,1020,0.0104,0.3175,0.0042,,-1.0501,0.2578
bob,0,28399418,1020,-0.0044,0.3144,0.0037,,-1.0591,0.2031
bob,0,28402154,1020,-0.0116,0.2791,0.0032,,-1.0749,0.1815
bob,0,28402564,1020,-0.0034,0.2523,0.0035,,-1.0582,0.195
bob,0,28403676,1020,0.0033,0.3203,0.004,,-1.0506,0.2208
bob,0,28404611,1020,0.0045,0.2272,0.0032,,-1.0399,0.1801
bob,0,28405439,1020,0.0015,0.2488,0.0036,,-1.054,0.1813
bob,0,28407135,1020,0.0016,0.2927,0.0035,,-1.0534,0.2126
bob,0,28407658,1020,0.0033,0.3224,0.0039,,-1.0541,0.2145
bob,0,28408316,1020,0.0092,0.3322,0.004,,-1.0495,0.2219
bob,0,28409910,1020,0.0034,0.2721,0.0036,,-1.0464,0.192
bob,0,28412910,1020,0.0041,0.3011,0.0045,,-1.0585,0.2516
bob,0,28422442,1020,0.0034,0.3352,0.0042,,-1.0389,0.2418
bob,0,28390449,1021,0.0063,0.353,0.0045,,-1.0588,0.2792
bob,0,28399418,1021,0.0032,0.2632,0.0033,,-1.0602,0.2057
bob,0,28402154,1021,-0.0024,0.2666,0.0039,,-1.0613,0.2067
bob,0,28402564,1021,0.0001,0.2539,0.003,,-1.044,0.1688
bob,0,28403676,1021,-0.0011,0.3139,0.0041,,-1.0396,0.2305
bob,0,28404611,1021,0.0007,0.3342,0.0036,,-1.0527,0.2107
bob,0,28405439,1021,0.0034,0.2538,0.0032,,-1.0569,0.1867
bob,0,28407135,1021,0.0017,0.2966,0.0037,,-1.0437,0.2143
bob,0,28407658,1021,0.0057,0.2583,0.0035,,-1.059,0.1975
bob,0,28408316,1021,-0.0042,0.3364,0.004,,-1.0557,0.2399
bob,0,28409910,1021,0.0016,0.2971,0.0037,,-1.0499,0.2141
bob,0,28412910,1021,0.0001,0.2949,0.0038,,-1.0676,0.2012
bob,0,28422442,1021,0.0038,0.2904,0.0037,,-1.0692,0.1988
bob,0,28390449,1022,-0.0021,0.2827,0.0031,,-1.0374,0.1966
bob,0,28399418,1022,0.0008,0.3232,0.0042,,-1.0655,0.2362
bob,0,28402154,1022,0.002,0.3259,0.0045,,-1.0486,0.2287
bob,0,28402564,1022,0.0022,0.3082,0.0037,,-1.0299,0.205
bob,0,28403676,1022,0.0007,0.2483,0.0029,,-1.0622,0.1656
bob,0,28404611,1022,0.0029,0.2739,0.0033,,-1.0446,0.1833
bob,0,28405439,1022,0.0008,0.2867,0.0037,,-1.0623,0.2083
bob,0,28407135,1022,0.0051,0.3058,0.0032,,-1.0622,0.191
bob,0,28407658,1022,-0.0018,0.235,0.0029,,-1.0609,0.1616
bob,0,28408316,1022,0.0002,0.2451,0.003,,-1.0555,0.1776
bob,0,28409910,1022,0.0011,0.246,0.0033,,-1.0498,0.1912
bob,0,28412910,1022,0.0064,0.3124,0.0045,,-1.084,0.2342
bob,0,28422442,1022,-0.0023,0.2582,0.0038,,-1.0523,0.1994
bob,0,28390449,1023,0.0124,0.3158,0.0036,,-1.0245,0.2114
bob,0,28399418,1023,-0.0001,0.2817,0.0036,,-1.0623,0.2045
bob,0,28402154,1023,0.001,0.2905,0.0036,,-1.0552,0.2055
bob,0,28402564,1023,0.0007,0.2931,0.0039,,-1.044,0.2105
bob,0,28403676,1023,0.0005,0.3125,0.0039,,-1.0367,0.2159
bob,0,28404611,1023,0.0032,0.2626,0.0035,,-1.066,0.2067
bob,0,28405439,1023,0.0037,0.2656,0.0032,,-1.0505,0.1968
bob,0,28407135,1023,0.0072,0.3345,0.0046,,-1.0585,0.2454
bob,0,28407658,1023,0.0028,0.3342,0.0039,,-1.0533,0.229
bob,0,28408316,1023,-0.0042,0.2953,0.0036,,-1.0642,0.2089
bob,0,28409910,1023,0.0042,0.2364,0.0034,,-1.0423,0.1796
bob,0,28412910,1023,0.0012,0.313,0.0038,,-1.0483,0.2141
bob,0,28422442,1023,-0.004,0.2917,0.0037,,-1.0382,0.2031
bob,0,28390449,1024,0.0013,0.2927,0.004,,-1.0592,0.2219
bob,0,28399418,1024,-0.0005,0.3114,0.0036,,-1.048,0.2058
bob,0,28402154,1024,0.0028,0.2734,0.0035,,-1.0612,0.1975
bob,0,28402564,1024,0.001,0.2485,0.0029,,-1.0452,0.1511
bob,0,28403676,1024,0.0012,0.3112,0.0041,,-1.0577,0.2396
bob,0,28404611,1024,0.0098,0.3091,0.0042,,-1.0438,0.2387
bob,0,28405439,1024,0.0062,0.3205,0.0045,,-1.0628,0.2394
bob,0,28407135,1024,-0.0019,0.2914,0.0037,,-1.0543,0.2193
bob,0,28407658,1024,0.0019,0.3299,0.0039,,-1.0693,0.2268
bob,0,28408316,1024,0.0014,0.3314,0.0039,,-1.0563,0.2323
bob,0,28409910,1024,0.0042,0.2952,0.0034,,-1.048,0.1894
bob,0,28412910,1024,0.0019,0.3375,0.0041,,-1.0455,0.2618
bob,0,28422442,1024,0.0012,0.2921,0.0035,,-1.0521,0.1887
bob,0,28390449,1025,0.0083,0.3033,0.0042,,-1.0382,0.2509
bob,0,28399418,1025,-0.0023,0.2781,0.0037,,-1.0649,0.2147
bob,0,28402154,1025,-0.0025,0.311,0.0039,,-1.0452,0.2117
bob,0,28402564,1025,0.0078,0.3425,0.0045,,-1.0414,0.24
bob,0,28403676,1025,-0.0024,0.3015,0.003,,-1.0504,0.2007
bob,0,28404611,1025,-0.0006,0.2917,0.0028,,-1.0494,0.1736
bob,0,28405439,1025,0.0039,0.2763,0.0039,,-1.0596,0.2326
bob,0,28407135,1025,0.0011,0.2707,0.0036,,-1.0694,0.1994
bob,0,28407658,1025,-0.0031,0.3238,0.0035,,-1.0492,0.2085
bob,0,28408316,1025,0.0005,0.2629,0.0032,,-1.0477,0.1932
bob,0,28409910,1025,0.009,0.311,0.0038,,-1.0563,0.2068
bob,0,28412910,1025,0.0005,0.2688,0.0029,,-1.0558,0.1729
bob,0,28422442,1025,0.0046,0.285,0.0038,,-1.0459,0.2037
bob,0,28390449,1026,-0.0046,0.3274,0.0037,,-1.0712,0.2246
bob,0,28399418,1026,0.0017,0.2892,0.0037,,-1.0507,0.1958
bob,0,28402154,1026,0.0024,0.3433,0.0045,,-1.0525,0.2414
bob,0,28402564,1026,0.0042,0.3119,0.0037,,-1.0642,0.2175
bob,0,28403676,1026,0.0049,0.2448,0.0029,,-1.0619,0.1651
bob,0,28404611,1026,-0.0002,0.2254,0.0025,,-1.0588,0.1405
bob,0,28405439,1026,0.002,0.3308,0.0046,,-1.0607,0.233
bob,0,28407135,1026,0.004,0.308,0.0046,,-1.0596,0.2524
bob,0,28407658,1026,-0.0019,0.2987,0.004,,-1.0713,0.2288
bob,0,28408316,1026,0.0055,0.3051,0.0042,,-1.0464,0.2145
bob,0,28409910,1026,0.0084,0.3047,0.0039,,-1.0432,0.2104
bob,0,28412910,1026,-0.0039,0.2614,0.0032,,-1.0624,0.1886
bob,0,28422442,1026,0.0075,0.2646,0.0033,,-1.0638,0.1804
bob,0,28390449,1027,0.0006,0.2928,0.0035,,-1.0572,0.2245
bob,0,28399418,1027,-0.002,0.2571,0.0035,,-1.0826,0.1921
bob,0,28402154,1027,0.0029,0.3341,0.0039,,-1.0584,0.2361
bob,0,28402564,1027,0.0,0.2596,0.0036,,-1.0561,0.1976
bob,0,28403676,1027,0.0041,0.2707,0.0035,,-1.0631,0.1994
bob,0,28404611,1027,0.0051,0.2787,0.0035,,-1.0529,0.2203
bob,0,28405439,1027,0.0012,0.2665,0.0035,,-1.0718,0.1815
bob,0,28407135,1027,-0.0037,0.3372,0.0042,,-1.0642,0.2266
bob,0,28407658,1027,-0.0017,0.2862,0.0032,,-1.0581,0.1761
bob,0,28408316,1027,0.0031,0.315,0.0034,,-1.0476,0.1967
bob,0,28409910,1027,0.0042,0.2997,0.004,,-1.0686,0.2154
bob,0,28412910,1027,0.0008,0.3225,0.0039,,-1.0653,0.2255
bob,0,28422442,1027,0.002,0.2774,0.0032,,-1.0485,0.1774
bob,0,28390449,1028,0.0004,0.3073,0.0037,,-1.0555,0.2045
bob,0,28399418,1028,0.0024,0.2461,0.0033,,-1.0572,0.1905
bob,0,28402154,1028,0.0007,0.2805,0.0038,,-1.0524,0.2177
bob,0,28402564,1028,-0.0033,0.2422,0.0029,,-1.0624,0.1635
bob,0,28403676,1028,0.0001,0.3477,0.0037,,-1.0633,0.217
bob,0,28404611,1028,0.0011,0.2687,0.003,,-1.0564,0.1801
bob,0,28405439,1028,-0.0015,0.2956,0.004,,-1.0511,0.2132
bob,0,28407135,1028,-0.0027,0.3396,0.0036,,-1.0521,0.2152
bob,0,28407658,1028,0.0003,0.3085,0.004,,-1.047,0.2209
bob,0,28408316,1028,0.0019,0.343,0.0037,,-1.0639,0.2222
bob,0,28409910,1028,-0.001,0.2912,0.0034,,-1.0438,0.1954
bob,0,28412910,1028,0.0042,0.2888,0.0041,,-1.0629,0.2215
bob,0,28422442,1028,0.003,0.3158,0.0039,,-1.071,0.2317
bob,0,28390449,1029,-0.0019,0.3,0.0035,,-1.0448,0.2032
bob,0,28399418,1029,-0.0015,0.2755,0.0028,,-1.0573,0.1661
bob,0,28402154,1029,-0.0015,0.3042,0.0035,,-1.0702,0.2183
bob,0,28402564,1029,-0.0007,0.2824,0.0036,,-1.0477,0.1988
bob,0,28403676,1029,0.0013,0.2539,0.0033,,-1.0614,0.1933
bob,0,28404611,1029,0.0047,0.3319,0.004,,-1.0502,0.2303
bob,0,28405439,1029,0.0,0.305,0.0037,,-1.044,0.217
bob,0,28407135,1029,0.0102,0.351,0.0042,,-1.0291,0.2443
bob,0,28407658,1029,-0.0083,0.3147,0.0029,,-1.0455,0.1881
bob,0,28408316,1029,-0.0037,0.2625,0.0032,,-1.0512,0.1879
bob,0,28409910,1029,0.0014,0.2958,0.0032,,-1.0476,0.1938
bob,0,28412910,1029,0.0004,0.2792,0.0036,,-1.0577,0.1944
bob,0,28422442,1029,0.0001,0.2936,0.0037,,-1.0476,0.2259
bob,0,28390449,1030,0.0035,0.324,0.0043,,-1.0521,0.2533
bob,0,28399418,1030,-0.0004,0.2968,0.0036,,-1.0561,0.2051
bob,0,28402154,1030,-0.0002,0.3786,0.0043,,-1.0543,0.2441
bob,0,28402564,1030,0.0034,0.2197,0.0025,,-1.0627,0.15
bob,0,28403676,1030,0.005,0.2982,0.0036,,-1.0458,0.2148
bob,0,28404611,1030,0.0005,0.3411,0.0042,,-1.063,0.2301
bob,0,28405439,1030,-0.0025,0.2817,0.0032,,-1.0541,0.1939
bob,0,28407135,1030,0.0004,0.2747,0.0036,,-1.0416,0.215
bob,0,28407658,1030,0.0015,0.2964,0.0042,,-1.0463,0.2345
bob,0,28408316,1030,0.0048,0.2996,0.0038,,-1.0366,0.2241
bob,0,28409910,1030,0.0065,0.2874,0.0038,,-1.0758,0.2222
bob,0,28412910,1030,0.0016,0.3478,0.004,,-1.0531,0.25
bob,0,28422442,1030,0.0021,0.2889,0.004,,-1.0425,0.2163
bob,0,28390449,1031,0.0026,0.3463,0.0043,,-1.0533,0.2451
bob,0,28399418,1031,0.008,0.3308,0.0044,,-1.0474,0.2321
bob,0,28402154,1031,0.01,0.2704,0.0031,,-1.0415,0.2136
bob,0,28402564,1031,0.0037,0.2642,0.003,,-1.0508,0.1699
bob,0,28403676,1031,0.0013,0.2415,0.0036,,-1.0611,0.1921
bob,0,28404611,1031,-0.0,0.2569,0.0033,,-1.0668,0.1812
bob,0,28405439,1031,0.0017,0.2959,0.0037,,-1.0657,0.2138
bob,0,28407135,1031,0.0057,0.2961,0.0045,,-1.0709,0.2416
bob,0,28407658,1031,-0.0021,0.2934,0.0028,,-1.0611,0.1828
bob,0,28408316,1031,-0.0018,0.2453,0.003,,-1.0539,0.173
bob,0,28409910,1031,0.0013,0.2937,0.0037,,-1.0454,0.2058
bob,0,28412910,1031,0.0013,0.29,0.0037,,-1.0516,0.214
bob,0,28422442,1031,-0.0074,0.2588,0.0025,,-1.0489,0.1419
bob,0,28390449,1032,-0.0009,0.3127,0.0043,,-1.0627,0.2483
bob,0,28399418,1032,0.002,0.2622,0.0029,,-1.0536,0.1796
bob,0,28402154,1032,0.0026,0.2784,0.0037,,-1.0503,0.2204
bob,0,28402564,1032,0.0025,0.2558,0.0033,,-1.0553,0.1917
bob,0,28403676,1032,0.0068,0.2895,0.0037,,-1.0495,0.2331
bob,0,28404611,1032,0.0036,0.2757,0.0035,,-1.0692,0.1967
bob,0,28405439,1032,0.004,0.2371,0.0028,,-1.0587,0.1749
bob,0,28407135,1032,0.0034,0.2993,0.0043,,-1.0623,0.2492
bob,0,28407658,1032,0.0014,0.2796,0.0031,,-1.0481,0.1812
bob,0,28408316,1032,0.0042,0.2864,0.0034,,-1.076,0.193
bob,0,28409910,1032,0.0065,0.3108,0.0039,,-1.0474,0.2386
bob,0,28412910,1032,0.0021,0.293,0.0033,,-1.0485,0.2067
bob,0,28422442,1032,-0.0006,0.2877,0.0037,,-1.064,0.215
bob,0,28390449,1033,0.0024,0.2976,0.0033,,-1.0454,0.2054
bob,0,28399418,1033,0.0037,0.2843,0.0036,,-1.0595,0.1981
bob,0,28402154,1033,0.0027,0.3359,0.0048,,-1.0395,0.2689
bob,0,28402564,1033,0.0013,0.2386,0.0033,,-1.0519,0.1908
bob,0,28403676,1033,0.0052,0.2858,0.0037,,-1.0531,0.2114
bob,0,28404611,1033,0.0048,0.2896,0.0036,,-1.0764,0.2173
bob,0,28405439,1033,0.0045,0.2584,0.003,,-1.037,0.1799
bob,0,28407135,1033,0.007,0.2991,0.0042,,-1.0742,0.2412
bob,0,28407658,1033,-0.0,0.3483,0.0043,,-1.0465,0.2492
bob,0,28408316,1033,0.0086,0.257,0.0036,,-1.0448,0.2143
bob,0,28409910,1033,0.0026,0.2959,0.0037,,-1.0627,0.2273
bob,0,28412910,1033,-0.0018,0.2373,0.0026,,-1.0545,0.1649
bob,0,28422442,1033,0.003,0.3089,0.004,,-1.0575,0.2029
bob,0,28390449,1034,0.0053,0.3135,0.0039,,-1.05,0.24
bob,0,28399418,1034,0.0025,0.3118,0.0036,,-1.0719,0.2026
bob,0,28402154,1034,0.0085,0.2774,0.0039,,-1.0605,0.2159
bob,0,28402564,1034,0.0066,0.2781,0.0036,,-1.0549,0.2026
bob,0,28403676,1034,0.0001,0.2767,0.0038,,-1.0516,0.2167
bob,0,28404611,1034,0.0109,0.3609,0.0052,,-1.0655,0.2822
bob,0,28405439,1034,0.0107,0.3641,0.0048,,-1.051,0.2587
bob,0,28407135,1034,0.0052,0.2942,0.0043,,-1.0585,0.2349
bob,0,28407658,1034,0.0024,0.2673,0.0033,,-1.0641,0.1929
bob,0,28408316,1034,-0.0001,0.2146,0.0028,,-1.0764,0.1564
bob,0,28409910,1034,0.0047,0.2879,0.004,,-1.0728,0.216
bob,0,28412910,1034,0.0051,0.3156,0.0037,,-1.0515,0.2125
bob,0,28422442,1034,0.0072,0.2825,0.0035,,-1.0343,0.195
bob,0,28390449,1035,0.0011,0.3348,0.0046,,-1.046,0.2554
bob,0,28399418,1035,-0.0038,0.2385,0.0027,,-1.0389,0.1625
bob,0,28402154,1035,0.0038,0.3012,0.0029,,-1.0473,0.1822
bob,0,28402564,1035,0.0022,0.2849,0.0038,,-1.066,0.2159
bob,0,28403676,1035,0.0033,0.2915,0.0039,,-1.0559,0.2054
bob,0,28404611,1035,0.0055,0.3379,0.0045,,-1.0508,0.2614
bob,0,28405439,1035,0.0029,0.3231,0.0042,,-1.0538,0.2525
bob,0,28407135,1035,0.0006,0.2597,0.0031,,-1.0516,0.1776
bob,0,28407658,1035,0.0028,0.2719,0.0035,,-1.0692,0.1961
bob,0,28408316,1035,0.009,0.2959,0.0037,,-1.0725,0.2098
bob,0,28409910,1035,0.0008,0.3115,0.0039,,-1.0501,0.219
bob,0,28412910,1035,0.0008,0.2433,0.0029,,-1.0458,0.1747
bob,0,28422442,1035,0.0049,0.2593,0.0033,,-1.0552,0.1897
bob,0,28390449,1036,0.0002,0.3217,0.0037,,-1.0501,0.2127
bob,0,28399418,1036,-0.0028,0.2873,0.0033,,-1.0628,0.1833
bob,0,28402154,1036,0.0013,0.2907,0.0039,,-1.0615,0.2167
bob,0,28402564,1036,-0.0033,0.2952,0.0032,,-1.0751,0.194
bob,0,28403676,1036,0.0046,0.2568,0.0037,,-1.0691,0.2122
bob,0,28404611,1036,-0.0027,0.2466,0.0034,,-1.0612,0.1931
bob,0,28405439,1036,-0.0007,0.2865,0.0035,,-1.057,0.2025
bob,0,28407135,1036,0.0035,0.328,0.0042,,-1.0444,0.2325
bob,0,28407658,1036,0.0073,0.2605,0.0033,,-1.0455,0.1807
bob,0,28408316,1036,0.0058,0.364,0.0045,,-1.0494,0.259
bob,0,28409910,1036,-0.0014,0.2468,0.003,,-1.0658,0.1905
bob,0,28412910,1036,0.0106,0.2502,0.0034,,-1.0537,0.2
bob,0,28422442,1036,0.0054,0.3157,0.0035,,-1.0553,0.2083
bob,0,28390449,1037,-0.0042,0.3109,0.0039,,-1.0603,0.219
bob,0,28399418,1037,-0.0003,0.3335,0.0036,,-1.073,0.2279
bob,0,28402154,1037,0.0039,0.3173,0.0037,,-1.0544,0.2267
bob,0,28402564,1037,-0.0017,0.2659,0.0029,,-1.0592,0.1684
bob,0,28403676,1037,0.0046,0.2462,0.0032,,-1.0557,0.1851
bob,0,28404611,1037,0.003,0.3632,0.0042,,-1.0589,0.2332
bob,0,28405439,1037,-0.0023,0.3204,0.004,,-1.0564,0.2243
bob,0,28407135,1037,0.0006,0.2842,0.0034,,-1.0664,0.1821
bob,0,28407658,1037,0.0061,0.2485,0.0027,,-1.0525,0.1753
bob,0,28408316,1037,0.0002,0.2441,0.0029,,-1.063,0.1799
bob,0,28409910,1037,0.0003,0.316,0.004,,-1.0629,0.2165
bob,0,28412910,1037,0.0018,0.2633,0.0026,,-1.0596,0.1536
bob,0,28422442,1037,-0.0031,0.2627,0.003,,-1.0494,0.193
bob,0,28390449,1038,-0.0091,0.3144,0.003,,-1.0526,0.1809
bob,0,28399418,1038,0.0016,0.2689,0.0033,,-1.0668,0.2034
bob,0,28402154,1038,0.0003,0.3118,0.0037,,-1.0608,0.24
bob,0,28402564,1038,0.0,0.2999,0.0031,,-1.0679,0.1743
bob,0,28403676,1038,0.0012,0.3168,0.0042,,-1.0621,0.2382
bob,0,28404611,1038,0.005,0.3107,0.0043,,-1.0528,0.2405
bob,0,28405439,1038,-0.0056,0.3012,0.003,,-1.0622,0.1609
bob,0,28407135,1038,0.0004,0.3028,0.0036,,-1.0373,0.2184
bob,0,28407658,1038,0.0075,0.2807,0.0039,,-1.0616,0.2166
bob,0,28408316,1038,-0.0004,0.2577,0.0031,,-1.0613,0.1703
bob,0,28409910,1038,0.0064,0.3491,0.005,,-1.0624,0.2767
bob,0,28412910,1038,0.0042,0.2824,0.0036,,-1.0588,0.195
bob,0,28422442,1038,0.0006,0.2655,0.0033,,-1.0391,0.183
bob,0,28390449,1039,0.0011,0.2871,0.0036,,-1.0571,0.22
bob,0,28399418,1039,0.0121,0.3449,0.0044,,-1.0481,0.269
bob,0,28402154,1039,-0.0011,0.2584,0.0031,,-1.0693,0.18
bob,0,28402564,1039,0.0006,0.2935,0.0037,,-1.0529,0.2154
bob,0,28403676,1039,0.0035,0.2716,0.0039,,-1.0496,0.2145
bob,0,28404611,1039,0.0029,0.264,0.0032,,-1.0519,0.1839
bob,0,28405439,1039,-0.002,0.3084,0.0035,,-1.0619,0.2077
bob,0,28407135,1039,0.0036,0.3154,0.0041,,-1.0494,0.2323
bob,0,28407658,1039,0.0067,0.2894,0.0036,,-1.0652,0.2138
bob,0,28408316,1039,0.0037,0.2985,0.0036,,-1.0629,0.214
bob,0,28409910,1039,0.0028,0.2859,0.0038,,-1.07,0.2129
bob,0,28412910,1039,0.0019,0.2499,0.0033,,-1.0633,0.1879
bob,0,28422442,1039,-0.0003,0.2801,0.0033,,-1.0532,0.2034
bob,0,28390449,1040,0.0027,0.2956,0.004,,-1.0622,0.2197
bob,0,28399418,1040,0.003,0.3251,0.004,,-1.0699,0.2322
bob,0,28402154,1040,0.0065,0.332,0.0043,,-1.0661,0.2484
bob,0,28402564,1040,-0.0015,0.274,0.0033,,-1.0498,0.1889
bob,0,28403676,1040,0.0033,0.2573,0.0032,,-1.0645,0.1903
bob,0,28404611,1040,0.001,0.3096,0.0038,,-1.053,0.2124
bob,0,28405439,1040,-0.0047,0.2908,0.0033,,-1.0631,0.196
bob,0,28407135,1040,0.0074,0.318,0.0044,,-1.0381,0.25
bob,0,28407658,1040,-0.0004,0.2764,0.0035,,-1.0538,0.2061
bob,0,28408316,1040,0.0092,0.3922,0.005,,-1.0402,0.2713
bob,0,28409910,1040,-0.0001,0.3207,0.0043,,-1.0696,0.2381
bob,0,28412910,1040,0.0037,0.269,0.0033,,-1.0654,0.1855
bob,0,28422442,1040,0.006,0.2701,0.0032,,-1.0472,0.1812
bob,0,28390449,1041,-0.001,0.285,0.0036,,-1.0533,0.2107
bob,0,28399418,1041,0.0015,0.2898,0.0039,,-1.0457,0.219
bob,0,28402154,1041,0.0034,0.3071,0.0043,,-1.0748,0.2462
bob,0,28402564,1041,0.0002,0.2645,0.0033,,-1.0666,0.1967
bob,0,28403676,1041,0.0084,0.3361,0.0045,,-1.0636,0.2416
bob,0,28404611,1041,0.0038,0.3022,0.0036,,-1.042,0.2211
bob,0,28405439,1041,0.0005,0.2995,0.0035,,-1.0683,0.2
bob,0,28407135,1041,0.006,0.2931,0.0039,,-1.0515,0.2215
bob,0,28407658,1041,0.0032,0.2842,0.0034,,-1.0466,0.1994
bob,0,28408316,1041,0.004,0.3009,0.0035,,-1.0776,0.2109
bob,0,28409910,1041,0.0011,0.3072,0.0035,,-1.0565,0.2066
bob,0,28412910,1041,-0.001,0.2591,0.003,,-1.0602,0.1749
bob,0,28422442,1041,0.0053,0.267,0.0036,,-1.0529,0.2066
bob,0,28390449,1042,0.0013,0.3252,0.0043,,-1.0621,0.2419
bob,0,28399418,1042,-0.0013,0.3208,0.0045,,-1.0575,0.2516
bob,0,28402154,1042,0.0061,0.3372,0.0042,,-1.0738,0.2324
bob,0,28402564,1042,0.007,0.2891,0.0039,,-1.0816,0.2055
bob,0,28403676,1042,0.0082,0.3228,0.0039,,-1.073,0.2439
bob,0,28404611,1042,0.0016,0.2968,0.0042,,-1.0786,0.2338
bob,0,28405439,1042,0.0011,0.3117,0.0039,,-1.0511,0.2102
bob,0,28407135,1042,-0.0011,0.294,0.0035,,-1.0646,0.1968
bob,0,28407658,1042,0.0083,0.3551,0.0045,,-1.0651,0.2476
bob,0,28408316,1042,0.0013,0.2666,0.0034,,-1.0661,0.218
bob,0,28409910,1042,0.0043,0.3297,0.0037,,-1.0566,0.2105
bob,0,28412910,1042,-0.004,0.3241,0.0043,,-1.0499,0.2331
bob,0,28422442,1042,0.0021,0.3156,0.0037,,-1.0599,0.2207
bob,0,28390449,1043,0.0043,0.2589,0.0035,,-1.0531,0.195
bob,0,28399418,1043,0.002,0.2905,0.0037,,-1.0524,0.2218
bob,0,28402154,1043,0.0033,0.2808,0.0037,,-1.0534,0.2167
bob,0,28402564,1043,0.0032,0.2832,0.0034,,-1.0717,0.1987
bob,0,28403676,1043,0.0024,0.3599,0.0041,,-1.0567,0.2389
bob,0,28404611,1043,0.0031,0.2713,0.0038,,-1.0611,0.2125
bob,0,28405439,1043,0.0123,0.3222,0.004,,-1.0545,0.2186
bob,0,28407135,1043,0.003,0.2489,0.0028,,-1.0603,0.1735
bob,0,28407658,1043,0.0086,0.2715,0.0043,,-1.0616,0.2386
bob,0,28408316,1043,0.0045,0.3094,0.0042,,-1.0697,0.2327
bob,0,28409910,1043,0.0049,0.3322,0.0041,,-1.0578,0.2557
bob,0,28412910,1043,-0.0011,0.298,0.0033,,-1.0649,0.1928
bob,0,28422442,1043,0.0072,0.3136,0.004,,-1.0647,0.2441
bob,0,28390449,1044,0.0029,0.3224,0.0039,,-1.0687,0.2255
bob,0,28399418,1044,0.003,0.2947,0.0039,,-1.0653,0.2108
bob,0,28402154,1044,0.0029,0.3074,0.0036,,-1.0644,0.2164
bob,0,28402564,1044,0.0066,0.3514,0.0045,,-1.0499,0.25
bob,0,28403676,1044,-0.0015,0.3071,0.0037,,-1.0549,0.2098
bob,0,28404611,1044,0.0049,0.3098,0.0039,,-1.0705,0.2157
bob,0,28405439,1044,0.0125,0.3274,0.0047,,-1.041,0.2439
bob,0,28407135,1044,0.004,0.3192,0.0036,,-1.0671,0.2051
bob,0,28407658,1044,0.0033,0.3102,0.004,,-1.0473,0.2246
bob,0,28408316,1044,0.0036,0.3329,0.004,,-1.0777,0.224
bob,0,28409910,1044,-0.0018,0.3175,0.0039,,-1.0722,0.2318
bob,0,28412910,1044,-0.0039,0.2886,0.0036,,-1.0566,0.2045
bob,0,28422442,1044,0.0035,0.3474,0.0044,,-1.0853,0.2614
bob,0,28390449,1045,0.0018,0.2625,0.0033,,-1.0518,0.186
bob,0,28399418,1045,0.0029,0.3648,0.0039,,-1.0669,0.2456
bob,0,28402154,1045,-0.0033,0.3105,0.004,,-1.0769,0.2375
bob,0,28402564,1045,0.0017,0.2996,0.0036,,-1.0642,0.2069
bob,0,28403676,1045,-0.0024,0.3496,0.0039,,-1.0571,0.2295
bob,0,28404611,1045,0.0092,0.3546,0.0037,,-1.0696,0.2282
bob,0,28405439,1045,0.0049,0.3362,0.0042,,-1.041,0.2467
bob,0,28407135,1045,0.0068,0.3055,0.0036,,-1.0654,0.2165
bob,0,28407658,1045,-0.0024,0.2745,0.0033,,-1.0586,0.1993
bob,0,28408316,1045,0.0033,0.2689,0.0033,,-1.0834,0.2
bob,0,28409910,1045,0.0002,0.2916,0.0037,,-1.0297,0.2211
bob,0,28412910,1045,0.0068,0.2929,0.0037,,-1.0656,0.223
bob,0,28422442,1045,-0.0011,0.352,0.004,,-1.0372,0.2373
bob,0,28390449,1046,0.0119,0.3009,0.004,,-1.0291,0.2152
bob,0,28399418,1046,-0.0011,0.2828,0.0038,,-1.0617,0.2109
bob,0,28402154,1046,-0.0049,0.3241,0.0038,,-1.0824,0.2212
bob,0,28402564,1046,0.0019,0.2769,0.0032,,-1.0401,0.193
bob,0,28403676,1046,0.0015,0.2819,0.003,,-1.0538,0.184
bob,0,28404611,1046,-0.001,0.309,0.004,,-1.0547,0.2258
bob,0,28405439,1046,0.0038,0.2447,0.003,,-1.0662,0.1743
bob,0,28407135,1046,0.0084,0.3033,0.0036,,-1.0489,0.2324
bob,0,28407658,1046,0.0065,0.2933,0.0039,,-1.0515,0.2099
bob,0,28408316,1046,0.0016,0.2803,0.0037,,-1.0554,0.2181
bob,0,28409910,1046,0.0031,0.3425,0.0046,,-1.0679,0.2508
bob,0,28412910,1046,-0.0027,0.3092,0.0034,,-1.0435,0.2153
bob,0,28422442,1046,-0.0065,0.3148,0.0042,,-1.066,0.2315
bob,0,28390449,1047,0.0012,0.2963,0.0038,,-1.0559,0.23
bob,0,28399418,1047,0.002,0.3354,0.0046,,-1.0376,0.2461
bob,0,28402154,1047,0.007,0.3246,0.0039,,-1.0484,0.2415
bob,0,28402564,1047,0.0027,0.2954,0.0035,,-1.0474,0.2053
bob,0,28403676,1047,0.0039,0.3283,0.0042,,-1.0617,0.2355
bob,0,28404611,1047,0.0032,0.3328,0.0039,,-1.0645,0.2277
bob,0,28405439,1047,0.0055,0.3069,0.004,,-1.0656,0.2117
bob,0,28407135,1047,0.0007,0.2974,0.0037,,-1.0376,0.2062
bob,0,28407658,1047,0.0023,0.2967,0.0033,,-1.0684,0.1894
bob,0,28408316,1047,0.0028,0.3035,0.004,,-1.0482,0.2262
bob,0,28409910,1047,0.008,0.3076,0.0045,,-1.0563,0.2394
bob,0,28412910,1047,0.0045,0.2977,0.0038,,-1.0491,0.2237
bob,0,28422442,1047,-0.0003,0.2909,0.0036,,-1.0673,0.2065
bob,0,28390449,1048,0.0027,0.3296,0.004,,-1.0465,0.2277
bob,0,28399418,1048,0.0031,0.2491,0.003,,-1.0358,0.1732
bob,0,28402154,1048,0.0015,0.2538,0.0033,,-1.0489,0.1943
bob,0,28402564,1048,0.005,0.2522,0.0036,,-1.057,0.1933
bob,0,28403676,1048,-0.0001,0.2694,0.003,,-1.067,0.1786
bob,0,28404611,1048,0.0022,0.3268,0.0047,,-1.0552,0.2796
bob,0,28405439,1048,0.0057,0.3152,0.0046,,-1.0683,0.2516
bob,0,28407135,1048,0.0069,0.3086,0.004,,-1.0671,0.2271
bob,0,28407658,1048,0.0011,0.2954,0.0029,,-1.0579,0.1949
bob,0,28408316,1048,0.0033,0.2752,0.0031,,-1.0586,0.1774
bob,0,28409910,1048,0.004,0.3101,0.0035,,-1.0648,0.2039
bob,0,28412910,1048,0.008,0.303,0.0042,,-1.0662,0.2291
bob,0,28422442,1048,0.0013,0.3061,0.0039,,-1.0642,0.2165
bob,0,28390449,1049,-0.0016,0.2969,0.004,,-1.0652,0.2141
bob,0,28399418,1049,0.0077,0.2804,0.0034,,-1.0342,0.2063
bob,0,28402154,1049,0.0051,0.2476,0.0034,,-1.0641,0.1838
bob,0,28402564,1049,-0.0005,0.2597,0.0029,,-1.0648,0.1609
bob,0,28403676,1049,0.0024,0.2968,0.0038,,-1.0559,0.2068
bob,0,28404611,1049,-0.0005,0.3103,0.0035,,-1.06,0.2067
bob,0,28405439,1049,0.0009,0.2946,0.0032,,-1.0508,0.1853
bob,0,28407135,1049,0.0002,0.2974,0.0036,,-1.0578,0.234
bob,0,28407658,1049,0.0053,0.2874,0.0035,,-1.053,0.2046
bob,0,28408316,1049,0.0,0.2634,0.0033,,-1.0634,0.1815
bob,0,28409910,1049,0.0037,0.259,0.0034,,-1.0644,0.2006
bob,0,28412910,1049,-0.0015,0.3053,0.0042,,-1.067,0.2386
bob,0,28422442,1049,0.0024,0.3334,0.0041,,-1.062,0.2219
bob,0,28390449,1050,0.0098,0.3257,0.0047,,-1.0534,0.2642
bob,0,28399418,1050,0.0051,0.258,0.0029,,-1.0549,0.1716
bob,0,28402154,1050,0.0075,0.2238,0.0024,,-1.0353,0.1429
bob,0,28402564,1050,-0.002,0.2451,0.0035,,-1.0727,0.2013
bob,0,28403676,1050,0.0033,0.283,0.0032,,-1.0542,0.2014
bob,0,28404611,1050,-0.0044,0.3359,0.0036,,-1.0436,0.2032
bob,0,28405439,1050,-0.0039,0.3012,0.004,,-1.0523,0.2212
bob,0,28407135,1050,0.0073,0.3378,0.004,,-1.055,0.2298
bob,0,28407658,1050,0.0033,0.2739,0.003,,-1.0448,0.1877
bob,0,28408316,1050,0.0018,0.2982,0.0042,,-1.0481,0.2147
bob,0,28409910,1050,0.0047,0.3737,0.0049,,-1.0534,0.2537
bob,0,28412910,1050,-0.0044,0.301,0.0037,,-1.0573,0.215
bob,0,28422442,1050,-0.0024,0.3138,0.004,,-1.0635,0.2431
bob,0,28390449,1051,0.0033,0.2803,0.004,,-1.043,0.2136
bob,0,28399418,1051,0.0043,0.2551,0.0031,,-1.0541,0.2
bob,0,28402154,1051,0.0082,0.3827,0.0052,,-1.0456,0.2932
bob,0,28402564,1051,0.0085,0.2784,0.0037,,-1.0553,0.2006
bob,0,28403676,1051,0.0001,0.3077,0.0039,,-1.0654,0.2132
bob,0,28404611,1051,-0.0063,0.3095,0.0041,,-1.058,0.2195
bob,0,28405439,1051,0.0019,0.2583,0.0033,,-1.0527,0.1967
bob,0,28407135,1051,0.001,0.2904,0.0036,,-1.0531,0.21
bob,0,28407658,1051,0.0047,0.3346,0.0036,,-1.061,0.2105
bob,0,28408316,1051,-0.0017,0.276,0.0029,,-1.0609,0.1788
bob,0,28409910,1051,0.0077,0.3466,0.0037,,-1.0449,0.2394
bob,0,28412910,1051,0.0105,0.275,0.0034,,-1.0415,0.2278
bob,0,28422442,1051,0.0014,0.3248,0.0043,,-1.0612,0.2333
bob,0,28390449,1052,-0.0015,0.2312,0.0028,,-1.0421,0.1678
bob,0,28399418,1052,0.0049,0.3421,0.0036,,-1.0479,0.2215
bob,0,28402154,1052,0.003,0.2997,0.0033,,-1.0692,0.1902
bob,0,28402564,1052,0.0061,0.328,0.0045,,-1.0604,0.2446
bob,0,28403676,1052,0.0105,0.3195,0.0043,,-1.0631,0.2484
bob,0,28404611,1052,-0.0065,0.3343,0.004,,-1.0627,0.2364
bob,0,28405439,1052,0.0035,0.3341,0.0045,,-1.0717,0.2423
bob,0,28407135,1052,-0.0003,0.2822,0.0035,,-1.0551,0.2117
bob,0,28407658,1052,-0.0035,0.2884,0.0036,,-1.0419,0.2117
bob,0,28408316,1052,0.0036,0.2796,0.0037,,-1.0629,0.212
bob,0,28409910,1052,0.0061,0.3432,0.0047,,-1.066,0.2637
bob,0,28412910,1052,0.0006,0.2961,0.0034,,-1.071,0.2174
bob,0,28422442,1052,0.0038,0.3203,0.0042,,-1.056,0.2387
bob,0,28390449,1053,-0.0023,0.2688,0.0036,,-1.0704,0.2013
bob,0,28399418,1053,0.0118,0.3491,0.0038,,-1.0317,0.2168
bob,0,28402154,1053,0.0033,0.3018,0.0037,,-1.0574,0.2318
bob,0,28402564,1053,0.0013,0.2949,0.0033,,-1.0775,0.1968
bob,0,28403676,1053,0.0048,0.2858,0.0037,,-1.058,0.1957
bob,0,28404611,1053,-0.0029,0.34,0.0044,,-1.0472,0.2419
bob,0,28405439,1053,0.0007,0.3057,0.0034,,-1.0651,0.2053
bob,0,28407135,1053,0.0012,0.3264,0.004,,-1.0476,0.2247
bob,0,28407658,1053,0.0074,0.2403,0.0032,,-1.0809,0.1851
bob,0,28408316,1053,0.0061,0.3396,0.0046,,-1.0727,0.2492
bob,0,28409910,1053,-0.0,0.3088,0.0042,,-1.041,0.2353
bob,0,28412910,1053,0.0027,0.3748,0.0042,,-1.0663,0.2403
bob,0,28422442,1053,-0.0007,0.3205,0.0036,,-1.0622,0.2165
bob,0,28390449,1054,0.0009,0.3179,0.0037,,-1.0544,0.1921
bob,0,28399418,1054,0.0088,0.3086,0.0037,,-1.0355,0.2157
bob,0,28402154,1054,0.0095,0.3255,0.004,,-1.0585,0.2351
bob,0,28402564,1054,-0.0052,0.3091,0.004,,-1.0796,0.2243
bob,0,28403676,1054,0.0006,0.2761,0.0033,,-1.0599,0.1875
bob,0,28404611,1054,-0.0014,0.27,0.0036,,-1.0453,0.1962
bob,0,28405439,1054,-0.0042,0.2996,0.0039,,-1.051,0.2321
bob,0,28407135,1054,0.0,0.2889,0.0039,,-1.0561,0.2288
bob,0,28407658,1054,0.0047,0.2859,0.0039,,-1.0508,0.2204
bob,0,28408316,1054,-0.0012,0.2915,0.0037,,-1.0558,0.2019
bob,0,28409910,1054,0.0017,0.3861,0.0047,,-1.0683,0.2658
bob,0,28412910,1054,-0.004,0.3219,0.0035,,-1.0531,0.2351
bob,0,28422442,1054,0.0023,0.3324,0.0043,,-1.064,0.2399
bob,0,28390449,1055,0.0098,0.3912,0.0047,,-1.052,0.278
bob,0,28399418,1055,-0.001,0.2677,0.0028,,-1.0598,0.165
bob,0,28402154,1055,-0.0006,0.2975,0.0037,,-1.0978,0.2102
bob,0,28402564,1055,0.0023,0.3657,0.0046,,-1.0519,0.2469
bob,0,28403676,1055,0.003,0.2717,0.0034,,-1.0669,0.1903
bob,0,28404611,1055,-0.0088,0.3442,0.0043,,-1.058,0.2373
bob,0,28405439,1055,0.008,0.3137,0.0043,,-1.0542,0.2275
bob,0,28407135,1055,0.0,0.3458,0.0039,,-1.0507,0.2178
bob,0,28407658,1055,0.0029,0.2409,0.0034,,-1.0565,0.1961
bob,0,28408316,1055,0.0025,0.2635,0.0031,,-1.0365,0.1795
bob,0,28409910,1055,0.0023,0.3189,0.0039,,-1.0703,0.2339
bob,0,28412910,1055,0.0042,0.2543,0.0036,,-1.058,0.2092
bob,0,28422442,1055,0.0043,0.3163,0.0037,,-1.069,0.2174
bob,0,28390449,1056,0.0014,0.3132,0.004,,-1.047,0.2267
bob,0,28399418,1056,0.0025,0.2782,0.0034,,-1.0434,0.1924
bob,0,28402154,1056,0.0072,0.2732,0.0039,,-1.0832,0.1936
bob,0,28402564,1056,-0.0007,0.2983,0.003,,-1.0543,0.1787
bob,0,28403676,1056,-0.0013,0.2801,0.0037,,-1.069,0.2018
bob,0,28404611,1056,-0.0054,0.3428,0.0043,,-1.0541,0.2346
bob,0,28405439,1056,0.0087,0.3263,0.0043,,-1.0642,0.242
bob,0,28407135,1056,-0.0018,0.3178,0.0038,,-1.0515,0.2129
bob,0,28407658,1056,0.0006,0.3094,0.0036,,-1.0512,0.2095
bob,0,28408316,1056,-0.0024,0.2708,0.0035,,-1.0458,0.1905
bob,0,28409910,1056,0.0013,0.3808,0.0044,,-1.0501,0.2394
bob,0,28412910,1056,0.0063,0.3293,0.0042,,-1.0681,0.2397
bob,0,28422442,1056,0.0091,0.3376,0.0049,,-1.0708,0.2699
bob,0,28390449,1057,-0.0009,0.348,0.0045,,-1.0603,0.2461
bob,0,28399418,1057,0.0053,0.3049,0.004,,-1.0386,0.2536
bob,0,28402154,1057,0.0015,0.3174,0.0043,,-1.0665,0.2256
bob,0,28402564,1057,0.007,0.313,0.0037,,-1.0393,0.224
bob,0,28403676,1057,0.0033,0.2954,0.004,,-1.0663,0.219
bob,0,28404611,1057,-0.0043,0.2989,0.0035,,-1.0838,0.2006
bob,0,28405439,1057,-0.0017,0.2795,0.0032,,-1.0569,0.2058
bob,0,28407135,1057,-0.0003,0.3111,0.0038,,-1.0647,0.2164
bob,0,28407658,1057,0.0009,0.3707,0.0042,,-1.0552,0.2552
bob,0,28408316,1057,0.0051,0.2529,0.0038,,-1.0636,0.2031
bob,0,28409910,1057,0.0025,0.32,0.0037,,-1.0558,0.2284
bob,0,28412910,1057,-0.0007,0.3165,0.0039,,-1.0734,0.2315
bob,0,28422442,1057,-0.0008,0.3358,0.0046,,-1.0535,0.2628
bob,0,28390449,1058,0.0079,0.3053,0.0048,,-1.0688,0.2569
bob,0,28399418,1058,-0.0023,0.266,0.0032,,-1.0465,0.183
bob,0,28402154,1058,0.0038,0.3119,0.004,,-1.0721,0.2197
bob,0,28402564,1058,0.0027,0.2768,0.0035,,-1.0523,0.2245
bob,0,28403676,1058,0.0035,0.3019,0.0041,,-1.0374,0.2475
bob,0,28404611,1058,0.0032,0.3027,0.0043,,-1.0679,0.2364
bob,0,28405439,1058,0.0048,0.3116,0.0045,,-1.0503,0.2439
bob,0,28407135,1058,0.0093,0.2807,0.004,,-1.0594,0.2229
bob,0,28407658,1058,-0.0011,0.2817,0.0035,,-1.0461,0.1981
bob,0,28408316,1058,0.0049,0.291,0.0041,,-1.0762,0.2351
bob,0,28409910,1058,0.0052,0.3643,0.0047,,-1.0681,0.2579
bob,0,28412910,1058,0.0009,0.2866,0.0028,,-1.0654,0.1656
bob,0,28422442,1058,-0.0076,0.3116,0.004,,-1.0687,0.2141
bob,0,28399418,1059,0.0022,0.3104,0.0037,,-1.0416,0.2212
bob,0,28402154,1059,0.0094,0.3668,0.0052,,-1.0656,0.2981
bob,0,28402564,1059,0.0009,0.2842,0.0032,,-1.0619,0.1846
bob,0,28403676,1059,-0.0025,0.3418,0.0037,,-1.0604,0.2095
bob,0,28404611,1059,0.0015,0.3526,0.0049,,-1.0645,0.256
bob,0,28405439,1059,0.0018,0.2991,0.0037,,-1.0574,0.2109
bob,0,28407135,1059,0.0024,0.3157,0.0043,,-1.0495,0.2256
bob,0,28407658,1059,0.0063,0.2788,0.0035,,-1.0665,0.2123
bob,0,28408316,1059,0.0016,0.2724,0.0036,,-1.0486,0.2097
bob,0,28409910,1059,-0.0012,0.3221,0.004,,-1.0513,0.2351
bob,0,28412910,1059,0.0058,0.3037,0.0037,,-1.0823,0.2145
bob,0,28422442,1059,0.0057,0.3243,0.0043,,-1.072,0.2446
bob,0,28399418,1060,0.0082,0.2956,0.0032,,-1.0567,0.2013
bob,0,28402154,1060,0.0024,0.2866,0.0037,,-1.0603,0.226
bob,0,28402564,1060,0.0026,0.2654,0.0028,,-1.0553,0.1761
bob,0,28403676,1060,0.0007,0.3427,0.0037,,-1.0681,0.2102
bob,0,28404611,1060,-0.0022,0.3267,0.0047,,-1.0638,0.2628
bob,0,28405439,1060,0.0064,0.3099,0.0041,,-1.0502,0.2392
bob,0,28407135,1060,0.005,0.2938,0.0038,,-1.0586,0.2212
bob,0,28407658,1060,0.0067,0.2855,0.0035,,-1.0523,0.2089
bob,0,28408316,1060,0.0064,0.317,0.004,,-1.0404,0.2303
bob,0,28409910,1060,0.0032,0.3642,0.0042,,-1.0774,0.2433
bob,0,28412910,1060,0.0034,0.3628,0.005,,-1.0654,0.2679
bob,0,28422442,1060,0.0054,0.3654,0.0054,,-1.0709,0.3074
bob,0,28399418,1061,0.0135,0.3197,0.0043,,-1.0577,0.2476
bob,0,28402154,1061,0.0006,0.3492,0.004,,-1.0484,0.2268
bob,0,28402564,1061,0.005,0.2633,0.003,,-1.0582,0.1852
bob,0,28403676,1061,-0.0001,0.3318,0.0039,,-1.0607,0.2274
bob,0,28404611,1061,0.0106,0.3973,0.0052,,-1.0522,0.2834
bob,0,28405439,1061,0.0064,0.3663,0.005,,-1.0549,0.279
bob,0,28407135,1061,0.0077,0.3475,0.0042,,-1.0546,0.2222
bob,0,28407658,1061,0.0062,0.3719,0.0048,,-1.0537,0.2783
bob,0,28408316,1061,-0.0028,0.2593,0.003,,-1.0349,0.1799
bob,0,28409910,1061,0.0052,0.2958,0.0037,,-1.0642,0.2124
bob,0,28412910,1061,0.0,0.3609,0.0043,,-1.0615,0.2445
bob,0,28422442,1061,0.0006,0.3262,0.0038,,-1.0488,0.2285
bob,0,28399418,1062,0.002,0.2776,0.0032,,-1.0598,0.2046
bob,0,28402154,1062,0.0075,0.3322,0.0039,,-1.0705,0.2204
bob,0,28402564,1062,0.01,0.3207,0.0042,,-1.0599,0.2412
bob,0,28403676,1062,-0.0044,0.2857,0.004,,-1.0457,0.2198
bob,0,28404611,1062,0.0003,0.3412,0.0039,,-1.066,0.2365
bob,0,28405439,1062,0.0054,0.3097,0.0037,,-1.0537,0.2013
bob,0,28407135,1062,0.0042,0.3152,0.0041,,-1.0691,0.2257
bob,0,28407658,1062,0.0015,0.3023,0.0037,,-1.0533,0.2154
bob,0,28408316,1062,0.0063,0.2983,0.0036,,-1.0717,0.2078
bob,0,28409910,1062,0.0029,0.3735,0.005,,-1.0379,0.2898
bob,0,28412910,1062,-0.0024,0.2642,0.003,,-1.0522,0.1693
bob,0,28422442,1062,0.0038,0.3378,0.0045,,-1.0564,0.2384
bob,0,28399418,1063,0.0047,0.2979,0.0039,,-1.0427,0.2226
bob,0,28402154,1063,0.0042,0.2905,0.0039,,-1.0676,0.227
bob,0,28402564,1063,0.0039,0.2277,0.0028,,-1.0638,0.1672
bob,0,28403676,1063,-0.0016,0.2811,0.0035,,-1.0463,0.1908
bob,0,28404611,1063,0.0027,0.3083,0.0036,,-1.055,0.2167
bob,0,28405439,1063,-0.0057,0.2974,0.0036,,-1.0616,0.1987
bob,0,28407135,1063,0.0023,0.2777,0.0036,,-1.062,0.2052
bob,0,28407658,1063,-0.0026,0.3035,0.0037,,-1.0489,0.2193
bob,0,28408316,1063,0.0002,0.2952,0.004,,-1.054,0.232
bob,0,28409910,1063,0.0008,0.3341,0.0043,,-1.0611,0.2368
bob,0,28412910,1063,0.0101,0.3337,0.0044,,-1.0526,0.2542
bob,0,28422442,1063,0.0062,0.3313,0.004,,-1.0571,0.2482
bob,0,28399418,1064,0.0027,0.3058,0.0043,,-1.0479,0.2484
bob,0,28402154,1064,0.0069,0.2631,0.0036,,-1.0742,0.1963
bob,0,28402564,1064,0.0093,0.2636,0.0033,,-1.048,0.1883
bob,0,28403676,1064,-0.0013,0.2841,0.0034,,-1.0429,0.1838
bob,0,28404611,1064,0.0076,0.2926,0.0039,,-1.0617,0.2282
bob,0,28405439,1064,0.0038,0.3045,0.0039,,-1.0712,0.2081
bob,0,28407135,1064,-0.0037,0.3165,0.0036,,-1.0643,0.1994
bob,0,28407658,1064,-0.0011,0.3014,0.004,,-1.0744,0.2156
bob,0,28408316,1064,-0.0045,0.3078,0.0036,,-1.0521,0.1916
bob,0,28409910,1064,-0.0004,0.342,0.0046,,-1.0531,0.2424
bob,0,28412910,1064,0.0059,0.291,0.0043,,-1.0603,0.255
bob,0,28422442,1064,0.0053,0.2822,0.004,,-1.0716,0.2389
bob,0,28399418,1065,0.0014,0.3081,0.004,,-1.0324,0.2278
bob,0,28402154,1065,0.0097,0.3416,0.0044,,-1.0694,0.2437
bob,0,28402564,1065,0.0108,0.2852,0.0033,,-1.0557,0.1973
bob,0,28403676,1065,0.0023,0.2986,0.0037,,-1.0584,0.211
bob,0,28404611,1065,0.002,0.328,0.0045,,-1.0574,0.254
bob,0,28405439,1065,0.0059,0.3077,0.0037,,-1.0472,0.2045
bob,0,28407135,1065,0.0044,0.3183,0.0039,,-1.0522,0.2127
bob,0,28407658,1065,0.0066,0.3236,0.004,,-1.0552,0.2229
bob,0,28408316,1065,0.0035,0.3287,0.004,,-1.0598,0.2396
bob,0,28409910,1065,0.0041,0.4085,0.0049,,-1.0564,0.2644
bob,0,28412910,1065,-0.0007,0.3476,0.0045,,-1.0651,0.2484
bob,0,28422442,1065,0.0044,0.3268,0.0041,,-1.0535,0.2351
bob,0,28399418,1066,0.0079,0.2593,0.0035,,-1.0629,0.1938
bob,0,28402154,1066,-0.0019,0.2749,0.0036,,-1.0566,0.1982
bob,0,28402564,1066,0.0118,0.3018,0.004,,-1.062,0.2296
bob,0,28403676,1066,0.0058,0.3273,0.0041,,-1.0615,0.2222
bob,0,28404611,1066,0.0033,0.3411,0.0043,,-1.0559,0.2468
bob,0,28405439,1066,0.0035,0.2293,0.0026,,-1.057,0.1638
bob,0,28407135,1066,-0.0078,0.3157,0.0036,,-1.0521,0.2078
bob,0,28407658,1066,0.0074,0.3241,0.0042,,-1.0505,0.2308
bob,0,28408316,1066,0.0022,0.2997,0.0036,,-1.0706,0.2058
bob,0,28409910,1066,0.0041,0.3427,0.0043,,-1.046,0.2568
bob,0,28412910,1066,0.0056,0.3248,0.0045,,-1.0558,0.2331
bob,0,28422442,1066,0.0001,0.38,0.0049,,-1.0637,0.2719
bob,0,28399418,1067,0.0051,0.2889,0.0042,,-1.0474,0.2239
bob,0,28402154,1067,0.0039,0.3168,0.0042,,-1.0647,0.2322
bob,0,28402564,1067,0.0054,0.3307,0.0033,,-1.0822,0.1891
bob,0,28403676,1067,0.0026,0.4034,0.0054,,-1.0574,0.276
bob,0,28404611,1067,-0.0054,0.3305,0.005,,-1.0634,0.2615
bob,0,28405439,1067,-0.0019,0.326,0.0036,,-1.065,0.2163
bob,0,28407135,1067,0.0016,0.2905,0.0039,,-1.0732,0.2062
bob,0,28407658,1067,-0.0014,0.3312,0.0042,,-1.0727,0.232
bob,0,28408316,1067,0.0022,0.289,0.0037,,-1.0515,0.2
bob,0,28409910,1067,0.0057,0.3526,0.004,,-1.0545,0.23
bob,0,28412910,1067,0.0013,0.3138,0.0042,,-1.0596,0.2461
bob,0,28422442,1067,0.0082,0.406,0.006,,-1.0552,0.3344
bob,0,28399418,1068,0.0051,0.2962,0.0035,,-1.0501,0.1917
bob,0,28402154,1068,0.0092,0.3567,0.0044,,-1.043,0.2558
bob,0,28402564,1068,0.0051,0.2731,0.0033,,-1.0606,0.2073
bob,0,28403676,1068,0.0057,0.3603,0.0051,,-1.0564,0.2762
bob,0,28404611,1068,0.0016,0.3085,0.0039,,-1.0708,0.2168
bob,0,28405439,1068,0.0018,0.3102,0.004,,-1.0602,0.2119
bob,0,28407135,1068,-0.0047,0.292,0.0036,,-1.0549,0.2074
bob,0,28407658,1068,-0.0014,0.2761,0.0037,,-1.0542,0.1844
bob,0,28408316,1068,0.0109,0.3292,0.0042,,-1.0553,0.2303
bob,0,28409910,1068,0.0032,0.379,0.0047,,-1.0836,0.2803
bob,0,28412910,1068,0.0024,0.2912,0.0037,,-1.0596,0.2154
bob,0,28422442,1068,0.0048,0.3308,0.0043,,-1.0752,0.2452
bob,0,28399418,1069,0.0002,0.2807,0.0037,,-1.0444,0.2159
bob,0,28402154,1069,-0.0031,0.3047,0.0033,,-1.0603,0.2
bob,0,28402564,1069,0.0058,0.2792,0.0034,,-1.07,0.1944
bob,0,28403676,1069,0.0097,0.3053,0.0043,,-1.0363,0.2229
bob,0,28404611,1069,0.0061,0.2848,0.0039,,-1.0524,0.2143
bob,0,28405439,1069,-0.0007,0.2836,0.0036,,-1.0813,0.2058
bob,0,28407135,1069,0.0054,0.3004,0.0038,,-1.0317,0.2268
bob,0,28407658,1069,0.0053,0.3159,0.0042,,-1.0682,0.2428
bob,0,28408316,1069,0.0026,0.2199,0.003,,-1.0686,0.1677
bob,0,28409910,1069,0.0094,0.3329,0.0043,,-1.0615,0.2703
bob,0,28412910,1069,0.0022,0.2481,0.0031,,-1.0353,0.1786
bob,0,28422442,1069,0.003,0.3223,0.0039,,-1.061,0.2368
bob,0,28399418,1070,0.0027,0.2302,0.0029,,-1.0542,0.1759
bob,0,28402154,1070,0.0047,0.3206,0.0042,,-1.0381,0.2434
bob,0,28402564,1070,0.0042,0.2774,0.0038,,-1.0718,0.2297
bob,0,28403676,1070,0.0047,0.3656,0.0045,,-1.0389,0.25
bob,0,28404611,1070,0.001,0.314,0.0043,,-1.0642,0.2312
bob,0,28405439,1070,0.0077,0.3272,0.0046,,-1.0639,0.2523
bob,0,28407135,1070,0.0047,0.3544,0.0043,,-1.0481,0.2419
bob,0,28407658,1070,0.0048,0.2833,0.0035,,-1.0499,0.1918
bob,0,28408316,1070,0.0023,0.2931,0.004,,-1.0516,0.2091
bob,0,28409910,1070,-0.0012,0.3033,0.004,,-1.0513,0.237
bob,0,28412910,1070,0.0099,0.3002,0.0036,,-1.0507,0.2098
bob,0,28422442,1070,-0.0018,0.3118,0.004,,-1.0664,0.2375
bob,0,28399418,1071,0.0018,0.262,0.0027,,-1.0421,0.1678
bob,0,28402154,1071,0.0068,0.2684,0.0035,,-1.0631,0.2114
bob,0,28402564,1071,0.005,0.297,0.0036,,-1.0474,0.214
bob,0,28403676,1071,-0.0027,0.3638,0.0039,,-1.0598,0.2362
bob,0,28404611,1071,0.0016,0.3126,0.0045,,-1.0545,0.231
bob,0,28405439,1071,0.0065,0.2967,0.0036,,-1.0524,0.1963
bob,0,28407135,1071,0.0041,0.3115,0.0042,,-1.0733,0.2349
bob,0,28407658,1071,0.0074,0.2528,0.0031,,-1.0573,0.1918
bob,0,28408316,1071,0.0048,0.3098,0.0035,,-1.0528,0.195
bob,0,28409910,1071,0.0064,0.3002,0.0038,,-1.0563,0.2177
bob,0,28412910,1071,0.0102,0.3775,0.0051,,-1.0498,0.2624
bob,0,28422442,1071,0.0023,0.3042,0.0039,,-1.0435,0.2105
bob,0,28399418,1072,0.0003,0.2699,0.0035,,-1.047,0.1949
bob,0,28402154,1072,0.0127,0.2768,0.0033,,-1.0597,0.1887
bob,0,28402564,1072,0.004,0.2797,0.0037,,-1.072,0.2152
bob,0,28403676,1072,-0.0014,0.3179,0.0039,,-1.05,0.2212
bob,0,28404611,1072,0.0099,0.3034,0.0043,,-1.0561,0.2427
bob,0,28405439,1072,0.0105,0.307,0.0043,,-1.0582,0.2319
bob,0,28407135,1072,0.0015,0.2733,0.003,,-1.0676,0.184
bob,0,28407658,1072,0.0058,0.2557,0.0036,,-1.0544,0.1916
bob,0,28408316,1072,0.0053,0.2749,0.0035,,-1.0581,0.1981
bob,0,28409910,1072,0.0061,0.3154,0.0043,,-1.0634,0.2334
bob,0,28412910,1072,-0.0019,0.2684,0.0037,,-1.0528,0.1944
bob,0,28422442,1072,-0.0013,0.2858,0.0034,,-1.0787,0.1923
bob,0,28399418,1073,0.004,0.2697,0.0034,,-1.0534,0.181
bob,0,28402154,1073,0.0116,0.3189,0.004,,-1.054,0.2264
bob,0,28402564,1073,0.0057,0.3686,0.0047,,-1.0672,0.2492
bob,0,28403676,1073,0.0002,0.3036,0.0032,,-1.066,0.2007
bob,0,28404611,1073,0.0026,0.2892,0.0043,,-1.0486,0.2255
bob,0,28405439,1073,-0.0052,0.3237,0.0042,,-1.0492,0.2389
bob,0,28407135,1073,-0.0005,0.3469,0.0042,,-1.0662,0.2379
bob,0,28407658,1073,-0.0013,0.2523,0.0029,,-1.069,0.1672
bob,0,28408316,1073,0.0086,0.3125,0.0046,,-1.0499,0.258
bob,0,28409910,1073,0.0068,0.3122,0.0042,,-1.0448,0.225
bob,0,28412910,1073,0.0005,0.2573,0.0032,,-1.0726,0.202
bob,0,28422442,1073,-0.0008,0.3374,0.0039,,-1.0484,0.2359
bob,0,28399418,1074,0.0162,0.3007,0.0043,,-1.051,0.2222
bob,0,28402154,1074,0.0086,0.2875,0.0034,,-1.0604,0.1959
bob,0,28402564,1074,0.0006,0.2547,0.0033,,-1.0622,0.2051
bob,0,28403676,1074,-0.0049,0.3546,0.0048,,-1.0628,0.2698
bob,0,28404611,1074,-0.0022,0.3181,0.0039,,-1.0554,0.2087
bob,0,28405439,1074,-0.0002,0.3159,0.0036,,-1.0632,0.2089
bob,0,28407135,1074,0.0013,0.2787,0.0039,,-1.0702,0.2233
bob,0,28407658,1074,0.0024,0.3,0.0035,,-1.0522,0.2071
bob,0,28408316,1074,0.0027,0.2861,0.0035,,-1.0496,0.2072
bob,0,28409910,1074,0.0095,0.3678,0.0049,,-1.0589,0.2553
bob,0,28412910,1074,0.0028,0.246,0.0032,,-1.0563,0.1717
bob,0,28422442,1074,0.0035,0.3399,0.0043,,-1.0637,0.2196
bob,0,28399418,1075,-0.0027,0.2524,0.0032,,-1.0607,0.1966
bob,0,28402154,1075,0.0073,0.3259,0.0044,,-1.0523,0.2429
bob,0,28402564,1075,-0.0013,0.2805,0.0035,,-1.0604,0.202
bob,0,28403676,1075,0.0016,0.3289,0.0042,,-1.0573,0.2475
bob,0,28404611,1075,-0.0029,0.2994,0.0034,,-1.0592,0.1893
bob,0,28405439,1075,0.0009,0.3277,0.0041,,-1.0507,0.2397
bob,0,28407135,1075,-0.0019,0.2634,0.0038,,-1.0816,0.208
bob,0,28407658,1075,0.0043,0.2981,0.004,,-1.0634,0.2336
bob,0,28408316,1075,0.001,0.3116,0.0033,,-1.0608,0.1941
bob,0,28409910,1075,0.0081,0.3065,0.0045,,-1.0557,0.2469
bob,0,28412910,1075,0.0131,0.3368,0.004,,-1.0579,0.2336
bob,0,28422442,1075,0.0088,0.2833,0.004,,-1.0662,0.2244
bob,0,28399418,1076,0.0011,0.2734,0.0032,,-1.0528,0.1967
bob,0,28402154,1076,-0.0006,0.3014,0.0036,,-1.0659,0.2065
bob,0,28402564,1076,0.0019,0.3223,0.0039,,-1.068,0.2197
bob,0,28403676,1076,0.0089,0.3217,0.0047,,-1.0481,0.2477
bob,0,28404611,1076,-0.0036,0.2688,0.0033,,-1.0662,0.1974
bob,0,28405439,1076,0.0018,0.291,0.0039,,-1.0667,0.217
bob,0,28407135,1076,0.0001,0.2656,0.0032,,-1.0602,0.1798
bob,0,28407658,1076,-0.0035,0.276,0.003,,-1.0491,0.1818
bob,0,28408316,1076,-0.0026,0.3012,0.0036,,-1.0722,0.1933
bob,0,28409910,1076,0.0076,0.2746,0.0033,,-1.0479,0.1897
bob,0,28412910,1076,0.0067,0.2485,0.0038,,-1.0373,0.1994
bob,0,28422442,1076,0.0046,0.3707,0.0045,,-1.0539,0.2422
bob,0,28399418,1077,0.0019,0.2489,0.003,,-1.0593,0.1852
bob,0,28402154,1077,0.0068,0.3431,0.0043,,-1.0493,0.2308
bob,0,28402564,1077,0.0071,0.2795,0.0037,,-1.0581,0.2098
bob,0,28403676,1077,0.0026,0.2947,0.0043,,-1.0569,0.2284
bob,0,28404611,1077,0.0042,0.3606,0.0047,,-1.0607,0.2434
bob,0,28405439,1077,0.0059,0.3024,0.0044,,-1.0503,0.2251
bob,0,28407135,1077,0.0016,0.306,0.0039,,-1.0484,0.2338
bob,0,28407658,1077,-0.0,0.2665,0.0034,,-1.0572,0.1758
bob,0,28408316,1077,0.0049,0.3177,0.0036,,-1.0561,0.2155
bob,0,28409910,1077,0.0025,0.299,0.0046,,-1.0427,0.261
bob,0,28412910,1077,0.0134,0.3141,0.0045,,-1.0415,0.2332
bob,0,28422442,1077,0.0052,0.338,0.0045,,-1.0598,0.2387
bob,0,28399418,1078,0.0036,0.2977,0.0035,,-1.0591,0.1875
bob,0,28402154,1078,0.0043,0.3292,0.0042,,-1.0717,0.2525
bob,0,28402564,1078,0.0067,0.3214,0.004,,-1.0431,0.2347
bob,0,28403676,1078,0.0065,0.3499,0.0045,,-1.0619,0.2415
bob,0,28404611,1078,0.0087,0.407,0.0047,,-1.0553,0.2687
bob,0,28405439,1078,0.0028,0.3558,0.0047,,-1.0658,0.244
bob,0,28407135,1078,0.009,0.3149,0.0043,,-1.0426,0.2193
bob,0,28407658,1078,-0.0008,0.2727,0.0031,,-1.0652,0.1821
bob,0,28408316,1078,0.0111,0.3983,0.0047,,-1.0539,0.2748
bob,0,28409910,1078,0.0072,0.2659,0.0036,,-1.0537,0.2006
bob,0,28412910,1078,-0.0016,0.2453,0.0031,,-1.0734,0.175
bob,0,28422442,1078,0.0038,0.2888,0.0045,,-1.0551,0.2463
bob,0,28399418,1079,0.0016,0.3364,0.0042,,-1.0703,0.2329
bob,0,28402154,1079,-0.0008,0.3093,0.0042,,-1.0578,0.232
bob,0,28402564,1079,0.0046,0.2771,0.004,,-1.0666,0.2391
bob,0,28403676,1079,0.0086,0.3111,0.004,,-1.0712,0.2361
bob,0,28404611,1079,-0.0011,0.329,0.0038,,-1.0685,0.2161
bob,0,28405439,1079,0.0049,0.3679,0.0049,,-1.06,0.2593
bob,0,28407135,1079,0.0022,0.3201,0.0043,,-1.0389,0.2193
bob,0,28407658,1079,0.0016,0.3129,0.0039,,-1.0439,0.2248
bob,0,28408316,1079,-0.0016,0.344,0.0037,,-1.0551,0.2357
bob,0,28409910,1079,-0.0034,0.2786,0.0037,,-1.0495,0.2
bob,0,28412910,1079,0.0006,0.2533,0.0032,,-1.0624,0.1895
bob,0,28422442,1079,-0.0019,0.3555,0.0039,,-1.0557,0.2138
bob,0,28399418,1080,-0.0003,0.259,0.0039,,-1.0506,0.2163
bob,0,28402154,1080,-0.0042,0.2994,0.0033,,-1.0569,0.2153
bob,0,28402564,1080,-0.0003,0.3071,0.0048,,-1.0535,0.253
bob,0,28403676,1080,0.0007,0.2483,0.0036,,-1.0832,0.1898
bob,0,28404611,1080,0.0041,0.3261,0.0043,,-1.067,0.2378
bob,0,28405439,1080,-0.0037,0.3278,0.004,,-1.0575,0.2202
bob,0,28407135,1080,0.0014,0.3075,0.0042,,-1.0462,0.2226
bob,0,28407658,1080,0.0051,0.3087,0.0042,,-1.0587,0.2153
bob,0,28408316,1080,0.0025,0.3425,0.0045,,-1.0675,0.229
bob,0,28409910,1080,0.0104,0.3326,0.0048,,-1.0601,0.2546
bob,0,28412910,1080,0.0023,0.3321,0.0045,,-1.0583,0.2382
bob,0,28422442,1080,0.0011,0.3233,0.0041,,-1.0476,0.2378
bob,0,28399418,1081,0.0027,0.2892,0.0036,,-1.0632,0.2033
bob,0,28402154,1081,-0.0048,0.2949,0.0033,,-1.0518,0.1934
bob,0,28402564,1081,0.0036,0.3054,0.0044,,-1.0592,0.2348
bob,0,28403676,1081,0.0006,0.2821,0.004,,-1.0721,0.2253
bob,0,28404611,1081,0.0005,0.3744,0.0043,,-1.0484,0.2533
bob,0,28405439,1081,-0.0017,0.3084,0.0037,,-1.0599,0.2018
bob,0,28407135,1081,-0.0011,0.3251,0.0043,,-1.0403,0.2282
bob,0,28407658,1081,0.004,0.2923,0.0032,,-1.0692,0.1895
bob,0,28408316,1081,0.0036,0.3192,0.0042,,-1.0507,0.2435
bob,0,28409910,1081,0.0139,0.4687,0.0053,,-1.0515,0.2965
bob,0,28412910,1081,0.0007,0.2509,0.0034,,-1.0641,0.1691
bob,0,28422442,1081,-0.0007,0.2996,0.0038,,-1.06,0.2271
bob,0,28399418,1082,0.0038,0.3271,0.0043,,-1.0415,0.2435
bob,0,28402154,1082,0.005,0.324,0.0042,,-1.0634,0.2508
bob,0,28402564,1082,0.0069,0.3165,0.0042,,-1.0469,0.2357
bob,0,28403676,1082,0.0069,0.275,0.0036,,-1.0725,0.1963
bob,0,28404611,1082,-0.0003,0.3056,0.0041,,-1.0615,0.2376
bob,0,28405439,1082,0.0041,0.3013,0.0035,,-1.0363,0.1934
bob,0,28407135,1082,0.0096,0.3199,0.0042,,-1.0564,0.2186
bob,0,28407658,1082,0.0024,0.2706,0.0039,,-1.053,0.2061
bob,0,28408316,1082,0.0024,0.3141,0.004,,-1.0634,0.2254
bob,0,28409910,1082,-0.0008,0.3185,0.004,,-1.0708,0.2136
bob,0,28412910,1082,0.0045,0.3125,0.0044,,-1.0656,0.2229
bob,0,28422442,1082,0.01,0.3228,0.0046,,-1.0382,0.2523
bob,0,28399418,1083,0.0075,0.376,0.0052,,-1.0678,0.2747
bob,0,28402154,1083,0.0036,0.2852,0.0041,,-1.0611,0.2178
bob,0,28402564,1083,0.0062,0.3246,0.0048,,-1.0606,0.2644
bob,0,28403676,1083,0.0068,0.3159,0.0044,,-1.0496,0.25
bob,0,28404611,1083,0.0101,0.3556,0.0053,,-1.0485,0.2901
bob,0,28405439,1083,0.0026,0.3086,0.0039,,-1.0592,0.2012
bob,0,28407135,1083,-0.0025,0.2915,0.0037,,-1.051,0.2308
bob,0,28407658,1083,0.0077,0.3062,0.0045,,-1.0629,0.2364
bob,0,28408316,1083,0.0056,0.3483,0.004,,-1.0457,0.244
bob,0,28409910,1083,0.004,0.3044,0.0046,,-1.0696,0.2434
bob,0,28412910,1083,0.0036,0.3689,0.0045,,-1.0476,0.2591
bob,0,28422442,1083,0.007,0.3332,0.0045,,-1.0471,0.2468
bob,0,28399418,1084,-0.0016,0.3428,0.004,,-1.0689,0.2389
bob,0,28402154,1084,-0.0019,0.3058,0.004,,-1.049,0.2368
bob,0,28402564,1084,0.0035,0.2613,0.0032,,-1.0183,0.1832
bob,0,28403676,1084,0.0066,0.2774,0.0039,,-1.0609,0.2092
bob,0,28404611,1084,-0.0012,0.3545,0.0048,,-1.0693,0.2698
bob,0,28405439,1084,0.0002,0.2805,0.0035,,-1.0735,0.1957
bob,0,28407135,1084,0.0027,0.3525,0.0047,,-1.0514,0.2586
bob,0,28407658,1084,0.0002,0.3372,0.0044,,-1.0595,0.2405
bob,0,28408316,1084,-0.0031,0.3385,0.0042,,-1.0574,0.2329
bob,0,28409910,1084,0.004,0.2945,0.0037,,-1.0562,0.2208
bob,0,28412910,1084,0.011,0.3566,0.0051,,-1.057,0.2741
bob,0,28422442,1084,0.0029,0.2672,0.004,,-1.0452,0.2175
bob,0,28399418,1085,0.0024,0.2873,0.0036,,-1.0625,0.2013
bob,0,28402154,1085,0.0008,0.3046,0.0041,,-1.0607,0.2253
bob,0,28402564,1085,0.0035,0.3026,0.0041,,-1.0636,0.2052
bob,0,28403676,1085,0.0048,0.2861,0.0041,,-1.067,0.2373
bob,0,28404611,1085,0.001,0.3353,0.0045,,-1.0564,0.2388
bob,0,28405439,1085,0.0033,0.3219,0.0046,,-1.0444,0.2395
bob,0,28407135,1085,0.0038,0.3587,0.0051,,-1.0482,0.2977
bob,0,28407658,1085,0.0069,0.2338,0.0035,,-1.0667,0.184
bob,0,28408316,1085,0.0026,0.3052,0.0036,,-1.0577,0.211
bob,0,28409910,1085,0.0058,0.2661,0.0037,,-1.0396,0.2215
bob,0,28412910,1085,0.0075,0.2792,0.004,,-1.0537,0.2202
bob,0,28422442,1085,0.0013,0.3485,0.0046,,-1.0496,0.247
bob,0,28399418,1086,-0.0004,0.2628,0.0029,,-1.0622,0.1875
bob,0,28402154,1086,0.0009,0.2907,0.0039,,-1.0649,0.2308
bob,0,28402564,1086,0.0115,0.2648,0.0037,,-1.0539,0.1988
bob,0,28403676,1086,0.0057,0.334,0.0035,,-1.0598,0.2034
bob,0,28404611,1086,0.0008,0.3215,0.0038,,-1.0512,0.2429
bob,0,28405439,1086,-0.0012,0.2796,0.0039,,-1.0526,0.2099
bob,0,28407135,1086,-0.003,0.3435,0.005,,-1.0686,0.2769
bob,0,28407658,1086,0.0026,0.2412,0.0035,,-1.0719,0.1976
bob,0,28408316,1086,-0.0025,0.2879,0.0036,,-1.0648,0.214
bob,0,28409910,1086,0.0024,0.3226,0.004,,-1.0392,0.2517
bob,0,28412910,1086,0.0015,0.2684,0.0035,,-1.0549,0.1975
bob,0,28422442,1086,0.0053,0.3165,0.0039,,-1.0594,0.2285
bob,0,28399418,1087,0.005,0.2835,0.0035,,-1.0691,0.2027
bob,0,28402154,1087,0.0006,0.3003,0.0038,,-1.0683,0.1971
bob,0,28402564,1087,0.0105,0.3188,0.0043,,-1.0592,0.2256
bob,0,28403676,1087,0.0016,0.2561,0.0037,,-1.0644,0.2159
bob,0,28404611,1087,0.0063,0.2767,0.0042,,-1.0603,0.2358
bob,0,28405439,1087,0.0051,0.3318,0.0045,,-1.06,0.2285
bob,0,28407135,1087,0.007,0.3234,0.0048,,-1.0534,0.2493
bob,0,28407658,1087,0.0024,0.3013,0.0039,,-1.048,0.2156
bob,0,28408316,1087,0.0043,0.2661,0.0035,,-1.0734,0.1921
bob,0,28409910,1087,0.0026,0.3431,0.0039,,-1.0578,0.2215
bob,0,28412910,1087,0.0048,0.3516,0.0046,,-1.0627,0.2685
bob,0,28422442,1087,0.0042,0.3804,0.0046,,-1.0552,0.266
bob,0,28399418,1088,-0.004,0.2962,0.0035,,-1.0692,0.2145
bob,0,28402154,1088,0.0117,0.3191,0.0046,,-1.0462,0.2404
bob,0,28402564,1088,-0.0006,0.3073,0.0036,,-1.0463,0.2131
bob,0,28403676,1088,0.0042,0.3056,0.0041,,-1.0645,0.2149
bob,0,28404611,1088,0.0078,0.3677,0.0053,,-1.0409,0.2875
bob,0,28405439,1088,0.0007,0.2827,0.0037,,-1.0598,0.2127
bob,0,28407135,1088,0.0,0.3738,0.0052,,-1.0532,0.2879
bob,0,28407658,1088,0.0066,0.3434,0.0045,,-1.0376,0.2358
bob,0,28408316,1088,0.005,0.3301,0.0043,,-1.0658,0.2395
bob,0,28409910,1088,0.0025,0.3291,0.0046,,-1.0663,0.2462
bob,0,28412910,1088,-0.0008,0.3318,0.0042,,-1.045,0.228
bob,0,28422442,1088,0.001,0.3076,0.0042,,-1.0374,0.2293
bob,0,28399418,1089,0.0095,0.3438,0.0043,,-1.058,0.2484
bob,0,28402154,1089,0.0047,0.3582,0.0058,,-1.048,0.3152
bob,0,28402564,1089,-0.0007,0.3205,0.0044,,-1.06,0.2297
bob,0,28403676,1089,0.005,0.3049,0.0044,,-1.0537,0.2461
bob,0,28404611,1089,0.0018,0.3647,0.005,,-1.0575,0.2825
bob,0,28405439,1089,-0.0062,0.3181,0.0036,,-1.0456,0.2161
bob,0,28407135,1089,-0.0069,0.3338,0.0033,,-1.0406,0.1922
bob,0,28407658,1089,0.0048,0.2975,0.0037,,-1.0501,0.2207
bob,0,28408316,1089,0.0013,0.3068,0.0041,,-1.0728,0.2158
bob,0,28409910,1089,0.0102,0.3219,0.0044,,-1.0502,0.2387
bob,0,28412910,1089,0.0064,0.2738,0.0041,,-1.0591,0.2202
bob,0,28422442,1089,0.0018,0.2692,0.0035,,-1.0704,0.1826
bob,0,28399418,1090,0.005,0.3142,0.004,,-1.0484,0.2308
bob,0,28402154,1090,0.0042,0.3225,0.0043,,-1.0537,0.2193
bob,0,28402564,1090,0.0062,0.3124,0.0044,,-1.0402,0.242
bob,0,28403676,1090,0.0138,0.2934,0.0042,,-1.0458,0.2119
bob,0,28404611,1090,-0.0018,0.271,0.0043,,-1.0448,0.2298
bob,0,28405439,1090,0.0021,0.2928,0.0037,,-1.069,0.2086
bob,0,28407135,1090,-0.0045,0.2963,0.0036,,-1.0609,0.1963
bob,0,28407658,1090,0.0044,0.2858,0.0032,,-1.041,0.1845
bob,0,28408316,1090,0.0081,0.2877,0.004,,-1.0424,0.2264
bob,0,28409910,1090,0.0019,0.2959,0.004,,-1.0641,0.2117
bob,0,28412910,1090,0.0074,0.3082,0.005,,-1.0421,0.243
bob,0,28422442,1090,0.0024,0.2973,0.0045,,-1.0676,0.2432
bob,0,28399418,1091,0.0031,0.29,0.0035,,-1.0608,0.1993
bob,0,28402154,1091,0.0034,0.3146,0.0043,,-1.0392,0.2384
bob,0,28402564,1091,0.002,0.2461,0.0031,,-1.053,0.1714
bob,0,28403676,1091,0.0051,0.3091,0.0042,,-1.0446,0.2256
bob,0,28404611,1091,-0.0013,0.2752,0.004,,-1.0553,0.2185
bob,0,28405439,1091,0.0051,0.3575,0.005,,-1.0576,0.283
bob,0,28407135,1091,-0.0056,0.3455,0.0032,,-1.0697,0.2
bob,0,28407658,1091,0.006,0.2862,0.0045,,-1.053,0.2524
bob,0,28408316,1091,0.0022,0.2802,0.0037,,-1.1003,0.1994
bob,0,28409910,1091,0.0108,0.3614,0.0046,,-1.0725,0.2579
bob,0,28412910,1091,0.0069,0.3159,0.0045,,-1.0654,0.2431
bob,0,28422442,1091,0.0014,0.2526,0.0035,,-1.0576,0.1934
bob,0,28399418,1092,0.0078,0.3255,0.0042,,-1.0678,0.2386
bob,0,28402154,1092,0.0074,0.3003,0.0046,,-1.0588,0.233
bob,0,28402564,1092,-0.003,0.2722,0.0036,,-1.0493,0.2058
bob,0,28403676,1092,0.0001,0.3163,0.004,,-1.0389,0.2212
bob,0,28404611,1092,0.0066,0.375,0.0054,,-1.0506,0.3015
bob,0,28405439,1092,0.0014,0.3546,0.0045,,-1.0518,0.2547
bob,0,28407135,1092,-0.0039,0.267,0.0037,,-1.0426,0.2178
bob,0,28407658,1092,0.0018,0.2537,0.0031,,-1.0481,0.1877
bob,0,28408316,1092,0.0006,0.305,0.0036,,-1.0419,0.2175
bob,0,28409910,1092,0.0101,0.3583,0.0046,,-1.0597,0.2572
bob,0,28412910,1092,-0.002,0.3101,0.0037,,-1.0421,0.2068
bob,0,28422442,1092,0.001,0.2596,0.0032,,-1.0456,0.1853
bob,0,28399418,1093,0.0027,0.2522,0.0029,,-1.0528,0.1751
bob,0,28402154,1093,-0.0024,0.2803,0.0036,,-1.057,0.1931
bob,0,28402564,1093,0.0095,0.283,0.0042,,-1.0391,0.2362
bob,0,28403676,1093,-0.0031,0.3483,0.0037,,-1.041,0.2092
bob,0,28404611,1093,-0.0049,0.296,0.0042,,-1.0457,0.2209
bob,0,28405439,1093,0.0027,0.2882,0.0036,,-1.0744,0.1976
bob,0,28407135,1093,0.0007,0.3401,0.0042,,-1.0569,0.2308
bob,0,28407658,1093,0.0013,0.3011,0.0039,,-1.0534,0.2054
bob,0,28408316,1093,0.0026,0.2975,0.0037,,-1.0538,0.2152
bob,0,28409910,1093,0.0083,0.3376,0.0047,,-1.0518,0.2561
bob,0,28412910,1093,-0.0054,0.3155,0.0033,,-1.0516,0.1857
bob,0,28422442,1093,0.005,0.2896,0.0039,,-1.0584,0.2147
bob,0,28399418,1094,0.0056,0.3084,0.0043,,-1.0505,0.2252
bob,0,28402154,1094,0.0051,0.3205,0.004,,-1.0723,0.2163
bob,0,28402564,1094,0.0018,0.2868,0.004,,-1.0581,0.2107
bob,0,28403676,1094,-0.0005,0.2945,0.0035,,-1.056,0.1923
bob,0,28404611,1094,0.0017,0.3243,0.0042,,-1.0575,0.2226
bob,0,28405439,1094,0.0015,0.3628,0.0047,,-1.0748,0.25
bob,0,28407135,1094,0.0052,0.3737,0.0046,,-1.0619,0.2447
bob,0,28407658,1094,-0.0038,0.2929,0.0037,,-1.0582,0.2092
bob,0,28408316,1094,0.0031,0.3637,0.0037,,-1.0741,0.2138
bob,0,28409910,1094,-0.0013,0.2868,0.0034,,-1.0391,0.204
bob,0,28412910,1094,-0.0028,0.3103,0.004,,-1.0533,0.2293
bob,0,28422442,1094,0.0012,0.2321,0.0029,,-1.0596,0.1661
bob,0,28399418,1095,0.0008,0.2855,0.0031,,-1.0528,0.1809
bob,0,28402154,1095,0.0006,0.2844,0.0035,,-1.069,0.2115
bob,0,28402564,1095,0.0027,0.2677,0.0037,,-1.0599,0.2178
bob,0,28403676,1095,0.002,0.3423,0.0047,,-1.0684,0.2333
bob,0,28404611,1095,-0.0009,0.3294,0.0042,,-1.0544,0.2327
bob,0,28405439,1095,0.0034,0.3123,0.0042,,-1.0697,0.2253
bob,0,28407135,1095,0.0004,0.3036,0.004,,-1.0442,0.2199
bob,0,28407658,1095,0.0031,0.2962,0.004,,-1.0516,0.2145
bob,0,28408316,1095,-0.0021,0.313,0.0042,,-1.052,0.2239
bob,0,28409910,1095,0.0015,0.3184,0.0043,,-1.0501,0.2317
bob,0,28412910,1095,-0.001,0.2921,0.0037,,-1.0613,0.2138
bob,0,28422442,1095,0.0013,0.2532,0.0033,,-1.0497,0.178
bob,0,28399418,1096,0.0096,0.3147,0.0041,,-1.049,0.2308
bob,0,28402154,1096,0.0005,0.3145,0.0043,,-1.0519,0.2301
bob,0,28402564,1096,0.0008,0.2319,0.0027,,-1.0473,0.1551
bob,0,28403676,1096,0.0023,0.3012,0.0043,,-1.0503,0.238
bob,0,28404611,1096,0.0074,0.2708,0.0035,,-1.0305,0.2067
bob,0,28405439,1096,0.0044,0.2787,0.0039,,-1.0749,0.2018
bob,0,28407135,1096,-0.0007,0.3468,0.004,,-1.0649,0.2338
bob,0,28407658,1096,0.0038,0.3106,0.0042,,-1.0466,0.2266
bob,0,28408316,1096,-0.0002,0.2968,0.0038,,-1.0417,0.2134
bob,0,28409910,1096,0.0025,0.3377,0.004,,-1.056,0.2364
bob,0,28412910,1096,0.0075,0.2815,0.0037,,-1.0466,0.1913
bob,0,28422442,1096,0.0047,0.2536,0.0035,,-1.0651,0.1928
bob,0,28399418,1097,0.004,0.2935,0.0038,,-1.0515,0.2068
bob,0,28402154,1097,-0.0004,0.3095,0.0038,,-1.0921,0.2277
bob,0,28402564,1097,0.0033,0.258,0.0032,,-1.0573,0.1873
bob,0,28403676,1097,0.0031,0.3355,0.0043,,-1.0497,0.2406
bob,0,28404611,1097,-0.0003,0.2825,0.0037,,-1.0631,0.2062
bob,0,28405439,1097,0.0009,0.327,0.0039,,-1.0434,0.2018
bob,0,28407135,1097,0.0003,0.3153,0.0043,,-1.0533,0.2298
bob,0,28407658,1097,-0.0025,0.2898,0.004,,-1.062,0.216
bob,0,28408316,1097,0.0031,0.2675,0.0038,,-1.0465,0.2166
bob,0,28409910,1097,-0.0007,0.317,0.0042,,-1.0679,0.2287
bob,0,28412910,1097,0.0099,0.3067,0.0041,,-1.0396,0.2303
bob,0,28422442,1097,0.0019,0.3502,0.0049,,-1.0776,0.2651
bob,0,28399418,1098,0.0032,0.2615,0.0037,,-1.0721,0.2185
bob,0,28402154,1098,0.0074,0.3187,0.0048,,-1.0719,0.2698
bob,0,28402564,1098,0.0041,0.2989,0.0037,,-1.0505,0.2
bob,0,28403676,1098,0.0016,0.3094,0.0038,,-1.0692,0.2293
bob,0,28404611,1098,0.0071,0.2877,0.0037,,-1.043,0.2069
bob,0,28405439,1098,0.0035,0.3472,0.0049,,-1.0723,0.2493
bob,0,28407135,1098,0.0035,0.316,0.0045,,-1.0598,0.2621
bob,0,28407658,1098,0.0031,0.2936,0.0033,,-1.0663,0.1909
bob,0,28408316,1098,0.0017,0.3265,0.0042,,-1.0611,0.2209
bob,0,28409910,1098,0.0056,0.3513,0.005,,-1.0666,0.2705
bob,0,28412910,1098,0.005,0.2663,0.0035,,-1.0373,0.1987
bob,0,28422442,1098,0.0005,0.3104,0.0049,,-1.0548,0.2396
bob,0,28399418,1099,0.002,0.3022,0.0035,,-1.0368,0.2026
bob,0,28402154,1099,0.0025,0.3414,0.0041,,-1.0501,0.2424
bob,0,28402564,1099,0.0068,0.2532,0.0033,,-1.0777,0.1902
bob,0,28403676,1099,0.0066,0.3485,0.0045,,-1.0302,0.2468
bob,0,28404611,1099,-0.001,0.2906,0.003,,-1.0392,0.1957
bob,0,28405439,1099,-0.0015,0.2836,0.0036,,-1.0475,0.2077
bob,0,28407135,1099,0.0005,0.3078,0.0038,,-1.037,0.1982
bob,0,28407658,1099,0.0074,0.3638,0.0043,,-1.0561,0.2428
bob,0,28408316,1099,0.0104,0.322,0.0042,,-1.0664,0.2308
bob,0,28409910,1099,-0.0033,0.2931,0.0039,,-1.0425,0.2233
bob,0,28412910,1099,0.0064,0.2408,0.003,,-1.0365,0.1735
bob,0,28422442,1099,0.0018,0.2762,0.004,,-1.0674,0.2154
bob,0,28399418,1100,0.0036,0.288,0.0037,,-1.0476,0.2044
bob,0,28402154,1100,0.0123,0.3307,0.0048,,-1.0835,0.2553
bob,0,28402564,1100,0.0037,0.2506,0.0031,,-1.0755,0.1779
bob,0,28403676,1100,-0.0016,0.2641,0.0034,,-1.0481,0.2019
bob,0,28404611,1100,0.0015,0.2479,0.0032,,-1.0389,0.1735
bob,0,28405439,1100,0.0024,0.3441,0.0044,,-1.0686,0.2185
bob,0,28407135,1100,0.0045,0.3137,0.0045,,-1.0379,0.2283
bob,0,28407658,1100,0.0036,0.3232,0.0047,,-1.0502,0.2356
bob,0,28408316,1100,0.0033,0.2865,0.0037,,-1.0524,0.2114
bob,0,28409910,1100,0.011,0.2906,0.0035,,-1.0438,0.195
bob,0,28412910,1100,0.004,0.2453,0.0034,,-1.0603,0.1981
bob,0,28422442,1100,0.0089,0.3303,0.0045,,-1.0415,0.2294
bob,0,28399418,1101,0.0093,0.3025,0.0036,,-1.0279,0.2103
bob,0,28402154,1101,0.0036,0.3286,0.0043,,-1.0565,0.2301
bob,0,28402564,1101,0.0003,0.3013,0.0039,,-1.0696,0.216
bob,0,28403676,1101,0.0006,0.2525,0.0033,,-1.053,0.1798
bob,0,28404611,1101,-0.0001,0.2937,0.0037,,-1.0556,0.1982
bob,0,28405439,1101,-0.0024,0.3137,0.0045,,-1.0517,0.2388
bob,0,28407135,1101,0.008,0.3398,0.005,,-1.0422,0.263
bob,0,28407658,1101,0.002,0.2988,0.0045,,-1.036,0.2301
bob,0,28408316,1101,0.0031,0.3732,0.0052,,-1.0393,0.2695
bob,0,28409910,1101,0.0121,0.3176,0.0053,,-1.0647,0.2778
bob,0,28412910,1101,0.0047,0.3058,0.004,,-1.0584,0.2053
bob,0,28422442,1101,-0.0015,0.3553,0.0045,,-1.0642,0.2654
bob,0,28399418,1102,-0.0005,0.3002,0.0032,,-1.065,0.1917
bob,0,28402154,1102,0.0054,0.3535,0.0048,,-1.0505,0.2595
bob,0,28402564,1102,0.0027,0.2696,0.0034,,-1.0633,0.1954
bob,0,28403676,1102,0.004,0.3397,0.0044,,-1.0617,0.2349
bob,0,28404611,1102,-0.001,0.2468,0.0025,,-1.0562,0.1438
bob,0,28405439,1102,0.0019,0.3082,0.0045,,-1.0625,0.2319
bob,0,28407135,1102,0.0047,0.3296,0.0038,,-1.0609,0.2152
bob,0,28407658,1102,0.0052,0.2991,0.0047,,-1.0483,0.2388
bob,0,28408316,1102,0.0034,0.3,0.004,,-1.0591,0.2147
bob,0,28409910,1102,0.0042,0.3115,0.0039,,-1.0537,0.2226
bob,0,28412910,1102,-0.0002,0.2845,0.0039,,-1.0457,0.216
bob,0,28422442,1102,0.0041,0.3007,0.0046,,-1.0762,0.2382
bob,0,28399418,1103,0.0028,0.282,0.0036,,-1.0614,0.2018
bob,0,28402154,1103,0.0024,0.3532,0.0048,,-1.0726,0.2652
bob,0,28402564,1103,0.0006,0.2597,0.0035,,-1.0528,0.1906
bob,0,28403676,1103,0.0011,0.2677,0.0033,,-1.0609,0.1841
bob,0,28404611,1103,0.0063,0.2911,0.0037,,-1.0563,0.2207
bob,0,28405439,1103,0.005,0.3286,0.0055,,-1.0741,0.2659
bob,0,28407135,1103,0.004,0.2939,0.0039,,-1.0566,0.2372
bob,0,28407658,1103,0.0005,0.2991,0.0043,,-1.061,0.2197
bob,0,28408316,1103,0.0037,0.2706,0.0039,,-1.0525,0.2115
bob,0,28409910,1103,0.0082,0.3532,0.0049,,-1.0498,0.2393
bob,0,28412910,1103,0.0023,0.2583,0.0035,,-1.0501,0.1962
bob,0,28422442,1103,0.0013,0.3337,0.0046,,-1.0481,0.2418
bob,0,28399418,1104,0.0037,0.2507,0.0032,,-1.0527,0.1727
bob,0,28402154,1104,-0.0015,0.2834,0.0039,,-1.0464,0.2201
bob,0,28402564,1104,0.0042,0.3155,0.0039,,-1.0407,0.2115
bob,0,28403676,1104,0.0089,0.3561,0.0047,,-1.0479,0.2546
bob,0,28404611,1104,-0.0003,0.3214,0.0037,,-1.0609,0.2018
bob,0,28405439,1104,0.0,0.3376,0.0045,,-1.0486,0.24
bob,0,28407135,1104,0.0048,0.3255,0.0045,,-1.0758,0.2407
bob,0,28407658,1104,-0.002,0.3135,0.0043,,-1.0346,0.2187
bob,0,28408316,1104,0.0001,0.3174,0.0043,,-1.054,0.2353
bob,0,28409910,1104,0.0064,0.3249,0.0049,,-1.0694,0.2607
bob,0,28412910,1104,0.0072,0.3598,0.0047,,-1.0556,0.2384
bob,0,28422442,1104,0.0052,0.2707,0.0038,,-1.0669,0.219
bob,0,28399418,1105,0.0032,0.2595,0.0036,,-1.0564,0.21
bob,0,28402154,1105,0.0069,0.3027,0.0046,,-1.0585,0.2523
bob,0,28402564,1105,-0.0021,0.3312,0.0036,,-1.0379,0.1927
bob,0,28403676,1105,0.0016,0.2818,0.0036,,-1.035,0.211
bob,0,28404611,1105,0.0046,0.3358,0.0044,,-1.0304,0.25
bob,0,28405439,1105,0.0118,0.2962,0.0045,,-1.0626,0.2203
bob,0,28407135,1105,0.0081,0.3339,0.0045,,-1.0671,0.2476
bob,0,28407658,1105,0.0097,0.3432,0.0047,,-1.0473,0.2463
bob,0,28408316,1105,-0.0007,0.3307,0.004,,-1.0513,0.2323
bob,0,28409910,1105,0.003,0.3346,0.0047,,-1.0502,0.2538
bob,0,28412910,1105,0.0003,0.3431,0.0048,,-1.0587,0.2553
bob,0,28422442,1105,0.0117,0.3406,0.0052,,-1.0596,0.2643
bob,0,28399418,1106,0.0103,0.3226,0.0043,,-1.0598,0.2219
bob,0,28402154,1106,0.0012,0.2688,0.0033,,-1.0431,0.1966
bob,0,28402564,1106,0.0069,0.2812,0.0042,,-1.0597,0.2229
bob,0,28403676,1106,0.0062,0.3198,0.0043,,-1.0565,0.2282
bob,0,28404611,1106,0.0059,0.3085,0.0042,,-1.0608,0.2196
bob,0,28405439,1106,0.007,0.3148,0.0049,,-1.0672,0.2589
bob,0,28407135,1106,0.0093,0.3264,0.005,,-1.0364,0.2588
bob,0,28407658,1106,0.0055,0.3323,0.0046,,-1.053,0.2548
bob,0,28408316,1106,0.0032,0.3424,0.0046,,-1.0628,0.253
bob,0,28409910,1106,-0.0018,0.3524,0.0045,,-1.0791,0.2346
bob,0,28412910,1106,0.0024,0.314,0.0046,,-1.0648,0.2402
bob,0,28422442,1106,0.001,0.323,0.0048,,-1.0515,0.2681
bob,0,28399418,1107,0.0021,0.3174,0.0035,,-1.0669,0.2177
bob,0,28402154,1107,0.0002,0.3341,0.0043,,-1.0688,0.2336
bob,0,28402564,1107,0.0056,0.247,0.0036,,-1.0427,0.1988
bob,0,28403676,1107,0.0053,0.3038,0.0036,,-1.0539,0.1933
bob,0,28404611,1107,0.0102,0.3374,0.0049,,-1.0633,0.2456
bob,0,28405439,1107,0.0018,0.3262,0.0045,,-1.0541,0.2611
bob,0,28407135,1107,0.0073,0.3212,0.004,,-1.0418,0.2254
bob,0,28407658,1107,0.0045,0.3606,0.0043,,-1.0594,0.2516
bob,0,28408316,1107,0.0004,0.301,0.0036,,-1.077,0.1987
bob,0,28412910,1107,0.0022,0.2825,0.0039,,-1.0531,0.2012
bob,0,28422442,1107,0.0023,0.3105,0.0042,,-1.0549,0.2232
bob,0,28402154,1108,0.0036,0.3561,0.0053,,-1.0629,0.2811
bob,0,28403676,1108,0.0056,0.2813,0.0035,,-1.0607,0.181
bob,0,28404611,1108,0.0054,0.294,0.004,,-1.0682,0.2099
bob,0,28407135,1108,-0.0019,0.323,0.0041,,-1.0472,0.2277
bob,0,28407658,1108,0.005,0.2785,0.0039,,-1.0751,0.2212
bob,0,28408316,1108,-0.0009,0.3322,0.0045,,-1.0574,0.2401
bob,0,28412910,1108,0.0003,0.3231,0.0042,,-1.0544,0.2459
bob,0,28422442,1108,-0.0017,0.3038,0.0035,,-1.0744,0.1813
