pushes,success,goal_x,goal_y,goal_z,goal_yaw,final_x,final_y,final_z,err_pos,err_rot
1,False,-0.278,0.33,0.02,1.794,0.037,0.545,0.063,0.384,1.571
1,False,0.239,0.619,0.02,2.233,0.306,0.562,0.073,0.103,1.255
1,False,0.089,0.349,0.02,0.904,-0.051,0.574,0.058,0.267,2.043
3,False,-0.253,0.531,0.02,0.683,-0.001,0.297,0.0,0.345,1.482
3,False,0.337,0.359,0.02,5.761,-0.026,0.438,-0.0,0.371,2.769
3,False,-0.04,0.631,0.02,2.615,0.172,0.287,0.0,0.404,1.75
3,False,-0.387,0.467,0.02,0.274,-0.143,0.654,-0.0,0.308,1.962
3,False,0.048,0.34,0.02,2.625,-0.026,0.587,0.0,0.258,2.427
3,False,0.367,0.58,0.02,0.942,-0.004,0.576,-0.0,0.372,2.924
3,False,-0.167,0.456,0.02,4.616,0.032,0.553,0.0,0.222,0.649
2,False,-0.327,0.669,0.02,4.808,-0.006,0.821,0.075,0.36,3.142
3,False,0.149,0.489,0.02,5.554,0.048,0.586,-0.0,0.141,0.121
3,False,0.142,0.688,0.02,4.403,-0.156,0.552,0.0,0.328,1.196
3,False,0.139,0.675,0.02,4.216,-0.04,0.527,0.0,0.233,0.405
3,False,0.333,0.413,0.02,2.501,-0.067,0.493,0.0,0.408,0.085
3,False,0.291,0.415,0.02,5.212,0.103,0.515,0.0,0.214,3.133
3,False,0.22,0.678,0.02,5.176,0.164,0.566,-0.0,0.126,1.615
3,False,-0.121,0.365,0.02,5.389,-0.003,0.494,0.0,0.176,2.249
3,False,-0.368,0.317,0.02,1.807,-0.011,0.411,0.0,0.37,0.463
3,False,0.09,0.589,0.02,4.765,0.041,0.501,0.0,0.103,1.168
3,False,-0.22,0.674,0.02,3.205,0.086,0.647,0.0,0.307,0.164
3,False,0.267,0.445,0.02,4.967,0.053,0.496,0.0,0.221,1.681
3,False,-0.197,0.55,0.02,1.58,0.004,0.51,0.0,0.206,1.46
3,False,0.253,0.351,0.02,5.684,0.028,0.353,0.0,0.226,1.303
3,False,-0.055,0.564,0.02,6.05,-0.259,0.302,0.0,0.333,2.192
3,False,-0.077,0.625,0.02,5.978,-0.045,0.29,0.0,0.336,2.78
3,False,0.126,0.636,0.02,4.197,0.0,0.511,0.0,0.178,0.968
3,False,-0.245,0.642,0.02,2.832,-0.0,0.5,0.0,0.284,0.312
3,False,0.005,0.307,0.02,2.777,0.055,0.294,0.0,0.055,2.418
3,False,-0.21,0.471,0.02,4.58,-0.007,0.602,0.0,0.243,2.325
3,False,0.054,0.492,0.02,0.565,-0.075,0.559,-0.0,0.147,2.663
3,False,0.371,0.567,0.02,2.12,0.131,0.583,0.0,0.241,1.492
3,False,-0.127,0.487,0.02,0.986,-0.224,0.39,0.0,0.139,2.565
3,False,-0.085,0.438,0.02,3.36,0.183,0.427,0.0,0.269,1.93
3,False,-0.149,0.68,0.02,4.431,-0.0,0.5,-0.0,0.235,1.289
3,False,0.34,0.302,0.02,2.107,0.019,0.522,0.0,0.39,1.123
3,False,-0.22,0.509,0.02,4.352,0.017,0.503,0.0,0.238,1.162
3,False,-0.002,0.403,0.02,1.726,-0.027,0.415,0.0,0.034,0.304
3,False,0.253,0.481,0.02,3.556,0.121,0.559,0.0,0.156,0.321
3,False,0.304,0.654,0.02,1.45,-0.005,0.479,0.0,0.356,1.917
3,False,0.299,0.645,0.02,2.823,0.0,0.5,-0.0,0.333,0.323
3,False,0.115,0.508,0.02,5.495,-0.174,0.255,0.0,0.385,1.263
3,False,-0.271,0.483,0.02,4.613,-0.023,0.232,-0.0,0.354,1.648
3,False,-0.104,0.564,0.02,1.013,-0.084,0.47,0.0,0.098,0.88
3,False,-0.231,0.304,0.02,3.524,0.444,0.701,-0.0,0.783,0.227
3,False,0.366,0.312,0.02,1.88,0.102,0.543,0.0,0.351,0.677
3,False,-0.094,0.533,0.02,3.602,0.0,0.5,0.0,0.102,0.46
3,False,-0.115,0.664,0.02,1.769,0.262,0.37,0.0,0.479,2.073
3,False,-0.106,0.649,0.02,4.309,-0.112,0.498,0.0,0.153,0.714
3,False,0.183,0.538,0.02,2.253,0.15,0.288,0.0,0.253,1.532
3,False,-0.183,0.527,0.02,1.093,0.0,0.5,0.0,0.186,2.048
3,False,0.082,0.621,0.02,5.968,0.005,0.552,0.0,0.106,2.853
3,False,-0.187,0.534,0.02,4.751,0.011,0.498,0.0,0.202,1.445
3,False,0.173,0.301,0.02,1.544,-0.0,0.5,0.0,0.265,1.6
3,False,-0.223,0.598,0.02,6.117,0.148,0.34,0.0,0.453,1.701
3,False,-0.077,0.445,0.02,3.407,-0.008,0.469,0.0,0.075,0.197
3,False,-0.3,0.533,0.02,4.735,-0.173,0.661,0.0,0.182,0.164
3,False,-0.1,0.564,0.02,3.624,-0.291,0.461,0.0,0.218,0.157
3,False,-0.047,0.444,0.02,4.866,0.178,0.437,0.0,0.226,2.583
3,False,-0.245,0.592,0.02,0.22,-0.23,0.524,-0.0,0.072,2.711
3,False,0.321,0.571,0.02,5.708,0.141,0.462,0.0,0.211,2.851
3,False,-0.211,0.462,0.02,0.193,-0.198,0.617,-0.0,0.157,2.981
3,False,-0.131,0.666,0.02,2.837,-0.131,0.381,-0.0,0.286,1.157
3,False,-0.213,0.654,0.02,0.969,-0.05,0.562,-0.0,0.188,2.567
3,False,-0.377,0.498,0.02,2.539,0.348,0.449,0.0,0.727,0.415
3,False,0.071,0.358,0.02,4.72,-0.006,0.504,0.0,0.166,1.576
3,False,0.37,0.377,0.02,3.499,0.051,0.586,0.0,0.382,0.65
3,False,-0.363,0.66,0.02,6.004,0.066,0.533,0.0,0.447,2.669
3,False,0.131,0.571,0.02,3.736,-0.121,0.644,0.0,0.264,0.286
3,False,-0.217,0.564,0.02,0.01,0.056,0.481,0.0,0.286,2.075
3,False,-0.152,0.551,0.02,2.36,0.028,0.445,-0.0,0.209,0.329
3,False,-0.224,0.46,0.02,0.894,-0.167,0.713,-0.0,0.26,2.353
3,False,0.392,0.692,0.02,1.914,-0.0,0.5,-0.0,0.437,1.228
3,False,0.002,0.514,0.02,0.277,-0.0,0.5,-0.0,0.025,2.866
3,False,-0.066,0.34,0.02,1.358,-0.045,0.51,0.0,0.172,2.873
3,False,-0.289,0.644,0.02,3.122,-0.04,0.167,0.0,0.539,1.351
3,False,0.349,0.435,0.02,4.799,0.0,0.499,0.0,0.355,1.661
3,False,0.216,0.598,0.02,5.604,0.029,0.544,-0.0,0.195,2.778
3,False,0.143,0.421,0.02,0.068,0.005,0.63,0.0,0.252,3.069
3,False,-0.092,0.363,0.02,3.768,0.0,0.5,0.0,0.166,0.626
3,False,-0.185,0.525,0.02,5.105,0.044,0.718,0.0,0.301,0.66
3,False,0.235,0.462,0.02,1.435,0.135,0.386,0.056,0.131,2.558
3,False,0.14,0.37,0.02,0.547,0.109,0.444,0.0,0.082,1.518
3,False,-0.116,0.68,0.02,2.732,0.027,0.526,0.0,0.211,0.127
3,False,0.2,0.53,0.02,3.236,0.041,0.523,0.0,0.16,0.543
3,False,0.06,0.363,0.02,3.873,0.338,0.795,0.0,0.514,2.414
3,False,0.167,0.306,0.02,5.695,-0.217,0.72,0.0,0.565,2.354
3,False,-0.084,0.661,0.02,2.538,-0.012,0.482,0.0,0.195,1.274
3,False,0.308,0.427,0.02,2.311,-0.257,0.326,0.0,0.574,2.171
3,False,0.397,0.557,0.02,4.63,-0.272,0.229,0.0,0.745,1.031
3,False,-0.332,0.685,0.02,2.974,-0.017,0.559,0.0,0.34,0.251
3,False,0.289,0.628,0.02,3.262,-0.212,0.447,0.0,0.533,2.432
3,False,-0.074,0.359,0.02,4.454,0.005,0.509,-0.0,0.17,1.181
3,False,-0.275,0.593,0.02,4.315,0.05,0.486,0.0,0.343,1.637
3,False,-0.182,0.555,0.02,3.443,0.084,0.574,0.0,0.267,0.104
3,False,0.32,0.415,0.02,6.198,0.012,0.509,0.0,0.323,3.027
3,False,-0.051,0.585,0.02,1.89,-0.145,0.586,0.0,0.096,2.643
1,False,0.02,0.651,0.02,2.148,0.016,0.691,0.051,0.051,3.018
3,False,-0.351,0.486,0.02,1.563,-0.012,0.506,0.0,0.34,3.02
3,False,-0.166,0.697,0.02,2.68,-0.472,0.683,-0.0,0.307,0.45
3,False,-0.388,0.695,0.02,1.664,-0.004,0.528,0.0,0.42,1.667
3,False,0.02,0.465,0.02,1.971,-0.094,0.529,0.0,0.132,0.836
3,False,0.281,0.604,0.02,1.059,0.0,0.5,0.0,0.301,2.083
3,False,0.332,0.687,0.02,6.148,-0.056,0.23,-0.0,0.6,2.387
3,False,-0.014,0.697,0.02,2.452,-0.044,0.316,-0.0,0.382,0.451
3,False,0.13,0.325,0.02,4.117,-0.038,0.526,0.0,0.262,1.651
3,False,-0.246,0.656,0.02,3.365,0.125,0.613,0.0,0.374,2.038
3,False,0.328,0.546,0.02,5.449,-0.157,0.383,0.0,0.513,1.954
3,False,-0.21,0.588,0.02,0.588,0.016,0.502,-0.0,0.242,2.64
3,False,-0.346,0.559,0.02,1.586,0.005,0.459,0.0,0.366,1.991
3,False,0.221,0.356,0.02,1.064,0.0,0.5,0.0,0.265,2.078
3,False,0.395,0.314,0.02,2.519,0.072,0.467,0.0,0.358,0.042
3,False,-0.099,0.488,0.02,5.085,0.243,0.574,0.0,0.353,1.796
3,False,-0.244,0.664,0.02,3.582,-0.0,0.5,-0.0,0.294,0.44
3,False,-0.159,0.644,0.02,0.019,0.065,0.201,0.0,0.496,2.144
3,False,0.015,0.405,0.02,4.357,-0.113,0.523,0.0,0.175,2.076
3,False,-0.335,0.596,0.02,3.168,-0.029,0.453,0.0,0.339,0.703
3,False,0.057,0.412,0.02,5.084,-0.0,0.5,0.0,0.107,1.94
3,False,-0.308,0.486,0.02,5.458,-0.0,0.5,0.0,0.309,2.314
3,False,0.056,0.59,0.02,0.08,-0.034,0.525,0.069,0.121,1.577
3,False,-0.355,0.315,0.02,6.253,0.24,0.369,0.0,0.598,2.732
3,False,-0.3,0.549,0.02,5.168,0.014,0.504,0.0,0.318,2.02
3,False,-0.357,0.63,0.02,0.561,0.033,0.352,0.0,0.479,2.349
3,False,-0.043,0.538,0.02,3.455,0.0,0.5,-0.0,0.061,0.312
3,False,-0.086,0.556,0.02,0.502,-0.271,0.285,0.0,0.329,3.067
3,False,0.017,0.379,0.02,1.963,0.0,0.5,0.0,0.124,1.179
3,False,0.164,0.578,0.02,5.156,-0.15,0.372,0.098,0.383,2.653
3,False,0.021,0.511,0.02,1.861,-0.002,0.511,0.0,0.03,1.049
3,False,-0.054,0.437,0.02,2.358,-0.015,0.472,0.0,0.056,1.1
3,False,0.304,0.652,0.02,1.478,0.015,0.56,0.0,0.304,2.231
3,True,-0.037,0.409,0.02,1.898,-0.038,0.376,0.0,0.038,0.028
3,False,-0.159,0.428,0.02,0.641,0.273,0.371,0.0,0.436,2.487
3,False,0.019,0.603,0.02,2.492,0.065,0.463,0.0,0.148,0.142
3,False,-0.211,0.352,0.02,3.701,-0.052,0.504,0.0,0.222,0.893
3,False,0.071,0.469,0.02,1.48,0.029,0.454,0.0,0.049,0.877
3,False,0.267,0.478,0.02,4.36,-0.001,0.5,0.0,0.269,1.218
3,False,0.326,0.695,0.02,1.466,-0.0,0.5,-0.0,0.381,1.677
3,False,-0.166,0.687,0.02,4.447,-0.019,0.432,-0.0,0.294,1.912
3,False,0.323,0.528,0.02,3.655,-0.0,0.5,-0.0,0.325,0.513
3,False,0.118,0.636,0.02,5.59,-0.052,0.543,0.0,0.195,1.544
3,False,0.16,0.386,0.02,2.535,0.005,0.518,0.0,0.205,0.69
3,False,-0.286,0.586,0.02,4.459,0.255,0.602,0.0,0.541,1.99
3,False,0.112,0.316,0.02,1.968,0.125,0.446,0.0,0.132,0.206
3,False,-0.352,0.569,0.02,4.671,0.0,0.5,0.0,0.359,1.529
3,False,0.221,0.581,0.02,5.936,-0.0,0.5,0.0,0.236,2.792
3,False,0.215,0.344,0.02,3.408,-0.006,0.516,0.0,0.281,0.668
3,False,0.377,0.32,0.02,5.752,-0.048,0.474,0.0,0.453,2.728
3,False,0.359,0.426,0.02,1.025,-0.019,0.578,0.0,0.408,2.999
3,False,0.326,0.421,0.02,0.446,0.059,0.362,0.0,0.275,1.465
3,False,-0.116,0.365,0.02,3.352,0.117,0.507,0.0,0.274,0.111
3,False,-0.258,0.385,0.02,2.76,-0.0,0.5,0.0,0.283,0.385
3,False,-0.198,0.382,0.02,6.257,0.039,0.268,0.0,0.263,2.829
3,False,0.139,0.39,0.02,3.251,0.358,0.215,0.0,0.281,1.186
3,False,-0.287,0.639,0.02,2.918,-0.06,0.486,0.06,0.276,1.571
3,False,-0.245,0.553,0.02,4.015,-0.087,0.352,0.0,0.256,2.53
3,False,-0.139,0.55,0.02,2.992,0.076,0.628,-0.0,0.23,0.418
3,False,0.134,0.405,0.02,5.453,0.0,0.5,0.0,0.166,2.311
3,False,0.349,0.386,0.02,2.169,0.0,0.5,0.0,0.367,0.973
3,False,0.132,0.441,0.02,3.317,-0.0,0.5,0.0,0.146,0.173
3,False,0.304,0.436,0.02,0.942,0.124,0.473,0.0,0.185,1.7
3,False,0.121,0.454,0.02,3.839,-0.006,0.652,0.0,0.236,0.452
3,False,-0.01,0.545,0.02,0.4,0.023,0.448,0.0,0.105,2.199
3,False,-0.066,0.669,0.02,3.337,-0.0,0.5,-0.0,0.183,0.195
3,False,-0.121,0.544,0.02,2.986,-0.0,0.5,0.0,0.13,0.158
3,False,0.15,0.682,0.02,3.144,-0.018,0.453,0.0,0.285,0.098
3,False,-0.224,0.535,0.02,1.347,-0.0,0.5,0.0,0.228,1.797
3,False,-0.226,0.581,0.02,0.903,-0.166,0.232,0.0,0.355,2.293
3,False,-0.36,0.639,0.02,1.591,0.075,0.396,0.0,0.499,3.05
3,False,-0.297,0.634,0.02,4.808,-0.0,0.5,-0.0,0.327,1.666
3,False,-0.142,0.507,0.02,6.061,0.012,0.442,0.0,0.168,2.752
3,False,0.089,0.534,0.02,0.024,0.204,0.416,-0.0,0.166,0.888
3,False,0.135,0.452,0.02,3.607,-0.122,0.441,0.0,0.258,0.293
3,False,-0.239,0.485,0.02,5.434,0.003,0.487,0.0,0.243,2.454
3,False,-0.284,0.598,0.02,1.208,-0.023,0.449,0.0,0.301,2.289
3,False,0.399,0.545,0.02,2.327,0.102,0.359,0.0,0.351,2.776
3,False,0.272,0.409,0.02,1.416,0.003,0.498,-0.0,0.283,1.677
3,False,-0.007,0.447,0.02,3.596,0.09,0.663,0.0,0.238,0.422
3,False,0.204,0.402,0.02,1.777,-0.018,0.611,0.0,0.305,2.508
3,False,-0.142,0.642,0.02,0.588,0.09,0.29,0.0,0.422,3.117
3,False,-0.298,0.523,0.02,4.999,0.27,0.565,-0.0,0.57,1.794
3,False,-0.3,0.582,0.02,4.217,0.127,0.5,0.0,0.435,1.07
3,False,-0.192,0.51,0.02,3.827,0.133,0.514,0.0,0.326,0.033
3,False,0.051,0.529,0.02,4.943,0.005,0.511,0.0,0.054,1.905
3,False,0.126,0.355,0.02,3.041,0.008,0.385,-0.0,0.124,1.452
3,False,-0.352,0.38,0.02,4.359,0.164,0.539,0.0,0.54,1.778
3,False,0.203,0.636,0.02,5.469,-0.0,0.5,0.0,0.245,2.326
3,False,0.291,0.446,0.02,1.652,-0.021,0.46,0.0,0.312,2.334
3,False,-0.071,0.487,0.02,2.83,-0.0,0.5,0.0,0.075,0.315
3,False,-0.228,0.683,0.02,3.031,-0.258,0.579,0.0,0.11,0.445
3,False,0.389,0.398,0.02,4.576,0.0,0.5,0.0,0.403,1.434
3,False,0.249,0.641,0.02,1.677,0.023,0.494,0.0,0.27,1.732
3,False,0.267,0.376,0.02,3.978,-0.041,0.525,-0.0,0.343,0.777
3,False,0.183,0.505,0.02,5.85,-0.252,0.706,0.0,0.48,3.11
3,False,0.345,0.335,0.02,3.104,0.177,0.421,0.0,0.189,1.202
3,False,-0.207,0.305,0.02,5.408,-0.024,0.497,-0.0,0.267,2.533
3,False,0.221,0.64,0.02,4.691,0.005,0.525,0.0,0.246,1.252
3,False,0.393,0.61,0.02,0.73,-0.0,0.5,0.0,0.408,2.415
3,False,-0.108,0.581,0.02,2.116,0.013,0.5,-0.0,0.147,2.579
3,False,-0.147,0.646,0.02,2.545,0.164,0.377,0.0,0.412,0.843
3,False,0.053,0.316,0.02,5.643,-0.113,0.402,0.0,0.188,2.604
3,False,-0.244,0.424,0.02,4.183,-0.131,0.557,0.0,0.176,1.024
3,False,-0.039,0.578,0.02,3.135,0.0,0.5,0.0,0.089,0.006
3,False,0.218,0.572,0.02,2.394,-0.082,0.411,0.0,0.341,0.084
3,False,0.055,0.58,0.02,0.636,-0.0,0.5,-0.0,0.099,2.507
3,False,0.324,0.471,0.02,1.821,0.012,0.467,0.0,0.313,0.997
3,False,-0.166,0.473,0.02,5.119,0.004,0.505,0.0,0.174,2.166
3,False,-0.153,0.317,0.02,2.212,-0.071,0.589,0.0,0.285,2.408
3,False,0.235,0.656,0.02,3.963,0.221,0.406,0.044,0.252,0.672
3,False,0.151,0.319,0.02,2.623,0.009,0.498,0.0,0.23,0.455
3,False,0.014,0.663,0.02,0.086,0.051,0.592,0.0,0.082,1.319
3,False,0.171,0.674,0.02,5.891,0.117,0.548,0.0,0.139,1.062
3,False,-0.385,0.38,0.02,3.472,-0.003,0.481,-0.0,0.395,0.577
3,False,-0.098,0.342,0.02,6.082,0.007,0.216,0.0,0.165,3.015
3,False,0.175,0.664,0.02,1.185,0.009,0.497,0.0,0.237,2.124
3,False,-0.055,0.419,0.02,5.599,0.288,0.21,0.0,0.402,2.849
3,False,-0.185,0.459,0.02,2.921,0.212,0.288,0.0,0.433,0.225
3,False,-0.101,0.59,0.02,2.895,0.021,0.508,0.0,0.148,0.234
3,False,0.077,0.342,0.02,1.267,0.022,0.533,-0.0,0.199,2.292
3,False,-0.052,0.373,0.02,3.488,-0.0,0.5,0.0,0.139,0.343
3,False,-0.183,0.407,0.02,2.513,-0.063,0.46,0.0,0.133,0.141
3,False,0.299,0.633,0.02,0.93,0.013,0.503,-0.0,0.315,2.055
3,False,-0.166,0.375,0.02,0.838,0.0,0.5,0.0,0.209,2.304
3,False,-0.004,0.343,0.02,4.712,-0.0,0.5,0.0,0.159,1.567
3,False,0.29,0.403,0.02,6.163,0.053,0.529,0.0,0.269,2.635
3,False,0.11,0.437,0.02,1.958,-0.0,0.5,-0.0,0.129,1.185
3,False,0.019,0.556,0.02,2.125,0.173,0.322,0.0,0.281,1.413
3,False,0.299,0.612,0.02,5.422,-0.0,0.5,-0.0,0.32,2.28
3,False,-0.214,0.609,0.02,4.364,0.039,0.518,0.0,0.27,1.418
2,False,-0.128,0.515,0.02,2.771,-0.018,0.377,0.06,0.181,1.571
3,False,-0.366,0.663,0.02,0.585,-0.0,0.5,0.0,0.401,2.563
3,False,0.039,0.562,0.02,5.493,-0.0,0.5,0.0,0.076,2.349
3,False,-0.11,0.358,0.02,2.776,0.019,0.502,-0.0,0.194,0.346
3,False,0.361,0.692,0.02,3.727,-0.05,0.455,0.0,0.475,0.939
3,False,-0.257,0.54,0.02,1.983,0.391,0.415,0.0,0.66,0.192
3,False,0.28,0.301,0.02,1.581,0.27,0.664,0.0,0.363,1.262
3,False,-0.222,0.692,0.02,3.634,0.397,0.446,-0.0,0.666,0.37
3,False,0.35,0.689,0.02,5.055,0.007,0.498,0.0,0.393,1.99
3,False,-0.211,0.372,0.02,3.195,0.199,0.614,0.0,0.477,1.626
3,False,-0.178,0.376,0.02,0.141,0.267,0.505,0.0,0.465,1.347
3,False,-0.136,0.667,0.02,0.444,0.215,0.441,0.0,0.418,2.404
3,False,-0.331,0.653,0.02,1.929,-0.083,0.31,0.0,0.424,1.416
3,False,0.164,0.595,0.02,5.579,0.019,0.511,-0.0,0.168,2.682
3,False,0.23,0.347,0.02,0.363,-0.342,0.562,0.0,0.612,0.955
3,False,-0.024,0.581,0.02,3.54,0.0,0.5,0.0,0.086,0.399
3,False,0.242,0.558,0.02,5.129,0.171,0.546,0.0,0.075,2.62
3,False,-0.366,0.657,0.02,1.778,0.011,0.472,0.0,0.42,1.398
3,False,0.375,0.423,0.02,5.878,0.029,0.422,0.0,0.346,1.993
3,False,0.207,0.676,0.02,2.66,-0.018,0.401,0.0,0.356,1.213
3,False,0.323,0.514,0.02,0.407,0.023,0.479,0.0,0.302,2.3
3,False,-0.071,0.517,0.02,5.335,-0.002,0.501,-0.0,0.073,2.192
3,False,-0.253,0.597,0.02,6.254,0.016,0.417,0.0,0.325,2.34
3,False,-0.325,0.426,0.02,5.538,-0.181,0.336,0.0,0.171,2.745
3,False,-0.061,0.509,0.02,3.442,0.022,0.399,-0.0,0.139,1.327
3,False,-0.138,0.66,0.02,3.047,0.021,0.549,0.0,0.195,1.081
3,False,0.306,0.529,0.02,0.011,0.131,0.526,0.0,0.176,1.835
3,False,0.291,0.375,0.02,1.29,-0.029,0.554,0.0,0.367,1.785
3,False,-0.058,0.366,0.02,5.584,-0.0,0.5,-0.0,0.147,2.441
3,False,0.069,0.559,0.02,3.503,0.063,0.34,0.0,0.219,1.005
3,False,-0.366,0.47,0.02,0.719,0.037,0.617,0.0,0.429,2.611
3,False,-0.284,0.65,0.02,4.286,-0.228,0.398,-0.0,0.259,1.139
3,False,0.14,0.692,0.02,4.386,0.137,0.467,0.0,0.226,1.732
3,False,0.218,0.44,0.02,4.627,0.041,0.538,0.0,0.203,1.585
3,False,0.366,0.596,0.02,5.828,0.262,0.382,0.0,0.239,2.646
3,False,-0.381,0.545,0.02,1.93,0.053,0.518,0.0,0.435,1.541
3,False,-0.333,0.423,0.02,0.736,0.331,0.321,0.0,0.673,2.906
3,False,-0.156,0.431,0.02,3.769,0.044,0.387,0.0,0.206,0.915
3,False,-0.351,0.44,0.02,0.455,0.093,0.275,0.0,0.474,1.3
3,False,-0.181,0.555,0.02,5.63,0.076,0.547,0.063,0.26,2.622
3,False,-0.301,0.306,0.02,5.924,0.0,0.5,0.0,0.359,2.782
3,False,0.035,0.589,0.02,1.565,0.084,0.578,0.0,0.053,0.831
3,False,-0.319,0.592,0.02,5.102,0.016,0.478,0.0,0.355,1.792
3,False,0.221,0.607,0.02,2.589,0.195,0.448,0.0,0.162,0.709
3,False,0.013,0.575,0.02,2.032,0.001,0.506,0.0,0.073,1.227
3,False,0.364,0.575,0.02,4.773,-0.011,0.483,0.0,0.387,1.425
3,False,-0.076,0.443,0.02,0.181,-0.013,0.42,-0.0,0.07,2.483
3,False,0.136,0.679,0.02,3.3,0.02,0.322,0.0,0.376,0.725
3,False,-0.365,0.61,0.02,4.35,-0.0,0.5,0.0,0.381,1.206
3,False,-0.124,0.534,0.02,2.37,0.248,0.289,0.0,0.446,0.754
3,False,0.002,0.461,0.02,2.032,-0.0,0.5,0.0,0.044,1.112
3,False,-0.334,0.591,0.02,0.134,0.166,0.585,0.0,0.5,1.205
3,False,-0.322,0.375,0.02,0.193,0.065,0.647,-0.0,0.473,2.7
3,False,0.018,0.635,0.02,0.532,-0.001,0.499,0.0,0.139,2.66
3,False,0.274,0.553,0.02,6.057,-0.104,0.409,0.0,0.405,1.92
3,False,-0.118,0.326,0.02,2.329,-0.161,0.471,0.0,0.153,1.079
3,False,0.161,0.642,0.02,0.137,-0.056,0.647,0.0,0.218,2.53
3,False,-0.151,0.533,0.02,4.594,0.0,0.5,0.0,0.156,1.453
3,False,-0.251,0.473,0.02,2.637,-0.213,0.227,-0.0,0.25,0.595
3,False,-0.069,0.448,0.02,5.372,0.061,0.502,-0.0,0.142,2.248
3,False,0.053,0.348,0.02,4.122,0.019,0.527,-0.0,0.183,0.976
3,False,0.084,0.634,0.02,1.439,-0.029,0.539,0.0,0.148,2.106
3,False,0.394,0.323,0.02,0.664,0.217,0.437,0.0,0.211,2.575
3,False,0.37,0.322,0.02,5.197,0.071,0.264,0.084,0.311,2.176
3,False,0.065,0.563,0.02,0.536,0.063,0.449,0.0,0.116,2.512
2,False,-0.109,0.482,0.02,5.963,-0.003,0.378,0.06,0.154,2.296
3,False,0.15,0.606,0.02,4.13,0.124,0.536,0.0,0.077,1.597
3,False,-0.0,0.599,0.02,4.061,0.023,0.4,0.0,0.202,0.052
3,False,0.283,0.431,0.02,6.083,-0.403,0.31,0.0,0.697,2.841
3,False,0.304,0.546,0.02,1.82,-0.0,0.5,-0.0,0.308,1.322
3,False,-0.037,0.624,0.02,3.019,0.044,0.478,0.0,0.168,0.332
3,False,-0.375,0.679,0.02,3.351,-0.102,0.238,0.0,0.519,0.533
3,False,-0.053,0.489,0.02,0.292,0.001,0.501,0.0,0.059,2.799
3,False,-0.253,0.47,0.02,5.165,0.17,0.434,0.0,0.425,1.659
3,False,-0.14,0.425,0.02,2.429,-0.0,0.5,-0.0,0.16,0.713
3,False,-0.319,0.516,0.02,1.669,0.011,0.581,0.0,0.337,1.38
3,False,0.26,0.544,0.02,6.092,0.004,0.534,0.0,0.257,2.52
3,False,0.309,0.301,0.02,1.057,0.086,0.579,0.063,0.359,1.571
3,False,-0.366,0.341,0.02,2.736,-0.003,0.541,-0.0,0.415,0.954
3,False,0.058,0.445,0.02,5.92,0.04,0.617,0.0,0.174,2.933
3,False,0.08,0.46,0.02,3.443,-0.017,0.513,0.0,0.113,0.001
3,False,0.022,0.424,0.02,3.436,-0.0,0.5,0.0,0.082,0.292
3,False,-0.247,0.555,0.02,3.067,-0.07,0.544,0.0,0.178,0.662
3,False,-0.312,0.324,0.02,2.141,-0.0,0.5,0.0,0.359,1.003
3,False,-0.321,0.609,0.02,5.32,0.036,0.545,0.0,0.363,1.785
3,False,0.1,0.551,0.02,4.367,-0.046,0.233,0.0,0.35,0.004
3,False,-0.163,0.329,0.02,2.849,-0.223,0.664,0.0,0.341,1.854
3,False,-0.162,0.613,0.02,4.664,0.004,0.516,-0.0,0.193,1.568
3,False,-0.373,0.651,0.02,4.89,-0.093,0.489,-0.0,0.325,0.641
3,False,0.16,0.546,0.02,4.027,-0.171,0.699,-0.0,0.365,1.568
3,False,-0.106,0.526,0.02,2.542,-0.0,0.5,0.0,0.111,0.602
3,False,-0.157,0.429,0.02,5.151,0.004,0.514,0.0,0.183,1.85
3,False,-0.277,0.501,0.02,4.558,-0.054,0.557,-0.0,0.23,0.724
3,False,0.286,0.443,0.02,3.191,0.0,0.5,0.0,0.293,0.049
3,False,-0.095,0.42,0.02,4.844,-0.0,0.5,-0.0,0.126,1.702
3,False,0.377,0.406,0.02,2.289,0.033,0.572,0.0,0.382,0.084
3,False,-0.146,0.316,0.02,0.718,0.241,0.567,0.0,0.462,0.762
3,False,-0.347,0.679,0.02,3.507,-0.094,0.618,0.0,0.261,0.648
3,False,0.312,0.359,0.02,2.96,0.134,0.357,0.0,0.179,2.022
3,False,0.331,0.553,0.02,1.367,0.223,0.699,0.0,0.183,0.295
3,False,-0.36,0.626,0.02,6.161,0.2,0.295,-0.0,0.651,2.858
3,False,0.321,0.476,0.02,5.003,-0.018,0.547,0.0,0.347,1.658
3,False,-0.141,0.463,0.02,4.23,0.059,0.573,0.0,0.23,0.424
3,False,0.333,0.466,0.02,1.657,-0.043,0.608,0.0,0.403,0.441
3,False,-0.026,0.558,0.02,0.646,0.051,0.517,0.0,0.09,2.72
3,False,0.294,0.338,0.02,2.442,0.281,0.482,0.0,0.146,0.964
3,False,-0.003,0.588,0.02,2.512,-0.0,0.5,-0.0,0.091,0.63
3,False,0.136,0.601,0.02,1.803,0.038,0.44,-0.0,0.19,0.218
3,False,0.255,0.447,0.02,0.452,0.01,0.517,0.0,0.255,2.6
3,False,-0.383,0.514,0.02,4.383,-0.0,0.5,0.0,0.384,1.24
3,False,0.064,0.466,0.02,5.225,-0.084,0.382,0.0,0.172,1.836
3,False,0.236,0.534,0.02,4.616,-0.179,0.584,0.0,0.418,1.306
3,False,0.053,0.362,0.02,1.356,0.001,0.514,0.0,0.162,1.909
3,False,0.108,0.519,0.02,6.161,0.007,0.606,0.0,0.135,1.728
3,False,0.1,0.584,0.02,5.106,0.415,0.203,0.0,0.495,2.606
3,False,-0.142,0.614,0.02,3.9,-0.083,0.406,0.0,0.217,1.296
3,False,0.129,0.582,0.02,0.018,-0.005,0.475,0.0,0.173,2.975
3,False,0.322,0.414,0.02,5.959,-0.012,0.524,0.0,0.352,3.037
3,False,0.248,0.395,0.02,1.572,-0.005,0.496,0.0,0.273,1.454
3,False,-0.39,0.341,0.02,1.144,-0.007,0.516,0.0,0.422,2.089
3,False,-0.352,0.662,0.02,4.614,-0.093,0.557,-0.0,0.28,1.763
3,False,-0.017,0.637,0.02,3.201,0.038,0.51,0.0,0.139,0.158
3,False,0.374,0.515,0.02,0.06,-0.0,0.5,0.0,0.375,3.085
3,False,-0.042,0.487,0.02,6.191,0.023,0.53,0.0,0.08,2.959
3,False,0.257,0.563,0.02,1.973,0.039,0.491,-0.0,0.23,1.143
3,False,0.378,0.372,0.02,6.066,0.056,0.52,0.0,0.355,0.807
3,False,-0.035,0.614,0.02,1.407,-0.018,0.402,0.0,0.214,0.607
3,False,0.137,0.343,0.02,6.107,0.329,0.192,0.0,0.246,2.141
3,False,-0.177,0.616,0.02,4.024,-0.312,0.453,-0.0,0.212,0.924
3,False,0.249,0.4,0.02,5.872,-0.0,0.5,-0.0,0.269,2.729
3,False,0.103,0.485,0.02,2.462,-0.306,0.262,0.0,0.466,0.331
3,False,-0.209,0.664,0.02,1.153,-0.002,0.515,0.0,0.256,2.243
3,False,0.388,0.361,0.02,5.091,0.027,0.496,-0.0,0.385,2.094
3,False,-0.203,0.552,0.02,3.075,0.011,0.497,0.0,0.222,0.05
3,False,-0.257,0.556,0.02,4.192,-0.005,0.505,0.0,0.258,1.172
3,False,-0.28,0.56,0.02,2.23,-0.029,0.341,0.0,0.333,0.984
3,False,0.29,0.476,0.02,2.496,0.084,0.542,0.0,0.217,0.149
3,False,0.328,0.655,0.02,6.282,0.0,0.5,0.0,0.363,3.141
3,False,-0.005,0.367,0.02,0.979,-0.126,0.408,0.0,0.129,2.357
3,False,-0.156,0.53,0.02,5.242,-0.133,0.378,0.0,0.155,3.117
3,False,-0.03,0.619,0.02,6.09,0.111,0.484,0.0,0.196,2.653
3,False,0.229,0.568,0.02,0.73,0.009,0.512,0.0,0.227,2.76
3,False,0.058,0.643,0.02,1.402,0.002,0.518,0.0,0.139,1.935
3,False,0.205,0.662,0.02,2.519,-0.152,0.514,0.0,0.387,0.471
3,False,0.332,0.457,0.02,0.41,0.042,0.483,-0.0,0.292,1.878
3,False,-0.365,0.306,0.02,1.9,-0.201,0.38,0.0,0.182,1.036
3,False,0.269,0.402,0.02,3.461,0.029,0.448,0.0,0.246,0.831
3,False,0.175,0.463,0.02,4.908,-0.053,0.552,0.0,0.246,1.744
3,False,-0.244,0.587,0.02,0.82,0.06,0.583,0.0,0.304,0.321
3,False,0.354,0.351,0.02,5.604,0.206,0.638,-0.0,0.323,1.534
3,False,-0.022,0.382,0.02,4.03,0.032,0.398,0.0,0.06,0.423
3,False,0.021,0.616,0.02,4.6,0.102,0.478,-0.0,0.161,0.458
3,False,-0.297,0.557,0.02,2.756,-0.003,0.5,0.0,0.3,0.354
3,False,-0.059,0.672,0.02,1.271,0.312,0.49,-0.0,0.414,1.372
3,False,-0.261,0.56,0.02,3.792,0.07,0.504,0.0,0.336,1.15
3,False,0.202,0.524,0.02,4.269,0.062,0.507,0.0,0.142,2.03
3,False,0.226,0.592,0.02,3.262,-0.074,0.432,-0.0,0.34,0.741
3,False,-0.23,0.535,0.02,0.843,0.018,0.373,0.0,0.298,2.932
3,False,-0.015,0.538,0.02,4.164,0.015,0.487,0.0,0.063,0.97
3,False,0.049,0.645,0.02,3.742,0.068,0.525,0.0,0.124,0.112
2,False,-0.113,0.323,0.02,3.308,0.519,0.296,0.095,0.636,1.573
3,False,-0.08,0.524,0.02,0.278,-0.115,0.574,0.0,0.065,3.111
3,False,-0.345,0.409,0.02,0.879,0.002,0.513,-0.0,0.362,2.344
3,False,-0.222,0.534,0.02,2.744,0.056,0.502,0.0,0.281,0.822
3,False,-0.38,0.588,0.02,0.25,-0.196,0.368,0.0,0.287,3.011
3,False,-0.367,0.4,0.02,1.097,0.037,0.537,0.0,0.428,2.021
3,False,0.222,0.584,0.02,2.653,-0.191,0.229,0.0,0.545,0.462
3,False,-0.252,0.677,0.02,1.775,-0.013,0.517,0.0,0.288,1.211
3,False,0.395,0.622,0.02,4.905,-0.28,0.59,0.0,0.676,2.421
3,False,0.089,0.62,0.02,0.298,0.178,0.262,0.0,0.37,3.052
3,False,0.363,0.316,0.02,2.688,0.0,0.5,0.0,0.408,0.454
3,False,0.224,0.51,0.02,1.311,0.083,0.584,0.0,0.16,1.309
3,False,0.358,0.531,0.02,3.723,-0.001,0.637,0.0,0.375,1.291
3,False,-0.35,0.351,0.02,6.249,-0.016,0.541,0.0,0.385,2.923
3,False,-0.207,0.338,0.02,5.826,-0.163,0.698,0.0,0.363,1.077
3,False,-0.134,0.694,0.02,5.35,-0.266,0.66,-0.0,0.138,2.153
3,False,0.055,0.519,0.02,5.439,-0.253,0.385,0.0,0.337,2.328
3,False,-0.335,0.53,0.02,2.747,0.105,0.558,-0.0,0.442,0.513
3,False,-0.3,0.638,0.02,4.329,-0.0,0.5,0.0,0.331,1.185
3,False,0.16,0.595,0.02,3.908,0.008,0.481,0.0,0.19,0.437
3,False,0.392,0.644,0.02,3.903,0.007,0.502,0.0,0.411,0.766
3,False,0.314,0.509,0.02,1.198,0.125,0.523,0.0,0.191,2.17
3,False,0.367,0.653,0.02,0.58,-0.18,0.349,0.0,0.626,2.512
3,False,0.219,0.549,0.02,3.048,0.141,0.563,0.0,0.082,0.251
3,False,-0.211,0.521,0.02,4.626,0.01,0.463,0.0,0.23,1.501
3,False,0.268,0.556,0.02,5.392,-0.041,0.638,0.0,0.321,0.743
3,False,0.281,0.599,0.02,5.392,-0.0,0.5,0.0,0.298,2.247
3,False,-0.227,0.43,0.02,1.293,-0.019,0.524,0.0,0.229,1.971
3,False,-0.178,0.581,0.02,4.834,0.047,0.44,0.0,0.266,3.033
3,False,0.031,0.675,0.02,2.901,0.015,0.509,0.0,0.168,0.392
3,False,-0.005,0.369,0.02,3.888,-0.006,0.506,0.0,0.138,0.588
3,False,-0.396,0.537,0.02,5.361,0.111,0.537,0.0,0.507,2.168
3,False,0.073,0.348,0.02,3.374,0.054,0.621,0.0,0.275,0.082
3,False,-0.351,0.664,0.02,1.112,0.027,0.479,0.0,0.421,2.33
2,False,0.321,0.624,0.02,2.944,0.075,0.601,0.063,0.25,1.571
3,False,0.042,0.68,0.02,0.733,0.06,0.563,-0.0,0.12,2.626
3,False,0.212,0.474,0.02,6.276,-0.0,0.5,0.0,0.215,3.132
3,False,-0.131,0.629,0.02,1.692,0.096,0.479,0.0,0.272,0.195
3,False,0.17,0.574,0.02,1.535,0.06,0.766,0.0,0.222,1.64
3,False,-0.268,0.519,0.02,2.714,0.076,0.59,0.0,0.352,0.713
3,False,0.357,0.668,0.02,5.078,-0.155,0.392,-0.0,0.582,2.504
3,False,-0.138,0.354,0.02,2.147,0.056,0.511,0.0,0.25,1.482
3,False,-0.117,0.638,0.02,2.812,0.273,0.385,0.0,0.466,1.243
3,False,-0.249,0.46,0.02,5.337,0.261,0.573,0.0,0.522,2.987
3,False,-0.257,0.584,0.02,0.921,0.0,0.497,0.0,0.272,2.176
3,False,0.313,0.589,0.02,4.895,-0.229,0.262,0.0,0.633,2.025
3,False,-0.153,0.456,0.02,5.241,-0.036,0.437,0.0,0.12,2.127
3,False,-0.332,0.521,0.02,2.808,0.1,0.423,-0.0,0.443,0.443
3,False,-0.231,0.439,0.02,2.259,0.085,0.43,-0.0,0.317,0.629
3,False,0.369,0.506,0.02,3.59,-0.064,0.543,-0.0,0.435,0.179
3,False,0.201,0.579,0.02,4.523,0.203,0.347,0.0,0.233,1.901
3,False,0.249,0.547,0.02,6.199,-0.0,0.5,0.0,0.255,3.055
3,False,-0.119,0.329,0.02,4.352,0.005,0.493,0.0,0.206,1.117
3,False,0.304,0.588,0.02,4.69,-0.0,0.5,-0.0,0.317,1.548
3,False,-0.044,0.387,0.02,4.22,0.106,0.511,0.08,0.204,1.151
3,False,0.15,0.603,0.02,1.831,0.244,0.258,0.0,0.358,1.549
3,False,-0.203,0.361,0.02,4.755,-0.091,0.322,0.0,0.12,2.109
3,False,0.046,0.362,0.02,5.775,0.047,0.378,0.0,0.025,2.957
3,False,-0.219,0.329,0.02,1.303,0.03,0.479,0.0,0.291,2.074
3,False,0.315,0.33,0.02,1.055,-0.004,0.499,0.0,0.362,2.04
3,False,-0.222,0.349,0.02,0.732,0.031,0.541,0.0,0.318,3.087
3,False,0.033,0.417,0.02,0.098,-0.113,0.549,0.202,0.269,1.376
3,False,-0.387,0.401,0.02,5.597,-0.0,0.5,-0.0,0.4,2.455
3,False,-0.201,0.588,0.02,0.361,-0.0,0.5,-0.0,0.22,2.781
3,False,-0.341,0.342,0.02,4.984,0.198,0.356,0.0,0.539,3.001
3,False,-0.13,0.371,0.02,6.111,0.0,0.5,0.0,0.184,2.97
3,False,-0.045,0.527,0.02,1.724,-0.0,0.5,-0.0,0.056,1.418
3,False,0.111,0.413,0.02,4.605,0.049,0.565,-0.0,0.165,1.148
3,False,-0.201,0.683,0.02,4.21,0.032,0.377,0.0,0.385,2.339
3,False,0.22,0.512,0.02,4.333,-0.003,0.475,0.0,0.227,1.52
3,False,0.193,0.667,0.02,2.914,-0.005,0.54,0.0,0.236,0.308
3,False,0.38,0.311,0.02,4.374,0.02,0.58,-0.0,0.449,0.245
3,False,-0.177,0.312,0.02,4.701,-0.0,0.5,0.0,0.259,1.557
3,False,0.199,0.313,0.02,1.523,0.049,0.52,-0.0,0.257,1.108
3,False,0.019,0.512,0.02,2.179,-0.0,0.5,-0.0,0.03,0.963
3,False,-0.392,0.38,0.02,2.229,-0.177,0.68,0.0,0.369,1.029
3,False,0.132,0.484,0.02,5.11,0.0,0.5,0.0,0.134,1.962
3,False,0.39,0.634,0.02,1.33,-0.019,0.282,-0.0,0.54,1.707
3,False,-0.032,0.586,0.02,4.244,0.09,0.562,0.0,0.127,0.548
3,False,0.022,0.359,0.02,2.363,0.013,0.449,-0.0,0.092,0.507
3,False,0.368,0.523,0.02,4.905,0.002,0.511,-0.0,0.367,1.596
3,False,-0.312,0.423,0.02,1.669,0.241,0.316,0.0,0.564,2.24
3,False,-0.01,0.444,0.02,2.461,0.0,0.5,0.0,0.06,0.681
3,False,0.096,0.54,0.02,3.788,0.001,0.636,0.0,0.137,0.647
3,False,0.13,0.64,0.02,3.804,0.056,0.705,0.0,0.101,0.59
3,False,0.274,0.413,0.02,1.601,0.082,0.488,-0.0,0.207,0.164
3,False,0.054,0.645,0.02,3.98,-0.241,0.527,0.0,0.318,2.017
3,False,0.085,0.47,0.02,5.116,-0.0,0.36,0.0,0.141,2.711
3,False,-0.398,0.375,0.02,4.194,0.189,0.487,0.0,0.599,1.914
3,False,0.095,0.662,0.02,3.568,-0.152,0.647,-0.0,0.248,0.801
3,False,0.31,0.414,0.02,1.418,0.17,0.74,0.0,0.356,1.398
3,False,0.346,0.67,0.02,4.471,-0.003,0.376,-0.0,0.457,1.382
3,False,0.226,0.647,0.02,4.863,0.01,0.5,0.0,0.262,1.746
3,False,-0.314,0.666,0.02,4.837,0.14,0.506,0.0,0.482,1.762
3,False,0.167,0.395,0.02,2.084,-0.002,0.522,0.0,0.212,0.976
3,False,-0.216,0.61,0.02,0.477,-0.004,0.502,0.0,0.239,0.763
3,False,0.186,0.482,0.02,2.364,-0.01,0.482,-0.0,0.197,0.87
3,False,0.045,0.442,0.02,0.814,0.004,0.499,0.0,0.074,2.311
3,False,-0.209,0.541,0.02,0.543,0.01,0.54,-0.0,0.22,2.812
3,False,-0.036,0.616,0.02,5.522,0.031,0.485,0.0,0.148,1.975
3,False,-0.241,0.488,0.02,2.777,0.0,0.514,0.0,0.243,0.513
3,False,0.186,0.618,0.02,6.19,-0.018,0.474,0.0,0.25,3.098
3,False,0.34,0.58,0.02,4.133,0.307,0.459,0.0,0.128,1.551
3,False,0.203,0.493,0.02,0.013,0.025,0.298,0.0,0.265,0.136
3,False,0.021,0.372,0.02,2.44,-0.318,0.354,-0.0,0.34,0.688
3,False,-0.2,0.63,0.02,1.294,0.052,0.562,0.0,0.261,0.819
3,False,0.337,0.464,0.02,6.273,0.001,0.497,0.0,0.338,3.107
3,False,-0.281,0.454,0.02,3.503,-0.0,0.5,-0.0,0.286,0.36
3,False,-0.224,0.431,0.02,2.266,-0.0,0.5,0.0,0.235,0.878
3,False,0.218,0.638,0.02,3.814,-0.0,0.5,-0.0,0.259,0.672
3,False,0.206,0.49,0.02,1.791,0.005,0.473,-0.0,0.202,1.49
3,False,-0.144,0.397,0.02,2.223,-0.0,0.5,0.0,0.178,0.92
3,False,-0.09,0.477,0.02,4.415,0.026,0.391,0.0,0.146,0.013
3,False,0.059,0.623,0.02,6.02,0.014,0.501,0.0,0.132,2.796
3,False,0.341,0.327,0.02,6.209,-0.003,0.496,0.0,0.384,2.449
3,False,0.259,0.307,0.02,0.118,-0.156,0.382,-0.0,0.422,2.81
3,False,-0.066,0.546,0.02,5.263,0.006,0.503,0.0,0.086,1.952
3,False,0.036,0.378,0.02,0.84,0.019,0.415,-0.0,0.046,3.088
3,False,0.288,0.499,0.02,0.066,0.214,0.39,0.0,0.133,2.064
3,False,-0.254,0.369,0.02,5.85,-0.107,0.591,-0.0,0.268,1.735
3,False,-0.1,0.545,0.02,1.2,0.022,0.572,0.0,0.127,2.628
3,False,-0.057,0.385,0.02,1.158,-0.113,0.327,-0.0,0.083,1.949
3,False,-0.168,0.573,0.02,2.241,0.132,0.447,0.0,0.326,0.72
3,False,-0.219,0.573,0.02,2.104,0.032,0.385,0.0,0.314,2.445
3,False,0.325,0.423,0.02,3.845,0.092,0.434,0.0,0.234,1.596
3,False,-0.279,0.451,0.02,1.476,-0.268,0.419,0.0,0.039,1.966
3,False,-0.364,0.453,0.02,6.039,-0.006,0.669,0.0,0.418,2.475
1,False,-0.0,0.668,0.02,3.664,-0.063,0.567,0.067,0.128,1.041
3,False,-0.082,0.571,0.02,6.256,0.024,0.409,0.0,0.195,2.07
3,False,-0.123,0.571,0.02,2.175,0.305,0.247,0.0,0.537,0.923
3,False,0.096,0.456,0.02,2.758,0.0,0.5,0.0,0.107,0.384
3,False,-0.347,0.357,0.02,0.69,0.011,0.248,-0.0,0.375,2.074
3,False,-0.29,0.676,0.02,2.972,-0.148,0.63,0.0,0.151,0.405
3,False,-0.221,0.404,0.02,0.114,0.013,0.502,0.0,0.255,3.069
3,False,-0.313,0.328,0.02,1.851,0.067,0.498,0.0,0.417,1.29
3,False,0.38,0.367,0.02,5.051,-0.006,0.517,-0.0,0.414,1.908
3,False,-0.251,0.432,0.02,1.861,-0.1,0.662,-0.0,0.276,1.688
3,False,0.331,0.65,0.02,3.996,-0.0,0.5,0.0,0.364,0.851
3,False,0.148,0.547,0.02,0.385,0.108,0.54,0.0,0.045,2.235
3,False,-0.138,0.417,0.02,4.723,0.204,0.689,0.0,0.438,1.443
3,False,-0.203,0.513,0.02,1.325,0.088,0.469,0.0,0.295,0.171
3,False,0.217,0.546,0.02,2.253,0.032,0.554,0.0,0.186,1.145
3,False,-0.034,0.687,0.02,6.251,-0.125,0.564,0.0,0.154,2.857
3,False,-0.255,0.646,0.02,4.968,-0.153,0.679,-0.0,0.11,0.916
3,False,0.379,0.591,0.02,1.529,-0.082,0.415,0.0,0.494,2.758
3,False,0.323,0.476,0.02,4.763,0.013,0.514,0.0,0.313,1.487
3,False,0.269,0.394,0.02,3.513,0.028,0.619,0.0,0.33,0.622
3,False,0.301,0.427,0.02,0.122,-0.011,0.506,0.0,0.323,3.027
3,False,0.282,0.614,0.02,5.252,0.0,0.5,0.0,0.304,2.11
3,False,-0.237,0.494,0.02,2.198,-0.0,0.5,-0.0,0.237,0.945
3,False,-0.31,0.694,0.02,0.743,0.004,0.509,-0.0,0.365,2.296
3,False,-0.354,0.352,0.02,0.02,0.079,0.389,0.0,0.435,2.725
3,False,-0.153,0.431,0.02,4.017,0.07,0.494,0.0,0.232,0.078
3,False,-0.187,0.594,0.02,4.361,-0.092,0.343,0.0,0.269,0.765
3,False,0.199,0.57,0.02,6.108,-0.109,0.567,0.0,0.309,1.651
3,False,-0.357,0.632,0.02,4.116,0.082,0.189,0.0,0.624,2.282
3,False,-0.339,0.451,0.02,0.76,0.007,0.39,0.0,0.351,2.896
3,False,-0.014,0.624,0.02,0.651,0.168,0.425,0.0,0.27,2.738
3,False,0.046,0.303,0.02,0.574,0.002,0.502,-0.0,0.205,2.622
3,False,-0.27,0.693,0.02,2.054,0.022,0.498,0.0,0.351,0.957
3,False,0.318,0.578,0.02,1.743,-0.082,0.407,-0.0,0.435,0.044
3,False,-0.049,0.419,0.02,6.207,-0.0,0.5,0.0,0.097,3.063
3,False,-0.144,0.405,0.02,3.124,0.281,0.38,0.0,0.427,1.638
3,False,0.101,0.36,0.02,3.591,-0.007,0.554,-0.0,0.223,1.042
3,False,-0.02,0.65,0.02,2.491,-0.0,0.5,-0.0,0.153,0.652
3,False,-0.394,0.325,0.02,3.572,-0.079,0.662,0.0,0.462,0.475
3,False,0.178,0.438,0.02,5.528,0.196,0.389,0.0,0.056,2.534
3,False,-0.301,0.342,0.02,2.726,0.0,0.5,0.0,0.34,0.416
3,False,-0.382,0.389,0.02,5.65,-0.0,0.5,-0.0,0.399,2.508
3,False,-0.049,0.606,0.02,0.13,0.047,0.443,0.0,0.191,2.584
3,False,-0.127,0.63,0.02,2.002,-0.092,0.398,0.0,0.236,0.296
3,False,-0.102,0.325,0.02,5.058,-0.0,0.5,-0.0,0.203,1.916
3,False,-0.189,0.691,0.02,3.26,0.072,0.479,0.0,0.337,0.281
3,False,-0.349,0.559,0.02,1.25,-0.174,0.637,0.0,0.193,0.595
3,False,0.367,0.573,0.02,0.593,0.027,0.405,0.0,0.38,1.779
3,False,0.131,0.622,0.02,3.905,0.035,0.776,0.0,0.182,0.765
3,False,-0.062,0.544,0.02,1.228,-0.0,0.5,0.0,0.079,1.916
3,False,0.025,0.589,0.02,3.069,-0.144,0.36,0.0,0.285,1.416
3,False,0.088,0.695,0.02,2.406,-0.04,0.609,0.0,0.155,1.041
3,False,0.357,0.694,0.02,2.381,-0.017,0.569,0.0,0.394,1.637
3,False,-0.037,0.626,0.02,5.573,-0.117,0.684,0.0,0.101,2.706
3,False,-0.222,0.328,0.02,1.172,0.078,0.558,0.063,0.38,1.571
3,False,0.092,0.61,0.02,3.939,-0.021,0.387,-0.0,0.251,1.282
3,False,-0.127,0.406,0.02,3.271,0.031,0.488,0.0,0.179,0.491
3,False,-0.231,0.319,0.02,0.819,0.203,0.669,-0.0,0.558,0.549
3,False,-0.023,0.587,0.02,1.9,0.011,0.475,-0.0,0.119,0.978
3,False,-0.177,0.544,0.02,0.035,-0.0,0.5,0.0,0.183,3.109
3,False,0.005,0.585,0.02,1.2,-0.006,0.516,0.0,0.072,2.136
3,False,0.081,0.316,0.02,1.265,-0.191,0.309,0.0,0.274,0.855
3,False,-0.375,0.503,0.02,0.617,0.001,0.501,0.0,0.377,2.545
3,False,0.16,0.628,0.02,6.014,-0.0,0.5,-0.0,0.206,2.872
3,False,0.305,0.64,0.02,6.148,0.009,0.581,0.0,0.302,2.277
3,False,-0.038,0.43,0.02,4.136,0.068,0.343,0.0,0.139,1.384
3,False,-0.004,0.478,0.02,4.987,-0.039,0.472,0.0,0.04,1.185
3,False,0.169,0.603,0.02,2.101,0.06,0.469,0.0,0.173,0.538
3,False,0.208,0.605,0.02,2.02,0.06,0.455,0.0,0.212,1.866
3,False,-0.177,0.591,0.02,0.45,0.039,0.604,0.0,0.217,2.71
3,False,-0.272,0.539,0.02,4.947,0.065,0.741,0.0,0.393,2.755
3,False,0.311,0.624,0.02,1.679,-0.0,0.5,0.0,0.335,1.465
3,False,0.109,0.542,0.02,0.166,0.037,0.384,0.0,0.174,2.023
3,False,0.038,0.424,0.02,2.255,0.248,0.595,0.0,0.272,1.807
3,False,0.055,0.363,0.02,5.753,0.253,0.29,0.0,0.212,1.969
3,False,0.216,0.698,0.02,3.75,0.041,0.667,-0.0,0.179,1.726
3,False,-0.044,0.68,0.02,0.352,0.056,0.41,0.0,0.288,1.467
3,False,0.126,0.32,0.02,3.842,-0.183,0.315,0.0,0.31,2.103
3,False,-0.134,0.351,0.02,4.53,0.015,0.506,0.0,0.217,1.119
3,False,-0.197,0.532,0.02,0.009,0.252,0.564,0.0,0.451,1.041
3,False,0.325,0.479,0.02,1.536,0.145,0.383,0.0,0.205,0.26
3,False,0.05,0.622,0.02,1.878,0.018,0.509,0.0,0.119,1.209
3,False,-0.356,0.437,0.02,2.373,-0.0,0.5,-0.0,0.362,0.769
3,False,-0.312,0.426,0.02,4.656,-0.05,0.657,0.0,0.35,1.828
3,False,0.125,0.387,0.02,2.38,-0.0,0.5,0.0,0.17,0.764
3,False,-0.24,0.526,0.02,0.509,0.295,0.343,0.0,0.566,3.032
3,False,-0.208,0.493,0.02,1.61,0.229,0.264,-0.0,0.493,1.881
3,False,-0.183,0.473,0.02,4.454,-0.082,0.436,0.096,0.132,2.677
3,False,-0.103,0.534,0.02,4.168,0.001,0.506,0.0,0.11,0.904
3,False,0.141,0.376,0.02,2.239,-0.002,0.503,0.0,0.192,0.967
3,False,0.101,0.691,0.02,2.247,0.109,0.786,0.0,0.098,1.922
3,False,0.333,0.549,0.02,3.244,-0.096,0.509,0.0,0.432,2.853
3,False,0.212,0.34,0.02,0.578,-0.107,0.52,0.0,0.367,2.353
3,False,-0.334,0.525,0.02,3.812,-0.0,0.5,0.0,0.335,0.669
3,False,0.385,0.442,0.02,4.866,-0.0,0.5,-0.0,0.39,1.723
3,False,-0.321,0.485,0.02,2.527,-0.0,0.5,-0.0,0.322,0.615
3,False,0.377,0.391,0.02,5.213,0.007,0.383,0.0,0.371,3.131
3,False,-0.098,0.399,0.02,5.237,0.25,0.379,0.0,0.349,1.47
2,False,0.034,0.556,0.02,1.709,0.095,0.598,0.063,0.085,1.571
3,False,0.154,0.44,0.02,0.029,0.004,0.488,0.0,0.158,2.953
3,False,0.018,0.564,0.02,1.593,-0.085,0.623,0.0,0.12,1.559
3,False,-0.305,0.34,0.02,1.765,0.037,0.421,0.0,0.352,1.686
3,False,0.251,0.56,0.02,0.564,0.032,0.517,0.0,0.225,1.908
3,False,-0.178,0.327,0.02,4.608,0.02,0.504,0.0,0.267,1.493
3,False,0.307,0.491,0.02,3.151,-0.081,0.35,0.0,0.414,1.354
3,False,0.342,0.605,0.02,1.165,-0.001,0.385,0.06,0.409,3.096
3,False,0.039,0.349,0.02,2.624,0.015,0.48,0.0,0.134,0.201
3,False,0.079,0.637,0.02,1.007,-0.005,0.506,-0.0,0.157,2.01
3,False,-0.398,0.665,0.02,1.977,0.012,0.378,0.0,0.501,1.82
3,False,0.041,0.433,0.02,4.081,0.056,0.528,0.0,0.098,1.248
3,False,-0.053,0.378,0.02,1.343,0.0,0.5,0.0,0.135,1.798
3,False,0.127,0.337,0.02,2.356,-0.411,0.651,0.0,0.624,1.854
3,False,-0.274,0.533,0.02,1.524,-0.0,0.5,0.0,0.277,1.618
3,False,-0.329,0.363,0.02,1.189,0.24,0.708,0.0,0.665,0.773
3,False,-0.366,0.599,0.02,5.86,0.084,0.643,0.0,0.452,1.639
3,False,-0.292,0.669,0.02,5.32,0.283,0.347,0.0,0.659,0.356
3,False,0.374,0.579,0.02,0.664,-0.007,0.443,0.0,0.405,2.271
3,False,0.261,0.45,0.02,3.917,-0.005,0.495,-0.0,0.27,0.555
3,False,-0.4,0.357,0.02,5.084,0.05,0.68,0.0,0.554,0.354
3,False,-0.103,0.515,0.02,5.213,0.088,0.786,-0.0,0.332,1.977
3,False,0.144,0.606,0.02,1.493,0.104,0.529,0.0,0.089,0.751
3,False,-0.098,0.309,0.02,0.272,-0.0,0.5,0.0,0.216,2.873
3,False,0.261,0.469,0.02,5.235,0.247,0.617,0.0,0.15,1.88
3,False,0.274,0.659,0.02,5.234,0.176,0.423,-0.0,0.257,2.323
3,False,0.093,0.545,0.02,1.959,-0.148,0.61,0.0,0.25,0.508
3,False,0.339,0.674,0.02,0.335,0.258,0.533,0.0,0.164,2.611
3,False,0.057,0.379,0.02,3.013,-0.104,0.419,0.0,0.167,1.332
3,False,0.279,0.56,0.02,5.444,0.013,0.51,-0.0,0.271,2.225
3,False,-0.246,0.637,0.02,0.295,-0.0,0.5,0.0,0.282,2.848
2,False,0.052,0.41,0.02,6.254,-0.024,0.703,0.059,0.305,1.902
3,False,-0.22,0.624,0.02,1.916,0.104,0.543,0.0,0.334,1.435
3,False,-0.139,0.63,0.02,0.759,-0.132,0.449,0.0,0.182,2.114
3,False,0.375,0.554,0.02,5.442,0.087,0.575,0.0,0.289,2.381
3,False,-0.108,0.386,0.02,1.385,0.117,0.449,0.0,0.235,2.016
3,False,0.39,0.633,0.02,3.84,0.144,0.429,-0.0,0.321,1.893
2,False,-0.377,0.316,0.02,5.394,-0.161,0.511,0.185,0.335,0.474
3,False,-0.175,0.648,0.02,4.536,-0.0,0.513,0.0,0.221,1.301
3,False,-0.15,0.632,0.02,0.137,-0.018,0.419,-0.0,0.252,1.696
3,False,-0.178,0.453,0.02,5.183,0.097,0.288,0.0,0.321,1.664
3,False,-0.287,0.312,0.02,2.755,0.092,0.328,0.0,0.38,2.116
3,False,0.293,0.42,0.02,4.7,0.052,0.42,0.0,0.242,1.194
3,False,0.166,0.441,0.02,5.213,0.008,0.572,0.0,0.207,1.286
3,False,-0.007,0.571,0.02,6.226,0.037,0.482,-0.0,0.101,2.231
3,False,0.39,0.593,0.02,5.104,0.005,0.504,-0.0,0.396,2.174
3,False,-0.395,0.371,0.02,4.058,0.007,0.513,0.0,0.427,1.035
3,False,0.398,0.677,0.02,0.387,0.208,0.603,0.0,0.205,3.109
3,False,-0.039,0.686,0.02,4.974,0.011,0.544,0.0,0.152,1.148
3,False,-0.065,0.594,0.02,1.704,0.041,0.512,0.0,0.135,1.263
3,False,-0.117,0.654,0.02,2.17,-0.163,0.341,-0.0,0.317,0.103
3,False,0.299,0.486,0.02,4.62,-0.022,0.213,0.0,0.422,0.382
3,False,-0.35,0.455,0.02,5.149,-0.1,0.644,0.0,0.314,1.179
3,False,0.157,0.553,0.02,4.559,-0.0,0.5,0.0,0.167,1.414
3,False,-0.26,0.484,0.02,1.729,0.037,0.379,0.0,0.315,0.387
3,False,-0.196,0.331,0.02,2.548,0.19,0.6,0.0,0.471,0.294
3,False,-0.017,0.661,0.02,1.712,-0.257,0.505,-0.0,0.287,1.29
3,False,-0.079,0.425,0.02,3.297,-0.0,0.5,-0.0,0.11,0.155
3,False,-0.25,0.346,0.02,3.422,0.041,0.392,0.0,0.296,0.65
3,False,-0.024,0.339,0.02,4.751,0.018,0.527,-0.0,0.194,1.962
3,False,0.393,0.672,0.02,3.819,0.023,0.402,0.0,0.458,2.194
3,False,0.266,0.456,0.02,6.143,0.191,0.583,0.139,0.19,2.747
3,False,-0.226,0.36,0.02,0.248,0.007,0.46,-0.0,0.254,2.468
3,False,0.102,0.43,0.02,1.364,0.048,0.534,0.0,0.119,1.552
3,False,0.038,0.465,0.02,0.533,-0.018,0.78,-0.0,0.321,2.682
3,False,0.012,0.308,0.02,1.386,-0.0,0.5,-0.0,0.193,1.756
3,False,-0.314,0.388,0.02,6.013,0.357,0.314,0.0,0.676,2.612
3,False,0.105,0.635,0.02,5.907,-0.052,0.411,-0.0,0.275,1.426
3,False,-0.309,0.339,0.02,2.229,-0.013,0.503,0.0,0.339,0.963
3,False,0.256,0.446,0.02,3.656,0.0,0.447,0.0,0.257,0.632
3,False,-0.262,0.641,0.02,0.316,0.016,0.511,0.0,0.308,2.557
3,False,0.241,0.365,0.02,6.164,0.157,0.379,0.0,0.088,1.13
3,False,-0.212,0.569,0.02,5.329,0.241,0.23,0.0,0.566,0.494
3,False,-0.126,0.378,0.02,5.076,0.028,0.461,0.0,0.176,1.937
3,False,0.228,0.319,0.02,3.257,0.234,0.286,0.0,0.039,0.476
3,False,0.22,0.648,0.02,0.385,0.172,0.485,0.0,0.171,2.881
3,False,-0.327,0.48,0.02,2.194,0.347,0.355,0.0,0.686,1.335
3,False,-0.357,0.451,0.02,0.221,0.017,0.466,0.0,0.375,3.04
3,False,-0.214,0.327,0.02,3.484,-0.073,0.593,0.0,0.302,0.887
3,False,-0.203,0.586,0.02,1.202,0.072,0.633,0.0,0.279,2.145
3,False,-0.197,0.358,0.02,5.678,0.127,0.471,0.0,0.344,2.529
3,False,-0.277,0.4,0.02,3.463,0.001,0.501,0.0,0.297,0.347
3,False,-0.317,0.353,0.02,4.842,0.001,0.265,0.0,0.33,3.05
3,False,-0.006,0.492,0.02,1.69,0.096,0.68,0.0,0.215,2.192
3,False,0.242,0.59,0.02,1.755,0.061,0.53,0.0,0.191,1.203
3,False,-0.321,0.555,0.02,0.422,0.083,0.608,0.063,0.409,2.687
3,False,0.184,0.468,0.02,4.983,-0.018,0.464,-0.0,0.203,1.453
3,False,-0.194,0.669,0.02,2.742,0.004,0.502,0.0,0.26,0.333
3,False,-0.085,0.416,0.02,5.877,0.035,0.577,0.0,0.202,2.649
3,False,-0.1,0.397,0.02,1.953,0.103,0.362,-0.0,0.208,0.014
3,False,0.37,0.579,0.02,5.486,-0.001,0.5,0.0,0.38,2.354
3,False,0.056,0.307,0.02,0.185,0.048,0.496,0.0,0.19,1.86
3,False,0.212,0.695,0.02,6.165,0.008,0.481,0.0,0.296,3.038
3,False,0.137,0.367,0.02,2.893,0.007,0.505,0.0,0.191,0.388
3,False,-0.084,0.414,0.02,2.694,-0.045,0.627,0.0,0.218,0.204
3,False,-0.284,0.603,0.02,1.49,-0.0,0.5,-0.0,0.302,1.653
3,False,-0.066,0.481,0.02,3.869,-0.017,0.532,0.0,0.074,0.241
3,False,-0.135,0.622,0.02,0.111,-0.0,0.5,-0.0,0.184,3.031
3,False,-0.017,0.582,0.02,0.079,0.265,0.727,0.0,0.318,2.733
3,False,-0.139,0.486,0.02,6.031,0.431,0.6,0.0,0.581,2.968
3,False,-0.22,0.46,0.02,0.513,-0.0,0.479,0.0,0.222,2.634
3,False,0.277,0.368,0.02,0.602,-0.004,0.494,0.0,0.309,2.63
3,False,-0.031,0.537,0.02,0.18,-0.092,0.687,0.0,0.163,2.685
3,False,-0.34,0.346,0.02,2.7,0.005,0.5,0.0,0.378,0.468
3,False,-0.158,0.377,0.02,6.039,-0.119,0.584,-0.0,0.211,2.357
3,False,0.36,0.436,0.02,3.506,0.029,0.539,-0.0,0.347,0.356
3,False,-0.363,0.56,0.02,1.849,-0.006,0.494,0.0,0.364,1.158
3,False,0.223,0.56,0.02,4.945,-0.212,0.615,-0.0,0.438,2.92
3,False,0.354,0.427,0.02,1.771,0.062,0.684,-0.0,0.389,0.047
3,False,-0.234,0.493,0.02,3.334,0.056,0.442,0.0,0.295,0.374
3,False,-0.04,0.303,0.02,0.41,-0.0,0.5,0.0,0.203,2.734
3,False,-0.148,0.568,0.02,2.088,-0.141,0.438,0.0,0.132,1.711
3,False,-0.01,0.592,0.02,3.15,-0.065,0.46,0.0,0.144,1.524
3,False,-0.211,0.497,0.02,0.872,0.017,0.444,0.0,0.235,1.813
3,False,-0.126,0.559,0.02,0.219,-0.069,0.545,0.0,0.062,2.823
3,False,-0.246,0.533,0.02,2.776,0.022,0.546,0.0,0.269,0.354
3,False,-0.293,0.459,0.02,3.854,-0.072,0.405,0.0,0.228,1.828
3,False,-0.397,0.56,0.02,5.622,0.008,0.505,0.0,0.409,2.345
3,False,0.121,0.303,0.02,3.291,0.004,0.51,0.0,0.239,0.249
3,False,-0.003,0.61,0.02,6.241,-0.083,0.661,0.0,0.097,3.002
3,False,0.255,0.3,0.02,5.837,0.033,0.474,-0.0,0.283,2.578
3,False,0.245,0.471,0.02,0.001,-0.013,0.506,0.0,0.261,2.888
3,False,0.332,0.42,0.02,5.821,-0.001,0.518,0.0,0.348,2.489
3,False,-0.369,0.372,0.02,1.616,0.03,0.436,0.0,0.405,3.139
3,False,-0.264,0.535,0.02,3.465,0.239,0.378,0.0,0.527,0.76
3,False,0.036,0.457,0.02,2.782,0.273,0.342,0.0,0.264,0.605
3,False,-0.34,0.686,0.02,0.41,-0.01,0.504,-0.0,0.378,2.86
3,False,-0.038,0.341,0.02,3.423,-0.037,0.516,0.0,0.176,0.887
3,False,0.254,0.432,0.02,1.87,-0.177,0.55,0.0,0.447,1.434
3,False,-0.152,0.54,0.02,2.963,-0.0,0.5,-0.0,0.159,0.179
3,False,-0.005,0.515,0.02,4.498,0.001,0.498,0.0,0.027,1.388
3,False,-0.104,0.659,0.02,3.662,0.12,0.226,0.0,0.488,1.32
3,False,0.37,0.596,0.02,4.46,0.0,0.5,0.0,0.383,1.318
3,False,-0.201,0.301,0.02,1.121,0.003,0.486,-0.0,0.277,2.233
3,False,-0.272,0.444,0.02,3.471,-0.179,0.672,0.0,0.247,0.425
3,False,0.076,0.349,0.02,1.884,-0.118,0.471,0.0,0.229,0.864
3,False,0.38,0.693,0.02,1.16,-0.052,0.568,-0.0,0.449,3.101
3,False,-0.014,0.489,0.02,4.034,0.0,0.561,0.0,0.076,1.753
3,False,0.034,0.48,0.02,1.164,0.243,0.647,0.0,0.268,0.501
3,False,-0.262,0.559,0.02,2.707,0.102,0.209,-0.0,0.505,0.144
3,False,-0.381,0.516,0.02,3.335,-0.004,0.508,0.0,0.378,0.418
3,False,0.377,0.442,0.02,4.618,-0.02,0.508,0.203,0.442,2.981
3,False,-0.28,0.402,0.02,6.213,-0.167,0.278,0.0,0.169,2.919
3,False,-0.306,0.434,0.02,3.742,0.045,0.546,0.0,0.369,0.276
3,False,-0.011,0.307,0.02,5.637,0.0,0.5,0.0,0.195,2.495
3,False,-0.026,0.602,0.02,1.925,0.009,0.398,-0.0,0.208,0.914
3,False,-0.366,0.565,0.02,4.865,0.097,0.197,0.0,0.592,1.465
3,False,-0.398,0.319,0.02,3.876,0.17,0.454,-0.0,0.585,2.27
3,False,-0.352,0.377,0.02,2.062,0.232,0.576,-0.0,0.617,0.939
3,False,0.385,0.68,0.02,5.054,-0.0,0.5,-0.0,0.426,1.912
3,False,-0.058,0.644,0.02,5.054,-0.0,0.5,0.0,0.156,1.91
3,False,-0.038,0.675,0.02,0.43,-0.004,0.571,0.0,0.111,2.65
3,False,0.06,0.34,0.02,1.72,-0.0,0.5,-0.0,0.172,1.424
3,False,0.161,0.484,0.02,4.381,0.018,0.589,-0.0,0.179,0.2
3,False,-0.224,0.419,0.02,1.765,0.006,0.524,0.309,0.384,2.873
3,False,-0.103,0.654,0.02,4.786,-0.134,0.422,0.0,0.235,3.045
3,False,0.153,0.615,0.02,0.332,0.005,0.499,0.0,0.19,2.787
3,False,-0.367,0.36,0.02,1.29,0.019,0.496,-0.0,0.41,2.009
3,False,-0.04,0.671,0.02,1.036,0.03,0.509,-0.0,0.177,1.77
3,False,-0.387,0.353,0.02,0.04,0.009,0.436,0.0,0.405,2.389
3,False,-0.392,0.62,0.02,3.689,-0.113,0.784,0.0,0.324,0.523
3,False,0.376,0.521,0.02,6.08,-0.0,0.5,-0.0,0.377,2.938
3,False,-0.136,0.351,0.02,0.459,-0.204,0.671,0.0,0.328,2.286
3,False,-0.086,0.492,0.02,4.283,0.036,0.502,-0.0,0.124,0.513
3,False,0.022,0.507,0.02,2.579,0.08,0.574,-0.0,0.091,0.713
3,False,-0.388,0.318,0.02,4.235,0.013,0.508,0.0,0.445,1.105
3,False,0.18,0.698,0.02,0.637,-0.017,0.527,0.0,0.262,2.006
3,False,0.319,0.335,0.02,2.557,0.054,0.509,0.0,0.317,0.247
3,False,0.157,0.36,0.02,4.713,0.0,0.5,0.0,0.211,1.571
3,False,0.048,0.496,0.02,0.714,-0.108,0.465,0.0,0.161,1.693
3,False,0.242,0.533,0.02,1.883,0.08,0.629,0.0,0.189,0.993
3,False,0.004,0.322,0.02,0.957,0.107,0.491,0.0,0.199,0.866
3,False,0.221,0.303,0.02,5.934,0.15,0.558,0.0,0.266,1.787
3,False,-0.136,0.689,0.02,0.931,0.193,0.313,0.0,0.5,2.721
3,False,-0.289,0.368,0.02,4.682,0.0,0.499,0.0,0.318,1.542
3,False,-0.392,0.316,0.02,1.283,0.023,0.547,0.0,0.475,2.38
3,False,0.239,0.586,0.02,2.914,-0.137,0.423,0.0,0.41,0.927
3,False,-0.372,0.355,0.02,5.172,0.022,0.369,0.0,0.395,1.285
3,False,0.059,0.608,0.02,4.482,0.081,0.477,-0.0,0.135,2.194
3,False,0.09,0.651,0.02,5.947,-0.0,0.5,0.0,0.176,2.803
3,False,0.103,0.328,0.02,0.611,-0.123,0.401,0.0,0.238,2.745
3,False,-0.157,0.385,0.02,5.224,-0.113,0.661,0.0,0.281,1.23
3,False,0.2,0.596,0.02,3.044,-0.001,0.51,0.0,0.219,0.223
3,False,0.309,0.603,0.02,2.416,-0.278,0.373,0.0,0.631,1.408
3,False,0.385,0.393,0.02,0.38,-0.058,0.591,0.0,0.485,3.116
3,False,0.035,0.543,0.02,4.249,-0.0,0.5,0.0,0.059,1.105
3,False,-0.003,0.482,0.02,6.058,0.102,0.475,0.0,0.108,2.21
3,False,0.139,0.423,0.02,2.966,0.12,0.62,0.0,0.199,0.851
3,False,0.048,0.661,0.02,4.992,0.048,0.449,0.0,0.213,3.09
3,False,0.313,0.311,0.02,5.99,-0.122,0.463,0.0,0.462,2.938
3,False,-0.127,0.351,0.02,2.79,-0.312,0.696,0.0,0.392,0.281
3,False,0.38,0.35,0.02,0.615,0.042,0.577,0.0,0.407,3.002
3,False,0.077,0.624,0.02,5.433,0.279,0.423,0.0,0.286,0.255
3,False,0.255,0.462,0.02,1.738,0.144,0.552,0.0,0.145,2.763
3,False,0.008,0.304,0.02,4.688,-0.073,0.475,-0.0,0.19,1.483
3,False,-0.105,0.587,0.02,1.356,0.021,0.537,-0.0,0.137,1.875
3,False,-0.325,0.307,0.02,0.949,0.024,0.5,0.0,0.4,1.731
3,False,-0.145,0.612,0.02,5.193,0.114,0.324,0.0,0.389,1.951
3,False,-0.376,0.312,0.02,0.558,-0.165,0.253,0.0,0.22,2.635
3,False,-0.328,0.667,0.02,0.979,0.027,0.538,0.0,0.378,2.855
3,False,-0.263,0.405,0.02,3.316,-0.154,0.481,0.0,0.134,1.04
3,False,-0.386,0.675,0.02,2.489,-0.0,0.351,0.0,0.505,1.987
3,False,0.144,0.373,0.02,1.217,-0.038,0.434,0.0,0.193,3.126
3,False,-0.198,0.467,0.02,3.519,-0.0,0.5,-0.0,0.201,0.376
3,False,-0.279,0.405,0.02,3.583,0.003,0.502,-0.0,0.299,0.563
3,False,-0.356,0.507,0.02,5.791,0.107,0.543,-0.0,0.466,2.395
3,False,-0.055,0.688,0.02,5.69,0.187,0.339,-0.0,0.426,2.259
3,False,0.302,0.557,0.02,3.093,-0.041,0.578,-0.0,0.344,1.151
3,False,-0.078,0.698,0.02,3.614,0.008,0.496,0.0,0.22,0.488
3,False,0.05,0.396,0.02,3.235,0.029,0.23,-0.0,0.168,0.35
3,False,-0.398,0.656,0.02,1.369,0.167,0.786,0.0,0.58,1.861
3,False,-0.365,0.638,0.02,5.845,0.0,0.607,0.0,0.367,2.667
3,False,0.3,0.459,0.02,5.573,-0.039,0.595,0.0,0.366,1.438
3,False,0.157,0.689,0.02,0.381,-0.014,0.459,-0.0,0.288,3.127
3,False,0.035,0.353,0.02,2.037,-0.005,0.503,0.0,0.157,1.211
3,False,-0.288,0.584,0.02,3.846,0.056,0.529,0.0,0.348,1.411
3,False,-0.164,0.579,0.02,4.44,0.043,0.514,0.0,0.218,0.031
3,False,-0.127,0.487,0.02,4.506,0.259,0.49,0.0,0.386,1.829
3,False,0.221,0.639,0.02,5.146,-0.076,0.446,-0.0,0.354,2.274
3,False,0.076,0.537,0.02,1.917,0.017,0.512,0.0,0.067,1.109
3,False,-0.26,0.501,0.02,4.087,-0.014,0.53,0.0,0.248,1.548
3,False,-0.275,0.632,0.02,3.5,0.09,0.569,0.0,0.371,0.188
3,False,0.321,0.514,0.02,3.646,0.068,0.667,0.0,0.296,0.287
3,False,0.346,0.526,0.02,3.791,-0.264,0.797,0.0,0.668,0.782
3,False,0.293,0.473,0.02,1.748,-0.111,0.391,0.0,0.412,0.335
3,False,-0.248,0.457,0.02,2.728,0.045,0.644,0.0,0.347,1.218
3,False,-0.012,0.599,0.02,5.058,-0.151,0.456,0.0,0.201,0.194
3,False,-0.159,0.384,0.02,4.081,-0.0,0.5,0.0,0.198,0.936
3,False,-0.156,0.393,0.02,1.028,0.0,0.5,0.0,0.191,2.113
3,False,-0.272,0.309,0.02,2.109,0.071,0.531,-0.0,0.409,0.208
3,False,0.202,0.55,0.02,5.198,0.093,0.519,0.0,0.116,1.045
3,False,-0.316,0.638,0.02,4.73,-0.027,0.355,0.0,0.405,2.584
3,False,-0.337,0.638,0.02,0.113,0.0,0.504,-0.0,0.364,3.089
3,False,0.186,0.394,0.02,4.139,-0.0,0.5,0.0,0.216,0.994
3,False,-0.101,0.506,0.02,4.216,-0.116,0.267,0.0,0.241,1.502
3,False,0.352,0.305,0.02,4.114,-0.087,0.691,0.0,0.585,1.348
3,False,-0.191,0.37,0.02,5.131,0.012,0.502,0.0,0.243,2.064
3,False,-0.008,0.339,0.02,5.584,-0.039,0.401,-0.0,0.072,0.849
3,False,0.295,0.35,0.02,4.387,0.064,0.514,0.0,0.284,0.813
3,False,0.059,0.605,0.02,2.058,0.287,0.267,0.0,0.409,1.275
3,False,0.248,0.318,0.02,3.354,-0.008,0.488,0.0,0.308,0.064
3,False,0.022,0.665,0.02,2.628,-0.001,0.444,0.0,0.223,0.913
3,False,-0.266,0.594,0.02,4.12,0.036,0.628,0.0,0.305,0.055
3,False,-0.239,0.441,0.02,1.359,0.05,0.578,-0.0,0.321,0.597
3,False,0.088,0.305,0.02,1.427,0.026,0.504,-0.0,0.209,1.583
3,False,0.206,0.437,0.02,0.783,-0.131,0.325,0.0,0.356,0.834
3,False,-0.38,0.636,0.02,2.852,0.001,0.542,0.0,0.392,0.075
3,False,-0.264,0.388,0.02,2.893,0.009,0.506,0.0,0.298,0.413
3,False,0.05,0.377,0.02,3.295,0.121,0.468,0.0,0.117,0.209
3,False,-0.212,0.691,0.02,2.754,-0.0,0.5,0.0,0.286,0.39
3,False,0.235,0.6,0.02,0.665,-0.05,0.203,-0.0,0.489,2.504
3,False,-0.204,0.588,0.02,2.378,0.005,0.516,0.0,0.222,0.731
3,False,-0.082,0.372,0.02,0.649,0.008,0.376,-0.0,0.092,2.549
3,False,0.031,0.338,0.02,5.866,0.086,0.507,0.0,0.179,2.171
3,False,0.184,0.673,0.02,1.395,-0.023,0.458,-0.0,0.298,2.846
3,False,0.223,0.307,0.02,5.305,-0.095,0.507,-0.0,0.376,1.151
3,False,-0.043,0.599,0.02,2.808,-0.034,0.579,-0.0,0.03,0.324
1,False,0.325,0.615,0.02,6.194,0.12,0.416,0.084,0.292,2.059
3,False,0.028,0.483,0.02,0.765,0.02,0.297,0.0,0.187,1.803
3,False,-0.224,0.52,0.02,4.287,-0.2,0.726,0.0,0.209,0.152
3,False,0.155,0.636,0.02,2.991,-0.085,0.675,0.0,0.244,0.559
3,False,0.211,0.509,0.02,3.152,0.119,0.548,0.0,0.102,1.744
3,False,-0.332,0.303,0.02,3.7,-0.015,0.524,0.0,0.387,0.782
3,False,-0.247,0.544,0.02,1.253,-0.0,0.5,-0.0,0.251,1.879
3,False,0.019,0.512,0.02,3.17,-0.008,0.512,0.0,0.033,0.301
3,False,0.387,0.415,0.02,4.193,-0.134,0.438,0.0,0.522,1.011
3,False,-0.181,0.528,0.02,2.167,-0.0,0.5,0.0,0.184,0.978
3,False,0.219,0.369,0.02,3.965,-0.21,0.618,0.0,0.496,2.049
3,False,0.061,0.531,0.02,4.311,-0.0,0.5,-0.0,0.071,1.168
3,False,0.286,0.551,0.02,0.2,-0.234,0.506,0.0,0.523,0.518
3,False,-0.202,0.639,0.02,5.209,0.006,0.391,-0.0,0.324,1.404
3,False,0.344,0.448,0.02,0.216,-0.016,0.436,0.0,0.361,2.891
3,False,-0.315,0.408,0.02,0.748,0.2,0.254,0.0,0.538,2.393
3,False,0.088,0.509,0.02,4.704,0.013,0.501,0.0,0.078,1.643
3,False,0.095,0.33,0.02,1.507,-0.0,0.5,0.0,0.195,1.638
3,False,0.227,0.549,0.02,0.239,0.142,0.598,0.0,0.1,2.694
3,False,-0.27,0.372,0.02,5.291,-0.247,0.478,0.0,0.11,2.514
3,False,0.135,0.515,0.02,0.331,0.0,0.5,0.0,0.137,2.81
3,False,0.107,0.379,0.02,6.125,0.036,0.58,0.0,0.213,2.891
3,False,0.027,0.445,0.02,3.31,-0.059,0.308,0.0,0.163,1.562
3,False,-0.116,0.4,0.02,2.677,-0.227,0.659,0.0,0.283,1.077
3,False,0.289,0.355,0.02,0.13,0.028,0.518,0.0,0.309,2.788
3,False,-0.328,0.527,0.02,1.716,0.124,0.465,0.0,0.456,0.155
3,False,0.37,0.416,0.02,2.815,0.001,0.52,-0.0,0.385,0.324
3,False,-0.156,0.401,0.02,3.555,0.102,0.619,-0.0,0.338,0.122
3,False,0.194,0.607,0.02,3.94,-0.031,0.606,0.0,0.226,0.067
3,False,0.004,0.664,0.02,0.154,0.04,0.316,0.0,0.35,1.927
3,False,-0.115,0.668,0.02,0.161,0.027,0.776,0.0,0.179,2.98
3,False,0.357,0.552,0.02,2.198,0.223,0.391,0.0,0.211,2.679
3,False,0.254,0.303,0.02,1.695,0.023,0.506,-0.0,0.308,1.369
3,False,-0.058,0.41,0.02,0.112,0.126,0.498,0.0,0.205,3.131
3,False,-0.275,0.512,0.02,0.164,0.006,0.504,0.0,0.282,2.877
3,False,-0.289,0.596,0.02,3.083,0.044,0.581,0.0,0.334,0.773
2,False,0.304,0.605,0.02,5.573,-0.002,0.564,0.086,0.316,1.46
3,False,0.095,0.613,0.02,4.229,0.0,0.5,0.0,0.149,1.087
3,False,-0.365,0.686,0.02,6.216,-0.005,0.506,0.0,0.403,3.058
3,False,-0.196,0.537,0.02,0.298,0.25,0.522,0.0,0.447,1.841
3,False,0.36,0.368,0.02,4.462,0.116,0.43,0.0,0.253,1.544
3,False,-0.029,0.46,0.02,5.598,-0.023,0.467,-0.0,0.022,2.123
3,False,-0.151,0.483,0.02,1.481,-0.024,0.494,0.0,0.128,2.851
3,False,0.103,0.66,0.02,6.079,-0.012,0.414,0.0,0.273,2.068
3,False,0.275,0.563,0.02,4.963,0.07,0.557,0.0,0.207,1.8
3,False,-0.189,0.492,0.02,0.521,0.01,0.607,-0.0,0.231,2.394
3,False,-0.304,0.422,0.02,0.9,0.02,0.494,-0.0,0.333,2.307
3,False,-0.39,0.552,0.02,1.926,0.153,0.493,-0.0,0.547,2.786
3,False,-0.311,0.369,0.02,0.858,0.184,0.657,0.0,0.573,2.919
3,False,0.392,0.441,0.02,6.255,-0.013,0.425,0.0,0.405,2.388
3,False,-0.331,0.602,0.02,4.894,0.144,0.542,0.0,0.479,1.622
3,False,0.294,0.617,0.02,1.322,0.044,0.52,0.0,0.269,1.142
3,False,0.383,0.384,0.02,4.365,0.016,0.679,0.0,0.472,0.52
3,False,-0.167,0.327,0.02,1.383,-0.103,0.475,0.0,0.163,0.419
3,False,0.373,0.658,0.02,4.704,-0.0,0.5,0.0,0.406,1.56
3,False,-0.353,0.345,0.02,3.68,0.037,0.489,-0.0,0.416,0.963
3,False,0.345,0.55,0.02,5.804,0.069,0.689,-0.0,0.31,2.55
3,False,-0.155,0.461,0.02,2.561,0.002,0.53,0.0,0.173,0.792
3,False,0.114,0.555,0.02,1.535,-0.068,0.759,0.0,0.274,1.09
3,False,0.149,0.467,0.02,2.47,0.005,0.45,0.0,0.147,0.068
3,False,-0.141,0.428,0.02,0.732,-0.001,0.43,0.0,0.142,2.137
3,False,0.186,0.478,0.02,5.601,-0.48,0.449,0.0,0.667,2.42
3,False,0.288,0.492,0.02,0.576,-0.12,0.386,0.0,0.422,2.25
3,False,-0.235,0.447,0.02,1.554,0.018,0.687,0.0,0.35,1.133
3,False,0.115,0.448,0.02,4.411,-0.113,0.539,-0.0,0.246,0.657
3,False,-0.069,0.423,0.02,1.114,-0.067,0.524,-0.0,0.103,1.767
3,False,0.311,0.47,0.02,4.308,0.082,0.411,-0.0,0.237,1.134
3,False,0.1,0.594,0.02,4.119,0.043,0.498,-0.0,0.114,0.636
3,False,-0.276,0.519,0.02,2.46,0.004,0.48,-0.0,0.283,0.846
3,False,-0.204,0.511,0.02,5.44,-0.0,0.5,-0.0,0.205,2.296
3,False,-0.324,0.363,0.02,5.806,-0.016,0.477,0.0,0.329,2.519
3,False,-0.201,0.614,0.02,3.402,0.058,0.57,0.0,0.264,1.016
3,False,-0.226,0.676,0.02,0.767,0.335,0.673,0.0,0.561,0.491
3,False,-0.398,0.601,0.02,0.321,0.073,0.741,-0.0,0.491,2.095
3,False,0.353,0.34,0.02,5.767,0.017,0.474,-0.0,0.362,2.555
3,False,-0.297,0.354,0.02,3.542,0.093,0.24,0.0,0.406,0.714
3,False,0.095,0.647,0.02,2.253,0.061,0.414,0.0,0.237,0.22
3,False,-0.129,0.43,0.02,3.904,0.248,0.576,-0.0,0.406,1.295
3,False,0.254,0.587,0.02,0.555,0.01,0.481,-0.0,0.267,3.018
3,False,-0.253,0.627,0.02,1.042,0.004,0.502,0.0,0.286,2.296
3,False,-0.186,0.464,0.02,2.125,-0.0,0.5,0.0,0.191,1.02
3,False,0.054,0.356,0.02,3.767,0.053,0.287,0.0,0.071,0.452
3,False,0.263,0.464,0.02,5.168,0.033,0.327,0.0,0.269,1.03
3,False,-0.05,0.477,0.02,4.12,-0.0,0.5,-0.0,0.058,0.978
3,False,-0.365,0.435,0.02,2.826,0.114,0.52,0.0,0.487,1.147
3,False,-0.194,0.588,0.02,1.327,0.014,0.538,0.0,0.216,1.47
3,False,-0.31,0.388,0.02,2.881,-0.051,0.62,0.0,0.348,0.167
3,False,-0.098,0.615,0.02,5.732,0.083,0.367,0.0,0.308,2.865
3,False,0.055,0.344,0.02,0.223,-0.152,0.701,0.0,0.414,2.782
3,False,0.063,0.588,0.02,1.467,0.003,0.405,0.0,0.194,2.893
3,False,0.391,0.598,0.02,4.474,0.051,0.477,0.0,0.361,0.63
3,False,-0.191,0.341,0.02,4.717,0.163,0.409,0.0,0.361,0.842
3,False,-0.052,0.48,0.02,1.548,-0.0,0.5,-0.0,0.059,1.594
3,False,0.128,0.334,0.02,1.37,-0.004,0.505,-0.0,0.216,1.657
3,False,0.259,0.493,0.02,2.432,-0.0,0.5,-0.0,0.26,0.712
3,False,-0.15,0.604,0.02,4.516,-0.0,0.5,-0.0,0.183,1.374
3,False,0.166,0.689,0.02,3.403,-0.096,0.61,0.0,0.275,0.634
3,False,-0.029,0.304,0.02,1.19,-0.0,0.5,-0.0,0.199,1.952
3,False,0.067,0.439,0.02,6.114,-0.014,0.768,0.0,0.339,3.078
3,False,0.191,0.512,0.02,4.505,-0.0,0.5,0.0,0.192,1.361
3,False,0.042,0.433,0.02,6.278,0.092,0.476,0.0,0.069,2.951
3,False,-0.264,0.572,0.02,0.163,-0.092,0.455,0.0,0.208,2.769
3,False,-0.102,0.356,0.02,1.903,0.186,0.37,0.0,0.289,1.628
3,False,0.08,0.61,0.02,4.687,-0.009,0.555,0.0,0.106,0.855
3,False,-0.166,0.368,0.02,3.686,0.04,0.497,0.0,0.244,1.485
3,False,0.172,0.44,0.02,6.283,0.0,0.5,0.0,0.183,3.141
3,False,-0.255,0.616,0.02,5.551,0.179,0.387,0.0,0.491,0.426
3,False,0.132,0.638,0.02,2.754,0.015,0.486,0.0,0.192,0.396
3,False,0.377,0.435,0.02,0.005,-0.154,0.433,0.0,0.531,0.936
3,False,0.11,0.542,0.02,0.001,0.116,0.423,0.0,0.12,1.946
3,False,-0.384,0.432,0.02,5.618,-0.256,0.788,0.0,0.379,2.05
3,False,-0.275,0.471,0.02,0.863,0.146,0.668,-0.0,0.465,2.551
3,False,0.172,0.685,0.02,0.178,-0.081,0.655,0.0,0.256,2.454
3,False,-0.126,0.437,0.02,5.411,0.055,0.38,0.0,0.192,2.527
3,False,0.387,0.377,0.02,0.628,-0.139,0.609,0.201,0.602,2.843
3,False,-0.242,0.595,0.02,0.788,0.012,0.549,0.0,0.259,0.84
3,False,-0.33,0.684,0.02,0.241,0.032,0.572,0.0,0.38,3.068
3,False,0.011,0.461,0.02,3.635,-0.012,0.488,0.0,0.041,0.23
3,False,-0.056,0.388,0.02,0.774,-0.0,0.5,0.0,0.127,2.37
3,False,0.217,0.369,0.02,4.301,0.007,0.504,0.0,0.251,0.971
3,False,0.074,0.489,0.02,3.236,-0.07,0.392,0.0,0.174,2.485
3,False,-0.13,0.381,0.02,4.564,0.023,0.551,-0.0,0.229,1.377
3,False,0.185,0.36,0.02,3.27,-0.306,0.242,0.0,0.506,0.136
3,False,0.231,0.315,0.02,2.501,-0.028,0.376,0.0,0.267,0.819
3,False,-0.064,0.603,0.02,3.08,0.024,0.501,-0.0,0.136,0.052
3,False,-0.171,0.687,0.02,4.172,-0.154,0.27,0.0,0.418,1.475
3,False,-0.188,0.332,0.02,5.728,0.348,0.447,0.0,0.548,1.888
2,False,0.068,0.656,0.02,6.113,0.145,0.655,0.108,0.117,2.295
3,False,-0.112,0.332,0.02,0.897,0.032,0.558,0.0,0.269,1.391
3,False,-0.1,0.628,0.02,3.35,0.004,0.511,-0.0,0.157,0.13
3,False,-0.056,0.657,0.02,5.638,0.001,0.618,0.0,0.072,2.666
3,False,-0.169,0.379,0.02,4.364,-0.318,0.468,0.0,0.175,1.143
3,False,0.033,0.419,0.02,0.177,-0.043,0.454,0.0,0.085,2.728
3,False,0.339,0.447,0.02,1.92,0.016,0.504,-0.0,0.329,1.167
3,False,-0.242,0.441,0.02,3.519,0.352,0.319,-0.0,0.607,0.778
3,False,-0.123,0.385,0.02,0.81,0.082,0.59,0.0,0.29,2.527
3,False,0.333,0.656,0.02,6.196,-0.009,0.413,-0.0,0.42,2.079
3,False,-0.128,0.65,0.02,0.769,-0.056,0.626,0.0,0.079,1.921
3,False,-0.315,0.588,0.02,3.767,0.01,0.546,-0.0,0.328,1.166
3,False,-0.23,0.659,0.02,0.016,0.086,0.654,0.0,0.317,3.14
3,False,0.106,0.376,0.02,1.715,-0.014,0.628,0.0,0.28,2.673
3,False,0.017,0.43,0.02,4.707,0.183,0.443,0.0,0.167,0.6
3,False,-0.379,0.558,0.02,3.121,0.02,0.513,0.0,0.402,0.302
3,False,-0.091,0.415,0.02,0.836,0.078,0.468,0.0,0.178,2.306
3,False,-0.334,0.624,0.02,1.35,0.081,0.353,-0.0,0.496,1.909
3,False,0.092,0.584,0.02,2.109,0.172,0.336,0.0,0.261,0.627
3,False,-0.018,0.548,0.02,0.855,0.029,0.597,0.0,0.07,2.54
3,False,0.058,0.414,0.02,0.292,-0.132,0.617,0.0,0.278,1.43
3,False,0.025,0.606,0.02,0.506,-0.003,0.5,-0.0,0.112,2.629
3,False,-0.372,0.665,0.02,1.869,-0.005,0.422,0.0,0.44,1.364
3,False,0.249,0.607,0.02,4.262,0.038,0.275,-0.0,0.394,1.742
3,False,0.293,0.618,0.02,1.503,0.132,0.383,0.0,0.286,1.306
3,False,-0.063,0.385,0.02,3.019,0.043,0.392,0.0,0.108,0.048
3,False,-0.012,0.39,0.02,5.917,0.033,0.447,0.0,0.076,2.628
3,False,0.048,0.58,0.02,1.253,-0.0,0.5,-0.0,0.096,1.889
3,False,-0.126,0.399,0.02,4.626,-0.22,0.72,-0.0,0.335,1.967
3,False,-0.269,0.338,0.02,5.562,-0.0,0.5,0.0,0.314,2.418
3,False,-0.341,0.6,0.02,1.883,0.016,0.497,-0.0,0.371,1.404
3,False,-0.362,0.493,0.02,1.145,0.012,0.498,0.0,0.375,2.005
3,False,-0.13,0.612,0.02,0.959,0.013,0.484,0.0,0.192,2.416
3,False,-0.25,0.373,0.02,5.589,0.174,0.654,0.0,0.509,1.491
3,False,0.205,0.47,0.02,2.353,0.004,0.503,0.0,0.205,0.635
3,False,0.034,0.691,0.02,4.599,0.0,0.5,0.0,0.195,1.457
3,False,-0.199,0.399,0.02,0.115,0.202,0.597,-0.0,0.448,3.01
3,False,0.189,0.586,0.02,4.22,0.329,0.638,0.0,0.15,0.824
3,False,-0.198,0.675,0.02,2.61,0.09,0.566,-0.0,0.308,0.078
3,False,-0.128,0.618,0.02,0.888,0.078,0.468,0.0,0.256,1.26
3,False,-0.205,0.353,0.02,4.383,-0.009,0.575,0.0,0.297,0.135
2,False,-0.294,0.38,0.02,4.897,0.416,0.41,0.063,0.712,2.307
3,False,-0.304,0.659,0.02,4.386,0.106,0.307,-0.0,0.541,2.507
3,False,-0.292,0.383,0.02,1.006,-0.122,0.523,0.0,0.222,2.339
3,False,0.104,0.365,0.02,0.734,-0.12,0.562,0.0,0.299,3.05
3,False,0.012,0.608,0.02,1.237,0.034,0.604,0.0,0.03,3.111
3,False,-0.131,0.411,0.02,0.426,0.0,0.5,0.0,0.16,2.715
3,False,-0.385,0.354,0.02,0.398,-0.124,0.565,-0.0,0.336,2.42
3,False,0.059,0.641,0.02,5.915,0.136,0.544,0.0,0.126,2.802
3,False,0.118,0.461,0.02,4.145,0.146,0.488,0.0,0.043,1.666
3,False,-0.107,0.323,0.02,3.672,0.009,0.509,0.0,0.22,0.635
3,False,0.061,0.661,0.02,1.765,-0.033,0.702,-0.0,0.105,1.874
3,False,0.358,0.457,0.02,0.604,0.038,0.528,-0.0,0.329,2.761
3,False,0.085,0.636,0.02,4.471,0.181,0.401,0.0,0.255,1.348
3,False,-0.003,0.655,0.02,0.992,0.002,0.495,0.0,0.161,2.063
3,False,0.166,0.438,0.02,0.976,0.028,0.506,0.0,0.156,2.146
3,False,-0.358,0.595,0.02,2.742,0.001,0.5,0.0,0.372,0.406
3,False,-0.041,0.69,0.02,0.177,0.018,0.498,-0.0,0.202,3.035
3,False,-0.196,0.593,0.02,0.789,0.184,0.584,0.0,0.38,2.264
3,False,-0.323,0.517,0.02,3.457,-0.312,0.697,-0.0,0.181,0.379
3,False,0.146,0.381,0.02,5.816,0.154,0.721,0.0,0.341,2.353
3,False,0.253,0.593,0.02,0.912,0.208,0.384,0.0,0.215,0.088
3,False,-0.035,0.573,0.02,1.276,-0.026,0.463,-0.0,0.112,1.367
3,False,0.255,0.408,0.02,1.113,-0.005,0.51,0.0,0.28,2.019
3,False,-0.007,0.388,0.02,2.255,0.002,0.467,0.0,0.083,0.502
3,False,-0.345,0.404,0.02,3.928,0.159,0.743,0.0,0.608,0.846
2,False,-0.011,0.353,0.02,1.758,-0.184,0.552,0.192,0.314,3.055
3,False,0.289,0.445,0.02,4.401,0.25,0.26,0.0,0.189,1.097
3,False,0.008,0.509,0.02,3.357,-0.124,0.442,0.0,0.15,1.969
3,False,0.253,0.456,0.02,2.34,-0.188,0.583,-0.0,0.459,1.453
3,False,0.333,0.611,0.02,3.994,-0.079,0.432,-0.0,0.449,0.157
3,False,-0.16,0.361,0.02,0.038,0.004,0.479,-0.0,0.203,2.997
3,False,-0.276,0.551,0.02,1.96,-0.0,0.5,0.0,0.281,1.185
3,False,0.284,0.388,0.02,1.686,0.132,0.337,-0.0,0.162,2.546
3,False,0.366,0.421,0.02,5.867,0.024,0.47,-0.0,0.345,2.722
3,False,0.014,0.325,0.02,4.885,0.004,0.503,0.0,0.179,1.772
3,False,0.278,0.431,0.02,6.021,0.024,0.5,0.0,0.264,2.695
3,False,-0.043,0.365,0.02,2.683,-0.048,0.574,0.0,0.21,1.9
3,False,-0.159,0.422,0.02,2.797,0.024,0.506,0.0,0.203,0.345
3,False,0.228,0.567,0.02,1.387,0.0,0.506,0.0,0.236,1.52
3,False,-0.302,0.491,0.02,1.323,0.05,0.492,0.0,0.352,0.979
3,False,0.111,0.62,0.02,1.161,-0.0,0.5,-0.0,0.165,1.981
3,False,0.245,0.613,0.02,3.141,-0.191,0.622,0.0,0.436,0.506
3,False,0.163,0.63,0.02,4.282,-0.062,0.673,0.0,0.23,0.651
3,False,-0.099,0.627,0.02,3.349,-0.223,0.667,0.0,0.132,1.111
3,False,-0.185,0.651,0.02,2.034,0.005,0.664,0.0,0.191,0.282
3,False,-0.024,0.373,0.02,0.451,-0.001,0.499,0.0,0.13,2.688
3,False,0.243,0.492,0.02,0.761,0.051,0.479,0.0,0.193,1.981
3,False,-0.309,0.693,0.02,6.027,0.171,0.803,0.0,0.492,2.382
3,False,0.138,0.544,0.02,2.66,-0.01,0.518,0.0,0.152,0.777
3,False,-0.361,0.688,0.02,5.035,-0.051,0.62,0.0,0.318,0.64
3,False,0.269,0.544,0.02,5.539,-0.162,0.527,0.0,0.432,3.009
3,False,0.332,0.467,0.02,5.578,-0.059,0.491,0.0,0.393,3.034
3,False,-0.364,0.638,0.02,1.948,0.084,0.456,0.0,0.484,2.483
3,False,0.344,0.343,0.02,4.675,0.115,0.381,-0.0,0.233,1.518
3,False,-0.221,0.44,0.02,3.86,-0.095,0.61,0.0,0.212,0.264
3,False,0.312,0.619,0.02,0.914,-0.099,0.431,0.0,0.452,1.269
3,False,-0.371,0.598,0.02,4.725,-0.013,0.534,0.0,0.364,1.783
3,False,0.092,0.442,0.02,1.228,0.0,0.5,0.0,0.111,1.913
3,False,-0.113,0.357,0.02,0.609,0.0,0.539,-0.0,0.216,3.051
3,False,-0.321,0.688,0.02,2.018,-0.003,0.621,0.0,0.326,1.274
3,False,-0.368,0.526,0.02,1.987,-0.0,0.5,0.0,0.369,1.157
3,False,-0.122,0.597,0.02,0.808,-0.0,0.5,-0.0,0.157,2.334
3,False,0.142,0.424,0.02,2.768,-0.0,0.5,-0.0,0.163,0.375
3,False,0.302,0.355,0.02,5.926,-0.0,0.5,0.0,0.336,2.782
3,False,-0.14,0.462,0.02,1.608,-0.022,0.511,0.0,0.129,1.589
3,False,-0.012,0.403,0.02,0.967,0.127,0.382,0.0,0.142,2.624
3,False,-0.059,0.549,0.02,4.637,0.051,0.165,-0.0,0.399,1.216
3,False,0.114,0.362,0.02,3.167,-0.006,0.449,0.0,0.149,0.652
3,False,0.143,0.335,0.02,2.413,-0.283,0.556,0.0,0.48,0.377
3,False,0.194,0.39,0.02,4.061,-0.201,0.301,0.0,0.405,0.836
3,False,-0.05,0.52,0.02,4.754,0.038,0.482,0.0,0.098,0.9
3,False,0.004,0.378,0.02,5.675,0.014,0.501,0.0,0.125,2.534
3,False,-0.169,0.483,0.02,1.934,-0.0,0.5,-0.0,0.171,1.208
3,False,0.193,0.394,0.02,0.529,-0.088,0.513,0.0,0.305,1.308
3,False,-0.285,0.461,0.02,3.821,0.122,0.653,0.0,0.45,0.988
3,False,-0.121,0.44,0.02,5.817,-0.037,0.74,0.0,0.312,0.798
3,False,0.004,0.33,0.02,0.98,0.498,0.557,0.0,0.544,2.334
3,False,0.174,0.399,0.02,1.538,0.108,0.594,0.0,0.207,2.073
3,False,0.237,0.413,0.02,1.25,-0.149,0.681,0.0,0.47,1.879
3,False,-0.122,0.559,0.02,3.52,-0.015,0.569,0.0,0.11,0.843
3,False,0.013,0.37,0.02,0.101,-0.006,0.467,0.0,0.101,2.787
3,False,-0.254,0.509,0.02,3.415,0.033,0.543,0.0,0.29,0.668
3,False,-0.232,0.514,0.02,2.988,-0.152,0.582,-0.0,0.107,0.153
3,False,0.103,0.633,0.02,2.519,0.097,0.522,0.0,0.113,1.374
1,False,-0.226,0.367,0.02,3.665,-0.048,0.599,0.098,0.302,2.566
3,False,-0.16,0.69,0.02,5.862,-0.153,0.451,0.0,0.24,2.995
3,False,0.148,0.497,0.02,5.312,0.079,0.515,0.0,0.074,1.812
3,False,-0.366,0.607,0.02,2.644,-0.057,0.214,0.0,0.501,1.665
3,False,-0.27,0.581,0.02,2.514,0.085,0.666,0.0,0.366,0.231
3,False,-0.196,0.622,0.02,1.605,0.012,0.502,0.0,0.241,1.474
3,False,-0.39,0.491,0.02,2.245,-0.083,0.418,0.0,0.317,0.344
3,False,-0.168,0.453,0.02,4.047,0.109,0.449,0.0,0.278,0.522
3,False,-0.324,0.625,0.02,0.232,-0.053,0.408,0.0,0.347,2.185
3,False,0.392,0.389,0.02,0.004,-0.015,0.556,0.0,0.441,2.684
3,False,0.029,0.36,0.02,1.451,0.039,0.533,0.0,0.174,1.782
3,False,0.029,0.585,0.02,6.256,-0.0,0.5,-0.0,0.092,3.113
3,False,-0.031,0.609,0.02,4.902,-0.0,0.507,0.0,0.108,1.66
3,False,-0.156,0.425,0.02,6.215,0.164,0.438,0.0,0.321,2.475
3,False,-0.023,0.557,0.02,5.899,-0.0,0.5,0.0,0.064,2.755
3,False,0.079,0.691,0.02,5.881,0.056,0.455,0.0,0.238,2.719
3,False,0.243,0.683,0.02,5.421,0.07,0.504,0.0,0.25,2.789
3,False,0.38,0.406,0.02,1.689,-0.018,0.593,0.0,0.44,0.892
3,False,-0.242,0.366,0.02,6.083,0.148,0.563,0.0,0.437,1.376
3,False,0.012,0.595,0.02,0.289,0.041,0.512,-0.0,0.091,2.76
3,False,0.392,0.51,0.02,0.793,0.022,0.529,0.0,0.372,2.827
3,False,0.314,0.497,0.02,0.998,0.031,0.499,0.0,0.283,2.506
3,False,-0.221,0.574,0.02,0.58,-0.0,0.5,0.0,0.234,2.564
3,False,0.29,0.677,0.02,4.423,0.144,0.416,0.0,0.299,1.228
3,False,-0.142,0.684,0.02,4.094,-0.04,0.446,0.0,0.26,0.952
3,False,0.165,0.435,0.02,5.674,-0.001,0.5,-0.0,0.179,2.534
3,False,0.282,0.565,0.02,2.469,-0.0,0.5,-0.0,0.29,0.675
3,False,-0.045,0.405,0.02,1.604,0.133,0.464,0.0,0.189,0.886
3,False,0.043,0.631,0.02,0.353,0.128,0.444,0.0,0.206,1.382
3,False,-0.266,0.568,0.02,2.685,0.197,0.632,0.0,0.467,1.69
3,False,-0.133,0.314,0.02,4.897,0.109,0.433,0.0,0.27,0.79
3,False,-0.247,0.367,0.02,2.454,-0.295,0.502,0.0,0.145,1.074
3,False,0.281,0.58,0.02,3.214,-0.124,0.638,0.0,0.41,0.796
3,False,-0.232,0.429,0.02,0.792,0.007,0.515,0.0,0.254,2.547
3,False,-0.31,0.366,0.02,5.47,-0.144,0.305,0.0,0.178,0.18
3,False,-0.385,0.608,0.02,4.639,-0.046,0.692,0.0,0.35,0.58
3,False,-0.233,0.362,0.02,1.828,0.003,0.457,-0.0,0.255,0.552
3,False,0.371,0.332,0.02,2.59,-0.054,0.213,0.0,0.441,0.717
3,False,0.197,0.528,0.02,6.163,0.0,0.5,0.0,0.2,3.022
3,False,0.344,0.392,0.02,1.004,-0.019,0.265,0.0,0.385,3.062
3,False,0.349,0.523,0.02,1.936,0.018,0.496,0.0,0.333,1.303
3,False,0.214,0.31,0.02,2.866,-0.0,0.5,0.0,0.287,0.278
3,False,0.381,0.401,0.02,2.173,0.064,0.53,0.0,0.343,1.074
3,False,-0.2,0.598,0.02,2.585,0.244,0.352,0.0,0.508,0.679
3,False,0.112,0.607,0.02,1.342,0.013,0.492,-0.0,0.153,1.68
3,False,-0.036,0.365,0.02,3.657,0.009,0.51,0.0,0.153,0.461
3,False,0.399,0.423,0.02,4.995,0.002,0.553,0.0,0.417,2.25
3,False,-0.282,0.677,0.02,1.563,0.013,0.371,0.0,0.426,1.724
3,False,-0.055,0.686,0.02,5.086,-0.261,0.531,0.0,0.258,1.386
3,False,-0.382,0.605,0.02,1.736,-0.0,0.5,0.0,0.396,1.409
3,False,0.008,0.622,0.02,0.14,0.079,0.518,0.0,0.128,2.815
3,False,-0.338,0.637,0.02,1.176,0.092,0.481,-0.0,0.458,1.514
3,False,-0.395,0.563,0.02,2.314,0.214,0.257,-0.0,0.682,0.846
3,False,0.319,0.59,0.02,5.274,-0.0,0.5,-0.0,0.332,2.132
3,False,0.229,0.33,0.02,5.15,-0.184,0.442,0.0,0.428,2.483
3,False,0.258,0.481,0.02,5.627,-0.019,0.457,-0.0,0.278,2.003
3,False,0.006,0.544,0.02,4.165,0.158,0.388,0.0,0.219,0.687
3,False,-0.251,0.309,0.02,2.225,-0.0,0.5,0.0,0.316,0.92
3,False,0.033,0.654,0.02,2.64,0.061,0.519,0.0,0.14,0.661
3,False,0.096,0.335,0.02,1.969,-0.003,0.562,0.0,0.248,2.162
3,False,0.033,0.687,0.02,5.397,-0.0,0.5,-0.0,0.191,2.255
3,False,-0.219,0.628,0.02,2.906,0.006,0.513,0.0,0.254,0.226
3,False,-0.195,0.41,0.02,2.934,-0.016,0.466,-0.0,0.189,1.01
3,False,0.034,0.459,0.02,2.192,-0.153,0.57,0.0,0.218,2.328
3,False,0.088,0.373,0.02,1.482,-0.0,0.5,-0.0,0.156,1.661
3,False,0.319,0.599,0.02,2.762,-0.225,0.385,0.0,0.585,0.714
3,False,-0.028,0.468,0.02,1.535,-0.097,0.601,0.0,0.151,2.504
3,False,0.055,0.539,0.02,1.317,0.0,0.511,0.0,0.065,1.926
3,False,-0.394,0.305,0.02,2.771,-0.02,0.499,0.0,0.421,0.136
3,False,0.186,0.519,0.02,1.195,-0.0,0.5,0.0,0.188,1.95
3,False,-0.338,0.391,0.02,3.324,-0.431,0.347,0.1,0.13,1.571
3,False,-0.384,0.617,0.02,5.855,-0.075,0.52,0.0,0.325,3.029
3,False,0.046,0.505,0.02,1.639,0.0,0.5,0.0,0.051,1.503
3,False,0.247,0.565,0.02,2.173,0.176,0.511,0.0,0.092,2.218
3,False,-0.034,0.689,0.02,2.252,0.092,0.418,0.0,0.299,0.991
3,False,0.204,0.409,0.02,0.331,-0.004,0.366,0.0,0.214,2.583
3,False,0.335,0.399,0.02,2.722,-0.072,0.662,-0.0,0.486,0.35
3,False,-0.131,0.323,0.02,3.842,-0.0,0.5,-0.0,0.221,0.699
3,False,0.257,0.452,0.02,3.176,0.112,0.408,0.0,0.153,1.941
3,False,-0.01,0.689,0.02,2.307,0.015,0.507,-0.0,0.184,0.843
3,False,-0.203,0.441,0.02,0.378,0.029,0.505,0.0,0.241,3.081
3,False,-0.052,0.556,0.02,3.5,-0.001,0.5,0.0,0.078,0.351
3,False,0.221,0.379,0.02,5.265,-0.011,0.684,0.0,0.384,3.126
3,False,0.323,0.359,0.02,2.828,0.015,0.501,-0.0,0.341,0.405
3,False,0.232,0.462,0.02,4.384,0.202,0.425,0.0,0.051,1.126
3,False,0.055,0.628,0.02,0.879,-0.057,0.495,-0.0,0.175,2.571
3,False,0.136,0.642,0.02,5.006,0.08,0.451,-0.0,0.2,1.297
3,False,-0.36,0.413,0.02,2.405,0.085,0.586,-0.0,0.478,1.026
3,False,0.173,0.535,0.02,3.407,0.003,0.53,-0.0,0.172,0.682
3,False,0.378,0.56,0.02,2.39,0.234,0.403,0.0,0.214,1.82
3,False,0.049,0.417,0.02,0.253,-0.221,0.271,0.0,0.307,2.889
3,False,0.301,0.442,0.02,2.379,0.011,0.468,-0.0,0.292,0.399
3,False,0.007,0.695,0.02,5.718,0.108,0.54,0.0,0.186,3.116
3,False,-0.252,0.427,0.02,3.303,0.0,0.5,0.0,0.263,0.161
3,False,-0.181,0.428,0.02,0.608,0.023,0.509,0.0,0.22,2.674
3,False,-0.169,0.366,0.02,1.132,0.012,0.51,0.0,0.232,1.886
3,False,0.124,0.502,0.02,3.891,-0.036,0.447,0.0,0.17,0.868
3,False,0.171,0.32,0.02,3.444,-0.404,0.551,-0.0,0.619,0.419
3,False,-0.031,0.588,0.02,0.495,0.013,0.511,0.0,0.091,2.468
3,False,0.132,0.323,0.02,5.496,-0.137,0.427,0.0,0.289,3.037
3,False,-0.209,0.695,0.02,5.508,0.003,0.514,-0.0,0.28,2.481
3,False,-0.229,0.618,0.02,0.621,-0.008,0.602,0.0,0.223,2.219
3,False,-0.196,0.644,0.02,3.848,-0.061,0.408,0.0,0.273,1.321
3,False,-0.131,0.454,0.02,0.612,0.064,0.527,0.0,0.209,2.115
3,False,0.187,0.315,0.02,5.221,-0.018,0.425,0.0,0.234,2.042
3,False,-0.071,0.528,0.02,2.199,0.048,0.532,0.0,0.121,0.561
3,False,0.045,0.335,0.02,5.819,0.142,0.56,0.0,0.246,2.539
3,False,0.116,0.343,0.02,1.718,-0.044,0.21,0.0,0.209,2.005
3,False,-0.343,0.569,0.02,1.123,0.105,0.689,0.0,0.464,2.301
3,False,-0.384,0.538,0.02,0.467,0.249,0.407,0.0,0.647,1.409
3,False,-0.186,0.521,0.02,3.077,0.122,0.547,0.0,0.31,0.905
3,False,0.358,0.621,0.02,3.92,0.122,0.447,-0.0,0.294,2.52
3,False,-0.398,0.638,0.02,0.741,-0.281,0.262,0.0,0.395,2.414
3,False,-0.01,0.503,0.02,0.388,-0.083,0.546,0.0,0.088,1.526
3,False,-0.364,0.468,0.02,0.567,0.0,0.5,0.0,0.366,2.574
3,False,-0.175,0.37,0.02,1.23,-0.11,0.779,0.0,0.414,2.624
3,False,0.165,0.544,0.02,3.82,0.497,0.385,0.0,0.369,0.092
3,False,-0.362,0.457,0.02,0.917,-0.005,0.51,0.0,0.362,2.236
3,False,0.155,0.621,0.02,2.818,0.046,0.478,-0.0,0.181,0.725
3,False,-0.029,0.307,0.02,5.035,0.004,0.504,0.0,0.201,1.923
3,False,0.173,0.419,0.02,1.011,0.097,0.496,0.0,0.11,1.022
3,False,-0.036,0.374,0.02,2.463,0.006,0.436,0.0,0.078,0.189
3,False,0.356,0.605,0.02,1.266,0.016,0.547,0.0,0.346,2.154
3,False,-0.39,0.691,0.02,0.007,-0.162,0.548,0.0,0.269,3.05
3,False,-0.034,0.663,0.02,2.468,0.028,0.523,0.0,0.154,0.551
3,False,-0.102,0.339,0.02,2.746,0.029,0.506,0.0,0.214,0.732
3,False,-0.239,0.486,0.02,3.238,0.055,0.63,-0.0,0.328,1.694
3,False,0.361,0.421,0.02,1.71,0.056,0.22,0.0,0.366,2.426
3,False,-0.024,0.559,0.02,1.953,-0.016,0.392,0.0,0.168,1.952
3,False,0.322,0.543,0.02,2.751,-0.0,0.5,-0.0,0.325,0.391
3,False,0.204,0.574,0.02,1.054,-0.038,0.535,0.0,0.247,2.58
3,False,0.392,0.555,0.02,4.883,0.0,0.5,0.0,0.397,1.742
3,False,-0.359,0.59,0.02,3.77,-0.195,0.354,0.0,0.288,0.601
3,False,0.254,0.506,0.02,2.214,-0.14,0.256,0.0,0.467,0.928
3,False,0.155,0.403,0.02,5.563,0.225,0.307,-0.0,0.121,2.283
3,False,-0.133,0.569,0.02,0.753,0.134,0.199,0.0,0.456,2.917
3,False,0.223,0.561,0.02,1.093,0.032,0.483,-0.0,0.207,0.526
3,False,0.363,0.302,0.02,0.048,0.051,0.489,-0.0,0.364,2.122
3,False,-0.237,0.674,0.02,0.676,0.1,0.338,0.0,0.476,1.612
3,False,0.117,0.601,0.02,3.124,0.157,0.384,0.0,0.222,0.076
3,False,-0.098,0.663,0.02,6.11,0.106,0.79,-0.0,0.241,2.831
3,False,-0.123,0.542,0.02,2.4,0.012,0.594,-0.0,0.146,1.791
3,False,-0.07,0.48,0.02,3.754,0.014,0.504,0.0,0.089,0.611
3,False,-0.289,0.31,0.02,5.391,-0.068,0.395,0.0,0.237,2.904
3,False,0.305,0.371,0.02,3.406,0.011,0.507,0.0,0.325,0.54
3,False,0.195,0.341,0.02,0.547,-0.0,0.5,0.0,0.253,2.598
3,False,0.109,0.545,0.02,3.123,-0.02,0.554,0.0,0.131,0.38
3,False,0.241,0.62,0.02,1.141,-0.001,0.506,0.0,0.268,2.113
3,False,-0.087,0.64,0.02,4.386,0.014,0.47,0.0,0.199,1.265
3,False,0.399,0.5,0.02,0.812,0.027,0.666,0.0,0.408,2.143
3,False,-0.172,0.41,0.02,0.079,-0.056,0.438,0.0,0.121,2.468
3,False,0.008,0.685,0.02,1.939,0.002,0.501,0.0,0.185,1.113
3,False,-0.13,0.672,0.02,1.529,-0.047,0.596,0.0,0.114,1.891
3,False,0.208,0.474,0.02,0.87,-0.01,0.499,-0.0,0.22,2.155
3,False,0.151,0.581,0.02,4.818,0.214,0.36,0.0,0.231,1.326
3,False,0.317,0.376,0.02,3.933,-0.016,0.501,0.0,0.357,0.513
3,False,0.135,0.525,0.02,4.274,-0.0,0.5,0.0,0.139,1.13
3,False,0.01,0.367,0.02,0.622,-0.001,0.484,0.0,0.119,2.806
3,False,-0.238,0.561,0.02,0.924,0.051,0.626,-0.0,0.297,2.857
3,False,0.077,0.488,0.02,4.243,0.041,0.508,0.0,0.045,1.004
3,False,-0.315,0.572,0.02,3.885,0.002,0.456,-0.0,0.338,0.603
3,False,0.052,0.544,0.02,3.92,-0.106,0.423,0.0,0.199,0.288
3,False,-0.34,0.664,0.02,5.257,0.037,0.55,0.0,0.394,2.242
3,False,-0.237,0.625,0.02,1.194,0.004,0.581,0.0,0.246,2.566
3,False,-0.383,0.345,0.02,2.088,-0.0,0.5,0.0,0.413,1.056
3,False,0.34,0.513,0.02,1.463,0.069,0.464,0.0,0.276,0.657
3,False,-0.193,0.683,0.02,0.721,-0.015,0.48,0.0,0.27,3.045
3,False,-0.258,0.432,0.02,1.615,-0.149,0.291,0.0,0.18,1.853
3,False,0.178,0.376,0.02,6.235,-0.05,0.597,-0.0,0.318,2.867
3,False,-0.156,0.508,0.02,3.705,0.012,0.49,-0.0,0.17,0.756
3,False,-0.316,0.657,0.02,0.318,0.119,0.556,0.0,0.447,2.473
3,False,0.109,0.543,0.02,4.705,-0.053,0.525,0.0,0.164,0.588
3,False,0.327,0.659,0.02,0.523,-0.075,0.633,0.0,0.404,2.656
3,False,-0.006,0.635,0.02,0.522,0.0,0.5,0.0,0.137,2.62
3,False,0.296,0.316,0.02,3.152,0.201,0.543,0.0,0.247,0.337
3,False,-0.394,0.696,0.02,2.247,0.0,0.502,-0.0,0.44,0.92
3,False,-0.297,0.484,0.02,5.825,0.087,0.355,-0.0,0.406,1.677
3,False,-0.254,0.592,0.02,5.865,0.075,0.54,0.0,0.334,3.097
3,False,-0.342,0.631,0.02,6.003,0.052,0.431,0.0,0.443,2.154
3,False,0.111,0.314,0.02,2.79,0.045,0.498,-0.0,0.196,0.373
3,False,0.082,0.662,0.02,5.242,0.194,0.247,0.0,0.43,2.804
3,False,-0.285,0.465,0.02,0.089,0.055,0.721,0.0,0.427,3.077
3,False,0.325,0.504,0.02,5.234,0.027,0.511,0.0,0.299,2.188
3,False,0.068,0.569,0.02,2.934,-0.147,0.448,0.0,0.248,0.448
3,False,0.028,0.332,0.02,4.637,0.112,0.55,0.0,0.234,1.475
3,False,0.308,0.367,0.02,1.776,-0.0,0.5,-0.0,0.336,1.366
3,False,-0.356,0.655,0.02,2.825,-0.155,0.308,0.0,0.402,1.267
3,False,-0.24,0.368,0.02,0.029,-0.295,0.37,0.0,0.058,1.827
3,False,-0.159,0.463,0.02,4.318,0.07,0.527,0.0,0.239,1.46
3,False,0.159,0.671,0.02,2.29,0.022,0.516,0.0,0.208,0.881
3,False,-0.049,0.374,0.02,4.066,0.336,0.217,0.0,0.416,1.596
3,False,0.168,0.304,0.02,6.114,0.071,0.493,-0.0,0.213,3.009
3,False,-0.197,0.663,0.02,0.758,0.079,0.603,0.0,0.283,1.762
3,False,0.301,0.478,0.02,0.053,0.018,0.519,-0.0,0.286,3.114
3,False,0.104,0.654,0.02,3.517,0.036,0.249,0.0,0.411,2.144
3,False,0.291,0.344,0.02,2.761,0.041,0.525,0.0,0.309,0.07
3,False,0.029,0.591,0.02,5.042,-0.107,0.484,0.0,0.175,0.967
3,False,-0.06,0.698,0.02,0.897,-0.044,0.665,0.0,0.042,1.995
3,False,-0.208,0.601,0.02,2.121,0.0,0.5,0.0,0.232,1.02
3,False,-0.238,0.364,0.02,6.003,-0.002,0.537,0.0,0.294,2.326
3,False,0.005,0.421,0.02,3.621,-0.15,0.263,0.0,0.222,0.711
3,False,-0.218,0.354,0.02,5.617,0.013,0.507,-0.0,0.278,2.292
3,False,0.264,0.36,0.02,4.668,0.048,0.495,-0.0,0.255,2.124
3,False,-0.156,0.32,0.02,5.187,-0.0,0.474,0.0,0.22,1.849
3,False,-0.024,0.594,0.02,1.374,-0.081,0.537,0.0,0.083,2.17
3,False,-0.263,0.362,0.02,0.486,0.0,0.5,0.0,0.298,2.656
3,False,-0.09,0.59,0.02,0.716,-0.0,0.434,0.0,0.181,2.619
3,False,-0.364,0.581,0.02,2.313,0.007,0.541,0.0,0.373,1.144
3,False,-0.193,0.414,0.02,0.12,-0.084,0.659,0.0,0.269,2.171
3,False,0.167,0.618,0.02,0.025,-0.148,0.377,0.0,0.398,1.916
3,False,-0.343,0.429,0.02,1.001,0.07,0.613,0.0,0.452,2.834
3,False,0.011,0.653,0.02,0.311,0.162,0.476,0.0,0.233,2.04
3,False,0.179,0.337,0.02,3.34,0.014,0.414,0.0,0.183,0.75
3,False,0.214,0.495,0.02,4.902,-0.121,0.357,0.0,0.363,2.916
3,False,-0.308,0.606,0.02,2.005,-0.292,0.738,0.0,0.134,0.018
3,False,0.309,0.369,0.02,4.012,0.013,0.505,0.0,0.327,1.479
3,False,-0.169,0.406,0.02,1.119,0.008,0.505,-0.0,0.204,2.211
3,False,-0.31,0.503,0.02,2.28,0.055,0.503,0.0,0.366,1.528
3,False,0.023,0.478,0.02,0.805,-0.0,0.506,0.0,0.042,2.263
3,False,0.079,0.543,0.02,0.248,0.019,0.551,-0.0,0.064,0.446
3,False,-0.184,0.477,0.02,3.331,0.003,0.572,0.0,0.21,0.082
3,False,-0.198,0.583,0.02,6.196,0.058,0.401,0.0,0.314,2.755
3,False,-0.119,0.389,0.02,2.999,-0.035,0.354,0.0,0.094,0.998
3,False,-0.33,0.471,0.02,3.611,0.003,0.421,0.0,0.337,0.27
3,False,0.085,0.537,0.02,2.082,-0.0,0.5,-0.0,0.095,1.062
3,False,0.016,0.683,0.02,1.827,-0.0,0.5,-0.0,0.185,1.315
3,False,0.321,0.486,0.02,4.254,0.221,0.435,0.0,0.114,1.195
3,False,0.073,0.649,0.02,0.107,0.062,0.498,0.0,0.153,2.057
3,False,0.044,0.699,0.02,3.828,-0.009,0.519,0.0,0.189,0.085
3,False,-0.295,0.412,0.02,2.829,0.157,0.286,0.0,0.47,0.323
3,False,-0.335,0.355,0.02,4.212,0.015,0.382,0.0,0.352,2.928
3,False,-0.226,0.522,0.02,2.499,0.0,0.5,0.0,0.228,0.643
3,False,0.335,0.403,0.02,1.889,-0.005,0.442,0.0,0.342,1.231
3,False,0.347,0.559,0.02,1.84,0.142,0.451,0.0,0.233,0.162
3,False,-0.069,0.536,0.02,5.294,-0.0,0.5,-0.0,0.08,2.152
3,False,0.169,0.324,0.02,6.243,-0.068,0.355,0.0,0.24,2.195
3,False,0.129,0.396,0.02,3.282,0.094,0.426,0.0,0.05,0.558
3,False,-0.362,0.508,0.02,0.969,0.007,0.503,-0.0,0.369,2.161
3,False,0.306,0.424,0.02,2.799,0.001,0.494,0.0,0.313,0.263
3,False,0.025,0.509,0.02,6.141,0.046,0.596,-0.0,0.092,2.678
3,False,0.023,0.481,0.02,1.539,0.025,0.493,-0.0,0.023,2.042
3,False,0.139,0.367,0.02,5.669,-0.02,0.54,-0.0,0.236,2.543
3,False,-0.085,0.335,0.02,3.55,-0.026,0.398,0.0,0.088,0.252
3,False,-0.375,0.355,0.02,2.233,0.011,0.505,0.0,0.415,0.972
3,False,0.226,0.387,0.02,4.509,0.016,0.512,-0.0,0.245,1.611
3,False,-0.104,0.427,0.02,4.634,-0.04,0.447,0.0,0.07,1.241
3,False,-0.227,0.535,0.02,0.037,0.122,0.386,0.0,0.381,3.126
3,False,0.355,0.423,0.02,3.894,0.02,0.527,0.0,0.352,0.404
3,False,0.132,0.646,0.02,2.275,-0.037,0.343,0.0,0.347,2.742
3,False,0.392,0.333,0.02,4.744,-0.0,0.5,-0.0,0.426,1.602
3,False,0.258,0.57,0.02,5.236,0.013,0.502,0.0,0.255,2.127
3,False,-0.166,0.301,0.02,4.333,-0.0,0.5,-0.0,0.259,1.191
3,False,0.336,0.599,0.02,0.288,-0.192,0.645,-0.0,0.531,1.498
3,False,-0.079,0.518,0.02,0.133,-0.073,0.456,-0.0,0.065,1.82
3,False,0.105,0.591,0.02,1.881,-0.052,0.749,0.0,0.224,1.254
3,False,0.217,0.686,0.02,1.586,0.069,0.344,-0.0,0.372,1.668
3,False,-0.095,0.385,0.02,0.57,-0.065,0.544,0.0,0.163,3.014
3,False,0.356,0.554,0.02,0.862,0.095,0.552,0.0,0.261,1.918
3,False,-0.05,0.544,0.02,2.903,0.036,0.591,0.0,0.099,0.602
3,False,0.227,0.31,0.02,3.295,-0.003,0.496,0.0,0.297,0.1
3,False,0.04,0.665,0.02,0.29,-0.276,0.363,-0.0,0.437,2.42
3,False,-0.344,0.671,0.02,5.725,-0.008,0.446,0.0,0.405,3.041
3,False,0.094,0.394,0.02,4.222,0.0,0.5,0.0,0.143,1.08
3,False,-0.19,0.603,0.02,0.198,0.014,0.509,0.0,0.225,3.111
3,False,0.204,0.4,0.02,3.172,0.023,0.48,0.0,0.198,0.319
3,False,-0.109,0.351,0.02,2.608,-0.0,0.5,0.0,0.186,0.537
3,False,0.167,0.661,0.02,2.957,0.452,0.334,0.0,0.434,0.589
3,False,0.239,0.648,0.02,4.765,0.088,0.424,0.0,0.271,1.968
3,False,0.106,0.407,0.02,4.303,0.008,0.528,0.0,0.157,1.479
3,False,0.027,0.361,0.02,4.972,0.06,0.517,0.0,0.161,2.601
3,False,-0.093,0.495,0.02,5.292,-0.0,0.5,0.0,0.095,2.148
3,False,0.127,0.34,0.02,2.448,0.018,0.512,-0.0,0.204,0.353
3,False,-0.216,0.496,0.02,1.691,0.015,0.503,0.0,0.231,1.392
3,False,0.077,0.517,0.02,5.444,-0.308,0.385,0.0,0.408,3.053
3,False,-0.16,0.358,0.02,5.136,0.008,0.539,0.0,0.248,1.542
3,False,0.073,0.658,0.02,1.342,0.216,0.409,0.0,0.288,0.654
3,False,-0.076,0.643,0.02,6.121,-0.043,0.217,0.0,0.427,2.474
3,False,0.364,0.638,0.02,0.594,0.001,0.509,0.0,0.386,2.51
3,False,0.099,0.661,0.02,4.393,0.014,0.5,0.0,0.184,1.201
3,False,-0.028,0.374,0.02,5.751,0.027,0.392,-0.0,0.061,2.239
3,False,0.118,0.377,0.02,4.364,0.199,0.669,0.0,0.304,1.598
3,False,0.245,0.475,0.02,0.153,0.131,0.588,0.0,0.161,2.968
3,False,-0.24,0.633,0.02,1.952,-0.006,0.496,0.0,0.271,1.317
3,False,0.019,0.493,0.02,5.833,0.147,0.413,-0.0,0.151,2.722
3,False,-0.196,0.341,0.02,2.253,-0.0,0.5,0.0,0.253,0.891
3,False,-0.118,0.309,0.02,2.73,-0.049,0.401,0.0,0.117,2.417
3,False,-0.246,0.598,0.02,3.368,0.003,0.485,0.0,0.274,0.043
3,False,0.045,0.418,0.02,3.413,-0.062,0.451,0.0,0.114,1.202
3,False,-0.266,0.383,0.02,5.531,0.065,0.528,0.0,0.362,2.591
3,False,-0.002,0.318,0.02,3.996,0.082,0.612,0.0,0.306,1.737
3,False,0.027,0.335,0.02,3.41,-0.02,0.402,0.0,0.085,0.384
3,False,0.046,0.503,0.02,2.926,0.0,0.5,0.0,0.051,0.215
3,False,-0.065,0.436,0.02,4.039,-0.022,0.512,0.0,0.089,1.054
3,False,-0.139,0.548,0.02,3.785,-0.168,0.302,0.0,0.249,0.19
3,False,0.364,0.509,0.02,3.954,-0.008,0.333,0.0,0.412,2.323
3,False,-0.351,0.693,0.02,3.423,-0.022,0.58,0.0,0.349,0.964
3,False,0.372,0.319,0.02,4.267,-0.007,0.491,0.0,0.417,1.004
3,False,-0.278,0.694,0.02,1.064,0.001,0.5,-0.0,0.34,2.051
3,False,0.251,0.508,0.02,2.386,-0.0,0.5,-0.0,0.252,0.757
3,False,0.207,0.598,0.02,0.586,-0.0,0.5,-0.0,0.23,2.557
3,False,-0.029,0.5,0.02,3.727,-0.0,0.5,0.0,0.035,0.582
3,False,0.185,0.525,0.02,0.2,-0.032,0.523,0.0,0.217,2.811
3,False,0.396,0.532,0.02,3.271,0.008,0.647,0.0,0.406,0.748
3,False,-0.189,0.571,0.02,0.182,0.0,0.5,0.0,0.203,2.96
3,False,0.249,0.53,0.02,3.202,-0.086,0.417,0.203,0.398,1.923
3,False,0.063,0.691,0.02,0.774,0.111,0.388,0.0,0.307,1.173
3,False,-0.181,0.327,0.02,4.186,-0.168,0.344,-0.0,0.029,1.113
3,False,0.334,0.491,0.02,1.188,-0.007,0.557,0.0,0.348,0.831
3,False,-0.055,0.556,0.02,6.227,-0.0,0.5,-0.0,0.081,3.084
3,False,0.357,0.679,0.02,5.769,-0.008,0.503,0.0,0.406,2.383
3,False,0.07,0.348,0.02,1.041,0.011,0.483,0.0,0.149,0.489
3,False,-0.258,0.634,0.02,0.268,0.004,0.504,0.0,0.293,2.845
3,False,0.157,0.613,0.02,0.607,-0.0,0.5,0.0,0.194,2.538
3,False,-0.206,0.363,0.02,4.272,-0.0,0.5,-0.0,0.248,1.13
3,False,-0.222,0.673,0.02,5.66,-0.091,0.437,0.0,0.271,3.08
3,False,0.151,0.43,0.02,4.685,0.215,0.558,-0.0,0.145,1.397
3,False,0.399,0.31,0.02,2.091,0.049,0.407,-0.0,0.364,1.811
3,False,0.364,0.531,0.02,6.281,-0.341,0.236,0.0,0.764,2.958
3,False,-0.284,0.576,0.02,4.98,0.098,0.633,0.0,0.386,1.504
3,False,-0.058,0.596,0.02,1.152,-0.05,0.576,0.0,0.029,2.919
3,False,0.088,0.502,0.02,2.752,0.019,0.555,-0.0,0.09,1.234
3,False,-0.396,0.322,0.02,2.749,-0.0,0.5,-0.0,0.435,0.393
3,False,0.213,0.487,0.02,1.199,-0.008,0.776,-0.0,0.364,1.89
3,False,0.344,0.533,0.02,1.674,-0.266,0.652,0.0,0.621,1.862
3,False,-0.188,0.385,0.02,1.049,-0.084,0.434,0.0,0.117,0.632
3,False,-0.11,0.613,0.02,2.535,0.02,0.536,0.0,0.152,0.697
3,False,-0.16,0.512,0.02,1.098,-0.041,0.531,0.0,0.122,2.688
3,False,0.282,0.698,0.02,4.243,0.214,0.685,-0.0,0.072,2.337
3,False,-0.341,0.579,0.02,1.714,0.092,0.226,0.0,0.559,0.392
2,False,0.208,0.606,0.02,2.275,0.005,0.467,0.119,0.265,0.879
3,False,-0.32,0.498,0.02,2.339,-0.0,0.5,0.0,0.32,0.805
3,False,-0.263,0.642,0.02,2.304,-0.215,0.562,0.0,0.095,0.746
3,False,0.211,0.407,0.02,0.416,0.2,0.67,0.0,0.264,1.03
3,False,-0.01,0.527,0.02,1.707,-0.01,0.472,0.0,0.059,0.467
3,False,-0.074,0.55,0.02,0.732,0.049,0.422,0.0,0.179,1.929
3,False,-0.329,0.64,0.02,0.181,0.097,0.518,0.0,0.443,1.773
3,False,0.332,0.527,0.02,4.734,-0.005,0.416,0.0,0.355,0.277
3,False,0.113,0.659,0.02,0.683,-0.0,0.5,-0.0,0.196,2.459
3,False,-0.175,0.569,0.02,4.838,0.018,0.503,0.0,0.205,1.793
3,False,0.006,0.663,0.02,1.325,0.0,0.498,-0.0,0.166,1.764
3,False,-0.06,0.673,0.02,0.775,0.184,0.319,0.0,0.43,1.317
3,False,0.355,0.39,0.02,1.263,0.0,0.5,0.0,0.372,1.879
3,False,-0.142,0.458,0.02,4.205,0.003,0.496,0.0,0.151,0.918
3,False,-0.018,0.664,0.02,4.507,0.11,0.724,0.0,0.143,1.122
3,False,0.323,0.692,0.02,1.705,-0.285,0.519,0.0,0.633,0.452
3,False,-0.312,0.651,0.02,2.448,0.083,0.638,0.0,0.396,0.948
3,False,-0.324,0.56,0.02,0.52,-0.205,0.433,0.0,0.175,2.64
3,False,-0.152,0.419,0.02,2.897,0.13,0.804,0.0,0.478,0.821
3,False,0.087,0.474,0.02,3.386,-0.16,0.588,0.0,0.273,1.514
3,False,0.391,0.441,0.02,0.195,0.065,0.536,-0.0,0.339,2.583
3,False,-0.304,0.469,0.02,1.855,0.169,0.511,0.0,0.476,0.286
3,False,-0.394,0.397,0.02,3.515,-0.0,0.5,-0.0,0.407,0.373
3,False,0.139,0.437,0.02,1.155,-0.125,0.335,0.0,0.284,0.398
3,False,-0.262,0.585,0.02,4.891,-0.031,0.508,0.0,0.245,1.092
3,False,0.284,0.574,0.02,4.791,-0.084,0.408,0.0,0.405,2.086
3,False,-0.099,0.558,0.02,3.079,0.064,0.527,0.0,0.167,0.777
3,False,-0.068,0.533,0.02,0.636,0.011,0.567,0.0,0.089,2.835
3,False,-0.077,0.581,0.02,0.407,-0.0,0.5,0.0,0.113,2.737
3,False,0.29,0.508,0.02,6.022,0.045,0.461,0.0,0.25,2.744
3,False,0.001,0.371,0.02,6.115,-0.106,0.371,0.0,0.108,2.732
3,False,-0.02,0.562,0.02,2.879,0.022,0.521,0.0,0.063,0.189
3,False,0.071,0.681,0.02,3.732,0.183,0.542,0.0,0.18,1.167
3,False,-0.221,0.312,0.02,5.691,0.512,0.196,0.0,0.742,3.122
3,False,-0.042,0.557,0.02,5.634,-0.007,0.545,0.0,0.042,2.569
3,False,-0.172,0.392,0.02,4.565,0.0,0.5,0.0,0.204,1.423
3,False,0.022,0.438,0.02,4.9,0.252,0.588,0.0,0.275,1.57
3,False,0.294,0.577,0.02,6.124,0.063,0.471,0.0,0.255,1.956
3,False,0.371,0.344,0.02,4.465,0.004,0.51,-0.0,0.404,1.246
3,False,-0.214,0.559,0.02,5.558,0.273,0.593,0.0,0.488,2.68
3,False,-0.195,0.436,0.02,6.056,0.081,0.462,0.0,0.278,2.814
3,False,0.245,0.321,0.02,3.325,0.039,0.449,-0.0,0.244,0.437
3,False,-0.369,0.543,0.02,2.165,0.146,0.486,0.0,0.519,2.631
3,False,-0.003,0.541,0.02,4.609,-0.018,0.462,0.0,0.082,1.043
3,False,0.382,0.433,0.02,4.53,-0.01,0.492,-0.0,0.397,1.609
3,False,0.111,0.52,0.02,5.826,0.01,0.512,-0.0,0.103,2.764
3,False,-0.162,0.678,0.02,4.952,0.097,0.566,0.0,0.283,2.34
3,False,0.253,0.585,0.02,3.289,0.027,0.58,0.063,0.23,1.571
3,False,0.089,0.689,0.02,4.751,-0.169,0.349,0.0,0.428,2.836
3,False,0.03,0.464,0.02,2.554,0.005,0.522,0.0,0.066,0.28
3,False,0.268,0.351,0.02,5.795,0.141,0.551,0.0,0.238,1.437
3,False,0.135,0.505,0.02,3.571,0.117,0.472,0.0,0.042,1.582
3,False,0.245,0.546,0.02,0.868,0.01,0.512,-0.0,0.238,2.194
3,False,-0.3,0.648,0.02,4.852,0.016,0.501,0.0,0.35,1.774
3,False,-0.298,0.523,0.02,0.495,-0.0,0.5,-0.0,0.3,2.647
3,False,0.043,0.62,0.02,4.92,-0.013,0.585,0.0,0.069,0.975
3,False,-0.359,0.576,0.02,0.484,0.054,0.554,0.0,0.414,2.005
3,False,0.361,0.669,0.02,0.138,-0.275,0.57,0.0,0.644,3.011
3,False,-0.341,0.338,0.02,4.347,-0.006,0.438,-0.0,0.35,1.406
3,False,0.294,0.7,0.02,0.374,-0.001,0.516,0.0,0.348,2.835
3,False,-0.259,0.443,0.02,1.08,0.0,0.512,-0.0,0.269,2.154
3,False,-0.306,0.535,0.02,1.407,0.048,0.471,0.0,0.36,1.743
3,False,0.188,0.467,0.02,2.794,-0.055,0.432,0.0,0.246,0.725
3,False,-0.125,0.598,0.02,5.609,0.0,0.5,0.0,0.16,2.467
3,False,-0.056,0.592,0.02,4.063,0.02,0.398,0.0,0.209,0.104
3,False,0.388,0.61,0.02,5.744,0.009,0.507,0.0,0.393,2.748
3,False,0.035,0.402,0.02,3.122,0.147,0.472,-0.0,0.133,1.716
3,False,0.208,0.381,0.02,3.064,-0.279,0.433,0.0,0.49,0.822
3,False,0.071,0.659,0.02,2.827,0.02,0.422,0.0,0.242,2.402
3,False,-0.093,0.344,0.02,4.276,0.011,0.52,0.0,0.205,1.065
3,False,-0.268,0.311,0.02,4.202,-0.043,0.606,-0.0,0.371,1.422
3,False,-0.275,0.335,0.02,3.187,0.126,0.627,0.0,0.496,0.045
3,False,-0.232,0.536,0.02,6.167,0.03,0.28,0.0,0.366,2.133
3,False,-0.338,0.579,0.02,4.779,0.014,0.476,0.0,0.367,1.502
3,False,-0.144,0.384,0.02,0.439,-0.271,0.449,-0.0,0.144,1.448
3,False,0.276,0.682,0.02,0.106,0.002,0.432,-0.0,0.373,2.409
3,False,-0.049,0.306,0.02,0.722,-0.031,0.424,0.0,0.121,2.909
3,False,0.362,0.405,0.02,4.671,-0.022,0.503,0.0,0.397,1.43
3,False,0.365,0.642,0.02,1.903,-0.137,0.527,0.0,0.515,1.372
3,False,0.074,0.61,0.02,5.94,0.016,0.511,0.0,0.117,3.112
3,False,-0.033,0.593,0.02,2.509,-0.083,0.803,0.0,0.217,0.64
3,False,-0.163,0.301,0.02,4.159,-0.0,0.5,0.0,0.258,1.015
3,False,-0.158,0.372,0.02,4.264,-0.142,0.798,0.0,0.426,2.809
3,False,-0.069,0.43,0.02,3.219,0.002,0.505,0.0,0.106,0.385
3,False,0.034,0.464,0.02,0.981,-0.112,0.732,0.0,0.306,1.644
3,False,-0.366,0.512,0.02,3.507,0.0,0.5,-0.0,0.367,0.368
3,False,0.147,0.361,0.02,5.692,0.13,0.38,0.0,0.033,0.574
3,False,-0.271,0.527,0.02,0.311,0.011,0.419,-0.0,0.302,2.921
3,False,-0.144,0.541,0.02,5.103,0.052,0.675,0.0,0.238,1.303
3,False,0.354,0.361,0.02,1.292,-0.101,0.667,0.0,0.549,2.045
3,False,-0.373,0.491,0.02,3.943,-0.0,0.5,-0.0,0.373,0.8
3,False,-0.32,0.512,0.02,3.807,-0.0,0.5,-0.0,0.321,0.665
3,False,0.258,0.386,0.02,6.101,0.065,0.552,0.0,0.256,2.597
3,False,0.172,0.406,0.02,2.489,-0.0,0.5,-0.0,0.197,0.654
3,False,0.101,0.59,0.02,2.014,-0.008,0.483,0.0,0.154,1.038
3,False,0.187,0.453,0.02,0.935,0.252,0.547,0.0,0.116,2.29
3,False,0.389,0.507,0.02,2.774,-0.008,0.471,0.0,0.399,0.658
3,False,-0.104,0.431,0.02,5.773,0.009,0.77,0.0,0.358,3.082
3,False,0.148,0.615,0.02,5.111,-0.0,0.5,-0.0,0.189,1.969
3,False,-0.021,0.347,0.02,2.687,-0.0,0.5,-0.0,0.156,0.456
3,False,-0.352,0.598,0.02,0.628,0.166,0.321,0.0,0.588,1.916
3,False,-0.182,0.636,0.02,3.227,0.031,0.389,0.0,0.327,1.757
3,False,-0.313,0.595,0.02,5.259,-0.058,0.432,0.0,0.303,0.618
3,False,-0.164,0.687,0.02,2.517,0.001,0.498,0.0,0.252,0.566
3,False,-0.097,0.418,0.02,3.876,-0.0,0.5,-0.0,0.128,0.734
3,False,-0.066,0.593,0.02,3.527,-0.0,0.5,0.0,0.115,0.383
3,False,-0.115,0.336,0.02,2.483,0.047,0.666,0.0,0.368,1.208
3,False,0.347,0.647,0.02,2.724,0.094,0.433,0.0,0.333,1.586
3,False,0.137,0.391,0.02,1.507,0.253,0.621,0.0,0.258,1.188
3,False,0.35,0.597,0.02,5.737,-0.047,0.749,-0.0,0.425,1.642
3,False,-0.19,0.667,0.02,4.907,-0.0,0.5,-0.0,0.254,1.765
3,False,0.218,0.676,0.02,3.955,0.023,0.518,-0.0,0.252,0.736
3,False,-0.284,0.473,0.02,0.55,0.434,0.404,0.0,0.722,2.182
3,False,0.102,0.376,0.02,5.462,-0.0,0.501,0.0,0.163,2.351
3,False,-0.186,0.681,0.02,3.089,-0.0,0.5,-0.0,0.26,0.054
3,False,-0.375,0.417,0.02,3.11,-0.038,0.202,0.0,0.401,0.078
3,False,-0.087,0.628,0.02,6.119,0.051,0.479,0.0,0.204,2.64
3,False,0.352,0.432,0.02,3.565,-0.064,0.63,0.0,0.461,0.821
3,False,-0.235,0.621,0.02,3.943,0.041,0.552,0.0,0.285,0.02
3,False,0.085,0.448,0.02,5.848,0.053,0.626,0.0,0.183,2.258
3,False,0.066,0.482,0.02,3.266,-0.0,0.5,0.0,0.072,0.123
3,False,0.296,0.359,0.02,3.317,-0.12,0.568,0.0,0.466,0.373
3,False,-0.149,0.343,0.02,1.593,-0.0,0.5,-0.0,0.218,1.55
3,False,0.247,0.347,0.02,1.758,-0.002,0.5,0.0,0.293,1.349
3,False,-0.319,0.502,0.02,5.109,-0.0,0.5,-0.0,0.32,1.967
3,False,-0.349,0.366,0.02,2.19,0.145,0.456,0.0,0.503,0.649
3,False,0.241,0.549,0.02,3.526,0.013,0.502,0.0,0.233,0.455
3,False,-0.079,0.55,0.02,4.838,-0.012,0.475,0.0,0.103,1.495
2,False,-0.387,0.339,0.02,2.721,0.059,0.572,0.063,0.505,1.956
3,False,-0.335,0.503,0.02,5.561,-0.014,0.485,0.0,0.322,2.405
3,False,-0.083,0.44,0.02,2.207,-0.003,0.401,0.0,0.091,1.509
3,False,0.321,0.635,0.02,0.2,-0.0,0.5,-0.0,0.349,2.942
3,False,0.028,0.456,0.02,2.555,0.085,0.445,0.0,0.061,1.843
3,False,-0.173,0.398,0.02,0.184,0.107,0.403,0.0,0.281,2.622
3,False,0.054,0.326,0.02,6.165,0.142,0.591,0.0,0.279,2.45
3,False,0.225,0.427,0.02,1.227,-0.032,0.393,0.0,0.26,1.958
3,False,0.195,0.341,0.02,0.601,0.023,0.535,0.0,0.26,1.86
3,False,-0.02,0.575,0.02,3.743,0.088,0.364,0.0,0.238,2.408
3,False,0.217,0.59,0.02,5.474,0.0,0.595,0.0,0.218,1.994
3,False,-0.256,0.474,0.02,5.488,0.0,0.5,0.0,0.258,2.347
3,False,-0.388,0.522,0.02,2.608,0.003,0.502,-0.0,0.392,0.418
3,False,0.312,0.639,0.02,0.019,-0.0,0.5,-0.0,0.342,3.124
3,False,0.332,0.496,0.02,0.132,0.031,0.576,0.0,0.313,3.045
3,False,-0.056,0.501,0.02,6.062,0.005,0.503,0.0,0.063,3.131
3,False,-0.194,0.63,0.02,2.903,-0.0,0.5,0.0,0.234,0.241
3,False,0.056,0.412,0.02,0.535,0.013,0.502,0.0,0.102,2.293
3,False,-0.234,0.544,0.02,5.172,0.142,0.357,-0.0,0.42,3.052
3,False,0.166,0.458,0.02,4.382,-0.0,0.5,-0.0,0.173,1.238
3,False,0.398,0.499,0.02,2.362,-0.033,0.6,0.0,0.444,0.777
3,False,0.165,0.588,0.02,1.16,0.139,0.485,0.0,0.108,2.469
3,False,-0.264,0.416,0.02,2.348,0.101,0.545,0.0,0.387,0.496
3,False,0.287,0.389,0.02,3.218,0.161,0.44,0.0,0.138,0.417
3,False,-0.276,0.31,0.02,4.796,-0.254,0.41,0.0,0.104,1.986
3,False,0.302,0.567,0.02,3.294,0.044,0.388,-0.0,0.314,0.824
3,False,-0.209,0.546,0.02,6.227,-0.026,0.536,0.0,0.184,2.63
3,False,-0.219,0.562,0.02,5.652,-0.301,0.24,-0.0,0.333,2.58
3,False,-0.142,0.327,0.02,2.686,-0.035,0.663,-0.0,0.354,1.999
3,False,0.0,0.653,0.02,4.742,0.029,0.517,-0.0,0.139,2.072
3,False,0.18,0.437,0.02,1.433,0.067,0.617,0.0,0.213,0.231
3,False,0.101,0.533,0.02,5.211,0.0,0.5,0.0,0.109,2.069
3,False,-0.09,0.49,0.02,2.526,-0.192,0.551,0.0,0.121,0.432
3,False,-0.352,0.582,0.02,4.094,-0.225,0.204,-0.0,0.4,0.691
3,False,-0.152,0.392,0.02,1.371,0.064,0.701,-0.0,0.377,0.285
3,False,-0.353,0.641,0.02,6.222,-0.0,0.5,-0.0,0.38,3.08
3,False,-0.375,0.442,0.02,5.159,0.018,0.535,0.0,0.404,1.88
3,False,0.365,0.544,0.02,0.827,-0.016,0.538,-0.0,0.381,2.092
3,False,0.063,0.514,0.02,1.514,0.37,0.397,0.0,0.329,2.67
3,False,0.075,0.643,0.02,5.379,0.006,0.502,0.0,0.159,2.239
3,False,-0.304,0.531,0.02,2.019,-0.0,0.5,-0.0,0.307,1.124
3,False,0.082,0.342,0.02,0.074,-0.004,0.432,0.0,0.126,2.281
3,False,0.125,0.395,0.02,4.761,0.045,0.576,0.0,0.199,1.505
3,False,0.348,0.372,0.02,2.632,-0.038,0.359,0.0,0.387,0.354
3,False,-0.092,0.498,0.02,4.116,0.022,0.53,0.0,0.12,1.343
3,False,-0.369,0.48,0.02,0.143,-0.027,0.495,0.0,0.342,2.673
3,False,0.226,0.495,0.02,4.175,0.1,0.394,0.0,0.163,0.82
3,False,0.198,0.578,0.02,5.356,0.01,0.612,0.0,0.191,1.496
3,False,0.22,0.655,0.02,2.661,-0.048,0.448,0.0,0.339,1.585
3,False,-0.384,0.52,0.02,1.843,-0.05,0.592,0.0,0.343,0.946
3,False,-0.044,0.539,0.02,4.032,0.017,0.511,0.0,0.07,1.222
3,False,0.087,0.633,0.02,4.167,0.322,0.307,0.0,0.402,2.091
3,False,-0.05,0.651,0.02,2.835,0.006,0.504,0.0,0.158,0.481
3,False,0.307,0.479,0.02,2.649,-0.0,0.461,-0.0,0.308,2.279
3,False,0.396,0.385,0.02,4.325,0.085,0.601,0.0,0.379,2.03
3,False,-0.19,0.328,0.02,2.706,-0.052,0.566,0.0,0.276,1.503
3,False,0.267,0.307,0.02,2.151,-0.0,0.5,-0.0,0.33,0.991
3,False,0.284,0.637,0.02,2.756,-0.0,0.5,0.0,0.316,0.387
3,False,-0.341,0.383,0.02,3.285,0.004,0.447,0.0,0.352,0.778
3,False,0.275,0.454,0.02,6.147,0.214,0.584,0.0,0.145,2.293
3,False,0.217,0.304,0.02,0.174,-0.0,0.5,-0.0,0.293,2.969
3,False,0.117,0.341,0.02,0.552,0.239,0.296,0.0,0.131,2.733
3,False,0.142,0.669,0.02,3.063,0.018,0.502,0.0,0.209,0.214
3,False,-0.041,0.392,0.02,2.744,-0.143,0.252,0.0,0.174,0.367
3,False,-0.189,0.47,0.02,5.599,-0.0,0.5,-0.0,0.192,2.457
3,False,0.01,0.504,0.02,4.183,-0.079,0.473,0.0,0.096,1.305
3,False,0.023,0.403,0.02,5.152,0.065,0.6,0.0,0.203,2.212
3,False,-0.346,0.4,0.02,4.831,-0.0,0.5,-0.0,0.36,1.689
3,False,0.032,0.342,0.02,2.582,-0.0,0.5,-0.0,0.162,0.561
3,False,0.352,0.387,0.02,4.387,0.011,0.542,0.0,0.376,1.846
3,False,-0.264,0.407,0.02,5.304,-0.0,0.5,-0.0,0.281,2.16
3,False,0.117,0.685,0.02,4.25,0.122,0.323,0.0,0.362,0.517
3,False,0.31,0.411,0.02,4.135,-0.103,0.531,0.0,0.431,1.225
3,False,-0.24,0.409,0.02,2.513,-0.048,0.61,-0.0,0.278,1.971
3,False,-0.32,0.679,0.02,1.758,-0.006,0.534,0.0,0.346,0.991
3,False,-0.239,0.325,0.02,0.467,0.0,0.498,-0.0,0.296,2.622
3,False,0.077,0.364,0.02,3.242,-0.005,0.533,-0.0,0.188,0.436
3,False,-0.033,0.62,0.02,0.653,0.063,0.535,0.0,0.13,3.086
3,False,-0.319,0.658,0.02,3.991,-0.0,0.5,-0.0,0.357,0.848
3,False,0.054,0.678,0.02,0.782,0.082,0.526,0.0,0.156,1.962
3,False,0.119,0.446,0.02,0.938,-0.096,0.501,0.0,0.223,2.942
3,False,0.209,0.427,0.02,4.282,-0.298,0.602,-0.0,0.537,1.358
3,False,0.096,0.42,0.02,0.173,-0.0,0.5,0.0,0.127,2.972
3,False,0.077,0.531,0.02,5.832,-0.019,0.433,0.0,0.139,1.998
3,False,0.018,0.597,0.02,6.207,0.032,0.518,0.0,0.083,2.866
3,False,0.086,0.377,0.02,3.058,0.103,0.582,0.0,0.207,1.27
3,False,-0.236,0.544,0.02,0.588,-0.051,0.386,0.071,0.248,1.503
1,False,0.117,0.667,0.02,0.138,0.001,0.42,0.06,0.276,2.869
3,False,-0.198,0.319,0.02,5.215,-0.006,0.341,0.0,0.195,1.843
3,False,-0.143,0.674,0.02,3.293,0.234,0.611,0.12,0.395,2.871
3,False,-0.297,0.528,0.02,4.121,0.061,0.524,0.0,0.358,0.283
3,False,0.063,0.572,0.02,0.773,0.016,0.522,0.0,0.072,2.173
3,False,-0.268,0.55,0.02,0.772,0.18,0.503,0.0,0.451,0.796
3,False,-0.116,0.425,0.02,5.525,-0.155,0.405,-0.0,0.048,2.451
3,False,-0.052,0.408,0.02,5.951,0.057,0.808,0.0,0.415,2.039
3,False,0.035,0.342,0.02,1.837,-0.0,0.5,-0.0,0.163,1.306
1,False,0.129,0.506,0.02,6.162,0.15,0.281,0.08,0.234,1.578
2,False,-0.287,0.67,0.02,3.071,0.265,0.262,0.085,0.69,0.877
3,False,0.19,0.429,0.02,5.267,0.025,0.479,0.0,0.174,2.513
3,False,-0.037,0.633,0.02,2.411,-0.005,0.546,-0.0,0.095,0.065
3,False,0.34,0.698,0.02,1.817,0.124,0.755,0.0,0.224,0.79
3,False,-0.085,0.363,0.02,4.097,-0.0,0.5,-0.0,0.162,0.955
3,False,-0.123,0.536,0.02,5.262,-0.035,0.64,0.0,0.138,2.865
3,False,-0.138,0.617,0.02,1.637,0.218,0.291,0.0,0.484,1.71
3,False,0.281,0.366,0.02,1.606,-0.026,0.306,0.108,0.325,1.608
3,False,0.169,0.409,0.02,3.165,0.033,0.562,0.0,0.205,0.712
3,False,-0.185,0.528,0.02,2.24,0.151,0.547,0.0,0.337,0.508
3,False,-0.02,0.566,0.02,1.045,-0.0,0.503,0.0,0.069,1.959
3,False,-0.338,0.303,0.02,5.564,0.017,0.544,0.0,0.429,2.915
3,False,-0.398,0.546,0.02,1.303,-0.146,0.605,0.0,0.26,2.896
3,False,-0.027,0.456,0.02,0.661,0.052,0.434,0.0,0.084,1.468
3,False,-0.113,0.648,0.02,4.834,0.04,0.504,0.0,0.211,1.375
3,False,-0.202,0.413,0.02,0.123,-0.044,0.52,0.0,0.192,2.697
3,False,0.07,0.485,0.02,1.372,-0.017,0.498,0.0,0.09,1.801
3,False,0.233,0.321,0.02,1.041,0.073,0.485,0.0,0.229,2.834
3,False,-0.293,0.359,0.02,2.289,0.047,0.513,0.0,0.374,1.271
3,False,-0.125,0.423,0.02,5.791,0.018,0.503,0.0,0.165,2.556
3,False,0.177,0.533,0.02,0.654,-0.009,0.48,0.0,0.195,2.669
3,False,-0.187,0.477,0.02,2.026,-0.038,0.516,-0.0,0.156,1.025
3,False,0.394,0.61,0.02,2.77,0.085,0.527,0.0,0.321,0.322
3,False,-0.221,0.678,0.02,4.724,0.033,0.519,0.0,0.3,1.717
3,False,0.315,0.518,0.02,1.513,-0.079,0.635,0.0,0.412,2.667
3,False,-0.067,0.309,0.02,0.272,-0.0,0.5,0.0,0.204,2.871
1,False,-0.346,0.466,0.02,2.768,-0.315,0.504,0.162,0.15,2.83
3,False,-0.381,0.455,0.02,4.768,0.0,0.5,0.0,0.385,1.626
3,False,0.28,0.42,0.02,3.525,0.007,0.459,0.0,0.277,0.797
3,False,-0.098,0.372,0.02,3.911,-0.0,0.5,0.0,0.162,0.767
3,False,0.055,0.357,0.02,2.393,0.002,0.499,0.0,0.153,0.782
3,False,0.272,0.655,0.02,0.745,0.101,0.467,0.0,0.256,2.543
3,False,-0.086,0.596,0.02,1.093,-0.281,0.285,0.0,0.367,2.068
3,False,-0.38,0.441,0.02,1.081,-0.003,0.51,0.0,0.383,2.192
3,False,0.382,0.373,0.02,0.994,0.0,0.5,0.0,0.404,2.148
3,False,-0.135,0.523,0.02,5.321,0.05,0.442,0.0,0.204,2.818
3,False,-0.068,0.381,0.02,4.774,0.136,0.559,0.0,0.272,2.26
3,False,-0.28,0.482,0.02,1.296,-0.0,0.5,-0.0,0.281,1.846
3,False,-0.17,0.61,0.02,1.559,-0.015,0.418,0.0,0.248,0.877
3,False,0.294,0.4,0.02,3.653,0.112,0.579,0.0,0.256,0.011
3,False,-0.34,0.598,0.02,5.431,0.021,0.444,0.0,0.393,2.502
3,False,0.219,0.689,0.02,4.945,-0.0,0.5,-0.0,0.29,1.802
3,False,-0.056,0.366,0.02,2.154,0.026,0.612,-0.0,0.26,1.143
3,False,-0.177,0.587,0.02,0.486,0.044,0.524,0.0,0.231,2.531
3,False,-0.062,0.517,0.02,0.037,-0.121,0.215,0.0,0.309,2.496
3,False,0.185,0.393,0.02,5.578,0.016,0.596,0.0,0.265,2.723
3,False,-0.098,0.462,0.02,4.978,-0.014,0.397,-0.0,0.108,1.869
3,False,-0.091,0.332,0.02,4.393,-0.0,0.5,-0.0,0.192,1.25
3,False,0.287,0.547,0.02,2.367,0.016,0.493,0.0,0.277,0.599
3,False,0.274,0.667,0.02,2.34,0.004,0.504,-0.0,0.316,0.781
3,False,-0.289,0.337,0.02,0.1,-0.312,0.704,0.0,0.368,2.748
3,False,0.024,0.592,0.02,0.5,0.22,0.467,0.0,0.234,2.89
3,False,-0.115,0.495,0.02,3.327,-0.04,0.438,0.0,0.096,0.783
3,False,0.221,0.449,0.02,5.93,0.024,0.393,0.0,0.207,1.159
3,False,0.201,0.637,0.02,5.437,-0.0,0.5,-0.0,0.244,2.295
3,False,-0.151,0.501,0.02,1.098,-0.016,0.475,-0.0,0.139,2.813
3,False,0.115,0.414,0.02,1.771,0.026,0.564,0.0,0.175,0.146
3,False,-0.111,0.689,0.02,4.394,0.236,0.602,0.0,0.358,1.834
3,False,-0.229,0.314,0.02,2.519,0.335,0.358,0.0,0.566,0.127
3,False,0.226,0.626,0.02,3.818,0.136,0.561,0.0,0.113,0.449
3,False,-0.358,0.665,0.02,3.043,-0.0,0.5,-0.0,0.395,0.099
3,False,-0.216,0.473,0.02,1.247,-0.226,0.246,0.0,0.228,2.456
3,False,0.324,0.695,0.02,3.45,0.001,0.502,0.0,0.377,0.329
3,False,-0.071,0.589,0.02,4.826,0.042,0.518,0.0,0.135,1.793
3,False,0.103,0.659,0.02,4.096,0.006,0.474,0.0,0.21,1.116
3,False,0.262,0.481,0.02,4.503,0.108,0.437,0.0,0.162,0.23
3,False,0.084,0.336,0.02,3.714,0.0,0.5,0.0,0.185,0.572
3,False,-0.069,0.478,0.02,6.188,0.015,0.507,0.0,0.091,3.06
3,False,-0.244,0.454,0.02,0.535,-0.065,0.583,0.0,0.222,2.958
3,False,0.159,0.599,0.02,1.011,0.001,0.511,-0.0,0.182,2.119
3,False,-0.027,0.486,0.02,4.392,0.164,0.747,0.0,0.324,1.973
3,False,-0.204,0.551,0.02,2.033,-0.0,0.5,-0.0,0.211,1.11
3,False,-0.353,0.613,0.02,3.966,0.043,0.482,0.0,0.418,1.89
3,False,0.286,0.621,0.02,1.634,-0.0,0.5,-0.0,0.311,1.509
3,False,0.27,0.456,0.02,4.093,0.001,0.512,-0.0,0.276,0.789
3,False,-0.178,0.673,0.02,0.04,-0.017,0.466,0.0,0.263,2.803
3,False,0.138,0.492,0.02,4.98,0.002,0.493,0.0,0.137,1.931
3,False,0.339,0.311,0.02,4.976,-0.0,0.5,-0.0,0.389,1.832
3,False,-0.23,0.365,0.02,5.699,-0.0,0.5,-0.0,0.267,2.557
3,False,-0.079,0.368,0.02,3.722,-0.413,0.305,0.0,0.341,3.084
3,False,-0.236,0.315,0.02,1.561,-0.0,0.5,0.0,0.301,1.583
3,False,-0.008,0.625,0.02,3.456,0.067,0.619,0.0,0.078,0.336
3,False,-0.078,0.433,0.02,5.495,-0.155,0.53,0.0,0.125,2.927
3,False,-0.247,0.374,0.02,2.258,0.022,0.503,-0.0,0.299,0.482
3,False,0.349,0.619,0.02,2.72,0.015,0.493,0.0,0.358,0.394
3,False,0.131,0.442,0.02,3.219,0.106,0.645,0.0,0.205,0.442
3,False,-0.089,0.392,0.02,1.626,-0.15,0.646,-0.0,0.262,2.763
3,False,0.331,0.566,0.02,6.22,0.031,0.686,0.0,0.323,2.163
3,False,-0.253,0.384,0.02,6.099,0.023,0.582,0.0,0.341,2.233
3,False,-0.14,0.453,0.02,1.973,0.0,0.5,0.0,0.15,1.168
3,False,0.262,0.458,0.02,2.87,-0.225,0.578,0.0,0.503,1.757
3,False,0.022,0.616,0.02,5.88,-0.022,0.315,0.0,0.305,1.868
3,False,-0.214,0.388,0.02,3.405,-0.274,0.62,-0.0,0.24,2.106
3,False,-0.392,0.684,0.02,1.513,0.314,0.503,0.0,0.729,1.363
3,False,0.05,0.418,0.02,2.342,0.044,0.445,0.0,0.035,0.427
3,False,-0.23,0.523,0.02,1.644,0.062,0.778,0.0,0.389,1.508
3,False,0.017,0.497,0.02,3.694,-0.0,0.5,0.0,0.027,0.549
3,False,0.287,0.442,0.02,6.179,-0.0,0.5,-0.0,0.293,3.037
3,False,-0.14,0.446,0.02,5.706,-0.126,0.651,0.0,0.207,2.96
3,False,0.095,0.439,0.02,2.104,-0.372,0.298,0.0,0.488,0.091
3,False,-0.329,0.393,0.02,2.745,-0.026,0.528,0.0,0.333,1.397
3,False,0.2,0.507,0.02,3.325,0.152,0.45,0.0,0.077,0.215
3,False,-0.369,0.656,0.02,2.374,-0.0,0.5,-0.0,0.401,0.768
3,False,0.325,0.557,0.02,1.916,-0.004,0.619,0.0,0.335,1.369
3,False,0.266,0.624,0.02,5.316,-0.0,0.5,-0.0,0.294,2.174
3,False,0.29,0.511,0.02,5.547,0.105,0.434,0.0,0.201,2.161
3,False,-0.064,0.636,0.02,0.796,-0.256,0.447,-0.0,0.27,1.063
3,False,-0.133,0.587,0.02,2.059,-0.0,0.5,0.0,0.16,1.085
3,False,-0.025,0.395,0.02,2.247,0.053,0.489,0.0,0.124,0.894
3,False,-0.367,0.461,0.02,2.383,0.045,0.358,-0.0,0.426,0.486
3,False,-0.221,0.427,0.02,4.762,-0.0,0.5,-0.0,0.233,1.62
3,False,0.341,0.486,0.02,2.831,-0.107,0.31,0.0,0.482,0.843
3,False,0.275,0.656,0.02,2.585,-0.11,0.475,-0.0,0.426,0.944
3,False,0.012,0.321,0.02,4.287,0.075,0.313,0.0,0.066,0.634
3,False,-0.291,0.334,0.02,2.608,-0.0,0.5,-0.0,0.336,0.534
3,False,0.215,0.378,0.02,2.901,0.016,0.417,0.0,0.204,0.586
3,False,0.259,0.467,0.02,3.315,0.066,0.533,0.0,0.204,0.927
3,False,-0.254,0.64,0.02,1.992,0.031,0.522,0.0,0.309,1.498
3,False,-0.238,0.365,0.02,4.886,-0.049,0.455,0.0,0.21,2.494
3,False,0.219,0.605,0.02,0.215,0.2,0.492,0.0,0.116,2.914
3,False,-0.182,0.451,0.02,5.752,0.011,0.509,0.0,0.203,2.764
3,False,0.369,0.571,0.02,3.364,-0.034,0.57,0.0,0.403,0.226
3,False,0.093,0.491,0.02,2.049,-0.089,0.667,0.0,0.254,2.047
3,False,-0.089,0.696,0.02,5.89,0.018,0.501,0.0,0.223,2.529
3,False,-0.399,0.345,0.02,0.733,0.057,0.561,0.0,0.505,2.243
3,False,0.243,0.424,0.02,1.594,-0.03,0.349,0.0,0.284,1.755
3,False,0.252,0.64,0.02,4.328,-0.019,0.541,0.0,0.289,1.671
3,False,0.213,0.304,0.02,1.528,0.0,0.5,0.0,0.29,1.613
3,False,0.185,0.346,0.02,0.608,0.254,0.636,0.0,0.299,1.399
3,False,0.011,0.465,0.02,4.432,-0.0,0.5,-0.0,0.042,1.29
3,False,0.332,0.547,0.02,0.903,-0.016,0.444,0.0,0.363,1.593
3,False,-0.231,0.451,0.02,2.565,-0.281,0.29,0.0,0.17,0.375
3,False,-0.251,0.303,0.02,1.465,-0.002,0.397,0.0,0.267,2.359
3,False,0.129,0.617,0.02,4.027,-0.162,0.726,0.0,0.311,0.821
3,False,0.11,0.454,0.02,2.905,0.026,0.577,-0.0,0.15,0.713
3,False,-0.042,0.416,0.02,4.328,0.018,0.584,0.0,0.18,0.215
3,False,0.1,0.547,0.02,2.819,0.002,0.449,0.0,0.14,1.027
3,False,0.159,0.594,0.02,4.219,-0.0,0.5,-0.0,0.186,1.076
3,False,-0.103,0.388,0.02,4.395,0.001,0.522,-0.0,0.171,1.018
3,False,0.144,0.345,0.02,2.901,-0.004,0.448,-0.0,0.181,0.392
3,False,0.328,0.334,0.02,4.602,0.017,0.515,0.0,0.36,1.097
3,False,-0.275,0.428,0.02,4.731,-0.0,0.5,-0.0,0.285,1.588
3,False,0.317,0.466,0.02,2.871,0.018,0.495,0.0,0.301,1.55
3,False,0.134,0.648,0.02,3.933,-0.0,0.5,-0.0,0.201,0.79
3,False,0.002,0.565,0.02,0.614,0.139,0.562,0.0,0.139,1.858
3,False,-0.4,0.583,0.02,5.147,0.148,0.647,0.0,0.552,2.997
3,False,-0.257,0.558,0.02,6.011,0.064,0.737,0.0,0.367,2.376
3,False,-0.29,0.449,0.02,5.449,0.0,0.5,0.0,0.295,2.308
3,False,-0.216,0.528,0.02,2.046,0.053,0.426,0.0,0.288,1.579
3,False,-0.35,0.455,0.02,6.23,-0.0,0.5,-0.0,0.354,3.088
3,False,-0.041,0.306,0.02,5.231,0.098,0.605,0.0,0.331,2.984
3,False,0.066,0.391,0.02,0.691,-0.013,0.482,0.0,0.122,2.402
3,False,0.064,0.387,0.02,2.501,0.177,0.348,0.0,0.121,1.403
3,False,0.245,0.369,0.02,6.043,0.055,0.486,0.0,0.224,2.765
3,False,0.392,0.567,0.02,1.073,-0.35,0.215,0.0,0.822,0.392
3,False,0.084,0.351,0.02,0.226,-0.0,0.5,-0.0,0.172,2.918
3,False,-0.275,0.685,0.02,3.577,-0.001,0.5,0.0,0.332,0.428
3,False,0.181,0.621,0.02,5.684,0.245,0.504,0.0,0.135,3.041
3,False,-0.371,0.435,0.02,0.822,-0.0,0.5,-0.0,0.377,2.321
3,False,-0.336,0.68,0.02,3.229,0.028,0.495,0.0,0.409,0.158
3,False,0.07,0.534,0.02,1.766,-0.0,0.5,-0.0,0.081,1.379
3,False,0.02,0.362,0.02,4.447,-0.0,0.5,-0.0,0.14,1.305
3,False,-0.322,0.573,0.02,3.372,-0.0,0.507,0.0,0.329,0.382
3,False,-0.332,0.468,0.02,1.993,0.038,0.486,0.0,0.371,0.105
3,False,-0.079,0.514,0.02,2.22,-0.054,0.656,-0.0,0.146,1.86
3,False,-0.064,0.313,0.02,0.885,0.088,0.326,0.0,0.154,3.044
3,False,0.109,0.683,0.02,1.556,0.139,0.519,0.0,0.168,1.079
3,False,-0.258,0.608,0.02,1.836,0.047,0.42,0.0,0.359,0.394
3,False,0.261,0.389,0.02,4.275,0.091,0.444,0.0,0.18,1.595
3,False,0.192,0.544,0.02,4.839,-0.0,0.5,-0.0,0.198,1.696
3,False,-0.008,0.416,0.02,0.099,0.0,0.5,0.0,0.087,3.043
3,False,-0.027,0.602,0.02,5.291,-0.012,0.359,0.0,0.244,2.25
3,False,-0.193,0.608,0.02,4.774,0.149,0.421,-0.0,0.39,3.052
3,False,0.356,0.459,0.02,5.089,-0.423,0.542,0.0,0.784,2.167
3,False,-0.083,0.388,0.02,2.364,-0.045,0.418,0.0,0.053,2.592
3,False,0.062,0.308,0.02,5.533,0.01,0.508,0.0,0.207,2.176
3,False,-0.353,0.517,0.02,4.49,-0.421,0.654,0.0,0.154,0.754
3,False,0.273,0.629,0.02,1.224,-0.256,0.446,0.0,0.56,0.325
3,False,0.326,0.509,0.02,4.163,-0.091,0.488,0.0,0.418,2.343
3,False,-0.247,0.301,0.02,2.309,-0.02,0.514,0.0,0.312,1.272
3,False,0.387,0.465,0.02,0.096,0.016,0.677,0.0,0.428,2.953
3,False,0.324,0.612,0.02,0.172,-0.028,0.482,0.0,0.376,2.615
3,False,0.027,0.518,0.02,2.547,0.009,0.554,0.0,0.045,0.403
3,False,0.3,0.357,0.02,3.082,0.125,0.334,-0.0,0.177,1.193
3,False,0.233,0.414,0.02,3.498,0.139,0.406,0.0,0.097,0.619
3,False,0.073,0.324,0.02,5.021,0.039,0.511,0.0,0.191,1.398
3,False,0.331,0.473,0.02,6.206,0.0,0.553,0.0,0.341,2.409
3,False,0.185,0.694,0.02,2.331,-0.014,0.474,0.0,0.297,1.133
3,False,0.297,0.542,0.02,5.64,-0.048,0.514,0.0,0.347,2.307
3,False,-0.045,0.474,0.02,5.312,-0.0,0.5,0.0,0.056,2.168
3,False,-0.291,0.605,0.02,2.842,-0.173,0.607,-0.0,0.12,1.401
3,False,-0.295,0.357,0.02,4.438,0.211,0.526,0.0,0.534,2.305
3,False,0.254,0.425,0.02,0.987,-0.019,0.485,0.0,0.28,2.022
3,False,0.344,0.639,0.02,4.94,-0.221,0.337,0.0,0.641,2.511
3,False,0.085,0.679,0.02,4.503,0.01,0.506,0.0,0.19,1.177
3,False,-0.11,0.636,0.02,2.109,-0.002,0.5,0.0,0.175,1.031
3,False,-0.282,0.67,0.02,1.702,0.009,0.505,0.0,0.335,1.638
3,False,0.289,0.402,0.02,5.263,0.072,0.42,0.0,0.219,2.796
3,False,-0.33,0.7,0.02,3.597,-0.423,0.214,0.0,0.495,1.446
3,False,0.107,0.464,0.02,2.94,0.303,0.392,0.0,0.21,1.674
3,False,0.047,0.402,0.02,4.73,-0.017,0.455,0.0,0.085,2.024
3,False,-0.044,0.54,0.02,2.881,-0.0,0.5,-0.0,0.062,0.263
3,False,0.256,0.576,0.02,4.196,0.144,0.354,0.0,0.25,0.927
3,False,-0.326,0.441,0.02,0.384,0.098,0.46,0.0,0.425,1.295
3,False,0.049,0.372,0.02,0.243,-0.01,0.537,0.0,0.176,2.902
3,False,0.188,0.395,0.02,4.586,-0.023,0.549,0.0,0.262,1.983
3,False,0.148,0.47,0.02,6.281,-0.13,0.518,0.0,0.283,1.739
3,False,-0.124,0.301,0.02,1.612,-0.075,0.432,-0.0,0.142,0.918
3,False,-0.054,0.613,0.02,3.81,0.067,0.501,-0.0,0.166,1.64
3,False,0.134,0.682,0.02,2.295,0.111,0.546,0.0,0.14,1.105
3,False,0.352,0.494,0.02,0.695,0.011,0.503,0.0,0.342,2.326
3,False,0.097,0.465,0.02,4.163,-0.014,0.397,0.0,0.132,2.124
3,False,0.003,0.381,0.02,4.941,0.069,0.562,-0.0,0.194,1.916
3,False,0.064,0.37,0.02,2.646,0.01,0.516,-0.0,0.157,0.412
3,False,-0.184,0.301,0.02,2.119,-0.0,0.499,0.0,0.271,1.021
3,False,0.364,0.446,0.02,4.596,0.04,0.513,0.0,0.331,1.382
3,False,0.132,0.568,0.02,1.997,-0.0,0.5,-0.0,0.15,1.147
3,False,0.389,0.447,0.02,2.539,0.195,0.608,0.0,0.253,0.672
3,False,-0.108,0.483,0.02,2.88,-0.03,0.617,-0.0,0.156,0.58
3,False,-0.166,0.649,0.02,2.284,0.021,0.731,0.0,0.205,1.364
3,False,0.323,0.616,0.02,3.176,-0.003,0.526,0.0,0.34,0.21
3,False,-0.031,0.538,0.02,0.734,0.025,0.427,0.0,0.126,1.663
3,False,-0.373,0.644,0.02,1.97,-0.0,0.5,-0.0,0.4,1.173
3,False,0.076,0.309,0.02,4.216,0.082,0.413,0.0,0.106,1.331
3,False,-0.136,0.489,0.02,1.438,-0.008,0.411,0.0,0.151,0.753
3,False,0.197,0.646,0.02,1.649,-0.105,0.603,-0.0,0.305,2.276
3,False,-0.187,0.591,0.02,0.674,0.022,0.423,0.0,0.269,2.172
3,False,-0.078,0.641,0.02,4.839,-0.0,0.5,-0.0,0.162,1.697
3,False,-0.229,0.45,0.02,4.682,0.0,0.5,0.0,0.235,1.54
3,False,-0.285,0.509,0.02,3.025,0.572,0.208,0.0,0.909,0.02
3,False,-0.297,0.523,0.02,0.921,-0.113,0.332,0.0,0.266,0.36
3,False,0.288,0.594,0.02,5.112,-0.191,0.5,0.0,0.488,1.981
3,False,-0.363,0.504,0.02,3.447,0.17,0.426,0.0,0.539,2.207
3,False,-0.159,0.397,0.02,6.138,0.004,0.425,0.0,0.166,2.109
3,False,0.027,0.379,0.02,0.819,-0.04,0.575,0.0,0.209,2.111
3,False,-0.075,0.458,0.02,3.892,-0.031,0.511,0.0,0.071,0.718
3,False,0.021,0.489,0.02,5.821,0.007,0.423,0.0,0.07,2.913
3,False,0.05,0.594,0.02,2.646,0.256,0.507,0.0,0.224,0.232
3,False,0.037,0.389,0.02,5.806,0.08,0.544,0.0,0.162,2.128
3,False,0.142,0.579,0.02,1.903,0.08,0.68,-0.0,0.12,1.619
3,False,-0.049,0.609,0.02,1.639,-0.0,0.5,0.0,0.121,1.506
3,False,-0.14,0.397,0.02,0.086,-0.0,0.5,0.0,0.175,3.059
3,False,0.099,0.33,0.02,2.52,-0.164,0.644,0.0,0.409,2.69
3,False,0.048,0.33,0.02,4.78,0.056,0.389,0.0,0.063,1.51
3,False,-0.322,0.321,0.02,5.851,-0.042,0.49,0.0,0.328,2.502
3,False,-0.212,0.663,0.02,2.978,-0.0,0.5,-0.0,0.268,0.164
3,False,0.047,0.408,0.02,1.998,0.088,0.359,0.0,0.067,0.468
3,False,0.094,0.559,0.02,5.395,0.137,0.58,-0.0,0.052,1.684
3,False,-0.092,0.657,0.02,2.447,0.144,0.547,0.0,0.262,0.195
3,False,0.273,0.539,0.02,2.242,0.196,0.744,0.0,0.22,2.575
3,False,0.34,0.577,0.02,6.252,-0.068,0.437,0.0,0.432,2.963
3,False,-0.097,0.543,0.02,2.938,-0.0,0.5,-0.0,0.108,0.205
3,False,0.254,0.358,0.02,3.718,-0.0,0.5,-0.0,0.291,0.576
3,False,0.092,0.304,0.02,1.016,-0.0,0.5,0.0,0.218,2.128
3,False,0.267,0.539,0.02,2.639,-0.103,0.556,0.0,0.371,0.531
3,False,-0.028,0.476,0.02,1.09,-0.013,0.456,0.0,0.032,2.496
3,False,-0.118,0.674,0.02,3.345,-0.0,0.5,0.0,0.211,0.201
3,False,-0.023,0.395,0.02,2.445,0.018,0.71,0.0,0.318,1.642
3,False,-0.091,0.407,0.02,0.498,0.056,0.597,0.0,0.241,2.435
3,False,0.168,0.381,0.02,2.46,0.059,0.509,-0.0,0.169,1.383
3,False,-0.294,0.656,0.02,2.092,0.0,0.5,0.0,0.333,1.049
3,False,0.08,0.372,0.02,1.923,-0.008,0.506,0.0,0.162,1.21
3,False,-0.224,0.375,0.02,2.91,-0.241,0.529,0.0,0.156,1.744
3,False,-0.152,0.399,0.02,6.264,0.141,0.352,-0.0,0.298,2.116
3,False,-0.158,0.682,0.02,4.894,-0.358,0.293,0.0,0.438,2.736
3,False,0.059,0.31,0.02,3.23,-0.001,0.49,-0.0,0.191,0.261
3,False,0.31,0.46,0.02,1.144,0.176,0.392,0.0,0.152,1.681
3,False,0.016,0.557,0.02,4.804,0.064,0.432,0.0,0.136,2.153
3,False,-0.343,0.456,0.02,4.51,-0.0,0.5,0.0,0.346,1.365
3,False,0.364,0.448,0.02,4.104,-0.001,0.499,0.0,0.37,0.916
3,False,0.132,0.639,0.02,5.391,0.241,0.233,0.0,0.421,2.852
3,False,0.16,0.513,0.02,1.42,0.018,0.516,-0.0,0.143,2.116
3,False,-0.293,0.301,0.02,5.392,0.014,0.537,0.0,0.388,2.692
3,False,0.374,0.581,0.02,6.232,-0.064,0.66,0.0,0.445,2.237
3,False,-0.07,0.356,0.02,1.156,0.057,0.518,0.0,0.207,1.763
3,False,-0.339,0.363,0.02,3.698,0.069,0.624,0.0,0.484,0.545
3,False,0.355,0.602,0.02,2.434,-0.105,0.651,0.0,0.463,1.567
3,False,0.342,0.412,0.02,5.951,0.075,0.503,-0.0,0.283,2.872
3,False,0.282,0.427,0.02,0.685,0.095,0.605,-0.0,0.259,2.574
3,False,0.04,0.592,0.02,5.245,-0.0,0.5,0.0,0.102,2.1
3,False,-0.056,0.573,0.02,3.036,-0.243,0.351,0.0,0.291,0.577
3,False,-0.367,0.451,0.02,0.221,0.001,0.514,0.0,0.374,3.026
3,False,0.009,0.484,0.02,0.839,-0.074,0.659,0.0,0.194,2.028
3,False,-0.253,0.381,0.02,2.882,-0.223,0.565,0.0,0.187,1.962
3,False,-0.353,0.373,0.02,3.817,-0.003,0.506,0.0,0.375,0.628
3,False,0.304,0.323,0.02,1.804,0.235,0.403,0.0,0.108,0.79
3,False,-0.143,0.582,0.02,5.791,0.1,0.611,-0.0,0.246,2.55
3,False,-0.05,0.531,0.02,1.936,0.009,0.494,0.0,0.072,1.219
3,False,-0.077,0.661,0.02,5.073,0.173,0.524,0.0,0.287,3.014
3,False,-0.095,0.581,0.02,3.372,0.036,0.544,0.0,0.138,1.455
3,False,0.015,0.326,0.02,0.007,0.128,0.309,0.0,0.116,2.797
3,False,-0.086,0.442,0.02,1.937,-0.016,0.505,0.0,0.096,1.171
3,False,0.052,0.377,0.02,0.864,0.084,0.53,0.0,0.157,1.331
3,False,0.301,0.628,0.02,2.314,-0.121,0.754,-0.0,0.442,0.768
3,False,0.065,0.585,0.02,0.592,-0.04,0.347,0.0,0.261,2.441
3,False,0.062,0.302,0.02,0.877,0.08,0.543,0.0,0.243,3.109
3,False,0.318,0.371,0.02,1.075,0.099,0.514,0.0,0.263,2.602
3,False,-0.038,0.329,0.02,0.9,0.028,0.491,-0.0,0.176,1.731
3,False,0.303,0.33,0.02,0.376,0.013,0.536,0.0,0.357,2.63
3,False,0.132,0.443,0.02,0.296,0.003,0.501,-0.0,0.143,2.818
3,False,-0.364,0.482,0.02,1.732,0.107,0.474,-0.0,0.472,2.559
3,False,0.334,0.391,0.02,2.028,-0.0,0.5,-0.0,0.352,1.115
3,False,0.069,0.339,0.02,1.766,0.064,0.393,0.0,0.058,0.414
3,False,0.139,0.466,0.02,2.441,0.019,0.517,0.0,0.132,0.981
3,False,-0.211,0.346,0.02,5.876,0.056,0.651,0.0,0.407,2.931
3,False,-0.283,0.451,0.02,1.403,-0.0,0.5,0.0,0.288,1.741
3,False,-0.076,0.521,0.02,3.343,-0.22,0.266,0.0,0.294,0.2
3,False,-0.393,0.538,0.02,1.947,0.029,0.256,0.0,0.508,1.423
3,False,0.149,0.5,0.02,2.38,-0.0,0.5,0.0,0.15,0.765
3,False,0.208,0.403,0.02,3.303,-0.112,0.266,-0.0,0.348,0.203
3,False,-0.357,0.659,0.02,1.494,-0.0,0.5,-0.0,0.392,1.648
3,False,-0.346,0.454,0.02,4.379,-0.121,0.343,0.0,0.251,1.808
3,False,0.138,0.672,0.02,3.417,-0.005,0.45,-0.0,0.265,0.052
3,False,-0.079,0.43,0.02,1.27,-0.036,0.294,0.0,0.144,2.007
3,False,0.251,0.54,0.02,5.024,-0.018,0.481,0.0,0.276,1.787
3,False,0.183,0.649,0.02,5.568,-0.004,0.424,-0.0,0.293,1.996
3,False,-0.229,0.334,0.02,5.309,-0.098,0.355,0.0,0.134,2.342
3,False,0.173,0.406,0.02,5.521,-0.019,0.459,0.0,0.2,1.919
3,False,0.128,0.477,0.02,2.116,-0.0,0.5,-0.0,0.132,1.027
3,False,0.208,0.432,0.02,0.319,0.0,0.5,0.0,0.22,2.823
3,False,0.378,0.476,0.02,0.897,0.005,0.504,-0.0,0.375,2.32
3,False,0.073,0.351,0.02,0.451,-0.114,0.404,-0.0,0.196,2.857
3,False,-0.171,0.329,0.02,2.649,0.101,0.488,0.0,0.316,0.709
3,False,-0.078,0.481,0.02,2.791,-0.014,0.42,0.0,0.091,1.952
3,False,0.397,0.635,0.02,1.054,-0.001,0.499,0.0,0.421,2.096
3,False,-0.035,0.383,0.02,6.082,0.014,0.512,0.0,0.14,2.94
3,False,0.219,0.34,0.02,2.548,0.118,0.653,-0.0,0.33,1.524
3,False,-0.227,0.388,0.02,3.423,0.005,0.505,0.0,0.261,0.301
3,False,-0.167,0.537,0.02,0.181,0.018,0.48,0.0,0.195,2.206
3,False,-0.317,0.404,0.02,1.494,-0.0,0.5,-0.0,0.331,1.649
3,False,0.254,0.365,0.02,2.093,-0.268,0.708,0.0,0.624,0.927
3,False,0.354,0.673,0.02,1.336,-0.0,0.5,0.0,0.395,1.808
3,False,-0.208,0.365,0.02,2.508,-0.016,0.539,0.0,0.26,0.499
3,False,0.083,0.4,0.02,1.876,-0.0,0.5,-0.0,0.132,1.267
3,False,-0.155,0.56,0.02,1.056,0.016,0.595,0.0,0.176,0.959
3,False,0.151,0.384,0.02,4.072,0.078,0.511,0.0,0.148,0.01
3,False,0.376,0.692,0.02,0.165,-0.003,0.619,0.0,0.387,3.132
3,False,0.251,0.346,0.02,0.94,0.071,0.548,0.0,0.271,2.411
3,False,-0.372,0.694,0.02,0.74,0.025,0.415,0.0,0.486,2.555
3,False,0.288,0.694,0.02,5.071,-0.071,0.47,0.0,0.424,0.561
3,False,0.045,0.309,0.02,2.321,-0.009,0.506,0.0,0.205,1.275
3,False,0.248,0.453,0.02,5.376,0.1,0.549,0.0,0.178,2.671
3,False,-0.012,0.564,0.02,3.148,0.036,0.602,0.0,0.065,1.012
3,False,-0.22,0.547,0.02,0.462,0.139,0.382,0.0,0.395,2.748
3,False,-0.017,0.39,0.02,5.143,0.0,0.5,0.0,0.113,2.001
3,False,-0.379,0.382,0.02,4.493,0.0,0.5,0.0,0.397,1.351
3,False,-0.066,0.537,0.02,3.104,0.021,0.539,-0.0,0.089,0.611
3,False,0.159,0.551,0.02,3.645,0.037,0.592,-0.0,0.13,1.593
3,False,-0.219,0.308,0.02,1.383,-0.0,0.5,0.0,0.293,1.761
3,False,0.297,0.573,0.02,4.196,0.006,0.503,0.0,0.3,1.23
3,False,0.187,0.684,0.02,0.579,-0.105,0.292,0.0,0.489,3.036
3,False,0.092,0.518,0.02,0.517,-0.193,0.575,0.0,0.291,2.733
2,False,0.304,0.529,0.02,4.64,0.032,0.515,0.063,0.276,2.408
3,False,-0.178,0.653,0.02,0.837,-0.06,0.357,0.0,0.318,2.263
3,False,-0.203,0.306,0.02,2.202,-0.111,0.442,0.0,0.166,0.002
3,False,-0.166,0.327,0.02,3.497,-0.257,0.601,0.0,0.29,1.275
3,False,-0.265,0.454,0.02,1.932,0.018,0.493,0.0,0.286,1.933
3,False,0.0,0.53,0.02,5.453,0.0,0.5,0.0,0.036,2.312
3,False,0.086,0.44,0.02,4.943,0.155,0.355,0.0,0.112,1.48
3,False,-0.063,0.343,0.02,1.353,0.0,0.407,0.0,0.092,2.461
3,False,-0.317,0.433,0.02,0.86,-0.0,0.5,-0.0,0.324,2.283
3,False,-0.138,0.435,0.02,6.265,-0.128,0.622,-0.0,0.188,2.323
3,False,-0.034,0.393,0.02,3.863,-0.178,0.603,0.0,0.255,0.694
3,False,-0.102,0.512,0.02,4.355,-0.014,0.44,0.0,0.115,0.58
3,False,0.051,0.489,0.02,0.951,-0.003,0.521,0.0,0.067,2.202
3,False,-0.088,0.34,0.02,1.96,-0.077,0.458,-0.0,0.121,3.03
3,False,-0.371,0.536,0.02,2.002,0.135,0.466,-0.0,0.511,1.9
3,False,0.083,0.59,0.02,2.209,0.016,0.499,-0.0,0.115,1.122
3,False,0.237,0.48,0.02,0.142,0.086,0.452,0.0,0.154,1.696
3,False,0.346,0.672,0.02,4.435,-0.065,0.632,0.0,0.414,1.388
3,False,-0.255,0.521,0.02,3.408,0.194,0.385,0.0,0.469,0.785
3,False,-0.028,0.317,0.02,2.416,-0.007,0.498,0.0,0.184,0.856
3,False,-0.3,0.356,0.02,2.179,-0.0,0.5,0.0,0.334,0.965
3,False,0.328,0.442,0.02,3.232,0.105,0.419,0.0,0.225,0.316
3,False,-0.343,0.603,0.02,3.429,0.061,0.568,0.0,0.406,1.17
3,False,-0.065,0.667,0.02,1.552,0.127,0.326,0.0,0.392,0.48
3,False,0.39,0.644,0.02,3.379,0.035,0.538,0.0,0.371,0.666
3,False,-0.234,0.51,0.02,3.415,0.0,0.5,0.0,0.235,0.273
3,False,-0.08,0.67,0.02,3.077,-0.048,0.595,-0.0,0.084,0.25
3,False,-0.183,0.504,0.02,2.576,0.001,0.499,0.0,0.184,0.569
3,False,0.385,0.538,0.02,1.082,-0.004,0.501,-0.0,0.391,2.142
3,False,-0.237,0.657,0.02,3.813,-0.032,0.615,0.0,0.209,0.333
3,False,-0.315,0.392,0.02,4.009,0.15,0.573,0.0,0.499,0.798
3,False,0.162,0.44,0.02,4.247,-0.076,0.435,0.0,0.239,2.295
3,False,-0.229,0.402,0.02,4.987,0.14,0.56,0.0,0.402,1.344
3,False,0.051,0.452,0.02,2.77,-0.0,0.5,0.0,0.073,0.374
3,False,-0.34,0.342,0.02,1.392,-0.188,0.324,-0.0,0.155,2.169
3,False,-0.03,0.352,0.02,2.973,0.102,0.472,0.0,0.179,1.18
3,False,0.059,0.414,0.02,0.485,-0.278,0.585,0.0,0.379,2.628
3,False,-0.184,0.489,0.02,5.275,0.406,0.34,0.0,0.608,1.556
3,False,0.384,0.447,0.02,5.154,-0.013,0.537,0.0,0.408,2.663
3,False,-0.017,0.642,0.02,5.408,0.049,0.498,0.0,0.159,2.576
3,False,-0.06,0.378,0.02,6.064,0.021,0.501,0.0,0.149,2.715
3,False,-0.191,0.519,0.02,2.936,-0.051,0.528,-0.0,0.141,0.523
3,False,0.121,0.427,0.02,3.749,0.134,0.302,0.0,0.127,2.061
3,False,-0.057,0.352,0.02,0.165,-0.0,0.5,0.0,0.16,2.98
3,False,0.19,0.588,0.02,4.367,0.081,0.524,0.0,0.128,2.143
3,False,0.335,0.358,0.02,1.943,0.027,0.514,0.0,0.346,1.308
3,False,0.331,0.404,0.02,5.725,-0.0,0.5,-0.0,0.346,2.583
3,False,0.388,0.382,0.02,5.225,-0.0,0.5,-0.0,0.406,2.082
3,False,0.387,0.599,0.02,1.377,0.052,0.544,0.0,0.34,1.156
3,False,0.389,0.427,0.02,2.313,-0.088,0.592,0.0,0.505,1.61
3,False,-0.26,0.563,0.02,3.09,0.006,0.501,0.0,0.273,0.093
1,False,-0.093,0.626,0.02,5.908,-0.19,0.538,0.293,0.303,1.029
3,False,0.398,0.331,0.02,5.059,0.235,0.247,0.0,0.184,2.694
3,False,0.159,0.581,0.02,0.126,-0.224,0.685,0.0,0.397,3.083
3,False,0.328,0.306,0.02,1.775,-0.024,0.568,0.0,0.439,1.986
3,False,-0.21,0.652,0.02,3.898,0.059,0.345,0.0,0.408,0.132
3,False,0.008,0.675,0.02,5.02,0.054,0.471,0.0,0.209,2.589
3,False,0.03,0.59,0.02,0.929,-0.036,0.571,0.0,0.072,2.167
3,False,-0.332,0.681,0.02,2.432,0.038,0.558,0.0,0.391,1.368
3,False,-0.376,0.474,0.02,6.157,0.112,0.548,0.0,0.495,0.977
3,False,0.111,0.57,0.02,1.97,0.021,0.679,0.0,0.143,1.509
3,False,0.052,0.492,0.02,2.279,-0.0,0.5,0.0,0.057,0.866
3,False,0.009,0.685,0.02,4.289,-0.0,0.5,0.0,0.186,1.145
3,False,-0.317,0.478,0.02,2.573,-0.044,0.475,0.0,0.274,0.217
3,False,-0.085,0.413,0.02,0.16,-0.029,0.614,0.0,0.209,2.483
3,False,0.305,0.433,0.02,3.154,0.055,0.563,-0.0,0.282,0.232
3,False,-0.036,0.683,0.02,4.234,-0.0,0.5,0.0,0.187,1.09
3,False,0.149,0.643,0.02,5.28,0.029,0.571,0.0,0.142,1.93
3,False,-0.241,0.369,0.02,2.539,0.141,0.524,0.0,0.413,2.403
3,False,-0.28,0.661,0.02,2.341,0.016,0.501,-0.0,0.337,0.713
3,False,-0.104,0.383,0.02,3.999,0.003,0.507,0.0,0.165,0.597
3,False,-0.105,0.359,0.02,2.306,-0.0,0.5,-0.0,0.177,0.836
3,False,-0.224,0.377,0.02,5.746,0.011,0.321,0.0,0.242,3.133
3,False,-0.086,0.676,0.02,2.25,-0.0,0.5,-0.0,0.197,0.893
3,False,0.02,0.578,0.02,0.288,0.202,0.325,-0.0,0.313,3.01
3,False,-0.067,0.62,0.02,2.38,-0.307,0.692,0.0,0.252,0.661
3,False,-0.24,0.417,0.02,0.971,-0.06,0.48,0.0,0.192,2.549
3,False,-0.009,0.656,0.02,0.144,0.084,0.464,0.0,0.215,1.726
3,False,-0.243,0.344,0.02,5.949,0.17,0.668,0.0,0.525,1.759
3,False,0.139,0.512,0.02,2.364,0.051,0.53,0.0,0.092,0.326
3,False,0.259,0.581,0.02,5.949,0.239,0.31,0.0,0.272,2.335
3,False,0.239,0.431,0.02,4.965,-0.019,0.446,0.0,0.26,1.228
3,False,-0.215,0.338,0.02,1.314,0.006,0.487,0.0,0.267,1.626
3,False,0.259,0.464,0.02,4.324,-0.056,0.471,0.0,0.315,0.471
3,False,-0.367,0.362,0.02,3.707,0.034,0.593,0.0,0.463,0.555
3,False,-0.063,0.674,0.02,0.741,0.09,0.518,0.0,0.219,2.642
3,False,0.399,0.335,0.02,0.505,0.009,0.268,0.0,0.397,2.698
3,False,0.164,0.347,0.02,5.851,-0.0,0.5,0.0,0.225,2.706
3,False,0.177,0.605,0.02,5.63,0.005,0.487,0.0,0.21,2.646
3,False,-0.0,0.527,0.02,5.55,-0.141,0.549,-0.0,0.143,2.189
3,False,-0.288,0.319,0.02,5.95,-0.071,0.591,-0.0,0.349,3.127
3,False,-0.39,0.569,0.02,4.139,0.022,0.502,0.0,0.418,0.957
3,False,0.118,0.454,0.02,3.05,0.026,0.672,0.0,0.237,1.349
3,False,-0.376,0.419,0.02,5.279,0.023,0.545,0.0,0.419,2.395
3,False,0.039,0.464,0.02,4.788,-0.028,0.446,-0.0,0.072,2.133
3,False,-0.341,0.38,0.02,2.542,0.095,0.724,-0.0,0.556,0.65
3,False,0.081,0.518,0.02,4.441,0.0,0.5,0.0,0.085,1.3
3,False,0.165,0.307,0.02,0.29,0.019,0.618,0.0,0.345,2.584
3,False,-0.365,0.646,0.02,3.888,0.12,0.501,0.0,0.507,0.733
1,False,-0.387,0.599,0.02,0.436,-0.036,0.639,0.08,0.358,2.734
3,False,-0.063,0.538,0.02,5.98,0.163,0.655,0.0,0.256,2.087
3,False,-0.201,0.513,0.02,2.189,-0.0,0.5,-0.0,0.202,0.953
3,False,-0.191,0.49,0.02,3.165,-0.216,0.63,0.0,0.144,1.153
3,False,0.378,0.378,0.02,2.059,0.136,0.639,0.0,0.356,2.013
3,False,-0.286,0.657,0.02,4.882,-0.0,0.5,-0.0,0.327,1.74
3,False,-0.199,0.577,0.02,5.295,0.209,0.663,0.0,0.417,2.854
3,False,0.293,0.59,0.02,2.484,-0.017,0.462,0.0,0.336,1.054
3,False,-0.163,0.481,0.02,6.19,-0.125,0.552,0.0,0.083,2.495
3,False,0.224,0.691,0.02,5.61,-0.0,0.5,-0.0,0.295,2.468
3,False,0.258,0.415,0.02,6.083,0.029,0.537,-0.0,0.26,2.455
3,False,-0.384,0.546,0.02,5.677,0.0,0.5,0.0,0.387,2.536
3,False,-0.233,0.307,0.02,6.254,-0.0,0.5,-0.0,0.303,3.112
3,False,-0.209,0.31,0.02,1.38,-0.007,0.476,0.0,0.262,1.959
3,False,0.37,0.438,0.02,2.097,0.021,0.504,0.0,0.356,1.176
3,False,0.217,0.36,0.02,5.99,0.03,0.52,0.0,0.246,3.001
3,False,0.189,0.525,0.02,4.105,-0.058,0.601,0.0,0.259,2.038
3,False,0.322,0.634,0.02,1.015,0.02,0.546,-0.0,0.315,2.168
3,False,0.386,0.649,0.02,2.133,-0.0,0.5,-0.0,0.414,1.01
3,False,-0.169,0.371,0.02,0.098,-0.027,0.256,0.0,0.184,2.985
3,False,0.337,0.345,0.02,5.367,0.194,0.597,0.0,0.29,0.003
3,False,0.19,0.404,0.02,5.384,-0.109,0.502,-0.0,0.316,0.999
3,False,-0.225,0.432,0.02,2.824,0.017,0.505,0.0,0.254,0.431
3,False,-0.379,0.408,0.02,1.955,0.033,0.625,0.0,0.466,1.099
3,False,-0.099,0.672,0.02,6.25,0.286,0.489,0.0,0.427,2.757
3,False,0.042,0.452,0.02,3.677,0.014,0.548,-0.0,0.102,0.378
3,False,-0.051,0.542,0.02,2.934,-0.079,0.519,0.0,0.041,0.73
3,False,-0.37,0.641,0.02,4.827,-0.0,0.5,0.0,0.396,1.683
3,False,0.127,0.668,0.02,5.111,-0.0,0.5,-0.0,0.211,1.968
3,False,-0.122,0.537,0.02,3.06,0.066,0.534,0.0,0.189,0.548
3,False,-0.073,0.393,0.02,0.098,0.072,0.475,0.0,0.168,2.221
3,False,0.16,0.548,0.02,1.931,-0.0,0.5,0.0,0.169,1.213
3,False,-0.284,0.325,0.02,3.235,0.01,0.512,-0.0,0.349,0.183
3,False,-0.307,0.345,0.02,4.331,0.089,0.542,0.063,0.445,2.294
3,False,-0.174,0.47,0.02,1.42,-0.012,0.578,0.0,0.196,2.084
3,False,0.043,0.492,0.02,0.528,0.059,0.589,0.0,0.101,2.26
3,False,0.344,0.318,0.02,3.913,-0.0,0.5,-0.0,0.39,0.771
3,False,0.339,0.321,0.02,3.915,0.302,0.552,0.0,0.235,1.481
3,False,0.134,0.47,0.02,0.699,0.063,0.493,0.0,0.077,3.116
3,False,0.046,0.49,0.02,4.044,-0.054,0.568,-0.0,0.128,0.128
3,False,0.264,0.663,0.02,3.98,-0.327,0.202,0.0,0.751,0.738
3,False,0.004,0.399,0.02,4.558,0.014,0.508,-0.0,0.111,1.236
3,False,-0.084,0.594,0.02,3.035,0.071,0.507,0.0,0.179,1.304
3,False,-0.308,0.474,0.02,6.22,0.006,0.494,0.0,0.315,2.106
3,False,-0.068,0.503,0.02,0.632,-0.015,0.514,-0.0,0.057,2.44
3,False,-0.383,0.485,0.02,6.094,-0.0,0.5,-0.0,0.384,2.951
3,False,-0.154,0.519,0.02,5.308,-0.065,0.316,-0.0,0.223,0.568
3,False,-0.29,0.389,0.02,6.109,-0.175,0.279,-0.0,0.16,3.079
3,False,0.257,0.685,0.02,0.23,-0.0,0.5,-0.0,0.318,2.912
3,False,0.119,0.471,0.02,0.35,0.017,0.524,0.0,0.116,2.756
3,False,0.079,0.575,0.02,0.013,0.074,0.592,0.0,0.027,2.883
3,False,0.148,0.332,0.02,2.279,-0.178,0.579,0.0,0.41,1.315
3,False,0.376,0.622,0.02,1.738,-0.019,0.493,0.0,0.416,2.322
3,False,0.267,0.312,0.02,0.351,0.079,0.467,0.0,0.245,2.181
3,False,0.22,0.659,0.02,3.837,-0.0,0.5,0.0,0.272,0.692
3,False,-0.311,0.369,0.02,5.731,0.005,0.513,0.0,0.348,2.66
3,False,-0.018,0.469,0.02,0.289,-0.0,0.5,-0.0,0.041,2.853
3,False,0.255,0.587,0.02,4.341,0.227,0.826,-0.0,0.241,0.433
3,False,-0.133,0.671,0.02,2.062,-0.158,0.515,0.0,0.16,0.123
3,False,0.063,0.372,0.02,3.182,0.006,0.523,-0.0,0.163,0.346
3,False,0.288,0.459,0.02,2.357,-0.083,0.505,-0.0,0.374,0.027
3,False,-0.354,0.59,0.02,5.215,-0.042,0.501,0.0,0.325,2.968
3,False,0.223,0.469,0.02,1.395,-0.034,0.234,-0.0,0.349,1.441
3,False,-0.218,0.57,0.02,1.062,-0.013,0.572,0.0,0.206,1.751
3,False,0.042,0.445,0.02,3.845,0.169,0.704,-0.0,0.29,0.555
3,False,-0.028,0.558,0.02,5.375,0.0,0.5,0.0,0.068,2.233
3,False,0.375,0.336,0.02,5.251,0.061,0.561,0.0,0.387,2.153
3,False,-0.348,0.59,0.02,1.922,-0.0,0.5,0.0,0.36,1.221
3,False,-0.001,0.485,0.02,4.139,-0.209,0.607,0.0,0.242,0.47
3,False,0.022,0.31,0.02,4.822,-0.0,0.5,0.0,0.193,1.678
3,False,-0.124,0.459,0.02,2.636,-0.0,0.5,-0.0,0.132,0.507
3,False,-0.373,0.431,0.02,4.446,-0.067,0.558,-0.0,0.331,0.273
3,False,-0.397,0.641,0.02,3.679,-0.0,0.5,-0.0,0.421,0.536
3,False,0.012,0.498,0.02,6.204,-0.0,0.5,-0.0,0.024,3.062
3,False,0.238,0.345,0.02,4.436,0.031,0.413,-0.0,0.219,0.003
3,False,0.045,0.382,0.02,1.8,0.049,0.483,0.0,0.103,1.125
3,False,-0.229,0.479,0.02,0.075,0.159,0.482,0.0,0.389,2.561
3,False,0.197,0.616,0.02,0.969,0.015,0.509,0.0,0.213,1.656
3,False,0.203,0.364,0.02,0.512,0.057,0.401,0.0,0.152,1.921
3,False,0.14,0.491,0.02,4.062,-0.165,0.527,0.0,0.307,1.662
3,False,-0.048,0.63,0.02,2.111,-0.0,0.5,-0.0,0.14,1.031
3,False,0.316,0.314,0.02,4.17,-0.044,0.579,0.0,0.448,0.041
3,False,0.357,0.521,0.02,1.156,0.046,0.505,0.0,0.312,2.52
3,False,-0.001,0.384,0.02,5.181,-0.042,0.456,-0.0,0.085,1.846
3,False,-0.199,0.553,0.02,1.67,-0.001,0.5,0.0,0.206,1.48
3,False,0.134,0.448,0.02,5.527,0.023,0.499,-0.0,0.124,2.066
3,False,-0.32,0.625,0.02,5.931,0.052,0.601,0.0,0.373,2.447
3,False,-0.041,0.588,0.02,2.215,-0.005,0.601,0.0,0.043,0.516
3,False,-0.056,0.312,0.02,6.08,0.023,0.322,0.0,0.082,2.786
3,False,-0.369,0.634,0.02,6.091,0.007,0.516,0.0,0.395,2.806
3,False,-0.183,0.409,0.02,1.394,0.024,0.436,0.0,0.21,0.828
3,False,-0.246,0.696,0.02,0.362,-0.0,0.5,0.0,0.315,2.782
3,False,0.067,0.697,0.02,5.061,0.013,0.431,0.0,0.272,0.9
3,False,-0.216,0.363,0.02,3.618,-0.17,0.415,-0.0,0.072,0.614
3,False,-0.08,0.587,0.02,2.099,-0.0,0.5,-0.0,0.12,1.043
3,False,0.244,0.629,0.02,5.549,0.1,0.454,-0.0,0.227,2.426
3,False,0.369,0.482,0.02,5.883,0.186,0.401,0.0,0.201,2.549
3,False,-0.107,0.504,0.02,6.103,-0.034,0.587,0.0,0.112,3.012
3,False,0.186,0.364,0.02,2.967,-0.0,0.5,-0.0,0.231,0.175
3,False,-0.385,0.586,0.02,3.832,-0.016,0.596,0.0,0.37,0.386
3,False,-0.019,0.47,0.02,6.233,0.1,0.448,0.0,0.123,2.691
3,False,-0.278,0.443,0.02,0.051,-0.0,0.5,0.0,0.284,3.093
3,False,0.172,0.652,0.02,5.615,0.209,0.419,0.0,0.236,2.212
3,False,0.337,0.668,0.02,0.979,0.106,0.508,0.0,0.281,2.944
3,False,-0.061,0.547,0.02,3.944,-0.006,0.527,-0.0,0.062,1.404
3,False,0.076,0.597,0.02,5.335,0.09,0.621,0.0,0.034,0.702
3,False,0.225,0.498,0.02,0.496,-0.024,0.511,0.0,0.25,2.338
3,False,-0.288,0.388,0.02,3.639,0.0,0.5,0.0,0.31,0.497
3,False,0.142,0.513,0.02,1.019,-0.013,0.479,0.0,0.16,2.351
3,False,0.188,0.468,0.02,2.096,0.093,0.474,-0.0,0.098,0.22
3,False,-0.015,0.407,0.02,2.698,-0.145,0.437,0.0,0.135,0.242
3,False,-0.106,0.507,0.02,5.242,0.057,0.518,0.0,0.165,2.928
3,False,-0.105,0.586,0.02,4.251,-0.173,0.555,0.0,0.078,1.112
3,False,-0.06,0.339,0.02,6.19,-0.0,0.5,0.0,0.173,3.046
3,False,0.27,0.486,0.02,2.51,0.164,0.562,0.0,0.132,0.051
3,False,-0.362,0.639,0.02,2.532,-0.102,0.299,0.0,0.428,0.26
3,False,0.312,0.437,0.02,2.534,0.063,0.517,-0.0,0.262,1.128
3,False,0.249,0.69,0.02,3.024,-0.0,0.5,0.0,0.314,0.12
3,False,-0.325,0.625,0.02,1.27,-0.004,0.517,0.0,0.339,1.659
3,False,-0.161,0.413,0.02,3.955,-0.045,0.575,0.0,0.2,0.103
3,False,-0.291,0.353,0.02,3.892,0.174,0.392,0.0,0.467,1.677
3,False,0.123,0.589,0.02,1.001,0.219,0.391,0.0,0.221,1.939
3,False,0.254,0.343,0.02,5.735,-0.0,0.5,0.0,0.3,2.591
3,False,-0.157,0.312,0.02,2.916,-0.0,0.5,0.0,0.246,0.229
3,False,-0.08,0.37,0.02,4.334,0.002,0.499,0.0,0.154,1.188
3,False,-0.096,0.553,0.02,4.85,0.067,0.494,0.0,0.175,2.031
3,False,-0.342,0.526,0.02,5.146,0.201,0.492,0.0,0.544,0.276
3,False,0.372,0.649,0.02,0.662,0.15,0.415,-0.0,0.323,2.479
3,False,0.096,0.632,0.02,3.563,-0.01,0.491,0.0,0.177,0.364
3,False,-0.161,0.447,0.02,3.152,0.096,0.504,0.0,0.264,0.292
3,False,0.287,0.685,0.02,4.578,-0.0,0.5,-0.0,0.342,1.435
3,False,0.043,0.346,0.02,0.975,0.107,0.46,0.0,0.133,2.811
3,False,-0.316,0.351,0.02,5.374,0.191,0.683,0.0,0.606,2.222
3,False,-0.172,0.692,0.02,0.599,-0.002,0.502,0.0,0.256,2.518
3,False,0.254,0.38,0.02,5.151,0.135,0.413,0.0,0.125,1.429
3,False,0.022,0.429,0.02,0.012,-0.359,0.625,-0.0,0.428,2.398
3,False,-0.21,0.678,0.02,4.84,0.01,0.639,-0.0,0.224,0.895
3,False,0.264,0.378,0.02,3.1,-0.019,0.477,-0.0,0.3,0.475
3,False,0.362,0.424,0.02,1.182,-0.0,0.5,-0.0,0.37,1.96
3,False,-0.388,0.328,0.02,4.435,0.002,0.507,0.0,0.429,1.177
3,False,0.183,0.357,0.02,1.826,-0.028,0.553,0.0,0.289,1.92
3,False,-0.395,0.523,0.02,0.724,0.018,0.479,0.0,0.415,2.93
3,False,-0.264,0.468,0.02,0.62,0.121,0.577,0.063,0.402,2.013
3,False,-0.004,0.424,0.02,0.458,-0.0,0.5,0.0,0.079,2.686
3,False,0.312,0.608,0.02,0.647,0.009,0.509,0.0,0.32,2.39
3,False,0.281,0.609,0.02,5.472,-0.183,0.399,0.0,0.51,0.897
3,False,-0.089,0.486,0.02,2.724,0.064,0.611,0.0,0.198,1.219
3,False,-0.044,0.642,0.02,5.012,-0.167,0.47,0.0,0.212,1.696
3,False,0.209,0.447,0.02,5.704,-0.0,0.5,0.0,0.217,2.559
3,False,-0.058,0.337,0.02,3.27,0.04,0.5,0.0,0.191,0.049
3,False,0.25,0.642,0.02,1.213,0.069,0.563,-0.0,0.199,2.006
3,False,-0.246,0.592,0.02,6.22,-0.366,0.753,0.0,0.203,2.078
3,False,-0.367,0.301,0.02,5.66,0.124,0.503,-0.0,0.532,1.023
3,False,0.181,0.325,0.02,1.318,-0.004,0.459,0.0,0.229,2.352
3,False,0.183,0.461,0.02,0.952,0.173,0.619,0.0,0.16,0.99
3,False,-0.38,0.557,0.02,4.584,0.04,0.511,0.0,0.423,1.264
3,False,0.009,0.506,0.02,3.195,0.077,0.497,0.0,0.072,0.056
3,False,0.306,0.628,0.02,5.805,0.099,0.422,0.0,0.294,2.467
3,False,0.233,0.483,0.02,4.173,-0.0,0.5,-0.0,0.234,1.031
3,False,-0.173,0.616,0.02,3.103,-0.0,0.5,0.0,0.209,0.041
3,False,0.024,0.689,0.02,4.44,0.004,0.454,0.0,0.238,1.87
3,False,0.368,0.437,0.02,1.88,-0.266,0.504,0.0,0.637,1.396
3,False,0.262,0.48,0.02,1.221,0.168,0.52,0.0,0.104,1.996
3,False,-0.298,0.499,0.02,2.473,-0.026,0.35,-0.0,0.311,0.552
3,False,-0.034,0.47,0.02,1.197,0.013,0.489,0.0,0.055,1.771
3,False,-0.266,0.521,0.02,3.706,0.12,0.456,0.0,0.392,0.565
3,False,-0.384,0.491,0.02,1.204,-0.021,0.493,0.0,0.364,1.665
3,False,-0.242,0.496,0.02,4.054,0.219,0.46,0.0,0.463,0.658
3,False,0.041,0.694,0.02,1.473,0.003,0.6,0.0,0.104,1.661
3,False,-0.295,0.693,0.02,4.646,0.026,0.482,0.0,0.384,1.771
3,False,-0.354,0.673,0.02,1.841,-0.0,0.503,-0.0,0.393,1.163
3,False,-0.4,0.635,0.02,1.05,-0.006,0.418,-0.0,0.45,2.669
3,False,-0.098,0.426,0.02,3.293,-0.0,0.5,-0.0,0.124,0.151
3,False,-0.188,0.699,0.02,2.639,-0.035,0.546,0.0,0.217,0.078
3,False,-0.262,0.693,0.02,4.484,0.028,0.63,0.0,0.298,1.488
3,False,-0.371,0.688,0.02,1.942,0.035,0.553,-0.0,0.429,1.285
3,False,0.295,0.662,0.02,3.326,0.177,0.491,0.0,0.208,0.077
3,False,-0.094,0.667,0.02,1.433,0.219,0.326,-0.0,0.463,1.705
3,False,0.233,0.42,0.02,5.099,-0.0,0.5,-0.0,0.247,1.955
3,False,0.196,0.515,0.02,1.611,-0.111,0.6,0.0,0.32,3.096
3,False,0.123,0.672,0.02,2.977,0.014,0.504,0.0,0.201,0.176
3,False,-0.257,0.454,0.02,0.087,0.028,0.508,0.0,0.291,2.59
3,False,0.23,0.314,0.02,2.294,-0.034,0.428,0.0,0.289,1.08
3,False,-0.25,0.683,0.02,1.311,0.173,0.347,0.0,0.541,2.942
3,False,-0.318,0.644,0.02,3.212,-0.186,0.279,-0.0,0.388,0.012
3,False,-0.129,0.355,0.02,2.872,-0.019,0.403,-0.0,0.122,1.34
3,False,0.134,0.576,0.02,0.715,0.15,0.555,0.063,0.05,1.571
3,False,0.028,0.47,0.02,6.276,0.002,0.549,0.0,0.086,2.241
3,False,-0.273,0.395,0.02,5.675,-0.113,0.533,0.0,0.213,1.168
3,False,-0.055,0.622,0.02,0.787,-0.0,0.502,0.0,0.133,2.307
3,False,0.38,0.467,0.02,5.018,0.033,0.589,0.0,0.368,2.919
3,False,0.198,0.569,0.02,1.119,0.003,0.488,0.0,0.213,1.928
3,False,-0.287,0.515,0.02,6.275,-0.011,0.415,0.0,0.294,2.267
3,False,0.344,0.653,0.02,0.576,-0.102,0.463,0.0,0.485,2.542
3,False,-0.364,0.648,0.02,5.984,0.095,0.504,0.0,0.481,1.679
3,False,-0.192,0.598,0.02,1.752,0.031,0.514,0.0,0.238,1.467
3,False,-0.196,0.631,0.02,1.557,0.005,0.513,0.0,0.235,1.702
3,False,-0.013,0.63,0.02,4.546,0.141,0.49,0.0,0.21,2.275
3,False,-0.075,0.302,0.02,2.035,0.127,0.636,-0.0,0.391,0.107
3,False,0.351,0.572,0.02,3.669,-0.0,0.5,-0.0,0.359,0.526
3,False,-0.274,0.589,0.02,3.641,-0.075,0.667,0.0,0.215,0.44
3,False,0.223,0.441,0.02,3.333,0.078,0.645,0.0,0.251,0.616
3,False,-0.043,0.56,0.02,0.175,0.025,0.515,0.0,0.084,2.425
3,False,0.295,0.307,0.02,2.87,0.0,0.5,0.0,0.353,0.272
3,False,-0.205,0.401,0.02,1.039,0.242,0.376,-0.0,0.448,0.35
3,False,-0.269,0.385,0.02,1.141,0.349,0.35,0.0,0.619,2.113
3,False,0.154,0.524,0.02,4.048,-0.0,0.5,-0.0,0.157,0.906
3,False,0.229,0.404,0.02,5.497,-0.005,0.498,-0.0,0.252,2.44
3,False,-0.211,0.485,0.02,6.152,0.026,0.521,0.0,0.24,3.053
3,False,-0.223,0.592,0.02,3.727,0.018,0.502,0.0,0.257,1.505
3,False,0.364,0.643,0.02,4.0,-0.0,0.5,-0.0,0.392,0.857
3,False,0.193,0.442,0.02,2.051,0.229,0.592,0.0,0.155,0.284
3,False,0.255,0.416,0.02,3.239,0.066,0.652,-0.0,0.303,0.139
3,False,-0.155,0.477,0.02,4.986,-0.0,0.5,0.0,0.158,1.842
3,False,-0.009,0.334,0.02,3.652,0.034,0.482,0.0,0.155,0.592
3,False,0.028,0.446,0.02,0.421,0.0,0.5,0.0,0.064,2.72
3,False,-0.188,0.617,0.02,1.021,-0.081,0.386,0.0,0.255,2.335
3,False,-0.371,0.336,0.02,1.666,0.042,0.435,0.0,0.425,2.765
3,False,-0.07,0.435,0.02,4.902,0.028,0.486,0.0,0.112,1.847
3,False,0.29,0.521,0.02,2.501,-0.01,0.564,0.0,0.304,0.96
3,False,-0.108,0.575,0.02,2.046,0.386,0.177,0.0,0.635,0.891
3,False,-0.043,0.54,0.02,1.989,-0.052,0.43,0.0,0.112,0.246
3,False,0.165,0.395,0.02,5.601,0.113,0.616,0.0,0.228,0.097
3,False,0.027,0.609,0.02,4.515,0.006,0.515,0.0,0.098,1.313
3,False,-0.245,0.447,0.02,5.916,-0.003,0.492,0.0,0.248,3.101
3,False,0.066,0.652,0.02,4.079,-0.002,0.505,0.0,0.163,0.867
3,False,0.19,0.632,0.02,0.229,-0.167,0.349,-0.0,0.456,2.61
3,False,0.019,0.42,0.02,3.263,-0.014,0.52,0.0,0.107,0.477
3,False,0.192,0.609,0.02,4.043,-0.0,0.5,-0.0,0.222,0.901
3,False,0.055,0.353,0.02,2.041,-0.119,0.734,0.0,0.42,0.1
3,False,-0.393,0.455,0.02,0.331,-0.0,0.5,-0.0,0.396,2.812
3,False,0.187,0.509,0.02,4.469,0.109,0.229,0.0,0.291,0.846
3,False,0.284,0.576,0.02,0.487,-0.068,0.605,-0.0,0.353,1.794
3,False,0.168,0.319,0.02,4.884,-0.257,0.442,0.0,0.443,1.681
3,False,0.356,0.618,0.02,4.431,-0.022,0.74,0.0,0.398,0.122
3,False,-0.14,0.637,0.02,0.259,-0.077,0.757,0.0,0.137,2.718
3,False,-0.055,0.382,0.02,5.111,-0.071,0.396,0.0,0.029,1.658
3,False,-0.394,0.587,0.02,0.686,-0.0,0.5,-0.0,0.404,2.458
3,False,0.153,0.442,0.02,0.929,0.037,0.461,0.0,0.119,0.594
3,False,-0.011,0.655,0.02,4.237,-0.162,0.7,0.0,0.159,1.187
3,False,-0.031,0.398,0.02,3.746,-0.241,0.764,0.0,0.422,1.218
3,False,0.359,0.513,0.02,4.029,0.025,0.569,0.0,0.339,0.299
3,False,0.249,0.652,0.02,6.096,-0.183,0.6,0.189,0.466,1.326
3,False,0.355,0.396,0.02,2.498,-0.001,0.553,0.0,0.389,1.296
1,False,-0.236,0.318,0.02,6.206,-0.007,0.416,0.06,0.252,3.077
3,False,-0.236,0.415,0.02,5.218,0.059,0.446,0.0,0.297,3.122
3,False,-0.278,0.693,0.02,5.138,-0.002,0.535,0.0,0.319,1.42
3,False,-0.231,0.438,0.02,4.128,0.002,0.5,-0.0,0.242,1.005
3,False,0.23,0.665,0.02,5.405,0.001,0.457,0.0,0.31,2.786
3,False,-0.216,0.602,0.02,1.988,0.143,0.469,0.0,0.384,1.422
3,False,0.318,0.357,0.02,3.902,0.116,0.66,-0.0,0.365,1.121
3,False,-0.22,0.402,0.02,5.474,-0.0,0.5,0.0,0.242,2.33
3,False,-0.284,0.67,0.02,5.076,-0.123,0.632,0.0,0.167,0.707
3,False,0.025,0.642,0.02,0.03,0.18,0.54,0.0,0.187,2.66
3,False,-0.115,0.63,0.02,1.339,0.027,0.438,-0.0,0.24,2.834
3,False,0.31,0.411,0.02,0.733,0.081,0.473,-0.0,0.237,3.054
3,False,-0.093,0.36,0.02,3.723,-0.004,0.492,0.0,0.16,0.457
3,False,0.032,0.588,0.02,0.943,-0.023,0.43,0.0,0.169,2.79
3,False,0.381,0.696,0.02,5.769,-0.053,0.488,0.0,0.481,2.898
3,False,0.353,0.305,0.02,3.752,0.009,0.509,0.0,0.4,0.711
3,False,-0.373,0.64,0.02,2.989,-0.0,0.5,0.0,0.399,0.155
3,False,0.173,0.684,0.02,3.674,-0.005,0.478,0.0,0.273,0.316
3,False,0.281,0.62,0.02,5.036,-0.215,0.446,0.0,0.526,2.082
3,False,0.048,0.429,0.02,1.197,-0.0,0.499,-0.0,0.087,1.893
3,False,-0.114,0.401,0.02,4.242,-0.082,0.54,0.0,0.144,0.619
3,False,-0.27,0.488,0.02,2.238,0.011,0.5,0.0,0.282,0.739
3,False,-0.034,0.562,0.02,1.741,-0.026,0.56,0.0,0.022,1.143
3,False,-0.301,0.532,0.02,2.597,0.015,0.498,-0.0,0.319,0.512
3,False,0.014,0.331,0.02,2.195,-0.017,0.508,0.0,0.181,1.295
3,False,0.253,0.34,0.02,0.075,0.204,0.537,-0.0,0.203,2.523
3,False,-0.143,0.32,0.02,6.275,-0.016,0.478,0.0,0.204,3.057
3,False,-0.023,0.301,0.02,1.566,-0.0,0.5,-0.0,0.201,1.576
3,False,0.13,0.403,0.02,2.912,0.009,0.502,0.0,0.158,0.184
3,False,0.32,0.388,0.02,1.677,0.024,0.514,-0.0,0.323,1.355
3,False,0.222,0.449,0.02,2.989,-0.274,0.554,0.0,0.507,1.258
3,False,-0.351,0.473,0.02,4.104,0.041,0.399,0.0,0.399,1.723
3,False,0.143,0.678,0.02,5.639,0.043,0.548,0.215,0.255,2.176
3,False,0.227,0.377,0.02,4.8,-0.0,0.5,-0.0,0.259,1.657
3,False,0.148,0.652,0.02,0.068,-0.185,0.34,0.0,0.457,1.877
3,False,0.031,0.413,0.02,3.503,-0.045,0.493,0.0,0.112,0.755
3,False,0.237,0.663,0.02,0.355,-0.031,0.447,-0.0,0.344,2.886
3,False,-0.25,0.473,0.02,6.006,0.134,0.436,0.0,0.387,2.29
3,False,-0.043,0.681,0.02,0.275,0.133,0.358,0.0,0.368,0.661
3,False,0.02,0.572,0.02,5.129,0.016,0.506,0.0,0.069,1.877
3,False,0.229,0.36,0.02,2.441,-0.091,0.486,0.0,0.344,0.907
3,False,-0.077,0.609,0.02,0.086,0.042,0.498,0.0,0.165,2.963
3,False,0.32,0.562,0.02,1.809,0.023,0.286,-0.0,0.406,0.003
3,False,0.191,0.475,0.02,6.106,0.054,0.439,0.0,0.143,1.285
3,False,-0.028,0.357,0.02,1.967,0.08,0.626,0.0,0.29,2.485
3,False,-0.333,0.327,0.02,1.872,0.018,0.505,0.0,0.394,1.225
3,False,0.383,0.385,0.02,1.19,0.007,0.496,-0.0,0.393,1.791
3,False,-0.233,0.501,0.02,4.111,0.005,0.506,0.0,0.238,0.707
3,False,-0.166,0.332,0.02,0.426,0.058,0.518,0.0,0.292,3.011
3,False,0.339,0.321,0.02,2.953,0.014,0.504,0.0,0.374,0.191
3,False,0.066,0.672,0.02,5.6,-0.0,0.5,-0.0,0.185,2.458
3,False,0.305,0.407,0.02,3.161,0.062,0.64,0.0,0.337,0.243
3,False,0.252,0.34,0.02,3.82,-0.21,0.637,0.0,0.55,1.362
3,False,-0.261,0.7,0.02,1.664,-0.025,0.459,0.0,0.337,2.048
3,False,-0.355,0.446,0.02,1.144,-0.012,0.209,-0.0,0.417,1.987
3,False,0.153,0.633,0.02,6.21,0.157,0.662,-0.0,0.035,2.611
3,False,-0.13,0.594,0.02,5.184,-0.0,0.5,-0.0,0.162,2.041
3,False,0.155,0.655,0.02,0.178,0.366,0.511,-0.0,0.256,3.001
3,False,0.36,0.388,0.02,1.428,0.509,0.377,0.0,0.15,2.226
3,False,-0.011,0.413,0.02,5.826,-0.011,0.399,0.0,0.024,2.528
3,False,0.02,0.633,0.02,5.083,-0.0,0.5,-0.0,0.137,1.941
3,False,-0.045,0.461,0.02,0.944,-0.146,0.414,0.0,0.113,2.109
3,False,-0.25,0.46,0.02,6.008,-0.042,0.59,0.0,0.246,3.109
3,False,0.35,0.507,0.02,2.355,-0.0,0.5,-0.0,0.351,0.787
3,False,0.033,0.567,0.02,3.34,0.019,0.504,0.0,0.068,0.143
3,False,0.336,0.628,0.02,1.933,0.016,0.634,0.0,0.322,1.151
3,False,-0.212,0.497,0.02,1.731,-0.13,0.444,-0.0,0.1,2.664
3,False,0.092,0.624,0.02,4.321,0.018,0.502,0.0,0.144,0.892
3,False,0.287,0.656,0.02,1.051,0.166,0.411,0.0,0.274,0.243
3,False,-0.378,0.595,0.02,2.349,0.07,0.302,0.0,0.536,0.322
3,False,0.142,0.389,0.02,2.723,0.041,0.524,0.0,0.17,0.006
3,False,0.255,0.573,0.02,4.879,0.132,0.562,0.0,0.124,2.08
3,False,-0.308,0.625,0.02,2.864,0.162,0.398,0.0,0.523,0.981
3,False,0.048,0.524,0.02,5.563,0.079,0.466,0.0,0.069,2.324
3,False,0.386,0.655,0.02,2.144,0.064,0.462,0.0,0.376,0.205
3,False,0.153,0.307,0.02,5.404,-0.043,0.578,0.0,0.335,2.511
3,False,-0.197,0.329,0.02,5.137,-0.017,0.398,0.0,0.194,1.269
3,False,0.292,0.452,0.02,0.679,0.025,0.514,0.0,0.275,1.984
3,False,0.208,0.41,0.02,3.983,-0.0,0.5,-0.0,0.227,0.839
3,False,0.138,0.54,0.02,5.483,0.146,0.564,-0.0,0.032,2.814
3,False,0.088,0.442,0.02,2.816,-0.0,0.5,0.0,0.108,0.327
3,False,-0.206,0.573,0.02,0.92,0.27,0.464,0.0,0.489,2.272
3,False,-0.371,0.614,0.02,2.263,-0.0,0.5,-0.0,0.388,0.879
3,False,0.059,0.613,0.02,0.737,-0.0,0.5,-0.0,0.129,2.406
3,False,-0.14,0.512,0.02,0.86,0.108,0.708,-0.0,0.317,1.039
3,False,-0.29,0.618,0.02,3.054,0.193,0.34,0.0,0.558,1.386
3,False,-0.395,0.7,0.02,2.087,0.052,0.528,-0.0,0.479,0.918
3,False,0.076,0.385,0.02,4.764,-0.011,0.427,-0.0,0.098,0.818
3,False,-0.28,0.659,0.02,5.83,0.035,0.492,0.0,0.357,2.791
3,False,-0.124,0.309,0.02,3.27,-0.262,0.582,0.0,0.306,0.84
3,False,-0.171,0.604,0.02,1.521,-0.0,0.5,0.0,0.2,1.624
3,False,0.074,0.396,0.02,0.247,-0.0,0.5,-0.0,0.129,2.895
3,False,0.274,0.416,0.02,1.238,-0.036,0.472,0.0,0.316,2.052
3,False,-0.065,0.468,0.02,3.063,-0.0,0.5,-0.0,0.075,0.08
3,False,0.003,0.553,0.02,4.732,-0.146,0.599,0.0,0.157,1.077
3,False,-0.315,0.357,0.02,5.879,-0.0,0.5,-0.0,0.347,2.737
3,False,-0.277,0.625,0.02,4.234,-0.001,0.51,0.0,0.3,0.581
3,False,0.178,0.439,0.02,5.065,-0.317,0.325,-0.0,0.508,2.013
3,False,0.191,0.322,0.02,5.426,0.139,0.608,0.0,0.292,2.698
3,False,-0.396,0.351,0.02,1.238,-0.0,0.5,0.0,0.423,1.906
3,False,-0.123,0.655,0.02,0.434,-0.012,0.273,0.0,0.398,2.715
3,False,-0.037,0.693,0.02,5.395,-0.053,0.332,0.0,0.361,2.801
3,False,0.191,0.644,0.02,0.417,-0.0,0.5,-0.0,0.24,2.726
3,False,-0.287,0.387,0.02,0.977,0.082,0.529,0.0,0.396,1.264
3,False,-0.237,0.346,0.02,1.868,0.082,0.49,0.0,0.351,1.007
3,False,-0.322,0.359,0.02,5.664,-0.0,0.5,-0.0,0.352,2.521
3,False,-0.217,0.617,0.02,0.934,-0.311,0.527,0.0,0.131,2.232
3,False,0.221,0.673,0.02,2.327,-0.054,0.385,0.0,0.398,1.339
3,False,0.085,0.498,0.02,2.164,0.001,0.489,0.0,0.087,1.229
3,False,-0.287,0.488,0.02,6.147,0.0,0.5,0.0,0.288,3.006
3,False,0.03,0.684,0.02,2.225,-0.052,0.503,0.0,0.2,0.78
3,False,0.222,0.311,0.02,2.431,0.086,0.303,0.0,0.138,0.589
3,False,0.24,0.652,0.02,3.166,0.098,0.639,-0.0,0.144,0.607
3,False,-0.363,0.608,0.02,3.188,0.001,0.5,0.0,0.38,0.069
3,False,-0.195,0.647,0.02,0.959,-0.0,0.5,-0.0,0.245,2.183
3,False,-0.315,0.349,0.02,4.121,-0.0,0.462,-0.0,0.335,1.366
3,False,0.133,0.543,0.02,3.193,0.051,0.407,0.0,0.16,1.384
3,False,0.277,0.657,0.02,4.979,-0.0,0.5,0.0,0.319,1.834
3,False,-0.022,0.572,0.02,3.359,-0.0,0.277,0.0,0.296,1.574
3,False,-0.061,0.697,0.02,1.406,0.024,0.514,0.0,0.202,1.25
3,False,-0.022,0.641,0.02,5.936,0.028,0.415,0.0,0.232,1.558
3,False,-0.267,0.575,0.02,1.458,0.0,0.5,0.0,0.278,1.684
3,False,0.307,0.625,0.02,5.513,-0.036,0.583,0.0,0.346,1.908
3,False,-0.387,0.365,0.02,1.177,-0.01,0.508,0.0,0.404,2.25
3,False,-0.183,0.69,0.02,2.934,0.06,0.51,0.0,0.303,0.812
3,False,0.177,0.525,0.02,4.775,0.017,0.425,-0.0,0.19,2.31
3,False,0.126,0.394,0.02,0.255,0.023,0.506,0.0,0.154,2.857
3,False,-0.051,0.343,0.02,2.61,0.004,0.505,0.0,0.172,0.654
3,False,0.024,0.337,0.02,3.191,0.195,0.315,0.0,0.174,0.392
3,False,-0.394,0.665,0.02,0.246,0.182,0.216,0.0,0.731,1.493
3,False,0.009,0.689,0.02,4.353,0.02,0.509,0.0,0.181,1.739
3,False,-0.24,0.46,0.02,5.481,-0.009,0.723,0.0,0.35,3.008
3,False,0.031,0.535,0.02,1.294,-0.074,0.462,-0.0,0.129,1.885
3,False,0.174,0.539,0.02,4.087,0.059,0.391,0.0,0.188,0.229
3,False,-0.35,0.411,0.02,5.613,0.034,0.543,0.0,0.406,1.866
3,False,-0.204,0.614,0.02,5.202,0.117,0.394,-0.0,0.389,2.061
3,False,-0.122,0.644,0.02,3.026,-0.052,0.451,0.0,0.206,0.29
3,False,0.301,0.527,0.02,1.682,0.133,0.785,0.0,0.308,1.547
3,False,0.314,0.548,0.02,5.331,-0.023,0.561,0.0,0.338,2.506
3,False,0.172,0.655,0.02,2.681,-0.059,0.439,-0.0,0.317,1.115
3,False,-0.184,0.625,0.02,4.098,0.007,0.503,0.0,0.228,0.859
3,False,-0.302,0.61,0.02,3.992,0.022,0.473,0.0,0.352,1.024
3,False,0.142,0.328,0.02,6.123,-0.018,0.543,0.0,0.269,2.631
3,False,0.271,0.524,0.02,6.124,-0.109,0.466,0.0,0.385,2.918
3,False,-0.345,0.371,0.02,1.082,-0.0,0.5,0.0,0.369,2.061
3,False,-0.002,0.672,0.02,5.115,0.151,0.466,0.0,0.257,2.634
3,False,0.382,0.434,0.02,2.533,0.026,0.52,-0.0,0.367,0.476
3,False,0.354,0.634,0.02,1.815,-0.0,0.5,-0.0,0.38,1.328
3,False,0.207,0.35,0.02,0.144,-0.0,0.5,-0.0,0.257,2.999
3,False,-0.112,0.343,0.02,4.715,0.086,0.542,0.0,0.281,1.342
3,False,0.365,0.416,0.02,2.535,-0.0,0.5,0.0,0.375,0.609
3,False,0.388,0.467,0.02,0.395,0.061,0.468,-0.0,0.327,2.359
3,False,0.233,0.467,0.02,3.411,-0.0,0.5,-0.0,0.236,0.269
3,False,-0.13,0.513,0.02,3.557,0.0,0.5,0.0,0.133,0.416
3,False,-0.25,0.466,0.02,1.137,-0.122,0.55,0.0,0.155,2.744
3,False,-0.004,0.472,0.02,1.442,0.052,0.592,0.0,0.134,2.454
3,False,0.106,0.369,0.02,2.807,0.164,0.559,0.0,0.199,0.461
3,False,0.196,0.515,0.02,1.078,-0.001,0.5,-0.0,0.199,2.072
3,False,0.108,0.681,0.02,4.422,0.003,0.51,0.0,0.202,1.4
3,False,-0.246,0.506,0.02,5.942,0.148,0.697,-0.0,0.438,2.52
3,False,0.099,0.378,0.02,0.866,-0.0,0.5,-0.0,0.159,2.277
3,False,-0.215,0.458,0.02,2.571,0.042,0.509,0.0,0.263,0.316
3,False,0.181,0.51,0.02,1.308,0.062,0.532,0.0,0.122,3.035
3,False,-0.177,0.46,0.02,4.101,-0.0,0.5,0.0,0.182,0.957
3,False,-0.246,0.389,0.02,2.203,0.132,0.415,0.0,0.379,0.56
3,False,-0.033,0.635,0.02,5.258,0.023,0.51,0.0,0.139,2.858
3,False,0.202,0.347,0.02,1.999,-0.396,0.564,0.0,0.637,0.688
3,False,-0.113,0.648,0.02,4.124,0.11,0.28,0.0,0.431,0.12
3,False,-0.036,0.415,0.02,0.791,0.04,0.467,0.0,0.093,1.545
3,False,-0.333,0.563,0.02,4.755,0.27,0.461,-0.0,0.612,1.781
3,False,-0.093,0.356,0.02,1.25,0.0,0.5,0.0,0.173,1.891
3,False,-0.279,0.383,0.02,5.879,0.013,0.487,0.0,0.31,2.963
3,False,-0.093,0.334,0.02,4.208,0.117,0.576,0.0,0.322,1.803
3,False,0.11,0.398,0.02,1.81,0.006,0.481,0.0,0.135,1.102
3,False,-0.165,0.499,0.02,0.788,0.005,0.502,0.0,0.171,2.405
3,False,0.387,0.456,0.02,2.726,0.111,0.639,-0.0,0.332,0.643
3,False,0.197,0.651,0.02,2.45,-0.019,0.23,0.0,0.473,1.118
3,False,-0.386,0.645,0.02,1.086,-0.0,0.5,0.0,0.413,2.059
3,False,-0.394,0.438,0.02,4.412,-0.024,0.51,-0.0,0.378,1.104
3,False,-0.085,0.531,0.02,5.858,0.026,0.474,-0.0,0.126,3.107
3,False,0.119,0.668,0.02,4.596,-0.02,0.427,0.0,0.278,2.341
3,False,-0.086,0.471,0.02,0.587,-0.001,0.518,-0.0,0.1,2.803
3,False,0.359,0.557,0.02,2.399,0.05,0.566,0.0,0.31,0.755
3,False,-0.064,0.536,0.02,5.471,0.026,0.55,-0.0,0.093,3.046
3,False,-0.26,0.508,0.02,4.942,0.002,0.504,0.0,0.263,2.005
3,False,0.14,0.505,0.02,3.276,0.013,0.483,0.0,0.131,0.508
3,False,0.294,0.426,0.02,5.961,0.063,0.502,0.0,0.244,2.325
3,False,0.178,0.468,0.02,1.44,0.048,0.497,0.0,0.135,0.501
3,False,0.239,0.616,0.02,5.342,0.102,0.497,-0.0,0.183,2.379
3,False,0.081,0.519,0.02,0.329,-0.001,0.5,0.0,0.086,2.835
3,False,-0.007,0.455,0.02,5.822,0.0,0.5,0.0,0.05,2.68
3,False,-0.336,0.343,0.02,2.594,0.025,0.336,0.065,0.364,1.092
3,False,-0.335,0.409,0.02,3.599,-0.058,0.53,0.0,0.303,0.084
3,False,-0.147,0.693,0.02,4.826,0.028,0.475,-0.0,0.281,1.733
3,False,0.346,0.451,0.02,5.565,-0.02,0.506,0.0,0.371,1.966
3,False,-0.394,0.55,0.02,5.007,-0.524,0.473,0.0,0.152,2.705
3,False,-0.224,0.426,0.02,4.834,0.034,0.492,0.0,0.267,0.622
3,False,-0.155,0.411,0.02,1.674,-0.0,0.5,-0.0,0.179,1.468
3,False,-0.012,0.684,0.02,1.884,-0.37,0.757,0.0,0.366,0.905
3,False,0.4,0.54,0.02,6.073,-0.138,0.736,0.0,0.573,2.901
3,False,-0.327,0.601,0.02,3.354,0.04,0.654,0.0,0.372,0.472
3,False,-0.247,0.407,0.02,3.101,-0.0,0.5,-0.0,0.265,0.043
3,False,-0.133,0.624,0.02,4.762,0.054,0.398,0.0,0.295,0.219
3,False,-0.277,0.446,0.02,4.903,0.138,0.601,0.0,0.443,2.873
3,False,-0.068,0.373,0.02,5.393,-0.032,0.294,0.0,0.089,2.084
3,False,0.273,0.637,0.02,0.029,-0.037,0.488,0.0,0.345,1.837
3,False,0.13,0.313,0.02,2.357,-0.081,0.488,0.0,0.275,0.164
3,False,0.108,0.566,0.02,1.75,0.147,0.265,-0.0,0.304,1.557
3,False,-0.156,0.588,0.02,0.12,-0.032,0.345,0.0,0.274,1.956
3,False,0.302,0.592,0.02,2.88,0.024,0.355,0.0,0.366,0.931
3,False,0.324,0.66,0.02,2.027,0.062,0.523,0.0,0.297,0.038
3,False,-0.074,0.663,0.02,0.774,-0.134,0.571,-0.0,0.112,2.433
3,False,-0.204,0.602,0.02,3.748,-0.006,0.511,0.0,0.218,1.047
3,False,0.024,0.614,0.02,2.073,0.062,0.491,0.0,0.131,0.771
3,False,-0.069,0.581,0.02,0.562,0.015,0.514,-0.0,0.109,2.609
3,False,-0.227,0.589,0.02,0.659,0.124,0.371,0.0,0.414,1.183
3,False,0.041,0.51,0.02,6.052,-0.075,0.433,0.0,0.14,2.751
3,False,0.197,0.468,0.02,0.815,-0.053,0.592,0.0,0.28,1.701
3,False,0.092,0.465,0.02,0.757,0.128,0.661,-0.0,0.201,1.225
3,False,0.164,0.474,0.02,4.876,-0.014,0.493,0.0,0.181,0.616
3,False,0.313,0.436,0.02,6.051,0.094,0.667,0.0,0.319,2.914
3,False,0.224,0.613,0.02,0.462,0.048,0.526,0.0,0.198,2.066
3,False,0.244,0.352,0.02,3.582,-0.011,0.371,0.0,0.256,0.262
3,False,0.096,0.641,0.02,2.159,-0.133,0.577,0.0,0.239,0.94
3,False,0.27,0.605,0.02,0.453,0.008,0.507,-0.0,0.281,2.844
3,False,0.238,0.405,0.02,1.044,0.01,0.375,0.0,0.231,1.124
3,False,0.396,0.641,0.02,4.109,-0.007,0.329,0.0,0.51,1.44
3,False,0.05,0.678,0.02,3.028,0.173,0.495,-0.0,0.221,1.363
3,False,0.134,0.482,0.02,2.424,-0.0,0.504,-0.0,0.138,0.631
3,False,-0.283,0.334,0.02,1.652,-0.0,0.5,-0.0,0.328,1.491
3,False,0.13,0.463,0.02,6.28,0.113,0.509,0.0,0.052,2.513
3,False,-0.359,0.329,0.02,4.35,0.0,0.498,0.0,0.398,1.231
3,False,-0.363,0.651,0.02,5.724,-0.084,0.529,0.0,0.306,2.225
3,False,-0.106,0.317,0.02,0.918,0.1,0.352,0.0,0.209,2.658
3,False,0.296,0.505,0.02,2.206,0.0,0.5,0.0,0.297,0.936
3,False,0.317,0.32,0.02,1.446,-0.038,0.216,0.0,0.371,1.727
3,False,-0.322,0.548,0.02,3.484,0.013,0.523,0.0,0.336,0.019
3,False,0.308,0.578,0.02,3.61,0.226,0.608,-0.0,0.09,2.029
1,False,-0.353,0.624,0.02,2.244,0.033,0.506,0.069,0.407,2.188
3,False,-0.04,0.347,0.02,5.452,0.025,0.512,0.0,0.179,2.889
3,False,0.179,0.64,0.02,1.441,0.075,0.623,0.0,0.107,0.423
3,False,-0.289,0.535,0.02,5.324,0.0,0.5,0.0,0.292,2.195
3,False,0.133,0.623,0.02,2.035,-0.002,0.499,0.0,0.184,1.123
3,False,0.211,0.511,0.02,0.358,0.09,0.424,0.0,0.15,2.483
3,False,-0.335,0.535,0.02,5.653,0.07,0.413,0.0,0.423,2.865
3,False,0.083,0.589,0.02,4.617,-0.005,0.478,0.0,0.143,1.265
3,False,-0.191,0.628,0.02,1.451,0.062,0.484,0.0,0.292,1.933
3,False,0.265,0.596,0.02,5.074,-0.071,0.557,-0.0,0.339,2.65
3,False,-0.214,0.464,0.02,2.69,0.08,0.285,0.0,0.345,0.057
3,False,0.237,0.698,0.02,5.255,0.088,0.453,0.0,0.287,2.251
3,False,0.002,0.436,0.02,6.251,-0.0,0.5,-0.0,0.067,3.108
3,False,-0.218,0.504,0.02,1.159,-0.072,0.613,0.0,0.183,2.176
3,False,0.165,0.586,0.02,3.257,-0.06,0.574,0.0,0.226,1.351
3,False,0.322,0.424,0.02,3.191,-0.058,0.585,0.0,0.413,0.421
3,False,0.192,0.311,0.02,1.147,-0.0,0.5,0.0,0.27,1.997
3,False,0.036,0.504,0.02,2.257,0.02,0.423,-0.0,0.085,1.108
3,False,-0.233,0.323,0.02,1.39,0.017,0.559,0.0,0.344,2.382
3,False,-0.383,0.633,0.02,0.357,-0.053,0.417,-0.0,0.395,1.136
3,False,-0.004,0.518,0.02,4.601,0.081,0.432,0.0,0.123,2.602
3,False,0.297,0.596,0.02,2.236,0.137,0.69,0.0,0.187,0.301
3,False,-0.343,0.674,0.02,0.114,0.001,0.514,-0.0,0.38,3.137
3,False,-0.068,0.406,0.02,5.596,-0.131,0.601,-0.0,0.206,1.885
3,False,-0.33,0.428,0.02,1.84,0.019,0.569,0.0,0.377,2.286
3,False,-0.079,0.385,0.02,4.568,0.007,0.395,0.0,0.089,1.899
3,False,-0.303,0.367,0.02,2.043,-0.068,0.325,0.0,0.239,1.145
3,False,-0.156,0.627,0.02,3.337,-0.102,0.635,0.0,0.057,0.374
3,False,-0.144,0.622,0.02,1.204,0.019,0.509,0.0,0.199,1.682
3,False,0.297,0.661,0.02,4.38,0.007,0.527,0.0,0.321,0.387
3,False,-0.336,0.442,0.02,2.484,-0.016,0.465,0.0,0.321,1.886
3,False,0.256,0.528,0.02,3.842,0.155,0.329,0.0,0.224,2.968
3,False,-0.344,0.444,0.02,0.894,-0.128,0.567,0.0,0.249,3.04
3,False,0.256,0.549,0.02,1.678,-0.029,0.541,0.0,0.286,1.758
3,False,0.153,0.42,0.02,1.455,0.066,0.304,-0.0,0.146,1.256
3,False,-0.047,0.494,0.02,1.88,-0.0,0.5,0.0,0.052,1.263
3,False,-0.244,0.323,0.02,6.035,0.111,0.53,0.0,0.411,3.061
3,False,0.186,0.649,0.02,5.076,-0.092,0.528,0.0,0.304,1.414
3,False,-0.081,0.573,0.02,2.954,-0.0,0.5,-0.0,0.11,0.189
3,False,0.122,0.524,0.02,4.012,-0.238,0.441,-0.0,0.371,0.332
3,False,-0.048,0.307,0.02,5.039,0.235,0.563,-0.0,0.382,1.897
3,False,0.34,0.515,0.02,2.414,0.083,0.479,0.0,0.26,1.017
3,False,0.159,0.374,0.02,1.765,0.188,0.662,0.0,0.29,1.817
3,False,-0.114,0.44,0.02,1.563,-0.105,0.461,0.0,0.03,2.938
3,False,-0.115,0.351,0.02,0.608,0.314,0.35,0.0,0.43,2.631
3,False,0.008,0.328,0.02,6.236,0.009,0.571,-0.0,0.244,1.826
3,False,0.325,0.668,0.02,0.742,-0.175,0.443,0.0,0.549,2.728
3,False,0.231,0.632,0.02,5.841,0.001,0.499,0.0,0.266,2.697
3,False,-0.153,0.574,0.02,3.139,-0.061,0.43,0.0,0.172,0.511
3,False,0.205,0.537,0.02,3.761,0.0,0.5,0.0,0.209,0.62
3,False,-0.162,0.624,0.02,2.466,-0.117,0.4,0.197,0.289,2.313
3,False,0.243,0.623,0.02,5.103,0.004,0.499,0.0,0.271,2.035
3,False,-0.205,0.585,0.02,5.264,-0.0,0.5,0.0,0.223,2.119
3,False,0.095,0.366,0.02,4.264,0.068,0.447,-0.0,0.088,1.688
3,False,0.269,0.314,0.02,5.86,0.273,0.564,0.0,0.251,2.571
3,False,-0.382,0.503,0.02,2.553,-0.099,0.571,0.0,0.292,0.436
3,False,-0.183,0.49,0.02,3.865,-0.038,0.626,0.0,0.199,0.003
3,False,0.037,0.384,0.02,2.729,0.095,0.54,0.0,0.167,0.343
3,False,0.376,0.413,0.02,4.271,0.012,0.5,0.0,0.375,1.129
3,False,-0.127,0.689,0.02,2.176,0.013,0.512,0.0,0.227,1.284
3,False,0.081,0.642,0.02,3.563,0.031,0.389,0.0,0.258,2.076
3,False,0.342,0.585,0.02,0.531,0.004,0.503,0.0,0.349,2.527
3,False,-0.377,0.467,0.02,3.163,-0.002,0.497,0.0,0.377,0.038
3,False,-0.307,0.427,0.02,1.278,0.062,0.599,0.0,0.408,1.549
3,False,-0.036,0.698,0.02,3.654,0.038,0.748,0.0,0.092,2.081
3,False,0.325,0.336,0.02,3.946,0.121,0.69,0.0,0.409,0.52
3,False,0.175,0.536,0.02,0.999,-0.012,0.418,0.0,0.222,2.962
3,False,-0.359,0.69,0.02,5.559,-0.0,0.5,0.0,0.407,2.416
3,False,0.341,0.405,0.02,2.036,0.066,0.518,0.0,0.298,1.216
3,False,-0.177,0.389,0.02,1.073,0.028,0.295,0.0,0.226,1.812
3,False,-0.199,0.429,0.02,6.264,0.004,0.471,0.0,0.208,2.472
3,False,0.042,0.698,0.02,0.153,0.037,0.519,0.0,0.179,2.41
3,False,0.115,0.416,0.02,0.295,0.013,0.501,-0.0,0.135,1.332
3,False,-0.39,0.348,0.02,4.808,0.023,0.33,-0.0,0.414,0.879
3,False,0.278,0.384,0.02,1.516,0.089,0.595,0.0,0.285,2.001
3,False,-0.311,0.338,0.02,0.342,0.107,0.206,-0.0,0.438,1.392
3,False,-0.35,0.34,0.02,2.115,0.023,0.511,0.0,0.411,1.07
3,False,0.328,0.51,0.02,1.9,0.14,0.436,-0.0,0.202,1.125
3,False,-0.349,0.478,0.02,5.874,0.01,0.506,0.0,0.36,2.759
3,False,0.206,0.665,0.02,5.659,0.005,0.359,0.0,0.367,1.48
3,False,0.232,0.33,0.02,4.746,0.152,0.47,0.0,0.162,1.724
3,False,-0.15,0.383,0.02,2.954,0.013,0.485,0.0,0.193,0.076
3,False,-0.157,0.347,0.02,3.319,0.06,0.524,0.0,0.281,0.702
3,False,0.199,0.479,0.02,0.431,-0.187,0.635,0.026,0.416,2.673
3,False,0.239,0.464,0.02,3.544,-0.009,0.5,0.0,0.251,0.285
3,False,-0.277,0.337,0.02,6.213,0.035,0.597,0.0,0.406,2.526
3,False,-0.256,0.524,0.02,0.062,-0.135,0.374,-0.0,0.194,2.381
3,False,-0.302,0.638,0.02,3.289,-0.203,0.609,0.0,0.105,2.44
3,False,0.003,0.544,0.02,0.314,0.14,0.457,0.0,0.164,3.121
3,False,-0.19,0.399,0.02,6.229,-0.0,0.5,-0.0,0.216,3.085
3,False,-0.023,0.674,0.02,2.974,-0.0,0.5,0.0,0.176,0.17
3,False,-0.218,0.634,0.02,4.915,0.094,0.377,0.0,0.404,1.806
3,False,0.146,0.36,0.02,1.726,0.001,0.518,0.0,0.216,1.632
3,False,-0.19,0.427,0.02,2.434,0.103,0.555,0.0,0.321,0.404
3,False,0.18,0.507,0.02,4.273,0.017,0.49,0.0,0.165,0.867
3,False,0.275,0.66,0.02,2.345,0.015,0.504,0.0,0.304,0.805
3,False,-0.029,0.622,0.02,2.421,0.001,0.509,-0.0,0.119,0.888
3,False,-0.294,0.611,0.02,2.249,0.208,0.524,-0.0,0.51,0.926
3,False,-0.033,0.564,0.02,2.392,-0.0,0.5,-0.0,0.075,0.75
3,False,-0.068,0.565,0.02,0.238,0.044,0.514,-0.0,0.124,3.017
3,False,0.319,0.494,0.02,3.35,0.273,0.378,0.0,0.126,1.637
3,False,0.293,0.571,0.02,0.169,0.259,0.466,0.0,0.112,3.085
3,False,0.365,0.611,0.02,3.362,-0.0,0.5,-0.0,0.382,0.219
3,False,0.089,0.631,0.02,1.803,-0.021,0.448,-0.0,0.215,0.638
3,False,-0.236,0.434,0.02,3.059,-0.0,0.5,0.0,0.245,0.085
3,False,0.266,0.56,0.02,4.12,0.066,0.604,0.0,0.206,0.506
3,False,0.123,0.337,0.02,5.32,-0.082,0.369,0.0,0.209,0.069
3,False,0.102,0.358,0.02,5.397,-0.0,0.5,0.0,0.177,2.252
3,False,-0.052,0.604,0.02,1.701,0.03,0.509,0.0,0.127,1.383
3,False,0.277,0.387,0.02,3.704,0.029,0.513,0.0,0.279,1.361
3,False,0.06,0.537,0.02,3.214,0.35,0.676,0.0,0.322,0.459
3,False,0.061,0.385,0.02,5.904,-0.192,0.642,0.0,0.361,1.288
3,False,0.288,0.344,0.02,3.358,0.118,0.475,0.0,0.216,0.216
3,False,0.326,0.644,0.02,6.102,0.112,0.724,0.0,0.229,2.759
3,False,-0.079,0.695,0.02,5.56,-0.0,0.5,0.0,0.211,2.415
3,False,-0.056,0.555,0.02,4.975,0.0,0.5,0.0,0.081,1.834
3,False,0.061,0.599,0.02,2.44,-0.01,0.504,0.0,0.12,0.923
3,False,0.059,0.355,0.02,4.967,0.042,0.455,-0.0,0.104,2.525
3,False,-0.28,0.44,0.02,4.308,0.323,0.262,-0.0,0.629,1.586
3,False,-0.142,0.61,0.02,2.58,0.015,0.502,0.0,0.192,0.78
3,False,-0.299,0.498,0.02,4.777,-0.0,0.5,-0.0,0.299,1.635
3,False,0.363,0.364,0.02,1.363,0.001,0.517,0.0,0.394,1.735
3,False,-0.314,0.549,0.02,0.975,-0.026,0.604,0.0,0.294,1.246
3,False,0.186,0.448,0.02,0.976,0.027,0.741,0.0,0.334,2.316
3,False,-0.141,0.574,0.02,0.975,0.108,0.585,0.0,0.25,2.93
3,False,0.093,0.474,0.02,1.885,-0.0,0.5,0.0,0.098,1.26
3,False,0.096,0.524,0.02,6.089,-0.043,0.351,0.0,0.223,1.107
3,False,-0.282,0.676,0.02,0.343,0.0,0.5,0.0,0.332,2.798
3,False,-0.071,0.452,0.02,0.184,0.076,0.297,0.0,0.214,2.325
3,False,0.372,0.671,0.02,4.322,0.0,0.5,0.0,0.41,1.181
3,False,0.359,0.602,0.02,2.348,0.015,0.378,-0.0,0.411,1.991
3,False,0.197,0.564,0.02,4.917,0.167,0.437,0.0,0.133,1.851
3,False,0.39,0.661,0.02,0.871,-0.151,0.509,-0.0,0.562,0.573
3,False,0.313,0.64,0.02,3.552,-0.003,0.283,0.0,0.477,0.982
3,False,0.36,0.651,0.02,3.867,-0.0,0.5,-0.0,0.391,0.724
3,False,0.337,0.6,0.02,1.032,0.071,0.393,0.0,0.338,1.221
3,False,-0.016,0.453,0.02,4.611,-0.12,0.412,0.0,0.114,2.167
3,False,-0.367,0.302,0.02,3.723,0.024,0.538,0.0,0.457,1.328
3,False,-0.39,0.572,0.02,1.218,0.006,0.503,-0.0,0.402,1.994
3,False,0.13,0.511,0.02,5.691,0.067,0.46,0.0,0.083,2.514
3,False,0.259,0.666,0.02,5.081,-0.0,0.5,-0.0,0.309,1.938
3,False,-0.4,0.365,0.02,2.682,0.283,0.627,0.0,0.731,0.524
3,False,-0.275,0.391,0.02,4.589,0.152,0.666,0.0,0.509,3.023
3,False,-0.195,0.621,0.02,5.305,-0.261,0.738,0.0,0.136,1.975
3,False,0.092,0.675,0.02,4.398,0.298,0.5,0.0,0.271,1.236
3,False,0.283,0.324,0.02,2.092,0.197,0.442,-0.0,0.147,1.861
3,False,0.269,0.665,0.02,1.695,0.477,0.183,0.0,0.526,2.466
3,False,-0.232,0.694,0.02,5.196,0.079,0.633,0.0,0.318,1.873
3,False,0.23,0.33,0.02,5.257,0.066,0.615,0.0,0.329,1.619
3,False,0.174,0.458,0.02,2.546,-0.0,0.5,0.0,0.18,0.598
3,False,0.087,0.385,0.02,5.098,-0.077,0.473,0.0,0.187,1.877
3,False,0.323,0.538,0.02,5.238,-0.004,0.588,0.0,0.331,2.777
3,False,0.327,0.607,0.02,6.092,-0.0,0.5,-0.0,0.345,2.95
3,False,0.256,0.417,0.02,2.614,0.209,0.414,-0.0,0.051,0.551
3,False,0.015,0.402,0.02,5.723,0.111,0.616,0.0,0.235,3.041
3,False,-0.397,0.36,0.02,5.926,0.108,0.54,0.0,0.537,2.06
1,False,0.156,0.644,0.02,4.361,-0.042,0.551,0.072,0.225,1.133
3,False,0.006,0.518,0.02,5.948,-0.083,0.302,0.0,0.234,1.519
3,False,0.34,0.371,0.02,2.061,-0.04,0.458,0.0,0.39,1.583
3,False,0.362,0.618,0.02,4.028,-0.008,0.505,0.0,0.388,0.643
3,False,0.309,0.545,0.02,0.616,0.027,0.539,0.0,0.283,2.026
3,False,-0.121,0.325,0.02,4.556,0.068,0.458,0.0,0.232,0.025
3,False,-0.155,0.658,0.02,5.673,0.025,0.513,0.0,0.232,2.988
3,False,-0.397,0.577,0.02,0.212,0.012,0.507,0.0,0.415,3.131
3,False,-0.04,0.46,0.02,2.103,0.111,0.579,0.0,0.193,0.263
3,False,0.283,0.549,0.02,0.841,-0.295,0.234,0.0,0.658,2.416
3,False,-0.336,0.592,0.02,6.059,-0.003,0.519,-0.0,0.341,2.761
3,False,-0.398,0.497,0.02,2.368,0.03,0.519,0.0,0.428,0.335
3,False,0.369,0.43,0.02,4.586,0.214,0.369,0.0,0.167,2.821
3,False,-0.231,0.655,0.02,0.499,0.021,0.471,0.0,0.312,2.674
3,False,0.332,0.502,0.02,3.226,0.01,0.488,0.0,0.323,0.028
3,False,0.04,0.552,0.02,4.745,0.011,0.775,-0.0,0.226,1.324
3,False,-0.137,0.689,0.02,3.655,0.092,0.588,0.0,0.251,0.097
3,False,0.359,0.578,0.02,3.109,-0.056,0.373,0.0,0.463,1.264
3,False,-0.088,0.307,0.02,6.093,0.02,0.539,-0.0,0.257,2.266
3,False,0.011,0.516,0.02,1.434,-0.0,0.5,0.0,0.028,1.71
3,False,0.1,0.605,0.02,5.133,-0.005,0.523,0.0,0.135,2.391
3,False,-0.316,0.616,0.02,4.935,0.034,0.484,0.0,0.375,1.369
3,False,0.328,0.576,0.02,0.771,0.056,0.48,-0.0,0.289,1.832
3,False,-0.352,0.659,0.02,3.452,-0.232,0.488,0.0,0.21,0.207
3,False,-0.367,0.647,0.02,2.837,0.02,0.675,0.0,0.389,0.964
3,False,0.332,0.681,0.02,3.157,-0.092,0.389,0.0,0.515,1.262
3,False,0.12,0.493,0.02,3.104,-0.0,0.5,0.0,0.122,0.04
3,False,-0.215,0.427,0.02,1.776,0.001,0.501,0.0,0.229,1.35
3,False,0.127,0.663,0.02,4.689,-0.0,0.5,-0.0,0.208,1.547
3,False,-0.212,0.544,0.02,5.608,0.01,0.516,0.0,0.225,2.295
3,False,-0.002,0.627,0.02,5.551,0.022,0.498,0.0,0.133,2.487
3,False,0.21,0.389,0.02,4.538,-0.134,0.469,0.0,0.354,1.219
3,False,-0.282,0.438,0.02,1.914,-0.288,0.424,0.0,0.025,0.719
3,False,0.35,0.372,0.02,5.229,0.001,0.509,0.0,0.376,1.927
3,False,-0.332,0.447,0.02,2.841,0.114,0.262,0.0,0.484,0.394
3,False,-0.328,0.538,0.02,5.307,0.016,0.51,0.0,0.346,2.514
3,False,0.265,0.636,0.02,3.675,-0.028,0.632,0.0,0.293,0.389
3,False,0.009,0.461,0.02,2.927,-0.004,0.692,0.0,0.232,1.482
3,False,-0.156,0.674,0.02,6.265,0.142,0.352,0.0,0.439,3.053
3,False,0.243,0.332,0.02,1.537,-0.276,-0.13,0.0,0.695,2.501
3,False,-0.171,0.351,0.02,6.202,0.26,0.358,0.0,0.432,2.277
3,False,-0.113,0.594,0.02,4.848,-0.189,0.256,0.0,0.347,1.392
3,False,0.102,0.652,0.02,5.269,-0.0,0.5,0.0,0.184,2.125
3,False,0.055,0.662,0.02,1.677,0.003,0.501,-0.0,0.17,1.347
3,False,-0.143,0.616,0.02,5.146,-0.222,0.386,0.0,0.244,1.881
3,False,0.349,0.621,0.02,0.167,-0.0,0.5,0.0,0.37,2.978
3,False,0.335,0.376,0.02,3.948,-0.0,0.5,-0.0,0.358,0.806
3,False,-0.351,0.302,0.02,4.855,0.177,0.599,0.0,0.607,0.849
3,False,-0.055,0.373,0.02,2.257,-0.019,0.612,0.0,0.242,1.411
3,False,0.253,0.444,0.02,0.711,0.104,0.66,0.0,0.263,2.352
3,False,-0.092,0.344,0.02,6.111,0.016,0.509,0.0,0.198,2.646
3,False,0.119,0.573,0.02,5.863,0.095,0.429,0.0,0.148,2.83
3,False,-0.099,0.634,0.02,3.253,-0.03,0.426,-0.0,0.22,1.501
3,False,0.351,0.417,0.02,3.839,-0.0,0.5,0.0,0.361,0.695
3,False,0.062,0.418,0.02,6.108,-0.02,0.544,0.0,0.152,2.777
3,False,0.306,0.465,0.02,0.245,-0.073,0.571,-0.0,0.394,2.794
3,False,0.261,0.492,0.02,3.239,-0.012,0.481,0.0,0.274,0.127
3,False,-0.39,0.68,0.02,6.232,-0.0,0.5,0.0,0.43,3.088
3,False,0.008,0.68,0.02,2.102,-0.0,0.5,0.0,0.181,1.043
3,False,0.191,0.358,0.02,0.811,-0.0,0.5,-0.0,0.239,2.332
3,False,-0.359,0.342,0.02,4.067,0.185,0.439,0.0,0.552,0.808
3,False,0.292,0.31,0.02,2.222,0.069,0.516,-0.0,0.304,1.524
3,False,-0.085,0.501,0.02,5.223,0.052,0.571,0.0,0.155,1.631
3,False,-0.056,0.448,0.02,1.668,0.008,0.506,0.0,0.089,1.215
3,False,-0.237,0.329,0.02,1.783,-0.0,0.5,0.0,0.293,1.361
3,False,0.105,0.437,0.02,5.792,0.045,0.525,0.0,0.109,2.718
3,False,0.313,0.563,0.02,2.123,-0.0,0.5,0.0,0.32,1.021
3,False,0.057,0.444,0.02,4.968,-0.0,0.5,-0.0,0.083,1.826
3,False,0.161,0.324,0.02,2.652,0.009,0.505,0.0,0.238,0.455
3,False,-0.053,0.635,0.02,3.014,0.069,0.527,0.0,0.164,0.135
3,False,0.227,0.333,0.02,3.088,0.0,0.5,0.0,0.282,0.054
3,False,-0.38,0.552,0.02,3.8,0.098,0.52,0.0,0.48,0.434
3,False,-0.205,0.68,0.02,4.696,0.072,0.614,0.0,0.285,2.22
3,False,-0.153,0.543,0.02,4.251,-0.0,0.5,-0.0,0.16,1.109
3,False,-0.164,0.332,0.02,5.16,0.042,0.437,0.0,0.232,2.281
3,False,0.363,0.409,0.02,4.811,0.271,0.49,0.0,0.124,2.583
3,False,-0.221,0.463,0.02,0.753,0.079,0.338,-0.0,0.326,1.792
3,False,0.033,0.371,0.02,5.567,-0.081,0.581,-0.0,0.24,1.345
3,False,0.032,0.565,0.02,5.296,-0.0,0.5,-0.0,0.076,2.154
3,False,-0.192,0.447,0.02,3.662,-0.0,0.5,-0.0,0.2,0.519
3,False,-0.023,0.386,0.02,4.38,-0.028,0.605,0.0,0.22,0.729
3,False,-0.089,0.32,0.02,0.567,0.118,0.431,0.0,0.236,2.824
3,False,-0.087,0.501,0.02,5.555,-0.021,0.462,0.0,0.08,1.233
3,False,-0.218,0.387,0.02,2.534,-0.12,0.674,0.0,0.304,0.588
3,False,-0.055,0.67,0.02,3.956,-0.025,0.535,0.0,0.14,0.624
3,False,0.243,0.577,0.02,4.875,0.06,0.417,0.0,0.243,1.699
3,False,-0.153,0.366,0.02,2.792,-0.137,0.783,0.0,0.417,0.336
3,False,-0.08,0.573,0.02,2.621,0.31,0.506,0.0,0.397,2.988
3,False,0.036,0.398,0.02,0.243,-0.008,0.508,-0.0,0.12,2.573
3,False,-0.132,0.361,0.02,5.203,-0.0,0.5,0.0,0.193,2.059
3,False,0.322,0.389,0.02,1.923,0.002,0.505,0.0,0.341,1.185
3,False,-0.038,0.423,0.02,5.349,-0.0,0.5,-0.0,0.088,2.206
3,False,-0.234,0.464,0.02,1.369,-0.074,0.432,-0.0,0.164,1.144
3,False,-0.311,0.431,0.02,5.355,-0.0,0.5,0.0,0.319,2.211
3,False,0.002,0.426,0.02,5.251,0.056,0.588,-0.0,0.171,1.66
3,False,0.303,0.485,0.02,1.724,0.032,0.594,0.0,0.293,2.359
3,False,-0.236,0.662,0.02,2.381,-0.01,0.492,0.0,0.284,0.544
3,False,0.37,0.453,0.02,1.942,0.037,0.512,0.0,0.339,1.507
3,False,-0.276,0.564,0.02,2.055,0.004,0.51,-0.0,0.285,0.958
2,False,-0.113,0.413,0.02,1.727,-0.209,0.46,0.193,0.204,2.95
3,False,-0.139,0.419,0.02,4.082,0.024,0.509,0.0,0.187,1.465
3,False,0.027,0.574,0.02,2.934,0.0,0.5,0.0,0.081,0.207
3,False,0.133,0.339,0.02,3.54,-0.134,0.5,0.0,0.312,0.482
3,False,-0.11,0.698,0.02,2.151,0.0,0.5,0.0,0.228,0.99
3,False,0.15,0.592,0.02,1.712,-0.0,0.5,-0.0,0.177,1.43
3,False,-0.19,0.366,0.02,3.016,0.133,0.548,0.0,0.372,0.3
3,False,-0.218,0.506,0.02,0.426,0.048,0.464,-0.0,0.27,2.018
3,False,0.31,0.544,0.02,2.338,0.182,0.414,0.0,0.184,0.803
2,False,-0.347,0.686,0.02,4.255,-0.143,0.39,0.071,0.363,0.784
3,False,-0.18,0.344,0.02,5.331,0.067,0.777,0.0,0.499,2.237
3,False,0.041,0.46,0.02,5.098,0.015,0.502,0.0,0.053,1.913
3,False,-0.149,0.328,0.02,1.328,0.027,0.509,0.0,0.253,1.369
3,False,0.104,0.598,0.02,3.359,-0.0,0.5,-0.0,0.145,0.216
3,False,-0.096,0.455,0.02,4.542,-0.281,0.432,0.0,0.187,1.078
3,False,0.131,0.384,0.02,4.44,-0.003,0.404,-0.0,0.138,0.672
3,False,0.378,0.459,0.02,2.823,-0.052,0.374,-0.0,0.439,0.259
3,False,-0.298,0.665,0.02,5.001,0.029,0.498,0.0,0.368,1.564
3,False,-0.398,0.699,0.02,0.528,0.074,0.678,0.0,0.473,3.084
3,False,0.121,0.347,0.02,5.254,-0.025,0.491,0.0,0.206,1.305
3,False,0.399,0.616,0.02,3.971,-0.064,0.221,-0.0,0.609,1.895
3,False,0.184,0.689,0.02,0.884,-0.049,0.448,0.0,0.336,1.27
3,False,0.222,0.659,0.02,5.602,0.016,0.476,0.0,0.276,1.801
3,False,0.238,0.645,0.02,0.098,0.001,0.5,0.0,0.278,3.022
3,False,0.217,0.344,0.02,2.231,0.027,0.508,0.0,0.252,1.146
3,False,-0.376,0.554,0.02,5.859,0.038,0.42,-0.0,0.436,3.084
3,False,0.233,0.49,0.02,3.219,-0.0,0.5,0.0,0.234,0.075
3,False,0.393,0.508,0.02,3.286,-0.0,0.5,-0.0,0.393,0.144
3,False,-0.125,0.65,0.02,0.581,-0.304,0.677,0.0,0.183,2.797
3,False,0.213,0.408,0.02,3.74,0.052,0.522,0.0,0.198,0.709
3,False,-0.282,0.574,0.02,0.023,-0.0,0.5,-0.0,0.292,3.12
3,False,0.026,0.434,0.02,0.603,0.037,0.448,0.0,0.027,1.999
3,False,0.048,0.373,0.02,0.68,-0.045,0.465,0.0,0.133,1.432
3,False,-0.394,0.409,0.02,3.3,-0.0,0.5,0.0,0.405,0.155
3,False,0.355,0.488,0.02,1.625,0.067,0.631,0.0,0.322,0.521
3,False,0.066,0.314,0.02,2.886,-0.264,0.609,0.0,0.443,1.085
3,False,0.053,0.348,0.02,0.278,-0.051,0.538,0.0,0.218,3.085
3,False,0.275,0.37,0.02,6.003,-0.0,0.5,0.0,0.305,2.859
3,False,-0.286,0.624,0.02,5.526,-0.0,0.5,0.0,0.313,2.383
3,False,0.21,0.633,0.02,1.745,-0.044,0.794,0.0,0.302,1.227
3,False,-0.267,0.508,0.02,2.368,0.185,0.417,0.0,0.461,0.875
3,False,0.215,0.581,0.02,0.136,0.001,0.501,0.0,0.23,3.039
3,False,0.222,0.637,0.02,0.85,-0.024,0.64,0.0,0.247,0.516
3,False,-0.299,0.311,0.02,5.774,-0.102,0.777,-0.0,0.506,2.645
3,False,-0.119,0.452,0.02,4.259,0.321,0.254,0.0,0.482,1.169
3,False,0.369,0.535,0.02,3.222,0.099,0.54,-0.0,0.271,0.419
3,False,0.352,0.511,0.02,6.098,0.037,0.604,0.0,0.329,2.742
3,False,0.391,0.668,0.02,6.097,0.136,0.756,0.0,0.271,2.341
3,False,0.388,0.406,0.02,2.73,-0.074,0.667,0.0,0.531,2.105
3,False,0.348,0.566,0.02,1.345,0.03,0.484,0.0,0.329,1.778
3,False,0.068,0.562,0.02,1.015,0.069,0.473,0.0,0.091,0.962
3,False,-0.247,0.541,0.02,3.303,-0.0,0.5,0.0,0.251,0.159
3,False,-0.227,0.541,0.02,1.696,-0.174,0.44,0.0,0.116,1.458
3,False,0.243,0.444,0.02,0.63,0.021,0.501,0.0,0.231,2.507
3,False,-0.159,0.634,0.02,5.777,0.02,0.579,0.0,0.189,2.412
3,False,-0.035,0.339,0.02,0.066,-0.078,0.585,0.0,0.251,2.606
3,False,-0.263,0.656,0.02,0.391,-0.0,0.5,-0.0,0.306,2.752
3,False,0.241,0.487,0.02,0.416,0.034,0.519,0.0,0.21,2.131
3,False,-0.207,0.356,0.02,6.085,-0.077,0.642,-0.0,0.315,2.928
3,False,-0.174,0.378,0.02,0.009,0.039,0.495,0.0,0.244,2.779
3,False,0.289,0.541,0.02,5.011,0.084,0.534,0.0,0.206,1.639
3,False,-0.214,0.628,0.02,1.112,-0.005,0.476,0.0,0.259,1.843
3,False,-0.313,0.619,0.02,3.782,0.267,0.445,0.0,0.606,1.709
3,False,-0.231,0.441,0.02,2.302,0.102,0.308,0.0,0.359,0.172
3,False,0.228,0.488,0.02,6.179,-0.032,0.642,0.0,0.304,2.332
3,False,0.37,0.659,0.02,3.304,0.015,0.514,0.0,0.385,0.365
3,False,0.287,0.656,0.02,4.002,-0.0,0.5,0.0,0.328,0.859
3,False,0.368,0.644,0.02,6.126,0.11,0.63,0.0,0.259,3.057
3,False,-0.086,0.592,0.02,5.048,-0.0,0.5,-0.0,0.128,1.904
3,False,0.122,0.341,0.02,2.441,-0.008,0.504,0.0,0.209,0.86
3,False,-0.031,0.444,0.02,4.015,0.037,0.59,0.0,0.162,1.972
3,False,-0.236,0.491,0.02,2.649,-0.061,0.562,0.0,0.191,1.331
3,False,-0.291,0.553,0.02,3.274,0.006,0.518,0.0,0.3,0.156
3,False,-0.25,0.391,0.02,1.543,-0.107,0.332,-0.0,0.156,0.894
1,False,-0.289,0.419,0.02,1.666,-0.006,0.416,0.06,0.286,1.583
3,False,0.39,0.696,0.02,0.025,0.018,0.563,0.0,0.395,2.691
3,False,0.315,0.339,0.02,5.915,-0.0,0.5,0.0,0.355,2.771
3,False,-0.157,0.611,0.02,2.452,0.017,0.521,0.0,0.197,1.115
3,False,0.028,0.632,0.02,5.187,0.021,0.472,0.0,0.162,1.511
3,False,0.164,0.441,0.02,1.478,-0.106,0.509,0.0,0.28,2.416
3,False,0.34,0.57,0.02,0.106,0.02,0.514,0.0,0.326,2.922
3,False,-0.22,0.339,0.02,6.088,0.079,0.645,0.0,0.429,2.137
3,False,0.198,0.376,0.02,2.553,0.016,0.508,0.0,0.225,0.622
3,False,-0.046,0.367,0.02,5.881,0.021,0.406,0.0,0.08,1.891
3,False,-0.359,0.551,0.02,4.977,0.005,0.486,0.0,0.37,2.026
3,False,-0.324,0.434,0.02,1.709,-0.0,0.5,-0.0,0.331,1.434
3,False,0.358,0.561,0.02,0.845,0.209,0.346,0.0,0.262,2.942
3,False,-0.007,0.328,0.02,1.093,0.213,0.701,0.0,0.434,1.139
3,False,0.265,0.365,0.02,4.68,0.013,0.505,-0.0,0.288,1.501
3,False,-0.261,0.625,0.02,3.267,0.011,0.431,0.2,0.379,1.778
3,False,-0.382,0.51,0.02,2.929,-0.0,0.5,-0.0,0.382,0.213
3,False,0.34,0.596,0.02,2.458,-0.147,0.54,0.0,0.491,2.363
3,False,-0.03,0.304,0.02,1.953,-0.001,0.369,-0.0,0.075,2.098
3,False,0.201,0.469,0.02,3.64,-0.0,0.5,-0.0,0.204,0.497
3,False,-0.105,0.587,0.02,1.157,-0.0,0.5,0.0,0.137,1.988
3,False,-0.078,0.46,0.02,5.74,-0.0,0.5,-0.0,0.09,2.597
3,False,-0.192,0.485,0.02,5.85,0.107,0.464,0.0,0.301,2.137
3,False,-0.355,0.511,0.02,5.192,0.018,0.478,0.0,0.376,1.883
3,False,0.337,0.488,0.02,0.319,0.002,0.498,0.0,0.336,2.827
3,False,0.088,0.512,0.02,5.161,0.269,0.294,0.0,0.284,1.723
3,False,0.2,0.542,0.02,2.928,-0.0,0.5,0.0,0.205,0.23
3,False,-0.236,0.328,0.02,6.24,-0.004,0.513,0.0,0.298,2.997
3,False,-0.034,0.406,0.02,2.719,0.014,0.276,-0.0,0.14,1.101
3,False,-0.278,0.314,0.02,4.227,-0.03,0.41,0.0,0.268,2.22
3,False,-0.305,0.688,0.02,2.025,0.235,0.667,0.0,0.541,0.565
3,False,-0.028,0.656,0.02,2.094,0.119,0.462,0.0,0.244,0.478
3,False,0.053,0.52,0.02,2.462,-0.0,0.5,-0.0,0.06,0.681
3,False,0.05,0.381,0.02,4.398,-0.182,0.305,-0.0,0.245,3.135
3,False,0.374,0.529,0.02,3.631,-0.07,0.601,0.0,0.45,0.633
3,False,-0.013,0.426,0.02,1.066,0.052,0.525,-0.0,0.12,1.365
3,False,-0.29,0.348,0.02,2.33,-0.041,0.266,-0.0,0.263,0.794
3,False,0.193,0.316,0.02,5.372,-0.0,0.5,-0.0,0.267,2.23
3,False,0.038,0.666,0.02,5.515,0.037,0.482,0.0,0.185,1.858
3,False,-0.076,0.403,0.02,2.417,0.14,0.555,0.0,0.265,0.32
3,False,-0.135,0.662,0.02,2.157,-0.0,0.5,-0.0,0.212,0.985
3,False,0.37,0.669,0.02,5.201,-0.151,0.343,-0.0,0.615,2.201
3,False,0.05,0.542,0.02,3.322,0.135,0.515,0.0,0.091,1.1
3,False,-0.388,0.469,0.02,4.07,0.248,0.612,0.0,0.652,0.732
3,False,-0.006,0.565,0.02,0.436,-0.0,0.5,-0.0,0.068,2.707
3,False,0.187,0.661,0.02,4.735,-0.071,0.663,0.0,0.26,1.674
3,False,-0.252,0.311,0.02,0.902,-0.0,0.5,0.0,0.316,2.242
3,False,0.107,0.629,0.02,0.717,0.008,0.505,0.0,0.161,2.415
3,False,-0.079,0.508,0.02,5.792,-0.0,0.5,-0.0,0.082,2.65
3,False,-0.007,0.421,0.02,4.531,-0.17,0.583,0.0,0.23,1.101
3,False,-0.332,0.575,0.02,4.447,-0.015,0.521,0.0,0.322,1.752
3,False,0.351,0.4,0.02,3.805,-0.0,0.5,-0.0,0.365,0.662
3,False,0.093,0.455,0.02,5.126,-0.002,0.542,-0.0,0.131,1.439
3,False,-0.221,0.662,0.02,5.008,0.103,0.531,0.0,0.349,0.51
3,False,0.057,0.371,0.02,4.69,0.008,0.394,0.0,0.058,0.752
3,False,-0.281,0.32,0.02,4.693,0.021,0.38,0.0,0.308,0.322
3,False,-0.343,0.696,0.02,3.286,0.002,0.511,0.0,0.392,0.07
3,False,0.19,0.623,0.02,1.205,0.005,0.6,0.0,0.187,1.932
3,False,0.358,0.648,0.02,1.593,0.042,0.519,0.0,0.342,0.815
3,False,-0.312,0.55,0.02,2.555,0.108,0.658,0.0,0.434,0.042
3,False,-0.033,0.364,0.02,0.941,0.032,0.52,0.0,0.17,1.815
3,False,0.323,0.43,0.02,0.544,-0.0,0.5,0.0,0.331,2.601
3,False,-0.117,0.626,0.02,0.722,-0.302,0.378,0.0,0.311,1.557
3,False,0.195,0.628,0.02,1.268,0.17,0.258,0.0,0.371,0.89
3,False,0.076,0.627,0.02,0.309,-0.0,0.5,-0.0,0.15,2.834
3,False,-0.076,0.509,0.02,1.075,0.052,0.638,0.0,0.183,0.814
3,False,-0.138,0.552,0.02,0.753,0.016,0.493,0.0,0.165,2.13
3,False,-0.042,0.435,0.02,0.724,-0.078,0.778,0.0,0.346,2.319
3,False,0.194,0.354,0.02,5.338,0.03,0.554,-0.0,0.259,2.099
3,False,-0.018,0.671,0.02,5.435,-0.0,0.5,-0.0,0.173,2.293
3,False,0.204,0.695,0.02,4.8,0.016,0.465,0.0,0.298,1.695
3,False,0.02,0.639,0.02,0.551,0.077,0.564,0.0,0.097,2.132
3,False,-0.219,0.662,0.02,2.683,0.002,0.512,0.0,0.269,0.52
3,False,0.124,0.421,0.02,6.089,-0.043,0.46,-0.0,0.173,2.431
3,False,-0.344,0.398,0.02,5.87,-0.0,0.5,-0.0,0.36,2.728
3,False,0.245,0.409,0.02,5.691,0.055,0.508,0.0,0.215,2.667
3,False,0.209,0.459,0.02,4.899,0.173,0.293,0.0,0.171,2.126
3,False,-0.028,0.403,0.02,2.413,0.036,0.563,0.0,0.174,1.381
3,False,0.33,0.324,0.02,2.626,0.076,0.432,-0.0,0.277,1.523
3,False,-0.343,0.602,0.02,4.8,0.009,0.503,0.0,0.367,1.848
3,False,0.264,0.518,0.02,0.441,0.161,0.558,0.0,0.112,2.725
1,False,0.128,0.667,0.02,1.48,0.037,0.54,0.063,0.162,1.571
3,False,-0.229,0.683,0.02,3.052,0.003,0.48,0.0,0.309,0.264
3,False,-0.355,0.443,0.02,4.685,-0.011,0.511,0.0,0.352,3.07
3,False,-0.117,0.393,0.02,4.721,-0.101,0.265,0.0,0.131,1.598
3,False,-0.004,0.523,0.02,1.9,-0.004,0.514,0.0,0.022,1.06
3,False,0.187,0.691,0.02,1.814,0.018,0.513,0.0,0.246,1.592
3,False,-0.175,0.377,0.02,5.871,-0.004,0.56,0.0,0.251,2.012
3,False,0.345,0.458,0.02,1.733,-0.194,0.515,0.0,0.543,2.079
3,False,-0.097,0.389,0.02,4.914,0.163,0.512,-0.0,0.289,1.412
3,False,-0.045,0.369,0.02,5.006,-0.305,0.532,0.0,0.307,1.844
3,False,-0.195,0.524,0.02,3.781,-0.251,0.347,0.0,0.186,0.675
3,False,-0.246,0.44,0.02,2.54,-0.016,0.558,0.0,0.259,0.352
3,False,0.202,0.397,0.02,1.706,-0.0,0.5,0.0,0.228,1.437
3,False,0.267,0.338,0.02,3.611,0.041,0.599,0.0,0.346,0.2
3,False,-0.005,0.505,0.02,0.857,-0.232,0.598,0.0,0.246,2.144
3,False,-0.298,0.553,0.02,3.368,0.15,0.54,0.0,0.449,0.258
3,False,-0.171,0.513,0.02,2.988,-0.0,0.5,-0.0,0.172,0.155
3,False,-0.376,0.369,0.02,4.926,0.037,0.46,0.0,0.423,1.825
3,False,-0.205,0.527,0.02,5.71,0.067,0.46,0.0,0.281,2.497
3,False,-0.34,0.564,0.02,1.314,0.037,0.475,0.0,0.388,1.482
3,False,-0.092,0.333,0.02,0.995,-0.003,0.472,0.0,0.166,2.229
3,False,-0.083,0.363,0.02,1.362,-0.041,0.214,-0.0,0.156,1.104
3,False,0.075,0.503,0.02,6.118,-0.19,0.557,0.0,0.271,1.956
3,False,0.223,0.699,0.02,0.742,-0.094,0.44,-0.0,0.41,1.119
3,False,0.279,0.403,0.02,0.112,0.231,0.708,0.0,0.309,1.627
3,False,0.383,0.697,0.02,1.485,-0.0,0.5,-0.0,0.432,1.657
3,False,-0.358,0.447,0.02,5.843,0.021,0.511,-0.0,0.385,3.132
3,False,0.057,0.668,0.02,3.845,-0.0,0.5,-0.0,0.179,0.703
3,False,0.329,0.583,0.02,1.004,-0.098,0.609,0.0,0.428,2.752
3,False,0.158,0.319,0.02,1.507,0.073,0.534,0.0,0.233,0.851
3,False,0.006,0.61,0.02,0.79,-0.047,0.427,-0.0,0.192,1.873
3,False,0.151,0.59,0.02,3.32,-0.146,0.321,0.0,0.4,1.931
3,False,-0.304,0.671,0.02,5.924,0.156,0.385,0.0,0.542,2.69
3,False,-0.256,0.311,0.02,0.346,-0.0,0.5,0.0,0.319,2.798
3,False,0.315,0.566,0.02,0.094,-0.038,0.391,-0.0,0.394,3.09
3,False,0.282,0.395,0.02,3.284,-0.011,0.504,0.0,0.314,0.215
3,False,0.16,0.304,0.02,5.427,-0.0,0.5,0.0,0.254,2.283
3,False,-0.395,0.548,0.02,5.483,0.127,0.551,-0.0,0.523,2.824
3,False,0.325,0.446,0.02,2.804,0.078,0.58,0.0,0.282,0.921
1,False,-0.053,0.651,0.02,0.611,-0.002,0.399,0.06,0.26,2.188
3,False,0.343,0.397,0.02,0.407,0.0,0.5,-0.0,0.359,2.736
3,False,0.355,0.498,0.02,0.799,-0.0,0.5,0.0,0.356,2.344
3,False,-0.244,0.672,0.02,4.437,-0.187,0.638,0.0,0.069,0.416
3,False,-0.316,0.477,0.02,2.005,0.019,0.421,-0.0,0.34,0.189
3,False,0.396,0.659,0.02,0.546,0.032,0.486,-0.0,0.403,2.121
3,False,0.129,0.479,0.02,0.347,-0.0,0.499,0.0,0.132,2.767
3,False,-0.029,0.419,0.02,0.051,0.01,0.799,0.0,0.382,2.893
3,False,0.254,0.385,0.02,3.251,0.152,0.455,0.0,0.126,0.05
3,False,0.359,0.469,0.02,5.283,-0.16,0.347,0.0,0.534,3.052
3,False,0.4,0.619,0.02,6.166,0.172,0.43,0.0,0.297,3.071
3,False,-0.081,0.526,0.02,0.628,0.116,0.67,0.0,0.245,2.98
3,False,0.229,0.599,0.02,1.138,-0.0,0.5,0.0,0.251,2.006
3,False,0.052,0.54,0.02,4.279,0.106,0.737,0.0,0.205,1.991
3,False,-0.362,0.54,0.02,2.649,0.014,0.525,-0.0,0.377,0.575
3,False,-0.045,0.624,0.02,4.211,-0.129,0.41,0.0,0.23,2.026
3,False,-0.054,0.518,0.02,2.143,0.202,0.373,0.0,0.296,1.565
3,False,0.083,0.51,0.02,2.336,-0.0,0.5,0.0,0.086,0.808
3,False,0.277,0.363,0.02,3.264,0.007,0.499,0.0,0.303,0.13
3,False,0.246,0.312,0.02,3.658,0.146,0.354,0.0,0.11,0.387
3,False,-0.341,0.327,0.02,1.228,0.03,0.505,0.0,0.412,1.922
3,False,0.192,0.364,0.02,5.012,0.405,0.39,0.0,0.216,1.443
3,False,-0.291,0.31,0.02,3.604,0.127,0.422,0.0,0.433,0.949
3,False,0.338,0.588,0.02,5.995,0.077,0.611,0.0,0.263,2.781
3,False,0.099,0.407,0.02,6.118,0.054,0.511,0.0,0.114,2.433
3,False,0.089,0.481,0.02,3.334,0.082,0.42,-0.0,0.065,0.851
3,False,-0.288,0.573,0.02,3.969,0.002,0.526,0.0,0.294,0.462
1,False,-0.188,0.534,0.02,0.554,0.137,0.391,0.063,0.357,1.571
3,False,0.282,0.353,0.02,4.693,-0.0,0.5,-0.0,0.319,1.551
3,False,0.369,0.339,0.02,2.014,0.079,0.524,-0.0,0.345,0.518
3,False,-0.331,0.489,0.02,4.642,-0.0,0.5,0.0,0.331,1.498
3,False,0.351,0.625,0.02,3.773,-0.0,0.5,-0.0,0.373,0.63
3,False,-0.205,0.36,0.02,5.072,-0.233,0.26,-0.0,0.106,1.766
3,False,-0.231,0.435,0.02,4.245,-0.13,0.513,0.0,0.129,2.657
3,False,-0.266,0.529,0.02,6.007,-0.066,0.51,0.0,0.201,2.781
3,False,0.317,0.434,0.02,3.62,0.081,0.403,0.0,0.238,1.189
3,False,-0.136,0.43,0.02,1.211,0.0,0.5,0.0,0.154,1.93
3,False,0.154,0.581,0.02,4.527,-0.183,0.76,0.0,0.383,0.42
3,False,-0.308,0.373,0.02,3.855,0.049,0.56,0.0,0.403,0.357
3,False,-0.258,0.495,0.02,5.43,0.0,0.5,0.0,0.258,2.289
3,False,-0.091,0.447,0.02,1.386,0.042,0.658,0.0,0.25,2.151
3,False,-0.287,0.446,0.02,0.971,-0.019,0.415,0.0,0.271,3.015
3,False,-0.183,0.697,0.02,4.28,0.087,0.528,0.0,0.319,1.83
3,False,-0.216,0.567,0.02,5.815,0.103,0.401,-0.0,0.36,2.671
3,False,0.041,0.611,0.02,6.082,-0.0,0.5,-0.0,0.12,2.939
3,False,0.253,0.452,0.02,5.756,0.022,0.464,0.0,0.231,2.39
3,False,0.321,0.401,0.02,5.096,-0.0,0.5,0.0,0.337,1.952
3,False,0.007,0.56,0.02,0.734,0.123,0.538,-0.0,0.12,2.777
3,False,-0.308,0.635,0.02,3.779,-0.036,0.441,-0.0,0.335,2.004
3,False,-0.113,0.579,0.02,4.261,-0.06,0.708,0.0,0.141,1.035
3,False,0.008,0.412,0.02,1.104,0.123,0.341,0.0,0.137,3.01
3,False,0.269,0.475,0.02,3.143,-0.0,0.5,-0.0,0.271,0.001
3,False,0.235,0.428,0.02,0.255,-0.014,0.524,0.0,0.268,2.536
3,False,-0.057,0.484,0.02,3.775,0.102,0.523,0.0,0.164,1.481
3,False,0.13,0.612,0.02,4.8,-0.07,0.501,0.0,0.229,0.876
3,False,0.231,0.683,0.02,0.611,-0.0,0.5,0.0,0.295,2.533
3,False,0.04,0.42,0.02,0.965,-0.0,0.5,0.0,0.092,2.18
3,False,0.324,0.423,0.02,4.337,-0.05,0.497,0.0,0.382,0.009
3,False,0.277,0.452,0.02,5.41,0.016,0.496,0.0,0.266,2.083
3,False,-0.285,0.399,0.02,2.931,-0.036,0.548,0.0,0.291,2.597
3,False,-0.035,0.529,0.02,5.623,0.013,0.54,0.0,0.053,1.769
3,False,-0.197,0.659,0.02,1.543,0.305,0.518,0.0,0.521,2.029
3,False,-0.178,0.564,0.02,1.157,0.143,0.446,0.0,0.343,2.045
3,False,0.302,0.627,0.02,6.171,0.23,0.363,0.0,0.275,1.009
3,False,-0.186,0.344,0.02,1.045,0.037,0.543,0.0,0.3,1.969
3,False,0.073,0.337,0.02,5.327,0.134,0.746,0.0,0.413,0.438
3,False,0.157,0.368,0.02,4.8,0.033,0.584,0.0,0.25,0.959
3,False,-0.332,0.511,0.02,5.969,0.169,0.474,0.0,0.503,3.13
3,False,0.127,0.406,0.02,1.769,-0.28,0.383,0.0,0.409,1.425
3,False,-0.385,0.471,0.02,2.315,0.103,0.445,0.0,0.49,0.441
3,False,0.265,0.567,0.02,5.745,-0.0,0.5,-0.0,0.274,2.603
3,False,0.045,0.397,0.02,1.311,0.008,0.506,0.0,0.117,1.651
3,False,0.376,0.646,0.02,3.319,0.026,0.502,0.0,0.379,0.11
3,False,0.134,0.459,0.02,1.736,-0.0,0.5,-0.0,0.142,1.407
3,False,-0.044,0.604,0.02,5.86,-0.0,0.5,0.0,0.115,2.716
3,False,0.116,0.36,0.02,4.358,-0.0,0.5,-0.0,0.183,1.215
3,False,-0.355,0.491,0.02,1.673,-0.004,0.426,-0.0,0.357,0.618
3,False,-0.193,0.361,0.02,4.548,-0.018,0.549,0.0,0.258,0.809
3,False,-0.182,0.435,0.02,2.009,-0.0,0.5,0.0,0.194,1.135
3,False,0.305,0.645,0.02,1.798,-0.0,0.5,-0.0,0.339,1.345
3,False,-0.208,0.648,0.02,2.59,0.044,0.51,0.0,0.288,0.879
3,False,0.215,0.372,0.02,1.181,-0.113,0.378,-0.0,0.329,0.666
3,False,-0.4,0.568,0.02,2.392,0.092,0.454,0.0,0.505,0.245
3,False,0.314,0.373,0.02,2.514,-0.092,0.638,-0.0,0.485,0.435
3,False,0.391,0.317,0.02,3.224,0.0,0.499,0.0,0.432,0.084
2,False,-0.399,0.541,0.02,4.076,-0.084,0.508,0.071,0.322,0.422
3,False,-0.076,0.316,0.02,4.891,-0.02,0.529,0.0,0.221,2.198
3,False,-0.015,0.359,0.02,5.069,-0.0,0.5,-0.0,0.144,1.926
3,False,-0.252,0.573,0.02,2.456,0.05,0.519,0.0,0.308,0.589
3,False,0.251,0.491,0.02,6.145,0.108,0.413,0.0,0.164,2.907
3,False,0.272,0.697,0.02,5.538,0.235,0.574,0.0,0.13,1.884
3,False,0.015,0.629,0.02,0.729,-0.021,0.431,0.0,0.202,3.008
3,False,-0.024,0.526,0.02,4.983,-0.0,0.5,-0.0,0.041,1.841
3,False,-0.354,0.521,0.02,4.783,0.52,0.254,0.0,0.914,1.669
3,False,-0.235,0.431,0.02,6.275,-0.0,0.5,-0.0,0.246,3.133
3,False,0.108,0.528,0.02,0.668,-0.006,0.471,0.0,0.129,2.784
3,False,0.016,0.692,0.02,0.192,-0.0,0.5,0.0,0.193,2.953
3,False,-0.078,0.505,0.02,5.99,0.005,0.507,0.0,0.085,2.724
3,False,0.275,0.603,0.02,6.028,-0.044,0.496,0.0,0.337,2.601
3,False,0.027,0.51,0.02,4.761,-0.015,0.521,-0.0,0.048,2.015
3,False,-0.026,0.623,0.02,4.057,0.083,0.5,0.0,0.165,1.121
3,False,0.203,0.387,0.02,4.831,0.016,0.502,0.0,0.221,1.678
3,False,-0.21,0.356,0.02,4.969,-0.207,0.538,0.191,0.25,0.285
3,False,-0.055,0.432,0.02,5.204,0.0,0.5,0.0,0.09,2.062
3,False,-0.2,0.673,0.02,0.307,0.052,0.435,0.0,0.348,1.81
3,False,-0.205,0.475,0.02,5.219,0.087,0.669,0.0,0.351,1.982
3,False,0.399,0.304,0.02,1.286,0.05,0.528,0.0,0.415,1.741
3,False,-0.373,0.653,0.02,3.186,0.0,0.5,0.0,0.403,0.044
3,False,-0.219,0.381,0.02,0.777,-0.048,0.64,0.0,0.311,2.163
3,False,0.309,0.498,0.02,4.945,-0.056,0.438,0.0,0.371,0.166
3,False,-0.175,0.556,0.02,2.148,-0.077,0.737,0.0,0.207,0.776
3,False,0.192,0.614,0.02,4.124,0.058,0.524,0.0,0.163,0.385
3,False,-0.216,0.353,0.02,4.537,-0.001,0.37,-0.0,0.217,0.483
3,False,-0.208,0.681,0.02,2.275,-0.012,0.515,0.0,0.257,0.468
3,False,-0.318,0.439,0.02,0.205,-0.169,0.578,-0.0,0.204,2.232
3,False,-0.138,0.386,0.02,2.497,0.009,0.472,0.0,0.172,1.128
3,False,0.151,0.45,0.02,3.548,0.236,0.486,0.0,0.095,0.047
3,False,0.234,0.56,0.02,3.47,0.003,0.529,0.0,0.234,0.198
3,False,0.128,0.617,0.02,3.236,0.003,0.634,0.0,0.128,1.315
3,False,-0.296,0.512,0.02,4.66,0.032,0.455,0.0,0.334,2.623
3,False,-0.071,0.445,0.02,4.756,0.174,0.366,0.0,0.258,1.087
1,False,-0.247,0.365,0.02,5.131,-0.027,0.549,0.071,0.291,1.164
3,False,0.247,0.621,0.02,6.165,0.034,0.472,0.0,0.262,2.834
3,False,0.151,0.362,0.02,3.084,0.048,0.693,0.0,0.347,2.487
3,False,-0.136,0.304,0.02,5.093,0.146,0.497,0.0,0.342,2.1
3,False,-0.173,0.681,0.02,1.329,0.007,0.499,0.0,0.257,1.918
3,False,-0.354,0.382,0.02,4.122,0.039,0.524,0.0,0.419,1.508
3,False,0.012,0.538,0.02,5.723,-0.0,0.5,-0.0,0.045,2.581
3,False,0.068,0.523,0.02,4.094,-0.112,0.672,0.0,0.235,0.043
3,False,0.173,0.374,0.02,3.708,-0.0,0.5,0.0,0.215,0.564
3,False,-0.158,0.308,0.02,3.118,-0.057,0.393,0.0,0.133,0.57
3,False,-0.345,0.386,0.02,3.639,0.001,0.493,-0.0,0.363,0.613
3,False,-0.309,0.383,0.02,5.394,0.06,0.214,0.0,0.407,2.495
3,False,-0.29,0.423,0.02,3.497,-0.01,0.483,0.0,0.287,0.124
3,False,0.01,0.376,0.02,1.25,-0.0,0.5,-0.0,0.126,1.893
3,False,-0.123,0.49,0.02,2.569,0.146,0.639,-0.0,0.308,1.599
3,False,0.139,0.585,0.02,1.482,0.046,0.706,-0.0,0.154,2.511
3,False,0.317,0.413,0.02,3.103,-0.008,0.483,0.0,0.332,0.201
3,False,-0.107,0.346,0.02,6.159,-0.0,0.5,0.0,0.189,3.015
3,False,0.33,0.53,0.02,2.891,0.023,0.5,0.0,0.309,0.069
3,False,0.329,0.49,0.02,1.024,0.0,0.5,0.0,0.33,2.118
3,False,-0.06,0.433,0.02,1.516,-0.0,0.5,-0.0,0.092,1.627
3,False,-0.301,0.412,0.02,0.979,0.263,0.337,0.0,0.569,3.02
3,False,-0.202,0.586,0.02,4.137,0.014,0.504,0.0,0.232,0.984
3,False,-0.382,0.404,0.02,6.272,0.065,0.594,0.0,0.487,1.5
3,False,0.247,0.605,0.02,3.957,0.023,0.509,0.0,0.244,1.496
3,False,-0.324,0.421,0.02,2.682,-0.0,0.5,0.0,0.334,0.462
3,False,-0.236,0.37,0.02,0.575,0.004,0.563,0.0,0.308,2.921
3,False,-0.297,0.36,0.02,2.403,0.02,0.501,-0.0,0.347,0.427
3,False,-0.282,0.618,0.02,4.344,0.206,0.737,0.0,0.503,0.247
3,False,0.275,0.59,0.02,4.369,0.047,0.515,0.0,0.241,0.436
3,False,-0.394,0.345,0.02,1.357,-0.141,0.374,0.0,0.256,1.719
3,False,0.396,0.306,0.02,0.204,-0.084,0.6,0.0,0.564,2.766
3,False,0.318,0.501,0.02,5.936,0.002,0.371,0.0,0.342,1.959
3,False,-0.071,0.318,0.02,5.467,0.0,0.5,0.0,0.196,2.325
3,False,0.088,0.559,0.02,3.232,-0.0,0.5,-0.0,0.108,0.09
3,False,-0.194,0.524,0.02,4.649,-0.0,0.5,0.0,0.196,1.504
3,False,-0.131,0.511,0.02,5.764,0.01,0.536,-0.0,0.145,3.122
3,False,-0.201,0.65,0.02,1.284,0.0,0.5,0.0,0.251,1.857
3,False,-0.229,0.69,0.02,5.26,-0.168,0.255,0.0,0.44,2.231
3,False,-0.078,0.323,0.02,1.46,0.116,0.341,0.0,0.196,1.186
3,False,0.269,0.626,0.02,2.604,-0.18,0.71,0.0,0.457,2.59
3,False,0.103,0.54,0.02,0.869,0.0,0.5,0.0,0.113,2.273
3,False,0.098,0.427,0.02,5.78,-0.0,0.5,0.0,0.124,2.636
3,False,0.251,0.448,0.02,5.494,-0.0,0.5,0.0,0.257,2.351
3,False,0.17,0.56,0.02,0.23,-0.001,0.548,0.0,0.173,2.684
3,False,-0.008,0.332,0.02,2.646,0.11,0.381,0.0,0.129,2.74
3,False,-0.027,0.447,0.02,3.072,0.083,0.559,0.0,0.158,0.819
3,False,0.258,0.326,0.02,2.85,-0.052,0.601,0.0,0.414,0.046
3,False,0.064,0.5,0.02,2.389,0.166,0.585,0.0,0.135,1.318
3,False,0.217,0.426,0.02,6.151,0.012,0.603,0.063,0.274,2.867
3,False,-0.218,0.668,0.02,0.208,-0.013,0.471,0.0,0.285,3.086
3,False,-0.299,0.368,0.02,1.672,0.229,0.392,0.0,0.529,0.26
3,False,-0.295,0.545,0.02,0.873,-0.013,0.446,-0.0,0.299,2.863
3,False,-0.008,0.452,0.02,3.933,-0.021,0.513,0.0,0.066,0.37
3,False,0.266,0.498,0.02,1.049,-0.002,0.514,0.0,0.27,1.804
3,False,0.371,0.366,0.02,0.704,-0.0,0.5,-0.0,0.395,2.44
3,False,-0.218,0.36,0.02,0.01,0.091,0.441,-0.0,0.32,3.118
3,False,0.179,0.611,0.02,5.758,0.004,0.446,0.0,0.242,3.028
3,False,0.143,0.578,0.02,5.514,-0.0,0.5,-0.0,0.165,2.372
3,False,0.252,0.494,0.02,4.626,-0.019,0.508,0.0,0.272,0.905
3,False,0.188,0.469,0.02,1.329,-0.0,0.5,-0.0,0.191,1.813
3,False,-0.135,0.412,0.02,3.324,-0.0,0.5,-0.0,0.162,0.182
3,False,0.011,0.671,0.02,5.73,0.02,0.501,0.0,0.172,2.536
3,False,0.132,0.427,0.02,4.555,0.003,0.493,0.0,0.147,1.479
3,False,-0.224,0.422,0.02,5.919,0.0,0.5,0.0,0.238,2.778
3,False,-0.05,0.692,0.02,4.256,-0.009,0.506,-0.0,0.192,0.955
3,False,0.088,0.655,0.02,5.206,0.007,0.497,0.0,0.178,2.424
3,False,-0.11,0.325,0.02,5.01,-0.0,0.5,0.0,0.207,1.865
3,False,-0.218,0.311,0.02,3.021,0.122,0.64,0.0,0.473,0.32
3,False,-0.305,0.624,0.02,3.051,0.004,0.503,-0.0,0.333,0.135
3,False,0.022,0.495,0.02,0.731,0.011,0.539,-0.0,0.05,2.421
3,False,0.225,0.338,0.02,2.591,0.148,0.321,0.0,0.081,0.703
3,False,-0.304,0.45,0.02,1.732,-0.003,0.569,0.0,0.325,2.495
3,False,0.374,0.304,0.02,3.091,0.0,0.5,0.0,0.422,0.051
3,False,0.131,0.332,0.02,6.127,-0.0,0.5,0.0,0.214,2.983
3,False,0.069,0.435,0.02,2.732,0.033,0.311,-0.0,0.13,0.729
3,False,0.17,0.557,0.02,0.467,0.084,0.526,-0.0,0.094,2.671
3,False,-0.226,0.421,0.02,3.755,0.26,0.711,0.0,0.566,1.031
3,False,-0.321,0.34,0.02,2.091,-0.084,0.467,0.0,0.27,0.644
3,False,-0.029,0.649,0.02,2.186,-0.0,0.5,0.0,0.153,0.957
3,False,0.016,0.384,0.02,5.737,-0.0,0.5,0.0,0.119,2.593
3,False,-0.168,0.699,0.02,5.587,0.09,0.217,0.0,0.547,0.886
3,False,-0.199,0.493,0.02,4.384,0.012,0.463,-0.0,0.214,1.73
3,False,0.333,0.486,0.02,5.758,-0.026,0.422,-0.0,0.365,1.679
3,False,-0.147,0.433,0.02,5.4,-0.0,0.5,-0.0,0.163,2.256
3,False,-0.37,0.637,0.02,0.399,-0.006,0.493,0.0,0.392,2.832
3,False,0.332,0.493,0.02,5.636,0.002,0.501,0.0,0.331,2.526
3,False,-0.398,0.58,0.02,3.828,0.026,0.467,0.0,0.439,1.583
3,False,-0.039,0.339,0.02,5.365,-0.196,0.445,0.0,0.191,2.388
3,False,0.214,0.419,0.02,3.169,0.059,0.603,0.0,0.241,0.224
3,False,-0.214,0.511,0.02,0.181,0.078,0.522,-0.0,0.293,2.983
3,False,-0.395,0.51,0.02,0.421,-0.147,0.394,0.0,0.274,1.923
3,False,0.351,0.325,0.02,5.554,-0.0,0.5,-0.0,0.392,2.412
3,False,0.287,0.649,0.02,5.895,-0.0,0.5,-0.0,0.325,2.753
3,False,-0.139,0.596,0.02,4.924,-0.0,0.5,-0.0,0.17,1.781
3,False,-0.265,0.667,0.02,4.387,0.096,0.78,-0.0,0.379,1.033
3,False,-0.335,0.333,0.02,1.916,0.064,0.472,-0.0,0.422,0.773
3,False,0.347,0.366,0.02,1.717,-0.0,0.5,-0.0,0.373,1.426
3,False,-0.22,0.607,0.02,2.918,-0.0,0.5,0.0,0.245,0.226
3,False,-0.332,0.675,0.02,5.454,-0.0,0.5,-0.0,0.376,2.312
3,False,-0.212,0.571,0.02,5.631,0.389,0.313,0.0,0.654,3.137
3,False,-0.334,0.441,0.02,5.451,0.0,0.5,0.0,0.34,2.31
3,False,0.043,0.654,0.02,1.438,0.027,0.508,0.0,0.148,0.934
3,False,-0.031,0.685,0.02,0.127,0.122,0.499,0.0,0.241,3.118
3,False,0.062,0.416,0.02,0.061,-0.103,0.266,0.0,0.223,2.607
3,False,-0.049,0.463,0.02,1.521,0.0,0.5,0.0,0.065,1.62
3,False,-0.062,0.628,0.02,0.813,-0.002,0.52,0.0,0.125,2.605
3,False,0.11,0.589,0.02,6.273,-0.0,0.5,0.0,0.143,3.13
3,False,0.091,0.411,0.02,0.834,-0.0,0.5,-0.0,0.129,2.309
3,False,0.144,0.597,0.02,2.119,-0.003,0.499,0.0,0.178,0.992
3,False,0.281,0.642,0.02,5.368,0.038,0.524,0.0,0.27,2.709
3,False,0.257,0.394,0.02,5.38,0.297,0.486,0.0,0.102,0.077
3,False,-0.285,0.336,0.02,4.351,-0.227,0.707,0.0,0.376,1.665
3,False,0.221,0.61,0.02,2.184,0.049,0.56,0.0,0.18,0.129
3,False,-0.323,0.4,0.02,3.243,0.196,0.463,0.0,0.523,0.641
3,False,-0.319,0.514,0.02,1.233,0.0,0.5,0.0,0.32,1.909
3,False,-0.175,0.316,0.02,2.983,0.007,0.421,0.0,0.212,0.696
3,False,0.36,0.454,0.02,1.404,-0.102,0.485,0.0,0.464,0.368
3,False,0.184,0.309,0.02,3.935,-0.038,0.37,-0.0,0.231,0.216
3,False,0.052,0.379,0.02,3.913,-0.03,0.638,0.0,0.272,0.316
3,False,0.098,0.55,0.02,4.364,-0.0,0.5,0.0,0.112,1.22
3,False,0.399,0.419,0.02,5.139,0.162,0.227,0.0,0.306,1.789
3,False,0.249,0.647,0.02,4.709,0.01,0.503,0.0,0.28,1.693
3,False,0.234,0.444,0.02,5.665,0.006,0.44,0.0,0.229,2.773
3,False,-0.391,0.356,0.02,5.966,0.0,0.499,0.0,0.417,2.825
3,False,-0.341,0.672,0.02,5.373,-0.0,0.5,-0.0,0.383,2.231
3,False,-0.317,0.557,0.02,3.577,-0.138,0.342,0.0,0.281,2.226
3,False,-0.067,0.501,0.02,3.377,-0.0,0.5,0.0,0.07,0.233
3,False,-0.369,0.306,0.02,6.164,0.003,0.505,0.0,0.422,2.905
3,False,-0.139,0.568,0.02,0.293,0.008,0.504,0.0,0.162,2.834
3,False,0.08,0.593,0.02,5.471,0.084,0.554,0.0,0.044,2.227
3,False,-0.141,0.403,0.02,2.882,-0.15,0.457,0.0,0.058,0.068
3,False,-0.064,0.684,0.02,4.433,0.07,0.6,0.0,0.159,1.15
3,False,-0.053,0.621,0.02,0.618,0.004,0.502,0.0,0.134,2.515
3,False,0.11,0.653,0.02,4.189,0.025,0.514,0.0,0.164,0.733
3,False,-0.254,0.59,0.02,4.983,-0.002,0.499,0.0,0.269,1.8
3,False,-0.349,0.518,0.02,2.418,-0.081,0.66,0.0,0.304,0.456
3,False,0.282,0.663,0.02,1.275,0.0,0.5,0.0,0.326,1.866
3,False,0.315,0.334,0.02,1.603,-0.0,0.5,0.0,0.357,1.541
3,False,0.114,0.355,0.02,5.825,0.005,0.48,0.0,0.167,2.951
3,False,0.228,0.435,0.02,0.991,-0.099,0.71,0.0,0.428,1.631
3,False,-0.214,0.411,0.02,2.758,-0.052,0.52,0.0,0.197,0.051
3,False,0.156,0.497,0.02,4.739,0.158,0.626,0.0,0.131,2.492
3,False,0.028,0.523,0.02,0.679,0.11,0.416,-0.0,0.137,2.675
3,False,0.087,0.524,0.02,5.313,-0.284,0.809,0.0,0.468,0.206
3,False,-0.216,0.625,0.02,1.183,-0.089,0.409,0.0,0.252,2.466
3,False,0.265,0.618,0.02,4.558,-0.0,0.5,-0.0,0.291,1.416
3,False,0.092,0.522,0.02,4.401,-0.006,0.495,-0.0,0.103,1.394
3,False,-0.195,0.484,0.02,4.608,0.054,0.523,0.0,0.253,0.848
3,False,-0.159,0.454,0.02,5.908,0.274,0.672,0.0,0.485,2.844
3,False,0.031,0.604,0.02,0.639,-0.265,0.509,0.0,0.312,3.074
3,False,0.218,0.596,0.02,0.742,0.017,0.356,-0.0,0.314,1.917
3,False,-0.103,0.59,0.02,0.668,-0.201,0.505,0.0,0.131,2.668
3,False,0.106,0.588,0.02,2.789,0.014,0.504,0.0,0.127,0.204
3,False,-0.011,0.655,0.02,6.153,-0.0,0.5,0.0,0.156,3.009
3,False,0.334,0.442,0.02,2.581,0.13,0.514,0.0,0.218,0.437
3,False,-0.225,0.423,0.02,5.159,0.015,0.514,-0.0,0.257,1.99
3,False,0.308,0.65,0.02,1.911,0.131,0.487,-0.0,0.241,0.872
3,False,-0.341,0.501,0.02,6.264,-0.064,0.434,0.0,0.286,3.079
3,False,-0.322,0.526,0.02,2.91,0.26,0.607,0.0,0.589,0.558
3,False,0.166,0.606,0.02,4.9,-0.159,0.585,-0.0,0.325,1.065
3,False,0.358,0.389,0.02,0.598,-0.0,0.5,-0.0,0.375,2.545
3,False,-0.035,0.331,0.02,0.478,-0.001,0.508,0.0,0.181,2.535
3,False,0.086,0.657,0.02,1.443,-0.0,0.5,-0.0,0.181,1.7
3,False,-0.304,0.568,0.02,1.903,-0.0,0.5,0.0,0.312,1.241
3,False,-0.002,0.388,0.02,0.758,0.038,0.457,0.0,0.083,0.471
3,False,-0.14,0.471,0.02,2.317,-0.021,0.496,-0.0,0.123,0.831
3,False,-0.114,0.382,0.02,1.41,0.094,0.359,0.0,0.21,3.132
3,False,-0.042,0.401,0.02,2.449,-0.0,0.5,-0.0,0.109,0.693
3,False,-0.054,0.553,0.02,1.072,0.197,0.368,-0.0,0.313,0.609
3,False,0.386,0.3,0.02,5.779,-0.03,0.519,0.0,0.471,2.528
3,False,-0.365,0.377,0.02,0.416,0.088,0.588,0.0,0.5,2.92
3,False,0.063,0.625,0.02,3.833,0.09,0.598,0.0,0.043,1.148
3,False,-0.159,0.657,0.02,1.928,0.022,0.507,0.0,0.236,0.623
3,False,0.35,0.635,0.02,3.307,0.035,0.584,0.0,0.32,1.027
3,False,0.335,0.5,0.02,5.996,-0.0,0.5,0.0,0.336,2.853
3,False,0.032,0.525,0.02,2.128,0.014,0.707,0.0,0.183,0.911
3,False,0.111,0.46,0.02,5.274,0.123,0.533,0.0,0.077,2.953
3,False,0.344,0.425,0.02,4.775,0.203,0.515,0.0,0.168,3.137
3,False,-0.391,0.515,0.02,5.822,0.069,0.524,0.0,0.461,1.18
3,False,0.121,0.688,0.02,1.736,-0.094,0.358,-0.0,0.395,2.828
3,False,0.041,0.585,0.02,3.605,-0.0,0.5,-0.0,0.097,0.463
3,False,-0.097,0.58,0.02,1.693,-0.0,0.5,-0.0,0.127,1.449
3,False,-0.325,0.422,0.02,0.151,0.0,0.5,0.0,0.335,2.991
3,False,0.355,0.436,0.02,3.542,0.14,0.417,-0.0,0.217,0.181
3,False,-0.216,0.613,0.02,1.744,-0.0,0.5,-0.0,0.244,1.398
3,False,0.14,0.56,0.02,0.931,-0.07,0.534,0.0,0.213,3.007
3,False,0.369,0.625,0.02,0.347,0.082,0.411,0.0,0.359,2.809
3,False,0.079,0.574,0.02,3.414,-0.0,0.5,-0.0,0.111,0.272
3,False,-0.134,0.497,0.02,5.233,0.025,0.501,0.0,0.16,1.818
3,False,0.082,0.327,0.02,0.058,0.088,0.601,0.0,0.275,1.505
3,False,0.312,0.536,0.02,1.811,0.014,0.504,0.0,0.301,1.335
3,False,0.069,0.474,0.02,3.156,-0.01,0.506,0.0,0.087,0.209
3,False,-0.25,0.617,0.02,5.603,0.04,0.45,0.0,0.336,1.404
3,False,-0.066,0.394,0.02,1.415,-0.0,0.5,0.0,0.126,1.73
3,False,0.127,0.451,0.02,4.694,-0.0,0.5,-0.0,0.138,1.552
3,False,0.255,0.534,0.02,0.556,-0.217,0.479,0.195,0.505,2.253
3,False,-0.063,0.363,0.02,1.714,-0.048,0.467,0.0,0.107,0.776
3,False,-0.202,0.436,0.02,1.532,-0.0,0.5,-0.0,0.212,1.611
3,False,0.375,0.365,0.02,0.914,0.114,0.423,0.0,0.268,0.857
3,False,-0.073,0.41,0.02,0.779,-0.05,0.751,0.0,0.342,2.34
3,False,0.065,0.657,0.02,2.772,0.067,0.469,0.0,0.189,0.36
3,False,-0.235,0.533,0.02,2.591,-0.0,0.5,0.0,0.239,0.553
3,False,0.104,0.517,0.02,1.21,-0.023,0.441,0.0,0.149,2.5
3,False,0.324,0.322,0.02,5.476,-0.0,0.5,-0.0,0.37,2.333
3,False,-0.377,0.62,0.02,3.928,0.124,0.515,0.0,0.512,1.199
3,False,0.276,0.418,0.02,3.071,0.166,0.415,-0.0,0.112,0.181
3,False,0.251,0.542,0.02,1.927,0.009,0.51,0.0,0.245,1.121
3,False,0.16,0.692,0.02,2.254,0.069,0.618,0.0,0.119,0.431
3,False,-0.136,0.511,0.02,3.094,-0.0,0.5,0.0,0.138,0.051
3,False,0.231,0.563,0.02,0.637,-0.0,0.5,-0.0,0.24,2.505
3,False,-0.255,0.314,0.02,4.505,-0.117,0.489,0.0,0.224,2.528
3,False,-0.3,0.5,0.02,0.465,-0.113,0.33,0.0,0.254,2.257
3,False,-0.231,0.633,0.02,3.009,0.062,0.344,-0.0,0.412,1.772
3,False,-0.35,0.598,0.02,2.512,0.236,0.344,0.0,0.64,0.439
3,False,-0.212,0.537,0.02,3.262,-0.056,0.39,0.0,0.215,0.262
3,False,-0.192,0.624,0.02,2.079,-0.0,0.5,0.0,0.229,1.065
3,False,-0.104,0.418,0.02,0.332,0.036,0.562,0.0,0.202,2.821
3,False,-0.063,0.446,0.02,3.969,-0.03,0.555,0.0,0.116,0.953
3,False,-0.393,0.432,0.02,1.33,0.056,0.526,0.0,0.459,1.126
3,False,-0.238,0.36,0.02,0.372,-0.0,0.5,-0.0,0.277,2.77
3,False,0.214,0.567,0.02,2.148,-0.0,0.5,0.0,0.226,0.994
3,False,-0.038,0.301,0.02,4.255,-0.0,0.5,-0.0,0.203,1.111
3,False,-0.398,0.416,0.02,5.16,0.018,0.498,0.0,0.425,2.05
3,False,0.394,0.572,0.02,5.537,0.005,0.488,0.0,0.398,2.741
3,False,-0.349,0.356,0.02,5.447,0.0,0.5,0.0,0.378,2.305
3,False,0.246,0.397,0.02,1.887,0.048,0.376,0.0,0.2,2.482
3,False,-0.007,0.496,0.02,6.238,0.012,0.532,0.0,0.045,2.543
3,False,-0.119,0.432,0.02,3.568,-0.0,0.5,0.0,0.139,0.423
3,False,-0.041,0.445,0.02,0.29,0.034,0.516,0.0,0.105,2.763
3,False,-0.248,0.521,0.02,2.3,0.017,0.393,-0.0,0.295,2.23
3,False,-0.183,0.697,0.02,5.077,-0.017,0.488,0.0,0.267,1.974
3,False,-0.063,0.437,0.02,3.917,0.014,0.503,0.0,0.102,0.835
3,False,-0.4,0.558,0.02,5.865,0.111,0.622,0.0,0.515,2.727
3,False,-0.07,0.334,0.02,1.291,-0.0,0.5,0.0,0.182,1.853
3,False,-0.34,0.657,0.02,2.391,-0.311,0.383,0.0,0.276,0.744
3,False,-0.005,0.388,0.02,2.211,0.009,0.517,-0.0,0.131,0.63
3,False,-0.223,0.663,0.02,6.179,-0.0,0.5,-0.0,0.277,3.036
3,False,0.102,0.475,0.02,5.691,-0.03,0.448,0.0,0.136,3.004
3,False,-0.144,0.432,0.02,2.508,-0.135,0.584,-0.0,0.154,1.711
3,False,0.117,0.674,0.02,4.774,0.011,0.502,0.0,0.203,1.66
3,False,0.252,0.663,0.02,4.321,0.039,0.521,0.0,0.257,1.743
3,False,0.006,0.394,0.02,5.801,-0.063,0.427,0.0,0.078,3.068
3,False,0.315,0.544,0.02,3.009,0.127,0.544,-0.0,0.189,0.16
3,False,-0.312,0.445,0.02,2.489,-0.0,0.5,-0.0,0.317,0.654
3,False,0.275,0.491,0.02,6.11,0.051,0.514,0.0,0.226,2.678
3,False,-0.177,0.689,0.02,5.478,-0.029,0.488,-0.0,0.249,1.397
3,False,-0.281,0.628,0.02,4.133,0.0,0.5,0.0,0.31,0.991
3,False,-0.09,0.665,0.02,1.588,0.068,0.368,0.0,0.337,0.114
3,False,-0.33,0.669,0.02,4.462,-0.0,0.5,-0.0,0.371,1.32
3,False,-0.116,0.654,0.02,4.132,0.027,0.434,0.0,0.263,0.731
3,False,-0.161,0.401,0.02,1.337,-0.018,0.511,0.0,0.181,2.156
3,False,0.306,0.505,0.02,2.881,-0.025,0.372,0.0,0.357,1.094
3,False,-0.006,0.573,0.02,2.327,0.115,0.531,0.0,0.13,0.095
3,False,-0.286,0.669,0.02,5.566,0.017,0.527,-0.0,0.335,2.78
3,False,0.171,0.658,0.02,0.905,-0.0,0.5,-0.0,0.234,2.237
1,False,-0.259,0.477,0.02,5.193,0.083,0.596,0.063,0.364,2.3
3,False,0.039,0.38,0.02,2.921,-0.097,0.391,-0.0,0.138,0.324
3,False,0.02,0.698,0.02,3.916,0.023,0.515,0.0,0.184,1.164
3,False,-0.159,0.54,0.02,5.879,-0.0,0.5,-0.0,0.165,2.737
3,False,-0.137,0.684,0.02,4.514,-0.0,0.5,0.0,0.23,1.37
3,False,0.395,0.522,0.02,6.003,0.155,0.511,0.0,0.24,2.356
3,False,-0.338,0.606,0.02,1.958,0.004,0.48,0.0,0.365,1.443
3,False,-0.069,0.575,0.02,3.579,0.043,0.448,-0.0,0.17,0.937
3,False,0.137,0.31,0.02,0.359,-0.0,0.507,0.0,0.241,2.88
3,False,-0.057,0.352,0.02,5.065,0.109,0.217,0.0,0.215,0.146
3,False,-0.074,0.594,0.02,0.223,0.037,0.618,0.0,0.116,2.326
3,False,0.239,0.629,0.02,4.557,0.072,0.466,0.0,0.234,2.281
3,False,0.002,0.676,0.02,2.417,0.015,0.507,0.0,0.17,0.774
3,False,-0.284,0.403,0.02,5.235,-0.0,0.5,-0.0,0.3,2.092
3,False,0.201,0.517,0.02,0.42,0.071,0.509,0.0,0.132,2.747
3,False,0.186,0.32,0.02,2.126,0.015,0.502,-0.0,0.251,1.078
3,False,-0.019,0.338,0.02,1.782,0.04,0.656,0.0,0.324,1.808
3,False,0.022,0.406,0.02,2.034,0.017,0.428,0.0,0.03,0.211
3,False,0.258,0.669,0.02,0.11,0.017,0.567,0.0,0.262,2.919
3,False,-0.277,0.314,0.02,5.669,-0.022,0.438,0.0,0.284,2.306
3,False,-0.025,0.303,0.02,4.658,0.0,0.5,0.0,0.2,1.517
3,False,-0.309,0.441,0.02,2.01,-0.0,0.5,-0.0,0.315,1.133
3,False,0.068,0.467,0.02,5.216,0.004,0.504,0.0,0.076,2.106
3,False,0.004,0.673,0.02,6.255,-0.042,0.483,0.0,0.197,0.541
3,False,-0.33,0.678,0.02,6.134,-0.038,0.338,0.0,0.448,1.92
3,False,-0.14,0.3,0.02,6.07,0.045,0.476,0.0,0.256,3.013
3,False,0.317,0.583,0.02,4.367,-0.054,0.567,0.0,0.372,0.155
3,False,0.082,0.595,0.02,4.716,-0.0,0.5,0.0,0.127,1.572
3,False,-0.18,0.39,0.02,5.401,0.043,0.578,0.0,0.293,1.791
3,False,0.267,0.525,0.02,0.096,-0.136,0.525,0.0,0.404,1.976
3,False,-0.191,0.481,0.02,5.997,-0.061,0.563,0.0,0.155,1.637
3,False,-0.223,0.594,0.02,0.846,-0.007,0.525,0.0,0.227,2.906
3,False,-0.206,0.373,0.02,5.084,0.116,0.449,0.0,0.332,1.686
3,False,0.218,0.451,0.02,4.746,0.261,0.496,0.0,0.065,1.602
3,False,-0.373,0.544,0.02,2.745,-0.001,0.484,0.0,0.378,0.581
3,False,0.181,0.368,0.02,2.039,0.058,0.526,-0.0,0.201,0.396
3,False,0.304,0.683,0.02,3.453,-0.214,0.553,0.0,0.534,0.167
3,False,-0.034,0.458,0.02,0.661,-0.0,0.5,0.0,0.058,2.483
3,False,-0.244,0.444,0.02,2.309,0.063,0.364,-0.0,0.318,1.757
3,False,-0.182,0.64,0.02,1.313,-0.017,0.427,0.0,0.27,2.651
3,False,0.343,0.508,0.02,1.382,-0.228,0.478,0.0,0.572,0.436
3,False,-0.073,0.595,0.02,0.312,0.008,0.504,-0.0,0.123,2.816
3,False,0.024,0.677,0.02,5.58,0.005,0.51,0.0,0.169,2.536
3,False,-0.374,0.467,0.02,3.084,-0.0,0.5,0.0,0.375,0.061
3,False,-0.134,0.695,0.02,5.956,0.003,0.502,0.0,0.237,2.772
3,False,-0.258,0.365,0.02,0.628,0.0,0.66,0.0,0.393,2.514
3,False,-0.278,0.462,0.02,2.707,0.077,0.538,0.0,0.364,0.438
3,False,0.036,0.594,0.02,2.082,-0.0,0.5,0.0,0.102,1.062
3,False,0.332,0.386,0.02,0.619,0.05,0.534,0.0,0.32,1.797
3,False,0.076,0.622,0.02,5.118,-0.011,0.482,0.0,0.166,1.758
3,False,0.18,0.659,0.02,3.298,-0.0,0.5,-0.0,0.241,0.153
3,False,0.112,0.44,0.02,3.839,0.03,0.539,0.0,0.131,0.924
3,False,-0.221,0.556,0.02,2.397,0.0,0.5,0.0,0.229,0.745
3,False,0.133,0.472,0.02,0.842,-0.001,0.502,0.0,0.139,2.245
3,False,-0.092,0.303,0.02,3.115,0.183,0.633,0.0,0.43,1.391
3,False,0.055,0.601,0.02,5.455,-0.038,0.58,0.0,0.097,0.928
3,False,-0.126,0.587,0.02,3.554,-0.03,0.348,0.0,0.258,0.209
3,False,-0.246,0.527,0.02,0.13,0.011,0.497,-0.0,0.26,2.897
3,False,-0.374,0.458,0.02,4.432,-0.0,0.5,0.0,0.376,1.288
1,False,0.082,0.359,0.02,4.601,-0.005,0.415,0.06,0.111,1.571
3,False,0.117,0.304,0.02,1.579,0.116,0.446,0.0,0.143,0.483
3,False,-0.259,0.656,0.02,0.487,0.042,0.521,-0.0,0.331,1.997
3,False,0.048,0.58,0.02,4.553,-0.019,0.503,0.0,0.104,0.984
1,False,-0.068,0.397,0.02,3.888,-0.028,0.659,0.086,0.274,1.275
3,False,0.038,0.49,0.02,4.133,-0.0,0.5,-0.0,0.045,0.99
3,False,0.049,0.433,0.02,2.387,0.137,0.56,-0.0,0.156,0.673
3,False,0.252,0.32,0.02,5.359,-0.034,0.43,0.0,0.308,1.246
3,False,-0.295,0.516,0.02,4.084,0.06,0.476,0.0,0.358,2.123
3,False,0.171,0.603,0.02,1.784,0.119,0.54,-0.0,0.084,2.443
3,False,0.341,0.306,0.02,2.997,0.14,0.668,-0.0,0.414,0.191
3,False,0.01,0.68,0.02,1.386,0.026,0.472,0.0,0.209,1.823
3,False,-0.325,0.597,0.02,5.204,0.087,0.538,0.0,0.417,2.978
3,False,-0.396,0.66,0.02,5.628,-0.0,0.5,-0.0,0.428,2.485
3,False,-0.232,0.517,0.02,0.718,-0.03,0.561,0.0,0.207,3.107
3,False,0.35,0.358,0.02,4.617,0.013,0.536,0.0,0.382,0.725
3,False,0.365,0.305,0.02,2.045,0.014,0.501,-0.0,0.403,1.23
3,False,-0.091,0.572,0.02,1.285,-0.032,0.483,-0.0,0.108,2.654
3,False,0.257,0.49,0.02,3.608,-0.011,0.502,-0.0,0.27,0.357
3,False,0.227,0.623,0.02,2.733,-0.0,0.5,-0.0,0.259,0.41
3,False,0.209,0.425,0.02,6.024,0.122,0.512,0.0,0.125,2.588
3,False,0.37,0.437,0.02,0.058,0.01,0.564,0.0,0.382,2.774
3,False,0.216,0.4,0.02,5.194,0.016,0.503,0.0,0.226,2.158
3,False,-0.326,0.622,0.02,3.395,-0.0,0.5,0.0,0.349,0.251
2,False,0.381,0.593,0.02,3.851,-0.118,0.491,0.2,0.541,2.642
3,False,-0.114,0.602,0.02,3.157,-0.0,0.5,-0.0,0.155,0.015
3,False,-0.146,0.582,0.02,1.907,0.003,0.515,-0.0,0.165,1.192
3,False,0.012,0.615,0.02,5.165,-0.0,0.5,-0.0,0.117,2.022
3,False,0.275,0.489,0.02,2.076,0.005,0.482,0.0,0.271,0.976
3,False,0.256,0.666,0.02,3.887,0.051,0.25,0.0,0.464,2.901
3,False,-0.327,0.518,0.02,1.614,0.112,0.447,0.0,0.445,0.138
3,False,-0.064,0.538,0.02,1.734,0.0,0.499,0.0,0.078,1.404
3,False,0.232,0.511,0.02,2.284,0.109,0.553,0.0,0.132,0.879
3,False,-0.164,0.479,0.02,2.69,0.059,0.518,0.0,0.228,0.904
3,False,0.384,0.615,0.02,0.789,0.054,0.62,0.0,0.33,1.018
3,False,-0.336,0.581,0.02,3.848,-0.045,0.684,-0.0,0.31,2.227
3,False,-0.178,0.46,0.02,4.804,-0.03,0.515,0.0,0.16,1.188
3,False,0.302,0.631,0.02,3.711,0.024,0.492,-0.0,0.311,0.835
3,False,0.339,0.611,0.02,5.305,0.01,0.499,0.0,0.348,2.189
3,False,-0.18,0.569,0.02,5.271,0.028,0.511,0.0,0.217,2.919
3,False,0.312,0.589,0.02,5.282,0.0,0.5,0.0,0.325,2.14
3,False,0.219,0.624,0.02,2.67,0.21,0.617,0.0,0.023,0.934
3,False,0.036,0.654,0.02,0.357,0.049,0.49,0.0,0.166,3.026
3,False,-0.399,0.524,0.02,3.88,-0.233,0.379,0.0,0.221,0.681
3,False,-0.363,0.316,0.02,5.976,-0.279,0.502,-0.0,0.205,2.356
3,False,-0.277,0.66,0.02,3.701,-0.0,0.5,-0.0,0.321,0.557
3,False,-0.185,0.697,0.02,5.176,0.013,0.509,0.0,0.274,1.91
3,False,0.359,0.581,0.02,1.348,0.009,0.51,0.0,0.358,1.689
3,False,0.173,0.322,0.02,3.278,-0.0,0.5,-0.0,0.249,0.136
3,False,0.303,0.367,0.02,2.896,-0.0,0.5,0.0,0.332,0.249
3,False,-0.164,0.659,0.02,2.056,0.005,0.502,-0.0,0.231,0.944
3,False,-0.007,0.582,0.02,3.382,0.015,0.412,-0.0,0.173,1.013
3,False,-0.019,0.49,0.02,4.916,-0.0,0.5,-0.0,0.029,1.773
3,False,0.288,0.314,0.02,1.374,0.018,0.512,0.0,0.335,1.475
3,False,0.244,0.565,0.02,0.886,0.026,0.513,0.0,0.225,1.676
3,False,-0.337,0.549,0.02,1.016,0.073,0.621,0.0,0.418,1.132
3,False,0.264,0.324,0.02,4.304,-0.0,0.5,-0.0,0.318,1.161
3,False,-0.387,0.406,0.02,2.726,0.005,0.514,0.0,0.407,0.502
3,False,0.28,0.336,0.02,4.362,-0.006,0.49,0.0,0.325,1.1
3,False,-0.093,0.621,0.02,0.262,0.032,0.306,0.0,0.339,2.088
3,False,-0.012,0.393,0.02,0.272,0.077,0.531,0.0,0.166,1.991
3,False,-0.031,0.328,0.02,6.041,-0.0,0.5,0.0,0.177,2.896
3,False,0.35,0.312,0.02,0.171,0.141,0.466,0.0,0.26,1.099
3,False,0.296,0.626,0.02,2.667,-0.0,0.5,-0.0,0.322,0.475
3,False,-0.114,0.576,0.02,2.563,0.017,0.395,0.0,0.225,0.349
3,False,0.29,0.452,0.02,3.666,0.04,0.488,-0.0,0.254,0.889
3,False,0.166,0.32,0.02,5.03,-0.169,0.375,-0.0,0.341,2.028
3,False,0.358,0.691,0.02,0.786,0.147,0.527,0.0,0.268,1.228
3,False,0.017,0.36,0.02,1.898,-0.0,0.5,0.0,0.142,1.247
3,False,0.188,0.538,0.02,3.924,-0.0,0.5,-0.0,0.193,0.782
3,False,0.018,0.687,0.02,0.743,-0.067,0.584,0.0,0.135,2.527
3,False,0.174,0.491,0.02,2.625,0.041,0.416,0.0,0.154,1.812
3,False,-0.013,0.569,0.02,3.591,0.0,0.5,0.0,0.073,0.449
3,False,0.313,0.539,0.02,2.343,0.025,0.378,0.0,0.331,0.274
3,False,-0.019,0.377,0.02,1.821,0.128,0.423,-0.0,0.156,0.088
3,False,0.047,0.509,0.02,4.668,-0.0,0.5,0.0,0.052,1.524
3,False,0.364,0.417,0.02,0.594,0.004,0.511,-0.0,0.372,2.452
3,False,0.057,0.327,0.02,5.333,0.006,0.505,0.0,0.186,2.21
3,False,0.14,0.572,0.02,1.164,0.226,0.459,-0.0,0.144,0.343
3,False,0.128,0.405,0.02,2.747,-0.026,0.584,-0.0,0.237,0.744
3,False,0.121,0.417,0.02,5.213,-0.008,0.486,0.0,0.147,1.889
3,False,-0.318,0.348,0.02,0.698,0.264,0.626,0.0,0.646,2.661
3,False,0.252,0.518,0.02,1.51,0.145,0.698,0.0,0.209,1.854
3,False,-0.106,0.615,0.02,3.547,-0.0,0.5,-0.0,0.158,0.403
3,False,0.204,0.645,0.02,3.364,0.076,0.539,0.0,0.167,0.582
3,False,0.071,0.585,0.02,2.472,0.0,0.5,0.0,0.112,0.67
3,False,0.091,0.652,0.02,5.781,-0.165,0.492,0.0,0.303,2.244
3,False,-0.296,0.32,0.02,1.177,-0.0,0.5,0.0,0.347,1.967
3,False,-0.023,0.351,0.02,5.907,-0.066,0.643,0.0,0.295,1.485
3,False,-0.235,0.445,0.02,3.069,-0.0,0.5,0.0,0.242,0.075
3,False,-0.059,0.422,0.02,4.144,0.0,0.5,0.0,0.1,1.003
3,False,0.175,0.666,0.02,0.035,0.053,0.393,-0.0,0.3,1.723
3,False,-0.299,0.477,0.02,0.08,-0.137,0.597,0.0,0.203,2.069
3,False,0.329,0.456,0.02,5.93,-0.173,0.607,0.0,0.524,2.457
3,False,-0.12,0.528,0.02,1.006,-0.0,0.5,-0.0,0.125,2.137
3,False,0.058,0.317,0.02,5.055,0.187,0.68,0.0,0.386,2.168
3,False,0.338,0.451,0.02,1.854,0.159,0.482,-0.0,0.183,1.624
3,False,0.004,0.41,0.02,3.544,0.049,0.56,0.0,0.158,0.326
1,False,0.228,0.456,0.02,2.263,-0.217,0.506,0.309,0.534,2.486
3,False,0.386,0.589,0.02,6.191,0.063,0.551,0.0,0.326,3.002
3,False,-0.375,0.545,0.02,1.983,0.011,0.503,0.0,0.389,1.02
3,False,-0.117,0.545,0.02,2.058,0.075,0.47,0.0,0.207,2.295
3,False,0.009,0.637,0.02,6.152,-0.003,0.503,0.0,0.136,3.127
3,False,-0.307,0.689,0.02,4.737,-0.02,0.427,0.0,0.388,0.828
3,False,-0.154,0.377,0.02,3.986,0.01,0.486,-0.0,0.197,1.179
3,False,-0.393,0.555,0.02,4.989,0.36,0.287,0.0,0.799,1.271
3,False,0.064,0.472,0.02,3.978,0.117,0.637,0.0,0.174,2.837
3,False,-0.316,0.689,0.02,1.538,-0.0,0.5,-0.0,0.369,1.604
3,False,-0.19,0.435,0.02,4.629,-0.0,0.5,0.0,0.202,1.485
3,False,0.283,0.348,0.02,2.826,-0.103,0.397,0.0,0.39,0.394
3,False,0.277,0.685,0.02,5.928,0.056,0.571,-0.0,0.249,2.545
3,False,-0.345,0.675,0.02,5.662,-0.055,0.461,0.0,0.361,1.406
3,False,0.251,0.307,0.02,4.211,-0.0,0.5,-0.0,0.317,1.068
3,False,-0.02,0.403,0.02,4.137,0.028,0.522,0.0,0.129,1.069
3,False,0.127,0.476,0.02,2.967,0.003,0.517,0.0,0.132,0.149
3,False,-0.135,0.605,0.02,3.383,0.057,0.453,0.0,0.246,0.248
3,False,0.05,0.379,0.02,2.678,0.065,0.657,0.0,0.279,1.0
3,False,-0.206,0.618,0.02,3.824,0.157,0.314,0.0,0.474,2.006
3,False,0.271,0.606,0.02,3.914,0.031,0.538,0.0,0.25,0.177
3,False,0.321,0.408,0.02,0.446,0.009,0.553,0.0,0.344,2.064
3,False,0.063,0.545,0.02,4.703,0.047,0.602,0.0,0.062,1.787
3,False,0.142,0.416,0.02,2.21,-0.052,0.305,0.0,0.224,0.195
3,False,0.389,0.408,0.02,4.091,-0.0,0.5,-0.0,0.4,0.947
3,False,-0.276,0.585,0.02,5.59,-0.0,0.5,-0.0,0.29,2.447
3,False,-0.224,0.636,0.02,1.075,-0.0,0.5,-0.0,0.262,2.067
3,False,-0.399,0.527,0.02,4.107,-0.0,0.5,-0.0,0.401,0.965
3,False,-0.156,0.43,0.02,0.293,-0.062,0.36,0.0,0.119,2.426
3,False,0.216,0.639,0.02,3.185,0.093,0.442,0.0,0.233,1.848
3,False,-0.238,0.4,0.02,2.16,0.109,0.475,0.0,0.356,2.567
3,False,-0.231,0.466,0.02,1.028,0.005,0.485,0.0,0.238,1.922
3,False,0.112,0.69,0.02,5.901,0.001,0.5,0.0,0.221,2.726
3,False,-0.001,0.333,0.02,0.339,-0.0,0.5,-0.0,0.168,2.803
3,False,0.362,0.35,0.02,5.619,-0.0,0.5,-0.0,0.392,2.477
3,False,0.149,0.421,0.02,3.958,0.18,0.374,0.0,0.061,2.171
3,False,0.33,0.492,0.02,3.255,-0.0,0.5,0.0,0.331,0.111
3,False,-0.341,0.486,0.02,4.05,-0.011,0.523,-0.0,0.332,1.271
3,False,-0.398,0.629,0.02,1.544,0.313,0.699,0.0,0.715,0.004
3,False,0.2,0.416,0.02,2.713,-0.013,0.226,0.0,0.286,0.388
3,False,0.091,0.346,0.02,4.855,0.0,0.5,0.0,0.181,1.714
3,False,-0.103,0.543,0.02,1.417,-0.0,0.5,-0.0,0.113,1.725
3,False,0.104,0.35,0.02,0.883,-0.007,0.5,0.0,0.188,2.245
3,False,-0.051,0.514,0.02,2.757,-0.0,0.5,0.0,0.057,0.387
3,False,-0.116,0.401,0.02,5.146,-0.0,0.5,-0.0,0.154,2.003
3,False,-0.129,0.394,0.02,5.333,-0.108,0.307,-0.0,0.092,3.025
3,False,-0.382,0.391,0.02,1.872,-0.109,0.467,0.0,0.284,0.103
3,False,0.154,0.629,0.02,5.99,-0.0,0.5,-0.0,0.202,2.848
3,False,-0.062,0.387,0.02,1.043,-0.01,0.472,0.0,0.102,2.974
3,False,-0.183,0.651,0.02,5.236,0.087,0.366,-0.0,0.392,1.641
3,False,-0.125,0.3,0.02,4.252,-0.012,0.401,0.0,0.153,2.177
3,False,-0.054,0.573,0.02,3.11,-0.119,0.401,0.0,0.185,1.407
3,False,0.141,0.547,0.02,5.293,0.238,0.501,0.0,0.109,1.717
3,False,0.264,0.652,0.02,1.949,0.158,0.369,0.0,0.303,0.116
3,False,-0.249,0.404,0.02,3.274,-0.0,0.5,-0.0,0.268,0.131
3,False,0.191,0.468,0.02,4.719,0.055,0.625,0.0,0.209,1.202
3,False,0.031,0.612,0.02,5.128,0.011,0.515,0.0,0.101,1.982
3,False,0.187,0.329,0.02,1.456,-0.306,0.287,0.0,0.495,0.74
3,False,0.169,0.621,0.02,1.334,0.021,0.516,0.0,0.182,2.223
3,False,0.099,0.518,0.02,5.674,0.004,0.484,-0.0,0.103,2.741
3,False,-0.221,0.541,0.02,3.057,0.141,0.412,0.0,0.385,1.551
3,False,-0.18,0.464,0.02,1.764,-0.059,0.631,0.0,0.208,0.554
3,False,-0.129,0.472,0.02,4.302,0.009,0.531,0.0,0.152,1.22
3,False,0.239,0.603,0.02,1.806,-0.127,0.62,-0.0,0.367,2.7
3,False,-0.353,0.655,0.02,4.891,0.001,0.519,0.0,0.38,1.794
3,False,-0.048,0.39,0.02,3.15,0.059,0.695,0.0,0.324,0.019
3,False,0.203,0.636,0.02,2.215,-0.0,0.5,-0.0,0.245,0.927
3,False,-0.291,0.627,0.02,4.8,-0.007,0.514,0.0,0.307,1.494
3,False,-0.1,0.501,0.02,3.295,0.084,0.565,0.0,0.196,0.713
3,False,0.352,0.597,0.02,4.278,-0.0,0.5,-0.0,0.366,1.136
3,False,-0.217,0.572,0.02,4.414,0.019,0.445,0.0,0.269,0.914
3,False,0.375,0.493,0.02,0.277,-0.001,0.512,-0.0,0.377,2.814
3,False,-0.396,0.565,0.02,5.63,0.0,0.5,0.0,0.402,2.489
3,False,-0.352,0.508,0.02,3.514,0.004,0.359,0.0,0.387,0.67
3,False,0.388,0.436,0.02,2.931,-0.0,0.5,0.0,0.394,0.213
3,False,0.329,0.449,0.02,1.143,0.015,0.497,0.0,0.318,2.153
3,False,-0.056,0.478,0.02,4.265,-0.022,0.5,0.0,0.045,0.476
3,False,-0.255,0.566,0.02,2.663,-0.035,0.522,0.0,0.226,1.085
3,False,-0.095,0.424,0.02,4.344,-0.0,0.5,-0.0,0.123,1.201
3,False,0.376,0.601,0.02,5.237,-0.0,0.5,-0.0,0.39,2.095
3,False,-0.215,0.512,0.02,1.995,0.0,0.5,0.0,0.216,1.146
3,False,0.226,0.449,0.02,1.111,0.018,0.406,0.0,0.213,2.14
3,False,-0.255,0.592,0.02,0.714,-0.059,0.256,0.0,0.39,1.739
3,False,-0.083,0.369,0.02,5.043,0.109,0.366,-0.0,0.194,2.332
3,False,0.008,0.574,0.02,3.201,0.038,0.493,0.0,0.089,0.412
3,False,0.315,0.344,0.02,0.157,-0.0,0.5,0.0,0.353,2.987
3,False,-0.119,0.35,0.02,3.776,-0.162,0.264,0.0,0.098,0.965
3,False,0.399,0.435,0.02,3.837,0.208,0.342,0.0,0.213,1.904
3,False,0.085,0.46,0.02,1.601,-0.063,0.508,-0.0,0.157,1.251
3,False,-0.087,0.5,0.02,4.542,0.021,0.427,0.0,0.132,0.048
3,False,0.156,0.551,0.02,5.573,0.123,0.395,0.0,0.161,1.76
3,False,-0.385,0.676,0.02,3.916,-0.088,0.573,-0.0,0.315,0.57
3,False,0.23,0.494,0.02,3.607,-0.003,0.438,-0.0,0.241,1.661
3,False,-0.279,0.624,0.02,4.337,0.036,0.57,0.0,0.32,1.768
3,False,-0.262,0.564,0.02,4.504,0.024,0.531,0.0,0.288,1.26
3,False,0.341,0.556,0.02,1.269,-0.031,0.385,0.0,0.41,1.301
3,False,0.165,0.574,0.02,6.2,-0.225,0.632,0.0,0.395,2.698
3,False,0.304,0.615,0.02,5.249,-0.052,0.63,0.0,0.357,1.152
3,False,0.267,0.407,0.02,3.027,0.047,0.362,0.0,0.225,1.014
3,False,0.117,0.606,0.02,1.862,0.003,0.503,0.0,0.155,1.21
3,False,0.289,0.45,0.02,6.216,-0.0,0.5,0.0,0.294,3.071
3,False,0.343,0.468,0.02,1.488,0.024,0.519,0.0,0.324,1.674
3,False,0.378,0.604,0.02,2.144,0.003,0.485,-0.0,0.394,0.788
3,False,0.196,0.457,0.02,1.033,0.079,0.463,-0.0,0.118,2.425
3,False,0.186,0.578,0.02,4.938,0.0,0.5,0.0,0.203,1.797
3,False,0.298,0.379,0.02,5.315,0.111,0.568,-0.0,0.266,2.774
3,False,0.279,0.674,0.02,1.567,-0.0,0.5,0.0,0.33,1.577
3,False,-0.349,0.669,0.02,3.061,-0.162,0.638,-0.0,0.191,1.375
3,False,-0.243,0.36,0.02,1.791,0.016,0.518,0.0,0.305,1.344
3,False,0.29,0.439,0.02,1.96,0.041,0.524,0.0,0.264,0.733
3,False,0.217,0.447,0.02,2.652,0.125,0.557,0.0,0.144,0.198
3,False,0.274,0.478,0.02,0.874,0.001,0.498,0.0,0.275,2.217
3,False,-0.287,0.537,0.02,3.921,-0.041,0.528,0.0,0.247,0.025
3,False,0.149,0.648,0.02,6.106,0.023,0.511,0.0,0.187,3.035
3,False,0.265,0.347,0.02,3.765,0.039,0.487,0.0,0.266,1.827
3,False,-0.053,0.473,0.02,0.708,-0.11,0.438,0.0,0.07,2.921
3,False,0.26,0.482,0.02,5.77,0.017,0.498,0.0,0.244,2.397
3,False,0.184,0.462,0.02,1.619,0.003,0.502,-0.0,0.186,1.657
3,False,0.175,0.345,0.02,0.569,0.001,0.501,-0.0,0.235,2.533
3,False,0.112,0.673,0.02,1.998,-0.078,0.665,-0.0,0.192,1.136
3,False,-0.302,0.501,0.02,2.467,0.006,0.504,-0.0,0.309,0.448
3,False,-0.328,0.491,0.02,2.374,-0.0,0.5,-0.0,0.328,0.769
3,False,-0.153,0.375,0.02,3.866,-0.0,0.5,-0.0,0.198,0.724
3,False,0.37,0.622,0.02,2.5,-0.0,0.5,-0.0,0.39,0.642
3,False,-0.362,0.591,0.02,2.12,0.041,0.495,0.0,0.415,1.085
2,False,-0.233,0.607,0.02,1.829,0.063,0.53,0.063,0.309,1.571
3,False,0.098,0.313,0.02,5.965,0.016,0.509,-0.0,0.213,2.837
3,False,0.142,0.468,0.02,4.403,0.129,0.453,0.0,0.029,0.449
3,False,0.008,0.382,0.02,4.961,0.06,0.586,0.0,0.212,1.793
3,False,-0.299,0.685,0.02,5.835,-0.0,0.5,0.0,0.352,2.691
3,False,-0.274,0.57,0.02,6.219,-0.24,0.548,-0.0,0.045,1.414
3,False,-0.195,0.665,0.02,4.775,0.086,0.499,0.0,0.327,0.866
3,False,0.271,0.435,0.02,1.056,0.046,0.502,0.0,0.236,1.595
3,False,-0.099,0.329,0.02,5.157,0.128,0.384,-0.0,0.235,2.646
3,False,-0.093,0.674,0.02,3.14,-0.075,0.604,0.0,0.075,0.856
3,False,0.03,0.65,0.02,4.548,0.116,0.652,-0.0,0.088,0.908
3,False,-0.35,0.317,0.02,3.4,0.0,0.5,0.0,0.395,0.259
3,False,0.311,0.695,0.02,3.006,-0.181,0.5,-0.0,0.53,0.562
3,False,0.331,0.365,0.02,5.942,-0.0,0.5,0.0,0.358,2.798
3,False,0.256,0.617,0.02,2.029,0.139,0.687,0.0,0.138,1.775
3,False,-0.123,0.332,0.02,4.353,-0.0,0.5,-0.0,0.209,1.21
3,False,0.164,0.343,0.02,5.786,-0.0,0.5,0.0,0.228,2.642
3,False,0.361,0.326,0.02,3.663,-0.001,0.5,0.0,0.402,0.507
3,False,0.018,0.427,0.02,0.092,0.007,0.5,-0.0,0.077,3.077
3,False,0.185,0.44,0.02,0.665,-0.01,0.514,-0.0,0.21,2.508
3,False,-0.293,0.633,0.02,2.815,-0.0,0.5,-0.0,0.322,0.328
3,False,0.26,0.52,0.02,4.242,-0.0,0.5,-0.0,0.261,1.099
3,False,-0.295,0.308,0.02,4.799,-0.116,0.431,0.2,0.282,2.846
3,False,0.057,0.457,0.02,4.716,-0.023,0.486,0.0,0.088,1.506
3,False,0.021,0.646,0.02,1.398,-0.062,0.367,0.0,0.291,1.178
3,False,0.387,0.488,0.02,1.125,0.143,0.56,-0.0,0.255,2.407
3,False,0.033,0.692,0.02,2.385,-0.0,0.5,-0.0,0.196,0.758
3,False,-0.287,0.417,0.02,3.413,0.1,0.474,0.0,0.392,1.576
3,False,-0.272,0.315,0.02,3.17,-0.0,0.5,0.0,0.329,0.027
3,False,0.123,0.408,0.02,5.43,-0.391,0.645,-0.0,0.566,0.061
3,False,0.249,0.324,0.02,5.8,0.073,0.415,0.0,0.199,2.008
3,False,0.299,0.424,0.02,3.075,0.0,0.5,0.0,0.309,0.067
3,False,-0.15,0.458,0.02,4.946,0.115,0.352,-0.0,0.286,0.999
3,False,-0.106,0.417,0.02,0.446,0.022,0.505,-0.0,0.157,2.739
3,False,0.314,0.589,0.02,5.497,-0.0,0.5,0.0,0.327,2.353
3,False,-0.209,0.667,0.02,5.25,0.007,0.53,0.0,0.256,1.866
3,False,-0.175,0.386,0.02,1.062,-0.003,0.437,0.0,0.181,1.319
3,False,0.171,0.382,0.02,4.338,0.002,0.505,-0.0,0.21,1.196
3,False,-0.32,0.356,0.02,4.586,0.044,0.514,0.0,0.397,1.057
3,False,-0.121,0.43,0.02,0.626,0.077,0.701,0.0,0.337,2.322
3,False,-0.133,0.476,0.02,3.794,-0.002,0.406,0.0,0.15,1.513
3,False,-0.041,0.466,0.02,5.614,-0.0,0.5,-0.0,0.057,2.472
3,False,0.102,0.439,0.02,3.026,-0.05,0.743,0.0,0.34,1.104
3,False,0.271,0.567,0.02,1.703,0.001,0.537,0.0,0.273,0.961
3,False,-0.331,0.343,0.02,5.502,-0.0,0.5,-0.0,0.367,2.36
3,False,0.393,0.382,0.02,0.495,-0.0,0.5,0.0,0.411,2.65
3,False,-0.182,0.454,0.02,3.766,-0.0,0.5,-0.0,0.189,0.624
3,False,-0.283,0.61,0.02,5.194,0.001,0.498,-0.0,0.306,2.098
3,False,-0.146,0.484,0.02,5.456,-0.0,0.5,0.0,0.149,2.311
3,False,0.246,0.505,0.02,5.113,-0.076,0.431,0.0,0.331,0.393
3,False,-0.082,0.575,0.02,1.437,0.025,0.519,0.0,0.123,1.61
3,False,0.022,0.334,0.02,3.695,0.105,0.529,0.0,0.212,1.383
3,False,0.114,0.514,0.02,0.154,-0.045,0.474,-0.0,0.165,1.928
3,False,-0.357,0.367,0.02,0.66,0.0,0.5,0.0,0.381,2.481
3,False,0.308,0.346,0.02,4.644,0.0,0.5,0.0,0.345,1.502
3,False,-0.098,0.569,0.02,2.923,0.068,0.462,0.0,0.199,1.832
3,False,-0.3,0.407,0.02,1.796,-0.008,0.49,0.0,0.304,1.102
3,False,0.137,0.311,0.02,1.126,-0.0,0.5,-0.0,0.234,2.017
3,False,0.16,0.52,0.02,1.93,0.146,0.572,0.0,0.058,1.153
3,False,-0.159,0.318,0.02,5.864,0.071,0.525,0.0,0.31,2.9
3,False,0.13,0.348,0.02,2.416,0.016,0.353,0.0,0.116,0.382
3,False,0.026,0.362,0.02,1.169,0.104,0.517,-0.0,0.174,0.839
3,False,0.201,0.321,0.02,6.054,0.083,0.66,0.0,0.359,3.098
3,False,-0.093,0.46,0.02,0.544,-0.048,0.2,-0.0,0.265,2.681
3,False,0.152,0.365,0.02,3.929,-0.032,0.407,0.0,0.189,0.563
3,False,0.385,0.432,0.02,1.272,-0.0,0.5,-0.0,0.392,1.87
3,False,0.075,0.51,0.02,3.073,-0.0,0.5,0.0,0.078,0.071
3,False,0.174,0.49,0.02,0.618,0.0,0.5,0.0,0.176,2.524
3,False,0.389,0.352,0.02,1.458,0.002,0.519,-0.0,0.422,1.336
3,False,-0.194,0.488,0.02,6.2,0.003,0.511,-0.0,0.199,2.976
3,False,-0.03,0.566,0.02,4.686,-0.011,0.585,0.0,0.033,2.434
3,False,-0.378,0.5,0.02,0.532,0.133,0.364,0.0,0.529,0.829
3,False,0.276,0.343,0.02,2.014,-0.0,0.5,0.0,0.318,1.13
3,False,0.147,0.39,0.02,5.359,-0.01,0.411,-0.0,0.16,2.353
3,False,-0.328,0.663,0.02,5.671,0.0,0.5,0.0,0.367,2.53
3,False,-0.049,0.684,0.02,0.959,-0.002,0.513,-0.0,0.179,2.454
3,False,0.309,0.56,0.02,3.49,-0.0,0.5,-0.0,0.316,0.348
3,False,0.11,0.362,0.02,5.653,-0.0,0.5,0.0,0.178,2.509
3,False,-0.237,0.612,0.02,0.293,-0.038,0.473,0.0,0.244,2.243
3,False,0.145,0.516,0.02,1.255,0.01,0.517,-0.0,0.137,1.59
3,False,-0.029,0.384,0.02,1.919,-0.022,0.51,0.0,0.127,1.711
3,False,-0.177,0.381,0.02,3.175,0.053,0.505,0.0,0.262,0.591
3,False,-0.344,0.426,0.02,3.627,0.013,0.501,-0.0,0.366,0.418
3,False,0.173,0.381,0.02,5.981,0.175,0.383,0.0,0.02,2.808
3,False,0.285,0.399,0.02,2.934,-0.0,0.5,-0.0,0.303,0.21
3,False,-0.042,0.456,0.02,2.017,0.164,0.402,0.0,0.213,0.487
3,False,0.137,0.537,0.02,4.256,0.004,0.476,0.0,0.147,1.383
3,False,0.108,0.648,0.02,3.553,0.014,0.504,0.0,0.173,0.409
3,False,0.076,0.588,0.02,0.581,0.049,0.562,0.0,0.043,1.171
3,False,0.041,0.667,0.02,3.221,0.167,0.784,0.0,0.174,0.99
3,False,-0.265,0.485,0.02,4.848,0.024,0.562,0.0,0.301,1.719
3,False,0.03,0.658,0.02,6.235,0.008,0.45,-0.0,0.21,2.536
3,False,-0.066,0.382,0.02,0.971,0.013,0.605,0.0,0.237,1.31
3,False,-0.086,0.579,0.02,4.262,0.056,0.559,0.0,0.145,1.148
3,False,0.301,0.485,0.02,6.048,-0.004,0.498,0.0,0.306,2.921
3,False,0.346,0.663,0.02,5.523,0.088,0.364,-0.0,0.396,0.612
3,False,-0.288,0.439,0.02,0.933,-0.04,0.441,-0.0,0.249,2.21
3,False,0.275,0.427,0.02,2.323,-0.002,0.527,-0.0,0.295,0.013
3,False,-0.327,0.325,0.02,3.638,0.12,0.421,0.0,0.458,0.098
3,False,-0.193,0.379,0.02,1.497,0.103,0.405,0.0,0.298,0.179
3,False,-0.157,0.367,0.02,3.368,0.002,0.636,0.0,0.313,0.563
3,False,0.333,0.568,0.02,0.044,-0.0,0.5,-0.0,0.341,3.098
3,False,0.055,0.333,0.02,3.647,-0.011,0.4,0.0,0.096,1.576
3,False,-0.238,0.35,0.02,0.593,-0.0,0.5,0.0,0.282,2.551
3,False,-0.32,0.646,0.02,2.906,0.053,0.375,0.0,0.461,0.926
3,False,0.012,0.65,0.02,0.15,0.008,0.505,0.0,0.146,2.673
3,False,-0.16,0.349,0.02,2.309,0.059,0.465,0.0,0.249,0.021
3,False,0.038,0.429,0.02,3.176,0.066,0.545,0.0,0.121,0.359
3,False,0.203,0.34,0.02,4.719,-0.0,0.5,-0.0,0.259,1.577
3,False,0.273,0.41,0.02,2.707,-0.005,0.493,0.0,0.291,0.527
3,False,0.176,0.611,0.02,4.102,-0.019,0.51,0.0,0.221,0.471
3,False,-0.069,0.361,0.02,3.17,0.059,0.528,0.0,0.211,0.529
3,False,-0.249,0.541,0.02,0.696,-0.022,0.604,0.0,0.236,2.602
3,False,-0.201,0.331,0.02,1.791,0.242,0.335,0.0,0.443,0.011
3,False,-0.173,0.316,0.02,4.542,-0.015,0.465,0.0,0.218,1.054
3,False,-0.133,0.697,0.02,5.94,-0.02,0.523,0.0,0.208,2.714
3,False,0.114,0.61,0.02,3.817,-0.191,0.657,0.0,0.309,0.37
3,False,-0.283,0.358,0.02,2.633,0.0,0.5,0.0,0.317,0.508
3,False,-0.012,0.427,0.02,0.361,-0.019,0.511,0.0,0.087,0.837
3,False,0.369,0.472,0.02,1.65,0.189,0.672,0.0,0.269,1.639
3,False,0.397,0.43,0.02,0.661,0.232,0.441,0.0,0.166,2.291
3,False,0.212,0.595,0.02,5.083,0.143,0.532,-0.0,0.096,0.77
3,False,-0.012,0.393,0.02,2.193,-0.0,0.5,-0.0,0.109,0.949
3,False,-0.297,0.576,0.02,0.45,0.086,0.441,-0.0,0.407,0.982
3,False,-0.17,0.379,0.02,2.391,-0.029,0.378,-0.0,0.143,0.956
3,False,-0.086,0.536,0.02,1.123,-0.079,0.661,0.0,0.127,1.981
3,False,0.128,0.46,0.02,6.134,-0.0,0.5,-0.0,0.135,2.992
3,False,-0.194,0.645,0.02,2.902,0.073,0.621,0.0,0.27,0.442
3,False,-0.225,0.466,0.02,1.879,-0.047,0.512,0.0,0.184,2.379
3,False,-0.314,0.485,0.02,2.117,-0.0,0.5,-0.0,0.315,1.026
3,False,-0.055,0.675,0.02,2.745,-0.0,0.5,0.0,0.185,0.4
3,False,-0.253,0.664,0.02,6.122,0.077,0.515,0.0,0.362,2.421
3,False,-0.265,0.609,0.02,0.502,-0.0,0.5,0.0,0.287,2.643
3,False,-0.048,0.523,0.02,1.979,0.009,0.509,0.0,0.063,1.053
3,False,0.393,0.358,0.02,0.77,0.097,0.498,0.0,0.328,1.379
3,False,0.273,0.621,0.02,3.898,0.036,0.517,0.0,0.26,1.099
3,False,0.352,0.368,0.02,0.279,-0.0,0.5,0.0,0.376,2.865
3,False,0.221,0.691,0.02,3.123,-0.0,0.5,-0.0,0.293,0.019
3,False,0.046,0.534,0.02,5.338,0.0,0.5,0.0,0.061,2.197
3,False,-0.347,0.551,0.02,4.934,-0.004,0.49,0.0,0.349,1.698
3,False,-0.35,0.471,0.02,2.552,-0.0,0.5,-0.0,0.352,0.59
3,False,-0.287,0.325,0.02,1.849,-0.0,0.5,0.0,0.336,1.296
3,False,-0.372,0.607,0.02,0.357,-0.0,0.5,-0.0,0.387,2.785
3,False,0.38,0.636,0.02,2.234,0.018,0.504,0.0,0.386,0.837
3,False,-0.242,0.52,0.02,0.851,0.142,0.405,0.0,0.401,0.425
3,False,-0.276,0.621,0.02,0.915,0.006,0.503,0.0,0.306,2.325
3,False,-0.211,0.599,0.02,3.929,-0.0,0.5,-0.0,0.234,0.787
1,False,-0.354,0.316,0.02,3.958,0.045,0.55,0.063,0.464,1.94
3,False,0.397,0.545,0.02,5.755,0.01,0.506,0.0,0.39,2.502
3,False,-0.014,0.489,0.02,6.186,0.17,0.429,0.0,0.195,3.025
3,False,0.034,0.661,0.02,1.782,-0.023,0.43,0.0,0.239,1.95
3,False,-0.052,0.59,0.02,4.972,-0.001,0.438,0.0,0.162,2.328
3,False,0.105,0.483,0.02,2.538,-0.09,0.694,0.0,0.288,2.105
3,False,-0.358,0.464,0.02,1.713,-0.063,0.299,0.0,0.339,1.736
3,False,0.106,0.361,0.02,1.501,0.047,0.522,-0.0,0.173,2.04
3,False,0.4,0.651,0.02,6.029,0.095,0.407,0.0,0.391,2.147
3,False,0.281,0.521,0.02,1.959,-0.173,0.365,0.0,0.48,0.079
3,False,-0.127,0.583,0.02,0.122,-0.0,0.5,-0.0,0.153,3.021
3,False,0.201,0.412,0.02,4.2,0.0,0.498,-0.0,0.219,1.102
3,False,0.164,0.548,0.02,1.913,-0.0,0.5,-0.0,0.172,1.229
3,False,-0.356,0.68,0.02,0.495,0.028,0.437,-0.0,0.455,3.028
3,False,-0.051,0.351,0.02,2.282,-0.031,0.587,-0.0,0.237,1.688
3,False,0.187,0.401,0.02,0.375,0.065,0.526,-0.0,0.176,2.262
3,False,0.196,0.655,0.02,2.573,-0.042,0.389,0.0,0.357,0.548
3,False,0.159,0.445,0.02,5.474,0.085,0.368,0.0,0.109,1.808
3,False,-0.043,0.605,0.02,0.657,0.005,0.512,0.0,0.107,2.318
3,False,0.285,0.68,0.02,3.114,0.139,0.392,0.0,0.324,1.158
3,False,-0.349,0.546,0.02,5.07,0.282,0.48,0.0,0.634,1.914
3,False,0.183,0.672,0.02,1.212,-0.0,0.5,0.0,0.252,1.933
3,False,-0.295,0.496,0.02,1.052,0.033,0.405,0.0,0.341,2.909
3,False,0.159,0.615,0.02,1.099,-0.003,0.383,0.0,0.283,0.891
3,False,-0.22,0.674,0.02,4.129,0.074,0.527,0.0,0.329,0.637
3,False,0.134,0.662,0.02,0.283,-0.007,0.514,0.0,0.205,2.881
3,False,0.297,0.33,0.02,4.216,-0.073,0.396,0.0,0.376,1.367
3,False,-0.092,0.508,0.02,1.988,-0.048,0.513,-0.0,0.049,2.218
3,False,-0.091,0.386,0.02,6.271,-0.067,0.532,0.0,0.15,2.407
3,False,0.11,0.314,0.02,0.182,-0.014,0.477,0.0,0.206,2.6
3,False,0.33,0.577,0.02,4.097,0.344,0.484,0.0,0.095,1.588
3,False,0.099,0.404,0.02,0.871,-0.0,0.5,-0.0,0.139,2.271
3,False,0.046,0.64,0.02,5.943,0.018,0.5,-0.0,0.145,3.049
3,False,0.085,0.443,0.02,1.709,0.0,0.5,0.0,0.104,1.433
3,False,-0.367,0.314,0.02,5.67,0.001,0.499,0.0,0.412,2.526
3,False,0.023,0.433,0.02,2.931,-0.103,0.44,0.0,0.127,0.695
3,False,0.2,0.52,0.02,2.341,-0.133,0.449,0.0,0.341,3.119
3,False,-0.329,0.457,0.02,2.975,0.013,0.545,-0.0,0.354,0.754
3,False,-0.112,0.433,0.02,1.044,0.237,0.426,0.0,0.349,1.619
3,False,-0.267,0.563,0.02,5.199,-0.0,0.5,-0.0,0.275,2.056
1,False,-0.357,0.374,0.02,2.399,0.086,0.572,0.063,0.487,1.571
3,False,-0.116,0.3,0.02,5.171,-0.0,0.5,-0.0,0.231,2.029
3,False,0.122,0.557,0.02,3.524,-0.0,0.5,-0.0,0.136,0.381
3,False,0.111,0.472,0.02,1.316,0.029,0.355,0.0,0.144,2.59
3,False,0.347,0.632,0.02,3.38,-0.102,0.473,-0.0,0.476,2.262
3,False,0.368,0.351,0.02,3.568,0.142,0.786,0.0,0.492,0.518
3,False,0.117,0.409,0.02,2.023,0.028,0.511,0.0,0.138,0.593
3,False,-0.344,0.632,0.02,3.38,0.034,0.506,0.0,0.399,0.065
3,False,0.133,0.322,0.02,5.871,-0.043,0.569,0.0,0.304,2.651
3,False,0.27,0.427,0.02,1.956,-0.013,0.578,-0.0,0.321,0.616
3,False,-0.141,0.415,0.02,1.698,0.008,0.504,-0.0,0.175,1.622
3,False,0.213,0.597,0.02,6.272,-0.0,0.5,0.0,0.235,3.128
3,False,-0.05,0.333,0.02,3.896,0.111,0.438,0.0,0.194,0.633
3,False,0.279,0.409,0.02,1.873,-0.01,0.611,-0.0,0.353,0.595
3,False,0.349,0.545,0.02,3.205,0.177,0.611,0.0,0.185,0.63
3,False,0.15,0.622,0.02,0.909,0.054,0.569,0.0,0.112,1.641
2,False,-0.259,0.348,0.02,4.105,0.005,0.554,0.06,0.337,0.871
3,False,-0.094,0.305,0.02,2.222,0.003,0.509,0.0,0.227,0.786
3,False,0.293,0.451,0.02,2.347,-0.005,0.504,-0.0,0.303,0.788
3,False,-0.072,0.627,0.02,1.925,-0.0,0.5,-0.0,0.148,1.217
3,False,0.279,0.411,0.02,6.26,-0.0,0.5,0.0,0.294,3.116
3,False,0.143,0.383,0.02,3.926,-0.0,0.5,-0.0,0.186,0.783
3,False,0.03,0.499,0.02,5.882,0.022,0.545,0.0,0.051,2.961
3,False,0.168,0.312,0.02,0.479,0.052,0.462,0.0,0.191,2.502
3,False,-0.23,0.329,0.02,2.371,0.332,0.438,0.0,0.573,0.999
3,False,0.076,0.615,0.02,4.089,-0.007,0.415,-0.0,0.217,1.858
3,False,0.208,0.35,0.02,0.409,-0.072,0.534,0.0,0.336,2.752
3,False,0.116,0.602,0.02,6.084,-0.0,0.515,0.0,0.146,3.114
3,False,-0.041,0.672,0.02,4.092,0.103,0.53,-0.0,0.203,1.736
3,False,0.239,0.395,0.02,0.721,0.015,0.565,0.0,0.282,3.013
3,False,0.335,0.618,0.02,5.019,-0.0,0.5,-0.0,0.356,1.877
3,False,0.221,0.667,0.02,3.256,0.037,0.595,0.0,0.198,0.95
3,False,0.125,0.532,0.02,5.631,0.067,0.586,-0.0,0.082,2.144
3,False,-0.122,0.444,0.02,4.037,-0.0,0.5,-0.0,0.135,0.895
3,False,-0.011,0.438,0.02,5.713,0.012,0.431,0.0,0.031,1.546
3,False,-0.01,0.339,0.02,3.197,-0.004,0.504,0.0,0.166,0.156
3,False,-0.142,0.502,0.02,1.366,0.191,0.301,0.0,0.389,2.726
3,False,0.062,0.657,0.02,3.58,0.027,0.515,-0.0,0.148,0.911
3,False,0.158,0.302,0.02,3.444,-0.14,0.305,0.0,0.298,2.558
3,False,0.022,0.625,0.02,1.963,-0.002,0.497,0.0,0.132,1.222
3,False,-0.261,0.422,0.02,6.169,0.002,0.585,0.0,0.31,3.091
3,False,-0.305,0.308,0.02,3.81,-0.025,0.493,0.0,0.337,0.398
3,False,-0.34,0.367,0.02,0.679,0.059,0.48,0.0,0.415,1.527
3,False,0.318,0.627,0.02,3.987,0.007,0.56,0.0,0.319,0.387
3,False,-0.013,0.364,0.02,1.787,0.19,0.34,0.0,0.206,1.349
3,False,-0.074,0.603,0.02,1.096,0.0,0.446,-0.0,0.175,0.452
3,False,0.336,0.508,0.02,5.635,-0.139,0.502,-0.0,0.476,2.601
3,False,-0.154,0.686,0.02,2.103,-0.005,0.654,-0.0,0.153,0.081
3,False,0.066,0.568,0.02,1.842,-0.008,0.537,0.0,0.083,1.249
3,False,-0.263,0.392,0.02,2.744,0.022,0.504,0.0,0.307,0.544
2,False,-0.098,0.647,0.02,4.437,0.119,0.326,0.064,0.389,1.37
3,False,0.111,0.634,0.02,4.25,0.0,0.5,0.0,0.175,1.108
3,False,-0.093,0.44,0.02,0.501,-0.0,0.5,-0.0,0.113,2.642
3,False,-0.366,0.47,0.02,0.536,0.137,0.523,0.0,0.507,1.44
3,False,-0.045,0.406,0.02,4.254,-0.002,0.499,-0.0,0.105,1.091
3,False,-0.023,0.531,0.02,1.424,0.01,0.545,0.0,0.041,1.451
3,False,-0.053,0.427,0.02,2.758,-0.119,0.577,-0.0,0.165,0.594
3,False,-0.262,0.359,0.02,6.017,0.097,0.419,0.0,0.365,2.63
3,False,-0.06,0.61,0.02,4.062,-0.0,0.5,-0.0,0.126,0.919
3,False,0.392,0.43,0.02,5.903,0.0,0.5,0.0,0.399,2.762
3,False,-0.005,0.575,0.02,2.042,0.004,0.501,0.0,0.077,0.976
3,False,-0.334,0.454,0.02,6.116,0.035,0.388,0.0,0.375,2.28
3,False,-0.128,0.322,0.02,4.194,0.116,0.52,0.0,0.315,0.439
3,False,0.008,0.539,0.02,3.678,-0.021,0.538,0.0,0.035,0.473
3,False,-0.253,0.568,0.02,5.548,0.123,0.541,0.0,0.378,2.903
3,False,0.287,0.538,0.02,6.265,0.025,0.449,0.0,0.278,2.579
3,False,0.025,0.382,0.02,5.283,0.095,0.354,0.0,0.078,1.981
3,False,0.171,0.387,0.02,0.356,-0.019,0.426,0.0,0.194,2.769
3,False,0.148,0.68,0.02,5.018,0.086,0.366,-0.0,0.321,1.415
3,False,0.047,0.49,0.02,2.197,-0.0,0.5,-0.0,0.052,0.945
3,False,-0.089,0.658,0.02,4.004,0.063,0.465,0.0,0.246,1.974
3,False,0.184,0.57,0.02,2.105,0.11,0.445,0.0,0.147,1.104
3,False,-0.345,0.477,0.02,0.468,-0.0,0.5,-0.0,0.346,2.674
3,False,0.177,0.62,0.02,0.036,0.077,0.516,0.0,0.145,2.221
3,False,0.332,0.553,0.02,6.274,0.191,0.318,-0.0,0.275,1.119
3,False,-0.118,0.325,0.02,3.874,-0.0,0.5,-0.0,0.212,0.73
3,False,0.094,0.41,0.02,1.88,0.146,0.43,0.0,0.06,1.783
3,False,-0.148,0.35,0.02,1.349,-0.0,0.5,-0.0,0.211,1.793
3,False,0.364,0.33,0.02,1.435,-0.0,0.493,-0.0,0.399,1.541
3,False,-0.279,0.385,0.02,2.976,0.014,0.546,0.0,0.335,0.364
3,False,-0.175,0.677,0.02,2.669,0.011,0.503,0.0,0.255,0.359
3,False,0.338,0.602,0.02,5.297,-0.0,0.5,-0.0,0.354,2.154
3,False,-0.183,0.327,0.02,1.188,0.322,0.261,0.0,0.51,1.821
3,False,0.219,0.555,0.02,3.913,-0.082,0.326,0.0,0.379,0.481
3,False,0.104,0.366,0.02,1.724,-0.042,0.496,-0.0,0.196,1.832
3,False,0.12,0.449,0.02,6.003,0.001,0.5,0.0,0.131,2.857
3,False,-0.275,0.682,0.02,5.021,-0.128,0.776,-0.0,0.176,1.624
3,False,-0.134,0.582,0.02,3.668,0.22,0.599,0.0,0.354,0.33
3,False,-0.201,0.637,0.02,0.743,-0.196,0.345,0.0,0.293,1.442
3,False,-0.148,0.411,0.02,2.012,-0.092,0.527,0.0,0.13,2.998
3,False,-0.262,0.664,0.02,0.139,-0.0,0.5,-0.0,0.309,3.004
3,False,0.313,0.51,0.02,5.924,0.078,0.504,-0.0,0.235,2.261
3,False,-0.292,0.58,0.02,1.04,-0.085,0.719,0.0,0.25,1.836
3,False,-0.25,0.527,0.02,5.716,-0.024,0.457,0.0,0.237,2.089
3,False,0.102,0.357,0.02,4.968,-0.072,0.328,0.0,0.178,3.109
3,False,0.363,0.455,0.02,1.698,-0.0,0.5,-0.0,0.366,1.445
3,False,-0.065,0.67,0.02,0.351,0.132,0.558,0.0,0.228,3.04
3,False,-0.361,0.523,0.02,2.858,-0.02,0.545,0.0,0.342,0.867
3,False,0.026,0.483,0.02,1.597,-0.0,0.5,-0.0,0.037,1.546
3,False,0.291,0.518,0.02,1.576,-0.0,0.5,-0.0,0.293,1.567
3,False,-0.091,0.597,0.02,2.137,-0.0,0.5,-0.0,0.135,1.005
3,False,0.22,0.66,0.02,1.738,0.0,0.383,-0.0,0.354,1.912
3,False,-0.041,0.557,0.02,2.151,-0.001,0.509,0.0,0.066,0.822
3,False,-0.352,0.47,0.02,2.007,0.041,0.5,0.0,0.395,1.582
3,False,0.196,0.461,0.02,0.228,-0.225,0.688,-0.0,0.478,2.748
3,False,0.022,0.301,0.02,5.247,0.073,0.471,-0.0,0.178,2.085
3,False,-0.266,0.361,0.02,1.419,-0.264,0.62,0.0,0.261,0.624
3,False,0.039,0.414,0.02,1.152,-0.0,0.5,0.0,0.097,1.992
3,False,-0.105,0.532,0.02,1.133,0.093,0.504,-0.0,0.2,2.916
3,False,0.073,0.593,0.02,5.34,-0.0,0.5,-0.0,0.12,2.197
3,False,-0.236,0.46,0.02,5.456,0.005,0.477,0.0,0.242,2.594
3,False,-0.392,0.677,0.02,0.351,-0.0,0.374,0.0,0.496,2.555
3,False,-0.039,0.555,0.02,1.766,0.045,0.302,0.0,0.267,0.101
3,False,0.383,0.301,0.02,3.259,-0.0,0.5,-0.0,0.432,0.116
3,False,-0.013,0.689,0.02,3.301,-0.22,0.383,0.0,0.37,0.157
3,False,-0.28,0.408,0.02,1.494,-0.013,0.546,0.0,0.301,1.108
3,False,0.245,0.394,0.02,5.569,-0.037,0.467,0.0,0.293,2.193
3,False,0.105,0.44,0.02,2.183,-0.123,0.627,0.0,0.295,1.252
3,False,-0.052,0.442,0.02,2.288,0.004,0.503,0.0,0.085,0.713
3,False,0.346,0.463,0.02,0.569,0.049,0.477,-0.0,0.298,2.575
3,False,-0.181,0.414,0.02,5.434,-0.007,0.508,0.0,0.199,2.623
3,False,0.399,0.514,0.02,2.813,-0.0,0.5,-0.0,0.399,0.329
3,False,-0.091,0.441,0.02,1.168,-0.037,0.728,0.0,0.292,1.565
3,False,0.272,0.415,0.02,2.95,0.019,0.473,0.0,0.26,0.314
3,False,0.167,0.697,0.02,2.175,0.05,0.407,0.0,0.313,0.17
3,False,0.341,0.36,0.02,3.837,0.048,0.521,0.0,0.335,1.013
3,False,-0.274,0.314,0.02,4.133,-0.0,0.5,-0.0,0.331,0.991
3,False,0.06,0.322,0.02,6.013,-0.058,0.436,0.0,0.165,2.611
3,False,0.069,0.539,0.02,5.291,0.025,0.525,0.0,0.05,2.132
3,False,0.382,0.606,0.02,2.012,-0.0,0.5,-0.0,0.397,1.13
3,False,-0.321,0.635,0.02,4.594,0.069,0.461,0.0,0.428,0.326
3,False,-0.37,0.573,0.02,6.279,-0.068,0.778,-0.0,0.365,3.085
3,False,-0.047,0.562,0.02,6.044,0.046,0.505,0.0,0.11,2.515
3,False,0.123,0.325,0.02,4.105,0.211,0.456,-0.0,0.16,1.548
3,False,0.137,0.684,0.02,3.148,0.0,0.5,0.0,0.23,0.007
3,False,-0.214,0.381,0.02,3.809,0.001,0.413,0.0,0.219,0.325
3,False,-0.279,0.323,0.02,1.591,-0.0,0.5,-0.0,0.331,1.551
3,False,-0.091,0.685,0.02,1.8,-0.0,0.5,0.0,0.207,1.345
3,False,0.393,0.557,0.02,6.064,0.038,0.521,0.0,0.357,2.808
3,False,-0.112,0.441,0.02,1.145,-0.138,0.61,0.0,0.172,2.827
3,False,0.063,0.393,0.02,1.455,0.026,0.484,0.0,0.1,1.26
3,False,0.21,0.511,0.02,0.015,0.063,0.499,0.0,0.149,2.711
3,False,-0.25,0.68,0.02,1.816,0.049,0.554,0.0,0.325,1.75
3,False,-0.29,0.302,0.02,5.291,-0.0,0.5,0.0,0.352,2.147
3,False,0.042,0.445,0.02,4.517,-0.019,0.4,-0.0,0.079,1.163
3,False,-0.218,0.593,0.02,1.508,0.029,0.35,-0.0,0.347,2.158
3,False,0.056,0.626,0.02,2.216,-0.045,0.44,0.0,0.213,2.211
3,False,-0.066,0.613,0.02,3.229,0.141,0.519,0.0,0.228,0.196
3,False,-0.397,0.604,0.02,6.141,-0.0,0.5,-0.0,0.411,2.999
3,False,-0.072,0.37,0.02,4.884,0.181,0.344,0.0,0.255,0.494
3,False,-0.357,0.305,0.02,5.892,0.019,0.507,-0.0,0.427,1.997
3,False,0.378,0.383,0.02,0.848,-0.0,0.5,-0.0,0.397,2.294
3,False,-0.252,0.574,0.02,4.22,0.0,0.5,0.0,0.263,1.079
3,False,0.102,0.655,0.02,6.126,-0.026,0.294,0.0,0.384,2.378
3,False,-0.383,0.352,0.02,1.997,-0.014,0.422,-0.0,0.376,0.253
3,False,0.287,0.559,0.02,5.35,0.0,0.5,0.0,0.294,2.209
3,False,-0.308,0.481,0.02,5.885,0.0,0.5,0.0,0.309,2.743
3,False,0.228,0.357,0.02,4.133,0.027,0.345,0.0,0.203,0.742
3,False,0.203,0.638,0.02,0.566,0.057,0.466,-0.0,0.226,2.425
3,False,0.175,0.658,0.02,4.107,0.001,0.501,0.0,0.235,1.02
3,False,0.213,0.51,0.02,0.415,-0.0,0.5,-0.0,0.214,2.728
3,False,0.205,0.56,0.02,2.11,-0.001,0.5,0.0,0.215,1.034
3,False,-0.268,0.375,0.02,5.075,0.033,0.512,0.0,0.331,2.22
3,False,-0.072,0.434,0.02,4.043,0.082,0.638,0.0,0.256,0.633
3,False,0.271,0.431,0.02,3.969,-0.0,0.5,-0.0,0.28,0.827
3,False,-0.073,0.373,0.02,3.944,-0.0,0.5,-0.0,0.148,0.802
3,False,-0.304,0.567,0.02,0.162,0.0,0.5,0.0,0.312,2.98
3,False,-0.128,0.694,0.02,2.598,-0.004,0.468,-0.0,0.259,1.039
3,False,-0.059,0.413,0.02,4.406,-0.226,0.503,0.0,0.191,0.84
3,False,0.263,0.593,0.02,0.588,-0.0,0.5,0.0,0.279,2.556
3,False,0.253,0.353,0.02,0.875,0.015,0.501,-0.0,0.28,2.262
3,False,-0.165,0.582,0.02,1.557,0.136,0.356,0.0,0.377,2.654
3,False,-0.345,0.57,0.02,5.909,-0.034,0.366,0.0,0.373,2.075
3,False,-0.359,0.516,0.02,5.941,-0.102,0.535,0.0,0.258,1.751
3,False,-0.191,0.538,0.02,2.442,0.041,0.51,0.0,0.235,1.14
3,False,-0.325,0.511,0.02,1.644,0.004,0.5,0.0,0.329,1.401
3,False,0.082,0.603,0.02,6.074,-0.013,0.377,0.0,0.246,2.409
3,False,-0.235,0.68,0.02,3.901,0.165,0.431,-0.0,0.472,0.728
3,False,-0.248,0.321,0.02,4.722,0.0,0.5,0.0,0.306,1.58
3,False,-0.195,0.312,0.02,5.924,0.001,0.5,-0.0,0.272,2.845
3,False,0.325,0.494,0.02,4.153,0.062,0.364,0.0,0.294,0.399
3,False,-0.206,0.473,0.02,5.504,-0.0,0.5,0.0,0.209,2.36
3,False,-0.161,0.306,0.02,2.418,-0.19,0.26,-0.0,0.058,0.74
3,False,-0.173,0.423,0.02,2.07,0.017,0.538,-0.0,0.223,1.385
3,False,0.342,0.32,0.02,1.303,0.0,0.5,0.0,0.387,1.839
3,False,-0.014,0.462,0.02,5.603,-0.188,0.496,0.0,0.179,2.301
1,False,-0.1,0.433,0.02,3.792,-0.109,0.585,0.058,0.157,1.214
3,False,0.047,0.574,0.02,0.506,-0.163,0.496,0.0,0.224,2.761
3,False,0.105,0.567,0.02,2.081,0.0,0.498,-0.0,0.128,1.017
3,False,0.031,0.641,0.02,3.126,0.0,0.5,0.0,0.146,0.016
3,False,-0.352,0.323,0.02,3.466,-0.054,0.537,0.0,0.367,0.146
3,False,-0.229,0.608,0.02,5.117,0.111,0.504,0.0,0.357,1.895
3,False,0.203,0.431,0.02,2.621,-0.0,0.5,-0.0,0.216,0.522
3,False,0.097,0.351,0.02,3.574,-0.0,0.5,-0.0,0.179,0.431
3,False,0.325,0.396,0.02,3.279,-0.0,0.5,-0.0,0.342,0.137
3,False,-0.052,0.436,0.02,1.605,-0.0,0.5,-0.0,0.085,1.538
3,False,-0.116,0.492,0.02,4.596,0.185,0.371,-0.0,0.324,1.568
3,False,-0.087,0.588,0.02,2.33,-0.023,0.538,0.0,0.084,0.883
3,False,0.162,0.332,0.02,2.983,0.289,0.409,0.0,0.15,0.277
3,False,-0.12,0.644,0.02,5.267,-0.018,0.509,0.0,0.17,2.089
3,False,-0.091,0.375,0.02,3.224,-0.044,0.479,0.0,0.116,0.677
3,False,0.04,0.644,0.02,3.701,-0.114,0.512,-0.0,0.204,1.659
3,False,0.4,0.36,0.02,4.057,0.016,0.511,0.0,0.413,0.803
3,False,0.284,0.593,0.02,4.09,0.0,0.5,0.0,0.3,0.949
3,False,-0.112,0.358,0.02,3.141,-0.0,0.5,0.0,0.182,0.004
3,False,-0.281,0.41,0.02,3.81,-0.28,0.498,0.0,0.09,0.669
3,False,0.229,0.396,0.02,6.052,-0.0,0.5,-0.0,0.252,2.91
1,True,0.019,0.506,0.02,3.176,-0.0,0.5,-0.0,0.028,0.032
3,False,-0.388,0.546,0.02,3.126,-0.067,0.493,0.0,0.326,0.871
3,False,0.072,0.433,0.02,3.035,-0.202,0.566,-0.0,0.305,1.133
1,False,-0.136,0.313,0.02,3.853,-0.374,0.694,0.077,0.453,3.042
3,False,0.09,0.47,0.02,3.913,-0.0,0.5,-0.0,0.097,0.771
3,False,-0.262,0.399,0.02,3.112,-0.037,0.584,0.0,0.292,1.442
3,False,0.311,0.595,0.02,2.761,0.021,0.643,0.0,0.294,0.953
3,False,0.231,0.657,0.02,5.291,-0.019,0.459,0.0,0.32,2.998
3,False,0.361,0.687,0.02,5.51,-0.073,0.602,0.0,0.443,1.059
3,False,0.13,0.41,0.02,3.114,-0.006,0.412,0.0,0.137,0.048
3,False,0.036,0.654,0.02,0.749,-0.0,0.5,-0.0,0.16,2.393
3,False,0.161,0.534,0.02,1.903,0.0,0.5,0.0,0.166,1.238
3,False,0.277,0.359,0.02,2.487,0.018,0.518,0.0,0.304,1.096
3,False,0.063,0.332,0.02,0.111,0.14,0.454,0.0,0.146,2.766
3,False,-0.35,0.549,0.02,0.119,0.021,0.472,0.0,0.379,0.922
3,False,-0.095,0.604,0.02,3.254,0.12,0.541,0.0,0.226,0.945
3,False,0.155,0.37,0.02,3.605,0.139,0.631,-0.0,0.262,1.487
3,False,-0.255,0.54,0.02,4.08,0.0,0.5,0.0,0.259,0.938
3,False,0.036,0.311,0.02,1.016,0.0,0.5,0.0,0.194,2.126
3,False,-0.324,0.627,0.02,2.371,-0.0,0.5,-0.0,0.349,0.771
3,False,-0.023,0.684,0.02,0.12,-0.0,0.501,0.0,0.186,3.0
3,False,0.065,0.665,0.02,2.061,-0.0,0.5,-0.0,0.179,1.082
3,False,-0.351,0.32,0.02,2.277,-0.0,0.5,-0.0,0.395,0.865
3,False,0.17,0.63,0.02,0.032,0.025,0.354,0.0,0.313,2.052
3,False,0.169,0.453,0.02,3.99,0.0,0.5,0.0,0.176,0.848
3,False,0.3,0.419,0.02,6.104,-0.0,0.5,-0.0,0.312,2.962
3,False,-0.055,0.602,0.02,3.122,-0.036,0.508,-0.0,0.099,0.131
3,False,0.011,0.511,0.02,4.206,-0.214,0.437,0.0,0.237,0.637
3,False,-0.226,0.677,0.02,4.25,-0.175,0.686,0.0,0.056,1.296
3,False,0.077,0.327,0.02,5.397,-0.05,0.6,0.0,0.302,1.203
3,False,0.294,0.429,0.02,4.924,-0.0,0.5,-0.0,0.303,1.782
3,False,-0.315,0.494,0.02,1.724,-0.0,0.5,-0.0,0.316,1.418
3,False,-0.364,0.407,0.02,3.539,0.007,0.511,0.0,0.386,0.828
3,False,0.09,0.665,0.02,5.811,-0.0,0.5,0.0,0.189,2.667
3,False,0.187,0.47,0.02,1.975,-0.0,0.5,0.0,0.191,1.17
3,False,0.094,0.366,0.02,6.248,-0.0,0.5,-0.0,0.164,3.106
3,False,0.169,0.389,0.02,0.833,0.053,0.504,-0.0,0.165,2.931
3,False,-0.223,0.619,0.02,1.794,-0.0,0.5,-0.0,0.254,1.349
3,False,0.223,0.452,0.02,1.576,0.202,0.32,0.0,0.136,0.888
3,False,-0.394,0.553,0.02,4.915,0.009,0.433,0.0,0.421,2.646
3,False,0.236,0.398,0.02,3.752,0.001,0.511,-0.0,0.263,0.532
3,False,0.394,0.375,0.02,4.226,-0.0,0.5,0.0,0.414,1.081
3,False,0.316,0.644,0.02,3.999,0.295,0.419,0.0,0.226,0.023
3,False,0.237,0.469,0.02,4.278,0.0,0.5,0.0,0.24,1.137
3,False,0.178,0.59,0.02,2.07,0.038,0.57,0.0,0.143,1.652
3,False,-0.007,0.323,0.02,4.841,0.168,0.411,-0.0,0.197,1.532
3,False,0.132,0.488,0.02,1.972,0.244,0.223,0.0,0.288,2.905
3,False,-0.258,0.487,0.02,3.275,-0.075,0.479,0.0,0.184,0.564
3,False,-0.278,0.367,0.02,0.657,0.079,0.469,-0.0,0.371,1.657
3,False,-0.015,0.303,0.02,0.175,0.035,0.479,-0.0,0.184,3.058
3,False,-0.367,0.605,0.02,0.103,0.104,0.552,0.0,0.474,3.041
1,False,-0.177,0.343,0.02,1.936,-0.194,0.452,0.194,0.206,2.746
3,False,-0.009,0.373,0.02,1.415,-0.062,0.578,0.0,0.212,0.672
3,False,0.13,0.442,0.02,6.026,-0.018,0.493,-0.0,0.158,3.007
3,False,0.387,0.473,0.02,2.413,0.282,0.3,-0.0,0.204,1.152
3,False,0.323,0.585,0.02,5.337,0.16,0.575,0.0,0.164,2.0
3,False,-0.232,0.592,0.02,1.07,-0.0,0.5,-0.0,0.25,2.072
3,False,-0.075,0.482,0.02,1.917,0.103,0.552,0.0,0.192,0.693
3,False,0.325,0.531,0.02,4.867,-0.054,0.529,-0.0,0.38,1.438
3,False,-0.381,0.654,0.02,5.238,-0.0,0.5,-0.0,0.412,2.096
3,False,0.332,0.665,0.02,2.132,-0.0,0.5,0.0,0.371,1.012
3,False,0.112,0.338,0.02,1.221,0.188,0.532,0.0,0.209,1.549
3,False,0.114,0.417,0.02,2.874,-0.0,0.502,-0.0,0.144,0.237
3,False,-0.381,0.362,0.02,0.378,0.138,0.511,0.0,0.54,2.016
3,False,0.053,0.36,0.02,5.7,-0.0,0.5,-0.0,0.15,2.557
3,False,0.11,0.533,0.02,2.418,-0.0,0.5,-0.0,0.116,0.726
3,False,0.127,0.645,0.02,1.714,-0.0,0.5,0.0,0.193,1.43
3,False,0.114,0.598,0.02,3.469,-0.215,0.768,0.0,0.371,0.036
3,False,-0.393,0.588,0.02,5.378,-0.0,0.5,-0.0,0.403,2.236
