agent,chain,job_id,global_iter,loss,val,rew,entropy_coef,abc,abc_coef,sr,valid_goals,invalid_goals,avg_xy,max_xy
alice,1,28624390,0,0.0264,0.4523,5.4581,1.0,,,,354,769,0.057,0.563
alice,1,28624390,1,-0.0026,0.3913,5.7,0.9881,,,,281,695,0.053,0.405
alice,1,28624390,2,0.0013,0.3958,5.4907,0.9763,,,,297,672,0.055,0.642
alice,1,28624390,3,-0.0002,0.4061,5.3478,0.9647,,,,302,647,0.057,0.507
alice,1,28624390,4,0.0045,0.4043,5.5045,0.9533,,,,295,647,0.058,0.671
alice,1,28624390,5,0.0055,0.3716,5.2818,0.942,,,,298,673,0.059,0.655
alice,1,28624390,6,0.001,0.3616,5.6465,0.9309,,,,298,674,0.054,0.527
alice,1,28624390,7,0.0011,0.3525,5.3434,0.9199,,,,295,661,0.056,0.551
alice,1,28624390,8,0.0026,0.32,5.0206,0.909,,,,310,658,0.057,0.59
alice,1,28624390,9,-0.0046,0.2988,4.9655,0.8983,,,,296,666,0.053,0.519
alice,1,28624390,10,-0.0033,0.326,5.1935,0.8878,,,,296,671,0.053,0.672
alice,1,28624390,11,-0.0014,0.3801,5.2752,0.8773,,,,300,640,0.057,0.619
alice,1,28624390,12,0.0074,0.3824,5.3304,0.8671,,,,308,627,0.061,0.807
alice,1,28624390,13,0.0023,0.3989,5.3277,0.8569,,,,299,639,0.054,0.591
alice,1,28624390,14,0.0061,0.3819,5.3304,0.8469,,,,309,649,0.057,0.612
alice,1,28624390,15,0.0035,0.3483,5.009,0.837,,,,310,648,0.059,0.597
alice,1,28624390,16,0.0028,0.3963,5.1207,0.8273,,,,305,638,0.057,0.608
alice,1,28624390,17,0.0038,0.3458,5.3235,0.8176,,,,297,675,0.055,0.513
alice,1,28624390,18,0.0054,0.4006,5.2124,0.8081,,,,317,625,0.063,0.605
alice,1,28624390,19,0.0072,0.3934,5.1739,0.7988,,,,316,625,0.059,0.657
alice,1,28624390,20,0.0114,0.4868,5.4148,0.7895,,,,321,574,0.066,0.768
alice,1,28624390,21,0.0081,0.4109,5.3248,0.7804,,,,306,640,0.06,0.489
alice,1,28624390,22,0.0123,0.3297,4.9216,0.7714,,,,318,653,0.059,0.546
alice,1,28624390,23,-0.004,0.3769,5.2661,0.7625,,,,293,640,0.056,0.47
alice,1,28624390,24,0.0138,0.3809,4.9068,0.7537,,,,315,637,0.062,0.648
alice,1,28624390,25,0.0069,0.4288,5.2636,0.7451,,,,312,607,0.062,0.63
alice,1,28624390,26,0.0148,0.4146,5.5339,0.7366,,,,311,630,0.058,0.525
alice,1,28624390,27,0.012,0.3428,5.0784,0.7281,,,,310,655,0.059,0.55
alice,1,28624390,28,0.0109,0.404,5.3421,0.7198,,,,311,625,0.066,0.542
alice,1,28624390,29,0.01,0.4324,5.254,0.7116,,,,320,602,0.065,0.504
alice,1,28624390,30,0.0099,0.3968,5.1356,0.7035,,,,315,615,0.063,0.655
alice,1,28624390,31,0.0111,0.394,5.386,0.6955,,,,302,638,0.062,0.591
alice,1,28624390,32,0.0117,0.3949,5.1393,0.6877,,,,310,650,0.059,0.532
alice,1,28624390,33,0.0173,0.4504,5.5574,0.6799,,,,331,588,0.068,0.504
alice,1,28624390,34,0.0169,0.3836,4.9823,0.6722,,,,332,591,0.065,0.534
alice,1,28624390,35,0.0075,0.4066,5.1111,0.6646,,,,320,581,0.066,0.678
alice,1,28624390,36,0.0194,0.4299,5.28,0.6572,,,,347,548,0.071,0.544
alice,1,28624390,37,0.0111,0.4363,5.3884,0.6498,,,,336,546,0.072,0.788
alice,1,28624390,38,0.0151,0.3922,4.8934,0.6425,,,,351,548,0.072,0.808
alice,1,28624390,39,0.0125,0.4668,5.3333,0.6353,,,,336,525,0.077,0.587
alice,1,28624390,40,0.0232,0.4215,4.7557,0.6283,,,,365,531,0.076,0.575
alice,1,28624390,41,0.0075,0.4711,5.1288,0.6213,,,,345,507,0.077,0.557
alice,1,28624390,42,0.0208,0.4907,5.078,0.6144,,,,362,509,0.081,0.736
alice,1,28624390,43,0.0129,0.4529,5.1094,0.6076,,,,351,520,0.083,0.65
alice,1,28624390,44,0.016,0.4482,4.9173,0.6009,,,,363,515,0.076,0.611
alice,1,28624390,45,0.0123,0.5046,5.021,0.5942,,,,379,449,0.087,0.626
alice,1,28624390,46,0.0042,0.4985,5.3386,0.5877,,,,335,514,0.079,0.855
alice,1,28624390,47,0.0306,0.5097,5.2324,0.5812,,,,370,478,0.089,0.59
alice,1,28624390,48,0.0222,0.4973,5.3876,0.5749,,,,361,496,0.091,0.69
alice,1,28624390,49,-0.0038,0.4502,5.3652,0.5686,,,,293,592,0.07,0.657
alice,1,28624390,50,0.0263,0.4121,5.0,0.5624,,,,359,570,0.075,0.695
alice,1,28624390,51,0.0239,0.4348,5.1057,0.5563,,,,360,510,0.079,0.509
alice,1,28624390,52,0.0099,0.5038,5.0357,0.5502,,,,366,479,0.081,0.565
alice,1,28624390,53,0.011,0.4726,5.0385,0.5443,,,,350,514,0.081,0.748
alice,1,28624390,54,0.0153,0.528,5.2857,0.5384,,,,365,477,0.083,0.683
alice,1,28624390,55,0.0181,0.4961,5.2879,0.5326,,,,357,509,0.082,0.614
alice,1,28624390,56,0.0115,0.4527,5.3226,0.5269,,,,345,532,0.08,0.71
alice,1,28624390,57,0.0103,0.453,5.2049,0.5212,,,,365,505,0.085,0.71
alice,1,28624390,58,0.0068,0.4869,5.2602,0.5156,,,,358,476,0.083,0.674
alice,1,28624390,59,0.0074,0.4943,5.188,0.5101,,,,358,467,0.082,0.677
alice,1,28624390,60,0.0169,0.4935,5.4656,0.5047,,,,364,507,0.082,0.572
alice,1,28624390,61,0.0141,0.4656,5.248,0.4994,,,,355,488,0.08,0.562
alice,1,28624390,62,0.0179,0.5019,5.3893,0.4941,,,,378,445,0.091,0.572
alice,1,28624390,63,0.0102,0.4919,5.4538,0.4889,,,,371,458,0.086,0.514
alice,1,28624390,64,0.0154,0.4633,5.4636,0.4837,,,,384,439,0.092,0.653
alice,1,28624390,65,0.0073,0.5239,5.4667,0.4786,,,,370,399,0.098,0.732
alice,1,28624390,66,0.0112,0.4959,5.4921,0.4736,,,,355,465,0.087,0.631
alice,1,28624390,67,0.018,0.4789,5.3538,0.4687,,,,363,487,0.084,0.715
alice,1,28624390,68,0.0203,0.5457,5.3007,0.4638,,,,376,433,0.095,0.681
alice,1,28624390,69,0.0163,0.529,5.1259,0.459,,,,375,441,0.092,0.651
alice,1,28624390,70,0.0237,0.4655,4.8214,0.4542,,,,383,462,0.086,0.626
alice,1,28624390,71,0.0193,0.481,5.0703,0.4496,,,,386,442,0.094,0.654
alice,1,28624390,72,0.0031,0.615,5.3548,0.4449,,,,386,380,0.097,0.847
alice,1,28624390,73,0.008,0.5302,5.3357,0.4404,,,,372,444,0.092,0.687
alice,1,28624390,74,0.0113,0.5184,5.0411,0.4359,,,,386,439,0.091,0.636
alice,1,28624390,75,0.0114,0.562,5.3179,0.4314,,,,373,426,0.096,0.873
alice,1,28624390,76,0.0248,0.5614,5.271,0.427,,,,397,405,0.098,0.649
alice,1,28624390,77,0.0243,0.5716,5.1026,0.4227,,,,392,400,0.1,0.642
alice,1,28624390,78,0.0293,0.567,5.3333,0.4184,,,,405,386,0.108,0.774
alice,1,28624390,79,0.0173,0.5543,5.3116,0.4142,,,,399,387,0.101,0.542
alice,1,28624390,80,0.0152,0.5657,5.1172,0.4101,,,,404,361,0.101,0.809
alice,1,28624390,81,0.0109,0.5012,5.1953,0.406,,,,362,442,0.092,0.667
alice,1,28624390,82,0.0387,0.5598,5.2925,0.4019,,,,408,377,0.104,0.723
alice,1,28624390,83,0.0315,0.528,5.2923,0.3979,,,,412,361,0.112,0.661
alice,1,28624390,84,0.0292,0.5632,5.125,0.394,,,,437,293,0.116,0.641
alice,1,28624390,85,0.0058,0.6091,5.3111,0.3901,,,,400,314,0.12,0.672
alice,1,28624390,86,0.0192,0.6347,5.3636,0.3863,,,,400,337,0.111,0.712
alice,1,28624390,87,0.026,0.652,5.5212,0.3825,,,,413,325,0.11,0.616
alice,1,28624390,88,0.0327,0.6466,5.0756,0.3787,,,,421,333,0.116,0.594
alice,1,28624390,89,0.0372,0.6251,5.4118,0.375,,,,412,330,0.114,0.807
alice,1,28624390,90,0.0398,0.5623,5.2606,0.3714,,,,423,350,0.118,0.729
alice,1,28624390,91,0.0348,0.5397,5.3145,0.3678,,,,394,365,0.111,0.574
alice,1,28624390,92,0.0157,0.5775,5.3617,0.3643,,,,397,383,0.109,0.74
alice,1,28624390,93,0.0199,0.612,4.9872,0.3608,,,,409,333,0.115,0.575
alice,1,28624390,94,0.0264,0.6576,5.2151,0.3573,,,,415,317,0.115,0.757
alice,1,28624390,95,0.044,0.6054,5.4221,0.3539,,,,439,324,0.124,0.731
alice,1,28624390,96,0.0143,0.6356,5.1854,0.3506,,,,411,306,0.115,0.764
alice,1,28624390,97,0.0294,0.6376,5.3397,0.3472,,,,421,304,0.121,0.68
alice,1,28624390,98,0.0217,0.6127,5.2617,0.344,,,,418,329,0.113,0.55
alice,1,28624390,99,0.019,0.6505,5.3377,0.3407,,,,424,313,0.123,0.705
alice,1,28624390,100,0.0166,0.6651,5.3882,0.3376,,,,404,314,0.115,0.672
alice,1,28624390,101,0.03,0.7107,5.0973,0.3344,,,,438,276,0.131,0.735
alice,1,28624390,102,0.0364,0.7426,5.4254,0.3313,,,,445,252,0.136,0.718
alice,1,28624390,103,0.0315,0.6877,5.1235,0.3282,,,,439,270,0.134,0.77
alice,1,28624390,104,0.0321,0.6897,5.3889,0.3252,,,,449,256,0.133,0.608
alice,1,28624390,105,0.0424,0.6135,5.1111,0.3222,,,,426,292,0.121,0.718
alice,1,28624390,106,0.0312,0.5938,4.974,0.3193,,,,420,295,0.111,0.653
alice,1,28624390,107,0.0431,0.6624,5.1183,0.3164,,,,425,280,0.121,0.671
alice,1,28624390,108,0.0459,0.5977,5.1667,0.3135,,,,424,319,0.12,0.772
alice,1,28624390,109,0.0343,0.5449,5.0652,0.3107,,,,407,364,0.107,0.773
alice,1,28624390,110,0.0383,0.5587,5.2279,0.3079,,,,440,317,0.116,0.652
alice,1,28624390,111,0.0095,0.6209,4.9379,0.3052,,,,423,276,0.118,0.66
alice,1,28624390,112,0.0296,0.6296,5.1513,0.3025,,,,425,315,0.124,0.767
alice,1,28624390,113,0.0298,0.7134,5.1919,0.2998,,,,434,261,0.131,0.618
alice,1,28624390,114,0.0632,0.7132,5.5597,0.2971,,,,439,239,0.135,0.555
alice,1,28624390,115,0.0571,0.6671,5.1786,0.2945,,,,436,257,0.132,0.69
alice,1,28624390,116,0.0766,0.6812,5.1765,0.292,,,,460,235,0.147,0.658
alice,1,28624390,117,0.0572,0.6809,5.3252,0.2894,,,,461,222,0.138,0.842
alice,1,28624390,118,0.0364,0.7231,4.9543,0.2869,,,,470,179,0.16,0.705
alice,1,28624390,119,0.0404,0.7929,5.209,0.2844,,,,448,197,0.148,0.655
alice,1,28624390,120,0.0337,0.7384,5.2874,0.282,,,,460,223,0.146,0.723
alice,1,28624390,121,0.0206,0.7011,5.2949,0.2796,,,,409,292,0.116,0.606
alice,1,28624390,122,0.0384,0.7182,5.3034,0.2772,,,,428,265,0.125,0.528
alice,1,28624390,123,0.0487,0.684,5.1307,0.2749,,,,432,308,0.13,0.799
alice,1,28624390,124,0.0538,0.7083,5.1257,0.2726,,,,448,250,0.137,0.574
alice,1,28624390,125,0.0519,0.7033,4.9838,0.2703,,,,448,242,0.129,0.856
alice,1,28624390,126,0.0472,0.6574,5.2609,0.268,,,,440,282,0.126,0.648
alice,1,28624390,127,0.044,0.7519,5.3684,0.2658,,,,453,207,0.141,0.671
alice,1,28624390,128,0.0576,0.7254,5.3314,0.2636,,,,470,191,0.147,0.662
alice,1,28624390,129,0.0367,0.7696,5.3721,0.2614,,,,440,201,0.142,0.626
alice,1,28624390,130,0.0622,0.7076,5.4277,0.2593,,,,455,231,0.141,0.734
alice,1,28624390,131,0.0408,0.6897,5.3926,0.2572,,,,449,231,0.141,0.711
alice,1,28624390,132,0.0268,0.6702,5.0351,0.2551,,,,409,310,0.123,0.69
alice,1,28624390,133,0.029,0.5838,5.2968,0.2531,,,,389,390,0.097,0.731
alice,1,28624390,134,0.0534,0.509,4.965,0.251,,,,402,411,0.099,0.766
alice,1,28624390,135,0.0652,0.6197,5.3758,0.249,,,,430,297,0.124,0.762
alice,1,28624390,136,0.0527,0.6746,5.2147,0.2471,,,,451,241,0.143,0.731
alice,1,28624390,137,0.0611,0.6512,5.1847,0.2451,,,,455,232,0.139,0.669
alice,1,28624390,138,0.0588,0.6831,5.4,0.2432,,,,446,207,0.145,0.751
alice,1,28624390,139,0.0511,0.6949,4.9704,0.2413,,,,454,217,0.145,0.871
alice,1,28624390,140,0.0533,0.7259,5.2807,0.2394,,,,451,215,0.146,0.711
alice,1,28624390,141,0.0607,0.7195,5.3468,0.2376,,,,457,212,0.148,0.696
alice,1,28624390,142,0.0532,0.701,5.0455,0.2358,,,,461,216,0.149,0.802
alice,1,28624390,143,0.0412,0.7549,5.2629,0.234,,,,442,219,0.138,0.763
alice,1,28624390,144,0.0621,0.7159,5.1453,0.2322,,,,453,244,0.147,0.734
alice,1,28624390,145,0.0472,0.6675,4.9298,0.2305,,,,450,245,0.138,0.718
alice,1,28624390,146,0.0736,0.7396,5.1222,0.2287,,,,459,200,0.149,0.806
alice,1,28624390,147,0.0665,0.7253,5.011,0.227,,,,483,180,0.154,0.862
alice,1,28624390,148,0.056,0.6975,5.1166,0.2253,,,,460,191,0.153,0.798
alice,1,28624390,149,0.0739,0.6364,4.943,0.2237,,,,464,202,0.146,0.819
alice,1,28624390,150,0.0404,0.7125,4.92,0.222,,,,460,207,0.143,0.758
alice,1,28624390,151,0.064,0.7252,5.0343,0.2204,,,,470,202,0.154,0.695
alice,1,28624390,152,0.0514,0.7582,5.0751,0.2188,,,,462,184,0.152,0.673
alice,1,28624390,153,0.0728,0.8342,5.1194,0.2173,,,,462,160,0.162,0.758
alice,1,28624390,154,0.0751,0.8189,5.2365,0.2157,,,,477,176,0.151,0.659
alice,1,28624390,155,0.0484,0.7744,5.2324,0.2142,,,,454,206,0.146,0.79
alice,1,28624390,156,0.0547,0.7097,5.4198,0.2127,,,,455,235,0.145,0.732
alice,1,28624390,157,0.0691,0.7271,5.2744,0.2112,,,,447,208,0.138,0.653
alice,1,28624390,158,0.0497,0.6725,5.2716,0.2097,,,,441,241,0.135,0.652
alice,1,28624390,159,0.0627,0.6674,5.2532,0.2083,,,,468,221,0.145,0.646
alice,1,28624390,160,0.0525,0.7795,5.2647,0.2068,,,,472,144,0.168,0.73
alice,1,28624390,161,0.069,0.652,5.0892,0.2054,,,,469,208,0.16,0.764
alice,1,28624390,162,0.0619,0.6907,5.1948,0.204,,,,461,185,0.153,0.666
alice,1,28624390,163,0.0459,0.6831,4.9562,0.2026,,,,450,214,0.148,0.709
alice,1,28624390,164,0.0669,0.6045,5.1448,0.2013,,,,449,250,0.137,0.705
alice,1,28624390,165,0.0628,0.7093,5.2595,0.1999,,,,468,177,0.161,0.735
alice,1,28624390,166,0.0679,0.7134,5.2739,0.1986,,,,467,172,0.16,0.766
alice,1,28624390,167,0.0789,0.6916,5.1258,0.1973,,,,463,194,0.148,0.635
alice,1,28624390,168,0.0771,0.6897,5.0886,0.196,,,,466,193,0.151,0.742
alice,1,28624390,169,0.0486,0.673,5.1788,0.1948,,,,458,204,0.147,0.671
alice,1,28624390,170,0.046,0.7666,5.2588,0.1935,,,,476,152,0.169,0.832
alice,1,28624390,171,0.0882,0.7062,5.0491,0.1923,,,,472,170,0.163,0.843
alice,1,28624390,172,0.0478,0.7627,5.3558,0.191,,,,455,174,0.143,0.7
alice,1,28624390,173,0.0641,0.7403,5.2299,0.1898,,,,472,171,0.158,0.791
alice,1,28624390,174,0.0717,0.7115,5.0599,0.1887,,,,461,197,0.151,0.848
alice,1,28624390,175,0.0521,0.7625,5.2706,0.1875,,,,456,185,0.154,0.816
alice,1,28624390,176,0.0983,0.7211,5.355,0.1863,,,,474,175,0.157,0.791
alice,1,28624390,177,0.0868,0.7217,5.2395,0.1852,,,,467,157,0.157,0.694
alice,1,28624390,178,0.0973,0.6786,5.3782,0.1841,,,,469,185,0.158,0.83
alice,1,28624390,179,0.0842,0.7248,4.9368,0.1829,,,,479,146,0.168,0.754
alice,1,28624390,180,0.0676,0.6935,5.0357,0.1818,,,,478,165,0.164,0.754
alice,1,28624390,181,0.0851,0.715,5.1325,0.1808,,,,478,152,0.171,0.809
alice,1,28624390,182,0.0729,0.6672,5.0455,0.1797,,,,463,182,0.151,0.727
alice,1,28624390,183,0.0872,0.7194,5.1697,0.1786,,,,465,182,0.157,0.817
alice,1,28624390,184,0.0748,0.6708,5.018,0.1776,,,,470,182,0.153,0.757
alice,1,28624390,185,0.0536,0.7779,5.1676,0.1766,,,,470,163,0.157,0.816
alice,1,28624390,186,0.053,0.6766,5.0595,0.1756,,,,447,226,0.137,0.751
alice,1,28624390,187,0.0522,0.7213,5.3,0.1746,,,,443,235,0.134,0.733
alice,1,28624390,188,0.0817,0.7309,5.2597,0.1736,,,,462,199,0.145,0.665
alice,1,28624390,189,0.1017,0.7428,5.0585,0.1726,,,,474,170,0.155,0.734
alice,1,28624390,190,0.0806,0.7504,5.1778,0.1716,,,,481,158,0.168,0.673
alice,1,28624390,191,0.0776,0.7362,5.0281,0.1707,,,,488,145,0.176,0.768
alice,1,28624390,192,0.0838,0.7386,5.1677,0.1698,,,,469,164,0.166,0.698
alice,1,28624390,193,0.0743,0.7263,5.2761,0.1688,,,,456,192,0.162,0.851
alice,1,28624390,194,0.0723,0.6514,4.9578,0.1679,,,,472,204,0.151,0.772
alice,1,28624390,195,0.1129,0.7853,5.1921,0.167,,,,478,131,0.178,0.821
alice,1,28624390,196,0.0842,0.7141,5.1882,0.1661,,,,481,152,0.173,0.853
alice,1,28624390,197,0.071,0.66,5.0714,0.1653,,,,455,216,0.157,0.801
alice,1,28624390,198,0.0703,0.7388,5.0833,0.1644,,,,485,151,0.164,0.674
alice,1,28624390,199,0.0601,0.777,5.0347,0.1635,,,,485,129,0.183,0.8
alice,1,28624390,200,0.0827,0.7518,5.0357,0.1627,,,,492,123,0.176,0.697
alice,1,28624390,201,0.0556,0.7029,5.0432,0.1619,,,,487,131,0.181,0.773
alice,1,28624390,202,0.0925,0.6517,5.0548,0.1611,,,,462,179,0.166,0.781
alice,1,28624390,203,0.075,0.6712,4.8012,0.1602,,,,489,137,0.171,0.89
alice,1,28624390,204,0.0772,0.675,4.7595,0.1594,,,,469,188,0.156,0.753
alice,1,28624390,205,0.0667,0.7629,5.2716,0.1587,,,,469,159,0.166,0.618
alice,1,28624390,206,0.0613,0.7984,5.2584,0.1579,,,,481,139,0.174,0.922
alice,1,28624390,207,0.1071,0.7499,5.0814,0.1571,,,,479,146,0.174,0.87
alice,1,28624390,208,0.0822,0.7547,5.0056,0.1564,,,,473,140,0.167,0.836
alice,1,28624390,209,0.1094,0.7388,5.0273,0.1556,,,,475,156,0.166,1.025
alice,1,28624390,210,0.0915,0.764,5.1823,0.1549,,,,471,184,0.157,0.777
alice,1,28624390,211,0.056,0.7755,5.2586,0.1542,,,,455,187,0.162,0.881
alice,1,28624390,212,0.0864,0.7749,5.1774,0.1534,,,,472,165,0.168,0.906
alice,1,28624390,213,0.1312,0.833,5.2113,0.1527,,,,495,112,0.183,0.741
alice,1,28624390,214,0.116,0.8178,5.0895,0.152,,,,487,133,0.176,0.693
alice,1,28624390,215,0.0709,0.7491,5.0608,0.1513,,,,476,169,0.158,0.65
alice,1,28624390,216,0.0684,0.7282,5.0898,0.1507,,,,462,187,0.16,0.786
alice,1,28624390,217,0.0981,0.7673,4.9167,0.15,,,,483,142,0.169,0.742
alice,1,28624390,218,0.0765,0.7764,5.0161,0.1493,,,,478,165,0.163,0.677
alice,1,28624390,219,0.0821,0.8191,5.1598,0.1487,,,,481,146,0.182,0.68
alice,1,28624390,220,0.103,0.7415,5.2102,0.148,,,,482,160,0.167,0.729
alice,1,28624390,221,0.1031,0.7693,5.2775,0.1474,,,,491,124,0.177,0.71
alice,1,28624390,222,0.0867,0.7589,4.7059,0.1468,,,,502,100,0.183,0.734
alice,1,28624390,223,0.0911,0.7697,5.25,0.1462,,,,489,110,0.195,0.83
alice,1,28624390,224,0.1096,0.7963,5.1453,0.1455,,,,490,99,0.186,0.666
alice,1,28624390,225,0.1179,0.7544,5.2706,0.1449,,,,493,114,0.191,0.814
alice,1,28624390,226,0.1014,0.7668,5.5092,0.1443,,,,485,113,0.177,0.71
alice,1,28624390,227,0.0904,0.7483,5.1585,0.1438,,,,475,137,0.178,0.71
alice,1,28624390,228,0.0689,0.7469,5.0778,0.1432,,,,474,156,0.171,0.761
alice,1,28624390,229,0.0604,0.7595,5.3294,0.1426,,,,478,166,0.16,0.79
alice,1,28624390,230,0.0555,0.7352,5.1515,0.142,,,,462,171,0.161,0.776
alice,1,28624390,231,0.0791,0.7689,5.1236,0.1415,,,,502,110,0.199,0.829
alice,1,28624390,232,0.1208,0.7355,5.1159,0.1409,,,,478,130,0.197,0.727
alice,1,28624390,233,0.0535,0.7632,5.2588,0.1404,,,,467,141,0.174,0.77
alice,1,28624390,234,0.0869,0.6955,5.3063,0.1399,,,,471,173,0.166,0.847
alice,1,28624390,235,0.0933,0.7498,4.9655,0.1393,,,,479,147,0.173,0.875
alice,1,28624390,236,0.101,0.7537,5.1445,0.1388,,,,482,149,0.174,0.932
alice,1,28624390,237,0.1103,0.793,5.2386,0.1383,,,,480,129,0.178,0.761
alice,1,28624390,238,0.1101,0.8475,5.4171,0.1378,,,,487,109,0.18,0.601
alice,1,28624390,239,0.1273,0.7637,5.0216,0.1373,,,,496,108,0.183,0.827
alice,1,28624390,240,0.1058,0.833,5.4098,0.1368,,,,490,108,0.183,0.705
alice,1,28624390,241,0.0745,0.7488,5.1314,0.1363,,,,496,113,0.188,0.765
alice,1,28624390,242,0.0762,0.7726,5.2069,0.1358,,,,476,142,0.165,0.847
alice,1,28624390,243,0.0816,0.7383,5.1512,0.1354,,,,456,182,0.149,0.748
alice,1,28624390,244,0.1131,0.777,5.2527,0.1349,,,,489,145,0.161,0.778
alice,1,28624390,245,0.0833,0.7671,5.082,0.1344,,,,481,143,0.166,0.752
alice,1,28624390,246,0.1331,0.7814,5.2434,0.134,,,,497,123,0.177,0.798
alice,1,28624390,247,0.1167,0.7495,5.1307,0.1335,,,,483,116,0.181,0.824
alice,1,28624390,248,0.1194,0.8452,5.2581,0.1331,,,,485,104,0.181,0.755
alice,1,28624390,249,0.1254,0.8234,5.0,0.1326,,,,499,94,0.19,0.709
alice,1,28624390,250,0.1288,0.8066,5.2151,0.1322,,,,482,120,0.179,0.606
alice,1,28624390,251,0.1248,0.7584,4.9741,0.1322,,,,495,120,0.177,0.727
alice,1,28624390,252,0.127,0.7816,5.2204,0.1322,,,,499,109,0.193,0.761
alice,1,28624390,253,0.1137,0.8042,5.1047,0.1322,,,,491,101,0.193,0.825
alice,1,28624390,254,0.1269,0.7792,5.1111,0.1322,,,,503,103,0.19,0.704
alice,1,28624390,255,0.0911,0.784,5.1591,0.1322,,,,497,104,0.194,0.761
alice,1,28624390,256,0.0886,0.7069,4.8214,0.1322,,,,490,129,0.173,0.686
alice,1,28624390,257,0.0995,0.7734,5.1765,0.1322,,,,473,127,0.188,0.875
alice,1,28624390,258,0.1217,0.7957,5.1452,0.1322,,,,502,82,0.209,0.794
alice,1,28624390,259,0.1409,0.8294,5.2043,0.1322,,,,482,127,0.186,0.701
alice,1,28624390,260,0.0487,0.776,5.0865,0.1322,,,,477,153,0.168,0.706
alice,1,28624390,261,0.1189,0.8018,5.2404,0.1322,,,,481,145,0.177,0.769
alice,1,28624390,262,0.1062,0.812,5.2595,0.1322,,,,487,133,0.172,0.792
alice,1,28624390,263,0.063,0.8299,5.1649,0.1322,,,,493,124,0.174,0.777
alice,1,28624390,264,0.142,0.8155,5.44,0.1322,,,,496,95,0.196,0.746
alice,1,28624390,265,0.1153,0.7601,5.0914,0.1322,,,,501,98,0.182,0.622
alice,1,28624390,266,0.0764,0.7787,5.1637,0.1322,,,,491,92,0.188,0.709
alice,1,28624390,267,0.0836,0.8092,5.454,0.1322,,,,480,112,0.175,0.913
alice,1,28624390,268,0.099,0.7618,5.2102,0.1322,,,,477,136,0.167,0.59
alice,1,28624390,269,0.11,0.7335,5.125,0.1322,,,,491,129,0.181,0.643
alice,1,28624390,270,0.0989,0.7552,5.1356,0.1322,,,,507,89,0.186,0.848
alice,1,28624390,271,0.1436,0.7404,5.3187,0.1322,,,,495,99,0.187,0.806
alice,1,28624390,272,0.1046,0.7763,5.2202,0.1322,,,,496,83,0.188,0.664
alice,1,28624390,273,0.0986,0.8029,5.2135,0.1322,,,,502,58,0.204,0.788
alice,1,28624390,274,0.1624,0.7932,5.3678,0.1322,,,,484,114,0.182,0.824
alice,1,28624390,275,0.0842,0.7881,5.0474,0.1322,,,,499,95,0.178,0.878
alice,1,28624390,276,0.142,0.7765,5.1444,0.1322,,,,497,98,0.176,0.898
alice,1,28624390,277,0.1679,0.734,4.9681,0.1322,,,,508,99,0.177,0.863
alice,1,28624390,278,0.0878,0.8019,5.4229,0.1322,,,,485,101,0.176,0.707
alice,1,28624390,279,0.1586,0.7443,5.0,0.1322,,,,491,129,0.177,0.732
alice,1,28624390,280,0.1138,0.7939,5.0267,0.1322,,,,494,108,0.177,0.752
alice,1,28624390,281,0.0834,0.8193,5.3722,0.1322,,,,487,101,0.173,0.665
alice,1,28624390,282,0.0846,0.8559,5.1465,0.1322,,,,500,95,0.181,0.702
alice,1,28624390,283,0.1282,0.791,4.9534,0.1322,,,,507,96,0.186,0.855
alice,1,28624390,284,0.1001,0.8369,5.1737,0.1322,,,,503,68,0.202,0.697
alice,1,28624390,285,0.1177,0.8075,5.0576,0.1322,,,,495,109,0.179,0.737
alice,1,28624390,286,0.1317,0.838,5.1917,0.1322,,,,493,98,0.187,0.792
alice,1,28624390,287,0.1201,0.8166,5.1036,0.1322,,,,511,85,0.194,0.764
alice,1,28624390,288,0.153,0.7749,4.9775,0.1322,,,,497,101,0.187,0.705
alice,1,28624390,289,0.1101,0.7657,5.2035,0.1322,,,,471,139,0.18,0.702
alice,1,28624390,290,0.1397,0.7916,4.8629,0.1322,,,,500,102,0.183,0.739
alice,1,28624390,291,0.0996,0.7612,5.0994,0.1322,,,,508,101,0.186,0.773
alice,1,28624390,292,0.1227,0.7504,5.0769,0.1322,,,,494,103,0.192,0.737
alice,1,28624390,293,0.1025,0.7399,5.2642,0.1322,,,,489,107,0.194,0.786
alice,1,28624390,294,0.1265,0.739,5.2182,0.1322,,,,498,100,0.196,0.858
alice,1,28624390,295,0.1186,0.7946,5.0112,0.1322,,,,500,81,0.191,0.75
alice,1,28624390,296,0.0746,0.7901,5.0726,0.1322,,,,503,82,0.193,0.804
alice,1,28624390,297,0.1259,0.774,5.0914,0.1322,,,,487,113,0.179,0.7
alice,1,28624390,298,0.0728,0.6848,4.7811,0.1322,,,,490,135,0.168,0.798
alice,1,28624390,299,0.0705,0.8344,5.2011,0.1322,,,,465,139,0.174,0.689
alice,1,28624390,300,0.1373,0.7658,5.0745,0.1322,,,,486,128,0.18,0.685
alice,1,28624390,301,0.1168,0.7459,5.1585,0.1322,,,,497,118,0.2,0.74
alice,1,28624390,302,0.1859,0.7992,5.2258,0.1322,,,,499,87,0.199,1.041
alice,1,28624390,303,0.0868,0.7661,5.0695,0.1322,,,,513,81,0.196,0.765
alice,1,28624390,304,0.0929,0.763,5.0765,0.1322,,,,507,80,0.204,0.801
alice,1,28624390,305,0.1367,0.7658,5.2147,0.1322,,,,489,102,0.207,0.744
alice,1,28624390,306,0.154,0.8688,5.3444,0.1322,,,,500,76,0.199,0.796
alice,1,28624390,307,0.0761,0.7736,5.1379,0.1322,,,,483,125,0.162,0.582
alice,1,28624390,308,0.1393,0.742,4.9278,0.1322,,,,498,111,0.174,0.825
alice,1,28624390,309,0.109,0.8272,5.2174,0.1322,,,,498,82,0.193,0.733
alice,1,28624390,310,0.1463,0.7513,4.9718,0.1322,,,,507,100,0.187,0.74
alice,1,28624390,311,0.098,0.7526,5.2112,0.1322,,,,494,96,0.189,0.87
alice,1,28624390,312,0.1272,0.7808,5.2454,0.1322,,,,495,93,0.2,0.702
alice,1,28624390,313,0.0857,0.7973,5.104,0.1322,,,,495,87,0.193,0.777
alice,1,28624390,314,0.0595,0.7893,4.9944,0.1322,,,,490,116,0.187,0.738
alice,1,28624390,315,0.1294,0.8351,5.0585,0.1322,,,,512,74,0.196,0.787
alice,1,28624390,316,0.0967,0.8157,5.1792,0.1322,,,,486,103,0.182,0.628
alice,1,28624390,317,0.0931,0.7647,5.0556,0.1322,,,,492,109,0.17,0.742
alice,1,28624390,318,0.1275,0.8362,5.2935,0.1322,,,,502,73,0.2,0.672
alice,1,28624390,319,0.1746,0.7059,4.814,0.1322,,,,504,99,0.201,0.915
alice,1,28624390,320,0.1043,0.7842,5.1628,0.1322,,,,506,75,0.204,0.793
alice,1,28624390,321,0.1154,0.8169,5.1105,0.1322,,,,502,65,0.209,0.781
alice,1,28624390,322,0.1006,0.8592,5.2903,0.1322,,,,497,75,0.201,0.784
alice,1,28624390,323,0.1623,0.8451,5.4863,0.1322,,,,499,67,0.2,0.807
alice,1,28624390,324,0.0968,0.8115,5.1368,0.1322,,,,500,90,0.208,0.802
alice,1,28624390,325,0.0952,0.8858,5.3698,0.1322,,,,506,59,0.221,0.708
alice,1,28624390,326,0.1367,0.8271,5.0681,0.1322,,,,501,77,0.195,0.699
alice,1,28624390,327,0.0806,0.8474,5.0352,0.1322,,,,493,83,0.201,0.886
alice,1,28624390,328,0.114,0.9429,5.4279,0.1322,,,,510,49,0.216,0.742
alice,1,28624390,329,0.1022,0.835,5.203,0.1322,,,,507,80,0.206,0.705
alice,1,28624390,330,0.1334,0.8321,5.2804,0.1322,,,,498,90,0.188,0.732
alice,1,28624390,331,0.0501,0.8655,5.08,0.1322,,,,495,96,0.175,0.663
alice,1,28624390,332,0.1109,0.8092,5.1846,0.1322,,,,516,76,0.203,0.725
alice,1,28624390,333,0.1174,0.8282,5.1979,0.1322,,,,508,57,0.22,0.681
alice,1,28624390,334,0.1398,0.8401,5.2989,0.1322,,,,513,54,0.222,0.821
alice,1,28624390,335,0.0742,0.8552,5.3933,0.1322,,,,506,67,0.209,0.729
alice,1,28624390,336,0.1061,0.8085,5.2832,0.1322,,,,503,67,0.209,0.762
alice,1,28624390,337,0.1679,0.8036,5.314,0.1322,,,,501,65,0.204,0.742
alice,1,28624390,338,0.0464,0.8081,5.1878,0.1322,,,,495,78,0.199,0.756
alice,1,28624390,339,0.053,0.7118,4.9382,0.1322,,,,449,199,0.151,0.746
alice,1,28624390,340,0.1412,0.7404,4.9894,0.1322,,,,503,144,0.179,0.899
alice,1,28624390,341,0.1445,0.7569,5.069,0.1322,,,,516,78,0.21,0.713
alice,1,28624390,342,0.1119,0.7807,5.0828,0.1322,,,,502,79,0.201,0.756
alice,1,28624390,343,0.1017,0.7911,5.1012,0.1322,,,,499,83,0.205,0.853
alice,1,28624390,344,0.1618,0.7541,5.1288,0.1322,,,,495,91,0.205,0.829
alice,1,28624390,345,0.046,0.7853,5.253,0.1322,,,,487,110,0.18,0.963
alice,1,28624390,346,0.1068,0.7706,5.2635,0.1322,,,,495,93,0.194,0.824
alice,1,28624390,347,0.1042,0.7577,5.0751,0.1322,,,,502,89,0.194,0.793
alice,1,28624390,348,0.1219,0.8128,5.1899,0.1322,,,,501,75,0.196,0.723
alice,1,28624390,349,0.1583,0.7907,5.0757,0.1322,,,,507,77,0.201,0.984
alice,1,28624390,350,0.0997,0.7119,4.8023,0.1322,,,,500,101,0.195,0.864
alice,1,28624390,351,0.1448,0.8334,5.3444,0.1322,,,,505,56,0.208,0.878
alice,1,28624390,352,0.1223,0.8017,5.086,0.1322,,,,502,88,0.204,0.652
alice,1,28624390,353,0.1403,0.8296,5.3226,0.1322,,,,504,69,0.198,0.673
alice,1,28624390,354,0.1407,0.7853,5.0428,0.1322,,,,510,68,0.2,0.77
alice,1,28624390,355,0.1369,0.7727,5.0383,0.1322,,,,504,70,0.215,1.038
alice,1,28624390,356,0.135,0.7911,5.099,0.1322,,,,508,67,0.199,0.863
alice,1,28624390,357,0.183,0.8049,5.1587,0.1322,,,,507,69,0.206,0.724
alice,1,28624390,358,0.071,0.7981,5.2514,0.1322,,,,502,80,0.194,0.657
alice,1,28624390,359,0.1025,0.7789,4.9626,0.1322,,,,505,75,0.213,0.799
alice,1,28624390,360,0.1332,0.8412,5.2703,0.1322,,,,505,64,0.213,0.83
alice,1,28624390,361,0.1572,0.7814,5.1341,0.1322,,,,513,60,0.204,0.856
alice,1,28624390,362,0.0923,0.8019,5.3512,0.1322,,,,490,95,0.202,0.706
alice,1,28624390,363,0.1033,0.7512,4.9827,0.1322,,,,502,77,0.207,0.855
alice,1,28624390,364,0.1261,0.8136,5.2079,0.1322,,,,498,70,0.212,0.773
alice,1,28624390,365,0.1602,0.827,5.3425,0.1322,,,,502,68,0.21,0.792
alice,1,28624390,366,0.1172,0.8416,5.3122,0.1322,,,,514,62,0.211,0.842
alice,1,28624390,367,0.106,0.8043,5.0838,0.1322,,,,513,72,0.209,0.717
alice,1,28624390,368,0.1325,0.8206,5.1954,0.1322,,,,508,56,0.205,0.644
alice,1,28624390,369,0.1084,0.8465,5.2629,0.1322,,,,508,58,0.205,0.757
alice,1,28624390,370,0.11,0.801,4.9889,0.1322,,,,498,77,0.198,0.854
alice,1,28624390,371,0.0936,0.8147,5.0815,0.1322,,,,504,88,0.195,0.815
alice,1,28624390,372,0.1303,0.8622,5.1968,0.1322,,,,502,66,0.224,0.738
alice,1,28624390,373,0.1554,0.8928,5.4503,0.1322,,,,503,55,0.208,0.687
alice,1,28624390,374,0.102,0.8748,5.3093,0.1322,,,,510,56,0.216,0.768
alice,1,28624390,375,0.1293,0.8122,5.0699,0.1322,,,,517,65,0.215,0.779
alice,1,28624390,376,0.1185,0.7659,4.8611,0.1322,,,,512,61,0.22,0.904
alice,1,28624390,377,0.12,0.8493,5.3466,0.1322,,,,507,55,0.217,0.788
alice,1,28624390,378,0.1227,0.8324,5.1833,0.1322,,,,500,59,0.213,0.749
alice,1,28624390,379,0.1024,0.811,4.9626,0.1322,,,,507,79,0.202,0.809
alice,1,28624390,380,0.1575,0.8267,5.1923,0.1322,,,,512,59,0.217,0.928
alice,1,28624390,381,0.0764,0.8589,5.172,0.1322,,,,507,77,0.199,0.641
alice,1,28624390,382,0.0973,0.9022,5.2074,0.1322,,,,509,57,0.212,0.811
alice,1,28624390,383,0.1032,0.8302,4.9791,0.1322,,,,501,81,0.21,0.848
alice,1,28624390,384,0.1016,0.9208,5.0714,0.1322,,,,514,45,0.215,0.802
alice,1,28624390,385,0.154,0.9386,5.3894,0.1322,,,,507,46,0.214,0.745
alice,1,28624390,386,0.1199,0.9034,5.0405,0.1322,,,,516,56,0.207,0.821
alice,1,28624390,387,0.1359,0.8496,5.0817,0.1322,,,,502,83,0.198,0.833
alice,1,28624390,388,0.1431,0.8694,5.1914,0.1322,,,,504,67,0.192,0.676
alice,1,28624390,389,0.0956,0.8768,5.1014,0.1322,,,,508,70,0.193,0.696
alice,1,28624390,390,0.1544,0.8286,4.9617,0.1322,,,,510,87,0.194,0.915
alice,1,28624390,391,0.0913,0.8581,4.9442,0.1322,,,,502,78,0.213,0.793
alice,1,28624390,392,0.1475,0.8453,5.0896,0.1322,,,,501,95,0.204,0.954
alice,1,28624390,393,0.1188,0.8559,5.2249,0.1322,,,,510,78,0.188,0.926
alice,1,28624390,394,0.1264,0.8512,5.2995,0.1322,,,,514,62,0.207,0.835
alice,1,28624390,395,0.137,0.8561,5.1031,0.1322,,,,514,54,0.205,0.617
alice,1,28624390,396,0.1321,0.8509,5.0938,0.1322,,,,506,74,0.198,0.907
alice,1,28624390,397,0.1132,0.7755,4.7908,0.1322,,,,517,65,0.209,0.834
alice,1,28624390,398,0.1163,0.8885,5.2359,0.1322,,,,504,57,0.207,0.76
alice,1,28624390,399,0.161,0.8922,5.4579,0.1322,,,,504,55,0.222,0.738
alice,1,28624390,400,0.1042,0.8703,5.2929,0.1322,,,,495,76,0.203,0.791
alice,1,28624390,401,0.151,0.8592,5.0817,0.1322,,,,515,54,0.214,0.79
alice,1,28624390,402,0.1453,0.8218,5.14,0.1322,,,,512,56,0.204,0.84
alice,1,28624390,403,0.1208,0.8321,5.1641,0.1322,,,,515,62,0.216,0.812
alice,1,28624390,404,0.1344,0.7479,4.9558,0.1322,,,,515,69,0.204,0.669
alice,1,28624390,405,0.1298,0.7738,4.8516,0.1322,,,,515,60,0.217,0.87
alice,1,28624390,406,0.092,0.8392,5.0939,0.1322,,,,504,70,0.196,0.785
alice,1,28624390,407,0.1198,0.7973,4.7938,0.1322,,,,524,55,0.208,0.768
alice,1,28624390,408,0.0801,0.7675,4.6757,0.1322,,,,520,60,0.21,0.745
alice,1,28624390,409,0.0924,0.8095,5.0389,0.1322,,,,511,54,0.213,0.849
alice,1,28624390,410,0.1037,0.8317,5.232,0.1322,,,,510,52,0.22,0.732
alice,1,28624390,411,0.1367,0.791,4.9834,0.1322,,,,521,45,0.21,0.707
alice,1,28624390,412,0.092,0.8116,4.9514,0.1322,,,,511,53,0.204,0.993
alice,1,28624390,413,0.0883,0.8679,5.2406,0.1322,,,,514,42,0.224,0.731
alice,1,28624390,414,0.1036,0.8384,4.9188,0.1322,,,,499,72,0.214,0.827
alice,1,28624390,415,0.1236,0.8287,4.934,0.1322,,,,520,50,0.216,0.657
alice,1,28624390,416,0.1273,0.8498,4.9486,0.1322,,,,509,69,0.199,0.685
alice,1,28624390,417,0.1069,0.8675,5.0977,0.1322,,,,515,68,0.213,0.866
alice,1,28624390,418,0.1227,0.8298,4.8578,0.1322,,,,509,77,0.201,0.856
alice,1,28624390,419,0.1215,0.7805,4.9119,0.1322,,,,517,83,0.203,0.762
alice,1,28624390,420,0.1212,0.8004,4.7577,0.1322,,,,512,59,0.209,0.766
alice,1,28624390,421,0.0907,0.8971,5.2111,0.1322,,,,497,59,0.203,0.941
alice,1,28624390,422,0.1188,0.8833,5.0708,0.1322,,,,518,52,0.213,0.848
alice,1,28624390,423,0.1217,0.8605,5.1642,0.1322,,,,502,76,0.209,0.699
alice,1,28624390,424,0.1609,0.8954,5.1449,0.1322,,,,517,56,0.214,0.834
alice,1,28624390,425,0.0929,0.9039,5.3467,0.1322,,,,506,72,0.209,0.881
alice,1,28624390,426,0.1403,0.8534,5.0707,0.1322,,,,508,80,0.198,0.825
alice,1,28624390,427,0.1094,0.8411,4.8846,0.1322,,,,520,61,0.206,0.836
alice,1,28624390,428,0.1252,0.8122,4.9897,0.1322,,,,513,68,0.203,0.768
alice,1,28624390,429,0.0766,0.7507,4.6392,0.1322,,,,478,137,0.165,0.58
alice,1,28624390,430,0.0728,0.7374,4.7214,0.1322,,,,491,156,0.161,0.737
alice,1,28624390,431,0.104,0.7922,4.8049,0.1322,,,,501,123,0.181,0.706
alice,1,28624390,432,0.1262,0.8125,4.7725,0.1322,,,,515,90,0.195,0.76
alice,1,28624390,433,0.1575,0.7963,4.8832,0.1322,,,,510,81,0.204,0.725
alice,1,28624390,434,0.1177,0.7699,4.7772,0.1322,,,,515,80,0.202,0.816
alice,1,28624390,435,0.1264,0.7785,4.956,0.1322,,,,507,76,0.215,0.828
alice,1,28624390,436,0.1172,0.8018,4.7938,0.1322,,,,517,61,0.22,0.818
alice,1,28624390,437,0.1266,0.7953,4.9503,0.1322,,,,518,61,0.212,0.72
alice,1,28624390,438,0.091,0.8414,4.8207,0.1322,,,,508,61,0.209,0.757
alice,1,28624390,439,0.1299,0.8379,5.107,0.1322,,,,504,59,0.207,0.765
alice,1,28624390,440,0.1022,0.8413,5.1728,0.1322,,,,496,75,0.2,0.864
alice,1,28624390,441,0.1004,0.838,4.8125,0.1322,,,,510,72,0.201,0.789
alice,1,28624390,442,0.1256,0.8686,4.9577,0.1322,,,,509,55,0.206,0.791
alice,1,28624390,443,0.1245,0.8801,4.9189,0.1322,,,,514,63,0.209,0.769
alice,1,28624390,444,0.1266,0.8872,5.0045,0.1322,,,,521,64,0.204,0.776
alice,1,28624390,445,0.0901,0.8697,5.0711,0.1322,,,,512,64,0.211,0.876
alice,1,28624390,446,0.1254,0.8891,4.9905,0.1322,,,,524,55,0.208,0.869
alice,1,28624390,447,0.087,0.8629,4.98,0.1322,,,,510,59,0.214,0.648
alice,1,28624390,448,0.1323,0.864,4.8389,0.1322,,,,515,57,0.21,0.94
alice,1,28624390,449,0.1094,0.8595,5.0634,0.1322,,,,514,54,0.214,0.728
alice,1,28624390,450,0.1234,0.8378,5.0291,0.1322,,,,516,49,0.215,0.722
alice,1,28624390,451,0.1207,0.8693,5.1337,0.1322,,,,523,50,0.207,0.729
alice,1,28624390,452,0.1307,0.8053,5.1685,0.1322,,,,508,55,0.213,0.927
alice,1,28624390,453,0.1168,0.8165,4.9585,0.1322,,,,512,46,0.216,0.806
alice,1,28624390,454,0.1254,0.7845,4.6834,0.1322,,,,526,55,0.206,0.848
alice,1,28624390,455,0.1044,0.8148,4.6897,0.1322,,,,524,50,0.211,0.798
alice,1,28624390,456,0.1093,0.8199,4.7778,0.1322,,,,515,60,0.211,0.673
alice,1,28624390,457,0.1143,0.8057,5.0842,0.1322,,,,505,79,0.199,0.76
alice,1,28624390,458,0.1163,0.8189,4.8607,0.1322,,,,512,62,0.199,0.835
alice,1,28624390,459,0.1159,0.8067,4.9949,0.1322,,,,514,64,0.21,0.787
alice,1,28624390,460,0.1231,0.7988,4.9314,0.1322,,,,515,71,0.199,0.853
alice,1,28624390,461,0.1018,0.7964,4.7805,0.1322,,,,526,63,0.205,0.743
alice,1,28624390,462,0.1063,0.8073,5.0492,0.1322,,,,520,55,0.214,0.616
alice,1,28624390,463,0.0677,0.7507,4.7747,0.1322,,,,503,74,0.207,0.713
alice,1,28624390,464,0.0941,0.8174,5.1576,0.1322,,,,508,71,0.196,0.709
alice,1,28624390,465,0.1036,0.7789,4.7853,0.1322,,,,517,59,0.199,0.646
alice,1,28624390,466,0.0783,0.7786,4.6599,0.1322,,,,520,56,0.204,0.76
alice,1,28624390,467,0.0856,0.7765,4.7592,0.1322,,,,513,65,0.215,0.673
alice,1,28624390,468,0.108,0.7996,5.0538,0.1322,,,,505,63,0.217,0.942
alice,1,28624390,469,0.1255,0.7818,4.8522,0.1322,,,,524,52,0.215,0.868
alice,1,28624390,470,0.1061,0.776,4.8705,0.1322,,,,519,58,0.207,0.85
alice,1,28624390,471,0.12,0.7909,4.8325,0.1322,,,,521,60,0.203,0.766
alice,1,28624390,472,0.1201,0.8089,4.9733,0.1322,,,,516,44,0.222,0.833
alice,1,28624390,473,0.1022,0.7675,4.5441,0.1322,,,,520,64,0.209,0.833
alice,1,28624390,474,0.0921,0.7993,5.1657,0.1322,,,,505,81,0.194,0.646
alice,1,28624390,475,0.1029,0.6395,4.4432,0.1322,,,,501,116,0.178,0.76
alice,1,28624390,476,0.138,0.7452,4.7725,0.1322,,,,522,53,0.212,0.857
alice,1,28624390,477,0.1094,0.8269,5.173,0.1322,,,,507,54,0.204,0.767
alice,1,28624390,478,0.1535,0.8183,5.1244,0.1322,,,,519,39,0.214,0.813
alice,1,28624390,479,0.0963,0.7903,4.75,0.1322,,,,525,53,0.214,0.874
alice,1,28624390,480,0.1206,0.8428,4.9688,0.1322,,,,527,34,0.225,0.721
alice,1,28624390,481,0.1153,0.8272,4.9728,0.1322,,,,514,46,0.212,0.788
alice,1,28624390,482,0.1399,0.8406,5.1283,0.1322,,,,512,48,0.217,0.835
alice,1,28624390,483,0.0936,0.8201,4.7114,0.1322,,,,520,52,0.208,0.75
alice,1,28624390,484,0.1115,0.8701,4.91,0.1322,,,,522,45,0.212,0.655
alice,1,28624390,485,0.1245,0.827,4.8691,0.1322,,,,516,47,0.211,0.855
alice,1,28624390,486,0.1019,0.8067,5.0749,0.1322,,,,523,45,0.212,0.804
alice,1,28624390,487,0.0974,0.7939,4.877,0.1322,,,,519,58,0.205,0.657
alice,1,28624390,488,0.0928,0.7674,4.9091,0.1322,,,,519,57,0.218,0.727
alice,1,28624390,489,0.1106,0.7938,5.0702,0.1322,,,,509,57,0.209,0.773
alice,1,28624390,490,0.1078,0.8039,4.7487,0.1322,,,,515,38,0.224,0.775
alice,1,28624390,491,0.1087,0.8027,4.9171,0.1322,,,,523,45,0.222,0.914
alice,1,28624390,492,0.1078,0.8566,5.0984,0.1322,,,,511,50,0.224,0.753
alice,1,28624390,493,0.1106,0.8436,5.0758,0.1322,,,,513,61,0.213,0.749
alice,1,28624390,494,0.1006,0.8464,4.9703,0.1322,,,,511,70,0.205,0.7
alice,1,28624390,495,0.1191,0.8717,4.8483,0.1322,,,,520,54,0.216,0.795
alice,1,28624390,496,0.099,0.8793,4.9387,0.1322,,,,527,31,0.239,0.758
alice,1,28624390,497,0.1196,0.8652,5.1082,0.1322,,,,512,50,0.224,0.702
alice,1,28624390,498,0.0865,0.7873,4.9301,0.1322,,,,503,92,0.204,0.835
alice,1,28624390,499,0.0656,0.757,4.8268,0.1322,,,,492,122,0.187,0.747
alice,1,28624390,500,0.0877,0.7422,4.4824,0.1322,,,,513,98,0.188,0.612
alice,1,28624390,501,0.0822,0.8169,4.8168,0.1322,,,,519,58,0.207,0.84
alice,1,28624390,502,0.0886,0.8075,4.6381,0.1322,,,,517,62,0.212,0.814
alice,1,28624390,503,0.0785,0.8959,4.8271,0.1322,,,,517,55,0.208,0.895
alice,1,28624390,504,0.1158,0.9579,5.1713,0.1322,,,,514,45,0.221,0.825
alice,1,28624390,505,0.0978,0.8834,4.8246,0.1322,,,,520,50,0.22,0.671
alice,1,28624390,506,0.1025,0.9284,5.0901,0.1322,,,,517,51,0.221,0.831
alice,1,28624390,507,0.1343,0.8994,4.8333,0.1322,,,,528,38,0.227,0.733
alice,1,28624390,508,0.1106,0.9008,4.9776,0.1322,,,,523,47,0.227,0.844
alice,1,28624390,509,0.128,0.8531,5.0096,0.1322,,,,527,48,0.213,0.676
alice,1,28624390,510,0.1087,0.813,4.6634,0.1322,,,,518,56,0.224,0.817
alice,1,28624390,511,0.1002,0.9187,4.8972,0.1322,,,,513,52,0.219,0.769
alice,1,28624390,512,0.1126,0.8597,4.9052,0.1322,,,,526,53,0.216,0.685
alice,1,28624390,513,0.1161,0.8348,4.9949,0.1322,,,,517,51,0.219,0.696
alice,1,28624390,514,0.1051,0.8222,4.9261,0.1322,,,,522,49,0.214,0.667
alice,1,28624390,515,0.0986,0.8274,4.9497,0.1322,,,,512,54,0.208,0.75
alice,1,28624390,516,0.0996,0.8487,4.8696,0.1322,,,,528,42,0.225,0.711
alice,1,28624390,517,0.107,0.8325,4.9246,0.1322,,,,519,46,0.211,0.621
alice,1,28624390,518,0.1025,0.8151,5.0155,0.1322,,,,508,55,0.212,0.719
alice,1,28624390,519,0.1211,0.8302,5.2021,0.1322,,,,512,64,0.211,0.639
alice,1,28624390,520,0.125,0.7491,4.6465,0.1322,,,,531,58,0.221,0.72
alice,1,28624390,521,0.1039,0.8034,4.6821,0.1322,,,,518,47,0.216,0.695
alice,1,28624390,522,0.1103,0.7789,4.7216,0.1322,,,,530,44,0.212,0.89
alice,1,28624390,523,0.1283,0.7775,4.905,0.1322,,,,523,37,0.233,0.744
alice,1,28624390,524,0.1334,0.7453,4.7765,0.1322,,,,524,43,0.217,0.84
alice,1,28624390,525,0.1294,0.7903,4.8011,0.1322,,,,512,43,0.227,0.966
alice,1,28624390,526,0.1501,0.7654,4.6169,0.1322,,,,535,37,0.225,0.842
alice,1,28624390,527,0.1137,0.8077,4.9219,0.1322,,,,507,55,0.222,0.757
alice,1,28624390,528,0.1149,0.8309,4.9064,0.1322,,,,515,61,0.213,0.753
alice,1,28624390,529,0.1125,0.8034,4.81,0.1322,,,,525,60,0.216,0.783
alice,1,28624390,530,0.1291,0.8401,4.7268,0.1322,,,,516,47,0.221,0.878
alice,1,28624390,531,0.1042,0.8249,4.8152,0.1322,,,,526,54,0.214,0.651
alice,1,28624390,532,0.1274,0.837,4.7333,0.1322,,,,532,40,0.225,0.735
alice,1,28624390,533,0.1157,0.759,4.6895,0.1322,,,,526,49,0.228,0.954
alice,1,28624390,534,0.1069,0.7734,4.9006,0.1322,,,,514,50,0.218,0.696
alice,1,28624390,535,0.1122,0.7889,4.8859,0.1322,,,,511,60,0.215,0.687
alice,1,28624390,536,0.1038,0.8475,4.8794,0.1322,,,,523,29,0.228,0.726
alice,1,28624390,537,0.1137,0.8,4.6766,0.1322,,,,524,43,0.236,0.793
alice,1,28624390,538,0.0866,0.8226,4.9124,0.1322,,,,519,50,0.229,0.849
alice,1,28624390,539,0.096,0.8114,4.7938,0.1322,,,,521,48,0.217,0.664
alice,1,28624390,540,0.0987,0.8719,4.9801,0.1322,,,,522,32,0.225,0.664
alice,1,28624390,541,0.0849,0.8366,4.767,0.1322,,,,522,60,0.211,0.704
alice,1,28624390,542,0.0927,0.8111,4.801,0.1322,,,,524,53,0.214,0.85
alice,1,28624390,543,0.0969,0.7921,4.9688,0.1322,,,,517,53,0.222,0.74
alice,1,28624390,544,0.1039,0.7853,4.6601,0.1322,,,,530,40,0.224,0.949
alice,1,28624390,545,0.1017,0.8156,4.7164,0.1322,,,,524,37,0.228,0.673
alice,1,28624390,546,0.096,0.8402,5.0,0.1322,,,,524,38,0.225,0.694
alice,1,28624390,547,0.1074,0.7825,4.8158,0.1322,,,,524,51,0.226,0.788
alice,1,28624390,548,0.1149,0.8024,4.8413,0.1322,,,,519,42,0.223,0.782
alice,1,28624390,549,0.0887,0.8491,5.0309,0.1322,,,,523,27,0.231,0.812
alice,1,28624390,550,0.0902,0.8672,4.9158,0.1322,,,,525,35,0.229,0.716
alice,1,28624390,551,0.1236,0.8279,4.9482,0.1322,,,,512,49,0.224,0.975
alice,1,28624390,552,0.0877,0.8586,4.8483,0.1322,,,,527,43,0.216,0.765
alice,1,28624390,553,0.1155,0.8047,4.9635,0.1322,,,,520,54,0.226,0.725
alice,1,28624390,554,0.0951,0.7656,4.5505,0.1322,,,,537,45,0.235,0.926
alice,1,28624390,555,0.111,0.7756,4.7135,0.1322,,,,522,37,0.241,0.857
alice,1,28624390,556,0.1169,0.8144,4.754,0.1322,,,,526,32,0.234,0.734
alice,1,28624390,557,0.071,0.809,4.7926,0.1322,,,,525,36,0.218,0.908
alice,1,28624390,558,0.0946,0.7862,4.8475,0.1322,,,,521,45,0.224,0.84
alice,1,28624390,559,0.0854,0.749,4.4348,0.1322,,,,525,53,0.218,0.76
alice,1,28624390,560,0.1003,0.7984,4.6158,0.1322,,,,523,39,0.213,0.652
alice,1,28624390,561,0.1003,0.7847,4.8548,0.1322,,,,529,36,0.214,0.718
alice,1,28624390,562,0.0964,0.7674,4.6296,0.1322,,,,527,40,0.215,0.765
alice,1,28624390,563,0.097,0.7685,4.8427,0.1322,,,,517,51,0.224,0.798
alice,1,28624390,564,0.0976,0.7552,4.6966,0.1322,,,,523,53,0.214,0.706
alice,1,28624390,565,0.0781,0.7538,4.4211,0.1322,,,,526,52,0.203,0.619
alice,1,28624390,566,0.0922,0.8212,4.6583,0.1322,,,,527,35,0.226,0.809
alice,1,28624390,567,0.1157,0.8317,4.772,0.1322,,,,521,38,0.231,0.886
alice,1,28624390,568,0.0896,0.8434,4.7035,0.1322,,,,523,46,0.222,0.833
alice,1,28624390,569,0.114,0.8087,4.6683,0.1322,,,,531,42,0.223,0.783
alice,1,28624390,570,0.1311,0.823,4.7718,0.1322,,,,519,41,0.223,0.785
alice,1,28624390,571,0.0885,0.7997,4.7164,0.1322,,,,523,54,0.219,0.772
alice,1,28624390,572,0.1112,0.7441,4.6198,0.1322,,,,532,49,0.212,0.852
alice,1,28624390,573,0.1044,0.7713,4.7955,0.1322,,,,518,48,0.227,0.7
alice,1,28624390,574,0.102,0.7798,4.8966,0.1322,,,,525,34,0.239,0.813
alice,1,28624390,575,0.1161,0.76,4.7159,0.1322,,,,528,27,0.227,0.822
alice,1,28624390,576,0.0833,0.8068,4.8466,0.1322,,,,522,37,0.217,0.701
alice,1,28624390,577,0.0872,0.8583,4.9126,0.1322,,,,515,43,0.22,0.793
alice,1,28624390,578,0.1033,0.8453,4.8454,0.1322,,,,514,51,0.225,0.833
alice,1,28624390,579,0.1092,0.8497,5.0249,0.1322,,,,518,42,0.218,0.8
alice,1,28624390,580,0.1344,0.7832,4.649,0.1322,,,,529,47,0.222,0.711
alice,1,28624390,581,0.1336,0.7815,4.5047,0.1322,,,,538,33,0.234,0.786
alice,1,28624390,582,0.0989,0.7648,4.4975,0.1322,,,,537,42,0.224,0.797
alice,1,28624390,583,0.0663,0.7988,4.6031,0.1322,,,,509,52,0.212,0.796
alice,1,28624390,584,0.1298,0.755,4.5124,0.1322,,,,534,50,0.223,0.673
alice,1,28624390,585,0.0861,0.7877,4.7566,0.1322,,,,525,39,0.211,0.733
alice,1,28624390,586,0.1067,0.7387,4.599,0.1322,,,,527,46,0.217,0.658
alice,1,28624390,587,0.108,0.799,4.8901,0.1322,,,,518,39,0.236,0.866
alice,1,28624390,588,0.1216,0.7819,4.6311,0.1322,,,,524,39,0.217,0.81
alice,1,28624390,589,0.1073,0.7995,4.6946,0.1322,,,,521,54,0.216,0.865
alice,1,28624390,590,0.1174,0.7759,4.6751,0.1322,,,,513,59,0.205,0.665
alice,1,28624390,591,0.1241,0.7985,4.7379,0.1322,,,,523,56,0.218,0.888
alice,1,28624390,592,0.1369,0.8352,4.8744,0.1322,,,,526,36,0.222,0.733
alice,1,28624390,593,0.0974,0.8171,4.7282,0.1322,,,,536,37,0.214,0.894
alice,1,28624390,594,0.0789,0.7721,4.5373,0.1322,,,,523,62,0.202,0.747
alice,1,28624390,595,0.1022,0.7806,4.602,0.1322,,,,520,53,0.211,0.858
alice,1,28624390,596,0.1367,0.8124,4.8469,0.1322,,,,520,43,0.216,0.775
alice,1,28624390,597,0.1359,0.8032,4.6377,0.1322,,,,521,42,0.218,0.831
alice,1,28624390,598,0.1352,0.8278,4.8564,0.1322,,,,531,37,0.221,0.75
alice,1,28624390,599,0.106,0.8382,5.1123,0.1322,,,,508,54,0.22,0.788
alice,1,28624390,600,0.1284,0.7801,4.9271,0.1322,,,,521,54,0.215,0.729
alice,1,28624390,601,0.105,0.7583,4.6952,0.1322,,,,520,61,0.217,0.757
alice,1,28624390,602,0.0809,0.7377,4.6032,0.1322,,,,497,97,0.205,0.813
alice,1,28624390,603,0.094,0.7539,4.5777,0.1322,,,,521,72,0.216,0.8
alice,1,28624390,604,0.093,0.8739,4.8664,0.1322,,,,520,39,0.231,0.852
alice,1,28624390,605,0.128,0.7785,4.5576,0.1322,,,,528,59,0.214,0.895
alice,1,28624390,606,0.1131,0.8288,4.8048,0.1322,,,,531,34,0.238,0.866
alice,1,28624390,607,0.1146,0.8247,4.8856,0.1322,,,,518,46,0.232,0.918
alice,1,28624390,608,0.1254,0.7751,4.57,0.1322,,,,521,56,0.234,0.889
alice,1,28624390,609,0.1373,0.8275,4.7512,0.1322,,,,526,33,0.228,0.791
alice,1,28624390,610,0.1222,0.8424,4.9429,0.1322,,,,523,35,0.235,0.671
alice,1,28624390,611,0.1208,0.814,4.7454,0.1322,,,,526,44,0.22,0.737
alice,1,28624390,612,0.1518,0.8313,4.7658,0.1322,,,,537,35,0.229,0.691
alice,1,28624390,613,0.0907,0.8758,4.8394,0.1322,,,,525,36,0.221,0.797
alice,1,28624390,614,0.1244,0.8068,4.7619,0.1322,,,,528,39,0.237,0.785
alice,1,28624390,615,0.1227,0.7874,4.8168,0.1322,,,,524,46,0.217,0.71
alice,1,28624390,616,0.1326,0.8146,4.8365,0.1322,,,,531,27,0.238,0.735
alice,1,28624390,617,0.1342,0.8118,4.6197,0.1322,,,,530,38,0.23,0.87
alice,1,28624390,618,0.0967,0.8228,4.799,0.1322,,,,522,45,0.222,0.759
alice,1,28624390,619,0.0944,0.8023,4.7596,0.1322,,,,520,48,0.211,0.656
alice,1,28624390,620,0.1082,0.7415,4.414,0.1322,,,,525,62,0.221,0.789
alice,1,28624390,621,0.1007,0.7644,4.7895,0.1322,,,,518,71,0.209,0.725
alice,1,28624390,622,0.0974,0.8159,4.8371,0.1322,,,,515,61,0.207,0.656
alice,1,28624390,623,0.1101,0.7743,4.3707,0.1322,,,,533,60,0.215,0.84
alice,1,28624390,624,0.1207,0.7949,4.729,0.1322,,,,525,57,0.21,0.844
alice,1,28624390,625,0.1222,0.8057,4.6667,0.1322,,,,529,44,0.225,0.691
alice,1,28624390,626,0.115,0.7722,4.791,0.1322,,,,523,56,0.216,0.737
alice,1,28624390,627,0.1173,0.8542,4.9073,0.1322,,,,520,39,0.234,0.982
alice,1,28624390,628,0.0976,0.8458,4.8883,0.1322,,,,527,44,0.225,0.952
alice,1,28624390,629,0.1198,0.8485,4.7619,0.1322,,,,524,31,0.233,0.882
alice,1,28624390,630,0.1141,0.874,4.8447,0.1322,,,,525,35,0.238,0.885
alice,1,28624390,631,0.1115,0.873,5.0721,0.1322,,,,519,44,0.241,0.746
alice,1,28624390,632,0.1113,0.8506,4.9,0.1322,,,,530,30,0.23,0.745
alice,1,28624390,633,0.097,0.8314,4.8719,0.1322,,,,518,47,0.229,0.818
alice,1,28624390,634,0.1156,0.8345,4.8057,0.1322,,,,529,27,0.24,0.728
alice,1,28624390,635,0.1276,0.8372,4.6316,0.1322,,,,531,25,0.232,0.816
alice,1,28624390,636,0.1056,0.8372,4.7788,0.1322,,,,531,35,0.228,0.736
alice,1,28624390,637,0.0857,0.8692,4.7424,0.1322,,,,527,43,0.226,0.643
alice,1,28624390,638,0.092,0.8638,4.6903,0.1322,,,,534,31,0.239,0.791
alice,1,28624390,639,0.1122,0.8761,4.7955,0.1322,,,,530,28,0.241,0.79
alice,1,28624390,640,0.1145,0.833,4.7406,0.1322,,,,535,38,0.244,0.857
alice,1,28624390,641,0.0926,0.802,4.8051,0.1322,,,,532,35,0.225,0.762
alice,1,28624390,642,0.0879,0.7651,4.5714,0.1322,,,,530,37,0.232,0.848
alice,1,28624390,643,0.0884,0.7716,4.7017,0.1322,,,,524,35,0.236,0.817
alice,1,28624390,644,0.0903,0.7863,4.779,0.1322,,,,522,39,0.224,0.88
alice,1,28624390,645,0.0655,0.7523,4.3177,0.1322,,,,538,28,0.229,0.783
alice,1,28624390,646,0.0723,0.7709,4.6906,0.1322,,,,514,44,0.223,0.665
alice,1,28624390,647,0.1019,0.8159,4.7005,0.1322,,,,525,26,0.239,0.768
alice,1,28624390,648,0.0928,0.8626,4.7389,0.1322,,,,527,34,0.234,0.633
alice,1,28624390,649,0.0906,0.7992,4.8497,0.1322,,,,528,36,0.24,0.782
alice,1,28624390,650,0.0846,0.8038,4.4898,0.1322,,,,529,36,0.237,0.827
alice,1,28624390,651,0.0912,0.8033,4.6947,0.1322,,,,526,42,0.229,0.729
alice,1,28624390,652,0.1269,0.7722,4.559,0.1322,,,,527,33,0.241,0.758
alice,1,28624390,653,0.0788,0.7582,4.6562,0.1322,,,,518,44,0.225,0.668
alice,1,28624390,654,0.0778,0.7942,4.5217,0.1322,,,,529,38,0.228,0.706
alice,1,28624390,655,0.0934,0.8343,4.699,0.1322,,,,525,41,0.23,0.75
alice,1,28624390,656,0.1243,0.8306,4.88,0.1322,,,,528,38,0.24,0.985
alice,1,28624390,657,0.1271,0.7979,4.7822,0.1322,,,,514,43,0.238,0.766
alice,1,28624390,658,0.1213,0.7786,4.7356,0.1322,,,,528,36,0.233,0.643
alice,1,28624390,659,0.1104,0.8299,4.9282,0.1322,,,,522,35,0.237,0.885
alice,1,28624390,660,0.1437,0.8361,5.0333,0.1322,,,,526,26,0.249,0.825
alice,1,28624390,661,0.1318,0.762,4.5116,0.1322,,,,542,25,0.226,0.666
alice,1,28624390,662,0.1237,0.7913,4.615,0.1322,,,,532,29,0.232,0.715
alice,1,28624390,663,0.1435,0.7764,4.5953,0.1322,,,,537,30,0.23,0.766
alice,1,28624390,664,0.1002,0.8507,4.9856,0.1322,,,,521,32,0.231,1.058
alice,1,28624390,665,0.12,0.7692,4.5581,0.1322,,,,546,32,0.231,0.756
alice,1,28624390,666,0.1225,0.8412,4.9137,0.1322,,,,526,25,0.237,0.886
alice,1,28624390,667,0.0867,0.7745,4.4286,0.1322,,,,532,43,0.231,0.769
alice,1,28624390,668,0.1069,0.7986,4.6634,0.1322,,,,534,39,0.226,0.839
alice,1,28624390,669,0.123,0.7985,4.698,0.1322,,,,528,34,0.238,0.772
alice,1,28624390,670,0.1214,0.8061,4.8454,0.1322,,,,529,39,0.223,0.717
alice,1,28624390,671,0.1101,0.7615,4.5528,0.1322,,,,536,21,0.244,0.797
alice,1,28624390,672,0.0945,0.7904,4.5255,0.1322,,,,527,39,0.227,0.678
alice,1,28624390,673,0.1067,0.7696,4.7344,0.1322,,,,529,38,0.242,0.809
alice,1,28624390,674,0.1328,0.7179,4.5676,0.1322,,,,535,36,0.239,0.847
alice,1,28624390,675,0.1149,0.7276,4.5026,0.1322,,,,531,36,0.232,0.864
alice,1,28624390,676,0.1125,0.7755,4.56,0.1322,,,,532,30,0.235,0.77
alice,1,28624390,677,0.1026,0.813,4.7969,0.1322,,,,523,38,0.241,0.79
alice,1,28624390,678,0.1112,0.7775,4.5412,0.1322,,,,537,38,0.232,0.764
alice,1,28624390,679,0.1021,0.7978,4.3952,0.1322,,,,527,32,0.226,0.883
alice,1,28624390,680,0.0984,0.8644,4.6933,0.1322,,,,536,28,0.239,0.678
alice,1,28624390,681,0.099,0.7997,4.4908,0.1322,,,,539,34,0.236,0.747
alice,1,28624390,682,0.1214,0.7902,4.4928,0.1322,,,,537,30,0.236,0.626
alice,1,28624390,683,0.1063,0.7343,4.5381,0.1322,,,,530,39,0.234,0.779
alice,1,28624390,684,0.135,0.8076,4.6748,0.1322,,,,531,26,0.241,0.836
alice,1,28624390,685,0.1359,0.7797,4.7476,0.1322,,,,527,34,0.236,0.789
alice,1,28624390,686,0.1249,0.7939,4.6038,0.1322,,,,526,34,0.239,0.822
alice,1,28624390,687,0.1306,0.8455,5.0481,0.1322,,,,519,32,0.227,0.801
alice,1,28624390,688,0.1263,0.838,4.9668,0.1322,,,,527,36,0.237,0.699
alice,1,28624390,689,0.1362,0.8333,4.9324,0.1322,,,,522,34,0.236,0.818
alice,1,28624390,690,0.1467,0.8272,4.89,0.1322,,,,530,37,0.236,0.792
alice,1,28624390,691,0.0908,0.7733,4.3881,0.1322,,,,536,35,0.219,0.933
alice,1,28624390,692,0.1006,0.8105,4.7951,0.1322,,,,530,38,0.233,0.725
alice,1,28624390,693,0.1154,0.8423,4.7943,0.1322,,,,532,25,0.237,0.775
alice,1,28624390,694,0.0992,0.8353,4.9154,0.1322,,,,518,44,0.228,0.835
alice,1,28624390,695,0.0903,0.7961,4.3318,0.1322,,,,550,23,0.236,0.711
alice,1,28624390,696,0.1037,0.8616,4.9901,0.1322,,,,527,27,0.229,0.783
alice,1,28624390,697,0.1124,0.8117,4.798,0.1322,,,,527,36,0.232,0.799
alice,1,28624390,698,0.1266,0.8034,4.6429,0.1322,,,,536,36,0.231,0.811
alice,1,28624390,699,0.1204,0.8561,4.9394,0.1322,,,,532,30,0.244,0.687
alice,1,28624390,700,0.1025,0.7909,4.4706,0.1322,,,,530,33,0.228,0.79
alice,1,28624390,701,0.0909,0.8305,4.7537,0.1322,,,,528,37,0.238,0.75
alice,1,28624390,702,0.1049,0.8379,4.6056,0.1322,,,,533,26,0.225,0.85
alice,1,28624390,703,0.0929,0.813,4.7184,0.1322,,,,536,34,0.234,0.661
alice,1,28624390,704,0.0885,0.8233,4.3972,0.1322,,,,534,31,0.242,0.755
alice,1,28624390,705,0.0836,0.7978,4.4811,0.1322,,,,525,54,0.237,0.839
alice,1,28624390,706,0.1117,0.7948,4.4028,0.1322,,,,528,42,0.236,0.861
alice,1,28624390,707,0.126,0.8263,4.6055,0.1322,,,,541,35,0.244,0.78
alice,1,28624390,708,0.1164,0.8072,4.6616,0.1322,,,,541,28,0.245,0.835
alice,1,28624390,709,0.1073,0.8087,4.4554,0.1322,,,,531,23,0.24,0.715
alice,1,28624390,710,0.1157,0.7767,4.6061,0.1322,,,,535,31,0.241,0.867
alice,1,28624390,711,0.1195,0.7488,4.5737,0.1322,,,,531,38,0.242,0.814
alice,1,28624390,712,0.1139,0.7751,4.567,0.1322,,,,531,27,0.232,0.711
alice,1,28624390,713,0.0923,0.8163,4.6552,0.1322,,,,525,29,0.234,0.766
alice,1,28624390,714,0.0878,0.8338,4.6449,0.1322,,,,524,35,0.241,0.828
alice,1,28624390,715,0.0818,0.8654,4.8972,0.1322,,,,529,35,0.247,0.784
alice,1,28624390,716,0.1195,0.8139,4.7882,0.1322,,,,528,30,0.251,0.73
alice,1,28624390,717,0.1416,0.7692,4.6766,0.1322,,,,536,31,0.255,0.801
alice,1,28624390,718,0.1274,0.7625,4.5473,0.1322,,,,529,26,0.252,0.77
alice,1,28624390,719,0.1044,0.7897,4.6763,0.1322,,,,523,32,0.24,0.633
alice,1,28624390,720,0.1127,0.81,4.6761,0.1322,,,,536,29,0.265,0.727
alice,1,28624390,721,0.1166,0.8232,4.91,0.1322,,,,537,22,0.261,0.981
alice,1,28624390,722,0.1125,0.7715,4.658,0.1322,,,,535,27,0.242,0.681
alice,1,28624390,723,0.0828,0.8119,4.6497,0.1322,,,,530,22,0.252,0.794
alice,1,28624390,724,0.0806,0.7888,4.4927,0.1322,,,,539,25,0.239,0.683
alice,1,28624390,725,0.0882,0.8283,4.8497,0.1322,,,,528,25,0.253,0.699
alice,1,28624390,726,0.0861,0.8223,4.6468,0.1322,,,,533,26,0.246,0.764
alice,1,28624390,727,0.0839,0.8077,4.736,0.1322,,,,523,37,0.245,0.776
alice,1,28624390,728,0.102,0.8245,4.7291,0.1322,,,,535,24,0.249,0.75
alice,1,28624390,729,0.0845,0.8213,4.4907,0.1322,,,,540,22,0.246,0.825
alice,1,28624390,730,0.0866,0.8552,4.7548,0.1322,,,,525,28,0.238,0.865
alice,1,28624390,731,0.1041,0.7943,4.5023,0.1322,,,,538,28,0.237,0.738
alice,1,28624390,732,0.1098,0.8027,4.4455,0.1322,,,,541,30,0.249,0.756
alice,1,28624390,733,0.0879,0.8064,4.6181,0.1322,,,,531,36,0.237,0.752
alice,1,28624390,734,0.0887,0.8734,4.6762,0.1322,,,,532,18,0.233,0.853
alice,1,28624390,735,0.1215,0.8167,4.6634,0.1322,,,,534,32,0.243,0.788
alice,1,28624390,736,0.1188,0.8024,4.702,0.1322,,,,531,23,0.242,0.744
alice,1,28624390,737,0.1189,0.7993,4.6068,0.1322,,,,531,28,0.243,0.824
alice,1,28624390,738,0.1016,0.8432,4.5611,0.1322,,,,544,14,0.254,0.754
alice,1,28624390,739,0.1045,0.7718,4.5024,0.1322,,,,539,33,0.237,1.015
alice,1,28624390,740,0.103,0.8459,4.8607,0.1322,,,,518,42,0.24,0.71
alice,1,28624390,741,0.1162,0.7911,4.3529,0.1322,,,,543,27,0.251,0.803
alice,1,28624390,742,0.0993,0.808,4.4929,0.1322,,,,538,31,0.24,0.746
alice,1,28624390,743,0.1108,0.8148,4.5385,0.1322,,,,535,31,0.238,0.854
alice,1,28624390,744,0.0986,0.8422,4.7204,0.1322,,,,531,22,0.235,0.653
alice,1,28624390,745,0.1145,0.8255,4.5616,0.1322,,,,537,20,0.249,0.804
alice,1,28624390,746,0.1142,0.8346,4.6093,0.1322,,,,536,31,0.235,0.896
alice,1,28624390,747,0.1213,0.7672,4.3456,0.1322,,,,546,37,0.234,0.988
alice,1,28624390,748,0.1123,0.819,4.6585,0.1322,,,,523,37,0.235,0.848
alice,1,28624390,749,0.1058,0.8305,4.7251,0.1322,,,,528,36,0.246,0.835
alice,1,28624390,750,0.1244,0.8766,4.8798,0.1322,,,,528,30,0.254,0.829
alice,1,28624390,751,0.1179,0.859,4.7535,0.1322,,,,533,33,0.251,0.698
alice,1,28624390,752,0.1124,0.8753,4.8436,0.1322,,,,534,28,0.243,0.749
alice,1,28624390,753,0.0959,0.7721,4.4059,0.1322,,,,511,77,0.219,0.782
alice,1,28624390,754,0.0926,0.8391,4.7594,0.1322,,,,529,48,0.226,0.725
alice,1,28624390,755,0.0783,0.8497,4.5924,0.1322,,,,533,37,0.232,0.78
alice,1,28624390,756,0.0919,0.8488,4.6746,0.1322,,,,528,34,0.241,0.717
alice,1,28624390,757,0.0782,0.836,4.6854,0.1322,,,,527,34,0.235,0.72
alice,1,28624390,758,0.1097,0.8152,4.6479,0.1322,,,,533,42,0.237,0.711
alice,1,28624390,759,0.099,0.8291,4.6573,0.1322,,,,536,26,0.251,0.817
alice,1,28624390,760,0.0954,0.8531,4.866,0.1322,,,,524,29,0.244,0.768
alice,1,28624390,761,0.104,0.7888,4.6875,0.1322,,,,530,38,0.249,0.826
alice,1,28624390,762,0.0826,0.8371,4.6791,0.1322,,,,526,36,0.249,0.758
alice,1,28624390,763,0.0828,0.7675,4.4253,0.1322,,,,532,61,0.22,0.764
alice,1,28624390,764,0.0973,0.7902,4.5472,0.1322,,,,522,62,0.228,0.741
alice,1,28624390,765,0.1098,0.7793,4.6587,0.1322,,,,525,48,0.23,0.676
alice,1,28624390,766,0.0943,0.7997,4.5136,0.1322,,,,534,28,0.251,0.802
alice,1,28624390,767,0.1193,0.8163,4.7243,0.1322,,,,533,28,0.243,0.769
alice,1,28624390,768,0.1047,0.8179,4.5611,0.1322,,,,536,27,0.245,0.685
alice,1,28624390,769,0.0895,0.813,4.763,0.1322,,,,522,45,0.238,0.794
alice,1,28624390,770,0.1122,0.7819,4.6842,0.1322,,,,532,36,0.25,0.756
alice,1,28624390,771,0.1098,0.8276,4.7042,0.1322,,,,535,24,0.25,0.775
alice,1,28624390,772,0.1161,0.8093,4.7799,0.1322,,,,533,28,0.241,0.828
alice,1,28624390,773,0.1235,0.7348,4.5196,0.1322,,,,538,41,0.24,0.638
alice,1,28624390,774,0.1205,0.7719,4.6355,0.1322,,,,522,41,0.25,0.837
alice,1,28624390,775,0.1209,0.7346,4.3519,0.1322,,,,543,38,0.241,0.749
alice,1,28624390,776,0.109,0.7769,4.5327,0.1322,,,,530,36,0.226,0.673
alice,1,28624390,777,0.1095,0.8052,4.5023,0.1322,,,,521,57,0.229,0.741
alice,1,28624390,778,0.1645,0.8165,4.6739,0.1322,,,,540,32,0.247,0.694
alice,1,28624390,779,0.1338,0.8199,4.5522,0.1322,,,,537,27,0.252,0.794
alice,1,28624390,780,0.1137,0.827,4.6272,0.1322,,,,531,28,0.248,0.715
alice,1,28624390,781,0.1274,0.8403,4.8206,0.1322,,,,538,27,0.258,0.73
alice,1,28624390,782,0.1207,0.8153,4.7915,0.1322,,,,521,37,0.262,0.932
alice,1,28624390,783,0.1511,0.7518,4.6333,0.1322,,,,542,28,0.253,0.845
alice,1,28624390,784,0.0951,0.8116,4.801,0.1322,,,,523,20,0.261,0.653
alice,1,28624390,785,0.1171,0.7924,4.7346,0.1322,,,,531,29,0.243,0.971
alice,1,28624390,786,0.1156,0.7735,4.719,0.1322,,,,539,22,0.251,0.886
alice,1,28624390,787,0.0954,0.757,4.4976,0.1322,,,,535,43,0.249,0.762
alice,1,28624390,788,0.0928,0.779,4.4171,0.1322,,,,535,34,0.249,0.88
alice,1,28624390,789,0.0948,0.8275,4.6683,0.1322,,,,522,39,0.25,0.769
alice,1,28624390,790,0.1168,0.8386,4.7143,0.1322,,,,530,26,0.243,0.807
alice,1,28624390,791,0.1083,0.8745,4.7867,0.1322,,,,530,26,0.259,0.804
alice,1,28624390,792,0.1053,0.873,4.6134,0.1322,,,,531,25,0.245,0.827
alice,1,28624390,793,0.1149,0.898,4.7957,0.1322,,,,540,31,0.247,0.682
alice,1,28624390,794,0.1082,0.8857,4.9409,0.1322,,,,530,30,0.237,0.745
alice,1,28624390,795,0.0975,0.8518,4.7991,0.1322,,,,527,38,0.246,0.833
alice,1,28624390,796,0.1103,0.8352,4.6964,0.1322,,,,532,43,0.238,0.749
alice,1,28624390,797,0.1244,0.8905,4.9591,0.1322,,,,530,31,0.246,0.763
alice,1,28624390,798,0.0948,0.8522,4.4681,0.1322,,,,540,23,0.261,0.883
alice,1,28624390,799,0.121,0.8355,4.6682,0.1322,,,,540,34,0.262,0.861
alice,1,28624390,800,0.1043,0.8622,4.6971,0.1322,,,,531,35,0.25,0.827
alice,1,28624390,801,0.1193,0.8261,4.7157,0.1322,,,,531,41,0.247,0.895
alice,1,28624390,802,0.1056,0.8498,4.7854,0.1322,,,,528,25,0.239,0.732
alice,1,28624390,803,0.1087,0.8582,4.7042,0.1322,,,,529,25,0.263,0.736
alice,1,28624390,804,0.1018,0.8222,4.4885,0.1322,,,,530,36,0.245,0.776
alice,1,28624390,805,0.1375,0.8202,4.6471,0.1322,,,,536,31,0.247,0.758
alice,1,28624390,806,0.0939,0.8234,4.4887,0.1322,,,,543,30,0.239,0.841
alice,1,28624390,807,0.0907,0.7963,4.7179,0.1322,,,,528,56,0.245,0.772
alice,1,28624390,808,0.1006,0.7954,4.5253,0.1322,,,,534,40,0.246,0.679
alice,1,28624390,809,0.0936,0.7924,4.5408,0.1322,,,,524,38,0.247,0.815
alice,1,28624390,810,0.0689,0.8308,4.6748,0.1322,,,,519,45,0.242,0.728
alice,1,28624390,811,0.1045,0.7898,4.278,0.1322,,,,547,37,0.253,0.85
alice,1,28624390,812,0.1031,0.7963,4.5769,0.1322,,,,533,29,0.245,0.714
alice,1,28624390,813,0.0921,0.8507,4.6164,0.1322,,,,532,26,0.259,0.721
alice,1,28624390,814,0.1113,0.8815,4.7366,0.1322,,,,537,24,0.257,0.783
alice,1,28624390,815,0.1063,0.8401,4.4605,0.1322,,,,538,24,0.258,0.844
alice,1,28624390,816,0.0924,0.8659,4.6927,0.1322,,,,533,31,0.261,0.843
alice,1,28624390,817,0.0801,0.8025,4.2896,0.1322,,,,541,37,0.237,0.866
alice,1,28624390,818,0.1221,0.8353,4.6762,0.1322,,,,541,27,0.261,0.858
alice,1,28624390,819,0.0806,0.8157,4.6533,0.1322,,,,517,48,0.233,0.87
alice,1,28624390,820,0.1114,0.8023,4.448,0.1322,,,,536,35,0.252,0.958
alice,1,28624390,821,0.1101,0.7991,4.4091,0.1322,,,,537,31,0.263,0.854
alice,1,28624390,822,0.1237,0.8139,4.6432,0.1322,,,,531,29,0.257,0.754
alice,1,28624390,823,0.1235,0.7993,4.3973,0.1322,,,,542,25,0.256,0.682
alice,1,28624390,824,0.0925,0.8166,4.5841,0.1322,,,,535,39,0.256,0.758
alice,1,28624390,825,0.1302,0.8134,4.7908,0.1322,,,,531,38,0.248,0.885
alice,1,28624390,826,0.1293,0.7835,4.6667,0.1322,,,,529,26,0.272,0.816
alice,1,28624390,827,0.1003,0.7627,4.5765,0.1322,,,,527,47,0.246,0.738
alice,1,28624390,828,0.1247,0.8122,4.6078,0.1322,,,,531,30,0.272,0.788
alice,1,28624390,829,0.12,0.8157,4.79,0.1322,,,,524,27,0.269,0.75
alice,1,28624390,830,0.107,0.8503,4.6364,0.1322,,,,539,20,0.269,0.854
alice,1,28624390,831,0.0957,0.8214,4.6095,0.1322,,,,520,39,0.242,0.958
alice,1,28624390,832,0.116,0.8597,4.7534,0.1322,,,,535,33,0.246,0.778
alice,1,28624390,833,0.1085,0.8389,4.6789,0.1322,,,,529,42,0.235,0.667
alice,1,28624390,834,0.1071,0.7718,4.4455,0.1322,,,,544,32,0.257,0.801
alice,1,28624390,835,0.1079,0.8389,4.8939,0.1322,,,,535,25,0.268,0.989
alice,1,28624390,836,0.0789,0.8131,4.7113,0.1322,,,,523,39,0.251,0.836
alice,1,28624390,837,0.0874,0.8162,4.5495,0.1322,,,,531,34,0.263,0.763
alice,1,28624390,838,0.091,0.8467,4.4389,0.1322,,,,526,35,0.26,0.679
alice,1,28624390,839,0.0933,0.8416,4.467,0.1322,,,,537,33,0.259,0.787
alice,1,28624390,840,0.1057,0.815,4.5535,0.1322,,,,540,33,0.261,0.909
alice,1,28624390,841,0.1028,0.8668,4.7847,0.1322,,,,526,27,0.247,0.764
alice,1,28624390,842,0.1115,0.8485,4.5576,0.1322,,,,548,27,0.256,0.817
alice,1,28624390,843,0.0784,0.7665,4.1435,0.1322,,,,537,32,0.248,0.784
alice,1,28624390,844,0.0834,0.8457,4.5728,0.1322,,,,537,26,0.26,0.693
alice,1,28624390,845,0.1033,0.8202,4.4076,0.1322,,,,543,23,0.27,0.741
alice,1,28624390,846,0.078,0.8051,4.4363,0.1322,,,,532,44,0.249,0.769
alice,1,28624390,847,0.0927,0.8364,4.5441,0.1322,,,,521,35,0.268,0.773
alice,1,28624390,848,0.0777,0.8426,4.6986,0.1322,,,,531,34,0.245,0.844
alice,1,28624390,849,0.0701,0.8252,4.3484,0.1322,,,,527,35,0.248,0.741
alice,1,28624390,850,0.1009,0.8559,4.7783,0.1322,,,,539,25,0.256,0.777
alice,1,28624390,851,0.1191,0.8001,4.4747,0.1322,,,,543,23,0.255,0.759
alice,1,28624390,852,0.0962,0.8348,4.6238,0.1322,,,,541,27,0.256,0.929
alice,1,28624390,853,0.0848,0.7625,4.3762,0.1322,,,,531,36,0.263,0.751
alice,1,28624390,854,0.0831,0.8578,4.4241,0.1322,,,,524,29,0.253,0.809
alice,1,28624390,855,0.1064,0.8587,4.4979,0.1322,,,,542,32,0.249,0.769
alice,1,28624390,856,0.1207,0.8336,4.384,0.1322,,,,550,25,0.261,0.739
alice,1,28624390,857,0.1066,0.8032,4.3476,0.1322,,,,541,35,0.258,0.785
alice,1,28624390,858,0.1405,0.8495,4.7273,0.1322,,,,534,26,0.272,0.741
alice,1,28624390,859,0.0877,0.8161,4.5848,0.1322,,,,525,50,0.234,0.897
alice,1,28624390,860,0.1167,0.777,4.3036,0.1322,,,,544,53,0.226,0.839
alice,1,28624390,861,0.1169,0.7891,4.5587,0.1322,,,,528,42,0.237,0.872
alice,1,28624390,862,0.1207,0.7915,4.3982,0.1322,,,,538,35,0.241,0.695
alice,1,28624390,863,0.1099,0.8296,4.431,0.1322,,,,540,28,0.252,0.754
alice,1,28624390,864,0.1052,0.8026,4.3717,0.1322,,,,547,37,0.248,0.909
alice,1,28624390,865,0.1119,0.8461,4.5204,0.1322,,,,546,12,0.266,0.791
alice,1,28624390,866,0.0877,0.7643,4.5075,0.1322,,,,529,31,0.257,0.832
alice,1,28624390,867,0.0963,0.829,4.6748,0.1322,,,,523,30,0.272,0.745
alice,1,28624390,868,0.1061,0.8016,4.4009,0.1322,,,,538,39,0.266,0.955
alice,1,28624390,869,0.1196,0.7905,4.5392,0.1322,,,,530,34,0.269,0.848
alice,1,28624390,870,0.1081,0.7801,4.3304,0.1322,,,,552,41,0.271,0.794
alice,1,28624390,871,0.0987,0.7752,4.3349,0.1322,,,,539,45,0.266,0.675
alice,1,28624390,872,0.1203,0.8186,4.6238,0.1322,,,,526,28,0.265,0.869
alice,1,28624390,873,0.1031,0.8011,4.5,0.1322,,,,534,28,0.261,0.744
alice,1,28624390,874,0.115,0.8126,4.6303,0.1322,,,,535,26,0.257,0.78
alice,1,28624390,875,0.1121,0.7765,4.1935,0.1322,,,,545,41,0.267,0.833
alice,1,28624390,876,0.1245,0.7654,4.1881,0.1322,,,,554,20,0.261,0.928
alice,1,28624390,877,0.1099,0.8089,4.4292,0.1322,,,,533,23,0.265,0.693
alice,1,28624390,878,0.1112,0.815,4.5952,0.1322,,,,539,19,0.268,0.825
alice,1,28624390,879,0.0962,0.7964,4.4115,0.1322,,,,536,29,0.271,0.808
alice,1,28624390,880,0.1036,0.7836,4.3381,0.1322,,,,537,30,0.276,0.734
alice,1,28624390,881,0.1113,0.8187,4.6766,0.1322,,,,532,24,0.282,0.793
alice,1,28624390,882,0.1103,0.7734,4.2512,0.1322,,,,542,24,0.281,0.877
alice,1,28624390,883,0.0967,0.7627,4.1636,0.1322,,,,540,37,0.265,0.771
alice,1,28624390,884,0.1017,0.7931,4.4019,0.1322,,,,533,38,0.266,0.932
alice,1,28624390,885,0.0985,0.7778,4.3667,0.1322,,,,537,43,0.258,0.801
alice,1,28624390,886,0.0914,0.7208,3.8933,0.1322,,,,555,50,0.266,0.742
alice,1,28624390,887,0.0902,0.8148,4.5588,0.1322,,,,531,34,0.269,0.794
alice,1,28624390,888,0.1132,0.8421,4.5164,0.1322,,,,531,27,0.276,0.835
alice,1,28624390,889,0.1166,0.8143,4.4123,0.1322,,,,547,22,0.275,0.829
alice,1,28624390,890,0.1043,0.7853,4.4238,0.1322,,,,537,42,0.252,0.804
alice,1,28624390,891,0.0799,0.7687,4.2048,0.1322,,,,515,71,0.243,0.71
alice,1,28624390,892,0.1171,0.7741,4.2389,0.1322,,,,553,40,0.259,0.849
alice,1,28624390,893,0.0971,0.7668,4.0991,0.1322,,,,543,34,0.264,0.827
alice,1,28624390,894,0.1025,0.8846,4.7921,0.1322,,,,531,31,0.281,0.973
alice,1,28624390,895,0.1082,0.8442,4.5143,0.1322,,,,532,31,0.271,0.817
alice,1,28624390,896,0.1002,0.8365,4.4352,0.1322,,,,535,31,0.248,0.808
alice,1,28624390,897,0.1126,0.7951,4.5415,0.1322,,,,540,36,0.258,0.894
alice,1,28624390,898,0.0996,0.812,4.4537,0.1322,,,,534,23,0.275,0.774
alice,1,28624390,899,0.1003,0.7964,4.5124,0.1322,,,,537,28,0.261,0.737
alice,1,28624390,900,0.0798,0.7705,4.2709,0.1322,,,,538,34,0.266,0.813
alice,1,28624390,901,0.0908,0.7837,4.4478,0.1322,,,,539,26,0.262,0.747
alice,1,28624390,902,0.0884,0.8268,4.5124,0.1322,,,,531,29,0.275,0.74
alice,1,28624390,903,0.1067,0.8283,4.6411,0.1322,,,,533,25,0.283,0.721
alice,1,28624390,904,0.1311,0.8153,4.4791,0.1322,,,,549,16,0.297,0.747
alice,1,28624390,905,0.0873,0.8092,4.3835,0.1322,,,,539,28,0.266,0.804
alice,1,28624390,906,0.0858,0.8678,4.6359,0.1322,,,,535,15,0.286,0.795
alice,1,28624390,907,0.0997,0.8414,4.5048,0.1322,,,,538,19,0.269,0.863
alice,1,28624390,908,0.0715,0.8655,4.6398,0.1322,,,,524,25,0.275,0.828
alice,1,28624390,909,0.0947,0.7943,4.4811,0.1322,,,,546,28,0.271,0.73
alice,1,28624390,910,0.1086,0.77,4.25,0.1322,,,,550,18,0.286,0.739
alice,1,28624390,911,0.0997,0.8206,4.6256,0.1322,,,,530,20,0.279,0.83
alice,1,28624390,912,0.0925,0.7866,4.5477,0.1322,,,,533,29,0.249,0.75
alice,1,28624390,913,0.082,0.7733,4.397,0.1322,,,,536,24,0.275,0.732
alice,1,28624390,914,0.0957,0.7354,4.2338,0.1322,,,,548,27,0.274,0.865
alice,1,28624390,915,0.0635,0.8012,4.4697,0.1322,,,,531,20,0.271,0.779
alice,1,28624390,916,0.0862,0.7921,4.401,0.1322,,,,529,37,0.27,0.791
alice,1,28624390,917,0.1031,0.8021,4.5755,0.1322,,,,537,24,0.286,0.78
alice,1,28624390,918,0.1141,0.7484,4.3636,0.1322,,,,545,25,0.274,0.949
alice,1,28624390,919,0.1137,0.7472,4.4369,0.1322,,,,539,30,0.288,0.873
alice,1,28624390,920,0.0947,0.808,4.5166,0.1322,,,,532,20,0.272,0.742
alice,1,28624390,921,0.1051,0.7763,4.4903,0.1322,,,,538,25,0.282,0.721
alice,1,28624390,922,0.1085,0.7487,4.4208,0.1322,,,,538,21,0.264,0.711
alice,1,28624390,923,0.1196,0.7087,4.274,0.1322,,,,552,15,0.271,0.738
alice,1,28624390,924,0.1218,0.7646,4.6974,0.1322,,,,532,20,0.28,0.709
alice,1,28624390,925,0.1149,0.7891,4.6287,0.1322,,,,542,8,0.293,0.839
alice,1,28624390,926,0.1141,0.73,4.1095,0.1322,,,,548,21,0.274,0.71
alice,1,28624390,927,0.1199,0.7412,4.2426,0.1322,,,,545,20,0.265,0.74
alice,1,28624390,928,0.1164,0.7978,4.5025,0.1322,,,,529,25,0.257,0.801
alice,1,28624390,929,0.0934,0.7606,4.2429,0.1322,,,,542,28,0.262,0.82
alice,1,28624390,930,0.0999,0.7579,4.343,0.1322,,,,547,19,0.263,0.76
alice,1,28624390,931,0.1188,0.8035,4.5243,0.1322,,,,540,11,0.28,0.769
alice,1,28624390,932,0.1189,0.8412,4.791,0.1322,,,,525,18,0.28,0.921
alice,1,28624390,933,0.1207,0.8215,4.7053,0.1322,,,,531,31,0.256,0.744
alice,1,28624390,934,0.1149,0.8153,4.6232,0.1322,,,,526,32,0.268,0.909
alice,1,28624390,935,0.1213,0.7628,4.2311,0.1322,,,,547,27,0.265,0.947
alice,1,28624390,936,0.1196,0.8188,4.4932,0.1322,,,,532,25,0.281,0.801
alice,1,28624390,937,0.136,0.7895,4.5352,0.1322,,,,540,30,0.277,0.828
alice,1,28624390,938,0.1186,0.8019,4.7171,0.1322,,,,525,29,0.269,0.899
alice,1,28624390,939,0.1016,0.8063,4.5581,0.1322,,,,531,31,0.256,0.792
alice,1,28624390,940,0.1073,0.8745,4.6696,0.1322,,,,526,28,0.267,0.82
alice,1,28624390,941,0.1166,0.8719,4.8009,0.1322,,,,539,24,0.247,0.844
alice,1,28624390,942,0.1104,0.8719,4.8394,0.1322,,,,530,33,0.262,0.762
alice,1,28624390,943,0.1139,0.8666,4.6391,0.1322,,,,535,23,0.265,0.832
alice,1,28624390,944,0.1244,0.8575,4.6518,0.1322,,,,542,24,0.26,0.771
alice,1,28624390,945,0.1129,0.7894,4.4233,0.1322,,,,542,28,0.242,0.79
alice,1,28624390,946,0.107,0.818,4.6019,0.1322,,,,540,31,0.245,0.783
alice,1,28624390,947,0.1303,0.8016,4.5845,0.1322,,,,535,18,0.258,0.681
alice,1,28624390,948,0.1103,0.7634,4.4151,0.1322,,,,539,31,0.247,0.877
alice,1,28624390,949,0.0783,0.8083,4.3548,0.1322,,,,545,30,0.236,0.75
alice,1,28624390,950,0.0935,0.7823,4.2811,0.1322,,,,542,35,0.238,0.755
alice,1,28624390,951,0.1063,0.7974,4.3476,0.1322,,,,550,15,0.25,0.871
alice,1,28624390,952,0.085,0.7405,4.1202,0.1322,,,,545,29,0.253,0.868
alice,1,28624390,953,0.0972,0.7629,4.615,0.1322,,,,529,41,0.251,0.714
alice,1,28624390,954,0.1023,0.7654,4.5393,0.1322,,,,540,21,0.265,0.69
alice,1,28624390,955,0.1069,0.7557,4.5714,0.1322,,,,535,10,0.263,0.808
alice,1,28624390,956,0.1298,0.7458,4.3854,0.1322,,,,531,26,0.259,0.863
alice,1,28624390,957,0.0852,0.7668,4.2559,0.1322,,,,535,24,0.241,0.872
alice,1,28624390,958,0.0891,0.803,4.5619,0.1322,,,,540,23,0.253,0.66
alice,1,28624390,959,0.0887,0.7867,4.3318,0.1322,,,,536,24,0.256,0.692
alice,1,28624390,960,0.0864,0.8112,4.3442,0.1322,,,,545,24,0.256,0.743
alice,1,28624390,961,0.0999,0.792,4.5512,0.1322,,,,540,26,0.267,0.796
alice,1,28624390,962,0.07,0.7787,4.3221,0.1322,,,,540,33,0.256,0.907
alice,1,28624390,963,0.0708,0.8059,4.3411,0.1322,,,,541,30,0.244,0.722
alice,1,28624390,964,0.0836,0.8168,4.3581,0.1322,,,,540,28,0.263,0.781
alice,1,28624390,965,0.0872,0.8274,4.4698,0.1322,,,,536,29,0.253,0.717
alice,1,28624390,966,0.0659,0.8216,4.4118,0.1322,,,,527,42,0.254,0.922
alice,1,28624390,967,0.097,0.8147,4.2616,0.1322,,,,545,38,0.256,0.92
alice,1,28624390,968,0.1014,0.7738,4.1021,0.1322,,,,554,34,0.259,0.739
alice,1,28624390,969,0.0685,0.7856,4.3786,0.1322,,,,515,72,0.24,0.802
alice,1,28624390,970,0.084,0.7524,3.9391,0.1322,,,,536,75,0.23,0.808
alice,1,28624390,971,0.0741,0.6814,3.7359,0.1322,,,,540,95,0.223,0.795
alice,1,28624390,972,0.0783,0.728,4.2146,0.1322,,,,521,98,0.23,0.864
alice,1,28624390,973,0.1161,0.7946,4.1314,0.1322,,,,538,42,0.269,0.901
alice,1,28624390,974,0.1353,0.8192,4.4386,0.1322,,,,545,34,0.268,0.821
alice,1,28624390,975,0.1202,0.7653,4.2579,0.1322,,,,547,26,0.255,0.859
alice,1,28624390,976,0.1212,0.8221,4.6699,0.1322,,,,535,21,0.278,0.712
alice,1,28624390,977,0.1487,0.7907,4.4742,0.1322,,,,540,25,0.256,0.686
alice,1,28624390,978,0.1036,0.8381,4.6262,0.1322,,,,532,25,0.252,0.764
alice,1,28624390,979,0.1077,0.8385,4.6422,0.1322,,,,537,23,0.254,0.76
alice,1,28624390,980,0.1147,0.8192,4.4444,0.1322,,,,546,16,0.251,0.83
alice,1,28624390,981,0.1021,0.87,4.4979,0.1322,,,,542,12,0.25,0.736
alice,1,28624390,982,0.1111,0.8875,4.7956,0.1322,,,,540,15,0.272,0.884
alice,1,28624390,983,0.1065,0.8593,4.4693,0.1322,,,,542,22,0.246,0.727
alice,1,28624390,984,0.0955,0.8832,4.6878,0.1322,,,,542,21,0.247,0.781
alice,1,28624390,985,0.0926,0.8397,4.5446,0.1322,,,,545,17,0.268,0.76
alice,1,28624390,986,0.1011,0.8341,4.5314,0.1322,,,,541,22,0.26,0.859
alice,1,28624390,987,0.1104,0.769,4.3641,0.1322,,,,542,25,0.275,0.746
alice,1,28624390,988,0.1075,0.7577,4.2163,0.1322,,,,542,23,0.27,0.762
alice,1,28624390,989,0.1082,0.7557,4.5445,0.1322,,,,542,28,0.262,0.689
alice,1,28624390,990,0.1011,0.7334,4.3866,0.1322,,,,531,36,0.253,0.916
alice,1,28624390,991,0.099,0.6846,4.1212,0.1322,,,,542,45,0.253,0.814
alice,1,28624390,992,0.091,0.7001,3.9,0.1322,,,,541,44,0.253,0.717
alice,1,28624390,993,0.1078,0.7408,4.285,0.1322,,,,538,32,0.257,0.822
alice,1,28624390,994,0.1095,0.7961,4.3472,0.1322,,,,540,21,0.277,0.841
alice,1,28624390,995,0.104,0.779,4.1086,0.1322,,,,556,19,0.275,0.818
alice,1,28624390,996,0.0936,0.7897,4.343,0.1322,,,,537,32,0.26,0.79
alice,1,28624390,997,0.0975,0.8546,4.6476,0.1322,,,,530,17,0.261,0.939
alice,1,28624390,998,0.1147,0.8096,4.4977,0.1322,,,,537,32,0.264,0.803
alice,1,28624390,999,0.1007,0.816,4.5694,0.1322,,,,537,23,0.271,0.863
alice,1,28624390,1000,0.0757,0.7824,4.163,0.1322,,,,545,29,0.277,0.85
alice,1,28624390,1001,0.0546,0.797,4.2825,0.1322,,,,522,63,0.252,0.789
alice,1,28624390,1002,0.0924,0.7567,3.8594,0.1322,,,,563,31,0.275,0.835
alice,1,28624390,1003,0.1075,0.8169,4.2838,0.1322,,,,548,27,0.283,0.927
alice,1,28624390,1004,0.101,0.8813,4.5783,0.1322,,,,532,16,0.281,0.703
alice,1,28624390,1005,0.1154,0.7633,4.0837,0.1322,,,,554,35,0.269,0.74
alice,1,28624390,1006,0.0976,0.7962,4.2284,0.1322,,,,549,27,0.274,0.776
alice,1,28624390,1007,0.1106,0.7756,4.0439,0.1322,,,,550,26,0.285,0.751
alice,1,28624390,1008,0.1141,0.7268,4.1509,0.1322,,,,551,32,0.278,0.764
alice,1,28624390,1009,0.0986,0.7954,4.3366,0.1322,,,,535,18,0.286,0.846
alice,1,28624390,1010,0.1113,0.7635,4.0398,0.1322,,,,540,24,0.288,0.771
alice,1,28624390,1011,0.1012,0.8024,4.0861,0.1322,,,,553,37,0.275,0.678
alice,1,28624390,1012,0.0798,0.8144,4.1826,0.1322,,,,542,48,0.268,0.783
alice,1,28624390,1013,0.1244,0.7861,4.2926,0.1322,,,,536,47,0.285,0.843
alice,1,28624390,1014,0.1356,0.7832,4.2457,0.1322,,,,550,23,0.277,0.875
alice,1,28624390,1015,0.0912,0.7799,4.1921,0.1322,,,,547,29,0.261,0.728
alice,1,28624390,1016,0.0894,0.7476,4.1384,0.1322,,,,541,49,0.265,0.787
alice,1,28624390,1017,0.0922,0.7617,4.2091,0.1322,,,,546,30,0.28,0.8
alice,1,28624390,1018,0.1277,0.838,4.5475,0.1322,,,,535,24,0.284,0.792
alice,1,28624390,1019,0.1073,0.8125,4.368,0.1322,,,,540,28,0.266,0.761
alice,1,28624390,1020,0.1,0.8238,4.4391,0.1322,,,,535,33,0.273,0.822
alice,1,28624390,1021,0.1026,0.8734,4.6017,0.1322,,,,536,31,0.266,0.655
alice,1,28624390,1022,0.0968,0.7664,4.089,0.1322,,,,550,37,0.281,0.898
alice,1,28624390,1023,0.0922,0.7428,3.9289,0.1322,,,,553,36,0.268,0.815
alice,1,28624390,1024,0.0901,0.7643,4.0658,0.1322,,,,553,27,0.273,0.733
alice,1,28624390,1025,0.0906,0.7935,4.2192,0.1322,,,,536,39,0.277,0.765
alice,1,28624390,1026,0.1205,0.7872,4.2768,0.1322,,,,542,29,0.29,0.994
alice,1,28624390,1027,0.096,0.7739,4.2723,0.1322,,,,543,32,0.261,0.792
alice,1,28624390,1028,0.1062,0.7599,4.2884,0.1322,,,,545,32,0.281,0.757
alice,1,28624390,1029,0.1083,0.7571,4.4221,0.1322,,,,543,36,0.262,0.718
alice,1,28624390,1030,0.0899,0.7102,4.0846,0.1322,,,,550,28,0.283,0.73
alice,1,28624390,1031,0.0986,0.7694,4.2338,0.1322,,,,532,14,0.289,0.779
alice,1,28624390,1032,0.0848,0.7988,4.4853,0.1322,,,,535,29,0.279,0.714
alice,1,28624390,1033,0.1074,0.77,4.3037,0.1322,,,,543,23,0.282,0.83
alice,1,28624390,1034,0.0888,0.8142,4.5072,0.1322,,,,541,25,0.272,0.783
alice,1,28624390,1035,0.0958,0.7199,3.9619,0.1322,,,,553,34,0.27,0.903
alice,1,28624390,1036,0.0883,0.7816,4.3636,0.1322,,,,539,22,0.275,0.762
alice,1,28624390,1037,0.0738,0.75,4.0046,0.1322,,,,535,32,0.262,0.835
alice,1,28624390,1038,0.0826,0.8825,4.6027,0.1322,,,,535,24,0.271,0.86
alice,1,28624390,1039,0.1046,0.8129,4.2066,0.1322,,,,547,23,0.271,0.688
alice,1,28624390,1040,0.1017,0.8422,4.3667,0.1322,,,,548,23,0.283,0.789
alice,1,28624390,1041,0.1019,0.7552,4.042,0.1322,,,,560,28,0.272,0.729
alice,1,28624390,1042,0.0869,0.7745,4.2374,0.1322,,,,543,40,0.247,0.754
alice,1,28624390,1043,0.0856,0.7452,4.1318,0.1322,,,,543,41,0.253,0.7
alice,1,28624390,1044,0.0993,0.7924,4.3395,0.1322,,,,539,39,0.267,0.834
alice,1,28624390,1045,0.1236,0.7776,4.4952,0.1322,,,,537,30,0.273,0.841
alice,1,28624390,1046,0.1117,0.7825,4.3397,0.1322,,,,531,48,0.257,0.812
alice,1,28624390,1047,0.0953,0.8158,4.4136,0.1322,,,,545,28,0.256,0.903
alice,1,28624390,1048,0.0689,0.8065,4.2342,0.1322,,,,544,37,0.262,0.752
alice,1,28624390,1049,0.0861,0.815,4.3798,0.1322,,,,531,38,0.271,0.807
alice,1,28624390,1050,0.1168,0.7867,4.136,0.1322,,,,542,34,0.284,0.776
alice,1,28624390,1051,0.0718,0.7812,4.1747,0.1322,,,,558,37,0.27,0.744
alice,1,28624390,1052,0.0735,0.7816,4.1324,0.1322,,,,543,47,0.266,0.778
alice,1,28624390,1053,0.0867,0.7932,4.3269,0.1322,,,,541,33,0.29,0.782
alice,1,28624390,1054,0.0846,0.7734,4.0972,0.1322,,,,541,25,0.292,0.766
alice,1,28624390,1055,0.0833,0.7848,4.1628,0.1322,,,,545,33,0.276,0.805
alice,1,28624390,1056,0.0536,0.719,3.8128,0.1322,,,,523,87,0.234,0.68
alice,1,28624390,1057,0.0937,0.783,3.8862,0.1322,,,,554,38,0.281,0.782
alice,1,28624390,1058,0.1134,0.8378,4.5268,0.1322,,,,537,34,0.272,1.036
alice,1,28624390,1059,0.0993,0.8834,4.6724,0.1322,,,,528,28,0.247,0.729
alice,1,28624390,1060,0.1071,0.8669,4.6186,0.1322,,,,541,30,0.266,0.825
alice,1,28624390,1061,0.126,0.8326,4.3723,0.1322,,,,538,37,0.255,0.86
alice,1,28624390,1062,0.1155,0.7635,4.2217,0.1322,,,,539,59,0.251,0.832
alice,1,28624390,1063,0.0935,0.7945,4.2017,0.1322,,,,530,61,0.247,0.815
alice,1,28624390,1064,0.1173,0.8276,4.5595,0.1322,,,,543,39,0.273,1.005
alice,1,28624390,1065,0.1152,0.7812,4.2544,0.1322,,,,545,39,0.274,0.934
alice,1,28624390,1066,0.0994,0.7335,4.1055,0.1322,,,,545,52,0.253,0.83
alice,1,28624390,1067,0.1042,0.7199,3.8161,0.1322,,,,552,41,0.284,0.749
alice,1,28624390,1068,0.1074,0.7171,3.9524,0.1322,,,,552,42,0.274,1.027
alice,1,28624390,1069,0.0734,0.7495,4.1269,0.1322,,,,535,40,0.26,0.833
alice,1,28624390,1070,0.0658,0.756,4.0857,0.1322,,,,541,36,0.264,0.803
alice,1,28624390,1071,0.0784,0.8167,4.3704,0.1322,,,,529,36,0.275,0.805
alice,1,28624390,1072,0.0867,0.7995,4.2763,0.1322,,,,546,40,0.272,0.769
alice,1,28624390,1073,0.0751,0.8008,4.213,0.1322,,,,542,24,0.285,0.92
alice,1,28624390,1074,0.0856,0.7824,4.0966,0.1322,,,,548,24,0.29,0.826
alice,1,28624390,1075,0.0948,0.7602,4.1483,0.1322,,,,553,27,0.28,0.794
alice,1,28624390,1076,0.1099,0.8002,4.3991,0.1322,,,,533,34,0.28,0.957
alice,1,28624390,1077,0.1066,0.867,4.5261,0.1322,,,,541,30,0.279,0.848
alice,1,28624390,1078,0.1019,0.7845,4.3059,0.1322,,,,546,41,0.269,0.816
alice,1,28624390,1079,0.0959,0.7629,4.1843,0.1322,,,,541,32,0.275,0.77
alice,1,28624390,1080,0.0936,0.7695,4.3923,0.1322,,,,540,29,0.278,0.824
alice,1,28624390,1081,0.1154,0.7184,4.0188,0.1322,,,,543,45,0.257,0.825
alice,1,28624390,1082,0.0767,0.756,4.1045,0.1322,,,,538,40,0.264,0.832
alice,1,28624390,1083,0.1036,0.7836,4.1965,0.1322,,,,548,28,0.271,0.756
alice,1,28624390,1084,0.11,0.7529,4.2731,0.1322,,,,536,47,0.278,0.844
alice,1,28624390,1085,0.1198,0.7417,4.0388,0.1322,,,,558,31,0.271,0.82
alice,1,28624390,1086,0.1212,0.7113,3.9774,0.1322,,,,552,30,0.284,0.799
alice,1,28624390,1087,0.1036,0.7543,4.1384,0.1322,,,,538,39,0.255,0.781
alice,1,28624390,1088,0.083,0.826,4.2874,0.1322,,,,543,22,0.267,0.721
alice,1,28624390,1089,0.0917,0.7945,4.1333,0.1322,,,,558,37,0.282,0.945
alice,1,28624390,1090,0.1044,0.7871,4.0952,0.1322,,,,549,18,0.285,0.89
alice,1,28624390,1091,0.1096,0.7768,4.183,0.1322,,,,541,38,0.283,0.815
alice,1,28624390,1092,0.0989,0.815,4.3261,0.1322,,,,545,32,0.266,0.776
alice,1,28624390,1093,0.0927,0.8492,4.3391,0.1322,,,,551,25,0.272,0.84
alice,1,28624390,1094,0.0962,0.8482,4.5213,0.1322,,,,533,31,0.267,0.849
alice,1,28624390,1095,0.1184,0.878,4.7418,0.1322,,,,530,23,0.285,0.743
alice,1,28624390,1096,0.1099,0.8434,4.4027,0.1322,,,,542,31,0.269,0.861
alice,1,28624390,1097,0.0915,0.7864,4.0742,0.1322,,,,555,26,0.285,0.778
alice,1,28624390,1098,0.0807,0.7934,4.2783,0.1322,,,,534,41,0.286,0.787
alice,1,28624390,1099,0.0892,0.8131,4.3425,0.1322,,,,531,33,0.292,0.805
alice,1,28624390,1100,0.1051,0.7895,4.1803,0.1322,,,,541,28,0.299,0.84
alice,1,28624390,1101,0.1044,0.789,4.1811,0.1322,,,,545,25,0.31,0.738
alice,1,28624390,1102,0.1214,0.755,4.2025,0.1322,,,,546,40,0.295,0.848
alice,1,28624390,1103,0.1154,0.7596,4.0886,0.1322,,,,552,33,0.288,0.734
alice,1,28624390,1104,0.0844,0.7765,4.0383,0.1322,,,,541,36,0.275,0.958
alice,1,28624390,1105,0.1107,0.8066,4.1625,0.1322,,,,546,33,0.29,0.767
alice,1,28624390,1106,0.0978,0.774,3.9794,0.1322,,,,552,41,0.287,0.929
alice,1,28624390,1107,0.1308,0.8083,4.6244,0.1322,,,,536,32,0.274,0.762
alice,1,28624390,1108,0.113,0.7409,4.2796,0.1322,,,,550,34,0.282,0.793
alice,1,28624390,1109,0.1046,0.711,3.9758,0.1322,,,,545,34,0.278,0.861
alice,1,28624390,1110,0.0971,0.7481,4.0376,0.1322,,,,548,27,0.302,0.886
alice,1,28624390,1111,0.0723,0.8036,4.3529,0.1322,,,,539,20,0.28,0.693
alice,1,28624390,1112,0.0759,0.7604,4.0323,0.1322,,,,545,27,0.277,0.685
alice,1,28624390,1113,0.0789,0.7714,4.0826,0.1322,,,,543,24,0.281,0.795
alice,1,28624390,1114,0.0999,0.7373,3.9321,0.1322,,,,550,35,0.284,0.873
alice,1,28624390,1115,0.1197,0.799,4.0536,0.1322,,,,547,20,0.285,0.773
alice,1,28624390,1116,0.1131,0.7954,4.1558,0.1322,,,,549,21,0.279,0.8
alice,1,28624390,1117,0.0899,0.7782,4.0815,0.1322,,,,552,21,0.278,0.744
alice,1,28624390,1118,0.0911,0.7902,4.1473,0.1322,,,,539,41,0.272,0.86
alice,1,28624390,1119,0.1036,0.7643,4.0841,0.1322,,,,545,55,0.266,0.852
alice,1,28624390,1120,0.0994,0.7956,4.0464,0.1322,,,,544,29,0.279,0.674
alice,1,28624390,1121,0.1129,0.7591,3.9553,0.1322,,,,555,40,0.271,0.797
alice,1,28624390,1122,0.128,0.7789,3.9486,0.1322,,,,554,32,0.279,0.906
alice,1,28624390,1123,0.1011,0.8384,4.22,0.1322,,,,542,27,0.288,0.798
alice,1,28624390,1124,0.121,0.8124,4.3024,0.1322,,,,552,37,0.279,0.789
alice,1,28624390,1125,0.0965,0.8061,4.2241,0.1322,,,,550,29,0.273,0.813
alice,1,28624390,1126,0.1021,0.787,4.1342,0.1322,,,,536,36,0.284,0.852
alice,1,28624390,1127,0.1159,0.8028,4.3493,0.1322,,,,540,37,0.271,0.776
alice,1,28624390,1128,0.127,0.7448,4.0793,0.1322,,,,555,39,0.272,0.836
alice,1,28624390,1129,0.1106,0.7734,4.2925,0.1322,,,,542,29,0.27,0.854
alice,1,28624390,1130,0.0909,0.7597,4.215,0.1322,,,,540,31,0.254,0.904
alice,1,28624390,1131,0.1039,0.7722,4.2294,0.1322,,,,538,43,0.269,0.894
alice,1,28624390,1132,0.105,0.7394,4.0222,0.1322,,,,550,30,0.291,0.906
alice,1,28624390,1133,0.0809,0.7581,4.0922,0.1322,,,,540,38,0.279,0.768
alice,1,28624390,1134,0.0837,0.8341,4.4605,0.1322,,,,540,32,0.277,0.722
alice,1,28624390,1135,0.1091,0.7797,4.1111,0.1322,,,,544,33,0.267,0.854
alice,1,28624390,1136,0.0885,0.7935,4.1609,0.1322,,,,543,41,0.267,0.94
alice,1,28624390,1137,0.0935,0.7881,4.1867,0.1322,,,,543,46,0.271,0.729
alice,1,28624390,1138,0.0982,0.7227,3.8634,0.1322,,,,546,45,0.27,0.782
alice,1,28624390,1139,0.0858,0.7133,3.9682,0.1322,,,,541,47,0.258,0.816
alice,1,28624390,1140,0.0958,0.7823,4.1387,0.1322,,,,552,24,0.267,0.797
alice,1,28624390,1141,0.0906,0.7387,3.7722,0.1322,,,,555,47,0.261,0.976
alice,1,28624390,1142,0.0743,0.7673,4.0573,0.1322,,,,546,37,0.274,0.874
alice,1,28624390,1143,0.1059,0.7658,3.9316,0.1322,,,,555,34,0.282,0.835
alice,1,28624390,1144,0.0957,0.7814,4.2805,0.1322,,,,534,36,0.274,0.91
alice,1,28624390,1145,0.0637,0.8135,3.9712,0.1322,,,,523,88,0.238,0.776
alice,1,28624390,1146,0.0975,0.7961,4.3111,0.1322,,,,540,87,0.243,0.804
alice,1,28624390,1147,0.1093,0.7145,3.9087,0.1322,,,,546,66,0.239,0.835
alice,1,28624390,1148,0.1285,0.662,3.5478,0.1322,,,,561,48,0.261,0.768
alice,1,28624390,1149,0.1115,0.7623,4.2028,0.1322,,,,541,43,0.264,0.793
alice,1,28624390,1150,0.1079,0.7136,3.9907,0.1322,,,,552,44,0.269,0.847
alice,1,28624390,1151,0.0716,0.7611,4.177,0.1322,,,,541,40,0.27,0.842
alice,1,28624390,1152,0.0915,0.7777,3.9824,0.1322,,,,539,39,0.263,0.705
alice,1,28624390,1153,0.0501,0.7799,4.2277,0.1322,,,,508,97,0.222,0.892
alice,1,28624390,1154,0.0842,0.7423,4.0208,0.1322,,,,514,121,0.221,0.823
alice,1,28624390,1155,0.1208,0.8135,4.2789,0.1322,,,,540,63,0.255,0.731
alice,1,28624390,1156,0.1579,0.7752,4.3191,0.1322,,,,556,45,0.263,0.84
alice,1,28624390,1157,0.124,0.7796,4.2018,0.1322,,,,544,18,0.282,0.837
alice,1,28624390,1158,0.1262,0.7465,4.0342,0.1322,,,,551,37,0.258,0.761
alice,1,28624390,1159,0.0824,0.7327,3.9013,0.1322,,,,548,59,0.256,0.761
alice,1,28624390,1160,0.1098,0.7524,3.9286,0.1322,,,,552,36,0.261,0.657
alice,1,28624390,1161,0.1095,0.7561,3.9654,0.1322,,,,540,53,0.252,0.751
alice,1,28624390,1162,0.0953,0.7498,4.0565,0.1322,,,,551,44,0.255,0.759
alice,1,28624390,1163,0.1212,0.742,4.2986,0.1322,,,,548,31,0.257,0.738
alice,1,28624390,1164,0.0735,0.7516,4.0452,0.1322,,,,552,24,0.276,0.713
alice,1,28624390,1165,0.1026,0.7837,4.2991,0.1322,,,,540,27,0.254,0.78
alice,1,28624390,1166,0.0819,0.802,4.3271,0.1322,,,,535,27,0.265,0.811
alice,1,28624390,1167,0.0877,0.7702,4.0619,0.1322,,,,537,40,0.263,0.72
alice,1,28624390,1168,0.091,0.801,4.0823,0.1322,,,,542,50,0.268,0.82
alice,1,28624390,1169,0.1067,0.7957,3.9684,0.1322,,,,558,37,0.26,0.726
alice,1,28624390,1170,0.1437,0.7929,4.1875,0.1322,,,,554,28,0.277,0.836
alice,1,28624390,1171,0.0779,0.7868,4.0249,0.1322,,,,552,29,0.261,0.739
alice,1,28624390,1172,0.1056,0.7623,4.0293,0.1322,,,,555,31,0.262,0.722
alice,1,28624390,1173,0.1351,0.727,4.0804,0.1322,,,,558,29,0.272,0.838
alice,1,28624390,1174,0.0776,0.7826,4.257,0.1322,,,,535,31,0.27,0.865
alice,1,28624390,1175,0.1008,0.7742,4.0978,0.1322,,,,552,23,0.269,0.738
alice,1,28624390,1176,0.0902,0.7621,3.9735,0.1322,,,,555,22,0.267,0.757
alice,1,28624390,1177,0.0769,0.8142,4.0126,0.1322,,,,531,33,0.267,0.81
alice,1,28624390,1178,0.1248,0.8875,4.5488,0.1322,,,,543,32,0.265,0.844
alice,1,28624390,1179,0.1038,0.7984,4.127,0.1322,,,,555,41,0.268,0.826
alice,1,28624390,1180,0.1117,0.8044,4.2636,0.1322,,,,542,33,0.262,0.861
alice,1,28624390,1181,0.1045,0.8195,4.5113,0.1322,,,,541,41,0.272,0.866
alice,1,28624390,1182,0.1083,0.7586,4.0043,0.1322,,,,544,35,0.258,0.909
alice,1,28624390,1183,0.1001,0.7404,4.1549,0.1322,,,,550,37,0.267,0.749
alice,1,28624390,1184,0.0877,0.7501,4.2905,0.1322,,,,527,42,0.253,0.782
alice,1,28624390,1185,0.0685,0.7766,4.4313,0.1322,,,,521,65,0.235,0.81
alice,1,28624390,1186,0.0998,0.7589,4.3348,0.1322,,,,541,62,0.238,0.725
alice,1,28624390,1187,0.1302,0.7489,4.1697,0.1322,,,,545,35,0.275,0.747
alice,1,28624390,1188,0.078,0.7165,3.9207,0.1322,,,,545,38,0.261,0.909
alice,1,28624390,1189,0.0819,0.8125,4.3568,0.1322,,,,529,32,0.254,0.758
alice,1,28624390,1190,0.1061,0.8253,4.3042,0.1322,,,,540,36,0.263,0.848
alice,1,28624390,1191,0.1219,0.8049,4.1564,0.1322,,,,551,41,0.261,0.877
alice,1,28624390,1192,0.0943,0.8239,4.4068,0.1322,,,,542,31,0.256,0.753
alice,1,28624390,1193,0.0824,0.8417,4.4915,0.1322,,,,545,37,0.26,0.78
alice,1,28624390,1194,0.0636,0.7888,4.2599,0.1322,,,,547,38,0.253,0.733
alice,1,28624390,1195,0.061,0.7799,4.3981,0.1322,,,,528,49,0.268,0.747
alice,1,28624390,1196,0.0597,0.7788,4.1558,0.1322,,,,535,58,0.254,0.743
alice,1,28624390,1197,0.1041,0.7918,4.2586,0.1322,,,,535,53,0.252,0.782
alice,1,28624390,1198,0.1132,0.752,4.0675,0.1322,,,,547,48,0.271,0.836
alice,1,28624390,1199,0.1088,0.7173,3.9609,0.1322,,,,548,53,0.268,0.919
alice,1,28624390,1200,0.0765,0.6681,3.6955,0.1322,,,,555,62,0.25,0.846
alice,1,28624390,1201,0.0827,0.6922,3.9469,0.1322,,,,536,58,0.258,0.781
alice,1,28624390,1202,0.0991,0.8057,4.3271,0.1322,,,,538,33,0.275,0.879
alice,1,28624390,1203,0.1068,0.7335,4.0507,0.1322,,,,550,43,0.263,0.794
alice,1,28624390,1204,0.0829,0.7566,4.0574,0.1322,,,,543,44,0.254,0.758
alice,1,28624390,1205,0.0794,0.7514,4.233,0.1322,,,,534,31,0.269,0.822
alice,1,28624390,1206,0.1137,0.77,4.2038,0.1322,,,,540,41,0.276,0.753
alice,1,28624390,1207,0.0809,0.7374,3.7848,0.1322,,,,547,36,0.282,0.789
alice,1,28624390,1208,0.0876,0.7889,4.0553,0.1322,,,,551,37,0.28,0.838
alice,1,28624390,1209,0.0946,0.797,4.0921,0.1322,,,,536,43,0.256,0.871
alice,1,28624390,1210,0.0892,0.8127,4.0763,0.1322,,,,542,40,0.26,0.76
alice,1,28624390,1211,0.1213,0.8243,4.2672,0.1322,,,,547,35,0.267,0.845
alice,1,28624390,1212,0.0952,0.8268,4.3872,0.1322,,,,539,37,0.27,0.787
alice,1,28624390,1213,0.1061,0.7982,4.0444,0.1322,,,,542,46,0.267,0.786
alice,1,28624390,1214,0.1095,0.8549,4.3884,0.1322,,,,551,30,0.271,0.844
alice,1,28624390,1215,0.1053,0.8403,4.489,0.1322,,,,537,35,0.262,0.919
alice,1,28624390,1216,0.0859,0.8547,4.3502,0.1322,,,,531,44,0.258,0.745
alice,1,28624390,1217,0.1127,0.7799,4.0741,0.1322,,,,553,46,0.25,0.848
alice,1,28624390,1218,0.1081,0.7699,4.0206,0.1322,,,,540,49,0.261,0.909
alice,1,28624390,1219,0.1276,0.7101,4.0687,0.1322,,,,556,46,0.261,0.792
alice,1,28624390,1220,0.094,0.7768,4.3644,0.1322,,,,538,40,0.271,0.806
alice,1,28624390,1221,0.1092,0.7717,4.2578,0.1322,,,,538,37,0.248,0.719
alice,1,28624390,1222,0.0997,0.7468,4.0833,0.1322,,,,559,27,0.253,0.723
alice,1,28624390,1223,0.0925,0.7876,4.2411,0.1322,,,,541,29,0.259,0.75
alice,1,28624390,1224,0.1143,0.7964,4.3516,0.1322,,,,545,30,0.286,0.833
alice,1,28624390,1225,0.0919,0.7936,4.3091,0.1322,,,,551,19,0.279,0.718
alice,1,28624390,1226,0.0865,0.7403,4.0467,0.1322,,,,543,32,0.271,0.773
alice,1,28624390,1227,0.1111,0.7528,4.361,0.1322,,,,535,37,0.277,0.795
alice,1,28624390,1228,0.1132,0.7846,4.2366,0.1322,,,,536,33,0.272,0.77
alice,1,28624390,1229,0.108,0.7851,4.2308,0.1322,,,,535,44,0.26,0.738
alice,1,28624390,1230,0.0923,0.7974,4.1862,0.1322,,,,541,48,0.248,0.771
alice,1,28624390,1231,0.1064,0.7647,4.0622,0.1322,,,,555,41,0.262,0.897
alice,1,28624390,1232,0.1269,0.8031,4.3767,0.1322,,,,538,35,0.284,0.705
alice,1,28624390,1233,0.0966,0.81,4.4079,0.1322,,,,543,27,0.276,0.76
alice,1,28624390,1234,0.0618,0.811,4.0289,0.1322,,,,548,40,0.253,0.705
alice,1,28624390,1235,0.0869,0.8375,4.3605,0.1322,,,,541,36,0.273,0.84
alice,1,28624390,1236,0.0922,0.7207,3.6905,0.1322,,,,559,44,0.257,0.873
alice,1,28624390,1237,0.103,0.831,4.4825,0.1322,,,,539,35,0.268,0.703
alice,1,28624390,1238,0.096,0.7397,4.0,0.1322,,,,549,38,0.269,0.739
alice,1,28624390,1239,0.0923,0.7976,4.1842,0.1322,,,,544,32,0.271,0.872
alice,1,28624390,1240,0.0922,0.7449,4.0,0.1322,,,,550,44,0.264,0.796
alice,1,28624390,1241,0.0726,0.792,3.8852,0.1322,,,,547,35,0.264,0.853
alice,1,28624390,1242,0.0885,0.8062,4.2383,0.1322,,,,543,42,0.261,0.725
alice,1,28624390,1243,0.1127,0.7768,4.2863,0.1322,,,,545,41,0.256,0.765
alice,1,28624390,1244,0.0876,0.8403,4.3361,0.1322,,,,536,37,0.252,0.733
alice,1,28624390,1245,0.0899,0.8497,4.4895,0.1322,,,,537,41,0.256,0.781
alice,1,28624390,1246,0.0935,0.7781,3.9414,0.1322,,,,552,39,0.266,0.862
alice,1,28624390,1247,0.1047,0.8262,3.9806,0.1322,,,,562,24,0.273,0.709
alice,1,28624390,1248,0.0931,0.7406,3.8299,0.1322,,,,560,53,0.245,0.773
alice,1,28624390,1249,0.0785,0.7752,3.9447,0.1322,,,,550,45,0.248,0.836
alice,1,28624390,1250,0.1052,0.7606,4.2037,0.1322,,,,538,47,0.274,0.901
alice,1,28624390,1251,0.1097,0.7244,3.6639,0.1322,,,,553,42,0.278,0.795
alice,1,28624390,1252,0.0875,0.7785,4.0295,0.1322,,,,546,41,0.261,0.816
alice,1,28624390,1253,0.1332,0.7358,3.9378,0.1322,,,,555,34,0.28,0.695
alice,1,28624390,1254,0.1282,0.7867,4.1265,0.1322,,,,550,22,0.276,0.785
alice,1,28624390,1255,0.1203,0.7725,4.0669,0.1322,,,,557,40,0.265,0.811
alice,1,28624390,1256,0.0901,0.7587,3.9825,0.1322,,,,552,37,0.269,0.84
alice,1,28624390,1257,0.1078,0.796,4.3395,0.1322,,,,525,41,0.266,0.786
alice,1,28624390,1258,0.0912,0.7866,4.1525,0.1322,,,,543,41,0.268,0.809
alice,1,28624390,1259,0.0885,0.757,3.9916,0.1322,,,,555,57,0.256,0.733
alice,1,28624390,1260,0.1045,0.7833,4.2877,0.1322,,,,538,51,0.254,0.787
alice,1,28624390,1261,0.0775,0.7679,3.9908,0.1322,,,,536,46,0.266,0.715
alice,1,28624390,1262,0.0976,0.7948,4.0746,0.1322,,,,543,43,0.264,0.679
alice,1,28624390,1263,0.1145,0.7449,3.8455,0.1322,,,,551,44,0.277,0.792
alice,1,28624390,1264,0.1236,0.7869,4.2222,0.1322,,,,545,33,0.279,0.761
alice,1,28624390,1265,0.0823,0.7839,4.0969,0.1322,,,,549,21,0.275,0.719
alice,1,28624390,1266,0.0847,0.7806,4.0933,0.1322,,,,536,43,0.276,0.728
alice,1,28624390,1267,0.1147,0.746,3.9915,0.1322,,,,560,29,0.273,0.785
alice,1,28624390,1268,0.1244,0.7576,3.9524,0.1322,,,,555,19,0.285,0.841
alice,1,28624390,1269,0.1095,0.6948,3.8202,0.1322,,,,556,26,0.276,0.827
alice,1,28624390,1270,0.1005,0.7321,4.0362,0.1322,,,,554,25,0.266,0.776
alice,1,28624390,1271,0.1128,0.7691,4.3125,0.1322,,,,540,27,0.264,0.826
alice,1,28624390,1272,0.107,0.7421,4.3318,0.1322,,,,555,29,0.269,0.765
alice,1,28624390,1273,0.1005,0.7222,4.128,0.1322,,,,545,31,0.274,0.764
alice,1,28624390,1274,0.0867,0.7889,4.2419,0.1322,,,,542,18,0.292,0.845
alice,1,28624390,1275,0.0899,0.7568,4.0885,0.1322,,,,546,31,0.277,0.85
alice,1,28624390,1276,0.0947,0.8449,4.3517,0.1322,,,,542,17,0.286,0.717
alice,1,28624390,1277,0.0934,0.8398,4.4262,0.1322,,,,539,37,0.265,0.693
alice,1,28624390,1278,0.1043,0.7371,3.8327,0.1322,,,,560,40,0.275,0.782
alice,1,28624390,1279,0.1011,0.7662,4.0696,0.1322,,,,550,36,0.269,0.766
alice,1,28624390,1280,0.0992,0.6941,3.8961,0.1322,,,,547,43,0.269,0.787
alice,1,28624390,1281,0.0988,0.7319,4.2512,0.1322,,,,531,53,0.255,0.81
alice,1,28624390,1282,0.0766,0.6814,3.8723,0.1322,,,,570,31,0.267,0.773
alice,1,28624390,1283,0.0676,0.6564,3.713,0.1322,,,,547,54,0.247,0.815
alice,1,28624390,1284,0.0852,0.693,3.8349,0.1322,,,,555,43,0.26,0.874
alice,1,28624390,1285,0.0552,0.681,3.5551,0.1322,,,,553,45,0.266,0.825
alice,1,28624390,1286,0.0801,0.7901,4.2332,0.1322,,,,545,34,0.274,0.758
alice,1,28624390,1287,0.0894,0.7403,3.911,0.1322,,,,552,32,0.277,0.855
alice,1,28624390,1288,0.1008,0.6985,3.8274,0.1322,,,,559,38,0.269,0.765
alice,1,28624390,1289,0.0558,0.6651,3.511,0.1322,,,,548,48,0.256,0.685
alice,1,28624390,1290,0.0903,0.6681,3.3347,0.1322,,,,569,47,0.267,0.764
alice,1,28624390,1291,0.1043,0.7316,3.8841,0.1322,,,,562,29,0.278,0.86
alice,1,28624390,1292,0.0806,0.77,4.1036,0.1322,,,,549,32,0.272,0.723
alice,1,28624390,1293,0.0646,0.747,3.9864,0.1322,,,,554,40,0.26,0.773
alice,1,28624390,1294,0.0804,0.6912,3.6432,0.1322,,,,546,56,0.255,0.778
alice,1,28624390,1295,0.1013,0.728,3.9537,0.1322,,,,544,41,0.266,0.793
alice,1,28624390,1296,0.0813,0.728,3.7125,0.1322,,,,538,44,0.272,0.664
alice,1,28624390,1297,0.0959,0.7463,3.7323,0.1322,,,,555,61,0.265,0.885
alice,1,28624390,1298,0.1153,0.8081,4.1849,0.1322,,,,546,34,0.276,0.734
alice,1,28624390,1299,0.0994,0.7507,3.917,0.1322,,,,553,40,0.251,0.828
alice,1,28624390,1300,0.1073,0.7296,3.9153,0.1322,,,,550,49,0.269,0.806
alice,1,28624390,1301,0.0987,0.7356,3.9068,0.1322,,,,547,51,0.261,0.764
alice,1,28624390,1302,0.1109,0.734,3.8735,0.1322,,,,551,39,0.274,0.744
alice,1,28624390,1303,0.0759,0.7297,3.7782,0.1322,,,,541,45,0.267,0.749
alice,1,28624390,1304,0.1157,0.7499,3.9919,0.1322,,,,571,43,0.271,0.786
alice,1,28624390,1305,0.0964,0.7371,4.0545,0.1322,,,,540,37,0.275,0.782
alice,1,28624390,1306,0.1037,0.7128,3.869,0.1322,,,,551,41,0.273,0.902
alice,1,28624390,1307,0.0754,0.7417,3.9733,0.1322,,,,545,42,0.266,0.767
alice,1,28624390,1308,0.0883,0.8566,4.4711,0.1322,,,,538,26,0.277,0.841
alice,1,28624390,1309,0.1071,0.786,4.0717,0.1322,,,,547,30,0.279,0.854
alice,1,28624390,1310,0.1104,0.744,3.8117,0.1322,,,,560,43,0.265,0.721
alice,1,28624390,1311,0.0964,0.703,3.8133,0.1322,,,,551,38,0.271,0.756
alice,1,28624390,1312,0.0905,0.7454,3.8312,0.1322,,,,549,31,0.278,0.79
alice,1,28624390,1313,0.0782,0.7765,3.8875,0.1322,,,,554,38,0.269,0.799
alice,1,28624390,1314,0.0939,0.7559,3.9393,0.1322,,,,554,38,0.275,0.767
alice,1,28624390,1315,0.1054,0.7374,3.7944,0.1322,,,,556,40,0.274,0.809
alice,1,28624390,1316,0.103,0.741,3.74,0.1322,,,,555,36,0.278,0.791
alice,1,28624390,1317,0.0883,0.7807,4.0779,0.1322,,,,550,41,0.269,0.699
alice,1,28624390,1318,0.0935,0.7465,3.876,0.1322,,,,550,52,0.266,0.744
alice,1,28624390,1319,0.1084,0.7559,3.938,0.1322,,,,557,42,0.275,0.76
alice,1,28624390,1320,0.0939,0.7493,3.9749,0.1322,,,,545,35,0.265,0.752
alice,1,28624390,1321,0.095,0.8306,4.1394,0.1322,,,,549,34,0.272,0.838
alice,1,28624390,1322,0.0946,0.7716,4.2393,0.1322,,,,551,49,0.262,0.741
alice,1,28624390,1323,0.0922,0.7531,4.1239,0.1322,,,,544,30,0.26,0.757
alice,1,28624390,1324,0.0908,0.8091,4.2511,0.1322,,,,543,37,0.253,0.843
alice,1,28624390,1325,0.0977,0.806,4.3498,0.1322,,,,541,32,0.261,0.769
alice,1,28624390,1326,0.1105,0.7423,4.0,0.1322,,,,548,43,0.273,0.871
alice,1,28624390,1327,0.0741,0.7757,3.8996,0.1322,,,,543,40,0.261,0.772
alice,1,28624390,1328,0.1043,0.8093,4.2076,0.1322,,,,542,50,0.257,0.828
alice,1,28624390,1329,0.1073,0.7494,3.815,0.1322,,,,559,41,0.26,0.711
alice,1,28624390,1330,0.1146,0.7485,4.0769,0.1322,,,,540,52,0.26,0.8
alice,1,28624390,1331,0.1117,0.7137,3.8584,0.1322,,,,555,53,0.27,0.82
alice,1,28624390,1332,0.0896,0.7472,4.1682,0.1322,,,,535,57,0.269,0.695
alice,1,28624390,1333,0.1178,0.7773,4.2054,0.1322,,,,549,26,0.278,0.798
alice,1,28624390,1334,0.0958,0.7531,4.0404,0.1322,,,,546,31,0.267,0.843
alice,1,28624390,1335,0.0877,0.7143,3.7719,0.1322,,,,546,54,0.253,0.851
alice,1,28624390,1336,0.0912,0.742,3.7814,0.1322,,,,543,48,0.24,0.717
alice,1,28624390,1337,0.0981,0.7492,3.935,0.1322,,,,555,68,0.24,0.693
alice,1,28624390,1338,0.1104,0.6869,3.8622,0.1322,,,,548,62,0.246,0.816
alice,1,28624390,1339,0.094,0.6686,3.4835,0.1322,,,,559,53,0.262,0.91
alice,1,28624390,1340,0.1131,0.7432,3.9864,0.1322,,,,549,44,0.265,0.83
alice,1,28624390,1341,0.1204,0.7131,3.8539,0.1322,,,,553,31,0.278,0.832
alice,1,28624390,1342,0.0913,0.7408,4.0514,0.1322,,,,537,32,0.273,0.78
alice,1,28624390,1343,0.1019,0.7772,4.1867,0.1322,,,,544,40,0.254,0.728
alice,1,28624390,1344,0.1133,0.7841,4.3425,0.1322,,,,543,29,0.278,0.715
alice,1,28624390,1345,0.0938,0.7992,4.3453,0.1322,,,,547,28,0.265,0.764
alice,1,28624390,1346,0.0966,0.7544,4.1869,0.1322,,,,546,42,0.235,0.855
alice,1,28624390,1347,0.0893,0.7436,4.1801,0.1322,,,,540,35,0.25,0.74
alice,1,28624390,1348,0.1024,0.7384,4.2381,0.1322,,,,548,33,0.245,0.793
alice,1,28624390,1349,0.1125,0.7468,4.25,0.1322,,,,549,22,0.263,0.811
alice,1,28624390,1350,0.0936,0.6806,4.1531,0.1322,,,,535,34,0.258,0.776
alice,1,28624390,1351,0.0884,0.6882,3.9522,0.1322,,,,549,36,0.282,0.8
alice,1,28624390,1352,0.0964,0.7112,4.175,0.1322,,,,539,39,0.264,0.774
alice,1,28624390,1353,0.0849,0.6584,3.4826,0.1322,,,,555,40,0.264,0.779
alice,1,28639822,1354,0.1869,0.99,4.7168,0.1322,,,,557,24,0.297,0.79
alice,1,28639822,1355,0.1585,0.8602,4.305,0.1322,,,,556,37,0.283,0.869
alice,1,28639822,1356,0.1258,0.7689,4.181,0.1322,,,,548,39,0.276,0.813
alice,1,28639822,1357,0.1377,0.7723,4.2052,0.1322,,,,540,27,0.288,0.772
alice,1,28639822,1358,0.1211,0.8174,4.4565,0.1322,,,,541,26,0.273,0.703
alice,1,28639822,1359,0.1246,0.7966,4.4583,0.1322,,,,543,42,0.279,0.775
alice,1,28639822,1360,0.1235,0.7184,4.061,0.1322,,,,547,36,0.252,0.752
alice,1,28639822,1361,0.1078,0.7437,4.1724,0.1322,,,,538,31,0.264,0.81
alice,1,28639822,1362,0.1042,0.7462,4.0091,0.1322,,,,548,28,0.269,0.853
alice,1,28639822,1363,0.09,0.7588,4.1244,0.1322,,,,545,34,0.265,0.977
alice,1,28639822,1364,0.0951,0.736,4.34,0.1322,,,,535,40,0.263,0.727
alice,1,28639822,1365,0.0936,0.7534,4.088,0.1322,,,,541,35,0.261,0.824
alice,1,28639822,1366,0.0992,0.7585,4.1629,0.1322,,,,551,18,0.274,0.812
alice,1,28639822,1367,0.0836,0.6928,4.0189,0.1322,,,,555,27,0.264,0.794
alice,1,28639822,1368,0.062,0.6822,3.932,0.1322,,,,551,29,0.26,0.736
alice,1,28639822,1369,0.0697,0.6994,4.064,0.1322,,,,535,37,0.261,0.762
alice,1,28639822,1370,0.0805,0.7306,4.1779,0.1322,,,,552,27,0.259,0.744
alice,1,28639822,1371,0.0697,0.7262,4.0526,0.1322,,,,545,30,0.263,0.874
alice,1,28639822,1372,0.0708,0.7623,4.2201,0.1322,,,,539,32,0.259,0.768
alice,1,28639822,1373,0.0791,0.7714,4.1591,0.1322,,,,553,21,0.264,0.772
alice,1,28639822,1374,0.081,0.7496,4.1298,0.1322,,,,543,31,0.263,0.711
alice,1,28639822,1375,0.0832,0.7724,4.1429,0.1322,,,,535,31,0.257,0.752
alice,1,28639822,1376,0.077,0.7931,4.2889,0.1322,,,,542,41,0.257,0.65
alice,1,28639822,1377,0.062,0.7732,3.9957,0.1322,,,,544,44,0.241,0.746
alice,1,28639822,1378,0.0534,0.7958,3.9588,0.1322,,,,547,35,0.25,0.748
alice,1,28639822,1379,0.0563,0.771,4.0442,0.1322,,,,554,45,0.245,0.801
alice,1,28639822,1380,0.0426,0.7629,3.9462,0.1322,,,,541,39,0.241,0.763
alice,1,28639822,1381,0.0748,0.7601,4.1295,0.1322,,,,552,23,0.263,0.715
alice,1,28639822,1382,0.0688,0.8241,4.411,0.1322,,,,540,28,0.242,0.688
alice,1,28639822,1383,0.0748,0.7962,4.1228,0.1322,,,,550,35,0.25,0.712
alice,1,28639822,1384,0.0541,0.7945,4.1773,0.1322,,,,549,29,0.236,0.729
alice,1,28639822,1385,0.0413,0.8166,4.3143,0.1322,,,,532,42,0.235,0.755
alice,1,28639822,1386,0.0662,0.7588,4.0852,0.1322,,,,558,23,0.25,0.787
alice,1,28639822,1387,0.0632,0.7142,4.1111,0.1322,,,,553,26,0.256,0.833
alice,1,28639822,1388,0.0608,0.7951,4.4724,0.1322,,,,523,29,0.249,0.744
alice,1,28639822,1389,0.1055,0.7531,4.1847,0.1322,,,,549,22,0.267,0.838
alice,1,28639822,1390,0.0854,0.7601,4.1783,0.1322,,,,538,26,0.257,0.728
alice,1,28639822,1391,0.0808,0.7642,4.0966,0.1322,,,,556,30,0.251,0.691
alice,1,28639822,1392,0.0757,0.7377,4.1598,0.1322,,,,550,40,0.246,0.887
alice,1,28639822,1393,0.0751,0.7278,4.0044,0.1322,,,,544,41,0.236,0.702
alice,1,28639822,1394,0.0854,0.7143,3.8636,0.1322,,,,562,28,0.246,0.647
alice,1,28639822,1395,0.0833,0.765,4.0944,0.1322,,,,557,18,0.267,0.748
alice,1,28639822,1396,0.0818,0.783,4.3349,0.1322,,,,552,21,0.267,0.78
alice,1,28639822,1397,0.0771,0.7583,4.0218,0.1322,,,,551,12,0.262,0.81
alice,1,28639822,1398,0.0838,0.7376,4.0393,0.1322,,,,555,26,0.261,0.771
alice,1,28639822,1399,0.0729,0.8113,4.36,0.1322,,,,539,24,0.259,0.766
alice,1,28639822,1400,0.0788,0.7604,4.1586,0.1322,,,,556,33,0.252,0.994
alice,1,28639822,1401,0.0722,0.6895,3.8869,0.1322,,,,554,31,0.255,0.784
alice,1,28639822,1402,0.0708,0.7274,3.92,0.1322,,,,552,29,0.254,0.708
alice,1,28639822,1403,0.0649,0.761,4.212,0.1322,,,,539,44,0.263,0.742
alice,1,28639822,1404,0.0745,0.6998,3.6582,0.1322,,,,560,44,0.235,0.659
alice,1,28639822,1405,0.0791,0.7363,4.0175,0.1322,,,,552,36,0.243,0.712
alice,1,28639822,1406,0.1024,0.7925,4.2863,0.1322,,,,548,22,0.262,0.734
alice,1,28639822,1407,0.09,0.7653,4.1466,0.1322,,,,546,30,0.263,0.762
alice,1,28639822,1408,0.1023,0.7822,4.1803,0.1322,,,,557,19,0.259,0.739
alice,1,28639822,1409,0.1134,0.7729,4.3211,0.1322,,,,541,21,0.27,0.946
alice,1,28639822,1410,0.0835,0.7571,4.2603,0.1322,,,,548,26,0.257,0.648
alice,1,28639822,1411,0.068,0.7591,4.0791,0.1322,,,,543,40,0.237,0.838
alice,1,28639822,1412,0.0733,0.7515,4.1336,0.1322,,,,539,49,0.24,0.77
alice,1,28639822,1413,0.0782,0.7248,4.0139,0.1322,,,,548,47,0.244,0.769
alice,1,28639822,1414,0.0647,0.8092,4.2061,0.1322,,,,542,24,0.257,0.718
alice,1,28639822,1415,0.0886,0.796,4.1814,0.1322,,,,545,23,0.263,0.705
alice,1,28639822,1416,0.105,0.7695,4.0201,0.1322,,,,553,22,0.261,0.766
alice,1,28639822,1417,0.1154,0.7799,4.1306,0.1322,,,,566,17,0.262,0.863
alice,1,28639822,1418,0.0818,0.7389,4.0265,0.1322,,,,551,29,0.259,0.738
alice,1,28639822,1419,0.0625,0.7839,3.9701,0.1322,,,,543,35,0.252,0.886
alice,1,28639822,1420,0.0804,0.7891,3.876,0.1322,,,,558,30,0.261,0.743
alice,1,28639822,1421,0.0777,0.7876,4.1097,0.1322,,,,550,35,0.248,0.791
alice,1,28639822,1422,0.0909,0.8146,4.2954,0.1322,,,,549,19,0.258,0.72
alice,1,28639822,1423,0.1048,0.7155,4.0,0.1322,,,,556,25,0.267,0.845
alice,1,28639822,1424,0.0767,0.6953,3.7467,0.1322,,,,550,38,0.252,0.886
alice,1,28639822,1425,0.0715,0.7412,3.8208,0.1322,,,,534,45,0.229,0.636
alice,1,28639822,1426,0.0872,0.7933,4.1912,0.1322,,,,550,43,0.241,0.71
alice,1,28639822,1427,0.0772,0.713,3.8023,0.1322,,,,560,35,0.24,0.718
alice,1,28639822,1428,0.0869,0.7966,4.1107,0.1322,,,,546,41,0.231,0.688
alice,1,28639822,1429,0.0997,0.7725,3.9885,0.1322,,,,562,31,0.248,0.747
alice,1,28639822,1430,0.1083,0.7307,3.9755,0.1322,,,,559,28,0.254,0.741
alice,1,28639822,1431,0.1011,0.7842,4.309,0.1322,,,,548,32,0.233,0.73
alice,1,28639822,1432,0.1087,0.7503,4.1798,0.1322,,,,546,29,0.241,0.911
alice,1,28639822,1433,0.0679,0.7541,4.0805,0.1322,,,,551,29,0.235,0.708
alice,1,28639822,1434,0.0774,0.8081,4.5156,0.1322,,,,538,31,0.24,0.626
alice,1,28639822,1435,0.0823,0.7724,4.4126,0.1322,,,,551,27,0.249,0.726
alice,1,28639822,1436,0.0766,0.8057,4.347,0.1322,,,,545,13,0.26,0.712
alice,1,28639822,1437,0.0837,0.7713,4.3925,0.1322,,,,544,27,0.267,0.935
alice,1,28639822,1438,0.0679,0.7711,4.1703,0.1322,,,,547,18,0.248,0.702
alice,1,28639822,1439,0.0617,0.8214,4.2521,0.1322,,,,551,20,0.254,0.824
alice,1,28639822,1440,0.0692,0.7355,4.2269,0.1322,,,,554,26,0.241,0.671
alice,1,28639822,1441,0.0715,0.7143,3.9862,0.1322,,,,545,25,0.249,0.85
alice,1,28639822,1442,0.0781,0.6957,3.8978,0.1322,,,,561,22,0.253,0.838
alice,1,28639822,1443,0.0764,0.691,4.0435,0.1322,,,,543,37,0.248,0.834
alice,1,28639822,1444,0.0981,0.6556,3.7826,0.1322,,,,556,28,0.253,0.831
alice,1,28639822,1445,0.0899,0.7936,4.3901,0.1322,,,,545,15,0.263,0.677
alice,1,28639822,1446,0.0914,0.7969,4.25,0.1322,,,,542,28,0.254,0.828
alice,1,28639822,1447,0.0829,0.7982,3.9723,0.1322,,,,557,27,0.25,0.678
alice,1,28639822,1448,0.0869,0.778,4.2152,0.1322,,,,552,29,0.233,0.717
alice,1,28639822,1449,0.0767,0.768,3.9793,0.1322,,,,551,29,0.254,0.807
alice,1,28639822,1450,0.0968,0.761,4.0788,0.1322,,,,556,30,0.25,0.639
alice,1,28639822,1451,0.0811,0.774,4.0164,0.1322,,,,557,24,0.26,0.819
alice,1,28639822,1452,0.0895,0.756,4.0251,0.1322,,,,559,20,0.249,0.723
alice,1,28639822,1453,0.0863,0.8088,4.1393,0.1322,,,,546,17,0.252,0.685
alice,1,28639822,1454,0.1023,0.7144,3.893,0.1322,,,,567,31,0.261,0.732
alice,1,28639822,1455,0.089,0.7132,3.7983,0.1322,,,,570,26,0.256,0.671
alice,1,28639822,1456,0.0912,0.6624,3.6923,0.1322,,,,559,22,0.276,0.845
alice,1,28639822,1457,0.0674,0.7268,3.8489,0.1322,,,,555,19,0.273,0.862
alice,1,28639822,1458,0.0549,0.7619,3.8826,0.1322,,,,555,23,0.264,0.787
alice,1,28639822,1459,0.082,0.8084,4.2247,0.1322,,,,546,24,0.258,0.793
alice,1,28639822,1460,0.0904,0.8328,4.161,0.1322,,,,554,15,0.273,0.725
alice,1,28639822,1461,0.0854,0.7879,4.0082,0.1322,,,,559,24,0.245,0.627
alice,1,28639822,1462,0.0887,0.7759,4.0294,0.1322,,,,556,24,0.262,0.757
alice,1,28639822,1463,0.0829,0.7697,4.1202,0.1322,,,,544,36,0.246,0.692
alice,1,28639822,1464,0.081,0.8468,4.4958,0.1322,,,,544,19,0.256,0.649
alice,1,28639822,1465,0.0591,0.7904,4.2845,0.1322,,,,549,25,0.25,0.712
alice,1,28639822,1466,0.0479,0.8288,4.1453,0.1322,,,,547,28,0.246,0.679
alice,1,28639822,1467,0.0663,0.7823,4.0736,0.1322,,,,552,37,0.24,0.804
alice,1,28639822,1468,0.0889,0.74,4.0133,0.1322,,,,555,23,0.258,0.731
alice,1,28639822,1469,0.0883,0.719,3.8584,0.1322,,,,557,24,0.262,0.65
alice,1,28639822,1470,0.0782,0.6911,3.7064,0.1322,,,,564,28,0.258,0.775
alice,1,28639822,1471,0.0787,0.6934,3.8259,0.1322,,,,568,16,0.266,0.721
alice,1,28639822,1472,0.0636,0.6524,3.5915,0.1322,,,,553,40,0.256,0.799
alice,1,28639822,1473,0.0824,0.6855,3.8846,0.1322,,,,545,29,0.249,0.645
alice,1,28639822,1474,0.0909,0.7086,3.8767,0.1322,,,,544,27,0.253,0.818
alice,1,28639822,1475,0.0718,0.719,3.9779,0.1322,,,,555,32,0.25,0.722
alice,1,28639822,1476,0.0491,0.7194,3.7939,0.1322,,,,549,38,0.244,0.733
alice,1,28639822,1477,0.0736,0.6815,3.7839,0.1322,,,,562,34,0.252,0.793
alice,1,28639822,1478,0.0577,0.7384,3.6573,0.1322,,,,559,22,0.255,0.721
alice,1,28639822,1479,0.086,0.7338,3.8642,0.1322,,,,562,24,0.25,1.005
alice,1,28639822,1480,0.0797,0.7757,4.1921,0.1322,,,,549,21,0.242,0.726
alice,1,28639822,1481,0.0896,0.7867,4.1134,0.1322,,,,553,21,0.257,0.636
alice,1,28639822,1482,0.0691,0.7343,3.6279,0.1322,,,,559,38,0.244,0.762
alice,1,28639822,1483,0.0842,0.7754,3.8072,0.1322,,,,551,32,0.239,0.683
alice,1,28639822,1484,0.0766,0.7226,3.7266,0.1322,,,,568,46,0.235,0.755
alice,1,28639822,1485,0.0702,0.7242,3.7571,0.1322,,,,564,33,0.239,0.659
alice,1,28639822,1486,0.0714,0.7902,4.0415,0.1322,,,,551,22,0.259,0.835
alice,1,28639822,1487,0.091,0.8065,4.1714,0.1322,,,,558,15,0.256,0.699
alice,1,28639822,1488,0.0804,0.779,4.1271,0.1322,,,,549,24,0.26,0.872
alice,1,28639822,1489,0.0954,0.7692,3.9421,0.1322,,,,556,22,0.261,0.877
alice,1,28639822,1490,0.1109,0.7175,3.8635,0.1322,,,,560,20,0.26,0.672
alice,1,28639822,1491,0.0749,0.7651,4.0042,0.1322,,,,555,34,0.247,0.764
alice,1,28639822,1492,0.0855,0.6721,3.6261,0.1322,,,,571,25,0.247,0.644
alice,1,28639822,1493,0.076,0.7788,4.1741,0.1322,,,,541,29,0.258,0.662
alice,1,28639822,1494,0.0709,0.7135,3.8387,0.1322,,,,560,24,0.248,0.696
alice,1,28639822,1495,0.1056,0.7773,4.2034,0.1322,,,,551,25,0.258,0.724
alice,1,28639822,1496,0.0636,0.767,4.1046,0.1322,,,,540,35,0.246,0.68
alice,1,28639822,1497,0.0885,0.7658,3.9027,0.1322,,,,564,27,0.247,0.733
alice,1,28639822,1498,0.0768,0.7131,3.6601,0.1322,,,,571,33,0.246,0.797
alice,1,28639822,1499,0.0967,0.7582,4.0558,0.1322,,,,557,23,0.256,0.768
alice,1,28639822,1500,0.0771,0.7012,3.7222,0.1322,,,,570,16,0.267,0.861
alice,1,28639822,1501,0.0814,0.7159,3.7444,0.1322,,,,554,21,0.261,0.748
alice,1,28639822,1502,0.0799,0.6778,3.4599,0.1322,,,,567,21,0.262,0.765
alice,1,28639822,1503,0.0737,0.7237,3.8533,0.1322,,,,544,35,0.238,0.723
alice,1,28639822,1504,0.0812,0.6563,3.3953,0.1322,,,,586,25,0.251,0.775
alice,1,28639822,1505,0.0786,0.7038,3.5833,0.1322,,,,565,27,0.248,0.818
alice,1,28639822,1506,0.0813,0.6474,3.4115,0.1322,,,,577,23,0.249,1.036
alice,1,28639822,1507,0.0789,0.6657,3.4667,0.1322,,,,567,20,0.267,0.801
alice,1,28639822,1508,0.0865,0.6871,3.8166,0.1322,,,,563,28,0.248,0.694
alice,1,28639822,1509,0.0844,0.6875,3.561,0.1322,,,,560,29,0.249,0.736
alice,1,28639822,1510,0.1141,0.7564,4.0496,0.1322,,,,548,26,0.258,0.724
alice,1,28639822,1511,0.086,0.7252,3.792,0.1322,,,,550,33,0.249,0.688
alice,1,28639822,1512,0.1028,0.7974,4.0226,0.1322,,,,554,29,0.243,0.706
alice,1,28639822,1513,0.0881,0.8085,3.8993,0.1322,,,,566,31,0.251,0.643
alice,1,28639822,1514,0.069,0.8132,3.974,0.1322,,,,557,38,0.239,0.602
alice,1,28639822,1515,0.1041,0.783,4.0078,0.1322,,,,567,26,0.258,0.661
alice,1,28639822,1516,0.095,0.7636,3.9197,0.1322,,,,555,23,0.254,0.773
alice,1,28639822,1517,0.0832,0.715,3.9012,0.1322,,,,566,31,0.245,0.645
alice,1,28639822,1518,0.0936,0.6842,3.6983,0.1322,,,,568,27,0.256,0.714
alice,1,28639822,1519,0.0782,0.6812,3.6923,0.1322,,,,552,23,0.256,0.691
alice,1,28639822,1520,0.076,0.6441,3.458,0.1322,,,,566,24,0.254,0.668
alice,1,28639822,1521,0.0687,0.7441,3.8632,0.1322,,,,553,25,0.251,0.865
alice,1,28639822,1522,0.0852,0.7914,4.0816,0.1322,,,,553,22,0.25,0.617
alice,1,28639822,1523,0.1,0.8168,4.5043,0.1322,,,,545,23,0.241,0.68
alice,1,28639822,1524,0.0935,0.7435,3.9875,0.1322,,,,557,19,0.258,0.743
alice,1,28639822,1525,0.0899,0.6931,3.7511,0.1322,,,,561,30,0.251,0.731
alice,1,28639822,1526,0.1023,0.7216,3.9574,0.1322,,,,554,30,0.245,0.729
alice,1,28639822,1527,0.0849,0.6905,3.9563,0.1322,,,,555,36,0.243,0.675
alice,1,28639822,1528,0.0732,0.7319,3.9017,0.1322,,,,559,24,0.256,0.646
alice,1,28639822,1529,0.0982,0.7555,3.9498,0.1322,,,,548,22,0.244,0.668
alice,1,28639822,1530,0.0933,0.7348,3.8921,0.1322,,,,561,26,0.254,0.738
alice,1,28639822,1531,0.1115,0.7212,3.744,0.1322,,,,564,11,0.259,0.843
alice,1,28639822,1532,0.0928,0.7789,4.1336,0.1322,,,,556,33,0.256,0.664
alice,1,28639822,1533,0.0626,0.7032,3.6025,0.1322,,,,569,22,0.249,0.683
alice,1,28639822,1534,0.0666,0.7226,3.8442,0.1322,,,,561,21,0.251,0.643
alice,1,28639822,1535,0.0647,0.72,3.7167,0.1322,,,,556,26,0.259,0.785
alice,1,28639822,1536,0.0805,0.7756,3.9545,0.1322,,,,550,21,0.272,0.866
alice,1,28639822,1537,0.0982,0.8109,4.2449,0.1322,,,,553,17,0.261,0.7
alice,1,28639822,1538,0.099,0.7813,4.0763,0.1322,,,,548,31,0.256,0.742
alice,1,28639822,1539,0.0868,0.7753,3.9535,0.1322,,,,559,33,0.247,0.731
alice,1,28639822,1540,0.0854,0.756,3.6605,0.1322,,,,564,27,0.253,0.702
alice,1,28639822,1541,0.1001,0.7529,4.0198,0.1322,,,,565,30,0.266,0.823
alice,1,28639822,1542,0.0706,0.746,3.7773,0.1322,,,,558,44,0.256,0.691
alice,1,28639822,1543,0.0768,0.7577,3.823,0.1322,,,,551,37,0.257,0.808
alice,1,28639822,1544,0.0941,0.7846,3.8409,0.1322,,,,554,39,0.251,0.758
alice,1,28639822,1545,0.1016,0.7516,3.685,0.1322,,,,571,42,0.256,0.71
alice,1,28639822,1546,0.0863,0.7714,3.8973,0.1322,,,,562,30,0.252,0.741
alice,1,28639822,1547,0.0781,0.7634,3.9921,0.1322,,,,564,30,0.248,0.855
alice,1,28639822,1548,0.0606,0.7018,3.7908,0.1322,,,,569,30,0.248,0.632
alice,1,28639822,1549,0.0419,0.6889,3.5234,0.1322,,,,562,33,0.26,0.772
alice,1,28639822,1550,0.0607,0.7626,3.7686,0.1322,,,,556,21,0.263,0.869
alice,1,28639822,1551,0.0607,0.7128,3.6853,0.1322,,,,563,37,0.26,0.761
alice,1,28639822,1552,0.0689,0.7275,3.9136,0.1322,,,,563,25,0.256,0.645
alice,1,28639822,1553,0.0385,0.7464,3.6463,0.1322,,,,554,20,0.254,0.696
alice,1,28639822,1554,0.0814,0.7409,3.749,0.1322,,,,566,21,0.262,0.658
alice,1,28639822,1555,0.046,0.7839,3.7247,0.1322,,,,554,30,0.256,0.713
alice,1,28639822,1556,0.0368,0.7566,3.6887,0.1322,,,,561,36,0.24,0.789
alice,1,28639822,1557,0.0432,0.8105,3.861,0.1322,,,,548,49,0.235,0.732
alice,1,28639822,1558,0.0744,0.7607,3.6703,0.1322,,,,559,46,0.231,0.701
alice,1,28639822,1559,0.0921,0.7582,3.694,0.1322,,,,572,36,0.247,0.68
alice,1,28639822,1560,0.0888,0.7373,3.7602,0.1322,,,,572,31,0.252,0.822
alice,1,28639822,1561,0.0635,0.6952,3.5263,0.1322,,,,560,34,0.242,0.676
alice,1,28639822,1562,0.0644,0.7467,3.7912,0.1322,,,,555,40,0.231,0.6
alice,1,28639822,1563,0.0781,0.7523,3.9472,0.1322,,,,564,26,0.245,0.902
alice,1,28639822,1564,0.0707,0.6998,3.5426,0.1322,,,,569,35,0.232,0.69
alice,1,28639822,1565,0.0631,0.6934,3.572,0.1322,,,,570,51,0.236,0.702
alice,1,28639822,1566,0.0605,0.7801,3.931,0.1322,,,,546,26,0.241,0.734
alice,1,28639822,1567,0.0576,0.8232,4.1667,0.1322,,,,539,26,0.263,0.743
alice,1,28639822,1568,0.0733,0.7382,3.5572,0.1322,,,,577,27,0.257,0.786
alice,1,28639822,1569,0.0631,0.7915,3.8185,0.1322,,,,556,28,0.254,0.711
alice,1,28639822,1570,0.0727,0.8178,4.0595,0.1322,,,,560,31,0.243,0.656
alice,1,28639822,1571,0.0769,0.7804,3.9206,0.1322,,,,555,29,0.249,0.67
alice,1,28639822,1572,0.0781,0.7603,4.0165,0.1322,,,,553,41,0.239,0.697
alice,1,28639822,1573,0.0686,0.7832,4.1213,0.1322,,,,550,29,0.247,0.728
alice,1,28639822,1574,0.1043,0.6932,3.7553,0.1322,,,,570,29,0.249,0.794
alice,1,28639822,1575,0.0765,0.6516,3.8612,0.1322,,,,561,26,0.26,0.687
alice,1,28639822,1576,0.0846,0.7081,3.9429,0.1322,,,,545,22,0.262,0.734
alice,1,28639822,1577,0.0892,0.6941,3.8584,0.1322,,,,559,22,0.254,0.812
alice,1,28639822,1578,0.0783,0.6789,3.7818,0.1322,,,,544,32,0.242,0.719
alice,1,28639822,1579,0.0665,0.711,3.8596,0.1322,,,,547,41,0.237,0.716
alice,1,28639822,1580,0.0528,0.6785,3.6356,0.1322,,,,565,46,0.24,0.846
alice,1,28639822,1581,0.0526,0.6589,3.3813,0.1322,,,,568,45,0.229,0.773
alice,1,28639822,1582,0.0644,0.7641,4.1299,0.1322,,,,540,42,0.245,0.928
alice,1,28639822,1583,0.0921,0.756,4.1381,0.1322,,,,555,29,0.241,0.665
alice,1,28639822,1584,0.0971,0.7436,4.2385,0.1322,,,,549,31,0.253,0.843
alice,1,28639822,1585,0.0782,0.7121,3.8664,0.1322,,,,553,25,0.252,0.69
alice,1,28639822,1586,0.0683,0.7122,3.7647,0.1322,,,,560,25,0.255,0.721
alice,1,28639822,1587,0.0551,0.746,3.7903,0.1322,,,,557,38,0.248,0.722
alice,1,28639822,1588,0.0617,0.7711,4.0121,0.1322,,,,547,29,0.243,0.735
alice,1,28639822,1589,0.0642,0.7682,3.965,0.1322,,,,556,42,0.232,0.768
alice,1,28639822,1590,0.0957,0.752,4.1857,0.1322,,,,555,38,0.236,0.699
alice,1,28639822,1591,0.0331,0.7092,3.765,0.1322,,,,532,89,0.211,0.843
alice,1,28639822,1592,0.0566,0.7397,3.7765,0.1322,,,,556,52,0.226,0.821
alice,1,28639822,1593,0.0774,0.7017,3.5969,0.1322,,,,565,57,0.225,0.751
alice,1,28639822,1594,0.0787,0.6994,3.5312,0.1322,,,,565,37,0.233,0.688
alice,1,28639822,1595,0.0792,0.7259,3.6484,0.1322,,,,575,16,0.252,0.747
alice,1,28639822,1596,0.0775,0.7705,4.0042,0.1322,,,,561,23,0.245,0.636
alice,1,28639822,1597,0.0576,0.7492,3.7137,0.1322,,,,561,23,0.249,0.78
alice,1,28639822,1598,0.0666,0.7518,3.893,0.1322,,,,551,35,0.243,0.831
alice,1,28639822,1599,0.0746,0.7387,3.874,0.1322,,,,555,40,0.236,0.731
alice,1,28639822,1600,0.0605,0.7712,3.9755,0.1322,,,,555,29,0.246,0.741
alice,1,28639822,1601,0.0683,0.7774,3.9801,0.1322,,,,554,28,0.246,0.665
alice,1,28639822,1602,0.0869,0.81,4.2594,0.1322,,,,545,23,0.263,0.914
alice,1,28639822,1603,0.0738,0.7525,3.9265,0.1322,,,,554,35,0.253,0.892
alice,1,28639822,1604,0.0721,0.7696,3.8306,0.1322,,,,551,36,0.246,0.753
alice,1,28639822,1605,0.0912,0.7647,4.0083,0.1322,,,,559,33,0.248,0.728
alice,1,28639822,1606,0.0786,0.7395,3.9471,0.1322,,,,556,23,0.254,0.934
alice,1,28639822,1607,0.0598,0.7833,3.9826,0.1322,,,,552,20,0.25,0.717
alice,1,28639822,1608,0.0893,0.7462,3.9035,0.1322,,,,552,30,0.249,0.698
alice,1,28639822,1609,0.075,0.715,3.7668,0.1322,,,,563,29,0.238,0.692
alice,1,28639822,1610,0.0804,0.7546,4.0787,0.1322,,,,543,27,0.242,0.799
alice,1,28639822,1611,0.0861,0.6929,3.7706,0.1322,,,,563,31,0.232,0.743
alice,1,28639822,1612,0.0786,0.7177,3.9224,0.1322,,,,546,27,0.235,0.724
alice,1,28639822,1613,0.0798,0.6767,3.738,0.1322,,,,561,32,0.235,0.83
alice,1,28639822,1614,0.0932,0.7046,3.6807,0.1322,,,,546,42,0.239,0.819
alice,1,28639822,1615,0.106,0.7737,4.0424,0.1322,,,,559,24,0.254,0.778
alice,1,28639822,1616,0.0772,0.7271,3.8319,0.1322,,,,551,32,0.246,0.756
alice,1,28639822,1617,0.0682,0.734,3.903,0.1322,,,,546,53,0.225,0.707
alice,1,28639822,1618,0.0689,0.7484,3.6794,0.1322,,,,545,69,0.223,0.789
alice,1,28639822,1619,0.092,0.751,3.7954,0.1322,,,,562,52,0.23,0.781
alice,1,28639822,1620,0.0985,0.7259,3.7183,0.1322,,,,573,37,0.234,0.662
alice,1,28639822,1621,0.0889,0.7892,4.0212,0.1322,,,,554,17,0.254,0.752
alice,1,28639822,1622,0.1103,0.7829,4.1568,0.1322,,,,546,18,0.255,0.789
alice,1,28639822,1623,0.1102,0.7386,3.8031,0.1322,,,,555,21,0.251,0.816
alice,1,28639822,1624,0.1116,0.7402,3.8251,0.1322,,,,572,25,0.248,0.76
alice,1,28639822,1625,0.1015,0.7003,3.6759,0.1322,,,,571,34,0.227,0.875
alice,1,28639822,1626,0.1019,0.6948,3.95,0.1322,,,,555,39,0.241,0.92
alice,1,28639822,1627,0.1088,0.6927,4.0136,0.1322,,,,554,14,0.242,0.641
alice,1,28639822,1628,0.1024,0.7317,4.1743,0.1322,,,,546,21,0.262,0.702
alice,1,28639822,1629,0.1066,0.7273,4.0658,0.1322,,,,559,8,0.255,0.704
alice,1,28639822,1630,0.1105,0.6578,3.7478,0.1322,,,,564,25,0.252,0.773
alice,1,28639822,1631,0.0738,0.6978,3.8969,0.1322,,,,543,29,0.245,0.661
alice,1,28639822,1632,0.0663,0.6348,3.3984,0.1322,,,,568,44,0.221,0.732
alice,1,28639822,1633,0.0898,0.6735,3.6639,0.1322,,,,568,48,0.231,0.752
alice,1,28639822,1634,0.0641,0.6528,3.3504,0.1322,,,,572,30,0.243,0.667
alice,1,28639822,1635,0.0716,0.6736,3.7458,0.1322,,,,561,30,0.248,0.784
alice,1,28639822,1636,0.0663,0.7106,3.6818,0.1322,,,,563,16,0.255,0.783
alice,1,28639822,1637,0.072,0.6991,3.7409,0.1322,,,,563,23,0.259,0.754
alice,1,28639822,1638,0.0815,0.7483,3.7888,0.1322,,,,564,16,0.265,0.847
alice,1,28639822,1639,0.0954,0.7499,3.8851,0.1322,,,,560,28,0.258,0.784
alice,1,28639822,1640,0.0641,0.69,3.6092,0.1322,,,,558,43,0.236,0.758
alice,1,28639822,1641,0.0877,0.6624,3.6398,0.1322,,,,564,30,0.243,0.676
alice,1,28639822,1642,0.0836,0.7236,3.7679,0.1322,,,,555,24,0.252,0.801
alice,1,28639822,1643,0.1096,0.7641,4.2026,0.1322,,,,546,17,0.261,0.819
alice,1,28639822,1644,0.1044,0.7408,3.9759,0.1322,,,,558,31,0.251,0.812
alice,1,28639822,1645,0.0804,0.7489,3.9633,0.1322,,,,560,28,0.257,0.756
alice,1,28639822,1646,0.1041,0.7209,3.7705,0.1322,,,,564,19,0.25,0.858
alice,1,28639822,1647,0.1059,0.664,3.6752,0.1322,,,,569,29,0.247,0.796
alice,1,28639822,1648,0.0788,0.675,3.4938,0.1322,,,,562,28,0.25,0.826
alice,1,28639822,1649,0.1094,0.6832,3.6176,0.1322,,,,569,23,0.253,0.733
alice,1,28639822,1650,0.0545,0.7307,3.6206,0.1322,,,,555,42,0.23,0.768
alice,1,28639822,1651,0.0702,0.7416,3.771,0.1322,,,,565,30,0.237,0.718
alice,1,28639822,1652,0.067,0.7121,3.7354,0.1322,,,,570,34,0.237,0.898
alice,1,28639822,1653,0.0715,0.6953,3.5857,0.1322,,,,574,23,0.245,0.673
alice,1,28639822,1654,0.071,0.6727,3.551,0.1322,,,,571,25,0.239,0.689
alice,1,28639822,1655,0.0568,0.7005,3.5894,0.1322,,,,557,34,0.241,0.789
alice,1,28639822,1656,0.0677,0.7225,3.65,0.1322,,,,565,26,0.249,0.805
alice,1,28639822,1657,0.0736,0.7565,3.9719,0.1322,,,,555,33,0.245,0.83
alice,1,28639822,1658,0.0854,0.7499,3.8521,0.1322,,,,559,26,0.258,0.796
alice,1,28639822,1659,0.0785,0.7336,3.7962,0.1322,,,,564,14,0.258,0.807
alice,1,28639822,1660,0.0937,0.7394,3.7712,0.1322,,,,571,25,0.251,0.639
alice,1,28639822,1661,0.0816,0.7598,3.8447,0.1322,,,,561,32,0.252,0.865
alice,1,28639822,1662,0.0809,0.7299,3.7833,0.1322,,,,566,32,0.249,0.878
alice,1,28639822,1663,0.0538,0.7263,3.6581,0.1322,,,,556,43,0.245,0.73
alice,1,28639822,1664,0.0751,0.7201,3.6331,0.1322,,,,586,31,0.249,0.713
alice,1,28639822,1665,0.0631,0.6823,3.4231,0.1322,,,,580,25,0.242,0.713
alice,1,28639822,1666,0.0568,0.677,3.5473,0.1322,,,,564,28,0.253,0.722
alice,1,28639822,1667,0.044,0.6597,3.332,0.1322,,,,569,45,0.236,0.734
alice,1,28639822,1668,0.0677,0.6543,3.4776,0.1322,,,,552,43,0.231,0.759
alice,1,28639822,1669,0.0795,0.6493,3.3702,0.1322,,,,578,52,0.229,0.957
alice,1,28639822,1670,0.0828,0.6748,3.3885,0.1322,,,,580,17,0.251,0.787
alice,1,28639822,1671,0.1014,0.7035,3.592,0.1322,,,,564,30,0.259,0.768
alice,1,28639822,1672,0.0894,0.6524,3.3532,0.1322,,,,587,21,0.249,0.781
alice,1,28639822,1673,0.0861,0.7252,3.6941,0.1322,,,,560,24,0.245,1.035
alice,1,28639822,1674,0.0996,0.7037,3.7209,0.1322,,,,569,34,0.24,0.655
alice,1,28639822,1675,0.0675,0.6709,3.4238,0.1322,,,,569,37,0.237,0.69
alice,1,28639822,1676,0.0753,0.6781,3.5946,0.1322,,,,559,54,0.229,0.838
alice,1,28639822,1677,0.0907,0.6732,3.3162,0.1322,,,,583,38,0.247,0.768
alice,1,28639822,1678,0.094,0.6941,3.5611,0.1322,,,,566,37,0.234,0.832
alice,1,28639822,1679,0.0971,0.7087,3.7874,0.1322,,,,567,29,0.245,0.713
alice,1,28639822,1680,0.0841,0.6849,3.6459,0.1322,,,,568,21,0.249,0.794
alice,1,28639822,1681,0.1047,0.6792,3.531,0.1322,,,,562,26,0.245,0.997
alice,1,28639822,1682,0.0972,0.6373,3.4825,0.1322,,,,581,24,0.256,0.787
alice,1,28639822,1683,0.0726,0.7078,3.6911,0.1322,,,,564,27,0.251,0.734
alice,1,28639822,1684,0.067,0.6856,3.4591,0.1322,,,,566,37,0.237,0.674
alice,1,28639822,1685,0.0799,0.6469,3.2985,0.1322,,,,577,22,0.248,0.752
alice,1,28639822,1686,0.07,0.6638,3.5153,0.1322,,,,567,36,0.249,0.939
alice,1,28639822,1687,0.0689,0.7937,4.069,0.1322,,,,564,20,0.253,0.671
alice,1,28639822,1688,0.0701,0.7122,3.7214,0.1322,,,,569,30,0.245,0.654
alice,1,28639822,1689,0.0647,0.7114,3.8792,0.1322,,,,562,39,0.236,0.697
alice,1,28639822,1690,0.0568,0.7154,3.8728,0.1322,,,,557,36,0.245,0.929
alice,1,28639822,1691,0.0541,0.7105,3.6414,0.1322,,,,566,32,0.242,0.732
alice,1,28639822,1692,0.0434,0.7578,3.8966,0.1322,,,,545,29,0.236,0.712
alice,1,28639822,1693,0.0431,0.7494,3.7291,0.1322,,,,553,39,0.241,0.996
alice,1,28639822,1694,0.0813,0.7947,3.9173,0.1322,,,,562,28,0.241,0.707
alice,1,28639822,1695,0.0639,0.7734,3.7907,0.1322,,,,564,34,0.244,0.841
alice,1,28639822,1696,0.0796,0.7044,3.5458,0.1322,,,,572,27,0.25,0.907
alice,1,28639822,1697,0.0916,0.8135,4.061,0.1322,,,,547,27,0.252,0.762
alice,1,28639822,1698,0.1039,0.7903,3.9031,0.1322,,,,559,22,0.264,0.921
alice,1,28639822,1699,0.0969,0.8185,3.962,0.1322,,,,563,18,0.254,0.756
alice,1,28639822,1700,0.0903,0.7634,3.6803,0.1322,,,,574,26,0.244,0.747
alice,1,28639822,1701,0.0917,0.8085,3.9242,0.1322,,,,566,30,0.244,0.776
alice,1,28639822,1702,0.0768,0.7334,3.8178,0.1322,,,,561,38,0.239,0.835
alice,1,28639822,1703,0.0675,0.7529,3.8333,0.1322,,,,557,26,0.246,0.856
alice,1,28639822,1704,0.0732,0.6914,3.6584,0.1322,,,,556,34,0.24,0.824
alice,1,28639822,1705,0.0893,0.7074,3.5925,0.1322,,,,571,29,0.261,0.998
alice,1,28639822,1706,0.0997,0.7478,4.0281,0.1322,,,,558,18,0.254,0.736
alice,1,28639822,1707,0.0583,0.7184,3.7287,0.1322,,,,561,27,0.234,0.761
alice,1,28639822,1708,0.0596,0.7534,3.8654,0.1322,,,,555,36,0.245,0.766
alice,1,28639822,1709,0.0972,0.7122,3.5867,0.1322,,,,580,24,0.256,0.868
alice,1,28639822,1710,0.0865,0.6996,3.438,0.1322,,,,579,24,0.25,0.7
alice,1,28639822,1711,0.0692,0.7722,3.9835,0.1322,,,,559,31,0.249,0.804
alice,1,28639822,1712,0.0903,0.6751,3.4835,0.1322,,,,567,27,0.253,0.704
alice,1,28639822,1713,0.116,0.6751,3.7076,0.1322,,,,562,16,0.264,0.76
alice,1,28639822,1714,0.101,0.7449,4.1102,0.1322,,,,548,25,0.254,0.828
alice,1,28639822,1715,0.0996,0.6923,3.7769,0.1322,,,,560,40,0.226,0.678
alice,1,28639822,1716,0.0842,0.6584,3.5403,0.1322,,,,563,51,0.232,0.824
alice,1,28639822,1717,0.0667,0.7434,3.7938,0.1322,,,,561,22,0.252,0.797
alice,1,28639822,1718,0.0936,0.6945,3.5824,0.1322,,,,570,30,0.252,0.833
alice,1,28639822,1719,0.074,0.653,3.4394,0.1322,,,,580,35,0.233,0.817
alice,1,28639822,1720,0.0822,0.7132,3.8159,0.1322,,,,558,29,0.255,0.792
alice,1,28639822,1721,0.0828,0.716,3.9042,0.1322,,,,554,30,0.25,0.796
alice,1,28639822,1722,0.076,0.7168,3.7004,0.1322,,,,557,25,0.242,0.707
alice,1,28639822,1723,0.0858,0.7187,3.6493,0.1322,,,,572,54,0.228,0.723
alice,1,28639822,1724,0.0699,0.6677,3.5179,0.1322,,,,568,58,0.234,0.829
alice,1,28639822,1725,0.0888,0.6403,3.5617,0.1322,,,,579,29,0.245,0.864
alice,1,28639822,1726,0.0678,0.6174,3.3249,0.1322,,,,570,16,0.263,0.852
alice,1,28639822,1727,0.0584,0.6515,3.5671,0.1322,,,,561,28,0.239,0.82
alice,1,28639822,1728,0.0667,0.6616,3.7106,0.1322,,,,560,29,0.247,0.796
alice,1,28639822,1729,0.0632,0.6761,3.5909,0.1322,,,,556,35,0.246,0.849
alice,1,28639822,1730,0.0811,0.7191,3.7778,0.1322,,,,565,22,0.254,0.788
alice,1,28639822,1731,0.0766,0.8006,4.1057,0.1322,,,,559,20,0.259,0.908
alice,1,28639822,1732,0.088,0.748,3.7907,0.1322,,,,559,16,0.261,1.105
alice,1,28639822,1733,0.0766,0.7097,3.7579,0.1322,,,,571,28,0.253,0.797
alice,1,28639822,1734,0.0545,0.7191,3.8701,0.1322,,,,547,52,0.233,0.833
alice,1,28639822,1735,0.0742,0.6792,3.9486,0.1322,,,,547,55,0.233,0.735
alice,1,28639822,1736,0.0805,0.6849,3.7489,0.1322,,,,552,35,0.247,0.797
alice,1,28639822,1737,0.0872,0.7176,3.6568,0.1322,,,,551,34,0.25,0.675
alice,1,28639822,1738,0.076,0.7123,3.7699,0.1322,,,,565,29,0.252,0.959
alice,1,28639822,1739,0.069,0.6301,3.4364,0.1322,,,,573,45,0.23,0.863
alice,1,28639822,1740,0.0776,0.6612,3.5965,0.1322,,,,553,31,0.236,0.844
alice,1,28639822,1741,0.0943,0.6413,3.5085,0.1322,,,,564,28,0.24,0.763
alice,1,28639822,1742,0.0844,0.6914,3.7322,0.1322,,,,568,13,0.262,0.774
alice,1,28639822,1743,0.087,0.6496,3.3548,0.1322,,,,569,27,0.249,0.744
alice,1,28639822,1744,0.0752,0.6835,3.6145,0.1322,,,,571,20,0.245,0.787
alice,1,28639822,1745,0.0892,0.7513,3.9221,0.1322,,,,554,27,0.239,0.879
alice,1,28639822,1746,0.0581,0.7277,3.5474,0.1322,,,,563,28,0.239,0.973
alice,1,28639822,1747,0.0596,0.6498,3.2527,0.1322,,,,579,44,0.232,0.824
alice,1,28639822,1748,0.0383,0.6802,3.3297,0.1322,,,,586,47,0.234,0.795
alice,1,28639822,1749,0.0655,0.7555,3.8017,0.1322,,,,562,26,0.258,0.862
alice,1,28639822,1750,0.077,0.6449,3.4538,0.1322,,,,582,21,0.254,0.777
alice,1,28639822,1751,0.0647,0.7268,3.8072,0.1322,,,,539,44,0.237,0.711
alice,1,28639822,1752,0.0734,0.7062,3.5747,0.1322,,,,568,35,0.247,0.817
alice,1,28639822,1753,0.0816,0.744,3.7824,0.1322,,,,560,27,0.243,0.788
alice,1,28639822,1754,0.0734,0.7258,3.7595,0.1322,,,,560,44,0.233,0.707
alice,1,28639822,1755,0.1014,0.7111,3.5216,0.1322,,,,575,20,0.256,0.789
alice,1,28639822,1756,0.0922,0.7084,3.6374,0.1322,,,,571,31,0.251,0.822
alice,1,28639822,1757,0.0687,0.7214,3.6755,0.1322,,,,568,36,0.245,0.81
alice,1,28639822,1758,0.0714,0.7256,3.8394,0.1322,,,,558,38,0.243,0.804
alice,1,28639822,1759,0.0906,0.7372,4.0517,0.1322,,,,556,28,0.251,0.773
alice,1,28639822,1760,0.086,0.6756,3.6057,0.1322,,,,570,27,0.262,0.859
alice,1,28639822,1761,0.0918,0.6977,3.8147,0.1322,,,,560,30,0.252,0.81
alice,1,28639822,1762,0.0899,0.6786,3.8772,0.1322,,,,558,22,0.254,0.763
alice,1,28639822,1763,0.0711,0.675,3.5301,0.1322,,,,563,36,0.234,0.822
alice,1,28639822,1764,0.0612,0.7456,3.7961,0.1322,,,,549,49,0.229,0.723
alice,1,28639822,1765,0.0932,0.7284,3.7034,0.1322,,,,567,33,0.235,0.828
alice,1,28639822,1766,0.1052,0.68,3.7224,0.1322,,,,579,26,0.25,0.913
alice,1,28639822,1767,0.0927,0.6526,3.4937,0.1322,,,,566,21,0.251,0.694
alice,1,28639822,1768,0.0766,0.7066,3.506,0.1322,,,,553,34,0.255,0.731
alice,1,28639822,1769,0.0695,0.67,3.5039,0.1322,,,,576,32,0.24,0.761
alice,1,28639822,1770,0.0458,0.6914,3.5081,0.1322,,,,562,34,0.24,0.804
alice,1,28639822,1771,0.0563,0.7395,3.7725,0.1322,,,,566,19,0.249,0.729
alice,1,28639822,1772,0.0717,0.7013,3.7819,0.1322,,,,560,39,0.234,0.719
alice,1,28639822,1773,0.0856,0.7046,3.5265,0.1322,,,,565,21,0.242,0.806
alice,1,28639822,1774,0.1098,0.7274,3.7313,0.1322,,,,568,24,0.245,0.912
alice,1,28639822,1775,0.0839,0.694,3.6783,0.1322,,,,572,34,0.242,0.88
alice,1,28639822,1776,0.0875,0.6999,3.6281,0.1322,,,,566,31,0.241,1.007
alice,1,28639822,1777,0.0816,0.674,3.5726,0.1322,,,,559,34,0.241,0.851
alice,1,28639822,1778,0.0833,0.7803,3.8233,0.1322,,,,562,25,0.245,0.777
alice,1,28639822,1779,0.0868,0.7474,3.9333,0.1322,,,,568,30,0.247,0.717
alice,1,28639822,1780,0.0883,0.7103,3.743,0.1322,,,,569,19,0.247,0.816
alice,1,28639822,1781,0.0725,0.6697,3.5163,0.1322,,,,571,27,0.253,0.842
alice,1,28639822,1782,0.083,0.6441,3.519,0.1322,,,,574,33,0.248,0.884
alice,1,28639822,1783,0.0692,0.6118,3.2318,0.1322,,,,569,39,0.23,0.816
alice,1,28639822,1784,0.0692,0.6651,3.4872,0.1322,,,,557,36,0.235,1.195
alice,1,28639822,1785,0.0683,0.7384,3.7915,0.1322,,,,552,32,0.235,0.775
alice,1,28639822,1786,0.0747,0.7084,3.5647,0.1322,,,,561,39,0.239,0.908
alice,1,28639822,1787,0.0683,0.804,4.0386,0.1322,,,,556,21,0.255,0.848
alice,1,28639822,1788,0.0755,0.6728,3.4866,0.1322,,,,577,32,0.239,0.737
alice,1,28639822,1789,0.0832,0.656,3.4024,0.1322,,,,572,31,0.243,0.924
alice,1,28639822,1790,0.0544,0.6382,3.4792,0.1322,,,,569,38,0.24,0.828
alice,1,28639822,1791,0.0647,0.6813,3.4466,0.1322,,,,570,19,0.242,0.741
alice,1,28639822,1792,0.0434,0.7321,3.5316,0.1322,,,,562,26,0.237,0.707
alice,1,28639822,1793,0.0655,0.6944,3.4803,0.1322,,,,577,47,0.218,0.709
alice,1,28639822,1794,0.1087,0.7102,3.695,0.1322,,,,571,34,0.242,0.794
alice,1,28639822,1795,0.0853,0.6794,3.5367,0.1322,,,,573,18,0.252,0.788
alice,1,28639822,1796,0.091,0.6317,3.3191,0.1322,,,,586,21,0.251,0.801
alice,1,28639822,1797,0.0908,0.6763,3.3735,0.1322,,,,576,21,0.245,0.767
alice,1,28639822,1798,0.0842,0.6954,3.4961,0.1322,,,,569,20,0.248,0.876
alice,1,28639822,1799,0.0827,0.7142,3.6445,0.1322,,,,572,16,0.252,0.814
alice,1,28639822,1800,0.0551,0.7663,3.6125,0.1322,,,,565,25,0.254,0.851
alice,1,28639822,1801,0.0393,0.7063,3.3298,0.1322,,,,572,47,0.234,0.799
alice,1,28639822,1802,0.063,0.6489,3.1879,0.1322,,,,589,44,0.23,0.771
alice,1,28639822,1803,0.0664,0.6705,3.3694,0.1322,,,,569,40,0.242,0.755
alice,1,28639822,1804,0.0762,0.7226,3.5401,0.1322,,,,569,31,0.236,0.89
alice,1,28639822,1805,0.0945,0.7481,3.7356,0.1322,,,,572,25,0.245,0.779
alice,1,28639822,1806,0.1081,0.7114,3.6255,0.1322,,,,567,26,0.244,0.776
alice,1,28639822,1807,0.0782,0.714,3.636,0.1322,,,,575,31,0.24,0.785
alice,1,28639822,1808,0.0694,0.7341,3.6703,0.1322,,,,574,24,0.255,0.774
alice,1,28639822,1809,0.0784,0.7383,3.635,0.1322,,,,585,25,0.241,0.801
alice,1,28639822,1810,0.0765,0.6785,3.3945,0.1322,,,,578,20,0.249,0.75
alice,1,28639822,1811,0.0931,0.7138,3.7806,0.1322,,,,552,32,0.241,0.834
alice,1,28639822,1812,0.0797,0.6987,3.5243,0.1322,,,,575,29,0.239,0.97
alice,1,28639822,1813,0.096,0.737,3.8831,0.1322,,,,562,26,0.247,0.797
alice,1,28639822,1814,0.0853,0.6831,3.5132,0.1322,,,,568,23,0.25,0.855
alice,1,28639822,1815,0.0821,0.752,3.7072,0.1322,,,,572,22,0.245,0.84
alice,1,28639822,1816,0.0941,0.7045,3.7137,0.1322,,,,572,32,0.237,0.848
alice,1,28639822,1817,0.0516,0.7164,3.5887,0.1322,,,,566,29,0.24,0.726
alice,1,28639822,1818,0.0557,0.7379,3.7347,0.1322,,,,551,40,0.242,0.869
alice,1,28639822,1819,0.0941,0.7903,3.8962,0.1322,,,,548,32,0.245,0.804
alice,1,28639822,1820,0.0902,0.7189,3.7236,0.1322,,,,577,33,0.23,0.745
alice,1,28639822,1821,0.1004,0.6892,3.6564,0.1322,,,,573,25,0.247,0.804
alice,1,28639822,1822,0.0775,0.684,3.5951,0.1322,,,,566,32,0.249,0.8
alice,1,28639822,1823,0.093,0.6539,3.332,0.1322,,,,572,39,0.242,0.723
alice,1,28639822,1824,0.0654,0.6935,3.6265,0.1322,,,,559,39,0.242,0.905
alice,1,28639822,1825,0.0782,0.6875,3.7049,0.1322,,,,561,44,0.237,0.757
alice,1,28639822,1826,0.087,0.7492,4.0687,0.1322,,,,553,27,0.245,0.684
alice,1,28639822,1827,0.0808,0.6714,3.5198,0.1322,,,,568,31,0.259,0.769
alice,1,28639822,1828,0.0743,0.7315,3.8436,0.1322,,,,561,23,0.251,0.828
alice,1,28639822,1829,0.0698,0.6939,3.5357,0.1322,,,,574,17,0.248,0.749
alice,1,28639822,1830,0.0524,0.6642,3.5425,0.1322,,,,566,34,0.238,0.913
alice,1,28639822,1831,0.0553,0.6862,3.5514,0.1322,,,,570,32,0.246,0.89
alice,1,28639822,1832,0.0681,0.7217,3.6452,0.1322,,,,563,21,0.247,0.839
alice,1,28639822,1833,0.0714,0.7257,3.716,0.1322,,,,556,38,0.234,0.842
alice,1,28639822,1834,0.0892,0.6451,3.2347,0.1322,,,,577,51,0.229,0.739
alice,1,28639822,1835,0.0861,0.7014,3.5281,0.1322,,,,569,32,0.239,0.759
alice,1,28639822,1836,0.0959,0.7286,3.7743,0.1322,,,,571,25,0.25,0.768
alice,1,28639822,1837,0.0882,0.6782,3.5,0.1322,,,,572,31,0.25,0.823
alice,1,28639822,1838,0.0791,0.6986,3.5687,0.1322,,,,566,28,0.246,0.782
alice,1,28639822,1839,0.0927,0.7505,3.8633,0.1322,,,,561,24,0.255,1.235
alice,1,28639822,1840,0.1009,0.6592,3.5675,0.1322,,,,571,27,0.248,0.797
alice,1,28639822,1841,0.0414,0.7555,3.9373,0.1322,,,,555,21,0.25,0.858
alice,1,28639822,1842,0.071,0.7647,3.8409,0.1322,,,,569,15,0.253,0.749
alice,1,28639822,1843,0.0778,0.6696,3.4291,0.1322,,,,583,15,0.255,0.856
alice,1,28639822,1844,0.0709,0.679,3.5606,0.1322,,,,568,18,0.253,0.905
alice,1,28639822,1845,0.0759,0.7049,3.7115,0.1322,,,,564,36,0.235,0.847
alice,1,28639822,1846,0.0672,0.6472,3.3527,0.1322,,,,580,45,0.231,0.842
alice,1,28639822,1847,0.0843,0.6322,3.3094,0.1322,,,,590,32,0.233,0.661
alice,1,28639822,1848,0.0745,0.6884,3.5789,0.1322,,,,564,26,0.239,0.828
alice,1,28639822,1849,0.0842,0.6779,3.5476,0.1322,,,,570,32,0.247,0.778
alice,1,28639822,1850,0.0833,0.6855,3.4981,0.1322,,,,565,31,0.243,0.705
alice,1,28639822,1851,0.0912,0.6232,3.3992,0.1322,,,,585,27,0.245,0.816
alice,1,28639822,1852,0.0655,0.6468,3.5331,0.1322,,,,580,21,0.253,0.887
alice,1,28639822,1853,0.0596,0.7083,3.7054,0.1322,,,,559,16,0.256,0.963
alice,1,28639822,1854,0.0533,0.7007,3.6414,0.1322,,,,574,14,0.252,0.761
alice,1,28639822,1855,0.0508,0.7646,3.8514,0.1322,,,,556,17,0.253,0.728
alice,1,28639822,1856,0.06,0.7353,3.7311,0.1322,,,,559,31,0.249,0.83
alice,1,28639822,1857,0.0644,0.7203,3.6165,0.1322,,,,570,43,0.235,0.716
alice,1,28639822,1858,0.0901,0.7688,3.6796,0.1322,,,,566,35,0.241,0.745
alice,1,28639822,1859,0.0955,0.7332,3.7411,0.1322,,,,577,37,0.24,0.84
alice,1,28639822,1860,0.0823,0.6843,3.4667,0.1322,,,,573,32,0.231,0.881
alice,1,28639822,1861,0.0843,0.6752,3.3458,0.1322,,,,589,39,0.239,0.769
alice,1,28639822,1862,0.068,0.7221,3.7237,0.1322,,,,572,21,0.271,0.806
alice,1,28639822,1863,0.0683,0.718,3.5898,0.1322,,,,562,24,0.249,0.851
alice,1,28639822,1864,0.0935,0.7616,4.0579,0.1322,,,,562,20,0.252,0.809
alice,1,28639822,1865,0.074,0.6747,3.5099,0.1322,,,,567,26,0.25,0.843
alice,1,28639822,1866,0.0815,0.6727,3.6265,0.1322,,,,574,28,0.248,0.823
alice,1,28639822,1867,0.0457,0.6923,3.6468,0.1322,,,,570,30,0.249,0.97
alice,1,28639822,1868,0.0454,0.5812,3.1762,0.1322,,,,575,43,0.223,0.766
alice,1,28639822,1869,0.058,0.5854,3.1562,0.1322,,,,573,27,0.237,0.718
alice,1,28639822,1870,0.0634,0.6394,3.4791,0.1322,,,,561,21,0.26,0.757
alice,1,28639822,1871,0.0632,0.6924,3.7149,0.1322,,,,559,16,0.253,1.021
alice,1,28639822,1872,0.0799,0.6801,3.4292,0.1322,,,,575,20,0.256,0.918
alice,1,28639822,1873,0.0923,0.6976,3.6752,0.1322,,,,557,19,0.257,0.84
alice,1,28639822,1874,0.0569,0.6947,3.5363,0.1322,,,,572,24,0.245,0.778
alice,1,28639822,1875,0.0546,0.7116,3.6694,0.1322,,,,556,36,0.24,0.778
alice,1,28639822,1876,0.063,0.6787,3.416,0.1322,,,,570,45,0.239,0.718
alice,1,28639822,1877,0.0791,0.7179,3.7635,0.1322,,,,565,30,0.257,0.79
alice,1,28639822,1878,0.0883,0.7331,3.6706,0.1322,,,,563,16,0.249,0.744
alice,1,28639822,1879,0.0715,0.7495,3.814,0.1322,,,,570,22,0.252,0.775
alice,1,28639822,1880,0.0679,0.7483,3.7962,0.1322,,,,556,27,0.249,0.842
alice,1,28639822,1881,0.0595,0.7087,3.6515,0.1322,,,,574,30,0.25,0.791
alice,1,28639822,1882,0.0568,0.7282,3.8219,0.1322,,,,565,22,0.252,0.822
alice,1,28639822,1883,0.08,0.7048,3.6992,0.1322,,,,567,23,0.256,0.882
alice,1,28639822,1884,0.0457,0.7027,3.5951,0.1322,,,,558,28,0.259,0.924
alice,1,28639822,1885,0.0709,0.7147,3.8465,0.1322,,,,560,21,0.249,0.776
alice,1,28639822,1886,0.0654,0.7275,3.757,0.1322,,,,565,12,0.264,0.788
alice,1,28639822,1887,0.0981,0.7016,3.8577,0.1322,,,,567,13,0.267,0.772
alice,1,28639822,1888,0.066,0.6946,3.7906,0.1322,,,,547,30,0.259,0.847
alice,1,28639822,1889,0.0546,0.6978,3.6163,0.1322,,,,564,32,0.241,0.891
alice,1,28639822,1890,0.0792,0.7306,3.6189,0.1322,,,,569,19,0.259,0.746
alice,1,28639822,1891,0.0627,0.6664,3.4424,0.1322,,,,579,33,0.249,0.876
alice,1,28639822,1892,0.0734,0.7044,3.4345,0.1322,,,,579,19,0.244,0.991
alice,1,28639822,1893,0.083,0.6321,3.2355,0.1322,,,,572,37,0.24,0.927
alice,1,28639822,1894,0.0819,0.6704,3.6375,0.1322,,,,564,25,0.25,0.871
alice,1,28639822,1895,0.0722,0.7765,4.0488,0.1322,,,,548,30,0.25,0.87
alice,1,28639822,1896,0.0651,0.725,3.7208,0.1322,,,,570,26,0.246,0.744
alice,1,28639822,1897,0.067,0.7564,3.7907,0.1322,,,,565,17,0.261,0.745
alice,1,28639822,1898,0.0876,0.7322,3.9429,0.1322,,,,565,24,0.256,0.789
alice,1,28639822,1899,0.0862,0.6891,3.6454,0.1322,,,,575,21,0.256,0.868
alice,1,28639822,1900,0.0543,0.7238,3.6935,0.1322,,,,557,33,0.244,0.838
alice,1,28639822,1901,0.0634,0.697,3.5692,0.1322,,,,566,33,0.253,0.886
alice,1,28639822,1902,0.0807,0.7265,3.6462,0.1322,,,,558,32,0.258,0.814
alice,1,28639822,1903,0.0905,0.6635,3.5055,0.1322,,,,577,29,0.259,0.753
alice,1,28639822,1904,0.09,0.6828,3.5296,0.1322,,,,587,27,0.255,0.687
alice,1,28639822,1905,0.0607,0.7361,3.8519,0.1322,,,,551,43,0.248,0.98
alice,1,28639822,1906,0.0853,0.6224,3.4337,0.1322,,,,574,42,0.244,0.782
alice,1,28639822,1907,0.0576,0.6689,3.6074,0.1322,,,,569,27,0.235,0.661
alice,1,28639822,1908,0.0595,0.6711,3.5868,0.1322,,,,568,17,0.251,0.714
alice,1,28639822,1909,0.068,0.7019,3.7468,0.1322,,,,565,18,0.253,0.759
alice,1,28639822,1910,0.0598,0.6986,3.6266,0.1322,,,,569,20,0.263,0.871
alice,1,28639822,1911,0.0442,0.6496,3.431,0.1322,,,,569,28,0.257,0.822
alice,1,28639822,1912,0.0778,0.663,3.875,0.1322,,,,556,27,0.247,0.765
alice,1,28639822,1913,0.0542,0.6628,3.5614,0.1322,,,,562,15,0.249,0.794
alice,1,28639822,1914,0.0549,0.6487,3.3566,0.1322,,,,569,24,0.236,0.767
alice,1,28639822,1915,0.0487,0.7047,3.5775,0.1322,,,,554,47,0.226,0.807
alice,1,28639822,1916,0.1006,0.7638,3.8253,0.1322,,,,566,30,0.239,0.776
alice,1,28639822,1917,0.0839,0.7039,3.6148,0.1322,,,,570,37,0.241,0.926
alice,1,28639822,1918,0.0742,0.7348,3.7333,0.1322,,,,558,35,0.248,0.828
alice,1,28639822,1919,0.0741,0.7614,3.7183,0.1322,,,,575,20,0.245,0.739
alice,1,28639822,1920,0.0992,0.8043,3.8817,0.1322,,,,570,16,0.253,0.819
alice,1,28639822,1921,0.1113,0.7386,3.6989,0.1322,,,,573,28,0.248,0.809
alice,1,28639822,1922,0.0717,0.7258,3.6333,0.1322,,,,569,34,0.242,0.709
alice,1,28639822,1923,0.0594,0.7549,3.7761,0.1322,,,,563,36,0.247,0.944
alice,1,28639822,1924,0.069,0.7624,3.8123,0.1322,,,,554,31,0.244,0.818
alice,1,28639822,1925,0.1101,0.6966,3.6515,0.1322,,,,575,24,0.254,0.803
alice,1,28639822,1926,0.0903,0.6929,3.6627,0.1322,,,,571,23,0.254,0.833
alice,1,28639822,1927,0.0798,0.6473,3.5163,0.1322,,,,570,25,0.245,0.774
alice,1,28639822,1928,0.0788,0.6906,3.6964,0.1322,,,,564,21,0.242,0.756
alice,1,28639822,1929,0.08,0.7454,4.0,0.1322,,,,543,20,0.252,0.813
alice,1,28639822,1930,0.1089,0.6922,3.5965,0.1322,,,,579,32,0.242,0.788
alice,1,28639822,1931,0.1006,0.8022,4.0916,0.1322,,,,561,25,0.249,0.888
alice,1,28639822,1932,0.0897,0.7622,3.9524,0.1322,,,,571,19,0.249,0.744
alice,1,28639822,1933,0.0829,0.6584,3.5932,0.1322,,,,554,49,0.241,0.842
alice,1,28639822,1934,0.082,0.6899,3.4789,0.1322,,,,565,38,0.24,0.876
alice,1,28639822,1935,0.0702,0.7088,3.597,0.1322,,,,569,44,0.231,0.703
alice,1,28639822,1936,0.0674,0.6988,3.6022,0.1322,,,,570,41,0.244,0.774
alice,1,28639822,1937,0.0617,0.747,3.618,0.1322,,,,576,27,0.248,0.836
alice,1,28639822,1938,0.0707,0.7424,3.7262,0.1322,,,,555,31,0.234,0.947
alice,1,28639822,1939,0.1059,0.7187,3.7912,0.1322,,,,566,24,0.254,0.894
alice,1,28639822,1940,0.0876,0.7001,3.6955,0.1322,,,,573,27,0.245,0.866
alice,1,28639822,1941,0.0502,0.7195,3.657,0.1322,,,,554,28,0.233,0.807
alice,1,28639822,1942,0.079,0.6436,3.3536,0.1322,,,,578,25,0.249,0.859
alice,1,28639822,1943,0.0873,0.7442,3.9224,0.1322,,,,563,15,0.261,0.802
alice,1,28639822,1944,0.0692,0.6967,3.5932,0.1322,,,,560,42,0.237,0.848
alice,1,28639822,1945,0.0887,0.7342,3.6058,0.1322,,,,574,22,0.254,0.823
alice,1,28639822,1946,0.0769,0.7579,3.7022,0.1322,,,,573,15,0.262,0.751
alice,1,28639822,1947,0.0778,0.7503,3.7228,0.1322,,,,568,19,0.252,0.883
alice,1,28639822,1948,0.0858,0.7595,3.8314,0.1322,,,,567,23,0.253,0.816
alice,1,28639822,1949,0.0597,0.7997,4.0357,0.1322,,,,556,27,0.25,0.822
alice,1,28639822,1950,0.0646,0.6846,3.5434,0.1322,,,,571,31,0.248,1.0
alice,1,28639822,1951,0.091,0.7212,3.7192,0.1322,,,,568,16,0.269,0.838
alice,1,28639822,1952,0.0813,0.7162,3.7266,0.1322,,,,571,14,0.27,0.835
alice,1,28639822,1953,0.0803,0.6815,3.4922,0.1322,,,,573,22,0.258,0.869
alice,1,28639822,1954,0.0739,0.7184,3.7773,0.1322,,,,563,22,0.246,0.877
alice,1,28639822,1955,0.0872,0.6762,3.4496,0.1322,,,,577,17,0.252,0.858
alice,1,28639822,1956,0.0932,0.7004,3.6,0.1322,,,,572,22,0.259,0.894
alice,1,28639822,1957,0.0595,0.7073,3.9099,0.1322,,,,551,29,0.248,0.837
alice,1,28639822,1958,0.0579,0.7479,3.8379,0.1322,,,,560,17,0.256,0.806
alice,1,28639822,1959,0.0768,0.7041,3.757,0.1322,,,,567,22,0.243,0.724
alice,1,28639822,1960,0.0703,0.7626,3.9763,0.1322,,,,557,22,0.237,0.759
alice,1,28639822,1961,0.0785,0.6617,3.5742,0.1322,,,,582,35,0.235,0.703
alice,1,28639822,1962,0.0899,0.6937,3.7149,0.1322,,,,569,19,0.252,0.78
alice,1,28639822,1963,0.0697,0.7617,3.8776,0.1322,,,,559,19,0.253,0.745
alice,1,28639822,1964,0.0589,0.8187,4.068,0.1322,,,,551,21,0.244,0.795
alice,1,28639822,1965,0.0789,0.7946,4.0234,0.1322,,,,557,20,0.249,0.738
alice,1,28639822,1966,0.076,0.7975,3.906,0.1322,,,,564,17,0.254,0.848
alice,1,28639822,1967,0.0962,0.7609,3.7949,0.1322,,,,577,20,0.255,1.054
alice,1,28639822,1968,0.0879,0.7312,3.7835,0.1322,,,,576,24,0.245,0.884
alice,1,28639822,1969,0.0522,0.7256,3.6602,0.1322,,,,555,23,0.245,0.894
alice,1,28639822,1970,0.0587,0.7318,3.6187,0.1322,,,,576,31,0.245,0.778
alice,1,28639822,1971,0.0876,0.7275,3.6848,0.1322,,,,575,27,0.253,0.801
alice,1,28639822,1972,0.0935,0.6699,3.5565,0.1322,,,,560,35,0.25,0.911
alice,1,28639822,1973,0.0991,0.7169,3.8182,0.1322,,,,569,18,0.267,0.906
alice,1,28639822,1974,0.0846,0.7199,3.8319,0.1322,,,,558,21,0.254,0.821
alice,1,28639822,1975,0.0801,0.6653,3.5161,0.1322,,,,563,30,0.25,0.843
alice,1,28639822,1976,0.0843,0.7239,3.9831,0.1322,,,,550,39,0.238,0.847
alice,1,28639822,1977,0.094,0.6864,3.5741,0.1322,,,,569,29,0.251,0.813
alice,1,28639822,1978,0.0835,0.7608,4.0116,0.1322,,,,566,26,0.243,0.807
alice,1,28639822,1979,0.073,0.7277,3.8622,0.1322,,,,565,21,0.241,0.734
alice,1,28639822,1980,0.0848,0.6491,3.4483,0.1322,,,,582,26,0.237,0.673
alice,1,28639822,1981,0.0881,0.6549,4.0,0.1322,,,,558,33,0.255,1.038
alice,1,28639822,1982,0.0827,0.6899,3.7143,0.1322,,,,561,15,0.266,0.851
alice,1,28639822,1983,0.0556,0.7185,3.668,0.1322,,,,557,24,0.244,0.876
alice,1,28639822,1984,0.0729,0.7093,3.746,0.1322,,,,566,37,0.245,0.778
alice,1,28639822,1985,0.0913,0.7212,3.9617,0.1322,,,,559,25,0.249,0.808
alice,1,28639822,1986,0.0712,0.7025,3.9386,0.1322,,,,552,31,0.256,0.743
alice,1,28639822,1987,0.0642,0.7098,3.9612,0.1322,,,,556,28,0.238,0.74
alice,1,28639822,1988,0.0772,0.7532,3.8714,0.1322,,,,561,20,0.253,0.877
alice,1,28639822,1989,0.0775,0.6841,3.6694,0.1322,,,,563,18,0.27,0.959
alice,1,28639822,1990,0.071,0.7326,3.9705,0.1322,,,,562,12,0.261,0.871
alice,1,28639822,1991,0.0639,0.7239,3.9142,0.1322,,,,552,19,0.247,0.732
alice,1,28639822,1992,0.0901,0.7242,4.0652,0.1322,,,,552,25,0.252,0.841
alice,1,28639822,1993,0.0762,0.7166,3.8675,0.1322,,,,561,32,0.24,0.669
alice,1,28639822,1994,0.0684,0.7517,3.8975,0.1322,,,,551,20,0.253,0.805
alice,1,28639822,1995,0.083,0.7427,3.8346,0.1322,,,,564,15,0.251,0.813
alice,1,28639822,1996,0.0802,0.7005,3.5177,0.1322,,,,573,25,0.246,0.816
alice,1,28639822,1997,0.0798,0.6932,3.63,0.1322,,,,584,27,0.245,0.795
alice,1,28639822,1998,0.0877,0.7201,3.9087,0.1322,,,,566,20,0.255,0.822
alice,1,28639822,1999,0.0798,0.7281,3.881,0.1322,,,,565,15,0.259,0.921
alice,1,28639822,2000,0.0739,0.7443,3.928,0.1322,,,,557,21,0.251,0.837
alice,1,28639822,2001,0.0803,0.6741,3.6733,0.1322,,,,574,33,0.259,1.039
alice,1,28639822,2002,0.0709,0.7089,3.7265,0.1322,,,,560,18,0.255,0.833
alice,1,28639822,2003,0.0729,0.6787,3.6185,0.1322,,,,569,25,0.246,0.844
alice,1,28639822,2004,0.0885,0.639,3.4308,0.1322,,,,573,33,0.235,0.658
alice,1,28639822,2005,0.0883,0.6535,3.5635,0.1322,,,,576,22,0.256,0.799
alice,1,28639822,2006,0.0742,0.7059,3.739,0.1322,,,,569,16,0.268,0.901
alice,1,28639822,2007,0.0583,0.7546,3.8782,0.1322,,,,559,18,0.261,0.857
alice,1,28639822,2008,0.0761,0.7106,3.7292,0.1322,,,,561,19,0.249,0.82
alice,1,28639822,2009,0.0832,0.737,3.7878,0.1322,,,,559,22,0.263,0.779
alice,1,28639822,2010,0.0927,0.7781,4.0741,0.1322,,,,564,13,0.256,0.722
alice,1,28639822,2011,0.079,0.6885,3.5652,0.1322,,,,570,17,0.257,0.819
alice,1,28639822,2012,0.0984,0.7125,3.9262,0.1322,,,,554,23,0.258,0.873
alice,1,28639822,2013,0.0783,0.7273,3.6806,0.1322,,,,563,25,0.25,0.814
alice,1,28639822,2014,0.0794,0.7268,3.6727,0.1322,,,,575,24,0.257,0.787
alice,1,28639822,2015,0.07,0.7298,3.9119,0.1322,,,,562,43,0.232,0.946
alice,1,28639822,2016,0.0861,0.7304,3.7385,0.1322,,,,565,44,0.223,0.878
alice,1,28639822,2017,0.0712,0.6458,3.5121,0.1322,,,,570,46,0.231,0.85
alice,1,28639822,2018,0.0859,0.6358,3.5649,0.1322,,,,573,25,0.245,0.832
alice,1,28639822,2019,0.0809,0.698,3.7745,0.1322,,,,562,9,0.269,0.716
alice,1,28639822,2020,0.0995,0.7036,3.7667,0.1322,,,,563,13,0.263,0.846
alice,1,28639822,2021,0.0758,0.7075,3.7623,0.1322,,,,559,23,0.257,0.803
alice,1,28639822,2022,0.0658,0.7205,3.7967,0.1322,,,,563,28,0.245,0.756
alice,1,28639822,2023,0.076,0.7093,3.7692,0.1322,,,,566,21,0.248,0.926
alice,1,28639822,2024,0.0755,0.701,3.7469,0.1322,,,,572,21,0.257,0.816
alice,1,28639822,2025,0.0686,0.6313,3.1779,0.1322,,,,578,16,0.259,0.835
alice,1,28639822,2026,0.0919,0.7434,3.9163,0.1322,,,,555,20,0.269,0.806
alice,1,28639822,2027,0.0856,0.7431,3.962,0.1322,,,,559,11,0.274,0.785
alice,1,28639822,2028,0.0849,0.7348,3.9264,0.1322,,,,557,16,0.255,0.686
alice,1,28639822,2029,0.0679,0.749,3.8903,0.1322,,,,559,15,0.267,0.746
alice,1,28639822,2030,0.0889,0.6988,3.5352,0.1322,,,,575,14,0.26,0.816
alice,1,28639822,2031,0.068,0.6944,3.6138,0.1322,,,,577,11,0.261,0.825
alice,1,28639822,2032,0.0633,0.709,3.6181,0.1322,,,,560,13,0.255,0.73
alice,1,28639822,2033,0.0705,0.8294,4.1918,0.1322,,,,559,18,0.254,0.717
alice,1,28639822,2034,0.076,0.7293,3.8548,0.1322,,,,556,25,0.254,0.817
alice,1,28639822,2035,0.0903,0.6938,3.6653,0.1322,,,,568,26,0.244,0.747
alice,1,28639822,2036,0.099,0.6562,3.692,0.1322,,,,566,23,0.26,0.795
alice,1,28639822,2037,0.0915,0.6653,3.5927,0.1322,,,,573,13,0.26,0.724
alice,1,28639822,2038,0.0942,0.7102,3.9362,0.1322,,,,557,12,0.275,0.848
alice,1,28639822,2039,0.0837,0.6942,3.65,0.1322,,,,568,13,0.253,0.981
alice,1,28639822,2040,0.0768,0.7688,3.9305,0.1322,,,,562,9,0.255,0.802
alice,1,28639822,2041,0.0603,0.7292,3.5861,0.1322,,,,567,21,0.255,0.871
alice,1,28639822,2042,0.062,0.7257,3.6222,0.1322,,,,577,26,0.242,0.953
alice,1,28639822,2043,0.073,0.766,4.1453,0.1322,,,,552,30,0.254,0.775
alice,1,28639822,2044,0.0839,0.6953,3.6016,0.1322,,,,572,17,0.255,0.753
alice,1,28639822,2045,0.0866,0.6857,3.5509,0.1322,,,,577,18,0.249,0.845
alice,1,28639822,2046,0.0807,0.7157,3.8047,0.1322,,,,565,13,0.25,0.786
alice,1,28639822,2047,0.0942,0.7286,3.8527,0.1322,,,,569,17,0.249,0.742
alice,1,28639822,2048,0.0819,0.6922,3.7183,0.1322,,,,562,29,0.255,0.687
alice,1,28639822,2049,0.0783,0.6843,3.8443,0.1322,,,,569,23,0.257,0.779
alice,1,28639822,2050,0.0503,0.6656,3.4235,0.1322,,,,576,19,0.251,0.737
alice,1,28639822,2051,0.0677,0.7315,3.7764,0.1322,,,,562,14,0.264,0.8
alice,1,28639822,2052,0.0607,0.6697,3.5936,0.1322,,,,578,20,0.249,0.745
alice,1,28639822,2053,0.0511,0.7605,3.9868,0.1322,,,,552,18,0.241,0.814
alice,1,28639822,2054,0.0563,0.7488,3.8519,0.1322,,,,549,31,0.238,0.911
alice,1,28639822,2055,0.0712,0.7348,3.8115,0.1322,,,,563,29,0.228,0.79
alice,1,28639822,2056,0.0591,0.7201,3.6095,0.1322,,,,576,19,0.252,0.986
alice,1,28639822,2057,0.0764,0.7877,3.977,0.1322,,,,562,11,0.256,0.828
alice,1,28639822,2058,0.1012,0.7675,3.9883,0.1322,,,,570,15,0.258,0.719
alice,1,28639822,2059,0.103,0.7686,4.0245,0.1322,,,,558,21,0.253,0.766
alice,1,28639822,2060,0.0838,0.7421,3.9516,0.1322,,,,564,14,0.242,0.674
alice,1,28639822,2061,0.0795,0.703,3.5564,0.1322,,,,575,19,0.253,0.651
alice,1,28639822,2062,0.083,0.6963,3.622,0.1322,,,,561,33,0.244,0.856
alice,1,28639822,2063,0.0914,0.6902,3.6855,0.1322,,,,560,34,0.234,0.885
alice,1,28639822,2064,0.1088,0.7422,3.7849,0.1322,,,,562,24,0.244,0.825
alice,1,28639822,2065,0.098,0.7526,3.9457,0.1322,,,,562,34,0.238,0.737
alice,1,28639822,2066,0.1092,0.6562,3.434,0.1322,,,,577,41,0.233,0.768
alice,1,28639822,2067,0.1061,0.6877,3.688,0.1322,,,,557,38,0.227,0.969
alice,1,28639822,2068,0.0859,0.7271,3.6729,0.1322,,,,565,21,0.235,0.691
alice,1,28639822,2069,0.0808,0.7305,3.9841,0.1322,,,,576,23,0.245,0.71
alice,1,28639822,2070,0.0623,0.7005,3.5927,0.1322,,,,574,16,0.242,0.746
alice,1,28639822,2071,0.075,0.6867,3.6538,0.1322,,,,568,17,0.237,0.781
alice,1,28639822,2072,0.0861,0.6881,3.7198,0.1322,,,,558,27,0.243,0.948
alice,1,28639822,2073,0.0662,0.6591,3.4339,0.1322,,,,562,28,0.241,0.768
alice,1,28639822,2074,0.0638,0.7336,3.8833,0.1322,,,,561,18,0.252,0.736
alice,1,28639822,2075,0.0723,0.6686,3.4659,0.1322,,,,575,20,0.25,0.744
alice,1,28639822,2076,0.0638,0.7216,3.6024,0.1322,,,,565,21,0.244,0.81
alice,1,28639822,2077,0.0709,0.6347,3.263,0.1322,,,,577,25,0.237,0.772
alice,1,28639822,2078,0.1081,0.7216,3.7008,0.1322,,,,570,17,0.245,0.884
alice,1,28639822,2079,0.0945,0.6757,3.5632,0.1322,,,,579,23,0.25,0.859
alice,1,28639822,2080,0.0827,0.7245,3.8245,0.1322,,,,561,12,0.263,0.943
alice,1,28639822,2081,0.0821,0.6938,3.6885,0.1322,,,,566,20,0.255,1.154
alice,1,28639822,2082,0.0876,0.632,3.4008,0.1322,,,,578,19,0.243,0.825
alice,1,28639822,2083,0.0801,0.668,3.6434,0.1322,,,,564,29,0.236,0.796
alice,1,28639822,2084,0.0886,0.7168,3.8601,0.1322,,,,568,16,0.251,0.835
alice,1,28639822,2085,0.0973,0.7097,3.8609,0.1322,,,,558,17,0.252,0.756
alice,1,28639822,2086,0.0869,0.6069,3.5171,0.1322,,,,565,25,0.25,0.724
alice,1,28639822,2087,0.0597,0.6154,3.3724,0.1322,,,,583,24,0.233,0.664
alice,1,28639822,2088,0.0523,0.6062,3.2797,0.1322,,,,570,32,0.224,0.75
alice,1,28639822,2089,0.0829,0.6323,3.4268,0.1322,,,,561,30,0.241,0.919
alice,1,28639822,2090,0.0555,0.7011,3.61,0.1322,,,,568,33,0.23,0.773
alice,1,28639822,2091,0.0698,0.7132,3.5492,0.1322,,,,574,27,0.238,0.792
alice,1,28639822,2092,0.0818,0.7082,3.7165,0.1322,,,,574,27,0.235,0.731
alice,1,28639822,2093,0.0831,0.7203,3.7755,0.1322,,,,565,25,0.245,0.827
alice,1,28639822,2094,0.0824,0.7603,4.1271,0.1322,,,,559,12,0.264,0.805
alice,1,28639822,2095,0.0873,0.7294,3.8595,0.1322,,,,555,19,0.257,0.813
alice,1,28639822,2096,0.1148,0.6671,3.704,0.1322,,,,575,18,0.249,0.779
alice,1,28639822,2097,0.0927,0.6924,3.7647,0.1322,,,,567,18,0.249,0.811
alice,1,28639822,2098,0.0858,0.6114,3.3755,0.1322,,,,575,31,0.243,0.734
alice,1,28639822,2099,0.0878,0.6715,3.8026,0.1322,,,,566,21,0.252,0.779
alice,1,28639822,2100,0.0659,0.6309,3.4708,0.1322,,,,574,25,0.249,0.738
alice,1,28639822,2101,0.0676,0.6805,3.7555,0.1322,,,,563,14,0.25,0.826
alice,1,28639822,2102,0.0687,0.7046,3.8398,0.1322,,,,560,30,0.242,0.679
alice,1,28639822,2103,0.079,0.6643,3.4941,0.1322,,,,584,19,0.237,0.874
alice,1,28639822,2104,0.0831,0.6638,3.6983,0.1322,,,,566,19,0.256,0.93
alice,1,28639822,2105,0.0901,0.5596,3.206,0.1322,,,,574,33,0.251,0.736
alice,1,28639822,2106,0.0799,0.6704,3.677,0.1322,,,,561,9,0.259,0.823
alice,1,28639822,2107,0.0945,0.6448,3.6652,0.1322,,,,579,11,0.244,0.712
alice,1,28639822,2108,0.0697,0.6675,3.696,0.1322,,,,556,17,0.238,0.831
alice,1,28639822,2109,0.0726,0.6034,3.3387,0.1322,,,,579,20,0.238,0.836
alice,1,28639822,2110,0.0745,0.6818,3.7066,0.1322,,,,564,20,0.243,0.776
alice,1,28639822,2111,0.0822,0.6167,3.3855,0.1322,,,,574,24,0.236,0.871
alice,1,28639822,2112,0.0672,0.6739,3.5423,0.1322,,,,572,20,0.241,0.758
alice,1,28639822,2113,0.0489,0.7292,3.7835,0.1322,,,,558,25,0.244,0.964
alice,1,28639822,2114,0.0836,0.6922,3.6007,0.1322,,,,576,22,0.239,0.692
alice,1,28639822,2115,0.0719,0.6936,3.6744,0.1322,,,,567,22,0.242,0.833
alice,1,28639822,2116,0.0707,0.6984,3.5222,0.1322,,,,571,35,0.229,0.79
alice,1,28639822,2117,0.0956,0.7321,3.7748,0.1322,,,,578,17,0.253,0.832
alice,1,28639822,2118,0.055,0.6833,3.5115,0.1322,,,,574,27,0.249,0.781
alice,1,28639822,2119,0.0505,0.7643,3.8871,0.1322,,,,557,22,0.246,0.819
alice,1,28639822,2120,0.0799,0.7407,3.8537,0.1322,,,,556,30,0.24,0.925
alice,1,28639822,2121,0.0764,0.6739,3.581,0.1322,,,,570,24,0.239,0.803
alice,1,28639822,2122,0.0763,0.7166,3.6473,0.1322,,,,574,26,0.245,0.845
alice,1,28639822,2123,0.0842,0.6866,3.6494,0.1322,,,,574,14,0.249,1.063
alice,1,28639822,2124,0.0846,0.6504,3.4846,0.1322,,,,576,13,0.244,0.933
alice,1,28639822,2125,0.0791,0.6796,3.648,0.1322,,,,579,21,0.25,0.823
alice,1,28639822,2126,0.0575,0.6698,3.456,0.1322,,,,567,32,0.245,0.839
alice,1,28639822,2127,0.0659,0.6455,3.2197,0.1322,,,,574,33,0.231,0.837
alice,1,28639822,2128,0.0663,0.6805,3.6056,0.1322,,,,570,36,0.239,0.891
alice,1,28639822,2129,0.0589,0.7137,3.3043,0.1322,,,,576,26,0.232,0.765
alice,1,28639822,2130,0.0612,0.7331,3.6282,0.1322,,,,577,33,0.229,0.8
alice,1,28639822,2131,0.0898,0.7752,3.9189,0.1322,,,,568,24,0.246,0.713
alice,1,28639822,2132,0.0838,0.7168,3.7928,0.1322,,,,568,29,0.234,0.811
alice,1,28639822,2133,0.0605,0.7316,3.7652,0.1322,,,,558,20,0.24,0.777
alice,1,28639822,2134,0.0729,0.731,3.631,0.1322,,,,570,17,0.246,0.766
alice,1,28639822,2135,0.0849,0.7087,3.5379,0.1322,,,,580,19,0.239,0.812
alice,1,28639822,2136,0.0766,0.7275,3.5866,0.1322,,,,570,16,0.235,0.778
alice,1,28639822,2137,0.0737,0.7481,3.792,0.1322,,,,560,31,0.23,0.714
alice,1,28639822,2138,0.0896,0.7227,3.7122,0.1322,,,,577,20,0.242,0.835
alice,1,28639822,2139,0.1064,0.6941,3.6434,0.1322,,,,581,19,0.242,0.759
alice,1,28639822,2140,0.0799,0.7002,3.7331,0.1322,,,,555,27,0.247,0.881
alice,1,28639822,2141,0.0667,0.7255,3.6473,0.1322,,,,570,17,0.229,0.864
alice,1,28639822,2142,0.0683,0.7076,3.5201,0.1322,,,,580,22,0.234,0.744
alice,1,28639822,2143,0.0709,0.7202,3.5687,0.1322,,,,574,28,0.233,0.724
alice,1,28639822,2144,0.0721,0.656,3.374,0.1322,,,,570,39,0.235,0.765
alice,1,28639822,2145,0.0689,0.6719,3.498,0.1322,,,,572,33,0.227,0.776
alice,1,28639822,2146,0.0764,0.678,3.4567,0.1322,,,,570,25,0.241,0.849
alice,1,28639822,2147,0.0872,0.6832,3.7699,0.1322,,,,562,31,0.228,0.764
alice,1,28639822,2148,0.0725,0.754,3.9132,0.1322,,,,560,17,0.236,0.816
alice,1,28639822,2149,0.0682,0.7324,3.6891,0.1322,,,,560,24,0.233,0.733
alice,1,28639822,2150,0.1013,0.72,3.6765,0.1322,,,,575,25,0.236,0.737
alice,1,28639822,2151,0.0961,0.74,3.803,0.1322,,,,565,20,0.24,0.799
alice,1,28639822,2152,0.0741,0.7804,3.9887,0.1322,,,,564,26,0.233,0.754
alice,1,28639822,2153,0.0805,0.7632,3.9004,0.1322,,,,563,31,0.233,0.665
alice,1,28639822,2154,0.0828,0.6828,3.58,0.1322,,,,583,25,0.237,0.778
alice,1,28639822,2155,0.0743,0.6636,3.6174,0.1322,,,,577,19,0.236,0.838
alice,1,28639822,2156,0.0683,0.5792,3.3139,0.1322,,,,575,17,0.239,0.713
alice,1,28639822,2157,0.0587,0.6605,3.7429,0.1322,,,,549,23,0.248,0.807
alice,1,28639822,2158,0.0562,0.6565,3.5167,0.1322,,,,555,27,0.245,0.746
alice,1,28639822,2159,0.0774,0.6368,3.5826,0.1322,,,,574,26,0.242,0.794
alice,1,28639822,2160,0.0638,0.6641,3.4855,0.1322,,,,565,21,0.253,0.76
alice,1,28639822,2161,0.0734,0.5983,3.3592,0.1322,,,,582,17,0.246,0.901
alice,1,28639822,2162,0.0799,0.6755,3.6769,0.1322,,,,562,8,0.249,0.703
alice,1,28639822,2163,0.0636,0.6662,3.556,0.1322,,,,564,21,0.247,0.831
alice,1,28639822,2164,0.0729,0.6687,3.6481,0.1322,,,,566,15,0.248,0.802
alice,1,28639822,2165,0.0791,0.6561,3.6725,0.1322,,,,559,18,0.256,0.811
alice,1,28639822,2166,0.0837,0.7303,3.8511,0.1322,,,,554,19,0.237,0.848
alice,1,28639822,2167,0.0894,0.6748,3.7764,0.1322,,,,570,24,0.24,0.982
alice,1,28639822,2168,0.073,0.6624,3.6816,0.1322,,,,564,24,0.238,0.883
alice,1,28639822,2169,0.077,0.6759,3.563,0.1322,,,,556,27,0.227,0.765
alice,1,28639822,2170,0.0553,0.7143,3.6887,0.1322,,,,566,20,0.239,0.806
alice,1,28639822,2171,0.0723,0.7107,3.7569,0.1322,,,,574,15,0.245,0.737
alice,1,28639822,2172,0.0774,0.7134,3.7903,0.1322,,,,562,13,0.243,0.688
alice,1,28639822,2173,0.0649,0.7249,3.8211,0.1322,,,,565,16,0.239,1.026
alice,1,28639822,2174,0.0602,0.7172,3.7683,0.1322,,,,566,21,0.228,0.739
alice,1,28639822,2175,0.0456,0.6434,3.2355,0.1322,,,,575,29,0.222,0.665
alice,1,28639822,2176,0.072,0.7417,3.8125,0.1322,,,,567,26,0.239,0.835
alice,1,28639822,2177,0.0607,0.6717,3.56,0.1322,,,,582,28,0.236,0.864
alice,1,28639822,2178,0.0613,0.6291,3.6043,0.1322,,,,561,28,0.223,0.841
alice,1,28639822,2179,0.087,0.6719,3.8504,0.1322,,,,562,13,0.251,1.077
alice,1,28639822,2180,0.0717,0.7141,3.8135,0.1322,,,,555,16,0.238,0.95
alice,1,28639822,2181,0.084,0.7234,3.8023,0.1322,,,,573,15,0.231,0.74
alice,1,28639822,2182,0.0706,0.7767,3.7865,0.1322,,,,562,15,0.241,0.68
alice,1,28639822,2183,0.0787,0.7507,3.8,0.1322,,,,566,25,0.235,0.763
alice,1,28639822,2184,0.0913,0.7528,4.0039,0.1322,,,,565,24,0.246,0.831
alice,1,28639822,2185,0.0756,0.7474,3.9234,0.1322,,,,559,17,0.24,0.709
alice,1,28639822,2186,0.0768,0.7791,3.9436,0.1322,,,,575,17,0.241,0.73
alice,1,28639822,2187,0.0668,0.6934,3.6654,0.1322,,,,569,30,0.228,0.671
alice,1,28639822,2188,0.0657,0.6643,3.5465,0.1322,,,,572,31,0.233,0.769
alice,1,28639822,2189,0.0767,0.6438,3.4331,0.1322,,,,571,33,0.227,0.772
alice,1,28639822,2190,0.0892,0.6764,3.4345,0.1322,,,,578,17,0.247,0.892
alice,1,28639822,2191,0.0762,0.7478,3.8023,0.1322,,,,569,13,0.247,0.756
alice,1,28639822,2192,0.0798,0.7219,3.4929,0.1322,,,,574,16,0.246,0.769
alice,1,28639822,2193,0.0737,0.7408,3.7737,0.1322,,,,578,24,0.232,0.687
alice,1,28639822,2194,0.0724,0.7388,3.7907,0.1322,,,,571,18,0.24,0.736
alice,1,28639822,2195,0.0886,0.6993,3.6212,0.1322,,,,576,21,0.237,0.731
alice,1,28639822,2196,0.0974,0.7832,4.1694,0.1322,,,,554,13,0.25,0.717
alice,1,28639822,2197,0.0776,0.7309,3.8571,0.1322,,,,566,18,0.241,0.681
alice,1,28639822,2198,0.0749,0.6871,3.6403,0.1322,,,,555,52,0.226,0.857
alice,1,28639822,2199,0.069,0.7376,3.634,0.1322,,,,571,24,0.24,1.0
alice,1,28639822,2200,0.0687,0.7921,3.8893,0.1322,,,,569,25,0.233,0.934
alice,1,28639822,2201,0.0697,0.6726,3.3144,0.1322,,,,580,25,0.248,0.71
alice,1,28639822,2202,0.0796,0.7041,3.58,0.1322,,,,571,17,0.247,0.794
alice,1,28639822,2203,0.0787,0.7109,3.748,0.1322,,,,562,21,0.245,0.676
alice,1,28639822,2204,0.0936,0.7249,3.8185,0.1322,,,,560,26,0.237,1.116
alice,1,28639822,2205,0.0668,0.6393,3.2206,0.1322,,,,576,48,0.222,0.811
alice,1,28639822,2206,0.066,0.7221,3.6641,0.1322,,,,574,22,0.239,0.854
alice,1,28639822,2207,0.0812,0.7493,3.8178,0.1322,,,,566,15,0.253,0.803
alice,1,28639822,2208,0.096,0.7189,3.9271,0.1322,,,,565,12,0.247,0.777
alice,1,28639822,2209,0.0956,0.6532,3.5863,0.1322,,,,578,17,0.244,0.725
alice,1,28639822,2210,0.0905,0.7087,3.7449,0.1322,,,,561,24,0.237,0.731
alice,1,28639822,2211,0.0884,0.6417,3.4154,0.1322,,,,580,20,0.236,0.719
alice,1,28639822,2212,0.0835,0.6648,3.403,0.1322,,,,577,24,0.239,0.843
alice,1,28639822,2213,0.078,0.7345,3.7116,0.1322,,,,566,16,0.247,0.851
alice,1,28639822,2214,0.0849,0.6857,3.6795,0.1322,,,,572,26,0.244,0.786
alice,1,28639822,2215,0.0832,0.7132,3.888,0.1322,,,,564,21,0.241,0.849
alice,1,28639822,2216,0.0744,0.676,3.5914,0.1322,,,,570,28,0.224,0.908
alice,1,28639822,2217,0.0708,0.6791,3.625,0.1322,,,,567,19,0.228,0.61
alice,1,28639822,2218,0.0844,0.6913,3.5811,0.1322,,,,576,25,0.224,0.784
alice,1,28639822,2219,0.0742,0.6522,3.4232,0.1322,,,,581,23,0.221,0.623
alice,1,28639822,2220,0.0508,0.7412,3.784,0.1322,,,,565,30,0.226,0.674
alice,1,28639822,2221,0.06,0.751,3.6015,0.1322,,,,573,17,0.226,0.753
alice,1,28639822,2222,0.0892,0.6967,3.4552,0.1322,,,,578,19,0.237,0.732
alice,1,28639822,2223,0.0829,0.7092,3.6423,0.1322,,,,569,20,0.231,0.806
alice,1,28639822,2224,0.0862,0.7228,3.6077,0.1322,,,,566,23,0.23,0.809
alice,1,28639822,2225,0.0841,0.7446,3.7811,0.1322,,,,565,27,0.23,0.745
alice,1,28639822,2226,0.1001,0.7017,3.6332,0.1322,,,,569,24,0.238,0.78
alice,1,28639822,2227,0.0944,0.7241,3.8268,0.1322,,,,565,19,0.234,0.799
alice,1,28639822,2228,0.0876,0.7015,3.5279,0.1322,,,,577,26,0.234,0.698
alice,1,28639822,2229,0.0931,0.71,3.5284,0.1322,,,,566,23,0.233,0.673
alice,1,28639822,2230,0.0925,0.772,3.8036,0.1322,,,,576,22,0.235,0.749
alice,1,28639822,2231,0.0802,0.7559,3.685,0.1322,,,,575,22,0.231,0.828
alice,1,28639822,2232,0.0804,0.7581,3.6884,0.1322,,,,570,17,0.237,0.774
alice,1,28639822,2233,0.0718,0.7425,3.681,0.1322,,,,582,19,0.236,0.812
alice,1,28639822,2234,0.0758,0.7192,3.6081,0.1322,,,,565,33,0.223,0.583
alice,1,28639822,2235,0.0575,0.6383,3.1879,0.1322,,,,583,53,0.211,0.613
alice,1,28639822,2236,0.0628,0.7335,3.4893,0.1322,,,,571,20,0.223,0.66
alice,1,28639822,2237,0.0717,0.7572,3.7634,0.1322,,,,572,27,0.234,0.814
alice,1,28639822,2238,0.072,0.6971,3.4342,0.1322,,,,586,21,0.242,0.786
alice,1,28639822,2239,0.0702,0.7101,3.5162,0.1322,,,,575,14,0.23,0.911
alice,1,28639822,2240,0.07,0.7532,3.625,0.1322,,,,569,27,0.224,0.694
alice,1,28639822,2241,0.0812,0.7378,3.6621,0.1322,,,,575,30,0.221,0.731
alice,1,28639822,2242,0.0898,0.6843,3.5,0.1322,,,,585,25,0.224,0.655
alice,1,28639822,2243,0.0908,0.7407,3.8259,0.1322,,,,564,22,0.235,0.679
alice,1,28639822,2244,0.0887,0.6874,3.4752,0.1322,,,,595,20,0.234,0.832
alice,1,28639822,2245,0.0947,0.6892,3.6046,0.1322,,,,576,20,0.229,0.832
alice,1,28639822,2246,0.0917,0.7284,3.7649,0.1322,,,,564,19,0.241,0.655
alice,1,28639822,2247,0.0749,0.6802,3.3453,0.1322,,,,585,19,0.231,0.732
alice,1,28639822,2248,0.093,0.6778,3.5664,0.1322,,,,581,16,0.237,0.669
alice,1,28639822,2249,0.095,0.6306,3.3858,0.1322,,,,581,16,0.236,0.739
alice,1,28639822,2250,0.0745,0.6206,3.3426,0.1322,,,,579,16,0.231,1.136
alice,1,28639822,2251,0.0611,0.6335,3.3397,0.1322,,,,581,26,0.222,0.701
alice,1,28639822,2252,0.0713,0.6228,3.2319,0.1322,,,,590,23,0.221,0.751
alice,1,28639822,2253,0.0699,0.5896,3.0335,0.1322,,,,596,19,0.227,0.699
alice,1,28639822,2254,0.087,0.6472,3.35,0.1322,,,,568,22,0.234,0.784
alice,1,28639822,2255,0.0843,0.6138,3.2029,0.1322,,,,580,31,0.217,0.725
alice,1,28639822,2256,0.0986,0.6075,3.2491,0.1322,,,,593,19,0.214,0.636
alice,1,28639822,2257,0.0564,0.6527,3.1546,0.1322,,,,578,22,0.227,0.703
alice,1,28639822,2258,0.0644,0.6873,3.5256,0.1322,,,,591,18,0.213,0.611
alice,1,28639822,2259,0.0719,0.6966,3.3137,0.1322,,,,591,29,0.216,0.899
alice,1,28639822,2260,0.0749,0.6672,3.2824,0.1322,,,,579,36,0.208,0.736
alice,1,28639822,2261,0.0937,0.6559,3.3581,0.1322,,,,581,38,0.216,0.662
alice,1,28639822,2262,0.0992,0.6714,3.4555,0.1322,,,,593,29,0.222,0.683
alice,1,28639822,2263,0.0925,0.6382,3.4373,0.1322,,,,578,27,0.222,0.725
alice,1,28639822,2264,0.0894,0.6212,3.3523,0.1322,,,,581,45,0.209,0.654
alice,1,28639822,2265,0.1013,0.6933,3.6667,0.1322,,,,578,30,0.22,0.657
alice,1,28639822,2266,0.1157,0.7031,3.6058,0.1322,,,,576,20,0.232,0.675
alice,1,28639822,2267,0.1025,0.6663,3.5128,0.1322,,,,586,24,0.224,0.776
alice,1,28639822,2268,0.0801,0.648,3.584,0.1322,,,,573,42,0.221,0.793
alice,1,28639822,2269,0.091,0.6745,3.6327,0.1322,,,,576,17,0.222,0.581
alice,1,28639822,2270,0.0993,0.6039,3.3251,0.1322,,,,580,29,0.222,0.724
alice,1,28639822,2271,0.0687,0.6615,3.4915,0.1322,,,,562,21,0.216,0.762
alice,1,28639822,2272,0.0837,0.6289,3.3834,0.1322,,,,575,27,0.224,0.639
alice,1,28639822,2273,0.0784,0.6265,3.328,0.1322,,,,578,25,0.229,0.619
alice,1,28639822,2274,0.0746,0.7133,3.7028,0.1322,,,,558,27,0.231,0.672
alice,1,28639822,2275,0.0923,0.5899,3.1562,0.1322,,,,597,32,0.222,0.625
alice,1,28639822,2276,0.0694,0.6401,3.3178,0.1322,,,,567,27,0.224,0.758
alice,1,28639822,2277,0.0988,0.6897,3.6255,0.1322,,,,563,18,0.229,0.719
alice,1,28639822,2278,0.1059,0.6548,3.4881,0.1322,,,,585,24,0.226,0.71
alice,1,28639822,2279,0.0784,0.6151,3.2683,0.1322,,,,568,25,0.222,0.712
alice,1,28639822,2280,0.0947,0.5964,3.2392,0.1322,,,,578,22,0.233,0.632
alice,1,28639822,2281,0.0984,0.6594,3.5299,0.1322,,,,572,17,0.235,0.695
alice,1,28639822,2282,0.0974,0.7001,3.6787,0.1322,,,,575,15,0.231,0.778
alice,1,28639822,2283,0.0872,0.6487,3.4797,0.1322,,,,572,22,0.228,0.683
alice,1,28639822,2284,0.0936,0.6906,3.6337,0.1322,,,,559,24,0.231,0.707
alice,1,28639822,2285,0.1036,0.6841,3.4886,0.1322,,,,583,21,0.224,0.661
alice,1,28639822,2286,0.1146,0.6609,3.6032,0.1322,,,,568,18,0.235,0.707
alice,1,28639822,2287,0.0967,0.6389,3.3712,0.1322,,,,588,17,0.226,0.551
alice,1,28639822,2288,0.0768,0.6853,3.4335,0.1322,,,,568,21,0.233,0.979
alice,1,28639822,2289,0.0646,0.7019,3.4801,0.1322,,,,580,19,0.228,0.735
alice,1,28639822,2290,0.0717,0.7512,3.8141,0.1322,,,,570,23,0.235,0.855
alice,1,28639822,2291,0.0751,0.7124,3.5344,0.1322,,,,570,37,0.222,0.562
alice,1,28639822,2292,0.1025,0.7117,3.6641,0.1322,,,,574,20,0.232,0.693
alice,1,28639822,2293,0.0891,0.7157,3.7751,0.1322,,,,557,26,0.231,0.847
alice,1,28639822,2294,0.1128,0.6694,3.6231,0.1322,,,,580,9,0.238,0.762
alice,1,28639822,2295,0.0952,0.6837,3.6332,0.1322,,,,569,15,0.231,0.753
alice,1,28639822,2296,0.105,0.6999,3.7539,0.1322,,,,584,15,0.238,0.652
alice,1,28639822,2297,0.0707,0.6215,3.3307,0.1322,,,,570,22,0.223,0.711
alice,1,28639822,2298,0.0836,0.623,3.3583,0.1322,,,,574,30,0.231,0.698
alice,1,28639822,2299,0.0717,0.6592,3.3333,0.1322,,,,576,20,0.229,0.754
alice,1,28639822,2300,0.0665,0.6454,3.2708,0.1322,,,,587,23,0.217,0.769
alice,1,28639822,2301,0.0745,0.6023,3.2366,0.1322,,,,594,22,0.229,0.683
alice,1,28639822,2302,0.0577,0.6989,3.5578,0.1322,,,,568,12,0.23,0.652
alice,1,28639822,2303,0.0878,0.7032,3.5259,0.1322,,,,576,22,0.232,0.835
alice,1,28639822,2304,0.078,0.6526,3.4618,0.1322,,,,583,19,0.225,0.824
alice,1,28639822,2305,0.0934,0.6608,3.3727,0.1322,,,,573,35,0.218,0.584
alice,1,28639822,2306,0.0912,0.6639,3.3333,0.1322,,,,584,27,0.22,0.651
alice,1,28639822,2307,0.0841,0.6901,3.4671,0.1322,,,,582,27,0.224,0.754
alice,1,28639822,2308,0.0836,0.6808,3.4626,0.1322,,,,583,35,0.209,0.677
alice,1,28639822,2309,0.0984,0.6223,3.3137,0.1322,,,,582,27,0.223,0.833
alice,1,28639822,2310,0.063,0.6581,3.3014,0.1322,,,,581,28,0.227,0.824
alice,1,28639822,2311,0.0662,0.6712,3.3063,0.1322,,,,579,28,0.216,0.601
alice,1,28639822,2312,0.1086,0.7635,3.7993,0.1322,,,,578,15,0.235,0.732
alice,1,28639822,2313,0.0955,0.6706,3.4657,0.1322,,,,571,30,0.225,0.654
alice,1,28639822,2314,0.0862,0.7432,3.7283,0.1322,,,,578,18,0.233,0.725
alice,1,28639822,2315,0.0615,0.7067,3.6051,0.1322,,,,571,23,0.23,0.778
alice,1,28639822,2316,0.0615,0.6508,3.3369,0.1322,,,,593,32,0.219,0.709
alice,1,28639822,2317,0.0638,0.6738,3.5038,0.1322,,,,568,28,0.218,0.657
alice,1,28639822,2318,0.0857,0.6901,3.4173,0.1322,,,,578,21,0.221,0.657
alice,1,28639822,2319,0.0967,0.6441,3.2361,0.1322,,,,585,38,0.215,0.729
alice,1,28639822,2320,0.0881,0.7108,3.6237,0.1322,,,,578,31,0.218,0.636
alice,1,28639822,2321,0.1017,0.6806,3.4113,0.1322,,,,588,29,0.216,0.589
alice,1,28639822,2322,0.1168,0.7143,3.6742,0.1322,,,,579,17,0.226,0.687
alice,1,28639822,2323,0.1005,0.6491,3.3667,0.1322,,,,577,20,0.228,0.674
alice,1,28639822,2324,0.0812,0.6949,3.6541,0.1322,,,,572,23,0.219,0.686
alice,1,28639822,2325,0.0924,0.6736,3.4982,0.1322,,,,579,30,0.219,0.702
alice,1,28639822,2326,0.0818,0.5995,3.2734,0.1322,,,,586,23,0.223,0.637
alice,1,28639822,2327,0.0607,0.6757,3.7311,0.1322,,,,573,17,0.232,0.576
alice,1,28639822,2328,0.0572,0.5661,3.1084,0.1322,,,,581,24,0.227,0.778
alice,1,28639822,2329,0.0577,0.6041,3.249,0.1322,,,,575,25,0.228,0.626
alice,1,28639822,2330,0.0783,0.6626,3.6463,0.1322,,,,566,17,0.23,0.625
alice,1,28639822,2331,0.068,0.6503,3.4406,0.1322,,,,577,22,0.23,0.71
alice,1,28639822,2332,0.0855,0.6993,3.5779,0.1322,,,,564,29,0.214,0.509
alice,1,28639822,2333,0.0871,0.6002,3.1408,0.1322,,,,588,38,0.214,0.746
alice,1,28639822,2334,0.0968,0.638,3.4717,0.1322,,,,573,26,0.221,0.708
alice,1,28639822,2335,0.1143,0.667,3.7237,0.1322,,,,576,23,0.218,0.612
alice,1,28639822,2336,0.0853,0.6551,3.5525,0.1322,,,,571,24,0.221,0.635
alice,1,28639822,2337,0.0929,0.6551,3.3357,0.1322,,,,585,19,0.217,0.684
alice,1,28639822,2338,0.0757,0.6849,3.375,0.1322,,,,580,23,0.221,0.65
alice,1,28639822,2339,0.0996,0.738,3.6173,0.1322,,,,579,16,0.229,0.597
alice,1,28639822,2340,0.1052,0.6976,3.5833,0.1322,,,,575,20,0.223,0.645
alice,1,28639822,2341,0.065,0.6793,3.4813,0.1322,,,,571,35,0.216,0.671
alice,1,28639822,2342,0.0798,0.6555,3.4059,0.1322,,,,581,27,0.223,0.692
alice,1,28639822,2343,0.0854,0.6681,3.4621,0.1322,,,,593,15,0.22,0.715
alice,1,28639822,2344,0.0857,0.6618,3.3281,0.1322,,,,570,18,0.226,0.637
alice,1,28639822,2345,0.0836,0.6478,3.4588,0.1322,,,,579,20,0.219,0.857
alice,1,28639822,2346,0.1072,0.6693,3.416,0.1322,,,,573,16,0.228,0.839
alice,1,28639822,2347,0.0896,0.6782,3.4669,0.1322,,,,577,23,0.223,0.649
alice,1,28639822,2348,0.0819,0.673,3.3497,0.1322,,,,585,23,0.213,0.624
alice,1,28639822,2349,0.0801,0.666,3.3643,0.1322,,,,585,22,0.219,0.513
alice,1,28639822,2350,0.0734,0.6958,3.4081,0.1322,,,,584,23,0.22,0.661
alice,1,28639822,2351,0.0752,0.6616,3.3125,0.1322,,,,582,28,0.214,0.836
alice,1,28639822,2352,0.0887,0.6255,3.2598,0.1322,,,,587,27,0.213,0.569
alice,1,28639822,2353,0.0778,0.6478,3.3603,0.1322,,,,593,18,0.218,0.708
alice,1,28639822,2354,0.0466,0.6687,3.3358,0.1322,,,,564,36,0.212,0.725
alice,1,28639822,2355,0.0697,0.63,3.1888,0.1322,,,,606,32,0.211,0.703
alice,1,28639822,2356,0.0623,0.6016,3.1744,0.1322,,,,587,28,0.218,0.752
alice,1,28639822,2357,0.0692,0.6318,3.1058,0.1322,,,,581,35,0.215,0.634
alice,1,28639822,2358,0.0769,0.5758,3.0145,0.1322,,,,590,47,0.201,0.6
alice,1,28639822,2359,0.0814,0.5574,2.9275,0.1322,,,,604,28,0.216,0.687
alice,1,28639822,2360,0.0813,0.5829,3.1019,0.1322,,,,590,21,0.216,0.684
alice,1,28639822,2361,0.0845,0.6374,3.4343,0.1322,,,,576,19,0.221,0.554
alice,1,28639822,2362,0.0747,0.5678,3.0541,0.1322,,,,583,43,0.205,0.518
alice,1,28639822,2363,0.0789,0.6163,3.0803,0.1322,,,,591,35,0.208,0.625
alice,1,28639822,2364,0.0631,0.5747,2.8194,0.1322,,,,598,31,0.21,0.872
alice,1,28639822,2365,0.0614,0.7205,3.5602,0.1322,,,,568,26,0.218,0.602
alice,1,28639822,2366,0.0933,0.6711,3.3941,0.1322,,,,584,22,0.233,0.786
alice,1,28639822,2367,0.0971,0.6147,3.2923,0.1322,,,,580,24,0.228,0.571
alice,1,28639822,2368,0.0856,0.6672,3.5326,0.1322,,,,573,24,0.222,0.623
alice,1,28639822,2369,0.0914,0.6115,3.2423,0.1322,,,,581,34,0.229,0.679
alice,1,28639822,2370,0.0981,0.6348,3.3452,0.1322,,,,583,17,0.235,0.611
alice,1,28639822,2371,0.0828,0.6563,3.4625,0.1322,,,,570,15,0.229,0.715
alice,1,28639822,2372,0.0694,0.6557,3.3438,0.1322,,,,571,22,0.226,0.77
alice,1,28639822,2373,0.0609,0.6721,3.315,0.1322,,,,576,23,0.217,0.6
alice,1,28639822,2374,0.0568,0.6391,3.2669,0.1322,,,,581,45,0.203,0.694
alice,1,28639822,2375,0.0868,0.6145,3.1115,0.1322,,,,590,31,0.208,0.808
alice,1,28639822,2376,0.0883,0.5697,2.9167,0.1322,,,,581,44,0.204,0.639
alice,1,28639822,2377,0.0846,0.6418,3.1216,0.1322,,,,597,21,0.214,0.617
alice,1,28639822,2378,0.0847,0.7029,3.5404,0.1322,,,,566,37,0.21,0.686
alice,1,28639822,2379,0.1043,0.6511,3.2807,0.1322,,,,588,28,0.215,0.665
alice,1,28639822,2380,0.1159,0.6269,3.1579,0.1322,,,,595,24,0.216,0.673
alice,1,28639822,2381,0.1022,0.6207,3.2396,0.1322,,,,593,23,0.212,0.739
alice,1,28639822,2382,0.0914,0.6529,3.3455,0.1322,,,,594,12,0.225,0.626
alice,1,28639822,2383,0.0828,0.6408,3.2992,0.1322,,,,574,30,0.21,0.628
alice,1,28639822,2384,0.0869,0.6182,3.2197,0.1322,,,,582,34,0.212,0.693
alice,1,28639822,2385,0.0705,0.5881,3.0933,0.1322,,,,580,48,0.192,0.581
alice,1,28639822,2386,0.091,0.5649,3.1089,0.1322,,,,589,42,0.197,0.534
alice,1,28639822,2387,0.0754,0.6096,3.149,0.1322,,,,581,27,0.205,0.624
alice,1,28639822,2388,0.0677,0.616,3.1679,0.1322,,,,576,26,0.205,0.845
alice,1,28639822,2389,0.08,0.6246,3.2831,0.1322,,,,575,36,0.204,0.518
alice,1,28639822,2390,0.1038,0.5914,3.1801,0.1322,,,,600,22,0.214,0.708
alice,1,28639822,2391,0.091,0.5667,3.026,0.1322,,,,585,30,0.218,0.726
alice,1,28639822,2392,0.0952,0.5274,2.8357,0.1322,,,,594,24,0.214,0.807
alice,1,28639822,2393,0.0944,0.5689,2.9233,0.1322,,,,600,30,0.204,0.678
alice,1,28639822,2394,0.0763,0.6315,3.1742,0.1322,,,,601,24,0.219,0.758
alice,1,28639822,2395,0.0771,0.6729,3.4067,0.1322,,,,582,21,0.219,0.642
alice,1,28639822,2396,0.0616,0.6241,3.0871,0.1322,,,,583,26,0.208,0.534
alice,1,28639822,2397,0.0731,0.6352,3.0269,0.1322,,,,598,31,0.21,0.586
alice,1,28639822,2398,0.0815,0.6564,3.1419,0.1322,,,,595,23,0.21,0.715
alice,1,28639822,2399,0.0906,0.6971,3.5543,0.1322,,,,567,35,0.214,0.671
alice,1,28639822,2400,0.0814,0.6161,3.3199,0.1322,,,,587,37,0.216,0.589
alice,1,28639822,2401,0.0739,0.6798,3.5907,0.1322,,,,578,12,0.227,0.683
alice,1,28639822,2402,0.0964,0.6579,3.2583,0.1322,,,,586,20,0.222,0.654
alice,1,28639822,2403,0.0776,0.6329,3.1758,0.1322,,,,581,21,0.225,0.895
alice,1,28639822,2404,0.0697,0.6845,3.4765,0.1322,,,,580,22,0.215,0.578
alice,1,28639822,2405,0.0666,0.6512,3.098,0.1322,,,,604,21,0.213,0.548
alice,1,28639822,2406,0.0895,0.6291,3.2555,0.1322,,,,583,25,0.216,0.495
alice,1,28639822,2407,0.0835,0.6963,3.3915,0.1322,,,,572,29,0.21,0.657
alice,1,28639822,2408,0.0646,0.7386,3.5461,0.1322,,,,585,20,0.22,0.525
alice,1,28639822,2409,0.0484,0.6202,3.0338,0.1322,,,,604,24,0.217,0.578
alice,1,28639822,2410,0.0579,0.6623,3.186,0.1322,,,,575,37,0.202,0.556
alice,1,28639822,2411,0.0832,0.6399,3.1852,0.1322,,,,596,28,0.212,0.615
alice,1,28639822,2412,0.0748,0.6382,3.1714,0.1322,,,,591,20,0.219,0.828
alice,1,28639822,2413,0.0804,0.613,3.0683,0.1322,,,,593,28,0.214,0.796
alice,1,28639822,2414,0.0685,0.6044,3.2218,0.1322,,,,590,18,0.221,0.786
alice,1,28639822,2415,0.0918,0.5499,2.9491,0.1322,,,,586,22,0.219,0.665
alice,1,28639822,2416,0.0654,0.6366,3.2064,0.1322,,,,589,17,0.221,0.623
alice,1,28639822,2417,0.0915,0.6538,3.2688,0.1322,,,,589,20,0.222,0.783
alice,1,28639822,2418,0.0771,0.6824,3.4477,0.1322,,,,581,13,0.227,1.019
alice,1,28639822,2419,0.0681,0.6748,3.3045,0.1322,,,,583,18,0.216,0.736
alice,1,28639822,2420,0.0682,0.6922,3.3645,0.1322,,,,579,31,0.208,0.527
alice,1,28639822,2421,0.0899,0.6839,3.4328,0.1322,,,,590,34,0.211,0.603
alice,1,28639822,2422,0.0695,0.6847,3.3849,0.1322,,,,581,26,0.213,0.632
alice,1,28639822,2423,0.0768,0.7169,3.559,0.1322,,,,578,18,0.219,0.584
alice,1,28639822,2424,0.0984,0.6334,3.3251,0.1322,,,,589,24,0.221,0.589
alice,1,28639822,2425,0.0741,0.7034,3.52,0.1322,,,,580,24,0.227,0.807
alice,1,28639822,2426,0.082,0.6397,3.3137,0.1322,,,,595,22,0.226,0.756
alice,1,28639822,2427,0.0698,0.6876,3.4942,0.1322,,,,571,17,0.219,0.663
alice,1,28639822,2428,0.0828,0.661,3.4244,0.1322,,,,577,27,0.224,0.65
alice,1,28639822,2429,0.1099,0.6167,3.2509,0.1322,,,,595,25,0.226,0.785
alice,1,28639822,2430,0.0553,0.6862,3.5361,0.1322,,,,573,21,0.221,0.651
alice,1,28639822,2431,0.087,0.6743,3.5018,0.1322,,,,577,16,0.223,0.595
alice,1,28639822,2432,0.0803,0.6119,3.3249,0.1322,,,,587,23,0.218,0.776
alice,1,28639822,2433,0.0793,0.6218,3.315,0.1322,,,,585,28,0.215,0.609
alice,1,28639822,2434,0.0605,0.6428,3.2744,0.1322,,,,593,19,0.225,0.547
alice,1,28639822,2435,0.0739,0.6454,3.2655,0.1322,,,,585,23,0.221,0.579
alice,1,28639822,2436,0.0631,0.6653,3.4179,0.1322,,,,579,17,0.222,0.82
alice,1,28639822,2437,0.0854,0.6034,2.9727,0.1322,,,,595,23,0.22,0.786
alice,1,28639822,2438,0.0832,0.7036,3.4261,0.1322,,,,579,21,0.22,0.713
alice,1,28639822,2439,0.0809,0.6935,3.3733,0.1322,,,,583,23,0.216,0.644
alice,1,28639822,2440,0.0761,0.7587,3.7455,0.1322,,,,567,31,0.216,0.653
alice,1,28639822,2441,0.0802,0.7251,3.4778,0.1322,,,,591,17,0.229,0.554
alice,1,28639822,2442,0.0687,0.7457,3.5104,0.1322,,,,575,17,0.223,0.679
alice,1,28639822,2443,0.0942,0.7013,3.473,0.1322,,,,584,24,0.22,0.578
alice,1,28639822,2444,0.0741,0.7259,3.7363,0.1322,,,,574,21,0.219,0.644
alice,1,28639822,2445,0.0586,0.6883,3.3003,0.1322,,,,583,18,0.217,0.63
alice,1,28639822,2446,0.0918,0.6139,3.1042,0.1322,,,,610,20,0.212,0.588
alice,1,28639822,2447,0.0721,0.6045,3.0866,0.1322,,,,583,30,0.208,0.791
alice,1,28639822,2448,0.0853,0.6262,3.2986,0.1322,,,,586,29,0.21,0.698
alice,1,28639822,2449,0.1048,0.5916,3.155,0.1322,,,,597,20,0.214,0.636
alice,1,28639822,2450,0.0771,0.5378,2.8845,0.1322,,,,592,27,0.207,0.596
alice,1,28639822,2451,0.0696,0.6107,3.0138,0.1322,,,,595,26,0.21,0.511
alice,1,28639822,2452,0.0816,0.6656,3.3273,0.1322,,,,593,12,0.221,0.838
alice,1,28639822,2453,0.0792,0.6246,3.2397,0.1322,,,,588,23,0.219,0.72
alice,1,28639822,2454,0.0866,0.6171,3.1835,0.1322,,,,571,29,0.214,0.665
alice,1,28639822,2455,0.0954,0.6392,3.1927,0.1322,,,,603,20,0.221,0.623
alice,1,28639822,2456,0.0651,0.6299,3.1378,0.1322,,,,603,21,0.213,0.674
alice,1,28639822,2457,0.0696,0.6153,3.2243,0.1322,,,,584,23,0.21,0.642
alice,1,28639822,2458,0.0725,0.6663,3.2226,0.1322,,,,584,16,0.214,0.736
alice,1,28639822,2459,0.0645,0.6252,3.0804,0.1322,,,,602,31,0.212,0.737
alice,1,28639822,2460,0.0834,0.6549,3.3556,0.1322,,,,580,26,0.209,0.733
alice,1,28639822,2461,0.0656,0.6355,3.2436,0.1322,,,,583,25,0.205,0.627
alice,1,28639822,2462,0.0807,0.5582,2.9682,0.1322,,,,599,19,0.206,0.628
alice,1,28639822,2463,0.0953,0.6299,3.1802,0.1322,,,,588,12,0.216,0.665
alice,1,28639822,2464,0.0932,0.6177,3.2222,0.1322,,,,591,15,0.216,0.53
alice,1,28639822,2465,0.0731,0.625,3.25,0.1322,,,,591,25,0.216,0.587
alice,1,28639822,2466,0.0563,0.5935,3.036,0.1322,,,,590,27,0.205,0.642
alice,1,28639822,2467,0.0903,0.6415,3.2914,0.1322,,,,587,26,0.213,0.576
alice,1,28639822,2468,0.1167,0.6587,3.4529,0.1322,,,,577,23,0.226,0.744
alice,1,28639822,2469,0.0788,0.6675,3.3322,0.1322,,,,600,7,0.223,0.592
alice,1,28639822,2470,0.0836,0.6255,3.2458,0.1322,,,,598,18,0.223,0.612
alice,1,28639822,2471,0.0846,0.6114,3.0327,0.1322,,,,606,29,0.217,0.756
alice,1,28639822,2472,0.087,0.6404,3.3228,0.1322,,,,594,20,0.223,0.812
alice,1,28639822,2473,0.0777,0.6117,3.2051,0.1322,,,,590,22,0.219,0.56
alice,1,28639822,2474,0.0753,0.6709,3.4487,0.1322,,,,573,19,0.226,0.862
alice,1,28639822,2475,0.0713,0.6302,3.2555,0.1322,,,,596,17,0.218,0.66
alice,1,28639822,2476,0.0402,0.6586,3.1868,0.1322,,,,592,23,0.22,0.55
alice,1,28639822,2477,0.0674,0.6864,3.2632,0.1322,,,,587,16,0.218,0.668
alice,1,28639822,2478,0.0612,0.709,3.4081,0.1322,,,,577,17,0.224,0.804
alice,1,28639822,2479,0.06,0.5949,2.9628,0.1322,,,,604,29,0.208,0.627
alice,1,28639822,2480,0.0907,0.5813,3.0809,0.1322,,,,607,14,0.212,0.659
alice,1,28639822,2481,0.0744,0.6736,3.5833,0.1322,,,,570,15,0.219,0.654
alice,1,28639822,2482,0.0776,0.6253,3.2538,0.1322,,,,581,28,0.213,0.523
alice,1,28639822,2483,0.0823,0.5861,3.0717,0.1322,,,,586,33,0.214,0.553
alice,1,28639822,2484,0.0953,0.6012,3.0996,0.1322,,,,600,21,0.213,0.774
alice,1,28639822,2485,0.0743,0.6243,3.341,0.1322,,,,581,21,0.214,0.861
alice,1,28639822,2486,0.0957,0.604,3.2734,0.1322,,,,577,27,0.211,0.77
alice,1,28639822,2487,0.0654,0.6205,3.1632,0.1322,,,,595,24,0.211,0.62
alice,1,28639822,2488,0.0703,0.6114,3.1547,0.1322,,,,592,26,0.21,0.609
alice,1,28639822,2489,0.0823,0.6628,3.2596,0.1322,,,,577,20,0.219,0.828
alice,1,28639822,2490,0.0598,0.6971,3.3833,0.1322,,,,594,20,0.222,0.599
alice,1,28639822,2491,0.0847,0.7012,3.5286,0.1322,,,,581,24,0.223,0.711
alice,1,28639822,2492,0.0805,0.6412,3.3709,0.1322,,,,583,24,0.212,0.658
alice,1,28639822,2493,0.076,0.658,3.4473,0.1322,,,,583,20,0.22,0.613
alice,1,28639822,2494,0.0831,0.6238,3.2362,0.1322,,,,598,15,0.224,0.586
alice,1,28639822,2495,0.0695,0.6577,3.494,0.1322,,,,568,16,0.229,0.718
alice,1,28639822,2496,0.0686,0.7077,3.6392,0.1322,,,,572,11,0.229,0.673
alice,1,28639822,2497,0.0834,0.6606,3.3673,0.1322,,,,582,15,0.226,0.666
alice,1,28639822,2498,0.0793,0.6347,3.2637,0.1322,,,,579,37,0.208,0.723
alice,1,28639822,2499,0.085,0.635,3.1592,0.1322,,,,596,20,0.212,0.599
alice,1,28639822,2500,0.11,0.6626,3.4764,0.1322,,,,586,10,0.227,0.683
alice,1,28639822,2501,0.0768,0.6777,3.3418,0.1322,,,,584,18,0.229,0.669
alice,1,28639822,2502,0.087,0.6233,3.2327,0.1322,,,,586,34,0.217,0.596
alice,1,28639822,2503,0.0923,0.6224,3.175,0.1322,,,,588,24,0.224,0.638
alice,1,28639822,2504,0.0822,0.6333,3.2366,0.1322,,,,589,19,0.226,0.681
alice,1,28639822,2505,0.0926,0.6689,3.3855,0.1322,,,,581,18,0.218,0.758
alice,1,28639822,2506,0.0932,0.6406,3.5714,0.1322,,,,581,22,0.221,0.573
alice,1,28639822,2507,0.0543,0.6751,3.4096,0.1322,,,,567,14,0.221,0.665
alice,1,28639822,2508,0.0738,0.7334,3.5764,0.1322,,,,574,21,0.224,0.865
alice,1,28639822,2509,0.1057,0.6301,3.2332,0.1322,,,,606,18,0.226,0.652
alice,1,28639822,2510,0.0767,0.565,2.9559,0.1322,,,,596,23,0.223,0.659
alice,1,28639822,2511,0.0851,0.64,3.3922,0.1322,,,,578,25,0.223,0.543
alice,1,28639822,2512,0.0792,0.5633,3.0262,0.1322,,,,601,23,0.217,0.732
alice,1,28639822,2513,0.076,0.5973,3.0219,0.1322,,,,587,22,0.216,0.796
alice,1,28639822,2514,0.0619,0.6969,3.3782,0.1322,,,,581,16,0.222,0.728
alice,1,28639822,2515,0.0861,0.663,3.2842,0.1322,,,,588,20,0.21,0.539
alice,1,28639822,2516,0.0686,0.6633,3.3143,0.1322,,,,587,30,0.214,0.627
alice,1,28639822,2517,0.0903,0.6219,3.2825,0.1322,,,,589,20,0.224,0.67
alice,1,28639822,2518,0.0803,0.5702,3.0775,0.1322,,,,597,14,0.236,0.702
alice,1,28639822,2519,0.0554,0.6379,3.3843,0.1322,,,,568,16,0.228,0.724
alice,1,28639822,2520,0.0789,0.7025,3.4833,0.1322,,,,586,10,0.229,0.612
alice,1,28639822,2521,0.0673,0.6947,3.4699,0.1322,,,,567,20,0.232,0.678
alice,1,28639822,2522,0.0782,0.7471,3.6268,0.1322,,,,572,16,0.223,0.68
alice,1,28639822,2523,0.0961,0.6718,3.4152,0.1322,,,,603,14,0.227,0.618
alice,1,28639822,2524,0.0941,0.6144,3.2174,0.1322,,,,597,14,0.228,0.572
alice,1,28639822,2525,0.0818,0.6032,3.1259,0.1322,,,,596,10,0.227,0.57
alice,1,28639822,2526,0.0963,0.6633,3.5469,0.1322,,,,577,12,0.228,0.736
alice,1,28639822,2527,0.0836,0.6795,3.5968,0.1322,,,,567,22,0.234,0.692
alice,1,28639822,2528,0.0738,0.6015,3.0523,0.1322,,,,592,19,0.221,0.497
alice,1,28639822,2529,0.0845,0.6912,3.4316,0.1322,,,,581,22,0.223,0.707
alice,1,28639822,2530,0.0759,0.5965,2.9419,0.1322,,,,598,32,0.209,0.75
alice,1,28639822,2531,0.0934,0.615,3.1286,0.1322,,,,606,21,0.214,0.577
alice,1,28639822,2532,0.0806,0.6835,3.4527,0.1322,,,,587,15,0.216,0.588
alice,1,28639822,2533,0.0657,0.615,3.1293,0.1322,,,,601,16,0.22,0.598
alice,1,28639822,2534,0.0793,0.641,3.2509,0.1322,,,,600,17,0.225,0.668
alice,1,28639822,2535,0.0605,0.6932,3.2766,0.1322,,,,588,14,0.226,0.584
alice,1,28639822,2536,0.0914,0.7185,3.6642,0.1322,,,,574,14,0.223,0.625
alice,1,28639822,2537,0.07,0.7058,3.5255,0.1322,,,,572,18,0.233,0.661
alice,1,28639822,2538,0.0818,0.6638,3.3586,0.1322,,,,595,13,0.231,0.634
alice,1,28639822,2539,0.0837,0.7087,3.4966,0.1322,,,,574,26,0.218,0.565
alice,1,28639822,2540,0.0804,0.6455,3.1713,0.1322,,,,594,33,0.208,0.861
alice,1,28639822,2541,0.1049,0.6856,3.5101,0.1322,,,,592,25,0.219,0.76
alice,1,28639822,2542,0.1079,0.6343,3.3554,0.1322,,,,583,30,0.223,0.666
alice,1,28639822,2543,0.1072,0.6466,3.4,0.1322,,,,588,23,0.214,0.571
alice,1,28639822,2544,0.0752,0.6362,3.2448,0.1322,,,,586,36,0.212,0.654
alice,1,28639822,2545,0.1087,0.6268,3.1661,0.1322,,,,595,20,0.225,0.628
alice,1,28639822,2546,0.0579,0.6113,3.2878,0.1322,,,,587,24,0.217,0.594
alice,1,28639822,2547,0.0456,0.614,3.0556,0.1322,,,,588,21,0.214,0.819
alice,1,28639822,2548,0.0626,0.645,3.2257,0.1322,,,,590,27,0.208,0.712
alice,1,28639822,2549,0.0906,0.6073,3.1667,0.1322,,,,597,33,0.218,0.597
alice,1,28639822,2550,0.0834,0.579,3.1328,0.1322,,,,594,18,0.224,0.639
alice,1,28639822,2551,0.0905,0.5869,3.2561,0.1322,,,,578,22,0.223,0.568
alice,1,28639822,2552,0.0958,0.5496,2.9692,0.1322,,,,588,25,0.222,0.58
alice,1,28639822,2553,0.0828,0.6112,3.3608,0.1322,,,,572,14,0.232,0.572
alice,1,28639822,2554,0.0781,0.6589,3.4598,0.1322,,,,584,14,0.23,0.61
alice,1,28639822,2555,0.0661,0.653,3.5714,0.1322,,,,567,16,0.229,0.6
alice,1,28639822,2556,0.0621,0.5987,3.1692,0.1322,,,,596,17,0.223,0.599
alice,1,28639822,2557,0.0481,0.6082,3.1468,0.1322,,,,576,32,0.225,0.792
alice,1,28639822,2558,0.0675,0.6161,3.2627,0.1322,,,,579,19,0.227,0.526
alice,1,28639822,2559,0.0846,0.6617,3.317,0.1322,,,,573,12,0.232,0.663
alice,1,28639822,2560,0.0793,0.6742,3.306,0.1322,,,,585,14,0.223,0.603
alice,1,28639822,2561,0.0838,0.6741,3.3929,0.1322,,,,589,16,0.22,0.594
alice,1,28639822,2562,0.0744,0.7658,3.7127,0.1322,,,,565,16,0.219,0.82
alice,1,28639822,2563,0.0882,0.696,3.3788,0.1322,,,,586,15,0.219,0.769
alice,1,28639822,2564,0.0947,0.6632,3.1577,0.1322,,,,603,12,0.219,0.614
alice,1,28639822,2565,0.1178,0.6853,3.3082,0.1322,,,,593,19,0.218,0.658
alice,1,28639822,2566,0.0964,0.5601,2.7461,0.1322,,,,625,15,0.223,0.777
alice,1,28639822,2567,0.1086,0.6639,3.4148,0.1322,,,,586,13,0.233,0.612
alice,1,28639822,2568,0.108,0.6371,3.5236,0.1322,,,,581,11,0.228,0.727
alice,1,28639822,2569,0.0833,0.5984,3.1868,0.1322,,,,588,14,0.237,0.792
alice,1,28639822,2570,0.0624,0.5955,3.1174,0.1322,,,,579,24,0.217,0.647
alice,1,28639822,2571,0.0804,0.6175,3.2357,0.1322,,,,591,25,0.229,0.687
alice,1,28639822,2572,0.0783,0.611,3.1977,0.1322,,,,582,19,0.221,0.716
alice,1,28639822,2573,0.0887,0.5617,2.9544,0.1322,,,,602,9,0.218,0.557
alice,1,28639822,2574,0.0654,0.677,3.4813,0.1322,,,,579,22,0.225,0.591
alice,1,28639822,2575,0.0684,0.6484,3.1514,0.1322,,,,583,27,0.212,0.799
alice,1,28639822,2576,0.0769,0.6797,3.3825,0.1322,,,,582,28,0.218,0.622
alice,1,28639822,2577,0.0663,0.5845,2.8207,0.1322,,,,611,23,0.213,0.641
alice,1,28639822,2578,0.0632,0.6693,3.3146,0.1322,,,,590,22,0.224,0.643
alice,1,28639822,2579,0.0902,0.6814,3.5564,0.1322,,,,582,19,0.227,0.65
alice,1,28639822,2580,0.0798,0.6444,3.2404,0.1322,,,,585,18,0.217,0.719
alice,1,28639822,2581,0.0916,0.6385,3.2882,0.1322,,,,589,22,0.219,0.573
alice,1,28639822,2582,0.102,0.667,3.5166,0.1322,,,,585,18,0.226,0.579
alice,1,28639822,2583,0.0963,0.6495,3.3745,0.1322,,,,584,15,0.219,0.629
alice,1,28639822,2584,0.0752,0.6755,3.4891,0.1322,,,,572,21,0.224,0.627
alice,1,28639822,2585,0.0976,0.6693,3.4049,0.1322,,,,584,25,0.225,0.677
alice,1,28639822,2586,0.09,0.6492,3.4244,0.1322,,,,595,13,0.221,0.665
alice,1,28639822,2587,0.0722,0.5768,3.0551,0.1322,,,,583,31,0.21,0.762
alice,1,28639822,2588,0.0732,0.6681,3.3832,0.1322,,,,587,13,0.22,0.64
alice,1,28639822,2589,0.0941,0.6945,3.5382,0.1322,,,,583,10,0.226,0.596
alice,1,28639822,2590,0.0806,0.7137,3.5993,0.1322,,,,572,19,0.225,0.72
alice,1,28639822,2591,0.0815,0.6758,3.3024,0.1322,,,,590,16,0.223,0.711
alice,1,28639822,2592,0.0872,0.628,3.2908,0.1322,,,,583,21,0.225,0.819
alice,1,28639822,2593,0.0981,0.6884,3.6117,0.1322,,,,584,14,0.234,0.607
alice,1,28639822,2594,0.0747,0.6491,3.319,0.1322,,,,584,11,0.233,0.727
alice,1,28639822,2595,0.0809,0.7131,3.5884,0.1322,,,,574,19,0.22,0.567
alice,1,28639822,2596,0.0912,0.7446,3.5132,0.1322,,,,593,11,0.225,0.659
alice,1,28639822,2597,0.0881,0.6868,3.5496,0.1322,,,,596,11,0.228,0.808
alice,1,28639822,2598,0.0933,0.6466,3.375,0.1322,,,,586,13,0.219,0.544
alice,1,28639822,2599,0.0764,0.6252,3.175,0.1322,,,,587,18,0.224,0.675
alice,1,28639822,2600,0.076,0.5947,3.0599,0.1322,,,,599,24,0.219,0.554
alice,1,28639822,2601,0.094,0.6011,3.3472,0.1322,,,,581,21,0.222,0.693
alice,1,28639822,2602,0.0757,0.6357,3.4695,0.1322,,,,579,17,0.224,0.547
alice,1,28639822,2603,0.0693,0.6675,3.4469,0.1322,,,,566,19,0.222,0.513
alice,1,28639822,2604,0.0841,0.6254,3.2169,0.1322,,,,598,28,0.211,0.622
alice,1,28639822,2605,0.0733,0.6283,3.2118,0.1322,,,,592,29,0.215,0.655
alice,1,28639822,2606,0.0698,0.6776,3.3418,0.1322,,,,588,19,0.223,0.648
alice,1,28639822,2607,0.0685,0.6095,3.0321,0.1322,,,,591,21,0.224,0.696
alice,1,28639822,2608,0.0846,0.6059,2.9966,0.1322,,,,591,20,0.216,0.775
alice,1,28639822,2609,0.0838,0.665,3.3172,0.1322,,,,587,20,0.211,0.557
alice,1,28639822,2610,0.0888,0.6115,3.0436,0.1322,,,,607,12,0.231,0.673
alice,1,28639822,2611,0.0881,0.6186,3.2079,0.1322,,,,590,14,0.221,0.576
alice,1,28639822,2612,0.0705,0.7081,3.3617,0.1322,,,,588,13,0.223,0.588
alice,1,28639822,2613,0.0712,0.6531,3.1951,0.1322,,,,592,18,0.22,0.662
alice,1,28639822,2614,0.0779,0.6645,3.3415,0.1322,,,,584,30,0.221,0.638
alice,1,28639822,2615,0.0762,0.6235,3.1454,0.1322,,,,587,35,0.215,0.787
alice,1,28639822,2616,0.0898,0.6504,3.3589,0.1322,,,,585,20,0.217,0.657
alice,1,28639822,2617,0.08,0.6753,3.4476,0.1322,,,,589,17,0.222,0.679
alice,1,28639822,2618,0.0669,0.705,3.35,0.1322,,,,586,16,0.224,0.674
alice,1,28639822,2619,0.083,0.6709,3.3123,0.1322,,,,598,13,0.227,0.535
alice,1,28639822,2620,0.053,0.6966,3.3125,0.1322,,,,585,27,0.218,0.62
alice,1,28639822,2621,0.0628,0.708,3.4049,0.1322,,,,583,24,0.222,0.636
alice,1,28639822,2622,0.0739,0.6276,3.2652,0.1322,,,,588,32,0.216,0.745
alice,1,28639822,2623,0.1046,0.5682,3.1087,0.1322,,,,598,18,0.223,0.695
alice,1,28639822,2624,0.0615,0.5972,3.2078,0.1322,,,,589,19,0.22,0.766
alice,1,28639822,2625,0.0592,0.6157,3.2625,0.1322,,,,588,13,0.221,0.612
alice,1,28639822,2626,0.0716,0.5473,2.9394,0.1322,,,,605,10,0.228,0.718
alice,1,28639822,2627,0.0763,0.5843,3.1216,0.1322,,,,579,17,0.229,0.607
alice,1,28639822,2628,0.0794,0.6256,3.4637,0.1322,,,,577,27,0.226,0.652
alice,1,28639822,2629,0.0747,0.5731,3.0657,0.1322,,,,587,19,0.229,0.821
alice,1,28639822,2630,0.0832,0.5689,2.9674,0.1322,,,,597,20,0.23,0.692
alice,1,28639822,2631,0.0816,0.6163,3.1912,0.1322,,,,585,18,0.225,0.614
alice,1,28639822,2632,0.0623,0.648,3.1875,0.1322,,,,586,22,0.212,0.666
alice,1,28639822,2633,0.0912,0.6465,3.3571,0.1322,,,,599,23,0.214,0.607
alice,1,28639822,2634,0.0817,0.6409,3.3523,0.1322,,,,582,28,0.213,0.701
alice,1,28639822,2635,0.0808,0.6026,3.1502,0.1322,,,,592,27,0.222,0.688
alice,1,28639822,2636,0.096,0.5944,3.2731,0.1322,,,,598,19,0.223,0.589
alice,1,28639822,2637,0.0902,0.5744,3.168,0.1322,,,,570,21,0.223,0.814
alice,1,28639822,2638,0.0891,0.6284,3.3527,0.1322,,,,583,12,0.22,0.656
alice,1,28639822,2639,0.0844,0.608,3.1798,0.1322,,,,587,14,0.225,0.712
alice,1,28639822,2640,0.0633,0.6182,3.1637,0.1322,,,,579,23,0.223,0.821
alice,1,28639822,2641,0.0815,0.6297,3.2553,0.1322,,,,596,24,0.227,0.714
alice,1,28639822,2642,0.0606,0.6588,3.1614,0.1322,,,,586,15,0.219,0.649
alice,1,28639822,2643,0.0683,0.5728,3.0714,0.1322,,,,600,27,0.214,0.824
alice,1,28639822,2644,0.0843,0.649,3.4022,0.1322,,,,576,11,0.22,0.648
alice,1,28639822,2645,0.0843,0.6376,3.2326,0.1322,,,,587,27,0.222,0.641
alice,1,28639822,2646,0.0993,0.6615,3.4764,0.1322,,,,584,19,0.225,0.594
alice,1,28639822,2647,0.0759,0.6453,3.3274,0.1322,,,,589,12,0.233,0.635
alice,1,28639822,2648,0.0511,0.6887,3.5161,0.1322,,,,590,15,0.227,0.716
alice,1,28639822,2649,0.0457,0.7036,3.4126,0.1322,,,,576,27,0.213,0.748
alice,1,28639822,2650,0.0595,0.6401,3.1107,0.1322,,,,604,28,0.211,0.639
alice,1,28639822,2651,0.0964,0.658,3.2585,0.1322,,,,588,20,0.231,0.604
alice,1,28639822,2652,0.0787,0.6188,3.0404,0.1322,,,,599,17,0.224,0.621
alice,1,28639822,2653,0.0631,0.6223,3.1,0.1322,,,,595,20,0.218,0.546
alice,1,28639822,2654,0.0738,0.6291,3.125,0.1322,,,,599,30,0.212,0.559
alice,1,28639822,2655,0.0792,0.658,3.2219,0.1322,,,,602,22,0.212,0.76
alice,1,28639822,2656,0.0716,0.6884,3.3605,0.1322,,,,583,20,0.22,0.707
alice,1,28639822,2657,0.0827,0.7325,3.4768,0.1322,,,,587,15,0.221,0.681
alice,1,28639822,2658,0.0828,0.7051,3.47,0.1322,,,,586,24,0.218,0.61
alice,1,28639822,2659,0.1026,0.666,3.2739,0.1322,,,,593,20,0.219,0.801
alice,1,28639822,2660,0.0637,0.6463,3.2252,0.1322,,,,609,18,0.209,0.724
alice,1,28639822,2661,0.0649,0.636,3.0949,0.1322,,,,592,16,0.22,0.519
alice,1,28639822,2662,0.0774,0.6132,3.1225,0.1322,,,,597,28,0.205,0.628
alice,1,28639822,2663,0.0726,0.6634,3.1186,0.1322,,,,599,20,0.21,0.589
alice,1,28639822,2664,0.0936,0.7026,3.4286,0.1322,,,,587,13,0.224,0.549
alice,1,28639822,2665,0.0782,0.713,3.3961,0.1322,,,,591,18,0.224,0.627
alice,1,28639822,2666,0.0728,0.7157,3.4545,0.1322,,,,591,19,0.217,0.624
alice,1,28639822,2667,0.0963,0.6921,3.5567,0.1322,,,,582,18,0.222,0.638
alice,1,28639822,2668,0.0884,0.6774,3.4787,0.1322,,,,580,19,0.21,0.633
alice,1,28639822,2669,0.089,0.636,3.4333,0.1322,,,,592,22,0.212,0.641
alice,1,28639822,2670,0.0754,0.6246,3.2418,0.1322,,,,588,19,0.223,0.683
alice,1,28639822,2671,0.0855,0.6427,3.2545,0.1322,,,,582,21,0.219,0.649
alice,1,28639822,2672,0.0772,0.5751,2.9244,0.1322,,,,599,23,0.22,0.791
alice,1,28639822,2673,0.0746,0.6863,3.3099,0.1322,,,,583,20,0.223,0.669
alice,1,28639822,2674,0.0742,0.6352,3.2899,0.1322,,,,590,26,0.219,0.601
alice,1,28639822,2675,0.0782,0.6766,3.3333,0.1322,,,,583,11,0.228,0.637
alice,1,28639822,2676,0.0533,0.7254,3.5911,0.1322,,,,573,16,0.224,0.694
alice,1,28639822,2677,0.0522,0.7097,3.4894,0.1322,,,,580,22,0.213,0.527
alice,1,28639822,2678,0.0681,0.6356,3.097,0.1322,,,,595,28,0.214,0.638
alice,1,28639822,2679,0.0804,0.6406,3.3286,0.1322,,,,590,32,0.219,0.583
alice,1,28639822,2680,0.0605,0.6204,3.0717,0.1322,,,,592,27,0.216,0.621
alice,1,28639822,2681,0.0704,0.6956,3.4815,0.1322,,,,576,19,0.229,0.73
alice,1,28639822,2682,0.0871,0.6564,3.3643,0.1322,,,,579,12,0.223,0.741
alice,1,28639822,2683,0.0789,0.6446,3.2937,0.1322,,,,603,21,0.219,0.736
alice,1,28639822,2684,0.0894,0.617,3.3125,0.1322,,,,596,15,0.214,0.696
alice,1,28639822,2685,0.0868,0.5848,3.1634,0.1322,,,,569,27,0.203,0.498
alice,1,28639822,2686,0.0802,0.6174,3.2948,0.1322,,,,588,21,0.218,0.668
alice,1,28639822,2687,0.0815,0.6116,3.2776,0.1322,,,,585,25,0.222,0.7
alice,1,28639822,2688,0.0841,0.6572,3.5364,0.1322,,,,571,15,0.227,0.661
alice,1,28639822,2689,0.1157,0.6557,3.5774,0.1322,,,,584,11,0.235,0.579
alice,1,28639822,2690,0.0713,0.6314,3.3778,0.1322,,,,583,11,0.224,0.655
alice,1,28646357,2691,0.1379,1.0816,3.9801,0.1322,,,,610,31,0.208,0.561
alice,1,28646357,2692,0.146,0.8785,3.9756,0.1322,,,,585,27,0.209,0.571
alice,1,28646357,2693,0.1625,0.8105,4.1279,0.1322,,,,571,13,0.217,0.651
alice,1,28646357,2694,0.1633,0.7456,4.0364,0.1322,,,,567,15,0.221,0.611
alice,1,28646357,2695,0.1247,0.6983,3.6167,0.1322,,,,569,18,0.213,0.681
alice,1,28646357,2696,0.1241,0.6807,3.6376,0.1322,,,,573,23,0.207,0.912
alice,1,28646357,2697,0.1476,0.6954,3.6895,0.1322,,,,585,10,0.211,0.578
alice,1,28646357,2698,0.1305,0.6536,3.5741,0.1322,,,,584,13,0.203,0.514
alice,1,28646357,2699,0.1098,0.5903,3.3164,0.1322,,,,584,20,0.205,0.584
alice,1,28646357,2700,0.1107,0.5973,3.2453,0.1322,,,,580,19,0.211,0.645
alice,1,28646357,2701,0.0837,0.6485,3.4743,0.1322,,,,582,15,0.211,0.521
alice,1,28646357,2702,0.0568,0.5748,2.9695,0.1322,,,,599,24,0.206,0.615
alice,1,28646357,2703,0.0622,0.6513,3.21,0.1322,,,,592,14,0.204,0.765
alice,1,28646357,2704,0.0669,0.7387,3.622,0.1322,,,,578,22,0.212,0.655
alice,1,28646357,2705,0.0745,0.6934,3.4676,0.1322,,,,593,17,0.21,0.617
alice,1,28646357,2706,0.0637,0.6711,3.3253,0.1322,,,,587,26,0.209,0.891
alice,1,28646357,2707,0.0673,0.6272,3.1837,0.1322,,,,604,20,0.208,0.569
alice,1,28646357,2708,0.0904,0.6277,3.218,0.1322,,,,580,27,0.213,0.628
alice,1,28646357,2709,0.0825,0.6973,3.5651,0.1322,,,,579,10,0.218,0.606
alice,1,28646357,2710,0.1,0.6806,3.5758,0.1322,,,,569,16,0.217,0.644
alice,1,28646357,2711,0.086,0.6283,3.1787,0.1322,,,,590,21,0.21,0.639
alice,1,28646357,2712,0.102,0.6408,3.3594,0.1322,,,,588,20,0.216,0.624
alice,1,28646357,2713,0.0857,0.6687,3.5128,0.1322,,,,578,15,0.215,0.621
alice,1,28646357,2714,0.0975,0.6509,3.3985,0.1322,,,,588,24,0.21,0.602
alice,1,28646357,2715,0.0865,0.6691,3.4167,0.1322,,,,577,21,0.213,0.597
alice,1,28646357,2716,0.1036,0.6316,3.1753,0.1322,,,,609,14,0.225,0.645
alice,1,28646357,2717,0.0916,0.6602,3.4556,0.1322,,,,580,18,0.211,0.679
alice,1,28646357,2718,0.0992,0.6632,3.5074,0.1322,,,,585,19,0.215,0.719
alice,1,28646357,2719,0.0763,0.6778,3.5321,0.1322,,,,569,27,0.209,0.651
alice,1,28646357,2720,0.0892,0.6946,3.5536,0.1322,,,,577,28,0.215,0.598
alice,1,28646357,2721,0.09,0.585,2.9558,0.1322,,,,614,16,0.219,0.664
alice,1,28646357,2722,0.0773,0.6608,3.2386,0.1322,,,,595,10,0.216,0.535
alice,1,28646357,2723,0.0826,0.6211,3.1786,0.1322,,,,600,9,0.222,0.732
alice,1,28646357,2724,0.0683,0.6463,3.2308,0.1322,,,,583,21,0.217,0.544
alice,1,28646357,2725,0.0945,0.6618,3.225,0.1322,,,,590,18,0.226,0.715
alice,1,28646357,2726,0.0769,0.6739,3.2464,0.1322,,,,594,15,0.222,0.658
alice,1,28646357,2727,0.104,0.6915,3.6299,0.1322,,,,570,21,0.221,0.518
alice,1,28646357,2728,0.1027,0.6154,3.1733,0.1322,,,,588,24,0.214,0.672
alice,1,28646357,2729,0.0933,0.6984,3.5382,0.1322,,,,572,19,0.206,0.541
alice,1,28646357,2730,0.1144,0.6947,3.3913,0.1322,,,,582,33,0.202,0.684
alice,1,28646357,2731,0.1226,0.6724,3.3508,0.1322,,,,594,34,0.2,0.667
alice,1,28646357,2732,0.1258,0.6599,3.3472,0.1322,,,,602,20,0.215,0.655
alice,1,28646357,2733,0.1211,0.605,3.1449,0.1322,,,,597,16,0.22,0.594
alice,1,28646357,2734,0.1,0.6232,3.1782,0.1322,,,,585,11,0.214,0.621
alice,1,28646357,2735,0.0935,0.612,3.1388,0.1322,,,,595,26,0.211,0.641
alice,1,28646357,2736,0.1065,0.6625,3.2218,0.1322,,,,585,18,0.21,0.653
alice,1,28646357,2737,0.0911,0.6524,3.3608,0.1322,,,,590,20,0.209,0.523
alice,1,28646357,2738,0.0938,0.6522,3.2282,0.1322,,,,599,21,0.217,0.653
alice,1,28646357,2739,0.0751,0.6871,3.3799,0.1322,,,,578,30,0.214,0.709
alice,1,28646357,2740,0.1064,0.6425,3.1588,0.1322,,,,596,21,0.222,0.612
alice,1,28646357,2741,0.0893,0.6688,3.3728,0.1322,,,,598,14,0.211,0.483
alice,1,28646357,2742,0.0855,0.5988,3.0929,0.1322,,,,594,20,0.204,0.665
alice,1,28646357,2743,0.0943,0.6057,3.1709,0.1322,,,,592,24,0.212,0.526
alice,1,28646357,2744,0.113,0.6437,3.4259,0.1322,,,,571,21,0.214,0.702
alice,1,28646357,2745,0.1268,0.6282,3.3594,0.1322,,,,594,10,0.218,0.513
alice,1,28646357,2746,0.1009,0.6707,3.5458,0.1322,,,,580,19,0.221,0.621
alice,1,28646357,2747,0.1098,0.5758,3.0,0.1322,,,,598,25,0.212,0.641
alice,1,28646357,2748,0.1062,0.6011,3.0251,0.1322,,,,588,18,0.224,0.621
alice,1,28646357,2749,0.1161,0.6081,3.1475,0.1322,,,,597,20,0.225,0.528
alice,1,28646357,2750,0.1002,0.6183,3.3798,0.1322,,,,580,20,0.225,0.753
alice,1,28646357,2751,0.0758,0.6417,3.219,0.1322,,,,578,24,0.227,0.57
alice,1,28646357,2752,0.0866,0.6269,3.3933,0.1322,,,,593,19,0.223,0.663
alice,1,28646357,2753,0.0918,0.5779,3.0373,0.1322,,,,593,21,0.225,0.732
alice,1,28646357,2754,0.0842,0.6638,3.3259,0.1322,,,,581,22,0.225,0.627
alice,1,28646357,2755,0.0915,0.589,2.9354,0.1322,,,,602,26,0.209,0.567
alice,1,28646357,2756,0.0901,0.6497,3.295,0.1322,,,,594,23,0.209,0.506
alice,1,28646357,2757,0.0856,0.6354,3.2574,0.1322,,,,590,21,0.218,0.659
alice,1,28646357,2758,0.093,0.651,3.3457,0.1322,,,,585,21,0.224,0.555
alice,1,28646357,2759,0.0979,0.6676,3.2527,0.1322,,,,582,18,0.221,0.689
alice,1,28646357,2760,0.094,0.641,3.1847,0.1322,,,,600,18,0.219,0.711
alice,1,28646357,2761,0.069,0.6806,3.2847,0.1322,,,,584,21,0.209,0.546
alice,1,28646357,2762,0.0962,0.678,3.3492,0.1322,,,,596,15,0.223,0.802
alice,1,28646357,2763,0.077,0.7261,3.6863,0.1322,,,,560,29,0.22,0.686
alice,1,28646357,2764,0.1019,0.7091,3.6396,0.1322,,,,585,22,0.215,0.513
alice,1,28646357,2765,0.104,0.696,3.5465,0.1322,,,,580,16,0.223,0.516
alice,1,28646357,2766,0.1094,0.5824,2.8944,0.1322,,,,602,20,0.216,0.653
alice,1,28646357,2767,0.0879,0.6772,3.3569,0.1322,,,,578,17,0.215,0.622
alice,1,28646357,2768,0.0933,0.6363,3.1869,0.1322,,,,602,11,0.221,0.641
alice,1,28646357,2769,0.0763,0.6555,3.315,0.1322,,,,577,25,0.227,1.128
alice,1,28646357,2770,0.0831,0.7176,3.6752,0.1322,,,,575,18,0.221,0.736
alice,1,28646357,2771,0.0904,0.5824,3.1778,0.1322,,,,604,19,0.229,0.604
alice,1,28646357,2772,0.0744,0.6342,3.2808,0.1322,,,,574,18,0.223,0.552
alice,1,28646357,2773,0.1066,0.6377,3.3321,0.1322,,,,588,14,0.226,0.692
alice,1,28646357,2774,0.1037,0.5981,3.2444,0.1322,,,,599,14,0.227,0.66
alice,1,28646357,2775,0.0614,0.6001,3.189,0.1322,,,,583,20,0.218,0.618
alice,1,28646357,2776,0.0694,0.5526,2.9423,0.1322,,,,593,27,0.22,0.62
alice,1,28646357,2777,0.0726,0.6495,3.284,0.1322,,,,583,12,0.231,0.652
alice,1,28646357,2778,0.0576,0.5731,2.9698,0.1322,,,,584,24,0.228,0.628
alice,1,28646357,2779,0.0545,0.6581,3.3872,0.1322,,,,580,27,0.221,0.826
alice,1,28646357,2780,0.0858,0.6345,3.1018,0.1322,,,,590,21,0.219,0.785
alice,1,28646357,2781,0.0768,0.6472,3.1605,0.1322,,,,590,24,0.205,0.667
alice,1,28646357,2782,0.094,0.6617,3.2733,0.1322,,,,590,30,0.207,0.559
alice,1,28646357,2783,0.0998,0.6183,3.1086,0.1322,,,,620,23,0.206,0.608
alice,1,28646357,2784,0.0861,0.6686,3.3556,0.1322,,,,589,19,0.215,0.555
alice,1,28646357,2785,0.107,0.6541,3.4122,0.1322,,,,587,23,0.223,0.612
alice,1,28646357,2786,0.0864,0.6559,3.3613,0.1322,,,,583,23,0.218,0.635
alice,1,28646357,2787,0.0739,0.6511,3.2343,0.1322,,,,583,24,0.221,0.541
alice,1,28646357,2788,0.0557,0.6918,3.4508,0.1322,,,,587,19,0.216,0.643
alice,1,28646357,2789,0.0536,0.6676,3.4231,0.1322,,,,587,27,0.215,0.864
alice,1,28646357,2790,0.0708,0.6348,3.1707,0.1322,,,,596,24,0.223,0.676
alice,1,28646357,2791,0.0743,0.6911,3.3934,0.1322,,,,589,18,0.218,0.689
alice,1,28646357,2792,0.1054,0.5934,3.0139,0.1322,,,,595,22,0.207,0.687
alice,1,28646357,2793,0.0708,0.6542,3.2776,0.1322,,,,596,19,0.223,0.6
alice,1,28646357,2794,0.0794,0.7061,3.4982,0.1322,,,,576,10,0.224,0.595
alice,1,28646357,2795,0.0824,0.7052,3.5438,0.1322,,,,578,15,0.235,0.681
alice,1,28646357,2796,0.0715,0.6362,3.1993,0.1322,,,,603,15,0.226,0.642
alice,1,28646357,2797,0.096,0.6598,3.3688,0.1322,,,,581,19,0.223,0.69
alice,1,28646357,2798,0.0903,0.6104,3.1716,0.1322,,,,594,11,0.23,0.829
alice,1,28646357,2799,0.1074,0.6331,3.25,0.1322,,,,586,18,0.221,0.644
alice,1,28646357,2800,0.0694,0.6396,3.2251,0.1322,,,,582,14,0.226,0.679
alice,1,28646357,2801,0.0628,0.6219,3.1151,0.1322,,,,607,17,0.222,0.614
alice,1,28646357,2802,0.0493,0.6316,3.1181,0.1322,,,,584,23,0.222,0.674
alice,1,28646357,2803,0.0608,0.6237,3.0824,0.1322,,,,604,23,0.21,0.626
alice,1,28646357,2804,0.0712,0.5964,2.9742,0.1322,,,,591,17,0.221,0.703
alice,1,28646357,2805,0.0837,0.5512,2.9205,0.1322,,,,598,17,0.233,0.67
alice,1,28646357,2806,0.0549,0.6637,3.3258,0.1322,,,,577,16,0.237,0.717
alice,1,28646357,2807,0.0898,0.6286,3.1818,0.1322,,,,590,16,0.225,0.896
alice,1,28646357,2808,0.0856,0.6833,3.458,0.1322,,,,594,12,0.233,0.689
alice,1,28646357,2809,0.0798,0.6395,3.2695,0.1322,,,,584,19,0.226,0.828
alice,1,28646357,2810,0.0929,0.6513,3.3681,0.1322,,,,595,18,0.221,0.566
alice,1,28646357,2811,0.0823,0.6805,3.5341,0.1322,,,,576,17,0.222,0.624
alice,1,28646357,2812,0.0731,0.6435,3.1279,0.1322,,,,605,21,0.215,0.701
alice,1,28646357,2813,0.071,0.6603,3.3285,0.1322,,,,589,18,0.22,0.57
alice,1,28646357,2814,0.0584,0.6348,3.0934,0.1322,,,,589,20,0.228,0.606
alice,1,28646357,2815,0.0761,0.6168,3.0738,0.1322,,,,599,19,0.226,0.726
alice,1,28646357,2816,0.0924,0.6704,3.461,0.1322,,,,586,21,0.223,0.633
alice,1,28646357,2817,0.0696,0.6089,2.9313,0.1322,,,,600,22,0.218,0.747
alice,1,28646357,2818,0.0874,0.6355,3.1672,0.1322,,,,601,17,0.222,0.714
alice,1,28646357,2819,0.1106,0.6855,3.5632,0.1322,,,,580,18,0.229,0.783
alice,1,28646357,2820,0.0298,0.6695,3.4211,0.1322,,,,584,16,0.226,0.64
alice,1,28646357,2821,0.0337,0.6841,3.2986,0.1322,,,,583,18,0.227,0.658
alice,1,28646357,2822,0.0797,0.7168,3.5504,0.1322,,,,577,19,0.225,0.723
alice,1,28646357,2823,0.0529,0.7105,3.507,0.1322,,,,585,16,0.225,0.589
alice,1,28646357,2824,0.0696,0.639,3.0817,0.1322,,,,602,23,0.225,0.634
alice,1,28646357,2825,0.0988,0.6825,3.5224,0.1322,,,,586,18,0.229,0.725
alice,1,28646357,2826,0.0807,0.641,3.3358,0.1322,,,,578,17,0.224,0.65
alice,1,28646357,2827,0.0716,0.5682,2.8881,0.1322,,,,610,17,0.218,0.848
alice,1,28646357,2828,0.1069,0.6892,3.3883,0.1322,,,,583,15,0.228,0.654
alice,1,28646357,2829,0.0708,0.6415,3.1915,0.1322,,,,595,20,0.226,0.648
alice,1,28646357,2830,0.0686,0.6242,2.9798,0.1322,,,,594,21,0.234,0.653
alice,1,28646357,2831,0.0931,0.6225,3.0884,0.1322,,,,604,17,0.224,0.752
alice,1,28646357,2832,0.0761,0.6085,2.9796,0.1322,,,,599,18,0.228,0.665
alice,1,28646357,2833,0.0955,0.6702,3.2979,0.1322,,,,598,19,0.222,0.561
alice,1,28646357,2834,0.0784,0.6603,3.1775,0.1322,,,,586,19,0.234,0.658
alice,1,28646357,2835,0.0966,0.6061,3.0067,0.1322,,,,614,21,0.221,0.823
alice,1,28646357,2836,0.1193,0.5745,2.9496,0.1322,,,,608,18,0.233,0.683
alice,1,28646357,2837,0.0888,0.6543,3.2826,0.1322,,,,568,13,0.226,0.643
alice,1,28646357,2838,0.1083,0.6069,3.0828,0.1322,,,,612,19,0.219,0.739
alice,1,28646357,2839,0.069,0.6727,3.3772,0.1322,,,,583,13,0.224,0.663
alice,1,28646357,2840,0.0891,0.6758,3.3003,0.1322,,,,602,16,0.226,0.76
alice,1,28646357,2841,0.094,0.6181,3.1126,0.1322,,,,605,14,0.229,0.703
alice,1,28646357,2842,0.0404,0.7307,3.5072,0.1322,,,,574,16,0.222,0.67
alice,1,28646357,2843,0.0772,0.6562,3.1541,0.1322,,,,602,16,0.218,0.647
alice,1,28646357,2844,0.078,0.6911,3.2838,0.1322,,,,593,15,0.224,0.551
alice,1,28646357,2845,0.0933,0.7073,3.4381,0.1322,,,,601,12,0.23,0.785
alice,1,28646357,2846,0.093,0.612,3.2226,0.1322,,,,598,13,0.235,0.704
alice,1,28646357,2847,0.0863,0.5718,2.9481,0.1322,,,,606,18,0.224,0.646
alice,1,28646357,2848,0.1004,0.6671,3.5468,0.1322,,,,570,17,0.227,0.656
alice,1,28646357,2849,0.0944,0.6228,3.2626,0.1322,,,,597,18,0.226,0.762
alice,1,28646357,2850,0.0706,0.5973,2.9308,0.1322,,,,595,24,0.219,0.649
alice,1,28646357,2851,0.0869,0.6437,3.3709,0.1322,,,,593,16,0.234,0.754
alice,1,28646357,2852,0.0617,0.5903,2.9592,0.1322,,,,612,17,0.225,0.673
alice,1,28646357,2853,0.0688,0.6528,3.3895,0.1322,,,,583,16,0.227,0.625
alice,1,28646357,2854,0.0683,0.5974,3.0645,0.1322,,,,584,23,0.229,0.765
alice,1,28646357,2855,0.0816,0.7188,3.5276,0.1322,,,,586,15,0.227,0.668
alice,1,28646357,2856,0.0599,0.6692,3.5399,0.1322,,,,584,21,0.229,0.633
alice,1,28646357,2857,0.0736,0.5544,2.942,0.1322,,,,605,23,0.226,0.694
alice,1,28646357,2858,0.0551,0.6432,3.1399,0.1322,,,,584,20,0.22,0.652
alice,1,28646357,2859,0.0908,0.6521,3.1845,0.1322,,,,604,11,0.224,0.676
alice,1,28646357,2860,0.0985,0.6786,3.391,0.1322,,,,596,10,0.224,0.627
alice,1,28646357,2861,0.0589,0.7135,3.4637,0.1322,,,,582,10,0.216,0.608
alice,1,28646357,2862,0.0757,0.6713,3.109,0.1322,,,,608,13,0.224,0.841
alice,1,28646357,2863,0.0942,0.6737,3.3108,0.1322,,,,603,17,0.231,0.68
alice,1,28646357,2864,0.0541,0.7057,3.4386,0.1322,,,,565,22,0.219,0.672
alice,1,28646357,2865,0.0922,0.6758,3.288,0.1322,,,,607,18,0.227,0.575
alice,1,28646357,2866,0.0758,0.715,3.3482,0.1322,,,,593,16,0.226,0.591
alice,1,28646357,2867,0.0705,0.7187,3.4885,0.1322,,,,594,15,0.229,0.618
alice,1,28646357,2868,0.0791,0.6733,3.3966,0.1322,,,,593,16,0.231,0.749
alice,1,28646357,2869,0.0597,0.7189,3.6836,0.1322,,,,575,23,0.229,0.819
alice,1,28646357,2870,0.0738,0.6528,3.0984,0.1322,,,,598,18,0.223,0.718
alice,1,28646357,2871,0.0773,0.6392,3.2604,0.1322,,,,598,19,0.226,0.787
alice,1,28646357,2872,0.1007,0.6112,3.1354,0.1322,,,,598,16,0.229,0.795
alice,1,28646357,2873,0.0915,0.5878,3.0951,0.1322,,,,610,14,0.24,0.741
alice,1,28646357,2874,0.0541,0.5848,3.0882,0.1322,,,,600,11,0.237,0.686
alice,1,28646357,2875,0.0645,0.5986,3.135,0.1322,,,,589,19,0.225,0.894
alice,1,28646357,2876,0.0669,0.6055,3.101,0.1322,,,,584,19,0.23,0.685
alice,1,28646357,2877,0.07,0.5859,2.9933,0.1322,,,,608,25,0.225,0.662
alice,1,28646357,2878,0.0665,0.6057,3.117,0.1322,,,,598,26,0.225,0.658
alice,1,28646357,2879,0.049,0.5825,2.9381,0.1322,,,,599,15,0.23,0.821
alice,1,28646357,2880,0.0599,0.6394,3.1797,0.1322,,,,592,16,0.235,0.714
alice,1,28646357,2881,0.0553,0.6212,3.2344,0.1322,,,,606,22,0.235,0.603
alice,1,28646357,2882,0.0462,0.6507,3.0809,0.1322,,,,587,19,0.233,0.688
alice,1,28646357,2883,0.0507,0.61,3.0143,0.1322,,,,595,21,0.227,0.684
alice,1,28646357,2884,0.0688,0.6324,3.1491,0.1322,,,,593,14,0.227,0.798
alice,1,28646357,2885,0.0724,0.5815,2.9891,0.1322,,,,601,15,0.237,0.664
alice,1,28646357,2886,0.0617,0.6003,2.9348,0.1322,,,,584,18,0.232,0.677
alice,1,28646357,2887,0.0761,0.6142,3.0734,0.1322,,,,599,13,0.235,0.791
alice,1,28646357,2888,0.0882,0.6158,3.1348,0.1322,,,,602,14,0.235,0.736
alice,1,28646357,2889,0.0972,0.6789,3.4981,0.1322,,,,577,14,0.229,0.627
alice,1,28646357,2890,0.1063,0.6496,3.2883,0.1322,,,,587,11,0.233,0.631
alice,1,28646357,2891,0.0601,0.6424,3.2441,0.1322,,,,601,17,0.217,0.654
alice,1,28646357,2892,0.0776,0.6144,3.0891,0.1322,,,,603,17,0.231,0.621
alice,1,28646357,2893,0.0659,0.6492,3.2021,0.1322,,,,598,19,0.228,0.569
alice,1,28646357,2894,0.0795,0.6574,3.3403,0.1322,,,,589,18,0.228,0.613
alice,1,28646357,2895,0.0684,0.6634,3.2095,0.1322,,,,597,12,0.23,0.74
alice,1,28646357,2896,0.0919,0.651,3.2449,0.1322,,,,596,16,0.236,0.604
alice,1,28646357,2897,0.0493,0.6491,3.1745,0.1322,,,,597,25,0.222,0.611
alice,1,28646357,2898,0.1001,0.6237,3.1818,0.1322,,,,597,21,0.229,0.61
alice,1,28646357,2899,0.076,0.6191,3.2878,0.1322,,,,593,12,0.236,0.772
alice,1,28646357,2900,0.0636,0.6038,3.129,0.1322,,,,590,23,0.231,0.772
alice,1,28646357,2901,0.0694,0.628,3.0903,0.1322,,,,592,13,0.228,0.752
alice,1,28646357,2902,0.0703,0.6502,3.2388,0.1322,,,,603,10,0.238,0.726
alice,1,28646357,2903,0.0631,0.7191,3.4874,0.1322,,,,572,19,0.231,0.708
alice,1,28646357,2904,0.0734,0.6951,3.5846,0.1322,,,,584,13,0.238,0.676
alice,1,28646357,2905,0.0796,0.6188,3.2014,0.1322,,,,597,18,0.228,0.769
alice,1,28646357,2906,0.0772,0.5697,2.8908,0.1322,,,,604,17,0.226,0.796
alice,1,28646357,2907,0.0741,0.6687,3.3574,0.1322,,,,583,21,0.237,0.829
alice,1,28646357,2908,0.0613,0.7215,3.4377,0.1322,,,,587,17,0.229,0.683
alice,1,28646357,2909,0.0797,0.6686,3.2259,0.1322,,,,592,12,0.231,0.683
alice,1,28646357,2910,0.0637,0.7194,3.4567,0.1322,,,,598,12,0.232,0.773
alice,1,28646357,2911,0.0844,0.707,3.3922,0.1322,,,,603,9,0.242,0.747
alice,1,28646357,2912,0.0662,0.698,3.4083,0.1322,,,,588,11,0.231,0.569
alice,1,28646357,2913,0.0827,0.6582,3.2203,0.1322,,,,598,15,0.232,0.781
alice,1,28646357,2914,0.0506,0.6321,3.149,0.1322,,,,598,20,0.226,0.639
alice,1,28646357,2915,0.0786,0.5952,3.1084,0.1322,,,,607,21,0.227,0.649
alice,1,28646357,2916,0.0976,0.6485,3.2261,0.1322,,,,590,15,0.234,0.606
alice,1,28646357,2917,0.0971,0.6438,3.2827,0.1322,,,,594,13,0.238,0.678
alice,1,28646357,2918,0.1024,0.6844,3.4626,0.1322,,,,585,9,0.239,0.709
alice,1,28646357,2919,0.0873,0.6704,3.302,0.1322,,,,593,15,0.232,0.877
alice,1,28646357,2920,0.0861,0.6232,3.0032,0.1322,,,,621,16,0.226,0.636
alice,1,28646357,2921,0.1028,0.6967,3.5535,0.1322,,,,583,13,0.236,0.716
alice,1,28646357,2922,0.0937,0.6668,3.417,0.1322,,,,586,8,0.246,0.643
alice,1,28646357,2923,0.0824,0.6898,3.4838,0.1322,,,,576,12,0.245,0.734
alice,1,28646357,2924,0.0604,0.6631,3.4613,0.1322,,,,590,20,0.227,0.631
alice,1,28646357,2925,0.0839,0.6408,3.3235,0.1322,,,,595,15,0.227,0.636
alice,1,28646357,2926,0.0626,0.6553,3.355,0.1322,,,,576,12,0.241,0.74
alice,1,28646357,2927,0.0993,0.6381,3.2862,0.1322,,,,589,14,0.24,0.595
alice,1,28646357,2928,0.0958,0.6186,3.099,0.1322,,,,591,17,0.225,0.585
alice,1,28646357,2929,0.0737,0.6297,3.3038,0.1322,,,,592,19,0.228,0.673
alice,1,28646357,2930,0.0862,0.6347,3.2027,0.1322,,,,607,11,0.233,0.754
alice,1,28646357,2931,0.0889,0.6632,3.3701,0.1322,,,,593,14,0.237,0.595
alice,1,28646357,2932,0.0686,0.6895,3.4357,0.1322,,,,584,17,0.228,0.666
alice,1,28646357,2933,0.1093,0.5933,3.0475,0.1322,,,,602,17,0.231,0.684
alice,1,28646357,2934,0.0888,0.6537,3.4816,0.1322,,,,586,15,0.244,0.777
alice,1,28646357,2935,0.0695,0.6712,3.3846,0.1322,,,,581,22,0.233,0.67
alice,1,28646357,2936,0.0866,0.6522,3.209,0.1322,,,,601,20,0.229,0.622
alice,1,28646357,2937,0.1151,0.6777,3.3156,0.1322,,,,604,8,0.228,0.667
alice,1,28646357,2938,0.1208,0.6532,3.3322,0.1322,,,,586,12,0.242,0.754
alice,1,28646357,2939,0.0794,0.6712,3.5884,0.1322,,,,582,15,0.232,0.674
alice,1,28646357,2940,0.062,0.6546,3.278,0.1322,,,,596,14,0.236,0.626
alice,1,28646357,2941,0.0895,0.6371,3.3022,0.1322,,,,592,18,0.238,0.812
alice,1,28646357,2942,0.0825,0.6436,3.3321,0.1322,,,,593,10,0.236,0.766
alice,1,28646357,2943,0.0799,0.6587,3.4197,0.1322,,,,585,15,0.24,0.607
alice,1,28646357,2944,0.0731,0.6609,3.318,0.1322,,,,585,19,0.239,0.802
alice,1,28646357,2945,0.0985,0.6157,3.1224,0.1322,,,,603,17,0.23,0.642
alice,1,28646357,2946,0.0949,0.5908,2.9262,0.1322,,,,604,17,0.219,0.594
alice,1,28646357,2947,0.0709,0.6522,3.3525,0.1322,,,,588,15,0.23,0.787
alice,1,28646357,2948,0.0529,0.6235,3.1276,0.1322,,,,594,17,0.221,0.637
alice,1,28646357,2949,0.0854,0.6501,3.4353,0.1322,,,,593,18,0.223,0.61
alice,1,28646357,2950,0.0618,0.6333,3.0959,0.1322,,,,599,11,0.225,0.589
alice,1,28646357,2951,0.0787,0.6052,2.987,0.1322,,,,612,16,0.223,0.625
alice,1,28646357,2952,0.0451,0.6424,3.0456,0.1322,,,,599,18,0.224,0.82
alice,1,28646357,2953,0.0708,0.6784,3.1167,0.1322,,,,608,14,0.232,0.808
alice,1,28646357,2954,0.0623,0.6524,3.1944,0.1322,,,,596,19,0.233,0.558
alice,1,28646357,2955,0.0531,0.6674,3.2509,0.1322,,,,591,15,0.232,0.651
alice,1,28646357,2956,0.0576,0.6775,3.2466,0.1322,,,,597,8,0.247,0.848
alice,1,28646357,2957,0.0767,0.6963,3.2919,0.1322,,,,600,13,0.237,0.825
alice,1,28646357,2958,0.0547,0.6637,3.2801,0.1322,,,,598,12,0.23,0.676
bob,1,28624390,0,-0.0149,0.1083,0.52,,-0.9984,0.5,0.1032,,,,
bob,1,28624390,1,0.0008,0.0507,0.26,,-0.9987,0.4999,0.0334,,,,
bob,1,28624390,2,0.0004,0.0878,0.4,,-1.0065,0.4997,0.0588,,,,
bob,1,28624390,3,-0.0007,0.1082,0.5,,-1.0058,0.4996,0.0724,,,,
bob,1,28624390,4,-0.0004,0.0802,0.38,,-1.0324,0.4995,0.057,,,,
bob,1,28624390,5,-0.0016,0.1158,0.54,,-1.0003,0.4993,0.0785,,,,
bob,1,28624390,6,-0.0005,0.0657,0.32,,-1.0324,0.4992,0.0451,,,,
bob,1,28624390,7,-0.0001,0.0803,0.44,,-1.0248,0.4991,0.0638,,,,
bob,1,28624390,8,0.0001,0.1264,0.6,,-1.023,0.4989,0.0887,,,,
bob,1,28624390,9,-0.0006,0.1313,0.6,,-1.0206,0.4988,0.0867,,,,
bob,1,28624390,10,-0.0013,0.1045,0.48,,-0.9979,0.4987,0.0695,,,,
bob,1,28624390,11,0.0004,0.1101,0.5,,-1.0075,0.4985,0.0737,,,,
bob,1,28624390,12,0.0005,0.0971,0.44,,-1.0008,0.4984,0.066,,,,
bob,1,28624390,13,0.0006,0.0812,0.38,,-1.0248,0.4983,0.054,,,,
bob,1,28624390,14,-0.0007,0.106,0.54,,-0.9767,0.4981,0.0822,,,,
bob,1,28624390,15,-0.0006,0.1504,0.7000000000000001,,-1.0345,0.498,0.1006,,,,
bob,1,28624390,16,0.0006,0.1006,0.5,,-1.0499,0.4979,0.0703,,,,
bob,1,28624390,17,0.0001,0.0981,0.42,,-1.0521,0.4977,0.0614,,,,
bob,1,28624390,18,-0.0005,0.1178,0.52,,-1.0341,0.4976,0.0779,,,,
bob,1,28624390,19,0.0005,0.12,0.54,,-1.0498,0.4975,0.0784,,,,
bob,1,28624390,20,-0.0013,0.1111,0.54,,-1.0093,0.4973,0.0774,,,,
bob,1,28624390,21,-0.0001,0.1036,0.48,,-1.0639,0.4972,0.0693,,,,
bob,1,28624390,22,-0.0006,0.1555,0.6799999999999999,,-1.0588,0.4971,0.1031,,,,
bob,1,28624390,23,-0.0005,0.1175,0.52,,-1.0817,0.4969,0.0738,,,,
bob,1,28624390,24,-0.0004,0.1429,0.66,,-1.0489,0.4968,0.0993,,,,
bob,1,28624390,25,-0.0011,0.1118,0.52,,-1.0619,0.4967,0.0736,,,,
bob,1,28624390,26,-0.0003,0.0593,0.32,,-1.0547,0.4965,0.0465,,,,
bob,1,28624390,27,-0.0018,0.1107,0.5,,-1.0687,0.4964,0.0746,,,,
bob,1,28624390,28,-0.0011,0.0998,0.5,,-1.057,0.4963,0.0683,,,,
bob,1,28624390,29,-0.0012,0.1139,0.5599999999999999,,-1.0549,0.4961,0.0805,,,,
bob,1,28624390,30,-0.0002,0.0999,0.52,,-1.0937,0.496,0.0769,,,,
bob,1,28624390,31,-0.0008,0.085,0.42,,-1.0923,0.4959,0.0611,,,,
bob,1,28624390,32,-0.0003,0.134,0.64,,-1.0699,0.4957,0.0903,,,,
bob,1,28624390,33,-0.0037,0.0882,0.4,,-1.0718,0.4956,0.0583,,,,
bob,1,28624390,34,-0.0013,0.1312,0.66,,-1.1034,0.4955,0.096,,,,
bob,1,28624390,35,0.0001,0.1116,0.58,,-1.0621,0.4953,0.0833,,,,
bob,1,28624390,36,-0.0006,0.11,0.52,,-1.0712,0.4952,0.0762,,,,
bob,1,28624390,37,0.0001,0.1127,0.5599999999999999,,-1.0662,0.4951,0.0816,,,,
bob,1,28624390,38,0.0002,0.1211,0.6,,-1.1091,0.4949,0.0861,,,,
bob,1,28624390,39,-0.0007,0.1146,0.54,,-1.0978,0.4948,0.0761,,,,
bob,1,28624390,40,-0.0004,0.1455,0.74,,-1.1171,0.4947,0.1118,,,,
bob,1,28624390,41,0.0008,0.1248,0.62,,-1.0848,0.4945,0.0874,,,,
bob,1,28624390,42,-0.0001,0.1168,0.6,,-1.0971,0.4944,0.0847,,,,
bob,1,28624390,43,-0.0001,0.1037,0.5599999999999999,,-1.084,0.4943,0.0802,,,,
bob,1,28624390,44,-0.0017,0.1414,0.6799999999999999,,-1.0971,0.4941,0.0955,,,,
bob,1,28624390,45,-0.0005,0.1091,0.5599999999999999,,-1.057,0.494,0.0804,,,,
bob,1,28624390,46,-0.0021,0.0863,0.4,,-1.1073,0.4939,0.0552,,,,
bob,1,28624390,47,-0.0007,0.1029,0.54,,-1.0892,0.4937,0.0771,,,,
bob,1,28624390,48,-0.0001,0.0737,0.38,,-1.0761,0.4936,0.0532,,,,
bob,1,28624390,49,0.004,0.0807,0.44,,-1.0965,0.4935,0.0549,,,,
bob,1,28624390,50,0.0024,0.1073,0.52,,-1.1061,0.4933,0.0817,,,,
bob,1,28624390,51,0.0001,0.1256,0.6,,-1.1015,0.4932,0.0876,,,,
bob,1,28624390,52,0.0003,0.1322,0.7000000000000001,,-1.0821,0.4931,0.0981,,,,
bob,1,28624390,53,-0.0006,0.1095,0.5599999999999999,,-1.0881,0.4929,0.0787,,,,
bob,1,28624390,54,-0.0003,0.1016,0.54,,-1.0694,0.4928,0.0763,,,,
bob,1,28624390,55,-0.0005,0.0747,0.42,,-1.0784,0.4927,0.06,,,,
bob,1,28624390,56,0.0001,0.1035,0.52,,-1.0995,0.4925,0.0716,,,,
bob,1,28624390,57,-0.0005,0.0859,0.48,,-1.0761,0.4924,0.07,,,,
bob,1,28624390,58,0.0011,0.1029,0.54,,-1.1051,0.4923,0.0767,,,,
bob,1,28624390,59,0.001,0.0991,0.5,,-1.0954,0.4921,0.0732,,,,
bob,1,28624390,60,0.0002,0.0833,0.44,,-1.1022,0.492,0.0618,,,,
bob,1,28624390,61,0.0001,0.0867,0.44,,-1.0761,0.4919,0.0616,,,,
bob,1,28624390,62,0.0006,0.074,0.38,,-1.0958,0.4917,0.0552,,,,
bob,1,28624390,63,0.0007,0.0609,0.33999999999999997,,-1.099,0.4916,0.0464,,,,
bob,1,28624390,64,-0.0003,0.0815,0.38,,-1.1116,0.4915,0.0552,,,,
bob,1,28624390,65,-0.0012,0.0627,0.36,,-1.1087,0.4913,0.0482,,,,
bob,1,28624390,66,-0.0004,0.0715,0.42,,-1.095,0.4912,0.0559,,,,
bob,1,28624390,67,0.0001,0.0746,0.4,,-1.0991,0.4911,0.0557,,,,
bob,1,28624390,68,0.001,0.0802,0.44,,-1.1063,0.4909,0.0612,,,,
bob,1,28624390,69,-0.0001,0.1083,0.54,,-1.0755,0.4908,0.0771,,,,
bob,1,28624390,70,0.0009,0.1431,0.7799999999999999,,-1.0908,0.4907,0.1129,,,,
bob,1,28624390,71,0.0007,0.1004,0.54,,-1.1114,0.4905,0.0782,,,,
bob,1,28624390,72,-0.0003,0.086,0.45999999999999996,,-1.1004,0.4904,0.0605,,,,
bob,1,28624390,73,0.0003,0.0721,0.38,,-1.0777,0.4903,0.0512,,,,
bob,1,28624390,74,-0.0005,0.1163,0.64,,-1.0928,0.4901,0.0952,,,,
bob,1,28624390,75,-0.0001,0.1006,0.5,,-1.0923,0.49,0.0691,,,,
bob,1,28624390,76,0.0005,0.0861,0.44,,-1.1145,0.4899,0.0637,,,,
bob,1,28624390,77,-0.0,0.116,0.62,,-1.0768,0.4897,0.0854,,,,
bob,1,28624390,78,0.0004,0.0868,0.44,,-1.0932,0.4896,0.0622,,,,
bob,1,28624390,79,0.0002,0.0784,0.44,,-1.0968,0.4895,0.0611,,,,
bob,1,28624390,80,0.0007,0.092,0.48,,-1.0891,0.4893,0.0667,,,,
bob,1,28624390,81,0.0005,0.1004,0.5,,-1.078,0.4892,0.067,,,,
bob,1,28624390,82,0.0016,0.0757,0.38,,-1.0914,0.4891,0.0551,,,,
bob,1,28624390,83,-0.0001,0.0786,0.42,,-1.0785,0.4889,0.0563,,,,
bob,1,28624390,84,-0.0005,0.1001,0.5,,-1.1014,0.4888,0.0742,,,,
bob,1,28624390,85,-0.0003,0.0933,0.45999999999999996,,-1.0781,0.4887,0.0619,,,,
bob,1,28624390,86,0.0007,0.0586,0.36,,-1.0987,0.4885,0.0455,,,,
bob,1,28624390,87,-0.0003,0.0729,0.38,,-1.114,0.4884,0.051,,,,
bob,1,28624390,88,0.0001,0.1124,0.62,,-1.0817,0.4883,0.0859,,,,
bob,1,28624390,89,0.0003,0.0699,0.38,,-1.098,0.4881,0.0521,,,,
bob,1,28624390,90,-0.0014,0.0913,0.5,,-1.096,0.488,0.0698,,,,
bob,1,28624390,91,0.0003,0.0845,0.45999999999999996,,-1.1211,0.4879,0.0642,,,,
bob,1,28624390,92,-0.0001,0.0776,0.42,,-1.1007,0.4877,0.0535,,,,
bob,1,28624390,93,0.0007,0.1108,0.6,,-1.0968,0.4876,0.0878,,,,
bob,1,28624390,94,0.0013,0.1067,0.58,,-1.0994,0.4875,0.0798,,,,
bob,1,28624390,95,-0.0007,0.0775,0.42,,-1.0713,0.4873,0.0579,,,,
bob,1,28624390,96,0.0002,0.0876,0.52,,-1.0879,0.4872,0.0688,,,,
bob,1,28624390,97,0.0005,0.0957,0.52,,-1.0791,0.4871,0.0745,,,,
bob,1,28624390,98,0.0004,0.0821,0.45999999999999996,,-1.0755,0.4869,0.0628,,,,
bob,1,28624390,99,-0.0004,0.0755,0.4,,-1.0898,0.4868,0.0544,,,,
bob,1,28624390,100,0.0013,0.0698,0.36,,-1.0858,0.4867,0.0498,,,,
bob,1,28624390,101,0.0009,0.1296,0.72,,-1.0687,0.4865,0.1007,,,,
bob,1,28624390,102,0.0013,0.0808,0.45999999999999996,,-1.0459,0.4864,0.0645,,,,
bob,1,28624390,103,0.0005,0.1064,0.58,,-1.0646,0.4863,0.0829,,,,
bob,1,28624390,104,0.0,0.0735,0.38,,-1.0564,0.4861,0.0512,,,,
bob,1,28624390,105,0.0004,0.1019,0.54,,-1.0615,0.486,0.0764,,,,
bob,1,28624390,106,0.0008,0.1165,0.64,,-1.0434,0.4859,0.0872,,,,
bob,1,28624390,107,0.0011,0.1137,0.54,,-1.0461,0.4857,0.0759,,,,
bob,1,28624390,108,-0.0011,0.1301,0.64,,-1.0515,0.4856,0.0922,,,,
bob,1,28624390,109,0.0004,0.0971,0.5,,-1.0494,0.4855,0.0714,,,,
bob,1,28624390,110,-0.0003,0.0881,0.4,,-1.0426,0.4853,0.0568,,,,
bob,1,28624390,111,0.0015,0.1112,0.62,,-1.033,0.4852,0.0869,,,,
bob,1,28624390,112,-0.0001,0.1131,0.6,,-1.0436,0.4851,0.0839,,,,
bob,1,28624390,113,0.0012,0.0962,0.54,,-1.0436,0.4849,0.074,,,,
bob,1,28624390,114,0.001,0.0718,0.36,,-1.0401,0.4848,0.0499,,,,
bob,1,28624390,115,0.0007,0.103,0.54,,-1.0314,0.4847,0.0738,,,,
bob,1,28624390,116,0.001,0.0976,0.54,,-1.0398,0.4845,0.0774,,,,
bob,1,28624390,117,0.003,0.087,0.45999999999999996,,-1.0454,0.4844,0.0618,,,,
bob,1,28624390,118,0.0022,0.1133,0.66,,-1.0364,0.4843,0.0888,,,,
bob,1,28624390,119,-0.0007,0.0839,0.44,,-1.0402,0.4841,0.0594,,,,
bob,1,28624390,120,0.0034,0.0894,0.48,,-1.0392,0.484,0.065,,,,
bob,1,28624390,121,0.0015,0.0831,0.45999999999999996,,-1.04,0.4839,0.0633,,,,
bob,1,28624390,122,0.0033,0.0865,0.45999999999999996,,-1.0329,0.4837,0.0673,,,,
bob,1,28624390,123,0.0008,0.1047,0.54,,-1.0364,0.4836,0.0753,,,,
bob,1,28624390,124,0.0017,0.1131,0.62,,-1.0383,0.4835,0.0888,,,,
bob,1,28624390,125,0.0011,0.1214,0.66,,-1.0378,0.4833,0.0933,,,,
bob,1,28624390,126,0.0021,0.0912,0.44,,-1.036,0.4832,0.0662,,,,
bob,1,28624390,127,-0.0004,0.0833,0.44,,-1.0361,0.4831,0.0599,,,,
bob,1,28624390,128,0.0018,0.0956,0.5,,-1.0336,0.4829,0.0705,,,,
bob,1,28624390,129,-0.0001,0.0804,0.44,,-1.0367,0.4828,0.0596,,,,
bob,1,28624390,130,0.0018,0.0755,0.4,,-1.0363,0.4827,0.0567,,,,
bob,1,28624390,131,0.0007,0.0791,0.42,,-1.0366,0.4825,0.0584,,,,
bob,1,28624390,132,0.0002,0.1297,0.7000000000000001,,-1.0299,0.4824,0.0919,,,,
bob,1,28624390,133,0.0014,0.0933,0.45999999999999996,,-1.0333,0.4823,0.0662,,,,
bob,1,28624390,134,0.0015,0.131,0.7000000000000001,,-1.0338,0.4821,0.1034,,,,
bob,1,28624390,135,0.0009,0.0761,0.36,,-1.0377,0.482,0.0516,,,,
bob,1,28624390,136,0.0004,0.1006,0.54,,-1.0299,0.4819,0.0764,,,,
bob,1,28624390,137,0.0005,0.0868,0.44,,-1.0347,0.4817,0.0608,,,,
bob,1,28624390,138,0.0037,0.0654,0.36,,-1.0413,0.4816,0.049,,,,
bob,1,28624390,139,0.0025,0.1145,0.66,,-1.0366,0.4815,0.0925,,,,
bob,1,28624390,140,0.0004,0.0953,0.48,,-1.0387,0.4813,0.0658,,,,
bob,1,28624390,141,0.0002,0.084,0.45999999999999996,,-1.0362,0.4812,0.0642,,,,
bob,1,28624390,142,0.0016,0.1206,0.64,,-1.0327,0.4811,0.0891,,,,
bob,1,28624390,143,0.0005,0.0948,0.44,,-1.0319,0.4809,0.0609,,,,
bob,1,28624390,144,0.0044,0.0937,0.52,,-1.0351,0.4808,0.074,,,,
bob,1,28624390,145,0.0024,0.1149,0.6,,-1.0249,0.4807,0.0854,,,,
bob,1,28624390,146,0.0011,0.1206,0.62,,-1.038,0.4805,0.0893,,,,
bob,1,28624390,147,0.0037,0.1272,0.6799999999999999,,-1.034,0.4804,0.0976,,,,
bob,1,28624390,148,0.0021,0.0979,0.52,,-1.0367,0.4803,0.0711,,,,
bob,1,28624390,149,0.0025,0.112,0.58,,-1.0377,0.4801,0.0835,,,,
bob,1,28624390,150,0.0027,0.1396,0.72,,-1.0275,0.48,0.0998,,,,
bob,1,28624390,151,0.0009,0.116,0.58,,-1.0379,0.4799,0.0826,,,,
bob,1,28624390,152,0.0025,0.1088,0.5599999999999999,,-1.0378,0.4797,0.0812,,,,
bob,1,28624390,153,-0.0015,0.1195,0.58,,-1.0366,0.4796,0.0798,,,,
bob,1,28624390,154,0.0028,0.1117,0.58,,-1.0403,0.4795,0.0839,,,,
bob,1,28624390,155,0.0019,0.0934,0.44,,-1.0393,0.4793,0.0655,,,,
bob,1,28624390,156,0.0023,0.0754,0.4,,-1.0374,0.4792,0.058,,,,
bob,1,28624390,157,0.0035,0.0885,0.42,,-1.0444,0.4791,0.0614,,,,
bob,1,28624390,158,0.0023,0.0872,0.45999999999999996,,-1.0309,0.4789,0.0628,,,,
bob,1,28624390,159,0.0039,0.0835,0.44,,-1.0321,0.4788,0.0664,,,,
bob,1,28624390,160,0.0013,0.072,0.36,,-1.0401,0.4787,0.0502,,,,
bob,1,28624390,161,0.0013,0.1092,0.62,,-1.03,0.4785,0.087,,,,
bob,1,28624390,162,0.0008,0.0996,0.52,,-1.033,0.4784,0.073,,,,
bob,1,28624390,163,0.0043,0.1077,0.52,,-1.0381,0.4783,0.0708,,,,
bob,1,28624390,164,0.0003,0.1046,0.54,,-1.0377,0.4781,0.078,,,,
bob,1,28624390,165,0.0017,0.078,0.38,,-1.041,0.478,0.0542,,,,
bob,1,28624390,166,0.0025,0.081,0.42,,-1.0448,0.4779,0.0578,,,,
bob,1,28624390,167,0.0027,0.1146,0.58,,-1.0428,0.4777,0.0812,,,,
bob,1,28624390,168,0.0016,0.0976,0.54,,-1.0366,0.4776,0.0756,,,,
bob,1,28624390,169,0.0019,0.0994,0.54,,-1.0404,0.4775,0.0763,,,,
bob,1,28624390,170,0.0049,0.0828,0.44,,-1.0365,0.4773,0.0587,,,,
bob,1,28624390,171,0.0029,0.0936,0.5,,-1.0409,0.4772,0.0684,,,,
bob,1,28624390,172,0.0025,0.0889,0.45999999999999996,,-1.0387,0.4771,0.0634,,,,
bob,1,28624390,173,0.0054,0.0979,0.5599999999999999,,-1.0346,0.4769,0.0794,,,,
bob,1,28624390,174,0.0043,0.0983,0.54,,-1.0294,0.4768,0.0756,,,,
bob,1,28624390,175,0.0015,0.1059,0.54,,-1.0352,0.4767,0.0774,,,,
bob,1,28624390,176,0.0008,0.0812,0.4,,-1.0395,0.4765,0.057,,,,
bob,1,28624390,177,0.0033,0.085,0.48,,-1.0414,0.4764,0.0678,,,,
bob,1,28624390,178,0.0022,0.0878,0.42,,-1.0448,0.4763,0.0592,,,,
bob,1,28624390,179,0.0007,0.111,0.58,,-1.0416,0.4761,0.0801,,,,
bob,1,28624390,180,0.0009,0.1055,0.58,,-1.0265,0.476,0.0825,,,,
bob,1,28624390,181,0.0023,0.1191,0.62,,-1.0443,0.4759,0.0882,,,,
bob,1,28624390,182,0.0005,0.1127,0.5599999999999999,,-1.0481,0.4757,0.0817,,,,
bob,1,28624390,183,0.0052,0.0967,0.48,,-1.0412,0.4756,0.0653,,,,
bob,1,28624390,184,0.0032,0.1201,0.58,,-1.035,0.4755,0.0835,,,,
bob,1,28624390,185,0.0032,0.1011,0.54,,-1.0402,0.4753,0.0748,,,,
bob,1,28624390,186,0.0031,0.1217,0.62,,-1.025,0.4752,0.0891,,,,
bob,1,28624390,187,0.0044,0.0935,0.48,,-1.0358,0.4751,0.0668,,,,
bob,1,28624390,188,0.0002,0.116,0.6,,-1.0354,0.4749,0.0903,,,,
bob,1,28624390,189,0.0036,0.1045,0.54,,-1.0289,0.4748,0.0749,,,,
bob,1,28624390,190,0.0031,0.0992,0.54,,-1.041,0.4747,0.0773,,,,
bob,1,28624390,191,0.0019,0.111,0.62,,-1.0347,0.4745,0.0856,,,,
bob,1,28624390,192,0.0044,0.1061,0.5599999999999999,,-1.0331,0.4744,0.0795,,,,
bob,1,28624390,193,0.0009,0.0865,0.48,,-1.0326,0.4743,0.0688,,,,
bob,1,28624390,194,0.0056,0.1304,0.64,,-1.0347,0.4741,0.0937,,,,
bob,1,28624390,195,0.0049,0.0928,0.45999999999999996,,-1.0441,0.474,0.0643,,,,
bob,1,28624390,196,0.0048,0.0899,0.5,,-1.0337,0.4739,0.0699,,,,
bob,1,28624390,197,0.0036,0.104,0.5599999999999999,,-1.0413,0.4737,0.0774,,,,
bob,1,28624390,198,0.0039,0.0965,0.54,,-1.0389,0.4736,0.0768,,,,
bob,1,28624390,199,0.0007,0.1181,0.6,,-1.0325,0.4735,0.0857,,,,
bob,1,28624390,200,0.0058,0.0959,0.52,,-1.0406,0.4733,0.0731,,,,
bob,1,28624390,201,0.0033,0.0978,0.58,,-1.0392,0.4732,0.0801,,,,
bob,1,28624390,202,0.0009,0.1103,0.5599999999999999,,-1.0435,0.4731,0.0787,,,,
bob,1,28624390,203,0.0027,0.1219,0.66,,-1.0508,0.4729,0.0943,,,,
bob,1,28624390,204,0.0035,0.122,0.64,,-1.0386,0.4728,0.0888,,,,
bob,1,28624390,205,0.0022,0.0997,0.52,,-1.0258,0.4727,0.0737,,,,
bob,1,28624390,206,0.0063,0.0829,0.45999999999999996,,-1.0273,0.4725,0.062,,,,
bob,1,28624390,207,0.0062,0.101,0.52,,-1.0467,0.4724,0.0735,,,,
bob,1,28624390,208,0.0059,0.1089,0.5599999999999999,,-1.0317,0.4723,0.0807,,,,
bob,1,28624390,209,0.0057,0.1122,0.5599999999999999,,-1.0596,0.4721,0.0814,,,,
bob,1,28624390,210,0.0012,0.1045,0.52,,-1.0349,0.472,0.0699,,,,
bob,1,28624390,211,0.007,0.0885,0.44,,-1.035,0.4719,0.0602,,,,
bob,1,28624390,212,0.0058,0.0983,0.54,,-1.0421,0.4717,0.0773,,,,
bob,1,28624390,213,0.0071,0.093,0.5,,-1.0406,0.4716,0.0707,,,,
bob,1,28624390,214,0.0022,0.1072,0.54,,-1.0436,0.4715,0.0755,,,,
bob,1,28624390,215,0.0088,0.116,0.6,,-1.027,0.4713,0.0858,,,,
bob,1,28624390,216,0.0048,0.1023,0.54,,-1.0215,0.4712,0.0781,,,,
bob,1,28624390,217,0.0033,0.1262,0.7000000000000001,,-1.0429,0.4711,0.0988,,,,
bob,1,28624390,218,0.0026,0.1101,0.6,,-1.0346,0.4709,0.084,,,,
bob,1,28624390,219,0.0059,0.1079,0.58,,-1.0413,0.4708,0.0802,,,,
bob,1,28624390,220,0.0029,0.1014,0.5599999999999999,,-1.0485,0.4707,0.0799,,,,
bob,1,28624390,221,0.0018,0.1017,0.52,,-1.0373,0.4705,0.0752,,,,
bob,1,28624390,222,0.0017,0.1427,0.7799999999999999,,-1.0328,0.4704,0.1113,,,,
bob,1,28624390,223,0.0055,0.0869,0.42,,-1.0388,0.4703,0.058,,,,
bob,1,28624390,224,0.0047,0.0926,0.48,,-1.0495,0.4701,0.0663,,,,
bob,1,28624390,225,0.0013,0.0892,0.45999999999999996,,-1.0501,0.47,0.0643,,,,
bob,1,28624390,226,0.0032,0.064,0.36,,-1.0556,0.4699,0.0494,,,,
bob,1,28624390,227,0.0036,0.1052,0.52,,-1.0359,0.4697,0.0722,,,,
bob,1,28624390,228,0.0026,0.1053,0.52,,-1.0434,0.4696,0.0753,,,,
bob,1,28624390,229,0.0027,0.1027,0.52,,-1.0393,0.4695,0.0735,,,,
bob,1,28624390,230,0.0011,0.0792,0.45999999999999996,,-1.0323,0.4693,0.0634,,,,
bob,1,28624390,231,0.0013,0.0953,0.5,,-1.0484,0.4692,0.0716,,,,
bob,1,28624390,232,-0.0002,0.1001,0.54,,-1.0513,0.4691,0.0719,,,,
bob,1,28624390,233,0.0037,0.0761,0.4,,-1.0368,0.4689,0.0517,,,,
bob,1,28624390,234,0.0016,0.0828,0.42,,-1.0367,0.4688,0.0613,,,,
bob,1,28624390,235,0.0009,0.1067,0.5599999999999999,,-1.048,0.4687,0.0785,,,,
bob,1,28624390,236,0.0071,0.0974,0.52,,-1.0475,0.4685,0.0731,,,,
bob,1,28624390,237,0.0027,0.1052,0.54,,-1.0526,0.4684,0.0764,,,,
bob,1,28624390,238,0.0046,0.0823,0.42,,-1.0495,0.4683,0.057,,,,
bob,1,28624390,239,0.0047,0.1197,0.62,,-1.0451,0.4681,0.0907,,,,
bob,1,28624390,240,0.0037,0.0673,0.4,,-1.0448,0.468,0.0528,,,,
bob,1,28624390,241,0.0029,0.1029,0.6,,-1.0348,0.4679,0.087,,,,
bob,1,28624390,242,0.0013,0.0884,0.48,,-1.0338,0.4677,0.0626,,,,
bob,1,28624390,243,0.0003,0.0968,0.48,,-1.0497,0.4676,0.0675,,,,
bob,1,28624390,244,0.0042,0.1097,0.5599999999999999,,-1.0485,0.4675,0.0832,,,,
bob,1,28624390,245,0.0048,0.1083,0.5599999999999999,,-1.0416,0.4673,0.0782,,,,
bob,1,28624390,246,0.0021,0.1077,0.5599999999999999,,-1.0459,0.4672,0.0802,,,,
bob,1,28624390,247,0.0013,0.0821,0.42,,-1.053,0.4671,0.0579,,,,
bob,1,28624390,248,0.0008,0.0971,0.5,,-1.0613,0.4669,0.0691,,,,
bob,1,28624390,249,0.0035,0.1257,0.64,,-1.0616,0.4668,0.0902,,,,
bob,1,28624390,250,0.0013,0.1016,0.52,,-1.0393,0.4667,0.0722,,,,
bob,1,28624390,251,0.0038,0.1206,0.66,,-1.0398,0.4665,0.092,,,,
bob,1,28624390,252,0.0072,0.1003,0.5599999999999999,,-1.0494,0.4664,0.0777,,,,
bob,1,28624390,253,0.0029,0.0883,0.48,,-1.0482,0.4663,0.0637,,,,
bob,1,28624390,254,0.0051,0.1089,0.58,,-1.0463,0.4661,0.0794,,,,
bob,1,28624390,255,0.0076,0.098,0.48,,-1.0427,0.466,0.0654,,,,
bob,1,28624390,256,0.0011,0.1389,0.7000000000000001,,-1.0416,0.4659,0.098,,,,
bob,1,28624390,257,0.0072,0.1005,0.54,,-1.0359,0.4657,0.0736,,,,
bob,1,28624390,258,0.0031,0.1,0.54,,-1.0532,0.4656,0.0772,,,,
bob,1,28624390,259,0.0085,0.0912,0.52,,-1.0507,0.4655,0.0657,,,,
bob,1,28624390,260,0.0103,0.1233,0.64,,-1.0356,0.4653,0.0915,,,,
bob,1,28624390,261,0.0032,0.0945,0.52,,-1.0289,0.4652,0.0737,,,,
bob,1,28624390,262,0.0014,0.0959,0.48,,-1.0328,0.4651,0.0663,,,,
bob,1,28624390,263,0.0086,0.0961,0.54,,-1.0389,0.4649,0.0755,,,,
bob,1,28624390,264,0.0011,0.0729,0.36,,-1.0564,0.4648,0.05,,,,
bob,1,28624390,265,0.0028,0.122,0.64,,-1.0581,0.4647,0.0907,,,,
bob,1,28624390,266,0.0064,0.0968,0.48,,-1.0496,0.4645,0.0685,,,,
bob,1,28624390,267,0.0029,0.0793,0.4,,-1.0419,0.4644,0.0545,,,,
bob,1,28624390,268,0.0023,0.1001,0.52,,-1.0431,0.4643,0.0726,,,,
bob,1,28624390,269,0.0027,0.1031,0.52,,-1.0407,0.4641,0.0755,,,,
bob,1,28624390,270,0.0021,0.095,0.52,,-1.0333,0.464,0.0732,,,,
bob,1,28624390,271,0.0094,0.0844,0.4,,-1.0494,0.4639,0.0551,,,,
bob,1,28624390,272,0.0011,0.0793,0.42,,-1.0451,0.4637,0.0557,,,,
bob,1,28624390,273,0.0022,0.0991,0.5599999999999999,,-1.0496,0.4636,0.0791,,,,
bob,1,28624390,274,0.0009,0.0849,0.44,,-1.0559,0.4635,0.0602,,,,
bob,1,28624390,275,0.0034,0.1147,0.6,,-1.047,0.4633,0.086,,,,
bob,1,28624390,276,0.0002,0.1391,0.7000000000000001,,-1.048,0.4632,0.1028,,,,
bob,1,28624390,277,0.0074,0.1192,0.6799999999999999,,-1.0528,0.4631,0.0984,,,,
bob,1,28624390,278,0.005,0.0756,0.4,,-1.0399,0.4629,0.0547,,,,
bob,1,28624390,279,0.0016,0.1184,0.62,,-1.0513,0.4628,0.087,,,,
bob,1,28624390,280,0.0097,0.1114,0.6,,-1.0455,0.4627,0.083,,,,
bob,1,28624390,281,0.0053,0.0806,0.4,,-1.0502,0.4625,0.0554,,,,
bob,1,28624390,282,0.0022,0.1004,0.54,,-1.0321,0.4624,0.0733,,,,
bob,1,28624390,283,0.0049,0.1316,0.7000000000000001,,-1.0505,0.4623,0.1012,,,,
bob,1,28624390,284,0.0075,0.0919,0.45999999999999996,,-1.0607,0.4621,0.0634,,,,
bob,1,28624390,285,-0.0003,0.1114,0.58,,-1.0519,0.462,0.0794,,,,
bob,1,28624390,286,0.0057,0.092,0.48,,-1.0575,0.4619,0.0664,,,,
bob,1,28624390,287,0.0081,0.1153,0.62,,-1.0577,0.4617,0.0892,,,,
bob,1,28624390,288,0.003,0.1107,0.6,,-1.0604,0.4616,0.0867,,,,
bob,1,28624390,289,0.0012,0.1078,0.52,,-1.0561,0.4615,0.0735,,,,
bob,1,28624390,290,0.0027,0.1374,0.74,,-1.0472,0.4613,0.1071,,,,
bob,1,28624390,291,0.0028,0.1062,0.58,,-1.0476,0.4612,0.0825,,,,
bob,1,28624390,292,0.0011,0.0949,0.5,,-1.0467,0.4611,0.0707,,,,
bob,1,28624390,293,0.0085,0.0757,0.38,,-1.0349,0.4609,0.0495,,,,
bob,1,28624390,294,0.0039,0.0902,0.5,,-1.0566,0.4608,0.069,,,,
bob,1,28624390,295,0.0021,0.1084,0.6,,-1.0421,0.4607,0.0822,,,,
bob,1,28624390,296,0.0076,0.0984,0.5,,-1.0478,0.4605,0.0699,,,,
bob,1,28624390,297,0.0046,0.1074,0.54,,-1.0631,0.4604,0.0762,,,,
bob,1,28624390,298,0.0058,0.1074,0.62,,-1.0482,0.4603,0.0896,,,,
bob,1,28624390,299,0.0058,0.1047,0.5,,-1.0491,0.4601,0.0679,,,,
bob,1,28624390,300,0.0044,0.1241,0.6799999999999999,,-1.051,0.46,0.0992,,,,
bob,1,28624390,301,0.003,0.1022,0.58,,-1.0705,0.4599,0.0811,,,,
bob,1,28624390,302,0.0038,0.1011,0.52,,-1.0536,0.4597,0.072,,,,
bob,1,28624390,303,0.0003,0.1186,0.6,,-1.0444,0.4596,0.0862,,,,
bob,1,28624390,304,0.0007,0.1081,0.54,,-1.0353,0.4595,0.0766,,,,
bob,1,28624390,305,0.0027,0.0905,0.48,,-1.0613,0.4593,0.064,,,,
bob,1,28624390,306,0.0016,0.0755,0.44,,-1.0545,0.4592,0.0573,,,,
bob,1,28624390,307,0.0079,0.1061,0.52,,-1.05,0.4591,0.0729,,,,
bob,1,28624390,308,0.0031,0.1268,0.64,,-1.0362,0.4589,0.0941,,,,
bob,1,28624390,309,0.003,0.0977,0.45999999999999996,,-1.0424,0.4588,0.0659,,,,
bob,1,28624390,310,0.0023,0.1125,0.62,,-1.0474,0.4587,0.0896,,,,
bob,1,28624390,311,0.0035,0.0873,0.48,,-1.0398,0.4585,0.0672,,,,
bob,1,28624390,312,0.0019,0.0847,0.4,,-1.0418,0.4584,0.0545,,,,
bob,1,28624390,313,0.0019,0.0995,0.52,,-1.0425,0.4583,0.0714,,,,
bob,1,28624390,314,0.0006,0.1196,0.62,,-1.0439,0.4581,0.0858,,,,
bob,1,28624390,315,0.0019,0.1049,0.54,,-1.0493,0.458,0.076,,,,
bob,1,28624390,316,0.0028,0.1089,0.54,,-1.0466,0.4579,0.0785,,,,
bob,1,28624390,317,0.0023,0.1147,0.64,,-1.044,0.4577,0.0955,,,,
bob,1,28624390,318,0.0026,0.0932,0.5,,-1.058,0.4576,0.0726,,,,
bob,1,28624390,319,0.0041,0.1098,0.58,,-1.053,0.4575,0.0801,,,,
bob,1,28624390,320,0.0014,0.1028,0.52,,-1.0458,0.4573,0.0711,,,,
bob,1,28624390,321,0.0022,0.0936,0.52,,-1.0378,0.4572,0.0681,,,,
bob,1,28624390,322,0.0023,0.0907,0.45999999999999996,,-1.0517,0.4571,0.0611,,,,
bob,1,28624390,323,0.0068,0.0785,0.42,,-1.0509,0.4569,0.0586,,,,
bob,1,28624390,324,0.0013,0.1037,0.5599999999999999,,-1.0613,0.4568,0.0771,,,,
bob,1,28624390,325,0.001,0.0747,0.4,,-1.0487,0.4567,0.0538,,,,
bob,1,28624390,326,0.0017,0.1093,0.6,,-1.0473,0.4565,0.0833,,,,
bob,1,28624390,327,0.0072,0.1097,0.6,,-1.043,0.4564,0.0843,,,,
bob,1,28624390,328,0.0065,0.0683,0.38,,-1.0474,0.4563,0.0512,,,,
bob,1,28624390,329,0.0062,0.0992,0.5,,-1.0514,0.4561,0.0703,,,,
bob,1,28624390,330,0.0013,0.0833,0.4,,-1.05,0.456,0.0548,,,,
bob,1,28624390,331,0.0063,0.1069,0.58,,-1.0412,0.4559,0.0825,,,,
bob,1,28624390,332,0.0086,0.1086,0.6,,-1.0397,0.4557,0.0859,,,,
bob,1,28624390,333,0.0028,0.0966,0.5,,-1.0492,0.4556,0.0669,,,,
bob,1,28624390,334,0.0053,0.0903,0.48,,-1.0558,0.4555,0.0653,,,,
bob,1,28624390,335,0.0087,0.0783,0.44,,-1.0498,0.4553,0.0572,,,,
bob,1,28624390,336,0.0063,0.0892,0.5,,-1.0515,0.4552,0.0679,,,,
bob,1,28624390,337,0.0068,0.0858,0.45999999999999996,,-1.0638,0.4551,0.0637,,,,
bob,1,28624390,338,0.0023,0.1061,0.5599999999999999,,-1.0212,0.4549,0.0766,,,,
bob,1,28624390,339,0.0031,0.1263,0.74,,-1.0212,0.4548,0.0996,,,,
bob,1,28624390,340,0.008,0.1194,0.62,,-1.0496,0.4547,0.0919,,,,
bob,1,28624390,341,0.0042,0.1003,0.5599999999999999,,-1.053,0.4545,0.0777,,,,
bob,1,28624390,342,0.0021,0.0986,0.54,,-1.0487,0.4544,0.0725,,,,
bob,1,28624390,343,0.007,0.0992,0.58,,-1.0672,0.4543,0.0777,,,,
bob,1,28624390,344,0.0018,0.0949,0.5,,-1.0584,0.4541,0.0688,,,,
bob,1,28624390,345,0.0049,0.0844,0.42,,-1.0402,0.454,0.0562,,,,
bob,1,28624390,346,0.0063,0.097,0.5,,-1.0495,0.4539,0.0738,,,,
bob,1,28624390,347,0.0023,0.1092,0.5599999999999999,,-1.0603,0.4537,0.0778,,,,
bob,1,28624390,348,0.0069,0.1075,0.6,,-1.0566,0.4536,0.083,,,,
bob,1,28624390,349,0.0053,0.1009,0.58,,-1.0572,0.4535,0.0789,,,,
bob,1,28624390,350,0.0018,0.1426,0.7799999999999999,,-1.0497,0.4533,0.1082,,,,
bob,1,28624390,351,0.0035,0.0842,0.42,,-1.0546,0.4532,0.0578,,,,
bob,1,28624390,352,0.0061,0.1054,0.5599999999999999,,-1.0548,0.4531,0.0744,,,,
bob,1,28624390,353,0.0013,0.0961,0.44,,-1.0424,0.4529,0.062,,,,
bob,1,28624390,354,0.0046,0.1208,0.66,,-1.0536,0.4528,0.0947,,,,
bob,1,28624390,355,0.0025,0.1169,0.62,,-1.0648,0.4527,0.085,,,,
bob,1,28624390,356,0.0019,0.1118,0.6,,-1.0512,0.4525,0.0819,,,,
bob,1,28624390,357,0.0025,0.11,0.5599999999999999,,-1.0619,0.4524,0.0772,,,,
bob,1,28624390,358,0.0005,0.0977,0.5599999999999999,,-1.0358,0.4523,0.078,,,,
bob,1,28624390,359,0.002,0.1069,0.52,,-1.0461,0.4521,0.0711,,,,
bob,1,28624390,360,0.0052,0.0923,0.52,,-1.0378,0.452,0.0694,,,,
bob,1,28624390,361,0.0023,0.0999,0.52,,-1.0516,0.4519,0.0721,,,,
bob,1,28624390,362,0.0034,0.0817,0.44,,-1.0424,0.4517,0.0578,,,,
bob,1,28624390,363,0.0025,0.103,0.5599999999999999,,-1.0402,0.4516,0.0768,,,,
bob,1,28624390,364,0.0022,0.1032,0.54,,-1.0487,0.4515,0.073,,,,
bob,1,28624390,365,0.0072,0.075,0.38,,-1.0557,0.4513,0.0479,,,,
bob,1,28624390,366,0.001,0.0993,0.5599999999999999,,-1.0499,0.4512,0.0745,,,,
bob,1,28624390,367,0.0024,0.1095,0.5599999999999999,,-1.0406,0.4511,0.0774,,,,
bob,1,28624390,368,0.0029,0.1034,0.58,,-1.048,0.4509,0.0807,,,,
bob,1,28624390,369,0.0043,0.089,0.45999999999999996,,-1.039,0.4508,0.0629,,,,
bob,1,28624390,370,0.0036,0.1119,0.64,,-1.0357,0.4507,0.0877,,,,
bob,1,28624390,371,0.004,0.1162,0.62,,-1.0423,0.4505,0.0876,,,,
bob,1,28624390,372,0.0015,0.0958,0.5599999999999999,,-1.0494,0.4504,0.0769,,,,
bob,1,28624390,373,0.0006,0.0986,0.44,,-1.0478,0.4503,0.0593,,,,
bob,1,28624390,374,0.0084,0.0857,0.5,,-1.0563,0.4501,0.0672,,,,
bob,1,28624390,375,0.0025,0.1091,0.62,,-1.0355,0.45,0.0857,,,,
bob,1,28624390,376,0.0041,0.1155,0.66,,-1.0461,0.4499,0.0882,,,,
bob,1,28624390,377,0.0069,0.0952,0.45999999999999996,,-1.0513,0.4497,0.0609,,,,
bob,1,28624390,378,0.0062,0.0952,0.52,,-1.0425,0.4496,0.0706,,,,
bob,1,28624390,379,0.0072,0.1122,0.66,,-1.058,0.4495,0.0888,,,,
bob,1,28624390,380,0.0021,0.0941,0.5,,-1.0343,0.4493,0.0676,,,,
bob,1,28624390,381,0.0028,0.1025,0.54,,-1.0366,0.4492,0.0718,,,,
bob,1,28624390,382,0.0028,0.091,0.48,,-1.0512,0.4491,0.0627,,,,
bob,1,28624390,383,0.0082,0.1112,0.64,,-1.0532,0.4489,0.084,,,,
bob,1,28624390,384,0.0039,0.1078,0.64,,-1.0468,0.4488,0.0865,,,,
bob,1,28624390,385,0.002,0.0981,0.52,,-1.0508,0.4487,0.0703,,,,
bob,1,28624390,386,0.0025,0.1192,0.66,,-1.0551,0.4485,0.0902,,,,
bob,1,28624390,387,0.0045,0.1074,0.62,,-1.0429,0.4484,0.0838,,,,
bob,1,28624390,388,0.0072,0.112,0.62,,-1.0386,0.4483,0.0853,,,,
bob,1,28624390,389,0.0062,0.1413,0.72,,-1.0438,0.4481,0.1016,,,,
bob,1,28624390,390,0.003,0.1463,0.7799999999999999,,-1.0421,0.448,0.11,,,,
bob,1,28624390,391,0.0029,0.1237,0.74,,-1.0422,0.4479,0.1012,,,,
bob,1,28624390,392,0.0039,0.1296,0.64,,-1.0379,0.4477,0.086,,,,
bob,1,28624390,393,0.0085,0.1049,0.54,,-1.0349,0.4476,0.0743,,,,
bob,1,28624390,394,0.0048,0.09,0.5,,-1.0392,0.4475,0.0683,,,,
bob,1,28624390,395,0.0067,0.1177,0.66,,-1.0422,0.4473,0.092,,,,
bob,1,28624390,396,0.0045,0.1211,0.6799999999999999,,-1.0471,0.4472,0.0918,,,,
bob,1,28624390,397,0.004,0.1386,0.8,,-1.0492,0.4471,0.1098,,,,
bob,1,28624390,398,0.0084,0.1062,0.54,,-1.0461,0.4469,0.0718,,,,
bob,1,28624390,399,0.0032,0.0842,0.45999999999999996,,-1.0378,0.4468,0.06,,,,
bob,1,28624390,400,0.0026,0.1025,0.52,,-1.0419,0.4467,0.0684,,,,
bob,1,28624390,401,0.0021,0.1205,0.66,,-1.0396,0.4465,0.0934,,,,
bob,1,28624390,402,0.0066,0.1152,0.58,,-1.0424,0.4464,0.0806,,,,
bob,1,28624390,403,0.0028,0.1066,0.5599999999999999,,-1.0418,0.4463,0.0772,,,,
bob,1,28624390,404,0.0015,0.1217,0.6799999999999999,,-1.0405,0.4461,0.096,,,,
bob,1,28624390,405,0.0045,0.1317,0.66,,-1.0414,0.446,0.087,,,,
bob,1,28624390,406,0.0041,0.1142,0.62,,-1.0321,0.4459,0.0856,,,,
bob,1,28624390,407,0.0048,0.1579,0.88,,-1.0367,0.4457,0.1219,,,,
bob,1,28624390,408,0.0046,0.141,0.76,,-1.0323,0.4456,0.1049,,,,
bob,1,28624390,409,0.0025,0.1263,0.6799999999999999,,-1.0343,0.4455,0.0934,,,,
bob,1,28624390,410,0.0022,0.1136,0.58,,-1.0293,0.4453,0.0781,,,,
bob,1,28624390,411,0.0048,0.1206,0.66,,-1.0421,0.4452,0.0922,,,,
bob,1,28624390,412,0.0067,0.1246,0.66,,-1.0295,0.4451,0.0895,,,,
bob,1,28624390,413,0.0044,0.1018,0.54,,-1.0296,0.4449,0.0741,,,,
bob,1,28624390,414,0.0056,0.1205,0.7000000000000001,,-1.0276,0.4448,0.0899,,,,
bob,1,28624390,415,0.0034,0.1374,0.7799999999999999,,-1.0332,0.4447,0.1089,,,,
bob,1,28624390,416,0.005,0.1362,0.76,,-1.0324,0.4445,0.1034,,,,
bob,1,28624390,417,0.0033,0.124,0.66,,-1.0362,0.4444,0.0902,,,,
bob,1,28624390,418,0.005,0.1467,0.76,,-1.0332,0.4443,0.1037,,,,
bob,1,28624390,419,0.0026,0.1171,0.66,,-1.0374,0.4441,0.0918,,,,
bob,1,28624390,420,0.0029,0.136,0.8,,-1.06,0.444,0.11,,,,
bob,1,28624390,421,0.0023,0.0867,0.52,,-1.0374,0.4439,0.0695,,,,
bob,1,28624390,422,0.0064,0.1319,0.64,,-1.0357,0.4437,0.0902,,,,
bob,1,28624390,423,0.0018,0.1074,0.64,,-1.0446,0.4436,0.0848,,,,
bob,1,28624390,424,0.0011,0.1113,0.62,,-1.043,0.4435,0.0816,,,,
bob,1,28624390,425,0.0051,0.1159,0.5599999999999999,,-1.0404,0.4433,0.0758,,,,
bob,1,28624390,426,0.0039,0.1138,0.6799999999999999,,-1.0438,0.4432,0.0931,,,,
bob,1,28624390,427,0.005,0.1282,0.76,,-1.0529,0.4431,0.1044,,,,
bob,1,28624390,428,0.002,0.1345,0.76,,-1.0401,0.4429,0.1065,,,,
bob,1,28624390,429,0.0015,0.1721,0.9199999999999999,,-1.039,0.4428,0.1228,,,,
bob,1,28624390,430,0.001,0.1672,0.88,,-1.0313,0.4427,0.1216,,,,
bob,1,28624390,431,0.0059,0.1515,0.8999999999999999,,-1.0264,0.4425,0.1255,,,,
bob,1,28624390,432,0.0034,0.1732,0.98,,-1.0518,0.4424,0.1381,,,,
bob,1,28624390,433,0.0051,0.1314,0.72,,-1.0357,0.4423,0.1,,,,
bob,1,28624390,434,0.0036,0.1271,0.7799999999999999,,-1.0315,0.4421,0.1065,,,,
bob,1,28624390,435,0.0015,0.1212,0.6799999999999999,,-1.0363,0.442,0.0934,,,,
bob,1,28624390,436,0.003,0.118,0.72,,-1.0543,0.4419,0.0946,,,,
bob,1,28624390,437,0.0054,0.1273,0.66,,-1.0478,0.4417,0.0911,,,,
bob,1,28624390,438,0.0052,0.1368,0.72,,-1.0387,0.4416,0.0983,,,,
bob,1,28624390,439,0.0045,0.1244,0.7000000000000001,,-1.0304,0.4415,0.0977,,,,
bob,1,28624390,440,0.0046,0.1179,0.58,,-1.0225,0.4413,0.0768,,,,
bob,1,28624390,441,0.0043,0.13,0.74,,-1.0335,0.4412,0.1016,,,,
bob,1,28624390,442,0.0054,0.1379,0.76,,-1.0401,0.4411,0.1047,,,,
bob,1,28624390,443,0.0077,0.1296,0.72,,-1.0367,0.4409,0.0967,,,,
bob,1,28624390,444,0.0021,0.1321,0.6799999999999999,,-1.0253,0.4408,0.0914,,,,
bob,1,28624390,445,0.0063,0.1204,0.66,,-1.0355,0.4407,0.0884,,,,
bob,1,28624390,446,0.0022,0.1243,0.64,,-1.0435,0.4405,0.0881,,,,
bob,1,28624390,447,0.0033,0.122,0.7000000000000001,,-1.0437,0.4404,0.0953,,,,
bob,1,28624390,448,0.0055,0.1344,0.8,,-1.0336,0.4403,0.1096,,,,
bob,1,28624390,449,0.0066,0.1283,0.76,,-1.0276,0.4401,0.1041,,,,
bob,1,28624390,450,0.0013,0.1268,0.6799999999999999,,-1.0342,0.44,0.0914,,,,
bob,1,28624390,451,0.0047,0.1119,0.58,,-1.0445,0.4399,0.078,,,,
bob,1,28624390,452,0.0073,0.1201,0.62,,-1.0412,0.4397,0.0832,,,,
bob,1,28624390,453,0.007,0.1326,0.72,,-1.0465,0.4396,0.0988,,,,
bob,1,28624390,454,0.0002,0.1518,0.8,,-1.0338,0.4395,0.1081,,,,
bob,1,28624390,455,0.002,0.1532,0.86,,-1.0454,0.4393,0.1153,,,,
bob,1,28624390,456,0.0007,0.1531,0.8200000000000001,,-1.0376,0.4392,0.112,,,,
bob,1,28624390,457,0.0057,0.1263,0.6799999999999999,,-1.041,0.4391,0.0906,,,,
bob,1,28624390,458,0.0041,0.1567,0.86,,-1.0419,0.4389,0.1202,,,,
bob,1,28624390,459,0.0043,0.1263,0.74,,-1.052,0.4388,0.1022,,,,
bob,1,28624390,460,0.0054,0.1444,0.8200000000000001,,-1.036,0.4387,0.1096,,,,
bob,1,28624390,461,0.002,0.1545,0.86,,-1.0489,0.4385,0.1202,,,,
bob,1,28624390,462,0.0024,0.1279,0.6799999999999999,,-1.0393,0.4384,0.0933,,,,
bob,1,28624390,463,0.0039,0.1358,0.7799999999999999,,-1.0432,0.4383,0.106,,,,
bob,1,28624390,464,0.0014,0.1191,0.62,,-1.0484,0.4381,0.0851,,,,
bob,1,28624390,465,0.0061,0.1481,0.8,,-1.0475,0.438,0.1109,,,,
bob,1,28624390,466,-0.0,0.1787,0.9199999999999999,,-1.0253,0.4379,0.1279,,,,
bob,1,28624390,467,0.0008,0.1388,0.8,,-1.0309,0.4377,0.1089,,,,
bob,1,28624390,468,0.0061,0.1218,0.66,,-1.0436,0.4376,0.0906,,,,
bob,1,28624390,469,0.0016,0.142,0.84,,-1.0368,0.4375,0.1149,,,,
bob,1,28624390,470,0.0009,0.1356,0.72,,-1.0374,0.4373,0.0973,,,,
bob,1,28624390,471,0.0017,0.1371,0.76,,-1.0377,0.4372,0.1044,,,,
bob,1,28624390,472,0.0054,0.1414,0.74,,-1.0392,0.4371,0.1006,,,,
bob,1,28624390,473,0.0015,0.1536,0.96,,-1.0382,0.4369,0.1259,,,,
bob,1,28624390,474,0.0054,0.0996,0.54,,-1.0299,0.4368,0.0726,,,,
bob,1,28624390,475,0.0044,0.1631,0.98,,-1.0384,0.4367,0.1357,,,,
bob,1,28624390,476,0.0013,0.1662,0.86,,-1.0305,0.4365,0.1187,,,,
bob,1,28624390,477,0.0056,0.1057,0.58,,-1.0154,0.4364,0.0774,,,,
bob,1,28624390,478,0.0046,0.1138,0.64,,-1.0208,0.4363,0.0872,,,,
bob,1,28624390,479,0.0074,0.1344,0.74,,-1.0344,0.4361,0.0989,,,,
bob,1,28624390,480,0.0084,0.1163,0.6799999999999999,,-1.0389,0.436,0.093,,,,
bob,1,28624390,481,0.0052,0.1214,0.64,,-1.0394,0.4359,0.0865,,,,
bob,1,28624390,482,0.006,0.1038,0.6,,-1.0429,0.4357,0.0814,,,,
bob,1,28624390,483,0.0081,0.1497,0.84,,-1.0436,0.4356,0.1141,,,,
bob,1,28624390,484,0.0025,0.1217,0.6799999999999999,,-1.0354,0.4355,0.0911,,,,
bob,1,28624390,485,0.0026,0.1372,0.74,,-1.037,0.4353,0.101,,,,
bob,1,28624390,486,0.0045,0.1175,0.62,,-1.0261,0.4352,0.084,,,,
bob,1,28624390,487,0.0071,0.1397,0.76,,-1.0371,0.4351,0.1013,,,,
bob,1,28624390,488,0.0084,0.1252,0.6799999999999999,,-1.0424,0.4349,0.0925,,,,
bob,1,28624390,489,0.0066,0.1137,0.7000000000000001,,-1.0385,0.4348,0.0934,,,,
bob,1,28624390,490,0.0041,0.1479,0.8,,-1.0395,0.4347,0.1096,,,,
bob,1,28624390,491,0.0076,0.1407,0.72,,-1.0243,0.4345,0.0986,,,,
bob,1,28624390,492,0.0042,0.1213,0.66,,-1.0379,0.4344,0.0862,,,,
bob,1,28624390,493,0.01,0.1091,0.64,,-1.0408,0.4343,0.0872,,,,
bob,1,28624390,494,0.0103,0.1366,0.7799999999999999,,-1.032,0.4341,0.1047,,,,
bob,1,28624390,495,0.0096,0.167,0.88,,-1.024,0.434,0.1209,,,,
bob,1,28624390,496,0.0058,0.14,0.76,,-1.0218,0.4339,0.1017,,,,
bob,1,28624390,497,0.0075,0.1233,0.64,,-1.0295,0.4337,0.0866,,,,
bob,1,28624390,498,0.0052,0.1314,0.72,,-1.0319,0.4336,0.099,,,,
bob,1,28624390,499,0.0043,0.1479,0.8200000000000001,,-1.0208,0.4335,0.1109,,,,
bob,1,28624390,500,0.003,0.1774,1.08,,-1.0279,0.4333,0.1484,,,,
bob,1,28624390,501,0.0011,0.1494,0.8999999999999999,,-1.0203,0.4332,0.124,,,,
bob,1,28624390,502,0.001,0.1709,1.0,,-1.0323,0.4331,0.1366,,,,
bob,1,28624390,503,0.004,0.1396,0.74,,-1.034,0.4329,0.1,,,,
bob,1,28624390,504,0.0018,0.1126,0.64,,-1.0346,0.4328,0.0846,,,,
bob,1,28624390,505,0.0052,0.1652,0.8999999999999999,,-1.0322,0.4327,0.1198,,,,
bob,1,28624390,506,0.0066,0.1371,0.8200000000000001,,-1.0309,0.4325,0.1128,,,,
bob,1,28624390,507,0.0029,0.146,0.84,,-1.0398,0.4324,0.113,,,,
bob,1,28624390,508,0.002,0.1422,0.76,,-1.0379,0.4323,0.1011,,,,
bob,1,28624390,509,0.0061,0.1559,0.76,,-1.0247,0.4321,0.1041,,,,
bob,1,28624390,510,0.0039,0.1593,0.96,,-1.0321,0.432,0.13,,,,
bob,1,28624390,511,0.0012,0.1288,0.76,,-1.0314,0.4319,0.0989,,,,
bob,1,28624390,512,0.0044,0.1395,0.84,,-1.031,0.4317,0.1157,,,,
bob,1,28624390,513,0.0092,0.1406,0.7799999999999999,,-1.0274,0.4316,0.1053,,,,
bob,1,28624390,514,0.0059,0.1214,0.76,,-1.0245,0.4315,0.1013,,,,
bob,1,28624390,515,0.0085,0.1396,0.72,,-1.0233,0.4313,0.0985,,,,
bob,1,28624390,516,0.0013,0.1365,0.7799999999999999,,-1.0242,0.4312,0.1058,,,,
bob,1,28624390,517,0.0068,0.1444,0.7799999999999999,,-1.0278,0.4311,0.1058,,,,
bob,1,28624390,518,0.004,0.1184,0.66,,-1.0268,0.4309,0.0895,,,,
bob,1,28624390,519,0.0041,0.1352,0.6799999999999999,,-1.0263,0.4308,0.0927,,,,
bob,1,28624390,520,0.0082,0.1525,0.84,,-1.0224,0.4307,0.1122,,,,
bob,1,28624390,521,0.0052,0.1621,0.84,,-1.0224,0.4305,0.1141,,,,
bob,1,28624390,522,0.004,0.1381,0.8200000000000001,,-1.0239,0.4304,0.1118,,,,
bob,1,28624390,523,0.0012,0.1425,0.76,,-1.0369,0.4303,0.1049,,,,
bob,1,28624390,524,0.0043,0.1356,0.8,,-1.0304,0.4301,0.1071,,,,
bob,1,28624390,525,0.0067,0.1513,0.7799999999999999,,-1.0339,0.43,0.1038,,,,
bob,1,28624390,526,0.0012,0.1663,0.9400000000000001,,-1.0329,0.4299,0.1269,,,,
bob,1,28624390,527,0.0016,0.1322,0.76,,-1.0313,0.4297,0.0989,,,,
bob,1,28624390,528,0.0089,0.1536,0.8,,-1.0292,0.4296,0.1083,,,,
bob,1,28624390,529,0.0041,0.1515,0.84,,-1.0253,0.4295,0.1131,,,,
bob,1,28624390,530,0.0041,0.1524,0.8999999999999999,,-1.0459,0.4293,0.121,,,,
bob,1,28624390,531,0.0034,0.1516,0.86,,-1.0372,0.4292,0.1128,,,,
bob,1,28624390,532,0.0041,0.1593,0.8999999999999999,,-1.0318,0.4291,0.1238,,,,
bob,1,28624390,533,0.0027,0.1421,0.84,,-1.0318,0.4289,0.1133,,,,
bob,1,28624390,534,0.0036,0.1415,0.8200000000000001,,-1.0402,0.4288,0.1105,,,,
bob,1,28624390,535,0.0017,0.1557,0.8200000000000001,,-1.0358,0.4287,0.1103,,,,
bob,1,28624390,536,0.0096,0.1381,0.8,,-1.0214,0.4285,0.1088,,,,
bob,1,28624390,537,0.0031,0.1403,0.84,,-1.0176,0.4284,0.1103,,,,
bob,1,28624390,538,0.0081,0.1365,0.76,,-1.0269,0.4283,0.1006,,,,
bob,1,28624390,539,0.0057,0.1499,0.8200000000000001,,-1.0345,0.4281,0.1139,,,,
bob,1,28624390,540,0.0068,0.1288,0.72,,-1.0217,0.428,0.0964,,,,
bob,1,28624390,541,0.0021,0.1569,0.88,,-1.0282,0.4279,0.1157,,,,
bob,1,28624390,542,0.0021,0.1446,0.8200000000000001,,-1.0292,0.4277,0.1141,,,,
bob,1,28624390,543,0.0036,0.1522,0.8,,-1.0274,0.4276,0.1087,,,,
bob,1,28624390,544,0.009,0.1675,1.0,,-1.0339,0.4275,0.1347,,,,
bob,1,28624390,545,0.0016,0.1645,0.8999999999999999,,-1.0197,0.4273,0.1212,,,,
bob,1,28624390,546,0.0094,0.1439,0.8200000000000001,,-1.0324,0.4272,0.1109,,,,
bob,1,28624390,547,0.0037,0.1535,0.84,,-1.0337,0.4271,0.1167,,,,
bob,1,28624390,548,0.0061,0.1346,0.74,,-1.0369,0.4269,0.0994,,,,
bob,1,28624390,549,0.0033,0.1196,0.6799999999999999,,-1.0314,0.4268,0.0878,,,,
bob,1,28624390,550,0.0032,0.1385,0.76,,-1.0307,0.4267,0.1017,,,,
bob,1,28624390,551,0.0049,0.1412,0.7799999999999999,,-1.0363,0.4265,0.1066,,,,
bob,1,28624390,552,0.0002,0.167,0.9199999999999999,,-1.0362,0.4264,0.1229,,,,
bob,1,28624390,553,0.0037,0.1586,0.84,,-1.0269,0.4263,0.1179,,,,
bob,1,28624390,554,0.0026,0.1587,0.8999999999999999,,-1.0211,0.4261,0.12,,,,
bob,1,28624390,555,0.0016,0.1467,0.84,,-1.0358,0.426,0.112,,,,
bob,1,28624390,556,0.0079,0.1455,0.84,,-1.0383,0.4259,0.1111,,,,
bob,1,28624390,557,0.0046,0.1421,0.8,,-1.0144,0.4257,0.1082,,,,
bob,1,28624390,558,0.0013,0.151,0.8200000000000001,,-1.014,0.4256,0.115,,,,
bob,1,28624390,559,0.0029,0.1814,1.02,,-1.0244,0.4255,0.1342,,,,
bob,1,28624390,560,0.0038,0.1745,0.98,,-1.0201,0.4253,0.1342,,,,
bob,1,28624390,561,0.0034,0.132,0.8,,-1.0207,0.4252,0.1118,,,,
bob,1,28624390,562,0.0021,0.1765,0.96,,-1.027,0.4251,0.1318,,,,
bob,1,28624390,563,0.0083,0.1488,0.76,,-1.032,0.4249,0.1029,,,,
bob,1,28624390,564,0.0006,0.1658,0.88,,-1.0225,0.4248,0.1197,,,,
bob,1,28624390,565,0.0027,0.1676,1.04,,-1.0244,0.4247,0.1383,,,,
bob,1,28624390,566,0.0081,0.1549,0.9199999999999999,,-1.0231,0.4245,0.1238,,,,
bob,1,28624390,567,0.0007,0.1319,0.74,,-1.0375,0.4244,0.0975,,,,
bob,1,28624390,568,0.0054,0.1529,0.84,,-1.035,0.4243,0.112,,,,
bob,1,28624390,569,0.0068,0.1795,1.06,,-1.0309,0.4241,0.1464,,,,
bob,1,28624390,570,0.0077,0.1644,0.9199999999999999,,-1.0422,0.424,0.1215,,,,
bob,1,28624390,571,0.0039,0.1518,0.8200000000000001,,-1.0231,0.4239,0.1128,,,,
bob,1,28624390,572,0.0039,0.1566,0.9400000000000001,,-1.0302,0.4237,0.1323,,,,
bob,1,28624390,573,0.002,0.1234,0.7000000000000001,,-1.0192,0.4236,0.0932,,,,
bob,1,28624390,574,0.0036,0.1151,0.7000000000000001,,-1.0147,0.4235,0.0948,,,,
bob,1,28624390,575,0.0079,0.1223,0.76,,-1.0146,0.4233,0.1029,,,,
bob,1,28624390,576,0.0051,0.1266,0.72,,-1.0204,0.4232,0.0945,,,,
bob,1,28624390,577,0.0066,0.1283,0.72,,-1.0286,0.4231,0.0945,,,,
bob,1,28624390,578,0.0085,0.1386,0.76,,-1.0217,0.4229,0.1008,,,,
bob,1,28624390,579,0.0032,0.1358,0.7799999999999999,,-1.0245,0.4228,0.1075,,,,
bob,1,28624390,580,0.003,0.168,0.96,,-1.0239,0.4227,0.13,,,,
bob,1,28624390,581,0.004,0.1755,1.0,,-1.0214,0.4225,0.1346,,,,
bob,1,28624390,582,0.0094,0.1566,0.96,,-1.0142,0.4224,0.1276,,,,
bob,1,28624390,583,0.0013,0.1562,0.9400000000000001,,-1.026,0.4223,0.1271,,,,
bob,1,28624390,584,0.0053,0.1647,0.98,,-1.0238,0.4221,0.1349,,,,
bob,1,28624390,585,0.0038,0.1686,0.9199999999999999,,-1.0258,0.422,0.1262,,,,
bob,1,28624390,586,0.0051,0.1776,0.9400000000000001,,-1.0244,0.4219,0.129,,,,
bob,1,28624390,587,0.0085,0.1389,0.7799999999999999,,-1.0298,0.4217,0.1046,,,,
bob,1,28624390,588,0.0055,0.1615,0.96,,-1.0356,0.4216,0.1295,,,,
bob,1,28624390,589,0.0059,0.1603,0.8200000000000001,,-1.0251,0.4215,0.1115,,,,
bob,1,28624390,590,0.0028,0.1718,0.9199999999999999,,-1.028,0.4213,0.1279,,,,
bob,1,28624390,591,0.0046,0.1618,0.9199999999999999,,-1.0261,0.4212,0.1226,,,,
bob,1,28624390,592,0.0085,0.1482,0.88,,-1.0289,0.4211,0.1164,,,,
bob,1,28624390,593,0.0099,0.1474,0.88,,-1.0227,0.4209,0.12,,,,
bob,1,28624390,594,0.0027,0.1809,0.96,,-1.0156,0.4208,0.1299,,,,
bob,1,28624390,595,0.0042,0.1728,0.98,,-1.0327,0.4207,0.1322,,,,
bob,1,28624390,596,0.0026,0.1475,0.7799999999999999,,-1.0296,0.4205,0.1066,,,,
bob,1,28624390,597,0.0022,0.1651,0.98,,-1.0283,0.4204,0.1323,,,,
bob,1,28624390,598,0.0078,0.1341,0.7799999999999999,,-1.0276,0.4203,0.1085,,,,
bob,1,28624390,599,0.0071,0.1105,0.5599999999999999,,-1.0213,0.4201,0.0716,,,,
bob,1,28624390,600,0.0054,0.1291,0.74,,-1.0408,0.42,0.1014,,,,
bob,1,28624390,601,0.0011,0.17,0.9400000000000001,,-1.0304,0.4199,0.1298,,,,
bob,1,28624390,602,0.0048,0.1683,1.0,,-1.0087,0.4197,0.1303,,,,
bob,1,28624390,603,0.0067,0.2003,1.06,,-1.0117,0.4196,0.1442,,,,
bob,1,28624390,604,0.0084,0.1679,0.9400000000000001,,-1.0223,0.4195,0.1241,,,,
bob,1,28624390,605,0.004,0.1762,1.04,,-1.0318,0.4193,0.1404,,,,
bob,1,28624390,606,0.0043,0.1545,0.84,,-1.0251,0.4192,0.1132,,,,
bob,1,28624390,607,0.0036,0.1421,0.84,,-1.0262,0.4191,0.1113,,,,
bob,1,28624390,608,0.0013,0.1687,1.0,,-1.0471,0.4189,0.1319,,,,
bob,1,28624390,609,0.0067,0.1589,0.88,,-1.0378,0.4188,0.1198,,,,
bob,1,28624390,610,0.0078,0.1293,0.8,,-1.0127,0.4187,0.1067,,,,
bob,1,28624390,611,0.0059,0.1796,0.96,,-1.0259,0.4185,0.1304,,,,
bob,1,28624390,612,0.0044,0.1737,0.98,,-1.0226,0.4184,0.1316,,,,
bob,1,28624390,613,0.0111,0.1548,0.88,,-1.0216,0.4183,0.1182,,,,
bob,1,28624390,614,0.0052,0.1529,0.88,,-1.0339,0.4181,0.1219,,,,
bob,1,28624390,615,0.0019,0.141,0.8200000000000001,,-1.0344,0.418,0.1115,,,,
bob,1,28624390,616,0.0034,0.1548,0.84,,-1.0143,0.4179,0.1113,,,,
bob,1,28624390,617,0.0086,0.1679,0.9199999999999999,,-1.0241,0.4177,0.1213,,,,
bob,1,28624390,618,0.0085,0.1581,0.88,,-1.0235,0.4176,0.119,,,,
bob,1,28624390,619,0.009,0.1638,0.98,,-1.0324,0.4175,0.135,,,,
bob,1,28624390,620,0.005,0.1925,1.0999999999999999,,-1.016,0.4173,0.1502,,,,
bob,1,28624390,621,0.004,0.1667,0.96,,-1.0195,0.4172,0.1291,,,,
bob,1,28624390,622,0.0032,0.1765,0.98,,-1.0097,0.4171,0.1285,,,,
bob,1,28624390,623,0.0087,0.1858,1.1400000000000001,,-1.0183,0.4169,0.154,,,,
bob,1,28624390,624,0.0101,0.1697,0.8999999999999999,,-1.0157,0.4168,0.1245,,,,
bob,1,28624390,625,0.005,0.1614,1.0,,-1.0197,0.4167,0.1374,,,,
bob,1,28624390,626,0.004,0.1655,0.9199999999999999,,-1.0222,0.4165,0.1255,,,,
bob,1,28624390,627,0.0053,0.1346,0.7799999999999999,,-1.0198,0.4164,0.1065,,,,
bob,1,28624390,628,0.006,0.1468,0.88,,-0.9988,0.4163,0.1192,,,,
bob,1,28624390,629,0.0037,0.1525,0.86,,-1.0112,0.4161,0.113,,,,
bob,1,28624390,630,0.0039,0.1623,0.96,,-1.0212,0.416,0.1257,,,,
bob,1,28624390,631,0.0025,0.1215,0.6799999999999999,,-1.0144,0.4159,0.0875,,,,
bob,1,28624390,632,0.0029,0.1425,0.7799999999999999,,-1.0195,0.4157,0.1056,,,,
bob,1,28624390,633,0.0039,0.1465,0.7799999999999999,,-1.0201,0.4156,0.1033,,,,
bob,1,28624390,634,0.0023,0.1483,0.86,,-1.0244,0.4155,0.116,,,,
bob,1,28624390,635,0.0074,0.1649,1.02,,-1.0268,0.4153,0.1355,,,,
bob,1,28624390,636,0.0045,0.1634,0.88,,-1.0179,0.4152,0.1172,,,,
bob,1,28624390,637,0.0087,0.1593,0.98,,-1.0293,0.4151,0.1311,,,,
bob,1,28624390,638,0.0064,0.1683,0.98,,-1.0219,0.4149,0.1336,,,,
bob,1,28624390,639,0.0063,0.1465,0.86,,-1.0101,0.4148,0.116,,,,
bob,1,28624390,640,0.009,0.1527,0.98,,-1.0184,0.4147,0.1317,,,,
bob,1,28624390,641,0.005,0.1623,0.8,,-1.0196,0.4145,0.1081,,,,
bob,1,28624390,642,0.0048,0.1606,0.98,,-1.0209,0.4144,0.1355,,,,
bob,1,28624390,643,0.0087,0.1374,0.76,,-1.0151,0.4143,0.1011,,,,
bob,1,28624390,644,0.0066,0.1316,0.74,,-1.0195,0.4141,0.0973,,,,
bob,1,28624390,645,0.01,0.1774,1.06,,-1.0114,0.414,0.1429,,,,
bob,1,28624390,646,0.0039,0.1622,0.8999999999999999,,-1.013,0.4139,0.1195,,,,
bob,1,28624390,647,0.003,0.155,0.8999999999999999,,-1.0213,0.4137,0.1208,,,,
bob,1,28624390,648,0.0076,0.1559,0.9199999999999999,,-1.0246,0.4136,0.1226,,,,
bob,1,28624390,649,0.0069,0.1453,0.84,,-1.0105,0.4135,0.112,,,,
bob,1,28624390,650,0.0036,0.1734,0.9400000000000001,,-1.0243,0.4133,0.1283,,,,
bob,1,28624390,651,0.0069,0.1478,0.84,,-1.0272,0.4132,0.1109,,,,
bob,1,28624390,652,0.0038,0.1701,1.0,,-1.0349,0.4131,0.1353,,,,
bob,1,28624390,653,0.0077,0.1567,0.9199999999999999,,-1.0151,0.4129,0.124,,,,
bob,1,28624390,654,0.0053,0.175,1.02,,-1.0233,0.4128,0.1353,,,,
bob,1,28624390,655,0.002,0.1493,0.88,,-1.0223,0.4127,0.1172,,,,
bob,1,28624390,656,0.0019,0.1489,0.9199999999999999,,-1.0251,0.4125,0.1233,,,,
bob,1,28624390,657,0.0047,0.1579,0.9199999999999999,,-1.0195,0.4124,0.1208,,,,
bob,1,28624390,658,0.007,0.1578,0.9199999999999999,,-1.029,0.4123,0.125,,,,
bob,1,28624390,659,0.0032,0.1526,0.7799999999999999,,-1.0233,0.4121,0.1061,,,,
bob,1,28624390,660,0.0007,0.1438,0.8,,-1.0206,0.412,0.1052,,,,
bob,1,28624390,661,0.0033,0.1806,1.06,,-1.0192,0.4119,0.1412,,,,
bob,1,28624390,662,0.007,0.1841,1.08,,-1.0245,0.4117,0.1444,,,,
bob,1,28624390,663,0.0032,0.1898,0.98,,-1.0206,0.4116,0.1311,,,,
bob,1,28624390,664,0.0064,0.1594,0.8200000000000001,,-1.0197,0.4115,0.1075,,,,
bob,1,28624390,665,0.0038,0.1783,1.08,,-1.0178,0.4113,0.1477,,,,
bob,1,28624390,666,0.0017,0.1634,0.86,,-1.025,0.4112,0.1155,,,,
bob,1,28624390,667,0.0075,0.1899,1.1199999999999999,,-1.0229,0.4111,0.1487,,,,
bob,1,28624390,668,0.0076,0.1761,1.08,,-1.0187,0.4109,0.1458,,,,
bob,1,28624390,669,0.0056,0.1535,0.8999999999999999,,-1.0272,0.4108,0.1189,,,,
bob,1,28624390,670,0.0042,0.173,0.96,,-1.028,0.4107,0.1305,,,,
bob,1,28624390,671,0.0029,0.1599,0.96,,-1.0228,0.4105,0.1281,,,,
bob,1,28624390,672,0.0042,0.1949,1.02,,-1.0262,0.4104,0.1367,,,,
bob,1,28624390,673,0.0044,0.1587,0.88,,-1.0193,0.4103,0.1183,,,,
bob,1,28624390,674,0.0073,0.1606,1.0,,-1.017,0.4101,0.1379,,,,
bob,1,28624390,675,0.0038,0.173,1.0999999999999999,,-1.011,0.41,0.1421,,,,
bob,1,28624390,676,0.0057,0.1615,0.98,,-1.0242,0.4099,0.1304,,,,
bob,1,28624390,677,0.0035,0.1517,0.8200000000000001,,-1.0187,0.4097,0.1088,,,,
bob,1,28624390,678,0.004,0.1803,1.04,,-1.0351,0.4096,0.1426,,,,
bob,1,28624390,679,0.0037,0.1809,1.1400000000000001,,-1.0241,0.4095,0.1483,,,,
bob,1,28624390,680,0.0055,0.1913,1.08,,-1.0206,0.4093,0.1423,,,,
bob,1,28624390,681,0.0039,0.169,1.02,,-1.0215,0.4092,0.1366,,,,
bob,1,28624390,682,0.0031,0.1828,1.0,,-1.0228,0.4091,0.1385,,,,
bob,1,28624390,683,0.0036,0.1595,0.98,,-1.0236,0.4089,0.1293,,,,
bob,1,28624390,684,0.005,0.1726,1.02,,-1.0164,0.4088,0.1354,,,,
bob,1,28624390,685,0.0024,0.1516,0.96,,-1.0253,0.4087,0.1281,,,,
bob,1,28624390,686,0.004,0.1695,0.98,,-1.0364,0.4085,0.1295,,,,
bob,1,28624390,687,0.0059,0.1395,0.74,,-1.0176,0.4084,0.0998,,,,
bob,1,28624390,688,0.009,0.1344,0.74,,-1.0203,0.4083,0.0977,,,,
bob,1,28624390,689,0.0038,0.1164,0.72,,-1.0322,0.4081,0.0956,,,,
bob,1,28624390,690,0.0058,0.164,0.9400000000000001,,-1.0344,0.408,0.126,,,,
bob,1,28624390,691,0.0052,0.1864,1.1400000000000001,,-1.0142,0.4079,0.1503,,,,
bob,1,28624390,692,0.0039,0.1658,0.86,,-1.0123,0.4077,0.1171,,,,
bob,1,28624390,693,0.0047,0.1505,0.9400000000000001,,-1.0195,0.4076,0.1255,,,,
bob,1,28624390,694,0.0061,0.1503,0.8200000000000001,,-1.0204,0.4075,0.1086,,,,
bob,1,28624390,695,0.0027,0.2091,1.16,,-1.0146,0.4073,0.158,,,,
bob,1,28624390,696,0.0063,0.1571,0.8200000000000001,,-1.0192,0.4072,0.1113,,,,
bob,1,28624390,697,0.0028,0.1534,0.8,,-1.0257,0.4071,0.1098,,,,
bob,1,28624390,698,0.0053,0.188,1.1400000000000001,,-1.0245,0.4069,0.1536,,,,
bob,1,28624390,699,0.0037,0.1449,0.86,,-1.0277,0.4068,0.1126,,,,
bob,1,28624390,700,0.0021,0.1838,1.1199999999999999,,-1.0311,0.4067,0.1468,,,,
bob,1,28624390,701,0.0039,0.178,0.96,,-1.0306,0.4065,0.1304,,,,
bob,1,28624390,702,0.0067,0.1898,1.06,,-1.0349,0.4064,0.145,,,,
bob,1,28624390,703,0.004,0.1712,0.8999999999999999,,-1.0206,0.4063,0.1202,,,,
bob,1,28624390,704,0.0024,0.1999,1.1400000000000001,,-1.0312,0.4061,0.1505,,,,
bob,1,28624390,705,0.0033,0.1678,1.1199999999999999,,-1.0301,0.406,0.1488,,,,
bob,1,28624390,706,0.0027,0.1818,1.08,,-1.0421,0.4059,0.1461,,,,
bob,1,28624390,707,0.002,0.1807,1.04,,-1.0288,0.4057,0.1375,,,,
bob,1,28624390,708,0.0058,0.1625,0.8999999999999999,,-1.0327,0.4056,0.1209,,,,
bob,1,28624390,709,0.0035,0.2013,1.16,,-1.0151,0.4055,0.1523,,,,
bob,1,28624390,710,0.0035,0.1706,1.0999999999999999,,-1.019,0.4053,0.1518,,,,
bob,1,28624390,711,0.005,0.1676,1.0,,-1.0221,0.4052,0.1328,,,,
bob,1,28624390,712,0.0038,0.1812,1.04,,-1.0203,0.4051,0.1402,,,,
bob,1,28624390,713,0.0046,0.1708,0.96,,-1.0219,0.4049,0.1259,,,,
bob,1,28624390,714,0.0033,0.1733,0.96,,-1.0192,0.4048,0.1269,,,,
bob,1,28624390,715,0.0049,0.1358,0.8,,-1.0234,0.4047,0.105,,,,
bob,1,28624390,716,0.0032,0.1633,1.0,,-1.0253,0.4045,0.1371,,,,
bob,1,28624390,717,0.003,0.1593,1.02,,-1.0195,0.4044,0.1352,,,,
bob,1,28624390,718,0.0062,0.1566,1.02,,-1.0243,0.4043,0.1341,,,,
bob,1,28624390,719,0.0049,0.1763,0.96,,-1.0196,0.4041,0.1271,,,,
bob,1,28624390,720,0.005,0.1652,0.98,,-1.0102,0.404,0.1307,,,,
bob,1,28624390,721,0.0069,0.1328,0.8,,-1.0273,0.4039,0.1033,,,,
bob,1,28624390,722,0.0045,0.1583,0.9199999999999999,,-1.0275,0.4037,0.1208,,,,
bob,1,28624390,723,0.0022,0.1784,0.98,,-1.0261,0.4036,0.1283,,,,
bob,1,28624390,724,0.0039,0.1832,1.1400000000000001,,-1.0214,0.4035,0.1521,,,,
bob,1,28624390,725,0.003,0.1476,0.84,,-1.0185,0.4033,0.1101,,,,
bob,1,28624390,726,0.0016,0.1761,0.9400000000000001,,-1.0193,0.4032,0.1231,,,,
bob,1,28624390,727,0.0023,0.1408,0.88,,-1.0211,0.4031,0.1134,,,,
bob,1,28624390,728,0.0044,0.1624,0.8999999999999999,,-1.0161,0.4029,0.1193,,,,
bob,1,28624390,729,0.0031,0.1889,1.16,,-1.0126,0.4028,0.1502,,,,
bob,1,28624390,730,0.003,0.1626,0.9199999999999999,,-1.0239,0.4027,0.1236,,,,
bob,1,28624390,731,0.0022,0.1818,1.06,,-1.0224,0.4025,0.1429,,,,
bob,1,28624390,732,0.0043,0.1828,1.1400000000000001,,-1.0271,0.4024,0.1476,,,,
bob,1,28624390,733,0.0051,0.1597,0.8999999999999999,,-1.0255,0.4023,0.1214,,,,
bob,1,28624390,734,0.0039,0.1591,0.98,,-1.019,0.4021,0.1305,,,,
bob,1,28624390,735,0.0006,0.1575,0.9400000000000001,,-1.0235,0.402,0.1255,,,,
bob,1,28624390,736,0.0051,0.1668,0.9400000000000001,,-1.0232,0.4019,0.1269,,,,
bob,1,28624390,737,0.0019,0.1774,1.02,,-1.0243,0.4017,0.132,,,,
bob,1,28624390,738,0.0029,0.2022,1.1199999999999999,,-1.0273,0.4016,0.1463,,,,
bob,1,28624390,739,0.0052,0.2015,1.1400000000000001,,-1.0257,0.4015,0.1525,,,,
bob,1,28624390,740,0.0043,0.1602,0.8999999999999999,,-1.0237,0.4013,0.1168,,,,
bob,1,28624390,741,0.006,0.1812,1.16,,-1.0281,0.4012,0.1524,,,,
bob,1,28624390,742,0.0041,0.1782,1.0999999999999999,,-1.0214,0.4011,0.1466,,,,
bob,1,28624390,743,0.0049,0.1805,1.04,,-1.0179,0.4009,0.1402,,,,
bob,1,28624390,744,0.0033,0.1577,0.9199999999999999,,-1.0215,0.4008,0.1224,,,,
bob,1,28624390,745,0.004,0.1784,1.0,,-1.0242,0.4007,0.1338,,,,
bob,1,28624390,746,0.005,0.1826,1.04,,-1.0322,0.4005,0.137,,,,
bob,1,28624390,747,0.0029,0.2149,1.32,,-1.0194,0.4004,0.1766,,,,
bob,1,28624390,748,0.0044,0.1839,0.96,,-1.0269,0.4003,0.1273,,,,
bob,1,28624390,749,0.0064,0.1647,0.9199999999999999,,-1.0229,0.4001,0.121,,,,
bob,1,28624390,750,0.0039,0.1459,0.84,,-1.0237,0.4,0.1107,,,,
bob,1,28624390,751,0.006,0.1687,0.9400000000000001,,-1.0272,0.3999,0.1215,,,,
bob,1,28624390,752,0.0036,0.175,0.96,,-1.0364,0.3997,0.1267,,,,
bob,1,28624390,753,0.0046,0.1925,1.0999999999999999,,-1.0398,0.3996,0.1467,,,,
bob,1,28624390,754,0.0037,0.1582,0.8999999999999999,,-1.0329,0.3995,0.1212,,,,
bob,1,28624390,755,0.0022,0.1887,1.02,,-1.0262,0.3993,0.1361,,,,
bob,1,28624390,756,0.0046,0.1576,0.98,,-1.0303,0.3992,0.1302,,,,
bob,1,28624390,757,0.005,0.1694,1.02,,-1.0274,0.3991,0.1351,,,,
bob,1,28624390,758,0.0032,0.1813,1.0999999999999999,,-1.0281,0.3989,0.148,,,,
bob,1,28624390,759,0.006,0.1688,1.04,,-1.0243,0.3988,0.137,,,,
bob,1,28624390,760,0.0049,0.153,0.88,,-1.0197,0.3987,0.1165,,,,
bob,1,28624390,761,0.0057,0.1671,0.98,,-1.015,0.3985,0.1305,,,,
bob,1,28624390,762,0.0048,0.1724,1.04,,-1.0138,0.3984,0.1338,,,,
bob,1,28624390,763,0.0045,0.2144,1.26,,-1.0309,0.3983,0.1676,,,,
bob,1,28624390,764,0.0036,0.1933,1.08,,-1.0211,0.3981,0.1453,,,,
bob,1,28624390,765,0.0056,0.1809,1.02,,-1.0142,0.398,0.1373,,,,
bob,1,28624390,766,0.0052,0.1967,1.16,,-1.0239,0.3979,0.1546,,,,
bob,1,28624390,767,0.0039,0.154,0.8999999999999999,,-1.0265,0.3977,0.1214,,,,
bob,1,28624390,768,0.0026,0.1964,1.06,,-1.0168,0.3976,0.137,,,,
bob,1,28624390,769,0.0059,0.1553,0.88,,-1.0104,0.3975,0.116,,,,
bob,1,28624390,770,0.0029,0.1601,0.9400000000000001,,-1.0147,0.3973,0.1267,,,,
bob,1,28624390,771,0.0053,0.1526,0.96,,-1.016,0.3972,0.1271,,,,
bob,1,28624390,772,0.0051,0.1705,0.98,,-1.0175,0.3971,0.1297,,,,
bob,1,28624390,773,0.0021,0.1567,1.02,,-1.0244,0.3969,0.1366,,,,
bob,1,28624390,774,0.0093,0.1883,1.0999999999999999,,-1.0085,0.3968,0.1468,,,,
bob,1,28624390,775,0.0044,0.2036,1.22,,-1.0245,0.3967,0.1607,,,,
bob,1,28624390,776,0.0058,0.2018,1.1400000000000001,,-1.0293,0.3965,0.1479,,,,
bob,1,28624390,777,0.0018,0.1924,1.0999999999999999,,-1.0294,0.3964,0.1455,,,,
bob,1,28624390,778,0.0009,0.1786,1.06,,-1.0305,0.3963,0.1434,,,,
bob,1,28624390,779,0.0057,0.173,0.98,,-1.031,0.3961,0.1275,,,,
bob,1,28624390,780,0.0047,0.1642,1.0,,-1.0202,0.396,0.1327,,,,
bob,1,28624390,781,0.0053,0.1605,0.8999999999999999,,-1.0234,0.3959,0.12,,,,
bob,1,28624390,782,0.0065,0.1522,0.96,,-1.0175,0.3957,0.1252,,,,
bob,1,28624390,783,0.007,0.1743,1.0,,-1.0227,0.3956,0.1365,,,,
bob,1,28624390,784,0.0051,0.1758,0.98,,-1.0383,0.3955,0.1283,,,,
bob,1,28624390,785,0.0031,0.1736,1.0,,-1.0255,0.3953,0.1307,,,,
bob,1,28624390,786,0.0053,0.1786,0.96,,-1.0207,0.3952,0.1302,,,,
bob,1,28624390,787,0.0044,0.1672,1.04,,-1.0216,0.3951,0.133,,,,
bob,1,28624390,788,0.0027,0.2016,1.1400000000000001,,-1.0245,0.3949,0.15,,,,
bob,1,28624390,789,0.003,0.1846,0.9400000000000001,,-1.0245,0.3948,0.1238,,,,
bob,1,28624390,790,0.0034,0.1851,1.02,,-1.0273,0.3947,0.1356,,,,
bob,1,28624390,791,0.004,0.1668,1.02,,-1.0233,0.3945,0.132,,,,
bob,1,28624390,792,0.0037,0.185,1.02,,-1.0176,0.3944,0.1344,,,,
bob,1,28624390,793,0.0034,0.1713,0.9400000000000001,,-1.0191,0.3943,0.125,,,,
bob,1,28624390,794,0.0072,0.1602,0.84,,-1.0093,0.3941,0.1105,,,,
bob,1,28624390,795,0.0023,0.1674,0.98,,-1.0281,0.394,0.1323,,,,
bob,1,28624390,796,0.0042,0.157,1.0,,-1.0303,0.3939,0.1318,,,,
bob,1,28624390,797,0.0056,0.1686,0.9199999999999999,,-1.0154,0.3937,0.1214,,,,
bob,1,28624390,798,0.005,0.2046,1.16,,-1.0248,0.3936,0.1507,,,,
bob,1,28624390,799,0.0029,0.1897,1.08,,-1.0214,0.3935,0.1442,,,,
bob,1,28624390,800,0.005,0.1681,0.9199999999999999,,-1.0352,0.3933,0.1219,,,,
bob,1,28624390,801,0.0056,0.1668,1.02,,-1.0372,0.3932,0.1364,,,,
bob,1,28624390,802,0.0056,0.1602,0.8999999999999999,,-1.0207,0.3931,0.1205,,,,
bob,1,28624390,803,0.0041,0.1573,0.9199999999999999,,-1.0268,0.3929,0.1213,,,,
bob,1,28624390,804,0.0059,0.1983,1.18,,-1.0175,0.3928,0.1576,,,,
bob,1,28624390,805,0.007,0.191,1.1199999999999999,,-1.0279,0.3927,0.1477,,,,
bob,1,28624390,806,0.0058,0.1902,1.04,,-1.0108,0.3925,0.1386,,,,
bob,1,28624390,807,0.0058,0.1827,1.06,,-1.0106,0.3924,0.1426,,,,
bob,1,28624390,808,0.0008,0.1708,1.08,,-1.015,0.3923,0.1418,,,,
bob,1,28624390,809,0.0042,0.1995,1.06,,-1.0229,0.3921,0.141,,,,
bob,1,28624390,810,0.0059,0.1624,1.0,,-1.022,0.392,0.1292,,,,
bob,1,28624390,811,0.0053,0.2132,1.3,,-1.0225,0.3919,0.1716,,,,
bob,1,28624390,812,0.0043,0.1923,1.08,,-1.0138,0.3917,0.145,,,,
bob,1,28624390,813,0.0081,0.1907,1.16,,-1.0168,0.3916,0.1505,,,,
bob,1,28624390,814,0.0057,0.1779,1.04,,-1.0226,0.3915,0.1378,,,,
bob,1,28624390,815,0.0043,0.1902,1.16,,-1.0306,0.3913,0.1519,,,,
bob,1,28624390,816,0.0055,0.1634,0.9400000000000001,,-1.0243,0.3912,0.1229,,,,
bob,1,28624390,817,0.0059,0.2384,1.34,,-1.021,0.3911,0.1813,,,,
bob,1,28624390,818,0.0026,0.1845,1.08,,-1.0278,0.3909,0.1434,,,,
bob,1,28624390,819,0.0016,0.1824,0.96,,-1.0349,0.3908,0.1248,,,,
bob,1,28624390,820,0.0086,0.2142,1.28,,-1.026,0.3907,0.1707,,,,
bob,1,28624390,821,0.0052,0.2007,1.16,,-1.0277,0.3905,0.1533,,,,
bob,1,28624390,822,0.0023,0.1852,1.1199999999999999,,-1.0234,0.3904,0.1509,,,,
bob,1,28624390,823,0.0053,0.226,1.34,,-1.0205,0.3903,0.1753,,,,
bob,1,28624390,824,0.0078,0.1909,1.08,,-1.0306,0.3901,0.141,,,,
bob,1,28624390,825,0.0084,0.1499,0.86,,-1.025,0.39,0.1143,,,,
bob,1,28624390,826,0.0068,0.1617,1.02,,-1.0165,0.3899,0.1356,,,,
bob,1,28624390,827,0.0026,0.1687,1.0,,-1.0146,0.3897,0.1302,,,,
bob,1,28624390,828,0.0088,0.1719,1.04,,-1.0246,0.3896,0.1327,,,,
bob,1,28624390,829,0.01,0.1647,0.96,,-1.0282,0.3895,0.1233,,,,
bob,1,28624390,830,0.0058,0.1615,0.9400000000000001,,-1.0195,0.3893,0.1257,,,,
bob,1,28624390,831,0.0032,0.1728,1.04,,-1.0276,0.3892,0.1336,,,,
bob,1,28624390,832,0.0032,0.1734,1.0999999999999999,,-1.0213,0.3891,0.1463,,,,
bob,1,28624390,833,0.0079,0.1886,1.0999999999999999,,-1.0177,0.3889,0.1472,,,,
bob,1,28624390,834,0.0116,0.1849,1.1400000000000001,,-1.0244,0.3888,0.1525,,,,
bob,1,28624390,835,0.0065,0.1634,0.86,,-1.011,0.3887,0.113,,,,
bob,1,28624390,836,0.0067,0.1742,1.0,,-1.0167,0.3885,0.1299,,,,
bob,1,28624390,837,0.0038,0.1835,1.06,,-1.0172,0.3884,0.1412,,,,
bob,1,28624390,838,0.0031,0.207,1.24,,-1.0101,0.3883,0.16,,,,
bob,1,28624390,839,0.0095,0.213,1.24,,-1.027,0.3881,0.1654,,,,
bob,1,28624390,840,0.0051,0.1718,1.08,,-1.0216,0.388,0.1429,,,,
bob,1,28624390,841,0.0075,0.1631,0.9400000000000001,,-1.0261,0.3879,0.1217,,,,
bob,1,28624390,842,0.0048,0.1995,1.1400000000000001,,-1.017,0.3877,0.1498,,,,
bob,1,28624390,843,0.0057,0.2193,1.4000000000000001,,-1.0287,0.3876,0.185,,,,
bob,1,28624390,844,0.005,0.1898,1.0999999999999999,,-1.0168,0.3875,0.1439,,,,
bob,1,28624390,845,0.0105,0.1895,1.1199999999999999,,-1.0179,0.3873,0.1461,,,,
bob,1,28624390,846,0.0083,0.1926,1.1400000000000001,,-1.0212,0.3872,0.1471,,,,
bob,1,28624390,847,0.0084,0.1808,1.1400000000000001,,-1.0253,0.3871,0.1507,,,,
bob,1,28624390,848,0.0044,0.1655,0.9199999999999999,,-1.0204,0.3869,0.1214,,,,
bob,1,28624390,849,0.0053,0.1991,1.28,,-1.034,0.3868,0.1676,,,,
bob,1,28624390,850,0.0012,0.173,1.0,,-1.0126,0.3867,0.1328,,,,
bob,1,28624390,851,0.0016,0.1969,1.22,,-1.0293,0.3865,0.1626,,,,
bob,1,28624390,852,0.0061,0.1685,1.04,,-1.0224,0.3864,0.1343,,,,
bob,1,28624390,853,0.0067,0.1987,1.2,,-1.0186,0.3863,0.1595,,,,
bob,1,28624390,854,0.0055,0.1981,1.18,,-1.0138,0.3861,0.1504,,,,
bob,1,28624390,855,0.0086,0.1941,1.1400000000000001,,-1.0228,0.386,0.1484,,,,
bob,1,28624390,856,0.0058,0.2089,1.32,,-1.024,0.3859,0.1747,,,,
bob,1,28624390,857,0.0079,0.2031,1.3,,-1.0269,0.3857,0.1667,,,,
bob,1,28624390,858,0.0048,0.1771,1.08,,-1.0339,0.3856,0.1418,,,,
bob,1,28624390,859,0.0047,0.2093,1.2,,-1.0268,0.3855,0.1543,,,,
bob,1,28624390,860,0.0043,0.2377,1.38,,-1.011,0.3853,0.1886,,,,
bob,1,28624390,861,0.0062,0.1987,1.1400000000000001,,-1.0224,0.3852,0.1501,,,,
bob,1,28624390,862,0.0039,0.2139,1.28,,-1.0205,0.3851,0.1685,,,,
bob,1,28624390,863,0.0042,0.2155,1.24,,-1.0302,0.3849,0.1615,,,,
bob,1,28624390,864,0.0039,0.2172,1.22,,-1.0142,0.3848,0.1629,,,,
bob,1,28624390,865,0.0103,0.1751,1.1199999999999999,,-1.0312,0.3847,0.1476,,,,
bob,1,28624390,866,0.0054,0.2066,1.1199999999999999,,-1.0206,0.3845,0.1483,,,,
bob,1,28624390,867,0.0044,0.1711,1.06,,-1.0138,0.3844,0.1388,,,,
bob,1,28624390,868,0.0066,0.2178,1.26,,-1.0247,0.3843,0.1626,,,,
bob,1,28624390,869,0.0032,0.2027,1.34,,-1.0173,0.3841,0.1747,,,,
bob,1,28624390,870,0.0089,0.2382,1.5,,-1.0123,0.384,0.1926,,,,
bob,1,28624390,871,0.0088,0.1971,1.28,,-1.0216,0.3839,0.1654,,,,
bob,1,28624390,872,0.0076,0.2014,1.1400000000000001,,-1.0251,0.3837,0.1498,,,,
bob,1,28624390,873,0.0041,0.1928,1.1400000000000001,,-1.0253,0.3836,0.1493,,,,
bob,1,28624390,874,0.002,0.1993,1.08,,-1.0163,0.3835,0.1429,,,,
bob,1,28624390,875,0.0025,0.2107,1.38,,-1.0276,0.3833,0.1771,,,,
bob,1,28624390,876,0.0043,0.2362,1.4200000000000002,,-1.0341,0.3832,0.1872,,,,
bob,1,28624390,877,0.0035,0.2184,1.24,,-1.0315,0.3831,0.159,,,,
bob,1,28624390,878,0.0056,0.177,1.0,,-1.0333,0.3829,0.1318,,,,
bob,1,28624390,879,0.0032,0.2165,1.22,,-1.0245,0.3828,0.158,,,,
bob,1,28624390,880,0.0069,0.2143,1.3,,-1.0262,0.3827,0.1713,,,,
bob,1,28624390,881,0.01,0.2021,1.08,,-1.0226,0.3825,0.1423,,,,
bob,1,28624390,882,0.0051,0.2059,1.3599999999999999,,-1.0261,0.3824,0.174,,,,
bob,1,28624390,883,0.0141,0.2153,1.5599999999999998,,-1.0173,0.3823,0.2052,,,,
bob,1,28624390,884,0.0049,0.1932,1.26,,-1.0272,0.3821,0.1648,,,,
bob,1,28624390,885,0.0029,0.2069,1.28,,-1.0219,0.382,0.1689,,,,
bob,1,28624390,886,0.0099,0.2661,1.8800000000000001,,-1.0235,0.3819,0.2377,,,,
bob,1,28624390,887,0.0025,0.1972,1.2,,-1.0161,0.3817,0.157,,,,
bob,1,28624390,888,0.0057,0.1939,1.16,,-1.024,0.3816,0.1519,,,,
bob,1,28624390,889,0.0078,0.2078,1.34,,-1.0258,0.3815,0.1743,,,,
bob,1,28624390,890,0.007,0.1976,1.1400000000000001,,-1.0123,0.3813,0.1477,,,,
bob,1,28624390,891,0.0075,0.2179,1.34,,-1.0264,0.3812,0.1716,,,,
bob,1,28624390,892,0.0053,0.2446,1.46,,-1.0204,0.3811,0.1936,,,,
bob,1,28624390,893,0.0073,0.2251,1.52,,-1.0272,0.3809,0.1989,,,,
bob,1,28624390,894,0.0108,0.182,0.9400000000000001,,-1.0229,0.3808,0.1226,,,,
bob,1,28624390,895,0.0085,0.1974,1.22,,-1.0164,0.3807,0.1596,,,,
bob,1,28624390,896,0.0067,0.1929,1.1199999999999999,,-1.0214,0.3805,0.1471,,,,
bob,1,28624390,897,0.0067,0.192,1.16,,-1.0211,0.3804,0.1543,,,,
bob,1,28624390,898,0.0047,0.1942,1.26,,-1.0145,0.3803,0.1654,,,,
bob,1,28624390,899,0.0109,0.2055,1.2,,-1.0127,0.3801,0.1601,,,,
bob,1,28624390,900,0.0009,0.2042,1.22,,-1.0209,0.38,0.1577,,,,
bob,1,28624390,901,0.0083,0.2114,1.18,,-1.0162,0.3799,0.1557,,,,
bob,1,28624390,902,0.0099,0.1995,1.24,,-1.02,0.3797,0.1611,,,,
bob,1,28624390,903,0.0097,0.1747,1.1400000000000001,,-1.0183,0.3796,0.1466,,,,
bob,1,28624390,904,0.0042,0.1993,1.24,,-1.0278,0.3795,0.1596,,,,
bob,1,28624390,905,0.0093,0.211,1.28,,-1.0231,0.3793,0.1685,,,,
bob,1,28624390,906,0.005,0.1646,0.88,,-1.0169,0.3792,0.1099,,,,
bob,1,28624390,907,0.0076,0.1918,1.16,,-1.0071,0.3791,0.1516,,,,
bob,1,28624390,908,0.0076,0.1877,1.16,,-1.0276,0.3789,0.1521,,,,
bob,1,28624390,909,0.0028,0.2077,1.2,,-1.0161,0.3788,0.16,,,,
bob,1,28624390,910,0.0081,0.215,1.32,,-1.0205,0.3787,0.1747,,,,
bob,1,28624390,911,0.0074,0.1785,1.04,,-1.0197,0.3785,0.1352,,,,
bob,1,28624390,912,0.0073,0.1818,1.0999999999999999,,-1.0279,0.3784,0.1439,,,,
bob,1,28624390,913,0.0049,0.2021,1.1400000000000001,,-1.0255,0.3783,0.1512,,,,
bob,1,28624390,914,0.0046,0.2063,1.4200000000000002,,-1.0188,0.3781,0.1848,,,,
bob,1,28624390,915,0.0041,0.195,1.2,,-1.0176,0.378,0.156,,,,
bob,1,28624390,916,0.0082,0.2182,1.34,,-1.0135,0.3779,0.1759,,,,
bob,1,28624390,917,0.0041,0.1752,1.08,,-1.0305,0.3777,0.1407,,,,
bob,1,28624390,918,0.0035,0.2156,1.32,,-1.0201,0.3776,0.1757,,,,
bob,1,28624390,919,0.005,0.1981,1.28,,-1.0187,0.3775,0.1642,,,,
bob,1,28624390,920,0.0051,0.197,1.1199999999999999,,-1.0391,0.3773,0.1434,,,,
bob,1,28624390,921,0.0088,0.1751,1.0999999999999999,,-1.0224,0.3772,0.1448,,,,
bob,1,28624390,922,0.0044,0.2091,1.22,,-1.0237,0.3771,0.1623,,,,
bob,1,28624390,923,0.0038,0.2008,1.3599999999999999,,-1.0176,0.3769,0.1783,,,,
bob,1,28624390,924,0.0103,0.1735,1.06,,-1.0205,0.3768,0.1357,,,,
bob,1,28624390,925,0.0095,0.1565,0.98,,-1.0151,0.3767,0.1262,,,,
bob,1,28624390,926,0.0091,0.2044,1.34,,-1.0271,0.3765,0.173,,,,
bob,1,28624390,927,0.008,0.2059,1.24,,-1.0207,0.3764,0.1648,,,,
bob,1,28624390,928,0.0063,0.1688,0.98,,-1.0103,0.3763,0.1257,,,,
bob,1,28624390,929,0.0033,0.1932,1.24,,-0.9972,0.3761,0.1645,,,,
bob,1,28624390,930,0.0091,0.2079,1.16,,-1.009,0.376,0.1521,,,,
bob,1,28624390,931,0.0075,0.18,1.0999999999999999,,-1.0457,0.3759,0.1431,,,,
bob,1,28624390,932,0.0097,0.1745,0.9199999999999999,,-1.0294,0.3757,0.1182,,,,
bob,1,28624390,933,0.0077,0.1673,1.06,,-1.0448,0.3756,0.141,,,,
bob,1,28624390,934,0.0059,0.1892,1.02,,-1.0319,0.3755,0.1318,,,,
bob,1,28624390,935,0.0096,0.2095,1.4000000000000001,,-1.0304,0.3753,0.1805,,,,
bob,1,28624390,936,0.0047,0.2095,1.2,,-1.0264,0.3752,0.1553,,,,
bob,1,28624390,937,0.0055,0.1953,1.16,,-1.024,0.3751,0.1521,,,,
bob,1,28624390,938,0.0057,0.1869,1.0999999999999999,,-1.0368,0.3749,0.141,,,,
bob,1,28624390,939,0.0056,0.1857,1.08,,-1.0162,0.3748,0.1423,,,,
bob,1,28624390,940,0.0061,0.1722,0.98,,-1.0166,0.3747,0.1252,,,,
bob,1,28624390,941,0.0052,0.1861,0.96,,-1.0238,0.3745,0.1245,,,,
bob,1,28624390,942,0.0062,0.1693,0.9400000000000001,,-1.0208,0.3744,0.1255,,,,
bob,1,28624390,943,0.007,0.1907,1.0999999999999999,,-1.0244,0.3743,0.1421,,,,
bob,1,28624390,944,0.0062,0.2111,1.1199999999999999,,-1.0159,0.3741,0.1474,,,,
bob,1,28624390,945,0.0046,0.2045,1.1199999999999999,,-1.0097,0.374,0.1501,,,,
bob,1,28624390,946,0.0071,0.1921,1.1199999999999999,,-1.0112,0.3739,0.1471,,,,
bob,1,28624390,947,0.0051,0.1772,1.1199999999999999,,-1.0296,0.3737,0.1474,,,,
bob,1,28624390,948,0.0037,0.2089,1.2,,-1.026,0.3736,0.1537,,,,
bob,1,28624390,949,0.0075,0.2153,1.22,,-1.0131,0.3735,0.1602,,,,
bob,1,28624390,950,0.003,0.2117,1.3599999999999999,,-1.0173,0.3733,0.182,,,,
bob,1,28624390,951,0.0072,0.2166,1.2,,-1.0242,0.3732,0.1629,,,,
bob,1,28624390,952,0.0074,0.2189,1.32,,-1.0248,0.3731,0.1694,,,,
bob,1,28624390,953,0.0053,0.2086,1.1199999999999999,,-1.0277,0.3729,0.1489,,,,
bob,1,28624390,954,0.0058,0.1947,1.08,,-1.0283,0.3728,0.141,,,,
bob,1,28624390,955,0.0079,0.1973,1.2,,-1.0294,0.3727,0.1617,,,,
bob,1,28624390,956,0.0075,0.1704,1.06,,-1.0152,0.3725,0.1415,,,,
bob,1,28624390,957,0.0047,0.2156,1.28,,-1.019,0.3724,0.167,,,,
bob,1,28624390,958,0.0074,0.1938,1.0999999999999999,,-1.0218,0.3723,0.1466,,,,
bob,1,28624390,959,0.0049,0.208,1.28,,-1.0292,0.3721,0.1682,,,,
bob,1,28624390,960,0.0068,0.1981,1.16,,-1.0239,0.372,0.1554,,,,
bob,1,28624390,961,0.0047,0.2175,1.2,,-1.0144,0.3719,0.1573,,,,
bob,1,28624390,962,0.0077,0.2052,1.3,,-1.0191,0.3717,0.1676,,,,
bob,1,28624390,963,0.0028,0.2227,1.34,,-1.0197,0.3716,0.174,,,,
bob,1,28624390,964,0.0088,0.2035,1.38,,-1.0196,0.3715,0.1827,,,,
bob,1,28624390,965,0.0056,0.2391,1.24,,-1.0241,0.3713,0.1633,,,,
bob,1,28624390,966,0.0059,0.1925,1.28,,-1.011,0.3712,0.1642,,,,
bob,1,28624390,967,0.0065,0.2581,1.54,,-1.0243,0.3711,0.2026,,,,
bob,1,28624390,968,0.0062,0.2336,1.6,,-1.0253,0.3709,0.2081,,,,
bob,1,28624390,969,0.007,0.2225,1.38,,-1.0192,0.3708,0.181,,,,
bob,1,28624390,970,0.0097,0.2439,1.68,,-0.9839,0.3707,0.2156,,,,
bob,1,28624390,971,0.0141,0.261,1.9800000000000002,,-1.0079,0.3705,0.2546,,,,
bob,1,28624390,972,0.0142,0.2075,1.5,,-1.0138,0.3704,0.2027,,,,
bob,1,28624390,973,0.0109,0.2475,1.72,,-1.027,0.3703,0.2232,,,,
bob,1,28624390,974,0.0097,0.1894,1.38,,-1.0346,0.3701,0.1853,,,,
bob,1,28624390,975,0.0065,0.2084,1.4000000000000001,,-1.0259,0.37,0.184,,,,
bob,1,28624390,976,0.0055,0.2006,1.18,,-1.0226,0.3699,0.156,,,,
bob,1,28624390,977,0.006,0.2113,1.24,,-1.0339,0.3697,0.1624,,,,
bob,1,28624390,978,0.005,0.1736,1.06,,-1.0192,0.3696,0.1386,,,,
bob,1,28624390,979,0.0082,0.1766,1.02,,-1.019,0.3695,0.1362,,,,
bob,1,28624390,980,0.0072,0.1891,1.16,,-1.0161,0.3693,0.1547,,,,
bob,1,28624390,981,0.0039,0.2189,1.22,,-1.0192,0.3692,0.1573,,,,
bob,1,28624390,982,0.005,0.1631,0.98,,-1.0143,0.3691,0.1311,,,,
bob,1,28624390,983,0.0057,0.2213,1.26,,-1.019,0.3689,0.1676,,,,
bob,1,28624390,984,0.007,0.2038,1.06,,-1.0172,0.3688,0.1402,,,,
bob,1,28624390,985,0.0054,0.2035,1.16,,-1.0328,0.3687,0.1573,,,,
bob,1,28624390,986,0.0042,0.2069,1.0999999999999999,,-1.0231,0.3685,0.1447,,,,
bob,1,28624390,987,0.0058,0.1858,1.34,,-1.0223,0.3684,0.1759,,,,
bob,1,28624390,988,0.0044,0.2029,1.22,,-1.0209,0.3683,0.1581,,,,
bob,1,28624390,989,0.005,0.1845,1.1400000000000001,,-1.026,0.3681,0.1505,,,,
bob,1,28624390,990,0.0061,0.2229,1.3599999999999999,,-1.0278,0.368,0.1801,,,,
bob,1,28624390,991,0.0027,0.2065,1.3,,-1.0207,0.3679,0.1701,,,,
bob,1,28624390,992,0.0048,0.2466,1.6,,-1.0223,0.3677,0.2022,,,,
bob,1,28624390,993,0.0064,0.23,1.38,,-1.0188,0.3676,0.184,,,,
bob,1,28624390,994,0.0073,0.242,1.44,,-1.0173,0.3675,0.1883,,,,
bob,1,28624390,995,0.0063,0.2174,1.44,,-1.0306,0.3673,0.1857,,,,
bob,1,28624390,996,0.0039,0.2169,1.28,,-1.0152,0.3672,0.1639,,,,
bob,1,28624390,997,0.0106,0.1825,1.08,,-1.0186,0.3671,0.1426,,,,
bob,1,28624390,998,0.0057,0.1849,1.1400000000000001,,-1.0255,0.3669,0.1511,,,,
bob,1,28624390,999,0.0073,0.208,1.18,,-1.0192,0.3668,0.1546,,,,
bob,1,28624390,1000,0.0097,0.2484,1.5,,-1.0174,0.3667,0.1934,,,,
bob,1,28624390,1001,0.0024,0.2263,1.52,,-1.0111,0.3665,0.1944,,,,
bob,1,28624390,1002,0.0101,0.2493,1.8800000000000001,,-1.0225,0.3664,0.2441,,,,
bob,1,28624390,1003,0.0073,0.2599,1.46,,-1.0241,0.3663,0.1897,,,,
bob,1,28624390,1004,0.0081,0.2006,1.32,,-1.0274,0.3661,0.1715,,,,
bob,1,28624390,1005,0.009,0.2534,1.66,,-1.0365,0.366,0.2177,,,,
bob,1,28624390,1006,0.0056,0.2245,1.46,,-1.0185,0.3659,0.1883,,,,
bob,1,28624390,1007,0.009,0.2409,1.52,,-1.0239,0.3657,0.1989,,,,
bob,1,28624390,1008,0.008,0.2271,1.5,,-1.0259,0.3656,0.1978,,,,
bob,1,28624390,1009,0.0019,0.2025,1.22,,-1.0287,0.3655,0.1562,,,,
bob,1,28624390,1010,0.0094,0.235,1.7000000000000002,,-1.0256,0.3653,0.2198,,,,
bob,1,28624390,1011,0.0078,0.2542,1.7000000000000002,,-1.0166,0.3652,0.2133,,,,
bob,1,28624390,1012,0.0112,0.2804,1.8399999999999999,,-1.0152,0.3651,0.2345,,,,
bob,1,28624390,1013,0.0098,0.2256,1.66,,-1.0266,0.3649,0.2189,,,,
bob,1,28624390,1014,0.0095,0.253,1.58,,-1.026,0.3648,0.2059,,,,
bob,1,28624390,1015,0.0062,0.2425,1.46,,-1.0167,0.3647,0.1883,,,,
bob,1,28624390,1016,0.0098,0.2312,1.54,,-1.0292,0.3645,0.1981,,,,
bob,1,28624390,1017,0.0029,0.2212,1.5,,-1.0287,0.3644,0.197,,,,
bob,1,28624390,1018,0.0042,0.1978,1.4000000000000001,,-1.0298,0.3643,0.1813,,,,
bob,1,28624390,1019,0.0072,0.2431,1.4200000000000002,,-1.0239,0.3641,0.1838,,,,
bob,1,28624390,1020,0.0095,0.2101,1.26,,-1.0236,0.364,0.163,,,,
bob,1,28624390,1021,0.0095,0.223,1.18,,-1.0169,0.3639,0.1567,,,,
bob,1,28624390,1022,0.0133,0.2657,1.6,,-1.0309,0.3637,0.2089,,,,
bob,1,28624390,1023,0.0071,0.2679,1.7399999999999998,,-1.0109,0.3636,0.2242,,,,
bob,1,28624390,1024,0.0146,0.2589,1.5599999999999998,,-1.0046,0.3635,0.2052,,,,
bob,1,28624390,1025,0.0099,0.2422,1.4200000000000002,,-1.0098,0.3633,0.1857,,,,
bob,1,28624390,1026,0.0201,0.2358,1.48,,-1.0243,0.3632,0.1922,,,,
bob,1,28624390,1027,0.0133,0.2258,1.48,,-1.0172,0.3631,0.1956,,,,
bob,1,28624390,1028,0.0062,0.2116,1.24,,-1.017,0.3629,0.1629,,,,
bob,1,28624390,1029,0.0081,0.2083,1.26,,-1.0182,0.3628,0.1682,,,,
bob,1,28624390,1030,0.0083,0.2412,1.52,,-1.0277,0.3627,0.1963,,,,
bob,1,28624390,1031,0.0128,0.2195,1.3599999999999999,,-1.0373,0.3625,0.1767,,,,
bob,1,28624390,1032,0.0062,0.1923,1.18,,-1.0202,0.3624,0.153,,,,
bob,1,28624390,1033,0.0078,0.2409,1.46,,-1.0117,0.3623,0.189,,,,
bob,1,28624390,1034,0.008,0.2004,1.22,,-1.0271,0.3621,0.1601,,,,
bob,1,28624390,1035,0.0047,0.2466,1.5599999999999998,,-1.027,0.362,0.2026,,,,
bob,1,28624390,1036,0.0094,0.212,1.34,,-1.037,0.3619,0.1756,,,,
bob,1,28624390,1037,0.0076,0.2641,1.54,,-1.0183,0.3617,0.1975,,,,
bob,1,28624390,1038,0.0099,0.2099,1.3,,-1.0245,0.3616,0.1676,,,,
bob,1,28624390,1039,0.0093,0.2389,1.52,,-1.0278,0.3615,0.1953,,,,
bob,1,28624390,1040,0.0087,0.2124,1.4200000000000002,,-1.0194,0.3613,0.1838,,,,
bob,1,28624390,1041,0.0064,0.2453,1.6400000000000001,,-1.0158,0.3612,0.2139,,,,
bob,1,28624390,1042,0.0118,0.2217,1.4200000000000002,,-1.02,0.3611,0.187,,,,
bob,1,28624390,1043,0.0059,0.2271,1.4000000000000001,,-1.0246,0.3609,0.182,,,,
bob,1,28624390,1044,0.0101,0.2313,1.5,,-1.0231,0.3608,0.1993,,,,
bob,1,28624390,1045,0.0062,0.1917,1.22,,-1.0152,0.3607,0.1617,,,,
bob,1,28624390,1046,0.0062,0.212,1.26,,-1.0171,0.3605,0.1633,,,,
bob,1,28624390,1047,0.009,0.2093,1.26,,-1.0136,0.3604,0.1661,,,,
bob,1,28624390,1048,0.0092,0.2192,1.38,,-1.014,0.3603,0.1792,,,,
bob,1,28624390,1049,0.0101,0.211,1.34,,-1.0166,0.3601,0.1774,,,,
bob,1,28624390,1050,0.0103,0.266,1.66,,-1.0144,0.36,0.2145,,,,
bob,1,28624390,1051,0.0037,0.2566,1.58,,-1.0211,0.3599,0.2022,,,,
bob,1,28624390,1052,0.0016,0.2374,1.48,,-1.0133,0.3597,0.1861,,,,
bob,1,28624390,1053,0.0096,0.2242,1.4200000000000002,,-1.0353,0.3596,0.1898,,,,
bob,1,28624390,1054,0.0049,0.2291,1.4000000000000001,,-1.0233,0.3595,0.1773,,,,
bob,1,28624390,1055,0.0077,0.2191,1.44,,-1.0189,0.3593,0.1852,,,,
bob,1,28624390,1056,0.0084,0.2813,1.92,,-1.0115,0.3592,0.24,,,,
bob,1,28624390,1057,0.0089,0.28,2.12,,-1.0146,0.3591,0.2745,,,,
bob,1,28624390,1058,0.0072,0.2253,1.38,,-1.0337,0.3589,0.1849,,,,
bob,1,28624390,1059,0.0082,0.193,1.08,,-1.0237,0.3588,0.1394,,,,
bob,1,28624390,1060,0.0044,0.195,1.1400000000000001,,-1.0285,0.3587,0.1525,,,,
bob,1,28624390,1061,0.0055,0.2152,1.24,,-1.0248,0.3585,0.1648,,,,
bob,1,28624390,1062,0.0064,0.2321,1.38,,-1.0233,0.3584,0.1778,,,,
bob,1,28624390,1063,0.0026,0.2409,1.4200000000000002,,-1.0207,0.3583,0.1848,,,,
bob,1,28624390,1064,0.0066,0.2026,1.28,,-1.0188,0.3581,0.1714,,,,
bob,1,28624390,1065,0.0067,0.2323,1.34,,-1.0329,0.358,0.1731,,,,
bob,1,28624390,1066,0.0094,0.26,1.6,,-1.011,0.3579,0.2079,,,,
bob,1,28624390,1067,0.0033,0.2898,1.9,,-1.0278,0.3577,0.2414,,,,
bob,1,28624390,1068,0.0051,0.264,1.58,,-1.023,0.3576,0.2063,,,,
bob,1,28624390,1069,0.0126,0.2188,1.4000000000000001,,-1.0277,0.3575,0.1852,,,,
bob,1,28624390,1070,0.009,0.2515,1.5599999999999998,,-1.0109,0.3573,0.2026,,,,
bob,1,28624390,1071,0.0043,0.2165,1.44,,-1.0222,0.3572,0.1883,,,,
bob,1,28624390,1072,0.0066,0.2157,1.38,,-1.022,0.3571,0.1774,,,,
bob,1,28624390,1073,0.0041,0.2516,1.48,,-1.0251,0.3569,0.1898,,,,
bob,1,28624390,1074,0.0076,0.2776,1.7000000000000002,,-1.0371,0.3568,0.2186,,,,
bob,1,28624390,1075,0.005,0.2383,1.6199999999999999,,-1.0264,0.3567,0.2066,,,,
bob,1,28624390,1076,0.0077,0.2149,1.22,,-1.0258,0.3565,0.1595,,,,
bob,1,28624390,1077,0.0037,0.2181,1.28,,-1.019,0.3564,0.1636,,,,
bob,1,28624390,1078,0.0078,0.2165,1.3599999999999999,,-1.0434,0.3563,0.1796,,,,
bob,1,28624390,1079,0.0068,0.2485,1.6,,-1.022,0.3561,0.2092,,,,
bob,1,28624390,1080,0.0106,0.2094,1.28,,-1.0077,0.356,0.167,,,,
bob,1,28624390,1081,0.0085,0.2366,1.54,,-1.0151,0.3559,0.2007,,,,
bob,1,28624390,1082,0.0103,0.2137,1.52,,-1.0227,0.3557,0.1964,,,,
bob,1,28624390,1083,0.0065,0.2741,1.58,,-1.0209,0.3556,0.2051,,,,
bob,1,28624390,1084,0.0065,0.2285,1.5,,-1.0322,0.3555,0.1981,,,,
bob,1,28624390,1085,0.0099,0.2615,1.7999999999999998,,-1.0254,0.3553,0.2337,,,,
bob,1,28624390,1086,0.0069,0.2382,1.6,,-1.0293,0.3552,0.2066,,,,
bob,1,28624390,1087,0.012,0.2367,1.66,,-1.0277,0.3551,0.2126,,,,
bob,1,28624390,1088,0.0094,0.2415,1.54,,-1.0154,0.3549,0.1961,,,,
bob,1,28624390,1089,0.0084,0.2388,1.58,,-1.0241,0.3548,0.209,,,,
bob,1,28624390,1090,0.0081,0.2559,1.54,,-1.0211,0.3547,0.2026,,,,
bob,1,28624390,1091,0.011,0.2373,1.6,,-1.0224,0.3545,0.2063,,,,
bob,1,28624390,1092,0.0109,0.2133,1.46,,-1.0224,0.3544,0.1886,,,,
bob,1,28624390,1093,0.012,0.2283,1.4000000000000001,,-1.0186,0.3543,0.1807,,,,
bob,1,28624390,1094,0.0088,0.215,1.18,,-1.0199,0.3541,0.1588,,,,
bob,1,28624390,1095,0.0057,0.1901,1.02,,-1.0204,0.354,0.1332,,,,
bob,1,28624390,1096,0.0101,0.2025,1.2,,-1.0206,0.3539,0.1562,,,,
bob,1,28624390,1097,0.0068,0.25,1.5,,-1.0226,0.3537,0.193,,,,
bob,1,28624390,1098,0.0075,0.2139,1.34,,-1.0302,0.3536,0.1729,,,,
bob,1,28624390,1099,0.0042,0.2277,1.4000000000000001,,-1.0245,0.3535,0.1796,,,,
bob,1,28624390,1100,0.0111,0.2442,1.5599999999999998,,-1.0316,0.3533,0.2015,,,,
bob,1,28624390,1101,0.004,0.253,1.68,,-1.0205,0.3532,0.2127,,,,
bob,1,28624390,1102,0.0089,0.2528,1.72,,-1.0197,0.3531,0.2222,,,,
bob,1,28624390,1103,0.0096,0.2344,1.6400000000000001,,-1.0337,0.3529,0.2088,,,,
bob,1,28624390,1104,0.0106,0.2387,1.7000000000000002,,-1.026,0.3528,0.22,,,,
bob,1,28624390,1105,0.0131,0.2773,1.6,,-1.0047,0.3527,0.207,,,,
bob,1,28624390,1106,0.0149,0.2935,1.72,,-1.005,0.3525,0.2194,,,,
bob,1,28624390,1107,0.0108,0.2388,1.4000000000000001,,-1.0296,0.3524,0.1889,,,,
bob,1,28624390,1108,0.0047,0.2398,1.4000000000000001,,-0.9978,0.3523,0.1839,,,,
bob,1,28624390,1109,0.0144,0.2359,1.58,,-0.9891,0.3521,0.2029,,,,
bob,1,28624390,1110,0.0109,0.2163,1.5599999999999998,,-1.0355,0.352,0.1978,,,,
bob,1,28624390,1111,0.0111,0.2052,1.18,,-1.0212,0.3519,0.1524,,,,
bob,1,28624390,1112,0.0078,0.2544,1.6199999999999999,,-1.0135,0.3517,0.2083,,,,
bob,1,28624390,1113,0.0122,0.2414,1.58,,-1.0323,0.3516,0.2048,,,,
bob,1,28624390,1114,0.0039,0.2536,1.58,,-1.0195,0.3515,0.1996,,,,
bob,1,28624390,1115,0.0074,0.2282,1.5599999999999998,,-1.0327,0.3513,0.2007,,,,
bob,1,28624390,1116,0.0039,0.2365,1.5599999999999998,,-1.0245,0.3512,0.2022,,,,
bob,1,28624390,1117,0.0073,0.268,1.6,,-1.0263,0.3511,0.2051,,,,
bob,1,28624390,1118,0.009,0.2739,1.58,,-1.0224,0.3509,0.2063,,,,
bob,1,28624390,1119,0.005,0.2871,1.7000000000000002,,-1.0166,0.3508,0.2181,,,,
bob,1,28624390,1120,0.0103,0.2807,1.9,,-1.0246,0.3507,0.2437,,,,
bob,1,28624390,1121,0.0061,0.2675,1.7399999999999998,,-1.0251,0.3505,0.222,,,,
bob,1,28624390,1122,0.0138,0.2895,1.9,,-1.0145,0.3504,0.2384,,,,
bob,1,28624390,1123,0.0194,0.2493,1.6,,-1.023,0.3503,0.2036,,,,
bob,1,28624390,1124,0.0136,0.2461,1.68,,-1.0228,0.3501,0.2185,,,,
bob,1,28624390,1125,0.0095,0.2368,1.32,,-1.022,0.35,0.1716,,,,
bob,1,28624390,1126,0.0105,0.2488,1.6400000000000001,,-1.0317,0.3499,0.2131,,,,
bob,1,28624390,1127,0.0055,0.2401,1.46,,-1.0213,0.3497,0.1907,,,,
bob,1,28624390,1128,0.0051,0.2214,1.5,,-1.0252,0.3496,0.1952,,,,
bob,1,28624390,1129,0.0069,0.2339,1.26,,-1.0204,0.3495,0.1614,,,,
bob,1,28624390,1130,0.009,0.2272,1.4000000000000001,,-1.0282,0.3493,0.1845,,,,
bob,1,28624390,1131,0.0057,0.2375,1.52,,-1.0333,0.3492,0.196,,,,
bob,1,28624390,1132,0.0045,0.2491,1.54,,-1.0319,0.3491,0.1982,,,,
bob,1,28624390,1133,0.0085,0.2452,1.54,,-1.0274,0.3489,0.2015,,,,
bob,1,28624390,1134,0.0098,0.2055,1.2,,-1.017,0.3488,0.154,,,,
bob,1,28624390,1135,0.0078,0.2333,1.46,,-1.0149,0.3487,0.1894,,,,
bob,1,28624390,1136,0.0061,0.2502,1.6,,-1.0196,0.3485,0.2055,,,,
bob,1,28624390,1137,0.0049,0.2565,1.54,,-1.0292,0.3484,0.2015,,,,
bob,1,28624390,1138,0.0046,0.2533,1.6,,-1.0251,0.3483,0.207,,,,
bob,1,28624390,1139,0.0028,0.2245,1.6199999999999999,,-1.0257,0.3481,0.2115,,,,
bob,1,28624390,1140,0.0098,0.2692,1.66,,-1.0293,0.348,0.2151,,,,
bob,1,28624390,1141,0.0103,0.2833,1.82,,-1.027,0.3479,0.2301,,,,
bob,1,28624390,1142,0.0038,0.2686,1.7000000000000002,,-1.0302,0.3477,0.222,,,,
bob,1,28624390,1143,0.011,0.2648,1.8399999999999999,,-1.0145,0.3476,0.2355,,,,
bob,1,28624390,1144,0.0113,0.2279,1.4000000000000001,,-1.0366,0.3475,0.1808,,,,
bob,1,28624390,1145,0.01,0.2854,1.6199999999999999,,-1.0085,0.3473,0.2004,,,,
bob,1,28624390,1146,0.0111,0.2715,1.52,,-1.038,0.3472,0.2071,,,,
bob,1,28624390,1147,0.0123,0.2961,2.0,,-1.0331,0.3471,0.2659,,,,
bob,1,28624390,1148,0.0087,0.3017,2.1999999999999997,,-1.0353,0.3469,0.2801,,,,
bob,1,28624390,1149,0.0063,0.2376,1.46,,-1.0352,0.3468,0.19,,,,
bob,1,28624390,1150,0.0063,0.2438,1.58,,-1.0342,0.3467,0.2022,,,,
bob,1,28624390,1151,0.0058,0.2352,1.38,,-1.0218,0.3465,0.1777,,,,
bob,1,28624390,1152,0.0023,0.2596,1.68,,-1.0103,0.3464,0.2147,,,,
bob,1,28624390,1153,0.0131,0.2525,1.58,,-1.0149,0.3463,0.2034,,,,
bob,1,28624390,1154,0.0094,0.2605,1.66,,-1.0219,0.3461,0.218,,,,
bob,1,28624390,1155,0.0108,0.2549,1.46,,-1.0055,0.346,0.1939,,,,
bob,1,28624390,1156,0.0036,0.239,1.54,,-1.013,0.3459,0.2061,,,,
bob,1,28624390,1157,0.0104,0.2184,1.4200000000000002,,-0.9991,0.3457,0.1843,,,,
bob,1,28624390,1158,0.007,0.2505,1.72,,-1.0252,0.3456,0.2214,,,,
bob,1,28624390,1159,0.007,0.2691,1.76,,-1.0306,0.3455,0.2236,,,,
bob,1,28624390,1160,0.0049,0.2704,1.8800000000000001,,-1.0338,0.3453,0.2409,,,,
bob,1,28624390,1161,0.0023,0.2584,1.7399999999999998,,-1.0305,0.3452,0.2234,,,,
bob,1,28624390,1162,0.0069,0.263,1.58,,-1.0316,0.3451,0.2078,,,,
bob,1,28624390,1163,0.0104,0.2636,1.46,,-1.0145,0.3449,0.1974,,,,
bob,1,28624390,1164,0.004,0.2418,1.6,,-1.0214,0.3448,0.2047,,,,
bob,1,28624390,1165,0.0027,0.2358,1.3,,-1.0218,0.3447,0.1691,,,,
bob,1,28624390,1166,0.0075,0.2057,1.16,,-1.0185,0.3445,0.1519,,,,
bob,1,28624390,1167,0.0049,0.25,1.5599999999999998,,-1.0366,0.3444,0.2029,,,,
bob,1,28624390,1168,0.0052,0.2691,1.66,,-1.0352,0.3443,0.2123,,,,
bob,1,28624390,1169,0.0104,0.2529,1.7999999999999998,,-1.0303,0.3441,0.2292,,,,
bob,1,28624390,1170,0.0015,0.2369,1.58,,-1.0342,0.344,0.2059,,,,
bob,1,28624390,1171,0.0057,0.262,1.66,,-1.0282,0.3439,0.213,,,,
bob,1,28624390,1172,0.004,0.2711,1.7999999999999998,,-1.0181,0.3437,0.2301,,,,
bob,1,28624390,1173,0.0069,0.2406,1.6199999999999999,,-1.0235,0.3436,0.213,,,,
bob,1,28624390,1174,0.0025,0.2175,1.3599999999999999,,-1.0246,0.3435,0.1752,,,,
bob,1,28624390,1175,0.0065,0.2382,1.58,,-1.0249,0.3433,0.2073,,,,
bob,1,28624390,1176,0.0082,0.2363,1.58,,-1.0143,0.3432,0.2065,,,,
bob,1,28624390,1177,0.0025,0.2514,1.6199999999999999,,-1.0276,0.3431,0.206,,,,
bob,1,28624390,1178,0.0065,0.2392,1.3599999999999999,,-1.0206,0.3429,0.1784,,,,
bob,1,28624390,1179,0.0047,0.2452,1.5599999999999998,,-1.0258,0.3428,0.2011,,,,
bob,1,28624390,1180,0.0072,0.2856,1.48,,-1.0088,0.3427,0.1909,,,,
bob,1,28624390,1181,0.0111,0.2466,1.34,,-1.0109,0.3425,0.1813,,,,
bob,1,28624390,1182,0.0097,0.2482,1.6199999999999999,,-1.0268,0.3424,0.2109,,,,
bob,1,28624390,1183,0.0105,0.2267,1.4000000000000001,,-1.0279,0.3423,0.186,,,,
bob,1,28624390,1184,0.0029,0.2454,1.4000000000000001,,-1.0322,0.3421,0.1828,,,,
bob,1,28624390,1185,0.0086,0.1963,1.22,,-1.0269,0.342,0.161,,,,
bob,1,28624390,1186,0.0052,0.2255,1.4200000000000002,,-1.0242,0.3419,0.1873,,,,
bob,1,28624390,1187,0.0028,0.2546,1.46,,-1.018,0.3417,0.1948,,,,
bob,1,28624390,1188,0.011,0.2341,1.6,,-1.0087,0.3416,0.2018,,,,
bob,1,28624390,1189,0.0057,0.2357,1.3,,-1.0205,0.3415,0.171,,,,
bob,1,28624390,1190,0.0036,0.2267,1.3599999999999999,,-1.0276,0.3413,0.1753,,,,
bob,1,28624390,1191,0.0034,0.2382,1.6400000000000001,,-1.0277,0.3412,0.2118,,,,
bob,1,28624390,1192,0.0041,0.2389,1.3599999999999999,,-1.0231,0.3411,0.178,,,,
bob,1,28624390,1193,0.0046,0.2152,1.26,,-1.024,0.3409,0.1611,,,,
bob,1,28624390,1194,0.0034,0.2383,1.4000000000000001,,-1.0275,0.3408,0.184,,,,
bob,1,28624390,1195,0.0086,0.2406,1.4200000000000002,,-1.0299,0.3407,0.1866,,,,
bob,1,28624390,1196,0.0071,0.2483,1.52,,-1.0258,0.3405,0.1956,,,,
bob,1,28624390,1197,0.007,0.244,1.5,,-1.0241,0.3404,0.1996,,,,
bob,1,28624390,1198,0.0098,0.2609,1.7000000000000002,,-1.0399,0.3403,0.2208,,,,
bob,1,28624390,1199,0.0093,0.2295,1.66,,-1.0276,0.3401,0.213,,,,
bob,1,28624390,1200,0.008,0.2748,1.78,,-1.044,0.34,0.2282,,,,
bob,1,28624390,1201,0.0077,0.2651,1.72,,-1.0243,0.3399,0.2232,,,,
bob,1,28624390,1202,0.0033,0.2153,1.4200000000000002,,-1.0262,0.3397,0.186,,,,
bob,1,28624390,1203,0.0028,0.2398,1.54,,-1.0198,0.3396,0.2,,,,
bob,1,28624390,1204,0.0093,0.226,1.48,,-1.023,0.3395,0.1919,,,,
bob,1,28624390,1205,0.0089,0.2331,1.3599999999999999,,-1.0213,0.3393,0.1774,,,,
bob,1,28624390,1206,0.0071,0.2829,1.52,,-1.0193,0.3392,0.2004,,,,
bob,1,28624390,1207,0.0062,0.31,1.8399999999999999,,-1.0174,0.3391,0.2244,,,,
bob,1,28624390,1208,0.0111,0.2679,1.7399999999999998,,-0.9977,0.3389,0.222,,,,
bob,1,28624390,1209,0.0145,0.2269,1.5599999999999998,,-1.0183,0.3388,0.2022,,,,
bob,1,28624390,1210,0.0107,0.2517,1.6199999999999999,,-1.0194,0.3387,0.205,,,,
bob,1,28624390,1211,0.0052,0.28,1.68,,-1.0175,0.3385,0.2222,,,,
bob,1,28624390,1212,0.0105,0.2123,1.4200000000000002,,-1.0279,0.3384,0.1857,,,,
bob,1,28624390,1213,0.0113,0.2652,1.72,,-1.0217,0.3383,0.2192,,,,
bob,1,28624390,1214,0.0115,0.2198,1.34,,-1.0195,0.3381,0.1754,,,,
bob,1,28624390,1215,0.0065,0.2112,1.28,,-1.0285,0.338,0.1676,,,,
bob,1,28624390,1216,0.004,0.2153,1.38,,-1.0268,0.3379,0.1761,,,,
bob,1,28624390,1217,0.0057,0.2452,1.6400000000000001,,-1.0244,0.3377,0.2156,,,,
bob,1,28624390,1218,0.012,0.2757,1.9,,-1.0153,0.3376,0.2432,,,,
bob,1,28624390,1219,0.0129,0.2977,1.8800000000000001,,-1.022,0.3375,0.25,,,,
bob,1,28624390,1220,0.0122,0.2454,1.54,,-1.024,0.3373,0.1971,,,,
bob,1,28624390,1221,0.0035,0.2071,1.34,,-1.0156,0.3372,0.1766,,,,
bob,1,28624390,1222,0.0082,0.2748,1.6199999999999999,,-1.0206,0.3371,0.2098,,,,
bob,1,28624390,1223,0.0034,0.2637,1.5,,-1.0308,0.3369,0.1989,,,,
bob,1,28624390,1224,0.0098,0.2173,1.22,,-1.0192,0.3368,0.1567,,,,
bob,1,28624390,1225,0.0052,0.225,1.4200000000000002,,-1.0206,0.3367,0.1832,,,,
bob,1,28624390,1226,0.0089,0.2753,1.6,,-1.0194,0.3365,0.2073,,,,
bob,1,28624390,1227,0.0109,0.2338,1.34,,-1.0281,0.3364,0.1723,,,,
bob,1,28624390,1228,0.0047,0.2221,1.46,,-1.0053,0.3363,0.1844,,,,
bob,1,28624390,1229,0.0065,0.2363,1.5,,-1.0161,0.3361,0.1923,,,,
bob,1,28624390,1230,0.008,0.2626,1.5,,-0.9853,0.336,0.1934,,,,
bob,1,28624390,1231,0.0235,0.2913,1.6199999999999999,,-0.966,0.3359,0.2146,,,,
bob,1,28624390,1232,0.0109,0.2166,1.38,,-1.0029,0.3357,0.1806,,,,
bob,1,28624390,1233,0.0097,0.2129,1.3,,-1.0189,0.3356,0.1676,,,,
bob,1,28624390,1234,0.0061,0.2275,1.58,,-1.0215,0.3355,0.1978,,,,
bob,1,28624390,1235,0.0065,0.2393,1.5,,-1.0117,0.3353,0.2004,,,,
bob,1,28624390,1236,0.0113,0.3047,2.1,,-1.0215,0.3352,0.2661,,,,
bob,1,28624390,1237,0.0095,0.2436,1.34,,-1.0122,0.3351,0.1738,,,,
bob,1,28624390,1238,0.0068,0.2458,1.72,,-1.0183,0.3349,0.2259,,,,
bob,1,28624390,1239,0.0043,0.2239,1.5599999999999998,,-1.0202,0.3348,0.1989,,,,
bob,1,28624390,1240,0.0108,0.2658,1.72,,-1.028,0.3347,0.2194,,,,
bob,1,28624390,1241,0.0052,0.2699,1.82,,-1.0224,0.3345,0.2295,,,,
bob,1,28624390,1242,0.0063,0.2655,1.6199999999999999,,-1.0272,0.3344,0.2134,,,,
bob,1,28624390,1243,0.0053,0.2408,1.66,,-1.026,0.3343,0.2159,,,,
bob,1,28624390,1244,0.0055,0.2361,1.34,,-1.0236,0.3341,0.1703,,,,
bob,1,28624390,1245,0.007,0.2306,1.3,,-1.0156,0.334,0.1736,,,,
bob,1,28624390,1246,0.0135,0.2916,1.7999999999999998,,-0.9919,0.3339,0.2266,,,,
bob,1,28624390,1247,0.0149,0.2838,1.78,,-1.0118,0.3337,0.2264,,,,
bob,1,28624390,1248,0.0146,0.2663,1.9800000000000002,,-1.0221,0.3336,0.2559,,,,
bob,1,28624390,1249,0.011,0.2838,1.7999999999999998,,-1.0143,0.3335,0.2315,,,,
bob,1,28624390,1250,0.0062,0.2521,1.58,,-1.0312,0.3333,0.2086,,,,
bob,1,28624390,1251,0.0112,0.2778,2.1399999999999997,,-1.0267,0.3332,0.2673,,,,
bob,1,28624390,1252,0.0047,0.2761,1.7399999999999998,,-1.0308,0.3331,0.223,,,,
bob,1,28624390,1253,0.0044,0.2956,1.92,,-1.0305,0.3329,0.2491,,,,
bob,1,28624390,1254,0.0043,0.2737,1.66,,-1.0231,0.3328,0.2115,,,,
bob,1,28624390,1255,0.0055,0.2571,1.7399999999999998,,-1.0221,0.3327,0.2261,,,,
bob,1,28624390,1256,0.0043,0.2475,1.6400000000000001,,-1.0245,0.3325,0.2121,,,,
bob,1,28624390,1257,0.0077,0.2401,1.44,,-1.0298,0.3324,0.1877,,,,
bob,1,28624390,1258,0.0054,0.2361,1.6199999999999999,,-1.0299,0.3323,0.207,,,,
bob,1,28624390,1259,0.0129,0.2754,1.82,,-1.018,0.3321,0.233,,,,
bob,1,28624390,1260,0.0053,0.2351,1.38,,-1.0181,0.332,0.1841,,,,
bob,1,28624390,1261,0.008,0.2468,1.5,,-1.02,0.3319,0.1927,,,,
bob,1,28624390,1262,0.0074,0.2861,1.78,,-1.0225,0.3317,0.2308,,,,
bob,1,28624390,1263,0.0031,0.2594,1.8800000000000001,,-1.0285,0.3316,0.2431,,,,
bob,1,28624390,1264,0.0047,0.2368,1.5,,-1.0204,0.3315,0.1956,,,,
bob,1,28624390,1265,0.0065,0.2462,1.6199999999999999,,-1.0262,0.3313,0.2102,,,,
bob,1,28624390,1266,0.0042,0.2558,1.6,,-1.0357,0.3312,0.2044,,,,
bob,1,28624390,1267,0.0041,0.2705,1.7399999999999998,,-1.0293,0.3311,0.2249,,,,
bob,1,28624390,1268,0.0086,0.3162,1.76,,-1.0172,0.3309,0.2288,,,,
bob,1,28624390,1269,0.0156,0.2871,1.66,,-1.0157,0.3308,0.2105,,,,
bob,1,28624390,1270,0.0122,0.264,1.58,,-1.0171,0.3307,0.2058,,,,
bob,1,28624390,1271,0.0042,0.2327,1.52,,-1.0256,0.3305,0.1921,,,,
bob,1,28624390,1272,0.0047,0.2421,1.4000000000000001,,-1.0257,0.3304,0.1857,,,,
bob,1,28624390,1273,0.0042,0.2426,1.48,,-1.0292,0.3303,0.1876,,,,
bob,1,28624390,1274,0.0049,0.2282,1.4000000000000001,,-1.0261,0.3301,0.1785,,,,
bob,1,28624390,1275,0.0095,0.2476,1.68,,-1.0235,0.33,0.2156,,,,
bob,1,28624390,1276,0.0079,0.2393,1.48,,-1.0248,0.3299,0.1906,,,,
bob,1,28624390,1277,0.0076,0.2335,1.4000000000000001,,-1.0164,0.3297,0.1805,,,,
bob,1,28624390,1278,0.0088,0.2812,2.0,,-1.0174,0.3296,0.2554,,,,
bob,1,28624390,1279,0.0108,0.2728,1.6400000000000001,,-1.0246,0.3295,0.2148,,,,
bob,1,28624390,1280,0.0063,0.2639,1.7999999999999998,,-1.0282,0.3293,0.2277,,,,
bob,1,28624390,1281,0.0062,0.2371,1.38,,-1.0263,0.3292,0.1789,,,,
bob,1,28624390,1282,0.004,0.282,1.8399999999999999,,-1.0209,0.3291,0.2373,,,,
bob,1,28624390,1283,0.0049,0.3084,1.82,,-1.0106,0.3289,0.2327,,,,
bob,1,28624390,1284,0.0069,0.2853,1.7999999999999998,,-1.0135,0.3288,0.2327,,,,
bob,1,28624390,1285,0.0103,0.287,2.1,,-1.0185,0.3287,0.2642,,,,
bob,1,28624390,1286,0.0067,0.2578,1.68,,-1.0258,0.3285,0.2186,,,,
bob,1,28624390,1287,0.0031,0.2518,1.8399999999999999,,-1.0274,0.3284,0.2352,,,,
bob,1,28624390,1288,0.0086,0.2681,1.7999999999999998,,-1.021,0.3283,0.2343,,,,
bob,1,28624390,1289,0.0107,0.2903,1.94,,-1.0164,0.3281,0.246,,,,
bob,1,28624390,1290,0.0186,0.3581,2.48,,-1.0148,0.328,0.307,,,,
bob,1,28624390,1291,0.0088,0.278,1.9800000000000002,,-1.0344,0.3279,0.2572,,,,
bob,1,28624390,1292,0.0087,0.2597,1.44,,-1.0252,0.3277,0.1836,,,,
bob,1,28624390,1293,0.0044,0.251,1.6400000000000001,,-1.0296,0.3276,0.2121,,,,
bob,1,28624390,1294,0.0092,0.2844,1.8599999999999999,,-1.0256,0.3275,0.2431,,,,
bob,1,28624390,1295,0.0077,0.2993,1.7000000000000002,,-1.0274,0.3273,0.2186,,,,
bob,1,28624390,1296,0.0086,0.2995,2.12,,-1.033,0.3272,0.2606,,,,
bob,1,28624390,1297,0.0099,0.3201,2.16,,-1.0304,0.3271,0.2699,,,,
bob,1,28624390,1298,0.0066,0.2528,1.72,,-1.042,0.3269,0.2263,,,,
bob,1,28624390,1299,0.0074,0.2619,1.8599999999999999,,-1.0151,0.3268,0.2404,,,,
bob,1,28624390,1300,0.0065,0.2841,2.0,,-1.0181,0.3267,0.2573,,,,
bob,1,28624390,1301,0.0049,0.2685,1.82,,-1.0285,0.3265,0.2309,,,,
bob,1,28624390,1302,0.002,0.2729,1.8800000000000001,,-1.0237,0.3264,0.2374,,,,
bob,1,28624390,1303,0.0071,0.2916,1.8399999999999999,,-1.0238,0.3263,0.2329,,,,
bob,1,28624390,1304,0.0069,0.3002,1.92,,-1.0225,0.3261,0.2481,,,,
bob,1,28624390,1305,0.005,0.2979,1.7399999999999998,,-1.0262,0.326,0.2243,,,,
bob,1,28624390,1306,0.009,0.2923,1.96,,-1.015,0.3259,0.2532,,,,
bob,1,28624390,1307,0.0058,0.2858,1.6400000000000001,,-1.0223,0.3257,0.2088,,,,
bob,1,28624390,1308,0.0054,0.2251,1.34,,-1.0024,0.3256,0.174,,,,
bob,1,28624390,1309,0.0067,0.247,1.66,,-1.0243,0.3255,0.2145,,,,
bob,1,28624390,1310,0.005,0.2762,1.82,,-1.0258,0.3253,0.235,,,,
bob,1,28624390,1311,0.003,0.2486,1.7999999999999998,,-1.0155,0.3252,0.2326,,,,
bob,1,28624390,1312,0.0103,0.2837,1.8399999999999999,,-1.0214,0.3251,0.2313,,,,
bob,1,28624390,1313,0.01,0.2941,1.8800000000000001,,-1.0229,0.3249,0.2387,,,,
bob,1,28624390,1314,0.0062,0.2857,2.08,,-1.027,0.3248,0.262,,,,
bob,1,28624390,1315,0.0061,0.3063,2.12,,-1.0217,0.3247,0.2703,,,,
bob,1,28624390,1316,0.0059,0.3037,1.9800000000000002,,-1.0397,0.3245,0.2509,,,,
bob,1,28624390,1317,0.0051,0.2804,1.78,,-1.0337,0.3244,0.2259,,,,
bob,1,28624390,1318,0.0054,0.2911,2.06,,-1.025,0.3243,0.2595,,,,
bob,1,28624390,1319,0.0044,0.3059,1.78,,-1.0316,0.3241,0.2306,,,,
bob,1,28624390,1320,0.0079,0.3035,1.8599999999999999,,-1.0242,0.324,0.2365,,,,
bob,1,28624390,1321,0.0054,0.275,1.7000000000000002,,-1.0197,0.3239,0.2172,,,,
bob,1,28624390,1322,0.0147,0.2788,1.6199999999999999,,-1.0137,0.3237,0.2124,,,,
bob,1,28624390,1323,0.0195,0.2759,1.58,,-0.9777,0.3236,0.2081,,,,
bob,1,28624390,1324,0.011,0.23,1.48,,-1.0139,0.3235,0.1913,,,,
bob,1,28624390,1325,0.0053,0.2066,1.28,,-1.0268,0.3233,0.1701,,,,
bob,1,28624390,1326,0.0083,0.2296,1.5599999999999998,,-1.017,0.3232,0.2033,,,,
bob,1,28624390,1327,0.0108,0.2729,1.9800000000000002,,-1.0164,0.3231,0.25,,,,
bob,1,28624390,1328,0.0064,0.2446,1.66,,-1.0197,0.3229,0.2185,,,,
bob,1,28624390,1329,0.0085,0.2757,1.96,,-1.0157,0.3228,0.2464,,,,
bob,1,28624390,1330,0.0084,0.2247,1.6,,-1.0352,0.3227,0.2067,,,,
bob,1,28624390,1331,0.0096,0.258,1.72,,-1.0271,0.3225,0.2222,,,,
bob,1,28624390,1332,0.0081,0.2405,1.54,,-1.0253,0.3224,0.1996,,,,
bob,1,28624390,1333,0.0067,0.2364,1.6199999999999999,,-1.0359,0.3223,0.2114,,,,
bob,1,28624390,1334,0.0048,0.2555,1.6199999999999999,,-1.024,0.3221,0.2077,,,,
bob,1,28624390,1335,0.008,0.2831,1.82,,-1.0179,0.322,0.2323,,,,
bob,1,28624390,1336,0.004,0.2812,2.06,,-1.0235,0.3219,0.2606,,,,
bob,1,28624390,1337,0.0054,0.2841,1.8800000000000001,,-1.0288,0.3217,0.2431,,,,
bob,1,28624390,1338,0.0104,0.2722,1.8399999999999999,,-1.0255,0.3216,0.2416,,,,
bob,1,28624390,1339,0.009,0.2798,2.1,,-1.025,0.3215,0.2606,,,,
bob,1,28624390,1340,0.0071,0.2674,1.7999999999999998,,-1.0233,0.3213,0.2375,,,,
bob,1,28624390,1341,0.0061,0.2566,1.7999999999999998,,-1.0322,0.3212,0.2349,,,,
bob,1,28624390,1342,0.0063,0.2522,1.66,,-1.0092,0.3211,0.2149,,,,
bob,1,28624390,1343,0.0072,0.2578,1.5,,-1.0246,0.3209,0.1934,,,,
bob,1,28624390,1344,0.0069,0.2572,1.34,,-1.02,0.3208,0.1766,,,,
bob,1,28624390,1345,0.0039,0.2332,1.4000000000000001,,-1.0271,0.3207,0.1777,,,,
bob,1,28624390,1346,0.0045,0.2161,1.4200000000000002,,-1.0109,0.3205,0.1896,,,,
bob,1,28624390,1347,0.0031,0.2421,1.46,,-1.0199,0.3204,0.1915,,,,
bob,1,28624390,1348,0.0051,0.2498,1.4000000000000001,,-1.0182,0.3203,0.1877,,,,
bob,1,28624390,1349,0.0047,0.2035,1.32,,-1.0227,0.3201,0.1718,,,,
bob,1,28624390,1350,0.005,0.2299,1.26,,-1.0181,0.32,0.1657,,,,
bob,1,28624390,1351,0.0065,0.2457,1.5599999999999998,,-1.0127,0.3199,0.2007,,,,
bob,1,28624390,1352,0.0052,0.2344,1.4000000000000001,,-1.0194,0.3197,0.1815,,,,
bob,1,28624390,1353,0.0091,0.2947,2.16,,-1.0275,0.3196,0.2689,,,,
bob,1,28639822,1354,0.0062,0.2597,1.4000000000000001,,-1.0371,0.3195,0.188,,,,
bob,1,28639822,1355,0.0079,0.257,1.6199999999999999,,-1.0175,0.3193,0.2094,,,,
bob,1,28639822,1356,0.0087,0.268,1.7399999999999998,,-1.0118,0.3192,0.2287,,,,
bob,1,28639822,1357,0.0094,0.288,1.7999999999999998,,-1.0324,0.3191,0.2353,,,,
bob,1,28639822,1358,0.0032,0.2338,1.34,,-1.0217,0.3189,0.1738,,,,
bob,1,28639822,1359,0.0031,0.2223,1.3599999999999999,,-1.0219,0.3188,0.178,,,,
bob,1,28639822,1360,0.0023,0.2282,1.5,,-1.0339,0.3187,0.1963,,,,
bob,1,28639822,1361,0.0028,0.2177,1.3,,-1.0358,0.3185,0.1716,,,,
bob,1,28639822,1362,0.0024,0.2605,1.68,,-1.0225,0.3184,0.2158,,,,
bob,1,28639822,1363,0.0049,0.2387,1.66,,-1.0161,0.3183,0.2165,,,,
bob,1,28639822,1364,0.0043,0.233,1.3599999999999999,,-1.0325,0.3181,0.1818,,,,
bob,1,28639822,1365,0.0022,0.2433,1.54,,-1.0253,0.318,0.1978,,,,
bob,1,28639822,1366,0.0023,0.2515,1.6,,-1.0248,0.3179,0.2106,,,,
bob,1,28639822,1367,0.0033,0.2773,1.68,,-1.0282,0.3177,0.2204,,,,
bob,1,28639822,1368,0.0029,0.2537,1.5,,-1.0133,0.3176,0.1938,,,,
bob,1,28639822,1369,0.0023,0.2418,1.46,,-1.014,0.3175,0.188,,,,
bob,1,28639822,1370,0.0024,0.2244,1.46,,-1.0281,0.3173,0.1904,,,,
bob,1,28639822,1371,0.0017,0.2504,1.44,,-1.0226,0.3172,0.1863,,,,
bob,1,28639822,1372,0.0018,0.2338,1.48,,-1.0164,0.3171,0.1945,,,,
bob,1,28639822,1373,0.0024,0.2744,1.54,,-1.0058,0.3169,0.2018,,,,
bob,1,28639822,1374,0.0054,0.2533,1.4000000000000001,,-1.0161,0.3168,0.183,,,,
bob,1,28639822,1375,0.0023,0.2475,1.6,,-1.0171,0.3167,0.2065,,,,
bob,1,28639822,1376,0.0025,0.2139,1.3599999999999999,,-1.0169,0.3165,0.1768,,,,
bob,1,28639822,1377,0.0047,0.2592,1.66,,-1.0126,0.3164,0.2149,,,,
bob,1,28639822,1378,0.0041,0.2552,1.6199999999999999,,-1.0166,0.3163,0.208,,,,
bob,1,28639822,1379,0.0041,0.2458,1.54,,-1.0135,0.3161,0.2057,,,,
bob,1,28639822,1380,0.0046,0.2634,1.7000000000000002,,-1.0213,0.316,0.221,,,,
bob,1,28639822,1381,0.002,0.2249,1.52,,-1.0207,0.3159,0.203,,,,
bob,1,28639822,1382,0.0034,0.2435,1.38,,-1.0273,0.3157,0.1792,,,,
bob,1,28639822,1383,0.0034,0.2913,1.68,,-1.0217,0.3156,0.2194,,,,
bob,1,28639822,1384,0.0024,0.2523,1.26,,-1.0151,0.3155,0.1657,,,,
bob,1,28639822,1385,0.0047,0.23,1.34,,-1.0119,0.3153,0.1759,,,,
bob,1,28639822,1386,0.0044,0.2414,1.48,,-1.02,0.3152,0.1949,,,,
bob,1,28639822,1387,0.0052,0.2516,1.52,,-1.0176,0.3151,0.2026,,,,
bob,1,28639822,1388,0.0061,0.2299,1.3,,-1.0058,0.3149,0.171,,,,
bob,1,28639822,1389,0.0028,0.2239,1.52,,-1.0152,0.3148,0.1996,,,,
bob,1,28639822,1390,0.0051,0.2269,1.4200000000000002,,-1.0181,0.3147,0.1831,,,,
bob,1,28639822,1391,0.0036,0.2528,1.54,,-1.021,0.3145,0.2018,,,,
bob,1,28639822,1392,0.0034,0.2294,1.5,,-1.0193,0.3144,0.197,,,,
bob,1,28639822,1393,0.005,0.28,1.72,,-1.0163,0.3143,0.2204,,,,
bob,1,28639822,1394,0.0052,0.2965,2.02,,-1.0248,0.3141,0.2621,,,,
bob,1,28639822,1395,0.006,0.2544,1.54,,-1.0231,0.314,0.2007,,,,
bob,1,28639822,1396,0.0049,0.235,1.26,,-1.0158,0.3139,0.1667,,,,
bob,1,28639822,1397,0.0068,0.2912,1.82,,-1.0266,0.3137,0.2332,,,,
bob,1,28639822,1398,0.0048,0.2445,1.66,,-1.0153,0.3136,0.2142,,,,
bob,1,28639822,1399,0.0064,0.2271,1.38,,-1.0201,0.3135,0.176,,,,
bob,1,28639822,1400,0.0009,0.2452,1.58,,-1.0102,0.3133,0.2089,,,,
bob,1,28639822,1401,0.0055,0.2483,1.68,,-1.0213,0.3132,0.2164,,,,
bob,1,28639822,1402,0.0018,0.31,1.82,,-1.0232,0.3131,0.233,,,,
bob,1,28639822,1403,0.0061,0.265,1.6,,-1.014,0.3129,0.2081,,,,
bob,1,28639822,1404,0.0035,0.3171,2.1,,-1.0131,0.3128,0.2683,,,,
bob,1,28639822,1405,0.0016,0.2783,1.78,,-1.0201,0.3127,0.2341,,,,
bob,1,28639822,1406,0.0097,0.2267,1.52,,-1.0246,0.3125,0.1996,,,,
bob,1,28639822,1407,0.0041,0.2446,1.58,,-1.0172,0.3124,0.2007,,,,
bob,1,28639822,1408,0.0083,0.2457,1.6199999999999999,,-1.0126,0.3123,0.2121,,,,
bob,1,28639822,1409,0.0064,0.2264,1.52,,-1.0162,0.3121,0.2048,,,,
bob,1,28639822,1410,0.0064,0.198,1.34,,-1.0077,0.312,0.1738,,,,
bob,1,28639822,1411,0.0049,0.2412,1.5599999999999998,,-1.0156,0.3119,0.2022,,,,
bob,1,28639822,1412,0.0008,0.2459,1.6,,-1.0234,0.3117,0.2073,,,,
bob,1,28639822,1413,0.0019,0.249,1.58,,-1.0312,0.3116,0.21,,,,
bob,1,28639822,1414,0.0022,0.2473,1.48,,-1.0218,0.3115,0.1875,,,,
bob,1,28639822,1415,0.0099,0.2571,1.6400000000000001,,-1.0211,0.3113,0.2168,,,,
bob,1,28639822,1416,0.0065,0.2609,1.8399999999999999,,-1.027,0.3112,0.2366,,,,
bob,1,28639822,1417,0.0086,0.2357,1.68,,-1.0249,0.3111,0.2204,,,,
bob,1,28639822,1418,0.0075,0.2289,1.6199999999999999,,-1.0142,0.3109,0.2102,,,,
bob,1,28639822,1419,0.0106,0.2637,1.7999999999999998,,-1.0178,0.3108,0.229,,,,
bob,1,28639822,1420,0.0078,0.2441,1.82,,-1.0085,0.3107,0.2326,,,,
bob,1,28639822,1421,0.014,0.2698,1.78,,-1.0081,0.3105,0.2349,,,,
bob,1,28639822,1422,0.0107,0.2442,1.52,,-1.0081,0.3104,0.2,,,,
bob,1,28639822,1423,0.0124,0.2137,1.5599999999999998,,-1.013,0.3103,0.2063,,,,
bob,1,28639822,1424,0.0053,0.2657,1.78,,-1.0117,0.3101,0.2274,,,,
bob,1,28639822,1425,0.0105,0.2646,1.94,,-1.024,0.31,0.246,,,,
bob,1,28639822,1426,0.0034,0.2608,1.68,,-1.0147,0.3099,0.2198,,,,
bob,1,28639822,1427,0.0064,0.2561,2.0,,-1.0293,0.3097,0.2567,,,,
bob,1,28639822,1428,0.0097,0.2531,1.7399999999999998,,-1.0186,0.3096,0.2256,,,,
bob,1,28639822,1429,0.0056,0.2885,1.94,,-1.01,0.3095,0.2514,,,,
bob,1,28639822,1430,0.0069,0.253,1.82,,-1.0232,0.3093,0.2395,,,,
bob,1,28639822,1431,0.0078,0.2286,1.5,,-1.0229,0.3092,0.1967,,,,
bob,1,28639822,1432,0.0033,0.2346,1.52,,-1.0131,0.3091,0.2011,,,,
bob,1,28639822,1433,0.0093,0.2514,1.5,,-1.0195,0.3089,0.1968,,,,
bob,1,28639822,1434,0.0099,0.2035,1.28,,-1.0154,0.3088,0.1704,,,,
bob,1,28639822,1435,0.0067,0.2176,1.26,,-1.0106,0.3087,0.1679,,,,
bob,1,28639822,1436,0.0047,0.2203,1.28,,-1.0172,0.3085,0.1685,,,,
bob,1,28639822,1437,0.0102,0.221,1.32,,-1.029,0.3084,0.1738,,,,
bob,1,28639822,1438,0.0091,0.2481,1.54,,-1.0194,0.3083,0.1968,,,,
bob,1,28639822,1439,0.0085,0.2418,1.44,,-1.024,0.3081,0.1866,,,,
bob,1,28639822,1440,0.0052,0.2585,1.5,,-1.0236,0.308,0.2026,,,,
bob,1,28639822,1441,0.005,0.2542,1.7000000000000002,,-1.0131,0.3079,0.2216,,,,
bob,1,28639822,1442,0.0096,0.2445,1.72,,-1.0155,0.3077,0.2246,,,,
bob,1,28639822,1443,0.0057,0.2479,1.5,,-1.0193,0.3076,0.1985,,,,
bob,1,28639822,1444,0.0116,0.2841,1.9800000000000002,,-1.0171,0.3075,0.2478,,,,
bob,1,28639822,1445,0.008,0.234,1.32,,-1.0229,0.3073,0.1712,,,,
bob,1,28639822,1446,0.0029,0.2641,1.6,,-1.0227,0.3072,0.2065,,,,
bob,1,28639822,1447,0.0083,0.251,1.76,,-1.0025,0.3071,0.2254,,,,
bob,1,28639822,1448,0.0111,0.2473,1.6,,-1.0107,0.3069,0.2122,,,,
bob,1,28639822,1449,0.008,0.246,1.6400000000000001,,-1.0146,0.3068,0.2108,,,,
bob,1,28639822,1450,0.0049,0.2681,1.96,,-1.0183,0.3067,0.2541,,,,
bob,1,28639822,1451,0.009,0.2813,1.78,,-1.0208,0.3065,0.2272,,,,
bob,1,28639822,1452,0.0088,0.2473,1.6400000000000001,,-1.0343,0.3064,0.2138,,,,
bob,1,28639822,1453,0.0065,0.2442,1.76,,-1.0234,0.3063,0.2252,,,,
bob,1,28639822,1454,0.0006,0.2707,1.9,,-1.0225,0.3061,0.2495,,,,
bob,1,28639822,1455,0.0023,0.255,1.8800000000000001,,-1.0282,0.306,0.2371,,,,
bob,1,28639822,1456,0.0049,0.2679,1.94,,-1.0082,0.3059,0.2495,,,,
bob,1,28639822,1457,0.0066,0.2693,1.7399999999999998,,-1.0173,0.3057,0.2216,,,,
bob,1,28639822,1458,0.0037,0.261,1.8399999999999999,,-1.0125,0.3056,0.2357,,,,
bob,1,28639822,1459,0.0114,0.2905,1.66,,-1.0106,0.3055,0.2138,,,,
bob,1,28639822,1460,0.0169,0.2346,1.58,,-0.995,0.3053,0.2036,,,,
bob,1,28639822,1461,0.0062,0.2718,1.8800000000000001,,-1.0198,0.3052,0.2371,,,,
bob,1,28639822,1462,0.0177,0.2639,1.82,,-1.0316,0.3051,0.2369,,,,
bob,1,28639822,1463,0.0086,0.2461,1.7000000000000002,,-1.0173,0.3049,0.2178,,,,
bob,1,28639822,1464,0.0102,0.2316,1.3599999999999999,,-1.0136,0.3048,0.1792,,,,
bob,1,28639822,1465,0.0093,0.2239,1.4000000000000001,,-1.0157,0.3047,0.1852,,,,
bob,1,28639822,1466,0.0048,0.2639,1.48,,-1.0221,0.3045,0.1909,,,,
bob,1,28639822,1467,0.0112,0.2415,1.72,,-1.0192,0.3044,0.2239,,,,
bob,1,28639822,1468,0.0027,0.2396,1.76,,-1.0189,0.3043,0.2326,,,,
bob,1,28639822,1469,0.0011,0.2325,1.78,,-1.0242,0.3041,0.2292,,,,
bob,1,28639822,1470,0.0067,0.2944,2.02,,-1.025,0.304,0.2522,,,,
bob,1,28639822,1471,0.0127,0.2891,2.02,,-1.0215,0.3039,0.2622,,,,
bob,1,28639822,1472,0.0045,0.2683,1.9800000000000002,,-1.0162,0.3037,0.2531,,,,
bob,1,28639822,1473,0.007,0.2511,1.8399999999999999,,-1.0109,0.3036,0.2413,,,,
bob,1,28639822,1474,0.0136,0.2752,1.66,,-1.0105,0.3035,0.214,,,,
bob,1,28639822,1475,0.006,0.2573,1.72,,-1.0101,0.3033,0.22,,,,
bob,1,28639822,1476,0.0064,0.2762,1.9,,-0.9999,0.3032,0.2442,,,,
bob,1,28639822,1477,0.0123,0.2665,1.8599999999999999,,-1.007,0.3031,0.237,,,,
bob,1,28639822,1478,0.0089,0.2528,1.9800000000000002,,-1.0074,0.3029,0.2509,,,,
bob,1,28639822,1479,0.0075,0.2792,1.96,,-1.0174,0.3028,0.2563,,,,
bob,1,28639822,1480,0.0122,0.2887,1.68,,-1.0206,0.3027,0.2212,,,,
bob,1,28639822,1481,0.0019,0.2253,1.72,,-1.0165,0.3025,0.2222,,,,
bob,1,28639822,1482,0.0043,0.2681,2.26,,-1.0132,0.3024,0.2805,,,,
bob,1,28639822,1483,0.0115,0.2672,2.0,,-1.0105,0.3023,0.2636,,,,
bob,1,28639822,1484,0.0121,0.2658,2.08,,-1.0112,0.3021,0.2639,,,,
bob,1,28639822,1485,0.0032,0.2637,1.92,,-1.0188,0.302,0.2464,,,,
bob,1,28639822,1486,0.0085,0.2589,1.76,,-1.0198,0.3019,0.228,,,,
bob,1,28639822,1487,0.0047,0.2807,1.6199999999999999,,-1.0206,0.3017,0.2086,,,,
bob,1,28639822,1488,0.009,0.2741,1.58,,-1.0302,0.3016,0.2066,,,,
bob,1,28639822,1489,0.0045,0.2445,1.8800000000000001,,-1.023,0.3015,0.2428,,,,
bob,1,28639822,1490,0.0106,0.2739,1.9800000000000002,,-1.0238,0.3013,0.2509,,,,
bob,1,28639822,1491,0.0031,0.2613,1.72,,-1.0151,0.3012,0.2218,,,,
bob,1,28639822,1492,0.0142,0.2709,2.04,,-1.0189,0.3011,0.2635,,,,
bob,1,28639822,1493,0.0022,0.2433,1.6,,-1.0168,0.3009,0.2029,,,,
bob,1,28639822,1494,0.0101,0.2809,1.9800000000000002,,-1.0205,0.3008,0.2518,,,,
bob,1,28639822,1495,0.0111,0.2448,1.72,,-1.015,0.3007,0.2249,,,,
bob,1,28639822,1496,0.0036,0.252,1.6,,-1.0057,0.3005,0.208,,,,
bob,1,28639822,1497,0.0135,0.3101,1.94,,-1.0055,0.3004,0.2509,,,,
bob,1,28639822,1498,0.0117,0.2853,2.06,,-1.0157,0.3003,0.2643,,,,
bob,1,28639822,1499,0.0092,0.3002,1.78,,-1.0134,0.3001,0.2323,,,,
bob,1,28639822,1500,0.0085,0.2639,1.8599999999999999,,-1.0227,0.3,0.241,,,,
bob,1,28639822,1501,0.0064,0.2412,1.7999999999999998,,-1.0208,0.2999,0.2304,,,,
bob,1,28639822,1502,0.0023,0.2524,2.22,,-1.0261,0.2997,0.2809,,,,
bob,1,28639822,1503,0.0111,0.2705,1.9,,-1.0146,0.2996,0.246,,,,
bob,1,28639822,1504,0.0036,0.3038,2.4,,-1.023,0.2995,0.3007,,,,
bob,1,28639822,1505,0.0023,0.2608,2.18,,-1.0192,0.2993,0.2705,,,,
bob,1,28639822,1506,0.0039,0.3261,2.54,,-1.0149,0.2992,0.3222,,,,
bob,1,28639822,1507,0.0037,0.3204,2.4,,-1.0237,0.2991,0.3014,,,,
bob,1,28639822,1508,0.0094,0.3202,2.2800000000000002,,-1.0249,0.2989,0.295,,,,
bob,1,28639822,1509,0.0041,0.3051,2.26,,-1.0246,0.2988,0.2808,,,,
bob,1,28639822,1510,0.001,0.2399,1.9,,-1.0191,0.2987,0.2442,,,,
bob,1,28639822,1511,0.0072,0.2636,1.92,,-1.0169,0.2985,0.2468,,,,
bob,1,28639822,1512,0.0139,0.2553,1.9,,-1.0162,0.2984,0.2403,,,,
bob,1,28639822,1513,0.0119,0.2678,1.9800000000000002,,-1.0234,0.2983,0.2491,,,,
bob,1,28639822,1514,0.0057,0.2566,2.0,,-1.0149,0.2981,0.2563,,,,
bob,1,28639822,1515,0.0034,0.2518,1.7399999999999998,,-1.0148,0.298,0.2271,,,,
bob,1,28639822,1516,0.0047,0.2568,1.9,,-1.0241,0.2979,0.2473,,,,
bob,1,28639822,1517,0.0152,0.271,1.8599999999999999,,-1.0137,0.2977,0.2423,,,,
bob,1,28639822,1518,0.011,0.2518,2.06,,-1.0154,0.2976,0.2667,,,,
bob,1,28639822,1519,0.0047,0.2863,2.0,,-1.0121,0.2975,0.2567,,,,
bob,1,28639822,1520,0.007,0.2716,2.22,,-1.0136,0.2973,0.2794,,,,
bob,1,28639822,1521,0.0081,0.2656,1.96,,-1.0158,0.2972,0.2491,,,,
bob,1,28639822,1522,0.013,0.2771,1.96,,-1.0261,0.2971,0.2518,,,,
bob,1,28639822,1523,0.0015,0.2234,1.4000000000000001,,-1.0119,0.2969,0.1877,,,,
bob,1,28639822,1524,0.0096,0.2376,1.68,,-1.0218,0.2968,0.2162,,,,
bob,1,28639822,1525,0.0102,0.3155,2.0,,-1.0056,0.2967,0.2599,,,,
bob,1,28639822,1526,0.0137,0.3054,1.7999999999999998,,-1.0044,0.2965,0.2308,,,,
bob,1,28639822,1527,0.0129,0.2587,1.78,,-1.0065,0.2964,0.2299,,,,
bob,1,28639822,1528,0.0133,0.2809,1.78,,-1.0083,0.2963,0.2268,,,,
bob,1,28639822,1529,0.005,0.2978,1.8800000000000001,,-1.0128,0.2961,0.2429,,,,
bob,1,28639822,1530,0.0068,0.2328,1.7399999999999998,,-1.0197,0.296,0.2273,,,,
bob,1,28639822,1531,0.0122,0.26,2.0,,-1.0154,0.2959,0.2544,,,,
bob,1,28639822,1532,0.009,0.2369,1.5,,-0.9831,0.2957,0.1963,,,,
bob,1,28639822,1533,0.0138,0.2633,1.9,,-0.9877,0.2956,0.2433,,,,
bob,1,28639822,1534,0.019,0.2692,1.8800000000000001,,-1.0072,0.2955,0.2424,,,,
bob,1,28639822,1535,0.0046,0.2918,2.0,,-1.023,0.2953,0.2544,,,,
bob,1,28639822,1536,0.0186,0.293,1.94,,-1.0136,0.2952,0.2456,,,,
bob,1,28639822,1537,0.0048,0.3319,1.82,,-1.0134,0.2951,0.2387,,,,
bob,1,28639822,1538,0.0123,0.3066,1.7999999999999998,,-1.0053,0.2949,0.2302,,,,
bob,1,28639822,1539,0.006,0.2891,2.02,,-1.0255,0.2948,0.2585,,,,
bob,1,28639822,1540,0.0071,0.3169,2.34,,-1.0179,0.2947,0.2925,,,,
bob,1,28639822,1541,0.0066,0.2946,1.8599999999999999,,-1.0058,0.2945,0.2399,,,,
bob,1,28639822,1542,0.0129,0.2546,2.02,,-1.0132,0.2944,0.2554,,,,
bob,1,28639822,1543,0.0088,0.2307,2.0,,-1.0102,0.2943,0.2586,,,,
bob,1,28639822,1544,0.0076,0.279,2.22,,-1.014,0.2941,0.2767,,,,
bob,1,28639822,1545,0.006,0.3112,2.32,,-1.0177,0.294,0.29,,,,
bob,1,28639822,1546,0.0156,0.2564,2.1,,-1.0179,0.2939,0.2651,,,,
bob,1,28639822,1547,0.0093,0.2837,2.02,,-1.0125,0.2937,0.2645,,,,
bob,1,28639822,1548,0.0024,0.2848,1.9800000000000002,,-1.0162,0.2936,0.2564,,,,
bob,1,28639822,1549,0.0085,0.2918,2.18,,-1.0121,0.2935,0.2743,,,,
bob,1,28639822,1550,0.0039,0.2474,1.8800000000000001,,-1.0206,0.2933,0.245,,,,
bob,1,28639822,1551,0.003,0.276,2.16,,-0.999,0.2932,0.2755,,,,
bob,1,28639822,1552,0.0166,0.277,1.82,,-0.9918,0.2931,0.2337,,,,
bob,1,28639822,1553,0.0055,0.2613,2.04,,-0.9937,0.2929,0.2609,,,,
bob,1,28639822,1554,0.0065,0.2606,2.1,,-1.0149,0.2928,0.266,,,,
bob,1,28639822,1555,0.0043,0.287,1.94,,-1.0177,0.2927,0.2391,,,,
bob,1,28639822,1556,0.0053,0.2727,2.2399999999999998,,-1.015,0.2925,0.285,,,,
bob,1,28639822,1557,0.0049,0.305,2.08,,-1.0129,0.2924,0.2647,,,,
bob,1,28639822,1558,0.012,0.3013,2.44,,-1.0205,0.2923,0.3097,,,,
bob,1,28639822,1559,0.0149,0.2966,2.26,,-1.0154,0.2921,0.2922,,,,
bob,1,28639822,1560,0.0034,0.2761,2.02,,-1.0235,0.292,0.2618,,,,
bob,1,28639822,1561,0.0043,0.3104,2.1999999999999997,,-1.0187,0.2919,0.2762,,,,
bob,1,28639822,1562,0.0081,0.2818,2.16,,-1.0181,0.2917,0.274,,,,
bob,1,28639822,1563,0.0067,0.2592,1.94,,-1.012,0.2916,0.2554,,,,
bob,1,28639822,1564,0.0046,0.3513,2.3800000000000003,,-1.0203,0.2915,0.2974,,,,
bob,1,28639822,1565,0.0078,0.2941,2.08,,-1.0132,0.2913,0.2653,,,,
bob,1,28639822,1566,0.005,0.2823,1.7399999999999998,,-1.0175,0.2912,0.2254,,,,
bob,1,28639822,1567,0.0072,0.2264,1.54,,-1.0235,0.2911,0.1971,,,,
bob,1,28639822,1568,0.005,0.2746,2.34,,-1.0203,0.2909,0.2912,,,,
bob,1,28639822,1569,0.0081,0.2595,2.1399999999999997,,-1.0179,0.2908,0.2703,,,,
bob,1,28639822,1570,0.0041,0.244,1.76,,-0.9969,0.2907,0.2299,,,,
bob,1,28639822,1571,0.0188,0.2626,2.04,,-1.0201,0.2905,0.2625,,,,
bob,1,28639822,1572,0.0031,0.2326,1.72,,-1.0146,0.2904,0.2212,,,,
bob,1,28639822,1573,0.0088,0.2425,1.76,,-1.0224,0.2903,0.2318,,,,
bob,1,28639822,1574,0.0117,0.2575,1.9,,-1.0223,0.2901,0.2482,,,,
bob,1,28639822,1575,0.0044,0.2474,1.72,,-1.0114,0.29,0.2269,,,,
bob,1,28639822,1576,0.0027,0.2202,1.68,,-1.0196,0.2899,0.2139,,,,
bob,1,28639822,1577,0.012,0.2545,1.78,,-1.0185,0.2897,0.231,,,,
bob,1,28639822,1578,0.0051,0.2251,1.72,,-1.0175,0.2896,0.2214,,,,
bob,1,28639822,1579,0.0066,0.3143,1.9,,-1.0213,0.2895,0.2397,,,,
bob,1,28639822,1580,0.0061,0.2704,2.16,,-1.0077,0.2893,0.2737,,,,
bob,1,28639822,1581,0.004,0.3151,2.5,,-1.0247,0.2892,0.3084,,,,
bob,1,28639822,1582,0.0153,0.2137,1.7000000000000002,,-1.017,0.2891,0.2259,,,,
bob,1,28639822,1583,0.0044,0.2213,1.72,,-1.025,0.2889,0.2259,,,,
bob,1,28639822,1584,0.0047,0.2288,1.5599999999999998,,-1.0275,0.2888,0.2135,,,,
bob,1,28639822,1585,0.005,0.2779,1.66,,-1.0266,0.2887,0.2078,,,,
bob,1,28639822,1586,0.0042,0.2744,1.96,,-1.0264,0.2885,0.2522,,,,
bob,1,28639822,1587,0.0166,0.2962,2.08,,-1.0174,0.2884,0.2596,,,,
bob,1,28639822,1588,0.007,0.2711,1.76,,-1.02,0.2883,0.2302,,,,
bob,1,28639822,1589,0.0078,0.2527,1.92,,-1.0275,0.2881,0.246,,,,
bob,1,28639822,1590,0.0152,0.2919,1.7000000000000002,,-1.0165,0.288,0.2299,,,,
bob,1,28639822,1591,0.004,0.255,1.9,,-1.0239,0.2879,0.2387,,,,
bob,1,28639822,1592,0.0106,0.2897,1.9800000000000002,,-1.025,0.2877,0.2595,,,,
bob,1,28639822,1593,0.0076,0.3199,2.22,,-1.0227,0.2876,0.2804,,,,
bob,1,28639822,1594,0.0089,0.2785,2.16,,-1.0137,0.2875,0.2771,,,,
bob,1,28639822,1595,0.0056,0.2841,2.1999999999999997,,-1.0215,0.2873,0.2832,,,,
bob,1,28639822,1596,0.0056,0.2379,1.7999999999999998,,-1.025,0.2872,0.2338,,,,
bob,1,28639822,1597,0.0037,0.2884,2.02,,-1.0158,0.2871,0.2557,,,,
bob,1,28639822,1598,0.0064,0.2648,1.96,,-1.0146,0.2869,0.2536,,,,
bob,1,28639822,1599,0.0181,0.2606,2.04,,-1.0024,0.2868,0.2658,,,,
bob,1,28639822,1600,0.0073,0.2414,1.72,,-1.0043,0.2867,0.2242,,,,
bob,1,28639822,1601,0.0126,0.2536,1.9,,-1.0111,0.2865,0.2451,,,,
bob,1,28639822,1602,0.0074,0.211,1.44,,-1.0141,0.2864,0.1904,,,,
bob,1,28639822,1603,0.0088,0.2395,1.72,,-1.0233,0.2863,0.2246,,,,
bob,1,28639822,1604,0.0068,0.248,1.92,,-1.0231,0.2861,0.2482,,,,
bob,1,28639822,1605,0.0041,0.2493,1.66,,-1.0183,0.286,0.2173,,,,
bob,1,28639822,1606,0.0019,0.2559,1.72,,-1.0261,0.2859,0.2271,,,,
bob,1,28639822,1607,0.0084,0.2596,1.6199999999999999,,-1.0113,0.2857,0.2093,,,,
bob,1,28639822,1608,0.0064,0.2269,1.72,,-1.0147,0.2856,0.2255,,,,
bob,1,28639822,1609,0.0105,0.2393,1.7399999999999998,,-1.0271,0.2855,0.2308,,,,
bob,1,28639822,1610,0.0062,0.2259,1.6199999999999999,,-1.0213,0.2853,0.2144,,,,
bob,1,28639822,1611,0.0051,0.2689,1.9,,-1.012,0.2852,0.2455,,,,
bob,1,28639822,1612,0.0127,0.2792,1.7000000000000002,,-1.0175,0.2851,0.225,,,,
bob,1,28639822,1613,0.0075,0.2624,1.8399999999999999,,-1.0064,0.2849,0.2392,,,,
bob,1,28639822,1614,0.0116,0.2549,2.06,,-1.0177,0.2848,0.2596,,,,
bob,1,28639822,1615,0.0019,0.2205,1.6,,-1.025,0.2847,0.2114,,,,
bob,1,28639822,1616,0.003,0.2487,1.72,,-1.0134,0.2845,0.222,,,,
bob,1,28639822,1617,0.0036,0.2516,1.9,,-1.0021,0.2844,0.241,,,,
bob,1,28639822,1618,0.0146,0.2863,2.32,,-1.0088,0.2843,0.2837,,,,
bob,1,28639822,1619,0.0137,0.2832,2.06,,-0.9861,0.2841,0.2717,,,,
bob,1,28639822,1620,0.0045,0.2725,2.1399999999999997,,-1.0194,0.284,0.2788,,,,
bob,1,28639822,1621,0.0148,0.2689,1.8399999999999999,,-1.0238,0.2839,0.2392,,,,
bob,1,28639822,1622,0.0091,0.2498,1.72,,-1.0206,0.2837,0.2256,,,,
bob,1,28639822,1623,0.0039,0.2431,2.0,,-1.0245,0.2836,0.2571,,,,
bob,1,28639822,1624,0.004,0.2514,1.9800000000000002,,-1.0288,0.2835,0.2518,,,,
bob,1,28639822,1625,0.0058,0.251,2.08,,-1.0087,0.2833,0.2674,,,,
bob,1,28639822,1626,0.0088,0.2336,1.72,,-1.0149,0.2832,0.2305,,,,
bob,1,28639822,1627,0.009,0.2358,1.68,,-1.0222,0.2831,0.218,,,,
bob,1,28639822,1628,0.0114,0.2133,1.54,,-1.0104,0.2829,0.1996,,,,
bob,1,28639822,1629,0.0109,0.2328,1.6,,-1.0106,0.2828,0.2072,,,,
bob,1,28639822,1630,0.0045,0.2503,1.94,,-1.0346,0.2827,0.2491,,,,
bob,1,28639822,1631,0.0144,0.2664,1.9,,-1.0156,0.2825,0.2424,,,,
bob,1,28639822,1632,0.0129,0.2846,2.36,,-1.0234,0.2824,0.2942,,,,
bob,1,28639822,1633,0.0041,0.3213,2.1999999999999997,,-1.0124,0.2823,0.2763,,,,
bob,1,28639822,1634,0.0103,0.3061,2.46,,-1.0146,0.2821,0.305,,,,
bob,1,28639822,1635,0.0109,0.251,2.0,,-1.0261,0.282,0.2613,,,,
bob,1,28639822,1636,0.0077,0.2649,2.06,,-1.0117,0.2819,0.2646,,,,
bob,1,28639822,1637,0.0097,0.2631,2.1999999999999997,,-1.0147,0.2817,0.2782,,,,
bob,1,28639822,1638,0.0059,0.2676,2.04,,-1.0131,0.2816,0.261,,,,
bob,1,28639822,1639,0.0059,0.2287,1.8599999999999999,,-1.0223,0.2815,0.2445,,,,
bob,1,28639822,1640,0.0071,0.279,2.06,,-1.0122,0.2813,0.2598,,,,
bob,1,28639822,1641,0.0104,0.2649,2.12,,-1.0099,0.2812,0.2788,,,,
bob,1,28639822,1642,0.0042,0.2426,1.8800000000000001,,-1.0093,0.2811,0.2429,,,,
bob,1,28639822,1643,0.006,0.2494,1.58,,-1.0131,0.2809,0.2091,,,,
bob,1,28639822,1644,0.0154,0.2449,1.8399999999999999,,-1.0208,0.2808,0.2327,,,,
bob,1,28639822,1645,0.0128,0.2336,1.8399999999999999,,-1.0131,0.2807,0.2383,,,,
bob,1,28639822,1646,0.007,0.2502,1.96,,-1.0153,0.2805,0.2558,,,,
bob,1,28639822,1647,0.0139,0.3143,2.12,,-1.0133,0.2804,0.2744,,,,
bob,1,28639822,1648,0.0123,0.2788,2.1399999999999997,,-1.015,0.2803,0.2674,,,,
bob,1,28639822,1649,0.0136,0.2706,2.04,,-1.0136,0.2801,0.2599,,,,
bob,1,28639822,1650,0.0067,0.2947,2.26,,-1.0235,0.28,0.2723,,,,
bob,1,28639822,1651,0.0074,0.2906,2.2800000000000002,,-1.0161,0.2799,0.292,,,,
bob,1,28639822,1652,0.0037,0.2758,2.1,,-1.0244,0.2797,0.2679,,,,
bob,1,28639822,1653,0.0027,0.2816,2.2399999999999998,,-1.0173,0.2796,0.2913,,,,
bob,1,28639822,1654,0.0112,0.2725,2.2800000000000002,,-1.0098,0.2795,0.29,,,,
bob,1,28639822,1655,0.0049,0.2775,2.16,,-1.0037,0.2793,0.2727,,,,
bob,1,28639822,1656,0.0095,0.2657,2.16,,-1.0101,0.2792,0.2719,,,,
bob,1,28639822,1657,0.0073,0.2796,1.8599999999999999,,-1.0199,0.2791,0.2401,,,,
bob,1,28639822,1658,0.0079,0.2861,2.16,,-1.0219,0.2789,0.2771,,,,
bob,1,28639822,1659,0.0063,0.3005,2.16,,-1.0237,0.2788,0.2769,,,,
bob,1,28639822,1660,0.0102,0.2863,2.18,,-1.0106,0.2787,0.2772,,,,
bob,1,28639822,1661,0.0025,0.2385,2.1,,-1.0176,0.2785,0.2669,,,,
bob,1,28639822,1662,0.0103,0.2715,2.16,,-1.0082,0.2784,0.2768,,,,
bob,1,28639822,1663,0.0089,0.2481,2.34,,-1.0071,0.2783,0.2852,,,,
bob,1,28639822,1664,0.0021,0.2878,2.54,,-1.0208,0.2781,0.3238,,,,
bob,1,28639822,1665,0.0032,0.313,2.5,,-1.0125,0.278,0.3157,,,,
bob,1,28639822,1666,0.0083,0.284,2.22,,-1.0084,0.2779,0.2842,,,,
bob,1,28639822,1667,0.0036,0.3211,2.56,,-1.0066,0.2777,0.3216,,,,
bob,1,28639822,1668,0.009,0.2967,2.46,,-1.0206,0.2776,0.3139,,,,
bob,1,28639822,1669,0.0052,0.2769,2.34,,-1.0188,0.2775,0.2887,,,,
bob,1,28639822,1670,0.0058,0.3009,2.54,,-1.0243,0.2773,0.3206,,,,
bob,1,28639822,1671,0.0067,0.2673,2.34,,-1.0164,0.2772,0.2965,,,,
bob,1,28639822,1672,0.0035,0.3082,2.64,,-1.0051,0.2771,0.3259,,,,
bob,1,28639822,1673,0.0065,0.3139,2.3,,-1.021,0.2769,0.292,,,,
bob,1,28639822,1674,0.0063,0.2903,2.1999999999999997,,-1.0091,0.2768,0.2784,,,,
bob,1,28639822,1675,0.0072,0.314,2.48,,-1.003,0.2767,0.3045,,,,
bob,1,28639822,1676,0.0077,0.2969,2.42,,-1.0195,0.2765,0.3071,,,,
bob,1,28639822,1677,0.0039,0.2876,2.6599999999999997,,-1.0216,0.2764,0.3322,,,,
bob,1,28639822,1678,0.01,0.2676,2.36,,-1.0159,0.2763,0.2967,,,,
bob,1,28639822,1679,0.0118,0.2691,2.1999999999999997,,-1.0066,0.2761,0.2837,,,,
bob,1,28639822,1680,0.0044,0.2871,2.1999999999999997,,-1.0154,0.276,0.2789,,,,
bob,1,28639822,1681,0.0082,0.2499,2.26,,-1.0144,0.2759,0.2882,,,,
bob,1,28639822,1682,0.011,0.2913,2.3,,-1.0188,0.2757,0.2923,,,,
bob,1,28639822,1683,0.0058,0.2425,2.1399999999999997,,-1.0175,0.2756,0.2684,,,,
bob,1,28639822,1684,0.0094,0.2803,2.34,,-1.0234,0.2755,0.2922,,,,
bob,1,28639822,1685,0.0072,0.2958,2.62,,-1.024,0.2753,0.3276,,,,
bob,1,28639822,1686,0.0073,0.3178,2.48,,-1.0154,0.2752,0.3105,,,,
bob,1,28639822,1687,0.0027,0.2612,1.8800000000000001,,-1.0228,0.2751,0.2403,,,,
bob,1,28639822,1688,0.0047,0.2821,2.34,,-1.0084,0.2749,0.2956,,,,
bob,1,28639822,1689,0.0062,0.2622,2.0,,-1.0068,0.2748,0.2633,,,,
bob,1,28639822,1690,0.0096,0.2609,1.94,,-1.0113,0.2747,0.2527,,,,
bob,1,28639822,1691,0.0046,0.313,2.08,,-1.0095,0.2745,0.2637,,,,
bob,1,28639822,1692,0.0046,0.2896,1.8800000000000001,,-1.0122,0.2744,0.242,,,,
bob,1,28639822,1693,0.0019,0.2531,1.9800000000000002,,-1.0192,0.2743,0.2518,,,,
bob,1,28639822,1694,0.0082,0.2497,1.94,,-1.0048,0.2741,0.2541,,,,
bob,1,28639822,1695,0.0096,0.292,2.12,,-1.0181,0.274,0.2703,,,,
bob,1,28639822,1696,0.0144,0.3144,2.32,,-1.0183,0.2739,0.294,,,,
bob,1,28639822,1697,0.0079,0.2296,1.76,,-1.0189,0.2737,0.2252,,,,
bob,1,28639822,1698,0.0065,0.2465,1.9800000000000002,,-1.0196,0.2736,0.2545,,,,
bob,1,28639822,1699,0.0023,0.2699,1.8599999999999999,,-1.0145,0.2735,0.2411,,,,
bob,1,28639822,1700,0.0011,0.3169,2.2399999999999998,,-1.0149,0.2733,0.2835,,,,
bob,1,28639822,1701,0.011,0.2855,1.96,,-1.0158,0.2732,0.2465,,,,
bob,1,28639822,1702,0.0042,0.2724,2.08,,-1.0166,0.2731,0.2737,,,,
bob,1,28639822,1703,-0.0002,0.2895,1.92,,-1.0196,0.2729,0.246,,,,
bob,1,28639822,1704,0.0101,0.2727,1.96,,-1.0174,0.2728,0.2554,,,,
bob,1,28639822,1705,0.002,0.2882,2.3800000000000003,,-1.024,0.2727,0.2931,,,,
bob,1,28639822,1706,0.009,0.2464,1.82,,-1.0225,0.2725,0.2378,,,,
bob,1,28639822,1707,0.0029,0.2977,2.06,,-1.0143,0.2724,0.2628,,,,
bob,1,28639822,1708,0.0082,0.2814,1.9,,-1.0221,0.2723,0.238,,,,
bob,1,28639822,1709,0.007,0.3068,2.52,,-1.0239,0.2721,0.3198,,,,
bob,1,28639822,1710,0.0126,0.2819,2.62,,-1.0253,0.272,0.323,,,,
bob,1,28639822,1711,0.0077,0.2654,1.82,,-1.0107,0.2719,0.2391,,,,
bob,1,28639822,1712,0.011,0.2725,2.42,,-1.0148,0.2717,0.3131,,,,
bob,1,28639822,1713,0.0096,0.2709,2.12,,-1.02,0.2716,0.2727,,,,
bob,1,28639822,1714,0.0054,0.2235,1.8399999999999999,,-1.0227,0.2715,0.2335,,,,
bob,1,28639822,1715,0.006,0.2641,2.04,,-1.0274,0.2713,0.2653,,,,
bob,1,28639822,1716,0.0061,0.2996,2.2800000000000002,,-1.0199,0.2712,0.2845,,,,
bob,1,28639822,1717,0.0064,0.2705,2.08,,-1.0141,0.2711,0.2622,,,,
bob,1,28639822,1718,0.004,0.2874,2.22,,-1.0086,0.2709,0.2842,,,,
bob,1,28639822,1719,0.0111,0.3045,2.5,,-1.0044,0.2708,0.3096,,,,
bob,1,28639822,1720,0.0062,0.2638,2.08,,-1.0101,0.2707,0.2739,,,,
bob,1,28639822,1721,0.0056,0.2671,2.06,,-1.0316,0.2705,0.2648,,,,
bob,1,28639822,1722,0.01,0.2719,2.34,,-1.0124,0.2704,0.2909,,,,
bob,1,28639822,1723,0.0044,0.288,2.1999999999999997,,-1.0203,0.2703,0.277,,,,
bob,1,28639822,1724,0.0083,0.275,2.34,,-1.0216,0.2701,0.298,,,,
bob,1,28639822,1725,0.011,0.2803,2.1999999999999997,,-1.0236,0.27,0.2886,,,,
bob,1,28639822,1726,0.0063,0.2973,2.46,,-1.0191,0.2699,0.3046,,,,
bob,1,28639822,1727,0.0094,0.269,2.12,,-1.0215,0.2697,0.2713,,,,
bob,1,28639822,1728,0.0046,0.2815,2.18,,-1.0121,0.2696,0.2796,,,,
bob,1,28639822,1729,0.0031,0.2929,2.1399999999999997,,-1.0154,0.2695,0.2716,,,,
bob,1,28639822,1730,0.0099,0.2606,2.0,,-1.0046,0.2693,0.2527,,,,
bob,1,28639822,1731,0.0123,0.2441,1.7399999999999998,,-1.0058,0.2692,0.2262,,,,
bob,1,28639822,1732,0.0064,0.2431,2.1399999999999997,,-1.0104,0.2691,0.271,,,,
bob,1,28639822,1733,0.0128,0.2634,1.94,,-1.0095,0.2689,0.25,,,,
bob,1,28639822,1734,0.0087,0.2465,1.8599999999999999,,-1.0149,0.2688,0.2396,,,,
bob,1,28639822,1735,0.0101,0.2661,1.6400000000000001,,-1.0175,0.2687,0.2208,,,,
bob,1,28639822,1736,0.0036,0.274,1.9,,-1.0173,0.2685,0.2464,,,,
bob,1,28639822,1737,0.0073,0.2656,2.02,,-1.0185,0.2684,0.2566,,,,
bob,1,28639822,1738,0.0085,0.2884,1.94,,-1.0102,0.2683,0.2527,,,,
bob,1,28639822,1739,0.0089,0.2816,2.3,,-1.0005,0.2681,0.2918,,,,
bob,1,28639822,1740,0.0067,0.2824,2.22,,-1.0225,0.268,0.2855,,,,
bob,1,28639822,1741,0.0065,0.3183,2.32,,-1.0102,0.2679,0.3012,,,,
bob,1,28639822,1742,0.0138,0.2513,1.96,,-1.0163,0.2677,0.2487,,,,
bob,1,28639822,1743,0.0114,0.3108,2.4,,-1.0047,0.2676,0.2986,,,,
bob,1,28639822,1744,0.0081,0.3021,2.2399999999999998,,-1.0159,0.2675,0.2832,,,,
bob,1,28639822,1745,0.0111,0.2757,1.94,,-1.0123,0.2673,0.2456,,,,
bob,1,28639822,1746,0.0089,0.2896,2.42,,-0.9974,0.2672,0.2985,,,,
bob,1,28639822,1747,0.0057,0.3381,2.7,,-1.0068,0.2671,0.3363,,,,
bob,1,28639822,1748,0.0078,0.331,2.52,,-1.0121,0.2669,0.3135,,,,
bob,1,28639822,1749,0.0075,0.2776,2.1,,-1.0099,0.2668,0.2757,,,,
bob,1,28639822,1750,0.0075,0.2779,2.22,,-1.0112,0.2667,0.2867,,,,
bob,1,28639822,1751,0.0047,0.2605,2.02,,-1.0144,0.2665,0.254,,,,
bob,1,28639822,1752,0.0079,0.2994,2.48,,-1.0122,0.2664,0.305,,,,
bob,1,28639822,1753,0.0097,0.3143,2.1,,-1.0177,0.2663,0.2654,,,,
bob,1,28639822,1754,0.0055,0.2735,2.1,,-1.0082,0.2661,0.2714,,,,
bob,1,28639822,1755,0.0003,0.3171,2.32,,-1.0346,0.266,0.2927,,,,
bob,1,28639822,1756,0.0036,0.2989,2.32,,-1.0189,0.2659,0.2902,,,,
bob,1,28639822,1757,0.0119,0.2685,2.1,,-1.0089,0.2657,0.2647,,,,
bob,1,28639822,1758,0.0076,0.2697,2.12,,-1.0265,0.2656,0.2772,,,,
bob,1,28639822,1759,0.0019,0.2604,1.8399999999999999,,-1.0036,0.2655,0.2458,,,,
bob,1,28639822,1760,0.0057,0.2774,2.1399999999999997,,-1.0199,0.2653,0.2667,,,,
bob,1,28639822,1761,0.0029,0.2613,1.92,,-1.0203,0.2652,0.2464,,,,
bob,1,28639822,1762,0.0087,0.2482,1.78,,-1.0165,0.2651,0.2324,,,,
bob,1,28639822,1763,0.0092,0.2796,2.22,,-1.0141,0.2649,0.2756,,,,
bob,1,28639822,1764,0.0079,0.2889,2.06,,-1.0256,0.2648,0.2583,,,,
bob,1,28639822,1765,0.003,0.324,2.18,,-1.0261,0.2647,0.286,,,,
bob,1,28639822,1766,0.0052,0.2454,2.0,,-1.0138,0.2645,0.2618,,,,
bob,1,28639822,1767,0.0012,0.2697,2.2399999999999998,,-1.0137,0.2644,0.2845,,,,
bob,1,28639822,1768,0.0089,0.3113,2.1999999999999997,,-1.0199,0.2643,0.2721,,,,
bob,1,28639822,1769,0.0053,0.2906,2.2399999999999998,,-1.0142,0.2641,0.2885,,,,
bob,1,28639822,1770,0.0102,0.2957,2.2399999999999998,,-1.0103,0.264,0.2835,,,,
bob,1,28639822,1771,0.008,0.2681,2.02,,-1.0066,0.2639,0.257,,,,
bob,1,28639822,1772,0.0089,0.2634,2.04,,-1.0195,0.2637,0.2649,,,,
bob,1,28639822,1773,0.0067,0.3104,2.4,,-1.0218,0.2636,0.3034,,,,
bob,1,28639822,1774,0.0073,0.3165,2.22,,-1.0226,0.2635,0.2825,,,,
bob,1,28639822,1775,0.0052,0.3373,2.18,,-1.0114,0.2633,0.2837,,,,
bob,1,28639822,1776,0.0068,0.3014,1.9800000000000002,,-1.0157,0.2632,0.2567,,,,
bob,1,28639822,1777,0.0086,0.2945,2.2399999999999998,,-1.0181,0.2631,0.2797,,,,
bob,1,28639822,1778,0.0076,0.274,2.02,,-1.0079,0.2629,0.253,,,,
bob,1,28639822,1779,0.0038,0.2616,1.8800000000000001,,-1.0052,0.2628,0.2432,,,,
bob,1,28639822,1780,0.0068,0.3114,2.06,,-1.0129,0.2627,0.2651,,,,
bob,1,28639822,1781,0.0082,0.289,2.16,,-1.0064,0.2625,0.2756,,,,
bob,1,28639822,1782,0.0088,0.2742,2.26,,-1.0095,0.2624,0.2865,,,,
bob,1,28639822,1783,0.0091,0.3082,2.48,,-1.0062,0.2623,0.3128,,,,
bob,1,28639822,1784,0.0086,0.3242,2.3,,-1.0186,0.2621,0.2923,,,,
bob,1,28639822,1785,0.0081,0.252,1.8399999999999999,,-1.0117,0.262,0.2406,,,,
bob,1,28639822,1786,0.007,0.2948,2.2800000000000002,,-1.0197,0.2619,0.2855,,,,
bob,1,28639822,1787,0.0115,0.2591,1.94,,-1.0212,0.2617,0.2434,,,,
bob,1,28639822,1788,0.0048,0.3015,2.34,,-1.0162,0.2616,0.3011,,,,
bob,1,28639822,1789,0.0026,0.2953,2.46,,-1.0178,0.2615,0.3122,,,,
bob,1,28639822,1790,0.007,0.3015,2.34,,-1.0172,0.2613,0.2977,,,,
bob,1,28639822,1791,0.0034,0.3125,2.42,,-1.0122,0.2612,0.3029,,,,
bob,1,28639822,1792,0.0054,0.3073,2.32,,-1.0138,0.2611,0.2862,,,,
bob,1,28639822,1793,0.0042,0.363,2.56,,-1.0204,0.2609,0.3199,,,,
bob,1,28639822,1794,0.0186,0.2913,2.2399999999999998,,-1.0161,0.2608,0.2944,,,,
bob,1,28639822,1795,0.0062,0.2717,2.2800000000000002,,-1.0123,0.2607,0.2877,,,,
bob,1,28639822,1796,0.0064,0.277,2.3800000000000003,,-0.997,0.2605,0.3012,,,,
bob,1,28639822,1797,0.0038,0.3235,2.6599999999999997,,-1.0151,0.2604,0.3294,,,,
bob,1,28639822,1798,0.0116,0.3327,2.3800000000000003,,-1.0246,0.2603,0.3003,,,,
bob,1,28639822,1799,0.0035,0.2787,2.18,,-1.0236,0.2601,0.2764,,,,
bob,1,28639822,1800,0.005,0.2587,2.34,,-1.0132,0.26,0.2862,,,,
bob,1,28639822,1801,0.0025,0.3147,2.6599999999999997,,-1.0232,0.2599,0.3235,,,,
bob,1,28639822,1802,0.0019,0.3543,2.92,,-1.0154,0.2597,0.3667,,,,
bob,1,28639822,1803,0.0058,0.301,2.48,,-1.0259,0.2596,0.3066,,,,
bob,1,28639822,1804,0.0027,0.2893,2.42,,-1.0153,0.2595,0.3061,,,,
bob,1,28639822,1805,0.008,0.2876,1.9800000000000002,,-1.0139,0.2593,0.259,,,,
bob,1,28639822,1806,0.004,0.3104,2.2800000000000002,,-1.0309,0.2592,0.2842,,,,
bob,1,28639822,1807,0.0011,0.3005,2.4,,-1.0153,0.2591,0.3002,,,,
bob,1,28639822,1808,0.0025,0.287,2.36,,-1.0201,0.2589,0.2951,,,,
bob,1,28639822,1809,0.0043,0.3081,2.4,,-1.0213,0.2588,0.3026,,,,
bob,1,28639822,1810,0.0071,0.3147,2.36,,-1.014,0.2587,0.2986,,,,
bob,1,28639822,1811,0.0065,0.2946,2.1,,-1.0168,0.2585,0.2732,,,,
bob,1,28639822,1812,0.0088,0.3835,2.5,,-1.0197,0.2584,0.3127,,,,
bob,1,28639822,1813,0.0071,0.2784,1.9800000000000002,,-1.0187,0.2583,0.2572,,,,
bob,1,28639822,1814,0.007,0.2786,2.32,,-1.0154,0.2581,0.2867,,,,
bob,1,28639822,1815,0.0116,0.298,2.08,,-0.9883,0.258,0.2668,,,,
bob,1,28639822,1816,0.01,0.297,2.1,,-1.0195,0.2579,0.2698,,,,
bob,1,28639822,1817,0.0045,0.2903,2.32,,-1.0182,0.2577,0.2937,,,,
bob,1,28639822,1818,0.0013,0.2858,2.1,,-1.0191,0.2576,0.2664,,,,
bob,1,28639822,1819,0.0042,0.2842,2.16,,-1.0193,0.2575,0.2784,,,,
bob,1,28639822,1820,0.0014,0.3305,2.3800000000000003,,-1.0222,0.2573,0.3032,,,,
bob,1,28639822,1821,0.0052,0.2877,2.16,,-1.0096,0.2572,0.2786,,,,
bob,1,28639822,1822,0.007,0.2731,2.04,,-1.003,0.2571,0.2589,,,,
bob,1,28639822,1823,0.0039,0.3051,2.54,,-1.0305,0.2569,0.3142,,,,
bob,1,28639822,1824,0.0016,0.2641,2.1399999999999997,,-1.0132,0.2568,0.2708,,,,
bob,1,28639822,1825,0.006,0.2778,2.04,,-1.009,0.2567,0.2622,,,,
bob,1,28639822,1826,0.0064,0.2443,1.7399999999999998,,-1.0079,0.2565,0.2305,,,,
bob,1,28639822,1827,0.005,0.2977,2.3,,-1.0094,0.2564,0.286,,,,
bob,1,28639822,1828,0.0058,0.2543,1.82,,-1.0037,0.2563,0.2339,,,,
bob,1,28639822,1829,0.0068,0.2776,2.1,,-1.003,0.2561,0.2654,,,,
bob,1,28639822,1830,0.0053,0.2842,2.3,,-1.0177,0.256,0.2882,,,,
bob,1,28639822,1831,0.0084,0.2934,2.18,,-1.0137,0.2559,0.2794,,,,
bob,1,28639822,1832,0.0054,0.2851,2.2800000000000002,,-0.9974,0.2557,0.2904,,,,
bob,1,28639822,1833,0.0061,0.2788,2.1999999999999997,,-0.9919,0.2556,0.2762,,,,
bob,1,28639822,1834,0.0031,0.3259,2.56,,-1.0215,0.2555,0.3136,,,,
bob,1,28639822,1835,0.0047,0.2981,2.2800000000000002,,-1.029,0.2553,0.29,,,,
bob,1,28639822,1836,0.0048,0.276,2.3,,-1.0184,0.2552,0.2993,,,,
bob,1,28639822,1837,0.0069,0.3207,2.36,,-0.9998,0.2551,0.296,,,,
bob,1,28639822,1838,0.0047,0.2976,2.3800000000000003,,-1.0178,0.2549,0.2964,,,,
bob,1,28639822,1839,0.007,0.2438,2.02,,-1.0262,0.2548,0.2594,,,,
bob,1,28639822,1840,0.0034,0.3187,2.22,,-1.0196,0.2547,0.2867,,,,
bob,1,28639822,1841,0.0049,0.2514,1.9,,-1.0167,0.2545,0.2404,,,,
bob,1,28639822,1842,0.0033,0.3016,2.08,,-1.0148,0.2544,0.2695,,,,
bob,1,28639822,1843,0.0053,0.2848,2.44,,-1.014,0.2543,0.3022,,,,
bob,1,28639822,1844,0.0062,0.3082,2.36,,-1.0277,0.2541,0.3019,,,,
bob,1,28639822,1845,0.0041,0.326,2.22,,-1.0203,0.254,0.2819,,,,
bob,1,28639822,1846,0.0072,0.3189,2.64,,-1.011,0.2539,0.3195,,,,
bob,1,28639822,1847,0.0078,0.3293,2.78,,-1.0033,0.2537,0.3544,,,,
bob,1,28639822,1848,0.0055,0.3063,2.22,,-1.0199,0.2536,0.282,,,,
bob,1,28639822,1849,0.0053,0.2715,2.22,,-1.0215,0.2535,0.2794,,,,
bob,1,28639822,1850,0.002,0.3258,2.58,,-1.0156,0.2533,0.3212,,,,
bob,1,28639822,1851,0.0041,0.2959,2.54,,-1.0159,0.2532,0.3192,,,,
bob,1,28639822,1852,0.0069,0.2797,2.1399999999999997,,-1.0046,0.2531,0.2753,,,,
bob,1,28639822,1853,0.0019,0.2645,2.1999999999999997,,-1.0099,0.2529,0.2763,,,,
bob,1,28639822,1854,0.0081,0.272,2.02,,-1.0085,0.2528,0.2566,,,,
bob,1,28639822,1855,0.0075,0.272,1.96,,-0.9949,0.2527,0.2483,,,,
bob,1,28639822,1856,0.0039,0.2909,2.1399999999999997,,-1.0146,0.2525,0.2719,,,,
bob,1,28639822,1857,0.0089,0.3063,2.56,,-1.0142,0.2524,0.3171,,,,
bob,1,28639822,1858,0.0032,0.3118,2.48,,-1.0123,0.2523,0.313,,,,
bob,1,28639822,1859,0.0035,0.289,2.2800000000000002,,-1.0129,0.2521,0.2908,,,,
bob,1,28639822,1860,0.0035,0.3194,2.5,,-1.0152,0.252,0.3103,,,,
bob,1,28639822,1861,0.0035,0.3288,2.7,,-1.0306,0.2519,0.3276,,,,
bob,1,28639822,1862,0.0066,0.305,2.04,,-1.0207,0.2517,0.2668,,,,
bob,1,28639822,1863,0.0051,0.2881,2.16,,-1.0135,0.2516,0.2737,,,,
bob,1,28639822,1864,0.0075,0.2931,1.78,,-1.0192,0.2515,0.2336,,,,
bob,1,28639822,1865,0.003,0.2936,2.34,,-1.0241,0.2513,0.2944,,,,
bob,1,28639822,1866,0.0049,0.2991,2.1399999999999997,,-1.0188,0.2512,0.2735,,,,
bob,1,28639822,1867,0.0022,0.2833,1.96,,-1.0037,0.2511,0.2518,,,,
bob,1,28639822,1868,0.0052,0.2917,2.32,,-1.0071,0.2509,0.2959,,,,
bob,1,28639822,1869,0.002,0.3212,2.42,,-1.0122,0.2508,0.3072,,,,
bob,1,28639822,1870,0.0092,0.2475,2.1,,-1.0085,0.2507,0.2695,,,,
bob,1,28639822,1871,0.0094,0.2733,2.0,,-1.0119,0.2505,0.2526,,,,
bob,1,28639822,1872,0.0051,0.3091,2.18,,-1.01,0.2504,0.2785,,,,
bob,1,28639822,1873,0.0124,0.291,1.9800000000000002,,-1.0117,0.2503,0.2513,,,,
bob,1,28639822,1874,0.0067,0.267,2.18,,-0.9952,0.2501,0.2737,,,,
bob,1,28639822,1875,0.0033,0.3062,2.2399999999999998,,-1.0144,0.25,0.282,,,,
bob,1,28639822,1876,0.0067,0.3168,2.52,,-1.0208,0.2499,0.3146,,,,
bob,1,28639822,1877,0.0023,0.288,2.0,,-1.0153,0.2497,0.2618,,,,
bob,1,28639822,1878,0.0013,0.2817,2.1999999999999997,,-1.0103,0.2496,0.2746,,,,
bob,1,28639822,1879,0.0068,0.2668,2.0,,-1.008,0.2495,0.2527,,,,
bob,1,28639822,1880,0.0036,0.2588,2.02,,-0.9992,0.2493,0.2557,,,,
bob,1,28639822,1881,0.0079,0.286,2.32,,-1.0186,0.2492,0.2964,,,,
bob,1,28639822,1882,0.0022,0.2672,2.0,,-1.0216,0.2491,0.2603,,,,
bob,1,28639822,1883,0.0036,0.2746,2.12,,-1.0279,0.2489,0.2735,,,,
bob,1,28639822,1884,0.0025,0.272,2.0,,-1.021,0.2488,0.2522,,,,
bob,1,28639822,1885,0.0028,0.2457,1.9,,-1.0132,0.2487,0.2518,,,,
bob,1,28639822,1886,0.0043,0.3003,1.94,,-1.012,0.2485,0.2487,,,,
bob,1,28639822,1887,0.0071,0.2554,1.8800000000000001,,-1.0075,0.2484,0.2437,,,,
bob,1,28639822,1888,0.0067,0.2563,1.92,,-1.0217,0.2483,0.2473,,,,
bob,1,28639822,1889,0.0071,0.2585,1.9800000000000002,,-1.0207,0.2481,0.2474,,,,
bob,1,28639822,1890,0.0028,0.2572,2.18,,-1.0133,0.248,0.2782,,,,
bob,1,28639822,1891,0.0025,0.2779,2.36,,-1.0191,0.2479,0.2917,,,,
bob,1,28639822,1892,0.0027,0.3035,2.36,,-1.0215,0.2477,0.2946,,,,
bob,1,28639822,1893,0.008,0.3192,2.44,,-1.0121,0.2476,0.307,,,,
bob,1,28639822,1894,0.0024,0.3175,2.2399999999999998,,-1.0119,0.2475,0.2832,,,,
bob,1,28639822,1895,0.0045,0.2444,1.7000000000000002,,-1.0123,0.2473,0.2182,,,,
bob,1,28639822,1896,0.0007,0.2714,2.22,,-1.0047,0.2472,0.2822,,,,
bob,1,28639822,1897,0.0027,0.2691,1.9800000000000002,,-1.0101,0.2471,0.2531,,,,
bob,1,28639822,1898,0.0045,0.2736,2.0,,-1.0132,0.2469,0.2617,,,,
bob,1,28639822,1899,0.0041,0.2598,2.12,,-1.0212,0.2468,0.2662,,,,
bob,1,28639822,1900,0.0013,0.2637,2.08,,-1.0194,0.2467,0.2609,,,,
bob,1,28639822,1901,0.0021,0.2679,2.2399999999999998,,-1.0333,0.2465,0.286,,,,
bob,1,28639822,1902,0.0046,0.2939,2.2399999999999998,,-1.0108,0.2464,0.2792,,,,
bob,1,28639822,1903,-0.0005,0.2782,2.52,,-1.0167,0.2463,0.3181,,,,
bob,1,28639822,1904,0.0057,0.2903,2.34,,-1.016,0.2461,0.2899,,,,
bob,1,28639822,1905,-0.0002,0.3066,2.08,,-1.017,0.246,0.2625,,,,
bob,1,28639822,1906,0.0008,0.3465,2.44,,-1.025,0.2459,0.3112,,,,
bob,1,28639822,1907,0.0074,0.3194,2.1399999999999997,,-1.008,0.2457,0.2721,,,,
bob,1,28639822,1908,0.003,0.2959,2.2399999999999998,,-1.0079,0.2456,0.2842,,,,
bob,1,28639822,1909,0.006,0.2685,2.06,,-1.0053,0.2455,0.27,,,,
bob,1,28639822,1910,0.0009,0.2842,2.06,,-1.0038,0.2453,0.2619,,,,
bob,1,28639822,1911,0.0075,0.2746,1.9800000000000002,,-1.0047,0.2452,0.25,,,,
bob,1,28639822,1912,0.005,0.2871,1.8399999999999999,,-1.0157,0.2451,0.2459,,,,
bob,1,28639822,1913,0.004,0.2705,1.9800000000000002,,-1.0123,0.2449,0.2517,,,,
bob,1,28639822,1914,0.0019,0.3036,2.36,,-1.0181,0.2448,0.2964,,,,
bob,1,28639822,1915,0.0027,0.3282,2.34,,-1.0121,0.2447,0.2842,,,,
bob,1,28639822,1916,0.0044,0.2958,2.1999999999999997,,-1.0108,0.2445,0.2819,,,,
bob,1,28639822,1917,0.0016,0.2952,2.2399999999999998,,-1.0182,0.2444,0.2782,,,,
bob,1,28639822,1918,0.0015,0.296,2.12,,-1.0223,0.2443,0.2658,,,,
bob,1,28639822,1919,0.0053,0.3048,2.36,,-1.018,0.2441,0.299,,,,
bob,1,28639822,1920,0.0025,0.2815,2.1399999999999997,,-1.0218,0.244,0.2754,,,,
bob,1,28639822,1921,0.0036,0.2899,2.1,,-1.0182,0.2439,0.2706,,,,
bob,1,28639822,1922,0.0027,0.2913,2.3,,-1.0182,0.2437,0.2865,,,,
bob,1,28639822,1923,0.0019,0.2808,2.0,,-1.0123,0.2436,0.2549,,,,
bob,1,28639822,1924,0.0038,0.2729,2.02,,-1.0169,0.2435,0.2584,,,,
bob,1,28639822,1925,0.0038,0.2884,2.2800000000000002,,-1.019,0.2433,0.2908,,,,
bob,1,28639822,1926,0.0061,0.2911,2.12,,-1.0218,0.2432,0.2703,,,,
bob,1,28639822,1927,0.0065,0.2861,2.08,,-1.0125,0.2431,0.2651,,,,
bob,1,28639822,1928,0.0027,0.2903,2.02,,-1.0092,0.2429,0.2596,,,,
bob,1,28639822,1929,0.0066,0.2695,1.9,,-1.0117,0.2428,0.2434,,,,
bob,1,28639822,1930,0.0058,0.333,2.4,,-1.0072,0.2427,0.2958,,,,
bob,1,28639822,1931,0.0036,0.2459,1.82,,-1.0258,0.2425,0.2338,,,,
bob,1,28639822,1932,0.0069,0.2773,1.7999999999999998,,-1.0215,0.2424,0.2364,,,,
bob,1,28639822,1933,0.0029,0.2642,2.1399999999999997,,-1.0226,0.2423,0.2749,,,,
bob,1,28639822,1934,0.0023,0.2793,2.4,,-1.0195,0.2421,0.2948,,,,
bob,1,28639822,1935,0.0031,0.3154,2.2399999999999998,,-1.0081,0.242,0.278,,,,
bob,1,28639822,1936,0.0013,0.2829,2.2800000000000002,,-1.0131,0.2419,0.2825,,,,
bob,1,28639822,1937,0.0046,0.3035,2.1999999999999997,,-1.0201,0.2417,0.2799,,,,
bob,1,28639822,1938,0.0054,0.2785,2.02,,-1.0227,0.2416,0.2594,,,,
bob,1,28639822,1939,0.0013,0.2924,1.92,,-1.0218,0.2415,0.2491,,,,
bob,1,28639822,1940,0.0017,0.2903,2.1,,-1.0219,0.2413,0.2688,,,,
bob,1,28639822,1941,0.0052,0.3011,2.1399999999999997,,-1.0189,0.2412,0.271,,,,
bob,1,28639822,1942,0.0023,0.317,2.52,,-1.0109,0.2411,0.3154,,,,
bob,1,28639822,1943,0.003,0.2803,1.96,,-1.0059,0.2409,0.2536,,,,
bob,1,28639822,1944,0.0037,0.3136,2.2800000000000002,,-1.0163,0.2408,0.2763,,,,
bob,1,28639822,1945,0.0031,0.2692,2.1999999999999997,,-1.0076,0.2407,0.2797,,,,
bob,1,28639822,1946,0.0063,0.2698,2.18,,-1.0132,0.2405,0.2762,,,,
bob,1,28639822,1947,0.002,0.2898,1.9800000000000002,,-1.0183,0.2404,0.25,,,,
bob,1,28639822,1948,0.0043,0.3132,2.1399999999999997,,-1.0166,0.2403,0.275,,,,
bob,1,28639822,1949,0.0059,0.2728,1.78,,-1.0093,0.2401,0.2286,,,,
bob,1,28639822,1950,0.0051,0.3031,2.26,,-1.0081,0.24,0.2847,,,,
bob,1,28639822,1951,0.0041,0.2575,2.06,,-1.0158,0.2399,0.2615,,,,
bob,1,28639822,1952,0.0022,0.2774,2.1,,-1.0132,0.2397,0.2677,,,,
bob,1,28639822,1953,0.0031,0.282,2.16,,-1.0118,0.2396,0.2697,,,,
bob,1,28639822,1954,0.0011,0.2887,2.0,,-1.01,0.2395,0.2553,,,,
bob,1,28639822,1955,0.0018,0.2976,2.36,,-1.012,0.2393,0.2997,,,,
bob,1,28639822,1956,0.0025,0.2892,2.06,,-1.0166,0.2392,0.2611,,,,
bob,1,28639822,1957,0.0007,0.2619,1.92,,-1.0161,0.2391,0.246,,,,
bob,1,28639822,1958,0.007,0.2707,1.9,,-1.0189,0.2389,0.2404,,,,
bob,1,28639822,1959,0.002,0.2913,2.12,,-1.0191,0.2388,0.2742,,,,
bob,1,28639822,1960,0.005,0.2695,1.96,,-1.0126,0.2387,0.2522,,,,
bob,1,28639822,1961,0.0013,0.2974,2.18,,-1.0152,0.2385,0.2768,,,,
bob,1,28639822,1962,0.0029,0.2791,1.96,,-1.024,0.2384,0.2527,,,,
bob,1,28639822,1963,0.0042,0.2343,1.9,,-1.0145,0.2383,0.2353,,,,
bob,1,28639822,1964,0.0025,0.2258,1.66,,-1.0102,0.2381,0.2128,,,,
bob,1,28639822,1965,0.0053,0.2659,1.82,,-1.0141,0.238,0.2352,,,,
bob,1,28639822,1966,0.0028,0.2895,2.02,,-1.0116,0.2379,0.258,,,,
bob,1,28639822,1967,0.0041,0.3183,2.1999999999999997,,-1.0124,0.2377,0.2767,,,,
bob,1,28639822,1968,0.0022,0.2814,2.0,,-1.0183,0.2376,0.2558,,,,
bob,1,28639822,1969,0.0027,0.3233,2.3,,-1.012,0.2375,0.2889,,,,
bob,1,28639822,1970,0.0027,0.3136,2.2800000000000002,,-1.0117,0.2373,0.2808,,,,
bob,1,28639822,1971,0.003,0.2825,2.16,,-1.0133,0.2372,0.2793,,,,
bob,1,28639822,1972,0.0061,0.2956,2.3,,-1.0156,0.2371,0.288,,,,
bob,1,28639822,1973,0.0029,0.2785,1.92,,-1.022,0.2369,0.2495,,,,
bob,1,28639822,1974,0.0022,0.2668,1.78,,-1.0313,0.2368,0.229,,,,
bob,1,28639822,1975,0.0046,0.2906,2.22,,-1.0094,0.2367,0.277,,,,
bob,1,28639822,1976,0.0079,0.2556,1.7399999999999998,,-1.0079,0.2365,0.2246,,,,
bob,1,28639822,1977,0.0064,0.3199,2.3800000000000003,,-1.0044,0.2364,0.2916,,,,
bob,1,28639822,1978,0.0057,0.2523,1.76,,-1.0035,0.2363,0.228,,,,
bob,1,28639822,1979,0.0036,0.2807,1.96,,-1.0148,0.2361,0.2527,,,,
bob,1,28639822,1980,0.0027,0.311,2.34,,-1.008,0.236,0.2955,,,,
bob,1,28639822,1981,0.0051,0.2424,1.7399999999999998,,-1.0162,0.2359,0.2309,,,,
bob,1,28639822,1982,0.006,0.2764,1.94,,-1.017,0.2357,0.2469,,,,
bob,1,28639822,1983,0.0024,0.2636,1.9,,-1.017,0.2356,0.2345,,,,
bob,1,28639822,1984,0.0075,0.282,2.16,,-1.0147,0.2355,0.2798,,,,
bob,1,28639822,1985,0.0017,0.2928,1.96,,-1.0142,0.2353,0.255,,,,
bob,1,28639822,1986,0.0056,0.2337,1.6199999999999999,,-1.0099,0.2352,0.2047,,,,
bob,1,28639822,1987,0.0016,0.2616,1.9,,-1.0137,0.2351,0.2482,,,,
bob,1,28639822,1988,0.004,0.2667,1.92,,-1.0143,0.2349,0.246,,,,
bob,1,28639822,1989,0.0083,0.2907,2.0,,-1.0056,0.2348,0.2531,,,,
bob,1,28639822,1990,0.0033,0.2535,1.66,,-1.0097,0.2347,0.217,,,,
bob,1,28639822,1991,0.0078,0.2734,1.92,,-1.013,0.2345,0.2469,,,,
bob,1,28639822,1992,0.0026,0.2327,1.6400000000000001,,-1.0136,0.2344,0.2164,,,,
bob,1,28639822,1993,0.0032,0.2603,1.78,,-1.0116,0.2343,0.2284,,,,
bob,1,28639822,1994,0.0055,0.2604,1.9,,-1.0175,0.2341,0.2421,,,,
bob,1,28639822,1995,0.0062,0.27,2.08,,-1.0104,0.234,0.2613,,,,
bob,1,28639822,1996,0.0049,0.3211,2.44,,-1.0109,0.2339,0.3005,,,,
bob,1,28639822,1997,0.0053,0.2753,2.18,,-1.0095,0.2337,0.2779,,,,
bob,1,28639822,1998,0.003,0.2682,2.02,,-1.0125,0.2336,0.2575,,,,
bob,1,28639822,1999,0.0042,0.2791,1.8800000000000001,,-1.0153,0.2335,0.2389,,,,
bob,1,28639822,2000,0.0054,0.2906,1.96,,-1.0083,0.2333,0.25,,,,
bob,1,28639822,2001,0.0054,0.2913,2.16,,-1.017,0.2332,0.276,,,,
bob,1,28639822,2002,0.0037,0.2927,2.06,,-1.0073,0.2331,0.2623,,,,
bob,1,28639822,2003,0.0042,0.3105,2.1399999999999997,,-1.0117,0.2329,0.273,,,,
bob,1,28639822,2004,0.0024,0.3312,2.44,,-1.0141,0.2328,0.3054,,,,
bob,1,28639822,2005,0.0077,0.264,2.26,,-1.0165,0.2327,0.2832,,,,
bob,1,28639822,2006,0.0046,0.2873,2.04,,-1.0188,0.2325,0.2513,,,,
bob,1,28639822,2007,0.0046,0.2789,1.7999999999999998,,-1.0176,0.2324,0.2338,,,,
bob,1,28639822,2008,0.0034,0.295,1.96,,-1.0126,0.2323,0.2496,,,,
bob,1,28639822,2009,0.0056,0.2883,2.16,,-1.0041,0.2321,0.2769,,,,
bob,1,28639822,2010,0.0025,0.2357,1.76,,-1.0146,0.232,0.2284,,,,
bob,1,28639822,2011,0.0019,0.2727,2.12,,-1.0142,0.2319,0.2675,,,,
bob,1,28639822,2012,0.0043,0.2836,2.06,,-1.0149,0.2317,0.2629,,,,
bob,1,28639822,2013,0.0042,0.2664,2.06,,-1.017,0.2316,0.257,,,,
bob,1,28639822,2014,0.0026,0.3137,2.1999999999999997,,-1.0164,0.2315,0.2712,,,,
bob,1,28639822,2015,0.0006,0.29,2.1399999999999997,,-1.0109,0.2313,0.2742,,,,
bob,1,28639822,2016,0.0045,0.3051,2.12,,-1.0128,0.2312,0.2732,,,,
bob,1,28639822,2017,0.0066,0.3175,2.1999999999999997,,-1.0151,0.2311,0.2816,,,,
bob,1,28639822,2018,0.0062,0.3049,2.2800000000000002,,-1.0213,0.2309,0.2941,,,,
bob,1,28639822,2019,0.0013,0.2846,1.9800000000000002,,-1.0156,0.2308,0.2531,,,,
bob,1,28639822,2020,0.001,0.2782,2.0,,-1.0166,0.2307,0.254,,,,
bob,1,28639822,2021,0.0058,0.2745,2.0,,-1.0141,0.2305,0.254,,,,
bob,1,28639822,2022,0.002,0.2944,1.8399999999999999,,-1.006,0.2304,0.2339,,,,
bob,1,28639822,2023,0.0061,0.2708,2.06,,-1.0086,0.2303,0.2619,,,,
bob,1,28639822,2024,0.0013,0.2881,2.08,,-1.0133,0.2301,0.2677,,,,
bob,1,28639822,2025,0.0046,0.3199,2.34,,-1.0117,0.23,0.2919,,,,
bob,1,28639822,2026,0.0037,0.2799,1.92,,-1.0127,0.2299,0.2442,,,,
bob,1,28639822,2027,0.0032,0.237,1.78,,-1.0152,0.2297,0.2297,,,,
bob,1,28639822,2028,0.0025,0.233,1.7999999999999998,,-1.0077,0.2296,0.2355,,,,
bob,1,28639822,2029,0.0034,0.2737,1.8599999999999999,,-1.0095,0.2295,0.234,,,,
bob,1,28639822,2030,0.0052,0.3055,2.32,,-1.0113,0.2293,0.2912,,,,
bob,1,28639822,2031,0.0039,0.2503,2.06,,-1.0122,0.2292,0.2642,,,,
bob,1,28639822,2032,0.0018,0.3135,2.1999999999999997,,-1.0127,0.2291,0.2713,,,,
bob,1,28639822,2033,0.0042,0.2778,1.6,,-1.0134,0.2289,0.2073,,,,
bob,1,28639822,2034,0.0044,0.2686,2.0,,-1.012,0.2288,0.2613,,,,
bob,1,28639822,2035,0.0072,0.3026,2.18,,-1.0087,0.2287,0.2769,,,,
bob,1,28639822,2036,0.0053,0.26,1.9800000000000002,,-1.0091,0.2285,0.2581,,,,
bob,1,28639822,2037,0.0054,0.2581,2.12,,-1.0046,0.2284,0.2652,,,,
bob,1,28639822,2038,0.003,0.2608,1.9800000000000002,,-1.0117,0.2283,0.2554,,,,
bob,1,28639822,2039,0.0052,0.2982,2.12,,-1.0201,0.2281,0.2616,,,,
bob,1,28639822,2040,0.0049,0.2695,1.8399999999999999,,-1.0069,0.228,0.2346,,,,
bob,1,28639822,2041,0.0071,0.3067,2.26,,-1.0075,0.2279,0.284,,,,
bob,1,28639822,2042,0.0048,0.2857,2.18,,-1.0143,0.2277,0.2801,,,,
bob,1,28639822,2043,0.0054,0.2771,1.6400000000000001,,-1.0079,0.2276,0.2173,,,,
bob,1,28639822,2044,0.0048,0.286,2.1399999999999997,,-1.0006,0.2275,0.2705,,,,
bob,1,28639822,2045,0.0023,0.3124,2.2800000000000002,,-1.0142,0.2273,0.2801,,,,
bob,1,28639822,2046,0.0026,0.3074,2.0,,-1.0187,0.2272,0.257,,,,
bob,1,28639822,2047,0.0058,0.2721,2.06,,-1.0075,0.2271,0.2633,,,,
bob,1,28639822,2048,0.0044,0.2842,1.94,,-1.005,0.2269,0.2469,,,,
bob,1,28639822,2049,0.0089,0.3059,2.0,,-1.0103,0.2268,0.2577,,,,
bob,1,28639822,2050,0.0043,0.2976,2.3,,-1.0123,0.2267,0.2845,,,,
bob,1,28639822,2051,0.0043,0.3153,2.02,,-1.01,0.2265,0.2575,,,,
bob,1,28639822,2052,0.0038,0.3283,2.3,,-1.012,0.2264,0.2928,,,,
bob,1,28639822,2053,0.003,0.247,1.6199999999999999,,-1.0139,0.2263,0.2116,,,,
bob,1,28639822,2054,0.0034,0.2992,2.02,,-1.0131,0.2261,0.2575,,,,
bob,1,28639822,2055,0.0009,0.2868,2.02,,-1.025,0.226,0.2557,,,,
bob,1,28639822,2056,0.006,0.3014,2.3,,-1.017,0.2259,0.2877,,,,
bob,1,28639822,2057,0.0042,0.2731,1.8599999999999999,,-1.0148,0.2257,0.2398,,,,
bob,1,28639822,2058,0.0028,0.2575,1.92,,-1.0164,0.2256,0.2482,,,,
bob,1,28639822,2059,0.003,0.2613,1.82,,-1.0173,0.2255,0.2375,,,,
bob,1,28639822,2060,0.0025,0.2967,1.94,,-1.013,0.2253,0.2496,,,,
bob,1,28639822,2061,0.0031,0.3027,2.2800000000000002,,-1.0194,0.2252,0.289,,,,
bob,1,28639822,2062,0.0048,0.2747,2.0,,-1.0137,0.2251,0.2504,,,,
bob,1,28639822,2063,0.0064,0.327,2.3,,-1.0177,0.2249,0.2943,,,,
bob,1,28639822,2064,0.0059,0.2919,2.18,,-1.0227,0.2248,0.2738,,,,
bob,1,28639822,2065,0.0031,0.2672,1.8599999999999999,,-1.0149,0.2247,0.2383,,,,
bob,1,28639822,2066,0.004,0.3539,2.6,,-1.0116,0.2245,0.3234,,,,
bob,1,28639822,2067,0.0035,0.3241,2.1,,-1.019,0.2244,0.2651,,,,
bob,1,28639822,2068,0.002,0.3139,2.22,,-1.0147,0.2243,0.2827,,,,
bob,1,28639822,2069,0.0047,0.2772,1.9800000000000002,,-1.0137,0.2241,0.2577,,,,
bob,1,28639822,2070,0.005,0.2783,2.18,,-1.0153,0.224,0.2762,,,,
bob,1,28639822,2071,0.0034,0.2736,1.96,,-1.0149,0.2239,0.2554,,,,
bob,1,28639822,2072,0.0075,0.2724,2.0,,-1.0203,0.2237,0.2562,,,,
bob,1,28639822,2073,0.0045,0.3317,2.2399999999999998,,-1.0151,0.2236,0.2837,,,,
bob,1,28639822,2074,0.0068,0.2772,1.8800000000000001,,-1.0078,0.2235,0.2429,,,,
bob,1,28639822,2075,0.0026,0.3057,2.16,,-1.0154,0.2233,0.2737,,,,
bob,1,28639822,2076,0.0079,0.2862,2.16,,-1.0164,0.2232,0.2735,,,,
bob,1,28639822,2077,0.0058,0.3549,2.76,,-1.0112,0.2231,0.3379,,,,
bob,1,28639822,2078,0.0046,0.2839,2.1999999999999997,,-1.0206,0.2229,0.2842,,,,
bob,1,28639822,2079,0.0061,0.3024,2.1,,-1.0159,0.2228,0.2646,,,,
bob,1,28639822,2080,0.0084,0.2502,1.8599999999999999,,-1.0165,0.2227,0.2367,,,,
bob,1,28639822,2081,0.0052,0.3084,2.08,,-1.0096,0.2225,0.2674,,,,
bob,1,28639822,2082,0.0058,0.2969,2.3800000000000003,,-1.0149,0.2224,0.3002,,,,
bob,1,28639822,2083,0.0047,0.2905,2.1399999999999997,,-1.0118,0.2223,0.2737,,,,
bob,1,28639822,2084,0.0065,0.2755,1.9800000000000002,,-1.0212,0.2221,0.254,,,,
bob,1,28639822,2085,0.0022,0.2955,1.94,,-1.0149,0.222,0.2545,,,,
bob,1,28639822,2086,0.003,0.31,2.18,,-1.0089,0.2219,0.2776,,,,
bob,1,28639822,2087,0.0047,0.3186,2.26,,-1.0082,0.2217,0.2842,,,,
bob,1,28639822,2088,0.0075,0.3103,2.36,,-1.0083,0.2216,0.2948,,,,
bob,1,28639822,2089,0.0079,0.3126,2.32,,-1.0156,0.2215,0.292,,,,
bob,1,28639822,2090,0.0026,0.3027,2.16,,-1.007,0.2213,0.2651,,,,
bob,1,28639822,2091,0.0023,0.294,2.32,,-1.0091,0.2212,0.2885,,,,
bob,1,28639822,2092,0.0046,0.3038,2.2399999999999998,,-1.0088,0.2211,0.2867,,,,
bob,1,28639822,2093,0.0069,0.2607,2.06,,-1.015,0.2209,0.2619,,,,
bob,1,28639822,2094,0.0069,0.2618,1.68,,-1.0124,0.2208,0.2194,,,,
bob,1,28639822,2095,0.0068,0.2468,1.7399999999999998,,-1.0181,0.2207,0.223,,,,
bob,1,28639822,2096,0.0026,0.3057,2.12,,-1.0243,0.2205,0.27,,,,
bob,1,28639822,2097,0.0023,0.2767,1.92,,-1.0158,0.2204,0.2469,,,,
bob,1,28639822,2098,0.006,0.3161,2.3,,-1.0217,0.2203,0.2822,,,,
bob,1,28639822,2099,0.0052,0.311,2.16,,-1.0135,0.2201,0.2776,,,,
bob,1,28639822,2100,0.0036,0.3001,2.1,,-1.0101,0.22,0.2618,,,,
bob,1,28639822,2101,0.0053,0.2944,2.0,,-1.0135,0.2199,0.2593,,,,
bob,1,28639822,2102,0.0043,0.2722,1.9,,-1.0106,0.2197,0.2389,,,,
bob,1,28639822,2103,0.0037,0.2976,2.48,,-1.0111,0.2196,0.3058,,,,
bob,1,28639822,2104,0.0063,0.2531,2.16,,-1.0235,0.2195,0.2771,,,,
bob,1,28639822,2105,0.0038,0.3257,2.4,,-1.0197,0.2193,0.3009,,,,
bob,1,28639822,2106,0.0031,0.3071,1.9800000000000002,,-1.0205,0.2192,0.2544,,,,
bob,1,28639822,2107,0.0017,0.2553,1.92,,-1.0146,0.2191,0.2447,,,,
bob,1,28639822,2108,-0.0,0.3084,2.08,,-1.0146,0.2189,0.264,,,,
bob,1,28639822,2109,0.0053,0.311,2.34,,-1.009,0.2188,0.2907,,,,
bob,1,28639822,2110,0.0001,0.2922,2.08,,-1.0101,0.2187,0.2618,,,,
bob,1,28639822,2111,0.0033,0.3245,2.2399999999999998,,-1.0157,0.2185,0.2825,,,,
bob,1,28639822,2112,0.0017,0.29,2.26,,-1.0141,0.2184,0.2769,,,,
bob,1,28639822,2113,0.0012,0.2792,2.02,,-1.0133,0.2183,0.2557,,,,
bob,1,28639822,2114,0.0074,0.3371,2.3800000000000003,,-1.0122,0.2181,0.3,,,,
bob,1,28639822,2115,0.0028,0.3116,2.22,,-1.011,0.218,0.2817,,,,
bob,1,28639822,2116,0.0059,0.3063,2.34,,-1.0155,0.2179,0.2884,,,,
bob,1,28639822,2117,0.0057,0.2966,2.1,,-1.024,0.2177,0.2682,,,,
bob,1,28639822,2118,0.006,0.3118,2.36,,-1.0144,0.2176,0.2917,,,,
bob,1,28639822,2119,0.0006,0.2644,2.0,,-1.0115,0.2175,0.2562,,,,
bob,1,28639822,2120,0.0038,0.2893,1.94,,-1.0174,0.2173,0.2523,,,,
bob,1,28639822,2121,0.0047,0.328,2.3,,-1.0144,0.2172,0.2948,,,,
bob,1,28639822,2122,0.0016,0.2726,2.12,,-1.0122,0.2171,0.2643,,,,
bob,1,28639822,2123,0.0049,0.3,2.1,,-1.0161,0.2169,0.2698,,,,
bob,1,28639822,2124,0.0056,0.2914,2.3800000000000003,,-1.0158,0.2168,0.2933,,,,
bob,1,28639822,2125,0.0057,0.2989,2.18,,-1.011,0.2167,0.2756,,,,
bob,1,28639822,2126,0.0033,0.2809,2.26,,-1.0161,0.2165,0.2808,,,,
bob,1,28639822,2127,0.0036,0.3248,2.52,,-1.011,0.2164,0.3103,,,,
bob,1,28639822,2128,0.0065,0.313,2.18,,-1.0156,0.2163,0.2771,,,,
bob,1,28639822,2129,0.0021,0.3405,2.74,,-1.0176,0.2161,0.3311,,,,
bob,1,28639822,2130,0.0071,0.3363,2.46,,-1.0157,0.216,0.3068,,,,
bob,1,28639822,2131,0.0034,0.2931,2.06,,-1.0163,0.2159,0.267,,,,
bob,1,28639822,2132,0.0031,0.309,2.12,,-1.0182,0.2157,0.2714,,,,
bob,1,28639822,2133,0.0042,0.2987,2.06,,-1.0144,0.2156,0.266,,,,
bob,1,28639822,2134,0.0067,0.2818,2.1399999999999997,,-1.008,0.2155,0.2663,,,,
bob,1,28639822,2135,0.0037,0.3165,2.4,,-1.0129,0.2153,0.3003,,,,
bob,1,28639822,2136,0.004,0.3272,2.4,,-1.0136,0.2152,0.2991,,,,
bob,1,28639822,2137,0.0058,0.3132,2.12,,-1.0088,0.2151,0.2745,,,,
bob,1,28639822,2138,0.0049,0.2935,2.2800000000000002,,-1.0192,0.2149,0.2931,,,,
bob,1,28639822,2139,0.0033,0.2965,2.18,,-1.0125,0.2148,0.2837,,,,
bob,1,28639822,2140,0.0072,0.2639,1.7999999999999998,,-1.0156,0.2147,0.2308,,,,
bob,1,28639822,2141,0.0015,0.2913,2.12,,-1.0198,0.2145,0.2652,,,,
bob,1,28639822,2142,0.0049,0.3149,2.54,,-1.0066,0.2144,0.3151,,,,
bob,1,28639822,2143,0.0093,0.3047,2.34,,-1.0127,0.2143,0.2993,,,,
bob,1,28639822,2144,0.0029,0.3108,2.46,,-1.0159,0.2141,0.3104,,,,
bob,1,28639822,2145,0.0028,0.3342,2.4,,-1.0104,0.214,0.3028,,,,
bob,1,28639822,2146,0.0056,0.2824,2.3800000000000003,,-1.0082,0.2139,0.3002,,,,
bob,1,28639822,2147,0.0097,0.3026,2.04,,-1.0089,0.2137,0.2685,,,,
bob,1,28639822,2148,0.0089,0.2626,1.8399999999999999,,-1.0111,0.2136,0.2372,,,,
bob,1,28639822,2149,0.0077,0.3028,2.22,,-1.0063,0.2135,0.274,,,,
bob,1,28639822,2150,0.003,0.3045,2.2399999999999998,,-1.0092,0.2133,0.285,,,,
bob,1,28639822,2151,0.0029,0.3079,2.1399999999999997,,-1.0135,0.2132,0.271,,,,
bob,1,28639822,2152,0.0053,0.2734,1.9800000000000002,,-1.0093,0.2131,0.2531,,,,
bob,1,28639822,2153,0.0046,0.2968,1.94,,-1.0175,0.2129,0.2536,,,,
bob,1,28639822,2154,0.0038,0.3196,2.22,,-1.0118,0.2128,0.2837,,,,
bob,1,28639822,2155,0.0013,0.2796,1.94,,-1.0106,0.2127,0.2487,,,,
bob,1,28639822,2156,0.0108,0.3143,2.34,,-1.0092,0.2125,0.2982,,,,
bob,1,28639822,2157,0.0085,0.2786,1.8399999999999999,,-1.0188,0.2124,0.2384,,,,
bob,1,28639822,2158,0.0014,0.2785,2.08,,-1.0153,0.2123,0.2573,,,,
bob,1,28639822,2159,0.005,0.288,2.1399999999999997,,-1.0106,0.2121,0.2765,,,,
bob,1,28639822,2160,0.0015,0.2718,2.02,,-1.0073,0.212,0.2552,,,,
bob,1,28639822,2161,0.0016,0.3189,2.4,,-1.0227,0.2119,0.304,,,,
bob,1,28639822,2162,0.0027,0.2772,2.06,,-1.0062,0.2117,0.2673,,,,
bob,1,28639822,2163,0.0051,0.2869,1.9,,-1.01,0.2116,0.242,,,,
bob,1,28639822,2164,0.0016,0.2806,2.0,,-1.002,0.2115,0.2589,,,,
bob,1,28639822,2165,0.0073,0.2807,2.0,,-1.0154,0.2113,0.2558,,,,
bob,1,28639822,2166,0.0091,0.2729,1.8800000000000001,,-1.0149,0.2112,0.2407,,,,
bob,1,28639822,2167,0.0073,0.2912,2.04,,-1.0137,0.2111,0.2649,,,,
bob,1,28639822,2168,0.0105,0.3027,1.9,,-1.0072,0.2109,0.246,,,,
bob,1,28639822,2169,0.0077,0.2928,2.1999999999999997,,-1.0106,0.2108,0.2746,,,,
bob,1,28639822,2170,0.0057,0.3183,2.12,,-1.0026,0.2107,0.2661,,,,
bob,1,28639822,2171,0.0054,0.3107,2.1,,-1.0155,0.2105,0.2695,,,,
bob,1,28639822,2172,0.0044,0.2954,2.08,,-1.0096,0.2104,0.2663,,,,
bob,1,28639822,2173,0.0048,0.2779,1.96,,-1.0111,0.2103,0.2554,,,,
bob,1,28639822,2174,0.0037,0.3239,2.08,,-1.0119,0.2101,0.269,,,,
bob,1,28639822,2175,0.0064,0.3327,2.64,,-1.0064,0.21,0.3176,,,,
bob,1,28639822,2176,0.006,0.2852,1.96,,-1.0071,0.2099,0.2541,,,,
bob,1,28639822,2177,0.0078,0.2836,2.16,,-1.0096,0.2097,0.2786,,,,
bob,1,28639822,2178,0.0026,0.3196,2.2399999999999998,,-1.0071,0.2096,0.288,,,,
bob,1,28639822,2179,0.0041,0.2728,1.94,,-1.0078,0.2095,0.2536,,,,
bob,1,28639822,2180,0.0016,0.2608,2.0,,-1.0147,0.2093,0.2534,,,,
bob,1,28639822,2181,0.0021,0.2912,2.02,,-1.0171,0.2092,0.258,,,,
bob,1,28639822,2182,0.007,0.2806,2.02,,-1.0116,0.2091,0.2552,,,,
bob,1,28639822,2183,0.0062,0.3166,2.1999999999999997,,-1.0121,0.2089,0.2802,,,,
bob,1,28639822,2184,0.0052,0.2786,1.8399999999999999,,-1.0065,0.2088,0.2404,,,,
bob,1,28639822,2185,0.0092,0.2895,2.04,,-1.0057,0.2087,0.261,,,,
bob,1,28639822,2186,0.0051,0.2794,1.9800000000000002,,-1.0117,0.2085,0.2549,,,,
bob,1,28639822,2187,0.0053,0.3124,2.22,,-1.008,0.2084,0.286,,,,
bob,1,28639822,2188,0.0082,0.2935,2.32,,-1.001,0.2083,0.288,,,,
bob,1,28639822,2189,0.0078,0.3411,2.4,,-1.0042,0.2081,0.3069,,,,
bob,1,28639822,2190,0.0071,0.344,2.44,,-1.017,0.208,0.3019,,,,
bob,1,28639822,2191,0.0035,0.2806,2.06,,-1.0203,0.2079,0.2613,,,,
bob,1,28639822,2192,0.0058,0.3304,2.42,,-1.008,0.2077,0.3003,,,,
bob,1,28639822,2193,0.0055,0.2981,2.06,,-1.0042,0.2076,0.2628,,,,
bob,1,28639822,2194,0.0009,0.2651,1.96,,-1.0046,0.2075,0.2513,,,,
bob,1,28639822,2195,0.01,0.3205,2.32,,-1.0144,0.2073,0.2899,,,,
bob,1,28639822,2196,0.0062,0.2683,1.82,,-1.0085,0.2072,0.2401,,,,
bob,1,28639822,2197,0.0038,0.2841,1.96,,-1.0158,0.2071,0.2527,,,,
bob,1,28639822,2198,0.0027,0.3033,2.3,,-1.0031,0.2069,0.2857,,,,
bob,1,28639822,2199,0.0054,0.3157,2.26,,-1.015,0.2068,0.2885,,,,
bob,1,28639822,2200,0.0053,0.2984,1.8599999999999999,,-1.0177,0.2067,0.2415,,,,
bob,1,28639822,2201,-0.0001,0.3132,2.6,,-1.0084,0.2065,0.3212,,,,
bob,1,28639822,2202,-0.0005,0.2885,2.1999999999999997,,-1.0053,0.2064,0.284,,,,
bob,1,28639822,2203,0.007,0.2894,2.1999999999999997,,-1.0122,0.2063,0.2804,,,,
bob,1,28639822,2204,0.0046,0.3157,2.1,,-1.0109,0.2061,0.2677,,,,
bob,1,28639822,2205,0.0044,0.3461,2.6,,-1.0076,0.206,0.3134,,,,
bob,1,28639822,2206,0.0032,0.3159,2.2800000000000002,,-1.0102,0.2059,0.292,,,,
bob,1,28639822,2207,0.0085,0.2957,2.1,,-1.0168,0.2057,0.2684,,,,
bob,1,28639822,2208,0.0013,0.2714,2.0,,-1.0143,0.2056,0.2631,,,,
bob,1,28639822,2209,0.0072,0.2814,2.12,,-1.0176,0.2055,0.2703,,,,
bob,1,28639822,2210,0.0034,0.29,2.0,,-1.011,0.2053,0.2526,,,,
bob,1,28639822,2211,0.001,0.3035,2.48,,-1.0098,0.2052,0.3086,,,,
bob,1,28639822,2212,0.0047,0.3093,2.5,,-1.0164,0.2051,0.3076,,,,
bob,1,28639822,2213,0.0028,0.3084,2.2800000000000002,,-1.0043,0.2049,0.2867,,,,
bob,1,28639822,2214,0.0018,0.2943,2.18,,-1.0112,0.2048,0.2791,,,,
bob,1,28639822,2215,0.0085,0.2777,1.8800000000000001,,-1.015,0.2047,0.2402,,,,
bob,1,28639822,2216,0.0093,0.3297,2.3800000000000003,,-1.0155,0.2045,0.3012,,,,
bob,1,28639822,2217,0.0046,0.31,2.16,,-1.0097,0.2044,0.2759,,,,
bob,1,28639822,2218,0.0032,0.2887,2.34,,-1.0089,0.2043,0.2939,,,,
bob,1,28639822,2219,0.0072,0.3297,2.6,,-1.0188,0.2041,0.323,,,,
bob,1,28639822,2220,0.0059,0.3069,2.04,,-1.0025,0.204,0.2611,,,,
bob,1,28639822,2221,0.0087,0.3274,2.32,,-1.0101,0.2039,0.2914,,,,
bob,1,28639822,2222,0.0047,0.312,2.36,,-1.0098,0.2037,0.2969,,,,
bob,1,28639822,2223,0.0055,0.3072,2.26,,-1.0167,0.2036,0.2882,,,,
bob,1,28639822,2224,0.0049,0.3253,2.22,,-1.0097,0.2035,0.2877,,,,
bob,1,28639822,2225,0.008,0.3055,2.06,,-1.0083,0.2033,0.2614,,,,
bob,1,28639822,2226,0.0078,0.304,2.36,,-1.0137,0.2032,0.3071,,,,
bob,1,28639822,2227,0.0094,0.2867,1.8800000000000001,,-1.0199,0.2031,0.2411,,,,
bob,1,28639822,2228,0.01,0.3174,2.3800000000000003,,-1.0131,0.2029,0.2948,,,,
bob,1,28639822,2229,0.0081,0.3545,2.54,,-1.0098,0.2028,0.3119,,,,
bob,1,28639822,2230,0.0085,0.2822,2.08,,-1.0162,0.2027,0.2677,,,,
bob,1,28639822,2231,0.0081,0.3009,2.32,,-1.0124,0.2025,0.297,,,,
bob,1,28639822,2232,0.0067,0.2936,2.12,,-1.009,0.2024,0.2647,,,,
bob,1,28639822,2233,0.0028,0.3172,2.3800000000000003,,-1.0095,0.2023,0.2984,,,,
bob,1,28639822,2234,0.0057,0.3244,2.5,,-1.0161,0.2021,0.3113,,,,
bob,1,28639822,2235,0.0104,0.3412,2.82,,-1.0076,0.202,0.3467,,,,
bob,1,28639822,2236,0.0072,0.3467,2.42,,-1.015,0.2019,0.3017,,,,
bob,1,28639822,2237,0.0088,0.2866,2.1999999999999997,,-1.0156,0.2017,0.2785,,,,
bob,1,28639822,2238,0.0089,0.3277,2.5,,-1.0106,0.2016,0.3153,,,,
bob,1,28639822,2239,0.0081,0.3208,2.44,,-1.0083,0.2015,0.3046,,,,
bob,1,28639822,2240,0.0014,0.3233,2.34,,-1.012,0.2013,0.2936,,,,
bob,1,28639822,2241,0.0024,0.3521,2.5,,-1.0125,0.2012,0.3076,,,,
bob,1,28639822,2242,0.0052,0.3372,2.62,,-1.0081,0.2011,0.3322,,,,
bob,1,28639822,2243,0.0106,0.2769,2.1399999999999997,,-1.0077,0.2009,0.2771,,,,
bob,1,28639822,2244,0.0098,0.3223,2.46,,-1.0111,0.2008,0.3073,,,,
bob,1,28639822,2245,0.0038,0.3211,2.34,,-1.0092,0.2007,0.2951,,,,
bob,1,28639822,2246,0.0057,0.2776,2.06,,-1.0058,0.2005,0.2674,,,,
bob,1,28639822,2247,0.0052,0.3148,2.64,,-1.0077,0.2004,0.3199,,,,
bob,1,28639822,2248,0.0059,0.3109,2.34,,-1.0154,0.2003,0.3037,,,,
bob,1,28639822,2249,0.0034,0.3059,2.58,,-1.0128,0.2001,0.3276,,,,
bob,1,28639822,2250,0.0023,0.3086,2.3800000000000003,,-1.0127,0.2,0.2988,,,,
bob,1,28639822,2251,0.0024,0.3221,2.56,,-1.007,0.1999,0.3085,,,,
bob,1,28639822,2252,0.0053,0.3489,2.7,,-1.0128,0.1997,0.3351,,,,
bob,1,28639822,2253,0.0041,0.3543,2.98,,-1.0116,0.1996,0.3607,,,,
bob,1,28639822,2254,0.0063,0.3558,2.78,,-1.0128,0.1995,0.3424,,,,
bob,1,28639822,2255,0.0035,0.3448,2.8400000000000003,,-1.0108,0.1993,0.3476,,,,
bob,1,28639822,2256,0.0018,0.3722,2.9000000000000004,,-1.0043,0.1992,0.3632,,,,
bob,1,28639822,2257,0.0102,0.3356,2.92,,-1.0089,0.1991,0.3455,,,,
bob,1,28639822,2258,0.0054,0.336,2.64,,-1.0097,0.1989,0.331,,,,
bob,1,28639822,2259,0.001,0.3568,2.96,,-1.0128,0.1988,0.3526,,,,
bob,1,28639822,2260,0.0095,0.3509,2.96,,-1.0104,0.1987,0.3652,,,,
bob,1,28639822,2261,0.0058,0.3277,2.7199999999999998,,-1.0137,0.1985,0.338,,,,
bob,1,28639822,2262,0.0049,0.3248,2.7,,-1.0114,0.1984,0.3368,,,,
bob,1,28639822,2263,0.0039,0.3066,2.58,,-1.0231,0.1983,0.3207,,,,
bob,1,28639822,2264,-0.0006,0.3671,2.7199999999999998,,-1.0132,0.1981,0.3362,,,,
bob,1,28639822,2265,0.002,0.3467,2.4,,-1.0119,0.198,0.2986,,,,
bob,1,28639822,2266,0.0033,0.3286,2.44,,-1.0225,0.1979,0.3096,,,,
bob,1,28639822,2267,0.0037,0.3444,2.58,,-1.0111,0.1977,0.3235,,,,
bob,1,28639822,2268,0.003,0.3266,2.34,,-1.0101,0.1976,0.2954,,,,
bob,1,28639822,2269,0.0064,0.3216,2.4,,-1.0205,0.1975,0.3099,,,,
bob,1,28639822,2270,0.0097,0.3169,2.54,,-1.017,0.1973,0.3188,,,,
bob,1,28639822,2271,0.0085,0.2906,2.1999999999999997,,-1.0013,0.1972,0.2845,,,,
bob,1,28639822,2272,0.0023,0.34,2.44,,-1.0052,0.1971,0.3045,,,,
bob,1,28639822,2273,0.0033,0.3347,2.52,,-1.0101,0.1969,0.3176,,,,
bob,1,28639822,2274,0.0039,0.3117,2.1999999999999997,,-1.0066,0.1968,0.2756,,,,
bob,1,28639822,2275,0.0066,0.3479,2.68,,-1.0164,0.1967,0.3416,,,,
bob,1,28639822,2276,0.0064,0.3193,2.34,,-1.0112,0.1965,0.2946,,,,
bob,1,28639822,2277,0.0093,0.2899,2.1999999999999997,,-1.0065,0.1964,0.2805,,,,
bob,1,28639822,2278,0.0102,0.3043,2.26,,-1.0122,0.1963,0.2837,,,,
bob,1,28639822,2279,0.0083,0.3305,2.52,,-1.0072,0.1961,0.3201,,,,
bob,1,28639822,2280,0.0084,0.3224,2.52,,-1.0134,0.196,0.3149,,,,
bob,1,28639822,2281,0.0062,0.3206,2.1999999999999997,,-1.0108,0.1959,0.2805,,,,
bob,1,28639822,2282,0.0007,0.3093,2.1399999999999997,,-1.0177,0.1957,0.2737,,,,
bob,1,28639822,2283,0.0099,0.3329,2.26,,-1.0154,0.1956,0.2867,,,,
bob,1,28639822,2284,0.0055,0.2962,2.12,,-1.0172,0.1955,0.2724,,,,
bob,1,28639822,2285,0.0034,0.3521,2.42,,-1.0162,0.1953,0.304,,,,
bob,1,28639822,2286,0.0107,0.2978,2.3,,-1.0133,0.1952,0.2902,,,,
bob,1,28639822,2287,0.0061,0.3339,2.56,,-1.0093,0.1951,0.319,,,,
bob,1,28639822,2288,0.0091,0.3459,2.56,,-1.0131,0.1949,0.3157,,,,
bob,1,28639822,2289,0.0042,0.3256,2.58,,-1.0027,0.1948,0.3253,,,,
bob,1,28639822,2290,0.0095,0.2913,2.08,,-1.001,0.1947,0.2605,,,,
bob,1,28639822,2291,0.0127,0.3019,2.2399999999999998,,-1.0123,0.1945,0.286,,,,
bob,1,28639822,2292,0.0107,0.3106,2.34,,-1.0077,0.1944,0.3032,,,,
bob,1,28639822,2293,0.0092,0.3178,2.1999999999999997,,-1.0064,0.1943,0.284,,,,
bob,1,28639822,2294,0.006,0.3129,2.44,,-1.0108,0.1941,0.3134,,,,
bob,1,28639822,2295,0.004,0.3187,2.26,,-1.0102,0.194,0.2832,,,,
bob,1,28639822,2296,0.0052,0.3037,2.22,,-1.0102,0.1939,0.2845,,,,
bob,1,28639822,2297,0.0047,0.3132,2.3800000000000003,,-1.0103,0.1937,0.2988,,,,
bob,1,28639822,2298,0.0024,0.3174,2.42,,-1.0106,0.1936,0.3054,,,,
bob,1,28639822,2299,0.0112,0.3131,2.48,,-1.0095,0.1935,0.3034,,,,
bob,1,28639822,2300,0.0006,0.3254,2.58,,-1.0072,0.1933,0.3196,,,,
bob,1,28639822,2301,0.0079,0.3229,2.78,,-1.01,0.1932,0.3514,,,,
bob,1,28639822,2302,0.0001,0.3334,2.36,,-1.0038,0.1931,0.2985,,,,
bob,1,28639822,2303,0.0066,0.3043,2.52,,-1.0068,0.1929,0.3118,,,,
bob,1,28639822,2304,-0.0004,0.3289,2.62,,-1.0178,0.1928,0.3259,,,,
bob,1,28639822,2305,0.0019,0.3289,2.5,,-1.0133,0.1927,0.3092,,,,
bob,1,28639822,2306,0.0033,0.3406,2.7,,-1.0136,0.1925,0.3271,,,,
bob,1,28639822,2307,0.0043,0.3417,2.58,,-1.0084,0.1924,0.3145,,,,
bob,1,28639822,2308,0.001,0.3114,2.6,,-1.0155,0.1923,0.3258,,,,
bob,1,28639822,2309,0.0049,0.3067,2.7,,-1.0117,0.1921,0.3415,,,,
bob,1,28639822,2310,0.0066,0.3045,2.56,,-1.0123,0.192,0.3064,,,,
bob,1,28639822,2311,0.0047,0.3436,2.8400000000000003,,-1.0098,0.1919,0.3533,,,,
bob,1,28639822,2312,0.0011,0.3107,2.2800000000000002,,-1.0122,0.1917,0.2935,,,,
bob,1,28639822,2313,0.0082,0.32,2.56,,-1.0065,0.1916,0.315,,,,
bob,1,28639822,2314,0.0078,0.314,2.4,,-1.0102,0.1915,0.3058,,,,
bob,1,28639822,2315,0.005,0.3021,2.3800000000000003,,-1.0106,0.1913,0.2971,,,,
bob,1,28639822,2316,0.0017,0.3471,2.7,,-1.0053,0.1912,0.3421,,,,
bob,1,28639822,2317,0.0113,0.3175,2.42,,-1.0102,0.1911,0.305,,,,
bob,1,28639822,2318,0.003,0.3487,2.6599999999999997,,-1.0107,0.1909,0.3351,,,,
bob,1,28639822,2319,0.0107,0.3244,2.76,,-1.0206,0.1908,0.3367,,,,
bob,1,28639822,2320,0.008,0.328,2.54,,-1.0109,0.1907,0.3194,,,,
bob,1,28639822,2321,0.0058,0.3082,2.64,,-1.0143,0.1905,0.327,,,,
bob,1,28639822,2322,0.0042,0.3106,2.3800000000000003,,-1.0189,0.1904,0.3053,,,,
bob,1,28639822,2323,0.0066,0.3061,2.68,,-1.0098,0.1903,0.3305,,,,
bob,1,28639822,2324,0.0078,0.313,2.4,,-1.0139,0.1901,0.3031,,,,
bob,1,28639822,2325,0.0069,0.3431,2.76,,-1.0133,0.19,0.3391,,,,
bob,1,28639822,2326,0.0014,0.3467,2.74,,-1.0199,0.1899,0.3485,,,,
bob,1,28639822,2327,0.003,0.2834,2.02,,-1.0089,0.1897,0.2639,,,,
bob,1,28639822,2328,0.0125,0.3061,2.56,,-1.0065,0.1896,0.3168,,,,
bob,1,28639822,2329,0.0032,0.2952,2.6,,-1.006,0.1895,0.331,,,,
bob,1,28639822,2330,0.0087,0.2822,2.2399999999999998,,-1.005,0.1893,0.2847,,,,
bob,1,28639822,2331,0.0018,0.3143,2.3,,-1.0065,0.1892,0.2857,,,,
bob,1,28639822,2332,0.0071,0.3259,2.36,,-1.0077,0.1891,0.2953,,,,
bob,1,28639822,2333,0.0074,0.3577,2.74,,-1.0149,0.1889,0.3356,,,,
bob,1,28639822,2334,0.0046,0.3061,2.7,,-1.0068,0.1888,0.3403,,,,
bob,1,28639822,2335,0.0068,0.296,2.1999999999999997,,-1.0134,0.1887,0.2837,,,,
bob,1,28639822,2336,0.008,0.3231,2.2399999999999998,,-1.0077,0.1885,0.2795,,,,
bob,1,28639822,2337,0.0066,0.3258,2.7199999999999998,,-1.013,0.1884,0.3316,,,,
bob,1,28639822,2338,0.006,0.3066,2.56,,-1.0152,0.1883,0.3168,,,,
bob,1,28639822,2339,0.0081,0.3273,2.36,,-1.0152,0.1881,0.2958,,,,
bob,1,28639822,2340,0.0102,0.304,2.26,,-1.0143,0.188,0.2915,,,,
bob,1,28639822,2341,0.0028,0.3046,2.46,,-1.0061,0.1879,0.304,,,,
bob,1,28639822,2342,0.0065,0.3073,2.48,,-1.0155,0.1877,0.3118,,,,
bob,1,28639822,2343,0.0016,0.3127,2.46,,-1.0116,0.1876,0.3101,,,,
bob,1,28639822,2344,0.002,0.3347,2.5,,-1.01,0.1875,0.3134,,,,
bob,1,28639822,2345,0.0081,0.3162,2.4,,-1.0168,0.1873,0.3053,,,,
bob,1,28639822,2346,0.0105,0.3068,2.46,,-1.0141,0.1872,0.3072,,,,
bob,1,28639822,2347,0.0088,0.3128,2.48,,-1.0125,0.1871,0.307,,,,
bob,1,28639822,2348,0.0029,0.3378,2.86,,-1.0037,0.1869,0.3508,,,,
bob,1,28639822,2349,0.0088,0.33,2.7,,-1.0136,0.1868,0.3385,,,,
bob,1,28639822,2350,0.0002,0.3166,2.48,,-1.0174,0.1867,0.312,,,,
bob,1,28639822,2351,0.0048,0.3299,2.7199999999999998,,-1.0099,0.1865,0.3356,,,,
bob,1,28639822,2352,0.0071,0.3868,2.98,,-1.0214,0.1864,0.3621,,,,
bob,1,28639822,2353,0.0075,0.3379,2.7199999999999998,,-1.0201,0.1863,0.3391,,,,
bob,1,28639822,2354,0.0076,0.3623,2.7199999999999998,,-1.0144,0.1861,0.3294,,,,
bob,1,28639822,2355,0.0082,0.3522,2.92,,-1.0125,0.186,0.3592,,,,
bob,1,28639822,2356,0.0034,0.3321,2.7,,-1.0107,0.1859,0.3408,,,,
bob,1,28639822,2357,0.0022,0.3356,2.9000000000000004,,-1.0045,0.1857,0.3439,,,,
bob,1,28639822,2358,0.0091,0.3606,3.2,,-1.0158,0.1856,0.3894,,,,
bob,1,28639822,2359,0.0007,0.3441,3.0,,-1.0132,0.1855,0.3644,,,,
bob,1,28639822,2360,0.0025,0.352,3.02,,-1.011,0.1853,0.3642,,,,
bob,1,28639822,2361,0.0112,0.3349,2.68,,-1.0097,0.1852,0.342,,,,
bob,1,28639822,2362,0.0104,0.3393,2.92,,-1.0117,0.1851,0.3545,,,,
bob,1,28639822,2363,0.0018,0.3846,3.1199999999999997,,-1.0099,0.1849,0.3712,,,,
bob,1,28639822,2364,0.0052,0.3608,3.2800000000000002,,-1.0138,0.1848,0.3858,,,,
bob,1,28639822,2365,0.0082,0.342,2.52,,-1.0128,0.1847,0.3172,,,,
bob,1,28639822,2366,0.0098,0.3182,2.62,,-1.0201,0.1845,0.3363,,,,
bob,1,28639822,2367,0.0078,0.289,2.48,,-1.0159,0.1844,0.3118,,,,
bob,1,28639822,2368,0.0045,0.3097,2.5,,-1.0137,0.1843,0.3103,,,,
bob,1,28639822,2369,0.0053,0.3646,2.76,,-1.0085,0.1841,0.3462,,,,
bob,1,28639822,2370,0.0103,0.3171,2.6599999999999997,,-1.0071,0.184,0.3392,,,,
bob,1,28639822,2371,0.0058,0.2787,2.1999999999999997,,-1.0053,0.1839,0.2797,,,,
bob,1,28639822,2372,0.0043,0.3134,2.2399999999999998,,-1.0013,0.1837,0.2752,,,,
bob,1,28639822,2373,0.0131,0.321,2.64,,-1.0096,0.1836,0.3226,,,,
bob,1,28639822,2374,0.0102,0.3092,2.62,,-1.0068,0.1835,0.3304,,,,
bob,1,28639822,2375,0.0023,0.3505,2.94,,-1.0118,0.1833,0.3654,,,,
bob,1,28639822,2376,0.0096,0.3874,3.18,,-1.0163,0.1832,0.3792,,,,
bob,1,28639822,2377,0.0062,0.3715,3.16,,-1.0137,0.1831,0.3781,,,,
bob,1,28639822,2378,0.01,0.3362,2.52,,-1.0198,0.1829,0.3211,,,,
bob,1,28639822,2379,0.0065,0.3515,2.86,,-1.0211,0.1828,0.3592,,,,
bob,1,28639822,2380,0.004,0.3652,2.98,,-1.0064,0.1827,0.3656,,,,
bob,1,28639822,2381,0.0057,0.3577,3.08,,-1.0209,0.1825,0.3679,,,,
bob,1,28639822,2382,0.0103,0.3519,2.64,,-1.0153,0.1824,0.3339,,,,
bob,1,28639822,2383,0.0048,0.3179,2.54,,-1.0179,0.1823,0.3145,,,,
bob,1,28639822,2384,0.0049,0.3409,2.62,,-1.0248,0.1821,0.331,,,,
bob,1,28639822,2385,0.0097,0.3534,3.0,,-1.0106,0.182,0.3658,,,,
bob,1,28639822,2386,0.0012,0.3729,2.92,,-1.0151,0.1819,0.3673,,,,
bob,1,28639822,2387,0.0087,0.3139,2.6,,-1.0169,0.1817,0.3225,,,,
bob,1,28639822,2388,0.0048,0.335,2.86,,-1.0142,0.1816,0.3554,,,,
bob,1,28639822,2389,0.0046,0.3331,2.92,,-1.0192,0.1815,0.3584,,,,
bob,1,28639822,2390,0.0051,0.3516,2.82,,-1.0096,0.1813,0.3565,,,,
bob,1,28639822,2391,0.0044,0.3393,3.0,,-1.01,0.1812,0.3601,,,,
bob,1,28639822,2392,0.002,0.3762,3.32,,-1.0135,0.1811,0.401,,,,
bob,1,28639822,2393,0.003,0.3833,3.32,,-1.0075,0.1809,0.3844,,,,
bob,1,28639822,2394,0.0101,0.3545,2.94,,-1.0222,0.1808,0.3618,,,,
bob,1,28639822,2395,0.0103,0.3246,2.64,,-1.0174,0.1807,0.3293,,,,
bob,1,28639822,2396,0.0034,0.349,2.96,,-1.0168,0.1805,0.3527,,,,
bob,1,28639822,2397,0.0036,0.3761,3.16,,-1.0173,0.1804,0.3811,,,,
bob,1,28639822,2398,0.0061,0.3493,3.1399999999999997,,-1.0079,0.1803,0.3802,,,,
bob,1,28639822,2399,0.0095,0.3101,2.4,,-1.0206,0.1801,0.3057,,,,
bob,1,28639822,2400,0.0116,0.358,2.74,,-1.012,0.18,0.3427,,,,
bob,1,28639822,2401,0.0084,0.2999,2.46,,-1.0178,0.1799,0.3153,,,,
bob,1,28639822,2402,-0.0003,0.3333,2.56,,-1.0114,0.1797,0.3153,,,,
bob,1,28639822,2403,0.0073,0.3594,2.8400000000000003,,-1.0145,0.1796,0.3492,,,,
bob,1,28639822,2404,0.0101,0.3274,2.64,,-1.0152,0.1795,0.3276,,,,
bob,1,28639822,2405,0.0033,0.3239,2.96,,-1.0146,0.1793,0.3545,,,,
bob,1,28639822,2406,0.0088,0.3633,2.9000000000000004,,-1.0177,0.1792,0.3608,,,,
bob,1,28639822,2407,0.007,0.3335,2.8000000000000003,,-1.0161,0.1791,0.3447,,,,
bob,1,28639822,2408,0.0014,0.345,2.7199999999999998,,-1.013,0.1789,0.3368,,,,
bob,1,28639822,2409,0.0055,0.3683,3.1399999999999997,,-1.017,0.1788,0.3827,,,,
bob,1,28639822,2410,0.0097,0.3484,2.88,,-1.0116,0.1787,0.3491,,,,
bob,1,28639822,2411,0.0052,0.3845,3.2399999999999998,,-1.0101,0.1785,0.3986,,,,
bob,1,28639822,2412,0.0015,0.3458,2.8000000000000003,,-1.018,0.1784,0.3506,,,,
bob,1,28639822,2413,0.0123,0.3573,2.94,,-1.0199,0.1783,0.3599,,,,
bob,1,28639822,2414,0.005,0.3598,2.9000000000000004,,-1.0118,0.1781,0.3632,,,,
bob,1,28639822,2415,0.0078,0.3474,3.18,,-1.0164,0.178,0.3806,,,,
bob,1,28639822,2416,0.0137,0.3439,2.96,,-1.0125,0.1779,0.3598,,,,
bob,1,28639822,2417,0.0063,0.3195,2.8000000000000003,,-1.0095,0.1777,0.3458,,,,
bob,1,28639822,2418,0.0105,0.3144,2.58,,-1.0085,0.1776,0.3203,,,,
bob,1,28639822,2419,0.0065,0.3046,2.64,,-1.0081,0.1775,0.3232,,,,
bob,1,28639822,2420,0.0065,0.3206,2.96,,-1.0039,0.1773,0.3586,,,,
bob,1,28639822,2421,0.0101,0.3536,2.78,,-1.0114,0.1772,0.3402,,,,
bob,1,28639822,2422,0.0027,0.3586,2.68,,-1.0117,0.1771,0.3368,,,,
bob,1,28639822,2423,0.0101,0.3474,2.48,,-1.0034,0.1769,0.3137,,,,
bob,1,28639822,2424,0.0065,0.3503,2.8000000000000003,,-1.0097,0.1768,0.3543,,,,
bob,1,28639822,2425,0.001,0.3282,2.44,,-1.011,0.1767,0.3046,,,,
bob,1,28639822,2426,0.0078,0.3195,2.7,,-1.0117,0.1765,0.3385,,,,
bob,1,28639822,2427,0.0082,0.3317,2.54,,-1.0063,0.1764,0.3196,,,,
bob,1,28639822,2428,0.003,0.3366,2.8000000000000003,,-1.0076,0.1763,0.3465,,,,
bob,1,28639822,2429,0.0093,0.3561,3.0,,-1.0123,0.1761,0.3699,,,,
bob,1,28639822,2430,0.0046,0.2966,2.3,,-1.0172,0.176,0.2862,,,,
bob,1,28639822,2431,0.0066,0.3465,2.68,,-1.0163,0.1759,0.3328,,,,
bob,1,28639822,2432,0.0035,0.3356,2.76,,-1.0102,0.1757,0.3442,,,,
bob,1,28639822,2433,0.0012,0.3396,2.82,,-1.0039,0.1756,0.3494,,,,
bob,1,28639822,2434,0.0015,0.3275,2.82,,-1.0072,0.1755,0.3458,,,,
bob,1,28639822,2435,-0.0001,0.3474,2.64,,-1.0075,0.1753,0.3215,,,,
bob,1,28639822,2436,0.0061,0.3287,2.7,,-1.0133,0.1752,0.3408,,,,
bob,1,28639822,2437,0.0119,0.3589,3.1,,-1.0064,0.1751,0.3692,,,,
bob,1,28639822,2438,0.0075,0.3282,2.62,,-1.0147,0.1749,0.3242,,,,
bob,1,28639822,2439,0.009,0.3142,2.8000000000000003,,-1.0154,0.1748,0.3441,,,,
bob,1,28639822,2440,0.0007,0.2828,2.4,,-1.0034,0.1747,0.3035,,,,
bob,1,28639822,2441,0.0093,0.3362,2.64,,-1.0092,0.1745,0.331,,,,
bob,1,28639822,2442,0.0025,0.3556,2.62,,-1.0144,0.1744,0.3248,,,,
bob,1,28639822,2443,0.0056,0.3295,2.76,,-1.003,0.1743,0.3413,,,,
bob,1,28639822,2444,0.0021,0.3064,2.18,,-1.0097,0.1741,0.2834,,,,
bob,1,28639822,2445,0.009,0.3456,2.74,,-1.0118,0.174,0.335,,,,
bob,1,28639822,2446,0.0109,0.3583,2.98,,-1.016,0.1739,0.3737,,,,
bob,1,28639822,2447,0.0105,0.3328,2.98,,-1.0075,0.1737,0.3595,,,,
bob,1,28639822,2448,0.0065,0.3397,2.78,,-1.0114,0.1736,0.3442,,,,
bob,1,28639822,2449,0.0011,0.3399,2.82,,-1.0111,0.1735,0.3523,,,,
bob,1,28639822,2450,0.0043,0.3351,3.02,,-1.0195,0.1733,0.3566,,,,
bob,1,28639822,2451,0.0039,0.3812,3.1399999999999997,,-1.0102,0.1732,0.3725,,,,
bob,1,28639822,2452,0.0056,0.3425,2.62,,-1.0072,0.1731,0.3276,,,,
bob,1,28639822,2453,0.0032,0.3405,2.86,,-1.0142,0.1729,0.354,,,,
bob,1,28639822,2454,0.0099,0.3852,2.96,,-1.011,0.1728,0.3573,,,,
bob,1,28639822,2455,0.0026,0.3555,2.94,,-1.0107,0.1727,0.3552,,,,
bob,1,28639822,2456,-0.0009,0.3764,2.86,,-1.0183,0.1725,0.3545,,,,
bob,1,28639822,2457,0.0049,0.3398,2.78,,-1.0111,0.1724,0.3448,,,,
bob,1,28639822,2458,0.0013,0.3588,2.8400000000000003,,-1.0126,0.1723,0.34,,,,
bob,1,28639822,2459,0.008,0.343,3.06,,-1.0164,0.1721,0.3724,,,,
bob,1,28639822,2460,0.0017,0.3541,2.76,,-1.0122,0.172,0.3431,,,,
bob,1,28639822,2461,0.0049,0.3291,2.7199999999999998,,-1.006,0.1719,0.3356,,,,
bob,1,28639822,2462,0.0027,0.3832,3.2399999999999998,,-1.0114,0.1717,0.3976,,,,
bob,1,28639822,2463,0.002,0.3599,2.88,,-1.0102,0.1716,0.3489,,,,
bob,1,28639822,2464,0.0022,0.3433,2.78,,-1.0091,0.1715,0.3476,,,,
bob,1,28639822,2465,0.0003,0.3353,2.58,,-1.0041,0.1713,0.3224,,,,
bob,1,28639822,2466,0.0023,0.3749,3.1399999999999997,,-1.0097,0.1712,0.3744,,,,
bob,1,28639822,2467,0.0058,0.3164,2.88,,-1.0164,0.1711,0.3542,,,,
bob,1,28639822,2468,0.0014,0.2927,2.6599999999999997,,-1.0101,0.1709,0.3288,,,,
bob,1,28639822,2469,0.0025,0.3356,2.94,,-1.0068,0.1708,0.3503,,,,
bob,1,28639822,2470,0.0052,0.3313,2.98,,-1.0061,0.1707,0.3615,,,,
bob,1,28639822,2471,0.0044,0.3479,3.18,,-1.0035,0.1705,0.3765,,,,
bob,1,28639822,2472,0.0065,0.3461,2.92,,-1.0151,0.1704,0.3596,,,,
bob,1,28639822,2473,0.0069,0.3302,2.76,,-1.0068,0.1703,0.3396,,,,
bob,1,28639822,2474,0.001,0.3245,2.5,,-1.0167,0.1701,0.3138,,,,
bob,1,28639822,2475,-0.0003,0.3685,2.86,,-1.006,0.17,0.3551,,,,
bob,1,28639822,2476,0.0048,0.339,2.7,,-1.0141,0.1699,0.3266,,,,
bob,1,28639822,2477,0.0008,0.3189,2.7,,-1.0045,0.1697,0.3368,,,,
bob,1,28639822,2478,0.004,0.3186,2.6599999999999997,,-1.0123,0.1696,0.3249,,,,
bob,1,28639822,2479,0.0045,0.3733,3.34,,-1.0078,0.1695,0.3943,,,,
bob,1,28639822,2480,0.003,0.3649,3.1,,-1.0108,0.1693,0.3897,,,,
bob,1,28639822,2481,0.0084,0.3243,2.32,,-1.0091,0.1692,0.2962,,,,
bob,1,28639822,2482,0.0006,0.3268,2.7199999999999998,,-1.0175,0.1691,0.3283,,,,
bob,1,28639822,2483,0.0041,0.3775,3.06,,-1.0117,0.1689,0.3658,,,,
bob,1,28639822,2484,0.0043,0.3622,3.1399999999999997,,-1.0136,0.1688,0.3867,,,,
bob,1,28639822,2485,0.003,0.3339,2.62,,-1.0108,0.1687,0.3264,,,,
bob,1,28639822,2486,0.001,0.3903,2.8000000000000003,,-1.0114,0.1685,0.3475,,,,
bob,1,28639822,2487,0.0061,0.3177,2.94,,-1.009,0.1684,0.3501,,,,
bob,1,28639822,2488,0.0006,0.3255,2.9000000000000004,,-1.0146,0.1683,0.3584,,,,
bob,1,28639822,2489,0.003,0.3426,2.76,,-1.0146,0.1681,0.3328,,,,
bob,1,28639822,2490,0.0038,0.349,2.88,,-1.0109,0.168,0.3497,,,,
bob,1,28639822,2491,0.0048,0.3443,2.6599999999999997,,-1.0169,0.1679,0.338,,,,
bob,1,28639822,2492,0.0014,0.3216,2.56,,-1.0124,0.1677,0.3229,,,,
bob,1,28639822,2493,0.008,0.3247,2.58,,-1.0273,0.1676,0.319,,,,
bob,1,28639822,2494,0.0085,0.3383,2.8000000000000003,,-1.0044,0.1675,0.3541,,,,
bob,1,28639822,2495,0.0056,0.291,2.2399999999999998,,-1.0066,0.1673,0.2837,,,,
bob,1,28639822,2496,0.0006,0.3269,2.1999999999999997,,-1.0092,0.1672,0.2797,,,,
bob,1,28639822,2497,0.005,0.3357,2.6599999999999997,,-1.0186,0.1671,0.326,,,,
bob,1,28639822,2498,0.0046,0.3778,2.8400000000000003,,-1.0121,0.1669,0.3517,,,,
bob,1,28639822,2499,0.0056,0.3367,2.96,,-1.01,0.1668,0.3613,,,,
bob,1,28639822,2500,-0.0015,0.3137,2.7199999999999998,,-1.0109,0.1667,0.3419,,,,
bob,1,28639822,2501,0.0026,0.3148,2.42,,-1.0202,0.1665,0.2991,,,,
bob,1,28639822,2502,0.0047,0.3389,2.82,,-1.0123,0.1664,0.3459,,,,
bob,1,28639822,2503,0.002,0.3718,2.88,,-1.0185,0.1663,0.3503,,,,
bob,1,28639822,2504,0.0012,0.3194,2.82,,-1.0103,0.1661,0.3458,,,,
bob,1,28639822,2505,0.0017,0.3118,2.68,,-1.015,0.166,0.3316,,,,
bob,1,28639822,2506,0.0032,0.3103,2.44,,-1.0189,0.1659,0.3133,,,,
bob,1,28639822,2507,-0.0009,0.3193,2.54,,-1.0102,0.1657,0.312,,,,
bob,1,28639822,2508,0.006,0.3371,2.54,,-1.0153,0.1656,0.3168,,,,
bob,1,28639822,2509,0.0062,0.3716,2.78,,-1.0156,0.1655,0.3533,,,,
bob,1,28639822,2510,0.0013,0.3416,2.96,,-1.0149,0.1653,0.3546,,,,
bob,1,28639822,2511,0.0056,0.3431,2.7199999999999998,,-1.0091,0.1652,0.3437,,,,
bob,1,28639822,2512,0.0019,0.3356,2.9000000000000004,,-1.0104,0.1651,0.3508,,,,
bob,1,28639822,2513,0.0079,0.3421,2.9000000000000004,,-1.0167,0.1649,0.3427,,,,
bob,1,28639822,2514,0.0011,0.319,2.62,,-1.0255,0.1648,0.3248,,,,
bob,1,28639822,2515,0.0015,0.3512,2.96,,-1.0104,0.1647,0.3621,,,,
bob,1,28639822,2516,0.002,0.3379,2.68,,-1.0091,0.1645,0.331,,,,
bob,1,28639822,2517,0.009,0.3409,2.6599999999999997,,-1.0155,0.1644,0.3357,,,,
bob,1,28639822,2518,0.0013,0.3366,2.82,,-1.008,0.1643,0.3529,,,,
bob,1,28639822,2519,0.0034,0.3144,2.5,,-1.0144,0.1641,0.3013,,,,
bob,1,28639822,2520,0.0068,0.3024,2.42,,-1.0101,0.164,0.3058,,,,
bob,1,28639822,2521,0.008,0.3002,2.46,,-1.0119,0.1639,0.307,,,,
bob,1,28639822,2522,0.0001,0.2917,2.22,,-1.0091,0.1637,0.2769,,,,
bob,1,28639822,2523,0.0014,0.343,2.68,,-1.0117,0.1636,0.3328,,,,
bob,1,28639822,2524,0.0001,0.343,2.96,,-1.0118,0.1635,0.3627,,,,
bob,1,28639822,2525,0.0061,0.3448,2.8400000000000003,,-1.0117,0.1633,0.3508,,,,
bob,1,28639822,2526,0.0014,0.3221,2.48,,-1.0136,0.1632,0.311,,,,
bob,1,28639822,2527,0.0018,0.2772,2.22,,-1.009,0.1631,0.2805,,,,
bob,1,28639822,2528,0.007,0.3489,3.0,,-1.009,0.1629,0.3594,,,,
bob,1,28639822,2529,0.008,0.3314,2.64,,-1.0127,0.1628,0.3226,,,,
bob,1,28639822,2530,0.0057,0.3426,3.38,,-1.0101,0.1627,0.3927,,,,
bob,1,28639822,2531,0.0013,0.3866,3.38,,-1.0184,0.1625,0.4047,,,,
bob,1,28639822,2532,0.008,0.3337,2.92,,-1.0102,0.1624,0.3587,,,,
bob,1,28639822,2533,0.0024,0.3122,2.86,,-1.0129,0.1623,0.3521,,,,
bob,1,28639822,2534,0.0019,0.3334,2.76,,-1.0127,0.1621,0.3373,,,,
bob,1,28639822,2535,0.0076,0.3106,2.68,,-1.0154,0.162,0.3239,,,,
bob,1,28639822,2536,0.003,0.3096,2.4,,-1.0174,0.1619,0.3117,,,,
bob,1,28639822,2537,0.0016,0.2916,2.3800000000000003,,-1.0112,0.1617,0.295,,,,
bob,1,28639822,2538,0.0037,0.3315,2.8000000000000003,,-1.0136,0.1616,0.3452,,,,
bob,1,28639822,2539,0.0023,0.3392,2.6599999999999997,,-1.0188,0.1615,0.3216,,,,
bob,1,28639822,2540,0.002,0.3499,3.32,,-1.0241,0.1613,0.3914,,,,
bob,1,28639822,2541,0.0013,0.3477,2.7199999999999998,,-1.0222,0.1612,0.3433,,,,
bob,1,28639822,2542,0.0023,0.3715,2.94,,-1.0158,0.1611,0.3632,,,,
bob,1,28639822,2543,0.0016,0.3314,2.58,,-1.0154,0.1609,0.3201,,,,
bob,1,28639822,2544,0.0043,0.3267,2.88,,-1.0077,0.1608,0.3475,,,,
bob,1,28639822,2545,0.0033,0.3594,2.96,,-1.0088,0.1607,0.3671,,,,
bob,1,28639822,2546,0.0103,0.337,2.6599999999999997,,-1.0066,0.1605,0.3259,,,,
bob,1,28639822,2547,0.0081,0.3544,3.0,,-1.0062,0.1604,0.3593,,,,
bob,1,28639822,2548,0.0087,0.358,2.86,,-1.0142,0.1603,0.3509,,,,
bob,1,28639822,2549,0.0018,0.3227,2.86,,-1.01,0.1601,0.3581,,,,
bob,1,28639822,2550,0.001,0.3265,2.78,,-1.0148,0.16,0.3501,,,,
bob,1,28639822,2551,-0.0014,0.343,2.64,,-1.017,0.1599,0.3288,,,,
bob,1,28639822,2552,0.0061,0.3552,2.8400000000000003,,-1.0107,0.1597,0.3463,,,,
bob,1,28639822,2553,0.0024,0.2915,2.42,,-1.0201,0.1596,0.3007,,,,
bob,1,28639822,2554,0.0032,0.3329,2.42,,-1.0104,0.1595,0.3016,,,,
bob,1,28639822,2555,0.0018,0.3036,2.32,,-1.0134,0.1593,0.2951,,,,
bob,1,28639822,2556,0.0027,0.381,2.82,,-1.0094,0.1592,0.3528,,,,
bob,1,28639822,2557,0.0056,0.3306,2.68,,-1.0071,0.1591,0.3316,,,,
bob,1,28639822,2558,0.0068,0.3347,2.56,,-1.0112,0.1589,0.3247,,,,
bob,1,28639822,2559,0.0027,0.3049,2.5,,-1.0074,0.1588,0.3124,,,,
bob,1,28639822,2560,0.0044,0.3156,2.6,,-1.0173,0.1587,0.3197,,,,
bob,1,28639822,2561,0.0071,0.3272,2.7,,-1.011,0.1585,0.3368,,,,
bob,1,28639822,2562,0.0037,0.3124,2.2399999999999998,,-1.0099,0.1584,0.286,,,,
bob,1,28639822,2563,0.0022,0.3285,2.74,,-1.0014,0.1583,0.339,,,,
bob,1,28639822,2564,0.0026,0.3472,3.04,,-1.0162,0.1581,0.359,,,,
bob,1,28639822,2565,0.0028,0.3335,3.02,,-1.0192,0.158,0.3712,,,,
bob,1,28639822,2566,0.0028,0.3583,3.58,,-1.0095,0.1579,0.4134,,,,
bob,1,28639822,2567,0.0093,0.32,2.62,,-1.009,0.1577,0.3351,,,,
bob,1,28639822,2568,0.0035,0.3006,2.4,,-1.0154,0.1576,0.3082,,,,
bob,1,28639822,2569,0.0078,0.3202,2.7,,-1.0126,0.1575,0.3368,,,,
bob,1,28639822,2570,0.0087,0.3561,2.82,,-0.9999,0.1573,0.3423,,,,
bob,1,28639822,2571,0.0101,0.3403,2.7199999999999998,,-1.0081,0.1572,0.3391,,,,
bob,1,28639822,2572,0.0045,0.3274,2.58,,-1.0167,0.1571,0.3208,,,,
bob,1,28639822,2573,0.0014,0.3656,3.34,,-1.0115,0.1569,0.3924,,,,
bob,1,28639822,2574,0.0031,0.3334,2.64,,-1.0053,0.1568,0.3282,,,,
bob,1,28639822,2575,0.0058,0.3375,2.86,,-1.0155,0.1567,0.3445,,,,
bob,1,28639822,2576,0.0051,0.3291,2.82,,-1.0064,0.1565,0.351,,,,
bob,1,28639822,2577,0.0026,0.3913,3.7199999999999998,,-1.0138,0.1564,0.4169,,,,
bob,1,28639822,2578,0.006,0.3476,2.98,,-1.0094,0.1563,0.3671,,,,
bob,1,28639822,2579,0.0083,0.3366,2.56,,-1.0064,0.1561,0.3333,,,,
bob,1,28639822,2580,0.0079,0.3179,2.86,,-1.0103,0.156,0.3485,,,,
bob,1,28639822,2581,0.0041,0.3258,2.86,,-1.009,0.1559,0.3549,,,,
bob,1,28639822,2582,0.0067,0.3239,2.56,,-1.0022,0.1557,0.3287,,,,
bob,1,28639822,2583,0.0039,0.3398,2.64,,-1.0073,0.1556,0.3226,,,,
bob,1,28639822,2584,0.0069,0.3106,2.44,,-1.008,0.1555,0.3026,,,,
bob,1,28639822,2585,0.0016,0.3133,2.68,,-1.0118,0.1553,0.3351,,,,
bob,1,28639822,2586,0.0029,0.3037,2.48,,-1.0099,0.1552,0.3164,,,,
bob,1,28639822,2587,0.0045,0.3493,2.86,,-1.0053,0.1551,0.3429,,,,
bob,1,28639822,2588,0.0023,0.328,2.62,,-1.0086,0.1549,0.3265,,,,
bob,1,28639822,2589,0.0073,0.3361,2.68,,-1.007,0.1548,0.3333,,,,
bob,1,28639822,2590,0.0001,0.3237,2.44,,-1.0078,0.1547,0.3052,,,,
bob,1,28639822,2591,0.0073,0.3447,2.7,,-1.0126,0.1545,0.3316,,,,
bob,1,28639822,2592,0.004,0.3414,2.88,,-1.0105,0.1544,0.3597,,,,
bob,1,28639822,2593,0.0039,0.2992,2.44,,-1.0102,0.1543,0.3066,,,,
bob,1,28639822,2594,0.0069,0.318,2.64,,-1.0088,0.1541,0.3254,,,,
bob,1,28639822,2595,0.0011,0.3174,2.68,,-1.0195,0.154,0.3239,,,,
bob,1,28639822,2596,0.0036,0.3008,2.58,,-1.0129,0.1539,0.3247,,,,
bob,1,28639822,2597,0.0033,0.3025,2.4,,-1.0101,0.1537,0.3037,,,,
bob,1,28639822,2598,0.001,0.3489,2.76,,-1.0195,0.1536,0.343,,,,
bob,1,28639822,2599,0.0009,0.345,2.9000000000000004,,-1.0136,0.1535,0.3552,,,,
bob,1,28639822,2600,0.0008,0.3145,3.04,,-1.0116,0.1533,0.3689,,,,
bob,1,28639822,2601,0.0002,0.3666,2.92,,-1.0,0.1532,0.3655,,,,
bob,1,28639822,2602,0.0036,0.3295,2.52,,-1.012,0.1531,0.3149,,,,
bob,1,28639822,2603,-0.0008,0.3263,2.6,,-1.009,0.1529,0.322,,,,
bob,1,28639822,2604,0.001,0.3648,2.86,,-1.0137,0.1528,0.3492,,,,
bob,1,28639822,2605,0.0053,0.3294,2.8000000000000003,,-1.0077,0.1527,0.3384,,,,
bob,1,28639822,2606,0.0055,0.361,2.6,,-1.0126,0.1525,0.327,,,,
bob,1,28639822,2607,0.0042,0.3698,2.98,,-1.0108,0.1524,0.3626,,,,
bob,1,28639822,2608,0.0,0.3358,3.1,,-1.0152,0.1523,0.3688,,,,
bob,1,28639822,2609,0.0045,0.3394,2.96,,-1.0061,0.1521,0.3627,,,,
bob,1,28639822,2610,0.0046,0.3562,3.16,,-0.9863,0.152,0.3832,,,,
bob,1,28639822,2611,0.002,0.3456,2.8000000000000003,,-1.0064,0.1519,0.3435,,,,
bob,1,28639822,2612,0.0041,0.3365,2.6,,-1.0074,0.1517,0.3187,,,,
bob,1,28639822,2613,-0.0001,0.3563,3.0,,-1.0027,0.1516,0.3676,,,,
bob,1,28639822,2614,-0.0004,0.329,2.78,,-1.0116,0.1515,0.3384,,,,
bob,1,28639822,2615,0.0001,0.3778,2.88,,-1.0127,0.1513,0.3522,,,,
bob,1,28639822,2616,0.0043,0.341,3.02,,-1.0132,0.1512,0.3682,,,,
bob,1,28639822,2617,0.0049,0.3358,2.68,,-1.0062,0.1511,0.3328,,,,
bob,1,28639822,2618,0.0044,0.3398,2.88,,-1.0035,0.1509,0.3483,,,,
bob,1,28639822,2619,0.0071,0.3362,2.78,,-1.0105,0.1508,0.3407,,,,
bob,1,28639822,2620,0.0028,0.3285,2.68,,-1.0074,0.1507,0.3316,,,,
bob,1,28639822,2621,0.0047,0.3475,2.68,,-1.004,0.1505,0.3356,,,,
bob,1,28639822,2622,0.0029,0.3437,2.8400000000000003,,-1.0092,0.1504,0.3495,,,,
bob,1,28639822,2623,-0.0003,0.3938,3.1199999999999997,,-1.002,0.1503,0.387,,,,
bob,1,28639822,2624,0.0041,0.3342,2.58,,-1.0047,0.1501,0.3224,,,,
bob,1,28639822,2625,0.0007,0.2955,2.7199999999999998,,-1.0077,0.15,0.3328,,,,
bob,1,28639822,2626,0.0008,0.3486,3.0,,-1.0121,0.1499,0.3676,,,,
bob,1,28639822,2627,0.0039,0.3383,2.98,,-1.0095,0.1497,0.3624,,,,
bob,1,28639822,2628,0.0022,0.3014,2.3800000000000003,,-1.0143,0.1496,0.299,,,,
bob,1,28639822,2629,0.001,0.3355,3.2,,-1.0194,0.1495,0.3798,,,,
bob,1,28639822,2630,-0.0003,0.3559,3.1199999999999997,,-1.0087,0.1493,0.3803,,,,
bob,1,28639822,2631,0.0034,0.3144,2.6599999999999997,,-1.0067,0.1492,0.3238,,,,
bob,1,28639822,2632,0.0046,0.3513,2.9000000000000004,,-1.0095,0.1491,0.3483,,,,
bob,1,28639822,2633,0.0036,0.3401,2.82,,-1.0028,0.1489,0.3523,,,,
bob,1,28639822,2634,0.0029,0.3324,2.64,,-1.0064,0.1488,0.3276,,,,
bob,1,28639822,2635,0.0027,0.3068,2.98,,-1.0139,0.1487,0.361,,,,
bob,1,28639822,2636,0.0008,0.3245,2.7199999999999998,,-1.0108,0.1485,0.3385,,,,
bob,1,28639822,2637,0.0021,0.3397,2.62,,-1.009,0.1484,0.3299,,,,
bob,1,28639822,2638,0.0017,0.3403,2.62,,-1.0093,0.1483,0.331,,,,
bob,1,28639822,2639,0.004,0.365,2.9000000000000004,,-1.0139,0.1481,0.3524,,,,
bob,1,28639822,2640,0.0049,0.3333,2.8000000000000003,,-1.0091,0.148,0.3328,,,,
bob,1,28639822,2641,0.0016,0.3218,2.8400000000000003,,-1.0118,0.1479,0.35,,,,
bob,1,28639822,2642,0.0049,0.3355,2.94,,-1.0022,0.1477,0.3573,,,,
bob,1,28639822,2643,-0.0002,0.3564,2.96,,-1.0096,0.1476,0.3632,,,,
bob,1,28639822,2644,0.0017,0.3242,2.8000000000000003,,-1.015,0.1475,0.3486,,,,
bob,1,28639822,2645,0.0,0.3151,2.88,,-1.0163,0.1473,0.348,,,,
bob,1,28639822,2646,0.0045,0.3002,2.48,,-1.006,0.1472,0.313,,,,
bob,1,28639822,2647,0.003,0.3202,2.62,,-1.0079,0.1471,0.3203,,,,
bob,1,28639822,2648,0.0034,0.3463,2.58,,-0.9998,0.1469,0.3152,,,,
bob,1,28639822,2649,0.0047,0.3186,2.78,,-1.0082,0.1468,0.335,,,,
bob,1,28639822,2650,0.0019,0.3708,3.2199999999999998,,-1.006,0.1467,0.3869,,,,
bob,1,28639822,2651,0.0043,0.3538,3.06,,-1.0061,0.1465,0.3756,,,,
bob,1,28639822,2652,0.0039,0.3717,3.06,,-1.0116,0.1464,0.3723,,,,
bob,1,28639822,2653,0.0014,0.3488,2.96,,-1.0119,0.1463,0.3522,,,,
bob,1,28639822,2654,0.0053,0.3607,3.2199999999999998,,-1.0085,0.1461,0.3806,,,,
bob,1,28639822,2655,0.0033,0.3722,3.34,,-1.0113,0.146,0.406,,,,
bob,1,28639822,2656,0.0036,0.3231,2.76,,-1.008,0.1459,0.335,,,,
bob,1,28639822,2657,0.0027,0.342,2.76,,-1.0141,0.1457,0.3401,,,,
bob,1,28639822,2658,-0.0002,0.3178,2.86,,-1.015,0.1456,0.3504,,,,
bob,1,28639822,2659,0.0013,0.3212,2.98,,-1.0184,0.1455,0.3673,,,,
bob,1,28639822,2660,0.0042,0.3445,2.8400000000000003,,-1.0056,0.1453,0.3446,,,,
bob,1,28639822,2661,0.0033,0.3492,3.02,,-1.01,0.1452,0.3654,,,,
bob,1,28639822,2662,0.0047,0.3517,3.2,,-1.0088,0.1451,0.3806,,,,
bob,1,28639822,2663,0.0007,0.374,3.2399999999999998,,-1.0069,0.1449,0.3874,,,,
bob,1,28639822,2664,0.0015,0.3358,2.76,,-1.015,0.1448,0.3401,,,,
bob,1,28639822,2665,0.0023,0.3138,2.76,,-1.0135,0.1447,0.3339,,,,
bob,1,28639822,2666,0.0048,0.3261,2.7,,-1.0043,0.1445,0.3391,,,,
bob,1,28639822,2667,0.0017,0.3332,2.62,,-1.0092,0.1444,0.3316,,,,
bob,1,28639822,2668,0.0032,0.3055,2.46,,-1.011,0.1443,0.3093,,,,
bob,1,28639822,2669,0.0032,0.3323,2.5,,-1.0075,0.1441,0.3204,,,,
bob,1,28639822,2670,0.0006,0.3125,2.78,,-1.0041,0.144,0.3401,,,,
bob,1,28639822,2671,0.0026,0.3196,2.7199999999999998,,-1.0167,0.1439,0.3294,,,,
bob,1,28639822,2672,0.0008,0.3515,3.26,,-1.0099,0.1437,0.3939,,,,
bob,1,28639822,2673,0.0054,0.3418,2.7,,-1.0059,0.1436,0.3311,,,,
bob,1,28639822,2674,0.0016,0.3336,2.6599999999999997,,-1.0092,0.1435,0.3328,,,,
bob,1,28639822,2675,0.0034,0.3102,2.54,,-1.01,0.1433,0.3152,,,,
bob,1,28639822,2676,0.0048,0.3044,2.34,,-1.0165,0.1432,0.2936,,,,
bob,1,28639822,2677,0.0004,0.3096,2.56,,-1.0056,0.1431,0.3169,,,,
bob,1,28639822,2678,0.0041,0.3308,3.1399999999999997,,-1.0075,0.1429,0.3775,,,,
bob,1,28639822,2679,0.0046,0.3461,2.98,,-1.0145,0.1428,0.3698,,,,
bob,1,28639822,2680,0.0023,0.3129,2.82,,-1.0089,0.1427,0.3447,,,,
bob,1,28639822,2681,0.0029,0.3191,2.52,,-1.0137,0.1425,0.3139,,,,
bob,1,28639822,2682,0.0022,0.3249,2.7,,-1.0139,0.1424,0.3362,,,,
bob,1,28639822,2683,0.0006,0.3298,2.74,,-1.0095,0.1423,0.3385,,,,
bob,1,28639822,2684,0.0014,0.3277,2.56,,-1.0106,0.1421,0.3264,,,,
bob,1,28639822,2685,0.0019,0.2994,2.7199999999999998,,-1.0086,0.142,0.3305,,,,
bob,1,28639822,2686,0.0011,0.3527,2.7,,-1.0161,0.1419,0.3362,,,,
bob,1,28639822,2687,0.0043,0.3333,2.74,,-1.0143,0.1417,0.3379,,,,
bob,1,28639822,2688,0.0013,0.2887,2.58,,-1.0105,0.1416,0.3225,,,,
bob,1,28639822,2689,0.0046,0.3104,2.48,,-1.0106,0.1415,0.3148,,,,
bob,1,28639822,2690,0.0012,0.309,2.52,,-1.0085,0.1413,0.3107,,,,
bob,1,28646357,2691,-0.0061,0.3843,2.74,,-1.0399,0.1412,0.3591,,,,
bob,1,28646357,2692,-0.004,0.3416,2.54,,-1.0629,0.1411,0.3402,,,,
bob,1,28646357,2693,-0.0005,0.3153,2.42,,-1.0471,0.1409,0.3195,,,,
bob,1,28646357,2694,0.0021,0.2789,2.02,,-1.0625,0.1408,0.2678,,,,
bob,1,28646357,2695,0.0002,0.2838,2.2800000000000002,,-1.0753,0.1407,0.2889,,,,
bob,1,28646357,2696,0.0011,0.3569,2.64,,-1.0539,0.1405,0.3351,,,,
bob,1,28646357,2697,-0.0013,0.3401,2.4,,-1.0531,0.1404,0.3162,,,,
bob,1,28646357,2698,0.002,0.2913,2.1399999999999997,,-1.0532,0.1403,0.2772,,,,
bob,1,28646357,2699,0.0035,0.3078,2.48,,-1.0242,0.1401,0.312,,,,
bob,1,28646357,2700,0.0037,0.334,2.58,,-1.0052,0.14,0.3159,,,,
bob,1,28646357,2701,0.0052,0.3317,2.44,,-1.0109,0.1399,0.302,,,,
bob,1,28646357,2702,0.0053,0.3928,3.1,,-0.9886,0.1397,0.3636,,,,
bob,1,28646357,2703,0.0082,0.4116,2.96,,-0.9944,0.1396,0.356,,,,
bob,1,28646357,2704,0.005,0.3319,2.34,,-1.014,0.1395,0.2916,,,,
bob,1,28646357,2705,0.0048,0.3443,2.46,,-1.0243,0.1393,0.3086,,,,
bob,1,28646357,2706,0.0034,0.3667,2.64,,-1.0249,0.1392,0.3226,,,,
bob,1,28646357,2707,0.0037,0.3603,2.62,,-1.0217,0.1391,0.3253,,,,
bob,1,28646357,2708,0.0023,0.3429,2.7,,-1.0191,0.1389,0.3345,,,,
bob,1,28646357,2709,0.003,0.322,2.2800000000000002,,-1.0209,0.1388,0.2847,,,,
bob,1,28646357,2710,0.0033,0.3241,2.2399999999999998,,-1.0235,0.1387,0.2867,,,,
bob,1,28646357,2711,0.0035,0.3588,2.76,,-1.0155,0.1385,0.3333,,,,
bob,1,28646357,2712,0.0016,0.3629,2.58,,-1.0234,0.1384,0.3241,,,,
bob,1,28646357,2713,0.0033,0.327,2.3800000000000003,,-1.0186,0.1383,0.2995,,,,
bob,1,28646357,2714,0.0016,0.3456,2.46,,-1.0138,0.1381,0.3073,,,,
bob,1,28646357,2715,0.0019,0.331,2.48,,-1.0186,0.138,0.3002,,,,
bob,1,28646357,2716,0.0027,0.3391,2.9000000000000004,,-1.0207,0.1379,0.3547,,,,
bob,1,28646357,2717,0.0035,0.3396,2.48,,-1.0164,0.1377,0.3078,,,,
bob,1,28646357,2718,0.0033,0.3058,2.26,,-1.0161,0.1376,0.281,,,,
bob,1,28646357,2719,0.0026,0.3471,2.3800000000000003,,-1.0177,0.1375,0.2983,,,,
bob,1,28646357,2720,0.0024,0.3116,2.44,,-1.0182,0.1373,0.3002,,,,
bob,1,28646357,2721,0.0043,0.3655,3.04,,-1.0131,0.1372,0.3699,,,,
bob,1,28646357,2722,0.0019,0.3683,2.7199999999999998,,-1.01,0.1371,0.324,,,,
bob,1,28646357,2723,0.0039,0.3732,2.8000000000000003,,-1.0227,0.1369,0.3463,,,,
bob,1,28646357,2724,0.0032,0.33,2.82,,-1.0233,0.1368,0.3429,,,,
bob,1,28646357,2725,0.0046,0.3543,2.78,,-1.0062,0.1367,0.3395,,,,
bob,1,28646357,2726,0.0041,0.3562,2.68,,-1.0085,0.1365,0.3271,,,,
bob,1,28646357,2727,0.0038,0.3072,2.32,,-1.0127,0.1364,0.2975,,,,
bob,1,28646357,2728,0.0027,0.3505,2.8400000000000003,,-1.0142,0.1363,0.344,,,,
bob,1,28646357,2729,0.0034,0.3586,2.3800000000000003,,-1.0151,0.1361,0.2969,,,,
bob,1,28646357,2730,0.0026,0.3584,2.8000000000000003,,-1.011,0.136,0.3389,,,,
bob,1,28646357,2731,0.002,0.3646,2.9000000000000004,,-1.0193,0.1359,0.3537,,,,
bob,1,28646357,2732,0.0025,0.3586,2.64,,-1.0112,0.1357,0.3293,,,,
bob,1,28646357,2733,0.0047,0.3534,2.74,,-1.0168,0.1356,0.3322,,,,
bob,1,28646357,2734,0.0027,0.3471,2.76,,-1.019,0.1355,0.3406,,,,
bob,1,28646357,2735,0.0044,0.3584,2.78,,-1.0052,0.1353,0.3367,,,,
bob,1,28646357,2736,0.0043,0.3587,2.68,,-1.0133,0.1352,0.3278,,,,
bob,1,28646357,2737,0.0026,0.3671,2.8400000000000003,,-1.0144,0.1351,0.3446,,,,
bob,1,28646357,2738,0.0042,0.3457,2.74,,-1.0173,0.1349,0.33,,,,
bob,1,28646357,2739,0.0043,0.3543,2.58,,-1.0087,0.1348,0.3207,,,,
bob,1,28646357,2740,0.0039,0.3652,2.98,,-1.0168,0.1347,0.3613,,,,
bob,1,28646357,2741,0.0044,0.3632,2.7,,-1.024,0.1345,0.3339,,,,
bob,1,28646357,2742,0.0054,0.325,2.82,,-1.0233,0.1344,0.3486,,,,
bob,1,28646357,2743,0.0051,0.3622,2.96,,-1.0136,0.1343,0.361,,,,
bob,1,28646357,2744,0.0032,0.3301,2.6,,-1.0124,0.1341,0.3276,,,,
bob,1,28646357,2745,0.001,0.3065,2.56,,-1.007,0.134,0.3158,,,,
bob,1,28646357,2746,0.0049,0.3213,2.22,,-1.0164,0.1339,0.28,,,,
bob,1,28646357,2747,0.0045,0.3945,3.1,,-1.0164,0.1337,0.3712,,,,
bob,1,28646357,2748,0.0062,0.3343,2.74,,-1.0121,0.1336,0.3317,,,,
bob,1,28646357,2749,0.007,0.355,2.82,,-1.0085,0.1335,0.3441,,,,
bob,1,28646357,2750,0.0086,0.3434,2.44,,-1.011,0.1333,0.3038,,,,
bob,1,28646357,2751,-0.0007,0.3634,2.82,,-1.0165,0.1332,0.3423,,,,
bob,1,28646357,2752,0.0053,0.3297,2.48,,-1.0148,0.1331,0.314,,,,
bob,1,28646357,2753,0.0069,0.3462,2.88,,-1.0132,0.1329,0.3468,,,,
bob,1,28646357,2754,0.0078,0.3218,2.7,,-1.009,0.1328,0.3272,,,,
bob,1,28646357,2755,-0.0005,0.39,3.2199999999999998,,-1.0103,0.1327,0.3802,,,,
bob,1,28646357,2756,0.0009,0.3754,2.64,,-1.0102,0.1325,0.3225,,,,
bob,1,28646357,2757,0.0,0.3084,2.7,,-1.0146,0.1324,0.3333,,,,
bob,1,28646357,2758,0.0012,0.3236,2.7,,-1.0081,0.1323,0.3311,,,,
bob,1,28646357,2759,0.0085,0.3519,2.9000000000000004,,-1.0133,0.1321,0.3564,,,,
bob,1,28646357,2760,0.0069,0.3625,2.82,,-1.0171,0.132,0.3423,,,,
bob,1,28646357,2761,0.0011,0.3598,2.88,,-1.0051,0.1319,0.341,,,,
bob,1,28646357,2762,0.0003,0.3344,2.76,,-1.0126,0.1317,0.3419,,,,
bob,1,28646357,2763,0.0009,0.3279,2.2399999999999998,,-1.0085,0.1316,0.2832,,,,
bob,1,28646357,2764,0.0073,0.3395,2.2800000000000002,,-1.0159,0.1315,0.2872,,,,
bob,1,28646357,2765,0.0057,0.3127,2.34,,-1.0206,0.1313,0.2995,,,,
bob,1,28646357,2766,0.0068,0.3843,3.04,,-1.0169,0.1312,0.3697,,,,
bob,1,28646357,2767,0.0008,0.3161,2.5,,-1.0135,0.1311,0.3083,,,,
bob,1,28646357,2768,0.0045,0.3377,2.9000000000000004,,-1.0047,0.1309,0.3495,,,,
bob,1,28646357,2769,0.0007,0.3265,2.54,,-1.0096,0.1308,0.3128,,,,
bob,1,28646357,2770,0.0066,0.298,2.2800000000000002,,-1.0079,0.1307,0.2832,,,,
bob,1,28646357,2771,0.0072,0.3539,2.78,,-1.0109,0.1305,0.352,,,,
bob,1,28646357,2772,0.0062,0.3441,2.6,,-1.008,0.1304,0.3165,,,,
bob,1,28646357,2773,0.0013,0.3156,2.58,,-1.0095,0.1303,0.3253,,,,
bob,1,28646357,2774,0.0019,0.3562,2.8400000000000003,,-1.0149,0.1301,0.3475,,,,
bob,1,28646357,2775,0.0006,0.3288,2.56,,-1.0148,0.13,0.314,,,,
bob,1,28646357,2776,0.008,0.3531,2.88,,-1.0087,0.1299,0.3508,,,,
bob,1,28646357,2777,0.0056,0.3376,2.48,,-1.01,0.1297,0.3076,,,,
bob,1,28646357,2778,0.0021,0.3612,2.9000000000000004,,-1.0148,0.1296,0.3472,,,,
bob,1,28646357,2779,0.0056,0.3016,2.48,,-1.0112,0.1295,0.306,,,,
bob,1,28646357,2780,0.0004,0.3807,2.9000000000000004,,-1.0064,0.1293,0.3451,,,,
bob,1,28646357,2781,0.0072,0.3779,3.18,,-1.0154,0.1292,0.3779,,,,
bob,1,28646357,2782,0.0011,0.3402,2.86,,-1.0038,0.1291,0.3486,,,,
bob,1,28646357,2783,0.0005,0.383,3.44,,-1.0159,0.1289,0.4063,,,,
bob,1,28646357,2784,0.0066,0.3548,2.8400000000000003,,-0.9923,0.1288,0.3486,,,,
bob,1,28646357,2785,0.0077,0.332,2.7199999999999998,,-1.0168,0.1287,0.3356,,,,
bob,1,28646357,2786,0.001,0.3477,2.64,,-1.0092,0.1285,0.327,,,,
bob,1,28646357,2787,-0.0002,0.3469,2.7,,-1.0047,0.1284,0.3249,,,,
bob,1,28646357,2788,-0.0001,0.34,2.7,,-1.0009,0.1283,0.3272,,,,
bob,1,28646357,2789,0.0047,0.3181,2.58,,-1.0135,0.1281,0.3224,,,,
bob,1,28646357,2790,0.0103,0.3681,2.94,,-1.0102,0.128,0.3582,,,,
bob,1,28646357,2791,0.0017,0.3116,2.36,,-1.0076,0.1279,0.2983,,,,
bob,1,28646357,2792,0.0008,0.3519,3.08,,-1.015,0.1277,0.3659,,,,
bob,1,28646357,2793,0.0004,0.3143,2.78,,-1.0129,0.1276,0.3384,,,,
bob,1,28646357,2794,0.0086,0.3502,2.6,,-1.0178,0.1275,0.3226,,,,
bob,1,28646357,2795,0.0007,0.3049,2.46,,-1.0118,0.1273,0.312,,,,
bob,1,28646357,2796,0.0081,0.3558,2.78,,-1.0166,0.1272,0.3356,,,,
bob,1,28646357,2797,0.0001,0.2928,2.54,,-1.0047,0.1271,0.3172,,,,
bob,1,28646357,2798,0.0092,0.3389,2.8400000000000003,,-1.0099,0.1269,0.3533,,,,
bob,1,28646357,2799,0.0008,0.3438,2.58,,-1.011,0.1268,0.3164,,,,
bob,1,28646357,2800,0.0023,0.3189,2.7,,-1.0052,0.1267,0.3255,,,,
bob,1,28646357,2801,0.0019,0.3165,2.88,,-1.0101,0.1265,0.3548,,,,
bob,1,28646357,2802,-0.0008,0.3268,2.9000000000000004,,-1.0085,0.1264,0.3467,,,,
bob,1,28646357,2803,0.0011,0.3681,2.98,,-1.0089,0.1263,0.3615,,,,
bob,1,28646357,2804,-0.0004,0.3457,2.92,,-1.0103,0.1261,0.3535,,,,
bob,1,28646357,2805,0.0021,0.332,2.9000000000000004,,-1.0085,0.126,0.3584,,,,
bob,1,28646357,2806,-0.0015,0.3246,2.76,,-1.0069,0.1259,0.3295,,,,
bob,1,28646357,2807,-0.0004,0.3463,2.92,,-1.012,0.1257,0.354,,,,
bob,1,28646357,2808,0.0114,0.3499,2.62,,-1.0054,0.1256,0.3175,,,,
bob,1,28646357,2809,0.0098,0.3402,2.78,,-1.0021,0.1255,0.3418,,,,
bob,1,28646357,2810,0.0078,0.3435,2.9000000000000004,,-1.0058,0.1253,0.3548,,,,
bob,1,28646357,2811,0.0085,0.309,2.46,,-1.01,0.1252,0.3032,,,,
bob,1,28646357,2812,0.003,0.3619,2.94,,-1.0054,0.1251,0.3558,,,,
bob,1,28646357,2813,0.0005,0.3298,2.7199999999999998,,-1.0178,0.1249,0.3402,,,,
bob,1,28646357,2814,0.0001,0.3291,3.04,,-1.0164,0.1248,0.3615,,,,
bob,1,28646357,2815,0.0006,0.3163,3.1,,-1.0031,0.1247,0.3706,,,,
bob,1,28646357,2816,0.0075,0.3435,2.46,,-1.0084,0.1245,0.3134,,,,
bob,1,28646357,2817,0.0018,0.3489,3.1,,-1.0085,0.1244,0.3656,,,,
bob,1,28646357,2818,-0.0001,0.3516,3.08,,-1.0162,0.1243,0.3671,,,,
bob,1,28646357,2819,0.0071,0.2954,2.34,,-1.0111,0.1241,0.2975,,,,
bob,1,28646357,2820,0.0061,0.3413,2.52,,-1.0088,0.124,0.3111,,,,
bob,1,28646357,2821,0.0012,0.3467,2.74,,-1.0122,0.1239,0.3328,,,,
bob,1,28646357,2822,0.0012,0.2988,2.52,,-1.0102,0.1237,0.3134,,,,
bob,1,28646357,2823,0.0008,0.294,2.54,,-1.0144,0.1236,0.3173,,,,
bob,1,28646357,2824,0.0039,0.3802,3.2399999999999998,,-1.011,0.1235,0.3808,,,,
bob,1,28646357,2825,0.0073,0.33,2.56,,-1.0116,0.1233,0.3339,,,,
bob,1,28646357,2826,0.0054,0.3082,2.5,,-1.0094,0.1232,0.3105,,,,
bob,1,28646357,2827,0.0025,0.3857,3.1,,-1.0063,0.1231,0.3651,,,,
bob,1,28646357,2828,0.0013,0.3077,2.52,,-1.0059,0.1229,0.3107,,,,
bob,1,28646357,2829,0.0017,0.3291,2.7199999999999998,,-1.0123,0.1228,0.3294,,,,
bob,1,28646357,2830,0.0071,0.3558,3.1,,-1.0046,0.1227,0.3645,,,,
bob,1,28646357,2831,0.001,0.3727,3.0,,-1.0178,0.1225,0.3604,,,,
bob,1,28646357,2832,0.0026,0.3581,3.36,,-1.0134,0.1224,0.4007,,,,
bob,1,28646357,2833,0.0091,0.3381,2.98,,-1.0189,0.1223,0.3585,,,,
bob,1,28646357,2834,0.0023,0.35,3.04,,-1.019,0.1221,0.3673,,,,
bob,1,28646357,2835,0.0003,0.3602,3.06,,-1.0104,0.122,0.3689,,,,
bob,1,28646357,2836,0.0089,0.3964,3.2800000000000002,,-1.0133,0.1219,0.3939,,,,
bob,1,28646357,2837,0.0014,0.3301,2.8000000000000003,,-1.0205,0.1217,0.335,,,,
bob,1,28646357,2838,0.006,0.3752,3.08,,-1.0173,0.1216,0.371,,,,
bob,1,28646357,2839,0.0024,0.337,2.7199999999999998,,-1.0066,0.1215,0.3267,,,,
bob,1,28646357,2840,0.0004,0.3707,3.0,,-1.0082,0.1213,0.3601,,,,
bob,1,28646357,2841,0.0027,0.314,2.94,,-1.0176,0.1212,0.357,,,,
bob,1,28646357,2842,0.0072,0.3264,2.48,,-1.0052,0.1211,0.3063,,,,
bob,1,28646357,2843,-0.0003,0.3664,3.16,,-1.009,0.1209,0.3777,,,,
bob,1,28646357,2844,0.0017,0.3505,2.92,,-1.0079,0.1208,0.35,,,,
bob,1,28646357,2845,0.0057,0.343,2.7199999999999998,,-1.0096,0.1207,0.3294,,,,
bob,1,28646357,2846,0.0049,0.3486,2.96,,-1.0102,0.1205,0.3641,,,,
bob,1,28646357,2847,0.0016,0.3389,3.18,,-1.0064,0.1204,0.3738,,,,
bob,1,28646357,2848,0.0025,0.3313,2.5,,-1.0105,0.1203,0.3106,,,,
bob,1,28646357,2849,0.005,0.3279,2.74,,-1.0249,0.1201,0.3391,,,,
bob,1,28646357,2850,0.0006,0.353,3.02,,-1.0014,0.12,0.352,,,,
bob,1,28646357,2851,-0.0006,0.3603,2.6599999999999997,,-1.0105,0.1199,0.3322,,,,
bob,1,28646357,2852,0.0037,0.3669,3.2199999999999998,,-1.0006,0.1197,0.3748,,,,
bob,1,28646357,2853,0.0044,0.3367,2.68,,-1.007,0.1196,0.3316,,,,
bob,1,28646357,2854,0.0002,0.3547,2.86,,-1.0092,0.1195,0.3451,,,,
bob,1,28646357,2855,0.0011,0.3057,2.58,,-1.0117,0.1193,0.3126,,,,
bob,1,28646357,2856,0.0084,0.3184,2.6599999999999997,,-1.0042,0.1192,0.3357,,,,
bob,1,28646357,2857,0.0009,0.367,3.26,,-1.0071,0.1191,0.3877,,,,
bob,1,28646357,2858,0.0008,0.3581,2.96,,-1.0094,0.1189,0.3504,,,,
bob,1,28646357,2859,0.0005,0.3518,3.02,,-1.0113,0.1188,0.3633,,,,
bob,1,28646357,2860,0.0088,0.3345,2.58,,-1.0079,0.1187,0.3208,,,,
bob,1,28646357,2861,0.0056,0.328,2.56,,-1.0091,0.1185,0.3154,,,,
bob,1,28646357,2862,0.0001,0.357,3.08,,-1.0111,0.1184,0.3675,,,,
bob,1,28646357,2863,0.0025,0.3089,2.92,,-1.014,0.1183,0.3536,,,,
bob,1,28646357,2864,-0.0011,0.3306,2.52,,-1.0135,0.1181,0.3096,,,,
bob,1,28646357,2865,-0.0001,0.3686,3.18,,-1.0152,0.118,0.3853,,,,
bob,1,28646357,2866,0.0049,0.3498,2.74,,-1.0098,0.1179,0.3284,,,,
bob,1,28646357,2867,0.0056,0.3311,2.6599999999999997,,-1.0095,0.1177,0.3242,,,,
bob,1,28646357,2868,0.0007,0.3294,2.76,,-1.0091,0.1176,0.3431,,,,
bob,1,28646357,2869,0.0014,0.3056,2.44,,-1.0013,0.1175,0.3066,,,,
bob,1,28646357,2870,0.0012,0.3344,3.02,,-1.0128,0.1173,0.3599,,,,
bob,1,28646357,2871,-0.0008,0.3232,2.76,,-1.0104,0.1172,0.3413,,,,
bob,1,28646357,2872,0.002,0.3417,2.9000000000000004,,-1.012,0.1171,0.3495,,,,
bob,1,28646357,2873,0.0073,0.3624,2.98,,-1.0057,0.1169,0.3603,,,,
bob,1,28646357,2874,0.0032,0.3317,2.92,,-1.0113,0.1168,0.3478,,,,
bob,1,28646357,2875,0.0018,0.3734,3.04,,-1.0124,0.1167,0.3605,,,,
bob,1,28646357,2876,0.0004,0.3661,2.98,,-1.0095,0.1165,0.3555,,,,
bob,1,28646357,2877,0.0007,0.3652,3.2800000000000002,,-1.0086,0.1164,0.3886,,,,
bob,1,28646357,2878,0.0056,0.3667,2.98,,-1.0045,0.1163,0.3627,,,,
bob,1,28646357,2879,0.0012,0.3899,3.2199999999999998,,-1.0121,0.1161,0.3795,,,,
bob,1,28646357,2880,0.0017,0.3375,2.98,,-1.0074,0.116,0.3532,,,,
bob,1,28646357,2881,0.0024,0.3134,2.68,,-1.0109,0.1159,0.3357,,,,
bob,1,28646357,2882,0.0005,0.3193,2.86,,-1.0062,0.1157,0.3394,,,,
bob,1,28646357,2883,0.0007,0.3506,3.1199999999999997,,-1.0085,0.1156,0.3798,,,,
bob,1,28646357,2884,-0.0003,0.3227,2.64,,-1.0061,0.1155,0.3226,,,,
bob,1,28646357,2885,-0.0006,0.3508,3.1199999999999997,,-1.012,0.1153,0.3761,,,,
bob,1,28646357,2886,0.001,0.3867,2.92,,-1.0039,0.1152,0.3516,,,,
bob,1,28646357,2887,0.0098,0.3487,2.8400000000000003,,-1.0095,0.1151,0.3451,,,,
bob,1,28646357,2888,0.0012,0.3445,2.92,,-1.0128,0.1149,0.3496,,,,
bob,1,28646357,2889,0.0081,0.3311,2.5,,-1.0078,0.1148,0.3128,,,,
bob,1,28646357,2890,0.0066,0.3399,2.7,,-1.0101,0.1147,0.3311,,,,
bob,1,28646357,2891,0.0074,0.3436,2.9000000000000004,,-1.0112,0.1145,0.3455,,,,
bob,1,28646357,2892,0.0025,0.3659,3.16,,-1.0115,0.1144,0.3711,,,,
bob,1,28646357,2893,0.0017,0.3322,2.8000000000000003,,-1.0086,0.1143,0.3395,,,,
bob,1,28646357,2894,0.0009,0.3583,2.88,,-1.0038,0.1141,0.3502,,,,
bob,1,28646357,2895,0.0015,0.3258,2.7199999999999998,,-1.0103,0.114,0.3283,,,,
bob,1,28646357,2896,0.001,0.3644,3.1,,-1.0161,0.1139,0.3782,,,,
bob,1,28646357,2897,0.0008,0.3435,2.96,,-1.01,0.1137,0.3517,,,,
bob,1,28646357,2898,0.0003,0.3514,2.92,,-1.005,0.1136,0.3573,,,,
bob,1,28646357,2899,0.0087,0.3523,2.7199999999999998,,-1.0053,0.1135,0.3385,,,,
bob,1,28646357,2900,0.0025,0.3518,2.92,,-1.0035,0.1133,0.3478,,,,
bob,1,28646357,2901,0.0008,0.3408,2.88,,-1.0156,0.1132,0.3439,,,,
bob,1,28646357,2902,0.0085,0.3353,3.0,,-1.0108,0.1131,0.3642,,,,
bob,1,28646357,2903,0.005,0.3045,2.58,,-1.0086,0.1129,0.3153,,,,
bob,1,28646357,2904,0.0016,0.2872,2.42,,-1.0111,0.1128,0.3116,,,,
bob,1,28646357,2905,-0.0002,0.3439,2.78,,-1.0144,0.1127,0.3356,,,,
bob,1,28646357,2906,-0.0013,0.3566,3.38,,-1.0179,0.1125,0.3938,,,,
bob,1,28646357,2907,0.0014,0.3324,2.6599999999999997,,-1.0077,0.1124,0.3265,,,,
bob,1,28646357,2908,0.0049,0.311,2.4,,-1.0028,0.1123,0.2957,,,,
bob,1,28646357,2909,0.0004,0.3264,3.1399999999999997,,-1.0099,0.1121,0.3711,,,,
bob,1,28646357,2910,0.0012,0.3503,2.78,,-1.0105,0.112,0.343,,,,
bob,1,28646357,2911,0.0003,0.341,2.96,,-1.0162,0.1119,0.3526,,,,
bob,1,28646357,2912,0.0071,0.3342,2.68,,-1.0026,0.1117,0.3311,,,,
bob,1,28646357,2913,-0.0008,0.3376,2.8000000000000003,,-1.0123,0.1116,0.3401,,,,
bob,1,28646357,2914,-0.0,0.3425,3.16,,-1.0078,0.1115,0.3719,,,,
bob,1,28646357,2915,0.0002,0.3415,3.1,,-1.0111,0.1113,0.3832,,,,
bob,1,28646357,2916,-0.0009,0.3351,2.92,,-1.0073,0.1112,0.351,,,,
bob,1,28646357,2917,0.0006,0.322,2.9000000000000004,,-1.0153,0.1111,0.3542,,,,
bob,1,28646357,2918,0.0003,0.3063,2.44,,-1.0026,0.1109,0.2995,,,,
bob,1,28646357,2919,0.0093,0.3368,2.8400000000000003,,-1.0109,0.1108,0.3367,,,,
bob,1,28646357,2920,-0.0001,0.3455,3.26,,-1.0175,0.1107,0.3799,,,,
bob,1,28646357,2921,0.0008,0.3135,2.48,,-1.0121,0.1105,0.3126,,,,
bob,1,28646357,2922,0.0009,0.3051,2.4,,-1.0177,0.1104,0.2978,,,,
bob,1,28646357,2923,0.003,0.3342,2.6,,-1.0098,0.1103,0.3137,,,,
bob,1,28646357,2924,0.0013,0.3117,2.6599999999999997,,-1.0039,0.1101,0.3276,,,,
bob,1,28646357,2925,0.0098,0.3307,2.58,,-1.0087,0.11,0.3253,,,,
bob,1,28646357,2926,0.0067,0.2987,2.48,,-1.0018,0.1099,0.306,,,,
bob,1,28646357,2927,0.0019,0.31,2.62,,-1.0153,0.1097,0.3226,,,,
bob,1,28646357,2928,0.0014,0.3401,3.1399999999999997,,-1.0035,0.1096,0.3729,,,,
bob,1,28646357,2929,0.0017,0.3549,2.8400000000000003,,-1.0087,0.1095,0.3452,,,,
bob,1,28646357,2930,0.0001,0.3318,2.82,,-1.0149,0.1093,0.335,,,,
bob,1,28646357,2931,0.0005,0.3466,2.7,,-1.0133,0.1092,0.3322,,,,
bob,1,28646357,2932,-0.0,0.3218,2.64,,-1.0097,0.1091,0.3226,,,,
bob,1,28646357,2933,0.0005,0.3765,3.2,,-1.0098,0.1089,0.384,,,,
bob,1,28646357,2934,0.008,0.3284,2.42,,-1.0003,0.1088,0.3005,,,,
bob,1,28646357,2935,0.0019,0.2872,2.54,,-1.0075,0.1087,0.3,,,,
bob,1,28646357,2936,0.0011,0.3625,3.18,,-1.0151,0.1085,0.3696,,,,
bob,1,28646357,2937,0.0052,0.3676,2.82,,-1.0176,0.1084,0.3469,,,,
bob,1,28646357,2938,0.0053,0.3306,2.8000000000000003,,-1.008,0.1083,0.347,,,,
bob,1,28646357,2939,0.0024,0.3072,2.46,,-1.0125,0.1081,0.3064,,,,
bob,1,28646357,2940,0.0095,0.3529,2.62,,-1.0049,0.108,0.3133,,,,
bob,1,28646357,2941,0.0018,0.3513,2.8400000000000003,,-1.0041,0.1079,0.3523,,,,
bob,1,28646357,2942,0.0011,0.3582,2.74,,-1.0026,0.1077,0.3367,,,,
bob,1,28646357,2943,0.0004,0.3063,2.56,,-1.0059,0.1076,0.3119,,,,
bob,1,28646357,2944,0.0006,0.3128,2.74,,-1.0046,0.1075,0.33,,,,
bob,1,28646357,2945,0.0004,0.3647,3.1399999999999997,,-1.0109,0.1073,0.3833,,,,
bob,1,28646357,2946,0.0036,0.3362,3.42,,-1.0166,0.1072,0.399,,,,
bob,1,28646357,2947,0.0066,0.317,2.64,,-1.0035,0.1071,0.3265,,,,
bob,1,28646357,2948,-0.0003,0.3182,2.8400000000000003,,-1.0064,0.1069,0.3395,,,,
bob,1,28646357,2949,0.0033,0.3594,2.7199999999999998,,-1.0097,0.1068,0.3339,,,,
bob,1,28646357,2950,0.0012,0.3388,3.1,,-1.0141,0.1067,0.3696,,,,
bob,1,28646357,2951,0.0025,0.3788,3.56,,-1.0085,0.1065,0.4114,,,,
bob,1,28646357,2952,0.0006,0.4056,3.2399999999999998,,-1.0081,0.1064,0.3824,,,,
bob,1,28646357,2953,-0.0012,0.3404,2.88,,-1.0069,0.1063,0.3463,,,,
bob,1,28646357,2954,-0.0003,0.3451,3.04,,-1.0101,0.1061,0.3641,,,,
bob,1,28646357,2955,0.0004,0.3449,2.92,,-1.0113,0.106,0.3553,,,,
bob,1,28646357,2956,-0.0006,0.3351,3.0,,-1.009,0.1059,0.3606,,,,
bob,1,28646357,2957,0.0039,0.3269,3.06,,-1.0036,0.1057,0.3659,,,,
bob,1,28646357,2958,-0.0003,0.3529,2.8000000000000003,,-1.0108,0.1056,0.3476,,,,
