agent,chain,job_id,global_iter,loss,val,rew,entropy_coef,abc,sr
alice,1,28385527,0,-0.0051,0.8119,1.4609,1.0,,
alice,1,28385527,1,-0.0038,0.837,1.584,0.999,,
alice,1,28385527,2,-0.0033,0.7298,1.4961,0.9981,,
alice,1,28385527,3,-0.0032,0.7595,1.6582,0.9971,,
alice,1,28385527,4,-0.0026,0.7057,1.5996,0.9962,,
alice,1,28385527,5,-0.0018,0.6633,1.4902,0.9952,,
alice,1,28385527,6,-0.0013,0.635,1.4453,0.9943,,
alice,1,28385527,7,-0.0009,0.5941,1.3906,0.9933,,
alice,1,28385527,8,-0.0008,0.6483,1.5684,0.9924,,
alice,1,28385527,9,0.0,0.6154,1.459,0.9915,,
alice,1,28385527,10,-0.0013,0.6005,1.4629,0.9905,,
alice,1,28385527,11,-0.0008,0.6738,1.7422,0.9896,,
alice,1,28385527,12,0.0009,0.5395,1.3457,0.9886,,
alice,1,28385527,13,0.0005,0.6712,1.7559,0.9877,,
alice,1,28385527,14,-0.0001,0.6765,1.7363,0.9867,,
alice,1,28385527,15,0.0002,0.6093,1.584,0.9858,,
alice,1,28385527,16,0.0005,0.6584,1.7793,0.9848,,
alice,1,28385527,17,-0.0001,0.6442,1.8047,0.9839,,
alice,1,28385527,18,0.0037,0.5644,1.4434,0.9829,,
alice,1,28385527,19,0.004,0.6861,1.8066,0.9819,,
alice,1,28385527,20,0.0047,0.6661,1.8555,0.981,,
alice,1,28385527,21,0.0077,0.6394,1.6992,0.98,,
alice,1,28385527,22,0.0025,0.6683,1.7715,0.9791,,
alice,1,28385527,23,0.0033,0.6074,1.5703,0.9781,,
alice,1,28385527,24,0.0003,0.7545,2.1934,0.9772,,
alice,1,28385527,25,0.0024,0.7137,1.998,0.9762,,
alice,1,28385527,26,0.0027,0.6537,1.8223,0.9753,,
alice,1,28385527,27,0.0041,0.6613,1.8906,0.9744,,
alice,1,28385527,28,0.0027,0.629,1.8555,0.9734,,
alice,1,28385527,29,0.0032,0.5638,1.6309,0.9725,,
alice,1,28385527,30,0.0027,0.619,1.877,0.9715,,
alice,1,28385527,31,0.0006,0.6427,1.916,0.9706,,
alice,1,28385527,32,0.0028,0.629,1.8848,0.9696,,
alice,1,28385527,33,0.0036,0.6273,1.9434,0.9687,,
alice,1,28385527,34,0.0061,0.6582,2.0273,0.9677,,
alice,1,28385527,35,0.0054,0.7016,2.0293,0.9667,,
alice,1,28385527,36,0.008,0.6218,1.8418,0.9658,,
alice,1,28385527,37,0.0111,0.747,2.334,0.9648,,
alice,1,28385527,38,0.0118,0.599,1.9082,0.9639,,
alice,1,28385527,39,0.0053,0.6534,2.127,0.9629,,
alice,1,28385527,40,0.0044,0.6328,2.0254,0.962,,
alice,1,28385527,41,0.0061,0.6225,1.8613,0.961,,
alice,1,28385527,42,0.0071,0.5689,1.8535,0.9601,,
alice,1,28385527,43,0.0097,0.6064,1.9609,0.9591,,
alice,1,28385527,44,0.0286,0.695,2.1934,0.9582,,
alice,1,28385527,45,0.0241,0.6743,2.0508,0.9573,,
alice,1,28385527,46,0.0252,0.6059,1.8164,0.9563,,
alice,1,28385527,47,0.0374,0.6567,2.1445,0.9554,,
alice,1,28385527,48,0.0218,0.6584,2.0605,0.9544,,
alice,1,28385527,49,0.0151,0.6191,2.0449,0.9535,,
alice,1,28385527,50,0.0117,0.6053,2.0371,0.9525,,
alice,1,28385527,51,0.0136,0.624,2.0938,0.9516,,
alice,1,28385527,52,0.0151,0.6343,2.1914,0.9506,,
alice,1,28385527,53,0.0116,0.5512,1.7402,0.9496,,
alice,1,28385527,54,0.0135,0.6342,2.0488,0.9487,,
alice,1,28385527,55,0.0136,0.563,1.8242,0.9477,,
alice,1,28385527,56,0.0063,0.5697,1.7676,0.9468,,
alice,1,28385527,57,0.0057,0.5637,1.8477,0.9458,,
alice,1,28385527,58,0.0067,0.6094,2.0137,0.9449,,
alice,1,28385527,59,0.0075,0.6116,2.1406,0.9439,,
alice,1,28385527,60,0.009,0.6695,2.1973,0.943,,
alice,1,28385527,61,0.0081,0.6297,2.1621,0.9421,,
alice,1,28385527,62,0.0069,0.5786,1.8945,0.9411,,
alice,1,28385527,63,0.0106,0.5691,2.0371,0.9402,,
alice,1,28385527,64,0.0059,0.5675,1.7461,0.9392,,
alice,1,28385527,65,0.0064,0.5823,1.9414,0.9383,,
alice,1,28385527,66,0.0082,0.5853,1.9746,0.9373,,
alice,1,28385527,67,0.0075,0.5206,1.8594,0.9364,,
alice,1,28385527,68,0.0097,0.5892,2.0137,0.9354,,
alice,1,28385527,69,0.0101,0.5802,2.0098,0.9345,,
alice,1,28385527,70,0.0086,0.4946,1.8125,0.9335,,
alice,1,28385527,71,0.0069,0.5894,1.9844,0.9325,,
alice,1,28385527,72,0.0081,0.5397,1.8477,0.9316,,
alice,1,28385527,73,0.0078,0.5788,2.0586,0.9306,,
alice,1,28385527,74,0.0108,0.6375,2.2422,0.9297,,
alice,1,28385527,75,0.0093,0.5855,2.0723,0.9287,,
alice,1,28385527,76,0.0102,0.5764,2.1016,0.9278,,
alice,1,28385527,77,0.0088,0.5388,1.8496,0.9268,,
alice,1,28385527,78,0.0112,0.6174,2.0605,0.9259,,
alice,1,28385527,79,0.0107,0.6037,1.9785,0.925,,
alice,1,28385527,80,0.008,0.5997,2.0898,0.924,,
alice,1,28385527,81,0.0089,0.5709,1.9941,0.9231,,
alice,1,28385527,82,0.0064,0.5587,1.8887,0.9221,,
alice,1,28385527,83,0.0151,0.6337,2.2949,0.9212,,
alice,1,28385527,84,0.0078,0.5969,2.0703,0.9202,,
alice,1,28385527,85,0.0093,0.6686,2.293,0.9193,,
alice,1,28385527,86,0.0048,0.6475,2.2695,0.9183,,
alice,1,28385527,87,0.0087,0.628,2.2402,0.9173,,
alice,1,28385527,88,0.0079,0.5581,1.9844,0.9164,,
alice,1,28385527,89,0.0064,0.6018,2.1562,0.9154,,
alice,1,28385527,90,0.0103,0.5513,1.9883,0.9145,,
alice,1,28385527,91,0.0056,0.5175,1.8398,0.9135,,
alice,1,28385527,92,0.0079,0.5152,1.959,0.9126,,
alice,1,28385527,93,0.0075,0.5026,1.8633,0.9116,,
alice,1,28385527,94,0.0058,0.575,2.1016,0.9107,,
alice,1,28385527,95,0.0045,0.5302,2.0117,0.9098,,
alice,1,28385527,96,0.0067,0.5782,2.0977,0.9088,,
alice,1,28385527,97,0.0061,0.6179,2.1074,0.9079,,
alice,1,28385527,98,0.0073,0.5941,2.1875,0.9069,,
alice,1,28385527,99,0.0075,0.5829,2.1426,0.906,,
alice,1,28385527,100,0.0103,0.5089,1.8867,0.905,,
alice,1,28385527,101,0.0069,0.5885,2.2383,0.9041,,
alice,1,28385527,102,0.0073,0.5123,1.9844,0.9031,,
alice,1,28385527,103,0.0045,0.5185,1.9434,0.9022,,
alice,1,28385527,104,0.0052,0.4969,1.8223,0.9012,,
alice,1,28385527,105,0.0032,0.4816,1.9375,0.9002,,
alice,1,28385527,106,0.0029,0.5356,2.0566,0.8993,,
alice,1,28385527,107,0.003,0.5604,2.1992,0.8983,,
alice,1,28385527,108,0.0062,0.5577,2.1172,0.8974,,
alice,1,28390638,109,-0.0045,0.8189,1.5078,1.0,,
alice,1,28390638,110,-0.0049,0.9463,1.8418,0.999,,
alice,1,28390638,111,-0.0025,0.6456,1.3105,0.9981,,
alice,1,28390638,112,-0.0026,0.6033,1.2715,0.9971,,
alice,1,28390638,113,-0.0022,0.6535,1.4375,0.9962,,
alice,1,28390638,114,-0.0014,0.6801,1.5469,0.9952,,
alice,1,28390638,115,-0.001,0.6446,1.4629,0.9943,,
alice,1,28390638,116,-0.0006,0.5418,1.2168,0.9933,,
alice,1,28390638,117,-0.0005,0.5659,1.3398,0.9924,,
alice,1,28390638,118,-0.0008,0.5789,1.373,0.9915,,
alice,1,28390638,119,-0.0002,0.6628,1.6719,0.9905,,
alice,1,28390638,120,0.0027,0.6016,1.5625,0.9896,,
alice,1,28390638,121,0.0013,0.5836,1.5586,0.9886,,
alice,1,28390638,122,0.001,0.6411,1.6289,0.9877,,
alice,1,28390638,123,0.0028,0.5909,1.4688,0.9867,,
alice,1,28390638,124,0.002,0.7559,2.1914,0.9858,,
alice,1,28390638,125,0.0057,0.5641,1.3984,0.9848,,
alice,1,28390638,126,0.0043,0.6451,1.709,0.9839,,
alice,1,28390638,127,0.0048,0.6496,1.748,0.9829,,
alice,1,28390638,128,0.0073,0.6872,1.9355,0.9819,,
alice,1,28390638,129,0.0116,0.6814,1.7656,0.981,,
alice,1,28390638,130,0.0149,0.6801,1.8496,0.98,,
alice,1,28390638,131,0.0104,0.6576,1.8027,0.9791,,
alice,1,28390638,132,0.0108,0.6272,1.7539,0.9781,,
alice,1,28390638,133,0.0181,0.7062,1.9883,0.9772,,
alice,1,28390638,134,0.0251,0.6921,2.0469,0.9762,,
alice,1,28390638,135,0.0199,0.7357,2.0703,0.9753,,
alice,1,28390638,136,0.0256,0.7018,1.9238,0.9744,,
alice,1,28390638,137,0.0245,0.7495,2.0859,0.9734,,
alice,1,28390638,138,0.0361,0.6592,2.0352,0.9725,,
alice,1,28390638,139,0.0251,0.6741,1.9277,0.9715,,
alice,1,28390638,140,0.0346,0.7074,2.0312,0.9706,,
alice,1,28390638,141,0.0342,0.636,1.9199,0.9696,,
alice,1,28390638,142,0.0302,0.6432,1.9023,0.9687,,
alice,1,28390638,143,0.0266,0.5717,1.7793,0.9677,,
alice,1,28390638,144,0.013,0.629,2.0234,0.9667,,
alice,1,28390638,145,0.0198,0.6144,1.9102,0.9658,,
alice,1,28390638,146,0.0191,0.6194,1.7891,0.9648,,
alice,1,28390638,147,0.0317,0.6587,2.0938,0.9639,,
alice,1,28390638,148,0.0146,0.671,2.0352,0.9629,,
alice,1,28390638,149,0.0105,0.6413,1.9414,0.962,,
alice,1,28390638,150,0.0203,0.6142,1.9609,0.961,,
alice,1,28390638,151,0.0246,0.5876,1.8555,0.9601,,
alice,1,28390638,152,0.0288,0.6233,1.918,0.9591,,
alice,1,28390638,153,0.0181,0.5739,1.9707,0.9582,,
alice,1,28390638,154,0.026,0.6171,2.0664,0.9573,,
alice,1,28390638,155,0.0271,0.5922,1.9727,0.9563,,
alice,1,28390638,156,0.0162,0.6358,1.9766,0.9554,,
alice,1,28390638,157,0.0136,0.6229,2.0039,0.9544,,
alice,1,28390638,158,0.0175,0.588,2.0371,0.9535,,
alice,1,28390638,159,0.0193,0.6098,1.9863,0.9525,,
alice,1,28390638,160,0.018,0.6178,2.0352,0.9516,,
alice,1,28390638,161,0.0114,0.5885,1.9004,0.9506,,
alice,1,28390638,162,0.0153,0.5655,1.9941,0.9496,,
alice,1,28390638,163,0.018,0.6058,1.9902,0.9487,,
alice,1,28390638,164,0.0106,0.533,1.5977,0.9477,,
alice,1,28390638,165,0.0112,0.5357,1.7656,0.9468,,
alice,1,28390638,166,0.0125,0.5504,1.7773,0.9458,,
alice,1,28390638,167,0.0174,0.5251,1.8496,0.9449,,
alice,1,28390638,168,0.0168,0.5792,2.0527,0.9439,,
alice,1,28390638,169,0.0229,0.57,1.9238,0.943,,
alice,1,28390638,170,0.011,0.5698,1.9863,0.9421,,
alice,1,28390638,171,0.011,0.6262,2.0859,0.9411,,
alice,1,28390638,172,0.0156,0.5622,1.7852,0.9402,,
alice,1,28390638,173,0.0161,0.5362,1.916,0.9392,,
alice,1,28390638,174,0.0183,0.5756,2.0254,0.9383,,
alice,1,28390638,175,0.0131,0.538,1.9004,0.9373,,
alice,1,28390638,176,0.0141,0.6062,2.0801,0.9364,,
alice,1,28390638,177,0.0105,0.649,2.1211,0.9354,,
alice,1,28390638,178,0.0113,0.5688,1.916,0.9345,,
alice,1,28390638,179,0.0124,0.57,1.8711,0.9335,,
alice,1,28390638,180,0.011,0.6134,2.123,0.9325,,
alice,1,28390638,181,0.0086,0.5297,1.9492,0.9316,,
alice,1,28390638,182,0.0099,0.5298,1.8672,0.9306,,
alice,1,28390638,183,0.0067,0.6104,2.041,0.9297,,
alice,1,28390638,184,0.0085,0.6425,2.2168,0.9287,,
alice,1,28390638,185,0.0059,0.6343,2.166,0.9278,,
alice,1,28390638,186,0.0091,0.5499,1.957,0.9268,,
alice,1,28390638,187,0.0118,0.5207,1.8145,0.9259,,
alice,1,28390638,188,0.0079,0.6286,2.1914,0.925,,
alice,1,28390638,189,0.0146,0.6022,2.0391,0.924,,
alice,1,28390638,190,0.013,0.5729,1.9297,0.9231,,
alice,1,28390638,191,0.0105,0.5897,2.1973,0.9221,,
alice,1,28390638,192,0.0114,0.6236,2.2051,0.9212,,
alice,1,28390638,193,0.0119,0.5922,2.0938,0.9202,,
alice,1,28390638,194,0.0104,0.6531,2.0352,0.9193,,
alice,1,28390638,195,0.0152,0.5431,1.7363,0.9183,,
alice,1,28390638,196,0.0098,0.6363,2.1836,0.9173,,
alice,1,28390638,197,0.0133,0.5747,2.0352,0.9164,,
alice,1,28390638,198,0.0113,0.5881,2.0879,0.9154,,
alice,1,28390638,199,0.0112,0.5598,2.0371,0.9145,,
alice,1,28390638,200,0.0085,0.6071,2.1582,0.9135,,
alice,1,28390638,201,0.0115,0.5578,2.0527,0.9126,,
alice,1,28390638,202,0.0095,0.6246,2.1641,0.9116,,
alice,1,28390638,203,0.0112,0.5287,1.9297,0.9107,,
alice,1,28390638,204,0.0116,0.5325,1.9551,0.9098,,
alice,1,28390638,205,0.0091,0.5925,2.1992,0.9088,,
alice,1,28390638,206,0.0107,0.5419,1.9141,0.9079,,
alice,1,28390638,207,0.011,0.5163,1.9395,0.9069,,
alice,1,28390638,208,0.009,0.4701,1.8262,0.906,,
alice,1,28390638,209,0.0043,0.644,2.2168,0.905,,
alice,1,28390638,210,0.0076,0.4584,1.8555,0.9041,,
alice,1,28390638,211,0.0061,0.5226,1.9629,0.9031,,
alice,1,28390638,212,0.0068,0.5201,1.9648,0.9022,,
alice,1,28390638,213,0.0089,0.6182,2.3223,0.9012,,
alice,1,28390638,214,0.006,0.6261,2.334,0.9002,,
alice,1,28390638,215,0.0087,0.6615,2.2793,0.8993,,
alice,1,28390638,216,0.0134,0.6056,2.1289,0.8983,,
alice,1,28390638,217,0.0072,0.54,1.9082,0.8974,,
alice,1,28400447,218,-0.0054,0.8003,1.3496,1.0,,
alice,1,28400447,219,-0.0044,0.8488,1.5156,0.999,,
alice,1,28400447,220,-0.0034,0.7772,1.5508,0.9981,,
alice,1,28400447,221,-0.0026,0.7242,1.5332,0.9971,,
alice,1,28400447,222,-0.0026,0.7398,1.6309,0.9962,,
alice,1,28400447,223,-0.002,0.689,1.5332,0.9952,,
alice,1,28400447,224,-0.0001,0.6093,1.3398,0.9943,,
alice,1,28400447,225,-0.0015,0.6292,1.5059,0.9933,,
alice,1,28400447,226,-0.0015,0.645,1.5703,0.9924,,
alice,1,28400447,227,0.001,0.5644,1.3398,0.9915,,
alice,1,28400447,228,0.0006,0.5861,1.4434,0.9905,,
alice,1,28400447,229,-0.0002,0.6664,1.6719,0.9896,,
alice,1,28400447,230,0.0001,0.6862,1.8008,0.9886,,
alice,1,28400447,231,0.0007,0.634,1.6699,0.9877,,
alice,1,28400447,232,0.0012,0.6753,1.75,0.9867,,
alice,1,28400447,233,0.0046,0.7071,1.8691,0.9858,,
alice,1,28400447,234,0.0077,0.7341,1.9668,0.9848,,
alice,1,28400447,235,0.0106,0.7239,2.0059,0.9839,,
alice,1,28400447,236,0.0151,0.6858,1.8027,0.9829,,
alice,1,28400447,237,0.0132,0.6478,1.6895,0.9819,,
alice,1,28400447,238,0.0109,0.7436,2.127,0.981,,
alice,1,28400447,239,0.0232,0.7313,2.041,0.98,,
alice,1,28400447,240,0.0135,0.6495,1.8594,0.9791,,
alice,1,28400447,241,0.0213,0.7136,2.0898,0.9781,,
alice,1,28400447,242,0.0105,0.6865,1.8984,0.9772,,
alice,1,28400447,243,0.0083,0.6743,2.0273,0.9762,,
alice,1,28400447,244,0.0114,0.6351,1.7383,0.9753,,
alice,1,28400447,245,0.0185,0.7004,1.957,0.9744,,
alice,1,28400447,246,0.0182,0.6682,1.9316,0.9734,,
alice,1,28400447,247,0.0264,0.6229,1.834,0.9725,,
alice,1,28400447,248,0.0224,0.6192,1.8691,0.9715,,
alice,1,28400447,249,0.0268,0.6185,1.9102,0.9706,,
alice,1,28400447,250,0.0094,0.6116,1.791,0.9696,,
alice,1,28400447,251,0.0108,0.574,1.7559,0.9687,,
alice,1,28400447,252,0.0115,0.5752,1.8672,0.9677,,
alice,1,28400447,253,0.0133,0.5466,1.8379,0.9667,,
alice,1,28400447,254,0.0121,0.6201,2.0059,0.9658,,
alice,1,28400447,255,0.0149,0.6505,1.9902,0.9648,,
alice,1,28400447,256,0.0125,0.5497,1.752,0.9639,,
alice,1,28400447,257,0.0165,0.6133,2.0176,0.9629,,
alice,1,28400447,258,0.0258,0.5368,1.7637,0.962,,
alice,1,28400447,259,0.0101,0.5914,2.0117,0.961,,
alice,1,28400447,260,0.0097,0.584,1.9805,0.9601,,
alice,1,28400447,261,0.009,0.5629,1.9688,0.9591,,
alice,1,28400447,262,0.0132,0.5481,1.8457,0.9582,,
alice,1,28400447,263,0.0129,0.5428,1.8828,0.9573,,
alice,1,28400447,264,0.0128,0.5824,2.0,0.9563,,
alice,1,28400447,265,0.0167,0.5851,2.0469,0.9554,,
alice,1,28400447,266,0.0216,0.5883,2.0273,0.9544,,
alice,1,28400447,267,0.0168,0.5851,2.0801,0.9535,,
alice,1,28400447,268,0.019,0.5121,1.8672,0.9525,,
alice,1,28400447,269,0.0139,0.5386,1.8516,0.9516,,
alice,1,28400447,270,0.0143,0.5225,1.8281,0.9506,,
alice,1,28400447,271,0.0087,0.5431,2.0176,0.9496,,
alice,1,28400447,272,0.0096,0.5734,1.9062,0.9487,,
alice,1,28400447,273,0.0111,0.5212,1.9844,0.9477,,
alice,1,28400447,274,0.0087,0.5429,2.0547,0.9468,,
alice,1,28400447,275,0.0096,0.4982,1.6855,0.9458,,
alice,1,28400447,276,0.0118,0.4878,1.9277,0.9449,,
alice,1,28400447,277,0.0071,0.4645,1.6328,0.9439,,
alice,1,28400447,278,0.0104,0.4928,1.9043,0.943,,
alice,1,28400447,279,0.0087,0.5683,2.0215,0.9421,,
alice,1,28400447,280,0.0104,0.5292,2.125,0.9411,,
alice,1,28400447,281,0.0088,0.5357,1.832,0.9402,,
alice,1,28400447,282,0.0095,0.5544,2.0176,0.9392,,
alice,1,28400447,283,0.0129,0.5122,1.8867,0.9383,,
alice,1,28400447,284,0.0147,0.5697,2.166,0.9373,,
alice,1,28400447,285,0.0167,0.5577,2.1328,0.9364,,
alice,1,28400447,286,0.0102,0.4606,1.6621,0.9354,,
alice,1,28400447,287,0.0147,0.5587,2.0,0.9345,,
alice,1,28400447,288,0.012,0.5756,2.1504,0.9335,,
alice,1,28400447,289,0.0102,0.5858,1.8633,0.9325,,
alice,1,28400447,290,0.0127,0.5657,1.9492,0.9316,,
alice,1,28400447,291,0.0094,0.4855,1.793,0.9306,,
alice,1,28400447,292,0.0141,0.5375,1.9375,0.9297,,
alice,1,28400447,293,0.0165,0.5431,1.9082,0.9287,,
alice,1,28400447,294,0.013,0.544,2.0273,0.9278,,
alice,1,28400447,295,0.013,0.4825,1.8887,0.9268,,
alice,1,28400447,296,0.007,0.5429,1.9434,0.9259,,
alice,1,28400447,297,0.009,0.5171,1.8613,0.925,,
alice,1,28400447,298,0.0076,0.5304,1.8438,0.924,,
alice,1,28400447,299,0.005,0.5417,1.8672,0.9231,,
alice,1,28400447,300,0.0082,0.4208,1.6973,0.9221,,
alice,1,28400447,301,0.0133,0.5677,1.9805,0.9212,,
alice,1,28400447,302,0.009,0.4573,1.8555,0.9202,,
alice,1,28400447,303,0.0109,0.5494,1.8789,0.9193,,
alice,1,28400447,304,0.0083,0.4992,1.9238,0.9183,,
alice,1,28400447,305,0.0085,0.5655,2.1152,0.9173,,
alice,1,28400447,306,0.0095,0.4331,1.7949,0.9164,,
alice,1,28400447,307,0.0096,0.5502,2.0391,0.9154,,
alice,1,28400447,308,0.0168,0.5747,2.1035,0.9145,,
alice,1,28400447,309,0.0061,0.5163,1.957,0.9135,,
alice,1,28400447,310,0.0036,0.5256,1.9824,0.9126,,
alice,1,28400447,311,0.0084,0.4401,1.7598,0.9116,,
alice,1,28400447,312,0.0119,0.5292,1.9277,0.9107,,
alice,1,28400447,313,0.0022,0.6026,2.0879,0.9098,,
alice,1,28400447,314,0.0094,0.5569,2.1465,0.9088,,
alice,1,28400447,315,0.0041,0.4972,2.0215,0.9079,,
alice,1,28400447,316,0.0076,0.4263,1.957,0.9069,,
alice,1,28400447,317,0.0026,0.5741,2.1055,0.906,,
alice,1,28400447,318,0.0072,0.549,2.082,0.905,,
alice,1,28400447,319,0.0025,0.5226,1.9629,0.9041,,
alice,1,28400447,320,0.0019,0.5774,2.1367,0.9031,,
alice,1,28400447,321,0.0037,0.5678,2.1211,0.9022,,
alice,1,28400447,322,0.0092,0.5388,2.0352,0.9012,,
alice,1,28400447,323,0.0042,0.5014,1.9805,0.9002,,
alice,1,28400447,324,0.007,0.4691,1.6914,0.8993,,
alice,1,28400447,325,0.0034,0.5361,1.9297,0.8983,,
alice,1,28400447,326,0.0057,0.562,2.0059,0.8974,,
alice,1,28400447,327,0.0092,0.5446,1.9004,0.8964,,
alice,1,28402173,328,-0.0043,0.752,1.3652,1.0,,
alice,1,28402173,329,-0.0038,0.7928,1.541,0.999,,
alice,1,28402173,330,-0.0027,0.7561,1.5977,0.9981,,
alice,1,28402173,331,-0.0019,0.6248,1.3203,0.9971,,
alice,1,28402173,332,-0.0019,0.6326,1.373,0.9962,,
alice,1,28402173,333,-0.0036,0.751,1.7871,0.9952,,
alice,1,28402173,334,-0.003,0.7419,1.834,0.9943,,
alice,1,28402173,335,-0.0016,0.6594,1.5371,0.9933,,
alice,1,28402173,336,-0.0008,0.6659,1.6016,0.9924,,
alice,1,28402173,337,-0.001,0.6679,1.7246,0.9915,,
alice,1,28402173,338,-0.0005,0.6319,1.6523,0.9905,,
alice,1,28402173,339,-0.0007,0.6807,1.7852,0.9896,,
alice,1,28402173,340,0.0012,0.7341,1.9668,0.9886,,
alice,1,28402173,341,0.0035,0.6455,1.5195,0.9877,,
alice,1,28402173,342,0.0037,0.7008,1.9043,0.9867,,
alice,1,28402173,343,0.0011,0.7553,2.1621,0.9858,,
alice,1,28402173,344,0.004,0.6588,1.7305,0.9848,,
alice,1,28402173,345,0.0036,0.689,1.8398,0.9839,,
alice,1,28402173,346,0.0042,0.7377,1.9746,0.9829,,
alice,1,28402173,347,0.0091,0.6878,1.9805,0.9819,,
alice,1,28402173,348,0.0073,0.7476,1.9961,0.981,,
alice,1,28402173,349,0.0111,0.6681,1.9297,0.98,,
alice,1,28402173,350,0.0119,0.7415,2.2637,0.9791,,
alice,1,28402173,351,0.0165,0.7191,2.0195,0.9781,,
alice,1,28402173,352,0.0188,0.7027,1.8867,0.9772,,
alice,1,28402173,353,0.0311,0.6657,1.9434,0.9762,,
alice,1,28402173,354,0.0168,0.7213,2.0137,0.9753,,
alice,1,28402173,355,0.0323,0.6799,2.0234,0.9744,,
alice,1,28402173,356,0.0225,0.6492,1.9004,0.9734,,
alice,1,28402173,357,0.0309,0.6687,2.0039,0.9725,,
alice,1,28402173,358,0.0283,0.6314,1.8613,0.9715,,
alice,1,28402173,359,0.0433,0.7151,2.1543,0.9706,,
alice,1,28402173,360,0.0278,0.7571,2.1934,0.9696,,
alice,1,28402173,361,0.0381,0.6789,2.1484,0.9687,,
alice,1,28402173,362,0.0252,0.5922,1.7656,0.9677,,
alice,1,28402173,363,0.0204,0.6835,1.9668,0.9667,,
alice,1,28402173,364,0.0363,0.6807,2.125,0.9658,,
alice,1,28402173,365,0.0363,0.5802,1.8867,0.9648,,
alice,1,28402173,366,0.0311,0.6486,2.1211,0.9639,,
alice,1,28402173,367,0.0287,0.659,2.0762,0.9629,,
alice,1,28402173,368,0.0255,0.6477,2.0586,0.962,,
alice,1,28402173,369,0.0251,0.5935,1.8594,0.961,,
alice,1,28402173,370,0.0325,0.5814,1.8223,0.9601,,
alice,1,28402173,371,0.0361,0.6215,2.082,0.9591,,
alice,1,28402173,372,0.0263,0.6283,2.0332,0.9582,,
alice,1,28402173,373,0.0261,0.6324,2.0039,0.9573,,
alice,1,28402173,374,0.0249,0.6569,1.959,0.9563,,
alice,1,28402173,375,0.019,0.6095,2.043,0.9554,,
alice,1,28402173,376,0.02,0.6003,1.9648,0.9544,,
alice,1,28402173,377,0.0354,0.6314,2.002,0.9535,,
alice,1,28402173,378,0.0204,0.5756,1.877,0.9525,,
alice,1,28402173,379,0.023,0.6142,1.8691,0.9516,,
alice,1,28402173,380,0.0131,0.657,2.1582,0.9506,,
alice,1,28402173,381,0.0107,0.61,2.0449,0.9496,,
alice,1,28402173,382,0.0102,0.6116,2.0117,0.9487,,
alice,1,28402173,383,0.0126,0.5178,1.7539,0.9477,,
alice,1,28402173,384,0.0099,0.6595,2.127,0.9468,,
alice,1,28402173,385,0.0154,0.6632,2.3223,0.9458,,
alice,1,28402173,386,0.0117,0.5983,2.1172,0.9449,,
alice,1,28402173,387,0.0158,0.5976,1.9141,0.9439,,
alice,1,28402173,388,0.0163,0.6454,2.0156,0.943,,
alice,1,28402173,389,0.0135,0.6039,2.0625,0.9421,,
alice,1,28402173,390,0.0098,0.6219,2.0156,0.9411,,
alice,1,28402173,391,0.0103,0.5835,1.8828,0.9402,,
alice,1,28402173,392,0.0128,0.562,1.8086,0.9392,,
alice,1,28402173,393,0.0148,0.6056,2.0703,0.9383,,
alice,1,28402173,394,0.0142,0.5951,2.0352,0.9373,,
alice,1,28402173,395,0.0153,0.6365,2.0684,0.9364,,
alice,1,28402173,396,0.0085,0.4954,1.7422,0.9354,,
alice,1,28402173,397,0.0114,0.5508,2.125,0.9345,,
alice,1,28402173,398,0.0112,0.5463,1.875,0.9335,,
alice,1,28402173,399,0.0111,0.5854,2.0156,0.9325,,
alice,1,28402173,400,0.0104,0.6216,2.0703,0.9316,,
alice,1,28402173,401,0.0119,0.572,1.8691,0.9306,,
alice,1,28402173,402,0.0093,0.6117,2.043,0.9297,,
alice,1,28402173,403,0.0076,0.5567,2.0078,0.9287,,
alice,1,28402173,404,0.0141,0.521,1.9277,0.9278,,
alice,1,28402173,405,0.008,0.5639,2.0391,0.9268,,
alice,1,28402173,406,0.0162,0.574,1.9414,0.9259,,
alice,1,28402173,407,0.0123,0.549,2.0605,0.925,,
alice,1,28402173,408,0.0114,0.5545,1.9551,0.924,,
alice,1,28402173,409,0.0108,0.4957,1.6797,0.9231,,
alice,1,28402173,410,0.0157,0.4903,1.8301,0.9221,,
alice,1,28402173,411,0.0098,0.6008,2.082,0.9212,,
alice,1,28402173,412,0.0074,0.6072,2.2793,0.9202,,
alice,1,28402173,413,0.0078,0.5748,2.0605,0.9193,,
alice,1,28402173,414,0.0061,0.5594,2.0723,0.9183,,
alice,1,28402173,415,0.0139,0.5428,1.9082,0.9173,,
alice,1,28402173,416,0.0114,0.5699,2.084,0.9164,,
alice,1,28402173,417,0.0107,0.4928,1.8867,0.9154,,
alice,1,28402173,418,0.0102,0.551,2.084,0.9145,,
alice,1,28402173,419,0.0093,0.6305,2.2715,0.9135,,
alice,1,28402173,420,0.0129,0.5595,2.0469,0.9126,,
alice,1,28402173,421,0.0142,0.5143,1.8828,0.9116,,
alice,1,28402173,422,0.0093,0.5522,1.9648,0.9107,,
alice,1,28402173,423,0.0083,0.5587,2.0781,0.9098,,
alice,1,28402173,424,0.0102,0.6145,2.1445,0.9088,,
alice,1,28402173,425,0.0073,0.4381,1.8418,0.9079,,
alice,1,28402173,426,0.0069,0.586,1.9199,0.9069,,
alice,1,28402173,427,0.0113,0.5511,1.9141,0.906,,
alice,1,28402173,428,0.009,0.5144,2.0391,0.905,,
alice,1,28402173,429,0.0094,0.5628,2.1367,0.9041,,
alice,1,28402173,430,0.0041,0.5076,1.8145,0.9031,,
alice,1,28402173,431,0.0054,0.433,1.9414,0.9022,,
alice,1,28402173,432,0.0049,0.5492,2.1543,0.9012,,
alice,1,28402173,433,0.0058,0.5004,1.9668,0.9002,,
alice,1,28402173,434,0.007,0.5144,1.9043,0.8993,,
alice,1,28402173,435,0.0117,0.5323,2.1152,0.8983,,
alice,1,28402173,436,0.0071,0.5382,2.0566,0.8974,,
alice,1,28402578,437,-0.005,0.8861,1.502,1.0,,
alice,1,28402578,438,-0.0041,0.7344,1.3633,0.999,,
alice,1,28402578,439,-0.0031,0.7483,1.4609,0.9981,,
alice,1,28402578,440,-0.0023,0.7036,1.4824,0.9971,,
alice,1,28402578,441,-0.0016,0.557,1.1934,0.9962,,
alice,1,28402578,442,-0.002,0.6303,1.373,0.9952,,
alice,1,28402578,443,-0.0003,0.5979,1.332,0.9943,,
alice,1,28402578,444,-0.0009,0.5722,1.2656,0.9933,,
alice,1,28402578,445,-0.0003,0.5795,1.3477,0.9924,,
alice,1,28402578,446,-0.0012,0.5951,1.3984,0.9915,,
alice,1,28402578,447,-0.0019,0.6806,1.7246,0.9905,,
alice,1,28402578,448,-0.0009,0.6842,1.7441,0.9896,,
alice,1,28402578,449,0.0004,0.5602,1.4141,0.9886,,
alice,1,28402578,450,0.0004,0.6098,1.5645,0.9877,,
alice,1,28402578,451,0.001,0.6069,1.5879,0.9867,,
alice,1,28402578,452,-0.0,0.6702,1.791,0.9858,,
alice,1,28402578,453,0.0018,0.6579,1.7188,0.9848,,
alice,1,28402578,454,0.003,0.5952,1.4707,0.9839,,
alice,1,28402578,455,0.0013,0.6386,1.707,0.9829,,
alice,1,28402578,456,0.0083,0.6299,1.7793,0.9819,,
alice,1,28402578,457,0.0008,0.6736,1.9023,0.981,,
alice,1,28402578,458,0.0005,0.6549,1.8457,0.98,,
alice,1,28402578,459,0.0001,0.6758,1.8672,0.9791,,
alice,1,28402578,460,0.0015,0.6778,1.8086,0.9781,,
alice,1,28402578,461,0.0015,0.6645,1.877,0.9772,,
alice,1,28402578,462,0.003,0.6458,1.6836,0.9762,,
alice,1,28402578,463,0.0016,0.6582,1.8281,0.9753,,
alice,1,28402578,464,0.0015,0.5467,1.541,0.9744,,
alice,1,28402578,465,0.0019,0.614,1.7168,0.9734,,
alice,1,28402578,466,0.0046,0.5922,1.7422,0.9725,,
alice,1,28402578,467,0.0059,0.6679,1.7715,0.9715,,
alice,1,28402578,468,0.0057,0.6634,1.9102,0.9706,,
alice,1,28402578,469,0.0128,0.6438,1.7246,0.9696,,
alice,1,28402578,470,0.009,0.5866,1.6191,0.9687,,
alice,1,28402578,471,0.0161,0.6487,1.8496,0.9677,,
alice,1,28402578,472,0.0086,0.5853,1.7617,0.9667,,
alice,1,28402578,473,0.0044,0.5755,1.7422,0.9658,,
alice,1,28402578,474,0.0033,0.6411,1.8945,0.9648,,
alice,1,28402578,475,0.004,0.6104,1.8613,0.9639,,
alice,1,28402578,476,0.0056,0.6659,1.957,0.9629,,
alice,1,28402578,477,0.0068,0.6847,2.1523,0.962,,
alice,1,28402578,478,0.0092,0.6102,1.7988,0.961,,
alice,1,28402578,479,0.0116,0.6159,1.8867,0.9601,,
alice,1,28402578,480,0.0112,0.6186,1.9355,0.9591,,
alice,1,28402578,481,0.0136,0.6233,1.9023,0.9582,,
alice,1,28402578,482,0.0264,0.5686,1.709,0.9573,,
alice,1,28402578,483,0.0111,0.6522,2.1387,0.9563,,
alice,1,28402578,484,0.0098,0.5628,1.8184,0.9554,,
alice,1,28402578,485,0.0152,0.5496,1.7168,0.9544,,
alice,1,28402578,486,0.0111,0.5455,1.7168,0.9535,,
alice,1,28402578,487,0.0082,0.5689,1.7734,0.9525,,
alice,1,28402578,488,0.0053,0.597,1.7793,0.9516,,
alice,1,28402578,489,0.0062,0.531,1.8496,0.9506,,
alice,1,28402578,490,0.0041,0.5648,1.8555,0.9496,,
alice,1,28402578,491,0.0074,0.586,1.8809,0.9487,,
alice,1,28402578,492,0.0082,0.6075,1.8398,0.9477,,
alice,1,28402578,493,0.0083,0.5192,1.6797,0.9468,,
alice,1,28402578,494,0.0103,0.5012,1.7793,0.9458,,
alice,1,28402578,495,0.0064,0.6096,2.1484,0.9449,,
alice,1,28402578,496,0.0036,0.5845,1.9043,0.9439,,
alice,1,28402578,497,0.0072,0.5017,1.6699,0.943,,
alice,1,28402578,498,0.0091,0.6103,2.0527,0.9421,,
alice,1,28402578,499,0.0071,0.6119,2.2168,0.9411,,
alice,1,28402578,500,0.0076,0.5336,1.752,0.9402,,
alice,1,28402578,501,0.0086,0.5579,1.7969,0.9392,,
alice,1,28402578,502,0.0069,0.6035,1.9707,0.9383,,
alice,1,28402578,503,0.0063,0.5687,1.8086,0.9373,,
alice,1,28402578,504,0.0079,0.5967,2.0508,0.9364,,
alice,1,28402578,505,0.0081,0.629,1.9883,0.9354,,
alice,1,28402578,506,0.0037,0.6154,1.9297,0.9345,,
alice,1,28402578,507,0.0054,0.5327,1.7051,0.9335,,
alice,1,28402578,508,0.0067,0.531,1.8027,0.9325,,
alice,1,28402578,509,0.0112,0.5652,1.8203,0.9316,,
alice,1,28402578,510,0.0064,0.5998,2.1289,0.9306,,
alice,1,28402578,511,0.0058,0.5381,1.8887,0.9297,,
alice,1,28402578,512,0.0045,0.5623,2.0,0.9287,,
alice,1,28402578,513,0.0071,0.5453,1.9824,0.9278,,
alice,1,28402578,514,0.005,0.5882,1.9941,0.9268,,
alice,1,28402578,515,0.0069,0.6201,2.2051,0.9259,,
alice,1,28402578,516,0.0074,0.5014,1.8262,0.925,,
alice,1,28402578,517,0.0057,0.5044,1.7871,0.924,,
alice,1,28402578,518,0.0115,0.5339,1.8223,0.9231,,
alice,1,28402578,519,0.0124,0.6003,2.1191,0.9221,,
alice,1,28402578,520,0.0104,0.5539,1.8555,0.9212,,
alice,1,28402578,521,0.009,0.557,1.9844,0.9202,,
alice,1,28402578,522,0.0075,0.5346,1.8398,0.9193,,
alice,1,28402578,523,0.01,0.6072,2.0176,0.9183,,
alice,1,28402578,524,0.0123,0.5318,1.9434,0.9173,,
alice,1,28402578,525,0.0088,0.5507,1.877,0.9164,,
alice,1,28402578,526,0.0085,0.5974,2.1738,0.9154,,
alice,1,28402578,527,0.0083,0.5211,1.998,0.9145,,
alice,1,28402578,528,0.0086,0.5734,2.0879,0.9135,,
alice,1,28402578,529,0.008,0.5133,1.875,0.9126,,
alice,1,28402578,530,0.0084,0.5854,1.9746,0.9116,,
alice,1,28402578,531,0.0096,0.5669,1.957,0.9107,,
alice,1,28402578,532,0.0055,0.6253,2.2383,0.9098,,
alice,1,28402578,533,0.0081,0.501,1.7598,0.9088,,
alice,1,28402578,534,0.0094,0.5129,1.8828,0.9079,,
alice,1,28402578,535,0.0152,0.5332,1.834,0.9069,,
alice,1,28402578,536,0.0131,0.5037,1.9258,0.906,,
alice,1,28402578,537,0.0081,0.6237,2.1016,0.905,,
alice,1,28402578,538,0.0089,0.5616,2.0703,0.9041,,
alice,1,28402578,539,0.0103,0.5158,1.8789,0.9031,,
alice,1,28402578,540,0.0085,0.5171,1.8496,0.9022,,
alice,1,28402578,541,0.0102,0.4859,1.5742,0.9012,,
alice,1,28402578,542,0.0109,0.4186,1.5625,0.9002,,
alice,1,28402578,543,0.0081,0.5481,1.9551,0.8993,,
alice,1,28402578,544,0.0129,0.4684,1.8574,0.8983,,
alice,1,28402578,545,0.0106,0.5364,1.8574,0.8974,,
alice,1,28402578,546,0.0092,0.5171,2.0352,0.8964,,
alice,1,28402578,547,0.0062,0.5916,2.209,0.8955,,
alice,1,28403908,548,-0.0043,0.8314,1.5156,1.0,,
alice,1,28403908,549,-0.0037,0.6774,1.291,0.999,,
alice,1,28403908,550,-0.003,0.6362,1.2891,0.9981,,
alice,1,28403908,551,-0.0024,0.6155,1.2715,0.9971,,
alice,1,28403908,552,-0.0022,0.6608,1.377,0.9962,,
alice,1,28403908,553,-0.0011,0.5551,1.2148,0.9952,,
alice,1,28403908,554,-0.0014,0.596,1.3516,0.9943,,
alice,1,28403908,555,-0.002,0.5864,1.3613,0.9933,,
alice,1,28403908,556,-0.0006,0.6634,1.5488,0.9924,,
alice,1,28403908,557,-0.0004,0.6424,1.5059,0.9915,,
alice,1,28403908,558,0.0001,0.5969,1.4102,0.9905,,
alice,1,28403908,559,-0.0003,0.6529,1.6387,0.9896,,
alice,1,28403908,560,-0.0004,0.6706,1.7051,0.9886,,
alice,1,28403908,561,-0.0013,0.702,1.9043,0.9877,,
alice,1,28403908,562,0.001,0.6071,1.543,0.9867,,
alice,1,28403908,563,-0.0001,0.6036,1.5449,0.9858,,
alice,1,28403908,564,0.0001,0.6311,1.6309,0.9848,,
alice,1,28403908,565,0.002,0.7142,2.0,0.9839,,
alice,1,28403908,566,0.0023,0.6903,1.834,0.9829,,
alice,1,28403908,567,0.0087,0.7131,1.8164,0.9819,,
alice,1,28403908,568,-0.0,0.6321,1.7715,0.981,,
alice,1,28403908,569,0.0021,0.6134,1.627,0.98,,
alice,1,28403908,570,0.0013,0.6526,1.791,0.9791,,
alice,1,28403908,571,0.0018,0.6296,1.7207,0.9781,,
alice,1,28403908,572,0.0008,0.6296,1.7363,0.9772,,
alice,1,28403908,573,0.0019,0.593,1.668,0.9762,,
alice,1,28403908,574,0.0001,0.6715,1.7988,0.9753,,
alice,1,28403908,575,0.0007,0.6874,1.9375,0.9744,,
alice,1,28403908,576,0.0008,0.6921,1.9883,0.9734,,
alice,1,28403908,577,0.0014,0.6338,1.8262,0.9725,,
alice,1,28403908,578,0.0022,0.6656,1.9297,0.9715,,
alice,1,28403908,579,0.0017,0.6631,1.8496,0.9706,,
alice,1,28403908,580,0.0034,0.604,1.623,0.9696,,
alice,1,28403908,581,0.004,0.6066,1.834,0.9687,,
alice,1,28403908,582,0.0014,0.6952,2.0391,0.9677,,
alice,1,28403908,583,0.0058,0.6497,1.8457,0.9667,,
alice,1,28403908,584,0.0085,0.6717,1.9258,0.9658,,
alice,1,28403908,585,0.0157,0.6348,1.8496,0.9648,,
alice,1,28403908,586,0.0081,0.6558,2.0039,0.9639,,
alice,1,28403908,587,0.0121,0.6152,1.8496,0.9629,,
alice,1,28403908,588,0.0069,0.5697,1.7871,0.962,,
alice,1,28403908,589,0.0074,0.6335,1.8574,0.961,,
alice,1,28403908,590,0.0104,0.5811,1.918,0.9601,,
alice,1,28403908,591,0.0193,0.608,2.0254,0.9591,,
alice,1,28403908,592,0.0095,0.596,1.9219,0.9582,,
alice,1,28403908,593,0.0044,0.6237,1.9824,0.9573,,
alice,1,28403908,594,0.0081,0.5591,1.8848,0.9563,,
alice,1,28403908,595,0.013,0.5876,1.9434,0.9554,,
alice,1,28403908,596,0.0214,0.6095,2.0371,0.9544,,
alice,1,28403908,597,0.0173,0.5889,1.8711,0.9535,,
alice,1,28403908,598,0.0148,0.597,1.9219,0.9525,,
alice,1,28403908,599,0.0138,0.5726,1.8281,0.9516,,
alice,1,28403908,600,0.0121,0.5197,1.707,0.9506,,
alice,1,28403908,601,0.01,0.5558,1.7793,0.9496,,
alice,1,28403908,602,0.0131,0.5339,1.8027,0.9487,,
alice,1,28403908,603,0.0126,0.6348,2.0859,0.9477,,
alice,1,28403908,604,0.0121,0.5252,1.7578,0.9468,,
alice,1,28403908,605,0.0119,0.4925,1.6875,0.9458,,
alice,1,28403908,606,0.0127,0.5527,1.875,0.9449,,
alice,1,28403908,607,0.0116,0.5723,1.8145,0.9439,,
alice,1,28403908,608,0.0073,0.5519,1.7891,0.943,,
alice,1,28403908,609,0.0074,0.5726,1.9668,0.9421,,
alice,1,28403908,610,0.0107,0.597,2.0684,0.9411,,
alice,1,28403908,611,0.0101,0.5557,1.8496,0.9402,,
alice,1,28403908,612,0.0091,0.5273,1.8145,0.9392,,
alice,1,28403908,613,0.0133,0.5125,1.8809,0.9383,,
alice,1,28403908,614,0.0077,0.5748,1.9922,0.9373,,
alice,1,28403908,615,0.0049,0.5738,1.8906,0.9364,,
alice,1,28403908,616,0.0045,0.5615,1.9922,0.9354,,
alice,1,28403908,617,0.0073,0.544,1.8613,0.9345,,
alice,1,28403908,618,0.0082,0.5568,1.8965,0.9335,,
alice,1,28403908,619,0.0053,0.6368,2.1543,0.9325,,
alice,1,28403908,620,0.0088,0.5396,1.9238,0.9316,,
alice,1,28403908,621,0.0083,0.5611,1.9414,0.9306,,
alice,1,28403908,622,0.009,0.4628,1.7168,0.9297,,
alice,1,28403908,623,0.0117,0.5357,2.0,0.9287,,
alice,1,28403908,624,0.0106,0.6011,2.0605,0.9278,,
alice,1,28403908,625,0.0103,0.5447,2.0508,0.9268,,
alice,1,28403908,626,0.0069,0.5617,1.918,0.9259,,
alice,1,28403908,627,0.007,0.5783,1.9805,0.925,,
alice,1,28403908,628,0.0064,0.5995,2.1191,0.924,,
alice,1,28403908,629,0.0053,0.5461,2.123,0.9231,,
alice,1,28403908,630,0.0067,0.5393,1.9629,0.9221,,
alice,1,28403908,631,0.0019,0.5885,2.0156,0.9212,,
alice,1,28403908,632,0.0048,0.5559,2.002,0.9202,,
alice,1,28403908,633,0.0075,0.4713,1.6777,0.9193,,
alice,1,28403908,634,0.0095,0.4877,1.7598,0.9183,,
alice,1,28403908,635,0.0057,0.567,1.9824,0.9173,,
alice,1,28403908,636,0.008,0.585,2.0547,0.9164,,
alice,1,28403908,637,0.0057,0.55,2.0195,0.9154,,
alice,1,28403908,638,0.0052,0.5719,1.9766,0.9145,,
alice,1,28403908,639,0.0085,0.5839,2.0742,0.9135,,
alice,1,28403908,640,0.0047,0.5998,2.0527,0.9126,,
alice,1,28403908,641,0.0069,0.5192,1.9199,0.9116,,
alice,1,28403908,642,0.0077,0.5453,2.0566,0.9107,,
alice,1,28403908,643,0.0059,0.4942,2.0527,0.9098,,
alice,1,28403908,644,0.0081,0.5818,2.0488,0.9088,,
alice,1,28403908,645,0.0049,0.5346,1.9492,0.9079,,
alice,1,28403908,646,0.0069,0.5578,2.0781,0.9069,,
alice,1,28403908,647,0.0057,0.5612,2.0527,0.906,,
alice,1,28403908,648,0.0047,0.5672,2.0898,0.905,,
alice,1,28403908,649,0.0053,0.597,2.1582,0.9041,,
alice,1,28403908,650,0.004,0.5822,2.1387,0.9031,,
alice,1,28403908,651,0.0069,0.4811,1.8633,0.9022,,
alice,1,28403908,652,0.0028,0.5462,1.8594,0.9012,,
alice,1,28403908,653,0.0043,0.5023,1.9277,0.9002,,
alice,1,28403908,654,0.0008,0.5636,2.1016,0.8993,,
alice,1,28403908,655,0.0051,0.5154,1.8496,0.8983,,
alice,1,28403908,656,0.0032,0.5813,2.2891,0.8974,,
alice,1,28403908,657,0.0067,0.5458,1.998,0.8964,,
alice,1,28404641,658,-0.0049,0.8144,1.4473,1.0,,
alice,1,28404641,659,-0.0043,0.7865,1.4883,0.999,,
alice,1,28404641,660,-0.0047,0.8896,1.8828,0.9981,,
alice,1,28404641,661,-0.0031,0.7939,1.75,0.9971,,
alice,1,28404641,662,-0.0026,0.6366,1.3828,0.9962,,
alice,1,28404641,663,-0.0017,0.6242,1.4023,0.9952,,
alice,1,28404641,664,-0.003,0.7721,1.8672,0.9943,,
alice,1,28404641,665,-0.0021,0.7282,1.7383,0.9933,,
alice,1,28404641,666,-0.0015,0.6814,1.6641,0.9924,,
alice,1,28404641,667,-0.0018,0.6977,1.7852,0.9915,,
alice,1,28404641,668,-0.0008,0.6303,1.5762,0.9905,,
alice,1,28404641,669,0.0003,0.6718,1.6855,0.9896,,
alice,1,28404641,670,0.0001,0.6657,1.707,0.9886,,
alice,1,28404641,671,-0.0001,0.7032,1.957,0.9877,,
alice,1,28404641,672,0.0046,0.6991,1.8613,0.9867,,
alice,1,28404641,673,0.0038,0.7075,1.8438,0.9858,,
alice,1,28404641,674,0.0049,0.7409,1.9512,0.9848,,
alice,1,28404641,675,0.0039,0.7438,2.0391,0.9839,,
alice,1,28404641,676,0.0041,0.7073,1.9805,0.9829,,
alice,1,28404641,677,0.0054,0.7028,1.8809,0.9819,,
alice,1,28404641,678,0.0075,0.683,1.8301,0.981,,
alice,1,28404641,679,0.0127,0.7523,2.1309,0.98,,
alice,1,28404641,680,0.015,0.7072,1.9297,0.9791,,
alice,1,28404641,681,0.0176,0.7492,2.207,0.9781,,
alice,1,28404641,682,0.0256,0.7064,2.0195,0.9772,,
alice,1,28404641,683,0.0159,0.7096,2.0391,0.9762,,
alice,1,28404641,684,0.0197,0.7121,2.0273,0.9753,,
alice,1,28404641,685,0.0271,0.673,1.9141,0.9744,,
alice,1,28404641,686,0.0283,0.6798,1.9434,0.9734,,
alice,1,28404641,687,0.0384,0.659,1.9395,0.9725,,
alice,1,28404641,688,0.0438,0.704,2.123,0.9715,,
alice,1,28404641,689,0.0516,0.72,2.123,0.9706,,
alice,1,28404641,690,0.0399,0.6555,2.0625,0.9696,,
alice,1,28404641,691,0.0328,0.6296,2.0059,0.9687,,
alice,1,28404641,692,0.0244,0.6468,2.0234,0.9677,,
alice,1,28404641,693,0.0341,0.6304,1.9863,0.9667,,
alice,1,28404641,694,0.0238,0.5885,1.8652,0.9658,,
alice,1,28404641,695,0.0196,0.577,1.9062,0.9648,,
alice,1,28404641,696,0.019,0.5986,1.9727,0.9639,,
alice,1,28404641,697,0.0158,0.6013,1.9902,0.9629,,
alice,1,28404641,698,0.0168,0.6246,2.0684,0.962,,
alice,1,28404641,699,0.0186,0.6644,2.0801,0.961,,
alice,1,28404641,700,0.0189,0.614,2.1113,0.9601,,
alice,1,28404641,701,0.0326,0.6599,2.043,0.9591,,
alice,1,28404641,702,0.0284,0.6374,1.9629,0.9582,,
alice,1,28404641,703,0.0377,0.6672,2.2676,0.9573,,
alice,1,28404641,704,0.0297,0.6142,2.0215,0.9563,,
alice,1,28404641,705,0.0423,0.6569,2.4023,0.9554,,
alice,1,28404641,706,0.0308,0.6152,1.9414,0.9544,,
alice,1,28404641,707,0.0228,0.5934,1.9961,0.9535,,
alice,1,28404641,708,0.0192,0.6009,2.0801,0.9525,,
alice,1,28404641,709,0.0148,0.6059,2.0996,0.9516,,
alice,1,28404641,710,0.0093,0.5779,1.9648,0.9506,,
alice,1,28404641,711,0.0119,0.5047,1.7344,0.9496,,
alice,1,28404641,712,0.0072,0.5122,1.8145,0.9487,,
alice,1,28404641,713,0.0083,0.5248,1.8066,0.9477,,
alice,1,28404641,714,0.0094,0.6046,2.0469,0.9468,,
alice,1,28404641,715,0.0105,0.5594,1.9629,0.9458,,
alice,1,28404641,716,0.0093,0.6244,2.2129,0.9449,,
alice,1,28404641,717,0.0151,0.5553,2.0352,0.9439,,
alice,1,28404641,718,0.0092,0.5667,1.9727,0.943,,
alice,1,28404641,719,0.0112,0.5414,1.8281,0.9421,,
alice,1,28404641,720,0.0097,0.6334,2.1367,0.9411,,
alice,1,28404641,721,0.0117,0.6085,2.0488,0.9402,,
alice,1,28404641,722,0.0133,0.611,2.1973,0.9392,,
alice,1,28404641,723,0.0119,0.517,2.0293,0.9383,,
alice,1,28404641,724,0.0119,0.5495,1.8535,0.9373,,
alice,1,28404641,725,0.004,0.5164,1.8105,0.9364,,
alice,1,28404641,726,0.0076,0.5714,2.0879,0.9354,,
alice,1,28404641,727,0.0073,0.5945,2.0605,0.9345,,
alice,1,28404641,728,0.0079,0.5391,1.8379,0.9335,,
alice,1,28404641,729,0.0096,0.5437,2.0156,0.9325,,
alice,1,28404641,730,0.012,0.4876,1.7461,0.9316,,
alice,1,28404641,731,0.0121,0.6608,2.3047,0.9306,,
alice,1,28404641,732,0.0128,0.6196,2.125,0.9297,,
alice,1,28404641,733,0.0096,0.5729,2.0332,0.9287,,
alice,1,28404641,734,0.009,0.5631,1.918,0.9278,,
alice,1,28404641,735,0.0148,0.5475,1.8789,0.9268,,
alice,1,28404641,736,0.006,0.5055,1.8789,0.9259,,
alice,1,28404641,737,0.0071,0.6212,2.207,0.925,,
alice,1,28404641,738,0.008,0.5206,1.9902,0.924,,
alice,1,28404641,739,0.0053,0.5378,1.8906,0.9231,,
alice,1,28404641,740,0.0083,0.5019,1.9531,0.9221,,
alice,1,28404641,741,0.0084,0.5868,2.1328,0.9212,,
alice,1,28404641,742,0.0088,0.6112,2.0742,0.9202,,
alice,1,28404641,743,0.0085,0.5391,1.8867,0.9193,,
alice,1,28404641,744,0.0091,0.5561,2.0625,0.9183,,
alice,1,28404641,745,0.0083,0.5241,1.8477,0.9173,,
alice,1,28404641,746,0.0085,0.5747,2.1914,0.9164,,
alice,1,28404641,747,0.0092,0.55,1.9805,0.9154,,
alice,1,28404641,748,0.0092,0.5645,1.9707,0.9145,,
alice,1,28404641,749,0.0097,0.5474,2.0352,0.9135,,
alice,1,28404641,750,0.0071,0.518,1.9277,0.9126,,
alice,1,28404641,751,0.006,0.5466,2.0391,0.9116,,
alice,1,28404641,752,0.0072,0.5095,1.8418,0.9107,,
alice,1,28404641,753,0.0024,0.5779,2.2695,0.9098,,
alice,1,28404641,754,0.0054,0.4911,1.8477,0.9088,,
alice,1,28404641,755,0.0109,0.5923,2.1211,0.9079,,
alice,1,28404641,756,0.0118,0.5509,2.0215,0.9069,,
alice,1,28404641,757,0.0156,0.5365,1.9766,0.906,,
alice,1,28404641,758,0.0078,0.5199,1.9434,0.905,,
alice,1,28404641,759,0.0113,0.5075,2.0137,0.9041,,
alice,1,28404641,760,0.0089,0.5088,1.8184,0.9031,,
alice,1,28404641,761,0.0106,0.533,2.1152,0.9022,,
alice,1,28404641,762,0.0067,0.6156,2.1895,0.9012,,
alice,1,28404641,763,0.0084,0.5313,2.084,0.9002,,
alice,1,28404641,764,0.0054,0.5123,1.957,0.8993,,
alice,1,28404641,765,0.0087,0.533,1.9668,0.8983,,
alice,1,28404641,766,0.0078,0.4781,1.7598,0.8974,,
alice,1,28404641,767,0.0049,0.5484,1.9004,0.8964,,
alice,1,28405458,768,-0.0049,0.735,1.2949,1.0,,
alice,1,28405458,769,-0.0039,0.7457,1.3789,0.999,,
alice,1,28405458,770,-0.0024,0.6716,1.3652,0.9981,,
alice,1,28405458,771,-0.0015,0.6008,1.2617,0.9971,,
alice,1,28405458,772,-0.0011,0.6102,1.2734,0.9962,,
alice,1,28405458,773,-0.0012,0.5658,1.2246,0.9952,,
alice,1,28405458,774,-0.0024,0.6209,1.4414,0.9943,,
alice,1,28405458,775,-0.0009,0.605,1.3848,0.9933,,
alice,1,28405458,776,-0.0006,0.5804,1.4512,0.9924,,
alice,1,28405458,777,-0.0011,0.6298,1.5195,0.9915,,
alice,1,28405458,778,-0.0022,0.6405,1.6113,0.9905,,
alice,1,28405458,779,-0.001,0.5857,1.4688,0.9896,,
alice,1,28405458,780,0.0005,0.6015,1.5137,0.9886,,
alice,1,28405458,781,0.0017,0.6213,1.6816,0.9877,,
alice,1,28405458,782,0.0049,0.6139,1.5977,0.9867,,
alice,1,28405458,783,0.0084,0.6063,1.6602,0.9858,,
alice,1,28405458,784,0.0128,0.6588,1.8184,0.9848,,
alice,1,28405458,785,0.0145,0.6532,1.7715,0.9839,,
alice,1,28405458,786,0.0256,0.6378,1.623,0.9829,,
alice,1,28405458,787,0.0204,0.6451,1.7969,0.9819,,
alice,1,28405458,788,0.0166,0.6464,1.8242,0.981,,
alice,1,28405458,789,0.0198,0.7392,2.1719,0.98,,
alice,1,28405458,790,0.0178,0.7219,1.9102,0.9791,,
alice,1,28405458,791,0.0186,0.726,1.9062,0.9781,,
alice,1,28405458,792,0.0165,0.6299,1.7246,0.9772,,
alice,1,28405458,793,0.0119,0.6975,2.0703,0.9762,,
alice,1,28405458,794,0.0249,0.6034,1.6855,0.9753,,
alice,1,28405458,795,0.018,0.6563,1.9004,0.9744,,
alice,1,28405458,796,0.0313,0.6987,2.0898,0.9734,,
alice,1,28405458,797,0.0284,0.6872,1.9395,0.9725,,
alice,1,28405458,798,0.0343,0.6301,1.9512,0.9715,,
alice,1,28405458,799,0.0218,0.6621,1.9785,0.9706,,
alice,1,28405458,800,0.0244,0.6627,2.0547,0.9696,,
alice,1,28405458,801,0.02,0.6373,1.9551,0.9687,,
alice,1,28405458,802,0.0276,0.6185,1.9805,0.9677,,
alice,1,28405458,803,0.0163,0.6449,2.0273,0.9667,,
alice,1,28405458,804,0.0256,0.6251,2.0527,0.9658,,
alice,1,28405458,805,0.0202,0.6431,1.998,0.9648,,
alice,1,28405458,806,0.0258,0.6182,2.0273,0.9639,,
alice,1,28405458,807,0.0122,0.5841,1.7988,0.9629,,
alice,1,28405458,808,0.0136,0.6416,1.9785,0.962,,
alice,1,28405458,809,0.0177,0.5928,1.7598,0.961,,
alice,1,28405458,810,0.0248,0.6359,2.0137,0.9601,,
alice,1,28405458,811,0.0297,0.5798,1.9082,0.9591,,
alice,1,28405458,812,0.0211,0.602,2.0195,0.9582,,
alice,1,28405458,813,0.0156,0.5444,1.6484,0.9573,,
alice,1,28405458,814,0.0152,0.6819,2.0117,0.9563,,
alice,1,28405458,815,0.0215,0.6546,2.0449,0.9554,,
alice,1,28405458,816,0.011,0.5916,1.7598,0.9544,,
alice,1,28405458,817,0.0191,0.6488,2.0625,0.9535,,
alice,1,28405458,818,0.0162,0.6108,2.0254,0.9525,,
alice,1,28405458,819,0.0119,0.6053,1.9219,0.9516,,
alice,1,28405458,820,0.0093,0.6081,1.9766,0.9506,,
alice,1,28405458,821,0.0077,0.6485,2.2012,0.9496,,
alice,1,28405458,822,0.0094,0.6099,2.1855,0.9487,,
alice,1,28405458,823,0.0099,0.5561,2.0469,0.9477,,
alice,1,28405458,824,0.0098,0.5656,1.9297,0.9468,,
alice,1,28405458,825,0.0108,0.546,1.8828,0.9458,,
alice,1,28405458,826,0.0096,0.5184,1.8086,0.9449,,
alice,1,28405458,827,0.0088,0.5694,2.0,0.9439,,
alice,1,28405458,828,0.0102,0.6262,2.0859,0.943,,
alice,1,28405458,829,0.0106,0.6296,2.2188,0.9421,,
alice,1,28405458,830,0.0097,0.6587,2.082,0.9411,,
alice,1,28405458,831,0.0092,0.6069,1.9961,0.9402,,
alice,1,28405458,832,0.0075,0.5524,1.8125,0.9392,,
alice,1,28405458,833,0.008,0.5957,1.9102,0.9383,,
alice,1,28405458,834,0.0126,0.585,1.8926,0.9373,,
alice,1,28405458,835,0.0062,0.5116,1.7695,0.9364,,
alice,1,28405458,836,0.0108,0.6016,2.1445,0.9354,,
alice,1,28405458,837,0.0127,0.5223,1.873,0.9345,,
alice,1,28405458,838,0.0076,0.5791,2.0332,0.9335,,
alice,1,28405458,839,0.0069,0.6417,2.1914,0.9325,,
alice,1,28405458,840,0.0105,0.5798,2.0469,0.9316,,
alice,1,28405458,841,0.011,0.5377,1.9844,0.9306,,
alice,1,28405458,842,0.005,0.5515,2.041,0.9297,,
alice,1,28405458,843,0.0084,0.4985,1.7637,0.9287,,
alice,1,28405458,844,0.005,0.5474,1.9961,0.9278,,
alice,1,28405458,845,0.012,0.5058,1.8984,0.9268,,
alice,1,28405458,846,0.0055,0.6131,2.1855,0.9259,,
alice,1,28405458,847,0.0081,0.5559,2.0449,0.925,,
alice,1,28405458,848,0.0024,0.6149,2.168,0.924,,
alice,1,28405458,849,0.0076,0.5626,2.084,0.9231,,
alice,1,28405458,850,0.0066,0.5022,1.8633,0.9221,,
alice,1,28405458,851,0.005,0.5585,1.9219,0.9212,,
alice,1,28405458,852,0.0065,0.5568,1.9785,0.9202,,
alice,1,28405458,853,0.0071,0.6385,2.3438,0.9193,,
alice,1,28405458,854,0.0054,0.4717,1.7539,0.9183,,
alice,1,28405458,855,0.0089,0.5959,2.1914,0.9173,,
alice,1,28405458,856,0.0063,0.5369,2.0781,0.9164,,
alice,1,28405458,857,0.003,0.5727,2.0195,0.9154,,
alice,1,28405458,858,0.0039,0.5977,2.248,0.9145,,
alice,1,28405458,859,0.0056,0.5576,2.0527,0.9135,,
alice,1,28405458,860,0.008,0.4779,1.8574,0.9126,,
alice,1,28405458,861,0.0079,0.5807,2.1289,0.9116,,
alice,1,28405458,862,0.0073,0.5373,2.0391,0.9107,,
alice,1,28405458,863,0.0082,0.5625,2.0195,0.9098,,
alice,1,28405458,864,0.0097,0.5088,2.0254,0.9088,,
alice,1,28405458,865,0.0063,0.5114,1.998,0.9079,,
alice,1,28405458,866,0.0055,0.6069,2.2637,0.9069,,
alice,1,28405458,867,0.0059,0.5999,2.1992,0.906,,
alice,1,28405458,868,0.0075,0.6087,2.1895,0.905,,
alice,1,28405458,869,0.006,0.5651,2.0391,0.9041,,
alice,1,28405458,870,0.0,0.6459,2.1992,0.9031,,
alice,1,28405458,871,0.0052,0.5649,2.1055,0.9022,,
alice,1,28405458,872,0.0032,0.5979,2.2168,0.9012,,
alice,1,28405458,873,0.0068,0.5098,1.8672,0.9002,,
alice,1,28405458,874,0.0155,0.5642,2.0117,0.8993,,
alice,1,28405458,875,0.0054,0.5497,2.1445,0.8983,,
alice,1,28405458,876,0.0028,0.4988,1.834,0.8974,,
alice,1,28405458,877,0.0037,0.5669,2.0508,0.8964,,
alice,1,28407146,878,-0.0045,0.8455,1.5527,1.0,,
alice,1,28407146,879,-0.003,0.6904,1.3027,0.999,,
alice,1,28407146,880,-0.0023,0.5733,1.1406,0.9981,,
alice,1,28407146,881,-0.0016,0.5522,1.1133,0.9971,,
alice,1,28407146,882,-0.001,0.6,1.2832,0.9962,,
alice,1,28407146,883,-0.0017,0.6957,1.5352,0.9952,,
alice,1,28407146,884,-0.0001,0.6868,1.5508,0.9943,,
alice,1,28407146,885,-0.0002,0.6083,1.3848,0.9933,,
alice,1,28407146,886,-0.0013,0.6761,1.6777,0.9924,,
alice,1,28407146,887,-0.0006,0.6418,1.5723,0.9915,,
alice,1,28407146,888,0.0005,0.623,1.5195,0.9905,,
alice,1,28407146,889,0.0016,0.571,1.4023,0.9896,,
alice,1,28407146,890,0.0014,0.6031,1.5684,0.9886,,
alice,1,28407146,891,0.0019,0.6302,1.5781,0.9877,,
alice,1,28407146,892,0.0051,0.6918,1.8281,0.9867,,
alice,1,28407146,893,0.0037,0.6338,1.668,0.9858,,
alice,1,28407146,894,0.0023,0.6372,1.6328,0.9848,,
alice,1,28407146,895,0.0035,0.623,1.6445,0.9839,,
alice,1,28407146,896,0.0043,0.639,1.8008,0.9829,,
alice,1,28407146,897,0.0093,0.6574,1.8281,0.9819,,
alice,1,28407146,898,0.0123,0.67,1.8574,0.981,,
alice,1,28407146,899,0.0139,0.6284,1.7266,0.98,,
alice,1,28407146,900,0.0041,0.6659,1.8848,0.9791,,
alice,1,28407146,901,0.0078,0.6638,1.8477,0.9781,,
alice,1,28407146,902,0.0096,0.5966,1.5566,0.9772,,
alice,1,28407146,903,0.0173,0.652,1.8281,0.9762,,
alice,1,28407146,904,0.012,0.6778,2.0039,0.9753,,
alice,1,28407146,905,0.0097,0.6595,1.707,0.9744,,
alice,1,28407146,906,0.0175,0.6357,1.7793,0.9734,,
alice,1,28407146,907,0.0048,0.6386,1.8262,0.9725,,
alice,1,28407146,908,0.0075,0.6285,1.8223,0.9715,,
alice,1,28407146,909,0.0052,0.5686,1.6973,0.9706,,
alice,1,28407146,910,0.0038,0.5822,1.7188,0.9696,,
alice,1,28407146,911,0.0074,0.5577,1.6699,0.9687,,
alice,1,28407146,912,0.0151,0.5634,1.8516,0.9677,,
alice,1,28407146,913,0.0122,0.6216,1.9727,0.9667,,
alice,1,28407146,914,0.0167,0.5962,1.791,0.9658,,
alice,1,28407146,915,0.0099,0.5481,1.5762,0.9648,,
alice,1,28407146,916,0.013,0.562,1.7383,0.9639,,
alice,1,28407146,917,0.0201,0.5456,1.7598,0.9629,,
alice,1,28407146,918,0.0384,0.6211,2.082,0.962,,
alice,1,28407146,919,0.0109,0.584,1.834,0.961,,
alice,1,28407146,920,0.0232,0.5723,1.6992,0.9601,,
alice,1,28407146,921,0.016,0.586,1.8066,0.9591,,
alice,1,28407146,922,0.0254,0.6203,2.043,0.9582,,
alice,1,28407146,923,0.0301,0.5882,1.9102,0.9573,,
alice,1,28407146,924,0.0058,0.6226,2.0918,0.9563,,
alice,1,28407146,925,0.012,0.5439,1.7324,0.9554,,
alice,1,28407146,926,0.0079,0.508,1.7148,0.9544,,
alice,1,28407146,927,0.0092,0.6377,2.0352,0.9535,,
alice,1,28407146,928,0.0116,0.6098,1.9629,0.9525,,
alice,1,28407146,929,0.0138,0.6037,2.0352,0.9516,,
alice,1,28407146,930,0.0076,0.588,1.9062,0.9506,,
alice,1,28407146,931,0.0073,0.5845,1.8848,0.9496,,
alice,1,28407146,932,0.0048,0.5367,1.7812,0.9487,,
alice,1,28407146,933,0.008,0.6321,2.0703,0.9477,,
alice,1,28407146,934,0.0084,0.5739,1.9863,0.9468,,
alice,1,28407146,935,0.0093,0.5814,1.9062,0.9458,,
alice,1,28407146,936,0.0079,0.5193,1.7285,0.9449,,
alice,1,28407146,937,0.0067,0.5409,1.8945,0.9439,,
alice,1,28407146,938,0.0094,0.5291,1.9453,0.943,,
alice,1,28407146,939,0.0067,0.5429,1.9121,0.9421,,
alice,1,28407146,940,0.0102,0.5097,1.8398,0.9411,,
alice,1,28407146,941,0.0094,0.5977,2.1035,0.9402,,
alice,1,28407146,942,0.0055,0.594,2.0332,0.9392,,
alice,1,28407146,943,0.0047,0.5455,1.875,0.9383,,
alice,1,28407146,944,0.004,0.5823,1.9434,0.9373,,
alice,1,28407146,945,0.0052,0.5398,1.9961,0.9364,,
alice,1,28407146,946,0.007,0.6237,2.0176,0.9354,,
alice,1,28407146,947,0.0069,0.5534,1.9316,0.9345,,
alice,1,28407146,948,0.0048,0.5927,2.0527,0.9335,,
alice,1,28407146,949,0.0074,0.5378,2.082,0.9325,,
alice,1,28407146,950,0.0043,0.5072,1.748,0.9316,,
alice,1,28407146,951,0.0055,0.523,1.8438,0.9306,,
alice,1,28407146,952,0.0087,0.6106,2.2637,0.9297,,
alice,1,28407146,953,0.0048,0.5577,2.0547,0.9287,,
alice,1,28407146,954,0.0041,0.6252,2.1055,0.9278,,
alice,1,28407146,955,0.0091,0.5627,1.7949,0.9268,,
alice,1,28407146,956,0.0083,0.5053,1.9746,0.9259,,
alice,1,28407146,957,0.005,0.5809,2.1875,0.925,,
alice,1,28407146,958,0.0065,0.5557,2.0391,0.924,,
alice,1,28407146,959,0.0058,0.5153,1.9727,0.9231,,
alice,1,28407146,960,0.007,0.514,2.0469,0.9221,,
alice,1,28407146,961,0.0096,0.554,2.1602,0.9212,,
alice,1,28407146,962,0.005,0.6381,2.2168,0.9202,,
alice,1,28407146,963,0.0055,0.5912,2.0781,0.9193,,
alice,1,28407146,964,0.0044,0.585,2.1152,0.9183,,
alice,1,28407146,965,0.0043,0.5328,1.8809,0.9173,,
alice,1,28407146,966,0.0059,0.5817,1.9922,0.9164,,
alice,1,28407146,967,0.0065,0.5391,1.9863,0.9154,,
alice,1,28407146,968,0.0048,0.6278,2.1191,0.9145,,
alice,1,28407146,969,0.001,0.5999,2.123,0.9135,,
alice,1,28407146,970,0.0037,0.4828,1.8652,0.9126,,
alice,1,28407146,971,0.0077,0.528,1.8555,0.9116,,
alice,1,28407146,972,0.0146,0.6245,1.8965,0.9107,,
alice,1,28407146,973,0.0135,0.6598,2.3594,0.9098,,
alice,1,28407146,974,0.0101,0.6015,1.9785,0.9088,,
alice,1,28407146,975,0.0133,0.5541,2.0117,0.9079,,
alice,1,28407146,976,0.0093,0.5992,2.1484,0.9069,,
alice,1,28407146,977,0.0084,0.5556,2.0039,0.906,,
alice,1,28407146,978,0.0082,0.5945,2.1504,0.905,,
alice,1,28407146,979,0.0068,0.6181,2.1074,0.9041,,
alice,1,28407146,980,0.0089,0.5498,1.9238,0.9031,,
alice,1,28407146,981,0.008,0.5938,2.0879,0.9022,,
alice,1,28407146,982,0.0087,0.6082,2.2129,0.9012,,
alice,1,28407146,983,0.0059,0.5563,1.9531,0.9002,,
alice,1,28407146,984,0.0084,0.5581,2.082,0.8993,,
alice,1,28407146,985,0.0072,0.5979,1.9961,0.8983,,
alice,1,28407146,986,0.007,0.5943,2.1523,0.8974,,
alice,1,28407146,987,0.0067,0.5812,1.9727,0.8964,,
alice,1,28407146,988,0.0071,0.6507,2.2402,0.8955,,
alice,1,28407668,989,-0.0056,0.9146,1.4941,1.0,,
alice,1,28407668,990,-0.0046,0.7608,1.3301,0.999,,
alice,1,28407668,991,-0.003,0.691,1.3105,0.9981,,
alice,1,28407668,992,-0.0032,0.6627,1.3574,0.9971,,
alice,1,28407668,993,-0.0014,0.6969,1.4668,0.9962,,
alice,1,28407668,994,-0.0015,0.6527,1.457,0.9952,,
alice,1,28407668,995,-0.0016,0.7356,1.748,0.9943,,
alice,1,28407668,996,-0.0005,0.6747,1.6016,0.9933,,
alice,1,28407668,997,-0.0005,0.6485,1.5801,0.9924,,
alice,1,28407668,998,-0.0003,0.6209,1.5547,0.9915,,
alice,1,28407668,999,0.0008,0.6309,1.5508,0.9905,,
alice,1,28407668,1000,0.0002,0.6535,1.6504,0.9896,,
alice,1,28407668,1001,0.0037,0.6677,1.7617,0.9886,,
alice,1,28407668,1002,0.0015,0.67,1.7324,0.9877,,
alice,1,28407668,1003,0.0034,0.6374,1.6582,0.9867,,
alice,1,28407668,1004,0.0025,0.6372,1.6816,0.9858,,
alice,1,28407668,1005,0.0101,0.6359,1.791,0.9848,,
alice,1,28407668,1006,0.0076,0.6565,1.668,0.9839,,
alice,1,28407668,1007,0.006,0.6913,1.9395,0.9829,,
alice,1,28407668,1008,0.0089,0.6847,1.7734,0.9819,,
alice,1,28407668,1009,0.0136,0.6622,1.8418,0.981,,
alice,1,28407668,1010,0.0156,0.6845,1.959,0.98,,
alice,1,28407668,1011,0.0209,0.6537,1.8203,0.9791,,
alice,1,28407668,1012,0.0255,0.6798,1.9336,0.9781,,
alice,1,28407668,1013,0.0285,0.653,1.8027,0.9772,,
alice,1,28407668,1014,0.0226,0.6614,1.9238,0.9762,,
alice,1,28407668,1015,0.0226,0.6692,1.9355,0.9753,,
alice,1,28407668,1016,0.0223,0.6716,1.9395,0.9744,,
alice,1,28407668,1017,0.0193,0.5643,1.5879,0.9734,,
alice,1,28407668,1018,0.0098,0.635,2.0176,0.9725,,
alice,1,28407668,1019,0.0212,0.6136,1.959,0.9715,,
alice,1,28407668,1020,0.0201,0.6313,1.8242,0.9706,,
alice,1,28407668,1021,0.0262,0.701,2.1699,0.9696,,
alice,1,28407668,1022,0.0288,0.6715,2.1484,0.9687,,
alice,1,28407668,1023,0.0181,0.6197,2.0059,0.9677,,
alice,1,28407668,1024,0.017,0.6459,2.0137,0.9667,,
alice,1,28407668,1025,0.0268,0.6183,2.0605,0.9658,,
alice,1,28407668,1026,0.0149,0.6486,2.0195,0.9648,,
alice,1,28407668,1027,0.0275,0.594,1.8945,0.9639,,
alice,1,28407668,1028,0.0168,0.6433,2.1094,0.9629,,
alice,1,28407668,1029,0.0189,0.5942,1.9219,0.962,,
alice,1,28407668,1030,0.0292,0.6292,2.084,0.961,,
alice,1,28407668,1031,0.0169,0.5227,1.7578,0.9601,,
alice,1,28407668,1032,0.0228,0.6241,2.1211,0.9591,,
alice,1,28407668,1033,0.0202,0.5821,1.7754,0.9582,,
alice,1,28407668,1034,0.0117,0.5235,1.6641,0.9573,,
alice,1,28407668,1035,0.027,0.6555,2.207,0.9563,,
alice,1,28407668,1036,0.0082,0.5964,2.0195,0.9554,,
alice,1,28407668,1037,0.0124,0.6412,2.0566,0.9544,,
alice,1,28407668,1038,0.0144,0.5329,1.8398,0.9535,,
alice,1,28407668,1039,0.0121,0.4741,1.7559,0.9525,,
alice,1,28407668,1040,0.0153,0.5526,1.9316,0.9516,,
alice,1,28407668,1041,0.0146,0.5555,1.8418,0.9506,,
alice,1,28407668,1042,0.01,0.553,1.9629,0.9496,,
alice,1,28407668,1043,0.0054,0.6032,2.0449,0.9487,,
alice,1,28407668,1044,0.0086,0.5529,2.0,0.9477,,
alice,1,28407668,1045,0.0058,0.5889,1.9902,0.9468,,
alice,1,28407668,1046,0.007,0.5471,1.8613,0.9458,,
alice,1,28407668,1047,0.0096,0.5873,2.0996,0.9449,,
alice,1,28407668,1048,0.0048,0.4592,1.6816,0.9439,,
alice,1,28407668,1049,0.0067,0.5354,2.0332,0.943,,
alice,1,28407668,1050,0.0061,0.4826,1.7129,0.9421,,
alice,1,28407668,1051,0.0058,0.576,2.1426,0.9411,,
alice,1,28407668,1052,0.0082,0.4968,1.7441,0.9402,,
alice,1,28407668,1053,0.0094,0.5318,1.8711,0.9392,,
alice,1,28407668,1054,0.0079,0.5146,1.8828,0.9383,,
alice,1,28407668,1055,0.0055,0.5089,1.8105,0.9373,,
alice,1,28407668,1056,0.0089,0.5731,1.9121,0.9364,,
alice,1,28407668,1057,0.0058,0.5122,1.7715,0.9354,,
alice,1,28407668,1058,0.0071,0.5663,1.8809,0.9345,,
alice,1,28407668,1059,0.0103,0.548,2.0859,0.9335,,
alice,1,28407668,1060,0.0057,0.4667,1.6582,0.9325,,
alice,1,28407668,1061,0.0095,0.5209,1.8848,0.9316,,
alice,1,28407668,1062,0.0109,0.4554,1.8027,0.9306,,
alice,1,28407668,1063,0.0154,0.4953,1.7402,0.9297,,
alice,1,28407668,1064,0.0146,0.5518,1.9766,0.9287,,
alice,1,28407668,1065,0.0063,0.4957,1.8008,0.9278,,
alice,1,28407668,1066,0.0067,0.6462,2.2734,0.9268,,
alice,1,28407668,1067,0.0103,0.4951,1.748,0.9259,,
alice,1,28407668,1068,0.0084,0.531,1.9883,0.925,,
alice,1,28407668,1069,0.0086,0.5341,1.7812,0.924,,
alice,1,28407668,1070,0.0096,0.5664,2.0762,0.9231,,
alice,1,28407668,1071,0.0054,0.5538,1.9395,0.9221,,
alice,1,28407668,1072,0.0045,0.5256,1.8496,0.9212,,
alice,1,28407668,1073,0.0101,0.57,1.9258,0.9202,,
alice,1,28407668,1074,0.0141,0.5155,1.7793,0.9193,,
alice,1,28407668,1075,0.0106,0.5715,1.9531,0.9183,,
alice,1,28407668,1076,0.0113,0.5973,2.0527,0.9173,,
alice,1,28407668,1077,0.0111,0.5181,1.7012,0.9164,,
alice,1,28407668,1078,0.0121,0.5993,2.0332,0.9154,,
alice,1,28407668,1079,0.0223,0.6192,2.1465,0.9145,,
alice,1,28407668,1080,0.0133,0.5537,1.9668,0.9135,,
alice,1,28407668,1081,0.0083,0.5699,1.9727,0.9126,,
alice,1,28407668,1082,0.0092,0.5396,1.8613,0.9116,,
alice,1,28407668,1083,0.0125,0.5521,1.8613,0.9107,,
alice,1,28407668,1084,0.0126,0.6146,2.0273,0.9098,,
alice,1,28407668,1085,0.0132,0.5291,1.9141,0.9088,,
alice,1,28407668,1086,0.0128,0.5936,1.9863,0.9079,,
alice,1,28407668,1087,0.0087,0.5674,2.0449,0.9069,,
alice,1,28407668,1088,0.0084,0.5934,2.1387,0.906,,
alice,1,28407668,1089,0.0144,0.576,2.0898,0.905,,
alice,1,28407668,1090,0.0109,0.5603,1.9297,0.9041,,
alice,1,28407668,1091,0.0078,0.5519,2.0156,0.9031,,
alice,1,28407668,1092,0.0083,0.5866,2.2051,0.9022,,
alice,1,28407668,1093,0.0099,0.4955,1.9375,0.9012,,
alice,1,28407668,1094,0.0135,0.4872,2.043,0.9002,,
alice,1,28407668,1095,0.0076,0.5574,2.002,0.8993,,
alice,1,28407668,1096,0.0122,0.5303,2.0215,0.8983,,
alice,1,28407668,1097,0.0072,0.5813,1.9883,0.8974,,
alice,1,28407668,1098,0.0084,0.5332,1.9688,0.8964,,
alice,1,28408366,1099,-0.0053,0.8542,1.4688,1.0,,
alice,1,28408366,1100,-0.0049,0.9166,1.7188,0.999,,
alice,1,28408366,1101,-0.0022,0.7348,1.4824,0.9981,,
alice,1,28408366,1102,-0.0031,0.696,1.4863,0.9971,,
alice,1,28408366,1103,-0.001,0.6611,1.4648,0.9962,,
alice,1,28408366,1104,-0.0004,0.7042,1.6191,0.9952,,
alice,1,28408366,1105,-0.0005,0.6413,1.4297,0.9943,,
alice,1,28408366,1106,0.0001,0.7413,1.7617,0.9933,,
alice,1,28408366,1107,-0.0004,0.7363,1.832,0.9924,,
alice,1,28408366,1108,-0.0016,0.7041,1.8496,0.9915,,
alice,1,28408366,1109,0.0006,0.616,1.4941,0.9905,,
alice,1,28408366,1110,0.0009,0.6507,1.5898,0.9896,,
alice,1,28408366,1111,0.0028,0.6655,1.7539,0.9886,,
alice,1,28408366,1112,0.0039,0.695,1.8105,0.9877,,
alice,1,28408366,1113,0.0077,0.6422,1.6621,0.9867,,
alice,1,28408366,1114,0.0091,0.6414,1.7539,0.9858,,
alice,1,28408366,1115,0.0065,0.7793,2.1387,0.9848,,
alice,1,28408366,1116,0.011,0.708,1.8789,0.9839,,
alice,1,28408366,1117,0.0061,0.7089,2.0098,0.9829,,
alice,1,28408366,1118,0.0119,0.6835,1.9199,0.9819,,
alice,1,28408366,1119,0.0143,0.6884,1.873,0.981,,
alice,1,28408366,1120,0.0161,0.6676,1.8594,0.98,,
alice,1,28408366,1121,0.0185,0.7215,2.168,0.9791,,
alice,1,28408366,1122,0.0121,0.6918,1.9102,0.9781,,
alice,1,28408366,1123,0.0234,0.664,1.8047,0.9772,,
alice,1,28408366,1124,0.0223,0.7143,2.2129,0.9762,,
alice,1,28408366,1125,0.0261,0.6745,1.8867,0.9753,,
alice,1,28408366,1126,0.0142,0.6408,1.7832,0.9744,,
alice,1,28408366,1127,0.0209,0.7063,2.0898,0.9734,,
alice,1,28408366,1128,0.0215,0.6692,1.9414,0.9725,,
alice,1,28408366,1129,0.0322,0.6931,2.0879,0.9715,,
alice,1,28408366,1130,0.0397,0.6764,1.8574,0.9706,,
alice,1,28408366,1131,0.0288,0.67,1.9434,0.9696,,
alice,1,28408366,1132,0.033,0.7086,2.1113,0.9687,,
alice,1,28408366,1133,0.0276,0.6654,2.0312,0.9677,,
alice,1,28408366,1134,0.0148,0.6291,1.9668,0.9667,,
alice,1,28408366,1135,0.0224,0.6234,1.957,0.9658,,
alice,1,28408366,1136,0.0228,0.6126,1.9355,0.9648,,
alice,1,28408366,1137,0.0195,0.6009,1.8613,0.9639,,
alice,1,28408366,1138,0.0146,0.5974,1.8887,0.9629,,
alice,1,28408366,1139,0.0127,0.5392,1.7539,0.962,,
alice,1,28408366,1140,0.025,0.5974,1.9355,0.961,,
alice,1,28408366,1141,0.0217,0.623,1.7949,0.9601,,
alice,1,28408366,1142,0.0247,0.592,1.8945,0.9591,,
alice,1,28408366,1143,0.0195,0.5875,2.1445,0.9582,,
alice,1,28408366,1144,0.0196,0.602,2.041,0.9573,,
alice,1,28408366,1145,0.0183,0.55,1.8125,0.9563,,
alice,1,28408366,1146,0.02,0.6226,2.0039,0.9554,,
alice,1,28408366,1147,0.0135,0.5471,1.916,0.9544,,
alice,1,28408366,1148,0.0211,0.5895,2.1543,0.9535,,
alice,1,28408366,1149,0.0156,0.4856,1.6465,0.9525,,
alice,1,28408366,1150,0.0124,0.4949,1.877,0.9516,,
alice,1,28408366,1151,0.0161,0.5484,1.8086,0.9506,,
alice,1,28408366,1152,0.0091,0.5065,1.793,0.9496,,
alice,1,28408366,1153,0.0106,0.5757,1.9844,0.9487,,
alice,1,28408366,1154,0.0117,0.5243,1.8828,0.9477,,
alice,1,28408366,1155,0.0153,0.5603,2.0039,0.9468,,
alice,1,28408366,1156,0.0096,0.5687,2.0605,0.9458,,
alice,1,28408366,1157,0.0121,0.5745,1.9375,0.9449,,
alice,1,28408366,1158,0.0107,0.5991,1.9551,0.9439,,
alice,1,28408366,1159,0.0117,0.5108,1.9648,0.943,,
alice,1,28408366,1160,0.0132,0.5693,2.0391,0.9421,,
alice,1,28408366,1161,0.0108,0.4796,1.707,0.9411,,
alice,1,28408366,1162,0.0065,0.5469,1.8691,0.9402,,
alice,1,28408366,1163,0.0066,0.4891,1.7715,0.9392,,
alice,1,28408366,1164,0.0088,0.5312,1.8828,0.9383,,
alice,1,28408366,1165,0.0095,0.5003,1.9609,0.9373,,
alice,1,28408366,1166,0.0071,0.5664,2.0332,0.9364,,
alice,1,28408366,1167,0.007,0.6046,2.0742,0.9354,,
alice,1,28408366,1168,0.0091,0.6263,2.1172,0.9345,,
alice,1,28408366,1169,0.0079,0.5936,2.0273,0.9335,,
alice,1,28408366,1170,0.0067,0.5084,1.6777,0.9325,,
alice,1,28408366,1171,0.0117,0.44,1.6211,0.9316,,
alice,1,28408366,1172,0.0094,0.4593,1.793,0.9306,,
alice,1,28408366,1173,0.0136,0.5665,2.0352,0.9297,,
alice,1,28408366,1174,0.0122,0.5191,1.8359,0.9287,,
alice,1,28408366,1175,0.0092,0.4985,2.0469,0.9278,,
alice,1,28408366,1176,0.0065,0.5854,2.1016,0.9268,,
alice,1,28408366,1177,0.0061,0.4708,1.9121,0.9259,,
alice,1,28408366,1178,0.0082,0.4509,1.9492,0.925,,
alice,1,28408366,1179,0.0023,0.5218,2.0312,0.924,,
alice,1,28408366,1180,0.0066,0.4954,1.8301,0.9231,,
alice,1,28408366,1181,0.0066,0.4675,1.8066,0.9221,,
alice,1,28408366,1182,0.0069,0.4856,1.8555,0.9212,,
alice,1,28408366,1183,0.0094,0.579,1.9355,0.9202,,
alice,1,28408366,1184,0.0077,0.5451,1.9219,0.9193,,
alice,1,28408366,1185,0.0069,0.5503,1.8711,0.9183,,
alice,1,28408366,1186,0.0068,0.4218,1.6738,0.9173,,
alice,1,28408366,1187,0.0044,0.5343,2.043,0.9164,,
alice,1,28408366,1188,0.0087,0.5102,1.998,0.9154,,
alice,1,28408366,1189,0.0073,0.5372,1.9023,0.9145,,
alice,1,28408366,1190,0.0018,0.6162,2.2305,0.9135,,
alice,1,28408366,1191,0.0071,0.5499,1.9102,0.9126,,
alice,1,28408366,1192,0.0081,0.4887,1.7305,0.9116,,
alice,1,28408366,1193,0.0067,0.5164,1.832,0.9107,,
alice,1,28408366,1194,0.0084,0.4921,1.9746,0.9098,,
alice,1,28408366,1195,0.0031,0.5852,2.1309,0.9088,,
alice,1,28408366,1196,0.0075,0.5107,1.9551,0.9079,,
alice,1,28408366,1197,0.0087,0.4371,1.8066,0.9069,,
alice,1,28408366,1198,0.0034,0.4977,1.8945,0.906,,
alice,1,28408366,1199,0.0054,0.4304,1.8438,0.905,,
alice,1,28408366,1200,0.0059,0.5576,2.127,0.9041,,
alice,1,28408366,1201,0.0111,0.5752,2.0879,0.9031,,
alice,1,28408366,1202,0.0062,0.5457,1.9707,0.9022,,
alice,1,28408366,1203,0.0046,0.5497,2.1113,0.9012,,
alice,1,28408366,1204,0.0057,0.5485,1.9141,0.9002,,
alice,1,28408366,1205,0.0063,0.4738,1.8008,0.8993,,
alice,1,28408366,1206,0.0059,0.498,1.7812,0.8983,,
alice,1,28410125,1207,-0.0046,0.8312,1.4629,1.0,,
alice,1,28410125,1208,-0.0039,0.6616,1.2402,0.999,,
alice,1,28410125,1209,-0.0033,0.7138,1.4238,0.9981,,
alice,1,28410125,1210,-0.0033,0.7462,1.5605,0.9971,,
alice,1,28410125,1211,-0.0031,0.6511,1.4258,0.9962,,
alice,1,28410125,1212,-0.002,0.6473,1.4824,0.9952,,
alice,1,28410125,1213,-0.0023,0.6508,1.459,0.9943,,
alice,1,28410125,1214,-0.0024,0.7029,1.6699,0.9933,,
alice,1,28410125,1215,-0.0017,0.7433,1.7988,0.9924,,
alice,1,28410125,1216,0.0001,0.5759,1.3789,0.9915,,
alice,1,28410125,1217,-0.0005,0.6653,1.6484,0.9905,,
alice,1,28410125,1218,-0.0014,0.6313,1.582,0.9896,,
alice,1,28410125,1219,-0.0,0.6132,1.5977,0.9886,,
alice,1,28410125,1220,0.0001,0.6574,1.6973,0.9877,,
alice,1,28410125,1221,0.0008,0.6368,1.6172,0.9867,,
alice,1,28410125,1222,0.0016,0.6536,1.666,0.9858,,
alice,1,28410125,1223,0.0029,0.7077,1.8574,0.9848,,
alice,1,28410125,1224,0.0037,0.6534,1.7754,0.9839,,
alice,1,28410125,1225,0.0033,0.7104,1.9805,0.9829,,
alice,1,28410125,1226,0.0084,0.6874,1.8672,0.9819,,
alice,1,28410125,1227,0.0087,0.7565,2.0957,0.981,,
alice,1,28410125,1228,0.0149,0.7015,1.9785,0.98,,
alice,1,28410125,1229,0.0118,0.7466,2.1387,0.9791,,
alice,1,28410125,1230,0.0103,0.7089,2.002,0.9781,,
alice,1,28410125,1231,0.0105,0.7475,2.0137,0.9772,,
alice,1,28410125,1232,0.0215,0.679,1.9668,0.9762,,
alice,1,28410125,1233,0.0184,0.6771,2.0059,0.9753,,
alice,1,28410125,1234,0.0148,0.7069,2.1406,0.9744,,
alice,1,28410125,1235,0.0116,0.6627,1.9453,0.9734,,
alice,1,28410125,1236,0.015,0.6632,1.9414,0.9725,,
alice,1,28410125,1237,0.0155,0.5826,1.7266,0.9715,,
alice,1,28410125,1238,0.0172,0.6519,1.9824,0.9706,,
alice,1,28410125,1239,0.0221,0.6306,1.8652,0.9696,,
alice,1,28410125,1240,0.0165,0.6328,1.7793,0.9687,,
alice,1,28410125,1241,0.0136,0.6721,2.1055,0.9677,,
alice,1,28410125,1242,0.0147,0.6694,2.1035,0.9667,,
alice,1,28410125,1243,0.015,0.6137,1.7812,0.9658,,
alice,1,28410125,1244,0.0159,0.5959,1.7754,0.9648,,
alice,1,28410125,1245,0.026,0.6822,2.1406,0.9639,,
alice,1,28410125,1246,0.0208,0.6345,1.8691,0.9629,,
alice,1,28410125,1247,0.0254,0.6805,2.0938,0.962,,
alice,1,28410125,1248,0.0223,0.6133,1.9688,0.961,,
alice,1,28410125,1249,0.0166,0.6294,2.0781,0.9601,,
alice,1,28410125,1250,0.0233,0.6017,1.9023,0.9591,,
alice,1,28410125,1251,0.0209,0.5956,2.041,0.9582,,
alice,1,28410125,1252,0.0174,0.6481,2.1602,0.9573,,
alice,1,28410125,1253,0.0256,0.6722,2.1035,0.9563,,
alice,1,28410125,1254,0.018,0.6581,2.1328,0.9554,,
alice,1,28410125,1255,0.0156,0.5572,1.7305,0.9544,,
alice,1,28410125,1256,0.0148,0.6237,2.0684,0.9535,,
alice,1,28410125,1257,0.0139,0.5586,1.8848,0.9525,,
alice,1,28410125,1258,0.0198,0.5943,2.0098,0.9516,,
alice,1,28410125,1259,0.0101,0.5907,1.9453,0.9506,,
alice,1,28410125,1260,0.0089,0.5818,1.9336,0.9496,,
alice,1,28410125,1261,0.0136,0.5738,1.9922,0.9487,,
alice,1,28410125,1262,0.0067,0.6225,2.1582,0.9477,,
alice,1,28410125,1263,0.0079,0.5708,1.9688,0.9468,,
alice,1,28410125,1264,0.0107,0.5142,1.7227,0.9458,,
alice,1,28410125,1265,0.0102,0.5596,1.9805,0.9449,,
alice,1,28410125,1266,0.0088,0.6041,1.9492,0.9439,,
alice,1,28410125,1267,0.0082,0.635,2.0977,0.943,,
alice,1,28410125,1268,0.0087,0.5968,2.1289,0.9421,,
alice,1,28410125,1269,0.0096,0.6028,2.1875,0.9411,,
alice,1,28410125,1270,0.0071,0.5927,1.9238,0.9402,,
alice,1,28410125,1271,0.009,0.5731,1.8906,0.9392,,
alice,1,28410125,1272,0.0097,0.5656,2.084,0.9383,,
alice,1,28410125,1273,0.0065,0.616,2.1465,0.9373,,
alice,1,28410125,1274,0.0089,0.5757,2.002,0.9364,,
alice,1,28410125,1275,0.0088,0.6693,2.168,0.9354,,
alice,1,28410125,1276,0.0092,0.5782,2.0469,0.9345,,
alice,1,28410125,1277,0.0096,0.6017,2.0039,0.9335,,
alice,1,28410125,1278,0.006,0.4743,1.8184,0.9325,,
alice,1,28410125,1279,0.0118,0.6284,2.2148,0.9316,,
alice,1,28410125,1280,0.0094,0.5017,1.7656,0.9306,,
alice,1,28410125,1281,0.0064,0.5587,2.0117,0.9297,,
alice,1,28410125,1282,0.0108,0.5723,2.1406,0.9287,,
alice,1,28410125,1283,0.0085,0.5291,1.9707,0.9278,,
alice,1,28410125,1284,0.0116,0.6483,2.1855,0.9268,,
alice,1,28410125,1285,0.0117,0.58,2.1172,0.9259,,
alice,1,28410125,1286,0.0074,0.6308,2.1191,0.925,,
alice,1,28410125,1287,0.008,0.6252,2.1094,0.924,,
alice,1,28410125,1288,0.0072,0.6182,2.0879,0.9231,,
alice,1,28410125,1289,0.005,0.5564,2.0059,0.9221,,
alice,1,28410125,1290,0.0103,0.5211,1.9766,0.9212,,
alice,1,28410125,1291,0.0104,0.5147,1.959,0.9202,,
alice,1,28410125,1292,0.0072,0.6049,2.0938,0.9193,,
alice,1,28410125,1293,0.006,0.5368,1.875,0.9183,,
alice,1,28410125,1294,0.0078,0.5493,2.0156,0.9173,,
alice,1,28410125,1295,0.0077,0.6463,2.1816,0.9164,,
alice,1,28410125,1296,0.0087,0.5242,2.0098,0.9154,,
alice,1,28410125,1297,0.0076,0.5206,1.9434,0.9145,,
alice,1,28410125,1298,0.0104,0.5219,1.8125,0.9135,,
alice,1,28410125,1299,0.0098,0.4992,1.7598,0.9126,,
alice,1,28410125,1300,0.0088,0.6127,2.0156,0.9116,,
alice,1,28410125,1301,0.007,0.5853,2.1172,0.9107,,
alice,1,28410125,1302,0.0094,0.5725,2.1309,0.9098,,
alice,1,28410125,1303,0.0073,0.5759,2.1172,0.9088,,
alice,1,28410125,1304,0.0066,0.586,2.0664,0.9079,,
alice,1,28410125,1305,0.0058,0.5702,2.1133,0.9069,,
alice,1,28410125,1306,0.0059,0.5552,2.0391,0.906,,
alice,1,28410125,1307,0.0065,0.5142,1.916,0.905,,
alice,1,28410125,1308,0.0043,0.6467,2.2051,0.9041,,
alice,1,28410125,1309,0.0076,0.6099,2.1406,0.9031,,
alice,1,28410125,1310,0.0058,0.55,2.1172,0.9022,,
alice,1,28410125,1311,0.0046,0.5485,1.998,0.9012,,
alice,1,28410125,1312,0.0068,0.5264,2.0117,0.9002,,
alice,1,28410125,1313,0.0077,0.5002,1.8203,0.8993,,
alice,1,28410125,1314,0.0045,0.5761,2.1445,0.8983,,
alice,1,28410125,1315,0.0021,0.5872,2.0898,0.8974,,
alice,1,28410125,1316,0.0067,0.585,2.0645,0.8964,,
alice,1,28410125,1317,0.0044,0.5533,1.9941,0.8955,,
alice,1,28413023,1318,-0.0049,0.872,1.6465,1.0,,
alice,1,28413023,1319,-0.0043,0.767,1.498,0.999,,
alice,1,28413023,1320,-0.0022,0.6258,1.2578,0.9981,,
alice,1,28413023,1321,-0.0027,0.6689,1.4297,0.9971,,
alice,1,28413023,1322,-0.0013,0.636,1.4199,0.9962,,
alice,1,28413023,1323,-0.0027,0.6342,1.4805,0.9952,,
alice,1,28413023,1324,-0.0021,0.6584,1.5566,0.9943,,
alice,1,28413023,1325,-0.002,0.6649,1.584,0.9933,,
alice,1,28413023,1326,-0.0013,0.6664,1.6328,0.9924,,
alice,1,28413023,1327,-0.0007,0.6578,1.6035,0.9915,,
alice,1,28413023,1328,-0.0012,0.6536,1.6543,0.9905,,
alice,1,28413023,1329,0.0002,0.6181,1.6445,0.9896,,
alice,1,28413023,1330,-0.0006,0.6272,1.6855,0.9886,,
alice,1,28413023,1331,0.0032,0.5866,1.5,0.9877,,
alice,1,28413023,1332,0.007,0.7089,1.9473,0.9867,,
alice,1,28413023,1333,0.0053,0.7106,1.9375,0.9858,,
alice,1,28413023,1334,0.0044,0.7187,2.1289,0.9848,,
alice,1,28413023,1335,0.0136,0.6782,1.8281,0.9839,,
alice,1,28413023,1336,0.0035,0.6316,1.6621,0.9829,,
alice,1,28413023,1337,0.0034,0.6602,1.8359,0.9819,,
alice,1,28413023,1338,0.0084,0.71,1.9258,0.981,,
alice,1,28413023,1339,0.0108,0.6556,1.7676,0.98,,
alice,1,28413023,1340,0.0153,0.6742,1.7891,0.9791,,
alice,1,28413023,1341,0.0152,0.6836,1.9922,0.9781,,
alice,1,28413023,1342,0.0188,0.7276,2.0977,0.9772,,
alice,1,28413023,1343,0.0163,0.7638,2.3223,0.9762,,
alice,1,28413023,1344,0.0176,0.7253,2.0625,0.9753,,
alice,1,28413023,1345,0.0176,0.677,1.8652,0.9744,,
alice,1,28413023,1346,0.0205,0.6728,1.9258,0.9734,,
alice,1,28413023,1347,0.0196,0.6974,2.0078,0.9725,,
alice,1,28413023,1348,0.0179,0.6393,1.918,0.9715,,
alice,1,28413023,1349,0.0137,0.6332,1.8125,0.9706,,
alice,1,28413023,1350,0.016,0.6228,1.8965,0.9696,,
alice,1,28413023,1351,0.0274,0.6454,1.9316,0.9687,,
alice,1,28413023,1352,0.0324,0.621,1.9199,0.9677,,
alice,1,28413023,1353,0.0249,0.6449,1.9609,0.9667,,
alice,1,28413023,1354,0.0337,0.6822,2.0742,0.9658,,
alice,1,28413023,1355,0.0164,0.6545,1.9766,0.9648,,
alice,1,28413023,1356,0.0122,0.611,1.9492,0.9639,,
alice,1,28413023,1357,0.0083,0.5915,1.8672,0.9629,,
alice,1,28413023,1358,0.0126,0.5819,1.8105,0.962,,
alice,1,28413023,1359,0.0108,0.5884,1.834,0.961,,
alice,1,28413023,1360,0.0145,0.5952,1.9551,0.9601,,
alice,1,28413023,1361,0.0118,0.5755,1.9453,0.9591,,
alice,1,28413023,1362,0.0155,0.5265,1.8008,0.9582,,
alice,1,28413023,1363,0.0229,0.5768,1.9629,0.9573,,
alice,1,28413023,1364,0.0222,0.6317,2.0801,0.9563,,
alice,1,28413023,1365,0.0178,0.6468,2.0625,0.9554,,
alice,1,28413023,1366,0.0187,0.6667,2.1621,0.9544,,
alice,1,28413023,1367,0.0142,0.5585,1.8574,0.9535,,
alice,1,28413023,1368,0.0175,0.6048,1.9961,0.9525,,
alice,1,28413023,1369,0.0097,0.4952,1.748,0.9516,,
alice,1,28413023,1370,0.0084,0.5197,1.873,0.9506,,
alice,1,28413023,1371,0.004,0.5923,2.084,0.9496,,
alice,1,28413023,1372,0.0097,0.5515,1.9531,0.9487,,
alice,1,28413023,1373,0.0081,0.5708,1.9648,0.9477,,
alice,1,28413023,1374,0.0096,0.6081,2.1152,0.9468,,
alice,1,28413023,1375,0.0064,0.5144,1.7188,0.9458,,
alice,1,28413023,1376,0.0068,0.5579,1.9531,0.9449,,
alice,1,28413023,1377,0.0113,0.5268,1.9492,0.9439,,
alice,1,28413023,1378,0.0097,0.5015,1.8086,0.943,,
alice,1,28413023,1379,0.0114,0.5138,1.7656,0.9421,,
alice,1,28413023,1380,0.0102,0.5431,1.9492,0.9411,,
alice,1,28413023,1381,0.0105,0.5157,1.8965,0.9402,,
alice,1,28413023,1382,0.0104,0.555,1.9863,0.9392,,
alice,1,28413023,1383,0.0071,0.6083,2.041,0.9383,,
alice,1,28413023,1384,0.0102,0.4665,1.6445,0.9373,,
alice,1,28413023,1385,0.0107,0.5128,1.7812,0.9364,,
alice,1,28413023,1386,0.0065,0.5165,1.8242,0.9354,,
alice,1,28413023,1387,0.0097,0.5058,1.9141,0.9345,,
alice,1,28413023,1388,0.0137,0.5642,2.0098,0.9335,,
alice,1,28413023,1389,0.01,0.6064,2.1992,0.9325,,
alice,1,28413023,1390,0.0059,0.5961,2.1172,0.9316,,
alice,1,28413023,1391,0.0074,0.4973,1.8242,0.9306,,
alice,1,28413023,1392,0.0066,0.5326,2.0156,0.9297,,
alice,1,28413023,1393,0.0052,0.6222,2.3027,0.9287,,
alice,1,28413023,1394,0.0095,0.5037,1.7598,0.9278,,
alice,1,28413023,1395,0.0107,0.5133,1.8379,0.9268,,
alice,1,28413023,1396,0.0112,0.4788,1.7578,0.9259,,
alice,1,28413023,1397,0.0074,0.5276,1.9707,0.925,,
alice,1,28413023,1398,0.0115,0.5749,2.1289,0.924,,
alice,1,28413023,1399,0.0086,0.5087,1.8945,0.9231,,
alice,1,28413023,1400,0.0113,0.5292,1.8887,0.9221,,
alice,1,28413023,1401,0.0057,0.5495,1.9688,0.9212,,
alice,1,28413023,1402,0.0077,0.4872,1.9043,0.9202,,
alice,1,28413023,1403,0.0067,0.5668,2.1367,0.9193,,
alice,1,28413023,1404,0.0094,0.5287,1.9766,0.9183,,
alice,1,28413023,1405,0.0082,0.481,1.709,0.9173,,
alice,1,28413023,1406,0.0111,0.4744,1.8926,0.9164,,
alice,1,28413023,1407,0.006,0.4922,1.9258,0.9154,,
alice,1,28413023,1408,0.0066,0.4812,1.9121,0.9145,,
alice,1,28413023,1409,0.0093,0.5109,1.9199,0.9135,,
alice,1,28413023,1410,0.0086,0.4815,1.7773,0.9126,,
alice,1,28413023,1411,0.0073,0.5068,1.9336,0.9116,,
alice,1,28413023,1412,0.0086,0.534,2.1758,0.9107,,
alice,1,28413023,1413,0.0066,0.4947,1.8613,0.9098,,
alice,1,28413023,1414,0.0045,0.536,2.0039,0.9088,,
alice,1,28413023,1415,0.0055,0.537,2.1016,0.9079,,
alice,1,28413023,1416,0.006,0.5396,2.1289,0.9069,,
alice,1,28413023,1417,0.0063,0.5297,1.9766,0.906,,
alice,1,28413023,1418,0.0077,0.5545,2.0273,0.905,,
alice,1,28413023,1419,0.0063,0.5895,2.0645,0.9041,,
alice,1,28413023,1420,0.0098,0.4638,1.877,0.9031,,
alice,1,28413023,1421,0.0022,0.5497,2.0293,0.9022,,
alice,1,28413023,1422,0.0068,0.4957,1.8809,0.9012,,
alice,1,28413023,1423,0.0078,0.5217,1.9082,0.9002,,
alice,1,28413023,1424,0.0041,0.4763,2.0508,0.8993,,
alice,1,28413023,1425,0.0052,0.5907,2.2207,0.8983,,
alice,1,28413023,1426,0.0098,0.5613,1.9102,0.8974,,
alice,1,28422449,1427,-0.0037,0.6924,1.2988,1.0,,
alice,1,28422449,1428,-0.0029,0.5916,1.1641,0.999,,
alice,1,28422449,1429,-0.0019,0.616,1.2832,0.9981,,
alice,1,28422449,1430,-0.0023,0.6751,1.4238,0.9971,,
alice,1,28422449,1431,-0.002,0.6859,1.5215,0.9962,,
alice,1,28422449,1432,-0.0022,0.6962,1.5898,0.9952,,
alice,1,28422449,1433,-0.0019,0.6206,1.4277,0.9943,,
alice,1,28422449,1434,-0.0007,0.6918,1.5742,0.9933,,
alice,1,28422449,1435,-0.0005,0.6117,1.4688,0.9924,,
alice,1,28422449,1436,-0.0005,0.5987,1.4219,0.9915,,
alice,1,28422449,1437,-0.0004,0.5621,1.4023,0.9905,,
alice,1,28422449,1438,-0.0002,0.6402,1.6699,0.9896,,
alice,1,28422449,1439,-0.0008,0.6908,1.8203,0.9886,,
alice,1,28422449,1440,0.0002,0.6586,1.7383,0.9877,,
alice,1,28422449,1441,0.0005,0.6249,1.6621,0.9867,,
alice,1,28422449,1442,0.0006,0.6551,1.7461,0.9858,,
alice,1,28422449,1443,0.0025,0.6607,1.75,0.9848,,
alice,1,28422449,1444,0.001,0.6289,1.625,0.9839,,
alice,1,28422449,1445,0.0013,0.678,1.8457,0.9829,,
alice,1,28422449,1446,0.0025,0.6782,1.916,0.9819,,
alice,1,28422449,1447,0.002,0.689,1.9062,0.981,,
alice,1,28422449,1448,0.0012,0.7646,2.1699,0.98,,
alice,1,28422449,1449,0.0051,0.6389,1.8125,0.9791,,
alice,1,28422449,1450,0.0064,0.6751,1.8965,0.9781,,
alice,1,28422449,1451,0.0069,0.6515,1.6836,0.9772,,
alice,1,28422449,1452,0.0018,0.6845,1.8086,0.9762,,
alice,1,28422449,1453,0.0009,0.7291,2.127,0.9753,,
alice,1,28422449,1454,0.0024,0.604,1.8242,0.9744,,
alice,1,28422449,1455,0.0021,0.6527,1.9102,0.9734,,
alice,1,28422449,1456,0.0037,0.5742,1.6777,0.9725,,
alice,1,28422449,1457,0.0019,0.6306,1.8945,0.9715,,
alice,1,28422449,1458,0.0024,0.6793,2.1504,0.9706,,
alice,1,28422449,1459,0.0027,0.6518,2.0234,0.9696,,
alice,1,28422449,1460,0.0096,0.5441,1.5469,0.9687,,
alice,1,28422449,1461,0.0088,0.5994,1.7402,0.9677,,
alice,1,28422449,1462,0.0095,0.6458,2.0547,0.9667,,
alice,1,28422449,1463,0.0148,0.6562,2.0703,0.9658,,
alice,1,28422449,1464,0.0201,0.5828,1.6387,0.9648,,
alice,1,28422449,1465,0.0165,0.6123,1.9258,0.9639,,
alice,1,28422449,1466,0.0092,0.6701,2.0996,0.9629,,
alice,1,28422449,1467,0.0152,0.6349,2.0078,0.962,,
alice,1,28422449,1468,0.0148,0.7139,2.25,0.961,,
alice,1,28422449,1469,0.0033,0.6411,1.8926,0.9601,,
alice,1,28422449,1470,0.0039,0.632,1.9453,0.9591,,
alice,1,28422449,1471,0.0045,0.6494,2.127,0.9582,,
alice,1,28422449,1472,0.0096,0.538,1.7891,0.9573,,
alice,1,28422449,1473,0.008,0.6413,2.0977,0.9563,,
alice,1,28422449,1474,0.0105,0.5866,1.8789,0.9554,,
alice,1,28422449,1475,0.019,0.5537,1.8789,0.9544,,
alice,1,28422449,1476,0.0049,0.6062,1.918,0.9535,,
alice,1,28422449,1477,0.0057,0.5939,2.0723,0.9525,,
alice,1,28422449,1478,0.0102,0.5474,1.6875,0.9516,,
alice,1,28422449,1479,0.0018,0.5764,1.9434,0.9506,,
alice,1,28422449,1480,0.0044,0.576,1.8672,0.9496,,
alice,1,28422449,1481,0.0094,0.5423,1.8652,0.9487,,
alice,1,28422449,1482,0.0052,0.6109,2.1172,0.9477,,
alice,1,28422449,1483,0.007,0.6178,2.1387,0.9468,,
alice,1,28422449,1484,0.004,0.6224,2.1543,0.9458,,
alice,1,28422449,1485,0.0058,0.6168,1.8926,0.9449,,
alice,1,28422449,1486,0.0068,0.5409,1.7344,0.9439,,
alice,1,28422449,1487,0.0074,0.582,2.0508,0.943,,
alice,1,28422449,1488,0.0075,0.5056,1.7441,0.9421,,
alice,1,28422449,1489,0.0034,0.5854,1.8594,0.9411,,
alice,1,28422449,1490,0.0036,0.5504,1.8945,0.9402,,
alice,1,28422449,1491,0.0039,0.4832,1.7539,0.9392,,
alice,1,28422449,1492,0.0026,0.4837,1.7617,0.9383,,
alice,1,28422449,1493,0.0025,0.5671,1.9961,0.9373,,
alice,1,28422449,1494,0.0057,0.586,2.0391,0.9364,,
alice,1,28422449,1495,0.0077,0.5825,2.123,0.9354,,
alice,1,28422449,1496,0.0066,0.5257,1.8672,0.9345,,
alice,1,28422449,1497,0.0049,0.5347,1.8379,0.9335,,
alice,1,28422449,1498,0.0076,0.5539,1.9668,0.9325,,
alice,1,28422449,1499,0.005,0.5545,1.9668,0.9316,,
alice,1,28422449,1500,0.004,0.5026,1.9238,0.9306,,
alice,1,28422449,1501,0.0057,0.5251,2.0625,0.9297,,
alice,1,28422449,1502,0.0049,0.557,2.0352,0.9287,,
alice,1,28422449,1503,0.0039,0.6132,2.1875,0.9278,,
alice,1,28422449,1504,0.0068,0.5437,1.9551,0.9268,,
alice,1,28422449,1505,0.0054,0.5026,2.0,0.9259,,
alice,1,28422449,1506,0.0065,0.5415,1.959,0.925,,
alice,1,28422449,1507,0.0063,0.5782,2.0977,0.924,,
alice,1,28422449,1508,0.0056,0.5418,1.9395,0.9231,,
alice,1,28422449,1509,0.0032,0.5076,1.9082,0.9221,,
alice,1,28422449,1510,-0.0005,0.5519,2.002,0.9212,,
alice,1,28422449,1511,0.0015,0.4834,1.8379,0.9202,,
alice,1,28422449,1512,0.0028,0.5467,2.1445,0.9193,,
alice,1,28422449,1513,0.0068,0.4997,2.0703,0.9183,,
alice,1,28422449,1514,0.0026,0.572,2.2402,0.9173,,
alice,1,28422449,1515,0.0035,0.5296,2.0469,0.9164,,
alice,1,28422449,1516,-0.0011,0.5347,2.0645,0.9154,,
alice,1,28422449,1517,-0.0029,0.5674,2.1934,0.9145,,
alice,1,28422449,1518,0.0049,0.3998,1.6367,0.9135,,
alice,1,28422449,1519,0.0029,0.5908,2.125,0.9126,,
alice,1,28422449,1520,0.0041,0.5718,2.0059,0.9116,,
alice,1,28422449,1521,0.0099,0.5372,1.8262,0.9107,,
alice,1,28422449,1522,0.0042,0.5004,1.9805,0.9098,,
alice,1,28422449,1523,0.0015,0.5559,2.0762,0.9088,,
alice,1,28422449,1524,0.0012,0.5542,1.959,0.9079,,
alice,1,28422449,1525,0.0046,0.5799,2.0508,0.9069,,
alice,1,28422449,1526,0.0035,0.5486,1.8359,0.906,,
alice,1,28422449,1527,0.0086,0.5381,1.8223,0.905,,
alice,1,28422449,1528,0.0015,0.5613,1.8516,0.9041,,
alice,1,28422449,1529,-0.0014,0.5852,2.0098,0.9031,,
alice,1,28422449,1530,0.0042,0.5415,1.9668,0.9022,,
alice,1,28422449,1531,0.0069,0.4919,1.8418,0.9012,,
alice,1,28422449,1532,0.0025,0.5908,2.1348,0.9002,,
alice,1,28422449,1533,0.0075,0.5733,2.0586,0.8993,,
alice,1,28422449,1534,0.0041,0.5426,1.9082,0.8983,,
alice,1,28422449,1535,0.0032,0.6461,2.2637,0.8974,,
alice,1,28422449,1536,0.0059,0.591,2.0352,0.8964,,
bob,1,28385527,0,0.0014,0.0951,0.0004,,-1.0152,0.0455
bob,1,28385527,1,0.0027,0.1198,0.0006,,-1.0127,0.069
bob,1,28385527,2,0.0023,0.1907,0.0009,,-1.0087,0.1056
bob,1,28385527,3,-0.0014,0.108,0.0005,,-1.0162,0.06
bob,1,28385527,4,-0.0023,0.1192,0.0006,,-1.0134,0.068
bob,1,28385527,5,-0.0021,0.1249,0.0006,,-1.01,0.0797
bob,1,28385527,6,-0.0002,0.19,0.0009,,-1.0169,0.1095
bob,1,28385527,7,-0.0024,0.1095,0.0005,,-1.0061,0.0615
bob,1,28385527,8,-0.0013,0.1153,0.0006,,-1.0206,0.0704
bob,1,28385527,9,-0.0007,0.1046,0.0005,,-1.0086,0.0611
bob,1,28385527,10,0.0067,0.2174,0.0011,,-1.0071,0.1259
bob,1,28385527,11,-0.0044,0.0944,0.0005,,-1.0032,0.0645
bob,1,28385527,12,-0.0024,0.1482,0.0006,,-1.0087,0.0873
bob,1,28385527,13,0.0003,0.1168,0.0006,,-1.0076,0.0733
bob,1,28385527,14,0.0026,0.1223,0.0007,,-1.0062,0.0727
bob,1,28385527,15,0.001,0.1651,0.0009,,-1.0107,0.1032
bob,1,28385527,16,-0.0018,0.1915,0.0012,,-1.0141,0.122
bob,1,28385527,17,-0.0036,0.1673,0.0011,,-1.0275,0.1111
bob,1,28385527,18,-0.0004,0.1709,0.0009,,-1.0086,0.1049
bob,1,28385527,19,-0.0027,0.1478,0.0009,,-1.017,0.0936
bob,1,28385527,20,-0.0023,0.1517,0.001,,-1.0073,0.1047
bob,1,28385527,21,-0.0036,0.1764,0.0011,,-1.0315,0.1154
bob,1,28385527,22,-0.0061,0.1722,0.0011,,-1.0121,0.1156
bob,1,28385527,23,0.0019,0.1929,0.0011,,-1.0129,0.1282
bob,1,28385527,24,-0.0075,0.0833,0.0006,,-1.0202,0.0524
bob,1,28385527,25,-0.0007,0.1414,0.0011,,-1.0149,0.1011
bob,1,28385527,26,-0.0041,0.1564,0.0011,,-1.0146,0.1099
bob,1,28385527,27,0.0,0.148,0.001,,-1.0145,0.1044
bob,1,28385527,28,-0.0024,0.1281,0.0009,,-1.0251,0.0857
bob,1,28385527,29,-0.0008,0.1759,0.0011,,-1.0172,0.1111
bob,1,28385527,30,-0.01,0.1506,0.0009,,-1.0281,0.092
bob,1,28385527,31,0.0002,0.1128,0.0007,,-1.0271,0.0802
bob,1,28385527,32,-0.0007,0.1728,0.0012,,-1.0409,0.1077
bob,1,28385527,33,0.0005,0.1529,0.0011,,-1.0217,0.1038
bob,1,28385527,34,-0.0037,0.1413,0.0011,,-1.058,0.0909
bob,1,28385527,35,0.0033,0.1672,0.0012,,-1.0062,0.1235
bob,1,28385527,36,0.0009,0.1967,0.0013,,-1.0257,0.1116
bob,1,28385527,37,-0.0049,0.0815,0.0006,,-1.0329,0.0562
bob,1,28385527,38,-0.0033,0.132,0.0008,,-1.0395,0.0714
bob,1,28385527,39,-0.0019,0.1637,0.0012,,-1.0546,0.1106
bob,1,28385527,40,-0.0061,0.11,0.0007,,-1.0266,0.0745
bob,1,28385527,41,0.0005,0.1855,0.0012,,-1.044,0.1215
bob,1,28385527,42,-0.0057,0.1667,0.0011,,-1.025,0.1061
bob,1,28385527,43,-0.0037,0.1767,0.0012,,-1.0186,0.1196
bob,1,28385527,44,-0.0039,0.1795,0.0013,,-1.0518,0.1324
bob,1,28385527,45,-0.0008,0.1943,0.0013,,-1.0349,0.1188
bob,1,28385527,46,0.0014,0.2309,0.0015,,-1.058,0.1429
bob,1,28385527,47,-0.0024,0.1537,0.0011,,-1.0467,0.0989
bob,1,28385527,48,-0.0002,0.1847,0.0013,,-1.0481,0.1165
bob,1,28385527,49,0.0017,0.1323,0.0008,,-1.0294,0.0798
bob,1,28385527,50,-0.0024,0.1648,0.0011,,-1.0273,0.1005
bob,1,28385527,51,-0.0022,0.1538,0.0011,,-1.0298,0.1173
bob,1,28385527,52,-0.0033,0.1265,0.0009,,-1.0258,0.0829
bob,1,28385527,53,-0.0015,0.1576,0.0009,,-1.0418,0.0867
bob,1,28385527,54,-0.0022,0.1373,0.0009,,-1.0462,0.0973
bob,1,28385527,55,-0.0008,0.2132,0.0013,,-1.0423,0.1351
bob,1,28385527,56,-0.0017,0.199,0.0012,,-1.0311,0.131
bob,1,28385527,57,-0.0033,0.1554,0.0009,,-1.0447,0.1081
bob,1,28385527,58,0.0005,0.1474,0.001,,-1.0258,0.1129
bob,1,28385527,59,0.0011,0.1568,0.0011,,-1.045,0.1066
bob,1,28385527,60,-0.0012,0.1552,0.0012,,-1.0595,0.1
bob,1,28385527,61,-0.0039,0.1663,0.0012,,-1.033,0.1034
bob,1,28385527,62,0.0016,0.1378,0.0009,,-1.0461,0.0815
bob,1,28385527,63,0.0087,0.1557,0.0012,,-1.0479,0.1165
bob,1,28385527,64,-0.0002,0.2052,0.0013,,-1.0383,0.1429
bob,1,28385527,65,-0.0016,0.1498,0.0009,,-1.0765,0.1098
bob,1,28385527,66,0.0022,0.2202,0.0016,,-1.0305,0.1386
bob,1,28385527,67,0.0009,0.1359,0.0008,,-1.0325,0.0745
bob,1,28385527,68,-0.003,0.1591,0.0011,,-1.0408,0.1154
bob,1,28385527,69,0.0036,0.1726,0.0012,,-1.0583,0.1122
bob,1,28385527,70,0.0018,0.1872,0.0012,,-1.0344,0.1164
bob,1,28385527,71,0.005,0.1786,0.0013,,-1.0553,0.1444
bob,1,28385527,72,0.0033,0.2473,0.0017,,-1.0315,0.165
bob,1,28385527,73,0.0023,0.1509,0.0011,,-1.0374,0.1022
bob,1,28385527,74,-0.001,0.1168,0.0008,,-1.0414,0.0941
bob,1,28385527,75,-0.0005,0.1269,0.0008,,-1.0439,0.0739
bob,1,28385527,76,0.0012,0.107,0.0007,,-1.0442,0.0622
bob,1,28385527,77,-0.0027,0.2032,0.0013,,-1.0503,0.1366
bob,1,28385527,78,0.0028,0.2012,0.0014,,-1.0594,0.133
bob,1,28385527,79,-0.0049,0.171,0.0011,,-1.0411,0.1078
bob,1,28385527,80,0.0023,0.1624,0.0012,,-1.0537,0.1146
bob,1,28385527,81,0.0023,0.1546,0.0011,,-1.0526,0.0905
bob,1,28385527,82,-0.0025,0.1418,0.0009,,-1.036,0.118
bob,1,28385527,83,0.0024,0.1621,0.0014,,-1.0241,0.1333
bob,1,28385527,84,-0.0029,0.1624,0.0012,,-1.0524,0.1045
bob,1,28385527,85,0.0041,0.1535,0.0013,,-1.0596,0.1086
bob,1,28385527,86,-0.0015,0.1464,0.0011,,-1.0397,0.0922
bob,1,28385527,87,0.0043,0.1435,0.0012,,-1.0455,0.0983
bob,1,28385527,88,0.0017,0.1825,0.0012,,-1.0551,0.1099
bob,1,28385527,89,0.0015,0.1436,0.0011,,-1.0531,0.1066
bob,1,28385527,90,0.0048,0.1841,0.0013,,-1.0438,0.1194
bob,1,28385527,91,0.0044,0.1977,0.0013,,-1.0519,0.133
bob,1,28385527,92,0.0045,0.1844,0.0013,,-1.0472,0.1283
bob,1,28385527,93,0.0002,0.1503,0.0009,,-1.0492,0.0994
bob,1,28385527,94,0.0043,0.1045,0.0008,,-1.0428,0.087
bob,1,28385527,95,0.0003,0.1131,0.0007,,-1.058,0.0704
bob,1,28385527,96,0.005,0.161,0.0012,,-1.064,0.1302
bob,1,28385527,97,0.0068,0.1535,0.0012,,-1.0446,0.1111
bob,1,28385527,98,-0.0018,0.131,0.0011,,-1.0438,0.0853
bob,1,28385527,99,0.0078,0.142,0.0011,,-1.0467,0.0976
bob,1,28385527,100,0.0015,0.1681,0.0012,,-1.0619,0.107
bob,1,28385527,101,-0.002,0.1547,0.0012,,-1.0488,0.1085
bob,1,28385527,102,0.0068,0.2041,0.0016,,-1.0643,0.1429
bob,1,28385527,103,0.0014,0.1555,0.0011,,-1.0492,0.1124
bob,1,28385527,104,0.0062,0.2324,0.0016,,-1.0448,0.1606
bob,1,28385527,105,-0.0013,0.1479,0.001,,-1.0527,0.1081
bob,1,28385527,106,0.0018,0.1862,0.0014,,-1.0521,0.1294
bob,1,28385527,107,-0.0035,0.0983,0.0008,,-1.0723,0.0663
bob,1,28385527,108,0.0032,0.1646,0.0013,,-1.0609,0.1078
bob,1,28390638,109,-0.0013,0.1651,0.0008,,-1.0127,0.0922
bob,1,28390638,110,-0.0014,0.0553,0.0003,,-1.0095,0.0311
bob,1,28390638,111,0.0023,0.1403,0.0006,,-1.0098,0.082
bob,1,28390638,112,0.0013,0.1409,0.0006,,-1.0108,0.0855
bob,1,28390638,113,-0.0012,0.1003,0.0005,,-1.0103,0.0625
bob,1,28390638,114,-0.0008,0.0817,0.0004,,-1.0178,0.0511
bob,1,28390638,115,-0.0001,0.0867,0.0004,,-1.014,0.0515
bob,1,28390638,116,0.0005,0.1723,0.0007,,-1.0128,0.1053
bob,1,28390638,117,0.0008,0.067,0.0003,,-1.0265,0.0417
bob,1,28390638,118,0.0001,0.1023,0.0005,,-1.0175,0.065
bob,1,28390638,119,-0.0,0.1447,0.0008,,-1.0098,0.0927
bob,1,28390638,120,-0.0005,0.1408,0.0008,,-1.0254,0.0897
bob,1,28390638,121,-0.0067,0.0722,0.0004,,-1.0309,0.0426
bob,1,28390638,122,-0.0026,0.0842,0.0005,,-1.021,0.0541
bob,1,28390638,123,-0.0005,0.1059,0.0005,,-1.0112,0.0662
bob,1,28390638,124,-0.0007,0.1048,0.0008,,-1.0087,0.0684
bob,1,28390638,125,0.005,0.1949,0.001,,-1.0098,0.1164
bob,1,28390638,126,-0.0041,0.1118,0.0007,,-1.0208,0.0839
bob,1,28390638,127,-0.0038,0.1269,0.0008,,-1.0192,0.0897
bob,1,28390638,128,-0.0043,0.2036,0.0014,,-1.0185,0.1289
bob,1,28390638,129,-0.0034,0.1809,0.0012,,-1.0276,0.1176
bob,1,28390638,130,-0.0021,0.1406,0.0009,,-1.0501,0.0964
bob,1,28390638,131,0.0017,0.17,0.0012,,-1.012,0.1167
bob,1,28390638,132,0.0013,0.1973,0.0013,,-1.037,0.1319
bob,1,28390638,133,-0.0054,0.1476,0.0011,,-1.0268,0.1118
bob,1,28390638,134,-0.0074,0.0984,0.0006,,-1.026,0.0615
bob,1,28390638,135,-0.0053,0.119,0.0008,,-1.0316,0.0765
bob,1,28390638,136,-0.0016,0.1464,0.001,,-1.0609,0.0899
bob,1,28390638,137,-0.0055,0.1086,0.0008,,-1.0489,0.0737
bob,1,28390638,138,-0.0004,0.1764,0.0013,,-1.0519,0.1148
bob,1,28390638,139,0.0016,0.1924,0.0013,,-1.0492,0.1381
bob,1,28390638,140,-0.0042,0.1441,0.001,,-1.0417,0.0914
bob,1,28390638,141,-0.0049,0.1444,0.0009,,-1.0612,0.1
bob,1,28390638,142,-0.0007,0.1494,0.001,,-1.0522,0.0909
bob,1,28390638,143,-0.0018,0.1413,0.0009,,-1.0164,0.0872
bob,1,28390638,144,-0.0056,0.1671,0.0012,,-1.0568,0.1047
bob,1,28390638,145,-0.0024,0.1384,0.0009,,-1.0387,0.1024
bob,1,28390638,146,-0.0033,0.1556,0.001,,-1.0304,0.0971
bob,1,28390638,147,0.001,0.1382,0.001,,-1.0456,0.0968
bob,1,28390638,148,-0.0033,0.1603,0.0012,,-1.0588,0.115
bob,1,28390638,149,0.0002,0.1699,0.0012,,-1.0507,0.1082
bob,1,28390638,150,0.0013,0.1736,0.0012,,-1.041,0.1099
bob,1,28390638,151,-0.0044,0.1787,0.0012,,-1.046,0.1105
bob,1,28390638,152,-0.0082,0.1092,0.0006,,-1.0564,0.0898
bob,1,28390638,153,0.0023,0.2302,0.0016,,-1.0361,0.1366
bob,1,28390638,154,-0.0044,0.1136,0.0008,,-1.0418,0.0707
bob,1,28390638,155,-0.0033,0.1257,0.0008,,-1.0492,0.089
bob,1,28390638,156,0.0013,0.1932,0.0013,,-1.0429,0.1229
bob,1,28390638,157,0.0023,0.173,0.0012,,-1.0476,0.1117
bob,1,28390638,158,-0.0069,0.1788,0.0012,,-1.0458,0.1073
bob,1,28390638,159,-0.0031,0.1431,0.0009,,-1.0439,0.0934
bob,1,28390638,160,-0.0029,0.1391,0.001,,-1.0449,0.096
bob,1,28390638,161,-0.0003,0.1412,0.0009,,-1.035,0.096
bob,1,28390638,162,-0.0027,0.1462,0.001,,-1.0294,0.0846
bob,1,28390638,163,0.0006,0.1597,0.0011,,-1.05,0.1022
bob,1,28390638,164,0.0028,0.1979,0.0012,,-1.0416,0.1329
bob,1,28390638,165,-0.0033,0.1723,0.0011,,-1.0281,0.1061
bob,1,28390638,166,-0.0022,0.1737,0.0011,,-1.0393,0.1161
bob,1,28390638,167,-0.0078,0.1645,0.0009,,-1.0408,0.0909
bob,1,28390638,168,-0.0044,0.1686,0.0011,,-1.062,0.1183
bob,1,28390638,169,-0.003,0.1943,0.0012,,-1.0381,0.1204
bob,1,28390638,170,-0.0026,0.1439,0.0009,,-1.0349,0.1081
bob,1,28390638,171,0.0008,0.1198,0.0008,,-1.0401,0.0847
bob,1,28390638,172,0.0005,0.1276,0.0008,,-1.0536,0.0751
bob,1,28390638,173,0.0046,0.1943,0.0013,,-1.045,0.1211
bob,1,28390638,174,-0.0015,0.1711,0.0012,,-1.0563,0.114
bob,1,28390638,175,-0.0016,0.1561,0.001,,-1.0426,0.1082
bob,1,28390638,176,-0.0003,0.1692,0.0011,,-1.0542,0.1064
bob,1,28390638,177,0.0057,0.1675,0.0012,,-1.0394,0.1015
bob,1,28390638,178,0.0039,0.1664,0.0011,,-1.0437,0.1
bob,1,28390638,179,-0.0028,0.1746,0.0011,,-1.0625,0.1167
bob,1,28390638,180,0.0005,0.1947,0.0013,,-1.0488,0.1179
bob,1,28390638,181,-0.0008,0.1674,0.0012,,-1.0462,0.0976
bob,1,28390638,182,0.0004,0.1766,0.0012,,-1.0509,0.1228
bob,1,28390638,183,-0.0063,0.125,0.0008,,-1.0409,0.0787
bob,1,28390638,184,0.0001,0.1959,0.0014,,-1.0191,0.1147
bob,1,28390638,185,0.002,0.1817,0.0014,,-1.0479,0.1244
bob,1,28390638,186,-0.0008,0.1517,0.001,,-1.0481,0.1106
bob,1,28390638,187,0.0031,0.1939,0.0013,,-1.0578,0.1341
bob,1,28390638,188,0.0064,0.1502,0.0011,,-1.0388,0.1011
bob,1,28390638,189,0.0022,0.1549,0.0011,,-1.0604,0.1034
bob,1,28390638,190,0.0002,0.1539,0.001,,-1.0544,0.0989
bob,1,28390638,191,-0.0015,0.1241,0.0009,,-1.0465,0.0905
bob,1,28390638,192,0.0028,0.1681,0.0013,,-1.0396,0.1085
bob,1,28390638,193,-0.0009,0.1241,0.0008,,-1.0384,0.0714
bob,1,28390638,194,-0.0005,0.194,0.0013,,-1.0459,0.1341
bob,1,28390638,195,-0.0016,0.2262,0.0013,,-1.0485,0.1297
bob,1,28390638,196,-0.0018,0.2284,0.0017,,-1.0447,0.1442
bob,1,28390638,197,0.0041,0.1424,0.0011,,-1.0314,0.1061
bob,1,28390638,198,0.0028,0.1588,0.0011,,-1.0666,0.1026
bob,1,28390638,199,-0.0037,0.2216,0.0016,,-1.0594,0.1469
bob,1,28390638,200,-0.0024,0.1436,0.0011,,-1.0855,0.1026
bob,1,28390638,201,-0.0023,0.2076,0.0013,,-1.0397,0.1132
bob,1,28390638,202,0.0081,0.22,0.0018,,-1.0655,0.1659
bob,1,28390638,203,0.0047,0.2268,0.0017,,-1.0439,0.149
bob,1,28390638,204,-0.0001,0.1814,0.0014,,-1.0642,0.1337
bob,1,28390638,205,0.0034,0.1716,0.0014,,-1.0311,0.1171
bob,1,28390638,206,0.0048,0.2164,0.0015,,-1.0364,0.1436
bob,1,28390638,207,0.0104,0.2442,0.0018,,-1.0535,0.1581
bob,1,28390638,208,0.0032,0.2548,0.0019,,-1.0486,0.1746
bob,1,28390638,209,-0.0013,0.1739,0.0013,,-1.0465,0.1337
bob,1,28390638,210,0.0061,0.1615,0.001,,-1.0784,0.0931
bob,1,28390638,211,0.0012,0.2538,0.0018,,-1.0921,0.1606
bob,1,28390638,212,-0.0082,0.1893,0.0013,,-1.0477,0.1337
bob,1,28390638,213,-0.0044,0.1563,0.0013,,-1.0542,0.1106
bob,1,28390638,214,-0.0051,0.1733,0.0014,,-1.0622,0.1091
bob,1,28390638,215,0.0017,0.1335,0.0008,,-1.0627,0.0761
bob,1,28390638,216,-0.0048,0.2138,0.0015,,-1.0545,0.1312
bob,1,28390638,217,0.0035,0.1332,0.0008,,-1.0474,0.085
bob,1,28400447,218,0.0026,0.1691,0.0006,,-1.0145,0.0873
bob,1,28400447,219,-0.0015,0.0908,0.0004,,-1.0139,0.0519
bob,1,28400447,220,-0.0007,0.161,0.0008,,-1.0119,0.0959
bob,1,28400447,221,0.0002,0.2326,0.0012,,-1.0086,0.1342
bob,1,28400447,222,-0.0032,0.0619,0.0003,,-1.0082,0.0345
bob,1,28400447,223,0.0002,0.1564,0.0008,,-1.0113,0.0935
bob,1,28400447,224,0.0001,0.1439,0.0006,,-1.0097,0.0821
bob,1,28400447,225,-0.003,0.1334,0.0006,,-1.0112,0.0821
bob,1,28400447,226,-0.0015,0.1571,0.0008,,-1.0166,0.0974
bob,1,28400447,227,0.0028,0.1805,0.0008,,-1.0112,0.125
bob,1,28400447,228,-0.0021,0.2133,0.0011,,-1.0207,0.1324
bob,1,28400447,229,-0.0024,0.1186,0.0006,,-1.0114,0.0743
bob,1,28400447,230,-0.0013,0.1268,0.0008,,-1.015,0.0774
bob,1,28400447,231,0.0005,0.166,0.001,,-1.0182,0.1043
bob,1,28400447,232,-0.0014,0.1649,0.0011,,-1.0162,0.121
bob,1,28400447,233,-0.0052,0.1192,0.0008,,-1.0298,0.0795
bob,1,28400447,234,-0.0023,0.133,0.0009,,-1.0276,0.0934
bob,1,28400447,235,-0.0008,0.1453,0.0011,,-1.0178,0.0957
bob,1,28400447,236,-0.0035,0.1836,0.0012,,-1.0265,0.1143
bob,1,28400447,237,-0.001,0.2336,0.0015,,-1.0428,0.1444
bob,1,28400447,238,-0.0029,0.1331,0.001,,-1.0176,0.0929
bob,1,28400447,239,-0.0022,0.1469,0.0011,,-1.0334,0.0891
bob,1,28400447,240,-0.0017,0.1325,0.0009,,-1.029,0.1006
bob,1,28400447,241,-0.0012,0.1663,0.0013,,-1.0163,0.1208
bob,1,28400447,242,0.0032,0.224,0.0016,,-1.0312,0.1443
bob,1,28400447,243,-0.0067,0.1401,0.0009,,-1.0279,0.0914
bob,1,28400447,244,-0.0016,0.1817,0.0011,,-1.0284,0.1124
bob,1,28400447,245,0.0008,0.1904,0.0013,,-1.0313,0.1264
bob,1,28400447,246,-0.0038,0.1569,0.0011,,-1.0366,0.1005
bob,1,28400447,247,-0.0014,0.1689,0.0011,,-1.0316,0.1027
bob,1,28400447,248,-0.0009,0.2132,0.0015,,-1.033,0.1337
bob,1,28400447,249,-0.0113,0.1485,0.0009,,-1.0382,0.0852
bob,1,28400447,250,-0.0019,0.2141,0.0014,,-1.0281,0.1356
bob,1,28400447,251,-0.0061,0.2027,0.0013,,-1.059,0.1307
bob,1,28400447,252,0.0001,0.1951,0.0013,,-1.0529,0.1299
bob,1,28400447,253,0.0012,0.1941,0.0013,,-1.042,0.1389
bob,1,28400447,254,0.0029,0.2097,0.0015,,-1.0254,0.1429
bob,1,28400447,255,-0.0027,0.1236,0.0008,,-1.0445,0.0994
bob,1,28400447,256,0.0022,0.1638,0.0009,,-1.0576,0.1
bob,1,28400447,257,0.0044,0.1992,0.0014,,-1.0333,0.1397
bob,1,28400447,258,0.0002,0.2391,0.0015,,-1.0431,0.1518
bob,1,28400447,259,0.0044,0.2309,0.0016,,-1.0594,0.151
bob,1,28400447,260,-0.0051,0.1491,0.0009,,-1.0386,0.0889
bob,1,28400447,261,0.0007,0.1753,0.0012,,-1.0301,0.1045
bob,1,28400447,262,-0.0075,0.1427,0.0009,,-1.0535,0.0958
bob,1,28400447,263,0.0004,0.1844,0.0012,,-1.0194,0.1124
bob,1,28400447,264,0.0002,0.2116,0.0015,,-1.0583,0.133
bob,1,28400447,265,-0.0058,0.2377,0.0016,,-1.0337,0.1553
bob,1,28400447,266,-0.0027,0.2393,0.0016,,-1.0472,0.1429
bob,1,28400447,267,0.0028,0.1861,0.0013,,-1.0698,0.1179
bob,1,28400447,268,0.0024,0.1974,0.0013,,-1.0463,0.1243
bob,1,28400447,269,-0.003,0.1809,0.0012,,-1.044,0.1163
bob,1,28400447,270,-0.0022,0.1759,0.0011,,-1.0626,0.1038
bob,1,28400447,271,0.0021,0.2057,0.0014,,-1.0575,0.1333
bob,1,28400447,272,-0.001,0.1771,0.0011,,-1.0408,0.1207
bob,1,28400447,273,0.0029,0.1358,0.0009,,-1.037,0.101
bob,1,28400447,274,-0.0008,0.1846,0.0013,,-1.0367,0.1256
bob,1,28400447,275,0.0001,0.2884,0.0018,,-1.0549,0.1742
bob,1,28400447,276,-0.0094,0.1448,0.0008,,-1.0646,0.0833
bob,1,28400447,277,0.0038,0.2508,0.0015,,-1.049,0.1543
bob,1,28400447,278,0.0013,0.1455,0.0009,,-1.0375,0.0894
bob,1,28400447,279,0.0027,0.1362,0.0009,,-1.0435,0.0909
bob,1,28400447,280,-0.0019,0.1437,0.0011,,-1.0413,0.0963
bob,1,28400447,281,-0.0016,0.1959,0.0013,,-1.0554,0.1279
bob,1,28400447,282,0.0005,0.199,0.0015,,-1.0558,0.1347
bob,1,28400447,283,-0.0053,0.1818,0.0012,,-1.0685,0.1128
bob,1,28400447,284,-0.0012,0.2002,0.0015,,-1.0606,0.1347
bob,1,28400447,285,0.0005,0.2418,0.0018,,-1.044,0.1545
bob,1,28400447,286,-0.0006,0.233,0.0015,,-1.0575,0.1467
bob,1,28400447,287,-0.003,0.1163,0.0007,,-1.0295,0.0814
bob,1,28400447,288,-0.003,0.1197,0.0008,,-1.0516,0.0754
bob,1,28400447,289,0.0005,0.2633,0.0019,,-1.0496,0.1728
bob,1,28400447,290,0.0004,0.1921,0.0013,,-1.061,0.1204
bob,1,28400447,291,0.0033,0.1759,0.0011,,-1.0538,0.123
bob,1,28400447,292,-0.0044,0.1992,0.0013,,-1.0818,0.1264
bob,1,28400447,293,-0.0033,0.168,0.0011,,-1.0676,0.1204
bob,1,28400447,294,0.0058,0.0775,0.0005,,-1.035,0.0636
bob,1,28400447,295,0.0006,0.1728,0.0011,,-1.0396,0.1058
bob,1,28400447,296,0.0053,0.1731,0.0013,,-1.06,0.1337
bob,1,28400447,297,0.0015,0.1763,0.0013,,-1.0447,0.1237
bob,1,28400447,298,0.0013,0.1732,0.0012,,-1.045,0.125
bob,1,28400447,299,-0.0,0.2005,0.0013,,-1.0377,0.1283
bob,1,28400447,300,0.0002,0.2099,0.0013,,-1.0457,0.1222
bob,1,28400447,301,-0.0015,0.1689,0.0011,,-1.0519,0.1212
bob,1,28400447,302,0.0072,0.1921,0.0015,,-1.0845,0.1256
bob,1,28400447,303,-0.0007,0.0918,0.0005,,-1.0252,0.0676
bob,1,28400447,304,-0.0008,0.198,0.0013,,-1.0427,0.1165
bob,1,28400447,305,0.0083,0.2107,0.0016,,-1.0462,0.1451
bob,1,28400447,306,0.0106,0.2027,0.0013,,-1.0545,0.1186
bob,1,28400447,307,0.004,0.1554,0.0011,,-1.0388,0.1056
bob,1,28400447,308,-0.0004,0.1858,0.0014,,-1.029,0.1208
bob,1,28400447,309,-0.0051,0.1508,0.001,,-1.0495,0.0978
bob,1,28400447,310,0.0005,0.1541,0.0011,,-1.0489,0.099
bob,1,28400447,311,0.0079,0.1943,0.0013,,-1.0424,0.1413
bob,1,28400447,312,-0.0035,0.1698,0.0012,,-1.0517,0.1345
bob,1,28400447,313,-0.0017,0.2289,0.0017,,-1.0573,0.1493
bob,1,28400447,314,-0.0046,0.1677,0.0012,,-1.0618,0.1065
bob,1,28400447,315,0.0051,0.1839,0.0013,,-1.0403,0.1208
bob,1,28400447,316,0.0023,0.1679,0.0012,,-1.0562,0.12
bob,1,28400447,317,0.005,0.1976,0.0017,,-1.0563,0.151
bob,1,28400447,318,0.0014,0.1579,0.0013,,-1.0733,0.1165
bob,1,28400447,319,-0.0015,0.1349,0.0009,,-1.0509,0.1058
bob,1,28400447,320,-0.0007,0.1907,0.0013,,-1.0367,0.1168
bob,1,28400447,321,0.0001,0.1078,0.0007,,-1.0411,0.0615
bob,1,28400447,322,0.0048,0.1071,0.0008,,-1.0641,0.0725
bob,1,28400447,323,0.0098,0.1278,0.0009,,-1.0628,0.0829
bob,1,28400447,324,0.0006,0.2454,0.0015,,-1.0453,0.1525
bob,1,28400447,325,-0.0023,0.2015,0.0015,,-1.047,0.1543
bob,1,28400447,326,-0.0002,0.1855,0.0014,,-1.0525,0.125
bob,1,28400447,327,0.0046,0.2246,0.0016,,-1.0515,0.1576
bob,1,28402173,328,-0.0005,0.0985,0.0004,,-1.0147,0.0565
bob,1,28402173,329,0.0023,0.118,0.0006,,-1.0118,0.0714
bob,1,28402173,330,-0.0006,0.0949,0.0005,,-1.0151,0.0625
bob,1,28402173,331,0.0001,0.0951,0.0004,,-1.0104,0.0583
bob,1,28402173,332,0.0005,0.1348,0.0006,,-1.0086,0.0859
bob,1,28402173,333,-0.0047,0.1249,0.0008,,-1.012,0.0802
bob,1,28402173,334,0.0017,0.1498,0.0009,,-1.0105,0.093
bob,1,28402173,335,0.0025,0.1741,0.0009,,-1.01,0.1135
bob,1,28402173,336,-0.0008,0.1861,0.0011,,-1.0079,0.1169
bob,1,28402173,337,-0.0042,0.1077,0.0006,,-1.0233,0.0675
bob,1,28402173,338,-0.0037,0.1469,0.0009,,-1.0112,0.0949
bob,1,28402173,339,-0.0078,0.0721,0.0004,,-1.0128,0.0458
bob,1,28402173,340,-0.0024,0.136,0.0009,,-1.0159,0.0919
bob,1,28402173,341,-0.0002,0.172,0.0009,,-1.0262,0.1151
bob,1,28402173,342,-0.0007,0.1377,0.0009,,-1.0106,0.0889
bob,1,28402173,343,-0.0018,0.0966,0.0007,,-1.0055,0.0684
bob,1,28402173,344,-0.003,0.1507,0.0009,,-1.0149,0.1006
bob,1,28402173,345,-0.0023,0.1212,0.0009,,-1.017,0.0877
bob,1,28402173,346,-0.001,0.1254,0.0009,,-1.0062,0.0815
bob,1,28402173,347,-0.0004,0.1425,0.001,,-1.0148,0.0899
bob,1,28402173,348,-0.0012,0.111,0.0008,,-1.0237,0.08
bob,1,28402173,349,-0.0004,0.1518,0.001,,-1.0269,0.0938
bob,1,28402173,350,-0.0007,0.1509,0.0012,,-1.0452,0.1085
bob,1,28402173,351,-0.0005,0.1017,0.0006,,-1.0302,0.0629
bob,1,28402173,352,-0.0,0.163,0.0011,,-1.0409,0.1141
bob,1,28402173,353,-0.0041,0.1492,0.0011,,-1.0343,0.0923
bob,1,28402173,354,-0.0019,0.1714,0.0012,,-1.0381,0.1202
bob,1,28402173,355,-0.0026,0.1752,0.0013,,-1.0386,0.1139
bob,1,28402173,356,-0.005,0.0917,0.0005,,-1.04,0.0588
bob,1,28402173,357,0.0006,0.214,0.0016,,-1.0292,0.1364
bob,1,28402173,358,-0.0007,0.2219,0.0016,,-1.0347,0.1489
bob,1,28402173,359,-0.0081,0.19,0.0014,,-1.0379,0.1232
bob,1,28402173,360,-0.0035,0.155,0.0012,,-1.058,0.1095
bob,1,28402173,361,-0.0012,0.1708,0.0013,,-1.0453,0.1176
bob,1,28402173,362,-0.0064,0.1389,0.0008,,-1.033,0.0833
bob,1,28402173,363,-0.0022,0.1739,0.0012,,-1.0302,0.1105
bob,1,28402173,364,-0.0057,0.0648,0.0004,,-1.0269,0.0341
bob,1,28402173,365,0.0039,0.1473,0.0009,,-1.0352,0.0816
bob,1,28402173,366,-0.0016,0.164,0.0012,,-1.0429,0.1128
bob,1,28402173,367,-0.0045,0.1334,0.0009,,-1.054,0.0798
bob,1,28402173,368,0.0039,0.1859,0.0013,,-1.0324,0.1173
bob,1,28402173,369,-0.004,0.1495,0.001,,-1.0427,0.096
bob,1,28402173,370,0.0001,0.1365,0.0008,,-1.0268,0.0824
bob,1,28402173,371,0.0025,0.1472,0.0011,,-1.0304,0.113
bob,1,28402173,372,-0.0029,0.1105,0.0007,,-1.045,0.0635
bob,1,28402173,373,-0.0001,0.1616,0.0011,,-1.0462,0.1058
bob,1,28402173,374,0.0001,0.1607,0.0011,,-1.0467,0.0973
bob,1,28402173,375,-0.0024,0.209,0.0015,,-1.0523,0.133
bob,1,28402173,376,-0.0026,0.2051,0.0014,,-1.0487,0.1263
bob,1,28402173,377,-0.0009,0.1436,0.0009,,-1.037,0.0884
bob,1,28402173,378,0.0021,0.119,0.0007,,-1.0538,0.0739
bob,1,28402173,379,0.0017,0.2371,0.0016,,-1.0471,0.153
bob,1,28402173,380,0.0041,0.1535,0.0011,,-1.0535,0.0985
bob,1,28402173,381,0.0042,0.1799,0.0013,,-1.0345,0.1472
bob,1,28402173,382,0.0009,0.1835,0.0013,,-1.0534,0.1073
bob,1,28402173,383,-0.008,0.1376,0.0008,,-1.037,0.08
bob,1,28402173,384,0.0065,0.1455,0.001,,-1.0308,0.0971
bob,1,28402173,385,0.0007,0.1155,0.0009,,-1.0489,0.0679
bob,1,28402173,386,0.001,0.1734,0.0013,,-1.0533,0.1143
bob,1,28402173,387,0.0014,0.1768,0.0012,,-1.0399,0.1099
bob,1,28402173,388,-0.0038,0.2012,0.0014,,-1.0454,0.1309
bob,1,28402173,389,-0.0025,0.1611,0.0011,,-1.0368,0.1066
bob,1,28402173,390,-0.0023,0.1444,0.0009,,-1.0485,0.0879
bob,1,28402173,391,-0.0035,0.2217,0.0014,,-1.0423,0.1359
bob,1,28402173,392,0.0052,0.2067,0.0013,,-1.0496,0.1295
bob,1,28402173,393,-0.0022,0.1683,0.0013,,-1.0466,0.1256
bob,1,28402173,394,0.0034,0.17,0.0012,,-1.0547,0.102
bob,1,28402173,395,-0.0001,0.1665,0.0012,,-1.0522,0.1066
bob,1,28402173,396,0.0043,0.2353,0.0015,,-1.0527,0.139
bob,1,28402173,397,0.0,0.1097,0.0008,,-1.0489,0.0785
bob,1,28402173,398,0.0054,0.2886,0.0021,,-1.0569,0.1937
bob,1,28402173,399,-0.0019,0.2007,0.0015,,-1.074,0.1354
bob,1,28402173,400,-0.0027,0.1846,0.0013,,-1.039,0.1212
bob,1,28402173,401,-0.0033,0.1607,0.001,,-1.0528,0.1099
bob,1,28402173,402,0.0002,0.1599,0.0012,,-1.0336,0.125
bob,1,28402173,403,0.0031,0.1223,0.0008,,-1.0479,0.078
bob,1,28402173,404,0.0041,0.1964,0.0012,,-1.064,0.116
bob,1,28402173,405,0.0026,0.1369,0.0009,,-1.0575,0.1027
bob,1,28402173,406,0.0057,0.1618,0.0011,,-1.066,0.1038
bob,1,28402173,407,0.0018,0.1631,0.0012,,-1.0338,0.1122
bob,1,28402173,408,0.0022,0.1232,0.0007,,-1.0689,0.0809
bob,1,28402173,409,0.004,0.1704,0.0011,,-1.0604,0.1143
bob,1,28402173,410,0.0048,0.1128,0.0007,,-1.0484,0.0904
bob,1,28402173,411,0.0018,0.1118,0.0008,,-1.0569,0.0884
bob,1,28402173,412,-0.0012,0.1494,0.0011,,-1.0538,0.0939
bob,1,28402173,413,0.0098,0.1015,0.0008,,-1.0428,0.0725
bob,1,28402173,414,-0.0008,0.1698,0.0012,,-1.0418,0.1117
bob,1,28402173,415,0.0023,0.2057,0.0013,,-1.047,0.1231
bob,1,28402173,416,0.0051,0.157,0.0011,,-1.0455,0.1075
bob,1,28402173,417,0.0006,0.1529,0.001,,-1.0564,0.0969
bob,1,28402173,418,0.0064,0.2211,0.0017,,-1.0394,0.15
bob,1,28402173,419,0.0078,0.1704,0.0014,,-1.0411,0.1244
bob,1,28402173,420,0.004,0.1788,0.0013,,-1.0597,0.1127
bob,1,28402173,421,0.0013,0.1654,0.0012,,-1.0627,0.139
bob,1,28402173,422,0.0101,0.2058,0.0017,,-1.0534,0.1515
bob,1,28402173,423,0.001,0.1275,0.001,,-1.046,0.0928
bob,1,28402173,424,0.0064,0.1903,0.0015,,-1.0348,0.1429
bob,1,28402173,425,0.0119,0.1876,0.0013,,-1.0699,0.1009
bob,1,28402173,426,-0.0023,0.1792,0.0013,,-1.0466,0.1533
bob,1,28402173,427,0.0143,0.2309,0.0017,,-1.0477,0.1527
bob,1,28402173,428,-0.0001,0.1737,0.0013,,-1.0692,0.1244
bob,1,28402173,429,0.002,0.139,0.0011,,-1.0743,0.102
bob,1,28402173,430,-0.001,0.1812,0.0011,,-1.0458,0.1285
bob,1,28402173,431,0.0129,0.1476,0.0011,,-1.0623,0.0971
bob,1,28402173,432,0.0047,0.1956,0.0016,,-1.0592,0.1523
bob,1,28402173,433,0.0086,0.1742,0.0013,,-1.0576,0.1238
bob,1,28402173,434,0.0005,0.1325,0.0008,,-1.0661,0.0947
bob,1,28402173,435,0.0055,0.1302,0.0011,,-1.0584,0.1058
bob,1,28402173,436,0.0026,0.1666,0.0013,,-1.0463,0.1192
bob,1,28402578,437,-0.0013,0.1364,0.0006,,-1.0135,0.0791
bob,1,28402578,438,-0.0033,0.0783,0.0003,,-1.0096,0.0496
bob,1,28402578,439,0.001,0.1312,0.0006,,-1.0131,0.0758
bob,1,28402578,440,0.0001,0.103,0.0005,,-1.0106,0.0588
bob,1,28402578,441,0.0025,0.157,0.0006,,-1.0091,0.0917
bob,1,28402578,442,0.0011,0.1682,0.0008,,-1.0058,0.1016
bob,1,28402578,443,-0.0041,0.1458,0.0006,,-1.0122,0.088
bob,1,28402578,444,0.0042,0.1493,0.0006,,-1.0082,0.0932
bob,1,28402578,445,-0.0041,0.1105,0.0005,,-1.02,0.0738
bob,1,28402578,446,-0.0003,0.1212,0.0006,,-1.0088,0.0809
bob,1,28402578,447,-0.0,0.1102,0.0006,,-1.0167,0.0733
bob,1,28402578,448,-0.0024,0.1392,0.0009,,-1.0136,0.0893
bob,1,28402578,449,-0.0019,0.1408,0.0007,,-1.0118,0.0889
bob,1,28402578,450,-0.002,0.1322,0.0008,,-1.0058,0.0979
bob,1,28402578,451,-0.0075,0.1016,0.0005,,-1.0108,0.069
bob,1,28402578,452,-0.0002,0.1401,0.0009,,-1.0174,0.0938
bob,1,28402578,453,0.0038,0.124,0.0008,,-1.0298,0.0828
bob,1,28402578,454,0.0011,0.1916,0.0011,,-1.021,0.1353
bob,1,28402578,455,-0.0052,0.1453,0.0009,,-1.0234,0.1173
bob,1,28402578,456,-0.0106,0.0992,0.0006,,-1.0267,0.0588
bob,1,28402578,457,-0.0015,0.0977,0.0006,,-1.0286,0.0736
bob,1,28402578,458,0.0025,0.1821,0.0013,,-1.0206,0.117
bob,1,28402578,459,-0.0055,0.1207,0.0008,,-1.0079,0.0788
bob,1,28402578,460,-0.0017,0.1712,0.0012,,-1.0349,0.118
bob,1,28402578,461,-0.0054,0.1005,0.0006,,-1.0354,0.0643
bob,1,28402578,462,0.0016,0.2274,0.0015,,-1.0322,0.1497
bob,1,28402578,463,-0.0092,0.0843,0.0005,,-1.0118,0.0563
bob,1,28402578,464,0.0046,0.2449,0.0015,,-1.0215,0.1497
bob,1,28402578,465,-0.0035,0.1456,0.0009,,-1.0347,0.1161
bob,1,28402578,466,-0.004,0.1691,0.0011,,-1.0267,0.1092
bob,1,28402578,467,-0.0078,0.1022,0.0005,,-1.0294,0.06
bob,1,28402578,468,-0.0008,0.1448,0.0009,,-1.0169,0.096
bob,1,28402578,469,-0.0033,0.158,0.0009,,-1.0458,0.103
bob,1,28402578,470,-0.0025,0.1599,0.0009,,-1.0249,0.0926
bob,1,28402578,471,-0.0046,0.162,0.001,,-1.0388,0.1062
bob,1,28402578,472,-0.0022,0.181,0.0012,,-1.0368,0.1189
bob,1,28402578,473,-0.004,0.1235,0.0007,,-1.0325,0.0764
bob,1,28402578,474,-0.0052,0.1499,0.0009,,-1.0363,0.0874
bob,1,28402578,475,0.0029,0.1365,0.0009,,-1.036,0.1071
bob,1,28402578,476,0.0001,0.1323,0.0009,,-1.0243,0.0909
bob,1,28402578,477,-0.0027,0.1225,0.0008,,-1.0406,0.0924
bob,1,28402578,478,-0.0031,0.1609,0.001,,-1.0351,0.0947
bob,1,28402578,479,-0.0038,0.1652,0.0011,,-1.0433,0.1173
bob,1,28402578,480,-0.0044,0.1528,0.0009,,-1.0833,0.0865
bob,1,28402578,481,-0.0022,0.1576,0.001,,-1.0403,0.095
bob,1,28402578,482,-0.0022,0.1611,0.0009,,-1.0657,0.1069
bob,1,28402578,483,-0.0064,0.1526,0.0011,,-1.0441,0.0887
bob,1,28402578,484,-0.0009,0.1837,0.0011,,-1.0628,0.1243
bob,1,28402578,485,0.0011,0.1219,0.0006,,-1.0464,0.0759
bob,1,28402578,486,0.0018,0.1511,0.0009,,-1.03,0.0909
bob,1,28402578,487,-0.001,0.1489,0.0008,,-1.0213,0.0949
bob,1,28402578,488,0.0014,0.2118,0.0013,,-1.0288,0.1412
bob,1,28402578,489,-0.0087,0.1062,0.0006,,-1.0403,0.0576
bob,1,28402578,490,0.0001,0.205,0.0013,,-1.039,0.1353
bob,1,28402578,491,0.0043,0.1895,0.0012,,-1.0594,0.1257
bob,1,28402578,492,-0.0025,0.2024,0.0012,,-1.031,0.1236
bob,1,28402578,493,0.0024,0.2254,0.0014,,-1.0345,0.1333
bob,1,28402578,494,-0.0,0.2041,0.0012,,-1.0539,0.1173
bob,1,28402578,495,-0.0022,0.135,0.001,,-1.0432,0.1
bob,1,28402578,496,-0.003,0.2026,0.0013,,-1.0468,0.1345
bob,1,28402578,497,-0.0069,0.1287,0.0006,,-1.0505,0.0698
bob,1,28402578,498,0.0049,0.1718,0.0012,,-1.0389,0.1406
bob,1,28402578,499,0.0004,0.157,0.0012,,-1.0788,0.1106
bob,1,28402578,500,-0.0,0.1505,0.0009,,-1.046,0.1138
bob,1,28402578,501,0.0026,0.241,0.0016,,-1.0395,0.1564
bob,1,28402578,502,-0.0024,0.1383,0.0009,,-1.0296,0.0994
bob,1,28402578,503,-0.0013,0.1554,0.0009,,-1.0485,0.0924
bob,1,28402578,504,0.0056,0.1938,0.0013,,-1.0586,0.1198
bob,1,28402578,505,-0.0011,0.1853,0.0012,,-1.0506,0.1111
bob,1,28402578,506,-0.0015,0.1525,0.001,,-1.0478,0.0924
bob,1,28402578,507,-0.0017,0.1514,0.0009,,-1.0216,0.1059
bob,1,28402578,508,0.0002,0.2001,0.0012,,-1.0705,0.1257
bob,1,28402578,509,-0.0018,0.171,0.0011,,-1.0477,0.1214
bob,1,28402578,510,0.0011,0.1724,0.0012,,-1.0447,0.1084
bob,1,28402578,511,-0.0045,0.1428,0.0008,,-1.0263,0.0963
bob,1,28402578,512,0.0018,0.1526,0.001,,-1.0452,0.0904
bob,1,28402578,513,0.0072,0.1458,0.0011,,-1.0518,0.1038
bob,1,28402578,514,-0.0015,0.1501,0.001,,-1.0416,0.105
bob,1,28402578,515,0.0072,0.1822,0.0013,,-1.0507,0.1121
bob,1,28402578,516,0.0033,0.2154,0.0014,,-1.0552,0.1399
bob,1,28402578,517,0.0001,0.1458,0.0009,,-1.0604,0.1059
bob,1,28402578,518,0.0042,0.2143,0.0014,,-1.0421,0.1412
bob,1,28402578,519,-0.0019,0.1245,0.0009,,-1.0479,0.0765
bob,1,28402578,520,-0.003,0.1654,0.0011,,-1.042,0.1105
bob,1,28402578,521,-0.0036,0.1724,0.0012,,-1.0385,0.114
bob,1,28402578,522,0.0083,0.1403,0.0009,,-1.0409,0.095
bob,1,28402578,523,-0.0018,0.1169,0.0008,,-1.0386,0.0765
bob,1,28402578,524,0.0068,0.1825,0.0012,,-1.0436,0.115
bob,1,28402578,525,-0.003,0.2397,0.0016,,-1.0397,0.1497
bob,1,28402578,526,0.0047,0.1565,0.0012,,-1.0559,0.11
bob,1,28402578,527,-0.0033,0.1457,0.0011,,-1.0587,0.0922
bob,1,28402578,528,0.0001,0.1088,0.0007,,-1.0455,0.0761
bob,1,28402578,529,0.0013,0.1184,0.0007,,-1.0615,0.0791
bob,1,28402578,530,-0.0005,0.1666,0.0011,,-1.0504,0.1167
bob,1,28402578,531,0.0064,0.213,0.0015,,-1.0579,0.1388
bob,1,28402578,532,0.006,0.1548,0.0012,,-1.0418,0.1036
bob,1,28402578,533,0.0066,0.1258,0.0008,,-1.045,0.073
bob,1,28402578,534,0.0021,0.1766,0.0011,,-1.0566,0.1209
bob,1,28402578,535,0.0011,0.1837,0.0012,,-1.053,0.1257
bob,1,28402578,536,-0.0005,0.1934,0.0013,,-1.0526,0.1171
bob,1,28402578,537,0.0031,0.1227,0.0009,,-1.0517,0.104
bob,1,28402578,538,0.0028,0.1827,0.0013,,-1.0331,0.1089
bob,1,28402578,539,-0.0009,0.1705,0.0012,,-1.0518,0.1082
bob,1,28402578,540,0.0065,0.1622,0.0011,,-1.0486,0.116
bob,1,28402578,541,-0.0006,0.1747,0.001,,-1.035,0.1097
bob,1,28402578,542,-0.0016,0.1885,0.0011,,-1.0763,0.1145
bob,1,28402578,543,-0.0031,0.1553,0.001,,-1.0712,0.1104
bob,1,28402578,544,0.0059,0.1726,0.0011,,-1.0565,0.1026
bob,1,28402578,545,-0.0013,0.1987,0.0013,,-1.0762,0.1437
bob,1,28402578,546,0.0047,0.1505,0.0011,,-1.0563,0.105
bob,1,28402578,547,-0.003,0.1649,0.0011,,-1.044,0.1061
bob,1,28403908,548,-0.0021,0.1258,0.0005,,-1.0125,0.0584
bob,1,28403908,549,0.0013,0.1453,0.0005,,-1.0134,0.0763
bob,1,28403908,550,0.0038,0.1399,0.0005,,-1.0111,0.075
bob,1,28403908,551,-0.0004,0.1011,0.0004,,-1.0179,0.0614
bob,1,28403908,552,-0.0011,0.1187,0.0005,,-1.0086,0.065
bob,1,28403908,553,-0.0002,0.1639,0.0006,,-1.0089,0.0957
bob,1,28403908,554,-0.0034,0.0643,0.0002,,-1.014,0.0331
bob,1,28403908,555,0.0017,0.2207,0.0009,,-1.0127,0.1203
bob,1,28403908,556,-0.0001,0.1499,0.0007,,-1.0142,0.0863
bob,1,28403908,557,-0.0001,0.1982,0.0009,,-1.0133,0.1135
bob,1,28403908,558,0.0024,0.1866,0.0009,,-1.0117,0.1071
bob,1,28403908,559,-0.0038,0.2051,0.0011,,-1.0094,0.1226
bob,1,28403908,560,-0.0028,0.1515,0.0008,,-1.0082,0.0892
bob,1,28403908,561,-0.002,0.097,0.0006,,-1.0122,0.0599
bob,1,28403908,562,-0.0016,0.1289,0.0006,,-1.0273,0.0733
bob,1,28403908,563,0.0014,0.1288,0.0006,,-1.0132,0.0863
bob,1,28403908,564,0.0023,0.1305,0.0007,,-1.0169,0.0789
bob,1,28403908,565,-0.0006,0.1313,0.0009,,-1.024,0.0815
bob,1,28403908,566,0.0007,0.1428,0.0009,,-1.0439,0.0882
bob,1,28403908,567,-0.0018,0.1839,0.0012,,-1.0236,0.1243
bob,1,28403908,568,-0.0035,0.138,0.0008,,-1.0212,0.0814
bob,1,28403908,569,-0.0023,0.1814,0.0011,,-1.0253,0.1118
bob,1,28403908,570,-0.0015,0.1757,0.0011,,-1.0068,0.1173
bob,1,28403908,571,-0.004,0.151,0.0009,,-1.0423,0.0982
bob,1,28403908,572,-0.0064,0.1346,0.0008,,-1.0137,0.0828
bob,1,28403908,573,-0.0093,0.0979,0.0005,,-1.0097,0.0658
bob,1,28403908,574,-0.001,0.1179,0.0007,,-1.0223,0.0822
bob,1,28403908,575,-0.0047,0.1459,0.0009,,-1.0328,0.0947
bob,1,28403908,576,0.0007,0.1897,0.0014,,-1.0117,0.1354
bob,1,28403908,577,-0.0024,0.1908,0.0012,,-1.0367,0.1314
bob,1,28403908,578,-0.0063,0.1618,0.0011,,-1.0191,0.1017
bob,1,28403908,579,-0.004,0.1868,0.0012,,-1.0212,0.1237
bob,1,28403908,580,-0.0044,0.1468,0.0008,,-1.0459,0.0893
bob,1,28403908,581,-0.0028,0.1541,0.001,,-1.0374,0.104
bob,1,28403908,582,-0.0031,0.1659,0.0011,,-1.0359,0.1154
bob,1,28403908,583,0.0029,0.1958,0.0013,,-1.026,0.125
bob,1,28403908,584,-0.0045,0.1759,0.0012,,-1.0259,0.1158
bob,1,28403908,585,0.0012,0.1832,0.0012,,-1.0419,0.1117
bob,1,28403908,586,-0.0012,0.1972,0.0015,,-1.051,0.132
bob,1,28403908,587,-0.0092,0.1402,0.0008,,-1.0504,0.0852
bob,1,28403908,588,0.0008,0.1929,0.0012,,-1.0505,0.1243
bob,1,28403908,589,0.0006,0.1814,0.0012,,-1.0415,0.1329
bob,1,28403908,590,-0.0022,0.1772,0.0012,,-1.0398,0.1082
bob,1,28403908,591,-0.0014,0.1682,0.0012,,-1.0389,0.1152
bob,1,28403908,592,0.0001,0.2293,0.0017,,-1.0465,0.1534
bob,1,28403908,593,-0.007,0.1506,0.001,,-1.0302,0.1105
bob,1,28403908,594,-0.0083,0.1417,0.0009,,-1.0578,0.086
bob,1,28403908,595,-0.0077,0.1475,0.0009,,-1.0484,0.0966
bob,1,28403908,596,-0.0057,0.1569,0.001,,-1.0596,0.1047
bob,1,28403908,597,0.0018,0.1063,0.0006,,-1.0555,0.0787
bob,1,28403908,598,0.0037,0.2099,0.0015,,-1.037,0.1337
bob,1,28403908,599,0.0003,0.2094,0.0013,,-1.0365,0.1264
bob,1,28403908,600,-0.002,0.1765,0.0011,,-1.0236,0.1243
bob,1,28403908,601,-0.0008,0.183,0.0011,,-1.0201,0.1228
bob,1,28403908,602,0.0028,0.1843,0.0011,,-1.0297,0.1099
bob,1,28403908,603,-0.0099,0.0748,0.0004,,-1.0669,0.0468
bob,1,28403908,604,-0.0037,0.1495,0.0008,,-1.041,0.0934
bob,1,28403908,605,0.0001,0.1508,0.0008,,-1.0554,0.0993
bob,1,28403908,606,-0.0038,0.1597,0.0011,,-1.0479,0.1149
bob,1,28403908,607,0.0011,0.1963,0.0012,,-1.0308,0.1271
bob,1,28403908,608,0.003,0.2338,0.0015,,-1.0471,0.1538
bob,1,28403908,609,-0.0031,0.152,0.0009,,-1.061,0.0941
bob,1,28403908,610,0.0017,0.1072,0.0006,,-1.0361,0.0576
bob,1,28403908,611,0.0045,0.1604,0.0011,,-1.0537,0.102
bob,1,28403908,612,0.0033,0.2222,0.0015,,-1.0312,0.1556
bob,1,28403908,613,-0.0035,0.1752,0.0011,,-1.0499,0.1047
bob,1,28403908,614,-0.0012,0.2188,0.0016,,-1.0554,0.151
bob,1,28403908,615,-0.0039,0.1767,0.0011,,-1.0386,0.1124
bob,1,28403908,616,0.004,0.1287,0.0008,,-1.0376,0.0718
bob,1,28403908,617,0.0052,0.1707,0.0011,,-1.0617,0.1088
bob,1,28403908,618,-0.0004,0.2073,0.0013,,-1.0591,0.1444
bob,1,28403908,619,-0.0026,0.1421,0.0009,,-1.0477,0.0963
bob,1,28403908,620,-0.0018,0.1481,0.0009,,-1.0491,0.0914
bob,1,28403908,621,-0.0122,0.1463,0.0008,,-1.0454,0.0829
bob,1,28403908,622,0.0067,0.1925,0.0012,,-1.0501,0.113
bob,1,28403908,623,0.0003,0.1601,0.0011,,-1.0822,0.1223
bob,1,28403908,624,0.003,0.1616,0.0012,,-1.045,0.113
bob,1,28403908,625,0.0085,0.1696,0.0012,,-1.0584,0.1073
bob,1,28403908,626,-0.0,0.1637,0.0011,,-1.0225,0.1081
bob,1,28403908,627,0.0081,0.2126,0.0017,,-1.0311,0.1553
bob,1,28403908,628,-0.005,0.1462,0.001,,-1.0552,0.0947
bob,1,28403908,629,0.0028,0.0947,0.0006,,-1.058,0.0531
bob,1,28403908,630,0.0072,0.1682,0.0012,,-1.0656,0.1053
bob,1,28403908,631,0.0015,0.1371,0.0009,,-1.0434,0.0847
bob,1,28403908,632,-0.0016,0.1684,0.0012,,-1.0379,0.1128
bob,1,28403908,633,-0.0016,0.2149,0.0012,,-1.0558,0.117
bob,1,28403908,634,0.004,0.1751,0.0011,,-1.0487,0.1214
bob,1,28403908,635,0.0035,0.2025,0.0015,,-1.064,0.1385
bob,1,28403908,636,0.0014,0.142,0.001,,-1.0553,0.1011
bob,1,28403908,637,0.0029,0.1699,0.0012,,-1.0249,0.105
bob,1,28403908,638,0.0013,0.1755,0.0011,,-1.0422,0.1117
bob,1,28403908,639,0.0001,0.1829,0.0013,,-1.0518,0.122
bob,1,28403908,640,-0.0018,0.1495,0.0011,,-1.0499,0.1005
bob,1,28403908,641,0.0029,0.1905,0.0012,,-1.0454,0.1117
bob,1,28403908,642,0.0041,0.1918,0.0015,,-1.0406,0.14
bob,1,28403908,643,0.0058,0.1394,0.0009,,-1.0386,0.0812
bob,1,28403908,644,-0.0061,0.2191,0.0014,,-1.1046,0.1359
bob,1,28403908,645,0.0034,0.1418,0.0009,,-1.0377,0.089
bob,1,28403908,646,-0.0018,0.1342,0.0011,,-1.051,0.0947
bob,1,28403908,647,0.0016,0.2143,0.0015,,-1.0689,0.1281
bob,1,28403908,648,-0.005,0.1812,0.0012,,-1.0704,0.125
bob,1,28403908,649,0.0019,0.1662,0.0013,,-1.0418,0.1143
bob,1,28403908,650,0.0044,0.1707,0.0012,,-1.0681,0.1019
bob,1,28403908,651,-0.003,0.2095,0.0014,,-1.0682,0.1275
bob,1,28403908,652,-0.0084,0.197,0.0013,,-1.0566,0.1377
bob,1,28403908,653,0.007,0.1388,0.0009,,-1.0755,0.0856
bob,1,28403908,654,0.0038,0.2299,0.0018,,-1.034,0.1542
bob,1,28403908,655,-0.0014,0.2351,0.0014,,-1.0567,0.1337
bob,1,28403908,656,-0.0036,0.1836,0.0013,,-1.0652,0.1116
bob,1,28403908,657,0.0017,0.178,0.0012,,-1.0703,0.1128
bob,1,28404641,658,-0.0007,0.0929,0.0004,,-1.0096,0.0465
bob,1,28404641,659,0.0023,0.1421,0.0006,,-1.0091,0.0741
bob,1,28404641,660,0.0009,0.1454,0.0008,,-1.0115,0.0769
bob,1,28404641,661,-0.0002,0.0727,0.0004,,-1.0139,0.039
bob,1,28404641,662,-0.0004,0.1771,0.0007,,-1.0128,0.0909
bob,1,28404641,663,0.0038,0.1627,0.0007,,-1.0107,0.0889
bob,1,28404641,664,-0.0036,0.0871,0.0005,,-1.0227,0.0545
bob,1,28404641,665,-0.0017,0.1148,0.0006,,-1.0076,0.0637
bob,1,28404641,666,-0.0021,0.174,0.0009,,-1.0082,0.0943
bob,1,28404641,667,-0.0021,0.1144,0.0006,,-1.0153,0.0679
bob,1,28404641,668,-0.0013,0.1504,0.0007,,-1.0125,0.0822
bob,1,28404641,669,0.0008,0.1873,0.001,,-1.0209,0.1132
bob,1,28404641,670,0.0003,0.1547,0.0008,,-1.0049,0.0881
bob,1,28404641,671,-0.0013,0.1428,0.0009,,-1.0141,0.0857
bob,1,28404641,672,-0.0009,0.1672,0.001,,-1.0181,0.1017
bob,1,28404641,673,-0.0014,0.1381,0.0009,,-1.0215,0.0877
bob,1,28404641,674,0.0008,0.1885,0.0012,,-1.0165,0.1183
bob,1,28404641,675,-0.0024,0.1219,0.0008,,-1.022,0.0785
bob,1,28404641,676,-0.0026,0.1711,0.0011,,-1.0141,0.1031
bob,1,28404641,677,-0.0029,0.1173,0.0007,,-1.0173,0.0838
bob,1,28404641,678,0.0026,0.1847,0.0012,,-1.0119,0.1222
bob,1,28404641,679,-0.0074,0.0973,0.0006,,-1.0083,0.0588
bob,1,28404641,680,-0.0021,0.1892,0.0013,,-1.0379,0.1192
bob,1,28404641,681,-0.0028,0.147,0.0011,,-1.0444,0.0971
bob,1,28404641,682,0.0018,0.1822,0.0013,,-1.0687,0.1111
bob,1,28404641,683,-0.0069,0.1122,0.0007,,-1.0472,0.0663
bob,1,28404641,684,-0.0023,0.1043,0.0007,,-1.0354,0.0691
bob,1,28404641,685,0.0011,0.1861,0.0013,,-1.0463,0.1164
bob,1,28404641,686,0.002,0.2651,0.0019,,-1.0431,0.1675
bob,1,28404641,687,-0.0014,0.1491,0.001,,-1.043,0.1023
bob,1,28404641,688,-0.005,0.1632,0.0012,,-1.0504,0.1066
bob,1,28404641,689,-0.0068,0.1823,0.0013,,-1.0777,0.1144
bob,1,28404641,690,-0.0058,0.1429,0.0011,,-1.0512,0.098
bob,1,28404641,691,-0.0008,0.2108,0.0015,,-1.0367,0.125
bob,1,28404641,692,-0.0092,0.1103,0.0007,,-1.0429,0.0789
bob,1,28404641,693,0.0006,0.1874,0.0013,,-1.0504,0.1202
bob,1,28404641,694,-0.0017,0.2089,0.0013,,-1.0123,0.1263
bob,1,28404641,695,-0.0021,0.1679,0.0011,,-1.0332,0.1027
bob,1,28404641,696,-0.0018,0.1574,0.0011,,-1.0366,0.1011
bob,1,28404641,697,-0.0041,0.1507,0.001,,-1.0413,0.0942
bob,1,28404641,698,-0.004,0.165,0.0012,,-1.0616,0.1152
bob,1,28404641,699,-0.0012,0.178,0.0012,,-1.0336,0.1064
bob,1,28404641,700,-0.0014,0.1442,0.0011,,-1.0675,0.0892
bob,1,28404641,701,0.0014,0.191,0.0013,,-1.0646,0.1204
bob,1,28404641,702,-0.008,0.1414,0.0009,,-1.0517,0.0863
bob,1,28404641,703,-0.0049,0.1485,0.0011,,-1.0673,0.1082
bob,1,28404641,704,0.0038,0.2022,0.0014,,-1.0779,0.1209
bob,1,28404641,705,-0.0046,0.1512,0.0012,,-1.0748,0.1095
bob,1,28404641,706,-0.0026,0.2194,0.0015,,-1.0622,0.1268
bob,1,28404641,707,-0.0047,0.1469,0.0009,,-1.0419,0.0928
bob,1,28404641,708,-0.0015,0.1402,0.0009,,-1.0342,0.0874
bob,1,28404641,709,-0.0014,0.1235,0.0009,,-1.0418,0.0829
bob,1,28404641,710,0.0022,0.1422,0.0009,,-1.0385,0.0952
bob,1,28404641,711,0.0056,0.1905,0.0012,,-1.0503,0.1243
bob,1,28404641,712,0.0005,0.1415,0.0008,,-1.0618,0.103
bob,1,28404641,713,0.0012,0.229,0.0014,,-1.0606,0.1397
bob,1,28404641,714,0.0017,0.1492,0.0011,,-1.0502,0.0968
bob,1,28404641,715,0.001,0.1724,0.0011,,-1.031,0.1204
bob,1,28404641,716,-0.0016,0.1849,0.0013,,-1.051,0.1148
bob,1,28404641,717,0.0009,0.1872,0.0013,,-1.0501,0.1117
bob,1,28404641,718,-0.0035,0.1299,0.0008,,-1.0447,0.0824
bob,1,28404641,719,0.0048,0.1313,0.0008,,-1.0581,0.1023
bob,1,28404641,720,-0.0018,0.1788,0.0012,,-1.0453,0.1186
bob,1,28404641,721,-0.0058,0.1625,0.0011,,-1.0364,0.0974
bob,1,28404641,722,0.0031,0.1183,0.0008,,-1.048,0.0739
bob,1,28404641,723,0.0063,0.1558,0.0011,,-1.042,0.0922
bob,1,28404641,724,-0.001,0.1869,0.0012,,-1.0385,0.1266
bob,1,28404641,725,0.0134,0.2875,0.0021,,-1.0432,0.1779
bob,1,28404641,726,-0.003,0.1543,0.0011,,-1.0685,0.1141
bob,1,28404641,727,0.0001,0.1715,0.0013,,-1.0246,0.1371
bob,1,28404641,728,-0.0006,0.2205,0.0015,,-1.0354,0.1503
bob,1,28404641,729,-0.0002,0.0986,0.0006,,-1.0403,0.0703
bob,1,28404641,730,-0.0023,0.2319,0.0015,,-1.0693,0.1378
bob,1,28404641,731,-0.0004,0.1828,0.0015,,-1.0635,0.1385
bob,1,28404641,732,-0.0018,0.148,0.0011,,-1.0464,0.0941
bob,1,28404641,733,0.002,0.1626,0.0012,,-1.0586,0.1127
bob,1,28404641,734,-0.0008,0.1564,0.0011,,-1.0413,0.107
bob,1,28404641,735,0.0021,0.1565,0.0011,,-1.0685,0.1056
bob,1,28404641,736,-0.0018,0.1613,0.0011,,-1.0348,0.1094
bob,1,28404641,737,0.0014,0.2182,0.0019,,-1.0706,0.1606
bob,1,28404641,738,0.0015,0.153,0.0011,,-1.0602,0.0964
bob,1,28404641,739,0.0025,0.1834,0.0013,,-1.0454,0.1322
bob,1,28404641,740,0.0032,0.1391,0.0009,,-1.0505,0.0957
bob,1,28404641,741,0.0019,0.186,0.0013,,-1.0614,0.122
bob,1,28404641,742,-0.0038,0.1542,0.0011,,-1.0362,0.1058
bob,1,28404641,743,0.0033,0.1634,0.0012,,-1.0462,0.1146
bob,1,28404641,744,-0.0046,0.1593,0.0011,,-1.043,0.1055
bob,1,28404641,745,-0.0007,0.2043,0.0013,,-1.0548,0.1368
bob,1,28404641,746,0.0045,0.204,0.0015,,-1.0567,0.1422
bob,1,28404641,747,0.0056,0.1961,0.0015,,-1.0376,0.1436
bob,1,28404641,748,0.0014,0.1457,0.0009,,-1.0475,0.0968
bob,1,28404641,749,0.0021,0.1682,0.0012,,-1.0406,0.1162
bob,1,28404641,750,0.0083,0.219,0.0016,,-1.0402,0.1471
bob,1,28404641,751,0.0027,0.1992,0.0013,,-1.0508,0.1313
bob,1,28404641,752,0.0058,0.2007,0.0015,,-1.0744,0.1376
bob,1,28404641,753,-0.0001,0.1128,0.0008,,-1.0458,0.0707
bob,1,28404641,754,0.0023,0.206,0.0014,,-1.0696,0.1333
bob,1,28404641,755,0.0069,0.193,0.0014,,-1.0513,0.1323
bob,1,28404641,756,-0.0001,0.1864,0.0013,,-1.0411,0.1176
bob,1,28404641,757,0.0063,0.1357,0.0009,,-1.0549,0.0984
bob,1,28404641,758,-0.002,0.1773,0.0012,,-1.0613,0.1212
bob,1,28404641,759,-0.0001,0.1581,0.0012,,-1.0486,0.1168
bob,1,28404641,760,0.0019,0.2549,0.0019,,-1.0428,0.1838
bob,1,28404641,761,-0.002,0.154,0.0011,,-1.0625,0.0945
bob,1,28404641,762,0.0065,0.1868,0.0014,,-1.0498,0.1364
bob,1,28404641,763,0.0045,0.1585,0.0011,,-1.0437,0.0905
bob,1,28404641,764,-0.002,0.1177,0.0007,,-1.0505,0.0729
bob,1,28404641,765,0.0081,0.183,0.0013,,-1.0526,0.1392
bob,1,28404641,766,0.0049,0.148,0.0009,,-1.0609,0.0984
bob,1,28404641,767,-0.0014,0.1363,0.0008,,-1.0571,0.0958
bob,1,28405458,768,0.0015,0.1466,0.0006,,-1.0147,0.0833
bob,1,28405458,769,0.0003,0.1275,0.0006,,-1.008,0.0781
bob,1,28405458,770,-0.0013,0.1042,0.0005,,-1.0151,0.065
bob,1,28405458,771,-0.0031,0.1289,0.0005,,-1.0216,0.0769
bob,1,28405458,772,0.0006,0.1119,0.0005,,-1.0192,0.0776
bob,1,28405458,773,-0.0006,0.1541,0.0006,,-1.0105,0.0948
bob,1,28405458,774,0.0015,0.1083,0.0005,,-1.0157,0.0698
bob,1,28405458,775,-0.0013,0.1226,0.0006,,-1.02,0.0763
bob,1,28405458,776,-0.0037,0.0944,0.0005,,-1.0184,0.0602
bob,1,28405458,777,-0.0022,0.1218,0.0006,,-1.0135,0.0786
bob,1,28405458,778,-0.0015,0.1099,0.0006,,-1.0045,0.0748
bob,1,28405458,779,0.0003,0.1221,0.0006,,-1.0113,0.0876
bob,1,28405458,780,0.0017,0.1862,0.0011,,-1.0238,0.1301
bob,1,28405458,781,-0.005,0.1466,0.0009,,-1.005,0.0962
bob,1,28405458,782,0.0017,0.1918,0.0012,,-1.0116,0.1299
bob,1,28405458,783,-0.0071,0.0908,0.0005,,-1.0176,0.0592
bob,1,28405458,784,-0.0031,0.1079,0.0007,,-1.0297,0.0764
bob,1,28405458,785,-0.0028,0.1316,0.0008,,-1.0302,0.0893
bob,1,28405458,786,-0.0015,0.1762,0.0011,,-1.0329,0.129
bob,1,28405458,787,-0.0054,0.0867,0.0005,,-1.0403,0.0595
bob,1,28405458,788,-0.0071,0.0974,0.0006,,-1.0415,0.0698
bob,1,28405458,789,-0.0012,0.1176,0.0009,,-1.0223,0.0806
bob,1,28405458,790,-0.0021,0.1451,0.001,,-1.0272,0.0914
bob,1,28405458,791,0.0031,0.1713,0.0012,,-1.03,0.1243
bob,1,28405458,792,-0.0009,0.1636,0.0011,,-1.0273,0.1053
bob,1,28405458,793,-0.0047,0.1264,0.0009,,-1.041,0.087
bob,1,28405458,794,-0.0013,0.175,0.0011,,-1.0329,0.1029
bob,1,28405458,795,-0.0071,0.1491,0.001,,-1.0224,0.0983
bob,1,28405458,796,-0.0047,0.1344,0.0009,,-1.0394,0.0879
bob,1,28405458,797,0.0014,0.1376,0.001,,-1.0409,0.1
bob,1,28405458,798,-0.0059,0.1403,0.0009,,-1.0537,0.0885
bob,1,28405458,799,-0.0006,0.1821,0.0013,,-1.0418,0.1319
bob,1,28405458,800,-0.0024,0.1762,0.0013,,-1.0394,0.1162
bob,1,28405458,801,-0.0112,0.108,0.0006,,-1.0431,0.0659
bob,1,28405458,802,-0.0009,0.117,0.0007,,-1.0451,0.0699
bob,1,28405458,803,-0.0,0.1678,0.0012,,-1.0491,0.1099
bob,1,28405458,804,-0.0063,0.1039,0.0006,,-1.046,0.0681
bob,1,28405458,805,0.0023,0.1448,0.001,,-1.0303,0.1058
bob,1,28405458,806,0.0012,0.1561,0.0011,,-1.0507,0.0995
bob,1,28405458,807,-0.0057,0.176,0.0011,,-1.0441,0.108
bob,1,28405458,808,-0.0054,0.1408,0.0009,,-1.0477,0.0952
bob,1,28405458,809,-0.0005,0.189,0.0012,,-1.0385,0.1317
bob,1,28405458,810,-0.0006,0.1546,0.0011,,-1.0233,0.1243
bob,1,28405458,811,-0.0004,0.1925,0.0013,,-1.0456,0.1192
bob,1,28405458,812,-0.0022,0.1513,0.0011,,-1.0375,0.1055
bob,1,28405458,813,0.0007,0.2513,0.0016,,-1.0472,0.1517
bob,1,28405458,814,-0.0065,0.1273,0.0008,,-1.0328,0.1049
bob,1,28405458,815,-0.0044,0.1889,0.0014,,-1.0493,0.1226
bob,1,28405458,816,0.0004,0.1852,0.0011,,-1.0344,0.119
bob,1,28405458,817,-0.0094,0.1393,0.0009,,-1.0597,0.0914
bob,1,28405458,818,0.0024,0.1894,0.0013,,-1.054,0.1231
bob,1,28405458,819,-0.0027,0.1543,0.0009,,-1.0556,0.0989
bob,1,28405458,820,0.0026,0.1568,0.0011,,-1.0454,0.0963
bob,1,28405458,821,-0.0034,0.1301,0.0008,,-1.0542,0.0728
bob,1,28405458,822,0.0091,0.1617,0.0012,,-1.0561,0.1043
bob,1,28405458,823,-0.0002,0.1397,0.0009,,-1.0401,0.0876
bob,1,28405458,824,0.0027,0.1927,0.0013,,-1.0674,0.1359
bob,1,28405458,825,0.0017,0.2275,0.0015,,-1.0538,0.1459
bob,1,28405458,826,-0.0012,0.1486,0.0009,,-1.0598,0.0929
bob,1,28405458,827,0.003,0.1946,0.0013,,-1.0615,0.1243
bob,1,28405458,828,-0.0001,0.1683,0.0012,,-1.0531,0.1082
bob,1,28405458,829,-0.0029,0.1348,0.0009,,-1.0547,0.0892
bob,1,28405458,830,-0.0039,0.2407,0.0018,,-1.0412,0.1483
bob,1,28405458,831,0.0042,0.1465,0.0009,,-1.0481,0.0952
bob,1,28405458,832,0.0066,0.2204,0.0013,,-1.043,0.1323
bob,1,28405458,833,0.0046,0.2057,0.0013,,-1.0748,0.1394
bob,1,28405458,834,-0.0018,0.2118,0.0013,,-1.0552,0.125
bob,1,28405458,835,0.0028,0.2384,0.0015,,-1.0667,0.14
bob,1,28405458,836,-0.0041,0.1634,0.0012,,-1.0534,0.1099
bob,1,28405458,837,0.004,0.2027,0.0013,,-1.0263,0.1392
bob,1,28405458,838,0.0055,0.1558,0.0011,,-1.0505,0.1042
bob,1,28405458,839,0.0035,0.1915,0.0014,,-1.0434,0.1171
bob,1,28405458,840,0.0059,0.1476,0.0011,,-1.0578,0.09
bob,1,28405458,841,-0.0002,0.1263,0.0009,,-1.0547,0.0904
bob,1,28405458,842,0.0034,0.1493,0.001,,-1.0689,0.0979
bob,1,28405458,843,0.0038,0.2606,0.0016,,-1.0546,0.1489
bob,1,28405458,844,-0.0026,0.1723,0.0012,,-1.0485,0.1141
bob,1,28405458,845,0.0135,0.2183,0.0016,,-1.0588,0.1421
bob,1,28405458,846,0.0019,0.1763,0.0012,,-1.0443,0.1152
bob,1,28405458,847,0.003,0.1878,0.0013,,-1.0308,0.1154
bob,1,28405458,848,0.0001,0.1711,0.0013,,-1.0312,0.1232
bob,1,28405458,849,0.0014,0.1793,0.0012,,-1.0564,0.1127
bob,1,28405458,850,0.0117,0.241,0.0018,,-1.0646,0.1643
bob,1,28405458,851,0.0031,0.2478,0.0018,,-1.057,0.1713
bob,1,28405458,852,-0.0015,0.1821,0.0012,,-1.0419,0.1099
bob,1,28405458,853,0.0016,0.1732,0.0013,,-1.0261,0.1081
bob,1,28405458,854,0.0097,0.1999,0.0012,,-1.0793,0.1111
bob,1,28405458,855,0.004,0.1493,0.0011,,-1.0638,0.1005
bob,1,28405458,856,0.0013,0.1895,0.0013,,-1.0545,0.1176
bob,1,28405458,857,0.0012,0.1574,0.0011,,-1.051,0.1087
bob,1,28405458,858,0.002,0.1112,0.0007,,-1.0612,0.0607
bob,1,28405458,859,0.0055,0.1941,0.0015,,-1.0364,0.1379
bob,1,28405458,860,0.005,0.2262,0.0016,,-1.062,0.1471
bob,1,28405458,861,0.0047,0.1601,0.0013,,-1.0504,0.1263
bob,1,28405458,862,0.0002,0.1562,0.0011,,-1.066,0.0945
bob,1,28405458,863,0.0041,0.1943,0.0015,,-1.0467,0.1489
bob,1,28405458,864,0.0062,0.1557,0.0012,,-1.0262,0.1038
bob,1,28405458,865,-0.0018,0.1335,0.0008,,-1.0498,0.0856
bob,1,28405458,866,0.0072,0.1471,0.0011,,-1.0689,0.095
bob,1,28405458,867,0.0017,0.1775,0.0013,,-1.0472,0.1068
bob,1,28405458,868,-0.0011,0.1949,0.0015,,-1.0337,0.1209
bob,1,28405458,869,0.0037,0.1982,0.0015,,-1.0601,0.1353
bob,1,28405458,870,0.0038,0.1318,0.0009,,-1.0327,0.0777
bob,1,28405458,871,0.0024,0.1647,0.0012,,-1.0347,0.1041
bob,1,28405458,872,0.0036,0.1705,0.0013,,-1.0429,0.1068
bob,1,28405458,873,0.0019,0.203,0.0012,,-1.0484,0.1189
bob,1,28405458,874,0.004,0.1646,0.0011,,-1.0554,0.1016
bob,1,28405458,875,0.0046,0.1447,0.0011,,-1.0682,0.1
bob,1,28405458,876,0.0062,0.2295,0.0015,,-1.028,0.1351
bob,1,28405458,877,0.0066,0.2047,0.0015,,-1.064,0.1466
bob,1,28407146,878,0.0002,0.1343,0.0006,,-1.0112,0.0769
bob,1,28407146,879,0.0046,0.1572,0.0006,,-1.011,0.0833
bob,1,28407146,880,-0.0009,0.0923,0.0003,,-1.0085,0.049
bob,1,28407146,881,0.0017,0.1414,0.0005,,-1.0122,0.08
bob,1,28407146,882,-0.0,0.1104,0.0004,,-1.0135,0.0603
bob,1,28407146,883,-0.001,0.0674,0.0003,,-1.0139,0.0368
bob,1,28407146,884,-0.0015,0.0897,0.0004,,-1.0137,0.0496
bob,1,28407146,885,0.0007,0.1505,0.0006,,-1.0196,0.0846
bob,1,28407146,886,-0.0029,0.1048,0.0005,,-1.0301,0.0608
bob,1,28407146,887,-0.0018,0.1346,0.0006,,-1.0148,0.0753
bob,1,28407146,888,-0.0016,0.1367,0.0006,,-1.0155,0.087
bob,1,28407146,889,-0.0007,0.156,0.0007,,-1.0134,0.0902
bob,1,28407146,890,-0.0005,0.1427,0.0007,,-1.0087,0.0845
bob,1,28407146,891,-0.0025,0.1279,0.0006,,-1.0158,0.0748
bob,1,28407146,892,0.0005,0.167,0.001,,-1.019,0.1059
bob,1,28407146,893,-0.0003,0.1208,0.0006,,-1.0154,0.0748
bob,1,28407146,894,0.001,0.1196,0.0007,,-1.01,0.0764
bob,1,28407146,895,-0.002,0.1147,0.0006,,-1.029,0.0784
bob,1,28407146,896,-0.0045,0.1633,0.001,,-1.0307,0.1006
bob,1,28407146,897,0.0006,0.1628,0.0011,,-1.0274,0.113
bob,1,28407146,898,-0.0023,0.1302,0.0008,,-1.016,0.0952
bob,1,28407146,899,-0.0021,0.1216,0.0008,,-1.0184,0.0788
bob,1,28407146,900,-0.001,0.1836,0.0013,,-1.0283,0.1359
bob,1,28407146,901,-0.0051,0.1301,0.0009,,-1.0234,0.0893
bob,1,28407146,902,-0.0041,0.1134,0.0006,,-1.0201,0.0764
bob,1,28407146,903,0.0044,0.2024,0.0013,,-1.0378,0.1361
bob,1,28407146,904,-0.0007,0.1384,0.001,,-1.0323,0.095
bob,1,28407146,905,-0.0006,0.1751,0.0011,,-1.0201,0.1073
bob,1,28407146,906,-0.0004,0.219,0.0016,,-1.0333,0.1576
bob,1,28407146,907,-0.007,0.1686,0.001,,-1.0431,0.1176
bob,1,28407146,908,-0.0057,0.1875,0.0012,,-1.0205,0.118
bob,1,28407146,909,0.0006,0.1519,0.0009,,-1.0265,0.1046
bob,1,28407146,910,0.0031,0.216,0.0014,,-1.0266,0.1404
bob,1,28407146,911,-0.0039,0.1724,0.001,,-1.0352,0.103
bob,1,28407146,912,-0.0005,0.2042,0.0014,,-1.031,0.1389
bob,1,28407146,913,-0.0023,0.2055,0.0015,,-1.0451,0.1399
bob,1,28407146,914,-0.0057,0.1284,0.0007,,-1.0523,0.0813
bob,1,28407146,915,-0.0053,0.2063,0.0011,,-1.0439,0.125
bob,1,28407146,916,-0.0022,0.1885,0.0012,,-1.0547,0.122
bob,1,28407146,917,-0.0108,0.213,0.0013,,-1.0273,0.1319
bob,1,28407146,918,-0.0058,0.1337,0.0009,,-1.0408,0.0909
bob,1,28407146,919,-0.0012,0.1293,0.0008,,-1.0437,0.0815
bob,1,28407146,920,-0.005,0.2293,0.0013,,-1.0466,0.1512
bob,1,28407146,921,-0.0059,0.1901,0.0012,,-1.0353,0.1329
bob,1,28407146,922,-0.0039,0.118,0.0007,,-1.049,0.0739
bob,1,28407146,923,-0.0063,0.1571,0.0009,,-1.0564,0.0863
bob,1,28407146,924,0.0029,0.1749,0.0012,,-1.0283,0.1117
bob,1,28407146,925,-0.0038,0.2214,0.0013,,-1.0483,0.1356
bob,1,28407146,926,-0.0041,0.1678,0.001,,-1.0434,0.1163
bob,1,28407146,927,-0.0021,0.1794,0.0012,,-1.0418,0.1359
bob,1,28407146,928,-0.004,0.1505,0.0009,,-1.0429,0.0924
bob,1,28407146,929,0.0032,0.1677,0.0011,,-1.0693,0.098
bob,1,28407146,930,0.0049,0.188,0.0012,,-1.0311,0.1229
bob,1,28407146,931,0.0008,0.2218,0.0015,,-1.0534,0.1421
bob,1,28407146,932,-0.0012,0.1999,0.0012,,-1.0449,0.1221
bob,1,28407146,933,-0.0002,0.1656,0.0011,,-1.0435,0.1123
bob,1,28407146,934,0.0015,0.1878,0.0012,,-1.0464,0.1122
bob,1,28407146,935,-0.0043,0.1092,0.0006,,-1.0586,0.0571
bob,1,28407146,936,0.0039,0.202,0.0012,,-1.0425,0.1371
bob,1,28407146,937,0.0069,0.1947,0.0012,,-1.068,0.1264
bob,1,28407146,938,0.0067,0.1591,0.0011,,-1.0488,0.1055
bob,1,28407146,939,0.0065,0.1809,0.0012,,-1.0542,0.125
bob,1,28407146,940,-0.0023,0.1184,0.0007,,-1.0745,0.073
bob,1,28407146,941,0.0002,0.1372,0.001,,-1.0466,0.0872
bob,1,28407146,942,-0.0029,0.2198,0.0015,,-1.0604,0.1359
bob,1,28407146,943,-0.0007,0.1767,0.0012,,-1.0523,0.1173
bob,1,28407146,944,-0.0009,0.1453,0.0009,,-1.0406,0.105
bob,1,28407146,945,-0.0004,0.097,0.0005,,-1.0556,0.0628
bob,1,28407146,946,-0.0003,0.2579,0.0018,,-1.045,0.1592
bob,1,28407146,947,0.0005,0.1628,0.001,,-1.0358,0.0933
bob,1,28407146,948,-0.0033,0.1957,0.0013,,-1.0506,0.1237
bob,1,28407146,949,-0.0043,0.1577,0.0011,,-1.0493,0.0874
bob,1,28407146,950,0.0017,0.1971,0.0011,,-1.0653,0.1282
bob,1,28407146,951,0.0053,0.1971,0.0012,,-1.0547,0.1211
bob,1,28407146,952,0.0038,0.2039,0.0015,,-1.0507,0.1304
bob,1,28407146,953,-0.0007,0.176,0.0012,,-1.0567,0.1066
bob,1,28407146,954,-0.0022,0.1623,0.0012,,-1.0284,0.1031
bob,1,28407146,955,0.0021,0.1798,0.0011,,-1.0407,0.1163
bob,1,28407146,956,0.0025,0.149,0.0009,,-1.0613,0.0896
bob,1,28407146,957,0.0052,0.1709,0.0013,,-1.0553,0.1256
bob,1,28407146,958,0.0045,0.2033,0.0015,,-1.0531,0.1268
bob,1,28407146,959,-0.0018,0.1812,0.0012,,-1.067,0.1094
bob,1,28407146,960,0.0041,0.1419,0.001,,-1.0881,0.096
bob,1,28407146,961,0.0053,0.1708,0.0012,,-1.0575,0.1269
bob,1,28407146,962,-0.0037,0.1701,0.0012,,-1.0458,0.1066
bob,1,28407146,963,0.0031,0.15,0.001,,-1.0509,0.1024
bob,1,28407146,964,-0.0007,0.1537,0.0011,,-1.0629,0.0931
bob,1,28407146,965,0.0001,0.1751,0.0012,,-1.0407,0.1179
bob,1,28407146,966,0.0007,0.2133,0.0015,,-1.0395,0.1381
bob,1,28407146,967,0.0082,0.1481,0.001,,-1.0491,0.104
bob,1,28407146,968,0.0061,0.2189,0.0016,,-1.0428,0.1465
bob,1,28407146,969,0.0084,0.1956,0.0015,,-1.053,0.1321
bob,1,28407146,970,-0.0004,0.2076,0.0013,,-1.0507,0.1168
bob,1,28407146,971,0.0076,0.1621,0.0011,,-1.0469,0.1163
bob,1,28407146,972,0.0018,0.1772,0.0011,,-1.0621,0.1111
bob,1,28407146,973,0.0072,0.1143,0.0009,,-1.0448,0.0888
bob,1,28407146,974,0.0042,0.1764,0.0011,,-1.0477,0.117
bob,1,28407146,975,-0.0061,0.1654,0.0011,,-1.0594,0.1085
bob,1,28407146,976,0.011,0.2155,0.0018,,-1.0582,0.1514
bob,1,28407146,977,0.0107,0.2252,0.0017,,-1.0808,0.15
bob,1,28407146,978,0.003,0.1525,0.0011,,-1.05,0.1077
bob,1,28407146,979,0.0037,0.1523,0.0011,,-1.0489,0.1036
bob,1,28407146,980,-0.0006,0.1357,0.0008,,-1.0667,0.0842
bob,1,28407146,981,0.0065,0.147,0.001,,-1.0624,0.1071
bob,1,28407146,982,0.0005,0.1168,0.0008,,-1.0489,0.0751
bob,1,28407146,983,0.0024,0.1705,0.0013,,-1.0469,0.1212
bob,1,28407146,984,-0.0011,0.1999,0.0013,,-1.0717,0.1176
bob,1,28407146,985,0.0022,0.2979,0.0023,,-1.0404,0.2132
bob,1,28407146,986,0.0022,0.1896,0.0015,,-1.0526,0.1409
bob,1,28407146,987,0.0003,0.2289,0.0018,,-1.0506,0.1642
bob,1,28407146,988,0.0033,0.1082,0.0006,,-1.0572,0.0729
bob,1,28407668,989,-0.0013,0.1153,0.0004,,-1.0096,0.0519
bob,1,28407668,990,0.0014,0.1582,0.0006,,-1.01,0.0813
bob,1,28407668,991,0.0024,0.2576,0.0009,,-1.0089,0.127
bob,1,28407668,992,-0.0024,0.1821,0.0006,,-1.0133,0.088
bob,1,28407668,993,0.0007,0.1456,0.0006,,-1.0116,0.0735
bob,1,28407668,994,0.0018,0.1392,0.0006,,-1.0094,0.0752
bob,1,28407668,995,-0.0045,0.1248,0.0006,,-1.0078,0.0633
bob,1,28407668,996,0.0007,0.1314,0.0006,,-1.0229,0.0671
bob,1,28407668,997,-0.0003,0.1777,0.0008,,-1.0077,0.0927
bob,1,28407668,998,-0.0022,0.1578,0.0008,,-1.0086,0.0897
bob,1,28407668,999,-0.0022,0.1284,0.0006,,-1.0212,0.0699
bob,1,28407668,1000,-0.0027,0.1678,0.0008,,-1.0287,0.0921
bob,1,28407668,1001,-0.0008,0.1049,0.0005,,-1.0176,0.0641
bob,1,28407668,1002,-0.0002,0.1717,0.0009,,-1.0166,0.092
bob,1,28407668,1003,0.0009,0.1611,0.0008,,-1.0135,0.0962
bob,1,28407668,1004,-0.0006,0.1304,0.0007,,-1.0143,0.0818
bob,1,28407668,1005,-0.0021,0.1778,0.001,,-1.011,0.1053
bob,1,28407668,1006,-0.0029,0.1579,0.0008,,-1.0158,0.0921
bob,1,28407668,1007,-0.0024,0.1507,0.0009,,-1.0154,0.0966
bob,1,28407668,1008,-0.0002,0.1705,0.001,,-1.0212,0.1065
bob,1,28407668,1009,-0.001,0.1661,0.001,,-1.0262,0.1059
bob,1,28407668,1010,0.0006,0.1889,0.0013,,-1.0324,0.1146
bob,1,28407668,1011,-0.0031,0.2068,0.0013,,-1.0243,0.1237
bob,1,28407668,1012,-0.0063,0.1193,0.0008,,-1.0449,0.0787
bob,1,28407668,1013,0.0026,0.2224,0.0015,,-1.0242,0.1366
bob,1,28407668,1014,0.0015,0.2104,0.0015,,-1.0324,0.1475
bob,1,28407668,1015,-0.0075,0.184,0.0012,,-1.0401,0.114
bob,1,28407668,1016,-0.0027,0.2207,0.0016,,-1.0321,0.1568
bob,1,28407668,1017,0.0031,0.2488,0.0016,,-1.0395,0.1598
bob,1,28407668,1018,-0.0113,0.0998,0.0006,,-1.0372,0.0559
bob,1,28407668,1019,-0.0004,0.2235,0.0016,,-1.0422,0.1531
bob,1,28407668,1020,-0.0001,0.1764,0.0012,,-1.0469,0.1156
bob,1,28407668,1021,-0.0075,0.1602,0.0012,,-1.0456,0.102
bob,1,28407668,1022,-0.0042,0.1208,0.0008,,-1.0408,0.0697
bob,1,28407668,1023,0.0015,0.1473,0.0011,,-1.0377,0.0984
bob,1,28407668,1024,0.0006,0.1779,0.0012,,-1.0478,0.1231
bob,1,28407668,1025,-0.0003,0.1415,0.0009,,-1.0415,0.0885
bob,1,28407668,1026,-0.0087,0.1301,0.0008,,-1.0411,0.0806
bob,1,28407668,1027,0.0008,0.2312,0.0016,,-1.0324,0.1443
bob,1,28407668,1028,-0.0028,0.196,0.0015,,-1.0757,0.1281
bob,1,28407668,1029,0.0018,0.1925,0.0013,,-1.0387,0.1186
bob,1,28407668,1030,-0.0018,0.1681,0.0012,,-1.0333,0.1224
bob,1,28407668,1031,0.0014,0.2369,0.0015,,-1.0398,0.1467
bob,1,28407668,1032,-0.0035,0.1595,0.0012,,-1.0324,0.1217
bob,1,28407668,1033,-0.0009,0.2007,0.0013,,-1.0281,0.1412
bob,1,28407668,1034,0.0037,0.254,0.0016,,-1.0508,0.1522
bob,1,28407668,1035,-0.0127,0.1877,0.0013,,-1.0338,0.1162
bob,1,28407668,1036,-0.0029,0.2212,0.0016,,-1.0481,0.1373
bob,1,28407668,1037,-0.0021,0.1832,0.0013,,-1.0339,0.1333
bob,1,28407668,1038,-0.0043,0.1543,0.0009,,-1.043,0.0851
bob,1,28407668,1039,0.0046,0.2118,0.0013,,-1.0644,0.1196
bob,1,28407668,1040,-0.0009,0.1321,0.0008,,-1.0476,0.0903
bob,1,28407668,1041,0.002,0.1886,0.0012,,-1.0602,0.1215
bob,1,28407668,1042,0.0047,0.196,0.0013,,-1.0427,0.1316
bob,1,28407668,1043,-0.0007,0.1471,0.0009,,-1.0344,0.0856
bob,1,28407668,1044,-0.0029,0.1535,0.0011,,-1.059,0.0955
bob,1,28407668,1045,0.0083,0.2221,0.0015,,-1.0402,0.1458
bob,1,28407668,1046,-0.0036,0.174,0.0011,,-1.0424,0.1038
bob,1,28407668,1047,-0.0047,0.1491,0.001,,-1.0528,0.0927
bob,1,28407668,1048,-0.0012,0.1749,0.001,,-1.0321,0.1091
bob,1,28407668,1049,-0.0042,0.1956,0.0013,,-1.0514,0.1243
bob,1,28407668,1050,0.004,0.1917,0.0011,,-1.0377,0.1156
bob,1,28407668,1051,-0.0024,0.173,0.0012,,-1.047,0.1122
bob,1,28407668,1052,0.0045,0.2494,0.0016,,-1.0375,0.1639
bob,1,28407668,1053,-0.0008,0.2199,0.0015,,-1.0478,0.1429
bob,1,28407668,1054,-0.0027,0.1299,0.0008,,-1.0619,0.0805
bob,1,28407668,1055,-0.0021,0.1542,0.0009,,-1.0395,0.0952
bob,1,28407668,1056,-0.0002,0.1882,0.0012,,-1.0466,0.1279
bob,1,28407668,1057,-0.0015,0.2055,0.0012,,-1.0415,0.1223
bob,1,28407668,1058,-0.0067,0.2101,0.0012,,-1.0645,0.1229
bob,1,28407668,1059,0.0065,0.1981,0.0014,,-1.0752,0.1185
bob,1,28407668,1060,0.0002,0.1404,0.0008,,-1.0352,0.1146
bob,1,28407668,1061,0.0035,0.1548,0.0009,,-1.0386,0.095
bob,1,28407668,1062,0.0032,0.1669,0.001,,-1.0713,0.1073
bob,1,28407668,1063,-0.0022,0.142,0.0009,,-1.046,0.0909
bob,1,28407668,1064,0.0008,0.1947,0.0013,,-1.0627,0.1285
bob,1,28407668,1065,0.0052,0.175,0.0012,,-1.0506,0.1283
bob,1,28407668,1066,-0.0062,0.1255,0.001,,-1.0509,0.0945
bob,1,28407668,1067,-0.0,0.1859,0.0011,,-1.0612,0.1092
bob,1,28407668,1068,0.0011,0.1868,0.0012,,-1.0601,0.1237
bob,1,28407668,1069,0.0032,0.2398,0.0016,,-1.0525,0.1667
bob,1,28407668,1070,-0.0063,0.1652,0.0012,,-1.0381,0.1117
bob,1,28407668,1071,0.0013,0.2143,0.0013,,-1.0366,0.1295
bob,1,28407668,1072,0.0028,0.2226,0.0015,,-1.0576,0.1475
bob,1,28407668,1073,0.0022,0.1425,0.0009,,-1.0535,0.0914
bob,1,28407668,1074,0.0065,0.2101,0.0015,,-1.0519,0.1421
bob,1,28407668,1075,0.003,0.1508,0.001,,-1.057,0.1023
bob,1,28407668,1076,0.0005,0.1705,0.0012,,-1.0457,0.12
bob,1,28407668,1077,0.0029,0.2398,0.0015,,-1.0589,0.1492
bob,1,28407668,1078,0.0017,0.1618,0.0012,,-1.0403,0.1189
bob,1,28407668,1079,0.0041,0.1637,0.0011,,-1.0551,0.1045
bob,1,28407668,1080,0.0079,0.2409,0.0018,,-1.0289,0.1415
bob,1,28407668,1081,0.0018,0.2042,0.0015,,-1.0399,0.133
bob,1,28407668,1082,0.0029,0.1749,0.0013,,-1.0548,0.129
bob,1,28407668,1083,0.0022,0.2155,0.0016,,-1.0665,0.1489
bob,1,28407668,1084,-0.0019,0.1719,0.0012,,-1.0458,0.1307
bob,1,28407668,1085,-0.0012,0.1249,0.0007,,-1.0922,0.0591
bob,1,28407668,1086,0.008,0.2612,0.0021,,-1.0639,0.1878
bob,1,28407668,1087,0.0097,0.2305,0.0019,,-1.0592,0.1549
bob,1,28407668,1088,-0.0043,0.1475,0.001,,-1.0569,0.0914
bob,1,28407668,1089,0.0007,0.1274,0.0009,,-1.0367,0.0773
bob,1,28407668,1090,0.0065,0.1565,0.0011,,-1.0488,0.1146
bob,1,28407668,1091,0.0011,0.2049,0.0015,,-1.0582,0.1414
bob,1,28407668,1092,-0.0004,0.2136,0.0015,,-1.0496,0.1324
bob,1,28407668,1093,0.0098,0.2281,0.0018,,-1.0509,0.1579
bob,1,28407668,1094,0.0072,0.1763,0.0015,,-1.0474,0.1244
bob,1,28407668,1095,-0.0033,0.1967,0.0015,,-1.0481,0.1444
bob,1,28407668,1096,-0.0039,0.224,0.0018,,-1.073,0.1463
bob,1,28407668,1097,0.0053,0.2029,0.0015,,-1.0482,0.1406
bob,1,28407668,1098,-0.0039,0.1499,0.0012,,-1.039,0.1168
bob,1,28408366,1099,0.0014,0.1313,0.0006,,-1.0126,0.0741
bob,1,28408366,1100,0.0,0.1155,0.0006,,-1.0077,0.0705
bob,1,28408366,1101,-0.0009,0.1439,0.0007,,-1.0137,0.087
bob,1,28408366,1102,0.0019,0.1681,0.0009,,-1.0061,0.1064
bob,1,28408366,1103,-0.0014,0.1348,0.0006,,-1.0117,0.0827
bob,1,28408366,1104,0.0001,0.1704,0.0009,,-1.0089,0.1074
bob,1,28408366,1105,-0.0011,0.0987,0.0005,,-1.0169,0.0615
bob,1,28408366,1106,-0.0011,0.0692,0.0004,,-1.0072,0.0443
bob,1,28408366,1107,-0.0012,0.0934,0.0006,,-1.0204,0.0592
bob,1,28408366,1108,-0.0022,0.121,0.0008,,-1.0078,0.0833
bob,1,28408366,1109,0.0032,0.222,0.0013,,-1.0089,0.1503
bob,1,28408366,1110,-0.0006,0.1542,0.0009,,-1.0098,0.1081
bob,1,28408366,1111,-0.0061,0.1382,0.0009,,-1.0193,0.0982
bob,1,28408366,1112,-0.0034,0.1438,0.001,,-1.0334,0.1006
bob,1,28408366,1113,-0.0053,0.1825,0.0011,,-1.0124,0.1234
bob,1,28408366,1114,-0.0069,0.157,0.001,,-1.0311,0.0983
bob,1,28408366,1115,-0.0022,0.1595,0.0012,,-1.0099,0.1105
bob,1,28408366,1116,0.001,0.1914,0.0013,,-1.0362,0.125
bob,1,28408366,1117,-0.003,0.1492,0.0011,,-1.0209,0.0995
bob,1,28408366,1118,-0.0033,0.1671,0.0012,,-1.01,0.1123
bob,1,28408366,1119,-0.0032,0.1852,0.0013,,-1.0389,0.1292
bob,1,28408366,1120,-0.0054,0.1456,0.001,,-1.0244,0.0881
bob,1,28408366,1121,-0.0072,0.1228,0.0009,,-1.0328,0.089
bob,1,28408366,1122,-0.0014,0.2564,0.0018,,-1.0228,0.1793
bob,1,28408366,1123,-0.0028,0.1635,0.0011,,-1.0191,0.0957
bob,1,28408366,1124,-0.0022,0.1696,0.0013,,-1.0289,0.1146
bob,1,28408366,1125,0.0005,0.1721,0.0012,,-1.0296,0.1123
bob,1,28408366,1126,0.0019,0.2456,0.0017,,-1.0395,0.1648
bob,1,28408366,1127,-0.015,0.1583,0.0011,,-1.0343,0.0909
bob,1,28408366,1128,-0.0014,0.1431,0.0009,,-1.0407,0.095
bob,1,28408366,1129,0.0028,0.1593,0.0011,,-1.0489,0.1047
bob,1,28408366,1130,0.0016,0.2079,0.0015,,-1.0394,0.1489
bob,1,28408366,1131,0.002,0.2232,0.0016,,-1.0437,0.1421
bob,1,28408366,1132,-0.0063,0.1734,0.0013,,-1.0272,0.1212
bob,1,28408366,1133,0.0018,0.2269,0.0018,,-1.049,0.1422
bob,1,28408366,1134,-0.0038,0.1645,0.0012,,-1.0384,0.1158
bob,1,28408366,1135,-0.0021,0.1336,0.0009,,-1.043,0.0894
bob,1,28408366,1136,-0.0003,0.209,0.0014,,-1.0355,0.1282
bob,1,28408366,1137,-0.0012,0.225,0.0015,,-1.037,0.1404
bob,1,28408366,1138,0.0048,0.2646,0.0019,,-1.0445,0.1759
bob,1,28408366,1139,0.0013,0.1966,0.0013,,-1.0553,0.1379
bob,1,28408366,1140,0.0,0.2149,0.0016,,-1.0494,0.1522
bob,1,28408366,1141,-0.0079,0.1751,0.001,,-1.0287,0.1059
bob,1,28408366,1142,0.0038,0.147,0.001,,-1.018,0.0963
bob,1,28408366,1143,-0.0083,0.1156,0.0008,,-1.0385,0.0707
bob,1,28408366,1144,-0.0052,0.1489,0.0011,,-1.0484,0.0963
bob,1,28408366,1145,-0.0071,0.1754,0.0011,,-1.0421,0.1117
bob,1,28408366,1146,0.0,0.1699,0.0011,,-1.0485,0.1193
bob,1,28408366,1147,-0.0036,0.2051,0.0013,,-1.0505,0.1287
bob,1,28408366,1148,-0.0021,0.1984,0.0015,,-1.0484,0.1457
bob,1,28408366,1149,-0.0004,0.2394,0.0014,,-1.0368,0.1341
bob,1,28408366,1150,-0.0026,0.1693,0.0011,,-1.0468,0.1006
bob,1,28408366,1151,0.0062,0.2391,0.0018,,-1.0452,0.1676
bob,1,28408366,1152,-0.0056,0.1786,0.001,,-1.0506,0.1098
bob,1,28408366,1153,-0.0116,0.2355,0.0016,,-1.0436,0.1495
bob,1,28408366,1154,0.0024,0.254,0.0017,,-1.03,0.1551
bob,1,28408366,1155,0.0003,0.1904,0.0013,,-1.0645,0.1173
bob,1,28408366,1156,0.0007,0.1771,0.0012,,-1.0402,0.1123
bob,1,28408366,1157,-0.0018,0.2609,0.0017,,-1.0238,0.1495
bob,1,28408366,1158,-0.0025,0.1536,0.001,,-1.0414,0.1183
bob,1,28408366,1159,0.0051,0.1783,0.0012,,-1.0734,0.105
bob,1,28408366,1160,0.0036,0.1996,0.0013,,-1.0224,0.1295
bob,1,28408366,1161,-0.0078,0.1765,0.001,,-1.0615,0.0988
bob,1,28408366,1162,-0.0008,0.2744,0.0019,,-1.0757,0.1842
bob,1,28408366,1163,0.0056,0.1993,0.0013,,-1.0558,0.1278
bob,1,28408366,1164,0.0033,0.1575,0.0011,,-1.0484,0.1099
bob,1,28408366,1165,0.0056,0.2155,0.0016,,-1.0711,0.1518
bob,1,28408366,1166,-0.0049,0.1678,0.0011,,-1.065,0.1027
bob,1,28408366,1167,0.0016,0.218,0.0016,,-1.0445,0.1457
bob,1,28408366,1168,0.0024,0.1759,0.0013,,-1.0435,0.12
bob,1,28408366,1169,0.0032,0.1668,0.0013,,-1.066,0.1133
bob,1,28408366,1170,0.0001,0.2604,0.0017,,-1.0528,0.1648
bob,1,28408366,1171,0.0039,0.2597,0.0016,,-1.0314,0.162
bob,1,28408366,1172,0.0004,0.1748,0.001,,-1.0645,0.1152
bob,1,28408366,1173,-0.001,0.1862,0.0013,,-1.0457,0.1263
bob,1,28408366,1174,-0.0009,0.1969,0.0013,,-1.0691,0.1263
bob,1,28408366,1175,0.0141,0.1494,0.0011,,-1.0624,0.1111
bob,1,28408366,1176,0.0042,0.214,0.0016,,-1.0414,0.148
bob,1,28408366,1177,0.0049,0.1773,0.0012,,-1.0405,0.1127
bob,1,28408366,1178,0.0028,0.2119,0.0016,,-1.0464,0.1386
bob,1,28408366,1179,-0.0,0.1719,0.0012,,-1.0461,0.1167
bob,1,28408366,1180,0.0041,0.2278,0.0016,,-1.0497,0.1505
bob,1,28408366,1181,0.008,0.155,0.001,,-1.0484,0.1105
bob,1,28408366,1182,0.0016,0.1465,0.001,,-1.0373,0.0977
bob,1,28408366,1183,-0.0011,0.214,0.0015,,-1.0473,0.1564
bob,1,28408366,1184,0.006,0.1925,0.0015,,-1.0563,0.132
bob,1,28408366,1185,0.0028,0.1747,0.0011,,-1.048,0.1044
bob,1,28408366,1186,0.0064,0.2341,0.0015,,-1.0502,0.1444
bob,1,28408366,1187,0.0029,0.23,0.0017,,-1.0457,0.163
bob,1,28408366,1188,-0.0011,0.2187,0.0016,,-1.0341,0.1394
bob,1,28408366,1189,0.0017,0.1976,0.0015,,-1.0543,0.1412
bob,1,28408366,1190,-0.0016,0.1814,0.0013,,-1.0473,0.1165
bob,1,28408366,1191,0.0073,0.1789,0.0012,,-1.0342,0.1347
bob,1,28408366,1192,0.0041,0.2032,0.0013,,-1.05,0.1326
bob,1,28408366,1193,0.0027,0.2026,0.0016,,-1.0446,0.1489
bob,1,28408366,1194,0.0059,0.1746,0.0012,,-1.0531,0.11
bob,1,28408366,1195,0.0034,0.1738,0.0014,,-1.0466,0.1383
bob,1,28408366,1196,0.0079,0.2238,0.0017,,-1.0527,0.1408
bob,1,28408366,1197,-0.0021,0.1768,0.0011,,-1.0546,0.107
bob,1,28408366,1198,-0.0015,0.2375,0.0016,,-1.0264,0.1611
bob,1,28408366,1199,0.0032,0.2589,0.0018,,-1.0726,0.1634
bob,1,28408366,1200,-0.0041,0.1974,0.0013,,-1.0401,0.1351
bob,1,28408366,1201,-0.0005,0.1869,0.0014,,-1.0552,0.1206
bob,1,28408366,1202,0.0026,0.2133,0.0018,,-1.0572,0.1542
bob,1,28408366,1203,-0.0077,0.1631,0.0012,,-1.058,0.1117
bob,1,28408366,1204,0.0018,0.2367,0.0016,,-1.0488,0.1701
bob,1,28408366,1205,0.004,0.165,0.001,,-1.0453,0.1081
bob,1,28408366,1206,0.0009,0.1999,0.0013,,-1.0523,0.1445
bob,1,28410125,1207,0.0001,0.0827,0.0004,,-1.014,0.0455
bob,1,28410125,1208,-0.0008,0.1234,0.0005,,-1.0085,0.0714
bob,1,28410125,1209,0.0009,0.0909,0.0004,,-1.0107,0.0547
bob,1,28410125,1210,0.0011,0.0814,0.0004,,-1.0151,0.05
bob,1,28410125,1211,-0.0023,0.089,0.0004,,-1.0113,0.0615
bob,1,28410125,1212,-0.0011,0.1745,0.0009,,-1.0189,0.1071
bob,1,28410125,1213,-0.0034,0.1236,0.0006,,-1.0134,0.0758
bob,1,28410125,1214,0.0012,0.1359,0.0008,,-1.0228,0.0844
bob,1,28410125,1215,-0.0008,0.0594,0.0004,,-1.0102,0.0385
bob,1,28410125,1216,0.0006,0.171,0.0008,,-1.0189,0.1029
bob,1,28410125,1217,-0.0029,0.0937,0.0005,,-1.0294,0.0596
bob,1,28410125,1218,0.0011,0.1928,0.0011,,-1.0075,0.1234
bob,1,28410125,1219,-0.0026,0.1178,0.0006,,-1.0238,0.0797
bob,1,28410125,1220,-0.0024,0.103,0.0006,,-1.0071,0.0667
bob,1,28410125,1221,0.0016,0.1446,0.0009,,-1.0066,0.1076
bob,1,28410125,1222,0.0009,0.1688,0.0011,,-1.0146,0.1161
bob,1,28410125,1223,-0.0043,0.1419,0.0009,,-1.0236,0.0947
bob,1,28410125,1224,-0.0034,0.1581,0.0011,,-1.0185,0.1047
bob,1,28410125,1225,-0.0043,0.1477,0.0011,,-1.017,0.0974
bob,1,28410125,1226,-0.0053,0.1366,0.0009,,-1.0378,0.0994
bob,1,28410125,1227,-0.0045,0.1535,0.0012,,-1.0432,0.1053
bob,1,28410125,1228,-0.0033,0.1209,0.0008,,-1.0144,0.0745
bob,1,28410125,1229,-0.0015,0.0782,0.0005,,-1.033,0.057
bob,1,28410125,1230,-0.0035,0.1433,0.001,,-1.0248,0.0979
bob,1,28410125,1231,-0.0032,0.1492,0.0011,,-1.0254,0.1123
bob,1,28410125,1232,0.003,0.1586,0.0011,,-1.0285,0.1036
bob,1,28410125,1233,-0.0058,0.1435,0.001,,-1.0348,0.0885
bob,1,28410125,1234,-0.0034,0.1264,0.0009,,-1.026,0.0825
bob,1,28410125,1235,-0.002,0.1526,0.001,,-1.04,0.096
bob,1,28410125,1236,-0.0017,0.1347,0.0009,,-1.0433,0.0933
bob,1,28410125,1237,-0.0075,0.1658,0.0009,,-1.0453,0.1166
bob,1,28410125,1238,-0.0017,0.137,0.0009,,-1.0395,0.0885
bob,1,28410125,1239,0.0062,0.2443,0.0018,,-1.0346,0.1737
bob,1,28410125,1240,-0.0083,0.2105,0.0013,,-1.0226,0.1394
bob,1,28410125,1241,-0.0053,0.1122,0.0007,,-1.0501,0.0753
bob,1,28410125,1242,-0.0044,0.1374,0.0009,,-1.0625,0.0816
bob,1,28410125,1243,0.0006,0.2045,0.0013,,-1.0368,0.1243
bob,1,28410125,1244,-0.0065,0.1954,0.0012,,-1.0424,0.118
bob,1,28410125,1245,-0.003,0.1749,0.0013,,-1.0603,0.1139
bob,1,28410125,1246,0.0007,0.2322,0.0016,,-1.0567,0.1497
bob,1,28410125,1247,-0.0053,0.1518,0.0011,,-1.0382,0.1111
bob,1,28410125,1248,-0.0035,0.1988,0.0014,,-1.0476,0.1317
bob,1,28410125,1249,-0.0083,0.1468,0.0011,,-1.0606,0.1
bob,1,28410125,1250,-0.0007,0.1534,0.0011,,-1.0364,0.1193
bob,1,28410125,1251,-0.0045,0.1539,0.0011,,-1.0814,0.0857
bob,1,28410125,1252,-0.0003,0.1525,0.0011,,-1.0632,0.1067
bob,1,28410125,1253,0.0028,0.1532,0.0011,,-1.0499,0.105
bob,1,28410125,1254,-0.0003,0.1693,0.0012,,-1.0606,0.0981
bob,1,28410125,1255,-0.0022,0.2088,0.0013,,-1.0368,0.1475
bob,1,28410125,1256,-0.004,0.1809,0.0012,,-1.058,0.1164
bob,1,28410125,1257,-0.004,0.2046,0.0013,,-1.0467,0.1316
bob,1,28410125,1258,0.0007,0.1831,0.0013,,-1.0301,0.1198
bob,1,28410125,1259,-0.005,0.1863,0.0012,,-1.0329,0.1117
bob,1,28410125,1260,-0.0006,0.1786,0.0012,,-1.0376,0.1209
bob,1,28410125,1261,-0.0096,0.1633,0.0011,,-1.0414,0.0931
bob,1,28410125,1262,0.0036,0.1615,0.0012,,-1.0324,0.1144
bob,1,28410125,1263,0.0061,0.1727,0.0012,,-1.0632,0.1053
bob,1,28410125,1264,0.0069,0.2141,0.0013,,-1.0458,0.1292
bob,1,28410125,1265,0.0048,0.2279,0.0018,,-1.0671,0.171
bob,1,28410125,1266,-0.004,0.1974,0.0013,,-1.0214,0.1316
bob,1,28410125,1267,-0.0047,0.1876,0.0013,,-1.0396,0.1196
bob,1,28410125,1268,-0.0005,0.1215,0.0008,,-1.0414,0.064
bob,1,28410125,1269,0.0011,0.1188,0.0008,,-1.0369,0.0861
bob,1,28410125,1270,0.0005,0.2168,0.0013,,-1.045,0.1348
bob,1,28410125,1271,0.0004,0.1933,0.0013,,-1.0654,0.1146
bob,1,28410125,1272,0.0033,0.1691,0.0013,,-1.065,0.1202
bob,1,28410125,1273,0.0023,0.1608,0.0012,,-1.0464,0.1042
bob,1,28410125,1274,-0.0,0.1784,0.0012,,-1.0739,0.1084
bob,1,28410125,1275,0.0002,0.1377,0.0009,,-1.048,0.0884
bob,1,28410125,1276,0.0052,0.1973,0.0014,,-1.0384,0.129
bob,1,28410125,1277,0.0028,0.1743,0.0013,,-1.0507,0.1268
bob,1,28410125,1278,0.0028,0.1695,0.0012,,-1.0745,0.1095
bob,1,28410125,1279,0.0018,0.1395,0.001,,-1.0497,0.0944
bob,1,28410125,1280,-0.0025,0.1964,0.0012,,-1.0662,0.1148
bob,1,28410125,1281,0.0056,0.1935,0.0015,,-1.0277,0.139
bob,1,28410125,1282,-0.0017,0.0783,0.0005,,-1.0414,0.0606
bob,1,28410125,1283,0.0032,0.2168,0.0016,,-1.0385,0.1449
bob,1,28410125,1284,0.006,0.1624,0.0012,,-1.0529,0.1093
bob,1,28410125,1285,0.0042,0.1698,0.0013,,-1.0477,0.1081
bob,1,28410125,1286,0.0019,0.2064,0.0016,,-1.0507,0.1466
bob,1,28410125,1287,0.0019,0.2063,0.0016,,-1.0365,0.1345
bob,1,28410125,1288,0.0049,0.1236,0.0009,,-1.0482,0.0918
bob,1,28410125,1289,0.0057,0.1764,0.0013,,-1.0631,0.1089
bob,1,28410125,1290,0.0074,0.14,0.0011,,-1.0677,0.1082
bob,1,28410125,1291,0.003,0.1612,0.001,,-1.0489,0.1053
bob,1,28410125,1292,0.0042,0.11,0.0008,,-1.0434,0.0899
bob,1,28410125,1293,0.0022,0.1435,0.0009,,-1.0556,0.0963
bob,1,28410125,1294,0.0079,0.2173,0.0015,,-1.0428,0.1408
bob,1,28410125,1295,0.0009,0.167,0.0012,,-1.0478,0.1198
bob,1,28410125,1296,0.0046,0.1793,0.0013,,-1.0809,0.1182
bob,1,28410125,1297,-0.0007,0.1928,0.0013,,-1.057,0.1316
bob,1,28410125,1298,0.0002,0.1406,0.0009,,-1.0495,0.1018
bob,1,28410125,1299,-0.0006,0.2044,0.0012,,-1.042,0.1264
bob,1,28410125,1300,0.0012,0.1395,0.0009,,-1.0294,0.0964
bob,1,28410125,1301,0.0028,0.1208,0.001,,-1.0554,0.0861
bob,1,28410125,1302,0.0054,0.1449,0.0011,,-1.0317,0.095
bob,1,28410125,1303,0.0018,0.1113,0.0007,,-1.0385,0.0777
bob,1,28410125,1304,0.0062,0.1692,0.0012,,-1.045,0.1218
bob,1,28410125,1305,0.0072,0.1203,0.0008,,-1.0256,0.0725
bob,1,28410125,1306,0.006,0.125,0.0008,,-1.0331,0.0947
bob,1,28410125,1307,0.0079,0.1483,0.0011,,-1.0812,0.0963
bob,1,28410125,1308,-0.0033,0.1988,0.0015,,-1.0607,0.1371
bob,1,28410125,1309,-0.0039,0.1716,0.0012,,-1.0515,0.1165
bob,1,28410125,1310,0.0054,0.1997,0.0016,,-1.0732,0.1228
bob,1,28410125,1311,0.0018,0.2375,0.0018,,-1.0655,0.1618
bob,1,28410125,1312,-0.0047,0.2119,0.0014,,-1.0544,0.1386
bob,1,28410125,1313,0.0016,0.2189,0.0013,,-1.0638,0.1429
bob,1,28410125,1314,0.0067,0.1668,0.0012,,-1.0475,0.1378
bob,1,28410125,1315,-0.0027,0.1724,0.0012,,-1.0558,0.1111
bob,1,28410125,1316,0.0019,0.1863,0.0013,,-1.0562,0.1188
bob,1,28410125,1317,-0.0017,0.1471,0.001,,-1.0578,0.0942
bob,1,28413023,1318,0.003,0.0991,0.0004,,-1.013,0.0473
bob,1,28413023,1319,-0.0024,0.1988,0.0009,,-1.0087,0.1119
bob,1,28413023,1320,0.0003,0.1493,0.0006,,-1.0132,0.0885
bob,1,28413023,1321,0.0019,0.2172,0.001,,-1.0139,0.1223
bob,1,28413023,1322,-0.0013,0.1581,0.0007,,-1.0131,0.0963
bob,1,28413023,1323,-0.0009,0.1484,0.0008,,-1.0156,0.0935
bob,1,28413023,1324,-0.0039,0.1061,0.0005,,-1.0195,0.0694
bob,1,28413023,1325,-0.0047,0.165,0.0008,,-1.0177,0.0946
bob,1,28413023,1326,-0.0009,0.1056,0.0005,,-1.024,0.0638
bob,1,28413023,1327,0.0004,0.1558,0.0008,,-1.0164,0.0921
bob,1,28413023,1328,0.0001,0.1459,0.0008,,-1.0054,0.0897
bob,1,28413023,1329,-0.005,0.1449,0.0008,,-1.0199,0.0921
bob,1,28413023,1330,0.0013,0.1682,0.001,,-1.038,0.1069
bob,1,28413023,1331,0.0003,0.1975,0.0011,,-1.0175,0.1216
bob,1,28413023,1332,-0.0048,0.1911,0.0013,,-1.0158,0.1222
bob,1,28413023,1333,-0.002,0.1048,0.0007,,-1.0132,0.0743
bob,1,28413023,1334,-0.0029,0.0534,0.0004,,-1.0098,0.0316
bob,1,28413023,1335,-0.0017,0.118,0.0007,,-1.0126,0.0745
bob,1,28413023,1336,0.0032,0.1328,0.0008,,-1.0272,0.0809
bob,1,28413023,1337,-0.0001,0.1101,0.0007,,-1.0142,0.0793
bob,1,28413023,1338,0.0001,0.165,0.0012,,-1.0259,0.1117
bob,1,28413023,1339,-0.0056,0.2082,0.0013,,-1.0229,0.1314
bob,1,28413023,1340,-0.0001,0.2255,0.0015,,-1.0487,0.1381
bob,1,28413023,1341,-0.0027,0.1554,0.0012,,-1.0472,0.1077
bob,1,28413023,1342,-0.0037,0.1462,0.0011,,-1.03,0.1111
bob,1,28413023,1343,-0.0036,0.1579,0.0013,,-1.0262,0.1009
bob,1,28413023,1344,-0.0046,0.2177,0.0016,,-1.0171,0.1407
bob,1,28413023,1345,-0.001,0.1868,0.0012,,-1.0085,0.1186
bob,1,28413023,1346,-0.0023,0.1592,0.0011,,-1.0372,0.1093
bob,1,28413023,1347,-0.0009,0.1136,0.0008,,-1.0433,0.0691
bob,1,28413023,1348,-0.0002,0.1407,0.0009,,-1.0405,0.0851
bob,1,28413023,1349,-0.0046,0.1857,0.0012,,-1.0258,0.1317
bob,1,28413023,1350,-0.0024,0.2022,0.0014,,-1.0594,0.125
bob,1,28413023,1351,0.0042,0.2307,0.0017,,-1.05,0.163
bob,1,28413023,1352,-0.0082,0.1434,0.0009,,-1.0338,0.092
bob,1,28413023,1353,-0.0009,0.1072,0.0007,,-1.0284,0.0667
bob,1,28413023,1354,-0.0028,0.1602,0.0011,,-1.0424,0.1022
bob,1,28413023,1355,0.005,0.1691,0.0012,,-1.0272,0.1078
bob,1,28413023,1356,0.0011,0.1418,0.0009,,-1.0429,0.0899
bob,1,28413023,1357,-0.0018,0.2289,0.0015,,-1.0492,0.1522
bob,1,28413023,1358,-0.0064,0.1252,0.0008,,-1.0238,0.0756
bob,1,28413023,1359,-0.0008,0.17,0.0011,,-1.0308,0.1198
bob,1,28413023,1360,-0.0015,0.1566,0.0011,,-1.0383,0.0947
bob,1,28413023,1361,-0.0004,0.1376,0.0009,,-1.0403,0.0978
bob,1,28413023,1362,-0.0014,0.1096,0.0006,,-1.0586,0.0643
bob,1,28413023,1363,0.0003,0.1506,0.0009,,-1.0481,0.0874
bob,1,28413023,1364,-0.0017,0.1167,0.0008,,-1.0388,0.076
bob,1,28413023,1365,-0.0008,0.184,0.0012,,-1.0405,0.1094
bob,1,28413023,1366,0.0,0.1411,0.0009,,-1.0269,0.0896
bob,1,28413023,1367,-0.0043,0.2299,0.0014,,-1.0561,0.1218
bob,1,28413023,1368,0.0006,0.1804,0.0012,,-1.0428,0.1223
bob,1,28413023,1369,0.0019,0.2149,0.0013,,-1.065,0.1215
bob,1,28413023,1370,-0.0012,0.2233,0.0014,,-1.0608,0.1351
bob,1,28413023,1371,-0.0035,0.1588,0.0011,,-1.0394,0.0974
bob,1,28413023,1372,0.0015,0.1512,0.001,,-1.0541,0.0952
bob,1,28413023,1373,-0.0018,0.1274,0.0008,,-1.0284,0.0838
bob,1,28413023,1374,0.0033,0.1318,0.0008,,-1.038,0.0765
bob,1,28413023,1375,-0.0009,0.1671,0.001,,-1.0644,0.0919
bob,1,28413023,1376,0.0055,0.1511,0.0009,,-1.0504,0.0983
bob,1,28413023,1377,-0.0014,0.1707,0.0011,,-1.0456,0.1053
bob,1,28413023,1378,0.0064,0.1789,0.0011,,-1.0469,0.117
bob,1,28413023,1379,0.001,0.2394,0.0015,,-1.0307,0.1477
bob,1,28413023,1380,-0.0056,0.1626,0.0011,,-1.061,0.116
bob,1,28413023,1381,-0.0028,0.1505,0.0009,,-1.0385,0.0829
bob,1,28413023,1382,-0.0086,0.1746,0.0011,,-1.0644,0.1064
bob,1,28413023,1383,0.0007,0.2032,0.0013,,-1.059,0.1295
bob,1,28413023,1384,-0.0009,0.1907,0.001,,-1.0718,0.1073
bob,1,28413023,1385,0.0039,0.1968,0.0012,,-1.0557,0.1287
bob,1,28413023,1386,0.0037,0.1673,0.001,,-1.0371,0.1131
bob,1,28413023,1387,0.0012,0.1913,0.0012,,-1.0497,0.1176
bob,1,28413023,1388,0.0058,0.1599,0.0011,,-1.0396,0.099
bob,1,28413023,1389,-0.003,0.1108,0.0007,,-1.0309,0.0741
bob,1,28413023,1390,0.0012,0.1492,0.001,,-1.0264,0.0995
bob,1,28413023,1391,0.0005,0.142,0.0009,,-1.0527,0.0909
bob,1,28413023,1392,0.0016,0.158,0.0011,,-1.0391,0.1075
bob,1,28413023,1393,-0.0016,0.1336,0.0011,,-1.0636,0.0909
bob,1,28413023,1394,0.0079,0.175,0.0011,,-1.0375,0.122
bob,1,28413023,1395,-0.005,0.2081,0.0012,,-1.0473,0.1236
bob,1,28413023,1396,0.0079,0.156,0.001,,-1.0282,0.0952
bob,1,28413023,1397,-0.0056,0.1599,0.0009,,-1.0596,0.108
bob,1,28413023,1398,0.0017,0.165,0.0012,,-1.0542,0.1111
bob,1,28413023,1399,0.0028,0.1675,0.0011,,-1.0502,0.1066
bob,1,28413023,1400,0.0022,0.1993,0.0013,,-1.064,0.1389
bob,1,28413023,1401,0.005,0.1606,0.0012,,-1.0573,0.1183
bob,1,28413023,1402,-0.0,0.1431,0.001,,-1.0572,0.0952
bob,1,28413023,1403,-0.0007,0.1503,0.0011,,-1.0568,0.1117
bob,1,28413023,1404,0.0045,0.1368,0.0009,,-1.0533,0.0939
bob,1,28413023,1405,-0.0007,0.2233,0.0013,,-1.0419,0.1271
bob,1,28413023,1406,0.0043,0.1427,0.0009,,-1.0379,0.1
bob,1,28413023,1407,0.0042,0.1752,0.0012,,-1.058,0.1381
bob,1,28413023,1408,0.005,0.1235,0.0008,,-1.0416,0.0862
bob,1,28413023,1409,0.0055,0.1796,0.0013,,-1.0369,0.1327
bob,1,28413023,1410,-0.004,0.2496,0.0016,,-1.0463,0.1593
bob,1,28413023,1411,0.0058,0.2014,0.0013,,-1.055,0.1444
bob,1,28413023,1412,0.0034,0.1726,0.0013,,-1.044,0.1152
bob,1,28413023,1413,0.0021,0.1639,0.0011,,-1.0515,0.1038
bob,1,28413023,1414,0.0033,0.1518,0.0011,,-1.033,0.1148
bob,1,28413023,1415,0.0054,0.1719,0.0013,,-1.0551,0.1038
bob,1,28413023,1416,-0.0012,0.1179,0.0008,,-1.062,0.0777
bob,1,28413023,1417,0.0034,0.1634,0.0011,,-1.0689,0.125
bob,1,28413023,1418,-0.002,0.1939,0.0013,,-1.0568,0.1173
bob,1,28413023,1419,-0.0004,0.1924,0.0014,,-1.0424,0.1269
bob,1,28413023,1420,0.001,0.2322,0.0016,,-1.0725,0.1315
bob,1,28413023,1421,-0.001,0.18,0.0013,,-1.0532,0.1283
bob,1,28413023,1422,0.0003,0.1454,0.001,,-1.0602,0.0957
bob,1,28413023,1423,-0.0046,0.1919,0.0012,,-1.0353,0.113
bob,1,28413023,1424,0.0013,0.2246,0.0016,,-1.0505,0.1362
bob,1,28413023,1425,-0.0019,0.127,0.0008,,-1.0492,0.0824
bob,1,28413023,1426,0.0028,0.1766,0.0011,,-1.06,0.1064
bob,1,28422449,1427,0.0015,0.1672,0.0006,,-1.0128,0.0902
bob,1,28422449,1428,0.0045,0.221,0.0009,,-1.0229,0.1316
bob,1,28422449,1429,-0.0035,0.1449,0.0006,,-1.0073,0.087
bob,1,28422449,1430,-0.002,0.1166,0.0006,,-1.0088,0.0769
bob,1,28422449,1431,-0.0007,0.1388,0.0007,,-1.0093,0.0845
bob,1,28422449,1432,0.0014,0.1629,0.0009,,-1.0129,0.1027
bob,1,28422449,1433,-0.001,0.124,0.0006,,-1.0133,0.0758
bob,1,28422449,1434,0.0007,0.0889,0.0005,,-1.0094,0.0548
bob,1,28422449,1435,0.002,0.0959,0.0005,,-1.0048,0.0611
bob,1,28422449,1436,0.0014,0.1698,0.0009,,-1.0113,0.1042
bob,1,28422449,1437,-0.0013,0.1151,0.0006,,-1.0269,0.0833
bob,1,28422449,1438,-0.0022,0.1476,0.0009,,-1.0203,0.0926
bob,1,28422449,1439,-0.0025,0.1028,0.0006,,-1.0257,0.0679
bob,1,28422449,1440,-0.0007,0.1253,0.0008,,-1.0294,0.0798
bob,1,28422449,1441,0.0016,0.178,0.0011,,-1.0148,0.1166
bob,1,28422449,1442,-0.0029,0.1049,0.0006,,-1.0099,0.0921
bob,1,28422449,1443,-0.001,0.1788,0.0012,,-1.011,0.1149
bob,1,28422449,1444,-0.0077,0.084,0.0005,,-1.0203,0.0724
bob,1,28422449,1445,-0.0038,0.1033,0.0006,,-1.0155,0.0723
bob,1,28422449,1446,0.0008,0.1344,0.0009,,-1.0266,0.095
bob,1,28422449,1447,-0.0033,0.1236,0.0008,,-1.0113,0.0741
bob,1,28422449,1448,-0.0007,0.1213,0.0009,,-1.0205,0.0904
bob,1,28422449,1449,-0.0052,0.1167,0.0007,,-1.0358,0.0694
bob,1,28422449,1450,-0.0007,0.2077,0.0014,,-1.0287,0.1366
bob,1,28422449,1451,0.0018,0.2117,0.0013,,-1.0153,0.1377
bob,1,28422449,1452,-0.0034,0.1478,0.001,,-1.02,0.1092
bob,1,28422449,1453,-0.0046,0.1494,0.0011,,-1.0363,0.1087
bob,1,28422449,1454,-0.0004,0.1221,0.0008,,-1.0344,0.0757
bob,1,28422449,1455,0.0017,0.1579,0.0011,,-1.0444,0.1056
bob,1,28422449,1456,-0.0014,0.1482,0.0009,,-1.0347,0.0898
bob,1,28422449,1457,-0.0042,0.1472,0.0009,,-1.0214,0.0958
bob,1,28422449,1458,0.0042,0.1303,0.0009,,-1.0254,0.0863
bob,1,28422449,1459,-0.0017,0.1233,0.0009,,-1.0531,0.0856
bob,1,28422449,1460,-0.0002,0.1449,0.0008,,-1.0131,0.0888
bob,1,28422449,1461,-0.0013,0.1914,0.0012,,-1.0254,0.1333
bob,1,28422449,1462,-0.0052,0.1352,0.0009,,-1.0253,0.0934
bob,1,28422449,1463,0.0019,0.1593,0.0011,,-1.0413,0.1031
bob,1,28422449,1464,0.0038,0.245,0.0015,,-1.0146,0.152
bob,1,28422449,1465,-0.0088,0.1758,0.0011,,-1.0321,0.1027
bob,1,28422449,1466,0.0002,0.1464,0.001,,-1.0364,0.1017
bob,1,28422449,1467,0.0005,0.1587,0.0011,,-1.0281,0.1033
bob,1,28422449,1468,-0.0057,0.1103,0.0008,,-1.0407,0.0737
bob,1,28422449,1469,0.0011,0.2062,0.0013,,-1.0207,0.1276
bob,1,28422449,1470,-0.0023,0.1838,0.0012,,-1.0352,0.1105
bob,1,28422449,1471,-0.0102,0.1653,0.0011,,-1.0319,0.0969
bob,1,28422449,1472,0.0018,0.1872,0.0012,,-1.0274,0.1243
bob,1,28422449,1473,-0.0007,0.1548,0.0011,,-1.0591,0.1068
bob,1,28422449,1474,0.0035,0.2064,0.0015,,-1.0247,0.1313
bob,1,28422449,1475,-0.0055,0.2214,0.0013,,-1.0345,0.1292
bob,1,28422449,1476,-0.0005,0.1875,0.0013,,-1.038,0.1285
bob,1,28422449,1477,-0.0035,0.1556,0.0011,,-1.064,0.1
bob,1,28422449,1478,0.0002,0.2375,0.0015,,-1.0488,0.1453
bob,1,28422449,1479,0.0007,0.2024,0.0015,,-1.0473,0.1497
bob,1,28422449,1480,-0.0036,0.1871,0.0013,,-1.0461,0.1387
bob,1,28422449,1481,0.0012,0.1693,0.0011,,-1.0445,0.0995
bob,1,28422449,1482,0.0015,0.1356,0.0009,,-1.0351,0.0968
bob,1,28422449,1483,-0.0051,0.1364,0.0009,,-1.0483,0.0788
bob,1,28422449,1484,-0.0044,0.1735,0.0012,,-1.0567,0.1
bob,1,28422449,1485,-0.0027,0.1481,0.0009,,-1.0451,0.0941
bob,1,28422449,1486,-0.0018,0.2411,0.0015,,-1.0358,0.152
bob,1,28422449,1487,0.0017,0.1565,0.0011,,-1.0353,0.0909
bob,1,28422449,1488,0.0093,0.2113,0.0014,,-1.0399,0.1477
bob,1,28422449,1489,0.0006,0.1749,0.0012,,-1.0497,0.1257
bob,1,28422449,1490,-0.0046,0.1593,0.0011,,-1.0312,0.1099
bob,1,28422449,1491,-0.0005,0.219,0.0013,,-1.047,0.1364
bob,1,28422449,1492,0.0021,0.1507,0.0009,,-1.0488,0.1111
bob,1,28422449,1493,0.0025,0.1727,0.0012,,-1.0525,0.1209
bob,1,28422449,1494,-0.0055,0.1443,0.0009,,-1.0637,0.0929
bob,1,28422449,1495,0.0072,0.1704,0.0012,,-1.0439,0.1005
bob,1,28422449,1496,0.0002,0.1057,0.0006,,-1.0449,0.0618
bob,1,28422449,1497,-0.0016,0.1906,0.0012,,-1.0277,0.1264
bob,1,28422449,1498,0.0019,0.2432,0.0017,,-1.0467,0.1641
bob,1,28422449,1499,0.002,0.1705,0.0012,,-1.0483,0.1183
bob,1,28422449,1500,0.0051,0.1813,0.0013,,-1.0613,0.1106
bob,1,28422449,1501,0.0013,0.2105,0.0015,,-1.0517,0.1407
bob,1,28422449,1502,-0.0015,0.1995,0.0013,,-1.0385,0.1231
bob,1,28422449,1503,0.0014,0.149,0.0012,,-1.0444,0.1088
bob,1,28422449,1504,0.0079,0.2109,0.0016,,-1.0308,0.1304
bob,1,28422449,1505,-0.0022,0.2041,0.0014,,-1.0481,0.134
bob,1,28422449,1506,0.0025,0.2186,0.0017,,-1.0565,0.1809
bob,1,28422449,1507,-0.0071,0.1962,0.0015,,-1.062,0.125
bob,1,28422449,1508,0.0026,0.1665,0.0011,,-1.067,0.0989
bob,1,28422449,1509,0.0121,0.2263,0.0017,,-1.0541,0.165
bob,1,28422449,1510,0.0008,0.1516,0.001,,-1.031,0.1111
bob,1,28422449,1511,0.0025,0.2055,0.0015,,-1.0514,0.1351
bob,1,28422449,1512,0.0073,0.1582,0.0013,,-1.0566,0.1117
bob,1,28422449,1513,0.0048,0.1744,0.0012,,-1.0458,0.11
bob,1,28422449,1514,0.0068,0.1656,0.0013,,-1.0516,0.1106
bob,1,28422449,1515,0.008,0.134,0.0009,,-1.0624,0.0933
bob,1,28422449,1516,0.0046,0.1426,0.001,,-1.0444,0.09
bob,1,28422449,1517,0.0068,0.1191,0.001,,-1.0355,0.0863
bob,1,28422449,1518,0.0056,0.1599,0.0009,,-1.0557,0.095
bob,1,28422449,1519,0.0006,0.1504,0.0011,,-1.0491,0.104
bob,1,28422449,1520,0.0008,0.1897,0.0012,,-1.0555,0.1071
bob,1,28422449,1521,-0.0006,0.1898,0.0013,,-1.0465,0.1444
bob,1,28422449,1522,0.005,0.179,0.0013,,-1.0619,0.1256
bob,1,28422449,1523,0.0044,0.1523,0.0011,,-1.0452,0.1152
bob,1,28422449,1524,0.0004,0.1579,0.0011,,-1.0454,0.0952
bob,1,28422449,1525,0.0022,0.1829,0.0013,,-1.0467,0.1156
bob,1,28422449,1526,0.0051,0.2028,0.0015,,-1.037,0.1576
bob,1,28422449,1527,-0.0005,0.2375,0.0016,,-1.0464,0.1495
bob,1,28422449,1528,0.0073,0.2466,0.0019,,-1.0617,0.1771
bob,1,28422449,1529,0.0026,0.1743,0.0012,,-1.0372,0.1209
bob,1,28422449,1530,0.0092,0.1865,0.0014,,-1.0503,0.1238
bob,1,28422449,1531,0.0109,0.2662,0.0019,,-1.0741,0.18
bob,1,28422449,1532,0.0005,0.168,0.0013,,-1.0469,0.1297
bob,1,28422449,1533,0.0063,0.1835,0.0013,,-1.0537,0.1208
bob,1,28422449,1534,-0.0025,0.1391,0.0009,,-1.0661,0.0904
bob,1,28422449,1535,0.0017,0.1618,0.0013,,-1.0458,0.1244
bob,1,28422449,1536,0.0041,0.1495,0.0011,,-1.0481,0.0878
