agent,chain,job_id,local_iter,loss,val,rew,entropy_coef,abc,abc_coef,sr,valid_goals,invalid_goals,avg_xy,max_xy,avg_z
alice,0,28676062,0,0.0053,0.081,3.08,1.0,,,,66,1402,0.02,1.12,
alice,0,28676062,1,0.008,0.1488,3.5593,0.9881,,,,136,1181,0.044,0.963,
alice,0,28676062,2,0.0073,0.1848,3.12,0.9763,,,,193,1028,0.064,1.146,
alice,0,28676062,3,0.0042,0.2355,3.7532,0.9647,,,,208,925,0.071,1.132,
alice,0,28676062,4,0.0065,0.2584,3.2118,0.9533,,,,241,849,0.088,1.347,
alice,0,28676062,5,0.0024,0.2605,3.1899,0.942,,,,252,795,0.091,1.211,
alice,0,28676062,6,0.0093,0.357,2.9912,0.9309,,,,283,676,0.111,1.258,
alice,0,28676062,7,-0.0002,0.3177,2.9903,0.9199,,,,256,742,0.097,1.169,
alice,0,28676062,8,0.0168,0.4409,3.4173,0.909,,,,329,597,0.14,1.131,
alice,0,28676062,9,0.0188,0.4624,3.2071,0.8983,,,,328,545,0.153,1.152,
alice,0,28676062,10,0.0227,0.4315,3.6609,0.8878,,,,337,537,0.171,1.2,
alice,0,28676062,11,0.0284,0.4707,3.0902,0.8773,,,,359,476,0.175,1.192,
alice,0,28676062,12,0.0091,0.4283,3.304,0.8671,,,,338,511,0.176,1.193,
alice,0,28676062,13,0.023,0.4581,3.0292,0.8569,,,,350,486,0.178,1.279,
alice,0,28676062,14,0.0275,0.5518,3.1265,0.8469,,,,379,388,0.219,1.228,
alice,0,28676062,15,0.0178,0.4812,3.1176,0.837,,,,370,440,0.198,1.233,
alice,0,28676062,16,0.0115,0.4981,3.0464,0.8273,,,,372,444,0.191,1.321,
alice,0,28676062,17,0.0177,0.5012,3.7556,0.8176,,,,357,441,0.182,1.079,
alice,0,28676062,18,0.0283,0.5095,3.0779,0.8081,,,,388,404,0.206,1.203,
alice,0,28676062,19,0.0191,0.4952,2.9167,0.7988,,,,361,405,0.204,1.311,
alice,0,28676062,20,0.0228,0.4818,3.7286,0.7895,,,,376,448,0.185,1.26,
alice,0,28676062,21,0.0177,0.4477,3.0942,0.7804,,,,365,425,0.189,1.24,
alice,0,28676062,22,0.0233,0.4876,3.3057,0.7714,,,,380,404,0.201,1.281,
alice,0,28676062,23,0.0236,0.4469,3.3529,0.7625,,,,390,425,0.213,1.258,
alice,0,28676062,24,0.0369,0.5373,3.2368,0.7537,,,,403,336,0.23,1.26,
alice,0,28676062,25,0.0303,0.5028,2.8205,0.7451,,,,415,321,0.237,1.126,
alice,0,28676062,26,0.0139,0.5205,3.3852,0.7366,,,,392,329,0.226,1.141,
alice,0,28676062,27,0.0224,0.4438,2.8986,0.7281,,,,386,384,0.208,1.248,
alice,0,28676062,28,0.033,0.4585,2.7484,0.7198,,,,407,331,0.229,1.448,
alice,0,28676062,29,0.0155,0.5582,3.5273,0.7116,,,,403,310,0.235,1.249,
alice,0,28676062,30,0.0197,0.4323,3.0,0.7035,,,,380,393,0.205,1.216,
alice,0,28676062,31,0.0365,0.5312,3.6519,0.6955,,,,424,313,0.249,1.296,
alice,0,28676062,32,0.0195,0.5168,3.0581,0.6877,,,,413,304,0.245,1.488,
alice,0,28676062,33,0.0068,0.5375,3.0778,0.6799,,,,411,291,0.254,1.305,
alice,0,28676062,34,0.0253,0.5766,3.0165,0.6722,,,,429,271,0.266,1.339,
alice,0,28676062,35,0.0219,0.5211,2.7528,0.6646,,,,419,266,0.267,1.222,
alice,0,28676062,36,0.0294,0.5529,3.4503,0.6572,,,,430,266,0.259,1.268,
alice,0,28676062,37,0.0237,0.5248,3.3188,0.6498,,,,426,278,0.258,1.405,
alice,0,28676062,38,0.0144,0.5136,2.7235,0.6425,,,,420,275,0.26,1.251,
alice,0,28676062,39,0.0221,0.5299,2.9879,0.6353,,,,428,267,0.277,1.315,
alice,0,28676062,40,0.0106,0.4993,3.0387,0.6283,,,,410,286,0.258,1.33,
alice,0,28676062,41,0.0385,0.5714,3.2485,0.6213,,,,440,252,0.283,1.393,
alice,0,28676062,42,0.0184,0.5241,2.6875,0.6144,,,,428,248,0.292,1.115,
alice,0,28676062,43,0.0258,0.5332,2.9583,0.6076,,,,436,222,0.283,1.14,
alice,0,28676062,44,0.0155,0.56,3.2547,0.6009,,,,423,233,0.282,1.395,
alice,0,28676062,45,0.0227,0.5097,3.1585,0.5942,,,,433,272,0.275,1.422,
alice,0,28676062,46,0.024,0.5702,2.8022,0.5877,,,,423,226,0.291,1.391,
alice,0,28676062,47,0.0411,0.5441,3.264,0.5812,,,,437,234,0.29,1.337,
alice,0,28676062,48,0.0376,0.5434,2.732,0.5749,,,,447,217,0.295,1.313,
alice,0,28676062,49,0.0303,0.5154,3.2975,0.5686,,,,441,244,0.284,1.321,
alice,0,28676062,50,0.0259,0.67,3.5978,0.5624,,,,444,178,0.305,1.14,
alice,0,28676062,51,0.0284,0.597,3.1713,0.5563,,,,449,210,0.302,1.256,
alice,0,28676062,52,0.021,0.5969,3.1522,0.5502,,,,447,205,0.306,1.285,
alice,0,28676062,53,0.0209,0.659,3.6961,0.5443,,,,442,208,0.303,1.19,
alice,0,28676062,54,0.0244,0.5113,2.7353,0.5384,,,,453,226,0.285,1.045,
alice,0,28676062,55,0.0057,0.5712,3.1104,0.5326,,,,422,247,0.281,1.225,
alice,0,28676062,56,0.0107,0.6089,3.1784,0.5269,,,,416,240,0.283,1.122,
alice,0,28676062,57,0.0335,0.6306,3.6505,0.5212,,,,445,228,0.279,1.314,
alice,0,28676062,58,0.016,0.5485,3.0113,0.5156,,,,431,241,0.28,1.177,
alice,0,28676062,59,0.0261,0.6214,3.151,0.5101,,,,445,225,0.295,1.275,
alice,0,28676062,60,0.0159,0.5924,3.5389,0.5047,,,,430,240,0.272,1.297,
alice,0,28676062,61,0.022,0.6392,3.6836,0.4994,,,,444,216,0.293,1.125,
alice,0,28676062,62,0.0227,0.5907,3.2989,0.4941,,,,437,230,0.287,1.31,
alice,0,28676062,63,0.0248,0.6202,3.3777,0.4889,,,,442,203,0.28,1.291,
alice,0,28676062,64,0.0188,0.6238,3.5345,0.4837,,,,445,211,0.292,1.295,
alice,0,28676062,65,0.006,0.6529,3.0979,0.4786,,,,448,193,0.292,1.326,
alice,0,28676062,66,0.0085,0.6561,3.0256,0.4736,,,,445,185,0.312,1.258,
alice,0,28676062,67,0.0266,0.6017,2.9436,0.4687,,,,453,193,0.313,1.156,
alice,0,28676062,68,0.0116,0.5887,3.0652,0.4638,,,,449,197,0.299,1.14,
alice,0,28676062,69,0.0294,0.498,2.8354,0.459,,,,443,228,0.289,1.276,
alice,0,28676062,70,0.0165,0.5831,3.2638,0.4542,,,,454,173,0.308,1.245,
alice,0,28676062,71,0.021,0.5902,3.2147,0.4496,,,,453,163,0.344,1.253,
alice,0,28676062,72,0.0136,0.6418,3.0677,0.4449,,,,450,174,0.32,1.212,
alice,0,28676062,73,0.0169,0.6225,3.4645,0.4404,,,,448,200,0.302,1.274,
alice,0,28676062,74,0.026,0.6761,3.2487,0.4359,,,,456,161,0.322,1.198,
alice,0,28676062,75,0.0255,0.6138,3.1444,0.4314,,,,453,177,0.314,1.315,
alice,0,28676062,76,0.026,0.6226,3.1406,0.427,,,,455,159,0.344,1.12,
alice,0,28676062,77,0.0224,0.6277,2.8488,0.4227,,,,461,163,0.325,1.359,
alice,0,28676062,78,0.0233,0.5698,2.9337,0.4184,,,,443,194,0.323,1.496,
alice,0,28676062,79,0.0465,0.5775,2.8827,0.4142,,,,470,137,0.353,1.295,
alice,0,28676062,80,0.0301,0.5292,2.7062,0.4101,,,,467,160,0.333,1.144,
alice,0,28676062,81,0.034,0.5368,2.7917,0.406,,,,460,152,0.326,1.201,
alice,0,28676062,82,0.0284,0.5106,2.8084,0.4019,,,,459,155,0.348,1.436,
alice,0,28676062,83,0.0173,0.5942,3.3879,0.3979,,,,454,143,0.342,1.17,
alice,0,28676062,84,0.0153,0.577,3.4762,0.394,,,,458,158,0.344,1.187,
alice,0,28676062,85,0.0188,0.6194,2.9468,0.3901,,,,438,172,0.323,1.379,
alice,0,28676062,86,0.0385,0.6337,3.1584,0.3863,,,,467,143,0.347,1.33,
alice,0,28676062,87,0.038,0.5951,2.7389,0.3825,,,,464,158,0.341,1.611,
alice,0,28676062,88,0.0175,0.6145,2.8535,0.3787,,,,435,194,0.317,1.223,
alice,0,28676062,89,0.0459,0.5628,3.1944,0.375,,,,459,181,0.346,1.234,
alice,0,28676062,90,0.0308,0.59,2.8,0.3714,,,,471,136,0.354,1.169,
alice,0,28676062,91,0.0393,0.6153,3.1957,0.3678,,,,462,146,0.343,1.231,
alice,0,28676062,92,0.039,0.5573,2.9195,0.3643,,,,462,145,0.348,1.198,
alice,0,28676062,93,0.0354,0.5291,2.807,0.3608,,,,466,163,0.347,1.265,
alice,0,28676062,94,0.0374,0.5748,3.1455,0.3573,,,,475,132,0.367,1.332,
alice,0,28676062,95,0.0126,0.5764,2.452,0.3539,,,,444,158,0.336,1.153,
alice,0,28676062,96,0.0142,0.6005,3.0615,0.3506,,,,448,182,0.33,1.365,
alice,0,28676062,97,0.0192,0.6411,2.9122,0.3472,,,,461,148,0.336,1.319,
alice,0,28676062,98,0.0344,0.6799,3.2338,0.344,,,,476,125,0.365,1.337,
alice,0,28676062,99,0.0288,0.6276,3.1915,0.3407,,,,474,124,0.354,1.179,
alice,0,28676062,100,0.032,0.6189,2.8889,0.3376,,,,472,124,0.367,1.308,
alice,0,28676062,101,0.0395,0.5884,2.918,0.3344,,,,478,116,0.391,1.206,
alice,0,28676062,102,0.0395,0.5517,2.7964,0.3313,,,,474,107,0.389,1.042,
alice,0,28676062,103,0.0268,0.5859,2.7514,0.3282,,,,470,119,0.381,1.108,
alice,0,28676062,104,0.0262,0.5785,2.8715,0.3252,,,,485,97,0.396,1.186,
alice,0,28676062,105,0.0284,0.577,2.5027,0.3222,,,,485,88,0.383,1.2,
alice,0,28676062,106,0.0237,0.5875,2.8045,0.3193,,,,480,82,0.421,1.27,
alice,0,28676062,107,0.0317,0.6187,3.0435,0.3164,,,,485,82,0.405,1.214,
alice,0,28676062,108,0.0268,0.6808,3.0979,0.3135,,,,483,97,0.394,1.53,
alice,0,28676062,109,0.028,0.5994,2.7857,0.3107,,,,473,116,0.38,1.498,
alice,0,28676062,110,0.034,0.5819,2.8564,0.3079,,,,475,111,0.396,1.328,
alice,0,28676062,111,0.039,0.6321,2.9303,0.3052,,,,486,72,0.423,1.352,
alice,0,28676062,112,0.0417,0.6078,3.1865,0.3025,,,,490,74,0.427,1.293,
alice,0,28676062,113,0.0438,0.5966,3.0262,0.2998,,,,488,83,0.422,1.277,
alice,0,28676062,114,0.0338,0.5784,3.0638,0.2971,,,,477,93,0.406,1.244,
alice,0,28676062,115,0.0327,0.5281,2.5351,0.2945,,,,481,121,0.398,1.299,
alice,0,28676062,116,-0.0026,0.6339,3.4451,0.292,,,,417,209,0.302,1.151,
alice,0,28676062,117,0.0507,0.542,3.0466,0.2894,,,,481,167,0.336,1.272,
alice,0,28676062,118,0.0356,0.5664,3.0378,0.2869,,,,463,145,0.341,1.202,
alice,0,28676062,119,0.0412,0.5606,3.0212,0.2844,,,,478,115,0.39,1.18,
alice,0,28676062,120,0.0506,0.5853,2.7621,0.282,,,,475,93,0.407,1.193,
alice,0,28676062,121,0.0672,0.632,3.1333,0.2796,,,,493,76,0.402,1.251,
alice,0,28676062,122,0.0547,0.6427,2.9343,0.2772,,,,490,60,0.416,1.187,
alice,0,28676062,123,0.0691,0.5587,2.8756,0.2749,,,,489,82,0.416,1.258,
alice,0,28676062,124,0.0619,0.5597,2.5096,0.2726,,,,500,51,0.446,1.274,
alice,0,28676062,125,0.051,0.6561,2.7826,0.2703,,,,480,76,0.428,1.295,
alice,0,28676062,126,0.0419,0.6235,2.9212,0.268,,,,465,134,0.371,1.315,
alice,0,28676062,127,0.0409,0.5626,2.71,0.2658,,,,455,152,0.357,1.294,
alice,0,28676062,128,0.0423,0.631,2.7822,0.2636,,,,485,79,0.412,1.389,
alice,0,28676062,129,0.0558,0.7036,3.1826,0.2614,,,,490,52,0.428,1.191,
alice,0,28676062,130,0.0651,0.5937,2.7431,0.2593,,,,489,79,0.422,1.259,
alice,0,28676062,131,0.0664,0.6403,2.9276,0.2572,,,,497,60,0.437,1.074,
alice,0,28676062,132,0.0623,0.6723,3.2731,0.2551,,,,494,53,0.437,1.177,
alice,0,28676062,133,0.0346,0.5738,2.8128,0.2531,,,,465,123,0.38,1.258,
alice,0,28676062,134,0.0355,0.6363,3.0476,0.251,,,,472,114,0.363,1.334,
alice,0,28676062,135,0.0459,0.6958,3.1991,0.249,,,,487,72,0.416,1.259,
alice,0,28676062,136,0.0603,0.6716,3.296,0.2471,,,,493,73,0.42,1.201,
alice,0,28676062,137,0.0677,0.6179,3.2347,0.2451,,,,495,71,0.423,1.169,
alice,0,28676062,138,0.0551,0.5738,2.8744,0.2432,,,,498,56,0.448,1.346,
alice,0,28676062,139,0.0682,0.6059,2.9272,0.2413,,,,496,52,0.426,1.292,
alice,0,28676062,140,0.0599,0.6161,3.0245,0.2394,,,,496,56,0.433,1.249,
alice,0,28676062,141,0.0417,0.587,2.8261,0.2376,,,,492,55,0.467,1.375,
alice,0,28676062,142,0.0638,0.6419,2.9528,0.2358,,,,488,54,0.444,1.323,
alice,0,28676062,143,0.0749,0.6111,3.0142,0.234,,,,496,58,0.429,1.17,
alice,0,28676062,144,0.0596,0.5834,2.851,0.2322,,,,503,57,0.431,1.315,
alice,0,28676062,145,0.0411,0.5885,2.7563,0.2305,,,,505,50,0.446,1.265,
alice,0,28676062,146,0.0363,0.6045,2.6368,0.2287,,,,490,45,0.452,1.071,
alice,0,28676062,147,0.0376,0.6185,3.1526,0.227,,,,473,100,0.392,1.29,
alice,0,28676062,148,0.0533,0.6406,3.1408,0.2253,,,,499,64,0.421,1.329,
alice,0,28676062,149,0.0495,0.6383,2.7615,0.2237,,,,503,37,0.469,1.121,
alice,0,28676062,150,0.0464,0.5283,2.3738,0.222,,,,506,31,0.464,1.243,
alice,0,28676062,151,0.0493,0.5589,2.5072,0.2204,,,,505,35,0.483,1.146,
alice,0,28676062,152,0.065,0.5352,2.8402,0.2188,,,,488,65,0.415,1.372,
alice,0,28676062,153,0.0739,0.5669,2.9606,0.2173,,,,497,58,0.423,1.302,
alice,0,28676062,154,0.0614,0.6362,2.8611,0.2157,,,,501,49,0.439,1.321,
alice,0,28676062,155,0.0671,0.5717,2.8042,0.2142,,,,493,76,0.419,1.184,
alice,0,28676062,156,0.0762,0.5771,2.75,0.2127,,,,508,42,0.459,1.187,
alice,0,28676062,157,0.0619,0.5228,2.8715,0.2112,,,,502,47,0.453,1.151,
alice,0,28676062,158,0.0619,0.5035,2.2938,0.2097,,,,498,36,0.473,1.294,
alice,0,28676062,159,0.0683,0.5229,2.6455,0.2083,,,,489,50,0.464,1.266,
alice,0,28676062,160,0.0583,0.5787,2.61,0.2068,,,,497,33,0.47,1.197,
alice,0,28676062,161,0.0372,0.5415,2.5233,0.2054,,,,485,76,0.43,1.166,
alice,0,28676062,162,0.0596,0.5211,2.7337,0.204,,,,502,58,0.428,1.218,
alice,0,28676062,163,0.0398,0.5842,2.7111,0.2026,,,,501,63,0.432,1.338,
alice,0,28676062,164,0.0597,0.5237,2.3483,0.2013,,,,498,45,0.484,1.332,
alice,0,28676062,165,0.0308,0.565,2.3315,0.1999,,,,493,38,0.494,1.312,
alice,0,28676062,166,0.053,0.5529,2.8587,0.1986,,,,502,31,0.493,1.218,
alice,0,28676062,167,0.0509,0.5318,2.3636,0.1973,,,,498,27,0.494,1.179,
alice,0,28676062,168,0.0643,0.5961,2.4057,0.196,,,,504,24,0.498,1.182,
alice,0,28676062,169,0.0622,0.5748,2.7755,0.1948,,,,510,27,0.495,1.347,
alice,0,28676062,170,0.0494,0.5641,2.495,0.1935,,,,497,30,0.472,1.213,
alice,0,28676062,171,0.0753,0.5476,3.0053,0.1923,,,,498,54,0.465,1.284,
alice,0,28676062,172,0.0595,0.5269,2.1549,0.191,,,,501,43,0.483,1.334,
alice,0,28676062,173,0.0724,0.5447,3.0163,0.1898,,,,500,38,0.477,1.204,
alice,0,28676062,174,0.058,0.5398,2.4821,0.1887,,,,505,28,0.491,1.174,
alice,0,28676062,175,0.0544,0.5433,2.9337,0.1875,,,,512,14,0.502,1.269,
alice,0,28676062,176,0.055,0.5541,2.4372,0.1863,,,,495,29,0.468,1.216,
alice,0,28676062,177,0.0483,0.574,2.8404,0.1852,,,,502,13,0.519,1.236,
alice,0,28676062,178,0.0625,0.5293,2.6714,0.1841,,,,501,34,0.488,1.159,
alice,0,28676062,179,0.0588,0.5791,2.7524,0.1829,,,,463,108,0.413,1.315,
alice,0,28676062,180,0.0806,0.5541,2.8429,0.1818,,,,490,98,0.407,1.175,
alice,0,28676062,181,0.0691,0.6138,2.8317,0.1808,,,,489,85,0.411,1.342,
alice,0,28676062,182,0.0644,0.5627,2.7806,0.1797,,,,492,62,0.425,1.229,
alice,0,28676062,183,0.0651,0.5465,3.2473,0.1786,,,,507,43,0.469,1.218,
alice,0,28676062,184,0.0739,0.5304,2.4129,0.1776,,,,501,38,0.482,1.272,
alice,0,28676062,185,0.0518,0.4937,1.9856,0.1766,,,,502,32,0.486,1.263,
alice,0,28676062,186,0.0636,0.4868,2.4767,0.1756,,,,498,31,0.489,1.183,
alice,0,28676062,187,0.0662,0.5106,2.6447,0.1746,,,,513,18,0.517,1.361,
alice,0,28676062,188,0.0513,0.5,2.4691,0.1736,,,,504,16,0.491,1.236,
alice,0,28676062,189,0.0565,0.546,2.4384,0.1726,,,,508,16,0.515,1.269,
alice,0,28676062,190,0.0571,0.5957,2.35,0.1716,,,,506,13,0.521,1.357,
alice,0,28676062,191,0.0665,0.576,2.678,0.1707,,,,506,21,0.502,1.282,
alice,0,28676062,192,0.06,0.5281,2.5268,0.1698,,,,509,18,0.517,1.178,
alice,0,28676062,193,0.0574,0.5128,2.4327,0.1688,,,,509,15,0.495,1.275,
alice,0,28676062,194,0.0681,0.4988,2.2437,0.1679,,,,485,64,0.46,1.277,
alice,0,28676062,195,0.0631,0.4857,2.4951,0.167,,,,506,38,0.487,1.195,
alice,0,28676062,196,0.0709,0.504,2.381,0.1661,,,,509,15,0.505,1.226,
alice,0,28676062,197,0.0636,0.4475,2.0955,0.1653,,,,502,24,0.515,1.385,
alice,0,28676062,198,0.0892,0.4339,2.4895,0.1644,,,,507,27,0.499,1.328,
alice,0,28676062,199,0.0593,0.5,2.3483,0.1635,,,,501,18,0.504,1.203,
alice,0,28676062,200,0.0644,0.4825,2.3623,0.1627,,,,508,13,0.53,1.232,
alice,0,28676062,201,0.1148,0.4349,2.125,0.1619,,,,508,20,0.51,1.418,
alice,0,28676062,202,0.0751,0.5063,2.4335,0.1611,,,,501,19,0.509,1.253,
alice,0,28676062,203,0.0665,0.5032,2.6904,0.1602,,,,505,25,0.503,1.17,
alice,0,28676062,204,0.0683,0.4939,2.0701,0.1594,,,,511,19,0.525,1.236,
alice,0,28676062,205,0.0838,0.5351,1.9111,0.1587,,,,503,14,0.526,1.37,
alice,0,28676062,206,0.0644,0.458,2.2764,0.1579,,,,516,10,0.54,1.221,
alice,0,28676062,207,0.0854,0.4507,2.75,0.1571,,,,508,15,0.519,1.361,
alice,0,28676062,208,0.0643,0.4633,2.3005,0.1564,,,,513,25,0.514,1.359,
alice,0,28676062,209,0.0592,0.5081,2.0547,0.1556,,,,508,3,0.507,1.309,
alice,0,28676062,210,0.0748,0.5235,2.6175,0.1549,,,,497,23,0.526,1.183,
alice,0,28676062,211,0.059,0.5465,2.6649,0.1542,,,,485,67,0.435,1.232,
alice,0,28676062,212,0.0758,0.5219,2.3627,0.1534,,,,493,53,0.44,1.146,
alice,0,28676062,213,0.0829,0.5258,2.7989,0.1527,,,,509,35,0.46,1.168,
alice,0,28676062,214,0.0878,0.5079,2.1518,0.152,,,,507,31,0.497,1.282,
alice,0,28676062,215,0.0696,0.4736,2.0718,0.1513,,,,501,16,0.506,1.223,
alice,0,28676062,216,0.0775,0.4944,2.2879,0.1507,,,,504,15,0.503,1.229,
alice,0,28676062,217,0.0527,0.5035,2.4579,0.15,,,,489,38,0.493,1.323,
alice,0,28676062,218,0.0507,0.5119,2.3839,0.1493,,,,510,16,0.496,1.274,
alice,0,28676062,219,0.062,0.5093,2.242,0.1487,,,,507,9,0.534,1.318,
alice,0,28676062,220,0.0599,0.4611,2.4717,0.148,,,,504,13,0.532,1.454,
alice,0,28676062,221,0.0902,0.4723,2.1351,0.1474,,,,507,12,0.498,1.162,
alice,0,28676062,222,0.0635,0.5169,2.2297,0.1468,,,,507,15,0.514,1.148,
alice,0,28676062,223,0.0983,0.5145,2.6746,0.1462,,,,503,22,0.511,1.359,
alice,0,28676062,224,0.0881,0.5268,2.2751,0.1455,,,,506,18,0.51,1.182,
alice,0,28676062,225,0.0961,0.5351,2.3144,0.1449,,,,506,14,0.52,1.305,
alice,0,28676062,226,0.0741,0.5521,2.6396,0.1443,,,,505,9,0.513,1.348,
alice,0,28676062,227,0.1014,0.5454,2.4052,0.1438,,,,507,13,0.511,1.37,
alice,0,28676062,228,0.0875,0.5185,2.6318,0.1432,,,,504,21,0.508,1.316,
alice,0,28676062,229,0.0978,0.5128,2.6881,0.1426,,,,514,17,0.506,1.123,
alice,0,28676062,230,0.0802,0.4973,2.3532,0.142,,,,510,12,0.522,1.289,
alice,0,28676062,231,0.0984,0.4656,2.5072,0.1415,,,,518,6,0.543,1.244,
alice,0,28676062,232,0.1067,0.4551,2.4229,0.1409,,,,505,21,0.531,1.272,
alice,0,28676062,233,0.0665,0.4905,2.3148,0.1404,,,,506,12,0.534,1.316,
alice,0,28676062,234,0.0979,0.4721,2.3178,0.1399,,,,508,16,0.527,1.446,
alice,0,28676062,235,0.0739,0.3947,2.1527,0.1393,,,,511,15,0.519,1.204,
alice,0,28676062,236,0.102,0.4717,2.5678,0.1388,,,,511,16,0.519,1.306,
alice,0,28676062,237,0.0873,0.4478,2.1592,0.1383,,,,507,18,0.521,1.339,
alice,0,28676062,238,0.0794,0.5094,2.5871,0.1378,,,,503,30,0.523,1.328,
alice,0,28676062,239,0.0836,0.5374,2.6354,0.1373,,,,489,86,0.435,1.461,
alice,0,28676062,240,0.0664,0.5236,3.0543,0.1368,,,,497,71,0.439,1.176,
alice,0,28676062,241,0.0917,0.4797,2.4479,0.1363,,,,500,49,0.488,1.357,
alice,0,28676062,242,0.0819,0.5024,2.375,0.1358,,,,498,34,0.494,1.244,
alice,0,28676062,243,0.0904,0.5173,2.4019,0.1354,,,,510,26,0.505,1.225,
alice,0,28676062,244,0.0903,0.5032,2.8594,0.1349,,,,511,14,0.523,1.228,
alice,0,28676062,245,0.0979,0.4557,1.8585,0.1344,,,,510,13,0.536,1.276,
alice,0,28676062,246,0.0821,0.4536,2.3053,0.134,,,,509,15,0.522,1.294,
alice,0,28676062,247,0.0951,0.4045,2.0217,0.1335,,,,515,18,0.53,1.342,
alice,0,28676062,248,0.0814,0.4796,1.8627,0.1331,,,,502,12,0.536,1.176,
alice,0,28676062,249,0.0737,0.4231,1.8,0.1326,,,,501,11,0.529,1.219,
alice,0,28676062,250,0.0906,0.5212,2.4585,0.1326,,,,508,18,0.504,1.249,
alice,0,28676062,251,0.0837,0.4658,2.34,0.1326,,,,505,13,0.532,1.292,
alice,0,28676062,252,0.0743,0.4624,2.402,0.1326,,,,516,6,0.539,1.298,
alice,0,28676062,253,0.0953,0.4642,2.024,0.1326,,,,504,9,0.55,1.249,
alice,0,28676062,254,0.078,0.5024,2.0591,0.1326,,,,514,4,0.53,1.182,
alice,0,28676062,255,0.0941,0.4528,2.4363,0.1326,,,,508,11,0.515,1.352,
alice,0,28676062,256,0.0839,0.5036,2.4545,0.1326,,,,504,14,0.522,1.253,
alice,0,28676062,257,0.0764,0.4888,2.4648,0.1326,,,,508,10,0.536,1.359,
alice,0,28676062,258,0.1011,0.4829,2.2243,0.1326,,,,515,12,0.537,1.273,
alice,0,28676062,259,0.0975,0.4843,2.4505,0.1326,,,,511,17,0.519,1.244,
alice,0,28676062,260,0.0891,0.4325,2.2995,0.1326,,,,506,11,0.531,1.376,
alice,0,28676062,261,0.1014,0.4642,2.3668,0.1326,,,,510,19,0.516,1.284,
alice,0,28676062,262,0.0722,0.4756,2.3317,0.1326,,,,512,13,0.524,1.267,
alice,0,28676062,263,0.0983,0.4928,2.4872,0.1326,,,,510,9,0.528,1.151,
alice,0,28676062,264,0.0624,0.4474,2.2092,0.1326,,,,508,10,0.515,1.221,
alice,0,28676062,265,0.1136,0.559,2.2353,0.1326,,,,508,9,0.539,1.34,
alice,0,28676062,266,0.0795,0.4687,2.1333,0.1326,,,,508,6,0.537,1.359,
alice,0,28676062,267,0.1027,0.4446,2.6598,0.1326,,,,511,4,0.563,1.283,
alice,0,28676062,268,0.0982,0.4362,2.2139,0.1326,,,,509,6,0.547,1.36,
alice,0,28676062,269,0.0998,0.4202,2.3182,0.1326,,,,515,8,0.527,1.319,
alice,0,28676062,270,0.1347,0.4381,2.1287,0.1326,,,,513,9,0.539,1.335,
alice,0,28676062,271,0.0866,0.4769,2.5233,0.1326,,,,516,12,0.526,1.421,
alice,0,28676062,272,0.1024,0.5151,2.6649,0.1326,,,,511,12,0.52,1.193,
alice,0,28676062,273,0.0916,0.4351,1.9036,0.1326,,,,507,9,0.548,1.426,
alice,0,28676062,274,0.1054,0.42,2.288,0.1326,,,,509,8,0.562,1.265,
alice,0,28676062,275,0.1121,0.4493,2.04,0.1326,,,,508,11,0.538,1.283,
alice,0,28676062,276,0.0762,0.5265,2.7258,0.1326,,,,496,36,0.508,1.202,
alice,0,28676062,277,0.1131,0.5119,2.598,0.1326,,,,509,19,0.521,1.169,
alice,0,28676062,278,0.0856,0.4451,2.0495,0.1326,,,,511,19,0.532,1.292,
alice,0,28676062,279,0.1081,0.4077,2.1244,0.1326,,,,500,23,0.527,1.273,
alice,0,28676062,280,0.0867,0.4938,2.6108,0.1326,,,,500,37,0.49,1.325,
alice,0,28676062,281,0.0868,0.4882,2.4455,0.1326,,,,507,14,0.53,1.107,
alice,0,28676062,282,0.1048,0.4551,2.3981,0.1326,,,,513,20,0.541,1.361,
alice,0,28676062,283,0.1003,0.4935,2.1062,0.1326,,,,503,21,0.512,1.124,
alice,0,28676062,284,0.0861,0.5793,2.7442,0.1326,,,,512,13,0.501,1.318,
alice,0,28676062,285,0.0687,0.4775,1.9735,0.1326,,,,511,10,0.526,1.369,
alice,0,28676062,286,0.1076,0.5314,2.5283,0.1326,,,,516,10,0.53,1.231,
alice,0,28676062,287,0.1111,0.4585,1.96,0.1326,,,,506,16,0.54,1.194,
alice,0,28676062,288,0.0798,0.4582,2.4029,0.1326,,,,516,13,0.524,1.279,
alice,0,28676062,289,0.105,0.4621,2.2524,0.1326,,,,511,12,0.546,1.275,
alice,0,28676062,290,0.1092,0.4755,2.4158,0.1326,,,,513,15,0.53,1.264,
alice,0,28676062,291,0.0702,0.4947,2.5879,0.1326,,,,508,13,0.536,1.123,
alice,0,28676062,292,0.0904,0.476,2.5657,0.1326,,,,512,12,0.529,1.333,
alice,0,28676062,293,0.0977,0.4777,2.1836,0.1326,,,,508,17,0.538,1.307,
alice,0,28676062,294,0.0775,0.5249,2.6827,0.1326,,,,513,17,0.539,1.292,
alice,0,28676062,295,0.0967,0.4514,2.0948,0.1326,,,,512,22,0.504,1.29,
alice,0,28676062,296,0.0854,0.4933,2.2619,0.1326,,,,518,6,0.527,1.23,
alice,0,28676062,297,0.0861,0.4982,2.285,0.1326,,,,505,18,0.524,1.331,
alice,0,28676062,298,0.0843,0.5188,2.2398,0.1326,,,,507,15,0.529,1.237,
alice,0,28676062,299,0.0969,0.4296,2.0791,0.1326,,,,508,15,0.531,1.31,
alice,0,28676062,300,0.0696,0.4695,2.2028,0.1326,,,,505,8,0.538,1.303,
alice,0,28676062,301,0.0663,0.4802,2.7206,0.1326,,,,511,9,0.528,1.178,
alice,0,28676062,302,0.0576,0.4657,2.0905,0.1326,,,,505,12,0.543,1.373,
alice,0,28676062,303,0.0686,0.5218,2.4649,0.1326,,,,504,11,0.548,1.265,
alice,0,28676062,304,0.0659,0.5264,2.4097,0.1326,,,,513,5,0.548,1.155,
alice,0,28676062,305,0.0847,0.4813,2.1422,0.1326,,,,506,12,0.558,1.171,
alice,0,28676062,306,0.107,0.4889,2.3755,0.1326,,,,516,11,0.549,1.26,
alice,0,28676062,307,0.0691,0.5198,2.4932,0.1326,,,,513,8,0.533,1.304,
alice,0,28676062,308,0.0759,0.5052,2.4089,0.1326,,,,516,11,0.551,1.248,
alice,0,28676062,309,0.075,0.5549,2.6887,0.1326,,,,513,16,0.547,1.23,
alice,0,28676062,310,0.113,0.52,2.3243,0.1326,,,,510,15,0.528,1.442,
alice,0,28676062,311,0.0782,0.5875,2.3348,0.1326,,,,499,32,0.518,1.255,
alice,0,28676062,312,0.0748,0.5425,2.8221,0.1326,,,,511,16,0.529,1.361,
alice,0,28676062,313,0.0903,0.5563,2.3955,0.1326,,,,513,10,0.548,1.375,
alice,0,28676062,314,0.1117,0.5042,2.2991,0.1326,,,,512,13,0.542,1.227,
alice,0,28676062,315,0.0763,0.4573,2.1142,0.1326,,,,513,5,0.538,1.339,
alice,0,28676062,316,0.0905,0.4646,2.2958,0.1326,,,,508,13,0.544,1.271,
alice,0,28676062,317,0.1062,0.5071,2.4227,0.1326,,,,506,12,0.526,1.211,
alice,0,28676062,318,0.0978,0.4776,2.4648,0.1326,,,,510,19,0.524,1.284,
alice,0,28676062,319,0.1416,0.5513,2.6193,0.1326,,,,509,21,0.519,1.22,
alice,0,28676062,320,0.0941,0.5127,2.4562,0.1326,,,,508,20,0.532,1.298,
alice,0,28676062,321,0.1258,0.4715,2.5857,0.1326,,,,513,20,0.541,1.324,
alice,0,28676062,322,0.1168,0.501,2.5674,0.1326,,,,516,9,0.537,1.222,
alice,0,28676062,323,0.0984,0.4806,2.0995,0.1326,,,,517,12,0.527,1.234,
alice,0,28676062,324,0.1011,0.4803,2.5459,0.1326,,,,518,12,0.546,1.238,
alice,0,28676062,325,0.0968,0.5008,2.3395,0.1326,,,,515,4,0.563,1.259,
alice,0,28676062,326,0.1086,0.4224,2.2121,0.1326,,,,512,6,0.534,1.214,
alice,0,28676062,327,0.1283,0.4476,1.9317,0.1326,,,,512,14,0.547,1.216,
alice,0,28676062,328,0.0764,0.5057,2.5699,0.1326,,,,510,14,0.519,1.293,
alice,0,28676062,329,0.0883,0.4377,2.2835,0.1326,,,,512,12,0.557,1.314,
alice,0,28676062,330,0.1105,0.4233,2.1719,0.1326,,,,501,8,0.545,1.396,
alice,0,28676062,331,0.1148,0.4241,2.202,0.1326,,,,511,12,0.537,1.329,
alice,0,28676062,332,0.1176,0.4741,2.0278,0.1326,,,,508,14,0.551,1.267,
alice,0,28676062,333,0.1015,0.4576,2.5404,0.1326,,,,512,14,0.535,1.2,
alice,0,28676062,334,0.1027,0.4479,2.2266,0.1326,,,,514,14,0.554,1.222,
alice,0,28676062,335,0.1175,0.4692,2.3606,0.1326,,,,516,14,0.55,1.171,
alice,0,28676062,336,0.12,0.4397,2.4974,0.1326,,,,508,12,0.52,1.326,
alice,0,28676062,337,0.1018,0.4967,2.74,0.1326,,,,513,10,0.542,1.226,
alice,0,28676062,338,0.0986,0.4529,2.346,0.1326,,,,509,8,0.548,1.284,
alice,0,28676062,339,0.1068,0.484,2.6683,0.1326,,,,508,4,0.549,1.289,
alice,0,28676062,340,0.0997,0.4881,2.2281,0.1326,,,,506,11,0.554,1.274,
alice,0,28676062,341,0.1128,0.4983,2.4126,0.1326,,,,515,9,0.559,1.292,
alice,0,28676062,342,0.1049,0.4934,2.823,0.1326,,,,512,7,0.541,1.381,
alice,0,28676062,343,0.1024,0.4555,2.2804,0.1326,,,,520,7,0.555,1.31,
alice,0,28676062,344,0.1043,0.4308,2.1827,0.1326,,,,508,20,0.542,1.295,
alice,0,28676062,345,0.0985,0.4418,2.655,0.1326,,,,513,11,0.566,1.251,
alice,0,28676062,346,0.1049,0.4307,2.2426,0.1326,,,,512,11,0.528,1.282,
alice,0,28676062,347,0.1346,0.4549,2.561,0.1326,,,,511,8,0.526,1.257,
alice,0,28676062,348,0.0652,0.504,2.6782,0.1326,,,,520,14,0.508,1.463,
alice,0,28676062,349,0.092,0.5113,2.5388,0.1326,,,,513,15,0.512,1.242,
alice,0,28676062,350,0.0873,0.4248,2.3131,0.1326,,,,516,18,0.523,1.287,
alice,0,28676062,351,0.1044,0.4171,2.165,0.1326,,,,514,14,0.517,1.283,
alice,0,28676062,352,0.0854,0.4827,2.3454,0.1326,,,,511,11,0.512,1.411,
alice,0,28676062,353,0.0905,0.463,2.5968,0.1326,,,,513,13,0.51,1.203,
alice,0,28676062,354,0.099,0.4604,2.1289,0.1326,,,,508,13,0.515,1.288,
alice,0,28676062,355,0.0688,0.494,2.5319,0.1326,,,,516,20,0.517,1.357,
alice,0,28676062,356,0.0691,0.5285,2.5765,0.1326,,,,510,11,0.521,1.332,
alice,0,28676062,357,0.0959,0.5299,2.8925,0.1326,,,,512,14,0.522,1.382,
alice,0,28676062,358,0.084,0.4702,2.1891,0.1326,,,,509,6,0.52,1.298,
alice,0,28676062,359,0.0908,0.4842,2.5939,0.1326,,,,510,15,0.541,1.371,
alice,0,28676062,360,0.0761,0.5314,2.287,0.1326,,,,510,3,0.538,1.256,
alice,0,28676062,361,0.0786,0.5215,2.5192,0.1326,,,,514,4,0.539,1.384,
alice,0,28676062,362,0.1022,0.4548,2.2049,0.1326,,,,515,10,0.535,1.296,
alice,0,28676062,363,0.0875,0.4982,1.9136,0.1326,,,,508,8,0.544,1.326,
alice,0,28676062,364,0.0824,0.5145,2.551,0.1326,,,,511,20,0.519,1.319,
alice,0,28676062,365,0.0882,0.4746,2.2718,0.1326,,,,508,11,0.52,1.319,
alice,0,28676062,366,0.0553,0.5466,2.6965,0.1326,,,,500,19,0.512,1.261,
alice,0,28676062,367,0.076,0.5334,2.6814,0.1326,,,,514,22,0.501,1.315,
alice,0,28676062,368,0.0675,0.5222,2.5468,0.1326,,,,511,20,0.521,1.297,
alice,0,28676062,369,0.078,0.4191,2.456,0.1326,,,,512,16,0.544,1.35,
alice,0,28676062,370,0.0647,0.4515,1.9028,0.1326,,,,512,11,0.548,1.468,
alice,0,28676062,371,0.072,0.4685,2.3238,0.1326,,,,511,15,0.534,1.452,
alice,0,28676062,372,0.0789,0.4418,2.2961,0.1326,,,,512,25,0.524,1.295,
alice,0,28676062,373,0.0916,0.5014,2.1916,0.1326,,,,506,16,0.548,1.355,
alice,0,28676062,374,0.0841,0.4995,2.5813,0.1326,,,,518,13,0.525,1.433,
alice,0,28676062,375,0.0688,0.442,2.5102,0.1326,,,,512,16,0.527,1.393,
alice,0,28676062,376,0.0974,0.4576,2.1698,0.1326,,,,510,7,0.543,1.338,
alice,0,28676062,377,0.0791,0.4623,2.5795,0.1326,,,,509,10,0.533,1.262,
alice,0,28676062,378,0.0818,0.4778,2.1836,0.1326,,,,516,12,0.54,1.25,
alice,0,28676062,379,0.0676,0.442,2.6684,0.1326,,,,512,16,0.539,1.27,
alice,0,28676062,380,0.0817,0.4398,2.297,0.1326,,,,510,13,0.533,1.231,
alice,0,28676062,381,0.0717,0.4115,2.0435,0.1326,,,,516,8,0.549,1.249,
alice,0,28676062,382,0.082,0.3853,2.538,0.1326,,,,524,11,0.551,1.164,
alice,0,28676062,383,0.0769,0.4488,2.0936,0.1326,,,,514,15,0.528,1.308,
alice,0,28676062,384,0.0587,0.4989,2.1564,0.1326,,,,506,17,0.548,1.278,
alice,0,28676062,385,0.0889,0.487,2.7716,0.1326,,,,512,26,0.495,1.452,
alice,0,28676062,386,0.0523,0.4766,2.4532,0.1326,,,,523,9,0.543,1.31,
alice,0,28676062,387,0.0587,0.4469,2.3819,0.1326,,,,505,11,0.515,1.272,
alice,0,28676062,388,0.0797,0.4782,2.6368,0.1326,,,,513,10,0.524,1.256,
alice,0,28676062,389,0.0765,0.4561,2.4335,0.1326,,,,514,7,0.532,1.261,
alice,0,28676062,390,0.082,0.421,2.345,0.1326,,,,512,10,0.531,1.263,
alice,0,28676062,391,0.0699,0.4654,2.3649,0.1326,,,,511,9,0.543,1.183,
alice,0,28676062,392,0.084,0.497,2.2443,0.1326,,,,503,5,0.536,1.249,
alice,0,28676062,393,0.0797,0.4908,2.2178,0.1326,,,,513,13,0.524,1.471,
alice,0,28676062,394,0.0965,0.4948,2.47,0.1326,,,,515,11,0.536,1.33,
alice,0,28676062,395,0.0872,0.4386,2.4802,0.1326,,,,515,11,0.54,1.217,
alice,0,28676062,396,0.0813,0.4617,2.3589,0.1326,,,,509,14,0.51,1.233,
alice,0,28676062,397,0.0934,0.393,2.161,0.1326,,,,512,18,0.532,1.19,
alice,0,28676062,398,0.1084,0.4339,2.1281,0.1326,,,,510,16,0.547,1.312,
alice,0,28676062,399,0.0678,0.4707,2.2598,0.1326,,,,509,4,0.543,1.265,
alice,0,28676062,400,0.0617,0.5265,2.5419,0.1326,,,,511,5,0.528,1.241,
alice,0,28676062,401,0.0789,0.4734,2.1033,0.1326,,,,511,9,0.539,1.25,
alice,0,28676062,402,0.0667,0.489,2.1121,0.1326,,,,506,12,0.52,1.295,
alice,0,28676062,403,0.0583,0.5104,2.4657,0.1326,,,,509,15,0.535,1.191,
alice,0,28676062,404,0.0648,0.4445,2.3636,0.1326,,,,511,16,0.526,1.159,
alice,0,28676062,405,0.0672,0.4666,2.0985,0.1326,,,,512,18,0.509,1.312,
alice,0,28676062,406,0.0604,0.4656,2.3472,0.1326,,,,506,16,0.523,1.261,
alice,0,28676062,407,0.0723,0.4408,2.1368,0.1326,,,,508,18,0.539,1.335,
alice,0,28676062,408,0.0695,0.4953,2.5646,0.1326,,,,509,9,0.524,1.187,
alice,0,28676062,409,0.07,0.3948,2.2184,0.1326,,,,512,11,0.535,1.228,
alice,0,28676062,410,0.074,0.5491,2.7,0.1326,,,,506,11,0.531,1.215,
alice,0,28676062,411,0.1026,0.4689,2.5951,0.1326,,,,511,15,0.528,1.32,
alice,0,28676062,412,0.079,0.4943,2.8719,0.1326,,,,513,9,0.529,1.164,
alice,0,28676062,413,0.0607,0.4843,2.5972,0.1326,,,,509,16,0.525,1.46,
alice,0,28676062,414,0.0878,0.4974,2.2297,0.1326,,,,515,11,0.544,1.389,
alice,0,28676062,415,0.0946,0.4746,2.4491,0.1326,,,,511,6,0.538,1.192,
alice,0,28676062,416,0.0862,0.4544,2.1409,0.1326,,,,502,12,0.532,1.269,
alice,0,28676062,417,0.0882,0.461,2.4159,0.1326,,,,508,16,0.523,1.298,
alice,0,28676062,418,0.0995,0.4014,2.2227,0.1326,,,,508,19,0.533,1.261,
alice,0,28676062,419,0.1094,0.4164,2.5122,0.1326,,,,513,16,0.529,1.306,
alice,0,28676062,420,0.098,0.4344,2.9594,0.1326,,,,510,12,0.545,1.412,
alice,0,28676062,421,0.1002,0.4507,2.3122,0.1326,,,,512,12,0.539,1.268,
alice,0,28676062,422,0.1013,0.4469,2.1872,0.1326,,,,520,10,0.541,1.22,
alice,0,28676062,423,0.0897,0.4134,2.3039,0.1326,,,,509,21,0.507,1.25,
alice,0,28676062,424,0.0996,0.4209,2.4691,0.1326,,,,514,18,0.523,1.321,
alice,0,28676062,425,0.094,0.4663,2.3495,0.1326,,,,506,11,0.525,1.255,
alice,0,28676062,426,0.0906,0.4128,2.3077,0.1326,,,,520,3,0.552,1.342,
alice,0,28676062,427,0.0802,0.3768,2.0431,0.1326,,,,504,9,0.537,1.269,
alice,0,28676062,428,0.0993,0.4603,2.3581,0.1326,,,,518,5,0.553,1.245,
alice,0,28676062,429,0.0972,0.3933,1.9299,0.1326,,,,518,9,0.53,1.132,
alice,0,28676062,430,0.1034,0.5228,2.665,0.1326,,,,514,12,0.541,1.131,
alice,0,28676062,431,0.102,0.4149,2.4737,0.1326,,,,510,12,0.524,1.166,
alice,0,28676062,432,0.1057,0.3864,2.3979,0.1326,,,,516,12,0.534,1.278,
alice,0,28676062,433,0.107,0.4175,2.4188,0.1326,,,,513,10,0.523,1.322,
alice,0,28676062,434,0.0849,0.436,2.5806,0.1326,,,,506,22,0.52,1.264,
alice,0,28676062,435,0.1132,0.4583,2.8132,0.1326,,,,506,34,0.498,1.271,
alice,0,28676062,436,0.084,0.4632,2.7989,0.1326,,,,511,10,0.533,1.493,
alice,0,28676062,437,0.0766,0.4209,2.195,0.1326,,,,514,16,0.51,1.285,
alice,0,28676062,438,0.0789,0.4586,2.619,0.1326,,,,515,10,0.521,1.282,
alice,0,28676062,439,0.0635,0.451,2.365,0.1326,,,,514,7,0.532,1.275,
alice,0,28676062,440,0.0762,0.4871,2.3166,0.1326,,,,504,23,0.516,1.219,
alice,0,28676062,441,0.0967,0.45,2.1902,0.1326,,,,512,18,0.519,1.212,
alice,0,28676062,442,0.0948,0.4428,2.3636,0.1326,,,,499,16,0.529,1.171,
alice,0,28676062,443,0.1098,0.4831,2.6359,0.1326,,,,510,15,0.525,1.31,
alice,0,28676062,444,0.1114,0.419,2.4279,0.1326,,,,517,20,0.536,1.364,
alice,0,28676062,445,0.1055,0.4667,2.3886,0.1326,,,,519,16,0.526,1.23,
alice,0,28676062,446,0.099,0.4889,2.3173,0.1326,,,,518,12,0.525,1.269,
alice,0,28676062,447,0.0864,0.4805,2.3911,0.1326,,,,511,12,0.53,1.275,
alice,0,28676062,448,0.0894,0.4475,2.3724,0.1326,,,,517,8,0.545,1.33,
alice,0,28676062,449,0.0902,0.4377,2.3229,0.1326,,,,512,9,0.533,1.31,
alice,0,28676062,450,0.0849,0.4112,2.185,0.1326,,,,509,12,0.526,1.248,
alice,0,28676062,451,0.077,0.4728,2.4527,0.1326,,,,511,13,0.532,1.202,
alice,0,28676062,452,0.0739,0.4375,2.401,0.1326,,,,517,11,0.547,1.288,
alice,0,28676062,453,0.0873,0.4527,2.4388,0.1326,,,,516,5,0.563,1.208,
alice,0,28676062,454,0.0689,0.4688,2.4208,0.1326,,,,508,8,0.567,1.354,
alice,0,28676062,455,0.0591,0.4404,2.1324,0.1326,,,,517,13,0.531,1.459,
alice,0,28676062,456,0.0675,0.4951,2.3069,0.1326,,,,513,20,0.537,1.274,
alice,0,28676062,457,0.0451,0.5282,2.7113,0.1326,,,,499,28,0.502,1.265,
alice,0,28676062,458,0.0851,0.5241,2.9949,0.1326,,,,507,22,0.513,1.185,
alice,0,28676062,459,0.0892,0.408,2.0891,0.1326,,,,513,12,0.55,1.185,
alice,0,28676062,460,0.0722,0.4492,2.5445,0.1326,,,,522,7,0.539,1.41,
alice,0,28676062,461,0.0744,0.3593,2.0161,0.1326,,,,515,11,0.532,1.388,
alice,0,28676062,462,0.091,0.4423,2.5112,0.1326,,,,511,18,0.532,1.302,
alice,0,28676062,463,0.0736,0.3478,1.7292,0.1326,,,,516,10,0.532,1.193,
alice,0,28676062,464,0.088,0.361,2.4162,0.1326,,,,522,9,0.548,1.33,
alice,0,28676062,465,0.075,0.3844,2.2022,0.1326,,,,518,10,0.549,1.231,
alice,0,28676062,466,0.0597,0.3662,1.9286,0.1326,,,,506,17,0.539,1.273,
alice,0,28676062,467,0.0617,0.4428,2.197,0.1326,,,,516,8,0.534,1.32,
alice,0,28676062,468,0.0708,0.4636,2.3782,0.1326,,,,510,18,0.513,1.326,
alice,0,28676062,469,0.0605,0.4303,2.3607,0.1326,,,,516,15,0.536,1.33,
alice,0,28676062,470,0.0663,0.4378,2.4475,0.1326,,,,514,10,0.533,1.304,
alice,0,28676062,471,0.0496,0.4532,2.2581,0.1326,,,,521,8,0.558,1.299,
alice,0,28676062,472,0.0432,0.4461,2.6069,0.1326,,,,514,19,0.52,1.294,
alice,0,28676062,473,0.0572,0.4537,1.875,0.1326,,,,508,11,0.531,1.202,
alice,0,28676062,474,0.0715,0.4985,2.4421,0.1326,,,,512,19,0.522,1.313,
alice,0,28676062,475,0.0603,0.4961,2.4439,0.1326,,,,515,6,0.517,1.084,
alice,0,28676062,476,0.0495,0.5102,2.5196,0.1326,,,,509,8,0.532,1.317,
alice,0,28676062,477,0.0686,0.5075,2.6615,0.1326,,,,509,20,0.51,1.161,
alice,0,28676062,478,0.0691,0.4844,2.4623,0.1326,,,,507,15,0.518,1.337,
alice,0,28676062,479,0.0767,0.4592,2.2935,0.1326,,,,508,19,0.515,1.233,
alice,0,28676062,480,0.0796,0.4761,2.6766,0.1326,,,,512,16,0.522,1.329,
alice,0,28676062,481,0.067,0.4811,2.439,0.1326,,,,514,15,0.531,1.178,
alice,0,28676062,482,0.0747,0.4207,2.1463,0.1326,,,,514,21,0.528,1.258,
alice,0,28676062,483,0.0562,0.4487,2.4627,0.1326,,,,510,12,0.541,1.207,
alice,0,28676062,484,0.077,0.5053,2.47,0.1326,,,,513,6,0.536,1.245,
alice,0,28676062,485,0.0639,0.4444,2.7225,0.1326,,,,515,16,0.515,1.341,
alice,0,28676062,486,0.0595,0.5047,2.2573,0.1326,,,,514,9,0.524,1.192,
alice,0,28676062,487,0.0573,0.4742,2.7513,0.1326,,,,516,16,0.53,1.212,
alice,0,28676062,488,0.0623,0.5363,2.8366,0.1326,,,,515,4,0.545,1.318,
alice,0,28676062,489,0.0683,0.4602,2.2692,0.1326,,,,507,12,0.526,1.326,
alice,0,28676062,490,0.0845,0.42,2.5556,0.1326,,,,517,11,0.524,1.237,
alice,0,28676062,491,0.0835,0.4326,2.4709,0.1326,,,,508,19,0.519,1.099,
alice,0,28676062,492,0.0792,0.4618,2.4585,0.1326,,,,505,21,0.526,1.292,
alice,0,28676062,493,0.0932,0.4291,2.3674,0.1326,,,,514,17,0.54,1.273,
alice,0,28676062,494,0.0921,0.4758,2.3527,0.1326,,,,513,11,0.519,1.241,
alice,0,28676062,495,0.1132,0.5142,2.9057,0.1326,,,,507,13,0.515,1.32,
alice,0,28676062,496,0.1166,0.4616,2.5399,0.1326,,,,518,29,0.512,1.12,
alice,0,28676062,497,0.0917,0.4661,2.5023,0.1326,,,,511,15,0.524,1.33,
alice,0,28676062,498,0.0867,0.4787,2.684,0.1326,,,,519,11,0.512,1.347,
alice,0,28676062,499,0.0869,0.4883,2.3165,0.1326,,,,513,10,0.525,1.3,
alice,0,28676062,500,0.0852,0.4827,2.3443,0.1326,,,,519,10,0.517,1.248,
alice,0,28676062,501,0.0784,0.4081,2.0,0.1326,,,,517,9,0.545,1.277,
alice,0,28676062,502,0.0852,0.3911,2.1608,0.1326,,,,528,11,0.524,1.292,
alice,0,28676062,503,0.0647,0.4116,2.0508,0.1326,,,,522,10,0.543,1.249,
alice,0,28676062,504,0.0762,0.3814,2.027,0.1326,,,,513,11,0.556,1.328,
alice,0,28676062,505,0.0962,0.4203,2.7977,0.1326,,,,516,14,0.527,1.374,
alice,0,28676062,506,0.0624,0.3945,2.3944,0.1326,,,,516,21,0.519,1.143,
alice,0,28676062,507,0.0724,0.3939,2.1263,0.1326,,,,520,6,0.537,1.373,
alice,0,28676062,508,0.0477,0.4564,2.4286,0.1326,,,,514,15,0.52,1.193,
alice,0,28676062,509,0.055,0.4088,2.382,0.1326,,,,518,12,0.513,1.279,
alice,0,28676062,510,0.0784,0.4,2.382,0.1326,,,,509,16,0.527,1.22,
alice,0,28676062,511,0.0342,0.4528,2.3632,0.1326,,,,517,11,0.505,1.242,
alice,0,28676062,512,0.0391,0.4545,2.4433,0.1326,,,,511,6,0.543,1.287,
alice,0,28676062,513,0.0488,0.481,2.35,0.1326,,,,521,5,0.521,1.194,
alice,0,28676062,514,0.0512,0.4137,2.6685,0.1326,,,,522,8,0.526,1.133,
alice,0,28676062,515,0.0596,0.4247,2.0047,0.1326,,,,508,16,0.538,1.145,
alice,0,28676062,516,0.0677,0.4656,2.4286,0.1326,,,,517,7,0.54,1.305,
alice,0,28676062,517,0.0649,0.4836,2.2269,0.1326,,,,522,2,0.546,1.283,
alice,0,28676062,518,0.0519,0.5013,2.8191,0.1326,,,,519,5,0.55,1.312,
alice,0,28676062,519,0.0584,0.4903,2.4159,0.1326,,,,516,8,0.539,1.252,
alice,0,28676062,520,0.0815,0.5118,2.6605,0.1326,,,,518,11,0.531,1.227,
alice,0,28676062,521,0.0724,0.4221,2.285,0.1326,,,,511,15,0.537,1.31,
alice,0,28676062,522,0.0881,0.4533,2.6311,0.1326,,,,517,11,0.534,1.464,
alice,0,28676062,523,0.0924,0.5064,2.5545,0.1326,,,,510,16,0.55,1.286,
alice,0,28676062,524,0.0777,0.4212,2.3469,0.1326,,,,520,11,0.539,1.256,
alice,0,28676062,525,0.067,0.4126,2.0466,0.1326,,,,516,15,0.512,1.3,
alice,0,28676062,526,0.0851,0.4496,2.0152,0.1326,,,,524,11,0.529,1.185,
alice,0,28676062,527,0.0707,0.3943,2.0642,0.1326,,,,512,17,0.53,1.246,
alice,0,28676062,528,0.0613,0.4392,2.0703,0.1326,,,,512,17,0.502,1.255,
alice,0,28676062,529,0.0581,0.4122,2.2265,0.1326,,,,514,10,0.546,1.309,
alice,0,28676062,530,0.0627,0.406,2.4529,0.1326,,,,519,12,0.534,1.249,
alice,0,28676062,531,0.0519,0.3793,2.1724,0.1326,,,,513,8,0.531,1.276,
alice,0,28676062,532,0.0477,0.4508,2.0979,0.1326,,,,512,7,0.518,1.233,
alice,0,28676062,533,0.0462,0.4735,2.6944,0.1326,,,,516,9,0.534,1.198,
alice,0,28676062,534,0.042,0.4697,2.4154,0.1326,,,,510,9,0.518,1.246,
alice,0,28676062,535,0.0536,0.5074,2.5871,0.1326,,,,512,9,0.521,1.411,
alice,0,28676062,536,0.0876,0.4307,2.4495,0.1326,,,,515,10,0.514,1.355,
alice,0,28676062,537,0.0745,0.4654,2.9076,0.1326,,,,513,4,0.538,1.283,
alice,0,28676062,538,0.068,0.4466,2.055,0.1326,,,,517,8,0.534,1.268,
alice,0,28676062,539,0.0909,0.3833,2.4469,0.1326,,,,520,10,0.551,1.361,
alice,0,28676062,540,0.082,0.3777,2.1154,0.1326,,,,519,5,0.544,1.218,
alice,0,28676062,541,0.0667,0.4032,2.2376,0.1326,,,,516,9,0.54,1.301,
alice,0,28676062,542,0.0822,0.4317,1.91,0.1326,,,,510,7,0.54,1.398,
alice,0,28676062,543,0.0888,0.4322,2.4474,0.1326,,,,510,19,0.526,1.279,
alice,0,28676062,544,0.085,0.4356,2.119,0.1326,,,,516,10,0.53,1.275,
alice,0,28676062,545,0.0939,0.45,2.3269,0.1326,,,,509,12,0.52,1.286,
alice,0,28676062,546,0.0919,0.4809,2.628,0.1326,,,,513,16,0.52,1.316,
alice,0,28676062,547,0.0965,0.4268,2.645,0.1326,,,,517,11,0.524,1.242,
alice,0,28676062,548,0.1054,0.4887,2.412,0.1326,,,,524,9,0.542,1.295,
alice,0,28676062,549,0.0748,0.4834,2.5,0.1326,,,,516,9,0.521,1.235,
alice,0,28676062,550,0.0891,0.5071,2.9246,0.1326,,,,507,25,0.51,1.307,
alice,0,28676062,551,0.0883,0.4717,2.5922,0.1326,,,,518,15,0.519,1.551,
alice,0,28676062,552,0.1012,0.4717,2.3915,0.1326,,,,516,20,0.533,1.222,
alice,0,28676062,553,0.0658,0.4295,2.2947,0.1326,,,,524,8,0.54,1.27,
alice,0,28676062,554,0.0939,0.437,2.4138,0.1326,,,,517,14,0.535,1.167,
alice,0,28676062,555,0.0872,0.4675,2.2925,0.1326,,,,507,20,0.535,1.357,
alice,0,28676062,556,0.0831,0.4279,2.3922,0.1326,,,,514,21,0.544,1.261,
alice,0,28676062,557,0.1043,0.4271,2.6683,0.1326,,,,512,10,0.543,1.32,
alice,0,28676062,558,0.1161,0.4194,2.2402,0.1326,,,,522,15,0.516,1.194,
alice,0,28676062,559,0.0852,0.4868,2.3744,0.1326,,,,520,8,0.532,1.222,
alice,0,28676062,560,0.0727,0.4309,2.1805,0.1326,,,,518,4,0.543,1.396,
alice,0,28676062,561,0.0781,0.4339,2.2513,0.1326,,,,513,13,0.533,1.26,
alice,0,28676062,562,0.0711,0.4672,2.5606,0.1326,,,,513,12,0.533,1.2,
alice,0,28676062,563,0.0718,0.4484,2.2913,0.1326,,,,502,25,0.516,1.249,
alice,0,28676062,564,0.0842,0.481,2.5045,0.1326,,,,518,9,0.527,1.336,
alice,0,28676062,565,0.0906,0.4618,2.4398,0.1326,,,,516,5,0.542,1.217,
alice,0,28676062,566,0.0983,0.5068,2.615,0.1326,,,,512,14,0.529,1.276,
alice,0,28676062,567,0.0725,0.4555,2.4481,0.1326,,,,517,14,0.535,1.351,
alice,0,28676062,568,0.0808,0.514,2.5936,0.1326,,,,523,13,0.512,1.293,
alice,0,28676062,569,0.089,0.4189,2.4778,0.1326,,,,512,13,0.534,1.167,
alice,0,28676062,570,0.0968,0.4851,2.657,0.1326,,,,510,19,0.524,1.249,
alice,0,28676062,571,0.0776,0.4607,2.381,0.1326,,,,523,9,0.551,1.254,
alice,0,28676062,572,0.081,0.4421,2.2745,0.1326,,,,513,11,0.544,1.501,
alice,0,28676062,573,0.071,0.4277,1.9393,0.1326,,,,515,18,0.521,1.241,
alice,0,28676062,574,0.0853,0.5461,2.7477,0.1326,,,,508,26,0.502,1.235,
alice,0,28676062,575,0.0933,0.4408,2.2028,0.1326,,,,505,22,0.523,1.395,
alice,0,28676062,576,0.0925,0.4719,2.6682,0.1326,,,,516,6,0.531,1.269,
alice,0,28676062,577,0.095,0.4585,2.1184,0.1326,,,,520,7,0.536,1.251,
alice,0,28676062,578,0.1073,0.4754,2.414,0.1326,,,,518,13,0.537,1.362,
alice,0,28676062,579,0.0857,0.4786,2.4495,0.1326,,,,515,10,0.537,1.102,
alice,0,28676062,580,0.1073,0.4413,2.6296,0.1326,,,,517,20,0.499,1.243,
alice,0,28676062,581,0.1093,0.4407,2.5253,0.1326,,,,518,11,0.529,1.18,
alice,0,28676062,582,0.1048,0.427,2.1422,0.1326,,,,522,10,0.541,1.336,
alice,0,28676062,583,0.0943,0.4012,2.355,0.1326,,,,519,7,0.543,1.286,
alice,0,28676062,584,0.0912,0.474,2.7158,0.1326,,,,518,7,0.536,1.166,
alice,0,28676062,585,0.1028,0.4143,2.6237,0.1326,,,,514,19,0.52,1.197,
alice,0,28676062,586,0.0781,0.461,2.3478,0.1326,,,,516,8,0.53,1.523,
alice,0,28676062,587,0.0679,0.4572,2.5077,0.1326,,,,511,15,0.511,1.228,
alice,0,28676062,588,0.0843,0.4988,2.3081,0.1326,,,,517,10,0.516,1.24,
alice,0,28676062,589,0.0838,0.4251,2.3061,0.1326,,,,518,14,0.534,1.283,
alice,0,28676062,590,0.0692,0.4315,2.5532,0.1326,,,,523,3,0.561,1.266,
alice,0,28676062,591,0.0776,0.4231,2.1036,0.1326,,,,513,8,0.532,1.238,
alice,0,28676062,592,0.08,0.4545,2.067,0.1326,,,,514,16,0.519,1.241,
alice,0,28676062,593,0.0424,0.5097,2.6051,0.1326,,,,508,8,0.533,1.175,
alice,0,28676062,594,0.0459,0.4462,1.9104,0.1326,,,,514,25,0.526,1.162,
alice,0,28676062,595,0.0758,0.4715,2.3184,0.1326,,,,520,15,0.528,1.189,
alice,0,28676062,596,0.0848,0.4429,2.8022,0.1326,,,,517,9,0.53,1.324,
alice,0,28676062,597,0.0611,0.4194,2.349,0.1326,,,,517,11,0.546,1.268,
alice,0,28676062,598,0.0493,0.5019,2.6382,0.1326,,,,514,12,0.549,1.271,
alice,0,28676062,599,0.067,0.4082,2.081,0.1326,,,,514,14,0.54,1.203,
alice,0,28676062,600,0.0415,0.4637,2.5,0.1326,,,,515,10,0.552,1.258,
alice,0,28676062,601,0.0649,0.4861,2.5025,0.1326,,,,521,9,0.543,1.302,
alice,0,28676062,602,0.049,0.473,2.1909,0.1326,,,,512,18,0.532,1.346,
alice,0,28676062,603,0.0529,0.5141,2.6938,0.1326,,,,513,16,0.533,1.38,
alice,0,28676062,604,0.0674,0.4582,2.2077,0.1326,,,,530,15,0.543,1.229,
alice,0,28676062,605,0.0569,0.4555,2.5075,0.1326,,,,511,11,0.542,1.251,
alice,0,28676062,606,0.0605,0.4829,2.5837,0.1326,,,,523,5,0.551,1.3,
alice,0,28676062,607,0.0389,0.4587,2.6,0.1326,,,,517,10,0.545,1.273,
alice,0,28676062,608,0.0618,0.5275,2.8971,0.1326,,,,512,11,0.536,1.219,
alice,0,28676062,609,0.0557,0.5797,2.9763,0.1326,,,,509,12,0.529,1.183,
alice,0,28676062,610,0.0736,0.4743,2.6538,0.1326,,,,512,12,0.55,1.381,
alice,0,28676062,611,0.0692,0.4181,2.3732,0.1326,,,,519,7,0.536,1.251,
alice,0,28676062,612,0.0706,0.4951,2.4306,0.1326,,,,516,6,0.537,1.207,
alice,0,28676062,613,0.0765,0.4891,2.4634,0.1326,,,,510,14,0.533,1.376,
alice,0,28676062,614,0.0835,0.5042,2.4143,0.1326,,,,518,9,0.532,1.192,
alice,0,28676062,615,0.0689,0.505,2.3,0.1326,,,,520,12,0.528,1.293,
alice,0,28676062,616,0.0714,0.4577,2.4975,0.1326,,,,514,10,0.523,1.137,
alice,0,28676062,617,0.079,0.4817,2.5196,0.1326,,,,520,9,0.527,1.254,
alice,0,28676062,618,0.0717,0.5331,2.6404,0.1326,,,,518,9,0.505,1.264,
alice,0,28676062,619,0.0451,0.4659,2.1498,0.1326,,,,516,7,0.508,1.133,
alice,0,28676062,620,0.063,0.489,2.4677,0.1326,,,,511,10,0.517,1.165,
alice,0,28676062,621,0.0614,0.5121,2.4926,0.1326,,,,516,4,0.521,1.226,
alice,0,28676062,622,0.0653,0.5224,2.7259,0.1326,,,,514,6,0.54,1.205,
alice,0,28676062,623,0.0731,0.4724,2.4106,0.1326,,,,520,10,0.523,1.207,
alice,0,28676062,624,0.0717,0.5088,2.565,0.1326,,,,511,17,0.504,1.467,
alice,0,28676062,625,0.058,0.4869,2.5463,0.1326,,,,521,5,0.527,1.419,
alice,0,28676062,626,0.0583,0.5308,3.0691,0.1326,,,,523,11,0.519,1.112,
alice,0,28676062,627,0.0537,0.4317,2.3048,0.1326,,,,518,9,0.536,1.364,
alice,0,28676062,628,0.0665,0.502,2.4615,0.1326,,,,515,8,0.534,1.226,
alice,0,28676062,629,0.0717,0.4959,2.6108,0.1326,,,,520,11,0.517,1.22,
alice,0,28676062,630,0.0622,0.4492,2.3978,0.1326,,,,516,12,0.529,1.258,
alice,0,28676062,631,0.0638,0.4481,2.6857,0.1326,,,,517,6,0.537,1.209,
alice,0,28676062,632,0.0667,0.4258,2.4686,0.1326,,,,517,11,0.543,1.448,
alice,0,28676062,633,0.0659,0.4469,2.1693,0.1326,,,,514,11,0.529,1.233,
alice,0,28676062,634,0.0613,0.4155,2.2222,0.1326,,,,517,7,0.542,1.292,
alice,0,28676062,635,0.0785,0.4286,2.2193,0.1326,,,,518,14,0.532,1.207,
alice,0,28676062,636,0.0641,0.3943,2.2674,0.1326,,,,521,11,0.536,1.388,
alice,0,28676062,637,0.0799,0.4447,2.2953,0.1326,,,,518,8,0.531,1.16,
alice,0,28676062,638,0.0825,0.4567,2.7459,0.1326,,,,517,12,0.515,1.127,
alice,0,28676062,639,0.0644,0.4175,2.2448,0.1326,,,,522,11,0.521,1.265,
alice,0,28676062,640,0.0815,0.4482,2.5455,0.1326,,,,523,4,0.543,1.313,
alice,0,28676062,641,0.0834,0.4238,2.3172,0.1326,,,,513,9,0.54,1.234,
alice,0,28676062,642,0.0885,0.4663,2.8278,0.1326,,,,530,7,0.518,1.082,
alice,0,28676062,643,0.0757,0.4372,2.462,0.1326,,,,518,11,0.537,1.275,
alice,0,28676062,644,0.0885,0.4465,2.5514,0.1326,,,,515,6,0.53,1.331,
alice,0,28676062,645,0.1091,0.4843,2.7189,0.1326,,,,515,13,0.528,1.357,
alice,0,28676062,646,0.1173,0.4146,2.456,0.1326,,,,523,4,0.548,1.255,
alice,0,28676062,647,0.0932,0.4331,2.4404,0.1326,,,,527,14,0.516,1.304,
alice,0,28676062,648,0.0985,0.424,2.4973,0.1326,,,,518,14,0.526,1.265,
alice,0,28676062,649,0.0893,0.4435,2.2083,0.1326,,,,514,13,0.53,1.144,
alice,0,28676062,650,0.1013,0.4721,2.4231,0.1326,,,,515,19,0.511,1.286,
alice,0,28676062,651,0.0634,0.3873,2.4393,0.1326,,,,519,7,0.541,1.249,
alice,0,28676062,652,0.0864,0.4019,2.3855,0.1326,,,,512,10,0.52,1.19,
alice,0,28676062,653,0.0733,0.5472,2.4639,0.1326,,,,513,11,0.534,1.246,
alice,0,28676062,654,0.0885,0.5592,2.798,0.1326,,,,515,8,0.536,1.278,
alice,0,28676062,655,0.0838,0.4832,2.7333,0.1326,,,,515,13,0.52,1.28,
alice,0,28676062,656,0.0952,0.4126,2.3039,0.1326,,,,515,14,0.525,1.327,
alice,0,28676062,657,0.083,0.4329,2.2263,0.1326,,,,516,4,0.532,1.285,
alice,0,28676062,658,0.076,0.4404,2.5989,0.1326,,,,519,6,0.518,1.273,
alice,0,28676062,659,0.0588,0.4879,2.7337,0.1326,,,,517,5,0.516,1.216,
alice,0,28676062,660,0.0899,0.4322,2.2959,0.1326,,,,514,17,0.527,1.272,
alice,0,28676062,661,0.0676,0.4571,2.5365,0.1326,,,,517,9,0.531,1.34,
alice,0,28676062,662,0.0681,0.4535,2.746,0.1326,,,,512,7,0.531,1.48,
alice,0,28676062,663,0.0918,0.4476,2.2146,0.1326,,,,514,13,0.533,1.301,
alice,0,28676062,664,0.0946,0.5045,2.6701,0.1326,,,,521,10,0.521,1.289,
alice,0,28676062,665,0.0716,0.4202,2.2312,0.1326,,,,515,1,0.551,1.187,
alice,0,28676062,666,0.0932,0.4469,2.405,0.1326,,,,511,9,0.54,1.335,
alice,0,28676062,667,0.0792,0.47,2.7835,0.1326,,,,515,9,0.522,1.358,
alice,0,28676062,668,0.0856,0.5014,2.799,0.1326,,,,522,9,0.529,1.166,
alice,0,28676062,669,0.0864,0.477,2.3349,0.1326,,,,519,12,0.529,1.308,
alice,0,28676062,670,0.0937,0.4555,2.3575,0.1326,,,,515,18,0.516,1.227,
alice,0,28676062,671,0.0954,0.4609,2.6734,0.1326,,,,520,10,0.536,1.145,
alice,0,28676062,672,0.092,0.5349,3.241,0.1326,,,,513,13,0.523,1.253,
alice,0,28676062,673,0.0738,0.5092,2.3909,0.1326,,,,512,12,0.528,1.355,
alice,0,28676062,674,0.0933,0.5504,2.6866,0.1326,,,,512,18,0.513,1.25,
alice,0,28676062,675,0.1034,0.5095,2.629,0.1326,,,,515,9,0.535,1.369,
alice,0,28676062,676,0.0967,0.4478,2.6066,0.1326,,,,520,4,0.534,1.249,
alice,0,28676062,677,0.1131,0.4797,2.514,0.1326,,,,515,11,0.527,1.301,
alice,0,28676062,678,0.1137,0.4222,2.3081,0.1326,,,,511,8,0.546,1.314,
alice,0,28676062,679,0.0816,0.4852,2.5961,0.1326,,,,520,10,0.53,1.348,
alice,0,28676062,680,0.097,0.5081,2.7561,0.1326,,,,510,6,0.533,1.212,
alice,0,28676062,681,0.111,0.4978,2.839,0.1326,,,,520,6,0.529,1.437,
alice,0,28676062,682,0.0838,0.4732,2.6522,0.1326,,,,515,8,0.547,1.324,
alice,0,28676062,683,0.0809,0.4628,2.2455,0.1326,,,,511,6,0.529,1.225,
alice,0,28676062,684,0.1096,0.4817,2.4587,0.1326,,,,515,9,0.552,1.399,
alice,0,28676062,685,0.1119,0.4394,2.5813,0.1326,,,,521,11,0.538,1.229,
alice,0,28676062,686,0.1097,0.5229,2.5297,0.1326,,,,513,7,0.526,1.201,
alice,0,28676062,687,0.1143,0.4265,2.2207,0.1326,,,,514,13,0.547,1.332,
alice,0,28676062,688,0.1208,0.4881,2.4081,0.1326,,,,518,10,0.526,1.325,
alice,0,28676062,689,0.1022,0.4847,2.6938,0.1326,,,,517,13,0.512,1.245,
alice,0,28676062,690,0.1245,0.5101,2.9522,0.1326,,,,517,8,0.536,1.25,
alice,0,28676062,691,0.0877,0.4336,2.3103,0.1326,,,,523,13,0.518,1.188,
alice,0,28676062,692,0.0797,0.4758,2.425,0.1326,,,,515,13,0.523,1.455,
alice,0,28676062,693,0.0953,0.4431,2.2929,0.1326,,,,518,8,0.535,1.337,
alice,0,28676062,694,0.1169,0.4664,2.6458,0.1326,,,,512,5,0.535,1.226,
alice,0,28676062,695,0.0939,0.424,2.3299,0.1326,,,,516,10,0.525,1.28,
alice,0,28676062,696,0.1109,0.488,2.5743,0.1326,,,,516,9,0.531,1.409,
alice,0,28676062,697,0.1027,0.4718,2.42,0.1326,,,,520,8,0.525,1.376,
alice,0,28676062,698,0.0866,0.4647,2.6134,0.1326,,,,517,5,0.534,1.238,
alice,0,28676062,699,0.0939,0.4243,2.6842,0.1326,,,,512,6,0.537,1.322,
alice,0,28676062,700,0.0926,0.4518,2.3417,0.1326,,,,519,3,0.534,1.333,
alice,0,28676062,701,0.0831,0.4405,2.487,0.1326,,,,519,4,0.53,1.202,
alice,0,28676062,702,0.1095,0.4209,2.4062,0.1326,,,,526,6,0.534,1.202,
alice,0,28676062,703,0.1116,0.4701,2.6471,0.1326,,,,515,18,0.513,1.181,
alice,0,28676062,704,0.0801,0.3929,2.2775,0.1326,,,,513,19,0.5,1.276,
alice,0,28676062,705,0.0946,0.4335,2.6726,0.1326,,,,525,8,0.525,1.389,
alice,0,28676062,706,0.1004,0.4557,2.9167,0.1326,,,,518,6,0.508,1.241,
alice,0,28676062,707,0.0919,0.4165,2.7168,0.1326,,,,517,7,0.536,1.21,
alice,0,28676062,708,0.0733,0.4073,2.1596,0.1326,,,,519,7,0.529,1.208,
alice,0,28676062,709,0.0792,0.4414,2.4889,0.1326,,,,522,7,0.533,1.377,
alice,0,28676062,710,0.0681,0.4277,2.2391,0.1326,,,,515,7,0.528,1.225,
alice,0,28676062,711,0.0827,0.4301,2.581,0.1326,,,,521,9,0.537,1.203,
alice,0,28676062,712,0.0573,0.4774,2.7637,0.1326,,,,516,5,0.536,1.301,
alice,0,28676062,713,0.0725,0.4694,2.674,0.1326,,,,522,4,0.529,1.433,
alice,0,28676062,714,0.0718,0.5052,2.7656,0.1326,,,,519,3,0.528,1.309,
alice,0,28676062,715,0.1096,0.5032,2.7448,0.1326,,,,524,3,0.529,1.35,
alice,0,28676062,716,0.0605,0.4895,2.5484,0.1326,,,,516,12,0.537,1.205,
alice,0,28676062,717,0.0799,0.4485,2.3196,0.1326,,,,518,11,0.536,1.146,
alice,0,28676062,718,0.0812,0.4585,2.6166,0.1326,,,,522,8,0.542,1.252,
alice,0,28676062,719,0.0811,0.444,2.567,0.1326,,,,517,7,0.526,1.302,
alice,0,28676062,720,0.1226,0.4643,2.6425,0.1326,,,,513,11,0.524,1.331,
alice,0,28676062,721,0.0759,0.4856,2.9897,0.1326,,,,513,15,0.503,1.287,
alice,0,28676062,722,0.0937,0.5294,2.8269,0.1326,,,,519,6,0.506,1.234,
alice,0,28676062,723,0.1097,0.488,2.7044,0.1326,,,,522,8,0.534,1.135,
alice,0,28676062,724,0.0809,0.5308,2.8821,0.1326,,,,521,10,0.53,1.136,
alice,0,28676062,725,0.088,0.4809,2.773,0.1326,,,,513,14,0.512,1.152,
alice,0,28676062,726,0.1022,0.4484,2.6344,0.1326,,,,518,7,0.521,1.236,
alice,0,28676062,727,0.0802,0.5236,2.8587,0.1326,,,,523,4,0.531,1.294,
alice,0,28676062,728,0.0952,0.4746,2.7326,0.1326,,,,520,8,0.515,1.231,
alice,0,28676062,729,0.0853,0.4842,2.2564,0.1326,,,,521,6,0.549,1.256,
alice,0,28676062,730,0.0891,0.4888,2.6978,0.1326,,,,521,7,0.527,1.211,
alice,0,28676062,731,0.0772,0.4828,2.7102,0.1326,,,,513,20,0.505,1.163,
alice,0,28676062,732,0.1001,0.5369,2.9943,0.1326,,,,513,16,0.516,1.224,
alice,0,28676062,733,0.0577,0.5411,2.7021,0.1326,,,,510,13,0.506,1.209,
alice,0,28676062,734,0.0707,0.4414,2.4835,0.1326,,,,522,11,0.514,1.226,
alice,0,28676062,735,0.0754,0.471,2.2784,0.1326,,,,519,8,0.519,1.226,
alice,0,28676062,736,0.0837,0.4434,2.6763,0.1326,,,,514,17,0.507,1.217,
alice,0,28676062,737,0.0898,0.4931,2.6705,0.1326,,,,513,11,0.51,1.212,
alice,0,28676062,738,0.096,0.5038,2.8927,0.1326,,,,513,9,0.502,1.271,
alice,0,28676062,739,0.0997,0.4753,3.0867,0.1326,,,,518,6,0.513,1.201,
alice,0,28676062,740,0.0949,0.4783,2.5934,0.1326,,,,515,13,0.497,1.195,
alice,0,28676062,741,0.0906,0.4437,2.5714,0.1326,,,,521,4,0.54,1.323,
alice,0,28676062,742,0.1091,0.4965,2.8361,0.1326,,,,517,4,0.541,1.489,
alice,0,28676062,743,0.0554,0.4596,2.8523,0.1326,,,,523,6,0.52,1.215,
alice,0,28676062,744,0.0635,0.4923,2.9548,0.1326,,,,518,6,0.521,1.152,
alice,0,28676062,745,0.0837,0.5156,2.7722,0.1326,,,,525,6,0.52,1.368,
alice,0,28676062,746,0.0749,0.5018,2.9096,0.1326,,,,517,7,0.521,1.112,
alice,0,28676062,747,0.0931,0.4724,2.538,0.1326,,,,516,3,0.535,1.295,
alice,0,28676062,748,0.0687,0.4354,2.5284,0.1326,,,,521,8,0.534,1.346,
alice,0,28676062,749,0.0778,0.4914,3.1627,0.1326,,,,522,9,0.511,1.26,
alice,0,28676062,750,0.0471,0.4628,2.8588,0.1326,,,,511,13,0.496,1.271,
alice,0,28676062,751,0.079,0.4484,2.6685,0.1326,,,,520,9,0.523,1.28,
alice,0,28676062,752,0.0736,0.4842,2.6791,0.1326,,,,519,4,0.535,1.363,
alice,0,28676062,753,0.0738,0.4888,2.6158,0.1326,,,,518,8,0.515,1.362,
alice,0,28676062,754,0.099,0.4412,2.7247,0.1326,,,,520,6,0.54,1.292,
alice,0,28676062,755,0.0974,0.4768,2.492,0.1326,,,,511,10,0.522,1.121,
alice,0,28676062,756,0.0792,0.4633,2.7444,0.1326,,,,518,9,0.508,1.334,
alice,0,28676062,757,0.0808,0.4593,2.7111,0.1326,,,,526,6,0.52,1.318,
alice,0,28676062,758,0.1159,0.5393,3.0211,0.1326,,,,522,1,0.523,1.308,
alice,0,28676062,759,0.1115,0.5399,3.1257,0.1326,,,,527,6,0.512,1.19,
alice,0,28676062,760,0.0568,0.5276,2.9267,0.1326,,,,514,5,0.51,1.147,
alice,0,28676062,761,0.0907,0.565,3.1658,0.1326,,,,516,12,0.515,1.278,
alice,0,28676062,762,0.0849,0.5204,2.7889,0.1326,,,,515,13,0.512,1.472,
alice,0,28676062,763,0.0726,0.5032,2.6733,0.1326,,,,522,5,0.531,1.307,
alice,0,28676062,764,0.0846,0.5278,3.0155,0.1326,,,,521,5,0.522,1.278,
alice,0,28676062,765,0.0966,0.5622,2.7438,0.1326,,,,522,9,0.514,1.232,
alice,0,28676062,766,0.0644,0.5484,2.8342,0.1326,,,,509,11,0.503,1.303,
alice,0,28676062,767,0.0629,0.5233,2.5825,0.1326,,,,514,3,0.497,1.297,
alice,0,28676062,768,0.0932,0.5801,3.1168,0.1326,,,,522,13,0.482,1.449,
alice,0,28676062,769,0.0811,0.6125,3.5101,0.1326,,,,515,3,0.501,1.189,
alice,0,28676062,770,0.0638,0.5603,3.0914,0.1326,,,,520,4,0.494,1.169,
alice,0,28676062,771,0.0849,0.5642,3.0876,0.1326,,,,511,6,0.491,1.125,
alice,0,28676062,772,0.0863,0.5121,3.0253,0.1326,,,,517,17,0.497,1.302,
alice,0,28676062,773,0.1024,0.5391,2.9073,0.1326,,,,517,8,0.514,1.285,
alice,0,28676062,774,0.0773,0.5588,3.1478,0.1326,,,,520,6,0.507,1.325,
alice,0,28676062,775,0.1127,0.5089,2.6214,0.1326,,,,525,10,0.514,1.19,
alice,0,28676062,776,0.0859,0.5561,3.1606,0.1326,,,,526,3,0.512,1.277,
alice,0,28676062,777,0.0787,0.5841,3.0051,0.1326,,,,517,5,0.513,1.34,
alice,0,28676062,778,0.0959,0.5417,2.9045,0.1326,,,,514,9,0.515,1.242,
alice,0,28676062,779,0.1045,0.6545,3.4593,0.1326,,,,518,1,0.514,1.13,
alice,0,28676062,780,0.0843,0.5349,2.8373,0.1326,,,,513,7,0.497,1.355,
alice,0,28676062,781,0.0754,0.5649,2.8287,0.1326,,,,526,7,0.5,1.206,
alice,0,28676062,782,0.0935,0.5653,2.8879,0.1326,,,,519,3,0.525,1.185,
alice,0,28676062,783,0.12,0.5184,2.9803,0.1326,,,,524,7,0.521,1.236,
alice,0,28676062,784,0.0686,0.5712,3.0483,0.1326,,,,520,3,0.513,1.199,
alice,0,28676062,785,0.1255,0.5578,3.067,0.1326,,,,515,13,0.518,1.362,
alice,0,28676062,786,0.0879,0.5614,3.1485,0.1326,,,,521,9,0.51,1.305,
alice,0,28676062,787,0.0735,0.558,2.9158,0.1326,,,,514,10,0.514,1.229,
alice,0,28676062,788,0.1264,0.5644,3.4404,0.1326,,,,526,9,0.502,1.211,
alice,0,28676062,789,0.0754,0.5207,2.9596,0.1326,,,,513,6,0.5,1.118,
alice,0,28676062,790,0.0847,0.5724,3.1508,0.1326,,,,525,9,0.504,1.177,
alice,0,28676062,791,0.1189,0.5624,3.0631,0.1326,,,,521,7,0.515,1.198,
alice,0,28676062,792,0.1297,0.6179,3.3697,0.1326,,,,517,6,0.519,1.306,
alice,0,28676062,793,0.0841,0.5822,3.2927,0.1326,,,,528,5,0.506,1.055,
alice,0,28676062,794,0.101,0.5846,3.0905,0.1326,,,,516,3,0.491,1.156,
alice,0,28676062,795,0.1097,0.5333,3.0388,0.1326,,,,526,6,0.494,1.567,
alice,0,28676062,796,0.0769,0.5487,2.7571,0.1326,,,,509,12,0.499,1.136,
alice,0,28676062,797,0.1131,0.6239,3.1075,0.1326,,,,520,8,0.495,1.216,
alice,0,28676062,798,0.0656,0.5339,3.1773,0.1326,,,,513,10,0.484,1.14,
alice,0,28676062,799,0.0949,0.6367,3.2237,0.1326,,,,517,5,0.482,1.181,
alice,0,28676062,800,0.0594,0.6306,3.2981,0.1326,,,,512,34,0.451,1.251,
alice,0,28676062,801,0.1287,0.5828,2.8214,0.1326,,,,527,6,0.488,1.157,
alice,0,28676062,802,0.1089,0.5172,2.9015,0.1326,,,,522,3,0.494,1.273,
alice,0,28676062,803,0.1052,0.5359,2.94,0.1326,,,,521,6,0.502,1.257,
alice,0,28676062,804,0.1251,0.5212,2.9059,0.1326,,,,516,2,0.506,1.244,
alice,0,28676062,805,0.0806,0.58,3.2071,0.1326,,,,521,8,0.494,1.076,
alice,0,28676062,806,0.0886,0.5684,3.175,0.1326,,,,519,9,0.495,1.262,
alice,0,28676062,807,0.0998,0.5658,2.855,0.1326,,,,518,10,0.514,1.217,
alice,0,28676062,808,0.0853,0.5473,3.0976,0.1326,,,,518,11,0.492,1.108,
alice,0,28676062,809,0.1016,0.5575,3.1692,0.1326,,,,524,8,0.487,1.194,
alice,0,28676062,810,0.1073,0.488,3.1946,0.1326,,,,522,12,0.489,1.09,
alice,0,28676062,811,0.0949,0.5702,3.4375,0.1326,,,,523,5,0.481,1.281,
alice,0,28676062,812,0.0715,0.5846,2.9848,0.1326,,,,520,12,0.476,1.323,
alice,0,28676062,813,0.0721,0.6281,3.1929,0.1326,,,,518,10,0.463,1.233,
alice,0,28676062,814,0.1034,0.6359,3.5026,0.1326,,,,521,10,0.48,1.277,
alice,0,28676062,815,0.1083,0.5412,3.2021,0.1326,,,,522,1,0.512,1.412,
alice,0,28676062,816,0.0877,0.6246,3.3523,0.1326,,,,510,16,0.441,1.122,
alice,0,28676062,817,0.0863,0.6441,3.2613,0.1326,,,,516,19,0.458,1.174,
alice,0,28676062,818,0.1003,0.5663,3.037,0.1326,,,,518,14,0.482,1.359,
alice,0,28676062,819,0.062,0.5973,3.1189,0.1326,,,,511,5,0.491,1.269,
alice,0,28676062,820,0.0906,0.5983,3.3298,0.1326,,,,519,5,0.501,1.058,
alice,0,28676062,821,0.086,0.5461,2.9583,0.1326,,,,515,6,0.506,1.166,
alice,0,28676062,822,0.0723,0.6254,3.3679,0.1326,,,,509,15,0.471,1.068,
alice,0,28676062,823,0.1441,0.654,3.7794,0.1326,,,,522,7,0.485,1.209,
alice,0,28676062,824,0.0839,0.5599,3.35,0.1326,,,,523,9,0.483,1.22,
alice,0,28676062,825,0.1088,0.5947,3.4271,0.1326,,,,522,3,0.518,1.438,
alice,0,28676062,826,0.0895,0.5619,3.1029,0.1326,,,,515,11,0.505,1.284,
alice,0,28676062,827,0.1005,0.6054,3.2892,0.1326,,,,515,15,0.491,1.186,
alice,0,28676062,828,0.1175,0.6034,3.061,0.1326,,,,515,13,0.49,1.194,
alice,0,28676062,829,0.0967,0.57,3.1471,0.1326,,,,516,16,0.496,1.232,
alice,0,28676062,830,0.1262,0.5975,2.8578,0.1326,,,,515,3,0.515,1.255,
alice,0,28676062,831,0.1359,0.5594,2.9286,0.1326,,,,519,9,0.489,1.266,
alice,0,28676062,832,0.114,0.5972,3.733,0.1326,,,,520,5,0.489,1.178,
alice,0,28676062,833,0.1195,0.6113,3.4923,0.1326,,,,517,3,0.508,1.128,
alice,0,28676062,834,0.1495,0.5617,3.2435,0.1326,,,,518,6,0.51,1.275,
alice,0,28676062,835,0.1249,0.5428,3.1587,0.1326,,,,512,2,0.502,1.211,
alice,0,28676062,836,0.1174,0.5781,3.543,0.1326,,,,519,6,0.487,1.282,
alice,0,28676062,837,0.1184,0.5521,3.5269,0.1326,,,,520,2,0.5,1.144,
alice,0,28676062,838,0.1029,0.551,3.1134,0.1326,,,,522,7,0.484,1.192,
alice,0,28676062,839,0.1106,0.5935,3.0201,0.1326,,,,512,9,0.48,1.285,
alice,0,28676062,840,0.133,0.5594,3.0905,0.1326,,,,521,4,0.508,1.156,
alice,0,28676062,841,0.1111,0.5715,3.0153,0.1326,,,,512,7,0.488,1.108,
alice,0,28676062,842,0.1231,0.577,3.5191,0.1326,,,,518,8,0.501,1.339,
alice,0,28676062,843,0.11,0.5517,2.9698,0.1326,,,,512,2,0.498,1.225,
alice,0,28676062,844,0.0995,0.5702,2.9505,0.1326,,,,510,10,0.489,1.145,
alice,0,28676062,845,0.1138,0.4938,3.0249,0.1326,,,,519,3,0.514,1.253,
alice,0,28676062,846,0.0975,0.5333,3.0,0.1326,,,,514,7,0.502,1.275,
alice,0,28676062,847,0.1027,0.5829,2.9378,0.1326,,,,516,2,0.523,1.412,
alice,0,28676062,848,0.1126,0.5444,2.8952,0.1326,,,,517,2,0.506,1.128,
alice,0,28676062,849,0.0941,0.5861,3.1171,0.1326,,,,510,7,0.484,1.202,
alice,0,28676062,850,0.0994,0.6016,3.1863,0.1326,,,,513,8,0.485,1.19,
alice,0,28676062,851,0.1235,0.5874,3.2823,0.1326,,,,520,3,0.515,1.265,
alice,0,28676062,852,0.0874,0.5125,3.01,0.1326,,,,513,7,0.497,1.438,
alice,0,28676062,853,0.1075,0.5509,3.2995,0.1326,,,,513,8,0.495,1.247,
alice,0,28676062,854,0.1223,0.6133,3.5628,0.1326,,,,518,4,0.498,1.201,
alice,0,28676062,855,0.0712,0.5977,2.9902,0.1326,,,,516,10,0.472,1.102,
alice,0,28676062,856,0.1179,0.642,3.605,0.1326,,,,517,11,0.478,1.121,
alice,0,28676062,857,0.0778,0.6434,3.5616,0.1326,,,,518,8,0.464,1.205,
alice,0,28676062,858,0.0718,0.5935,3.3538,0.1326,,,,519,12,0.484,1.3,
alice,0,28676062,859,0.1241,0.5405,2.8985,0.1326,,,,518,4,0.504,1.231,
alice,0,28676062,860,0.0688,0.6241,3.2589,0.1326,,,,511,7,0.491,1.364,
alice,0,28676062,861,0.0809,0.6311,3.5497,0.1326,,,,519,7,0.493,1.253,
alice,0,28676062,862,0.0665,0.623,3.191,0.1326,,,,510,12,0.476,1.249,
alice,0,28676062,863,0.0988,0.6037,3.365,0.1326,,,,516,11,0.489,1.185,
alice,0,28676062,864,0.0933,0.5914,3.2746,0.1326,,,,517,7,0.502,1.222,
alice,0,28676062,865,0.0952,0.5903,3.3958,0.1326,,,,513,8,0.487,1.349,
alice,0,28676062,866,0.11,0.5548,3.1244,0.1326,,,,509,11,0.496,1.332,
alice,0,28676062,867,0.1162,0.5854,3.1683,0.1326,,,,513,3,0.499,1.287,
alice,0,28676062,868,0.076,0.6015,3.2163,0.1326,,,,511,9,0.485,1.162,
alice,0,28676062,869,0.1093,0.5469,3.2163,0.1326,,,,518,2,0.514,1.179,
alice,0,28676062,870,0.1188,0.5464,3.2788,0.1326,,,,516,2,0.509,1.24,
alice,0,28676062,871,0.1204,0.5223,3.0905,0.1326,,,,514,11,0.51,1.134,
alice,0,28676062,872,0.1149,0.576,3.3761,0.1326,,,,520,5,0.5,1.415,
alice,0,28676062,873,0.103,0.5672,3.3702,0.1326,,,,516,10,0.494,1.179,
alice,0,28676062,874,0.1152,0.6918,3.543,0.1326,,,,520,10,0.477,1.132,
alice,0,28676062,875,0.1192,0.6332,3.2636,0.1326,,,,517,7,0.487,1.157,
alice,0,28676062,876,0.1048,0.6073,3.1765,0.1326,,,,519,8,0.486,1.161,
alice,0,28676062,877,0.0953,0.6019,3.1705,0.1326,,,,517,6,0.496,1.257,
alice,0,28676062,878,0.0865,0.5899,3.1943,0.1326,,,,518,10,0.477,1.37,
alice,0,28676062,879,0.0934,0.6014,3.1893,0.1326,,,,511,12,0.484,1.207,
alice,0,28676062,880,0.0914,0.5907,3.2206,0.1326,,,,514,11,0.493,1.163,
alice,0,28676062,881,0.1078,0.6646,3.4623,0.1326,,,,513,3,0.5,1.236,
alice,0,28676062,882,0.0909,0.631,3.3886,0.1326,,,,514,11,0.472,1.24,
alice,0,28676062,883,0.1047,0.6375,3.2523,0.1326,,,,518,18,0.468,1.15,
alice,0,28676062,884,0.0902,0.6181,3.343,0.1326,,,,518,15,0.459,1.202,
alice,0,28676062,885,0.0955,0.6709,3.4575,0.1326,,,,511,10,0.475,1.28,
alice,0,28676062,886,0.1152,0.6103,3.2091,0.1326,,,,515,11,0.464,1.215,
alice,0,28676062,887,0.1353,0.5747,2.9812,0.1326,,,,516,4,0.491,1.311,
alice,0,28676062,888,0.0981,0.6153,3.3349,0.1326,,,,516,7,0.472,1.223,
alice,0,28676062,889,0.1364,0.6424,3.5571,0.1326,,,,511,8,0.49,1.33,
alice,0,28676062,890,0.1222,0.6141,3.4067,0.1326,,,,509,16,0.471,1.267,
alice,0,28676062,891,0.1198,0.5479,3.2233,0.1326,,,,517,11,0.491,1.311,
alice,0,28676062,892,0.1438,0.6194,3.4686,0.1326,,,,520,8,0.476,1.108,
alice,0,28676062,893,0.1081,0.5969,3.3732,0.1326,,,,529,8,0.458,1.152,
alice,0,28676062,894,0.1445,0.5568,3.1765,0.1326,,,,516,6,0.499,1.362,
alice,0,28676062,895,0.1068,0.5664,2.9903,0.1326,,,,506,11,0.484,1.307,
alice,0,28676062,896,0.1261,0.5612,3.264,0.1326,,,,519,10,0.487,1.256,
alice,0,28676062,897,0.0887,0.5677,2.9353,0.1326,,,,515,9,0.499,1.369,
alice,0,28676062,898,0.121,0.5359,3.3459,0.1326,,,,517,8,0.503,1.287,
alice,0,28676062,899,0.0913,0.5591,2.9286,0.1326,,,,517,13,0.494,1.151,
alice,0,28676062,900,0.0991,0.5851,3.4728,0.1326,,,,514,4,0.487,1.402,
alice,0,28676062,901,0.0966,0.5966,3.5556,0.1326,,,,513,5,0.498,1.28,
alice,0,28676062,902,0.069,0.5551,3.1892,0.1326,,,,516,9,0.492,1.26,
alice,0,28676062,903,0.082,0.5608,3.0703,0.1326,,,,509,8,0.5,1.263,
alice,0,28676062,904,0.0646,0.5831,3.2513,0.1326,,,,508,6,0.495,1.431,
alice,0,28676062,905,0.0971,0.5852,3.3636,0.1326,,,,518,3,0.497,1.439,
alice,0,28676062,906,0.0909,0.5545,3.2406,0.1326,,,,516,3,0.495,1.331,
alice,0,28676062,907,0.0698,0.6047,3.2857,0.1326,,,,510,10,0.486,1.107,
alice,0,28676062,908,0.0727,0.6486,3.5668,0.1326,,,,518,8,0.486,1.164,
alice,0,28676062,909,0.0862,0.5888,3.1885,0.1326,,,,513,2,0.485,1.257,
alice,0,28676062,910,0.0938,0.5654,2.91,0.1326,,,,522,3,0.475,1.276,
alice,0,28676062,911,0.0613,0.5523,3.1323,0.1326,,,,519,4,0.492,1.287,
alice,0,28676062,912,0.0837,0.6735,3.8191,0.1326,,,,517,7,0.477,1.306,
alice,0,28676062,913,0.0946,0.5955,3.2656,0.1326,,,,511,8,0.471,1.208,
alice,0,28676062,914,0.082,0.6165,3.4513,0.1326,,,,513,7,0.475,1.187,
alice,0,28676062,915,0.1214,0.6034,3.2124,0.1326,,,,515,12,0.458,1.368,
alice,0,28676062,916,0.0994,0.5373,3.2818,0.1326,,,,523,3,0.469,1.214,
alice,0,28676062,917,0.0888,0.5443,3.1844,0.1326,,,,518,7,0.498,1.329,
alice,0,28676062,918,0.0691,0.5271,2.8197,0.1326,,,,511,10,0.483,1.296,
alice,0,28676062,919,0.0993,0.5479,3.1027,0.1326,,,,514,5,0.506,1.326,
alice,0,28676062,920,0.0742,0.5221,2.8796,0.1326,,,,519,6,0.515,1.211,
alice,0,28676062,921,0.0887,0.5682,3.0054,0.1326,,,,515,10,0.492,1.243,
alice,0,28676062,922,0.0659,0.6049,3.6608,0.1326,,,,513,9,0.489,1.074,
alice,0,28676062,923,0.0582,0.5825,3.0497,0.1326,,,,509,12,0.462,1.346,
alice,0,28676062,924,0.1273,0.5785,3.3404,0.1326,,,,523,7,0.47,1.179,
alice,0,28676062,925,0.0758,0.585,3.3085,0.1326,,,,513,7,0.469,1.545,
alice,0,28676062,926,0.099,0.5537,3.3189,0.1326,,,,508,15,0.484,1.349,
alice,0,28676062,927,0.1057,0.5796,2.9461,0.1326,,,,511,7,0.505,1.195,
alice,0,28676062,928,0.093,0.5284,3.0923,0.1326,,,,516,6,0.49,1.316,
alice,0,28676062,929,0.0742,0.5474,3.1495,0.1326,,,,508,7,0.494,1.337,
alice,0,28676062,930,0.1189,0.5988,3.5051,0.1326,,,,511,3,0.507,1.232,
alice,0,28676062,931,0.0836,0.6449,3.4729,0.1326,,,,512,15,0.482,1.189,
alice,0,28676062,932,0.1013,0.6294,3.4059,0.1326,,,,514,12,0.488,1.322,
alice,0,28676062,933,0.096,0.6114,3.4396,0.1326,,,,513,6,0.483,1.262,
alice,0,28676062,934,0.1049,0.6096,3.4471,0.1326,,,,512,7,0.484,1.269,
alice,0,28676062,935,0.1142,0.6435,3.4907,0.1326,,,,507,12,0.488,1.302,
alice,0,28676062,936,0.1186,0.5809,3.1376,0.1326,,,,513,9,0.511,1.316,
alice,0,28676062,937,0.0957,0.618,3.5243,0.1326,,,,516,10,0.499,1.262,
alice,0,28676062,938,0.1102,0.6175,3.4069,0.1326,,,,517,7,0.5,1.283,
alice,0,28676062,939,0.1207,0.6179,3.3781,0.1326,,,,513,5,0.497,1.434,
alice,0,28676062,940,0.1059,0.5745,3.1765,0.1326,,,,516,4,0.502,1.418,
alice,0,28676062,941,0.1247,0.5217,3.0765,0.1326,,,,517,4,0.494,1.267,
alice,0,28676062,942,0.108,0.5661,3.1675,0.1326,,,,512,4,0.509,1.318,
alice,0,28676062,943,0.1007,0.6122,3.3299,0.1326,,,,509,10,0.471,1.381,
alice,0,28676062,944,0.1046,0.6107,3.2563,0.1326,,,,520,6,0.487,1.254,
alice,0,28676062,945,0.0983,0.6102,3.6898,0.1326,,,,513,7,0.486,1.168,
alice,0,28676062,946,0.116,0.5828,3.4531,0.1326,,,,518,4,0.507,1.277,
alice,0,28676062,947,0.0888,0.5931,3.1493,0.1326,,,,519,6,0.493,1.121,
alice,0,28676062,948,0.1173,0.5956,3.3614,0.1326,,,,525,1,0.488,1.25,
alice,0,28676062,949,0.0796,0.584,3.3041,0.1326,,,,517,6,0.495,1.357,
alice,0,28676062,950,0.0938,0.5891,3.302,0.1326,,,,514,5,0.493,1.238,
alice,0,28676062,951,0.0998,0.5793,3.3093,0.1326,,,,515,8,0.496,1.154,
alice,0,28676062,952,0.0993,0.5829,3.4084,0.1326,,,,521,10,0.481,1.185,
alice,0,28676062,953,0.0646,0.5709,3.0469,0.1326,,,,502,24,0.478,1.196,
alice,0,28676062,954,0.1014,0.6151,3.3655,0.1326,,,,515,14,0.481,1.309,
alice,0,28676062,955,0.0896,0.5454,3.0462,0.1326,,,,517,8,0.501,1.267,
alice,0,28676062,956,0.0834,0.6054,3.1684,0.1326,,,,517,5,0.497,1.181,
alice,0,28676062,957,0.0737,0.6693,3.7296,0.1326,,,,509,13,0.464,1.268,
alice,0,28676062,958,0.0972,0.6246,3.45,0.1326,,,,516,8,0.479,1.254,
alice,0,28676062,959,0.1017,0.5957,3.3788,0.1326,,,,514,2,0.504,1.242,
alice,0,28676062,960,0.0859,0.612,3.098,0.1326,,,,518,3,0.495,1.15,
alice,0,28676062,961,0.1051,0.623,3.6387,0.1326,,,,524,15,0.471,1.207,
alice,0,28676062,962,0.112,0.6177,3.4921,0.1326,,,,515,4,0.496,1.212,
alice,0,28676062,963,0.0663,0.6064,3.4154,0.1326,,,,516,13,0.482,1.239,
alice,0,28676062,964,0.1011,0.6711,3.3066,0.1326,,,,515,11,0.491,1.374,
alice,0,28676062,965,0.0927,0.5352,3.1244,0.1326,,,,520,7,0.485,1.32,
alice,0,28676062,966,0.1155,0.6593,3.5279,0.1326,,,,515,12,0.456,1.137,
alice,0,28676062,967,0.0975,0.6607,3.4314,0.1326,,,,507,9,0.492,1.234,
alice,0,28676062,968,0.0881,0.6672,3.5169,0.1326,,,,513,10,0.487,1.197,
alice,0,28676062,969,0.0916,0.6246,3.1524,0.1326,,,,510,8,0.479,1.27,
alice,0,28676062,970,0.1186,0.6413,3.802,0.1326,,,,508,11,0.483,1.2,
alice,0,28676062,971,0.1146,0.6994,3.7264,0.1326,,,,516,8,0.486,1.188,
alice,0,28676062,972,0.124,0.5771,3.055,0.1326,,,,513,6,0.484,1.134,
alice,0,28676062,973,0.1102,0.6429,3.4155,0.1326,,,,511,5,0.503,1.218,
alice,0,28676062,974,0.1314,0.6542,3.5023,0.1326,,,,511,16,0.483,1.129,
alice,0,28676062,975,0.1238,0.6227,3.6493,0.1326,,,,515,13,0.487,1.351,
alice,0,28676062,976,0.1013,0.6038,3.2282,0.1326,,,,510,20,0.47,1.412,
alice,0,28676062,977,0.1173,0.6459,3.2536,0.1326,,,,513,8,0.495,1.166,
alice,0,28676062,978,0.1058,0.6446,3.4328,0.1326,,,,509,13,0.486,1.248,
alice,0,28676062,979,0.1065,0.6213,3.5612,0.1326,,,,513,15,0.463,1.134,
alice,0,28676062,980,0.0934,0.6642,3.5567,0.1326,,,,509,29,0.406,1.064,
alice,0,28676062,981,0.1301,0.6103,3.5699,0.1326,,,,518,16,0.466,1.172,
alice,0,28676062,982,0.0989,0.6262,3.3467,0.1326,,,,516,5,0.474,1.114,
alice,0,28676062,983,0.0921,0.6078,3.3523,0.1326,,,,518,11,0.471,1.295,
alice,0,28676062,984,0.1272,0.6464,4.0055,0.1326,,,,514,6,0.455,1.057,
alice,0,28676062,985,0.099,0.6138,3.573,0.1326,,,,509,14,0.446,1.119,
alice,0,28676062,986,0.1041,0.6883,3.5787,0.1326,,,,511,8,0.451,1.348,
alice,0,28676062,987,0.1369,0.5989,3.7784,0.1326,,,,518,7,0.488,1.318,
alice,0,28676062,988,0.1184,0.5623,3.5301,0.1326,,,,517,5,0.491,1.195,
alice,0,28676062,989,0.1,0.5431,3.2108,0.1326,,,,520,6,0.481,1.255,
alice,0,28676062,990,0.0969,0.6274,3.5745,0.1326,,,,515,5,0.478,1.122,
alice,0,28676062,991,0.1105,0.5432,3.2258,0.1326,,,,514,3,0.513,1.284,
alice,0,28676062,992,0.1193,0.6102,3.5691,0.1326,,,,512,10,0.476,1.268,
alice,0,28676062,993,0.0868,0.5746,3.4611,0.1326,,,,521,17,0.479,1.196,
alice,0,28676062,994,0.0822,0.5354,3.2114,0.1326,,,,519,12,0.475,1.149,
alice,0,28676062,995,0.1096,0.6178,3.3607,0.1326,,,,524,8,0.484,1.215,
alice,0,28676062,996,0.0916,0.5977,3.5353,0.1326,,,,514,4,0.506,1.323,
alice,0,28676062,997,0.0899,0.6116,3.4,0.1326,,,,514,8,0.481,1.241,
alice,0,28676062,998,0.0998,0.5531,3.4971,0.1326,,,,516,5,0.507,1.245,
alice,0,28676062,999,0.0717,0.5803,3.3591,0.1326,,,,517,5,0.495,1.255,
alice,0,28676062,1000,0.0609,0.5502,3.2312,0.1326,,,,525,9,0.489,1.208,
alice,0,28676062,1001,0.0934,0.6053,3.526,0.1326,,,,512,9,0.495,1.302,
alice,0,28676062,1002,0.0709,0.6105,3.2698,0.1326,,,,508,4,0.493,1.319,
alice,0,28676062,1003,0.1163,0.6675,3.7539,0.1326,,,,512,8,0.485,1.209,
alice,0,28676062,1004,0.1013,0.661,4.0053,0.1326,,,,513,11,0.474,1.259,
alice,0,28676062,1005,0.1117,0.5975,3.3617,0.1326,,,,521,6,0.479,1.265,
alice,0,28676062,1006,0.0917,0.572,3.0919,0.1326,,,,513,8,0.484,1.146,
alice,0,28676062,1007,0.0855,0.5592,3.3575,0.1326,,,,512,7,0.481,1.208,
alice,0,28676062,1008,0.0954,0.568,3.4022,0.1326,,,,516,13,0.485,1.282,
alice,0,28676062,1009,0.0777,0.6165,3.6141,0.1326,,,,508,12,0.47,1.302,
alice,0,28676062,1010,0.1061,0.639,3.7344,0.1326,,,,514,9,0.481,1.228,
alice,0,28676062,1011,0.0862,0.6346,3.7672,0.1326,,,,515,13,0.47,1.124,
alice,0,28676062,1012,0.0862,0.6152,3.6576,0.1326,,,,514,16,0.472,1.259,
alice,0,28676062,1013,0.0787,0.654,3.4923,0.1326,,,,509,10,0.487,1.384,
alice,0,28676062,1014,0.1025,0.6803,3.8872,0.1326,,,,511,6,0.497,1.297,
alice,0,28676062,1015,0.0826,0.6447,3.8737,0.1326,,,,517,8,0.479,1.242,
alice,0,28676062,1016,0.084,0.6047,3.1592,0.1326,,,,505,18,0.48,1.193,
alice,0,28676062,1017,0.0929,0.6516,3.7005,0.1326,,,,515,9,0.461,1.149,
alice,0,28676062,1018,0.1151,0.6032,3.5078,0.1326,,,,513,16,0.478,1.179,
alice,0,28676062,1019,0.0872,0.6242,4.0168,0.1326,,,,518,6,0.491,1.313,
alice,0,28676062,1020,0.0973,0.5882,3.1856,0.1326,,,,517,8,0.486,1.162,
alice,0,28676062,1021,0.0987,0.5896,3.2222,0.1326,,,,512,7,0.492,1.21,
alice,0,28676062,1022,0.076,0.6176,3.5285,0.1326,,,,513,24,0.442,1.203,
alice,0,28676062,1023,0.1015,0.634,3.5312,0.1326,,,,518,16,0.472,1.297,
alice,0,28676062,1024,0.1046,0.6247,3.5078,0.1326,,,,511,6,0.495,1.274,
alice,0,28676062,1025,0.1176,0.6741,3.4378,0.1326,,,,516,7,0.49,1.431,
alice,0,28676062,1026,0.1112,0.5763,3.4652,0.1326,,,,509,12,0.494,1.219,
alice,0,28676062,1027,0.1212,0.6118,3.599,0.1326,,,,514,4,0.494,1.206,
alice,0,28676062,1028,0.1131,0.6195,3.6492,0.1326,,,,519,11,0.471,1.199,
alice,0,28676062,1029,0.1094,0.5366,3.1202,0.1326,,,,515,10,0.485,1.447,
alice,0,28676062,1030,0.1128,0.5804,3.5665,0.1326,,,,519,7,0.469,1.292,
alice,0,28676062,1031,0.0722,0.5947,3.2429,0.1326,,,,515,13,0.453,1.27,
alice,0,28676062,1032,0.089,0.6357,3.5771,0.1326,,,,509,13,0.488,1.303,
alice,0,28676062,1033,0.1172,0.6045,3.5085,0.1326,,,,510,11,0.493,1.267,
alice,0,28676062,1034,0.0833,0.5697,3.1033,0.1326,,,,520,7,0.498,1.285,
alice,0,28676062,1035,0.0795,0.6357,3.5966,0.1326,,,,510,9,0.48,1.336,
alice,0,28676062,1036,0.086,0.6185,3.517,0.1326,,,,515,11,0.468,1.336,
alice,0,28676062,1037,0.097,0.6032,3.4253,0.1326,,,,513,9,0.491,1.344,
alice,0,28676062,1038,0.1041,0.5209,3.1272,0.1326,,,,516,10,0.497,1.16,
alice,0,28676062,1039,0.0805,0.5761,3.431,0.1326,,,,514,7,0.5,1.229,
alice,0,28676062,1040,0.1021,0.5607,3.0395,0.1326,,,,508,9,0.516,1.284,
alice,0,28676062,1041,0.0734,0.5401,3.1932,0.1326,,,,515,14,0.481,1.35,
alice,0,28676062,1042,0.0958,0.5548,3.4855,0.1326,,,,518,10,0.486,1.304,
alice,0,28676062,1043,0.0962,0.6067,3.6264,0.1326,,,,510,12,0.47,1.226,
alice,0,28676062,1044,0.1001,0.5418,3.2102,0.1326,,,,512,11,0.487,1.197,
alice,0,28676062,1045,0.0826,0.5361,3.2102,0.1326,,,,514,6,0.51,1.37,
alice,0,28676062,1046,0.0817,0.628,3.7657,0.1326,,,,510,9,0.474,1.1,
alice,0,28676062,1047,0.0839,0.6142,3.55,0.1326,,,,510,12,0.47,1.235,
alice,0,28676062,1048,0.0712,0.6213,3.1466,0.1326,,,,511,15,0.454,1.237,
alice,0,28676062,1049,0.1117,0.6343,3.6961,0.1326,,,,519,11,0.472,1.162,
alice,0,28676062,1050,0.0927,0.621,3.5449,0.1326,,,,505,14,0.478,1.31,
alice,0,28676062,1051,0.1128,0.6273,3.5924,0.1326,,,,515,2,0.503,1.309,
alice,0,28676062,1052,0.1112,0.6084,3.5628,0.1326,,,,510,13,0.475,1.208,
alice,0,28676062,1053,0.1147,0.6199,3.5775,0.1326,,,,511,13,0.465,1.142,
alice,0,28676062,1054,0.1067,0.5908,3.3315,0.1326,,,,515,6,0.495,1.208,
alice,0,28676062,1055,0.0956,0.5658,3.4682,0.1326,,,,522,9,0.485,1.325,
alice,0,28676062,1056,0.0862,0.5599,3.3237,0.1326,,,,510,5,0.491,1.276,
alice,0,28676062,1057,0.0852,0.5823,3.4335,0.1326,,,,516,6,0.499,1.187,
alice,0,28676062,1058,0.1014,0.5545,3.6627,0.1326,,,,512,12,0.479,1.132,
alice,0,28676062,1059,0.0985,0.5415,3.1017,0.1326,,,,514,7,0.494,1.264,
alice,0,28676062,1060,0.1105,0.6284,3.9231,0.1326,,,,513,6,0.506,1.201,
alice,0,28676062,1061,0.1158,0.5221,3.503,0.1326,,,,514,5,0.491,1.312,
alice,0,28676062,1062,0.0962,0.5705,3.5917,0.1326,,,,516,2,0.495,1.166,
alice,0,28676062,1063,0.0938,0.5451,3.2356,0.1326,,,,516,4,0.498,1.158,
alice,0,28676062,1064,0.0828,0.5799,3.4269,0.1326,,,,510,8,0.496,1.167,
alice,0,28676062,1065,0.0986,0.5488,3.1648,0.1326,,,,508,12,0.49,1.208,
alice,0,28676062,1066,0.0806,0.5511,3.2102,0.1326,,,,511,9,0.501,1.225,
alice,0,28676062,1067,0.0891,0.5515,3.1522,0.1326,,,,513,9,0.484,1.117,
alice,0,28676062,1068,0.113,0.5616,3.3764,0.1326,,,,513,5,0.494,1.227,
alice,0,28676062,1069,0.0854,0.6288,3.5459,0.1326,,,,509,16,0.46,1.216,
alice,0,28676062,1070,0.1002,0.6761,4.038,0.1326,,,,505,14,0.447,1.193,
alice,0,28676062,1071,0.1047,0.685,3.5333,0.1326,,,,506,17,0.456,1.083,
alice,0,28676062,1072,0.1277,0.6532,3.601,0.1326,,,,522,17,0.477,1.117,
alice,0,28676062,1073,0.1002,0.6041,3.2754,0.1326,,,,517,14,0.492,1.177,
alice,0,28676062,1074,0.0856,0.6267,3.4192,0.1326,,,,509,17,0.475,1.106,
alice,0,28676062,1075,0.1048,0.6053,3.3284,0.1326,,,,512,6,0.489,1.222,
alice,0,28676062,1076,0.1075,0.607,3.2745,0.1326,,,,518,3,0.493,1.158,
alice,0,28676062,1077,0.1096,0.6504,3.4851,0.1326,,,,512,11,0.5,1.255,
alice,0,28676062,1078,0.0936,0.5833,2.8645,0.1326,,,,513,13,0.489,1.16,
alice,0,28676062,1079,0.1264,0.6402,3.6111,0.1326,,,,519,8,0.479,1.348,
alice,0,28676062,1080,0.0929,0.6057,3.6508,0.1326,,,,515,9,0.475,1.195,
alice,0,28676062,1081,0.0966,0.6176,3.4242,0.1326,,,,505,12,0.49,1.466,
alice,0,28676062,1082,0.0786,0.6047,3.4126,0.1326,,,,505,14,0.484,1.116,
alice,0,28676062,1083,0.1014,0.6669,3.7089,0.1326,,,,510,12,0.488,1.607,
alice,0,28676062,1084,0.1048,0.5576,3.3814,0.1326,,,,518,5,0.503,1.198,
alice,0,28676062,1085,0.0826,0.566,3.0884,0.1326,,,,514,21,0.472,1.177,
alice,0,28676062,1086,0.0937,0.5636,3.268,0.1326,,,,517,25,0.452,1.156,
alice,0,28676062,1087,0.0777,0.6224,3.4322,0.1326,,,,514,11,0.486,1.187,
alice,0,28676062,1088,0.0787,0.6194,3.5,0.1326,,,,510,10,0.483,1.334,
alice,0,28676062,1089,0.0807,0.6162,3.4231,0.1326,,,,512,9,0.482,1.119,
alice,0,28676062,1090,0.0985,0.6411,3.5121,0.1326,,,,512,5,0.49,1.226,
alice,0,28676062,1091,0.0991,0.5914,3.439,0.1326,,,,518,5,0.485,1.285,
alice,0,28676062,1092,0.0913,0.6019,3.3821,0.1326,,,,509,3,0.487,1.323,
alice,0,28676062,1093,0.0887,0.6381,3.6537,0.1326,,,,517,6,0.491,1.297,
alice,0,28676062,1094,0.1046,0.5927,3.52,0.1326,,,,519,14,0.488,1.331,
alice,0,28676062,1095,0.0837,0.6171,3.5916,0.1326,,,,510,27,0.457,1.312,
alice,0,28676062,1096,0.101,0.706,3.9005,0.1326,,,,510,22,0.455,1.348,
alice,0,28676062,1097,0.1029,0.6536,3.845,0.1326,,,,520,7,0.473,1.089,
alice,0,28676062,1098,0.0941,0.6211,3.36,0.1326,,,,516,5,0.465,1.032,
alice,0,28676062,1099,0.1014,0.6019,3.4263,0.1326,,,,515,9,0.477,1.234,
alice,0,28676062,1100,0.0951,0.6322,3.6432,0.1326,,,,515,13,0.477,1.344,
alice,0,28676062,1101,0.1025,0.5652,3.4918,0.1326,,,,515,10,0.479,1.217,
alice,0,28676062,1102,0.09,0.5891,3.3172,0.1326,,,,515,5,0.506,1.236,
alice,0,28676062,1103,0.1018,0.584,3.2766,0.1326,,,,513,6,0.467,1.258,
alice,0,28676062,1104,0.092,0.6486,3.9661,0.1326,,,,517,8,0.467,1.149,
alice,0,28676062,1105,0.0918,0.628,3.541,0.1326,,,,514,15,0.463,1.165,
alice,0,28676062,1106,0.0971,0.5866,3.5,0.1326,,,,521,6,0.483,1.301,
alice,0,28676062,1107,0.0909,0.5765,3.2753,0.1326,,,,515,3,0.494,1.265,
alice,0,28676062,1108,0.074,0.57,3.4,0.1326,,,,517,11,0.486,1.217,
alice,0,28676062,1109,0.0792,0.5774,3.3086,0.1326,,,,515,6,0.483,1.274,
alice,0,28676062,1110,0.0889,0.5718,3.4138,0.1326,,,,512,10,0.505,1.222,
alice,0,28676062,1111,0.0577,0.6147,3.0761,0.1326,,,,510,10,0.477,1.338,
alice,0,28676062,1112,0.0777,0.5732,3.4767,0.1326,,,,511,11,0.484,1.434,
alice,0,28676062,1113,0.099,0.5543,3.3179,0.1326,,,,507,9,0.504,1.297,
alice,0,28676062,1114,0.0832,0.5745,3.2043,0.1326,,,,510,3,0.496,1.133,
alice,0,28676062,1115,0.0922,0.5485,3.2649,0.1326,,,,519,9,0.482,1.261,
alice,0,28676062,1116,0.0798,0.678,3.6612,0.1326,,,,518,4,0.475,1.162,
alice,0,28676062,1117,0.0889,0.6431,3.7714,0.1326,,,,509,11,0.484,1.144,
alice,0,28676062,1118,0.0813,0.6053,3.7861,0.1326,,,,516,14,0.5,1.257,
alice,0,28676062,1119,0.0917,0.6494,3.6961,0.1326,,,,511,9,0.492,1.396,
alice,0,28676062,1120,0.0978,0.609,3.533,0.1326,,,,521,7,0.484,1.33,
alice,0,28676062,1121,0.0956,0.638,3.9034,0.1326,,,,509,8,0.484,1.272,
alice,0,28676062,1122,0.0861,0.6311,3.3538,0.1326,,,,511,7,0.491,1.278,
alice,0,28676062,1123,0.0897,0.6498,3.7968,0.1326,,,,511,11,0.482,1.149,
alice,0,28676062,1124,0.1013,0.6291,3.7249,0.1326,,,,515,11,0.494,1.365,
alice,0,28676062,1125,0.096,0.6693,3.7128,0.1326,,,,514,3,0.48,1.099,
alice,0,28676062,1126,0.1211,0.6322,3.625,0.1326,,,,516,8,0.485,1.089,
alice,0,28676062,1127,0.079,0.6567,3.8432,0.1326,,,,513,10,0.47,1.192,
alice,0,28676062,1128,0.1086,0.6597,3.4623,0.1326,,,,510,4,0.48,1.187,
alice,0,28676062,1129,0.1207,0.5942,3.3116,0.1326,,,,516,10,0.462,1.174,
alice,0,28676062,1130,0.0814,0.6336,3.5959,0.1326,,,,508,17,0.461,1.178,
alice,0,28676062,1131,0.1113,0.6382,3.5753,0.1326,,,,514,12,0.475,1.372,
alice,0,28676062,1132,0.0971,0.6531,3.7705,0.1326,,,,518,8,0.467,1.134,
alice,0,28676062,1133,0.0744,0.5725,3.0677,0.1326,,,,517,6,0.49,1.163,
alice,0,28676062,1134,0.08,0.6324,3.4323,0.1326,,,,517,8,0.497,1.131,
alice,0,28676062,1135,0.0848,0.6771,3.4895,0.1326,,,,510,13,0.49,1.254,
alice,0,28676062,1136,0.1022,0.6122,3.4462,0.1326,,,,507,11,0.483,1.191,
alice,0,28676062,1137,0.0541,0.6322,3.6503,0.1326,,,,513,19,0.473,1.162,
alice,0,28676062,1138,0.0515,0.6768,3.4607,0.1326,,,,511,14,0.462,1.322,
alice,0,28676062,1139,0.0937,0.6398,3.2591,0.1326,,,,519,12,0.481,1.052,
alice,0,28676062,1140,0.0744,0.7037,4.2176,0.1326,,,,516,9,0.49,1.288,
alice,0,28676062,1141,0.0683,0.614,3.5922,0.1326,,,,512,12,0.478,1.2,
alice,0,28676062,1142,0.0739,0.6292,3.6667,0.1326,,,,514,17,0.461,1.194,
alice,0,28676062,1143,0.0909,0.6449,3.4722,0.1326,,,,509,11,0.474,1.155,
alice,0,28676062,1144,0.0814,0.6353,3.9006,0.1326,,,,514,11,0.483,1.181,
alice,0,28676062,1145,0.0981,0.6278,3.6629,0.1326,,,,508,8,0.506,1.262,
alice,0,28676062,1146,0.0742,0.6505,3.3915,0.1326,,,,512,18,0.47,1.17,
alice,0,28676062,1147,0.0737,0.6138,3.7556,0.1326,,,,513,9,0.478,1.253,
alice,0,28676062,1148,0.0813,0.664,3.6105,0.1326,,,,509,11,0.492,1.225,
alice,0,28676062,1149,0.0937,0.6756,3.7222,0.1326,,,,513,6,0.474,1.137,
alice,0,28676062,1150,0.0996,0.6142,3.398,0.1326,,,,514,20,0.437,1.314,
alice,0,28676062,1151,0.0841,0.6251,3.6474,0.1326,,,,520,10,0.473,1.108,
alice,0,28676062,1152,0.0728,0.7006,3.6856,0.1326,,,,506,7,0.479,1.354,
alice,0,28676062,1153,0.0886,0.6528,3.7846,0.1326,,,,515,5,0.485,1.396,
alice,0,28676062,1154,0.0857,0.6495,3.5781,0.1326,,,,516,13,0.475,1.516,
alice,0,28676062,1155,0.058,0.6594,3.4866,0.1326,,,,512,15,0.488,1.29,
alice,0,28676062,1156,0.0932,0.6374,3.7167,0.1326,,,,513,14,0.477,1.253,
alice,0,28676062,1157,0.0684,0.64,3.6141,0.1326,,,,511,7,0.465,1.069,
alice,0,28676062,1158,0.084,0.7012,3.8307,0.1326,,,,510,6,0.472,1.245,
alice,0,28676062,1159,0.0946,0.6859,3.6244,0.1326,,,,508,13,0.468,1.261,
alice,0,28676062,1160,0.0815,0.6191,3.6114,0.1326,,,,513,9,0.481,1.22,
alice,0,28676062,1161,0.1088,0.6672,3.8586,0.1326,,,,515,5,0.481,1.318,
alice,0,28676062,1162,0.1028,0.6624,3.5243,0.1326,,,,511,8,0.477,1.236,
alice,0,28676062,1163,0.1001,0.6225,3.2574,0.1326,,,,516,5,0.514,1.204,
alice,0,28676062,1164,0.1142,0.6723,3.7552,0.1326,,,,511,9,0.482,1.043,
alice,0,28676062,1165,0.086,0.6265,3.5936,0.1326,,,,515,13,0.47,1.179,
alice,0,28676062,1166,0.0996,0.6497,3.6935,0.1326,,,,517,10,0.486,1.214,
alice,0,28676062,1167,0.077,0.6401,3.5895,0.1326,,,,514,9,0.464,1.209,
alice,0,28676062,1168,0.0846,0.6609,3.4747,0.1326,,,,514,9,0.479,1.264,
alice,0,28676062,1169,0.0836,0.6436,3.456,0.1326,,,,516,25,0.433,1.135,
alice,0,28676062,1170,0.1029,0.5813,3.716,0.1326,,,,517,29,0.456,1.166,
alice,0,28676062,1171,0.0728,0.6183,3.7442,0.1326,,,,514,10,0.495,1.241,
alice,0,28676062,1172,0.0831,0.6223,3.6529,0.1326,,,,515,15,0.469,1.209,
alice,0,28676062,1173,0.0933,0.5837,3.6453,0.1326,,,,517,9,0.493,1.097,
alice,0,28676062,1174,0.0759,0.564,3.1429,0.1326,,,,509,14,0.484,1.277,
alice,0,28676062,1175,0.0915,0.5732,3.2056,0.1326,,,,513,8,0.496,1.174,
alice,0,28676062,1176,0.0795,0.568,3.0879,0.1326,,,,510,7,0.497,1.18,
alice,0,28676062,1177,0.0677,0.581,3.2514,0.1326,,,,520,9,0.462,1.309,
alice,0,28676062,1178,0.0689,0.6164,3.7384,0.1326,,,,517,5,0.474,1.188,
alice,0,28676062,1179,0.0681,0.571,3.4368,0.1326,,,,517,6,0.482,1.29,
alice,0,28676062,1180,0.0665,0.596,3.5281,0.1326,,,,516,4,0.489,1.218,
alice,0,28676062,1181,0.0792,0.6042,3.3657,0.1326,,,,517,10,0.486,1.169,
alice,0,28676062,1182,0.0651,0.5702,3.479,0.1326,,,,513,10,0.477,1.217,
alice,0,28676062,1183,0.0718,0.5576,3.2874,0.1326,,,,512,3,0.477,1.304,
alice,0,28676062,1184,0.0685,0.6066,3.4886,0.1326,,,,520,5,0.476,1.261,
alice,0,28676062,1185,0.0764,0.642,3.6199,0.1326,,,,517,12,0.465,1.206,
alice,0,28676062,1186,0.0717,0.6495,3.4157,0.1326,,,,508,20,0.457,1.374,
alice,0,28676062,1187,0.0664,0.6515,3.4011,0.1326,,,,518,9,0.463,1.351,
alice,0,28676062,1188,0.077,0.7031,4.0244,0.1326,,,,510,14,0.472,1.355,
alice,0,28676062,1189,0.0877,0.6334,3.0598,0.1326,,,,510,13,0.476,1.193,
alice,0,28676062,1190,0.0912,0.6215,3.2889,0.1326,,,,513,14,0.475,1.271,
alice,0,28676062,1191,0.0786,0.6366,3.4254,0.1326,,,,516,10,0.476,1.204,
alice,0,28676062,1192,0.0879,0.6796,3.7069,0.1326,,,,507,20,0.438,1.196,
alice,0,28676062,1193,0.0919,0.569,3.5689,0.1326,,,,511,17,0.471,1.119,
alice,0,28676062,1194,0.0901,0.6173,3.7241,0.1326,,,,514,13,0.492,1.195,
alice,0,28676062,1195,0.0844,0.5949,3.5819,0.1326,,,,515,4,0.496,1.391,
alice,0,28676062,1196,0.0721,0.5716,3.3077,0.1326,,,,514,9,0.5,1.158,
alice,0,28676062,1197,0.0887,0.6559,3.7348,0.1326,,,,514,11,0.477,1.251,
alice,0,28676062,1198,0.0698,0.5575,3.044,0.1326,,,,511,12,0.499,1.246,
alice,0,28676062,1199,0.0905,0.6361,3.5722,0.1326,,,,514,10,0.507,1.269,
alice,0,28676062,1200,0.0706,0.6397,3.5198,0.1326,,,,507,11,0.492,1.288,
alice,0,28676062,1201,0.0595,0.6193,3.3568,0.1326,,,,507,10,0.486,1.152,
alice,0,28676062,1202,0.0752,0.6444,3.6201,0.1326,,,,514,10,0.488,1.177,
alice,0,28676062,1203,0.107,0.6746,3.6793,0.1326,,,,515,7,0.483,1.203,
alice,0,28676062,1204,0.0444,0.671,3.6557,0.1326,,,,510,21,0.434,1.314,
alice,0,28676062,1205,0.0739,0.7044,3.9508,0.1326,,,,514,15,0.451,1.311,
alice,0,28676062,1206,0.0973,0.621,3.763,0.1326,,,,510,20,0.468,1.294,
alice,0,28676062,1207,0.0951,0.7139,4.2159,0.1326,,,,513,15,0.473,1.128,
alice,0,28676062,1208,0.0692,0.6447,3.543,0.1326,,,,512,5,0.472,1.2,
alice,0,28676062,1209,0.0856,0.5808,3.1186,0.1326,,,,511,7,0.494,1.246,
alice,0,28676062,1210,0.0803,0.6182,3.4188,0.1326,,,,506,9,0.477,1.222,
alice,0,28676062,1211,0.095,0.6468,3.4724,0.1326,,,,514,5,0.491,1.238,
alice,0,28676062,1212,0.0864,0.6563,3.9115,0.1326,,,,516,5,0.483,1.232,
alice,0,28676062,1213,0.0967,0.6312,3.2589,0.1326,,,,516,11,0.484,1.147,
alice,0,28676062,1214,0.0982,0.6412,3.5131,0.1326,,,,514,2,0.497,1.335,
alice,0,28676062,1215,0.0847,0.6291,3.3454,0.1326,,,,512,11,0.474,1.322,
alice,0,28676062,1216,0.0845,0.6484,3.774,0.1326,,,,511,14,0.468,1.146,
alice,0,28676062,1217,0.0949,0.6033,3.7486,0.1326,,,,510,9,0.484,1.244,
alice,0,28676062,1218,0.0979,0.61,3.3817,0.1326,,,,511,5,0.506,1.191,
alice,0,28676062,1219,0.0757,0.6384,3.4948,0.1326,,,,504,12,0.483,1.226,
alice,0,28676062,1220,0.0948,0.6777,3.9316,0.1326,,,,517,18,0.484,1.251,
alice,0,28676062,1221,0.0832,0.6598,3.6186,0.1326,,,,508,18,0.48,1.227,
alice,0,28676062,1222,0.1036,0.6756,3.8723,0.1326,,,,515,15,0.452,1.271,
alice,0,28676062,1223,0.0998,0.6396,3.8541,0.1326,,,,514,13,0.467,1.265,
alice,0,28676062,1224,0.0975,0.6363,3.3769,0.1326,,,,506,11,0.488,1.11,
alice,0,28676062,1225,0.1164,0.6165,3.7644,0.1326,,,,514,20,0.481,1.145,
alice,0,28676062,1226,0.1258,0.6099,3.7487,0.1326,,,,517,8,0.477,1.319,
alice,0,28676062,1227,0.1142,0.6168,3.1642,0.1326,,,,518,11,0.472,1.265,
alice,0,28676062,1228,0.0911,0.6194,3.4921,0.1326,,,,520,3,0.49,1.223,
alice,0,28676062,1229,0.0852,0.6022,3.4301,0.1326,,,,510,14,0.479,1.115,
alice,0,28676062,1230,0.0996,0.6424,3.9607,0.1326,,,,515,14,0.486,1.374,
alice,0,28676062,1231,0.0972,0.6447,3.7735,0.1326,,,,520,5,0.501,1.13,
alice,0,28676062,1232,0.0787,0.609,3.6404,0.1326,,,,511,9,0.498,1.205,
alice,0,28676062,1233,0.0824,0.6058,3.456,0.1326,,,,519,7,0.477,1.249,
alice,0,28676062,1234,0.0918,0.6349,3.6077,0.1326,,,,514,8,0.501,1.275,
alice,0,28676062,1235,0.0808,0.5727,3.3646,0.1326,,,,513,7,0.491,1.37,
alice,0,28676062,1236,0.0756,0.5225,3.1818,0.1326,,,,514,13,0.503,1.258,
alice,0,28676062,1237,0.0941,0.5848,3.4917,0.1326,,,,513,4,0.5,1.377,
alice,0,28676062,1238,0.0889,0.5857,3.2919,0.1326,,,,516,7,0.5,1.307,
alice,0,28676062,1239,0.0887,0.6348,3.6629,0.1326,,,,517,7,0.492,1.263,
alice,0,28676062,1240,0.0768,0.5479,3.4909,0.1326,,,,513,6,0.499,1.227,
alice,0,28676062,1241,0.0698,0.6256,3.625,0.1326,,,,512,8,0.496,1.219,
alice,0,28676062,1242,0.049,0.623,3.2873,0.1326,,,,510,10,0.497,1.256,
alice,0,28676062,1243,0.0726,0.6753,3.8556,0.1326,,,,505,14,0.491,1.209,
alice,0,28676062,1244,0.0889,0.6349,3.6393,0.1326,,,,516,9,0.484,1.265,
alice,0,28676062,1245,0.0966,0.5904,3.2222,0.1326,,,,520,5,0.51,1.224,
alice,0,28676062,1246,0.0677,0.6632,3.9116,0.1326,,,,513,8,0.485,1.251,
alice,0,28676062,1247,0.0779,0.6507,3.927,0.1326,,,,513,12,0.472,1.335,
alice,0,28676062,1248,0.0863,0.6581,3.7027,0.1326,,,,513,15,0.456,1.198,
alice,0,28676062,1249,0.1287,0.6052,3.4072,0.1326,,,,515,13,0.476,1.246,
alice,0,28676062,1250,0.072,0.6675,3.5155,0.1326,,,,514,10,0.478,1.165,
alice,0,28676062,1251,0.0773,0.6478,3.7447,0.1326,,,,519,9,0.488,1.249,
alice,0,28676062,1252,0.0801,0.6414,3.4919,0.1326,,,,518,14,0.469,1.165,
alice,0,28676062,1253,0.0893,0.6436,3.3209,0.1326,,,,514,12,0.502,1.233,
alice,0,28676062,1254,0.087,0.6789,3.5622,0.1326,,,,514,6,0.506,1.377,
alice,0,28676062,1255,0.0925,0.5663,3.1413,0.1326,,,,512,13,0.481,1.153,
alice,0,28676062,1256,0.0773,0.6428,3.4895,0.1326,,,,509,7,0.49,1.221,
alice,0,28676062,1257,0.1003,0.6548,3.6108,0.1326,,,,514,6,0.488,1.228,
alice,0,28676062,1258,0.1014,0.6619,3.6721,0.1326,,,,509,9,0.489,1.212,
alice,0,28676062,1259,0.099,0.6709,4.0217,0.1326,,,,512,11,0.484,1.134,
alice,0,28676062,1260,0.0905,0.6913,3.7876,0.1326,,,,512,7,0.486,1.427,
alice,0,28676062,1261,0.0894,0.6291,3.3571,0.1326,,,,520,12,0.479,1.225,
alice,0,28676062,1262,0.1043,0.7067,3.6888,0.1326,,,,508,14,0.466,1.382,
alice,0,28676062,1263,0.1275,0.692,4.0412,0.1326,,,,518,8,0.469,1.288,
alice,0,28676062,1264,0.0921,0.6743,3.8093,0.1326,,,,513,13,0.475,1.463,
alice,0,28676062,1265,0.1109,0.6546,3.7128,0.1326,,,,509,13,0.479,1.395,
alice,0,28676062,1266,0.1039,0.6369,3.4974,0.1326,,,,514,15,0.474,1.286,
alice,0,28676062,1267,0.1036,0.6421,3.7778,0.1326,,,,515,12,0.461,1.181,
alice,0,28676062,1268,0.1021,0.6156,3.6033,0.1326,,,,518,11,0.507,1.189,
alice,0,28676062,1269,0.0874,0.6549,3.7358,0.1326,,,,516,8,0.47,1.064,
alice,0,28676062,1270,0.0848,0.6138,3.6263,0.1326,,,,511,17,0.456,1.209,
alice,0,28676062,1271,0.0934,0.646,3.6462,0.1326,,,,511,13,0.474,1.299,
alice,0,28676062,1272,0.1068,0.6113,3.149,0.1326,,,,507,5,0.5,1.267,
alice,0,28676062,1273,0.1084,0.6331,3.5463,0.1326,,,,514,5,0.484,1.083,
alice,0,28676062,1274,0.081,0.6133,3.3168,0.1326,,,,507,9,0.487,1.295,
alice,0,28676062,1275,0.0943,0.6441,3.6436,0.1326,,,,511,17,0.47,1.273,
alice,0,28676062,1276,0.0942,0.6536,3.5433,0.1326,,,,513,18,0.449,1.066,
alice,0,28676062,1277,0.096,0.6869,3.7857,0.1326,,,,520,3,0.487,1.108,
alice,0,28676062,1278,0.0988,0.696,3.92,0.1326,,,,522,8,0.469,1.288,
alice,0,28676062,1279,0.1008,0.7049,3.7949,0.1326,,,,514,7,0.458,1.117,
alice,0,28676062,1280,0.0803,0.6002,3.5376,0.1326,,,,519,6,0.5,1.151,
alice,0,28676062,1281,0.0909,0.5991,3.2021,0.1326,,,,513,7,0.473,1.244,
alice,0,28676062,1282,0.0721,0.6695,3.6308,0.1326,,,,509,11,0.483,1.278,
alice,0,28676062,1283,0.0765,0.6718,4.0,0.1326,,,,517,11,0.464,1.209,
alice,0,28676062,1284,0.0849,0.6783,3.9462,0.1326,,,,510,12,0.469,1.221,
alice,0,28676062,1285,0.0722,0.65,3.8883,0.1326,,,,513,15,0.476,1.315,
alice,0,28676062,1286,0.0797,0.6613,3.4335,0.1326,,,,511,9,0.49,1.237,
alice,0,28676062,1287,0.078,0.6672,3.4709,0.1326,,,,513,9,0.487,1.18,
alice,0,28676062,1288,0.0819,0.6687,3.6373,0.1326,,,,513,14,0.464,1.224,
alice,0,28676062,1289,0.1049,0.6762,3.9289,0.1326,,,,522,7,0.484,1.276,
alice,0,28676062,1290,0.0864,0.6874,3.841,0.1326,,,,513,11,0.474,1.147,
alice,0,28676062,1291,0.0931,0.6575,3.9211,0.1326,,,,507,16,0.455,1.361,
alice,0,28676062,1292,0.0957,0.6294,3.4874,0.1326,,,,519,13,0.485,1.274,
alice,0,28676062,1293,0.1017,0.6452,3.8824,0.1326,,,,515,11,0.47,1.126,
alice,0,28676062,1294,0.1091,0.6396,3.7968,0.1326,,,,513,3,0.492,1.268,
alice,0,28676062,1295,0.0973,0.6617,3.441,0.1326,,,,512,10,0.476,1.19,
alice,0,28676062,1296,0.1145,0.5812,3.5217,0.1326,,,,523,5,0.486,1.249,
alice,0,28676062,1297,0.1025,0.606,3.8122,0.1326,,,,515,9,0.49,1.228,
alice,0,28676062,1298,0.0927,0.583,3.3776,0.1326,,,,516,7,0.481,1.282,
alice,0,28676062,1299,0.1003,0.6237,3.6579,0.1326,,,,513,3,0.494,1.158,
alice,0,28676062,1300,0.0917,0.663,3.7812,0.1326,,,,511,10,0.485,1.127,
alice,0,28676062,1301,0.0959,0.69,3.8384,0.1326,,,,518,8,0.461,1.194,
alice,0,28676062,1302,0.0866,0.6014,3.3161,0.1326,,,,511,12,0.484,1.114,
alice,0,28676062,1303,0.0791,0.6073,3.4388,0.1326,,,,516,8,0.491,1.283,
alice,0,28676062,1304,0.0754,0.6631,3.5619,0.1326,,,,515,9,0.468,1.199,
alice,0,28676062,1305,0.0759,0.6859,3.8,0.1326,,,,516,4,0.484,1.17,
alice,0,28676062,1306,0.0488,0.7147,3.5663,0.1326,,,,517,12,0.456,1.152,
alice,0,28676062,1307,0.0565,0.6942,3.4049,0.1326,,,,507,14,0.455,1.37,
alice,0,28676062,1308,0.104,0.6843,3.71,0.1326,,,,516,8,0.491,1.102,
alice,0,28676062,1309,0.0801,0.6328,3.495,0.1326,,,,515,13,0.481,1.12,
alice,0,28676062,1310,0.0821,0.7258,3.8955,0.1326,,,,517,9,0.462,1.37,
alice,0,28676062,1311,0.0839,0.7009,3.4563,0.1326,,,,511,10,0.46,1.236,
alice,0,28676062,1312,0.0955,0.6516,3.5842,0.1326,,,,520,10,0.491,1.378,
alice,0,28676062,1313,0.0936,0.6283,3.5,0.1326,,,,512,8,0.499,1.242,
alice,0,28676062,1314,0.1081,0.638,3.4343,0.1326,,,,508,11,0.477,1.23,
alice,0,28676062,1315,0.0996,0.6585,3.4949,0.1326,,,,514,9,0.482,1.105,
alice,0,28676062,1316,0.0873,0.6337,3.6042,0.1326,,,,515,12,0.493,1.261,
alice,0,28676062,1317,0.0719,0.6404,3.5628,0.1326,,,,515,5,0.51,1.212,
alice,0,28676062,1318,0.0871,0.6557,3.5949,0.1326,,,,515,10,0.491,1.257,
alice,0,28676062,1319,0.0782,0.7269,3.8462,0.1326,,,,507,13,0.463,1.147,
alice,0,28676062,1320,0.0842,0.6344,3.6,0.1326,,,,510,12,0.479,1.36,
alice,0,28676062,1321,0.0867,0.6698,3.467,0.1326,,,,508,16,0.468,1.126,
alice,0,28676062,1322,0.0844,0.7566,4.0238,0.1326,,,,512,9,0.472,1.325,
alice,0,28676062,1323,0.0894,0.7055,3.7847,0.1326,,,,513,12,0.465,1.232,
alice,0,28676062,1324,0.1108,0.6789,3.8469,0.1326,,,,512,11,0.475,1.261,
alice,0,28676062,1325,0.1027,0.634,3.6938,0.1326,,,,510,13,0.504,1.282,
alice,0,28676062,1326,0.1049,0.6632,4.0193,0.1326,,,,515,7,0.5,1.198,
alice,0,28676062,1327,0.1063,0.6669,3.7548,0.1326,,,,511,17,0.471,1.286,
alice,0,28676062,1328,0.0916,0.6421,3.6459,0.1326,,,,519,9,0.477,1.152,
alice,0,28676062,1329,0.1229,0.6866,3.9652,0.1326,,,,515,19,0.47,1.158,
alice,0,28676062,1330,0.107,0.6411,3.904,0.1326,,,,519,13,0.481,1.157,
alice,0,28676062,1331,0.0973,0.6077,3.1456,0.1326,,,,510,21,0.457,1.142,
alice,0,28676062,1332,0.1286,0.6431,4.0052,0.1326,,,,515,8,0.49,1.408,
alice,0,28676062,1333,0.1149,0.5979,3.1832,0.1326,,,,515,8,0.502,1.38,
alice,0,28676062,1334,0.1084,0.5869,3.4596,0.1326,,,,513,5,0.506,1.324,
alice,0,28676062,1335,0.1178,0.6155,3.7668,0.1326,,,,515,11,0.491,1.166,
alice,0,28676062,1336,0.1064,0.624,3.6733,0.1326,,,,522,4,0.48,1.158,
alice,0,28676062,1337,0.113,0.6263,3.7277,0.1326,,,,511,15,0.472,1.349,
alice,0,28676062,1338,0.1047,0.6423,3.6276,0.1326,,,,517,8,0.498,1.323,
alice,0,28676062,1339,0.0981,0.5978,3.5054,0.1326,,,,513,9,0.497,1.166,
alice,0,28676062,1340,0.0897,0.5874,3.0415,0.1326,,,,502,24,0.466,1.238,
alice,0,28676062,1341,0.1005,0.6846,3.6462,0.1326,,,,510,34,0.441,1.131,
alice,0,28676062,1342,0.069,0.6615,3.5337,0.1326,,,,511,20,0.489,1.477,
alice,0,28676062,1343,0.0884,0.6275,3.4444,0.1326,,,,513,9,0.485,1.333,
alice,0,28676062,1344,0.0721,0.6412,3.393,0.1326,,,,512,12,0.501,1.234,
alice,0,28676062,1345,0.0818,0.6574,3.6839,0.1326,,,,519,6,0.5,1.329,
alice,0,28676062,1346,0.0885,0.6634,3.5904,0.1326,,,,508,22,0.468,1.206,
alice,0,28676062,1347,0.0617,0.6925,3.6,0.1326,,,,516,8,0.473,1.295,
alice,0,28676062,1348,0.0876,0.6408,3.5722,0.1326,,,,516,14,0.497,1.402,
alice,0,28676062,1349,0.093,0.6769,3.9209,0.1326,,,,514,9,0.487,1.34,
alice,0,28676062,1350,0.0781,0.6803,3.9832,0.1326,,,,513,11,0.479,1.265,
alice,0,28676062,1351,0.0738,0.6888,3.6354,0.1326,,,,505,7,0.479,1.394,
alice,0,28676062,1352,0.0798,0.7316,3.8883,0.1326,,,,506,13,0.457,1.287,
alice,0,28676062,1353,0.088,0.7315,3.9261,0.1326,,,,506,12,0.465,1.229,
alice,0,28676062,1354,0.1082,0.7168,3.9216,0.1326,,,,515,9,0.456,1.283,
alice,0,28676062,1355,0.0896,0.7142,3.8069,0.1326,,,,512,11,0.469,1.4,
alice,0,28676062,1356,0.0828,0.6863,3.705,0.1326,,,,510,13,0.482,1.153,
alice,0,28676062,1357,0.0929,0.6055,3.5561,0.1326,,,,520,10,0.484,1.195,
alice,0,28676062,1358,0.0899,0.6317,3.6701,0.1326,,,,520,6,0.471,1.17,
alice,0,28676062,1359,0.0866,0.6877,3.4537,0.1326,,,,511,11,0.491,1.172,
alice,0,28676062,1360,0.0932,0.6985,4.1122,0.1326,,,,515,8,0.475,1.159,
alice,0,28676062,1361,0.0823,0.7101,4.0154,0.1326,,,,512,18,0.467,1.247,
alice,0,28676062,1362,0.0844,0.6918,3.8232,0.1326,,,,514,10,0.474,1.362,
alice,0,28676062,1363,0.0777,0.7972,4.1667,0.1326,,,,506,19,0.462,1.237,
alice,0,28676062,1364,0.0891,0.7511,3.9761,0.1326,,,,509,13,0.451,1.167,
alice,0,28676062,1365,0.11,0.7426,3.9767,0.1326,,,,511,5,0.491,1.206,
alice,0,28676062,1366,0.0934,0.7077,3.6574,0.1326,,,,521,12,0.484,1.425,
alice,0,28676062,1367,0.0991,0.6432,3.3922,0.1326,,,,515,19,0.47,1.392,
alice,0,28676062,1368,0.0732,0.6501,3.495,0.1326,,,,515,11,0.482,1.335,
alice,0,28676062,1369,0.0901,0.6232,3.4041,0.1326,,,,511,6,0.495,1.264,
alice,0,28676062,1370,0.0885,0.6352,3.7842,0.1326,,,,515,4,0.496,1.176,
alice,0,28676062,1371,0.0963,0.5769,3.4233,0.1326,,,,515,8,0.487,1.193,
alice,0,28676062,1372,0.1113,0.5956,3.5181,0.1326,,,,512,8,0.497,1.153,
alice,0,28676062,1373,0.07,0.6331,3.625,0.1326,,,,514,12,0.495,1.181,
alice,0,28676062,1374,0.0786,0.6339,3.403,0.1326,,,,512,13,0.482,1.168,
alice,0,28676062,1375,0.0796,0.6707,3.5795,0.1326,,,,512,17,0.486,1.243,
alice,0,28676062,1376,0.068,0.7169,3.79,0.1326,,,,512,5,0.499,1.268,
alice,0,28676062,1377,0.0696,0.6903,3.5373,0.1326,,,,514,8,0.478,1.295,
alice,0,28676062,1378,0.0751,0.7187,3.86,0.1326,,,,515,7,0.516,1.195,
alice,0,28676062,1379,0.0643,0.7226,3.9896,0.1326,,,,512,14,0.47,1.249,
alice,0,28676062,1380,0.0816,0.6804,3.4806,0.1326,,,,516,9,0.476,1.227,
alice,0,28676062,1381,0.0814,0.6058,3.25,0.1326,,,,516,9,0.501,1.137,
alice,0,28676062,1382,0.0742,0.6871,3.8,0.1326,,,,519,4,0.525,1.11,
alice,0,28676062,1383,0.0768,0.6409,3.8663,0.1326,,,,517,7,0.482,1.387,
alice,0,28676062,1384,0.0879,0.6462,3.8564,0.1326,,,,514,11,0.489,1.316,
alice,0,28676062,1385,0.078,0.6369,3.5684,0.1326,,,,521,5,0.495,1.266,
alice,0,28676062,1386,0.0812,0.6491,3.5833,0.1326,,,,511,5,0.502,1.234,
alice,0,28676062,1387,0.0839,0.638,3.544,0.1326,,,,516,7,0.497,1.133,
alice,0,28676062,1388,0.09,0.6597,3.6649,0.1326,,,,516,15,0.475,1.29,
alice,0,28676062,1389,0.0941,0.6359,3.7043,0.1326,,,,513,7,0.487,1.241,
alice,0,28676062,1390,0.0723,0.6001,3.6111,0.1326,,,,513,19,0.475,1.26,
alice,0,28676062,1391,0.0897,0.6832,3.6186,0.1326,,,,512,12,0.504,1.257,
alice,0,28676062,1392,0.083,0.6247,3.541,0.1326,,,,511,18,0.466,1.079,
alice,0,28676062,1393,0.0864,0.6719,3.7448,0.1326,,,,512,6,0.484,1.089,
alice,0,28676062,1394,0.0835,0.5942,3.5842,0.1326,,,,517,5,0.492,1.242,
alice,0,28676062,1395,0.0904,0.6931,3.6818,0.1326,,,,513,8,0.497,1.278,
alice,0,28676062,1396,0.0724,0.6512,3.7041,0.1326,,,,510,15,0.477,1.297,
alice,0,28676062,1397,0.0789,0.6088,3.4619,0.1326,,,,510,16,0.474,1.235,
alice,0,28676062,1398,0.0636,0.6487,3.53,0.1326,,,,517,9,0.471,1.107,
alice,0,28676062,1399,0.0744,0.6633,3.8214,0.1326,,,,517,12,0.473,1.399,
alice,0,28676062,1400,0.0685,0.6432,3.5871,0.1326,,,,522,8,0.492,1.148,
alice,0,28676062,1401,0.0834,0.6668,3.7989,0.1326,,,,513,15,0.492,1.27,
alice,0,28676062,1402,0.0812,0.7431,3.8141,0.1326,,,,515,9,0.475,1.252,
alice,0,28676062,1403,0.0729,0.7224,3.9795,0.1326,,,,511,13,0.468,1.146,
alice,0,28676062,1404,0.0897,0.7378,3.8818,0.1326,,,,516,12,0.461,1.205,
alice,0,28676062,1405,0.0801,0.6924,3.8083,0.1326,,,,517,7,0.485,1.161,
alice,0,28676062,1406,0.0866,0.6854,3.8684,0.1326,,,,505,12,0.479,1.312,
alice,0,28676062,1407,0.0987,0.6652,3.8254,0.1326,,,,517,8,0.478,1.385,
alice,0,28676062,1408,0.0552,0.586,3.3495,0.1326,,,,516,14,0.465,1.38,
alice,0,28676062,1409,0.0546,0.6604,3.7765,0.1326,,,,512,10,0.506,1.308,
alice,0,28676062,1410,0.073,0.622,3.4301,0.1326,,,,513,10,0.519,1.193,
alice,0,28676062,1411,0.0741,0.7021,3.8396,0.1326,,,,515,3,0.521,1.24,
alice,0,28676062,1412,0.0675,0.6377,3.7405,0.1326,,,,514,8,0.488,1.182,
alice,0,28676062,1413,0.0744,0.6842,3.5373,0.1326,,,,512,5,0.489,1.238,
alice,0,28676062,1414,0.0781,0.6897,3.78,0.1326,,,,510,8,0.484,1.138,
alice,0,28676062,1415,0.0968,0.7207,3.7843,0.1326,,,,511,10,0.494,1.229,
alice,0,28676062,1416,0.065,0.7073,3.6617,0.1326,,,,504,15,0.463,1.347,
alice,0,28676062,1417,0.1005,0.6915,3.6957,0.1326,,,,511,17,0.451,1.224,
alice,0,28676062,1418,0.0845,0.6146,3.1455,0.1326,,,,512,9,0.495,1.259,
alice,0,28676062,1419,0.103,0.6581,3.685,0.1326,,,,517,5,0.498,1.347,
alice,0,28676062,1420,0.0778,0.6812,3.7437,0.1326,,,,513,14,0.474,1.451,
alice,0,28676062,1421,0.0907,0.6176,3.6082,0.1326,,,,512,15,0.496,1.221,
alice,0,28676062,1422,0.1096,0.6345,3.5909,0.1326,,,,517,4,0.498,1.401,
alice,0,28676062,1423,0.0914,0.6537,3.5678,0.1326,,,,516,2,0.495,1.166,
alice,0,28676062,1424,0.0841,0.6679,3.7614,0.1326,,,,510,16,0.482,1.135,
alice,0,28676062,1425,0.1009,0.6935,3.8571,0.1326,,,,519,11,0.484,1.257,
alice,0,28676062,1426,0.0985,0.6615,4.0,0.1326,,,,518,7,0.484,1.162,
alice,0,28676062,1427,0.0794,0.629,3.7632,0.1326,,,,514,6,0.497,1.293,
alice,0,28676062,1428,0.0989,0.6146,3.3557,0.1326,,,,515,5,0.488,1.302,
alice,0,28676062,1429,0.0936,0.6332,3.738,0.1326,,,,516,1,0.509,1.217,
alice,0,28676062,1430,0.0923,0.6313,3.7062,0.1326,,,,515,5,0.513,1.373,
alice,0,28676062,1431,0.0894,0.6254,3.6243,0.1326,,,,508,14,0.49,1.257,
alice,0,28676062,1432,0.0976,0.603,3.6872,0.1326,,,,516,8,0.514,1.235,
alice,0,28676062,1433,0.0734,0.6306,3.625,0.1326,,,,510,12,0.485,1.272,
alice,0,28676062,1434,0.0969,0.6794,3.4433,0.1326,,,,514,12,0.496,1.204,
alice,0,28676062,1435,0.0828,0.6547,3.7011,0.1326,,,,508,13,0.476,1.172,
alice,0,28676062,1436,0.084,0.602,3.4783,0.1326,,,,519,8,0.493,1.427,
alice,0,28676062,1437,0.0952,0.5717,3.4022,0.1326,,,,517,4,0.504,1.297,
alice,0,28676062,1438,0.0826,0.6265,3.7135,0.1326,,,,516,6,0.485,1.507,
alice,0,28676062,1439,0.0736,0.6568,3.5359,0.1326,,,,517,3,0.487,1.173,
alice,0,28676062,1440,0.0733,0.6228,3.5084,0.1326,,,,513,5,0.485,1.33,
alice,0,28676062,1441,0.0905,0.6257,3.4451,0.1326,,,,513,8,0.483,1.27,
alice,0,28676062,1442,0.0943,0.6039,3.4432,0.1326,,,,514,5,0.48,1.261,
alice,0,28676062,1443,0.075,0.6524,3.6464,0.1326,,,,516,8,0.488,1.308,
alice,0,28676062,1444,0.0951,0.5863,3.2204,0.1326,,,,517,5,0.498,1.172,
alice,0,28676062,1445,0.0958,0.6622,3.7104,0.1326,,,,511,6,0.496,1.282,
alice,0,28676062,1446,0.0819,0.6371,3.7198,0.1326,,,,511,4,0.495,1.479,
alice,0,28676062,1447,0.0908,0.641,3.4579,0.1326,,,,512,3,0.492,1.252,
alice,0,28676062,1448,0.0974,0.5845,3.0829,0.1326,,,,512,9,0.494,1.315,
alice,0,28676062,1449,0.0886,0.6476,3.6455,0.1326,,,,514,9,0.472,1.233,
alice,0,28676062,1450,0.0983,0.6163,3.255,0.1326,,,,512,9,0.49,1.168,
alice,0,28676062,1451,0.1036,0.6528,4.1183,0.1326,,,,518,5,0.488,1.224,
alice,0,28676062,1452,0.0995,0.6321,3.6198,0.1326,,,,520,6,0.484,1.174,
alice,0,28676062,1453,0.0964,0.6883,3.7071,0.1326,,,,510,22,0.457,1.386,
alice,0,28676062,1454,0.1278,0.6856,3.7644,0.1326,,,,516,12,0.483,1.29,
alice,0,28676062,1455,0.1225,0.6233,3.6557,0.1326,,,,519,10,0.483,1.225,
alice,0,28676062,1456,0.1073,0.6145,3.765,0.1326,,,,520,5,0.486,1.269,
alice,0,28676062,1457,0.1215,0.6245,3.5683,0.1326,,,,516,6,0.483,1.158,
alice,0,28676062,1458,0.1277,0.6693,3.8785,0.1326,,,,510,5,0.495,1.268,
alice,0,28676062,1459,0.114,0.6403,3.8556,0.1326,,,,517,11,0.477,1.442,
alice,0,28676062,1460,0.1139,0.6517,3.7253,0.1326,,,,517,5,0.476,1.216,
alice,0,28676062,1461,0.0988,0.6554,3.6111,0.1326,,,,508,10,0.493,1.246,
alice,0,28676062,1462,0.1136,0.6182,3.6854,0.1326,,,,515,10,0.484,1.254,
alice,0,28676062,1463,0.1227,0.6842,4.1742,0.1326,,,,510,5,0.518,1.309,
alice,0,28676062,1464,0.1084,0.6484,3.6354,0.1326,,,,518,8,0.495,1.248,
alice,0,28676062,1465,0.1152,0.6881,3.6528,0.1326,,,,513,6,0.507,1.153,
alice,0,28676062,1466,0.1088,0.6623,3.5337,0.1326,,,,510,16,0.494,1.205,
alice,0,28676062,1467,0.1092,0.6606,3.8085,0.1326,,,,514,8,0.486,1.167,
alice,0,28676062,1468,0.1063,0.6081,3.7351,0.1326,,,,517,8,0.476,1.183,
alice,0,28676062,1469,0.1053,0.6855,3.8342,0.1326,,,,515,7,0.484,1.226,
alice,0,28676062,1470,0.0935,0.6266,3.4615,0.1326,,,,513,8,0.485,1.202,
alice,0,28676062,1471,0.1009,0.6515,3.7432,0.1326,,,,511,10,0.461,1.257,
alice,0,28676062,1472,0.0951,0.7119,3.7306,0.1326,,,,515,7,0.487,1.191,
alice,0,28676062,1473,0.0804,0.6698,3.5479,0.1326,,,,511,10,0.473,1.148,
alice,0,28676062,1474,0.0991,0.6437,3.9371,0.1326,,,,513,8,0.499,1.168,
alice,0,28676062,1475,0.1057,0.6139,3.5307,0.1326,,,,514,3,0.511,1.261,
alice,0,28676062,1476,0.0898,0.6159,3.581,0.1326,,,,515,8,0.489,1.264,
alice,0,28676062,1477,0.0877,0.6542,3.7853,0.1326,,,,507,11,0.488,1.343,
alice,0,28676062,1478,0.0934,0.6542,4.0405,0.1326,,,,515,7,0.483,1.13,
alice,0,28676062,1479,0.122,0.6142,3.8556,0.1326,,,,515,3,0.513,1.29,
alice,0,28676062,1480,0.0827,0.6429,3.7921,0.1326,,,,517,13,0.481,1.337,
alice,0,28676062,1481,0.076,0.6082,3.508,0.1326,,,,515,11,0.468,1.139,
alice,0,28676062,1482,0.088,0.6299,3.6836,0.1326,,,,518,8,0.479,1.168,
alice,0,28676062,1483,0.0885,0.6418,3.5652,0.1326,,,,515,7,0.48,1.172,
alice,0,28676062,1484,0.0551,0.6918,3.7688,0.1326,,,,514,9,0.492,1.132,
alice,0,28676062,1485,0.0585,0.6526,3.6455,0.1326,,,,514,8,0.484,1.318,
alice,0,28676062,1486,0.0686,0.694,3.7487,0.1326,,,,506,14,0.472,1.172,
alice,0,28676062,1487,0.0793,0.7146,4.0105,0.1326,,,,515,4,0.493,1.466,
alice,0,28676062,1488,0.0857,0.6566,3.5102,0.1326,,,,509,6,0.5,1.247,
alice,0,28676062,1489,0.0866,0.7245,3.9689,0.1326,,,,508,10,0.481,1.179,
alice,0,28676062,1490,0.0956,0.6872,3.8579,0.1326,,,,514,10,0.482,1.326,
alice,0,28676062,1491,0.0747,0.7291,3.9854,0.1326,,,,512,12,0.462,1.485,
alice,0,28676062,1492,0.0872,0.7166,3.9417,0.1326,,,,521,11,0.483,1.266,
alice,0,28676062,1493,0.0788,0.6979,3.6683,0.1326,,,,514,4,0.497,1.137,
alice,0,28676062,1494,0.0886,0.7129,4.0404,0.1326,,,,520,10,0.469,1.298,
alice,0,28676062,1495,0.0721,0.709,3.84,0.1326,,,,512,10,0.467,1.202,
alice,0,28676062,1496,0.0815,0.6633,3.6749,0.1326,,,,520,9,0.473,1.173,
alice,0,28676062,1497,0.0768,0.6953,3.5909,0.1326,,,,518,6,0.481,1.354,
alice,0,28676062,1498,0.0757,0.6809,3.8235,0.1326,,,,517,9,0.475,1.394,
alice,0,28676062,1499,0.0694,0.7422,4.0757,0.1326,,,,519,5,0.471,1.206,
alice,0,28676062,1500,0.0714,0.7068,3.9405,0.1326,,,,514,9,0.475,1.391,
alice,0,28676062,1501,0.0728,0.6383,3.7005,0.1326,,,,510,6,0.502,1.237,
alice,0,28676062,1502,0.0858,0.676,3.9531,0.1326,,,,512,3,0.497,1.321,
alice,0,28676062,1503,0.0702,0.694,3.66,0.1326,,,,505,14,0.472,1.301,
alice,0,28676062,1504,0.091,0.7386,4.1139,0.1326,,,,516,5,0.489,1.141,
alice,0,28676062,1505,0.0895,0.721,3.7053,0.1326,,,,508,9,0.478,1.163,
alice,0,28676062,1506,0.0882,0.7489,3.9014,0.1326,,,,515,15,0.472,1.204,
alice,0,28676062,1507,0.0877,0.7315,3.8396,0.1326,,,,513,12,0.47,1.268,
alice,0,28676062,1508,0.1033,0.7367,3.823,0.1326,,,,516,8,0.505,1.155,
alice,0,28676062,1509,0.0592,0.718,3.8019,0.1326,,,,519,8,0.481,1.325,
alice,0,28676062,1510,0.0707,0.6951,3.701,0.1326,,,,514,7,0.513,1.396,
alice,0,28676062,1511,0.0915,0.6658,3.9146,0.1326,,,,516,5,0.486,1.235,
alice,0,28676062,1512,0.0949,0.6941,3.4882,0.1326,,,,505,6,0.515,1.224,
alice,0,28676062,1513,0.096,0.6619,3.4571,0.1326,,,,513,3,0.492,1.278,
alice,0,28676062,1514,0.093,0.6422,3.7812,0.1326,,,,515,10,0.496,1.548,
alice,0,28676062,1515,0.0938,0.6891,3.5588,0.1326,,,,502,14,0.48,1.238,
alice,0,28676062,1516,0.0856,0.6571,3.8,0.1326,,,,518,7,0.496,1.291,
alice,0,28676062,1517,0.0924,0.709,4.0508,0.1326,,,,511,18,0.473,1.245,
alice,0,28676062,1518,0.0886,0.7401,4.1378,0.1326,,,,517,9,0.471,1.249,
alice,0,28676062,1519,0.079,0.6343,3.467,0.1326,,,,518,5,0.482,1.161,
alice,0,28676062,1520,0.0655,0.6942,4.0952,0.1326,,,,512,18,0.458,1.336,
alice,0,28676062,1521,0.0741,0.666,3.725,0.1326,,,,515,11,0.494,1.195,
alice,0,28676062,1522,0.0793,0.6837,3.3932,0.1326,,,,506,5,0.503,1.31,
alice,0,28676062,1523,0.0812,0.74,4.068,0.1326,,,,508,11,0.474,1.162,
alice,0,28676062,1524,0.089,0.7331,3.9159,0.1326,,,,512,14,0.472,1.282,
alice,0,28676062,1525,0.0975,0.713,4.0995,0.1326,,,,512,17,0.474,1.078,
alice,0,28676062,1526,0.0771,0.7175,3.9512,0.1326,,,,518,6,0.506,1.272,
alice,0,28676062,1527,0.0895,0.7835,3.9043,0.1326,,,,504,11,0.491,1.323,
alice,0,28676062,1528,0.0811,0.7473,4.0966,0.1326,,,,510,14,0.473,1.305,
alice,0,28676062,1529,0.0978,0.7356,4.0142,0.1326,,,,515,9,0.478,1.284,
alice,0,28676062,1530,0.0897,0.7476,4.1951,0.1326,,,,518,6,0.479,1.294,
alice,0,28676062,1531,0.079,0.7477,4.109,0.1326,,,,504,18,0.488,1.307,
alice,0,28676062,1532,0.11,0.7428,3.7556,0.1326,,,,520,10,0.453,1.313,
alice,0,28676062,1533,0.1077,0.74,4.1651,0.1326,,,,521,6,0.49,1.289,
alice,0,28676062,1534,0.1081,0.7144,4.1159,0.1326,,,,512,11,0.484,1.481,
alice,0,28676062,1535,0.1035,0.7438,4.0187,0.1326,,,,509,12,0.476,1.185,
alice,0,28676062,1536,0.0996,0.7075,3.9372,0.1326,,,,517,13,0.475,1.557,
alice,0,28676062,1537,0.1,0.6486,3.6699,0.1326,,,,517,6,0.47,1.328,
alice,0,28676062,1538,0.1018,0.6378,3.7437,0.1326,,,,511,12,0.467,1.196,
alice,0,28676062,1539,0.1102,0.6613,3.7438,0.1326,,,,518,1,0.478,1.322,
alice,0,28676062,1540,0.1133,0.7349,4.205,0.1326,,,,508,9,0.461,1.156,
alice,0,28676062,1541,0.0865,0.6476,3.5784,0.1326,,,,517,12,0.476,1.286,
alice,0,28676062,1542,0.1205,0.6835,3.965,0.1326,,,,511,9,0.476,1.373,
alice,0,28676062,1543,0.1271,0.6529,3.555,0.1326,,,,512,10,0.472,1.324,
alice,0,28676062,1544,0.1191,0.6425,3.5337,0.1326,,,,512,8,0.468,1.196,
alice,0,28676062,1545,0.1157,0.7049,3.6635,0.1326,,,,512,7,0.495,1.198,
alice,0,28676062,1546,0.1293,0.7387,4.1304,0.1326,,,,509,6,0.485,1.301,
alice,0,28676062,1547,0.1217,0.7119,3.7349,0.1326,,,,512,9,0.494,1.303,
alice,0,28676062,1548,0.1347,0.6739,4.0291,0.1326,,,,516,10,0.487,1.191,
alice,0,28676062,1549,0.1283,0.6822,4.2284,0.1326,,,,517,4,0.478,1.227,
alice,0,28676062,1550,0.1172,0.6697,3.796,0.1326,,,,521,2,0.496,1.328,
alice,0,28676062,1551,0.107,0.6769,3.765,0.1326,,,,518,6,0.481,1.301,
alice,0,28676062,1552,0.111,0.7138,3.8673,0.1326,,,,512,8,0.477,1.224,
alice,0,28676062,1553,0.11,0.7008,3.9737,0.1326,,,,515,6,0.482,1.197,
alice,0,28676062,1554,0.0951,0.715,4.0452,0.1326,,,,513,6,0.473,1.501,
alice,0,28676062,1555,0.0919,0.7242,4.1633,0.1326,,,,509,18,0.448,1.203,
alice,0,28676062,1556,0.1019,0.6847,3.7108,0.1326,,,,512,10,0.494,1.277,
alice,0,28676062,1557,0.1054,0.7129,3.7438,0.1326,,,,514,7,0.503,1.26,
alice,0,28676062,1558,0.107,0.7131,4.0348,0.1326,,,,513,6,0.483,1.233,
alice,0,28676062,1559,0.0793,0.7345,3.995,0.1326,,,,514,23,0.458,1.096,
alice,0,28676062,1560,0.1037,0.6992,3.965,0.1326,,,,511,10,0.49,1.315,
alice,0,28676062,1561,0.1078,0.7183,3.851,0.1326,,,,516,3,0.505,1.176,
alice,0,28676062,1562,0.0988,0.6896,3.6683,0.1326,,,,520,12,0.474,1.215,
alice,0,28676062,1563,0.0966,0.6738,3.634,0.1326,,,,512,13,0.482,1.363,
alice,0,28676062,1564,0.0933,0.7315,3.8205,0.1326,,,,511,7,0.487,1.115,
alice,0,28676062,1565,0.0895,0.6901,3.8534,0.1326,,,,507,16,0.47,1.444,
alice,0,28676062,1566,0.0878,0.6996,3.868,0.1326,,,,512,13,0.486,1.286,
alice,0,28676062,1567,0.0882,0.6983,4.0,0.1326,,,,514,14,0.457,1.248,
alice,0,28676062,1568,0.0799,0.7266,4.2989,0.1326,,,,513,12,0.486,1.343,
alice,0,28676062,1569,0.0934,0.6468,3.6178,0.1326,,,,517,7,0.491,1.298,
alice,0,28676062,1570,0.0933,0.6886,3.4462,0.1326,,,,510,9,0.48,1.224,
alice,0,28676062,1571,0.0806,0.7182,3.8783,0.1326,,,,505,28,0.442,1.178,
alice,0,28676062,1572,0.0895,0.6861,3.4851,0.1326,,,,507,17,0.475,1.146,
alice,0,28676062,1573,0.0974,0.6793,3.6884,0.1326,,,,508,24,0.48,1.49,
alice,0,28676062,1574,0.1063,0.6786,3.8442,0.1326,,,,516,10,0.466,1.308,
alice,0,28676062,1575,0.088,0.6777,3.7423,0.1326,,,,518,6,0.474,1.324,
alice,0,28676062,1576,0.0944,0.6863,3.8469,0.1326,,,,513,6,0.487,1.15,
alice,0,28676062,1577,0.092,0.7139,3.8673,0.1326,,,,508,8,0.503,1.27,
alice,0,28676062,1578,0.0818,0.6547,3.4406,0.1326,,,,519,5,0.492,1.276,
alice,0,28676062,1579,0.0727,0.6771,3.5821,0.1326,,,,514,5,0.495,1.278,
alice,0,28676062,1580,0.085,0.7038,3.7327,0.1326,,,,515,10,0.482,1.185,
alice,0,28676062,1581,0.0818,0.7024,3.8041,0.1326,,,,511,12,0.491,1.221,
alice,0,28676062,1582,0.1075,0.7124,3.809,0.1326,,,,510,12,0.478,1.349,
alice,0,28676062,1583,0.0873,0.7117,3.7843,0.1326,,,,515,7,0.473,1.236,
alice,0,28676062,1584,0.0938,0.7036,3.767,0.1326,,,,510,9,0.476,1.177,
alice,0,28676062,1585,0.0998,0.6659,3.6768,0.1326,,,,514,16,0.486,1.316,
alice,0,28676062,1586,0.0976,0.6459,3.515,0.1326,,,,517,5,0.495,1.286,
alice,0,28676062,1587,0.1136,0.6863,4.0684,0.1326,,,,518,8,0.482,1.36,
alice,0,28676062,1588,0.0854,0.6545,3.5808,0.1326,,,,516,5,0.488,1.111,
alice,0,28676062,1589,0.07,0.662,3.5684,0.1326,,,,520,7,0.456,1.148,
alice,0,28676062,1590,0.0898,0.6491,3.6053,0.1326,,,,516,9,0.459,1.098,
alice,0,28676062,1591,0.0918,0.7102,4.0374,0.1326,,,,513,5,0.475,1.305,
alice,0,28676062,1592,0.0855,0.6029,3.6648,0.1326,,,,515,3,0.506,1.363,
alice,0,28676062,1593,0.0653,0.705,3.8462,0.1326,,,,518,7,0.475,1.211,
alice,0,28676062,1594,0.0788,0.6591,3.8978,0.1326,,,,515,14,0.492,1.242,
alice,0,28676062,1595,0.0785,0.7089,3.5771,0.1326,,,,513,7,0.487,1.221,
alice,0,28676062,1596,0.07,0.7258,3.7612,0.1326,,,,514,9,0.469,1.228,
alice,0,28676062,1597,0.0769,0.658,3.9032,0.1326,,,,513,13,0.493,1.174,
alice,0,28676062,1598,0.0839,0.65,3.4271,0.1326,,,,519,8,0.489,1.335,
alice,0,28676062,1599,0.0646,0.6847,3.6281,0.1326,,,,509,13,0.49,1.299,
alice,0,28676062,1600,0.0786,0.6487,3.5941,0.1326,,,,511,6,0.519,1.452,
alice,0,28676062,1601,0.1047,0.6604,3.4515,0.1326,,,,512,15,0.474,1.154,
alice,0,28676062,1602,0.0983,0.7108,3.6952,0.1326,,,,513,5,0.504,1.234,
alice,0,28676062,1603,0.0849,0.7109,3.796,0.1326,,,,512,17,0.478,1.133,
alice,0,28676062,1604,0.0979,0.6768,3.6404,0.1326,,,,525,5,0.505,1.319,
alice,0,28676062,1605,0.0716,0.5985,3.4439,0.1326,,,,519,8,0.509,1.161,
alice,0,28676062,1606,0.0737,0.6356,3.8305,0.1326,,,,515,7,0.495,1.286,
alice,0,28676062,1607,0.0843,0.6959,3.8871,0.1326,,,,513,13,0.509,1.225,
alice,0,28676062,1608,0.0887,0.7139,3.8925,0.1326,,,,516,5,0.515,1.252,
alice,0,28676062,1609,0.0853,0.7052,3.9415,0.1326,,,,510,9,0.462,1.323,
alice,0,28676062,1610,0.079,0.7466,3.9848,0.1326,,,,508,13,0.461,1.189,
alice,0,28676062,1611,0.0941,0.7971,4.2161,0.1326,,,,509,11,0.47,1.168,
alice,0,28676062,1612,0.0912,0.6788,3.898,0.1326,,,,516,14,0.458,1.193,
alice,0,28676062,1613,0.0848,0.6796,3.86,0.1326,,,,517,5,0.491,1.262,
alice,0,28676062,1614,0.0747,0.6632,3.59,0.1326,,,,514,13,0.481,1.18,
alice,0,28676062,1615,0.0878,0.6651,3.9219,0.1326,,,,514,9,0.488,1.137,
alice,0,28676062,1616,0.0758,0.69,3.9947,0.1326,,,,518,12,0.483,1.289,
alice,0,28676062,1617,0.0631,0.7282,3.8079,0.1326,,,,512,12,0.477,1.377,
alice,0,28676062,1618,0.0527,0.7173,4.0205,0.1326,,,,515,7,0.488,1.329,
alice,0,28676062,1619,0.0883,0.7235,3.9602,0.1326,,,,518,3,0.496,1.16,
alice,0,28676062,1620,0.0848,0.6884,3.8446,0.1326,,,,519,7,0.475,1.228,
alice,0,28676062,1621,0.068,0.6765,3.7382,0.1326,,,,519,10,0.498,1.158,
alice,0,28676062,1622,0.0688,0.7012,4.209,0.1326,,,,509,15,0.476,1.098,
alice,0,28676062,1623,0.0642,0.6668,3.4688,0.1326,,,,512,10,0.472,1.263,
alice,0,28676062,1624,0.0717,0.6987,3.5572,0.1326,,,,512,14,0.487,1.322,
alice,0,28676062,1625,0.0813,0.7001,4.0372,0.1326,,,,523,6,0.51,1.292,
alice,0,28676062,1626,0.0595,0.6583,3.8122,0.1326,,,,515,8,0.476,1.194,
alice,0,28676062,1627,0.0726,0.6496,3.663,0.1326,,,,519,6,0.476,1.129,
alice,0,28676062,1628,0.0716,0.6418,3.6554,0.1326,,,,525,10,0.492,1.212,
alice,0,28676062,1629,0.0532,0.6531,3.5657,0.1326,,,,508,12,0.486,1.217,
alice,0,28676062,1630,0.0739,0.7127,3.8033,0.1326,,,,512,5,0.5,1.302,
alice,0,28676062,1631,0.0804,0.7124,4.0326,0.1326,,,,511,16,0.475,1.149,
alice,0,28676062,1632,0.0691,0.664,3.7165,0.1326,,,,518,8,0.481,1.404,
alice,0,28676062,1633,0.0631,0.7143,3.7865,0.1326,,,,509,6,0.485,1.296,
alice,0,28676062,1634,0.0704,0.7693,4.0151,0.1326,,,,512,12,0.467,1.225,
alice,0,28676062,1635,0.0787,0.7696,4.0773,0.1326,,,,518,10,0.486,1.247,
alice,0,28676062,1636,0.0613,0.7036,3.6195,0.1326,,,,496,37,0.449,1.159,
alice,0,28676062,1637,0.0957,0.7955,4.237,0.1326,,,,509,26,0.454,1.273,
alice,0,28676062,1638,0.0927,0.6946,3.6916,0.1326,,,,507,16,0.474,1.312,
alice,0,28676062,1639,0.106,0.7404,4.0365,0.1326,,,,513,11,0.482,1.241,
alice,0,28676062,1640,0.1037,0.6774,3.5545,0.1326,,,,517,13,0.473,1.143,
alice,0,28676062,1641,0.1,0.694,3.6111,0.1326,,,,512,13,0.472,1.255,
alice,0,28676062,1642,0.1032,0.6978,3.8714,0.1326,,,,514,9,0.492,1.186,
alice,0,28676062,1643,0.1067,0.6887,3.8821,0.1326,,,,519,3,0.501,1.233,
alice,0,28676062,1644,0.1073,0.7193,3.9569,0.1326,,,,510,11,0.488,1.223,
alice,0,28676062,1645,0.1232,0.7172,3.9615,0.1326,,,,519,5,0.49,1.182,
alice,0,28676062,1646,0.1046,0.6541,3.8308,0.1326,,,,517,11,0.491,1.357,
alice,0,28676062,1647,0.1075,0.6755,3.5931,0.1326,,,,519,4,0.479,1.238,
alice,0,28676062,1648,0.1023,0.6909,3.6863,0.1326,,,,507,12,0.473,1.24,
alice,0,28676062,1649,0.0807,0.751,3.9903,0.1326,,,,515,11,0.468,1.134,
alice,0,28676062,1650,0.0863,0.7489,4.0732,0.1326,,,,509,20,0.484,1.279,
alice,0,28676062,1651,0.1042,0.7557,4.0047,0.1326,,,,510,11,0.453,1.301,
alice,0,28676062,1652,0.098,0.7106,3.8962,0.1326,,,,516,13,0.486,1.217,
alice,0,28676062,1653,0.1124,0.6726,3.5767,0.1326,,,,520,9,0.487,1.218,
alice,0,28676062,1654,0.1213,0.7846,4.2944,0.1326,,,,511,5,0.509,1.179,
alice,0,28676062,1655,0.107,0.6796,3.8952,0.1326,,,,516,12,0.474,1.184,
alice,0,28676062,1656,0.1053,0.7062,3.851,0.1326,,,,516,10,0.484,1.257,
alice,0,28676062,1657,0.1081,0.6957,3.7562,0.1326,,,,526,6,0.498,1.27,
alice,0,28676062,1658,0.0957,0.6717,4.0106,0.1326,,,,514,10,0.481,1.212,
alice,0,28676062,1659,0.0858,0.6684,3.6443,0.1326,,,,518,6,0.478,1.232,
alice,0,28676062,1660,0.0967,0.6244,3.6989,0.1326,,,,517,9,0.47,1.246,
alice,0,28676062,1661,0.0921,0.6828,3.5228,0.1326,,,,514,8,0.5,1.213,
alice,0,28676062,1662,0.0937,0.6249,3.449,0.1326,,,,521,6,0.508,1.232,
alice,0,28676062,1663,0.0978,0.6646,3.61,0.1326,,,,522,2,0.517,1.311,
alice,0,28676062,1664,0.1002,0.6751,3.4515,0.1326,,,,521,3,0.491,1.258,
alice,0,28676062,1665,0.092,0.7056,4.0158,0.1326,,,,512,13,0.46,1.148,
alice,0,28676062,1666,0.1039,0.6389,3.6256,0.1326,,,,513,13,0.486,1.25,
alice,0,28676062,1667,0.1242,0.6267,3.5926,0.1326,,,,512,13,0.49,1.295,
alice,0,28676062,1668,0.0965,0.6922,3.7353,0.1326,,,,508,6,0.473,1.329,
alice,0,28676062,1669,0.1139,0.6438,3.6029,0.1326,,,,513,12,0.462,1.221,
alice,0,28676062,1670,0.1196,0.716,4.0094,0.1326,,,,517,3,0.483,1.344,
alice,0,28676062,1671,0.123,0.6798,4.199,0.1326,,,,519,8,0.495,1.208,
alice,0,28676062,1672,0.1167,0.6899,3.9327,0.1326,,,,518,9,0.477,1.551,
alice,0,28676062,1673,0.1122,0.6644,3.7087,0.1326,,,,516,7,0.48,1.338,
alice,0,28676062,1674,0.1085,0.6927,3.9104,0.1326,,,,516,22,0.474,1.239,
alice,0,28676062,1675,0.122,0.7139,4.115,0.1326,,,,518,8,0.472,1.472,
alice,0,28676062,1676,0.094,0.6826,3.5951,0.1326,,,,516,11,0.476,1.31,
alice,0,28676062,1677,0.0983,0.6562,3.439,0.1326,,,,513,7,0.496,1.299,
alice,0,28676062,1678,0.1087,0.7459,3.9507,0.1326,,,,511,10,0.487,1.242,
alice,0,28676062,1679,0.1105,0.6753,3.6832,0.1326,,,,513,8,0.49,1.146,
alice,0,28676062,1680,0.1149,0.6649,3.81,0.1326,,,,514,12,0.479,1.198,
alice,0,28676062,1681,0.1087,0.6271,3.8095,0.1326,,,,518,9,0.504,1.303,
alice,0,28676062,1682,0.0923,0.6662,3.601,0.1326,,,,512,9,0.476,1.443,
alice,0,28676062,1683,0.1124,0.6474,3.6103,0.1326,,,,518,9,0.499,1.375,
alice,0,28676062,1684,0.0957,0.6874,3.9572,0.1326,,,,514,7,0.494,1.186,
alice,0,28676062,1685,0.1086,0.6825,3.9895,0.1326,,,,517,4,0.509,1.152,
alice,0,28676062,1686,0.0974,0.6121,3.7027,0.1326,,,,522,6,0.5,1.457,
alice,0,28676062,1687,0.0908,0.6233,3.3676,0.1326,,,,510,10,0.508,1.267,
alice,0,28676062,1688,0.0975,0.6422,3.401,0.1326,,,,514,5,0.492,1.253,
alice,0,28676062,1689,0.0901,0.6295,3.2979,0.1326,,,,513,9,0.525,1.336,
alice,0,28676062,1690,0.0828,0.6623,3.6243,0.1326,,,,515,10,0.492,1.404,
alice,0,28676062,1691,0.0875,0.6485,3.774,0.1326,,,,516,8,0.492,1.192,
alice,0,28676062,1692,0.0722,0.6442,3.388,0.1326,,,,508,10,0.465,1.129,
alice,0,28676062,1693,0.086,0.6843,4.1167,0.1326,,,,523,7,0.506,1.209,
alice,0,28676062,1694,0.0786,0.6837,3.7037,0.1326,,,,517,10,0.483,1.506,
alice,0,28676062,1695,0.0771,0.6331,3.6073,0.1326,,,,513,10,0.473,1.277,
alice,0,28676062,1696,0.0931,0.6702,3.8254,0.1326,,,,514,10,0.486,1.359,
alice,0,28676062,1697,0.1062,0.6361,3.5027,0.1326,,,,519,10,0.497,1.258,
alice,0,28676062,1698,0.1018,0.6535,4.0391,0.1326,,,,512,5,0.507,1.335,
alice,0,28676062,1699,0.1102,0.6096,3.6556,0.1326,,,,519,5,0.509,1.442,
alice,0,28676062,1700,0.0914,0.6135,3.4239,0.1326,,,,518,5,0.492,1.168,
alice,0,28676062,1701,0.0898,0.6412,3.7303,0.1326,,,,522,4,0.514,1.236,
alice,0,28676062,1702,0.0868,0.6694,3.8436,0.1326,,,,513,13,0.495,1.214,
alice,0,28676062,1703,0.0849,0.6354,3.6961,0.1326,,,,518,7,0.471,1.353,
alice,0,28676062,1704,0.0831,0.6382,3.558,0.1326,,,,514,11,0.478,1.159,
alice,0,28676062,1705,0.0747,0.6534,3.8125,0.1326,,,,513,8,0.492,1.113,
alice,0,28676062,1706,0.087,0.5718,3.5434,0.1326,,,,521,6,0.505,1.259,
alice,0,28676062,1707,0.0884,0.6117,3.6802,0.1326,,,,519,5,0.486,1.281,
alice,0,28676062,1708,0.0897,0.5965,3.8075,0.1326,,,,513,7,0.509,1.23,
alice,0,28676062,1709,0.093,0.629,3.7602,0.1326,,,,521,6,0.508,1.217,
alice,0,28676062,1710,0.077,0.6266,3.75,0.1326,,,,514,15,0.491,1.233,
alice,0,28676062,1711,0.0874,0.644,3.8235,0.1326,,,,511,10,0.48,1.191,
alice,0,28676062,1712,0.0985,0.6584,3.7267,0.1326,,,,518,9,0.493,1.148,
alice,0,28676062,1713,0.0777,0.6178,3.5581,0.1326,,,,510,8,0.478,1.367,
alice,0,28676062,1714,0.0935,0.6468,3.8844,0.1326,,,,523,4,0.492,1.151,
alice,0,28676062,1715,0.0847,0.6416,3.7719,0.1326,,,,514,11,0.481,1.141,
alice,0,28676062,1716,0.0793,0.6795,3.8859,0.1326,,,,512,6,0.471,1.125,
alice,0,28676062,1717,0.0889,0.7241,3.7919,0.1326,,,,509,2,0.497,1.199,
alice,0,28676062,1718,0.0962,0.643,3.6632,0.1326,,,,516,5,0.493,1.155,
alice,0,28676062,1719,0.0899,0.6496,3.401,0.1326,,,,515,11,0.474,1.134,
alice,0,28676062,1720,0.1025,0.7071,3.943,0.1326,,,,516,7,0.474,1.33,
alice,0,28676062,1721,0.0898,0.6688,3.6963,0.1326,,,,518,14,0.48,1.193,
alice,0,28676062,1722,0.0837,0.6584,3.6543,0.1326,,,,512,8,0.476,1.162,
alice,0,28676062,1723,0.0982,0.6588,4.0395,0.1326,,,,518,8,0.491,1.407,
alice,0,28676062,1724,0.0919,0.6303,3.8343,0.1326,,,,514,2,0.504,1.239,
alice,0,28676062,1725,0.0769,0.6749,3.9231,0.1326,,,,518,8,0.463,1.272,
alice,0,28676062,1726,0.074,0.6591,3.5781,0.1326,,,,518,7,0.468,1.342,
alice,0,28676062,1727,0.0775,0.6639,3.7667,0.1326,,,,518,9,0.487,1.171,
alice,0,28676062,1728,0.0871,0.6627,3.788,0.1326,,,,516,3,0.504,1.142,
alice,0,28676062,1729,0.0917,0.6669,3.7486,0.1326,,,,517,4,0.506,1.21,
alice,0,28676062,1730,0.0796,0.6671,3.7293,0.1326,,,,514,8,0.481,1.281,
alice,0,28676062,1731,0.0875,0.706,3.8396,0.1326,,,,512,8,0.488,1.237,
alice,0,28676062,1732,0.0894,0.6585,3.5128,0.1326,,,,519,12,0.477,1.173,
alice,0,28676062,1733,0.0901,0.6279,3.4158,0.1326,,,,518,3,0.508,1.292,
alice,0,28676062,1734,0.0876,0.6625,3.4175,0.1326,,,,518,11,0.477,1.237,
alice,0,28676062,1735,0.0939,0.6948,4.0486,0.1326,,,,513,4,0.474,1.222,
alice,0,28676062,1736,0.0949,0.6565,3.6087,0.1326,,,,517,8,0.484,1.453,
alice,0,28676062,1737,0.0925,0.7087,3.7647,0.1326,,,,507,13,0.465,1.258,
alice,0,28676062,1738,0.0925,0.6819,3.7895,0.1326,,,,521,16,0.471,1.327,
alice,0,28676062,1739,0.0978,0.7203,3.9733,0.1326,,,,517,6,0.502,1.34,
alice,0,28676062,1740,0.1089,0.6404,3.3958,0.1326,,,,520,1,0.492,1.181,
alice,0,28676062,1741,0.0878,0.657,3.7802,0.1326,,,,517,12,0.471,1.053,
alice,0,28676062,1742,0.0988,0.647,3.7566,0.1326,,,,520,6,0.474,1.152,
alice,0,28676062,1743,0.0954,0.6183,3.462,0.1326,,,,519,9,0.494,1.238,
alice,0,28676062,1744,0.0832,0.6501,3.5622,0.1326,,,,513,13,0.493,1.222,
alice,0,28676062,1745,0.0846,0.6587,3.6722,0.1326,,,,512,9,0.491,1.205,
alice,0,28676062,1746,0.1032,0.6277,3.7784,0.1326,,,,519,4,0.498,1.354,
alice,0,28676062,1747,0.0766,0.6692,3.88,0.1326,,,,526,10,0.471,1.194,
alice,0,28676062,1748,0.0765,0.6393,3.7356,0.1326,,,,517,5,0.477,1.071,
alice,0,28676062,1749,0.0742,0.6301,3.8,0.1326,,,,517,15,0.484,1.265,
alice,0,28676062,1750,0.0639,0.63,3.4286,0.1326,,,,517,10,0.485,1.263,
alice,0,28676062,1751,0.059,0.7117,3.7967,0.1326,,,,513,10,0.473,1.423,
alice,0,28676062,1752,0.0723,0.6923,3.5924,0.1326,,,,516,8,0.492,1.227,
alice,0,28676062,1753,0.074,0.6611,3.7753,0.1326,,,,516,11,0.515,1.25,
alice,0,28676062,1754,0.0781,0.6738,3.7527,0.1326,,,,517,8,0.49,1.293,
alice,0,28676062,1755,0.0821,0.6821,3.6667,0.1326,,,,511,5,0.491,1.193,
alice,0,28676062,1756,0.0864,0.6605,3.8495,0.1326,,,,511,13,0.496,1.24,
alice,0,28676062,1757,0.1075,0.6817,3.8429,0.1326,,,,524,3,0.488,1.214,
alice,0,28676062,1758,0.0839,0.6643,3.7389,0.1326,,,,514,12,0.475,1.128,
alice,0,28676062,1759,0.0831,0.6389,3.0938,0.1326,,,,521,13,0.475,1.107,
alice,0,28676062,1760,0.0811,0.5986,3.7931,0.1326,,,,519,5,0.504,1.487,
alice,0,28676062,1761,0.0746,0.6572,3.5508,0.1326,,,,516,4,0.481,1.154,
alice,0,28676062,1762,0.0694,0.6259,3.7432,0.1326,,,,517,6,0.487,1.268,
alice,0,28676062,1763,0.0672,0.6535,3.4767,0.1326,,,,513,7,0.498,1.272,
alice,0,28676062,1764,0.0854,0.6454,3.6684,0.1326,,,,520,5,0.483,1.327,
alice,0,28676062,1765,0.084,0.6932,3.7302,0.1326,,,,510,5,0.477,1.272,
alice,0,28676062,1766,0.0846,0.7092,3.8802,0.1326,,,,510,14,0.483,1.255,
alice,0,28676062,1767,0.0964,0.7235,3.8283,0.1326,,,,516,14,0.476,1.186,
alice,0,28676062,1768,0.0827,0.6492,3.8756,0.1326,,,,520,15,0.452,1.093,
alice,0,28676062,1769,0.0724,0.7394,3.7921,0.1326,,,,517,18,0.444,1.045,
alice,0,28676062,1770,0.0846,0.7728,4.2111,0.1326,,,,514,8,0.47,1.153,
alice,0,28676062,1771,0.0712,0.669,3.8173,0.1326,,,,514,14,0.459,1.225,
alice,0,28676062,1772,0.0858,0.6949,3.8927,0.1326,,,,517,7,0.477,1.209,
alice,0,28676062,1773,0.1008,0.7133,3.8019,0.1326,,,,519,8,0.48,1.151,
alice,0,28676062,1774,0.0796,0.7438,4.1616,0.1326,,,,519,9,0.473,1.258,
alice,0,28676062,1775,0.074,0.6986,3.9231,0.1326,,,,517,8,0.475,1.114,
alice,0,28676062,1776,0.1011,0.7061,3.9,0.1326,,,,518,2,0.485,1.134,
alice,0,28676062,1777,0.0965,0.6897,4.0722,0.1326,,,,517,8,0.482,1.469,
alice,0,28676062,1778,0.0821,0.7162,4.1517,0.1326,,,,516,8,0.487,1.232,
alice,0,28676062,1779,0.0799,0.7012,3.7419,0.1326,,,,515,11,0.467,1.163,
alice,0,28676062,1780,0.0961,0.7211,3.7166,0.1326,,,,507,18,0.46,1.177,
alice,0,28676062,1781,0.0894,0.6985,3.9468,0.1326,,,,517,11,0.488,1.298,
alice,0,28676062,1782,0.0881,0.6586,3.4308,0.1326,,,,523,9,0.48,1.237,
alice,0,28676062,1783,0.0751,0.6713,3.7609,0.1326,,,,521,11,0.481,1.296,
alice,0,28676062,1784,0.0933,0.7234,3.8125,0.1326,,,,514,5,0.452,1.254,
alice,0,28676062,1785,0.066,0.6963,3.7129,0.1326,,,,514,10,0.467,1.211,
alice,0,28676062,1786,0.0876,0.6905,3.8814,0.1326,,,,514,5,0.485,1.135,
alice,0,28676062,1787,0.0936,0.6988,3.6333,0.1326,,,,513,9,0.49,1.122,
alice,0,28676062,1788,0.0936,0.6702,3.4319,0.1326,,,,515,9,0.483,1.121,
alice,0,28676062,1789,0.0958,0.746,3.9716,0.1326,,,,522,6,0.486,1.309,
alice,0,28676062,1790,0.1055,0.6891,3.6714,0.1326,,,,517,6,0.467,1.137,
alice,0,28676062,1791,0.0946,0.7171,3.9118,0.1326,,,,515,7,0.485,1.326,
alice,0,28676062,1792,0.1019,0.6909,3.931,0.1326,,,,520,10,0.484,1.19,
alice,0,28676062,1793,0.0913,0.6783,3.6701,0.1326,,,,519,11,0.477,1.396,
alice,0,28676062,1794,0.0777,0.7363,3.6897,0.1326,,,,518,15,0.463,1.361,
alice,0,28676062,1795,0.0899,0.6436,3.6974,0.1326,,,,523,10,0.478,1.38,
alice,0,28676062,1796,0.099,0.6605,3.6963,0.1326,,,,522,4,0.496,1.295,
alice,0,28676062,1797,0.0498,0.7566,3.7708,0.1326,,,,503,33,0.436,1.258,
alice,0,28676062,1798,0.0637,0.7041,3.7487,0.1326,,,,510,50,0.411,1.185,
alice,0,28676062,1799,0.0748,0.7364,4.1011,0.1326,,,,512,21,0.471,1.296,
alice,0,28676062,1800,0.0788,0.7114,3.9516,0.1326,,,,521,11,0.485,1.143,
alice,0,28676062,1801,0.0716,0.6463,3.6183,0.1326,,,,517,6,0.486,1.226,
alice,0,28676062,1802,0.0757,0.6836,3.6865,0.1326,,,,516,5,0.515,1.368,
alice,0,28676062,1803,0.0709,0.7505,3.9171,0.1326,,,,515,9,0.499,1.231,
alice,0,28676062,1804,0.0743,0.7516,4.1005,0.1326,,,,522,10,0.464,1.237,
alice,0,28676062,1805,0.0725,0.6796,3.6865,0.1326,,,,513,14,0.485,1.517,
alice,0,28676062,1806,0.0703,0.6481,3.5699,0.1326,,,,515,10,0.471,1.286,
alice,0,28676062,1807,0.0967,0.6777,3.5181,0.1326,,,,517,5,0.496,1.131,
alice,0,28676062,1808,0.0839,0.6207,3.4346,0.1326,,,,517,7,0.489,1.225,
alice,0,28676062,1809,0.098,0.6387,3.8079,0.1326,,,,520,9,0.486,1.176,
alice,0,28676062,1810,0.0907,0.6271,3.7586,0.1326,,,,515,12,0.492,1.257,
alice,0,28676062,1811,0.0836,0.6434,3.5053,0.1326,,,,508,9,0.491,1.259,
alice,0,28676062,1812,0.0864,0.6128,3.3895,0.1326,,,,518,5,0.487,1.175,
alice,0,28676062,1813,0.0749,0.6432,3.7074,0.1326,,,,515,12,0.48,1.207,
alice,0,28676062,1814,0.0829,0.658,3.978,0.1326,,,,515,6,0.485,1.325,
alice,0,28676062,1815,0.0882,0.6325,3.672,0.1326,,,,514,5,0.494,1.243,
alice,0,28676062,1816,0.0886,0.6374,3.9382,0.1326,,,,518,4,0.496,1.23,
alice,0,28676062,1817,0.082,0.6663,4.0166,0.1326,,,,521,13,0.467,1.161,
alice,0,28676062,1818,0.087,0.5366,3.25,0.1326,,,,515,8,0.498,1.24,
alice,0,28676062,1819,0.0943,0.5987,3.582,0.1326,,,,514,7,0.486,1.158,
alice,0,28676062,1820,0.0918,0.637,3.7263,0.1326,,,,521,5,0.482,1.136,
alice,0,28676062,1821,0.0887,0.6702,4.0,0.1326,,,,516,7,0.486,1.303,
alice,0,28676062,1822,0.0939,0.6414,3.6856,0.1326,,,,516,2,0.486,1.277,
alice,0,28676062,1823,0.0924,0.6688,3.6939,0.1326,,,,523,4,0.488,1.204,
alice,0,28676062,1824,0.0824,0.6241,3.593,0.1326,,,,518,4,0.486,1.154,
alice,0,28676062,1825,0.0701,0.6188,3.608,0.1326,,,,524,13,0.483,1.16,
alice,0,28676062,1826,0.1004,0.6312,3.3487,0.1326,,,,523,7,0.506,1.205,
alice,0,28676062,1827,0.1058,0.6629,3.6957,0.1326,,,,525,1,0.506,1.424,
alice,0,28676062,1828,0.0657,0.6826,3.6522,0.1326,,,,515,12,0.483,1.348,
alice,0,28676062,1829,0.0843,0.7463,4.1892,0.1326,,,,511,14,0.483,1.204,
alice,0,28676062,1830,0.0922,0.693,3.8394,0.1326,,,,521,7,0.492,1.227,
alice,0,28676062,1831,0.0907,0.6822,3.75,0.1326,,,,515,10,0.501,1.115,
alice,0,28676062,1832,0.0825,0.6738,3.9727,0.1326,,,,515,7,0.494,1.267,
alice,0,28676062,1833,0.0827,0.6293,3.5938,0.1326,,,,523,5,0.486,1.135,
alice,0,28676062,1834,0.0722,0.6579,3.627,0.1326,,,,509,17,0.467,1.288,
alice,0,28676062,1835,0.0964,0.6314,3.5213,0.1326,,,,520,6,0.497,1.284,
alice,0,28676062,1836,0.0777,0.6316,4.0971,0.1326,,,,517,4,0.495,1.237,
alice,0,28676062,1837,0.0769,0.6533,3.3212,0.1326,,,,513,4,0.483,1.292,
alice,0,28676062,1838,0.0605,0.6541,3.6471,0.1326,,,,514,8,0.475,1.135,
alice,0,28676062,1839,0.0599,0.6612,3.7419,0.1326,,,,516,7,0.496,1.343,
alice,0,28676062,1840,0.0696,0.64,3.7935,0.1326,,,,518,2,0.505,1.3,
alice,0,28676062,1841,0.0656,0.733,4.127,0.1326,,,,518,7,0.476,1.368,
alice,0,28676062,1842,0.077,0.6635,3.6842,0.1326,,,,520,10,0.456,1.232,
alice,0,28676062,1843,0.0618,0.7075,3.9895,0.1326,,,,517,5,0.477,1.345,
alice,0,28676062,1844,0.0676,0.6742,3.7884,0.1326,,,,520,8,0.488,1.132,
alice,0,28676062,1845,0.0809,0.7119,3.8367,0.1326,,,,517,8,0.482,1.151,
alice,0,28676062,1846,0.0708,0.7055,3.9442,0.1326,,,,512,13,0.474,1.223,
alice,0,28676062,1847,0.0627,0.7442,3.6019,0.1326,,,,511,7,0.486,1.464,
alice,0,28676062,1848,0.0798,0.6966,3.9652,0.1326,,,,517,3,0.485,1.265,
alice,0,28676062,1849,0.0779,0.638,3.5174,0.1326,,,,517,6,0.497,1.289,
alice,0,28676062,1850,0.0748,0.6744,3.7525,0.1326,,,,506,10,0.468,1.2,
alice,0,28676062,1851,0.1102,0.7,3.6359,0.1326,,,,513,9,0.484,1.182,
alice,0,28676062,1852,0.0884,0.6788,3.685,0.1326,,,,517,18,0.452,1.335,
alice,0,28676062,1853,0.0856,0.7006,3.9485,0.1326,,,,514,17,0.44,1.311,
alice,0,28676062,1854,0.0902,0.678,3.8718,0.1326,,,,515,8,0.484,1.198,
alice,0,28676062,1855,0.0945,0.6607,3.6786,0.1326,,,,519,10,0.486,1.27,
alice,0,28676062,1856,0.0951,0.6566,3.6599,0.1326,,,,513,7,0.487,1.351,
alice,0,28676062,1857,0.1094,0.6485,3.9397,0.1326,,,,518,0,0.517,1.367,
alice,0,28676062,1858,0.1095,0.624,3.6193,0.1326,,,,522,6,0.502,1.232,
alice,0,28676062,1859,0.098,0.7004,4.0711,0.1326,,,,512,9,0.51,1.47,
alice,0,28676062,1860,0.0921,0.6733,3.7192,0.1326,,,,514,12,0.478,1.277,
alice,0,28676062,1861,0.0904,0.6726,3.7659,0.1326,,,,519,25,0.458,1.336,
alice,0,28676062,1862,0.0958,0.6898,3.8431,0.1326,,,,517,11,0.498,1.251,
alice,0,28676062,1863,0.0838,0.6786,3.8829,0.1326,,,,519,3,0.494,1.21,
alice,0,28676062,1864,0.1013,0.7176,3.7586,0.1326,,,,519,14,0.48,1.289,
alice,0,28676062,1865,0.0799,0.7404,3.9104,0.1326,,,,515,14,0.464,1.341,
alice,0,28676062,1866,0.0975,0.7496,4.2029,0.1326,,,,516,22,0.442,1.243,
alice,0,28676062,1867,0.0896,0.6901,3.802,0.1326,,,,520,31,0.446,1.137,
alice,0,28676062,1868,0.0908,0.699,4.0957,0.1326,,,,516,15,0.467,1.092,
alice,0,28676062,1869,0.0801,0.6704,3.9185,0.1326,,,,511,14,0.474,1.131,
alice,0,28676062,1870,0.0804,0.7202,3.806,0.1326,,,,511,11,0.463,1.236,
alice,0,28676062,1871,0.0836,0.7227,3.9,0.1326,,,,517,13,0.48,1.374,
alice,0,28676062,1872,0.0982,0.6804,3.8442,0.1326,,,,523,10,0.481,1.134,
alice,0,28676062,1873,0.0858,0.7211,3.86,0.1326,,,,518,7,0.476,1.124,
alice,0,28676062,1874,0.0787,0.669,3.8906,0.1326,,,,526,11,0.462,1.324,
alice,0,28676062,1875,0.094,0.6253,3.7444,0.1326,,,,523,12,0.462,1.296,
alice,0,28676062,1876,0.1123,0.6329,3.6821,0.1326,,,,518,12,0.487,1.095,
alice,0,28676062,1877,0.0889,0.6121,3.5556,0.1326,,,,523,2,0.499,1.24,
alice,0,28676062,1878,0.1004,0.6081,3.5531,0.1326,,,,513,6,0.484,1.328,
alice,0,28676062,1879,0.1075,0.6249,3.8057,0.1326,,,,509,6,0.492,1.176,
alice,0,28676062,1880,0.0911,0.5952,3.3636,0.1326,,,,511,10,0.493,1.225,
alice,0,28676062,1881,0.1081,0.6518,3.5393,0.1326,,,,512,4,0.498,1.271,
alice,0,28676062,1882,0.0954,0.6155,3.8389,0.1326,,,,525,7,0.504,1.329,
alice,0,28676062,1883,0.083,0.64,3.5936,0.1326,,,,513,9,0.494,1.519,
alice,0,28676062,1884,0.0791,0.5979,3.2857,0.1326,,,,522,8,0.477,1.203,
alice,0,28676062,1885,0.0703,0.6957,3.6094,0.1326,,,,516,7,0.484,1.274,
alice,0,28676062,1886,0.0839,0.6601,3.871,0.1326,,,,520,9,0.478,1.162,
alice,0,28676062,1887,0.0752,0.6825,3.7368,0.1326,,,,525,11,0.465,1.206,
alice,0,28676062,1888,0.0619,0.6955,3.6757,0.1326,,,,518,11,0.481,1.276,
alice,0,28676062,1889,0.0761,0.6536,3.7062,0.1326,,,,525,8,0.476,1.199,
alice,0,28676062,1890,0.0628,0.6564,3.3102,0.1326,,,,519,10,0.473,1.137,
alice,0,28676062,1891,0.0497,0.6822,3.8693,0.1326,,,,516,5,0.486,1.245,
alice,0,28676062,1892,0.0527,0.7111,4.0615,0.1326,,,,517,7,0.469,1.116,
alice,0,28676062,1893,0.0688,0.668,3.7809,0.1326,,,,524,12,0.468,1.165,
alice,0,28676062,1894,0.0554,0.6661,3.5363,0.1326,,,,516,7,0.476,1.26,
alice,0,28676062,1895,0.058,0.6644,3.5401,0.1326,,,,516,12,0.463,1.117,
alice,0,28676062,1896,0.0732,0.7219,3.7382,0.1326,,,,514,10,0.481,1.24,
alice,0,28676062,1897,0.0762,0.6994,3.7732,0.1326,,,,520,7,0.469,1.246,
alice,0,28676062,1898,0.0633,0.7143,3.4639,0.1326,,,,513,15,0.471,1.292,
alice,0,28676062,1899,0.0765,0.6465,3.6368,0.1326,,,,517,7,0.49,1.262,
alice,0,28676062,1900,0.0784,0.6348,3.2183,0.1326,,,,519,8,0.489,1.291,
alice,0,28676062,1901,0.0796,0.6425,3.7104,0.1326,,,,518,13,0.483,1.267,
alice,0,28676062,1902,0.0695,0.6542,3.5455,0.1326,,,,520,8,0.472,1.29,
alice,0,28676062,1903,0.0796,0.7017,4.0341,0.1326,,,,511,9,0.476,1.419,
alice,0,28676062,1904,0.0731,0.674,3.663,0.1326,,,,513,14,0.457,1.38,
alice,0,28676062,1905,0.0814,0.7123,3.6667,0.1326,,,,513,9,0.474,1.367,
alice,0,28676062,1906,0.077,0.663,3.6831,0.1326,,,,514,10,0.486,1.176,
alice,0,28676062,1907,0.0723,0.6346,3.1624,0.1326,,,,511,3,0.499,1.174,
alice,0,28676062,1908,0.0726,0.6472,3.6543,0.1326,,,,511,12,0.475,1.16,
alice,0,28676062,1909,0.0747,0.7534,3.8109,0.1326,,,,514,4,0.466,1.202,
alice,0,28676062,1910,0.0894,0.7573,3.6394,0.1326,,,,513,13,0.459,1.134,
alice,0,28676062,1911,0.0813,0.7267,3.92,0.1326,,,,519,18,0.466,1.361,
alice,0,28676062,1912,0.085,0.7032,3.8274,0.1326,,,,517,14,0.486,1.218,
alice,0,28676062,1913,0.0809,0.6234,3.4478,0.1326,,,,525,8,0.477,1.225,
alice,0,28676062,1914,0.0949,0.7366,3.7321,0.1326,,,,523,3,0.474,1.115,
alice,0,28676062,1915,0.0843,0.7426,4.0867,0.1326,,,,523,14,0.461,1.219,
alice,0,28676062,1916,0.0867,0.6696,3.5226,0.1326,,,,521,24,0.454,1.311,
alice,0,28676062,1917,0.086,0.6647,3.598,0.1326,,,,516,13,0.461,1.121,
alice,0,28676062,1918,0.082,0.71,3.5854,0.1326,,,,520,12,0.456,1.192,
alice,0,28676062,1919,0.0687,0.6971,3.6341,0.1326,,,,521,9,0.465,1.069,
alice,0,28676062,1920,0.0603,0.6903,3.7824,0.1326,,,,515,18,0.466,1.275,
alice,0,28676062,1921,0.0565,0.6935,3.5126,0.1326,,,,527,10,0.454,1.129,
alice,0,28676062,1922,0.0448,0.6843,3.6085,0.1326,,,,519,13,0.48,1.469,
alice,0,28676062,1923,0.0412,0.6952,3.4531,0.1326,,,,523,5,0.475,1.239,
alice,0,28676062,1924,0.0382,0.7507,3.801,0.1326,,,,510,15,0.47,1.2,
alice,0,28676062,1925,0.0683,0.7085,3.7579,0.1326,,,,515,10,0.478,1.275,
alice,0,28676062,1926,0.0588,0.6731,3.5103,0.1326,,,,514,8,0.472,1.117,
alice,0,28676062,1927,0.0634,0.6672,3.5051,0.1326,,,,510,17,0.48,1.198,
alice,0,28676062,1928,0.0651,0.7165,3.9,0.1326,,,,520,7,0.484,1.182,
alice,0,28676062,1929,0.0669,0.7279,4.0347,0.1326,,,,521,3,0.499,1.179,
alice,0,28676062,1930,0.0694,0.6689,3.6188,0.1326,,,,515,14,0.474,1.247,
alice,0,28676062,1931,0.0836,0.7136,4.0202,0.1326,,,,518,13,0.473,1.353,
alice,0,28676062,1932,0.0746,0.6917,3.6244,0.1326,,,,515,15,0.468,1.455,
alice,0,28676062,1933,0.0879,0.6879,3.5701,0.1326,,,,514,9,0.51,1.202,
alice,0,28676062,1934,0.0848,0.631,3.3493,0.1326,,,,512,6,0.49,1.138,
alice,0,28676062,1935,0.0847,0.6381,3.4076,0.1326,,,,520,8,0.496,1.135,
alice,0,28676062,1936,0.0906,0.6733,3.5681,0.1326,,,,521,11,0.489,1.531,
alice,0,28676062,1937,0.0838,0.6598,3.5095,0.1326,,,,524,13,0.485,1.315,
alice,0,28676062,1938,0.0793,0.7442,3.9709,0.1326,,,,517,11,0.465,1.187,
alice,0,28676062,1939,0.069,0.7479,4.0386,0.1326,,,,521,12,0.454,1.252,
alice,0,28676062,1940,0.0727,0.6612,3.7513,0.1326,,,,514,15,0.469,1.283,
alice,0,28676062,1941,0.076,0.683,3.8376,0.1326,,,,522,12,0.459,1.121,
alice,0,28676062,1942,0.07,0.7028,3.9896,0.1326,,,,520,3,0.474,1.146,
alice,0,28676062,1943,0.0746,0.6884,3.7208,0.1326,,,,517,9,0.475,1.241,
alice,0,28676062,1944,0.055,0.7094,3.6091,0.1326,,,,519,15,0.48,1.222,
alice,0,28676062,1945,0.0675,0.7222,3.7121,0.1326,,,,522,6,0.493,1.152,
alice,0,28676062,1946,0.0583,0.6517,3.4974,0.1326,,,,516,22,0.465,1.213,
alice,0,28676062,1947,0.0704,0.6766,3.9167,0.1326,,,,522,14,0.46,1.1,
alice,0,28676062,1948,0.0559,0.6712,3.4895,0.1326,,,,520,10,0.482,1.119,
alice,0,28676062,1949,0.0633,0.6289,3.4583,0.1326,,,,525,1,0.501,1.41,
alice,0,28676062,1950,0.051,0.688,3.9368,0.1326,,,,519,13,0.461,1.193,
alice,0,28676062,1951,0.0681,0.6788,3.511,0.1326,,,,520,11,0.46,1.059,
alice,0,28676062,1952,0.0676,0.6939,3.9235,0.1326,,,,511,16,0.478,1.13,
alice,0,28676062,1953,0.0473,0.649,3.764,0.1326,,,,516,8,0.475,1.174,
alice,0,28676062,1954,0.0568,0.6517,3.7458,0.1326,,,,520,9,0.484,1.261,
alice,0,28676062,1955,0.0564,0.7265,3.7892,0.1326,,,,510,9,0.486,1.319,
alice,0,28676062,1956,0.0743,0.6838,3.7016,0.1326,,,,522,3,0.484,1.223,
alice,0,28676062,1957,0.0819,0.6547,3.4271,0.1326,,,,518,10,0.493,1.511,
alice,0,28676062,1958,0.0657,0.6618,3.8098,0.1326,,,,521,8,0.474,1.295,
alice,0,28676062,1959,0.0603,0.5965,3.328,0.1326,,,,517,5,0.478,1.25,
alice,0,28676062,1960,0.0628,0.7103,3.9206,0.1326,,,,517,0,0.5,1.115,
alice,0,28676062,1961,0.0774,0.6774,3.8548,0.1326,,,,517,7,0.469,1.238,
alice,0,28676062,1962,0.0667,0.649,3.9048,0.1326,,,,516,14,0.469,1.276,
alice,0,28676062,1963,0.0716,0.6826,3.9144,0.1326,,,,521,14,0.462,1.311,
alice,0,28676062,1964,0.0711,0.6694,3.8743,0.1326,,,,525,6,0.479,1.14,
alice,0,28676062,1965,0.0502,0.6438,3.4415,0.1326,,,,516,11,0.447,1.133,
alice,0,28676062,1966,0.0545,0.6471,3.4796,0.1326,,,,517,10,0.465,1.277,
alice,0,28676062,1967,0.0626,0.7847,3.8537,0.1326,,,,514,16,0.468,1.156,
alice,0,28676062,1968,0.0543,0.7255,3.7537,0.1326,,,,514,22,0.45,1.207,
alice,0,28676062,1969,0.0668,0.7239,3.5845,0.1326,,,,523,7,0.469,1.367,
alice,0,28676062,1970,0.0648,0.6553,3.8229,0.1326,,,,521,10,0.482,1.286,
alice,0,28676062,1971,0.0833,0.7035,3.8782,0.1326,,,,525,4,0.474,1.275,
alice,0,28676062,1972,0.0616,0.7075,3.71,0.1326,,,,521,11,0.47,1.479,
alice,0,28676062,1973,0.0434,0.6771,3.6173,0.1326,,,,513,35,0.438,1.308,
alice,0,28676062,1974,0.0714,0.7184,3.4907,0.1326,,,,516,13,0.474,1.304,
alice,0,28676062,1975,0.0837,0.651,3.6341,0.1326,,,,533,8,0.485,1.365,
alice,0,28676062,1976,0.0659,0.6542,3.5431,0.1326,,,,529,16,0.471,1.239,
alice,0,28676062,1977,0.0618,0.6106,3.3472,0.1326,,,,515,12,0.503,1.417,
alice,0,28676062,1978,0.0733,0.6821,3.5074,0.1326,,,,519,5,0.487,1.238,
alice,0,28676062,1979,0.0661,0.7052,3.7641,0.1326,,,,513,9,0.468,1.246,
alice,0,28676062,1980,0.064,0.7165,3.8571,0.1326,,,,524,13,0.462,1.251,
alice,0,28676062,1981,0.0691,0.7282,3.665,0.1326,,,,510,12,0.461,1.339,
alice,0,28676062,1982,0.0711,0.6902,3.7129,0.1326,,,,523,6,0.466,1.154,
alice,0,28676062,1983,0.0584,0.7347,3.7059,0.1326,,,,513,23,0.446,1.373,
alice,0,28676062,1984,0.0851,0.7354,3.819,0.1326,,,,517,7,0.469,1.254,
alice,0,28676062,1985,0.0721,0.7024,4.0355,0.1326,,,,530,6,0.464,1.227,
alice,0,28676062,1986,0.0637,0.6868,3.4348,0.1326,,,,515,12,0.463,1.23,
alice,0,28676062,1987,0.08,0.6553,3.5347,0.1326,,,,520,3,0.483,1.511,
alice,0,28676062,1988,0.0648,0.6922,3.6946,0.1326,,,,518,7,0.481,1.366,
alice,0,28676062,1989,0.0616,0.7183,3.966,0.1326,,,,522,8,0.482,1.289,
alice,0,28676062,1990,0.0602,0.7649,4.0144,0.1326,,,,510,9,0.471,1.349,
alice,0,28676062,1991,0.0718,0.7805,3.9862,0.1326,,,,519,12,0.475,1.182,
alice,0,28676062,1992,0.0851,0.7368,3.5688,0.1326,,,,522,7,0.477,1.409,
alice,0,28676062,1993,0.0721,0.7126,3.5982,0.1326,,,,516,8,0.469,1.193,
alice,0,28676062,1994,0.0695,0.7308,3.7315,0.1326,,,,517,14,0.45,1.059,
alice,0,28676062,1995,0.0606,0.7544,3.9812,0.1326,,,,518,12,0.477,1.24,
alice,0,28676062,1996,0.0676,0.6891,3.7273,0.1326,,,,525,5,0.474,1.169,
alice,0,28676062,1997,0.0586,0.6907,3.6453,0.1326,,,,527,8,0.472,1.211,
alice,0,28676062,1998,0.0476,0.6154,3.5556,0.1326,,,,521,11,0.471,1.233,
alice,0,28676062,1999,0.035,0.7426,3.6098,0.1326,,,,519,9,0.477,1.22,
alice,0,28676062,2000,0.047,0.7656,4.0743,0.1326,,,,521,9,0.475,1.234,
alice,0,28676062,2001,0.0417,0.759,3.9899,0.1326,,,,517,7,0.471,1.255,
alice,0,28676062,2002,0.0394,0.7285,3.8485,0.1326,,,,520,5,0.478,1.18,
alice,0,28676062,2003,0.0457,0.7617,3.798,0.1326,,,,518,5,0.474,1.253,
alice,0,28676062,2004,0.061,0.6899,3.515,0.1326,,,,526,9,0.457,1.126,
alice,0,28676062,2005,0.0615,0.6457,3.8043,0.1326,,,,527,3,0.485,1.318,
alice,0,28676062,2006,0.0604,0.6629,3.5183,0.1326,,,,521,8,0.471,1.123,
alice,0,28676062,2007,0.0683,0.6791,3.7914,0.1326,,,,521,12,0.473,1.255,
alice,0,28676062,2008,0.0626,0.6797,3.8757,0.1326,,,,515,11,0.459,1.079,
alice,0,28676062,2009,0.0672,0.7205,3.7665,0.1326,,,,521,4,0.471,1.331,
alice,0,28676062,2010,0.0799,0.6767,3.8135,0.1326,,,,523,13,0.445,1.59,
alice,0,28676062,2011,0.0696,0.7031,3.445,0.1326,,,,526,8,0.473,1.47,
alice,0,28676062,2012,0.0618,0.6844,3.395,0.1326,,,,519,15,0.469,1.288,
alice,0,28676062,2013,0.0794,0.6634,3.4233,0.1326,,,,517,15,0.461,1.129,
alice,0,28676062,2014,0.0615,0.6482,3.4521,0.1326,,,,516,8,0.466,1.202,
alice,0,28676062,2015,0.0743,0.6503,3.7222,0.1326,,,,525,6,0.491,1.129,
alice,0,28676062,2016,0.0636,0.6452,3.6519,0.1326,,,,522,6,0.489,1.214,
alice,0,28676062,2017,0.0459,0.6444,3.4895,0.1326,,,,517,8,0.461,1.19,
alice,0,28676062,2018,0.0694,0.7334,4.0357,0.1326,,,,514,15,0.453,1.221,
alice,0,28676062,2019,0.0785,0.7058,3.7402,0.1326,,,,514,22,0.45,1.301,
alice,0,28676062,2020,0.0704,0.7386,3.8294,0.1326,,,,526,6,0.473,1.256,
alice,0,28676062,2021,0.0735,0.7344,3.9227,0.1326,,,,519,16,0.449,1.385,
alice,0,28676062,2022,0.0895,0.6908,3.9171,0.1326,,,,526,14,0.462,1.267,
alice,0,28676062,2023,0.0831,0.6839,3.8333,0.1326,,,,526,11,0.466,1.313,
alice,0,28676062,2024,0.0802,0.6788,3.6162,0.1326,,,,524,17,0.448,1.295,
alice,0,28676062,2025,0.0772,0.5735,3.4444,0.1326,,,,528,9,0.481,1.148,
alice,0,28676062,2026,0.0726,0.5859,3.5482,0.1326,,,,525,1,0.472,1.214,
alice,0,28676062,2027,0.0601,0.5908,3.2575,0.1326,,,,512,15,0.48,1.27,
alice,0,28676062,2028,0.0679,0.6586,3.5747,0.1326,,,,519,6,0.487,1.172,
alice,0,28676062,2029,0.0507,0.5623,3.2056,0.1326,,,,530,16,0.452,1.218,
alice,0,28676062,2030,0.0682,0.6243,3.3791,0.1326,,,,514,8,0.477,1.119,
alice,0,28676062,2031,0.0685,0.6192,3.6201,0.1326,,,,518,8,0.479,1.193,
alice,0,28676062,2032,0.0709,0.636,3.7241,0.1326,,,,522,6,0.481,1.385,
alice,0,28676062,2033,0.0553,0.6313,3.4286,0.1326,,,,519,6,0.487,1.28,
alice,0,28676062,2034,0.0691,0.7246,3.8032,0.1326,,,,521,7,0.488,1.326,
alice,0,28676062,2035,0.0594,0.6845,3.1517,0.1326,,,,525,18,0.464,1.269,
alice,0,28676062,2036,0.0587,0.7557,4.0469,0.1326,,,,516,9,0.48,1.362,
alice,0,28676062,2037,0.0669,0.7385,3.9482,0.1326,,,,517,9,0.474,1.185,
alice,0,28676062,2038,0.0725,0.7036,3.6919,0.1326,,,,520,13,0.47,1.349,
alice,0,28676062,2039,0.077,0.6581,3.5226,0.1326,,,,528,6,0.47,1.235,
alice,0,28676062,2040,0.0719,0.6818,3.8789,0.1326,,,,519,5,0.493,1.286,
alice,0,28676062,2041,0.0751,0.7113,3.8063,0.1326,,,,521,10,0.457,1.14,
alice,0,28676062,2042,0.0542,0.6612,3.8212,0.1326,,,,509,25,0.467,1.191,
alice,0,28676062,2043,0.0529,0.704,3.7405,0.1326,,,,522,15,0.468,1.17,
alice,0,28676062,2044,0.0678,0.7058,3.8394,0.1326,,,,514,8,0.502,1.225,
alice,0,28676062,2045,0.0608,0.687,3.5354,0.1326,,,,514,6,0.5,1.25,
alice,0,28676062,2046,0.0769,0.6849,3.5888,0.1326,,,,518,1,0.488,1.31,
alice,0,28676062,2047,0.0586,0.6861,3.7165,0.1326,,,,514,8,0.479,1.183,
alice,0,28676062,2048,0.0687,0.6612,3.585,0.1326,,,,525,9,0.465,1.154,
alice,0,28676062,2049,0.0722,0.6834,3.7371,0.1326,,,,522,7,0.486,1.21,
alice,0,28676062,2050,0.0795,0.7272,3.78,0.1326,,,,525,9,0.476,1.236,
alice,0,28676062,2051,0.0473,0.7475,3.8426,0.1326,,,,513,25,0.442,1.435,
alice,0,28676062,2052,0.0705,0.5923,3.4789,0.1326,,,,527,13,0.476,1.243,
alice,0,28676062,2053,0.0866,0.6348,3.5514,0.1326,,,,513,10,0.486,1.405,
alice,0,28676062,2054,0.0716,0.6917,3.5477,0.1326,,,,515,8,0.482,1.081,
alice,0,28676062,2055,0.0785,0.6553,3.6482,0.1326,,,,521,5,0.49,1.316,
alice,0,28676062,2056,0.0778,0.6517,3.4802,0.1326,,,,525,9,0.479,1.184,
alice,0,28676062,2057,0.0922,0.691,3.7449,0.1326,,,,515,16,0.489,1.299,
alice,0,28676062,2058,0.0818,0.6654,3.7895,0.1326,,,,518,7,0.474,1.482,
alice,0,28676062,2059,0.0929,0.6636,4.0221,0.1326,,,,530,13,0.488,1.197,
alice,0,28676062,2060,0.0667,0.7233,3.6396,0.1326,,,,519,14,0.461,1.193,
alice,0,28676062,2061,0.0594,0.75,3.7245,0.1326,,,,514,16,0.454,1.135,
alice,0,28676062,2062,0.0748,0.6923,3.75,0.1326,,,,521,17,0.47,1.172,
alice,0,28676062,2063,0.0839,0.7292,4.0524,0.1326,,,,526,2,0.481,1.209,
alice,0,28676062,2064,0.0611,0.6576,3.5707,0.1326,,,,520,13,0.486,1.267,
alice,0,28676062,2065,0.0613,0.6716,3.672,0.1326,,,,519,5,0.51,1.221,
alice,0,28676062,2066,0.0514,0.6843,3.7725,0.1326,,,,518,5,0.504,1.224,
alice,0,28676062,2067,0.0617,0.7663,4.0155,0.1326,,,,519,16,0.453,1.313,
alice,0,28676062,2068,0.0433,0.7489,3.7385,0.1326,,,,526,12,0.444,1.11,
alice,0,28676062,2069,0.0306,0.6227,3.2798,0.1326,,,,522,15,0.465,1.216,
alice,0,28676062,2070,0.0645,0.7213,4.2586,0.1326,,,,516,13,0.48,1.364,
alice,0,28676062,2071,0.0496,0.675,3.7111,0.1326,,,,503,18,0.453,1.261,
alice,0,28676062,2072,0.0581,0.6764,3.6766,0.1326,,,,521,11,0.45,1.261,
alice,0,28676062,2073,0.0797,0.6892,3.9184,0.1326,,,,520,11,0.462,1.242,
alice,0,28676062,2074,0.0814,0.7321,3.9641,0.1326,,,,522,12,0.481,1.095,
alice,0,28676062,2075,0.0667,0.7006,3.9206,0.1326,,,,520,16,0.453,1.487,
alice,0,28676062,2076,0.0555,0.6698,3.8865,0.1326,,,,516,23,0.449,1.384,
alice,0,28676062,2077,0.0832,0.6664,3.7766,0.1326,,,,523,12,0.437,1.25,
alice,0,28676062,2078,0.0687,0.6404,3.1154,0.1326,,,,533,5,0.463,1.383,
alice,0,28676062,2079,0.0721,0.6203,3.8859,0.1326,,,,526,8,0.476,1.184,
alice,0,28676062,2080,0.068,0.6641,3.4815,0.1326,,,,516,16,0.452,1.104,
alice,0,28676062,2081,0.0789,0.6686,3.8967,0.1326,,,,520,14,0.46,1.256,
alice,0,28676062,2082,0.0715,0.6701,3.8681,0.1326,,,,521,13,0.47,1.278,
alice,0,28676062,2083,0.0659,0.6285,3.6333,0.1326,,,,516,19,0.452,1.288,
alice,0,28676062,2084,0.0654,0.6389,3.4681,0.1326,,,,525,12,0.463,1.19,
alice,0,28676062,2085,0.0789,0.6386,3.8478,0.1326,,,,515,12,0.472,1.129,
alice,0,28676062,2086,0.0812,0.6233,3.6595,0.1326,,,,521,7,0.491,1.195,
alice,0,28676062,2087,0.0774,0.5953,3.4892,0.1326,,,,520,13,0.473,1.099,
alice,0,28676062,2088,0.092,0.6205,3.5632,0.1326,,,,521,3,0.479,1.179,
alice,0,28676062,2089,0.0771,0.6249,3.5561,0.1326,,,,518,8,0.481,1.138,
alice,0,28676062,2090,0.0861,0.6321,3.5521,0.1326,,,,522,12,0.459,1.285,
alice,0,28676062,2091,0.0922,0.6133,3.7143,0.1326,,,,529,22,0.438,1.228,
alice,0,28676062,2092,0.105,0.6199,3.7943,0.1326,,,,523,13,0.468,1.178,
alice,0,28676062,2093,0.0937,0.6459,3.6778,0.1326,,,,510,18,0.464,1.493,
alice,0,28676062,2094,0.0895,0.7378,3.7913,0.1326,,,,519,11,0.464,1.307,
alice,0,28676062,2095,0.0977,0.6626,3.5795,0.1326,,,,523,23,0.452,1.166,
alice,0,28676062,2096,0.0936,0.6893,3.6244,0.1326,,,,529,8,0.472,1.274,
alice,0,28676062,2097,0.0862,0.6602,3.4082,0.1326,,,,525,11,0.465,1.352,
alice,0,28676062,2098,0.0824,0.651,3.5109,0.1326,,,,515,10,0.471,1.171,
alice,0,28676062,2099,0.0826,0.6958,3.8548,0.1326,,,,518,6,0.486,1.289,
alice,0,28676062,2100,0.0774,0.6399,3.3316,0.1326,,,,517,15,0.463,1.389,
alice,0,28676062,2101,0.0767,0.7001,4.0484,0.1326,,,,526,8,0.48,1.303,
alice,0,28676062,2102,0.0697,0.7201,3.6567,0.1326,,,,519,15,0.458,1.181,
alice,0,28676062,2103,0.0688,0.6921,3.8724,0.1326,,,,523,6,0.472,1.251,
alice,0,28676062,2104,0.0828,0.7325,3.6226,0.1326,,,,522,10,0.471,1.118,
alice,0,28676062,2105,0.0784,0.6851,3.6765,0.1326,,,,520,8,0.465,1.172,
alice,0,28676062,2106,0.0791,0.7553,3.7418,0.1326,,,,513,18,0.462,1.387,
alice,0,28676062,2107,0.095,0.6873,3.6537,0.1326,,,,526,19,0.47,1.385,
alice,0,28676062,2108,0.0859,0.7829,3.8732,0.1326,,,,516,8,0.482,1.158,
alice,0,28676062,2109,0.1103,0.7349,3.6916,0.1326,,,,523,16,0.457,1.096,
alice,0,28676062,2110,0.0749,0.6721,3.6176,0.1326,,,,519,19,0.439,1.185,
alice,0,28676062,2111,0.0887,0.6356,3.4159,0.1326,,,,531,7,0.487,1.295,
alice,0,28676062,2112,0.0765,0.7108,3.5782,0.1326,,,,516,8,0.484,1.314,
alice,0,28676062,2113,0.0764,0.6846,3.6195,0.1326,,,,522,20,0.486,1.248,
alice,0,28676062,2114,0.0574,0.7612,3.8131,0.1326,,,,515,15,0.468,1.161,
alice,0,28676062,2115,0.0754,0.7955,3.8559,0.1326,,,,523,12,0.483,1.469,
alice,0,28676062,2116,0.0406,0.7605,3.7202,0.1326,,,,518,26,0.436,1.326,
alice,0,28676062,2117,0.0444,0.8063,3.9543,0.1326,,,,516,22,0.45,1.243,
alice,0,28676062,2118,0.0756,0.7157,3.5708,0.1326,,,,523,13,0.479,1.166,
alice,0,28676062,2119,0.0555,0.6536,3.38,0.1326,,,,520,27,0.459,1.285,
alice,0,28676062,2120,0.0677,0.6973,3.9744,0.1326,,,,521,5,0.504,1.233,
alice,0,28676062,2121,0.0582,0.6967,3.5539,0.1326,,,,516,9,0.485,1.191,
alice,0,28676062,2122,0.0529,0.7341,3.7606,0.1326,,,,516,10,0.454,1.086,
alice,0,28676062,2123,0.0671,0.6396,3.1535,0.1326,,,,539,15,0.457,1.176,
alice,0,28676062,2124,0.0717,0.6513,3.5172,0.1326,,,,525,9,0.47,1.417,
alice,0,28676062,2125,0.0621,0.6231,3.2562,0.1326,,,,524,3,0.474,1.4,
alice,0,28676062,2126,0.0641,0.6299,3.4439,0.1326,,,,528,7,0.489,1.198,
alice,0,28676062,2127,0.0565,0.6345,3.2539,0.1326,,,,530,13,0.47,1.303,
alice,0,28676062,2128,0.0684,0.6567,3.7727,0.1326,,,,525,7,0.488,1.22,
alice,0,28676062,2129,0.0622,0.6956,3.7039,0.1326,,,,517,13,0.47,1.187,
alice,0,28676062,2130,0.0361,0.6584,3.8202,0.1326,,,,521,7,0.486,1.181,
alice,0,28676062,2131,0.0236,0.7124,3.5417,0.1326,,,,516,14,0.482,1.3,
alice,0,28676062,2132,0.0369,0.6813,3.672,0.1326,,,,525,9,0.468,1.132,
alice,0,28676062,2133,0.042,0.6683,3.3936,0.1326,,,,531,16,0.464,1.245,
alice,0,28676062,2134,0.0526,0.6488,3.5059,0.1326,,,,520,20,0.454,1.155,
alice,0,28676062,2135,0.0577,0.5977,3.3198,0.1326,,,,519,13,0.476,1.308,
alice,0,28676062,2136,0.0377,0.7122,3.5251,0.1326,,,,517,8,0.488,1.15,
alice,0,28676062,2137,0.0482,0.6662,3.6369,0.1326,,,,521,20,0.451,1.191,
alice,0,28676062,2138,0.0557,0.5923,3.3333,0.1326,,,,522,5,0.488,1.284,
alice,0,28676062,2139,0.0745,0.6247,3.6557,0.1326,,,,519,12,0.501,1.122,
alice,0,28676062,2140,0.0655,0.6594,3.4256,0.1326,,,,524,21,0.474,1.349,
alice,0,28676062,2141,0.0713,0.6903,3.8889,0.1326,,,,523,21,0.465,1.356,
alice,0,28676062,2142,0.0846,0.6878,3.6284,0.1326,,,,518,13,0.451,1.221,
alice,0,28676062,2143,0.0609,0.6867,3.4918,0.1326,,,,518,16,0.466,1.176,
alice,0,28676062,2144,0.0596,0.6969,3.7416,0.1326,,,,518,8,0.489,1.218,
alice,0,28676062,2145,0.0677,0.6765,3.511,0.1326,,,,509,19,0.455,1.162,
alice,0,28676062,2146,0.0859,0.6748,4.0843,0.1326,,,,526,16,0.46,1.245,
alice,0,28676062,2147,0.0585,0.727,3.9837,0.1326,,,,510,13,0.473,1.348,
alice,0,28676062,2148,0.0934,0.7608,3.9659,0.1326,,,,518,18,0.459,1.312,
alice,0,28676062,2149,0.0863,0.7219,4.1753,0.1326,,,,515,10,0.462,1.217,
alice,0,28676062,2150,0.0823,0.6656,3.3131,0.1326,,,,523,8,0.486,1.472,
alice,0,28676062,2151,0.0974,0.6613,3.697,0.1326,,,,524,6,0.509,1.191,
alice,0,28676062,2152,0.0968,0.6829,3.4703,0.1326,,,,528,2,0.514,1.288,
alice,0,28676062,2153,0.0822,0.6998,3.8814,0.1326,,,,519,23,0.446,1.084,
alice,0,28676062,2154,0.0722,0.6908,3.4657,0.1326,,,,520,21,0.469,1.227,
alice,0,28676062,2155,0.0725,0.6736,3.645,0.1326,,,,523,15,0.47,1.258,
alice,0,28676062,2156,0.0933,0.6201,3.4583,0.1326,,,,535,8,0.476,1.109,
alice,0,28676062,2157,0.0718,0.6593,3.4301,0.1326,,,,516,12,0.494,1.378,
alice,0,28676062,2158,0.0616,0.6999,3.4975,0.1326,,,,524,8,0.462,1.177,
alice,0,28676062,2159,0.0738,0.6863,3.3604,0.1326,,,,519,11,0.477,1.046,
alice,0,28676062,2160,0.0719,0.6518,3.5487,0.1326,,,,524,15,0.476,1.294,
alice,0,28676062,2161,0.0804,0.6482,3.4235,0.1326,,,,522,12,0.469,1.173,
alice,0,28676062,2162,0.0849,0.6661,3.2367,0.1326,,,,516,7,0.495,1.232,
alice,0,28676062,2163,0.093,0.6065,3.3282,0.1326,,,,522,4,0.489,1.065,
alice,0,28676062,2164,0.1024,0.6348,3.6296,0.1326,,,,528,6,0.498,1.099,
alice,0,28676062,2165,0.0745,0.6976,3.64,0.1326,,,,515,22,0.468,1.19,
alice,0,28676062,2166,0.0796,0.6818,3.5051,0.1326,,,,520,24,0.448,1.218,
alice,0,28676062,2167,0.0827,0.6137,3.3824,0.1326,,,,518,19,0.462,1.285,
alice,0,28676062,2168,0.1067,0.6403,3.4417,0.1326,,,,531,10,0.482,1.282,
alice,0,28676062,2169,0.0695,0.7516,3.867,0.1326,,,,511,24,0.469,1.302,
alice,0,28676062,2170,0.0882,0.7708,3.5227,0.1326,,,,522,5,0.485,1.219,
alice,0,28676062,2171,0.102,0.7056,3.4905,0.1326,,,,525,10,0.485,1.201,
alice,0,28676062,2172,0.0681,0.7773,3.726,0.1326,,,,522,20,0.45,1.199,
alice,0,28676062,2173,0.0815,0.7833,3.8571,0.1326,,,,516,16,0.455,1.15,
alice,0,28676062,2174,0.1133,0.7516,4.2427,0.1326,,,,519,18,0.458,1.292,
alice,0,28676062,2175,0.1174,0.7303,3.9491,0.1326,,,,528,9,0.468,1.334,
alice,0,28676062,2176,0.1009,0.7116,3.4131,0.1326,,,,531,9,0.468,1.109,
alice,0,28676062,2177,0.0755,0.6917,3.4826,0.1326,,,,517,33,0.46,1.23,
alice,0,28676062,2178,0.0818,0.6871,3.5931,0.1326,,,,530,16,0.471,1.139,
alice,0,28676062,2179,0.0892,0.6614,3.3333,0.1326,,,,525,12,0.464,1.349,
alice,0,28676062,2180,0.0531,0.6974,3.445,0.1326,,,,514,21,0.439,1.22,
alice,0,28676062,2181,0.0806,0.6475,3.4059,0.1326,,,,527,5,0.493,1.383,
alice,0,28676062,2182,0.0842,0.6459,3.3812,0.1326,,,,523,9,0.477,1.296,
alice,0,28676062,2183,0.0767,0.6325,3.6138,0.1326,,,,526,8,0.498,1.321,
alice,0,28676062,2184,0.0722,0.6464,3.5372,0.1326,,,,524,4,0.501,1.26,
alice,0,28676062,2185,0.0731,0.6269,3.6138,0.1326,,,,527,7,0.482,1.249,
alice,0,28676062,2186,0.0664,0.6804,3.6649,0.1326,,,,525,2,0.483,1.251,
alice,0,28676062,2187,0.0545,0.6377,3.4516,0.1326,,,,522,11,0.458,1.367,
alice,0,28676062,2188,0.0621,0.6196,3.3132,0.1326,,,,518,14,0.471,1.018,
alice,0,28676062,2189,0.0601,0.6154,3.5318,0.1326,,,,528,13,0.48,1.334,
alice,0,28676062,2190,0.0574,0.6113,3.2659,0.1326,,,,520,8,0.482,1.367,
alice,0,28676062,2191,0.0614,0.5434,3.5122,0.1326,,,,518,10,0.486,1.285,
alice,0,28676062,2192,0.0721,0.5956,3.4713,0.1326,,,,515,6,0.492,1.215,
alice,0,28676062,2193,0.0718,0.6332,3.8286,0.1326,,,,519,7,0.471,1.171,
alice,0,28676062,2194,0.0777,0.6692,3.7459,0.1326,,,,512,4,0.503,1.15,
alice,0,28676062,2195,0.0827,0.6205,3.2871,0.1326,,,,515,5,0.495,1.268,
alice,0,28676062,2196,0.0748,0.6622,3.597,0.1326,,,,520,15,0.474,1.255,
alice,0,28676062,2197,0.0875,0.6109,3.325,0.1326,,,,523,15,0.475,1.153,
alice,0,28676062,2198,0.0819,0.6637,3.7282,0.1326,,,,517,8,0.482,1.26,
alice,0,28676062,2199,0.1002,0.6338,3.375,0.1326,,,,529,4,0.487,1.209,
alice,0,28676062,2200,0.0763,0.6717,3.7031,0.1326,,,,517,14,0.463,1.145,
alice,0,28676062,2201,0.0898,0.627,3.4021,0.1326,,,,523,8,0.496,1.066,
alice,0,28676062,2202,0.0811,0.6643,3.6615,0.1326,,,,514,10,0.502,1.305,
alice,0,28676062,2203,0.0969,0.7019,3.7806,0.1326,,,,517,6,0.485,1.369,
alice,0,28676062,2204,0.0941,0.6385,3.5714,0.1326,,,,521,7,0.494,1.177,
alice,0,28676062,2205,0.0691,0.642,3.3744,0.1326,,,,524,19,0.465,1.303,
alice,0,28676062,2206,0.0784,0.6544,3.4346,0.1326,,,,525,12,0.47,1.175,
alice,0,28676062,2207,0.0898,0.6737,3.836,0.1326,,,,522,18,0.459,1.163,
alice,0,28676062,2208,0.0602,0.658,3.352,0.1326,,,,522,28,0.446,1.351,
alice,0,28676062,2209,0.0779,0.623,3.6702,0.1326,,,,523,18,0.464,1.333,
alice,0,28676062,2210,0.0793,0.6831,3.8789,0.1326,,,,521,12,0.462,1.187,
alice,0,28676062,2211,0.067,0.7113,3.5396,0.1326,,,,520,12,0.48,1.267,
alice,0,28676062,2212,0.0657,0.6518,3.6103,0.1326,,,,527,22,0.455,1.162,
alice,0,28676062,2213,0.0743,0.6169,3.3608,0.1326,,,,529,7,0.458,1.212,
alice,0,28676062,2214,0.0599,0.7188,3.8743,0.1326,,,,521,7,0.482,1.329,
alice,0,28676062,2215,0.0557,0.6737,3.7053,0.1326,,,,516,12,0.471,1.316,
alice,0,28676062,2216,0.0737,0.6999,3.7806,0.1326,,,,520,9,0.496,1.275,
alice,0,28676062,2217,0.0593,0.6753,3.6131,0.1326,,,,525,15,0.475,1.316,
alice,0,28676062,2218,0.0632,0.6326,3.7371,0.1326,,,,520,15,0.474,1.247,
alice,0,28676062,2219,0.0589,0.6551,3.4444,0.1326,,,,522,6,0.486,1.269,
alice,0,28676062,2220,0.0636,0.6627,3.4444,0.1326,,,,520,7,0.475,1.113,
alice,0,28676062,2221,0.0397,0.6459,3.5026,0.1326,,,,526,7,0.486,1.15,
alice,0,28676062,2222,0.0502,0.6977,3.7872,0.1326,,,,513,13,0.466,1.221,
alice,0,28676062,2223,0.0395,0.6936,3.2611,0.1326,,,,519,14,0.463,1.192,
alice,0,28676062,2224,0.0534,0.6781,3.6649,0.1326,,,,529,11,0.471,1.266,
alice,0,28676062,2225,0.0522,0.6445,3.2857,0.1326,,,,518,6,0.498,1.068,
alice,0,28676062,2226,0.0636,0.6482,3.6053,0.1326,,,,526,9,0.476,1.34,
alice,0,28676062,2227,0.0711,0.6418,3.7606,0.1326,,,,523,11,0.472,1.217,
alice,0,28676062,2228,0.0608,0.6625,3.5077,0.1326,,,,517,20,0.452,1.394,
alice,0,28676062,2229,0.0765,0.6287,3.3636,0.1326,,,,520,16,0.464,1.282,
alice,0,28676062,2230,0.0838,0.6572,3.4902,0.1326,,,,526,6,0.477,1.252,
alice,0,28676062,2231,0.0881,0.6222,3.567,0.1326,,,,530,7,0.493,1.238,
alice,0,28676062,2232,0.0786,0.6295,3.5333,0.1326,,,,531,10,0.478,1.231,
alice,0,28676062,2233,0.0692,0.6712,3.475,0.1326,,,,524,19,0.466,1.156,
alice,0,28676062,2234,0.0698,0.6681,3.2836,0.1326,,,,522,14,0.482,1.164,
alice,0,28676062,2235,0.0817,0.6525,3.5372,0.1326,,,,519,12,0.481,1.338,
alice,0,28676062,2236,0.0595,0.6941,3.7366,0.1326,,,,517,16,0.458,1.531,
alice,0,28676062,2237,0.0675,0.6814,3.6517,0.1326,,,,520,14,0.451,1.354,
alice,0,28676062,2238,0.0749,0.6443,3.5217,0.1326,,,,523,10,0.476,1.237,
alice,0,28676062,2239,0.0826,0.6465,3.2757,0.1326,,,,521,9,0.473,1.189,
alice,0,28676062,2240,0.0793,0.6882,3.6927,0.1326,,,,522,15,0.475,1.178,
alice,0,28676062,2241,0.0766,0.661,3.6798,0.1326,,,,526,6,0.467,1.187,
alice,0,28676062,2242,0.0842,0.683,4.1429,0.1326,,,,520,8,0.477,1.242,
alice,0,28676062,2243,0.0812,0.6401,3.5949,0.1326,,,,517,9,0.466,1.337,
alice,0,28676062,2244,0.0708,0.6187,3.4949,0.1326,,,,522,12,0.474,1.243,
alice,0,28676062,2245,0.0893,0.7031,4.0524,0.1326,,,,515,11,0.483,1.249,
alice,0,28676062,2246,0.0844,0.6296,3.5303,0.1326,,,,523,21,0.46,1.305,
alice,0,28676062,2247,0.0727,0.6514,3.4422,0.1326,,,,523,17,0.469,1.193,
alice,0,28676062,2248,0.0776,0.6659,3.596,0.1326,,,,525,14,0.456,1.205,
alice,0,28676062,2249,0.0781,0.6802,3.395,0.1326,,,,525,8,0.49,1.117,
alice,0,28676062,2250,0.0718,0.692,3.8717,0.1326,,,,524,10,0.475,1.362,
alice,0,28676062,2251,0.0683,0.6566,3.5163,0.1326,,,,521,12,0.461,1.171,
alice,0,28676062,2252,0.0814,0.6296,3.6096,0.1326,,,,528,10,0.495,1.214,
alice,0,28676062,2253,0.0869,0.6644,3.6133,0.1326,,,,526,11,0.483,1.141,
alice,0,28676062,2254,0.0734,0.7106,3.6458,0.1326,,,,520,13,0.484,1.166,
alice,0,28676062,2255,0.0835,0.6497,3.4635,0.1326,,,,524,15,0.466,1.316,
alice,0,28676062,2256,0.0884,0.7008,3.7957,0.1326,,,,520,15,0.484,1.341,
alice,0,28676062,2257,0.0816,0.7066,3.7617,0.1326,,,,519,12,0.49,1.528,
alice,0,28676062,2258,0.0867,0.675,3.5722,0.1326,,,,525,9,0.493,1.161,
alice,0,28676062,2259,0.0817,0.6593,3.4643,0.1326,,,,526,10,0.474,1.369,
alice,0,28676062,2260,0.0872,0.6917,3.551,0.1326,,,,524,10,0.478,1.313,
alice,0,28676062,2261,0.0767,0.7268,3.755,0.1326,,,,518,8,0.472,1.252,
alice,0,28676062,2262,0.0775,0.6795,3.5797,0.1326,,,,515,15,0.458,1.313,
alice,0,28676062,2263,0.0765,0.6963,3.4128,0.1326,,,,519,9,0.488,1.329,
alice,0,28676062,2264,0.0966,0.6935,3.77,0.1326,,,,526,8,0.471,1.077,
alice,0,28676062,2265,0.0815,0.716,3.9375,0.1326,,,,521,15,0.471,1.038,
alice,0,28676062,2266,0.071,0.7519,3.7027,0.1326,,,,520,21,0.468,1.165,
alice,0,28676062,2267,0.094,0.7218,3.894,0.1326,,,,525,6,0.474,1.215,
alice,0,28676062,2268,0.0941,0.7079,3.6912,0.1326,,,,518,12,0.455,1.324,
alice,0,28676062,2269,0.0726,0.7021,3.2468,0.1326,,,,525,19,0.449,1.334,
alice,0,28676062,2270,0.0919,0.7288,3.9953,0.1326,,,,527,14,0.457,1.27,
alice,0,28676062,2271,0.0985,0.7136,3.6121,0.1326,,,,525,14,0.446,1.355,
alice,0,28676062,2272,0.0751,0.7323,3.5576,0.1326,,,,517,19,0.456,1.239,
alice,0,28676062,2273,0.0867,0.7338,3.5442,0.1326,,,,526,16,0.461,1.138,
alice,0,28676062,2274,0.0793,0.7153,3.5116,0.1326,,,,523,14,0.484,1.23,
alice,0,28676062,2275,0.0896,0.7199,3.5935,0.1326,,,,521,3,0.481,1.23,
alice,0,28676062,2276,0.0669,0.7629,3.9256,0.1326,,,,521,18,0.459,1.333,
alice,0,28676062,2277,0.0949,0.7255,3.8537,0.1326,,,,526,17,0.451,1.152,
alice,0,28676062,2278,0.079,0.7326,3.5459,0.1326,,,,530,29,0.452,1.215,
alice,0,28676062,2279,0.0734,0.6906,3.6281,0.1326,,,,520,16,0.464,1.197,
alice,0,28676062,2280,0.0852,0.7516,3.7005,0.1326,,,,519,8,0.483,1.395,
alice,0,28676062,2281,0.0809,0.7137,3.7391,0.1326,,,,524,10,0.469,1.32,
alice,0,28676062,2282,0.0653,0.6601,3.5714,0.1326,,,,525,16,0.46,1.141,
alice,0,28676062,2283,0.0648,0.6509,3.4854,0.1326,,,,521,13,0.484,1.35,
alice,0,28676062,2284,0.0712,0.7128,3.791,0.1326,,,,518,12,0.478,1.567,
alice,0,28676062,2285,0.078,0.7774,4.0335,0.1326,,,,519,6,0.501,1.235,
alice,0,28676062,2286,0.0674,0.7075,3.6121,0.1326,,,,521,9,0.502,1.18,
alice,0,28676062,2287,0.0749,0.6745,3.6286,0.1326,,,,529,7,0.471,1.252,
alice,0,28676062,2288,0.0838,0.6167,3.3333,0.1326,,,,526,7,0.499,1.216,
alice,0,28676062,2289,0.0782,0.6973,3.5802,0.1326,,,,521,9,0.484,1.241,
alice,0,28676062,2290,0.0787,0.7266,3.7756,0.1326,,,,524,7,0.488,1.162,
alice,0,28676062,2291,0.0693,0.6609,3.4631,0.1326,,,,530,14,0.484,1.098,
alice,0,28676062,2292,0.0793,0.7115,3.8191,0.1326,,,,528,8,0.487,1.177,
alice,0,28676062,2293,0.0644,0.6964,3.4322,0.1326,,,,524,9,0.486,1.207,
alice,0,28676062,2294,0.0763,0.7354,4.1198,0.1326,,,,517,8,0.496,1.36,
alice,0,28676062,2295,0.0687,0.669,3.3221,0.1326,,,,527,13,0.466,1.065,
alice,0,28676062,2296,0.073,0.6932,3.5051,0.1326,,,,521,15,0.472,1.261,
alice,0,28676062,2297,0.0585,0.7169,4.0476,0.1326,,,,517,19,0.466,1.196,
alice,0,28676062,2298,0.0656,0.7339,3.6195,0.1326,,,,521,8,0.478,1.301,
alice,0,28676062,2299,0.0609,0.6987,3.5166,0.1326,,,,528,12,0.474,1.304,
alice,0,28676062,2300,0.0659,0.6687,3.6059,0.1326,,,,524,13,0.475,1.241,
alice,0,28676062,2301,0.0565,0.5672,2.9366,0.1326,,,,526,16,0.479,1.292,
alice,0,28676062,2302,0.0749,0.6556,3.7371,0.1326,,,,528,7,0.484,1.29,
alice,0,28676062,2303,0.0665,0.7037,3.8316,0.1326,,,,524,10,0.488,1.308,
alice,0,28676062,2304,0.0588,0.7157,3.7811,0.1326,,,,518,17,0.458,1.224,
alice,0,28676062,2305,0.0558,0.7277,3.7561,0.1326,,,,522,24,0.453,1.236,
alice,0,28676062,2306,0.0807,0.6852,3.4346,0.1326,,,,520,14,0.477,1.239,
alice,0,28676062,2307,0.0843,0.6832,3.7233,0.1326,,,,524,13,0.478,1.311,
alice,0,28676062,2308,0.0947,0.6822,3.7073,0.1326,,,,526,10,0.505,1.266,
alice,0,28676062,2309,0.0741,0.6234,3.1934,0.1326,,,,525,15,0.484,1.208,
alice,0,28676062,2310,0.081,0.6767,3.5403,0.1326,,,,526,8,0.491,1.262,
alice,0,28676062,2311,0.0892,0.6894,3.6019,0.1326,,,,523,9,0.483,1.507,
alice,0,28676062,2312,0.0863,0.6619,3.6019,0.1326,,,,524,11,0.472,1.17,
alice,0,28676062,2313,0.0904,0.6729,3.7438,0.1326,,,,525,13,0.468,1.276,
alice,0,28676062,2314,0.081,0.7034,3.4619,0.1326,,,,521,11,0.475,1.222,
alice,0,28676062,2315,0.0848,0.6824,3.6176,0.1326,,,,514,14,0.471,1.214,
alice,0,28676062,2316,0.0805,0.6596,3.628,0.1326,,,,522,12,0.48,1.301,
alice,0,28676062,2317,0.0945,0.7305,3.9238,0.1326,,,,530,7,0.493,1.168,
alice,0,28676062,2318,0.0747,0.7096,3.4364,0.1326,,,,524,6,0.487,1.257,
alice,0,28676062,2319,0.0753,0.7409,3.417,0.1326,,,,529,5,0.49,1.161,
alice,0,28676062,2320,0.094,0.6492,3.7129,0.1326,,,,523,8,0.495,1.217,
alice,0,28676062,2321,0.0739,0.6926,3.6,0.1326,,,,526,11,0.483,1.292,
alice,0,28676062,2322,0.0759,0.6817,3.6303,0.1326,,,,529,2,0.503,1.379,
alice,0,28676062,2323,0.0745,0.6817,3.5421,0.1326,,,,522,9,0.494,1.404,
alice,0,28676062,2324,0.0902,0.7097,3.7196,0.1326,,,,529,8,0.485,1.294,
alice,0,28676062,2325,0.0844,0.6622,3.3953,0.1326,,,,529,4,0.478,1.195,
alice,0,28676062,2326,0.0853,0.6778,3.7959,0.1326,,,,521,14,0.485,1.279,
alice,0,28676062,2327,0.0961,0.7034,3.8687,0.1326,,,,518,9,0.487,1.331,
alice,0,28676062,2328,0.0773,0.7041,3.7171,0.1326,,,,530,11,0.469,1.105,
alice,0,28676062,2329,0.0651,0.6765,3.3793,0.1326,,,,524,13,0.469,1.156,
alice,0,28676062,2330,0.0663,0.6894,3.8421,0.1326,,,,528,11,0.489,1.252,
alice,0,28676062,2331,0.0579,0.6413,3.3665,0.1326,,,,516,32,0.436,1.337,
alice,0,28676062,2332,0.0624,0.6978,3.3498,0.1326,,,,519,20,0.447,1.184,
alice,0,28676062,2333,0.0805,0.7083,3.8081,0.1326,,,,521,4,0.47,1.386,
alice,0,28676062,2334,0.0962,0.6546,3.3561,0.1326,,,,522,10,0.496,1.462,
alice,0,28676062,2335,0.0673,0.6179,3.3163,0.1326,,,,520,11,0.487,1.238,
alice,0,28676062,2336,0.0875,0.6848,3.805,0.1326,,,,530,11,0.454,1.168,
alice,0,28676062,2337,0.0757,0.659,3.6134,0.1326,,,,516,14,0.467,1.441,
alice,0,28676062,2338,0.0881,0.6331,3.5274,0.1326,,,,530,11,0.468,1.139,
alice,0,28676062,2339,0.0732,0.6523,3.4242,0.1326,,,,528,19,0.451,1.233,
alice,0,28676062,2340,0.0798,0.6475,3.4242,0.1326,,,,531,10,0.475,1.226,
alice,0,28676062,2341,0.0759,0.6857,3.6071,0.1326,,,,520,8,0.472,1.083,
alice,0,28676062,2342,0.0672,0.6221,3.1576,0.1326,,,,520,12,0.466,1.256,
alice,0,28676062,2343,0.0771,0.6886,3.6262,0.1326,,,,525,7,0.471,1.162,
alice,0,28676062,2344,0.0795,0.6282,3.2985,0.1326,,,,526,16,0.479,1.194,
alice,0,28676062,2345,0.077,0.5917,3.5105,0.1326,,,,528,12,0.482,1.338,
alice,0,28676062,2346,0.0714,0.6036,3.6044,0.1326,,,,524,5,0.481,1.03,
alice,0,28676062,2347,0.0693,0.6869,3.8054,0.1326,,,,515,26,0.449,1.293,
alice,0,28676062,2348,0.0783,0.6773,3.7708,0.1326,,,,518,8,0.48,1.261,
alice,0,28676062,2349,0.0711,0.6523,3.475,0.1326,,,,524,11,0.48,1.155,
alice,0,28676062,2350,0.0731,0.6951,3.772,0.1326,,,,525,9,0.488,1.315,
alice,0,28676062,2351,0.076,0.6859,3.2836,0.1326,,,,522,6,0.482,1.2,
alice,0,28676062,2352,0.0575,0.7154,3.532,0.1326,,,,516,13,0.474,1.343,
alice,0,28676062,2353,0.0689,0.7173,3.6,0.1326,,,,529,5,0.481,1.164,
alice,0,28676062,2354,0.0648,0.6415,3.2576,0.1326,,,,525,5,0.483,1.122,
alice,0,28676062,2355,0.0592,0.6545,3.3641,0.1326,,,,524,9,0.482,1.346,
alice,0,28676062,2356,0.0681,0.5955,3.4194,0.1326,,,,525,14,0.496,1.302,
alice,0,28676062,2357,0.0695,0.6905,3.8958,0.1326,,,,519,10,0.468,1.265,
alice,0,28676062,2358,0.0837,0.6083,3.25,0.1326,,,,530,7,0.496,1.471,
alice,0,28676062,2359,0.0846,0.6536,3.4588,0.1326,,,,530,4,0.49,1.157,
alice,0,28676062,2360,0.0656,0.6635,3.7238,0.1326,,,,518,8,0.511,1.206,
alice,0,28676062,2361,0.0567,0.6728,3.5663,0.1326,,,,522,8,0.471,1.234,
alice,0,28676062,2362,0.0706,0.6712,3.5477,0.1326,,,,531,5,0.471,1.263,
alice,0,28676062,2363,0.0647,0.6782,3.6769,0.1326,,,,523,10,0.483,1.461,
alice,0,28676062,2364,0.0593,0.6515,3.4899,0.1326,,,,532,9,0.484,1.191,
alice,0,28676062,2365,0.0622,0.6306,3.366,0.1326,,,,525,8,0.481,1.271,
alice,0,28676062,2366,0.0704,0.6231,3.3472,0.1326,,,,528,9,0.467,1.125,
alice,0,28676062,2367,0.0618,0.7221,3.8377,0.1326,,,,512,9,0.499,1.271,
alice,0,28676062,2368,0.0702,0.6224,3.4483,0.1326,,,,526,16,0.478,1.231,
alice,0,28676062,2369,0.0753,0.6895,3.8,0.1326,,,,521,11,0.49,1.347,
alice,0,28676062,2370,0.0826,0.5872,3.6364,0.1326,,,,520,6,0.488,1.214,
alice,0,28676062,2371,0.0845,0.6929,3.5721,0.1326,,,,519,3,0.486,1.348,
alice,0,28676062,2372,0.0678,0.6396,3.4286,0.1326,,,,525,8,0.483,1.186,
alice,0,28676062,2373,0.0725,0.6457,3.4874,0.1326,,,,526,6,0.502,1.307,
alice,0,28676062,2374,0.0773,0.6257,3.3088,0.1326,,,,522,6,0.492,1.412,
alice,0,28676062,2375,0.0757,0.6889,3.8235,0.1326,,,,531,17,0.451,1.163,
alice,0,28676062,2376,0.0604,0.6847,3.5316,0.1326,,,,525,18,0.482,1.184,
alice,0,28676062,2377,0.0471,0.6177,3.0197,0.1326,,,,524,20,0.474,1.28,
alice,0,28676062,2378,0.0654,0.5981,3.201,0.1326,,,,526,9,0.497,1.243,
alice,0,28676062,2379,0.0684,0.6268,3.1324,0.1326,,,,531,4,0.5,1.273,
alice,0,28676062,2380,0.0519,0.6793,3.4796,0.1326,,,,523,14,0.482,1.252,
alice,0,28676062,2381,0.0629,0.6275,3.255,0.1326,,,,528,19,0.455,1.224,
alice,0,28676062,2382,0.0665,0.6801,3.3892,0.1326,,,,530,16,0.461,1.205,
alice,0,28676062,2383,0.05,0.6459,3.2335,0.1326,,,,527,18,0.467,1.518,
alice,0,28676062,2384,0.0615,0.6396,3.4213,0.1326,,,,522,6,0.486,1.256,
alice,0,28676062,2385,0.0798,0.6131,3.2704,0.1326,,,,526,3,0.487,1.18,
alice,0,28676062,2386,0.0632,0.6522,3.415,0.1326,,,,518,9,0.484,1.307,
alice,0,28676062,2387,0.0599,0.6688,3.4133,0.1326,,,,524,11,0.487,1.248,
alice,0,28676062,2388,0.0623,0.6965,3.7577,0.1326,,,,520,6,0.488,1.205,
alice,0,28676062,2389,0.0587,0.6876,3.75,0.1326,,,,516,13,0.49,1.288,
alice,0,28676062,2390,0.0614,0.6994,3.6599,0.1326,,,,527,23,0.447,1.099,
alice,0,28676062,2391,0.0691,0.6262,3.5968,0.1326,,,,532,22,0.453,1.208,
alice,0,28676062,2392,0.0742,0.6311,3.5659,0.1326,,,,521,9,0.486,1.348,
alice,0,28676062,2393,0.0806,0.6836,3.9448,0.1326,,,,518,11,0.474,1.264,
alice,0,28676062,2394,0.0763,0.6172,3.2941,0.1326,,,,528,4,0.479,1.174,
alice,0,28676062,2395,0.065,0.6876,3.6169,0.1326,,,,530,7,0.508,1.177,
alice,0,28676062,2396,0.0636,0.6415,3.1878,0.1326,,,,530,9,0.493,1.098,
alice,0,28676062,2397,0.0578,0.648,3.2304,0.1326,,,,526,14,0.472,1.185,
alice,0,28676062,2398,0.0516,0.7203,3.665,0.1326,,,,522,9,0.472,1.555,
alice,0,28676062,2399,0.0722,0.6146,3.203,0.1326,,,,529,7,0.48,1.545,
alice,0,28676062,2400,0.0606,0.7058,3.5879,0.1326,,,,513,25,0.454,1.178,
alice,0,28676062,2401,0.0781,0.7385,3.713,0.1326,,,,524,8,0.475,1.197,
alice,0,28676062,2402,0.087,0.6551,3.2156,0.1326,,,,525,8,0.48,1.129,
alice,0,28676062,2403,0.0972,0.709,3.7926,0.1326,,,,527,6,0.479,1.185,
alice,0,28676062,2404,0.1046,0.5774,3.3732,0.1326,,,,535,4,0.494,1.304,
alice,0,28676062,2405,0.0978,0.6287,3.5838,0.1326,,,,524,4,0.499,1.217,
alice,0,28676062,2406,0.1109,0.6483,3.596,0.1326,,,,531,5,0.484,1.191,
alice,0,28676062,2407,0.0932,0.6645,3.6298,0.1326,,,,531,8,0.486,1.35,
alice,0,28676062,2408,0.0881,0.6612,3.5556,0.1326,,,,525,12,0.49,1.39,
alice,0,28676062,2409,0.0799,0.6589,3.3835,0.1326,,,,526,12,0.48,1.158,
alice,0,28676062,2410,0.0968,0.6615,3.7107,0.1326,,,,525,4,0.503,1.126,
alice,0,28676062,2411,0.0904,0.6462,3.8254,0.1326,,,,537,7,0.483,1.278,
alice,0,28676062,2412,0.0786,0.6417,3.4301,0.1326,,,,523,4,0.495,1.251,
alice,0,28676062,2413,0.073,0.6807,3.5196,0.1326,,,,524,9,0.468,1.206,
alice,0,28676062,2414,0.0801,0.6987,3.6404,0.1326,,,,533,9,0.454,1.22,
alice,0,28676062,2415,0.0713,0.6596,3.5,0.1326,,,,525,21,0.443,1.181,
alice,0,28676062,2416,0.0671,0.6321,3.5615,0.1326,,,,527,7,0.472,1.448,
alice,0,28676062,2417,0.0825,0.6236,3.5326,0.1326,,,,521,4,0.498,1.297,
alice,0,28676062,2418,0.0902,0.6323,3.3846,0.1326,,,,528,5,0.488,1.196,
alice,0,28676062,2419,0.0702,0.6389,3.4895,0.1326,,,,524,10,0.481,1.425,
alice,0,28676062,2420,0.0675,0.6633,3.5,0.1326,,,,522,13,0.475,1.327,
alice,0,28676062,2421,0.072,0.6235,3.1979,0.1326,,,,519,13,0.49,1.105,
alice,0,28676062,2422,0.1058,0.628,3.6099,0.1326,,,,527,7,0.459,1.382,
alice,0,28676062,2423,0.0954,0.6482,3.2328,0.1326,,,,517,5,0.484,1.287,
alice,0,28676062,2424,0.0913,0.5945,3.1649,0.1326,,,,530,13,0.465,1.127,
alice,0,28676062,2425,0.0708,0.6251,3.3784,0.1326,,,,521,17,0.45,1.071,
alice,0,28676062,2426,0.0905,0.6109,3.623,0.1326,,,,519,13,0.486,1.178,
alice,0,28676062,2427,0.0708,0.6221,2.9853,0.1326,,,,527,11,0.457,1.188,
alice,0,28676062,2428,0.0693,0.6122,3.1324,0.1326,,,,525,5,0.479,1.379,
alice,0,28676062,2429,0.0721,0.5606,2.69,0.1326,,,,533,5,0.494,1.176,
alice,0,28676062,2430,0.0615,0.582,3.2344,0.1326,,,,523,12,0.45,1.132,
alice,0,28676062,2431,0.0698,0.6579,3.6,0.1326,,,,530,14,0.464,1.397,
alice,0,28676062,2432,0.071,0.6647,3.515,0.1326,,,,522,9,0.471,1.085,
alice,0,28676062,2433,0.0701,0.7244,3.5748,0.1326,,,,520,11,0.476,1.34,
alice,0,28676062,2434,0.0712,0.6802,3.1991,0.1326,,,,528,16,0.47,1.237,
alice,0,28676062,2435,0.0753,0.7311,3.8971,0.1326,,,,528,11,0.469,1.163,
alice,0,28676062,2436,0.0705,0.6277,3.3835,0.1326,,,,530,9,0.462,1.273,
alice,0,28676062,2437,0.0688,0.6583,3.2381,0.1326,,,,531,12,0.468,1.231,
alice,0,28676062,2438,0.0713,0.7018,3.5833,0.1326,,,,526,3,0.496,1.387,
alice,0,28676062,2439,0.0642,0.6682,3.8756,0.1326,,,,527,5,0.498,1.256,
alice,0,28676062,2440,0.0644,0.6374,3.1881,0.1326,,,,518,18,0.441,1.195,
alice,0,28676062,2441,0.0632,0.6349,3.7074,0.1326,,,,522,13,0.47,1.197,
alice,0,28676062,2442,0.0699,0.6275,3.3284,0.1326,,,,528,11,0.47,1.164,
alice,0,28676062,2443,0.079,0.6499,3.8316,0.1326,,,,521,3,0.477,1.291,
alice,0,28676062,2444,0.1007,0.67,3.822,0.1326,,,,526,7,0.479,1.373,
alice,0,28676062,2445,0.0798,0.6484,3.5156,0.1326,,,,528,17,0.448,1.231,
alice,0,28676062,2446,0.0769,0.5963,3.3115,0.1326,,,,526,26,0.456,1.198,
alice,0,28676062,2447,0.0664,0.6018,3.0638,0.1326,,,,523,22,0.47,1.456,
alice,0,28676062,2448,0.0689,0.6685,3.7211,0.1326,,,,526,7,0.469,1.227,
alice,0,28676062,2449,0.0674,0.6054,3.6263,0.1326,,,,531,5,0.479,1.129,
alice,0,28676062,2450,0.0504,0.6417,3.3234,0.1326,,,,529,3,0.498,1.196,
alice,0,28676062,2451,0.039,0.6032,3.3788,0.1326,,,,527,10,0.479,1.386,
alice,0,28676062,2452,0.0712,0.694,3.4286,0.1326,,,,533,5,0.486,1.446,
alice,0,28676062,2453,0.0382,0.6541,3.4133,0.1326,,,,524,15,0.474,1.375,
alice,0,28676062,2454,0.0542,0.6523,3.4433,0.1326,,,,521,13,0.502,1.212,
alice,0,28676062,2455,0.0563,0.6867,3.8571,0.1326,,,,526,10,0.468,1.254,
alice,0,28676062,2456,0.0737,0.5931,3.3641,0.1326,,,,525,18,0.458,1.278,
alice,0,28676062,2457,0.0611,0.6345,3.2183,0.1326,,,,524,12,0.476,1.383,
alice,0,28676062,2458,0.0724,0.6756,3.3561,0.1326,,,,522,8,0.478,1.198,
alice,0,28676062,2459,0.0741,0.6372,3.0,0.1326,,,,523,10,0.469,1.232,
alice,0,28676062,2460,0.0669,0.7364,3.6952,0.1326,,,,518,17,0.456,1.155,
alice,0,28676062,2461,0.0766,0.6576,3.237,0.1326,,,,525,26,0.446,1.229,
alice,0,28676062,2462,0.0926,0.6945,3.7633,0.1326,,,,525,10,0.471,1.194,
alice,0,28676062,2463,0.082,0.6528,3.5468,0.1326,,,,522,13,0.471,1.122,
alice,0,28676062,2464,0.0681,0.7266,3.5905,0.1326,,,,524,8,0.467,1.168,
alice,0,28676062,2465,0.0842,0.6803,3.7919,0.1326,,,,519,9,0.479,1.237,
alice,0,28676062,2466,0.0794,0.6094,3.0483,0.1326,,,,525,7,0.485,1.332,
alice,0,28676062,2467,0.0796,0.6376,3.4794,0.1326,,,,524,9,0.481,1.13,
alice,0,28676062,2468,0.0646,0.6212,3.3421,0.1326,,,,526,10,0.475,1.283,
alice,0,28676062,2469,0.0575,0.6513,3.2421,0.1326,,,,517,11,0.495,1.186,
alice,0,28676062,2470,0.0809,0.693,3.7181,0.1326,,,,521,9,0.477,1.188,
alice,0,28676062,2471,0.076,0.6701,3.4872,0.1326,,,,521,11,0.459,1.323,
alice,0,28676062,2472,0.0647,0.7061,3.4029,0.1326,,,,518,10,0.462,1.267,
alice,0,28676062,2473,0.0749,0.6894,3.7647,0.1326,,,,523,14,0.465,1.196,
alice,0,28676062,2474,0.0769,0.7255,3.65,0.1326,,,,532,12,0.481,1.163,
alice,0,28676062,2475,0.0763,0.7084,3.5777,0.1326,,,,517,16,0.481,1.219,
alice,0,28676062,2476,0.0869,0.647,3.401,0.1326,,,,534,12,0.47,1.282,
alice,0,28676062,2477,0.0665,0.6088,3.3,0.1326,,,,521,9,0.486,1.257,
alice,0,28676062,2478,0.0723,0.6585,3.4974,0.1326,,,,525,11,0.465,1.33,
alice,0,28676062,2479,0.0733,0.6096,3.5531,0.1326,,,,529,19,0.465,1.329,
alice,0,28676062,2480,0.0628,0.6538,3.8,0.1326,,,,525,21,0.442,1.347,
alice,0,28676062,2481,0.0607,0.6562,3.3266,0.1326,,,,522,22,0.462,1.218,
alice,0,28676062,2482,0.0787,0.6331,3.4822,0.1326,,,,527,7,0.496,1.245,
alice,0,28676062,2483,0.0933,0.6833,3.4976,0.1326,,,,522,6,0.487,1.243,
alice,0,28676062,2484,0.0727,0.6682,3.2523,0.1326,,,,526,13,0.469,1.282,
alice,0,28676062,2485,0.0675,0.6626,3.2785,0.1326,,,,529,7,0.464,1.106,
alice,0,28676062,2486,0.076,0.6929,3.5687,0.1326,,,,530,5,0.481,1.205,
alice,0,28676062,2487,0.0702,0.6673,3.2757,0.1326,,,,528,9,0.473,1.501,
alice,0,28676062,2488,0.0594,0.7277,3.7079,0.1326,,,,525,21,0.447,1.519,
alice,0,28676062,2489,0.0814,0.7542,3.8465,0.1326,,,,517,17,0.46,1.288,
alice,0,28676062,2490,0.0756,0.7234,3.7368,0.1326,,,,519,10,0.479,1.328,
alice,0,28676062,2491,0.0893,0.6723,3.6604,0.1326,,,,527,4,0.492,1.259,
alice,0,28676062,2492,0.0843,0.6772,3.8333,0.1326,,,,530,13,0.478,1.186,
alice,0,28676062,2493,0.074,0.6984,3.4776,0.1326,,,,518,20,0.47,1.281,
alice,0,28676062,2494,0.0667,0.6676,3.702,0.1326,,,,531,13,0.469,1.211,
alice,0,28676062,2495,0.0625,0.6346,3.3264,0.1326,,,,527,10,0.476,1.274,
alice,0,28676062,2496,0.053,0.6387,3.4021,0.1326,,,,525,12,0.476,1.117,
alice,0,28676062,2497,0.0574,0.6901,3.6865,0.1326,,,,534,3,0.476,1.285,
alice,0,28676062,2498,0.0672,0.6072,3.5371,0.1326,,,,515,8,0.485,1.318,
alice,0,28676062,2499,0.0551,0.6161,3.0942,0.1326,,,,533,11,0.485,1.231,
alice,0,28676062,2500,0.047,0.6677,3.3533,0.1326,,,,517,14,0.486,1.378,
alice,0,28676062,2501,0.0452,0.6388,3.1726,0.1326,,,,529,12,0.486,1.188,
alice,0,28676062,2502,0.0529,0.6373,3.5652,0.1326,,,,518,10,0.494,1.173,
alice,0,28676062,2503,0.0649,0.6337,3.4611,0.1326,,,,522,1,0.497,1.218,
alice,0,28676062,2504,0.068,0.6548,3.3892,0.1326,,,,524,11,0.479,1.246,
alice,0,28676062,2505,0.0476,0.7276,3.9797,0.1326,,,,512,17,0.469,1.35,
alice,0,28676062,2506,0.0548,0.6385,3.3725,0.1326,,,,534,13,0.472,1.14,
alice,0,28676062,2507,0.0598,0.6187,3.5285,0.1326,,,,533,9,0.492,1.25,
alice,0,28676062,2508,0.0599,0.6643,3.4755,0.1326,,,,527,8,0.489,1.267,
alice,0,28676062,2509,0.0679,0.6106,3.4171,0.1326,,,,522,11,0.478,1.277,
alice,0,28676062,2510,0.0813,0.5633,3.3207,0.1326,,,,521,4,0.484,1.156,
alice,0,28676062,2511,0.0713,0.5587,3.2204,0.1326,,,,526,10,0.494,1.332,
alice,0,28676062,2512,0.0789,0.6502,3.8877,0.1326,,,,525,1,0.503,1.237,
alice,0,28676062,2513,0.0645,0.6535,3.5888,0.1326,,,,521,18,0.46,1.141,
alice,0,28676062,2514,0.0791,0.6231,3.5098,0.1326,,,,519,6,0.513,1.256,
alice,0,28676062,2515,0.0842,0.6511,3.3991,0.1326,,,,528,3,0.514,1.33,
alice,0,28676062,2516,0.0694,0.6213,3.2019,0.1326,,,,530,7,0.503,1.238,
alice,0,28676062,2517,0.0803,0.6366,3.4069,0.1326,,,,528,6,0.489,1.048,
alice,0,28676062,2518,0.0683,0.6231,3.3333,0.1326,,,,519,16,0.478,1.319,
alice,0,28676062,2519,0.0794,0.6489,3.6853,0.1326,,,,532,14,0.479,1.232,
alice,0,28676062,2520,0.0593,0.6574,3.5625,0.1326,,,,526,13,0.489,1.256,
alice,0,28676062,2521,0.0662,0.6408,3.6593,0.1326,,,,521,4,0.514,1.262,
alice,0,28676062,2522,0.0868,0.6479,3.7039,0.1326,,,,532,5,0.5,1.209,
alice,0,28676062,2523,0.0422,0.5997,3.1648,0.1326,,,,526,14,0.489,1.302,
alice,0,28676062,2524,0.0525,0.625,3.2834,0.1326,,,,526,7,0.49,1.29,
alice,0,28676062,2525,0.0537,0.6311,3.3191,0.1326,,,,521,9,0.495,1.192,
alice,0,28676062,2526,0.0678,0.6059,3.1224,0.1326,,,,538,13,0.488,1.34,
alice,0,28676062,2527,0.0511,0.6832,3.3069,0.1326,,,,524,16,0.478,1.236,
alice,0,28676062,2528,0.06,0.6993,4.0168,0.1326,,,,524,9,0.503,1.233,
alice,0,28676062,2529,0.052,0.6757,3.4337,0.1326,,,,515,13,0.477,1.525,
alice,0,28676062,2530,0.0703,0.6585,3.1422,0.1326,,,,525,9,0.492,1.333,
alice,0,28676062,2531,0.0724,0.6583,3.4925,0.1326,,,,522,6,0.496,1.274,
alice,0,28676062,2532,0.074,0.6725,3.6062,0.1326,,,,524,4,0.502,1.357,
alice,0,28676062,2533,0.0679,0.695,3.7423,0.1326,,,,523,13,0.461,1.243,
alice,0,28676062,2534,0.0492,0.6699,3.2453,0.1326,,,,532,10,0.473,1.372,
alice,0,28676062,2535,0.0504,0.6592,3.6923,0.1326,,,,523,13,0.488,1.253,
alice,0,28676062,2536,0.0532,0.7043,3.5,0.1326,,,,535,10,0.484,1.219,
alice,0,28676062,2537,0.0446,0.6288,3.33,0.1326,,,,522,12,0.474,1.311,
alice,0,28676062,2538,0.0616,0.6445,3.199,0.1326,,,,528,10,0.483,1.322,
alice,0,28676062,2539,0.0631,0.6442,3.8595,0.1326,,,,531,5,0.486,1.269,
alice,0,28676062,2540,0.0523,0.6915,3.3529,0.1326,,,,514,13,0.47,1.259,
alice,0,28676062,2541,0.0684,0.6388,3.215,0.1326,,,,537,10,0.494,1.245,
alice,0,28676062,2542,0.068,0.6907,3.665,0.1326,,,,521,4,0.49,1.216,
alice,0,28676062,2543,0.0714,0.7154,3.9848,0.1326,,,,526,9,0.492,1.252,
alice,0,28676062,2544,0.0816,0.7034,3.7919,0.1326,,,,525,13,0.488,1.347,
alice,0,28676062,2545,0.0706,0.6674,3.7056,0.1326,,,,522,10,0.482,1.401,
alice,0,28676062,2546,0.0786,0.662,3.6061,0.1326,,,,525,6,0.488,1.251,
alice,0,28676062,2547,0.0945,0.6714,3.551,0.1326,,,,524,4,0.506,1.18,
alice,0,28676062,2548,0.078,0.5966,2.9756,0.1326,,,,527,13,0.49,1.182,
alice,0,28676062,2549,0.0873,0.7091,3.4195,0.1326,,,,521,3,0.5,1.302,
alice,0,28676062,2550,0.0697,0.64,3.4729,0.1326,,,,536,10,0.488,1.214,
alice,0,28676062,2551,0.064,0.6213,3.3147,0.1326,,,,529,18,0.473,1.328,
alice,0,28676062,2552,0.0645,0.6325,3.22,0.1326,,,,528,8,0.496,1.159,
alice,0,28676062,2553,0.0553,0.6551,3.206,0.1326,,,,522,4,0.512,1.257,
alice,0,28676062,2554,0.058,0.6737,3.7234,0.1326,,,,528,3,0.495,1.262,
alice,0,28676062,2555,0.0584,0.6767,3.3676,0.1326,,,,516,4,0.515,1.219,
alice,0,28676062,2556,0.0581,0.6988,3.2831,0.1326,,,,530,6,0.471,1.289,
alice,0,28676062,2557,0.0521,0.6734,3.5673,0.1326,,,,529,15,0.466,1.282,
alice,0,28676062,2558,0.0577,0.6473,3.4341,0.1326,,,,527,9,0.484,1.407,
alice,0,28676062,2559,0.0591,0.715,3.7598,0.1326,,,,519,15,0.474,1.337,
alice,0,28676062,2560,0.0612,0.6651,3.2944,0.1326,,,,528,10,0.501,1.214,
alice,0,28676062,2561,0.0589,0.6778,3.5455,0.1326,,,,523,7,0.486,1.208,
alice,0,28676062,2562,0.0594,0.7592,3.9429,0.1326,,,,527,8,0.463,1.449,
alice,0,28676062,2563,0.0694,0.6698,3.8502,0.1326,,,,525,11,0.481,1.341,
alice,0,28676062,2564,0.066,0.6011,3.4532,0.1326,,,,533,14,0.476,1.211,
alice,0,28676062,2565,0.0769,0.6663,3.0374,0.1326,,,,526,10,0.469,1.222,
alice,0,28676062,2566,0.0657,0.6604,3.435,0.1326,,,,523,5,0.515,1.276,
alice,0,28676062,2567,0.0696,0.6418,3.7135,0.1326,,,,531,2,0.498,1.255,
alice,0,28676062,2568,0.0683,0.6612,3.4948,0.1326,,,,520,7,0.505,1.156,
alice,0,28676062,2569,0.0671,0.6649,3.731,0.1326,,,,534,10,0.491,1.131,
alice,0,28676062,2570,0.0594,0.6063,3.3692,0.1326,,,,528,9,0.503,1.278,
alice,0,28676062,2571,0.0523,0.6632,3.4121,0.1326,,,,529,17,0.479,1.412,
alice,0,28676062,2572,0.0631,0.6778,3.6979,0.1326,,,,519,11,0.473,1.103,
alice,0,28676062,2573,0.0829,0.6283,3.2727,0.1326,,,,532,7,0.484,1.276,
alice,0,28676062,2574,0.0864,0.6481,3.1773,0.1326,,,,529,7,0.478,1.272,
alice,0,28676062,2575,0.0623,0.6296,3.4385,0.1326,,,,529,10,0.482,1.144,
alice,0,28676062,2576,0.0548,0.6333,3.359,0.1326,,,,519,15,0.456,1.305,
alice,0,28676062,2577,0.077,0.6503,4.0164,0.1326,,,,531,12,0.481,1.441,
alice,0,28676062,2578,0.0735,0.6292,3.4926,0.1326,,,,531,5,0.496,1.348,
alice,0,28676062,2579,0.077,0.6406,3.5075,0.1326,,,,530,4,0.473,1.175,
alice,0,28676062,2580,0.0755,0.6436,3.6327,0.1326,,,,525,5,0.498,1.213,
alice,0,28676062,2581,0.0512,0.6209,3.1891,0.1326,,,,524,12,0.473,1.158,
alice,0,28676062,2582,0.0557,0.6686,3.6158,0.1326,,,,524,9,0.492,1.302,
alice,0,28676062,2583,0.0601,0.6561,3.5784,0.1326,,,,529,7,0.496,1.291,
alice,0,28676062,2584,0.0558,0.6849,3.4028,0.1326,,,,520,3,0.494,1.604,
alice,0,28676062,2585,0.0735,0.6823,3.1389,0.1326,,,,521,15,0.465,1.259,
alice,0,28676062,2586,0.0873,0.6921,3.6442,0.1326,,,,517,19,0.467,1.315,
alice,0,28676062,2587,0.0822,0.6669,3.2291,0.1326,,,,526,10,0.468,1.174,
alice,0,28676062,2588,0.094,0.7304,3.5789,0.1326,,,,526,12,0.463,1.132,
alice,0,28676062,2589,0.0864,0.6537,3.344,0.1326,,,,530,10,0.475,1.297,
alice,0,28676062,2590,0.0785,0.6488,3.4878,0.1326,,,,517,11,0.48,1.382,
alice,0,28676062,2591,0.0812,0.6433,3.3846,0.1326,,,,528,7,0.493,1.081,
alice,0,28676062,2592,0.0917,0.6671,3.6364,0.1326,,,,531,8,0.491,1.24,
alice,0,28676062,2593,0.085,0.5457,2.9043,0.1326,,,,526,10,0.492,1.138,
alice,0,28676062,2594,0.102,0.6554,3.697,0.1326,,,,533,7,0.492,1.12,
alice,0,28676062,2595,0.0908,0.6429,3.6122,0.1326,,,,528,11,0.483,1.183,
alice,0,28676062,2596,0.0768,0.6309,3.625,0.1326,,,,529,20,0.455,1.285,
alice,0,28676062,2597,0.0611,0.6976,3.7302,0.1326,,,,520,25,0.444,1.192,
alice,0,28676062,2598,0.054,0.6581,3.465,0.1326,,,,529,19,0.459,1.293,
alice,0,28676062,2599,0.0797,0.6876,3.7316,0.1326,,,,520,13,0.463,1.352,
alice,0,28676062,2600,0.0595,0.6478,3.5779,0.1326,,,,526,13,0.456,1.178,
alice,0,28676062,2601,0.0531,0.6998,3.6135,0.1326,,,,522,7,0.457,1.149,
alice,0,28676062,2602,0.0609,0.6904,3.3194,0.1326,,,,521,16,0.462,1.281,
alice,0,28676062,2603,0.0782,0.6616,3.7311,0.1326,,,,537,11,0.479,1.206,
alice,0,28676062,2604,0.0791,0.6586,3.2512,0.1326,,,,531,7,0.486,1.286,
alice,0,28676062,2605,0.0643,0.661,3.0648,0.1326,,,,527,10,0.488,1.254,
alice,0,28676062,2606,0.0629,0.7054,3.5767,0.1326,,,,529,6,0.481,1.224,
alice,0,28676062,2607,0.0688,0.6523,3.3381,0.1326,,,,522,16,0.464,1.299,
alice,0,28676062,2608,0.0682,0.6457,3.2202,0.1326,,,,530,6,0.473,1.108,
alice,0,28676062,2609,0.0907,0.6366,3.3832,0.1326,,,,531,7,0.481,1.23,
alice,0,28676062,2610,0.0744,0.6568,3.6337,0.1326,,,,531,7,0.496,1.312,
alice,0,28676062,2611,0.078,0.633,3.1221,0.1326,,,,537,5,0.5,1.304,
alice,0,28676062,2612,0.0554,0.6737,3.2676,0.1326,,,,530,9,0.486,1.259,
alice,0,28676062,2613,0.073,0.5694,3.2424,0.1326,,,,526,7,0.493,1.26,
alice,0,28676062,2614,0.0896,0.5905,3.0,0.1326,,,,528,4,0.5,1.071,
alice,0,28676062,2615,0.0855,0.6563,3.4627,0.1326,,,,521,9,0.48,1.448,
alice,0,28676062,2616,0.0688,0.7238,3.5467,0.1326,,,,524,15,0.442,1.216,
alice,0,28676062,2617,0.0955,0.7113,3.8502,0.1326,,,,526,11,0.464,1.124,
alice,0,28676062,2618,0.0936,0.6757,3.6275,0.1326,,,,526,11,0.453,1.363,
alice,0,28676062,2619,0.0641,0.6611,3.1914,0.1326,,,,532,16,0.45,1.199,
alice,0,28676062,2620,0.0723,0.6661,3.3922,0.1326,,,,533,12,0.477,1.248,
alice,0,28676062,2621,0.079,0.672,3.4505,0.1326,,,,526,6,0.495,1.367,
alice,0,28676062,2622,0.0809,0.6582,3.6162,0.1326,,,,525,4,0.5,1.437,
alice,0,28676062,2623,0.0869,0.6868,3.5048,0.1326,,,,522,10,0.487,1.435,
alice,0,28676062,2624,0.058,0.673,3.3871,0.1326,,,,523,18,0.46,1.268,
alice,0,28676062,2625,0.077,0.6925,3.4372,0.1326,,,,529,12,0.482,1.191,
alice,0,28676062,2626,0.0668,0.7069,3.5,0.1326,,,,526,11,0.474,1.215,
alice,0,28676062,2627,0.0688,0.6841,3.566,0.1326,,,,532,11,0.447,1.192,
alice,0,28676062,2628,0.0694,0.7874,3.7444,0.1326,,,,524,8,0.441,1.253,
alice,0,28676062,2629,0.075,0.6633,3.3028,0.1326,,,,541,16,0.454,1.335,
alice,0,28676062,2630,0.078,0.7482,3.976,0.1326,,,,521,6,0.47,1.255,
alice,0,28676062,2631,0.0864,0.6885,3.8227,0.1326,,,,531,12,0.471,1.164,
alice,0,28676062,2632,0.086,0.6224,3.5606,0.1326,,,,535,7,0.491,1.357,
alice,0,28676062,2633,0.0609,0.6231,3.0503,0.1326,,,,518,14,0.471,1.12,
alice,0,28676062,2634,0.079,0.6523,3.1394,0.1326,,,,531,7,0.477,1.245,
alice,0,28676062,2635,0.0635,0.675,3.5969,0.1326,,,,520,9,0.481,1.291,
alice,0,28676062,2636,0.0673,0.6605,3.5294,0.1326,,,,530,4,0.488,1.368,
alice,0,28676062,2637,0.0661,0.6418,3.0718,0.1326,,,,530,7,0.472,1.417,
alice,0,28676062,2638,0.0665,0.6094,3.5615,0.1326,,,,533,4,0.494,1.18,
alice,0,28676062,2639,0.0514,0.6338,3.5138,0.1326,,,,523,5,0.496,1.309,
alice,0,28676062,2640,0.0438,0.6149,3.3607,0.1326,,,,521,9,0.485,1.271,
alice,0,28676062,2641,0.0515,0.5914,3.3263,0.1326,,,,526,1,0.507,1.272,
alice,0,28676062,2642,0.042,0.6617,3.487,0.1326,,,,525,10,0.494,1.316,
alice,0,28676062,2643,0.0591,0.5971,2.9307,0.1326,,,,529,7,0.467,1.421,
alice,0,28676062,2644,0.0753,0.5924,3.1979,0.1326,,,,534,8,0.467,1.286,
alice,0,28676062,2645,0.0733,0.6092,3.2402,0.1326,,,,527,7,0.497,1.189,
alice,0,28676062,2646,0.0505,0.6543,3.4576,0.1326,,,,519,9,0.482,1.419,
alice,0,28676062,2647,0.0612,0.5554,3.4451,0.1326,,,,534,5,0.502,1.363,
alice,0,28676062,2648,0.0537,0.5736,2.9944,0.1326,,,,532,10,0.48,1.213,
alice,0,28676062,2649,0.0512,0.5641,3.3908,0.1326,,,,532,6,0.458,1.133,
alice,0,28676062,2650,0.0449,0.5655,3.1512,0.1326,,,,529,8,0.471,1.201,
alice,0,28676062,2651,0.0402,0.5325,3.1775,0.1326,,,,530,15,0.476,1.329,
alice,0,28676062,2652,0.0474,0.6709,3.8837,0.1326,,,,524,8,0.472,1.533,
alice,0,28676062,2653,0.0576,0.6185,3.3298,0.1326,,,,526,13,0.49,1.18,
alice,0,28676062,2654,0.0582,0.6084,3.383,0.1326,,,,525,11,0.485,1.299,
alice,0,28676062,2655,0.072,0.6099,3.1527,0.1326,,,,529,5,0.484,1.13,
alice,0,28676062,2656,0.0747,0.6546,3.5161,0.1326,,,,521,3,0.514,1.158,
alice,0,28676062,2657,0.0846,0.653,3.4027,0.1326,,,,535,6,0.48,1.156,
alice,0,28676062,2658,0.0837,0.62,3.385,0.1326,,,,529,7,0.482,1.121,
alice,0,28676062,2659,0.0659,0.5852,3.1449,0.1326,,,,534,8,0.502,1.232,
alice,0,28676062,2660,0.0674,0.6635,3.4101,0.1326,,,,533,2,0.508,1.229,
alice,0,28676062,2661,0.0624,0.6559,3.3932,0.1326,,,,521,16,0.483,1.293,
alice,0,28676062,2662,0.0682,0.647,3.3555,0.1326,,,,529,11,0.481,1.349,
alice,0,28676062,2663,0.0612,0.6624,3.7,0.1326,,,,524,24,0.453,1.161,
alice,0,28676062,2664,0.0595,0.6457,3.039,0.1326,,,,529,18,0.463,1.314,
alice,0,28676062,2665,0.0694,0.6506,3.4231,0.1326,,,,535,7,0.484,1.21,
alice,0,28676062,2666,0.0691,0.6425,3.2157,0.1326,,,,525,12,0.465,1.279,
alice,0,28676062,2667,0.0653,0.6869,3.0136,0.1326,,,,528,6,0.473,1.284,
alice,0,28676062,2668,0.0683,0.6904,3.6812,0.1326,,,,536,9,0.465,1.334,
alice,0,28676062,2669,0.0732,0.7035,3.8232,0.1326,,,,529,5,0.475,1.167,
alice,0,28676062,2670,0.0727,0.6671,3.4433,0.1326,,,,525,13,0.481,1.275,
alice,0,28676062,2671,0.0586,0.6571,3.595,0.1326,,,,526,10,0.46,1.139,
alice,0,28676062,2672,0.0767,0.6036,3.3827,0.1326,,,,525,8,0.494,1.368,
alice,0,28676062,2673,0.0729,0.6573,3.404,0.1326,,,,520,11,0.473,1.206,
alice,0,28676062,2674,0.076,0.6261,3.3918,0.1326,,,,538,5,0.496,1.189,
alice,0,28676062,2675,0.0649,0.5895,3.1737,0.1326,,,,523,7,0.503,1.053,
alice,0,28676062,2676,0.0624,0.6121,3.2347,0.1326,,,,530,13,0.486,1.236,
alice,0,28676062,2677,0.0678,0.7091,3.5473,0.1326,,,,521,12,0.479,1.075,
alice,0,28676062,2678,0.0712,0.6294,3.3744,0.1326,,,,534,8,0.488,1.289,
alice,0,28676062,2679,0.0734,0.6008,3.356,0.1326,,,,530,7,0.477,1.122,
alice,0,28676062,2680,0.0617,0.5326,2.9468,0.1326,,,,531,13,0.479,1.107,
alice,0,28676062,2681,0.0739,0.6179,3.3598,0.1326,,,,529,9,0.472,1.139,
alice,0,28676062,2682,0.062,0.612,3.3617,0.1326,,,,528,8,0.481,1.331,
alice,0,28676062,2683,0.063,0.6484,3.8659,0.1326,,,,528,11,0.462,1.142,
alice,0,28676062,2684,0.0758,0.6478,3.8453,0.1326,,,,520,11,0.48,1.278,
alice,0,28676062,2685,0.0877,0.5868,3.4062,0.1326,,,,534,8,0.483,1.277,
alice,0,28676062,2686,0.069,0.5986,3.0,0.1326,,,,522,14,0.484,1.204,
alice,0,28676062,2687,0.0821,0.5949,3.6378,0.1326,,,,531,1,0.495,1.172,
alice,0,28676062,2688,0.0675,0.5747,3.3011,0.1326,,,,528,8,0.486,1.311,
alice,0,28676062,2689,0.0745,0.6105,3.3966,0.1326,,,,524,10,0.475,1.289,
alice,0,28676062,2690,0.0564,0.6271,3.4624,0.1326,,,,525,7,0.482,1.298,
alice,0,28676062,2691,0.0678,0.6468,3.2804,0.1326,,,,522,10,0.494,1.113,
alice,0,28676062,2692,0.0655,0.5786,3.2054,0.1326,,,,519,8,0.479,1.265,
alice,0,28676062,2693,0.0606,0.657,3.27,0.1326,,,,524,9,0.475,1.442,
alice,0,28676062,2694,0.0591,0.6483,3.7474,0.1326,,,,529,12,0.452,1.215,
alice,0,28676062,2695,0.0615,0.589,3.246,0.1326,,,,524,14,0.469,1.293,
alice,0,28676062,2696,0.0672,0.6221,3.8045,0.1326,,,,523,10,0.473,1.294,
alice,0,28676062,2697,0.0722,0.5977,3.3351,0.1326,,,,532,14,0.466,1.268,
alice,0,28676062,2698,0.0739,0.6219,3.4581,0.1326,,,,526,11,0.48,1.285,
alice,0,28676062,2699,0.0659,0.5587,3.2099,0.1326,,,,521,10,0.483,1.351,
alice,0,28676062,2700,0.0574,0.6126,3.228,0.1326,,,,517,12,0.474,1.192,
alice,0,28676062,2701,0.0766,0.6496,3.488,0.1326,,,,526,3,0.477,1.218,
alice,0,28676062,2702,0.0854,0.6899,3.6542,0.1326,,,,530,6,0.49,1.34,
alice,0,28676062,2703,0.0703,0.6552,3.3907,0.1326,,,,530,11,0.463,1.148,
alice,0,28676062,2704,0.095,0.7127,3.5112,0.1326,,,,524,14,0.449,1.224,
alice,0,28676062,2705,0.0915,0.6435,3.3288,0.1326,,,,527,11,0.477,1.14,
alice,0,28676062,2706,0.0988,0.671,3.2291,0.1326,,,,530,11,0.47,1.171,
alice,0,28676062,2707,0.0946,0.5827,3.106,0.1326,,,,538,8,0.478,1.29,
alice,0,28676062,2708,0.0786,0.6999,3.6019,0.1326,,,,518,12,0.478,1.27,
alice,0,28676062,2709,0.0847,0.7421,4.0276,0.1326,,,,518,12,0.454,1.228,
alice,0,28676062,2710,0.09,0.7017,3.3496,0.1326,,,,527,11,0.455,1.536,
alice,0,28676062,2711,0.074,0.6889,3.5859,0.1326,,,,527,8,0.475,1.347,
alice,0,28676062,2712,0.0813,0.6261,3.455,0.1326,,,,530,13,0.465,1.252,
alice,0,28676062,2713,0.0811,0.6541,3.4648,0.1326,,,,528,15,0.487,1.085,
alice,0,28676062,2714,0.0738,0.6299,3.5311,0.1326,,,,530,7,0.488,1.269,
alice,0,28676062,2715,0.066,0.6342,3.4429,0.1326,,,,536,6,0.502,1.099,
alice,0,28676062,2716,0.0667,0.7145,3.6121,0.1326,,,,534,5,0.482,1.171,
alice,0,28676062,2717,0.0603,0.6641,3.3674,0.1326,,,,527,13,0.467,1.095,
alice,0,28676062,2718,0.0635,0.6325,3.1462,0.1326,,,,524,9,0.497,1.229,
alice,0,28676062,2719,0.0811,0.6965,3.6651,0.1326,,,,536,5,0.495,1.11,
alice,0,28676062,2720,0.065,0.6991,3.6542,0.1326,,,,535,13,0.484,1.228,
alice,0,28676062,2721,0.0829,0.6412,3.23,0.1326,,,,531,5,0.494,1.39,
alice,0,28676062,2722,0.0806,0.7039,3.7783,0.1326,,,,525,7,0.471,1.221,
alice,0,28676062,2723,0.065,0.6526,3.6263,0.1326,,,,525,22,0.453,1.13,
alice,0,28676062,2724,0.0742,0.663,3.0748,0.1326,,,,520,7,0.471,1.203,
alice,0,28676062,2725,0.0831,0.6513,3.4783,0.1326,,,,534,10,0.472,1.274,
alice,0,28676062,2726,0.0865,0.6553,3.5147,0.1326,,,,523,15,0.464,1.251,
alice,0,28676062,2727,0.0881,0.6472,3.5388,0.1326,,,,525,4,0.467,1.182,
alice,0,28676062,2728,0.1009,0.6186,3.1971,0.1326,,,,533,3,0.465,1.287,
alice,0,28676062,2729,0.0671,0.6243,3.5,0.1326,,,,525,20,0.443,1.08,
alice,0,28676062,2730,0.0724,0.6447,3.3524,0.1326,,,,527,17,0.455,1.137,
alice,0,28676062,2731,0.0822,0.6404,3.2824,0.1326,,,,527,9,0.471,1.577,
alice,0,28676062,2732,0.078,0.6726,3.2579,0.1326,,,,531,3,0.475,1.268,
alice,0,28676062,2733,0.0677,0.6602,3.0714,0.1326,,,,523,18,0.46,1.308,
alice,0,28676062,2734,0.0844,0.7062,3.4071,0.1326,,,,529,25,0.443,1.269,
alice,0,28676062,2735,0.0711,0.6892,3.7189,0.1326,,,,528,19,0.457,1.293,
alice,0,28676062,2736,0.0785,0.6853,3.5158,0.1326,,,,522,2,0.489,1.362,
alice,0,28676062,2737,0.0868,0.6385,3.274,0.1326,,,,529,8,0.489,1.26,
alice,0,28676062,2738,0.0836,0.6886,3.6919,0.1326,,,,523,9,0.5,1.22,
alice,0,28676062,2739,0.085,0.6806,3.5604,0.1326,,,,532,10,0.484,1.16,
alice,0,28676062,2740,0.0969,0.7109,3.5769,0.1326,,,,534,8,0.485,1.345,
alice,0,28676062,2741,0.0824,0.6715,3.335,0.1326,,,,529,2,0.489,1.296,
alice,0,28676062,2742,0.0939,0.6604,3.535,0.1326,,,,529,6,0.496,1.332,
alice,0,28676062,2743,0.0864,0.6849,3.7277,0.1326,,,,520,9,0.482,1.115,
alice,0,28676062,2744,0.092,0.6806,3.4381,0.1326,,,,524,10,0.49,1.18,
alice,0,28676062,2745,0.0715,0.6415,3.3798,0.1326,,,,522,11,0.463,1.201,
alice,0,28676062,2746,0.0729,0.6671,3.2056,0.1326,,,,525,15,0.472,1.114,
alice,0,28676062,2747,0.0731,0.585,3.1362,0.1326,,,,530,8,0.518,1.275,
alice,0,28676062,2748,0.0806,0.6473,3.4158,0.1326,,,,524,13,0.478,1.231,
alice,0,28676062,2749,0.0826,0.6338,3.5127,0.1326,,,,527,11,0.473,1.284,
alice,0,28676062,2750,0.057,0.6898,3.3541,0.1326,,,,528,9,0.475,1.241,
alice,0,28676062,2751,0.0747,0.6705,3.3602,0.1326,,,,527,13,0.468,1.28,
alice,0,28676062,2752,0.0743,0.6373,3.5685,0.1326,,,,530,9,0.476,1.204,
alice,0,28676062,2753,0.0817,0.7047,3.4686,0.1326,,,,521,8,0.472,1.188,
alice,0,28676062,2754,0.0771,0.6839,3.3972,0.1326,,,,518,5,0.48,1.224,
alice,0,28676062,2755,0.0846,0.6576,3.2837,0.1326,,,,531,18,0.456,1.308,
alice,0,28676062,2756,0.082,0.7133,3.7971,0.1326,,,,526,8,0.477,1.344,
alice,0,28676062,2757,0.0809,0.6615,3.5517,0.1326,,,,528,12,0.475,1.233,
alice,0,28676062,2758,0.0962,0.6513,3.5797,0.1326,,,,526,1,0.492,1.174,
alice,0,28676062,2759,0.0713,0.6739,3.4698,0.1326,,,,527,11,0.469,1.173,
alice,0,28676062,2760,0.0706,0.6123,3.2714,0.1326,,,,532,11,0.502,1.205,
alice,0,28676062,2761,0.08,0.6802,3.419,0.1326,,,,531,11,0.461,1.222,
alice,0,28676062,2762,0.0755,0.671,3.3935,0.1326,,,,538,5,0.484,1.36,
alice,0,28676062,2763,0.0634,0.5953,3.2549,0.1326,,,,524,9,0.495,1.166,
alice,0,28676062,2764,0.0608,0.6394,3.2085,0.1326,,,,522,12,0.482,1.284,
alice,0,28676062,2765,0.0778,0.6619,3.3644,0.1326,,,,531,7,0.477,1.18,
alice,0,28676062,2766,0.0762,0.6721,3.2687,0.1326,,,,532,13,0.478,1.2,
alice,0,28676062,2767,0.0823,0.6614,3.5,0.1326,,,,530,13,0.486,1.207,
alice,0,28676062,2768,0.0865,0.6425,3.4306,0.1326,,,,536,8,0.468,1.175,
alice,0,28676062,2769,0.0678,0.6366,3.4375,0.1326,,,,528,3,0.503,1.279,
alice,0,28676062,2770,0.0538,0.6052,3.3971,0.1326,,,,526,10,0.501,1.461,
alice,0,28676062,2771,0.063,0.7034,3.7206,0.1326,,,,528,5,0.49,1.272,
alice,0,28676062,2772,0.0657,0.6514,3.2063,0.1326,,,,527,3,0.507,1.282,
alice,0,28676062,2773,0.0662,0.6535,2.9733,0.1326,,,,536,10,0.475,1.248,
alice,0,28676062,2774,0.0817,0.6822,3.6682,0.1326,,,,526,11,0.482,1.538,
alice,0,28676062,2775,0.0902,0.6174,3.3812,0.1326,,,,534,9,0.498,1.224,
alice,0,28676062,2776,0.0859,0.6142,3.3968,0.1326,,,,534,9,0.491,1.274,
alice,0,28676062,2777,0.0613,0.6781,3.487,0.1326,,,,521,10,0.501,1.139,
alice,0,28676062,2778,0.063,0.6429,3.4508,0.1326,,,,529,4,0.49,1.253,
alice,0,28676062,2779,0.0743,0.6422,3.2905,0.1326,,,,526,8,0.471,1.231,
alice,0,28676062,2780,0.0746,0.6282,3.6135,0.1326,,,,531,10,0.481,1.274,
alice,0,28676062,2781,0.0731,0.6539,3.2348,0.1326,,,,533,4,0.488,1.186,
alice,0,28676062,2782,0.0739,0.6286,3.1963,0.1326,,,,533,4,0.479,1.201,
alice,0,28676062,2783,0.0726,0.6941,3.3578,0.1326,,,,523,4,0.493,1.235,
alice,0,28676062,2784,0.0819,0.637,3.4123,0.1326,,,,536,7,0.49,1.255,
alice,0,28676062,2785,0.0836,0.6565,3.835,0.1326,,,,523,9,0.476,1.145,
alice,0,28676062,2786,0.0655,0.6731,3.5762,0.1326,,,,525,23,0.465,1.171,
alice,0,28676062,2787,0.0837,0.6761,3.3167,0.1326,,,,523,28,0.463,1.301,
alice,0,28676062,2788,0.0854,0.6826,3.2987,0.1326,,,,528,4,0.489,1.227,
alice,0,28676062,2789,0.0951,0.6724,3.1818,0.1326,,,,533,4,0.48,1.192,
alice,0,28676062,2790,0.085,0.679,3.4541,0.1326,,,,521,12,0.476,1.138,
alice,0,28676062,2791,0.0809,0.5871,3.2619,0.1326,,,,530,13,0.487,1.161,
alice,0,28676062,2792,0.0886,0.6808,3.757,0.1326,,,,523,10,0.491,1.284,
alice,0,28676062,2793,0.0831,0.6796,3.2814,0.1326,,,,523,6,0.472,1.425,
alice,0,28676062,2794,0.0906,0.7572,3.572,0.1326,,,,526,7,0.46,1.215,
alice,0,28676062,2795,0.0757,0.7086,3.8131,0.1326,,,,525,8,0.485,1.233,
alice,0,28676062,2796,0.0786,0.6595,3.1636,0.1326,,,,529,13,0.474,1.28,
alice,0,28676062,2797,0.0773,0.6821,3.4619,0.1326,,,,525,10,0.498,1.164,
alice,0,28676062,2798,0.0824,0.6746,3.5902,0.1326,,,,528,7,0.492,1.514,
alice,0,28676062,2799,0.0849,0.673,3.4286,0.1326,,,,528,5,0.496,1.132,
alice,0,28676062,2800,0.0562,0.7141,3.6106,0.1326,,,,521,8,0.481,1.302,
alice,0,28676062,2801,0.0678,0.6783,3.4028,0.1326,,,,526,6,0.477,1.286,
alice,0,28676062,2802,0.0444,0.7163,3.2706,0.1326,,,,539,11,0.467,1.128,
alice,0,28676062,2803,0.0455,0.7388,3.3073,0.1326,,,,520,16,0.472,1.315,
alice,0,28676062,2804,0.0459,0.6983,3.4186,0.1326,,,,532,12,0.477,1.353,
alice,0,28676062,2805,0.0488,0.6691,3.1836,0.1326,,,,533,13,0.476,1.219,
alice,0,28676062,2806,0.0324,0.677,3.2775,0.1326,,,,526,11,0.468,1.34,
alice,0,28676062,2807,0.0469,0.7068,3.5797,0.1326,,,,539,7,0.472,1.329,
alice,0,28676062,2808,0.0359,0.6824,3.3429,0.1326,,,,532,10,0.453,1.148,
alice,0,28676062,2809,0.0558,0.6433,3.2273,0.1326,,,,527,12,0.47,1.306,
alice,0,28676062,2810,0.0494,0.655,3.5859,0.1326,,,,532,11,0.473,1.152,
alice,0,28676062,2811,0.0667,0.6853,3.4541,0.1326,,,,524,18,0.454,1.229,
alice,0,28676062,2812,0.0751,0.6404,3.4515,0.1326,,,,530,11,0.467,1.222,
alice,0,28676062,2813,0.0821,0.6359,3.2892,0.1326,,,,534,5,0.485,1.214,
alice,0,28676062,2814,0.0772,0.6251,3.5606,0.1326,,,,535,9,0.462,1.339,
alice,0,28676062,2815,0.0754,0.6284,3.1456,0.1326,,,,537,6,0.5,1.186,
alice,0,28676062,2816,0.0633,0.6441,3.2687,0.1326,,,,522,10,0.484,1.36,
alice,0,28676062,2817,0.082,0.6603,3.5951,0.1326,,,,519,10,0.505,1.236,
alice,0,28676062,2818,0.0797,0.6916,3.3894,0.1326,,,,530,12,0.471,1.201,
alice,0,28676062,2819,0.0849,0.6651,3.4725,0.1326,,,,527,12,0.464,1.341,
alice,0,28676062,2820,0.0944,0.671,3.5714,0.1326,,,,530,8,0.479,1.273,
alice,0,28676062,2821,0.0893,0.6786,3.5964,0.1326,,,,533,9,0.467,1.278,
alice,0,28676062,2822,0.0917,0.6567,3.344,0.1326,,,,530,9,0.482,1.309,
alice,0,28676062,2823,0.0885,0.6176,3.4848,0.1326,,,,531,4,0.504,1.257,
alice,0,28676062,2824,0.0816,0.6473,3.697,0.1326,,,,529,2,0.527,1.29,
alice,0,28676062,2825,0.0952,0.6435,3.5816,0.1326,,,,528,8,0.494,1.313,
alice,0,28676062,2826,0.0601,0.6327,3.6701,0.1326,,,,527,16,0.473,1.348,
alice,0,28676062,2827,0.0693,0.6311,3.3119,0.1326,,,,522,8,0.483,1.225,
alice,0,28676062,2828,0.0831,0.6348,3.2311,0.1326,,,,538,5,0.488,1.153,
alice,0,28676062,2829,0.0729,0.6428,3.0813,0.1326,,,,530,5,0.498,1.289,
alice,0,28676062,2830,0.0604,0.67,3.4554,0.1326,,,,525,8,0.492,1.452,
alice,0,28676062,2831,0.0833,0.6435,3.4213,0.1326,,,,539,9,0.469,1.242,
alice,0,28676062,2832,0.0836,0.7024,3.5187,0.1326,,,,526,12,0.463,1.282,
alice,0,28676062,2833,0.0919,0.6939,3.6085,0.1326,,,,538,11,0.482,1.211,
alice,0,28676062,2834,0.0811,0.6665,3.4048,0.1326,,,,535,4,0.47,1.217,
alice,0,28676062,2835,0.0752,0.6507,3.6193,0.1326,,,,522,10,0.481,1.316,
alice,0,28676062,2836,0.0739,0.6584,3.1244,0.1326,,,,525,16,0.461,1.452,
alice,0,28676062,2837,0.0772,0.611,2.9522,0.1326,,,,533,8,0.478,1.181,
alice,0,28676062,2838,0.0563,0.637,3.3532,0.1326,,,,535,6,0.49,1.202,
alice,0,28676062,2839,0.0546,0.6136,3.6649,0.1326,,,,533,6,0.491,1.235,
alice,0,28676062,2840,0.0737,0.6332,3.3119,0.1326,,,,532,6,0.487,1.315,
alice,0,28676062,2841,0.0459,0.5888,3.0854,0.1326,,,,531,10,0.489,1.177,
alice,0,28676062,2842,0.0431,0.6632,3.7056,0.1326,,,,515,13,0.454,1.279,
alice,0,28676062,2843,0.0696,0.5991,3.2941,0.1326,,,,543,6,0.48,1.223,
alice,0,28676062,2844,0.0641,0.638,3.5644,0.1326,,,,518,11,0.468,1.076,
alice,0,28676062,2845,0.0591,0.6925,3.2432,0.1326,,,,529,10,0.465,1.079,
alice,0,28676062,2846,0.0741,0.6587,3.717,0.1326,,,,524,4,0.499,1.446,
alice,0,28676062,2847,0.0741,0.7003,3.32,0.1326,,,,530,8,0.493,1.181,
alice,0,28676062,2848,0.0793,0.7029,3.4956,0.1326,,,,531,7,0.47,1.196,
alice,0,28676062,2849,0.0731,0.6626,3.4676,0.1326,,,,529,6,0.492,1.219,
alice,0,28676062,2850,0.0715,0.6571,3.2648,0.1326,,,,536,10,0.488,1.232,
alice,0,28676062,2851,0.0845,0.661,3.3241,0.1326,,,,535,8,0.502,1.284,
alice,0,28676062,2852,0.094,0.6591,3.3237,0.1326,,,,536,11,0.479,1.131,
alice,0,28676062,2853,0.0885,0.6879,3.625,0.1326,,,,525,14,0.477,1.343,
alice,0,28676062,2854,0.0751,0.673,3.512,0.1326,,,,533,4,0.483,1.154,
alice,0,28676062,2855,0.0784,0.6228,3.2249,0.1326,,,,528,4,0.514,1.347,
alice,0,28676062,2856,0.0748,0.5868,3.177,0.1326,,,,534,13,0.493,1.502,
alice,0,28676062,2857,0.0714,0.6895,3.8358,0.1326,,,,534,15,0.491,1.351,
alice,0,28676062,2858,0.052,0.6454,3.2153,0.1326,,,,533,7,0.505,1.202,
alice,0,28676062,2859,0.0597,0.6065,3.2953,0.1326,,,,535,4,0.504,1.357,
alice,0,28676062,2860,0.0606,0.6619,3.4873,0.1326,,,,532,9,0.473,1.295,
alice,0,28676062,2861,0.0689,0.5679,3.2381,0.1326,,,,533,4,0.489,1.098,
alice,0,28676062,2862,0.0632,0.6177,3.2,0.1326,,,,529,13,0.487,1.544,
alice,0,28676062,2863,0.0681,0.6501,3.39,0.1326,,,,522,9,0.49,1.326,
alice,0,28676062,2864,0.0723,0.6025,3.3054,0.1326,,,,543,9,0.475,1.304,
alice,0,28676062,2865,0.071,0.6662,3.3268,0.1326,,,,540,6,0.461,1.155,
alice,0,28676062,2866,0.0582,0.5816,3.2041,0.1326,,,,534,7,0.489,1.234,
alice,0,28676062,2867,0.06,0.6594,3.1143,0.1326,,,,528,5,0.496,1.253,
alice,0,28676062,2868,0.0572,0.6635,3.4406,0.1326,,,,538,5,0.49,1.199,
alice,0,28676062,2869,0.049,0.678,3.6126,0.1326,,,,526,5,0.487,1.256,
alice,0,28676062,2870,0.0529,0.6302,3.2487,0.1326,,,,532,3,0.487,1.275,
alice,0,28676062,2871,0.0572,0.6199,3.2408,0.1326,,,,529,6,0.499,1.336,
alice,0,28676062,2872,0.0532,0.6669,3.4627,0.1326,,,,531,7,0.475,1.246,
alice,0,28676062,2873,0.0632,0.6815,3.4135,0.1326,,,,525,7,0.493,1.195,
alice,0,28676062,2874,0.0701,0.6794,3.4335,0.1326,,,,531,2,0.484,1.14,
alice,0,28676062,2875,0.0559,0.621,3.4691,0.1326,,,,534,8,0.483,1.262,
alice,0,28676062,2876,0.053,0.5786,3.0202,0.1326,,,,532,6,0.483,1.165,
alice,0,28676062,2877,0.0419,0.5879,3.085,0.1326,,,,532,4,0.479,1.338,
alice,0,28676062,2878,0.0517,0.6705,3.2327,0.1326,,,,529,6,0.488,1.476,
alice,0,28676062,2879,0.0624,0.6806,3.1215,0.1326,,,,524,5,0.481,1.216,
alice,0,28676062,2880,0.0616,0.6846,3.4101,0.1326,,,,529,5,0.482,1.293,
alice,0,28676062,2881,0.073,0.5982,2.9908,0.1326,,,,530,3,0.499,1.303,
alice,0,28676062,2882,0.0849,0.671,3.6667,0.1326,,,,539,2,0.483,1.164,
alice,0,28676062,2883,0.0633,0.6321,3.3272,0.1326,,,,529,14,0.487,1.302,
alice,0,28676062,2884,0.072,0.6742,3.4978,0.1326,,,,546,4,0.497,1.248,
alice,0,28676062,2885,0.0664,0.6788,3.5708,0.1326,,,,525,7,0.496,1.164,
alice,0,28676062,2886,0.0605,0.7461,3.8402,0.1326,,,,525,8,0.481,1.394,
alice,0,28676062,2887,0.0707,0.749,3.7965,0.1326,,,,531,9,0.459,1.336,
alice,0,28676062,2888,0.0654,0.6392,3.1947,0.1326,,,,548,5,0.491,1.312,
alice,0,28676062,2889,0.079,0.6894,3.6872,0.1326,,,,532,8,0.487,1.109,
alice,0,28676062,2890,0.0635,0.6802,3.6585,0.1326,,,,524,7,0.486,1.227,
alice,0,28676062,2891,0.0794,0.7332,3.0987,0.1326,,,,529,10,0.464,1.341,
alice,0,28676062,2892,0.1002,0.6902,3.5342,0.1326,,,,536,6,0.472,1.119,
alice,0,28676062,2893,0.0928,0.6847,3.4626,0.1326,,,,524,14,0.468,1.471,
alice,0,28676062,2894,0.0942,0.6795,3.3575,0.1326,,,,530,11,0.476,1.146,
alice,0,28676062,2895,0.1031,0.6281,3.2543,0.1326,,,,524,3,0.491,1.299,
alice,0,28676062,2896,0.0939,0.6966,3.3879,0.1326,,,,531,6,0.509,1.252,
alice,0,28676062,2897,0.104,0.6259,3.4861,0.1326,,,,539,6,0.499,1.543,
alice,0,28676062,2898,0.0922,0.6839,3.447,0.1326,,,,534,8,0.503,1.39,
alice,0,28676062,2899,0.0819,0.6816,3.2178,0.1326,,,,530,9,0.477,1.322,
alice,0,28676062,2900,0.0833,0.6349,3.3067,0.1326,,,,541,7,0.492,1.179,
alice,0,28676062,2901,0.0964,0.7025,3.6493,0.1326,,,,526,12,0.474,1.193,
alice,0,28676062,2902,0.0859,0.6446,3.4146,0.1326,,,,539,2,0.507,1.281,
alice,0,28676062,2903,0.0822,0.6536,3.3788,0.1326,,,,535,3,0.498,1.269,
alice,0,28676062,2904,0.0876,0.6757,3.445,0.1326,,,,521,6,0.492,1.215,
alice,0,28676062,2905,0.0774,0.6226,3.5596,0.1326,,,,535,10,0.464,1.206,
alice,0,28676062,2906,0.0575,0.6263,3.1584,0.1326,,,,536,15,0.474,1.326,
alice,0,28676062,2907,0.0902,0.6607,3.4804,0.1326,,,,522,9,0.493,1.224,
alice,0,28676062,2908,0.0944,0.6043,3.5829,0.1326,,,,527,5,0.494,1.318,
alice,0,28676062,2909,0.0711,0.6268,3.4585,0.1326,,,,534,11,0.483,1.3,
alice,0,28676062,2910,0.0746,0.6464,3.53,0.1326,,,,528,12,0.473,1.186,
alice,0,28676062,2911,0.0591,0.6207,3.3,0.1326,,,,533,8,0.486,1.523,
alice,0,28676062,2912,0.0653,0.6201,3.0829,0.1326,,,,534,10,0.501,1.178,
alice,0,28676062,2913,0.0561,0.6307,3.2917,0.1326,,,,536,9,0.502,1.195,
alice,0,28676062,2914,0.0492,0.6686,3.5825,0.1326,,,,531,6,0.501,1.311,
alice,0,28676062,2915,0.0389,0.6863,3.2886,0.1326,,,,518,6,0.507,1.218,
alice,0,28676062,2916,0.0581,0.6656,3.2921,0.1326,,,,526,9,0.496,1.281,
alice,0,28676062,2917,0.0595,0.6547,3.3838,0.1326,,,,531,11,0.477,1.257,
alice,0,28676062,2918,0.0425,0.6391,3.3014,0.1326,,,,532,8,0.488,1.182,
alice,0,28676062,2919,0.0634,0.6679,3.3268,0.1326,,,,531,3,0.497,1.359,
alice,0,28676062,2920,0.0458,0.6191,3.3763,0.1326,,,,534,10,0.488,1.431,
alice,0,28676062,2921,0.0434,0.677,3.4121,0.1326,,,,534,10,0.486,1.257,
alice,0,28676062,2922,0.0417,0.6108,3.375,0.1326,,,,529,7,0.486,1.144,
alice,0,28676062,2923,0.06,0.6223,3.4362,0.1326,,,,525,9,0.472,1.25,
alice,0,28676062,2924,0.0607,0.5725,3.0765,0.1326,,,,540,7,0.489,1.191,
alice,0,28676062,2925,0.0573,0.5542,3.0387,0.1326,,,,542,3,0.499,1.256,
alice,0,28676062,2926,0.0587,0.548,2.6667,0.1326,,,,537,4,0.513,1.31,
alice,0,28676062,2927,0.061,0.6202,3.1111,0.1326,,,,526,7,0.508,1.501,
alice,0,28676062,2928,0.0719,0.5857,3.1762,0.1326,,,,532,6,0.495,1.323,
alice,0,28676062,2929,0.054,0.6212,3.4521,0.1326,,,,519,13,0.497,1.252,
alice,0,28676062,2930,0.0641,0.6187,3.1415,0.1326,,,,523,7,0.494,1.239,
alice,0,28676062,2931,0.0624,0.6023,3.1596,0.1326,,,,533,6,0.504,1.326,
alice,0,28676062,2932,0.0563,0.6682,3.4402,0.1326,,,,531,9,0.499,1.364,
alice,0,28676062,2933,0.06,0.6731,3.2977,0.1326,,,,531,8,0.499,1.312,
alice,0,28676062,2934,0.0661,0.6699,3.5116,0.1326,,,,531,8,0.507,1.248,
alice,0,28676062,2935,0.0665,0.666,3.3303,0.1326,,,,541,5,0.494,1.382,
alice,0,28676062,2936,0.0551,0.6639,3.3981,0.1326,,,,542,7,0.485,1.352,
alice,0,28676062,2937,0.0624,0.6515,3.5104,0.1326,,,,534,9,0.481,1.275,
alice,0,28676062,2938,0.0601,0.6274,3.4368,0.1326,,,,530,12,0.493,1.23,
alice,0,28676062,2939,0.0663,0.6449,3.513,0.1326,,,,522,4,0.503,1.377,
alice,0,28676062,2940,0.0646,0.6529,3.535,0.1326,,,,537,5,0.483,1.539,
alice,0,28676062,2941,0.0571,0.6881,3.408,0.1326,,,,525,7,0.469,1.163,
alice,0,28676062,2942,0.0592,0.6262,3.3472,0.1326,,,,532,5,0.475,1.166,
alice,0,28676062,2943,0.0579,0.6258,3.4428,0.1326,,,,531,5,0.475,1.289,
alice,0,28676062,2944,0.0533,0.6247,3.2871,0.1326,,,,532,10,0.48,1.255,
alice,0,28676062,2945,0.0647,0.6684,3.3443,0.1326,,,,536,9,0.488,1.325,
alice,0,28676062,2946,0.055,0.6022,3.4039,0.1326,,,,538,12,0.472,1.294,
alice,0,28676062,2947,0.0527,0.6129,3.2525,0.1326,,,,532,6,0.496,1.639,
alice,0,28676062,2948,0.0612,0.657,3.4718,0.1326,,,,538,4,0.498,1.203,
alice,0,28676062,2949,0.0452,0.642,3.3351,0.1326,,,,519,11,0.481,1.232,
alice,0,28676062,2950,0.0578,0.6044,3.1196,0.1326,,,,527,8,0.479,1.229,
alice,0,28676062,2951,0.0784,0.6702,3.2315,0.1326,,,,548,3,0.482,1.242,
alice,0,28676062,2952,0.083,0.6887,3.5817,0.1326,,,,532,5,0.477,1.212,
alice,0,28676062,2953,0.0721,0.6206,3.2207,0.1326,,,,544,4,0.485,1.245,
alice,0,28676062,2954,0.0712,0.6306,3.1376,0.1326,,,,537,8,0.471,1.202,
alice,0,28676062,2955,0.0703,0.6676,3.3474,0.1326,,,,524,14,0.487,1.25,
alice,0,28676062,2956,0.0592,0.6619,3.4601,0.1326,,,,542,10,0.469,1.306,
alice,0,28676062,2957,0.0582,0.7283,3.5541,0.1326,,,,540,4,0.484,1.234,
alice,0,28676062,2958,0.0633,0.6481,3.1517,0.1326,,,,537,8,0.497,1.241,
alice,0,28676062,2959,0.0576,0.6557,3.3737,0.1326,,,,527,4,0.492,1.229,
alice,0,28676062,2960,0.0687,0.6811,3.375,0.1326,,,,532,3,0.512,1.31,
alice,0,28676062,2961,0.0554,0.6391,3.2079,0.1326,,,,528,7,0.497,1.262,
alice,0,28676062,2962,0.0593,0.6599,3.3237,0.1326,,,,525,11,0.482,1.171,
alice,0,28676062,2963,0.0552,0.6613,3.5283,0.1326,,,,537,9,0.483,1.315,
alice,0,28676062,2964,0.0669,0.6045,3.0648,0.1326,,,,532,2,0.505,1.324,
alice,0,28676062,2965,0.058,0.6792,2.982,0.1326,,,,530,7,0.488,1.435,
alice,0,28676062,2966,0.062,0.6604,3.133,0.1326,,,,530,8,0.484,1.233,
alice,0,28676062,2967,0.0606,0.6707,3.4112,0.1326,,,,533,7,0.473,1.335,
alice,0,28676062,2968,0.0571,0.7151,3.8349,0.1326,,,,531,8,0.46,1.192,
alice,0,28676062,2969,0.0545,0.7225,3.3612,0.1326,,,,532,10,0.475,1.202,
alice,0,28676062,2970,0.0576,0.7639,3.615,0.1326,,,,525,9,0.484,1.13,
alice,0,28676062,2971,0.0565,0.6815,3.5297,0.1326,,,,532,15,0.465,1.208,
alice,0,28676062,2972,0.0781,0.6771,3.536,0.1326,,,,538,9,0.493,1.274,
alice,0,28676062,2973,0.0636,0.6849,3.6621,0.1326,,,,533,5,0.5,1.126,
alice,0,28676062,2974,0.0766,0.6602,3.2877,0.1326,,,,540,6,0.497,1.312,
alice,0,28676062,2975,0.0528,0.6335,3.3092,0.1326,,,,528,5,0.495,1.241,
alice,0,28676062,2976,0.061,0.6454,3.33,0.1326,,,,530,10,0.489,1.245,
alice,0,28676062,2977,0.0471,0.6306,3.1832,0.1326,,,,524,7,0.5,1.249,
alice,0,28676062,2978,0.0588,0.6453,3.5122,0.1326,,,,538,6,0.507,1.261,
alice,0,28676062,2979,0.0767,0.6889,3.6683,0.1326,,,,526,5,0.501,1.186,
alice,0,28676062,2980,0.0676,0.6571,3.5098,0.1326,,,,538,6,0.506,1.224,
alice,0,28676062,2981,0.0759,0.6576,3.5842,0.1326,,,,537,9,0.49,1.221,
alice,0,28676062,2982,0.073,0.6296,3.3547,0.1326,,,,532,9,0.486,1.311,
alice,0,28676062,2983,0.0593,0.6639,3.1302,0.1326,,,,535,6,0.49,1.307,
alice,0,28676062,2984,0.055,0.6419,2.986,0.1326,,,,538,12,0.47,1.163,
alice,0,28676062,2985,0.0508,0.6035,3.1089,0.1326,,,,530,7,0.477,1.257,
alice,0,28676062,2986,0.0685,0.6522,3.1854,0.1326,,,,534,5,0.492,1.316,
alice,0,28676062,2987,0.0607,0.7042,3.4225,0.1326,,,,533,7,0.491,1.17,
alice,0,28676062,2988,0.063,0.731,3.4749,0.1326,,,,526,2,0.496,1.293,
alice,0,28676062,2989,0.0643,0.7502,3.5911,0.1326,,,,519,18,0.476,1.19,
alice,0,28676062,2990,0.0846,0.7685,3.6987,0.1326,,,,536,8,0.49,1.169,
alice,0,28676062,2991,0.0657,0.6869,3.5297,0.1326,,,,535,6,0.473,1.311,
alice,0,28676062,2992,0.0833,0.7344,3.7078,0.1326,,,,529,4,0.497,1.345,
alice,0,28676062,2993,0.0506,0.7138,3.4367,0.1326,,,,531,14,0.478,1.188,
alice,0,28676062,2994,0.0669,0.7124,3.5336,0.1326,,,,534,18,0.456,1.344,
alice,0,28676062,2995,0.0665,0.7096,3.5459,0.1326,,,,525,10,0.483,1.383,
alice,0,28676062,2996,0.0709,0.6751,3.6967,0.1326,,,,526,16,0.484,1.17,
alice,0,28676062,2997,0.0729,0.6987,3.3289,0.1326,,,,536,7,0.486,1.364,
alice,0,28676062,2998,0.0629,0.7362,3.5046,0.1326,,,,535,5,0.476,1.231,
alice,0,28676062,2999,0.0766,0.6892,3.7177,0.1326,,,,537,8,0.484,1.262,
alice,0,28676062,3000,0.074,0.6665,3.4507,0.1326,,,,537,18,0.463,1.308,
alice,0,28676062,3001,0.0682,0.6795,3.3303,0.1326,,,,548,4,0.502,1.326,
alice,0,28676062,3002,0.0669,0.6831,3.2775,0.1326,,,,533,10,0.496,1.171,
alice,0,28676062,3003,0.068,0.6841,3.2132,0.1326,,,,527,4,0.492,1.281,
alice,0,28676062,3004,0.0528,0.6694,3.4264,0.1326,,,,526,5,0.504,1.178,
alice,0,28676062,3005,0.0651,0.6133,3.01,0.1326,,,,529,5,0.509,1.252,
alice,0,28676062,3006,0.0665,0.6758,3.6436,0.1326,,,,524,11,0.505,1.304,
alice,0,28676062,3007,0.0605,0.6683,3.203,0.1326,,,,531,5,0.5,1.251,
alice,0,28676062,3008,0.0655,0.6702,3.5469,0.1326,,,,522,7,0.497,1.34,
alice,0,28676062,3009,0.0768,0.6553,3.1782,0.1326,,,,528,9,0.492,1.234,
alice,0,28676062,3010,0.067,0.6497,3.3251,0.1326,,,,533,10,0.479,1.319,
alice,0,28676062,3011,0.0493,0.7353,3.6108,0.1326,,,,525,11,0.489,1.132,
alice,0,28676062,3012,0.0622,0.729,3.7864,0.1326,,,,529,12,0.488,1.202,
alice,0,28676062,3013,0.0752,0.7037,3.3807,0.1326,,,,526,7,0.517,1.339,
alice,0,28676062,3014,0.0808,0.6681,3.3953,0.1326,,,,548,11,0.486,1.214,
alice,0,28676062,3015,0.0619,0.6454,3.0457,0.1326,,,,527,11,0.483,1.239,
alice,0,28676062,3016,0.0748,0.6742,3.4083,0.1326,,,,531,7,0.497,1.166,
alice,0,28676062,3017,0.0901,0.6489,3.3868,0.1326,,,,546,5,0.499,1.316,
alice,0,28676062,3018,0.0665,0.6936,3.5837,0.1326,,,,524,4,0.5,1.297,
alice,0,28676062,3019,0.0575,0.6662,3.1145,0.1326,,,,536,6,0.503,1.339,
alice,0,28676062,3020,0.0697,0.6898,3.3607,0.1326,,,,531,6,0.513,1.165,
alice,0,28676062,3021,0.0709,0.7521,3.6991,0.1326,,,,528,4,0.495,1.338,
alice,0,28676062,3022,0.0727,0.6925,3.6406,0.1326,,,,535,9,0.486,1.147,
alice,0,28676062,3023,0.0676,0.6702,3.2823,0.1326,,,,525,24,0.473,1.224,
alice,0,28676062,3024,0.0803,0.6087,3.2038,0.1326,,,,543,9,0.482,1.21,
alice,0,28676062,3025,0.0647,0.6361,3.2139,0.1326,,,,533,6,0.498,1.556,
alice,0,28676062,3026,0.0676,0.6477,3.4072,0.1326,,,,525,10,0.5,1.259,
alice,0,28676062,3027,0.081,0.6189,3.2341,0.1326,,,,529,9,0.495,1.28,
alice,0,28676062,3028,0.0757,0.7021,3.6872,0.1326,,,,535,11,0.485,1.222,
alice,0,28676062,3029,0.0772,0.6483,3.4128,0.1326,,,,546,5,0.495,1.328,
alice,0,28676062,3030,0.0721,0.6511,3.1889,0.1326,,,,530,14,0.484,1.205,
alice,0,28676062,3031,0.0889,0.6564,3.4928,0.1326,,,,537,5,0.498,1.285,
alice,0,28676062,3032,0.0832,0.6791,3.5117,0.1326,,,,528,9,0.477,1.1,
alice,0,28676062,3033,0.0745,0.6803,3.5023,0.1326,,,,532,17,0.465,1.318,
alice,0,28676062,3034,0.0888,0.6468,3.4796,0.1326,,,,539,13,0.482,1.335,
alice,0,28676062,3035,0.0716,0.6681,3.5604,0.1326,,,,524,11,0.48,1.283,
alice,0,28676062,3036,0.0814,0.6963,3.4954,0.1326,,,,533,9,0.469,1.199,
alice,0,28676062,3037,0.0791,0.633,3.1468,0.1326,,,,537,10,0.476,1.194,
alice,0,28676062,3038,0.0783,0.6551,3.4785,0.1326,,,,530,1,0.48,1.131,
alice,0,28676062,3039,0.0802,0.6658,3.3814,0.1326,,,,527,17,0.476,1.204,
alice,0,28676062,3040,0.0713,0.695,3.6791,0.1326,,,,526,14,0.493,1.234,
alice,0,28676062,3041,0.0693,0.643,3.2685,0.1326,,,,534,8,0.491,1.323,
alice,0,28676062,3042,0.0719,0.6483,2.9556,0.1326,,,,538,5,0.49,1.159,
alice,0,28676062,3043,0.0666,0.6581,3.3721,0.1326,,,,529,4,0.509,1.309,
alice,0,28676062,3044,0.0713,0.6868,3.5138,0.1326,,,,531,1,0.49,1.286,
alice,0,28676062,3045,0.071,0.6649,3.3073,0.1326,,,,534,11,0.492,1.326,
alice,0,28676062,3046,0.0548,0.6372,3.2581,0.1326,,,,530,12,0.482,1.152,
alice,0,28676062,3047,0.0664,0.7032,3.4386,0.1326,,,,534,6,0.514,1.301,
alice,0,28676062,3048,0.0649,0.6946,3.633,0.1326,,,,531,8,0.492,1.24,
alice,0,28676062,3049,0.0636,0.6198,3.1892,0.1326,,,,545,9,0.514,1.249,
alice,0,28676062,3050,0.0463,0.7048,3.4602,0.1326,,,,535,13,0.491,1.327,
alice,0,28676062,3051,0.0499,0.6255,3.1176,0.1326,,,,536,5,0.501,1.269,
alice,0,28676062,3052,0.0624,0.675,3.493,0.1326,,,,535,4,0.5,1.242,
alice,0,28676062,3053,0.0526,0.6581,3.665,0.1326,,,,534,8,0.491,1.14,
alice,0,28676062,3054,0.056,0.6682,3.4203,0.1326,,,,531,2,0.508,1.339,
alice,0,28676062,3055,0.0563,0.6764,3.3237,0.1326,,,,522,22,0.472,1.339,
alice,0,28676062,3056,0.0597,0.6801,3.3843,0.1326,,,,525,24,0.458,1.135,
alice,0,28676062,3057,0.0619,0.684,3.4404,0.1326,,,,528,17,0.484,1.152,
alice,0,28676062,3058,0.0748,0.6833,3.5616,0.1326,,,,537,4,0.5,1.176,
alice,0,28676062,3059,0.0705,0.7145,3.5135,0.1326,,,,545,7,0.483,1.3,
alice,0,28676062,3060,0.0647,0.6578,3.6287,0.1326,,,,536,10,0.478,1.261,
alice,0,28676062,3061,0.0565,0.6051,3.0396,0.1326,,,,530,13,0.467,1.355,
alice,0,28676062,3062,0.0485,0.7104,3.3913,0.1326,,,,529,7,0.495,1.157,
alice,0,28676062,3063,0.0507,0.6498,3.4974,0.1326,,,,532,5,0.494,1.283,
alice,0,28676062,3064,0.0506,0.6419,3.2261,0.1326,,,,535,4,0.503,1.241,
alice,0,28676062,3065,0.0462,0.6252,3.4149,0.1326,,,,527,9,0.484,1.218,
alice,0,28676062,3066,0.0622,0.5948,3.3147,0.1326,,,,538,7,0.487,1.206,
alice,0,28676062,3067,0.0661,0.6325,3.3979,0.1326,,,,530,6,0.501,1.358,
alice,0,28676062,3068,0.0709,0.6313,3.3542,0.1326,,,,529,8,0.513,1.228,
alice,0,28676062,3069,0.0686,0.6027,3.0558,0.1326,,,,530,7,0.514,1.241,
alice,0,28676062,3070,0.0692,0.6086,3.1865,0.1326,,,,532,10,0.486,1.212,
alice,0,28676062,3071,0.0618,0.5623,3.2,0.1326,,,,535,16,0.478,1.219,
alice,0,28676062,3072,0.0758,0.5827,3.4389,0.1326,,,,522,8,0.503,1.258,
alice,0,28676062,3073,0.0686,0.6118,3.4254,0.1326,,,,528,15,0.486,1.271,
alice,0,28676062,3074,0.0584,0.622,3.4112,0.1326,,,,542,7,0.497,1.231,
alice,0,28676062,3075,0.043,0.6028,3.3978,0.1326,,,,534,6,0.506,1.19,
alice,0,28676062,3076,0.0538,0.6044,3.4054,0.1326,,,,527,10,0.504,1.231,
alice,0,28676062,3077,0.0585,0.6537,3.5751,0.1326,,,,528,10,0.493,1.117,
alice,0,28676062,3078,0.0516,0.6304,3.2632,0.1326,,,,529,10,0.485,1.357,
alice,0,28676062,3079,0.0502,0.7013,3.5421,0.1326,,,,530,11,0.492,1.28,
alice,0,28676062,3080,0.0508,0.728,3.7844,0.1326,,,,529,8,0.479,1.147,
alice,0,28676062,3081,0.0668,0.6633,3.2103,0.1326,,,,544,10,0.486,1.163,
alice,0,28676062,3082,0.0758,0.6688,3.4336,0.1326,,,,542,5,0.502,1.082,
alice,0,28676062,3083,0.0517,0.6765,3.3696,0.1326,,,,537,9,0.485,1.209,
alice,0,28676062,3084,0.0591,0.644,3.3502,0.1326,,,,531,13,0.486,1.284,
alice,0,28676062,3085,0.0533,0.7509,3.7578,0.1326,,,,540,6,0.498,1.188,
alice,0,28676062,3086,0.0556,0.7117,3.5217,0.1326,,,,530,11,0.474,1.242,
alice,0,28676062,3087,0.0474,0.798,3.7222,0.1326,,,,537,12,0.46,1.203,
alice,0,28676062,3088,0.0459,0.7148,3.3304,0.1326,,,,534,12,0.478,1.161,
alice,0,28676062,3089,0.0647,0.6541,3.1681,0.1326,,,,542,10,0.488,1.227,
alice,0,28676062,3090,0.069,0.6332,3.1166,0.1326,,,,549,8,0.484,1.31,
alice,0,28676062,3091,0.064,0.65,3.2201,0.1326,,,,531,6,0.497,1.189,
alice,0,28676062,3092,0.0439,0.6724,3.375,0.1326,,,,539,13,0.469,1.107,
alice,0,28676062,3093,0.0656,0.7139,3.7073,0.1326,,,,530,3,0.503,1.274,
alice,0,28676062,3094,0.0601,0.7109,3.4027,0.1326,,,,526,6,0.492,1.349,
alice,0,28676062,3095,0.0794,0.712,3.5225,0.1326,,,,538,12,0.496,1.325,
alice,0,28676062,3096,0.0665,0.6901,3.6959,0.1326,,,,535,7,0.474,1.264,
alice,0,28676062,3097,0.0687,0.6375,3.0213,0.1326,,,,539,7,0.465,1.249,
alice,0,28676062,3098,0.0682,0.6685,3.5907,0.1326,,,,531,11,0.46,1.222,
alice,0,28676062,3099,0.0778,0.6857,3.4646,0.1326,,,,538,11,0.478,1.342,
alice,0,28676062,3100,0.0836,0.6973,3.6432,0.1326,,,,537,10,0.483,1.215,
alice,0,28676062,3101,0.0712,0.604,3.3366,0.1326,,,,543,9,0.496,1.231,
alice,0,28676062,3102,0.0608,0.6483,3.456,0.1326,,,,533,3,0.505,1.142,
alice,0,28676062,3103,0.0718,0.65,3.203,0.1326,,,,531,8,0.499,1.278,
alice,0,28676062,3104,0.0661,0.699,3.4545,0.1326,,,,526,17,0.485,1.178,
alice,0,28676062,3105,0.0691,0.6404,3.3015,0.1326,,,,529,11,0.503,1.346,
alice,0,28676062,3106,0.0693,0.6673,3.5885,0.1326,,,,541,4,0.506,1.256,
alice,0,28676062,3107,0.0622,0.6602,3.274,0.1326,,,,533,12,0.496,1.308,
alice,0,28676062,3108,0.0664,0.6829,3.4541,0.1326,,,,527,17,0.497,1.207,
alice,0,28676062,3109,0.0677,0.7127,3.3194,0.1326,,,,526,14,0.501,1.305,
alice,0,28676062,3110,0.0834,0.6802,3.0804,0.1326,,,,546,11,0.499,1.261,
alice,0,28676062,3111,0.07,0.6521,3.1887,0.1326,,,,531,11,0.499,1.347,
alice,0,28676062,3112,0.0822,0.6929,3.3661,0.1326,,,,530,9,0.492,1.439,
alice,0,28676062,3113,0.0744,0.7155,3.4661,0.1326,,,,540,10,0.499,1.325,
alice,0,28676062,3114,0.0666,0.6541,3.1928,0.1326,,,,530,9,0.474,1.156,
alice,0,28676062,3115,0.0814,0.7548,3.7974,0.1326,,,,533,6,0.491,1.274,
alice,0,28676062,3116,0.0786,0.6832,3.5216,0.1326,,,,539,9,0.494,1.252,
alice,0,28676062,3117,0.0777,0.6597,3.5044,0.1326,,,,535,6,0.509,1.223,
alice,0,28676062,3118,0.0744,0.7141,3.3584,0.1326,,,,529,13,0.492,1.131,
alice,0,28676062,3119,0.0854,0.7323,3.7156,0.1326,,,,541,6,0.493,1.186,
alice,0,28676062,3120,0.0897,0.6866,3.5869,0.1326,,,,534,8,0.508,1.356,
alice,0,28676062,3121,0.0767,0.6557,3.1757,0.1326,,,,529,10,0.495,1.35,
alice,0,28676062,3122,0.0834,0.7062,3.5982,0.1326,,,,528,5,0.507,1.163,
alice,0,28676062,3123,0.0904,0.6304,3.3548,0.1326,,,,532,2,0.511,1.233,
alice,0,28676062,3124,0.0752,0.6273,3.5243,0.1326,,,,533,3,0.494,1.188,
alice,0,28676062,3125,0.0786,0.6859,3.7196,0.1326,,,,528,5,0.477,1.144,
alice,0,28676062,3126,0.0842,0.7095,3.8082,0.1326,,,,540,9,0.494,1.234,
alice,0,28676062,3127,0.0551,0.7155,3.5727,0.1326,,,,534,13,0.477,1.21,
alice,0,28676062,3128,0.0674,0.6434,3.2675,0.1326,,,,535,10,0.494,1.242,
alice,0,28676062,3129,0.0887,0.6766,3.3289,0.1326,,,,537,8,0.483,1.255,
alice,0,28676062,3130,0.0743,0.7059,3.4509,0.1326,,,,535,9,0.507,1.286,
alice,0,28676062,3131,0.0836,0.6616,3.2819,0.1326,,,,533,3,0.508,1.259,
alice,0,28676062,3132,0.0839,0.6794,3.5136,0.1326,,,,536,10,0.477,1.305,
alice,0,28676062,3133,0.0809,0.6999,3.7383,0.1326,,,,542,8,0.475,1.285,
alice,0,28676062,3134,0.0739,0.6375,3.3462,0.1326,,,,538,4,0.479,1.481,
alice,0,28676062,3135,0.0743,0.651,3.2617,0.1326,,,,540,4,0.485,1.368,
alice,0,28676062,3136,0.0666,0.6714,3.4279,0.1326,,,,528,10,0.504,1.345,
alice,0,28676062,3137,0.0625,0.6099,3.3416,0.1326,,,,530,10,0.479,1.34,
alice,0,28676062,3138,0.0553,0.6632,3.4375,0.1326,,,,538,7,0.503,1.158,
alice,0,28676062,3139,0.0711,0.7236,3.761,0.1326,,,,529,7,0.463,1.337,
alice,0,28676062,3140,0.0742,0.6503,3.1469,0.1326,,,,534,15,0.464,1.171,
alice,0,28676062,3141,0.059,0.6943,3.4115,0.1326,,,,530,20,0.462,1.146,
alice,0,28676062,3142,0.0544,0.6449,3.3239,0.1326,,,,536,10,0.479,1.225,
alice,0,28676062,3143,0.0706,0.6529,3.3767,0.1326,,,,537,5,0.503,1.204,
alice,0,28676062,3144,0.0577,0.6129,3.1912,0.1326,,,,534,3,0.499,1.231,
alice,0,28676062,3145,0.0659,0.7191,3.6165,0.1326,,,,542,5,0.491,1.22,
alice,0,28676062,3146,0.0515,0.617,3.355,0.1326,,,,539,19,0.475,1.382,
alice,0,28676062,3147,0.0692,0.6225,3.2736,0.1326,,,,540,7,0.478,1.154,
alice,0,28676062,3148,0.0762,0.6451,3.4615,0.1326,,,,536,5,0.477,1.201,
alice,0,28676062,3149,0.0694,0.6165,3.0758,0.1326,,,,531,10,0.485,1.19,
alice,0,28676062,3150,0.0644,0.6511,3.2562,0.1326,,,,530,9,0.489,1.256,
alice,0,28676062,3151,0.0707,0.6552,3.441,0.1326,,,,530,18,0.47,1.24,
alice,0,28676062,3152,0.0807,0.6757,3.4,0.1326,,,,528,12,0.495,1.176,
alice,0,28676062,3153,0.0631,0.6533,3.2664,0.1326,,,,540,2,0.502,1.185,
alice,0,28676062,3154,0.0546,0.6428,3.2233,0.1326,,,,545,7,0.497,1.345,
alice,0,28676062,3155,0.0433,0.6832,3.6051,0.1326,,,,522,8,0.488,1.167,
alice,0,28676062,3156,0.0551,0.6654,3.4631,0.1326,,,,527,15,0.5,1.313,
alice,0,28676062,3157,0.0595,0.6381,3.5744,0.1326,,,,539,2,0.504,1.244,
alice,0,28676062,3158,0.0504,0.6274,3.2822,0.1326,,,,527,7,0.496,1.3,
alice,0,28676062,3159,0.0605,0.6312,3.1462,0.1326,,,,530,9,0.486,1.331,
alice,0,28676062,3160,0.0573,0.6895,3.6078,0.1326,,,,531,16,0.495,1.258,
alice,0,28676062,3161,0.0479,0.6563,3.43,0.1326,,,,518,23,0.483,1.314,
alice,0,28676062,3162,0.0668,0.6297,3.2632,0.1326,,,,541,13,0.457,1.258,
alice,0,28676062,3163,0.0556,0.5966,3.3515,0.1326,,,,541,8,0.482,1.318,
alice,0,28676062,3164,0.0516,0.6317,3.3725,0.1326,,,,540,10,0.468,1.242,
alice,0,28676062,3165,0.0474,0.6518,3.5721,0.1326,,,,541,8,0.456,1.143,
alice,0,28676062,3166,0.0597,0.6468,3.1505,0.1326,,,,530,11,0.491,1.272,
alice,0,28676062,3167,0.0585,0.6164,3.0884,0.1326,,,,545,14,0.492,1.314,
alice,0,28676062,3168,0.0547,0.6857,3.3981,0.1326,,,,529,9,0.485,1.172,
alice,0,28676062,3169,0.0591,0.6513,3.278,0.1326,,,,530,10,0.475,1.182,
alice,0,28676062,3170,0.0541,0.6267,2.9905,0.1326,,,,542,6,0.49,1.182,
alice,0,28676062,3171,0.0513,0.6477,3.0631,0.1326,,,,529,9,0.489,1.217,
alice,0,28676062,3172,0.0563,0.6287,2.9041,0.1326,,,,544,9,0.487,1.146,
alice,0,28676062,3173,0.0469,0.6193,3.1891,0.1326,,,,533,7,0.476,1.336,
alice,0,28676062,3174,0.0548,0.6737,3.5167,0.1326,,,,538,7,0.487,1.243,
alice,0,28676062,3175,0.0483,0.663,3.1189,0.1326,,,,544,16,0.459,1.251,
alice,0,28676062,3176,0.0505,0.6541,3.2627,0.1326,,,,537,13,0.478,1.231,
alice,0,28676062,3177,0.0647,0.5809,3.0284,0.1326,,,,542,10,0.49,1.254,
alice,0,28676062,3178,0.0704,0.5857,2.9953,0.1326,,,,545,11,0.499,1.353,
alice,0,28676062,3179,0.0586,0.6451,3.22,0.1326,,,,530,22,0.462,1.235,
alice,0,28676062,3180,0.0632,0.6232,3.1476,0.1326,,,,538,20,0.464,1.335,
alice,0,28676062,3181,0.0669,0.5921,3.0631,0.1326,,,,542,8,0.485,1.168,
alice,0,28676062,3182,0.0754,0.6127,3.3604,0.1326,,,,535,7,0.505,1.334,
alice,0,28676062,3183,0.0759,0.6442,3.3382,0.1326,,,,540,6,0.507,1.217,
alice,0,28676062,3184,0.0652,0.5934,3.1478,0.1326,,,,539,6,0.494,1.303,
alice,0,28676062,3185,0.0541,0.6097,2.9381,0.1326,,,,532,15,0.485,1.39,
alice,0,28676062,3186,0.0688,0.6308,3.1942,0.1326,,,,541,9,0.499,1.154,
alice,0,28676062,3187,0.0696,0.5913,3.067,0.1326,,,,544,13,0.475,1.373,
alice,0,28676062,3188,0.0584,0.5988,2.7991,0.1326,,,,532,13,0.477,1.189,
alice,0,28676062,3189,0.0741,0.618,3.1982,0.1326,,,,532,9,0.497,1.2,
alice,0,28676062,3190,0.0663,0.6781,3.4409,0.1326,,,,531,14,0.472,1.233,
alice,0,28676062,3191,0.0798,0.7077,3.5487,0.1326,,,,531,12,0.483,1.189,
alice,0,28676062,3192,0.0831,0.6958,3.4439,0.1326,,,,528,9,0.489,1.172,
alice,0,28676062,3193,0.0972,0.6293,3.1622,0.1326,,,,541,14,0.491,1.291,
alice,0,28676062,3194,0.0714,0.626,3.2607,0.1326,,,,534,16,0.47,1.268,
alice,0,28676062,3195,0.0692,0.6614,3.5817,0.1326,,,,534,11,0.486,1.081,
alice,0,28676062,3196,0.0678,0.6245,3.4118,0.1326,,,,538,9,0.495,1.27,
alice,0,28676062,3197,0.0551,0.6766,3.6127,0.1326,,,,537,5,0.481,1.238,
alice,0,28676062,3198,0.0534,0.616,3.125,0.1326,,,,531,7,0.485,1.151,
alice,0,28676062,3199,0.062,0.6489,3.3397,0.1326,,,,532,12,0.462,1.216,
alice,0,28676062,3200,0.0717,0.6355,3.1422,0.1326,,,,537,12,0.482,1.321,
alice,0,28676062,3201,0.0604,0.6669,3.5825,0.1326,,,,533,7,0.495,1.212,
alice,0,28676062,3202,0.0588,0.6536,3.4856,0.1326,,,,539,6,0.492,1.173,
alice,0,28676062,3203,0.0608,0.6954,3.6158,0.1326,,,,536,8,0.47,1.269,
alice,0,28676062,3204,0.0494,0.6486,3.4241,0.1326,,,,535,12,0.484,1.207,
alice,0,28676062,3205,0.047,0.5932,3.2766,0.1326,,,,537,8,0.483,1.244,
alice,0,28676062,3206,0.0443,0.6394,3.3011,0.1326,,,,542,17,0.471,1.476,
alice,0,28676062,3207,0.0404,0.5972,3.1452,0.1326,,,,533,11,0.471,1.239,
alice,0,28676062,3208,0.0315,0.6565,3.105,0.1326,,,,522,9,0.481,1.326,
alice,0,28676062,3209,0.0534,0.692,3.3619,0.1326,,,,545,9,0.474,1.116,
alice,0,28676062,3210,0.0567,0.6095,3.2794,0.1326,,,,539,5,0.498,1.215,
alice,0,28676062,3211,0.0742,0.6362,3.4069,0.1326,,,,534,3,0.49,1.263,
alice,0,28676062,3212,0.0686,0.6466,3.5202,0.1326,,,,531,11,0.484,1.338,
alice,0,28676062,3213,0.0608,0.6414,3.233,0.1326,,,,525,15,0.479,1.152,
alice,0,28676062,3214,0.0743,0.6795,3.4787,0.1326,,,,528,7,0.487,1.453,
alice,0,28676062,3215,0.0696,0.6649,3.1229,0.1326,,,,536,10,0.468,1.272,
alice,0,28676062,3216,0.0704,0.6909,3.1745,0.1326,,,,538,6,0.495,1.253,
alice,0,28676062,3217,0.0754,0.687,3.2544,0.1326,,,,543,7,0.49,1.309,
alice,0,28676062,3218,0.0741,0.6498,2.9234,0.1326,,,,542,12,0.478,1.241,
alice,0,28676062,3219,0.0658,0.6281,3.1073,0.1326,,,,544,18,0.477,1.23,
alice,0,28676062,3220,0.0568,0.6711,3.4115,0.1326,,,,531,9,0.496,1.446,
alice,0,28676062,3221,0.0602,0.6887,3.6614,0.1326,,,,531,8,0.506,1.288,
alice,0,28676062,3222,0.0636,0.6546,3.1208,0.1326,,,,537,11,0.501,1.272,
alice,0,28676062,3223,0.0582,0.6666,3.5765,0.1326,,,,526,10,0.497,1.175,
alice,0,28676062,3224,0.0751,0.6528,3.3238,0.1326,,,,530,9,0.497,1.138,
alice,0,28676062,3225,0.0878,0.6301,3.2156,0.1326,,,,534,11,0.494,1.313,
alice,0,28676062,3226,0.0771,0.6161,3.0888,0.1326,,,,547,9,0.499,1.521,
alice,0,28676062,3227,0.0794,0.6031,3.2092,0.1326,,,,543,12,0.496,1.44,
alice,0,28676062,3228,0.075,0.6236,3.6158,0.1326,,,,527,7,0.504,1.268,
alice,0,28676062,3229,0.0843,0.6642,3.6634,0.1326,,,,532,5,0.489,1.241,
alice,0,28676062,3230,0.0699,0.6381,3.0134,0.1326,,,,525,11,0.479,1.417,
alice,0,28676062,3231,0.0983,0.709,3.7083,0.1326,,,,534,5,0.477,1.188,
alice,0,28676062,3232,0.0827,0.6491,3.1535,0.1326,,,,536,6,0.479,1.276,
alice,0,28676062,3233,0.0777,0.6214,3.2311,0.1326,,,,536,15,0.468,1.2,
alice,0,28676062,3234,0.069,0.6185,3.318,0.1326,,,,544,6,0.487,1.316,
alice,0,28676062,3235,0.0783,0.6455,3.5941,0.1326,,,,536,4,0.499,1.27,
alice,0,28676062,3236,0.0698,0.6469,3.1887,0.1326,,,,531,2,0.489,1.174,
alice,0,28676062,3237,0.064,0.7122,3.5814,0.1326,,,,529,3,0.478,1.086,
alice,0,28676062,3238,0.0546,0.6891,3.3407,0.1326,,,,536,21,0.448,1.277,
alice,0,28676062,3239,0.0634,0.6678,3.4369,0.1326,,,,540,15,0.484,1.335,
alice,0,28676062,3240,0.0667,0.6924,3.6121,0.1326,,,,532,12,0.467,1.319,
alice,0,28676062,3241,0.0597,0.654,2.9193,0.1326,,,,533,10,0.458,1.27,
alice,0,28676062,3242,0.0567,0.6234,3.3269,0.1326,,,,540,8,0.475,1.148,
alice,0,28676062,3243,0.0686,0.5845,3.0647,0.1326,,,,535,14,0.493,1.233,
alice,0,28676062,3244,0.0499,0.6651,3.3122,0.1326,,,,526,5,0.501,1.248,
alice,0,28676062,3245,0.0646,0.6289,2.8386,0.1326,,,,543,8,0.488,1.331,
alice,0,28676062,3246,0.0806,0.6301,3.5743,0.1326,,,,540,7,0.484,1.187,
alice,0,28676062,3247,0.0584,0.6961,3.3073,0.1326,,,,523,8,0.501,1.223,
alice,0,28676062,3248,0.067,0.682,3.3591,0.1326,,,,536,12,0.485,1.293,
alice,0,28676062,3249,0.0588,0.6806,3.3744,0.1326,,,,531,9,0.48,1.215,
alice,0,28676062,3250,0.0575,0.657,3.0307,0.1326,,,,534,3,0.494,1.232,
alice,0,28676062,3251,0.0476,0.686,3.5021,0.1326,,,,545,7,0.477,1.189,
alice,0,28676062,3252,0.0612,0.6515,3.2747,0.1326,,,,535,19,0.484,1.348,
alice,0,28676062,3253,0.0788,0.6561,3.3617,0.1326,,,,539,8,0.48,1.278,
alice,0,28676062,3254,0.0959,0.6569,3.25,0.1326,,,,533,9,0.48,1.425,
alice,0,28676062,3255,0.0959,0.6341,3.0965,0.1326,,,,543,10,0.483,1.191,
alice,0,28676062,3256,0.0723,0.6274,2.9422,0.1326,,,,550,15,0.48,1.147,
alice,0,28676062,3257,0.0831,0.6213,3.2085,0.1326,,,,540,8,0.494,1.187,
alice,0,28676062,3258,0.084,0.6289,3.46,0.1326,,,,544,5,0.502,1.265,
alice,0,28676062,3259,0.0604,0.6525,3.3285,0.1326,,,,533,9,0.479,1.259,
alice,0,28676062,3260,0.0732,0.6464,3.5276,0.1326,,,,535,7,0.498,1.212,
alice,0,28676062,3261,0.0562,0.6087,2.9259,0.1326,,,,527,7,0.506,1.259,
alice,0,28676062,3262,0.0715,0.6463,3.6121,0.1326,,,,530,8,0.513,1.285,
alice,0,28676062,3263,0.0648,0.6218,3.0171,0.1326,,,,540,7,0.478,1.254,
alice,0,28676062,3264,0.0728,0.6958,3.6535,0.1326,,,,536,8,0.476,1.196,
alice,0,28676062,3265,0.0601,0.6481,3.5023,0.1326,,,,547,9,0.462,1.168,
alice,0,28676062,3266,0.063,0.7095,3.3812,0.1326,,,,546,9,0.478,1.288,
alice,0,28676062,3267,0.0492,0.5981,3.1814,0.1326,,,,534,12,0.476,1.462,
alice,0,28676062,3268,0.0559,0.6551,3.2222,0.1326,,,,529,9,0.479,1.326,
alice,0,28676062,3269,0.0667,0.685,3.4976,0.1326,,,,539,3,0.501,1.169,
alice,0,28676062,3270,0.0626,0.6479,3.3128,0.1326,,,,544,3,0.494,1.235,
alice,0,28676062,3271,0.0494,0.6576,3.4429,0.1326,,,,537,10,0.484,1.315,
alice,0,28676062,3272,0.0627,0.646,3.522,0.1326,,,,545,9,0.486,1.194,
alice,0,28676062,3273,0.0428,0.6417,3.2551,0.1326,,,,538,16,0.478,1.203,
alice,0,28676062,3274,0.0529,0.6161,3.0529,0.1326,,,,532,17,0.477,1.222,
alice,0,28676062,3275,0.0444,0.6487,3.4392,0.1326,,,,529,6,0.492,1.236,
alice,0,28676062,3276,0.069,0.6135,3.0594,0.1326,,,,534,4,0.502,1.257,
alice,0,28676062,3277,0.0646,0.5944,3.0249,0.1326,,,,533,4,0.492,1.198,
alice,0,28676062,3278,0.0572,0.6501,3.0922,0.1326,,,,545,6,0.492,1.275,
alice,0,28676062,3279,0.0585,0.6616,3.4737,0.1326,,,,524,13,0.491,1.269,
alice,0,28676062,3280,0.0758,0.6861,3.4811,0.1326,,,,530,9,0.509,1.163,
alice,0,28676062,3281,0.0735,0.6932,3.4444,0.1326,,,,532,10,0.505,1.322,
alice,0,28676062,3282,0.0748,0.6037,3.2607,0.1326,,,,539,9,0.501,1.315,
alice,0,28676062,3283,0.0758,0.6985,3.5822,0.1326,,,,538,8,0.496,1.298,
alice,0,28676062,3284,0.0712,0.6145,3.2673,0.1326,,,,536,12,0.485,1.241,
alice,0,28676062,3285,0.0806,0.666,3.411,0.1326,,,,542,7,0.475,1.292,
alice,0,28676062,3286,0.0821,0.6333,3.2632,0.1326,,,,541,2,0.516,1.322,
alice,0,28676062,3287,0.0743,0.5763,3.0564,0.1326,,,,534,6,0.506,1.192,
alice,0,28676062,3288,0.0801,0.5768,3.2111,0.1326,,,,539,6,0.512,1.27,
alice,0,28676062,3289,0.0485,0.5581,2.78,0.1326,,,,544,5,0.498,1.506,
alice,0,28676062,3290,0.0532,0.6263,3.1443,0.1326,,,,531,14,0.489,1.28,
alice,0,28676062,3291,0.0539,0.6205,3.2571,0.1326,,,,543,7,0.485,1.344,
alice,0,28676062,3292,0.0545,0.6591,3.4747,0.1326,,,,538,3,0.492,1.213,
alice,0,28676062,3293,0.0695,0.6353,3.4352,0.1326,,,,532,8,0.497,1.364,
alice,0,28676062,3294,0.0705,0.6482,3.6382,0.1326,,,,535,11,0.494,1.41,
alice,0,28676062,3295,0.0545,0.6301,3.4794,0.1326,,,,532,17,0.478,1.444,
alice,0,28676062,3296,0.0649,0.6061,3.0796,0.1326,,,,538,11,0.498,1.261,
alice,0,28676062,3297,0.0652,0.6218,3.3434,0.1326,,,,532,8,0.489,1.259,
alice,0,28676062,3298,0.0594,0.6933,3.3913,0.1326,,,,530,12,0.482,1.14,
alice,0,28676062,3299,0.0567,0.6616,3.5294,0.1326,,,,528,9,0.482,1.325,
alice,0,28676062,3300,0.0702,0.6152,3.2718,0.1326,,,,529,4,0.493,1.129,
alice,0,28676062,3301,0.0772,0.6294,3.1096,0.1326,,,,537,5,0.501,1.392,
alice,0,28676062,3302,0.0702,0.6573,3.5673,0.1326,,,,529,8,0.505,1.277,
alice,0,28676062,3303,0.0806,0.6873,3.4977,0.1326,,,,538,5,0.504,1.264,
alice,0,28676062,3304,0.0716,0.6982,3.5202,0.1326,,,,536,9,0.486,1.186,
alice,0,28676062,3305,0.0633,0.7129,3.309,0.1326,,,,529,8,0.476,1.27,
alice,0,28676062,3306,0.0802,0.7607,3.7574,0.1326,,,,543,9,0.487,1.307,
alice,0,28676062,3307,0.0619,0.7016,3.384,0.1326,,,,539,8,0.477,1.237,
alice,0,28676062,3308,0.057,0.7307,3.4935,0.1326,,,,546,11,0.482,1.156,
alice,0,28676062,3309,0.0506,0.6858,3.4009,0.1326,,,,541,16,0.462,1.321,
alice,0,28676062,3310,0.0556,0.6173,3.1005,0.1326,,,,540,5,0.495,1.28,
alice,0,28676062,3311,0.0684,0.6507,3.2824,0.1326,,,,544,11,0.493,1.495,
alice,0,28676062,3312,0.0679,0.6362,3.3645,0.1326,,,,539,10,0.497,1.37,
alice,0,28676062,3313,0.0526,0.5893,2.9234,0.1326,,,,538,9,0.482,1.255,
alice,0,28676062,3314,0.0625,0.6527,3.7277,0.1326,,,,535,1,0.511,1.233,
alice,0,28676062,3315,0.0404,0.6383,3.3706,0.1326,,,,539,8,0.503,1.357,
alice,0,28676062,3316,0.0552,0.67,3.3498,0.1326,,,,536,7,0.48,1.21,
alice,0,28676062,3317,0.0671,0.6449,3.44,0.1326,,,,527,10,0.487,1.317,
alice,0,28676062,3318,0.0666,0.6389,3.3317,0.1326,,,,531,10,0.483,1.15,
alice,0,28676062,3319,0.0727,0.6045,2.6681,0.1326,,,,532,7,0.504,1.241,
alice,0,28676062,3320,0.08,0.6832,3.3955,0.1326,,,,533,3,0.5,1.251,
alice,0,28676062,3321,0.0675,0.6699,3.6776,0.1326,,,,528,14,0.475,1.49,
alice,0,28676062,3322,0.0748,0.6781,3.5157,0.1326,,,,530,11,0.48,1.211,
alice,0,28676062,3323,0.0775,0.6361,3.4509,0.1326,,,,535,12,0.501,1.257,
alice,0,28676062,3324,0.075,0.6969,3.1362,0.1326,,,,531,12,0.501,1.251,
alice,0,28676062,3325,0.0694,0.6437,3.166,0.1326,,,,543,8,0.494,1.449,
alice,0,28676062,3326,0.0815,0.6197,3.2857,0.1326,,,,550,5,0.508,1.233,
alice,0,28676062,3327,0.0614,0.5495,3.0096,0.1326,,,,552,12,0.505,1.415,
alice,0,28676062,3328,0.0431,0.6594,3.3447,0.1326,,,,536,5,0.486,1.204,
alice,0,28676062,3329,0.0481,0.6347,3.2133,0.1326,,,,535,8,0.5,1.218,
alice,0,28676062,3330,0.0547,0.6031,3.4265,0.1326,,,,540,5,0.506,1.223,
alice,0,28676062,3331,0.0543,0.6553,3.1209,0.1326,,,,528,7,0.495,1.365,
alice,0,28676062,3332,0.055,0.697,3.4821,0.1326,,,,539,7,0.492,1.122,
alice,0,28676062,3333,0.0568,0.6934,3.5981,0.1326,,,,533,12,0.475,1.236,
alice,0,28676062,3334,0.0524,0.659,3.4785,0.1326,,,,535,15,0.478,1.254,
alice,0,28676062,3335,0.0675,0.6824,3.4466,0.1326,,,,541,15,0.466,1.286,
alice,0,28676062,3336,0.0602,0.6612,3.4778,0.1326,,,,536,7,0.479,1.242,
alice,0,28676062,3337,0.0477,0.6354,3.0483,0.1326,,,,535,6,0.487,1.288,
alice,0,28676062,3338,0.0334,0.7227,3.0556,0.1326,,,,520,8,0.485,1.324,
alice,0,28676062,3339,0.0518,0.714,3.3028,0.1326,,,,530,10,0.49,1.226,
alice,0,28676062,3340,0.0374,0.6401,3.0405,0.1326,,,,540,23,0.475,1.26,
alice,0,28676062,3341,0.0441,0.6648,3.1607,0.1326,,,,535,8,0.512,1.257,
alice,0,28676062,3342,0.0362,0.6851,3.3467,0.1326,,,,533,8,0.482,1.216,
alice,0,28676062,3343,0.037,0.6725,2.9409,0.1326,,,,544,5,0.514,1.287,
alice,0,28676062,3344,0.0345,0.7158,3.5845,0.1326,,,,535,9,0.502,1.282,
alice,0,28676062,3345,0.04,0.6941,3.4512,0.1326,,,,536,5,0.494,1.347,
alice,0,28676062,3346,0.04,0.7332,3.6526,0.1326,,,,530,12,0.491,1.231,
alice,0,28676062,3347,0.0404,0.7166,3.1121,0.1326,,,,533,10,0.474,1.115,
alice,0,28676062,3348,0.052,0.6854,3.2172,0.1326,,,,527,12,0.509,1.279,
alice,0,28676062,3349,0.0742,0.722,3.6099,0.1326,,,,530,12,0.507,1.27,
alice,0,28676062,3350,0.0756,0.6539,3.3362,0.1326,,,,535,17,0.481,1.4,
alice,0,28676062,3351,0.0836,0.6016,3.022,0.1326,,,,543,10,0.492,1.396,
alice,0,28676062,3352,0.0775,0.69,3.5924,0.1326,,,,529,9,0.497,1.074,
alice,0,28676062,3353,0.0675,0.6545,3.6731,0.1326,,,,529,9,0.477,1.335,
alice,0,28676062,3354,0.0683,0.649,3.148,0.1326,,,,540,12,0.474,1.298,
alice,0,28676062,3355,0.0525,0.6216,3.0631,0.1326,,,,538,15,0.491,1.203,
alice,0,28676062,3356,0.0449,0.7179,3.6284,0.1326,,,,533,15,0.47,1.289,
alice,0,28676062,3357,0.05,0.6527,3.0606,0.1326,,,,534,8,0.48,1.125,
alice,0,28676062,3358,0.0548,0.6847,3.3886,0.1326,,,,541,5,0.468,1.218,
alice,0,28676062,3359,0.0634,0.6579,3.2987,0.1326,,,,540,2,0.505,1.215,
alice,0,28676062,3360,0.0527,0.6679,3.5327,0.1326,,,,541,10,0.506,1.145,
alice,0,28676062,3361,0.0436,0.6871,3.4528,0.1326,,,,525,16,0.506,1.207,
alice,0,28676062,3362,0.0676,0.6297,3.281,0.1326,,,,544,10,0.501,1.196,
alice,0,28676062,3363,0.0736,0.6764,3.2186,0.1326,,,,530,6,0.5,1.166,
alice,0,28676062,3364,0.0707,0.6399,3.267,0.1326,,,,532,6,0.489,1.315,
alice,0,28676062,3365,0.0647,0.729,3.7973,0.1326,,,,535,7,0.494,1.305,
alice,0,28676062,3366,0.07,0.7013,3.5928,0.1326,,,,537,14,0.48,1.179,
alice,0,28676062,3367,0.0602,0.6591,3.2655,0.1326,,,,531,13,0.502,1.201,
alice,0,28676062,3368,0.0562,0.6681,3.0753,0.1326,,,,535,12,0.481,1.285,
alice,0,28676062,3369,0.0775,0.6622,3.4802,0.1326,,,,537,8,0.515,1.291,
alice,0,28676062,3370,0.0616,0.6421,3.3772,0.1326,,,,542,6,0.494,1.193,
alice,0,28676062,3371,0.0453,0.7082,3.4018,0.1326,,,,531,11,0.488,1.257,
alice,0,28676062,3372,0.05,0.6081,3.1963,0.1326,,,,533,12,0.496,1.481,
alice,0,28676062,3373,0.0514,0.6255,3.1101,0.1326,,,,537,8,0.497,1.297,
alice,0,28676062,3374,0.0716,0.6593,3.3425,0.1326,,,,533,16,0.48,1.184,
alice,0,28676062,3375,0.0776,0.6787,3.4159,0.1326,,,,541,1,0.485,1.3,
alice,0,28676062,3376,0.095,0.6594,3.4227,0.1326,,,,539,7,0.511,1.298,
alice,0,28676062,3377,0.0672,0.7437,3.6216,0.1326,,,,526,9,0.487,1.218,
alice,0,28676062,3378,0.0949,0.6343,3.3288,0.1326,,,,542,12,0.483,1.164,
alice,0,28676062,3379,0.0747,0.6211,3.067,0.1326,,,,540,14,0.491,1.161,
alice,0,28676062,3380,0.0703,0.653,3.6132,0.1326,,,,533,6,0.501,1.107,
alice,0,28676062,3381,0.0736,0.6237,3.237,0.1326,,,,545,9,0.49,1.357,
alice,0,28676062,3382,0.0693,0.6292,3.415,0.1326,,,,529,12,0.48,1.067,
alice,0,28676062,3383,0.0612,0.6663,3.2464,0.1326,,,,530,13,0.516,1.404,
alice,0,28676062,3384,0.0563,0.6588,3.4076,0.1326,,,,529,5,0.509,1.387,
alice,0,28676062,3385,0.0654,0.6718,3.5628,0.1326,,,,539,4,0.513,1.308,
alice,0,28676062,3386,0.0584,0.6479,3.6232,0.1326,,,,542,5,0.504,1.43,
alice,0,28676062,3387,0.0505,0.6703,3.3242,0.1326,,,,539,8,0.495,1.235,
alice,0,28676062,3388,0.0478,0.6676,3.3258,0.1326,,,,537,14,0.477,1.255,
alice,0,28676062,3389,0.0676,0.6708,3.1579,0.1326,,,,540,12,0.484,1.269,
alice,0,28676062,3390,0.0651,0.7303,3.6532,0.1326,,,,529,13,0.473,1.123,
alice,0,28676062,3391,0.0818,0.6903,3.5535,0.1326,,,,527,10,0.492,1.34,
alice,0,28676062,3392,0.0594,0.6531,3.514,0.1326,,,,539,14,0.467,1.172,
alice,0,28676062,3393,0.0652,0.6579,3.451,0.1326,,,,538,9,0.49,1.32,
alice,0,28676062,3394,0.0652,0.638,3.4365,0.1326,,,,545,6,0.491,1.172,
alice,0,28676062,3395,0.0494,0.6286,3.5897,0.1326,,,,542,9,0.469,1.131,
alice,0,28676062,3396,0.0452,0.6404,3.1683,0.1326,,,,533,10,0.478,1.344,
alice,0,28676062,3397,0.0474,0.6263,3.2462,0.1326,,,,533,14,0.484,1.169,
alice,0,28676062,3398,0.0425,0.6463,3.4388,0.1326,,,,536,14,0.478,1.096,
alice,0,28676062,3399,0.0516,0.5931,3.3247,0.1326,,,,540,9,0.5,1.551,
alice,0,28676062,3400,0.054,0.6368,3.1683,0.1326,,,,536,10,0.475,1.427,
alice,0,28676062,3401,0.0544,0.5996,3.5054,0.1326,,,,528,8,0.486,1.284,
alice,0,28676062,3402,0.064,0.6032,3.0347,0.1326,,,,535,6,0.485,1.346,
alice,0,28676062,3403,0.065,0.6132,3.1896,0.1326,,,,541,6,0.483,1.344,
alice,0,28676062,3404,0.061,0.6517,3.2977,0.1326,,,,530,16,0.5,1.189,
alice,0,28676062,3405,0.0685,0.638,3.1696,0.1326,,,,531,11,0.491,1.244,
alice,0,28676062,3406,0.0671,0.6309,3.1409,0.1326,,,,545,9,0.473,1.351,
alice,0,28676062,3407,0.0613,0.6637,3.2465,0.1326,,,,534,7,0.493,1.243,
alice,0,28676062,3408,0.0734,0.6233,3.2535,0.1326,,,,534,11,0.48,1.173,
alice,0,28676062,3409,0.0691,0.6432,3.5644,0.1326,,,,533,15,0.465,1.293,
alice,0,28676062,3410,0.0672,0.6594,3.2064,0.1326,,,,525,4,0.483,1.407,
alice,0,28676062,3411,0.0634,0.6292,3.0,0.1326,,,,554,10,0.469,1.337,
alice,0,28676062,3412,0.0666,0.6011,2.792,0.1326,,,,550,13,0.5,1.548,
alice,0,28676062,3413,0.0594,0.6351,3.0135,0.1326,,,,544,6,0.502,1.372,
alice,0,28676062,3414,0.0592,0.603,3.2634,0.1326,,,,536,8,0.483,1.22,
alice,0,28676062,3415,0.0602,0.6466,3.6061,0.1326,,,,536,6,0.484,1.101,
alice,0,28676062,3416,0.0634,0.661,3.4293,0.1326,,,,522,6,0.501,1.195,
alice,0,28676062,3417,0.0703,0.6597,3.2973,0.1326,,,,538,8,0.488,1.255,
alice,0,28676062,3418,0.0554,0.6504,3.2676,0.1326,,,,534,7,0.478,1.451,
alice,0,28676062,3419,0.0679,0.6696,3.5211,0.1326,,,,535,10,0.5,1.243,
alice,0,28676062,3420,0.0764,0.6212,3.3505,0.1326,,,,535,3,0.506,1.326,
alice,0,28676062,3421,0.0613,0.6356,3.3679,0.1326,,,,541,10,0.488,1.21,
alice,0,28676062,3422,0.0645,0.6186,3.1991,0.1326,,,,538,10,0.488,1.344,
alice,0,28676062,3423,0.0698,0.634,3.5347,0.1326,,,,539,9,0.497,1.21,
alice,0,28676062,3424,0.0583,0.6563,3.4829,0.1326,,,,536,6,0.499,1.182,
alice,0,28676062,3425,0.0626,0.7164,3.6569,0.1326,,,,533,12,0.476,1.422,
alice,0,28676062,3426,0.0653,0.6231,3.1284,0.1326,,,,532,8,0.496,1.199,
alice,0,28676062,3427,0.0788,0.6728,3.5302,0.1326,,,,526,7,0.508,1.308,
alice,0,28676062,3428,0.081,0.6438,3.3119,0.1326,,,,543,10,0.513,1.262,
alice,0,28676062,3429,0.0615,0.7055,3.4817,0.1326,,,,527,19,0.497,1.295,
alice,0,28676062,3430,0.0758,0.6572,3.5047,0.1326,,,,533,4,0.494,1.177,
alice,0,28676062,3431,0.0813,0.6403,3.4038,0.1326,,,,540,11,0.499,1.222,
alice,0,28676062,3432,0.0697,0.6268,3.1528,0.1326,,,,537,8,0.508,1.279,
alice,0,28676062,3433,0.064,0.6601,3.3739,0.1326,,,,541,6,0.503,1.13,
alice,0,28676062,3434,0.0654,0.6537,3.4065,0.1326,,,,536,6,0.485,1.17,
alice,0,28676062,3435,0.0672,0.6293,3.3894,0.1326,,,,532,12,0.488,1.362,
alice,0,28676062,3436,0.0693,0.6825,3.2812,0.1326,,,,538,7,0.49,1.309,
alice,0,28676062,3437,0.091,0.648,3.6976,0.1326,,,,536,7,0.513,1.2,
alice,0,28676062,3438,0.0663,0.6717,3.3214,0.1326,,,,533,3,0.506,1.2,
alice,0,28676062,3439,0.0568,0.6795,3.3468,0.1326,,,,541,5,0.503,1.193,
alice,0,28676062,3440,0.0594,0.6582,3.4692,0.1326,,,,531,18,0.487,1.372,
alice,0,28676062,3441,0.0829,0.6642,3.4791,0.1326,,,,531,10,0.51,1.535,
alice,0,28676062,3442,0.0779,0.6501,3.3271,0.1326,,,,548,6,0.49,1.254,
alice,0,28676062,3443,0.0667,0.6736,3.3088,0.1326,,,,530,9,0.508,1.266,
alice,0,28676062,3444,0.0607,0.6962,3.4215,0.1326,,,,542,10,0.483,1.259,
alice,0,28676062,3445,0.0529,0.6793,3.1542,0.1326,,,,543,9,0.495,1.436,
alice,0,28676062,3446,0.051,0.7048,3.6618,0.1326,,,,528,18,0.489,1.295,
alice,0,28676062,3447,0.0499,0.6314,3.0791,0.1326,,,,536,15,0.492,1.276,
alice,0,28676062,3448,0.0492,0.6437,2.9242,0.1326,,,,528,7,0.497,1.219,
alice,0,28676062,3449,0.0599,0.6685,3.7789,0.1326,,,,529,6,0.518,1.189,
alice,0,28676062,3450,0.0502,0.6659,3.2654,0.1326,,,,531,13,0.487,1.26,
alice,0,28676062,3451,0.0591,0.6557,3.4057,0.1326,,,,532,18,0.473,1.374,
alice,0,28676062,3452,0.0596,0.6403,3.2897,0.1326,,,,531,11,0.484,1.303,
alice,0,28676062,3453,0.0798,0.6729,3.7233,0.1326,,,,540,5,0.501,1.303,
alice,0,28676062,3454,0.0696,0.5965,3.3144,0.1326,,,,541,7,0.488,1.354,
alice,0,28676062,3455,0.0606,0.6238,3.4511,0.1326,,,,523,13,0.486,1.212,
alice,0,28676062,3456,0.0565,0.61,3.4518,0.1326,,,,519,15,0.485,1.286,
alice,0,28676062,3457,0.0595,0.6554,3.4163,0.1326,,,,527,3,0.507,1.144,
alice,0,28676062,3458,0.061,0.626,3.2773,0.1326,,,,533,6,0.497,1.309,
alice,0,28676062,3459,0.0699,0.6036,2.9604,0.1326,,,,539,6,0.493,1.503,
alice,0,28676062,3460,0.0761,0.5731,2.8,0.1326,,,,535,12,0.485,1.316,
alice,0,28676062,3461,0.0713,0.6198,3.0581,0.1326,,,,546,4,0.497,1.275,
alice,0,28676062,3462,0.0725,0.6404,3.0539,0.1326,,,,547,9,0.507,1.359,
alice,0,28676062,3463,0.0645,0.5874,3.0042,0.1326,,,,544,9,0.51,1.218,
alice,0,28676062,3464,0.0593,0.649,3.1928,0.1326,,,,535,11,0.485,1.274,
alice,0,28676062,3465,0.0644,0.7046,3.4444,0.1326,,,,528,15,0.475,1.193,
alice,0,28676062,3466,0.0767,0.6197,2.9461,0.1326,,,,547,14,0.487,1.157,
alice,0,28676062,3467,0.0607,0.6811,3.6136,0.1326,,,,551,12,0.471,1.179,
alice,0,28676062,3468,0.0579,0.6509,3.2387,0.1326,,,,533,7,0.48,1.147,
alice,0,28676062,3469,0.0519,0.6174,3.2374,0.1326,,,,536,8,0.506,1.275,
alice,0,28676062,3470,0.0701,0.6612,3.4204,0.1326,,,,535,2,0.519,1.21,
alice,0,28676062,3471,0.0537,0.6666,3.348,0.1326,,,,529,8,0.5,1.217,
alice,0,28676062,3472,0.0527,0.6945,3.5639,0.1326,,,,540,7,0.492,1.196,
alice,0,28676062,3473,0.0569,0.657,3.0526,0.1326,,,,544,9,0.485,1.217,
alice,0,28676062,3474,0.0534,0.6286,3.2511,0.1326,,,,540,7,0.484,1.22,
alice,0,28676062,3475,0.0516,0.5996,3.087,0.1326,,,,540,5,0.49,1.355,
alice,0,28676062,3476,0.0621,0.6596,3.2478,0.1326,,,,533,10,0.495,1.277,
alice,0,28676062,3477,0.072,0.6827,3.1477,0.1326,,,,536,11,0.496,1.369,
alice,0,28676062,3478,0.0713,0.6727,3.1516,0.1326,,,,539,10,0.498,1.168,
alice,0,28676062,3479,0.0577,0.6875,3.1301,0.1326,,,,534,10,0.469,1.227,
alice,0,28676062,3480,0.0701,0.7301,3.5143,0.1326,,,,545,9,0.477,1.218,
alice,0,28676062,3481,0.0601,0.7183,3.5478,0.1326,,,,545,11,0.494,1.389,
alice,0,28676062,3482,0.0735,0.7054,3.7014,0.1326,,,,541,9,0.506,1.285,
alice,0,28676062,3483,0.0753,0.672,3.4571,0.1326,,,,531,4,0.489,1.433,
alice,0,28676062,3484,0.0629,0.6891,3.6098,0.1326,,,,532,18,0.471,1.326,
alice,0,28676062,3485,0.0489,0.6188,3.1468,0.1326,,,,536,8,0.492,1.377,
alice,0,28676062,3486,0.0668,0.6799,3.5093,0.1326,,,,531,9,0.512,1.305,
alice,0,28676062,3487,0.0623,0.6625,3.3333,0.1326,,,,540,10,0.482,1.215,
alice,0,28676062,3488,0.0603,0.7358,3.5565,0.1326,,,,532,13,0.481,1.349,
alice,0,28676062,3489,0.076,0.6449,3.0723,0.1326,,,,541,14,0.486,1.251,
alice,0,28676062,3490,0.0647,0.6633,3.2103,0.1326,,,,538,5,0.505,1.229,
alice,0,28676062,3491,0.076,0.6345,3.3744,0.1326,,,,545,7,0.486,1.281,
alice,0,28676062,3492,0.0632,0.6342,3.4439,0.1326,,,,536,3,0.489,1.3,
alice,0,28676062,3493,0.0681,0.6374,3.2052,0.1326,,,,546,10,0.478,1.342,
alice,0,28676062,3494,0.0465,0.6134,3.2511,0.1326,,,,533,10,0.492,1.236,
alice,0,28676062,3495,0.0607,0.6185,3.2009,0.1326,,,,540,9,0.486,1.085,
alice,0,28676062,3496,0.0515,0.611,3.3175,0.1326,,,,538,10,0.497,1.268,
alice,0,28676062,3497,0.0461,0.6855,3.2864,0.1326,,,,536,15,0.488,1.275,
alice,0,28676062,3498,0.0489,0.6583,3.5693,0.1326,,,,539,14,0.484,1.338,
alice,0,28676062,3499,0.0445,0.6215,3.0519,0.1326,,,,523,12,0.497,1.365,
alice,0,28676062,3500,0.0603,0.6309,3.4198,0.1326,,,,531,12,0.488,1.183,
alice,0,28676062,3501,0.0575,0.7185,3.4,0.1326,,,,544,4,0.487,1.059,
alice,0,28676062,3502,0.0541,0.7185,3.3609,0.1326,,,,537,6,0.497,1.172,
alice,0,28676062,3503,0.0676,0.7342,3.8843,0.1326,,,,533,7,0.491,1.204,
alice,0,28676062,3504,0.0628,0.6448,3.2591,0.1326,,,,555,12,0.493,1.179,
alice,0,28676062,3505,0.0602,0.6087,3.0047,0.1326,,,,540,8,0.486,1.356,
alice,0,28676062,3506,0.0587,0.6213,3.0505,0.1326,,,,538,2,0.52,1.29,
alice,0,28676062,3507,0.0554,0.6368,3.0605,0.1326,,,,538,5,0.509,1.157,
alice,0,28676062,3508,0.0488,0.7002,3.5158,0.1326,,,,534,8,0.488,1.174,
alice,0,28676062,3509,0.0413,0.6659,3.2711,0.1326,,,,538,18,0.469,1.322,
alice,0,28676062,3510,0.0471,0.6854,3.4306,0.1326,,,,534,19,0.461,1.402,
alice,0,28676062,3511,0.0491,0.7025,3.106,0.1326,,,,533,6,0.51,1.452,
alice,0,28676062,3512,0.0348,0.6284,3.2077,0.1326,,,,527,14,0.483,1.305,
alice,0,28676062,3513,0.0587,0.6376,3.3223,0.1326,,,,536,12,0.498,1.346,
alice,0,28676062,3514,0.0649,0.6227,3.3232,0.1326,,,,533,9,0.509,1.091,
alice,0,28676062,3515,0.0423,0.5879,3.1194,0.1326,,,,538,6,0.498,1.444,
alice,0,28676062,3516,0.0486,0.6011,3.0343,0.1326,,,,536,4,0.512,1.305,
alice,0,28676062,3517,0.0439,0.6289,3.445,0.1326,,,,541,8,0.51,1.2,
alice,0,28676062,3518,0.0389,0.6667,3.23,0.1326,,,,539,5,0.506,1.346,
alice,0,28676062,3519,0.0491,0.6246,3.573,0.1326,,,,537,7,0.498,1.244,
alice,0,28676062,3520,0.0381,0.5555,2.8918,0.1326,,,,538,7,0.506,1.332,
alice,0,28676062,3521,0.0394,0.614,3.0985,0.1326,,,,530,7,0.515,1.277,
alice,0,28676062,3522,0.0362,0.5929,3.2451,0.1326,,,,536,11,0.5,1.241,
alice,0,28676062,3523,0.0477,0.6267,3.4527,0.1326,,,,534,10,0.51,1.484,
alice,0,28676062,3524,0.0589,0.6106,3.0639,0.1326,,,,536,6,0.502,1.375,
alice,0,28676062,3525,0.0525,0.6271,3.0935,0.1326,,,,534,4,0.524,1.216,
alice,0,28676062,3526,0.0582,0.59,3.0569,0.1326,,,,552,10,0.484,1.478,
alice,0,28676062,3527,0.0557,0.6354,3.1699,0.1326,,,,530,7,0.479,1.089,
alice,0,28676062,3528,0.0547,0.5882,2.8786,0.1326,,,,543,12,0.504,1.415,
alice,0,28676062,3529,0.0644,0.6381,3.125,0.1326,,,,538,6,0.507,1.256,
alice,0,28676062,3530,0.0721,0.6749,3.6049,0.1326,,,,532,10,0.489,1.314,
alice,0,28676062,3531,0.0668,0.587,3.068,0.1326,,,,531,19,0.478,1.248,
alice,0,28676062,3532,0.0723,0.5848,3.0278,0.1326,,,,552,11,0.46,1.216,
alice,0,28676062,3533,0.0614,0.5658,2.8716,0.1326,,,,543,10,0.471,1.312,
alice,0,28676062,3534,0.068,0.6483,2.9598,0.1326,,,,537,6,0.5,1.374,
alice,0,28676062,3535,0.0773,0.6662,3.6372,0.1326,,,,537,8,0.496,1.327,
alice,0,28676062,3536,0.0581,0.6536,3.1475,0.1326,,,,530,9,0.492,1.264,
alice,0,28676062,3537,0.0739,0.6642,3.16,0.1326,,,,534,5,0.511,1.241,
alice,0,28676062,3538,0.0627,0.6602,3.1422,0.1326,,,,539,4,0.495,1.199,
alice,0,28676062,3539,0.0657,0.6354,3.2558,0.1326,,,,532,6,0.516,1.339,
alice,0,28676062,3540,0.0791,0.6583,3.4293,0.1326,,,,531,4,0.513,1.166,
alice,0,28676062,3541,0.0682,0.6284,3.0758,0.1326,,,,525,4,0.498,1.25,
alice,0,28676062,3542,0.0766,0.6423,3.2639,0.1326,,,,536,10,0.512,1.279,
alice,0,28676062,3543,0.0659,0.6705,3.1892,0.1326,,,,538,4,0.486,1.277,
alice,0,28676062,3544,0.0647,0.6431,3.3333,0.1326,,,,542,9,0.503,1.195,
alice,0,28676062,3545,0.0624,0.6311,3.1944,0.1326,,,,546,11,0.474,1.201,
alice,0,28676062,3546,0.0712,0.6585,3.7056,0.1326,,,,537,12,0.493,1.261,
alice,0,28676062,3547,0.0689,0.6592,3.2667,0.1326,,,,533,6,0.497,1.237,
alice,0,28676062,3548,0.0608,0.6232,2.9717,0.1326,,,,535,9,0.48,1.169,
alice,0,28676062,3549,0.0655,0.6605,3.3684,0.1326,,,,535,8,0.504,1.198,
alice,0,28676062,3550,0.0656,0.6255,3.229,0.1326,,,,535,8,0.485,1.214,
alice,0,28676062,3551,0.0576,0.6945,3.5093,0.1326,,,,533,12,0.468,1.212,
alice,0,28676062,3552,0.0634,0.6958,3.7014,0.1326,,,,540,8,0.488,1.323,
alice,0,28676062,3553,0.0436,0.6651,3.3317,0.1326,,,,522,12,0.459,1.23,
alice,0,28676062,3554,0.0689,0.6416,3.229,0.1326,,,,543,9,0.503,1.476,
alice,0,28676062,3555,0.0598,0.6066,2.991,0.1326,,,,534,12,0.497,1.479,
alice,0,28676062,3556,0.0492,0.6669,3.3423,0.1326,,,,539,7,0.504,1.245,
alice,0,28676062,3557,0.0469,0.6711,3.4953,0.1326,,,,536,12,0.511,1.271,
alice,0,28676062,3558,0.0509,0.6073,3.1682,0.1326,,,,529,4,0.519,1.312,
alice,0,28676062,3559,0.0567,0.6751,3.2511,0.1326,,,,526,5,0.511,1.173,
alice,0,28676062,3560,0.0763,0.6809,3.3896,0.1326,,,,540,6,0.506,1.201,
alice,0,28676062,3561,0.0696,0.694,3.6682,0.1326,,,,537,5,0.498,1.101,
alice,0,28676062,3562,0.0512,0.6837,3.4409,0.1326,,,,536,6,0.487,1.149,
alice,0,28676062,3563,0.0542,0.6285,3.2252,0.1326,,,,540,4,0.505,1.468,
alice,0,28676062,3564,0.0771,0.6205,3.3981,0.1326,,,,538,5,0.506,1.148,
alice,0,28676062,3565,0.0722,0.6436,3.4412,0.1326,,,,526,7,0.518,1.13,
alice,0,28676062,3566,0.0737,0.5771,3.1587,0.1326,,,,537,10,0.503,1.141,
alice,0,28676062,3567,0.0632,0.5968,2.7973,0.1326,,,,546,8,0.507,1.19,
alice,0,28676062,3568,0.0575,0.5796,2.7971,0.1326,,,,548,6,0.496,1.286,
alice,0,28676062,3569,0.0485,0.5657,2.699,0.1326,,,,546,9,0.499,1.186,
alice,0,28676062,3570,0.0558,0.6533,3.298,0.1326,,,,545,7,0.501,1.219,
alice,0,28676062,3571,0.0554,0.6491,3.1393,0.1326,,,,536,12,0.474,1.142,
alice,0,28676062,3572,0.0522,0.685,3.1794,0.1326,,,,533,10,0.484,1.163,
alice,0,28676062,3573,0.0607,0.6845,3.4352,0.1326,,,,536,9,0.487,1.196,
alice,0,28676062,3574,0.0717,0.6624,3.1762,0.1326,,,,551,6,0.509,1.412,
alice,0,28676062,3575,0.0704,0.6641,3.078,0.1326,,,,536,5,0.484,1.177,
alice,0,28676062,3576,0.0609,0.6143,3.1117,0.1326,,,,539,15,0.459,1.269,
alice,0,28676062,3577,0.0648,0.637,2.9095,0.1326,,,,544,11,0.468,1.139,
alice,0,28676062,3578,0.0576,0.6445,3.5556,0.1326,,,,534,7,0.49,1.253,
alice,0,28676062,3579,0.0676,0.6108,2.9567,0.1326,,,,551,10,0.484,1.36,
alice,0,28676062,3580,0.0561,0.6005,3.3073,0.1326,,,,540,3,0.504,1.332,
alice,0,28676062,3581,0.0462,0.6809,3.5231,0.1326,,,,528,8,0.494,1.546,
alice,0,28676062,3582,0.0526,0.6697,3.1773,0.1326,,,,522,16,0.487,1.127,
alice,0,28676062,3583,0.0803,0.6602,3.5308,0.1326,,,,535,6,0.508,1.217,
alice,0,28676062,3584,0.0642,0.6472,3.2613,0.1326,,,,535,2,0.511,1.245,
alice,0,28676062,3585,0.0642,0.6508,3.4815,0.1326,,,,550,6,0.505,1.289,
alice,0,28676062,3586,0.0661,0.6666,3.3624,0.1326,,,,540,9,0.509,1.314,
alice,0,28676062,3587,0.0602,0.6513,3.2972,0.1326,,,,544,8,0.496,1.208,
alice,0,28676062,3588,0.0662,0.6725,3.6142,0.1326,,,,527,12,0.49,1.317,
alice,0,28676062,3589,0.0698,0.6419,3.2244,0.1326,,,,529,14,0.496,1.362,
alice,0,28676062,3590,0.079,0.6289,3.3237,0.1326,,,,538,8,0.483,1.204,
alice,0,28676062,3591,0.0736,0.5968,2.8357,0.1326,,,,532,9,0.491,1.195,
alice,0,28676062,3592,0.0614,0.6455,3.1962,0.1326,,,,535,5,0.507,1.335,
alice,0,28676062,3593,0.0583,0.602,3.125,0.1326,,,,544,11,0.485,1.245,
alice,0,28676062,3594,0.0394,0.6184,3.0352,0.1326,,,,539,6,0.497,1.174,
alice,0,28676062,3595,0.0357,0.6117,3.3182,0.1326,,,,528,7,0.51,1.352,
alice,0,28676062,3596,0.0489,0.6031,3.2906,0.1326,,,,538,8,0.517,1.253,
alice,0,28676062,3597,0.0458,0.6426,3.592,0.1326,,,,535,5,0.509,1.292,
alice,0,28676062,3598,0.0388,0.5609,2.9268,0.1326,,,,541,11,0.514,1.313,
alice,0,28676062,3599,0.0398,0.6041,3.3869,0.1326,,,,537,6,0.499,1.275,
alice,0,28676062,3600,0.0441,0.6336,3.1914,0.1326,,,,535,6,0.508,1.203,
alice,0,28676062,3601,0.0457,0.6765,3.4692,0.1326,,,,528,9,0.515,1.296,
alice,0,28676062,3602,0.0551,0.735,3.6111,0.1326,,,,534,6,0.496,1.181,
alice,0,28676062,3603,0.0525,0.6746,3.2703,0.1326,,,,541,17,0.473,1.222,
alice,0,28676062,3604,0.0629,0.6523,3.3594,0.1326,,,,536,4,0.491,1.182,
alice,0,28676062,3605,0.0566,0.7109,3.662,0.1326,,,,534,4,0.499,1.201,
alice,0,28676062,3606,0.0504,0.6784,3.533,0.1326,,,,540,11,0.486,1.182,
alice,0,28676062,3607,0.0313,0.6176,2.9859,0.1326,,,,546,17,0.503,1.297,
alice,0,28676062,3608,0.0449,0.6156,3.18,0.1326,,,,540,7,0.497,1.213,
alice,0,28676062,3609,0.0419,0.594,3.1371,0.1326,,,,544,10,0.512,1.21,
alice,0,28676062,3610,0.0384,0.6326,3.4721,0.1326,,,,530,10,0.51,1.225,
alice,0,28676062,3611,0.0392,0.673,3.2488,0.1326,,,,529,5,0.509,1.263,
alice,0,28676062,3612,0.044,0.5915,2.8333,0.1326,,,,538,3,0.524,1.267,
alice,0,28676062,3613,0.0482,0.6319,3.1275,0.1326,,,,537,5,0.507,1.285,
alice,0,28676062,3614,0.0632,0.6011,3.3299,0.1326,,,,532,3,0.52,1.326,
alice,0,28676062,3615,0.0651,0.6033,3.2709,0.1326,,,,532,4,0.509,1.202,
alice,0,28676062,3616,0.0704,0.6416,3.0569,0.1326,,,,538,6,0.508,1.302,
alice,0,28676062,3617,0.0662,0.5728,3.029,0.1326,,,,542,10,0.502,1.195,
alice,0,28676062,3618,0.0556,0.608,3.1709,0.1326,,,,520,13,0.5,1.194,
alice,0,28676062,3619,0.0455,0.6607,2.9417,0.1326,,,,538,11,0.486,1.226,
alice,0,28676062,3620,0.0586,0.7097,3.4882,0.1326,,,,529,15,0.485,1.164,
alice,0,28676062,3621,0.0507,0.6655,3.1549,0.1326,,,,535,17,0.49,1.263,
alice,0,28676062,3622,0.0588,0.689,3.3077,0.1326,,,,548,6,0.491,1.215,
alice,0,28676062,3623,0.0498,0.6726,3.4516,0.1326,,,,530,12,0.479,1.233,
alice,0,28676062,3624,0.0651,0.7398,3.4,0.1326,,,,536,10,0.489,1.045,
alice,0,28676062,3625,0.064,0.6274,3.0228,0.1326,,,,543,15,0.461,1.087,
alice,0,28676062,3626,0.0603,0.6899,3.2691,0.1326,,,,539,12,0.477,1.176,
alice,0,28676062,3627,0.0586,0.679,3.4027,0.1326,,,,537,5,0.498,1.312,
alice,0,28676062,3628,0.0629,0.6137,3.2027,0.1326,,,,546,6,0.494,1.211,
alice,0,28676062,3629,0.0631,0.6263,3.2958,0.1326,,,,541,4,0.5,1.372,
alice,0,28676062,3630,0.0541,0.6088,3.23,0.1326,,,,534,5,0.501,1.375,
alice,0,28676062,3631,0.0498,0.6277,3.0045,0.1326,,,,532,4,0.502,1.196,
alice,0,28676062,3632,0.044,0.6865,3.5882,0.1326,,,,527,10,0.501,1.27,
alice,0,28676062,3633,0.0368,0.662,3.2807,0.1326,,,,547,7,0.516,1.274,
alice,0,28676062,3634,0.0344,0.6834,3.3529,0.1326,,,,540,12,0.488,1.391,
alice,0,28676062,3635,0.0441,0.6741,3.3396,0.1326,,,,533,13,0.512,1.298,
alice,0,28676062,3636,0.0371,0.6529,3.0633,0.1326,,,,550,6,0.483,1.38,
alice,0,28676062,3637,0.0266,0.6146,3.0,0.1326,,,,536,4,0.507,1.508,
alice,0,28676062,3638,0.038,0.7147,3.5896,0.1326,,,,527,11,0.485,1.172,
alice,0,28676062,3639,0.0402,0.7104,3.7163,0.1326,,,,535,6,0.5,1.244,
alice,0,28676062,3640,0.0351,0.6732,3.4907,0.1326,,,,538,9,0.488,1.228,
alice,0,28676062,3641,0.0298,0.6967,3.1757,0.1326,,,,530,9,0.494,1.143,
alice,0,28676062,3642,0.0423,0.6876,3.3886,0.1326,,,,535,14,0.494,1.251,
alice,0,28676062,3643,0.0439,0.7006,3.3257,0.1326,,,,534,4,0.511,1.542,
alice,0,28676062,3644,0.0563,0.6902,3.5802,0.1326,,,,527,3,0.506,1.274,
alice,0,28676062,3645,0.0531,0.6313,3.1239,0.1326,,,,528,19,0.488,1.217,
alice,0,28676062,3646,0.0604,0.6761,3.5251,0.1326,,,,533,13,0.474,1.203,
alice,0,28676062,3647,0.0886,0.7278,3.671,0.1326,,,,537,7,0.467,1.607,
alice,0,28676062,3648,0.0668,0.6065,3.034,0.1326,,,,538,9,0.476,1.301,
alice,0,28676062,3649,0.0711,0.6678,3.0607,0.1326,,,,537,7,0.483,1.452,
alice,0,28676062,3650,0.0568,0.683,3.5,0.1326,,,,533,12,0.471,1.207,
alice,0,28676062,3651,0.0596,0.6745,3.1555,0.1326,,,,540,9,0.472,1.253,
alice,0,28676062,3652,0.0606,0.6879,3.3571,0.1326,,,,545,10,0.496,1.374,
alice,0,28676062,3653,0.0674,0.6445,2.9041,0.1326,,,,538,5,0.508,1.286,
alice,0,28676062,3654,0.046,0.6812,3.0216,0.1326,,,,533,6,0.494,1.234,
alice,0,28676062,3655,0.0427,0.6831,3.0259,0.1326,,,,536,13,0.493,1.247,
alice,0,28676062,3656,0.0546,0.6923,3.4598,0.1326,,,,532,12,0.49,1.348,
alice,0,28676062,3657,0.0554,0.7342,3.5022,0.1326,,,,530,8,0.495,1.315,
alice,0,28676062,3658,0.0542,0.7308,3.4649,0.1326,,,,539,8,0.48,1.282,
alice,0,28676062,3659,0.0453,0.6594,3.1036,0.1326,,,,534,7,0.487,1.476,
alice,0,28676062,3660,0.044,0.746,3.4533,0.1326,,,,534,7,0.494,1.258,
alice,0,28676062,3661,0.0619,0.6487,3.1991,0.1326,,,,544,11,0.478,1.168,
alice,0,28676062,3662,0.0598,0.6071,3.0938,0.1326,,,,546,9,0.48,1.258,
alice,0,28676062,3663,0.0487,0.5812,2.8493,0.1326,,,,544,9,0.484,1.263,
alice,0,28676062,3664,0.056,0.6293,3.3781,0.1326,,,,543,13,0.49,1.167,
alice,0,28676062,3665,0.0459,0.6792,3.4824,0.1326,,,,534,8,0.473,1.366,
alice,0,28676062,3666,0.055,0.6504,3.43,0.1326,,,,529,14,0.497,1.279,
alice,0,28676062,3667,0.0562,0.6184,3.2269,0.1326,,,,541,7,0.479,1.41,
alice,0,28676062,3668,0.0587,0.6146,2.8995,0.1326,,,,535,12,0.493,1.342,
alice,0,28676062,3669,0.0752,0.6024,3.2217,0.1326,,,,540,7,0.499,1.392,
alice,0,28676062,3670,0.0712,0.5805,3.3535,0.1326,,,,539,5,0.508,1.409,
alice,0,28676062,3671,0.0604,0.6108,3.3571,0.1326,,,,532,1,0.513,1.124,
alice,0,28676062,3672,0.0519,0.601,3.375,0.1326,,,,536,7,0.49,1.326,
alice,0,28676062,3673,0.0514,0.5978,3.1596,0.1326,,,,543,7,0.506,1.247,
alice,0,28676062,3674,0.0485,0.6317,3.3317,0.1326,,,,530,6,0.499,1.186,
alice,0,28676062,3675,0.0447,0.6176,3.4078,0.1326,,,,543,7,0.497,1.235,
alice,0,28676062,3676,0.0322,0.6389,3.2297,0.1326,,,,532,12,0.486,1.241,
alice,0,28676062,3677,0.0323,0.6993,3.564,0.1326,,,,537,9,0.476,1.192,
alice,0,28676062,3678,0.0356,0.6728,3.211,0.1326,,,,532,4,0.5,1.244,
alice,0,28676062,3679,0.045,0.694,3.3973,0.1326,,,,539,8,0.507,1.241,
alice,0,28676062,3680,0.0439,0.629,3.4419,0.1326,,,,537,4,0.529,1.318,
alice,0,28676062,3681,0.0544,0.7082,3.6199,0.1326,,,,536,10,0.49,1.258,
alice,0,28676062,3682,0.0612,0.6515,3.2207,0.1326,,,,547,12,0.5,1.355,
alice,0,28676062,3683,0.0492,0.5738,2.8971,0.1326,,,,543,4,0.501,1.245,
alice,0,28676062,3684,0.0684,0.6494,3.6333,0.1326,,,,536,4,0.503,1.275,
alice,0,28676062,3685,0.0505,0.5647,3.0729,0.1326,,,,536,3,0.495,1.316,
alice,0,28676062,3686,0.0487,0.6135,3.24,0.1326,,,,533,7,0.512,1.332,
alice,0,28676062,3687,0.0516,0.6133,3.2488,0.1326,,,,541,5,0.507,1.237,
alice,0,28676062,3688,0.0432,0.574,2.9528,0.1326,,,,545,6,0.523,1.206,
alice,0,28676062,3689,0.0403,0.6293,3.2,0.1326,,,,531,9,0.519,1.295,
alice,0,28676062,3690,0.0446,0.6536,3.1713,0.1326,,,,540,5,0.496,1.368,
alice,0,28676062,3691,0.0607,0.6625,3.2512,0.1326,,,,536,4,0.511,1.206,
alice,0,28676062,3692,0.0637,0.6269,3.3469,0.1326,,,,537,6,0.497,1.572,
alice,0,28676062,3693,0.0625,0.6594,3.6071,0.1326,,,,531,6,0.511,1.432,
alice,0,28676062,3694,0.0504,0.577,3.005,0.1326,,,,539,8,0.501,1.185,
alice,0,28676062,3695,0.051,0.6166,3.2642,0.1326,,,,541,5,0.518,1.202,
alice,0,28676062,3696,0.0232,0.6102,3.1117,0.1326,,,,540,11,0.502,1.317,
alice,0,28676062,3697,0.0298,0.6094,3.161,0.1326,,,,539,6,0.501,1.141,
alice,0,28676062,3698,0.0237,0.6888,3.4265,0.1326,,,,528,6,0.487,1.29,
alice,0,28676062,3699,0.0381,0.6646,3.2523,0.1326,,,,539,10,0.48,1.211,
alice,0,28676062,3700,0.0522,0.7069,3.4839,0.1326,,,,534,6,0.49,1.123,
alice,0,28676062,3701,0.0561,0.6942,3.4931,0.1326,,,,530,11,0.504,1.212,
alice,0,28676062,3702,0.0574,0.6493,3.1609,0.1326,,,,536,7,0.51,1.184,
alice,0,28676062,3703,0.0489,0.64,3.1652,0.1326,,,,533,10,0.508,1.269,
alice,0,28676062,3704,0.0538,0.6968,3.3833,0.1326,,,,539,16,0.497,1.291,
alice,0,28676062,3705,0.0513,0.7219,3.2241,0.1326,,,,535,9,0.496,1.183,
alice,0,28676062,3706,0.0638,0.7268,3.4622,0.1326,,,,539,14,0.484,1.583,
alice,0,28676062,3707,0.0628,0.704,3.1737,0.1326,,,,534,15,0.485,1.421,
alice,0,28676062,3708,0.0676,0.6898,3.176,0.1326,,,,531,10,0.476,1.429,
alice,0,28676062,3709,0.0733,0.6772,3.4079,0.1326,,,,534,5,0.518,1.359,
alice,0,28676062,3710,0.0646,0.6482,3.1787,0.1326,,,,536,6,0.482,1.262,
alice,0,28676062,3711,0.0692,0.6592,3.4099,0.1326,,,,534,11,0.51,1.27,
alice,0,28676062,3712,0.0573,0.6343,3.2909,0.1326,,,,543,7,0.503,1.36,
alice,0,28676062,3713,0.0561,0.5861,2.8198,0.1326,,,,542,6,0.519,1.168,
alice,0,28676062,3714,0.0662,0.6691,3.3538,0.1326,,,,529,8,0.516,1.125,
alice,0,28676062,3715,0.0522,0.631,3.3048,0.1326,,,,522,5,0.517,1.163,
alice,0,28676062,3716,0.0587,0.6588,3.296,0.1326,,,,531,5,0.509,1.26,
alice,0,28676062,3717,0.0642,0.657,3.1169,0.1326,,,,541,8,0.508,1.265,
alice,0,28676062,3718,0.0653,0.6827,3.1009,0.1326,,,,533,10,0.504,1.218,
alice,0,28676062,3719,0.0506,0.7018,3.4381,0.1326,,,,529,7,0.51,1.221,
alice,0,28676062,3720,0.0545,0.6605,3.186,0.1326,,,,535,4,0.514,1.424,
alice,0,28676062,3721,0.0635,0.74,3.4177,0.1326,,,,536,8,0.489,1.242,
alice,0,28676062,3722,0.0581,0.6939,3.3264,0.1326,,,,537,7,0.48,1.319,
alice,0,28676062,3723,0.0618,0.7024,3.204,0.1326,,,,539,12,0.47,1.15,
alice,0,28676062,3724,0.0596,0.7726,3.4694,0.1326,,,,527,14,0.491,1.256,
alice,0,28676062,3725,0.0784,0.7315,3.7095,0.1326,,,,540,14,0.479,1.192,
alice,0,28676062,3726,0.0784,0.6455,3.2564,0.1326,,,,541,12,0.499,1.381,
alice,0,28676062,3727,0.0809,0.6388,3.3017,0.1326,,,,538,4,0.511,1.273,
alice,0,28676062,3728,0.0731,0.5887,3.3146,0.1326,,,,548,2,0.532,1.193,
alice,0,28676062,3729,0.0455,0.5821,2.9206,0.1326,,,,537,8,0.51,1.348,
alice,0,28676062,3730,0.0525,0.632,3.3107,0.1326,,,,531,14,0.491,1.201,
alice,0,28676062,3731,0.0537,0.6219,3.1737,0.1326,,,,535,9,0.505,1.264,
alice,0,28676062,3732,0.0692,0.5864,3.1953,0.1326,,,,546,8,0.497,1.217,
alice,0,28676062,3733,0.0678,0.7073,3.5654,0.1326,,,,533,9,0.495,1.316,
alice,0,28676062,3734,0.0897,0.6168,3.181,0.1326,,,,536,7,0.507,1.349,
alice,0,28676062,3735,0.0906,0.6231,3.5686,0.1326,,,,537,9,0.492,1.215,
alice,0,28676062,3736,0.0833,0.598,3.0193,0.1326,,,,524,8,0.51,1.287,
alice,0,28676062,3737,0.0927,0.6669,3.4839,0.1326,,,,525,14,0.499,1.248,
alice,0,28676062,3738,0.088,0.6804,3.473,0.1326,,,,535,8,0.483,1.048,
alice,0,28676062,3739,0.0837,0.6827,3.5422,0.1326,,,,535,7,0.49,1.297,
alice,0,28676062,3740,0.0761,0.7179,3.3275,0.1326,,,,535,8,0.497,1.18,
alice,0,28676062,3741,0.068,0.6877,3.3609,0.1326,,,,530,9,0.479,1.252,
alice,0,28676062,3742,0.0776,0.6993,3.3578,0.1326,,,,539,12,0.484,1.291,
alice,0,28676062,3743,0.0727,0.6492,3.3973,0.1326,,,,537,10,0.485,1.342,
alice,0,28676062,3744,0.0785,0.6391,3.3136,0.1326,,,,538,10,0.495,1.206,
alice,0,28676062,3745,0.0771,0.6721,3.5413,0.1326,,,,528,6,0.504,1.266,
alice,0,28676062,3746,0.0646,0.6353,3.1271,0.1326,,,,539,6,0.514,1.196,
alice,0,28676062,3747,0.0628,0.6564,3.3632,0.1326,,,,536,8,0.489,1.099,
alice,0,28676062,3748,0.0738,0.7129,3.3655,0.1326,,,,540,4,0.526,1.169,
alice,0,28676062,3749,0.0607,0.701,3.3632,0.1326,,,,538,8,0.492,1.448,
alice,0,28676062,3750,0.0529,0.6777,3.28,0.1326,,,,549,7,0.501,1.268,
alice,0,28676062,3751,0.0553,0.6524,3.0901,0.1326,,,,541,11,0.503,1.226,
alice,0,28676062,3752,0.0469,0.6402,3.399,0.1326,,,,541,8,0.496,1.267,
alice,0,28676062,3753,0.0426,0.6517,3.3137,0.1326,,,,529,7,0.496,1.197,
alice,0,28676062,3754,0.0556,0.6475,3.1722,0.1326,,,,540,11,0.499,1.309,
alice,0,28676062,3755,0.053,0.6368,3.2143,0.1326,,,,534,3,0.52,1.179,
alice,0,28676062,3756,0.0667,0.5993,3.3095,0.1326,,,,548,2,0.509,1.218,
alice,0,28676062,3757,0.0543,0.6201,3.0822,0.1326,,,,544,7,0.502,1.344,
alice,0,28676062,3758,0.0656,0.6057,2.9581,0.1326,,,,548,10,0.501,1.289,
alice,0,28676062,3759,0.0583,0.6177,3.204,0.1326,,,,536,5,0.52,1.233,
alice,0,28676062,3760,0.0606,0.6073,3.2323,0.1326,,,,534,6,0.508,1.319,
alice,0,28676062,3761,0.0538,0.6203,2.981,0.1326,,,,534,4,0.523,1.22,
alice,0,28676062,3762,0.051,0.6864,3.2294,0.1326,,,,532,5,0.507,1.181,
alice,0,28676062,3763,0.0558,0.615,3.3981,0.1326,,,,538,5,0.5,1.229,
alice,0,28676062,3764,0.0541,0.6374,3.3876,0.1326,,,,532,8,0.509,1.315,
alice,0,28676062,3765,0.0667,0.673,3.4795,0.1326,,,,533,7,0.503,1.23,
alice,0,28676062,3766,0.0617,0.6144,3.2127,0.1326,,,,543,10,0.494,1.26,
alice,0,28676062,3767,0.0541,0.635,3.0933,0.1326,,,,546,2,0.493,1.181,
alice,0,28676062,3768,0.0718,0.6165,3.3192,0.1326,,,,543,8,0.492,1.352,
alice,0,28676062,3769,0.0571,0.6736,3.2512,0.1326,,,,537,11,0.489,1.16,
alice,0,28676062,3770,0.0628,0.6404,3.3932,0.1326,,,,533,11,0.481,1.202,
alice,0,28676062,3771,0.0677,0.6004,2.9733,0.1326,,,,536,17,0.483,1.228,
alice,0,28676062,3772,0.0764,0.6609,3.4484,0.1326,,,,538,7,0.493,1.344,
alice,0,28676062,3773,0.0748,0.6754,3.2269,0.1326,,,,542,4,0.502,1.377,
alice,0,28676062,3774,0.0685,0.6893,3.4085,0.1326,,,,537,5,0.515,1.313,
alice,0,28676062,3775,0.0678,0.6729,3.0583,0.1326,,,,530,15,0.493,1.354,
alice,0,28676062,3776,0.0791,0.6451,3.2025,0.1326,,,,548,10,0.493,1.264,
alice,0,28676062,3777,0.0808,0.7155,3.1646,0.1326,,,,538,6,0.479,1.085,
alice,0,28676062,3778,0.0767,0.6673,3.2324,0.1326,,,,546,8,0.491,1.266,
alice,0,28676062,3779,0.0643,0.6728,3.2265,0.1326,,,,542,5,0.498,1.182,
alice,0,28676062,3780,0.0699,0.6988,3.7419,0.1326,,,,532,5,0.471,1.306,
alice,0,28676062,3781,0.084,0.6497,3.5,0.1326,,,,535,7,0.504,1.198,
alice,0,28676062,3782,0.0904,0.6516,3.2412,0.1326,,,,537,8,0.506,1.285,
alice,0,28676062,3783,0.0855,0.6324,3.482,0.1326,,,,545,7,0.519,1.213,
alice,0,28676062,3784,0.0952,0.6974,3.5973,0.1326,,,,544,2,0.511,1.262,
alice,0,28676062,3785,0.0744,0.6456,3.3304,0.1326,,,,541,6,0.504,1.331,
alice,0,28676062,3786,0.0774,0.6355,3.1562,0.1326,,,,531,15,0.482,1.193,
alice,0,28676062,3787,0.0906,0.6291,3.211,0.1326,,,,547,8,0.513,1.215,
alice,0,28676062,3788,0.0797,0.6022,3.2704,0.1326,,,,527,19,0.485,1.488,
alice,0,28676062,3789,0.0866,0.6141,3.0543,0.1326,,,,537,2,0.509,1.334,
alice,0,28676062,3790,0.0879,0.615,3.2952,0.1326,,,,544,8,0.5,1.22,
alice,0,28676062,3791,0.0611,0.5887,3.1414,0.1326,,,,543,9,0.487,1.127,
alice,0,28676062,3792,0.0612,0.5965,3.2222,0.1326,,,,528,9,0.482,1.132,
alice,0,28676062,3793,0.0788,0.6317,3.3618,0.1326,,,,534,13,0.478,1.18,
alice,0,28676062,3794,0.0792,0.6779,3.3702,0.1326,,,,530,4,0.504,1.245,
alice,0,28676062,3795,0.0685,0.5629,2.6435,0.1326,,,,545,6,0.502,1.363,
alice,0,28676062,3796,0.0553,0.5807,3.2589,0.1326,,,,537,7,0.503,1.2,
alice,0,28676062,3797,0.0452,0.5696,2.7264,0.1326,,,,537,6,0.493,1.375,
alice,0,28676062,3798,0.0453,0.6526,3.1048,0.1326,,,,539,10,0.476,1.202,
alice,0,28676062,3799,0.0289,0.6572,3.3284,0.1326,,,,536,6,0.494,1.294,
alice,0,28676062,3800,0.0421,0.6238,3.1912,0.1326,,,,544,6,0.493,1.4,
alice,0,28676062,3801,0.0366,0.6011,2.9655,0.1326,,,,539,9,0.474,1.151,
alice,0,28676062,3802,0.0438,0.7175,3.0701,0.1326,,,,535,7,0.489,1.401,
alice,0,28676062,3803,0.0462,0.6211,2.8243,0.1326,,,,544,8,0.493,1.221,
alice,0,28676062,3804,0.0527,0.6206,3.1005,0.1326,,,,538,10,0.487,1.282,
alice,0,28676062,3805,0.0523,0.6474,3.1157,0.1326,,,,541,5,0.521,1.31,
alice,0,28676062,3806,0.0586,0.6046,3.1483,0.1326,,,,533,7,0.486,1.243,
alice,0,28676062,3807,0.0492,0.7025,3.1031,0.1326,,,,525,2,0.508,1.186,
alice,0,28676062,3808,0.0679,0.6837,3.2941,0.1326,,,,540,8,0.491,1.328,
alice,0,28676062,3809,0.0506,0.5895,3.1121,0.1326,,,,541,17,0.489,1.185,
alice,0,28676062,3810,0.0582,0.6323,2.9825,0.1326,,,,548,6,0.508,1.233,
alice,0,28676062,3811,0.064,0.6485,3.1667,0.1326,,,,537,10,0.509,1.131,
alice,0,28676062,3812,0.0827,0.6568,3.5436,0.1326,,,,533,6,0.512,1.438,
alice,0,28676062,3813,0.0767,0.5946,2.835,0.1326,,,,535,5,0.52,1.394,
alice,0,28676062,3814,0.0758,0.601,2.981,0.1326,,,,541,11,0.493,1.221,
alice,0,28676062,3815,0.078,0.5918,3.1394,0.1326,,,,539,5,0.5,1.363,
alice,0,28676062,3816,0.0787,0.5367,3.0637,0.1326,,,,549,6,0.493,1.295,
alice,0,28676062,3817,0.0843,0.5887,2.893,0.1326,,,,537,3,0.518,1.216,
alice,0,28676062,3818,0.0815,0.5828,3.0467,0.1326,,,,543,6,0.494,1.285,
alice,0,28676062,3819,0.061,0.611,3.3793,0.1326,,,,536,8,0.497,1.223,
alice,0,28676062,3820,0.065,0.5551,2.8309,0.1326,,,,543,11,0.497,1.275,
alice,0,28676062,3821,0.0509,0.5643,2.7364,0.1326,,,,537,9,0.498,1.151,
alice,0,28676062,3822,0.0573,0.5862,2.7759,0.1326,,,,542,3,0.511,1.26,
alice,0,28676062,3823,0.0635,0.6544,3.026,0.1326,,,,537,2,0.518,1.265,
alice,0,28676062,3824,0.0777,0.6369,3.3545,0.1326,,,,551,6,0.502,1.312,
alice,0,28676062,3825,0.0607,0.5622,2.9136,0.1326,,,,543,5,0.506,1.269,
alice,0,28676062,3826,0.08,0.621,3.1274,0.1326,,,,539,4,0.493,1.138,
alice,0,28676062,3827,0.0709,0.5847,2.893,0.1326,,,,537,15,0.474,1.541,
alice,0,28676062,3828,0.0814,0.5921,3.1193,0.1326,,,,550,6,0.482,1.167,
alice,0,28676062,3829,0.0713,0.6255,3.4608,0.1326,,,,540,10,0.489,1.186,
alice,0,28676062,3830,0.068,0.5939,2.9771,0.1326,,,,549,17,0.471,1.377,
alice,0,28676062,3831,0.0703,0.6506,3.3333,0.1326,,,,538,4,0.502,1.437,
alice,0,28676062,3832,0.0612,0.634,3.1784,0.1326,,,,547,9,0.475,1.225,
alice,0,28676062,3833,0.0564,0.582,3.1159,0.1326,,,,539,7,0.499,1.546,
alice,0,28676062,3834,0.0596,0.6236,3.1698,0.1326,,,,541,4,0.498,1.255,
alice,0,28676062,3835,0.0718,0.6051,3.465,0.1326,,,,540,4,0.499,1.345,
alice,0,28676062,3836,0.0555,0.6367,3.301,0.1326,,,,539,5,0.482,1.199,
alice,0,28676062,3837,0.0355,0.5822,3.2562,0.1326,,,,539,7,0.509,1.192,
alice,0,28676062,3838,0.0319,0.6424,3.1652,0.1326,,,,537,3,0.528,1.323,
alice,0,28676062,3839,0.0459,0.6233,3.0176,0.1326,,,,541,6,0.501,1.368,
alice,0,28676062,3840,0.0613,0.6765,3.4658,0.1326,,,,539,3,0.507,1.254,
alice,0,28676062,3841,0.0623,0.6623,3.3442,0.1326,,,,540,11,0.497,1.283,
alice,0,28676062,3842,0.05,0.6223,3.1209,0.1326,,,,535,14,0.488,1.133,
alice,0,28676062,3843,0.0567,0.63,3.19,0.1326,,,,542,3,0.506,1.25,
alice,0,28676062,3844,0.0706,0.6335,3.525,0.1326,,,,533,19,0.495,1.311,
alice,0,28676062,3845,0.0769,0.6281,3.2264,0.1326,,,,538,13,0.481,1.216,
alice,0,28676062,3846,0.0663,0.6123,2.9124,0.1326,,,,547,6,0.511,1.298,
alice,0,28676062,3847,0.0564,0.6789,3.1944,0.1326,,,,529,7,0.514,1.5,
alice,0,28676062,3848,0.0607,0.6469,3.0495,0.1326,,,,528,14,0.489,1.384,
alice,0,28676062,3849,0.0611,0.6449,3.3439,0.1326,,,,544,4,0.482,1.268,
alice,0,28676062,3850,0.0617,0.6676,3.1966,0.1326,,,,545,16,0.47,1.222,
alice,0,28676062,3851,0.0737,0.7102,3.5431,0.1326,,,,534,9,0.457,1.253,
alice,0,28676062,3852,0.0801,0.6445,3.0486,0.1326,,,,539,4,0.495,1.185,
alice,0,28676062,3853,0.0888,0.6332,3.3843,0.1326,,,,536,12,0.467,1.201,
alice,0,28676062,3854,0.0981,0.6527,3.3418,0.1326,,,,549,11,0.504,1.334,
alice,0,28676062,3855,0.0912,0.6885,3.2797,0.1326,,,,557,3,0.49,1.222,
alice,0,28676062,3856,0.076,0.6864,3.2775,0.1326,,,,528,10,0.477,1.24,
alice,0,28676062,3857,0.0959,0.6622,3.4185,0.1326,,,,546,7,0.486,1.328,
alice,0,28676062,3858,0.0923,0.616,3.133,0.1326,,,,537,4,0.478,1.209,
alice,0,28676062,3859,0.0964,0.629,3.2578,0.1326,,,,540,9,0.482,1.265,
alice,0,28676062,3860,0.0893,0.5793,3.1084,0.1326,,,,534,6,0.5,1.242,
alice,0,28676062,3861,0.0748,0.589,3.2512,0.1326,,,,545,7,0.5,1.189,
alice,0,28676062,3862,0.0688,0.5399,2.8815,0.1326,,,,537,10,0.497,1.325,
alice,0,28676062,3863,0.0658,0.6646,3.4605,0.1326,,,,538,6,0.505,1.323,
alice,0,28676062,3864,0.0714,0.6324,3.1384,0.1326,,,,541,6,0.49,1.27,
alice,0,28676062,3865,0.064,0.5996,3.0135,0.1326,,,,543,10,0.499,1.217,
alice,0,28676062,3866,0.0556,0.5704,3.1116,0.1326,,,,549,8,0.5,1.227,
alice,0,28676062,3867,0.063,0.6065,3.1814,0.1326,,,,536,3,0.507,1.244,
alice,0,28676062,3868,0.0552,0.5405,3.1359,0.1326,,,,543,3,0.511,1.269,
alice,0,28676062,3869,0.0457,0.6122,3.0048,0.1326,,,,532,9,0.503,1.331,
alice,0,28676062,3870,0.0567,0.592,3.0574,0.1326,,,,537,8,0.511,1.223,
alice,0,28676062,3871,0.0623,0.5653,3.1546,0.1326,,,,535,3,0.519,1.285,
alice,0,28676062,3872,0.0626,0.6166,3.2642,0.1326,,,,543,6,0.508,1.213,
alice,0,28676062,3873,0.0447,0.7206,3.4167,0.1326,,,,540,4,0.509,1.18,
alice,0,28676062,3874,0.0396,0.6734,3.4019,0.1326,,,,540,7,0.511,1.241,
alice,0,28676062,3875,0.0382,0.62,3.2961,0.1326,,,,541,5,0.504,1.241,
alice,0,28676062,3876,0.0407,0.7155,3.5498,0.1326,,,,533,8,0.491,1.171,
alice,0,28676062,3877,0.0677,0.6361,3.1659,0.1326,,,,535,9,0.51,1.213,
alice,0,28676062,3878,0.0739,0.6231,3.1357,0.1326,,,,544,11,0.495,1.269,
alice,0,28676062,3879,0.0712,0.6667,3.5507,0.1326,,,,536,7,0.494,1.331,
alice,0,28676062,3880,0.0524,0.613,2.9862,0.1326,,,,543,13,0.493,1.533,
alice,0,28676062,3881,0.0433,0.6067,3.2308,0.1326,,,,541,10,0.468,1.145,
alice,0,28676062,3882,0.0565,0.5976,3.0488,0.1326,,,,536,9,0.515,1.214,
alice,0,28676062,3883,0.0721,0.6327,3.1991,0.1326,,,,537,8,0.508,1.276,
alice,0,28676062,3884,0.0591,0.5855,2.8539,0.1326,,,,540,5,0.514,1.319,
alice,0,28676062,3885,0.0589,0.6357,3.3009,0.1326,,,,529,4,0.505,1.202,
alice,0,28676062,3886,0.0615,0.6866,3.3767,0.1326,,,,528,7,0.508,1.139,
alice,0,28676062,3887,0.0524,0.6451,3.3041,0.1326,,,,547,14,0.502,1.289,
alice,0,28676062,3888,0.0752,0.7032,3.4533,0.1326,,,,534,4,0.499,1.17,
alice,0,28676062,3889,0.0771,0.6392,3.6009,0.1326,,,,535,3,0.521,1.318,
alice,0,28676062,3890,0.0777,0.6468,3.684,0.1326,,,,542,4,0.496,1.392,
alice,0,28676062,3891,0.066,0.6698,3.3363,0.1326,,,,532,7,0.494,1.336,
alice,0,28676062,3892,0.0758,0.7143,3.6217,0.1326,,,,536,8,0.488,1.229,
alice,0,28676062,3893,0.0778,0.6505,3.2949,0.1326,,,,537,8,0.477,1.288,
alice,0,28676062,3894,0.0742,0.6508,3.1475,0.1326,,,,545,8,0.497,1.201,
alice,0,28676062,3895,0.0716,0.6976,3.395,0.1326,,,,536,2,0.516,1.26,
alice,0,28676062,3896,0.0702,0.71,3.4,0.1326,,,,542,7,0.498,1.556,
alice,0,28676062,3897,0.0612,0.7433,3.4128,0.1326,,,,534,16,0.483,1.335,
alice,0,28676062,3898,0.0696,0.6877,3.4249,0.1326,,,,533,12,0.486,1.266,
alice,0,28676062,3899,0.0823,0.6326,2.9717,0.1326,,,,545,10,0.497,1.18,
alice,0,28676062,3900,0.1,0.6822,3.6478,0.1326,,,,541,5,0.499,1.166,
alice,0,28676062,3901,0.0877,0.6021,3.0996,0.1326,,,,544,6,0.517,1.248,
alice,0,28676062,3902,0.0897,0.6569,3.3047,0.1326,,,,542,4,0.503,1.265,
alice,0,28676062,3903,0.0845,0.7551,3.5103,0.1326,,,,541,10,0.485,1.403,
alice,0,28676062,3904,0.0899,0.6468,3.2851,0.1326,,,,545,14,0.482,1.303,
alice,0,28676062,3905,0.0999,0.6854,3.3829,0.1326,,,,547,5,0.519,1.41,
alice,0,28676062,3906,0.074,0.6638,3.0789,0.1326,,,,543,6,0.498,1.122,
alice,0,28676062,3907,0.0815,0.6197,3.2968,0.1326,,,,540,10,0.483,1.231,
alice,0,28676062,3908,0.0802,0.5978,3.3524,0.1326,,,,541,7,0.497,1.258,
alice,0,28676062,3909,0.0811,0.6403,3.3226,0.1326,,,,539,2,0.532,1.392,
alice,0,28676062,3910,0.0784,0.6018,3.1801,0.1326,,,,540,7,0.52,1.273,
alice,0,28676062,3911,0.0758,0.5924,2.8889,0.1326,,,,552,6,0.506,1.296,
alice,0,28676062,3912,0.0569,0.5596,2.8798,0.1326,,,,540,5,0.515,1.259,
alice,0,28676062,3913,0.0573,0.6337,3.2162,0.1326,,,,534,4,0.508,1.342,
alice,0,28676062,3914,0.0649,0.6601,3.0354,0.1326,,,,543,13,0.497,1.389,
alice,0,28676062,3915,0.0722,0.6261,3.213,0.1326,,,,545,12,0.495,1.142,
alice,0,28676062,3916,0.0706,0.6091,3.1005,0.1326,,,,542,6,0.496,1.281,
alice,0,28676062,3917,0.0687,0.6369,2.8482,0.1326,,,,537,6,0.514,1.145,
alice,0,28676062,3918,0.0755,0.6548,3.6682,0.1326,,,,544,5,0.504,1.124,
alice,0,28676062,3919,0.0681,0.6268,3.1441,0.1326,,,,551,7,0.501,1.314,
alice,0,28676062,3920,0.0675,0.6019,3.3249,0.1326,,,,531,9,0.51,1.3,
alice,0,28676062,3921,0.0645,0.6043,3.3206,0.1326,,,,542,3,0.505,1.162,
alice,0,28676062,3922,0.0763,0.5844,3.1722,0.1326,,,,543,5,0.519,1.445,
alice,0,28676062,3923,0.0637,0.5965,3.4737,0.1326,,,,533,6,0.499,1.234,
alice,0,28676062,3924,0.0633,0.6067,3.385,0.1326,,,,538,3,0.495,1.229,
alice,0,28676062,3925,0.0536,0.5935,3.1627,0.1326,,,,548,3,0.51,1.282,
alice,0,28676062,3926,0.0696,0.5835,3.2184,0.1326,,,,538,4,0.521,1.317,
alice,0,28676062,3927,0.0581,0.592,2.8148,0.1326,,,,543,1,0.518,1.246,
alice,0,28676062,3928,0.0557,0.5646,2.9951,0.1326,,,,547,3,0.529,1.44,
alice,0,28676062,3929,0.0499,0.5861,3.2423,0.1326,,,,543,1,0.53,1.3,
alice,0,28676062,3930,0.0552,0.5869,3.1823,0.1326,,,,541,2,0.524,1.173,
alice,0,28676062,3931,0.0461,0.6279,3.1897,0.1326,,,,535,6,0.512,1.326,
alice,0,28676062,3932,0.056,0.6261,3.0429,0.1326,,,,539,7,0.499,1.208,
alice,0,28676062,3933,0.0618,0.5926,2.784,0.1326,,,,541,9,0.501,1.28,
alice,0,28676062,3934,0.0695,0.6113,2.9366,0.1326,,,,546,7,0.508,1.315,
alice,0,28676062,3935,0.0623,0.5733,2.9949,0.1326,,,,530,11,0.485,1.157,
alice,0,28676062,3936,0.0519,0.6153,2.8756,0.1326,,,,534,16,0.495,1.308,
alice,0,28676062,3937,0.0559,0.6605,3.5808,0.1326,,,,530,4,0.514,1.262,
alice,0,28676062,3938,0.064,0.6141,3.2289,0.1326,,,,544,16,0.493,1.292,
alice,0,28676062,3939,0.0537,0.5691,3.199,0.1326,,,,529,8,0.488,1.327,
alice,0,28676062,3940,0.0553,0.6474,3.1152,0.1326,,,,526,6,0.495,1.4,
alice,0,28676062,3941,0.045,0.6011,2.7922,0.1326,,,,550,12,0.499,1.556,
alice,0,28676062,3942,0.038,0.6585,3.1147,0.1326,,,,537,5,0.497,1.249,
alice,0,28676062,3943,0.0458,0.6529,3.3286,0.1326,,,,538,10,0.499,1.103,
alice,0,28676062,3944,0.0347,0.6183,2.9589,0.1326,,,,535,9,0.497,1.149,
alice,0,28676062,3945,0.0436,0.6157,3.1981,0.1326,,,,542,7,0.499,1.209,
alice,0,28676062,3946,0.0449,0.621,2.9266,0.1326,,,,537,11,0.498,1.316,
alice,0,28676062,3947,0.049,0.5922,3.0374,0.1326,,,,540,8,0.51,1.155,
alice,0,28676062,3948,0.0516,0.6144,3.2279,0.1326,,,,542,6,0.489,1.289,
alice,0,28676062,3949,0.0509,0.638,2.9731,0.1326,,,,545,15,0.499,1.212,
alice,0,28676062,3950,0.0694,0.6458,3.2489,0.1326,,,,540,5,0.497,1.241,
alice,0,28676062,3951,0.0643,0.6584,3.412,0.1326,,,,544,5,0.517,1.276,
alice,0,28676062,3952,0.0662,0.6283,3.2093,0.1326,,,,544,4,0.525,1.173,
alice,0,28676062,3953,0.0896,0.6971,3.6682,0.1326,,,,535,4,0.52,1.287,
alice,0,28676062,3954,0.0777,0.6458,3.2933,0.1326,,,,544,6,0.504,1.317,
alice,0,28676062,3955,0.0792,0.6548,3.4338,0.1326,,,,535,10,0.484,1.293,
alice,0,28676062,3956,0.0773,0.581,3.1473,0.1326,,,,547,12,0.483,1.168,
alice,0,28676062,3957,0.0784,0.618,3.1636,0.1326,,,,547,6,0.502,1.195,
alice,0,28676062,3958,0.074,0.5725,3.0495,0.1326,,,,547,12,0.495,1.163,
alice,0,28676062,3959,0.0734,0.6151,3.1475,0.1326,,,,541,9,0.5,1.29,
alice,0,28676062,3960,0.0808,0.6102,3.0404,0.1326,,,,546,9,0.513,1.21,
alice,0,28676062,3961,0.0765,0.64,3.1839,0.1326,,,,552,5,0.5,1.266,
alice,0,28676062,3962,0.0738,0.6147,2.9767,0.1326,,,,550,6,0.485,1.125,
alice,0,28676062,3963,0.0603,0.6164,3.0465,0.1326,,,,540,10,0.487,1.11,
alice,0,28676062,3964,0.0607,0.6727,3.4589,0.1326,,,,531,6,0.504,1.172,
alice,0,28676062,3965,0.0758,0.6805,3.1416,0.1326,,,,538,11,0.49,1.18,
alice,0,28676062,3966,0.0527,0.6451,3.5735,0.1326,,,,529,11,0.484,1.291,
alice,0,28676062,3967,0.0645,0.664,3.2719,0.1326,,,,538,8,0.499,1.21,
alice,0,28676062,3968,0.0635,0.6558,3.326,0.1326,,,,540,12,0.487,1.3,
alice,0,28676062,3969,0.0538,0.6636,3.5566,0.1326,,,,538,6,0.498,1.215,
alice,0,28676062,3970,0.0721,0.6887,3.7238,0.1326,,,,532,8,0.504,1.242,
alice,0,28676062,3971,0.0781,0.6337,3.2579,0.1326,,,,539,10,0.494,1.373,
alice,0,28676062,3972,0.0705,0.6655,3.4324,0.1326,,,,527,9,0.491,1.364,
alice,0,28676062,3973,0.0755,0.6518,3.5275,0.1326,,,,531,11,0.511,1.29,
alice,0,28676062,3974,0.0865,0.621,3.25,0.1326,,,,552,4,0.488,1.241,
alice,0,28676062,3975,0.0649,0.6225,3.1157,0.1326,,,,541,9,0.491,1.256,
alice,0,28676062,3976,0.0614,0.6308,3.2244,0.1326,,,,537,13,0.513,1.492,
alice,0,28676062,3977,0.0683,0.6365,3.2548,0.1326,,,,545,7,0.512,1.27,
alice,0,28676062,3978,0.0649,0.5772,3.11,0.1326,,,,533,8,0.512,1.195,
alice,0,28676062,3979,0.055,0.6297,3.4286,0.1326,,,,539,4,0.521,1.285,
alice,0,28676062,3980,0.062,0.5741,3.0199,0.1326,,,,543,6,0.512,1.237,
alice,0,28676062,3981,0.0505,0.5686,3.0,0.1326,,,,537,9,0.517,1.232,
alice,0,28676062,3982,0.0321,0.6617,2.9807,0.1326,,,,528,4,0.494,1.372,
alice,0,28676062,3983,0.0522,0.64,3.0806,0.1326,,,,543,2,0.516,1.206,
alice,0,28676062,3984,0.0552,0.6746,3.2718,0.1326,,,,539,3,0.485,1.125,
alice,0,28676062,3985,0.0354,0.7349,3.4833,0.1326,,,,529,7,0.483,1.241,
alice,0,28676062,3986,0.0509,0.7047,3.4199,0.1326,,,,534,8,0.49,1.3,
alice,0,28676062,3987,0.0753,0.6757,3.2305,0.1326,,,,549,4,0.493,1.263,
alice,0,28676062,3988,0.0801,0.7042,3.4796,0.1326,,,,546,7,0.494,1.245,
alice,0,28676062,3989,0.0758,0.6608,3.1674,0.1326,,,,540,9,0.485,1.216,
alice,0,28676062,3990,0.0797,0.6626,3.2613,0.1326,,,,538,9,0.499,1.178,
alice,0,28676062,3991,0.073,0.7089,3.5378,0.1326,,,,542,12,0.475,1.222,
alice,0,28676062,3992,0.085,0.6545,3.2838,0.1326,,,,535,11,0.497,1.224,
alice,0,28676062,3993,0.0958,0.6759,3.3165,0.1326,,,,550,11,0.492,1.283,
alice,0,28676062,3994,0.0787,0.6497,3.1927,0.1326,,,,540,8,0.514,1.397,
alice,0,28676062,3995,0.0766,0.5879,3.0909,0.1326,,,,541,5,0.523,1.306,
alice,0,28676062,3996,0.0754,0.6109,3.1182,0.1326,,,,537,8,0.508,1.133,
alice,0,28676062,3997,0.0719,0.632,2.987,0.1326,,,,544,7,0.487,1.37,
alice,0,28676062,3998,0.0731,0.6505,3.181,0.1326,,,,536,10,0.492,1.195,
alice,0,28676062,3999,0.079,0.6636,3.3784,0.1326,,,,531,8,0.491,1.305,
alice,0,28676062,4000,0.057,0.6568,3.0649,0.1326,,,,540,7,0.501,1.342,
alice,0,28676062,4001,0.0583,0.6956,3.3965,0.1326,,,,531,5,0.502,1.25,
alice,0,28676062,4002,0.0441,0.6608,3.3119,0.1326,,,,539,14,0.498,1.153,
alice,0,28676062,4003,0.056,0.6619,3.3722,0.1326,,,,539,6,0.497,1.231,
alice,0,28676062,4004,0.0567,0.6881,3.1159,0.1326,,,,551,5,0.494,1.317,
alice,0,28676062,4005,0.0721,0.6765,3.2311,0.1326,,,,545,12,0.497,1.281,
alice,0,28676062,4006,0.0539,0.6781,3.3516,0.1326,,,,529,13,0.489,1.247,
alice,0,28676062,4007,0.0605,0.6773,3.3276,0.1326,,,,547,7,0.488,1.201,
alice,0,28676062,4008,0.0677,0.6127,3.1005,0.1326,,,,546,11,0.503,1.245,
alice,0,28676062,4009,0.0728,0.6425,3.1009,0.1326,,,,543,4,0.519,1.22,
alice,0,28676062,4010,0.0675,0.6417,3.1822,0.1326,,,,535,6,0.514,1.347,
alice,0,28676062,4011,0.0558,0.7363,3.3957,0.1326,,,,543,6,0.49,1.159,
alice,0,28676062,4012,0.0767,0.6511,3.2743,0.1326,,,,542,5,0.51,1.144,
alice,0,28676062,4013,0.0728,0.6284,3.1159,0.1326,,,,547,13,0.488,1.153,
alice,0,28676062,4014,0.0593,0.6479,3.2,0.1326,,,,549,10,0.495,1.208,
alice,0,28676062,4015,0.0645,0.6557,3.386,0.1326,,,,539,5,0.468,1.285,
alice,0,28676062,4016,0.0577,0.5963,3.1396,0.1326,,,,547,9,0.495,1.262,
alice,0,28676062,4017,0.0538,0.627,3.1455,0.1326,,,,524,16,0.505,1.425,
alice,0,28676062,4018,0.0663,0.6434,3.1732,0.1326,,,,550,8,0.507,1.275,
alice,0,28676062,4019,0.0539,0.6214,3.0619,0.1326,,,,547,6,0.528,1.269,
alice,0,28676062,4020,0.0536,0.6089,3.0338,0.1326,,,,548,10,0.485,1.209,
alice,0,28676062,4021,0.053,0.5984,2.9146,0.1326,,,,534,6,0.521,1.271,
alice,0,28676062,4022,0.0532,0.5699,3.1741,0.1326,,,,538,10,0.516,1.494,
alice,0,28676062,4023,0.0552,0.6674,3.476,0.1326,,,,536,7,0.499,1.324,
alice,0,28676062,4024,0.0481,0.6619,3.3163,0.1326,,,,540,9,0.497,1.18,
alice,0,28676062,4025,0.0523,0.7086,3.6905,0.1326,,,,526,7,0.51,1.234,
alice,0,28676062,4026,0.0526,0.644,2.9956,0.1326,,,,542,5,0.505,1.176,
alice,0,28676062,4027,0.049,0.6594,3.3689,0.1326,,,,543,6,0.486,1.094,
alice,0,28676062,4028,0.038,0.7394,3.5901,0.1326,,,,535,11,0.481,1.321,
alice,0,28676062,4029,0.0522,0.706,3.3025,0.1326,,,,543,10,0.496,1.171,
alice,0,28676062,4030,0.0537,0.6742,3.3405,0.1326,,,,547,4,0.505,1.201,
alice,0,28676062,4031,0.0712,0.6733,3.4182,0.1326,,,,540,7,0.511,1.304,
alice,0,28676062,4032,0.0689,0.672,3.3867,0.1326,,,,547,8,0.507,1.231,
alice,0,28676062,4033,0.0633,0.6938,3.382,0.1326,,,,538,5,0.499,1.286,
alice,0,28676062,4034,0.0598,0.6808,3.4036,0.1326,,,,535,13,0.481,1.206,
alice,0,28676062,4035,0.0764,0.6467,3.2325,0.1326,,,,540,8,0.492,1.205,
alice,0,28676062,4036,0.0652,0.6766,3.4189,0.1326,,,,537,3,0.478,1.182,
alice,0,28676062,4037,0.0687,0.6913,3.3911,0.1326,,,,528,14,0.494,1.213,
alice,0,28676062,4038,0.0767,0.6927,3.5299,0.1326,,,,545,7,0.499,1.364,
alice,0,28676062,4039,0.058,0.6824,3.1513,0.1326,,,,548,7,0.5,1.345,
alice,0,28676062,4040,0.0639,0.6234,2.7403,0.1326,,,,555,7,0.504,1.177,
alice,0,28676062,4041,0.0551,0.6308,3.2906,0.1326,,,,535,2,0.518,1.173,
alice,0,28676062,4042,0.0426,0.5847,3.1386,0.1326,,,,546,3,0.5,1.423,
alice,0,28676062,4043,0.0444,0.6359,3.2362,0.1326,,,,539,10,0.466,1.186,
alice,0,28676062,4044,0.044,0.5911,3.0394,0.1326,,,,544,13,0.48,1.226,
alice,0,28676062,4045,0.0452,0.6097,3.202,0.1326,,,,528,5,0.519,1.371,
alice,0,28676062,4046,0.0539,0.6156,3.25,0.1326,,,,544,4,0.515,1.228,
alice,0,28676062,4047,0.0581,0.6231,3.3744,0.1326,,,,548,4,0.506,1.16,
alice,0,28676062,4048,0.0552,0.6089,2.9029,0.1326,,,,533,6,0.509,1.336,
alice,0,28676062,4049,0.058,0.6222,3.3812,0.1326,,,,541,11,0.497,1.564,
alice,0,28676062,4050,0.0659,0.563,2.9336,0.1326,,,,548,6,0.492,1.26,
alice,0,28676062,4051,0.0623,0.5957,3.1194,0.1326,,,,533,7,0.497,1.241,
alice,0,28676062,4052,0.0724,0.6175,3.1373,0.1326,,,,546,12,0.489,1.198,
alice,0,28676062,4053,0.0658,0.57,3.1523,0.1326,,,,550,7,0.495,1.14,
alice,0,28676062,4054,0.0594,0.5937,3.1526,0.1326,,,,535,7,0.527,1.22,
alice,0,28676062,4055,0.0623,0.5242,2.8272,0.1326,,,,540,5,0.531,1.295,
alice,0,28676062,4056,0.0606,0.5298,3.1803,0.1326,,,,538,9,0.516,1.232,
alice,0,28676062,4057,0.0811,0.539,3.235,0.1326,,,,541,6,0.496,1.257,
alice,0,28676062,4058,0.0796,0.5638,3.086,0.1326,,,,537,3,0.532,1.225,
alice,0,28676062,4059,0.0777,0.5869,2.9659,0.1326,,,,529,3,0.507,1.195,
alice,0,28676062,4060,0.059,0.5456,2.7752,0.1326,,,,535,5,0.51,1.233,
alice,0,28676062,4061,0.0699,0.6185,3.1888,0.1326,,,,555,7,0.48,1.252,
alice,0,28676062,4062,0.0652,0.6682,3.5045,0.1326,,,,534,6,0.508,1.256,
alice,0,28676062,4063,0.0668,0.7099,3.5043,0.1326,,,,538,8,0.497,1.289,
alice,0,28676062,4064,0.0501,0.6415,3.3836,0.1326,,,,547,11,0.495,1.483,
alice,0,28676062,4065,0.0696,0.6417,3.4579,0.1326,,,,541,7,0.514,1.202,
alice,0,28676062,4066,0.0571,0.586,2.9864,0.1326,,,,545,6,0.494,1.236,
alice,0,28676062,4067,0.0562,0.6629,3.3053,0.1326,,,,540,8,0.496,1.332,
alice,0,28676062,4068,0.0668,0.6354,3.4354,0.1326,,,,537,12,0.5,1.277,
alice,0,28676062,4069,0.0711,0.6889,3.2222,0.1326,,,,543,15,0.485,1.337,
alice,0,28676062,4070,0.0686,0.5695,3.0141,0.1326,,,,552,8,0.487,1.287,
alice,0,28676062,4071,0.0574,0.6092,2.871,0.1326,,,,553,9,0.482,1.372,
alice,0,28676062,4072,0.0526,0.6126,2.8243,0.1326,,,,548,8,0.475,1.264,
alice,0,28676062,4073,0.063,0.6141,3.0813,0.1326,,,,545,6,0.513,1.189,
alice,0,28676062,4074,0.0477,0.6002,2.8592,0.1326,,,,540,7,0.513,1.149,
alice,0,28676062,4075,0.0611,0.6572,3.036,0.1326,,,,534,8,0.517,1.168,
alice,0,28676062,4076,0.0634,0.6911,3.2301,0.1326,,,,540,8,0.502,1.258,
alice,0,28676062,4077,0.0595,0.7335,3.3045,0.1326,,,,549,8,0.509,1.325,
alice,0,28676062,4078,0.0515,0.6584,3.2121,0.1326,,,,545,14,0.485,1.087,
alice,0,28676062,4079,0.055,0.6705,3.2667,0.1326,,,,542,8,0.495,1.361,
alice,0,28676062,4080,0.0619,0.6219,2.9909,0.1326,,,,543,3,0.536,1.215,
alice,0,28676062,4081,0.0597,0.6036,3.1364,0.1326,,,,545,6,0.5,1.339,
alice,0,28676062,4082,0.049,0.6282,3.139,0.1326,,,,542,13,0.494,1.232,
alice,0,28676062,4083,0.051,0.6251,3.2361,0.1326,,,,542,6,0.493,1.276,
alice,0,28676062,4084,0.0528,0.6764,3.3591,0.1326,,,,526,8,0.494,1.403,
alice,0,28676062,4085,0.0605,0.6748,3.1838,0.1326,,,,543,9,0.491,1.242,
alice,0,28676062,4086,0.0593,0.5924,2.9449,0.1326,,,,548,11,0.492,1.207,
alice,0,28676062,4087,0.0444,0.6735,3.133,0.1326,,,,539,7,0.493,1.221,
alice,0,28676062,4088,0.0407,0.6427,3.1212,0.1326,,,,546,11,0.495,1.433,
alice,0,28676062,4089,0.045,0.6412,3.338,0.1326,,,,546,7,0.496,1.357,
alice,0,28676062,4090,0.0345,0.668,3.3923,0.1326,,,,531,11,0.499,1.427,
alice,0,28676062,4091,0.0393,0.7103,3.555,0.1326,,,,529,16,0.504,1.176,
alice,0,28676062,4092,0.0374,0.7481,3.6937,0.1326,,,,533,13,0.494,1.298,
alice,0,28676062,4093,0.0448,0.6832,3.4087,0.1326,,,,554,13,0.485,1.301,
alice,0,28676062,4094,0.0304,0.6825,3.3521,0.1326,,,,533,8,0.495,1.24,
alice,0,28676062,4095,0.0471,0.6794,3.235,0.1326,,,,537,6,0.503,1.245,
alice,0,28676062,4096,0.0548,0.6526,3.4476,0.1326,,,,535,13,0.495,1.253,
alice,0,28676062,4097,0.0558,0.6123,3.4724,0.1326,,,,539,15,0.477,1.336,
alice,0,28676062,4098,0.0648,0.5933,2.9819,0.1326,,,,553,4,0.481,1.18,
alice,0,28676062,4099,0.0602,0.6454,3.2714,0.1326,,,,540,11,0.482,1.325,
alice,0,28676062,4100,0.061,0.6044,3.3786,0.1326,,,,539,14,0.487,1.472,
alice,0,28676062,4101,0.0799,0.6596,3.5502,0.1326,,,,543,7,0.51,1.259,
alice,0,28676062,4102,0.0666,0.633,3.0591,0.1326,,,,542,4,0.498,1.492,
alice,0,28676062,4103,0.0647,0.6281,3.1296,0.1326,,,,541,8,0.497,1.273,
alice,0,28676062,4104,0.069,0.6824,3.6604,0.1326,,,,540,7,0.502,1.066,
alice,0,28676062,4105,0.0552,0.6703,3.2127,0.1326,,,,535,8,0.506,1.218,
alice,0,28676062,4106,0.0632,0.7259,3.6071,0.1326,,,,537,5,0.499,1.432,
alice,0,28676062,4107,0.0737,0.6215,3.2456,0.1326,,,,560,8,0.496,1.288,
alice,0,28676062,4108,0.0504,0.7397,3.464,0.1326,,,,531,13,0.472,1.166,
alice,0,28676062,4109,0.0683,0.6794,3.5348,0.1326,,,,533,10,0.499,1.164,
alice,0,28676062,4110,0.0794,0.649,3.4202,0.1326,,,,542,6,0.504,1.282,
alice,0,28676062,4111,0.0708,0.6954,3.2893,0.1326,,,,544,4,0.5,1.274,
alice,0,28676062,4112,0.0666,0.6717,3.309,0.1326,,,,542,9,0.487,1.251,
alice,0,28676062,4113,0.064,0.6933,3.1581,0.1326,,,,546,9,0.485,1.179,
alice,0,28676062,4114,0.0703,0.6952,3.3863,0.1326,,,,545,6,0.5,1.225,
alice,0,28676062,4115,0.0721,0.6596,3.3884,0.1326,,,,540,10,0.502,1.18,
alice,0,28676062,4116,0.0735,0.6389,3.1834,0.1326,,,,543,9,0.492,1.221,
alice,0,28676062,4117,0.0806,0.5866,2.9476,0.1326,,,,537,7,0.508,1.186,
alice,0,28676062,4118,0.0737,0.5883,3.0092,0.1326,,,,548,9,0.506,1.381,
alice,0,28676062,4119,0.0625,0.5938,2.8692,0.1326,,,,538,7,0.516,1.237,
alice,0,28676062,4120,0.0645,0.6322,3.2322,0.1326,,,,546,5,0.498,1.306,
alice,0,28676062,4121,0.0578,0.6247,3.0045,0.1326,,,,534,5,0.511,1.24,
alice,0,28676062,4122,0.0803,0.6843,3.4498,0.1326,,,,544,9,0.509,1.124,
alice,0,28676062,4123,0.0712,0.6483,3.2054,0.1326,,,,547,10,0.509,1.521,
alice,0,28676062,4124,0.0673,0.6372,3.2464,0.1326,,,,543,5,0.486,1.211,
alice,0,28676062,4125,0.063,0.6424,3.3024,0.1326,,,,549,18,0.497,1.427,
alice,0,28676062,4126,0.061,0.633,3.6111,0.1326,,,,545,8,0.487,1.187,
alice,0,28676062,4127,0.0686,0.6211,3.201,0.1326,,,,539,8,0.49,1.188,
alice,0,28676062,4128,0.0548,0.5607,3.1165,0.1326,,,,550,7,0.491,1.26,
alice,0,28676062,4129,0.0494,0.5637,2.8995,0.1326,,,,545,5,0.512,1.263,
alice,0,28676062,4130,0.0555,0.5336,3.1277,0.1326,,,,543,8,0.512,1.162,
alice,0,28676062,4131,0.0534,0.5565,2.904,0.1326,,,,535,2,0.523,1.272,
alice,0,28676062,4132,0.0602,0.5787,2.9163,0.1326,,,,540,8,0.514,1.329,
alice,0,28676062,4133,0.0665,0.5644,2.7925,0.1326,,,,544,9,0.501,1.3,
alice,0,28676062,4134,0.0663,0.6019,3.2365,0.1326,,,,543,5,0.508,1.348,
alice,0,28676062,4135,0.0622,0.5707,2.9754,0.1326,,,,536,4,0.499,1.278,
alice,0,28676062,4136,0.0722,0.606,3.1422,0.1326,,,,531,5,0.508,1.229,
alice,0,28676062,4137,0.0716,0.5657,3.2683,0.1326,,,,553,6,0.5,1.183,
alice,0,28676062,4138,0.0563,0.6116,3.4315,0.1326,,,,540,11,0.488,1.387,
alice,0,28676062,4139,0.07,0.5957,3.1683,0.1326,,,,540,5,0.482,1.58,
alice,0,28676062,4140,0.0725,0.608,3.4416,0.1326,,,,534,10,0.497,1.155,
alice,0,28676062,4141,0.0625,0.5868,3.1193,0.1326,,,,539,5,0.498,1.133,
alice,0,28676062,4142,0.0576,0.6648,3.3156,0.1326,,,,543,6,0.493,1.167,
alice,0,28676062,4143,0.0549,0.6413,3.2287,0.1326,,,,551,16,0.501,1.226,
alice,0,28676062,4144,0.0612,0.6474,3.2581,0.1326,,,,543,8,0.489,1.28,
alice,0,28676062,4145,0.0598,0.5639,3.0512,0.1326,,,,553,8,0.488,1.261,
alice,0,28676062,4146,0.0636,0.6219,3.2047,0.1326,,,,540,4,0.514,1.252,
alice,0,28676062,4147,0.0663,0.6901,3.2133,0.1326,,,,538,8,0.508,1.418,
alice,0,28676062,4148,0.0561,0.6652,3.2863,0.1326,,,,550,14,0.499,1.213,
alice,0,28676062,4149,0.0433,0.608,3.0,0.1326,,,,544,14,0.509,1.312,
alice,0,28676062,4150,0.0444,0.6059,2.9209,0.1326,,,,538,9,0.508,1.204,
alice,0,28676062,4151,0.0613,0.6278,3.2301,0.1326,,,,543,3,0.512,1.275,
alice,0,28676062,4152,0.0667,0.6587,3.3856,0.1326,,,,544,5,0.5,1.207,
alice,0,28676062,4153,0.0746,0.6083,2.9833,0.1326,,,,547,8,0.501,1.19,
alice,0,28676062,4154,0.0742,0.6139,3.4802,0.1326,,,,557,3,0.497,1.154,
alice,0,28676062,4155,0.0593,0.6261,3.271,0.1326,,,,553,10,0.496,1.4,
alice,0,28676062,4156,0.0469,0.6128,2.9045,0.1326,,,,554,11,0.497,1.298,
alice,0,28676062,4157,0.049,0.6334,3.0137,0.1326,,,,546,8,0.503,1.185,
alice,0,28676062,4158,0.0515,0.6771,3.2237,0.1326,,,,557,3,0.499,1.152,
alice,0,28676062,4159,0.0448,0.6272,2.9626,0.1326,,,,535,10,0.502,1.283,
alice,0,28676062,4160,0.0553,0.6333,3.1935,0.1326,,,,532,7,0.494,1.258,
alice,0,28676062,4161,0.0621,0.6146,3.0212,0.1326,,,,561,7,0.484,1.287,
alice,0,28676062,4162,0.0545,0.6839,3.1956,0.1326,,,,539,7,0.499,1.08,
alice,0,28676062,4163,0.0463,0.6777,3.0733,0.1326,,,,544,6,0.502,1.198,
alice,0,28676062,4164,0.0664,0.6437,3.1535,0.1326,,,,546,12,0.515,1.174,
alice,0,28676062,4165,0.0594,0.5826,3.0284,0.1326,,,,545,6,0.516,1.353,
alice,0,28676062,4166,0.0714,0.6528,3.1086,0.1326,,,,541,7,0.502,1.216,
alice,0,28676062,4167,0.0749,0.6059,3.0405,0.1326,,,,554,6,0.499,1.312,
alice,0,28676062,4168,0.0597,0.6276,3.2049,0.1326,,,,544,6,0.519,1.347,
alice,0,28676062,4169,0.0621,0.6016,3.1457,0.1326,,,,540,11,0.494,1.349,
alice,0,28676062,4170,0.055,0.5606,2.6577,0.1326,,,,555,15,0.482,1.233,
alice,0,28676062,4171,0.0505,0.6506,3.425,0.1326,,,,534,3,0.493,1.25,
alice,0,28676062,4172,0.067,0.6005,3.3503,0.1326,,,,539,6,0.502,1.113,
alice,0,28676062,4173,0.0729,0.6033,3.3655,0.1326,,,,538,2,0.495,1.266,
alice,0,28676062,4174,0.0881,0.6268,3.2573,0.1326,,,,542,6,0.476,1.253,
alice,0,28676062,4175,0.0702,0.5799,2.922,0.1326,,,,533,6,0.506,1.354,
alice,0,28676062,4176,0.0779,0.5641,2.5479,0.1326,,,,542,6,0.507,1.24,
alice,0,28676062,4177,0.0757,0.6091,3.1174,0.1326,,,,548,9,0.506,1.347,
alice,0,28676062,4178,0.0792,0.6126,3.1674,0.1326,,,,551,5,0.501,1.181,
alice,0,28676062,4179,0.0727,0.6529,3.0779,0.1326,,,,547,6,0.487,1.191,
alice,0,28676062,4180,0.0731,0.643,2.9872,0.1326,,,,546,11,0.492,1.325,
alice,0,28676062,4181,0.0832,0.6454,3.3744,0.1326,,,,542,6,0.479,1.245,
alice,0,28676062,4182,0.084,0.6269,3.5196,0.1326,,,,535,7,0.52,1.318,
alice,0,28676062,4183,0.1006,0.5992,3.1905,0.1326,,,,536,3,0.528,1.313,
alice,0,28676062,4184,0.0776,0.6385,3.1429,0.1326,,,,544,8,0.5,1.279,
alice,0,28676062,4185,0.0813,0.6231,3.0304,0.1326,,,,539,7,0.501,1.282,
alice,0,28676062,4186,0.0832,0.6408,3.3333,0.1326,,,,544,10,0.502,1.263,
alice,0,28676062,4187,0.0859,0.6607,3.3661,0.1326,,,,539,4,0.513,1.262,
alice,0,28676062,4188,0.0797,0.6084,3.0255,0.1326,,,,554,9,0.479,1.34,
alice,0,28676062,4189,0.0782,0.6865,3.5221,0.1326,,,,542,7,0.508,1.154,
alice,0,28676062,4190,0.082,0.6014,3.1667,0.1326,,,,547,9,0.503,1.253,
alice,0,28676062,4191,0.073,0.6281,3.0448,0.1326,,,,539,6,0.505,1.358,
alice,0,28676062,4192,0.0595,0.5868,3.0311,0.1326,,,,546,4,0.49,1.156,
alice,0,28676062,4193,0.059,0.6121,3.1743,0.1326,,,,547,6,0.497,1.159,
alice,0,28676062,4194,0.0477,0.6403,3.0783,0.1326,,,,537,13,0.487,1.234,
alice,0,28676062,4195,0.0809,0.6477,3.2398,0.1326,,,,548,10,0.523,1.187,
alice,0,28676062,4196,0.0878,0.6305,3.1091,0.1326,,,,542,9,0.508,1.249,
alice,0,28676062,4197,0.0853,0.5767,2.9037,0.1326,,,,547,9,0.493,1.24,
alice,0,28676062,4198,0.0773,0.6453,3.0,0.1326,,,,549,5,0.495,1.368,
alice,0,28676062,4199,0.0755,0.6525,3.412,0.1326,,,,541,4,0.5,1.254,
alice,0,28676062,4200,0.059,0.6694,3.4566,0.1326,,,,545,11,0.484,1.154,
alice,0,28676062,4201,0.0486,0.6614,3.5849,0.1326,,,,537,3,0.511,1.319,
alice,0,28676062,4202,0.039,0.6878,3.0214,0.1326,,,,538,6,0.504,1.279,
alice,0,28676062,4203,0.0416,0.6669,2.8761,0.1326,,,,552,11,0.495,1.172,
alice,0,28676062,4204,0.0439,0.637,3.0787,0.1326,,,,535,8,0.499,1.506,
alice,0,28676062,4205,0.0539,0.6121,3.1892,0.1326,,,,551,13,0.478,1.302,
alice,0,28676062,4206,0.0488,0.6596,3.344,0.1326,,,,545,10,0.503,1.347,
alice,0,28676062,4207,0.0572,0.6723,2.9008,0.1326,,,,536,4,0.494,1.316,
alice,0,28676062,4208,0.0677,0.6529,3.1097,0.1326,,,,544,4,0.493,1.301,
alice,0,28676062,4209,0.0651,0.6657,3.2565,0.1326,,,,541,10,0.508,1.195,
alice,0,28676062,4210,0.0673,0.6003,2.9692,0.1326,,,,554,8,0.494,1.185,
alice,0,28676062,4211,0.0558,0.6623,3.2182,0.1326,,,,537,13,0.479,1.106,
alice,0,28676062,4212,0.053,0.6297,3.0,0.1326,,,,552,6,0.503,1.148,
alice,0,28676062,4213,0.0549,0.6552,3.1705,0.1326,,,,535,6,0.526,1.247,
alice,0,28676062,4214,0.0647,0.6358,2.8361,0.1326,,,,548,7,0.518,1.281,
alice,0,28676062,4215,0.0665,0.6552,3.2646,0.1326,,,,540,13,0.494,1.342,
alice,0,28676062,4216,0.0601,0.6042,3.1324,0.1326,,,,549,7,0.495,1.321,
alice,0,28676062,4217,0.0627,0.6367,3.2598,0.1326,,,,535,10,0.49,1.31,
alice,0,28676062,4218,0.0708,0.6398,3.3544,0.1326,,,,537,7,0.513,1.103,
alice,0,28676062,4219,0.0414,0.6058,3.0654,0.1326,,,,533,15,0.474,1.103,
alice,0,28676062,4220,0.0538,0.6232,3.1382,0.1326,,,,543,6,0.51,1.286,
alice,0,28676062,4221,0.0491,0.6454,3.2248,0.1326,,,,537,10,0.478,1.271,
alice,0,28676062,4222,0.0779,0.6614,3.4044,0.1326,,,,540,2,0.505,1.645,
alice,0,28676062,4223,0.0699,0.6111,3.3105,0.1326,,,,549,12,0.498,1.18,
alice,0,28676062,4224,0.0588,0.6523,3.0172,0.1326,,,,544,6,0.496,1.256,
alice,0,28676062,4225,0.0621,0.6019,3.3364,0.1326,,,,545,22,0.472,1.128,
alice,0,28676062,4226,0.0585,0.6355,3.0991,0.1326,,,,540,5,0.495,1.345,
alice,0,28676062,4227,0.0681,0.5846,2.9873,0.1326,,,,555,7,0.519,1.388,
alice,0,28676062,4228,0.0609,0.6174,2.9406,0.1326,,,,539,10,0.499,1.239,
alice,0,28676062,4229,0.0721,0.6804,3.4978,0.1326,,,,539,6,0.486,1.212,
alice,0,28676062,4230,0.0736,0.6519,3.4566,0.1326,,,,552,9,0.489,1.245,
alice,0,28676062,4231,0.0784,0.7229,3.5068,0.1326,,,,548,5,0.491,1.109,
alice,0,28676062,4232,0.0578,0.566,2.8169,0.1326,,,,531,10,0.488,1.159,
alice,0,28676062,4233,0.0665,0.6295,2.7904,0.1326,,,,548,9,0.507,1.281,
alice,0,28676062,4234,0.0601,0.6227,2.9528,0.1326,,,,545,7,0.511,1.141,
alice,0,28676062,4235,0.0624,0.5673,2.9604,0.1326,,,,534,7,0.517,1.307,
alice,0,28676062,4236,0.0667,0.6359,3.1963,0.1326,,,,541,8,0.505,1.294,
alice,0,28676062,4237,0.0637,0.561,3.058,0.1326,,,,544,7,0.5,1.183,
alice,0,28676062,4238,0.0586,0.5848,3.085,0.1326,,,,537,3,0.507,1.255,
alice,0,28676062,4239,0.0585,0.6154,3.0505,0.1326,,,,543,9,0.493,1.224,
alice,0,28676062,4240,0.0705,0.6167,3.4378,0.1326,,,,538,7,0.515,1.27,
alice,0,28676062,4241,0.0623,0.5797,3.2512,0.1326,,,,544,6,0.516,1.289,
alice,0,28676062,4242,0.0677,0.6595,3.2356,0.1326,,,,544,13,0.499,1.231,
alice,0,28676062,4243,0.069,0.6385,3.1905,0.1326,,,,544,8,0.486,1.18,
alice,0,28676062,4244,0.0642,0.6172,3.0857,0.1326,,,,538,14,0.464,1.243,
alice,0,28676062,4245,0.0664,0.6116,3.1942,0.1326,,,,546,8,0.5,1.183,
alice,0,28676062,4246,0.0561,0.6538,3.4322,0.1326,,,,524,15,0.487,1.231,
alice,0,28676062,4247,0.0644,0.6179,3.1174,0.1326,,,,544,9,0.479,1.327,
alice,0,28676062,4248,0.058,0.6263,3.345,0.1326,,,,549,11,0.482,1.235,
alice,0,28676062,4249,0.0573,0.5931,3.1658,0.1326,,,,539,12,0.498,1.22,
alice,0,28676062,4250,0.0582,0.5884,2.9863,0.1326,,,,539,7,0.51,1.348,
alice,0,28676062,4251,0.0653,0.6155,2.9398,0.1326,,,,540,9,0.518,1.369,
alice,0,28676062,4252,0.0556,0.5985,3.243,0.1326,,,,547,10,0.505,1.425,
alice,0,28676062,4253,0.0579,0.6233,3.115,0.1326,,,,545,7,0.5,1.136,
alice,0,28676062,4254,0.0562,0.6413,3.0222,0.1326,,,,541,9,0.49,1.211,
alice,0,28676062,4255,0.0484,0.6293,3.3224,0.1326,,,,538,9,0.481,1.301,
alice,0,28676062,4256,0.0558,0.6888,3.5911,0.1326,,,,544,5,0.492,1.197,
alice,0,28676062,4257,0.0638,0.7067,3.5234,0.1326,,,,530,6,0.475,1.275,
alice,0,28676062,4258,0.0499,0.6878,3.3251,0.1326,,,,544,11,0.48,1.243,
alice,0,28676062,4259,0.0471,0.6475,3.083,0.1326,,,,542,15,0.466,1.152,
alice,0,28676062,4260,0.0547,0.7022,3.4224,0.1326,,,,548,15,0.485,1.33,
alice,0,28676062,4261,0.0514,0.674,3.083,0.1326,,,,537,7,0.481,1.271,
alice,0,28676062,4262,0.0597,0.7208,3.4549,0.1326,,,,550,8,0.496,1.369,
alice,0,28676062,4263,0.0593,0.6741,3.1387,0.1326,,,,547,12,0.485,1.147,
alice,0,28676062,4264,0.0707,0.6655,3.3881,0.1326,,,,558,8,0.505,1.268,
alice,0,28676062,4265,0.068,0.6202,3.21,0.1326,,,,539,10,0.482,1.441,
alice,0,28676062,4266,0.065,0.6403,3.1878,0.1326,,,,538,10,0.506,1.23,
alice,0,28676062,4267,0.0816,0.6505,3.4123,0.1326,,,,536,8,0.5,1.12,
alice,0,28676062,4268,0.0705,0.5916,2.8402,0.1326,,,,536,16,0.477,1.223,
alice,0,28676062,4269,0.0789,0.6438,3.5762,0.1326,,,,537,13,0.495,1.155,
alice,0,28676062,4270,0.0763,0.6311,3.1441,0.1326,,,,549,6,0.482,1.296,
alice,0,28676062,4271,0.0776,0.6108,3.2409,0.1326,,,,547,6,0.472,1.239,
alice,0,28676062,4272,0.0748,0.6191,3.1698,0.1326,,,,545,13,0.475,1.526,
alice,0,28676062,4273,0.0658,0.6157,3.1033,0.1326,,,,543,9,0.479,1.146,
alice,0,28676062,4274,0.0604,0.5984,3.0,0.1326,,,,546,13,0.492,1.323,
alice,0,28676062,4275,0.0762,0.6433,3.1408,0.1326,,,,538,5,0.489,1.257,
alice,0,28676062,4276,0.0714,0.6571,3.3917,0.1326,,,,537,6,0.498,1.277,
alice,0,28676062,4277,0.0804,0.6621,3.2434,0.1326,,,,543,3,0.488,1.209,
alice,0,28676062,4278,0.0792,0.6628,3.1532,0.1326,,,,543,5,0.519,1.254,
alice,0,28676062,4279,0.0802,0.57,3.1221,0.1326,,,,556,9,0.494,1.309,
alice,0,28676062,4280,0.0622,0.5707,3.268,0.1326,,,,539,7,0.521,1.184,
alice,0,28676062,4281,0.0584,0.6138,3.1524,0.1326,,,,543,4,0.503,1.438,
alice,0,28676062,4282,0.0625,0.6633,3.2222,0.1326,,,,542,9,0.491,1.281,
alice,0,28676062,4283,0.0525,0.6767,3.0991,0.1326,,,,538,9,0.479,1.195,
alice,0,28676062,4284,0.0749,0.6513,3.2778,0.1326,,,,537,15,0.489,1.167,
alice,0,28676062,4285,0.0799,0.6583,3.2534,0.1326,,,,536,1,0.51,1.355,
alice,0,28676062,4286,0.0821,0.5919,2.973,0.1326,,,,549,7,0.489,1.219,
alice,0,28676062,4287,0.0684,0.6501,3.5802,0.1326,,,,542,10,0.505,1.2,
alice,0,28676062,4288,0.0615,0.5717,2.8035,0.1326,,,,557,3,0.503,1.21,
alice,0,28676062,4289,0.0517,0.6781,3.4955,0.1326,,,,544,3,0.514,1.24,
alice,0,28676062,4290,0.0528,0.6516,3.3184,0.1326,,,,538,11,0.517,1.335,
alice,0,28676062,4291,0.049,0.7197,3.249,0.1326,,,,538,5,0.505,1.196,
alice,0,28676062,4292,0.0415,0.7367,3.524,0.1326,,,,544,5,0.51,1.291,
alice,0,28676062,4293,0.0442,0.6755,3.1063,0.1326,,,,551,24,0.463,1.413,
alice,0,28676062,4294,0.0561,0.6805,3.3376,0.1326,,,,544,21,0.488,1.251,
alice,0,28676062,4295,0.0692,0.5901,2.9956,0.1326,,,,553,10,0.481,1.17,
alice,0,28676062,4296,0.0602,0.5523,2.8848,0.1326,,,,551,4,0.49,1.392,
alice,0,28676062,4297,0.0557,0.5616,2.966,0.1326,,,,538,7,0.497,1.197,
alice,0,28676062,4298,0.0698,0.6348,3.139,0.1326,,,,540,7,0.5,1.334,
alice,0,28676062,4299,0.0696,0.6836,3.3929,0.1326,,,,527,9,0.497,1.277,
alice,0,28676062,4300,0.0723,0.6453,3.2198,0.1326,,,,546,9,0.505,1.177,
alice,0,28676062,4301,0.081,0.5958,3.0664,0.1326,,,,551,6,0.519,1.175,
alice,0,28676062,4302,0.0694,0.6205,3.2322,0.1326,,,,551,14,0.481,1.127,
alice,0,28676062,4303,0.0565,0.6802,3.4065,0.1326,,,,538,10,0.482,1.378,
alice,0,28676062,4304,0.0602,0.6058,3.1182,0.1326,,,,539,5,0.508,1.197,
alice,0,28676062,4305,0.0749,0.6256,3.0,0.1326,,,,538,11,0.489,1.178,
alice,0,28676062,4306,0.0772,0.6659,3.4035,0.1326,,,,537,11,0.49,1.226,
alice,0,28676062,4307,0.0769,0.7219,3.5242,0.1326,,,,530,10,0.497,1.196,
alice,0,28676062,4308,0.0764,0.6674,3.113,0.1326,,,,540,11,0.493,1.188,
alice,0,28676062,4309,0.0834,0.671,3.3766,0.1326,,,,540,14,0.488,1.336,
alice,0,28676062,4310,0.0857,0.6951,3.3625,0.1326,,,,539,14,0.465,1.142,
alice,0,28676062,4311,0.067,0.6516,3.1597,0.1326,,,,549,18,0.465,1.282,
alice,0,28676062,4312,0.0652,0.6432,3.2338,0.1326,,,,558,14,0.486,1.246,
alice,0,28676062,4313,0.0643,0.6183,2.9493,0.1326,,,,541,5,0.501,1.54,
alice,0,28676062,4314,0.0753,0.6443,3.032,0.1326,,,,544,10,0.502,1.283,
alice,0,28676062,4315,0.0746,0.6173,3.2982,0.1326,,,,546,13,0.477,1.165,
alice,0,28676062,4316,0.0569,0.6249,3.2464,0.1326,,,,540,16,0.491,1.237,
alice,0,28676062,4317,0.0618,0.6041,3.1227,0.1326,,,,544,5,0.509,1.287,
alice,0,28676062,4318,0.0592,0.6802,3.6542,0.1326,,,,532,7,0.507,1.12,
alice,0,28676062,4319,0.0673,0.6531,3.069,0.1326,,,,543,6,0.506,1.326,
alice,0,28676062,4320,0.0558,0.6615,3.2922,0.1326,,,,548,8,0.5,1.235,
alice,0,28676062,4321,0.0583,0.6218,3.213,0.1326,,,,543,11,0.477,1.288,
alice,0,28676062,4322,0.0601,0.6192,2.9641,0.1326,,,,544,17,0.476,1.425,
alice,0,28676062,4323,0.0557,0.6466,3.1256,0.1326,,,,539,14,0.486,1.239,
alice,0,28676062,4324,0.0565,0.6301,3.1586,0.1326,,,,543,4,0.499,1.277,
alice,0,28676062,4325,0.0616,0.66,3.3799,0.1326,,,,536,5,0.507,1.239,
alice,0,28676062,4326,0.0564,0.6933,3.2362,0.1326,,,,542,14,0.497,1.31,
alice,0,28676062,4327,0.0668,0.667,3.2917,0.1326,,,,545,8,0.498,1.356,
alice,0,28676062,4328,0.0548,0.6836,3.1538,0.1326,,,,547,8,0.492,1.271,
alice,0,28676062,4329,0.0694,0.6309,3.2395,0.1326,,,,557,8,0.481,1.314,
alice,0,28676062,4330,0.0562,0.5892,2.7944,0.1326,,,,541,8,0.494,1.279,
alice,0,28676062,4331,0.0682,0.6562,3.0669,0.1326,,,,547,10,0.488,1.4,
alice,0,28676062,4332,0.0719,0.6532,3.166,0.1326,,,,558,7,0.488,1.382,
alice,0,28676062,4333,0.0621,0.645,3.1681,0.1326,,,,535,11,0.504,1.322,
alice,0,28676062,4334,0.0714,0.6978,3.3871,0.1326,,,,542,9,0.511,1.29,
alice,0,28676062,4335,0.0579,0.6685,3.2809,0.1326,,,,536,13,0.487,1.454,
alice,0,28676062,4336,0.0613,0.655,3.2827,0.1326,,,,560,15,0.477,1.27,
alice,0,28676062,4337,0.0655,0.6677,3.3825,0.1326,,,,528,16,0.483,1.243,
alice,0,28676062,4338,0.0689,0.6623,2.875,0.1326,,,,540,5,0.502,1.25,
alice,0,28676062,4339,0.0728,0.6149,3.026,0.1326,,,,547,5,0.529,1.252,
alice,0,28676062,4340,0.0612,0.6132,3.0833,0.1326,,,,544,6,0.52,1.166,
alice,0,28676062,4341,0.0672,0.6136,3.2511,0.1326,,,,542,7,0.51,1.323,
alice,0,28676062,4342,0.0636,0.5989,2.8814,0.1326,,,,549,9,0.509,1.276,
alice,0,28676062,4343,0.073,0.6293,3.1822,0.1326,,,,546,11,0.492,1.258,
alice,0,28676062,4344,0.0595,0.6104,2.7478,0.1326,,,,544,13,0.489,1.267,
alice,0,28676062,4345,0.0638,0.6259,3.296,0.1326,,,,542,6,0.491,1.293,
alice,0,28676062,4346,0.0631,0.6334,3.2379,0.1326,,,,542,7,0.51,1.274,
alice,0,28676062,4347,0.0479,0.616,3.2569,0.1326,,,,545,9,0.494,1.381,
alice,0,28676062,4348,0.0549,0.6528,3.2511,0.1326,,,,544,5,0.485,1.133,
alice,0,28676062,4349,0.0496,0.6124,3.1096,0.1326,,,,552,6,0.488,1.221,
alice,0,28676062,4350,0.0476,0.6281,3.1111,0.1326,,,,539,3,0.495,1.157,
alice,0,28676062,4351,0.0574,0.6399,3.0478,0.1326,,,,545,14,0.496,1.187,
alice,0,28676062,4352,0.0716,0.6042,3.0682,0.1326,,,,545,12,0.482,1.188,
alice,0,28676062,4353,0.0627,0.5951,2.9145,0.1326,,,,550,6,0.502,1.246,
alice,0,28676062,4354,0.0723,0.6206,3.1921,0.1326,,,,551,10,0.491,1.401,
alice,0,28676062,4355,0.0789,0.6039,3.25,0.1326,,,,547,8,0.494,1.247,
alice,0,28676062,4356,0.0834,0.6267,2.9693,0.1326,,,,555,7,0.494,1.293,
alice,0,28676062,4357,0.0682,0.6156,3.5025,0.1326,,,,547,7,0.51,1.309,
alice,0,28676062,4358,0.072,0.6078,3.2598,0.1326,,,,553,9,0.484,1.291,
alice,0,28676062,4359,0.0621,0.548,3.065,0.1326,,,,549,8,0.488,1.254,
alice,0,28676062,4360,0.0536,0.5813,3.0094,0.1326,,,,547,6,0.499,1.417,
alice,0,28676062,4361,0.0567,0.6791,3.3836,0.1326,,,,532,9,0.497,1.23,
alice,0,28676062,4362,0.0599,0.7072,3.3624,0.1326,,,,535,10,0.484,1.428,
alice,0,28676062,4363,0.0506,0.663,3.1872,0.1326,,,,548,11,0.494,1.292,
alice,0,28676062,4364,0.0453,0.7202,3.4145,0.1326,,,,538,10,0.472,1.067,
alice,0,28676062,4365,0.0686,0.6798,3.1772,0.1326,,,,549,17,0.484,1.216,
alice,0,28676062,4366,0.0516,0.6416,2.8162,0.1326,,,,534,17,0.464,1.192,
alice,0,28676062,4367,0.0557,0.6657,3.0494,0.1326,,,,538,7,0.502,1.389,
alice,0,28676062,4368,0.0756,0.6201,3.0987,0.1326,,,,541,12,0.497,1.408,
alice,0,28676062,4369,0.0799,0.6151,3.1244,0.1326,,,,546,7,0.491,1.188,
alice,0,28676062,4370,0.0641,0.6137,3.1223,0.1326,,,,558,8,0.483,1.216,
alice,0,28676062,4371,0.04,0.6342,3.1106,0.1326,,,,540,15,0.493,1.28,
alice,0,28676062,4372,0.0607,0.6077,2.9188,0.1326,,,,545,12,0.49,1.222,
alice,0,28676062,4373,0.0706,0.6538,3.3391,0.1326,,,,546,7,0.499,1.29,
alice,0,28676062,4374,0.065,0.6427,3.0451,0.1326,,,,550,4,0.507,1.308,
alice,0,28676062,4375,0.0594,0.5829,2.9425,0.1326,,,,553,18,0.486,1.195,
alice,0,28676062,4376,0.068,0.6034,3.3791,0.1326,,,,538,17,0.495,1.215,
alice,0,28676062,4377,0.08,0.6164,3.3721,0.1326,,,,545,8,0.512,1.227,
alice,0,28676062,4378,0.0701,0.6082,3.1267,0.1326,,,,544,16,0.486,1.353,
alice,0,28676062,4379,0.06,0.5607,2.8222,0.1326,,,,552,4,0.5,1.231,
alice,0,28676062,4380,0.0545,0.6369,3.419,0.1326,,,,548,7,0.504,1.496,
alice,0,28676062,4381,0.0746,0.6154,2.9955,0.1326,,,,540,5,0.499,1.215,
alice,0,28676062,4382,0.0712,0.6004,3.1855,0.1326,,,,550,7,0.476,1.295,
alice,0,28676062,4383,0.0542,0.5601,2.9035,0.1326,,,,552,7,0.496,1.296,
alice,0,28676062,4384,0.0613,0.5883,3.271,0.1326,,,,549,6,0.513,1.217,
alice,0,28676062,4385,0.0562,0.6429,3.1233,0.1326,,,,548,5,0.511,1.187,
alice,0,28676062,4386,0.0653,0.6318,3.3786,0.1326,,,,536,14,0.498,1.21,
alice,0,28676062,4387,0.0615,0.6438,3.3004,0.1326,,,,537,16,0.478,1.161,
alice,0,28676062,4388,0.0776,0.6317,3.3133,0.1326,,,,547,16,0.487,1.233,
alice,0,28676062,4389,0.0667,0.5899,2.9336,0.1326,,,,559,16,0.474,1.241,
alice,0,28676062,4390,0.0548,0.6054,2.9738,0.1326,,,,551,14,0.481,1.208,
alice,0,28676062,4391,0.0585,0.6445,3.3502,0.1326,,,,548,18,0.48,1.306,
alice,0,28676062,4392,0.0843,0.6079,2.8578,0.1326,,,,545,5,0.501,1.279,
alice,0,28676062,4393,0.0822,0.5984,3.3456,0.1326,,,,544,4,0.519,1.332,
alice,0,28676062,4394,0.0755,0.6044,3.2698,0.1326,,,,540,5,0.518,1.324,
alice,0,28676062,4395,0.0706,0.5953,3.0814,0.1326,,,,538,8,0.492,1.248,
alice,0,28676062,4396,0.0542,0.596,2.871,0.1326,,,,552,6,0.516,1.285,
alice,0,28676062,4397,0.0502,0.5947,2.69,0.1326,,,,549,6,0.493,1.219,
alice,0,28676062,4398,0.0522,0.6156,3.0312,0.1326,,,,538,7,0.502,1.249,
alice,0,28676062,4399,0.0513,0.6244,3.3088,0.1326,,,,553,11,0.504,1.572,
alice,0,28676062,4400,0.0486,0.6938,3.5648,0.1326,,,,531,6,0.516,1.376,
alice,0,28676062,4401,0.0698,0.6603,3.543,0.1326,,,,548,12,0.497,1.333,
alice,0,28676062,4402,0.0453,0.6153,3.1972,0.1326,,,,544,11,0.485,1.186,
alice,0,28676062,4403,0.069,0.6498,3.2639,0.1326,,,,545,13,0.487,1.115,
alice,0,28676062,4404,0.0512,0.5742,2.9091,0.1326,,,,552,10,0.474,1.155,
alice,0,28676062,4405,0.0723,0.6649,3.3687,0.1326,,,,533,13,0.485,1.22,
alice,0,28676062,4406,0.0695,0.6666,3.2098,0.1326,,,,546,14,0.481,1.214,
alice,0,28676062,4407,0.0595,0.659,3.1462,0.1326,,,,541,27,0.462,1.143,
alice,0,28676062,4408,0.0751,0.6641,3.2064,0.1326,,,,533,15,0.486,1.116,
alice,0,28676062,4409,0.0957,0.6108,3.0524,0.1326,,,,550,6,0.487,1.295,
alice,0,28676062,4410,0.0828,0.6311,3.2422,0.1326,,,,546,8,0.494,1.259,
alice,0,28676062,4411,0.0775,0.5664,2.8423,0.1326,,,,537,8,0.488,1.357,
alice,0,28676062,4412,0.0784,0.5977,3.1179,0.1326,,,,548,17,0.479,1.248,
alice,0,28676062,4413,0.072,0.6076,3.1033,0.1326,,,,540,6,0.496,1.327,
alice,0,28676062,4414,0.0602,0.6375,3.371,0.1326,,,,544,4,0.498,1.257,
alice,0,28676062,4415,0.0632,0.645,2.8245,0.1326,,,,549,9,0.492,1.475,
alice,0,28676062,4416,0.0719,0.6973,3.3249,0.1326,,,,542,4,0.492,1.362,
alice,0,28676062,4417,0.0684,0.5825,3.1749,0.1326,,,,554,16,0.473,1.242,
alice,0,28676062,4418,0.063,0.639,3.0611,0.1326,,,,546,13,0.47,1.265,
alice,0,28676062,4419,0.0624,0.6474,3.25,0.1326,,,,537,14,0.479,1.318,
alice,0,28676062,4420,0.0545,0.6629,2.9617,0.1326,,,,551,16,0.482,1.316,
alice,0,28676062,4421,0.0574,0.6898,3.3587,0.1326,,,,538,17,0.477,1.271,
alice,0,28676062,4422,0.0579,0.5999,2.7901,0.1326,,,,557,9,0.47,1.366,
alice,0,28676062,4423,0.0606,0.6175,3.2237,0.1326,,,,552,10,0.506,1.305,
alice,0,28676062,4424,0.0523,0.5873,3.1226,0.1326,,,,548,10,0.499,1.313,
alice,0,28676062,4425,0.0476,0.6181,2.9263,0.1326,,,,542,8,0.505,1.277,
alice,0,28676062,4426,0.0516,0.6375,3.385,0.1326,,,,535,12,0.496,1.195,
alice,0,28676062,4427,0.046,0.6261,3.0,0.1326,,,,534,10,0.482,1.255,
alice,0,28676062,4428,0.0518,0.6343,3.19,0.1326,,,,539,15,0.494,1.269,
alice,0,28676062,4429,0.0514,0.6509,3.2477,0.1326,,,,532,23,0.468,1.222,
alice,0,28676062,4430,0.0575,0.5932,3.1136,0.1326,,,,551,14,0.476,1.141,
alice,0,28676062,4431,0.045,0.6458,3.2991,0.1326,,,,540,9,0.489,1.117,
alice,0,28676062,4432,0.0346,0.6274,3.1674,0.1326,,,,544,14,0.497,1.162,
alice,0,28676062,4433,0.0442,0.5921,3.0234,0.1326,,,,547,16,0.482,1.304,
alice,0,28676062,4434,0.0421,0.6001,2.8821,0.1326,,,,554,6,0.499,1.479,
alice,0,28676062,4435,0.0552,0.6193,3.0476,0.1326,,,,558,7,0.506,1.272,
alice,0,28676062,4436,0.0478,0.6062,2.9822,0.1326,,,,549,8,0.486,1.308,
alice,0,28676062,4437,0.0451,0.6375,3.4211,0.1326,,,,542,7,0.507,1.114,
alice,0,28676062,4438,0.0404,0.5827,2.8762,0.1326,,,,547,13,0.495,1.183,
alice,0,28676062,4439,0.0373,0.5829,2.8578,0.1326,,,,545,5,0.522,1.343,
alice,0,28676062,4440,0.0365,0.6529,3.3208,0.1326,,,,544,9,0.489,1.269,
alice,0,28676062,4441,0.0357,0.594,3.1943,0.1326,,,,547,9,0.493,1.249,
alice,0,28676062,4442,0.0306,0.6187,3.0986,0.1326,,,,542,7,0.497,1.211,
alice,0,28676062,4443,0.0328,0.5822,3.0892,0.1326,,,,541,3,0.512,1.325,
alice,0,28676062,4444,0.0405,0.582,2.9905,0.1326,,,,548,10,0.511,1.309,
alice,0,28676062,4445,0.0245,0.6055,3.099,0.1326,,,,541,20,0.492,1.317,
alice,0,28676062,4446,0.0279,0.6147,3.1194,0.1326,,,,544,15,0.501,1.268,
alice,0,28676062,4447,0.045,0.5873,3.0647,0.1326,,,,540,15,0.487,1.177,
alice,0,28676062,4448,0.05,0.6093,2.9535,0.1326,,,,541,12,0.479,1.165,
alice,0,28676062,4449,0.0594,0.6521,3.1096,0.1326,,,,548,4,0.497,1.155,
alice,0,28676062,4450,0.0538,0.6002,3.0138,0.1326,,,,539,11,0.491,1.263,
alice,0,28676062,4451,0.0677,0.6145,3.0043,0.1326,,,,543,8,0.501,1.306,
alice,0,28676062,4452,0.064,0.6267,3.0946,0.1326,,,,545,7,0.504,1.487,
alice,0,28676062,4453,0.0649,0.587,3.2906,0.1326,,,,531,9,0.522,1.246,
alice,0,28676062,4454,0.0758,0.6572,3.4018,0.1326,,,,547,12,0.483,1.267,
alice,0,28676062,4455,0.0562,0.6254,3.1339,0.1326,,,,547,8,0.492,1.237,
alice,0,28676062,4456,0.0583,0.626,3.1067,0.1326,,,,541,13,0.482,1.311,
alice,0,28676062,4457,0.0583,0.6707,3.3927,0.1326,,,,539,15,0.489,1.301,
alice,0,28676062,4458,0.0644,0.5882,3.1493,0.1326,,,,551,8,0.482,1.201,
alice,0,28676062,4459,0.0629,0.6633,3.1972,0.1326,,,,529,4,0.49,1.28,
alice,0,28676062,4460,0.0606,0.6552,3.2009,0.1326,,,,538,11,0.487,1.388,
alice,0,28676062,4461,0.0711,0.6611,3.2889,0.1326,,,,547,8,0.489,1.349,
alice,0,28676062,4462,0.0569,0.6838,3.073,0.1326,,,,538,18,0.463,1.201,
alice,0,28676062,4463,0.0769,0.6944,3.2146,0.1326,,,,535,20,0.467,1.468,
alice,0,28676062,4464,0.0722,0.6193,3.1303,0.1326,,,,554,17,0.467,1.257,
alice,0,28676062,4465,0.0667,0.6857,3.1308,0.1326,,,,538,4,0.48,1.283,
alice,0,28676062,4466,0.0727,0.5803,2.9913,0.1326,,,,551,6,0.493,1.2,
alice,0,28676062,4467,0.0671,0.6015,3.0088,0.1326,,,,555,14,0.472,1.291,
alice,0,28676062,4468,0.0652,0.5968,2.9155,0.1326,,,,546,19,0.472,1.202,
alice,0,28676062,4469,0.0456,0.6441,2.9457,0.1326,,,,536,20,0.478,1.322,
alice,0,28676062,4470,0.0554,0.6335,3.5512,0.1326,,,,533,15,0.492,1.14,
alice,0,28676062,4471,0.0686,0.5934,2.9867,0.1326,,,,548,6,0.507,1.414,
alice,0,28676062,4472,0.062,0.6462,3.0619,0.1326,,,,544,8,0.52,1.169,
alice,0,28676062,4473,0.0616,0.5894,2.8381,0.1326,,,,535,7,0.495,1.169,
alice,0,28676062,4474,0.0709,0.5755,3.2273,0.1326,,,,552,9,0.51,1.317,
alice,0,28676062,4475,0.0545,0.5291,2.7716,0.1326,,,,546,12,0.491,1.436,
alice,0,28676062,4476,0.0544,0.6073,3.2835,0.1326,,,,540,5,0.514,1.355,
alice,0,28676062,4477,0.0514,0.6454,2.9256,0.1326,,,,540,14,0.5,1.477,
alice,0,28676062,4478,0.0542,0.6016,2.8559,0.1326,,,,547,13,0.478,1.361,
alice,0,28676062,4479,0.051,0.584,3.0457,0.1326,,,,554,7,0.498,1.222,
alice,0,28676062,4480,0.0384,0.6064,3.2105,0.1326,,,,542,8,0.509,1.398,
alice,0,28676062,4481,0.0558,0.5316,2.8116,0.1326,,,,548,10,0.507,1.314,
alice,0,28676062,4482,0.0481,0.6255,2.8139,0.1326,,,,541,10,0.495,1.237,
alice,0,28676062,4483,0.0625,0.6927,3.098,0.1326,,,,533,9,0.504,1.265,
alice,0,28676062,4484,0.0794,0.6456,3.1975,0.1326,,,,546,9,0.505,1.38,
alice,0,28676062,4485,0.0727,0.6849,3.2971,0.1326,,,,550,14,0.482,1.259,
alice,0,28676062,4486,0.0491,0.5767,2.7448,0.1326,,,,538,23,0.479,1.222,
alice,0,28676062,4487,0.0632,0.6188,3.0224,0.1326,,,,543,13,0.477,1.248,
alice,0,28676062,4488,0.0646,0.6592,3.5381,0.1326,,,,547,10,0.474,1.262,
alice,0,28676062,4489,0.0658,0.6509,3.2646,0.1326,,,,541,12,0.471,1.172,
alice,0,28676062,4490,0.0578,0.649,3.133,0.1326,,,,539,12,0.483,1.386,
alice,0,28676062,4491,0.0657,0.6299,3.0773,0.1326,,,,544,12,0.497,1.221,
alice,0,28676062,4492,0.0601,0.6182,3.0819,0.1326,,,,549,13,0.479,1.369,
alice,0,28676062,4493,0.0589,0.6418,3.0127,0.1326,,,,549,9,0.479,1.262,
alice,0,28676062,4494,0.065,0.6768,3.2816,0.1326,,,,541,10,0.457,1.201,
alice,0,28676062,4495,0.0726,0.6472,3.1169,0.1326,,,,545,9,0.489,1.201,
alice,0,28676062,4496,0.0682,0.642,3.0453,0.1326,,,,556,17,0.482,1.246,
alice,0,28676062,4497,0.0672,0.6386,3.1822,0.1326,,,,544,12,0.48,1.152,
alice,0,28676062,4498,0.0678,0.6362,3.4093,0.1326,,,,541,9,0.486,1.305,
alice,0,28676062,4499,0.0457,0.6323,3.2579,0.1326,,,,543,10,0.47,1.226,
alice,0,28676062,4500,0.0749,0.6378,3.5817,0.1326,,,,543,7,0.497,1.267,
alice,0,28676062,4501,0.0517,0.608,2.9286,0.1326,,,,541,11,0.478,1.259,
alice,0,28676062,4502,0.0481,0.6616,3.342,0.1326,,,,546,13,0.482,1.268,
alice,0,28676062,4503,0.0514,0.6421,3.3615,0.1326,,,,540,13,0.486,1.261,
alice,0,28676062,4504,0.0476,0.6071,2.9688,0.1326,,,,542,9,0.476,1.297,
alice,0,28676062,4505,0.0566,0.6074,2.911,0.1326,,,,552,10,0.466,1.346,
alice,0,28676062,4506,0.0753,0.618,3.16,0.1326,,,,547,9,0.499,1.203,
alice,0,28676062,4507,0.0683,0.6233,3.287,0.1326,,,,545,20,0.462,1.234,
alice,0,28676062,4508,0.0701,0.5928,2.9381,0.1326,,,,550,21,0.483,1.303,
alice,0,28676062,4509,0.0671,0.6565,3.2294,0.1326,,,,538,9,0.493,1.257,
alice,0,28676062,4510,0.0721,0.6395,3.0711,0.1326,,,,552,9,0.49,1.19,
alice,0,28676062,4511,0.0607,0.6533,2.966,0.1326,,,,544,12,0.475,1.151,
alice,0,28676062,4512,0.0581,0.5955,2.9241,0.1326,,,,566,11,0.468,1.172,
alice,0,28676062,4513,0.0415,0.6369,2.9467,0.1326,,,,539,11,0.487,1.073,
alice,0,28676062,4514,0.0423,0.6341,2.9193,0.1326,,,,545,10,0.475,1.153,
alice,0,28676062,4515,0.0526,0.6109,2.9004,0.1326,,,,545,15,0.468,1.38,
alice,0,28676062,4516,0.0682,0.6737,3.3744,0.1326,,,,542,14,0.476,1.283,
alice,0,28676062,4517,0.0717,0.668,3.3874,0.1326,,,,530,14,0.467,1.228,
alice,0,28676062,4518,0.0607,0.625,2.938,0.1326,,,,546,21,0.455,1.261,
alice,0,28676062,4519,0.0549,0.7135,3.3934,0.1326,,,,546,19,0.454,1.091,
alice,0,28676062,4520,0.0579,0.6723,3.0304,0.1326,,,,546,23,0.441,1.358,
alice,0,28676062,4521,0.0641,0.7432,3.2934,0.1326,,,,546,11,0.478,1.121,
alice,0,28676062,4522,0.078,0.6274,2.8945,0.1326,,,,555,6,0.505,1.293,
alice,0,28676062,4523,0.0708,0.697,3.3471,0.1326,,,,550,21,0.457,1.292,
alice,0,28676062,4524,0.0671,0.6499,2.9793,0.1326,,,,544,25,0.453,1.168,
alice,0,28676062,4525,0.0731,0.6903,3.3911,0.1326,,,,537,14,0.45,1.338,
alice,0,28676062,4526,0.0613,0.6342,3.1212,0.1326,,,,550,13,0.467,1.218,
alice,0,28676062,4527,0.0631,0.6513,3.2217,0.1326,,,,537,7,0.478,1.122,
alice,0,28676062,4528,0.0552,0.666,3.2771,0.1326,,,,543,11,0.47,1.298,
alice,0,28676062,4529,0.0446,0.6406,3.1096,0.1326,,,,552,16,0.47,1.162,
alice,0,28676062,4530,0.0544,0.6533,3.1596,0.1326,,,,539,13,0.476,1.282,
alice,0,28676062,4531,0.039,0.5688,2.7411,0.1326,,,,552,19,0.476,1.297,
alice,0,28676062,4532,0.051,0.628,2.8447,0.1326,,,,536,15,0.478,1.297,
alice,0,28676062,4533,0.0508,0.6301,3.139,0.1326,,,,532,12,0.486,1.311,
alice,0,28676062,4534,0.0651,0.6718,3.1224,0.1326,,,,539,15,0.48,1.242,
alice,0,28676062,4535,0.0729,0.7142,3.5661,0.1326,,,,544,15,0.468,1.33,
alice,0,28676062,4536,0.0638,0.6685,3.0496,0.1326,,,,546,15,0.479,1.412,
alice,0,28676062,4537,0.0661,0.6125,3.1169,0.1326,,,,545,12,0.481,1.346,
alice,0,28676062,4538,0.0589,0.6487,3.1092,0.1326,,,,542,16,0.496,1.256,
alice,0,28676062,4539,0.0672,0.6356,3.2469,0.1326,,,,551,13,0.467,1.266,
alice,0,28676062,4540,0.071,0.6785,3.1357,0.1326,,,,549,16,0.447,1.186,
alice,0,28676062,4541,0.0828,0.7052,3.3714,0.1326,,,,550,13,0.464,1.097,
alice,0,28676062,4542,0.068,0.6106,2.8008,0.1326,,,,557,15,0.477,1.271,
alice,0,28676062,4543,0.07,0.5955,2.8987,0.1326,,,,542,9,0.488,1.377,
alice,0,28676062,4544,0.064,0.5759,2.8356,0.1326,,,,545,12,0.478,1.172,
alice,0,28676062,4545,0.0671,0.5949,3.0,0.1326,,,,542,9,0.486,1.356,
alice,0,28676062,4546,0.0795,0.6087,3.1454,0.1326,,,,530,10,0.48,1.16,
alice,0,28676062,4547,0.0826,0.6403,3.2458,0.1326,,,,546,19,0.466,1.139,
alice,0,28676062,4548,0.0796,0.6592,3.2957,0.1326,,,,555,19,0.466,1.152,
alice,0,28676062,4549,0.0538,0.6296,3.0965,0.1326,,,,539,18,0.475,1.351,
alice,0,28676062,4550,0.06,0.6502,3.095,0.1326,,,,534,8,0.488,1.325,
alice,0,28676062,4551,0.0567,0.66,2.8898,0.1326,,,,545,12,0.486,1.17,
alice,0,28676062,4552,0.069,0.6891,3.0391,0.1326,,,,545,7,0.481,1.146,
alice,0,28676062,4553,0.0646,0.6861,3.3431,0.1326,,,,547,17,0.478,1.317,
alice,0,28676062,4554,0.0481,0.5456,2.9238,0.1326,,,,564,31,0.468,1.175,
alice,0,28676062,4555,0.054,0.6212,3.2406,0.1326,,,,534,10,0.494,1.149,
alice,0,28676062,4556,0.0718,0.6484,3.4369,0.1326,,,,532,13,0.496,1.167,
alice,0,28676062,4557,0.0697,0.6518,3.4265,0.1326,,,,527,13,0.491,1.148,
alice,0,28676062,4558,0.0641,0.6664,3.4036,0.1326,,,,544,12,0.478,1.352,
alice,0,28676062,4559,0.0756,0.6488,3.426,0.1326,,,,543,5,0.47,1.354,
alice,0,28676062,4560,0.068,0.6473,3.0897,0.1326,,,,537,5,0.5,1.341,
alice,0,28676062,4561,0.0721,0.665,3.2099,0.1326,,,,563,17,0.461,1.422,
alice,0,28676062,4562,0.0481,0.6305,3.2304,0.1326,,,,541,13,0.488,1.156,
alice,0,28676062,4563,0.0395,0.6813,3.2009,0.1326,,,,541,13,0.474,1.36,
alice,0,28676062,4564,0.0519,0.6087,3.1553,0.1326,,,,542,5,0.511,1.21,
alice,0,28676062,4565,0.0617,0.6855,3.4541,0.1326,,,,543,8,0.475,1.068,
alice,0,28676062,4566,0.0562,0.6291,3.0043,0.1326,,,,551,15,0.462,1.285,
alice,0,28676062,4567,0.0527,0.5792,2.9906,0.1326,,,,539,16,0.476,1.193,
alice,0,28676062,4568,0.0597,0.6371,3.0814,0.1326,,,,542,8,0.501,1.315,
alice,0,28676062,4569,0.0646,0.6301,3.3657,0.1326,,,,541,12,0.486,1.209,
alice,0,28676062,4570,0.0607,0.5689,2.8253,0.1326,,,,548,8,0.51,1.306,
alice,0,28676062,4571,0.0638,0.5578,2.9028,0.1326,,,,555,8,0.478,1.284,
alice,0,28676062,4572,0.0562,0.6185,2.92,0.1326,,,,546,12,0.5,1.102,
alice,0,28676062,4573,0.0554,0.6334,3.1402,0.1326,,,,542,8,0.491,1.252,
alice,0,28676062,4574,0.0661,0.6027,3.0323,0.1326,,,,550,18,0.483,1.194,
alice,0,28676062,4575,0.0493,0.6049,2.7444,0.1326,,,,548,21,0.477,1.209,
alice,0,28676062,4576,0.0579,0.6443,3.4757,0.1326,,,,537,6,0.491,1.21,
alice,0,28676062,4577,0.048,0.6241,3.1304,0.1326,,,,533,16,0.488,1.361,
alice,0,28676062,4578,0.0735,0.6776,3.2345,0.1326,,,,542,13,0.489,1.222,
alice,0,28676062,4579,0.0678,0.633,3.2368,0.1326,,,,547,10,0.484,1.359,
alice,0,28676062,4580,0.0743,0.6245,3.156,0.1326,,,,541,9,0.478,1.316,
alice,0,28676062,4581,0.0769,0.6728,3.338,0.1326,,,,536,11,0.491,1.286,
alice,0,28676062,4582,0.0704,0.6621,3.2345,0.1326,,,,537,16,0.482,1.257,
alice,0,28676062,4583,0.0842,0.6902,3.2553,0.1326,,,,539,11,0.474,1.32,
alice,0,28676062,4584,0.0805,0.7144,3.4622,0.1326,,,,539,8,0.481,1.494,
alice,0,28676062,4585,0.0863,0.6486,3.0729,0.1326,,,,547,14,0.464,1.103,
alice,0,28676062,4586,0.0677,0.6244,2.9395,0.1326,,,,549,15,0.477,1.152,
alice,0,28676062,4587,0.0647,0.6447,3.1841,0.1326,,,,545,18,0.461,1.204,
alice,0,28676062,4588,0.0651,0.6259,3.1552,0.1326,,,,538,12,0.489,1.18,
alice,0,28676062,4589,0.072,0.6436,3.1398,0.1326,,,,544,11,0.487,1.19,
alice,0,28676062,4590,0.0688,0.6345,3.2348,0.1326,,,,544,9,0.479,1.236,
alice,0,28676062,4591,0.078,0.6574,3.2681,0.1326,,,,546,9,0.468,1.265,
alice,0,28676062,4592,0.0606,0.6497,3.2751,0.1326,,,,545,19,0.468,1.255,
alice,0,28676062,4593,0.0539,0.6786,3.2227,0.1326,,,,544,13,0.461,1.162,
alice,0,28676062,4594,0.053,0.6512,3.1696,0.1326,,,,541,13,0.469,1.199,
alice,0,28676062,4595,0.0572,0.6312,3.0391,0.1326,,,,541,14,0.468,1.255,
alice,0,28676062,4596,0.0479,0.6348,3.214,0.1326,,,,537,12,0.482,1.274,
alice,0,28676062,4597,0.047,0.601,3.1149,0.1326,,,,551,7,0.466,1.318,
alice,0,28676062,4598,0.0425,0.6147,3.1839,0.1326,,,,541,6,0.494,1.186,
alice,0,28676062,4599,0.0587,0.6062,2.916,0.1326,,,,542,19,0.468,1.409,
alice,0,28676062,4600,0.0537,0.6237,2.8755,0.1326,,,,546,3,0.492,1.2,
alice,0,28676062,4601,0.0524,0.5385,2.8052,0.1326,,,,545,11,0.492,1.422,
alice,0,28676062,4602,0.0812,0.6282,3.0568,0.1326,,,,550,8,0.506,1.284,
alice,0,28676062,4603,0.0667,0.6443,3.0533,0.1326,,,,541,11,0.49,1.339,
alice,0,28676062,4604,0.0548,0.6309,3.2304,0.1326,,,,543,6,0.488,1.295,
alice,0,28676062,4605,0.065,0.6102,3.0183,0.1326,,,,548,10,0.473,1.153,
alice,0,28676062,4606,0.0422,0.6394,3.139,0.1326,,,,532,15,0.478,1.327,
alice,0,28676062,4607,0.0587,0.6732,3.4384,0.1326,,,,542,12,0.49,1.207,
alice,0,28676062,4608,0.049,0.5978,3.0968,0.1326,,,,544,11,0.478,1.282,
alice,0,28676062,4609,0.0518,0.6096,2.9955,0.1326,,,,545,14,0.468,1.248,
alice,0,28676062,4610,0.0569,0.6249,3.0538,0.1326,,,,532,18,0.467,1.188,
alice,0,28676062,4611,0.0593,0.6146,3.1903,0.1326,,,,551,19,0.466,1.177,
alice,0,28676062,4612,0.0564,0.6501,3.0526,0.1326,,,,547,10,0.48,1.311,
alice,0,28676062,4613,0.065,0.649,2.9822,0.1326,,,,550,18,0.47,1.241,
alice,0,28676062,4614,0.0464,0.6107,3.1226,0.1326,,,,553,17,0.475,1.372,
alice,0,28676062,4615,0.0416,0.6416,2.8341,0.1326,,,,537,14,0.498,1.278,
alice,0,28676062,4616,0.0481,0.6673,3.2222,0.1326,,,,531,17,0.467,1.175,
alice,0,28676062,4617,0.0567,0.5909,2.9381,0.1326,,,,542,15,0.477,1.277,
alice,0,28676062,4618,0.0646,0.6368,3.327,0.1326,,,,547,11,0.478,1.238,
alice,0,28676062,4619,0.0536,0.6452,3.1652,0.1326,,,,536,19,0.47,1.309,
alice,0,28676062,4620,0.0659,0.6264,3.2802,0.1326,,,,554,17,0.472,1.144,
alice,0,28676062,4621,0.0561,0.6622,3.3362,0.1326,,,,534,16,0.438,1.312,
alice,0,28676062,4622,0.0539,0.6303,2.905,0.1326,,,,554,15,0.457,1.271,
alice,0,28676062,4623,0.0528,0.6159,3.2,0.1326,,,,536,14,0.488,1.329,
alice,0,28676062,4624,0.0618,0.6589,3.4976,0.1326,,,,535,10,0.493,1.19,
alice,0,28676062,4625,0.0539,0.6088,3.1266,0.1326,,,,551,7,0.486,1.229,
alice,0,28676062,4626,0.053,0.6675,3.2535,0.1326,,,,537,5,0.484,1.214,
alice,0,28676062,4627,0.0483,0.6198,3.2719,0.1326,,,,539,9,0.48,1.501,
alice,0,28676062,4628,0.053,0.5998,3.1562,0.1326,,,,550,8,0.48,1.3,
alice,0,28676062,4629,0.0442,0.6233,2.8515,0.1326,,,,550,7,0.459,1.341,
alice,0,28676062,4630,0.048,0.7094,3.3739,0.1326,,,,528,16,0.452,1.123,
alice,0,28676062,4631,0.054,0.6049,3.0546,0.1326,,,,558,16,0.471,1.305,
alice,0,28676062,4632,0.0404,0.5844,2.8959,0.1326,,,,543,11,0.471,1.288,
alice,0,28676062,4633,0.0624,0.6216,2.9604,0.1326,,,,537,14,0.481,1.151,
alice,0,28676062,4634,0.0592,0.6327,3.2009,0.1326,,,,538,5,0.486,1.304,
alice,0,28676062,4635,0.0556,0.614,2.9919,0.1326,,,,561,6,0.469,1.356,
alice,0,28676062,4636,0.0563,0.6358,3.0087,0.1326,,,,553,10,0.477,1.219,
alice,0,28676062,4637,0.0462,0.6471,3.0893,0.1326,,,,540,11,0.463,1.261,
alice,0,28676062,4638,0.0588,0.6026,3.0425,0.1326,,,,538,14,0.479,1.234,
alice,0,28676062,4639,0.0604,0.6386,3.1004,0.1326,,,,541,17,0.463,1.509,
alice,0,28676062,4640,0.0644,0.6066,3.1171,0.1326,,,,541,12,0.472,1.246,
alice,0,28676062,4641,0.066,0.6298,3.1018,0.1326,,,,537,7,0.475,1.377,
alice,0,28676062,4642,0.0667,0.6129,3.1211,0.1326,,,,528,14,0.467,1.299,
alice,0,28676062,4643,0.0719,0.6194,3.3484,0.1326,,,,541,8,0.5,1.408,
alice,0,28676062,4644,0.0689,0.5937,3.057,0.1326,,,,534,11,0.49,1.387,
alice,0,28676062,4645,0.0686,0.6589,3.2632,0.1326,,,,544,16,0.462,1.219,
alice,0,28676062,4646,0.0635,0.6395,3.4,0.1326,,,,531,16,0.475,1.252,
alice,0,28676062,4647,0.0656,0.6038,3.2108,0.1326,,,,537,7,0.476,1.181,
alice,0,28676062,4648,0.0466,0.608,3.0351,0.1326,,,,537,6,0.485,1.571,
alice,0,28676062,4649,0.0572,0.6208,3.2124,0.1326,,,,540,12,0.488,1.621,
alice,0,28676062,4650,0.0673,0.618,2.9487,0.1326,,,,552,14,0.469,1.201,
alice,0,28676062,4651,0.0613,0.5811,2.6652,0.1326,,,,549,8,0.499,1.272,
alice,0,28676062,4652,0.0574,0.5024,2.7723,0.1326,,,,558,8,0.476,1.437,
alice,0,28676062,4653,0.0557,0.5474,2.6338,0.1326,,,,535,14,0.474,1.166,
alice,0,28676062,4654,0.0643,0.6147,3.3692,0.1326,,,,549,10,0.476,1.26,
alice,0,28676062,4655,0.0556,0.6111,3.2441,0.1326,,,,541,15,0.467,1.255,
alice,0,28676062,4656,0.0638,0.6127,3.0688,0.1326,,,,549,15,0.465,1.283,
alice,0,28676062,4657,0.0528,0.5408,2.6216,0.1326,,,,558,10,0.468,1.451,
alice,0,28676062,4658,0.0563,0.6579,3.2571,0.1326,,,,530,5,0.466,1.331,
alice,0,28676062,4659,0.058,0.6232,3.018,0.1326,,,,539,17,0.473,1.249,
alice,0,28676062,4660,0.0558,0.6427,3.2825,0.1326,,,,543,20,0.46,1.224,
alice,0,28676062,4661,0.0581,0.6146,3.0502,0.1326,,,,546,8,0.483,1.256,
alice,0,28676062,4662,0.063,0.629,3.2083,0.1326,,,,545,10,0.476,1.215,
alice,0,28676062,4663,0.0589,0.6064,3.3589,0.1326,,,,542,8,0.465,1.293,
alice,0,28676062,4664,0.0624,0.6232,3.0444,0.1326,,,,545,18,0.484,1.185,
alice,0,28676062,4665,0.059,0.6276,3.1306,0.1326,,,,540,9,0.48,1.38,
alice,0,28676062,4666,0.0602,0.5753,3.1137,0.1326,,,,536,18,0.467,1.236,
alice,0,28676062,4667,0.0513,0.5946,3.3005,0.1326,,,,543,16,0.474,1.393,
alice,0,28676062,4668,0.0574,0.573,3.1068,0.1326,,,,543,7,0.473,1.146,
alice,0,28676062,4669,0.037,0.5479,2.7306,0.1326,,,,560,12,0.475,1.264,
alice,0,28676062,4670,0.0374,0.6,3.2308,0.1326,,,,536,9,0.513,1.356,
alice,0,28676062,4671,0.0452,0.6372,3.0,0.1326,,,,537,9,0.481,1.219,
alice,0,28676062,4672,0.0578,0.6185,3.0087,0.1326,,,,541,10,0.514,1.445,
alice,0,28676062,4673,0.0675,0.6236,3.1013,0.1326,,,,552,9,0.463,1.44,
alice,0,28676062,4674,0.0595,0.6352,3.2581,0.1326,,,,541,16,0.483,1.22,
alice,0,28676062,4675,0.0502,0.5996,2.8739,0.1326,,,,550,15,0.478,1.283,
alice,0,28676062,4676,0.0613,0.6363,3.3535,0.1326,,,,538,11,0.483,1.303,
alice,0,28676062,4677,0.0726,0.6083,2.8428,0.1326,,,,548,13,0.469,1.196,
alice,0,28676062,4678,0.0664,0.6446,3.3364,0.1326,,,,547,11,0.484,1.123,
alice,0,28676062,4679,0.0653,0.6123,3.0234,0.1326,,,,538,17,0.481,1.333,
alice,0,28676062,4680,0.0605,0.6025,2.943,0.1326,,,,542,21,0.468,1.248,
alice,0,28676062,4681,0.0551,0.6614,3.2198,0.1326,,,,552,16,0.457,1.234,
alice,0,28676062,4682,0.0428,0.6219,3.0682,0.1326,,,,542,10,0.485,1.162,
alice,0,28676062,4683,0.0451,0.6315,3.2981,0.1326,,,,537,19,0.486,1.335,
alice,0,28676062,4684,0.0504,0.6395,2.9258,0.1326,,,,540,7,0.477,1.284,
alice,0,28676062,4685,0.067,0.6753,3.5258,0.1326,,,,539,16,0.475,1.219,
alice,0,28676062,4686,0.066,0.6743,3.2832,0.1326,,,,541,11,0.46,1.328,
alice,0,28676062,4687,0.0609,0.5879,2.8527,0.1326,,,,539,26,0.448,1.271,
alice,0,28676062,4688,0.075,0.6195,2.7479,0.1326,,,,548,13,0.445,1.378,
alice,0,28676062,4689,0.0646,0.6419,2.9203,0.1326,,,,559,10,0.468,1.291,
alice,0,28676062,4690,0.0619,0.6152,2.8724,0.1326,,,,564,6,0.477,1.317,
alice,0,28676062,4691,0.0583,0.6469,3.19,0.1326,,,,542,15,0.484,1.375,
alice,0,28676062,4692,0.0509,0.5678,2.8273,0.1326,,,,543,10,0.5,1.221,
alice,0,28676062,4693,0.0469,0.6402,3.3981,0.1326,,,,542,8,0.494,1.427,
alice,0,28676062,4694,0.0383,0.6251,3.1472,0.1326,,,,535,11,0.47,1.133,
alice,0,28676062,4695,0.0408,0.6013,3.0345,0.1326,,,,540,16,0.47,1.272,
alice,0,28676062,4696,0.0454,0.6251,3.3793,0.1326,,,,537,9,0.461,1.157,
alice,0,28676062,4697,0.0409,0.5999,2.7956,0.1326,,,,530,16,0.481,1.35,
alice,0,28676062,4698,0.0574,0.5661,2.9641,0.1326,,,,556,17,0.471,1.213,
alice,0,28676062,4699,0.0608,0.5711,3.0275,0.1326,,,,541,12,0.472,1.241,
alice,0,28676062,4700,0.0606,0.5955,3.0411,0.1326,,,,552,7,0.482,1.227,
alice,0,28676062,4701,0.0498,0.6022,3.2095,0.1326,,,,539,13,0.477,1.125,
alice,0,28676062,4702,0.0475,0.6368,2.9099,0.1326,,,,538,11,0.475,1.519,
alice,0,28676062,4703,0.0566,0.68,3.2759,0.1326,,,,535,12,0.468,1.187,
alice,0,28676062,4704,0.0792,0.6668,3.3609,0.1326,,,,536,13,0.47,1.247,
alice,0,28676062,4705,0.0907,0.6043,2.9463,0.1326,,,,550,11,0.468,1.446,
alice,0,28676062,4706,0.0847,0.6112,2.906,0.1326,,,,537,14,0.466,1.146,
alice,0,28676062,4707,0.0901,0.5808,2.7686,0.1326,,,,550,10,0.493,1.414,
alice,0,28676062,4708,0.0726,0.5958,3.0139,0.1326,,,,536,13,0.503,1.249,
alice,0,28676062,4709,0.0622,0.6034,2.9286,0.1326,,,,534,13,0.465,1.123,
alice,0,28676062,4710,0.0684,0.6176,3.1835,0.1326,,,,542,11,0.488,1.381,
alice,0,28676062,4711,0.0669,0.6437,3.0721,0.1326,,,,545,13,0.476,1.236,
alice,0,28676062,4712,0.0582,0.6668,3.0222,0.1326,,,,538,13,0.465,1.253,
alice,0,28676062,4713,0.0713,0.6174,3.075,0.1326,,,,555,11,0.467,1.26,
alice,0,28676062,4714,0.0532,0.6249,2.9348,0.1326,,,,542,13,0.465,1.309,
alice,0,28676062,4715,0.0672,0.6568,3.2,0.1326,,,,549,18,0.447,1.403,
alice,0,28676062,4716,0.0552,0.6488,3.2922,0.1326,,,,538,36,0.441,1.165,
alice,0,28676062,4717,0.0554,0.5957,2.8026,0.1326,,,,549,26,0.456,1.211,
alice,0,28676062,4718,0.0484,0.6461,3.1244,0.1326,,,,536,19,0.463,1.199,
alice,0,28676062,4719,0.0456,0.6058,2.7489,0.1326,,,,550,16,0.471,1.274,
alice,0,28676062,4720,0.0334,0.6723,3.3158,0.1326,,,,533,4,0.481,1.093,
alice,0,28676062,4721,0.0481,0.6128,3.2047,0.1326,,,,536,14,0.462,1.136,
alice,0,28676062,4722,0.0545,0.5952,2.9957,0.1326,,,,546,19,0.461,1.271,
alice,0,28676062,4723,0.0457,0.6105,2.6976,0.1326,,,,551,23,0.443,1.121,
alice,0,28676062,4724,0.0588,0.6349,2.7846,0.1326,,,,543,20,0.468,1.186,
alice,0,28676062,4725,0.0667,0.6318,3.063,0.1326,,,,553,16,0.465,1.232,
alice,0,28676062,4726,0.0796,0.6248,3.2579,0.1326,,,,542,12,0.478,1.152,
alice,0,28676062,4727,0.0635,0.6375,3.3303,0.1326,,,,534,7,0.485,1.077,
alice,0,28676062,4728,0.0627,0.6407,3.1453,0.1326,,,,554,9,0.471,1.148,
alice,0,28676062,4729,0.0529,0.6523,3.2646,0.1326,,,,539,15,0.467,1.142,
alice,0,28676062,4730,0.038,0.6521,3.1814,0.1326,,,,536,21,0.469,1.355,
alice,0,28676062,4731,0.0492,0.6973,3.3263,0.1326,,,,540,14,0.457,1.264,
alice,0,28676062,4732,0.0438,0.6272,2.9757,0.1326,,,,545,14,0.454,1.212,
alice,0,28676062,4733,0.0474,0.6051,2.9837,0.1326,,,,549,6,0.503,1.281,
alice,0,28676062,4734,0.0544,0.6376,2.8898,0.1326,,,,557,8,0.47,1.158,
alice,0,28676062,4735,0.0487,0.5724,2.9328,0.1326,,,,558,15,0.469,1.313,
alice,0,28676062,4736,0.0448,0.6547,3.1062,0.1326,,,,553,13,0.461,1.078,
alice,0,28676062,4737,0.0618,0.5903,3.0132,0.1326,,,,552,16,0.459,1.217,
alice,0,28676062,4738,0.0628,0.5983,3.0217,0.1326,,,,544,5,0.486,1.171,
alice,0,28676062,4739,0.0593,0.6133,3.1101,0.1326,,,,542,11,0.471,1.188,
alice,0,28676062,4740,0.0583,0.6555,3.2174,0.1326,,,,542,23,0.442,1.234,
alice,0,28676062,4741,0.0632,0.6298,3.1574,0.1326,,,,554,16,0.464,1.301,
alice,0,28676062,4742,0.0659,0.63,3.0472,0.1326,,,,557,9,0.457,1.161,
alice,0,28676062,4743,0.0594,0.6432,3.0658,0.1326,,,,547,12,0.456,1.258,
alice,0,28676062,4744,0.052,0.6525,2.8257,0.1326,,,,543,11,0.464,1.39,
alice,0,28676062,4745,0.0822,0.6628,3.2609,0.1326,,,,548,12,0.471,1.363,
alice,0,28676062,4746,0.05,0.7002,3.1423,0.1326,,,,539,15,0.482,1.319,
alice,0,28676062,4747,0.0568,0.6483,2.9837,0.1326,,,,545,15,0.464,1.237,
alice,0,28676062,4748,0.0432,0.6167,3.0206,0.1326,,,,542,8,0.474,1.409,
alice,0,28676062,4749,0.0654,0.6332,2.8964,0.1326,,,,541,13,0.485,1.285,
alice,0,28676062,4750,0.056,0.6185,2.8333,0.1326,,,,551,14,0.462,1.32,
alice,0,28676062,4751,0.0706,0.6315,3.0214,0.1326,,,,557,11,0.465,1.248,
alice,0,28676062,4752,0.0726,0.6126,2.9609,0.1326,,,,549,13,0.463,1.223,
alice,0,28676062,4753,0.0654,0.6155,3.058,0.1326,,,,538,10,0.469,1.315,
alice,0,28676062,4754,0.0686,0.6236,2.9204,0.1326,,,,546,18,0.451,1.161,
alice,0,28676062,4755,0.0635,0.6274,3.1514,0.1326,,,,537,13,0.45,1.314,
alice,0,28676062,4756,0.0676,0.5819,2.9295,0.1326,,,,538,11,0.47,1.217,
alice,0,28676062,4757,0.0712,0.5892,3.2407,0.1326,,,,544,6,0.478,1.126,
alice,0,28676062,4758,0.0575,0.5517,2.8869,0.1326,,,,543,11,0.477,1.203,
alice,0,28676062,4759,0.0683,0.6302,3.2778,0.1326,,,,539,7,0.472,1.217,
alice,0,28676062,4760,0.0623,0.6487,3.0044,0.1326,,,,548,12,0.457,1.145,
alice,0,28676062,4761,0.0621,0.6247,3.0741,0.1326,,,,532,17,0.464,1.229,
alice,0,28676062,4762,0.0672,0.6109,3.3143,0.1326,,,,536,14,0.466,1.291,
alice,0,28676062,4763,0.0814,0.5824,3.0372,0.1326,,,,535,14,0.485,1.472,
alice,0,28676062,4764,0.0815,0.6343,3.1645,0.1326,,,,548,12,0.475,1.291,
alice,0,28676062,4765,0.0764,0.5992,2.9254,0.1326,,,,559,6,0.49,1.191,
alice,0,28676062,4766,0.0822,0.5875,3.0489,0.1326,,,,540,16,0.46,1.235,
alice,0,28676062,4767,0.0786,0.5844,2.9134,0.1326,,,,544,17,0.467,1.277,
alice,0,28676062,4768,0.0809,0.6148,3.2275,0.1326,,,,552,9,0.469,1.356,
alice,0,28676062,4769,0.0773,0.6387,3.2466,0.1326,,,,543,15,0.469,1.348,
alice,0,28676062,4770,0.0662,0.5889,3.2851,0.1326,,,,551,9,0.479,1.251,
alice,0,28676062,4771,0.0547,0.637,2.9753,0.1326,,,,548,10,0.483,1.224,
alice,0,28676062,4772,0.0657,0.6533,3.4416,0.1326,,,,553,10,0.488,1.234,
alice,0,28676062,4773,0.04,0.6506,2.9524,0.1326,,,,551,12,0.468,1.219,
alice,0,28676062,4774,0.0457,0.6058,2.9748,0.1326,,,,551,18,0.449,1.322,
alice,0,28676062,4775,0.0589,0.6532,3.442,0.1326,,,,537,19,0.459,1.336,
alice,0,28676062,4776,0.0479,0.6618,3.1429,0.1326,,,,542,19,0.459,1.349,
alice,0,28676062,4777,0.0606,0.5994,3.133,0.1326,,,,553,13,0.449,1.172,
alice,0,28676062,4778,0.0644,0.6267,3.1048,0.1326,,,,550,6,0.48,1.194,
alice,0,28676062,4779,0.0493,0.654,3.2727,0.1326,,,,550,8,0.472,1.318,
alice,0,28676062,4780,0.0518,0.6627,3.2009,0.1326,,,,538,8,0.453,1.262,
alice,0,28676062,4781,0.0654,0.6155,3.1636,0.1326,,,,547,12,0.48,1.319,
alice,0,28676062,4782,0.0641,0.6211,3.1974,0.1326,,,,537,6,0.481,1.313,
alice,0,28676062,4783,0.0697,0.6779,3.4955,0.1326,,,,537,8,0.472,1.276,
alice,0,28676062,4784,0.0681,0.6299,3.0766,0.1326,,,,543,10,0.477,1.129,
alice,0,28676062,4785,0.0777,0.6587,3.3451,0.1326,,,,547,20,0.458,1.199,
alice,0,28676062,4786,0.0645,0.592,2.9955,0.1326,,,,557,11,0.463,1.3,
alice,0,28676062,4787,0.0575,0.6288,2.969,0.1326,,,,536,24,0.447,1.323,
alice,0,28676062,4788,0.0637,0.6511,3.3511,0.1326,,,,543,8,0.471,1.237,
alice,0,28676062,4789,0.0674,0.6524,2.9319,0.1326,,,,539,14,0.463,1.317,
alice,0,28676062,4790,0.0798,0.6469,3.188,0.1326,,,,550,10,0.469,1.392,
alice,0,28676062,4791,0.0594,0.5917,2.9351,0.1326,,,,562,19,0.45,1.167,
alice,0,28676062,4792,0.0562,0.6373,3.1557,0.1326,,,,531,19,0.465,1.217,
alice,0,28676062,4793,0.056,0.6288,2.9829,0.1326,,,,541,8,0.47,1.274,
alice,0,28676062,4794,0.0675,0.6385,3.1562,0.1326,,,,544,16,0.452,1.37,
alice,0,28676062,4795,0.0654,0.677,3.3406,0.1326,,,,548,8,0.466,1.328,
alice,0,28676062,4796,0.0635,0.636,3.0601,0.1326,,,,538,24,0.459,1.379,
alice,0,28676062,4797,0.0647,0.7058,3.5021,0.1326,,,,538,17,0.462,1.247,
alice,0,28676062,4798,0.0709,0.6542,3.36,0.1326,,,,555,10,0.468,1.183,
alice,0,28676062,4799,0.0396,0.6201,2.9559,0.1326,,,,539,18,0.458,1.271,
alice,0,28676062,4800,0.0549,0.6259,3.0388,0.1326,,,,534,9,0.492,1.191,
alice,0,28676062,4801,0.0526,0.6929,3.4323,0.1326,,,,542,22,0.447,1.25,
alice,0,28676062,4802,0.0741,0.5899,3.3163,0.1326,,,,548,9,0.483,1.104,
alice,0,28676062,4803,0.0721,0.6265,2.8667,0.1326,,,,545,6,0.5,1.3,
alice,0,28676062,4804,0.0649,0.6393,3.3032,0.1326,,,,546,7,0.472,1.289,
alice,0,28676062,4805,0.0631,0.6053,2.8884,0.1326,,,,537,8,0.482,1.085,
alice,0,28676062,4806,0.0711,0.5975,2.7939,0.1326,,,,550,10,0.463,1.165,
alice,0,28676062,4807,0.0655,0.5754,3.1075,0.1326,,,,549,11,0.462,1.266,
alice,0,28676062,4808,0.0617,0.5774,2.8053,0.1326,,,,547,18,0.453,1.202,
alice,0,28676062,4809,0.0579,0.6362,2.8228,0.1326,,,,543,19,0.475,1.195,
alice,0,28676062,4810,0.071,0.6301,3.0211,0.1326,,,,554,9,0.482,1.203,
alice,0,28676062,4811,0.074,0.6336,3.1598,0.1326,,,,547,16,0.462,1.156,
alice,0,28676062,4812,0.0783,0.6131,3.219,0.1326,,,,540,15,0.471,1.26,
alice,0,28676062,4813,0.0796,0.6294,3.0642,0.1326,,,,542,20,0.455,1.31,
alice,0,28676062,4814,0.0708,0.5485,2.7477,0.1326,,,,554,12,0.469,1.33,
alice,0,28676062,4815,0.075,0.6101,2.9464,0.1326,,,,547,6,0.473,1.162,
alice,0,28676062,4816,0.0713,0.6041,2.8761,0.1326,,,,545,7,0.472,1.227,
alice,0,28676062,4817,0.0512,0.578,3.0569,0.1326,,,,544,7,0.464,1.217,
alice,0,28676062,4818,0.0508,0.5794,3.0636,0.1326,,,,545,10,0.486,1.32,
alice,0,28676062,4819,0.0647,0.6117,3.1953,0.1326,,,,545,12,0.464,1.277,
alice,0,28676062,4820,0.0483,0.5985,3.2222,0.1326,,,,541,12,0.466,1.175,
alice,0,28676062,4821,0.0412,0.6097,3.206,0.1326,,,,538,8,0.474,1.189,
alice,0,28676062,4822,0.049,0.586,3.0383,0.1326,,,,544,16,0.456,1.208,
alice,0,28676062,4823,0.0579,0.5505,3.1024,0.1326,,,,537,19,0.463,1.291,
alice,0,28676062,4824,0.0665,0.5793,3.0888,0.1326,,,,547,15,0.459,1.112,
alice,0,28676062,4825,0.0616,0.5912,2.7873,0.1326,,,,546,13,0.466,1.23,
alice,0,28676062,4826,0.0596,0.5863,2.8394,0.1326,,,,541,7,0.468,1.228,
alice,0,28676062,4827,0.0601,0.5994,2.9404,0.1326,,,,531,13,0.452,1.213,
alice,0,28676062,4828,0.0691,0.5617,2.6897,0.1326,,,,546,10,0.457,1.39,
alice,0,28676062,4829,0.0645,0.6445,3.2533,0.1326,,,,541,18,0.459,1.231,
alice,0,28676062,4830,0.0722,0.57,2.7296,0.1326,,,,554,9,0.457,1.188,
alice,0,28676062,4831,0.0673,0.562,3.0625,0.1326,,,,550,17,0.434,1.213,
alice,0,28676062,4832,0.0675,0.5814,3.0184,0.1326,,,,552,10,0.455,1.349,
alice,0,28676062,4833,0.0536,0.6037,3.0324,0.1326,,,,540,16,0.456,1.188,
alice,0,28676062,4834,0.0543,0.6243,2.8445,0.1326,,,,546,13,0.462,1.371,
alice,0,28676062,4835,0.0701,0.6021,3.1674,0.1326,,,,545,12,0.466,1.197,
alice,0,28676062,4836,0.0746,0.648,3.1466,0.1326,,,,542,16,0.459,1.171,
alice,0,28676062,4837,0.0698,0.5758,2.9689,0.1326,,,,560,15,0.454,1.135,
alice,0,28676062,4838,0.0574,0.6556,3.1422,0.1326,,,,544,9,0.472,1.25,
alice,0,28676062,4839,0.069,0.5963,3.1589,0.1326,,,,551,10,0.477,1.497,
alice,0,28676062,4840,0.047,0.6178,2.9683,0.1326,,,,542,13,0.457,1.227,
alice,0,28676062,4841,0.066,0.6023,2.8409,0.1326,,,,542,7,0.456,1.537,
alice,0,28676062,4842,0.07,0.5494,2.8,0.1326,,,,551,14,0.458,1.358,
alice,0,28676062,4843,0.0563,0.5991,3.1159,0.1326,,,,544,12,0.452,1.135,
alice,0,28676062,4844,0.0562,0.5532,2.9024,0.1326,,,,543,18,0.463,1.27,
alice,0,28676062,4845,0.0703,0.6115,3.2611,0.1326,,,,530,24,0.459,1.313,
alice,0,28676062,4846,0.0665,0.6056,2.986,0.1326,,,,541,14,0.467,1.349,
alice,0,28676062,4847,0.0584,0.5518,2.8832,0.1326,,,,561,17,0.462,1.204,
alice,0,28676062,4848,0.0452,0.5307,2.9641,0.1326,,,,547,7,0.489,1.27,
alice,0,28676062,4849,0.0496,0.5924,3.0891,0.1326,,,,533,16,0.469,1.273,
alice,0,28676062,4850,0.044,0.6769,3.103,0.1326,,,,528,17,0.469,1.33,
alice,0,28676062,4851,0.0603,0.6577,3.3921,0.1326,,,,551,13,0.458,1.314,
alice,0,28676062,4852,0.0508,0.6098,2.8362,0.1326,,,,545,22,0.452,1.231,
alice,0,28676062,4853,0.0602,0.6165,3.0628,0.1326,,,,548,16,0.47,1.279,
alice,0,28676062,4854,0.0668,0.6055,2.9148,0.1326,,,,546,13,0.459,1.149,
alice,0,28676062,4855,0.0667,0.6401,3.2385,0.1326,,,,550,19,0.458,1.213,
alice,0,28676062,4856,0.0712,0.634,3.0133,0.1326,,,,540,13,0.466,1.255,
alice,0,28676062,4857,0.0725,0.6755,3.4541,0.1326,,,,541,7,0.475,1.208,
alice,0,28676062,4858,0.0768,0.6377,3.2707,0.1326,,,,550,8,0.475,1.332,
alice,0,28676062,4859,0.0584,0.727,3.0281,0.1326,,,,548,14,0.455,1.458,
alice,0,28676062,4860,0.0408,0.7101,3.2149,0.1326,,,,546,19,0.44,1.219,
alice,0,28676062,4861,0.0384,0.6652,2.9747,0.1326,,,,538,18,0.451,1.103,
alice,0,28676062,4862,0.0504,0.6706,3.0913,0.1326,,,,553,11,0.468,1.228,
alice,0,28676062,4863,0.0478,0.6316,3.1557,0.1326,,,,541,15,0.468,1.243,
alice,0,28676062,4864,0.0393,0.584,2.8195,0.1326,,,,545,19,0.474,1.426,
alice,0,28676062,4865,0.0379,0.6541,3.1495,0.1326,,,,535,9,0.486,1.382,
alice,0,28676062,4866,0.0486,0.6734,3.3318,0.1326,,,,539,19,0.461,1.151,
alice,0,28676062,4867,0.054,0.6031,3.0461,0.1326,,,,546,24,0.455,1.093,
alice,0,28676062,4868,0.05,0.6373,3.1396,0.1326,,,,536,14,0.477,1.169,
alice,0,28676062,4869,0.0639,0.5648,3.0093,0.1326,,,,549,16,0.48,1.226,
alice,0,28676062,4870,0.0547,0.6544,3.3442,0.1326,,,,545,15,0.474,1.302,
alice,0,28676062,4871,0.0443,0.5893,3.0865,0.1326,,,,547,15,0.449,1.356,
alice,0,28676062,4872,0.0429,0.5634,2.7215,0.1326,,,,545,9,0.46,1.241,
alice,0,28676062,4873,0.0536,0.6641,3.386,0.1326,,,,538,19,0.479,1.263,
alice,0,28676062,4874,0.0532,0.6856,2.9916,0.1326,,,,552,12,0.469,1.448,
alice,0,28676062,4875,0.0548,0.6795,3.1224,0.1326,,,,544,16,0.478,1.253,
alice,0,28676062,4876,0.0571,0.6904,3.2246,0.1326,,,,532,19,0.467,1.291,
alice,0,28676062,4877,0.0656,0.6208,2.9917,0.1326,,,,540,19,0.46,1.149,
alice,0,28676062,4878,0.0637,0.5583,2.8729,0.1326,,,,550,18,0.462,1.277,
alice,0,28676062,4879,0.0493,0.6657,3.386,0.1326,,,,542,19,0.472,1.346,
alice,0,28676062,4880,0.0626,0.6503,3.553,0.1326,,,,539,15,0.453,1.392,
alice,0,28676062,4881,0.0401,0.6411,3.0466,0.1326,,,,549,14,0.469,1.195,
alice,0,28676062,4882,0.037,0.6308,3.1184,0.1326,,,,538,7,0.473,1.342,
alice,0,28676062,4883,0.0435,0.6123,3.1397,0.1326,,,,542,10,0.468,1.436,
alice,0,28676062,4884,0.0426,0.5778,2.958,0.1326,,,,556,16,0.44,1.219,
alice,0,28676062,4885,0.0537,0.6423,3.2926,0.1326,,,,538,15,0.454,1.247,
alice,0,28676062,4886,0.0571,0.5987,2.895,0.1326,,,,549,18,0.451,1.426,
alice,0,28676062,4887,0.06,0.6437,3.491,0.1326,,,,547,19,0.446,1.152,
alice,0,28676062,4888,0.0605,0.6116,2.8481,0.1326,,,,555,11,0.464,1.215,
alice,0,28676062,4889,0.0675,0.602,2.9864,0.1326,,,,544,9,0.477,1.313,
alice,0,28676062,4890,0.0586,0.5903,2.8413,0.1326,,,,543,15,0.472,1.193,
alice,0,28676062,4891,0.0663,0.5729,2.9624,0.1326,,,,536,9,0.491,1.358,
alice,0,28676062,4892,0.0804,0.6486,3.3289,0.1326,,,,551,9,0.47,1.148,
alice,0,28676062,4893,0.0694,0.6313,3.1786,0.1326,,,,540,12,0.486,1.538,
alice,0,28676062,4894,0.0699,0.6276,3.115,0.1326,,,,542,8,0.487,1.163,
alice,0,28676062,4895,0.0865,0.6507,3.5972,0.1326,,,,536,10,0.471,1.098,
alice,0,28676062,4896,0.0826,0.6174,3.1973,0.1326,,,,540,13,0.474,1.267,
alice,0,28676062,4897,0.0621,0.6132,2.9554,0.1326,,,,545,11,0.469,1.187,
alice,0,28676062,4898,0.0577,0.5973,2.9726,0.1326,,,,533,25,0.447,1.255,
alice,0,28676062,4899,0.0545,0.6251,2.9322,0.1326,,,,542,8,0.474,1.279,
alice,0,28676062,4900,0.0508,0.691,3.0544,0.1326,,,,540,14,0.465,1.333,
alice,0,28676062,4901,0.0504,0.5742,2.817,0.1326,,,,548,27,0.435,1.183,
alice,0,28676062,4902,0.0367,0.6121,3.0229,0.1326,,,,544,17,0.446,1.324,
alice,0,28676062,4903,0.0357,0.5952,2.9186,0.1326,,,,547,14,0.454,1.282,
alice,0,28676062,4904,0.0475,0.6523,3.2287,0.1326,,,,539,8,0.455,1.224,
alice,0,28676062,4905,0.0515,0.6235,2.9456,0.1326,,,,548,19,0.448,1.299,
alice,0,28676062,4906,0.0632,0.631,2.8797,0.1326,,,,544,20,0.457,1.084,
alice,0,28676062,4907,0.0593,0.6611,3.1139,0.1326,,,,543,25,0.447,1.198,
alice,0,28676062,4908,0.0772,0.6186,2.8718,0.1326,,,,559,18,0.46,1.227,
alice,0,28676062,4909,0.0634,0.5675,3.0092,0.1326,,,,547,11,0.455,1.301,
alice,0,28676062,4910,0.0737,0.5972,3.1143,0.1326,,,,540,14,0.476,1.199,
alice,0,28676062,4911,0.0756,0.6072,2.9783,0.1326,,,,556,18,0.463,1.248,
alice,0,28676062,4912,0.0682,0.5978,2.7668,0.1326,,,,533,25,0.446,1.197,
alice,0,28676062,4913,0.0637,0.6126,3.1839,0.1326,,,,543,16,0.468,1.238,
alice,0,28676062,4914,0.057,0.59,2.6582,0.1326,,,,542,18,0.439,1.197,
alice,0,28676062,4915,0.0812,0.6052,3.0727,0.1326,,,,540,15,0.452,1.143,
alice,0,28676062,4916,0.0655,0.5841,2.9474,0.1326,,,,548,13,0.468,1.22,
alice,0,28676062,4917,0.0818,0.6006,3.0311,0.1326,,,,551,7,0.484,1.329,
alice,0,28676062,4918,0.0652,0.6241,3.1233,0.1326,,,,540,12,0.481,1.274,
alice,0,28676062,4919,0.0564,0.6715,3.0685,0.1326,,,,544,21,0.45,1.168,
alice,0,28676062,4920,0.0652,0.7028,3.5622,0.1326,,,,538,24,0.435,1.108,
alice,0,28676062,4921,0.0592,0.6896,3.3109,0.1326,,,,554,20,0.446,1.099,
alice,0,28676062,4922,0.0594,0.6639,3.3319,0.1326,,,,549,13,0.468,1.114,
alice,0,28676062,4923,0.0533,0.5994,3.125,0.1326,,,,547,18,0.458,1.281,
alice,0,28676062,4924,0.0512,0.6323,3.2264,0.1326,,,,529,14,0.467,1.18,
alice,0,28676062,4925,0.066,0.6087,2.9111,0.1326,,,,544,12,0.466,1.295,
alice,0,28676062,4926,0.0693,0.6037,3.1495,0.1326,,,,551,12,0.452,1.296,
alice,0,28676062,4927,0.0531,0.613,2.9954,0.1326,,,,551,14,0.452,1.104,
alice,0,28676062,4928,0.0639,0.5817,2.8075,0.1326,,,,546,14,0.471,1.28,
alice,0,28676062,4929,0.0751,0.6268,3.1636,0.1326,,,,543,11,0.462,1.309,
alice,0,28676062,4930,0.067,0.5934,2.8761,0.1326,,,,540,16,0.457,1.269,
alice,0,28676062,4931,0.0785,0.6203,2.9956,0.1326,,,,543,18,0.476,1.257,
alice,0,28676062,4932,0.0806,0.6064,3.3568,0.1326,,,,547,14,0.469,1.135,
alice,0,28676062,4933,0.075,0.6018,3.0044,0.1326,,,,549,9,0.46,1.356,
alice,0,28676062,4934,0.0707,0.6204,3.0374,0.1326,,,,543,10,0.472,1.155,
alice,0,28676062,4935,0.06,0.5479,2.7731,0.1326,,,,556,14,0.458,1.217,
alice,0,28676062,4936,0.0525,0.5829,3.0142,0.1326,,,,541,11,0.473,1.17,
alice,0,28676062,4937,0.0585,0.5739,3.09,0.1326,,,,545,9,0.469,1.338,
alice,0,28676062,4938,0.0564,0.5513,2.8182,0.1326,,,,534,17,0.47,1.158,
alice,0,28676062,4939,0.0477,0.6591,3.3911,0.1326,,,,536,8,0.481,1.495,
alice,0,28676062,4940,0.0624,0.6336,3.1382,0.1326,,,,550,8,0.475,1.279,
alice,0,28676062,4941,0.0539,0.6043,3.0276,0.1326,,,,537,15,0.468,1.49,
alice,0,28676062,4942,0.0641,0.6101,3.1786,0.1326,,,,540,9,0.496,1.155,
alice,0,28676062,4943,0.05,0.6764,3.2719,0.1326,,,,541,21,0.46,1.207,
alice,0,28676062,4944,0.05,0.6464,2.975,0.1326,,,,543,15,0.454,1.324,
alice,0,28676062,4945,0.0573,0.6134,2.8412,0.1326,,,,544,22,0.432,1.171,
alice,0,28676062,4946,0.054,0.6583,3.3407,0.1326,,,,543,11,0.452,1.195,
alice,0,28676062,4947,0.0466,0.6271,3.1577,0.1326,,,,549,20,0.441,1.324,
alice,0,28676062,4948,0.0559,0.6055,2.942,0.1326,,,,541,20,0.46,1.312,
alice,0,28676062,4949,0.0688,0.6026,2.9955,0.1326,,,,558,15,0.436,1.236,
alice,0,28676062,4950,0.0645,0.5775,2.9511,0.1326,,,,547,12,0.466,1.191,
alice,0,28676062,4951,0.0516,0.5723,2.5658,0.1326,,,,543,13,0.495,1.437,
alice,0,28676062,4952,0.061,0.6299,2.9643,0.1326,,,,545,14,0.468,1.154,
alice,0,28676062,4953,0.0541,0.6524,3.0661,0.1326,,,,552,8,0.457,1.141,
alice,0,28676062,4954,0.0429,0.5876,2.787,0.1326,,,,531,15,0.457,1.137,
alice,0,28676062,4955,0.0485,0.6175,3.055,0.1326,,,,537,18,0.457,1.303,
alice,0,28676062,4956,0.0557,0.5794,2.8405,0.1326,,,,561,15,0.455,1.07,
alice,0,28676062,4957,0.0401,0.6703,2.9619,0.1326,,,,537,12,0.454,1.215,
alice,0,28676062,4958,0.0559,0.6518,2.7449,0.1326,,,,549,13,0.462,1.123,
alice,0,28676062,4959,0.0542,0.6338,3.2232,0.1326,,,,548,23,0.433,1.076,
alice,0,28676062,4960,0.0442,0.6773,2.9362,0.1326,,,,548,17,0.451,1.344,
alice,0,28676062,4961,0.0593,0.6347,3.0087,0.1326,,,,542,9,0.457,1.203,
alice,0,28676062,4962,0.0579,0.5997,3.0273,0.1326,,,,547,12,0.471,1.136,
alice,0,28676062,4963,0.0509,0.635,3.0682,0.1326,,,,544,9,0.465,1.266,
alice,0,28676062,4964,0.0468,0.6612,3.0973,0.1326,,,,543,8,0.474,1.146,
alice,0,28676062,4965,0.0503,0.6301,2.8043,0.1326,,,,536,12,0.461,1.234,
alice,0,28676062,4966,0.0619,0.6475,3.1886,0.1326,,,,553,16,0.455,1.396,
alice,0,28676062,4967,0.0533,0.5977,2.9269,0.1326,,,,546,24,0.435,1.296,
alice,0,28676062,4968,0.0567,0.6089,2.8655,0.1326,,,,541,17,0.459,1.231,
alice,0,28676062,4969,0.0482,0.6808,3.1606,0.1326,,,,529,21,0.47,1.283,
alice,0,28676062,4970,0.0588,0.5715,2.692,0.1326,,,,555,13,0.463,1.161,
alice,0,28676062,4971,0.0491,0.584,3.1465,0.1326,,,,541,16,0.483,1.205,
alice,0,28676062,4972,0.0307,0.6649,3.3333,0.1326,,,,530,12,0.468,1.271,
alice,0,28676062,4973,0.0502,0.5799,2.8265,0.1326,,,,550,20,0.447,1.145,
alice,0,28676062,4974,0.0457,0.5477,2.7981,0.1326,,,,545,7,0.473,1.319,
alice,0,28676062,4975,0.043,0.6415,3.2028,0.1326,,,,531,12,0.471,1.057,
alice,0,28676062,4976,0.0445,0.6041,3.0591,0.1326,,,,548,7,0.47,1.41,
alice,0,28676062,4977,0.0483,0.5752,2.8611,0.1326,,,,547,12,0.469,1.252,
alice,0,28676062,4978,0.0426,0.6178,3.1029,0.1326,,,,546,14,0.465,1.282,
alice,0,28676062,4979,0.051,0.6179,3.2041,0.1326,,,,533,21,0.478,1.252,
alice,0,28676062,4980,0.049,0.5873,2.912,0.1326,,,,548,13,0.462,1.375,
alice,0,28676062,4981,0.0643,0.5956,3.0138,0.1326,,,,542,17,0.458,1.438,
alice,0,28676062,4982,0.0648,0.6798,3.163,0.1326,,,,530,15,0.451,1.335,
alice,0,28676062,4983,0.0692,0.6397,3.2009,0.1326,,,,549,11,0.464,1.142,
alice,0,28676062,4984,0.0675,0.6312,3.0439,0.1326,,,,543,17,0.438,1.099,
alice,0,28676062,4985,0.0718,0.603,3.2267,0.1326,,,,548,14,0.45,1.321,
alice,0,28676062,4986,0.0748,0.6318,3.0779,0.1326,,,,544,9,0.467,1.382,
alice,0,28676062,4987,0.0705,0.5834,2.9821,0.1326,,,,544,28,0.448,1.191,
alice,0,28676062,4988,0.0656,0.6392,3.087,0.1326,,,,548,5,0.471,1.348,
alice,0,28676062,4989,0.0589,0.5371,3.0139,0.1326,,,,557,14,0.461,1.188,
alice,0,28676062,4990,0.0529,0.6008,2.9227,0.1326,,,,538,12,0.468,1.207,
alice,0,28676062,4991,0.0704,0.6199,3.187,0.1326,,,,547,8,0.46,1.286,
alice,0,28676062,4992,0.0709,0.6218,2.9958,0.1326,,,,541,7,0.46,1.243,
alice,0,28676062,4993,0.0655,0.679,3.2705,0.1326,,,,542,24,0.447,1.233,
alice,0,28676062,4994,0.0722,0.6507,3.1899,0.1326,,,,547,20,0.446,1.287,
alice,0,28676062,4995,0.0698,0.6644,3.3172,0.1326,,,,546,16,0.436,1.153,
alice,0,28676062,4996,0.0763,0.6375,3.1948,0.1326,,,,542,6,0.46,1.203,
alice,0,28676062,4997,0.0633,0.6325,3.1466,0.1326,,,,538,19,0.453,1.111,
alice,0,28676062,4998,0.0654,0.6669,3.25,0.1326,,,,543,9,0.45,1.256,
alice,0,28676062,4999,0.0642,0.6201,2.7206,0.1326,,,,552,23,0.446,1.238,
alice,0,28676062,5000,0.0472,0.6335,3.0083,0.1326,,,,542,27,0.416,1.179,
alice,0,28676062,5001,0.0501,0.6074,3.2565,0.1326,,,,550,13,0.448,1.362,
alice,0,28676062,5002,0.0391,0.6524,3.0581,0.1326,,,,548,15,0.456,1.25,
alice,0,28676062,5003,0.0516,0.5649,2.5612,0.1326,,,,559,11,0.468,1.188,
alice,0,28676062,5004,0.04,0.5808,2.7511,0.1326,,,,542,8,0.485,1.149,
alice,0,28676062,5005,0.0448,0.6561,2.9867,0.1326,,,,534,8,0.463,1.085,
alice,0,28676062,5006,0.0535,0.6137,3.1493,0.1326,,,,552,17,0.456,1.262,
alice,0,28676062,5007,0.0309,0.6544,2.9774,0.1326,,,,538,13,0.472,1.324,
alice,0,28676062,5008,0.0473,0.5961,3.0181,0.1326,,,,545,10,0.467,1.271,
alice,0,28676062,5009,0.0425,0.6616,3.0354,0.1326,,,,546,12,0.466,1.204,
alice,0,28676062,5010,0.0488,0.6207,3.058,0.1326,,,,541,11,0.461,1.174,
alice,0,28676062,5011,0.059,0.7119,2.9458,0.1326,,,,538,16,0.467,1.239,
alice,0,28676062,5012,0.0483,0.613,2.8678,0.1326,,,,549,18,0.449,1.305,
alice,0,28676062,5013,0.0586,0.6302,3.2667,0.1326,,,,556,8,0.455,1.306,
alice,0,28676062,5014,0.032,0.6319,2.8658,0.1326,,,,542,21,0.468,1.227,
alice,0,28676062,5015,0.0434,0.6605,3.3167,0.1326,,,,534,15,0.461,1.2,
alice,0,28676062,5016,0.0651,0.6416,3.0297,0.1326,,,,541,17,0.462,1.268,
alice,0,28676062,5017,0.0691,0.6052,2.987,0.1326,,,,549,12,0.453,1.219,
alice,0,28676062,5018,0.0638,0.5805,2.8043,0.1326,,,,549,16,0.457,1.106,
alice,0,28676062,5019,0.069,0.6063,3.0263,0.1326,,,,555,4,0.463,1.144,
alice,0,28676062,5020,0.0575,0.5696,2.7149,0.1326,,,,553,12,0.464,1.08,
alice,0,28676062,5021,0.0658,0.5894,2.9,0.1326,,,,543,16,0.458,1.348,
alice,0,28676062,5022,0.0618,0.5753,2.7074,0.1326,,,,550,19,0.482,1.543,
alice,0,28676062,5023,0.0635,0.6027,2.8559,0.1326,,,,548,10,0.479,1.174,
alice,0,28676062,5024,0.0585,0.5598,3.0045,0.1326,,,,546,19,0.455,1.146,
alice,0,28676062,5025,0.0451,0.6519,3.2795,0.1326,,,,544,13,0.479,1.232,
alice,0,28676062,5026,0.0426,0.6521,2.8305,0.1326,,,,546,12,0.464,1.157,
alice,0,28676062,5027,0.0524,0.634,3.3874,0.1326,,,,536,17,0.458,1.165,
alice,0,28676062,5028,0.0557,0.6435,3.1581,0.1326,,,,541,16,0.46,1.112,
alice,0,28676062,5029,0.0588,0.608,2.9496,0.1326,,,,549,12,0.476,1.47,
alice,0,28676062,5030,0.049,0.6634,3.1423,0.1326,,,,545,8,0.472,1.481,
alice,0,28676062,5031,0.0525,0.6356,3.1447,0.1326,,,,544,10,0.441,1.18,
alice,0,28676062,5032,0.0453,0.6014,2.9727,0.1326,,,,543,20,0.46,1.205,
alice,0,28676062,5033,0.0426,0.6775,3.1572,0.1326,,,,535,10,0.451,1.251,
alice,0,28676062,5034,0.0524,0.6334,3.0591,0.1326,,,,546,13,0.459,1.155,
alice,0,28676062,5035,0.0724,0.6791,3.4017,0.1326,,,,542,16,0.455,1.468,
alice,0,28676062,5036,0.0652,0.6533,3.1358,0.1326,,,,550,7,0.475,1.297,
alice,0,28676062,5037,0.0703,0.6393,3.1055,0.1326,,,,549,10,0.475,1.322,
alice,0,28676062,5038,0.0692,0.6184,2.7941,0.1326,,,,546,4,0.482,1.136,
alice,0,28676062,5039,0.0485,0.5878,2.8355,0.1326,,,,555,15,0.463,1.297,
alice,0,28676062,5040,0.0391,0.6547,3.2991,0.1326,,,,543,24,0.439,1.221,
alice,0,28676062,5041,0.0531,0.634,2.8333,0.1326,,,,542,19,0.439,1.289,
alice,0,28676062,5042,0.0611,0.5792,2.7597,0.1326,,,,557,16,0.448,1.427,
alice,0,28676062,5043,0.0663,0.6054,2.9202,0.1326,,,,541,17,0.441,1.446,
alice,0,28676062,5044,0.0627,0.6483,3.3364,0.1326,,,,538,14,0.446,1.24,
alice,0,28676062,5045,0.072,0.5823,3.0457,0.1326,,,,545,11,0.483,1.29,
alice,0,28676062,5046,0.0583,0.5453,2.7137,0.1326,,,,544,19,0.449,1.322,
alice,0,28676062,5047,0.0695,0.6243,3.1532,0.1326,,,,554,18,0.439,1.274,
alice,0,28676062,5048,0.0774,0.5538,2.5733,0.1326,,,,547,9,0.463,1.129,
alice,0,28676062,5049,0.0696,0.5786,2.9091,0.1326,,,,553,13,0.479,1.271,
alice,0,28676062,5050,0.0626,0.5997,2.9447,0.1326,,,,555,12,0.48,1.199,
alice,0,28676062,5051,0.0521,0.5576,2.8325,0.1326,,,,546,11,0.471,1.307,
alice,0,28676062,5052,0.049,0.5999,3.0047,0.1326,,,,548,16,0.445,1.221,
alice,0,28676062,5053,0.055,0.6459,3.0935,0.1326,,,,534,9,0.476,1.172,
alice,0,28676062,5054,0.065,0.5507,2.6129,0.1326,,,,547,12,0.47,1.311,
alice,0,28676062,5055,0.0576,0.5985,2.9078,0.1326,,,,547,20,0.454,1.185,
alice,0,28676062,5056,0.0577,0.5959,2.9417,0.1326,,,,554,11,0.466,1.342,
alice,0,28676062,5057,0.052,0.5825,3.0237,0.1326,,,,546,11,0.466,1.287,
alice,0,28676062,5058,0.0451,0.5713,2.9612,0.1326,,,,539,13,0.447,1.073,
alice,0,28676062,5059,0.0533,0.6356,3.2568,0.1326,,,,532,13,0.468,1.298,
alice,0,28676062,5060,0.071,0.5749,2.8428,0.1326,,,,558,8,0.466,1.486,
alice,0,28676062,5061,0.061,0.6136,2.7595,0.1326,,,,544,8,0.474,1.357,
alice,0,28676062,5062,0.0728,0.6228,3.181,0.1326,,,,560,19,0.454,1.244,
alice,0,28676062,5063,0.0598,0.6056,2.9481,0.1326,,,,559,12,0.443,1.089,
alice,0,28676062,5064,0.0439,0.6318,2.9658,0.1326,,,,551,15,0.468,1.276,
alice,0,28676062,5065,0.0464,0.5527,2.7489,0.1326,,,,557,12,0.471,1.213,
alice,0,28676062,5066,0.0405,0.534,2.9404,0.1326,,,,550,17,0.459,1.303,
alice,0,28676062,5067,0.0598,0.5354,2.8028,0.1326,,,,548,14,0.466,1.065,
alice,0,28676062,5068,0.0581,0.5026,2.4931,0.1326,,,,553,6,0.472,1.163,
alice,0,28676062,5069,0.0443,0.6069,2.9196,0.1326,,,,545,15,0.454,1.201,
alice,0,28676062,5070,0.0573,0.6568,3.1034,0.1326,,,,550,12,0.467,1.276,
alice,0,28676062,5071,0.0512,0.6172,2.6397,0.1326,,,,559,23,0.443,1.309,
alice,0,28676062,5072,0.0701,0.6078,2.9787,0.1326,,,,550,13,0.47,1.164,
alice,0,28676062,5073,0.073,0.6143,2.9129,0.1326,,,,547,11,0.478,1.304,
alice,0,28676062,5074,0.0783,0.7087,3.3673,0.1326,,,,542,7,0.472,1.277,
alice,0,28676062,5075,0.0802,0.6776,3.3278,0.1326,,,,546,19,0.462,1.378,
alice,0,28676062,5076,0.0751,0.5752,2.8417,0.1326,,,,538,13,0.469,1.266,
alice,0,28676062,5077,0.0922,0.5419,2.8276,0.1326,,,,555,23,0.441,1.193,
alice,0,28676062,5078,0.0886,0.5823,2.9118,0.1326,,,,554,18,0.428,1.124,
alice,0,28676062,5079,0.0707,0.5721,2.6853,0.1326,,,,559,15,0.447,1.206,
alice,0,28676062,5080,0.0527,0.5762,3.0465,0.1326,,,,540,9,0.458,1.473,
alice,0,28676062,5081,0.0669,0.553,2.8075,0.1326,,,,561,9,0.453,1.456,
alice,0,28676062,5082,0.0442,0.4641,2.5258,0.1326,,,,554,17,0.453,1.385,
alice,0,28676062,5083,0.0251,0.6238,2.8462,0.1326,,,,534,22,0.443,1.311,
alice,0,28676062,5084,0.046,0.6047,2.9324,0.1326,,,,549,16,0.449,1.186,
alice,0,28676062,5085,0.0499,0.5825,2.9234,0.1326,,,,546,12,0.46,1.117,
alice,0,28676062,5086,0.0434,0.5563,2.9116,0.1326,,,,547,12,0.461,1.172,
alice,0,28676062,5087,0.043,0.5691,2.9721,0.1326,,,,549,21,0.44,1.255,
alice,0,28676062,5088,0.0447,0.5701,2.8238,0.1326,,,,533,19,0.449,1.338,
alice,0,28676062,5089,0.0609,0.5621,3.0045,0.1326,,,,555,8,0.452,1.179,
alice,0,28676062,5090,0.0545,0.5603,2.7182,0.1326,,,,545,12,0.479,1.112,
alice,0,28676062,5091,0.0481,0.5769,2.7907,0.1326,,,,545,12,0.455,1.326,
alice,0,28676062,5092,0.0513,0.6238,3.2243,0.1326,,,,543,12,0.446,1.137,
alice,0,28676062,5093,0.0704,0.6177,2.9274,0.1326,,,,549,13,0.451,1.211,
alice,0,28676062,5094,0.0588,0.6541,3.0961,0.1326,,,,541,16,0.43,1.173,
alice,0,28676062,5095,0.07,0.6421,3.0936,0.1326,,,,553,19,0.439,1.207,
alice,0,28676062,5096,0.0538,0.6068,2.9536,0.1326,,,,552,20,0.456,1.389,
alice,0,28676062,5097,0.06,0.5789,2.6224,0.1326,,,,549,29,0.439,1.46,
alice,0,28676062,5098,0.076,0.642,3.2009,0.1326,,,,549,20,0.432,1.12,
alice,0,28676062,5099,0.0665,0.5706,3.1422,0.1326,,,,547,10,0.467,1.2,
alice,0,28676062,5100,0.0757,0.5835,2.8356,0.1326,,,,546,15,0.45,1.307,
alice,0,28676062,5101,0.0773,0.6217,3.2609,0.1326,,,,533,13,0.462,1.386,
alice,0,28676062,5102,0.0693,0.6042,2.9602,0.1326,,,,536,15,0.46,1.165,
alice,0,28676062,5103,0.0666,0.5904,3.1806,0.1326,,,,538,13,0.461,1.206,
alice,0,28676062,5104,0.0644,0.5159,2.7105,0.1326,,,,551,12,0.472,1.279,
alice,0,28676062,5105,0.0659,0.5886,2.7841,0.1326,,,,536,12,0.488,1.245,
alice,0,28676062,5106,0.0756,0.5867,2.7573,0.1326,,,,547,16,0.472,1.262,
alice,0,28676062,5107,0.0628,0.6298,2.8992,0.1326,,,,555,18,0.46,1.301,
alice,0,28676062,5108,0.059,0.589,3.0741,0.1326,,,,553,17,0.457,1.366,
alice,0,28676062,5109,0.046,0.597,2.8646,0.1326,,,,542,14,0.458,1.321,
alice,0,28676062,5110,0.0364,0.6324,2.9786,0.1326,,,,535,18,0.439,1.21,
alice,0,28676062,5111,0.0458,0.7326,3.2875,0.1326,,,,528,15,0.469,1.311,
alice,0,28676062,5112,0.0594,0.6458,3.1796,0.1326,,,,549,11,0.458,1.151,
alice,0,28676062,5113,0.0563,0.5979,3.1304,0.1326,,,,551,14,0.48,1.272,
alice,0,28676062,5114,0.0536,0.5734,2.9476,0.1326,,,,559,14,0.467,1.234,
alice,0,28676062,5115,0.0424,0.6077,3.0275,0.1326,,,,544,9,0.457,1.318,
alice,0,28676062,5116,0.0403,0.6271,3.0179,0.1326,,,,540,18,0.434,1.289,
alice,0,28676062,5117,0.0515,0.6208,2.9784,0.1326,,,,544,10,0.47,1.328,
alice,0,28676062,5118,0.0441,0.5654,2.8798,0.1326,,,,545,17,0.461,1.304,
alice,0,28676062,5119,0.0353,0.6513,2.7815,0.1326,,,,547,11,0.464,1.331,
alice,0,28676062,5120,0.0477,0.614,3.2986,0.1326,,,,545,23,0.444,1.29,
alice,0,28676062,5121,0.0552,0.5715,2.9258,0.1326,,,,545,18,0.455,1.458,
alice,0,28676062,5122,0.0692,0.5502,2.8,0.1326,,,,558,13,0.451,1.2,
alice,0,28676062,5123,0.0535,0.5335,2.7577,0.1326,,,,547,13,0.464,1.13,
alice,0,28676062,5124,0.0575,0.5748,2.943,0.1326,,,,550,15,0.459,1.116,
alice,0,28676062,5125,0.0472,0.6039,2.8938,0.1326,,,,541,25,0.456,1.147,
alice,0,28676062,5126,0.0699,0.6378,3.0042,0.1326,,,,552,16,0.463,1.319,
alice,0,28676062,5127,0.0593,0.5494,2.6591,0.1326,,,,551,21,0.456,1.16,
alice,0,28676062,5128,0.0651,0.6497,3.4882,0.1326,,,,546,9,0.459,1.159,
alice,0,28676062,5129,0.061,0.6152,2.9865,0.1326,,,,529,11,0.453,1.188,
alice,0,28676062,5130,0.0738,0.6494,2.8443,0.1326,,,,540,8,0.462,1.239,
alice,0,28676062,5131,0.0686,0.6393,2.9522,0.1326,,,,540,16,0.457,1.332,
alice,0,28676062,5132,0.0676,0.6089,2.9641,0.1326,,,,543,8,0.476,1.194,
alice,0,28676062,5133,0.073,0.6031,2.8651,0.1326,,,,554,10,0.471,1.162,
alice,0,28676062,5134,0.0742,0.6228,2.9271,0.1326,,,,545,11,0.47,1.237,
alice,0,28676062,5135,0.0882,0.6331,3.087,0.1326,,,,565,15,0.467,1.243,
alice,0,28676062,5136,0.0582,0.5489,2.8158,0.1326,,,,549,17,0.46,1.24,
alice,0,28676062,5137,0.0554,0.6031,2.7802,0.1326,,,,544,11,0.47,1.192,
alice,0,28676062,5138,0.0685,0.6162,2.9957,0.1326,,,,546,4,0.491,1.224,
alice,0,28676062,5139,0.0601,0.6051,2.6213,0.1326,,,,545,20,0.441,1.286,
alice,0,28676062,5140,0.0528,0.5722,2.4315,0.1326,,,,551,21,0.427,1.238,
alice,0,28676062,5141,0.0718,0.6201,3.0805,0.1326,,,,560,18,0.456,1.229,
alice,0,28676062,5142,0.0702,0.5742,2.7982,0.1326,,,,549,14,0.446,1.192,
alice,0,28676062,5143,0.0727,0.5886,2.973,0.1326,,,,541,10,0.46,1.349,
alice,0,28676062,5144,0.0653,0.6057,2.8491,0.1326,,,,548,14,0.455,1.221,
alice,0,28676062,5145,0.0682,0.6072,2.8348,0.1326,,,,543,14,0.453,1.26,
alice,0,28676062,5146,0.067,0.569,2.9108,0.1326,,,,551,15,0.445,1.117,
alice,0,28676062,5147,0.0611,0.5721,3.0493,0.1326,,,,539,14,0.466,1.335,
alice,0,28676062,5148,0.0513,0.633,3.1797,0.1326,,,,546,13,0.474,1.285,
alice,0,28676062,5149,0.0548,0.5504,2.7945,0.1326,,,,545,14,0.456,1.346,
alice,0,28676062,5150,0.0512,0.6496,3.3033,0.1326,,,,536,8,0.463,1.14,
alice,0,28676062,5151,0.0587,0.5674,2.8157,0.1326,,,,553,19,0.46,1.206,
alice,0,28676062,5152,0.0757,0.611,3.009,0.1326,,,,540,17,0.451,1.188,
alice,0,28676062,5153,0.0836,0.6265,3.1195,0.1326,,,,547,15,0.445,1.104,
alice,0,28676062,5154,0.0853,0.6009,3.2192,0.1326,,,,544,13,0.456,1.385,
alice,0,28676062,5155,0.0623,0.5675,2.5975,0.1326,,,,545,20,0.458,1.269,
alice,0,28676062,5156,0.0524,0.5515,3.0329,0.1326,,,,554,17,0.452,1.131,
alice,0,28676062,5157,0.0589,0.576,3.1456,0.1326,,,,552,9,0.456,1.109,
alice,0,28676062,5158,0.0486,0.5523,2.9378,0.1326,,,,548,8,0.457,1.138,
alice,0,28676062,5159,0.0633,0.5414,2.7202,0.1326,,,,547,11,0.464,1.269,
alice,0,28676062,5160,0.0579,0.6295,3.0773,0.1326,,,,542,11,0.447,1.147,
alice,0,28676062,5161,0.0514,0.6204,3.0209,0.1326,,,,544,24,0.425,1.329,
alice,0,28676062,5162,0.0772,0.6535,3.1498,0.1326,,,,540,15,0.432,1.235,
alice,0,28676062,5163,0.078,0.6524,2.9841,0.1326,,,,551,15,0.45,1.318,
alice,0,28676062,5164,0.0612,0.5919,3.0294,0.1326,,,,548,9,0.451,1.567,
alice,0,28676062,5165,0.061,0.6838,3.1529,0.1326,,,,554,8,0.44,1.189,
alice,0,28676062,5166,0.0611,0.6851,3.3739,0.1326,,,,541,19,0.455,1.077,
alice,0,28676062,5167,0.078,0.6574,3.1245,0.1326,,,,558,9,0.464,1.227,
alice,0,28676062,5168,0.0616,0.6528,3.0265,0.1326,,,,538,20,0.452,1.471,
alice,0,28676062,5169,0.0591,0.6268,2.7814,0.1326,,,,540,17,0.453,1.102,
alice,0,28676062,5170,0.0761,0.666,3.3926,0.1326,,,,548,13,0.463,1.185,
alice,0,28676062,5171,0.0764,0.7089,3.1364,0.1326,,,,552,14,0.462,1.255,
alice,0,28676062,5172,0.0769,0.6504,3.3156,0.1326,,,,559,17,0.455,1.284,
alice,0,28676062,5173,0.07,0.5951,2.8898,0.1326,,,,551,12,0.45,1.309,
alice,0,28676062,5174,0.0738,0.6154,3.1062,0.1326,,,,544,6,0.445,1.18,
alice,0,28676062,5175,0.0714,0.5754,2.5579,0.1326,,,,554,13,0.457,1.405,
alice,0,28676062,5176,0.0754,0.5729,2.8311,0.1326,,,,554,16,0.448,1.552,
alice,0,28676062,5177,0.0784,0.6275,3.1545,0.1326,,,,546,5,0.47,1.45,
alice,0,28676062,5178,0.0806,0.6068,3.1535,0.1326,,,,550,18,0.448,1.213,
alice,0,28676062,5179,0.0718,0.6241,3.243,0.1326,,,,546,15,0.458,1.473,
alice,0,28676062,5180,0.0725,0.5998,3.2057,0.1326,,,,536,17,0.455,1.383,
alice,0,28676062,5181,0.0676,0.5624,2.9952,0.1326,,,,550,13,0.454,1.313,
alice,0,28676062,5182,0.0555,0.5722,3.0193,0.1326,,,,547,10,0.456,1.337,
alice,0,28676062,5183,0.0666,0.5854,2.8991,0.1326,,,,552,7,0.458,1.4,
alice,0,28676062,5184,0.0529,0.5812,2.9202,0.1326,,,,544,25,0.461,1.239,
alice,0,28676062,5185,0.0549,0.6158,2.8528,0.1326,,,,547,17,0.458,1.24,
alice,0,28676062,5186,0.0645,0.5677,2.9595,0.1326,,,,558,13,0.458,1.263,
alice,0,28676062,5187,0.0606,0.6268,3.0806,0.1326,,,,538,14,0.474,1.237,
alice,0,28676062,5188,0.0631,0.6297,3.0622,0.1326,,,,549,12,0.461,1.199,
alice,0,28676062,5189,0.064,0.5368,2.7085,0.1326,,,,544,6,0.471,1.179,
alice,0,28676062,5190,0.0702,0.5591,3.1116,0.1326,,,,543,9,0.467,1.328,
alice,0,28676062,5191,0.0652,0.5427,2.7895,0.1326,,,,542,12,0.468,1.155,
alice,0,28676062,5192,0.0703,0.5714,2.6017,0.1326,,,,544,15,0.456,1.12,
alice,0,28676062,5193,0.0775,0.5929,2.9378,0.1326,,,,544,9,0.487,1.248,
alice,0,28676062,5194,0.0616,0.6156,2.9524,0.1326,,,,538,11,0.478,1.225,
alice,0,28676062,5195,0.0539,0.6276,3.0537,0.1326,,,,556,13,0.467,1.271,
alice,0,28676062,5196,0.0538,0.6097,3.0263,0.1326,,,,537,24,0.454,1.391,
alice,0,28676062,5197,0.0594,0.6133,2.9163,0.1326,,,,561,23,0.454,1.171,
alice,0,28676062,5198,0.0491,0.596,2.7965,0.1326,,,,547,11,0.467,1.293,
alice,0,28676062,5199,0.0544,0.6096,2.9452,0.1326,,,,552,14,0.477,1.214,
alice,0,28676062,5200,0.0332,0.6674,2.887,0.1326,,,,545,11,0.459,1.316,
alice,0,28676062,5201,0.0616,0.5492,2.8211,0.1326,,,,544,21,0.442,1.22,
alice,0,28676062,5202,0.0787,0.5572,2.8991,0.1326,,,,552,15,0.457,1.356,
alice,0,28676062,5203,0.0793,0.5561,2.9812,0.1326,,,,542,18,0.461,1.244,
alice,0,28676062,5204,0.0827,0.6109,2.9505,0.1326,,,,540,12,0.473,1.251,
alice,0,28676062,5205,0.0776,0.5736,2.8673,0.1326,,,,539,17,0.466,1.304,
alice,0,28676062,5206,0.0596,0.5472,2.7031,0.1326,,,,546,16,0.475,1.302,
alice,0,28676062,5207,0.066,0.5687,2.7725,0.1326,,,,551,6,0.461,1.507,
alice,0,28676062,5208,0.0704,0.604,3.0818,0.1326,,,,536,19,0.472,1.279,
alice,0,28676062,5209,0.0686,0.6083,2.8101,0.1326,,,,545,20,0.454,1.218,
alice,0,28676062,5210,0.0555,0.6122,2.9237,0.1326,,,,542,32,0.421,1.068,
alice,0,28676062,5211,0.0746,0.5872,3.1207,0.1326,,,,558,10,0.45,1.236,
alice,0,28676062,5212,0.0768,0.6272,3.2477,0.1326,,,,551,8,0.446,1.149,
alice,0,28676062,5213,0.0769,0.5516,2.9662,0.1326,,,,545,17,0.448,1.182,
alice,0,28676062,5214,0.0641,0.5888,2.8037,0.1326,,,,539,12,0.453,1.283,
alice,0,28676062,5215,0.0584,0.5432,2.8744,0.1326,,,,547,10,0.466,1.305,
alice,0,28676062,5216,0.055,0.5686,2.7783,0.1326,,,,552,12,0.442,1.249,
alice,0,28676062,5217,0.0544,0.5821,2.9259,0.1326,,,,539,9,0.468,1.263,
alice,0,28676062,5218,0.0574,0.6181,3.2028,0.1326,,,,536,12,0.456,1.214,
alice,0,28676062,5219,0.0601,0.6217,2.8979,0.1326,,,,553,16,0.434,1.259,
alice,0,28676062,5220,0.0579,0.6252,2.9075,0.1326,,,,544,17,0.448,1.249,
alice,0,28676062,5221,0.0496,0.6445,3.1558,0.1326,,,,548,19,0.442,1.22,
alice,0,28676062,5222,0.062,0.5809,3.04,0.1326,,,,542,16,0.453,1.445,
alice,0,28676062,5223,0.0835,0.5956,2.7718,0.1326,,,,547,10,0.458,1.152,
alice,0,28676062,5224,0.0801,0.6758,3.3562,0.1326,,,,542,14,0.457,1.21,
alice,0,28676062,5225,0.0833,0.6409,3.2308,0.1326,,,,550,21,0.454,1.267,
alice,0,28676062,5226,0.0739,0.6172,2.8975,0.1326,,,,542,20,0.429,1.21,
alice,0,28676062,5227,0.0797,0.5838,3.1197,0.1326,,,,557,20,0.446,1.192,
alice,0,28676062,5228,0.0736,0.5874,2.9025,0.1326,,,,550,6,0.473,1.237,
alice,0,28676062,5229,0.0679,0.5614,2.5958,0.1326,,,,553,4,0.482,1.249,
alice,0,28676062,5230,0.0593,0.6144,2.9878,0.1326,,,,554,12,0.461,1.462,
alice,0,28676062,5231,0.0612,0.6253,2.8449,0.1326,,,,555,21,0.451,1.242,
alice,0,28676062,5232,0.0574,0.6062,2.9087,0.1326,,,,551,11,0.465,1.223,
alice,0,28676062,5233,0.0566,0.6495,2.9467,0.1326,,,,547,14,0.46,1.344,
alice,0,28676062,5234,0.0609,0.6802,3.2167,0.1326,,,,547,12,0.459,1.194,
alice,0,28676062,5235,0.0506,0.6321,3.1718,0.1326,,,,540,17,0.439,1.193,
alice,0,28676062,5236,0.0558,0.6547,3.2218,0.1326,,,,550,13,0.444,1.254,
alice,0,28676062,5237,0.0524,0.6346,3.0508,0.1326,,,,538,15,0.444,1.446,
alice,0,28676062,5238,0.0751,0.6019,2.9958,0.1326,,,,559,13,0.451,1.072,
alice,0,28676062,5239,0.0684,0.5601,2.7739,0.1326,,,,554,13,0.468,1.263,
alice,0,28676062,5240,0.0762,0.5742,2.6907,0.1326,,,,561,7,0.47,1.142,
alice,0,28676062,5241,0.0681,0.6119,2.9827,0.1326,,,,547,12,0.457,1.158,
alice,0,28676062,5242,0.079,0.5874,2.8841,0.1326,,,,557,5,0.48,1.549,
alice,0,28676062,5243,0.0694,0.5895,2.6478,0.1326,,,,559,12,0.458,1.265,
alice,0,28676062,5244,0.0709,0.5783,2.9865,0.1326,,,,552,15,0.469,1.324,
alice,0,28676062,5245,0.073,0.6283,3.0262,0.1326,,,,547,13,0.46,1.453,
alice,0,28676062,5246,0.0516,0.6279,2.8292,0.1326,,,,551,17,0.435,1.394,
alice,0,28676062,5247,0.0603,0.6446,2.8462,0.1326,,,,542,17,0.464,1.279,
alice,0,28676062,5248,0.0876,0.5536,2.6016,0.1326,,,,557,12,0.455,1.256,
alice,0,28676062,5249,0.0876,0.6038,2.8298,0.1326,,,,568,9,0.468,1.193,
alice,0,28676062,5250,0.0667,0.5977,3.2732,0.1326,,,,542,22,0.448,1.188,
alice,0,28676062,5251,0.0689,0.506,2.555,0.1326,,,,559,19,0.475,1.255,
alice,0,28676062,5252,0.0611,0.5748,2.743,0.1326,,,,541,9,0.485,1.192,
alice,0,28676062,5253,0.076,0.559,2.6943,0.1326,,,,549,10,0.467,1.315,
alice,0,28676062,5254,0.0661,0.5842,3.0561,0.1326,,,,545,10,0.478,1.145,
alice,0,28676062,5255,0.0583,0.5476,2.7215,0.1326,,,,549,7,0.479,1.259,
alice,0,28676062,5256,0.068,0.5669,2.7682,0.1326,,,,555,8,0.481,1.031,
alice,0,28676062,5257,0.053,0.5532,2.7309,0.1326,,,,552,15,0.437,1.239,
alice,0,28676062,5258,0.0528,0.5498,2.7136,0.1326,,,,546,13,0.467,1.422,
alice,0,28676062,5259,0.0532,0.5828,2.931,0.1326,,,,533,11,0.468,1.232,
alice,0,28676062,5260,0.0478,0.5286,2.563,0.1326,,,,551,9,0.48,1.274,
alice,0,28676062,5261,0.0717,0.5877,3.0946,0.1326,,,,557,5,0.486,1.303,
bob,0,28676062,0,-0.0135,0.0277,0.36,,-0.996,0.5,0.0476,,,,,
bob,0,28676062,1,-0.0138,0.0184,0.27999999999999997,,-0.9681,0.4998,0.0342,,,,,
bob,0,28676062,2,-0.006,0.0207,0.4,,-0.9752,0.4997,0.0363,,,,,
bob,0,28676062,3,-0.0018,0.0225,0.26,,-1.0072,0.4995,0.0337,,,,,
bob,0,28676062,4,-0.0022,0.0202,0.24,,-1.0068,0.4993,0.0308,,,,,
bob,0,28676062,5,0.001,0.0201,0.27999999999999997,,-1.0082,0.4992,0.0299,,,,,
bob,0,28676062,6,-0.0007,0.0085,0.24,,-1.0346,0.499,0.0282,,,,,
bob,0,28676062,7,0.0011,0.0135,0.26,,-1.0018,0.4988,0.0275,,,,,
bob,0,28676062,8,-0.0006,0.0262,0.27999999999999997,,-1.0201,0.4987,0.0275,,,,,
bob,0,28676062,9,-0.0014,0.0241,0.3,,-1.0121,0.4985,0.0273,,,,,
bob,0,28676062,10,0.0012,0.0114,0.2,,-1.0326,0.4983,0.0259,,,,,
bob,0,28676062,11,0.0009,0.015,0.2,,-1.0677,0.4982,0.0248,,,,,
bob,0,28676062,12,-0.001,0.0187,0.2,,-1.0704,0.498,0.0237,,,,,
bob,0,28676062,13,-0.0007,0.0132,0.18,,-1.031,0.4978,0.0227,,,,,
bob,0,28676062,14,0.0001,0.0277,0.24,,-1.0639,0.4977,0.0226,,,,,
bob,0,28676062,15,0.0001,0.0263,0.24,,-1.0434,0.4975,0.0224,,,,,
bob,0,28676062,16,0.0004,0.0401,0.27999999999999997,,-1.0431,0.4973,0.0228,,,,,
bob,0,28676062,17,-0.0003,0.0141,0.2,,-1.0455,0.4972,0.0223,,,,,
bob,0,28676062,18,-0.0011,0.0237,0.24,,-1.05,0.497,0.022,,,,,
bob,0,28676062,19,-0.0015,0.0258,0.24,,-1.0663,0.4968,0.0218,,,,,
bob,0,28676062,20,0.0001,0.0212,0.2,,-1.0433,0.4967,0.0214,,,,,
bob,0,28676062,21,-0.0011,0.0089,0.18,,-1.0421,0.4965,0.021,,,,,
bob,0,28676062,22,-0.0002,0.0235,0.2,,-1.0974,0.4963,0.0207,,,,,
bob,0,28676062,23,0.0001,0.012,0.18,,-1.0569,0.4962,0.0204,,,,,
bob,0,28676062,24,-0.0005,0.0209,0.2,,-1.023,0.496,0.0201,,,,,
bob,0,28676062,25,-0.001,0.038,0.27999999999999997,,-1.0786,0.4958,0.0204,,,,,
bob,0,28676062,26,0.0006,0.0145,0.16,,-1.0674,0.4957,0.0199,,,,,
bob,0,28676062,27,0.001,0.0555,0.33999999999999997,,-1.0787,0.4955,0.0206,,,,,
bob,0,28676062,28,0.0018,0.0305,0.22,,-1.0806,0.4953,0.0206,,,,,
bob,0,28676062,29,0.0002,0.0185,0.2,,-1.0883,0.4952,0.0204,,,,,
bob,0,28676062,30,-0.0006,0.0111,0.18,,-1.0304,0.495,0.0202,,,,,
bob,0,28676062,31,0.0,0.0202,0.2,,-1.0882,0.4948,0.02,,,,,
bob,0,28676062,32,-0.0003,0.0091,0.18,,-1.0934,0.4947,0.0196,,,,,
bob,0,28676062,33,-0.0009,0.0199,0.2,,-1.0369,0.4945,0.0194,,,,,
bob,0,28676062,34,0.0,0.0111,0.2,,-1.0982,0.4943,0.0191,,,,,
bob,0,28676062,35,-0.0004,0.0376,0.27999999999999997,,-1.0758,0.4942,0.0193,,,,,
bob,0,28676062,36,0.0005,0.0246,0.2,,-1.0538,0.494,0.0192,,,,,
bob,0,28676062,37,0.0,0.0242,0.24,,-1.1009,0.4938,0.0191,,,,,
bob,0,28676062,38,0.0006,0.0125,0.18,,-1.0877,0.4937,0.0188,,,,,
bob,0,28676062,39,-0.0002,0.0067,0.18,,-1.0759,0.4935,0.0186,,,,,
bob,0,28676062,40,-0.0002,0.0035,0.18,,-1.0839,0.4933,0.0182,,,,,
bob,0,28676062,41,0.0002,0.015,0.22,,-1.122,0.4932,0.018,,,,,
bob,0,28676062,42,-0.0004,0.0069,0.2,,-1.1078,0.493,0.0178,,,,,
bob,0,28676062,43,-0.0004,0.0182,0.24,,-1.0868,0.4928,0.0177,,,,,
bob,0,28676062,44,-0.0003,0.0114,0.18,,-1.0952,0.4927,0.0175,,,,,
bob,0,28676062,45,-0.0007,0.0104,0.16,,-1.1074,0.4925,0.0173,,,,,
bob,0,28676062,46,-0.0007,0.0078,0.18,,-1.0808,0.4923,0.017,,,,,
bob,0,28676062,47,-0.0016,0.0101,0.2,,-1.1011,0.4922,0.0168,,,,,
bob,0,28676062,48,-0.0009,0.0231,0.24,,-1.1168,0.492,0.0168,,,,,
bob,0,28676062,49,-0.0002,0.0097,0.16,,-1.0968,0.4918,0.0166,,,,,
bob,0,28676062,50,0.0007,0.0234,0.24,,-1.0833,0.4917,0.0166,,,,,
bob,0,28676062,51,-0.0005,0.0104,0.16,,-0.6195,0.4915,0.0164,,,,,
bob,0,28676062,52,0.0003,0.0206,0.22,,-0.6329,0.4913,0.0164,,,,,
bob,0,28676062,53,-0.0001,0.0201,0.22,,-0.9042,0.4912,0.0163,,,,,
bob,0,28676062,54,0.001,0.0186,0.22,,-0.9813,0.491,0.0162,,,,,
bob,0,28676062,55,0.0014,0.0151,0.18,,-1.1054,0.4908,0.0161,,,,,
bob,0,28676062,56,0.0006,0.0226,0.24,,-1.059,0.4907,0.0161,,,,,
bob,0,28676062,57,0.0007,0.0059,0.12,,-1.0737,0.4905,0.0159,,,,,
bob,0,28676062,58,0.0007,0.0215,0.24,,-1.0793,0.4903,0.0159,,,,,
bob,0,28676062,59,0.0004,0.0088,0.18,,-1.0663,0.4902,0.0158,,,,,
bob,0,28676062,60,-0.0012,0.011,0.18,,-1.0893,0.49,0.0157,,,,,
bob,0,28676062,61,-0.0011,0.0165,0.2,,-1.0905,0.4898,0.0156,,,,,
bob,0,28676062,62,-0.0,0.0097,0.22,,-1.0746,0.4897,0.0155,,,,,
bob,0,28676062,63,-0.0004,0.0133,0.2,,-1.0924,0.4895,0.0154,,,,,
bob,0,28676062,64,-0.0002,0.0065,0.16,,-1.1094,0.4893,0.0152,,,,,
bob,0,28676062,65,-0.0,0.025,0.22,,-1.0792,0.4892,0.0152,,,,,
bob,0,28676062,66,-0.0014,0.0101,0.18,,-1.0979,0.489,0.0151,,,,,
bob,0,28676062,67,-0.0002,0.0133,0.18,,-1.0976,0.4888,0.015,,,,,
bob,0,28676062,68,-0.0001,0.0128,0.2,,-1.1099,0.4887,0.0149,,,,,
bob,0,28676062,69,-0.0,0.028,0.24,,-1.083,0.4885,0.015,,,,,
bob,0,28676062,70,-0.0001,0.0146,0.18,,-1.1001,0.4883,0.0149,,,,,
bob,0,28676062,71,0.0001,0.0164,0.22,,-1.0805,0.4882,0.0149,,,,,
bob,0,28676062,72,-0.0009,0.0037,0.16,,-1.0678,0.488,0.0147,,,,,
bob,0,28676062,73,-0.0007,0.0115,0.2,,-1.0852,0.4878,0.0146,,,,,
bob,0,28676062,74,-0.0004,0.0088,0.16,,-1.0774,0.4877,0.0145,,,,,
bob,0,28676062,75,-0.0005,0.0013,0.16,,-1.0787,0.4875,0.0143,,,,,
bob,0,28676062,76,-0.0007,0.0122,0.2,,-1.1127,0.4873,0.0142,,,,,
bob,0,28676062,77,-0.0004,0.0173,0.24,,-1.0704,0.4872,0.0142,,,,,
bob,0,28676062,78,-0.0003,0.0089,0.22,,-1.0882,0.487,0.0141,,,,,
bob,0,28676062,79,0.0001,0.0013,0.16,,-1.116,0.4868,0.0139,,,,,
bob,0,28676062,80,-0.0004,0.0078,0.2,,-1.0885,0.4867,0.0139,,,,,
bob,0,28676062,81,-0.001,0.0015,0.13999999999999999,,-1.1062,0.4865,0.0137,,,,,
bob,0,28676062,82,-0.0009,0.0022,0.18,,-1.0916,0.4863,0.0135,,,,,
bob,0,28676062,83,-0.0001,0.0048,0.18,,-1.1203,0.4862,0.0134,,,,,
bob,0,28676062,84,-0.0004,0.0032,0.16,,-1.1099,0.486,0.0133,,,,,
bob,0,28676062,85,-0.0009,0.0019,0.18,,-1.0768,0.4858,0.0132,,,,,
bob,0,28676062,86,-0.0008,0.0135,0.22,,-1.0964,0.4857,0.0131,,,,,
bob,0,28676062,87,-0.0014,0.0071,0.18,,-0.6365,0.4855,0.013,,,,,
bob,0,28676062,88,0.0006,0.0115,0.2,,-0.5084,0.4853,0.013,,,,,
bob,0,28676062,89,-0.0011,0.0056,0.2,,-0.9579,0.4852,0.0129,,,,,
bob,0,28676062,90,-0.0005,0.0176,0.24,,-1.1063,0.485,0.0128,,,,,
bob,0,28676062,91,-0.0002,0.0055,0.2,,-1.1363,0.4848,0.0128,,,,,
bob,0,28676062,92,-0.0004,0.0071,0.18,,-1.1013,0.4847,0.0127,,,,,
bob,0,28676062,93,-0.0008,0.0191,0.22,,-1.0798,0.4845,0.0127,,,,,
bob,0,28676062,94,0.0012,0.0018,0.16,,-1.1145,0.4843,0.0125,,,,,
bob,0,28676062,95,0.001,0.0104,0.2,,-1.1357,0.4842,0.0125,,,,,
bob,0,28676062,96,-0.0007,0.0056,0.18,,-1.1084,0.484,0.0124,,,,,
bob,0,28676062,97,0.0007,0.0239,0.26,,-1.1279,0.4838,0.0124,,,,,
bob,0,28676062,98,0.0005,0.0085,0.18,,-1.1267,0.4837,0.0124,,,,,
bob,0,28676062,99,-0.0002,0.0155,0.2,,-1.125,0.4835,0.0123,,,,,
bob,0,28676062,100,-0.0009,0.0091,0.18,,-1.1029,0.4833,0.0123,,,,,
bob,0,28676062,101,0.0005,0.018,0.22,,-1.107,0.4832,0.0123,,,,,
bob,0,28676062,102,0.0003,0.0162,0.22,,-1.0954,0.483,0.0123,,,,,
bob,0,28676062,103,-0.0015,0.0055,0.16,,-1.111,0.4828,0.0122,,,,,
bob,0,28676062,104,-0.0005,0.0119,0.2,,-1.0948,0.4827,0.0121,,,,,
bob,0,28676062,105,-0.0007,0.0053,0.16,,-1.1244,0.4825,0.012,,,,,
bob,0,28676062,106,-0.0006,0.0042,0.18,,-1.1264,0.4823,0.0119,,,,,
bob,0,28676062,107,-0.0002,0.0211,0.24,,-1.0898,0.4822,0.0119,,,,,
bob,0,28676062,108,0.0002,0.0052,0.18,,-1.1055,0.482,0.0119,,,,,
bob,0,28676062,109,-0.0004,0.0221,0.22,,-1.0986,0.4818,0.0119,,,,,
bob,0,28676062,110,0.0002,0.0109,0.18,,-1.1029,0.4817,0.0118,,,,,
bob,0,28676062,111,0.0001,0.015,0.22,,-1.0891,0.4815,0.0118,,,,,
bob,0,28676062,112,0.0,0.0093,0.18,,-1.0792,0.4813,0.0117,,,,,
bob,0,28676062,113,-0.0005,0.014,0.22,,-1.098,0.4812,0.0117,,,,,
bob,0,28676062,114,-0.0006,0.0122,0.2,,-1.1102,0.481,0.0116,,,,,
bob,0,28676062,115,0.0012,0.0134,0.22,,-1.0876,0.4808,0.0116,,,,,
bob,0,28676062,116,-0.0023,0.0219,0.2,,-1.1017,0.4807,0.0116,,,,,
bob,0,28676062,117,0.0007,0.0259,0.22,,-1.1254,0.4805,0.0117,,,,,
bob,0,28676062,118,0.0006,0.0232,0.22,,-1.1019,0.4803,0.0117,,,,,
bob,0,28676062,119,0.0001,0.009,0.18,,-1.1187,0.4802,0.0116,,,,,
bob,0,28676062,120,0.0009,0.002,0.16,,-1.1223,0.48,0.0115,,,,,
bob,0,28676062,121,-0.001,0.0135,0.2,,-1.1021,0.4798,0.0115,,,,,
bob,0,28676062,122,-0.0,0.0186,0.22,,-1.0967,0.4797,0.0115,,,,,
bob,0,28676062,123,-0.0004,0.0228,0.22,,-1.1224,0.4795,0.0115,,,,,
bob,0,28676062,124,0.001,0.0078,0.18,,-1.1295,0.4793,0.0114,,,,,
bob,0,28676062,125,0.001,0.0117,0.22,,-1.1191,0.4792,0.0114,,,,,
bob,0,28676062,126,0.0005,0.009,0.16,,-1.1034,0.479,0.0114,,,,,
bob,0,28676062,127,-0.0,0.0058,0.16,,-1.1282,0.4788,0.0113,,,,,
bob,0,28676062,128,0.0001,0.0122,0.2,,-1.1109,0.4787,0.0113,,,,,
bob,0,28676062,129,0.0001,0.0056,0.16,,-1.0909,0.4785,0.0112,,,,,
bob,0,28676062,130,0.0009,0.0083,0.2,,-1.0799,0.4783,0.0111,,,,,
bob,0,28676062,131,0.0006,0.0083,0.2,,-1.1003,0.4782,0.0111,,,,,
bob,0,28676062,132,-0.0011,0.0014,0.16,,-1.0977,0.478,0.011,,,,,
bob,0,28676062,133,0.0001,0.005,0.18,,-1.1105,0.4778,0.0109,,,,,
bob,0,28676062,134,0.0004,0.0039,0.16,,-1.1076,0.4777,0.0109,,,,,
bob,0,28676062,135,0.0006,0.0164,0.22,,-1.1241,0.4775,0.0109,,,,,
bob,0,28676062,136,0.0013,0.0078,0.2,,-1.1014,0.4773,0.0108,,,,,
bob,0,28676062,137,-0.0008,0.0032,0.16,,-1.0927,0.4772,0.0107,,,,,
bob,0,28676062,138,0.0006,0.0115,0.22,,-1.1139,0.477,0.0107,,,,,
bob,0,28676062,139,0.001,0.0115,0.18,,-1.1304,0.4768,0.0107,,,,,
bob,0,28676062,140,0.0012,0.0081,0.2,,-1.1208,0.4767,0.0106,,,,,
bob,0,28676062,141,0.0016,0.0088,0.18,,-1.0918,0.4765,0.0106,,,,,
bob,0,28676062,142,0.0007,0.0101,0.2,,-1.1018,0.4763,0.0106,,,,,
bob,0,28676062,143,0.0011,0.0082,0.2,,-1.0821,0.4762,0.0105,,,,,
bob,0,28676062,144,0.0009,0.0116,0.2,,-1.0749,0.476,0.0105,,,,,
bob,0,28676062,145,-0.0001,0.0094,0.2,,-1.0857,0.4758,0.0105,,,,,
bob,0,28676062,146,0.0003,0.0092,0.2,,-1.0924,0.4757,0.0104,,,,,
bob,0,28676062,147,0.0004,0.0176,0.22,,-1.0809,0.4755,0.0104,,,,,
bob,0,28676062,148,0.0014,0.0128,0.22,,-1.0806,0.4753,0.0104,,,,,
bob,0,28676062,149,0.0003,0.0103,0.2,,-1.0695,0.4752,0.0104,,,,,
bob,0,28676062,150,-0.0002,0.005,0.18,,-1.0574,0.475,0.0103,,,,,
bob,0,28676062,151,0.0015,0.0083,0.22,,-1.0541,0.4748,0.0103,,,,,
bob,0,28676062,152,0.0012,0.0116,0.2,,-1.0621,0.4747,0.0103,,,,,
bob,0,28676062,153,-0.0003,0.0189,0.22,,-1.0441,0.4745,0.0103,,,,,
bob,0,28676062,154,0.0021,0.012,0.22,,-1.0498,0.4743,0.0103,,,,,
bob,0,28676062,155,-0.001,0.0022,0.16,,-1.0524,0.4742,0.0102,,,,,
bob,0,28676062,156,0.0026,0.0112,0.2,,-1.0415,0.474,0.0102,,,,,
bob,0,28676062,157,0.0025,0.0103,0.22,,-1.0456,0.4738,0.0102,,,,,
bob,0,28676062,158,-0.0,0.0111,0.2,,-1.0425,0.4737,0.0101,,,,,
bob,0,28676062,159,0.0021,0.0054,0.2,,-1.0354,0.4735,0.0101,,,,,
bob,0,28676062,160,0.0009,0.0086,0.2,,-1.0387,0.4733,0.0101,,,,,
bob,0,28676062,161,0.0019,0.0023,0.18,,-1.0363,0.4732,0.01,,,,,
bob,0,28676062,162,-0.0011,0.0111,0.2,,-1.0402,0.473,0.01,,,,,
bob,0,28676062,163,0.0005,0.0203,0.24,,-1.0335,0.4728,0.01,,,,,
bob,0,28676062,164,0.0004,0.0052,0.2,,-1.0376,0.4727,0.01,,,,,
bob,0,28676062,165,-0.0004,0.005,0.18,,-1.0411,0.4725,0.0099,,,,,
bob,0,28676062,166,-0.0008,0.0018,0.18,,-1.0385,0.4723,0.0099,,,,,
bob,0,28676062,167,-0.0019,0.0013,0.2,,-1.0385,0.4722,0.0098,,,,,
bob,0,28676062,168,0.0011,0.0083,0.18,,-1.0386,0.472,0.0098,,,,,
bob,0,28676062,169,0.0,0.0082,0.18,,-1.037,0.4718,0.0097,,,,,
bob,0,28676062,170,0.001,0.0088,0.22,,-1.0325,0.4717,0.0097,,,,,
bob,0,28676062,171,0.0028,0.0121,0.2,,-1.0326,0.4715,0.0097,,,,,
bob,0,28676062,172,0.0008,0.0109,0.22,,-1.0294,0.4713,0.0097,,,,,
bob,0,28676062,173,0.0031,0.0017,0.18,,-1.0299,0.4712,0.0096,,,,,
bob,0,28676062,174,0.0005,0.0084,0.2,,-1.0388,0.471,0.0096,,,,,
bob,0,28676062,175,0.0012,0.005,0.2,,-1.0319,0.4708,0.0095,,,,,
bob,0,28676062,176,0.0015,0.0084,0.2,,-1.0318,0.4707,0.0095,,,,,
bob,0,28676062,177,0.0015,0.0084,0.2,,-1.0344,0.4705,0.0095,,,,,
bob,0,28676062,178,0.0014,0.012,0.24,,-1.0377,0.4703,0.0095,,,,,
bob,0,28676062,179,0.0026,0.0119,0.22,,-1.0316,0.4702,0.0094,,,,,
bob,0,28676062,180,0.0018,0.0085,0.2,,-1.0334,0.47,0.0094,,,,,
bob,0,28676062,181,0.002,0.0087,0.18,,-1.0315,0.4698,0.0094,,,,,
bob,0,28676062,182,0.0005,0.0054,0.16,,-1.0337,0.4697,0.0093,,,,,
bob,0,28676062,183,0.001,0.0084,0.18,,-1.0287,0.4695,0.0093,,,,,
bob,0,28676062,184,0.0017,0.0117,0.22,,-1.0286,0.4693,0.0093,,,,,
bob,0,28676062,185,0.0034,0.0115,0.22,,-1.0261,0.4692,0.0093,,,,,
bob,0,28676062,186,0.0019,0.0053,0.2,,-1.0312,0.469,0.0092,,,,,
bob,0,28676062,187,0.0018,0.0085,0.2,,-1.036,0.4688,0.0092,,,,,
bob,0,28676062,188,0.0005,0.003,0.18,,-1.0358,0.4687,0.0092,,,,,
bob,0,28676062,189,0.0027,0.0074,0.2,,-1.0337,0.4685,0.0092,,,,,
bob,0,28676062,190,0.0025,0.0072,0.2,,-1.0341,0.4683,0.0091,,,,,
bob,0,28676062,191,0.0024,0.0148,0.22,,-1.0362,0.4682,0.0091,,,,,
bob,0,28676062,192,0.0011,0.0087,0.2,,-1.0365,0.468,0.0091,,,,,
bob,0,28676062,193,0.0026,0.0084,0.2,,-1.0244,0.4678,0.0091,,,,,
bob,0,28676062,194,0.0019,0.0094,0.2,,-1.0278,0.4677,0.0091,,,,,
bob,0,28676062,195,0.0006,0.0052,0.2,,-1.0267,0.4675,0.009,,,,,
bob,0,28676062,196,0.0012,0.0082,0.22,,-1.0326,0.4673,0.009,,,,,
bob,0,28676062,197,0.0029,0.005,0.2,,-1.0242,0.4672,0.009,,,,,
bob,0,28676062,198,0.0037,0.0048,0.2,,-1.025,0.467,0.0089,,,,,
bob,0,28676062,199,0.0012,0.0116,0.22,,-1.0275,0.4668,0.0089,,,,,
bob,0,28676062,200,-0.0006,0.008,0.2,,-1.0279,0.4667,0.0087,,,,,
bob,0,28676062,201,0.0033,0.0105,0.24,,-1.0284,0.4665,0.0086,,,,,
bob,0,28676062,202,0.0005,0.0081,0.2,,-1.0342,0.4663,0.0084,,,,,
bob,0,28676062,203,0.0047,0.0017,0.18,,-1.0367,0.4662,0.0083,,,,,
bob,0,28676062,204,0.0012,0.0016,0.18,,-1.034,0.466,0.0082,,,,,
bob,0,28676062,205,0.0031,0.0048,0.2,,-1.0257,0.4658,0.0081,,,,,
bob,0,28676062,206,-0.0003,0.0052,0.2,,-1.0249,0.4657,0.008,,,,,
bob,0,28676062,207,0.0002,0.0017,0.18,,-1.0278,0.4655,0.0079,,,,,
bob,0,28676062,208,0.0022,0.0142,0.24,,-1.0233,0.4653,0.0078,,,,,
bob,0,28676062,209,0.0033,0.0014,0.18,,-1.0274,0.4652,0.0077,,,,,
bob,0,28676062,210,0.0026,0.0046,0.2,,-1.0266,0.465,0.0076,,,,,
bob,0,28676062,211,0.001,0.0088,0.2,,-1.0272,0.4648,0.0076,,,,,
bob,0,28676062,212,0.0015,0.0049,0.18,,-1.028,0.4647,0.0075,,,,,
bob,0,28676062,213,0.0019,0.0179,0.22,,-1.0301,0.4645,0.0075,,,,,
bob,0,28676062,214,0.0009,0.0155,0.24,,-1.0246,0.4643,0.0075,,,,,
bob,0,28676062,215,0.0033,0.0116,0.22,,-1.0319,0.4642,0.0074,,,,,
bob,0,28676062,216,0.0006,0.0082,0.22,,-1.0352,0.464,0.0073,,,,,
bob,0,28676062,217,0.0007,0.0085,0.2,,-1.0347,0.4638,0.0072,,,,,
bob,0,28676062,218,0.0027,0.0111,0.24,,-1.027,0.4637,0.0072,,,,,
bob,0,28676062,219,0.0005,0.0124,0.24,,-1.0301,0.4635,0.0071,,,,,
bob,0,28676062,220,0.0011,0.011,0.24,,-1.0304,0.4633,0.0071,,,,,
bob,0,28676062,221,0.0014,0.0093,0.2,,-1.0346,0.4632,0.0071,,,,,
bob,0,28676062,222,0.0002,0.0082,0.2,,-1.0327,0.463,0.007,,,,,
bob,0,28676062,223,0.0028,0.0101,0.22,,-0.5945,0.4628,0.007,,,,,
bob,0,28676062,224,0.0011,0.0019,0.18,,-0.9817,0.4627,0.0069,,,,,
bob,0,28676062,225,0.0018,0.011,0.24,,-1.0596,0.4625,0.0068,,,,,
bob,0,28676062,226,0.0011,0.0052,0.2,,-1.0527,0.4623,0.0068,,,,,
bob,0,28676062,227,0.0015,0.0015,0.18,,-1.0304,0.4622,0.0066,,,,,
bob,0,28676062,228,0.006,0.0047,0.2,,-1.029,0.462,0.0065,,,,,
bob,0,28676062,229,0.0042,0.0098,0.22,,-1.0287,0.4618,0.0064,,,,,
bob,0,28676062,230,0.0034,0.0084,0.24,,-1.0352,0.4617,0.0064,,,,,
bob,0,28676062,231,0.0033,0.0084,0.2,,-1.0287,0.4615,0.0064,,,,,
bob,0,28676062,232,0.0012,0.0052,0.2,,-1.0224,0.4613,0.0063,,,,,
bob,0,28676062,233,0.0049,0.0045,0.2,,-1.0322,0.4612,0.0063,,,,,
bob,0,28676062,234,0.0009,0.0113,0.22,,-1.0339,0.461,0.0063,,,,,
bob,0,28676062,235,0.0017,0.0179,0.26,,-1.0315,0.4608,0.0062,,,,,
bob,0,28676062,236,0.0006,0.0083,0.22,,-1.0257,0.4607,0.0061,,,,,
bob,0,28676062,237,0.0021,0.0022,0.18,,-1.0299,0.4605,0.006,,,,,
bob,0,28676062,238,0.0027,0.0112,0.22,,-1.0352,0.4603,0.006,,,,,
bob,0,28676062,239,0.0006,0.0289,0.27999999999999997,,-1.0337,0.4602,0.0061,,,,,
bob,0,28676062,240,0.0045,0.0056,0.18,,-1.0342,0.46,0.0061,,,,,
bob,0,28676062,241,0.0011,0.0053,0.2,,-1.0292,0.4598,0.006,,,,,
bob,0,28676062,242,0.0025,0.0116,0.22,,-1.0236,0.4597,0.006,,,,,
bob,0,28676062,243,0.0025,0.0082,0.22,,-1.0228,0.4595,0.006,,,,,
bob,0,28676062,244,-0.0007,0.0082,0.22,,-1.0281,0.4593,0.0059,,,,,
bob,0,28676062,245,-0.0002,0.0145,0.26,,-1.0256,0.4592,0.006,,,,,
bob,0,28676062,246,0.0002,0.0173,0.26,,-1.0294,0.459,0.006,,,,,
bob,0,28676062,247,0.0007,0.0151,0.22,,-1.0277,0.4588,0.006,,,,,
bob,0,28676062,248,0.0037,0.0088,0.22,,-1.0316,0.4587,0.0059,,,,,
bob,0,28676062,249,0.0043,0.0017,0.2,,-1.0277,0.4585,0.0059,,,,,
bob,0,28676062,250,0.0031,0.0214,0.24,,-1.0262,0.4583,0.0059,,,,,
bob,0,28676062,251,0.0048,0.0017,0.2,,-1.0285,0.4582,0.0058,,,,,
bob,0,28676062,252,0.0002,0.0054,0.22,,-1.0277,0.458,0.0058,,,,,
bob,0,28676062,253,0.0018,0.0118,0.24,,-1.0329,0.4578,0.0057,,,,,
bob,0,28676062,254,0.0003,0.0118,0.2,,-1.0292,0.4577,0.0057,,,,,
bob,0,28676062,255,0.0009,0.0049,0.2,,-1.0205,0.4575,0.0057,,,,,
bob,0,28676062,256,-0.0001,0.0079,0.22,,-1.0288,0.4573,0.0056,,,,,
bob,0,28676062,257,0.0022,0.0105,0.24,,-1.0136,0.4572,0.0056,,,,,
bob,0,28676062,258,0.0007,0.0053,0.2,,-1.0175,0.457,0.0055,,,,,
bob,0,28676062,259,0.0013,0.008,0.22,,-1.028,0.4568,0.0055,,,,,
bob,0,28676062,260,0.0016,0.0077,0.22,,-1.0301,0.4567,0.0055,,,,,
bob,0,28676062,261,0.0059,0.0077,0.2,,-1.0233,0.4565,0.0055,,,,,
bob,0,28676062,262,0.0009,0.0115,0.24,,-1.0204,0.4563,0.0054,,,,,
bob,0,28676062,263,0.0018,0.0075,0.22,,-1.0387,0.4562,0.0054,,,,,
bob,0,28676062,264,-0.0003,0.0124,0.24,,-1.0335,0.456,0.0054,,,,,
bob,0,28676062,265,0.0079,0.0017,0.2,,-1.035,0.4558,0.0054,,,,,
bob,0,28676062,266,0.0033,0.0085,0.24,,-1.0319,0.4557,0.0054,,,,,
bob,0,28676062,267,0.004,0.0055,0.24,,-1.0346,0.4555,0.0053,,,,,
bob,0,28676062,268,0.0005,0.005,0.2,,-1.0373,0.4553,0.0053,,,,,
bob,0,28676062,269,0.0016,0.0048,0.22,,-1.0394,0.4552,0.0052,,,,,
bob,0,28676062,270,0.0004,0.0111,0.24,,-1.0362,0.455,0.0052,,,,,
bob,0,28676062,271,0.0071,0.0061,0.2,,-1.036,0.4548,0.0051,,,,,
bob,0,28676062,272,0.0025,0.0056,0.24,,-1.0346,0.4547,0.0052,,,,,
bob,0,28676062,273,-0.0002,0.0108,0.24,,-1.0377,0.4545,0.0052,,,,,
bob,0,28676062,274,0.0076,0.0019,0.2,,-0.9994,0.4543,0.0051,,,,,
bob,0,28676062,275,0.0006,0.0085,0.22,,-1.0343,0.4542,0.0052,,,,,
bob,0,28676062,276,0.0012,0.0083,0.22,,-1.0286,0.454,0.0051,,,,,
bob,0,28676062,277,0.0021,0.0079,0.22,,-1.0429,0.4538,0.0051,,,,,
bob,0,28676062,278,0.0044,0.0056,0.2,,-1.0223,0.4537,0.0051,,,,,
bob,0,28676062,279,0.0008,0.011,0.24,,-1.0319,0.4535,0.0051,,,,,
bob,0,28676062,280,0.0,0.0177,0.26,,-1.0441,0.4533,0.0051,,,,,
bob,0,28676062,281,0.0027,0.0149,0.24,,-1.0321,0.4532,0.0051,,,,,
bob,0,28676062,282,0.0014,0.0087,0.24,,-1.0299,0.453,0.0052,,,,,
bob,0,28676062,283,0.0048,0.0192,0.27999999999999997,,-1.0457,0.4528,0.0052,,,,,
bob,0,28676062,284,0.0047,0.0026,0.18,,-1.0324,0.4527,0.0052,,,,,
bob,0,28676062,285,0.0046,0.0114,0.24,,-1.0308,0.4525,0.0052,,,,,
bob,0,28676062,286,0.0005,0.0144,0.24,,-1.0373,0.4523,0.0052,,,,,
bob,0,28676062,287,0.001,0.0118,0.24,,-1.0436,0.4522,0.0052,,,,,
bob,0,28676062,288,0.0005,0.0055,0.2,,-1.0365,0.452,0.0052,,,,,
bob,0,28676062,289,0.0009,0.0084,0.2,,-1.0272,0.4518,0.0052,,,,,
bob,0,28676062,290,0.0054,0.0084,0.22,,-1.0353,0.4517,0.0052,,,,,
bob,0,28676062,291,0.0018,0.0047,0.2,,-1.0243,0.4515,0.0051,,,,,
bob,0,28676062,292,0.0053,0.0083,0.22,,-1.0414,0.4513,0.0051,,,,,
bob,0,28676062,293,0.0009,0.0318,0.32,,-1.0361,0.4512,0.0052,,,,,
bob,0,28676062,294,0.0055,0.0062,0.2,,-1.0323,0.451,0.0052,,,,,
bob,0,28676062,295,0.0018,0.0084,0.22,,-1.0327,0.4508,0.0052,,,,,
bob,0,28676062,296,0.0033,0.0082,0.2,,-1.042,0.4507,0.0052,,,,,
bob,0,28676062,297,0.0033,0.0081,0.22,,-1.0322,0.4505,0.0051,,,,,
bob,0,28676062,298,0.0015,0.0056,0.2,,-1.0236,0.4503,0.0051,,,,,
bob,0,28676062,299,-0.0007,0.0053,0.22,,-1.0439,0.4502,0.0051,,,,,
bob,0,28676062,300,0.0004,0.0113,0.22,,-1.0427,0.45,0.0051,,,,,
bob,0,28676062,301,0.0001,0.0018,0.18,,-1.037,0.4498,0.005,,,,,
bob,0,28676062,302,0.0016,0.013,0.24,,-1.0367,0.4497,0.005,,,,,
bob,0,28676062,303,0.0027,0.0125,0.26,,-1.0299,0.4495,0.005,,,,,
bob,0,28676062,304,0.0022,0.0091,0.22,,-1.0439,0.4493,0.005,,,,,
bob,0,28676062,305,-0.0003,0.0154,0.24,,-1.0376,0.4492,0.005,,,,,
bob,0,28676062,306,0.0006,0.0112,0.24,,-1.0406,0.449,0.0051,,,,,
bob,0,28676062,307,0.0058,0.0053,0.18,,-1.0425,0.4488,0.005,,,,,
bob,0,28676062,308,0.0003,0.009,0.2,,-1.0393,0.4487,0.005,,,,,
bob,0,28676062,309,0.003,0.0104,0.24,,-1.0311,0.4485,0.005,,,,,
bob,0,28676062,310,0.0009,0.0127,0.24,,-1.0308,0.4483,0.005,,,,,
bob,0,28676062,311,0.0015,0.0085,0.22,,-1.0252,0.4482,0.005,,,,,
bob,0,28676062,312,0.002,0.0031,0.2,,-1.0258,0.448,0.005,,,,,
bob,0,28676062,313,0.0006,0.0047,0.22,,-1.0355,0.4478,0.0049,,,,,
bob,0,28676062,314,0.0057,0.0083,0.22,,-1.0321,0.4477,0.0049,,,,,
bob,0,28676062,315,0.0011,0.0053,0.2,,-1.0377,0.4475,0.0049,,,,,
bob,0,28676062,316,0.0019,0.0072,0.24,,-1.027,0.4473,0.0048,,,,,
bob,0,28676062,317,0.0005,0.0052,0.2,,-1.0285,0.4472,0.0048,,,,,
bob,0,28676062,318,0.0048,0.0072,0.22,,-1.0358,0.447,0.0047,,,,,
bob,0,28676062,319,0.0019,0.0107,0.22,,-1.0318,0.4468,0.0047,,,,,
bob,0,28676062,320,0.0045,0.0085,0.24,,-1.0374,0.4467,0.0048,,,,,
bob,0,28676062,321,0.0024,0.0174,0.24,,-1.0425,0.4465,0.0048,,,,,
bob,0,28676062,322,0.0008,0.0154,0.24,,-1.0432,0.4463,0.0048,,,,,
bob,0,28676062,323,0.0011,0.0241,0.26,,-1.0307,0.4462,0.0048,,,,,
bob,0,28676062,324,0.0059,0.009,0.2,,-1.0338,0.446,0.0048,,,,,
bob,0,28676062,325,0.0,0.0118,0.22,,-1.0412,0.4458,0.0048,,,,,
bob,0,28676062,326,0.0014,0.0108,0.22,,-1.0342,0.4457,0.0048,,,,,
bob,0,28676062,327,0.0035,0.0157,0.24,,-1.047,0.4455,0.0048,,,,,
bob,0,28676062,328,0.0004,0.0022,0.18,,-1.0461,0.4453,0.0048,,,,,
bob,0,28676062,329,0.0059,0.0018,0.22,,-1.0411,0.4452,0.0047,,,,,
bob,0,28676062,330,0.0037,0.0075,0.22,,-1.0386,0.445,0.0047,,,,,
bob,0,28676062,331,0.0003,0.0112,0.24,,-1.0438,0.4448,0.0048,,,,,
bob,0,28676062,332,0.001,0.0181,0.26,,-1.0312,0.4447,0.0048,,,,,
bob,0,28676062,333,0.0029,0.011,0.22,,-1.0373,0.4445,0.0048,,,,,
bob,0,28676062,334,0.0009,0.0126,0.24,,-1.0399,0.4443,0.0049,,,,,
bob,0,28676062,335,0.0016,0.0054,0.2,,-1.0377,0.4442,0.0048,,,,,
bob,0,28676062,336,0.0001,0.0085,0.2,,-1.0358,0.444,0.0048,,,,,
bob,0,28676062,337,0.002,0.0023,0.18,,-1.0323,0.4438,0.0048,,,,,
bob,0,28676062,338,0.0065,0.0017,0.2,,-1.0473,0.4437,0.0048,,,,,
bob,0,28676062,339,0.0033,0.0071,0.22,,-1.0456,0.4435,0.0048,,,,,
bob,0,28676062,340,0.0013,0.0117,0.22,,-1.0412,0.4433,0.0048,,,,,
bob,0,28676062,341,0.0012,0.0053,0.22,,-1.0315,0.4432,0.0048,,,,,
bob,0,28676062,342,0.0016,0.0159,0.24,,-1.0314,0.443,0.0048,,,,,
bob,0,28676062,343,0.0063,0.0147,0.24,,-1.0298,0.4428,0.0048,,,,,
bob,0,28676062,344,0.0018,0.0137,0.26,,-1.04,0.4427,0.0048,,,,,
bob,0,28676062,345,0.0026,0.0052,0.22,,-1.0369,0.4425,0.0048,,,,,
bob,0,28676062,346,0.005,0.0089,0.22,,-1.0365,0.4423,0.0048,,,,,
bob,0,28676062,347,0.0004,0.0079,0.2,,-1.0332,0.4422,0.0048,,,,,
bob,0,28676062,348,0.0008,0.0159,0.22,,-1.0347,0.442,0.0047,,,,,
bob,0,28676062,349,0.0007,0.0075,0.2,,-1.0289,0.4418,0.0047,,,,,
bob,0,28676062,350,0.0021,0.0113,0.22,,-1.0327,0.4417,0.0048,,,,,
bob,0,28676062,351,0.003,0.0072,0.22,,-1.0278,0.4415,0.0048,,,,,
bob,0,28676062,352,0.0005,0.0118,0.22,,-1.0444,0.4413,0.0048,,,,,
bob,0,28676062,353,0.0011,0.0116,0.22,,-1.0362,0.4412,0.0047,,,,,
bob,0,28676062,354,0.0044,0.0025,0.18,,-1.0273,0.441,0.0047,,,,,
bob,0,28676062,355,0.0014,0.0234,0.27999999999999997,,-1.0221,0.4408,0.0048,,,,,
bob,0,28676062,356,0.0002,0.0116,0.22,,-1.0356,0.4407,0.0048,,,,,
bob,0,28676062,357,0.0032,0.0115,0.22,,-1.0353,0.4405,0.0048,,,,,
bob,0,28676062,358,0.0006,0.008,0.2,,-1.0215,0.4403,0.0047,,,,,
bob,0,28676062,359,0.0028,0.0106,0.24,,-1.0273,0.4402,0.0047,,,,,
bob,0,28676062,360,0.0025,0.0038,0.22,,-1.0297,0.44,0.0047,,,,,
bob,0,28676062,361,0.0012,0.0047,0.2,,-1.0372,0.4398,0.0047,,,,,
bob,0,28676062,362,0.0004,0.0168,0.26,,-1.0328,0.4397,0.0048,,,,,
bob,0,28676062,363,0.0018,0.0054,0.22,,-1.0342,0.4395,0.0047,,,,,
bob,0,28676062,364,0.0025,0.0074,0.22,,-1.0362,0.4393,0.0047,,,,,
bob,0,28676062,365,0.001,0.0111,0.24,,-1.0399,0.4392,0.0047,,,,,
bob,0,28676062,366,0.0007,0.0114,0.22,,-1.0255,0.439,0.0048,,,,,
bob,0,28676062,367,0.0018,0.0159,0.24,,-1.0276,0.4388,0.0048,,,,,
bob,0,28676062,368,0.0022,0.0173,0.24,,-1.0306,0.4387,0.0049,,,,,
bob,0,28676062,369,0.0041,0.0085,0.22,,-1.0283,0.4385,0.0049,,,,,
bob,0,28676062,370,0.002,0.0088,0.24,,-1.034,0.4383,0.0049,,,,,
bob,0,28676062,371,0.004,0.0117,0.22,,-1.0314,0.4382,0.0049,,,,,
bob,0,28676062,372,0.0015,0.0172,0.26,,-1.0338,0.438,0.0049,,,,,
bob,0,28676062,373,0.0029,0.0054,0.2,,-1.0379,0.4378,0.0049,,,,,
bob,0,28676062,374,0.0009,0.0109,0.22,,-1.0279,0.4377,0.0049,,,,,
bob,0,28676062,375,0.0007,0.0121,0.22,,-1.0295,0.4375,0.0049,,,,,
bob,0,28676062,376,0.0023,0.0088,0.24,,-1.0301,0.4373,0.0049,,,,,
bob,0,28676062,377,0.0014,0.012,0.24,,-1.0384,0.4372,0.0049,,,,,
bob,0,28676062,378,0.0027,0.0156,0.24,,-1.0167,0.437,0.005,,,,,
bob,0,28676062,379,0.0024,0.0084,0.24,,-1.0313,0.4368,0.0049,,,,,
bob,0,28676062,380,0.0024,0.0103,0.22,,-1.0356,0.4367,0.005,,,,,
bob,0,28676062,381,0.002,0.0125,0.22,,-1.0384,0.4365,0.005,,,,,
bob,0,28676062,382,0.0027,0.015,0.24,,-1.0328,0.4363,0.005,,,,,
bob,0,28676062,383,0.0015,0.0088,0.22,,-1.0353,0.4362,0.005,,,,,
bob,0,28676062,384,-0.0002,0.016,0.24,,-1.0259,0.436,0.005,,,,,
bob,0,28676062,385,0.0031,0.0171,0.24,,-1.0416,0.4358,0.005,,,,,
bob,0,28676062,386,0.0017,0.011,0.22,,-1.0283,0.4357,0.0051,,,,,
bob,0,28676062,387,0.0014,0.0046,0.2,,-1.0248,0.4355,0.005,,,,,
bob,0,28676062,388,0.0007,0.0131,0.24,,-1.0203,0.4353,0.0051,,,,,
bob,0,28676062,389,0.0027,0.0153,0.24,,-1.0249,0.4352,0.0051,,,,,
bob,0,28676062,390,0.0006,0.015,0.22,,-1.0245,0.435,0.0051,,,,,
bob,0,28676062,391,0.0047,0.0023,0.2,,-1.0229,0.4348,0.0051,,,,,
bob,0,28676062,392,0.0035,0.0053,0.22,,-1.0352,0.4347,0.0051,,,,,
bob,0,28676062,393,0.0013,0.005,0.2,,-1.0159,0.4345,0.0051,,,,,
bob,0,28676062,394,0.0051,0.0049,0.2,,-1.0245,0.4343,0.005,,,,,
bob,0,28676062,395,0.0018,0.0109,0.22,,-1.0304,0.4342,0.005,,,,,
bob,0,28676062,396,0.0005,0.0089,0.2,,-1.0321,0.434,0.005,,,,,
bob,0,28676062,397,0.0005,0.0092,0.22,,-1.0298,0.4338,0.0051,,,,,
bob,0,28676062,398,0.0013,0.0079,0.24,,-1.0241,0.4337,0.0051,,,,,
bob,0,28676062,399,0.0043,0.0015,0.2,,-1.0251,0.4335,0.005,,,,,
bob,0,28676062,400,-0.0011,0.0015,0.18,,-1.03,0.4333,0.005,,,,,
bob,0,28676062,401,-0.0007,0.012,0.22,,-1.0182,0.4332,0.005,,,,,
bob,0,28676062,402,0.0026,0.0129,0.26,,-1.0249,0.433,0.005,,,,,
bob,0,28676062,403,0.0017,0.0081,0.22,,-1.0299,0.4328,0.0051,,,,,
bob,0,28676062,404,0.0005,0.0049,0.22,,-1.0335,0.4327,0.0051,,,,,
bob,0,28676062,405,-0.0012,0.0054,0.2,,-1.0371,0.4325,0.0051,,,,,
bob,0,28676062,406,0.002,0.005,0.2,,-1.0369,0.4323,0.0051,,,,,
bob,0,28676062,407,-0.0002,0.0098,0.22,,-1.0361,0.4322,0.0051,,,,,
bob,0,28676062,408,0.0007,0.0084,0.22,,-1.0321,0.432,0.0051,,,,,
bob,0,28676062,409,0.0016,0.014,0.24,,-1.0425,0.4318,0.0051,,,,,
bob,0,28676062,410,0.0008,0.0017,0.2,,-1.0335,0.4317,0.0051,,,,,
bob,0,28676062,411,0.0011,0.0185,0.26,,-1.037,0.4315,0.0051,,,,,
bob,0,28676062,412,0.0024,0.0054,0.22,,-1.0377,0.4313,0.0051,,,,,
bob,0,28676062,413,0.0036,0.0021,0.2,,-1.0437,0.4312,0.0051,,,,,
bob,0,28676062,414,0.0003,0.0125,0.24,,-1.0349,0.431,0.0051,,,,,
bob,0,28676062,415,0.0023,0.0036,0.2,,-1.0328,0.4308,0.0051,,,,,
bob,0,28676062,416,0.0024,0.0098,0.24,,-1.0238,0.4307,0.0051,,,,,
bob,0,28676062,417,0.0014,0.0115,0.22,,-1.0321,0.4305,0.0051,,,,,
bob,0,28676062,418,0.0009,0.0052,0.22,,-1.0377,0.4303,0.0051,,,,,
bob,0,28676062,419,0.0004,0.0081,0.24,,-1.0419,0.4302,0.005,,,,,
bob,0,28676062,420,0.0003,0.0016,0.2,,-1.0444,0.43,0.005,,,,,
bob,0,28676062,421,0.0,0.016,0.26,,-1.0307,0.4298,0.005,,,,,
bob,0,28676062,422,0.0007,0.0109,0.22,,-1.0374,0.4297,0.005,,,,,
bob,0,28676062,423,0.0011,0.0091,0.22,,-1.0241,0.4295,0.005,,,,,
bob,0,28676062,424,0.0008,0.0115,0.22,,-1.0339,0.4293,0.0051,,,,,
bob,0,28676062,425,0.001,0.0107,0.24,,-1.026,0.4292,0.0051,,,,,
bob,0,28676062,426,0.0032,0.0054,0.2,,-1.0345,0.429,0.0051,,,,,
bob,0,28676062,427,0.0003,0.0051,0.2,,-1.0304,0.4288,0.0051,,,,,
bob,0,28676062,428,-0.001,0.0141,0.22,,-1.0308,0.4287,0.0051,,,,,
bob,0,28676062,429,0.0012,0.0113,0.24,,-1.0308,0.4285,0.0051,,,,,
bob,0,28676062,430,0.0011,0.0074,0.22,,-1.0321,0.4283,0.0051,,,,,
bob,0,28676062,431,0.0028,0.0054,0.2,,-1.0335,0.4282,0.0051,,,,,
bob,0,28676062,432,-0.0002,0.0054,0.2,,-1.0415,0.428,0.0051,,,,,
bob,0,28676062,433,0.0021,0.0119,0.2,,-1.0449,0.4278,0.0051,,,,,
bob,0,28676062,434,0.0014,0.0051,0.2,,-1.0318,0.4277,0.0051,,,,,
bob,0,28676062,435,0.0001,0.0118,0.22,,-1.0419,0.4275,0.0051,,,,,
bob,0,28676062,436,0.0006,0.0115,0.22,,-1.046,0.4273,0.0051,,,,,
bob,0,28676062,437,0.0023,0.0058,0.22,,-1.0247,0.4272,0.0051,,,,,
bob,0,28676062,438,0.0016,0.0022,0.18,,-1.0309,0.427,0.0051,,,,,
bob,0,28676062,439,0.0028,0.0018,0.18,,-1.0332,0.4268,0.005,,,,,
bob,0,28676062,440,0.0021,0.0078,0.22,,-1.0377,0.4267,0.005,,,,,
bob,0,28676062,441,0.001,0.0117,0.24,,-1.0243,0.4265,0.005,,,,,
bob,0,28676062,442,0.0016,0.0114,0.24,,-1.0302,0.4263,0.005,,,,,
bob,0,28676062,443,0.0012,0.0125,0.22,,-1.0248,0.4262,0.005,,,,,
bob,0,28676062,444,0.0007,0.008,0.22,,-1.0326,0.426,0.005,,,,,
bob,0,28676062,445,0.0021,0.0153,0.24,,-1.0379,0.4258,0.005,,,,,
bob,0,28676062,446,0.0005,0.0205,0.26,,-1.0237,0.4257,0.0051,,,,,
bob,0,28676062,447,0.0008,0.0089,0.22,,-1.0192,0.4255,0.005,,,,,
bob,0,28676062,448,0.0011,0.0152,0.26,,-1.0259,0.4253,0.0051,,,,,
bob,0,28676062,449,0.0007,0.0112,0.22,,-1.0268,0.4252,0.0051,,,,,
bob,0,28676062,450,0.0012,0.0144,0.26,,-1.0382,0.425,0.0051,,,,,
bob,0,28676062,451,0.0014,0.0092,0.22,,-1.0363,0.4248,0.0051,,,,,
bob,0,28676062,452,0.0009,0.0077,0.2,,-1.0419,0.4247,0.0051,,,,,
bob,0,28676062,453,0.0008,0.0084,0.22,,-1.0289,0.4245,0.0051,,,,,
bob,0,28676062,454,0.0036,0.002,0.2,,-1.0313,0.4243,0.0051,,,,,
bob,0,28676062,455,0.0015,0.0196,0.26,,-1.0426,0.4242,0.0051,,,,,
bob,0,28676062,456,0.0017,0.0152,0.26,,-1.0292,0.424,0.0051,,,,,
bob,0,28676062,457,0.0019,0.0055,0.2,,-1.0322,0.4238,0.0051,,,,,
bob,0,28676062,458,0.0002,0.0084,0.22,,-1.0344,0.4237,0.0051,,,,,
bob,0,28676062,459,0.0019,0.0141,0.26,,-1.0314,0.4235,0.0051,,,,,
bob,0,28676062,460,0.0014,0.0158,0.26,,-1.0318,0.4233,0.0052,,,,,
bob,0,28676062,461,0.0001,0.014,0.24,,-1.0277,0.4232,0.0052,,,,,
bob,0,28676062,462,0.0022,0.012,0.24,,-1.0262,0.423,0.0052,,,,,
bob,0,28676062,463,0.0017,0.0192,0.26,,-1.0244,0.4228,0.0052,,,,,
bob,0,28676062,464,0.0022,0.009,0.24,,-1.0287,0.4227,0.0052,,,,,
bob,0,28676062,465,0.0001,0.0187,0.26,,-1.0267,0.4225,0.0053,,,,,
bob,0,28676062,466,0.0015,0.0095,0.2,,-1.0208,0.4223,0.0053,,,,,
bob,0,28676062,467,0.0003,0.006,0.2,,-1.0273,0.4222,0.0052,,,,,
bob,0,28676062,468,0.0032,0.0142,0.22,,-1.0285,0.422,0.0053,,,,,
bob,0,28676062,469,0.0013,0.0083,0.18,,-1.0329,0.4218,0.0053,,,,,
bob,0,28676062,470,0.0029,0.0086,0.2,,-1.0372,0.4217,0.0053,,,,,
bob,0,28676062,471,0.0006,0.0087,0.22,,-1.0304,0.4215,0.0053,,,,,
bob,0,28676062,472,0.0022,0.0111,0.22,,-1.0241,0.4213,0.0053,,,,,
bob,0,28676062,473,0.0003,0.0139,0.26,,-1.03,0.4212,0.0053,,,,,
bob,0,28676062,474,0.0025,0.0122,0.24,,-1.0254,0.421,0.0053,,,,,
bob,0,28676062,475,0.0012,0.0117,0.2,,-1.0304,0.4208,0.0053,,,,,
bob,0,28676062,476,0.0013,0.0018,0.18,,-1.0504,0.4207,0.0053,,,,,
bob,0,28676062,477,0.0012,0.0086,0.22,,-1.0237,0.4205,0.0053,,,,,
bob,0,28676062,478,0.0012,0.0113,0.22,,-1.0285,0.4203,0.0054,,,,,
bob,0,28676062,479,0.0013,0.0152,0.24,,-1.0254,0.4202,0.0054,,,,,
bob,0,28676062,480,0.0014,0.019,0.26,,-1.0327,0.42,0.0054,,,,,
bob,0,28676062,481,0.0013,0.0121,0.22,,-1.0328,0.4198,0.0054,,,,,
bob,0,28676062,482,0.0003,0.009,0.24,,-1.0325,0.4197,0.0054,,,,,
bob,0,28676062,483,-0.0004,0.0124,0.24,,-1.0299,0.4195,0.0053,,,,,
bob,0,28676062,484,0.0017,0.0152,0.24,,-1.0261,0.4193,0.0054,,,,,
bob,0,28676062,485,-0.0004,0.0058,0.2,,-1.0238,0.4192,0.0054,,,,,
bob,0,28676062,486,0.0002,0.0119,0.22,,-1.0265,0.419,0.0053,,,,,
bob,0,28676062,487,0.0008,0.0118,0.2,,-1.0276,0.4188,0.0053,,,,,
bob,0,28676062,488,0.0009,0.0116,0.22,,-1.0365,0.4187,0.0054,,,,,
bob,0,28676062,489,0.0007,0.0055,0.18,,-1.0338,0.4185,0.0054,,,,,
bob,0,28676062,490,0.0029,0.0139,0.24,,-1.0469,0.4183,0.0054,,,,,
bob,0,28676062,491,0.0012,0.0101,0.24,,-1.0354,0.4182,0.0054,,,,,
bob,0,28676062,492,0.0018,0.0146,0.24,,-1.0288,0.418,0.0054,,,,,
bob,0,28676062,493,0.0011,0.0203,0.27999999999999997,,-1.0324,0.4178,0.0054,,,,,
bob,0,28676062,494,0.0008,0.0118,0.22,,-1.0226,0.4177,0.0054,,,,,
bob,0,28676062,495,0.0011,0.0079,0.2,,-1.0356,0.4175,0.0054,,,,,
bob,0,28676062,496,-0.0006,0.0162,0.22,,-1.0253,0.4173,0.0054,,,,,
bob,0,28676062,497,0.0007,0.0077,0.22,,-1.0392,0.4172,0.0054,,,,,
bob,0,28676062,498,0.0024,0.0095,0.2,,-1.0359,0.417,0.0054,,,,,
bob,0,28676062,499,0.0004,0.0062,0.22,,-1.0168,0.4168,0.0054,,,,,
bob,0,28676062,500,0.0006,0.0227,0.26,,-1.0226,0.4167,0.0055,,,,,
bob,0,28676062,501,-0.0006,0.0181,0.26,,-1.0201,0.4165,0.0055,,,,,
bob,0,28676062,502,0.0018,0.0208,0.24,,-1.0352,0.4163,0.0055,,,,,
bob,0,28676062,503,0.0009,0.0133,0.26,,-1.03,0.4162,0.0055,,,,,
bob,0,28676062,504,0.0023,0.0115,0.24,,-1.0317,0.416,0.0056,,,,,
bob,0,28676062,505,0.002,0.0154,0.24,,-1.0307,0.4158,0.0056,,,,,
bob,0,28676062,506,0.0008,0.0189,0.26,,-1.0361,0.4157,0.0056,,,,,
bob,0,28676062,507,0.001,0.0184,0.24,,-1.0369,0.4155,0.0056,,,,,
bob,0,28676062,508,0.0007,0.0091,0.24,,-1.028,0.4153,0.0056,,,,,
bob,0,28676062,509,0.0022,0.0193,0.26,,-1.032,0.4152,0.0057,,,,,
bob,0,28676062,510,-0.0004,0.013,0.24,,-1.0238,0.415,0.0056,,,,,
bob,0,28676062,511,0.0009,0.0238,0.26,,-1.0268,0.4148,0.0057,,,,,
bob,0,28676062,512,0.0012,0.007,0.22,,-1.0266,0.4147,0.0057,,,,,
bob,0,28676062,513,0.0017,0.0161,0.24,,-1.0228,0.4145,0.0057,,,,,
bob,0,28676062,514,0.0028,0.0083,0.22,,-1.0245,0.4143,0.0057,,,,,
bob,0,28676062,515,-0.0011,0.0089,0.24,,-1.0196,0.4142,0.0057,,,,,
bob,0,28676062,516,0.0001,0.0154,0.24,,-1.0268,0.414,0.0058,,,,,
bob,0,28676062,517,0.0028,0.0027,0.18,,-1.0152,0.4138,0.0058,,,,,
bob,0,28676062,518,0.0022,0.0115,0.22,,-1.021,0.4137,0.0058,,,,,
bob,0,28676062,519,-0.0008,0.015,0.26,,-1.0302,0.4135,0.0058,,,,,
bob,0,28676062,520,-0.0009,0.0183,0.26,,-1.0232,0.4133,0.0058,,,,,
bob,0,28676062,521,0.0017,0.0104,0.2,,-1.0274,0.4132,0.0058,,,,,
bob,0,28676062,522,0.001,0.0055,0.18,,-1.0225,0.413,0.0057,,,,,
bob,0,28676062,523,0.0018,0.0021,0.2,,-1.0344,0.4128,0.0057,,,,,
bob,0,28676062,524,0.0002,0.0056,0.2,,-1.0248,0.4127,0.0057,,,,,
bob,0,28676062,525,0.0006,0.0203,0.26,,-1.0277,0.4125,0.0057,,,,,
bob,0,28676062,526,0.0012,0.0179,0.24,,-1.0294,0.4123,0.0057,,,,,
bob,0,28676062,527,0.0016,0.0089,0.2,,-1.0273,0.4122,0.0057,,,,,
bob,0,28676062,528,0.0009,0.0274,0.27999999999999997,,-1.0353,0.412,0.0058,,,,,
bob,0,28676062,529,0.0008,0.0028,0.2,,-1.0387,0.4118,0.0058,,,,,
bob,0,28676062,530,0.0012,0.0171,0.26,,-1.0259,0.4117,0.0058,,,,,
bob,0,28676062,531,-0.0002,0.0149,0.26,,-1.033,0.4115,0.0058,,,,,
bob,0,28676062,532,-0.0006,0.0189,0.26,,-1.0144,0.4113,0.0058,,,,,
bob,0,28676062,533,0.0012,0.0173,0.26,,-1.0241,0.4112,0.0058,,,,,
bob,0,28676062,534,0.0024,0.0218,0.26,,-1.0238,0.411,0.0059,,,,,
bob,0,28676062,535,0.0012,0.0156,0.24,,-1.0331,0.4108,0.0059,,,,,
bob,0,28676062,536,0.0005,0.0125,0.22,,-1.0228,0.4107,0.0059,,,,,
bob,0,28676062,537,0.0016,0.0046,0.2,,-1.03,0.4105,0.0059,,,,,
bob,0,28676062,538,0.0003,0.015,0.24,,-1.0287,0.4103,0.006,,,,,
bob,0,28676062,539,0.0006,0.0195,0.27999999999999997,,-1.0349,0.4102,0.006,,,,,
bob,0,28676062,540,0.0013,0.0094,0.22,,-1.0435,0.41,0.006,,,,,
bob,0,28676062,541,0.0006,0.0135,0.24,,-1.0249,0.4098,0.006,,,,,
bob,0,28676062,542,0.0008,0.0121,0.22,,-1.0304,0.4097,0.006,,,,,
bob,0,28676062,543,0.0019,0.0152,0.24,,-1.024,0.4095,0.006,,,,,
bob,0,28676062,544,0.0006,0.011,0.24,,-1.0251,0.4093,0.006,,,,,
bob,0,28676062,545,0.0005,0.0077,0.2,,-1.0278,0.4092,0.006,,,,,
bob,0,28676062,546,0.0007,0.0186,0.24,,-1.0347,0.409,0.006,,,,,
bob,0,28676062,547,0.0016,0.0222,0.3,,-1.0323,0.4088,0.0061,,,,,
bob,0,28676062,548,0.0012,0.0287,0.3,,-1.029,0.4087,0.0061,,,,,
bob,0,28676062,549,0.0015,0.0154,0.22,,-1.0355,0.4085,0.0061,,,,,
bob,0,28676062,550,0.0015,0.0096,0.2,,-1.0395,0.4083,0.0061,,,,,
bob,0,28676062,551,0.0014,0.0266,0.3,,-1.0273,0.4082,0.0062,,,,,
bob,0,28676062,552,0.0014,0.0156,0.24,,-1.0284,0.408,0.0062,,,,,
bob,0,28676062,553,0.0004,0.0171,0.26,,-1.0305,0.4078,0.0062,,,,,
bob,0,28676062,554,0.0024,0.0169,0.24,,-1.0201,0.4077,0.0063,,,,,
bob,0,28676062,555,0.0007,0.0086,0.22,,-1.0243,0.4075,0.0062,,,,,
bob,0,28676062,556,0.0005,0.0102,0.24,,-1.0363,0.4073,0.0062,,,,,
bob,0,28676062,557,0.0013,0.0149,0.26,,-1.0268,0.4072,0.0062,,,,,
bob,0,28676062,558,0.0004,0.0122,0.22,,-1.0294,0.407,0.0062,,,,,
bob,0,28676062,559,0.0014,0.021,0.26,,-1.0463,0.4068,0.0063,,,,,
bob,0,28676062,560,0.0026,0.0028,0.18,,-1.0295,0.4067,0.0063,,,,,
bob,0,28676062,561,0.0003,0.0121,0.24,,-1.0286,0.4065,0.0063,,,,,
bob,0,28676062,562,0.0009,0.0079,0.22,,-1.0334,0.4063,0.0062,,,,,
bob,0,28676062,563,0.001,0.0095,0.22,,-1.0272,0.4062,0.0063,,,,,
bob,0,28676062,564,0.0001,0.0167,0.24,,-1.0279,0.406,0.0063,,,,,
bob,0,28676062,565,0.0023,0.01,0.24,,-1.0271,0.4058,0.0063,,,,,
bob,0,28676062,566,0.0016,0.0086,0.22,,-1.027,0.4057,0.0063,,,,,
bob,0,28676062,567,0.0012,0.0198,0.27999999999999997,,-1.0268,0.4055,0.0063,,,,,
bob,0,28676062,568,0.0013,0.0105,0.2,,-1.0193,0.4053,0.0063,,,,,
bob,0,28676062,569,0.0015,0.0024,0.18,,-1.0258,0.4052,0.0062,,,,,
bob,0,28676062,570,0.0011,0.0127,0.24,,-1.0489,0.405,0.0063,,,,,
bob,0,28676062,571,0.0012,0.0195,0.26,,-1.0187,0.4048,0.0063,,,,,
bob,0,28676062,572,0.0,0.0175,0.27999999999999997,,-1.0309,0.4047,0.0063,,,,,
bob,0,28676062,573,0.0017,0.02,0.26,,-1.0284,0.4045,0.0063,,,,,
bob,0,28676062,574,0.0029,0.0166,0.24,,-1.0264,0.4043,0.0064,,,,,
bob,0,28676062,575,0.001,0.0055,0.22,,-1.0272,0.4042,0.0063,,,,,
bob,0,28676062,576,-0.0001,0.0141,0.24,,-1.0461,0.404,0.0063,,,,,
bob,0,28676062,577,0.0,0.0163,0.24,,-1.036,0.4038,0.0064,,,,,
bob,0,28676062,578,0.0016,0.0177,0.26,,-1.0431,0.4037,0.0064,,,,,
bob,0,28676062,579,0.0009,0.0194,0.26,,-1.0354,0.4035,0.0064,,,,,
bob,0,28676062,580,-0.0008,0.0291,0.3,,-1.0309,0.4033,0.0065,,,,,
bob,0,28676062,581,0.0011,0.0204,0.26,,-1.0359,0.4032,0.0065,,,,,
bob,0,28676062,582,0.0006,0.0107,0.24,,-1.0279,0.403,0.0065,,,,,
bob,0,28676062,583,0.0013,0.0121,0.24,,-1.0374,0.4028,0.0065,,,,,
bob,0,28676062,584,-0.0011,0.0091,0.2,,-1.0304,0.4027,0.0065,,,,,
bob,0,28676062,585,0.0007,0.0086,0.22,,-1.0339,0.4025,0.0065,,,,,
bob,0,28676062,586,0.0002,0.0056,0.2,,-1.0272,0.4023,0.0064,,,,,
bob,0,28676062,587,0.001,0.017,0.26,,-1.0355,0.4022,0.0065,,,,,
bob,0,28676062,588,-0.0004,0.0181,0.24,,-1.0363,0.402,0.0065,,,,,
bob,0,28676062,589,0.0001,0.0181,0.26,,-1.0321,0.4018,0.0065,,,,,
bob,0,28676062,590,0.0023,0.0212,0.27999999999999997,,-1.0281,0.4017,0.0065,,,,,
bob,0,28676062,591,0.0015,0.013,0.24,,-1.0357,0.4015,0.0066,,,,,
bob,0,28676062,592,0.0021,0.0129,0.22,,-1.0314,0.4013,0.0066,,,,,
bob,0,28676062,593,0.0011,0.0106,0.22,,-1.036,0.4012,0.0066,,,,,
bob,0,28676062,594,0.0014,0.0275,0.3,,-1.0273,0.401,0.0067,,,,,
bob,0,28676062,595,0.0017,0.0274,0.32,,-1.0236,0.4008,0.0068,,,,,
bob,0,28676062,596,0.0012,0.0079,0.22,,-1.0388,0.4007,0.0068,,,,,
bob,0,28676062,597,0.0001,0.0162,0.24,,-1.0256,0.4005,0.0068,,,,,
bob,0,28676062,598,0.0018,0.0137,0.24,,-1.0302,0.4003,0.0068,,,,,
bob,0,28676062,599,0.0019,0.01,0.26,,-1.0271,0.4002,0.0068,,,,,
bob,0,28676062,600,0.0005,0.0227,0.27999999999999997,,-1.0258,0.4,0.0069,,,,,
bob,0,28676062,601,0.001,0.0196,0.26,,-1.0366,0.3998,0.0069,,,,,
bob,0,28676062,602,0.0014,0.0257,0.3,,-1.0293,0.3997,0.007,,,,,
bob,0,28676062,603,0.0011,0.0137,0.24,,-1.0312,0.3995,0.007,,,,,
bob,0,28676062,604,0.0004,0.0147,0.24,,-1.0221,0.3993,0.007,,,,,
bob,0,28676062,605,0.0011,0.0117,0.26,,-1.0285,0.3992,0.007,,,,,
bob,0,28676062,606,0.0015,0.0211,0.26,,-1.0183,0.399,0.0071,,,,,
bob,0,28676062,607,0.0,0.0115,0.22,,-1.0298,0.3988,0.0071,,,,,
bob,0,28676062,608,0.0014,0.0182,0.27999999999999997,,-1.0297,0.3987,0.0071,,,,,
bob,0,28676062,609,0.0026,0.0158,0.24,,-1.0313,0.3985,0.0071,,,,,
bob,0,28676062,610,0.002,0.0022,0.22,,-1.0277,0.3983,0.0071,,,,,
bob,0,28676062,611,0.0,0.017,0.26,,-1.0327,0.3982,0.0071,,,,,
bob,0,28676062,612,0.0006,0.0165,0.26,,-1.0164,0.398,0.0072,,,,,
bob,0,28676062,613,0.0015,0.0222,0.26,,-1.0222,0.3978,0.0072,,,,,
bob,0,28676062,614,0.0009,0.0201,0.26,,-1.029,0.3977,0.0073,,,,,
bob,0,28676062,615,0.0017,0.0123,0.22,,-1.0396,0.3975,0.0073,,,,,
bob,0,28676062,616,0.0008,0.0115,0.22,,-1.0321,0.3973,0.0073,,,,,
bob,0,28676062,617,0.0005,0.027,0.3,,-1.0275,0.3972,0.0073,,,,,
bob,0,28676062,618,0.0004,0.0125,0.22,,-1.0221,0.397,0.0073,,,,,
bob,0,28676062,619,0.0005,0.011,0.24,,-1.0276,0.3968,0.0074,,,,,
bob,0,28676062,620,0.0018,0.0176,0.26,,-1.0352,0.3967,0.0074,,,,,
bob,0,28676062,621,0.0002,0.0184,0.24,,-1.0225,0.3965,0.0074,,,,,
bob,0,28676062,622,-0.0003,0.0095,0.22,,-1.0343,0.3963,0.0074,,,,,
bob,0,28676062,623,0.0003,0.0252,0.27999999999999997,,-1.0454,0.3962,0.0075,,,,,
bob,0,28676062,624,-0.0002,0.0113,0.22,,-1.0345,0.396,0.0075,,,,,
bob,0,28676062,625,0.0016,0.0228,0.27999999999999997,,-1.0328,0.3958,0.0075,,,,,
bob,0,28676062,626,0.0017,0.0186,0.24,,-1.0362,0.3957,0.0076,,,,,
bob,0,28676062,627,0.0015,0.0154,0.22,,-1.0175,0.3955,0.0076,,,,,
bob,0,28676062,628,0.0016,0.0146,0.24,,-1.0391,0.3953,0.0076,,,,,
bob,0,28676062,629,0.0023,0.0116,0.22,,-1.0242,0.3952,0.0076,,,,,
bob,0,28676062,630,0.0009,0.0092,0.22,,-1.0289,0.395,0.0076,,,,,
bob,0,28676062,631,0.0011,0.0183,0.26,,-1.0196,0.3948,0.0076,,,,,
bob,0,28676062,632,0.0013,0.0139,0.24,,-1.0248,0.3947,0.0077,,,,,
bob,0,28676062,633,0.0008,0.0142,0.26,,-1.0322,0.3945,0.0077,,,,,
bob,0,28676062,634,0.001,0.0171,0.26,,-1.0216,0.3943,0.0077,,,,,
bob,0,28676062,635,0.0001,0.0223,0.27999999999999997,,-1.0278,0.3942,0.0077,,,,,
bob,0,28676062,636,0.001,0.0096,0.2,,-1.0144,0.394,0.0077,,,,,
bob,0,28676062,637,0.0015,0.0245,0.26,,-1.0243,0.3938,0.0078,,,,,
bob,0,28676062,638,0.0013,0.0269,0.3,,-1.0328,0.3937,0.0079,,,,,
bob,0,28676062,639,0.0035,0.0268,0.27999999999999997,,-1.0231,0.3935,0.0079,,,,,
bob,0,28676062,640,0.0019,0.0384,0.36,,-1.0264,0.3933,0.008,,,,,
bob,0,28676062,641,0.0031,0.0253,0.3,,-1.0207,0.3932,0.0081,,,,,
bob,0,28676062,642,0.0011,0.0277,0.26,,-1.0232,0.393,0.0081,,,,,
bob,0,28676062,643,0.0024,0.0307,0.27999999999999997,,-1.0266,0.3928,0.0082,,,,,
bob,0,28676062,644,0.0029,0.0101,0.22,,-1.0168,0.3927,0.0082,,,,,
bob,0,28676062,645,0.0041,0.0233,0.26,,-1.032,0.3925,0.0082,,,,,
bob,0,28676062,646,0.0028,0.0108,0.22,,-1.0326,0.3923,0.0082,,,,,
bob,0,28676062,647,0.0016,0.0131,0.22,,-1.0328,0.3922,0.0082,,,,,
bob,0,28676062,648,0.0006,0.0202,0.27999999999999997,,-1.0304,0.392,0.0082,,,,,
bob,0,28676062,649,0.0003,0.0061,0.2,,-1.0287,0.3918,0.0082,,,,,
bob,0,28676062,650,0.0013,0.0127,0.22,,-1.0207,0.3917,0.0082,,,,,
bob,0,28676062,651,0.0027,0.0113,0.24,,-1.0317,0.3915,0.0082,,,,,
bob,0,28676062,652,0.0014,0.018,0.26,,-1.0312,0.3913,0.0083,,,,,
bob,0,28676062,653,0.0016,0.0226,0.24,,-1.0298,0.3912,0.0083,,,,,
bob,0,28676062,654,-0.0,0.0319,0.32,,-1.0111,0.391,0.0084,,,,,
bob,0,28676062,655,0.0017,0.0117,0.2,,-1.0305,0.3908,0.0084,,,,,
bob,0,28676062,656,0.0013,0.0106,0.22,,-1.0334,0.3907,0.0084,,,,,
bob,0,28676062,657,0.0015,0.0301,0.32,,-1.0221,0.3905,0.0085,,,,,
bob,0,28676062,658,0.0001,0.0333,0.3,,-1.0325,0.3903,0.0085,,,,,
bob,0,28676062,659,0.0035,0.0269,0.27999999999999997,,-1.0221,0.3902,0.0086,,,,,
bob,0,28676062,660,0.0009,0.0205,0.26,,-1.0191,0.39,0.0086,,,,,
bob,0,28676062,661,0.0028,0.0211,0.27999999999999997,,-1.0297,0.3898,0.0086,,,,,
bob,0,28676062,662,0.003,0.0033,0.18,,-1.0195,0.3897,0.0086,,,,,
bob,0,28676062,663,0.0013,0.0259,0.27999999999999997,,-1.035,0.3895,0.0086,,,,,
bob,0,28676062,664,0.0014,0.0155,0.22,,-1.0281,0.3893,0.0086,,,,,
bob,0,28676062,665,0.0003,0.0176,0.26,,-1.0343,0.3892,0.0086,,,,,
bob,0,28676062,666,0.0004,0.0087,0.2,,-1.0257,0.389,0.0086,,,,,
bob,0,28676062,667,0.0019,0.0089,0.22,,-1.0281,0.3888,0.0086,,,,,
bob,0,28676062,668,0.0015,0.0239,0.3,,-1.025,0.3887,0.0087,,,,,
bob,0,28676062,669,0.002,0.0209,0.26,,-1.0156,0.3885,0.0087,,,,,
bob,0,28676062,670,0.0003,0.0235,0.27999999999999997,,-1.0254,0.3883,0.0088,,,,,
bob,0,28676062,671,0.0013,0.0163,0.24,,-1.026,0.3882,0.0088,,,,,
bob,0,28676062,672,0.0019,0.006,0.22,,-1.0279,0.388,0.0088,,,,,
bob,0,28676062,673,0.0022,0.0085,0.22,,-1.0338,0.3878,0.0088,,,,,
bob,0,28676062,674,0.0017,0.0214,0.26,,-1.0268,0.3877,0.0088,,,,,
bob,0,28676062,675,0.0001,0.0195,0.27999999999999997,,-1.0265,0.3875,0.0088,,,,,
bob,0,28676062,676,0.0013,0.0067,0.2,,-1.0218,0.3873,0.0088,,,,,
bob,0,28676062,677,0.0019,0.0143,0.24,,-1.0207,0.3872,0.0088,,,,,
bob,0,28676062,678,0.0038,0.0043,0.22,,-1.0215,0.387,0.0088,,,,,
bob,0,28676062,679,0.0021,0.0138,0.22,,-1.0272,0.3868,0.0088,,,,,
bob,0,28676062,680,0.0011,0.0112,0.22,,-1.006,0.3867,0.0088,,,,,
bob,0,28676062,681,0.0026,0.0234,0.26,,-1.0238,0.3865,0.0088,,,,,
bob,0,28676062,682,0.0015,0.0166,0.24,,-1.0213,0.3863,0.0088,,,,,
bob,0,28676062,683,0.0002,0.0259,0.27999999999999997,,-1.0258,0.3862,0.0089,,,,,
bob,0,28676062,684,0.0014,0.013,0.24,,-1.0282,0.386,0.0089,,,,,
bob,0,28676062,685,0.0028,0.0161,0.22,,-1.0435,0.3858,0.0089,,,,,
bob,0,28676062,686,0.0023,0.0139,0.22,,-1.0314,0.3857,0.0089,,,,,
bob,0,28676062,687,0.0015,0.0114,0.22,,-1.034,0.3855,0.0089,,,,,
bob,0,28676062,688,0.0018,0.0209,0.27999999999999997,,-1.0167,0.3853,0.009,,,,,
bob,0,28676062,689,0.0017,0.0283,0.27999999999999997,,-1.0421,0.3852,0.009,,,,,
bob,0,28676062,690,0.0027,0.0133,0.22,,-1.0273,0.385,0.009,,,,,
bob,0,28676062,691,0.0015,0.0092,0.22,,-1.0335,0.3848,0.009,,,,,
bob,0,28676062,692,0.0014,0.0247,0.26,,-1.0266,0.3847,0.0091,,,,,
bob,0,28676062,693,0.0037,0.0215,0.27999999999999997,,-1.031,0.3845,0.0091,,,,,
bob,0,28676062,694,0.0027,0.0076,0.22,,-1.0259,0.3843,0.0091,,,,,
bob,0,28676062,695,0.0024,0.0171,0.24,,-1.031,0.3842,0.0091,,,,,
bob,0,28676062,696,0.0022,0.0156,0.24,,-1.0346,0.384,0.0091,,,,,
bob,0,28676062,697,0.0011,0.013,0.24,,-1.0314,0.3838,0.0091,,,,,
bob,0,28676062,698,0.0018,0.018,0.27999999999999997,,-1.0359,0.3837,0.0091,,,,,
bob,0,28676062,699,0.0025,0.011,0.24,,-1.0318,0.3835,0.0091,,,,,
bob,0,28676062,700,0.0019,0.0204,0.26,,-1.0343,0.3833,0.0091,,,,,
bob,0,28676062,701,0.0007,0.0188,0.24,,-1.0329,0.3832,0.0091,,,,,
bob,0,28676062,702,0.0006,0.0263,0.27999999999999997,,-1.0246,0.383,0.0092,,,,,
bob,0,28676062,703,0.001,0.0158,0.24,,-1.0223,0.3828,0.0092,,,,,
bob,0,28676062,704,0.0018,0.0071,0.18,,-1.033,0.3827,0.0092,,,,,
bob,0,28676062,705,0.0005,0.0172,0.24,,-1.0396,0.3825,0.0092,,,,,
bob,0,28676062,706,0.0011,0.0284,0.27999999999999997,,-1.0284,0.3823,0.0092,,,,,
bob,0,28676062,707,0.0017,0.0111,0.22,,-1.0122,0.3822,0.0092,,,,,
bob,0,28676062,708,0.0006,0.0132,0.22,,-1.0247,0.382,0.0092,,,,,
bob,0,28676062,709,0.0018,0.0112,0.22,,-1.024,0.3818,0.0091,,,,,
bob,0,28676062,710,0.0029,0.0082,0.2,,-1.031,0.3817,0.0091,,,,,
bob,0,28676062,711,0.0013,0.014,0.24,,-1.023,0.3815,0.0091,,,,,
bob,0,28676062,712,0.0012,0.0228,0.27999999999999997,,-1.0357,0.3813,0.0092,,,,,
bob,0,28676062,713,0.0018,0.0125,0.22,,-1.0248,0.3812,0.0091,,,,,
bob,0,28676062,714,0.0016,0.0204,0.27999999999999997,,-1.0313,0.381,0.0092,,,,,
bob,0,28676062,715,0.0015,0.0207,0.24,,-1.0239,0.3808,0.0092,,,,,
bob,0,28676062,716,0.0004,0.0095,0.2,,-1.025,0.3807,0.0092,,,,,
bob,0,28676062,717,0.0015,0.0267,0.27999999999999997,,-1.0381,0.3805,0.0093,,,,,
bob,0,28676062,718,0.0014,0.0211,0.26,,-1.021,0.3803,0.0093,,,,,
bob,0,28676062,719,0.0022,0.0189,0.24,,-1.0279,0.3802,0.0093,,,,,
bob,0,28676062,720,0.0002,0.0205,0.27999999999999997,,-1.0454,0.38,0.0093,,,,,
bob,0,28676062,721,0.0013,0.015,0.22,,-1.0362,0.3798,0.0094,,,,,
bob,0,28676062,722,0.002,0.026,0.27999999999999997,,-1.0356,0.3797,0.0094,,,,,
bob,0,28676062,723,0.0028,0.017,0.26,,-1.0275,0.3795,0.0095,,,,,
bob,0,28676062,724,0.002,0.0223,0.27999999999999997,,-1.0256,0.3793,0.0095,,,,,
bob,0,28676062,725,0.001,0.0163,0.24,,-1.034,0.3792,0.0095,,,,,
bob,0,28676062,726,0.0005,0.0209,0.27999999999999997,,-1.0364,0.379,0.0096,,,,,
bob,0,28676062,727,0.0026,0.0199,0.26,,-1.0417,0.3788,0.0096,,,,,
bob,0,28676062,728,0.0005,0.0155,0.26,,-1.0406,0.3787,0.0096,,,,,
bob,0,28676062,729,0.0017,0.0285,0.3,,-1.0447,0.3785,0.0097,,,,,
bob,0,28676062,730,0.0031,0.028,0.3,,-1.0295,0.3783,0.0097,,,,,
bob,0,28676062,731,0.0021,0.0172,0.26,,-1.0406,0.3782,0.0097,,,,,
bob,0,28676062,732,0.0003,0.0192,0.27999999999999997,,-1.0368,0.378,0.0097,,,,,
bob,0,28676062,733,0.0012,0.0164,0.22,,-1.0379,0.3778,0.0097,,,,,
bob,0,28676062,734,0.0009,0.0356,0.33999999999999997,,-1.0319,0.3777,0.0098,,,,,
bob,0,28676062,735,0.0017,0.0282,0.3,,-1.0301,0.3775,0.0098,,,,,
bob,0,28676062,736,0.0023,0.0202,0.24,,-1.0298,0.3773,0.0099,,,,,
bob,0,28676062,737,0.0017,0.0207,0.26,,-1.0326,0.3772,0.0099,,,,,
bob,0,28676062,738,0.0014,0.0162,0.22,,-1.0339,0.377,0.0099,,,,,
bob,0,28676062,739,0.0006,0.0236,0.27999999999999997,,-1.0328,0.3768,0.0099,,,,,
bob,0,28676062,740,0.0028,0.0264,0.32,,-1.0386,0.3767,0.01,,,,,
bob,0,28676062,741,0.0007,0.0237,0.26,,-1.0367,0.3765,0.01,,,,,
bob,0,28676062,742,0.0027,0.0272,0.27999999999999997,,-1.03,0.3763,0.0101,,,,,
bob,0,28676062,743,0.0023,0.0295,0.27999999999999997,,-1.0319,0.3762,0.0101,,,,,
bob,0,28676062,744,0.0015,0.0193,0.24,,-1.0219,0.376,0.0102,,,,,
bob,0,28676062,745,0.0008,0.0331,0.32,,-1.0281,0.3758,0.0103,,,,,
bob,0,28676062,746,0.0028,0.0244,0.27999999999999997,,-1.028,0.3757,0.0103,,,,,
bob,0,28676062,747,0.0008,0.0132,0.22,,-1.0327,0.3755,0.0102,,,,,
bob,0,28676062,748,0.0012,0.0205,0.26,,-1.0111,0.3753,0.0102,,,,,
bob,0,28676062,749,0.0064,0.0064,0.2,,-1.0179,0.3752,0.0102,,,,,
bob,0,28676062,750,0.0034,0.02,0.24,,-1.0229,0.375,0.0102,,,,,
bob,0,28676062,751,0.0005,0.0238,0.27999999999999997,,-1.032,0.3748,0.0102,,,,,
bob,0,28676062,752,0.0018,0.0179,0.24,,-1.0253,0.3747,0.0103,,,,,
bob,0,28676062,753,0.0018,0.0255,0.3,,-1.02,0.3745,0.0103,,,,,
bob,0,28676062,754,0.0043,0.019,0.26,,-1.0344,0.3743,0.0103,,,,,
bob,0,28676062,755,0.0009,0.018,0.26,,-1.0338,0.3742,0.0103,,,,,
bob,0,28676062,756,0.0038,0.0134,0.2,,-1.0288,0.374,0.0103,,,,,
bob,0,28676062,757,0.0018,0.0178,0.22,,-1.0333,0.3738,0.0104,,,,,
bob,0,28676062,758,0.0018,0.0278,0.3,,-1.0337,0.3737,0.0104,,,,,
bob,0,28676062,759,0.0023,0.0209,0.24,,-1.041,0.3735,0.0104,,,,,
bob,0,28676062,760,0.0017,0.0253,0.26,,-1.0358,0.3733,0.0105,,,,,
bob,0,28676062,761,0.001,0.0215,0.26,,-1.0412,0.3732,0.0105,,,,,
bob,0,28676062,762,0.0017,0.0146,0.24,,-1.0314,0.373,0.0106,,,,,
bob,0,28676062,763,0.0029,0.02,0.24,,-1.0315,0.3728,0.0106,,,,,
bob,0,28676062,764,0.0032,0.0179,0.22,,-1.0396,0.3727,0.0106,,,,,
bob,0,28676062,765,0.0025,0.0348,0.33999999999999997,,-1.0284,0.3725,0.0107,,,,,
bob,0,28676062,766,0.0034,0.0238,0.24,,-1.0366,0.3723,0.0107,,,,,
bob,0,28676062,767,0.0011,0.03,0.3,,-1.0369,0.3722,0.0108,,,,,
bob,0,28676062,768,0.0026,0.0195,0.26,,-1.0327,0.372,0.0108,,,,,
bob,0,28676062,769,0.0008,0.0156,0.22,,-1.0368,0.3718,0.0109,,,,,
bob,0,28676062,770,0.0031,0.0152,0.2,,-1.0352,0.3717,0.0109,,,,,
bob,0,28676062,771,0.0023,0.0196,0.24,,-1.0357,0.3715,0.0109,,,,,
bob,0,28676062,772,0.0005,0.0222,0.27999999999999997,,-1.033,0.3713,0.0109,,,,,
bob,0,28676062,773,0.0022,0.0187,0.24,,-1.0381,0.3712,0.0109,,,,,
bob,0,28676062,774,0.001,0.0232,0.26,,-1.0386,0.371,0.0109,,,,,
bob,0,28676062,775,0.0046,0.0242,0.26,,-1.0365,0.3708,0.011,,,,,
bob,0,28676062,776,0.0027,0.0158,0.22,,-1.0354,0.3707,0.011,,,,,
bob,0,28676062,777,0.0035,0.0201,0.24,,-1.0266,0.3705,0.011,,,,,
bob,0,28676062,778,0.0032,0.0203,0.22,,-1.0222,0.3703,0.011,,,,,
bob,0,28676062,779,0.0015,0.0198,0.26,,-1.0374,0.3702,0.011,,,,,
bob,0,28676062,780,0.0027,0.0199,0.24,,-1.0362,0.37,0.011,,,,,
bob,0,28676062,781,0.0007,0.0348,0.3,,-1.0364,0.3698,0.0111,,,,,
bob,0,28676062,782,0.0025,0.0208,0.26,,-1.0348,0.3697,0.0111,,,,,
bob,0,28676062,783,0.0012,0.0104,0.2,,-1.0441,0.3695,0.0111,,,,,
bob,0,28676062,784,0.002,0.0353,0.33999999999999997,,-1.0323,0.3693,0.0112,,,,,
bob,0,28676062,785,0.0038,0.0243,0.27999999999999997,,-1.0383,0.3692,0.0112,,,,,
bob,0,28676062,786,0.0022,0.025,0.26,,-1.027,0.369,0.0113,,,,,
bob,0,28676062,787,0.0024,0.0157,0.22,,-1.0096,0.3688,0.0113,,,,,
bob,0,28676062,788,0.0042,0.0153,0.22,,-1.0315,0.3687,0.0113,,,,,
bob,0,28676062,789,0.0009,0.0191,0.22,,-1.0405,0.3685,0.0113,,,,,
bob,0,28676062,790,0.0027,0.0329,0.3,,-1.0302,0.3683,0.0113,,,,,
bob,0,28676062,791,0.0027,0.0243,0.27999999999999997,,-1.0397,0.3682,0.0114,,,,,
bob,0,28676062,792,0.0042,0.0262,0.27999999999999997,,-1.0362,0.368,0.0114,,,,,
bob,0,28676062,793,0.0021,0.0309,0.27999999999999997,,-1.0179,0.3678,0.0115,,,,,
bob,0,28676062,794,0.001,0.0253,0.27999999999999997,,-1.0406,0.3677,0.0115,,,,,
bob,0,28676062,795,0.002,0.0419,0.33999999999999997,,-1.0281,0.3675,0.0115,,,,,
bob,0,28676062,796,0.0051,0.0145,0.22,,-1.0443,0.3673,0.0116,,,,,
bob,0,28676062,797,0.002,0.0382,0.33999999999999997,,-1.0328,0.3672,0.0117,,,,,
bob,0,28676062,798,0.0024,0.0179,0.24,,-1.0269,0.367,0.0117,,,,,
bob,0,28676062,799,0.003,0.0299,0.3,,-1.0376,0.3668,0.0118,,,,,
bob,0,28676062,800,0.001,0.0339,0.3,,-1.0264,0.3667,0.0118,,,,,
bob,0,28676062,801,0.0,0.0355,0.33999999999999997,,-1.0435,0.3665,0.0119,,,,,
bob,0,28676062,802,0.0011,0.0276,0.26,,-1.039,0.3663,0.0119,,,,,
bob,0,28676062,803,0.003,0.0164,0.22,,-1.0321,0.3662,0.0119,,,,,
bob,0,28676062,804,0.0029,0.0265,0.27999999999999997,,-1.0317,0.366,0.012,,,,,
bob,0,28676062,805,0.0043,0.0399,0.32,,-1.0445,0.3658,0.0121,,,,,
bob,0,28676062,806,0.0023,0.0286,0.27999999999999997,,-1.0434,0.3657,0.0121,,,,,
bob,0,28676062,807,0.0039,0.0324,0.32,,-1.0418,0.3655,0.0122,,,,,
bob,0,28676062,808,0.0021,0.0346,0.32,,-1.0351,0.3653,0.0123,,,,,
bob,0,28676062,809,0.0017,0.0287,0.26,,-1.0494,0.3652,0.0123,,,,,
bob,0,28676062,810,0.0056,0.0296,0.27999999999999997,,-1.0471,0.365,0.0124,,,,,
bob,0,28676062,811,0.0039,0.0286,0.24,,-1.0432,0.3648,0.0125,,,,,
bob,0,28676062,812,0.004,0.0245,0.3,,-1.0435,0.3647,0.0125,,,,,
bob,0,28676062,813,0.0048,0.0153,0.2,,-1.0354,0.3645,0.0125,,,,,
bob,0,28676062,814,0.0039,0.0312,0.24,,-1.0392,0.3643,0.0126,,,,,
bob,0,28676062,815,0.0044,0.0241,0.26,,-1.0241,0.3642,0.0126,,,,,
bob,0,28676062,816,0.0061,0.0176,0.22,,-1.0309,0.364,0.0126,,,,,
bob,0,28676062,817,0.0025,0.032,0.26,,-1.027,0.3638,0.0127,,,,,
bob,0,28676062,818,0.005,0.0123,0.2,,-1.0262,0.3637,0.0127,,,,,
bob,0,28676062,819,0.003,0.0144,0.22,,-1.0336,0.3635,0.0127,,,,,
bob,0,28676062,820,0.0024,0.015,0.22,,-1.0235,0.3633,0.0127,,,,,
bob,0,28676062,821,0.0056,0.013,0.22,,-1.031,0.3632,0.0127,,,,,
bob,0,28676062,822,0.0033,0.0267,0.27999999999999997,,-1.0261,0.363,0.0128,,,,,
bob,0,28676062,823,0.0026,0.0226,0.24,,-1.0382,0.3628,0.0128,,,,,
bob,0,28676062,824,0.0044,0.0311,0.27999999999999997,,-1.0418,0.3627,0.0129,,,,,
bob,0,28676062,825,0.0059,0.0109,0.2,,-1.0317,0.3625,0.0128,,,,,
bob,0,28676062,826,0.0043,0.0203,0.26,,-1.0484,0.3623,0.0128,,,,,
bob,0,28676062,827,0.0013,0.0223,0.24,,-1.042,0.3622,0.0129,,,,,
bob,0,28676062,828,0.0039,0.022,0.24,,-1.0387,0.362,0.0129,,,,,
bob,0,28676062,829,0.0028,0.0266,0.27999999999999997,,-1.0297,0.3618,0.0129,,,,,
bob,0,28676062,830,0.0047,0.0168,0.24,,-1.048,0.3617,0.013,,,,,
bob,0,28676062,831,0.0056,0.0352,0.3,,-1.0439,0.3615,0.013,,,,,
bob,0,28676062,832,0.0067,0.0179,0.24,,-1.0445,0.3613,0.0131,,,,,
bob,0,28676062,833,0.0044,0.027,0.27999999999999997,,-1.0487,0.3612,0.0131,,,,,
bob,0,28676062,834,0.0017,0.0193,0.24,,-1.0475,0.361,0.0131,,,,,
bob,0,28676062,835,0.0034,0.0193,0.24,,-1.042,0.3608,0.0131,,,,,
bob,0,28676062,836,0.0035,0.0169,0.24,,-1.0345,0.3607,0.0132,,,,,
bob,0,28676062,837,0.0054,0.0179,0.24,,-1.042,0.3605,0.0131,,,,,
bob,0,28676062,838,0.0024,0.0156,0.24,,-1.0309,0.3603,0.0131,,,,,
bob,0,28676062,839,0.0017,0.0332,0.3,,-1.0463,0.3602,0.0132,,,,,
bob,0,28676062,840,0.006,0.038,0.32,,-1.035,0.36,0.0132,,,,,
bob,0,28676062,841,0.0061,0.0199,0.22,,-1.0354,0.3598,0.0131,,,,,
bob,0,28676062,842,0.0029,0.0154,0.24,,-1.032,0.3597,0.0131,,,,,
bob,0,28676062,843,0.0043,0.0085,0.18,,-1.0459,0.3595,0.013,,,,,
bob,0,28676062,844,0.004,0.0172,0.24,,-1.0286,0.3593,0.013,,,,,
bob,0,28676062,845,0.0051,0.0259,0.27999999999999997,,-1.0446,0.3592,0.013,,,,,
bob,0,28676062,846,0.0001,0.0164,0.24,,-1.0349,0.359,0.0131,,,,,
bob,0,28676062,847,0.0017,0.0248,0.26,,-1.0355,0.3588,0.0131,,,,,
bob,0,28676062,848,0.0045,0.0101,0.2,,-1.0384,0.3587,0.0131,,,,,
bob,0,28676062,849,0.0021,0.0151,0.22,,-1.0388,0.3585,0.0131,,,,,
bob,0,28676062,850,0.003,0.0182,0.22,,-1.0326,0.3583,0.0131,,,,,
bob,0,28676062,851,0.0023,0.0152,0.22,,-1.0415,0.3582,0.0132,,,,,
bob,0,28676062,852,0.0022,0.0213,0.27999999999999997,,-1.0382,0.358,0.0132,,,,,
bob,0,28676062,853,0.0004,0.0168,0.22,,-1.0327,0.3578,0.0131,,,,,
bob,0,28676062,854,0.004,0.021,0.24,,-1.0435,0.3577,0.0131,,,,,
bob,0,28676062,855,0.0049,0.0276,0.27999999999999997,,-1.0536,0.3575,0.0132,,,,,
bob,0,28676062,856,0.0044,0.0229,0.24,,-1.0461,0.3573,0.0132,,,,,
bob,0,28676062,857,0.0023,0.0304,0.26,,-1.0425,0.3572,0.0132,,,,,
bob,0,28676062,858,0.0028,0.0294,0.27999999999999997,,-1.0297,0.357,0.0132,,,,,
bob,0,28676062,859,0.0015,0.024,0.27999999999999997,,-1.043,0.3568,0.0132,,,,,
bob,0,28676062,860,0.0027,0.0227,0.26,,-1.0498,0.3567,0.0132,,,,,
bob,0,28676062,861,0.0029,0.0229,0.26,,-1.0237,0.3565,0.0133,,,,,
bob,0,28676062,862,0.0002,0.0255,0.27999999999999997,,-1.036,0.3563,0.0133,,,,,
bob,0,28676062,863,0.0056,0.0225,0.24,,-1.0405,0.3562,0.0133,,,,,
bob,0,28676062,864,0.0029,0.021,0.24,,-1.0288,0.356,0.0133,,,,,
bob,0,28676062,865,0.0051,0.0152,0.22,,-1.0496,0.3558,0.0133,,,,,
bob,0,28676062,866,0.0012,0.0222,0.26,,-1.0357,0.3557,0.0134,,,,,
bob,0,28676062,867,0.0052,0.021,0.27999999999999997,,-1.0422,0.3555,0.0134,,,,,
bob,0,28676062,868,0.0023,0.0171,0.22,,-1.0329,0.3553,0.0134,,,,,
bob,0,28676062,869,0.0025,0.0153,0.24,,-1.0399,0.3552,0.0134,,,,,
bob,0,28676062,870,0.0016,0.0128,0.24,,-1.0297,0.355,0.0133,,,,,
bob,0,28676062,871,0.0034,0.0342,0.32,,-1.0367,0.3548,0.0134,,,,,
bob,0,28676062,872,0.0006,0.0191,0.24,,-1.0448,0.3547,0.0134,,,,,
bob,0,28676062,873,0.0039,0.0138,0.2,,-1.0518,0.3545,0.0135,,,,,
bob,0,28676062,874,0.003,0.0405,0.32,,-1.0371,0.3543,0.0135,,,,,
bob,0,28676062,875,0.0058,0.0209,0.24,,-1.0408,0.3542,0.0135,,,,,
bob,0,28676062,876,0.0054,0.0125,0.22,,-1.0496,0.354,0.0136,,,,,
bob,0,28676062,877,0.0042,0.0144,0.2,,-1.041,0.3538,0.0136,,,,,
bob,0,28676062,878,0.0036,0.026,0.26,,-1.0433,0.3537,0.0136,,,,,
bob,0,28676062,879,0.002,0.0132,0.18,,-1.043,0.3535,0.0136,,,,,
bob,0,28676062,880,0.0006,0.0116,0.2,,-1.0405,0.3533,0.0136,,,,,
bob,0,28676062,881,0.0022,0.0119,0.22,,-1.0398,0.3532,0.0136,,,,,
bob,0,28676062,882,0.0035,0.0265,0.27999999999999997,,-1.032,0.353,0.0137,,,,,
bob,0,28676062,883,0.0047,0.0268,0.26,,-1.0556,0.3528,0.0137,,,,,
bob,0,28676062,884,0.0019,0.0349,0.33999999999999997,,-1.0465,0.3527,0.0138,,,,,
bob,0,28676062,885,0.0031,0.0199,0.22,,-1.0453,0.3525,0.0138,,,,,
bob,0,28676062,886,0.0057,0.0148,0.22,,-1.0487,0.3523,0.0138,,,,,
bob,0,28676062,887,0.0028,0.0148,0.18,,-1.0477,0.3522,0.0138,,,,,
bob,0,28676062,888,0.0061,0.0118,0.24,,-1.0377,0.352,0.0138,,,,,
bob,0,28676062,889,0.0031,0.0247,0.27999999999999997,,-1.0461,0.3518,0.0138,,,,,
bob,0,28676062,890,0.0027,0.0227,0.24,,-1.0361,0.3517,0.0139,,,,,
bob,0,28676062,891,0.0062,0.0229,0.26,,-1.0483,0.3515,0.0139,,,,,
bob,0,28676062,892,0.0049,0.0273,0.26,,-1.0495,0.3513,0.0139,,,,,
bob,0,28676062,893,0.0052,0.0276,0.32,,-1.0318,0.3512,0.014,,,,,
bob,0,28676062,894,0.0011,0.0193,0.2,,-1.0445,0.351,0.014,,,,,
bob,0,28676062,895,0.0019,0.0162,0.22,,-1.038,0.3508,0.014,,,,,
bob,0,28676062,896,0.0062,0.0224,0.24,,-1.043,0.3507,0.0141,,,,,
bob,0,28676062,897,0.006,0.0174,0.24,,-1.0368,0.3505,0.0141,,,,,
bob,0,28676062,898,0.002,0.0262,0.3,,-1.0452,0.3503,0.0141,,,,,
bob,0,28676062,899,0.0065,0.0284,0.26,,-1.0435,0.3502,0.0141,,,,,
bob,0,28676062,900,0.0022,0.0129,0.22,,-1.05,0.35,0.0141,,,,,
bob,0,28676062,901,0.0013,0.0159,0.24,,-1.0321,0.3498,0.0141,,,,,
bob,0,28676062,902,0.0026,0.018,0.22,,-1.0501,0.3497,0.0141,,,,,
bob,0,28676062,903,0.0041,0.0164,0.24,,-1.0373,0.3495,0.0141,,,,,
bob,0,28676062,904,-0.0016,0.0151,0.22,,-1.0328,0.3493,0.0141,,,,,
bob,0,28676062,905,0.0056,0.0166,0.24,,-1.0433,0.3492,0.0141,,,,,
bob,0,28676062,906,0.0045,0.0123,0.2,,-1.0411,0.349,0.0141,,,,,
bob,0,28676062,907,0.0045,0.0168,0.24,,-1.042,0.3488,0.0141,,,,,
bob,0,28676062,908,0.0059,0.0089,0.18,,-1.0395,0.3487,0.0141,,,,,
bob,0,28676062,909,0.0034,0.0166,0.22,,-1.0483,0.3485,0.0141,,,,,
bob,0,28676062,910,0.0028,0.0203,0.24,,-1.0372,0.3483,0.0142,,,,,
bob,0,28676062,911,0.0031,0.0184,0.18,,-1.0351,0.3482,0.0142,,,,,
bob,0,28676062,912,0.0011,0.0165,0.22,,-1.0419,0.348,0.0142,,,,,
bob,0,28676062,913,0.0031,0.0276,0.26,,-1.0365,0.3478,0.0142,,,,,
bob,0,28676062,914,0.001,0.0208,0.24,,-1.0328,0.3477,0.0142,,,,,
bob,0,28676062,915,0.0033,0.0244,0.26,,-1.036,0.3475,0.0142,,,,,
bob,0,28676062,916,0.0058,0.0213,0.24,,-1.0334,0.3473,0.0143,,,,,
bob,0,28676062,917,0.004,0.0267,0.26,,-1.0383,0.3472,0.0143,,,,,
bob,0,28676062,918,0.0004,0.0186,0.24,,-1.026,0.347,0.0143,,,,,
bob,0,28676062,919,0.0016,0.0192,0.24,,-1.0301,0.3468,0.0143,,,,,
bob,0,28676062,920,0.0034,0.0215,0.24,,-1.043,0.3467,0.0143,,,,,
bob,0,28676062,921,0.0069,0.0126,0.22,,-1.0418,0.3465,0.0143,,,,,
bob,0,28676062,922,0.0013,0.0111,0.2,,-1.0311,0.3463,0.0142,,,,,
bob,0,28676062,923,0.0003,0.0152,0.26,,-1.0402,0.3462,0.0142,,,,,
bob,0,28676062,924,0.0021,0.0275,0.27999999999999997,,-1.0377,0.346,0.0143,,,,,
bob,0,28676062,925,0.0038,0.0267,0.27999999999999997,,-1.0336,0.3458,0.0143,,,,,
bob,0,28676062,926,0.0023,0.0171,0.2,,-1.0425,0.3457,0.0143,,,,,
bob,0,28676062,927,0.001,0.0227,0.27999999999999997,,-1.0447,0.3455,0.0143,,,,,
bob,0,28676062,928,0.0075,0.0106,0.18,,-1.0458,0.3453,0.0143,,,,,
bob,0,28676062,929,0.0073,0.0124,0.22,,-1.042,0.3452,0.0142,,,,,
bob,0,28676062,930,0.0016,0.008,0.2,,-1.0415,0.345,0.0142,,,,,
bob,0,28676062,931,0.0015,0.0146,0.22,,-1.0388,0.3448,0.0141,,,,,
bob,0,28676062,932,0.0013,0.0203,0.22,,-1.0379,0.3447,0.0141,,,,,
bob,0,28676062,933,0.0024,0.0173,0.22,,-1.0292,0.3445,0.0142,,,,,
bob,0,28676062,934,0.0003,0.021,0.24,,-1.0467,0.3443,0.0141,,,,,
bob,0,28676062,935,0.0038,0.0185,0.24,,-1.0447,0.3442,0.0141,,,,,
bob,0,28676062,936,-0.0009,0.0171,0.26,,-1.0394,0.344,0.0141,,,,,
bob,0,28676062,937,0.0045,0.0168,0.22,,-1.0325,0.3438,0.014,,,,,
bob,0,28676062,938,0.0065,0.0097,0.18,,-1.0394,0.3437,0.014,,,,,
bob,0,28676062,939,0.0042,0.009,0.22,,-1.0354,0.3435,0.014,,,,,
bob,0,28676062,940,0.0057,0.0204,0.26,,-1.0431,0.3433,0.014,,,,,
bob,0,28676062,941,0.0024,0.0124,0.22,,-1.0453,0.3432,0.0139,,,,,
bob,0,28676062,942,0.0034,0.0125,0.22,,-1.0442,0.343,0.0139,,,,,
bob,0,28676062,943,0.001,0.0096,0.18,,-1.0458,0.3428,0.0138,,,,,
bob,0,28676062,944,0.0054,0.0152,0.24,,-1.0544,0.3427,0.0139,,,,,
bob,0,28676062,945,0.0012,0.0144,0.22,,-1.0325,0.3425,0.0138,,,,,
bob,0,28676062,946,0.003,0.0131,0.22,,-1.0355,0.3423,0.0137,,,,,
bob,0,28676062,947,0.0035,0.0184,0.24,,-1.0384,0.3422,0.0138,,,,,
bob,0,28676062,948,0.0048,0.0362,0.33999999999999997,,-1.0382,0.342,0.0139,,,,,
bob,0,28676062,949,0.0053,0.029,0.26,,-1.0394,0.3418,0.0139,,,,,
bob,0,28676062,950,0.0012,0.0134,0.22,,-1.0404,0.3417,0.0139,,,,,
bob,0,28676062,951,0.0036,0.0175,0.24,,-1.0498,0.3415,0.0139,,,,,
bob,0,28676062,952,0.0002,0.0169,0.24,,-1.0665,0.3413,0.0139,,,,,
bob,0,28676062,953,0.0008,0.0158,0.26,,-1.0351,0.3412,0.0139,,,,,
bob,0,28676062,954,0.0016,0.0225,0.24,,-1.036,0.341,0.0139,,,,,
bob,0,28676062,955,0.0009,0.014,0.24,,-1.0445,0.3408,0.0139,,,,,
bob,0,28676062,956,0.0003,0.0145,0.22,,-1.0587,0.3407,0.0139,,,,,
bob,0,28676062,957,-0.0001,0.0114,0.22,,-1.04,0.3405,0.0139,,,,,
bob,0,28676062,958,0.0038,0.0261,0.26,,-1.048,0.3403,0.0139,,,,,
bob,0,28676062,959,-0.0001,0.0193,0.24,,-1.0507,0.3402,0.0139,,,,,
bob,0,28676062,960,0.0014,0.0232,0.26,,-1.0388,0.34,0.0139,,,,,
bob,0,28676062,961,0.0015,0.0276,0.27999999999999997,,-1.0279,0.3398,0.0139,,,,,
bob,0,28676062,962,0.0041,0.0222,0.22,,-1.0356,0.3397,0.0139,,,,,
bob,0,28676062,963,0.004,0.0266,0.27999999999999997,,-1.0394,0.3395,0.0139,,,,,
bob,0,28676062,964,0.0037,0.023,0.3,,-1.0565,0.3393,0.014,,,,,
bob,0,28676062,965,0.0019,0.0218,0.27999999999999997,,-1.0301,0.3392,0.014,,,,,
bob,0,28676062,966,0.0023,0.0212,0.22,,-1.0435,0.339,0.014,,,,,
bob,0,28676062,967,0.0011,0.02,0.24,,-1.0308,0.3388,0.0139,,,,,
bob,0,28676062,968,0.0059,0.0113,0.2,,-1.0348,0.3387,0.0139,,,,,
bob,0,28676062,969,0.004,0.0155,0.22,,-1.0296,0.3385,0.0139,,,,,
bob,0,28676062,970,0.0016,0.0107,0.18,,-1.0453,0.3383,0.0139,,,,,
bob,0,28676062,971,0.0013,0.0164,0.22,,-1.0368,0.3382,0.0139,,,,,
bob,0,28676062,972,0.0026,0.0286,0.26,,-1.025,0.338,0.0139,,,,,
bob,0,28676062,973,0.0016,0.0203,0.26,,-1.0287,0.3378,0.0139,,,,,
bob,0,28676062,974,0.0029,0.0193,0.24,,-1.0442,0.3377,0.0139,,,,,
bob,0,28676062,975,0.0005,0.0144,0.22,,-1.0294,0.3375,0.0138,,,,,
bob,0,28676062,976,0.0033,0.0159,0.22,,-1.0401,0.3373,0.0138,,,,,
bob,0,28676062,977,0.005,0.0326,0.27999999999999997,,-1.0444,0.3372,0.0139,,,,,
bob,0,28676062,978,0.0017,0.012,0.2,,-1.0427,0.337,0.0139,,,,,
bob,0,28676062,979,0.0022,0.0251,0.27999999999999997,,-1.0456,0.3368,0.0139,,,,,
bob,0,28676062,980,-0.0,0.0143,0.2,,-1.0394,0.3367,0.0139,,,,,
bob,0,28676062,981,0.007,0.0156,0.18,,-1.037,0.3365,0.0138,,,,,
bob,0,28676062,982,0.0018,0.0248,0.27999999999999997,,-1.0388,0.3363,0.0139,,,,,
bob,0,28676062,983,0.0005,0.021,0.24,,-1.0293,0.3362,0.0139,,,,,
bob,0,28676062,984,0.0019,0.0181,0.22,,-0.5769,0.336,0.0138,,,,,
bob,0,28676062,985,0.0049,0.0186,0.24,,-0.5144,0.3358,0.0138,,,,,
bob,0,28676062,986,0.0026,0.0156,0.2,,-1.0753,0.3357,0.0138,,,,,
bob,0,28676062,987,0.0015,0.018,0.22,,-1.0604,0.3355,0.0138,,,,,
bob,0,28676062,988,0.0014,0.0173,0.24,,-1.1045,0.3353,0.0138,,,,,
bob,0,28676062,989,0.002,0.0208,0.24,,-0.7219,0.3352,0.0138,,,,,
bob,0,28676062,990,0.0015,0.0095,0.18,,-1.133,0.335,0.0137,,,,,
bob,0,28676062,991,0.0074,0.0096,0.24,,-1.1054,0.3348,0.0137,,,,,
bob,0,28676062,992,0.0055,0.0126,0.2,,-1.1372,0.3347,0.0137,,,,,
bob,0,28676062,993,0.0015,0.0269,0.33999999999999997,,-1.1282,0.3345,0.0137,,,,,
bob,0,28676062,994,0.0038,0.0282,0.26,,-1.1478,0.3343,0.0137,,,,,
bob,0,28676062,995,0.0028,0.0362,0.27999999999999997,,-1.1357,0.3342,0.0137,,,,,
bob,0,28676062,996,0.0027,0.0046,0.16,,-1.1315,0.334,0.0136,,,,,
bob,0,28676062,997,0.0021,0.0227,0.24,,-1.1253,0.3338,0.0135,,,,,
bob,0,28676062,998,0.0011,0.0181,0.22,,-1.1281,0.3337,0.0135,,,,,
bob,0,28676062,999,0.0052,0.0241,0.27999999999999997,,-1.1287,0.3335,0.0135,,,,,
bob,0,28676062,1000,0.0012,0.0272,0.3,,-1.1155,0.3333,0.0135,,,,,
bob,0,28676062,1001,0.0016,0.0223,0.24,,-1.13,0.3332,0.0134,,,,,
bob,0,28676062,1002,0.0036,0.0153,0.22,,-1.1129,0.333,0.0134,,,,,
bob,0,28676062,1003,0.0036,0.0141,0.2,,-1.1276,0.3328,0.0134,,,,,
bob,0,28676062,1004,0.0002,0.0073,0.18,,-1.1383,0.3327,0.0133,,,,,
bob,0,28676062,1005,0.0002,0.0137,0.22,,-1.1342,0.3325,0.0132,,,,,
bob,0,28676062,1006,0.0029,0.0265,0.27999999999999997,,-1.1311,0.3323,0.0132,,,,,
bob,0,28676062,1007,0.0051,0.023,0.24,,-1.1263,0.3322,0.0132,,,,,
bob,0,28676062,1008,0.0021,0.0214,0.24,,-1.1495,0.332,0.0131,,,,,
bob,0,28676062,1009,0.0021,0.0243,0.24,,-1.141,0.3318,0.0131,,,,,
bob,0,28676062,1010,0.0009,0.0161,0.24,,-1.1336,0.3317,0.0131,,,,,
bob,0,28676062,1011,0.0069,0.0144,0.2,,-1.1495,0.3315,0.013,,,,,
bob,0,28676062,1012,0.0029,0.0174,0.24,,-1.1266,0.3313,0.013,,,,,
bob,0,28676062,1013,0.001,0.0158,0.22,,-1.1114,0.3312,0.013,,,,,
bob,0,28676062,1014,0.0042,0.0135,0.22,,-1.1136,0.331,0.0129,,,,,
bob,0,28676062,1015,0.0013,0.0305,0.26,,-1.1077,0.3308,0.0129,,,,,
bob,0,28676062,1016,0.0015,0.0117,0.24,,-1.108,0.3307,0.0129,,,,,
bob,0,28676062,1017,0.0017,0.0211,0.24,,-1.1004,0.3305,0.0129,,,,,
bob,0,28676062,1018,0.0023,0.0129,0.22,,-1.0869,0.3303,0.0129,,,,,
bob,0,28676062,1019,0.0009,0.0065,0.16,,-1.0753,0.3302,0.0128,,,,,
bob,0,28676062,1020,0.003,0.0194,0.26,,-1.0812,0.33,0.0128,,,,,
bob,0,28676062,1021,0.0022,0.014,0.2,,-1.0632,0.3298,0.0128,,,,,
bob,0,28676062,1022,0.0038,0.0246,0.3,,-1.0722,0.3297,0.0128,,,,,
bob,0,28676062,1023,0.0054,0.0261,0.3,,-1.075,0.3295,0.0129,,,,,
bob,0,28676062,1024,0.001,0.0086,0.18,,-1.0573,0.3293,0.0128,,,,,
bob,0,28676062,1025,0.0018,0.0163,0.22,,-1.0651,0.3292,0.0128,,,,,
bob,0,28676062,1026,0.0029,0.0125,0.22,,-1.0658,0.329,0.0128,,,,,
bob,0,28676062,1027,-0.0,0.0211,0.26,,-1.0668,0.3288,0.0128,,,,,
bob,0,28676062,1028,0.0017,0.0086,0.18,,-1.068,0.3287,0.0127,,,,,
bob,0,28676062,1029,0.0049,0.015,0.2,,-1.0663,0.3285,0.0127,,,,,
bob,0,28676062,1030,-0.0002,0.0161,0.22,,-1.0692,0.3283,0.0127,,,,,
bob,0,28676062,1031,0.0029,0.0324,0.3,,-1.0678,0.3282,0.0127,,,,,
bob,0,28676062,1032,0.003,0.0187,0.24,,-1.0781,0.328,0.0127,,,,,
bob,0,28676062,1033,0.0005,0.0182,0.22,,-1.0528,0.3278,0.0126,,,,,
bob,0,28676062,1034,0.0005,0.0306,0.3,,-1.0561,0.3277,0.0127,,,,,
bob,0,28676062,1035,0.0023,0.0121,0.18,,-1.0556,0.3275,0.0127,,,,,
bob,0,28676062,1036,0.0035,0.025,0.24,,-1.0575,0.3273,0.0127,,,,,
bob,0,28676062,1037,0.0049,0.0209,0.26,,-1.053,0.3272,0.0127,,,,,
bob,0,28676062,1038,0.0024,0.0144,0.22,,-1.0574,0.327,0.0126,,,,,
bob,0,28676062,1039,0.0024,0.009,0.2,,-1.0497,0.3268,0.0126,,,,,
bob,0,28676062,1040,0.0016,0.0085,0.2,,-1.0601,0.3267,0.0125,,,,,
bob,0,28676062,1041,0.0019,0.0129,0.24,,-1.0488,0.3265,0.0125,,,,,
bob,0,28676062,1042,0.0021,0.0299,0.3,,-1.049,0.3263,0.0125,,,,,
bob,0,28676062,1043,0.0021,0.0222,0.24,,-1.0607,0.3262,0.0126,,,,,
bob,0,28676062,1044,0.0037,0.0232,0.24,,-1.0473,0.326,0.0126,,,,,
bob,0,28676062,1045,0.0016,0.0213,0.27999999999999997,,-1.0546,0.3258,0.0126,,,,,
bob,0,28676062,1046,0.0022,0.0187,0.24,,-1.0524,0.3257,0.0126,,,,,
bob,0,28676062,1047,0.0023,0.0237,0.22,,-1.0499,0.3255,0.0126,,,,,
bob,0,28676062,1048,0.0029,0.0293,0.27999999999999997,,-1.0362,0.3253,0.0126,,,,,
bob,0,28676062,1049,0.0042,0.0183,0.22,,-1.0426,0.3252,0.0127,,,,,
bob,0,28676062,1050,0.0024,0.0111,0.2,,-1.0474,0.325,0.0126,,,,,
bob,0,28676062,1051,0.0022,0.0209,0.26,,-1.0471,0.3248,0.0127,,,,,
bob,0,28676062,1052,0.0014,0.0165,0.22,,-1.0545,0.3247,0.0127,,,,,
bob,0,28676062,1053,0.0013,0.0189,0.24,,-1.0601,0.3245,0.0127,,,,,
bob,0,28676062,1054,0.0009,0.0093,0.18,,-1.0502,0.3243,0.0126,,,,,
bob,0,28676062,1055,-0.0009,0.023,0.27999999999999997,,-1.0535,0.3242,0.0126,,,,,
bob,0,28676062,1056,0.0012,0.0158,0.22,,-1.0506,0.324,0.0126,,,,,
bob,0,28676062,1057,0.0003,0.0074,0.18,,-1.0524,0.3238,0.0125,,,,,
bob,0,28676062,1058,0.0008,0.0134,0.22,,-1.0508,0.3237,0.0125,,,,,
bob,0,28676062,1059,0.0005,0.0231,0.26,,-1.0591,0.3235,0.0124,,,,,
bob,0,28676062,1060,0.0038,0.0153,0.22,,-1.045,0.3233,0.0124,,,,,
bob,0,28676062,1061,0.0024,0.0145,0.22,,-1.0476,0.3232,0.0124,,,,,
bob,0,28676062,1062,0.0031,0.0128,0.22,,-1.0496,0.323,0.0123,,,,,
bob,0,28676062,1063,0.0037,0.0146,0.24,,-1.0657,0.3228,0.0123,,,,,
bob,0,28676062,1064,0.0014,0.0129,0.24,,-1.0491,0.3227,0.0123,,,,,
bob,0,28676062,1065,0.0,0.0084,0.22,,-1.0504,0.3225,0.0123,,,,,
bob,0,28676062,1066,0.0022,0.0053,0.18,,-1.0467,0.3223,0.0122,,,,,
bob,0,28676062,1067,0.0004,0.0192,0.26,,-1.0507,0.3222,0.0122,,,,,
bob,0,28676062,1068,0.0018,0.0137,0.2,,-1.046,0.322,0.0122,,,,,
bob,0,28676062,1069,0.002,0.0197,0.24,,-1.0443,0.3218,0.0122,,,,,
bob,0,28676062,1070,0.0022,0.0144,0.18,,-1.0451,0.3217,0.0122,,,,,
bob,0,28676062,1071,0.0027,0.0201,0.26,,-1.0542,0.3215,0.0122,,,,,
bob,0,28676062,1072,0.0016,0.0367,0.32,,-1.0427,0.3213,0.0122,,,,,
bob,0,28676062,1073,0.0008,0.0403,0.33999999999999997,,-1.0476,0.3212,0.0123,,,,,
bob,0,28676062,1074,0.0022,0.0159,0.2,,-1.0406,0.321,0.0122,,,,,
bob,0,28676062,1075,0.0023,0.0208,0.24,,-1.0565,0.3208,0.0122,,,,,
bob,0,28676062,1076,0.0005,0.019,0.24,,-1.0587,0.3207,0.0122,,,,,
bob,0,28676062,1077,0.0013,0.0176,0.26,,-1.0471,0.3205,0.0123,,,,,
bob,0,28676062,1078,0.0006,0.0407,0.33999999999999997,,-1.0547,0.3203,0.0123,,,,,
bob,0,28676062,1079,0.0003,0.0239,0.24,,-1.0314,0.3202,0.0123,,,,,
bob,0,28676062,1080,0.0037,0.0131,0.2,,-1.05,0.32,0.0123,,,,,
bob,0,28676062,1081,0.0015,0.0191,0.22,,-1.0445,0.3198,0.0123,,,,,
bob,0,28676062,1082,0.0031,0.0182,0.24,,-1.0365,0.3197,0.0123,,,,,
bob,0,28676062,1083,0.0018,0.0123,0.2,,-1.0355,0.3195,0.0123,,,,,
bob,0,28676062,1084,0.002,0.0133,0.26,,-1.0331,0.3193,0.0122,,,,,
bob,0,28676062,1085,0.002,0.0246,0.32,,-1.0336,0.3192,0.0122,,,,,
bob,0,28676062,1086,0.0038,0.0254,0.26,,-1.048,0.319,0.0123,,,,,
bob,0,28676062,1087,0.0034,0.0263,0.26,,-1.0472,0.3188,0.0123,,,,,
bob,0,28676062,1088,0.0015,0.0219,0.26,,-1.0451,0.3187,0.0123,,,,,
bob,0,28676062,1089,0.0013,0.0208,0.26,,-1.0518,0.3185,0.0123,,,,,
bob,0,28676062,1090,0.0025,0.0231,0.26,,-1.0478,0.3183,0.0123,,,,,
bob,0,28676062,1091,0.0013,0.0175,0.22,,-1.0409,0.3182,0.0123,,,,,
bob,0,28676062,1092,0.0003,0.0146,0.22,,-1.0384,0.318,0.0123,,,,,
bob,0,28676062,1093,0.0005,0.0149,0.22,,-1.0479,0.3178,0.0122,,,,,
bob,0,28676062,1094,0.0007,0.013,0.2,,-1.044,0.3177,0.0122,,,,,
bob,0,28676062,1095,0.0003,0.0253,0.26,,-1.0448,0.3175,0.0122,,,,,
bob,0,28676062,1096,0.0012,0.0189,0.2,,-1.0548,0.3173,0.0122,,,,,
bob,0,28676062,1097,0.002,0.0156,0.2,,-1.05,0.3172,0.0122,,,,,
bob,0,28676062,1098,0.0,0.0306,0.26,,-1.0547,0.317,0.0122,,,,,
bob,0,28676062,1099,0.001,0.0163,0.22,,-1.053,0.3168,0.0121,,,,,
bob,0,28676062,1100,0.0007,0.0201,0.22,,-1.0498,0.3167,0.0122,,,,,
bob,0,28676062,1101,0.0013,0.0265,0.3,,-1.042,0.3165,0.0122,,,,,
bob,0,28676062,1102,0.001,0.0215,0.26,,-1.0311,0.3163,0.0122,,,,,
bob,0,28676062,1103,0.0012,0.0155,0.2,,-1.0536,0.3162,0.0122,,,,,
bob,0,28676062,1104,0.0017,0.0245,0.24,,-1.0384,0.316,0.0122,,,,,
bob,0,28676062,1105,0.0007,0.0288,0.27999999999999997,,-1.0445,0.3158,0.0123,,,,,
bob,0,28676062,1106,0.0022,0.0226,0.26,,-1.0473,0.3157,0.0123,,,,,
bob,0,28676062,1107,-0.0001,0.0186,0.24,,-1.0287,0.3155,0.0123,,,,,
bob,0,28676062,1108,0.0013,0.0182,0.22,,-1.0439,0.3153,0.0124,,,,,
bob,0,28676062,1109,0.0023,0.0191,0.26,,-1.0505,0.3152,0.0124,,,,,
bob,0,28676062,1110,0.0031,0.0188,0.24,,-1.0318,0.315,0.0124,,,,,
bob,0,28676062,1111,0.0014,0.015,0.22,,-1.0338,0.3148,0.0124,,,,,
bob,0,28676062,1112,-0.0006,0.0188,0.24,,-1.0297,0.3147,0.0124,,,,,
bob,0,28676062,1113,0.0017,0.0146,0.24,,-1.0363,0.3145,0.0124,,,,,
bob,0,28676062,1114,0.0003,0.0145,0.24,,-1.0443,0.3143,0.0124,,,,,
bob,0,28676062,1115,0.0019,0.0276,0.27999999999999997,,-1.0473,0.3142,0.0124,,,,,
bob,0,28676062,1116,0.0002,0.0129,0.16,,-1.0475,0.314,0.0123,,,,,
bob,0,28676062,1117,0.0006,0.0129,0.22,,-1.0474,0.3138,0.0123,,,,,
bob,0,28676062,1118,0.0001,0.0116,0.24,,-1.0367,0.3137,0.0123,,,,,
bob,0,28676062,1119,-0.0003,0.0146,0.22,,-1.0574,0.3135,0.0123,,,,,
bob,0,28676062,1120,-0.0005,0.0253,0.27999999999999997,,-1.0568,0.3133,0.0123,,,,,
bob,0,28676062,1121,0.001,0.015,0.22,,-1.0618,0.3132,0.0123,,,,,
bob,0,28676062,1122,0.002,0.0188,0.24,,-1.0463,0.313,0.0124,,,,,
bob,0,28676062,1123,0.0009,0.0082,0.18,,-1.0491,0.3128,0.0123,,,,,
bob,0,28676062,1124,-0.0006,0.0078,0.2,,-1.0474,0.3127,0.0122,,,,,
bob,0,28676062,1125,0.0003,0.0236,0.27999999999999997,,-1.0508,0.3125,0.0122,,,,,
bob,0,28676062,1126,0.0007,0.0255,0.24,,-1.0457,0.3123,0.0122,,,,,
bob,0,28676062,1127,0.0012,0.0157,0.24,,-1.0422,0.3122,0.0122,,,,,
bob,0,28676062,1128,0.0019,0.021,0.24,,-1.0472,0.312,0.0123,,,,,
bob,0,28676062,1129,0.0013,0.0209,0.24,,-1.0554,0.3118,0.0123,,,,,
bob,0,28676062,1130,0.0001,0.0194,0.24,,-1.0497,0.3117,0.0124,,,,,
bob,0,28676062,1131,0.0031,0.0205,0.24,,-1.051,0.3115,0.0124,,,,,
bob,0,28676062,1132,0.001,0.0216,0.24,,-1.0499,0.3113,0.0124,,,,,
bob,0,28676062,1133,0.0022,0.0441,0.33999999999999997,,-1.0442,0.3112,0.0125,,,,,
bob,0,28676062,1134,0.0009,0.0238,0.24,,-1.0412,0.311,0.0125,,,,,
bob,0,28676062,1135,0.0015,0.0188,0.24,,-1.0534,0.3108,0.0125,,,,,
bob,0,28676062,1136,0.0021,0.0099,0.18,,-1.0452,0.3107,0.0124,,,,,
bob,0,28676062,1137,0.0025,0.0262,0.26,,-1.0404,0.3105,0.0125,,,,,
bob,0,28676062,1138,-0.0007,0.0211,0.27999999999999997,,-1.0456,0.3103,0.0125,,,,,
bob,0,28676062,1139,0.0005,0.0393,0.33999999999999997,,-1.0424,0.3102,0.0126,,,,,
bob,0,28676062,1140,0.0028,0.0105,0.16,,-1.0438,0.31,0.0126,,,,,
bob,0,28676062,1141,0.0026,0.0169,0.24,,-1.0521,0.3098,0.0126,,,,,
bob,0,28676062,1142,0.0012,0.0146,0.24,,-1.0525,0.3097,0.0126,,,,,
bob,0,28676062,1143,0.0007,0.006,0.18,,-1.0546,0.3095,0.0126,,,,,
bob,0,28676062,1144,0.0008,0.0086,0.18,,-1.0439,0.3093,0.0126,,,,,
bob,0,28676062,1145,-0.0,0.0113,0.2,,-1.0382,0.3092,0.0126,,,,,
bob,0,28676062,1146,0.0017,0.0203,0.26,,-1.0439,0.309,0.0126,,,,,
bob,0,28676062,1147,0.0018,0.0136,0.2,,-1.0389,0.3088,0.0126,,,,,
bob,0,28676062,1148,0.0023,0.0199,0.24,,-1.0345,0.3087,0.0125,,,,,
bob,0,28676062,1149,0.0021,0.0319,0.3,,-1.0471,0.3085,0.0125,,,,,
bob,0,28676062,1150,0.0021,0.0228,0.26,,-1.0429,0.3083,0.0126,,,,,
bob,0,28676062,1151,0.0011,0.0248,0.22,,-1.0511,0.3082,0.0126,,,,,
bob,0,28676062,1152,0.0025,0.0142,0.22,,-1.0324,0.308,0.0126,,,,,
bob,0,28676062,1153,-0.001,0.019,0.22,,-1.0387,0.3078,0.0125,,,,,
bob,0,28676062,1154,0.0031,0.0128,0.2,,-1.0456,0.3077,0.0125,,,,,
bob,0,28676062,1155,0.0006,0.0183,0.22,,-1.0331,0.3075,0.0125,,,,,
bob,0,28676062,1156,0.0021,0.0194,0.22,,-1.0334,0.3073,0.0125,,,,,
bob,0,28676062,1157,-0.0002,0.0209,0.24,,-1.041,0.3072,0.0125,,,,,
bob,0,28676062,1158,0.003,0.018,0.2,,-1.0386,0.307,0.0125,,,,,
bob,0,28676062,1159,0.0015,0.0239,0.26,,-1.0389,0.3068,0.0125,,,,,
bob,0,28676062,1160,0.002,0.0102,0.18,,-1.037,0.3067,0.0125,,,,,
bob,0,28676062,1161,0.0008,0.0178,0.22,,-1.0465,0.3065,0.0124,,,,,
bob,0,28676062,1162,0.0016,0.0276,0.27999999999999997,,-1.0315,0.3063,0.0125,,,,,
bob,0,28676062,1163,0.0008,0.0262,0.3,,-1.0457,0.3062,0.0125,,,,,
bob,0,28676062,1164,0.001,0.0141,0.2,,-1.0376,0.306,0.0124,,,,,
bob,0,28676062,1165,0.0008,0.0167,0.22,,-1.0413,0.3058,0.0123,,,,,
bob,0,28676062,1166,0.0005,0.0164,0.22,,-1.0329,0.3057,0.0123,,,,,
bob,0,28676062,1167,0.0012,0.0243,0.22,,-1.0409,0.3055,0.0123,,,,,
bob,0,28676062,1168,0.0011,0.0261,0.26,,-1.0465,0.3053,0.0124,,,,,
bob,0,28676062,1169,0.0009,0.037,0.33999999999999997,,-1.0324,0.3052,0.0125,,,,,
bob,0,28676062,1170,0.0033,0.0337,0.27999999999999997,,-1.0471,0.305,0.0126,,,,,
bob,0,28676062,1171,0.0027,0.017,0.2,,-1.0389,0.3048,0.0126,,,,,
bob,0,28676062,1172,0.0008,0.0125,0.18,,-1.0408,0.3047,0.0125,,,,,
bob,0,28676062,1173,0.002,0.0204,0.24,,-1.0372,0.3045,0.0125,,,,,
bob,0,28676062,1174,0.0003,0.0246,0.3,,-1.0442,0.3043,0.0125,,,,,
bob,0,28676062,1175,0.0004,0.0181,0.27999999999999997,,-1.0402,0.3042,0.0126,,,,,
bob,0,28676062,1176,0.002,0.0183,0.24,,-1.0355,0.304,0.0126,,,,,
bob,0,28676062,1177,0.0017,0.0198,0.24,,-1.0282,0.3038,0.0126,,,,,
bob,0,28676062,1178,0.0024,0.0224,0.24,,-1.0324,0.3037,0.0126,,,,,
bob,0,28676062,1179,0.002,0.021,0.22,,-1.0368,0.3035,0.0126,,,,,
bob,0,28676062,1180,0.0005,0.0213,0.24,,-1.0314,0.3033,0.0126,,,,,
bob,0,28676062,1181,0.0025,0.0121,0.22,,-1.0272,0.3032,0.0126,,,,,
bob,0,28676062,1182,0.0002,0.0216,0.26,,-1.0444,0.303,0.0125,,,,,
bob,0,28676062,1183,0.0007,0.0206,0.22,,-1.0313,0.3028,0.0125,,,,,
bob,0,28676062,1184,0.0008,0.0369,0.32,,-1.051,0.3027,0.0126,,,,,
bob,0,28676062,1185,0.0007,0.0274,0.24,,-1.0283,0.3025,0.0126,,,,,
bob,0,28676062,1186,0.0002,0.0113,0.2,,-1.0433,0.3023,0.0126,,,,,
bob,0,28676062,1187,0.0015,0.0195,0.22,,-1.0383,0.3022,0.0126,,,,,
bob,0,28676062,1188,0.0022,0.0059,0.18,,-1.04,0.302,0.0126,,,,,
bob,0,28676062,1189,0.0026,0.0194,0.22,,-1.0539,0.3018,0.0126,,,,,
bob,0,28676062,1190,0.0009,0.0225,0.24,,-1.044,0.3017,0.0126,,,,,
bob,0,28676062,1191,0.0009,0.0112,0.2,,-1.0346,0.3015,0.0126,,,,,
bob,0,28676062,1192,0.0021,0.0274,0.24,,-1.0487,0.3013,0.0126,,,,,
bob,0,28676062,1193,0.0007,0.0142,0.22,,-1.0356,0.3012,0.0126,,,,,
bob,0,28676062,1194,0.0006,0.0115,0.22,,-1.0578,0.301,0.0125,,,,,
bob,0,28676062,1195,0.0021,0.0225,0.24,,-1.047,0.3008,0.0125,,,,,
bob,0,28676062,1196,0.0022,0.0231,0.26,,-1.0513,0.3007,0.0125,,,,,
bob,0,28676062,1197,0.0006,0.0182,0.24,,-1.0497,0.3005,0.0125,,,,,
bob,0,28676062,1198,0.0012,0.0367,0.33999999999999997,,-1.0427,0.3003,0.0126,,,,,
bob,0,28676062,1199,0.0014,0.0218,0.26,,-1.0396,0.3002,0.0126,,,,,
bob,0,28676062,1200,0.0015,0.0044,0.18,,-1.0435,0.3,0.0125,,,,,
bob,0,28676062,1201,0.0014,0.0181,0.26,,-1.0444,0.2998,0.0125,,,,,
bob,0,28676062,1202,0.0018,0.0096,0.2,,-1.049,0.2997,0.0125,,,,,
bob,0,28676062,1203,0.0025,0.0176,0.24,,-1.0558,0.2995,0.0125,,,,,
bob,0,28676062,1204,0.0002,0.0339,0.27999999999999997,,-1.0421,0.2993,0.0126,,,,,
bob,0,28676062,1205,0.0013,0.029,0.26,,-1.0427,0.2992,0.0126,,,,,
bob,0,28676062,1206,0.0018,0.0111,0.2,,-1.0385,0.299,0.0125,,,,,
bob,0,28676062,1207,0.0021,0.0193,0.22,,-1.0415,0.2988,0.0125,,,,,
bob,0,28676062,1208,0.0006,0.0241,0.24,,-1.0393,0.2987,0.0125,,,,,
bob,0,28676062,1209,0.0002,0.0164,0.22,,-1.0444,0.2985,0.0125,,,,,
bob,0,28676062,1210,0.0004,0.0125,0.22,,-1.0265,0.2983,0.0125,,,,,
bob,0,28676062,1211,0.0018,0.0251,0.26,,-1.0284,0.2982,0.0125,,,,,
bob,0,28676062,1212,0.0007,0.0236,0.26,,-1.0362,0.298,0.0125,,,,,
bob,0,28676062,1213,0.0025,0.0155,0.24,,-1.0359,0.2978,0.0125,,,,,
bob,0,28676062,1214,-0.0001,0.0182,0.24,,-1.0458,0.2977,0.0125,,,,,
bob,0,28676062,1215,0.0,0.0168,0.2,,-1.0492,0.2975,0.0125,,,,,
bob,0,28676062,1216,0.0018,0.0165,0.24,,-1.0418,0.2973,0.0125,,,,,
bob,0,28676062,1217,0.0004,0.0115,0.22,,-1.0373,0.2972,0.0125,,,,,
bob,0,28676062,1218,0.0011,0.0169,0.24,,-1.0496,0.297,0.0125,,,,,
bob,0,28676062,1219,0.0002,0.0215,0.24,,-1.0527,0.2968,0.0125,,,,,
bob,0,28676062,1220,0.0019,0.0164,0.26,,-1.0343,0.2967,0.0125,,,,,
bob,0,28676062,1221,0.003,0.0178,0.22,,-1.0453,0.2965,0.0125,,,,,
bob,0,28676062,1222,0.0008,0.0237,0.24,,-1.0353,0.2963,0.0125,,,,,
bob,0,28676062,1223,0.0007,0.0227,0.24,,-1.0247,0.2962,0.0125,,,,,
bob,0,28676062,1224,0.0011,0.0225,0.27999999999999997,,-1.0503,0.296,0.0126,,,,,
bob,0,28676062,1225,-0.0001,0.0264,0.26,,-1.049,0.2958,0.0126,,,,,
bob,0,28676062,1226,0.0006,0.0205,0.24,,-1.0524,0.2957,0.0126,,,,,
bob,0,28676062,1227,0.0011,0.0223,0.26,,-1.0551,0.2955,0.0127,,,,,
bob,0,28676062,1228,-0.0001,0.0314,0.3,,-1.0423,0.2953,0.0127,,,,,
bob,0,28676062,1229,0.0011,0.0186,0.24,,-1.0457,0.2952,0.0128,,,,,
bob,0,28676062,1230,0.001,0.0203,0.24,,-1.0511,0.295,0.0128,,,,,
bob,0,28676062,1231,0.001,0.0236,0.26,,-1.0413,0.2948,0.0127,,,,,
bob,0,28676062,1232,0.0034,0.0172,0.22,,-1.0323,0.2947,0.0127,,,,,
bob,0,28676062,1233,0.0012,0.0209,0.24,,-1.0407,0.2945,0.0127,,,,,
bob,0,28676062,1234,0.0011,0.0095,0.2,,-1.048,0.2943,0.0127,,,,,
bob,0,28676062,1235,0.0014,0.0221,0.27999999999999997,,-1.0527,0.2942,0.0127,,,,,
bob,0,28676062,1236,-0.0001,0.0201,0.26,,-1.0358,0.294,0.0127,,,,,
bob,0,28676062,1237,0.0001,0.0141,0.24,,-1.0523,0.2938,0.0127,,,,,
bob,0,28676062,1238,0.0016,0.0194,0.24,,-1.0426,0.2937,0.0127,,,,,
bob,0,28676062,1239,0.0016,0.0122,0.22,,-1.0464,0.2935,0.0127,,,,,
bob,0,28676062,1240,0.0005,0.0124,0.2,,-1.0415,0.2933,0.0128,,,,,
bob,0,28676062,1241,-0.0003,0.0142,0.22,,-1.0227,0.2932,0.0127,,,,,
bob,0,28676062,1242,0.0007,0.0264,0.27999999999999997,,-1.0486,0.293,0.0127,,,,,
bob,0,28676062,1243,0.0012,0.0188,0.22,,-1.0514,0.2928,0.0127,,,,,
bob,0,28676062,1244,0.0021,0.0197,0.26,,-1.0499,0.2927,0.0127,,,,,
bob,0,28676062,1245,0.0017,0.0289,0.27999999999999997,,-1.0472,0.2925,0.0128,,,,,
bob,0,28676062,1246,0.0008,0.0286,0.26,,-1.0304,0.2923,0.0128,,,,,
bob,0,28676062,1247,0.002,0.0171,0.22,,-1.0331,0.2922,0.0128,,,,,
bob,0,28676062,1248,0.0012,0.0284,0.27999999999999997,,-1.0446,0.292,0.0128,,,,,
bob,0,28676062,1249,0.0018,0.0292,0.26,,-1.0323,0.2918,0.0128,,,,,
bob,0,28676062,1250,0.0019,0.0254,0.24,,-1.0353,0.2917,0.0128,,,,,
bob,0,28676062,1251,-0.001,0.0149,0.2,,-1.0367,0.2915,0.0128,,,,,
bob,0,28676062,1252,-0.0001,0.0208,0.24,,-1.0503,0.2913,0.0128,,,,,
bob,0,28676062,1253,0.0015,0.0246,0.27999999999999997,,-1.0364,0.2912,0.0128,,,,,
bob,0,28676062,1254,0.0003,0.0201,0.22,,-1.033,0.291,0.0129,,,,,
bob,0,28676062,1255,0.0013,0.0237,0.3,,-1.0344,0.2908,0.0129,,,,,
bob,0,28676062,1256,0.0017,0.0202,0.24,,-1.0371,0.2907,0.0129,,,,,
bob,0,28676062,1257,0.0024,0.0109,0.2,,-1.0412,0.2905,0.0129,,,,,
bob,0,28676062,1258,0.0021,0.0202,0.27999999999999997,,-1.0438,0.2903,0.013,,,,,
bob,0,28676062,1259,0.0007,0.0211,0.26,,-1.0467,0.2902,0.013,,,,,
bob,0,28676062,1260,0.0025,0.0238,0.24,,-1.055,0.29,0.013,,,,,
bob,0,28676062,1261,0.0006,0.0298,0.27999999999999997,,-1.0349,0.2898,0.0131,,,,,
bob,0,28676062,1262,0.0005,0.022,0.24,,-1.0204,0.2897,0.0131,,,,,
bob,0,28676062,1263,0.002,0.0114,0.18,,-1.0473,0.2895,0.0131,,,,,
bob,0,28676062,1264,0.0009,0.0172,0.26,,-1.0458,0.2893,0.0132,,,,,
bob,0,28676062,1265,0.0012,0.0177,0.26,,-1.0399,0.2892,0.0132,,,,,
bob,0,28676062,1266,0.0014,0.0213,0.26,,-1.0413,0.289,0.0133,,,,,
bob,0,28676062,1267,0.0014,0.0283,0.26,,-1.028,0.2888,0.0133,,,,,
bob,0,28676062,1268,0.0015,0.0242,0.24,,-1.0401,0.2887,0.0133,,,,,
bob,0,28676062,1269,0.0009,0.0249,0.3,,-1.0464,0.2885,0.0134,,,,,
bob,0,28676062,1270,0.0009,0.0217,0.24,,-1.0249,0.2883,0.0134,,,,,
bob,0,28676062,1271,0.0021,0.0157,0.2,,-1.0263,0.2882,0.0134,,,,,
bob,0,28676062,1272,0.0012,0.0227,0.27999999999999997,,-1.0312,0.288,0.0133,,,,,
bob,0,28676062,1273,0.0003,0.0147,0.24,,-1.0385,0.2878,0.0133,,,,,
bob,0,28676062,1274,0.0003,0.0123,0.2,,-1.0443,0.2877,0.0133,,,,,
bob,0,28676062,1275,-0.0001,0.0307,0.26,,-1.0208,0.2875,0.0133,,,,,
bob,0,28676062,1276,0.0009,0.0198,0.24,,-1.0453,0.2873,0.0133,,,,,
bob,0,28676062,1277,0.001,0.0305,0.3,,-1.0315,0.2872,0.0134,,,,,
bob,0,28676062,1278,0.0011,0.0097,0.22,,-1.0346,0.287,0.0133,,,,,
bob,0,28676062,1279,0.0011,0.0114,0.2,,-1.0409,0.2868,0.0132,,,,,
bob,0,28676062,1280,0.0013,0.0165,0.24,,-1.0388,0.2867,0.0133,,,,,
bob,0,28676062,1281,0.0022,0.0199,0.24,,-1.0437,0.2865,0.0133,,,,,
bob,0,28676062,1282,0.0006,0.0119,0.2,,-1.0321,0.2863,0.0133,,,,,
bob,0,28676062,1283,0.0014,0.0221,0.26,,-1.045,0.2862,0.0133,,,,,
bob,0,28676062,1284,0.0004,0.0155,0.2,,-1.0426,0.286,0.0133,,,,,
bob,0,28676062,1285,0.0004,0.0256,0.26,,-1.033,0.2858,0.0132,,,,,
bob,0,28676062,1286,0.001,0.0275,0.27999999999999997,,-1.0381,0.2857,0.0132,,,,,
bob,0,28676062,1287,0.0009,0.0202,0.24,,-1.041,0.2855,0.0132,,,,,
bob,0,28676062,1288,0.0009,0.022,0.26,,-1.0305,0.2853,0.0132,,,,,
bob,0,28676062,1289,0.0009,0.027,0.26,,-1.0483,0.2852,0.0132,,,,,
bob,0,28676062,1290,0.0016,0.0156,0.24,,-1.0535,0.285,0.0132,,,,,
bob,0,28676062,1291,0.0022,0.0204,0.24,,-1.0511,0.2848,0.0132,,,,,
bob,0,28676062,1292,0.0009,0.0284,0.27999999999999997,,-1.038,0.2847,0.0133,,,,,
bob,0,28676062,1293,-0.0002,0.0169,0.22,,-1.0331,0.2845,0.0133,,,,,
bob,0,28676062,1294,0.0007,0.0305,0.3,,-1.0374,0.2843,0.0134,,,,,
bob,0,28676062,1295,0.0023,0.0286,0.27999999999999997,,-1.0336,0.2842,0.0134,,,,,
bob,0,28676062,1296,0.0012,0.0317,0.27999999999999997,,-1.0312,0.284,0.0134,,,,,
bob,0,28676062,1297,0.0012,0.0204,0.26,,-1.0488,0.2838,0.0135,,,,,
bob,0,28676062,1298,-0.0003,0.0288,0.26,,-1.0406,0.2837,0.0134,,,,,
bob,0,28676062,1299,0.0025,0.0064,0.18,,-1.0448,0.2835,0.0134,,,,,
bob,0,28676062,1300,-0.0012,0.0157,0.24,,-1.0324,0.2833,0.0134,,,,,
bob,0,28676062,1301,-0.0,0.0229,0.24,,-1.0401,0.2832,0.0134,,,,,
bob,0,28676062,1302,0.0021,0.0162,0.24,,-1.0423,0.283,0.0134,,,,,
bob,0,28676062,1303,0.0029,0.0221,0.27999999999999997,,-1.0383,0.2828,0.0134,,,,,
bob,0,28676062,1304,0.0033,0.0236,0.24,,-1.0321,0.2827,0.0134,,,,,
bob,0,28676062,1305,0.0022,0.0322,0.3,,-1.0476,0.2825,0.0134,,,,,
bob,0,28676062,1306,0.0015,0.0272,0.22,,-1.0439,0.2823,0.0134,,,,,
bob,0,28676062,1307,0.0007,0.0304,0.27999999999999997,,-1.0304,0.2822,0.0134,,,,,
bob,0,28676062,1308,0.0021,0.0189,0.24,,-1.0324,0.282,0.0134,,,,,
bob,0,28676062,1309,0.0018,0.0247,0.27999999999999997,,-1.0416,0.2818,0.0135,,,,,
bob,0,28676062,1310,0.0027,0.0209,0.24,,-1.0296,0.2817,0.0135,,,,,
bob,0,28676062,1311,0.0009,0.0346,0.32,,-1.0324,0.2815,0.0136,,,,,
bob,0,28676062,1312,0.0015,0.0163,0.22,,-1.0383,0.2813,0.0136,,,,,
bob,0,28676062,1313,0.0002,0.0246,0.24,,-1.0345,0.2812,0.0136,,,,,
bob,0,28676062,1314,0.0011,0.0209,0.26,,-1.0587,0.281,0.0136,,,,,
bob,0,28676062,1315,0.0011,0.021,0.22,,-1.0419,0.2808,0.0136,,,,,
bob,0,28676062,1316,0.0008,0.0139,0.2,,-1.0409,0.2807,0.0136,,,,,
bob,0,28676062,1317,0.0005,0.0235,0.27999999999999997,,-1.0378,0.2805,0.0136,,,,,
bob,0,28676062,1318,0.0014,0.0174,0.26,,-1.0369,0.2803,0.0136,,,,,
bob,0,28676062,1319,-0.0005,0.0075,0.16,,-1.0324,0.2802,0.0136,,,,,
bob,0,28676062,1320,0.0011,0.0161,0.24,,-1.0442,0.28,0.0136,,,,,
bob,0,28676062,1321,0.001,0.0121,0.22,,-1.0358,0.2798,0.0136,,,,,
bob,0,28676062,1322,0.0019,0.0251,0.27999999999999997,,-1.0386,0.2797,0.0136,,,,,
bob,0,28676062,1323,0.0012,0.0341,0.33999999999999997,,-1.0377,0.2795,0.0137,,,,,
bob,0,28676062,1324,0.0002,0.0245,0.24,,-1.04,0.2793,0.0138,,,,,
bob,0,28676062,1325,-0.0002,0.0242,0.24,,-1.0365,0.2792,0.0138,,,,,
bob,0,28676062,1326,-0.0001,0.0198,0.24,,-1.0277,0.279,0.0138,,,,,
bob,0,28676062,1327,0.0006,0.0189,0.27999999999999997,,-1.0286,0.2788,0.0138,,,,,
bob,0,28676062,1328,0.0011,0.0317,0.32,,-1.0386,0.2787,0.0138,,,,,
bob,0,28676062,1329,-0.0001,0.0308,0.27999999999999997,,-1.0334,0.2785,0.0138,,,,,
bob,0,28676062,1330,0.0016,0.0251,0.24,,-1.0344,0.2783,0.0138,,,,,
bob,0,28676062,1331,0.0011,0.0273,0.3,,-1.04,0.2782,0.0139,,,,,
bob,0,28676062,1332,-0.0004,0.0239,0.27999999999999997,,-1.0474,0.278,0.0139,,,,,
bob,0,28676062,1333,0.0009,0.025,0.26,,-1.0328,0.2778,0.0138,,,,,
bob,0,28676062,1334,0.0002,0.0155,0.26,,-1.0316,0.2777,0.0138,,,,,
bob,0,28676062,1335,0.0007,0.0237,0.24,,-1.0468,0.2775,0.0139,,,,,
bob,0,28676062,1336,0.0001,0.021,0.3,,-1.0373,0.2773,0.0139,,,,,
bob,0,28676062,1337,0.0004,0.0219,0.26,,-1.0369,0.2772,0.0139,,,,,
bob,0,28676062,1338,0.0016,0.0139,0.24,,-1.0376,0.277,0.0139,,,,,
bob,0,28676062,1339,0.0004,0.0211,0.27999999999999997,,-1.0401,0.2768,0.0138,,,,,
bob,0,28676062,1340,0.001,0.0218,0.26,,-1.0561,0.2767,0.0139,,,,,
bob,0,28676062,1341,0.0015,0.0319,0.3,,-1.0437,0.2765,0.0139,,,,,
bob,0,28676062,1342,0.001,0.0084,0.18,,-1.033,0.2763,0.0139,,,,,
bob,0,28676062,1343,0.0007,0.0183,0.24,,-1.0438,0.2762,0.0139,,,,,
bob,0,28676062,1344,0.001,0.022,0.26,,-1.0361,0.276,0.014,,,,,
bob,0,28676062,1345,-0.0002,0.025,0.27999999999999997,,-1.0311,0.2758,0.014,,,,,
bob,0,28676062,1346,0.0005,0.0136,0.2,,-1.0464,0.2757,0.014,,,,,
bob,0,28676062,1347,0.0006,0.0149,0.24,,-1.0613,0.2755,0.014,,,,,
bob,0,28676062,1348,0.0014,0.0224,0.26,,-1.0356,0.2753,0.014,,,,,
bob,0,28676062,1349,0.002,0.0151,0.2,,-1.0354,0.2752,0.014,,,,,
bob,0,28676062,1350,0.0012,0.0249,0.27999999999999997,,-1.0349,0.275,0.014,,,,,
bob,0,28676062,1351,0.0007,0.019,0.26,,-1.046,0.2748,0.014,,,,,
bob,0,28676062,1352,0.0011,0.0123,0.2,,-1.0396,0.2747,0.0139,,,,,
bob,0,28676062,1353,-0.0003,0.018,0.24,,-1.0379,0.2745,0.014,,,,,
bob,0,28676062,1354,-0.0005,0.0208,0.26,,-1.0379,0.2743,0.014,,,,,
bob,0,28676062,1355,0.0019,0.0121,0.22,,-1.04,0.2742,0.014,,,,,
bob,0,28676062,1356,0.002,0.0339,0.32,,-1.0495,0.274,0.014,,,,,
bob,0,28676062,1357,0.001,0.025,0.27999999999999997,,-1.0441,0.2738,0.0141,,,,,
bob,0,28676062,1358,-0.0003,0.0158,0.2,,-1.0385,0.2737,0.0141,,,,,
bob,0,28676062,1359,0.0009,0.0244,0.27999999999999997,,-1.026,0.2735,0.0141,,,,,
bob,0,28676062,1360,0.0,0.0155,0.22,,-1.0375,0.2733,0.0141,,,,,
bob,0,28676062,1361,0.0004,0.0201,0.26,,-1.0366,0.2732,0.0141,,,,,
bob,0,28676062,1362,0.0015,0.0227,0.24,,-1.0365,0.273,0.0141,,,,,
bob,0,28676062,1363,0.0005,0.0178,0.24,,-1.0396,0.2728,0.0141,,,,,
bob,0,28676062,1364,0.0009,0.0081,0.2,,-1.0378,0.2727,0.0141,,,,,
bob,0,28676062,1365,0.0019,0.0104,0.22,,-1.0258,0.2725,0.0141,,,,,
bob,0,28676062,1366,0.0019,0.0374,0.33999999999999997,,-1.033,0.2723,0.0142,,,,,
bob,0,28676062,1367,0.0012,0.0267,0.26,,-1.042,0.2722,0.0142,,,,,
bob,0,28676062,1368,0.0014,0.0265,0.3,,-1.0302,0.272,0.0142,,,,,
bob,0,28676062,1369,-0.0002,0.0156,0.26,,-1.0383,0.2718,0.0141,,,,,
bob,0,28676062,1370,0.0006,0.0127,0.22,,-1.0291,0.2717,0.014,,,,,
bob,0,28676062,1371,0.0022,0.0212,0.24,,-1.0372,0.2715,0.014,,,,,
bob,0,28676062,1372,0.0006,0.0184,0.26,,-1.0386,0.2713,0.0141,,,,,
bob,0,28676062,1373,0.0004,0.0165,0.24,,-1.0417,0.2712,0.0141,,,,,
bob,0,28676062,1374,0.0007,0.0155,0.24,,-1.0285,0.271,0.014,,,,,
bob,0,28676062,1375,0.0002,0.0116,0.2,,-1.0368,0.2708,0.014,,,,,
bob,0,28676062,1376,0.0004,0.0144,0.24,,-1.0373,0.2707,0.014,,,,,
bob,0,28676062,1377,0.0,0.0196,0.24,,-1.0361,0.2705,0.014,,,,,
bob,0,28676062,1378,0.0008,0.0152,0.24,,-1.0356,0.2703,0.014,,,,,
bob,0,28676062,1379,0.0007,0.0165,0.24,,-1.0494,0.2702,0.014,,,,,
bob,0,28676062,1380,0.0011,0.0235,0.26,,-1.0344,0.27,0.014,,,,,
bob,0,28676062,1381,0.0006,0.0169,0.2,,-1.0313,0.2698,0.014,,,,,
bob,0,28676062,1382,0.0012,0.0164,0.22,,-1.032,0.2697,0.0139,,,,,
bob,0,28676062,1383,0.0018,0.0165,0.24,,-1.0394,0.2695,0.014,,,,,
bob,0,28676062,1384,0.0003,0.0278,0.27999999999999997,,-1.0299,0.2693,0.0139,,,,,
bob,0,28676062,1385,0.0001,0.0199,0.27999999999999997,,-1.05,0.2692,0.0139,,,,,
bob,0,28676062,1386,0.0014,0.0337,0.33999999999999997,,-1.0229,0.269,0.014,,,,,
bob,0,28676062,1387,0.0015,0.019,0.24,,-1.0369,0.2688,0.014,,,,,
bob,0,28676062,1388,0.0011,0.0261,0.26,,-1.0379,0.2687,0.0141,,,,,
bob,0,28676062,1389,-0.0002,0.0223,0.26,,-1.0312,0.2685,0.0141,,,,,
bob,0,28676062,1390,0.0007,0.0209,0.26,,-1.0376,0.2683,0.0141,,,,,
bob,0,28676062,1391,0.001,0.0227,0.26,,-1.0367,0.2682,0.0141,,,,,
bob,0,28676062,1392,0.0021,0.0201,0.22,,-1.0382,0.268,0.0141,,,,,
bob,0,28676062,1393,-0.0001,0.014,0.2,,-1.0321,0.2678,0.0141,,,,,
bob,0,28676062,1394,0.0003,0.0183,0.26,,-1.0301,0.2677,0.0142,,,,,
bob,0,28676062,1395,0.0004,0.0216,0.22,,-1.0252,0.2675,0.0142,,,,,
bob,0,28676062,1396,0.0003,0.0226,0.26,,-1.0335,0.2673,0.0142,,,,,
bob,0,28676062,1397,0.0008,0.0189,0.22,,-1.0379,0.2672,0.0142,,,,,
bob,0,28676062,1398,0.0027,0.0216,0.24,,-1.0307,0.267,0.0141,,,,,
bob,0,28676062,1399,-0.0001,0.0253,0.27999999999999997,,-1.0507,0.2668,0.0141,,,,,
bob,0,28676062,1400,0.0012,0.0347,0.32,,-1.0123,0.2667,0.0142,,,,,
bob,0,28676062,1401,-0.0002,0.0109,0.2,,-1.0376,0.2665,0.0142,,,,,
bob,0,28676062,1402,0.0003,0.0267,0.32,,-1.0376,0.2663,0.0143,,,,,
bob,0,28676062,1403,0.0007,0.0328,0.3,,-1.0433,0.2662,0.0144,,,,,
bob,0,28676062,1404,0.0006,0.0224,0.26,,-1.0332,0.266,0.0143,,,,,
bob,0,28676062,1405,0.0002,0.0221,0.22,,-1.0315,0.2658,0.0143,,,,,
bob,0,28676062,1406,0.0002,0.008,0.2,,-1.0399,0.2657,0.0143,,,,,
bob,0,28676062,1407,0.0003,0.0164,0.26,,-1.039,0.2655,0.0143,,,,,
bob,0,28676062,1408,0.0014,0.0186,0.26,,-1.0392,0.2653,0.0143,,,,,
bob,0,28676062,1409,0.0013,0.0076,0.16,,-1.0275,0.2652,0.0143,,,,,
bob,0,28676062,1410,0.001,0.0149,0.26,,-1.0254,0.265,0.0143,,,,,
bob,0,28676062,1411,-0.0,0.0142,0.26,,-1.0323,0.2648,0.0143,,,,,
bob,0,28676062,1412,0.0002,0.0147,0.26,,-1.0425,0.2647,0.0143,,,,,
bob,0,28676062,1413,0.0004,0.0209,0.26,,-1.0442,0.2645,0.0143,,,,,
bob,0,28676062,1414,0.0013,0.0136,0.22,,-1.0302,0.2643,0.0143,,,,,
bob,0,28676062,1415,0.0006,0.0179,0.27999999999999997,,-1.0441,0.2642,0.0143,,,,,
bob,0,28676062,1416,0.001,0.0202,0.22,,-1.0314,0.264,0.0143,,,,,
bob,0,28676062,1417,0.0003,0.0214,0.26,,-1.0317,0.2638,0.0143,,,,,
bob,0,28676062,1418,0.0011,0.0152,0.22,,-1.0349,0.2637,0.0143,,,,,
bob,0,28676062,1419,0.0009,0.0215,0.26,,-1.0281,0.2635,0.0143,,,,,
bob,0,28676062,1420,0.0021,0.0159,0.26,,-1.0348,0.2633,0.0143,,,,,
bob,0,28676062,1421,-0.0,0.0093,0.22,,-1.0436,0.2632,0.0143,,,,,
bob,0,28676062,1422,0.0008,0.019,0.24,,-1.0446,0.263,0.0143,,,,,
bob,0,28676062,1423,0.0003,0.0237,0.24,,-1.0393,0.2628,0.0143,,,,,
bob,0,28676062,1424,0.0011,0.0142,0.22,,-1.0438,0.2627,0.0142,,,,,
bob,0,28676062,1425,0.0017,0.0283,0.26,,-1.0401,0.2625,0.0142,,,,,
bob,0,28676062,1426,0.0021,0.0186,0.26,,-1.0307,0.2623,0.0142,,,,,
bob,0,28676062,1427,0.0006,0.0224,0.27999999999999997,,-1.0243,0.2622,0.0143,,,,,
bob,0,28676062,1428,0.0002,0.0164,0.22,,-1.0412,0.262,0.0142,,,,,
bob,0,28676062,1429,-0.0002,0.0206,0.24,,-1.0393,0.2618,0.0142,,,,,
bob,0,28676062,1430,0.0007,0.0152,0.22,,-1.0432,0.2617,0.0142,,,,,
bob,0,28676062,1431,0.0007,0.0155,0.24,,-1.0322,0.2615,0.0141,,,,,
bob,0,28676062,1432,0.0005,0.0177,0.24,,-1.0389,0.2613,0.0141,,,,,
bob,0,28676062,1433,0.0017,0.0165,0.26,,-1.0285,0.2612,0.0141,,,,,
bob,0,28676062,1434,0.0005,0.0262,0.3,,-1.0278,0.261,0.0142,,,,,
bob,0,28676062,1435,0.0009,0.0092,0.22,,-1.0422,0.2608,0.0142,,,,,
bob,0,28676062,1436,-0.0004,0.0195,0.27999999999999997,,-1.0292,0.2607,0.0142,,,,,
bob,0,28676062,1437,0.0002,0.0258,0.3,,-1.0431,0.2605,0.0142,,,,,
bob,0,28676062,1438,0.0018,0.0169,0.24,,-1.0358,0.2603,0.0142,,,,,
bob,0,28676062,1439,0.001,0.018,0.26,,-1.0245,0.2602,0.0142,,,,,
bob,0,28676062,1440,0.0004,0.0273,0.3,,-1.0334,0.26,0.0143,,,,,
bob,0,28676062,1441,0.0018,0.0252,0.26,,-1.0239,0.2598,0.0143,,,,,
bob,0,28676062,1442,0.001,0.0284,0.3,,-1.0404,0.2597,0.0143,,,,,
bob,0,28676062,1443,-0.0007,0.0307,0.27999999999999997,,-1.0315,0.2595,0.0144,,,,,
bob,0,28676062,1444,0.0015,0.0278,0.26,,-1.0469,0.2593,0.0144,,,,,
bob,0,28676062,1445,0.0006,0.0186,0.24,,-1.0383,0.2592,0.0143,,,,,
bob,0,28676062,1446,0.0004,0.0178,0.26,,-1.0448,0.259,0.0143,,,,,
bob,0,28676062,1447,0.0009,0.0154,0.24,,-1.0549,0.2588,0.0143,,,,,
bob,0,28676062,1448,0.0006,0.0334,0.32,,-1.0511,0.2587,0.0144,,,,,
bob,0,28676062,1449,0.0007,0.0315,0.3,,-1.0345,0.2585,0.0144,,,,,
bob,0,28676062,1450,0.0,0.0263,0.27999999999999997,,-1.0343,0.2583,0.0144,,,,,
bob,0,28676062,1451,-0.0004,0.0144,0.22,,-1.0392,0.2582,0.0144,,,,,
bob,0,28676062,1452,0.0018,0.0261,0.3,,-1.0278,0.258,0.0145,,,,,
bob,0,28676062,1453,0.0014,0.0316,0.3,,-1.0425,0.2578,0.0145,,,,,
bob,0,28676062,1454,-0.0007,0.0289,0.26,,-1.0524,0.2577,0.0145,,,,,
bob,0,28676062,1455,0.0001,0.0206,0.26,,-1.0409,0.2575,0.0145,,,,,
bob,0,28676062,1456,0.0009,0.0227,0.27999999999999997,,-1.0409,0.2573,0.0145,,,,,
bob,0,28676062,1457,0.0004,0.0238,0.26,,-1.0519,0.2572,0.0145,,,,,
bob,0,28676062,1458,0.0009,0.0123,0.2,,-1.0462,0.257,0.0145,,,,,
bob,0,28676062,1459,0.0001,0.0171,0.22,,-1.0548,0.2568,0.0145,,,,,
bob,0,28676062,1460,0.0007,0.0195,0.24,,-1.044,0.2567,0.0144,,,,,
bob,0,28676062,1461,0.0009,0.0213,0.26,,-1.0401,0.2565,0.0144,,,,,
bob,0,28676062,1462,0.0003,0.0108,0.2,,-1.0451,0.2563,0.0144,,,,,
bob,0,28676062,1463,0.0007,0.0146,0.26,,-1.034,0.2562,0.0144,,,,,
bob,0,28676062,1464,0.0005,0.0326,0.33999999999999997,,-1.0348,0.256,0.0144,,,,,
bob,0,28676062,1465,0.0004,0.0249,0.27999999999999997,,-1.0447,0.2558,0.0144,,,,,
bob,0,28676062,1466,0.0014,0.0215,0.3,,-1.045,0.2557,0.0144,,,,,
bob,0,28676062,1467,0.0009,0.0138,0.22,,-1.0359,0.2555,0.0144,,,,,
bob,0,28676062,1468,-0.0001,0.0264,0.32,,-1.0368,0.2553,0.0144,,,,,
bob,0,28676062,1469,0.0013,0.0191,0.22,,-1.0355,0.2552,0.0144,,,,,
bob,0,28676062,1470,0.0011,0.0215,0.26,,-1.0395,0.255,0.0144,,,,,
bob,0,28676062,1471,0.0003,0.0137,0.22,,-1.0351,0.2548,0.0144,,,,,
bob,0,28676062,1472,0.0014,0.0197,0.26,,-1.0355,0.2547,0.0144,,,,,
bob,0,28676062,1473,0.0016,0.0117,0.22,,-1.0448,0.2545,0.0144,,,,,
bob,0,28676062,1474,0.0015,0.0074,0.2,,-1.0297,0.2543,0.0144,,,,,
bob,0,28676062,1475,0.0002,0.0193,0.26,,-1.0415,0.2542,0.0144,,,,,
bob,0,28676062,1476,-0.0003,0.0244,0.26,,-1.0306,0.254,0.0144,,,,,
bob,0,28676062,1477,0.001,0.0126,0.22,,-1.0403,0.2538,0.0143,,,,,
bob,0,28676062,1478,0.0007,0.015,0.24,,-1.0277,0.2537,0.0143,,,,,
bob,0,28676062,1479,0.0011,0.0247,0.27999999999999997,,-1.0362,0.2535,0.0144,,,,,
bob,0,28676062,1480,0.0014,0.0272,0.3,,-1.0331,0.2533,0.0144,,,,,
bob,0,28676062,1481,0.0003,0.0218,0.26,,-1.0406,0.2532,0.0144,,,,,
bob,0,28676062,1482,0.0008,0.0242,0.26,,-1.0483,0.253,0.0145,,,,,
bob,0,28676062,1483,0.0005,0.0184,0.24,,-1.0503,0.2528,0.0145,,,,,
bob,0,28676062,1484,0.001,0.023,0.27999999999999997,,-1.0322,0.2527,0.0145,,,,,
bob,0,28676062,1485,0.001,0.0319,0.3,,-1.0362,0.2525,0.0145,,,,,
bob,0,28676062,1486,-0.0001,0.0201,0.2,,-1.0243,0.2523,0.0145,,,,,
bob,0,28676062,1487,0.0009,0.0187,0.24,,-1.0476,0.2522,0.0145,,,,,
bob,0,28676062,1488,0.0012,0.0212,0.26,,-1.0349,0.252,0.0145,,,,,
bob,0,28676062,1489,-0.0,0.0134,0.18,,-1.0473,0.2518,0.0144,,,,,
bob,0,28676062,1490,0.0004,0.0219,0.26,,-1.0478,0.2517,0.0144,,,,,
bob,0,28676062,1491,0.0009,0.0309,0.3,,-1.0191,0.2515,0.0145,,,,,
bob,0,28676062,1492,0.0003,0.0319,0.32,,-1.0392,0.2513,0.0145,,,,,
bob,0,28676062,1493,0.0012,0.0159,0.24,,-1.0284,0.2512,0.0145,,,,,
bob,0,28676062,1494,0.0014,0.0217,0.24,,-1.0408,0.251,0.0145,,,,,
bob,0,28676062,1495,0.0004,0.0152,0.22,,-1.0378,0.2508,0.0144,,,,,
bob,0,28676062,1496,0.0006,0.0252,0.32,,-1.0403,0.2507,0.0144,,,,,
bob,0,28676062,1497,0.0001,0.03,0.27999999999999997,,-1.0487,0.2505,0.0145,,,,,
bob,0,28676062,1498,0.0001,0.0309,0.26,,-1.0353,0.2503,0.0145,,,,,
bob,0,28676062,1499,0.002,0.0172,0.22,,-1.0386,0.2502,0.0145,,,,,
bob,0,28676062,1500,-0.0008,0.0235,0.26,,-1.0383,0.25,0.0145,,,,,
bob,0,28676062,1501,0.0002,0.0166,0.24,,-1.0354,0.2498,0.0145,,,,,
bob,0,28676062,1502,-0.0006,0.0169,0.24,,-1.0406,0.2497,0.0145,,,,,
bob,0,28676062,1503,-0.0002,0.0197,0.27999999999999997,,-1.0325,0.2495,0.0145,,,,,
bob,0,28676062,1504,0.0003,0.0304,0.33999999999999997,,-1.0432,0.2493,0.0145,,,,,
bob,0,28676062,1505,-0.001,0.0172,0.26,,-1.0461,0.2492,0.0145,,,,,
bob,0,28676062,1506,0.0006,0.0274,0.3,,-1.0308,0.249,0.0145,,,,,
bob,0,28676062,1507,0.0004,0.0226,0.26,,-1.0409,0.2488,0.0145,,,,,
bob,0,28676062,1508,-0.0,0.0201,0.27999999999999997,,-1.0396,0.2487,0.0145,,,,,
bob,0,28676062,1509,0.0016,0.0352,0.33999999999999997,,-1.0349,0.2485,0.0145,,,,,
bob,0,28676062,1510,-0.0004,0.0228,0.27999999999999997,,-1.0354,0.2483,0.0146,,,,,
bob,0,28676062,1511,0.0008,0.0129,0.24,,-1.0503,0.2482,0.0145,,,,,
bob,0,28676062,1512,0.0,0.023,0.27999999999999997,,-1.0378,0.248,0.0145,,,,,
bob,0,28676062,1513,0.0009,0.0162,0.26,,-1.0407,0.2478,0.0145,,,,,
bob,0,28676062,1514,-0.0004,0.0257,0.3,,-1.0347,0.2477,0.0145,,,,,
bob,0,28676062,1515,0.0005,0.012,0.24,,-1.0373,0.2475,0.0145,,,,,
bob,0,28676062,1516,0.0009,0.0203,0.24,,-1.0385,0.2473,0.0145,,,,,
bob,0,28676062,1517,0.0008,0.0121,0.26,,-1.0444,0.2472,0.0145,,,,,
bob,0,28676062,1518,0.0006,0.0226,0.27999999999999997,,-1.0426,0.247,0.0145,,,,,
bob,0,28676062,1519,-0.0,0.0311,0.32,,-1.0442,0.2468,0.0147,,,,,
bob,0,28676062,1520,0.0007,0.0215,0.24,,-1.034,0.2467,0.0147,,,,,
bob,0,28676062,1521,0.0008,0.0205,0.26,,-1.0248,0.2465,0.0147,,,,,
bob,0,28676062,1522,0.0012,0.0098,0.2,,-1.0321,0.2463,0.0146,,,,,
bob,0,28676062,1523,-0.0001,0.0248,0.27999999999999997,,-1.0431,0.2462,0.0146,,,,,
bob,0,28676062,1524,-0.0005,0.0151,0.22,,-1.031,0.246,0.0146,,,,,
bob,0,28676062,1525,0.0006,0.0253,0.24,,-1.0344,0.2458,0.0145,,,,,
bob,0,28676062,1526,0.0005,0.0258,0.27999999999999997,,-1.0284,0.2457,0.0146,,,,,
bob,0,28676062,1527,-0.0006,0.0138,0.24,,-1.0411,0.2455,0.0145,,,,,
bob,0,28676062,1528,0.0004,0.0182,0.26,,-1.0532,0.2453,0.0145,,,,,
bob,0,28676062,1529,0.0003,0.0151,0.22,,-1.0419,0.2452,0.0144,,,,,
bob,0,28676062,1530,0.0011,0.0291,0.32,,-1.0428,0.245,0.0145,,,,,
bob,0,28676062,1531,-0.0003,0.0156,0.22,,-1.0431,0.2448,0.0144,,,,,
bob,0,28676062,1532,0.0006,0.0235,0.3,,-1.0408,0.2447,0.0145,,,,,
bob,0,28676062,1533,-0.0002,0.0228,0.27999999999999997,,-1.043,0.2445,0.0145,,,,,
bob,0,28676062,1534,-0.0001,0.0171,0.26,,-1.0537,0.2443,0.0145,,,,,
bob,0,28676062,1535,0.0025,0.016,0.24,,-1.032,0.2442,0.0145,,,,,
bob,0,28676062,1536,0.0014,0.0211,0.26,,-1.0488,0.244,0.0144,,,,,
bob,0,28676062,1537,-0.0002,0.0329,0.3,,-1.0256,0.2438,0.0145,,,,,
bob,0,28676062,1538,0.0002,0.02,0.22,,-1.034,0.2437,0.0145,,,,,
bob,0,28676062,1539,0.0017,0.0254,0.27999999999999997,,-1.041,0.2435,0.0145,,,,,
bob,0,28676062,1540,0.0004,0.0201,0.22,,-1.0423,0.2433,0.0145,,,,,
bob,0,28676062,1541,-0.0003,0.0255,0.3,,-1.0296,0.2432,0.0145,,,,,
bob,0,28676062,1542,0.001,0.0198,0.24,,-1.0396,0.243,0.0145,,,,,
bob,0,28676062,1543,0.0003,0.0143,0.24,,-1.0492,0.2428,0.0145,,,,,
bob,0,28676062,1544,0.0007,0.0166,0.24,,-1.0393,0.2427,0.0145,,,,,
bob,0,28676062,1545,0.002,0.0177,0.24,,-1.0411,0.2425,0.0145,,,,,
bob,0,28676062,1546,0.0,0.0129,0.22,,-1.0415,0.2423,0.0145,,,,,
bob,0,28676062,1547,0.0004,0.0264,0.3,,-1.046,0.2422,0.0145,,,,,
bob,0,28676062,1548,0.0026,0.0137,0.22,,-1.0389,0.242,0.0145,,,,,
bob,0,28676062,1549,0.0011,0.0185,0.22,,-1.0371,0.2418,0.0145,,,,,
bob,0,28676062,1550,-0.0014,0.0237,0.26,,-1.0437,0.2417,0.0145,,,,,
bob,0,28676062,1551,-0.0,0.0335,0.32,,-1.0534,0.2415,0.0145,,,,,
bob,0,28676062,1552,0.0012,0.0121,0.22,,-1.0463,0.2413,0.0145,,,,,
bob,0,28676062,1553,0.0007,0.0247,0.27999999999999997,,-1.0397,0.2412,0.0146,,,,,
bob,0,28676062,1554,0.001,0.0181,0.26,,-1.0468,0.241,0.0146,,,,,
bob,0,28676062,1555,0.0008,0.0153,0.22,,-1.0401,0.2408,0.0146,,,,,
bob,0,28676062,1556,0.0007,0.0116,0.22,,-1.0331,0.2407,0.0145,,,,,
bob,0,28676062,1557,-0.0009,0.0087,0.22,,-1.0302,0.2405,0.0144,,,,,
bob,0,28676062,1558,-0.0,0.0061,0.2,,-1.0273,0.2403,0.0144,,,,,
bob,0,28676062,1559,0.0001,0.0279,0.3,,-1.0274,0.2402,0.0144,,,,,
bob,0,28676062,1560,0.0003,0.0239,0.3,,-1.041,0.24,0.0145,,,,,
bob,0,28676062,1561,-0.0002,0.0168,0.24,,-1.0504,0.2398,0.0145,,,,,
bob,0,28676062,1562,0.0009,0.0409,0.33999999999999997,,-1.0374,0.2397,0.0145,,,,,
bob,0,28676062,1563,0.0003,0.0248,0.27999999999999997,,-1.0347,0.2395,0.0146,,,,,
bob,0,28676062,1564,0.0009,0.0208,0.26,,-1.0478,0.2393,0.0146,,,,,
bob,0,28676062,1565,0.0003,0.0133,0.24,,-1.028,0.2392,0.0146,,,,,
bob,0,28676062,1566,0.0007,0.0242,0.27999999999999997,,-1.0424,0.239,0.0146,,,,,
bob,0,28676062,1567,-0.0002,0.0246,0.26,,-1.0402,0.2388,0.0145,,,,,
bob,0,28676062,1568,0.0012,0.0204,0.27999999999999997,,-1.0343,0.2387,0.0145,,,,,
bob,0,28676062,1569,0.0001,0.0176,0.26,,-1.0479,0.2385,0.0145,,,,,
bob,0,28676062,1570,0.0018,0.0149,0.24,,-1.0267,0.2383,0.0145,,,,,
bob,0,28676062,1571,0.0009,0.0237,0.27999999999999997,,-1.0385,0.2382,0.0146,,,,,
bob,0,28676062,1572,0.0007,0.0245,0.24,,-1.0374,0.238,0.0146,,,,,
bob,0,28676062,1573,0.0006,0.0181,0.26,,-1.0405,0.2378,0.0146,,,,,
bob,0,28676062,1574,0.0004,0.0139,0.26,,-1.0493,0.2377,0.0146,,,,,
bob,0,28676062,1575,0.001,0.0345,0.32,,-1.0433,0.2375,0.0147,,,,,
bob,0,28676062,1576,0.0005,0.0287,0.27999999999999997,,-1.0454,0.2373,0.0147,,,,,
bob,0,28676062,1577,0.0017,0.0113,0.22,,-1.0419,0.2372,0.0147,,,,,
bob,0,28676062,1578,0.0015,0.028,0.26,,-1.0356,0.237,0.0147,,,,,
bob,0,28676062,1579,0.0005,0.0242,0.27999999999999997,,-1.0425,0.2368,0.0148,,,,,
bob,0,28676062,1580,0.0011,0.0234,0.26,,-1.0322,0.2367,0.0147,,,,,
bob,0,28676062,1581,0.0013,0.0201,0.27999999999999997,,-1.0325,0.2365,0.0148,,,,,
bob,0,28676062,1582,-0.0001,0.0187,0.26,,-1.0338,0.2363,0.0148,,,,,
bob,0,28676062,1583,0.0004,0.0361,0.32,,-1.0389,0.2362,0.0149,,,,,
bob,0,28676062,1584,0.0002,0.0186,0.27999999999999997,,-1.038,0.236,0.0149,,,,,
bob,0,28676062,1585,0.0005,0.0277,0.27999999999999997,,-1.0336,0.2358,0.0149,,,,,
bob,0,28676062,1586,0.0014,0.0147,0.26,,-1.0488,0.2357,0.0148,,,,,
bob,0,28676062,1587,0.0016,0.0382,0.33999999999999997,,-1.0462,0.2355,0.0149,,,,,
bob,0,28676062,1588,0.001,0.0218,0.26,,-1.044,0.2353,0.0148,,,,,
bob,0,28676062,1589,0.0015,0.0244,0.24,,-1.0435,0.2352,0.0148,,,,,
bob,0,28676062,1590,0.0006,0.0199,0.24,,-1.0356,0.235,0.0148,,,,,
bob,0,28676062,1591,0.0004,0.0111,0.2,,-1.031,0.2348,0.0148,,,,,
bob,0,28676062,1592,0.0003,0.0252,0.27999999999999997,,-1.0402,0.2347,0.0148,,,,,
bob,0,28676062,1593,0.0004,0.0216,0.24,,-1.0502,0.2345,0.0149,,,,,
bob,0,28676062,1594,0.0006,0.029,0.26,,-1.0181,0.2343,0.0149,,,,,
bob,0,28676062,1595,0.0,0.0223,0.26,,-1.0394,0.2342,0.0149,,,,,
bob,0,28676062,1596,0.0003,0.0276,0.27999999999999997,,-1.0415,0.234,0.0149,,,,,
bob,0,28676062,1597,0.0009,0.0133,0.22,,-1.0402,0.2338,0.0149,,,,,
bob,0,28676062,1598,0.001,0.0369,0.33999999999999997,,-1.0411,0.2337,0.015,,,,,
bob,0,28676062,1599,0.0015,0.0317,0.3,,-1.0446,0.2335,0.015,,,,,
bob,0,28676062,1600,0.0005,0.0259,0.24,,-1.0337,0.2333,0.0149,,,,,
bob,0,28676062,1601,0.001,0.0319,0.33999999999999997,,-1.0632,0.2332,0.015,,,,,
bob,0,28676062,1602,0.0007,0.0238,0.26,,-1.0431,0.233,0.0149,,,,,
bob,0,28676062,1603,0.0009,0.0177,0.22,,-1.0283,0.2328,0.0149,,,,,
bob,0,28676062,1604,0.0001,0.0311,0.33999999999999997,,-1.0428,0.2327,0.015,,,,,
bob,0,28676062,1605,0.002,0.0203,0.26,,-1.0295,0.2325,0.015,,,,,
bob,0,28676062,1606,0.0002,0.0166,0.24,,-1.035,0.2323,0.015,,,,,
bob,0,28676062,1607,0.0013,0.0311,0.32,,-1.0417,0.2322,0.0151,,,,,
bob,0,28676062,1608,0.0002,0.0216,0.26,,-1.0235,0.232,0.015,,,,,
bob,0,28676062,1609,0.0011,0.026,0.26,,-1.0358,0.2318,0.0151,,,,,
bob,0,28676062,1610,0.0011,0.0259,0.24,,-1.0326,0.2317,0.0151,,,,,
bob,0,28676062,1611,-0.0004,0.0084,0.18,,-1.0277,0.2315,0.0151,,,,,
bob,0,28676062,1612,0.0006,0.0236,0.26,,-1.0433,0.2313,0.0151,,,,,
bob,0,28676062,1613,0.0014,0.0254,0.27999999999999997,,-1.0276,0.2312,0.0152,,,,,
bob,0,28676062,1614,0.0018,0.0204,0.26,,-1.0492,0.231,0.0152,,,,,
bob,0,28676062,1615,-0.0,0.0179,0.24,,-1.0164,0.2308,0.0152,,,,,
bob,0,28676062,1616,0.0016,0.0261,0.26,,-1.0283,0.2307,0.0152,,,,,
bob,0,28676062,1617,0.0014,0.0374,0.33999999999999997,,-1.0366,0.2305,0.0153,,,,,
bob,0,28676062,1618,0.0008,0.0243,0.26,,-1.0328,0.2303,0.0153,,,,,
bob,0,28676062,1619,0.0008,0.0305,0.27999999999999997,,-1.0271,0.2302,0.0153,,,,,
bob,0,28676062,1620,0.0007,0.0179,0.2,,-1.0381,0.23,0.0153,,,,,
bob,0,28676062,1621,0.0013,0.0168,0.26,,-1.044,0.2298,0.0153,,,,,
bob,0,28676062,1622,0.0012,0.0207,0.24,,-1.0338,0.2297,0.0153,,,,,
bob,0,28676062,1623,0.0014,0.0211,0.26,,-1.0426,0.2295,0.0154,,,,,
bob,0,28676062,1624,0.0016,0.0208,0.27999999999999997,,-1.0338,0.2293,0.0154,,,,,
bob,0,28676062,1625,0.0008,0.0273,0.3,,-1.0339,0.2292,0.0154,,,,,
bob,0,28676062,1626,0.0017,0.0225,0.26,,-1.0434,0.229,0.0154,,,,,
bob,0,28676062,1627,0.0021,0.0377,0.33999999999999997,,-1.027,0.2288,0.0154,,,,,
bob,0,28676062,1628,0.0004,0.0276,0.3,,-1.0211,0.2287,0.0155,,,,,
bob,0,28676062,1629,0.0001,0.0239,0.27999999999999997,,-1.0306,0.2285,0.0155,,,,,
bob,0,28676062,1630,0.0014,0.0212,0.26,,-1.0318,0.2283,0.0156,,,,,
bob,0,28676062,1631,0.0005,0.0198,0.26,,-1.0304,0.2282,0.0156,,,,,
bob,0,28676062,1632,0.0015,0.0252,0.27999999999999997,,-1.0491,0.228,0.0156,,,,,
bob,0,28676062,1633,-0.0002,0.014,0.22,,-1.0381,0.2278,0.0156,,,,,
bob,0,28676062,1634,0.001,0.0299,0.32,,-1.0493,0.2277,0.0156,,,,,
bob,0,28676062,1635,-0.0001,0.024,0.26,,-1.0368,0.2275,0.0156,,,,,
bob,0,28676062,1636,0.0005,0.023,0.27999999999999997,,-1.0453,0.2273,0.0157,,,,,
bob,0,28676062,1637,0.0019,0.0263,0.24,,-1.044,0.2272,0.0157,,,,,
bob,0,28676062,1638,0.0009,0.0235,0.27999999999999997,,-1.0357,0.227,0.0157,,,,,
bob,0,28676062,1639,-0.0004,0.0348,0.3,,-1.0276,0.2268,0.0157,,,,,
bob,0,28676062,1640,0.0009,0.0331,0.33999999999999997,,-1.049,0.2267,0.0157,,,,,
bob,0,28676062,1641,0.0016,0.0206,0.26,,-1.04,0.2265,0.0157,,,,,
bob,0,28676062,1642,0.0007,0.0381,0.32,,-1.0471,0.2263,0.0157,,,,,
bob,0,28676062,1643,0.0013,0.0249,0.26,,-1.0336,0.2262,0.0157,,,,,
bob,0,28676062,1644,0.0017,0.018,0.26,,-1.0477,0.226,0.0157,,,,,
bob,0,28676062,1645,0.0007,0.0296,0.32,,-1.04,0.2258,0.0158,,,,,
bob,0,28676062,1646,0.0003,0.0213,0.24,,-1.0342,0.2257,0.0158,,,,,
bob,0,28676062,1647,0.0008,0.0225,0.27999999999999997,,-1.0371,0.2255,0.0158,,,,,
bob,0,28676062,1648,0.0007,0.0288,0.3,,-1.0387,0.2253,0.0158,,,,,
bob,0,28676062,1649,0.0015,0.022,0.24,,-1.0326,0.2252,0.0158,,,,,
bob,0,28676062,1650,-0.0007,0.0221,0.24,,-1.0397,0.225,0.0157,,,,,
bob,0,28676062,1651,0.0009,0.0247,0.27999999999999997,,-1.0318,0.2248,0.0158,,,,,
bob,0,28676062,1652,0.0001,0.0292,0.3,,-1.0359,0.2247,0.0158,,,,,
bob,0,28676062,1653,0.0007,0.0395,0.33999999999999997,,-1.0375,0.2245,0.0158,,,,,
bob,0,28676062,1654,-0.0005,0.0168,0.26,,-1.0445,0.2243,0.0158,,,,,
bob,0,28676062,1655,-0.0008,0.0212,0.27999999999999997,,-1.0365,0.2242,0.0158,,,,,
bob,0,28676062,1656,-0.0001,0.0254,0.26,,-1.0501,0.224,0.0158,,,,,
bob,0,28676062,1657,-0.0003,0.0281,0.27999999999999997,,-1.0407,0.2238,0.0158,,,,,
bob,0,28676062,1658,-0.0005,0.0144,0.24,,-1.0438,0.2237,0.0158,,,,,
bob,0,28676062,1659,0.0008,0.0409,0.32,,-1.039,0.2235,0.0159,,,,,
bob,0,28676062,1660,0.0009,0.0259,0.3,,-1.0427,0.2233,0.0159,,,,,
bob,0,28676062,1661,-0.0002,0.0236,0.3,,-1.0484,0.2232,0.016,,,,,
bob,0,28676062,1662,0.0015,0.046,0.4,,-1.0243,0.223,0.0161,,,,,
bob,0,28676062,1663,-0.0009,0.053,0.36,,-1.0445,0.2228,0.0162,,,,,
bob,0,28676062,1664,0.0012,0.0264,0.27999999999999997,,-1.0407,0.2227,0.0162,,,,,
bob,0,28676062,1665,0.0012,0.0241,0.26,,-1.0356,0.2225,0.0162,,,,,
bob,0,28676062,1666,0.0005,0.0362,0.32,,-1.0387,0.2223,0.0162,,,,,
bob,0,28676062,1667,0.0008,0.0102,0.2,,-1.0333,0.2222,0.0162,,,,,
bob,0,28676062,1668,-0.0002,0.0274,0.33999999999999997,,-1.0379,0.222,0.0162,,,,,
bob,0,28676062,1669,0.0015,0.0274,0.3,,-1.032,0.2218,0.0163,,,,,
bob,0,28676062,1670,0.0014,0.032,0.32,,-1.0531,0.2217,0.0163,,,,,
bob,0,28676062,1671,-0.0005,0.0178,0.27999999999999997,,-1.0473,0.2215,0.0163,,,,,
bob,0,28676062,1672,0.001,0.0273,0.27999999999999997,,-1.0404,0.2213,0.0163,,,,,
bob,0,28676062,1673,-0.0001,0.0336,0.3,,-1.031,0.2212,0.0164,,,,,
bob,0,28676062,1674,0.0011,0.0164,0.22,,-1.036,0.221,0.0164,,,,,
bob,0,28676062,1675,0.0011,0.0234,0.24,,-1.0322,0.2208,0.0164,,,,,
bob,0,28676062,1676,0.0018,0.0274,0.27999999999999997,,-1.0342,0.2207,0.0165,,,,,
bob,0,28676062,1677,0.0001,0.02,0.24,,-1.0374,0.2205,0.0165,,,,,
bob,0,28676062,1678,0.0018,0.0217,0.24,,-1.0426,0.2203,0.0165,,,,,
bob,0,28676062,1679,0.0022,0.0311,0.32,,-1.0241,0.2202,0.0165,,,,,
bob,0,28676062,1680,0.0002,0.0257,0.27999999999999997,,-1.0473,0.22,0.0165,,,,,
bob,0,28676062,1681,0.0001,0.0135,0.22,,-1.0366,0.2198,0.0164,,,,,
bob,0,28676062,1682,-0.0007,0.0168,0.3,,-1.0344,0.2197,0.0164,,,,,
bob,0,28676062,1683,-0.0001,0.0391,0.33999999999999997,,-1.0315,0.2195,0.0165,,,,,
bob,0,28676062,1684,-0.0002,0.0322,0.32,,-1.0282,0.2193,0.0165,,,,,
bob,0,28676062,1685,0.0012,0.0265,0.26,,-1.0328,0.2192,0.0165,,,,,
bob,0,28676062,1686,0.0001,0.0235,0.3,,-1.0283,0.219,0.0166,,,,,
bob,0,28676062,1687,0.0027,0.0097,0.2,,-1.0442,0.2188,0.0165,,,,,
bob,0,28676062,1688,0.0001,0.0126,0.24,,-1.0434,0.2187,0.0165,,,,,
bob,0,28676062,1689,0.0007,0.018,0.27999999999999997,,-1.0322,0.2185,0.0165,,,,,
bob,0,28676062,1690,-0.0007,0.0278,0.3,,-1.0391,0.2183,0.0166,,,,,
bob,0,28676062,1691,-0.0001,0.0267,0.27999999999999997,,-1.0272,0.2182,0.0165,,,,,
bob,0,28676062,1692,0.0011,0.0214,0.22,,-1.0256,0.218,0.0165,,,,,
bob,0,28676062,1693,0.0008,0.0323,0.3,,-1.0417,0.2178,0.0165,,,,,
bob,0,28676062,1694,0.0004,0.0364,0.36,,-1.043,0.2177,0.0166,,,,,
bob,0,28676062,1695,0.0015,0.0226,0.26,,-1.0341,0.2175,0.0166,,,,,
bob,0,28676062,1696,0.0012,0.033,0.33999999999999997,,-1.0212,0.2173,0.0166,,,,,
bob,0,28676062,1697,0.0013,0.0304,0.32,,-1.0297,0.2172,0.0167,,,,,
bob,0,28676062,1698,0.0014,0.0182,0.26,,-1.0339,0.217,0.0166,,,,,
bob,0,28676062,1699,0.0015,0.015,0.22,,-1.042,0.2168,0.0166,,,,,
bob,0,28676062,1700,-0.0002,0.0355,0.33999999999999997,,-1.0576,0.2167,0.0167,,,,,
bob,0,28676062,1701,-0.0006,0.0237,0.27999999999999997,,-1.0418,0.2165,0.0167,,,,,
bob,0,28676062,1702,-0.0003,0.0219,0.3,,-1.0522,0.2163,0.0167,,,,,
bob,0,28676062,1703,0.0004,0.0306,0.27999999999999997,,-1.0299,0.2162,0.0168,,,,,
bob,0,28676062,1704,0.0011,0.0206,0.26,,-1.031,0.216,0.0167,,,,,
bob,0,28676062,1705,0.0001,0.0289,0.3,,-1.0282,0.2158,0.0167,,,,,
bob,0,28676062,1706,0.0018,0.0197,0.27999999999999997,,-1.0305,0.2157,0.0167,,,,,
bob,0,28676062,1707,-0.0003,0.032,0.3,,-1.0289,0.2155,0.0167,,,,,
bob,0,28676062,1708,0.001,0.0184,0.26,,-1.0244,0.2153,0.0167,,,,,
bob,0,28676062,1709,0.0012,0.0332,0.32,,-1.0409,0.2152,0.0167,,,,,
bob,0,28676062,1710,0.0008,0.0373,0.36,,-1.0271,0.215,0.0168,,,,,
bob,0,28676062,1711,0.0016,0.0233,0.26,,-1.0393,0.2148,0.0168,,,,,
bob,0,28676062,1712,0.001,0.0229,0.26,,-1.0324,0.2147,0.0168,,,,,
bob,0,28676062,1713,0.0005,0.032,0.3,,-1.0432,0.2145,0.0169,,,,,
bob,0,28676062,1714,0.0001,0.0255,0.26,,-1.0471,0.2143,0.0169,,,,,
bob,0,28676062,1715,0.0011,0.029,0.26,,-1.0351,0.2142,0.0169,,,,,
bob,0,28676062,1716,0.0006,0.0139,0.22,,-1.0269,0.214,0.0169,,,,,
bob,0,28676062,1717,-0.0003,0.0147,0.24,,-1.0393,0.2138,0.0169,,,,,
bob,0,28676062,1718,0.0003,0.0432,0.33999999999999997,,-1.0309,0.2137,0.0169,,,,,
bob,0,28676062,1719,0.0012,0.0367,0.36,,-1.0474,0.2135,0.0169,,,,,
bob,0,28676062,1720,0.0007,0.0453,0.4,,-1.043,0.2133,0.017,,,,,
bob,0,28676062,1721,0.0012,0.039,0.32,,-1.0342,0.2132,0.0171,,,,,
bob,0,28676062,1722,0.0008,0.0291,0.27999999999999997,,-1.0418,0.213,0.0171,,,,,
bob,0,28676062,1723,0.0013,0.0175,0.26,,-1.038,0.2128,0.0171,,,,,
bob,0,28676062,1724,-0.0002,0.0186,0.26,,-1.0407,0.2127,0.0171,,,,,
bob,0,28676062,1725,0.0018,0.0241,0.27999999999999997,,-1.0322,0.2125,0.0171,,,,,
bob,0,28676062,1726,0.0007,0.033,0.32,,-1.0407,0.2123,0.0172,,,,,
bob,0,28676062,1727,0.0014,0.0339,0.3,,-1.0423,0.2122,0.0173,,,,,
bob,0,28676062,1728,0.0002,0.0289,0.27999999999999997,,-1.0323,0.212,0.0173,,,,,
bob,0,28676062,1729,0.0,0.0287,0.3,,-1.0367,0.2118,0.0173,,,,,
bob,0,28676062,1730,0.0012,0.034,0.36,,-1.0414,0.2117,0.0174,,,,,
bob,0,28676062,1731,0.0012,0.0302,0.3,,-1.0355,0.2115,0.0174,,,,,
bob,0,28676062,1732,0.0008,0.0219,0.32,,-1.0285,0.2113,0.0174,,,,,
bob,0,28676062,1733,0.0011,0.0308,0.3,,-1.0279,0.2112,0.0174,,,,,
bob,0,28676062,1734,0.0001,0.0437,0.33999999999999997,,-1.0335,0.211,0.0175,,,,,
bob,0,28676062,1735,0.0014,0.0256,0.26,,-1.0348,0.2108,0.0175,,,,,
bob,0,28676062,1736,-0.0005,0.0261,0.26,,-1.0351,0.2107,0.0175,,,,,
bob,0,28676062,1737,-0.0,0.0315,0.3,,-1.0474,0.2105,0.0175,,,,,
bob,0,28676062,1738,0.0003,0.0377,0.33999999999999997,,-1.0394,0.2103,0.0176,,,,,
bob,0,28676062,1739,-0.0011,0.0295,0.3,,-1.0363,0.2102,0.0176,,,,,
bob,0,28676062,1740,0.0001,0.0289,0.3,,-1.039,0.21,0.0177,,,,,
bob,0,28676062,1741,0.0017,0.0305,0.32,,-1.0314,0.2098,0.0177,,,,,
bob,0,28676062,1742,0.0008,0.0415,0.33999999999999997,,-1.0418,0.2097,0.0178,,,,,
bob,0,28676062,1743,0.0004,0.0307,0.3,,-1.0392,0.2095,0.0178,,,,,
bob,0,28676062,1744,0.0014,0.0221,0.3,,-1.0303,0.2093,0.0179,,,,,
bob,0,28676062,1745,0.0017,0.024,0.24,,-1.0287,0.2092,0.0179,,,,,
bob,0,28676062,1746,0.0012,0.0269,0.32,,-1.0335,0.209,0.0179,,,,,
bob,0,28676062,1747,0.001,0.0228,0.27999999999999997,,-1.0357,0.2088,0.0179,,,,,
bob,0,28676062,1748,0.0003,0.036,0.32,,-1.0397,0.2087,0.018,,,,,
bob,0,28676062,1749,0.0003,0.0252,0.3,,-1.0439,0.2085,0.0181,,,,,
bob,0,28676062,1750,0.0011,0.0508,0.44,,-1.0343,0.2083,0.0182,,,,,
bob,0,28676062,1751,0.0011,0.0239,0.27999999999999997,,-1.0251,0.2082,0.0182,,,,,
bob,0,28676062,1752,0.0002,0.0258,0.24,,-1.0386,0.208,0.0182,,,,,
bob,0,28676062,1753,0.0009,0.0297,0.3,,-1.0381,0.2078,0.0182,,,,,
bob,0,28676062,1754,-0.0003,0.0313,0.3,,-1.0294,0.2077,0.0182,,,,,
bob,0,28676062,1755,0.0018,0.0303,0.3,,-1.0332,0.2075,0.0183,,,,,
bob,0,28676062,1756,0.0015,0.0209,0.32,,-1.0401,0.2073,0.0183,,,,,
bob,0,28676062,1757,-0.0002,0.0372,0.36,,-1.0405,0.2072,0.0184,,,,,
bob,0,28676062,1758,-0.0007,0.0309,0.32,,-1.0283,0.207,0.0185,,,,,
bob,0,28676062,1759,0.0005,0.0492,0.44,,-1.0286,0.2068,0.0186,,,,,
bob,0,28676062,1760,0.0003,0.0309,0.3,,-1.027,0.2067,0.0186,,,,,
bob,0,28676062,1761,0.0013,0.0391,0.32,,-1.0366,0.2065,0.0187,,,,,
bob,0,28676062,1762,0.0004,0.0342,0.32,,-1.0291,0.2063,0.0187,,,,,
bob,0,28676062,1763,0.0016,0.0329,0.32,,-1.0366,0.2062,0.0187,,,,,
bob,0,28676062,1764,0.0014,0.0285,0.3,,-1.0326,0.206,0.0187,,,,,
bob,0,28676062,1765,0.0009,0.0279,0.3,,-1.0347,0.2058,0.0188,,,,,
bob,0,28676062,1766,0.0006,0.0202,0.26,,-1.0447,0.2057,0.0188,,,,,
bob,0,28676062,1767,0.0004,0.0416,0.36,,-1.0362,0.2055,0.0189,,,,,
bob,0,28676062,1768,0.0006,0.0473,0.36,,-1.031,0.2053,0.019,,,,,
bob,0,28676062,1769,0.0011,0.0359,0.38,,-1.028,0.2052,0.0191,,,,,
bob,0,28676062,1770,0.0008,0.0295,0.26,,-1.0378,0.205,0.0191,,,,,
bob,0,28676062,1771,0.0011,0.0342,0.32,,-1.0354,0.2048,0.0191,,,,,
bob,0,28676062,1772,0.001,0.0218,0.24,,-1.0443,0.2047,0.0191,,,,,
bob,0,28676062,1773,0.0009,0.0457,0.38,,-1.0314,0.2045,0.0192,,,,,
bob,0,28676062,1774,0.0004,0.0338,0.3,,-1.0286,0.2043,0.0193,,,,,
bob,0,28676062,1775,-0.0002,0.0379,0.32,,-1.0256,0.2042,0.0193,,,,,
bob,0,28676062,1776,0.0008,0.0374,0.33999999999999997,,-1.0416,0.204,0.0193,,,,,
bob,0,28676062,1777,0.0008,0.0228,0.27999999999999997,,-1.033,0.2038,0.0194,,,,,
bob,0,28676062,1778,0.0011,0.0306,0.32,,-1.0414,0.2037,0.0194,,,,,
bob,0,28676062,1779,0.0007,0.0394,0.36,,-1.0284,0.2035,0.0195,,,,,
bob,0,28676062,1780,0.0006,0.0359,0.3,,-1.0476,0.2033,0.0195,,,,,
bob,0,28676062,1781,0.0021,0.04,0.36,,-1.0328,0.2032,0.0196,,,,,
bob,0,28676062,1782,0.0007,0.0495,0.4,,-1.0331,0.203,0.0197,,,,,
bob,0,28676062,1783,0.0012,0.0344,0.3,,-1.0471,0.2028,0.0197,,,,,
bob,0,28676062,1784,0.0002,0.0253,0.3,,-1.0372,0.2027,0.0197,,,,,
bob,0,28676062,1785,-0.0001,0.0477,0.4,,-1.0398,0.2025,0.0198,,,,,
bob,0,28676062,1786,0.001,0.0278,0.26,,-1.0355,0.2023,0.0198,,,,,
bob,0,28676062,1787,0.001,0.0258,0.3,,-1.0396,0.2022,0.0198,,,,,
bob,0,28676062,1788,0.002,0.0303,0.3,,-1.037,0.202,0.0198,,,,,
bob,0,28676062,1789,0.0009,0.0213,0.3,,-1.0493,0.2018,0.0198,,,,,
bob,0,28676062,1790,0.0002,0.0376,0.33999999999999997,,-1.0278,0.2017,0.0199,,,,,
bob,0,28676062,1791,0.0,0.0289,0.3,,-1.0384,0.2015,0.02,,,,,
bob,0,28676062,1792,0.0001,0.0305,0.32,,-1.0429,0.2013,0.02,,,,,
bob,0,28676062,1793,-0.0001,0.0389,0.33999999999999997,,-1.0336,0.2012,0.0201,,,,,
bob,0,28676062,1794,0.0017,0.0507,0.44,,-1.0309,0.201,0.0202,,,,,
bob,0,28676062,1795,-0.0001,0.0303,0.36,,-1.0197,0.2008,0.0203,,,,,
bob,0,28676062,1796,0.0006,0.036,0.32,,-1.0486,0.2007,0.0203,,,,,
bob,0,28676062,1797,-0.0005,0.0384,0.33999999999999997,,-1.0401,0.2005,0.0204,,,,,
bob,0,28676062,1798,0.0012,0.0449,0.36,,-1.0367,0.2003,0.0204,,,,,
bob,0,28676062,1799,0.0,0.0253,0.27999999999999997,,-1.033,0.2002,0.0204,,,,,
bob,0,28676062,1800,0.0005,0.0219,0.27999999999999997,,-1.0476,0.2,0.0204,,,,,
bob,0,28676062,1801,-0.0004,0.0371,0.33999999999999997,,-1.0331,0.1998,0.0204,,,,,
bob,0,28676062,1802,0.0007,0.0337,0.3,,-1.0349,0.1997,0.0205,,,,,
bob,0,28676062,1803,0.0001,0.0342,0.36,,-1.0269,0.1995,0.0206,,,,,
bob,0,28676062,1804,0.0008,0.0364,0.36,,-1.038,0.1993,0.0206,,,,,
bob,0,28676062,1805,0.0,0.0334,0.32,,-1.0343,0.1992,0.0206,,,,,
bob,0,28676062,1806,-0.0004,0.0298,0.33999999999999997,,-1.0338,0.199,0.0207,,,,,
bob,0,28676062,1807,0.0005,0.0336,0.33999999999999997,,-1.031,0.1988,0.0207,,,,,
bob,0,28676062,1808,0.0002,0.0435,0.38,,-1.0311,0.1987,0.0208,,,,,
bob,0,28676062,1809,-0.0004,0.0427,0.36,,-1.0378,0.1985,0.0209,,,,,
bob,0,28676062,1810,0.0007,0.0373,0.33999999999999997,,-1.0287,0.1983,0.0209,,,,,
bob,0,28676062,1811,0.001,0.0337,0.32,,-1.0359,0.1982,0.021,,,,,
bob,0,28676062,1812,0.0004,0.0262,0.26,,-1.0307,0.198,0.021,,,,,
bob,0,28676062,1813,-0.0,0.0368,0.38,,-1.0509,0.1978,0.0211,,,,,
bob,0,28676062,1814,0.0003,0.0181,0.24,,-1.0302,0.1977,0.021,,,,,
bob,0,28676062,1815,0.0013,0.0324,0.3,,-1.0216,0.1975,0.0211,,,,,
bob,0,28676062,1816,0.002,0.0227,0.26,,-1.0319,0.1973,0.0211,,,,,
bob,0,28676062,1817,0.0012,0.037,0.38,,-1.0429,0.1972,0.0211,,,,,
bob,0,28676062,1818,-0.0002,0.0287,0.32,,-1.0425,0.197,0.0211,,,,,
bob,0,28676062,1819,0.0009,0.0369,0.36,,-1.0212,0.1968,0.0212,,,,,
bob,0,28676062,1820,-0.0008,0.0407,0.33999999999999997,,-1.0288,0.1967,0.0213,,,,,
bob,0,28676062,1821,0.0003,0.0388,0.32,,-1.0225,0.1965,0.0213,,,,,
bob,0,28676062,1822,0.0017,0.0293,0.3,,-1.034,0.1963,0.0213,,,,,
bob,0,28676062,1823,0.0005,0.035,0.3,,-1.0309,0.1962,0.0214,,,,,
bob,0,28676062,1824,0.0005,0.0526,0.4,,-1.035,0.196,0.0215,,,,,
bob,0,28676062,1825,0.0006,0.0399,0.4,,-1.0294,0.1958,0.0215,,,,,
bob,0,28676062,1826,0.0003,0.0415,0.38,,-1.0351,0.1957,0.0216,,,,,
bob,0,28676062,1827,-0.0008,0.0347,0.36,,-1.03,0.1955,0.0216,,,,,
bob,0,28676062,1828,-0.0001,0.0473,0.4,,-1.0301,0.1953,0.0217,,,,,
bob,0,28676062,1829,0.0011,0.0259,0.32,,-1.0293,0.1952,0.0217,,,,,
bob,0,28676062,1830,0.0006,0.0423,0.36,,-1.0308,0.195,0.0218,,,,,
bob,0,28676062,1831,0.0005,0.0185,0.26,,-1.0307,0.1948,0.0218,,,,,
bob,0,28676062,1832,0.0007,0.0371,0.33999999999999997,,-1.0375,0.1947,0.0219,,,,,
bob,0,28676062,1833,0.0001,0.0468,0.38,,-1.0342,0.1945,0.022,,,,,
bob,0,28676062,1834,0.0008,0.043,0.32,,-1.0377,0.1943,0.022,,,,,
bob,0,28676062,1835,0.0014,0.0334,0.33999999999999997,,-1.0265,0.1942,0.022,,,,,
bob,0,28676062,1836,0.0022,0.0274,0.3,,-1.0339,0.194,0.022,,,,,
bob,0,28676062,1837,0.0007,0.021,0.26,,-1.0372,0.1938,0.022,,,,,
bob,0,28676062,1838,0.0005,0.0397,0.33999999999999997,,-1.0298,0.1937,0.0221,,,,,
bob,0,28676062,1839,0.0005,0.0392,0.33999999999999997,,-1.0426,0.1935,0.0221,,,,,
bob,0,28676062,1840,0.0019,0.0294,0.3,,-1.0312,0.1933,0.0221,,,,,
bob,0,28676062,1841,0.0016,0.0402,0.33999999999999997,,-1.0309,0.1932,0.0221,,,,,
bob,0,28676062,1842,0.0015,0.0476,0.38,,-1.0349,0.193,0.0222,,,,,
bob,0,28676062,1843,0.0015,0.0273,0.3,,-1.0397,0.1928,0.0222,,,,,
bob,0,28676062,1844,0.0015,0.034,0.33999999999999997,,-1.0476,0.1927,0.0223,,,,,
bob,0,28676062,1845,-0.0008,0.0376,0.33999999999999997,,-1.0402,0.1925,0.0223,,,,,
bob,0,28676062,1846,0.0014,0.0219,0.33999999999999997,,-1.0267,0.1923,0.0223,,,,,
bob,0,28676062,1847,0.0012,0.0216,0.27999999999999997,,-1.0305,0.1922,0.0223,,,,,
bob,0,28676062,1848,0.0008,0.031,0.3,,-1.0302,0.192,0.0223,,,,,
bob,0,28676062,1849,0.0005,0.0287,0.33999999999999997,,-1.0334,0.1918,0.0224,,,,,
bob,0,28676062,1850,-0.0006,0.027,0.26,,-1.0304,0.1917,0.0224,,,,,
bob,0,28676062,1851,0.0003,0.0305,0.26,,-1.023,0.1915,0.0224,,,,,
bob,0,28676062,1852,0.0008,0.0299,0.3,,-1.0409,0.1913,0.0224,,,,,
bob,0,28676062,1853,0.0007,0.0369,0.33999999999999997,,-1.049,0.1912,0.0224,,,,,
bob,0,28676062,1854,-0.0001,0.0399,0.36,,-1.0389,0.191,0.0224,,,,,
bob,0,28676062,1855,-0.0008,0.0406,0.36,,-1.032,0.1908,0.0225,,,,,
bob,0,28676062,1856,0.0006,0.0415,0.38,,-1.0372,0.1907,0.0226,,,,,
bob,0,28676062,1857,-0.0006,0.0315,0.32,,-1.0358,0.1905,0.0226,,,,,
bob,0,28676062,1858,0.0008,0.0409,0.38,,-1.033,0.1903,0.0227,,,,,
bob,0,28676062,1859,0.0001,0.032,0.3,,-1.033,0.1902,0.0227,,,,,
bob,0,28676062,1860,0.0006,0.0283,0.32,,-1.0455,0.19,0.0227,,,,,
bob,0,28676062,1861,0.0018,0.0667,0.5,,-1.0333,0.1898,0.0228,,,,,
bob,0,28676062,1862,0.0009,0.0282,0.26,,-1.0406,0.1897,0.0227,,,,,
bob,0,28676062,1863,0.0001,0.0391,0.36,,-1.0291,0.1895,0.0227,,,,,
bob,0,28676062,1864,-0.0002,0.0406,0.33999999999999997,,-1.0358,0.1893,0.0227,,,,,
bob,0,28676062,1865,0.0005,0.0457,0.38,,-1.0377,0.1892,0.0228,,,,,
bob,0,28676062,1866,-0.0003,0.0438,0.33999999999999997,,-1.0399,0.189,0.0229,,,,,
bob,0,28676062,1867,0.0014,0.0414,0.33999999999999997,,-1.0302,0.1888,0.023,,,,,
bob,0,28676062,1868,0.0008,0.0423,0.36,,-1.0457,0.1887,0.023,,,,,
bob,0,28676062,1869,-0.0009,0.0187,0.24,,-1.03,0.1885,0.0229,,,,,
bob,0,28676062,1870,0.0005,0.0342,0.32,,-1.0335,0.1883,0.0229,,,,,
bob,0,28676062,1871,0.0001,0.0306,0.33999999999999997,,-1.0345,0.1882,0.023,,,,,
bob,0,28676062,1872,0.0,0.0518,0.38,,-1.0462,0.188,0.0231,,,,,
bob,0,28676062,1873,0.001,0.0391,0.33999999999999997,,-1.0355,0.1878,0.0231,,,,,
bob,0,28676062,1874,0.002,0.0397,0.32,,-1.0291,0.1877,0.0231,,,,,
bob,0,28676062,1875,-0.0001,0.0501,0.38,,-1.0333,0.1875,0.0233,,,,,
bob,0,28676062,1876,0.0011,0.0316,0.3,,-1.0402,0.1873,0.0233,,,,,
bob,0,28676062,1877,0.0004,0.0316,0.33999999999999997,,-1.0448,0.1872,0.0234,,,,,
bob,0,28676062,1878,-0.0004,0.0494,0.38,,-1.0346,0.187,0.0235,,,,,
bob,0,28676062,1879,0.0012,0.0187,0.22,,-1.0486,0.1868,0.0234,,,,,
bob,0,28676062,1880,0.0012,0.0288,0.33999999999999997,,-1.0276,0.1867,0.0234,,,,,
bob,0,28676062,1881,0.0008,0.0333,0.33999999999999997,,-1.044,0.1865,0.0235,,,,,
bob,0,28676062,1882,0.0016,0.0373,0.3,,-1.042,0.1863,0.0235,,,,,
bob,0,28676062,1883,0.0004,0.0292,0.36,,-1.0371,0.1862,0.0235,,,,,
bob,0,28676062,1884,0.001,0.0597,0.45999999999999996,,-1.0246,0.186,0.0237,,,,,
bob,0,28676062,1885,0.0008,0.0379,0.33999999999999997,,-1.0286,0.1858,0.0237,,,,,
bob,0,28676062,1886,0.002,0.0474,0.38,,-1.0357,0.1857,0.0238,,,,,
bob,0,28676062,1887,0.0001,0.0608,0.45999999999999996,,-1.0319,0.1855,0.024,,,,,
bob,0,28676062,1888,0.0022,0.0389,0.3,,-1.037,0.1853,0.024,,,,,
bob,0,28676062,1889,-0.0004,0.0375,0.38,,-1.0296,0.1852,0.0241,,,,,
bob,0,28676062,1890,0.0008,0.0565,0.44,,-1.0301,0.185,0.0242,,,,,
bob,0,28676062,1891,0.0006,0.0443,0.33999999999999997,,-1.0268,0.1848,0.0243,,,,,
bob,0,28676062,1892,0.0004,0.0412,0.33999999999999997,,-1.032,0.1847,0.0244,,,,,
bob,0,28676062,1893,0.0028,0.0307,0.33999999999999997,,-1.0223,0.1845,0.0244,,,,,
bob,0,28676062,1894,0.001,0.0526,0.4,,-1.0354,0.1843,0.0244,,,,,
bob,0,28676062,1895,0.0012,0.0628,0.44,,-1.0325,0.1842,0.0246,,,,,
bob,0,28676062,1896,0.0013,0.0426,0.36,,-1.033,0.184,0.0246,,,,,
bob,0,28676062,1897,0.0008,0.0257,0.27999999999999997,,-1.0301,0.1838,0.0246,,,,,
bob,0,28676062,1898,0.0011,0.0316,0.3,,-1.0314,0.1837,0.0246,,,,,
bob,0,28676062,1899,0.0017,0.0395,0.4,,-1.0313,0.1835,0.0247,,,,,
bob,0,28676062,1900,0.0006,0.046,0.38,,-1.0201,0.1833,0.0248,,,,,
bob,0,28676062,1901,0.0014,0.0372,0.33999999999999997,,-1.0307,0.1832,0.0248,,,,,
bob,0,28676062,1902,0.0024,0.0384,0.38,,-1.0318,0.183,0.0249,,,,,
bob,0,28676062,1903,0.0012,0.0248,0.26,,-1.0365,0.1828,0.0249,,,,,
bob,0,28676062,1904,0.0023,0.0345,0.32,,-1.0291,0.1827,0.0249,,,,,
bob,0,28676062,1905,0.0008,0.0432,0.33999999999999997,,-1.0266,0.1825,0.025,,,,,
bob,0,28676062,1906,0.0014,0.0265,0.3,,-1.0387,0.1823,0.025,,,,,
bob,0,28676062,1907,0.0007,0.0302,0.33999999999999997,,-1.0195,0.1822,0.025,,,,,
bob,0,28676062,1908,-0.0004,0.038,0.3,,-1.0281,0.182,0.025,,,,,
bob,0,28676062,1909,0.0013,0.0441,0.36,,-1.0391,0.1818,0.0251,,,,,
bob,0,28676062,1910,0.0009,0.035,0.32,,-1.0269,0.1817,0.0251,,,,,
bob,0,28676062,1911,0.0003,0.0318,0.38,,-1.0279,0.1815,0.0251,,,,,
bob,0,28676062,1912,-0.0005,0.0459,0.36,,-1.0385,0.1813,0.0252,,,,,
bob,0,28676062,1913,0.0012,0.0697,0.45999999999999996,,-1.0483,0.1812,0.0253,,,,,
bob,0,28676062,1914,-0.0004,0.0433,0.36,,-1.0454,0.181,0.0254,,,,,
bob,0,28676062,1915,-0.0006,0.0774,0.5,,-1.0457,0.1808,0.0256,,,,,
bob,0,28676062,1916,0.0014,0.0432,0.44,,-1.0433,0.1807,0.0257,,,,,
bob,0,28676062,1917,0.0023,0.0485,0.4,,-1.04,0.1805,0.0259,,,,,
bob,0,28676062,1918,0.0004,0.0517,0.38,,-1.0404,0.1803,0.0259,,,,,
bob,0,28676062,1919,-0.0004,0.0635,0.44,,-1.0274,0.1802,0.026,,,,,
bob,0,28676062,1920,0.0012,0.0257,0.26,,-1.019,0.18,0.0259,,,,,
bob,0,28676062,1921,0.0014,0.0422,0.36,,-1.0325,0.1798,0.0259,,,,,
bob,0,28676062,1922,0.0012,0.0386,0.36,,-1.0229,0.1797,0.026,,,,,
bob,0,28676062,1923,0.0002,0.0441,0.36,,-1.029,0.1795,0.0261,,,,,
bob,0,28676062,1924,0.0,0.0453,0.36,,-1.0224,0.1793,0.0261,,,,,
bob,0,28676062,1925,0.0014,0.0433,0.33999999999999997,,-1.0328,0.1792,0.0262,,,,,
bob,0,28676062,1926,0.0016,0.0368,0.36,,-1.0275,0.179,0.0262,,,,,
bob,0,28676062,1927,0.0007,0.0335,0.33999999999999997,,-1.036,0.1788,0.0262,,,,,
bob,0,28676062,1928,0.0011,0.0485,0.38,,-1.0284,0.1787,0.0263,,,,,
bob,0,28676062,1929,-0.0003,0.0321,0.32,,-1.0374,0.1785,0.0263,,,,,
bob,0,28676062,1930,0.0004,0.0339,0.38,,-1.0351,0.1783,0.0263,,,,,
bob,0,28676062,1931,-0.0003,0.0554,0.42,,-1.0328,0.1782,0.0264,,,,,
bob,0,28676062,1932,0.0007,0.048,0.36,,-1.0357,0.178,0.0264,,,,,
bob,0,28676062,1933,0.0013,0.0285,0.32,,-1.0324,0.1778,0.0264,,,,,
bob,0,28676062,1934,-0.0,0.0399,0.36,,-1.0207,0.1777,0.0264,,,,,
bob,0,28676062,1935,0.0005,0.0535,0.42,,-1.0371,0.1775,0.0265,,,,,
bob,0,28676062,1936,0.0005,0.0509,0.44,,-1.0313,0.1773,0.0266,,,,,
bob,0,28676062,1937,0.0001,0.0491,0.44,,-1.0402,0.1772,0.0267,,,,,
bob,0,28676062,1938,0.0005,0.0498,0.36,,-1.0225,0.177,0.0267,,,,,
bob,0,28676062,1939,0.0009,0.0438,0.4,,-1.027,0.1768,0.0268,,,,,
bob,0,28676062,1940,0.0022,0.0265,0.3,,-1.0247,0.1767,0.0268,,,,,
bob,0,28676062,1941,0.0005,0.0623,0.48,,-1.032,0.1765,0.0269,,,,,
bob,0,28676062,1942,0.001,0.0391,0.36,,-1.0319,0.1763,0.0269,,,,,
bob,0,28676062,1943,0.0008,0.0394,0.38,,-1.0342,0.1762,0.027,,,,,
bob,0,28676062,1944,0.001,0.0366,0.36,,-1.0292,0.176,0.027,,,,,
bob,0,28676062,1945,-0.0004,0.0401,0.4,,-1.0235,0.1758,0.0271,,,,,
bob,0,28676062,1946,-0.0007,0.0496,0.42,,-1.0336,0.1757,0.0272,,,,,
bob,0,28676062,1947,0.0035,0.0541,0.38,,-1.0257,0.1755,0.0273,,,,,
bob,0,28676062,1948,0.0009,0.0424,0.33999999999999997,,-1.0316,0.1753,0.0273,,,,,
bob,0,28676062,1949,0.0008,0.0469,0.45999999999999996,,-1.0349,0.1752,0.0273,,,,,
bob,0,28676062,1950,0.0012,0.0476,0.36,,-1.0357,0.175,0.0273,,,,,
bob,0,28676062,1951,0.0021,0.0562,0.42,,-1.0244,0.1748,0.0274,,,,,
bob,0,28676062,1952,0.0023,0.0433,0.33999999999999997,,-1.0324,0.1747,0.0275,,,,,
bob,0,28676062,1953,0.0013,0.0415,0.42,,-1.0165,0.1745,0.0276,,,,,
bob,0,28676062,1954,0.0024,0.0393,0.36,,-1.026,0.1743,0.0276,,,,,
bob,0,28676062,1955,0.0014,0.0501,0.38,,-1.0291,0.1742,0.0276,,,,,
bob,0,28676062,1956,0.0021,0.0457,0.38,,-1.0269,0.174,0.0277,,,,,
bob,0,28676062,1957,0.0005,0.0505,0.42,,-1.0305,0.1738,0.0277,,,,,
bob,0,28676062,1958,0.0019,0.0532,0.38,,-1.0273,0.1737,0.0278,,,,,
bob,0,28676062,1959,0.0006,0.0431,0.42,,-1.0366,0.1735,0.0277,,,,,
bob,0,28676062,1960,0.0007,0.0415,0.32,,-1.0325,0.1733,0.0277,,,,,
bob,0,28676062,1961,0.0014,0.0363,0.3,,-1.0285,0.1732,0.0277,,,,,
bob,0,28676062,1962,0.0008,0.0469,0.42,,-1.0248,0.173,0.0278,,,,,
bob,0,28676062,1963,0.0008,0.0404,0.36,,-1.0347,0.1728,0.0278,,,,,
bob,0,28676062,1964,0.0001,0.0719,0.5,,-1.0414,0.1727,0.028,,,,,
bob,0,28676062,1965,-0.0003,0.0499,0.4,,-1.0334,0.1725,0.028,,,,,
bob,0,28676062,1966,-0.0003,0.0612,0.45999999999999996,,-1.0397,0.1723,0.0282,,,,,
bob,0,28676062,1967,0.0011,0.0625,0.42,,-1.0203,0.1722,0.0282,,,,,
bob,0,28676062,1968,0.0009,0.0336,0.33999999999999997,,-1.0368,0.172,0.0282,,,,,
bob,0,28676062,1969,0.0016,0.0585,0.44,,-1.0266,0.1718,0.0282,,,,,
bob,0,28676062,1970,-0.0007,0.0507,0.42,,-1.0259,0.1717,0.0283,,,,,
bob,0,28676062,1971,0.0009,0.0484,0.44,,-1.0397,0.1715,0.0284,,,,,
bob,0,28676062,1972,0.0009,0.062,0.5,,-1.0312,0.1713,0.0285,,,,,
bob,0,28676062,1973,0.0013,0.061,0.44,,-1.0342,0.1712,0.0286,,,,,
bob,0,28676062,1974,0.0006,0.0377,0.38,,-1.0318,0.171,0.0287,,,,,
bob,0,28676062,1975,0.0001,0.0634,0.48,,-1.031,0.1708,0.0288,,,,,
bob,0,28676062,1976,0.0009,0.0759,0.58,,-1.0296,0.1707,0.0289,,,,,
bob,0,28676062,1977,0.0008,0.0399,0.4,,-1.0224,0.1705,0.029,,,,,
bob,0,28676062,1978,-0.0005,0.0622,0.5,,-1.0318,0.1703,0.0291,,,,,
bob,0,28676062,1979,-0.0008,0.0392,0.33999999999999997,,-1.0351,0.1702,0.0291,,,,,
bob,0,28676062,1980,0.0021,0.047,0.4,,-1.0293,0.17,0.0292,,,,,
bob,0,28676062,1981,0.0006,0.0561,0.38,,-1.031,0.1698,0.0292,,,,,
bob,0,28676062,1982,0.0008,0.0477,0.36,,-1.0292,0.1697,0.0292,,,,,
bob,0,28676062,1983,0.0012,0.0559,0.4,,-1.0331,0.1695,0.0292,,,,,
bob,0,28676062,1984,0.001,0.0602,0.44,,-1.0183,0.1693,0.0293,,,,,
bob,0,28676062,1985,0.0005,0.0453,0.4,,-1.0347,0.1692,0.0293,,,,,
bob,0,28676062,1986,-0.0006,0.0452,0.4,,-1.0475,0.169,0.0294,,,,,
bob,0,28676062,1987,0.001,0.0429,0.4,,-1.0418,0.1688,0.0295,,,,,
bob,0,28676062,1988,0.0008,0.0387,0.38,,-1.0271,0.1687,0.0296,,,,,
bob,0,28676062,1989,0.0014,0.0641,0.44,,-1.0404,0.1685,0.0296,,,,,
bob,0,28676062,1990,0.0004,0.0421,0.33999999999999997,,-1.0396,0.1683,0.0296,,,,,
bob,0,28676062,1991,0.0009,0.0463,0.4,,-1.0333,0.1682,0.0297,,,,,
bob,0,28676062,1992,0.0018,0.035,0.36,,-1.0439,0.168,0.0297,,,,,
bob,0,28676062,1993,-0.0001,0.0479,0.4,,-1.0236,0.1678,0.0298,,,,,
bob,0,28676062,1994,0.0006,0.0509,0.42,,-1.0218,0.1677,0.0298,,,,,
bob,0,28676062,1995,0.0005,0.0482,0.38,,-1.0418,0.1675,0.0298,,,,,
bob,0,28676062,1996,-0.0003,0.051,0.44,,-1.0247,0.1673,0.0298,,,,,
bob,0,28676062,1997,0.0003,0.053,0.4,,-1.0237,0.1672,0.0299,,,,,
bob,0,28676062,1998,0.0012,0.0539,0.36,,-1.0106,0.167,0.0299,,,,,
bob,0,28676062,1999,-0.0005,0.0516,0.45999999999999996,,-1.0246,0.1668,0.03,,,,,
bob,0,28676062,2000,0.0008,0.0639,0.45999999999999996,,-1.0207,0.1667,0.0301,,,,,
bob,0,28676062,2001,0.0008,0.032,0.32,,-1.0255,0.1665,0.0301,,,,,
bob,0,28676062,2002,0.0003,0.0472,0.4,,-1.0295,0.1663,0.0301,,,,,
bob,0,28676062,2003,0.0003,0.049,0.38,,-1.0274,0.1662,0.0301,,,,,
bob,0,28676062,2004,0.0003,0.0591,0.45999999999999996,,-1.0267,0.166,0.0302,,,,,
bob,0,28676062,2005,0.0006,0.054,0.45999999999999996,,-1.0272,0.1658,0.0303,,,,,
bob,0,28676062,2006,-0.0001,0.0652,0.5,,-1.0329,0.1657,0.0304,,,,,
bob,0,28676062,2007,0.0004,0.0435,0.42,,-1.029,0.1655,0.0305,,,,,
bob,0,28676062,2008,-0.0009,0.0482,0.38,,-1.0394,0.1653,0.0305,,,,,
bob,0,28676062,2009,0.0011,0.0555,0.44,,-1.0239,0.1652,0.0305,,,,,
bob,0,28676062,2010,0.0005,0.0555,0.44,,-1.0248,0.165,0.0306,,,,,
bob,0,28676062,2011,-0.0006,0.0605,0.48,,-1.0201,0.1648,0.0308,,,,,
bob,0,28676062,2012,-0.0002,0.0629,0.48,,-1.0337,0.1647,0.0309,,,,,
bob,0,28676062,2013,0.0015,0.0495,0.38,,-1.0299,0.1645,0.0309,,,,,
bob,0,28676062,2014,0.0008,0.05,0.42,,-1.0329,0.1643,0.031,,,,,
bob,0,28676062,2015,0.0004,0.0485,0.4,,-1.0289,0.1642,0.0311,,,,,
bob,0,28676062,2016,0.0002,0.0557,0.45999999999999996,,-1.0269,0.164,0.0313,,,,,
bob,0,28676062,2017,-0.0005,0.0596,0.45999999999999996,,-1.0404,0.1638,0.0313,,,,,
bob,0,28676062,2018,0.0014,0.0585,0.48,,-1.0251,0.1637,0.0314,,,,,
bob,0,28676062,2019,-0.0001,0.0681,0.45999999999999996,,-1.0348,0.1635,0.0315,,,,,
bob,0,28676062,2020,0.0004,0.0565,0.48,,-1.0306,0.1633,0.0316,,,,,
bob,0,28676062,2021,0.0004,0.0515,0.38,,-1.0237,0.1632,0.0316,,,,,
bob,0,28676062,2022,-0.0006,0.0467,0.4,,-1.0229,0.163,0.0317,,,,,
bob,0,28676062,2023,-0.0003,0.0503,0.38,,-1.0464,0.1628,0.0318,,,,,
bob,0,28676062,2024,0.001,0.0578,0.44,,-1.041,0.1627,0.0318,,,,,
bob,0,28676062,2025,0.0001,0.0528,0.44,,-1.0313,0.1625,0.0318,,,,,
bob,0,28676062,2026,-0.0011,0.0669,0.5,,-1.0174,0.1623,0.0319,,,,,
bob,0,28676062,2027,-0.0004,0.0571,0.4,,-1.0527,0.1622,0.032,,,,,
bob,0,28676062,2028,-0.0001,0.0605,0.45999999999999996,,-1.0272,0.162,0.032,,,,,
bob,0,28676062,2029,-0.0004,0.0717,0.6,,-1.0222,0.1618,0.0322,,,,,
bob,0,28676062,2030,0.0,0.051,0.42,,-1.0264,0.1617,0.0322,,,,,
bob,0,28676062,2031,-0.0,0.0517,0.45999999999999996,,-1.0344,0.1615,0.0324,,,,,
bob,0,28676062,2032,0.0001,0.0418,0.36,,-1.0336,0.1613,0.0324,,,,,
bob,0,28676062,2033,0.0012,0.052,0.48,,-1.0274,0.1612,0.0324,,,,,
bob,0,28676062,2034,0.0005,0.047,0.42,,-1.0235,0.161,0.0325,,,,,
bob,0,28676062,2035,0.0008,0.075,0.62,,-1.0332,0.1608,0.0327,,,,,
bob,0,28676062,2036,-0.0008,0.0516,0.38,,-1.0341,0.1607,0.0328,,,,,
bob,0,28676062,2037,0.0024,0.0348,0.33999999999999997,,-1.0381,0.1605,0.0328,,,,,
bob,0,28676062,2038,0.0011,0.0486,0.44,,-1.0456,0.1603,0.0329,,,,,
bob,0,28676062,2039,0.0009,0.0656,0.48,,-1.0265,0.1602,0.033,,,,,
bob,0,28676062,2040,0.0011,0.0485,0.36,,-1.0304,0.16,0.033,,,,,
bob,0,28676062,2041,0.002,0.0568,0.44,,-1.0423,0.1598,0.0331,,,,,
bob,0,28676062,2042,0.0008,0.032,0.32,,-1.0412,0.1597,0.033,,,,,
bob,0,28676062,2043,0.001,0.0426,0.36,,-1.0361,0.1595,0.0331,,,,,
bob,0,28676062,2044,-0.0,0.0525,0.42,,-1.0345,0.1593,0.0331,,,,,
bob,0,28676062,2045,-0.0014,0.0291,0.32,,-1.0444,0.1592,0.0331,,,,,
bob,0,28676062,2046,0.0015,0.0429,0.36,,-1.0377,0.159,0.0331,,,,,
bob,0,28676062,2047,-0.0013,0.0554,0.4,,-1.0381,0.1588,0.0332,,,,,
bob,0,28676062,2048,0.0002,0.0859,0.6,,-1.0462,0.1587,0.0334,,,,,
bob,0,28676062,2049,-0.0003,0.0573,0.44,,-1.0457,0.1585,0.0335,,,,,
bob,0,28676062,2050,-0.0001,0.072,0.48,,-1.0445,0.1583,0.0336,,,,,
bob,0,28676062,2051,-0.0014,0.0649,0.45999999999999996,,-1.0356,0.1582,0.0338,,,,,
bob,0,28676062,2052,0.0003,0.0511,0.5,,-1.0311,0.158,0.0339,,,,,
bob,0,28676062,2053,-0.0007,0.0478,0.38,,-1.0334,0.1578,0.0339,,,,,
bob,0,28676062,2054,0.0,0.059,0.44,,-1.027,0.1577,0.034,,,,,
bob,0,28676062,2055,-0.0,0.0612,0.48,,-1.0499,0.1575,0.034,,,,,
bob,0,28676062,2056,-0.0009,0.099,0.6,,-1.0344,0.1573,0.0342,,,,,
bob,0,28676062,2057,-0.0004,0.0594,0.42,,-1.039,0.1572,0.0343,,,,,
bob,0,28676062,2058,-0.0001,0.0494,0.38,,-1.0346,0.157,0.0343,,,,,
bob,0,28676062,2059,-0.0012,0.0544,0.42,,-1.0295,0.1568,0.0344,,,,,
bob,0,28676062,2060,0.0003,0.0625,0.48,,-1.0285,0.1567,0.0345,,,,,
bob,0,28676062,2061,0.0016,0.0576,0.4,,-1.0397,0.1565,0.0344,,,,,
bob,0,28676062,2062,0.0002,0.0414,0.36,,-1.0388,0.1563,0.0345,,,,,
bob,0,28676062,2063,0.0007,0.0776,0.58,,-1.0373,0.1562,0.0346,,,,,
bob,0,28676062,2064,0.0028,0.0605,0.44,,-1.0233,0.156,0.0347,,,,,
bob,0,28676062,2065,0.0002,0.0543,0.44,,-1.0452,0.1558,0.0347,,,,,
bob,0,28676062,2066,-0.0006,0.0423,0.4,,-1.0351,0.1557,0.0347,,,,,
bob,0,28676062,2067,-0.0004,0.0566,0.4,,-1.0314,0.1555,0.0347,,,,,
bob,0,28676062,2068,0.0017,0.0593,0.52,,-1.0257,0.1553,0.0348,,,,,
bob,0,28676062,2069,0.0029,0.0655,0.5,,-1.0343,0.1552,0.035,,,,,
bob,0,28676062,2070,0.0002,0.0413,0.32,,-1.0304,0.155,0.035,,,,,
bob,0,28676062,2071,0.001,0.05,0.36,,-1.0298,0.1548,0.0351,,,,,
bob,0,28676062,2072,-0.0003,0.0754,0.52,,-1.0417,0.1547,0.0352,,,,,
bob,0,28676062,2073,0.0005,0.0637,0.45999999999999996,,-1.0378,0.1545,0.0352,,,,,
bob,0,28676062,2074,-0.0005,0.0561,0.44,,-1.029,0.1543,0.0353,,,,,
bob,0,28676062,2075,0.0007,0.0518,0.36,,-1.0317,0.1542,0.0353,,,,,
bob,0,28676062,2076,0.0008,0.0511,0.4,,-1.0472,0.154,0.0353,,,,,
bob,0,28676062,2077,0.0001,0.054,0.42,,-1.0337,0.1538,0.0354,,,,,
bob,0,28676062,2078,0.0004,0.1007,0.66,,-1.0267,0.1537,0.0356,,,,,
bob,0,28676062,2079,0.0007,0.0786,0.54,,-1.0402,0.1535,0.0359,,,,,
bob,0,28676062,2080,0.0013,0.0553,0.44,,-1.0407,0.1533,0.0359,,,,,
bob,0,28676062,2081,0.0004,0.0559,0.42,,-1.0379,0.1532,0.036,,,,,
bob,0,28676062,2082,-0.0006,0.0788,0.6,,-1.0335,0.153,0.0362,,,,,
bob,0,28676062,2083,0.0009,0.054,0.44,,-1.0285,0.1528,0.0363,,,,,
bob,0,28676062,2084,-0.0,0.0604,0.45999999999999996,,-1.0267,0.1527,0.0363,,,,,
bob,0,28676062,2085,0.0005,0.061,0.44,,-1.0328,0.1525,0.0364,,,,,
bob,0,28676062,2086,-0.0,0.0473,0.38,,-1.0229,0.1523,0.0363,,,,,
bob,0,28676062,2087,0.0004,0.048,0.42,,-1.0378,0.1522,0.0363,,,,,
bob,0,28676062,2088,-0.0002,0.0453,0.4,,-0.9961,0.152,0.0364,,,,,
bob,0,28676062,2089,0.0007,0.0537,0.44,,-1.0218,0.1518,0.0364,,,,,
bob,0,28676062,2090,0.0001,0.0695,0.52,,-1.0274,0.1517,0.0365,,,,,
bob,0,28676062,2091,0.0005,0.0742,0.5599999999999999,,-1.0148,0.1515,0.0366,,,,,
bob,0,28676062,2092,0.0012,0.0522,0.4,,-1.0197,0.1513,0.0367,,,,,
bob,0,28676062,2093,0.0017,0.0663,0.48,,-1.0532,0.1512,0.0368,,,,,
bob,0,28676062,2094,0.0003,0.0599,0.5,,-1.0209,0.151,0.0368,,,,,
bob,0,28676062,2095,0.0001,0.0523,0.4,,-1.0455,0.1508,0.0368,,,,,
bob,0,28676062,2096,-0.0017,0.071,0.5,,-1.0319,0.1507,0.0369,,,,,
bob,0,28676062,2097,-0.0006,0.0692,0.45999999999999996,,-1.0142,0.1505,0.037,,,,,
bob,0,28676062,2098,0.0,0.0472,0.38,,-1.0284,0.1503,0.0371,,,,,
bob,0,28676062,2099,-0.0012,0.0462,0.4,,-1.0209,0.1502,0.0371,,,,,
bob,0,28676062,2100,0.0002,0.0584,0.42,,-1.0326,0.15,0.0371,,,,,
bob,0,28676062,2101,-0.0013,0.0468,0.44,,-1.0271,0.1498,0.0372,,,,,
bob,0,28676062,2102,0.0009,0.0782,0.58,,-1.0321,0.1497,0.0373,,,,,
bob,0,28676062,2103,0.0016,0.0484,0.42,,-1.0147,0.1495,0.0374,,,,,
bob,0,28676062,2104,-0.0003,0.0522,0.44,,-1.03,0.1493,0.0375,,,,,
bob,0,28676062,2105,0.0003,0.0629,0.5,,-1.0283,0.1492,0.0376,,,,,
bob,0,28676062,2106,-0.0003,0.0587,0.42,,-1.0201,0.149,0.0376,,,,,
bob,0,28676062,2107,-0.0001,0.0685,0.5,,-1.0348,0.1488,0.0378,,,,,
bob,0,28676062,2108,0.0002,0.0717,0.54,,-1.0374,0.1487,0.0379,,,,,
bob,0,28676062,2109,0.0001,0.0759,0.5599999999999999,,-1.0448,0.1485,0.0381,,,,,
bob,0,28676062,2110,0.0009,0.0734,0.52,,-1.036,0.1483,0.0382,,,,,
bob,0,28676062,2111,0.0011,0.0771,0.5599999999999999,,-1.0212,0.1482,0.0383,,,,,
bob,0,28676062,2112,0.0007,0.0469,0.38,,-1.0321,0.148,0.0384,,,,,
bob,0,28676062,2113,0.0007,0.0775,0.54,,-1.0199,0.1478,0.0384,,,,,
bob,0,28676062,2114,0.0009,0.0496,0.42,,-1.0424,0.1477,0.0384,,,,,
bob,0,28676062,2115,0.0012,0.0418,0.38,,-1.0345,0.1475,0.0383,,,,,
bob,0,28676062,2116,0.0029,0.0569,0.48,,-1.0321,0.1473,0.0383,,,,,
bob,0,28676062,2117,0.0003,0.0465,0.45999999999999996,,-1.0226,0.1472,0.0383,,,,,
bob,0,28676062,2118,0.0006,0.0508,0.42,,-1.0283,0.147,0.0384,,,,,
bob,0,28676062,2119,0.0008,0.0646,0.5,,-1.0275,0.1468,0.0384,,,,,
bob,0,28676062,2120,0.0007,0.0498,0.42,,-1.0289,0.1467,0.0385,,,,,
bob,0,28676062,2121,-0.0005,0.059,0.52,,-1.0369,0.1465,0.0386,,,,,
bob,0,28676062,2122,-0.0003,0.0585,0.48,,-1.0381,0.1463,0.0386,,,,,
bob,0,28676062,2123,0.0002,0.1048,0.72,,-1.0262,0.1462,0.0389,,,,,
bob,0,28676062,2124,0.0001,0.0617,0.48,,-1.0309,0.146,0.039,,,,,
bob,0,28676062,2125,0.0008,0.0594,0.45999999999999996,,-1.0213,0.1458,0.039,,,,,
bob,0,28676062,2126,0.0015,0.0748,0.5,,-1.034,0.1457,0.0391,,,,,
bob,0,28676062,2127,0.0024,0.094,0.66,,-1.0302,0.1455,0.0394,,,,,
bob,0,28676062,2128,-0.0004,0.0539,0.4,,-1.0362,0.1453,0.0394,,,,,
bob,0,28676062,2129,-0.0003,0.0532,0.44,,-1.0257,0.1452,0.0394,,,,,
bob,0,28676062,2130,0.0015,0.0446,0.42,,-1.019,0.145,0.0395,,,,,
bob,0,28676062,2131,0.0005,0.0489,0.45999999999999996,,-1.0139,0.1448,0.0395,,,,,
bob,0,28676062,2132,0.0022,0.093,0.62,,-1.0216,0.1447,0.0397,,,,,
bob,0,28676062,2133,0.0009,0.0848,0.58,,-1.0255,0.1445,0.0398,,,,,
bob,0,28676062,2134,0.0024,0.0606,0.45999999999999996,,-1.0262,0.1443,0.0399,,,,,
bob,0,28676062,2135,0.0002,0.0542,0.44,,-1.0249,0.1442,0.04,,,,,
bob,0,28676062,2136,0.0009,0.0616,0.52,,-1.0298,0.144,0.04,,,,,
bob,0,28676062,2137,0.0014,0.0794,0.58,,-1.0308,0.1438,0.0401,,,,,
bob,0,28676062,2138,0.0009,0.0578,0.52,,-1.0274,0.1437,0.0402,,,,,
bob,0,28676062,2139,0.001,0.0595,0.44,,-1.0196,0.1435,0.0402,,,,,
bob,0,28676062,2140,0.0009,0.0552,0.48,,-1.0192,0.1433,0.0404,,,,,
bob,0,28676062,2141,0.0013,0.0456,0.44,,-1.0227,0.1432,0.0403,,,,,
bob,0,28676062,2142,-0.0005,0.0614,0.48,,-1.0368,0.143,0.0404,,,,,
bob,0,28676062,2143,0.0003,0.0502,0.42,,-1.02,0.1428,0.0404,,,,,
bob,0,28676062,2144,0.0015,0.037,0.36,,-1.0196,0.1427,0.0404,,,,,
bob,0,28676062,2145,0.0016,0.0403,0.4,,-1.0319,0.1425,0.0404,,,,,
bob,0,28676062,2146,-0.0011,0.0668,0.5,,-1.0311,0.1423,0.0405,,,,,
bob,0,28676062,2147,0.0004,0.0398,0.36,,-1.0426,0.1422,0.0405,,,,,
bob,0,28676062,2148,0.0002,0.0622,0.52,,-1.0163,0.142,0.0406,,,,,
bob,0,28676062,2149,-0.0001,0.0493,0.4,,-1.021,0.1418,0.0406,,,,,
bob,0,28676062,2150,-0.0007,0.068,0.52,,-1.0369,0.1417,0.0407,,,,,
bob,0,28676062,2151,-0.0004,0.0648,0.52,,-1.044,0.1415,0.0407,,,,,
bob,0,28676062,2152,0.0006,0.065,0.45999999999999996,,-1.0387,0.1413,0.0408,,,,,
bob,0,28676062,2153,-0.0005,0.0743,0.5599999999999999,,-1.031,0.1412,0.0409,,,,,
bob,0,28676062,2154,0.0002,0.0715,0.54,,-1.0275,0.141,0.041,,,,,
bob,0,28676062,2155,-0.0007,0.0511,0.45999999999999996,,-1.0382,0.1408,0.041,,,,,
bob,0,28676062,2156,-0.0005,0.0786,0.62,,-1.0202,0.1407,0.0412,,,,,
bob,0,28676062,2157,0.0002,0.0603,0.44,,-1.0369,0.1405,0.0412,,,,,
bob,0,28676062,2158,-0.0007,0.0643,0.54,,-1.0222,0.1403,0.0413,,,,,
bob,0,28676062,2159,0.0004,0.0707,0.5599999999999999,,-1.0295,0.1402,0.0414,,,,,
bob,0,28676062,2160,0.0014,0.0814,0.5599999999999999,,-1.0399,0.14,0.0416,,,,,
bob,0,28676062,2161,0.0003,0.0654,0.48,,-1.0317,0.1398,0.0417,,,,,
bob,0,28676062,2162,-0.0003,0.0629,0.52,,-1.0432,0.1397,0.0418,,,,,
bob,0,28676062,2163,0.0,0.062,0.45999999999999996,,-1.0254,0.1395,0.0418,,,,,
bob,0,28676062,2164,0.0004,0.0669,0.5,,-1.0323,0.1393,0.0418,,,,,
bob,0,28676062,2165,0.0003,0.0679,0.58,,-1.0429,0.1392,0.0419,,,,,
bob,0,28676062,2166,0.0006,0.0955,0.6,,-1.0317,0.139,0.042,,,,,
bob,0,28676062,2167,-0.0003,0.0825,0.52,,-1.0203,0.1388,0.0421,,,,,
bob,0,28676062,2168,-0.0002,0.0663,0.5,,-1.035,0.1387,0.0422,,,,,
bob,0,28676062,2169,0.0006,0.0713,0.54,,-1.0191,0.1385,0.0423,,,,,
bob,0,28676062,2170,0.001,0.0704,0.45999999999999996,,-1.0174,0.1383,0.0423,,,,,
bob,0,28676062,2171,0.0001,0.0665,0.52,,-1.0404,0.1382,0.0423,,,,,
bob,0,28676062,2172,0.0007,0.0786,0.6,,-1.0227,0.138,0.0424,,,,,
bob,0,28676062,2173,0.0004,0.0896,0.64,,-1.0323,0.1378,0.0425,,,,,
bob,0,28676062,2174,0.0002,0.0522,0.4,,-1.0253,0.1377,0.0425,,,,,
bob,0,28676062,2175,0.0016,0.0651,0.48,,-1.0345,0.1375,0.0425,,,,,
bob,0,28676062,2176,-0.0002,0.0755,0.6,,-1.0364,0.1373,0.0425,,,,,
bob,0,28676062,2177,-0.0003,0.0603,0.5,,-1.0391,0.1372,0.0426,,,,,
bob,0,28676062,2178,0.0003,0.0888,0.64,,-1.031,0.137,0.0427,,,,,
bob,0,28676062,2179,0.0,0.0801,0.62,,-1.029,0.1368,0.0429,,,,,
bob,0,28676062,2180,0.0002,0.0828,0.58,,-1.0379,0.1367,0.0431,,,,,
bob,0,28676062,2181,-0.0006,0.0468,0.45999999999999996,,-1.0232,0.1365,0.0431,,,,,
bob,0,28676062,2182,0.0009,0.0603,0.48,,-1.0324,0.1363,0.0432,,,,,
bob,0,28676062,2183,-0.0005,0.0498,0.42,,-1.0286,0.1362,0.0432,,,,,
bob,0,28676062,2184,0.0006,0.0558,0.45999999999999996,,-1.0301,0.136,0.0431,,,,,
bob,0,28676062,2185,-0.0001,0.0582,0.52,,-1.0316,0.1358,0.0432,,,,,
bob,0,28676062,2186,-0.0006,0.0621,0.45999999999999996,,-1.0287,0.1357,0.0432,,,,,
bob,0,28676062,2187,-0.0011,0.0821,0.58,,-1.0275,0.1355,0.0434,,,,,
bob,0,28676062,2188,0.0001,0.0623,0.45999999999999996,,-1.0221,0.1353,0.0434,,,,,
bob,0,28676062,2189,0.0012,0.0555,0.42,,-1.0233,0.1352,0.0434,,,,,
bob,0,28676062,2190,0.0012,0.0632,0.48,,-1.0362,0.135,0.0435,,,,,
bob,0,28676062,2191,-0.0001,0.0684,0.52,,-1.0244,0.1348,0.0436,,,,,
bob,0,28676062,2192,-0.0004,0.0483,0.38,,-1.0304,0.1347,0.0436,,,,,
bob,0,28676062,2193,0.0007,0.0406,0.38,,-1.0245,0.1345,0.0435,,,,,
bob,0,28676062,2194,0.0008,0.0461,0.4,,-1.0225,0.1343,0.0435,,,,,
bob,0,28676062,2195,0.0002,0.0474,0.42,,-1.0324,0.1342,0.0435,,,,,
bob,0,28676062,2196,-0.0001,0.06,0.5,,-1.0318,0.134,0.0435,,,,,
bob,0,28676062,2197,-0.0008,0.0902,0.6,,-1.0399,0.1338,0.0437,,,,,
bob,0,28676062,2198,0.0011,0.0645,0.44,,-1.0276,0.1337,0.0437,,,,,
bob,0,28676062,2199,-0.0007,0.0634,0.5,,-1.0317,0.1335,0.0437,,,,,
bob,0,28676062,2200,-0.0014,0.0603,0.44,,-1.0284,0.1333,0.0437,,,,,
bob,0,28676062,2201,-0.0023,0.0651,0.48,,-1.0297,0.1332,0.0438,,,,,
bob,0,28676062,2202,-0.0,0.0482,0.44,,-1.0293,0.133,0.0438,,,,,
bob,0,28676062,2203,-0.0011,0.0447,0.4,,-1.0201,0.1328,0.0439,,,,,
bob,0,28676062,2204,0.0001,0.0497,0.4,,-1.0447,0.1327,0.0438,,,,,
bob,0,28676062,2205,-0.0005,0.0579,0.58,,-1.0385,0.1325,0.0438,,,,,
bob,0,28676062,2206,-0.0004,0.0824,0.5599999999999999,,-1.0319,0.1323,0.0439,,,,,
bob,0,28676062,2207,-0.0006,0.0785,0.5599999999999999,,-1.0313,0.1322,0.044,,,,,
bob,0,28676062,2208,0.0007,0.0961,0.66,,-1.0299,0.132,0.0442,,,,,
bob,0,28676062,2209,-0.0007,0.0693,0.45999999999999996,,-1.0309,0.1318,0.0442,,,,,
bob,0,28676062,2210,-0.0002,0.0602,0.44,,-1.0291,0.1317,0.0441,,,,,
bob,0,28676062,2211,0.0,0.0689,0.52,,-1.028,0.1315,0.0441,,,,,
bob,0,28676062,2212,0.0003,0.0813,0.58,,-1.0166,0.1313,0.0442,,,,,
bob,0,28676062,2213,-0.0011,0.0804,0.58,,-1.0203,0.1312,0.0444,,,,,
bob,0,28676062,2214,0.0005,0.0609,0.45999999999999996,,-1.0308,0.131,0.0444,,,,,
bob,0,28676062,2215,-0.0,0.0631,0.44,,-1.0272,0.1308,0.0444,,,,,
bob,0,28676062,2216,0.0003,0.0395,0.36,,-1.0366,0.1307,0.0443,,,,,
bob,0,28676062,2217,0.0,0.0727,0.54,,-1.0224,0.1305,0.0444,,,,,
bob,0,28676062,2218,-0.0001,0.0548,0.48,,-1.0197,0.1303,0.0444,,,,,
bob,0,28676062,2219,0.0007,0.0637,0.45999999999999996,,-1.0279,0.1302,0.0443,,,,,
bob,0,28676062,2220,-0.0003,0.056,0.45999999999999996,,-1.0272,0.13,0.0443,,,,,
bob,0,28676062,2221,0.0001,0.0645,0.48,,-1.0359,0.1298,0.0444,,,,,
bob,0,28676062,2222,-0.001,0.0648,0.45999999999999996,,-1.0201,0.1297,0.0444,,,,,
bob,0,28676062,2223,-0.0014,0.0706,0.52,,-1.0189,0.1295,0.0444,,,,,
bob,0,28676062,2224,0.0006,0.0851,0.58,,-1.026,0.1293,0.0445,,,,,
bob,0,28676062,2225,-0.0003,0.0786,0.5599999999999999,,-1.0323,0.1292,0.0446,,,,,
bob,0,28676062,2226,0.0005,0.0767,0.52,,-1.0353,0.129,0.0446,,,,,
bob,0,28676062,2227,0.0007,0.0665,0.48,,-1.0202,0.1288,0.0447,,,,,
bob,0,28676062,2228,-0.0005,0.0667,0.54,,-1.0368,0.1287,0.0447,,,,,
bob,0,28676062,2229,0.0004,0.074,0.52,,-1.028,0.1285,0.0447,,,,,
bob,0,28676062,2230,-0.0005,0.0849,0.54,,-1.0338,0.1283,0.0447,,,,,
bob,0,28676062,2231,-0.0008,0.0719,0.5599999999999999,,-1.0422,0.1282,0.0448,,,,,
bob,0,28676062,2232,-0.0007,0.0814,0.5599999999999999,,-1.0371,0.128,0.045,,,,,
bob,0,28676062,2233,-0.0001,0.0774,0.64,,-1.032,0.1278,0.0451,,,,,
bob,0,28676062,2234,0.0002,0.0805,0.52,,-1.033,0.1277,0.0451,,,,,
bob,0,28676062,2235,0.0003,0.0649,0.48,,-1.0426,0.1275,0.045,,,,,
bob,0,28676062,2236,0.0005,0.0645,0.48,,-1.0322,0.1273,0.0451,,,,,
bob,0,28676062,2237,-0.0009,0.0929,0.64,,-1.0391,0.1272,0.0453,,,,,
bob,0,28676062,2238,0.0006,0.0795,0.5599999999999999,,-1.0211,0.127,0.0454,,,,,
bob,0,28676062,2239,0.0004,0.0875,0.6,,-1.0354,0.1268,0.0455,,,,,
bob,0,28676062,2240,-0.0004,0.0635,0.5,,-1.0275,0.1267,0.0456,,,,,
bob,0,28676062,2241,-0.0001,0.0703,0.5,,-1.0363,0.1265,0.0456,,,,,
bob,0,28676062,2242,0.0002,0.0499,0.42,,-1.0353,0.1263,0.0457,,,,,
bob,0,28676062,2243,0.0018,0.0698,0.52,,-1.0217,0.1262,0.0457,,,,,
bob,0,28676062,2244,0.0001,0.0658,0.5599999999999999,,-1.0246,0.126,0.0458,,,,,
bob,0,28676062,2245,-0.0013,0.0419,0.36,,-1.0325,0.1258,0.0459,,,,,
bob,0,28676062,2246,0.0013,0.0615,0.44,,-1.0254,0.1257,0.046,,,,,
bob,0,28676062,2247,-0.0,0.0534,0.5,,-1.0347,0.1255,0.046,,,,,
bob,0,28676062,2248,-0.0006,0.0621,0.52,,-1.0252,0.1253,0.0459,,,,,
bob,0,28676062,2249,0.0003,0.0706,0.5,,-1.0156,0.1252,0.046,,,,,
bob,0,28676062,2250,-0.0007,0.07,0.52,,-1.0189,0.125,0.046,,,,,
bob,0,28676062,2251,0.0001,0.0596,0.45999999999999996,,-1.0044,0.1248,0.046,,,,,
bob,0,28676062,2252,0.0,0.0752,0.6,,-1.0293,0.1247,0.0461,,,,,
bob,0,28676062,2253,0.0006,0.0638,0.45999999999999996,,-1.0272,0.1245,0.0461,,,,,
bob,0,28676062,2254,-0.0006,0.0685,0.54,,-1.036,0.1243,0.0462,,,,,
bob,0,28676062,2255,-0.0009,0.0621,0.54,,-1.0336,0.1242,0.0462,,,,,
bob,0,28676062,2256,0.0002,0.0687,0.48,,-1.0341,0.124,0.0461,,,,,
bob,0,28676062,2257,-0.0016,0.0819,0.58,,-1.0393,0.1238,0.0462,,,,,
bob,0,28676062,2258,0.0003,0.0596,0.52,,-1.0355,0.1237,0.0463,,,,,
bob,0,28676062,2259,-0.0014,0.0809,0.5599999999999999,,-1.0297,0.1235,0.0464,,,,,
bob,0,28676062,2260,-0.0002,0.0792,0.52,,-1.0347,0.1233,0.0464,,,,,
bob,0,28676062,2261,-0.0001,0.0749,0.5599999999999999,,-1.0328,0.1232,0.0465,,,,,
bob,0,28676062,2262,0.001,0.074,0.52,,-1.0301,0.123,0.0466,,,,,
bob,0,28676062,2263,-0.0,0.076,0.5599999999999999,,-1.0273,0.1228,0.0466,,,,,
bob,0,28676062,2264,-0.0013,0.0704,0.54,,-1.0271,0.1227,0.0467,,,,,
bob,0,28676062,2265,-0.0006,0.0815,0.58,,-1.0191,0.1225,0.0468,,,,,
bob,0,28676062,2266,-0.0013,0.0829,0.58,,-1.0264,0.1223,0.0469,,,,,
bob,0,28676062,2267,-0.0,0.0756,0.52,,-1.0271,0.1222,0.047,,,,,
bob,0,28676062,2268,-0.0,0.0596,0.5,,-1.0226,0.122,0.047,,,,,
bob,0,28676062,2269,-0.0005,0.0654,0.66,,-1.0314,0.1218,0.0471,,,,,
bob,0,28676062,2270,-0.0007,0.0788,0.58,,-1.0465,0.1217,0.0473,,,,,
bob,0,28676062,2271,0.0005,0.0575,0.45999999999999996,,-1.0216,0.1215,0.0473,,,,,
bob,0,28676062,2272,0.0007,0.0759,0.6,,-1.0376,0.1213,0.0474,,,,,
bob,0,28676062,2273,0.0002,0.0762,0.6,,-1.0229,0.1212,0.0474,,,,,
bob,0,28676062,2274,0.0008,0.071,0.52,,-1.0295,0.121,0.0475,,,,,
bob,0,28676062,2275,0.0009,0.0557,0.44,,-1.036,0.1208,0.0475,,,,,
bob,0,28676062,2276,0.0001,0.0763,0.58,,-1.0333,0.1207,0.0476,,,,,
bob,0,28676062,2277,-0.0005,0.0897,0.58,,-1.0325,0.1205,0.0477,,,,,
bob,0,28676062,2278,-0.0006,0.0944,0.64,,-1.0356,0.1203,0.0477,,,,,
bob,0,28676062,2279,0.0008,0.0845,0.6,,-1.0279,0.1202,0.0477,,,,,
bob,0,28676062,2280,0.0001,0.0568,0.52,,-1.0335,0.12,0.0478,,,,,
bob,0,28676062,2281,0.0002,0.0746,0.58,,-1.052,0.1198,0.0479,,,,,
bob,0,28676062,2282,0.0009,0.0578,0.52,,-1.0424,0.1197,0.0479,,,,,
bob,0,28676062,2283,0.0009,0.0661,0.54,,-1.028,0.1195,0.0479,,,,,
bob,0,28676062,2284,0.0003,0.0725,0.48,,-1.0271,0.1193,0.0479,,,,,
bob,0,28676062,2285,-0.0005,0.0589,0.44,,-1.035,0.1192,0.0479,,,,,
bob,0,28676062,2286,-0.0007,0.0489,0.45999999999999996,,-1.0369,0.119,0.0479,,,,,
bob,0,28676062,2287,-0.0003,0.0597,0.54,,-1.0296,0.1188,0.048,,,,,
bob,0,28676062,2288,-0.0008,0.0773,0.6,,-1.0297,0.1187,0.0481,,,,,
bob,0,28676062,2289,-0.0003,0.0995,0.6799999999999999,,-1.0408,0.1185,0.0483,,,,,
bob,0,28676062,2290,-0.0009,0.0515,0.44,,-1.0187,0.1183,0.0482,,,,,
bob,0,28676062,2291,0.0007,0.0721,0.62,,-1.0232,0.1182,0.0482,,,,,
bob,0,28676062,2292,-0.001,0.0787,0.5599999999999999,,-1.0316,0.118,0.0483,,,,,
bob,0,28676062,2293,0.0003,0.072,0.54,,-1.0311,0.1178,0.0483,,,,,
bob,0,28676062,2294,-0.0008,0.0556,0.44,,-1.024,0.1177,0.0482,,,,,
bob,0,28676062,2295,0.0,0.091,0.64,,-1.0327,0.1175,0.0484,,,,,
bob,0,28676062,2296,-0.0004,0.0839,0.5599999999999999,,-1.038,0.1173,0.0484,,,,,
bob,0,28676062,2297,0.0016,0.0625,0.44,,-1.0391,0.1172,0.0484,,,,,
bob,0,28676062,2298,-0.0004,0.0704,0.52,,-1.0287,0.117,0.0485,,,,,
bob,0,28676062,2299,-0.0007,0.0891,0.66,,-1.026,0.1168,0.0487,,,,,
bob,0,28676062,2300,-0.0017,0.096,0.66,,-1.038,0.1167,0.0489,,,,,
bob,0,28676062,2301,0.0001,0.0705,0.5599999999999999,,-1.0306,0.1165,0.0489,,,,,
bob,0,28676062,2302,0.0005,0.0701,0.58,,-1.0271,0.1163,0.0489,,,,,
bob,0,28676062,2303,0.0012,0.0768,0.58,,-1.0215,0.1162,0.049,,,,,
bob,0,28676062,2304,-0.0002,0.0723,0.6,,-1.0232,0.116,0.0491,,,,,
bob,0,28676062,2305,0.0008,0.0982,0.64,,-1.0242,0.1158,0.0492,,,,,
bob,0,28676062,2306,-0.0011,0.0724,0.58,,-1.0306,0.1157,0.0493,,,,,
bob,0,28676062,2307,0.001,0.0748,0.52,,-1.0291,0.1155,0.0493,,,,,
bob,0,28676062,2308,-0.0009,0.0864,0.5599999999999999,,-1.0352,0.1153,0.0493,,,,,
bob,0,28676062,2309,-0.0006,0.1034,0.8,,-1.032,0.1152,0.0495,,,,,
bob,0,28676062,2310,0.0011,0.0712,0.52,,-1.0308,0.115,0.0494,,,,,
bob,0,28676062,2311,-0.0006,0.0635,0.48,,-1.0293,0.1148,0.0494,,,,,
bob,0,28676062,2312,0.0008,0.0736,0.58,,-1.0244,0.1147,0.0495,,,,,
bob,0,28676062,2313,0.0004,0.0584,0.52,,-1.0201,0.1145,0.0495,,,,,
bob,0,28676062,2314,0.0002,0.0733,0.5599999999999999,,-1.0137,0.1143,0.0496,,,,,
bob,0,28676062,2315,-0.001,0.0754,0.54,,-1.0365,0.1142,0.0497,,,,,
bob,0,28676062,2316,-0.0011,0.0618,0.52,,-1.03,0.114,0.0497,,,,,
bob,0,28676062,2317,-0.0007,0.0873,0.58,,-1.0225,0.1138,0.0498,,,,,
bob,0,28676062,2318,0.0002,0.0954,0.66,,-1.0296,0.1137,0.0499,,,,,
bob,0,28676062,2319,0.0,0.0653,0.48,,-1.0202,0.1135,0.0499,,,,,
bob,0,28676062,2320,-0.0005,0.0647,0.54,,-1.0277,0.1133,0.05,,,,,
bob,0,28676062,2321,0.0,0.0691,0.54,,-1.0331,0.1132,0.05,,,,,
bob,0,28676062,2322,-0.0004,0.0665,0.54,,-1.0228,0.113,0.05,,,,,
bob,0,28676062,2323,-0.0005,0.0858,0.64,,-1.0224,0.1128,0.05,,,,,
bob,0,28676062,2324,0.0001,0.0798,0.54,,-1.021,0.1127,0.05,,,,,
bob,0,28676062,2325,-0.0007,0.0832,0.62,,-1.034,0.1125,0.0501,,,,,
bob,0,28676062,2326,-0.0006,0.0736,0.5599999999999999,,-1.0487,0.1123,0.0501,,,,,
bob,0,28676062,2327,-0.0011,0.062,0.44,,-1.0306,0.1122,0.05,,,,,
bob,0,28676062,2328,-0.0009,0.0874,0.6799999999999999,,-1.0369,0.112,0.0501,,,,,
bob,0,28676062,2329,-0.0001,0.0963,0.66,,-1.0351,0.1118,0.0503,,,,,
bob,0,28676062,2330,-0.0,0.0554,0.52,,-1.037,0.1117,0.0504,,,,,
bob,0,28676062,2331,-0.0009,0.089,0.62,,-1.0358,0.1115,0.0505,,,,,
bob,0,28676062,2332,0.0005,0.0765,0.5599999999999999,,-1.0232,0.1113,0.0505,,,,,
bob,0,28676062,2333,-0.0011,0.0617,0.48,,-1.0274,0.1112,0.0504,,,,,
bob,0,28676062,2334,0.0003,0.0962,0.72,,-1.0284,0.111,0.0505,,,,,
bob,0,28676062,2335,-0.0007,0.0712,0.52,,-1.037,0.1108,0.0506,,,,,
bob,0,28676062,2336,-0.0,0.0853,0.6,,-1.0413,0.1107,0.0506,,,,,
bob,0,28676062,2337,0.0006,0.0667,0.5,,-1.0333,0.1105,0.0506,,,,,
bob,0,28676062,2338,-0.0012,0.087,0.64,,-1.0221,0.1103,0.0507,,,,,
bob,0,28676062,2339,0.0011,0.0755,0.5599999999999999,,-1.0293,0.1102,0.0507,,,,,
bob,0,28676062,2340,0.0002,0.0985,0.72,,-1.0381,0.11,0.0509,,,,,
bob,0,28676062,2341,-0.0001,0.0723,0.52,,-1.0389,0.1098,0.0509,,,,,
bob,0,28676062,2342,-0.0006,0.0777,0.62,,-1.0257,0.1097,0.051,,,,,
bob,0,28676062,2343,0.0004,0.067,0.52,,-1.0224,0.1095,0.0511,,,,,
bob,0,28676062,2344,-0.0007,0.0544,0.5599999999999999,,-1.0232,0.1093,0.0513,,,,,
bob,0,28676062,2345,-0.0002,0.0733,0.6,,-1.029,0.1092,0.0513,,,,,
bob,0,28676062,2346,-0.0001,0.0514,0.42,,-1.0225,0.109,0.0513,,,,,
bob,0,28676062,2347,-0.0001,0.0722,0.5599999999999999,,-1.0327,0.1088,0.0514,,,,,
bob,0,28676062,2348,0.0002,0.0602,0.45999999999999996,,-1.0328,0.1087,0.0513,,,,,
bob,0,28676062,2349,0.0011,0.0659,0.5,,-1.0199,0.1085,0.0514,,,,,
bob,0,28676062,2350,-0.0,0.0594,0.48,,-1.0279,0.1083,0.0514,,,,,
bob,0,28676062,2351,0.0002,0.0836,0.58,,-1.0189,0.1082,0.0514,,,,,
bob,0,28676062,2352,0.0005,0.0722,0.54,,-1.0145,0.108,0.0515,,,,,
bob,0,28676062,2353,-0.0001,0.0794,0.58,,-1.0219,0.1078,0.0515,,,,,
bob,0,28676062,2354,-0.0004,0.0585,0.52,,-1.0215,0.1077,0.0514,,,,,
bob,0,28676062,2355,-0.0007,0.0789,0.58,,-1.0307,0.1075,0.0515,,,,,
bob,0,28676062,2356,-0.0001,0.0645,0.5,,-1.0204,0.1073,0.0514,,,,,
bob,0,28676062,2357,-0.0007,0.0765,0.52,,-1.0263,0.1072,0.0515,,,,,
bob,0,28676062,2358,-0.0003,0.0618,0.5,,-1.0327,0.107,0.0515,,,,,
bob,0,28676062,2359,-0.0015,0.0742,0.5599999999999999,,-1.015,0.1068,0.0514,,,,,
bob,0,28676062,2360,-0.0003,0.0673,0.5,,-1.0223,0.1067,0.0514,,,,,
bob,0,28676062,2361,-0.0007,0.0672,0.54,,-1.0372,0.1065,0.0514,,,,,
bob,0,28676062,2362,-0.0002,0.0815,0.6,,-1.0113,0.1063,0.0515,,,,,
bob,0,28676062,2363,-0.0011,0.0761,0.5599999999999999,,-1.0228,0.1062,0.0516,,,,,
bob,0,28676062,2364,0.0005,0.0956,0.64,,-1.0189,0.106,0.0517,,,,,
bob,0,28676062,2365,-0.0003,0.0794,0.5599999999999999,,-1.0314,0.1058,0.0516,,,,,
bob,0,28676062,2366,0.0001,0.0915,0.66,,-1.0358,0.1057,0.0517,,,,,
bob,0,28676062,2367,-0.0011,0.063,0.5,,-1.0219,0.1055,0.0517,,,,,
bob,0,28676062,2368,0.0,0.0953,0.6799999999999999,,-1.0249,0.1053,0.0518,,,,,
bob,0,28676062,2369,-0.0001,0.0613,0.48,,-1.0381,0.1052,0.0518,,,,,
bob,0,28676062,2370,-0.0012,0.0583,0.45999999999999996,,-1.0297,0.105,0.0517,,,,,
bob,0,28676062,2371,-0.001,0.0589,0.5,,-1.0289,0.1048,0.0517,,,,,
bob,0,28676062,2372,-0.001,0.0713,0.52,,-1.027,0.1047,0.0516,,,,,
bob,0,28676062,2373,-0.001,0.0631,0.54,,-1.035,0.1045,0.0515,,,,,
bob,0,28676062,2374,-0.0008,0.0934,0.72,,-1.0259,0.1043,0.0517,,,,,
bob,0,28676062,2375,-0.0006,0.0838,0.64,,-1.0392,0.1042,0.0518,,,,,
bob,0,28676062,2376,-0.0003,0.0802,0.52,,-1.0239,0.104,0.0518,,,,,
bob,0,28676062,2377,0.0004,0.0831,0.72,,-1.0178,0.1038,0.0519,,,,,
bob,0,28676062,2378,-0.0012,0.0708,0.54,,-1.0226,0.1037,0.0518,,,,,
bob,0,28676062,2379,-0.0008,0.0963,0.64,,-1.0312,0.1035,0.0518,,,,,
bob,0,28676062,2380,-0.0001,0.0577,0.5,,-1.0258,0.1033,0.0517,,,,,
bob,0,28676062,2381,-0.0004,0.0806,0.6,,-1.0134,0.1032,0.0518,,,,,
bob,0,28676062,2382,-0.0004,0.087,0.66,,-1.0212,0.103,0.052,,,,,
bob,0,28676062,2383,-0.0005,0.0971,0.6799999999999999,,-1.0218,0.1028,0.0521,,,,,
bob,0,28676062,2384,-0.0008,0.0915,0.64,,-1.0302,0.1027,0.0523,,,,,
bob,0,28676062,2385,-0.0013,0.0648,0.5,,-1.0267,0.1025,0.0522,,,,,
bob,0,28676062,2386,-0.0006,0.0601,0.48,,-1.0242,0.1023,0.0523,,,,,
bob,0,28676062,2387,0.0002,0.0733,0.52,,-1.0284,0.1022,0.0522,,,,,
bob,0,28676062,2388,-0.0005,0.0473,0.42,,-1.0348,0.102,0.0522,,,,,
bob,0,28676062,2389,-0.0003,0.0517,0.4,,-1.0275,0.1018,0.0521,,,,,
bob,0,28676062,2390,-0.0001,0.0712,0.6,,-1.0363,0.1017,0.0522,,,,,
bob,0,28676062,2391,-0.0004,0.0823,0.5599999999999999,,-1.0316,0.1015,0.0523,,,,,
bob,0,28676062,2392,-0.0011,0.0981,0.62,,-1.029,0.1013,0.0525,,,,,
bob,0,28676062,2393,-0.0009,0.0732,0.5599999999999999,,-1.0221,0.1012,0.0526,,,,,
bob,0,28676062,2394,-0.0001,0.0891,0.58,,-1.0205,0.101,0.0527,,,,,
bob,0,28676062,2395,0.0,0.0861,0.6,,-1.0266,0.1008,0.0529,,,,,
bob,0,28676062,2396,-0.0004,0.0912,0.64,,-1.0366,0.1007,0.0529,,,,,
bob,0,28676062,2397,-0.0003,0.1005,0.7000000000000001,,-1.0292,0.1005,0.053,,,,,
bob,0,28676062,2398,-0.0009,0.0751,0.5599999999999999,,-1.0364,0.1003,0.0531,,,,,
bob,0,28676062,2399,0.0013,0.0914,0.64,,-1.0254,0.1002,0.0532,,,,,
bob,0,28676062,2400,0.0008,0.0836,0.58,,-1.0184,0.1,0.0533,,,,,
bob,0,28676062,2401,-0.002,0.0866,0.6799999999999999,,-1.0226,0.0998,0.0534,,,,,
bob,0,28676062,2402,-0.0017,0.0781,0.54,,-1.03,0.0997,0.0535,,,,,
bob,0,28676062,2403,-0.0006,0.0834,0.5599999999999999,,-1.0242,0.0995,0.0536,,,,,
bob,0,28676062,2404,0.0007,0.0918,0.66,,-1.0396,0.0993,0.0538,,,,,
bob,0,28676062,2405,-0.001,0.063,0.48,,-1.0285,0.0992,0.0538,,,,,
bob,0,28676062,2406,0.0002,0.091,0.64,,-1.0379,0.099,0.0538,,,,,
bob,0,28676062,2407,-0.0001,0.074,0.62,,-1.0364,0.0988,0.0538,,,,,
bob,0,28676062,2408,0.0003,0.0778,0.5599999999999999,,-1.0314,0.0987,0.0537,,,,,
bob,0,28676062,2409,-0.0003,0.0858,0.64,,-1.0238,0.0985,0.0538,,,,,
bob,0,28676062,2410,-0.0002,0.0776,0.62,,-1.0301,0.0983,0.0539,,,,,
bob,0,28676062,2411,-0.0002,0.0794,0.5599999999999999,,-1.0342,0.0982,0.0539,,,,,
bob,0,28676062,2412,0.0,0.072,0.52,,-1.033,0.098,0.0539,,,,,
bob,0,28676062,2413,-0.0008,0.114,0.7799999999999999,,-1.0265,0.0978,0.054,,,,,
bob,0,28676062,2414,-0.0011,0.0983,0.6799999999999999,,-1.033,0.0977,0.0542,,,,,
bob,0,28676062,2415,0.0003,0.0896,0.58,,-1.0328,0.0975,0.0543,,,,,
bob,0,28676062,2416,-0.0002,0.0747,0.52,,-1.0304,0.0973,0.0544,,,,,
bob,0,28676062,2417,-0.0011,0.0826,0.5599999999999999,,-1.0306,0.0972,0.0544,,,,,
bob,0,28676062,2418,-0.0003,0.0808,0.6,,-1.051,0.097,0.0545,,,,,
bob,0,28676062,2419,-0.0004,0.0844,0.64,,-1.0428,0.0968,0.0546,,,,,
bob,0,28676062,2420,0.0003,0.095,0.62,,-1.0297,0.0967,0.0548,,,,,
bob,0,28676062,2421,-0.0007,0.068,0.52,,-1.0311,0.0965,0.0548,,,,,
bob,0,28676062,2422,-0.0007,0.0673,0.44,,-1.0316,0.0963,0.0548,,,,,
bob,0,28676062,2423,-0.0013,0.0669,0.54,,-1.0278,0.0962,0.0548,,,,,
bob,0,28676062,2424,0.0,0.1004,0.74,,-1.0368,0.096,0.0549,,,,,
bob,0,28676062,2425,0.0003,0.1119,0.74,,-1.0249,0.0958,0.0551,,,,,
bob,0,28676062,2426,0.0002,0.0706,0.5,,-1.0267,0.0957,0.055,,,,,
bob,0,28676062,2427,-0.0011,0.1017,0.6799999999999999,,-1.0356,0.0955,0.0551,,,,,
bob,0,28676062,2428,-0.0013,0.1035,0.64,,-1.0246,0.0953,0.0552,,,,,
bob,0,28676062,2429,-0.0013,0.096,0.66,,-1.0439,0.0952,0.0553,,,,,
bob,0,28676062,2430,0.0008,0.0876,0.64,,-1.0198,0.095,0.0554,,,,,
bob,0,28676062,2431,-0.0001,0.1121,0.7000000000000001,,-1.0236,0.0948,0.0555,,,,,
bob,0,28676062,2432,0.0002,0.0806,0.6,,-1.0249,0.0947,0.0555,,,,,
bob,0,28676062,2433,-0.0006,0.0913,0.62,,-1.0303,0.0945,0.0555,,,,,
bob,0,28676062,2434,0.0007,0.101,0.76,,-1.0252,0.0943,0.0556,,,,,
bob,0,28676062,2435,-0.0003,0.0881,0.6799999999999999,,-1.0289,0.0942,0.0558,,,,,
bob,0,28676062,2436,-0.0007,0.0916,0.62,,-1.0329,0.094,0.0559,,,,,
bob,0,28676062,2437,0.0,0.0867,0.64,,-1.0305,0.0938,0.0559,,,,,
bob,0,28676062,2438,-0.0005,0.0664,0.5,,-1.0252,0.0937,0.0558,,,,,
bob,0,28676062,2439,0.0006,0.0747,0.6,,-1.0372,0.0935,0.0558,,,,,
bob,0,28676062,2440,0.0007,0.082,0.58,,-1.0328,0.0933,0.0559,,,,,
bob,0,28676062,2441,-0.0003,0.0778,0.5599999999999999,,-1.0323,0.0932,0.0559,,,,,
bob,0,28676062,2442,-0.0004,0.0842,0.62,,-1.0335,0.093,0.0561,,,,,
bob,0,28676062,2443,0.0005,0.0932,0.5599999999999999,,-1.0278,0.0928,0.0561,,,,,
bob,0,28676062,2444,-0.0,0.0547,0.45999999999999996,,-1.0413,0.0927,0.056,,,,,
bob,0,28676062,2445,-0.0001,0.0816,0.58,,-1.0261,0.0925,0.0562,,,,,
bob,0,28676062,2446,-0.001,0.0927,0.64,,-1.025,0.0923,0.0563,,,,,
bob,0,28676062,2447,-0.0008,0.1156,0.7000000000000001,,-1.0276,0.0922,0.0565,,,,,
bob,0,28676062,2448,-0.0001,0.086,0.62,,-1.0344,0.092,0.0565,,,,,
bob,0,28676062,2449,-0.0003,0.0903,0.64,,-1.0283,0.0918,0.0566,,,,,
bob,0,28676062,2450,0.0004,0.0983,0.66,,-1.0164,0.0917,0.0567,,,,,
bob,0,28676062,2451,-0.0025,0.0744,0.54,,-1.0326,0.0915,0.0568,,,,,
bob,0,28676062,2452,-0.0002,0.0854,0.64,,-1.0228,0.0913,0.0568,,,,,
bob,0,28676062,2453,0.0005,0.0849,0.5599999999999999,,-1.0301,0.0912,0.0569,,,,,
bob,0,28676062,2454,-0.0009,0.0861,0.64,,-1.0236,0.091,0.0569,,,,,
bob,0,28676062,2455,0.0001,0.0897,0.62,,-1.0315,0.0908,0.057,,,,,
bob,0,28676062,2456,-0.0004,0.0852,0.62,,-1.0167,0.0907,0.0571,,,,,
bob,0,28676062,2457,-0.0009,0.099,0.7000000000000001,,-1.0306,0.0905,0.0572,,,,,
bob,0,28676062,2458,-0.0001,0.0892,0.6,,-1.0212,0.0903,0.0572,,,,,
bob,0,28676062,2459,-0.0014,0.0856,0.58,,-1.0342,0.0902,0.0572,,,,,
bob,0,28676062,2460,-0.001,0.0991,0.74,,-1.0327,0.09,0.0574,,,,,
bob,0,28676062,2461,-0.0003,0.0939,0.7000000000000001,,-1.0397,0.0898,0.0575,,,,,
bob,0,28676062,2462,-0.0009,0.085,0.58,,-1.0311,0.0897,0.0575,,,,,
bob,0,28676062,2463,-0.0007,0.0814,0.5599999999999999,,-1.0272,0.0895,0.0575,,,,,
bob,0,28676062,2464,-0.0004,0.0771,0.5599999999999999,,-1.0377,0.0893,0.0575,,,,,
bob,0,28676062,2465,-0.0018,0.0724,0.52,,-1.0295,0.0892,0.0574,,,,,
bob,0,28676062,2466,-0.0008,0.0866,0.58,,-1.0426,0.089,0.0574,,,,,
bob,0,28676062,2467,-0.0001,0.0706,0.54,,-1.0405,0.0888,0.0574,,,,,
bob,0,28676062,2468,-0.0004,0.0834,0.58,,-1.0425,0.0887,0.0575,,,,,
bob,0,28676062,2469,-0.0006,0.0671,0.5,,-1.0299,0.0885,0.0573,,,,,
bob,0,28676062,2470,-0.0003,0.0536,0.44,,-1.0329,0.0883,0.0572,,,,,
bob,0,28676062,2471,0.0003,0.0746,0.5599999999999999,,-1.0242,0.0882,0.0573,,,,,
bob,0,28676062,2472,0.0001,0.0766,0.6,,-1.0282,0.088,0.0573,,,,,
bob,0,28676062,2473,-0.0002,0.1019,0.7000000000000001,,-1.0279,0.0878,0.0573,,,,,
bob,0,28676062,2474,0.0003,0.1079,0.72,,-1.031,0.0877,0.0575,,,,,
bob,0,28676062,2475,-0.0002,0.0711,0.52,,-1.026,0.0875,0.0575,,,,,
bob,0,28676062,2476,0.0003,0.0813,0.7000000000000001,,-1.0252,0.0873,0.0576,,,,,
bob,0,28676062,2477,0.0,0.0705,0.5,,-1.0448,0.0872,0.0575,,,,,
bob,0,28676062,2478,-0.0001,0.0876,0.6,,-1.0286,0.087,0.0575,,,,,
bob,0,28676062,2479,-0.0,0.0893,0.64,,-1.0314,0.0868,0.0575,,,,,
bob,0,28676062,2480,0.0006,0.1108,0.72,,-1.0294,0.0867,0.0576,,,,,
bob,0,28676062,2481,-0.001,0.1019,0.72,,-1.0218,0.0865,0.0577,,,,,
bob,0,28676062,2482,0.0002,0.09,0.6799999999999999,,-1.0376,0.0863,0.0578,,,,,
bob,0,28676062,2483,-0.001,0.0881,0.6,,-1.0143,0.0862,0.0578,,,,,
bob,0,28676062,2484,-0.0003,0.0931,0.74,,-1.0222,0.086,0.058,,,,,
bob,0,28676062,2485,-0.0007,0.1101,0.6799999999999999,,-1.0401,0.0858,0.0582,,,,,
bob,0,28676062,2486,-0.0003,0.0921,0.64,,-1.0381,0.0857,0.0583,,,,,
bob,0,28676062,2487,-0.0007,0.1112,0.7000000000000001,,-1.0226,0.0855,0.0584,,,,,
bob,0,28676062,2488,-0.0006,0.0963,0.64,,-1.0241,0.0853,0.0585,,,,,
bob,0,28676062,2489,-0.0001,0.0785,0.58,,-1.0291,0.0852,0.0584,,,,,
bob,0,28676062,2490,-0.0002,0.0688,0.5,,-1.0149,0.085,0.0585,,,,,
bob,0,28676062,2491,-0.002,0.0934,0.64,,-1.0349,0.0848,0.0585,,,,,
bob,0,28676062,2492,-0.0002,0.0818,0.5599999999999999,,-1.0203,0.0847,0.0585,,,,,
bob,0,28676062,2493,-0.0008,0.0779,0.58,,-1.0463,0.0845,0.0585,,,,,
bob,0,28676062,2494,0.0008,0.0927,0.62,,-1.0221,0.0843,0.0586,,,,,
bob,0,28676062,2495,-0.0012,0.0837,0.54,,-1.0342,0.0842,0.0586,,,,,
bob,0,28676062,2496,-0.001,0.0862,0.5599999999999999,,-1.0321,0.084,0.0585,,,,,
bob,0,28676062,2497,0.0003,0.0863,0.5599999999999999,,-1.0181,0.0838,0.0586,,,,,
bob,0,28676062,2498,0.0,0.0711,0.6,,-1.0277,0.0837,0.0587,,,,,
bob,0,28676062,2499,-0.0013,0.1035,0.72,,-1.0287,0.0835,0.0587,,,,,
bob,0,28676062,2500,0.0009,0.0942,0.6799999999999999,,-1.0303,0.0833,0.0587,,,,,
bob,0,28676062,2501,-0.0003,0.1092,0.74,,-1.031,0.0832,0.0588,,,,,
bob,0,28676062,2502,0.0002,0.0804,0.52,,-1.0342,0.083,0.0588,,,,,
bob,0,28676062,2503,-0.0015,0.0857,0.6,,-1.0254,0.0828,0.0588,,,,,
bob,0,28676062,2504,0.0,0.089,0.6,,-1.0223,0.0827,0.0588,,,,,
bob,0,28676062,2505,-0.0004,0.077,0.54,,-1.032,0.0825,0.0587,,,,,
bob,0,28676062,2506,0.0005,0.1224,0.72,,-1.0219,0.0823,0.0588,,,,,
bob,0,28676062,2507,0.0,0.0994,0.6799999999999999,,-1.0241,0.0822,0.0589,,,,,
bob,0,28676062,2508,-0.0011,0.0986,0.6799999999999999,,-1.0271,0.082,0.059,,,,,
bob,0,28676062,2509,-0.0005,0.0841,0.6,,-1.0356,0.0818,0.0589,,,,,
bob,0,28676062,2510,0.0003,0.0842,0.5599999999999999,,-1.0305,0.0817,0.0589,,,,,
bob,0,28676062,2511,-0.001,0.1085,0.74,,-1.0216,0.0815,0.0591,,,,,
bob,0,28676062,2512,-0.0014,0.0958,0.7000000000000001,,-1.022,0.0813,0.0592,,,,,
bob,0,28676062,2513,0.0,0.0746,0.58,,-1.0179,0.0812,0.0592,,,,,
bob,0,28676062,2514,-0.0007,0.0692,0.54,,-1.0383,0.081,0.0591,,,,,
bob,0,28676062,2515,0.0004,0.0746,0.58,,-1.0286,0.0808,0.0591,,,,,
bob,0,28676062,2516,-0.0003,0.0995,0.7000000000000001,,-1.0215,0.0807,0.0592,,,,,
bob,0,28676062,2517,-0.0002,0.1037,0.6799999999999999,,-1.0315,0.0805,0.0593,,,,,
bob,0,28676062,2518,0.0005,0.0923,0.6799999999999999,,-1.0322,0.0803,0.0593,,,,,
bob,0,28676062,2519,-0.0007,0.109,0.7000000000000001,,-1.0231,0.0802,0.0594,,,,,
bob,0,28676062,2520,0.0,0.084,0.62,,-1.0255,0.08,0.0595,,,,,
bob,0,28676062,2521,-0.0013,0.0488,0.4,,-1.0202,0.0798,0.0594,,,,,
bob,0,28676062,2522,-0.0003,0.082,0.6,,-1.0272,0.0797,0.0594,,,,,
bob,0,28676062,2523,0.0001,0.1021,0.76,,-1.0315,0.0795,0.0595,,,,,
bob,0,28676062,2524,-0.0003,0.0895,0.58,,-1.027,0.0793,0.0595,,,,,
bob,0,28676062,2525,-0.0009,0.0796,0.62,,-1.0167,0.0792,0.0595,,,,,
bob,0,28676062,2526,-0.0002,0.1122,0.74,,-1.0325,0.079,0.0596,,,,,
bob,0,28676062,2527,0.0007,0.0832,0.5599999999999999,,-1.0267,0.0788,0.0597,,,,,
bob,0,28676062,2528,-0.0004,0.091,0.66,,-1.0239,0.0787,0.0597,,,,,
bob,0,28676062,2529,-0.0009,0.0694,0.48,,-1.0403,0.0785,0.0595,,,,,
bob,0,28676062,2530,-0.0003,0.0871,0.64,,-1.0447,0.0783,0.0596,,,,,
bob,0,28676062,2531,-0.0003,0.088,0.62,,-1.03,0.0782,0.0596,,,,,
bob,0,28676062,2532,0.0001,0.0761,0.52,,-1.041,0.078,0.0595,,,,,
bob,0,28676062,2533,0.0003,0.071,0.5,,-1.0261,0.0778,0.0595,,,,,
bob,0,28676062,2534,-0.0005,0.0848,0.7000000000000001,,-1.0239,0.0777,0.0595,,,,,
bob,0,28676062,2535,-0.0003,0.0812,0.5599999999999999,,-1.0282,0.0775,0.0595,,,,,
bob,0,28676062,2536,-0.0005,0.1034,0.76,,-1.0342,0.0773,0.0596,,,,,
bob,0,28676062,2537,0.0013,0.0887,0.6799999999999999,,-1.0204,0.0772,0.0597,,,,,
bob,0,28676062,2538,-0.0006,0.0961,0.74,,-1.0394,0.077,0.0598,,,,,
bob,0,28676062,2539,-0.0006,0.0628,0.45999999999999996,,-1.0337,0.0768,0.0597,,,,,
bob,0,28676062,2540,-0.0007,0.0759,0.5599999999999999,,-1.0208,0.0767,0.0596,,,,,
bob,0,28676062,2541,-0.001,0.1147,0.7799999999999999,,-1.0204,0.0765,0.0598,,,,,
bob,0,28676062,2542,-0.0008,0.0765,0.54,,-1.0328,0.0763,0.0597,,,,,
bob,0,28676062,2543,0.0003,0.0845,0.66,,-1.0218,0.0762,0.0598,,,,,
bob,0,28676062,2544,-0.0,0.0904,0.64,,-1.0251,0.076,0.0599,,,,,
bob,0,28676062,2545,-0.0002,0.0674,0.52,,-1.0289,0.0758,0.0598,,,,,
bob,0,28676062,2546,-0.0008,0.0772,0.6,,-1.0299,0.0757,0.0599,,,,,
bob,0,28676062,2547,-0.0007,0.0842,0.58,,-1.0356,0.0755,0.0599,,,,,
bob,0,28676062,2548,0.0002,0.0941,0.6799999999999999,,-1.0209,0.0753,0.0601,,,,,
bob,0,28676062,2549,-0.0009,0.0943,0.62,,-1.0217,0.0752,0.0602,,,,,
bob,0,28676062,2550,-0.0016,0.1022,0.74,,-1.0244,0.075,0.0603,,,,,
bob,0,28676062,2551,0.0,0.1206,0.8200000000000001,,-1.025,0.0748,0.0604,,,,,
bob,0,28676062,2552,-0.001,0.1047,0.72,,-1.0252,0.0747,0.0606,,,,,
bob,0,28676062,2553,-0.0006,0.0741,0.58,,-1.0327,0.0745,0.0605,,,,,
bob,0,28676062,2554,-0.0,0.0691,0.5,,-1.0226,0.0743,0.0605,,,,,
bob,0,28676062,2555,-0.0006,0.0794,0.6,,-1.027,0.0742,0.0605,,,,,
bob,0,28676062,2556,0.0,0.1199,0.7799999999999999,,-1.024,0.074,0.0607,,,,,
bob,0,28676062,2557,-0.0,0.1,0.76,,-1.0324,0.0738,0.0609,,,,,
bob,0,28676062,2558,-0.0009,0.079,0.6799999999999999,,-1.0343,0.0737,0.061,,,,,
bob,0,28676062,2559,-0.0009,0.1026,0.7000000000000001,,-1.0438,0.0735,0.0611,,,,,
bob,0,28676062,2560,-0.0,0.1196,0.8200000000000001,,-1.0409,0.0733,0.0613,,,,,
bob,0,28676062,2561,0.0002,0.1005,0.66,,-1.0246,0.0732,0.0614,,,,,
bob,0,28676062,2562,-0.0003,0.1091,0.6799999999999999,,-1.0251,0.073,0.0614,,,,,
bob,0,28676062,2563,-0.0002,0.0682,0.54,,-1.0201,0.0728,0.0614,,,,,
bob,0,28676062,2564,-0.0004,0.0907,0.7000000000000001,,-1.0205,0.0727,0.0614,,,,,
bob,0,28676062,2565,-0.0001,0.1,0.74,,-1.023,0.0725,0.0616,,,,,
bob,0,28676062,2566,-0.0016,0.0832,0.6,,-1.0274,0.0723,0.0615,,,,,
bob,0,28676062,2567,-0.0008,0.0842,0.6,,-1.0237,0.0722,0.0615,,,,,
bob,0,28676062,2568,-0.0002,0.1073,0.72,,-1.0379,0.072,0.0615,,,,,
bob,0,28676062,2569,-0.001,0.1023,0.64,,-1.0168,0.0718,0.0616,,,,,
bob,0,28676062,2570,-0.0005,0.0893,0.6799999999999999,,-1.0358,0.0717,0.0618,,,,,
bob,0,28676062,2571,0.0,0.1043,0.76,,-1.0328,0.0715,0.062,,,,,
bob,0,28676062,2572,-0.0007,0.1027,0.6799999999999999,,-1.0237,0.0713,0.0621,,,,,
bob,0,28676062,2573,-0.0009,0.1101,0.74,,-1.038,0.0712,0.0622,,,,,
bob,0,28676062,2574,-0.0004,0.1104,0.72,,-1.0224,0.071,0.0622,,,,,
bob,0,28676062,2575,0.0002,0.1016,0.6799999999999999,,-1.0381,0.0708,0.0623,,,,,
bob,0,28676062,2576,0.0,0.1137,0.6799999999999999,,-1.0312,0.0707,0.0623,,,,,
bob,0,28676062,2577,-0.0002,0.0724,0.54,,-1.036,0.0705,0.0622,,,,,
bob,0,28676062,2578,-0.0002,0.1115,0.8200000000000001,,-1.0233,0.0703,0.0624,,,,,
bob,0,28676062,2579,-0.0016,0.111,0.7799999999999999,,-1.022,0.0702,0.0625,,,,,
bob,0,28676062,2580,-0.0011,0.0957,0.62,,-1.0446,0.07,0.0626,,,,,
bob,0,28676062,2581,-0.0005,0.1135,0.6799999999999999,,-1.018,0.0698,0.0626,,,,,
bob,0,28676062,2582,-0.0013,0.1053,0.72,,-1.0213,0.0697,0.0626,,,,,
bob,0,28676062,2583,-0.0003,0.1007,0.72,,-1.0277,0.0695,0.0626,,,,,
bob,0,28676062,2584,-0.0007,0.0879,0.64,,-1.0426,0.0693,0.0626,,,,,
bob,0,28676062,2585,-0.0005,0.0986,0.64,,-1.0206,0.0692,0.0627,,,,,
bob,0,28676062,2586,-0.001,0.0908,0.64,,-1.039,0.069,0.0628,,,,,
bob,0,28676062,2587,-0.0005,0.1006,0.72,,-1.0272,0.0688,0.063,,,,,
bob,0,28676062,2588,-0.0016,0.077,0.6,,-1.0309,0.0687,0.0631,,,,,
bob,0,28676062,2589,-0.0015,0.0846,0.6799999999999999,,-1.0213,0.0685,0.0633,,,,,
bob,0,28676062,2590,-0.0012,0.0718,0.45999999999999996,,-1.0329,0.0683,0.0632,,,,,
bob,0,28676062,2591,0.0006,0.0799,0.64,,-1.0347,0.0682,0.0632,,,,,
bob,0,28676062,2592,-0.0018,0.1103,0.6799999999999999,,-1.0383,0.068,0.0632,,,,,
bob,0,28676062,2593,-0.0001,0.1189,0.84,,-1.0406,0.0678,0.0634,,,,,
bob,0,28676062,2594,-0.0025,0.1159,0.72,,-1.0421,0.0677,0.0635,,,,,
bob,0,28676062,2595,-0.0013,0.1058,0.7000000000000001,,-1.0322,0.0675,0.0636,,,,,
bob,0,28676062,2596,-0.0008,0.0948,0.6799999999999999,,-1.0354,0.0673,0.0636,,,,,
bob,0,28676062,2597,-0.0,0.0862,0.6,,-1.0248,0.0672,0.0635,,,,,
bob,0,28676062,2598,-0.0013,0.0773,0.64,,-1.0321,0.067,0.0636,,,,,
bob,0,28676062,2599,-0.0003,0.0967,0.58,,-1.0232,0.0668,0.0635,,,,,
bob,0,28676062,2600,0.0003,0.1019,0.72,,-1.0279,0.0667,0.0636,,,,,
bob,0,28676062,2601,-0.0016,0.0874,0.58,,-1.0236,0.0665,0.0635,,,,,
bob,0,28676062,2602,-0.0009,0.0988,0.7000000000000001,,-1.0241,0.0663,0.0636,,,,,
bob,0,28676062,2603,-0.0003,0.108,0.72,,-1.0318,0.0662,0.0637,,,,,
bob,0,28676062,2604,-0.001,0.1054,0.7000000000000001,,-1.0339,0.066,0.0638,,,,,
bob,0,28676062,2605,-0.0006,0.096,0.66,,-1.0257,0.0658,0.0639,,,,,
bob,0,28676062,2606,-0.0005,0.1195,0.74,,-1.0269,0.0657,0.064,,,,,
bob,0,28676062,2607,-0.0011,0.0868,0.64,,-1.0245,0.0655,0.064,,,,,
bob,0,28676062,2608,0.0006,0.1096,0.7799999999999999,,-1.0349,0.0653,0.0641,,,,,
bob,0,28676062,2609,-0.0006,0.1184,0.74,,-1.0354,0.0652,0.0642,,,,,
bob,0,28676062,2610,-0.0009,0.1002,0.7000000000000001,,-1.0297,0.065,0.0643,,,,,
bob,0,28676062,2611,-0.0009,0.1307,0.84,,-1.0409,0.0648,0.0645,,,,,
bob,0,28676062,2612,-0.0008,0.1187,0.7799999999999999,,-1.037,0.0647,0.0647,,,,,
bob,0,28676062,2613,-0.0013,0.0803,0.64,,-1.0256,0.0645,0.0645,,,,,
bob,0,28676062,2614,-0.0014,0.1027,0.66,,-1.0362,0.0643,0.0645,,,,,
bob,0,28676062,2615,-0.0003,0.1062,0.6799999999999999,,-1.0259,0.0642,0.0645,,,,,
bob,0,28676062,2616,0.0004,0.1174,0.7000000000000001,,-1.0304,0.064,0.0647,,,,,
bob,0,28676062,2617,-0.0004,0.0948,0.62,,-1.033,0.0638,0.0647,,,,,
bob,0,28676062,2618,-0.0009,0.091,0.62,,-1.0244,0.0637,0.0647,,,,,
bob,0,28676062,2619,-0.0003,0.129,0.8200000000000001,,-1.0291,0.0635,0.0649,,,,,
bob,0,28676062,2620,-0.0008,0.1211,0.76,,-1.0296,0.0633,0.065,,,,,
bob,0,28676062,2621,-0.0006,0.0941,0.6799999999999999,,-1.0336,0.0632,0.0651,,,,,
bob,0,28676062,2622,-0.0006,0.0925,0.64,,-1.028,0.063,0.0652,,,,,
bob,0,28676062,2623,-0.0,0.119,0.72,,-1.0317,0.0628,0.0653,,,,,
bob,0,28676062,2624,-0.0003,0.1036,0.74,,-1.0327,0.0627,0.0653,,,,,
bob,0,28676062,2625,-0.0006,0.104,0.6799999999999999,,-1.03,0.0625,0.0652,,,,,
bob,0,28676062,2626,0.0002,0.1062,0.74,,-1.0325,0.0623,0.0654,,,,,
bob,0,28676062,2627,-0.0007,0.1067,0.6799999999999999,,-1.0243,0.0622,0.0654,,,,,
bob,0,28676062,2628,0.0006,0.1222,0.8,,-1.029,0.062,0.0655,,,,,
bob,0,28676062,2629,-0.0005,0.1228,0.7799999999999999,,-1.0319,0.0618,0.0656,,,,,
bob,0,28676062,2630,-0.002,0.0908,0.58,,-1.0149,0.0617,0.0655,,,,,
bob,0,28676062,2631,-0.0007,0.0934,0.64,,-1.0282,0.0615,0.0655,,,,,
bob,0,28676062,2632,0.001,0.0933,0.7000000000000001,,-1.0321,0.0613,0.0655,,,,,
bob,0,28676062,2633,-0.0006,0.1072,0.66,,-1.033,0.0612,0.0656,,,,,
bob,0,28676062,2634,-0.0003,0.1286,0.84,,-1.0241,0.061,0.0657,,,,,
bob,0,28676062,2635,-0.0001,0.091,0.66,,-1.0231,0.0608,0.0656,,,,,
bob,0,28676062,2636,0.0003,0.1159,0.7000000000000001,,-1.0468,0.0607,0.0657,,,,,
bob,0,28676062,2637,-0.0005,0.1008,0.6799999999999999,,-1.0232,0.0605,0.0657,,,,,
bob,0,28676062,2638,-0.0003,0.1084,0.66,,-1.0174,0.0603,0.0658,,,,,
bob,0,28676062,2639,-0.0001,0.0783,0.5599999999999999,,-1.0289,0.0602,0.0658,,,,,
bob,0,28676062,2640,0.0004,0.1067,0.72,,-1.0266,0.06,0.0659,,,,,
bob,0,28676062,2641,-0.0008,0.0973,0.6,,-1.0165,0.0598,0.0659,,,,,
bob,0,28676062,2642,0.0006,0.1024,0.6799999999999999,,-1.0207,0.0597,0.0659,,,,,
bob,0,28676062,2643,0.0012,0.1287,0.8,,-1.0281,0.0595,0.0661,,,,,
bob,0,28676062,2644,-0.0005,0.1076,0.76,,-1.0312,0.0593,0.0663,,,,,
bob,0,28676062,2645,-0.0013,0.0913,0.64,,-1.0256,0.0592,0.0663,,,,,
bob,0,28676062,2646,-0.0003,0.0858,0.58,,-1.0163,0.059,0.0662,,,,,
bob,0,28676062,2647,-0.0005,0.094,0.72,,-1.0303,0.0588,0.0662,,,,,
bob,0,28676062,2648,0.0001,0.1221,0.8200000000000001,,-1.0124,0.0587,0.0663,,,,,
bob,0,28676062,2649,-0.0013,0.1215,0.8200000000000001,,-1.0217,0.0585,0.0665,,,,,
bob,0,28676062,2650,-0.0011,0.1061,0.74,,-1.0233,0.0583,0.0665,,,,,
bob,0,28676062,2651,0.0007,0.1079,0.7000000000000001,,-1.0161,0.0582,0.0666,,,,,
bob,0,28676062,2652,0.0013,0.0847,0.6,,-1.0129,0.058,0.0666,,,,,
bob,0,28676062,2653,-0.0015,0.102,0.74,,-1.0095,0.0578,0.0667,,,,,
bob,0,28676062,2654,-0.0013,0.1253,0.76,,-1.0136,0.0577,0.0668,,,,,
bob,0,28676062,2655,0.0002,0.1206,0.7799999999999999,,-1.0206,0.0575,0.0669,,,,,
bob,0,28676062,2656,-0.0008,0.0857,0.66,,-1.0199,0.0573,0.0669,,,,,
bob,0,28676062,2657,-0.0007,0.0929,0.6799999999999999,,-1.0133,0.0572,0.0669,,,,,
bob,0,28676062,2658,-0.0006,0.1055,0.72,,-1.0231,0.057,0.067,,,,,
bob,0,28676062,2659,0.0006,0.1219,0.84,,-1.0204,0.0568,0.0671,,,,,
bob,0,28676062,2660,-0.0,0.1127,0.7799999999999999,,-1.0238,0.0567,0.0671,,,,,
bob,0,28676062,2661,-0.0002,0.0991,0.6799999999999999,,-1.0292,0.0565,0.0671,,,,,
bob,0,28676062,2662,0.0001,0.1104,0.74,,-1.0285,0.0563,0.0672,,,,,
bob,0,28676062,2663,-0.0009,0.1047,0.66,,-1.0345,0.0562,0.0673,,,,,
bob,0,28676062,2664,-0.0013,0.1166,0.74,,-1.0256,0.056,0.0674,,,,,
bob,0,28676062,2665,0.0001,0.1306,0.86,,-1.0204,0.0558,0.0677,,,,,
bob,0,28676062,2666,-0.0011,0.1171,0.76,,-1.0291,0.0557,0.0678,,,,,
bob,0,28676062,2667,-0.001,0.1077,0.66,,-1.0347,0.0555,0.0679,,,,,
bob,0,28676062,2668,-0.0008,0.1319,0.8200000000000001,,-1.0261,0.0553,0.0681,,,,,
bob,0,28676062,2669,-0.0017,0.103,0.66,,-1.0228,0.0552,0.0682,,,,,
bob,0,28676062,2670,-0.0012,0.1006,0.6799999999999999,,-1.0351,0.055,0.0684,,,,,
bob,0,28676062,2671,0.001,0.1063,0.72,,-1.036,0.0548,0.0685,,,,,
bob,0,28676062,2672,-0.0004,0.0814,0.62,,-1.0213,0.0547,0.0685,,,,,
bob,0,28676062,2673,-0.0002,0.0876,0.64,,-1.0113,0.0545,0.0684,,,,,
bob,0,28676062,2674,-0.001,0.104,0.72,,-1.0246,0.0543,0.0684,,,,,
bob,0,28676062,2675,-0.0008,0.0916,0.66,,-1.0341,0.0542,0.0685,,,,,
bob,0,28676062,2676,-0.0005,0.1209,0.84,,-1.0246,0.054,0.0686,,,,,
bob,0,28676062,2677,-0.0007,0.1012,0.6799999999999999,,-1.0247,0.0538,0.0687,,,,,
bob,0,28676062,2678,0.0001,0.1265,0.8,,-1.023,0.0537,0.0689,,,,,
bob,0,28676062,2679,-0.0004,0.1076,0.6799999999999999,,-1.0182,0.0535,0.0689,,,,,
bob,0,28676062,2680,-0.0016,0.1264,0.7799999999999999,,-1.0261,0.0533,0.0689,,,,,
bob,0,28676062,2681,0.0002,0.1217,0.8,,-1.0251,0.0532,0.069,,,,,
bob,0,28676062,2682,0.0006,0.0963,0.66,,-1.0313,0.053,0.069,,,,,
bob,0,28676062,2683,-0.0001,0.0978,0.64,,-1.0221,0.0528,0.069,,,,,
bob,0,28676062,2684,-0.0003,0.0876,0.58,,-1.0314,0.0527,0.0689,,,,,
bob,0,28676062,2685,-0.0002,0.0951,0.7000000000000001,,-1.0335,0.0525,0.0689,,,,,
bob,0,28676062,2686,0.0005,0.1123,0.76,,-1.0388,0.0523,0.069,,,,,
bob,0,28676062,2687,-0.0014,0.099,0.66,,-1.0391,0.0522,0.0689,,,,,
bob,0,28676062,2688,-0.0007,0.1053,0.72,,-1.0271,0.052,0.069,,,,,
bob,0,28676062,2689,-0.0006,0.1053,0.7000000000000001,,-1.0418,0.0518,0.069,,,,,
bob,0,28676062,2690,-0.0006,0.1281,0.6799999999999999,,-1.0479,0.0517,0.0691,,,,,
bob,0,28676062,2691,0.0002,0.1002,0.74,,-1.038,0.0515,0.0692,,,,,
bob,0,28676062,2692,-0.0003,0.0941,0.72,,-1.0348,0.0513,0.0693,,,,,
bob,0,28676062,2693,-0.0006,0.0907,0.6799999999999999,,-1.0295,0.0512,0.0694,,,,,
bob,0,28676062,2694,-0.0004,0.0943,0.7000000000000001,,-1.0323,0.051,0.0694,,,,,
bob,0,28676062,2695,-0.0009,0.1012,0.7000000000000001,,-1.0296,0.0508,0.0695,,,,,
bob,0,28676062,2696,-0.0008,0.1068,0.72,,-1.0295,0.0507,0.0696,,,,,
bob,0,28676062,2697,-0.0005,0.1094,0.6799999999999999,,-1.0198,0.0505,0.0697,,,,,
bob,0,28676062,2698,-0.0004,0.1087,0.7000000000000001,,-1.0199,0.0503,0.0698,,,,,
bob,0,28676062,2699,-0.0006,0.1077,0.72,,-1.0239,0.0502,0.0698,,,,,
bob,0,28676062,2700,-0.0019,0.1115,0.76,,-1.016,0.05,0.0698,,,,,
bob,0,28676062,2701,-0.0004,0.1154,0.7799999999999999,,-1.0148,0.0498,0.0698,,,,,
bob,0,28676062,2702,-0.0015,0.1249,0.7799999999999999,,-1.0303,0.0497,0.07,,,,,
bob,0,28676062,2703,-0.0016,0.1394,0.88,,-1.014,0.0495,0.0702,,,,,
bob,0,28676062,2704,-0.0,0.0985,0.6799999999999999,,-1.0285,0.0493,0.0703,,,,,
bob,0,28676062,2705,-0.0015,0.1072,0.72,,-1.0325,0.0492,0.0704,,,,,
bob,0,28676062,2706,-0.0008,0.1369,0.86,,-1.0157,0.049,0.0705,,,,,
bob,0,28676062,2707,-0.0009,0.1222,0.8200000000000001,,-1.0237,0.0488,0.0706,,,,,
bob,0,28676062,2708,0.001,0.0918,0.66,,-1.0172,0.0487,0.0706,,,,,
bob,0,28676062,2709,0.0002,0.1055,0.62,,-1.0224,0.0485,0.0706,,,,,
bob,0,28676062,2710,0.0014,0.1085,0.76,,-1.0269,0.0483,0.0708,,,,,
bob,0,28676062,2711,0.0002,0.1019,0.7000000000000001,,-1.037,0.0482,0.0707,,,,,
bob,0,28676062,2712,-0.0006,0.1072,0.72,,-1.049,0.048,0.0707,,,,,
bob,0,28676062,2713,-0.0014,0.09,0.66,,-1.0323,0.0478,0.0708,,,,,
bob,0,28676062,2714,-0.0002,0.1231,0.74,,-1.0304,0.0477,0.0709,,,,,
bob,0,28676062,2715,-0.0006,0.1067,0.72,,-1.0227,0.0475,0.0711,,,,,
bob,0,28676062,2716,-0.0002,0.1294,0.8200000000000001,,-1.0219,0.0473,0.0712,,,,,
bob,0,28676062,2717,0.001,0.118,0.7799999999999999,,-1.0141,0.0472,0.0712,,,,,
bob,0,28676062,2718,-0.0017,0.0911,0.64,,-1.032,0.047,0.0712,,,,,
bob,0,28676062,2719,-0.002,0.1402,0.8999999999999999,,-1.0402,0.0468,0.0714,,,,,
bob,0,28676062,2720,-0.0005,0.1158,0.74,,-1.032,0.0467,0.0714,,,,,
bob,0,28676062,2721,-0.0016,0.1097,0.6799999999999999,,-1.0246,0.0465,0.0717,,,,,
bob,0,28676062,2722,-0.0002,0.1111,0.66,,-1.028,0.0463,0.0717,,,,,
bob,0,28676062,2723,-0.0001,0.0853,0.5599999999999999,,-1.0415,0.0462,0.0716,,,,,
bob,0,28676062,2724,0.0008,0.1113,0.7000000000000001,,-1.0245,0.046,0.0717,,,,,
bob,0,28676062,2725,0.0008,0.0983,0.76,,-1.0316,0.0458,0.0718,,,,,
bob,0,28676062,2726,-0.0005,0.0764,0.54,,-1.0303,0.0457,0.0717,,,,,
bob,0,28676062,2727,-0.0007,0.0813,0.58,,-1.0285,0.0455,0.0717,,,,,
bob,0,28676062,2728,-0.0009,0.126,0.74,,-1.0361,0.0453,0.0718,,,,,
bob,0,28676062,2729,-0.0002,0.1205,0.7000000000000001,,-1.0239,0.0452,0.072,,,,,
bob,0,28676062,2730,-0.0016,0.1249,0.84,,-1.03,0.045,0.0721,,,,,
bob,0,28676062,2731,-0.0005,0.1079,0.7000000000000001,,-1.0212,0.0448,0.0722,,,,,
bob,0,28676062,2732,-0.0002,0.0987,0.64,,-1.0264,0.0447,0.0723,,,,,
bob,0,28676062,2733,0.0002,0.1076,0.66,,-1.027,0.0445,0.0724,,,,,
bob,0,28676062,2734,-0.0011,0.1326,0.84,,-1.0229,0.0443,0.0725,,,,,
bob,0,28676062,2735,-0.0012,0.1057,0.74,,-1.0311,0.0442,0.0727,,,,,
bob,0,28676062,2736,-0.0013,0.116,0.64,,-1.0233,0.044,0.0726,,,,,
bob,0,28676062,2737,0.0005,0.0971,0.6799999999999999,,-1.0428,0.0438,0.0726,,,,,
bob,0,28676062,2738,-0.0004,0.089,0.62,,-1.0421,0.0437,0.0725,,,,,
bob,0,28676062,2739,-0.0015,0.0987,0.72,,-1.0274,0.0435,0.0726,,,,,
bob,0,28676062,2740,-0.001,0.1021,0.74,,-1.0335,0.0433,0.0727,,,,,
bob,0,28676062,2741,-0.0007,0.1238,0.76,,-1.0357,0.0432,0.0727,,,,,
bob,0,28676062,2742,-0.0011,0.0772,0.58,,-1.0329,0.043,0.0727,,,,,
bob,0,28676062,2743,0.001,0.1086,0.66,,-1.0335,0.0428,0.0727,,,,,
bob,0,28676062,2744,-0.0002,0.1025,0.7000000000000001,,-1.0396,0.0427,0.0728,,,,,
bob,0,28676062,2745,-0.0006,0.1051,0.6799999999999999,,-1.039,0.0425,0.0729,,,,,
bob,0,28676062,2746,-0.0003,0.0997,0.64,,-1.0264,0.0423,0.073,,,,,
bob,0,28676062,2747,0.0003,0.104,0.8,,-1.0239,0.0422,0.0731,,,,,
bob,0,28676062,2748,-0.001,0.0852,0.62,,-1.026,0.042,0.0731,,,,,
bob,0,28676062,2749,0.0008,0.1214,0.7799999999999999,,-1.027,0.0418,0.0732,,,,,
bob,0,28676062,2750,-0.0004,0.0943,0.66,,-1.023,0.0417,0.0731,,,,,
bob,0,28676062,2751,-0.0011,0.1134,0.74,,-1.0259,0.0415,0.0731,,,,,
bob,0,28676062,2752,-0.0021,0.1054,0.7000000000000001,,-1.0223,0.0413,0.0731,,,,,
bob,0,28676062,2753,-0.001,0.0997,0.7000000000000001,,-1.0258,0.0412,0.0732,,,,,
bob,0,28676062,2754,-0.0008,0.0854,0.6,,-1.0318,0.041,0.0733,,,,,
bob,0,28676062,2755,-0.0,0.1039,0.74,,-1.0329,0.0408,0.0734,,,,,
bob,0,28676062,2756,0.0002,0.084,0.66,,-1.0363,0.0407,0.0733,,,,,
bob,0,28676062,2757,-0.0006,0.1199,0.7000000000000001,,-1.0235,0.0405,0.0733,,,,,
bob,0,28676062,2758,-0.0009,0.0984,0.7000000000000001,,-1.0311,0.0403,0.0733,,,,,
bob,0,28676062,2759,0.0007,0.1014,0.72,,-1.0234,0.0402,0.0733,,,,,
bob,0,28676062,2760,-0.0,0.1002,0.66,,-1.0258,0.04,0.0732,,,,,
bob,0,28676062,2761,-0.0013,0.122,0.8,,-1.0273,0.0398,0.0733,,,,,
bob,0,28676062,2762,-0.0011,0.1326,0.88,,-1.0416,0.0397,0.0734,,,,,
bob,0,28676062,2763,-0.001,0.1002,0.72,,-1.0345,0.0395,0.0735,,,,,
bob,0,28676062,2764,-0.0002,0.1064,0.74,,-1.0286,0.0393,0.0735,,,,,
bob,0,28676062,2765,-0.0001,0.1367,0.88,,-1.0164,0.0392,0.0736,,,,,
bob,0,28676062,2766,0.0005,0.1352,0.8999999999999999,,-1.0129,0.039,0.0738,,,,,
bob,0,28676062,2767,0.0004,0.1089,0.72,,-1.0224,0.0388,0.0739,,,,,
bob,0,28676062,2768,-0.0012,0.1069,0.7000000000000001,,-1.0332,0.0387,0.0739,,,,,
bob,0,28676062,2769,-0.0008,0.1012,0.66,,-1.0238,0.0385,0.074,,,,,
bob,0,28676062,2770,-0.0012,0.0982,0.7799999999999999,,-1.0232,0.0383,0.074,,,,,
bob,0,28676062,2771,-0.0014,0.0834,0.6,,-1.0296,0.0382,0.0739,,,,,
bob,0,28676062,2772,-0.0003,0.1221,0.84,,-1.0307,0.038,0.074,,,,,
bob,0,28676062,2773,-0.0011,0.133,0.88,,-1.0309,0.0378,0.0741,,,,,
bob,0,28676062,2774,-0.0004,0.1002,0.76,,-1.0353,0.0377,0.0741,,,,,
bob,0,28676062,2775,-0.0016,0.1192,0.76,,-1.0329,0.0375,0.0742,,,,,
bob,0,28676062,2776,-0.0006,0.1055,0.74,,-1.0272,0.0373,0.0742,,,,,
bob,0,28676062,2777,-0.0003,0.0966,0.66,,-1.0383,0.0372,0.0743,,,,,
bob,0,28676062,2778,-0.0007,0.1027,0.72,,-1.0369,0.037,0.0742,,,,,
bob,0,28676062,2779,-0.0015,0.1291,0.9199999999999999,,-1.0373,0.0368,0.0743,,,,,
bob,0,28676062,2780,-0.0002,0.1199,0.7799999999999999,,-1.0264,0.0367,0.0744,,,,,
bob,0,28676062,2781,-0.0006,0.1411,0.8999999999999999,,-1.0256,0.0365,0.0746,,,,,
bob,0,28676062,2782,-0.0006,0.1158,0.74,,-1.0286,0.0363,0.0746,,,,,
bob,0,28676062,2783,-0.0018,0.103,0.6799999999999999,,-1.0198,0.0362,0.0745,,,,,
bob,0,28676062,2784,-0.0008,0.1147,0.7799999999999999,,-1.0229,0.036,0.0747,,,,,
bob,0,28676062,2785,0.0005,0.1013,0.6799999999999999,,-1.036,0.0358,0.0747,,,,,
bob,0,28676062,2786,0.0004,0.1148,0.76,,-1.0259,0.0357,0.0747,,,,,
bob,0,28676062,2787,-0.0009,0.0997,0.76,,-1.031,0.0355,0.0748,,,,,
bob,0,28676062,2788,-0.0007,0.1242,0.8,,-1.0266,0.0353,0.0749,,,,,
bob,0,28676062,2789,-0.0017,0.1246,0.8,,-1.0243,0.0352,0.075,,,,,
bob,0,28676062,2790,-0.0004,0.1042,0.7000000000000001,,-1.0163,0.035,0.0752,,,,,
bob,0,28676062,2791,0.0002,0.1369,0.84,,-1.0295,0.0348,0.0753,,,,,
bob,0,28676062,2792,0.0004,0.086,0.6799999999999999,,-1.0225,0.0347,0.0752,,,,,
bob,0,28676062,2793,0.0008,0.1018,0.7000000000000001,,-1.035,0.0345,0.0752,,,,,
bob,0,28676062,2794,0.0009,0.0917,0.64,,-1.0242,0.0343,0.0751,,,,,
bob,0,28676062,2795,0.002,0.0725,0.52,,-1.0244,0.0342,0.075,,,,,
bob,0,28676062,2796,0.0014,0.0832,0.64,,-1.0048,0.034,0.0749,,,,,
bob,0,28676062,2797,0.0035,0.0955,0.66,,-1.0203,0.0338,0.075,,,,,
bob,0,28676062,2798,0.0014,0.0774,0.62,,-1.0204,0.0337,0.0749,,,,,
bob,0,28676062,2799,0.0023,0.1121,0.7799999999999999,,-1.0215,0.0335,0.075,,,,,
bob,0,28676062,2800,0.0018,0.0949,0.7000000000000001,,-1.0263,0.0333,0.075,,,,,
bob,0,28676062,2801,0.0003,0.1027,0.72,,-1.0435,0.0332,0.0751,,,,,
bob,0,28676062,2802,-0.0012,0.1199,0.84,,-1.0323,0.033,0.0752,,,,,
bob,0,28676062,2803,0.0024,0.1123,0.7799999999999999,,-1.0345,0.0328,0.0752,,,,,
bob,0,28676062,2804,0.001,0.1205,0.7799999999999999,,-1.0242,0.0327,0.0752,,,,,
bob,0,28676062,2805,-0.0011,0.1087,0.6799999999999999,,-1.018,0.0325,0.0753,,,,,
bob,0,28676062,2806,-0.0013,0.1112,0.7000000000000001,,-1.0181,0.0323,0.0752,,,,,
bob,0,28676062,2807,-0.0001,0.1249,0.84,,-1.0049,0.0322,0.0754,,,,,
bob,0,28676062,2808,-0.0001,0.1304,0.84,,-1.0176,0.032,0.0754,,,,,
bob,0,28676062,2809,-0.0007,0.1032,0.66,,-1.0206,0.0318,0.0754,,,,,
bob,0,28676062,2810,-0.0005,0.1193,0.8200000000000001,,-1.0067,0.0317,0.0755,,,,,
bob,0,28676062,2811,-0.0009,0.123,0.86,,-1.0092,0.0315,0.0755,,,,,
bob,0,28676062,2812,0.0016,0.1215,0.7799999999999999,,-1.019,0.0313,0.0756,,,,,
bob,0,28676062,2813,0.0007,0.1068,0.7000000000000001,,-1.0278,0.0312,0.0756,,,,,
bob,0,28676062,2814,0.0003,0.1342,0.8200000000000001,,-1.023,0.031,0.0757,,,,,
bob,0,28676062,2815,0.0002,0.119,0.8,,-1.021,0.0308,0.0758,,,,,
bob,0,28676062,2816,-0.0004,0.1103,0.74,,-1.0332,0.0307,0.0758,,,,,
bob,0,28676062,2817,-0.0005,0.1207,0.8,,-1.0161,0.0305,0.0759,,,,,
bob,0,28676062,2818,0.0003,0.1009,0.7799999999999999,,-1.0201,0.0303,0.076,,,,,
bob,0,28676062,2819,0.0012,0.1121,0.72,,-1.0149,0.0302,0.0759,,,,,
bob,0,28676062,2820,0.0007,0.1144,0.72,,-1.0181,0.03,0.0759,,,,,
bob,0,28676062,2821,0.0005,0.1151,0.74,,-1.0159,0.0298,0.0759,,,,,
bob,0,28676062,2822,-0.0002,0.1205,0.7799999999999999,,-1.0242,0.0297,0.076,,,,,
bob,0,28676062,2823,-0.0006,0.1078,0.6799999999999999,,-1.0284,0.0295,0.076,,,,,
bob,0,28676062,2824,-0.0001,0.0924,0.66,,-1.0285,0.0293,0.076,,,,,
bob,0,28676062,2825,-0.0017,0.0925,0.72,,-1.0109,0.0292,0.076,,,,,
bob,0,28676062,2826,0.0008,0.1,0.66,,-1.0269,0.029,0.0759,,,,,
bob,0,28676062,2827,-0.0006,0.0968,0.66,,-1.0173,0.0288,0.0759,,,,,
bob,0,28676062,2828,-0.0013,0.1553,0.8999999999999999,,-1.0175,0.0287,0.0759,,,,,
bob,0,28676062,2829,-0.0009,0.1173,0.76,,-1.0293,0.0285,0.0759,,,,,
bob,0,28676062,2830,-0.001,0.1287,0.86,,-1.0221,0.0283,0.076,,,,,
bob,0,28676062,2831,-0.001,0.1242,0.8200000000000001,,-1.02,0.0282,0.0761,,,,,
bob,0,28676062,2832,-0.0003,0.1241,0.76,,-1.0259,0.028,0.0762,,,,,
bob,0,28676062,2833,0.0016,0.1126,0.7799999999999999,,-1.0297,0.0278,0.0763,,,,,
bob,0,28676062,2834,-0.0001,0.1622,0.96,,-1.0172,0.0277,0.0763,,,,,
bob,0,28676062,2835,-0.0002,0.1008,0.6799999999999999,,-1.0148,0.0275,0.0763,,,,,
bob,0,28676062,2836,0.0006,0.1206,0.7799999999999999,,-1.0228,0.0273,0.0764,,,,,
bob,0,28676062,2837,-0.0005,0.1081,0.72,,-1.0143,0.0272,0.0764,,,,,
bob,0,28676062,2838,0.0011,0.1061,0.74,,-1.0144,0.027,0.0764,,,,,
bob,0,28676062,2839,-0.0006,0.1437,0.86,,-1.0332,0.0268,0.0766,,,,,
bob,0,28676062,2840,-0.0,0.1045,0.8,,-1.0195,0.0267,0.0766,,,,,
bob,0,28676062,2841,-0.0006,0.131,0.88,,-1.0329,0.0265,0.0768,,,,,
bob,0,28676062,2842,-0.0009,0.1089,0.7000000000000001,,-1.0214,0.0263,0.0768,,,,,
bob,0,28676062,2843,-0.0002,0.1275,0.8200000000000001,,-1.0187,0.0262,0.0768,,,,,
bob,0,28676062,2844,0.0003,0.0955,0.64,,-1.028,0.026,0.0767,,,,,
bob,0,28676062,2845,-0.0005,0.1096,0.6799999999999999,,-1.02,0.0258,0.0768,,,,,
bob,0,28676062,2846,-0.0004,0.1014,0.74,,-1.0353,0.0257,0.0769,,,,,
bob,0,28676062,2847,-0.0003,0.0994,0.64,,-1.0146,0.0255,0.0769,,,,,
bob,0,28676062,2848,-0.0008,0.1126,0.7799999999999999,,-1.0402,0.0253,0.0768,,,,,
bob,0,28676062,2849,0.0002,0.0969,0.66,,-1.0198,0.0252,0.0767,,,,,
bob,0,28676062,2850,-0.0001,0.1242,0.84,,-1.0239,0.025,0.0768,,,,,
bob,0,28676062,2851,-0.0008,0.1317,0.86,,-1.031,0.0248,0.0769,,,,,
bob,0,28676062,2852,-0.0004,0.1346,0.86,,-1.0335,0.0247,0.077,,,,,
bob,0,28676062,2853,-0.001,0.1138,0.72,,-1.0417,0.0245,0.077,,,,,
bob,0,28676062,2854,0.0006,0.1212,0.7799999999999999,,-1.0356,0.0243,0.077,,,,,
bob,0,28676062,2855,-0.0002,0.1057,0.74,,-1.0204,0.0242,0.077,,,,,
bob,0,28676062,2856,-0.0005,0.1407,0.96,,-1.0229,0.024,0.0772,,,,,
bob,0,28676062,2857,-0.0001,0.1281,0.84,,-1.0325,0.0238,0.0773,,,,,
bob,0,28676062,2858,-0.0005,0.1206,0.8200000000000001,,-1.0434,0.0237,0.0774,,,,,
bob,0,28676062,2859,-0.0003,0.1038,0.72,,-1.0294,0.0235,0.0773,,,,,
bob,0,28676062,2860,-0.0011,0.1056,0.72,,-1.0162,0.0233,0.0773,,,,,
bob,0,28676062,2861,-0.0006,0.1138,0.76,,-1.024,0.0232,0.0773,,,,,
bob,0,28676062,2862,0.0005,0.1199,0.8200000000000001,,-1.0349,0.023,0.0774,,,,,
bob,0,28676062,2863,-0.001,0.1082,0.72,,-1.0325,0.0228,0.0774,,,,,
bob,0,28676062,2864,0.0003,0.1612,1.04,,-1.0246,0.0227,0.0776,,,,,
bob,0,28676062,2865,0.0002,0.1368,0.86,,-1.039,0.0225,0.0776,,,,,
bob,0,28676062,2866,0.0011,0.12,0.7799999999999999,,-1.0236,0.0223,0.0776,,,,,
bob,0,28676062,2867,-0.0018,0.1125,0.74,,-1.0184,0.0222,0.0776,,,,,
bob,0,28676062,2868,-0.0006,0.1097,0.7000000000000001,,-1.0135,0.022,0.0775,,,,,
bob,0,28676062,2869,-0.0004,0.0931,0.58,,-1.0267,0.0218,0.0775,,,,,
bob,0,28676062,2870,-0.0012,0.1105,0.7799999999999999,,-1.0202,0.0217,0.0775,,,,,
bob,0,28676062,2871,0.0009,0.1251,0.8,,-1.03,0.0215,0.0776,,,,,
bob,0,28676062,2872,0.0004,0.1404,0.86,,-1.0141,0.0213,0.0778,,,,,
bob,0,28676062,2873,-0.0003,0.0941,0.66,,-1.0187,0.0212,0.0778,,,,,
bob,0,28676062,2874,-0.0003,0.1117,0.7000000000000001,,-1.0253,0.021,0.0778,,,,,
bob,0,28676062,2875,-0.0008,0.1077,0.74,,-1.0196,0.0208,0.0778,,,,,
bob,0,28676062,2876,-0.0012,0.1235,0.8200000000000001,,-1.0212,0.0207,0.0778,,,,,
bob,0,28676062,2877,-0.0009,0.1326,0.84,,-1.0275,0.0205,0.078,,,,,
bob,0,28676062,2878,-0.0007,0.1147,0.7799999999999999,,-1.0287,0.0203,0.078,,,,,
bob,0,28676062,2879,-0.0001,0.1266,0.8200000000000001,,-1.0238,0.0202,0.078,,,,,
bob,0,28676062,2880,-0.0004,0.0924,0.66,,-1.0294,0.02,0.0779,,,,,
bob,0,28676062,2881,-0.0002,0.1284,0.84,,-1.0254,0.0198,0.078,,,,,
bob,0,28676062,2882,-0.0008,0.1365,0.86,,-1.0284,0.0197,0.0781,,,,,
bob,0,28676062,2883,-0.0009,0.1434,0.96,,-1.0285,0.0195,0.0783,,,,,
bob,0,28676062,2884,-0.0004,0.1513,0.88,,-1.0249,0.0193,0.0785,,,,,
bob,0,28676062,2885,-0.0006,0.1229,0.7799999999999999,,-1.0214,0.0192,0.0785,,,,,
bob,0,28676062,2886,0.0,0.1032,0.64,,-1.0279,0.019,0.0785,,,,,
bob,0,28676062,2887,-0.0007,0.1207,0.7799999999999999,,-1.021,0.0188,0.0786,,,,,
bob,0,28676062,2888,0.0011,0.1372,0.88,,-1.0263,0.0187,0.0787,,,,,
bob,0,28676062,2889,0.0003,0.1208,0.8,,-1.0162,0.0185,0.0788,,,,,
bob,0,28676062,2890,-0.0013,0.0847,0.58,,-1.0295,0.0183,0.0787,,,,,
bob,0,28676062,2891,0.001,0.1173,0.86,,-1.0397,0.0182,0.0788,,,,,
bob,0,28676062,2892,0.0,0.1337,0.84,,-1.0284,0.018,0.0789,,,,,
bob,0,28676062,2893,-0.0004,0.0934,0.6,,-1.0262,0.0178,0.0789,,,,,
bob,0,28676062,2894,-0.0007,0.121,0.8200000000000001,,-1.0322,0.0177,0.0789,,,,,
bob,0,28676062,2895,-0.0007,0.1385,0.84,,-1.0422,0.0175,0.079,,,,,
bob,0,28676062,2896,-0.0003,0.1056,0.6799999999999999,,-1.0375,0.0173,0.079,,,,,
bob,0,28676062,2897,-0.0006,0.1339,0.8999999999999999,,-1.0324,0.0172,0.0791,,,,,
bob,0,28676062,2898,0.0003,0.1305,0.86,,-1.0278,0.017,0.0792,,,,,
bob,0,28676062,2899,0.0007,0.1383,0.96,,-1.0308,0.0168,0.0794,,,,,
bob,0,28676062,2900,0.001,0.1614,1.08,,-1.0357,0.0167,0.0796,,,,,
bob,0,28676062,2901,-0.0006,0.1198,0.6799999999999999,,-1.0251,0.0165,0.0796,,,,,
bob,0,28676062,2902,-0.0,0.1038,0.74,,-1.0336,0.0163,0.0795,,,,,
bob,0,28676062,2903,-0.0009,0.1259,0.8,,-1.0232,0.0162,0.0795,,,,,
bob,0,28676062,2904,-0.0006,0.0916,0.6799999999999999,,-1.0329,0.016,0.0794,,,,,
bob,0,28676062,2905,0.0,0.111,0.72,,-1.0319,0.0158,0.0794,,,,,
bob,0,28676062,2906,0.0005,0.1298,0.9199999999999999,,-1.0281,0.0157,0.0795,,,,,
bob,0,28676062,2907,0.0003,0.1153,0.8,,-1.0207,0.0155,0.0794,,,,,
bob,0,28676062,2908,-0.003,0.1129,0.7799999999999999,,-1.0193,0.0153,0.0795,,,,,
bob,0,28676062,2909,0.0004,0.1187,0.72,,-1.0256,0.0152,0.0796,,,,,
bob,0,28676062,2910,0.0011,0.1236,0.7799999999999999,,-1.0258,0.015,0.0796,,,,,
bob,0,28676062,2911,0.0004,0.1089,0.72,,-1.026,0.0148,0.0796,,,,,
bob,0,28676062,2912,-0.0001,0.1256,0.84,,-1.0135,0.0147,0.0796,,,,,
bob,0,28676062,2913,-0.0011,0.1181,0.7799999999999999,,-1.0258,0.0145,0.0797,,,,,
bob,0,28676062,2914,-0.0003,0.1056,0.7000000000000001,,-1.0214,0.0143,0.0797,,,,,
bob,0,28676062,2915,0.0002,0.0986,0.66,,-1.024,0.0142,0.0797,,,,,
bob,0,28676062,2916,-0.0006,0.1002,0.72,,-1.0098,0.014,0.0796,,,,,
bob,0,28676062,2917,-0.0011,0.1147,0.66,,-1.016,0.0138,0.0795,,,,,
bob,0,28676062,2918,-0.0011,0.1137,0.74,,-1.0245,0.0137,0.0796,,,,,
bob,0,28676062,2919,0.0025,0.1109,0.72,,-1.0296,0.0135,0.0795,,,,,
bob,0,28676062,2920,-0.0005,0.1305,0.84,,-1.0221,0.0133,0.0795,,,,,
bob,0,28676062,2921,0.0002,0.1232,0.76,,-1.0191,0.0132,0.0796,,,,,
bob,0,28676062,2922,0.0001,0.0916,0.62,,-1.0234,0.013,0.0796,,,,,
bob,0,28676062,2923,0.0017,0.1165,0.74,,-1.0202,0.0128,0.0797,,,,,
bob,0,28676062,2924,-0.0017,0.1425,0.9400000000000001,,-1.0262,0.0127,0.0798,,,,,
bob,0,28676062,2925,-0.0007,0.1364,0.88,,-1.0336,0.0125,0.0799,,,,,
bob,0,28676062,2926,-0.003,0.1499,0.8999999999999999,,-1.0256,0.0123,0.0801,,,,,
bob,0,28676062,2927,0.0006,0.1355,0.86,,-1.0238,0.0122,0.0803,,,,,
bob,0,28676062,2928,0.0023,0.1438,0.88,,-1.0274,0.012,0.0804,,,,,
bob,0,28676062,2929,0.0015,0.0998,0.66,,-1.0184,0.0118,0.0803,,,,,
bob,0,28676062,2930,-0.0005,0.1198,0.7799999999999999,,-1.0213,0.0117,0.0802,,,,,
bob,0,28676062,2931,-0.001,0.1205,0.8,,-1.0391,0.0115,0.0803,,,,,
bob,0,28676062,2932,-0.0009,0.1382,0.84,,-1.0214,0.0113,0.0804,,,,,
bob,0,28676062,2933,-0.0003,0.1097,0.72,,-1.0199,0.0112,0.0805,,,,,
bob,0,28676062,2934,-0.0008,0.1224,0.84,,-1.0327,0.011,0.0804,,,,,
bob,0,28676062,2935,-0.0011,0.1333,0.88,,-1.0267,0.0108,0.0805,,,,,
bob,0,28676062,2936,-0.0009,0.1326,0.88,,-1.0146,0.0107,0.0807,,,,,
bob,0,28676062,2937,-0.0001,0.1243,0.76,,-1.024,0.0105,0.0808,,,,,
bob,0,28676062,2938,0.0012,0.094,0.7000000000000001,,-1.011,0.0103,0.0808,,,,,
bob,0,28676062,2939,-0.0011,0.1103,0.72,,-1.0362,0.0102,0.0808,,,,,
bob,0,28676062,2940,0.0003,0.1246,0.76,,-1.0133,0.01,0.0808,,,,,
bob,0,28676062,2941,0.0014,0.1293,0.86,,-1.0079,0.0098,0.0809,,,,,
bob,0,28676062,2942,-0.0008,0.1283,0.72,,-1.0268,0.0097,0.081,,,,,
bob,0,28676062,2943,-0.0005,0.1243,0.76,,-1.0192,0.0095,0.0811,,,,,
bob,0,28676062,2944,0.0011,0.1456,0.98,,-1.0236,0.0093,0.0813,,,,,
bob,0,28676062,2945,0.0013,0.1305,0.88,,-1.0296,0.0092,0.0814,,,,,
bob,0,28676062,2946,-0.0015,0.1266,0.74,,-1.0262,0.009,0.0815,,,,,
bob,0,28676062,2947,0.0009,0.1061,0.72,,-1.0432,0.0088,0.0814,,,,,
bob,0,28676062,2948,-0.0003,0.1276,0.8,,-1.0376,0.0087,0.0816,,,,,
bob,0,28676062,2949,0.001,0.1136,0.8200000000000001,,-1.0221,0.0085,0.0816,,,,,
bob,0,28676062,2950,-0.0017,0.1418,0.84,,-1.0166,0.0083,0.0817,,,,,
bob,0,28676062,2951,-0.0012,0.1692,1.04,,-1.0254,0.0082,0.0819,,,,,
bob,0,28676062,2952,0.0016,0.113,0.72,,-1.0214,0.008,0.0819,,,,,
bob,0,28676062,2953,-0.0012,0.1594,1.02,,-1.0182,0.0078,0.0821,,,,,
bob,0,28676062,2954,-0.0008,0.1505,0.9199999999999999,,-1.0374,0.0077,0.0824,,,,,
bob,0,28676062,2955,-0.0023,0.129,0.86,,-1.0377,0.0075,0.0824,,,,,
bob,0,28676062,2956,0.0008,0.1471,0.9199999999999999,,-1.0272,0.0073,0.0826,,,,,
bob,0,28676062,2957,-0.0006,0.1344,0.8999999999999999,,-1.0287,0.0072,0.0828,,,,,
bob,0,28676062,2958,-0.0011,0.129,0.8,,-1.0299,0.007,0.0829,,,,,
bob,0,28676062,2959,0.0017,0.1016,0.72,,-1.022,0.0068,0.0829,,,,,
bob,0,28676062,2960,0.0014,0.1132,0.7000000000000001,,-1.03,0.0067,0.0829,,,,,
bob,0,28676062,2961,-0.0011,0.111,0.7799999999999999,,-1.0232,0.0065,0.0828,,,,,
bob,0,28676062,2962,0.0008,0.0988,0.72,,-1.0224,0.0063,0.0827,,,,,
bob,0,28676062,2963,0.0008,0.1254,0.76,,-1.0219,0.0062,0.0828,,,,,
bob,0,28676062,2964,0.0006,0.1045,0.72,,-1.0148,0.006,0.0828,,,,,
bob,0,28676062,2965,-0.0004,0.1504,0.88,,-1.0242,0.0058,0.0828,,,,,
bob,0,28676062,2966,-0.0003,0.1167,0.74,,-1.0178,0.0057,0.0827,,,,,
bob,0,28676062,2967,-0.0004,0.1257,0.76,,-1.0294,0.0055,0.0827,,,,,
bob,0,28676062,2968,0.0018,0.1104,0.72,,-1.0285,0.0053,0.0827,,,,,
bob,0,28676062,2969,-0.0019,0.1406,0.8999999999999999,,-1.0267,0.0052,0.0829,,,,,
bob,0,28676062,2970,-0.0009,0.1146,0.74,,-1.0285,0.005,0.0829,,,,,
bob,0,28676062,2971,-0.0025,0.1443,0.84,,-1.0157,0.0048,0.0831,,,,,
bob,0,28676062,2972,-0.0005,0.1206,0.7799999999999999,,-1.0229,0.0047,0.0831,,,,,
bob,0,28676062,2973,-0.002,0.104,0.6799999999999999,,-1.0202,0.0045,0.0829,,,,,
bob,0,28676062,2974,0.0007,0.1202,0.84,,-1.0346,0.0043,0.083,,,,,
bob,0,28676062,2975,-0.0008,0.1119,0.76,,-1.0276,0.0042,0.083,,,,,
bob,0,28676062,2976,-0.0003,0.1123,0.7000000000000001,,-1.021,0.004,0.0829,,,,,
bob,0,28676062,2977,-0.0012,0.0975,0.6799999999999999,,-1.0287,0.0038,0.0829,,,,,
bob,0,28676062,2978,-0.001,0.1316,0.88,,-1.0149,0.0037,0.083,,,,,
bob,0,28676062,2979,-0.0007,0.1075,0.7000000000000001,,-1.0253,0.0035,0.0829,,,,,
bob,0,28676062,2980,0.0004,0.1058,0.7799999999999999,,-1.0315,0.0033,0.0828,,,,,
bob,0,28676062,2981,0.0005,0.1301,0.9199999999999999,,-1.0264,0.0032,0.0829,,,,,
bob,0,28676062,2982,-0.0006,0.1301,0.84,,-1.0237,0.003,0.0829,,,,,
bob,0,28676062,2983,-0.0003,0.1259,0.8,,-1.028,0.0028,0.083,,,,,
bob,0,28676062,2984,0.0016,0.1362,0.9199999999999999,,-1.0252,0.0027,0.0831,,,,,
bob,0,28676062,2985,-0.0007,0.1554,0.88,,-1.0312,0.0025,0.0833,,,,,
bob,0,28676062,2986,0.001,0.1373,0.8999999999999999,,-1.0197,0.0023,0.0834,,,,,
bob,0,28676062,2987,0.0003,0.1413,0.9400000000000001,,-1.0315,0.0022,0.0835,,,,,
bob,0,28676062,2988,0.0001,0.1046,0.66,,-1.0257,0.002,0.0834,,,,,
bob,0,28676062,2989,-0.0003,0.1249,0.84,,-1.0263,0.0018,0.0834,,,,,
bob,0,28676062,2990,0.0003,0.1102,0.6799999999999999,,-1.0226,0.0017,0.0834,,,,,
bob,0,28676062,2991,-0.0002,0.1413,0.8200000000000001,,-1.028,0.0015,0.0834,,,,,
bob,0,28676062,2992,0.0006,0.1216,0.86,,-1.0355,0.0013,0.0835,,,,,
bob,0,28676062,2993,-0.0008,0.1234,0.8,,-1.0273,0.0012,0.0836,,,,,
bob,0,28676062,2994,-0.0013,0.1329,0.88,,-1.0138,0.001,0.0838,,,,,
bob,0,28676062,2995,-0.0001,0.1134,0.76,,-1.0578,0.0008,0.084,,,,,
bob,0,28676062,2996,-0.0016,0.1061,0.7000000000000001,,-1.0423,0.0007,0.084,,,,,
bob,0,28676062,2997,-0.0008,0.1281,0.86,,-1.0502,0.0005,0.0842,,,,,
bob,0,28676062,2998,0.0013,0.1243,0.7799999999999999,,-1.0389,0.0003,0.0843,,,,,
bob,0,28676062,2999,0.0014,0.1516,1.0,,-1.0295,0.0002,0.0845,,,,,
bob,0,28676062,3000,0.0008,0.1435,0.96,,-1.032,0.023,0.0846,,,,,
bob,0,28676062,3001,-0.0006,0.1495,1.04,,-1.017,0.0448,0.0849,,,,,
bob,0,28676062,3002,0.0016,0.1203,0.8200000000000001,,-1.0349,0.0654,0.0848,,,,,
bob,0,28676062,3003,0.0004,0.0971,0.64,,-1.0213,0.085,0.0847,,,,,
bob,0,28676062,3004,-0.0006,0.0986,0.6799999999999999,,-1.0172,0.1037,0.0846,,,,,
bob,0,28676062,3005,-0.0002,0.1063,0.74,,-1.0291,0.1214,0.0847,,,,,
bob,0,28676062,3006,-0.0005,0.1158,0.7799999999999999,,-1.0284,0.1382,0.0847,,,,,
bob,0,28676062,3007,-0.0005,0.1137,0.74,,-1.0298,0.1541,0.0846,,,,,
bob,0,28676062,3008,0.0013,0.1096,0.7000000000000001,,-1.0243,0.1693,0.0845,,,,,
bob,0,28676062,3009,-0.0014,0.1406,0.8999999999999999,,-1.023,0.1837,0.0846,,,,,
bob,0,28676062,3010,-0.0003,0.1242,0.84,,-1.0325,0.1974,0.0846,,,,,
bob,0,28676062,3011,-0.0001,0.1143,0.8,,-1.0306,0.2105,0.0845,,,,,
bob,0,28676062,3012,-0.0007,0.1328,0.86,,-1.0241,0.2228,0.0845,,,,,
bob,0,28676062,3013,-0.0005,0.1416,0.84,,-1.0234,0.2346,0.0846,,,,,
bob,0,28676062,3014,0.0012,0.172,1.06,,-1.0302,0.2457,0.0848,,,,,
bob,0,28676062,3015,-0.0003,0.1557,0.98,,-1.0348,0.2563,0.0849,,,,,
bob,0,28676062,3016,0.0016,0.1241,0.8200000000000001,,-1.039,0.2664,0.085,,,,,
bob,0,28676062,3017,0.0002,0.1352,0.8999999999999999,,-1.0238,0.2759,0.085,,,,,
bob,0,28676062,3018,-0.0013,0.1181,0.7799999999999999,,-1.0314,0.285,0.085,,,,,
bob,0,28676062,3019,0.0019,0.1402,0.8999999999999999,,-1.0295,0.2936,0.0851,,,,,
bob,0,28676062,3020,-0.0017,0.1315,0.8,,-1.0203,0.3018,0.0852,,,,,
bob,0,28676062,3021,-0.0002,0.0906,0.6799999999999999,,-1.0266,0.3096,0.0851,,,,,
bob,0,28676062,3022,0.0009,0.1244,0.8200000000000001,,-1.0128,0.317,0.0851,,,,,
bob,0,28676062,3023,-0.0003,0.1243,0.8,,-1.0201,0.324,0.0852,,,,,
bob,0,28676062,3024,-0.0013,0.1491,1.0,,-1.0177,0.3307,0.0854,,,,,
bob,0,28676062,3025,-0.0002,0.1383,0.8999999999999999,,-1.0301,0.337,0.0856,,,,,
bob,0,28676062,3026,-0.0001,0.1146,0.76,,-1.0417,0.343,0.0856,,,,,
bob,0,28676062,3027,0.0022,0.1173,0.8,,-1.0269,0.3487,0.0857,,,,,
bob,0,28676062,3028,0.0002,0.1253,0.8999999999999999,,-1.0278,0.3541,0.0857,,,,,
bob,0,28676062,3029,0.0,0.1748,1.0999999999999999,,-1.0203,0.3593,0.0859,,,,,
bob,0,28676062,3030,0.0001,0.1659,1.06,,-1.0098,0.3642,0.0861,,,,,
bob,0,28676062,3031,0.0022,0.142,0.8999999999999999,,-1.0181,0.3688,0.0861,,,,,
bob,0,28676062,3032,-0.0005,0.134,0.84,,-1.0248,0.3732,0.0862,,,,,
bob,0,28676062,3033,0.0013,0.1526,0.9199999999999999,,-1.0304,0.3774,0.0863,,,,,
bob,0,28676062,3034,-0.0009,0.1424,0.88,,-1.0357,0.3814,0.0862,,,,,
bob,0,28676062,3035,0.001,0.1077,0.6799999999999999,,-1.0198,0.3851,0.0862,,,,,
bob,0,28676062,3036,0.001,0.1262,0.84,,-1.0218,0.3887,0.0863,,,,,
bob,0,28676062,3037,-0.0007,0.1334,0.88,,-1.0255,0.3921,0.0864,,,,,
bob,0,28676062,3038,-0.0003,0.1258,0.74,,-1.0201,0.3954,0.0864,,,,,
bob,0,28676062,3039,-0.0002,0.1176,0.8200000000000001,,-1.0235,0.3984,0.0864,,,,,
bob,0,28676062,3040,0.0012,0.0993,0.66,,-1.0129,0.4014,0.0863,,,,,
bob,0,28676062,3041,-0.001,0.1338,0.8200000000000001,,-1.0309,0.4041,0.0862,,,,,
bob,0,28676062,3042,0.0016,0.1323,0.9199999999999999,,-1.0197,0.4068,0.0864,,,,,
bob,0,28676062,3043,0.0001,0.1258,0.8200000000000001,,-1.0292,0.4093,0.0864,,,,,
bob,0,28676062,3044,-0.0008,0.119,0.74,,-1.0357,0.4116,0.0865,,,,,
bob,0,28676062,3045,-0.0006,0.128,0.84,,-1.0338,0.4139,0.0866,,,,,
bob,0,28676062,3046,-0.0004,0.1439,0.88,,-1.0271,0.416,0.0867,,,,,
bob,0,28676062,3047,0.0003,0.1299,0.86,,-1.0369,0.4181,0.0868,,,,,
bob,0,28676062,3048,-0.0008,0.1458,0.8999999999999999,,-1.0245,0.42,0.0869,,,,,
bob,0,28676062,3049,-0.0005,0.1493,1.04,,-1.033,0.4218,0.0871,,,,,
bob,0,28676062,3050,-0.0027,0.1445,0.9400000000000001,,-1.0339,0.4235,0.0872,,,,,
bob,0,28676062,3051,0.0007,0.1564,0.98,,-1.0428,0.4252,0.0873,,,,,
bob,0,28676062,3052,0.0007,0.1328,0.88,,-1.0392,0.4267,0.0873,,,,,
bob,0,28676062,3053,-0.0016,0.1214,0.8200000000000001,,-1.0271,0.4282,0.0874,,,,,
bob,0,28676062,3054,0.0008,0.0931,0.74,,-1.0242,0.4296,0.0873,,,,,
bob,0,28676062,3055,0.0005,0.1516,1.0,,-1.0162,0.431,0.0875,,,,,
bob,0,28676062,3056,0.0012,0.1382,0.9199999999999999,,-1.0192,0.4322,0.0875,,,,,
bob,0,28676062,3057,-0.0008,0.1493,0.88,,-1.0256,0.4334,0.0875,,,,,
bob,0,28676062,3058,-0.0007,0.1161,0.8200000000000001,,-1.0212,0.4346,0.0875,,,,,
bob,0,28676062,3059,-0.0006,0.1467,0.98,,-1.0208,0.4356,0.0876,,,,,
bob,0,28676062,3060,0.0004,0.1406,0.8,,-1.0283,0.4367,0.0877,,,,,
bob,0,28676062,3061,0.0001,0.1392,0.9199999999999999,,-1.0202,0.4376,0.0878,,,,,
bob,0,28676062,3062,-0.0012,0.1293,0.84,,-1.0206,0.4386,0.0878,,,,,
bob,0,28676062,3063,-0.001,0.0917,0.64,,-1.0309,0.4394,0.0878,,,,,
bob,0,28676062,3064,0.001,0.1255,0.8,,-1.0239,0.4403,0.0876,,,,,
bob,0,28676062,3065,0.002,0.1054,0.7000000000000001,,-1.0235,0.4411,0.0874,,,,,
bob,0,28676062,3066,0.0009,0.1529,0.9400000000000001,,-1.0314,0.4418,0.0876,,,,,
bob,0,28676062,3067,-0.0007,0.115,0.74,,-1.0255,0.4426,0.0875,,,,,
bob,0,28676062,3068,-0.0006,0.1294,0.84,,-1.0273,0.4432,0.0876,,,,,
bob,0,28676062,3069,-0.0002,0.1329,0.8999999999999999,,-1.0262,0.4439,0.0878,,,,,
bob,0,28676062,3070,0.0,0.122,0.8200000000000001,,-1.0217,0.4445,0.0879,,,,,
bob,0,28676062,3071,0.0015,0.1404,0.9199999999999999,,-1.0249,0.4451,0.0879,,,,,
bob,0,28676062,3072,0.0009,0.1055,0.74,,-1.0216,0.4456,0.0878,,,,,
bob,0,28676062,3073,0.0017,0.1077,0.7000000000000001,,-1.0214,0.4461,0.0879,,,,,
bob,0,28676062,3074,0.0002,0.1505,0.96,,-1.0179,0.4466,0.088,,,,,
bob,0,28676062,3075,0.0001,0.1249,0.8,,-1.0159,0.4471,0.088,,,,,
bob,0,28676062,3076,0.0007,0.1314,0.86,,-1.0222,0.4475,0.0881,,,,,
bob,0,28676062,3077,-0.0008,0.1236,0.7799999999999999,,-1.0158,0.448,0.088,,,,,
bob,0,28676062,3078,0.0001,0.1215,0.86,,-1.0366,0.4484,0.088,,,,,
bob,0,28676062,3079,0.0016,0.1159,0.86,,-1.0262,0.4487,0.088,,,,,
bob,0,28676062,3080,-0.0015,0.1253,0.6799999999999999,,-1.0303,0.4491,0.0881,,,,,
bob,0,28676062,3081,0.0005,0.1701,1.06,,-1.0204,0.4494,0.0882,,,,,
bob,0,28676062,3082,-0.0007,0.1246,0.86,,-1.024,0.4498,0.0882,,,,,
bob,0,28676062,3083,0.0012,0.162,1.02,,-1.0226,0.4501,0.0882,,,,,
bob,0,28676062,3084,-0.0007,0.1222,0.86,,-1.0221,0.4504,0.0882,,,,,
bob,0,28676062,3085,-0.0008,0.129,0.8,,-1.0275,0.4506,0.0882,,,,,
bob,0,28676062,3086,-0.0001,0.1333,0.88,,-1.027,0.4509,0.0884,,,,,
bob,0,28676062,3087,0.001,0.1413,0.8999999999999999,,-1.0211,0.4511,0.0885,,,,,
bob,0,28676062,3088,-0.0005,0.1405,0.9199999999999999,,-1.0236,0.4514,0.0885,,,,,
bob,0,28676062,3089,-0.0001,0.173,1.02,,-1.0171,0.4516,0.0887,,,,,
bob,0,28676062,3090,0.0007,0.1546,1.0,,-1.0245,0.4518,0.089,,,,,
bob,0,28676062,3091,-0.0002,0.1208,0.7799999999999999,,-1.0317,0.452,0.0889,,,,,
bob,0,28676062,3092,0.0003,0.1588,1.02,,-1.0281,0.4522,0.089,,,,,
bob,0,28676062,3093,0.0003,0.1417,0.9199999999999999,,-1.0283,0.4523,0.0892,,,,,
bob,0,28676062,3094,0.0009,0.1419,0.88,,-1.0192,0.4525,0.0892,,,,,
bob,0,28676062,3095,0.0012,0.1618,1.0,,-1.0323,0.4526,0.0893,,,,,
bob,0,28676062,3096,-0.0003,0.1227,0.8,,-1.0271,0.4527,0.0894,,,,,
bob,0,28676062,3097,0.0008,0.164,1.08,,-1.0301,0.4529,0.0895,,,,,
bob,0,28676062,3098,0.0016,0.137,0.88,,-1.023,0.453,0.0895,,,,,
bob,0,28676062,3099,-0.0006,0.1543,1.0,,-1.0236,0.4531,0.0896,,,,,
bob,0,28676062,3100,-0.0006,0.1244,0.84,,-1.0275,0.4532,0.0894,,,,,
bob,0,28676062,3101,0.0005,0.1417,0.8999999999999999,,-1.0218,0.4533,0.0895,,,,,
bob,0,28676062,3102,0.0012,0.1146,0.74,,-1.0259,0.4534,0.0895,,,,,
bob,0,28676062,3103,-0.0007,0.1218,0.8,,-1.014,0.4535,0.0895,,,,,
bob,0,28676062,3104,-0.0001,0.1292,0.86,,-1.0175,0.4536,0.0896,,,,,
bob,0,28676062,3105,0.0006,0.1305,0.84,,-1.0179,0.4537,0.0897,,,,,
bob,0,28676062,3106,0.0015,0.156,1.08,,-1.0164,0.4537,0.0898,,,,,
bob,0,28676062,3107,0.0014,0.1366,0.96,,-1.0227,0.4538,0.0899,,,,,
bob,0,28676062,3108,-0.001,0.1078,0.74,,-1.0245,0.4539,0.0898,,,,,
bob,0,28676062,3109,-0.0006,0.1451,0.9400000000000001,,-1.0275,0.4539,0.09,,,,,
bob,0,28676062,3110,-0.0011,0.1617,1.02,,-1.0398,0.454,0.0901,,,,,
bob,0,28676062,3111,0.0009,0.125,0.86,,-1.0279,0.454,0.0902,,,,,
bob,0,28676062,3112,0.0,0.1628,0.96,,-1.0286,0.4541,0.0903,,,,,
bob,0,28676062,3113,0.0,0.1348,0.9199999999999999,,-1.0352,0.4541,0.0903,,,,,
bob,0,28676062,3114,-0.0015,0.1483,0.86,,-1.0407,0.4541,0.0905,,,,,
bob,0,28676062,3115,-0.0013,0.1382,0.86,,-1.0192,0.4542,0.0906,,,,,
bob,0,28676062,3116,0.0002,0.1401,0.88,,-1.0329,0.4542,0.0907,,,,,
bob,0,28676062,3117,-0.0004,0.1516,0.9400000000000001,,-1.0241,0.4542,0.0908,,,,,
bob,0,28676062,3118,0.0,0.1566,0.96,,-1.0237,0.4542,0.091,,,,,
bob,0,28676062,3119,-0.0001,0.1259,0.9199999999999999,,-1.0301,0.4542,0.0911,,,,,
bob,0,28676062,3120,0.0001,0.1304,0.84,,-1.0428,0.4542,0.0911,,,,,
bob,0,28676062,3121,0.0005,0.1483,1.0,,-1.0222,0.4543,0.0913,,,,,
bob,0,28676062,3122,0.0008,0.1077,0.7799999999999999,,-1.0321,0.4543,0.0914,,,,,
bob,0,28676062,3123,-0.0013,0.1472,0.98,,-1.0298,0.4543,0.0915,,,,,
bob,0,28676062,3124,-0.0002,0.1369,0.8,,-1.0132,0.4543,0.0914,,,,,
bob,0,28676062,3125,-0.001,0.1193,0.8,,-1.0292,0.4543,0.0913,,,,,
bob,0,28676062,3126,-0.0014,0.1558,1.0,,-1.0261,0.4543,0.0914,,,,,
bob,0,28676062,3127,0.0007,0.1409,1.0,,-1.0233,0.4543,0.0915,,,,,
bob,0,28676062,3128,-0.0008,0.1357,0.84,,-1.0175,0.4543,0.0914,,,,,
bob,0,28676062,3129,-0.0005,0.1576,1.02,,-1.0294,0.4543,0.0917,,,,,
bob,0,28676062,3130,-0.0005,0.1465,0.96,,-1.0287,0.4543,0.0918,,,,,
bob,0,28676062,3131,0.0004,0.1519,0.9400000000000001,,-1.0346,0.4542,0.0919,,,,,
bob,0,28676062,3132,-0.0,0.1454,0.9199999999999999,,-1.0251,0.4542,0.0919,,,,,
bob,0,28676062,3133,-0.0015,0.1439,0.84,,-1.0298,0.4542,0.092,,,,,
bob,0,28676062,3134,0.0003,0.1271,0.8200000000000001,,-1.0205,0.4542,0.092,,,,,
bob,0,28676062,3135,-0.0004,0.1458,0.9400000000000001,,-1.0224,0.4542,0.0921,,,,,
bob,0,28676062,3136,0.0011,0.1291,0.86,,-1.0279,0.4542,0.092,,,,,
bob,0,28676062,3137,-0.0009,0.1189,0.76,,-1.0201,0.4542,0.092,,,,,
bob,0,28676062,3138,0.0002,0.1447,0.96,,-1.0326,0.4542,0.0922,,,,,
bob,0,28676062,3139,-0.0006,0.1111,0.72,,-1.0256,0.4541,0.0922,,,,,
bob,0,28676062,3140,0.0005,0.1579,0.98,,-1.0275,0.4541,0.0924,,,,,
bob,0,28676062,3141,-0.0006,0.1433,0.8200000000000001,,-1.031,0.4541,0.0923,,,,,
bob,0,28676062,3142,-0.0,0.1284,0.8,,-1.0206,0.4541,0.0924,,,,,
bob,0,28676062,3143,0.0011,0.1232,0.9400000000000001,,-1.0343,0.4541,0.0925,,,,,
bob,0,28676062,3144,0.0006,0.1232,0.74,,-1.0364,0.4541,0.0923,,,,,
bob,0,28676062,3145,-0.0001,0.1486,0.96,,-1.0404,0.4541,0.0923,,,,,
bob,0,28676062,3146,-0.0009,0.1675,1.1400000000000001,,-1.0306,0.454,0.0926,,,,,
bob,0,28676062,3147,0.0003,0.1481,0.88,,-1.0335,0.454,0.0927,,,,,
bob,0,28676062,3148,-0.0006,0.1317,0.86,,-1.0341,0.454,0.0928,,,,,
bob,0,28676062,3149,-0.0004,0.1414,0.9400000000000001,,-1.0322,0.454,0.0928,,,,,
bob,0,28676062,3150,0.0009,0.157,0.98,,-1.0287,0.454,0.0929,,,,,
bob,0,28676062,3151,-0.0004,0.1352,0.8200000000000001,,-1.0352,0.4539,0.0928,,,,,
bob,0,28676062,3152,-0.0,0.1239,0.72,,-1.0204,0.4539,0.0928,,,,,
bob,0,28676062,3153,-0.0008,0.1287,0.9199999999999999,,-1.0322,0.4539,0.0927,,,,,
bob,0,28676062,3154,-0.0019,0.1571,0.96,,-1.0352,0.4539,0.0927,,,,,
bob,0,28676062,3155,-0.0002,0.1103,0.6799999999999999,,-1.0237,0.4539,0.0925,,,,,
bob,0,28676062,3156,-0.0009,0.1147,0.84,,-1.0201,0.4539,0.0925,,,,,
bob,0,28676062,3157,0.0004,0.1336,0.8200000000000001,,-1.0302,0.4539,0.0924,,,,,
bob,0,28676062,3158,-0.0003,0.1445,0.96,,-1.0233,0.4539,0.0925,,,,,
bob,0,28676062,3159,0.0011,0.1449,0.9400000000000001,,-1.0205,0.4539,0.0926,,,,,
bob,0,28676062,3160,0.001,0.1275,0.8200000000000001,,-1.0308,0.4539,0.0927,,,,,
bob,0,28676062,3161,0.0001,0.1304,0.86,,-1.0221,0.4538,0.0927,,,,,
bob,0,28676062,3162,0.0,0.1397,0.8999999999999999,,-1.0093,0.4538,0.0929,,,,,
bob,0,28676062,3163,0.0009,0.1476,0.9199999999999999,,-1.0246,0.4538,0.093,,,,,
bob,0,28676062,3164,0.0008,0.174,1.06,,-1.0282,0.4538,0.0932,,,,,
bob,0,28676062,3165,0.0003,0.1492,0.96,,-1.027,0.4538,0.0933,,,,,
bob,0,28676062,3166,-0.001,0.1671,1.04,,-1.0227,0.4537,0.0934,,,,,
bob,0,28676062,3167,-0.0007,0.1977,1.28,,-1.0245,0.4537,0.0938,,,,,
bob,0,28676062,3168,-0.0016,0.1233,0.84,,-1.0291,0.4537,0.0938,,,,,
bob,0,28676062,3169,-0.0008,0.1413,0.84,,-1.0321,0.4537,0.0938,,,,,
bob,0,28676062,3170,-0.0008,0.1384,0.9199999999999999,,-1.0151,0.4536,0.0939,,,,,
bob,0,28676062,3171,0.0007,0.1491,0.9199999999999999,,-1.0169,0.4536,0.0939,,,,,
bob,0,28676062,3172,0.0,0.1767,1.0999999999999999,,-1.024,0.4536,0.0941,,,,,
bob,0,28676062,3173,-0.0,0.1554,1.0,,-1.021,0.4535,0.0943,,,,,
bob,0,28676062,3174,-0.001,0.1737,1.08,,-1.0185,0.4535,0.0945,,,,,
bob,0,28676062,3175,0.0001,0.1779,1.16,,-1.0214,0.4534,0.0948,,,,,
bob,0,28676062,3176,0.0006,0.1596,1.06,,-1.0249,0.4534,0.095,,,,,
bob,0,28676062,3177,-0.0014,0.1532,0.98,,-1.0296,0.4533,0.0953,,,,,
bob,0,28676062,3178,-0.0003,0.1612,1.08,,-1.0272,0.4533,0.0954,,,,,
bob,0,28676062,3179,-0.0012,0.1494,1.0,,-1.0136,0.4532,0.0956,,,,,
bob,0,28676062,3180,-0.0004,0.152,1.02,,-1.0245,0.4532,0.0958,,,,,
bob,0,28676062,3181,0.0009,0.1539,1.0,,-1.0238,0.4531,0.0958,,,,,
bob,0,28676062,3182,0.0004,0.1251,0.8200000000000001,,-1.0301,0.4531,0.0958,,,,,
bob,0,28676062,3183,-0.0016,0.1557,0.98,,-1.0214,0.453,0.0959,,,,,
bob,0,28676062,3184,-0.0013,0.1664,1.04,,-1.0349,0.453,0.096,,,,,
bob,0,28676062,3185,0.0011,0.1482,1.02,,-1.0223,0.4529,0.096,,,,,
bob,0,28676062,3186,-0.0012,0.1566,1.0,,-1.0143,0.4529,0.0961,,,,,
bob,0,28676062,3187,-0.0007,0.1828,1.0999999999999999,,-1.0138,0.4528,0.0962,,,,,
bob,0,28676062,3188,-0.0009,0.1687,1.1199999999999999,,-1.0226,0.4528,0.0965,,,,,
bob,0,28676062,3189,0.0007,0.1359,0.8200000000000001,,-1.0195,0.4527,0.0965,,,,,
bob,0,28676062,3190,0.0001,0.1498,0.9199999999999999,,-1.0184,0.4527,0.0966,,,,,
bob,0,28676062,3191,0.0004,0.1435,0.9199999999999999,,-1.0354,0.4526,0.0967,,,,,
bob,0,28676062,3192,0.0012,0.1113,0.72,,-1.0184,0.4526,0.0966,,,,,
bob,0,28676062,3193,0.0003,0.1333,1.0,,-1.0319,0.4525,0.0967,,,,,
bob,0,28676062,3194,-0.0007,0.1488,0.96,,-1.0228,0.4525,0.0968,,,,,
bob,0,28676062,3195,0.0,0.1471,0.96,,-1.0185,0.4524,0.0969,,,,,
bob,0,28676062,3196,0.0003,0.1246,0.8200000000000001,,-1.023,0.4524,0.0969,,,,,
bob,0,28676062,3197,-0.0007,0.1168,0.76,,-1.026,0.4524,0.0969,,,,,
bob,0,28676062,3198,-0.0002,0.1279,0.9199999999999999,,-1.0096,0.4523,0.097,,,,,
bob,0,28676062,3199,-0.0006,0.1576,0.98,,-1.0251,0.4523,0.0969,,,,,
bob,0,28676062,3200,-0.0019,0.1691,1.06,,-1.0203,0.4522,0.097,,,,,
bob,0,28676062,3201,0.0002,0.1192,0.86,,-1.0247,0.4522,0.0969,,,,,
bob,0,28676062,3202,-0.0005,0.1278,0.8,,-1.0339,0.4522,0.0969,,,,,
bob,0,28676062,3203,-0.0004,0.1155,0.8,,-1.0272,0.4521,0.097,,,,,
bob,0,28676062,3204,0.0006,0.1268,0.8200000000000001,,-1.0264,0.4521,0.0971,,,,,
bob,0,28676062,3205,-0.0018,0.142,0.86,,-1.0249,0.4521,0.0972,,,,,
bob,0,28676062,3206,0.0002,0.1474,0.9400000000000001,,-1.027,0.452,0.0974,,,,,
bob,0,28676062,3207,-0.0018,0.1365,0.8999999999999999,,-1.0179,0.452,0.0975,,,,,
bob,0,28676062,3208,-0.0028,0.1641,1.04,,-1.0267,0.4519,0.0977,,,,,
bob,0,28676062,3209,-0.0004,0.1573,1.02,,-1.0217,0.4519,0.0978,,,,,
bob,0,28676062,3210,-0.0009,0.1521,1.04,,-1.0194,0.4519,0.098,,,,,
bob,0,28676062,3211,-0.0004,0.1355,0.88,,-1.033,0.4518,0.098,,,,,
bob,0,28676062,3212,-0.0004,0.1183,0.7799999999999999,,-1.0268,0.4518,0.098,,,,,
bob,0,28676062,3213,-0.0,0.1404,0.8999999999999999,,-1.0331,0.4517,0.098,,,,,
bob,0,28676062,3214,0.0009,0.1354,0.8999999999999999,,-1.0303,0.4517,0.0979,,,,,
bob,0,28676062,3215,-0.0004,0.1518,1.04,,-1.0381,0.4517,0.0979,,,,,
bob,0,28676062,3216,0.0001,0.1447,0.9400000000000001,,-1.0244,0.4516,0.098,,,,,
bob,0,28676062,3217,-0.0005,0.1733,1.08,,-1.0231,0.4516,0.0981,,,,,
bob,0,28676062,3218,-0.0001,0.1709,1.08,,-1.0431,0.4516,0.0984,,,,,
bob,0,28676062,3219,-0.0008,0.1375,0.8999999999999999,,-1.0287,0.4515,0.0984,,,,,
bob,0,28676062,3220,-0.0001,0.1117,0.76,,-1.0348,0.4515,0.0983,,,,,
bob,0,28676062,3221,0.0009,0.1481,0.98,,-1.0253,0.4514,0.0986,,,,,
bob,0,28676062,3222,0.0002,0.134,0.8999999999999999,,-1.0265,0.4514,0.0986,,,,,
bob,0,28676062,3223,-0.001,0.1141,0.7799999999999999,,-1.0182,0.4514,0.0985,,,,,
bob,0,28676062,3224,-0.0007,0.1385,1.0,,-1.0331,0.4513,0.0985,,,,,
bob,0,28676062,3225,0.0003,0.164,1.02,,-1.0409,0.4513,0.0986,,,,,
bob,0,28676062,3226,-0.0006,0.1661,1.08,,-1.0386,0.4513,0.0988,,,,,
bob,0,28676062,3227,-0.0005,0.1511,0.9400000000000001,,-1.0354,0.4512,0.099,,,,,
bob,0,28676062,3228,0.0001,0.1418,0.9400000000000001,,-1.0327,0.4512,0.099,,,,,
bob,0,28676062,3229,0.0003,0.1318,0.9199999999999999,,-1.0235,0.4512,0.0989,,,,,
bob,0,28676062,3230,-0.0002,0.1417,0.8999999999999999,,-1.0314,0.4511,0.0988,,,,,
bob,0,28676062,3231,-0.0015,0.1571,0.88,,-1.0294,0.4511,0.0988,,,,,
bob,0,28676062,3232,-0.0,0.1319,0.86,,-1.0264,0.4511,0.0988,,,,,
bob,0,28676062,3233,0.0003,0.1648,1.1400000000000001,,-1.0377,0.4511,0.0989,,,,,
bob,0,28676062,3234,-0.0009,0.1662,0.98,,-1.0348,0.451,0.099,,,,,
bob,0,28676062,3235,-0.0007,0.1308,0.8200000000000001,,-1.0443,0.451,0.0991,,,,,
bob,0,28676062,3236,0.0008,0.1559,0.9400000000000001,,-1.0283,0.451,0.0991,,,,,
bob,0,28676062,3237,0.0011,0.1294,0.8,,-1.0265,0.451,0.0991,,,,,
bob,0,28676062,3238,-0.0,0.1636,1.1199999999999999,,-1.0312,0.4509,0.0993,,,,,
bob,0,28676062,3239,-0.0008,0.1487,1.04,,-1.0252,0.4509,0.0995,,,,,
bob,0,28676062,3240,0.0009,0.1423,0.96,,-1.0296,0.4509,0.0997,,,,,
bob,0,28676062,3241,-0.0004,0.1316,0.7799999999999999,,-1.0275,0.4508,0.0997,,,,,
bob,0,28676062,3242,0.0009,0.1419,0.88,,-1.029,0.4508,0.0997,,,,,
bob,0,28676062,3243,-0.0012,0.1411,0.9400000000000001,,-1.0294,0.4508,0.0997,,,,,
bob,0,28676062,3244,0.0003,0.1558,0.8999999999999999,,-1.024,0.4507,0.0998,,,,,
bob,0,28676062,3245,0.0005,0.1714,1.16,,-1.0227,0.4507,0.1,,,,,
bob,0,28676062,3246,-0.0002,0.1615,1.0,,-1.023,0.4506,0.1001,,,,,
bob,0,28676062,3247,0.0003,0.1271,0.8,,-1.0219,0.4506,0.1001,,,,,
bob,0,28676062,3248,-0.0005,0.1373,0.98,,-1.0336,0.4506,0.1001,,,,,
bob,0,28676062,3249,-0.0002,0.1458,0.88,,-1.0282,0.4505,0.1,,,,,
bob,0,28676062,3250,-0.0003,0.1593,0.9199999999999999,,-1.025,0.4505,0.1,,,,,
bob,0,28676062,3251,0.0002,0.1555,1.08,,-1.0284,0.4505,0.1001,,,,,
bob,0,28676062,3252,-0.0004,0.1412,0.98,,-1.0161,0.4505,0.1002,,,,,
bob,0,28676062,3253,-0.0007,0.1577,1.0,,-1.0279,0.4504,0.1003,,,,,
bob,0,28676062,3254,-0.0021,0.1503,0.9199999999999999,,-1.0237,0.4504,0.1004,,,,,
bob,0,28676062,3255,0.0012,0.1538,1.04,,-1.0256,0.4504,0.1005,,,,,
bob,0,28676062,3256,-0.0005,0.1766,1.1199999999999999,,-1.0242,0.4503,0.1006,,,,,
bob,0,28676062,3257,-0.0001,0.1603,1.06,,-1.0247,0.4503,0.1008,,,,,
bob,0,28676062,3258,0.0003,0.1533,1.06,,-1.0206,0.4503,0.1009,,,,,
bob,0,28676062,3259,0.0016,0.1389,0.84,,-1.0262,0.4502,0.1008,,,,,
bob,0,28676062,3260,-0.0005,0.1295,0.8999999999999999,,-1.0287,0.4502,0.1009,,,,,
bob,0,28676062,3261,-0.0003,0.1475,1.02,,-1.0218,0.4502,0.1009,,,,,
bob,0,28676062,3262,0.0008,0.1439,0.98,,-1.028,0.4501,0.101,,,,,
bob,0,28676062,3263,-0.0025,0.1554,1.0,,-1.0262,0.4501,0.1013,,,,,
bob,0,28676062,3264,0.0013,0.1518,0.88,,-1.0335,0.4501,0.1013,,,,,
bob,0,28676062,3265,-0.0007,0.1418,0.96,,-1.0309,0.45,0.1015,,,,,
bob,0,28676062,3266,0.0015,0.18,1.0999999999999999,,-1.0238,0.45,0.1016,,,,,
bob,0,28676062,3267,-0.0014,0.1404,0.84,,-1.0213,0.4499,0.1017,,,,,
bob,0,28676062,3268,0.0004,0.1319,0.8,,-1.0301,0.4499,0.1017,,,,,
bob,0,28676062,3269,0.0006,0.1649,1.08,,-1.0225,0.4498,0.1019,,,,,
bob,0,28676062,3270,0.0003,0.1689,1.04,,-1.0246,0.4498,0.102,,,,,
bob,0,28676062,3271,0.0003,0.1669,1.0,,-1.0196,0.4498,0.1021,,,,,
bob,0,28676062,3272,0.0001,0.1494,0.98,,-1.0213,0.4497,0.1022,,,,,
bob,0,28676062,3273,-0.001,0.1409,0.88,,-1.0332,0.4497,0.1024,,,,,
bob,0,28676062,3274,-0.0028,0.1291,0.86,,-1.0197,0.4496,0.1023,,,,,
bob,0,28676062,3275,-0.0007,0.1332,0.9400000000000001,,-1.0194,0.4496,0.1024,,,,,
bob,0,28676062,3276,-0.0012,0.1589,1.0,,-1.0194,0.4496,0.1025,,,,,
bob,0,28676062,3277,0.0003,0.1324,0.84,,-1.0165,0.4495,0.1025,,,,,
bob,0,28676062,3278,0.0006,0.1449,1.02,,-1.0296,0.4495,0.1026,,,,,
bob,0,28676062,3279,-0.0,0.1344,0.8200000000000001,,-1.028,0.4494,0.1026,,,,,
bob,0,28676062,3280,0.0,0.1492,0.98,,-1.0388,0.4494,0.1028,,,,,
bob,0,28676062,3281,0.0,0.1506,0.96,,-1.0307,0.4494,0.1027,,,,,
bob,0,28676062,3282,0.0005,0.1476,0.98,,-1.032,0.4493,0.1027,,,,,
bob,0,28676062,3283,0.0005,0.1558,0.9400000000000001,,-1.0169,0.4493,0.1027,,,,,
bob,0,28676062,3284,-0.0008,0.1632,1.02,,-1.0238,0.4493,0.1028,,,,,
bob,0,28676062,3285,-0.0004,0.1635,1.02,,-1.0187,0.4492,0.1029,,,,,
bob,0,28676062,3286,-0.0001,0.1402,0.88,,-1.0302,0.4492,0.103,,,,,
bob,0,28676062,3287,0.0007,0.1364,0.88,,-1.029,0.4491,0.1029,,,,,
bob,0,28676062,3288,-0.0,0.1569,0.96,,-1.032,0.4491,0.1029,,,,,
bob,0,28676062,3289,-0.0007,0.1585,1.02,,-1.0163,0.4491,0.1029,,,,,
bob,0,28676062,3290,0.0003,0.1656,1.0,,-1.0224,0.4491,0.1029,,,,,
bob,0,28676062,3291,-0.0,0.1432,1.04,,-1.0216,0.449,0.1031,,,,,
bob,0,28676062,3292,-0.0002,0.1301,0.88,,-1.0298,0.449,0.103,,,,,
bob,0,28676062,3293,-0.001,0.1501,0.9199999999999999,,-1.022,0.449,0.103,,,,,
bob,0,28676062,3294,-0.0013,0.162,0.98,,-1.0275,0.449,0.103,,,,,
bob,0,28676062,3295,-0.0004,0.1257,0.86,,-1.0227,0.4489,0.1029,,,,,
bob,0,28676062,3296,-0.0005,0.1449,1.0,,-1.016,0.4489,0.103,,,,,
bob,0,28676062,3297,-0.0,0.147,0.8999999999999999,,-1.008,0.4489,0.1029,,,,,
bob,0,28676062,3298,-0.0006,0.1347,0.88,,-1.0295,0.4489,0.1029,,,,,
bob,0,28676062,3299,0.0022,0.1439,0.86,,-1.0261,0.4489,0.1028,,,,,
bob,0,28676062,3300,0.0,0.1159,0.84,,-1.0329,0.4489,0.1028,,,,,
bob,0,28676062,3301,0.0009,0.135,0.88,,-1.0363,0.4488,0.1028,,,,,
bob,0,28676062,3302,0.0004,0.1316,0.9400000000000001,,-1.0189,0.4488,0.1029,,,,,
bob,0,28676062,3303,-0.0006,0.1438,0.9400000000000001,,-1.0323,0.4488,0.103,,,,,
bob,0,28676062,3304,-0.0008,0.1482,1.0,,-1.0369,0.4488,0.1031,,,,,
bob,0,28676062,3305,0.0005,0.1452,0.9199999999999999,,-1.0198,0.4488,0.1031,,,,,
bob,0,28676062,3306,0.0018,0.1473,0.9400000000000001,,-1.0278,0.4488,0.103,,,,,
bob,0,28676062,3307,-0.0021,0.1696,1.04,,-1.0271,0.4487,0.1031,,,,,
bob,0,28676062,3308,0.0006,0.1636,1.06,,-1.0365,0.4487,0.1034,,,,,
bob,0,28676062,3309,-0.0007,0.1686,1.1199999999999999,,-1.0277,0.4487,0.1035,,,,,
bob,0,28676062,3310,-0.0004,0.1688,1.1199999999999999,,-1.0224,0.4487,0.1036,,,,,
bob,0,28676062,3311,-0.0001,0.1808,1.1400000000000001,,-1.0314,0.4486,0.1038,,,,,
bob,0,28676062,3312,-0.0017,0.1336,0.96,,-1.0388,0.4486,0.1038,,,,,
bob,0,28676062,3313,-0.0011,0.1664,1.1400000000000001,,-1.0371,0.4486,0.1039,,,,,
bob,0,28676062,3314,0.0012,0.1332,0.8,,-1.0257,0.4486,0.1039,,,,,
bob,0,28676062,3315,0.0,0.1422,0.9400000000000001,,-1.0257,0.4485,0.1039,,,,,
bob,0,28676062,3316,0.0003,0.1616,0.9400000000000001,,-1.0439,0.4485,0.104,,,,,
bob,0,28676062,3317,-0.0007,0.1304,0.88,,-1.0231,0.4485,0.1039,,,,,
bob,0,28676062,3318,0.0016,0.1426,0.9199999999999999,,-1.0213,0.4485,0.1039,,,,,
bob,0,28676062,3319,0.0009,0.164,1.08,,-1.0237,0.4484,0.104,,,,,
bob,0,28676062,3320,-0.0011,0.1339,0.9400000000000001,,-1.0288,0.4484,0.1041,,,,,
bob,0,28676062,3321,0.0003,0.121,0.8200000000000001,,-1.0351,0.4484,0.1039,,,,,
bob,0,28676062,3322,-0.0011,0.1479,0.96,,-1.0292,0.4484,0.1041,,,,,
bob,0,28676062,3323,-0.0015,0.1438,0.9199999999999999,,-1.0206,0.4484,0.104,,,,,
bob,0,28676062,3324,-0.0014,0.149,0.9400000000000001,,-1.0249,0.4483,0.1041,,,,,
bob,0,28676062,3325,0.0004,0.1939,1.2,,-1.0225,0.4483,0.1044,,,,,
bob,0,28676062,3326,0.0005,0.152,0.9199999999999999,,-1.0277,0.4483,0.1043,,,,,
bob,0,28676062,3327,-0.0015,0.2028,1.32,,-1.0301,0.4483,0.1045,,,,,
bob,0,28676062,3328,0.0008,0.168,1.0999999999999999,,-1.0254,0.4482,0.1047,,,,,
bob,0,28676062,3329,-0.0016,0.1698,1.08,,-1.0357,0.4482,0.1047,,,,,
bob,0,28676062,3330,0.0003,0.1719,1.08,,-1.02,0.4482,0.1048,,,,,
bob,0,28676062,3331,-0.0012,0.1533,0.8999999999999999,,-1.0177,0.4481,0.1048,,,,,
bob,0,28676062,3332,-0.0016,0.1541,1.04,,-1.0197,0.4481,0.1049,,,,,
bob,0,28676062,3333,-0.0008,0.1188,0.76,,-1.0212,0.4481,0.1048,,,,,
bob,0,28676062,3334,0.0014,0.1506,1.02,,-1.0254,0.4481,0.1049,,,,,
bob,0,28676062,3335,0.0005,0.1653,1.02,,-1.0239,0.448,0.105,,,,,
bob,0,28676062,3336,-0.0002,0.1424,0.9199999999999999,,-1.0261,0.448,0.1051,,,,,
bob,0,28676062,3337,-0.0,0.1318,0.86,,-1.0171,0.448,0.1051,,,,,
bob,0,28676062,3338,-0.0001,0.1336,0.8200000000000001,,-1.0271,0.4479,0.105,,,,,
bob,0,28676062,3339,0.0021,0.1357,0.8200000000000001,,-1.0237,0.4479,0.1051,,,,,
bob,0,28676062,3340,0.0008,0.1752,1.16,,-1.0123,0.4479,0.1052,,,,,
bob,0,28676062,3341,0.0023,0.1523,1.04,,-1.0126,0.4479,0.1054,,,,,
bob,0,28676062,3342,0.001,0.1253,0.86,,-1.0195,0.4478,0.1054,,,,,
bob,0,28676062,3343,0.0005,0.1648,1.0999999999999999,,-1.0172,0.4478,0.1055,,,,,
bob,0,28676062,3344,-0.0001,0.1248,0.84,,-1.0211,0.4478,0.1055,,,,,
bob,0,28676062,3345,0.0006,0.1247,0.8,,-1.0255,0.4478,0.1054,,,,,
bob,0,28676062,3346,-0.0012,0.1288,0.8999999999999999,,-1.0315,0.4477,0.1053,,,,,
bob,0,28676062,3347,-0.0004,0.1439,0.9400000000000001,,-1.0255,0.4477,0.1053,,,,,
bob,0,28676062,3348,0.0003,0.1334,0.88,,-1.0225,0.4477,0.1053,,,,,
bob,0,28676062,3349,0.001,0.1367,0.9400000000000001,,-1.0295,0.4477,0.1053,,,,,
bob,0,28676062,3350,0.0002,0.1444,1.04,,-1.0295,0.4477,0.1053,,,,,
bob,0,28676062,3351,-0.0018,0.148,0.8999999999999999,,-1.0403,0.4476,0.1054,,,,,
bob,0,28676062,3352,0.0002,0.1324,0.84,,-1.0314,0.4476,0.1054,,,,,
bob,0,28676062,3353,0.0009,0.1397,0.86,,-1.0243,0.4476,0.1054,,,,,
bob,0,28676062,3354,-0.0018,0.1494,1.04,,-1.0246,0.4476,0.1055,,,,,
bob,0,28676062,3355,-0.0,0.1601,1.08,,-1.0332,0.4476,0.1057,,,,,
bob,0,28676062,3356,-0.0003,0.1595,1.0,,-1.0286,0.4475,0.1059,,,,,
bob,0,28676062,3357,-0.0001,0.1441,0.98,,-1.0304,0.4475,0.106,,,,,
bob,0,28676062,3358,0.0002,0.1557,1.02,,-1.015,0.4475,0.106,,,,,
bob,0,28676062,3359,-0.0003,0.1503,0.98,,-1.0354,0.4475,0.1061,,,,,
bob,0,28676062,3360,-0.0002,0.14,0.96,,-1.0203,0.4474,0.1061,,,,,
bob,0,28676062,3361,-0.0021,0.1405,0.9400000000000001,,-1.0282,0.4474,0.1062,,,,,
bob,0,28676062,3362,0.0011,0.1686,1.08,,-1.0303,0.4474,0.1063,,,,,
bob,0,28676062,3363,-0.0008,0.1481,0.9199999999999999,,-1.0298,0.4474,0.1062,,,,,
bob,0,28676062,3364,-0.0005,0.1385,0.8999999999999999,,-1.0218,0.4473,0.1061,,,,,
bob,0,28676062,3365,-0.0022,0.1387,0.9400000000000001,,-1.0236,0.4473,0.1061,,,,,
bob,0,28676062,3366,0.0003,0.1316,0.9199999999999999,,-1.0344,0.4473,0.106,,,,,
bob,0,28676062,3367,-0.0004,0.1522,0.9199999999999999,,-1.0398,0.4473,0.1058,,,,,
bob,0,28676062,3368,-0.0009,0.1573,1.0,,-1.0341,0.4473,0.1059,,,,,
bob,0,28676062,3369,-0.0005,0.1296,0.8,,-1.026,0.4473,0.1059,,,,,
bob,0,28676062,3370,0.0009,0.1484,1.0,,-1.0192,0.4473,0.1059,,,,,
bob,0,28676062,3371,-0.0002,0.14,0.86,,-1.0339,0.4473,0.1059,,,,,
bob,0,28676062,3372,-0.0004,0.1323,0.9199999999999999,,-1.0195,0.4472,0.1057,,,,,
bob,0,28676062,3373,0.0008,0.1681,1.04,,-1.026,0.4472,0.1058,,,,,
bob,0,28676062,3374,-0.0011,0.1449,0.96,,-1.0272,0.4472,0.1057,,,,,
bob,0,28676062,3375,0.0006,0.1462,0.96,,-1.0301,0.4472,0.1056,,,,,
bob,0,28676062,3376,-0.0012,0.1499,0.9199999999999999,,-1.0381,0.4472,0.1054,,,,,
bob,0,28676062,3377,-0.0004,0.1568,0.98,,-1.0282,0.4472,0.1054,,,,,
bob,0,28676062,3378,-0.0026,0.1826,1.0999999999999999,,-1.0278,0.4472,0.1054,,,,,
bob,0,28676062,3379,0.0001,0.188,1.2,,-1.0244,0.4472,0.1056,,,,,
bob,0,28676062,3380,0.0005,0.1211,0.76,,-1.0341,0.4472,0.1054,,,,,
bob,0,28676062,3381,-0.0008,0.1596,1.0,,-1.0279,0.4472,0.1054,,,,,
bob,0,28676062,3382,-0.0014,0.1343,0.96,,-1.0359,0.4472,0.1054,,,,,
bob,0,28676062,3383,-0.0003,0.1317,0.96,,-1.0316,0.4473,0.1054,,,,,
bob,0,28676062,3384,-0.0006,0.1526,1.02,,-1.039,0.4473,0.1054,,,,,
bob,0,28676062,3385,0.001,0.1542,0.98,,-1.0365,0.4473,0.1053,,,,,
bob,0,28676062,3386,-0.0003,0.1507,0.98,,-1.0338,0.4473,0.1053,,,,,
bob,0,28676062,3387,0.0009,0.1544,0.9400000000000001,,-1.0338,0.4473,0.1053,,,,,
bob,0,28676062,3388,-0.0019,0.136,0.98,,-1.0142,0.4473,0.1052,,,,,
bob,0,28676062,3389,-0.0002,0.1664,1.08,,-1.0274,0.4473,0.1054,,,,,
bob,0,28676062,3390,0.0001,0.1491,0.88,,-1.0355,0.4473,0.1053,,,,,
bob,0,28676062,3391,-0.0001,0.1379,0.9199999999999999,,-1.0261,0.4473,0.1053,,,,,
bob,0,28676062,3392,-0.0005,0.1374,0.86,,-1.0218,0.4473,0.1054,,,,,
bob,0,28676062,3393,0.0004,0.1458,0.96,,-1.0298,0.4473,0.1054,,,,,
bob,0,28676062,3394,0.0003,0.1577,0.98,,-1.015,0.4473,0.1054,,,,,
bob,0,28676062,3395,-0.0011,0.1531,0.96,,-1.0149,0.4473,0.1054,,,,,
bob,0,28676062,3396,0.0011,0.1526,0.9199999999999999,,-1.0188,0.4473,0.1055,,,,,
bob,0,28676062,3397,0.001,0.14,0.9199999999999999,,-1.0355,0.4473,0.1056,,,,,
bob,0,28676062,3398,0.0007,0.1356,0.86,,-1.0276,0.4473,0.1056,,,,,
bob,0,28676062,3399,0.0004,0.1231,0.88,,-1.0185,0.4473,0.1055,,,,,
bob,0,28676062,3400,-0.0006,0.1505,0.98,,-1.0401,0.4473,0.1054,,,,,
bob,0,28676062,3401,-0.0017,0.1156,0.76,,-1.0276,0.4473,0.1054,,,,,
bob,0,28676062,3402,-0.001,0.1256,0.9199999999999999,,-1.0353,0.4473,0.1055,,,,,
bob,0,28676062,3403,0.0012,0.1588,1.0,,-1.029,0.4473,0.1056,,,,,
bob,0,28676062,3404,-0.0,0.1547,1.02,,-1.0336,0.4473,0.1057,,,,,
bob,0,28676062,3405,0.0006,0.1466,0.98,,-1.0211,0.4473,0.1058,,,,,
bob,0,28676062,3406,-0.0007,0.159,1.02,,-1.0307,0.4472,0.1058,,,,,
bob,0,28676062,3407,-0.0004,0.1527,0.96,,-1.0275,0.4472,0.1059,,,,,
bob,0,28676062,3408,-0.0003,0.1442,0.98,,-1.026,0.4472,0.1059,,,,,
bob,0,28676062,3409,-0.0006,0.1245,0.8,,-1.0197,0.4472,0.1057,,,,,
bob,0,28676062,3410,-0.0,0.1313,0.8999999999999999,,-1.0277,0.4472,0.1056,,,,,
bob,0,28676062,3411,-0.0004,0.2047,1.24,,-1.0255,0.4472,0.1059,,,,,
bob,0,28676062,3412,-0.0012,0.1589,1.1199999999999999,,-1.0276,0.4472,0.1061,,,,,
bob,0,28676062,3413,-0.0002,0.176,1.0999999999999999,,-1.0276,0.4472,0.1062,,,,,
bob,0,28676062,3414,-0.0006,0.1276,0.8200000000000001,,-1.0324,0.4472,0.1062,,,,,
bob,0,28676062,3415,-0.0004,0.1433,0.9400000000000001,,-1.0284,0.4472,0.1061,,,,,
bob,0,28676062,3416,0.0002,0.1251,0.8200000000000001,,-1.0238,0.4472,0.106,,,,,
bob,0,28676062,3417,-0.0009,0.1331,0.88,,-1.0198,0.4471,0.1059,,,,,
bob,0,28676062,3418,0.0003,0.1416,0.88,,-1.0166,0.4471,0.1057,,,,,
bob,0,28676062,3419,-0.0009,0.1307,0.8999999999999999,,-1.0193,0.4471,0.1057,,,,,
bob,0,28676062,3420,0.0012,0.1323,0.86,,-1.0269,0.4471,0.1058,,,,,
bob,0,28676062,3421,-0.0003,0.1534,0.98,,-1.0276,0.4471,0.1058,,,,,
bob,0,28676062,3422,0.0001,0.1718,1.0999999999999999,,-1.0273,0.4471,0.106,,,,,
bob,0,28676062,3423,0.0001,0.1182,0.86,,-1.0237,0.4471,0.106,,,,,
bob,0,28676062,3424,-0.0004,0.1211,0.84,,-1.028,0.4471,0.1059,,,,,
bob,0,28676062,3425,-0.0004,0.1473,0.9400000000000001,,-1.0267,0.4471,0.1059,,,,,
bob,0,28676062,3426,0.0001,0.1648,1.0,,-1.0327,0.4471,0.1058,,,,,
bob,0,28676062,3427,0.0006,0.1286,0.84,,-1.0311,0.4471,0.1057,,,,,
bob,0,28676062,3428,0.0,0.1392,0.96,,-1.0323,0.4471,0.1058,,,,,
bob,0,28676062,3429,-0.0008,0.1259,0.88,,-1.0289,0.4471,0.1057,,,,,
bob,0,28676062,3430,-0.0009,0.1461,0.86,,-1.0307,0.4471,0.1057,,,,,
bob,0,28676062,3431,0.0005,0.1554,1.0,,-1.0297,0.4471,0.1057,,,,,
bob,0,28676062,3432,0.0015,0.1647,1.0999999999999999,,-1.0287,0.4471,0.1059,,,,,
bob,0,28676062,3433,-0.0004,0.1678,1.08,,-1.023,0.4471,0.1059,,,,,
bob,0,28676062,3434,0.0002,0.1552,0.96,,-1.0272,0.4471,0.1058,,,,,
bob,0,28676062,3435,0.0004,0.1172,0.8,,-1.0286,0.4471,0.1058,,,,,
bob,0,28676062,3436,-0.0003,0.1858,1.08,,-1.0415,0.4471,0.1059,,,,,
bob,0,28676062,3437,-0.001,0.1408,0.9400000000000001,,-1.0179,0.4471,0.106,,,,,
bob,0,28676062,3438,-0.0004,0.1378,1.02,,-1.032,0.4471,0.1059,,,,,
bob,0,28676062,3439,0.0013,0.1577,1.0,,-1.0233,0.4471,0.1059,,,,,
bob,0,28676062,3440,0.001,0.1275,0.8,,-1.023,0.4471,0.1058,,,,,
bob,0,28676062,3441,-0.0013,0.1286,0.9199999999999999,,-1.0219,0.4471,0.1058,,,,,
bob,0,28676062,3442,0.0002,0.1469,0.98,,-1.018,0.4471,0.1059,,,,,
bob,0,28676062,3443,0.0013,0.1483,1.08,,-1.0203,0.4471,0.106,,,,,
bob,0,28676062,3444,0.0014,0.1796,1.08,,-1.027,0.4471,0.1061,,,,,
bob,0,28676062,3445,-0.0013,0.181,1.08,,-1.0262,0.4471,0.1061,,,,,
bob,0,28676062,3446,-0.0008,0.1222,0.86,,-1.0295,0.4471,0.1059,,,,,
bob,0,28676062,3447,-0.0004,0.1367,0.9400000000000001,,-1.0194,0.4471,0.106,,,,,
bob,0,28676062,3448,-0.0009,0.128,0.86,,-1.021,0.4471,0.106,,,,,
bob,0,28676062,3449,0.0016,0.1165,0.8,,-1.0328,0.4471,0.1059,,,,,
bob,0,28676062,3450,0.0004,0.1506,1.0,,-1.0377,0.4471,0.1059,,,,,
bob,0,28676062,3451,-0.0005,0.1452,1.06,,-1.0131,0.4471,0.1059,,,,,
bob,0,28676062,3452,-0.0022,0.1356,0.9400000000000001,,-1.0245,0.4471,0.1059,,,,,
bob,0,28676062,3453,0.0004,0.1228,0.8200000000000001,,-1.0323,0.4471,0.1058,,,,,
bob,0,28676062,3454,0.0009,0.1203,0.84,,-1.0285,0.4471,0.1057,,,,,
bob,0,28676062,3455,0.0001,0.1249,0.84,,-1.0285,0.4471,0.1055,,,,,
bob,0,28676062,3456,-0.0005,0.1296,0.8200000000000001,,-1.0228,0.4471,0.1053,,,,,
bob,0,28676062,3457,0.0001,0.1344,0.8,,-1.0228,0.4471,0.1052,,,,,
bob,0,28676062,3458,-0.0008,0.144,1.0,,-1.0219,0.4471,0.1051,,,,,
bob,0,28676062,3459,-0.0009,0.169,1.16,,-1.0219,0.4471,0.1053,,,,,
bob,0,28676062,3460,0.0003,0.1956,1.28,,-1.0324,0.4471,0.1055,,,,,
bob,0,28676062,3461,0.0,0.1714,1.1400000000000001,,-1.0291,0.4471,0.1057,,,,,
bob,0,28676062,3462,0.0015,0.1615,1.08,,-1.0322,0.4471,0.1057,,,,,
bob,0,28676062,3463,0.0011,0.1611,1.22,,-1.0349,0.4471,0.1058,,,,,
bob,0,28676062,3464,-0.0006,0.1754,1.08,,-1.0258,0.4471,0.1059,,,,,
bob,0,28676062,3465,-0.0003,0.1577,0.9400000000000001,,-1.0275,0.4471,0.1059,,,,,
bob,0,28676062,3466,-0.0005,0.1646,1.24,,-1.0253,0.4471,0.106,,,,,
bob,0,28676062,3467,0.0001,0.1757,1.08,,-1.0136,0.4471,0.1062,,,,,
bob,0,28676062,3468,0.0004,0.1486,0.9199999999999999,,-1.0212,0.4471,0.1062,,,,,
bob,0,28676062,3469,-0.0009,0.1703,1.02,,-1.0342,0.4471,0.1062,,,,,
bob,0,28676062,3470,-0.0003,0.1382,0.9400000000000001,,-1.0196,0.4471,0.1061,,,,,
bob,0,28676062,3471,-0.0008,0.1371,0.9400000000000001,,-1.0212,0.4471,0.106,,,,,
bob,0,28676062,3472,0.0011,0.1516,0.9400000000000001,,-1.0246,0.4471,0.106,,,,,
bob,0,28676062,3473,-0.0004,0.1804,1.1199999999999999,,-1.0379,0.4471,0.1061,,,,,
bob,0,28676062,3474,-0.0002,0.1468,1.0,,-1.0234,0.4471,0.1062,,,,,
bob,0,28676062,3475,0.0004,0.2117,1.34,,-1.0275,0.447,0.1065,,,,,
bob,0,28676062,3476,-0.001,0.1668,1.04,,-1.0128,0.447,0.1065,,,,,
bob,0,28676062,3477,0.0002,0.1656,1.08,,-1.0253,0.447,0.1067,,,,,
bob,0,28676062,3478,0.0013,0.183,1.18,,-1.041,0.447,0.1068,,,,,
bob,0,28676062,3479,-0.0017,0.1858,1.0999999999999999,,-1.0273,0.447,0.107,,,,,
bob,0,28676062,3480,0.0004,0.1543,1.0,,-1.026,0.4469,0.107,,,,,
bob,0,28676062,3481,0.0008,0.1682,1.04,,-1.0185,0.4469,0.1071,,,,,
bob,0,28676062,3482,0.0024,0.1617,0.9400000000000001,,-1.0296,0.4469,0.1071,,,,,
bob,0,28676062,3483,0.0001,0.1243,0.88,,-1.0289,0.4469,0.107,,,,,
bob,0,28676062,3484,0.0008,0.1683,1.02,,-1.0259,0.4469,0.107,,,,,
bob,0,28676062,3485,0.0005,0.1692,1.1199999999999999,,-1.0182,0.4468,0.1071,,,,,
bob,0,28676062,3486,-0.0004,0.1392,0.9199999999999999,,-1.0146,0.4468,0.1071,,,,,
bob,0,28676062,3487,-0.0004,0.1599,1.0,,-1.0208,0.4468,0.1072,,,,,
bob,0,28676062,3488,-0.0006,0.144,0.98,,-1.0358,0.4468,0.1072,,,,,
bob,0,28676062,3489,0.0006,0.1894,1.28,,-1.0365,0.4468,0.1074,,,,,
bob,0,28676062,3490,-0.0006,0.1602,1.06,,-1.0279,0.4467,0.1074,,,,,
bob,0,28676062,3491,0.0015,0.148,0.9199999999999999,,-1.0333,0.4467,0.1073,,,,,
bob,0,28676062,3492,-0.001,0.174,1.0,,-1.024,0.4467,0.1074,,,,,
bob,0,28676062,3493,0.0002,0.1768,1.22,,-1.0194,0.4467,0.1076,,,,,
bob,0,28676062,3494,0.0018,0.1465,1.0,,-1.0237,0.4466,0.1076,,,,,
bob,0,28676062,3495,-0.0004,0.172,1.1199999999999999,,-1.0259,0.4466,0.1079,,,,,
bob,0,28676062,3496,-0.0005,0.1518,0.86,,-1.0216,0.4466,0.1078,,,,,
bob,0,28676062,3497,0.0003,0.1869,1.16,,-1.0369,0.4466,0.1079,,,,,
bob,0,28676062,3498,-0.0011,0.1329,0.8999999999999999,,-1.0266,0.4465,0.108,,,,,
bob,0,28676062,3499,-0.0012,0.1531,0.9199999999999999,,-1.0271,0.4465,0.108,,,,,
bob,0,28676062,3500,-0.0005,0.1507,1.0,,-1.0334,0.4465,0.1081,,,,,
bob,0,28676062,3501,-0.0013,0.1704,1.1199999999999999,,-1.0248,0.4464,0.1083,,,,,
bob,0,28676062,3502,0.0005,0.148,0.9400000000000001,,-1.0202,0.4464,0.1083,,,,,
bob,0,28676062,3503,-0.0009,0.1347,0.8999999999999999,,-1.0227,0.4464,0.1083,,,,,
bob,0,28676062,3504,0.001,0.177,1.18,,-1.0235,0.4464,0.1084,,,,,
bob,0,28676062,3505,-0.0006,0.151,1.02,,-1.0268,0.4463,0.1085,,,,,
bob,0,28676062,3506,-0.0021,0.1557,1.04,,-1.0176,0.4463,0.1085,,,,,
bob,0,28676062,3507,-0.0008,0.149,0.98,,-1.0256,0.4463,0.1084,,,,,
bob,0,28676062,3508,-0.0004,0.175,1.08,,-1.0211,0.4462,0.1084,,,,,
bob,0,28676062,3509,0.0008,0.1843,1.2,,-1.0229,0.4462,0.1085,,,,,
bob,0,28676062,3510,0.0006,0.1544,0.98,,-1.0287,0.4462,0.1084,,,,,
bob,0,28676062,3511,0.001,0.1237,0.84,,-1.0296,0.4462,0.1082,,,,,
bob,0,28676062,3512,-0.0015,0.1382,0.9199999999999999,,-1.0232,0.4462,0.1081,,,,,
bob,0,28676062,3513,0.0009,0.1535,1.06,,-1.0282,0.4462,0.1081,,,,,
bob,0,28676062,3514,0.0004,0.147,0.96,,-1.0149,0.4462,0.1081,,,,,
bob,0,28676062,3515,-0.0017,0.1384,0.96,,-1.0114,0.4461,0.1082,,,,,
bob,0,28676062,3516,-0.0005,0.1553,1.0,,-1.026,0.4461,0.1082,,,,,
bob,0,28676062,3517,0.0009,0.156,1.08,,-1.0286,0.4461,0.1083,,,,,
bob,0,28676062,3518,0.0002,0.1525,1.04,,-1.0238,0.4461,0.1084,,,,,
bob,0,28676062,3519,0.0004,0.1365,0.8999999999999999,,-1.0261,0.4461,0.1082,,,,,
bob,0,28676062,3520,-0.0001,0.1654,1.06,,-1.0241,0.4461,0.1083,,,,,
bob,0,28676062,3521,0.0004,0.1556,1.0,,-1.0154,0.4461,0.1084,,,,,
bob,0,28676062,3522,-0.0009,0.1682,1.06,,-1.0206,0.446,0.1085,,,,,
bob,0,28676062,3523,-0.0015,0.1395,0.9199999999999999,,-1.0133,0.446,0.1085,,,,,
bob,0,28676062,3524,0.0001,0.1651,1.16,,-1.0223,0.446,0.1086,,,,,
bob,0,28676062,3525,-0.0006,0.1369,0.96,,-1.0177,0.446,0.1085,,,,,
bob,0,28676062,3526,0.0015,0.1867,1.1199999999999999,,-1.0111,0.446,0.1086,,,,,
bob,0,28676062,3527,-0.0001,0.1802,1.1400000000000001,,-1.0225,0.446,0.1085,,,,,
bob,0,28676062,3528,-0.0002,0.1814,1.18,,-1.0245,0.446,0.1086,,,,,
bob,0,28676062,3529,-0.0001,0.1616,1.1199999999999999,,-1.0243,0.446,0.1086,,,,,
bob,0,28676062,3530,-0.0014,0.1518,0.98,,-1.0307,0.4459,0.1085,,,,,
bob,0,28676062,3531,0.0004,0.166,1.08,,-1.019,0.4459,0.1086,,,,,
bob,0,28676062,3532,-0.002,0.1826,1.28,,-1.0139,0.4459,0.1088,,,,,
bob,0,28676062,3533,-0.0,0.2019,1.32,,-1.0364,0.4459,0.1092,,,,,
bob,0,28676062,3534,-0.0002,0.1927,1.16,,-1.0311,0.4459,0.1093,,,,,
bob,0,28676062,3535,0.001,0.1489,1.0,,-1.032,0.4458,0.1092,,,,,
bob,0,28676062,3536,0.0008,0.1175,0.8200000000000001,,-1.032,0.4458,0.1091,,,,,
bob,0,28676062,3537,0.0006,0.1385,0.84,,-1.0303,0.4458,0.1091,,,,,
bob,0,28676062,3538,0.0014,0.1628,1.02,,-1.0267,0.4458,0.1093,,,,,
bob,0,28676062,3539,0.0003,0.11,0.7799999999999999,,-1.0271,0.4458,0.1092,,,,,
bob,0,28676062,3540,0.0006,0.1062,0.76,,-1.0317,0.4457,0.1089,,,,,
bob,0,28676062,3541,0.0003,0.1519,0.96,,-1.0222,0.4457,0.1089,,,,,
bob,0,28676062,3542,0.0005,0.1441,0.96,,-1.0308,0.4457,0.1089,,,,,
bob,0,28676062,3543,0.0029,0.1493,0.96,,-1.0335,0.4457,0.1088,,,,,
bob,0,28676062,3544,0.0004,0.1867,1.18,,-1.0321,0.4457,0.1091,,,,,
bob,0,28676062,3545,0.001,0.1928,1.22,,-1.0234,0.4457,0.1094,,,,,
bob,0,28676062,3546,0.0002,0.1373,0.88,,-1.0357,0.4457,0.1094,,,,,
bob,0,28676062,3547,0.0013,0.1505,0.98,,-1.0231,0.4456,0.1094,,,,,
bob,0,28676062,3548,-0.0009,0.1756,1.0999999999999999,,-1.0363,0.4456,0.1096,,,,,
bob,0,28676062,3549,-0.0,0.1553,1.0,,-1.0262,0.4456,0.1096,,,,,
bob,0,28676062,3550,0.0006,0.1422,0.96,,-1.0369,0.4456,0.1096,,,,,
bob,0,28676062,3551,-0.0005,0.1517,1.0,,-1.0274,0.4456,0.1096,,,,,
bob,0,28676062,3552,0.0007,0.1449,0.8999999999999999,,-1.0278,0.4455,0.1096,,,,,
bob,0,28676062,3553,0.001,0.1454,0.84,,-1.0265,0.4455,0.1097,,,,,
bob,0,28676062,3554,0.0006,0.1638,1.06,,-1.028,0.4455,0.1097,,,,,
bob,0,28676062,3555,0.0002,0.1669,1.04,,-1.0246,0.4455,0.1096,,,,,
bob,0,28676062,3556,0.0001,0.1585,1.04,,-1.0291,0.4455,0.1097,,,,,
bob,0,28676062,3557,-0.0002,0.1587,0.9199999999999999,,-1.0255,0.4455,0.1096,,,,,
bob,0,28676062,3558,0.0003,0.1391,0.8999999999999999,,-1.0176,0.4455,0.1095,,,,,
bob,0,28676062,3559,-0.0016,0.1356,0.9199999999999999,,-1.0236,0.4454,0.1094,,,,,
bob,0,28676062,3560,-0.0013,0.1749,1.08,,-1.0253,0.4454,0.1096,,,,,
bob,0,28676062,3561,-0.0001,0.1358,0.84,,-1.0365,0.4454,0.1095,,,,,
bob,0,28676062,3562,0.0,0.1528,1.02,,-1.021,0.4454,0.1095,,,,,
bob,0,28676062,3563,-0.0014,0.1659,1.06,,-1.0272,0.4454,0.1096,,,,,
bob,0,28676062,3564,0.0005,0.1316,0.84,,-1.0184,0.4454,0.1095,,,,,
bob,0,28676062,3565,0.0005,0.1345,0.9199999999999999,,-1.0229,0.4454,0.1095,,,,,
bob,0,28676062,3566,0.0013,0.1508,0.98,,-1.0325,0.4454,0.1095,,,,,
bob,0,28676062,3567,-0.0005,0.1604,1.02,,-1.0202,0.4454,0.1096,,,,,
bob,0,28676062,3568,-0.0007,0.1869,1.0999999999999999,,-1.0259,0.4454,0.1096,,,,,
bob,0,28676062,3569,-0.0005,0.1961,1.3,,-1.0251,0.4453,0.1099,,,,,
bob,0,28676062,3570,0.0004,0.2081,1.22,,-1.0354,0.4453,0.1101,,,,,
bob,0,28676062,3571,-0.0013,0.1858,1.24,,-1.0142,0.4453,0.1103,,,,,
bob,0,28676062,3572,-0.0002,0.1791,1.1199999999999999,,-1.0264,0.4453,0.1105,,,,,
bob,0,28676062,3573,-0.0001,0.1445,0.9199999999999999,,-1.0291,0.4453,0.1104,,,,,
bob,0,28676062,3574,0.0006,0.1763,1.16,,-1.028,0.4452,0.1105,,,,,
bob,0,28676062,3575,0.0002,0.1532,1.02,,-1.0227,0.4452,0.1106,,,,,
bob,0,28676062,3576,-0.0008,0.1784,1.1199999999999999,,-1.0212,0.4452,0.1107,,,,,
bob,0,28676062,3577,0.0002,0.1812,1.1400000000000001,,-1.0271,0.4451,0.1109,,,,,
bob,0,28676062,3578,-0.0003,0.1558,0.96,,-1.0222,0.4451,0.1107,,,,,
bob,0,28676062,3579,-0.0004,0.1736,1.1400000000000001,,-1.0232,0.4451,0.1107,,,,,
bob,0,28676062,3580,0.0006,0.1444,1.02,,-1.0193,0.4451,0.1109,,,,,
bob,0,28676062,3581,0.0005,0.1498,0.98,,-1.0282,0.445,0.1109,,,,,
bob,0,28676062,3582,0.0004,0.1406,0.9199999999999999,,-1.0235,0.445,0.1109,,,,,
bob,0,28676062,3583,-0.0007,0.137,1.02,,-1.0149,0.445,0.1109,,,,,
bob,0,28676062,3584,0.0011,0.1553,0.96,,-1.0294,0.445,0.1109,,,,,
bob,0,28676062,3585,-0.0001,0.1663,1.0999999999999999,,-1.0317,0.4449,0.111,,,,,
bob,0,28676062,3586,0.0003,0.1635,1.08,,-1.0216,0.4449,0.111,,,,,
bob,0,28676062,3587,-0.0007,0.1659,1.08,,-1.0292,0.4449,0.1111,,,,,
bob,0,28676062,3588,0.0012,0.1649,0.96,,-1.0216,0.4449,0.1111,,,,,
bob,0,28676062,3589,-0.0003,0.1417,0.96,,-1.0218,0.4449,0.111,,,,,
bob,0,28676062,3590,-0.0005,0.1509,0.96,,-1.027,0.4448,0.111,,,,,
bob,0,28676062,3591,0.0001,0.1609,0.98,,-1.0305,0.4448,0.1111,,,,,
bob,0,28676062,3592,-0.0002,0.1368,0.98,,-1.0249,0.4448,0.1111,,,,,
bob,0,28676062,3593,-0.0002,0.1549,0.96,,-1.0213,0.4448,0.1111,,,,,
bob,0,28676062,3594,-0.0015,0.1311,0.96,,-1.0309,0.4448,0.1111,,,,,
bob,0,28676062,3595,-0.0011,0.1449,0.98,,-1.027,0.4448,0.1111,,,,,
bob,0,28676062,3596,0.0002,0.1355,0.98,,-1.0269,0.4447,0.1111,,,,,
bob,0,28676062,3597,-0.0011,0.147,0.86,,-1.0237,0.4447,0.111,,,,,
bob,0,28676062,3598,0.001,0.1695,1.0999999999999999,,-1.0257,0.4447,0.1112,,,,,
bob,0,28676062,3599,-0.001,0.1325,0.9199999999999999,,-1.0285,0.4447,0.1112,,,,,
bob,0,28676062,3600,-0.0021,0.1525,0.9400000000000001,,-1.028,0.4447,0.1112,,,,,
bob,0,28676062,3601,0.0008,0.1285,0.84,,-1.015,0.4447,0.1112,,,,,
bob,0,28676062,3602,0.0008,0.1495,0.96,,-1.0137,0.4447,0.1112,,,,,
bob,0,28676062,3603,-0.0003,0.1728,1.04,,-1.0283,0.4446,0.1113,,,,,
bob,0,28676062,3604,-0.0008,0.1481,0.98,,-1.0123,0.4446,0.1112,,,,,
bob,0,28676062,3605,0.0001,0.1559,0.9400000000000001,,-1.0103,0.4446,0.1112,,,,,
bob,0,28676062,3606,0.0007,0.1414,0.96,,-1.0247,0.4446,0.1111,,,,,
bob,0,28676062,3607,0.0007,0.1523,0.98,,-1.0304,0.4446,0.1111,,,,,
bob,0,28676062,3608,0.0018,0.1705,1.1199999999999999,,-1.0245,0.4446,0.1112,,,,,
bob,0,28676062,3609,-0.0002,0.1826,1.24,,-1.0253,0.4446,0.1115,,,,,
bob,0,28676062,3610,0.0003,0.1521,0.98,,-1.0123,0.4446,0.1115,,,,,
bob,0,28676062,3611,-0.0002,0.1313,0.88,,-1.0151,0.4445,0.1112,,,,,
bob,0,28676062,3612,0.0007,0.1381,1.0,,-1.0254,0.4445,0.1111,,,,,
bob,0,28676062,3613,0.0012,0.1372,0.96,,-1.0186,0.4445,0.111,,,,,
bob,0,28676062,3614,-0.0003,0.1368,0.9400000000000001,,-1.0214,0.4445,0.1111,,,,,
bob,0,28676062,3615,0.0007,0.149,1.02,,-1.0194,0.4445,0.1111,,,,,
bob,0,28676062,3616,0.0005,0.1749,1.08,,-1.0232,0.4445,0.1113,,,,,
bob,0,28676062,3617,0.0001,0.1628,0.98,,-1.0249,0.4445,0.1114,,,,,
bob,0,28676062,3618,0.0009,0.1166,0.8200000000000001,,-1.0254,0.4445,0.1113,,,,,
bob,0,28676062,3619,0.001,0.1603,1.06,,-1.0227,0.4445,0.1114,,,,,
bob,0,28676062,3620,-0.0006,0.1477,0.98,,-1.0186,0.4445,0.1115,,,,,
bob,0,28676062,3621,0.0014,0.1664,1.1199999999999999,,-1.0226,0.4445,0.1116,,,,,
bob,0,28676062,3622,0.0001,0.1775,1.2,,-1.0145,0.4445,0.1116,,,,,
bob,0,28676062,3623,0.0006,0.1434,0.9400000000000001,,-1.0298,0.4444,0.1117,,,,,
bob,0,28676062,3624,-0.0007,0.1449,1.0,,-1.0289,0.4444,0.1118,,,,,
bob,0,28676062,3625,-0.0008,0.1646,1.04,,-1.0186,0.4444,0.1119,,,,,
bob,0,28676062,3626,0.0001,0.1857,1.18,,-1.0246,0.4444,0.112,,,,,
bob,0,28676062,3627,-0.0003,0.1617,1.04,,-1.0339,0.4444,0.1122,,,,,
bob,0,28676062,3628,0.0002,0.1578,1.04,,-1.0166,0.4443,0.1122,,,,,
bob,0,28676062,3629,-0.0003,0.1242,0.9199999999999999,,-1.0173,0.4443,0.1123,,,,,
bob,0,28676062,3630,-0.0001,0.1598,0.9400000000000001,,-1.0181,0.4443,0.1123,,,,,
bob,0,28676062,3631,-0.001,0.1759,1.16,,-1.0296,0.4443,0.1124,,,,,
bob,0,28676062,3632,-0.0008,0.1519,0.8999999999999999,,-1.0264,0.4442,0.1123,,,,,
bob,0,28676062,3633,0.0007,0.1463,1.0,,-1.0245,0.4442,0.1122,,,,,
bob,0,28676062,3634,-0.0004,0.1749,1.1199999999999999,,-1.0155,0.4442,0.1123,,,,,
bob,0,28676062,3635,-0.0006,0.1518,0.96,,-1.0198,0.4442,0.1124,,,,,
bob,0,28676062,3636,0.0007,0.1941,1.26,,-1.0263,0.4442,0.1125,,,,,
bob,0,28676062,3637,-0.0005,0.1575,1.04,,-1.0229,0.4441,0.1126,,,,,
bob,0,28676062,3638,-0.0007,0.1407,0.96,,-1.0255,0.4441,0.1125,,,,,
bob,0,28676062,3639,-0.0,0.1299,0.86,,-1.0235,0.4441,0.1124,,,,,
bob,0,28676062,3640,0.0011,0.1644,1.02,,-1.0221,0.4441,0.1126,,,,,
bob,0,28676062,3641,0.0001,0.1343,0.86,,-1.0235,0.4441,0.1125,,,,,
bob,0,28676062,3642,0.0007,0.1613,1.04,,-1.0257,0.4441,0.1126,,,,,
bob,0,28676062,3643,-0.0014,0.1206,0.8999999999999999,,-1.0209,0.444,0.1125,,,,,
bob,0,28676062,3644,-0.0004,0.1252,0.84,,-1.0199,0.444,0.1123,,,,,
bob,0,28676062,3645,-0.0004,0.1605,1.08,,-1.0228,0.444,0.1123,,,,,
bob,0,28676062,3646,0.0007,0.1379,0.8999999999999999,,-1.0189,0.444,0.1123,,,,,
bob,0,28676062,3647,0.0006,0.1425,0.88,,-1.0253,0.444,0.1123,,,,,
bob,0,28676062,3648,0.0,0.1498,1.0,,-1.0296,0.444,0.1124,,,,,
bob,0,28676062,3649,0.0002,0.1519,0.9400000000000001,,-1.0169,0.444,0.1125,,,,,
bob,0,28676062,3650,0.0005,0.1256,0.74,,-1.0294,0.444,0.1123,,,,,
bob,0,28676062,3651,0.0016,0.1877,1.2,,-1.0172,0.444,0.1125,,,,,
bob,0,28676062,3652,0.0006,0.1534,1.02,,-1.0133,0.444,0.1125,,,,,
bob,0,28676062,3653,0.0008,0.1792,1.06,,-1.0126,0.4439,0.1126,,,,,
bob,0,28676062,3654,-0.0017,0.1597,1.06,,-1.0253,0.4439,0.1128,,,,,
bob,0,28676062,3655,0.0012,0.1682,1.04,,-1.0288,0.4439,0.1129,,,,,
bob,0,28676062,3656,-0.0003,0.1692,0.98,,-1.0335,0.4439,0.113,,,,,
bob,0,28676062,3657,0.0004,0.1317,0.8999999999999999,,-1.0178,0.4439,0.1131,,,,,
bob,0,28676062,3658,0.0007,0.1471,1.0,,-1.0267,0.4438,0.1131,,,,,
bob,0,28676062,3659,0.0003,0.1592,1.06,,-1.0236,0.4438,0.113,,,,,
bob,0,28676062,3660,-0.0003,0.1406,1.0,,-1.0189,0.4438,0.1129,,,,,
bob,0,28676062,3661,0.0007,0.1865,1.1400000000000001,,-1.0243,0.4438,0.1129,,,,,
bob,0,28676062,3662,0.0019,0.1875,1.18,,-1.0278,0.4438,0.113,,,,,
bob,0,28676062,3663,-0.0007,0.1788,1.2,,-1.0176,0.4438,0.113,,,,,
bob,0,28676062,3664,-0.0003,0.15,0.9199999999999999,,-1.0372,0.4438,0.1129,,,,,
bob,0,28676062,3665,0.0001,0.1575,1.06,,-1.0303,0.4437,0.113,,,,,
bob,0,28676062,3666,-0.0003,0.1446,0.98,,-1.0188,0.4437,0.1128,,,,,
bob,0,28676062,3667,-0.0001,0.1704,1.16,,-1.0246,0.4437,0.1128,,,,,
bob,0,28676062,3668,-0.0002,0.1881,1.18,,-1.0177,0.4437,0.113,,,,,
bob,0,28676062,3669,0.0002,0.1475,0.98,,-1.0254,0.4437,0.113,,,,,
bob,0,28676062,3670,0.0002,0.125,0.8999999999999999,,-1.0199,0.4437,0.113,,,,,
bob,0,28676062,3671,-0.0008,0.1351,0.88,,-1.0332,0.4437,0.1129,,,,,
bob,0,28676062,3672,0.0016,0.1763,1.18,,-1.0247,0.4437,0.1131,,,,,
bob,0,28676062,3673,0.0008,0.1864,1.2,,-1.0223,0.4437,0.1131,,,,,
bob,0,28676062,3674,0.0008,0.1516,0.96,,-1.0285,0.4437,0.1131,,,,,
bob,0,28676062,3675,0.0018,0.162,1.02,,-1.0295,0.4437,0.1128,,,,,
bob,0,28676062,3676,0.0011,0.1682,1.1199999999999999,,-1.0243,0.4437,0.1129,,,,,
bob,0,28676062,3677,-0.0008,0.1478,0.96,,-1.0226,0.4436,0.1128,,,,,
bob,0,28676062,3678,-0.0003,0.1257,0.8999999999999999,,-1.0228,0.4436,0.1126,,,,,
bob,0,28676062,3679,0.0011,0.1813,1.08,,-1.0326,0.4437,0.1126,,,,,
bob,0,28676062,3680,-0.0004,0.1536,1.06,,-1.0156,0.4437,0.1126,,,,,
bob,0,28676062,3681,0.0002,0.1411,0.98,,-1.0221,0.4437,0.1126,,,,,
bob,0,28676062,3682,0.0005,0.1399,0.96,,-1.0215,0.4437,0.1126,,,,,
bob,0,28676062,3683,-0.0019,0.1528,1.04,,-1.0246,0.4437,0.1127,,,,,
bob,0,28676062,3684,0.0015,0.1387,0.8999999999999999,,-1.0208,0.4437,0.1126,,,,,
bob,0,28676062,3685,-0.0012,0.153,0.96,,-1.0307,0.4437,0.1125,,,,,
bob,0,28676062,3686,0.0008,0.1798,1.0999999999999999,,-1.0278,0.4437,0.1126,,,,,
bob,0,28676062,3687,0.002,0.1586,1.1199999999999999,,-1.017,0.4437,0.1127,,,,,
bob,0,28676062,3688,0.0007,0.1694,1.08,,-1.0268,0.4437,0.1128,,,,,
bob,0,28676062,3689,0.0,0.1479,1.02,,-1.0262,0.4437,0.1126,,,,,
bob,0,28676062,3690,0.0015,0.1817,1.08,,-1.0263,0.4437,0.1126,,,,,
bob,0,28676062,3691,0.0014,0.1505,0.96,,-1.0267,0.4437,0.1126,,,,,
bob,0,28676062,3692,0.001,0.1214,0.8200000000000001,,-1.0245,0.4437,0.1125,,,,,
bob,0,28676062,3693,-0.0003,0.1258,0.9199999999999999,,-1.0217,0.4437,0.1123,,,,,
bob,0,28676062,3694,0.0001,0.1531,1.0,,-1.0163,0.4437,0.1123,,,,,
bob,0,28676062,3695,0.0005,0.1588,0.96,,-1.0138,0.4437,0.1121,,,,,
bob,0,28676062,3696,0.0006,0.1713,1.08,,-1.0236,0.4437,0.1123,,,,,
bob,0,28676062,3697,0.0007,0.1487,1.06,,-1.0318,0.4437,0.1122,,,,,
bob,0,28676062,3698,-0.002,0.1514,0.8999999999999999,,-1.0161,0.4437,0.1122,,,,,
bob,0,28676062,3699,0.0007,0.1665,1.16,,-1.028,0.4437,0.1123,,,,,
bob,0,28676062,3700,-0.0013,0.1707,1.06,,-1.0228,0.4437,0.1124,,,,,
bob,0,28676062,3701,-0.002,0.1565,0.8999999999999999,,-1.0197,0.4437,0.1122,,,,,
bob,0,28676062,3702,-0.001,0.1545,1.0999999999999999,,-1.023,0.4437,0.1123,,,,,
bob,0,28676062,3703,-0.0015,0.1582,0.96,,-1.0378,0.4438,0.1124,,,,,
bob,0,28676062,3704,0.0002,0.15,1.02,,-1.0288,0.4438,0.1123,,,,,
bob,0,28676062,3705,-0.0006,0.1712,1.0999999999999999,,-1.0203,0.4438,0.1123,,,,,
bob,0,28676062,3706,0.0,0.1624,1.04,,-1.0256,0.4438,0.1123,,,,,
bob,0,28676062,3707,-0.0011,0.1459,0.98,,-1.0253,0.4438,0.1124,,,,,
bob,0,28676062,3708,-0.0001,0.1899,1.1400000000000001,,-1.0261,0.4438,0.1124,,,,,
bob,0,28676062,3709,-0.0006,0.1354,0.9199999999999999,,-1.0217,0.4438,0.1122,,,,,
bob,0,28676062,3710,-0.0021,0.1431,0.9400000000000001,,-1.0185,0.4438,0.1122,,,,,
bob,0,28676062,3711,0.0002,0.1346,0.84,,-1.0326,0.4438,0.1122,,,,,
bob,0,28676062,3712,-0.0004,0.1567,1.08,,-1.0173,0.4438,0.1123,,,,,
bob,0,28676062,3713,0.0005,0.1611,1.02,,-1.0203,0.4438,0.1123,,,,,
bob,0,28676062,3714,0.0007,0.122,0.84,,-1.0207,0.4438,0.1122,,,,,
bob,0,28676062,3715,-0.0002,0.1177,0.8200000000000001,,-1.0256,0.4438,0.112,,,,,
bob,0,28676062,3716,0.0011,0.1275,0.9199999999999999,,-1.0234,0.4438,0.112,,,,,
bob,0,28676062,3717,0.0002,0.1562,1.04,,-1.0207,0.4438,0.112,,,,,
bob,0,28676062,3718,-0.0005,0.1447,1.0,,-1.024,0.4438,0.112,,,,,
bob,0,28676062,3719,0.0006,0.153,0.98,,-1.0203,0.4438,0.112,,,,,
bob,0,28676062,3720,-0.0007,0.1575,1.08,,-1.0142,0.4439,0.112,,,,,
bob,0,28676062,3721,0.0015,0.1673,1.0,,-1.0314,0.4439,0.112,,,,,
bob,0,28676062,3722,-0.0001,0.1564,1.02,,-1.0193,0.4439,0.112,,,,,
bob,0,28676062,3723,0.0003,0.1756,1.2,,-1.0284,0.4439,0.1122,,,,,
bob,0,28676062,3724,-0.0004,0.163,1.04,,-1.0325,0.4439,0.1121,,,,,
bob,0,28676062,3725,-0.0002,0.1787,1.08,,-1.0287,0.4439,0.1123,,,,,
bob,0,28676062,3726,-0.0011,0.1695,1.02,,-1.0304,0.4439,0.1122,,,,,
bob,0,28676062,3727,0.0018,0.1612,1.0999999999999999,,-1.029,0.4439,0.1121,,,,,
bob,0,28676062,3728,0.0004,0.1403,0.9400000000000001,,-1.0172,0.4439,0.112,,,,,
bob,0,28676062,3729,0.0008,0.1487,0.96,,-1.0224,0.4439,0.1118,,,,,
bob,0,28676062,3730,0.0002,0.1646,1.0999999999999999,,-1.0183,0.4439,0.1119,,,,,
bob,0,28676062,3731,-0.0005,0.1492,1.04,,-1.0126,0.4439,0.1119,,,,,
bob,0,28676062,3732,0.0,0.2052,1.3599999999999999,,-1.0157,0.4439,0.1119,,,,,
bob,0,28676062,3733,-0.0001,0.1616,0.9400000000000001,,-1.0184,0.4439,0.1116,,,,,
bob,0,28676062,3734,0.0,0.1594,1.0,,-1.0183,0.4439,0.1115,,,,,
bob,0,28676062,3735,0.0001,0.1392,0.9199999999999999,,-1.0189,0.444,0.1115,,,,,
bob,0,28676062,3736,-0.0003,0.1273,0.88,,-1.0211,0.444,0.1115,,,,,
bob,0,28676062,3737,0.0012,0.1455,0.9199999999999999,,-1.0265,0.444,0.1116,,,,,
bob,0,28676062,3738,-0.0011,0.1423,0.88,,-1.0262,0.444,0.1115,,,,,
bob,0,28676062,3739,-0.0001,0.14,0.98,,-1.0175,0.444,0.1116,,,,,
bob,0,28676062,3740,0.0003,0.1492,0.9199999999999999,,-1.0259,0.444,0.1117,,,,,
bob,0,28676062,3741,-0.0001,0.1402,0.96,,-1.027,0.444,0.1117,,,,,
bob,0,28676062,3742,0.0008,0.1518,1.0,,-1.0192,0.444,0.1118,,,,,
bob,0,28676062,3743,0.0001,0.123,0.86,,-1.0248,0.444,0.1117,,,,,
bob,0,28676062,3744,-0.0017,0.146,1.04,,-1.0343,0.444,0.1116,,,,,
bob,0,28676062,3745,-0.0005,0.1445,0.9199999999999999,,-1.0309,0.4441,0.1114,,,,,
bob,0,28676062,3746,0.0008,0.1728,1.18,,-1.0282,0.4441,0.1116,,,,,
bob,0,28676062,3747,-0.0005,0.1671,1.22,,-1.0236,0.4441,0.1117,,,,,
bob,0,28676062,3748,0.0006,0.1431,0.9199999999999999,,-1.0299,0.4441,0.1116,,,,,
bob,0,28676062,3749,-0.0012,0.1622,1.06,,-1.0337,0.4441,0.1116,,,,,
bob,0,28676062,3750,0.0009,0.1687,1.08,,-1.014,0.4441,0.1117,,,,,
bob,0,28676062,3751,0.0009,0.1769,1.1199999999999999,,-1.025,0.4441,0.1118,,,,,
bob,0,28676062,3752,-0.0018,0.1502,0.98,,-1.0241,0.4441,0.1118,,,,,
bob,0,28676062,3753,0.0007,0.1372,0.9199999999999999,,-1.0286,0.4441,0.1119,,,,,
bob,0,28676062,3754,-0.0013,0.1756,1.1400000000000001,,-1.0305,0.4441,0.1119,,,,,
bob,0,28676062,3755,0.0014,0.1734,1.2,,-1.0217,0.4441,0.112,,,,,
bob,0,28676062,3756,-0.0021,0.1849,1.16,,-1.0163,0.4441,0.1121,,,,,
bob,0,28676062,3757,0.0006,0.1735,1.16,,-1.0323,0.4441,0.1122,,,,,
bob,0,28676062,3758,-0.0002,0.1899,1.18,,-1.0242,0.444,0.1124,,,,,
bob,0,28676062,3759,0.0018,0.145,0.98,,-1.0221,0.444,0.1124,,,,,
bob,0,28676062,3760,0.0009,0.1407,0.9199999999999999,,-1.017,0.444,0.1123,,,,,
bob,0,28676062,3761,-0.0001,0.1355,0.9400000000000001,,-1.0297,0.444,0.1124,,,,,
bob,0,28676062,3762,-0.0004,0.1419,0.8999999999999999,,-1.0217,0.444,0.1123,,,,,
bob,0,28676062,3763,0.0003,0.1481,1.0,,-1.0196,0.444,0.1122,,,,,
bob,0,28676062,3764,-0.0005,0.1301,0.88,,-1.0202,0.444,0.1123,,,,,
bob,0,28676062,3765,0.001,0.1329,0.8999999999999999,,-1.028,0.444,0.1123,,,,,
bob,0,28676062,3766,0.001,0.1704,1.16,,-1.0298,0.444,0.1124,,,,,
bob,0,28676062,3767,0.0018,0.1896,1.2,,-1.0217,0.444,0.1125,,,,,
bob,0,28676062,3768,-0.0016,0.1629,1.1199999999999999,,-1.0091,0.444,0.1126,,,,,
bob,0,28676062,3769,-0.0003,0.1618,1.04,,-1.0168,0.4439,0.1124,,,,,
bob,0,28676062,3770,-0.0005,0.1355,0.9199999999999999,,-1.0213,0.4439,0.1122,,,,,
bob,0,28676062,3771,0.0003,0.1964,1.3,,-1.0205,0.4439,0.1122,,,,,
bob,0,28676062,3772,-0.0002,0.1867,1.0999999999999999,,-1.0235,0.4439,0.1122,,,,,
bob,0,28676062,3773,0.0001,0.1673,1.08,,-1.0132,0.4439,0.1123,,,,,
bob,0,28676062,3774,-0.0002,0.1753,1.0999999999999999,,-1.0333,0.4439,0.1123,,,,,
bob,0,28676062,3775,0.001,0.1678,1.08,,-1.0233,0.4439,0.1123,,,,,
bob,0,28676062,3776,-0.001,0.1942,1.28,,-1.0296,0.4439,0.1124,,,,,
bob,0,28676062,3777,0.0007,0.1599,1.04,,-1.0142,0.4439,0.1123,,,,,
bob,0,28676062,3778,-0.0,0.1808,1.18,,-1.0212,0.4439,0.1124,,,,,
bob,0,28676062,3779,-0.0008,0.1652,1.08,,-1.0309,0.4439,0.1124,,,,,
bob,0,28676062,3780,0.0005,0.1313,0.8999999999999999,,-1.0238,0.4439,0.1123,,,,,
bob,0,28676062,3781,0.0001,0.1545,1.04,,-1.0351,0.4439,0.1124,,,,,
bob,0,28676062,3782,-0.0007,0.1597,1.06,,-1.0199,0.4439,0.1124,,,,,
bob,0,28676062,3783,0.0007,0.1721,1.1400000000000001,,-1.0309,0.4439,0.1125,,,,,
bob,0,28676062,3784,0.0003,0.1567,1.06,,-1.019,0.4439,0.1126,,,,,
bob,0,28676062,3785,-0.0011,0.1776,1.16,,-1.0236,0.4439,0.1126,,,,,
bob,0,28676062,3786,0.0003,0.1679,1.0999999999999999,,-1.0202,0.4439,0.1127,,,,,
bob,0,28676062,3787,0.0005,0.1447,0.9400000000000001,,-1.0199,0.4439,0.1126,,,,,
bob,0,28676062,3788,-0.0007,0.1446,0.96,,-1.0248,0.4438,0.1126,,,,,
bob,0,28676062,3789,-0.0006,0.1795,1.1199999999999999,,-1.0352,0.4438,0.1127,,,,,
bob,0,28676062,3790,-0.0008,0.1451,1.0,,-1.0286,0.4438,0.1127,,,,,
bob,0,28676062,3791,-0.0011,0.1416,1.0,,-1.0248,0.4438,0.1127,,,,,
bob,0,28676062,3792,0.0001,0.1659,1.18,,-1.0344,0.4438,0.1128,,,,,
bob,0,28676062,3793,0.0003,0.1626,0.96,,-1.0173,0.4438,0.1128,,,,,
bob,0,28676062,3794,0.001,0.159,0.98,,-1.0197,0.4438,0.1128,,,,,
bob,0,28676062,3795,-0.0011,0.189,1.22,,-1.0166,0.4438,0.113,,,,,
bob,0,28676062,3796,-0.0009,0.1345,0.9400000000000001,,-1.025,0.4438,0.113,,,,,
bob,0,28676062,3797,0.0001,0.1587,1.04,,-1.0169,0.4437,0.1131,,,,,
bob,0,28676062,3798,0.0016,0.1651,1.08,,-1.0249,0.4437,0.1131,,,,,
bob,0,28676062,3799,-0.0013,0.1523,0.98,,-1.0064,0.4437,0.1131,,,,,
bob,0,28676062,3800,-0.0032,0.1615,1.0,,-1.017,0.4437,0.1132,,,,,
bob,0,28676062,3801,0.0005,0.1525,1.02,,-1.0132,0.4437,0.1133,,,,,
bob,0,28676062,3802,-0.0002,0.1781,1.08,,-1.0198,0.4437,0.1134,,,,,
bob,0,28676062,3803,0.0001,0.2155,1.34,,-1.0265,0.4436,0.1136,,,,,
bob,0,28676062,3804,-0.0008,0.1673,1.02,,-1.0232,0.4436,0.1136,,,,,
bob,0,28676062,3805,-0.0006,0.15,0.96,,-1.0173,0.4436,0.1136,,,,,
bob,0,28676062,3806,-0.0009,0.1284,0.86,,-1.0355,0.4436,0.1136,,,,,
bob,0,28676062,3807,-0.0009,0.1422,0.88,,-1.0333,0.4436,0.1135,,,,,
bob,0,28676062,3808,0.0014,0.1422,0.96,,-1.0276,0.4435,0.1134,,,,,
bob,0,28676062,3809,0.0,0.1548,1.08,,-1.0214,0.4435,0.1133,,,,,
bob,0,28676062,3810,-0.0003,0.2024,1.26,,-1.0227,0.4435,0.1135,,,,,
bob,0,28676062,3811,0.0012,0.1625,1.0,,-1.03,0.4435,0.1136,,,,,
bob,0,28676062,3812,0.0005,0.1307,0.9199999999999999,,-1.0364,0.4435,0.1135,,,,,
bob,0,28676062,3813,-0.0003,0.1459,1.0,,-1.0377,0.4435,0.1135,,,,,
bob,0,28676062,3814,-0.0014,0.2043,1.28,,-1.0246,0.4435,0.1137,,,,,
bob,0,28676062,3815,-0.0015,0.1742,1.0999999999999999,,-1.0276,0.4434,0.1138,,,,,
bob,0,28676062,3816,-0.0003,0.1831,1.18,,-1.0258,0.4434,0.1139,,,,,
bob,0,28676062,3817,0.0002,0.1619,1.1199999999999999,,-1.0229,0.4434,0.1139,,,,,
bob,0,28676062,3818,-0.0017,0.1401,0.98,,-1.0278,0.4434,0.1141,,,,,
bob,0,28676062,3819,-0.0004,0.1593,0.96,,-1.038,0.4434,0.114,,,,,
bob,0,28676062,3820,-0.001,0.1697,1.1400000000000001,,-1.0283,0.4433,0.1141,,,,,
bob,0,28676062,3821,0.0012,0.1917,1.22,,-1.0144,0.4433,0.1141,,,,,
bob,0,28676062,3822,0.0016,0.184,1.3599999999999999,,-1.0284,0.4433,0.1142,,,,,
bob,0,28676062,3823,0.0005,0.1699,1.0999999999999999,,-1.0187,0.4433,0.1143,,,,,
bob,0,28676062,3824,0.0006,0.1799,1.1400000000000001,,-1.0345,0.4433,0.1144,,,,,
bob,0,28676062,3825,0.0004,0.1753,1.2,,-1.0247,0.4432,0.1144,,,,,
bob,0,28676062,3826,-0.0009,0.1419,1.0,,-1.0302,0.4432,0.1143,,,,,
bob,0,28676062,3827,0.0003,0.1693,1.1400000000000001,,-1.0309,0.4432,0.1144,,,,,
bob,0,28676062,3828,0.0008,0.1925,1.2,,-1.0352,0.4432,0.1145,,,,,
bob,0,28676062,3829,0.0005,0.1632,1.02,,-1.031,0.4432,0.1146,,,,,
bob,0,28676062,3830,-0.0008,0.1806,1.18,,-1.0163,0.4431,0.1147,,,,,
bob,0,28676062,3831,0.0004,0.1448,0.96,,-1.023,0.4431,0.1146,,,,,
bob,0,28676062,3832,-0.0006,0.1785,1.06,,-1.0308,0.4431,0.1147,,,,,
bob,0,28676062,3833,0.0014,0.1777,1.22,,-1.0288,0.4431,0.1149,,,,,
bob,0,28676062,3834,-0.001,0.1653,1.0,,-1.0249,0.443,0.1148,,,,,
bob,0,28676062,3835,0.001,0.1391,0.96,,-1.0073,0.443,0.1148,,,,,
bob,0,28676062,3836,0.002,0.1541,0.96,,-1.022,0.443,0.1146,,,,,
bob,0,28676062,3837,0.0014,0.1639,1.06,,-1.0217,0.443,0.1146,,,,,
bob,0,28676062,3838,0.0001,0.1666,1.1400000000000001,,-1.022,0.443,0.1147,,,,,
bob,0,28676062,3839,0.0,0.1637,1.16,,-1.0223,0.4429,0.1149,,,,,
bob,0,28676062,3840,-0.0007,0.1327,0.8,,-1.0322,0.4429,0.1148,,,,,
bob,0,28676062,3841,-0.0001,0.1515,1.08,,-1.0083,0.4429,0.1149,,,,,
bob,0,28676062,3842,0.0012,0.1589,1.0,,-1.0166,0.4429,0.1149,,,,,
bob,0,28676062,3843,0.001,0.1505,1.04,,-1.0252,0.4429,0.115,,,,,
bob,0,28676062,3844,0.002,0.1526,0.98,,-1.0168,0.4429,0.115,,,,,
bob,0,28676062,3845,0.0014,0.1697,1.1400000000000001,,-1.0241,0.4428,0.1151,,,,,
bob,0,28676062,3846,0.0003,0.1656,1.0999999999999999,,-1.0282,0.4428,0.1152,,,,,
bob,0,28676062,3847,-0.001,0.1553,0.96,,-1.0374,0.4428,0.1153,,,,,
bob,0,28676062,3848,0.0003,0.1523,1.02,,-1.0199,0.4428,0.1153,,,,,
bob,0,28676062,3849,-0.0003,0.1565,1.06,,-1.031,0.4427,0.1154,,,,,
bob,0,28676062,3850,-0.0001,0.1709,1.22,,-1.0298,0.4427,0.1157,,,,,
bob,0,28676062,3851,0.0003,0.183,1.1199999999999999,,-1.0316,0.4427,0.1156,,,,,
bob,0,28676062,3852,-0.0028,0.1917,1.26,,-1.0255,0.4427,0.1158,,,,,
bob,0,28676062,3853,-0.0017,0.1635,1.02,,-1.0197,0.4426,0.1158,,,,,
bob,0,28676062,3854,-0.0,0.1738,1.1400000000000001,,-1.0313,0.4426,0.1158,,,,,
bob,0,28676062,3855,-0.001,0.1846,1.26,,-1.0262,0.4426,0.116,,,,,
bob,0,28676062,3856,0.0013,0.1569,0.98,,-1.0233,0.4425,0.116,,,,,
bob,0,28676062,3857,-0.001,0.1533,1.06,,-1.0318,0.4425,0.1161,,,,,
bob,0,28676062,3858,-0.0003,0.1719,1.1400000000000001,,-1.025,0.4425,0.1162,,,,,
bob,0,28676062,3859,-0.0011,0.1576,1.04,,-1.032,0.4425,0.1162,,,,,
bob,0,28676062,3860,-0.002,0.1639,1.02,,-1.0305,0.4424,0.1163,,,,,
bob,0,28676062,3861,0.0005,0.1605,1.02,,-1.0413,0.4424,0.1162,,,,,
bob,0,28676062,3862,-0.0001,0.1765,1.1400000000000001,,-1.0221,0.4424,0.1161,,,,,
bob,0,28676062,3863,-0.001,0.1573,1.04,,-1.0166,0.4424,0.116,,,,,
bob,0,28676062,3864,0.0,0.2099,1.2,,-1.0264,0.4423,0.1162,,,,,
bob,0,28676062,3865,0.0005,0.1784,1.22,,-1.0183,0.4423,0.1163,,,,,
bob,0,28676062,3866,-0.0005,0.1896,1.22,,-1.0157,0.4423,0.1164,,,,,
bob,0,28676062,3867,-0.0001,0.1651,1.04,,-1.0233,0.4423,0.1164,,,,,
bob,0,28676062,3868,-0.0006,0.1683,1.1199999999999999,,-1.0308,0.4422,0.1163,,,,,
bob,0,28676062,3869,0.001,0.1602,1.0,,-1.0293,0.4422,0.1163,,,,,
bob,0,28676062,3870,-0.0005,0.1634,1.1199999999999999,,-1.0351,0.4422,0.1164,,,,,
bob,0,28676062,3871,-0.0005,0.1562,1.02,,-1.0099,0.4422,0.1166,,,,,
bob,0,28676062,3872,-0.0012,0.1711,1.18,,-1.0181,0.4422,0.1165,,,,,
bob,0,28676062,3873,-0.0012,0.1526,0.98,,-1.0315,0.4421,0.1164,,,,,
bob,0,28676062,3874,0.0001,0.159,1.04,,-1.0292,0.4421,0.1164,,,,,
bob,0,28676062,3875,-0.0018,0.1482,0.9199999999999999,,-1.0163,0.4421,0.1164,,,,,
bob,0,28676062,3876,-0.0002,0.1324,0.9199999999999999,,-1.0314,0.4421,0.1162,,,,,
bob,0,28676062,3877,-0.0005,0.1363,0.9199999999999999,,-1.0221,0.4421,0.1162,,,,,
bob,0,28676062,3878,-0.0004,0.1843,1.26,,-1.0209,0.4421,0.1165,,,,,
bob,0,28676062,3879,0.0013,0.1567,0.96,,-1.0382,0.4421,0.1164,,,,,
bob,0,28676062,3880,-0.0004,0.1765,1.1199999999999999,,-1.0295,0.442,0.1164,,,,,
bob,0,28676062,3881,0.0007,0.1689,1.08,,-1.0252,0.442,0.1165,,,,,
bob,0,28676062,3882,0.0004,0.1459,0.96,,-1.0229,0.442,0.1165,,,,,
bob,0,28676062,3883,-0.0003,0.191,1.1400000000000001,,-1.0264,0.442,0.1165,,,,,
bob,0,28676062,3884,0.0003,0.1842,1.3,,-1.0346,0.442,0.1168,,,,,
bob,0,28676062,3885,0.0001,0.1685,1.08,,-1.0454,0.442,0.1169,,,,,
bob,0,28676062,3886,-0.0005,0.1358,0.96,,-1.0308,0.4419,0.1168,,,,,
bob,0,28676062,3887,0.0008,0.1607,1.1199999999999999,,-1.0281,0.4419,0.1168,,,,,
bob,0,28676062,3888,0.0006,0.1549,0.98,,-1.0316,0.4419,0.1167,,,,,
bob,0,28676062,3889,0.0025,0.1364,0.9400000000000001,,-1.0316,0.4419,0.1166,,,,,
bob,0,28676062,3890,0.0024,0.1339,0.88,,-1.0247,0.4419,0.1165,,,,,
bob,0,28676062,3891,-0.0003,0.1511,0.98,,-1.0255,0.4419,0.1165,,,,,
bob,0,28676062,3892,0.0003,0.1534,1.06,,-1.0313,0.4419,0.1167,,,,,
bob,0,28676062,3893,0.0005,0.1634,1.06,,-1.025,0.4419,0.1168,,,,,
bob,0,28676062,3894,0.0003,0.1738,1.1199999999999999,,-1.0255,0.4418,0.1169,,,,,
bob,0,28676062,3895,0.0003,0.1521,0.96,,-1.0333,0.4418,0.1169,,,,,
bob,0,28676062,3896,0.002,0.1617,1.0999999999999999,,-1.0234,0.4418,0.1169,,,,,
bob,0,28676062,3897,-0.0,0.1827,1.0999999999999999,,-1.0165,0.4418,0.1169,,,,,
bob,0,28676062,3898,0.0006,0.1424,1.02,,-1.0282,0.4418,0.117,,,,,
bob,0,28676062,3899,0.001,0.1764,1.2,,-1.0242,0.4418,0.117,,,,,
bob,0,28676062,3900,-0.0042,0.1727,1.1400000000000001,,-1.0337,0.4418,0.1171,,,,,
bob,0,28676062,3901,0.0013,0.1827,1.1400000000000001,,-1.0349,0.4417,0.1172,,,,,
bob,0,28676062,3902,-0.0019,0.1861,1.2,,-1.0312,0.4417,0.1173,,,,,
bob,0,28676062,3903,0.0008,0.1942,1.26,,-1.0187,0.4417,0.1175,,,,,
bob,0,28676062,3904,0.0017,0.1706,1.06,,-1.0246,0.4417,0.1175,,,,,
bob,0,28676062,3905,0.0004,0.1843,1.18,,-1.0188,0.4417,0.1176,,,,,
bob,0,28676062,3906,0.0006,0.1811,1.16,,-1.0148,0.4416,0.1176,,,,,
bob,0,28676062,3907,0.0001,0.1758,1.2,,-1.0263,0.4416,0.1178,,,,,
bob,0,28676062,3908,-0.0007,0.1743,1.06,,-1.0244,0.4416,0.1177,,,,,
bob,0,28676062,3909,0.0001,0.179,1.1400000000000001,,-1.0357,0.4416,0.1178,,,,,
bob,0,28676062,3910,-0.0004,0.1769,1.1400000000000001,,-1.0342,0.4415,0.1179,,,,,
bob,0,28676062,3911,-0.0001,0.2043,1.18,,-1.0305,0.4415,0.1182,,,,,
bob,0,28676062,3912,-0.0001,0.1533,1.02,,-1.0261,0.4415,0.1182,,,,,
bob,0,28676062,3913,0.0001,0.1609,1.02,,-1.0227,0.4414,0.1182,,,,,
bob,0,28676062,3914,-0.0005,0.1788,1.22,,-1.0221,0.4414,0.1185,,,,,
bob,0,28676062,3915,0.001,0.1861,1.1199999999999999,,-1.0352,0.4414,0.1187,,,,,
bob,0,28676062,3916,0.0003,0.1741,1.2,,-1.0255,0.4413,0.1189,,,,,
bob,0,28676062,3917,0.0008,0.1992,1.26,,-1.021,0.4413,0.1191,,,,,
bob,0,28676062,3918,0.0007,0.1579,1.02,,-1.025,0.4412,0.1191,,,,,
bob,0,28676062,3919,0.0001,0.1759,1.18,,-1.0262,0.4412,0.1192,,,,,
bob,0,28676062,3920,-0.0018,0.1593,1.04,,-1.0271,0.4412,0.1193,,,,,
bob,0,28676062,3921,0.001,0.1841,1.1400000000000001,,-1.0434,0.4411,0.1193,,,,,
bob,0,28676062,3922,0.0017,0.184,1.22,,-1.0223,0.4411,0.1195,,,,,
bob,0,28676062,3923,0.0016,0.1449,0.88,,-1.034,0.441,0.1192,,,,,
bob,0,28676062,3924,-0.0,0.17,1.06,,-1.029,0.441,0.1193,,,,,
bob,0,28676062,3925,-0.001,0.1701,1.0999999999999999,,-1.0316,0.441,0.1193,,,,,
bob,0,28676062,3926,0.0001,0.1588,1.0,,-1.0187,0.4409,0.1192,,,,,
bob,0,28676062,3927,-0.0004,0.1791,1.18,,-1.0231,0.4409,0.1193,,,,,
bob,0,28676062,3928,-0.0001,0.1672,1.1400000000000001,,-1.0316,0.4409,0.1194,,,,,
bob,0,28676062,3929,-0.0015,0.1708,1.08,,-1.019,0.4409,0.1195,,,,,
bob,0,28676062,3930,0.0013,0.178,1.1400000000000001,,-1.0186,0.4408,0.1195,,,,,
bob,0,28676062,3931,0.0005,0.1582,0.98,,-1.0172,0.4408,0.1195,,,,,
bob,0,28676062,3932,0.0004,0.1701,1.24,,-1.0278,0.4408,0.1194,,,,,
bob,0,28676062,3933,0.0006,0.195,1.3,,-1.0169,0.4407,0.1196,,,,,
bob,0,28676062,3934,0.0008,0.1591,0.98,,-1.0223,0.4407,0.1196,,,,,
bob,0,28676062,3935,-0.0005,0.1516,1.02,,-1.0253,0.4407,0.1197,,,,,
bob,0,28676062,3936,0.0003,0.1675,1.16,,-1.0296,0.4407,0.1199,,,,,
bob,0,28676062,3937,0.0005,0.1245,0.8200000000000001,,-1.0157,0.4406,0.1198,,,,,
bob,0,28676062,3938,0.0009,0.1529,0.98,,-1.0255,0.4406,0.1198,,,,,
bob,0,28676062,3939,-0.0003,0.13,0.9400000000000001,,-1.0261,0.4406,0.1198,,,,,
bob,0,28676062,3940,0.0008,0.1385,0.9199999999999999,,-1.0368,0.4405,0.1198,,,,,
bob,0,28676062,3941,0.0006,0.1941,1.22,,-1.0325,0.4405,0.12,,,,,
bob,0,28676062,3942,-0.0003,0.1636,1.0,,-1.0285,0.4405,0.12,,,,,
bob,0,28676062,3943,0.002,0.1628,1.02,,-1.0209,0.4405,0.1201,,,,,
bob,0,28676062,3944,-0.0002,0.1521,1.04,,-1.0327,0.4404,0.1201,,,,,
bob,0,28676062,3945,0.0007,0.1648,1.08,,-1.0286,0.4404,0.1202,,,,,
bob,0,28676062,3946,-0.0005,0.1701,1.08,,-1.0126,0.4404,0.1202,,,,,
bob,0,28676062,3947,0.0,0.1541,1.08,,-1.0254,0.4404,0.1201,,,,,
bob,0,28676062,3948,-0.0001,0.1744,1.04,,-1.0266,0.4403,0.1202,,,,,
bob,0,28676062,3949,0.0002,0.1881,1.3,,-1.0258,0.4403,0.1204,,,,,
bob,0,28676062,3950,-0.0017,0.1812,1.16,,-1.021,0.4403,0.1204,,,,,
bob,0,28676062,3951,-0.0001,0.1683,1.16,,-1.0294,0.4403,0.1204,,,,,
bob,0,28676062,3952,0.0011,0.1742,1.1400000000000001,,-1.0377,0.4402,0.1205,,,,,
bob,0,28676062,3953,-0.0,0.1648,1.08,,-1.0182,0.4402,0.1206,,,,,
bob,0,28676062,3954,-0.0002,0.1876,1.18,,-1.0324,0.4402,0.1207,,,,,
bob,0,28676062,3955,0.0013,0.1789,1.0999999999999999,,-1.0347,0.4402,0.1206,,,,,
bob,0,28676062,3956,0.0003,0.1952,1.2,,-1.0208,0.4401,0.1206,,,,,
bob,0,28676062,3957,-0.0018,0.1699,1.1400000000000001,,-1.0173,0.4401,0.1207,,,,,
bob,0,28676062,3958,0.0003,0.2065,1.38,,-1.0261,0.4401,0.1208,,,,,
bob,0,28676062,3959,-0.0002,0.1678,1.0999999999999999,,-1.0261,0.4401,0.1209,,,,,
bob,0,28676062,3960,-0.0007,0.2072,1.38,,-1.025,0.44,0.1212,,,,,
bob,0,28676062,3961,-0.0005,0.1786,1.18,,-1.019,0.44,0.1214,,,,,
bob,0,28676062,3962,0.0012,0.1746,1.04,,-1.0214,0.44,0.1215,,,,,
bob,0,28676062,3963,-0.0001,0.1851,1.28,,-1.029,0.4399,0.1216,,,,,
bob,0,28676062,3964,0.0002,0.1594,0.98,,-1.0237,0.4399,0.1217,,,,,
bob,0,28676062,3965,0.0005,0.1861,1.16,,-1.0334,0.4398,0.1219,,,,,
bob,0,28676062,3966,0.0002,0.1442,0.9199999999999999,,-1.0236,0.4398,0.1217,,,,,
bob,0,28676062,3967,0.0003,0.1492,0.96,,-1.0144,0.4398,0.1216,,,,,
bob,0,28676062,3968,0.0014,0.1928,1.24,,-1.0225,0.4397,0.1216,,,,,
bob,0,28676062,3969,0.0008,0.1536,1.02,,-1.0349,0.4397,0.1216,,,,,
bob,0,28676062,3970,0.0007,0.1466,0.84,,-1.0344,0.4397,0.1216,,,,,
bob,0,28676062,3971,-0.0003,0.1674,1.02,,-1.0211,0.4397,0.1214,,,,,
bob,0,28676062,3972,0.0015,0.1514,0.98,,-1.039,0.4397,0.1213,,,,,
bob,0,28676062,3973,0.001,0.1408,0.9400000000000001,,-1.0288,0.4396,0.1212,,,,,
bob,0,28676062,3974,-0.0002,0.1903,1.2,,-1.0285,0.4396,0.1213,,,,,
bob,0,28676062,3975,0.0011,0.1668,1.06,,-1.0326,0.4396,0.1212,,,,,
bob,0,28676062,3976,0.0014,0.1714,1.06,,-1.0303,0.4396,0.1211,,,,,
bob,0,28676062,3977,-0.0,0.1566,1.06,,-1.0178,0.4396,0.1211,,,,,
bob,0,28676062,3978,0.0006,0.1602,0.98,,-1.033,0.4396,0.121,,,,,
bob,0,28676062,3979,0.0001,0.1688,1.04,,-1.0294,0.4396,0.121,,,,,
bob,0,28676062,3980,0.0014,0.1512,1.0,,-1.0182,0.4396,0.121,,,,,
bob,0,28676062,3981,0.0007,0.1504,0.96,,-1.0254,0.4396,0.121,,,,,
bob,0,28676062,3982,0.0023,0.1648,1.0,,-1.0189,0.4396,0.1209,,,,,
bob,0,28676062,3983,0.0002,0.1626,1.1199999999999999,,-1.027,0.4396,0.1209,,,,,
bob,0,28676062,3984,0.0011,0.1626,1.0,,-1.0232,0.4396,0.1209,,,,,
bob,0,28676062,3985,0.0017,0.137,0.9400000000000001,,-1.0278,0.4396,0.1207,,,,,
bob,0,28676062,3986,0.0005,0.1904,1.16,,-1.0278,0.4396,0.1208,,,,,
bob,0,28676062,3987,0.001,0.1699,1.1400000000000001,,-1.0308,0.4396,0.1209,,,,,
bob,0,28676062,3988,0.0003,0.1492,0.98,,-1.0337,0.4396,0.1209,,,,,
bob,0,28676062,3989,0.0016,0.1564,1.06,,-1.033,0.4396,0.1209,,,,,
bob,0,28676062,3990,-0.0003,0.1697,1.08,,-1.0304,0.4396,0.121,,,,,
bob,0,28676062,3991,0.0006,0.1653,1.04,,-1.0314,0.4396,0.121,,,,,
bob,0,28676062,3992,-0.0,0.1563,1.08,,-1.0242,0.4396,0.121,,,,,
bob,0,28676062,3993,-0.0007,0.1703,1.08,,-1.0275,0.4396,0.1211,,,,,
bob,0,28676062,3994,-0.0003,0.1433,1.0,,-1.0256,0.4396,0.1211,,,,,
bob,0,28676062,3995,0.0002,0.1774,1.1199999999999999,,-1.0342,0.4396,0.121,,,,,
bob,0,28676062,3996,0.0009,0.1766,1.08,,-1.0275,0.4396,0.1211,,,,,
bob,0,28676062,3997,-0.0002,0.1723,1.0999999999999999,,-1.0267,0.4395,0.1212,,,,,
bob,0,28676062,3998,-0.001,0.1728,1.08,,-1.0164,0.4395,0.1212,,,,,
bob,0,28676062,3999,0.0005,0.1421,1.0,,-1.0263,0.4395,0.1212,,,,,
bob,0,28676062,4000,-0.0017,0.1631,1.02,,-1.0108,0.4395,0.1212,,,,,
bob,0,28676062,4001,0.0002,0.1434,0.9400000000000001,,-1.0215,0.4395,0.1211,,,,,
bob,0,28676062,4002,0.0023,0.1504,0.9199999999999999,,-1.0171,0.4395,0.121,,,,,
bob,0,28676062,4003,0.0006,0.1475,1.06,,-1.0047,0.4395,0.1208,,,,,
bob,0,28676062,4004,0.001,0.1895,1.22,,-1.0203,0.4395,0.1209,,,,,
bob,0,28676062,4005,-0.0004,0.1717,1.0999999999999999,,-1.022,0.4395,0.1211,,,,,
bob,0,28676062,4006,0.0007,0.1496,0.8999999999999999,,-1.0233,0.4395,0.1211,,,,,
bob,0,28676062,4007,-0.0005,0.1747,1.18,,-1.021,0.4395,0.1213,,,,,
bob,0,28676062,4008,-0.0004,0.1714,1.1400000000000001,,-1.0239,0.4395,0.1214,,,,,
bob,0,28676062,4009,0.0,0.1811,1.22,,-1.0248,0.4395,0.1215,,,,,
bob,0,28676062,4010,-0.0002,0.174,1.0999999999999999,,-1.0311,0.4395,0.1214,,,,,
bob,0,28676062,4011,0.0005,0.189,1.0999999999999999,,-1.0235,0.4395,0.1215,,,,,
bob,0,28676062,4012,-0.0001,0.1575,1.1400000000000001,,-1.024,0.4394,0.1217,,,,,
bob,0,28676062,4013,0.001,0.1973,1.28,,-1.0266,0.4394,0.1219,,,,,
bob,0,28676062,4014,-0.0002,0.1926,1.26,,-1.027,0.4394,0.1219,,,,,
bob,0,28676062,4015,0.0012,0.1687,1.06,,-1.0169,0.4394,0.1219,,,,,
bob,0,28676062,4016,-0.001,0.2066,1.34,,-1.0337,0.4394,0.122,,,,,
bob,0,28676062,4017,0.0001,0.1494,1.02,,-1.025,0.4394,0.1219,,,,,
bob,0,28676062,4018,-0.0001,0.1811,1.24,,-1.0189,0.4393,0.1221,,,,,
bob,0,28676062,4019,0.0014,0.18,1.34,,-1.0199,0.4393,0.1223,,,,,
bob,0,28676062,4020,0.0002,0.1646,1.02,,-1.021,0.4393,0.1222,,,,,
bob,0,28676062,4021,0.0011,0.1509,0.98,,-1.0336,0.4393,0.1221,,,,,
bob,0,28676062,4022,-0.0005,0.1818,1.2,,-1.0165,0.4393,0.122,,,,,
bob,0,28676062,4023,-0.0008,0.1616,0.98,,-1.0269,0.4393,0.1219,,,,,
bob,0,28676062,4024,-0.0009,0.1515,1.0,,-1.0242,0.4392,0.1218,,,,,
bob,0,28676062,4025,-0.0004,0.1341,0.8999999999999999,,-1.0249,0.4392,0.1216,,,,,
bob,0,28676062,4026,-0.0003,0.1738,1.1199999999999999,,-1.0306,0.4392,0.1217,,,,,
bob,0,28676062,4027,0.0009,0.1678,1.04,,-1.0225,0.4392,0.1217,,,,,
bob,0,28676062,4028,-0.0016,0.1713,1.04,,-1.0334,0.4392,0.1215,,,,,
bob,0,28676062,4029,-0.0002,0.1944,1.3,,-1.0245,0.4392,0.1217,,,,,
bob,0,28676062,4030,0.0,0.1914,1.22,,-1.0237,0.4392,0.1217,,,,,
bob,0,28676062,4031,-0.0,0.149,0.9400000000000001,,-1.0356,0.4392,0.1217,,,,,
bob,0,28676062,4032,0.0005,0.1753,1.24,,-1.0295,0.4392,0.1218,,,,,
bob,0,28676062,4033,-0.0001,0.1622,1.0999999999999999,,-1.0272,0.4392,0.1217,,,,,
bob,0,28676062,4034,0.0002,0.1628,1.02,,-1.0334,0.4392,0.1217,,,,,
bob,0,28676062,4035,-0.0001,0.1609,1.06,,-1.0343,0.4392,0.1218,,,,,
bob,0,28676062,4036,0.0001,0.1512,1.02,,-1.0338,0.4392,0.1218,,,,,
bob,0,28676062,4037,0.0,0.1518,0.96,,-1.0249,0.4392,0.1218,,,,,
bob,0,28676062,4038,-0.0,0.1837,1.0999999999999999,,-1.0172,0.4392,0.1218,,,,,
bob,0,28676062,4039,0.0018,0.184,1.18,,-1.0381,0.4392,0.1218,,,,,
bob,0,28676062,4040,-0.0001,0.1732,1.1199999999999999,,-1.0203,0.4392,0.122,,,,,
bob,0,28676062,4041,0.0001,0.1294,0.8,,-1.0175,0.4392,0.1218,,,,,
bob,0,28676062,4042,0.0003,0.184,1.22,,-1.0242,0.4392,0.122,,,,,
bob,0,28676062,4043,-0.0007,0.1688,1.06,,-1.0203,0.4392,0.122,,,,,
bob,0,28676062,4044,0.0002,0.1876,1.1400000000000001,,-1.0284,0.4391,0.1221,,,,,
bob,0,28676062,4045,0.0016,0.1578,1.0,,-1.0251,0.4391,0.122,,,,,
bob,0,28676062,4046,-0.0003,0.1597,1.08,,-1.0123,0.4391,0.122,,,,,
bob,0,28676062,4047,0.0023,0.1768,1.08,,-1.0217,0.4391,0.1221,,,,,
bob,0,28676062,4048,-0.0006,0.1529,1.02,,-1.0313,0.4391,0.1221,,,,,
bob,0,28676062,4049,0.0007,0.1846,1.2,,-1.0257,0.4391,0.1221,,,,,
bob,0,28676062,4050,-0.0002,0.181,1.0999999999999999,,-1.0276,0.4391,0.122,,,,,
bob,0,28676062,4051,-0.0,0.1724,1.06,,-1.0214,0.4391,0.122,,,,,
bob,0,28676062,4052,-0.0011,0.1996,1.22,,-1.0286,0.4391,0.122,,,,,
bob,0,28676062,4053,0.0008,0.2081,1.3,,-1.027,0.4391,0.1221,,,,,
bob,0,28676062,4054,0.0007,0.1743,1.1400000000000001,,-1.0164,0.4391,0.1221,,,,,
bob,0,28676062,4055,-0.0014,0.1593,1.0999999999999999,,-1.0137,0.4391,0.122,,,,,
bob,0,28676062,4056,-0.0014,0.16,1.04,,-1.0302,0.4391,0.122,,,,,
bob,0,28676062,4057,-0.0001,0.1921,1.1400000000000001,,-1.0165,0.4391,0.122,,,,,
bob,0,28676062,4058,0.0003,0.1629,1.02,,-1.0328,0.4391,0.1219,,,,,
bob,0,28676062,4059,0.0003,0.155,0.98,,-1.0232,0.4391,0.1218,,,,,
bob,0,28676062,4060,0.0007,0.1648,1.06,,-1.0183,0.4391,0.1218,,,,,
bob,0,28676062,4061,0.0006,0.2172,1.4200000000000002,,-1.027,0.4391,0.1221,,,,,
bob,0,28676062,4062,0.0003,0.1606,0.98,,-1.0225,0.4391,0.122,,,,,
bob,0,28676062,4063,0.0014,0.1846,1.1199999999999999,,-1.0227,0.4391,0.1221,,,,,
bob,0,28676062,4064,0.0008,0.176,1.2,,-1.025,0.4391,0.122,,,,,
bob,0,28676062,4065,-0.0001,0.149,0.96,,-1.0217,0.4391,0.1219,,,,,
bob,0,28676062,4066,-0.0,0.1959,1.22,,-1.0256,0.4391,0.1219,,,,,
bob,0,28676062,4067,0.0006,0.1801,1.16,,-1.033,0.4391,0.1219,,,,,
bob,0,28676062,4068,-0.0005,0.1454,0.96,,-1.0285,0.4391,0.1218,,,,,
bob,0,28676062,4069,-0.0011,0.1964,1.22,,-1.029,0.4391,0.122,,,,,
bob,0,28676062,4070,0.0024,0.1968,1.26,,-1.0223,0.439,0.1221,,,,,
bob,0,28676062,4071,0.0007,0.218,1.38,,-1.0114,0.439,0.1224,,,,,
bob,0,28676062,4072,0.0008,0.2164,1.32,,-1.0154,0.439,0.1225,,,,,
bob,0,28676062,4073,-0.001,0.1653,1.16,,-1.0319,0.439,0.1226,,,,,
bob,0,28676062,4074,0.0008,0.2107,1.32,,-1.0185,0.439,0.1228,,,,,
bob,0,28676062,4075,0.0007,0.1807,1.22,,-1.0242,0.439,0.123,,,,,
bob,0,28676062,4076,0.0003,0.1781,1.2,,-1.0173,0.4389,0.1232,,,,,
bob,0,28676062,4077,0.0004,0.1831,1.2,,-1.0204,0.4389,0.1233,,,,,
bob,0,28676062,4078,0.0015,0.1917,1.26,,-1.0312,0.4389,0.1233,,,,,
bob,0,28676062,4079,0.0011,0.1777,1.1400000000000001,,-1.0196,0.4388,0.1234,,,,,
bob,0,28676062,4080,0.0002,0.1773,1.0999999999999999,,-1.0208,0.4388,0.1235,,,,,
bob,0,28676062,4081,-0.0005,0.1967,1.28,,-1.022,0.4388,0.1236,,,,,
bob,0,28676062,4082,-0.001,0.1953,1.34,,-1.0204,0.4388,0.1238,,,,,
bob,0,28676062,4083,0.0017,0.1706,0.98,,-1.023,0.4387,0.1237,,,,,
bob,0,28676062,4084,0.0009,0.1684,1.16,,-1.0344,0.4387,0.1237,,,,,
bob,0,28676062,4085,0.0009,0.1749,1.0999999999999999,,-1.0189,0.4387,0.1237,,,,,
bob,0,28676062,4086,0.0009,0.2129,1.4200000000000002,,-1.0188,0.4386,0.124,,,,,
bob,0,28676062,4087,0.0003,0.1904,1.1400000000000001,,-1.0126,0.4386,0.124,,,,,
bob,0,28676062,4088,0.002,0.2,1.3599999999999999,,-1.0199,0.4386,0.1243,,,,,
bob,0,28676062,4089,0.0036,0.1736,1.0,,-1.0205,0.4385,0.1244,,,,,
bob,0,28676062,4090,0.0006,0.1664,0.9400000000000001,,-1.0212,0.4385,0.1244,,,,,
bob,0,28676062,4091,0.001,0.1358,0.9400000000000001,,-1.0211,0.4385,0.1244,,,,,
bob,0,28676062,4092,0.0001,0.1528,1.0,,-1.0209,0.4384,0.1243,,,,,
bob,0,28676062,4093,0.0024,0.1902,1.26,,-1.0265,0.4384,0.1244,,,,,
bob,0,28676062,4094,0.0015,0.1641,1.0,,-1.0268,0.4384,0.1243,,,,,
bob,0,28676062,4095,-0.0002,0.1788,1.1400000000000001,,-1.019,0.4383,0.1245,,,,,
bob,0,28676062,4096,0.0006,0.1597,1.0,,-1.0157,0.4383,0.1244,,,,,
bob,0,28676062,4097,0.0013,0.1693,1.04,,-1.0243,0.4383,0.1244,,,,,
bob,0,28676062,4098,-0.0003,0.2119,1.4000000000000001,,-1.0138,0.4383,0.1247,,,,,
bob,0,28676062,4099,0.0009,0.1767,1.08,,-1.0282,0.4382,0.1246,,,,,
bob,0,28676062,4100,-0.0015,0.1654,1.08,,-1.0225,0.4382,0.1245,,,,,
bob,0,28676062,4101,-0.0009,0.1795,1.06,,-1.035,0.4382,0.1245,,,,,
bob,0,28676062,4102,0.0006,0.1923,1.2,,-1.0224,0.4382,0.1245,,,,,
bob,0,28676062,4103,0.0009,0.1693,1.18,,-1.0166,0.4381,0.1245,,,,,
bob,0,28676062,4104,0.0007,0.1594,0.98,,-1.0322,0.4381,0.1244,,,,,
bob,0,28676062,4105,0.0007,0.183,1.16,,-1.0238,0.4381,0.1244,,,,,
bob,0,28676062,4106,-0.001,0.1768,1.1400000000000001,,-1.0187,0.4381,0.1244,,,,,
bob,0,28676062,4107,0.0008,0.193,1.26,,-1.0138,0.4381,0.1245,,,,,
bob,0,28676062,4108,-0.0006,0.1492,0.9400000000000001,,-1.0157,0.4381,0.1244,,,,,
bob,0,28676062,4109,-0.0,0.1835,1.24,,-1.0177,0.438,0.1245,,,,,
bob,0,28676062,4110,-0.0007,0.1728,1.18,,-1.0045,0.438,0.1245,,,,,
bob,0,28676062,4111,-0.0001,0.1674,1.16,,-1.0175,0.438,0.1244,,,,,
bob,0,28676062,4112,0.0007,0.1573,1.0,,-1.0126,0.438,0.1244,,,,,
bob,0,28676062,4113,0.0017,0.1627,1.18,,-1.0266,0.438,0.1245,,,,,
bob,0,28676062,4114,-0.0002,0.2026,1.28,,-1.0173,0.438,0.1245,,,,,
bob,0,28676062,4115,0.0001,0.1878,1.16,,-1.0278,0.438,0.1246,,,,,
bob,0,28676062,4116,-0.0,0.1771,1.0999999999999999,,-1.0353,0.438,0.1245,,,,,
bob,0,28676062,4117,0.0007,0.1638,1.06,,-1.0165,0.438,0.1244,,,,,
bob,0,28676062,4118,0.0001,0.1542,1.06,,-1.0166,0.4379,0.1244,,,,,
bob,0,28676062,4119,-0.0007,0.1727,1.0999999999999999,,-1.0187,0.4379,0.1243,,,,,
bob,0,28676062,4120,-0.0004,0.1819,1.18,,-1.0242,0.4379,0.1244,,,,,
bob,0,28676062,4121,-0.0003,0.2009,1.22,,-1.021,0.4379,0.1245,,,,,
bob,0,28676062,4122,0.0003,0.1813,1.22,,-1.017,0.4379,0.1244,,,,,
bob,0,28676062,4123,-0.0009,0.1643,1.1199999999999999,,-1.0207,0.4379,0.1246,,,,,
bob,0,28676062,4124,-0.0,0.1774,1.08,,-1.0254,0.4379,0.1246,,,,,
bob,0,28676062,4125,-0.0009,0.1743,1.1199999999999999,,-1.0136,0.4379,0.1246,,,,,
bob,0,28676062,4126,0.0,0.179,1.1400000000000001,,-1.027,0.4379,0.1247,,,,,
bob,0,28676062,4127,-0.0015,0.1947,1.24,,-1.0314,0.4379,0.1248,,,,,
bob,0,28676062,4128,0.0008,0.1853,1.26,,-1.0244,0.4378,0.1249,,,,,
bob,0,28676062,4129,-0.0011,0.1674,1.0,,-1.0289,0.4378,0.1249,,,,,
bob,0,28676062,4130,0.0001,0.1885,1.4000000000000001,,-1.026,0.4378,0.125,,,,,
bob,0,28676062,4131,0.0004,0.1654,1.1199999999999999,,-1.011,0.4378,0.1251,,,,,
bob,0,28676062,4132,0.0002,0.1932,1.22,,-1.0224,0.4378,0.1251,,,,,
bob,0,28676062,4133,-0.0011,0.193,1.26,,-1.0187,0.4378,0.1251,,,,,
bob,0,28676062,4134,0.0015,0.1812,1.08,,-1.0217,0.4377,0.1251,,,,,
bob,0,28676062,4135,0.0017,0.193,1.18,,-1.0237,0.4377,0.1253,,,,,
bob,0,28676062,4136,0.0001,0.1579,0.98,,-1.0244,0.4377,0.1251,,,,,
bob,0,28676062,4137,0.0025,0.1981,1.22,,-1.022,0.4377,0.1254,,,,,
bob,0,28676062,4138,0.002,0.166,1.1199999999999999,,-1.0323,0.4377,0.1255,,,,,
bob,0,28676062,4139,-0.001,0.181,1.18,,-1.0143,0.4376,0.1257,,,,,
bob,0,28676062,4140,-0.0004,0.1663,1.08,,-1.0204,0.4376,0.1258,,,,,
bob,0,28676062,4141,-0.0001,0.1849,1.18,,-1.0192,0.4376,0.1257,,,,,
bob,0,28676062,4142,-0.0007,0.1775,1.0999999999999999,,-1.0195,0.4376,0.1258,,,,,
bob,0,28676062,4143,0.0017,0.1958,1.24,,-1.0247,0.4375,0.1259,,,,,
bob,0,28676062,4144,-0.0003,0.1771,1.22,,-1.0222,0.4375,0.126,,,,,
bob,0,28676062,4145,-0.0003,0.2007,1.3599999999999999,,-1.0158,0.4375,0.1262,,,,,
bob,0,28676062,4146,0.001,0.1879,1.26,,-1.0192,0.4375,0.1263,,,,,
bob,0,28676062,4147,-0.0003,0.1926,1.2,,-1.0172,0.4374,0.1264,,,,,
bob,0,28676062,4148,-0.0005,0.2161,1.34,,-1.0234,0.4374,0.1266,,,,,
bob,0,28676062,4149,0.0015,0.1864,1.1400000000000001,,-1.016,0.4374,0.1265,,,,,
bob,0,28676062,4150,-0.0004,0.1828,1.18,,-1.0199,0.4373,0.1265,,,,,
bob,0,28676062,4151,-0.0008,0.1956,1.34,,-1.0292,0.4373,0.1266,,,,,
bob,0,28676062,4152,0.0,0.1929,1.22,,-1.0162,0.4373,0.1267,,,,,
bob,0,28676062,4153,-0.0002,0.1799,1.24,,-1.0313,0.4372,0.1268,,,,,
bob,0,28676062,4154,-0.0005,0.2211,1.4200000000000002,,-1.0392,0.4372,0.1269,,,,,
bob,0,28676062,4155,-0.0005,0.1871,1.24,,-1.0211,0.4372,0.127,,,,,
bob,0,28676062,4156,-0.0012,0.2347,1.4200000000000002,,-1.0349,0.4371,0.1272,,,,,
bob,0,28676062,4157,-0.0007,0.1858,1.32,,-1.0345,0.4371,0.1272,,,,,
bob,0,28676062,4158,-0.0007,0.2125,1.32,,-1.0214,0.4371,0.1272,,,,,
bob,0,28676062,4159,0.0006,0.179,1.16,,-1.0274,0.437,0.1273,,,,,
bob,0,28676062,4160,0.001,0.1754,1.18,,-1.021,0.437,0.1271,,,,,
bob,0,28676062,4161,0.0011,0.2158,1.4000000000000001,,-1.0125,0.437,0.1273,,,,,
bob,0,28676062,4162,-0.0001,0.2152,1.24,,-1.0275,0.4369,0.1274,,,,,
bob,0,28676062,4163,0.0001,0.1876,1.24,,-1.0394,0.4369,0.1274,,,,,
bob,0,28676062,4164,0.0002,0.1684,1.0999999999999999,,-1.0205,0.4369,0.1275,,,,,
bob,0,28676062,4165,0.0004,0.1711,1.26,,-1.0274,0.4368,0.1275,,,,,
bob,0,28676062,4166,-0.0009,0.194,1.28,,-1.0255,0.4368,0.1278,,,,,
bob,0,28676062,4167,0.0007,0.1961,1.34,,-1.0278,0.4368,0.128,,,,,
bob,0,28676062,4168,0.0008,0.2073,1.24,,-1.0363,0.4367,0.128,,,,,
bob,0,28676062,4169,0.0004,0.1711,1.08,,-1.0326,0.4367,0.1281,,,,,
bob,0,28676062,4170,-0.0012,0.202,1.4200000000000002,,-1.0145,0.4366,0.1284,,,,,
bob,0,28676062,4171,0.0001,0.1643,1.04,,-1.0246,0.4366,0.1284,,,,,
bob,0,28676062,4172,0.0014,0.1557,1.02,,-1.0356,0.4366,0.1285,,,,,
bob,0,28676062,4173,0.0004,0.1605,0.96,,-1.0198,0.4365,0.1285,,,,,
bob,0,28676062,4174,0.0002,0.187,1.2,,-1.0219,0.4365,0.1285,,,,,
bob,0,28676062,4175,0.0017,0.1811,1.18,,-1.0307,0.4364,0.1286,,,,,
bob,0,28676062,4176,-0.0006,0.205,1.34,,-1.0291,0.4364,0.1288,,,,,
bob,0,28676062,4177,0.0009,0.2007,1.3,,-1.0237,0.4364,0.1289,,,,,
bob,0,28676062,4178,0.0007,0.2095,1.34,,-1.0191,0.4363,0.1291,,,,,
bob,0,28676062,4179,0.0003,0.2109,1.3599999999999999,,-1.0155,0.4363,0.1293,,,,,
bob,0,28676062,4180,0.0013,0.1919,1.18,,-1.02,0.4362,0.1294,,,,,
bob,0,28676062,4181,-0.0011,0.1919,1.2,,-1.0179,0.4362,0.1296,,,,,
bob,0,28676062,4182,0.0012,0.179,1.06,,-1.0283,0.4361,0.1296,,,,,
bob,0,28676062,4183,-0.0009,0.1603,1.1400000000000001,,-1.0334,0.4361,0.1296,,,,,
bob,0,28676062,4184,-0.0002,0.1981,1.22,,-1.0267,0.436,0.1297,,,,,
bob,0,28676062,4185,-0.0005,0.1875,1.18,,-1.0278,0.436,0.1299,,,,,
bob,0,28676062,4186,-0.0,0.1755,1.1400000000000001,,-1.0194,0.4359,0.1299,,,,,
bob,0,28676062,4187,0.0004,0.1758,1.16,,-1.0213,0.4359,0.1298,,,,,
bob,0,28676062,4188,0.0019,0.2297,1.34,,-1.0276,0.4358,0.13,,,,,
bob,0,28676062,4189,-0.0003,0.1857,1.2,,-1.0233,0.4358,0.1301,,,,,
bob,0,28676062,4190,-0.0003,0.1995,1.24,,-1.0247,0.4358,0.1302,,,,,
bob,0,28676062,4191,0.0012,0.1728,1.1199999999999999,,-1.0201,0.4357,0.1302,,,,,
bob,0,28676062,4192,-0.0013,0.1865,1.16,,-1.0303,0.4357,0.1303,,,,,
bob,0,28676062,4193,0.0001,0.1907,1.28,,-1.0334,0.4356,0.1304,,,,,
bob,0,28676062,4194,0.001,0.1926,1.26,,-1.0065,0.4356,0.1306,,,,,
bob,0,28676062,4195,-0.0001,0.1701,1.1199999999999999,,-1.0233,0.4355,0.1306,,,,,
bob,0,28676062,4196,0.0004,0.1843,1.28,,-1.0155,0.4355,0.1307,,,,,
bob,0,28676062,4197,-0.0003,0.2154,1.34,,-1.0273,0.4354,0.1308,,,,,
bob,0,28676062,4198,-0.0001,0.186,1.26,,-1.0225,0.4354,0.1309,,,,,
bob,0,28676062,4199,0.0005,0.163,1.06,,-1.0219,0.4354,0.131,,,,,
bob,0,28676062,4200,-0.0006,0.1776,1.02,,-1.0212,0.4353,0.1309,,,,,
bob,0,28676062,4201,0.0007,0.1646,1.06,,-1.0286,0.4353,0.131,,,,,
bob,0,28676062,4202,-0.0007,0.1919,1.26,,-1.0311,0.4352,0.1312,,,,,
bob,0,28676062,4203,-0.0014,0.2052,1.34,,-1.0288,0.4352,0.1314,,,,,
bob,0,28676062,4204,-0.0008,0.1958,1.32,,-1.0271,0.4351,0.1315,,,,,
bob,0,28676062,4205,-0.0002,0.1989,1.38,,-1.0239,0.4351,0.1317,,,,,
bob,0,28676062,4206,0.0004,0.1965,1.3,,-1.0095,0.435,0.1319,,,,,
bob,0,28676062,4207,-0.0007,0.1707,1.18,,-1.0185,0.435,0.1319,,,,,
bob,0,28676062,4208,-0.0013,0.1857,1.1400000000000001,,-1.0181,0.4349,0.1319,,,,,
bob,0,28676062,4209,0.0014,0.1846,1.22,,-1.0325,0.4349,0.1319,,,,,
bob,0,28676062,4210,-0.0012,0.1917,1.22,,-1.03,0.4349,0.132,,,,,
bob,0,28676062,4211,-0.0004,0.1538,1.04,,-1.0263,0.4348,0.1319,,,,,
bob,0,28676062,4212,-0.0008,0.1804,1.24,,-1.0297,0.4348,0.1319,,,,,
bob,0,28676062,4213,0.0016,0.1804,1.2,,-1.0344,0.4347,0.1319,,,,,
bob,0,28676062,4214,0.0014,0.1857,1.32,,-1.0295,0.4347,0.1319,,,,,
bob,0,28676062,4215,0.0003,0.1656,1.1400000000000001,,-1.0226,0.4347,0.1319,,,,,
bob,0,28676062,4216,0.0016,0.1776,1.1199999999999999,,-1.0281,0.4346,0.1317,,,,,
bob,0,28676062,4217,0.0017,0.1693,1.08,,-1.0264,0.4346,0.1318,,,,,
bob,0,28676062,4218,0.0012,0.16,1.0999999999999999,,-1.0246,0.4346,0.1317,,,,,
bob,0,28676062,4219,0.0001,0.1981,1.28,,-1.0404,0.4346,0.1317,,,,,
bob,0,28676062,4220,0.0003,0.1833,1.1199999999999999,,-1.0294,0.4345,0.1318,,,,,
bob,0,28676062,4221,-0.0002,0.1873,1.22,,-1.0265,0.4345,0.1319,,,,,
bob,0,28676062,4222,-0.0006,0.1699,1.16,,-1.0223,0.4345,0.1319,,,,,
bob,0,28676062,4223,0.0008,0.1732,1.16,,-1.02,0.4345,0.1321,,,,,
bob,0,28676062,4224,0.0008,0.2017,1.32,,-1.0188,0.4344,0.1322,,,,,
bob,0,28676062,4225,0.0014,0.1892,1.28,,-1.0229,0.4344,0.1325,,,,,
bob,0,28676062,4226,-0.0006,0.1893,1.28,,-1.0218,0.4344,0.1326,,,,,
bob,0,28676062,4227,-0.001,0.2167,1.4000000000000001,,-1.0258,0.4343,0.1328,,,,,
bob,0,28676062,4228,0.0003,0.1445,0.8999999999999999,,-1.018,0.4343,0.1328,,,,,
bob,0,28676062,4229,-0.0003,0.1585,1.1400000000000001,,-1.0146,0.4343,0.1327,,,,,
bob,0,28676062,4230,0.0013,0.1947,1.22,,-1.0222,0.4342,0.1327,,,,,
bob,0,28676062,4231,0.0008,0.168,1.02,,-1.0211,0.4342,0.1328,,,,,
bob,0,28676062,4232,0.0007,0.1517,0.98,,-1.027,0.4342,0.1326,,,,,
bob,0,28676062,4233,-0.0007,0.1943,1.22,,-1.0288,0.4342,0.1327,,,,,
bob,0,28676062,4234,0.0005,0.1706,1.06,,-1.032,0.4341,0.1327,,,,,
bob,0,28676062,4235,0.0002,0.1619,1.1199999999999999,,-1.02,0.4341,0.1327,,,,,
bob,0,28676062,4236,-0.0007,0.2012,1.28,,-1.02,0.4341,0.1329,,,,,
bob,0,28676062,4237,-0.0,0.1829,1.1199999999999999,,-1.0146,0.434,0.133,,,,,
bob,0,28676062,4238,0.0009,0.1678,1.1400000000000001,,-1.0136,0.434,0.133,,,,,
bob,0,28676062,4239,-0.0015,0.1991,1.38,,-1.0329,0.434,0.1331,,,,,
bob,0,28676062,4240,0.0002,0.1743,1.1400000000000001,,-1.0275,0.434,0.1331,,,,,
bob,0,28676062,4241,-0.0006,0.1913,1.26,,-1.0216,0.4339,0.1334,,,,,
bob,0,28676062,4242,0.0006,0.1911,1.18,,-1.0203,0.4339,0.1333,,,,,
bob,0,28676062,4243,0.0003,0.1829,1.22,,-1.0182,0.4339,0.1334,,,,,
bob,0,28676062,4244,0.0019,0.2018,1.28,,-1.0249,0.4338,0.1335,,,,,
bob,0,28676062,4245,0.0007,0.1667,1.0999999999999999,,-1.0241,0.4338,0.1336,,,,,
bob,0,28676062,4246,-0.0001,0.165,1.16,,-1.0297,0.4338,0.1336,,,,,
bob,0,28676062,4247,-0.0001,0.211,1.32,,-1.0263,0.4337,0.1338,,,,,
bob,0,28676062,4248,0.0002,0.1777,1.0999999999999999,,-1.0308,0.4337,0.1339,,,,,
bob,0,28676062,4249,0.0006,0.1788,1.18,,-1.0189,0.4337,0.1339,,,,,
bob,0,28676062,4250,-0.0019,0.1977,1.34,,-1.0263,0.4336,0.134,,,,,
bob,0,28676062,4251,0.0013,0.1918,1.16,,-1.0234,0.4336,0.1341,,,,,
bob,0,28676062,4252,-0.0009,0.1836,1.18,,-1.0214,0.4336,0.134,,,,,
bob,0,28676062,4253,0.001,0.2106,1.4200000000000002,,-1.0234,0.4335,0.1341,,,,,
bob,0,28676062,4254,-0.0021,0.193,1.18,,-1.0277,0.4335,0.1341,,,,,
bob,0,28676062,4255,0.0001,0.1879,1.1199999999999999,,-1.0228,0.4335,0.1342,,,,,
bob,0,28676062,4256,0.0005,0.1895,1.26,,-1.0205,0.4335,0.1343,,,,,
bob,0,28676062,4257,-0.0003,0.1865,1.0999999999999999,,-1.0237,0.4334,0.1343,,,,,
bob,0,28676062,4258,0.001,0.1668,1.06,,-1.0138,0.4334,0.1343,,,,,
bob,0,28676062,4259,-0.0015,0.1803,1.26,,-1.0086,0.4334,0.1346,,,,,
bob,0,28676062,4260,0.0005,0.1967,1.22,,-1.0201,0.4333,0.1347,,,,,
bob,0,28676062,4261,-0.0006,0.1863,1.26,,-1.0314,0.4333,0.1346,,,,,
bob,0,28676062,4262,0.001,0.1964,1.3,,-1.0315,0.4333,0.1348,,,,,
bob,0,28676062,4263,0.0006,0.1963,1.28,,-1.0201,0.4332,0.1349,,,,,
bob,0,28676062,4264,0.002,0.1974,1.22,,-1.0296,0.4332,0.135,,,,,
bob,0,28676062,4265,0.0005,0.1924,1.18,,-1.0242,0.4332,0.1351,,,,,
bob,0,28676062,4266,-0.0005,0.1773,1.1400000000000001,,-1.0228,0.4331,0.1351,,,,,
bob,0,28676062,4267,0.0001,0.1798,1.2,,-1.0109,0.4331,0.1351,,,,,
bob,0,28676062,4268,0.0005,0.2044,1.24,,-1.0196,0.433,0.1353,,,,,
bob,0,28676062,4269,0.0004,0.1745,1.16,,-1.0192,0.433,0.1353,,,,,
bob,0,28676062,4270,0.0003,0.2076,1.24,,-1.0209,0.433,0.1352,,,,,
bob,0,28676062,4271,0.0005,0.2028,1.3,,-1.0158,0.433,0.1352,,,,,
bob,0,28676062,4272,-0.0004,0.1931,1.2,,-1.0244,0.4329,0.1351,,,,,
bob,0,28676062,4273,-0.0005,0.1713,1.16,,-1.0208,0.4329,0.1351,,,,,
bob,0,28676062,4274,0.0008,0.1862,1.28,,-1.0172,0.4329,0.1351,,,,,
bob,0,28676062,4275,-0.0002,0.1969,1.16,,-1.0147,0.4329,0.1351,,,,,
bob,0,28676062,4276,0.0,0.174,1.0999999999999999,,-1.0223,0.4328,0.135,,,,,
bob,0,28676062,4277,0.0011,0.1909,1.22,,-1.0276,0.4328,0.135,,,,,
bob,0,28676062,4278,-0.0022,0.1806,1.22,,-1.0233,0.4328,0.135,,,,,
bob,0,28676062,4279,-0.0027,0.1808,1.2,,-1.0194,0.4328,0.1351,,,,,
bob,0,28676062,4280,0.001,0.1885,1.22,,-1.0248,0.4328,0.1351,,,,,
bob,0,28676062,4281,0.0026,0.1769,1.1400000000000001,,-1.0155,0.4328,0.1351,,,,,
bob,0,28676062,4282,0.0002,0.1705,1.1199999999999999,,-1.0247,0.4327,0.1349,,,,,
bob,0,28676062,4283,-0.0001,0.1761,1.16,,-1.0274,0.4327,0.135,,,,,
bob,0,28676062,4284,0.0007,0.1657,1.16,,-1.0149,0.4327,0.135,,,,,
bob,0,28676062,4285,-0.0002,0.178,1.1199999999999999,,-1.0125,0.4327,0.135,,,,,
bob,0,28676062,4286,0.0007,0.2113,1.28,,-1.015,0.4327,0.1349,,,,,
bob,0,28676062,4287,0.0009,0.1796,1.1400000000000001,,-1.0135,0.4327,0.1349,,,,,
bob,0,28676062,4288,0.001,0.2279,1.5,,-1.0291,0.4327,0.135,,,,,
bob,0,28676062,4289,-0.0005,0.1905,1.22,,-1.0236,0.4327,0.1351,,,,,
bob,0,28676062,4290,-0.0006,0.1781,1.1400000000000001,,-1.0164,0.4327,0.1353,,,,,
bob,0,28676062,4291,-0.002,0.1946,1.34,,-1.0285,0.4326,0.1355,,,,,
bob,0,28676062,4292,-0.0012,0.2044,1.34,,-1.0185,0.4326,0.1357,,,,,
bob,0,28676062,4293,0.0001,0.2461,1.54,,-1.036,0.4326,0.1359,,,,,
bob,0,28676062,4294,0.0016,0.192,1.22,,-1.0157,0.4325,0.1361,,,,,
bob,0,28676062,4295,-0.0007,0.213,1.28,,-1.0255,0.4325,0.1362,,,,,
bob,0,28676062,4296,0.0007,0.2016,1.34,,-1.0308,0.4325,0.1364,,,,,
bob,0,28676062,4297,0.0009,0.178,1.0999999999999999,,-1.0381,0.4324,0.1365,,,,,
bob,0,28676062,4298,0.0001,0.184,1.3,,-1.0367,0.4324,0.1364,,,,,
bob,0,28676062,4299,0.0012,0.1542,1.06,,-1.034,0.4324,0.1364,,,,,
bob,0,28676062,4300,-0.0017,0.2051,1.26,,-1.0262,0.4324,0.1365,,,,,
bob,0,28676062,4301,0.0006,0.1779,1.24,,-1.0352,0.4323,0.1366,,,,,
bob,0,28676062,4302,-0.0007,0.2135,1.4200000000000002,,-1.0188,0.4323,0.1367,,,,,
bob,0,28676062,4303,0.0005,0.1964,1.18,,-1.0406,0.4323,0.1367,,,,,
bob,0,28676062,4304,-0.0007,0.1746,1.16,,-1.0292,0.4322,0.1368,,,,,
bob,0,28676062,4305,0.0009,0.2154,1.3599999999999999,,-1.0169,0.4322,0.1369,,,,,
bob,0,28676062,4306,0.0002,0.1776,1.1400000000000001,,-1.0182,0.4322,0.1369,,,,,
bob,0,28676062,4307,0.0,0.1368,0.86,,-1.0192,0.4321,0.1366,,,,,
bob,0,28676062,4308,0.0002,0.1645,1.16,,-1.0265,0.4321,0.1367,,,,,
bob,0,28676062,4309,0.0003,0.1911,1.22,,-1.0255,0.4321,0.1368,,,,,
bob,0,28676062,4310,0.0004,0.2009,1.28,,-1.0222,0.4321,0.1368,,,,,
bob,0,28676062,4311,0.0,0.2225,1.3,,-1.0267,0.432,0.137,,,,,
bob,0,28676062,4312,-0.0001,0.2357,1.52,,-1.0153,0.432,0.1374,,,,,
bob,0,28676062,4313,0.0006,0.1842,1.1400000000000001,,-1.023,0.432,0.1373,,,,,
bob,0,28676062,4314,0.0002,0.1843,1.34,,-1.0186,0.4319,0.1373,,,,,
bob,0,28676062,4315,-0.0015,0.2093,1.26,,-1.0416,0.4319,0.1374,,,,,
bob,0,28676062,4316,0.0005,0.1879,1.24,,-1.0189,0.4319,0.1375,,,,,
bob,0,28676062,4317,0.0012,0.1827,1.28,,-1.0261,0.4318,0.1376,,,,,
bob,0,28676062,4318,0.0005,0.168,1.04,,-1.0211,0.4318,0.1376,,,,,
bob,0,28676062,4319,-0.0006,0.221,1.3,,-1.0227,0.4318,0.1377,,,,,
bob,0,28676062,4320,0.0004,0.1756,1.16,,-1.0161,0.4317,0.1377,,,,,
bob,0,28676062,4321,-0.0003,0.1901,1.2,,-1.0213,0.4317,0.1377,,,,,
bob,0,28676062,4322,0.0012,0.1987,1.24,,-1.0234,0.4317,0.1378,,,,,
bob,0,28676062,4323,-0.0008,0.1667,1.08,,-1.0145,0.4316,0.1378,,,,,
bob,0,28676062,4324,-0.0002,0.1901,1.28,,-1.0155,0.4316,0.1379,,,,,
bob,0,28676062,4325,0.0003,0.1862,1.28,,-1.0223,0.4316,0.138,,,,,
bob,0,28676062,4326,-0.0005,0.1975,1.26,,-1.0161,0.4316,0.138,,,,,
bob,0,28676062,4327,0.0011,0.1714,1.08,,-1.0217,0.4315,0.1379,,,,,
bob,0,28676062,4328,0.0,0.1903,1.28,,-1.0259,0.4315,0.1379,,,,,
bob,0,28676062,4329,-0.0,0.2344,1.46,,-1.0204,0.4315,0.1382,,,,,
bob,0,28676062,4330,-0.001,0.2074,1.46,,-1.0156,0.4314,0.1382,,,,,
bob,0,28676062,4331,0.0008,0.178,1.0999999999999999,,-1.0216,0.4314,0.1383,,,,,
bob,0,28676062,4332,0.0003,0.1977,1.3599999999999999,,-1.0198,0.4314,0.1384,,,,,
bob,0,28676062,4333,0.0001,0.212,1.32,,-1.0272,0.4314,0.1384,,,,,
bob,0,28676062,4334,0.0007,0.1725,1.22,,-1.0321,0.4313,0.1385,,,,,
bob,0,28676062,4335,0.0011,0.1615,1.06,,-1.0378,0.4313,0.1384,,,,,
bob,0,28676062,4336,0.0008,0.2116,1.4000000000000001,,-1.0255,0.4313,0.1387,,,,,
bob,0,28676062,4337,-0.0004,0.1661,1.06,,-1.0263,0.4312,0.1386,,,,,
bob,0,28676062,4338,0.0008,0.1721,1.1199999999999999,,-1.0245,0.4312,0.1386,,,,,
bob,0,28676062,4339,0.0009,0.1912,1.38,,-1.0222,0.4312,0.1387,,,,,
bob,0,28676062,4340,0.0009,0.2031,1.3599999999999999,,-1.0245,0.4312,0.1388,,,,,
bob,0,28676062,4341,0.002,0.1819,1.18,,-1.0276,0.4311,0.1388,,,,,
bob,0,28676062,4342,-0.0006,0.1971,1.34,,-1.013,0.4311,0.139,,,,,
bob,0,28676062,4343,0.0006,0.1981,1.2,,-1.0148,0.4311,0.139,,,,,
bob,0,28676062,4344,0.0003,0.1972,1.3,,-1.0181,0.431,0.139,,,,,
bob,0,28676062,4345,-0.0006,0.1902,1.3,,-1.0177,0.431,0.139,,,,,
bob,0,28676062,4346,0.0008,0.1871,1.2,,-1.0351,0.431,0.1389,,,,,
bob,0,28676062,4347,0.0013,0.1834,1.16,,-1.0332,0.431,0.1389,,,,,
bob,0,28676062,4348,-0.0001,0.1751,1.22,,-1.0313,0.4309,0.1389,,,,,
bob,0,28676062,4349,0.001,0.2191,1.3,,-1.0285,0.4309,0.139,,,,,
bob,0,28676062,4350,-0.0005,0.1859,1.24,,-1.0208,0.4309,0.139,,,,,
bob,0,28676062,4351,0.0023,0.2006,1.3,,-1.0207,0.4309,0.139,,,,,
bob,0,28676062,4352,-0.0028,0.1624,1.1400000000000001,,-1.0175,0.4309,0.139,,,,,
bob,0,28676062,4353,-0.0012,0.2143,1.44,,-1.0234,0.4308,0.1391,,,,,
bob,0,28676062,4354,-0.0024,0.2279,1.48,,-1.0134,0.4308,0.1391,,,,,
bob,0,28676062,4355,0.0018,0.2379,1.4200000000000002,,-1.02,0.4308,0.1392,,,,,
bob,0,28676062,4356,-0.0001,0.1807,1.24,,-1.0082,0.4308,0.1391,,,,,
bob,0,28676062,4357,0.0009,0.1947,1.22,,-1.0164,0.4308,0.1391,,,,,
bob,0,28676062,4358,0.0033,0.1798,1.24,,-1.026,0.4308,0.139,,,,,
bob,0,28676062,4359,0.0005,0.2005,1.4000000000000001,,-1.0233,0.4307,0.1392,,,,,
bob,0,28676062,4360,0.0019,0.2219,1.44,,-1.0416,0.4307,0.1394,,,,,
bob,0,28676062,4361,0.0011,0.1973,1.22,,-1.0329,0.4307,0.1392,,,,,
bob,0,28676062,4362,0.0017,0.1798,1.04,,-1.0197,0.4307,0.1391,,,,,
bob,0,28676062,4363,0.0013,0.2009,1.24,,-1.0239,0.4307,0.1391,,,,,
bob,0,28676062,4364,-0.0004,0.1994,1.2,,-1.0243,0.4307,0.1392,,,,,
bob,0,28676062,4365,-0.0006,0.1842,1.28,,-1.02,0.4306,0.1392,,,,,
bob,0,28676062,4366,-0.0007,0.2018,1.34,,-1.0257,0.4306,0.1392,,,,,
bob,0,28676062,4367,0.0005,0.2023,1.22,,-1.0229,0.4306,0.1392,,,,,
bob,0,28676062,4368,-0.0007,0.1732,1.0999999999999999,,-1.0178,0.4306,0.1391,,,,,
bob,0,28676062,4369,0.0005,0.1825,1.1400000000000001,,-1.0203,0.4306,0.1391,,,,,
bob,0,28676062,4370,-0.0002,0.2252,1.4200000000000002,,-1.0202,0.4306,0.1392,,,,,
bob,0,28676062,4371,-0.0001,0.1862,1.24,,-1.0308,0.4306,0.1393,,,,,
bob,0,28676062,4372,0.0008,0.2152,1.46,,-1.0335,0.4306,0.1395,,,,,
bob,0,28676062,4373,-0.001,0.211,1.3,,-1.0254,0.4305,0.1398,,,,,
bob,0,28676062,4374,0.0005,0.2077,1.4200000000000002,,-1.0308,0.4305,0.1399,,,,,
bob,0,28676062,4375,0.0007,0.2025,1.28,,-1.0249,0.4305,0.14,,,,,
bob,0,28676062,4376,0.0003,0.1732,1.2,,-1.0244,0.4305,0.1399,,,,,
bob,0,28676062,4377,-0.0015,0.1957,1.3,,-1.0251,0.4305,0.1399,,,,,
bob,0,28676062,4378,-0.0001,0.1981,1.24,,-1.0283,0.4304,0.1398,,,,,
bob,0,28676062,4379,0.0005,0.223,1.46,,-1.0358,0.4304,0.1399,,,,,
bob,0,28676062,4380,-0.0002,0.1898,1.28,,-1.0286,0.4304,0.14,,,,,
bob,0,28676062,4381,0.0001,0.1777,1.18,,-1.0292,0.4304,0.14,,,,,
bob,0,28676062,4382,-0.0008,0.2174,1.34,,-1.0311,0.4304,0.1402,,,,,
bob,0,28676062,4383,-0.0005,0.2378,1.5,,-1.0192,0.4303,0.1404,,,,,
bob,0,28676062,4384,-0.001,0.1941,1.34,,-1.0253,0.4303,0.1405,,,,,
bob,0,28676062,4385,-0.0001,0.1934,1.32,,-1.0334,0.4303,0.1406,,,,,
bob,0,28676062,4386,0.0004,0.1843,1.1400000000000001,,-1.0153,0.4302,0.1406,,,,,
bob,0,28676062,4387,-0.0007,0.1817,1.3,,-1.0253,0.4302,0.1407,,,,,
bob,0,28676062,4388,-0.0005,0.2349,1.58,,-1.0212,0.4302,0.1409,,,,,
bob,0,28676062,4389,-0.0008,0.2231,1.52,,-1.0176,0.4301,0.1411,,,,,
bob,0,28676062,4390,-0.0004,0.201,1.38,,-1.0176,0.4301,0.1412,,,,,
bob,0,28676062,4391,0.0001,0.194,1.34,,-1.0161,0.4301,0.1414,,,,,
bob,0,28676062,4392,-0.001,0.2217,1.46,,-1.0149,0.43,0.1415,,,,,
bob,0,28676062,4393,-0.0006,0.1652,1.0999999999999999,,-1.0244,0.43,0.1414,,,,,
bob,0,28676062,4394,-0.0011,0.162,1.08,,-1.0101,0.43,0.1413,,,,,
bob,0,28676062,4395,-0.0006,0.1826,1.1400000000000001,,-1.0269,0.4299,0.1413,,,,,
bob,0,28676062,4396,0.0006,0.1909,1.24,,-1.025,0.4299,0.1413,,,,,
bob,0,28676062,4397,0.0005,0.223,1.5,,-1.0331,0.4299,0.1414,,,,,
bob,0,28676062,4398,0.0008,0.1864,1.2,,-1.0162,0.4298,0.1414,,,,,
bob,0,28676062,4399,0.0003,0.1917,1.22,,-1.0295,0.4298,0.1415,,,,,
bob,0,28676062,4400,-0.0004,0.1774,1.06,,-1.0217,0.4298,0.1415,,,,,
bob,0,28676062,4401,-0.0005,0.1585,1.0999999999999999,,-1.0407,0.4297,0.1416,,,,,
bob,0,28676062,4402,0.0007,0.1853,1.16,,-1.0206,0.4297,0.1415,,,,,
bob,0,28676062,4403,-0.0007,0.1898,1.32,,-1.0228,0.4297,0.1415,,,,,
bob,0,28676062,4404,0.0007,0.225,1.48,,-1.0209,0.4297,0.1416,,,,,
bob,0,28676062,4405,0.0001,0.1865,1.16,,-1.0291,0.4297,0.1415,,,,,
bob,0,28676062,4406,0.0007,0.1846,1.26,,-1.0266,0.4296,0.1415,,,,,
bob,0,28676062,4407,-0.001,0.1694,1.18,,-1.0174,0.4296,0.1415,,,,,
bob,0,28676062,4408,0.0011,0.1864,1.28,,-1.0207,0.4296,0.1416,,,,,
bob,0,28676062,4409,0.0008,0.2021,1.34,,-1.0321,0.4296,0.1417,,,,,
bob,0,28676062,4410,-0.001,0.2002,1.3,,-1.0222,0.4295,0.1418,,,,,
bob,0,28676062,4411,-0.0001,0.193,1.32,,-1.0321,0.4295,0.1419,,,,,
bob,0,28676062,4412,-0.0001,0.2112,1.28,,-1.03,0.4295,0.142,,,,,
bob,0,28676062,4413,-0.0003,0.1899,1.2,,-1.0241,0.4295,0.142,,,,,
bob,0,28676062,4414,0.0004,0.172,1.24,,-1.0245,0.4294,0.142,,,,,
bob,0,28676062,4415,-0.0009,0.2206,1.4000000000000001,,-1.0308,0.4294,0.1422,,,,,
bob,0,28676062,4416,-0.0009,0.2193,1.38,,-1.016,0.4294,0.1423,,,,,
bob,0,28676062,4417,-0.0008,0.2022,1.34,,-1.029,0.4294,0.1425,,,,,
bob,0,28676062,4418,-0.0003,0.1983,1.3,,-1.025,0.4293,0.1427,,,,,
bob,0,28676062,4419,0.0002,0.1831,1.2,,-1.035,0.4293,0.1426,,,,,
bob,0,28676062,4420,0.001,0.2222,1.34,,-1.0191,0.4293,0.1428,,,,,
bob,0,28676062,4421,-0.0002,0.1814,1.16,,-1.0324,0.4292,0.1427,,,,,
bob,0,28676062,4422,-0.0002,0.2286,1.5,,-1.0271,0.4292,0.143,,,,,
bob,0,28676062,4423,0.0007,0.1835,1.24,,-1.0212,0.4292,0.143,,,,,
bob,0,28676062,4424,0.0002,0.2131,1.34,,-1.0226,0.4291,0.143,,,,,
bob,0,28676062,4425,0.0005,0.1777,1.16,,-1.0311,0.4291,0.1429,,,,,
bob,0,28676062,4426,-0.0,0.1726,1.08,,-1.027,0.4291,0.1428,,,,,
bob,0,28676062,4427,-0.0,0.1794,1.1400000000000001,,-1.0193,0.4291,0.1426,,,,,
bob,0,28676062,4428,-0.0001,0.1967,1.3599999999999999,,-1.0141,0.429,0.1429,,,,,
bob,0,28676062,4429,0.0008,0.2041,1.3,,-1.0252,0.429,0.143,,,,,
bob,0,28676062,4430,0.0008,0.1819,1.24,,-1.028,0.429,0.143,,,,,
bob,0,28676062,4431,-0.0001,0.2182,1.28,,-1.0269,0.4289,0.1432,,,,,
bob,0,28676062,4432,0.0006,0.192,1.26,,-1.0149,0.4289,0.1434,,,,,
bob,0,28676062,4433,0.0007,0.1631,1.16,,-1.0207,0.4289,0.1434,,,,,
bob,0,28676062,4434,0.001,0.2128,1.4000000000000001,,-1.0296,0.4288,0.1436,,,,,
bob,0,28676062,4435,0.001,0.2521,1.6,,-1.0241,0.4288,0.1439,,,,,
bob,0,28676062,4436,0.0006,0.2156,1.3599999999999999,,-1.0295,0.4288,0.144,,,,,
bob,0,28676062,4437,0.0019,0.2099,1.34,,-1.0195,0.4287,0.1441,,,,,
bob,0,28676062,4438,0.0017,0.2131,1.32,,-1.0204,0.4287,0.1443,,,,,
bob,0,28676062,4439,0.0014,0.1932,1.26,,-1.0114,0.4286,0.1442,,,,,
bob,0,28676062,4440,0.0008,0.2109,1.22,,-1.0247,0.4286,0.1443,,,,,
bob,0,28676062,4441,0.0,0.1835,1.24,,-1.0204,0.4286,0.1443,,,,,
bob,0,28676062,4442,0.0003,0.199,1.28,,-1.0224,0.4285,0.1443,,,,,
bob,0,28676062,4443,0.0014,0.1877,1.3,,-1.0241,0.4285,0.1444,,,,,
bob,0,28676062,4444,-0.0003,0.1832,1.28,,-1.0143,0.4285,0.1444,,,,,
bob,0,28676062,4445,0.001,0.1944,1.2,,-1.0132,0.4284,0.1445,,,,,
bob,0,28676062,4446,0.0002,0.1926,1.18,,-1.0229,0.4284,0.1445,,,,,
bob,0,28676062,4447,0.0005,0.199,1.34,,-1.0148,0.4284,0.1445,,,,,
bob,0,28676062,4448,0.0002,0.2185,1.4200000000000002,,-1.0219,0.4283,0.1447,,,,,
bob,0,28676062,4449,0.0011,0.2146,1.4000000000000001,,-1.0173,0.4283,0.1448,,,,,
bob,0,28676062,4450,-0.0003,0.1799,1.16,,-1.0219,0.4283,0.1447,,,,,
bob,0,28676062,4451,-0.0013,0.2028,1.3,,-1.0339,0.4282,0.1448,,,,,
bob,0,28676062,4452,-0.0002,0.1893,1.06,,-1.0349,0.4282,0.1448,,,,,
bob,0,28676062,4453,-0.0005,0.1609,1.0999999999999999,,-1.0212,0.4282,0.1446,,,,,
bob,0,28676062,4454,-0.0005,0.2011,1.26,,-1.0315,0.4281,0.1446,,,,,
bob,0,28676062,4455,0.0007,0.2117,1.3599999999999999,,-1.0211,0.4281,0.1447,,,,,
bob,0,28676062,4456,0.0015,0.1874,1.22,,-1.0252,0.4281,0.1447,,,,,
bob,0,28676062,4457,-0.0005,0.1703,1.06,,-1.0206,0.4281,0.1447,,,,,
bob,0,28676062,4458,-0.0008,0.1986,1.32,,-1.0255,0.428,0.1449,,,,,
bob,0,28676062,4459,0.0008,0.1687,1.04,,-1.0164,0.428,0.1447,,,,,
bob,0,28676062,4460,-0.0,0.1751,1.0999999999999999,,-1.019,0.428,0.1446,,,,,
bob,0,28676062,4461,0.0003,0.1969,1.26,,-1.0229,0.428,0.1446,,,,,
bob,0,28676062,4462,-0.0016,0.2034,1.28,,-1.0325,0.428,0.1446,,,,,
bob,0,28676062,4463,0.0009,0.2148,1.32,,-1.0212,0.428,0.1446,,,,,
bob,0,28676062,4464,-0.0006,0.2126,1.3599999999999999,,-1.0193,0.4279,0.1448,,,,,
bob,0,28676062,4465,-0.0005,0.2153,1.3,,-1.028,0.4279,0.1449,,,,,
bob,0,28676062,4466,-0.0005,0.1934,1.32,,-1.013,0.4279,0.145,,,,,
bob,0,28676062,4467,-0.0002,0.2121,1.4000000000000001,,-1.0204,0.4279,0.1451,,,,,
bob,0,28676062,4468,-0.0001,0.2069,1.28,,-1.031,0.4279,0.1452,,,,,
bob,0,28676062,4469,-0.0013,0.2052,1.26,,-1.0312,0.4278,0.1452,,,,,
bob,0,28676062,4470,0.0003,0.1875,1.22,,-1.0313,0.4278,0.1452,,,,,
bob,0,28676062,4471,0.0003,0.2023,1.34,,-1.0179,0.4278,0.1452,,,,,
bob,0,28676062,4472,0.0006,0.1655,1.06,,-1.0177,0.4278,0.1451,,,,,
bob,0,28676062,4473,0.0007,0.1878,1.26,,-1.0153,0.4278,0.1452,,,,,
bob,0,28676062,4474,-0.0002,0.1683,1.06,,-1.0101,0.4277,0.145,,,,,
bob,0,28676062,4475,-0.0001,0.1887,1.32,,-1.0215,0.4277,0.1451,,,,,
bob,0,28676062,4476,-0.0003,0.1905,1.34,,-1.039,0.4277,0.1453,,,,,
bob,0,28676062,4477,0.0004,0.1947,1.3,,-1.022,0.4277,0.1453,,,,,
bob,0,28676062,4478,0.0002,0.2168,1.44,,-1.0312,0.4277,0.1454,,,,,
bob,0,28676062,4479,0.001,0.206,1.38,,-1.026,0.4276,0.1456,,,,,
bob,0,28676062,4480,-0.0016,0.2031,1.2,,-1.0157,0.4276,0.1455,,,,,
bob,0,28676062,4481,-0.0,0.1936,1.4000000000000001,,-1.0197,0.4276,0.1457,,,,,
bob,0,28676062,4482,0.0003,0.2103,1.4000000000000001,,-1.0229,0.4276,0.1459,,,,,
bob,0,28676062,4483,-0.0003,0.2212,1.44,,-1.0311,0.4275,0.1461,,,,,
bob,0,28676062,4484,0.0017,0.1912,1.18,,-1.0256,0.4275,0.1461,,,,,
bob,0,28676062,4485,0.0017,0.2158,1.32,,-1.0247,0.4275,0.1462,,,,,
bob,0,28676062,4486,0.0003,0.2019,1.4000000000000001,,-1.0152,0.4275,0.1462,,,,,
bob,0,28676062,4487,0.0019,0.2264,1.24,,-1.0257,0.4274,0.1463,,,,,
bob,0,28676062,4488,-0.0003,0.1816,1.28,,-1.0182,0.4274,0.1462,,,,,
bob,0,28676062,4489,-0.0001,0.1943,1.24,,-1.0171,0.4274,0.1463,,,,,
bob,0,28676062,4490,0.0013,0.1857,1.16,,-1.0186,0.4273,0.1463,,,,,
bob,0,28676062,4491,0.0002,0.1659,1.1400000000000001,,-1.018,0.4273,0.1462,,,,,
bob,0,28676062,4492,-0.0,0.213,1.4000000000000001,,-1.0334,0.4273,0.1463,,,,,
bob,0,28676062,4493,0.0002,0.2082,1.34,,-1.0268,0.4273,0.1461,,,,,
bob,0,28676062,4494,0.0006,0.2249,1.3599999999999999,,-1.0157,0.4273,0.1462,,,,,
bob,0,28676062,4495,0.0012,0.1963,1.3599999999999999,,-1.0315,0.4272,0.1463,,,,,
bob,0,28676062,4496,0.0005,0.2061,1.44,,-1.0299,0.4272,0.1463,,,,,
bob,0,28676062,4497,0.0003,0.2071,1.28,,-1.0207,0.4272,0.1465,,,,,
bob,0,28676062,4498,0.0012,0.1768,1.1199999999999999,,-1.0346,0.4272,0.1464,,,,,
bob,0,28676062,4499,0.0001,0.1774,1.26,,-1.0158,0.4272,0.1465,,,,,
bob,0,28676062,4500,0.0004,0.1642,1.04,,-1.0325,0.4271,0.1464,,,,,
bob,0,28676062,4501,0.0022,0.2034,1.3599999999999999,,-1.0275,0.4271,0.1465,,,,,
bob,0,28676062,4502,0.0009,0.2143,1.3599999999999999,,-1.0277,0.4271,0.1465,,,,,
bob,0,28676062,4503,0.001,0.1602,1.02,,-1.0219,0.4271,0.1464,,,,,
bob,0,28676062,4504,0.0002,0.1787,1.22,,-1.0082,0.4271,0.1464,,,,,
bob,0,28676062,4505,0.0004,0.2283,1.48,,-1.023,0.4271,0.1465,,,,,
bob,0,28676062,4506,0.0005,0.2012,1.38,,-1.0153,0.427,0.1467,,,,,
bob,0,28676062,4507,-0.0005,0.2127,1.34,,-1.0153,0.427,0.147,,,,,
bob,0,28676062,4508,-0.0005,0.2286,1.52,,-1.0309,0.427,0.1473,,,,,
bob,0,28676062,4509,0.0011,0.2031,1.3,,-1.0206,0.4269,0.1473,,,,,
bob,0,28676062,4510,-0.0001,0.209,1.34,,-1.0197,0.4269,0.1473,,,,,
bob,0,28676062,4511,0.0007,0.181,1.22,,-1.0203,0.4269,0.1473,,,,,
bob,0,28676062,4512,0.0014,0.231,1.5599999999999998,,-1.0324,0.4269,0.1473,,,,,
bob,0,28676062,4513,-0.0005,0.2088,1.26,,-1.0232,0.4268,0.1474,,,,,
bob,0,28676062,4514,-0.0015,0.2039,1.24,,-1.0308,0.4268,0.1473,,,,,
bob,0,28676062,4515,-0.001,0.2136,1.46,,-1.0192,0.4268,0.1475,,,,,
bob,0,28676062,4516,-0.001,0.2011,1.3,,-1.0312,0.4268,0.1475,,,,,
bob,0,28676062,4517,-0.0016,0.1716,1.18,,-1.0247,0.4267,0.1475,,,,,
bob,0,28676062,4518,0.0012,0.2114,1.4000000000000001,,-1.0199,0.4267,0.1478,,,,,
bob,0,28676062,4519,-0.0005,0.2117,1.4000000000000001,,-1.0372,0.4267,0.1478,,,,,
bob,0,28676062,4520,-0.0007,0.224,1.4200000000000002,,-1.0274,0.4266,0.148,,,,,
bob,0,28676062,4521,-0.0016,0.1919,1.24,,-1.0291,0.4266,0.1481,,,,,
bob,0,28676062,4522,0.0001,0.2088,1.34,,-1.0342,0.4266,0.1481,,,,,
bob,0,28676062,4523,0.0001,0.2088,1.38,,-1.0381,0.4265,0.1483,,,,,
bob,0,28676062,4524,0.0011,0.2191,1.46,,-1.0314,0.4265,0.1485,,,,,
bob,0,28676062,4525,-0.0019,0.1881,1.06,,-1.0216,0.4265,0.1484,,,,,
bob,0,28676062,4526,0.0013,0.1975,1.32,,-1.023,0.4264,0.1484,,,,,
bob,0,28676062,4527,0.0005,0.1998,1.16,,-1.0271,0.4264,0.1485,,,,,
bob,0,28676062,4528,0.0008,0.1702,1.16,,-1.0246,0.4264,0.1484,,,,,
bob,0,28676062,4529,0.0011,0.1918,1.22,,-1.0288,0.4263,0.1483,,,,,
bob,0,28676062,4530,0.0013,0.1978,1.34,,-1.0291,0.4263,0.1482,,,,,
bob,0,28676062,4531,0.0005,0.2459,1.5599999999999998,,-1.0441,0.4263,0.1485,,,,,
bob,0,28676062,4532,0.0011,0.1861,1.32,,-1.0218,0.4263,0.1485,,,,,
bob,0,28676062,4533,0.0004,0.2049,1.26,,-1.0264,0.4262,0.1485,,,,,
bob,0,28676062,4534,0.0005,0.1778,1.1199999999999999,,-1.0232,0.4262,0.1485,,,,,
bob,0,28676062,4535,-0.0,0.1614,1.04,,-1.0245,0.4262,0.1485,,,,,
bob,0,28676062,4536,-0.0012,0.2015,1.34,,-1.0237,0.4262,0.1484,,,,,
bob,0,28676062,4537,0.0005,0.1907,1.26,,-1.0269,0.4261,0.1486,,,,,
bob,0,28676062,4538,0.0009,0.1886,1.34,,-1.0207,0.4261,0.1487,,,,,
bob,0,28676062,4539,0.0002,0.2343,1.4000000000000001,,-1.0267,0.4261,0.1487,,,,,
bob,0,28676062,4540,-0.001,0.2244,1.52,,-1.0239,0.4261,0.1489,,,,,
bob,0,28676062,4541,0.0008,0.2176,1.28,,-1.0325,0.426,0.149,,,,,
bob,0,28676062,4542,-0.0005,0.2475,1.68,,-1.0292,0.426,0.1492,,,,,
bob,0,28676062,4543,0.0009,0.1771,1.24,,-1.0304,0.426,0.1493,,,,,
bob,0,28676062,4544,0.0014,0.1913,1.2,,-1.0295,0.4259,0.1492,,,,,
bob,0,28676062,4545,0.001,0.2117,1.3,,-1.0251,0.4259,0.1493,,,,,
bob,0,28676062,4546,0.0011,0.2117,1.34,,-1.0339,0.4259,0.1494,,,,,
bob,0,28676062,4547,0.0001,0.2035,1.32,,-1.0214,0.4259,0.1495,,,,,
bob,0,28676062,4548,-0.0012,0.2058,1.34,,-1.0235,0.4258,0.1496,,,,,
bob,0,28676062,4549,0.0022,0.2067,1.32,,-1.0193,0.4258,0.1496,,,,,
bob,0,28676062,4550,0.0009,0.1952,1.16,,-1.0323,0.4258,0.1496,,,,,
bob,0,28676062,4551,0.0007,0.2031,1.26,,-1.0202,0.4257,0.1496,,,,,
bob,0,28676062,4552,-0.0004,0.1864,1.26,,-1.0343,0.4257,0.1497,,,,,
bob,0,28676062,4553,0.0035,0.1941,1.32,,-1.0306,0.4257,0.1496,,,,,
bob,0,28676062,4554,0.0019,0.2125,1.54,,-1.0197,0.4257,0.1496,,,,,
bob,0,28676062,4555,0.0004,0.1967,1.22,,-1.0187,0.4256,0.1495,,,,,
bob,0,28676062,4556,0.0009,0.1551,1.0,,-1.0151,0.4256,0.1494,,,,,
bob,0,28676062,4557,-0.0018,0.1372,0.9400000000000001,,-1.0184,0.4256,0.1492,,,,,
bob,0,28676062,4558,-0.0012,0.1961,1.2,,-1.0169,0.4256,0.1492,,,,,
bob,0,28676062,4559,0.0001,0.1784,1.1199999999999999,,-1.0133,0.4256,0.149,,,,,
bob,0,28676062,4560,0.0021,0.1771,1.26,,-1.0214,0.4256,0.1489,,,,,
bob,0,28676062,4561,-0.0007,0.2235,1.44,,-1.0178,0.4256,0.149,,,,,
bob,0,28676062,4562,-0.0008,0.195,1.3,,-1.0262,0.4256,0.1492,,,,,
bob,0,28676062,4563,0.0001,0.1929,1.18,,-1.0256,0.4256,0.1491,,,,,
bob,0,28676062,4564,0.0023,0.1726,1.18,,-1.0318,0.4256,0.1492,,,,,
bob,0,28676062,4565,-0.0014,0.1849,1.2,,-1.0266,0.4256,0.1491,,,,,
bob,0,28676062,4566,0.0013,0.2204,1.4000000000000001,,-1.0329,0.4256,0.1492,,,,,
bob,0,28676062,4567,0.0012,0.1973,1.2,,-1.0107,0.4255,0.1492,,,,,
bob,0,28676062,4568,0.0013,0.1576,1.08,,-1.009,0.4255,0.1492,,,,,
bob,0,28676062,4569,0.0011,0.1863,1.0999999999999999,,-1.0007,0.4255,0.1491,,,,,
bob,0,28676062,4570,0.0023,0.1974,1.3,,-1.0115,0.4255,0.1491,,,,,
bob,0,28676062,4571,0.0009,0.2239,1.44,,-1.0172,0.4255,0.1493,,,,,
bob,0,28676062,4572,-0.0002,0.2316,1.48,,-1.0143,0.4255,0.1493,,,,,
bob,0,28676062,4573,0.0008,0.1869,1.2,,-1.0281,0.4255,0.1492,,,,,
bob,0,28676062,4574,0.0003,0.1992,1.3599999999999999,,-1.023,0.4255,0.1492,,,,,
bob,0,28676062,4575,0.0007,0.2169,1.4000000000000001,,-1.0294,0.4255,0.1492,,,,,
bob,0,28676062,4576,0.0009,0.1505,0.96,,-1.0224,0.4255,0.1491,,,,,
bob,0,28676062,4577,-0.0008,0.1922,1.34,,-1.0125,0.4255,0.1491,,,,,
bob,0,28676062,4578,-0.0003,0.1923,1.16,,-1.0229,0.4255,0.1491,,,,,
bob,0,28676062,4579,0.0004,0.1895,1.22,,-1.0194,0.4255,0.1489,,,,,
bob,0,28676062,4580,-0.0002,0.1874,1.2,,-1.0238,0.4255,0.149,,,,,
bob,0,28676062,4581,-0.0018,0.168,1.1400000000000001,,-1.0324,0.4255,0.1489,,,,,
bob,0,28676062,4582,0.0011,0.183,1.22,,-1.0254,0.4255,0.1488,,,,,
bob,0,28676062,4583,0.0,0.2026,1.2,,-1.0301,0.4255,0.1487,,,,,
bob,0,28676062,4584,0.0001,0.1727,1.1199999999999999,,-1.0266,0.4255,0.1485,,,,,
bob,0,28676062,4585,0.0014,0.2088,1.3599999999999999,,-1.0497,0.4255,0.1486,,,,,
bob,0,28676062,4586,0.0011,0.2394,1.5,,-1.0302,0.4255,0.1488,,,,,
bob,0,28676062,4587,0.0005,0.2089,1.34,,-1.0359,0.4255,0.1489,,,,,
bob,0,28676062,4588,-0.0004,0.1955,1.22,,-1.0403,0.4255,0.1487,,,,,
bob,0,28676062,4589,0.0003,0.1809,1.22,,-1.0286,0.4255,0.1485,,,,,
bob,0,28676062,4590,0.0005,0.1684,1.1400000000000001,,-1.0292,0.4256,0.1483,,,,,
bob,0,28676062,4591,-0.0008,0.1866,1.2,,-1.0249,0.4256,0.1482,,,,,
bob,0,28676062,4592,0.0011,0.2093,1.4200000000000002,,-1.0153,0.4256,0.1482,,,,,
bob,0,28676062,4593,0.0019,0.1847,1.16,,-1.0234,0.4256,0.1483,,,,,
bob,0,28676062,4594,0.0003,0.186,1.18,,-1.0154,0.4256,0.1484,,,,,
bob,0,28676062,4595,0.0016,0.1903,1.22,,-1.0251,0.4256,0.1484,,,,,
bob,0,28676062,4596,0.0018,0.1747,1.1199999999999999,,-1.017,0.4256,0.1484,,,,,
bob,0,28676062,4597,0.0012,0.2178,1.4000000000000001,,-1.0258,0.4256,0.1484,,,,,
bob,0,28676062,4598,0.0019,0.2037,1.24,,-1.0209,0.4257,0.1484,,,,,
bob,0,28676062,4599,0.0016,0.2249,1.4000000000000001,,-1.0183,0.4257,0.1485,,,,,
bob,0,28676062,4600,-0.0019,0.1849,1.3,,-1.0082,0.4257,0.1487,,,,,
bob,0,28676062,4601,0.0017,0.1992,1.34,,-1.0203,0.4257,0.1489,,,,,
bob,0,28676062,4602,-0.0012,0.1862,1.24,,-1.0215,0.4256,0.149,,,,,
bob,0,28676062,4603,0.0003,0.152,0.98,,-1.0357,0.4256,0.1487,,,,,
bob,0,28676062,4604,0.0003,0.1842,1.18,,-1.025,0.4256,0.1485,,,,,
bob,0,28676062,4605,0.0,0.1864,1.26,,-1.0321,0.4257,0.1486,,,,,
bob,0,28676062,4606,0.0,0.1993,1.24,,-1.0288,0.4257,0.1486,,,,,
bob,0,28676062,4607,0.0002,0.1539,1.02,,-1.0199,0.4257,0.1485,,,,,
bob,0,28676062,4608,-0.0003,0.198,1.28,,-1.0269,0.4257,0.1485,,,,,
bob,0,28676062,4609,0.0012,0.2006,1.34,,-1.0344,0.4257,0.1485,,,,,
bob,0,28676062,4610,-0.0003,0.1792,1.32,,-1.0176,0.4257,0.1485,,,,,
bob,0,28676062,4611,0.0004,0.2023,1.3,,-1.03,0.4257,0.1485,,,,,
bob,0,28676062,4612,0.0005,0.2176,1.34,,-1.0303,0.4257,0.1486,,,,,
bob,0,28676062,4613,-0.0004,0.229,1.4000000000000001,,-1.0321,0.4257,0.1487,,,,,
bob,0,28676062,4614,-0.0007,0.1892,1.3599999999999999,,-1.0167,0.4257,0.1488,,,,,
bob,0,28676062,4615,-0.0002,0.2179,1.4000000000000001,,-1.0188,0.4257,0.1488,,,,,
bob,0,28676062,4616,0.0015,0.1847,1.18,,-1.0272,0.4257,0.1487,,,,,
bob,0,28676062,4617,0.0005,0.2171,1.3599999999999999,,-1.0339,0.4257,0.1487,,,,,
bob,0,28676062,4618,-0.0004,0.1754,1.0999999999999999,,-1.0236,0.4257,0.1486,,,,,
bob,0,28676062,4619,0.0004,0.1987,1.28,,-1.0128,0.4257,0.1487,,,,,
bob,0,28676062,4620,-0.0015,0.2139,1.54,,-1.0231,0.4257,0.1488,,,,,
bob,0,28676062,4621,0.0009,0.2072,1.28,,-1.0283,0.4257,0.1489,,,,,
bob,0,28676062,4622,0.0012,0.2272,1.4000000000000001,,-1.0238,0.4257,0.1488,,,,,
bob,0,28676062,4623,-0.001,0.1778,1.04,,-1.022,0.4257,0.1487,,,,,
bob,0,28676062,4624,0.0014,0.1823,1.16,,-1.0265,0.4257,0.1486,,,,,
bob,0,28676062,4625,-0.0004,0.2175,1.48,,-1.0235,0.4257,0.1488,,,,,
bob,0,28676062,4626,-0.0005,0.1804,0.98,,-1.0185,0.4256,0.1488,,,,,
bob,0,28676062,4627,-0.0002,0.2009,1.3599999999999999,,-1.0201,0.4256,0.1489,,,,,
bob,0,28676062,4628,0.0015,0.2232,1.48,,-1.0255,0.4256,0.1491,,,,,
bob,0,28676062,4629,-0.0018,0.2324,1.4000000000000001,,-1.0229,0.4256,0.1492,,,,,
bob,0,28676062,4630,-0.0002,0.1961,1.24,,-1.0222,0.4256,0.1491,,,,,
bob,0,28676062,4631,0.0019,0.2038,1.44,,-1.0278,0.4256,0.1493,,,,,
bob,0,28676062,4632,0.0008,0.1862,1.22,,-1.0261,0.4256,0.1493,,,,,
bob,0,28676062,4633,-0.0009,0.2026,1.3599999999999999,,-1.0331,0.4256,0.1494,,,,,
bob,0,28676062,4634,0.0001,0.1988,1.22,,-1.025,0.4256,0.1493,,,,,
bob,0,28676062,4635,0.0003,0.204,1.46,,-1.0231,0.4256,0.1492,,,,,
bob,0,28676062,4636,0.0004,0.2086,1.32,,-1.0242,0.4255,0.1492,,,,,
bob,0,28676062,4637,0.0004,0.1874,1.24,,-1.0269,0.4255,0.1492,,,,,
bob,0,28676062,4638,0.0001,0.1704,1.16,,-1.0219,0.4255,0.1491,,,,,
bob,0,28676062,4639,-0.0007,0.2203,1.44,,-1.0259,0.4255,0.1492,,,,,
bob,0,28676062,4640,-0.0001,0.1956,1.18,,-1.0226,0.4255,0.1492,,,,,
bob,0,28676062,4641,0.0019,0.1822,1.2,,-1.0224,0.4255,0.1492,,,,,
bob,0,28676062,4642,-0.0011,0.1873,1.0999999999999999,,-1.0167,0.4255,0.1491,,,,,
bob,0,28676062,4643,0.0007,0.1756,1.08,,-1.0279,0.4255,0.149,,,,,
bob,0,28676062,4644,-0.0001,0.1755,1.0999999999999999,,-1.0349,0.4255,0.1488,,,,,
bob,0,28676062,4645,-0.0003,0.1958,1.24,,-1.0244,0.4255,0.1489,,,,,
bob,0,28676062,4646,-0.0002,0.1565,0.96,,-1.033,0.4255,0.1488,,,,,
bob,0,28676062,4647,0.0005,0.1806,1.08,,-1.0337,0.4255,0.1486,,,,,
bob,0,28676062,4648,0.0006,0.178,1.1199999999999999,,-1.0294,0.4255,0.1484,,,,,
bob,0,28676062,4649,0.0007,0.2335,1.44,,-1.02,0.4256,0.1485,,,,,
bob,0,28676062,4650,0.0004,0.2022,1.4200000000000002,,-1.0199,0.4256,0.1487,,,,,
bob,0,28676062,4651,0.0017,0.2273,1.38,,-1.0333,0.4256,0.1487,,,,,
bob,0,28676062,4652,-0.0021,0.2242,1.38,,-1.0254,0.4256,0.149,,,,,
bob,0,28676062,4653,0.0003,0.2457,1.6,,-1.024,0.4255,0.1493,,,,,
bob,0,28676062,4654,0.001,0.1782,1.1400000000000001,,-1.0218,0.4255,0.1493,,,,,
bob,0,28676062,4655,0.0012,0.19,1.24,,-1.0134,0.4255,0.1492,,,,,
bob,0,28676062,4656,-0.0009,0.1919,1.34,,-1.0244,0.4255,0.1493,,,,,
bob,0,28676062,4657,-0.0008,0.2315,1.6,,-1.0167,0.4255,0.1497,,,,,
bob,0,28676062,4658,-0.0014,0.1792,1.22,,-1.0195,0.4255,0.1496,,,,,
bob,0,28676062,4659,0.0007,0.2259,1.32,,-1.0279,0.4255,0.1498,,,,,
bob,0,28676062,4660,-0.0004,0.2038,1.38,,-1.0256,0.4254,0.15,,,,,
bob,0,28676062,4661,0.0003,0.1744,1.18,,-1.0142,0.4254,0.15,,,,,
bob,0,28676062,4662,-0.0006,0.1893,1.28,,-1.0277,0.4254,0.15,,,,,
bob,0,28676062,4663,-0.0011,0.2032,1.22,,-1.0278,0.4254,0.1499,,,,,
bob,0,28676062,4664,-0.0006,0.1984,1.4000000000000001,,-1.0235,0.4254,0.15,,,,,
bob,0,28676062,4665,-0.0008,0.1907,1.18,,-1.0199,0.4254,0.1499,,,,,
bob,0,28676062,4666,0.0004,0.1855,1.28,,-1.012,0.4253,0.1499,,,,,
bob,0,28676062,4667,0.0002,0.163,1.04,,-1.0244,0.4253,0.1496,,,,,
bob,0,28676062,4668,0.0026,0.22,1.4000000000000001,,-1.0098,0.4253,0.1497,,,,,
bob,0,28676062,4669,-0.0002,0.2313,1.48,,-1.0317,0.4253,0.1499,,,,,
bob,0,28676062,4670,0.0003,0.1576,1.18,,-1.0393,0.4253,0.1498,,,,,
bob,0,28676062,4671,-0.0013,0.2335,1.38,,-1.0269,0.4253,0.1498,,,,,
bob,0,28676062,4672,-0.0005,0.1936,1.3599999999999999,,-1.0258,0.4253,0.15,,,,,
bob,0,28676062,4673,0.0001,0.1981,1.3599999999999999,,-1.0227,0.4253,0.1501,,,,,
bob,0,28676062,4674,0.0009,0.1969,1.34,,-1.0185,0.4252,0.1503,,,,,
bob,0,28676062,4675,0.0,0.2341,1.52,,-1.0231,0.4252,0.1504,,,,,
bob,0,28676062,4676,0.0007,0.2008,1.3,,-1.0309,0.4252,0.1504,,,,,
bob,0,28676062,4677,0.0004,0.2244,1.48,,-1.0214,0.4252,0.1506,,,,,
bob,0,28676062,4678,0.0002,0.2048,1.34,,-1.0057,0.4251,0.1505,,,,,
bob,0,28676062,4679,0.0005,0.2023,1.4000000000000001,,-1.0263,0.4251,0.1506,,,,,
bob,0,28676062,4680,0.0014,0.232,1.4000000000000001,,-1.0196,0.4251,0.1507,,,,,
bob,0,28676062,4681,0.0006,0.2171,1.4000000000000001,,-1.0188,0.4251,0.1507,,,,,
bob,0,28676062,4682,0.0003,0.1867,1.18,,-1.0328,0.4251,0.1506,,,,,
bob,0,28676062,4683,0.0002,0.1909,1.3,,-1.0292,0.425,0.1505,,,,,
bob,0,28676062,4684,0.0002,0.2052,1.3,,-1.0233,0.425,0.1506,,,,,
bob,0,28676062,4685,0.0007,0.2087,1.22,,-1.0322,0.425,0.1506,,,,,
bob,0,28676062,4686,-0.0002,0.1778,1.1400000000000001,,-1.02,0.425,0.1505,,,,,
bob,0,28676062,4687,-0.0004,0.1897,1.3,,-1.0199,0.425,0.1505,,,,,
bob,0,28676062,4688,0.0009,0.2476,1.52,,-1.0266,0.425,0.1507,,,,,
bob,0,28676062,4689,0.001,0.247,1.6,,-0.9929,0.4249,0.1509,,,,,
bob,0,28676062,4690,-0.0001,0.2444,1.68,,-1.0228,0.4249,0.1512,,,,,
bob,0,28676062,4691,0.0005,0.2037,1.3,,-1.0279,0.4249,0.1513,,,,,
bob,0,28676062,4692,0.0025,0.1927,1.26,,-1.0133,0.4249,0.1512,,,,,
bob,0,28676062,4693,0.0004,0.1678,1.04,,-1.0136,0.4248,0.1511,,,,,
bob,0,28676062,4694,0.0001,0.1715,1.08,,-1.0225,0.4248,0.1509,,,,,
bob,0,28676062,4695,-0.0003,0.1653,1.1400000000000001,,-1.0207,0.4248,0.1508,,,,,
bob,0,28676062,4696,-0.0005,0.1524,1.06,,-1.0119,0.4248,0.1505,,,,,
bob,0,28676062,4697,0.0001,0.1727,1.18,,-1.0184,0.4248,0.1504,,,,,
bob,0,28676062,4698,0.0019,0.2367,1.54,,-1.0244,0.4248,0.1507,,,,,
bob,0,28676062,4699,0.0024,0.2169,1.34,,-1.0236,0.4248,0.1508,,,,,
bob,0,28676062,4700,0.0003,0.1799,1.24,,-1.0143,0.4248,0.1509,,,,,
bob,0,28676062,4701,-0.0002,0.1728,1.16,,-1.0185,0.4248,0.1508,,,,,
bob,0,28676062,4702,0.0002,0.2059,1.44,,-1.0156,0.4248,0.1509,,,,,
bob,0,28676062,4703,0.0006,0.1961,1.18,,-1.0263,0.4248,0.151,,,,,
bob,0,28676062,4704,0.0005,0.1902,1.28,,-1.0211,0.4247,0.151,,,,,
bob,0,28676062,4705,0.0004,0.1848,1.26,,-1.0214,0.4247,0.1509,,,,,
bob,0,28676062,4706,0.0004,0.2033,1.3,,-1.0354,0.4247,0.1509,,,,,
bob,0,28676062,4707,-0.0,0.2051,1.38,,-1.024,0.4247,0.1509,,,,,
bob,0,28676062,4708,-0.0002,0.1766,1.18,,-1.0309,0.4247,0.1507,,,,,
bob,0,28676062,4709,0.0004,0.2072,1.4000000000000001,,-1.0195,0.4247,0.1508,,,,,
bob,0,28676062,4710,-0.0001,0.1841,1.1400000000000001,,-1.0221,0.4247,0.1506,,,,,
bob,0,28676062,4711,0.0002,0.178,1.2,,-1.0276,0.4247,0.1506,,,,,
bob,0,28676062,4712,0.0009,0.2159,1.32,,-1.0192,0.4247,0.1505,,,,,
bob,0,28676062,4713,0.0009,0.2427,1.52,,-1.0158,0.4247,0.1507,,,,,
bob,0,28676062,4714,0.0012,0.2108,1.32,,-1.0262,0.4247,0.1507,,,,,
bob,0,28676062,4715,-0.0001,0.2033,1.24,,-1.025,0.4247,0.1506,,,,,
bob,0,28676062,4716,0.0004,0.2264,1.4000000000000001,,-1.0247,0.4247,0.1506,,,,,
bob,0,28676062,4717,0.0006,0.2265,1.4000000000000001,,-1.0226,0.4247,0.1508,,,,,
bob,0,28676062,4718,0.0003,0.2055,1.28,,-1.033,0.4247,0.1507,,,,,
bob,0,28676062,4719,0.001,0.2386,1.48,,-1.0279,0.4247,0.1508,,,,,
bob,0,28676062,4720,-0.0001,0.1698,1.08,,-1.0276,0.4247,0.1506,,,,,
bob,0,28676062,4721,-0.0004,0.1884,1.1400000000000001,,-1.0201,0.4247,0.1505,,,,,
bob,0,28676062,4722,-0.0001,0.1982,1.38,,-1.0173,0.4247,0.1506,,,,,
bob,0,28676062,4723,-0.0003,0.2481,1.6,,-1.0133,0.4247,0.1507,,,,,
bob,0,28676062,4724,-0.0,0.2202,1.5,,-1.0246,0.4247,0.1508,,,,,
bob,0,28676062,4725,0.0006,0.2159,1.34,,-1.03,0.4247,0.1509,,,,,
bob,0,28676062,4726,-0.0002,0.1867,1.24,,-1.0209,0.4247,0.1509,,,,,
bob,0,28676062,4727,0.0007,0.1578,1.06,,-1.0208,0.4247,0.1509,,,,,
bob,0,28676062,4728,0.0007,0.2044,1.16,,-1.0205,0.4247,0.1509,,,,,
bob,0,28676062,4729,0.0006,0.1965,1.18,,-1.0263,0.4247,0.1508,,,,,
bob,0,28676062,4730,0.0003,0.1824,1.18,,-1.0141,0.4247,0.1507,,,,,
bob,0,28676062,4731,-0.0006,0.2151,1.4000000000000001,,-1.029,0.4247,0.1506,,,,,
bob,0,28676062,4732,-0.0007,0.2005,1.44,,-1.0297,0.4247,0.1507,,,,,
bob,0,28676062,4733,0.0002,0.2126,1.44,,-1.0151,0.4247,0.1508,,,,,
bob,0,28676062,4734,0.002,0.2169,1.3599999999999999,,-1.0304,0.4246,0.151,,,,,
bob,0,28676062,4735,-0.0012,0.2126,1.54,,-1.0316,0.4246,0.1513,,,,,
bob,0,28676062,4736,0.0013,0.2108,1.38,,-1.0118,0.4246,0.1513,,,,,
bob,0,28676062,4737,0.0002,0.2571,1.66,,-1.0273,0.4246,0.1516,,,,,
bob,0,28676062,4738,-0.0005,0.1913,1.28,,-1.0349,0.4246,0.1516,,,,,
bob,0,28676062,4739,-0.0001,0.2019,1.0999999999999999,,-1.0214,0.4246,0.1514,,,,,
bob,0,28676062,4740,0.0,0.2184,1.44,,-1.0183,0.4246,0.1513,,,,,
bob,0,28676062,4741,0.0009,0.21,1.4000000000000001,,-1.0255,0.4245,0.1514,,,,,
bob,0,28676062,4742,0.0008,0.2269,1.52,,-1.0181,0.4245,0.1514,,,,,
bob,0,28676062,4743,-0.0004,0.2008,1.24,,-1.0293,0.4245,0.1514,,,,,
bob,0,28676062,4744,-0.0002,0.2225,1.4000000000000001,,-1.0221,0.4245,0.1515,,,,,
bob,0,28676062,4745,0.0007,0.2013,1.3599999999999999,,-1.0252,0.4245,0.1515,,,,,
bob,0,28676062,4746,-0.0003,0.1922,1.24,,-1.0241,0.4245,0.1515,,,,,
bob,0,28676062,4747,0.0006,0.2045,1.3,,-1.032,0.4245,0.1515,,,,,
bob,0,28676062,4748,0.0017,0.1865,1.16,,-1.0284,0.4245,0.1513,,,,,
bob,0,28676062,4749,0.0007,0.1838,1.32,,-1.0251,0.4245,0.1513,,,,,
bob,0,28676062,4750,-0.0013,0.2039,1.3599999999999999,,-1.0236,0.4244,0.1515,,,,,
bob,0,28676062,4751,0.0002,0.2089,1.34,,-1.0334,0.4244,0.1515,,,,,
bob,0,28676062,4752,0.0018,0.2429,1.54,,-1.0283,0.4244,0.1517,,,,,
bob,0,28676062,4753,0.0007,0.178,1.2,,-1.0256,0.4244,0.1517,,,,,
bob,0,28676062,4754,0.0014,0.1997,1.26,,-1.0134,0.4244,0.1515,,,,,
bob,0,28676062,4755,0.0001,0.1971,1.1400000000000001,,-1.0322,0.4244,0.1515,,,,,
bob,0,28676062,4756,0.0008,0.1642,1.22,,-1.0215,0.4244,0.1517,,,,,
bob,0,28676062,4757,0.0013,0.1634,1.08,,-1.0252,0.4244,0.1518,,,,,
bob,0,28676062,4758,0.0008,0.1945,1.34,,-1.0179,0.4244,0.1519,,,,,
bob,0,28676062,4759,0.0013,0.1878,1.02,,-1.0185,0.4243,0.1518,,,,,
bob,0,28676062,4760,0.0005,0.197,1.3599999999999999,,-1.0284,0.4243,0.1519,,,,,
bob,0,28676062,4761,0.0016,0.1679,1.08,,-1.0383,0.4243,0.1517,,,,,
bob,0,28676062,4762,0.001,0.168,1.0999999999999999,,-1.0186,0.4243,0.1516,,,,,
bob,0,28676062,4763,-0.0004,0.1992,1.16,,-1.021,0.4243,0.1516,,,,,
bob,0,28676062,4764,0.0005,0.1947,1.32,,-1.0227,0.4243,0.1517,,,,,
bob,0,28676062,4765,-0.0002,0.2283,1.54,,-1.0291,0.4243,0.1519,,,,,
bob,0,28676062,4766,0.001,0.2397,1.46,,-1.0319,0.4243,0.1519,,,,,
bob,0,28676062,4767,0.0002,0.1926,1.4000000000000001,,-1.0295,0.4243,0.152,,,,,
bob,0,28676062,4768,0.001,0.2112,1.38,,-1.0304,0.4242,0.1522,,,,,
bob,0,28676062,4769,0.0003,0.183,1.18,,-1.0223,0.4242,0.1523,,,,,
bob,0,28676062,4770,-0.0003,0.2141,1.44,,-1.0234,0.4242,0.1524,,,,,
bob,0,28676062,4771,0.0003,0.2272,1.4200000000000002,,-1.019,0.4242,0.1523,,,,,
bob,0,28676062,4772,0.0019,0.2037,1.38,,-1.0195,0.4242,0.1523,,,,,
bob,0,28676062,4773,-0.0008,0.2022,1.4000000000000001,,-1.0255,0.4241,0.1524,,,,,
bob,0,28676062,4774,0.0025,0.2001,1.4200000000000002,,-1.0166,0.4241,0.1525,,,,,
bob,0,28676062,4775,-0.0007,0.1986,1.3,,-1.023,0.4241,0.1525,,,,,
bob,0,28676062,4776,0.0009,0.2379,1.52,,-1.025,0.4241,0.1529,,,,,
bob,0,28676062,4777,0.0013,0.2093,1.46,,-1.0211,0.4241,0.153,,,,,
bob,0,28676062,4778,0.0004,0.2109,1.44,,-1.0218,0.424,0.1532,,,,,
bob,0,28676062,4779,0.0002,0.2189,1.3,,-1.0206,0.424,0.1532,,,,,
bob,0,28676062,4780,0.0013,0.2073,1.16,,-1.0188,0.424,0.1532,,,,,
bob,0,28676062,4781,0.0016,0.2119,1.34,,-1.016,0.4239,0.1534,,,,,
bob,0,28676062,4782,0.0002,0.195,1.26,,-1.0265,0.4239,0.1534,,,,,
bob,0,28676062,4783,0.0,0.1804,1.2,,-1.0227,0.4239,0.1534,,,,,
bob,0,28676062,4784,0.0006,0.198,1.24,,-1.0199,0.4238,0.1535,,,,,
bob,0,28676062,4785,0.0005,0.1987,1.26,,-1.0162,0.4238,0.1534,,,,,
bob,0,28676062,4786,0.0019,0.2293,1.52,,-1.0242,0.4238,0.1535,,,,,
bob,0,28676062,4787,0.0005,0.2268,1.4200000000000002,,-1.0254,0.4238,0.1535,,,,,
bob,0,28676062,4788,0.0005,0.1806,1.2,,-1.025,0.4237,0.1535,,,,,
bob,0,28676062,4789,0.0011,0.1857,1.22,,-1.0203,0.4237,0.1536,,,,,
bob,0,28676062,4790,0.0012,0.2188,1.34,,-1.0257,0.4237,0.1537,,,,,
bob,0,28676062,4791,-0.001,0.2157,1.44,,-1.0219,0.4236,0.1539,,,,,
bob,0,28676062,4792,-0.0003,0.1967,1.22,,-1.0236,0.4236,0.1538,,,,,
bob,0,28676062,4793,0.001,0.1876,1.34,,-1.022,0.4236,0.1539,,,,,
bob,0,28676062,4794,0.0029,0.2038,1.22,,-1.014,0.4236,0.1539,,,,,
bob,0,28676062,4795,0.0005,0.1968,1.3,,-1.0283,0.4235,0.154,,,,,
bob,0,28676062,4796,0.0008,0.1936,1.34,,-1.0213,0.4235,0.1541,,,,,
bob,0,28676062,4797,0.0,0.1878,1.26,,-1.0163,0.4235,0.154,,,,,
bob,0,28676062,4798,0.0006,0.1847,1.16,,-1.0151,0.4235,0.154,,,,,
bob,0,28676062,4799,0.0015,0.2063,1.34,,-1.0305,0.4234,0.1539,,,,,
bob,0,28676062,4800,0.0012,0.1992,1.18,,-1.017,0.4234,0.1539,,,,,
bob,0,28676062,4801,0.0006,0.1891,1.26,,-1.0161,0.4234,0.1538,,,,,
bob,0,28676062,4802,0.0009,0.1413,1.06,,-1.0171,0.4234,0.1537,,,,,
bob,0,28676062,4803,-0.0006,0.2095,1.34,,-1.0354,0.4234,0.154,,,,,
bob,0,28676062,4804,-0.0021,0.1888,1.26,,-1.0319,0.4234,0.154,,,,,
bob,0,28676062,4805,-0.0006,0.1773,1.28,,-1.0288,0.4233,0.154,,,,,
bob,0,28676062,4806,0.0008,0.2122,1.4000000000000001,,-1.0207,0.4233,0.1541,,,,,
bob,0,28676062,4807,0.0002,0.1778,1.34,,-1.0215,0.4233,0.1544,,,,,
bob,0,28676062,4808,0.0018,0.197,1.4000000000000001,,-1.02,0.4233,0.1544,,,,,
bob,0,28676062,4809,-0.0009,0.2056,1.3599999999999999,,-1.028,0.4232,0.1544,,,,,
bob,0,28676062,4810,0.0002,0.1993,1.38,,-1.0235,0.4232,0.1545,,,,,
bob,0,28676062,4811,0.0003,0.1884,1.28,,-1.031,0.4232,0.1544,,,,,
bob,0,28676062,4812,0.0013,0.1928,1.28,,-1.0301,0.4232,0.1544,,,,,
bob,0,28676062,4813,0.0005,0.1639,1.2,,-1.0184,0.4232,0.1543,,,,,
bob,0,28676062,4814,0.0009,0.1993,1.34,,-1.029,0.4231,0.1543,,,,,
bob,0,28676062,4815,0.0011,0.212,1.38,,-1.0357,0.4231,0.1543,,,,,
bob,0,28676062,4816,-0.0002,0.2111,1.3599999999999999,,-1.0231,0.4231,0.1544,,,,,
bob,0,28676062,4817,0.0012,0.2188,1.26,,-1.0201,0.4231,0.1544,,,,,
bob,0,28676062,4818,0.001,0.1926,1.4200000000000002,,-1.025,0.4231,0.1545,,,,,
bob,0,28676062,4819,0.0016,0.1817,1.1400000000000001,,-1.0285,0.4231,0.1544,,,,,
bob,0,28676062,4820,0.001,0.229,1.46,,-1.0166,0.423,0.1544,,,,,
bob,0,28676062,4821,0.0009,0.1617,1.02,,-1.0123,0.423,0.1542,,,,,
bob,0,28676062,4822,0.0013,0.2127,1.34,,-1.0209,0.423,0.1542,,,,,
bob,0,28676062,4823,0.0003,0.2127,1.34,,-1.0194,0.423,0.1544,,,,,
bob,0,28676062,4824,0.0007,0.1902,1.24,,-1.0256,0.423,0.1545,,,,,
bob,0,28676062,4825,0.0012,0.2127,1.3,,-1.0181,0.423,0.1544,,,,,
bob,0,28676062,4826,-0.0006,0.1958,1.2,,-1.0204,0.423,0.1545,,,,,
bob,0,28676062,4827,-0.0015,0.1832,1.22,,-1.0198,0.423,0.1545,,,,,
bob,0,28676062,4828,-0.0006,0.2243,1.46,,-1.0124,0.423,0.1545,,,,,
bob,0,28676062,4829,0.0007,0.2101,1.34,,-1.0185,0.423,0.1544,,,,,
bob,0,28676062,4830,0.0014,0.2044,1.4200000000000002,,-1.0188,0.4229,0.1545,,,,,
bob,0,28676062,4831,0.0008,0.2744,1.7399999999999998,,-1.0133,0.4229,0.1547,,,,,
bob,0,28676062,4832,0.0008,0.2189,1.28,,-1.0156,0.4229,0.1548,,,,,
bob,0,28676062,4833,-0.0001,0.2241,1.46,,-1.0261,0.4229,0.1549,,,,,
bob,0,28676062,4834,0.0008,0.2301,1.48,,-1.0307,0.4229,0.1551,,,,,
bob,0,28676062,4835,0.0006,0.1768,1.28,,-1.0178,0.4229,0.155,,,,,
bob,0,28676062,4836,0.002,0.2023,1.32,,-1.0193,0.4228,0.155,,,,,
bob,0,28676062,4837,0.0008,0.2165,1.38,,-0.9955,0.4228,0.1551,,,,,
bob,0,28676062,4838,0.0014,0.2035,1.24,,-1.0235,0.4228,0.1551,,,,,
bob,0,28676062,4839,-0.0007,0.1864,1.22,,-1.0319,0.4228,0.155,,,,,
bob,0,28676062,4840,0.0011,0.1865,1.32,,-1.029,0.4228,0.1551,,,,,
bob,0,28676062,4841,0.0003,0.1982,1.22,,-1.0226,0.4228,0.1552,,,,,
bob,0,28676062,4842,0.0013,0.1824,1.24,,-1.0195,0.4227,0.1552,,,,,
bob,0,28676062,4843,-0.0002,0.179,1.24,,-1.0182,0.4227,0.1554,,,,,
bob,0,28676062,4844,-0.0001,0.2182,1.38,,-1.0237,0.4227,0.1556,,,,,
bob,0,28676062,4845,0.0006,0.1672,1.06,,-1.0161,0.4227,0.1555,,,,,
bob,0,28676062,4846,0.0002,0.1684,1.0999999999999999,,-1.0219,0.4226,0.1556,,,,,
bob,0,28676062,4847,0.001,0.2139,1.44,,-1.0249,0.4226,0.1558,,,,,
bob,0,28676062,4848,-0.0001,0.2152,1.22,,-1.0244,0.4226,0.1559,,,,,
bob,0,28676062,4849,0.0018,0.1562,1.0999999999999999,,-1.023,0.4226,0.1556,,,,,
bob,0,28676062,4850,0.0012,0.2107,1.4200000000000002,,-1.0287,0.4225,0.1556,,,,,
bob,0,28676062,4851,0.0005,0.18,1.1400000000000001,,-1.0258,0.4225,0.1555,,,,,
bob,0,28676062,4852,-0.0003,0.2274,1.48,,-1.0216,0.4225,0.1556,,,,,
bob,0,28676062,4853,0.0001,0.2159,1.38,,-1.0197,0.4225,0.1555,,,,,
bob,0,28676062,4854,0.0003,0.1974,1.24,,-1.0215,0.4225,0.1555,,,,,
bob,0,28676062,4855,-0.002,0.2203,1.4200000000000002,,-1.0354,0.4225,0.1557,,,,,
bob,0,28676062,4856,0.0006,0.2,1.3599999999999999,,-1.0199,0.4225,0.1557,,,,,
bob,0,28676062,4857,0.0009,0.2065,1.2,,-1.0255,0.4225,0.1554,,,,,
bob,0,28676062,4858,0.0016,0.1916,1.18,,-1.027,0.4224,0.1553,,,,,
bob,0,28676062,4859,0.0003,0.2329,1.5,,-1.0263,0.4224,0.1554,,,,,
bob,0,28676062,4860,0.0012,0.1996,1.34,,-1.0212,0.4224,0.1554,,,,,
bob,0,28676062,4861,0.0013,0.2122,1.28,,-1.0177,0.4224,0.1555,,,,,
bob,0,28676062,4862,0.0019,0.1857,1.26,,-1.0302,0.4224,0.1555,,,,,
bob,0,28676062,4863,0.0008,0.1807,1.18,,-1.0185,0.4224,0.1555,,,,,
bob,0,28676062,4864,0.0005,0.2156,1.32,,-1.0242,0.4224,0.1555,,,,,
bob,0,28676062,4865,-0.0001,0.2073,1.3,,-1.0192,0.4224,0.1555,,,,,
bob,0,28676062,4866,0.0035,0.2184,1.3599999999999999,,-1.026,0.4224,0.1556,,,,,
bob,0,28676062,4867,0.0017,0.1921,1.26,,-1.0181,0.4224,0.1557,,,,,
bob,0,28676062,4868,0.0011,0.1966,1.32,,-1.023,0.4224,0.1557,,,,,
bob,0,28676062,4869,0.0009,0.2028,1.3599999999999999,,-1.0192,0.4223,0.1557,,,,,
bob,0,28676062,4870,0.0027,0.1964,1.22,,-1.0159,0.4223,0.1557,,,,,
bob,0,28676062,4871,0.0008,0.2181,1.34,,-1.0161,0.4223,0.1557,,,,,
bob,0,28676062,4872,0.0026,0.2168,1.3,,-1.0176,0.4223,0.1557,,,,,
bob,0,28676062,4873,0.0017,0.1774,1.08,,-1.0176,0.4223,0.1555,,,,,
bob,0,28676062,4874,0.0011,0.2368,1.48,,-1.0202,0.4223,0.1556,,,,,
bob,0,28676062,4875,0.0021,0.2385,1.54,,-1.025,0.4223,0.1556,,,,,
bob,0,28676062,4876,0.0028,0.182,1.16,,-1.0212,0.4223,0.1555,,,,,
bob,0,28676062,4877,0.0023,0.2027,1.34,,-1.027,0.4223,0.1554,,,,,
bob,0,28676062,4878,0.0008,0.2127,1.46,,-1.024,0.4223,0.1556,,,,,
bob,0,28676062,4879,0.0017,0.1951,1.28,,-1.0304,0.4223,0.1555,,,,,
bob,0,28676062,4880,0.0012,0.165,1.0,,-1.0253,0.4223,0.1552,,,,,
bob,0,28676062,4881,0.0004,0.2266,1.4200000000000002,,-1.0225,0.4223,0.1552,,,,,
bob,0,28676062,4882,0.0012,0.2078,1.3,,-1.0223,0.4223,0.1553,,,,,
bob,0,28676062,4883,-0.0003,0.1882,1.16,,-1.0261,0.4223,0.1552,,,,,
bob,0,28676062,4884,0.0007,0.2345,1.5599999999999998,,-1.0178,0.4223,0.1554,,,,,
bob,0,28676062,4885,-0.0001,0.1991,1.28,,-1.0217,0.4223,0.1555,,,,,
bob,0,28676062,4886,-0.001,0.1889,1.32,,-1.0287,0.4223,0.1556,,,,,
bob,0,28676062,4887,0.0007,0.1819,1.18,,-1.0201,0.4223,0.1555,,,,,
bob,0,28676062,4888,0.0015,0.2284,1.52,,-1.0168,0.4223,0.1555,,,,,
bob,0,28676062,4889,-0.0004,0.1864,1.24,,-1.0252,0.4223,0.1553,,,,,
bob,0,28676062,4890,-0.0011,0.1886,1.2,,-1.0142,0.4223,0.155,,,,,
bob,0,28676062,4891,-0.0001,0.1605,1.0999999999999999,,-1.0259,0.4223,0.1549,,,,,
bob,0,28676062,4892,0.0014,0.2264,1.48,,-1.0213,0.4223,0.155,,,,,
bob,0,28676062,4893,-0.0002,0.2124,1.3,,-1.0174,0.4223,0.1552,,,,,
bob,0,28676062,4894,-0.001,0.1949,1.24,,-1.0275,0.4223,0.1553,,,,,
bob,0,28676062,4895,-0.0003,0.1676,1.06,,-1.0244,0.4223,0.1553,,,,,
bob,0,28676062,4896,0.0013,0.1779,1.1400000000000001,,-1.0328,0.4223,0.1553,,,,,
bob,0,28676062,4897,-0.0001,0.1743,1.08,,-1.0398,0.4223,0.1553,,,,,
bob,0,28676062,4898,0.0019,0.201,1.38,,-1.0313,0.4223,0.1552,,,,,
bob,0,28676062,4899,0.0008,0.1931,1.34,,-1.0225,0.4223,0.1552,,,,,
bob,0,28676062,4900,-0.0013,0.1994,1.38,,-1.0169,0.4223,0.1552,,,,,
bob,0,28676062,4901,0.0012,0.223,1.34,,-1.0147,0.4223,0.1554,,,,,
bob,0,28676062,4902,-0.0004,0.2048,1.34,,-1.0322,0.4223,0.1553,,,,,
bob,0,28676062,4903,-0.0005,0.207,1.38,,-1.0234,0.4223,0.1555,,,,,
bob,0,28676062,4904,0.0004,0.2242,1.4000000000000001,,-1.0365,0.4223,0.1556,,,,,
bob,0,28676062,4905,0.0002,0.2237,1.44,,-1.0308,0.4223,0.1557,,,,,
bob,0,28676062,4906,-0.0008,0.2171,1.3599999999999999,,-1.0163,0.4223,0.1557,,,,,
bob,0,28676062,4907,0.001,0.214,1.32,,-1.0232,0.4223,0.1557,,,,,
bob,0,28676062,4908,0.0005,0.228,1.5,,-1.0355,0.4223,0.1559,,,,,
bob,0,28676062,4909,0.0006,0.2176,1.38,,-1.0245,0.4223,0.1559,,,,,
bob,0,28676062,4910,-0.0001,0.1747,1.16,,-1.0292,0.4223,0.156,,,,,
bob,0,28676062,4911,-0.0008,0.2138,1.44,,-1.0372,0.4223,0.1561,,,,,
bob,0,28676062,4912,-0.0003,0.1795,1.3,,-1.0322,0.4222,0.1561,,,,,
bob,0,28676062,4913,-0.0002,0.2004,1.32,,-1.0262,0.4222,0.156,,,,,
bob,0,28676062,4914,-0.0,0.2166,1.46,,-1.0246,0.4222,0.1561,,,,,
bob,0,28676062,4915,0.0006,0.1876,1.2,,-1.0249,0.4222,0.1561,,,,,
bob,0,28676062,4916,-0.0004,0.2091,1.26,,-1.0077,0.4222,0.156,,,,,
bob,0,28676062,4917,0.0002,0.2051,1.46,,-1.017,0.4222,0.156,,,,,
bob,0,28676062,4918,0.0001,0.1777,1.08,,-1.0291,0.4222,0.1559,,,,,
bob,0,28676062,4919,0.0019,0.2184,1.4200000000000002,,-1.0174,0.4222,0.1558,,,,,
bob,0,28676062,4920,0.0008,0.1623,1.04,,-1.0286,0.4222,0.1558,,,,,
bob,0,28676062,4921,0.0021,0.229,1.32,,-1.028,0.4222,0.1559,,,,,
bob,0,28676062,4922,-0.0006,0.2081,1.26,,-1.0225,0.4222,0.1559,,,,,
bob,0,28676062,4923,0.0004,0.2022,1.34,,-1.0293,0.4222,0.1557,,,,,
bob,0,28676062,4924,0.0015,0.1841,1.18,,-1.029,0.4222,0.1555,,,,,
bob,0,28676062,4925,-0.0007,0.1893,1.24,,-1.0193,0.4222,0.1554,,,,,
bob,0,28676062,4926,0.0024,0.1711,1.2,,-1.0238,0.4222,0.1554,,,,,
bob,0,28676062,4927,0.0019,0.2115,1.4200000000000002,,-1.0163,0.4222,0.1557,,,,,
bob,0,28676062,4928,0.0012,0.2111,1.38,,-1.0197,0.4222,0.1558,,,,,
bob,0,28676062,4929,0.0005,0.2067,1.32,,-1.0139,0.4222,0.1559,,,,,
bob,0,28676062,4930,0.0032,0.2123,1.4200000000000002,,-1.0175,0.4222,0.1561,,,,,
bob,0,28676062,4931,-0.0,0.1877,1.18,,-1.0147,0.4221,0.156,,,,,
bob,0,28676062,4932,-0.0017,0.1628,1.0999999999999999,,-1.0183,0.4221,0.1557,,,,,
bob,0,28676062,4933,0.0015,0.2075,1.32,,-1.0263,0.4221,0.1557,,,,,
bob,0,28676062,4934,0.0011,0.1973,1.24,,-1.0153,0.4222,0.1556,,,,,
bob,0,28676062,4935,0.0005,0.2286,1.5,,-1.0235,0.4222,0.1556,,,,,
bob,0,28676062,4936,-0.0008,0.1905,1.28,,-1.0265,0.4222,0.1555,,,,,
bob,0,28676062,4937,0.0012,0.1761,1.1199999999999999,,-1.0296,0.4222,0.1552,,,,,
bob,0,28676062,4938,0.0008,0.1868,1.0999999999999999,,-1.0221,0.4222,0.155,,,,,
bob,0,28676062,4939,0.0027,0.1542,1.06,,-1.0281,0.4222,0.155,,,,,
bob,0,28676062,4940,0.0006,0.2036,1.38,,-1.0247,0.4222,0.155,,,,,
bob,0,28676062,4941,0.0016,0.2229,1.3599999999999999,,-1.0264,0.4222,0.155,,,,,
bob,0,28676062,4942,0.0001,0.1874,1.24,,-1.0172,0.4223,0.1548,,,,,
bob,0,28676062,4943,-0.0007,0.189,1.1199999999999999,,-1.03,0.4223,0.1547,,,,,
bob,0,28676062,4944,-0.0009,0.2021,1.2,,-1.014,0.4223,0.1545,,,,,
bob,0,28676062,4945,-0.0002,0.1969,1.3,,-1.0195,0.4223,0.1545,,,,,
bob,0,28676062,4946,0.0014,0.1976,1.1199999999999999,,-1.0281,0.4223,0.1544,,,,,
bob,0,28676062,4947,0.0007,0.2151,1.4200000000000002,,-1.0391,0.4224,0.1545,,,,,
bob,0,28676062,4948,0.0016,0.2179,1.46,,-1.0133,0.4224,0.1547,,,,,
bob,0,28676062,4949,0.0005,0.268,1.58,,-1.0314,0.4224,0.1549,,,,,
bob,0,28676062,4950,-0.0001,0.2256,1.54,,-1.0276,0.4224,0.1551,,,,,
bob,0,28676062,4951,-0.0031,0.208,1.32,,-1.0146,0.4224,0.155,,,,,
bob,0,28676062,4952,-0.002,0.1837,1.16,,-1.0272,0.4224,0.1548,,,,,
bob,0,28676062,4953,-0.0029,0.2074,1.26,,-1.0244,0.4224,0.1548,,,,,
bob,0,28676062,4954,0.0015,0.1939,1.22,,-1.0243,0.4224,0.1548,,,,,
bob,0,28676062,4955,-0.0004,0.2032,1.3,,-1.0266,0.4224,0.1549,,,,,
bob,0,28676062,4956,-0.0005,0.2266,1.5599999999999998,,-1.019,0.4224,0.1551,,,,,
bob,0,28676062,4957,-0.0017,0.2318,1.3,,-1.0271,0.4224,0.1553,,,,,
bob,0,28676062,4958,0.0013,0.2432,1.5599999999999998,,-1.0209,0.4224,0.1554,,,,,
bob,0,28676062,4959,0.0016,0.2039,1.3599999999999999,,-1.024,0.4224,0.1557,,,,,
bob,0,28676062,4960,0.0007,0.2115,1.38,,-1.0147,0.4224,0.1557,,,,,
bob,0,28676062,4961,0.0021,0.1765,1.22,,-1.0151,0.4224,0.1558,,,,,
bob,0,28676062,4962,-0.0005,0.1834,1.24,,-1.0158,0.4224,0.1559,,,,,
bob,0,28676062,4963,-0.0001,0.1937,1.24,,-1.008,0.4223,0.1559,,,,,
bob,0,28676062,4964,-0.0009,0.179,1.08,,-1.0159,0.4223,0.1558,,,,,
bob,0,28676062,4965,0.0012,0.1997,1.38,,-1.0206,0.4223,0.1557,,,,,
bob,0,28676062,4966,-0.0007,0.1985,1.18,,-1.0259,0.4223,0.1555,,,,,
bob,0,28676062,4967,-0.0007,0.2342,1.4200000000000002,,-1.0184,0.4223,0.1555,,,,,
bob,0,28676062,4968,0.0014,0.2006,1.34,,-1.0218,0.4223,0.1555,,,,,
bob,0,28676062,4969,-0.0001,0.1825,1.1199999999999999,,-1.0142,0.4223,0.1555,,,,,
bob,0,28676062,4970,-0.0003,0.1914,1.34,,-1.0353,0.4223,0.1554,,,,,
bob,0,28676062,4971,0.0004,0.1656,1.06,,-1.0252,0.4223,0.1552,,,,,
bob,0,28676062,4972,-0.0013,0.1675,1.04,,-1.0179,0.4223,0.155,,,,,
bob,0,28676062,4973,0.0023,0.2233,1.44,,-1.027,0.4223,0.1551,,,,,
bob,0,28676062,4974,-0.0003,0.2087,1.34,,-1.023,0.4223,0.155,,,,,
bob,0,28676062,4975,-0.0004,0.1645,0.98,,-1.0145,0.4224,0.1547,,,,,
bob,0,28676062,4976,0.0011,0.2063,1.3,,-1.0164,0.4224,0.1546,,,,,
bob,0,28676062,4977,0.0008,0.2027,1.32,,-1.022,0.4224,0.1545,,,,,
bob,0,28676062,4978,0.0022,0.1691,1.08,,-1.0183,0.4224,0.1543,,,,,
bob,0,28676062,4979,-0.0008,0.1549,1.04,,-1.0195,0.4224,0.1541,,,,,
bob,0,28676062,4980,0.0002,0.2238,1.4200000000000002,,-1.0153,0.4225,0.1543,,,,,
bob,0,28676062,4981,0.0004,0.1867,1.24,,-1.0249,0.4225,0.1542,,,,,
bob,0,28676062,4982,-0.0003,0.1735,1.06,,-1.0252,0.4225,0.1541,,,,,
bob,0,28676062,4983,0.0004,0.2078,1.32,,-1.0281,0.4225,0.1542,,,,,
bob,0,28676062,4984,0.0008,0.1984,1.32,,-1.0271,0.4225,0.1543,,,,,
bob,0,28676062,4985,0.0007,0.2115,1.32,,-1.0201,0.4226,0.1543,,,,,
bob,0,28676062,4986,0.001,0.2152,1.32,,-1.0254,0.4226,0.1542,,,,,
bob,0,28676062,4987,-0.001,0.2011,1.4000000000000001,,-1.0207,0.4226,0.1542,,,,,
bob,0,28676062,4988,-0.0002,0.2019,1.3599999999999999,,-1.0308,0.4226,0.1543,,,,,
bob,0,28676062,4989,0.0007,0.2172,1.38,,-1.0221,0.4226,0.1544,,,,,
bob,0,28676062,4990,0.0,0.1861,1.22,,-1.0233,0.4226,0.1543,,,,,
bob,0,28676062,4991,0.0002,0.2054,1.44,,-1.0293,0.4226,0.1543,,,,,
bob,0,28676062,4992,0.0,0.2129,1.22,,-1.0292,0.4226,0.1543,,,,,
bob,0,28676062,4993,-0.0002,0.1993,1.34,,-1.0204,0.4227,0.1543,,,,,
bob,0,28676062,4994,-0.0011,0.2034,1.4200000000000002,,-1.0182,0.4227,0.1545,,,,,
bob,0,28676062,4995,0.0006,0.2268,1.22,,-1.0172,0.4227,0.1544,,,,,
bob,0,28676062,4996,0.0001,0.206,1.28,,-1.0159,0.4227,0.1544,,,,,
bob,0,28676062,4997,0.0005,0.1889,1.26,,-1.0151,0.4227,0.1544,,,,,
bob,0,28676062,4998,0.0,0.1435,1.02,,-1.0163,0.4227,0.1543,,,,,
bob,0,28676062,4999,0.0012,0.2541,1.6400000000000001,,-1.0191,0.4227,0.1545,,,,,
bob,0,28676062,5000,-0.0015,0.232,1.54,,-1.0116,0.4227,0.1548,,,,,
bob,0,28676062,5001,0.0008,0.2046,1.34,,-1.0111,0.4227,0.1548,,,,,
bob,0,28676062,5002,-0.0007,0.2126,1.32,,-1.0172,0.4227,0.155,,,,,
bob,0,28676062,5003,0.0014,0.2375,1.6,,-1.0193,0.4227,0.1552,,,,,
bob,0,28676062,5004,-0.0008,0.2116,1.3599999999999999,,-1.027,0.4226,0.1552,,,,,
bob,0,28676062,5005,0.0014,0.1822,1.0999999999999999,,-1.0178,0.4226,0.1551,,,,,
bob,0,28676062,5006,-0.0008,0.2152,1.4200000000000002,,-1.0377,0.4226,0.1551,,,,,
bob,0,28676062,5007,-0.0042,0.2099,1.24,,-1.0331,0.4226,0.1551,,,,,
bob,0,28676062,5008,0.0029,0.185,1.3,,-1.02,0.4226,0.155,,,,,
bob,0,28676062,5009,-0.0001,0.2429,1.52,,-1.0237,0.4226,0.1551,,,,,
bob,0,28676062,5010,0.0006,0.1781,1.22,,-1.0211,0.4226,0.155,,,,,
bob,0,28676062,5011,-0.0007,0.2258,1.4000000000000001,,-1.0275,0.4226,0.1551,,,,,
bob,0,28676062,5012,-0.0003,0.2297,1.4200000000000002,,-1.0168,0.4226,0.1552,,,,,
bob,0,28676062,5013,0.0007,0.2168,1.34,,-1.0263,0.4226,0.1553,,,,,
bob,0,28676062,5014,-0.002,0.2105,1.32,,-1.0247,0.4226,0.1553,,,,,
bob,0,28676062,5015,0.0012,0.1953,1.1400000000000001,,-1.0181,0.4226,0.1552,,,,,
bob,0,28676062,5016,0.0019,0.1902,1.2,,-1.0257,0.4225,0.1551,,,,,
bob,0,28676062,5017,0.0003,0.2121,1.4000000000000001,,-1.032,0.4225,0.1552,,,,,
bob,0,28676062,5018,0.0004,0.2416,1.5599999999999998,,-1.0218,0.4225,0.1553,,,,,
bob,0,28676062,5019,-0.0006,0.2048,1.26,,-1.0298,0.4225,0.1554,,,,,
bob,0,28676062,5020,0.0004,0.2186,1.5599999999999998,,-1.0107,0.4225,0.1555,,,,,
bob,0,28676062,5021,0.0013,0.2055,1.28,,-1.0203,0.4225,0.1556,,,,,
bob,0,28676062,5022,0.0004,0.225,1.54,,-1.0207,0.4225,0.1557,,,,,
bob,0,28676062,5023,0.0005,0.2244,1.46,,-1.0145,0.4225,0.1558,,,,,
bob,0,28676062,5024,-0.0,0.2143,1.3,,-1.0186,0.4224,0.1558,,,,,
bob,0,28676062,5025,-0.0006,0.1868,1.18,,-1.0261,0.4224,0.1558,,,,,
bob,0,28676062,5026,0.0004,0.194,1.34,,-1.0183,0.4224,0.1558,,,,,
bob,0,28676062,5027,-0.0003,0.1894,1.24,,-1.0161,0.4224,0.1558,,,,,
bob,0,28676062,5028,-0.0004,0.1721,1.22,,-1.0112,0.4224,0.1557,,,,,
bob,0,28676062,5029,0.0012,0.2172,1.4000000000000001,,-1.0253,0.4224,0.1557,,,,,
bob,0,28676062,5030,0.002,0.2146,1.3599999999999999,,-1.0138,0.4224,0.1557,,,,,
bob,0,28676062,5031,-0.0005,0.1674,1.04,,-1.0181,0.4224,0.1552,,,,,
bob,0,28676062,5032,-0.0004,0.1998,1.26,,-1.0232,0.4224,0.1552,,,,,
bob,0,28676062,5033,0.0013,0.2059,1.26,,-1.0244,0.4224,0.1551,,,,,
bob,0,28676062,5034,-0.0001,0.1878,1.26,,-1.0263,0.4224,0.1549,,,,,
bob,0,28676062,5035,0.0002,0.2093,1.32,,-1.0224,0.4224,0.155,,,,,
bob,0,28676062,5036,0.0008,0.2012,1.3599999999999999,,-1.0202,0.4224,0.155,,,,,
bob,0,28676062,5037,-0.0004,0.2189,1.4200000000000002,,-1.026,0.4224,0.155,,,,,
bob,0,28676062,5038,-0.0002,0.233,1.4200000000000002,,-1.0225,0.4224,0.1552,,,,,
bob,0,28676062,5039,0.0004,0.2119,1.38,,-1.0281,0.4224,0.1552,,,,,
bob,0,28676062,5040,0.0003,0.2226,1.4200000000000002,,-1.0164,0.4224,0.1553,,,,,
bob,0,28676062,5041,0.0007,0.2094,1.4200000000000002,,-1.0231,0.4224,0.1554,,,,,
bob,0,28676062,5042,0.001,0.2234,1.48,,-1.0208,0.4224,0.1556,,,,,
bob,0,28676062,5043,-0.0008,0.2174,1.3,,-1.0167,0.4224,0.1556,,,,,
bob,0,28676062,5044,0.0002,0.1984,1.22,,-1.0205,0.4224,0.1555,,,,,
bob,0,28676062,5045,0.0004,0.2067,1.34,,-1.0186,0.4223,0.1557,,,,,
bob,0,28676062,5046,0.0007,0.2395,1.5,,-1.0172,0.4223,0.156,,,,,
bob,0,28676062,5047,0.0012,0.2107,1.34,,-1.0229,0.4223,0.156,,,,,
bob,0,28676062,5048,-0.0003,0.2217,1.4200000000000002,,-1.0209,0.4223,0.1561,,,,,
bob,0,28676062,5049,0.0002,0.2278,1.46,,-1.0218,0.4223,0.1564,,,,,
bob,0,28676062,5050,0.002,0.1858,1.38,,-1.0235,0.4223,0.1563,,,,,
bob,0,28676062,5051,0.0004,0.1976,1.24,,-1.0221,0.4222,0.1564,,,,,
bob,0,28676062,5052,0.0001,0.2289,1.46,,-1.0332,0.4222,0.1564,,,,,
bob,0,28676062,5053,-0.002,0.1822,1.08,,-1.0198,0.4222,0.1562,,,,,
bob,0,28676062,5054,0.0002,0.2121,1.28,,-1.0329,0.4222,0.1562,,,,,
bob,0,28676062,5055,0.0001,0.2163,1.52,,-1.0238,0.4222,0.1563,,,,,
bob,0,28676062,5056,0.0007,0.2227,1.4000000000000001,,-1.0306,0.4221,0.1563,,,,,
bob,0,28676062,5057,0.0012,0.2168,1.34,,-1.0193,0.4221,0.1564,,,,,
bob,0,28676062,5058,0.0002,0.2169,1.3,,-1.0261,0.4221,0.1565,,,,,
bob,0,28676062,5059,-0.0004,0.2071,1.3599999999999999,,-1.026,0.4221,0.1564,,,,,
bob,0,28676062,5060,-0.0006,0.2313,1.44,,-1.0287,0.4221,0.1565,,,,,
bob,0,28676062,5061,-0.0001,0.2496,1.58,,-1.0227,0.4221,0.1567,,,,,
bob,0,28676062,5062,-0.0016,0.2316,1.52,,-1.0259,0.422,0.1568,,,,,
bob,0,28676062,5063,-0.0006,0.2459,1.6199999999999999,,-1.029,0.422,0.1571,,,,,
bob,0,28676062,5064,0.0008,0.2381,1.68,,-1.0224,0.422,0.1573,,,,,
bob,0,28676062,5065,-0.0006,0.2411,1.6,,-1.0155,0.4219,0.1575,,,,,
bob,0,28676062,5066,0.0008,0.2141,1.48,,-1.0213,0.4219,0.1576,,,,,
bob,0,28676062,5067,-0.0009,0.2218,1.5,,-1.0199,0.4219,0.1577,,,,,
bob,0,28676062,5068,-0.0004,0.2337,1.5,,-1.0349,0.4218,0.1579,,,,,
bob,0,28676062,5069,-0.0002,0.2532,1.48,,-1.0202,0.4218,0.1579,,,,,
bob,0,28676062,5070,-0.0005,0.2627,1.6,,-1.0293,0.4217,0.1582,,,,,
bob,0,28676062,5071,-0.0002,0.2848,1.9800000000000002,,-1.0273,0.4217,0.1586,,,,,
bob,0,28676062,5072,0.0002,0.2482,1.5599999999999998,,-1.0164,0.4216,0.1587,,,,,
bob,0,28676062,5073,0.0009,0.2305,1.5,,-1.017,0.4216,0.159,,,,,
bob,0,28676062,5074,0.0001,0.1978,1.28,,-1.0243,0.4215,0.1589,,,,,
bob,0,28676062,5075,-0.0008,0.1893,1.1400000000000001,,-1.0294,0.4215,0.1586,,,,,
bob,0,28676062,5076,-0.0,0.1896,1.3599999999999999,,-1.0258,0.4214,0.1588,,,,,
bob,0,28676062,5077,0.0006,0.2497,1.58,,-1.0283,0.4214,0.159,,,,,
bob,0,28676062,5078,0.0009,0.2537,1.7000000000000002,,-1.0195,0.4213,0.1591,,,,,
bob,0,28676062,5079,-0.0003,0.2494,1.54,,-1.0342,0.4213,0.1593,,,,,
bob,0,28676062,5080,0.0004,0.2129,1.4000000000000001,,-1.0219,0.4212,0.1596,,,,,
bob,0,28676062,5081,-0.0003,0.2344,1.5,,-1.0242,0.4212,0.1597,,,,,
bob,0,28676062,5082,0.0,0.2498,1.72,,-1.0296,0.4211,0.1599,,,,,
bob,0,28676062,5083,-0.0004,0.226,1.4000000000000001,,-1.0347,0.4211,0.16,,,,,
bob,0,28676062,5084,-0.0003,0.217,1.3599999999999999,,-1.0127,0.421,0.1599,,,,,
bob,0,28676062,5085,0.001,0.2656,1.7399999999999998,,-1.0223,0.421,0.1602,,,,,
bob,0,28676062,5086,-0.0002,0.2093,1.28,,-1.0337,0.4209,0.1602,,,,,
bob,0,28676062,5087,-0.0011,0.2161,1.44,,-1.0205,0.4209,0.1604,,,,,
bob,0,28676062,5088,-0.0001,0.2387,1.46,,-1.0118,0.4208,0.1604,,,,,
bob,0,28676062,5089,-0.0002,0.2177,1.38,,-1.0198,0.4208,0.1605,,,,,
bob,0,28676062,5090,0.0021,0.205,1.1400000000000001,,-1.0178,0.4207,0.1604,,,,,
bob,0,28676062,5091,0.0006,0.1871,1.26,,-1.0347,0.4207,0.1605,,,,,
bob,0,28676062,5092,-0.0013,0.1964,1.32,,-1.0167,0.4206,0.1604,,,,,
bob,0,28676062,5093,-0.0009,0.2372,1.68,,-1.0156,0.4206,0.1607,,,,,
bob,0,28676062,5094,-0.0011,0.2162,1.4000000000000001,,-1.0242,0.4205,0.1608,,,,,
bob,0,28676062,5095,-0.001,0.2343,1.5,,-1.0246,0.4205,0.1611,,,,,
bob,0,28676062,5096,-0.0002,0.2349,1.58,,-1.0216,0.4204,0.1614,,,,,
bob,0,28676062,5097,0.0003,0.2109,1.6,,-1.0251,0.4203,0.1617,,,,,
bob,0,28676062,5098,0.0001,0.2211,1.32,,-1.0239,0.4203,0.1617,,,,,
bob,0,28676062,5099,0.0001,0.1971,1.32,,-1.0235,0.4202,0.1617,,,,,
bob,0,28676062,5100,-0.0002,0.2489,1.6400000000000001,,-1.0222,0.4202,0.1619,,,,,
bob,0,28676062,5101,0.0002,0.1904,1.0999999999999999,,-1.0315,0.4201,0.1617,,,,,
bob,0,28676062,5102,-0.0005,0.1974,1.4200000000000002,,-1.0304,0.4201,0.1618,,,,,
bob,0,28676062,5103,-0.001,0.1863,1.0999999999999999,,-1.0226,0.42,0.1616,,,,,
bob,0,28676062,5104,-0.0,0.2248,1.5599999999999998,,-1.0253,0.42,0.1617,,,,,
bob,0,28676062,5105,0.0,0.1979,1.32,,-1.0301,0.4199,0.1616,,,,,
bob,0,28676062,5106,0.0008,0.2333,1.5,,-1.0059,0.4199,0.1616,,,,,
bob,0,28676062,5107,-0.0001,0.2385,1.6400000000000001,,-1.0202,0.4199,0.1618,,,,,
bob,0,28676062,5108,0.0018,0.2193,1.28,,-1.0158,0.4198,0.1617,,,,,
bob,0,28676062,5109,-0.0006,0.2252,1.48,,-1.0146,0.4198,0.1617,,,,,
bob,0,28676062,5110,-0.0022,0.2006,1.24,,-1.0118,0.4198,0.1618,,,,,
bob,0,28676062,5111,-0.0002,0.1979,1.3,,-1.0242,0.4197,0.1617,,,,,
bob,0,28676062,5112,0.0009,0.1943,1.34,,-1.0275,0.4197,0.1617,,,,,
bob,0,28676062,5113,0.0012,0.1908,1.28,,-1.0221,0.4197,0.1617,,,,,
bob,0,28676062,5114,0.0013,0.2305,1.6,,-1.0326,0.4196,0.1618,,,,,
bob,0,28676062,5115,-0.0012,0.1838,1.22,,-1.0213,0.4196,0.1618,,,,,
bob,0,28676062,5116,-0.0002,0.2091,1.28,,-1.0198,0.4196,0.1618,,,,,
bob,0,28676062,5117,-0.0003,0.2291,1.3599999999999999,,-1.03,0.4196,0.1617,,,,,
bob,0,28676062,5118,0.0001,0.1895,1.3599999999999999,,-1.025,0.4195,0.1619,,,,,
bob,0,28676062,5119,0.001,0.2446,1.52,,-1.0267,0.4195,0.162,,,,,
bob,0,28676062,5120,-0.0009,0.2247,1.3599999999999999,,-1.0238,0.4195,0.1622,,,,,
bob,0,28676062,5121,-0.0001,0.2243,1.52,,-1.0202,0.4195,0.1623,,,,,
bob,0,28676062,5122,-0.0012,0.23,1.52,,-1.0304,0.4194,0.1625,,,,,
bob,0,28676062,5123,-0.0008,0.2398,1.6,,-1.0297,0.4194,0.1627,,,,,
bob,0,28676062,5124,-0.0009,0.2352,1.46,,-1.0204,0.4193,0.1629,,,,,
bob,0,28676062,5125,-0.0009,0.2109,1.28,,-1.0293,0.4193,0.1629,,,,,
bob,0,28676062,5126,0.0007,0.2057,1.4000000000000001,,-1.0249,0.4193,0.163,,,,,
bob,0,28676062,5127,0.0005,0.2292,1.5,,-1.0222,0.4192,0.1631,,,,,
bob,0,28676062,5128,-0.001,0.1927,1.2,,-1.0176,0.4192,0.1629,,,,,
bob,0,28676062,5129,-0.001,0.191,1.2,,-1.022,0.4192,0.1629,,,,,
bob,0,28676062,5130,0.0001,0.2079,1.38,,-1.0165,0.4191,0.1628,,,,,
bob,0,28676062,5131,0.0006,0.2406,1.5,,-1.0249,0.4191,0.163,,,,,
bob,0,28676062,5132,0.0012,0.1822,1.18,,-1.017,0.4191,0.1631,,,,,
bob,0,28676062,5133,-0.0005,0.2038,1.38,,-1.023,0.419,0.1631,,,,,
bob,0,28676062,5134,-0.0004,0.2295,1.54,,-1.0338,0.419,0.1633,,,,,
bob,0,28676062,5135,-0.0011,0.2304,1.4000000000000001,,-1.0225,0.419,0.1632,,,,,
bob,0,28676062,5136,0.0001,0.2204,1.38,,-1.0208,0.4189,0.1633,,,,,
bob,0,28676062,5137,0.0004,0.2297,1.4000000000000001,,-1.022,0.4189,0.1634,,,,,
bob,0,28676062,5138,0.0,0.2011,1.26,,-1.0277,0.4189,0.1636,,,,,
bob,0,28676062,5139,-0.0009,0.2073,1.32,,-1.0223,0.4188,0.1637,,,,,
bob,0,28676062,5140,0.0007,0.2791,1.8399999999999999,,-1.0263,0.4188,0.164,,,,,
bob,0,28676062,5141,-0.0014,0.2382,1.6,,-1.0346,0.4187,0.1642,,,,,
bob,0,28676062,5142,-0.0007,0.2121,1.48,,-1.0317,0.4187,0.1643,,,,,
bob,0,28676062,5143,-0.0005,0.2035,1.18,,-1.0258,0.4187,0.1644,,,,,
bob,0,28676062,5144,-0.0006,0.2218,1.52,,-1.0174,0.4186,0.1646,,,,,
bob,0,28676062,5145,-0.0005,0.222,1.4000000000000001,,-1.0192,0.4186,0.1647,,,,,
bob,0,28676062,5146,-0.0018,0.2001,1.3,,-1.0398,0.4185,0.1648,,,,,
bob,0,28676062,5147,-0.0012,0.2045,1.26,,-1.03,0.4185,0.1647,,,,,
bob,0,28676062,5148,-0.0021,0.2244,1.28,,-1.03,0.4184,0.1645,,,,,
bob,0,28676062,5149,-0.0008,0.2094,1.3599999999999999,,-1.0217,0.4184,0.1643,,,,,
bob,0,28676062,5150,-0.0006,0.1606,1.02,,-1.03,0.4184,0.164,,,,,
bob,0,28676062,5151,-0.0006,0.231,1.5,,-1.0299,0.4184,0.1641,,,,,
bob,0,28676062,5152,0.0001,0.2319,1.48,,-1.023,0.4183,0.1643,,,,,
bob,0,28676062,5153,-0.0009,0.2259,1.4000000000000001,,-1.0179,0.4183,0.1644,,,,,
bob,0,28676062,5154,-0.0009,0.2296,1.48,,-1.0332,0.4183,0.1646,,,,,
bob,0,28676062,5155,0.0001,0.2365,1.5599999999999998,,-1.0169,0.4182,0.1648,,,,,
bob,0,28676062,5156,0.0001,0.211,1.26,,-1.0258,0.4182,0.1646,,,,,
bob,0,28676062,5157,0.0005,0.202,1.34,,-1.0185,0.4182,0.1646,,,,,
bob,0,28676062,5158,0.0002,0.229,1.44,,-1.015,0.4182,0.1645,,,,,
bob,0,28676062,5159,0.0009,0.2143,1.4000000000000001,,-1.0208,0.4181,0.1645,,,,,
bob,0,28676062,5160,-0.0002,0.2163,1.38,,-1.0195,0.4181,0.1645,,,,,
bob,0,28676062,5161,0.0011,0.2264,1.58,,-1.0187,0.4181,0.1647,,,,,
bob,0,28676062,5162,-0.0001,0.1984,1.28,,-1.0187,0.4181,0.1648,,,,,
bob,0,28676062,5163,0.0001,0.2161,1.26,,-1.0257,0.4181,0.1648,,,,,
bob,0,28676062,5164,0.0008,0.2046,1.26,,-1.0156,0.418,0.1649,,,,,
bob,0,28676062,5165,0.0001,0.2198,1.3599999999999999,,-1.0301,0.418,0.1649,,,,,
bob,0,28676062,5166,-0.0014,0.2175,1.3599999999999999,,-1.0223,0.418,0.165,,,,,
bob,0,28676062,5167,-0.001,0.2096,1.48,,-1.0209,0.4179,0.1651,,,,,
bob,0,28676062,5168,0.0007,0.199,1.26,,-1.0178,0.4179,0.165,,,,,
bob,0,28676062,5169,-0.0002,0.2016,1.38,,-1.0279,0.4179,0.1652,,,,,
bob,0,28676062,5170,0.0002,0.2374,1.46,,-1.0175,0.4179,0.1653,,,,,
bob,0,28676062,5171,-0.0001,0.2373,1.6199999999999999,,-1.0247,0.4178,0.1656,,,,,
bob,0,28676062,5172,-0.0005,0.2198,1.34,,-1.0243,0.4178,0.1659,,,,,
bob,0,28676062,5173,0.0006,0.2409,1.52,,-1.0233,0.4178,0.1659,,,,,
bob,0,28676062,5174,-0.0008,0.2206,1.26,,-1.0413,0.4177,0.1658,,,,,
bob,0,28676062,5175,-0.0002,0.2502,1.6,,-1.0413,0.4177,0.1663,,,,,
bob,0,28676062,5176,0.0003,0.2237,1.54,,-1.0277,0.4176,0.1665,,,,,
bob,0,28676062,5177,0.0022,0.217,1.3,,-1.0223,0.4176,0.1665,,,,,
bob,0,28676062,5178,0.0005,0.1942,1.3,,-1.0218,0.4176,0.1666,,,,,
bob,0,28676062,5179,-0.0005,0.2088,1.28,,-1.0146,0.4175,0.1667,,,,,
bob,0,28676062,5180,-0.0001,0.192,1.2,,-1.015,0.4175,0.1666,,,,,
bob,0,28676062,5181,0.0,0.2191,1.4200000000000002,,-1.0301,0.4174,0.1667,,,,,
bob,0,28676062,5182,0.0003,0.2122,1.38,,-1.0288,0.4174,0.1669,,,,,
bob,0,28676062,5183,-0.0009,0.2273,1.5599999999999998,,-1.0242,0.4173,0.167,,,,,
bob,0,28676062,5184,0.0003,0.2417,1.4200000000000002,,-1.0178,0.4173,0.167,,,,,
bob,0,28676062,5185,-0.0005,0.2505,1.7399999999999998,,-1.0349,0.4172,0.1673,,,,,
bob,0,28676062,5186,-0.0009,0.2202,1.5,,-1.0244,0.4172,0.1674,,,,,
bob,0,28676062,5187,0.002,0.2391,1.34,,-1.0264,0.4172,0.1674,,,,,
bob,0,28676062,5188,0.0003,0.229,1.4000000000000001,,-1.0162,0.4171,0.1674,,,,,
bob,0,28676062,5189,0.0001,0.1882,1.28,,-1.0311,0.4171,0.1673,,,,,
bob,0,28676062,5190,0.0004,0.2025,1.24,,-1.0157,0.417,0.1674,,,,,
bob,0,28676062,5191,-0.0002,0.2115,1.3,,-1.0167,0.417,0.1673,,,,,
bob,0,28676062,5192,0.0006,0.2362,1.58,,-1.0309,0.417,0.1675,,,,,
bob,0,28676062,5193,-0.0008,0.2271,1.34,,-1.032,0.4169,0.1674,,,,,
bob,0,28676062,5194,0.0001,0.1954,1.24,,-1.0349,0.4169,0.1673,,,,,
bob,0,28676062,5195,-0.0012,0.2288,1.5,,-1.0254,0.4169,0.1674,,,,,
bob,0,28676062,5196,-0.0012,0.2032,1.3599999999999999,,-1.0244,0.4168,0.1674,,,,,
bob,0,28676062,5197,-0.0007,0.2598,1.66,,-1.0256,0.4168,0.1677,,,,,
bob,0,28676062,5198,0.0003,0.2124,1.4000000000000001,,-1.0201,0.4168,0.1679,,,,,
bob,0,28676062,5199,0.0022,0.2159,1.46,,-1.027,0.4167,0.1679,,,,,
bob,0,28676062,5200,-0.0016,0.241,1.48,,-1.0281,0.4167,0.1678,,,,,
bob,0,28676062,5201,-0.0027,0.2453,1.54,,-1.0287,0.4167,0.168,,,,,
bob,0,28676062,5202,-0.0003,0.2142,1.34,,-1.0216,0.4166,0.168,,,,,
bob,0,28676062,5203,-0.0012,0.2068,1.4000000000000001,,-1.0248,0.4166,0.1679,,,,,
bob,0,28676062,5204,0.0012,0.1921,1.26,,-1.0203,0.4166,0.1678,,,,,
bob,0,28676062,5205,-0.0008,0.2013,1.28,,-1.0166,0.4166,0.1679,,,,,
bob,0,28676062,5206,0.0,0.2152,1.48,,-1.0216,0.4165,0.1679,,,,,
bob,0,28676062,5207,-0.0013,0.2151,1.32,,-1.0288,0.4165,0.168,,,,,
bob,0,28676062,5208,0.0001,0.205,1.32,,-1.0208,0.4165,0.168,,,,,
bob,0,28676062,5209,-0.0001,0.2034,1.38,,-1.031,0.4165,0.168,,,,,
bob,0,28676062,5210,0.0005,0.2066,1.38,,-1.0266,0.4164,0.1681,,,,,
bob,0,28676062,5211,-0.001,0.2162,1.5,,-1.0248,0.4164,0.1681,,,,,
bob,0,28676062,5212,0.0019,0.2399,1.44,,-1.0238,0.4164,0.1682,,,,,
bob,0,28676062,5213,0.0005,0.2059,1.34,,-1.0206,0.4164,0.1682,,,,,
bob,0,28676062,5214,0.0,0.191,1.24,,-1.0296,0.4163,0.1681,,,,,
bob,0,28676062,5215,0.0007,0.2172,1.3599999999999999,,-1.0294,0.4163,0.1683,,,,,
bob,0,28676062,5216,-0.0003,0.209,1.3599999999999999,,-1.0278,0.4163,0.1684,,,,,
bob,0,28676062,5217,-0.0004,0.1928,1.22,,-1.0184,0.4163,0.1683,,,,,
bob,0,28676062,5218,0.0004,0.2096,1.26,,-1.0289,0.4162,0.1681,,,,,
bob,0,28676062,5219,-0.0008,0.2241,1.52,,-1.0168,0.4162,0.1683,,,,,
bob,0,28676062,5220,-0.0008,0.229,1.48,,-1.0217,0.4162,0.1683,,,,,
bob,0,28676062,5221,0.0002,0.2439,1.5,,-1.0165,0.4162,0.1684,,,,,
bob,0,28676062,5222,0.0008,0.2417,1.5599999999999998,,-1.0191,0.4162,0.1684,,,,,
bob,0,28676062,5223,0.001,0.2601,1.6,,-1.0189,0.4161,0.1686,,,,,
bob,0,28676062,5224,0.0017,0.194,1.3,,-1.0127,0.4161,0.1685,,,,,
bob,0,28676062,5225,-0.0003,0.223,1.4000000000000001,,-1.0174,0.4161,0.1687,,,,,
bob,0,28676062,5226,-0.0006,0.2266,1.58,,-1.0287,0.4161,0.1689,,,,,
bob,0,28676062,5227,0.0014,0.2502,1.58,,-1.0324,0.416,0.1691,,,,,
bob,0,28676062,5228,-0.0012,0.2425,1.6199999999999999,,-1.0172,0.416,0.1693,,,,,
bob,0,28676062,5229,0.0001,0.2145,1.5,,-1.0305,0.416,0.1694,,,,,
bob,0,28676062,5230,0.0001,0.2354,1.52,,-1.0238,0.4159,0.1695,,,,,
bob,0,28676062,5231,0.0006,0.2593,1.6400000000000001,,-1.0208,0.4159,0.1698,,,,,
bob,0,28676062,5232,0.0003,0.233,1.5,,-1.0271,0.4159,0.17,,,,,
bob,0,28676062,5233,0.0002,0.2293,1.44,,-1.0215,0.4158,0.1701,,,,,
bob,0,28676062,5234,0.001,0.204,1.24,,-1.0267,0.4158,0.1701,,,,,
bob,0,28676062,5235,0.0001,0.2186,1.26,,-1.0105,0.4157,0.17,,,,,
bob,0,28676062,5236,0.0005,0.22,1.52,,-1.0208,0.4157,0.1701,,,,,
bob,0,28676062,5237,-0.001,0.2199,1.34,,-1.0303,0.4157,0.1701,,,,,
bob,0,28676062,5238,-0.0007,0.2351,1.6,,-1.0201,0.4156,0.1702,,,,,
bob,0,28676062,5239,0.0012,0.2631,1.58,,-1.0291,0.4156,0.1704,,,,,
bob,0,28676062,5240,0.0,0.2491,1.66,,-1.0243,0.4155,0.1705,,,,,
bob,0,28676062,5241,0.0013,0.2119,1.38,,-1.0356,0.4155,0.1705,,,,,
bob,0,28676062,5242,0.0011,0.2321,1.46,,-1.0273,0.4155,0.1704,,,,,
bob,0,28676062,5243,0.0004,0.2531,1.82,,-1.0302,0.4154,0.1707,,,,,
bob,0,28676062,5244,-0.0002,0.2133,1.28,,-1.0311,0.4154,0.1708,,,,,
bob,0,28676062,5245,0.0001,0.2103,1.34,,-1.0229,0.4153,0.1707,,,,,
bob,0,28676062,5246,0.0001,0.2469,1.7000000000000002,,-1.0132,0.4153,0.1708,,,,,
bob,0,28676062,5247,0.0013,0.2394,1.66,,-1.0196,0.4153,0.171,,,,,
bob,0,28676062,5248,-0.0012,0.2503,1.7399999999999998,,-1.0253,0.4152,0.1712,,,,,
bob,0,28676062,5249,-0.0004,0.2563,1.54,,-1.0234,0.4152,0.1712,,,,,
bob,0,28676062,5250,-0.0001,0.2023,1.22,,-1.033,0.4151,0.1711,,,,,
bob,0,28676062,5251,-0.0005,0.2462,1.76,,-1.0334,0.4151,0.1715,,,,,
bob,0,28676062,5252,0.0,0.2211,1.32,,-1.0278,0.4151,0.1714,,,,,
bob,0,28676062,5253,0.0,0.2412,1.6,,-1.0191,0.415,0.1717,,,,,
bob,0,28676062,5254,-0.002,0.1873,1.2,,-1.0111,0.415,0.1716,,,,,
bob,0,28676062,5255,-0.0005,0.2273,1.46,,-1.0195,0.4149,0.1716,,,,,
bob,0,28676062,5256,-0.0006,0.2261,1.4200000000000002,,-1.014,0.4149,0.1716,,,,,
bob,0,28676062,5257,-0.0017,0.1933,1.38,,-1.0199,0.4149,0.1716,,,,,
bob,0,28676062,5258,-0.0009,0.2187,1.3,,-1.022,0.4148,0.1716,,,,,
bob,0,28676062,5259,-0.0007,0.203,1.18,,-1.0309,0.4148,0.1714,,,,,
bob,0,28676062,5260,-0.0023,0.2384,1.54,,-1.0237,0.4148,0.1714,,,,,
bob,0,28676062,5261,0.001,0.2493,1.48,,-1.0192,0.4148,0.1714,,,,,
