agent,chain,job_id,global_iter,loss,val,rew,entropy_coef,abc,abc_coef,sr,valid_goals,invalid_goals,avg_xy,max_xy
alice,0,28622548,0,0.0238,0.4185,5.4386,1.0,,,,646,1678,0.05,0.532
alice,0,28622548,1,0.0035,0.3728,5.4138,0.9881,,,,597,1376,0.054,0.534
alice,0,28622548,2,-0.0,0.3803,5.4251,0.9763,,,,593,1331,0.056,0.665
alice,0,28622548,3,0.0006,0.3619,5.3812,0.9647,,,,606,1314,0.056,0.6
alice,0,28622548,4,-0.0018,0.3886,5.4213,0.9533,,,,598,1291,0.058,0.561
alice,0,28622548,5,0.0025,0.3717,5.4683,0.942,,,,602,1313,0.059,0.586
alice,0,28622548,6,-0.0032,0.3612,5.2038,0.9309,,,,571,1351,0.054,0.528
alice,0,28622548,7,0.0037,0.3957,5.3419,0.9199,,,,622,1286,0.058,0.653
alice,0,28622548,8,0.0012,0.3436,5.2929,0.909,,,,603,1339,0.056,0.688
alice,0,28622548,9,0.0011,0.374,5.1376,0.8983,,,,632,1220,0.061,0.609
alice,0,28622548,10,-0.0031,0.327,5.1351,0.8878,,,,597,1334,0.057,0.599
alice,0,28622548,11,0.0004,0.3674,5.0642,0.8773,,,,609,1258,0.058,0.788
alice,0,28622548,12,0.0005,0.3604,5.1751,0.8671,,,,598,1321,0.057,0.781
alice,0,28622548,13,0.002,0.4141,5.1365,0.8569,,,,648,1236,0.062,0.901
alice,0,28622548,14,-0.0007,0.3808,5.3333,0.8469,,,,617,1264,0.059,0.614
alice,0,28622548,15,0.0046,0.376,5.2905,0.837,,,,644,1233,0.061,0.661
alice,0,28622548,16,-0.0005,0.398,5.3134,0.8273,,,,616,1214,0.061,0.68
alice,0,28622548,17,0.0073,0.4258,5.2308,0.8176,,,,650,1178,0.061,0.479
alice,0,28622548,18,0.0044,0.4298,5.1888,0.8081,,,,672,1154,0.065,0.573
alice,0,28622548,19,0.0067,0.4543,5.4367,0.7988,,,,666,1120,0.067,0.671
alice,0,28622548,20,0.0049,0.3968,5.2318,0.7895,,,,632,1196,0.06,0.674
alice,0,28622548,21,0.0094,0.4682,5.4351,0.7804,,,,666,1130,0.067,1.067
alice,0,28622548,22,0.0093,0.4546,5.2977,0.7714,,,,665,1127,0.067,0.603
alice,0,28622548,23,0.0092,0.4419,5.3252,0.7625,,,,647,1173,0.066,0.58
alice,0,28622548,24,0.0136,0.482,5.3846,0.7537,,,,696,1081,0.075,0.615
alice,0,28622548,25,0.016,0.4794,5.1985,0.7451,,,,717,998,0.074,0.608
alice,0,28622548,26,0.0075,0.4495,5.2369,0.7366,,,,697,1066,0.074,0.693
alice,0,28622548,27,0.0156,0.5007,5.1733,0.7281,,,,702,1006,0.079,0.646
alice,0,28622548,28,0.0187,0.4733,5.1641,0.7198,,,,732,1003,0.079,0.641
alice,0,28622548,29,0.0173,0.4931,5.3089,0.7116,,,,707,960,0.081,0.617
alice,0,28622548,30,0.013,0.4616,5.2083,0.7035,,,,694,1035,0.075,0.609
alice,0,28622548,31,0.0106,0.437,5.1358,0.6955,,,,666,1132,0.07,0.638
alice,0,28622548,32,0.0304,0.4749,5.1769,0.6877,,,,738,995,0.082,0.606
alice,0,28622548,33,0.0221,0.4582,5.3612,0.6799,,,,719,988,0.082,0.655
alice,0,28622548,34,0.0171,0.4643,5.1708,0.6722,,,,749,927,0.085,0.559
alice,0,28622548,35,0.012,0.4749,5.1345,0.6646,,,,739,921,0.083,0.633
alice,0,28622548,36,-0.0014,0.5295,5.3132,0.6572,,,,708,908,0.087,0.597
alice,0,28622548,37,0.0134,0.5474,5.2259,0.6498,,,,733,941,0.088,0.925
alice,0,28622548,38,0.0285,0.5423,5.4542,0.6425,,,,774,880,0.091,0.84
alice,0,28622548,39,0.0186,0.5564,5.3322,0.6353,,,,759,833,0.092,0.538
alice,0,28622548,40,0.0277,0.5574,5.2818,0.6283,,,,802,788,0.096,0.791
alice,0,28622548,41,0.0157,0.5265,5.1397,0.6213,,,,778,833,0.094,0.554
alice,0,28622548,42,0.0184,0.5287,5.1822,0.6144,,,,766,815,0.095,0.658
alice,0,28622548,43,0.0294,0.5351,5.1799,0.6076,,,,793,802,0.099,0.624
alice,0,28622548,44,0.022,0.5423,5.2,0.6009,,,,776,804,0.102,0.699
alice,0,28622548,45,0.0245,0.561,5.3036,0.5942,,,,779,779,0.102,0.613
alice,0,28622548,46,0.0164,0.5825,5.4231,0.5877,,,,789,775,0.102,0.554
alice,0,28622548,47,0.025,0.6165,5.282,0.5812,,,,821,682,0.111,0.584
alice,0,28622548,48,0.0347,0.5888,5.2218,0.5749,,,,825,692,0.11,0.637
alice,0,28622548,49,0.0239,0.5698,5.2483,0.5686,,,,783,759,0.106,0.805
alice,0,28622548,50,0.0247,0.5357,5.3083,0.5624,,,,780,794,0.099,0.778
alice,0,28622548,51,0.0125,0.5347,5.1394,0.5563,,,,785,778,0.095,0.722
alice,0,28622548,52,0.0184,0.5423,5.153,0.5502,,,,790,783,0.101,0.552
alice,0,28622548,53,0.0137,0.5419,5.1857,0.5443,,,,802,787,0.099,0.66
alice,0,28622548,54,0.0059,0.5627,5.2028,0.5384,,,,797,758,0.1,0.651
alice,0,28622548,55,0.0079,0.5908,5.0855,0.5326,,,,788,735,0.099,0.609
alice,0,28622548,56,0.0261,0.5893,5.2434,0.5269,,,,804,734,0.101,0.588
alice,0,28622548,57,0.0255,0.5842,5.3857,0.5212,,,,810,750,0.101,0.55
alice,0,28622548,58,0.0205,0.5949,5.2277,0.5156,,,,811,679,0.105,0.581
alice,0,28622548,59,0.0228,0.6122,5.3492,0.5101,,,,816,698,0.108,0.769
alice,0,28622548,60,0.0291,0.5999,5.2605,0.5047,,,,827,701,0.109,0.553
alice,0,28622548,61,0.0117,0.5797,5.2441,0.4994,,,,793,721,0.1,0.677
alice,0,28622548,62,0.0238,0.5897,5.281,0.4941,,,,833,700,0.106,0.647
alice,0,28622548,63,0.0189,0.5641,5.2105,0.4889,,,,820,702,0.107,0.586
alice,0,28622548,64,0.0167,0.5801,5.1875,0.4837,,,,818,678,0.109,0.634
alice,0,28622548,65,0.0143,0.6403,5.2774,0.4786,,,,838,625,0.116,0.555
alice,0,28622548,66,0.025,0.6298,5.42,0.4736,,,,858,614,0.119,0.61
alice,0,28622548,67,0.0113,0.6305,5.2079,0.4687,,,,837,612,0.119,0.742
alice,0,28622548,68,0.0272,0.6258,5.0844,0.4638,,,,861,587,0.121,0.588
alice,0,28622548,69,0.0223,0.642,5.2435,0.459,,,,841,605,0.121,0.58
alice,0,28622548,70,0.0227,0.6434,5.2136,0.4542,,,,856,582,0.119,0.611
alice,0,28622548,71,0.0276,0.6437,5.2156,0.4496,,,,863,574,0.124,0.586
alice,0,28622548,72,0.0293,0.6723,5.2866,0.4449,,,,860,567,0.126,0.588
alice,0,28622548,73,0.0332,0.6766,5.1552,0.4404,,,,891,519,0.133,0.652
alice,0,28622548,74,0.0168,0.6338,5.0901,0.4359,,,,837,606,0.116,0.654
alice,0,28622548,75,0.0289,0.6304,5.2971,0.4314,,,,837,649,0.117,0.795
alice,0,28622548,76,0.0261,0.6427,5.1094,0.427,,,,860,582,0.122,0.553
alice,0,28622548,77,0.0387,0.6692,5.2199,0.4227,,,,909,497,0.135,0.931
alice,0,28622548,78,0.0267,0.662,5.0917,0.4184,,,,871,500,0.134,0.648
alice,0,28622548,79,0.0358,0.6861,5.2566,0.4142,,,,888,505,0.134,0.961
alice,0,28622548,80,0.039,0.6668,5.2485,0.4101,,,,903,486,0.134,0.679
alice,0,28622548,81,0.0205,0.6245,5.1932,0.406,,,,878,553,0.128,0.704
alice,0,28622548,82,0.0258,0.717,5.1697,0.4019,,,,914,409,0.144,0.791
alice,0,28622548,83,0.0267,0.6743,5.329,0.3979,,,,879,480,0.132,0.734
alice,0,28622548,84,0.0274,0.668,5.142,0.394,,,,886,521,0.131,0.645
alice,0,28622548,85,0.0197,0.6722,5.1433,0.3901,,,,881,508,0.128,0.652
alice,0,28622548,86,0.028,0.6857,5.0828,0.3863,,,,882,504,0.127,0.598
alice,0,28622548,87,0.0378,0.6913,5.2262,0.3825,,,,889,503,0.134,0.614
alice,0,28622548,88,0.0374,0.7013,5.1366,0.3787,,,,888,469,0.139,0.782
alice,0,28622548,89,0.0487,0.7104,5.2493,0.375,,,,894,470,0.138,0.756
alice,0,28622548,90,0.0462,0.7053,5.4209,0.3714,,,,868,501,0.139,0.87
alice,0,28622548,91,0.0347,0.6638,5.149,0.3678,,,,844,585,0.124,0.608
alice,0,28622548,92,0.0426,0.6383,5.209,0.3643,,,,872,587,0.125,0.649
alice,0,28622548,93,0.0551,0.6302,5.0875,0.3608,,,,910,505,0.13,0.969
alice,0,28622548,94,0.0326,0.6398,5.1736,0.3573,,,,879,511,0.132,0.617
alice,0,28622548,95,0.0406,0.6604,5.273,0.3539,,,,917,456,0.138,0.702
alice,0,28622548,96,0.0361,0.6186,5.0101,0.3506,,,,914,460,0.137,0.959
alice,0,28622548,97,0.0159,0.6665,5.1739,0.3472,,,,877,474,0.136,0.679
alice,0,28622548,98,0.0332,0.6551,5.1456,0.344,,,,910,459,0.137,0.673
alice,0,28622548,99,0.0254,0.7122,5.2006,0.3407,,,,897,418,0.147,0.759
alice,0,28622548,100,0.0212,0.7416,5.2254,0.3376,,,,901,431,0.144,0.718
alice,0,28622548,101,0.0613,0.7995,5.2887,0.3344,,,,951,329,0.162,0.798
alice,0,28622548,102,0.0498,0.6979,5.1571,0.3313,,,,927,429,0.146,0.596
alice,0,28622548,103,0.0141,0.6854,4.9601,0.3282,,,,904,440,0.137,0.572
alice,0,28622548,104,0.0408,0.7275,5.1272,0.3252,,,,944,365,0.151,0.676
alice,0,28622548,105,0.0349,0.7287,5.2061,0.3222,,,,937,371,0.159,0.703
alice,0,28622548,106,0.0337,0.7361,5.095,0.3193,,,,958,320,0.164,0.838
alice,0,28622548,107,0.0354,0.757,5.2439,0.3164,,,,943,331,0.158,0.732
alice,0,28622548,108,0.0211,0.7286,5.1235,0.3135,,,,909,395,0.147,0.6
alice,0,28622548,109,0.021,0.7025,5.1235,0.3107,,,,886,432,0.141,0.886
alice,0,28622548,110,0.0423,0.7217,5.2828,0.3079,,,,899,463,0.139,0.756
alice,0,28622548,111,0.0655,0.7437,5.2507,0.3052,,,,941,369,0.154,0.702
alice,0,28622548,112,0.0483,0.7362,5.2281,0.3025,,,,925,367,0.153,0.6
alice,0,28622548,113,0.0663,0.7676,5.2925,0.2998,,,,929,343,0.157,0.666
alice,0,28622548,114,0.0642,0.7012,5.1532,0.2971,,,,957,340,0.162,0.789
alice,0,28622548,115,0.0486,0.7215,5.037,0.2945,,,,957,331,0.153,0.603
alice,0,28622548,116,0.0645,0.7657,5.25,0.292,,,,941,310,0.165,0.831
alice,0,28622548,117,0.055,0.7352,5.1117,0.2894,,,,946,350,0.154,0.662
alice,0,28622548,118,0.0477,0.7133,5.1287,0.2869,,,,965,338,0.157,0.861
alice,0,28622548,119,0.0549,0.7355,5.1189,0.2844,,,,959,281,0.172,0.76
alice,0,28622548,120,0.045,0.7269,5.1455,0.282,,,,936,329,0.154,0.534
alice,0,28622548,121,0.041,0.7198,5.2797,0.2796,,,,954,332,0.162,0.713
alice,0,28622548,122,0.0492,0.7675,5.2764,0.2772,,,,941,297,0.168,0.704
alice,0,28622548,123,0.0447,0.7612,5.2396,0.2749,,,,949,291,0.171,0.603
alice,0,28622548,124,0.0408,0.7793,5.136,0.2726,,,,964,271,0.173,0.594
alice,0,28622548,125,0.0356,0.7515,5.1101,0.2703,,,,961,295,0.17,0.703
alice,0,28622548,126,0.0321,0.7949,5.1073,0.268,,,,949,296,0.169,0.812
alice,0,28622548,127,0.0436,0.7695,5.1067,0.2658,,,,975,288,0.168,0.692
alice,0,28622548,128,0.0483,0.7107,5.1853,0.2636,,,,952,337,0.162,0.766
alice,0,28622548,129,0.0436,0.7262,5.0215,0.2614,,,,941,310,0.169,0.803
alice,0,28622548,130,0.0436,0.743,5.2212,0.2593,,,,935,334,0.161,0.74
alice,0,28622548,131,0.0356,0.7347,4.8678,0.2572,,,,929,368,0.152,0.728
alice,0,28622548,132,0.0463,0.7601,5.0417,0.2551,,,,932,370,0.156,0.587
alice,0,28622548,133,0.0706,0.7782,5.216,0.2531,,,,964,328,0.173,0.84
alice,0,28622548,134,0.05,0.7832,5.239,0.251,,,,942,321,0.169,0.848
alice,0,28622548,135,0.06,0.7643,5.2408,0.249,,,,940,331,0.166,0.607
alice,0,28622548,136,0.0588,0.7591,5.3101,0.2471,,,,947,323,0.165,0.582
alice,0,28622548,137,0.0647,0.7541,5.1765,0.2451,,,,944,343,0.167,0.672
alice,0,28622548,138,0.0647,0.756,5.1699,0.2432,,,,942,327,0.165,0.701
alice,0,28622548,139,0.0698,0.7582,5.3399,0.2413,,,,941,317,0.169,0.715
alice,0,28622548,140,0.0803,0.7853,5.4377,0.2394,,,,963,273,0.176,0.764
alice,0,28622548,141,0.099,0.7511,5.0909,0.2376,,,,985,239,0.183,0.76
alice,0,28622548,142,0.0351,0.7087,5.0257,0.2358,,,,900,399,0.149,0.869
alice,0,28622548,143,0.0708,0.6411,5.018,0.234,,,,939,463,0.141,0.752
alice,0,28622548,144,0.0553,0.6558,4.9141,0.2322,,,,962,357,0.154,0.738
alice,0,28622548,145,0.0563,0.7284,5.2595,0.2305,,,,967,266,0.171,0.632
alice,0,28622548,146,0.0707,0.709,5.2119,0.2287,,,,971,259,0.178,0.76
alice,0,28622548,147,0.0596,0.762,5.2219,0.227,,,,984,216,0.19,0.611
alice,0,28622548,148,0.0586,0.7502,5.0093,0.2253,,,,980,223,0.18,0.736
alice,0,28622548,149,0.0473,0.8374,5.204,0.2237,,,,968,215,0.192,0.846
alice,0,28622548,150,0.0476,0.7941,5.2348,0.222,,,,943,301,0.172,0.718
alice,0,28622548,151,0.0418,0.7491,5.2733,0.2204,,,,929,349,0.16,0.745
alice,0,28622548,152,0.0444,0.7981,5.1088,0.2188,,,,964,256,0.174,0.697
alice,0,28622548,153,0.0625,0.8054,5.2744,0.2173,,,,985,249,0.184,0.762
alice,0,28622548,154,0.05,0.8242,5.0899,0.2157,,,,985,231,0.186,0.626
alice,0,28622548,155,0.076,0.8603,5.243,0.2142,,,,990,182,0.202,0.624
alice,0,28622548,156,0.0687,0.8036,5.2145,0.2127,,,,971,252,0.179,0.642
alice,0,28622548,157,0.0609,0.8489,5.3605,0.2112,,,,983,216,0.191,0.633
alice,0,28622548,158,0.109,0.7368,5.2054,0.2097,,,,980,285,0.183,0.678
alice,0,28622548,159,0.0622,0.696,4.9811,0.2083,,,,961,284,0.168,0.639
alice,0,28622548,160,0.0614,0.6917,5.18,0.2068,,,,943,326,0.166,0.706
alice,0,28622548,161,0.0458,0.7711,5.3844,0.2054,,,,970,244,0.186,0.794
alice,0,28622548,162,0.0351,0.7568,5.1982,0.204,,,,946,267,0.173,0.671
alice,0,28622548,163,0.0526,0.7609,5.1512,0.2026,,,,983,258,0.179,0.65
alice,0,28622548,164,0.0521,0.7443,5.0509,0.2013,,,,975,231,0.195,0.712
alice,0,28622548,165,0.0767,0.7845,5.1371,0.1999,,,,978,210,0.197,0.732
alice,0,28622548,166,0.0604,0.8281,5.2616,0.1986,,,,1001,172,0.197,0.681
alice,0,28622548,167,0.0759,0.8164,5.2005,0.1973,,,,1002,160,0.212,0.718
alice,0,28622548,168,0.0958,0.8248,5.3711,0.196,,,,976,193,0.207,0.764
alice,0,28622548,169,0.0765,0.7791,5.1648,0.1948,,,,990,225,0.189,0.782
alice,0,28622548,170,0.0683,0.7872,5.208,0.1935,,,,956,243,0.188,0.648
alice,0,28622548,171,0.0681,0.7889,5.2016,0.1923,,,,984,227,0.187,0.64
alice,0,28622548,172,0.0831,0.7783,5.1025,0.191,,,,1002,204,0.199,0.769
alice,0,28622548,173,0.072,0.8159,5.3209,0.1898,,,,986,200,0.206,0.759
alice,0,28622548,174,0.0536,0.8251,5.3116,0.1887,,,,972,230,0.192,0.699
alice,0,28622548,175,0.0414,0.8416,5.3278,0.1875,,,,981,219,0.189,0.659
alice,0,28622548,176,0.0672,0.8045,5.3676,0.1863,,,,941,283,0.189,0.852
alice,0,28622548,177,0.0454,0.7429,5.06,0.1852,,,,960,308,0.171,0.664
alice,0,28622548,178,0.047,0.8264,5.3789,0.1841,,,,948,262,0.182,0.639
alice,0,28622548,179,0.0664,0.8025,5.3,0.1829,,,,971,250,0.188,0.784
alice,0,28622548,180,0.0801,0.7849,5.1753,0.1818,,,,997,206,0.197,0.761
alice,0,28622548,181,0.0838,0.7416,5.2948,0.1808,,,,964,248,0.193,0.66
alice,0,28622548,182,0.077,0.7569,5.0339,0.1797,,,,992,217,0.193,0.809
alice,0,28622548,183,0.0704,0.756,5.0794,0.1786,,,,993,241,0.188,0.808
alice,0,28622548,184,0.0545,0.7787,5.1726,0.1776,,,,990,195,0.198,0.696
alice,0,28622548,185,0.0768,0.831,5.1943,0.1766,,,,1004,163,0.213,0.651
alice,0,28622548,186,0.0785,0.7821,5.1832,0.1756,,,,986,193,0.199,0.721
alice,0,28622548,187,0.0761,0.8018,5.2633,0.1746,,,,1000,174,0.201,0.716
alice,0,28622548,188,0.0559,0.7669,5.1141,0.1736,,,,977,203,0.194,0.751
alice,0,28622548,189,0.0725,0.7785,5.1051,0.1726,,,,972,226,0.183,0.643
alice,0,28622548,190,0.0739,0.7926,5.0694,0.1716,,,,989,189,0.198,0.699
alice,0,28622548,191,0.0947,0.8178,5.2672,0.1707,,,,998,176,0.212,0.875
alice,0,28622548,192,0.0712,0.8114,5.3112,0.1698,,,,994,177,0.204,0.656
alice,0,28622548,193,0.0829,0.8798,5.5312,0.1688,,,,1012,117,0.22,0.702
alice,0,28622548,194,0.066,0.7975,5.1672,0.1679,,,,1009,167,0.208,0.657
alice,0,28622548,195,0.0607,0.848,5.2457,0.167,,,,1012,119,0.224,0.803
alice,0,28622548,196,0.0565,0.8132,5.405,0.1661,,,,959,208,0.21,0.764
alice,0,28622548,197,0.0547,0.8617,5.3202,0.1653,,,,1008,136,0.217,0.622
alice,0,28622548,198,0.0568,0.8247,5.0689,0.1644,,,,1009,142,0.217,0.675
alice,0,28622548,199,0.0842,0.8642,5.3445,0.1635,,,,983,152,0.219,0.667
alice,0,28622548,200,0.0752,0.8738,5.3081,0.1627,,,,998,146,0.208,0.633
alice,0,28622548,201,0.0717,0.8146,5.1,0.1619,,,,1012,154,0.209,0.652
alice,0,28622548,202,0.1121,0.8101,5.0907,0.1611,,,,1015,156,0.213,0.86
alice,0,28622548,203,0.0645,0.8062,5.0989,0.1602,,,,969,227,0.188,0.712
alice,0,28622548,204,0.0737,0.8075,5.1811,0.1594,,,,973,240,0.187,0.681
alice,0,28622548,205,0.0978,0.8505,5.1275,0.1587,,,,1030,143,0.214,0.669
alice,0,28622548,206,0.1054,0.8659,5.3438,0.1579,,,,1011,131,0.232,0.761
alice,0,28622548,207,0.0939,0.8775,5.4016,0.1571,,,,1010,136,0.229,0.853
alice,0,28622548,208,0.076,0.8385,5.127,0.1564,,,,1008,147,0.223,0.913
alice,0,28622548,209,0.1124,0.8689,5.2308,0.1556,,,,1005,133,0.225,0.771
alice,0,28622548,210,0.0966,0.8406,5.3544,0.1549,,,,998,148,0.211,0.849
alice,0,28622548,211,0.0759,0.8402,5.3538,0.1542,,,,1002,166,0.217,0.722
alice,0,28622548,212,0.0766,0.812,5.2869,0.1534,,,,1023,125,0.227,0.886
alice,0,28622548,213,0.0706,0.8627,5.3789,0.1527,,,,1006,111,0.238,0.71
alice,0,28622548,214,0.099,0.874,5.3463,0.152,,,,1002,119,0.236,0.733
alice,0,28622548,215,0.0915,0.8254,5.1821,0.1513,,,,1026,122,0.236,0.814
alice,0,28622548,216,0.0805,0.8498,5.1796,0.1507,,,,1029,90,0.25,0.825
alice,0,28622548,217,0.1097,0.8204,5.1652,0.15,,,,1005,141,0.235,0.761
alice,0,28622548,218,0.0853,0.8471,5.2521,0.1493,,,,1025,103,0.227,0.729
alice,0,28622548,219,0.1032,0.8331,5.2615,0.1487,,,,972,192,0.211,0.699
alice,0,28622548,220,0.0736,0.7983,5.0296,0.148,,,,989,213,0.196,0.639
alice,0,28622548,221,0.0935,0.8358,5.1505,0.1474,,,,1022,140,0.224,0.806
alice,0,28622548,222,0.1067,0.8216,5.081,0.1468,,,,1016,136,0.23,0.755
alice,0,28622548,223,0.1189,0.8506,5.0984,0.1462,,,,1000,130,0.234,0.695
alice,0,28622548,224,0.0632,0.8439,5.0394,0.1455,,,,1004,144,0.209,0.725
alice,0,28622548,225,0.0969,0.8483,5.0831,0.1449,,,,1019,128,0.233,0.747
alice,0,28622548,226,0.1238,0.8911,5.2753,0.1443,,,,1021,98,0.238,0.719
alice,0,28622548,227,0.105,0.9085,5.4286,0.1438,,,,1035,68,0.244,0.822
alice,0,28622548,228,0.0734,0.8776,5.272,0.1432,,,,1009,112,0.228,0.689
alice,0,28622548,229,0.0682,0.8683,5.3451,0.1426,,,,1011,126,0.224,0.697
alice,0,28622548,230,0.0962,0.8481,5.206,0.142,,,,1017,131,0.227,0.736
alice,0,28622548,231,0.0923,0.8292,5.2857,0.1415,,,,1019,109,0.236,0.66
alice,0,28622548,232,0.1153,0.8117,5.25,0.1409,,,,1021,108,0.234,0.711
alice,0,28622548,233,0.0864,0.803,5.2024,0.1404,,,,1018,105,0.227,0.792
alice,0,28622548,234,0.0556,0.8284,5.034,0.1399,,,,1024,94,0.226,0.649
alice,0,28622548,235,0.0758,0.8657,5.2746,0.1393,,,,1018,91,0.234,0.678
alice,0,28622548,236,0.0624,0.8152,5.2774,0.1388,,,,1009,139,0.226,0.744
alice,0,28622548,237,0.0621,0.8283,5.1538,0.1383,,,,988,161,0.211,0.709
alice,0,28622548,238,0.078,0.8099,5.181,0.1378,,,,1013,137,0.221,0.598
alice,0,28622548,239,0.0831,0.8313,5.2908,0.1373,,,,1018,96,0.235,0.665
alice,0,28622548,240,0.1324,0.8267,5.2896,0.1368,,,,1024,73,0.247,0.705
alice,0,28622548,241,0.0644,0.8496,5.4711,0.1363,,,,1018,84,0.234,0.738
alice,0,28622548,242,0.0639,0.877,5.2573,0.1358,,,,1011,88,0.228,0.653
alice,0,28622548,243,0.0876,0.8751,5.3155,0.1354,,,,1020,90,0.242,0.832
alice,0,28622548,244,0.1052,0.8983,5.3743,0.1349,,,,1015,69,0.247,0.78
alice,0,28622548,245,0.075,0.8763,5.3481,0.1344,,,,1018,88,0.241,0.718
alice,0,28622548,246,0.1045,0.9044,5.4959,0.134,,,,1008,91,0.244,0.645
alice,0,28622548,247,0.1045,0.8965,5.2658,0.1335,,,,1018,95,0.234,0.802
alice,0,28622548,248,0.0923,0.8544,5.2128,0.1331,,,,1016,118,0.232,0.833
alice,0,28622548,249,0.0894,0.8474,5.2548,0.1326,,,,1034,91,0.231,0.782
alice,0,28622548,250,0.0986,0.8416,5.3681,0.1322,,,,1026,78,0.248,0.733
alice,0,28622548,251,0.1002,0.8093,5.2751,0.1322,,,,1016,91,0.249,0.748
alice,0,28622548,252,0.1289,0.8372,5.342,0.1322,,,,1026,72,0.249,0.75
alice,0,28622548,253,0.0841,0.8325,5.2305,0.1322,,,,1005,131,0.22,0.838
alice,0,28622548,254,0.0817,0.8545,5.3483,0.1322,,,,1023,85,0.24,0.725
alice,0,28622548,255,0.1008,0.8757,5.272,0.1322,,,,1031,69,0.26,0.758
alice,0,28622548,256,0.1135,0.8748,5.4844,0.1322,,,,1011,79,0.254,0.733
alice,0,28622548,257,0.1243,0.8467,5.294,0.1322,,,,1026,69,0.249,0.712
alice,0,28622548,258,0.0973,0.838,5.1989,0.1322,,,,1037,73,0.254,0.772
alice,0,28622548,259,0.1117,0.8539,5.2451,0.1322,,,,1032,64,0.253,0.709
alice,0,28622548,260,0.1181,0.847,5.2102,0.1322,,,,1025,88,0.243,0.72
alice,0,28622548,261,0.0502,0.8458,5.0992,0.1322,,,,1017,122,0.207,0.698
alice,0,28622548,262,0.0585,0.8129,5.1037,0.1322,,,,1015,125,0.214,0.817
alice,0,28622548,263,0.0885,0.8696,5.2797,0.1322,,,,1026,79,0.247,0.797
alice,0,28622548,264,0.1027,0.8846,5.4499,0.1322,,,,1030,54,0.27,0.773
alice,0,28622548,265,0.1197,0.8994,5.3927,0.1322,,,,1020,72,0.253,0.742
alice,0,28622548,266,0.0882,0.8674,5.1181,0.1322,,,,1028,92,0.232,0.796
alice,0,28622548,267,0.0721,0.8566,5.3159,0.1322,,,,1022,102,0.238,0.888
alice,0,28622548,268,0.073,0.8227,5.2219,0.1322,,,,1036,81,0.252,0.686
alice,0,28622548,269,0.1169,0.8756,5.2831,0.1322,,,,1005,112,0.24,0.866
alice,0,28622548,270,0.0479,0.8581,5.1686,0.1322,,,,1013,110,0.233,0.784
alice,0,28622548,271,0.0763,0.8997,5.3164,0.1322,,,,1027,63,0.246,0.775
alice,0,28622548,272,0.0853,0.8935,5.4553,0.1322,,,,1015,72,0.261,0.833
alice,0,28622548,273,0.0716,0.8958,5.2869,0.1322,,,,1029,68,0.261,0.749
alice,0,28622548,274,0.0578,0.9203,5.3778,0.1322,,,,1022,65,0.261,0.703
alice,0,28622548,275,0.0736,0.9016,5.3361,0.1322,,,,1022,62,0.267,0.76
alice,0,28622548,276,0.1625,0.889,5.3089,0.1322,,,,1029,62,0.26,0.816
alice,0,28622548,277,0.0218,0.8437,5.1152,0.1322,,,,1005,147,0.202,0.646
alice,0,28622548,278,0.0908,0.8504,5.3857,0.1322,,,,1014,132,0.229,0.695
alice,0,28622548,279,0.0643,0.8234,5.1619,0.1322,,,,1004,132,0.244,0.812
alice,0,28622548,280,0.1005,0.8585,5.221,0.1322,,,,1020,109,0.253,0.733
alice,0,28622548,281,0.0966,0.8535,5.231,0.1322,,,,1033,69,0.262,0.823
alice,0,28622548,282,0.1043,0.915,5.4523,0.1322,,,,1028,39,0.272,0.726
alice,0,28622548,283,0.126,0.893,5.4652,0.1322,,,,1024,60,0.282,0.835
alice,0,28622548,284,0.1075,0.9051,5.2412,0.1322,,,,1034,67,0.256,0.77
alice,0,28622548,285,0.0538,0.8722,5.0411,0.1322,,,,1023,102,0.223,0.983
alice,0,28622548,286,0.0635,0.8629,5.0716,0.1322,,,,1035,94,0.229,0.695
alice,0,28622548,287,0.0794,0.8857,5.2486,0.1322,,,,1021,65,0.253,0.69
alice,0,28622548,288,0.0534,0.8652,5.1703,0.1322,,,,1012,124,0.227,0.825
alice,0,28622548,289,0.0761,0.8866,5.4729,0.1322,,,,1004,110,0.235,0.735
alice,0,28622548,290,0.1042,0.8666,5.1909,0.1322,,,,1031,93,0.246,0.713
alice,0,28622548,291,0.0779,0.884,5.2943,0.1322,,,,1021,79,0.252,0.717
alice,0,28622548,292,0.1272,0.8879,5.2308,0.1322,,,,1027,65,0.251,0.691
alice,0,28622548,293,0.0748,0.8599,5.1181,0.1322,,,,1026,95,0.236,0.856
alice,0,28622548,294,0.106,0.8509,5.2846,0.1322,,,,1027,83,0.253,0.781
alice,0,28622548,295,0.1201,0.8553,5.2717,0.1322,,,,1041,53,0.263,0.868
alice,0,28622548,296,0.0977,0.8722,5.3619,0.1322,,,,1028,53,0.266,0.79
alice,0,28622548,297,0.128,0.8415,5.1747,0.1322,,,,1038,59,0.261,0.741
alice,0,28622548,298,0.0871,0.8586,5.2102,0.1322,,,,1027,70,0.251,0.77
alice,0,28622548,299,0.1253,0.8655,5.3562,0.1322,,,,1040,46,0.28,0.783
alice,0,28622548,300,0.132,0.8674,5.2735,0.1322,,,,1044,38,0.276,0.679
alice,0,28622548,301,0.0937,0.857,5.4041,0.1322,,,,1030,48,0.266,0.733
alice,0,28622548,302,0.1383,0.8337,5.1307,0.1322,,,,1029,60,0.27,0.816
alice,0,28622548,303,0.099,0.8633,5.3017,0.1322,,,,1016,77,0.255,0.867
alice,0,28622548,304,0.0909,0.8329,5.0486,0.1322,,,,1057,51,0.253,0.704
alice,0,28622548,305,0.094,0.8437,5.1461,0.1322,,,,1035,54,0.253,0.702
alice,0,28622548,306,0.0888,0.8564,5.2672,0.1322,,,,1032,48,0.273,0.752
alice,0,28622548,307,0.1106,0.8607,5.3155,0.1322,,,,1033,40,0.279,0.734
alice,0,28622548,308,0.1287,0.8624,5.314,0.1322,,,,1041,30,0.284,0.828
alice,0,28622548,309,0.1484,0.8605,5.1287,0.1322,,,,1046,37,0.281,0.675
alice,0,28622548,310,0.0741,0.852,5.1694,0.1322,,,,1034,52,0.255,0.793
alice,0,28622548,311,0.1124,0.8574,5.2694,0.1322,,,,1033,50,0.272,0.724
alice,0,28622548,312,0.1582,0.857,5.2231,0.1322,,,,1045,40,0.265,0.781
alice,0,28622548,313,0.0828,0.8481,5.2188,0.1322,,,,1038,53,0.244,0.655
alice,0,28622548,314,0.0783,0.8596,5.2606,0.1322,,,,1033,42,0.263,0.77
alice,0,28622548,315,0.0833,0.8967,5.3278,0.1322,,,,1021,60,0.259,0.731
alice,0,28622548,316,0.0857,0.8526,5.2291,0.1322,,,,1017,97,0.25,0.752
alice,0,28622548,317,0.1444,0.8859,5.2083,0.1322,,,,1034,68,0.268,0.729
alice,0,28622548,318,0.0698,0.8857,5.199,0.1322,,,,1035,56,0.262,0.737
alice,0,28622548,319,0.1106,0.8966,5.2353,0.1322,,,,1041,36,0.273,0.755
alice,0,28622548,320,0.1617,0.8546,5.2202,0.1322,,,,1039,50,0.286,0.715
alice,0,28622548,321,0.0855,0.8411,5.1409,0.1322,,,,1048,44,0.265,0.708
alice,0,28622548,322,0.1262,0.8577,5.2318,0.1322,,,,1036,44,0.277,0.792
alice,0,28622548,323,0.109,0.8426,5.1694,0.1322,,,,1037,56,0.263,0.689
alice,0,28622548,324,0.1212,0.8408,5.1607,0.1322,,,,1037,53,0.264,0.719
alice,0,28622548,325,0.109,0.8415,5.1569,0.1322,,,,1031,73,0.249,0.683
alice,0,28622548,326,0.099,0.8632,5.2756,0.1322,,,,1034,64,0.267,0.794
alice,0,28622548,327,0.1258,0.8433,4.9781,0.1322,,,,1056,39,0.282,0.8
alice,0,28622548,328,0.0968,0.8825,5.2225,0.1322,,,,1034,41,0.267,0.728
alice,0,28622548,329,0.0802,0.8489,5.1331,0.1322,,,,1045,48,0.271,0.77
alice,0,28622548,330,0.13,0.8475,5.0167,0.1322,,,,1036,48,0.258,0.672
alice,0,28622548,331,0.0649,0.8532,4.877,0.1322,,,,1053,55,0.246,0.732
alice,0,28622548,332,0.063,0.9163,5.1671,0.1322,,,,1035,48,0.26,0.704
alice,0,28622548,333,0.1178,0.9368,5.2585,0.1322,,,,1042,32,0.272,0.718
alice,0,28622548,334,0.1378,0.9135,5.1723,0.1322,,,,1043,49,0.268,0.678
alice,0,28622548,335,0.0707,0.9026,5.1207,0.1322,,,,1027,68,0.238,0.663
alice,0,28622548,336,0.0856,0.9257,5.3162,0.1322,,,,1040,49,0.26,0.681
alice,0,28622548,337,0.1315,0.8848,5.2487,0.1322,,,,1027,66,0.27,0.742
alice,0,28622548,338,0.115,0.8964,5.2051,0.1322,,,,1045,39,0.274,0.786
alice,0,28622548,339,0.0977,0.8806,5.0448,0.1322,,,,1044,63,0.263,0.756
alice,0,28622548,340,0.1333,0.9156,5.2132,0.1322,,,,1048,38,0.291,0.746
alice,0,28622548,341,0.1358,0.8917,5.0738,0.1322,,,,1041,37,0.275,0.717
alice,0,28622548,342,0.1014,0.8952,5.0323,0.1322,,,,1052,38,0.263,0.759
alice,0,28622548,343,0.0722,0.8743,5.0281,0.1322,,,,1043,61,0.256,0.774
alice,0,28622548,344,0.069,0.8901,5.2312,0.1322,,,,1014,104,0.25,0.813
alice,0,28622548,345,0.1114,0.8926,5.1901,0.1322,,,,1039,65,0.268,0.776
alice,0,28622548,346,0.1255,0.9336,5.2595,0.1322,,,,1031,31,0.285,0.763
alice,0,28622548,347,0.0984,0.9089,5.2233,0.1322,,,,1044,47,0.283,0.726
alice,0,28622548,348,0.1521,0.8698,5.0,0.1322,,,,1053,49,0.283,0.74
alice,0,28622548,349,0.053,0.8872,5.0886,0.1322,,,,1034,62,0.248,0.721
alice,0,28622548,350,0.0919,0.8941,5.0868,0.1322,,,,1056,27,0.288,0.771
alice,0,28622548,351,0.1245,0.8914,5.2051,0.1322,,,,1042,35,0.281,0.806
alice,0,28622548,352,0.1421,0.9018,5.3196,0.1322,,,,1039,24,0.305,0.761
alice,0,28622548,353,0.1188,0.8701,5.0224,0.1322,,,,1037,57,0.267,0.716
alice,0,28622548,354,0.1209,0.8709,5.1221,0.1322,,,,1035,63,0.272,0.85
alice,0,28622548,355,0.1385,0.8742,5.3202,0.1322,,,,1039,43,0.286,0.749
alice,0,28622548,356,0.1311,0.884,5.2237,0.1322,,,,1044,21,0.287,0.817
alice,0,28622548,357,0.1766,0.8704,5.2185,0.1322,,,,1032,57,0.27,0.774
alice,0,28622548,358,0.0577,0.8687,5.041,0.1322,,,,1023,104,0.244,0.859
alice,0,28622548,359,0.0676,0.8452,4.9002,0.1322,,,,1023,131,0.213,0.736
alice,0,28622548,360,0.1377,0.855,5.0275,0.1322,,,,1046,91,0.252,0.733
alice,0,28622548,361,0.1298,0.8923,5.1858,0.1322,,,,1043,43,0.265,0.688
alice,0,28622548,362,0.1303,0.8968,5.0844,0.1322,,,,1040,56,0.267,0.781
alice,0,28622548,363,0.1207,0.8583,5.1299,0.1322,,,,1048,67,0.256,0.843
alice,0,28622548,364,0.1384,0.8935,5.345,0.1322,,,,1032,41,0.284,0.742
alice,0,28622548,365,0.1358,0.884,5.0956,0.1322,,,,1049,35,0.266,0.838
alice,0,28622548,366,0.0886,0.858,5.1456,0.1322,,,,1039,64,0.252,0.69
alice,0,28622548,367,0.1105,0.8894,5.1207,0.1322,,,,1045,40,0.276,0.852
alice,0,28622548,368,0.1256,0.9167,5.2473,0.1322,,,,1050,24,0.29,0.741
alice,0,28622548,369,0.1035,0.8529,5.0053,0.1322,,,,1042,33,0.283,0.791
alice,0,28622548,370,0.1183,0.8573,5.1273,0.1322,,,,1057,32,0.282,0.841
alice,0,28622548,371,0.125,0.8775,5.2104,0.1322,,,,1039,32,0.276,0.817
alice,0,28622548,372,0.0991,0.8802,5.0077,0.1322,,,,1042,35,0.272,0.744
alice,0,28622548,373,0.1578,0.8778,5.0512,0.1322,,,,1046,42,0.286,0.75
alice,0,28622548,374,0.0862,0.8829,5.1071,0.1322,,,,1038,44,0.282,0.805
alice,0,28622548,375,0.1155,0.8972,5.1571,0.1322,,,,1047,32,0.295,0.807
alice,0,28622548,376,0.1658,0.9219,5.3528,0.1322,,,,1037,27,0.306,0.753
alice,0,28622548,377,0.1135,0.9184,5.2839,0.1322,,,,1040,28,0.281,0.759
alice,0,28622548,378,0.12,0.8683,5.0627,0.1322,,,,1048,42,0.279,0.845
alice,0,28622548,379,0.1508,0.8788,5.0844,0.1322,,,,1039,62,0.284,0.838
alice,0,28622548,380,0.0495,0.8887,5.0151,0.1322,,,,1046,63,0.245,0.834
alice,0,28622548,381,0.0771,0.9021,5.1045,0.1322,,,,1050,25,0.277,0.771
alice,0,28622548,382,0.1318,0.9033,5.2506,0.1322,,,,1042,26,0.302,0.781
alice,0,28622548,383,0.1127,0.8779,4.905,0.1322,,,,1028,73,0.267,0.725
alice,0,28622548,384,0.0746,0.9238,4.9579,0.1322,,,,1038,63,0.258,0.702
alice,0,28622548,385,0.1178,0.9222,5.2019,0.1322,,,,1048,48,0.287,0.821
alice,0,28622548,386,0.1812,0.873,5.0872,0.1322,,,,1064,29,0.297,0.746
alice,0,28622548,387,0.0929,0.8556,5.053,0.1322,,,,1053,30,0.279,0.717
alice,0,28622548,388,0.1184,0.8877,5.2487,0.1322,,,,1034,35,0.293,0.767
alice,0,28622548,389,0.1125,0.9101,5.231,0.1322,,,,1034,31,0.3,0.748
alice,0,28622548,390,0.124,0.8877,5.101,0.1322,,,,1047,45,0.294,0.727
alice,0,28622548,391,0.1114,0.8851,5.0697,0.1322,,,,1052,29,0.291,0.743
alice,0,28622548,392,0.1191,0.8979,5.1734,0.1322,,,,1043,48,0.28,0.801
alice,0,28622548,393,0.0928,0.87,5.0025,0.1322,,,,1054,42,0.276,0.838
alice,0,28622548,394,0.1099,0.8665,5.0594,0.1322,,,,1034,65,0.25,0.789
alice,0,28622548,395,0.0802,0.8735,4.9395,0.1322,,,,1045,59,0.251,0.675
alice,0,28622548,396,0.098,0.9245,5.0744,0.1322,,,,1048,42,0.269,0.832
alice,0,28622548,397,0.1036,0.9029,5.0398,0.1322,,,,1056,29,0.286,0.786
alice,0,28622548,398,0.1189,0.9184,5.0934,0.1322,,,,1051,26,0.277,0.79
alice,0,28622548,399,0.1017,0.8895,5.101,0.1322,,,,1042,41,0.274,0.877
alice,0,28622548,400,0.0945,0.9142,5.1658,0.1322,,,,1046,35,0.286,0.764
alice,0,28622548,401,0.1212,0.9281,5.1645,0.1322,,,,1049,35,0.289,0.913
alice,0,28622548,402,0.1126,0.8642,4.9615,0.1322,,,,1051,30,0.294,0.727
alice,0,28622548,403,0.097,0.895,5.2277,0.1322,,,,1039,38,0.298,0.76
alice,0,28622548,404,0.1075,0.9234,5.2753,0.1322,,,,1053,22,0.306,0.717
alice,0,28622548,405,0.112,0.9062,5.0667,0.1322,,,,1050,27,0.296,0.67
alice,0,28622548,406,0.099,0.8962,5.067,0.1322,,,,1052,32,0.288,0.722
alice,0,28622548,407,0.0892,0.8876,4.8872,0.1322,,,,1059,38,0.281,0.762
alice,0,28622548,408,0.1047,0.8948,4.9797,0.1322,,,,1054,45,0.293,0.719
alice,0,28622548,409,0.0811,0.8904,4.89,0.1322,,,,1049,34,0.288,0.763
alice,0,28622548,410,0.0951,0.9056,5.065,0.1322,,,,1060,24,0.287,0.834
alice,0,28622548,411,0.1086,0.848,4.7392,0.1322,,,,1069,35,0.295,0.801
alice,0,28622548,412,0.0996,0.8723,4.9767,0.1322,,,,1050,27,0.299,0.771
alice,0,28622548,413,0.1022,0.9347,5.2005,0.1322,,,,1037,25,0.301,0.809
alice,0,28622548,414,0.0983,0.9072,5.0932,0.1322,,,,1056,21,0.297,0.812
alice,0,28622548,415,0.0782,0.9442,5.2124,0.1322,,,,1035,46,0.27,0.785
alice,0,28622548,416,0.0868,0.8909,4.9672,0.1322,,,,1052,38,0.284,0.782
alice,0,28622548,417,0.1,0.9333,4.948,0.1322,,,,1052,29,0.296,0.84
alice,0,28622548,418,0.065,0.8578,4.7279,0.1322,,,,1063,34,0.278,0.754
alice,0,28622548,419,0.0614,0.9352,5.1429,0.1322,,,,1044,26,0.286,0.84
alice,0,28622548,420,0.0729,0.935,5.0802,0.1322,,,,1050,39,0.287,0.779
alice,0,28622548,421,0.115,0.915,5.1168,0.1322,,,,1049,28,0.3,0.816
alice,0,28622548,422,0.0878,0.9358,5.2857,0.1322,,,,1048,20,0.306,0.796
alice,0,28622548,423,0.0865,0.8953,5.0838,0.1322,,,,1061,14,0.3,0.689
alice,0,28622548,424,0.0728,0.8942,5.1675,0.1322,,,,1047,26,0.299,0.692
alice,0,28622548,425,0.0807,0.9007,5.0742,0.1322,,,,1051,28,0.29,0.706
alice,0,28622548,426,0.0864,0.8649,4.8325,0.1322,,,,1050,36,0.291,0.769
alice,0,28622548,427,0.0998,0.9039,5.0887,0.1322,,,,1054,21,0.299,0.741
alice,0,28622548,428,0.1023,0.8551,4.8206,0.1322,,,,1064,23,0.311,0.861
alice,0,28622548,429,0.1486,0.8152,4.8966,0.1322,,,,1071,28,0.294,0.835
alice,0,28622548,430,0.0574,0.8738,5.1348,0.1322,,,,1037,28,0.27,0.776
alice,0,28622548,431,0.0793,0.8568,5.0078,0.1322,,,,1054,44,0.27,0.773
alice,0,28622548,432,0.1007,0.8496,4.8026,0.1322,,,,1060,42,0.268,0.741
alice,0,28622548,433,0.0901,0.86,5.0618,0.1322,,,,1054,31,0.286,0.674
alice,0,28622548,434,0.0922,0.8277,4.9642,0.1322,,,,1054,35,0.283,0.707
alice,0,28622548,435,0.0985,0.8634,5.1047,0.1322,,,,1043,34,0.29,0.717
alice,0,28622548,436,0.0959,0.8716,4.9171,0.1322,,,,1049,29,0.291,0.806
alice,0,28622548,437,0.1233,0.8588,5.0701,0.1322,,,,1052,30,0.278,0.812
alice,0,28622548,438,0.1038,0.8316,4.976,0.1322,,,,1053,38,0.277,0.777
alice,0,28622548,439,0.1004,0.8302,4.9213,0.1322,,,,1058,29,0.288,0.773
alice,0,28622548,440,0.1105,0.8331,4.9866,0.1322,,,,1065,28,0.287,0.707
alice,0,28622548,441,0.1089,0.8218,4.9526,0.1322,,,,1049,37,0.272,0.731
alice,0,28622548,442,0.0763,0.7971,4.8211,0.1322,,,,1057,36,0.274,0.802
alice,0,28622548,443,0.0735,0.8668,4.9731,0.1322,,,,1047,40,0.291,0.839
alice,0,28622548,444,0.1108,0.845,4.934,0.1322,,,,1050,25,0.295,0.747
alice,0,28622548,445,0.0946,0.8739,5.1314,0.1322,,,,1054,26,0.291,0.754
alice,0,28622548,446,0.1009,0.836,4.8736,0.1322,,,,1058,44,0.283,0.886
alice,0,28622548,447,0.0718,0.8429,5.0388,0.1322,,,,1047,34,0.283,0.738
alice,0,28622548,448,0.0819,0.8692,5.0217,0.1322,,,,1050,30,0.289,0.772
alice,0,28622548,449,0.0776,0.8714,4.9474,0.1322,,,,1057,24,0.292,0.815
alice,0,28622548,450,0.1045,0.868,4.9841,0.1322,,,,1056,29,0.29,0.825
alice,0,28622548,451,0.0819,0.8793,5.0318,0.1322,,,,1049,29,0.301,0.851
alice,0,28622548,452,0.0924,0.9126,5.0916,0.1322,,,,1044,27,0.302,0.872
alice,0,28622548,453,0.0839,0.883,4.8358,0.1322,,,,1063,23,0.289,0.8
alice,0,28622548,454,0.0955,0.8865,4.8985,0.1322,,,,1062,29,0.303,0.796
alice,0,28622548,455,0.1169,0.8637,4.8837,0.1322,,,,1063,25,0.303,0.842
alice,0,28622548,456,0.0838,0.8372,4.772,0.1322,,,,1053,37,0.296,0.813
alice,0,28622548,457,0.1044,0.8607,4.9713,0.1322,,,,1056,29,0.295,0.86
alice,0,28622548,458,0.1222,0.8465,4.782,0.1322,,,,1069,13,0.307,0.787
alice,0,28622548,459,0.0773,0.8828,4.8731,0.1322,,,,1057,28,0.294,0.821
alice,0,28622548,460,0.12,0.8449,4.9866,0.1322,,,,1066,23,0.298,0.772
alice,0,28622548,461,0.1114,0.8679,5.0275,0.1322,,,,1051,15,0.303,0.91
alice,0,28622548,462,0.1054,0.8341,5.0247,0.1322,,,,1054,32,0.29,0.778
alice,0,28622548,463,0.1045,0.8625,4.7409,0.1322,,,,1056,24,0.298,0.748
alice,0,28622548,464,0.0948,0.8663,4.8689,0.1322,,,,1055,21,0.3,0.948
alice,0,28622548,465,0.0771,0.8666,4.8734,0.1322,,,,1058,30,0.289,0.959
alice,0,28622548,466,0.0932,0.8781,4.8345,0.1322,,,,1059,37,0.296,0.783
alice,0,28622548,467,0.1354,0.88,5.0344,0.1322,,,,1047,35,0.296,0.755
alice,0,28622548,468,0.0798,0.8551,4.8402,0.1322,,,,1074,25,0.297,0.738
alice,0,28622548,469,0.1232,0.8815,4.8491,0.1322,,,,1058,23,0.305,0.74
alice,0,28622548,470,0.0643,0.8857,4.7694,0.1322,,,,1057,36,0.28,0.741
alice,0,28622548,471,0.1113,0.9222,5.1114,0.1322,,,,1048,32,0.292,0.801
alice,0,28622548,472,0.0904,0.9055,4.9716,0.1322,,,,1053,35,0.301,0.828
alice,0,28622548,473,0.1373,0.8991,4.9322,0.1322,,,,1063,31,0.312,1.038
alice,0,28622548,474,0.0797,0.9028,5.1471,0.1322,,,,1053,35,0.272,0.805
alice,0,28622548,475,0.1174,0.9006,5.15,0.1322,,,,1052,23,0.297,0.852
alice,0,28622548,476,0.1258,0.8505,4.8988,0.1322,,,,1065,25,0.302,0.766
alice,0,28622548,477,0.1237,0.8499,4.83,0.1322,,,,1061,26,0.291,0.878
alice,0,28622548,478,0.1109,0.8522,5.0558,0.1322,,,,1053,28,0.297,0.763
alice,0,28622548,479,0.1283,0.8267,4.765,0.1322,,,,1065,30,0.298,0.829
alice,0,28622548,480,0.1075,0.8264,4.6275,0.1322,,,,1074,40,0.297,0.743
alice,0,28622548,481,0.0893,0.8462,4.8035,0.1322,,,,1053,55,0.271,0.728
alice,0,28622548,482,0.0653,0.8543,4.9563,0.1322,,,,1037,83,0.242,0.772
alice,0,28622548,483,0.0709,0.8393,4.7039,0.1322,,,,1040,113,0.216,0.85
alice,0,28622548,484,0.0975,0.7914,4.6751,0.1322,,,,1022,165,0.206,0.685
alice,0,28622548,485,0.1278,0.889,5.0945,0.1322,,,,1053,66,0.252,0.676
alice,0,28622548,486,0.1149,0.847,4.88,0.1322,,,,1059,49,0.275,0.737
alice,0,28622548,487,0.1035,0.803,4.549,0.1322,,,,1067,48,0.274,0.877
alice,0,28622548,488,0.1231,0.8521,4.8168,0.1322,,,,1063,32,0.297,0.688
alice,0,28622548,489,0.1367,0.8663,5.0077,0.1322,,,,1056,17,0.301,0.916
alice,0,28622548,490,0.1172,0.8113,4.6617,0.1322,,,,1067,36,0.278,0.752
alice,0,28622548,491,0.1165,0.8673,5.0253,0.1322,,,,1057,22,0.287,0.764
alice,0,28622548,492,0.1401,0.8679,5.0177,0.1322,,,,1048,36,0.282,0.896
alice,0,28622548,493,0.1252,0.8556,4.9261,0.1322,,,,1061,43,0.292,0.742
alice,0,28622548,494,0.1249,0.8309,4.674,0.1322,,,,1074,32,0.308,0.757
alice,0,28622548,495,0.1319,0.852,4.8446,0.1322,,,,1059,25,0.314,0.876
alice,0,28622548,496,0.1154,0.8295,4.8107,0.1322,,,,1067,41,0.29,0.736
alice,0,28622548,497,0.1142,0.813,4.732,0.1322,,,,1049,51,0.286,0.942
alice,0,28622548,498,0.1279,0.8266,4.8462,0.1322,,,,1060,41,0.287,0.788
alice,0,28622548,499,0.1042,0.7858,4.5226,0.1322,,,,1073,49,0.287,0.753
alice,0,28622548,500,0.0949,0.8366,4.7481,0.1322,,,,1072,32,0.287,0.759
alice,0,28622548,501,0.1156,0.8437,4.856,0.1322,,,,1054,35,0.297,0.857
alice,0,28622548,502,0.0983,0.8422,4.7596,0.1322,,,,1060,27,0.296,0.775
alice,0,28622548,503,0.1141,0.8443,4.8075,0.1322,,,,1054,28,0.298,0.761
alice,0,28622548,504,0.0687,0.8582,4.4762,0.1322,,,,1042,86,0.254,0.741
alice,0,28622548,505,0.1146,0.83,4.3527,0.1322,,,,1084,94,0.258,0.763
alice,0,28622548,506,0.085,0.8243,4.4747,0.1322,,,,1076,83,0.281,0.724
alice,0,28622548,507,0.0895,0.8565,4.7722,0.1322,,,,1063,59,0.288,0.908
alice,0,28622548,508,0.1274,0.8358,4.7167,0.1322,,,,1068,36,0.282,0.834
alice,0,28622548,509,0.098,0.8261,4.7568,0.1322,,,,1068,36,0.287,0.845
alice,0,28622548,510,0.0927,0.8977,5.015,0.1322,,,,1045,28,0.297,0.745
alice,0,28622548,511,0.0965,0.8676,4.9428,0.1322,,,,1065,36,0.289,0.712
alice,0,28622548,512,0.0941,0.8658,4.841,0.1322,,,,1062,41,0.285,0.848
alice,0,28622548,513,0.07,0.8337,4.7947,0.1322,,,,1068,33,0.287,0.748
alice,0,28622548,514,0.1143,0.8345,4.8871,0.1322,,,,1062,27,0.289,0.773
alice,0,28622548,515,0.0663,0.8303,4.5774,0.1322,,,,1049,54,0.28,0.774
alice,0,28622548,516,0.1001,0.7953,4.5291,0.1322,,,,1076,39,0.292,0.855
alice,0,28622548,517,0.1207,0.8115,4.7352,0.1322,,,,1063,36,0.3,0.811
alice,0,28622548,518,0.1166,0.8147,4.7391,0.1322,,,,1064,30,0.298,0.758
alice,0,28622548,519,0.1197,0.8191,4.8586,0.1322,,,,1070,25,0.297,0.833
alice,0,28622548,520,0.0959,0.8169,4.9477,0.1322,,,,1047,39,0.296,0.867
alice,0,28622548,521,0.0985,0.8008,4.7467,0.1322,,,,1051,45,0.295,0.773
alice,0,28622548,522,0.113,0.8099,4.752,0.1322,,,,1061,34,0.3,0.767
alice,0,28622548,523,0.1018,0.8378,4.7544,0.1322,,,,1057,31,0.298,0.757
alice,0,28622548,524,0.1234,0.8159,4.7111,0.1322,,,,1063,33,0.303,0.746
alice,0,28622548,525,0.1,0.8283,4.6917,0.1322,,,,1066,28,0.283,0.923
alice,0,28622548,526,0.1045,0.8262,4.7243,0.1322,,,,1072,39,0.299,0.809
alice,0,28622548,527,0.123,0.8307,4.7726,0.1322,,,,1063,39,0.306,0.842
alice,0,28622548,528,0.1062,0.8331,4.8127,0.1322,,,,1051,37,0.285,0.777
alice,0,28622548,529,0.095,0.8111,4.505,0.1322,,,,1068,40,0.308,0.808
alice,0,28622548,530,0.1038,0.8583,4.7702,0.1322,,,,1058,38,0.303,0.882
alice,0,28622548,531,0.1026,0.8726,4.7975,0.1322,,,,1065,21,0.3,0.85
alice,0,28622548,532,0.0931,0.8437,4.801,0.1322,,,,1050,50,0.29,0.826
alice,0,28622548,533,0.1175,0.8901,5.1474,0.1322,,,,1052,41,0.304,0.725
alice,0,28622548,534,0.0941,0.8722,4.9541,0.1322,,,,1063,18,0.303,0.88
alice,0,28622548,535,0.1176,0.8615,4.9003,0.1322,,,,1065,17,0.316,0.785
alice,0,28622548,536,0.0949,0.8048,4.6804,0.1322,,,,1062,37,0.302,0.765
alice,0,28622548,537,0.0971,0.7921,4.6156,0.1322,,,,1061,43,0.291,0.878
alice,0,28622548,538,0.1181,0.8297,4.8478,0.1322,,,,1054,41,0.292,0.689
alice,0,28622548,539,0.0954,0.8367,4.9866,0.1322,,,,1055,33,0.295,0.849
alice,0,28622548,540,0.091,0.8335,4.6234,0.1322,,,,1063,21,0.312,0.818
alice,0,28622548,541,0.1134,0.8325,4.5429,0.1322,,,,1061,45,0.304,0.829
alice,0,28622548,542,0.0885,0.8335,4.7397,0.1322,,,,1071,48,0.289,0.81
alice,0,28622548,543,0.1088,0.815,4.5844,0.1322,,,,1074,41,0.299,0.882
alice,0,28622548,544,0.1342,0.8312,4.8601,0.1322,,,,1052,50,0.31,0.834
alice,0,28622548,545,0.0879,0.8319,4.8066,0.1322,,,,1051,31,0.283,0.771
alice,0,28622548,546,0.1427,0.8769,5.1018,0.1322,,,,1050,23,0.306,0.718
alice,0,28622548,547,0.1048,0.8342,4.8096,0.1322,,,,1064,28,0.28,0.764
alice,0,28622548,548,0.116,0.8751,4.976,0.1322,,,,1061,28,0.286,0.75
alice,0,28622548,549,0.1451,0.868,5.0296,0.1322,,,,1052,35,0.317,0.797
alice,0,28622548,550,0.101,0.8742,5.1872,0.1322,,,,1045,39,0.297,0.844
alice,0,28622548,551,0.1114,0.8217,4.8604,0.1322,,,,1058,39,0.303,0.763
alice,0,28622548,552,0.1148,0.8615,4.8274,0.1322,,,,1064,33,0.296,0.825
alice,0,28622548,553,0.1015,0.8625,4.8731,0.1322,,,,1050,32,0.286,0.772
alice,0,28622548,554,0.0895,0.8439,4.6683,0.1322,,,,1057,47,0.279,0.761
alice,0,28622548,555,0.1524,0.8424,4.8903,0.1322,,,,1066,29,0.319,0.755
alice,0,28622548,556,0.1364,0.8528,4.87,0.1322,,,,1054,27,0.309,0.803
alice,0,28622548,557,0.1273,0.8452,4.784,0.1322,,,,1061,40,0.3,0.815
alice,0,28622548,558,0.147,0.83,4.7961,0.1322,,,,1075,24,0.297,0.873
alice,0,28622548,559,0.1114,0.8258,4.5521,0.1322,,,,1077,20,0.296,0.761
alice,0,28622548,560,0.0945,0.8207,4.701,0.1322,,,,1069,30,0.298,0.778
alice,0,28622548,561,0.1318,0.7986,4.5118,0.1322,,,,1077,33,0.307,0.742
alice,0,28622548,562,0.12,0.8204,4.7847,0.1322,,,,1071,26,0.305,0.829
alice,0,28622548,563,0.1221,0.8079,4.6496,0.1322,,,,1066,25,0.3,0.798
alice,0,28622548,564,0.0939,0.803,4.5472,0.1322,,,,1065,53,0.283,0.822
alice,0,28622548,565,0.1222,0.7796,4.4493,0.1322,,,,1076,37,0.284,0.853
alice,0,28622548,566,0.089,0.8067,4.4137,0.1322,,,,1065,41,0.281,0.865
alice,0,28622548,567,0.1155,0.7813,4.1907,0.1322,,,,1093,54,0.274,0.744
alice,0,28622548,568,0.0776,0.8446,4.533,0.1322,,,,1071,54,0.268,0.85
alice,0,28622548,569,0.1398,0.8709,4.7336,0.1322,,,,1071,26,0.304,0.834
alice,0,28622548,570,0.0813,0.8545,4.5344,0.1322,,,,1072,27,0.287,0.861
alice,0,28622548,571,0.108,0.8434,4.7389,0.1322,,,,1053,62,0.274,0.821
alice,0,28622548,572,0.1308,0.8331,4.5571,0.1322,,,,1078,64,0.285,0.83
alice,0,28622548,573,0.1233,0.851,4.8558,0.1322,,,,1053,56,0.278,0.817
alice,0,28622548,574,0.134,0.873,4.7728,0.1322,,,,1062,33,0.294,0.779
alice,0,28622548,575,0.1279,0.8302,4.53,0.1322,,,,1082,35,0.295,0.841
alice,0,28622548,576,0.1094,0.849,4.6903,0.1322,,,,1078,30,0.285,0.823
alice,0,28622548,577,0.0986,0.8204,4.5902,0.1322,,,,1080,32,0.296,0.873
alice,0,28622548,578,0.0957,0.8113,4.5061,0.1322,,,,1066,37,0.297,0.803
alice,0,28622548,579,0.135,0.8084,4.77,0.1322,,,,1074,26,0.295,0.758
alice,0,28622548,580,0.1064,0.8151,4.7012,0.1322,,,,1065,34,0.265,0.714
alice,0,28622548,581,0.1119,0.8255,4.8441,0.1322,,,,1064,25,0.274,0.897
alice,0,28622548,582,0.0893,0.8478,4.6372,0.1322,,,,1062,48,0.276,0.787
alice,0,28622548,583,0.1056,0.843,4.5558,0.1322,,,,1080,34,0.301,0.815
alice,0,28622548,584,0.1338,0.8386,4.8117,0.1322,,,,1078,25,0.321,0.953
alice,0,28622548,585,0.1134,0.8137,4.5954,0.1322,,,,1064,49,0.293,0.838
alice,0,28622548,586,0.1253,0.8094,4.5245,0.1322,,,,1072,23,0.3,0.788
alice,0,28622548,587,0.1411,0.8397,4.7277,0.1322,,,,1059,22,0.295,0.793
alice,0,28622548,588,0.1156,0.8555,4.9177,0.1322,,,,1062,24,0.26,0.81
alice,0,28622548,589,0.1304,0.8762,5.0145,0.1322,,,,1052,24,0.267,0.741
alice,0,28622548,590,0.1423,0.869,4.9783,0.1322,,,,1062,24,0.29,0.724
alice,0,28622548,591,0.1061,0.8914,5.0685,0.1322,,,,1060,19,0.293,0.754
alice,0,28622548,592,0.1272,0.84,4.6302,0.1322,,,,1076,21,0.314,0.845
alice,0,28622548,593,0.1349,0.9057,4.9879,0.1322,,,,1057,15,0.318,0.84
alice,0,28622548,594,0.0924,0.8996,4.8779,0.1322,,,,1065,23,0.293,0.78
alice,0,28622548,595,0.1338,0.8866,4.9238,0.1322,,,,1065,20,0.315,0.783
alice,0,28622548,596,0.1151,0.8698,4.7313,0.1322,,,,1067,28,0.308,0.806
alice,0,28622548,597,0.1173,0.8699,4.7855,0.1322,,,,1069,24,0.296,0.718
alice,0,28622548,598,0.1089,0.9045,4.8253,0.1322,,,,1067,16,0.317,0.807
alice,0,28622548,599,0.0986,0.8826,4.7959,0.1322,,,,1065,31,0.296,0.873
alice,0,28622548,600,0.1159,0.8996,5.0523,0.1322,,,,1059,22,0.298,0.749
alice,0,28622548,601,0.1025,0.8283,4.7007,0.1322,,,,1077,36,0.306,0.779
alice,0,28622548,602,0.1292,0.8133,4.5154,0.1322,,,,1084,19,0.304,0.798
alice,0,28622548,603,0.096,0.8527,4.764,0.1322,,,,1070,17,0.297,0.799
alice,0,28622548,604,0.1002,0.8316,4.643,0.1322,,,,1072,29,0.304,0.846
alice,0,28622548,605,0.127,0.8385,4.7132,0.1322,,,,1064,35,0.306,0.719
alice,0,28622548,606,0.1078,0.8494,4.7641,0.1322,,,,1070,19,0.304,0.762
alice,0,28622548,607,0.1055,0.8454,4.7581,0.1322,,,,1067,15,0.295,0.731
alice,0,28622548,608,0.118,0.8483,4.8593,0.1322,,,,1058,23,0.302,0.752
alice,0,28622548,609,0.1097,0.8233,4.548,0.1322,,,,1078,24,0.289,0.803
alice,0,28622548,610,0.1231,0.7884,4.4316,0.1322,,,,1099,26,0.29,0.754
alice,0,28622548,611,0.1048,0.8078,4.646,0.1322,,,,1067,31,0.298,0.765
alice,0,28622548,612,0.131,0.8506,4.7321,0.1322,,,,1071,19,0.299,0.739
alice,0,28622548,613,0.0886,0.8246,4.5849,0.1322,,,,1073,36,0.287,0.753
alice,0,28622548,614,0.1037,0.8763,4.8409,0.1322,,,,1070,27,0.307,0.775
alice,0,28622548,615,0.1393,0.8472,4.7129,0.1322,,,,1092,21,0.319,0.785
alice,0,28622548,616,0.0994,0.8013,4.5873,0.1322,,,,1075,29,0.296,0.749
alice,0,28622548,617,0.1254,0.8101,4.6581,0.1322,,,,1075,23,0.312,0.807
alice,0,28622548,618,0.1018,0.8058,4.6432,0.1322,,,,1071,30,0.309,0.765
alice,0,28622548,619,0.1094,0.7967,4.3881,0.1322,,,,1075,35,0.306,0.805
alice,0,28622548,620,0.1222,0.8369,4.6049,0.1322,,,,1074,17,0.303,0.732
alice,0,28622548,621,0.0906,0.8278,4.6683,0.1322,,,,1069,30,0.291,0.726
alice,0,28622548,622,0.0993,0.8226,4.5145,0.1322,,,,1084,25,0.301,0.845
alice,0,28622548,623,0.1261,0.8429,4.7864,0.1322,,,,1075,10,0.32,0.747
alice,0,28622548,624,0.084,0.8481,4.841,0.1322,,,,1061,22,0.293,0.794
alice,0,28622548,625,0.1062,0.8246,4.6769,0.1322,,,,1064,24,0.304,0.772
alice,0,28622548,626,0.0961,0.7908,4.408,0.1322,,,,1086,31,0.313,0.74
alice,0,28622548,627,0.1427,0.8169,4.5294,0.1322,,,,1076,20,0.308,0.805
alice,0,28622548,628,0.0868,0.8201,4.6632,0.1322,,,,1068,22,0.278,0.846
alice,0,28622548,629,0.1112,0.8214,4.6494,0.1322,,,,1075,20,0.307,0.75
alice,0,28622548,630,0.0963,0.8092,4.7203,0.1322,,,,1063,20,0.332,0.795
alice,0,28622548,631,0.1371,0.8366,4.6954,0.1322,,,,1064,15,0.342,0.823
alice,0,28622548,632,0.0791,0.8333,4.7117,0.1322,,,,1080,20,0.311,0.863
alice,0,28622548,633,0.1199,0.8269,4.7232,0.1322,,,,1063,19,0.312,0.823
alice,0,28622548,634,0.1039,0.8343,4.5639,0.1322,,,,1074,20,0.315,0.745
alice,0,28622548,635,0.0777,0.8328,4.5639,0.1322,,,,1069,31,0.297,0.816
alice,0,28622548,636,0.1215,0.8228,4.5825,0.1322,,,,1080,25,0.317,0.754
alice,0,28622548,637,0.1013,0.8527,4.7772,0.1322,,,,1064,17,0.31,0.877
alice,0,28622548,638,0.1009,0.8282,4.7348,0.1322,,,,1063,22,0.305,0.739
alice,0,28622548,639,0.0962,0.8678,4.6723,0.1322,,,,1061,29,0.31,0.754
alice,0,28622548,640,0.0826,0.8461,4.4329,0.1322,,,,1082,27,0.295,0.717
alice,0,28622548,641,0.1282,0.8933,4.8034,0.1322,,,,1069,31,0.303,0.81
alice,0,28622548,642,0.0767,0.8684,4.6954,0.1322,,,,1057,49,0.287,0.872
alice,0,28622548,643,0.1093,0.896,4.6861,0.1322,,,,1067,31,0.309,0.883
alice,0,28622548,644,0.1149,0.8915,4.6548,0.1322,,,,1089,24,0.312,0.842
alice,0,28622548,645,0.1161,0.905,4.9614,0.1322,,,,1068,19,0.304,0.756
alice,0,28622548,646,0.1031,0.9149,4.9187,0.1322,,,,1055,25,0.301,0.847
alice,0,28622548,647,0.1204,0.8493,4.5833,0.1322,,,,1090,25,0.318,0.782
alice,0,28622548,648,0.0795,0.8478,4.5918,0.1322,,,,1070,46,0.286,0.776
alice,0,28622548,649,0.0733,0.9294,4.7126,0.1322,,,,1065,28,0.301,0.75
alice,0,28622548,650,0.1184,0.8826,4.3833,0.1322,,,,1097,19,0.312,0.825
alice,0,28622548,651,0.0405,0.915,4.6125,0.1322,,,,1063,36,0.294,0.793
alice,0,28622548,652,0.0931,0.8924,4.4283,0.1322,,,,1084,28,0.309,0.819
alice,0,28622548,653,0.0958,0.8874,4.4481,0.1322,,,,1079,51,0.282,0.771
alice,0,28622548,654,0.1215,0.8107,4.3222,0.1322,,,,1093,46,0.294,0.81
alice,0,28622548,655,0.0945,0.8246,4.3959,0.1322,,,,1096,28,0.292,0.882
alice,0,28622548,656,0.1294,0.8563,4.5083,0.1322,,,,1089,31,0.3,0.76
alice,0,28622548,657,0.074,0.8231,4.4231,0.1322,,,,1077,37,0.285,0.795
alice,0,28622548,658,0.1192,0.8528,4.7418,0.1322,,,,1069,30,0.31,0.83
alice,0,28622548,659,0.0766,0.8495,4.4976,0.1322,,,,1075,33,0.291,0.782
alice,0,28622548,660,0.1039,0.8341,4.4988,0.1322,,,,1075,33,0.321,0.803
alice,0,28622548,661,0.0785,0.8336,4.3699,0.1322,,,,1085,21,0.32,0.79
alice,0,28622548,662,0.1178,0.8516,4.5262,0.1322,,,,1078,26,0.308,0.801
alice,0,28622548,663,0.0944,0.8166,4.3119,0.1322,,,,1092,32,0.308,0.981
alice,0,28622548,664,0.1151,0.8566,4.5205,0.1322,,,,1087,27,0.296,0.788
alice,0,28622548,665,0.0743,0.8142,4.2662,0.1322,,,,1076,51,0.282,0.998
alice,0,28622548,666,0.1254,0.8268,4.3628,0.1322,,,,1090,39,0.316,0.805
alice,0,28622548,667,0.1051,0.8245,4.2495,0.1322,,,,1099,33,0.32,0.797
alice,0,28622548,668,0.0927,0.838,4.2854,0.1322,,,,1092,29,0.306,0.842
alice,0,28622548,669,0.1231,0.8451,4.6244,0.1322,,,,1082,31,0.289,0.745
alice,0,28622548,670,0.1014,0.8173,4.5877,0.1322,,,,1082,36,0.281,0.761
alice,0,28622548,671,0.1147,0.8074,4.7608,0.1322,,,,1071,37,0.287,0.764
alice,0,28622548,672,0.1047,0.8216,4.6838,0.1322,,,,1065,32,0.296,0.883
alice,0,28622548,673,0.0897,0.7905,4.4393,0.1322,,,,1075,38,0.28,0.701
alice,0,28622548,674,0.103,0.7797,4.346,0.1322,,,,1084,32,0.288,0.824
alice,0,28622548,675,0.116,0.8138,4.5841,0.1322,,,,1069,26,0.307,0.771
alice,0,28622548,676,0.0881,0.8172,4.4492,0.1322,,,,1064,38,0.292,0.819
alice,0,28622548,677,0.1113,0.8673,4.7642,0.1322,,,,1075,17,0.299,0.829
alice,0,28622548,678,0.1055,0.8405,4.4139,0.1322,,,,1085,32,0.301,0.885
alice,0,28622548,679,0.1154,0.826,4.553,0.1322,,,,1075,48,0.297,0.894
alice,0,28622548,680,0.0953,0.8221,4.5843,0.1322,,,,1091,27,0.29,0.791
alice,0,28622548,681,0.1084,0.8517,4.6667,0.1322,,,,1072,25,0.294,0.765
alice,0,28622548,682,0.0861,0.8826,4.8274,0.1322,,,,1057,47,0.284,0.776
alice,0,28622548,683,0.1206,0.8493,4.5806,0.1322,,,,1087,28,0.318,0.873
alice,0,28622548,684,0.0971,0.8432,4.2867,0.1322,,,,1091,26,0.307,0.779
alice,0,28639573,685,0.2784,0.9768,4.7452,0.1322,,,,1085,94,0.286,0.846
alice,0,28639573,686,0.1352,0.8867,4.2654,0.1322,,,,1060,161,0.241,0.812
alice,0,28639573,687,0.1399,0.8255,4.1724,0.1322,,,,988,328,0.205,0.848
alice,0,28639573,688,0.1565,0.7334,4.3951,0.1322,,,,943,451,0.169,0.946
alice,0,28639573,689,0.1814,0.5987,3.8376,0.1322,,,,918,557,0.146,0.821
alice,0,28639573,690,0.1854,0.6022,3.9898,0.1322,,,,930,528,0.15,0.84
alice,0,28639573,691,0.1666,0.5745,3.8287,0.1322,,,,956,502,0.15,0.727
alice,0,28639573,692,0.1827,0.5919,3.8089,0.1322,,,,992,416,0.165,0.799
alice,0,28639573,693,0.1612,0.649,4.134,0.1322,,,,997,323,0.17,0.824
alice,0,28639573,694,0.1693,0.6286,4.0895,0.1322,,,,996,354,0.172,0.932
alice,0,28639573,695,0.1522,0.6338,4.0879,0.1322,,,,995,331,0.17,0.856
alice,0,28639573,696,0.1912,0.6219,3.9104,0.1322,,,,1010,293,0.164,0.811
alice,0,28639573,697,0.1451,0.6237,3.8792,0.1322,,,,999,311,0.169,0.945
alice,0,28639573,698,0.1496,0.6949,4.5686,0.1322,,,,983,324,0.168,0.889
alice,0,28639573,699,0.155,0.6643,4.1849,0.1322,,,,1004,301,0.172,0.925
alice,0,28639573,700,0.1447,0.615,4.1311,0.1322,,,,988,336,0.171,0.893
alice,0,28639573,701,0.1061,0.681,4.4125,0.1322,,,,990,306,0.176,0.975
alice,0,28639573,702,0.1038,0.6105,4.1757,0.1322,,,,973,377,0.163,0.836
alice,0,28639573,703,0.1256,0.6114,4.0844,0.1322,,,,1008,331,0.165,0.993
alice,0,28639573,704,0.0976,0.6339,4.1862,0.1322,,,,994,336,0.174,0.993
alice,0,28639573,705,0.101,0.6326,4.2196,0.1322,,,,994,326,0.172,0.937
alice,0,28639573,706,0.0989,0.6838,4.3106,0.1322,,,,955,351,0.169,0.829
alice,0,28639573,707,0.1156,0.6583,4.2464,0.1322,,,,986,351,0.16,0.778
alice,0,28639573,708,0.103,0.6793,4.2222,0.1322,,,,981,322,0.171,0.948
alice,0,28639573,709,0.1266,0.6893,4.261,0.1322,,,,1008,293,0.175,1.007
alice,0,28639573,710,0.1036,0.6878,4.2075,0.1322,,,,982,331,0.171,0.914
alice,0,28639573,711,0.1131,0.6965,4.4019,0.1322,,,,995,313,0.17,0.889
alice,0,28639573,712,0.1047,0.677,4.3518,0.1322,,,,964,347,0.168,0.869
alice,0,28639573,713,0.1063,0.6902,4.3636,0.1322,,,,986,346,0.171,0.876
alice,0,28639573,714,0.1133,0.656,4.3382,0.1322,,,,973,360,0.167,0.859
alice,0,28639573,715,0.114,0.7262,4.5313,0.1322,,,,1003,272,0.174,0.896
alice,0,28639573,716,0.1194,0.6672,4.4258,0.1322,,,,987,316,0.178,0.92
alice,0,28639573,717,0.1205,0.691,4.5012,0.1322,,,,976,302,0.184,0.8
alice,0,28639573,718,0.1199,0.6768,4.3466,0.1322,,,,1001,309,0.178,0.791
alice,0,28639573,719,0.1247,0.6713,4.5249,0.1322,,,,985,316,0.177,0.975
alice,0,28639573,720,0.1059,0.724,4.6182,0.1322,,,,1000,282,0.188,0.924
alice,0,28639573,721,0.109,0.6398,4.3112,0.1322,,,,976,336,0.181,0.89
alice,0,28639573,722,0.1186,0.6841,4.2871,0.1322,,,,1000,289,0.18,0.961
alice,0,28639573,723,0.1297,0.6037,4.1222,0.1322,,,,992,341,0.178,0.919
alice,0,28639573,724,0.1114,0.647,4.2039,0.1322,,,,1013,286,0.189,0.835
alice,0,28639573,725,0.1161,0.6416,4.2746,0.1322,,,,1004,266,0.189,0.763
alice,0,28639573,726,0.1263,0.651,4.4309,0.1322,,,,1007,256,0.185,0.936
alice,0,28639573,727,0.1205,0.672,4.3416,0.1322,,,,1015,229,0.189,0.947
alice,0,28639573,728,0.1125,0.6548,4.2652,0.1322,,,,1010,263,0.183,0.915
alice,0,28639573,729,0.0982,0.6576,4.2964,0.1322,,,,1003,283,0.184,0.9
alice,0,28639573,730,0.1017,0.6146,4.105,0.1322,,,,1001,298,0.178,0.93
alice,0,28639573,731,0.0998,0.6374,4.0572,0.1322,,,,989,298,0.18,0.936
alice,0,28639573,732,0.1164,0.6851,4.2488,0.1322,,,,1020,254,0.187,0.798
alice,0,28639573,733,0.1165,0.6905,4.3285,0.1322,,,,989,283,0.183,0.968
alice,0,28639573,734,0.1223,0.7091,4.4881,0.1322,,,,1004,277,0.18,0.952
alice,0,28639573,735,0.1073,0.7001,4.2431,0.1322,,,,1015,254,0.183,1.02
alice,0,28639573,736,0.105,0.7145,4.3125,0.1322,,,,1014,265,0.189,0.971
alice,0,28639573,737,0.1076,0.7005,4.2512,0.1322,,,,1013,254,0.183,0.836
alice,0,28639573,738,0.1254,0.6672,4.2399,0.1322,,,,1030,255,0.186,0.869
alice,0,28639573,739,0.115,0.6786,4.3706,0.1322,,,,1022,249,0.18,0.858
alice,0,28639573,740,0.1221,0.683,4.3532,0.1322,,,,1011,251,0.185,0.914
alice,0,28639573,741,0.116,0.6205,3.9951,0.1322,,,,1055,216,0.188,0.758
alice,0,28639573,742,0.1135,0.6737,4.2339,0.1322,,,,1010,230,0.189,0.895
alice,0,28639573,743,0.1063,0.6637,4.3199,0.1322,,,,993,280,0.179,0.774
alice,0,28639573,744,0.1145,0.6918,4.327,0.1322,,,,1006,257,0.182,0.793
alice,0,28639573,745,0.1193,0.6938,4.4482,0.1322,,,,1009,259,0.192,0.827
alice,0,28639573,746,0.1232,0.7102,4.4252,0.1322,,,,1013,240,0.187,0.868
alice,0,28639573,747,0.1256,0.7214,4.5936,0.1322,,,,1005,257,0.182,0.924
alice,0,28639573,748,0.1243,0.6905,4.4331,0.1322,,,,1017,241,0.182,0.856
alice,0,28639573,749,0.1144,0.6873,4.2766,0.1322,,,,1040,216,0.201,0.819
alice,0,28639573,750,0.0932,0.6854,4.3139,0.1322,,,,993,266,0.195,0.971
alice,0,28639573,751,0.1198,0.6883,4.3019,0.1322,,,,1036,212,0.195,0.843
alice,0,28639573,752,0.1147,0.6769,4.1211,0.1322,,,,1032,227,0.189,0.998
alice,0,28639573,753,0.0929,0.7545,4.4835,0.1322,,,,1026,213,0.196,0.868
alice,0,28639573,754,0.0973,0.7296,4.3595,0.1322,,,,1016,213,0.198,0.862
alice,0,28639573,755,0.1133,0.7554,4.3725,0.1322,,,,1028,213,0.199,0.9
alice,0,28639573,756,0.1353,0.7439,4.6307,0.1322,,,,1004,245,0.199,0.913
alice,0,28639573,757,0.1134,0.7354,4.493,0.1322,,,,1011,241,0.198,0.839
alice,0,28639573,758,0.1286,0.6611,4.2958,0.1322,,,,1028,260,0.2,0.888
alice,0,28639573,759,0.1106,0.6842,4.2278,0.1322,,,,1008,220,0.191,0.929
alice,0,28639573,760,0.1188,0.6886,4.3515,0.1322,,,,1030,235,0.195,0.89
alice,0,28639573,761,0.1281,0.6858,4.2933,0.1322,,,,1016,211,0.202,0.819
alice,0,28639573,762,0.1109,0.6847,4.4053,0.1322,,,,1021,251,0.197,0.935
alice,0,28639573,763,0.1227,0.6818,4.1077,0.1322,,,,1051,194,0.208,0.857
alice,0,28639573,764,0.0881,0.7279,4.3938,0.1322,,,,994,238,0.207,0.878
alice,0,28639573,765,0.1192,0.7539,4.3638,0.1322,,,,1029,202,0.211,0.915
alice,0,28639573,766,0.1242,0.7748,4.557,0.1322,,,,1023,201,0.21,0.763
alice,0,28639573,767,0.0931,0.7664,4.4629,0.1322,,,,1020,210,0.205,0.859
alice,0,28639573,768,0.0922,0.7218,4.2729,0.1322,,,,1040,220,0.206,0.899
alice,0,28639573,769,0.1432,0.7237,4.5048,0.1322,,,,1046,181,0.206,0.904
alice,0,28639573,770,0.1089,0.6919,4.3086,0.1322,,,,1034,189,0.21,0.825
alice,0,28639573,771,0.1053,0.7063,4.491,0.1322,,,,1031,190,0.216,0.903
alice,0,28639573,772,0.113,0.7288,4.3457,0.1322,,,,1044,144,0.22,0.892
alice,0,28639573,773,0.1122,0.7208,4.4025,0.1322,,,,1037,169,0.216,0.872
alice,0,28639573,774,0.1067,0.6905,4.1892,0.1322,,,,1037,203,0.203,0.827
alice,0,28639573,775,0.1127,0.6943,4.2821,0.1322,,,,1039,182,0.217,0.98
alice,0,28639573,776,0.0993,0.688,4.1053,0.1322,,,,1042,176,0.214,0.901
alice,0,28639573,777,0.1096,0.7096,4.3073,0.1322,,,,1035,179,0.211,0.865
alice,0,28639573,778,0.1162,0.6676,4.317,0.1322,,,,1022,229,0.197,0.868
alice,0,28639573,779,0.1036,0.6375,4.1797,0.1322,,,,1032,230,0.202,0.782
alice,0,28639573,780,0.1129,0.6422,4.0765,0.1322,,,,1048,198,0.208,0.891
alice,0,28639573,781,0.0966,0.695,4.154,0.1322,,,,1050,170,0.211,0.895
alice,0,28639573,782,0.1045,0.724,4.3176,0.1322,,,,1034,165,0.222,0.966
alice,0,28639573,783,0.1152,0.6709,4.2239,0.1322,,,,1036,190,0.216,0.931
alice,0,28639573,784,0.0982,0.7434,4.3238,0.1322,,,,1023,184,0.205,1.037
alice,0,28639573,785,0.1107,0.7401,4.4023,0.1322,,,,1041,194,0.208,0.848
alice,0,28639573,786,0.1142,0.719,4.3431,0.1322,,,,1032,188,0.212,0.84
alice,0,28639573,787,0.1132,0.7164,4.4596,0.1322,,,,1029,188,0.217,1.06
alice,0,28639573,788,0.1053,0.7086,4.466,0.1322,,,,1015,213,0.208,0.823
alice,0,28639573,789,0.1105,0.6944,4.2823,0.1322,,,,1029,196,0.213,1.088
alice,0,28639573,790,0.126,0.6943,4.2822,0.1322,,,,1069,171,0.214,0.876
alice,0,28639573,791,0.0877,0.6552,3.947,0.1322,,,,1029,186,0.198,0.957
alice,0,28639573,792,0.1007,0.7028,4.4103,0.1322,,,,1027,196,0.203,0.829
alice,0,28639573,793,0.1058,0.694,4.4067,0.1322,,,,1034,191,0.211,0.857
alice,0,28639573,794,0.0904,0.6447,3.9878,0.1322,,,,1028,211,0.199,0.849
alice,0,28639573,795,0.1018,0.7042,4.2156,0.1322,,,,1032,208,0.198,0.786
alice,0,28639573,796,0.1288,0.6864,4.1823,0.1322,,,,1046,178,0.206,0.872
alice,0,28639573,797,0.114,0.6869,4.2167,0.1322,,,,1039,184,0.208,0.907
alice,0,28639573,798,0.1248,0.6819,4.125,0.1322,,,,1052,167,0.216,0.963
alice,0,28639573,799,0.1064,0.7319,4.4511,0.1322,,,,1028,179,0.214,0.866
alice,0,28639573,800,0.1189,0.728,4.3536,0.1322,,,,1046,170,0.222,0.822
alice,0,28639573,801,0.1356,0.7334,4.4388,0.1322,,,,1052,161,0.215,0.772
alice,0,28639573,802,0.0828,0.7043,4.2365,0.1322,,,,1022,212,0.199,0.952
alice,0,28639573,803,0.1136,0.729,4.3463,0.1322,,,,1040,177,0.217,0.885
alice,0,28639573,804,0.12,0.7118,4.2518,0.1322,,,,1032,163,0.228,0.822
alice,0,28639573,805,0.1162,0.7376,4.4323,0.1322,,,,1042,143,0.225,0.835
alice,0,28639573,806,0.117,0.7222,4.3221,0.1322,,,,1045,168,0.216,0.914
alice,0,28639573,807,0.1102,0.7523,4.4512,0.1322,,,,1034,150,0.224,0.839
alice,0,28639573,808,0.0972,0.7207,4.464,0.1322,,,,1035,181,0.213,0.804
alice,0,28639573,809,0.1151,0.7033,4.2104,0.1322,,,,1064,150,0.217,0.929
alice,0,28639573,810,0.1157,0.7745,4.4799,0.1322,,,,1038,144,0.217,0.788
alice,0,28639573,811,0.1005,0.7564,4.4642,0.1322,,,,1033,152,0.214,0.835
alice,0,28639573,812,0.1141,0.7476,4.4681,0.1322,,,,1047,144,0.219,0.854
alice,0,28639573,813,0.1076,0.7544,4.5533,0.1322,,,,1027,145,0.226,0.828
alice,0,28639573,814,0.1121,0.746,4.5802,0.1322,,,,1037,153,0.224,0.821
alice,0,28639573,815,0.1021,0.7189,4.2905,0.1322,,,,1037,179,0.217,0.903
alice,0,28639573,816,0.1061,0.781,4.4744,0.1322,,,,1055,128,0.233,0.868
alice,0,28639573,817,0.1065,0.7753,4.7257,0.1322,,,,1031,142,0.244,0.92
alice,0,28639573,818,0.104,0.7547,4.3944,0.1322,,,,1044,135,0.233,0.822
alice,0,28639573,819,0.1042,0.7576,4.4192,0.1322,,,,1055,153,0.229,0.855
alice,0,28639573,820,0.0956,0.7828,4.5349,0.1322,,,,1041,137,0.229,0.741
alice,0,28639573,821,0.0925,0.7444,4.4123,0.1322,,,,1031,167,0.214,0.856
alice,0,28639573,822,0.1127,0.784,4.4516,0.1322,,,,1058,127,0.23,0.918
alice,0,28639573,823,0.1145,0.7737,4.6942,0.1322,,,,1038,123,0.236,0.775
alice,0,28639573,824,0.1169,0.7435,4.4209,0.1322,,,,1043,137,0.227,0.806
alice,0,28639573,825,0.1133,0.7445,4.3736,0.1322,,,,1064,127,0.239,0.777
alice,0,28639573,826,0.1021,0.7571,4.5383,0.1322,,,,1031,166,0.21,0.769
alice,0,28639573,827,0.1075,0.6887,4.2644,0.1322,,,,1037,221,0.202,0.808
alice,0,28639573,828,0.0975,0.6829,4.0474,0.1322,,,,1039,192,0.197,0.707
alice,0,28639573,829,0.1138,0.7024,4.1944,0.1322,,,,1047,212,0.192,0.678
alice,0,28639573,830,0.1021,0.7024,4.3024,0.1322,,,,1034,204,0.191,0.876
alice,0,28639573,831,0.0986,0.7091,4.3719,0.1322,,,,1042,174,0.196,0.766
alice,0,28639573,832,0.0906,0.6905,4.3139,0.1322,,,,1019,206,0.2,0.983
alice,0,28639573,833,0.0972,0.6996,4.2923,0.1322,,,,1019,210,0.204,0.783
alice,0,28639573,834,0.1145,0.6896,4.2261,0.1322,,,,1048,212,0.202,0.839
alice,0,28639573,835,0.1299,0.7452,4.4539,0.1322,,,,1039,146,0.214,0.952
alice,0,28639573,836,0.0994,0.7082,4.237,0.1322,,,,1042,189,0.214,1.014
alice,0,28639573,837,0.0927,0.7249,4.2827,0.1322,,,,1029,196,0.208,0.985
alice,0,28639573,838,0.1138,0.721,4.1878,0.1322,,,,1053,173,0.216,0.816
alice,0,28639573,839,0.1232,0.7527,4.4488,0.1322,,,,1042,172,0.219,0.831
alice,0,28639573,840,0.1448,0.7492,4.5513,0.1322,,,,1046,159,0.213,0.828
alice,0,28639573,841,0.1306,0.7061,4.4372,0.1322,,,,1038,176,0.207,0.827
alice,0,28639573,842,0.1178,0.7578,4.3788,0.1322,,,,1028,154,0.217,0.809
alice,0,28639573,843,0.133,0.7213,4.3774,0.1322,,,,1059,178,0.21,0.909
alice,0,28639573,844,0.0936,0.6803,4.1407,0.1322,,,,1047,173,0.214,0.944
alice,0,28639573,845,0.1071,0.7268,4.4456,0.1322,,,,1011,198,0.203,1.009
alice,0,28639573,846,0.0942,0.7255,4.2091,0.1322,,,,1031,193,0.206,0.8
alice,0,28639573,847,0.1163,0.7326,4.2731,0.1322,,,,1049,181,0.214,0.849
alice,0,28639573,848,0.1139,0.7465,4.5072,0.1322,,,,1047,170,0.213,0.794
alice,0,28639573,849,0.1043,0.735,4.2878,0.1322,,,,1051,145,0.219,0.797
alice,0,28639573,850,0.0981,0.7368,4.3357,0.1322,,,,1040,145,0.217,0.796
alice,0,28639573,851,0.1156,0.7113,4.1663,0.1322,,,,1061,154,0.216,0.842
alice,0,28639573,852,0.1054,0.6839,4.1671,0.1322,,,,1039,199,0.202,0.793
alice,0,28639573,853,0.1249,0.7442,4.5075,0.1322,,,,1027,176,0.208,0.991
alice,0,28639573,854,0.1036,0.7044,4.2198,0.1322,,,,1020,196,0.21,0.802
alice,0,28639573,855,0.1194,0.7226,4.4442,0.1322,,,,1042,181,0.21,0.827
alice,0,28639573,856,0.1052,0.716,4.1755,0.1322,,,,1053,158,0.217,0.82
alice,0,28639573,857,0.0946,0.7422,4.3427,0.1322,,,,1045,160,0.214,0.685
alice,0,28639573,858,0.1075,0.737,4.3583,0.1322,,,,1058,126,0.229,0.959
alice,0,28639573,859,0.106,0.7265,4.4672,0.1322,,,,1045,164,0.215,0.706
alice,0,28639573,860,0.12,0.7877,4.5333,0.1322,,,,1062,113,0.238,0.872
alice,0,28639573,861,0.1117,0.7543,4.4455,0.1322,,,,1052,110,0.242,0.79
alice,0,28639573,862,0.1044,0.7431,4.3429,0.1322,,,,1049,142,0.23,0.783
alice,0,28639573,863,0.1267,0.8027,4.7012,0.1322,,,,1039,118,0.238,0.781
alice,0,28639573,864,0.118,0.8169,4.6414,0.1322,,,,1038,116,0.231,0.767
alice,0,28639573,865,0.1091,0.7783,4.5114,0.1322,,,,1056,127,0.233,0.763
alice,0,28639573,866,0.1164,0.7882,4.608,0.1322,,,,1058,102,0.233,0.771
alice,0,28639573,867,0.1077,0.7314,4.2589,0.1322,,,,1057,145,0.228,0.752
alice,0,28639573,868,0.1101,0.782,4.388,0.1322,,,,1059,94,0.248,0.772
alice,0,28639573,869,0.1185,0.7827,4.5244,0.1322,,,,1055,109,0.237,0.757
alice,0,28639573,870,0.121,0.7492,4.4379,0.1322,,,,1053,115,0.225,0.804
alice,0,28639573,871,0.1209,0.708,4.2983,0.1322,,,,1058,133,0.219,1.021
alice,0,28639573,872,0.0873,0.7703,4.5409,0.1322,,,,1047,122,0.234,0.785
alice,0,28639573,873,0.0918,0.7514,4.3218,0.1322,,,,1045,138,0.225,0.9
alice,0,28639573,874,0.1135,0.7646,4.5485,0.1322,,,,1062,112,0.233,0.805
alice,0,28639573,875,0.123,0.7757,4.5333,0.1322,,,,1045,114,0.234,0.813
alice,0,28639573,876,0.1099,0.7322,4.174,0.1322,,,,1067,109,0.222,0.673
alice,0,28639573,877,0.0886,0.757,4.3463,0.1322,,,,1063,124,0.231,0.738
alice,0,28639573,878,0.1024,0.7643,4.388,0.1322,,,,1060,121,0.234,0.934
alice,0,28639573,879,0.1077,0.7342,4.4103,0.1322,,,,1061,134,0.233,0.779
alice,0,28639573,880,0.1047,0.7058,4.1655,0.1322,,,,1073,145,0.224,0.798
alice,0,28639573,881,0.0894,0.6982,4.2015,0.1322,,,,1033,162,0.218,0.786
alice,0,28639573,882,0.121,0.6905,4.1631,0.1322,,,,1078,125,0.22,0.781
alice,0,28639573,883,0.0961,0.7314,4.2998,0.1322,,,,1052,108,0.239,0.842
alice,0,28639573,884,0.1127,0.7667,4.4845,0.1322,,,,1055,116,0.233,0.852
alice,0,28639573,885,0.127,0.7048,4.0374,0.1322,,,,1075,105,0.238,0.771
alice,0,28639573,886,0.1164,0.7633,4.4,0.1322,,,,1059,113,0.23,0.708
alice,0,28639573,887,0.1067,0.7322,4.2556,0.1322,,,,1069,123,0.235,0.868
alice,0,28639573,888,0.1014,0.7638,4.3927,0.1322,,,,1076,112,0.232,0.856
alice,0,28639573,889,0.0987,0.7573,4.42,0.1322,,,,1041,141,0.22,0.937
alice,0,28639573,890,0.1656,0.7561,4.4266,0.1322,,,,1059,128,0.233,0.85
alice,0,28639573,891,0.1192,0.7391,4.2966,0.1322,,,,1060,129,0.219,0.826
alice,0,28639573,892,0.1181,0.7439,4.355,0.1322,,,,1066,120,0.224,0.865
alice,0,28639573,893,0.1176,0.7604,4.3866,0.1322,,,,1061,112,0.236,0.783
alice,0,28639573,894,0.1315,0.7654,4.5482,0.1322,,,,1065,107,0.238,0.765
alice,0,28639573,895,0.1321,0.7424,4.4387,0.1322,,,,1057,108,0.227,0.791
alice,0,28639573,896,0.1257,0.6622,4.0374,0.1322,,,,1055,166,0.208,0.733
alice,0,28639573,897,0.1293,0.7559,4.4499,0.1322,,,,1039,138,0.214,0.753
alice,0,28639573,898,0.1217,0.7491,4.4587,0.1322,,,,1062,146,0.215,0.963
alice,0,28639573,899,0.109,0.7232,4.2414,0.1322,,,,1051,174,0.204,0.781
alice,0,28639573,900,0.1426,0.7292,4.3705,0.1322,,,,1050,163,0.21,0.858
alice,0,28639573,901,0.1207,0.6925,4.3417,0.1322,,,,1036,190,0.205,1.201
alice,0,28639573,902,0.1168,0.6923,4.1456,0.1322,,,,1064,150,0.207,0.843
alice,0,28639573,903,0.1088,0.6695,4.0752,0.1322,,,,1045,200,0.201,0.782
alice,0,28639573,904,0.0945,0.71,4.2086,0.1322,,,,1050,147,0.214,0.852
alice,0,28639573,905,0.098,0.7335,4.3915,0.1322,,,,1030,175,0.208,0.873
alice,0,28639573,906,0.1054,0.7474,4.2627,0.1322,,,,1030,182,0.202,0.776
alice,0,28639573,907,0.1234,0.7153,4.2506,0.1322,,,,1054,195,0.201,0.808
alice,0,28639573,908,0.1109,0.7479,4.1703,0.1322,,,,1071,158,0.199,0.64
alice,0,28639573,909,0.0943,0.83,4.6267,0.1322,,,,1045,115,0.221,0.79
alice,0,28639573,910,0.1024,0.7881,4.4637,0.1322,,,,1061,116,0.23,0.776
alice,0,28639573,911,0.1151,0.7833,4.4489,0.1322,,,,1049,142,0.218,0.69
alice,0,28639573,912,0.109,0.7453,4.3271,0.1322,,,,1057,177,0.209,0.696
alice,0,28639573,913,0.0773,0.7126,4.1106,0.1322,,,,1083,144,0.219,0.809
alice,0,28639573,914,0.0895,0.6691,3.8333,0.1322,,,,1066,132,0.218,0.774
alice,0,28639573,915,0.0924,0.7582,4.3014,0.1322,,,,1057,137,0.228,0.773
alice,0,28639573,916,0.0876,0.7555,4.3341,0.1322,,,,1054,130,0.223,0.825
alice,0,28639573,917,0.1013,0.7504,4.3612,0.1322,,,,1071,107,0.24,0.665
alice,0,28639573,918,0.1047,0.7403,4.1742,0.1322,,,,1064,99,0.244,0.765
alice,0,28639573,919,0.0871,0.7742,4.4115,0.1322,,,,1062,108,0.246,0.923
alice,0,28639573,920,0.0866,0.769,4.4796,0.1322,,,,1061,113,0.237,0.731
alice,0,28639573,921,0.0928,0.7454,4.399,0.1322,,,,1046,134,0.229,0.678
alice,0,28639573,922,0.0978,0.7559,4.3674,0.1322,,,,1062,123,0.237,0.852
alice,0,28639573,923,0.1052,0.8402,4.6475,0.1322,,,,1062,65,0.257,0.695
alice,0,28639573,924,0.1346,0.8182,4.6109,0.1322,,,,1054,97,0.251,0.742
alice,0,28639573,925,0.1045,0.8031,4.5378,0.1322,,,,1057,97,0.235,0.728
alice,0,28639573,926,0.1152,0.8013,4.5359,0.1322,,,,1065,88,0.25,0.727
alice,0,28639573,927,0.1177,0.7791,4.4543,0.1322,,,,1073,82,0.255,0.755
alice,0,28639573,928,0.1387,0.7783,4.387,0.1322,,,,1067,96,0.246,0.77
alice,0,28639573,929,0.1258,0.7329,4.3205,0.1322,,,,1082,80,0.252,0.783
alice,0,28639573,930,0.11,0.7784,4.2729,0.1322,,,,1079,73,0.248,0.709
alice,0,28639573,931,0.1314,0.7932,4.509,0.1322,,,,1054,100,0.25,0.828
alice,0,28639573,932,0.0928,0.7175,4.0377,0.1322,,,,1102,100,0.24,0.705
alice,0,28639573,933,0.1017,0.7368,4.1902,0.1322,,,,1086,100,0.238,0.752
alice,0,28639573,934,0.0971,0.7505,4.3099,0.1322,,,,1076,97,0.239,0.898
alice,0,28639573,935,0.1058,0.7407,4.3576,0.1322,,,,1054,104,0.241,0.707
alice,0,28639573,936,0.1425,0.7233,4.3718,0.1322,,,,1066,117,0.235,0.709
alice,0,28639573,937,0.0982,0.7547,4.3107,0.1322,,,,1068,100,0.243,0.796
alice,0,28639573,938,0.0977,0.7489,4.2691,0.1322,,,,1087,100,0.249,0.759
alice,0,28639573,939,0.1284,0.7267,4.3172,0.1322,,,,1078,100,0.245,0.899
alice,0,28639573,940,0.125,0.7396,4.4885,0.1322,,,,1046,111,0.242,1.021
alice,0,28639573,941,0.1292,0.7044,4.2165,0.1322,,,,1069,114,0.239,0.758
alice,0,28639573,942,0.1283,0.745,4.2884,0.1322,,,,1065,114,0.24,0.874
alice,0,28639573,943,0.093,0.7567,4.3239,0.1322,,,,1062,104,0.24,0.797
alice,0,28639573,944,0.1076,0.7428,4.3908,0.1322,,,,1063,112,0.243,0.825
alice,0,28639573,945,0.1148,0.7586,4.4361,0.1322,,,,1061,99,0.258,0.846
alice,0,28639573,946,0.1152,0.721,4.1686,0.1322,,,,1076,96,0.261,0.816
alice,0,28639573,947,0.1202,0.7424,4.4029,0.1322,,,,1072,98,0.247,0.881
alice,0,28639573,948,0.1217,0.7357,4.2905,0.1322,,,,1071,90,0.262,0.881
alice,0,28639573,949,0.0945,0.7832,4.522,0.1322,,,,1064,76,0.259,0.786
alice,0,28639573,950,0.0863,0.7673,4.4024,0.1322,,,,1055,96,0.258,0.74
alice,0,28639573,951,0.108,0.7736,4.3895,0.1322,,,,1075,89,0.261,0.766
alice,0,28639573,952,0.0921,0.7795,4.4014,0.1322,,,,1071,80,0.254,0.75
alice,0,28639573,953,0.0924,0.7822,4.2668,0.1322,,,,1071,82,0.255,0.759
alice,0,28639573,954,0.1048,0.8201,4.6019,0.1322,,,,1054,90,0.257,0.758
alice,0,28639573,955,0.0961,0.7979,4.303,0.1322,,,,1076,91,0.265,0.806
alice,0,28639573,956,0.1138,0.8273,4.5354,0.1322,,,,1081,64,0.268,0.766
alice,0,28639573,957,0.12,0.8008,4.4839,0.1322,,,,1074,71,0.261,0.727
alice,0,28639573,958,0.0785,0.7755,4.3715,0.1322,,,,1058,97,0.26,0.877
alice,0,28639573,959,0.1115,0.7622,4.1898,0.1322,,,,1084,75,0.276,0.829
alice,0,28639573,960,0.1102,0.7716,4.3163,0.1322,,,,1082,79,0.256,0.895
alice,0,28639573,961,0.0993,0.7642,4.2972,0.1322,,,,1072,88,0.248,0.816
alice,0,28639573,962,0.1204,0.7377,4.1905,0.1322,,,,1090,94,0.245,0.726
alice,0,28639573,963,0.1007,0.7417,4.0819,0.1322,,,,1071,89,0.241,0.829
alice,0,28639573,964,0.1106,0.7381,4.2539,0.1322,,,,1069,103,0.241,0.763
alice,0,28639573,965,0.1092,0.7502,4.343,0.1322,,,,1059,112,0.242,0.793
alice,0,28639573,966,0.1282,0.7804,4.2346,0.1322,,,,1104,72,0.246,0.84
alice,0,28639573,967,0.0939,0.745,4.2412,0.1322,,,,1072,117,0.239,0.74
alice,0,28639573,968,0.1187,0.7758,4.3864,0.1322,,,,1077,92,0.257,0.796
alice,0,28639573,969,0.1197,0.8103,4.525,0.1322,,,,1063,80,0.261,0.753
alice,0,28639573,970,0.0927,0.7609,4.3725,0.1322,,,,1082,106,0.244,0.785
alice,0,28639573,971,0.1094,0.7436,4.3656,0.1322,,,,1078,83,0.255,0.991
alice,0,28639573,972,0.1218,0.7203,4.2573,0.1322,,,,1078,80,0.269,0.759
alice,0,28639573,973,0.0956,0.7758,4.3372,0.1322,,,,1063,86,0.255,0.877
alice,0,28639573,974,0.0909,0.813,4.4656,0.1322,,,,1074,67,0.265,0.89
alice,0,28639573,975,0.1104,0.7393,4.3869,0.1322,,,,1070,90,0.267,0.813
alice,0,28639573,976,0.1043,0.7761,4.5499,0.1322,,,,1057,64,0.269,0.683
alice,0,28639573,977,0.0821,0.7473,4.2096,0.1322,,,,1096,73,0.264,1.181
alice,0,28639573,978,0.1146,0.7253,4.1706,0.1322,,,,1088,82,0.262,0.76
alice,0,28639573,979,0.0899,0.7987,4.4842,0.1322,,,,1054,77,0.257,0.709
alice,0,28639573,980,0.1091,0.8317,4.6524,0.1322,,,,1068,62,0.273,0.756
alice,0,28639573,981,0.1151,0.7782,4.3608,0.1322,,,,1074,77,0.264,0.819
alice,0,28639573,982,0.1117,0.7931,4.3704,0.1322,,,,1076,78,0.262,0.778
alice,0,28639573,983,0.1115,0.8122,4.3593,0.1322,,,,1074,66,0.264,0.833
alice,0,28639573,984,0.1005,0.7887,4.3218,0.1322,,,,1076,82,0.258,0.875
alice,0,28639573,985,0.1036,0.8156,4.412,0.1322,,,,1058,77,0.262,0.778
alice,0,28639573,986,0.1185,0.7876,4.2969,0.1322,,,,1091,68,0.262,0.76
alice,0,28639573,987,0.0969,0.8016,4.2857,0.1322,,,,1090,49,0.272,0.762
alice,0,28639573,988,0.0839,0.8306,4.4955,0.1322,,,,1056,82,0.267,0.758
alice,0,28639573,989,0.1194,0.8013,4.408,0.1322,,,,1073,75,0.255,0.752
alice,0,28639573,990,0.1184,0.8319,4.438,0.1322,,,,1066,80,0.258,0.832
alice,0,28639573,991,0.1052,0.8247,4.6132,0.1322,,,,1073,77,0.257,0.658
alice,0,28639573,992,0.1123,0.815,4.692,0.1322,,,,1060,89,0.247,0.801
alice,0,28639573,993,0.1209,0.8101,4.5172,0.1322,,,,1061,79,0.277,0.702
alice,0,28639573,994,0.1252,0.8345,4.7077,0.1322,,,,1080,51,0.277,0.854
alice,0,28639573,995,0.1272,0.7832,4.4512,0.1322,,,,1075,66,0.275,0.817
alice,0,28639573,996,0.0698,0.7553,4.0582,0.1322,,,,1089,86,0.266,0.798
alice,0,28639573,997,0.1058,0.8243,4.6533,0.1322,,,,1058,86,0.27,0.78
alice,0,28639573,998,0.1189,0.7619,4.3467,0.1322,,,,1084,81,0.274,0.934
alice,0,28639573,999,0.1071,0.7651,4.4024,0.1322,,,,1063,75,0.272,0.865
alice,0,28639573,1000,0.1198,0.7551,4.282,0.1322,,,,1066,94,0.267,0.832
alice,0,28639573,1001,0.0851,0.7597,4.0197,0.1322,,,,1089,86,0.266,0.712
alice,0,28639573,1002,0.0909,0.8529,4.5224,0.1322,,,,1070,63,0.273,0.837
alice,0,28639573,1003,0.1188,0.7932,4.5058,0.1322,,,,1070,86,0.268,0.766
alice,0,28639573,1004,0.0859,0.7728,4.3166,0.1322,,,,1078,90,0.264,0.955
alice,0,28639573,1005,0.1045,0.8285,4.5767,0.1322,,,,1069,64,0.292,0.954
alice,0,28639573,1006,0.0812,0.7945,4.366,0.1322,,,,1088,60,0.275,0.767
alice,0,28639573,1007,0.0956,0.7861,4.4279,0.1322,,,,1073,59,0.281,0.986
alice,0,28639573,1008,0.1053,0.7613,4.2692,0.1322,,,,1086,51,0.288,0.821
alice,0,28639573,1009,0.1244,0.7624,4.4677,0.1322,,,,1071,57,0.285,0.812
alice,0,28639573,1010,0.1253,0.73,4.3081,0.1322,,,,1081,59,0.273,0.726
alice,0,28639573,1011,0.1127,0.7646,4.4877,0.1322,,,,1065,55,0.276,0.79
alice,0,28639573,1012,0.1203,0.767,4.4571,0.1322,,,,1074,52,0.274,0.879
alice,0,28639573,1013,0.1245,0.805,4.4482,0.1322,,,,1076,32,0.285,0.741
alice,0,28639573,1014,0.1031,0.8071,4.5103,0.1322,,,,1079,52,0.27,0.801
alice,0,28639573,1015,0.1251,0.7543,4.3044,0.1322,,,,1089,65,0.266,0.808
alice,0,28639573,1016,0.1084,0.7602,4.2342,0.1322,,,,1077,67,0.264,0.81
alice,0,28639573,1017,0.0852,0.7888,4.3257,0.1322,,,,1069,56,0.268,0.869
alice,0,28639573,1018,0.097,0.7483,4.195,0.1322,,,,1088,73,0.273,0.823
alice,0,28639573,1019,0.1139,0.7875,4.3888,0.1322,,,,1066,78,0.275,0.777
alice,0,28639573,1020,0.0835,0.818,4.4978,0.1322,,,,1059,78,0.264,0.847
alice,0,28639573,1021,0.1007,0.767,4.1716,0.1322,,,,1081,69,0.275,0.875
alice,0,28639573,1022,0.1276,0.8018,4.4706,0.1322,,,,1093,47,0.302,0.845
alice,0,28639573,1023,0.1107,0.8163,4.4848,0.1322,,,,1082,52,0.284,0.7
alice,0,28639573,1024,0.1063,0.7917,4.385,0.1322,,,,1083,71,0.271,0.871
alice,0,28639573,1025,0.1078,0.7694,4.2269,0.1322,,,,1074,94,0.263,0.724
alice,0,28639573,1026,0.1171,0.7732,4.3937,0.1322,,,,1084,75,0.283,0.807
alice,0,28639573,1027,0.1089,0.7773,4.4107,0.1322,,,,1068,93,0.263,0.708
alice,0,28642167,1028,0.1564,0.857,4.5066,0.1322,,,,1086,26,0.336,0.739
alice,0,28642167,1029,0.1447,0.8452,4.6221,0.1322,,,,1084,23,0.318,0.759
alice,0,28642167,1030,0.133,0.7762,4.338,0.1322,,,,1080,53,0.296,0.721
alice,0,28642167,1031,0.1475,0.8092,4.7327,0.1322,,,,1077,31,0.309,0.751
alice,0,28642167,1032,0.1028,0.8376,4.775,0.1322,,,,1061,42,0.3,0.737
alice,0,28642167,1033,0.0758,0.8543,4.4828,0.1322,,,,1048,68,0.304,0.733
alice,0,28642167,1034,0.0779,0.8381,4.3708,0.1322,,,,1043,151,0.291,0.821
alice,0,28642167,1035,0.1096,0.7703,4.0379,0.1322,,,,1096,118,0.301,0.892
alice,0,28642167,1036,0.1489,0.809,4.4062,0.1322,,,,1086,41,0.344,0.786
alice,0,28642167,1037,0.097,0.8163,4.7013,0.1322,,,,1059,72,0.289,0.791
alice,0,28642167,1038,0.1153,0.7799,4.7872,0.1322,,,,1050,60,0.293,0.856
alice,0,28642167,1039,0.1048,0.8269,4.6842,0.1322,,,,1065,38,0.317,0.881
alice,0,28642167,1040,0.0849,0.8517,4.5721,0.1322,,,,1063,62,0.272,0.771
alice,0,28642167,1041,0.0854,0.8318,4.4318,0.1322,,,,1096,37,0.292,0.763
alice,0,28642167,1042,0.0998,0.8537,4.6507,0.1322,,,,1064,43,0.301,0.818
alice,0,28642167,1043,0.0816,0.821,4.3946,0.1322,,,,1084,58,0.285,0.733
alice,0,28642167,1044,0.0868,0.8124,4.4753,0.1322,,,,1073,63,0.291,0.794
alice,0,28642167,1045,0.1158,0.7887,4.4276,0.1322,,,,1082,44,0.308,0.924
alice,0,28642167,1046,0.0963,0.8319,4.6626,0.1322,,,,1073,34,0.291,0.768
alice,0,28642167,1047,0.1038,0.8076,4.6691,0.1322,,,,1077,33,0.297,0.754
alice,0,28642167,1048,0.0728,0.8168,4.359,0.1322,,,,1062,66,0.287,0.89
alice,0,28642167,1049,0.0837,0.8118,4.3718,0.1322,,,,1079,64,0.284,0.831
alice,0,28642167,1050,0.1044,0.7725,4.35,0.1322,,,,1068,85,0.285,1.084
alice,0,28642167,1051,0.0805,0.779,4.3073,0.1322,,,,1067,84,0.264,0.851
alice,0,28642167,1052,0.0708,0.8317,4.6667,0.1322,,,,1061,74,0.259,0.933
alice,0,28642167,1053,0.0749,0.8334,4.4837,0.1322,,,,1078,47,0.278,0.917
alice,0,28642167,1054,0.0787,0.8228,4.5035,0.1322,,,,1077,44,0.277,0.863
alice,0,28642167,1055,0.092,0.8159,4.5995,0.1322,,,,1075,53,0.285,1.021
alice,0,28642167,1056,0.0897,0.7798,4.5633,0.1322,,,,1073,42,0.273,0.82
alice,0,28642167,1057,0.0466,0.7581,4.199,0.1322,,,,1073,79,0.254,0.869
alice,0,28642167,1058,0.0605,0.7471,4.4138,0.1322,,,,1064,93,0.25,0.864
alice,0,28642167,1059,0.0982,0.7721,4.5646,0.1322,,,,1060,60,0.276,0.889
alice,0,28642167,1060,0.0966,0.7862,4.6694,0.1322,,,,1052,57,0.271,0.851
alice,0,28642167,1061,0.068,0.7568,4.3342,0.1322,,,,1076,63,0.256,0.867
alice,0,28642167,1062,0.078,0.7768,4.4831,0.1322,,,,1072,59,0.255,0.838
alice,0,28642167,1063,0.0723,0.7817,4.4396,0.1322,,,,1069,58,0.271,0.888
alice,0,28642167,1064,0.0792,0.7847,4.4808,0.1322,,,,1071,36,0.287,0.982
alice,0,28642167,1065,0.0817,0.8035,4.4768,0.1322,,,,1075,29,0.288,0.787
alice,0,28642167,1066,0.0916,0.7954,4.4629,0.1322,,,,1082,41,0.284,0.843
alice,0,28642167,1067,0.067,0.8118,4.4925,0.1322,,,,1072,42,0.283,0.772
alice,0,28642167,1068,0.0779,0.8264,4.4976,0.1322,,,,1081,34,0.28,0.85
alice,0,28642167,1069,0.0725,0.8471,4.5912,0.1322,,,,1070,44,0.276,0.911
alice,0,28642167,1070,0.068,0.8338,4.4726,0.1322,,,,1086,37,0.271,0.819
alice,0,28642167,1071,0.0946,0.8502,4.7057,0.1322,,,,1066,34,0.291,1.004
alice,0,28642167,1072,0.096,0.8557,4.7457,0.1322,,,,1070,18,0.297,0.882
alice,0,28642167,1073,0.1039,0.856,4.6449,0.1322,,,,1062,37,0.277,0.933
alice,0,28642167,1074,0.0824,0.8594,4.4505,0.1322,,,,1081,29,0.281,0.908
alice,0,28642167,1075,0.0791,0.8423,4.6659,0.1322,,,,1073,51,0.275,0.818
alice,0,28642167,1076,0.0857,0.8102,4.4269,0.1322,,,,1085,43,0.273,0.802
alice,0,28642167,1077,0.0991,0.8127,4.4743,0.1322,,,,1081,53,0.271,0.832
alice,0,28642167,1078,0.0818,0.8535,4.7184,0.1322,,,,1054,54,0.273,1.059
alice,0,28642167,1079,0.0949,0.8509,4.8071,0.1322,,,,1066,48,0.287,0.896
alice,0,28642167,1080,0.0925,0.804,4.6659,0.1322,,,,1074,39,0.285,0.975
alice,0,28642167,1081,0.0811,0.8216,4.5779,0.1322,,,,1071,33,0.285,0.835
alice,0,28642167,1082,0.0629,0.8457,4.6532,0.1322,,,,1054,62,0.269,0.897
alice,0,28642167,1083,0.1058,0.8546,4.6481,0.1322,,,,1080,40,0.291,1.02
alice,0,28642167,1084,0.0818,0.8203,4.4814,0.1322,,,,1093,27,0.277,0.837
alice,0,28642167,1085,0.0675,0.7816,4.343,0.1322,,,,1082,49,0.266,0.851
alice,0,28642167,1086,0.0916,0.8185,4.59,0.1322,,,,1074,35,0.278,0.827
alice,0,28642167,1087,0.0754,0.8305,4.6088,0.1322,,,,1064,48,0.271,0.893
alice,0,28642167,1088,0.0778,0.8356,4.5597,0.1322,,,,1084,26,0.273,0.832
alice,0,28642167,1089,0.097,0.8329,4.6132,0.1322,,,,1072,31,0.279,0.961
alice,0,28642167,1090,0.0911,0.8787,4.8568,0.1322,,,,1071,34,0.275,0.811
alice,0,28642167,1091,0.093,0.8642,4.8557,0.1322,,,,1063,36,0.273,0.837
alice,0,28642167,1092,0.0895,0.8275,4.4558,0.1322,,,,1076,38,0.288,1.053
alice,0,28642167,1093,0.0845,0.8669,4.658,0.1322,,,,1066,47,0.283,0.916
alice,0,28642167,1094,0.0946,0.8578,4.6408,0.1322,,,,1072,43,0.278,0.712
alice,0,28642167,1095,0.0807,0.8513,4.7862,0.1322,,,,1069,43,0.27,0.812
alice,0,28642167,1096,0.0845,0.8522,4.7247,0.1322,,,,1059,50,0.268,0.871
alice,0,28642167,1097,0.1031,0.8375,4.669,0.1322,,,,1082,35,0.291,0.944
alice,0,28642167,1098,0.1265,0.7802,4.5231,0.1322,,,,1083,29,0.295,0.828
alice,0,28642167,1099,0.0979,0.7841,4.5073,0.1322,,,,1085,30,0.283,0.901
alice,0,28642167,1100,0.0816,0.8159,4.6472,0.1322,,,,1067,37,0.274,0.75
alice,0,28642167,1101,0.0859,0.7889,4.4235,0.1322,,,,1082,40,0.283,0.86
alice,0,28642167,1102,0.0819,0.8358,4.6376,0.1322,,,,1069,35,0.297,0.985
alice,0,28642167,1103,0.0956,0.8501,4.6582,0.1322,,,,1076,24,0.294,0.858
alice,0,28642167,1104,0.083,0.815,4.4548,0.1322,,,,1088,24,0.291,0.842
alice,0,28642167,1105,0.0911,0.8144,4.4895,0.1322,,,,1087,29,0.282,0.939
alice,0,28642167,1106,0.0784,0.807,4.554,0.1322,,,,1073,39,0.277,0.859
alice,0,28642167,1107,0.0598,0.8592,4.6274,0.1322,,,,1076,34,0.287,0.855
alice,0,28642167,1108,0.0698,0.8361,4.5711,0.1322,,,,1076,27,0.281,0.858
alice,0,28642167,1109,0.0812,0.8417,4.6238,0.1322,,,,1078,24,0.281,0.835
alice,0,28642167,1110,0.0805,0.7936,4.3816,0.1322,,,,1095,32,0.271,0.964
alice,0,28642167,1111,0.0908,0.7807,4.3863,0.1322,,,,1090,29,0.267,0.813
alice,0,28642167,1112,0.0545,0.8014,4.4773,0.1322,,,,1075,49,0.253,0.841
alice,0,28642167,1113,0.0618,0.8453,4.6444,0.1322,,,,1068,47,0.262,0.896
alice,0,28642167,1114,0.0612,0.7853,4.2945,0.1322,,,,1099,47,0.267,0.842
alice,0,28642167,1115,0.0709,0.8111,4.4365,0.1322,,,,1084,34,0.274,0.897
alice,0,28642167,1116,0.0609,0.8022,4.2738,0.1322,,,,1074,41,0.275,0.872
alice,0,28642167,1117,0.0898,0.8469,4.6725,0.1322,,,,1073,28,0.285,0.835
alice,0,28642167,1118,0.0831,0.8217,4.601,0.1322,,,,1067,36,0.268,0.796
alice,0,28642167,1119,0.0743,0.8144,4.5237,0.1322,,,,1075,46,0.28,1.007
alice,0,28642167,1120,0.0829,0.8432,4.6413,0.1322,,,,1075,35,0.277,0.851
alice,0,28642167,1121,0.0772,0.8439,4.6569,0.1322,,,,1070,37,0.282,0.907
alice,0,28642167,1122,0.1028,0.8717,4.879,0.1322,,,,1064,24,0.288,0.85
alice,0,28642167,1123,0.0904,0.8162,4.569,0.1322,,,,1083,32,0.277,0.787
alice,0,28642167,1124,0.0779,0.794,4.3943,0.1322,,,,1081,45,0.269,0.853
alice,0,28642167,1125,0.1058,0.7933,4.5012,0.1322,,,,1086,33,0.277,0.939
alice,0,28642167,1126,0.0781,0.8248,4.5344,0.1322,,,,1064,29,0.286,0.826
alice,0,28642167,1127,0.0887,0.7716,4.2342,0.1322,,,,1104,30,0.282,0.837
alice,0,28642167,1128,0.0841,0.7924,4.4378,0.1322,,,,1083,29,0.264,0.785
alice,0,28642167,1129,0.096,0.7957,4.5174,0.1322,,,,1088,25,0.267,0.836
alice,0,28642167,1130,0.0886,0.8079,4.6634,0.1322,,,,1074,34,0.265,0.97
alice,0,28642167,1131,0.0951,0.826,4.5773,0.1322,,,,1070,33,0.271,0.895
alice,0,28642167,1132,0.0951,0.7664,4.1584,0.1322,,,,1096,44,0.27,0.861
alice,0,28642167,1133,0.0918,0.8187,4.5827,0.1322,,,,1073,46,0.278,0.87
alice,0,28642167,1134,0.0944,0.8297,4.5521,0.1322,,,,1072,37,0.291,0.874
alice,0,28642167,1135,0.0983,0.8408,4.5082,0.1322,,,,1075,31,0.294,0.907
alice,0,28642167,1136,0.1023,0.85,4.6753,0.1322,,,,1071,32,0.296,0.792
alice,0,28642167,1137,0.0986,0.8558,4.7037,0.1322,,,,1074,26,0.285,0.836
alice,0,28642167,1138,0.0968,0.858,4.9084,0.1322,,,,1065,30,0.278,0.86
alice,0,28642167,1139,0.0882,0.8233,4.5771,0.1322,,,,1086,28,0.275,0.778
alice,0,28642167,1140,0.0861,0.826,4.5301,0.1322,,,,1077,25,0.267,0.852
alice,0,28642167,1141,0.1057,0.8355,4.5378,0.1322,,,,1082,25,0.271,0.814
alice,0,28642167,1142,0.0954,0.8184,4.5313,0.1322,,,,1074,35,0.268,0.828
alice,0,28642167,1143,0.0937,0.8362,4.7093,0.1322,,,,1071,39,0.272,0.896
alice,0,28642167,1144,0.0849,0.8242,4.5605,0.1322,,,,1088,33,0.27,0.848
alice,0,28642167,1145,0.0769,0.8417,4.554,0.1322,,,,1075,31,0.264,0.819
alice,0,28642167,1146,0.0779,0.8365,4.6209,0.1322,,,,1074,25,0.278,0.83
alice,0,28642167,1147,0.0869,0.8114,4.5321,0.1322,,,,1088,30,0.277,0.847
alice,0,28642167,1148,0.0899,0.8096,4.4565,0.1322,,,,1076,31,0.272,0.956
alice,0,28642167,1149,0.0767,0.7992,4.5477,0.1322,,,,1078,39,0.26,0.855
alice,0,28642167,1150,0.0749,0.7826,4.3012,0.1322,,,,1074,48,0.269,0.797
alice,0,28642167,1151,0.0896,0.8537,4.6884,0.1322,,,,1076,20,0.282,0.836
alice,0,28642167,1152,0.0763,0.8066,4.3702,0.1322,,,,1095,31,0.268,0.876
alice,0,28642167,1153,0.0613,0.8321,4.5093,0.1322,,,,1084,28,0.272,0.78
alice,0,28642167,1154,0.0696,0.8641,4.4965,0.1322,,,,1082,23,0.282,0.925
alice,0,28642167,1155,0.0801,0.8835,4.8333,0.1322,,,,1070,16,0.276,0.739
alice,0,28642167,1156,0.0665,0.8509,4.6942,0.1322,,,,1075,31,0.269,0.801
alice,0,28642167,1157,0.074,0.816,4.5398,0.1322,,,,1081,32,0.277,0.912
alice,0,28642167,1158,0.0643,0.8104,4.547,0.1322,,,,1082,38,0.267,0.774
alice,0,28642167,1159,0.0753,0.8173,4.6284,0.1322,,,,1074,22,0.272,0.886
alice,0,28642167,1160,0.0824,0.7936,4.589,0.1322,,,,1070,28,0.264,0.788
alice,0,28642167,1161,0.0783,0.8019,4.3595,0.1322,,,,1092,44,0.268,0.779
alice,0,28642167,1162,0.0712,0.7935,4.4352,0.1322,,,,1083,38,0.273,0.881
alice,0,28642167,1163,0.0889,0.7957,4.6921,0.1322,,,,1061,31,0.279,0.986
alice,0,28642167,1164,0.0921,0.8212,4.7171,0.1322,,,,1077,22,0.273,0.835
alice,0,28642167,1165,0.0938,0.836,4.8564,0.1322,,,,1065,34,0.279,0.893
alice,0,28642167,1166,0.0711,0.8318,4.6102,0.1322,,,,1077,21,0.265,0.735
alice,0,28642167,1167,0.0844,0.8445,4.6271,0.1322,,,,1075,22,0.271,0.872
alice,0,28642167,1168,0.0539,0.8384,4.5117,0.1322,,,,1087,28,0.26,0.798
alice,0,28642167,1169,0.0562,0.8143,4.4834,0.1322,,,,1080,30,0.262,0.831
alice,0,28642167,1170,0.0601,0.822,4.4823,0.1322,,,,1080,51,0.26,0.747
alice,0,28642167,1171,0.0875,0.8284,4.773,0.1322,,,,1069,34,0.276,1.064
alice,0,28642167,1172,0.1044,0.7619,4.4282,0.1322,,,,1093,22,0.28,0.825
alice,0,28642167,1173,0.0846,0.7596,4.4619,0.1322,,,,1082,23,0.271,0.797
alice,0,28642167,1174,0.0726,0.784,4.4167,0.1322,,,,1066,30,0.265,0.825
alice,0,28642167,1175,0.0825,0.8132,4.5231,0.1322,,,,1072,28,0.28,0.813
alice,0,28642167,1176,0.0781,0.8206,4.5694,0.1322,,,,1072,40,0.272,0.919
alice,0,28642167,1177,0.0908,0.7825,4.5037,0.1322,,,,1094,22,0.267,0.966
alice,0,28642167,1178,0.0756,0.8084,4.4606,0.1322,,,,1075,24,0.261,0.872
alice,0,28642167,1179,0.0761,0.848,4.6609,0.1322,,,,1075,34,0.27,0.811
alice,0,28642167,1180,0.0838,0.867,4.7827,0.1322,,,,1069,24,0.275,0.789
alice,0,28642167,1181,0.091,0.7914,4.356,0.1322,,,,1092,18,0.289,0.853
alice,0,28642167,1182,0.0691,0.8173,4.5605,0.1322,,,,1084,31,0.269,0.841
alice,0,28642167,1183,0.0694,0.8204,4.7397,0.1322,,,,1067,38,0.268,0.873
alice,0,28642167,1184,0.0835,0.8047,4.6992,0.1322,,,,1072,36,0.277,0.85
alice,0,28642167,1185,0.0706,0.8246,4.6115,0.1322,,,,1067,26,0.271,0.979
alice,0,28642167,1186,0.0599,0.8454,4.7332,0.1322,,,,1075,29,0.27,0.76
alice,0,28642167,1187,0.0706,0.8638,5.0132,0.1322,,,,1052,26,0.274,0.828
alice,0,28642167,1188,0.0638,0.803,4.527,0.1322,,,,1079,35,0.266,0.816
alice,0,28642167,1189,0.0569,0.8423,4.5036,0.1322,,,,1071,30,0.275,0.821
alice,0,28642167,1190,0.075,0.8431,4.58,0.1322,,,,1070,30,0.267,0.79
alice,0,28642167,1191,0.0582,0.8651,4.5908,0.1322,,,,1074,52,0.253,0.949
alice,0,28642167,1192,0.0659,0.8255,4.6024,0.1322,,,,1076,50,0.26,0.687
alice,0,28642167,1193,0.0741,0.834,4.6052,0.1322,,,,1075,33,0.265,0.897
alice,0,28642167,1194,0.0776,0.8221,4.6019,0.1322,,,,1079,36,0.268,0.877
alice,0,28642167,1195,0.0883,0.7959,4.5061,0.1322,,,,1073,40,0.278,0.908
alice,0,28642167,1196,0.0815,0.8047,4.5182,0.1322,,,,1073,40,0.271,0.96
alice,0,28642167,1197,0.0864,0.7975,4.4784,0.1322,,,,1078,39,0.275,0.868
alice,0,28642167,1198,0.0825,0.7891,4.3768,0.1322,,,,1078,45,0.274,0.824
alice,0,28642167,1199,0.1112,0.8126,4.5425,0.1322,,,,1071,33,0.292,0.917
alice,0,28642167,1200,0.1042,0.8182,4.677,0.1322,,,,1065,44,0.288,0.854
alice,0,28642167,1201,0.0771,0.8177,4.3519,0.1322,,,,1098,26,0.279,0.848
alice,0,28642167,1202,0.0665,0.8181,4.6145,0.1322,,,,1074,38,0.27,0.781
alice,0,28642167,1203,0.0556,0.8503,4.5336,0.1322,,,,1083,19,0.272,0.814
alice,0,28642167,1204,0.0577,0.8343,4.522,0.1322,,,,1079,24,0.29,0.87
alice,0,28642167,1205,0.0811,0.8713,4.5598,0.1322,,,,1077,19,0.279,0.843
alice,0,28642167,1206,0.0825,0.8261,4.5205,0.1322,,,,1088,25,0.272,0.808
alice,0,28642167,1207,0.0853,0.8699,4.7067,0.1322,,,,1076,13,0.276,0.765
alice,0,28642167,1208,0.0874,0.8105,4.3385,0.1322,,,,1094,29,0.266,0.931
alice,0,28642167,1209,0.079,0.8389,4.3601,0.1322,,,,1092,30,0.274,0.874
alice,0,28642167,1210,0.0846,0.8743,4.5928,0.1322,,,,1079,33,0.274,0.854
alice,0,28642167,1211,0.0761,0.8628,4.5553,0.1322,,,,1084,34,0.278,0.843
alice,0,28642167,1212,0.0697,0.8764,4.4703,0.1322,,,,1091,27,0.276,0.749
alice,0,28642167,1213,0.0796,0.8922,4.7407,0.1322,,,,1066,40,0.28,0.868
alice,0,28642167,1214,0.0915,0.8862,4.6188,0.1322,,,,1081,26,0.288,0.927
alice,0,28642167,1215,0.0641,0.8729,4.5307,0.1322,,,,1083,23,0.27,0.826
alice,0,28642167,1216,0.0878,0.8777,4.6928,0.1322,,,,1087,24,0.271,0.821
alice,0,28642167,1217,0.0953,0.8638,4.736,0.1322,,,,1083,20,0.269,0.855
alice,0,28642167,1218,0.0933,0.8247,4.5802,0.1322,,,,1077,34,0.277,0.805
alice,0,28642167,1219,0.0925,0.8613,4.6869,0.1322,,,,1077,16,0.273,0.824
alice,0,28642167,1220,0.0717,0.8247,4.5528,0.1322,,,,1083,42,0.268,0.824
alice,0,28642167,1221,0.08,0.8009,4.4622,0.1322,,,,1086,26,0.271,0.783
alice,0,28642167,1222,0.0907,0.8266,4.716,0.1322,,,,1070,27,0.274,0.834
alice,0,28642167,1223,0.0894,0.8184,4.6212,0.1322,,,,1080,30,0.286,0.819
alice,0,28642167,1224,0.0803,0.8265,4.6186,0.1322,,,,1082,15,0.287,0.937
alice,0,28642167,1225,0.0917,0.8033,4.4036,0.1322,,,,1088,26,0.274,0.881
alice,0,28642167,1226,0.0913,0.8402,4.6911,0.1322,,,,1080,20,0.284,0.863
alice,0,28642167,1227,0.0759,0.846,4.7441,0.1322,,,,1076,28,0.274,0.856
alice,0,28642167,1228,0.0857,0.7976,4.4308,0.1322,,,,1095,30,0.267,0.759
alice,0,28642167,1229,0.085,0.7793,4.4685,0.1322,,,,1068,68,0.258,0.786
alice,0,28642167,1230,0.0943,0.8033,4.4596,0.1322,,,,1086,37,0.258,0.884
alice,0,28642167,1231,0.0899,0.831,4.5923,0.1322,,,,1089,26,0.263,0.772
alice,0,28642167,1232,0.0787,0.8116,4.4762,0.1322,,,,1093,21,0.266,0.813
alice,0,28642167,1233,0.0692,0.8325,4.566,0.1322,,,,1081,31,0.273,0.881
alice,0,28642167,1234,0.0748,0.8701,4.6714,0.1322,,,,1063,35,0.267,0.765
alice,0,28642167,1235,0.0844,0.8409,4.5256,0.1322,,,,1096,26,0.269,0.848
alice,0,28642167,1236,0.0764,0.8619,4.6427,0.1322,,,,1071,30,0.284,0.845
alice,0,28642167,1237,0.093,0.8524,4.6182,0.1322,,,,1072,26,0.274,0.895
alice,0,28642167,1238,0.0757,0.9027,4.7588,0.1322,,,,1067,25,0.281,0.794
alice,0,28642167,1239,0.0843,0.8922,4.6159,0.1322,,,,1091,25,0.28,0.843
alice,0,28642167,1240,0.1017,0.8746,4.7085,0.1322,,,,1083,18,0.275,0.758
alice,0,28642167,1241,0.0947,0.8642,4.8365,0.1322,,,,1077,29,0.273,0.824
alice,0,28642167,1242,0.0959,0.8503,4.7506,0.1322,,,,1071,27,0.284,0.902
alice,0,28642167,1243,0.0867,0.8351,4.6627,0.1322,,,,1079,20,0.272,0.862
alice,0,28642167,1244,0.0858,0.8154,4.7647,0.1322,,,,1070,32,0.265,1.034
alice,0,28642167,1245,0.0741,0.8099,4.7351,0.1322,,,,1059,52,0.266,0.829
alice,0,28642167,1246,0.0982,0.8087,4.763,0.1322,,,,1063,39,0.264,0.806
alice,0,28642167,1247,0.0998,0.8315,4.8673,0.1322,,,,1064,31,0.267,0.781
alice,0,28642167,1248,0.0914,0.7844,4.4363,0.1322,,,,1086,28,0.268,0.878
alice,0,28642167,1249,0.1008,0.7941,4.555,0.1322,,,,1078,26,0.281,0.809
alice,0,28642167,1250,0.0987,0.7828,4.7358,0.1322,,,,1073,24,0.278,0.77
alice,0,28642167,1251,0.086,0.7966,4.596,0.1322,,,,1064,35,0.282,0.894
alice,0,28642167,1252,0.0972,0.7757,4.3612,0.1322,,,,1086,25,0.282,0.782
alice,0,28642167,1253,0.0925,0.7813,4.5802,0.1322,,,,1080,22,0.277,0.695
alice,0,28642167,1254,0.0998,0.8046,4.545,0.1322,,,,1077,25,0.283,0.869
alice,0,28642167,1255,0.0816,0.8077,4.4776,0.1322,,,,1080,31,0.275,0.856
alice,0,28642167,1256,0.0731,0.8456,4.5856,0.1322,,,,1075,36,0.267,0.82
alice,0,28642167,1257,0.0864,0.8439,4.6943,0.1322,,,,1083,27,0.279,0.807
alice,0,28642167,1258,0.082,0.8149,4.4653,0.1322,,,,1088,24,0.28,0.779
alice,0,28642167,1259,0.0802,0.8493,4.5708,0.1322,,,,1080,31,0.272,0.861
alice,0,28642167,1260,0.0721,0.8875,4.6771,0.1322,,,,1075,31,0.276,0.897
alice,0,28642167,1261,0.0855,0.849,4.6107,0.1322,,,,1084,23,0.284,0.933
alice,0,28642167,1262,0.1008,0.8464,4.6544,0.1322,,,,1079,23,0.285,0.857
alice,0,28642167,1263,0.0955,0.8044,4.4802,0.1322,,,,1082,41,0.278,0.817
alice,0,28642167,1264,0.0751,0.7727,4.4232,0.1322,,,,1086,39,0.273,0.801
alice,0,28642167,1265,0.0686,0.8102,4.3189,0.1322,,,,1091,26,0.268,0.78
alice,0,28642167,1266,0.0678,0.846,4.529,0.1322,,,,1087,15,0.276,1.079
alice,0,28642167,1267,0.0814,0.7985,4.4452,0.1322,,,,1090,42,0.27,0.871
alice,0,28642167,1268,0.0912,0.8192,4.6077,0.1322,,,,1082,29,0.282,0.792
alice,0,28642167,1269,0.0809,0.7942,4.3814,0.1322,,,,1084,23,0.271,0.779
alice,0,28642167,1270,0.0676,0.836,4.5721,0.1322,,,,1086,25,0.268,0.758
alice,0,28642167,1271,0.0647,0.8156,4.3839,0.1322,,,,1085,40,0.266,0.848
alice,0,28642167,1272,0.0775,0.8697,4.8301,0.1322,,,,1063,25,0.275,0.776
alice,0,28642167,1273,0.0826,0.8355,4.7271,0.1322,,,,1078,25,0.274,0.837
alice,0,28642167,1274,0.0839,0.7896,4.3196,0.1322,,,,1095,32,0.256,0.791
alice,0,28642167,1275,0.08,0.8209,4.6201,0.1322,,,,1085,34,0.27,0.794
alice,0,28642167,1276,0.0757,0.8037,4.4888,0.1322,,,,1072,37,0.277,0.924
alice,0,28642167,1277,0.0664,0.8225,4.4807,0.1322,,,,1077,34,0.261,0.78
alice,0,28642167,1278,0.0834,0.827,4.6472,0.1322,,,,1076,29,0.275,0.834
alice,0,28642167,1279,0.0982,0.7966,4.4024,0.1322,,,,1093,22,0.283,0.806
alice,0,28642167,1280,0.0859,0.8232,4.5995,0.1322,,,,1072,21,0.279,0.798
alice,0,28642167,1281,0.0796,0.8304,4.5083,0.1322,,,,1075,30,0.271,0.781
alice,0,28642167,1282,0.0719,0.8206,4.3964,0.1322,,,,1091,28,0.273,0.871
alice,0,28642167,1283,0.0781,0.8487,4.4682,0.1322,,,,1078,21,0.277,0.805
alice,0,28642167,1284,0.0556,0.8662,4.4211,0.1322,,,,1082,34,0.261,0.821
alice,0,28642167,1285,0.0641,0.8904,4.6504,0.1322,,,,1087,23,0.265,0.849
alice,0,28642167,1286,0.0733,0.8519,4.5526,0.1322,,,,1079,21,0.273,0.874
alice,0,28642167,1287,0.0796,0.8329,4.49,0.1322,,,,1091,18,0.269,0.805
alice,0,28642167,1288,0.0704,0.861,4.7319,0.1322,,,,1069,44,0.254,0.873
alice,0,28642167,1289,0.0785,0.8558,4.6295,0.1322,,,,1067,46,0.266,0.803
alice,0,28642167,1290,0.0828,0.8194,4.5783,0.1322,,,,1081,50,0.265,0.814
alice,0,28642167,1291,0.1043,0.797,4.5023,0.1322,,,,1077,51,0.263,0.845
alice,0,28642167,1292,0.0891,0.8239,4.4615,0.1322,,,,1078,44,0.263,0.826
alice,0,28642167,1293,0.0886,0.8017,4.4299,0.1322,,,,1085,35,0.271,0.98
alice,0,28642167,1294,0.0896,0.7965,4.4142,0.1322,,,,1098,23,0.278,0.935
alice,0,28642167,1295,0.0801,0.8266,4.486,0.1322,,,,1086,15,0.266,0.865
alice,0,28642167,1296,0.0835,0.8263,4.4375,0.1322,,,,1076,30,0.262,0.813
alice,0,28642167,1297,0.073,0.8165,4.4477,0.1322,,,,1087,37,0.265,0.803
alice,0,28642167,1298,0.0857,0.8213,4.5851,0.1322,,,,1086,28,0.259,0.857
alice,0,28642167,1299,0.0734,0.836,4.6195,0.1322,,,,1074,28,0.264,0.833
alice,0,28642167,1300,0.0697,0.831,4.4966,0.1322,,,,1090,30,0.266,0.719
alice,0,28642167,1301,0.0679,0.831,4.4759,0.1322,,,,1086,31,0.262,0.777
alice,0,28642167,1302,0.0704,0.7941,4.3664,0.1322,,,,1099,22,0.266,0.861
alice,0,28642167,1303,0.0572,0.7951,4.4129,0.1322,,,,1084,43,0.27,0.81
alice,0,28642167,1304,0.0618,0.7846,4.2553,0.1322,,,,1086,46,0.254,0.712
alice,0,28642167,1305,0.0442,0.8108,4.327,0.1322,,,,1092,49,0.258,0.753
alice,0,28642167,1306,0.0663,0.7889,4.3873,0.1322,,,,1081,42,0.247,0.743
alice,0,28642167,1307,0.0629,0.7991,4.3231,0.1322,,,,1080,36,0.253,0.743
alice,0,28642167,1308,0.0684,0.8431,4.8494,0.1322,,,,1061,42,0.256,0.712
alice,0,28642167,1309,0.0783,0.8541,4.8589,0.1322,,,,1064,28,0.281,0.797
alice,0,28642167,1310,0.083,0.8101,4.4159,0.1322,,,,1087,32,0.268,0.76
alice,0,28642167,1311,0.0941,0.8259,4.4896,0.1322,,,,1082,22,0.281,0.76
alice,0,28642167,1312,0.0728,0.8482,4.6159,0.1322,,,,1091,18,0.276,0.734
alice,0,28642167,1313,0.0614,0.8648,4.591,0.1322,,,,1080,25,0.27,0.851
alice,0,28642167,1314,0.0647,0.8327,4.3303,0.1322,,,,1089,31,0.262,0.841
alice,0,28642167,1315,0.0723,0.8186,4.4411,0.1322,,,,1096,30,0.269,0.832
alice,0,28642167,1316,0.0864,0.8091,4.5472,0.1322,,,,1084,25,0.281,0.717
alice,0,28642167,1317,0.0737,0.8111,4.4455,0.1322,,,,1080,24,0.276,0.847
alice,0,28642167,1318,0.0736,0.8251,4.6805,0.1322,,,,1074,20,0.266,0.878
alice,0,28642167,1319,0.0584,0.789,4.3403,0.1322,,,,1090,36,0.262,0.835
alice,0,28642167,1320,0.0569,0.787,4.4587,0.1322,,,,1081,40,0.266,0.793
alice,0,28642167,1321,0.0696,0.8013,4.4683,0.1322,,,,1085,33,0.274,0.804
alice,0,28642167,1322,0.0871,0.7393,4.3616,0.1322,,,,1092,26,0.256,0.778
alice,0,28642167,1323,0.0652,0.7483,4.3283,0.1322,,,,1086,24,0.258,0.766
alice,0,28642167,1324,0.0556,0.8194,4.6259,0.1322,,,,1056,40,0.256,0.793
alice,0,28642167,1325,0.0675,0.759,4.1615,0.1322,,,,1105,43,0.259,0.849
alice,0,28642167,1326,0.0742,0.7977,4.4881,0.1322,,,,1090,23,0.271,0.709
alice,0,28642167,1327,0.0539,0.8104,4.5147,0.1322,,,,1061,52,0.255,0.805
alice,0,28642167,1328,0.0706,0.7988,4.5203,0.1322,,,,1088,37,0.263,0.71
alice,0,28642167,1329,0.0743,0.7618,4.1458,0.1322,,,,1104,19,0.277,0.768
alice,0,28642167,1330,0.0716,0.8192,4.4493,0.1322,,,,1083,36,0.273,0.737
alice,0,28642167,1331,0.0794,0.7969,4.4059,0.1322,,,,1104,15,0.28,0.814
alice,0,28642167,1332,0.0551,0.8124,4.3829,0.1322,,,,1081,21,0.267,0.761
alice,0,28642167,1333,0.0684,0.8347,4.5736,0.1322,,,,1076,30,0.262,0.702
alice,0,28642167,1334,0.069,0.8051,4.5233,0.1322,,,,1077,34,0.279,0.808
alice,0,28642167,1335,0.0544,0.8253,4.363,0.1322,,,,1080,29,0.27,0.698
alice,0,28642167,1336,0.0745,0.7788,4.3806,0.1322,,,,1091,26,0.27,0.738
alice,0,28642167,1337,0.0603,0.7944,4.2434,0.1322,,,,1085,30,0.262,0.724
alice,0,28642167,1338,0.0786,0.7716,4.1406,0.1322,,,,1112,22,0.262,0.679
alice,0,28642167,1339,0.0714,0.7658,4.2222,0.1322,,,,1102,30,0.268,0.806
alice,0,28642167,1340,0.0713,0.7836,4.2427,0.1322,,,,1082,26,0.271,0.85
alice,0,28642167,1341,0.0791,0.8173,4.4664,0.1322,,,,1083,23,0.271,0.711
alice,0,28642167,1342,0.0663,0.8261,4.4286,0.1322,,,,1093,28,0.26,0.957
alice,0,28642167,1343,0.0602,0.8159,4.3202,0.1322,,,,1094,33,0.26,0.848
alice,0,28642167,1344,0.0646,0.8669,4.5714,0.1322,,,,1075,35,0.258,0.744
alice,0,28642167,1345,0.0995,0.8219,4.4423,0.1322,,,,1093,29,0.258,0.775
alice,0,28642167,1346,0.0736,0.8622,4.4551,0.1322,,,,1091,31,0.265,0.832
alice,0,28642167,1347,0.0779,0.8547,4.5411,0.1322,,,,1089,19,0.259,0.701
alice,0,28642167,1348,0.0616,0.8731,4.7275,0.1322,,,,1085,23,0.263,0.738
alice,0,28642167,1349,0.0668,0.8395,4.5731,0.1322,,,,1087,23,0.273,0.701
alice,0,28642167,1350,0.0728,0.8629,4.6366,0.1322,,,,1080,22,0.276,0.763
alice,0,28642167,1351,0.0785,0.8661,4.7406,0.1322,,,,1070,35,0.267,0.815
alice,0,28642167,1352,0.0587,0.8233,4.5851,0.1322,,,,1083,30,0.269,0.724
alice,0,28642167,1353,0.0618,0.7889,4.4689,0.1322,,,,1093,36,0.266,0.753
alice,0,28642167,1354,0.0701,0.8058,4.4471,0.1322,,,,1085,27,0.282,0.723
alice,0,28642167,1355,0.0774,0.7856,4.4683,0.1322,,,,1091,20,0.278,0.968
alice,0,28642167,1356,0.0649,0.8131,4.5084,0.1322,,,,1077,18,0.267,0.689
alice,0,28642167,1357,0.066,0.7836,4.3538,0.1322,,,,1094,44,0.254,0.742
alice,0,28642167,1358,0.0636,0.8226,4.4119,0.1322,,,,1080,22,0.266,0.789
alice,0,28642167,1359,0.0757,0.8201,4.5117,0.1322,,,,1080,28,0.258,0.911
alice,0,28642167,1360,0.079,0.8134,4.311,0.1322,,,,1097,20,0.27,0.853
alice,0,28642167,1361,0.0736,0.8018,4.2656,0.1322,,,,1106,18,0.26,0.745
alice,0,28642167,1362,0.0622,0.8173,4.28,0.1322,,,,1088,18,0.269,0.916
alice,0,28642167,1363,0.074,0.8302,4.449,0.1322,,,,1093,23,0.259,0.754
alice,0,28642167,1364,0.0699,0.8228,4.4894,0.1322,,,,1086,22,0.261,0.739
alice,0,28642167,1365,0.0827,0.8345,4.4505,0.1322,,,,1086,20,0.267,0.738
alice,0,28642167,1366,0.0825,0.8013,4.3197,0.1322,,,,1103,30,0.259,0.75
alice,0,28642167,1367,0.0625,0.8128,4.4056,0.1322,,,,1081,26,0.262,0.831
alice,0,28642167,1368,0.0657,0.8385,4.5427,0.1322,,,,1079,27,0.265,0.817
alice,0,28642167,1369,0.0731,0.8324,4.5213,0.1322,,,,1078,36,0.271,0.763
alice,0,28642167,1370,0.0699,0.801,4.291,0.1322,,,,1103,23,0.276,0.77
alice,0,28642167,1371,0.0706,0.8542,4.596,0.1322,,,,1086,12,0.267,0.744
alice,0,28642167,1372,0.0949,0.839,4.6712,0.1322,,,,1086,18,0.264,0.757
alice,0,28642167,1373,0.0684,0.8417,4.5459,0.1322,,,,1087,19,0.274,0.752
alice,0,28642167,1374,0.0651,0.8142,4.351,0.1322,,,,1084,29,0.275,0.887
alice,0,28642167,1375,0.0803,0.8267,4.4289,0.1322,,,,1094,30,0.267,0.812
alice,0,28642167,1376,0.0858,0.8276,4.4659,0.1322,,,,1086,27,0.265,0.718
alice,0,28642167,1377,0.0847,0.836,4.53,0.1322,,,,1087,25,0.265,0.708
alice,0,28642167,1378,0.082,0.784,4.3356,0.1322,,,,1110,19,0.265,0.687
alice,0,28642167,1379,0.0618,0.7566,4.0932,0.1322,,,,1103,21,0.269,0.829
alice,0,28642167,1380,0.0608,0.7671,4.2109,0.1322,,,,1094,30,0.272,0.728
alice,0,28642167,1381,0.0715,0.8133,4.5185,0.1322,,,,1080,18,0.279,0.809
alice,0,28642167,1382,0.0753,0.7939,4.3656,0.1322,,,,1093,25,0.272,0.713
alice,0,28642167,1383,0.0721,0.7749,4.3227,0.1322,,,,1092,34,0.266,0.767
alice,0,28642167,1384,0.0639,0.8176,4.5278,0.1322,,,,1079,24,0.266,0.848
alice,0,28642167,1385,0.059,0.8068,4.4701,0.1322,,,,1084,14,0.268,0.803
alice,0,28642167,1386,0.0576,0.7781,4.2254,0.1322,,,,1099,18,0.275,0.746
alice,0,28642167,1387,0.0372,0.8295,4.3883,0.1322,,,,1090,18,0.275,0.725
alice,0,28642167,1388,0.0435,0.8115,4.2978,0.1322,,,,1098,24,0.28,0.872
alice,0,28642167,1389,0.0531,0.7314,4.0918,0.1322,,,,1091,37,0.265,0.81
alice,0,28642167,1390,0.0599,0.7938,4.3846,0.1322,,,,1084,25,0.275,0.828
alice,0,28642167,1391,0.0566,0.7854,4.2311,0.1322,,,,1099,16,0.265,0.777
alice,0,28642167,1392,0.0336,0.8197,4.4275,0.1322,,,,1084,21,0.266,0.735
alice,0,28642167,1393,0.0346,0.7802,4.0755,0.1322,,,,1104,25,0.261,0.787
alice,0,28642167,1394,0.035,0.8678,4.4061,0.1322,,,,1080,21,0.267,0.727
alice,0,28642167,1395,0.0414,0.8149,4.0588,0.1322,,,,1104,34,0.272,0.818
alice,0,28642167,1396,0.0621,0.8647,4.4694,0.1322,,,,1096,17,0.269,0.765
alice,0,28642167,1397,0.0647,0.879,4.669,0.1322,,,,1073,20,0.27,0.707
alice,0,28642167,1398,0.0659,0.8732,4.5167,0.1322,,,,1093,14,0.258,0.655
alice,0,28642167,1399,0.0712,0.8267,4.2961,0.1322,,,,1098,23,0.259,0.707
alice,0,28642167,1400,0.0503,0.8478,4.5011,0.1322,,,,1089,33,0.254,0.684
alice,0,28642167,1401,0.0745,0.8414,4.4761,0.1322,,,,1094,22,0.261,0.8
alice,0,28642167,1402,0.0973,0.8205,4.5485,0.1322,,,,1089,15,0.279,0.968
alice,0,28642167,1403,0.0838,0.8121,4.4685,0.1322,,,,1088,18,0.267,0.719
alice,0,28642167,1404,0.065,0.8172,4.2428,0.1322,,,,1091,27,0.262,0.848
alice,0,28642167,1405,0.0605,0.8294,4.3459,0.1322,,,,1099,29,0.266,0.807
alice,0,28642167,1406,0.0477,0.7962,4.0582,0.1322,,,,1102,28,0.267,0.719
alice,0,28642167,1407,0.0601,0.8594,4.5181,0.1322,,,,1077,30,0.275,0.745
alice,0,28642167,1408,0.0678,0.81,4.2021,0.1322,,,,1087,42,0.261,0.854
alice,0,28642167,1409,0.0804,0.8202,4.4052,0.1322,,,,1093,38,0.26,0.732
alice,0,28642167,1410,0.0786,0.8526,4.6667,0.1322,,,,1072,35,0.267,0.733
alice,0,28642167,1411,0.0732,0.7782,4.1255,0.1322,,,,1107,38,0.272,0.725
alice,0,28642167,1412,0.0681,0.772,4.174,0.1322,,,,1106,31,0.282,0.784
alice,0,28642167,1413,0.077,0.8334,4.4855,0.1322,,,,1083,21,0.27,0.796
alice,0,28642167,1414,0.0807,0.7856,4.3209,0.1322,,,,1102,29,0.269,0.699
alice,0,28642167,1415,0.0692,0.8407,4.5385,0.1322,,,,1077,30,0.263,0.767
alice,0,28642167,1416,0.0758,0.8051,4.3666,0.1322,,,,1096,37,0.265,0.948
alice,0,28642167,1417,0.0724,0.8105,4.426,0.1322,,,,1093,28,0.276,0.754
alice,0,28642167,1418,0.0737,0.817,4.5638,0.1322,,,,1080,36,0.257,0.826
alice,0,28642167,1419,0.0663,0.8574,4.6605,0.1322,,,,1082,17,0.268,0.774
alice,0,28642167,1420,0.0682,0.8039,4.5237,0.1322,,,,1079,36,0.263,0.733
alice,0,28642167,1421,0.0694,0.7989,4.4252,0.1322,,,,1089,27,0.261,0.7
alice,0,28642167,1422,0.0641,0.8337,4.4677,0.1322,,,,1081,13,0.27,0.829
alice,0,28642167,1423,0.0653,0.853,4.5582,0.1322,,,,1083,18,0.262,0.725
alice,0,28642167,1424,0.0754,0.7792,4.2229,0.1322,,,,1121,26,0.259,0.72
alice,0,28642167,1425,0.0505,0.8121,4.2825,0.1322,,,,1094,30,0.263,0.798
alice,0,28642167,1426,0.0649,0.8151,4.3716,0.1322,,,,1094,16,0.265,0.675
alice,0,28642167,1427,0.0517,0.8573,4.4556,0.1322,,,,1086,19,0.267,0.817
alice,0,28642167,1428,0.0595,0.8555,4.5011,0.1322,,,,1099,12,0.275,0.757
alice,0,28642167,1429,0.053,0.8281,4.4101,0.1322,,,,1091,36,0.262,0.791
alice,0,28642167,1430,0.0559,0.7994,4.2673,0.1322,,,,1105,20,0.261,0.74
alice,0,28642167,1431,0.0537,0.832,4.3995,0.1322,,,,1090,28,0.263,0.78
alice,0,28642167,1432,0.0547,0.7997,4.419,0.1322,,,,1084,36,0.257,0.685
alice,0,28642167,1433,0.0529,0.7916,4.3023,0.1322,,,,1092,31,0.253,0.834
alice,0,28642167,1434,0.054,0.7869,4.259,0.1322,,,,1098,18,0.265,0.779
alice,0,28642167,1435,0.0498,0.8217,4.3931,0.1322,,,,1083,30,0.259,0.725
alice,0,28642167,1436,0.0643,0.8053,4.4676,0.1322,,,,1092,23,0.264,0.797
alice,0,28642167,1437,0.0507,0.8081,4.2616,0.1322,,,,1098,26,0.256,0.761
alice,0,28642167,1438,0.0491,0.8714,4.5424,0.1322,,,,1076,26,0.268,0.766
alice,0,28642167,1439,0.0571,0.8227,4.3102,0.1322,,,,1103,26,0.255,0.846
alice,0,28642167,1440,0.0623,0.789,4.1481,0.1322,,,,1105,32,0.267,0.785
alice,0,28642167,1441,0.0662,0.8446,4.528,0.1322,,,,1082,25,0.272,0.826
alice,0,28642167,1442,0.0555,0.8461,4.4829,0.1322,,,,1094,24,0.266,0.756
alice,0,28642167,1443,0.0468,0.8133,4.3544,0.1322,,,,1082,34,0.256,0.766
alice,0,28642167,1444,0.0527,0.8318,4.4821,0.1322,,,,1082,40,0.254,0.781
alice,0,28642167,1445,0.0628,0.8094,4.356,0.1322,,,,1104,24,0.266,0.815
alice,0,28642167,1446,0.0692,0.8271,4.539,0.1322,,,,1078,22,0.259,0.771
alice,0,28642167,1447,0.0793,0.8357,4.4437,0.1322,,,,1092,24,0.266,0.785
alice,0,28642167,1448,0.0831,0.8227,4.4933,0.1322,,,,1082,26,0.268,0.746
alice,0,28642167,1449,0.0903,0.8153,4.4389,0.1322,,,,1100,25,0.262,0.813
alice,0,28642167,1450,0.0817,0.8149,4.4427,0.1322,,,,1085,27,0.264,0.771
alice,0,28642167,1451,0.0793,0.8176,4.3681,0.1322,,,,1096,23,0.273,0.751
alice,0,28642167,1452,0.0654,0.8163,4.3184,0.1322,,,,1099,25,0.255,0.662
alice,0,28642167,1453,0.0661,0.8476,4.4176,0.1322,,,,1084,15,0.256,0.705
alice,0,28642167,1454,0.0823,0.8118,4.3297,0.1322,,,,1106,32,0.263,0.729
alice,0,28642167,1455,0.0729,0.7655,4.1231,0.1322,,,,1117,24,0.269,0.792
alice,0,28642167,1456,0.0548,0.7811,4.2918,0.1322,,,,1108,26,0.257,0.8
alice,0,28642167,1457,0.0589,0.7205,3.8484,0.1322,,,,1116,32,0.254,0.726
alice,0,28642167,1458,0.0491,0.78,4.2089,0.1322,,,,1090,31,0.251,0.66
alice,0,28642167,1459,0.0657,0.7843,4.3,0.1322,,,,1098,27,0.27,0.787
alice,0,28642167,1460,0.0636,0.7583,4.2389,0.1322,,,,1094,31,0.269,0.71
alice,0,28642167,1461,0.0716,0.7566,4.1931,0.1322,,,,1098,29,0.265,0.758
alice,0,28642167,1462,0.0512,0.7574,4.1078,0.1322,,,,1101,32,0.263,0.684
alice,0,28642167,1463,0.0515,0.7416,3.991,0.1322,,,,1106,45,0.25,0.711
alice,0,28642167,1464,0.0465,0.8084,4.3616,0.1322,,,,1086,34,0.261,0.809
alice,0,28642167,1465,0.0575,0.7792,4.2309,0.1322,,,,1097,37,0.264,0.717
alice,0,28642167,1466,0.0585,0.8057,4.2758,0.1322,,,,1101,39,0.255,0.703
alice,0,28642167,1467,0.0466,0.7587,3.9502,0.1322,,,,1098,55,0.252,0.778
alice,0,28642167,1468,0.0559,0.7801,4.2308,0.1322,,,,1092,57,0.258,0.706
alice,0,28642167,1469,0.0559,0.7662,4.2005,0.1322,,,,1102,43,0.263,0.725
alice,0,28642167,1470,0.081,0.7851,4.3483,0.1322,,,,1091,37,0.262,0.856
alice,0,28642167,1471,0.0652,0.7594,4.178,0.1322,,,,1104,33,0.262,0.75
alice,0,28642167,1472,0.0637,0.7893,4.2419,0.1322,,,,1083,46,0.264,0.799
alice,0,28642167,1473,0.0673,0.8049,4.3341,0.1322,,,,1096,30,0.264,0.763
alice,0,28642167,1474,0.0742,0.7686,4.2797,0.1322,,,,1102,31,0.255,0.734
alice,0,28642167,1475,0.0737,0.7707,4.4264,0.1322,,,,1089,21,0.27,0.698
alice,0,28642167,1476,0.0795,0.8134,4.4354,0.1322,,,,1077,16,0.264,0.69
alice,0,28642167,1477,0.0718,0.7991,4.3716,0.1322,,,,1097,21,0.261,0.764
alice,0,28642167,1478,0.0722,0.8136,4.4357,0.1322,,,,1085,26,0.262,0.634
alice,0,28642167,1479,0.0637,0.8318,4.4845,0.1322,,,,1094,24,0.265,0.658
alice,0,28642167,1480,0.0609,0.8224,4.2146,0.1322,,,,1095,28,0.258,0.719
alice,0,28642167,1481,0.0816,0.8223,4.3483,0.1322,,,,1118,24,0.256,0.624
alice,0,28642167,1482,0.0584,0.8328,4.4742,0.1322,,,,1081,36,0.247,0.664
alice,0,28642167,1483,0.0615,0.8333,4.5011,0.1322,,,,1075,64,0.242,0.661
alice,0,28642167,1484,0.0793,0.8385,4.4717,0.1322,,,,1097,28,0.254,0.71
alice,0,28642167,1485,0.0886,0.8217,4.5305,0.1322,,,,1096,27,0.256,0.752
alice,0,28642167,1486,0.0915,0.8002,4.4833,0.1322,,,,1093,33,0.247,0.795
alice,0,28642167,1487,0.0921,0.7891,4.438,0.1322,,,,1079,29,0.246,0.718
alice,0,28642167,1488,0.0851,0.7766,4.3522,0.1322,,,,1081,21,0.241,0.683
alice,0,28642167,1489,0.0854,0.83,4.4747,0.1322,,,,1091,14,0.251,0.613
alice,0,28642167,1490,0.0722,0.7931,4.3525,0.1322,,,,1097,25,0.244,0.747
alice,0,28642167,1491,0.064,0.8196,4.3603,0.1322,,,,1080,38,0.24,0.721
alice,0,28642167,1492,0.0928,0.799,4.2212,0.1322,,,,1094,34,0.24,0.737
alice,0,28642167,1493,0.0838,0.8194,4.4083,0.1322,,,,1087,35,0.241,0.61
alice,0,28642167,1494,0.0883,0.8235,4.4491,0.1322,,,,1083,44,0.246,0.625
alice,0,28642167,1495,0.0925,0.8302,4.5022,0.1322,,,,1083,26,0.246,0.674
alice,0,28642167,1496,0.0813,0.8298,4.4205,0.1322,,,,1101,21,0.24,0.621
alice,0,28642167,1497,0.0879,0.8292,4.4858,0.1322,,,,1100,25,0.241,0.783
alice,0,28642167,1498,0.071,0.7922,4.3499,0.1322,,,,1093,40,0.228,0.613
alice,0,28642167,1499,0.075,0.7635,4.3295,0.1322,,,,1097,40,0.238,0.658
alice,0,28642167,1500,0.0679,0.7748,4.297,0.1322,,,,1095,38,0.228,0.639
alice,0,28642167,1501,0.0633,0.7884,4.476,0.1322,,,,1071,54,0.23,0.699
alice,0,28642167,1502,0.0657,0.7797,4.3179,0.1322,,,,1097,26,0.239,0.658
alice,0,28642167,1503,0.0355,0.7562,4.2236,0.1322,,,,1101,48,0.222,0.55
alice,0,28642167,1504,0.056,0.7854,4.3317,0.1322,,,,1070,39,0.229,0.592
alice,0,28642167,1505,0.089,0.7833,4.2483,0.1322,,,,1099,35,0.242,0.743
alice,0,28642167,1506,0.0795,0.8028,4.3177,0.1322,,,,1105,19,0.24,0.735
alice,0,28642167,1507,0.0647,0.7521,3.9955,0.1322,,,,1116,38,0.237,0.736
alice,0,28642167,1508,0.0768,0.7775,4.1554,0.1322,,,,1089,43,0.235,0.6
alice,0,28642167,1509,0.0806,0.7847,4.2949,0.1322,,,,1091,31,0.236,0.653
alice,0,28642167,1510,0.065,0.7428,4.0533,0.1322,,,,1111,44,0.22,0.777
alice,0,28642167,1511,0.055,0.8063,4.2346,0.1322,,,,1092,34,0.235,0.666
alice,0,28642167,1512,0.0562,0.7921,4.132,0.1322,,,,1107,43,0.22,0.572
alice,0,28642167,1513,0.0495,0.8167,4.3792,0.1322,,,,1080,38,0.217,0.656
alice,0,28642167,1514,0.0354,0.8234,4.2446,0.1322,,,,1096,56,0.219,0.689
alice,0,28642167,1515,0.0625,0.8279,4.3636,0.1322,,,,1101,35,0.226,0.696
alice,0,28642167,1516,0.0566,0.8443,4.3702,0.1322,,,,1082,40,0.236,0.66
alice,0,28642167,1517,0.0685,0.815,4.2399,0.1322,,,,1098,37,0.229,0.756
alice,0,28642167,1518,0.0789,0.7692,4.1512,0.1322,,,,1114,40,0.233,0.7
alice,0,28642167,1519,0.0773,0.7713,4.1322,0.1322,,,,1108,19,0.232,0.755
alice,0,28642167,1520,0.0728,0.805,4.2385,0.1322,,,,1090,25,0.231,0.558
alice,0,28642167,1521,0.0856,0.8036,4.3231,0.1322,,,,1108,33,0.231,0.797
alice,0,28642167,1522,0.0869,0.8154,4.3378,0.1322,,,,1087,36,0.231,0.848
alice,0,28642167,1523,0.0752,0.7717,4.158,0.1322,,,,1110,38,0.228,0.705
alice,0,28642167,1524,0.0774,0.7995,4.1883,0.1322,,,,1108,21,0.239,0.714
alice,0,28642167,1525,0.0656,0.7976,4.2194,0.1322,,,,1102,32,0.226,0.736
alice,0,28642167,1526,0.0524,0.7898,4.0209,0.1322,,,,1109,36,0.233,0.733
alice,0,28642167,1527,0.0705,0.8113,4.1417,0.1322,,,,1107,34,0.237,0.645
alice,0,28642167,1528,0.0927,0.7943,4.1803,0.1322,,,,1108,18,0.243,0.662
alice,0,28642167,1529,0.0592,0.8039,4.2543,0.1322,,,,1091,55,0.234,0.693
alice,0,28642167,1530,0.0479,0.8304,4.0098,0.1322,,,,1115,38,0.23,0.571
alice,0,28642167,1531,0.0657,0.7733,4.0265,0.1322,,,,1122,59,0.222,0.771
alice,0,28642167,1532,0.072,0.7785,4.1509,0.1322,,,,1109,38,0.228,0.566
alice,0,28642167,1533,0.0723,0.7596,4.049,0.1322,,,,1114,33,0.232,0.81
alice,0,28642167,1534,0.0762,0.7554,4.0636,0.1322,,,,1111,42,0.227,0.636
alice,0,28642167,1535,0.0776,0.7737,4.13,0.1322,,,,1102,36,0.224,0.724
alice,0,28642167,1536,0.0656,0.7698,4.0193,0.1322,,,,1116,39,0.226,0.627
alice,0,28642167,1537,0.0652,0.7653,4.0066,0.1322,,,,1102,43,0.228,0.66
alice,0,28642167,1538,0.066,0.7817,4.1165,0.1322,,,,1087,54,0.222,0.805
alice,0,28642167,1539,0.0651,0.7641,3.944,0.1322,,,,1119,52,0.225,0.596
alice,0,28642167,1540,0.0665,0.7754,4.0491,0.1322,,,,1107,47,0.221,0.607
alice,0,28642167,1541,0.0926,0.8038,4.1776,0.1322,,,,1109,28,0.228,0.558
alice,0,28642167,1542,0.0533,0.8094,4.1867,0.1322,,,,1101,50,0.225,0.623
alice,0,28642167,1543,0.0879,0.7692,4.0142,0.1322,,,,1114,41,0.228,0.672
alice,0,28642167,1544,0.0678,0.767,4.1453,0.1322,,,,1114,40,0.229,0.644
alice,0,28642167,1545,0.0574,0.7677,4.2961,0.1322,,,,1088,49,0.225,0.653
alice,0,28642167,1546,0.0628,0.7467,4.1267,0.1322,,,,1098,38,0.229,0.776
alice,0,28642167,1547,0.0429,0.7631,4.1496,0.1322,,,,1093,59,0.223,0.606
alice,0,28642167,1548,0.054,0.7549,4.0305,0.1322,,,,1103,60,0.227,0.718
alice,0,28642167,1549,0.0569,0.7714,4.0991,0.1322,,,,1105,45,0.235,0.62
alice,0,28642167,1550,0.0586,0.7348,3.8323,0.1322,,,,1121,47,0.226,0.634
alice,0,28642167,1551,0.0611,0.7628,4.0084,0.1322,,,,1103,47,0.23,0.655
alice,0,28642167,1552,0.0668,0.7628,4.0921,0.1322,,,,1107,58,0.231,0.648
alice,0,28642167,1553,0.0726,0.7927,4.2521,0.1322,,,,1088,44,0.228,0.544
alice,0,28642167,1554,0.0711,0.7828,4.166,0.1322,,,,1112,49,0.226,0.781
alice,0,28642167,1555,0.0724,0.7701,4.1836,0.1322,,,,1091,56,0.22,0.575
alice,0,28642167,1556,0.0681,0.7668,4.0368,0.1322,,,,1110,43,0.225,0.641
alice,0,28642167,1557,0.0804,0.7649,4.0314,0.1322,,,,1107,51,0.228,0.668
alice,0,28642167,1558,0.0586,0.7754,4.1373,0.1322,,,,1095,59,0.218,0.838
bob,0,28622548,0,-0.0029,0.1089,0.58,,-1.0028,0.5,0.1123,,,,
bob,0,28622548,1,-0.0012,0.1047,0.44,,-0.9988,0.4999,0.0656,,,,
bob,0,28622548,2,-0.0,0.1154,0.52,,-1.0166,0.4997,0.0749,,,,
bob,0,28622548,3,-0.0,0.0921,0.44,,-1.0139,0.4996,0.063,,,,
bob,0,28622548,4,-0.0002,0.0983,0.44,,-1.0151,0.4995,0.0645,,,,
bob,0,28622548,5,-0.0007,0.0952,0.44,,-0.9728,0.4993,0.0647,,,,
bob,0,28622548,6,0.0007,0.126,0.5599999999999999,,-1.0054,0.4992,0.0806,,,,
bob,0,28622548,7,-0.0007,0.1181,0.54,,-0.9959,0.4991,0.0808,,,,
bob,0,28622548,8,-0.0006,0.1245,0.5599999999999999,,-1.0271,0.4989,0.0819,,,,
bob,0,28622548,9,-0.0003,0.1153,0.52,,-1.0188,0.4988,0.0787,,,,
bob,0,28622548,10,-0.0015,0.1242,0.54,,-1.007,0.4987,0.0785,,,,
bob,0,28622548,11,0.0008,0.1375,0.62,,-1.0174,0.4985,0.0921,,,,
bob,0,28622548,12,-0.0005,0.1375,0.6,,-1.0249,0.4984,0.0873,,,,
bob,0,28622548,13,-0.0004,0.1276,0.6,,-1.018,0.4983,0.0874,,,,
bob,0,28622548,14,0.0004,0.1147,0.54,,-1.0201,0.4981,0.0805,,,,
bob,0,28622548,15,0.0006,0.0983,0.45999999999999996,,-1.0136,0.498,0.0682,,,,
bob,0,28622548,16,0.0003,0.1134,0.54,,-1.0093,0.4979,0.0767,,,,
bob,0,28622548,17,-0.0005,0.115,0.5599999999999999,,-1.0195,0.4977,0.0805,,,,
bob,0,28622548,18,0.0006,0.1268,0.58,,-1.0479,0.4976,0.0874,,,,
bob,0,28622548,19,0.0001,0.0835,0.42,,-1.0154,0.4975,0.0599,,,,
bob,0,28622548,20,-0.0001,0.1026,0.48,,-1.0153,0.4973,0.0718,,,,
bob,0,28622548,21,-0.0005,0.0978,0.45999999999999996,,-1.016,0.4972,0.0668,,,,
bob,0,28622548,22,0.0005,0.1134,0.54,,-1.0317,0.4971,0.0796,,,,
bob,0,28622548,23,0.0003,0.0921,0.44,,-1.0411,0.4969,0.0647,,,,
bob,0,28622548,24,0.0002,0.09,0.44,,-1.0496,0.4968,0.0651,,,,
bob,0,28622548,25,-0.0005,0.1177,0.58,,-1.0349,0.4967,0.0853,,,,
bob,0,28622548,26,0.0003,0.1117,0.54,,-1.0533,0.4965,0.0787,,,,
bob,0,28622548,27,0.0001,0.1076,0.54,,-1.0719,0.4964,0.0759,,,,
bob,0,28622548,28,-0.0008,0.1336,0.62,,-1.0601,0.4963,0.0904,,,,
bob,0,28622548,29,0.0001,0.0981,0.45999999999999996,,-1.0956,0.4961,0.0713,,,,
bob,0,28622548,30,0.0,0.1122,0.5599999999999999,,-1.0611,0.496,0.0772,,,,
bob,0,28622548,31,-0.0005,0.1213,0.58,,-1.0674,0.4959,0.0847,,,,
bob,0,28622548,32,-0.0001,0.1187,0.58,,-1.0773,0.4957,0.0864,,,,
bob,0,28622548,33,-0.0007,0.0941,0.45999999999999996,,-1.0723,0.4956,0.0652,,,,
bob,0,28622548,34,-0.0001,0.0916,0.48,,-1.0992,0.4955,0.0669,,,,
bob,0,28622548,35,-0.0013,0.0982,0.48,,-1.1149,0.4953,0.0656,,,,
bob,0,28622548,36,-0.0007,0.0877,0.44,,-1.0901,0.4952,0.0627,,,,
bob,0,28622548,37,-0.0008,0.1131,0.58,,-1.0691,0.4951,0.0887,,,,
bob,0,28622548,38,-0.001,0.0803,0.38,,-1.0773,0.4949,0.0615,,,,
bob,0,28622548,39,-0.0,0.0904,0.45999999999999996,,-1.0321,0.4948,0.0634,,,,
bob,0,28622548,40,0.0001,0.0896,0.45999999999999996,,-1.0916,0.4947,0.0679,,,,
bob,0,28622548,41,-0.0,0.1207,0.62,,-1.0727,0.4945,0.0856,,,,
bob,0,28622548,42,0.0004,0.0986,0.52,,-1.0704,0.4944,0.071,,,,
bob,0,28622548,43,0.0002,0.1036,0.48,,-1.0742,0.4943,0.08,,,,
bob,0,28622548,44,0.0001,0.0976,0.5,,-1.0833,0.4941,0.0679,,,,
bob,0,28622548,45,-0.0003,0.0796,0.45999999999999996,,-1.0718,0.494,0.0606,,,,
bob,0,28622548,46,-0.0001,0.0826,0.42,,-1.112,0.4939,0.0573,,,,
bob,0,28622548,47,-0.0002,0.0961,0.5,,-1.0776,0.4937,0.0705,,,,
bob,0,28622548,48,0.0002,0.0909,0.48,,-1.0831,0.4936,0.0643,,,,
bob,0,28622548,49,-0.0002,0.0953,0.5,,-1.0844,0.4935,0.0648,,,,
bob,0,28622548,50,-0.0004,0.0878,0.44,,-1.0946,0.4933,0.0655,,,,
bob,0,28622548,51,-0.0002,0.0997,0.5599999999999999,,-1.116,0.4932,0.0712,,,,
bob,0,28622548,52,0.0005,0.1025,0.52,,-1.0639,0.4931,0.0746,,,,
bob,0,28622548,53,0.0001,0.0913,0.5,,-1.088,0.4929,0.0709,,,,
bob,0,28622548,54,-0.0005,0.0866,0.48,,-1.0751,0.4928,0.0637,,,,
bob,0,28622548,55,-0.0001,0.1036,0.6,,-1.0934,0.4927,0.078,,,,
bob,0,28622548,56,-0.0002,0.0981,0.5,,-1.0743,0.4925,0.0736,,,,
bob,0,28622548,57,-0.0004,0.0758,0.42,,-1.0735,0.4924,0.0542,,,,
bob,0,28622548,58,0.0004,0.1003,0.5,,-1.0819,0.4923,0.0781,,,,
bob,0,28622548,59,-0.0,0.0958,0.5,,-1.0983,0.4921,0.074,,,,
bob,0,28622548,60,-0.0,0.1017,0.5,,-1.0897,0.492,0.0739,,,,
bob,0,28622548,61,-0.0001,0.0911,0.48,,-1.0934,0.4919,0.0687,,,,
bob,0,28622548,62,0.0007,0.0964,0.5,,-1.0792,0.4917,0.0688,,,,
bob,0,28622548,63,-0.0003,0.0943,0.48,,-1.0663,0.4916,0.0714,,,,
bob,0,28622548,64,0.0006,0.0945,0.48,,-1.0675,0.4915,0.0693,,,,
bob,0,28622548,65,0.0004,0.1022,0.5599999999999999,,-1.0895,0.4913,0.0762,,,,
bob,0,28622548,66,0.0001,0.0743,0.4,,-1.0967,0.4912,0.0543,,,,
bob,0,28622548,67,0.0003,0.0904,0.5,,-1.0922,0.4911,0.0674,,,,
bob,0,28622548,68,0.0,0.1141,0.58,,-1.0964,0.4909,0.088,,,,
bob,0,28622548,69,0.0001,0.0996,0.48,,-1.0726,0.4908,0.072,,,,
bob,0,28622548,70,0.0001,0.111,0.54,,-1.1058,0.4907,0.0794,,,,
bob,0,28622548,71,0.0006,0.0995,0.5,,-1.0979,0.4905,0.0714,,,,
bob,0,28622548,72,0.0008,0.0972,0.54,,-1.0738,0.4904,0.0712,,,,
bob,0,28622548,73,0.0011,0.1035,0.58,,-1.0634,0.4903,0.0796,,,,
bob,0,28622548,74,0.0003,0.1217,0.66,,-1.0915,0.4901,0.0854,,,,
bob,0,28622548,75,0.0002,0.0876,0.45999999999999996,,-1.0723,0.49,0.0676,,,,
bob,0,28622548,76,-0.0004,0.1051,0.58,,-1.0653,0.4899,0.0846,,,,
bob,0,28622548,77,0.0009,0.0892,0.5,,-1.0918,0.4897,0.0706,,,,
bob,0,28622548,78,0.0002,0.1075,0.58,,-1.0828,0.4896,0.0796,,,,
bob,0,28622548,79,0.0007,0.0914,0.52,,-1.0711,0.4895,0.068,,,,
bob,0,28622548,80,0.0007,0.0945,0.48,,-1.0838,0.4893,0.0739,,,,
bob,0,28622548,81,0.0004,0.1013,0.52,,-1.0974,0.4892,0.0726,,,,
bob,0,28622548,82,0.0006,0.0945,0.54,,-1.086,0.4891,0.0745,,,,
bob,0,28622548,83,0.0004,0.0928,0.45999999999999996,,-1.0771,0.4889,0.0682,,,,
bob,0,28622548,84,0.0006,0.1074,0.5599999999999999,,-1.0882,0.4888,0.078,,,,
bob,0,28622548,85,0.0007,0.0931,0.52,,-1.1086,0.4887,0.0754,,,,
bob,0,28622548,86,0.0005,0.1209,0.6,,-1.0765,0.4885,0.0945,,,,
bob,0,28622548,87,0.0006,0.0981,0.52,,-1.0769,0.4884,0.073,,,,
bob,0,28622548,88,0.0014,0.1015,0.58,,-1.0688,0.4883,0.0801,,,,
bob,0,28622548,89,0.001,0.1012,0.48,,-1.071,0.4881,0.075,,,,
bob,0,28622548,90,0.0011,0.0763,0.4,,-1.0891,0.488,0.058,,,,
bob,0,28622548,91,0.001,0.1154,0.58,,-1.0892,0.4879,0.0862,,,,
bob,0,28622548,92,0.0005,0.0888,0.52,,-1.086,0.4877,0.071,,,,
bob,0,28622548,93,0.0013,0.0975,0.52,,-1.0782,0.4876,0.0783,,,,
bob,0,28622548,94,0.0006,0.1017,0.54,,-1.1048,0.4875,0.0778,,,,
bob,0,28622548,95,0.0001,0.0924,0.44,,-1.1046,0.4873,0.069,,,,
bob,0,28622548,96,-0.0,0.1058,0.5599999999999999,,-1.1022,0.4872,0.0834,,,,
bob,0,28622548,97,0.0016,0.1014,0.52,,-1.0803,0.4871,0.0776,,,,
bob,0,28622548,98,0.0016,0.0879,0.48,,-1.1179,0.4869,0.0677,,,,
bob,0,28622548,99,0.0012,0.0864,0.48,,-1.1009,0.4868,0.0626,,,,
bob,0,28622548,100,0.0009,0.1011,0.5,,-1.0916,0.4867,0.0744,,,,
bob,0,28622548,101,0.001,0.0965,0.52,,-1.09,0.4865,0.0755,,,,
bob,0,28622548,102,-0.0001,0.1016,0.54,,-1.1046,0.4864,0.0845,,,,
bob,0,28622548,103,0.002,0.1275,0.6799999999999999,,-1.1155,0.4863,0.0889,,,,
bob,0,28622548,104,0.002,0.1016,0.54,,-1.1119,0.4861,0.0831,,,,
bob,0,28622548,105,0.0019,0.0867,0.52,,-1.108,0.486,0.0694,,,,
bob,0,28622548,106,0.0005,0.0917,0.5599999999999999,,-1.0984,0.4859,0.0753,,,,
bob,0,28622548,107,0.0021,0.0956,0.5,,-1.0797,0.4857,0.0706,,,,
bob,0,28622548,108,0.003,0.1087,0.54,,-1.1285,0.4856,0.0841,,,,
bob,0,28622548,109,0.0008,0.0977,0.5599999999999999,,-1.1001,0.4855,0.0726,,,,
bob,0,28622548,110,0.0016,0.1002,0.52,,-1.0893,0.4853,0.0718,,,,
bob,0,28622548,111,0.0017,0.0913,0.5,,-1.0862,0.4852,0.072,,,,
bob,0,28622548,112,0.0016,0.0981,0.54,,-1.0761,0.4851,0.0716,,,,
bob,0,28622548,113,-0.0007,0.0972,0.48,,-1.1036,0.4849,0.0732,,,,
bob,0,28622548,114,0.0021,0.0942,0.54,,-1.1032,0.4848,0.0731,,,,
bob,0,28622548,115,0.0015,0.1202,0.64,,-1.108,0.4847,0.0925,,,,
bob,0,28622548,116,0.0015,0.0994,0.48,,-1.0849,0.4845,0.0738,,,,
bob,0,28622548,117,0.001,0.1065,0.5599999999999999,,-1.0852,0.4844,0.0755,,,,
bob,0,28622548,118,0.0004,0.1183,0.52,,-1.0917,0.4843,0.0871,,,,
bob,0,28622548,119,0.001,0.094,0.52,,-1.0969,0.4841,0.0778,,,,
bob,0,28622548,120,0.0037,0.0907,0.52,,-1.09,0.484,0.0681,,,,
bob,0,28622548,121,0.0009,0.0929,0.44,,-1.0908,0.4839,0.0671,,,,
bob,0,28622548,122,0.0026,0.0841,0.38,,-1.096,0.4837,0.0654,,,,
bob,0,28622548,123,0.0004,0.0996,0.54,,-1.1001,0.4836,0.0741,,,,
bob,0,28622548,124,0.0023,0.0881,0.58,,-1.0902,0.4835,0.0674,,,,
bob,0,28622548,125,0.0021,0.095,0.52,,-1.0972,0.4833,0.0732,,,,
bob,0,28622548,126,0.0009,0.1062,0.54,,-1.087,0.4832,0.0794,,,,
bob,0,28622548,127,0.0014,0.1003,0.5599999999999999,,-1.0669,0.4831,0.08,,,,
bob,0,28622548,128,0.0018,0.0863,0.5,,-1.0811,0.4829,0.074,,,,
bob,0,28622548,129,0.0007,0.1142,0.5599999999999999,,-1.0927,0.4828,0.084,,,,
bob,0,28622548,130,0.0007,0.096,0.48,,-1.0725,0.4827,0.073,,,,
bob,0,28622548,131,0.0012,0.1368,0.8,,-1.0535,0.4825,0.0991,,,,
bob,0,28622548,132,0.0041,0.124,0.7000000000000001,,-1.0538,0.4824,0.0958,,,,
bob,0,28622548,133,0.0024,0.105,0.5599999999999999,,-1.0419,0.4823,0.0834,,,,
bob,0,28622548,134,0.0008,0.1038,0.5599999999999999,,-1.0527,0.4821,0.081,,,,
bob,0,28622548,135,0.0015,0.1039,0.5,,-1.0543,0.482,0.0773,,,,
bob,0,28622548,136,0.0023,0.0858,0.5,,-1.0433,0.4819,0.0646,,,,
bob,0,28622548,137,0.0008,0.0942,0.5599999999999999,,-1.0558,0.4817,0.0741,,,,
bob,0,28622548,138,0.002,0.0999,0.54,,-1.0543,0.4816,0.0751,,,,
bob,0,28622548,139,0.0031,0.0837,0.44,,-1.0455,0.4815,0.0672,,,,
bob,0,28622548,140,0.0022,0.0759,0.44,,-1.0521,0.4813,0.059,,,,
bob,0,28622548,141,0.0009,0.1025,0.5599999999999999,,-1.0491,0.4812,0.0798,,,,
bob,0,28622548,142,0.0007,0.1133,0.6799999999999999,,-1.045,0.4811,0.0845,,,,
bob,0,28622548,143,0.0017,0.1228,0.5599999999999999,,-1.0431,0.4809,0.0983,,,,
bob,0,28622548,144,0.0003,0.1279,0.64,,-1.0438,0.4808,0.0933,,,,
bob,0,28622548,145,0.0024,0.0858,0.45999999999999996,,-1.0309,0.4807,0.0651,,,,
bob,0,28622548,146,0.0019,0.0894,0.44,,-1.044,0.4805,0.0714,,,,
bob,0,28622548,147,0.0008,0.0936,0.5,,-1.0425,0.4804,0.0687,,,,
bob,0,28622548,148,0.0004,0.1017,0.58,,-1.042,0.4803,0.0789,,,,
bob,0,28622548,149,0.0009,0.1052,0.58,,-1.0426,0.4801,0.0787,,,,
bob,0,28622548,150,0.001,0.099,0.5,,-1.0329,0.48,0.0674,,,,
bob,0,28622548,151,0.0014,0.0828,0.45999999999999996,,-1.0314,0.4799,0.0612,,,,
bob,0,28622548,152,0.0026,0.1058,0.6,,-1.0313,0.4797,0.0792,,,,
bob,0,28622548,153,0.0007,0.0921,0.5,,-1.0375,0.4796,0.0694,,,,
bob,0,28622548,154,0.0008,0.1089,0.5599999999999999,,-1.0403,0.4795,0.0803,,,,
bob,0,28622548,155,0.0039,0.0929,0.5599999999999999,,-1.0251,0.4793,0.0702,,,,
bob,0,28622548,156,0.0017,0.1068,0.52,,-1.0366,0.4792,0.0802,,,,
bob,0,28622548,157,0.0014,0.0907,0.45999999999999996,,-1.0379,0.4791,0.0665,,,,
bob,0,28622548,158,0.0049,0.09,0.5,,-1.0516,0.4789,0.0713,,,,
bob,0,28622548,159,0.0016,0.1157,0.6,,-1.0424,0.4788,0.0896,,,,
bob,0,28622548,160,0.0041,0.1042,0.52,,-1.0334,0.4787,0.0774,,,,
bob,0,28622548,161,0.0032,0.0708,0.38,,-1.0275,0.4785,0.0519,,,,
bob,0,28622548,162,0.0011,0.0917,0.5,,-1.032,0.4784,0.0726,,,,
bob,0,28622548,163,0.0032,0.0992,0.5599999999999999,,-1.037,0.4783,0.0813,,,,
bob,0,28622548,164,0.0008,0.1021,0.58,,-1.0419,0.4781,0.0791,,,,
bob,0,28622548,165,0.0012,0.0969,0.58,,-1.0369,0.478,0.0757,,,,
bob,0,28622548,166,0.001,0.0891,0.48,,-1.0415,0.4779,0.0673,,,,
bob,0,28622548,167,0.0008,0.107,0.52,,-1.0376,0.4777,0.0798,,,,
bob,0,28622548,168,0.003,0.0755,0.44,,-1.0452,0.4776,0.0558,,,,
bob,0,28622548,169,0.0009,0.1075,0.5599999999999999,,-1.0382,0.4775,0.0826,,,,
bob,0,28622548,170,0.0034,0.0903,0.48,,-1.0351,0.4773,0.0713,,,,
bob,0,28622548,171,0.0029,0.0918,0.54,,-1.0361,0.4772,0.072,,,,
bob,0,28622548,172,0.0019,0.1088,0.58,,-1.0332,0.4771,0.0849,,,,
bob,0,28622548,173,0.0029,0.0801,0.5,,-1.0477,0.4769,0.0566,,,,
bob,0,28622548,174,0.0023,0.078,0.45999999999999996,,-1.0345,0.4768,0.0667,,,,
bob,0,28622548,175,0.001,0.0855,0.48,,-1.0329,0.4767,0.0603,,,,
bob,0,28622548,176,0.0028,0.0846,0.45999999999999996,,-1.0458,0.4765,0.0594,,,,
bob,0,28622548,177,-0.0005,0.1065,0.62,,-1.0409,0.4764,0.0788,,,,
bob,0,28622548,178,0.0009,0.0765,0.36,,-1.033,0.4763,0.0531,,,,
bob,0,28622548,179,0.0026,0.0956,0.45999999999999996,,-1.0397,0.4761,0.0721,,,,
bob,0,28622548,180,0.0009,0.1012,0.5,,-1.0443,0.476,0.082,,,,
bob,0,28622548,181,0.0036,0.089,0.42,,-1.0415,0.4759,0.0635,,,,
bob,0,28622548,182,0.0011,0.1132,0.62,,-1.0337,0.4757,0.0889,,,,
bob,0,28622548,183,0.0011,0.0995,0.54,,-1.0356,0.4756,0.0777,,,,
bob,0,28622548,184,0.0005,0.0953,0.45999999999999996,,-1.0431,0.4755,0.0678,,,,
bob,0,28622548,185,0.004,0.0855,0.54,,-1.0488,0.4753,0.0667,,,,
bob,0,28622548,186,0.0009,0.0873,0.45999999999999996,,-1.0381,0.4752,0.0669,,,,
bob,0,28622548,187,0.0034,0.0871,0.44,,-1.0404,0.4751,0.0657,,,,
bob,0,28622548,188,0.0006,0.096,0.58,,-1.0337,0.4749,0.0714,,,,
bob,0,28622548,189,0.0011,0.1082,0.58,,-1.04,0.4748,0.0832,,,,
bob,0,28622548,190,0.0018,0.1172,0.58,,-1.0405,0.4747,0.0857,,,,
bob,0,28622548,191,0.0047,0.0853,0.5,,-1.0397,0.4745,0.0685,,,,
bob,0,28622548,192,0.0039,0.0793,0.4,,-1.033,0.4744,0.0591,,,,
bob,0,28622548,193,0.0024,0.0644,0.36,,-1.0441,0.4743,0.044,,,,
bob,0,28622548,194,0.0027,0.1023,0.52,,-1.0327,0.4741,0.0749,,,,
bob,0,28622548,195,0.0056,0.0818,0.5,,-1.0328,0.474,0.0652,,,,
bob,0,28622548,196,0.0023,0.0763,0.4,,-1.0476,0.4739,0.0546,,,,
bob,0,28622548,197,0.0031,0.0813,0.45999999999999996,,-1.0361,0.4737,0.0614,,,,
bob,0,28622548,198,0.0015,0.1063,0.54,,-1.0392,0.4736,0.0751,,,,
bob,0,28622548,199,0.0055,0.0811,0.45999999999999996,,-1.0405,0.4735,0.0637,,,,
bob,0,28622548,200,0.0006,0.0975,0.52,,-1.0261,0.4733,0.0683,,,,
bob,0,28622548,201,0.002,0.1122,0.64,,-1.0307,0.4732,0.0867,,,,
bob,0,28622548,202,0.0024,0.1117,0.62,,-1.0367,0.4731,0.0823,,,,
bob,0,28622548,203,0.003,0.102,0.6,,-1.0241,0.4729,0.0787,,,,
bob,0,28622548,204,0.0003,0.1135,0.58,,-1.0287,0.4728,0.0811,,,,
bob,0,28622548,205,0.0052,0.1151,0.62,,-1.0333,0.4727,0.092,,,,
bob,0,28622548,206,0.0029,0.0804,0.45999999999999996,,-1.039,0.4725,0.0607,,,,
bob,0,28622548,207,0.0008,0.0749,0.38,,-1.0474,0.4724,0.0562,,,,
bob,0,28622548,208,0.0022,0.0934,0.54,,-1.042,0.4723,0.0714,,,,
bob,0,28622548,209,0.0014,0.0906,0.48,,-1.0321,0.4721,0.069,,,,
bob,0,28622548,210,0.0053,0.0853,0.45999999999999996,,-1.0407,0.472,0.0574,,,,
bob,0,28622548,211,0.0025,0.0844,0.5,,-1.0403,0.4719,0.0634,,,,
bob,0,28622548,212,0.0046,0.0835,0.45999999999999996,,-1.0365,0.4717,0.0683,,,,
bob,0,28622548,213,0.0007,0.0865,0.45999999999999996,,-1.0398,0.4716,0.0558,,,,
bob,0,28622548,214,0.0017,0.0717,0.44,,-1.0387,0.4715,0.0541,,,,
bob,0,28622548,215,0.0014,0.101,0.52,,-1.0363,0.4713,0.0743,,,,
bob,0,28622548,216,0.0004,0.0954,0.54,,-1.0407,0.4712,0.0747,,,,
bob,0,28622548,217,0.0012,0.0952,0.52,,-1.0473,0.4711,0.0666,,,,
bob,0,28622548,218,0.0059,0.0908,0.48,,-1.0442,0.4709,0.0702,,,,
bob,0,28622548,219,0.005,0.0868,0.5599999999999999,,-1.044,0.4708,0.0679,,,,
bob,0,28622548,220,0.0005,0.1166,0.66,,-1.0232,0.4707,0.0894,,,,
bob,0,28622548,221,0.008,0.099,0.5599999999999999,,-1.0399,0.4705,0.0758,,,,
bob,0,28622548,222,0.0024,0.0979,0.58,,-1.0477,0.4704,0.0743,,,,
bob,0,28622548,223,0.003,0.09,0.58,,-1.0543,0.4703,0.0654,,,,
bob,0,28622548,224,0.0018,0.1173,0.66,,-1.0353,0.4701,0.0867,,,,
bob,0,28622548,225,0.0063,0.1069,0.62,,-1.0443,0.47,0.0864,,,,
bob,0,28622548,226,0.0022,0.088,0.52,,-1.0397,0.4699,0.0676,,,,
bob,0,28622548,227,0.0039,0.0756,0.38,,-1.0427,0.4697,0.0588,,,,
bob,0,28622548,228,0.0039,0.0881,0.54,,-1.0313,0.4696,0.0654,,,,
bob,0,28622548,229,0.006,0.0702,0.42,,-1.032,0.4695,0.0539,,,,
bob,0,28622548,230,0.0006,0.0912,0.5599999999999999,,-1.0475,0.4693,0.0711,,,,
bob,0,28622548,231,0.0056,0.0844,0.48,,-1.0487,0.4692,0.0622,,,,
bob,0,28622548,232,0.0067,0.0834,0.45999999999999996,,-1.0395,0.4691,0.0644,,,,
bob,0,28622548,233,0.0047,0.0914,0.5,,-1.052,0.4689,0.0623,,,,
bob,0,28622548,234,0.0022,0.1006,0.6799999999999999,,-1.0457,0.4688,0.0808,,,,
bob,0,28622548,235,0.0027,0.0874,0.5,,-1.0356,0.4687,0.0659,,,,
bob,0,28622548,236,0.0069,0.0784,0.42,,-1.0356,0.4685,0.064,,,,
bob,0,28622548,237,0.0009,0.0925,0.52,,-1.0311,0.4684,0.0647,,,,
bob,0,28622548,238,0.0027,0.0818,0.5,,-1.039,0.4683,0.0649,,,,
bob,0,28622548,239,0.006,0.0797,0.45999999999999996,,-1.0435,0.4681,0.0582,,,,
bob,0,28622548,240,0.0022,0.0764,0.42,,-1.0576,0.468,0.0581,,,,
bob,0,28622548,241,0.0033,0.075,0.38,,-1.0348,0.4679,0.054,,,,
bob,0,28622548,242,0.0074,0.0752,0.45999999999999996,,-1.0328,0.4677,0.0563,,,,
bob,0,28622548,243,0.0023,0.083,0.52,,-1.0535,0.4676,0.0644,,,,
bob,0,28622548,244,0.0038,0.0635,0.33999999999999997,,-1.0395,0.4675,0.046,,,,
bob,0,28622548,245,0.0021,0.0829,0.44,,-1.0403,0.4673,0.0588,,,,
bob,0,28622548,246,0.0023,0.0676,0.38,,-1.0465,0.4672,0.048,,,,
bob,0,28622548,247,0.0067,0.0897,0.48,,-1.0465,0.4671,0.0675,,,,
bob,0,28622548,248,0.006,0.0916,0.5,,-1.039,0.4669,0.07,,,,
bob,0,28622548,249,0.0026,0.0856,0.48,,-1.042,0.4668,0.0647,,,,
bob,0,28622548,250,0.0029,0.0801,0.42,,-1.0389,0.4667,0.0621,,,,
bob,0,28622548,251,0.0016,0.0812,0.48,,-1.0551,0.4665,0.0589,,,,
bob,0,28622548,252,0.0007,0.0759,0.42,,-1.0429,0.4664,0.0546,,,,
bob,0,28622548,253,0.0005,0.0961,0.44,,-1.0231,0.4663,0.0673,,,,
bob,0,28622548,254,0.0012,0.0773,0.36,,-1.0488,0.4661,0.0533,,,,
bob,0,28622548,255,0.0007,0.0856,0.44,,-1.0475,0.466,0.0611,,,,
bob,0,28622548,256,0.0026,0.0593,0.33999999999999997,,-1.0517,0.4659,0.0412,,,,
bob,0,28622548,257,0.0015,0.0776,0.4,,-1.0359,0.4657,0.0568,,,,
bob,0,28622548,258,0.0018,0.0841,0.52,,-1.0409,0.4656,0.0654,,,,
bob,0,28622548,259,0.0018,0.0842,0.45999999999999996,,-1.0486,0.4655,0.0612,,,,
bob,0,28622548,260,0.0022,0.0888,0.48,,-1.0354,0.4653,0.0641,,,,
bob,0,28622548,261,0.0034,0.1069,0.5599999999999999,,-1.0214,0.4652,0.0799,,,,
bob,0,28622548,262,0.0038,0.1027,0.5599999999999999,,-1.0284,0.4651,0.0772,,,,
bob,0,28622548,263,0.0023,0.0815,0.45999999999999996,,-1.0458,0.4649,0.0608,,,,
bob,0,28622548,264,0.0015,0.0575,0.32,,-1.0604,0.4648,0.045,,,,
bob,0,28622548,265,0.0077,0.0664,0.44,,-1.043,0.4647,0.0512,,,,
bob,0,28622548,266,0.0014,0.0973,0.54,,-1.0346,0.4645,0.0757,,,,
bob,0,28622548,267,0.0061,0.0807,0.4,,-1.0423,0.4644,0.0595,,,,
bob,0,28622548,268,0.0017,0.0885,0.48,,-1.0457,0.4643,0.069,,,,
bob,0,28622548,269,0.0034,0.0728,0.44,,-1.0379,0.4641,0.0534,,,,
bob,0,28622548,270,0.0015,0.0949,0.52,,-1.0261,0.464,0.0639,,,,
bob,0,28622548,271,0.0028,0.0724,0.4,,-1.0394,0.4639,0.0538,,,,
bob,0,28622548,272,0.0018,0.067,0.38,,-1.0443,0.4637,0.05,,,,
bob,0,28622548,273,0.0018,0.0772,0.5,,-1.0408,0.4636,0.0574,,,,
bob,0,28622548,274,0.0017,0.0827,0.44,,-1.0374,0.4635,0.0564,,,,
bob,0,28622548,275,0.0016,0.0806,0.44,,-1.0512,0.4633,0.0651,,,,
bob,0,28622548,276,0.0084,0.08,0.45999999999999996,,-1.0509,0.4632,0.0566,,,,
bob,0,28622548,277,0.0022,0.1003,0.54,,-1.0106,0.4631,0.0758,,,,
bob,0,28622548,278,0.0087,0.0825,0.38,,-1.029,0.4629,0.0611,,,,
bob,0,28622548,279,0.0019,0.0853,0.58,,-1.0355,0.4628,0.0699,,,,
bob,0,28622548,280,0.0087,0.0826,0.45999999999999996,,-1.0386,0.4627,0.0632,,,,
bob,0,28622548,281,0.0067,0.0834,0.52,,-1.0507,0.4625,0.0673,,,,
bob,0,28622548,282,0.0072,0.0697,0.36,,-1.045,0.4624,0.0504,,,,
bob,0,28622548,283,0.0029,0.0587,0.36,,-1.063,0.4623,0.0461,,,,
bob,0,28622548,284,0.0026,0.0866,0.52,,-1.0447,0.4621,0.0638,,,,
bob,0,28622548,285,0.0104,0.1088,0.64,,-1.0152,0.462,0.0796,,,,
bob,0,28622548,286,0.0056,0.1017,0.58,,-1.0318,0.4619,0.0832,,,,
bob,0,28622548,287,0.0016,0.0822,0.5,,-1.0407,0.4617,0.066,,,,
bob,0,28622548,288,0.004,0.0938,0.58,,-1.0255,0.4616,0.0701,,,,
bob,0,28622548,289,0.0053,0.0683,0.38,,-1.0323,0.4615,0.0471,,,,
bob,0,28622548,290,0.0017,0.0953,0.58,,-1.037,0.4613,0.0673,,,,
bob,0,28622548,291,0.0025,0.0813,0.44,,-1.0387,0.4612,0.0624,,,,
bob,0,28622548,292,0.002,0.0969,0.52,,-1.0333,0.4611,0.0736,,,,
bob,0,28622548,293,0.0049,0.1106,0.5599999999999999,,-1.0338,0.4609,0.0796,,,,
bob,0,28622548,294,0.0029,0.0809,0.45999999999999996,,-1.0423,0.4608,0.0601,,,,
bob,0,28622548,295,0.0037,0.0784,0.4,,-1.0401,0.4607,0.0614,,,,
bob,0,28622548,296,0.0049,0.0849,0.48,,-1.0382,0.4605,0.0599,,,,
bob,0,28622548,297,0.0028,0.1028,0.58,,-1.0388,0.4604,0.0791,,,,
bob,0,28622548,298,0.0041,0.0947,0.52,,-1.0413,0.4603,0.0674,,,,
bob,0,28622548,299,0.0029,0.079,0.4,,-1.0482,0.4601,0.0598,,,,
bob,0,28622548,300,0.0057,0.0686,0.5,,-1.0454,0.46,0.0521,,,,
bob,0,28622548,301,0.0021,0.0737,0.36,,-1.0453,0.4599,0.0537,,,,
bob,0,28622548,302,0.003,0.0968,0.52,,-1.0352,0.4597,0.0713,,,,
bob,0,28622548,303,0.0052,0.0837,0.4,,-1.0321,0.4596,0.0614,,,,
bob,0,28622548,304,0.002,0.0993,0.54,,-1.0363,0.4595,0.0771,,,,
bob,0,28622548,305,0.0041,0.0859,0.48,,-1.0409,0.4593,0.0648,,,,
bob,0,28622548,306,0.0042,0.0825,0.4,,-1.0343,0.4592,0.0569,,,,
bob,0,28622548,307,0.0052,0.0782,0.44,,-1.0411,0.4591,0.0606,,,,
bob,0,28622548,308,0.003,0.0866,0.52,,-1.0445,0.4589,0.0625,,,,
bob,0,28622548,309,0.0049,0.0995,0.5599999999999999,,-1.0409,0.4588,0.0714,,,,
bob,0,28622548,310,0.0037,0.1025,0.62,,-1.0307,0.4587,0.076,,,,
bob,0,28622548,311,0.0043,0.0798,0.48,,-1.0462,0.4585,0.0652,,,,
bob,0,28622548,312,0.002,0.0894,0.54,,-1.0365,0.4584,0.0656,,,,
bob,0,28622548,313,0.0016,0.096,0.48,,-1.0254,0.4583,0.0658,,,,
bob,0,28622548,314,0.0023,0.0875,0.5599999999999999,,-1.0231,0.4581,0.0664,,,,
bob,0,28622548,315,0.0027,0.0775,0.45999999999999996,,-1.0353,0.458,0.0585,,,,
bob,0,28622548,316,0.007,0.0953,0.5599999999999999,,-1.031,0.4579,0.0729,,,,
bob,0,28622548,317,0.0065,0.094,0.58,,-1.032,0.4577,0.0699,,,,
bob,0,28622548,318,0.0065,0.0988,0.52,,-1.0142,0.4576,0.0694,,,,
bob,0,28622548,319,0.0101,0.0984,0.6,,-1.0304,0.4575,0.0761,,,,
bob,0,28622548,320,0.0033,0.0879,0.52,,-1.0503,0.4573,0.0643,,,,
bob,0,28622548,321,0.0054,0.0936,0.58,,-1.0321,0.4572,0.0736,,,,
bob,0,28622548,322,0.0074,0.0796,0.5599999999999999,,-1.0397,0.4571,0.0627,,,,
bob,0,28622548,323,0.0056,0.093,0.54,,-1.0337,0.4569,0.0674,,,,
bob,0,28622548,324,0.0066,0.0941,0.64,,-1.031,0.4568,0.0751,,,,
bob,0,28622548,325,0.0052,0.1013,0.6,,-1.033,0.4567,0.0697,,,,
bob,0,28622548,326,0.0049,0.0908,0.52,,-1.0304,0.4565,0.0682,,,,
bob,0,28622548,327,0.0038,0.1099,0.7000000000000001,,-1.0333,0.4564,0.0869,,,,
bob,0,28622548,328,0.0065,0.0965,0.5599999999999999,,-1.0398,0.4563,0.0688,,,,
bob,0,28622548,329,0.0051,0.0946,0.6,,-1.0318,0.4561,0.0698,,,,
bob,0,28622548,330,0.0044,0.1112,0.66,,-1.0333,0.456,0.0789,,,,
bob,0,28622548,331,0.0041,0.1233,0.7799999999999999,,-1.0185,0.4559,0.0945,,,,
bob,0,28622548,332,0.0066,0.1124,0.7000000000000001,,-1.0337,0.4557,0.085,,,,
bob,0,28622548,333,0.0027,0.0912,0.5599999999999999,,-1.0422,0.4556,0.0644,,,,
bob,0,28622548,334,0.0053,0.111,0.62,,-1.0344,0.4555,0.0788,,,,
bob,0,28622548,335,0.0051,0.0968,0.62,,-1.0198,0.4553,0.0806,,,,
bob,0,28622548,336,0.0043,0.0927,0.52,,-1.0443,0.4552,0.0687,,,,
bob,0,28622548,337,0.0097,0.0947,0.5599999999999999,,-1.0345,0.4551,0.0709,,,,
bob,0,28622548,338,0.0052,0.1053,0.6,,-1.0368,0.4549,0.0825,,,,
bob,0,28622548,339,0.0043,0.1274,0.76,,-1.0393,0.4548,0.096,,,,
bob,0,28622548,340,0.0107,0.094,0.54,,-1.0464,0.4547,0.0695,,,,
bob,0,28622548,341,0.0043,0.1111,0.66,,-1.0236,0.4545,0.0784,,,,
bob,0,28622548,342,0.0115,0.1098,0.6799999999999999,,-1.0108,0.4544,0.0818,,,,
bob,0,28622548,343,0.0053,0.1194,0.72,,-1.0115,0.4543,0.0884,,,,
bob,0,28622548,344,0.0097,0.0955,0.6,,-1.024,0.4541,0.0742,,,,
bob,0,28622548,345,0.0087,0.0999,0.64,,-1.0194,0.454,0.0819,,,,
bob,0,28622548,346,0.0032,0.0871,0.58,,-1.0298,0.4539,0.0649,,,,
bob,0,28622548,347,0.011,0.1001,0.64,,-1.0199,0.4537,0.0749,,,,
bob,0,28622548,348,0.0101,0.1054,0.72,,-1.0395,0.4536,0.0867,,,,
bob,0,28622548,349,0.0103,0.1054,0.6799999999999999,,-1.0115,0.4535,0.082,,,,
bob,0,28622548,350,0.0023,0.1261,0.66,,-1.0353,0.4533,0.0941,,,,
bob,0,28622548,351,0.0063,0.0892,0.52,,-1.0205,0.4532,0.0651,,,,
bob,0,28622548,352,0.0059,0.0808,0.54,,-1.0509,0.4531,0.0587,,,,
bob,0,28622548,353,0.0039,0.1109,0.76,,-1.0377,0.4529,0.0809,,,,
bob,0,28622548,354,0.007,0.1084,0.62,,-1.0438,0.4528,0.0896,,,,
bob,0,28622548,355,0.0076,0.0819,0.52,,-1.0505,0.4527,0.0644,,,,
bob,0,28622548,356,0.0035,0.0981,0.5599999999999999,,-1.0413,0.4525,0.0727,,,,
bob,0,28622548,357,0.0058,0.0964,0.62,,-1.0365,0.4524,0.0709,,,,
bob,0,28622548,358,0.0089,0.1095,0.74,,-1.009,0.4523,0.0871,,,,
bob,0,28622548,359,0.0035,0.1424,0.84,,-1.0206,0.4521,0.1122,,,,
bob,0,28622548,360,0.0008,0.1272,0.7000000000000001,,-1.0386,0.452,0.1068,,,,
bob,0,28622548,361,0.0082,0.0917,0.64,,-1.0287,0.4519,0.0712,,,,
bob,0,28622548,362,0.0089,0.1106,0.74,,-1.0441,0.4517,0.0817,,,,
bob,0,28622548,363,0.0057,0.1103,0.64,,-1.0209,0.4516,0.0822,,,,
bob,0,28622548,364,0.0048,0.093,0.54,,-1.0385,0.4515,0.0696,,,,
bob,0,28622548,365,0.003,0.1015,0.64,,-1.0316,0.4513,0.0755,,,,
bob,0,28622548,366,0.0078,0.1049,0.62,,-1.0169,0.4512,0.0735,,,,
bob,0,28622548,367,0.0036,0.0959,0.6799999999999999,,-1.0346,0.4511,0.0772,,,,
bob,0,28622548,368,0.0039,0.0915,0.52,,-1.0438,0.4509,0.0664,,,,
bob,0,28622548,369,0.0061,0.1107,0.66,,-1.0348,0.4508,0.0848,,,,
bob,0,28622548,370,0.0045,0.1013,0.62,,-1.0502,0.4507,0.0758,,,,
bob,0,28622548,371,0.0027,0.1015,0.5599999999999999,,-1.016,0.4505,0.0707,,,,
bob,0,28622548,372,0.0084,0.1018,0.7000000000000001,,-1.034,0.4504,0.0737,,,,
bob,0,28622548,373,0.0062,0.1146,0.76,,-1.0423,0.4503,0.0908,,,,
bob,0,28622548,374,0.0055,0.1016,0.6799999999999999,,-1.0154,0.4501,0.0803,,,,
bob,0,28622548,375,0.0056,0.1161,0.7000000000000001,,-1.0214,0.45,0.0812,,,,
bob,0,28622548,376,0.0061,0.0916,0.52,,-1.0421,0.4499,0.0664,,,,
bob,0,28622548,377,0.0097,0.088,0.54,,-1.0103,0.4497,0.0673,,,,
bob,0,28622548,378,0.0107,0.109,0.66,,-1.027,0.4496,0.0865,,,,
bob,0,28622548,379,0.006,0.1031,0.6799999999999999,,-1.0202,0.4495,0.0779,,,,
bob,0,28622548,380,0.009,0.1125,0.76,,-1.001,0.4493,0.0871,,,,
bob,0,28622548,381,0.0037,0.107,0.72,,-1.0308,0.4492,0.0847,,,,
bob,0,28622548,382,0.01,0.0917,0.58,,-1.038,0.4491,0.0667,,,,
bob,0,28622548,383,0.0073,0.1224,0.8200000000000001,,-1.0169,0.4489,0.0939,,,,
bob,0,28622548,384,0.0073,0.1336,0.84,,-1.0122,0.4488,0.105,,,,
bob,0,28622548,385,0.0043,0.129,0.66,,-1.0262,0.4487,0.0928,,,,
bob,0,28622548,386,0.003,0.1205,0.7000000000000001,,-1.0402,0.4485,0.0938,,,,
bob,0,28622548,387,0.0091,0.1209,0.72,,-1.0203,0.4484,0.0897,,,,
bob,0,28622548,388,0.0076,0.0932,0.54,,-1.027,0.4483,0.0683,,,,
bob,0,28622548,389,0.0086,0.0898,0.62,,-1.0214,0.4481,0.0736,,,,
bob,0,28622548,390,0.002,0.1017,0.72,,-1.0205,0.448,0.0833,,,,
bob,0,28622548,391,0.0112,0.1076,0.74,,-1.0304,0.4479,0.0805,,,,
bob,0,28622548,392,0.0072,0.1034,0.62,,-1.0302,0.4477,0.0772,,,,
bob,0,28622548,393,0.01,0.1052,0.7000000000000001,,-1.0252,0.4476,0.0887,,,,
bob,0,28622548,394,0.01,0.1197,0.72,,-1.0145,0.4475,0.0938,,,,
bob,0,28622548,395,0.0055,0.1178,0.74,,-1.021,0.4473,0.0947,,,,
bob,0,28622548,396,0.0072,0.116,0.6799999999999999,,-1.0263,0.4472,0.0884,,,,
bob,0,28622548,397,0.0029,0.1153,0.7000000000000001,,-1.0208,0.4471,0.0831,,,,
bob,0,28622548,398,0.0046,0.1103,0.62,,-1.0198,0.4469,0.0848,,,,
bob,0,28622548,399,0.0042,0.107,0.64,,-1.0229,0.4468,0.0817,,,,
bob,0,28622548,400,0.0006,0.1174,0.66,,-1.0271,0.4467,0.0849,,,,
bob,0,28622548,401,0.0065,0.0917,0.58,,-1.0316,0.4465,0.0676,,,,
bob,0,28622548,402,0.0097,0.1233,0.8,,-1.0209,0.4464,0.0983,,,,
bob,0,28622548,403,0.0012,0.0965,0.62,,-1.0238,0.4463,0.069,,,,
bob,0,28622548,404,0.0072,0.0976,0.58,,-1.0278,0.4461,0.0681,,,,
bob,0,28622548,405,0.0017,0.1135,0.72,,-1.0296,0.446,0.087,,,,
bob,0,28622548,406,0.0059,0.1155,0.7000000000000001,,-1.0226,0.4459,0.084,,,,
bob,0,28622548,407,0.0013,0.1379,0.8,,-1.0224,0.4457,0.095,,,,
bob,0,28622548,408,0.0121,0.1413,0.8200000000000001,,-1.0268,0.4456,0.1045,,,,
bob,0,28622548,409,0.0106,0.139,0.84,,-1.0262,0.4455,0.1085,,,,
bob,0,28622548,410,0.0102,0.1133,0.6799999999999999,,-1.0336,0.4453,0.0926,,,,
bob,0,28622548,411,0.0015,0.1389,0.9400000000000001,,-1.0239,0.4452,0.107,,,,
bob,0,28622548,412,0.003,0.1351,0.8200000000000001,,-1.0321,0.4451,0.0992,,,,
bob,0,28622548,413,0.0125,0.117,0.6,,-1.0303,0.4449,0.0697,,,,
bob,0,28622548,414,0.0103,0.1051,0.76,,-1.0184,0.4448,0.0809,,,,
bob,0,28622548,415,0.0101,0.0928,0.5599999999999999,,-1.0244,0.4447,0.068,,,,
bob,0,28622548,416,0.0041,0.119,0.7799999999999999,,-1.0228,0.4445,0.1024,,,,
bob,0,28622548,417,0.0067,0.1241,0.8,,-1.0316,0.4444,0.0963,,,,
bob,0,28622548,418,0.0078,0.1357,0.9199999999999999,,-1.0168,0.4443,0.1081,,,,
bob,0,28622548,419,0.0028,0.1312,0.64,,-1.0197,0.4441,0.0898,,,,
bob,0,28622548,420,0.0112,0.1278,0.74,,-1.0145,0.444,0.0857,,,,
bob,0,28622548,421,0.011,0.1214,0.74,,-1.0385,0.4439,0.0871,,,,
bob,0,28622548,422,0.0046,0.0985,0.58,,-1.0215,0.4437,0.0727,,,,
bob,0,28622548,423,0.0021,0.118,0.7000000000000001,,-1.0094,0.4436,0.0819,,,,
bob,0,28622548,424,0.0043,0.1202,0.6799999999999999,,-1.0366,0.4435,0.0867,,,,
bob,0,28622548,425,0.0015,0.1232,0.7799999999999999,,-1.021,0.4433,0.0948,,,,
bob,0,28622548,426,0.0011,0.1369,0.88,,-1.0196,0.4432,0.1088,,,,
bob,0,28622548,427,0.0066,0.1243,0.6799999999999999,,-1.0293,0.4431,0.0885,,,,
bob,0,28622548,428,0.0086,0.1212,0.88,,-1.0243,0.4429,0.0986,,,,
bob,0,28622548,429,0.0139,0.1248,0.8200000000000001,,-1.0146,0.4428,0.1063,,,,
bob,0,28622548,430,0.0063,0.1149,0.58,,-0.993,0.4427,0.0797,,,,
bob,0,28622548,431,0.0021,0.1342,0.76,,-1.0136,0.4425,0.1018,,,,
bob,0,28622548,432,0.0008,0.1442,0.88,,-1.0216,0.4424,0.1028,,,,
bob,0,28622548,433,0.0033,0.1241,0.64,,-1.0221,0.4423,0.0864,,,,
bob,0,28622548,434,0.0012,0.1152,0.7799999999999999,,-1.0272,0.4421,0.0861,,,,
bob,0,28622548,435,0.0095,0.1131,0.6799999999999999,,-1.0214,0.442,0.0778,,,,
bob,0,28622548,436,0.0022,0.1209,0.76,,-1.0244,0.4419,0.0968,,,,
bob,0,28622548,437,0.009,0.1194,0.64,,-1.0292,0.4417,0.0975,,,,
bob,0,28622548,438,0.0013,0.1314,0.72,,-1.0081,0.4416,0.0995,,,,
bob,0,28622548,439,0.0121,0.1417,0.8200000000000001,,-1.0214,0.4415,0.1086,,,,
bob,0,28622548,440,0.0051,0.1261,0.76,,-1.0293,0.4413,0.0971,,,,
bob,0,28622548,441,0.009,0.113,0.74,,-1.0249,0.4412,0.0906,,,,
bob,0,28622548,442,0.0009,0.1415,0.8999999999999999,,-1.0257,0.4411,0.102,,,,
bob,0,28622548,443,0.0084,0.1232,0.76,,-1.0295,0.4409,0.0925,,,,
bob,0,28622548,444,0.0087,0.1166,0.74,,-1.0376,0.4408,0.0931,,,,
bob,0,28622548,445,0.009,0.1074,0.64,,-1.0255,0.4407,0.0814,,,,
bob,0,28622548,446,0.0099,0.1226,0.7000000000000001,,-1.0273,0.4405,0.0928,,,,
bob,0,28622548,447,0.0077,0.1262,0.76,,-1.0138,0.4404,0.1005,,,,
bob,0,28622548,448,0.0034,0.1144,0.7000000000000001,,-1.0213,0.4403,0.0853,,,,
bob,0,28622548,449,0.0035,0.1148,0.8,,-1.0254,0.4401,0.0848,,,,
bob,0,28622548,450,0.0003,0.122,0.72,,-1.0336,0.44,0.0873,,,,
bob,0,28622548,451,0.0036,0.1119,0.76,,-1.0251,0.4399,0.0814,,,,
bob,0,28622548,452,0.0026,0.1138,0.7000000000000001,,-1.0137,0.4397,0.0845,,,,
bob,0,28622548,453,0.002,0.1511,0.84,,-1.0076,0.4396,0.1147,,,,
bob,0,28622548,454,0.0059,0.1278,0.8,,-1.0275,0.4395,0.0967,,,,
bob,0,28622548,455,0.0017,0.1512,0.84,,-1.025,0.4393,0.11,,,,
bob,0,28622548,456,0.0015,0.1421,0.88,,-1.0128,0.4392,0.1122,,,,
bob,0,28622548,457,0.0069,0.1342,0.72,,-1.0311,0.4391,0.1028,,,,
bob,0,28622548,458,0.0032,0.1369,0.96,,-1.0249,0.4389,0.1073,,,,
bob,0,28622548,459,0.0124,0.1324,0.8200000000000001,,-1.0135,0.4388,0.0975,,,,
bob,0,28622548,460,0.0029,0.1397,0.7799999999999999,,-1.0218,0.4387,0.1043,,,,
bob,0,28622548,461,0.0087,0.1066,0.74,,-1.0234,0.4385,0.0931,,,,
bob,0,28622548,462,0.0036,0.1302,0.72,,-1.0261,0.4384,0.0941,,,,
bob,0,28622548,463,0.0019,0.1571,0.9400000000000001,,-1.0249,0.4383,0.108,,,,
bob,0,28622548,464,0.0154,0.1596,0.88,,-1.0249,0.4381,0.1122,,,,
bob,0,28622548,465,0.0088,0.1378,0.8999999999999999,,-1.0162,0.438,0.1094,,,,
bob,0,28622548,466,0.0072,0.1433,0.9199999999999999,,-1.0275,0.4379,0.1116,,,,
bob,0,28622548,467,0.0033,0.1433,0.74,,-1.0265,0.4377,0.1056,,,,
bob,0,28622548,468,0.0087,0.1385,0.9199999999999999,,-1.0034,0.4376,0.1082,,,,
bob,0,28622548,469,0.0034,0.146,0.98,,-1.0371,0.4375,0.1121,,,,
bob,0,28622548,470,0.0013,0.1491,1.02,,-1.0161,0.4373,0.1185,,,,
bob,0,28622548,471,0.0109,0.1285,0.74,,-1.0134,0.4372,0.0909,,,,
bob,0,28622548,472,0.0107,0.1371,0.86,,-1.0116,0.4371,0.1087,,,,
bob,0,28622548,473,0.0021,0.1402,0.88,,-1.0331,0.4369,0.1153,,,,
bob,0,28622548,474,0.0079,0.1254,0.74,,-1.0094,0.4368,0.0911,,,,
bob,0,28622548,475,0.0042,0.1112,0.6799999999999999,,-1.0345,0.4367,0.0861,,,,
bob,0,28622548,476,0.0067,0.1398,0.88,,-1.0252,0.4365,0.1126,,,,
bob,0,28622548,477,0.0019,0.1478,0.86,,-1.0333,0.4364,0.108,,,,
bob,0,28622548,478,0.0091,0.1116,0.72,,-1.0192,0.4363,0.0829,,,,
bob,0,28622548,479,0.0064,0.1445,0.96,,-1.0225,0.4361,0.1161,,,,
bob,0,28622548,480,0.0095,0.1519,1.0999999999999999,,-1.0206,0.436,0.1313,,,,
bob,0,28622548,481,0.0071,0.1541,0.9199999999999999,,-1.0118,0.4359,0.1148,,,,
bob,0,28622548,482,0.0068,0.1318,0.76,,-1.0108,0.4357,0.0967,,,,
bob,0,28622548,483,0.0034,0.1651,0.96,,-1.0192,0.4356,0.1236,,,,
bob,0,28622548,484,0.0076,0.1755,0.9199999999999999,,-1.0208,0.4355,0.1327,,,,
bob,0,28622548,485,0.003,0.1413,0.66,,-1.036,0.4353,0.1003,,,,
bob,0,28622548,486,0.0016,0.1417,0.8999999999999999,,-1.026,0.4352,0.1066,,,,
bob,0,28622548,487,0.0028,0.1708,1.08,,-1.0388,0.4351,0.1341,,,,
bob,0,28622548,488,0.0027,0.1471,0.9400000000000001,,-1.0411,0.4349,0.1203,,,,
bob,0,28622548,489,0.0059,0.1191,0.6799999999999999,,-1.0264,0.4348,0.0981,,,,
bob,0,28622548,490,0.0019,0.1572,1.06,,-1.0284,0.4347,0.1243,,,,
bob,0,28622548,491,0.0111,0.1305,0.74,,-1.0131,0.4345,0.1088,,,,
bob,0,28622548,492,0.0093,0.1246,0.74,,-1.0297,0.4344,0.0965,,,,
bob,0,28622548,493,0.0076,0.1331,0.86,,-1.0188,0.4343,0.0992,,,,
bob,0,28622548,494,0.0034,0.1416,1.04,,-1.0259,0.4341,0.113,,,,
bob,0,28622548,495,0.0048,0.1174,0.84,,-1.0362,0.434,0.0995,,,,
bob,0,28622548,496,0.0049,0.1426,0.9400000000000001,,-1.0191,0.4339,0.1132,,,,
bob,0,28622548,497,0.0061,0.1534,1.02,,-1.0327,0.4337,0.1316,,,,
bob,0,28622548,498,0.002,0.1529,0.86,,-1.0327,0.4336,0.1151,,,,
bob,0,28622548,499,0.0014,0.1804,1.16,,-1.021,0.4335,0.1404,,,,
bob,0,28622548,500,0.0013,0.1538,0.98,,-1.018,0.4333,0.1245,,,,
bob,0,28622548,501,0.004,0.1483,0.9400000000000001,,-1.0233,0.4332,0.1132,,,,
bob,0,28622548,502,0.0009,0.1559,0.9199999999999999,,-1.0159,0.4331,0.1177,,,,
bob,0,28622548,503,0.003,0.1577,0.98,,-1.0216,0.4329,0.1298,,,,
bob,0,28622548,504,0.0053,0.1994,1.3,,-1.0172,0.4328,0.1406,,,,
bob,0,28622548,505,0.0043,0.2125,1.5,,-1.0081,0.4327,0.1867,,,,
bob,0,28622548,506,0.0078,0.2043,1.3,,-1.0266,0.4325,0.1616,,,,
bob,0,28622548,507,0.0044,0.1746,1.1199999999999999,,-1.0293,0.4324,0.1445,,,,
bob,0,28622548,508,0.0046,0.164,1.02,,-1.0242,0.4323,0.1435,,,,
bob,0,28622548,509,0.0108,0.1398,0.98,,-1.0255,0.4321,0.1145,,,,
bob,0,28622548,510,0.0044,0.1172,0.8,,-1.0216,0.432,0.0874,,,,
bob,0,28622548,511,0.0033,0.142,0.8200000000000001,,-1.0116,0.4319,0.1097,,,,
bob,0,28622548,512,0.0042,0.142,0.86,,-1.0075,0.4317,0.1055,,,,
bob,0,28622548,513,0.0055,0.1579,0.9199999999999999,,-1.0092,0.4316,0.1168,,,,
bob,0,28622548,514,0.0086,0.1444,0.8,,-1.0191,0.4315,0.1095,,,,
bob,0,28622548,515,0.0023,0.1542,1.08,,-1.0131,0.4313,0.1281,,,,
bob,0,28622548,516,0.0027,0.1743,1.06,,-1.0165,0.4312,0.1485,,,,
bob,0,28622548,517,0.0015,0.1683,0.98,,-1.0245,0.4311,0.1356,,,,
bob,0,28622548,518,0.0074,0.1435,1.0,,-1.0218,0.4309,0.1135,,,,
bob,0,28622548,519,0.0073,0.1592,0.86,,-1.0225,0.4308,0.1043,,,,
bob,0,28622548,520,0.0115,0.1236,0.8,,-1.0214,0.4307,0.0943,,,,
bob,0,28622548,521,0.0037,0.1448,0.96,,-1.017,0.4305,0.1203,,,,
bob,0,28622548,522,0.008,0.1499,0.88,,-1.0187,0.4304,0.1104,,,,
bob,0,28622548,523,0.0027,0.1497,0.98,,-1.0294,0.4303,0.1105,,,,
bob,0,28622548,524,0.005,0.1485,0.98,,-1.0314,0.4301,0.1264,,,,
bob,0,28622548,525,0.0031,0.1689,1.04,,-1.0162,0.43,0.1199,,,,
bob,0,28622548,526,0.0034,0.1588,0.9400000000000001,,-1.0248,0.4299,0.1159,,,,
bob,0,28622548,527,0.0045,0.156,0.8999999999999999,,-1.0354,0.4297,0.1106,,,,
bob,0,28622548,528,0.0021,0.1526,0.9199999999999999,,-1.0201,0.4296,0.11,,,,
bob,0,28622548,529,0.0086,0.1731,1.16,,-1.0188,0.4295,0.1389,,,,
bob,0,28622548,530,0.0023,0.1586,0.9199999999999999,,-1.027,0.4293,0.1241,,,,
bob,0,28622548,531,0.0031,0.1539,0.9199999999999999,,-1.0282,0.4292,0.1126,,,,
bob,0,28622548,532,0.0061,0.1383,0.86,,-1.0295,0.4291,0.1084,,,,
bob,0,28622548,533,0.0096,0.1345,0.7000000000000001,,-1.0175,0.4289,0.0847,,,,
bob,0,28622548,534,0.0081,0.131,0.76,,-1.0121,0.4288,0.0988,,,,
bob,0,28622548,535,0.0035,0.1347,0.84,,-1.0162,0.4287,0.1009,,,,
bob,0,28622548,536,0.0041,0.1732,1.04,,-1.0221,0.4285,0.1299,,,,
bob,0,28622548,537,0.0113,0.1661,1.04,,-1.0157,0.4284,0.1199,,,,
bob,0,28622548,538,0.0032,0.1584,0.84,,-1.0194,0.4283,0.1165,,,,
bob,0,28622548,539,0.0065,0.1397,0.76,,-1.0157,0.4281,0.1031,,,,
bob,0,28622548,540,0.0052,0.1709,1.0999999999999999,,-1.0263,0.428,0.1257,,,,
bob,0,28622548,541,0.0035,0.1985,1.22,,-1.0253,0.4279,0.1551,,,,
bob,0,28622548,542,0.0168,0.1855,0.98,,-1.0076,0.4277,0.1397,,,,
bob,0,28622548,543,0.0062,0.173,1.1199999999999999,,-1.0361,0.4276,0.1338,,,,
bob,0,28622548,544,0.0099,0.1306,0.9199999999999999,,-1.0346,0.4275,0.119,,,,
bob,0,28622548,545,0.0067,0.144,0.9400000000000001,,-1.0096,0.4273,0.1113,,,,
bob,0,28622548,546,0.0072,0.1433,0.72,,-1.0201,0.4272,0.1066,,,,
bob,0,28622548,547,0.014,0.1611,0.9199999999999999,,-0.9876,0.4271,0.1138,,,,
bob,0,28622548,548,0.0146,0.1415,0.86,,-0.9845,0.4269,0.0949,,,,
bob,0,28622548,549,0.0058,0.1233,0.76,,-1.0309,0.4268,0.0992,,,,
bob,0,28622548,550,0.0051,0.1028,0.62,,-1.0414,0.4267,0.0762,,,,
bob,0,28622548,551,0.004,0.1199,0.8,,-1.0276,0.4265,0.0999,,,,
bob,0,28622548,552,0.0027,0.1462,0.86,,-1.0172,0.4264,0.1078,,,,
bob,0,28622548,553,0.0033,0.1402,0.86,,-1.0344,0.4263,0.1082,,,,
bob,0,28622548,554,0.0012,0.1761,1.0,,-1.0294,0.4261,0.1225,,,,
bob,0,28622548,555,0.0029,0.1609,0.88,,-1.0312,0.426,0.1293,,,,
bob,0,28622548,556,0.0023,0.1339,0.86,,-1.0283,0.4259,0.0967,,,,
bob,0,28622548,557,0.002,0.1487,1.02,,-1.027,0.4257,0.1107,,,,
bob,0,28622548,558,0.0024,0.1645,0.8999999999999999,,-1.0295,0.4256,0.1222,,,,
bob,0,28622548,559,0.0039,0.1641,1.22,,-1.0182,0.4255,0.1311,,,,
bob,0,28622548,560,0.0044,0.186,1.04,,-1.0219,0.4253,0.1317,,,,
bob,0,28622548,561,0.0018,0.1888,1.22,,-1.0273,0.4252,0.1505,,,,
bob,0,28622548,562,0.0042,0.1566,0.8999999999999999,,-1.0102,0.4251,0.1238,,,,
bob,0,28622548,563,0.0055,0.1869,1.1400000000000001,,-1.0168,0.4249,0.1456,,,,
bob,0,28622548,564,0.007,0.1633,1.16,,-1.0203,0.4248,0.132,,,,
bob,0,28622548,565,0.0052,0.2069,1.1400000000000001,,-1.0294,0.4247,0.1614,,,,
bob,0,28622548,566,0.0051,0.2079,1.26,,-1.0185,0.4245,0.1447,,,,
bob,0,28622548,567,0.0084,0.2584,1.6199999999999999,,-1.0251,0.4244,0.2031,,,,
bob,0,28622548,568,0.005,0.2036,1.24,,-1.0096,0.4243,0.164,,,,
bob,0,28622548,569,0.0069,0.1749,1.04,,-1.0136,0.4241,0.1434,,,,
bob,0,28622548,570,0.0048,0.1661,1.18,,-1.0147,0.424,0.1316,,,,
bob,0,28622548,571,0.0021,0.211,1.0,,-1.0157,0.4239,0.1418,,,,
bob,0,28622548,572,0.0047,0.2333,1.1199999999999999,,-1.0108,0.4237,0.1423,,,,
bob,0,28622548,573,0.0046,0.16,0.9400000000000001,,-1.023,0.4236,0.1155,,,,
bob,0,28622548,574,0.0046,0.1606,1.0,,-1.0287,0.4235,0.1185,,,,
bob,0,28622548,575,0.0031,0.1898,1.26,,-1.0203,0.4233,0.1523,,,,
bob,0,28622548,576,0.0045,0.1642,1.08,,-1.0121,0.4232,0.1391,,,,
bob,0,28622548,577,0.0052,0.1727,1.0999999999999999,,-1.0224,0.4231,0.1372,,,,
bob,0,28622548,578,0.0037,0.1767,1.1400000000000001,,-1.0158,0.4229,0.141,,,,
bob,0,28622548,579,0.0046,0.178,0.98,,-1.0229,0.4228,0.1435,,,,
bob,0,28622548,580,0.0066,0.1749,0.9400000000000001,,-0.9928,0.4227,0.128,,,,
bob,0,28622548,581,0.0122,0.1661,0.9199999999999999,,-1.0096,0.4225,0.1165,,,,
bob,0,28622548,582,0.0042,0.175,1.06,,-1.0122,0.4224,0.1344,,,,
bob,0,28622548,583,0.0039,0.1839,1.22,,-1.0187,0.4223,0.1489,,,,
bob,0,28622548,584,0.0076,0.1666,1.04,,-1.0305,0.4221,0.1294,,,,
bob,0,28622548,585,0.0032,0.1821,0.98,,-1.0273,0.422,0.1311,,,,
bob,0,28622548,586,0.0055,0.1761,1.08,,-1.0144,0.4219,0.1474,,,,
bob,0,28622548,587,0.0055,0.1748,1.08,,-1.0145,0.4217,0.1286,,,,
bob,0,28622548,588,0.0026,0.1484,0.8,,-1.015,0.4216,0.1154,,,,
bob,0,28622548,589,0.0056,0.1302,0.8,,-1.0229,0.4215,0.0962,,,,
bob,0,28622548,590,0.0028,0.139,0.7799999999999999,,-1.0259,0.4213,0.0968,,,,
bob,0,28622548,591,0.0026,0.1257,0.74,,-1.023,0.4212,0.0974,,,,
bob,0,28622548,592,0.0049,0.1626,1.16,,-1.0113,0.4211,0.1251,,,,
bob,0,28622548,593,0.0059,0.1362,0.8,,-1.0211,0.4209,0.1058,,,,
bob,0,28622548,594,0.0022,0.1547,0.96,,-1.0249,0.4208,0.1129,,,,
bob,0,28622548,595,0.0054,0.1587,0.8200000000000001,,-1.0307,0.4207,0.1228,,,,
bob,0,28622548,596,0.005,0.1759,1.08,,-1.0231,0.4205,0.123,,,,
bob,0,28622548,597,0.0072,0.1682,1.02,,-1.0227,0.4204,0.1367,,,,
bob,0,28622548,598,0.0025,0.1651,1.06,,-1.0191,0.4203,0.1153,,,,
bob,0,28622548,599,0.0093,0.1716,1.02,,-1.021,0.4201,0.1245,,,,
bob,0,28622548,600,0.0029,0.1404,0.8,,-1.0263,0.42,0.1038,,,,
bob,0,28622548,601,0.0038,0.185,1.0999999999999999,,-1.0205,0.4199,0.1416,,,,
bob,0,28622548,602,0.0009,0.1954,1.2,,-1.0198,0.4197,0.1504,,,,
bob,0,28622548,603,0.0036,0.1706,0.96,,-1.0176,0.4196,0.1305,,,,
bob,0,28622548,604,0.0058,0.1667,1.08,,-1.0062,0.4195,0.1255,,,,
bob,0,28622548,605,0.0073,0.1759,1.0,,-1.0191,0.4193,0.1347,,,,
bob,0,28622548,606,0.0053,0.166,0.96,,-1.0202,0.4192,0.129,,,,
bob,0,28622548,607,0.0022,0.1606,1.0,,-1.0135,0.4191,0.1203,,,,
bob,0,28622548,608,0.005,0.1538,0.98,,-1.0208,0.4189,0.1221,,,,
bob,0,28622548,609,0.0024,0.1824,1.2,,-1.0114,0.4188,0.1455,,,,
bob,0,28622548,610,0.0083,0.2186,1.28,,-1.0101,0.4187,0.1634,,,,
bob,0,28622548,611,0.0056,0.199,1.02,,-1.0245,0.4185,0.1474,,,,
bob,0,28622548,612,0.0062,0.1832,1.04,,-1.0208,0.4184,0.1417,,,,
bob,0,28622548,613,0.0078,0.1917,1.2,,-1.0147,0.4183,0.1439,,,,
bob,0,28622548,614,0.0057,0.1979,1.0,,-1.0216,0.4181,0.1336,,,,
bob,0,28622548,615,0.0083,0.1874,1.0,,-1.0257,0.418,0.1396,,,,
bob,0,28622548,616,0.0027,0.181,1.08,,-1.0182,0.4179,0.1442,,,,
bob,0,28622548,617,0.0039,0.1865,1.06,,-1.0218,0.4177,0.1318,,,,
bob,0,28622548,618,0.0025,0.1834,1.1199999999999999,,-1.0217,0.4176,0.1383,,,,
bob,0,28622548,619,0.0029,0.1944,1.24,,-1.0205,0.4175,0.1592,,,,
bob,0,28622548,620,0.0031,0.1837,1.08,,-1.0187,0.4173,0.1464,,,,
bob,0,28622548,621,0.0029,0.1739,1.1199999999999999,,-1.0173,0.4172,0.1217,,,,
bob,0,28622548,622,0.0036,0.2065,1.24,,-1.0184,0.4171,0.1468,,,,
bob,0,28622548,623,0.0085,0.1926,1.0,,-1.014,0.4169,0.1376,,,,
bob,0,28622548,624,0.0034,0.1672,0.9400000000000001,,-1.0086,0.4168,0.1209,,,,
bob,0,28622548,625,0.0088,0.1598,1.04,,-1.0124,0.4167,0.1348,,,,
bob,0,28622548,626,0.0039,0.2089,1.28,,-1.0131,0.4165,0.1553,,,,
bob,0,28622548,627,0.0109,0.1965,1.1400000000000001,,-1.0071,0.4164,0.1498,,,,
bob,0,28622548,628,0.0081,0.1645,0.98,,-1.0116,0.4163,0.125,,,,
bob,0,28622548,629,0.0135,0.1852,1.02,,-0.9985,0.4161,0.1275,,,,
bob,0,28622548,630,0.0114,0.1915,1.08,,-1.005,0.416,0.1216,,,,
bob,0,28622548,631,0.0176,0.1868,1.16,,-0.9997,0.4159,0.1364,,,,
bob,0,28622548,632,0.0119,0.1676,1.02,,-0.947,0.4157,0.1384,,,,
bob,0,28622548,633,0.0126,0.162,1.0,,-1.0224,0.4156,0.1346,,,,
bob,0,28622548,634,0.0074,0.1676,1.1199999999999999,,-1.0238,0.4155,0.1231,,,,
bob,0,28622548,635,0.0052,0.1736,1.1199999999999999,,-1.0201,0.4153,0.1269,,,,
bob,0,28622548,636,0.006,0.2123,1.1400000000000001,,-1.0197,0.4152,0.1576,,,,
bob,0,28622548,637,0.0059,0.1698,0.9199999999999999,,-1.0161,0.4151,0.1331,,,,
bob,0,28622548,638,0.0129,0.1631,0.98,,-1.0042,0.4149,0.1146,,,,
bob,0,28622548,639,0.0052,0.1901,1.1199999999999999,,-1.018,0.4148,0.1308,,,,
bob,0,28622548,640,0.0028,0.2169,1.3,,-1.0223,0.4147,0.157,,,,
bob,0,28622548,641,0.0043,0.1951,1.0,,-1.0209,0.4145,0.135,,,,
bob,0,28622548,642,0.004,0.1766,1.1400000000000001,,-1.0115,0.4144,0.1254,,,,
bob,0,28622548,643,0.0087,0.2009,1.1400000000000001,,-0.9986,0.4143,0.1465,,,,
bob,0,28622548,644,0.0053,0.2004,1.1199999999999999,,-1.0191,0.4141,0.1449,,,,
bob,0,28622548,645,0.0081,0.1486,0.84,,-1.0172,0.414,0.111,,,,
bob,0,28622548,646,0.0041,0.1707,0.8999999999999999,,-1.0136,0.4139,0.1185,,,,
bob,0,28622548,647,0.0097,0.1711,1.3,,-1.0068,0.4137,0.1403,,,,
bob,0,28622548,648,0.0047,0.1897,1.18,,-1.0001,0.4136,0.139,,,,
bob,0,28622548,649,0.0099,0.1769,1.0999999999999999,,-1.0087,0.4135,0.1314,,,,
bob,0,28622548,650,0.0016,0.2263,1.4200000000000002,,-1.016,0.4133,0.1722,,,,
bob,0,28622548,651,0.0061,0.2013,1.18,,-1.0061,0.4132,0.1442,,,,
bob,0,28622548,652,0.0059,0.2012,1.32,,-1.021,0.4131,0.165,,,,
bob,0,28622548,653,0.0055,0.2295,1.38,,-1.0267,0.4129,0.1759,,,,
bob,0,28622548,654,0.0062,0.2512,1.46,,-1.0223,0.4128,0.2062,,,,
bob,0,28622548,655,0.0029,0.2091,1.3599999999999999,,-1.0169,0.4127,0.1704,,,,
bob,0,28622548,656,0.0041,0.1986,1.18,,-1.0173,0.4125,0.1506,,,,
bob,0,28622548,657,0.0068,0.2156,1.3,,-1.0126,0.4124,0.1701,,,,
bob,0,28622548,658,0.0097,0.1622,0.9400000000000001,,-1.0134,0.4123,0.1185,,,,
bob,0,28622548,659,0.0053,0.1949,1.24,,-1.0201,0.4121,0.1582,,,,
bob,0,28622548,660,0.0042,0.197,1.28,,-1.0183,0.412,0.156,,,,
bob,0,28622548,661,0.0034,0.2298,1.4200000000000002,,-1.0232,0.4119,0.1868,,,,
bob,0,28622548,662,0.0038,0.2211,1.28,,-1.0225,0.4117,0.1768,,,,
bob,0,28622548,663,0.0036,0.2334,1.54,,-1.0163,0.4116,0.1833,,,,
bob,0,28622548,664,0.006,0.2163,1.28,,-1.0174,0.4115,0.165,,,,
bob,0,28622548,665,0.0073,0.2399,1.48,,-1.0067,0.4113,0.1819,,,,
bob,0,28622548,666,0.0093,0.229,1.48,,-1.0181,0.4112,0.1895,,,,
bob,0,28622548,667,0.0103,0.2412,1.58,,-1.0222,0.4111,0.1863,,,,
bob,0,28622548,668,0.004,0.2399,1.5599999999999998,,-1.0203,0.4109,0.1926,,,,
bob,0,28622548,669,0.0088,0.2002,1.18,,-1.0121,0.4108,0.164,,,,
bob,0,28622548,670,0.0103,0.1824,1.06,,-1.0096,0.4107,0.1486,,,,
bob,0,28622548,671,0.0025,0.167,0.9199999999999999,,-1.0259,0.4105,0.1217,,,,
bob,0,28622548,672,0.0034,0.1747,1.04,,-1.0195,0.4104,0.1284,,,,
bob,0,28622548,673,0.0028,0.2036,1.3,,-1.0127,0.4103,0.1653,,,,
bob,0,28622548,674,0.0068,0.2127,1.24,,-1.0082,0.4101,0.1659,,,,
bob,0,28622548,675,0.0148,0.1932,1.1400000000000001,,-0.996,0.41,0.1456,,,,
bob,0,28622548,676,0.0075,0.2056,1.3599999999999999,,-1.0174,0.4099,0.1642,,,,
bob,0,28622548,677,0.0044,0.1717,1.0,,-1.01,0.4097,0.1262,,,,
bob,0,28622548,678,0.0038,0.2086,1.38,,-1.0137,0.4096,0.1619,,,,
bob,0,28622548,679,0.009,0.2486,1.2,,-1.016,0.4095,0.1815,,,,
bob,0,28622548,680,0.0029,0.2058,1.28,,-1.0096,0.4093,0.1625,,,,
bob,0,28622548,681,0.0111,0.1917,1.1400000000000001,,-1.0121,0.4092,0.1377,,,,
bob,0,28622548,682,0.0065,0.1651,0.98,,-0.9858,0.4091,0.1135,,,,
bob,0,28622548,683,0.0084,0.2017,1.22,,-0.9933,0.4089,0.147,,,,
bob,0,28622548,684,0.0063,0.2158,1.46,,-1.0167,0.4088,0.1804,,,,
bob,0,28639573,685,0.0061,0.2239,1.3,,-1.1265,0.4087,0.176,,,,
bob,0,28639573,686,0.003,0.2589,1.5599999999999998,,-1.0168,0.4085,0.2035,,,,
bob,0,28639573,687,0.0242,0.2482,1.66,,-0.9884,0.4084,0.2114,,,,
bob,0,28639573,688,0.0062,0.2631,1.32,,-1.0778,0.4083,0.1978,,,,
bob,0,28639573,689,0.0059,0.274,1.76,,-1.0689,0.4081,0.2365,,,,
bob,0,28639573,690,0.002,0.3,1.6,,-1.0863,0.408,0.2204,,,,
bob,0,28639573,691,0.0071,0.3002,1.76,,-1.0722,0.4079,0.2327,,,,
bob,0,28639573,692,0.0039,0.2754,1.68,,-1.0643,0.4077,0.2281,,,,
bob,0,28639573,693,0.0064,0.2401,1.4200000000000002,,-1.0461,0.4076,0.2062,,,,
bob,0,28639573,694,0.0067,0.2499,1.44,,-1.0575,0.4075,0.1787,,,,
bob,0,28639573,695,0.0067,0.2517,1.44,,-1.0557,0.4073,0.1927,,,,
bob,0,28639573,696,0.0102,0.2724,1.6199999999999999,,-1.0484,0.4072,0.2183,,,,
bob,0,28639573,697,0.0049,0.2425,1.5599999999999998,,-1.0465,0.4071,0.2049,,,,
bob,0,28639573,698,0.0067,0.2142,1.1199999999999999,,-1.0383,0.4069,0.1589,,,,
bob,0,28639573,699,0.0072,0.217,1.4000000000000001,,-1.0419,0.4068,0.1816,,,,
bob,0,28639573,700,0.0072,0.2075,1.3,,-1.0339,0.4067,0.1753,,,,
bob,0,28639573,701,0.0054,0.2013,1.18,,-1.0248,0.4065,0.1602,,,,
bob,0,28639573,702,0.0117,0.2401,1.3599999999999999,,-1.014,0.4064,0.1936,,,,
bob,0,28639573,703,0.0076,0.2433,1.34,,-1.0292,0.4063,0.1881,,,,
bob,0,28639573,704,0.0088,0.2203,1.4000000000000001,,-1.0223,0.4061,0.1824,,,,
bob,0,28639573,705,0.0073,0.2203,1.26,,-1.0326,0.406,0.1711,,,,
bob,0,28639573,706,0.0069,0.2319,1.32,,-1.0277,0.4059,0.1557,,,,
bob,0,28639573,707,0.0082,0.2438,1.44,,-1.0313,0.4057,0.1936,,,,
bob,0,28639573,708,0.0107,0.2283,1.34,,-1.026,0.4056,0.1712,,,,
bob,0,28639573,709,0.0096,0.2303,1.3599999999999999,,-1.0296,0.4055,0.1774,,,,
bob,0,28639573,710,0.0102,0.2288,1.54,,-1.0421,0.4053,0.186,,,,
bob,0,28639573,711,0.0107,0.219,1.28,,-1.0376,0.4052,0.1711,,,,
bob,0,28639573,712,0.0097,0.2202,1.3,,-1.0352,0.4051,0.1687,,,,
bob,0,28639573,713,0.0117,0.2317,1.34,,-1.027,0.4049,0.1779,,,,
bob,0,28639573,714,0.0125,0.225,1.34,,-1.0412,0.4048,0.1763,,,,
bob,0,28639573,715,0.0114,0.2164,1.2,,-1.0281,0.4047,0.1574,,,,
bob,0,28639573,716,0.0119,0.2107,1.1400000000000001,,-1.0521,0.4045,0.1628,,,,
bob,0,28639573,717,0.0111,0.2126,1.18,,-1.0411,0.4044,0.1573,,,,
bob,0,28639573,718,0.0108,0.2098,1.3,,-1.0386,0.4043,0.1697,,,,
bob,0,28639573,719,0.0112,0.2036,1.0999999999999999,,-1.0241,0.4041,0.1505,,,,
bob,0,28639573,720,0.013,0.192,1.06,,-1.043,0.404,0.1447,,,,
bob,0,28639573,721,0.0127,0.1907,1.1400000000000001,,-1.037,0.4039,0.1572,,,,
bob,0,28639573,722,0.0121,0.2118,1.24,,-1.0341,0.4037,0.1662,,,,
bob,0,28639573,723,0.0123,0.2275,1.38,,-1.049,0.4036,0.1921,,,,
bob,0,28639573,724,0.0148,0.2236,1.34,,-1.0357,0.4035,0.1795,,,,
bob,0,28639573,725,0.0109,0.2097,1.22,,-1.0373,0.4033,0.1641,,,,
bob,0,28639573,726,0.0108,0.2092,1.08,,-1.0141,0.4032,0.1598,,,,
bob,0,28639573,727,0.0113,0.2153,1.24,,-1.0405,0.4031,0.1725,,,,
bob,0,28639573,728,0.0111,0.2184,1.16,,-1.036,0.4029,0.1736,,,,
bob,0,28639573,729,0.0128,0.2243,1.2,,-1.0405,0.4028,0.1627,,,,
bob,0,28639573,730,0.0133,0.2152,1.32,,-1.03,0.4027,0.1658,,,,
bob,0,28639573,731,0.0112,0.2291,1.5,,-1.0407,0.4025,0.1875,,,,
bob,0,28639573,732,0.012,0.2442,1.38,,-1.0592,0.4024,0.1885,,,,
bob,0,28639573,733,0.0111,0.2141,1.26,,-1.0235,0.4023,0.163,,,,
bob,0,28639573,734,0.0113,0.2078,1.1400000000000001,,-1.0521,0.4021,0.1578,,,,
bob,0,28639573,735,0.0109,0.2138,1.34,,-1.0402,0.402,0.1795,,,,
bob,0,28639573,736,0.012,0.2279,1.32,,-1.0305,0.4019,0.1821,,,,
bob,0,28639573,737,0.0155,0.2364,1.3599999999999999,,-1.0395,0.4017,0.1764,,,,
bob,0,28639573,738,0.0125,0.2176,1.28,,-1.0337,0.4016,0.1766,,,,
bob,0,28639573,739,0.0147,0.2085,1.22,,-1.0321,0.4015,0.1642,,,,
bob,0,28639573,740,0.0133,0.2068,1.2,,-1.0396,0.4013,0.1624,,,,
bob,0,28639573,741,0.0119,0.2242,1.3,,-1.0335,0.4012,0.1858,,,,
bob,0,28639573,742,0.0128,0.213,1.26,,-1.0393,0.4011,0.1599,,,,
bob,0,28639573,743,0.0135,0.2056,1.2,,-1.0342,0.4009,0.1662,,,,
bob,0,28639573,744,0.0117,0.2143,1.26,,-1.0417,0.4008,0.1725,,,,
bob,0,28639573,745,0.0124,0.2066,1.1199999999999999,,-1.0465,0.4007,0.1622,,,,
bob,0,28639573,746,0.0135,0.2017,1.2,,-1.0368,0.4005,0.1619,,,,
bob,0,28639573,747,0.0131,0.1727,1.04,,-1.0413,0.4004,0.1396,,,,
bob,0,28639573,748,0.0143,0.2029,1.18,,-1.0481,0.4003,0.1719,,,,
bob,0,28639573,749,0.0159,0.2129,1.32,,-1.0425,0.4001,0.1732,,,,
bob,0,28639573,750,0.0115,0.2071,1.26,,-1.0408,0.4,0.166,,,,
bob,0,28639573,751,0.0037,0.2021,1.3,,-1.0331,0.3999,0.1781,,,,
bob,0,28639573,752,0.0059,0.2299,1.44,,-1.0352,0.3997,0.188,,,,
bob,0,28639573,753,0.0184,0.1948,1.1400000000000001,,-1.0294,0.3996,0.1565,,,,
bob,0,28639573,754,0.0039,0.2106,1.24,,-1.0346,0.3995,0.1624,,,,
bob,0,28639573,755,0.0177,0.2296,1.26,,-1.0377,0.3993,0.1732,,,,
bob,0,28639573,756,0.016,0.1934,1.06,,-1.0307,0.3992,0.1528,,,,
bob,0,28639573,757,0.0147,0.2012,1.18,,-1.0235,0.3991,0.1658,,,,
bob,0,28639573,758,0.0031,0.2165,1.24,,-1.0312,0.3989,0.1689,,,,
bob,0,28639573,759,0.0028,0.2106,1.22,,-1.0354,0.3988,0.1667,,,,
bob,0,28639573,760,0.0154,0.2233,1.24,,-1.0212,0.3987,0.1731,,,,
bob,0,28639573,761,0.0174,0.2102,1.24,,-1.0256,0.3985,0.1756,,,,
bob,0,28639573,762,0.0069,0.2016,1.16,,-1.0294,0.3984,0.157,,,,
bob,0,28639573,763,0.017,0.2276,1.4200000000000002,,-1.0218,0.3983,0.1853,,,,
bob,0,28639573,764,0.0051,0.1956,1.2,,-1.0219,0.3981,0.1536,,,,
bob,0,28639573,765,0.0163,0.209,1.32,,-1.0223,0.398,0.1729,,,,
bob,0,28639573,766,0.0076,0.2018,1.26,,-1.007,0.3979,0.1576,,,,
bob,0,28639573,767,0.0049,0.189,1.18,,-1.0294,0.3977,0.1562,,,,
bob,0,28639573,768,0.0198,0.2126,1.48,,-1.0288,0.3976,0.1779,,,,
bob,0,28639573,769,0.016,0.2112,1.16,,-1.0234,0.3975,0.1662,,,,
bob,0,28639573,770,0.0168,0.1955,1.1400000000000001,,-1.034,0.3973,0.1663,,,,
bob,0,28639573,771,0.0135,0.1842,1.1400000000000001,,-1.0342,0.3972,0.1492,,,,
bob,0,28639573,772,0.004,0.1986,1.2,,-1.0344,0.3971,0.1577,,,,
bob,0,28639573,773,0.0137,0.2011,1.1400000000000001,,-1.0369,0.3969,0.1598,,,,
bob,0,28639573,774,0.0168,0.2021,1.38,,-1.0423,0.3968,0.1831,,,,
bob,0,28639573,775,0.0025,0.2084,1.16,,-1.0266,0.3967,0.1676,,,,
bob,0,28639573,776,0.0038,0.2254,1.4000000000000001,,-1.0339,0.3965,0.1858,,,,
bob,0,28639573,777,0.0041,0.2012,1.28,,-1.0284,0.3964,0.1673,,,,
bob,0,28639573,778,0.0167,0.1944,1.16,,-1.0371,0.3963,0.1637,,,,
bob,0,28639573,779,0.0037,0.2196,1.22,,-1.0322,0.3961,0.176,,,,
bob,0,28639573,780,0.0159,0.2166,1.3,,-1.0298,0.396,0.1694,,,,
bob,0,28639573,781,0.0033,0.2176,1.34,,-1.0301,0.3959,0.1703,,,,
bob,0,28639573,782,0.0145,0.2011,1.18,,-1.0264,0.3957,0.1711,,,,
bob,0,28639573,783,0.0045,0.1812,1.2,,-1.0297,0.3956,0.1584,,,,
bob,0,28639573,784,0.0043,0.2247,1.3599999999999999,,-1.0289,0.3955,0.1693,,,,
bob,0,28639573,785,0.0057,0.2132,1.3,,-1.0315,0.3953,0.1764,,,,
bob,0,28639573,786,0.004,0.1899,1.18,,-1.0329,0.3952,0.1517,,,,
bob,0,28639573,787,0.004,0.2011,1.0999999999999999,,-1.0301,0.3951,0.1464,,,,
bob,0,28639573,788,0.0051,0.1895,1.18,,-1.0285,0.3949,0.1526,,,,
bob,0,28639573,789,0.0203,0.2164,1.32,,-1.0299,0.3948,0.1791,,,,
bob,0,28639573,790,0.0185,0.2011,1.2,,-1.0456,0.3947,0.1556,,,,
bob,0,28639573,791,0.0174,0.2468,1.5,,-1.0286,0.3945,0.1939,,,,
bob,0,28639573,792,0.0173,0.2132,1.16,,-1.0473,0.3944,0.1668,,,,
bob,0,28639573,793,0.0046,0.2,1.1199999999999999,,-1.0317,0.3943,0.1602,,,,
bob,0,28639573,794,0.0166,0.2307,1.54,,-1.0261,0.3941,0.1902,,,,
bob,0,28639573,795,0.0181,0.2328,1.28,,-1.041,0.394,0.1774,,,,
bob,0,28639573,796,0.0027,0.2041,1.34,,-1.0342,0.3939,0.1777,,,,
bob,0,28639573,797,0.0166,0.218,1.34,,-1.0422,0.3937,0.183,,,,
bob,0,28639573,798,0.0038,0.2293,1.48,,-1.0442,0.3936,0.185,,,,
bob,0,28639573,799,0.0163,0.2072,1.24,,-1.0334,0.3935,0.153,,,,
bob,0,28639573,800,0.0183,0.2134,1.24,,-1.0262,0.3933,0.1641,,,,
bob,0,28639573,801,0.0153,0.2096,1.18,,-1.0181,0.3932,0.1593,,,,
bob,0,28639573,802,0.0155,0.2048,1.32,,-1.0215,0.3931,0.1595,,,,
bob,0,28639573,803,0.0047,0.2265,1.24,,-1.0308,0.3929,0.1647,,,,
bob,0,28639573,804,0.0076,0.1984,1.28,,-1.025,0.3928,0.1676,,,,
bob,0,28639573,805,0.006,0.1919,1.16,,-1.0018,0.3927,0.1505,,,,
bob,0,28639573,806,0.021,0.1888,1.26,,-1.0241,0.3925,0.1513,,,,
bob,0,28639573,807,0.0164,0.1865,1.16,,-1.0279,0.3924,0.1416,,,,
bob,0,28639573,808,0.0172,0.1929,1.18,,-1.0333,0.3923,0.1509,,,,
bob,0,28639573,809,0.0202,0.2051,1.2,,-1.0297,0.3921,0.1585,,,,
bob,0,28639573,810,0.0167,0.1894,1.16,,-1.0333,0.392,0.1493,,,,
bob,0,28639573,811,0.0039,0.1942,1.16,,-1.0293,0.3919,0.1483,,,,
bob,0,28639573,812,0.0039,0.1821,1.1199999999999999,,-1.032,0.3917,0.1478,,,,
bob,0,28639573,813,0.0208,0.184,1.06,,-1.0248,0.3916,0.1457,,,,
bob,0,28639573,814,0.006,0.1875,1.0999999999999999,,-1.0342,0.3915,0.1488,,,,
bob,0,28639573,815,0.0035,0.2228,1.4200000000000002,,-1.0376,0.3913,0.1789,,,,
bob,0,28639573,816,0.0037,0.2024,1.1400000000000001,,-1.0311,0.3912,0.149,,,,
bob,0,28639573,817,0.0063,0.1776,0.9199999999999999,,-1.0332,0.3911,0.1277,,,,
bob,0,28639573,818,0.0053,0.1868,1.22,,-1.037,0.3909,0.1583,,,,
bob,0,28639573,819,0.0188,0.2064,1.26,,-1.0223,0.3908,0.1608,,,,
bob,0,28639573,820,0.0212,0.1958,1.0999999999999999,,-1.0173,0.3907,0.1468,,,,
bob,0,28639573,821,0.003,0.2023,1.2,,-1.03,0.3905,0.1568,,,,
bob,0,28639573,822,0.0057,0.1949,1.18,,-1.0333,0.3904,0.1667,,,,
bob,0,28639573,823,0.0197,0.1913,0.98,,-1.0401,0.3903,0.1469,,,,
bob,0,28639573,824,0.0037,0.1921,1.16,,-1.0291,0.3901,0.1536,,,,
bob,0,28639573,825,0.0194,0.203,1.3,,-1.0411,0.39,0.1597,,,,
bob,0,28639573,826,0.0024,0.2076,1.08,,-1.0288,0.3899,0.1507,,,,
bob,0,28639573,827,0.006,0.2094,1.4000000000000001,,-1.038,0.3897,0.1786,,,,
bob,0,28639573,828,0.0039,0.2429,1.48,,-1.0322,0.3896,0.195,,,,
bob,0,28639573,829,0.0046,0.245,1.46,,-1.0301,0.3895,0.181,,,,
bob,0,28639573,830,0.0063,0.2133,1.32,,-1.0287,0.3893,0.1681,,,,
bob,0,28639573,831,0.0224,0.2111,1.24,,-1.0282,0.3892,0.1637,,,,
bob,0,28639573,832,0.0227,0.2134,1.26,,-1.0263,0.3891,0.1796,,,,
bob,0,28639573,833,0.0048,0.223,1.34,,-1.021,0.3889,0.1786,,,,
bob,0,28639573,834,0.0085,0.2082,1.4000000000000001,,-1.0236,0.3888,0.1816,,,,
bob,0,28639573,835,0.0072,0.2038,1.08,,-1.0333,0.3887,0.1441,,,,
bob,0,28639573,836,0.0056,0.2046,1.3,,-1.0235,0.3885,0.1627,,,,
bob,0,28639573,837,0.0059,0.2292,1.44,,-1.0137,0.3884,0.1769,,,,
bob,0,28639573,838,0.0227,0.2192,1.48,,-1.0283,0.3883,0.2006,,,,
bob,0,28639573,839,0.0056,0.196,1.1400000000000001,,-1.0424,0.3881,0.1585,,,,
bob,0,28639573,840,0.0188,0.1954,1.1199999999999999,,-1.0346,0.388,0.1591,,,,
bob,0,28639573,841,0.0184,0.1945,1.18,,-1.038,0.3879,0.1572,,,,
bob,0,28639573,842,0.0067,0.2105,1.24,,-1.0275,0.3877,0.1646,,,,
bob,0,28639573,843,0.0186,0.2099,1.18,,-1.0299,0.3876,0.1716,,,,
bob,0,28639573,844,0.0078,0.2105,1.3599999999999999,,-1.0134,0.3875,0.1732,,,,
bob,0,28639573,845,0.0071,0.2016,1.1199999999999999,,-1.0266,0.3873,0.1609,,,,
bob,0,28639573,846,0.0056,0.2242,1.44,,-1.0322,0.3872,0.1744,,,,
bob,0,28639573,847,0.0162,0.2138,1.34,,-1.0442,0.3871,0.1752,,,,
bob,0,28639573,848,0.0158,0.1964,1.0999999999999999,,-1.0343,0.3869,0.1553,,,,
bob,0,28639573,849,0.0142,0.2117,1.26,,-1.0295,0.3868,0.1662,,,,
bob,0,28639573,850,0.0066,0.2064,1.26,,-1.0494,0.3867,0.1649,,,,
bob,0,28639573,851,0.004,0.2245,1.38,,-1.0309,0.3865,0.1778,,,,
bob,0,28639573,852,0.0047,0.2153,1.46,,-1.0298,0.3864,0.1845,,,,
bob,0,28639573,853,0.0049,0.1929,1.1199999999999999,,-1.0349,0.3863,0.155,,,,
bob,0,28639573,854,0.0026,0.2016,1.32,,-1.0359,0.3861,0.159,,,,
bob,0,28639573,855,0.0201,0.1922,1.16,,-1.0374,0.386,0.1565,,,,
bob,0,28639573,856,0.0046,0.2092,1.4000000000000001,,-1.0359,0.3859,0.181,,,,
bob,0,28639573,857,0.0176,0.2094,1.26,,-1.0113,0.3857,0.1608,,,,
bob,0,28639573,858,0.0201,0.1998,1.28,,-1.0325,0.3856,0.1585,,,,
bob,0,28639573,859,0.0044,0.2216,1.0999999999999999,,-1.0425,0.3855,0.1681,,,,
bob,0,28639573,860,0.0066,0.1928,1.0,,-1.025,0.3853,0.1528,,,,
bob,0,28639573,861,0.0045,0.1892,1.1400000000000001,,-1.04,0.3852,0.1517,,,,
bob,0,28639573,862,0.0187,0.193,1.32,,-1.0221,0.3851,0.1656,,,,
bob,0,28639573,863,0.0032,0.1666,0.98,,-1.0479,0.3849,0.1314,,,,
bob,0,28639573,864,0.0188,0.1696,1.08,,-1.0407,0.3848,0.1408,,,,
bob,0,28639573,865,0.0045,0.2069,1.16,,-1.0366,0.3847,0.1606,,,,
bob,0,28639573,866,0.02,0.1821,1.02,,-1.0392,0.3845,0.1408,,,,
bob,0,28639573,867,0.0031,0.2064,1.38,,-1.0299,0.3844,0.1644,,,,
bob,0,28639573,868,0.0052,0.2113,1.28,,-1.0286,0.3843,0.1693,,,,
bob,0,28639573,869,0.0038,0.2062,1.24,,-1.0237,0.3841,0.1616,,,,
bob,0,28639573,870,0.0222,0.1984,1.18,,-1.0344,0.384,0.1571,,,,
bob,0,28639573,871,0.0222,0.1944,1.2,,-1.0444,0.3839,0.1602,,,,
bob,0,28639573,872,0.005,0.1801,1.1199999999999999,,-1.0337,0.3837,0.1378,,,,
bob,0,28639573,873,0.0054,0.2193,1.3599999999999999,,-1.0412,0.3836,0.1665,,,,
bob,0,28639573,874,0.0217,0.191,1.1400000000000001,,-1.0331,0.3835,0.1524,,,,
bob,0,28639573,875,0.0075,0.1881,1.16,,-1.0284,0.3833,0.1473,,,,
bob,0,28639573,876,0.0049,0.2429,1.58,,-1.0361,0.3832,0.18,,,,
bob,0,28639573,877,0.0043,0.2428,1.3,,-1.0266,0.3831,0.1681,,,,
bob,0,28639573,878,0.0221,0.2118,1.24,,-1.0253,0.3829,0.1593,,,,
bob,0,28639573,879,0.0085,0.2215,1.3599999999999999,,-1.032,0.3828,0.1693,,,,
bob,0,28639573,880,0.007,0.2441,1.44,,-1.0346,0.3827,0.1966,,,,
bob,0,28639573,881,0.0055,0.2248,1.4000000000000001,,-1.0206,0.3825,0.1846,,,,
bob,0,28639573,882,0.0068,0.2379,1.4000000000000001,,-1.0266,0.3824,0.1916,,,,
bob,0,28639573,883,0.003,0.205,1.32,,-1.0352,0.3823,0.1681,,,,
bob,0,28639573,884,0.0058,0.2121,1.1400000000000001,,-1.019,0.3821,0.1564,,,,
bob,0,28639573,885,0.0236,0.2408,1.5599999999999998,,-1.0231,0.382,0.1963,,,,
bob,0,28639573,886,0.0066,0.2084,1.26,,-1.0337,0.3819,0.1593,,,,
bob,0,28639573,887,0.0043,0.2158,1.32,,-1.0293,0.3817,0.1883,,,,
bob,0,28639573,888,0.0055,0.2159,1.3,,-1.0226,0.3816,0.1637,,,,
bob,0,28639573,889,0.0206,0.1958,1.28,,-1.0096,0.3815,0.1598,,,,
bob,0,28639573,890,0.0091,0.2161,1.24,,-1.0157,0.3813,0.1597,,,,
bob,0,28639573,891,0.0055,0.222,1.38,,-1.0366,0.3812,0.1809,,,,
bob,0,28639573,892,0.0079,0.2126,1.22,,-1.0263,0.3811,0.1711,,,,
bob,0,28639573,893,0.0077,0.2131,1.26,,-1.0361,0.3809,0.1726,,,,
bob,0,28639573,894,0.0115,0.2087,1.1400000000000001,,-1.0155,0.3808,0.1573,,,,
bob,0,28639573,895,0.007,0.1869,1.1199999999999999,,-1.0306,0.3807,0.1505,,,,
bob,0,28639573,896,0.007,0.2385,1.5,,-1.0326,0.3805,0.1925,,,,
bob,0,28639573,897,0.0178,0.1969,1.0999999999999999,,-1.03,0.3804,0.1517,,,,
bob,0,28639573,898,0.0037,0.2104,1.24,,-1.0173,0.3803,0.1633,,,,
bob,0,28639573,899,0.0053,0.2244,1.32,,-1.027,0.3801,0.18,,,,
bob,0,28639573,900,0.0074,0.2036,1.24,,-1.0319,0.38,0.1688,,,,
bob,0,28639573,901,0.0228,0.2238,1.16,,-1.0208,0.3799,0.1704,,,,
bob,0,28639573,902,0.0126,0.2382,1.5,,-1.0258,0.3797,0.1873,,,,
bob,0,28639573,903,0.0045,0.2294,1.48,,-1.0369,0.3796,0.1939,,,,
bob,0,28639573,904,0.0081,0.2155,1.32,,-1.0276,0.3795,0.1705,,,,
bob,0,28639573,905,0.0054,0.2018,1.26,,-1.0368,0.3793,0.1599,,,,
bob,0,28639573,906,0.0036,0.2442,1.38,,-1.0438,0.3792,0.1775,,,,
bob,0,28639573,907,0.0031,0.2325,1.4000000000000001,,-1.0417,0.3791,0.1871,,,,
bob,0,28639573,908,0.0052,0.2483,1.48,,-1.0208,0.3789,0.196,,,,
bob,0,28639573,909,0.0033,0.2062,1.08,,-1.0358,0.3788,0.1599,,,,
bob,0,28639573,910,0.007,0.2044,1.28,,-1.0278,0.3787,0.156,,,,
bob,0,28639573,911,0.0043,0.2014,1.22,,-1.0326,0.3785,0.1632,,,,
bob,0,28639573,912,0.0038,0.2177,1.3,,-1.0278,0.3784,0.1657,,,,
bob,0,28639573,913,0.0206,0.2308,1.3599999999999999,,-1.0212,0.3783,0.1855,,,,
bob,0,28639573,914,0.0054,0.2607,1.76,,-1.0338,0.3781,0.2159,,,,
bob,0,28639573,915,0.0023,0.2208,1.34,,-1.0276,0.378,0.1717,,,,
bob,0,28639573,916,0.0026,0.2266,1.24,,-1.0284,0.3779,0.1705,,,,
bob,0,28639573,917,0.0071,0.207,1.1199999999999999,,-1.0276,0.3777,0.163,,,,
bob,0,28639573,918,0.0215,0.202,1.3599999999999999,,-1.0316,0.3776,0.1695,,,,
bob,0,28639573,919,0.0223,0.2031,1.2,,-1.0299,0.3775,0.156,,,,
bob,0,28639573,920,0.0059,0.204,1.24,,-1.0323,0.3773,0.1566,,,,
bob,0,28639573,921,0.0015,0.1983,1.1400000000000001,,-1.0404,0.3772,0.1553,,,,
bob,0,28639573,922,0.0039,0.2205,1.3,,-1.0288,0.3771,0.1784,,,,
bob,0,28639573,923,0.006,0.1805,1.1400000000000001,,-1.023,0.3769,0.1426,,,,
bob,0,28639573,924,0.0037,0.2018,1.0999999999999999,,-1.0349,0.3768,0.1553,,,,
bob,0,28639573,925,0.0015,0.2107,1.2,,-1.037,0.3767,0.1575,,,,
bob,0,28639573,926,0.0083,0.1947,1.2,,-1.0393,0.3765,0.1586,,,,
bob,0,28639573,927,0.0088,0.1927,1.26,,-1.0472,0.3764,0.1656,,,,
bob,0,28639573,928,0.0037,0.205,1.2,,-1.0329,0.3763,0.1645,,,,
bob,0,28639573,929,0.006,0.2056,1.3,,-1.0366,0.3761,0.1678,,,,
bob,0,28639573,930,0.0089,0.2142,1.5,,-1.0306,0.376,0.182,,,,
bob,0,28639573,931,0.0027,0.2075,1.2,,-1.0411,0.3759,0.1642,,,,
bob,0,28639573,932,0.0088,0.2509,1.68,,-1.0302,0.3757,0.2018,,,,
bob,0,28639573,933,0.0042,0.2276,1.48,,-1.0293,0.3756,0.18,,,,
bob,0,28639573,934,0.0212,0.2095,1.3,,-1.0268,0.3755,0.1643,,,,
bob,0,28639573,935,0.0052,0.2266,1.2,,-1.038,0.3753,0.1639,,,,
bob,0,28639573,936,0.0041,0.2184,1.1400000000000001,,-1.0376,0.3752,0.1695,,,,
bob,0,28639573,937,0.0054,0.2232,1.38,,-1.0178,0.3751,0.1744,,,,
bob,0,28639573,938,0.0184,0.2307,1.44,,-1.0204,0.3749,0.1883,,,,
bob,0,28639573,939,0.0048,0.1993,1.24,,-1.0243,0.3748,0.1622,,,,
bob,0,28639573,940,0.0186,0.1874,1.04,,-1.0159,0.3747,0.1536,,,,
bob,0,28639573,941,0.0081,0.2132,1.34,,-1.017,0.3745,0.1826,,,,
bob,0,28639573,942,0.0082,0.2006,1.4000000000000001,,-1.012,0.3744,0.1702,,,,
bob,0,28639573,943,0.0053,0.2054,1.24,,-1.031,0.3743,0.1635,,,,
bob,0,28639573,944,0.0057,0.208,1.18,,-1.0406,0.3741,0.1543,,,,
bob,0,28639573,945,0.0073,0.204,1.16,,-1.0239,0.374,0.1463,,,,
bob,0,28639573,946,0.0037,0.2276,1.38,,-1.0335,0.3739,0.1769,,,,
bob,0,28639573,947,0.0031,0.2044,1.18,,-1.029,0.3737,0.1615,,,,
bob,0,28639573,948,0.0056,0.2125,1.34,,-1.025,0.3736,0.1786,,,,
bob,0,28639573,949,0.0228,0.1846,1.08,,-1.0262,0.3735,0.1369,,,,
bob,0,28639573,950,0.002,0.2132,1.34,,-1.0218,0.3733,0.1673,,,,
bob,0,28639573,951,0.0046,0.2112,1.32,,-1.0305,0.3732,0.1629,,,,
bob,0,28639573,952,0.0072,0.2038,1.34,,-1.0254,0.3731,0.1559,,,,
bob,0,28639573,953,0.002,0.2292,1.44,,-1.0282,0.3729,0.1807,,,,
bob,0,28639573,954,0.0054,0.2147,1.1199999999999999,,-1.0267,0.3728,0.1464,,,,
bob,0,28639573,955,0.0049,0.2215,1.5,,-1.0253,0.3727,0.1607,,,,
bob,0,28639573,956,0.0105,0.2051,1.1400000000000001,,-1.0326,0.3725,0.1606,,,,
bob,0,28639573,957,0.0028,0.2006,1.1400000000000001,,-1.0302,0.3724,0.1517,,,,
bob,0,28639573,958,0.0048,0.2191,1.3,,-1.0174,0.3723,0.1684,,,,
bob,0,28639573,959,0.0025,0.2284,1.5599999999999998,,-1.0302,0.3721,0.1952,,,,
bob,0,28639573,960,0.0062,0.2216,1.4200000000000002,,-1.0292,0.372,0.1665,,,,
bob,0,28639573,961,0.0055,0.2204,1.28,,-1.0185,0.3719,0.1717,,,,
bob,0,28639573,962,0.0035,0.2299,1.46,,-1.0333,0.3717,0.19,,,,
bob,0,28639573,963,0.0075,0.2381,1.6199999999999999,,-1.0282,0.3716,0.2035,,,,
bob,0,28639573,964,0.0045,0.24,1.44,,-1.0369,0.3715,0.1972,,,,
bob,0,28639573,965,0.0035,0.2263,1.3599999999999999,,-1.0207,0.3713,0.1846,,,,
bob,0,28639573,966,0.0101,0.2327,1.54,,-1.0235,0.3712,0.1881,,,,
bob,0,28639573,967,0.0068,0.2177,1.44,,-1.0203,0.3711,0.1713,,,,
bob,0,28639573,968,0.0054,0.1912,1.26,,-1.0217,0.3709,0.167,,,,
bob,0,28639573,969,0.0044,0.2042,1.22,,-1.0304,0.3708,0.1506,,,,
bob,0,28639573,970,0.0075,0.2057,1.3,,-1.0263,0.3707,0.1679,,,,
bob,0,28639573,971,0.0039,0.2137,1.32,,-1.0349,0.3705,0.1722,,,,
bob,0,28639573,972,0.0042,0.2088,1.34,,-1.0378,0.3704,0.166,,,,
bob,0,28639573,973,0.0067,0.209,1.3599999999999999,,-1.0272,0.3703,0.1747,,,,
bob,0,28639573,974,0.0054,0.2279,1.24,,-1.0251,0.3701,0.1636,,,,
bob,0,28639573,975,0.0025,0.206,1.16,,-1.0271,0.37,0.1577,,,,
bob,0,28639573,976,0.0066,0.218,1.16,,-1.0307,0.3699,0.1604,,,,
bob,0,28639573,977,0.0134,0.2071,1.4200000000000002,,-1.0241,0.3697,0.1724,,,,
bob,0,28639573,978,0.003,0.2347,1.48,,-1.0195,0.3696,0.1857,,,,
bob,0,28639573,979,0.0112,0.2174,1.18,,-1.0285,0.3695,0.16,,,,
bob,0,28639573,980,0.0118,0.181,1.02,,-1.0251,0.3693,0.1427,,,,
bob,0,28639573,981,0.0102,0.1996,1.34,,-1.0308,0.3692,0.1651,,,,
bob,0,28639573,982,0.0067,0.2007,1.4000000000000001,,-1.0285,0.3691,0.1647,,,,
bob,0,28639573,983,0.0089,0.206,1.3,,-1.0252,0.3689,0.1625,,,,
bob,0,28639573,984,0.0048,0.2113,1.38,,-1.0229,0.3688,0.1752,,,,
bob,0,28639573,985,0.0099,0.1969,1.26,,-1.0356,0.3687,0.1572,,,,
bob,0,28639573,986,0.0037,0.2254,1.52,,-1.0219,0.3685,0.1895,,,,
bob,0,28639573,987,0.0109,0.2303,1.46,,-1.0253,0.3684,0.1818,,,,
bob,0,28639573,988,0.0041,0.1969,1.26,,-1.0231,0.3683,0.15,,,,
bob,0,28639573,989,0.0087,0.2125,1.32,,-1.0375,0.3681,0.1698,,,,
bob,0,28639573,990,0.009,0.1855,1.38,,-1.0303,0.368,0.1569,,,,
bob,0,28639573,991,0.0056,0.2141,1.1400000000000001,,-1.0138,0.3679,0.1624,,,,
bob,0,28639573,992,0.0059,0.1719,1.04,,-1.0153,0.3677,0.1301,,,,
bob,0,28639573,993,0.0129,0.1913,1.16,,-1.0162,0.3676,0.1442,,,,
bob,0,28639573,994,0.0123,0.1808,1.08,,-1.0247,0.3675,0.1364,,,,
bob,0,28639573,995,0.006,0.2042,1.24,,-1.0324,0.3673,0.1548,,,,
bob,0,28639573,996,0.0101,0.2542,1.46,,-1.0189,0.3672,0.1934,,,,
bob,0,28639573,997,0.0106,0.1808,1.0,,-1.0135,0.3671,0.1509,,,,
bob,0,28639573,998,0.0036,0.2135,1.2,,-1.0029,0.3669,0.1586,,,,
bob,0,28639573,999,0.0048,0.2034,1.2,,-1.0218,0.3668,0.1659,,,,
bob,0,28639573,1000,0.0013,0.2059,1.3,,-1.0264,0.3667,0.1614,,,,
bob,0,28639573,1001,0.0063,0.2348,1.72,,-1.0273,0.3665,0.1931,,,,
bob,0,28639573,1002,0.0052,0.2048,1.2,,-1.0144,0.3664,0.1503,,,,
bob,0,28639573,1003,0.0106,0.209,1.2,,-1.0246,0.3663,0.1591,,,,
bob,0,28639573,1004,0.0081,0.219,1.3599999999999999,,-1.025,0.3661,0.1753,,,,
bob,0,28639573,1005,0.0049,0.2006,1.24,,-1.0271,0.366,0.1515,,,,
bob,0,28639573,1006,0.008,0.2117,1.32,,-1.0281,0.3659,0.1657,,,,
bob,0,28639573,1007,0.004,0.1882,1.16,,-1.0358,0.3657,0.1507,,,,
bob,0,28639573,1008,0.0048,0.2059,1.3,,-1.0259,0.3656,0.1639,,,,
bob,0,28639573,1009,0.0054,0.1867,1.16,,-1.031,0.3655,0.1549,,,,
bob,0,28639573,1010,0.01,0.2052,1.28,,-1.0375,0.3653,0.1633,,,,
bob,0,28639573,1011,0.0049,0.194,1.1400000000000001,,-1.027,0.3652,0.1484,,,,
bob,0,28639573,1012,0.0082,0.2027,1.1400000000000001,,-1.0342,0.3651,0.1524,,,,
bob,0,28639573,1013,0.0093,0.2009,1.32,,-1.0207,0.3649,0.1603,,,,
bob,0,28639573,1014,0.0075,0.2042,1.18,,-1.0361,0.3648,0.1494,,,,
bob,0,28639573,1015,0.0095,0.2258,1.3,,-1.0312,0.3647,0.1654,,,,
bob,0,28639573,1016,0.0037,0.2376,1.44,,-1.0183,0.3645,0.1722,,,,
bob,0,28639573,1017,0.0072,0.2412,1.38,,-1.0342,0.3644,0.1697,,,,
bob,0,28639573,1018,0.0038,0.2431,1.44,,-1.0357,0.3643,0.1873,,,,
bob,0,28639573,1019,0.0036,0.2183,1.28,,-1.0382,0.3641,0.1616,,,,
bob,0,28639573,1020,0.0077,0.2078,1.28,,-1.0229,0.364,0.165,,,,
bob,0,28639573,1021,0.0099,0.2427,1.52,,-1.014,0.3639,0.188,,,,
bob,0,28639573,1022,0.0031,0.2288,1.24,,-1.0261,0.3637,0.1687,,,,
bob,0,28639573,1023,0.0059,0.1999,1.38,,-1.0151,0.3636,0.1645,,,,
bob,0,28639573,1024,0.0064,0.209,1.34,,-1.0127,0.3635,0.1715,,,,
bob,0,28639573,1025,0.0112,0.22,1.46,,-1.0171,0.3633,0.1731,,,,
bob,0,28639573,1026,0.0079,0.223,1.3,,-1.0229,0.3632,0.1723,,,,
bob,0,28639573,1027,0.0078,0.216,1.26,,-1.0325,0.3631,0.167,,,,
bob,0,28642167,1028,0.0066,0.2511,1.28,,-1.0642,0.3629,0.1763,,,,
bob,0,28642167,1029,0.004,0.2088,1.16,,-1.0594,0.3628,0.1545,,,,
bob,0,28642167,1030,0.0036,0.2264,1.3599999999999999,,-1.0519,0.3627,0.1724,,,,
bob,0,28642167,1031,0.0055,0.1863,1.0,,-1.0495,0.3625,0.1381,,,,
bob,0,28642167,1032,0.0042,0.1756,1.0,,-0.9967,0.3624,0.1241,,,,
bob,0,28642167,1033,0.0176,0.213,1.3599999999999999,,-0.9985,0.3623,0.146,,,,
bob,0,28642167,1034,0.0042,0.2339,1.46,,-1.0395,0.3621,0.1777,,,,
bob,0,28642167,1035,0.0025,0.2524,1.5599999999999998,,-1.0315,0.362,0.2079,,,,
bob,0,28642167,1036,0.0067,0.2226,1.28,,-1.0558,0.3619,0.1748,,,,
bob,0,28642167,1037,0.0041,0.1812,1.0,,-1.0285,0.3617,0.14,,,,
bob,0,28642167,1038,0.0073,0.1681,0.88,,-1.0238,0.3616,0.1115,,,,
bob,0,28642167,1039,0.0049,0.1565,1.0,,-1.0213,0.3615,0.112,,,,
bob,0,28642167,1040,0.0041,0.1772,1.16,,-0.9973,0.3613,0.1449,,,,
bob,0,28642167,1041,0.0105,0.1996,1.28,,-1.0071,0.3612,0.1548,,,,
bob,0,28642167,1042,0.0025,0.1764,0.9400000000000001,,-1.0482,0.3611,0.1406,,,,
bob,0,28642167,1043,0.0033,0.2061,1.3,,-1.0263,0.3609,0.1518,,,,
bob,0,28642167,1044,0.0025,0.1818,1.16,,-1.0116,0.3608,0.1509,,,,
bob,0,28642167,1045,0.0071,0.1919,1.22,,-1.0107,0.3607,0.1617,,,,
bob,0,28642167,1046,0.0025,0.1772,0.9199999999999999,,-1.0165,0.3605,0.1285,,,,
bob,0,28642167,1047,0.0043,0.1578,0.96,,-1.0216,0.3604,0.1238,,,,
bob,0,28642167,1048,0.005,0.1889,1.2,,-1.028,0.3603,0.1408,,,,
bob,0,28642167,1049,0.0048,0.2056,1.26,,-1.0118,0.3601,0.1538,,,,
bob,0,28642167,1050,0.0026,0.2054,1.3,,-1.0171,0.36,0.1706,,,,
bob,0,28642167,1051,0.0052,0.2026,1.26,,-1.0069,0.3599,0.1559,,,,
bob,0,28642167,1052,0.0052,0.1696,1.02,,-1.008,0.3597,0.1351,,,,
bob,0,28642167,1053,0.004,0.1866,1.2,,-1.0154,0.3596,0.1514,,,,
bob,0,28642167,1054,0.009,0.197,1.1400000000000001,,-1.0151,0.3595,0.1508,,,,
bob,0,28642167,1055,0.0063,0.1931,1.0,,-1.0189,0.3593,0.1241,,,,
bob,0,28642167,1056,0.0122,0.1737,1.04,,-0.9746,0.3592,0.1364,,,,
bob,0,28642167,1057,0.0106,0.2244,1.3599999999999999,,-1.0,0.3591,0.1673,,,,
bob,0,28642167,1058,0.0115,0.2157,1.08,,-1.0147,0.3589,0.1719,,,,
bob,0,28642167,1059,0.0096,0.1677,1.04,,-1.0327,0.3588,0.1427,,,,
bob,0,28642167,1060,0.0056,0.1481,0.9199999999999999,,-1.0144,0.3587,0.115,,,,
bob,0,28642167,1061,0.0055,0.1891,1.18,,-1.0154,0.3585,0.1533,,,,
bob,0,28642167,1062,0.0077,0.1837,1.0999999999999999,,-1.0084,0.3584,0.1501,,,,
bob,0,28642167,1063,0.0055,0.1766,1.0999999999999999,,-1.0132,0.3583,0.1423,,,,
bob,0,28642167,1064,0.0052,0.1804,1.1400000000000001,,-1.0109,0.3581,0.139,,,,
bob,0,28642167,1065,0.0061,0.1789,1.18,,-1.0316,0.358,0.1433,,,,
bob,0,28642167,1066,0.0054,0.221,1.1400000000000001,,-1.0253,0.3579,0.1533,,,,
bob,0,28642167,1067,0.0056,0.1968,1.16,,-1.0135,0.3577,0.138,,,,
bob,0,28642167,1068,0.007,0.203,1.1400000000000001,,-1.0259,0.3576,0.1562,,,,
bob,0,28642167,1069,0.0035,0.1745,1.08,,-1.0231,0.3575,0.1269,,,,
bob,0,28642167,1070,0.0056,0.2016,1.1199999999999999,,-1.0178,0.3573,0.141,,,,
bob,0,28642167,1071,0.0075,0.1948,0.98,,-1.0153,0.3572,0.1292,,,,
bob,0,28642167,1072,0.0045,0.1642,0.98,,-1.0266,0.3571,0.1201,,,,
bob,0,28642167,1073,0.0062,0.163,0.98,,-1.0224,0.3569,0.1293,,,,
bob,0,28642167,1074,0.008,0.1815,1.26,,-1.0242,0.3568,0.1438,,,,
bob,0,28642167,1075,0.0058,0.1826,1.1199999999999999,,-1.0307,0.3567,0.1395,,,,
bob,0,28642167,1076,0.0067,0.1942,1.2,,-1.019,0.3565,0.1659,,,,
bob,0,28642167,1077,0.0061,0.1946,1.26,,-1.0252,0.3564,0.1599,,,,
bob,0,28642167,1078,0.009,0.1821,0.96,,-1.021,0.3563,0.1251,,,,
bob,0,28642167,1079,0.0066,0.1773,0.8999999999999999,,-1.0116,0.3561,0.1251,,,,
bob,0,28642167,1080,0.0081,0.1657,1.0,,-1.0128,0.356,0.1242,,,,
bob,0,28642167,1081,0.0096,0.1782,1.16,,-1.0071,0.3559,0.1322,,,,
bob,0,28642167,1082,0.0073,0.1646,1.04,,-1.0121,0.3557,0.1266,,,,
bob,0,28642167,1083,0.0062,0.1916,1.0999999999999999,,-1.0095,0.3556,0.1437,,,,
bob,0,28642167,1084,0.009,0.1856,1.2,,-1.0057,0.3555,0.1476,,,,
bob,0,28642167,1085,0.0069,0.1954,1.28,,-1.0146,0.3553,0.1591,,,,
bob,0,28642167,1086,0.0067,0.1871,1.0,,-1.0226,0.3552,0.1379,,,,
bob,0,28642167,1087,0.0077,0.1836,1.1400000000000001,,-1.0082,0.3551,0.1392,,,,
bob,0,28642167,1088,0.0126,0.2154,1.1199999999999999,,-1.0117,0.3549,0.1508,,,,
bob,0,28642167,1089,0.011,0.1893,1.1400000000000001,,-1.0124,0.3548,0.1425,,,,
bob,0,28642167,1090,0.007,0.1626,0.88,,-1.0173,0.3547,0.119,,,,
bob,0,28642167,1091,0.0072,0.1495,0.8200000000000001,,-1.0069,0.3545,0.1131,,,,
bob,0,28642167,1092,0.0084,0.1961,1.3,,-1.0251,0.3544,0.1411,,,,
bob,0,28642167,1093,0.0082,0.1834,1.0,,-1.0175,0.3543,0.1291,,,,
bob,0,28642167,1094,0.011,0.1786,1.02,,-1.0123,0.3541,0.1489,,,,
bob,0,28642167,1095,0.0109,0.1755,0.98,,-1.0095,0.354,0.1285,,,,
bob,0,28642167,1096,0.0102,0.1796,1.08,,-1.0153,0.3539,0.1294,,,,
bob,0,28642167,1097,0.0089,0.1881,0.98,,-1.0144,0.3537,0.1438,,,,
bob,0,28642167,1098,0.0087,0.1804,1.1199999999999999,,-1.0262,0.3536,0.1449,,,,
bob,0,28642167,1099,0.0077,0.1926,1.08,,-1.0254,0.3535,0.1488,,,,
bob,0,28642167,1100,0.0061,0.1656,1.06,,-1.0272,0.3533,0.14,,,,
bob,0,28642167,1101,0.0021,0.1911,1.22,,-1.0225,0.3532,0.1583,,,,
bob,0,28642167,1102,0.0021,0.1717,1.1199999999999999,,-1.0136,0.3531,0.1294,,,,
bob,0,28642167,1103,0.0107,0.1787,1.08,,-1.0247,0.3529,0.1401,,,,
bob,0,28642167,1104,0.0039,0.2028,1.28,,-1.0134,0.3528,0.1613,,,,
bob,0,28642167,1105,0.0025,0.1996,1.1400000000000001,,-1.013,0.3527,0.1479,,,,
bob,0,28642167,1106,0.0053,0.1848,1.1400000000000001,,-0.9935,0.3525,0.1405,,,,
bob,0,28642167,1107,0.0041,0.1919,1.1400000000000001,,-1.0075,0.3524,0.1361,,,,
bob,0,28642167,1108,0.0111,0.1978,1.0999999999999999,,-1.0079,0.3523,0.1454,,,,
bob,0,28642167,1109,0.0046,0.1828,1.06,,-1.0148,0.3521,0.144,,,,
bob,0,28642167,1110,0.012,0.2045,1.2,,-1.0127,0.352,0.1651,,,,
bob,0,28642167,1111,0.0022,0.2025,1.28,,-1.0211,0.3519,0.1647,,,,
bob,0,28642167,1112,0.0084,0.1792,1.1199999999999999,,-1.0067,0.3517,0.1444,,,,
bob,0,28642167,1113,0.0085,0.186,1.08,,-1.0095,0.3516,0.1425,,,,
bob,0,28642167,1114,0.013,0.1996,1.32,,-1.0134,0.3515,0.1653,,,,
bob,0,28642167,1115,0.0057,0.1948,1.1400000000000001,,-1.0062,0.3513,0.1589,,,,
bob,0,28642167,1116,0.0102,0.1972,1.34,,-1.0187,0.3512,0.158,,,,
bob,0,28642167,1117,0.0036,0.1749,1.04,,-1.0174,0.3511,0.1404,,,,
bob,0,28642167,1118,0.0098,0.1728,1.06,,-1.0066,0.3509,0.1312,,,,
bob,0,28642167,1119,0.0163,0.1851,1.2,,-0.9979,0.3508,0.1467,,,,
bob,0,28642167,1120,0.0071,0.1693,1.06,,-1.0134,0.3507,0.135,,,,
bob,0,28642167,1121,0.0105,0.1587,1.0999999999999999,,-1.0154,0.3505,0.1258,,,,
bob,0,28642167,1122,0.0096,0.1567,0.86,,-1.0149,0.3504,0.1128,,,,
bob,0,28642167,1123,0.0052,0.1735,1.1400000000000001,,-0.9954,0.3503,0.1484,,,,
bob,0,28642167,1124,0.0126,0.1714,1.32,,-1.0229,0.3501,0.1477,,,,
bob,0,28642167,1125,0.0049,0.2029,1.18,,-1.0198,0.35,0.1559,,,,
bob,0,28642167,1126,0.0052,0.2132,1.2,,-1.0044,0.3499,0.1533,,,,
bob,0,28642167,1127,0.006,0.2196,1.3599999999999999,,-1.0187,0.3497,0.184,,,,
bob,0,28642167,1128,0.0053,0.1968,1.3,,-1.0202,0.3496,0.1621,,,,
bob,0,28642167,1129,0.0114,0.1823,1.1400000000000001,,-1.003,0.3495,0.1454,,,,
bob,0,28642167,1130,0.0045,0.1731,1.0,,-1.0042,0.3493,0.1345,,,,
bob,0,28642167,1131,0.0142,0.176,1.02,,-1.0161,0.3492,0.1332,,,,
bob,0,28642167,1132,0.0049,0.2133,1.54,,-1.0167,0.3491,0.1783,,,,
bob,0,28642167,1133,0.0024,0.1804,1.02,,-1.0173,0.3489,0.1402,,,,
bob,0,28642167,1134,0.0034,0.1943,1.08,,-1.0211,0.3488,0.1422,,,,
bob,0,28642167,1135,0.0064,0.1799,1.16,,-1.0126,0.3487,0.1422,,,,
bob,0,28642167,1136,0.0106,0.1698,1.06,,-1.0216,0.3485,0.1377,,,,
bob,0,28642167,1137,0.0103,0.1605,1.06,,-1.0248,0.3484,0.1217,,,,
bob,0,28642167,1138,0.0067,0.1447,0.86,,-1.0262,0.3483,0.1096,,,,
bob,0,28642167,1139,0.0102,0.1712,1.06,,-1.0117,0.3481,0.1486,,,,
bob,0,28642167,1140,0.0029,0.1887,1.1400000000000001,,-1.0155,0.348,0.1512,,,,
bob,0,28642167,1141,0.0091,0.1727,1.0999999999999999,,-1.0285,0.3479,0.1489,,,,
bob,0,28642167,1142,0.0027,0.1794,1.16,,-1.0085,0.3477,0.1411,,,,
bob,0,28642167,1143,0.0043,0.1694,1.08,,-1.0235,0.3476,0.1342,,,,
bob,0,28642167,1144,0.0057,0.1887,1.16,,-1.0173,0.3475,0.1298,,,,
bob,0,28642167,1145,0.0026,0.2069,1.18,,-1.0134,0.3473,0.1524,,,,
bob,0,28642167,1146,0.0061,0.1686,1.08,,-1.0079,0.3472,0.1287,,,,
bob,0,28642167,1147,0.0028,0.1889,1.16,,-1.0195,0.3471,0.1463,,,,
bob,0,28642167,1148,0.0132,0.1863,1.18,,-1.0115,0.3469,0.1462,,,,
bob,0,28642167,1149,0.0056,0.1918,1.1199999999999999,,-1.0026,0.3468,0.1486,,,,
bob,0,28642167,1150,0.0154,0.1905,1.34,,-0.9962,0.3467,0.1682,,,,
bob,0,28642167,1151,0.0046,0.1731,1.08,,-1.0223,0.3465,0.1372,,,,
bob,0,28642167,1152,0.0014,0.2052,1.34,,-1.0168,0.3464,0.1616,,,,
bob,0,28642167,1153,0.0014,0.1894,1.1400000000000001,,-1.0064,0.3463,0.1492,,,,
bob,0,28642167,1154,0.0018,0.1924,1.2,,-1.0127,0.3461,0.1397,,,,
bob,0,28642167,1155,0.0012,0.1549,0.9199999999999999,,-1.0201,0.346,0.1128,,,,
bob,0,28642167,1156,0.0033,0.1809,1.04,,-1.0036,0.3459,0.1257,,,,
bob,0,28642167,1157,0.0153,0.1915,1.0999999999999999,,-1.0115,0.3457,0.1504,,,,
bob,0,28642167,1158,0.0136,0.1923,1.06,,-1.0109,0.3456,0.1421,,,,
bob,0,28642167,1159,0.0104,0.1618,1.04,,-1.0112,0.3455,0.127,,,,
bob,0,28642167,1160,0.0043,0.182,1.0999999999999999,,-1.0088,0.3453,0.1334,,,,
bob,0,28642167,1161,0.0058,0.2131,1.28,,-1.0098,0.3452,0.1595,,,,
bob,0,28642167,1162,0.0067,0.2104,1.22,,-1.0066,0.3451,0.16,,,,
bob,0,28642167,1163,0.0091,0.1687,1.02,,-0.9986,0.3449,0.1341,,,,
bob,0,28642167,1164,0.0142,0.1762,1.0,,-1.0083,0.3448,0.1188,,,,
bob,0,28642167,1165,0.0074,0.1552,0.9199999999999999,,-1.0067,0.3447,0.1081,,,,
bob,0,28642167,1166,0.006,0.1801,1.0999999999999999,,-1.0092,0.3445,0.1369,,,,
bob,0,28642167,1167,0.0065,0.1789,1.08,,-1.0211,0.3444,0.1346,,,,
bob,0,28642167,1168,0.0113,0.1724,1.22,,-0.9881,0.3443,0.1407,,,,
bob,0,28642167,1169,0.0176,0.1974,1.18,,-0.9835,0.3441,0.1525,,,,
bob,0,28642167,1170,0.0044,0.195,1.2,,-1.01,0.344,0.1554,,,,
bob,0,28642167,1171,0.0039,0.1693,0.84,,-1.012,0.3439,0.119,,,,
bob,0,28642167,1172,0.0058,0.1725,1.1199999999999999,,-1.0258,0.3437,0.15,,,,
bob,0,28642167,1173,0.0056,0.1794,1.1199999999999999,,-1.0153,0.3436,0.1403,,,,
bob,0,28642167,1174,0.0016,0.192,1.16,,-1.0172,0.3435,0.1431,,,,
bob,0,28642167,1175,0.0037,0.1719,1.16,,-1.0192,0.3433,0.1332,,,,
bob,0,28642167,1176,0.0067,0.1816,1.1199999999999999,,-1.0215,0.3432,0.1458,,,,
bob,0,28642167,1177,0.0031,0.1897,1.0999999999999999,,-1.0205,0.3431,0.1469,,,,
bob,0,28642167,1178,0.0135,0.1848,1.18,,-1.011,0.3429,0.1455,,,,
bob,0,28642167,1179,0.0041,0.177,0.98,,-1.0034,0.3428,0.1193,,,,
bob,0,28642167,1180,0.0064,0.1597,0.9400000000000001,,-1.0263,0.3427,0.1236,,,,
bob,0,28642167,1181,0.0044,0.1897,1.3,,-1.0203,0.3425,0.156,,,,
bob,0,28642167,1182,0.0071,0.197,1.0999999999999999,,-1.015,0.3424,0.1319,,,,
bob,0,28642167,1183,0.0082,0.1769,1.02,,-1.0113,0.3423,0.1396,,,,
bob,0,28642167,1184,0.0141,0.1614,1.0,,-1.0047,0.3421,0.1331,,,,
bob,0,28642167,1185,0.0161,0.1643,1.08,,-1.0046,0.342,0.1332,,,,
bob,0,28642167,1186,0.005,0.1683,0.96,,-1.0036,0.3419,0.1243,,,,
bob,0,28642167,1187,0.016,0.1559,0.74,,-1.0077,0.3417,0.1015,,,,
bob,0,28642167,1188,0.0058,0.1801,1.1400000000000001,,-1.0142,0.3416,0.1307,,,,
bob,0,28642167,1189,0.0067,0.1885,1.1400000000000001,,-1.0222,0.3415,0.1417,,,,
bob,0,28642167,1190,0.0037,0.2108,1.18,,-1.0101,0.3413,0.1488,,,,
bob,0,28642167,1191,0.0145,0.1872,1.16,,-1.0164,0.3412,0.1447,,,,
bob,0,28642167,1192,0.004,0.1785,1.1400000000000001,,-1.0064,0.3411,0.1485,,,,
bob,0,28642167,1193,0.0051,0.2025,1.08,,-1.013,0.3409,0.1409,,,,
bob,0,28642167,1194,0.0039,0.194,1.06,,-1.0174,0.3408,0.1356,,,,
bob,0,28642167,1195,0.0029,0.1958,1.0999999999999999,,-1.0092,0.3407,0.1569,,,,
bob,0,28642167,1196,0.0056,0.1929,1.0999999999999999,,-1.0142,0.3405,0.1467,,,,
bob,0,28642167,1197,0.0136,0.1831,1.2,,-1.0097,0.3404,0.1544,,,,
bob,0,28642167,1198,0.0029,0.1991,1.24,,-1.0086,0.3403,0.1531,,,,
bob,0,28642167,1199,0.0036,0.1741,1.1199999999999999,,-1.0045,0.3401,0.1529,,,,
bob,0,28642167,1200,0.0076,0.1563,1.08,,-0.9995,0.34,0.1283,,,,
bob,0,28642167,1201,0.007,0.1929,1.32,,-1.0123,0.3399,0.1499,,,,
bob,0,28642167,1202,0.0137,0.1681,1.06,,-1.0156,0.3397,0.1289,,,,
bob,0,28642167,1203,0.0019,0.1927,1.1400000000000001,,-1.0133,0.3396,0.1468,,,,
bob,0,28642167,1204,0.0148,0.1997,1.16,,-1.011,0.3395,0.1451,,,,
bob,0,28642167,1205,0.0056,0.1928,1.18,,-1.0231,0.3393,0.144,,,,
bob,0,28642167,1206,0.0129,0.1984,1.18,,-1.0183,0.3392,0.1553,,,,
bob,0,28642167,1207,0.0037,0.18,1.04,,-1.0082,0.3391,0.1316,,,,
bob,0,28642167,1208,0.0021,0.2118,1.4000000000000001,,-1.0153,0.3389,0.1703,,,,
bob,0,28642167,1209,0.0085,0.2123,1.4200000000000002,,-1.005,0.3388,0.1719,,,,
bob,0,28642167,1210,0.0056,0.21,1.1199999999999999,,-1.0196,0.3387,0.1501,,,,
bob,0,28642167,1211,0.0098,0.2268,1.2,,-1.0045,0.3385,0.148,,,,
bob,0,28642167,1212,0.0039,0.2209,1.3,,-1.0098,0.3384,0.1661,,,,
bob,0,28642167,1213,0.0049,0.181,1.02,,-1.0179,0.3383,0.1413,,,,
bob,0,28642167,1214,0.0128,0.1773,1.16,,-1.0155,0.3381,0.1474,,,,
bob,0,28642167,1215,0.005,0.1774,1.28,,-1.0098,0.338,0.1523,,,,
bob,0,28642167,1216,0.0123,0.1767,1.08,,-1.0291,0.3379,0.1528,,,,
bob,0,28642167,1217,0.0099,0.1744,1.04,,-1.0187,0.3377,0.1328,,,,
bob,0,28642167,1218,0.0018,0.1707,1.06,,-1.0191,0.3376,0.139,,,,
bob,0,28642167,1219,0.0126,0.1586,1.02,,-1.0183,0.3375,0.1251,,,,
bob,0,28642167,1220,0.0112,0.1907,1.18,,-1.0169,0.3373,0.1456,,,,
bob,0,28642167,1221,0.0059,0.1974,1.26,,-1.0203,0.3372,0.1661,,,,
bob,0,28642167,1222,0.0038,0.1687,1.02,,-1.0192,0.3371,0.1311,,,,
bob,0,28642167,1223,0.0037,0.1852,1.08,,-1.0139,0.3369,0.1441,,,,
bob,0,28642167,1224,0.0029,0.1685,1.1199999999999999,,-1.0137,0.3368,0.1392,,,,
bob,0,28642167,1225,0.0052,0.2115,1.28,,-0.999,0.3367,0.161,,,,
bob,0,28642167,1226,0.015,0.173,1.1199999999999999,,-1.0021,0.3365,0.1413,,,,
bob,0,28642167,1227,0.0141,0.18,0.9400000000000001,,-1.0085,0.3364,0.1366,,,,
bob,0,28642167,1228,0.0045,0.2053,1.38,,-1.021,0.3363,0.1658,,,,
bob,0,28642167,1229,0.0047,0.2163,1.22,,-1.0273,0.3361,0.16,,,,
bob,0,28642167,1230,0.0134,0.1947,1.2,,-1.0135,0.336,0.1604,,,,
bob,0,28642167,1231,0.0064,0.1918,1.1199999999999999,,-1.0218,0.3359,0.1533,,,,
bob,0,28642167,1232,0.002,0.2174,1.24,,-1.0168,0.3357,0.1667,,,,
bob,0,28642167,1233,0.0053,0.171,1.08,,-1.0168,0.3356,0.1346,,,,
bob,0,28642167,1234,0.0146,0.1892,1.06,,-1.0103,0.3355,0.1413,,,,
bob,0,28642167,1235,0.0139,0.2035,1.2,,-1.0078,0.3353,0.1565,,,,
bob,0,28642167,1236,0.0039,0.2004,1.1199999999999999,,-1.0119,0.3352,0.1401,,,,
bob,0,28642167,1237,0.0079,0.1662,1.1199999999999999,,-1.0046,0.3351,0.1278,,,,
bob,0,28642167,1238,0.013,0.1774,1.08,,-1.0188,0.3349,0.1311,,,,
bob,0,28642167,1239,0.0128,0.1871,1.1199999999999999,,-1.0217,0.3348,0.1425,,,,
bob,0,28642167,1240,0.0031,0.1809,1.06,,-1.0294,0.3347,0.1307,,,,
bob,0,28642167,1241,0.0037,0.1593,1.0,,-1.0163,0.3345,0.1152,,,,
bob,0,28642167,1242,0.0106,0.1695,1.06,,-1.0048,0.3344,0.1289,,,,
bob,0,28642167,1243,0.0048,0.1753,1.08,,-1.0125,0.3343,0.1423,,,,
bob,0,28642167,1244,0.0147,0.1478,0.9400000000000001,,-1.0141,0.3341,0.1191,,,,
bob,0,28642167,1245,0.0142,0.1673,0.96,,-1.0155,0.334,0.1257,,,,
bob,0,28642167,1246,0.0035,0.1584,0.88,,-1.0272,0.3339,0.1264,,,,
bob,0,28642167,1247,0.0117,0.1398,0.86,,-1.012,0.3337,0.108,,,,
bob,0,28642167,1248,0.0033,0.1752,1.16,,-1.0114,0.3336,0.1437,,,,
bob,0,28642167,1249,0.0038,0.1712,1.04,,-1.0186,0.3335,0.1333,,,,
bob,0,28642167,1250,0.0015,0.1646,0.9400000000000001,,-1.0091,0.3333,0.1137,,,,
bob,0,28642167,1251,0.0143,0.1651,1.0999999999999999,,-1.0225,0.3332,0.132,,,,
bob,0,28642167,1252,0.0035,0.1997,1.24,,-1.021,0.3331,0.1548,,,,
bob,0,28642167,1253,0.0021,0.1846,1.1199999999999999,,-1.0175,0.3329,0.1473,,,,
bob,0,28642167,1254,0.0036,0.1805,1.06,,-1.0242,0.3328,0.1419,,,,
bob,0,28642167,1255,0.0068,0.1951,1.24,,-1.0119,0.3327,0.1467,,,,
bob,0,28642167,1256,0.0036,0.1982,1.16,,-1.0149,0.3325,0.1444,,,,
bob,0,28642167,1257,0.0027,0.1725,1.04,,-1.0188,0.3324,0.1438,,,,
bob,0,28642167,1258,0.0019,0.2028,1.3,,-1.0076,0.3323,0.1635,,,,
bob,0,28642167,1259,0.0079,0.185,1.18,,-1.007,0.3321,0.1501,,,,
bob,0,28642167,1260,0.0091,0.1997,1.08,,-1.0129,0.332,0.1468,,,,
bob,0,28642167,1261,0.0024,0.1874,1.1400000000000001,,-1.0156,0.3319,0.1426,,,,
bob,0,28642167,1262,0.0067,0.1793,1.06,,-1.0134,0.3317,0.1343,,,,
bob,0,28642167,1263,0.0153,0.1879,1.18,,-1.0158,0.3316,0.148,,,,
bob,0,28642167,1264,0.0158,0.1795,1.24,,-1.0115,0.3315,0.1636,,,,
bob,0,28642167,1265,0.0046,0.1981,1.34,,-1.0165,0.3313,0.1688,,,,
bob,0,28642167,1266,0.0048,0.1888,1.16,,-1.0134,0.3312,0.1491,,,,
bob,0,28642167,1267,0.0021,0.2075,1.22,,-1.0263,0.3311,0.156,,,,
bob,0,28642167,1268,0.0039,0.1919,1.06,,-1.0061,0.3309,0.1413,,,,
bob,0,28642167,1269,0.0073,0.21,1.3,,-1.0081,0.3308,0.1635,,,,
bob,0,28642167,1270,0.0127,0.1833,1.1199999999999999,,-1.0014,0.3307,0.1393,,,,
bob,0,28642167,1271,0.0054,0.2072,1.38,,-1.0132,0.3305,0.165,,,,
bob,0,28642167,1272,0.0136,0.1721,0.96,,-1.0193,0.3304,0.1227,,,,
bob,0,28642167,1273,0.0013,0.2043,1.0,,-1.0179,0.3303,0.1364,,,,
bob,0,28642167,1274,0.002,0.205,1.3599999999999999,,-1.0254,0.3301,0.1641,,,,
bob,0,28642167,1275,0.006,0.1994,1.0,,-1.0111,0.33,0.1353,,,,
bob,0,28642167,1276,0.0195,0.1962,1.16,,-0.9973,0.3299,0.1398,,,,
bob,0,28642167,1277,0.0065,0.2095,1.2,,-1.0073,0.3297,0.1571,,,,
bob,0,28642167,1278,0.0041,0.1755,1.04,,-1.0096,0.3296,0.1415,,,,
bob,0,28642167,1279,0.0042,0.2028,1.26,,-1.025,0.3295,0.1622,,,,
bob,0,28642167,1280,0.0046,0.1744,1.0999999999999999,,-1.0153,0.3293,0.1398,,,,
bob,0,28642167,1281,0.0073,0.1882,1.26,,-1.0116,0.3292,0.1444,,,,
bob,0,28642167,1282,0.0034,0.203,1.32,,-1.0152,0.3291,0.1604,,,,
bob,0,28642167,1283,0.0016,0.2047,1.3,,-1.0156,0.3289,0.156,,,,
bob,0,28642167,1284,0.0014,0.2079,1.4000000000000001,,-1.0097,0.3288,0.1592,,,,
bob,0,28642167,1285,0.0084,0.1757,1.0999999999999999,,-1.0069,0.3287,0.1429,,,,
bob,0,28642167,1286,0.0024,0.1924,1.16,,-1.0045,0.3285,0.1563,,,,
bob,0,28642167,1287,0.0029,0.1981,1.18,,-1.0127,0.3284,0.1554,,,,
bob,0,28642167,1288,0.0027,0.1827,1.0,,-1.0164,0.3283,0.1234,,,,
bob,0,28642167,1289,0.0042,0.1885,1.1400000000000001,,-1.0109,0.3281,0.1361,,,,
bob,0,28642167,1290,0.0056,0.2039,1.08,,-1.0091,0.328,0.1536,,,,
bob,0,28642167,1291,0.0027,0.1851,1.16,,-1.0178,0.3279,0.1581,,,,
bob,0,28642167,1292,0.0078,0.1888,1.28,,-1.0124,0.3277,0.1532,,,,
bob,0,28642167,1293,0.0071,0.1949,1.3,,-1.013,0.3276,0.1668,,,,
bob,0,28642167,1294,0.0159,0.2053,1.28,,-0.998,0.3275,0.1648,,,,
bob,0,28642167,1295,0.0041,0.196,1.18,,-1.0,0.3273,0.1606,,,,
bob,0,28642167,1296,0.0046,0.2026,1.24,,-1.0223,0.3272,0.1599,,,,
bob,0,28642167,1297,0.0028,0.1916,1.26,,-1.0171,0.3271,0.155,,,,
bob,0,28642167,1298,0.014,0.181,1.1199999999999999,,-1.0149,0.3269,0.1442,,,,
bob,0,28642167,1299,0.0022,0.1778,1.1199999999999999,,-1.0109,0.3268,0.14,,,,
bob,0,28642167,1300,0.0016,0.1957,1.2,,-1.0046,0.3267,0.1537,,,,
bob,0,28642167,1301,0.009,0.1945,1.3,,-1.0106,0.3265,0.1472,,,,
bob,0,28642167,1302,0.0034,0.2056,1.28,,-1.0159,0.3264,0.167,,,,
bob,0,28642167,1303,0.0028,0.1933,1.28,,-1.0101,0.3263,0.1505,,,,
bob,0,28642167,1304,0.0007,0.2293,1.34,,-1.0173,0.3261,0.1797,,,,
bob,0,28642167,1305,0.0093,0.2008,1.26,,-1.0127,0.326,0.1659,,,,
bob,0,28642167,1306,0.0046,0.2015,1.28,,-1.0115,0.3259,0.1563,,,,
bob,0,28642167,1307,0.0103,0.2104,1.28,,-1.016,0.3257,0.165,,,,
bob,0,28642167,1308,0.0083,0.1467,0.86,,-1.008,0.3256,0.1244,,,,
bob,0,28642167,1309,0.0072,0.1425,0.84,,-1.0111,0.3255,0.1131,,,,
bob,0,28642167,1310,0.0072,0.1877,1.32,,-1.0162,0.3253,0.1525,,,,
bob,0,28642167,1311,0.0048,0.1967,1.26,,-1.0267,0.3252,0.1577,,,,
bob,0,28642167,1312,0.0012,0.2053,1.1199999999999999,,-1.0108,0.3251,0.1375,,,,
bob,0,28642167,1313,0.0016,0.1926,1.16,,-1.0086,0.3249,0.1344,,,,
bob,0,28642167,1314,0.0033,0.2005,1.34,,-1.0127,0.3248,0.1691,,,,
bob,0,28642167,1315,0.0032,0.2167,1.24,,-1.0101,0.3247,0.169,,,,
bob,0,28642167,1316,0.0084,0.1725,1.1199999999999999,,-1.0139,0.3245,0.1479,,,,
bob,0,28642167,1317,0.0043,0.209,1.3,,-1.0003,0.3244,0.15,,,,
bob,0,28642167,1318,0.0075,0.1893,1.06,,-1.0038,0.3243,0.1348,,,,
bob,0,28642167,1319,0.0053,0.1923,1.32,,-1.0114,0.3241,0.1592,,,,
bob,0,28642167,1320,0.0034,0.1927,1.16,,-1.0108,0.324,0.1566,,,,
bob,0,28642167,1321,0.0043,0.1845,1.2,,-1.0142,0.3239,0.1576,,,,
bob,0,28642167,1322,0.003,0.2036,1.28,,-1.0174,0.3237,0.1608,,,,
bob,0,28642167,1323,0.0051,0.2064,1.3,,-1.0071,0.3236,0.1688,,,,
bob,0,28642167,1324,0.0037,0.2048,1.08,,-1.0052,0.3235,0.1461,,,,
bob,0,28642167,1325,0.0104,0.2317,1.48,,-1.0086,0.3233,0.1807,,,,
bob,0,28642167,1326,0.0049,0.1935,1.2,,-1.0124,0.3232,0.1538,,,,
bob,0,28642167,1327,0.0095,0.1818,1.18,,-0.9993,0.3231,0.1467,,,,
bob,0,28642167,1328,0.0055,0.1981,1.1400000000000001,,-1.0185,0.3229,0.1566,,,,
bob,0,28642167,1329,0.0034,0.2079,1.38,,-1.0119,0.3228,0.1807,,,,
bob,0,28642167,1330,0.0032,0.2006,1.2,,-1.0248,0.3227,0.1512,,,,
bob,0,28642167,1331,0.0031,0.191,1.2,,-1.0201,0.3225,0.1558,,,,
bob,0,28642167,1332,0.0008,0.1869,1.28,,-1.0129,0.3224,0.1538,,,,
bob,0,28642167,1333,0.008,0.1694,1.06,,-1.0116,0.3223,0.1308,,,,
bob,0,28642167,1334,0.0081,0.1818,1.04,,-1.018,0.3221,0.149,,,,
bob,0,28642167,1335,0.0027,0.1962,1.32,,-1.0107,0.322,0.1559,,,,
bob,0,28642167,1336,0.0015,0.1965,1.2,,-1.015,0.3219,0.1718,,,,
bob,0,28642167,1337,0.0093,0.2216,1.38,,-1.012,0.3217,0.1668,,,,
bob,0,28642167,1338,0.0031,0.2332,1.44,,-1.0159,0.3216,0.1993,,,,
bob,0,28642167,1339,0.003,0.2206,1.4000000000000001,,-1.0061,0.3215,0.1722,,,,
bob,0,28642167,1340,0.0068,0.1993,1.38,,-1.0146,0.3213,0.1755,,,,
bob,0,28642167,1341,0.0018,0.2117,1.32,,-1.0095,0.3212,0.162,,,,
bob,0,28642167,1342,0.011,0.1947,1.3599999999999999,,-1.0108,0.3211,0.1711,,,,
bob,0,28642167,1343,0.0083,0.2103,1.38,,-1.0174,0.3209,0.1735,,,,
bob,0,28642167,1344,0.0047,0.2031,1.22,,-1.0205,0.3208,0.1557,,,,
bob,0,28642167,1345,0.0048,0.2272,1.34,,-1.0194,0.3207,0.1726,,,,
bob,0,28642167,1346,0.0038,0.2295,1.3,,-1.0067,0.3205,0.1711,,,,
bob,0,28642167,1347,0.0115,0.1712,1.22,,-1.014,0.3204,0.1613,,,,
bob,0,28642167,1348,0.0025,0.1732,1.0,,-1.0087,0.3203,0.1307,,,,
bob,0,28642167,1349,0.0081,0.1865,1.1199999999999999,,-1.009,0.3201,0.1446,,,,
bob,0,28642167,1350,0.007,0.185,1.08,,-1.0158,0.32,0.1471,,,,
bob,0,28642167,1351,0.004,0.1691,1.04,,-1.0106,0.3199,0.1259,,,,
bob,0,28642167,1352,0.0035,0.1874,1.18,,-1.0097,0.3197,0.1535,,,,
bob,0,28642167,1353,0.0046,0.215,1.22,,-1.0018,0.3196,0.1539,,,,
bob,0,28642167,1354,0.0074,0.1922,1.18,,-1.0144,0.3195,0.1569,,,,
bob,0,28642167,1355,0.0051,0.1895,1.16,,-1.0099,0.3193,0.1593,,,,
bob,0,28642167,1356,0.0033,0.1884,1.2,,-1.017,0.3192,0.1466,,,,
bob,0,28642167,1357,0.0026,0.211,1.32,,-1.0112,0.3191,0.1596,,,,
bob,0,28642167,1358,0.0026,0.1927,1.24,,-1.0209,0.3189,0.1645,,,,
bob,0,28642167,1359,0.0046,0.1937,1.18,,-1.0171,0.3188,0.1587,,,,
bob,0,28642167,1360,0.0031,0.2018,1.4000000000000001,,-1.0185,0.3187,0.1712,,,,
bob,0,28642167,1361,0.0065,0.23,1.44,,-1.0099,0.3185,0.1803,,,,
bob,0,28642167,1362,0.0065,0.2184,1.48,,-1.0169,0.3184,0.1733,,,,
bob,0,28642167,1363,0.0027,0.2179,1.3599999999999999,,-1.0161,0.3183,0.164,,,,
bob,0,28642167,1364,0.0044,0.2225,1.18,,-1.0171,0.3181,0.156,,,,
bob,0,28642167,1365,0.0066,0.2043,1.34,,-1.0129,0.318,0.1605,,,,
bob,0,28642167,1366,0.0054,0.2175,1.24,,-1.0066,0.3179,0.1593,,,,
bob,0,28642167,1367,0.0046,0.1992,1.3,,-1.0078,0.3177,0.1665,,,,
bob,0,28642167,1368,0.0041,0.2004,1.1400000000000001,,-1.0238,0.3176,0.1419,,,,
bob,0,28642167,1369,0.0021,0.1956,1.2,,-1.0005,0.3175,0.1586,,,,
bob,0,28642167,1370,0.0092,0.2254,1.44,,-1.0069,0.3173,0.1807,,,,
bob,0,28642167,1371,0.0106,0.2046,1.18,,-1.0338,0.3172,0.1519,,,,
bob,0,28642167,1372,0.0057,0.1815,1.08,,-1.0112,0.3171,0.1395,,,,
bob,0,28642167,1373,0.0095,0.1786,1.1400000000000001,,-1.0076,0.3169,0.1421,,,,
bob,0,28642167,1374,0.0071,0.2355,1.44,,-1.0138,0.3168,0.1748,,,,
bob,0,28642167,1375,0.0037,0.2168,1.3,,-1.0148,0.3167,0.1639,,,,
bob,0,28642167,1376,0.005,0.1869,1.24,,-1.0272,0.3165,0.1642,,,,
bob,0,28642167,1377,0.0023,0.2019,1.1400000000000001,,-1.0127,0.3164,0.1511,,,,
bob,0,28642167,1378,0.0025,0.222,1.32,,-1.0166,0.3163,0.1736,,,,
bob,0,28642167,1379,0.0061,0.2155,1.6,,-1.0067,0.3161,0.1866,,,,
bob,0,28642167,1380,0.0051,0.2335,1.4200000000000002,,-1.0125,0.316,0.1852,,,,
bob,0,28642167,1381,0.0055,0.1927,1.08,,-1.0213,0.3159,0.1411,,,,
bob,0,28642167,1382,0.0024,0.2063,1.22,,-1.0148,0.3157,0.1627,,,,
bob,0,28642167,1383,0.0055,0.1994,1.3,,-1.0131,0.3156,0.1667,,,,
bob,0,28642167,1384,0.0025,0.1735,1.08,,-1.0196,0.3155,0.1423,,,,
bob,0,28642167,1385,0.0035,0.1885,1.16,,-1.0122,0.3153,0.1447,,,,
bob,0,28642167,1386,0.0048,0.2194,1.4200000000000002,,-1.0155,0.3152,0.1785,,,,
bob,0,28642167,1387,0.0044,0.1973,1.3,,-1.0154,0.3151,0.158,,,,
bob,0,28642167,1388,0.0073,0.2095,1.32,,-1.012,0.3149,0.1659,,,,
bob,0,28642167,1389,0.0028,0.2271,1.48,,-1.0116,0.3148,0.1912,,,,
bob,0,28642167,1390,0.0038,0.2014,1.3,,-1.012,0.3147,0.1604,,,,
bob,0,28642167,1391,0.0033,0.2253,1.34,,-1.0161,0.3145,0.1742,,,,
bob,0,28642167,1392,0.004,0.1893,1.2,,-1.0119,0.3144,0.1451,,,,
bob,0,28642167,1393,0.0022,0.2219,1.5,,-1.0164,0.3143,0.1841,,,,
bob,0,28642167,1394,0.0029,0.2259,1.32,,-1.0111,0.3141,0.1573,,,,
bob,0,28642167,1395,0.0034,0.2645,1.7000000000000002,,-1.0058,0.314,0.2075,,,,
bob,0,28642167,1396,0.0038,0.212,1.28,,-1.0177,0.3139,0.1667,,,,
bob,0,28642167,1397,0.0037,0.1849,1.08,,-1.0324,0.3137,0.1517,,,,
bob,0,28642167,1398,0.0022,0.1955,1.24,,-1.0177,0.3136,0.1543,,,,
bob,0,28642167,1399,0.0051,0.2124,1.4200000000000002,,-1.0156,0.3135,0.1756,,,,
bob,0,28642167,1400,0.0021,0.1989,1.32,,-1.0178,0.3133,0.1575,,,,
bob,0,28642167,1401,0.0065,0.1993,1.22,,-1.0081,0.3132,0.1585,,,,
bob,0,28642167,1402,0.0049,0.1999,1.08,,-1.0215,0.3131,0.166,,,,
bob,0,28642167,1403,0.0049,0.2082,1.26,,-1.007,0.3129,0.1536,,,,
bob,0,28642167,1404,0.0042,0.2162,1.38,,-1.0129,0.3128,0.1762,,,,
bob,0,28642167,1405,0.0054,0.2128,1.38,,-1.0137,0.3127,0.1738,,,,
bob,0,28642167,1406,0.0048,0.2585,1.72,,-1.0181,0.3125,0.195,,,,
bob,0,28642167,1407,0.0066,0.2017,1.28,,-1.008,0.3124,0.1687,,,,
bob,0,28642167,1408,0.0024,0.2376,1.58,,-1.0184,0.3123,0.1946,,,,
bob,0,28642167,1409,0.0064,0.2032,1.32,,-1.0174,0.3121,0.1764,,,,
bob,0,28642167,1410,0.0044,0.2003,1.1199999999999999,,-1.0186,0.312,0.1507,,,,
bob,0,28642167,1411,0.0044,0.2394,1.6,,-1.0081,0.3119,0.1958,,,,
bob,0,28642167,1412,0.0042,0.226,1.5599999999999998,,-1.0024,0.3117,0.1975,,,,
bob,0,28642167,1413,0.0099,0.2181,1.28,,-0.9959,0.3116,0.1791,,,,
bob,0,28642167,1414,0.0075,0.2112,1.34,,-1.0128,0.3115,0.1794,,,,
bob,0,28642167,1415,0.0054,0.1902,1.2,,-1.0041,0.3113,0.159,,,,
bob,0,28642167,1416,0.0065,0.2158,1.46,,-1.0153,0.3112,0.1691,,,,
bob,0,28642167,1417,0.0149,0.1953,1.26,,-0.996,0.3111,0.161,,,,
bob,0,28642167,1418,0.009,0.2127,1.18,,-1.0109,0.3109,0.1623,,,,
bob,0,28642167,1419,0.003,0.1676,1.08,,-1.0151,0.3108,0.1308,,,,
bob,0,28642167,1420,0.006,0.1923,1.2,,-1.0124,0.3107,0.1609,,,,
bob,0,28642167,1421,0.0074,0.1982,1.3,,-1.0139,0.3105,0.1688,,,,
bob,0,28642167,1422,0.0056,0.2095,1.32,,-1.0165,0.3104,0.164,,,,
bob,0,28642167,1423,0.003,0.2132,1.22,,-1.0062,0.3103,0.1592,,,,
bob,0,28642167,1424,0.0044,0.2526,1.58,,-0.9851,0.3101,0.1965,,,,
bob,0,28642167,1425,0.0098,0.2331,1.3599999999999999,,-0.9898,0.31,0.1797,,,,
bob,0,28642167,1426,0.0061,0.2462,1.32,,-0.9967,0.3099,0.174,,,,
bob,0,28642167,1427,0.0082,0.1999,1.34,,-1.0195,0.3097,0.1555,,,,
bob,0,28642167,1428,0.0078,0.1936,1.26,,-1.0031,0.3096,0.1656,,,,
bob,0,28642167,1429,0.0034,0.2098,1.28,,-1.0111,0.3095,0.1682,,,,
bob,0,28642167,1430,0.007,0.2274,1.44,,-1.0014,0.3093,0.1888,,,,
bob,0,28642167,1431,0.007,0.2057,1.34,,-1.0097,0.3092,0.172,,,,
bob,0,28642167,1432,0.0076,0.1974,1.24,,-1.0061,0.3091,0.1654,,,,
bob,0,28642167,1433,0.0044,0.209,1.3599999999999999,,-1.0113,0.3089,0.1782,,,,
bob,0,28642167,1434,0.0078,0.2193,1.4000000000000001,,-1.0117,0.3088,0.1835,,,,
bob,0,28642167,1435,0.0053,0.2083,1.34,,-1.0151,0.3087,0.1616,,,,
bob,0,28642167,1436,0.0024,0.2069,1.16,,-1.015,0.3085,0.163,,,,
bob,0,28642167,1437,0.0024,0.2193,1.48,,-1.0152,0.3084,0.1809,,,,
bob,0,28642167,1438,0.0049,0.2108,1.26,,-1.0184,0.3083,0.1644,,,,
bob,0,28642167,1439,0.0045,0.2171,1.4200000000000002,,-1.0131,0.3081,0.1809,,,,
bob,0,28642167,1440,0.0074,0.2198,1.6400000000000001,,-1.0105,0.308,0.2022,,,,
bob,0,28642167,1441,0.0042,0.191,1.3,,-1.0099,0.3079,0.1667,,,,
bob,0,28642167,1442,0.0053,0.1954,1.26,,-1.0083,0.3077,0.1555,,,,
bob,0,28642167,1443,0.0077,0.2064,1.4000000000000001,,-1.0111,0.3076,0.1732,,,,
bob,0,28642167,1444,0.0061,0.2068,1.3,,-1.0164,0.3075,0.1705,,,,
bob,0,28642167,1445,0.0066,0.22,1.34,,-1.0135,0.3073,0.1833,,,,
bob,0,28642167,1446,0.0073,0.2083,1.22,,-1.0139,0.3072,0.1696,,,,
bob,0,28642167,1447,0.009,0.2118,1.32,,-0.9922,0.3071,0.1554,,,,
bob,0,28642167,1448,0.0104,0.208,1.2,,-1.0078,0.3069,0.1707,,,,
bob,0,28642167,1449,0.0104,0.1982,1.24,,-1.0132,0.3068,0.1679,,,,
bob,0,28642167,1450,0.0037,0.2218,1.3599999999999999,,-1.0213,0.3067,0.1673,,,,
bob,0,28642167,1451,0.0006,0.2175,1.34,,-1.0213,0.3065,0.1764,,,,
bob,0,28642167,1452,0.0052,0.2195,1.4000000000000001,,-1.0206,0.3064,0.1687,,,,
bob,0,28642167,1453,0.0052,0.2098,1.34,,-1.0118,0.3063,0.1634,,,,
bob,0,28642167,1454,0.0018,0.223,1.4200000000000002,,-1.0145,0.3061,0.1853,,,,
bob,0,28642167,1455,0.0041,0.2355,1.5599999999999998,,-1.0177,0.306,0.2047,,,,
bob,0,28642167,1456,0.0056,0.2323,1.38,,-1.0078,0.3059,0.1924,,,,
bob,0,28642167,1457,0.0025,0.2457,1.7999999999999998,,-1.017,0.3057,0.2222,,,,
bob,0,28642167,1458,0.0065,0.2411,1.44,,-1.0103,0.3056,0.1938,,,,
bob,0,28642167,1459,0.0037,0.2277,1.38,,-1.0172,0.3055,0.1819,,,,
bob,0,28642167,1460,0.0041,0.2187,1.3599999999999999,,-1.013,0.3053,0.1863,,,,
bob,0,28642167,1461,0.0034,0.2298,1.5,,-1.0074,0.3052,0.176,,,,
bob,0,28642167,1462,0.0035,0.2348,1.58,,-1.0122,0.3051,0.1938,,,,
bob,0,28642167,1463,0.0019,0.2495,1.7399999999999998,,-1.016,0.3049,0.2162,,,,
bob,0,28642167,1464,0.0017,0.218,1.34,,-1.013,0.3048,0.1796,,,,
bob,0,28642167,1465,0.0105,0.2196,1.4000000000000001,,-1.018,0.3047,0.1883,,,,
bob,0,28642167,1466,0.002,0.2243,1.46,,-1.0173,0.3045,0.1914,,,,
bob,0,28642167,1467,0.0077,0.2867,1.7399999999999998,,-1.0055,0.3044,0.233,,,,
bob,0,28642167,1468,0.0066,0.2132,1.46,,-1.0026,0.3043,0.1855,,,,
bob,0,28642167,1469,0.0057,0.2243,1.5,,-0.9947,0.3041,0.1912,,,,
bob,0,28642167,1470,0.0055,0.2007,1.28,,-1.0219,0.304,0.1752,,,,
bob,0,28642167,1471,0.0034,0.2042,1.48,,-1.0177,0.3039,0.1787,,,,
bob,0,28642167,1472,0.0062,0.2262,1.5599999999999998,,-1.0107,0.3037,0.1881,,,,
bob,0,28642167,1473,0.0075,0.2173,1.4000000000000001,,-1.0129,0.3036,0.1886,,,,
bob,0,28642167,1474,0.0096,0.2182,1.38,,-1.0065,0.3035,0.1842,,,,
bob,0,28642167,1475,0.0107,0.1796,1.16,,-1.0114,0.3033,0.1583,,,,
bob,0,28642167,1476,0.0047,0.1882,1.26,,-1.0174,0.3032,0.1609,,,,
bob,0,28642167,1477,0.004,0.2075,1.32,,-1.0164,0.3031,0.1708,,,,
bob,0,28642167,1478,0.0068,0.2205,1.4000000000000001,,-1.013,0.3029,0.1803,,,,
bob,0,28642167,1479,0.0052,0.2004,1.28,,-1.0098,0.3028,0.1673,,,,
bob,0,28642167,1480,0.0065,0.2395,1.58,,-1.0127,0.3027,0.1971,,,,
bob,0,28642167,1481,0.0025,0.2295,1.4000000000000001,,-1.0053,0.3025,0.191,,,,
bob,0,28642167,1482,0.0035,0.2109,1.38,,-1.0156,0.3024,0.1616,,,,
bob,0,28642167,1483,0.0083,0.2103,1.3,,-1.0146,0.3023,0.1696,,,,
bob,0,28642167,1484,0.0076,0.2079,1.22,,-1.013,0.3021,0.1759,,,,
bob,0,28642167,1485,0.01,0.2074,1.26,,-1.0178,0.302,0.1667,,,,
bob,0,28642167,1486,0.0078,0.1796,1.16,,-1.0195,0.3019,0.1653,,,,
bob,0,28642167,1487,0.0062,0.1856,1.22,,-1.0123,0.3017,0.1519,,,,
bob,0,28642167,1488,0.0057,0.2167,1.32,,-1.0219,0.3016,0.1696,,,,
bob,0,28642167,1489,0.0077,0.2051,1.2,,-1.0077,0.3015,0.1603,,,,
bob,0,28642167,1490,0.0072,0.1957,1.32,,-1.0133,0.3013,0.1641,,,,
bob,0,28642167,1491,0.007,0.1968,1.3,,-1.0173,0.3012,0.1588,,,,
bob,0,28642167,1492,0.0081,0.2314,1.46,,-1.0235,0.3011,0.2038,,,,
bob,0,28642167,1493,0.0033,0.2267,1.4000000000000001,,-1.0168,0.3009,0.1782,,,,
bob,0,28642167,1494,0.0048,0.2253,1.28,,-1.0169,0.3008,0.1704,,,,
bob,0,28642167,1495,0.0026,0.2009,1.3,,-1.0204,0.3007,0.1638,,,,
bob,0,28642167,1496,0.0064,0.209,1.4200000000000002,,-1.0161,0.3005,0.1729,,,,
bob,0,28642167,1497,0.0049,0.2063,1.3,,-0.9991,0.3004,0.1648,,,,
bob,0,28642167,1498,0.007,0.2405,1.3599999999999999,,-1.0064,0.3003,0.1777,,,,
bob,0,28642167,1499,0.0071,0.2099,1.34,,-1.0169,0.3001,0.1836,,,,
bob,0,28642167,1500,0.0074,0.2162,1.3599999999999999,,-1.013,0.3,0.1874,,,,
bob,0,28642167,1501,0.0039,0.2002,1.2,,-1.012,0.2999,0.1593,,,,
bob,0,28642167,1502,0.007,0.2154,1.32,,-1.0143,0.2997,0.1676,,,,
bob,0,28642167,1503,0.0015,0.2372,1.44,,-1.0156,0.2996,0.1728,,,,
bob,0,28642167,1504,0.0023,0.2304,1.3599999999999999,,-1.0054,0.2995,0.1898,,,,
bob,0,28642167,1505,0.0071,0.211,1.46,,-1.0177,0.2993,0.1853,,,,
bob,0,28642167,1506,0.0005,0.2223,1.48,,-1.0167,0.2992,0.1811,,,,
bob,0,28642167,1507,0.0064,0.2338,1.58,,-1.0137,0.2991,0.2083,,,,
bob,0,28642167,1508,0.0064,0.2528,1.6,,-1.0144,0.2989,0.2022,,,,
bob,0,28642167,1509,0.0082,0.2491,1.4000000000000001,,-1.01,0.2988,0.2016,,,,
bob,0,28642167,1510,0.0077,0.289,1.66,,-1.0056,0.2987,0.2209,,,,
bob,0,28642167,1511,0.0068,0.2187,1.5,,-1.0195,0.2985,0.1869,,,,
bob,0,28642167,1512,0.0047,0.2104,1.5,,-1.0053,0.2984,0.1867,,,,
bob,0,28642167,1513,0.0043,0.2299,1.32,,-1.0096,0.2983,0.171,,,,
bob,0,28642167,1514,0.0014,0.2295,1.58,,-1.0168,0.2981,0.194,,,,
bob,0,28642167,1515,0.0075,0.2237,1.28,,-1.0033,0.298,0.187,,,,
bob,0,28642167,1516,0.0033,0.219,1.3599999999999999,,-1.0061,0.2979,0.1718,,,,
bob,0,28642167,1517,0.0065,0.2528,1.54,,-1.0044,0.2977,0.191,,,,
bob,0,28642167,1518,0.0071,0.28,1.5599999999999998,,-0.9989,0.2976,0.2195,,,,
bob,0,28642167,1519,0.0068,0.2387,1.5599999999999998,,-1.0078,0.2975,0.2054,,,,
bob,0,28642167,1520,0.0131,0.2523,1.48,,-1.0112,0.2973,0.1917,,,,
bob,0,28642167,1521,0.0073,0.2435,1.4000000000000001,,-1.0073,0.2972,0.1916,,,,
bob,0,28642167,1522,0.0079,0.2387,1.3599999999999999,,-1.0048,0.2971,0.1911,,,,
bob,0,28642167,1523,0.005,0.242,1.54,,-1.0107,0.2969,0.2036,,,,
bob,0,28642167,1524,0.0102,0.2625,1.6,,-1.0092,0.2968,0.2018,,,,
bob,0,28642167,1525,0.0108,0.2414,1.58,,-1.0179,0.2967,0.2061,,,,
bob,0,28642167,1526,0.0067,0.2469,1.72,,-1.0161,0.2965,0.2127,,,,
bob,0,28642167,1527,0.0041,0.2639,1.6,,-1.0243,0.2964,0.2232,,,,
bob,0,28642167,1528,0.005,0.2526,1.58,,-1.0071,0.2963,0.2103,,,,
bob,0,28642167,1529,0.0089,0.2264,1.52,,-1.0113,0.2961,0.1816,,,,
bob,0,28642167,1530,0.0078,0.2749,1.9,,-1.0067,0.296,0.2267,,,,
bob,0,28642167,1531,0.0079,0.277,1.78,,-1.0062,0.2959,0.2329,,,,
bob,0,28642167,1532,0.0064,0.259,1.6199999999999999,,-1.0146,0.2957,0.2119,,,,
bob,0,28642167,1533,0.0071,0.2746,1.66,,-1.0138,0.2956,0.2289,,,,
bob,0,28642167,1534,0.0051,0.2559,1.6199999999999999,,-1.0125,0.2955,0.2062,,,,
bob,0,28642167,1535,0.0068,0.2571,1.6,,-1.0123,0.2953,0.2137,,,,
bob,0,28642167,1536,0.0092,0.2615,1.76,,-1.012,0.2952,0.2135,,,,
bob,0,28642167,1537,0.0055,0.2795,1.76,,-1.0262,0.2951,0.2177,,,,
bob,0,28642167,1538,0.0089,0.2585,1.68,,-1.006,0.2949,0.207,,,,
bob,0,28642167,1539,0.0044,0.2917,1.92,,-1.006,0.2948,0.2359,,,,
bob,0,28642167,1540,0.0116,0.2719,1.82,,-1.0122,0.2947,0.2292,,,,
bob,0,28642167,1541,0.0064,0.2613,1.58,,-1.0044,0.2945,0.2148,,,,
bob,0,28642167,1542,0.0101,0.2584,1.58,,-1.0062,0.2944,0.2035,,,,
bob,0,28642167,1543,0.0044,0.271,1.78,,-1.0129,0.2943,0.2331,,,,
bob,0,28642167,1544,0.0086,0.2395,1.54,,-0.9989,0.2941,0.2101,,,,
bob,0,28642167,1545,0.0044,0.2219,1.3599999999999999,,-1.0017,0.294,0.1834,,,,
bob,0,28642167,1546,0.0078,0.2529,1.5599999999999998,,-1.008,0.2939,0.2102,,,,
bob,0,28642167,1547,0.0049,0.2303,1.5599999999999998,,-0.9991,0.2937,0.1925,,,,
bob,0,28642167,1548,0.0079,0.2693,1.6,,-1.0095,0.2936,0.2219,,,,
bob,0,28642167,1549,0.0049,0.2352,1.66,,-1.0008,0.2935,0.2049,,,,
bob,0,28642167,1550,0.0066,0.2584,1.7399999999999998,,-0.9954,0.2933,0.2293,,,,
bob,0,28642167,1551,0.0069,0.2665,1.82,,-1.0033,0.2932,0.2282,,,,
bob,0,28642167,1552,0.0075,0.2584,1.7000000000000002,,-1.0053,0.2931,0.2156,,,,
bob,0,28642167,1553,0.0109,0.2496,1.52,,-1.0127,0.2929,0.2051,,,,
bob,0,28642167,1554,0.005,0.2342,1.58,,-1.0185,0.2928,0.2117,,,,
bob,0,28642167,1555,0.0041,0.2336,1.6400000000000001,,-1.0093,0.2927,0.1947,,,,
bob,0,28642167,1556,0.0039,0.2607,1.76,,-1.0005,0.2925,0.2175,,,,
bob,0,28642167,1557,0.008,0.2553,1.66,,-1.0044,0.2924,0.2332,,,,
bob,0,28642167,1558,0.0087,0.2596,1.68,,-1.0073,0.2923,0.2071,,,,
