# File produced by Open Asset Import Library (http://www.assimp.sf.net)
# (assimp v5.4.3276931299)

mtllib milk.mtl

# 11161 vertex positions
v 0.821352482 0 -3.07999897
v 0 0 0
v 0 0 -3.07999897
v 0 0 0
v 0.821352482 0 -3.07999897
v 3.00999904 0 0
v 3.00999904 0 0
v 0.821352482 0 -3.07999897
v 2.24849319 0 -3.07999897
v 3.00999904 0 0
v 2.24849319 0 -3.07999897
v 2.27519536 0 -3.07999897
v 3.00999904 0 0
v 2.27519536 0 -3.07999897
v 3.00999904 0 -3.07999897
v 1.26493704 0.380714744 -3.07999897
v 1.35398328 0.370217174 -3.07999897
v 1.31441009 0.347385883 -3.07999897
v 1.35398328 0.370217174 -3.07999897
v 1.26493704 0.380714744 -3.07999897
v 1.38370919 0.379927874 -3.07999897
v 2.13645864 0.294688761 -3.07999897
v 2.21451664 0.32084924 -3.07999897
v 2.17373157 0.294393599 -3.07999897
v 2.21451664 0.32084924 -3.07999897
v 2.13645864 0.294688761 -3.07999897
v 2.12633181 0.308138579 -3.07999897
v 2.21451664 0.32084924 -3.07999897
v 2.12633181 0.308138579 -3.07999897
v 2.17406702 0.428258508 -3.07999897
v 2.21451664 0.32084924 -3.07999897
v 2.17406702 0.428258508 -3.07999897
v 2.3098886 0.370438933 -3.07999897
v 2.3098886 0.370438933 -3.07999897
v 2.17406702 0.428258508 -3.07999897
v 2.35083842 0.383592337 -3.07999897
v 1.20210683 0.572372973 -3.07999897
v 1.86507642 0.548912525 -3.07999897
v 1.19888711 0.532792687 -3.07999897
v 1.86507642 0.548912525 -3.07999897
v 1.20210683 0.572372973 -3.07999897
v 1.84706903 0.566908956 -3.07999897
v 1.84706903 0.566908956 -3.07999897
v 1.20210683 0.572372973 -3.07999897
v 1.86880648 0.588197172 -3.07999897
v 1.86880648 0.588197172 -3.07999897
v 1.20210683 0.572372973 -3.07999897
v 1.18233848 0.595537066 -3.07999897
v 1.1696192 0.368175775 -3.07999897
v 1.18601155 0.381237477 -3.07999897
v 1.1827513 0.368085861 -3.07999897
v 1.18601155 0.381237477 -3.07999897
v 1.1696192 0.368175775 -3.07999897
v 1.15975487 0.378119111 -3.07999897
v 1.18601155 0.381237477 -3.07999897
v 1.15975487 0.378119111 -3.07999897
v 1.12689054 0.411246836 -3.07999897
v 1.18601155 0.381237477 -3.07999897
v 1.12689054 0.411246836 -3.07999897
v 1.1892724 0.394391894 -3.07999897
v 1.1892724 0.394391894 -3.07999897
v 1.12689054 0.411246836 -3.07999897
v 1.17937124 0.42080763 -3.07999897
v 1.17937124 0.42080763 -3.07999897
v 1.12689054 0.411246836 -3.07999897
v 1.03836691 0.467674702 -3.07999897
v 1.17937124 0.42080763 -3.07999897
v 1.03836691 0.467674702 -3.07999897
v 1.14977014 0.45062393 -3.07999897
v 1.14977014 0.45062393 -3.07999897
v 1.03836691 0.467674702 -3.07999897
v 1.14968634 0.493450105 -3.07999897
v 1.14968634 0.493450105 -3.07999897
v 1.03836691 0.467674702 -3.07999897
v 0.966402411 0.510753334 -3.07999897
v 1.14968634 0.493450105 -3.07999897
v 0.966402411 0.510753334 -3.07999897
v 1.17257702 0.542793632 -3.07999897
v 1.17257702 0.542793632 -3.07999897
v 0.966402411 0.510753334 -3.07999897
v 0.891295671 0.563606977 -3.07999897
v 1.17257702 0.542793632 -3.07999897
v 0.891295671 0.563606977 -3.07999897
v 1.1790756 0.582350135 -3.07999897
v 1.1790756 0.582350135 -3.07999897
v 0.891295671 0.563606977 -3.07999897
v 0.79012543 0.685306251 -3.07999897
v 1.1790756 0.582350135 -3.07999897
v 0.79012543 0.685306251 -3.07999897
v 1.18233848 0.595537066 -3.07999897
v 1.18233848 0.595537066 -3.07999897
v 0.79012543 0.685306251 -3.07999897
v 1.19091916 0.624866188 -3.07999897
v 1.18233848 0.595537066 -3.07999897
v 1.19091916 0.624866188 -3.07999897
v 1.21941364 0.621127009 -3.07999897
v 1.19091916 0.624866188 -3.07999897
v 0.79012543 0.685306251 -3.07999897
v 1.20158494 0.653196037 -3.07999897
v 1.20158494 0.653196037 -3.07999897
v 0.79012543 0.685306251 -3.07999897
v 1.21225643 0.681541681 -3.07999897
v 1.21225643 0.681541681 -3.07999897
v 0.79012543 0.685306251 -3.07999897
v 1.22650981 0.685009062 -3.07999897
v 1.62596154 0.229135796 -3.07999897
v 1.69263315 0.238482654 -3.07999897
v 1.68261707 0.22199057 -3.07999897
v 1.69263315 0.238482654 -3.07999897
v 1.62596154 0.229135796 -3.07999897
v 1.56940508 0.25282079 -3.07999897
v 1.69263315 0.238482654 -3.07999897
v 1.56940508 0.25282079 -3.07999897
v 1.77283418 0.244412258 -3.07999897
v 1.77283418 0.244412258 -3.07999897
v 1.56940508 0.25282079 -3.07999897
v 1.86671031 0.283513784 -3.07999897
v 1.86671031 0.283513784 -3.07999897
v 1.56940508 0.25282079 -3.07999897
v 1.51294482 0.266542256 -3.07999897
v 1.86671031 0.283513784 -3.07999897
v 1.51294482 0.266542256 -3.07999897
v 1.47645581 0.289996117 -3.07999897
v 1.86671031 0.283513784 -3.07999897
v 1.47645581 0.289996117 -3.07999897
v 1.90369213 0.309853822 -3.07999897
v 1.90369213 0.309853822 -3.07999897
v 1.47645581 0.289996117 -3.07999897
v 1.41017675 0.366530389 -3.07999897
v 1.90369213 0.309853822 -3.07999897
v 1.41017675 0.366530389 -3.07999897
v 1.92729604 0.356326699 -3.07999897
v 1.92729604 0.356326699 -3.07999897
v 1.41017675 0.366530389 -3.07999897
v 2.01164794 0.425853848 -3.07999897
v 2.01164794 0.425853848 -3.07999897
v 1.41017675 0.366530389 -3.07999897
v 1.38370919 0.379927874 -3.07999897
v 2.01164794 0.425853848 -3.07999897
v 1.38370919 0.379927874 -3.07999897
v 1.26493704 0.380714744 -3.07999897
v 2.01164794 0.425853848 -3.07999897
v 1.26493704 0.380714744 -3.07999897
v 1.24184465 0.413839132 -3.07999897
v 2.01164794 0.425853848 -3.07999897
v 1.24184465 0.413839132 -3.07999897
v 1.21210825 0.493151665 -3.07999897
v 2.01164794 0.425853848 -3.07999897
v 1.21210825 0.493151665 -3.07999897
v 2.04885054 0.455717385 -3.07999897
v 2.04885054 0.455717385 -3.07999897
v 1.21210825 0.493151665 -3.07999897
v 2.06920767 0.492395759 -3.07999897
v 2.06920767 0.492395759 -3.07999897
v 1.21210825 0.493151665 -3.07999897
v 1.86507642 0.548912525 -3.07999897
v 2.06920767 0.492395759 -3.07999897
v 1.86507642 0.548912525 -3.07999897
v 2.12016082 0.572523594 -3.07999897
v 1.86507642 0.548912525 -3.07999897
v 1.21210825 0.493151665 -3.07999897
v 1.19888711 0.532792687 -3.07999897
v 2.12016082 0.572523594 -3.07999897
v 1.86507642 0.548912525 -3.07999897
v 1.88320827 0.570222676 -3.07999897
v 2.12016082 0.572523594 -3.07999897
v 1.88320827 0.570222676 -3.07999897
v 1.88325202 0.584521294 -3.07999897
v 2.12016082 0.572523594 -3.07999897
v 1.88325202 0.584521294 -3.07999897
v 2.20543718 0.740077019 -3.07999897
v 2.20543718 0.740077019 -3.07999897
v 1.88325202 0.584521294 -3.07999897
v 1.86880648 0.588197172 -3.07999897
v 2.20543718 0.740077019 -3.07999897
v 1.86880648 0.588197172 -3.07999897
v 1.18233848 0.595537066 -3.07999897
v 2.20543718 0.740077019 -3.07999897
v 1.18233848 0.595537066 -3.07999897
v 1.21941364 0.621127009 -3.07999897
v 2.20543718 0.740077019 -3.07999897
v 1.21941364 0.621127009 -3.07999897
v 1.21228683 0.624724388 -3.07999897
v 2.20543718 0.740077019 -3.07999897
v 1.21228683 0.624724388 -3.07999897
v 1.25148165 0.642224014 -3.07999897
v 2.20543718 0.740077019 -3.07999897
v 1.25148165 0.642224014 -3.07999897
v 1.25147247 0.670646131 -3.07999897
v 2.20543718 0.740077019 -3.07999897
v 1.25147247 0.670646131 -3.07999897
v 1.22650981 0.685009062 -3.07999897
v 2.20543718 0.740077019 -3.07999897
v 1.22650981 0.685009062 -3.07999897
v 0.79012543 0.685306251 -3.07999897
v 2.20543718 0.740077019 -3.07999897
v 0.79012543 0.685306251 -3.07999897
v 0.712130427 0.734595954 -3.07999897
v 2.20543718 0.740077019 -3.07999897
v 0.712130427 0.734595954 -3.07999897
v 0.682868063 0.767390668 -3.07999897
v 0 0 -3.07999897
v 0.618208587 0.770682991 -3.07999897
v 0.821352482 0 -3.07999897
v 0.618208587 0.770682991 -3.07999897
v 0 0 -3.07999897
v 0 6.56999969 -3.07999897
v 0.821352482 0 -3.07999897
v 0.618208587 0.770682991 -3.07999897
v 0.892780304 0.082023561 -3.07999897
v 0.892780304 0.082023561 -3.07999897
v 0.618208587 0.770682991 -3.07999897
v 0.6345222 0.731386423 -3.07999897
v 0.892780304 0.082023561 -3.07999897
v 0.6345222 0.731386423 -3.07999897
v 0.91868192 0.114432909 -3.07999897
v 0.91868192 0.114432909 -3.07999897
v 0.6345222 0.731386423 -3.07999897
v 0.938037694 0.169864699 -3.07999897
v 0.938037694 0.169864699 -3.07999897
v 0.6345222 0.731386423 -3.07999897
v 0.859459043 0.347370386 -3.07999897
v 0.859459043 0.347370386 -3.07999897
v 0.6345222 0.731386423 -3.07999897
v 0.767992914 0.524748504 -3.07999897
v 0.767992914 0.524748504 -3.07999897
v 0.6345222 0.731386423 -3.07999897
v 0.699307978 0.701836824 -3.07999897
v 0.618208587 0.770682991 -3.07999897
v 0 6.56999969 -3.07999897
v 0.656966448 0.773950398 -3.07999897
v 0.656966448 0.773950398 -3.07999897
v 0 6.56999969 -3.07999897
v 1.30215561 3.03407574 -3.07999897
v 0.656966448 0.773950398 -3.07999897
v 1.30215561 3.03407574 -3.07999897
v 1.32313478 2.98342824 -3.07999897
v 0.656966448 0.773950398 -3.07999897
v 1.32313478 2.98342824 -3.07999897
v 1.35650754 2.93993568 -3.07999897
v 0.656966448 0.773950398 -3.07999897
v 1.35650754 2.93993568 -3.07999897
v 1.39999998 2.90656257 -3.07999897
v 0.656966448 0.773950398 -3.07999897
v 1.39999998 2.90656257 -3.07999897
v 1.45064807 2.88558221 -3.07999897
v 0.656966448 0.773950398 -3.07999897
v 1.45064807 2.88558221 -3.07999897
v 1.505 2.87842703 -3.07999897
v 1.30215561 3.03407574 -3.07999897
v 0 6.56999969 -3.07999897
v 1.29499996 3.08842659 -3.07999897
v 1.29499996 3.08842659 -3.07999897
v 0 6.56999969 -3.07999897
v 1.30215561 3.14278007 -3.07999897
v 1.30215561 3.14278007 -3.07999897
v 0 6.56999969 -3.07999897
v 1.32313478 3.1934278 -3.07999897
v 1.32313478 3.1934278 -3.07999897
v 0 6.56999969 -3.07999897
v 1.35650754 3.23692012 -3.07999897
v 1.35650754 3.23692012 -3.07999897
v 0 6.56999969 -3.07999897
v 1.36916924 3.25052953 -3.07999897
v 1.36916924 3.25052953 -3.07999897
v 0 6.56999969 -3.07999897
v 1.38081634 3.26501775 -3.07999897
v 1.38081634 3.26501775 -3.07999897
v 0 6.56999969 -3.07999897
v 1.39138806 3.28030825 -3.07999897
v 1.39138806 3.28030825 -3.07999897
v 0 6.56999969 -3.07999897
v 1.40082979 3.29632044 -3.07999897
v 1.40082979 3.29632044 -3.07999897
v 0 6.56999969 -3.07999897
v 1.40909219 3.31297302 -3.07999897
v 1.40909219 3.31297302 -3.07999897
v 0 6.56999969 -3.07999897
v 1.41613221 3.33017612 -3.07999897
v 1.41613221 3.33017612 -3.07999897
v 0 6.56999969 -3.07999897
v 1.42191315 3.34784436 -3.07999897
v 1.42191315 3.34784436 -3.07999897
v 0 6.56999969 -3.07999897
v 1.4264046 3.36588097 -3.07999897
v 1.4264046 3.36588097 -3.07999897
v 0 6.56999969 -3.07999897
v 1.42958367 3.384197 -3.07999897
v 1.42958367 3.384197 -3.07999897
v 0 6.56999969 -3.07999897
v 1.43111444 3.39950299 -3.07999897
v 1.43111444 3.39950299 -3.07999897
v 0 6.56999969 -3.07999897
v 1.43111444 3.4398458 -3.07999897
v 1.43111444 3.4398458 -3.07999897
v 0 6.56999969 -3.07999897
v 1.43111444 6.56999969 -3.07999897
v 2.21712756 0.0299319178 -3.07999897
v 2.27519536 0 -3.07999897
v 2.24849319 0 -3.07999897
v 2.27519536 0 -3.07999897
v 2.21712756 0.0299319178 -3.07999897
v 3.00999904 0 -3.07999897
v 3.00999904 0 -3.07999897
v 2.21712756 0.0299319178 -3.07999897
v 2.35416174 0.35671708 -3.07999897
v 3.00999904 0 -3.07999897
v 2.35416174 0.35671708 -3.07999897
v 3.00999904 6.56999969 -3.07999897
v 2.35416174 0.35671708 -3.07999897
v 2.21712756 0.0299319178 -3.07999897
v 2.17648292 0.0404393934 -3.07999897
v 2.35416174 0.35671708 -3.07999897
v 2.17648292 0.0404393934 -3.07999897
v 2.33361506 0.330020159 -3.07999897
v 2.33361506 0.330020159 -3.07999897
v 2.17648292 0.0404393934 -3.07999897
v 2.30285001 0.296722531 -3.07999897
v 2.30285001 0.296722531 -3.07999897
v 2.17648292 0.0404393934 -3.07999897
v 2.11230683 0.0912331864 -3.07999897
v 2.30285001 0.296722531 -3.07999897
v 2.11230683 0.0912331864 -3.07999897
v 2.09886694 0.128072664 -3.07999897
v 2.30285001 0.296722531 -3.07999897
v 2.09886694 0.128072664 -3.07999897
v 2.18026781 0.197374865 -3.07999897
v 2.30285001 0.296722531 -3.07999897
v 2.18026781 0.197374865 -3.07999897
v 2.20410252 0.233933896 -3.07999897
v 2.30285001 0.296722531 -3.07999897
v 2.20410252 0.233933896 -3.07999897
v 2.24153185 0.263724893 -3.07999897
v 3.00999904 6.56999969 -3.07999897
v 2.35416174 0.35671708 -3.07999897
v 2.35083842 0.383592337 -3.07999897
v 3.00999904 6.56999969 -3.07999897
v 2.35083842 0.383592337 -3.07999897
v 2.22218037 0.642658353 -3.07999897
v 2.22218037 0.642658353 -3.07999897
v 2.35083842 0.383592337 -3.07999897
v 2.17406702 0.428258508 -3.07999897
v 2.22218037 0.642658353 -3.07999897
v 2.17406702 0.428258508 -3.07999897
v 2.17772961 0.535449266 -3.07999897
v 2.22218037 0.642658353 -3.07999897
v 2.17772961 0.535449266 -3.07999897
v 2.1948545 0.592392743 -3.07999897
v 3.00999904 6.56999969 -3.07999897
v 2.22218037 0.642658353 -3.07999897
v 2.22233534 0.699748635 -3.07999897
v 3.00999904 6.56999969 -3.07999897
v 2.22233534 0.699748635 -3.07999897
v 2.20543718 0.740077019 -3.07999897
v 3.00999904 6.56999969 -3.07999897
v 2.20543718 0.740077019 -3.07999897
v 1.70784438 3.03407574 -3.07999897
v 1.70784438 3.03407574 -3.07999897
v 2.20543718 0.740077019 -3.07999897
v 1.68686521 2.98342824 -3.07999897
v 1.68686521 2.98342824 -3.07999897
v 2.20543718 0.740077019 -3.07999897
v 0.682868063 0.767390668 -3.07999897
v 1.68686521 2.98342824 -3.07999897
v 0.682868063 0.767390668 -3.07999897
v 0.656966448 0.773950398 -3.07999897
v 1.68686521 2.98342824 -3.07999897
v 0.656966448 0.773950398 -3.07999897
v 1.65349245 2.93993568 -3.07999897
v 1.65349245 2.93993568 -3.07999897
v 0.656966448 0.773950398 -3.07999897
v 1.61000001 2.90656257 -3.07999897
v 1.61000001 2.90656257 -3.07999897
v 0.656966448 0.773950398 -3.07999897
v 1.55935204 2.88558221 -3.07999897
v 1.55935204 2.88558221 -3.07999897
v 0.656966448 0.773950398 -3.07999897
v 1.505 2.87842703 -3.07999897
v 3.00999904 6.56999969 -3.07999897
v 1.70784438 3.03407574 -3.07999897
v 1.71500015 3.08842659 -3.07999897
v 3.00999904 6.56999969 -3.07999897
v 1.71500015 3.08842659 -3.07999897
v 1.70784438 3.14278007 -3.07999897
v 3.00999904 6.56999969 -3.07999897
v 1.70784438 3.14278007 -3.07999897
v 1.68686521 3.1934278 -3.07999897
v 3.00999904 6.56999969 -3.07999897
v 1.68686521 3.1934278 -3.07999897
v 1.65349245 3.23692012 -3.07999897
v 3.00999904 6.56999969 -3.07999897
v 1.65349245 3.23692012 -3.07999897
v 1.64199495 3.25127625 -3.07999897
v 3.00999904 6.56999969 -3.07999897
v 1.64199495 3.25127625 -3.07999897
v 1.6313597 3.26628232 -3.07999897
v 3.00999904 6.56999969 -3.07999897
v 1.6313597 3.26628232 -3.07999897
v 1.6216234 3.28188562 -3.07999897
v 3.00999904 6.56999969 -3.07999897
v 1.6216234 3.28188562 -3.07999897
v 1.61281979 3.29803514 -3.07999897
v 3.00999904 6.56999969 -3.07999897
v 1.61281979 3.29803514 -3.07999897
v 1.60497892 3.31467438 -3.07999897
v 3.00999904 6.56999969 -3.07999897
v 1.60497892 3.31467438 -3.07999897
v 1.59812808 3.33174348 -3.07999897
v 3.00999904 6.56999969 -3.07999897
v 1.59812808 3.33174348 -3.07999897
v 1.59229064 3.34918547 -3.07999897
v 3.00999904 6.56999969 -3.07999897
v 1.59229064 3.34918547 -3.07999897
v 1.58748698 3.36694026 -3.07999897
v 3.00999904 6.56999969 -3.07999897
v 1.58748698 3.36694026 -3.07999897
v 1.58373368 3.38494611 -3.07999897
v 3.00999904 6.56999969 -3.07999897
v 1.58373368 3.38494611 -3.07999897
v 1.58104324 3.40314031 -3.07999897
v 3.00999904 6.56999969 -3.07999897
v 1.58104324 3.40314031 -3.07999897
v 1.57942533 3.42146134 -3.07999897
v 3.00999904 6.56999969 -3.07999897
v 1.57942533 3.42146134 -3.07999897
v 1.57888532 3.4398458 -3.07999897
v 3.00999904 6.56999969 -3.07999897
v 1.57888532 3.4398458 -3.07999897
v 1.57888532 6.56999969 -3.07999897
v 1.77283418 0.244412258 -3.07999897
v 1.72602272 0.238185704 -3.07999897
v 1.69263315 0.238482654 -3.07999897
v 0 7.32288837 -1.59352589
v 1.10128248 7.12886 -1.97660744
v 0 6.56999969 -3.07999897
v 1.10128248 7.12886 -1.97660744
v 0 7.32288837 -1.59352589
v 1.21952868 7.16985846 -1.8956641
v 1.21952868 7.16985846 -1.8956641
v 0 7.32288837 -1.59352589
v 1.35722911 7.1956296 -1.84478116
v 1.35722911 7.1956296 -1.84478116
v 0 7.32288837 -1.59352589
v 3.00999904 7.32288837 -1.59352589
v 0 6.56999969 -3.07999897
v 1.10128248 7.12886 -1.97660744
v 1.01054919 7.07543182 -2.08209443
v 0 6.56999969 -3.07999897
v 1.01054919 7.07543182 -2.08209443
v 0.953511655 7.01321459 -2.20493698
v 0 6.56999969 -3.07999897
v 0.953511655 7.01321459 -2.20493698
v 0.934057295 6.94644499 -2.33676291
v 1.35722911 7.1956296 -1.84478116
v 3.00999904 7.32288837 -1.59352589
v 1.505 7.20442057 -1.82742608
v 1.505 7.20442057 -1.82742608
v 3.00999904 7.32288837 -1.59352589
v 1.65277076 7.1956296 -1.84478116
v 1.65277076 7.1956296 -1.84478116
v 3.00999904 7.32288837 -1.59352589
v 1.79047132 7.16985846 -1.8956641
v 1.79047132 7.16985846 -1.8956641
v 3.00999904 7.32288837 -1.59352589
v 1.90871763 7.12886 -1.97660744
v 1.90871763 7.12886 -1.97660744
v 3.00999904 7.32288837 -1.59352589
v 1.9994508 7.07543182 -2.08209443
v 1.9994508 7.07543182 -2.08209443
v 3.00999904 7.32288837 -1.59352589
v 2.00341153 7.07111073 -2.09062481
v 2.00341153 7.07111073 -2.09062481
v 3.00999904 7.32288837 -1.59352589
v 2.05648851 7.01321459 -2.20493698
v 2.05648851 7.01321459 -2.20493698
v 3.00999904 7.32288837 -1.59352589
v 2.07594275 6.94644499 -2.33676291
v 1.65277076 6.69725847 -2.82874465
v 1.57888532 6.56999969 -3.07999897
v 1.57888532 6.69286442 -2.83742142
v 1.57888532 6.56999969 -3.07999897
v 1.65277076 6.69725847 -2.82874465
v 3.00999904 6.56999969 -3.07999897
v 3.00999904 6.56999969 -3.07999897
v 1.65277076 6.69725847 -2.82874465
v 1.79047132 6.723032 -2.77786088
v 3.00999904 6.56999969 -3.07999897
v 1.79047132 6.723032 -2.77786088
v 1.90871763 6.7640276 -2.69691873
v 3.00999904 6.56999969 -3.07999897
v 1.90871763 6.7640276 -2.69691873
v 1.9994508 6.81745672 -2.59143257
v 3.00999904 6.56999969 -3.07999897
v 1.9994508 6.81745672 -2.59143257
v 2.05648851 6.87967634 -2.46858883
v 3.00999904 6.56999969 -3.07999897
v 2.05648851 6.87967634 -2.46858883
v 2.07594275 6.94644499 -2.33676291
v 3.00999904 6.56999969 -3.07999897
v 2.07594275 6.94644499 -2.33676291
v 3.00999904 7.32288837 -1.59352589
v 0 6.56999969 -3.07999897
v 1.10128248 6.7640276 -2.69691873
v 1.43111444 6.56999969 -3.07999897
v 1.10128248 6.7640276 -2.69691873
v 0 6.56999969 -3.07999897
v 1.01054919 6.81745672 -2.59143257
v 1.01054919 6.81745672 -2.59143257
v 0 6.56999969 -3.07999897
v 0.953511655 6.87967634 -2.46858883
v 0.953511655 6.87967634 -2.46858883
v 0 6.56999969 -3.07999897
v 0.934057295 6.94644499 -2.33676291
v 1.01054919 6.81745672 -2.59143257
v 0.953511655 6.87967634 -2.46858883
v 1.00658822 6.82177734 -2.58290076
v 1.43111444 6.56999969 -3.07999897
v 1.10128248 6.7640276 -2.69691873
v 1.21952868 6.723032 -2.77786088
v 1.43111444 6.56999969 -3.07999897
v 1.21952868 6.723032 -2.77786088
v 1.35722911 6.69725847 -2.82874465
v 1.43111444 6.56999969 -3.07999897
v 1.35722911 6.69725847 -2.82874465
v 1.43111444 6.69286442 -2.83742142
v 1.43111444 3.4398458 -3.07999897
v 1.43143368 3.40269303 -3.07999897
v 1.43111444 3.39950299 -3.07999897
v 1.43143368 3.40269303 -3.07999897
v 1.43111444 3.4398458 -3.07999897
v 1.43194473 3.42127609 -3.07999897
v 0.953511655 7.01321459 -2.20493698
v 0.953511655 6.87967634 -2.46858883
v 0.934057295 6.94644499 -2.33676291
v 0.953511655 6.87967634 -2.46858883
v 0.953511655 7.01321459 -2.20493698
v 1.00658822 6.82177734 -2.58290076
v 1.00658822 6.82177734 -2.58290076
v 0.953511655 7.01321459 -2.20493698
v 1.01054919 7.07543182 -2.08209443
v 1.00658822 6.82177734 -2.58290076
v 1.01054919 7.07543182 -2.08209443
v 1.01054919 6.81745672 -2.59143257
v 1.01054919 6.81745672 -2.59143257
v 1.01054919 7.07543182 -2.08209443
v 1.10128248 6.7640276 -2.69691873
v 1.10128248 6.7640276 -2.69691873
v 1.01054919 7.07543182 -2.08209443
v 1.10128248 7.12886 -1.97660744
v 1.10128248 6.7640276 -2.69691873
v 1.10128248 7.12886 -1.97660744
v 1.21952868 6.723032 -2.77786088
v 1.21952868 6.723032 -2.77786088
v 1.10128248 7.12886 -1.97660744
v 1.21952868 7.16985846 -1.8956641
v 1.21952868 6.723032 -2.77786088
v 1.21952868 7.16985846 -1.8956641
v 1.35722911 6.69725847 -2.82874465
v 1.35722911 6.69725847 -2.82874465
v 1.21952868 7.16985846 -1.8956641
v 1.35722911 7.1956296 -1.84478116
v 1.35722911 6.69725847 -2.82874465
v 1.35722911 7.1956296 -1.84478116
v 1.43111444 6.69286442 -2.83742142
v 1.43111444 6.69286442 -2.83742142
v 1.35722911 7.1956296 -1.84478116
v 1.505 7.20442057 -1.82742608
v 1.43111444 6.69286442 -2.83742142
v 1.505 7.20442057 -1.82742608
v 1.505 6.6884675 -2.84610057
v 1.505 6.6884675 -2.84610057
v 1.505 7.20442057 -1.82742608
v 1.65277076 7.1956296 -1.84478116
v 1.505 6.6884675 -2.84610057
v 1.65277076 7.1956296 -1.84478116
v 1.57888532 6.69286442 -2.83742142
v 1.57888532 6.69286442 -2.83742142
v 1.65277076 7.1956296 -1.84478116
v 1.65277076 6.69725847 -2.82874465
v 1.65277076 6.69725847 -2.82874465
v 1.65277076 7.1956296 -1.84478116
v 1.79047132 7.16985846 -1.8956641
v 1.65277076 6.69725847 -2.82874465
v 1.79047132 7.16985846 -1.8956641
v 1.79047132 6.723032 -2.77786088
v 1.79047132 6.723032 -2.77786088
v 1.79047132 7.16985846 -1.8956641
v 1.90871763 6.7640276 -2.69691873
v 1.90871763 6.7640276 -2.69691873
v 1.79047132 7.16985846 -1.8956641
v 1.90871763 7.12886 -1.97660744
v 1.90871763 6.7640276 -2.69691873
v 1.90871763 7.12886 -1.97660744
v 1.9994508 7.07543182 -2.08209443
v 1.90871763 6.7640276 -2.69691873
v 1.9994508 7.07543182 -2.08209443
v 1.9994508 6.81745672 -2.59143257
v 1.9994508 6.81745672 -2.59143257
v 1.9994508 7.07543182 -2.08209443
v 2.00341153 7.07111073 -2.09062481
v 1.9994508 6.81745672 -2.59143257
v 2.00341153 7.07111073 -2.09062481
v 2.05648851 6.87967634 -2.46858883
v 2.05648851 6.87967634 -2.46858883
v 2.00341153 7.07111073 -2.09062481
v 2.05648851 7.01321459 -2.20493698
v 2.05648851 6.87967634 -2.46858883
v 2.05648851 7.01321459 -2.20493698
v 2.07594275 6.94644499 -2.33676291
v 0 7.71289015 -1.59352589
v 3.00999904 7.32288837 -1.59352589
v 0 7.32288837 -1.59352589
v 3.00999904 7.32288837 -1.59352589
v 0 7.71289015 -1.59352589
v 3.00999904 7.71289015 -1.59352589
v 3.00999904 7.71289015 -1.53999996
v 0 7.71289015 -1.59352589
v 0 7.71289015 -1.53999996
v 0 7.71289015 -1.59352589
v 3.00999904 7.71289015 -1.53999996
v 3.00999904 7.71289015 -1.59352589
v 3.00999904 7.71289015 -1.48647404
v 0 7.71289015 -1.53999996
v 0 7.71289015 -1.48647404
v 0 7.71289015 -1.53999996
v 3.00999904 7.71289015 -1.48647404
v 3.00999904 7.71289015 -1.53999996
v 3.00999904 7.71289015 -1.53999996
v 2.25749993 7.27054453 -1.53999996
v 3.00999904 7.27054453 -1.53999996
v 2.25749993 7.27054453 -1.53999996
v 3.00999904 7.71289015 -1.53999996
v 0.752499878 7.27054453 -1.53999996
v 0.752499878 7.27054453 -1.53999996
v 3.00999904 7.71289015 -1.53999996
v 0 7.27054453 -1.53999996
v 0 7.27054453 -1.53999996
v 3.00999904 7.71289015 -1.53999996
v 0 7.71289015 -1.53999996
v 3.00999904 7.71289015 -1.48647404
v 0 7.32288837 -1.48647404
v 3.00999904 7.32288837 -1.48647404
v 0 7.32288837 -1.48647404
v 3.00999904 7.71289015 -1.48647404
v 0 7.71289015 -1.48647404
v 0.752499878 7.27054453 -1.53999996
v 3.00999904 6.56999969 -0.0899999961
v 0 6.56999969 -0.0899999961
v 3.00999904 6.56999969 -0.0899999961
v 0.752499878 7.27054453 -1.53999996
v 2.25749993 7.27054453 -1.53999996
v 3.00999904 6.56999969 -2.98999906
v 0.752499878 7.27054453 -1.53999996
v 0 6.56999969 -2.98999906
v 0.752499878 7.27054453 -1.53999996
v 3.00999904 6.56999969 -2.98999906
v 2.25749993 7.27054453 -1.53999996
v 3.00999904 6.56999969 0
v 0 7.32288837 -1.48647404
v 0 6.56999969 0
v 0 7.32288837 -1.48647404
v 3.00999904 6.56999969 0
v 3.00999904 7.32288837 -1.48647404
v 3.00999904 6.56999969 -0.0899999961
v 0 6.56999969 -2.98999906
v 0 6.56999969 -0.0899999961
v 0 6.56999969 -2.98999906
v 3.00999904 6.56999969 -0.0899999961
v 3.00999904 6.56999969 -2.98999906
v 3.00999904 0 -3.07999897
v 2.27519536 0 -3.07999897
v 3.00999904 0 0
v 2.27519536 0 -3.07999897
v 2.24849319 0 -3.07999897
v 2.24849319 0 -3.07999897
v 3.00999904 0 0
v 0.821352482 0 -3.07999897
v 0 0 0
v 0 0 -3.07999897
v 0 0 0
v 0.821352482 0 -3.07999897
v 1.69263315 0.238482654 -3.07999897
v 1.72602272 0.238185704 -3.07999897
v 1.77283418 0.244412258 -3.07999897
v 1.57888532 6.56999969 -3.07999897
v 1.57888532 3.4398458 -3.07999897
v 3.00999904 6.56999969 -3.07999897
v 1.57888532 3.4398458 -3.07999897
v 1.57942533 3.42146134 -3.07999897
v 3.00999904 6.56999969 -3.07999897
v 1.57942533 3.42146134 -3.07999897
v 1.58104324 3.40314031 -3.07999897
v 3.00999904 6.56999969 -3.07999897
v 1.58104324 3.40314031 -3.07999897
v 1.58373368 3.38494611 -3.07999897
v 3.00999904 6.56999969 -3.07999897
v 1.58373368 3.38494611 -3.07999897
v 1.58748698 3.36694026 -3.07999897
v 3.00999904 6.56999969 -3.07999897
v 1.58748698 3.36694026 -3.07999897
v 1.59229064 3.34918547 -3.07999897
v 3.00999904 6.56999969 -3.07999897
v 1.59229064 3.34918547 -3.07999897
v 1.59812808 3.33174348 -3.07999897
v 3.00999904 6.56999969 -3.07999897
v 1.59812808 3.33174348 -3.07999897
v 1.60497892 3.31467438 -3.07999897
v 3.00999904 6.56999969 -3.07999897
v 1.60497892 3.31467438 -3.07999897
v 1.61281979 3.29803514 -3.07999897
v 3.00999904 6.56999969 -3.07999897
v 1.61281979 3.29803514 -3.07999897
v 1.6216234 3.28188562 -3.07999897
v 3.00999904 6.56999969 -3.07999897
v 1.6216234 3.28188562 -3.07999897
v 1.6313597 3.26628232 -3.07999897
v 3.00999904 6.56999969 -3.07999897
v 1.6313597 3.26628232 -3.07999897
v 1.64199495 3.25127625 -3.07999897
v 3.00999904 6.56999969 -3.07999897
v 1.64199495 3.25127625 -3.07999897
v 1.65349245 3.23692012 -3.07999897
v 3.00999904 6.56999969 -3.07999897
v 1.65349245 3.23692012 -3.07999897
v 1.68686521 3.1934278 -3.07999897
v 3.00999904 6.56999969 -3.07999897
v 1.68686521 3.1934278 -3.07999897
v 1.70784438 3.14278007 -3.07999897
v 3.00999904 6.56999969 -3.07999897
v 1.70784438 3.14278007 -3.07999897
v 1.71500015 3.08842659 -3.07999897
v 3.00999904 6.56999969 -3.07999897
v 1.71500015 3.08842659 -3.07999897
v 1.70784438 3.03407574 -3.07999897
v 3.00999904 6.56999969 -3.07999897
v 1.505 2.87842703 -3.07999897
v 0.656966448 0.773950398 -3.07999897
v 1.55935204 2.88558221 -3.07999897
v 1.55935204 2.88558221 -3.07999897
v 0.656966448 0.773950398 -3.07999897
v 1.61000001 2.90656257 -3.07999897
v 1.61000001 2.90656257 -3.07999897
v 0.656966448 0.773950398 -3.07999897
v 1.65349245 2.93993568 -3.07999897
v 1.65349245 2.93993568 -3.07999897
v 0.656966448 0.773950398 -3.07999897
v 1.68686521 2.98342824 -3.07999897
v 0.656966448 0.773950398 -3.07999897
v 0.682868063 0.767390668 -3.07999897
v 1.68686521 2.98342824 -3.07999897
v 0.682868063 0.767390668 -3.07999897
v 2.20543718 0.740077019 -3.07999897
v 1.68686521 2.98342824 -3.07999897
v 1.68686521 2.98342824 -3.07999897
v 2.20543718 0.740077019 -3.07999897
v 1.70784438 3.03407574 -3.07999897
v 1.70784438 3.03407574 -3.07999897
v 2.20543718 0.740077019 -3.07999897
v 3.00999904 6.56999969 -3.07999897
v 2.20543718 0.740077019 -3.07999897
v 2.22233534 0.699748635 -3.07999897
v 3.00999904 6.56999969 -3.07999897
v 2.22233534 0.699748635 -3.07999897
v 2.22218037 0.642658353 -3.07999897
v 3.00999904 6.56999969 -3.07999897
v 2.1948545 0.592392743 -3.07999897
v 2.17772961 0.535449266 -3.07999897
v 2.22218037 0.642658353 -3.07999897
v 2.17772961 0.535449266 -3.07999897
v 2.17406702 0.428258508 -3.07999897
v 2.22218037 0.642658353 -3.07999897
v 2.17406702 0.428258508 -3.07999897
v 2.35083842 0.383592337 -3.07999897
v 2.22218037 0.642658353 -3.07999897
v 2.22218037 0.642658353 -3.07999897
v 2.35083842 0.383592337 -3.07999897
v 3.00999904 6.56999969 -3.07999897
v 2.35083842 0.383592337 -3.07999897
v 2.35416174 0.35671708 -3.07999897
v 3.00999904 6.56999969 -3.07999897
v 2.24153185 0.263724893 -3.07999897
v 2.20410252 0.233933896 -3.07999897
v 2.30285001 0.296722531 -3.07999897
v 2.20410252 0.233933896 -3.07999897
v 2.18026781 0.197374865 -3.07999897
v 2.30285001 0.296722531 -3.07999897
v 2.18026781 0.197374865 -3.07999897
v 2.09886694 0.128072664 -3.07999897
v 2.30285001 0.296722531 -3.07999897
v 2.09886694 0.128072664 -3.07999897
v 2.11230683 0.0912331864 -3.07999897
v 2.30285001 0.296722531 -3.07999897
v 2.11230683 0.0912331864 -3.07999897
v 2.17648292 0.0404393934 -3.07999897
v 2.30285001 0.296722531 -3.07999897
v 2.30285001 0.296722531 -3.07999897
v 2.17648292 0.0404393934 -3.07999897
v 2.33361506 0.330020159 -3.07999897
v 2.33361506 0.330020159 -3.07999897
v 2.17648292 0.0404393934 -3.07999897
v 2.35416174 0.35671708 -3.07999897
v 2.17648292 0.0404393934 -3.07999897
v 2.21712756 0.0299319178 -3.07999897
v 2.35416174 0.35671708 -3.07999897
v 3.00999904 6.56999969 -3.07999897
v 2.35416174 0.35671708 -3.07999897
v 3.00999904 0 -3.07999897
v 2.35416174 0.35671708 -3.07999897
v 2.21712756 0.0299319178 -3.07999897
v 3.00999904 0 -3.07999897
v 3.00999904 0 -3.07999897
v 2.21712756 0.0299319178 -3.07999897
v 2.27519536 0 -3.07999897
v 2.24849319 0 -3.07999897
v 2.27519536 0 -3.07999897
v 2.21712756 0.0299319178 -3.07999897
v 1.43111444 6.56999969 -3.07999897
v 0 6.56999969 -3.07999897
v 1.43111444 3.4398458 -3.07999897
v 1.43111444 3.4398458 -3.07999897
v 0 6.56999969 -3.07999897
v 1.43111444 3.39950299 -3.07999897
v 1.43111444 3.39950299 -3.07999897
v 0 6.56999969 -3.07999897
v 1.42958367 3.384197 -3.07999897
v 1.42958367 3.384197 -3.07999897
v 0 6.56999969 -3.07999897
v 1.4264046 3.36588097 -3.07999897
v 1.4264046 3.36588097 -3.07999897
v 0 6.56999969 -3.07999897
v 1.42191315 3.34784436 -3.07999897
v 1.42191315 3.34784436 -3.07999897
v 0 6.56999969 -3.07999897
v 1.41613221 3.33017612 -3.07999897
v 1.41613221 3.33017612 -3.07999897
v 0 6.56999969 -3.07999897
v 1.40909219 3.31297302 -3.07999897
v 1.40909219 3.31297302 -3.07999897
v 0 6.56999969 -3.07999897
v 1.40082979 3.29632044 -3.07999897
v 1.40082979 3.29632044 -3.07999897
v 0 6.56999969 -3.07999897
v 1.39138806 3.28030825 -3.07999897
v 1.39138806 3.28030825 -3.07999897
v 0 6.56999969 -3.07999897
v 1.38081634 3.26501775 -3.07999897
v 1.38081634 3.26501775 -3.07999897
v 0 6.56999969 -3.07999897
v 1.36916924 3.25052953 -3.07999897
v 1.36916924 3.25052953 -3.07999897
v 0 6.56999969 -3.07999897
v 1.35650754 3.23692012 -3.07999897
v 1.35650754 3.23692012 -3.07999897
v 0 6.56999969 -3.07999897
v 1.32313478 3.1934278 -3.07999897
v 1.32313478 3.1934278 -3.07999897
v 0 6.56999969 -3.07999897
v 1.30215561 3.14278007 -3.07999897
v 1.30215561 3.14278007 -3.07999897
v 0 6.56999969 -3.07999897
v 1.29499996 3.08842659 -3.07999897
v 1.29499996 3.08842659 -3.07999897
v 0 6.56999969 -3.07999897
v 1.30215561 3.03407574 -3.07999897
v 1.505 2.87842703 -3.07999897
v 1.45064807 2.88558221 -3.07999897
v 0.656966448 0.773950398 -3.07999897
v 1.45064807 2.88558221 -3.07999897
v 1.39999998 2.90656257 -3.07999897
v 0.656966448 0.773950398 -3.07999897
v 1.39999998 2.90656257 -3.07999897
v 1.35650754 2.93993568 -3.07999897
v 0.656966448 0.773950398 -3.07999897
v 1.35650754 2.93993568 -3.07999897
v 1.32313478 2.98342824 -3.07999897
v 0.656966448 0.773950398 -3.07999897
v 1.32313478 2.98342824 -3.07999897
v 1.30215561 3.03407574 -3.07999897
v 0.656966448 0.773950398 -3.07999897
v 1.30215561 3.03407574 -3.07999897
v 0 6.56999969 -3.07999897
v 0.656966448 0.773950398 -3.07999897
v 0.656966448 0.773950398 -3.07999897
v 0 6.56999969 -3.07999897
v 0.618208587 0.770682991 -3.07999897
v 0.699307978 0.701836824 -3.07999897
v 0.767992914 0.524748504 -3.07999897
v 0.767992914 0.524748504 -3.07999897
v 0.859459043 0.347370386 -3.07999897
v 0.859459043 0.347370386 -3.07999897
v 0.938037694 0.169864699 -3.07999897
v 0.938037694 0.169864699 -3.07999897
v 0.6345222 0.731386423 -3.07999897
v 0.91868192 0.114432909 -3.07999897
v 0.91868192 0.114432909 -3.07999897
v 0.6345222 0.731386423 -3.07999897
v 0.892780304 0.082023561 -3.07999897
v 0.6345222 0.731386423 -3.07999897
v 0.618208587 0.770682991 -3.07999897
v 0.892780304 0.082023561 -3.07999897
v 0.892780304 0.082023561 -3.07999897
v 0.618208587 0.770682991 -3.07999897
v 0.821352482 0 -3.07999897
v 0 6.56999969 -3.07999897
v 0 0 -3.07999897
v 0.618208587 0.770682991 -3.07999897
v 0.821352482 0 -3.07999897
v 0.618208587 0.770682991 -3.07999897
v 0 0 -3.07999897
v 0.682868063 0.767390668 -3.07999897
v 0.712130427 0.734595954 -3.07999897
v 2.20543718 0.740077019 -3.07999897
v 0.712130427 0.734595954 -3.07999897
v 0.79012543 0.685306251 -3.07999897
v 2.20543718 0.740077019 -3.07999897
v 0.79012543 0.685306251 -3.07999897
v 1.22650981 0.685009062 -3.07999897
v 2.20543718 0.740077019 -3.07999897
v 1.22650981 0.685009062 -3.07999897
v 1.25147247 0.670646131 -3.07999897
v 2.20543718 0.740077019 -3.07999897
v 1.25147247 0.670646131 -3.07999897
v 1.25148165 0.642224014 -3.07999897
v 2.20543718 0.740077019 -3.07999897
v 1.25148165 0.642224014 -3.07999897
v 1.21228683 0.624724388 -3.07999897
v 2.20543718 0.740077019 -3.07999897
v 1.21228683 0.624724388 -3.07999897
v 1.21941364 0.621127009 -3.07999897
v 2.20543718 0.740077019 -3.07999897
v 1.21941364 0.621127009 -3.07999897
v 1.18233848 0.595537066 -3.07999897
v 2.20543718 0.740077019 -3.07999897
v 1.18233848 0.595537066 -3.07999897
v 1.86880648 0.588197172 -3.07999897
v 2.20543718 0.740077019 -3.07999897
v 1.86880648 0.588197172 -3.07999897
v 1.88325202 0.584521294 -3.07999897
v 2.20543718 0.740077019 -3.07999897
v 2.20543718 0.740077019 -3.07999897
v 1.88325202 0.584521294 -3.07999897
v 2.12016082 0.572523594 -3.07999897
v 1.88325202 0.584521294 -3.07999897
v 1.88320827 0.570222676 -3.07999897
v 2.12016082 0.572523594 -3.07999897
v 1.88320827 0.570222676 -3.07999897
v 1.86507642 0.548912525 -3.07999897
v 2.12016082 0.572523594 -3.07999897
v 1.19888711 0.532792687 -3.07999897
v 1.21210825 0.493151665 -3.07999897
v 1.86507642 0.548912525 -3.07999897
v 2.12016082 0.572523594 -3.07999897
v 1.86507642 0.548912525 -3.07999897
v 2.06920767 0.492395759 -3.07999897
v 1.86507642 0.548912525 -3.07999897
v 1.21210825 0.493151665 -3.07999897
v 2.06920767 0.492395759 -3.07999897
v 2.06920767 0.492395759 -3.07999897
v 1.21210825 0.493151665 -3.07999897
v 2.04885054 0.455717385 -3.07999897
v 2.04885054 0.455717385 -3.07999897
v 1.21210825 0.493151665 -3.07999897
v 2.01164794 0.425853848 -3.07999897
v 1.21210825 0.493151665 -3.07999897
v 1.24184465 0.413839132 -3.07999897
v 2.01164794 0.425853848 -3.07999897
v 1.24184465 0.413839132 -3.07999897
v 1.26493704 0.380714744 -3.07999897
v 2.01164794 0.425853848 -3.07999897
v 1.26493704 0.380714744 -3.07999897
v 1.38370919 0.379927874 -3.07999897
v 2.01164794 0.425853848 -3.07999897
v 1.38370919 0.379927874 -3.07999897
v 1.41017675 0.366530389 -3.07999897
v 2.01164794 0.425853848 -3.07999897
v 2.01164794 0.425853848 -3.07999897
v 1.41017675 0.366530389 -3.07999897
v 1.92729604 0.356326699 -3.07999897
v 1.92729604 0.356326699 -3.07999897
v 1.41017675 0.366530389 -3.07999897
v 1.90369213 0.309853822 -3.07999897
v 1.41017675 0.366530389 -3.07999897
v 1.47645581 0.289996117 -3.07999897
v 1.90369213 0.309853822 -3.07999897
v 1.90369213 0.309853822 -3.07999897
v 1.47645581 0.289996117 -3.07999897
v 1.86671031 0.283513784 -3.07999897
v 1.47645581 0.289996117 -3.07999897
v 1.51294482 0.266542256 -3.07999897
v 1.86671031 0.283513784 -3.07999897
v 1.51294482 0.266542256 -3.07999897
v 1.56940508 0.25282079 -3.07999897
v 1.86671031 0.283513784 -3.07999897
v 1.86671031 0.283513784 -3.07999897
v 1.56940508 0.25282079 -3.07999897
v 1.77283418 0.244412258 -3.07999897
v 1.77283418 0.244412258 -3.07999897
v 1.56940508 0.25282079 -3.07999897
v 1.69263315 0.238482654 -3.07999897
v 1.56940508 0.25282079 -3.07999897
v 1.62596154 0.229135796 -3.07999897
v 1.69263315 0.238482654 -3.07999897
v 1.68261707 0.22199057 -3.07999897
v 1.69263315 0.238482654 -3.07999897
v 1.62596154 0.229135796 -3.07999897
v 1.22650981 0.685009062 -3.07999897
v 0.79012543 0.685306251 -3.07999897
v 1.21225643 0.681541681 -3.07999897
v 1.21225643 0.681541681 -3.07999897
v 0.79012543 0.685306251 -3.07999897
v 1.20158494 0.653196037 -3.07999897
v 1.20158494 0.653196037 -3.07999897
v 0.79012543 0.685306251 -3.07999897
v 1.19091916 0.624866188 -3.07999897
v 1.21941364 0.621127009 -3.07999897
v 1.19091916 0.624866188 -3.07999897
v 1.18233848 0.595537066 -3.07999897
v 1.19091916 0.624866188 -3.07999897
v 0.79012543 0.685306251 -3.07999897
v 1.18233848 0.595537066 -3.07999897
v 1.18233848 0.595537066 -3.07999897
v 0.79012543 0.685306251 -3.07999897
v 1.1790756 0.582350135 -3.07999897
v 0.79012543 0.685306251 -3.07999897
v 0.891295671 0.563606977 -3.07999897
v 1.1790756 0.582350135 -3.07999897
v 1.1790756 0.582350135 -3.07999897
v 0.891295671 0.563606977 -3.07999897
v 1.17257702 0.542793632 -3.07999897
v 0.891295671 0.563606977 -3.07999897
v 0.966402411 0.510753334 -3.07999897
v 1.17257702 0.542793632 -3.07999897
v 1.17257702 0.542793632 -3.07999897
v 0.966402411 0.510753334 -3.07999897
v 1.14968634 0.493450105 -3.07999897
v 0.966402411 0.510753334 -3.07999897
v 1.03836691 0.467674702 -3.07999897
v 1.14968634 0.493450105 -3.07999897
v 1.14968634 0.493450105 -3.07999897
v 1.03836691 0.467674702 -3.07999897
v 1.14977014 0.45062393 -3.07999897
v 1.14977014 0.45062393 -3.07999897
v 1.03836691 0.467674702 -3.07999897
v 1.17937124 0.42080763 -3.07999897
v 1.03836691 0.467674702 -3.07999897
v 1.12689054 0.411246836 -3.07999897
v 1.17937124 0.42080763 -3.07999897
v 1.17937124 0.42080763 -3.07999897
v 1.12689054 0.411246836 -3.07999897
v 1.1892724 0.394391894 -3.07999897
v 1.1892724 0.394391894 -3.07999897
v 1.12689054 0.411246836 -3.07999897
v 1.18601155 0.381237477 -3.07999897
v 1.12689054 0.411246836 -3.07999897
v 1.15975487 0.378119111 -3.07999897
v 1.18601155 0.381237477 -3.07999897
v 1.15975487 0.378119111 -3.07999897
v 1.1696192 0.368175775 -3.07999897
v 1.18601155 0.381237477 -3.07999897
v 1.1827513 0.368085861 -3.07999897
v 1.18601155 0.381237477 -3.07999897
v 1.1696192 0.368175775 -3.07999897
v 1.18233848 0.595537066 -3.07999897
v 1.20210683 0.572372973 -3.07999897
v 1.86880648 0.588197172 -3.07999897
v 1.86880648 0.588197172 -3.07999897
v 1.20210683 0.572372973 -3.07999897
v 1.84706903 0.566908956 -3.07999897
v 1.84706903 0.566908956 -3.07999897
v 1.20210683 0.572372973 -3.07999897
v 1.86507642 0.548912525 -3.07999897
v 1.19888711 0.532792687 -3.07999897
v 1.86507642 0.548912525 -3.07999897
v 1.20210683 0.572372973 -3.07999897
v 2.35083842 0.383592337 -3.07999897
v 2.17406702 0.428258508 -3.07999897
v 2.3098886 0.370438933 -3.07999897
v 2.3098886 0.370438933 -3.07999897
v 2.17406702 0.428258508 -3.07999897
v 2.21451664 0.32084924 -3.07999897
v 2.17406702 0.428258508 -3.07999897
v 2.12633181 0.308138579 -3.07999897
v 2.21451664 0.32084924 -3.07999897
v 2.12633181 0.308138579 -3.07999897
v 2.13645864 0.294688761 -3.07999897
v 2.21451664 0.32084924 -3.07999897
v 2.17373157 0.294393599 -3.07999897
v 2.21451664 0.32084924 -3.07999897
v 2.13645864 0.294688761 -3.07999897
v 1.38370919 0.379927874 -3.07999897
v 1.26493704 0.380714744 -3.07999897
v 1.35398328 0.370217174 -3.07999897
v 1.31441009 0.347385883 -3.07999897
v 1.35398328 0.370217174 -3.07999897
v 1.26493704 0.380714744 -3.07999897
v 1.43111444 6.69286442 -2.83742142
v 1.35722911 6.69725847 -2.82874465
v 1.43111444 6.56999969 -3.07999897
v 1.35722911 6.69725847 -2.82874465
v 1.21952868 6.723032 -2.77786088
v 1.43111444 6.56999969 -3.07999897
v 1.21952868 6.723032 -2.77786088
v 1.10128248 6.7640276 -2.69691873
v 1.43111444 6.56999969 -3.07999897
v 1.00658822 6.82177734 -2.58290076
v 0.953511655 6.87967634 -2.46858883
v 1.01054919 6.81745672 -2.59143257
v 0.934057295 6.94644499 -2.33676291
v 0 6.56999969 -3.07999897
v 0.953511655 6.87967634 -2.46858883
v 0.953511655 6.87967634 -2.46858883
v 0 6.56999969 -3.07999897
v 1.01054919 6.81745672 -2.59143257
v 1.01054919 6.81745672 -2.59143257
v 0 6.56999969 -3.07999897
v 1.10128248 6.7640276 -2.69691873
v 1.43111444 6.56999969 -3.07999897
v 1.10128248 6.7640276 -2.69691873
v 0 6.56999969 -3.07999897
v 3.00999904 7.32288837 -1.59352589
v 2.07594275 6.94644499 -2.33676291
v 3.00999904 6.56999969 -3.07999897
v 2.07594275 6.94644499 -2.33676291
v 2.05648851 6.87967634 -2.46858883
v 3.00999904 6.56999969 -3.07999897
v 2.05648851 6.87967634 -2.46858883
v 1.9994508 6.81745672 -2.59143257
v 3.00999904 6.56999969 -3.07999897
v 1.9994508 6.81745672 -2.59143257
v 1.90871763 6.7640276 -2.69691873
v 3.00999904 6.56999969 -3.07999897
v 1.90871763 6.7640276 -2.69691873
v 1.79047132 6.723032 -2.77786088
v 3.00999904 6.56999969 -3.07999897
v 1.79047132 6.723032 -2.77786088
v 1.65277076 6.69725847 -2.82874465
v 3.00999904 6.56999969 -3.07999897
v 3.00999904 6.56999969 -3.07999897
v 1.65277076 6.69725847 -2.82874465
v 1.57888532 6.56999969 -3.07999897
v 1.57888532 6.69286442 -2.83742142
v 1.65277076 6.69725847 -2.82874465
v 2.07594275 6.94644499 -2.33676291
v 3.00999904 7.32288837 -1.59352589
v 2.05648851 7.01321459 -2.20493698
v 2.05648851 7.01321459 -2.20493698
v 3.00999904 7.32288837 -1.59352589
v 2.00341153 7.07111073 -2.09062481
v 2.00341153 7.07111073 -2.09062481
v 3.00999904 7.32288837 -1.59352589
v 1.9994508 7.07543182 -2.08209443
v 1.9994508 7.07543182 -2.08209443
v 3.00999904 7.32288837 -1.59352589
v 1.90871763 7.12886 -1.97660744
v 1.90871763 7.12886 -1.97660744
v 3.00999904 7.32288837 -1.59352589
v 1.79047132 7.16985846 -1.8956641
v 1.79047132 7.16985846 -1.8956641
v 3.00999904 7.32288837 -1.59352589
v 1.65277076 7.1956296 -1.84478116
v 1.65277076 7.1956296 -1.84478116
v 3.00999904 7.32288837 -1.59352589
v 1.505 7.20442057 -1.82742608
v 1.505 7.20442057 -1.82742608
v 3.00999904 7.32288837 -1.59352589
v 1.35722911 7.1956296 -1.84478116
v 0.934057295 6.94644499 -2.33676291
v 0.953511655 7.01321459 -2.20493698
v 0 6.56999969 -3.07999897
v 0.953511655 7.01321459 -2.20493698
v 1.01054919 7.07543182 -2.08209443
v 0 6.56999969 -3.07999897
v 1.01054919 7.07543182 -2.08209443
v 1.10128248 7.12886 -1.97660744
v 0 6.56999969 -3.07999897
v 3.00999904 7.32288837 -1.59352589
v 0 7.32288837 -1.59352589
v 1.35722911 7.1956296 -1.84478116
v 1.35722911 7.1956296 -1.84478116
v 0 7.32288837 -1.59352589
v 1.21952868 7.16985846 -1.8956641
v 1.21952868 7.16985846 -1.8956641
v 0 7.32288837 -1.59352589
v 1.10128248 7.12886 -1.97660744
v 0 6.56999969 -3.07999897
v 1.10128248 7.12886 -1.97660744
v 0 7.32288837 -1.59352589
v 1.43194473 3.42127609 -3.07999897
v 1.43111444 3.4398458 -3.07999897
v 1.43143368 3.40269303 -3.07999897
v 1.43111444 3.39950299 -3.07999897
v 1.43143368 3.40269303 -3.07999897
v 1.43111444 3.4398458 -3.07999897
v 2.07594275 6.94644499 -2.33676291
v 2.05648851 7.01321459 -2.20493698
v 2.05648851 6.87967634 -2.46858883
v 2.05648851 7.01321459 -2.20493698
v 2.00341153 7.07111073 -2.09062481
v 2.05648851 6.87967634 -2.46858883
v 2.05648851 6.87967634 -2.46858883
v 2.00341153 7.07111073 -2.09062481
v 1.9994508 6.81745672 -2.59143257
v 2.00341153 7.07111073 -2.09062481
v 1.9994508 7.07543182 -2.08209443
v 1.9994508 6.81745672 -2.59143257
v 1.9994508 6.81745672 -2.59143257
v 1.9994508 7.07543182 -2.08209443
v 1.90871763 6.7640276 -2.69691873
v 1.9994508 7.07543182 -2.08209443
v 1.90871763 7.12886 -1.97660744
v 1.90871763 6.7640276 -2.69691873
v 1.90871763 7.12886 -1.97660744
v 1.79047132 7.16985846 -1.8956641
v 1.90871763 6.7640276 -2.69691873
v 1.90871763 6.7640276 -2.69691873
v 1.79047132 7.16985846 -1.8956641
v 1.79047132 6.723032 -2.77786088
v 1.79047132 6.723032 -2.77786088
v 1.79047132 7.16985846 -1.8956641
v 1.65277076 6.69725847 -2.82874465
v 1.79047132 7.16985846 -1.8956641
v 1.65277076 7.1956296 -1.84478116
v 1.65277076 6.69725847 -2.82874465
v 1.65277076 6.69725847 -2.82874465
v 1.65277076 7.1956296 -1.84478116
v 1.57888532 6.69286442 -2.83742142
v 1.57888532 6.69286442 -2.83742142
v 1.65277076 7.1956296 -1.84478116
v 1.505 6.6884675 -2.84610057
v 1.65277076 7.1956296 -1.84478116
v 1.43111444 6.69286442 -2.83742142
v 1.505 7.20442057 -1.82742608
v 1.35722911 7.1956296 -1.84478116
v 1.43111444 6.69286442 -2.83742142
v 1.43111444 6.69286442 -2.83742142
v 1.35722911 7.1956296 -1.84478116
v 1.35722911 6.69725847 -2.82874465
v 1.35722911 7.1956296 -1.84478116
v 1.21952868 7.16985846 -1.8956641
v 1.35722911 6.69725847 -2.82874465
v 1.35722911 6.69725847 -2.82874465
v 1.21952868 7.16985846 -1.8956641
v 1.21952868 6.723032 -2.77786088
v 1.21952868 7.16985846 -1.8956641
v 1.10128248 7.12886 -1.97660744
v 1.21952868 6.723032 -2.77786088
v 1.21952868 6.723032 -2.77786088
v 1.10128248 7.12886 -1.97660744
v 1.10128248 6.7640276 -2.69691873
v 1.10128248 7.12886 -1.97660744
v 1.01054919 7.07543182 -2.08209443
v 1.10128248 6.7640276 -2.69691873
v 1.10128248 6.7640276 -2.69691873
v 1.01054919 7.07543182 -2.08209443
v 1.01054919 6.81745672 -2.59143257
v 1.01054919 6.81745672 -2.59143257
v 1.01054919 7.07543182 -2.08209443
v 1.00658822 6.82177734 -2.58290076
v 1.01054919 7.07543182 -2.08209443
v 0.953511655 7.01321459 -2.20493698
v 1.00658822 6.82177734 -2.58290076
v 1.00658822 6.82177734 -2.58290076
v 0.953511655 7.01321459 -2.20493698
v 0.953511655 6.87967634 -2.46858883
v 0.934057295 6.94644499 -2.33676291
v 0.953511655 6.87967634 -2.46858883
v 0.953511655 7.01321459 -2.20493698
v 3.00999904 7.71289015 -1.59352589
v 0 7.71289015 -1.59352589
v 3.00999904 7.32288837 -1.59352589
v 0 7.32288837 -1.59352589
v 3.00999904 7.32288837 -1.59352589
v 0 7.71289015 -1.59352589
v 3.00999904 7.71289015 -1.59352589
v 3.00999904 7.71289015 -1.53999996
v 0 7.71289015 -1.59352589
v 0 7.71289015 -1.53999996
v 0 7.71289015 -1.59352589
v 3.00999904 7.71289015 -1.53999996
v 3.00999904 7.71289015 -1.53999996
v 3.00999904 7.71289015 -1.48647404
v 0 7.71289015 -1.53999996
v 0 7.71289015 -1.48647404
v 0 7.71289015 -1.53999996
v 3.00999904 7.71289015 -1.48647404
v 0 7.71289015 -1.53999996
v 3.00999904 7.71289015 -1.53999996
v 0 7.27054453 -1.53999996
v 0 7.27054453 -1.53999996
v 2.25749993 7.27054453 -1.53999996
v 3.00999904 7.27054453 -1.53999996
v 2.25749993 7.27054453 -1.53999996
v 3.00999904 7.71289015 -1.53999996
v 0 7.71289015 -1.48647404
v 3.00999904 7.71289015 -1.48647404
v 0 7.32288837 -1.48647404
v 3.00999904 7.32288837 -1.48647404
v 0 7.32288837 -1.48647404
v 3.00999904 7.71289015 -1.48647404
v 2.25749993 7.27054453 -1.53999996
v 0.752499878 7.27054453 -1.53999996
v 3.00999904 6.56999969 -0.0899999961
v 0 6.56999969 -0.0899999961
v 3.00999904 6.56999969 -0.0899999961
v 0.752499878 7.27054453 -1.53999996
v 2.25749993 7.27054453 -1.53999996
v 3.00999904 6.56999969 -2.98999906
v 0.752499878 7.27054453 -1.53999996
v 0 6.56999969 -2.98999906
v 0.752499878 7.27054453 -1.53999996
v 3.00999904 6.56999969 -2.98999906
v 3.00999904 7.32288837 -1.48647404
v 3.00999904 6.56999969 0
v 0 7.32288837 -1.48647404
v 0 6.56999969 0
v 0 7.32288837 -1.48647404
v 3.00999904 6.56999969 0
v 3.00999904 6.56999969 -2.98999906
v 3.00999904 6.56999969 -0.0899999961
v 0 6.56999969 -2.98999906
v 0 6.56999969 -0.0899999961
v 0 6.56999969 -2.98999906
v 3.00999904 6.56999969 -0.0899999961
v 1.45064807 2.88558221 -3.07999897
v 1.55935204 2.88558221 -3.07999897
v 1.505 2.87842703 -3.07999897
v 1.55935204 2.88558221 -3.07999897
v 1.45064807 2.88558221 -3.07999897
v 1.39999998 2.90656257 -3.07999897
v 1.55935204 2.88558221 -3.07999897
v 1.39999998 2.90656257 -3.07999897
v 1.61000001 2.90656257 -3.07999897
v 1.61000001 2.90656257 -3.07999897
v 1.39999998 2.90656257 -3.07999897
v 1.35650754 2.93993568 -3.07999897
v 1.61000001 2.90656257 -3.07999897
v 1.35650754 2.93993568 -3.07999897
v 1.65349245 2.93993568 -3.07999897
v 1.65349245 2.93993568 -3.07999897
v 1.35650754 2.93993568 -3.07999897
v 1.68686521 2.98342824 -3.07999897
v 1.68686521 2.98342824 -3.07999897
v 1.35650754 2.93993568 -3.07999897
v 1.32313478 2.98342824 -3.07999897
v 1.68686521 2.98342824 -3.07999897
v 1.32313478 2.98342824 -3.07999897
v 1.30215561 3.03407574 -3.07999897
v 1.68686521 2.98342824 -3.07999897
v 1.30215561 3.03407574 -3.07999897
v 1.70784438 3.03407574 -3.07999897
v 1.70784438 3.03407574 -3.07999897
v 1.30215561 3.03407574 -3.07999897
v 1.29499996 3.08842659 -3.07999897
v 1.70784438 3.03407574 -3.07999897
v 1.29499996 3.08842659 -3.07999897
v 1.71500015 3.08842659 -3.07999897
v 1.71500015 3.08842659 -3.07999897
v 1.29499996 3.08842659 -3.07999897
v 1.30215561 3.14278007 -3.07999897
v 1.71500015 3.08842659 -3.07999897
v 1.30215561 3.14278007 -3.07999897
v 1.70784438 3.14278007 -3.07999897
v 1.70784438 3.14278007 -3.07999897
v 1.30215561 3.14278007 -3.07999897
v 1.68686521 3.1934278 -3.07999897
v 1.68686521 3.1934278 -3.07999897
v 1.30215561 3.14278007 -3.07999897
v 1.32313478 3.1934278 -3.07999897
v 1.68686521 3.1934278 -3.07999897
v 1.32313478 3.1934278 -3.07999897
v 1.35650754 3.23692012 -3.07999897
v 1.68686521 3.1934278 -3.07999897
v 1.35650754 3.23692012 -3.07999897
v 1.65349245 3.23692012 -3.07999897
v 1.65349245 3.23692012 -3.07999897
v 1.35650754 3.23692012 -3.07999897
v 1.64199495 3.25127625 -3.07999897
v 1.35650754 3.23692012 -3.07999897
v 1.36916924 3.25052953 -3.07999897
v 1.64199495 3.25127625 -3.07999897
v 1.36916924 3.25052953 -3.07999897
v 1.38081634 3.26501775 -3.07999897
v 1.64199495 3.25127625 -3.07999897
v 1.38081634 3.26501775 -3.07999897
v 1.6313597 3.26628232 -3.07999897
v 1.6313597 3.26628232 -3.07999897
v 1.38081634 3.26501775 -3.07999897
v 1.39138806 3.28030825 -3.07999897
v 1.6313597 3.26628232 -3.07999897
v 1.39138806 3.28030825 -3.07999897
v 1.6216234 3.28188562 -3.07999897
v 1.6216234 3.28188562 -3.07999897
v 1.39138806 3.28030825 -3.07999897
v 1.40082979 3.29632044 -3.07999897
v 1.6216234 3.28188562 -3.07999897
v 1.40082979 3.29632044 -3.07999897
v 1.61281979 3.29803514 -3.07999897
v 1.61281979 3.29803514 -3.07999897
v 1.40082979 3.29632044 -3.07999897
v 1.40909219 3.31297302 -3.07999897
v 1.61281979 3.29803514 -3.07999897
v 1.40909219 3.31297302 -3.07999897
v 1.60497892 3.31467438 -3.07999897
v 1.60497892 3.31467438 -3.07999897
v 1.40909219 3.31297302 -3.07999897
v 1.41613221 3.33017612 -3.07999897
v 1.60497892 3.31467438 -3.07999897
v 1.41613221 3.33017612 -3.07999897
v 1.59812808 3.33174348 -3.07999897
v 1.59812808 3.33174348 -3.07999897
v 1.41613221 3.33017612 -3.07999897
v 1.42191315 3.34784436 -3.07999897
v 1.59812808 3.33174348 -3.07999897
v 1.42191315 3.34784436 -3.07999897
v 1.59229064 3.34918547 -3.07999897
v 1.59229064 3.34918547 -3.07999897
v 1.42191315 3.34784436 -3.07999897
v 1.4264046 3.36588097 -3.07999897
v 1.59229064 3.34918547 -3.07999897
v 1.4264046 3.36588097 -3.07999897
v 1.58748698 3.36694026 -3.07999897
v 1.58748698 3.36694026 -3.07999897
v 1.4264046 3.36588097 -3.07999897
v 1.42958367 3.384197 -3.07999897
v 1.58748698 3.36694026 -3.07999897
v 1.42958367 3.384197 -3.07999897
v 1.58373368 3.38494611 -3.07999897
v 1.58373368 3.38494611 -3.07999897
v 1.42958367 3.384197 -3.07999897
v 1.43111444 3.39950299 -3.07999897
v 1.58373368 3.38494611 -3.07999897
v 1.43111444 3.39950299 -3.07999897
v 1.58104324 3.40314031 -3.07999897
v 1.58104324 3.40314031 -3.07999897
v 1.43111444 3.39950299 -3.07999897
v 1.43143368 3.40269303 -3.07999897
v 1.58104324 3.40314031 -3.07999897
v 1.43143368 3.40269303 -3.07999897
v 1.43194473 3.42127609 -3.07999897
v 1.58104324 3.40314031 -3.07999897
v 1.43194473 3.42127609 -3.07999897
v 1.57942533 3.42146134 -3.07999897
v 1.57942533 3.42146134 -3.07999897
v 1.43194473 3.42127609 -3.07999897
v 1.43111444 3.4398458 -3.07999897
v 1.57942533 3.42146134 -3.07999897
v 1.43111444 3.4398458 -3.07999897
v 1.57888532 3.4398458 -3.07999897
v 1.57888532 3.4398458 -3.07999897
v 1.43111444 3.4398458 -3.07999897
v 1.43111444 6.56999969 -3.07999897
v 1.57888532 3.4398458 -3.07999897
v 1.43111444 6.56999969 -3.07999897
v 1.57888532 6.56999969 -3.07999897
v 1.505 6.6884675 -2.84610057
v 1.43111444 6.56999969 -3.07999897
v 1.43111444 6.69286442 -2.83742142
v 1.43111444 6.56999969 -3.07999897
v 1.505 6.6884675 -2.84610057
v 1.57888532 6.56999969 -3.07999897
v 1.57888532 6.56999969 -3.07999897
v 1.505 6.6884675 -2.84610057
v 1.57888532 6.69286442 -2.83742142
v 1.43111444 6.69286442 -2.83742142
v 1.505 6.77767754 -2.89128447
v 1.505 6.6884675 -2.84610057
v 1.505 6.77767754 -2.89128447
v 1.43111444 6.69286442 -2.83742142
v 1.35722911 6.69725847 -2.82874465
v 1.505 6.77767754 -2.89128447
v 1.35722911 6.69725847 -2.82874465
v 1.35722911 6.78646851 -2.87392855
v 1.505 6.77767754 -2.89128447
v 1.57888532 6.69286442 -2.83742142
v 1.505 6.6884675 -2.84610057
v 1.57888532 6.69286442 -2.83742142
v 1.505 6.77767754 -2.89128447
v 1.65277076 6.69725847 -2.82874465
v 1.65277076 6.69725847 -2.82874465
v 1.505 6.77767754 -2.89128447
v 1.65277076 6.78646851 -2.87392855
v 1.21952868 6.723032 -2.77786088
v 1.35722911 6.78646851 -2.87392855
v 1.35722911 6.69725847 -2.82874465
v 1.35722911 6.78646851 -2.87392855
v 1.21952868 6.723032 -2.77786088
v 1.21952868 6.81224155 -2.82304502
v 0.953511655 7.10242367 -2.25012088
v 0.98797971 7.09825134 -2.25836015
v 0.969741285 7.03565502 -2.38194728
v 0.98797971 7.09825134 -2.25836015
v 0.953511655 7.10242367 -2.25012088
v 1.01054919 7.16464186 -2.12727857
v 0.98797971 7.09825134 -2.25836015
v 1.01054919 7.16464186 -2.12727857
v 1.04145229 7.15657949 -2.14319539
v 1.04145229 7.15657949 -2.14319539
v 1.01054919 7.16464186 -2.12727857
v 1.10128248 7.21807003 -2.02179146
v 1.04145229 7.15657949 -2.14319539
v 1.10128248 7.21807003 -2.02179146
v 1.12651479 7.20667076 -2.04430127
v 1.12651479 7.20667076 -2.04430127
v 1.10128248 7.21807003 -2.02179146
v 1.21952868 7.25906849 -1.94084859
v 1.12651479 7.20667076 -2.04430127
v 1.21952868 7.25906849 -1.94084859
v 1.23737073 7.24510336 -1.96841729
v 1.23737073 7.24510336 -1.96841729
v 1.21952868 7.25906849 -1.94084859
v 1.35722911 7.28483915 -1.88996542
v 1.23737073 7.24510336 -1.96841729
v 1.35722911 7.28483915 -1.88996542
v 1.36646485 7.26926613 -1.92071414
v 1.36646485 7.26926613 -1.92071414
v 1.35722911 7.28483915 -1.88996542
v 1.505 7.29363012 -1.87261009
v 1.36646485 7.26926613 -1.92071414
v 1.505 7.29363012 -1.87261009
v 1.505 7.27750587 -1.90444386
v 1.505 7.27750587 -1.90444386
v 1.505 7.29363012 -1.87261009
v 1.65277076 7.28483915 -1.88996542
v 1.505 7.27750587 -1.90444386
v 1.65277076 7.28483915 -1.88996542
v 1.64353514 7.26926613 -1.92071414
v 1.64353514 7.26926613 -1.92071414
v 1.65277076 7.28483915 -1.88996542
v 1.77262938 7.24510336 -1.96841729
v 1.77262938 7.24510336 -1.96841729
v 1.65277076 7.28483915 -1.88996542
v 1.79047132 7.25906849 -1.94084859
v 1.77262938 7.24510336 -1.96841729
v 1.79047132 7.25906849 -1.94084859
v 1.8834852 7.20667076 -2.04430127
v 1.8834852 7.20667076 -2.04430127
v 1.79047132 7.25906849 -1.94084859
v 1.90871763 7.21807003 -2.02179146
v 1.8834852 7.20667076 -2.04430127
v 1.90871763 7.21807003 -2.02179146
v 1.9685477 7.15657949 -2.14319539
v 1.9685477 7.15657949 -2.14319539
v 1.90871763 7.21807003 -2.02179146
v 1.9994508 7.16464186 -2.12727857
v 1.9685477 7.15657949 -2.14319539
v 1.9994508 7.16464186 -2.12727857
v 1.97226095 7.15253067 -2.15119243
v 1.97226095 7.15253067 -2.15119243
v 1.9994508 7.16464186 -2.12727857
v 2.02202034 7.09825134 -2.25836015
v 2.02202034 7.09825134 -2.25836015
v 1.9994508 7.16464186 -2.12727857
v 2.00341153 7.16032076 -2.13580894
v 2.02202034 7.09825134 -2.25836015
v 2.00341153 7.16032076 -2.13580894
v 2.05648851 7.10242367 -2.25012088
v 2.02202034 7.09825134 -2.25836015
v 2.05648851 7.10242367 -2.25012088
v 2.04025888 7.03565502 -2.38194728
v 0.953511655 7.10242367 -2.25012088
v 0.953511655 6.96888638 -2.5137732
v 0.934057295 7.03565502 -2.38194728
v 0.953511655 6.96888638 -2.5137732
v 0.953511655 7.10242367 -2.25012088
v 0.969741285 7.03565502 -2.38194728
v 0.953511655 6.96888638 -2.5137732
v 0.969741285 7.03565502 -2.38194728
v 0.98797971 6.97305965 -2.50553393
v 0.953511655 6.96888638 -2.5137732
v 0.98797971 6.97305965 -2.50553393
v 1.00658822 6.91098642 -2.62808466
v 1.00658822 6.91098642 -2.62808466
v 0.98797971 6.97305965 -2.50553393
v 1.03773904 6.91877985 -2.61270237
v 1.00658822 6.91098642 -2.62808466
v 1.03773904 6.91877985 -2.61270237
v 1.01054919 6.9066658 -2.63661647
v 1.01054919 6.9066658 -2.63661647
v 1.03773904 6.91877985 -2.61270237
v 1.04145229 6.91472816 -2.62069845
v 1.01054919 6.9066658 -2.63661647
v 1.04145229 6.91472816 -2.62069845
v 1.10128248 6.85323763 -2.74210286
v 1.10128248 6.85323763 -2.74210286
v 1.04145229 6.91472816 -2.62069845
v 1.12651479 6.86463976 -2.71959329
v 1.10128248 6.85323763 -2.74210286
v 1.12651479 6.86463976 -2.71959329
v 1.21952868 6.81224155 -2.82304502
v 1.21952868 6.81224155 -2.82304502
v 1.12651479 6.86463976 -2.71959329
v 1.23737073 6.8262043 -2.79547811
v 1.21952868 6.81224155 -2.82304502
v 1.23737073 6.8262043 -2.79547811
v 1.35722911 6.78646851 -2.87392855
v 1.35722911 6.78646851 -2.87392855
v 1.23737073 6.8262043 -2.79547811
v 1.36646485 6.80204344 -2.84317946
v 1.35722911 6.78646851 -2.87392855
v 1.36646485 6.80204344 -2.84317946
v 1.505 6.77767754 -2.89128447
v 1.505 6.77767754 -2.89128447
v 1.36646485 6.80204344 -2.84317946
v 1.505 6.79380131 -2.85945058
v 1.505 6.77767754 -2.89128447
v 1.505 6.79380131 -2.85945058
v 1.64353514 6.80204344 -2.84317946
v 1.505 6.77767754 -2.89128447
v 1.64353514 6.80204344 -2.84317946
v 1.65277076 6.78646851 -2.87392855
v 1.65277076 6.78646851 -2.87392855
v 1.64353514 6.80204344 -2.84317946
v 1.77262938 6.8262043 -2.79547811
v 1.65277076 6.78646851 -2.87392855
v 1.77262938 6.8262043 -2.79547811
v 1.79047132 6.81224155 -2.82304502
v 1.79047132 6.81224155 -2.82304502
v 1.77262938 6.8262043 -2.79547811
v 1.8834852 6.86463976 -2.71959329
v 1.79047132 6.81224155 -2.82304502
v 1.8834852 6.86463976 -2.71959329
v 1.90871763 6.85323763 -2.74210286
v 1.90871763 6.85323763 -2.74210286
v 1.8834852 6.86463976 -2.71959329
v 1.9685477 6.91472816 -2.62069845
v 1.90871763 6.85323763 -2.74210286
v 1.9685477 6.91472816 -2.62069845
v 1.9994508 6.9066658 -2.63661647
v 1.9994508 6.9066658 -2.63661647
v 1.9685477 6.91472816 -2.62069845
v 2.02202034 6.97305965 -2.50553393
v 1.9994508 6.9066658 -2.63661647
v 2.02202034 6.97305965 -2.50553393
v 2.05648851 6.96888638 -2.5137732
v 2.05648851 6.96888638 -2.5137732
v 2.02202034 6.97305965 -2.50553393
v 2.04025888 7.03565502 -2.38194728
v 2.05648851 6.96888638 -2.5137732
v 2.04025888 7.03565502 -2.38194728
v 2.05648851 7.10242367 -2.25012088
v 2.05648851 6.96888638 -2.5137732
v 2.05648851 7.10242367 -2.25012088
v 2.07594275 7.03565502 -2.38194728
v 1.65277076 6.78646851 -2.87392855
v 1.79047132 6.723032 -2.77786088
v 1.65277076 6.69725847 -2.82874465
v 1.79047132 6.723032 -2.77786088
v 1.65277076 6.78646851 -2.87392855
v 1.79047132 6.81224155 -2.82304502
v 1.10128248 6.7640276 -2.69691873
v 1.21952868 6.81224155 -2.82304502
v 1.21952868 6.723032 -2.77786088
v 1.21952868 6.81224155 -2.82304502
v 1.10128248 6.7640276 -2.69691873
v 1.10128248 6.85323763 -2.74210286
v 2.00341153 7.07111073 -2.09062481
v 1.9994508 7.16464186 -2.12727857
v 1.9994508 7.07543182 -2.08209443
v 1.9994508 7.16464186 -2.12727857
v 2.00341153 7.07111073 -2.09062481
v 2.00341153 7.16032076 -2.13580894
v 2.05648851 7.01321459 -2.20493698
v 2.00341153 7.16032076 -2.13580894
v 2.00341153 7.07111073 -2.09062481
v 2.00341153 7.16032076 -2.13580894
v 2.05648851 7.01321459 -2.20493698
v 2.05648851 7.10242367 -2.25012088
v 2.07594275 6.94644499 -2.33676291
v 2.05648851 7.10242367 -2.25012088
v 2.05648851 7.01321459 -2.20493698
v 2.05648851 7.10242367 -2.25012088
v 2.07594275 6.94644499 -2.33676291
v 2.07594275 7.03565502 -2.38194728
v 2.05648851 6.87967634 -2.46858883
v 2.07594275 7.03565502 -2.38194728
v 2.07594275 6.94644499 -2.33676291
v 2.07594275 7.03565502 -2.38194728
v 2.05648851 6.87967634 -2.46858883
v 2.05648851 6.96888638 -2.5137732
v 1.9994508 6.81745672 -2.59143257
v 2.05648851 6.96888638 -2.5137732
v 2.05648851 6.87967634 -2.46858883
v 2.05648851 6.96888638 -2.5137732
v 1.9994508 6.81745672 -2.59143257
v 1.9994508 6.9066658 -2.63661647
v 1.90871763 6.7640276 -2.69691873
v 1.9994508 6.9066658 -2.63661647
v 1.9994508 6.81745672 -2.59143257
v 1.9994508 6.9066658 -2.63661647
v 1.90871763 6.7640276 -2.69691873
v 1.90871763 6.85323763 -2.74210286
v 1.79047132 6.81224155 -2.82304502
v 1.90871763 6.7640276 -2.69691873
v 1.79047132 6.723032 -2.77786088
v 1.90871763 6.7640276 -2.69691873
v 1.79047132 6.81224155 -2.82304502
v 1.90871763 6.85323763 -2.74210286
v 1.01054919 6.9066658 -2.63661647
v 1.10128248 6.7640276 -2.69691873
v 1.01054919 6.81745672 -2.59143257
v 1.10128248 6.7640276 -2.69691873
v 1.01054919 6.9066658 -2.63661647
v 1.10128248 6.85323763 -2.74210286
v 1.00658822 6.91098642 -2.62808466
v 1.01054919 6.81745672 -2.59143257
v 1.00658822 6.82177734 -2.58290076
v 1.01054919 6.81745672 -2.59143257
v 1.00658822 6.91098642 -2.62808466
v 1.01054919 6.9066658 -2.63661647
v 0.953511655 6.96888638 -2.5137732
v 1.00658822 6.82177734 -2.58290076
v 0.953511655 6.87967634 -2.46858883
v 1.00658822 6.82177734 -2.58290076
v 0.953511655 6.96888638 -2.5137732
v 1.00658822 6.91098642 -2.62808466
v 0.934057295 7.03565502 -2.38194728
v 0.953511655 6.87967634 -2.46858883
v 0.934057295 6.94644499 -2.33676291
v 0.953511655 6.87967634 -2.46858883
v 0.934057295 7.03565502 -2.38194728
v 0.953511655 6.96888638 -2.5137732
v 0.953511655 7.10242367 -2.25012088
v 0.934057295 6.94644499 -2.33676291
v 0.953511655 7.01321459 -2.20493698
v 0.934057295 6.94644499 -2.33676291
v 0.953511655 7.10242367 -2.25012088
v 0.934057295 7.03565502 -2.38194728
v 1.01054919 7.16464186 -2.12727857
v 0.953511655 7.01321459 -2.20493698
v 1.01054919 7.07543182 -2.08209443
v 0.953511655 7.01321459 -2.20493698
v 1.01054919 7.16464186 -2.12727857
v 0.953511655 7.10242367 -2.25012088
v 1.10128248 7.21807003 -2.02179146
v 1.01054919 7.07543182 -2.08209443
v 1.10128248 7.12886 -1.97660744
v 1.01054919 7.07543182 -2.08209443
v 1.10128248 7.21807003 -2.02179146
v 1.01054919 7.16464186 -2.12727857
v 1.21952868 7.16985846 -1.8956641
v 1.10128248 7.21807003 -2.02179146
v 1.10128248 7.12886 -1.97660744
v 1.10128248 7.21807003 -2.02179146
v 1.21952868 7.16985846 -1.8956641
v 1.21952868 7.25906849 -1.94084859
v 1.35722911 7.1956296 -1.84478116
v 1.21952868 7.25906849 -1.94084859
v 1.21952868 7.16985846 -1.8956641
v 1.21952868 7.25906849 -1.94084859
v 1.35722911 7.1956296 -1.84478116
v 1.35722911 7.28483915 -1.88996542
v 1.505 7.20442057 -1.82742608
v 1.35722911 7.28483915 -1.88996542
v 1.35722911 7.1956296 -1.84478116
v 1.35722911 7.28483915 -1.88996542
v 1.505 7.20442057 -1.82742608
v 1.505 7.29363012 -1.87261009
v 1.65277076 7.28483915 -1.88996542
v 1.505 7.20442057 -1.82742608
v 1.65277076 7.1956296 -1.84478116
v 1.505 7.20442057 -1.82742608
v 1.65277076 7.28483915 -1.88996542
v 1.505 7.29363012 -1.87261009
v 1.79047132 7.25906849 -1.94084859
v 1.65277076 7.1956296 -1.84478116
v 1.79047132 7.16985846 -1.8956641
v 1.65277076 7.1956296 -1.84478116
v 1.79047132 7.25906849 -1.94084859
v 1.65277076 7.28483915 -1.88996542
v 1.90871763 7.21807003 -2.02179146
v 1.79047132 7.16985846 -1.8956641
v 1.90871763 7.12886 -1.97660744
v 1.79047132 7.16985846 -1.8956641
v 1.90871763 7.21807003 -2.02179146
v 1.79047132 7.25906849 -1.94084859
v 1.9994508 7.07543182 -2.08209443
v 1.90871763 7.21807003 -2.02179146
v 1.90871763 7.12886 -1.97660744
v 1.90871763 7.21807003 -2.02179146
v 1.9994508 7.07543182 -2.08209443
v 1.9994508 7.16464186 -2.12727857
v 1.57888532 6.56999969 -3.07999897
v 1.43111444 6.56999969 -3.07999897
v 1.57888532 3.4398458 -3.07999897
v 1.43111444 6.56999969 -3.07999897
v 1.43111444 3.4398458 -3.07999897
v 1.57888532 3.4398458 -3.07999897
v 1.57888532 3.4398458 -3.07999897
v 1.43111444 3.4398458 -3.07999897
v 1.57942533 3.42146134 -3.07999897
v 1.43111444 3.4398458 -3.07999897
v 1.43194473 3.42127609 -3.07999897
v 1.57942533 3.42146134 -3.07999897
v 1.57942533 3.42146134 -3.07999897
v 1.43194473 3.42127609 -3.07999897
v 1.58104324 3.40314031 -3.07999897
v 1.43194473 3.42127609 -3.07999897
v 1.43143368 3.40269303 -3.07999897
v 1.58104324 3.40314031 -3.07999897
v 1.43143368 3.40269303 -3.07999897
v 1.43111444 3.39950299 -3.07999897
v 1.58104324 3.40314031 -3.07999897
v 1.58104324 3.40314031 -3.07999897
v 1.43111444 3.39950299 -3.07999897
v 1.58373368 3.38494611 -3.07999897
v 1.43111444 3.39950299 -3.07999897
v 1.42958367 3.384197 -3.07999897
v 1.58373368 3.38494611 -3.07999897
v 1.58373368 3.38494611 -3.07999897
v 1.42958367 3.384197 -3.07999897
v 1.58748698 3.36694026 -3.07999897
v 1.42958367 3.384197 -3.07999897
v 1.4264046 3.36588097 -3.07999897
v 1.58748698 3.36694026 -3.07999897
v 1.4264046 3.36588097 -3.07999897
v 1.59229064 3.34918547 -3.07999897
v 1.4264046 3.36588097 -3.07999897
v 1.42191315 3.34784436 -3.07999897
v 1.59229064 3.34918547 -3.07999897
v 1.59229064 3.34918547 -3.07999897
v 1.42191315 3.34784436 -3.07999897
v 1.59812808 3.33174348 -3.07999897
v 1.42191315 3.34784436 -3.07999897
v 1.41613221 3.33017612 -3.07999897
v 1.59812808 3.33174348 -3.07999897
v 1.59812808 3.33174348 -3.07999897
v 1.41613221 3.33017612 -3.07999897
v 1.60497892 3.31467438 -3.07999897
v 1.41613221 3.33017612 -3.07999897
v 1.40909219 3.31297302 -3.07999897
v 1.60497892 3.31467438 -3.07999897
v 1.60497892 3.31467438 -3.07999897
v 1.40909219 3.31297302 -3.07999897
v 1.61281979 3.29803514 -3.07999897
v 1.40909219 3.31297302 -3.07999897
v 1.40082979 3.29632044 -3.07999897
v 1.61281979 3.29803514 -3.07999897
v 1.61281979 3.29803514 -3.07999897
v 1.40082979 3.29632044 -3.07999897
v 1.6216234 3.28188562 -3.07999897
v 1.40082979 3.29632044 -3.07999897
v 1.39138806 3.28030825 -3.07999897
v 1.6216234 3.28188562 -3.07999897
v 1.6216234 3.28188562 -3.07999897
v 1.39138806 3.28030825 -3.07999897
v 1.6313597 3.26628232 -3.07999897
v 1.39138806 3.28030825 -3.07999897
v 1.38081634 3.26501775 -3.07999897
v 1.6313597 3.26628232 -3.07999897
v 1.6313597 3.26628232 -3.07999897
v 1.38081634 3.26501775 -3.07999897
v 1.64199495 3.25127625 -3.07999897
v 1.38081634 3.26501775 -3.07999897
v 1.36916924 3.25052953 -3.07999897
v 1.64199495 3.25127625 -3.07999897
v 1.36916924 3.25052953 -3.07999897
v 1.35650754 3.23692012 -3.07999897
v 1.64199495 3.25127625 -3.07999897
v 1.64199495 3.25127625 -3.07999897
v 1.35650754 3.23692012 -3.07999897
v 1.65349245 3.23692012 -3.07999897
v 1.65349245 3.23692012 -3.07999897
v 1.35650754 3.23692012 -3.07999897
v 1.68686521 3.1934278 -3.07999897
v 1.35650754 3.23692012 -3.07999897
v 1.32313478 3.1934278 -3.07999897
v 1.68686521 3.1934278 -3.07999897
v 1.32313478 3.1934278 -3.07999897
v 1.30215561 3.14278007 -3.07999897
v 1.68686521 3.1934278 -3.07999897
v 1.68686521 3.1934278 -3.07999897
v 1.30215561 3.14278007 -3.07999897
v 1.70784438 3.14278007 -3.07999897
v 1.70784438 3.14278007 -3.07999897
v 1.30215561 3.14278007 -3.07999897
v 1.71500015 3.08842659 -3.07999897
v 1.30215561 3.14278007 -3.07999897
v 1.29499996 3.08842659 -3.07999897
v 1.71500015 3.08842659 -3.07999897
v 1.71500015 3.08842659 -3.07999897
v 1.29499996 3.08842659 -3.07999897
v 1.70784438 3.03407574 -3.07999897
v 1.29499996 3.08842659 -3.07999897
v 1.30215561 3.03407574 -3.07999897
v 1.70784438 3.03407574 -3.07999897
v 1.70784438 3.03407574 -3.07999897
v 1.30215561 3.03407574 -3.07999897
v 1.68686521 2.98342824 -3.07999897
v 1.30215561 3.03407574 -3.07999897
v 1.32313478 2.98342824 -3.07999897
v 1.68686521 2.98342824 -3.07999897
v 1.32313478 2.98342824 -3.07999897
v 1.35650754 2.93993568 -3.07999897
v 1.68686521 2.98342824 -3.07999897
v 1.68686521 2.98342824 -3.07999897
v 1.35650754 2.93993568 -3.07999897
v 1.65349245 2.93993568 -3.07999897
v 1.65349245 2.93993568 -3.07999897
v 1.35650754 2.93993568 -3.07999897
v 1.61000001 2.90656257 -3.07999897
v 1.35650754 2.93993568 -3.07999897
v 1.39999998 2.90656257 -3.07999897
v 1.61000001 2.90656257 -3.07999897
v 1.61000001 2.90656257 -3.07999897
v 1.39999998 2.90656257 -3.07999897
v 1.55935204 2.88558221 -3.07999897
v 1.39999998 2.90656257 -3.07999897
v 1.45064807 2.88558221 -3.07999897
v 1.55935204 2.88558221 -3.07999897
v 1.505 2.87842703 -3.07999897
v 1.55935204 2.88558221 -3.07999897
v 1.45064807 2.88558221 -3.07999897
v 1.57888532 6.69286442 -2.83742142
v 1.505 6.6884675 -2.84610057
v 1.57888532 6.56999969 -3.07999897
v 1.57888532 6.56999969 -3.07999897
v 1.43111444 6.56999969 -3.07999897
v 1.43111444 6.69286442 -2.83742142
v 1.43111444 6.56999969 -3.07999897
v 1.505 6.6884675 -2.84610057
v 1.35722911 6.78646851 -2.87392855
v 1.35722911 6.69725847 -2.82874465
v 1.505 6.77767754 -2.89128447
v 1.35722911 6.69725847 -2.82874465
v 1.505 6.77767754 -2.89128447
v 1.505 6.6884675 -2.84610057
v 1.505 6.77767754 -2.89128447
v 1.43111444 6.69286442 -2.83742142
v 1.65277076 6.78646851 -2.87392855
v 1.505 6.77767754 -2.89128447
v 1.65277076 6.69725847 -2.82874465
v 1.65277076 6.69725847 -2.82874465
v 1.57888532 6.69286442 -2.83742142
v 1.505 6.6884675 -2.84610057
v 1.57888532 6.69286442 -2.83742142
v 1.505 6.77767754 -2.89128447
v 1.21952868 6.81224155 -2.82304502
v 1.21952868 6.723032 -2.77786088
v 1.35722911 6.78646851 -2.87392855
v 1.35722911 6.69725847 -2.82874465
v 1.35722911 6.78646851 -2.87392855
v 1.21952868 6.723032 -2.77786088
v 2.07594275 7.03565502 -2.38194728
v 2.05648851 7.10242367 -2.25012088
v 2.05648851 6.96888638 -2.5137732
v 2.05648851 7.10242367 -2.25012088
v 2.04025888 7.03565502 -2.38194728
v 2.05648851 6.96888638 -2.5137732
v 2.04025888 7.03565502 -2.38194728
v 2.02202034 6.97305965 -2.50553393
v 2.05648851 6.96888638 -2.5137732
v 2.05648851 6.96888638 -2.5137732
v 2.02202034 6.97305965 -2.50553393
v 1.9994508 6.9066658 -2.63661647
v 2.02202034 6.97305965 -2.50553393
v 1.9685477 6.91472816 -2.62069845
v 1.9994508 6.9066658 -2.63661647
v 1.9994508 6.9066658 -2.63661647
v 1.9685477 6.91472816 -2.62069845
v 1.90871763 6.85323763 -2.74210286
v 1.9685477 6.91472816 -2.62069845
v 1.8834852 6.86463976 -2.71959329
v 1.90871763 6.85323763 -2.74210286
v 1.90871763 6.85323763 -2.74210286
v 1.8834852 6.86463976 -2.71959329
v 1.79047132 6.81224155 -2.82304502
v 1.8834852 6.86463976 -2.71959329
v 1.77262938 6.8262043 -2.79547811
v 1.79047132 6.81224155 -2.82304502
v 1.79047132 6.81224155 -2.82304502
v 1.77262938 6.8262043 -2.79547811
v 1.65277076 6.78646851 -2.87392855
v 1.77262938 6.8262043 -2.79547811
v 1.64353514 6.80204344 -2.84317946
v 1.65277076 6.78646851 -2.87392855
v 1.65277076 6.78646851 -2.87392855
v 1.64353514 6.80204344 -2.84317946
v 1.505 6.77767754 -2.89128447
v 1.64353514 6.80204344 -2.84317946
v 1.505 6.79380131 -2.85945058
v 1.505 6.77767754 -2.89128447
v 1.505 6.79380131 -2.85945058
v 1.36646485 6.80204344 -2.84317946
v 1.505 6.77767754 -2.89128447
v 1.505 6.77767754 -2.89128447
v 1.36646485 6.80204344 -2.84317946
v 1.35722911 6.78646851 -2.87392855
v 1.36646485 6.80204344 -2.84317946
v 1.23737073 6.8262043 -2.79547811
v 1.35722911 6.78646851 -2.87392855
v 1.35722911 6.78646851 -2.87392855
v 1.23737073 6.8262043 -2.79547811
v 1.21952868 6.81224155 -2.82304502
v 1.23737073 6.8262043 -2.79547811
v 1.12651479 6.86463976 -2.71959329
v 1.21952868 6.81224155 -2.82304502
v 1.21952868 6.81224155 -2.82304502
v 1.12651479 6.86463976 -2.71959329
v 1.10128248 6.85323763 -2.74210286
v 1.12651479 6.86463976 -2.71959329
v 1.04145229 6.91472816 -2.62069845
v 1.10128248 6.85323763 -2.74210286
v 1.10128248 6.85323763 -2.74210286
v 1.04145229 6.91472816 -2.62069845
v 1.01054919 6.9066658 -2.63661647
v 1.04145229 6.91472816 -2.62069845
v 1.03773904 6.91877985 -2.61270237
v 1.01054919 6.9066658 -2.63661647
v 1.01054919 6.9066658 -2.63661647
v 1.03773904 6.91877985 -2.61270237
v 1.00658822 6.91098642 -2.62808466
v 1.03773904 6.91877985 -2.61270237
v 0.98797971 6.97305965 -2.50553393
v 1.00658822 6.91098642 -2.62808466
v 1.00658822 6.91098642 -2.62808466
v 0.98797971 6.97305965 -2.50553393
v 0.953511655 6.96888638 -2.5137732
v 0.98797971 6.97305965 -2.50553393
v 0.969741285 7.03565502 -2.38194728
v 0.953511655 6.96888638 -2.5137732
v 0.969741285 7.03565502 -2.38194728
v 0.953511655 7.10242367 -2.25012088
v 0.953511655 6.96888638 -2.5137732
v 0.934057295 7.03565502 -2.38194728
v 0.953511655 6.96888638 -2.5137732
v 0.953511655 7.10242367 -2.25012088
v 2.04025888 7.03565502 -2.38194728
v 2.05648851 7.10242367 -2.25012088
v 2.02202034 7.09825134 -2.25836015
v 2.05648851 7.10242367 -2.25012088
v 2.00341153 7.16032076 -2.13580894
v 2.02202034 7.09825134 -2.25836015
v 2.00341153 7.16032076 -2.13580894
v 1.9994508 7.16464186 -2.12727857
v 2.02202034 7.09825134 -2.25836015
v 2.02202034 7.09825134 -2.25836015
v 1.9994508 7.16464186 -2.12727857
v 1.97226095 7.15253067 -2.15119243
v 1.97226095 7.15253067 -2.15119243
v 1.9994508 7.16464186 -2.12727857
v 1.9685477 7.15657949 -2.14319539
v 1.9994508 7.16464186 -2.12727857
v 1.90871763 7.21807003 -2.02179146
v 1.9685477 7.15657949 -2.14319539
v 1.9685477 7.15657949 -2.14319539
v 1.90871763 7.21807003 -2.02179146
v 1.8834852 7.20667076 -2.04430127
v 1.90871763 7.21807003 -2.02179146
v 1.79047132 7.25906849 -1.94084859
v 1.8834852 7.20667076 -2.04430127
v 1.8834852 7.20667076 -2.04430127
v 1.79047132 7.25906849 -1.94084859
v 1.77262938 7.24510336 -1.96841729
v 1.79047132 7.25906849 -1.94084859
v 1.65277076 7.28483915 -1.88996542
v 1.77262938 7.24510336 -1.96841729
v 1.77262938 7.24510336 -1.96841729
v 1.65277076 7.28483915 -1.88996542
v 1.64353514 7.26926613 -1.92071414
v 1.64353514 7.26926613 -1.92071414
v 1.65277076 7.28483915 -1.88996542
v 1.505 7.27750587 -1.90444386
v 1.65277076 7.28483915 -1.88996542
v 1.505 7.29363012 -1.87261009
v 1.505 7.27750587 -1.90444386
v 1.505 7.27750587 -1.90444386
v 1.505 7.29363012 -1.87261009
v 1.36646485 7.26926613 -1.92071414
v 1.505 7.29363012 -1.87261009
v 1.35722911 7.28483915 -1.88996542
v 1.36646485 7.26926613 -1.92071414
v 1.36646485 7.26926613 -1.92071414
v 1.35722911 7.28483915 -1.88996542
v 1.23737073 7.24510336 -1.96841729
v 1.35722911 7.28483915 -1.88996542
v 1.21952868 7.25906849 -1.94084859
v 1.23737073 7.24510336 -1.96841729
v 1.23737073 7.24510336 -1.96841729
v 1.21952868 7.25906849 -1.94084859
v 1.12651479 7.20667076 -2.04430127
v 1.21952868 7.25906849 -1.94084859
v 1.10128248 7.21807003 -2.02179146
v 1.12651479 7.20667076 -2.04430127
v 1.12651479 7.20667076 -2.04430127
v 1.10128248 7.21807003 -2.02179146
v 1.04145229 7.15657949 -2.14319539
v 1.10128248 7.21807003 -2.02179146
v 1.01054919 7.16464186 -2.12727857
v 1.04145229 7.15657949 -2.14319539
v 1.04145229 7.15657949 -2.14319539
v 1.01054919 7.16464186 -2.12727857
v 0.98797971 7.09825134 -2.25836015
v 1.01054919 7.16464186 -2.12727857
v 0.953511655 7.10242367 -2.25012088
v 0.98797971 7.09825134 -2.25836015
v 0.969741285 7.03565502 -2.38194728
v 0.98797971 7.09825134 -2.25836015
v 0.953511655 7.10242367 -2.25012088
v 1.79047132 6.81224155 -2.82304502
v 1.65277076 6.78646851 -2.87392855
v 1.79047132 6.723032 -2.77786088
v 1.65277076 6.69725847 -2.82874465
v 1.79047132 6.723032 -2.77786088
v 1.65277076 6.78646851 -2.87392855
v 1.10128248 6.85323763 -2.74210286
v 1.10128248 6.7640276 -2.69691873
v 1.21952868 6.81224155 -2.82304502
v 1.21952868 6.723032 -2.77786088
v 1.21952868 6.81224155 -2.82304502
v 1.10128248 6.7640276 -2.69691873
v 2.00341153 7.16032076 -2.13580894
v 2.00341153 7.07111073 -2.09062481
v 1.9994508 7.16464186 -2.12727857
v 1.9994508 7.07543182 -2.08209443
v 1.9994508 7.16464186 -2.12727857
v 2.00341153 7.07111073 -2.09062481
v 2.05648851 7.10242367 -2.25012088
v 2.05648851 7.01321459 -2.20493698
v 2.00341153 7.16032076 -2.13580894
v 2.00341153 7.07111073 -2.09062481
v 2.00341153 7.16032076 -2.13580894
v 2.05648851 7.01321459 -2.20493698
v 2.07594275 7.03565502 -2.38194728
v 2.07594275 6.94644499 -2.33676291
v 2.05648851 7.10242367 -2.25012088
v 2.05648851 7.01321459 -2.20493698
v 2.05648851 7.10242367 -2.25012088
v 2.07594275 6.94644499 -2.33676291
v 2.05648851 6.96888638 -2.5137732
v 2.05648851 6.87967634 -2.46858883
v 2.07594275 7.03565502 -2.38194728
v 2.07594275 6.94644499 -2.33676291
v 2.07594275 7.03565502 -2.38194728
v 2.05648851 6.87967634 -2.46858883
v 1.9994508 6.9066658 -2.63661647
v 1.9994508 6.81745672 -2.59143257
v 2.05648851 6.96888638 -2.5137732
v 2.05648851 6.87967634 -2.46858883
v 2.05648851 6.96888638 -2.5137732
v 1.9994508 6.81745672 -2.59143257
v 1.90871763 6.85323763 -2.74210286
v 1.90871763 6.7640276 -2.69691873
v 1.9994508 6.9066658 -2.63661647
v 1.9994508 6.81745672 -2.59143257
v 1.9994508 6.9066658 -2.63661647
v 1.90871763 6.7640276 -2.69691873
v 1.90871763 6.85323763 -2.74210286
v 1.79047132 6.81224155 -2.82304502
v 1.90871763 6.7640276 -2.69691873
v 1.79047132 6.723032 -2.77786088
v 1.90871763 6.7640276 -2.69691873
v 1.79047132 6.81224155 -2.82304502
v 1.10128248 6.85323763 -2.74210286
v 1.01054919 6.9066658 -2.63661647
v 1.10128248 6.7640276 -2.69691873
v 1.01054919 6.81745672 -2.59143257
v 1.10128248 6.7640276 -2.69691873
v 1.01054919 6.9066658 -2.63661647
v 1.01054919 6.9066658 -2.63661647
v 1.00658822 6.91098642 -2.62808466
v 1.01054919 6.81745672 -2.59143257
v 1.00658822 6.82177734 -2.58290076
v 1.01054919 6.81745672 -2.59143257
v 1.00658822 6.91098642 -2.62808466
v 1.00658822 6.91098642 -2.62808466
v 0.953511655 6.96888638 -2.5137732
v 1.00658822 6.82177734 -2.58290076
v 0.953511655 6.87967634 -2.46858883
v 1.00658822 6.82177734 -2.58290076
v 0.953511655 6.96888638 -2.5137732
v 0.953511655 6.96888638 -2.5137732
v 0.934057295 7.03565502 -2.38194728
v 0.953511655 6.87967634 -2.46858883
v 0.934057295 6.94644499 -2.33676291
v 0.953511655 6.87967634 -2.46858883
v 0.934057295 7.03565502 -2.38194728
v 0.934057295 7.03565502 -2.38194728
v 0.953511655 7.10242367 -2.25012088
v 0.934057295 6.94644499 -2.33676291
v 0.953511655 7.01321459 -2.20493698
v 0.934057295 6.94644499 -2.33676291
v 0.953511655 7.10242367 -2.25012088
v 0.953511655 7.10242367 -2.25012088
v 1.01054919 7.16464186 -2.12727857
v 0.953511655 7.01321459 -2.20493698
v 1.01054919 7.07543182 -2.08209443
v 0.953511655 7.01321459 -2.20493698
v 1.01054919 7.16464186 -2.12727857
v 1.01054919 7.16464186 -2.12727857
v 1.10128248 7.21807003 -2.02179146
v 1.01054919 7.07543182 -2.08209443
v 1.10128248 7.12886 -1.97660744
v 1.01054919 7.07543182 -2.08209443
v 1.10128248 7.21807003 -2.02179146
v 1.21952868 7.25906849 -1.94084859
v 1.21952868 7.16985846 -1.8956641
v 1.10128248 7.21807003 -2.02179146
v 1.10128248 7.12886 -1.97660744
v 1.10128248 7.21807003 -2.02179146
v 1.21952868 7.16985846 -1.8956641
v 1.35722911 7.28483915 -1.88996542
v 1.35722911 7.1956296 -1.84478116
v 1.21952868 7.25906849 -1.94084859
v 1.21952868 7.16985846 -1.8956641
v 1.21952868 7.25906849 -1.94084859
v 1.35722911 7.1956296 -1.84478116
v 1.505 7.29363012 -1.87261009
v 1.505 7.20442057 -1.82742608
v 1.35722911 7.28483915 -1.88996542
v 1.35722911 7.1956296 -1.84478116
v 1.35722911 7.28483915 -1.88996542
v 1.505 7.20442057 -1.82742608
v 1.505 7.29363012 -1.87261009
v 1.65277076 7.28483915 -1.88996542
v 1.505 7.20442057 -1.82742608
v 1.65277076 7.1956296 -1.84478116
v 1.505 7.20442057 -1.82742608
v 1.65277076 7.28483915 -1.88996542
v 1.65277076 7.28483915 -1.88996542
v 1.79047132 7.25906849 -1.94084859
v 1.65277076 7.1956296 -1.84478116
v 1.79047132 7.16985846 -1.8956641
v 1.65277076 7.1956296 -1.84478116
v 1.79047132 7.25906849 -1.94084859
v 1.79047132 7.25906849 -1.94084859
v 1.90871763 7.21807003 -2.02179146
v 1.79047132 7.16985846 -1.8956641
v 1.90871763 7.12886 -1.97660744
v 1.79047132 7.16985846 -1.8956641
v 1.90871763 7.21807003 -2.02179146
v 1.9994508 7.16464186 -2.12727857
v 1.9994508 7.07543182 -2.08209443
v 1.90871763 7.21807003 -2.02179146
v 1.90871763 7.12886 -1.97660744
v 1.90871763 7.21807003 -2.02179146
v 1.9994508 7.07543182 -2.08209443
v 0.856785178 4.99412489 0
v 0.8323915 4.9588089 0
v 0.899586737 4.91890049 0
v 0.8323915 4.9588089 0
v 0.856785178 4.99412489 0
v 0.769641101 5.00539541 0
v 0.769641101 5.00539541 0
v 0.856785178 4.99412489 0
v 0.823940694 5.07419872 0
v 0.769641101 5.00539541 0
v 0.823940694 5.07419872 0
v 0.711996257 5.05816603 0
v 0.711996257 5.05816603 0
v 0.823940694 5.07419872 0
v 0.66006422 5.11656809 0
v 0.66006422 5.11656809 0
v 0.823940694 5.07419872 0
v 0.801590979 5.15781021 0
v 0.66006422 5.11656809 0
v 0.801590979 5.15781021 0
v 0.614392459 5.17998695 0
v 0.614392459 5.17998695 0
v 0.801590979 5.15781021 0
v 0.790101826 5.24359131 0
v 0.614392459 5.17998695 0
v 0.790101826 5.24359131 0
v 0.575461864 5.24775171 0
v 0.575461864 5.24775171 0
v 0.790101826 5.24359131 0
v 0.789661884 5.33013678 0
v 0.575461864 5.24775171 0
v 0.789661884 5.33013678 0
v 0.543682396 5.3191514 0
v 0.543682396 5.3191514 0
v 0.789661884 5.33013678 0
v 0.519389391 5.39343357 0
v 0.519389391 5.39343357 0
v 0.789661884 5.33013678 0
v 0.800278008 5.41603184 0
v 0.519389391 5.39343357 0
v 0.800278008 5.41603184 0
v 0.502838194 5.46981096 0
v 0.502838194 5.46981096 0
v 0.800278008 5.41603184 0
v 0.821776569 5.49986696 0
v 0.502838194 5.46981096 0
v 0.821776569 5.49986696 0
v 0.494203448 5.54748678 0
v 0.494203448 5.54748678 0
v 0.821776569 5.49986696 0
v 0.853805244 5.58026838 0
v 0.494203448 5.54748678 0
v 0.853805244 5.58026838 0
v 0.493575811 5.62563515 0
v 0.493575811 5.62563515 0
v 0.853805244 5.58026838 0
v 0.895839691 5.65592194 0
v 0.493575811 5.62563515 0
v 0.895839691 5.65592194 0
v 0.500962436 5.70343781 0
v 0.500962436 5.70343781 0
v 0.895839691 5.65592194 0
v 0.947191417 5.72558928 0
v 1.0864656 5.37727928 0
v 1.04463232 5.32354498 0
v 1.07434464 5.28271484 0
v 1.04463232 5.32354498 0
v 1.0864656 5.37727928 0
v 1.01977444 5.36749744 0
v 1.01977444 5.36749744 0
v 1.0864656 5.37727928 0
v 1.00009525 5.41400242 0
v 1.00009525 5.41400242 0
v 1.0864656 5.37727928 0
v 1.10526264 5.47074366 0
v 1.00009525 5.41400242 0
v 1.10526264 5.47074366 0
v 0.985851943 5.46244812 0
v 0.985851943 5.46244812 0
v 1.10526264 5.47074366 0
v 0.977230966 5.51220131 0
v 0.977230966 5.51220131 0
v 1.10526264 5.47074366 0
v 1.13064086 5.56264067 0
v 0.977230966 5.51220131 0
v 1.13064086 5.56264067 0
v 0.974344492 5.56261492 0
v 0.974344492 5.56261492 0
v 1.13064086 5.56264067 0
v 0.977230966 5.61302662 0
v 0.977230966 5.61302662 0
v 1.13064086 5.56264067 0
v 1.16247261 5.65250587 0
v 0.977230966 5.61302662 0
v 1.16247261 5.65250587 0
v 0.985851943 5.66278267 0
v 0.985851943 5.66278267 0
v 1.16247261 5.65250587 0
v 1.20059729 5.73988676 0
v 0.985851943 5.66278267 0
v 1.20059729 5.73988676 0
v 1.00009525 5.71122789 0
v 1.00009525 5.71122789 0
v 1.20059729 5.73988676 0
v 1.01977444 5.75773048 0
v 1.01977444 5.75773048 0
v 1.20059729 5.73988676 0
v 1.24482298 5.82434464 0
v 1.01977444 5.75773048 0
v 1.24482298 5.82434464 0
v 1.04463232 5.80168486 0
v 1.04463232 5.80168486 0
v 1.24482298 5.82434464 0
v 1.07434464 5.84251308 0
v 1.07434464 5.84251308 0
v 1.24482298 5.82434464 0
v 1.29492736 5.9054513 0
v 3.00999904 4.80304098 0
v 2.80044389 4.70514679 0
v 2.82131505 4.64244461 0
v 2.80044389 4.70514679 0
v 3.00999904 4.80304098 0
v 2.78116274 4.76835728 0
v 2.78116274 4.76835728 0
v 3.00999904 4.80304098 0
v 2.76348686 4.83203268 0
v 2.76348686 4.83203268 0
v 3.00999904 4.80304098 0
v 3.00999904 6.56999969 0
v 2.76348686 4.83203268 0
v 3.00999904 6.56999969 0
v 2.74742389 4.89613438 0
v 2.74742389 4.89613438 0
v 3.00999904 6.56999969 0
v 2.73298669 4.96062231 0
v 2.73298669 4.96062231 0
v 3.00999904 6.56999969 0
v 2.72018266 5.02545595 0
v 2.72018266 5.02545595 0
v 3.00999904 6.56999969 0
v 2.70902181 5.09059191 0
v 2.70902181 5.09059191 0
v 3.00999904 6.56999969 0
v 2.699507 5.15598631 0
v 2.699507 5.15598631 0
v 3.00999904 6.56999969 0
v 2.69165063 5.22160244 0
v 2.69165063 5.22160244 0
v 3.00999904 6.56999969 0
v 2.68545318 5.28739595 0
v 2.68545318 5.28739595 0
v 3.00999904 6.56999969 0
v 2.68092179 5.35332441 0
v 2.68092179 5.35332441 0
v 3.00999904 6.56999969 0
v 2.67805409 5.41934681 0
v 2.67805409 5.41934681 0
v 3.00999904 6.56999969 0
v 2.11472082 5.43885851 0
v 2.11472082 5.43885851 0
v 3.00999904 6.56999969 0
v 2.07639599 5.55198002 0
v 2.07639599 5.55198002 0
v 3.00999904 6.56999969 0
v 2.0310688 5.66248035 0
v 2.0310688 5.66248035 0
v 3.00999904 6.56999969 0
v 1.978917 5.76992989 0
v 1.978917 5.76992989 0
v 3.00999904 6.56999969 0
v 1.92014515 5.87390518 0
v 1.92014515 5.87390518 0
v 3.00999904 6.56999969 0
v 1.85498369 5.97400141 0
v 1.85498369 5.97400141 0
v 3.00999904 6.56999969 0
v 1.78368723 6.06982279 0
v 1.78368723 6.06982279 0
v 3.00999904 6.56999969 0
v 1.7065357 6.16099596 0
v 1.7065357 6.16099596 0
v 3.00999904 6.56999969 0
v 1.62383139 6.24716568 0
v 0.00376571761 4.85065079 0
v 0 6.56999969 0
v -1.80477839e-16 4.75795603 0
v 0 6.56999969 0
v 0.00376571761 4.85065079 0
v 0.0150380554 4.9427309 0
v 0 6.56999969 0
v 0.0150380554 4.9427309 0
v 0.0337427072 5.03359652 0
v 0 6.56999969 0
v 0.0337427072 5.03359652 0
v 0.0597564168 5.12264395 0
v 0 6.56999969 0
v 0.0597564168 5.12264395 0
v 0.0929076895 5.2092886 0
v 0 6.56999969 0
v 0.0929076895 5.2092886 0
v 0.132978067 5.29295588 0
v 0 6.56999969 0
v 0.132978067 5.29295588 0
v 0.179703414 5.37310076 0
v 0 6.56999969 0
v 0.179703414 5.37310076 0
v 0.232775837 5.44918919 0
v 0 6.56999969 0
v 0.232775837 5.44918919 0
v 0.291845471 5.52072048 0
v 0 6.56999969 0
v 0.291845471 5.52072048 0
v 0.356523037 5.58722782 0
v 0 6.56999969 0
v 0.356523037 5.58722782 0
v 0.426382154 5.64826632 0
v 0 6.56999969 0
v 0.426382154 5.64826632 0
v 0.500962436 5.70343781 0
v 0 6.56999969 0
v 0.500962436 5.70343781 0
v 0.947191417 5.72558928 0
v 0 6.56999969 0
v 0.947191417 5.72558928 0
v 1.00701952 5.78812933 0
v 0 6.56999969 0
v 1.00701952 5.78812933 0
v 1.07434464 5.84251308 0
v 0 6.56999969 0
v 1.07434464 5.84251308 0
v 1.29492736 5.9054513 0
v 0 6.56999969 0
v 1.29492736 5.9054513 0
v 1.35065746 5.98280478 0
v 0 6.56999969 0
v 1.35065746 5.98280478 0
v 1.41173303 6.05600786 0
v 0 6.56999969 0
v 1.41173303 6.05600786 0
v 1.47784638 6.12469721 0
v 0 6.56999969 0
v 1.47784638 6.12469721 0
v 1.54866493 6.18852186 0
v 0 6.56999969 0
v 1.54866493 6.18852186 0
v 1.62383139 6.24716568 0
v 0 6.56999969 0
v 1.62383139 6.24716568 0
v 3.00999904 6.56999969 0
v 2.22072172 5.01955843 0
v 2.18632293 5.08825493 0
v 2.1954205 4.96916437 0
v 2.18632293 5.08825493 0
v 2.22072172 5.01955843 0
v 2.24921918 5.0682168 0
v 2.18632293 5.08825493 0
v 2.24921918 5.0682168 0
v 2.2807951 5.11493492 0
v 2.18632293 5.08825493 0
v 2.2807951 5.11493492 0
v 2.16979241 5.20654011 0
v 2.16979241 5.20654011 0
v 2.2807951 5.11493492 0
v 2.31531715 5.15951967 0
v 2.16979241 5.20654011 0
v 2.31531715 5.15951967 0
v 2.3526423 5.20178795 0
v 2.16979241 5.20654011 0
v 2.3526423 5.20178795 0
v 2.39261508 5.24155903 0
v 2.16979241 5.20654011 0
v 2.39261508 5.24155903 0
v 2.14589381 5.3235631 0
v 2.14589381 5.3235631 0
v 2.39261508 5.24155903 0
v 2.43506932 5.27867126 0
v 2.14589381 5.3235631 0
v 2.43506932 5.27867126 0
v 2.47982788 5.31296873 0
v 2.14589381 5.3235631 0
v 2.47982788 5.31296873 0
v 2.52670479 5.34430981 0
v 2.14589381 5.3235631 0
v 2.52670479 5.34430981 0
v 2.11472082 5.43885851 0
v 2.11472082 5.43885851 0
v 2.52670479 5.34430981 0
v 2.57550406 5.37256241 0
v 2.11472082 5.43885851 0
v 2.57550406 5.37256241 0
v 2.62602472 5.39760923 0
v 2.11472082 5.43885851 0
v 2.62602472 5.39760923 0
v 2.67805409 5.41934681 0
v 2.67805409 5.41934681 0
v 2.62602472 5.39760923 0
v 2.11472082 5.43885851 0
v 2.62602472 5.39760923 0
v 2.57550406 5.37256241 0
v 2.11472082 5.43885851 0
v 2.57550406 5.37256241 0
v 2.52670479 5.34430981 0
v 2.11472082 5.43885851 0
v 2.11472082 5.43885851 0
v 2.52670479 5.34430981 0
v 2.14589381 5.3235631 0
v 2.52670479 5.34430981 0
v 2.47982788 5.31296873 0
v 2.14589381 5.3235631 0
v 2.47982788 5.31296873 0
v 2.43506932 5.27867126 0
v 2.14589381 5.3235631 0
v 2.43506932 5.27867126 0
v 2.39261508 5.24155903 0
v 2.14589381 5.3235631 0
v 2.14589381 5.3235631 0
v 2.39261508 5.24155903 0
v 2.16979241 5.20654011 0
v 2.39261508 5.24155903 0
v 2.3526423 5.20178795 0
v 2.16979241 5.20654011 0
v 2.3526423 5.20178795 0
v 2.31531715 5.15951967 0
v 2.16979241 5.20654011 0
v 2.31531715 5.15951967 0
v 2.2807951 5.11493492 0
v 2.16979241 5.20654011 0
v 2.16979241 5.20654011 0
v 2.2807951 5.11493492 0
v 2.18632293 5.08825493 0
v 2.2807951 5.11493492 0
v 2.24921918 5.0682168 0
v 2.18632293 5.08825493 0
v 2.24921918 5.0682168 0
v 2.22072172 5.01955843 0
v 2.18632293 5.08825493 0
v 2.1954205 4.96916437 0
v 2.18632293 5.08825493 0
v 2.22072172 5.01955843 0
v 3.00999904 6.56999969 0
v 1.62383139 6.24716568 0
v 0 6.56999969 0
v 1.62383139 6.24716568 0
v 1.54866493 6.18852186 0
v 0 6.56999969 0
v 1.54866493 6.18852186 0
v 1.47784638 6.12469721 0
v 0 6.56999969 0
v 1.47784638 6.12469721 0
v 1.41173303 6.05600786 0
v 0 6.56999969 0
v 1.41173303 6.05600786 0
v 1.35065746 5.98280478 0
v 0 6.56999969 0
v 1.35065746 5.98280478 0
v 1.29492736 5.9054513 0
v 0 6.56999969 0
v 1.29492736 5.9054513 0
v 1.07434464 5.84251308 0
v 0 6.56999969 0
v 1.07434464 5.84251308 0
v 1.00701952 5.78812933 0
v 0 6.56999969 0
v 1.00701952 5.78812933 0
v 0.947191417 5.72558928 0
v 0 6.56999969 0
v 0.947191417 5.72558928 0
v 0.500962436 5.70343781 0
v 0 6.56999969 0
v 0.500962436 5.70343781 0
v 0.426382154 5.64826632 0
v 0 6.56999969 0
v 0.426382154 5.64826632 0
v 0.356523037 5.58722782 0
v 0 6.56999969 0
v 0.356523037 5.58722782 0
v 0.291845471 5.52072048 0
v 0 6.56999969 0
v 0.291845471 5.52072048 0
v 0.232775837 5.44918919 0
v 0 6.56999969 0
v 0.232775837 5.44918919 0
v 0.179703414 5.37310076 0
v 0 6.56999969 0
v 0.179703414 5.37310076 0
v 0.132978067 5.29295588 0
v 0 6.56999969 0
v 0.132978067 5.29295588 0
v 0.0929076895 5.2092886 0
v 0 6.56999969 0
v 0.0929076895 5.2092886 0
v 0.0597564168 5.12264395 0
v 0 6.56999969 0
v 0.0597564168 5.12264395 0
v 0.0337427072 5.03359652 0
v 0 6.56999969 0
v 0.0337427072 5.03359652 0
v 0.0150380554 4.9427309 0
v 0 6.56999969 0
v 0.0150380554 4.9427309 0
v 0.00376571761 4.85065079 0
v 0 6.56999969 0
v -1.80477839e-16 4.75795603 0
v 0 6.56999969 0
v 0.00376571761 4.85065079 0
v 1.62383139 6.24716568 0
v 3.00999904 6.56999969 0
v 1.7065357 6.16099596 0
v 1.7065357 6.16099596 0
v 3.00999904 6.56999969 0
v 1.78368723 6.06982279 0
v 1.78368723 6.06982279 0
v 3.00999904 6.56999969 0
v 1.85498369 5.97400141 0
v 1.85498369 5.97400141 0
v 3.00999904 6.56999969 0
v 1.92014515 5.87390518 0
v 1.92014515 5.87390518 0
v 3.00999904 6.56999969 0
v 1.978917 5.76992989 0
v 1.978917 5.76992989 0
v 3.00999904 6.56999969 0
v 2.0310688 5.66248035 0
v 2.0310688 5.66248035 0
v 2.07639599 5.55198002 0
v 2.07639599 5.55198002 0
v 2.11472082 5.43885851 0
v 2.11472082 5.43885851 0
v 2.67805409 5.41934681 0
v 2.67805409 5.41934681 0
v 2.68092179 5.35332441 0
v 2.68092179 5.35332441 0
v 2.68545318 5.28739595 0
v 2.68545318 5.28739595 0
v 2.699507 5.15598631 0
v 2.699507 5.15598631 0
v 2.70902181 5.09059191 0
v 2.70902181 5.09059191 0
v 2.72018266 5.02545595 0
v 2.72018266 5.02545595 0
v 2.73298669 4.96062231 0
v 2.73298669 4.96062231 0
v 2.74742389 4.89613438 0
v 2.74742389 4.89613438 0
v 2.76348686 4.83203268 0
v 3.00999904 6.56999969 0
v 3.00999904 4.80304098 0
v 2.76348686 4.83203268 0
v 2.76348686 4.83203268 0
v 3.00999904 4.80304098 0
v 2.78116274 4.76835728 0
v 2.78116274 4.76835728 0
v 3.00999904 4.80304098 0
v 2.80044389 4.70514679 0
v 2.82131505 4.64244461 0
v 2.80044389 4.70514679 0
v 3.00999904 4.80304098 0
v 1.29492736 5.9054513 0
v 1.24482298 5.82434464 0
v 1.07434464 5.84251308 0
v 1.07434464 5.84251308 0
v 1.24482298 5.82434464 0
v 1.04463232 5.80168486 0
v 1.04463232 5.80168486 0
v 1.24482298 5.82434464 0
v 1.01977444 5.75773048 0
v 1.24482298 5.82434464 0
v 1.20059729 5.73988676 0
v 1.01977444 5.75773048 0
v 1.01977444 5.75773048 0
v 1.20059729 5.73988676 0
v 1.00009525 5.71122789 0
v 1.00009525 5.71122789 0
v 1.20059729 5.73988676 0
v 0.985851943 5.66278267 0
v 1.20059729 5.73988676 0
v 1.16247261 5.65250587 0
v 0.985851943 5.66278267 0
v 0.985851943 5.66278267 0
v 1.16247261 5.65250587 0
v 0.977230966 5.61302662 0
v 1.16247261 5.65250587 0
v 1.13064086 5.56264067 0
v 0.977230966 5.61302662 0
v 0.977230966 5.61302662 0
v 1.13064086 5.56264067 0
v 0.974344492 5.56261492 0
v 0.974344492 5.56261492 0
v 1.13064086 5.56264067 0
v 0.977230966 5.51220131 0
v 1.13064086 5.56264067 0
v 1.10526264 5.47074366 0
v 0.977230966 5.51220131 0
v 0.977230966 5.51220131 0
v 1.10526264 5.47074366 0
v 0.985851943 5.46244812 0
v 0.985851943 5.46244812 0
v 1.10526264 5.47074366 0
v 1.00009525 5.41400242 0
v 1.10526264 5.47074366 0
v 1.0864656 5.37727928 0
v 1.00009525 5.41400242 0
v 1.00009525 5.41400242 0
v 1.0864656 5.37727928 0
v 1.01977444 5.36749744 0
v 1.01977444 5.36749744 0
v 1.0864656 5.37727928 0
v 1.04463232 5.32354498 0
v 1.07434464 5.28271484 0
v 1.04463232 5.32354498 0
v 1.0864656 5.37727928 0
v 0.947191417 5.72558928 0
v 0.895839691 5.65592194 0
v 0.500962436 5.70343781 0
v 0.500962436 5.70343781 0
v 0.895839691 5.65592194 0
v 0.493575811 5.62563515 0
v 0.895839691 5.65592194 0
v 0.853805244 5.58026838 0
v 0.493575811 5.62563515 0
v 0.493575811 5.62563515 0
v 0.853805244 5.58026838 0
v 0.494203448 5.54748678 0
v 0.853805244 5.58026838 0
v 0.821776569 5.49986696 0
v 0.494203448 5.54748678 0
v 0.494203448 5.54748678 0
v 0.821776569 5.49986696 0
v 0.502838194 5.46981096 0
v 0.821776569 5.49986696 0
v 0.800278008 5.41603184 0
v 0.502838194 5.46981096 0
v 0.502838194 5.46981096 0
v 0.800278008 5.41603184 0
v 0.519389391 5.39343357 0
v 0.800278008 5.41603184 0
v 0.789661884 5.33013678 0
v 0.519389391 5.39343357 0
v 0.519389391 5.39343357 0
v 0.789661884 5.33013678 0
v 0.543682396 5.3191514 0
v 0.543682396 5.3191514 0
v 0.789661884 5.33013678 0
v 0.575461864 5.24775171 0
v 0.789661884 5.33013678 0
v 0.790101826 5.24359131 0
v 0.575461864 5.24775171 0
v 0.575461864 5.24775171 0
v 0.790101826 5.24359131 0
v 0.614392459 5.17998695 0
v 0.790101826 5.24359131 0
v 0.801590979 5.15781021 0
v 0.614392459 5.17998695 0
v 0.614392459 5.17998695 0
v 0.801590979 5.15781021 0
v 0.66006422 5.11656809 0
v 0.801590979 5.15781021 0
v 0.823940694 5.07419872 0
v 0.66006422 5.11656809 0
v 0.66006422 5.11656809 0
v 0.823940694 5.07419872 0
v 0.711996257 5.05816603 0
v 0.711996257 5.05816603 0
v 0.823940694 5.07419872 0
v 0.769641101 5.00539541 0
v 0.823940694 5.07419872 0
v 0.856785178 4.99412489 0
v 0.769641101 5.00539541 0
v 0.769641101 5.00539541 0
v 0.856785178 4.99412489 0
v 0.8323915 4.9588089 0
v 0.899586737 4.91890049 0
v 0.8323915 4.9588089 0
v 0.856785178 4.99412489 0
v 3.00999904 7.27054453 -1.53999996
v 2.25749993 7.27054453 -1.53999996
v 3.00999904 6.56999969 -2.98999906
v 3.00999904 6.56999969 -0.0899999961
v 2.25749993 7.27054453 -1.53999996
v 3.00999904 7.27054453 -1.53999996
v 3.00999904 6.56999969 -2.98999906
v 2.25749993 7.27054453 -1.53999996
v 3.00999904 6.56999969 -0.0899999961
v 3.00999904 0 -3.07999897
v 3.00999904 3.47068381 0
v 3.00999904 0 0
v 3.00999904 3.47068381 0
v 3.00999904 0 -3.07999897
v 3.00999904 4.80304098 0
v 3.00999904 4.80304098 0
v 3.00999904 0 -3.07999897
v 3.00999904 6.56999969 0
v 3.00999904 6.56999969 0
v 3.00999904 0 -3.07999897
v 3.00999904 6.56999969 -0.0899999961
v 3.00999904 6.56999969 -0.0899999961
v 3.00999904 0 -3.07999897
v 3.00999904 6.56999969 -2.98999906
v 3.00999904 7.27054453 -1.53999996
v 3.00999904 7.32288837 -1.59352589
v 3.00999904 7.71289015 -1.53999996
v 3.00999904 7.32288837 -1.59352589
v 3.00999904 7.27054453 -1.53999996
v 3.00999904 6.56999969 -2.98999906
v 3.00999904 7.32288837 -1.59352589
v 3.00999904 6.56999969 -2.98999906
v 3.00999904 6.56999969 -3.07999897
v 3.00999904 6.56999969 -2.98999906
v 3.00999904 0 -3.07999897
v 3.00999904 7.71289015 -1.59352589
v 3.00999904 7.71289015 -1.53999996
v 3.00999904 7.32288837 -1.59352589
v 3.00999904 6.56999969 -0.0899999961
v 3.00999904 7.32288837 -1.48647404
v 3.00999904 6.56999969 0
v 3.00999904 7.32288837 -1.48647404
v 3.00999904 6.56999969 -0.0899999961
v 3.00999904 7.27054453 -1.53999996
v 3.00999904 7.32288837 -1.48647404
v 3.00999904 7.27054453 -1.53999996
v 3.00999904 7.71289015 -1.48647404
v 3.00999904 7.71289015 -1.48647404
v 3.00999904 7.27054453 -1.53999996
v 3.00999904 7.71289015 -1.53999996
v 3.00999904 4.80304098 0
v 2.7705431 3.56746292 0
v 3.00999904 3.47068381 0
v 2.7705431 3.56746292 0
v 3.00999904 4.80304098 0
v 2.52491879 3.64729786 0
v 2.52491879 3.64729786 0
v 3.00999904 4.80304098 0
v 2.27432179 3.70979953 0
v 2.27432179 3.70979953 0
v 3.00999904 4.80304098 0
v 2.01997447 3.75466108 0
v 2.01997447 3.75466108 0
v 3.00999904 4.80304098 0
v 2.82131505 4.64244461 0
v 2.01997447 3.75466108 0
v 2.82131505 4.64244461 0
v 1.76311636 3.78166652 0
v 1.76311636 3.78166652 0
v 2.82131505 4.64244461 0
v 1.505 3.79068327 0
v 2.73298669 4.96062231 0
v 0.899586737 4.91890049 0
v 2.74742389 4.89613438 0
v 0.899586737 4.91890049 0
v 2.73298669 4.96062231 0
v 2.1954205 4.96916437 0
v 0.899586737 4.91890049 0
v 2.1954205 4.96916437 0
v 0.856785178 4.99412489 0
v 0.856785178 4.99412489 0
v 2.1954205 4.96916437 0
v 2.18632293 5.08825493 0
v 0.856785178 4.99412489 0
v 2.18632293 5.08825493 0
v 0.823940694 5.07419872 0
v 0.823940694 5.07419872 0
v 2.18632293 5.08825493 0
v 0.801590979 5.15781021 0
v 0.801590979 5.15781021 0
v 2.18632293 5.08825493 0
v 2.16979241 5.20654011 0
v 0.801590979 5.15781021 0
v 2.16979241 5.20654011 0
v 0.790101826 5.24359131 0
v 0.790101826 5.24359131 0
v 2.16979241 5.20654011 0
v 2.14589381 5.3235631 0
v 0.790101826 5.24359131 0
v 2.14589381 5.3235631 0
v 1.07434464 5.28271484 0
v 1.07434464 5.28271484 0
v 2.14589381 5.3235631 0
v 1.0864656 5.37727928 0
v 1.0864656 5.37727928 0
v 2.14589381 5.3235631 0
v 2.11472082 5.43885851 0
v 1.0864656 5.37727928 0
v 2.11472082 5.43885851 0
v 1.10526264 5.47074366 0
v 1.10526264 5.47074366 0
v 2.11472082 5.43885851 0
v 2.07639599 5.55198002 0
v 1.10526264 5.47074366 0
v 2.07639599 5.55198002 0
v 1.13064086 5.56264067 0
v 1.13064086 5.56264067 0
v 2.07639599 5.55198002 0
v 2.0310688 5.66248035 0
v 1.13064086 5.56264067 0
v 2.0310688 5.66248035 0
v 1.16247261 5.65250587 0
v 1.16247261 5.65250587 0
v 2.0310688 5.66248035 0
v 1.20059729 5.73988676 0
v 1.20059729 5.73988676 0
v 2.0310688 5.66248035 0
v 1.978917 5.76992989 0
v 1.20059729 5.73988676 0
v 1.978917 5.76992989 0
v 1.24482298 5.82434464 0
v 1.24482298 5.82434464 0
v 1.978917 5.76992989 0
v 1.92014515 5.87390518 0
v 1.24482298 5.82434464 0
v 1.92014515 5.87390518 0
v 1.29492736 5.9054513 0
v 1.29492736 5.9054513 0
v 1.92014515 5.87390518 0
v 1.85498369 5.97400141 0
v 1.29492736 5.9054513 0
v 1.85498369 5.97400141 0
v 1.35065746 5.98280478 0
v 1.35065746 5.98280478 0
v 1.85498369 5.97400141 0
v 1.78368723 6.06982279 0
v 1.35065746 5.98280478 0
v 1.78368723 6.06982279 0
v 1.41173303 6.05600786 0
v 1.41173303 6.05600786 0
v 1.78368723 6.06982279 0
v 1.47784638 6.12469721 0
v 1.47784638 6.12469721 0
v 1.78368723 6.06982279 0
v 1.7065357 6.16099596 0
v 1.47784638 6.12469721 0
v 1.7065357 6.16099596 0
v 1.54866493 6.18852186 0
v 1.54866493 6.18852186 0
v 1.7065357 6.16099596 0
v 1.62383139 6.24716568 0
v 1.07434464 5.28271484 0
v 0.789661884 5.33013678 0
v 0.790101826 5.24359131 0
v 0.789661884 5.33013678 0
v 1.07434464 5.28271484 0
v 1.04463232 5.32354498 0
v 0.789661884 5.33013678 0
v 1.04463232 5.32354498 0
v 1.01977444 5.36749744 0
v 0.789661884 5.33013678 0
v 1.01977444 5.36749744 0
v 0.800278008 5.41603184 0
v 0.800278008 5.41603184 0
v 1.01977444 5.36749744 0
v 1.00009525 5.41400242 0
v 0.800278008 5.41603184 0
v 1.00009525 5.41400242 0
v 0.985851943 5.46244812 0
v 0.800278008 5.41603184 0
v 0.985851943 5.46244812 0
v 0.821776569 5.49986696 0
v 0.821776569 5.49986696 0
v 0.985851943 5.46244812 0
v 0.977230966 5.51220131 0
v 0.821776569 5.49986696 0
v 0.977230966 5.51220131 0
v 0.853805244 5.58026838 0
v 0.853805244 5.58026838 0
v 0.977230966 5.51220131 0
v 0.974344492 5.56261492 0
v 0.853805244 5.58026838 0
v 0.974344492 5.56261492 0
v 0.977230966 5.61302662 0
v 0.853805244 5.58026838 0
v 0.977230966 5.61302662 0
v 0.895839691 5.65592194 0
v 0.895839691 5.65592194 0
v 0.977230966 5.61302662 0
v 0.985851943 5.66278267 0
v 0.895839691 5.65592194 0
v 0.985851943 5.66278267 0
v 0.947191417 5.72558928 0
v 0.947191417 5.72558928 0
v 0.985851943 5.66278267 0
v 1.00009525 5.71122789 0
v 0.947191417 5.72558928 0
v 1.00009525 5.71122789 0
v 1.01977444 5.75773048 0
v 0.947191417 5.72558928 0
v 1.01977444 5.75773048 0
v 1.00701952 5.78812933 0
v 1.00701952 5.78812933 0
v 1.01977444 5.75773048 0
v 1.04463232 5.80168486 0
v 1.00701952 5.78812933 0
v 1.04463232 5.80168486 0
v 1.07434464 5.84251308 0
v 2.72018266 5.02545595 0
v 2.1954205 4.96916437 0
v 2.73298669 4.96062231 0
v 2.1954205 4.96916437 0
v 2.72018266 5.02545595 0
v 2.22072172 5.01955843 0
v 2.22072172 5.01955843 0
v 2.72018266 5.02545595 0
v 2.24921918 5.0682168 0
v 2.24921918 5.0682168 0
v 2.72018266 5.02545595 0
v 2.70902181 5.09059191 0
v 2.24921918 5.0682168 0
v 2.70902181 5.09059191 0
v 2.2807951 5.11493492 0
v 2.2807951 5.11493492 0
v 2.70902181 5.09059191 0
v 2.699507 5.15598631 0
v 2.2807951 5.11493492 0
v 2.699507 5.15598631 0
v 2.31531715 5.15951967 0
v 2.31531715 5.15951967 0
v 2.699507 5.15598631 0
v 2.69165063 5.22160244 0
v 2.31531715 5.15951967 0
v 2.69165063 5.22160244 0
v 2.3526423 5.20178795 0
v 2.3526423 5.20178795 0
v 2.69165063 5.22160244 0
v 2.39261508 5.24155903 0
v 2.39261508 5.24155903 0
v 2.69165063 5.22160244 0
v 2.68545318 5.28739595 0
v 2.39261508 5.24155903 0
v 2.68545318 5.28739595 0
v 2.43506932 5.27867126 0
v 2.43506932 5.27867126 0
v 2.68545318 5.28739595 0
v 2.47982788 5.31296873 0
v 2.47982788 5.31296873 0
v 2.68545318 5.28739595 0
v 2.68092179 5.35332441 0
v 2.47982788 5.31296873 0
v 2.68092179 5.35332441 0
v 2.52670479 5.34430981 0
v 2.52670479 5.34430981 0
v 2.68092179 5.35332441 0
v 2.57550406 5.37256241 0
v 2.57550406 5.37256241 0
v 2.68092179 5.35332441 0
v 2.67805409 5.41934681 0
v 2.57550406 5.37256241 0
v 2.67805409 5.41934681 0
v 2.62602472 5.39760923 0
v 0.23945573 3.56746292 0
v -1.80477839e-16 4.75795603 0
v -1.80477839e-16 3.47068381 0
v -1.80477839e-16 4.75795603 0
v 0.23945573 3.56746292 0
v 0.485080808 3.64729786 0
v -1.80477839e-16 4.75795603 0
v 0.485080808 3.64729786 0
v 0.735677958 3.70979953 0
v -1.80477839e-16 4.75795603 0
v 0.735677958 3.70979953 0
v 0.990025699 3.75466108 0
v -1.80477839e-16 4.75795603 0
v 0.990025699 3.75466108 0
v 1.24688363 3.78166652 0
v -1.80477839e-16 4.75795603 0
v 1.24688363 3.78166652 0
v 1.505 3.79068327 0
v -1.80477839e-16 4.75795603 0
v 1.505 3.79068327 0
v 2.82131505 4.64244461 0
v -1.80477839e-16 4.75795603 0
v 2.82131505 4.64244461 0
v 2.80044389 4.70514679 0
v -1.80477839e-16 4.75795603 0
v 2.80044389 4.70514679 0
v 2.78116274 4.76835728 0
v -1.80477839e-16 4.75795603 0
v 2.78116274 4.76835728 0
v 0.00376571761 4.85065079 0
v 0.00376571761 4.85065079 0
v 2.78116274 4.76835728 0
v 2.76348686 4.83203268 0
v 0.00376571761 4.85065079 0
v 2.76348686 4.83203268 0
v 2.74742389 4.89613438 0
v 0.00376571761 4.85065079 0
v 2.74742389 4.89613438 0
v 0.899586737 4.91890049 0
v 0.00376571761 4.85065079 0
v 0.899586737 4.91890049 0
v 0.0150380554 4.9427309 0
v 0.0150380554 4.9427309 0
v 0.899586737 4.91890049 0
v 0.8323915 4.9588089 0
v 0.0150380554 4.9427309 0
v 0.8323915 4.9588089 0
v 0.0337427072 5.03359652 0
v 0.0337427072 5.03359652 0
v 0.8323915 4.9588089 0
v 0.769641101 5.00539541 0
v 0.0337427072 5.03359652 0
v 0.769641101 5.00539541 0
v 0.711996257 5.05816603 0
v 0.0337427072 5.03359652 0
v 0.711996257 5.05816603 0
v 0.0597564168 5.12264395 0
v 0.0597564168 5.12264395 0
v 0.711996257 5.05816603 0
v 0.66006422 5.11656809 0
v 0.0597564168 5.12264395 0
v 0.66006422 5.11656809 0
v 0.614392459 5.17998695 0
v 0.0597564168 5.12264395 0
v 0.614392459 5.17998695 0
v 0.0929076895 5.2092886 0
v 0.0929076895 5.2092886 0
v 0.614392459 5.17998695 0
v 0.575461864 5.24775171 0
v 0.0929076895 5.2092886 0
v 0.575461864 5.24775171 0
v 0.132978067 5.29295588 0
v 0.132978067 5.29295588 0
v 0.575461864 5.24775171 0
v 0.543682396 5.3191514 0
v 0.132978067 5.29295588 0
v 0.543682396 5.3191514 0
v 0.179703414 5.37310076 0
v 0.179703414 5.37310076 0
v 0.543682396 5.3191514 0
v 0.519389391 5.39343357 0
v 0.179703414 5.37310076 0
v 0.519389391 5.39343357 0
v 0.232775837 5.44918919 0
v 0.232775837 5.44918919 0
v 0.519389391 5.39343357 0
v 0.502838194 5.46981096 0
v 0.232775837 5.44918919 0
v 0.502838194 5.46981096 0
v 0.291845471 5.52072048 0
v 0.291845471 5.52072048 0
v 0.502838194 5.46981096 0
v 0.494203448 5.54748678 0
v 0.291845471 5.52072048 0
v 0.494203448 5.54748678 0
v 0.356523037 5.58722782 0
v 0.356523037 5.58722782 0
v 0.494203448 5.54748678 0
v 0.493575811 5.62563515 0
v 0.356523037 5.58722782 0
v 0.493575811 5.62563515 0
v 0.426382154 5.64826632 0
v 0.426382154 5.64826632 0
v 0.493575811 5.62563515 0
v 0.500962436 5.70343781 0
v 0 7.71289015 -1.53999996
v 0 7.32288837 -1.48647404
v 0 7.71289015 -1.48647404
v 0 6.56999969 0
v 0 6.56999969 -0.0899999961
v -1.80477839e-16 4.75795603 0
v 0 6.56999969 -0.0899999961
v 0 6.56999969 0
v 0 7.32288837 -1.48647404
v -1.80477839e-16 4.75795603 0
v 0 6.56999969 -0.0899999961
v -1.80477839e-16 3.47068381 0
v -1.80477839e-16 3.47068381 0
v 0 6.56999969 -0.0899999961
v 0 0 0
v 0 6.56999969 -0.0899999961
v 0 7.32288837 -1.48647404
v 0 7.27054453 -1.53999996
v 0 7.27054453 -1.53999996
v 0 7.32288837 -1.48647404
v 0 7.71289015 -1.53999996
v 0 7.71289015 -1.59352589
v 0 7.27054453 -1.53999996
v 0 7.71289015 -1.53999996
v 0 7.27054453 -1.53999996
v 0 7.71289015 -1.59352589
v 0 7.32288837 -1.59352589
v 0 7.27054453 -1.53999996
v 0 7.32288837 -1.59352589
v 0 6.56999969 -2.98999906
v 0 6.56999969 -2.98999906
v 0 7.32288837 -1.59352589
v 0 6.56999969 -3.07999897
v 0 6.56999969 -0.0899999961
v 0 0 -3.07999897
v 0 0 0
v 0 0 -3.07999897
v 0 6.56999969 -0.0899999961
v 0 6.56999969 -2.98999906
v 0 0 -3.07999897
v 0 6.56999969 -2.98999906
v 0 6.56999969 -3.07999897
v 0.752499878 7.27054453 -1.53999996
v 0 6.56999969 -0.0899999961
v 0 7.27054453 -1.53999996
v 0 6.56999969 -2.98999906
v 0 6.56999969 -0.0899999961
v 0.752499878 7.27054453 -1.53999996
v 0.752499878 7.27054453 -1.53999996
v 0 7.27054453 -1.53999996
v 0 6.56999969 -2.98999906
v 3.00999904 6.56999969 -2.98999906
v 3.00999904 7.27054453 -1.53999996
v 3.00999904 7.27054453 -1.53999996
v 3.00999904 6.56999969 -0.0899999961
v 3.00999904 7.71289015 -1.53999996
v 3.00999904 7.27054453 -1.53999996
v 3.00999904 7.71289015 -1.48647404
v 3.00999904 7.71289015 -1.48647404
v 3.00999904 7.27054453 -1.53999996
v 3.00999904 7.32288837 -1.48647404
v 3.00999904 7.27054453 -1.53999996
v 3.00999904 6.56999969 -0.0899999961
v 3.00999904 7.32288837 -1.48647404
v 3.00999904 6.56999969 0
v 3.00999904 7.32288837 -1.48647404
v 3.00999904 6.56999969 -0.0899999961
v 3.00999904 7.32288837 -1.59352589
v 3.00999904 7.71289015 -1.53999996
v 3.00999904 7.71289015 -1.59352589
v 3.00999904 0 -3.07999897
v 3.00999904 6.56999969 -2.98999906
v 3.00999904 6.56999969 -3.07999897
v 3.00999904 6.56999969 -2.98999906
v 3.00999904 7.32288837 -1.59352589
v 3.00999904 6.56999969 -2.98999906
v 3.00999904 7.32288837 -1.59352589
v 3.00999904 7.71289015 -1.53999996
v 3.00999904 7.32288837 -1.59352589
v 3.00999904 7.27054453 -1.53999996
v 3.00999904 6.56999969 -2.98999906
v 3.00999904 0 -3.07999897
v 3.00999904 6.56999969 -0.0899999961
v 3.00999904 6.56999969 -0.0899999961
v 3.00999904 0 -3.07999897
v 3.00999904 6.56999969 0
v 3.00999904 6.56999969 0
v 3.00999904 0 -3.07999897
v 3.00999904 4.80304098 0
v 3.00999904 4.80304098 0
v 3.00999904 0 -3.07999897
v 3.00999904 3.47068381 0
v 3.00999904 0 0
v 3.00999904 3.47068381 0
v 3.00999904 0 -3.07999897
v 0.500962436 5.70343781 0
v 0.493575811 5.62563515 0
v 0.426382154 5.64826632 0
v 0.426382154 5.64826632 0
v 0.493575811 5.62563515 0
v 0.356523037 5.58722782 0
v 0.494203448 5.54748678 0
v 0.356523037 5.58722782 0
v 0.356523037 5.58722782 0
v 0.494203448 5.54748678 0
v 0.291845471 5.52072048 0
v 0.494203448 5.54748678 0
v 0.502838194 5.46981096 0
v 0.291845471 5.52072048 0
v 0.291845471 5.52072048 0
v 0.502838194 5.46981096 0
v 0.232775837 5.44918919 0
v 0.502838194 5.46981096 0
v 0.519389391 5.39343357 0
v 0.232775837 5.44918919 0
v 0.232775837 5.44918919 0
v 0.519389391 5.39343357 0
v 0.179703414 5.37310076 0
v 0.519389391 5.39343357 0
v 0.543682396 5.3191514 0
v 0.179703414 5.37310076 0
v 0.179703414 5.37310076 0
v 0.543682396 5.3191514 0
v 0.132978067 5.29295588 0
v 0.543682396 5.3191514 0
v 0.575461864 5.24775171 0
v 0.132978067 5.29295588 0
v 0.132978067 5.29295588 0
v 0.575461864 5.24775171 0
v 0.0929076895 5.2092886 0
v 0.575461864 5.24775171 0
v 0.614392459 5.17998695 0
v 0.0929076895 5.2092886 0
v 0.0929076895 5.2092886 0
v 0.614392459 5.17998695 0
v 0.0597564168 5.12264395 0
v 0.614392459 5.17998695 0
v 0.66006422 5.11656809 0
v 0.0597564168 5.12264395 0
v 0.66006422 5.11656809 0
v 0.711996257 5.05816603 0
v 0.0597564168 5.12264395 0
v 0.0597564168 5.12264395 0
v 0.711996257 5.05816603 0
v 0.0337427072 5.03359652 0
v 0.711996257 5.05816603 0
v 0.769641101 5.00539541 0
v 0.0337427072 5.03359652 0
v 0.769641101 5.00539541 0
v 0.8323915 4.9588089 0
v 0.0337427072 5.03359652 0
v 0.0337427072 5.03359652 0
v 0.8323915 4.9588089 0
v 0.0150380554 4.9427309 0
v 0.8323915 4.9588089 0
v 0.899586737 4.91890049 0
v 0.0150380554 4.9427309 0
v 0.0150380554 4.9427309 0
v 0.899586737 4.91890049 0
v 0.00376571761 4.85065079 0
v 0.899586737 4.91890049 0
v 2.74742389 4.89613438 0
v 0.00376571761 4.85065079 0
v 2.74742389 4.89613438 0
v 2.76348686 4.83203268 0
v 0.00376571761 4.85065079 0
v 2.76348686 4.83203268 0
v 2.78116274 4.76835728 0
v 0.00376571761 4.85065079 0
v 0.00376571761 4.85065079 0
v 2.78116274 4.76835728 0
v -1.80477839e-16 4.75795603 0
v 2.78116274 4.76835728 0
v 2.80044389 4.70514679 0
v -1.80477839e-16 4.75795603 0
v 2.80044389 4.70514679 0
v 2.82131505 4.64244461 0
v -1.80477839e-16 4.75795603 0
v 2.82131505 4.64244461 0
v 1.505 3.79068327 0
v -1.80477839e-16 4.75795603 0
v 1.505 3.79068327 0
v 1.24688363 3.78166652 0
v -1.80477839e-16 4.75795603 0
v 1.24688363 3.78166652 0
v 0.990025699 3.75466108 0
v -1.80477839e-16 4.75795603 0
v 0.990025699 3.75466108 0
v 0.735677958 3.70979953 0
v -1.80477839e-16 4.75795603 0
v 0.735677958 3.70979953 0
v 0.485080808 3.64729786 0
v -1.80477839e-16 4.75795603 0
v 0.485080808 3.64729786 0
v 0.23945573 3.56746292 0
v -1.80477839e-16 4.75795603 0
v -1.80477839e-16 3.47068381 0
v -1.80477839e-16 4.75795603 0
v 0.23945573 3.56746292 0
v 2.62602472 5.39760923 0
v 2.67805409 5.41934681 0
v 2.57550406 5.37256241 0
v 2.68092179 5.35332441 0
v 2.57550406 5.37256241 0
v 2.57550406 5.37256241 0
v 2.68092179 5.35332441 0
v 2.52670479 5.34430981 0
v 2.52670479 5.34430981 0
v 2.68092179 5.35332441 0
v 2.47982788 5.31296873 0
v 2.68092179 5.35332441 0
v 2.68545318 5.28739595 0
v 2.47982788 5.31296873 0
v 2.47982788 5.31296873 0
v 2.68545318 5.28739595 0
v 2.43506932 5.27867126 0
v 2.43506932 5.27867126 0
v 2.68545318 5.28739595 0
v 2.39261508 5.24155903 0
v 2.68545318 5.28739595 0
v 2.69165063 5.22160244 0
v 2.39261508 5.24155903 0
v 2.39261508 5.24155903 0
v 2.69165063 5.22160244 0
v 2.3526423 5.20178795 0
v 2.3526423 5.20178795 0
v 2.69165063 5.22160244 0
v 2.31531715 5.15951967 0
v 2.69165063 5.22160244 0
v 2.699507 5.15598631 0
v 2.31531715 5.15951967 0
v 2.31531715 5.15951967 0
v 2.699507 5.15598631 0
v 2.2807951 5.11493492 0
v 2.699507 5.15598631 0
v 2.70902181 5.09059191 0
v 2.2807951 5.11493492 0
v 2.2807951 5.11493492 0
v 2.70902181 5.09059191 0
v 2.24921918 5.0682168 0
v 2.70902181 5.09059191 0
v 2.72018266 5.02545595 0
v 2.24921918 5.0682168 0
v 2.24921918 5.0682168 0
v 2.72018266 5.02545595 0
v 2.22072172 5.01955843 0
v 2.22072172 5.01955843 0
v 2.72018266 5.02545595 0
v 2.1954205 4.96916437 0
v 2.73298669 4.96062231 0
v 2.1954205 4.96916437 0
v 2.72018266 5.02545595 0
v 1.07434464 5.84251308 0
v 1.04463232 5.80168486 0
v 1.00701952 5.78812933 0
v 1.04463232 5.80168486 0
v 0.947191417 5.72558928 0
v 1.01977444 5.75773048 0
v 1.00009525 5.71122789 0
v 0.947191417 5.72558928 0
v 1.00009525 5.71122789 0
v 0.985851943 5.66278267 0
v 0.947191417 5.72558928 0
v 0.985851943 5.66278267 0
v 0.895839691 5.65592194 0
v 0.985851943 5.66278267 0
v 0.977230966 5.61302662 0
v 0.895839691 5.65592194 0
v 0.895839691 5.65592194 0
v 0.977230966 5.61302662 0
v 0.853805244 5.58026838 0
v 0.977230966 5.61302662 0
v 0.974344492 5.56261492 0
v 0.853805244 5.58026838 0
v 0.974344492 5.56261492 0
v 0.977230966 5.51220131 0
v 0.853805244 5.58026838 0
v 0.853805244 5.58026838 0
v 0.977230966 5.51220131 0
v 0.821776569 5.49986696 0
v 0.977230966 5.51220131 0
v 0.985851943 5.46244812 0
v 0.821776569 5.49986696 0
v 0.821776569 5.49986696 0
v 0.985851943 5.46244812 0
v 0.800278008 5.41603184 0
v 0.985851943 5.46244812 0
v 1.00009525 5.41400242 0
v 0.800278008 5.41603184 0
v 1.00009525 5.41400242 0
v 1.01977444 5.36749744 0
v 0.800278008 5.41603184 0
v 0.800278008 5.41603184 0
v 1.01977444 5.36749744 0
v 0.789661884 5.33013678 0
v 1.01977444 5.36749744 0
v 1.04463232 5.32354498 0
v 0.789661884 5.33013678 0
v 1.04463232 5.32354498 0
v 1.07434464 5.28271484 0
v 0.789661884 5.33013678 0
v 0.790101826 5.24359131 0
v 1.07434464 5.28271484 0
v 1.62383139 6.24716568 0
v 1.7065357 6.16099596 0
v 1.54866493 6.18852186 0
v 1.54866493 6.18852186 0
v 1.7065357 6.16099596 0
v 1.47784638 6.12469721 0
v 1.7065357 6.16099596 0
v 1.78368723 6.06982279 0
v 1.47784638 6.12469721 0
v 1.47784638 6.12469721 0
v 1.78368723 6.06982279 0
v 1.41173303 6.05600786 0
v 1.41173303 6.05600786 0
v 1.78368723 6.06982279 0
v 1.35065746 5.98280478 0
v 1.78368723 6.06982279 0
v 1.85498369 5.97400141 0
v 1.35065746 5.98280478 0
v 1.35065746 5.98280478 0
v 1.85498369 5.97400141 0
v 1.29492736 5.9054513 0
v 1.85498369 5.97400141 0
v 1.92014515 5.87390518 0
v 1.29492736 5.9054513 0
v 1.29492736 5.9054513 0
v 1.92014515 5.87390518 0
v 1.24482298 5.82434464 0
v 1.92014515 5.87390518 0
v 1.978917 5.76992989 0
v 1.24482298 5.82434464 0
v 1.24482298 5.82434464 0
v 1.978917 5.76992989 0
v 1.20059729 5.73988676 0
v 1.978917 5.76992989 0
v 2.0310688 5.66248035 0
v 1.20059729 5.73988676 0
v 1.20059729 5.73988676 0
v 2.0310688 5.66248035 0
v 1.16247261 5.65250587 0
v 1.16247261 5.65250587 0
v 2.0310688 5.66248035 0
v 1.13064086 5.56264067 0
v 2.0310688 5.66248035 0
v 2.07639599 5.55198002 0
v 1.13064086 5.56264067 0
v 1.13064086 5.56264067 0
v 2.07639599 5.55198002 0
v 1.10526264 5.47074366 0
v 2.07639599 5.55198002 0
v 2.11472082 5.43885851 0
v 1.10526264 5.47074366 0
v 1.10526264 5.47074366 0
v 2.11472082 5.43885851 0
v 1.0864656 5.37727928 0
v 2.11472082 5.43885851 0
v 2.14589381 5.3235631 0
v 1.0864656 5.37727928 0
v 1.0864656 5.37727928 0
v 2.14589381 5.3235631 0
v 1.07434464 5.28271484 0
v 1.07434464 5.28271484 0
v 2.14589381 5.3235631 0
v 0.790101826 5.24359131 0
v 2.14589381 5.3235631 0
v 2.16979241 5.20654011 0
v 0.790101826 5.24359131 0
v 0.790101826 5.24359131 0
v 2.16979241 5.20654011 0
v 0.801590979 5.15781021 0
v 2.16979241 5.20654011 0
v 2.18632293 5.08825493 0
v 0.801590979 5.15781021 0
v 0.801590979 5.15781021 0
v 2.18632293 5.08825493 0
v 0.823940694 5.07419872 0
v 0.823940694 5.07419872 0
v 2.18632293 5.08825493 0
v 0.856785178 4.99412489 0
v 2.18632293 5.08825493 0
v 2.1954205 4.96916437 0
v 0.856785178 4.99412489 0
v 0.856785178 4.99412489 0
v 2.1954205 4.96916437 0
v 0.899586737 4.91890049 0
v 2.1954205 4.96916437 0
v 2.73298669 4.96062231 0
v 0.899586737 4.91890049 0
v 2.74742389 4.89613438 0
v 0.899586737 4.91890049 0
v 2.73298669 4.96062231 0
v 1.505 3.79068327 0
v 2.82131505 4.64244461 0
v 1.76311636 3.78166652 0
v 1.76311636 3.78166652 0
v 2.82131505 4.64244461 0
v 2.01997447 3.75466108 0
v 2.82131505 4.64244461 0
v 3.00999904 4.80304098 0
v 2.01997447 3.75466108 0
v 2.01997447 3.75466108 0
v 3.00999904 4.80304098 0
v 2.27432179 3.70979953 0
v 2.27432179 3.70979953 0
v 3.00999904 4.80304098 0
v 2.52491879 3.64729786 0
v 2.52491879 3.64729786 0
v 3.00999904 4.80304098 0
v 2.7705431 3.56746292 0
v 3.00999904 3.47068381 0
v 2.7705431 3.56746292 0
v 3.00999904 4.80304098 0
v 0 6.56999969 -3.07999897
v 0 6.56999969 -2.98999906
v 0 0 -3.07999897
v 0 6.56999969 -2.98999906
v 0 6.56999969 -0.0899999961
v 0 0 -3.07999897
v 0 0 0
v 0 0 -3.07999897
v 0 6.56999969 -0.0899999961
v 0 6.56999969 -3.07999897
v 0 7.32288837 -1.59352589
v 0 6.56999969 -2.98999906
v 0 6.56999969 -2.98999906
v 0 7.32288837 -1.59352589
v 0 7.27054453 -1.53999996
v 0 7.32288837 -1.59352589
v 0 7.71289015 -1.59352589
v 0 7.27054453 -1.53999996
v 0 7.71289015 -1.53999996
v 0 7.27054453 -1.53999996
v 0 7.71289015 -1.59352589
v 0 7.71289015 -1.53999996
v 0 7.27054453 -1.53999996
v 0 7.27054453 -1.53999996
v 0 7.32288837 -1.48647404
v 0 6.56999969 -0.0899999961
v 0 0 0
v 0 6.56999969 -0.0899999961
v -1.80477839e-16 3.47068381 0
v -1.80477839e-16 3.47068381 0
v 0 6.56999969 -0.0899999961
v -1.80477839e-16 4.75795603 0
v 0 7.32288837 -1.48647404
v 0 6.56999969 0
v 0 6.56999969 -0.0899999961
v -1.80477839e-16 4.75795603 0
v 0 6.56999969 -0.0899999961
v 0 6.56999969 0
v 0 7.71289015 -1.48647404
v 0 7.32288837 -1.48647404
v 0 7.71289015 -1.53999996
v 0 7.27054453 -1.53999996
v 0 6.56999969 -0.0899999961
v 0.752499878 7.27054453 -1.53999996
v 0 6.56999969 -2.98999906
v 0 7.27054453 -1.53999996
v 0.752499878 7.27054453 -1.53999996
v 3.00999904 6.56999969 -0.0899999961
v 0.752499878 7.27054453 -1.53999996
v 0 6.56999969 -0.0899999961
v 0 6.56999969 -2.98999906
v 1.04145229 7.33499956 -2.23356366
v 1.06067395 7.26786947 -2.36610508
v 1.04499996 7.21407509 -2.47231555
v 1.06067395 7.26786947 -2.36610508
v 1.04145229 7.33499956 -2.23356366
v 1.12651479 7.38509035 -2.13466954
v 1.06067395 7.26786947 -2.36610508
v 1.12651479 7.38509035 -2.13466954
v 1.10662818 7.3179965 -2.267133
v 1.10662818 7.3179965 -2.267133
v 1.12651479 7.38509035 -2.13466954
v 1.17973089 7.36104441 -2.18214345
v 1.17973089 7.36104441 -2.18214345
v 1.12651479 7.38509035 -2.13466954
v 1.23737073 7.42352343 -2.05878544
v 1.17973089 7.36104441 -2.18214345
v 1.23737073 7.42352343 -2.05878544
v 1.27499998 7.39407396 -2.11692882
v 1.27499998 7.39407396 -2.11692882
v 1.23737073 7.42352343 -2.05878544
v 1.36646485 7.4476862 -2.01108265
v 1.27499998 7.39407396 -2.11692882
v 1.36646485 7.4476862 -2.01108265
v 1.38594306 7.41483879 -2.07593346
v 1.38594306 7.41483879 -2.07593346
v 1.36646485 7.4476862 -2.01108265
v 1.505 7.45592642 -1.99481213
v 1.38594306 7.41483879 -2.07593346
v 1.505 7.45592642 -1.99481213
v 1.505 7.4219203 -2.06195045
v 1.505 7.4219203 -2.06195045
v 1.505 7.45592642 -1.99481213
v 1.64353514 7.4476862 -2.01108265
v 1.505 7.4219203 -2.06195045
v 1.64353514 7.4476862 -2.01108265
v 1.6240567 7.41483879 -2.07593346
v 1.6240567 7.41483879 -2.07593346
v 1.64353514 7.4476862 -2.01108265
v 1.73500013 7.39407396 -2.11692882
v 1.73500013 7.39407396 -2.11692882
v 1.64353514 7.4476862 -2.01108265
v 1.77262938 7.42352343 -2.05878544
v 1.73500013 7.39407396 -2.11692882
v 1.77262938 7.42352343 -2.05878544
v 1.8302691 7.36104441 -2.18214345
v 1.8302691 7.36104441 -2.18214345
v 1.77262938 7.42352343 -2.05878544
v 1.8834852 7.38509035 -2.13466954
v 1.8302691 7.36104441 -2.18214345
v 1.8834852 7.38509035 -2.13466954
v 1.90337157 7.3179965 -2.267133
v 1.90337157 7.3179965 -2.267133
v 1.8834852 7.38509035 -2.13466954
v 1.9685477 7.33499956 -2.23356366
v 1.90337157 7.3179965 -2.267133
v 1.9685477 7.33499956 -2.23356366
v 1.9493258 7.26786947 -2.36610508
v 1.9493258 7.26786947 -2.36610508
v 1.9685477 7.33499956 -2.23356366
v 1.96499979 7.21407509 -2.47231555
v 0.98797971 7.27667046 -2.34872842
v 0.98797971 7.15147877 -2.59590268
v 0.969741285 7.21407509 -2.47231555
v 0.98797971 7.15147877 -2.59590268
v 0.98797971 7.27667046 -2.34872842
v 1.03773904 7.09719944 -2.7030704
v 1.03773904 7.09719944 -2.7030704
v 0.98797971 7.27667046 -2.34872842
v 1.04145229 7.33499956 -2.23356366
v 1.03773904 7.09719944 -2.7030704
v 1.04145229 7.33499956 -2.23356366
v 1.04145229 7.09314823 -2.71106648
v 1.04145229 7.09314823 -2.71106648
v 1.04145229 7.33499956 -2.23356366
v 1.04499996 7.21407509 -2.47231555
v 1.04145229 7.09314823 -2.71106648
v 1.04499996 7.21407509 -2.47231555
v 1.06067395 7.16027975 -2.57852674
v 1.04145229 7.09314823 -2.71106648
v 1.06067395 7.16027975 -2.57852674
v 1.12651479 7.04305935 -2.80996132
v 1.12651479 7.04305935 -2.80996132
v 1.06067395 7.16027975 -2.57852674
v 1.10662818 7.11015034 -2.67749786
v 1.12651479 7.04305935 -2.80996132
v 1.10662818 7.11015034 -2.67749786
v 1.17973089 7.06710243 -2.76248622
v 1.12651479 7.04305935 -2.80996132
v 1.17973089 7.06710243 -2.76248622
v 1.23737073 7.00462437 -2.88584638
v 1.23737073 7.00462437 -2.88584638
v 1.17973089 7.06710243 -2.76248622
v 1.27499998 7.03407288 -2.82770324
v 1.23737073 7.00462437 -2.88584638
v 1.27499998 7.03407288 -2.82770324
v 1.36646485 6.98046398 -2.93354774
v 1.36646485 6.98046398 -2.93354774
v 1.27499998 7.03407288 -2.82770324
v 1.38594306 7.01330805 -2.86869884
v 1.36646485 6.98046398 -2.93354774
v 1.38594306 7.01330805 -2.86869884
v 1.505 6.9722209 -2.94981885
v 1.505 6.9722209 -2.94981885
v 1.38594306 7.01330805 -2.86869884
v 1.505 7.00622654 -2.88268161
v 1.505 6.9722209 -2.94981885
v 1.505 7.00622654 -2.88268161
v 1.6240567 7.01330805 -2.86869884
v 1.505 6.9722209 -2.94981885
v 1.6240567 7.01330805 -2.86869884
v 1.64353514 6.98046398 -2.93354774
v 1.64353514 6.98046398 -2.93354774
v 1.6240567 7.01330805 -2.86869884
v 1.73500013 7.03407288 -2.82770324
v 1.64353514 6.98046398 -2.93354774
v 1.73500013 7.03407288 -2.82770324
v 1.77262938 7.00462437 -2.88584638
v 1.77262938 7.00462437 -2.88584638
v 1.73500013 7.03407288 -2.82770324
v 1.8302691 7.06710243 -2.76248622
v 1.77262938 7.00462437 -2.88584638
v 1.8302691 7.06710243 -2.76248622
v 1.8834852 7.04305935 -2.80996132
v 1.8834852 7.04305935 -2.80996132
v 1.8302691 7.06710243 -2.76248622
v 1.90337157 7.11015034 -2.67749786
v 1.8834852 7.04305935 -2.80996132
v 1.90337157 7.11015034 -2.67749786
v 1.9685477 7.09314823 -2.71106648
v 1.9685477 7.09314823 -2.71106648
v 1.90337157 7.11015034 -2.67749786
v 1.9493258 7.16027975 -2.57852674
v 1.9685477 7.09314823 -2.71106648
v 1.9493258 7.16027975 -2.57852674
v 1.96499979 7.21407509 -2.47231555
v 1.9685477 7.09314823 -2.71106648
v 1.96499979 7.21407509 -2.47231555
v 1.9685477 7.33499956 -2.23356366
v 1.9685477 7.09314823 -2.71106648
v 1.9685477 7.33499956 -2.23356366
v 1.97226095 7.33095026 -2.24156094
v 1.9685477 7.09314823 -2.71106648
v 1.97226095 7.33095026 -2.24156094
v 2.02202034 7.15147877 -2.59590268
v 2.02202034 7.15147877 -2.59590268
v 1.97226095 7.33095026 -2.24156094
v 2.02202034 7.27667046 -2.34872842
v 2.02202034 7.15147877 -2.59590268
v 2.02202034 7.27667046 -2.34872842
v 2.04025888 7.21407509 -2.47231555
v 1.505 6.9722209 -2.94981885
v 1.64353514 6.80204344 -2.84317946
v 1.505 6.79380131 -2.85945058
v 1.64353514 6.80204344 -2.84317946
v 1.505 6.9722209 -2.94981885
v 1.64353514 6.98046398 -2.93354774
v 1.36646485 6.80204344 -2.84317946
v 1.505 6.9722209 -2.94981885
v 1.505 6.79380131 -2.85945058
v 1.505 6.9722209 -2.94981885
v 1.36646485 6.80204344 -2.84317946
v 1.36646485 6.98046398 -2.93354774
v 1.23737073 6.8262043 -2.79547811
v 1.36646485 6.98046398 -2.93354774
v 1.36646485 6.80204344 -2.84317946
v 1.36646485 6.98046398 -2.93354774
v 1.23737073 6.8262043 -2.79547811
v 1.23737073 7.00462437 -2.88584638
v 1.12651479 6.86463976 -2.71959329
v 1.23737073 7.00462437 -2.88584638
v 1.23737073 6.8262043 -2.79547811
v 1.23737073 7.00462437 -2.88584638
v 1.12651479 6.86463976 -2.71959329
v 1.12651479 7.04305935 -2.80996132
v 1.04145229 7.09314823 -2.71106648
v 1.12651479 6.86463976 -2.71959329
v 1.04145229 6.91472816 -2.62069845
v 1.12651479 6.86463976 -2.71959329
v 1.04145229 7.09314823 -2.71106648
v 1.12651479 7.04305935 -2.80996132
v 1.03773904 7.09719944 -2.7030704
v 1.04145229 6.91472816 -2.62069845
v 1.03773904 6.91877985 -2.61270237
v 1.04145229 6.91472816 -2.62069845
v 1.03773904 7.09719944 -2.7030704
v 1.04145229 7.09314823 -2.71106648
v 0.98797971 7.15147877 -2.59590268
v 1.03773904 6.91877985 -2.61270237
v 0.98797971 6.97305965 -2.50553393
v 1.03773904 6.91877985 -2.61270237
v 0.98797971 7.15147877 -2.59590268
v 1.03773904 7.09719944 -2.7030704
v 0.969741285 7.21407509 -2.47231555
v 0.98797971 6.97305965 -2.50553393
v 0.969741285 7.03565502 -2.38194728
v 0.98797971 6.97305965 -2.50553393
v 0.969741285 7.21407509 -2.47231555
v 0.98797971 7.15147877 -2.59590268
v 0.98797971 7.27667046 -2.34872842
v 0.969741285 7.03565502 -2.38194728
v 0.98797971 7.09825134 -2.25836015
v 0.969741285 7.03565502 -2.38194728
v 0.98797971 7.27667046 -2.34872842
v 0.969741285 7.21407509 -2.47231555
v 1.04145229 7.33499956 -2.23356366
v 0.98797971 7.09825134 -2.25836015
v 1.04145229 7.15657949 -2.14319539
v 0.98797971 7.09825134 -2.25836015
v 1.04145229 7.33499956 -2.23356366
v 0.98797971 7.27667046 -2.34872842
v 1.12651479 7.38509035 -2.13466954
v 1.04145229 7.15657949 -2.14319539
v 1.12651479 7.20667076 -2.04430127
v 1.04145229 7.15657949 -2.14319539
v 1.12651479 7.38509035 -2.13466954
v 1.04145229 7.33499956 -2.23356366
v 1.23737073 7.24510336 -1.96841729
v 1.12651479 7.38509035 -2.13466954
v 1.12651479 7.20667076 -2.04430127
v 1.12651479 7.38509035 -2.13466954
v 1.23737073 7.24510336 -1.96841729
v 1.23737073 7.42352343 -2.05878544
v 1.36646485 7.26926613 -1.92071414
v 1.23737073 7.42352343 -2.05878544
v 1.23737073 7.24510336 -1.96841729
v 1.23737073 7.42352343 -2.05878544
v 1.36646485 7.26926613 -1.92071414
v 1.36646485 7.4476862 -2.01108265
v 1.505 7.27750587 -1.90444386
v 1.36646485 7.4476862 -2.01108265
v 1.36646485 7.26926613 -1.92071414
v 1.36646485 7.4476862 -2.01108265
v 1.505 7.27750587 -1.90444386
v 1.505 7.45592642 -1.99481213
v 1.64353514 7.4476862 -2.01108265
v 1.505 7.27750587 -1.90444386
v 1.64353514 7.26926613 -1.92071414
v 1.505 7.27750587 -1.90444386
v 1.64353514 7.4476862 -2.01108265
v 1.505 7.45592642 -1.99481213
v 1.77262938 7.42352343 -2.05878544
v 1.64353514 7.26926613 -1.92071414
v 1.77262938 7.24510336 -1.96841729
v 1.64353514 7.26926613 -1.92071414
v 1.77262938 7.42352343 -2.05878544
v 1.64353514 7.4476862 -2.01108265
v 1.8834852 7.38509035 -2.13466954
v 1.77262938 7.24510336 -1.96841729
v 1.8834852 7.20667076 -2.04430127
v 1.77262938 7.24510336 -1.96841729
v 1.8834852 7.38509035 -2.13466954
v 1.77262938 7.42352343 -2.05878544
v 1.9685477 7.15657949 -2.14319539
v 1.8834852 7.38509035 -2.13466954
v 1.8834852 7.20667076 -2.04430127
v 1.8834852 7.38509035 -2.13466954
v 1.9685477 7.15657949 -2.14319539
v 1.9685477 7.33499956 -2.23356366
v 1.97226095 7.15253067 -2.15119243
v 1.9685477 7.33499956 -2.23356366
v 1.9685477 7.15657949 -2.14319539
v 1.9685477 7.33499956 -2.23356366
v 1.97226095 7.15253067 -2.15119243
v 1.97226095 7.33095026 -2.24156094
v 2.02202034 7.09825134 -2.25836015
v 1.97226095 7.33095026 -2.24156094
v 1.97226095 7.15253067 -2.15119243
v 1.97226095 7.33095026 -2.24156094
v 2.02202034 7.09825134 -2.25836015
v 2.02202034 7.27667046 -2.34872842
v 2.04025888 7.03565502 -2.38194728
v 2.02202034 7.27667046 -2.34872842
v 2.02202034 7.09825134 -2.25836015
v 2.02202034 7.27667046 -2.34872842
v 2.04025888 7.03565502 -2.38194728
v 2.04025888 7.21407509 -2.47231555
v 2.02202034 6.97305965 -2.50553393
v 2.04025888 7.21407509 -2.47231555
v 2.04025888 7.03565502 -2.38194728
v 2.04025888 7.21407509 -2.47231555
v 2.02202034 6.97305965 -2.50553393
v 2.02202034 7.15147877 -2.59590268
v 1.9685477 6.91472816 -2.62069845
v 2.02202034 7.15147877 -2.59590268
v 2.02202034 6.97305965 -2.50553393
v 2.02202034 7.15147877 -2.59590268
v 1.9685477 6.91472816 -2.62069845
v 1.9685477 7.09314823 -2.71106648
v 1.8834852 6.86463976 -2.71959329
v 1.9685477 7.09314823 -2.71106648
v 1.9685477 6.91472816 -2.62069845
v 1.9685477 7.09314823 -2.71106648
v 1.8834852 6.86463976 -2.71959329
v 1.8834852 7.04305935 -2.80996132
v 1.77262938 7.00462437 -2.88584638
v 1.8834852 6.86463976 -2.71959329
v 1.77262938 6.8262043 -2.79547811
v 1.8834852 6.86463976 -2.71959329
v 1.77262938 7.00462437 -2.88584638
v 1.8834852 7.04305935 -2.80996132
v 1.64353514 6.98046398 -2.93354774
v 1.77262938 6.8262043 -2.79547811
v 1.64353514 6.80204344 -2.84317946
v 1.77262938 6.8262043 -2.79547811
v 1.64353514 6.98046398 -2.93354774
v 1.77262938 7.00462437 -2.88584638
v 1.505 7.07759571 -2.91882825
v 1.64353514 6.98046398 -2.93354774
v 1.505 6.9722209 -2.94981885
v 1.64353514 6.98046398 -2.93354774
v 1.505 7.07759571 -2.91882825
v 1.6240567 7.08467674 -2.90484548
v 1.36646485 6.98046398 -2.93354774
v 1.505 7.07759571 -2.91882825
v 1.505 6.9722209 -2.94981885
v 1.505 7.07759571 -2.91882825
v 1.36646485 6.98046398 -2.93354774
v 1.38594306 7.08467674 -2.90484548
v 1.23737073 7.00462437 -2.88584638
v 1.38594306 7.08467674 -2.90484548
v 1.36646485 6.98046398 -2.93354774
v 1.38594306 7.08467674 -2.90484548
v 1.23737073 7.00462437 -2.88584638
v 1.27499998 7.10544157 -2.86384988
v 1.12651479 7.04305935 -2.80996132
v 1.27499998 7.10544157 -2.86384988
v 1.23737073 7.00462437 -2.88584638
v 1.27499998 7.10544157 -2.86384988
v 1.12651479 7.04305935 -2.80996132
v 1.17973089 7.13847208 -2.79863548
v 1.04145229 7.09314823 -2.71106648
v 1.17973089 7.13847208 -2.79863548
v 1.12651479 7.04305935 -2.80996132
v 1.17973089 7.13847208 -2.79863548
v 1.04145229 7.09314823 -2.71106648
v 1.10662818 7.1815176 -2.7136445
v 1.06067395 7.23164701 -2.61467361
v 1.03773904 7.09719944 -2.7030704
v 0.98797971 7.15147877 -2.59590268
v 1.03773904 7.09719944 -2.7030704
v 1.06067395 7.23164701 -2.61467361
v 1.10662818 7.1815176 -2.7136445
v 1.03773904 7.09719944 -2.7030704
v 1.10662818 7.1815176 -2.7136445
v 1.04145229 7.09314823 -2.71106648
v 1.04499996 7.2854414 -2.50846267
v 0.98797971 7.15147877 -2.59590268
v 0.969741285 7.21407509 -2.47231555
v 0.98797971 7.15147877 -2.59590268
v 1.04499996 7.2854414 -2.50846267
v 1.06067395 7.23164701 -2.61467361
v 1.06067395 7.33923578 -2.40225267
v 0.969741285 7.21407509 -2.47231555
v 0.98797971 7.27667046 -2.34872842
v 0.969741285 7.21407509 -2.47231555
v 1.06067395 7.33923578 -2.40225267
v 1.04499996 7.2854414 -2.50846267
v 1.04145229 7.33499956 -2.23356366
v 1.06067395 7.33923578 -2.40225267
v 0.98797971 7.27667046 -2.34872842
v 1.06067395 7.33923578 -2.40225267
v 1.04145229 7.33499956 -2.23356366
v 1.10662818 7.3893652 -2.30328035
v 1.12651479 7.38509035 -2.13466954
v 1.10662818 7.3893652 -2.30328035
v 1.04145229 7.33499956 -2.23356366
v 1.10662818 7.3893652 -2.30328035
v 1.12651479 7.38509035 -2.13466954
v 1.17973089 7.4324131 -2.21829104
v 1.23737073 7.42352343 -2.05878544
v 1.17973089 7.4324131 -2.21829104
v 1.12651479 7.38509035 -2.13466954
v 1.17973089 7.4324131 -2.21829104
v 1.23737073 7.42352343 -2.05878544
v 1.27499998 7.46544361 -2.15307617
v 1.36646485 7.4476862 -2.01108265
v 1.27499998 7.46544361 -2.15307617
v 1.23737073 7.42352343 -2.05878544
v 1.27499998 7.46544361 -2.15307617
v 1.36646485 7.4476862 -2.01108265
v 1.38594306 7.48620796 -2.11208057
v 1.505 7.45592642 -1.99481213
v 1.38594306 7.48620796 -2.11208057
v 1.36646485 7.4476862 -2.01108265
v 1.38594306 7.48620796 -2.11208057
v 1.505 7.45592642 -1.99481213
v 1.505 7.49328995 -2.0980978
v 1.64353514 7.4476862 -2.01108265
v 1.505 7.49328995 -2.0980978
v 1.505 7.45592642 -1.99481213
v 1.505 7.49328995 -2.0980978
v 1.64353514 7.4476862 -2.01108265
v 1.6240567 7.48620796 -2.11208057
v 1.64353514 7.4476862 -2.01108265
v 1.73500013 7.46544361 -2.15307617
v 1.6240567 7.48620796 -2.11208057
v 1.73500013 7.46544361 -2.15307617
v 1.64353514 7.4476862 -2.01108265
v 1.77262938 7.42352343 -2.05878544
v 1.77262938 7.42352343 -2.05878544
v 1.8302691 7.4324131 -2.21829104
v 1.73500013 7.46544361 -2.15307617
v 1.8302691 7.4324131 -2.21829104
v 1.77262938 7.42352343 -2.05878544
v 1.8834852 7.38509035 -2.13466954
v 1.8834852 7.38509035 -2.13466954
v 1.90337157 7.3893652 -2.30328035
v 1.8302691 7.4324131 -2.21829104
v 1.90337157 7.3893652 -2.30328035
v 1.8834852 7.38509035 -2.13466954
v 1.9685477 7.33499956 -2.23356366
v 1.9685477 7.33499956 -2.23356366
v 1.9493258 7.33923578 -2.40225267
v 1.90337157 7.3893652 -2.30328035
v 1.9493258 7.33923578 -2.40225267
v 1.9685477 7.33499956 -2.23356366
v 2.02202034 7.27667046 -2.34872842
v 2.02202034 7.27667046 -2.34872842
v 1.9685477 7.33499956 -2.23356366
v 1.97226095 7.33095026 -2.24156094
v 2.04025888 7.21407509 -2.47231555
v 1.9493258 7.33923578 -2.40225267
v 2.02202034 7.27667046 -2.34872842
v 1.9493258 7.33923578 -2.40225267
v 2.04025888 7.21407509 -2.47231555
v 1.96499979 7.2854414 -2.50846267
v 2.02202034 7.15147877 -2.59590268
v 1.96499979 7.2854414 -2.50846267
v 2.04025888 7.21407509 -2.47231555
v 1.96499979 7.2854414 -2.50846267
v 2.02202034 7.15147877 -2.59590268
v 1.9493258 7.23164701 -2.61467361
v 1.9685477 7.09314823 -2.71106648
v 1.9493258 7.23164701 -2.61467361
v 2.02202034 7.15147877 -2.59590268
v 1.9493258 7.23164701 -2.61467361
v 1.9685477 7.09314823 -2.71106648
v 1.90337157 7.1815176 -2.7136445
v 1.8302691 7.13847208 -2.79863548
v 1.9685477 7.09314823 -2.71106648
v 1.8834852 7.04305935 -2.80996132
v 1.9685477 7.09314823 -2.71106648
v 1.8302691 7.13847208 -2.79863548
v 1.90337157 7.1815176 -2.7136445
v 1.73500013 7.10544157 -2.86384988
v 1.8834852 7.04305935 -2.80996132
v 1.77262938 7.00462437 -2.88584638
v 1.8834852 7.04305935 -2.80996132
v 1.73500013 7.10544157 -2.86384988
v 1.8302691 7.13847208 -2.79863548
v 1.6240567 7.08467674 -2.90484548
v 1.77262938 7.00462437 -2.88584638
v 1.64353514 6.98046398 -2.93354774
v 1.77262938 7.00462437 -2.88584638
v 1.6240567 7.08467674 -2.90484548
v 1.73500013 7.10544157 -2.86384988
v 1.06067395 7.33923578 -2.40225267
v 1.06067395 7.23164701 -2.61467361
v 1.04499996 7.2854414 -2.50846267
v 1.06067395 7.23164701 -2.61467361
v 1.06067395 7.33923578 -2.40225267
v 1.10662818 7.3893652 -2.30328035
v 1.06067395 7.23164701 -2.61467361
v 1.10662818 7.3893652 -2.30328035
v 1.10662818 7.1815176 -2.7136445
v 1.10662818 7.1815176 -2.7136445
v 1.10662818 7.3893652 -2.30328035
v 1.17973089 7.13847208 -2.79863548
v 1.17973089 7.13847208 -2.79863548
v 1.10662818 7.3893652 -2.30328035
v 1.17973089 7.4324131 -2.21829104
v 1.17973089 7.13847208 -2.79863548
v 1.17973089 7.4324131 -2.21829104
v 1.27499998 7.10544157 -2.86384988
v 1.27499998 7.10544157 -2.86384988
v 1.17973089 7.4324131 -2.21829104
v 1.27499998 7.46544361 -2.15307617
v 1.27499998 7.10544157 -2.86384988
v 1.27499998 7.46544361 -2.15307617
v 1.38594306 7.08467674 -2.90484548
v 1.38594306 7.08467674 -2.90484548
v 1.27499998 7.46544361 -2.15307617
v 1.38594306 7.48620796 -2.11208057
v 1.38594306 7.08467674 -2.90484548
v 1.38594306 7.48620796 -2.11208057
v 1.505 7.07759571 -2.91882825
v 1.505 7.07759571 -2.91882825
v 1.38594306 7.48620796 -2.11208057
v 1.505 7.49328995 -2.0980978
v 1.505 7.07759571 -2.91882825
v 1.505 7.49328995 -2.0980978
v 1.6240567 7.48620796 -2.11208057
v 1.505 7.07759571 -2.91882825
v 1.6240567 7.48620796 -2.11208057
v 1.6240567 7.08467674 -2.90484548
v 1.6240567 7.08467674 -2.90484548
v 1.6240567 7.48620796 -2.11208057
v 1.73500013 7.46544361 -2.15307617
v 1.6240567 7.08467674 -2.90484548
v 1.73500013 7.46544361 -2.15307617
v 1.73500013 7.10544157 -2.86384988
v 1.73500013 7.10544157 -2.86384988
v 1.73500013 7.46544361 -2.15307617
v 1.8302691 7.4324131 -2.21829104
v 1.73500013 7.10544157 -2.86384988
v 1.8302691 7.4324131 -2.21829104
v 1.8302691 7.13847208 -2.79863548
v 1.8302691 7.13847208 -2.79863548
v 1.8302691 7.4324131 -2.21829104
v 1.90337157 7.3893652 -2.30328035
v 1.8302691 7.13847208 -2.79863548
v 1.90337157 7.3893652 -2.30328035
v 1.90337157 7.1815176 -2.7136445
v 1.90337157 7.1815176 -2.7136445
v 1.90337157 7.3893652 -2.30328035
v 1.9493258 7.33923578 -2.40225267
v 1.90337157 7.1815176 -2.7136445
v 1.9493258 7.33923578 -2.40225267
v 1.9493258 7.23164701 -2.61467361
v 1.9493258 7.23164701 -2.61467361
v 1.9493258 7.33923578 -2.40225267
v 1.96499979 7.2854414 -2.50846267
v 1.505 7.4219203 -2.06195045
v 1.38594306 7.48620796 -2.11208057
v 1.38594306 7.41483879 -2.07593346
v 1.38594306 7.48620796 -2.11208057
v 1.505 7.4219203 -2.06195045
v 1.505 7.49328995 -2.0980978
v 1.6240567 7.48620796 -2.11208057
v 1.505 7.4219203 -2.06195045
v 1.6240567 7.41483879 -2.07593346
v 1.505 7.4219203 -2.06195045
v 1.6240567 7.48620796 -2.11208057
v 1.505 7.49328995 -2.0980978
v 1.73500013 7.46544361 -2.15307617
v 1.6240567 7.41483879 -2.07593346
v 1.73500013 7.39407396 -2.11692882
v 1.6240567 7.41483879 -2.07593346
v 1.73500013 7.46544361 -2.15307617
v 1.6240567 7.48620796 -2.11208057
v 1.8302691 7.4324131 -2.21829104
v 1.73500013 7.39407396 -2.11692882
v 1.8302691 7.36104441 -2.18214345
v 1.73500013 7.39407396 -2.11692882
v 1.8302691 7.4324131 -2.21829104
v 1.73500013 7.46544361 -2.15307617
v 1.90337157 7.3179965 -2.267133
v 1.8302691 7.4324131 -2.21829104
v 1.8302691 7.36104441 -2.18214345
v 1.8302691 7.4324131 -2.21829104
v 1.90337157 7.3179965 -2.267133
v 1.90337157 7.3893652 -2.30328035
v 1.9493258 7.26786947 -2.36610508
v 1.90337157 7.3893652 -2.30328035
v 1.90337157 7.3179965 -2.267133
v 1.90337157 7.3893652 -2.30328035
v 1.9493258 7.26786947 -2.36610508
v 1.9493258 7.33923578 -2.40225267
v 1.96499979 7.21407509 -2.47231555
v 1.9493258 7.33923578 -2.40225267
v 1.9493258 7.26786947 -2.36610508
v 1.9493258 7.33923578 -2.40225267
v 1.96499979 7.21407509 -2.47231555
v 1.96499979 7.2854414 -2.50846267
v 1.9493258 7.16027975 -2.57852674
v 1.96499979 7.2854414 -2.50846267
v 1.96499979 7.21407509 -2.47231555
v 1.96499979 7.2854414 -2.50846267
v 1.9493258 7.16027975 -2.57852674
v 1.9493258 7.23164701 -2.61467361
v 1.90337157 7.11015034 -2.67749786
v 1.9493258 7.23164701 -2.61467361
v 1.9493258 7.16027975 -2.57852674
v 1.9493258 7.23164701 -2.61467361
v 1.90337157 7.11015034 -2.67749786
v 1.90337157 7.1815176 -2.7136445
v 1.8302691 7.06710243 -2.76248622
v 1.90337157 7.1815176 -2.7136445
v 1.90337157 7.11015034 -2.67749786
v 1.90337157 7.1815176 -2.7136445
v 1.8302691 7.06710243 -2.76248622
v 1.8302691 7.13847208 -2.79863548
v 1.73500013 7.10544157 -2.86384988
v 1.8302691 7.06710243 -2.76248622
v 1.73500013 7.03407288 -2.82770324
v 1.8302691 7.06710243 -2.76248622
v 1.73500013 7.10544157 -2.86384988
v 1.8302691 7.13847208 -2.79863548
v 1.6240567 7.08467674 -2.90484548
v 1.73500013 7.03407288 -2.82770324
v 1.6240567 7.01330805 -2.86869884
v 1.73500013 7.03407288 -2.82770324
v 1.6240567 7.08467674 -2.90484548
v 1.73500013 7.10544157 -2.86384988
v 1.505 7.07759571 -2.91882825
v 1.6240567 7.01330805 -2.86869884
v 1.505 7.00622654 -2.88268161
v 1.6240567 7.01330805 -2.86869884
v 1.505 7.07759571 -2.91882825
v 1.6240567 7.08467674 -2.90484548
v 1.38594306 7.01330805 -2.86869884
v 1.505 7.07759571 -2.91882825
v 1.505 7.00622654 -2.88268161
v 1.505 7.07759571 -2.91882825
v 1.38594306 7.01330805 -2.86869884
v 1.38594306 7.08467674 -2.90484548
v 1.27499998 7.03407288 -2.82770324
v 1.38594306 7.08467674 -2.90484548
v 1.38594306 7.01330805 -2.86869884
v 1.38594306 7.08467674 -2.90484548
v 1.27499998 7.03407288 -2.82770324
v 1.27499998 7.10544157 -2.86384988
v 1.17973089 7.06710243 -2.76248622
v 1.27499998 7.10544157 -2.86384988
v 1.27499998 7.03407288 -2.82770324
v 1.27499998 7.10544157 -2.86384988
v 1.17973089 7.06710243 -2.76248622
v 1.17973089 7.13847208 -2.79863548
v 1.10662818 7.1815176 -2.7136445
v 1.17973089 7.06710243 -2.76248622
v 1.10662818 7.11015034 -2.67749786
v 1.17973089 7.06710243 -2.76248622
v 1.10662818 7.1815176 -2.7136445
v 1.17973089 7.13847208 -2.79863548
v 1.06067395 7.23164701 -2.61467361
v 1.10662818 7.11015034 -2.67749786
v 1.06067395 7.16027975 -2.57852674
v 1.10662818 7.11015034 -2.67749786
v 1.06067395 7.23164701 -2.61467361
v 1.10662818 7.1815176 -2.7136445
v 1.04499996 7.2854414 -2.50846267
v 1.06067395 7.16027975 -2.57852674
v 1.04499996 7.21407509 -2.47231555
v 1.06067395 7.16027975 -2.57852674
v 1.04499996 7.2854414 -2.50846267
v 1.06067395 7.23164701 -2.61467361
v 1.06067395 7.33923578 -2.40225267
v 1.04499996 7.21407509 -2.47231555
v 1.06067395 7.26786947 -2.36610508
v 1.04499996 7.21407509 -2.47231555
v 1.06067395 7.33923578 -2.40225267
v 1.04499996 7.2854414 -2.50846267
v 1.10662818 7.3893652 -2.30328035
v 1.06067395 7.26786947 -2.36610508
v 1.10662818 7.3179965 -2.267133
v 1.06067395 7.26786947 -2.36610508
v 1.10662818 7.3893652 -2.30328035
v 1.06067395 7.33923578 -2.40225267
v 1.17973089 7.4324131 -2.21829104
v 1.10662818 7.3179965 -2.267133
v 1.17973089 7.36104441 -2.18214345
v 1.10662818 7.3179965 -2.267133
v 1.17973089 7.4324131 -2.21829104
v 1.10662818 7.3893652 -2.30328035
v 1.27499998 7.39407396 -2.11692882
v 1.17973089 7.4324131 -2.21829104
v 1.17973089 7.36104441 -2.18214345
v 1.17973089 7.4324131 -2.21829104
v 1.27499998 7.39407396 -2.11692882
v 1.27499998 7.46544361 -2.15307617
v 1.38594306 7.41483879 -2.07593346
v 1.27499998 7.46544361 -2.15307617
v 1.27499998 7.39407396 -2.11692882
v 1.27499998 7.46544361 -2.15307617
v 1.38594306 7.41483879 -2.07593346
v 1.38594306 7.48620796 -2.11208057
v 2.04025888 7.21407509 -2.47231555
v 2.02202034 7.27667046 -2.34872842
v 2.02202034 7.15147877 -2.59590268
v 2.02202034 7.27667046 -2.34872842
v 1.97226095 7.33095026 -2.24156094
v 2.02202034 7.15147877 -2.59590268
v 2.02202034 7.15147877 -2.59590268
v 1.97226095 7.33095026 -2.24156094
v 1.9685477 7.09314823 -2.71106648
v 1.97226095 7.33095026 -2.24156094
v 1.9685477 7.33499956 -2.23356366
v 1.9685477 7.09314823 -2.71106648
v 1.9685477 7.33499956 -2.23356366
v 1.96499979 7.21407509 -2.47231555
v 1.9685477 7.09314823 -2.71106648
v 1.96499979 7.21407509 -2.47231555
v 1.9493258 7.16027975 -2.57852674
v 1.9685477 7.09314823 -2.71106648
v 1.9493258 7.16027975 -2.57852674
v 1.90337157 7.11015034 -2.67749786
v 1.9685477 7.09314823 -2.71106648
v 1.9685477 7.09314823 -2.71106648
v 1.90337157 7.11015034 -2.67749786
v 1.8834852 7.04305935 -2.80996132
v 1.90337157 7.11015034 -2.67749786
v 1.8302691 7.06710243 -2.76248622
v 1.8834852 7.04305935 -2.80996132
v 1.8834852 7.04305935 -2.80996132
v 1.8302691 7.06710243 -2.76248622
v 1.77262938 7.00462437 -2.88584638
v 1.8302691 7.06710243 -2.76248622
v 1.73500013 7.03407288 -2.82770324
v 1.77262938 7.00462437 -2.88584638
v 1.77262938 7.00462437 -2.88584638
v 1.73500013 7.03407288 -2.82770324
v 1.64353514 6.98046398 -2.93354774
v 1.73500013 7.03407288 -2.82770324
v 1.6240567 7.01330805 -2.86869884
v 1.64353514 6.98046398 -2.93354774
v 1.64353514 6.98046398 -2.93354774
v 1.6240567 7.01330805 -2.86869884
v 1.505 6.9722209 -2.94981885
v 1.6240567 7.01330805 -2.86869884
v 1.505 7.00622654 -2.88268161
v 1.505 6.9722209 -2.94981885
v 1.505 7.00622654 -2.88268161
v 1.38594306 7.01330805 -2.86869884
v 1.505 6.9722209 -2.94981885
v 1.505 6.9722209 -2.94981885
v 1.38594306 7.01330805 -2.86869884
v 1.36646485 6.98046398 -2.93354774
v 1.38594306 7.01330805 -2.86869884
v 1.27499998 7.03407288 -2.82770324
v 1.36646485 6.98046398 -2.93354774
v 1.36646485 6.98046398 -2.93354774
v 1.27499998 7.03407288 -2.82770324
v 1.23737073 7.00462437 -2.88584638
v 1.27499998 7.03407288 -2.82770324
v 1.17973089 7.06710243 -2.76248622
v 1.23737073 7.00462437 -2.88584638
v 1.23737073 7.00462437 -2.88584638
v 1.17973089 7.06710243 -2.76248622
v 1.12651479 7.04305935 -2.80996132
v 1.17973089 7.06710243 -2.76248622
v 1.10662818 7.11015034 -2.67749786
v 1.12651479 7.04305935 -2.80996132
v 1.10662818 7.11015034 -2.67749786
v 1.06067395 7.16027975 -2.57852674
v 1.12651479 7.04305935 -2.80996132
v 1.12651479 7.04305935 -2.80996132
v 1.06067395 7.16027975 -2.57852674
v 1.06067395 7.16027975 -2.57852674
v 1.04499996 7.21407509 -2.47231555
v 1.04145229 7.09314823 -2.71106648
v 1.04499996 7.21407509 -2.47231555
v 1.04145229 7.33499956 -2.23356366
v 1.04145229 7.09314823 -2.71106648
v 1.04145229 7.33499956 -2.23356366
v 1.03773904 7.09719944 -2.7030704
v 1.04145229 7.33499956 -2.23356366
v 0.98797971 7.27667046 -2.34872842
v 1.03773904 7.09719944 -2.7030704
v 1.03773904 7.09719944 -2.7030704
v 0.98797971 7.27667046 -2.34872842
v 0.98797971 7.15147877 -2.59590268
v 0.969741285 7.21407509 -2.47231555
v 0.98797971 7.15147877 -2.59590268
v 0.98797971 7.27667046 -2.34872842
v 1.96499979 7.21407509 -2.47231555
v 1.9685477 7.33499956 -2.23356366
v 1.9493258 7.26786947 -2.36610508
v 1.9493258 7.26786947 -2.36610508
v 1.9685477 7.33499956 -2.23356366
v 1.90337157 7.3179965 -2.267133
v 1.9685477 7.33499956 -2.23356366
v 1.8834852 7.38509035 -2.13466954
v 1.90337157 7.3179965 -2.267133
v 1.90337157 7.3179965 -2.267133
v 1.8834852 7.38509035 -2.13466954
v 1.8302691 7.36104441 -2.18214345
v 1.8834852 7.38509035 -2.13466954
v 1.77262938 7.42352343 -2.05878544
v 1.8302691 7.36104441 -2.18214345
v 1.8302691 7.36104441 -2.18214345
v 1.77262938 7.42352343 -2.05878544
v 1.73500013 7.39407396 -2.11692882
v 1.77262938 7.42352343 -2.05878544
v 1.64353514 7.4476862 -2.01108265
v 1.73500013 7.39407396 -2.11692882
v 1.73500013 7.39407396 -2.11692882
v 1.64353514 7.4476862 -2.01108265
v 1.6240567 7.41483879 -2.07593346
v 1.6240567 7.41483879 -2.07593346
v 1.64353514 7.4476862 -2.01108265
v 1.505 7.4219203 -2.06195045
v 1.64353514 7.4476862 -2.01108265
v 1.505 7.45592642 -1.99481213
v 1.505 7.4219203 -2.06195045
v 1.505 7.4219203 -2.06195045
v 1.505 7.45592642 -1.99481213
v 1.38594306 7.41483879 -2.07593346
v 1.505 7.45592642 -1.99481213
v 1.36646485 7.4476862 -2.01108265
v 1.38594306 7.41483879 -2.07593346
v 1.38594306 7.41483879 -2.07593346
v 1.36646485 7.4476862 -2.01108265
v 1.27499998 7.39407396 -2.11692882
v 1.36646485 7.4476862 -2.01108265
v 1.23737073 7.42352343 -2.05878544
v 1.27499998 7.39407396 -2.11692882
v 1.27499998 7.39407396 -2.11692882
v 1.23737073 7.42352343 -2.05878544
v 1.17973089 7.36104441 -2.18214345
v 1.23737073 7.42352343 -2.05878544
v 1.12651479 7.38509035 -2.13466954
v 1.17973089 7.36104441 -2.18214345
v 1.17973089 7.36104441 -2.18214345
v 1.12651479 7.38509035 -2.13466954
v 1.10662818 7.3179965 -2.267133
v 1.10662818 7.3179965 -2.267133
v 1.12651479 7.38509035 -2.13466954
v 1.06067395 7.26786947 -2.36610508
v 1.12651479 7.38509035 -2.13466954
v 1.04145229 7.33499956 -2.23356366
v 1.06067395 7.26786947 -2.36610508
v 1.04499996 7.21407509 -2.47231555
v 1.06067395 7.26786947 -2.36610508
v 1.04145229 7.33499956 -2.23356366
v 1.64353514 6.98046398 -2.93354774
v 1.505 6.9722209 -2.94981885
v 1.64353514 6.80204344 -2.84317946
v 1.505 6.79380131 -2.85945058
v 1.64353514 6.80204344 -2.84317946
v 1.505 6.9722209 -2.94981885
v 1.36646485 6.98046398 -2.93354774
v 1.36646485 6.80204344 -2.84317946
v 1.505 6.9722209 -2.94981885
v 1.505 6.79380131 -2.85945058
v 1.505 6.9722209 -2.94981885
v 1.36646485 6.80204344 -2.84317946
v 1.23737073 7.00462437 -2.88584638
v 1.23737073 6.8262043 -2.79547811
v 1.36646485 6.98046398 -2.93354774
v 1.36646485 6.80204344 -2.84317946
v 1.36646485 6.98046398 -2.93354774
v 1.23737073 6.8262043 -2.79547811
v 1.12651479 7.04305935 -2.80996132
v 1.12651479 6.86463976 -2.71959329
v 1.23737073 7.00462437 -2.88584638
v 1.23737073 6.8262043 -2.79547811
v 1.23737073 7.00462437 -2.88584638
v 1.12651479 6.86463976 -2.71959329
v 1.12651479 7.04305935 -2.80996132
v 1.04145229 7.09314823 -2.71106648
v 1.12651479 6.86463976 -2.71959329
v 1.04145229 6.91472816 -2.62069845
v 1.12651479 6.86463976 -2.71959329
v 1.04145229 7.09314823 -2.71106648
v 1.04145229 7.09314823 -2.71106648
v 1.03773904 7.09719944 -2.7030704
v 1.04145229 6.91472816 -2.62069845
v 1.03773904 6.91877985 -2.61270237
v 1.04145229 6.91472816 -2.62069845
v 1.03773904 7.09719944 -2.7030704
v 1.03773904 7.09719944 -2.7030704
v 0.98797971 7.15147877 -2.59590268
v 1.03773904 6.91877985 -2.61270237
v 0.98797971 6.97305965 -2.50553393
v 1.03773904 6.91877985 -2.61270237
v 0.98797971 7.15147877 -2.59590268
v 0.98797971 7.15147877 -2.59590268
v 0.969741285 7.21407509 -2.47231555
v 0.98797971 6.97305965 -2.50553393
v 0.969741285 7.03565502 -2.38194728
v 0.98797971 6.97305965 -2.50553393
v 0.969741285 7.21407509 -2.47231555
v 0.969741285 7.21407509 -2.47231555
v 0.98797971 7.27667046 -2.34872842
v 0.969741285 7.03565502 -2.38194728
v 0.98797971 7.09825134 -2.25836015
v 0.969741285 7.03565502 -2.38194728
v 0.98797971 7.27667046 -2.34872842
v 0.98797971 7.27667046 -2.34872842
v 1.04145229 7.33499956 -2.23356366
v 0.98797971 7.09825134 -2.25836015
v 1.04145229 7.15657949 -2.14319539
v 0.98797971 7.09825134 -2.25836015
v 1.04145229 7.33499956 -2.23356366
v 1.04145229 7.33499956 -2.23356366
v 1.12651479 7.38509035 -2.13466954
v 1.04145229 7.15657949 -2.14319539
v 1.12651479 7.20667076 -2.04430127
v 1.04145229 7.15657949 -2.14319539
v 1.12651479 7.38509035 -2.13466954
v 1.23737073 7.42352343 -2.05878544
v 1.23737073 7.24510336 -1.96841729
v 1.12651479 7.38509035 -2.13466954
v 1.12651479 7.20667076 -2.04430127
v 1.12651479 7.38509035 -2.13466954
v 1.23737073 7.24510336 -1.96841729
v 1.36646485 7.4476862 -2.01108265
v 1.36646485 7.26926613 -1.92071414
v 1.23737073 7.42352343 -2.05878544
v 1.23737073 7.24510336 -1.96841729
v 1.23737073 7.42352343 -2.05878544
v 1.36646485 7.26926613 -1.92071414
v 1.505 7.45592642 -1.99481213
v 1.505 7.27750587 -1.90444386
v 1.36646485 7.4476862 -2.01108265
v 1.36646485 7.26926613 -1.92071414
v 1.36646485 7.4476862 -2.01108265
v 1.505 7.27750587 -1.90444386
v 1.505 7.45592642 -1.99481213
v 1.64353514 7.4476862 -2.01108265
v 1.505 7.27750587 -1.90444386
v 1.64353514 7.26926613 -1.92071414
v 1.505 7.27750587 -1.90444386
v 1.64353514 7.4476862 -2.01108265
v 1.64353514 7.4476862 -2.01108265
v 1.77262938 7.42352343 -2.05878544
v 1.64353514 7.26926613 -1.92071414
v 1.77262938 7.24510336 -1.96841729
v 1.64353514 7.26926613 -1.92071414
v 1.77262938 7.42352343 -2.05878544
v 1.77262938 7.42352343 -2.05878544
v 1.8834852 7.38509035 -2.13466954
v 1.77262938 7.24510336 -1.96841729
v 1.8834852 7.20667076 -2.04430127
v 1.77262938 7.24510336 -1.96841729
v 1.8834852 7.38509035 -2.13466954
v 1.9685477 7.33499956 -2.23356366
v 1.9685477 7.15657949 -2.14319539
v 1.8834852 7.38509035 -2.13466954
v 1.8834852 7.20667076 -2.04430127
v 1.8834852 7.38509035 -2.13466954
v 1.9685477 7.15657949 -2.14319539
v 1.97226095 7.33095026 -2.24156094
v 1.97226095 7.15253067 -2.15119243
v 1.9685477 7.33499956 -2.23356366
v 1.9685477 7.15657949 -2.14319539
v 1.9685477 7.33499956 -2.23356366
v 1.97226095 7.15253067 -2.15119243
v 2.02202034 7.27667046 -2.34872842
v 2.02202034 7.09825134 -2.25836015
v 1.97226095 7.33095026 -2.24156094
v 1.97226095 7.15253067 -2.15119243
v 1.97226095 7.33095026 -2.24156094
v 2.02202034 7.09825134 -2.25836015
v 2.04025888 7.21407509 -2.47231555
v 2.04025888 7.03565502 -2.38194728
v 2.02202034 7.27667046 -2.34872842
v 2.02202034 7.09825134 -2.25836015
v 2.02202034 7.27667046 -2.34872842
v 2.04025888 7.03565502 -2.38194728
v 2.02202034 7.15147877 -2.59590268
v 2.02202034 6.97305965 -2.50553393
v 2.04025888 7.21407509 -2.47231555
v 2.04025888 7.03565502 -2.38194728
v 2.04025888 7.21407509 -2.47231555
v 2.02202034 6.97305965 -2.50553393
v 1.9685477 7.09314823 -2.71106648
v 1.9685477 6.91472816 -2.62069845
v 2.02202034 7.15147877 -2.59590268
v 2.02202034 6.97305965 -2.50553393
v 2.02202034 7.15147877 -2.59590268
v 1.9685477 6.91472816 -2.62069845
v 1.8834852 7.04305935 -2.80996132
v 1.8834852 6.86463976 -2.71959329
v 1.9685477 7.09314823 -2.71106648
v 1.9685477 6.91472816 -2.62069845
v 1.9685477 7.09314823 -2.71106648
v 1.8834852 6.86463976 -2.71959329
v 1.8834852 7.04305935 -2.80996132
v 1.77262938 7.00462437 -2.88584638
v 1.77262938 6.8262043 -2.79547811
v 1.77262938 7.00462437 -2.88584638
v 1.77262938 7.00462437 -2.88584638
v 1.64353514 6.98046398 -2.93354774
v 1.77262938 6.8262043 -2.79547811
v 1.64353514 6.80204344 -2.84317946
v 1.77262938 6.8262043 -2.79547811
v 1.64353514 6.98046398 -2.93354774
v 1.6240567 7.08467674 -2.90484548
v 1.505 7.07759571 -2.91882825
v 1.64353514 6.98046398 -2.93354774
v 1.505 6.9722209 -2.94981885
v 1.64353514 6.98046398 -2.93354774
v 1.505 7.07759571 -2.91882825
v 1.38594306 7.08467674 -2.90484548
v 1.36646485 6.98046398 -2.93354774
v 1.505 7.07759571 -2.91882825
v 1.505 6.9722209 -2.94981885
v 1.505 7.07759571 -2.91882825
v 1.36646485 6.98046398 -2.93354774
v 1.27499998 7.10544157 -2.86384988
v 1.23737073 7.00462437 -2.88584638
v 1.38594306 7.08467674 -2.90484548
v 1.36646485 6.98046398 -2.93354774
v 1.38594306 7.08467674 -2.90484548
v 1.23737073 7.00462437 -2.88584638
v 1.17973089 7.13847208 -2.79863548
v 1.12651479 7.04305935 -2.80996132
v 1.27499998 7.10544157 -2.86384988
v 1.23737073 7.00462437 -2.88584638
v 1.27499998 7.10544157 -2.86384988
v 1.12651479 7.04305935 -2.80996132
v 1.10662818 7.1815176 -2.7136445
v 1.04145229 7.09314823 -2.71106648
v 1.17973089 7.13847208 -2.79863548
v 1.12651479 7.04305935 -2.80996132
v 1.17973089 7.13847208 -2.79863548
v 1.04145229 7.09314823 -2.71106648
v 1.04145229 7.09314823 -2.71106648
v 1.10662818 7.1815176 -2.7136445
v 1.03773904 7.09719944 -2.7030704
v 1.10662818 7.1815176 -2.7136445
v 1.03773904 7.09719944 -2.7030704
v 0.98797971 7.15147877 -2.59590268
v 1.03773904 7.09719944 -2.7030704
v 1.06067395 7.23164701 -2.61467361
v 1.06067395 7.23164701 -2.61467361
v 1.04499996 7.2854414 -2.50846267
v 0.98797971 7.15147877 -2.59590268
v 0.969741285 7.21407509 -2.47231555
v 0.98797971 7.15147877 -2.59590268
v 1.04499996 7.2854414 -2.50846267
v 1.04499996 7.2854414 -2.50846267
v 1.06067395 7.33923578 -2.40225267
v 0.969741285 7.21407509 -2.47231555
v 0.98797971 7.27667046 -2.34872842
v 0.969741285 7.21407509 -2.47231555
v 1.06067395 7.33923578 -2.40225267
v 1.10662818 7.3893652 -2.30328035
v 1.04145229 7.33499956 -2.23356366
v 1.06067395 7.33923578 -2.40225267
v 0.98797971 7.27667046 -2.34872842
v 1.06067395 7.33923578 -2.40225267
v 1.04145229 7.33499956 -2.23356366
v 1.17973089 7.4324131 -2.21829104
v 1.12651479 7.38509035 -2.13466954
v 1.10662818 7.3893652 -2.30328035
v 1.04145229 7.33499956 -2.23356366
v 1.10662818 7.3893652 -2.30328035
v 1.12651479 7.38509035 -2.13466954
v 1.27499998 7.46544361 -2.15307617
v 1.23737073 7.42352343 -2.05878544
v 1.17973089 7.4324131 -2.21829104
v 1.12651479 7.38509035 -2.13466954
v 1.17973089 7.4324131 -2.21829104
v 1.23737073 7.42352343 -2.05878544
v 1.38594306 7.48620796 -2.11208057
v 1.36646485 7.4476862 -2.01108265
v 1.27499998 7.46544361 -2.15307617
v 1.23737073 7.42352343 -2.05878544
v 1.27499998 7.46544361 -2.15307617
v 1.36646485 7.4476862 -2.01108265
v 1.505 7.49328995 -2.0980978
v 1.505 7.45592642 -1.99481213
v 1.38594306 7.48620796 -2.11208057
v 1.36646485 7.4476862 -2.01108265
v 1.38594306 7.48620796 -2.11208057
v 1.505 7.45592642 -1.99481213
v 1.6240567 7.48620796 -2.11208057
v 1.64353514 7.4476862 -2.01108265
v 1.505 7.49328995 -2.0980978
v 1.505 7.45592642 -1.99481213
v 1.505 7.49328995 -2.0980978
v 1.64353514 7.4476862 -2.01108265
v 1.77262938 7.42352343 -2.05878544
v 1.64353514 7.4476862 -2.01108265
v 1.73500013 7.46544361 -2.15307617
v 1.6240567 7.48620796 -2.11208057
v 1.73500013 7.46544361 -2.15307617
v 1.64353514 7.4476862 -2.01108265
v 1.8834852 7.38509035 -2.13466954
v 1.77262938 7.42352343 -2.05878544
v 1.8302691 7.4324131 -2.21829104
v 1.73500013 7.46544361 -2.15307617
v 1.8302691 7.4324131 -2.21829104
v 1.77262938 7.42352343 -2.05878544
v 1.9685477 7.33499956 -2.23356366
v 1.8834852 7.38509035 -2.13466954
v 1.90337157 7.3893652 -2.30328035
v 1.8302691 7.4324131 -2.21829104
v 1.90337157 7.3893652 -2.30328035
v 1.8834852 7.38509035 -2.13466954
v 1.97226095 7.33095026 -2.24156094
v 1.9685477 7.33499956 -2.23356366
v 2.02202034 7.27667046 -2.34872842
v 2.02202034 7.27667046 -2.34872842
v 1.9493258 7.33923578 -2.40225267
v 1.90337157 7.3893652 -2.30328035
v 1.9493258 7.33923578 -2.40225267
v 1.9685477 7.33499956 -2.23356366
v 1.96499979 7.2854414 -2.50846267
v 2.04025888 7.21407509 -2.47231555
v 1.9493258 7.33923578 -2.40225267
v 2.02202034 7.27667046 -2.34872842
v 1.9493258 7.33923578 -2.40225267
v 2.04025888 7.21407509 -2.47231555
v 1.9493258 7.23164701 -2.61467361
v 2.02202034 7.15147877 -2.59590268
v 1.96499979 7.2854414 -2.50846267
v 2.04025888 7.21407509 -2.47231555
v 1.96499979 7.2854414 -2.50846267
v 2.02202034 7.15147877 -2.59590268
v 1.90337157 7.1815176 -2.7136445
v 1.9685477 7.09314823 -2.71106648
v 1.9493258 7.23164701 -2.61467361
v 2.02202034 7.15147877 -2.59590268
v 1.9493258 7.23164701 -2.61467361
v 1.9685477 7.09314823 -2.71106648
v 1.90337157 7.1815176 -2.7136445
v 1.8302691 7.13847208 -2.79863548
v 1.9685477 7.09314823 -2.71106648
v 1.8834852 7.04305935 -2.80996132
v 1.9685477 7.09314823 -2.71106648
v 1.8302691 7.13847208 -2.79863548
v 1.8302691 7.13847208 -2.79863548
v 1.73500013 7.10544157 -2.86384988
v 1.8834852 7.04305935 -2.80996132
v 1.77262938 7.00462437 -2.88584638
v 1.8834852 7.04305935 -2.80996132
v 1.73500013 7.10544157 -2.86384988
v 1.73500013 7.10544157 -2.86384988
v 1.6240567 7.08467674 -2.90484548
v 1.77262938 7.00462437 -2.88584638
v 1.64353514 6.98046398 -2.93354774
v 1.77262938 7.00462437 -2.88584638
v 1.6240567 7.08467674 -2.90484548
v 1.96499979 7.2854414 -2.50846267
v 1.9493258 7.33923578 -2.40225267
v 1.9493258 7.23164701 -2.61467361
v 1.9493258 7.23164701 -2.61467361
v 1.9493258 7.33923578 -2.40225267
v 1.90337157 7.1815176 -2.7136445
v 1.9493258 7.33923578 -2.40225267
v 1.90337157 7.3893652 -2.30328035
v 1.90337157 7.1815176 -2.7136445
v 1.90337157 7.1815176 -2.7136445
v 1.90337157 7.3893652 -2.30328035
v 1.8302691 7.13847208 -2.79863548
v 1.90337157 7.3893652 -2.30328035
v 1.8302691 7.4324131 -2.21829104
v 1.8302691 7.13847208 -2.79863548
v 1.8302691 7.13847208 -2.79863548
v 1.8302691 7.4324131 -2.21829104
v 1.73500013 7.10544157 -2.86384988
v 1.8302691 7.4324131 -2.21829104
v 1.73500013 7.46544361 -2.15307617
v 1.73500013 7.10544157 -2.86384988
v 1.73500013 7.10544157 -2.86384988
v 1.73500013 7.46544361 -2.15307617
v 1.6240567 7.08467674 -2.90484548
v 1.73500013 7.46544361 -2.15307617
v 1.6240567 7.48620796 -2.11208057
v 1.6240567 7.08467674 -2.90484548
v 1.6240567 7.08467674 -2.90484548
v 1.6240567 7.48620796 -2.11208057
v 1.6240567 7.48620796 -2.11208057
v 1.505 7.49328995 -2.0980978
v 1.505 7.07759571 -2.91882825
v 1.505 7.49328995 -2.0980978
v 1.38594306 7.48620796 -2.11208057
v 1.505 7.07759571 -2.91882825
v 1.38594306 7.48620796 -2.11208057
v 1.38594306 7.08467674 -2.90484548
v 1.38594306 7.48620796 -2.11208057
v 1.27499998 7.46544361 -2.15307617
v 1.38594306 7.08467674 -2.90484548
v 1.38594306 7.08467674 -2.90484548
v 1.27499998 7.46544361 -2.15307617
v 1.27499998 7.10544157 -2.86384988
v 1.27499998 7.46544361 -2.15307617
v 1.17973089 7.4324131 -2.21829104
v 1.27499998 7.10544157 -2.86384988
v 1.27499998 7.10544157 -2.86384988
v 1.17973089 7.4324131 -2.21829104
v 1.17973089 7.13847208 -2.79863548
v 1.17973089 7.4324131 -2.21829104
v 1.10662818 7.3893652 -2.30328035
v 1.17973089 7.13847208 -2.79863548
v 1.17973089 7.13847208 -2.79863548
v 1.10662818 7.3893652 -2.30328035
v 1.10662818 7.1815176 -2.7136445
v 1.10662818 7.1815176 -2.7136445
v 1.10662818 7.3893652 -2.30328035
v 1.06067395 7.23164701 -2.61467361
v 1.10662818 7.3893652 -2.30328035
v 1.06067395 7.33923578 -2.40225267
v 1.06067395 7.23164701 -2.61467361
v 1.04499996 7.2854414 -2.50846267
v 1.06067395 7.23164701 -2.61467361
v 1.06067395 7.33923578 -2.40225267
v 1.505 7.49328995 -2.0980978
v 1.505 7.4219203 -2.06195045
v 1.38594306 7.48620796 -2.11208057
v 1.38594306 7.41483879 -2.07593346
v 1.38594306 7.48620796 -2.11208057
v 1.505 7.4219203 -2.06195045
v 1.505 7.49328995 -2.0980978
v 1.6240567 7.48620796 -2.11208057
v 1.505 7.4219203 -2.06195045
v 1.6240567 7.41483879 -2.07593346
v 1.505 7.4219203 -2.06195045
v 1.6240567 7.48620796 -2.11208057
v 1.6240567 7.48620796 -2.11208057
v 1.73500013 7.46544361 -2.15307617
v 1.6240567 7.41483879 -2.07593346
v 1.73500013 7.39407396 -2.11692882
v 1.6240567 7.41483879 -2.07593346
v 1.73500013 7.46544361 -2.15307617
v 1.73500013 7.46544361 -2.15307617
v 1.8302691 7.4324131 -2.21829104
v 1.73500013 7.39407396 -2.11692882
v 1.8302691 7.36104441 -2.18214345
v 1.73500013 7.39407396 -2.11692882
v 1.8302691 7.4324131 -2.21829104
v 1.90337157 7.3893652 -2.30328035
v 1.90337157 7.3179965 -2.267133
v 1.8302691 7.4324131 -2.21829104
v 1.8302691 7.36104441 -2.18214345
v 1.8302691 7.4324131 -2.21829104
v 1.90337157 7.3179965 -2.267133
v 1.9493258 7.33923578 -2.40225267
v 1.9493258 7.26786947 -2.36610508
v 1.90337157 7.3893652 -2.30328035
v 1.90337157 7.3179965 -2.267133
v 1.90337157 7.3893652 -2.30328035
v 1.9493258 7.26786947 -2.36610508
v 1.96499979 7.2854414 -2.50846267
v 1.96499979 7.21407509 -2.47231555
v 1.9493258 7.33923578 -2.40225267
v 1.9493258 7.26786947 -2.36610508
v 1.9493258 7.33923578 -2.40225267
v 1.96499979 7.21407509 -2.47231555
v 1.9493258 7.23164701 -2.61467361
v 1.9493258 7.16027975 -2.57852674
v 1.96499979 7.2854414 -2.50846267
v 1.96499979 7.21407509 -2.47231555
v 1.96499979 7.2854414 -2.50846267
v 1.9493258 7.16027975 -2.57852674
v 1.90337157 7.1815176 -2.7136445
v 1.90337157 7.11015034 -2.67749786
v 1.9493258 7.23164701 -2.61467361
v 1.9493258 7.16027975 -2.57852674
v 1.9493258 7.23164701 -2.61467361
v 1.90337157 7.11015034 -2.67749786
v 1.8302691 7.13847208 -2.79863548
v 1.8302691 7.06710243 -2.76248622
v 1.90337157 7.1815176 -2.7136445
v 1.90337157 7.11015034 -2.67749786
v 1.90337157 7.1815176 -2.7136445
v 1.8302691 7.06710243 -2.76248622
v 1.8302691 7.13847208 -2.79863548
v 1.73500013 7.10544157 -2.86384988
v 1.8302691 7.06710243 -2.76248622
v 1.73500013 7.03407288 -2.82770324
v 1.8302691 7.06710243 -2.76248622
v 1.73500013 7.10544157 -2.86384988
v 1.73500013 7.10544157 -2.86384988
v 1.6240567 7.08467674 -2.90484548
v 1.73500013 7.03407288 -2.82770324
v 1.6240567 7.01330805 -2.86869884
v 1.73500013 7.03407288 -2.82770324
v 1.6240567 7.08467674 -2.90484548
v 1.6240567 7.08467674 -2.90484548
v 1.505 7.07759571 -2.91882825
v 1.6240567 7.01330805 -2.86869884
v 1.505 7.00622654 -2.88268161
v 1.6240567 7.01330805 -2.86869884
v 1.505 7.07759571 -2.91882825
v 1.38594306 7.08467674 -2.90484548
v 1.38594306 7.01330805 -2.86869884
v 1.505 7.07759571 -2.91882825
v 1.505 7.00622654 -2.88268161
v 1.505 7.07759571 -2.91882825
v 1.38594306 7.01330805 -2.86869884
v 1.27499998 7.10544157 -2.86384988
v 1.27499998 7.03407288 -2.82770324
v 1.38594306 7.08467674 -2.90484548
v 1.38594306 7.01330805 -2.86869884
v 1.38594306 7.08467674 -2.90484548
v 1.27499998 7.03407288 -2.82770324
v 1.17973089 7.13847208 -2.79863548
v 1.17973089 7.06710243 -2.76248622
v 1.27499998 7.10544157 -2.86384988
v 1.27499998 7.03407288 -2.82770324
v 1.27499998 7.10544157 -2.86384988
v 1.17973089 7.06710243 -2.76248622
v 1.17973089 7.13847208 -2.79863548
v 1.10662818 7.1815176 -2.7136445
v 1.17973089 7.06710243 -2.76248622
v 1.10662818 7.11015034 -2.67749786
v 1.17973089 7.06710243 -2.76248622
v 1.10662818 7.1815176 -2.7136445
v 1.10662818 7.1815176 -2.7136445
v 1.06067395 7.23164701 -2.61467361
v 1.10662818 7.11015034 -2.67749786
v 1.06067395 7.16027975 -2.57852674
v 1.10662818 7.11015034 -2.67749786
v 1.06067395 7.23164701 -2.61467361
v 1.06067395 7.23164701 -2.61467361
v 1.04499996 7.2854414 -2.50846267
v 1.06067395 7.16027975 -2.57852674
v 1.04499996 7.21407509 -2.47231555
v 1.06067395 7.16027975 -2.57852674
v 1.04499996 7.2854414 -2.50846267
v 1.04499996 7.2854414 -2.50846267
v 1.06067395 7.33923578 -2.40225267
v 1.04499996 7.21407509 -2.47231555
v 1.06067395 7.26786947 -2.36610508
v 1.04499996 7.21407509 -2.47231555
v 1.06067395 7.33923578 -2.40225267
v 1.06067395 7.33923578 -2.40225267
v 1.10662818 7.3893652 -2.30328035
v 1.06067395 7.26786947 -2.36610508
v 1.10662818 7.3179965 -2.267133
v 1.06067395 7.26786947 -2.36610508
v 1.10662818 7.3893652 -2.30328035
v 1.10662818 7.3893652 -2.30328035
v 1.17973089 7.4324131 -2.21829104
v 1.10662818 7.3179965 -2.267133
v 1.17973089 7.36104441 -2.18214345
v 1.10662818 7.3179965 -2.267133
v 1.17973089 7.4324131 -2.21829104
v 1.27499998 7.46544361 -2.15307617
v 1.27499998 7.39407396 -2.11692882
v 1.17973089 7.4324131 -2.21829104
v 1.17973089 7.36104441 -2.18214345
v 1.17973089 7.4324131 -2.21829104
v 1.27499998 7.39407396 -2.11692882
v 1.38594306 7.48620796 -2.11208057
v 1.38594306 7.41483879 -2.07593346
v 1.27499998 7.46544361 -2.15307617
v 1.27499998 7.39407396 -2.11692882
v 1.27499998 7.46544361 -2.15307617
v 1.38594306 7.41483879 -2.07593346
v 0.892780304 0.082023561 -3.07999897
v 2.24849319 0 -3.07999897
v 0.821352482 0 -3.07999897
v 2.24849319 0 -3.07999897
v 0.892780304 0.082023561 -3.07999897
v 2.21712756 0.0299319178 -3.07999897
v 2.21712756 0.0299319178 -3.07999897
v 0.892780304 0.082023561 -3.07999897
v 2.17648292 0.0404393934 -3.07999897
v 2.17648292 0.0404393934 -3.07999897
v 0.892780304 0.082023561 -3.07999897
v 2.11230683 0.0912331864 -3.07999897
v 2.11230683 0.0912331864 -3.07999897
v 0.892780304 0.082023561 -3.07999897
v 0.91868192 0.114432909 -3.07999897
v 2.11230683 0.0912331864 -3.07999897
v 0.91868192 0.114432909 -3.07999897
v 2.09886694 0.128072664 -3.07999897
v 2.09886694 0.128072664 -3.07999897
v 0.91868192 0.114432909 -3.07999897
v 0.938037694 0.169864699 -3.07999897
v 2.09886694 0.128072664 -3.07999897
v 0.938037694 0.169864699 -3.07999897
v 2.18026781 0.197374865 -3.07999897
v 2.18026781 0.197374865 -3.07999897
v 0.938037694 0.169864699 -3.07999897
v 1.68261707 0.22199057 -3.07999897
v 1.68261707 0.22199057 -3.07999897
v 0.938037694 0.169864699 -3.07999897
v 1.62596154 0.229135796 -3.07999897
v 1.62596154 0.229135796 -3.07999897
v 0.938037694 0.169864699 -3.07999897
v 0.859459043 0.347370386 -3.07999897
v 1.62596154 0.229135796 -3.07999897
v 0.859459043 0.347370386 -3.07999897
v 1.56940508 0.25282079 -3.07999897
v 1.56940508 0.25282079 -3.07999897
v 0.859459043 0.347370386 -3.07999897
v 1.51294482 0.266542256 -3.07999897
v 1.51294482 0.266542256 -3.07999897
v 0.859459043 0.347370386 -3.07999897
v 1.47645581 0.289996117 -3.07999897
v 1.47645581 0.289996117 -3.07999897
v 0.859459043 0.347370386 -3.07999897
v 1.31441009 0.347385883 -3.07999897
v 1.47645581 0.289996117 -3.07999897
v 1.31441009 0.347385883 -3.07999897
v 1.41017675 0.366530389 -3.07999897
v 1.41017675 0.366530389 -3.07999897
v 1.31441009 0.347385883 -3.07999897
v 1.35398328 0.370217174 -3.07999897
v 1.41017675 0.366530389 -3.07999897
v 1.35398328 0.370217174 -3.07999897
v 1.38370919 0.379927874 -3.07999897
v 1.68261707 0.22199057 -3.07999897
v 2.20410252 0.233933896 -3.07999897
v 2.18026781 0.197374865 -3.07999897
v 2.20410252 0.233933896 -3.07999897
v 1.68261707 0.22199057 -3.07999897
v 1.72602272 0.238185704 -3.07999897
v 1.72602272 0.238185704 -3.07999897
v 1.68261707 0.22199057 -3.07999897
v 1.69263315 0.238482654 -3.07999897
v 0.859459043 0.347370386 -3.07999897
v 1.1696192 0.368175775 -3.07999897
v 1.31441009 0.347385883 -3.07999897
v 1.1696192 0.368175775 -3.07999897
v 0.859459043 0.347370386 -3.07999897
v 0.767992914 0.524748504 -3.07999897
v 1.31441009 0.347385883 -3.07999897
v 1.1696192 0.368175775 -3.07999897
v 1.1827513 0.368085861 -3.07999897
v 1.1696192 0.368175775 -3.07999897
v 0.767992914 0.524748504 -3.07999897
v 1.15975487 0.378119111 -3.07999897
v 1.15975487 0.378119111 -3.07999897
v 0.767992914 0.524748504 -3.07999897
v 1.12689054 0.411246836 -3.07999897
v 1.12689054 0.411246836 -3.07999897
v 0.767992914 0.524748504 -3.07999897
v 1.03836691 0.467674702 -3.07999897
v 1.03836691 0.467674702 -3.07999897
v 0.767992914 0.524748504 -3.07999897
v 0.966402411 0.510753334 -3.07999897
v 0.966402411 0.510753334 -3.07999897
v 0.767992914 0.524748504 -3.07999897
v 0.891295671 0.563606977 -3.07999897
v 0.891295671 0.563606977 -3.07999897
v 0.767992914 0.524748504 -3.07999897
v 0.699307978 0.701836824 -3.07999897
v 0.891295671 0.563606977 -3.07999897
v 0.699307978 0.701836824 -3.07999897
v 0.79012543 0.685306251 -3.07999897
v 0.79012543 0.685306251 -3.07999897
v 0.699307978 0.701836824 -3.07999897
v 0.712130427 0.734595954 -3.07999897
v 0.712130427 0.734595954 -3.07999897
v 0.699307978 0.701836824 -3.07999897
v 0.6345222 0.731386423 -3.07999897
v 0.712130427 0.734595954 -3.07999897
v 0.6345222 0.731386423 -3.07999897
v 0.618208587 0.770682991 -3.07999897
v 0.712130427 0.734595954 -3.07999897
v 0.618208587 0.770682991 -3.07999897
v 0.682868063 0.767390668 -3.07999897
v 0.682868063 0.767390668 -3.07999897
v 0.618208587 0.770682991 -3.07999897
v 0.656966448 0.773950398 -3.07999897
v 1.1827513 0.368085861 -3.07999897
v 1.26493704 0.380714744 -3.07999897
v 1.31441009 0.347385883 -3.07999897
v 1.26493704 0.380714744 -3.07999897
v 1.1827513 0.368085861 -3.07999897
v 1.18601155 0.381237477 -3.07999897
v 1.26493704 0.380714744 -3.07999897
v 1.18601155 0.381237477 -3.07999897
v 1.24184465 0.413839132 -3.07999897
v 1.24184465 0.413839132 -3.07999897
v 1.18601155 0.381237477 -3.07999897
v 1.1892724 0.394391894 -3.07999897
v 1.24184465 0.413839132 -3.07999897
v 1.1892724 0.394391894 -3.07999897
v 1.17937124 0.42080763 -3.07999897
v 1.24184465 0.413839132 -3.07999897
v 1.17937124 0.42080763 -3.07999897
v 1.21210825 0.493151665 -3.07999897
v 1.21210825 0.493151665 -3.07999897
v 1.17937124 0.42080763 -3.07999897
v 1.14977014 0.45062393 -3.07999897
v 1.21210825 0.493151665 -3.07999897
v 1.14977014 0.45062393 -3.07999897
v 1.14968634 0.493450105 -3.07999897
v 1.21210825 0.493151665 -3.07999897
v 1.14968634 0.493450105 -3.07999897
v 1.19888711 0.532792687 -3.07999897
v 1.19888711 0.532792687 -3.07999897
v 1.14968634 0.493450105 -3.07999897
v 1.17257702 0.542793632 -3.07999897
v 1.19888711 0.532792687 -3.07999897
v 1.17257702 0.542793632 -3.07999897
v 1.20210683 0.572372973 -3.07999897
v 1.20210683 0.572372973 -3.07999897
v 1.17257702 0.542793632 -3.07999897
v 1.1790756 0.582350135 -3.07999897
v 1.20210683 0.572372973 -3.07999897
v 1.1790756 0.582350135 -3.07999897
v 1.18233848 0.595537066 -3.07999897
v 1.86671031 0.283513784 -3.07999897
v 2.13645864 0.294688761 -3.07999897
v 2.17373157 0.294393599 -3.07999897
v 2.13645864 0.294688761 -3.07999897
v 1.86671031 0.283513784 -3.07999897
v 1.90369213 0.309853822 -3.07999897
v 2.13645864 0.294688761 -3.07999897
v 1.90369213 0.309853822 -3.07999897
v 2.12633181 0.308138579 -3.07999897
v 2.12633181 0.308138579 -3.07999897
v 1.90369213 0.309853822 -3.07999897
v 2.17406702 0.428258508 -3.07999897
v 2.17406702 0.428258508 -3.07999897
v 1.90369213 0.309853822 -3.07999897
v 1.92729604 0.356326699 -3.07999897
v 2.17406702 0.428258508 -3.07999897
v 1.92729604 0.356326699 -3.07999897
v 2.01164794 0.425853848 -3.07999897
v 2.17406702 0.428258508 -3.07999897
v 2.01164794 0.425853848 -3.07999897
v 2.04885054 0.455717385 -3.07999897
v 2.17406702 0.428258508 -3.07999897
v 2.04885054 0.455717385 -3.07999897
v 2.17772961 0.535449266 -3.07999897
v 2.17772961 0.535449266 -3.07999897
v 2.04885054 0.455717385 -3.07999897
v 2.06920767 0.492395759 -3.07999897
v 2.17772961 0.535449266 -3.07999897
v 2.06920767 0.492395759 -3.07999897
v 2.12016082 0.572523594 -3.07999897
v 2.17772961 0.535449266 -3.07999897
v 2.12016082 0.572523594 -3.07999897
v 2.1948545 0.592392743 -3.07999897
v 2.1948545 0.592392743 -3.07999897
v 2.12016082 0.572523594 -3.07999897
v 2.20543718 0.740077019 -3.07999897
v 2.1948545 0.592392743 -3.07999897
v 2.20543718 0.740077019 -3.07999897
v 2.22218037 0.642658353 -3.07999897
v 2.22218037 0.642658353 -3.07999897
v 2.20543718 0.740077019 -3.07999897
v 2.22233534 0.699748635 -3.07999897
v 1.72602272 0.238185704 -3.07999897
v 2.24153185 0.263724893 -3.07999897
v 2.20410252 0.233933896 -3.07999897
v 2.24153185 0.263724893 -3.07999897
v 1.72602272 0.238185704 -3.07999897
v 1.77283418 0.244412258 -3.07999897
v 2.24153185 0.263724893 -3.07999897
v 1.77283418 0.244412258 -3.07999897
v 1.86671031 0.283513784 -3.07999897
v 2.24153185 0.263724893 -3.07999897
v 1.86671031 0.283513784 -3.07999897
v 2.30285001 0.296722531 -3.07999897
v 2.30285001 0.296722531 -3.07999897
v 1.86671031 0.283513784 -3.07999897
v 2.17373157 0.294393599 -3.07999897
v 2.30285001 0.296722531 -3.07999897
v 2.17373157 0.294393599 -3.07999897
v 2.21451664 0.32084924 -3.07999897
v 2.30285001 0.296722531 -3.07999897
v 2.21451664 0.32084924 -3.07999897
v 2.33361506 0.330020159 -3.07999897
v 2.33361506 0.330020159 -3.07999897
v 2.21451664 0.32084924 -3.07999897
v 2.3098886 0.370438933 -3.07999897
v 2.33361506 0.330020159 -3.07999897
v 2.3098886 0.370438933 -3.07999897
v 2.35416174 0.35671708 -3.07999897
v 2.35416174 0.35671708 -3.07999897
v 2.3098886 0.370438933 -3.07999897
v 2.35083842 0.383592337 -3.07999897
v 2.35083842 0.383592337 -3.07999897
v 2.3098886 0.370438933 -3.07999897
v 2.35416174 0.35671708 -3.07999897
v 2.35416174 0.35671708 -3.07999897
v 2.3098886 0.370438933 -3.07999897
v 2.33361506 0.330020159 -3.07999897
v 2.3098886 0.370438933 -3.07999897
v 2.21451664 0.32084924 -3.07999897
v 2.33361506 0.330020159 -3.07999897
v 2.33361506 0.330020159 -3.07999897
v 2.21451664 0.32084924 -3.07999897
v 2.30285001 0.296722531 -3.07999897
v 2.21451664 0.32084924 -3.07999897
v 2.17373157 0.294393599 -3.07999897
v 2.30285001 0.296722531 -3.07999897
v 2.17373157 0.294393599 -3.07999897
v 1.86671031 0.283513784 -3.07999897
v 2.30285001 0.296722531 -3.07999897
v 2.30285001 0.296722531 -3.07999897
v 1.86671031 0.283513784 -3.07999897
v 2.24153185 0.263724893 -3.07999897
v 1.86671031 0.283513784 -3.07999897
v 1.77283418 0.244412258 -3.07999897
v 2.24153185 0.263724893 -3.07999897
v 1.77283418 0.244412258 -3.07999897
v 1.72602272 0.238185704 -3.07999897
v 2.24153185 0.263724893 -3.07999897
v 2.20410252 0.233933896 -3.07999897
v 2.24153185 0.263724893 -3.07999897
v 1.72602272 0.238185704 -3.07999897
v 2.22233534 0.699748635 -3.07999897
v 2.20543718 0.740077019 -3.07999897
v 2.22218037 0.642658353 -3.07999897
v 2.22218037 0.642658353 -3.07999897
v 2.20543718 0.740077019 -3.07999897
v 2.1948545 0.592392743 -3.07999897
v 2.20543718 0.740077019 -3.07999897
v 2.12016082 0.572523594 -3.07999897
v 2.1948545 0.592392743 -3.07999897
v 2.1948545 0.592392743 -3.07999897
v 2.12016082 0.572523594 -3.07999897
v 2.17772961 0.535449266 -3.07999897
v 2.12016082 0.572523594 -3.07999897
v 2.06920767 0.492395759 -3.07999897
v 2.17772961 0.535449266 -3.07999897
v 2.06920767 0.492395759 -3.07999897
v 2.04885054 0.455717385 -3.07999897
v 2.17772961 0.535449266 -3.07999897
v 2.17772961 0.535449266 -3.07999897
v 2.04885054 0.455717385 -3.07999897
v 2.17406702 0.428258508 -3.07999897
v 2.04885054 0.455717385 -3.07999897
v 2.01164794 0.425853848 -3.07999897
v 2.17406702 0.428258508 -3.07999897
v 2.01164794 0.425853848 -3.07999897
v 1.92729604 0.356326699 -3.07999897
v 2.17406702 0.428258508 -3.07999897
v 1.92729604 0.356326699 -3.07999897
v 1.90369213 0.309853822 -3.07999897
v 2.17406702 0.428258508 -3.07999897
v 2.17406702 0.428258508 -3.07999897
v 1.90369213 0.309853822 -3.07999897
v 2.12633181 0.308138579 -3.07999897
v 2.12633181 0.308138579 -3.07999897
v 1.90369213 0.309853822 -3.07999897
v 2.13645864 0.294688761 -3.07999897
v 1.90369213 0.309853822 -3.07999897
v 1.86671031 0.283513784 -3.07999897
v 2.13645864 0.294688761 -3.07999897
v 2.17373157 0.294393599 -3.07999897
v 2.13645864 0.294688761 -3.07999897
v 1.86671031 0.283513784 -3.07999897
v 1.18233848 0.595537066 -3.07999897
v 1.1790756 0.582350135 -3.07999897
v 1.20210683 0.572372973 -3.07999897
v 1.1790756 0.582350135 -3.07999897
v 1.17257702 0.542793632 -3.07999897
v 1.20210683 0.572372973 -3.07999897
v 1.20210683 0.572372973 -3.07999897
v 1.17257702 0.542793632 -3.07999897
v 1.19888711 0.532792687 -3.07999897
v 1.14968634 0.493450105 -3.07999897
v 1.19888711 0.532792687 -3.07999897
v 1.19888711 0.532792687 -3.07999897
v 1.14968634 0.493450105 -3.07999897
v 1.21210825 0.493151665 -3.07999897
v 1.14968634 0.493450105 -3.07999897
v 1.14977014 0.45062393 -3.07999897
v 1.21210825 0.493151665 -3.07999897
v 1.14977014 0.45062393 -3.07999897
v 1.17937124 0.42080763 -3.07999897
v 1.21210825 0.493151665 -3.07999897
v 1.21210825 0.493151665 -3.07999897
v 1.17937124 0.42080763 -3.07999897
v 1.24184465 0.413839132 -3.07999897
v 1.17937124 0.42080763 -3.07999897
v 1.1892724 0.394391894 -3.07999897
v 1.24184465 0.413839132 -3.07999897
v 1.1892724 0.394391894 -3.07999897
v 1.18601155 0.381237477 -3.07999897
v 1.24184465 0.413839132 -3.07999897
v 1.24184465 0.413839132 -3.07999897
v 1.18601155 0.381237477 -3.07999897
v 1.26493704 0.380714744 -3.07999897
v 1.18601155 0.381237477 -3.07999897
v 1.1827513 0.368085861 -3.07999897
v 1.26493704 0.380714744 -3.07999897
v 1.31441009 0.347385883 -3.07999897
v 1.1827513 0.368085861 -3.07999897
v 0.656966448 0.773950398 -3.07999897
v 0.618208587 0.770682991 -3.07999897
v 0.682868063 0.767390668 -3.07999897
v 0.682868063 0.767390668 -3.07999897
v 0.618208587 0.770682991 -3.07999897
v 0.712130427 0.734595954 -3.07999897
v 0.618208587 0.770682991 -3.07999897
v 0.6345222 0.731386423 -3.07999897
v 0.712130427 0.734595954 -3.07999897
v 0.6345222 0.731386423 -3.07999897
v 0.699307978 0.701836824 -3.07999897
v 0.712130427 0.734595954 -3.07999897
v 0.712130427 0.734595954 -3.07999897
v 0.699307978 0.701836824 -3.07999897
v 0.79012543 0.685306251 -3.07999897
v 0.79012543 0.685306251 -3.07999897
v 0.699307978 0.701836824 -3.07999897
v 0.891295671 0.563606977 -3.07999897
v 0.699307978 0.701836824 -3.07999897
v 0.767992914 0.524748504 -3.07999897
v 0.891295671 0.563606977 -3.07999897
v 0.891295671 0.563606977 -3.07999897
v 0.767992914 0.524748504 -3.07999897
v 0.966402411 0.510753334 -3.07999897
v 0.966402411 0.510753334 -3.07999897
v 0.767992914 0.524748504 -3.07999897
v 1.03836691 0.467674702 -3.07999897
v 1.03836691 0.467674702 -3.07999897
v 0.767992914 0.524748504 -3.07999897
v 1.12689054 0.411246836 -3.07999897
v 1.12689054 0.411246836 -3.07999897
v 0.767992914 0.524748504 -3.07999897
v 1.15975487 0.378119111 -3.07999897
v 1.15975487 0.378119111 -3.07999897
v 0.767992914 0.524748504 -3.07999897
v 1.1696192 0.368175775 -3.07999897
v 1.1827513 0.368085861 -3.07999897
v 1.1696192 0.368175775 -3.07999897
v 1.31441009 0.347385883 -3.07999897
v 0.767992914 0.524748504 -3.07999897
v 0.859459043 0.347370386 -3.07999897
v 1.1696192 0.368175775 -3.07999897
v 1.31441009 0.347385883 -3.07999897
v 1.1696192 0.368175775 -3.07999897
v 0.859459043 0.347370386 -3.07999897
v 1.69263315 0.238482654 -3.07999897
v 1.68261707 0.22199057 -3.07999897
v 1.72602272 0.238185704 -3.07999897
v 1.72602272 0.238185704 -3.07999897
v 1.68261707 0.22199057 -3.07999897
v 2.20410252 0.233933896 -3.07999897
v 2.18026781 0.197374865 -3.07999897
v 2.20410252 0.233933896 -3.07999897
v 1.68261707 0.22199057 -3.07999897
v 1.38370919 0.379927874 -3.07999897
v 1.35398328 0.370217174 -3.07999897
v 1.41017675 0.366530389 -3.07999897
v 1.35398328 0.370217174 -3.07999897
v 1.31441009 0.347385883 -3.07999897
v 1.41017675 0.366530389 -3.07999897
v 1.41017675 0.366530389 -3.07999897
v 1.31441009 0.347385883 -3.07999897
v 1.47645581 0.289996117 -3.07999897
v 1.31441009 0.347385883 -3.07999897
v 0.859459043 0.347370386 -3.07999897
v 1.47645581 0.289996117 -3.07999897
v 1.47645581 0.289996117 -3.07999897
v 0.859459043 0.347370386 -3.07999897
v 1.51294482 0.266542256 -3.07999897
v 1.51294482 0.266542256 -3.07999897
v 0.859459043 0.347370386 -3.07999897
v 1.56940508 0.25282079 -3.07999897
v 1.56940508 0.25282079 -3.07999897
v 0.859459043 0.347370386 -3.07999897
v 1.62596154 0.229135796 -3.07999897
v 0.859459043 0.347370386 -3.07999897
v 0.938037694 0.169864699 -3.07999897
v 1.62596154 0.229135796 -3.07999897
v 1.62596154 0.229135796 -3.07999897
v 0.938037694 0.169864699 -3.07999897
v 1.68261707 0.22199057 -3.07999897
v 1.68261707 0.22199057 -3.07999897
v 0.938037694 0.169864699 -3.07999897
v 2.18026781 0.197374865 -3.07999897
v 2.18026781 0.197374865 -3.07999897
v 0.938037694 0.169864699 -3.07999897
v 2.09886694 0.128072664 -3.07999897
v 0.938037694 0.169864699 -3.07999897
v 0.91868192 0.114432909 -3.07999897
v 2.09886694 0.128072664 -3.07999897
v 2.09886694 0.128072664 -3.07999897
v 0.91868192 0.114432909 -3.07999897
v 2.11230683 0.0912331864 -3.07999897
v 0.91868192 0.114432909 -3.07999897
v 0.892780304 0.082023561 -3.07999897
v 2.11230683 0.0912331864 -3.07999897
v 2.11230683 0.0912331864 -3.07999897
v 0.892780304 0.082023561 -3.07999897
v 2.17648292 0.0404393934 -3.07999897
v 2.17648292 0.0404393934 -3.07999897
v 0.892780304 0.082023561 -3.07999897
v 2.21712756 0.0299319178 -3.07999897
v 2.21712756 0.0299319178 -3.07999897
v 0.892780304 0.082023561 -3.07999897
v 2.24849319 0 -3.07999897
v 0.821352482 0 -3.07999897
v 2.24849319 0 -3.07999897
v 0.892780304 0.082023561 -3.07999897
v 1.19091916 0.624866188 -3.07999897
v 1.21228683 0.624724388 -3.07999897
v 1.21941364 0.621127009 -3.07999897
v 1.21228683 0.624724388 -3.07999897
v 1.19091916 0.624866188 -3.07999897
v 1.25148165 0.642224014 -3.07999897
v 1.25148165 0.642224014 -3.07999897
v 1.19091916 0.624866188 -3.07999897
v 1.20158494 0.653196037 -3.07999897
v 1.25148165 0.642224014 -3.07999897
v 1.20158494 0.653196037 -3.07999897
v 1.25147247 0.670646131 -3.07999897
v 1.25147247 0.670646131 -3.07999897
v 1.20158494 0.653196037 -3.07999897
v 1.21225643 0.681541681 -3.07999897
v 1.25147247 0.670646131 -3.07999897
v 1.21225643 0.681541681 -3.07999897
v 1.22650981 0.685009062 -3.07999897
v 1.22650981 0.685009062 -3.07999897
v 1.21225643 0.681541681 -3.07999897
v 1.25147247 0.670646131 -3.07999897
v 1.21225643 0.681541681 -3.07999897
v 1.20158494 0.653196037 -3.07999897
v 1.25147247 0.670646131 -3.07999897
v 1.25147247 0.670646131 -3.07999897
v 1.20158494 0.653196037 -3.07999897
v 1.25148165 0.642224014 -3.07999897
v 1.20158494 0.653196037 -3.07999897
v 1.19091916 0.624866188 -3.07999897
v 1.25148165 0.642224014 -3.07999897
v 1.25148165 0.642224014 -3.07999897
v 1.19091916 0.624866188 -3.07999897
v 1.21228683 0.624724388 -3.07999897
v 1.21941364 0.621127009 -3.07999897
v 1.21228683 0.624724388 -3.07999897
v 1.19091916 0.624866188 -3.07999897
v 1.84706903 0.566908956 -3.07999897
v 1.88320827 0.570222676 -3.07999897
v 1.86507642 0.548912525 -3.07999897
v 1.88320827 0.570222676 -3.07999897
v 1.84706903 0.566908956 -3.07999897
v 1.86880648 0.588197172 -3.07999897
v 1.88320827 0.570222676 -3.07999897
v 1.86880648 0.588197172 -3.07999897
v 1.88325202 0.584521294 -3.07999897
v 1.88325202 0.584521294 -3.07999897
v 1.86880648 0.588197172 -3.07999897
v 1.88320827 0.570222676 -3.07999897
v 1.86880648 0.588197172 -3.07999897
v 1.88320827 0.570222676 -3.07999897
v 1.86507642 0.548912525 -3.07999897
v 1.88320827 0.570222676 -3.07999897
v 1.84706903 0.566908956 -3.07999897
v 1.05750012 1.74875391 0
v 0.881909549 1.79406643 0
v 0.752499878 1.77702951 0
v 0.881909549 1.79406643 0
v 1.05750012 1.74875391 0
v 1.18383515 1.8456943 0
v 0.881909549 1.79406643 0
v 1.18383515 1.8456943 0
v 1.00249982 1.84401667 0
v 1.00249982 1.84401667 0
v 1.18383515 1.8456943 0
v 1.10605335 1.92347598 0
v 1.10605335 1.92347598 0
v 1.18383515 1.8456943 0
v 1.28077543 1.97202921 0
v 1.10605335 1.92347598 0
v 1.28077543 1.97202921 0
v 1.18551266 2.02702951 0
v 1.18551266 2.02702951 0
v 1.28077543 1.97202921 0
v 1.34171486 2.11914968 0
v 1.18551266 2.02702951 0
v 1.34171486 2.11914968 0
v 1.2354629 2.14761972 0
v 1.2354629 2.14761972 0
v 1.34171486 2.11914968 0
v 1.36249995 2.27702928 0
v 1.2354629 2.14761972 0
v 1.36249995 2.27702928 0
v 1.25249994 2.27702928 0
v 1.25249994 2.27702928 0
v 1.36249995 2.27702928 0
v 1.34171486 2.43490887 0
v 1.25249994 2.27702928 0
v 1.34171486 2.43490887 0
v 1.2354629 2.40643883 0
v 1.2354629 2.40643883 0
v 1.34171486 2.43490887 0
v 1.18551266 2.52702928 0
v 1.18551266 2.52702928 0
v 1.34171486 2.43490887 0
v 1.28077543 2.58202934 0
v 1.18551266 2.52702928 0
v 1.28077543 2.58202934 0
v 1.10605335 2.63058138 0
v 1.10605335 2.63058138 0
v 1.28077543 2.58202934 0
v 1.18383515 2.70836401 0
v 1.10605335 2.63058138 0
v 1.18383515 2.70836401 0
v 1.00249982 2.71004295 0
v 1.00249982 2.71004295 0
v 1.18383515 2.70836401 0
v 1.05750012 2.80530548 0
v 1.00249982 2.71004295 0
v 1.05750012 2.80530548 0
v 0.881909549 2.75999188 0
v 0.881909549 2.75999188 0
v 1.05750012 2.80530548 0
v 0.752499878 2.77703023 0
v 0.752499878 2.77703023 0
v 1.05750012 2.80530548 0
v 0.44749999 2.80530548 0
v 0.44749999 2.80530548 0
v 1.05750012 2.80530548 0
v 0.594620347 2.86624527 0
v 0.594620347 2.86624527 0
v 1.05750012 2.80530548 0
v 0.910379708 2.86624527 0
v 0.594620347 2.86624527 0
v 0.910379708 2.86624527 0
v 0.752499878 2.88702989 0
v 0.910379708 1.68781435 0
v 0.594620347 1.68781435 0
v 0.752499878 1.66702938 0
v 0.594620347 1.68781435 0
v 0.910379708 1.68781435 0
v 1.05750012 1.74875391 0
v 0.594620347 1.68781435 0
v 1.05750012 1.74875391 0
v 0.44749999 1.74875391 0
v 0.44749999 1.74875391 0
v 1.05750012 1.74875391 0
v 0.752499878 1.77702951 0
v 0.44749999 1.74875391 0
v 0.752499878 1.77702951 0
v 0.623090446 1.79406643 0
v 0.44749999 1.74875391 0
v 0.623090446 1.79406643 0
v 0.321164966 1.8456943 0
v 0.321164966 1.8456943 0
v 0.623090446 1.79406643 0
v 0.502499878 1.84401667 0
v 0.321164966 1.8456943 0
v 0.502499878 1.84401667 0
v 0.398946613 1.92347598 0
v 0.321164966 1.8456943 0
v 0.398946613 1.92347598 0
v 0.224224493 1.97202921 0
v 0.224224493 1.97202921 0
v 0.398946613 1.92347598 0
v 0.319487303 2.02702951 0
v 0.224224493 1.97202921 0
v 0.319487303 2.02702951 0
v 0.163285241 2.11914968 0
v 0.163285241 2.11914968 0
v 0.319487303 2.02702951 0
v 0.269537181 2.14761972 0
v 0.163285241 2.11914968 0
v 0.269537181 2.14761972 0
v 0.142499998 2.27702928 0
v 0.142499998 2.27702928 0
v 0.269537181 2.14761972 0
v 0.252499998 2.27702928 0
v 0.142499998 2.27702928 0
v 0.252499998 2.27702928 0
v 0.269537181 2.40643883 0
v 0.142499998 2.27702928 0
v 0.269537181 2.40643883 0
v 0.163285241 2.43490887 0
v 0.163285241 2.43490887 0
v 0.269537181 2.40643883 0
v 0.319487303 2.52702928 0
v 0.163285241 2.43490887 0
v 0.319487303 2.52702928 0
v 0.224224493 2.58202934 0
v 0.224224493 2.58202934 0
v 0.319487303 2.52702928 0
v 0.398946613 2.63058138 0
v 0.224224493 2.58202934 0
v 0.398946613 2.63058138 0
v 0.321164966 2.70836401 0
v 0.321164966 2.70836401 0
v 0.398946613 2.63058138 0
v 0.502499878 2.71004295 0
v 0.321164966 2.70836401 0
v 0.502499878 2.71004295 0
v 0.44749999 2.80530548 0
v 0.44749999 2.80530548 0
v 0.502499878 2.71004295 0
v 0.623090446 2.75999188 0
v 0.44749999 2.80530548 0
v 0.623090446 2.75999188 0
v 0.752499878 2.77703023 0
v 0.752499878 2.77703023 0
v 0.623090446 2.75999188 0
v 0.44749999 2.80530548 0
v 0.623090446 2.75999188 0
v 0.502499878 2.71004295 0
v 0.44749999 2.80530548 0
v 0.44749999 2.80530548 0
v 0.502499878 2.71004295 0
v 0.321164966 2.70836401 0
v 0.502499878 2.71004295 0
v 0.398946613 2.63058138 0
v 0.321164966 2.70836401 0
v 0.321164966 2.70836401 0
v 0.398946613 2.63058138 0
v 0.224224493 2.58202934 0
v 0.398946613 2.63058138 0
v 0.319487303 2.52702928 0
v 0.224224493 2.58202934 0
v 0.224224493 2.58202934 0
v 0.319487303 2.52702928 0
v 0.163285241 2.43490887 0
v 0.319487303 2.52702928 0
v 0.269537181 2.40643883 0
v 0.163285241 2.43490887 0
v 0.163285241 2.43490887 0
v 0.269537181 2.40643883 0
v 0.142499998 2.27702928 0
v 0.269537181 2.40643883 0
v 0.252499998 2.27702928 0
v 0.142499998 2.27702928 0
v 0.252499998 2.27702928 0
v 0.269537181 2.14761972 0
v 0.142499998 2.27702928 0
v 0.142499998 2.27702928 0
v 0.269537181 2.14761972 0
v 0.163285241 2.11914968 0
v 0.269537181 2.14761972 0
v 0.319487303 2.02702951 0
v 0.163285241 2.11914968 0
v 0.163285241 2.11914968 0
v 0.319487303 2.02702951 0
v 0.224224493 1.97202921 0
v 0.319487303 2.02702951 0
v 0.398946613 1.92347598 0
v 0.224224493 1.97202921 0
v 0.224224493 1.97202921 0
v 0.398946613 1.92347598 0
v 0.321164966 1.8456943 0
v 0.398946613 1.92347598 0
v 0.502499878 1.84401667 0
v 0.321164966 1.8456943 0
v 0.502499878 1.84401667 0
v 0.623090446 1.79406643 0
v 0.321164966 1.8456943 0
v 0.321164966 1.8456943 0
v 0.623090446 1.79406643 0
v 0.44749999 1.74875391 0
v 0.623090446 1.79406643 0
v 0.752499878 1.77702951 0
v 0.44749999 1.74875391 0
v 0.752499878 1.77702951 0
v 1.05750012 1.74875391 0
v 0.44749999 1.74875391 0
v 0.44749999 1.74875391 0
v 1.05750012 1.74875391 0
v 0.594620347 1.68781435 0
v 1.05750012 1.74875391 0
v 0.910379708 1.68781435 0
v 0.594620347 1.68781435 0
v 0.752499878 1.66702938 0
v 0.594620347 1.68781435 0
v 0.910379708 1.68781435 0
v 0.752499878 2.88702989 0
v 0.910379708 2.86624527 0
v 0.594620347 2.86624527 0
v 0.910379708 2.86624527 0
v 1.05750012 2.80530548 0
v 0.594620347 2.86624527 0
v 0.594620347 2.86624527 0
v 1.05750012 2.80530548 0
v 0.44749999 2.80530548 0
v 0.44749999 2.80530548 0
v 1.05750012 2.80530548 0
v 0.752499878 2.77703023 0
v 0.752499878 2.77703023 0
v 1.05750012 2.80530548 0
v 0.881909549 2.75999188 0
v 0.881909549 2.75999188 0
v 1.05750012 2.80530548 0
v 1.00249982 2.71004295 0
v 1.05750012 2.80530548 0
v 1.18383515 2.70836401 0
v 1.00249982 2.71004295 0
v 1.00249982 2.71004295 0
v 1.18383515 2.70836401 0
v 1.10605335 2.63058138 0
v 1.18383515 2.70836401 0
v 1.28077543 2.58202934 0
v 1.10605335 2.63058138 0
v 1.10605335 2.63058138 0
v 1.28077543 2.58202934 0
v 1.18551266 2.52702928 0
v 1.28077543 2.58202934 0
v 1.34171486 2.43490887 0
v 1.18551266 2.52702928 0
v 1.18551266 2.52702928 0
v 1.34171486 2.43490887 0
v 1.2354629 2.40643883 0
v 1.2354629 2.40643883 0
v 1.34171486 2.43490887 0
v 1.25249994 2.27702928 0
v 1.34171486 2.43490887 0
v 1.36249995 2.27702928 0
v 1.25249994 2.27702928 0
v 1.25249994 2.27702928 0
v 1.36249995 2.27702928 0
v 1.2354629 2.14761972 0
v 1.36249995 2.27702928 0
v 1.34171486 2.11914968 0
v 1.2354629 2.14761972 0
v 1.2354629 2.14761972 0
v 1.34171486 2.11914968 0
v 1.18551266 2.02702951 0
v 1.34171486 2.11914968 0
v 1.28077543 1.97202921 0
v 1.18551266 2.02702951 0
v 1.18551266 2.02702951 0
v 1.28077543 1.97202921 0
v 1.10605335 1.92347598 0
v 1.28077543 1.97202921 0
v 1.18383515 1.8456943 0
v 1.10605335 1.92347598 0
v 1.10605335 1.92347598 0
v 1.18383515 1.8456943 0
v 1.00249982 1.84401667 0
v 1.00249982 1.84401667 0
v 1.18383515 1.8456943 0
v 0.881909549 1.79406643 0
v 1.18383515 1.8456943 0
v 1.05750012 1.74875391 0
v 0.881909549 1.79406643 0
v 0.752499878 1.77702951 0
v 0.881909549 1.79406643 0
v 1.05750012 1.74875391 0
v 2.56249928 1.74875391 0
v 2.38690948 1.79406643 0
v 2.25749993 1.77702951 0
v 2.38690948 1.79406643 0
v 2.56249928 1.74875391 0
v 2.68883634 1.8456943 0
v 2.38690948 1.79406643 0
v 2.68883634 1.8456943 0
v 2.50749993 1.84401667 0
v 2.50749993 1.84401667 0
v 2.68883634 1.8456943 0
v 2.61105394 1.92347598 0
v 2.61105394 1.92347598 0
v 2.68883634 1.8456943 0
v 2.78577542 1.97202921 0
v 2.61105394 1.92347598 0
v 2.78577542 1.97202921 0
v 2.69051266 2.02702951 0
v 2.69051266 2.02702951 0
v 2.78577542 1.97202921 0
v 2.84671521 2.11914968 0
v 2.69051266 2.02702951 0
v 2.84671521 2.11914968 0
v 2.74046183 2.14761972 0
v 2.74046183 2.14761972 0
v 2.84671521 2.11914968 0
v 2.86749983 2.27702928 0
v 2.74046183 2.14761972 0
v 2.86749983 2.27702928 0
v 2.75750017 2.27702928 0
v 2.75750017 2.27702928 0
v 2.86749983 2.27702928 0
v 2.84671521 2.43490887 0
v 2.75750017 2.27702928 0
v 2.84671521 2.43490887 0
v 2.74046183 2.40643883 0
v 2.74046183 2.40643883 0
v 2.84671521 2.43490887 0
v 2.69051266 2.52702928 0
v 2.69051266 2.52702928 0
v 2.84671521 2.43490887 0
v 2.78577542 2.58202934 0
v 2.69051266 2.52702928 0
v 2.78577542 2.58202934 0
v 2.61105394 2.63058138 0
v 2.61105394 2.63058138 0
v 2.78577542 2.58202934 0
v 2.68883634 2.70836401 0
v 2.61105394 2.63058138 0
v 2.68883634 2.70836401 0
v 2.50749993 2.71004295 0
v 2.50749993 2.71004295 0
v 2.68883634 2.70836401 0
v 2.56249928 2.80530548 0
v 2.50749993 2.71004295 0
v 2.56249928 2.80530548 0
v 2.38690948 2.75999188 0
v 2.38690948 2.75999188 0
v 2.56249928 2.80530548 0
v 2.25749993 2.77703023 0
v 2.25749993 2.77703023 0
v 2.56249928 2.80530548 0
v 1.95249999 2.80530548 0
v 1.95249999 2.80530548 0
v 2.56249928 2.80530548 0
v 2.09962034 2.86624527 0
v 2.09962034 2.86624527 0
v 2.56249928 2.80530548 0
v 2.41537976 2.86624527 0
v 2.09962034 2.86624527 0
v 2.41537976 2.86624527 0
v 2.25749993 2.88702989 0
v 2.41537976 1.68781435 0
v 2.09962034 1.68781435 0
v 2.25749993 1.66702938 0
v 2.09962034 1.68781435 0
v 2.41537976 1.68781435 0
v 2.56249928 1.74875391 0
v 2.09962034 1.68781435 0
v 2.56249928 1.74875391 0
v 1.95249999 1.74875391 0
v 1.95249999 1.74875391 0
v 2.56249928 1.74875391 0
v 2.25749993 1.77702951 0
v 1.95249999 1.74875391 0
v 2.25749993 1.77702951 0
v 2.12809038 1.79406643 0
v 1.95249999 1.74875391 0
v 2.12809038 1.79406643 0
v 1.82616472 1.8456943 0
v 1.82616472 1.8456943 0
v 2.12809038 1.79406643 0
v 2.00749993 1.84401667 0
v 1.82616472 1.8456943 0
v 2.00749993 1.84401667 0
v 1.90394652 1.92347598 0
v 1.82616472 1.8456943 0
v 1.90394652 1.92347598 0
v 1.72922432 1.97202921 0
v 1.72922432 1.97202921 0
v 1.90394652 1.92347598 0
v 1.82448721 2.02702951 0
v 1.72922432 1.97202921 0
v 1.82448721 2.02702951 0
v 1.66828513 2.11914968 0
v 1.66828513 2.11914968 0
v 1.82448721 2.02702951 0
v 1.77453697 2.14761972 0
v 1.66828513 2.11914968 0
v 1.77453697 2.14761972 0
v 1.6474998 2.27702928 0
v 1.6474998 2.27702928 0
v 1.77453697 2.14761972 0
v 1.75749981 2.27702928 0
v 1.6474998 2.27702928 0
v 1.75749981 2.27702928 0
v 1.77453697 2.40643883 0
v 1.6474998 2.27702928 0
v 1.77453697 2.40643883 0
v 1.66828513 2.43490887 0
v 1.66828513 2.43490887 0
v 1.77453697 2.40643883 0
v 1.82448721 2.52702928 0
v 1.66828513 2.43490887 0
v 1.82448721 2.52702928 0
v 1.72922432 2.58202934 0
v 1.72922432 2.58202934 0
v 1.82448721 2.52702928 0
v 1.90394652 2.63058138 0
v 1.72922432 2.58202934 0
v 1.90394652 2.63058138 0
v 1.82616472 2.70836401 0
v 1.82616472 2.70836401 0
v 1.90394652 2.63058138 0
v 2.00749993 2.71004295 0
v 1.82616472 2.70836401 0
v 2.00749993 2.71004295 0
v 1.95249999 2.80530548 0
v 1.95249999 2.80530548 0
v 2.00749993 2.71004295 0
v 2.12809038 2.75999188 0
v 1.95249999 2.80530548 0
v 2.12809038 2.75999188 0
v 2.25749993 2.77703023 0
v 2.25749993 2.77703023 0
v 2.12809038 2.75999188 0
v 1.95249999 2.80530548 0
v 2.12809038 2.75999188 0
v 2.00749993 2.71004295 0
v 1.95249999 2.80530548 0
v 1.95249999 2.80530548 0
v 2.00749993 2.71004295 0
v 1.82616472 2.70836401 0
v 2.00749993 2.71004295 0
v 1.90394652 2.63058138 0
v 1.82616472 2.70836401 0
v 1.82616472 2.70836401 0
v 1.90394652 2.63058138 0
v 1.72922432 2.58202934 0
v 1.90394652 2.63058138 0
v 1.82448721 2.52702928 0
v 1.72922432 2.58202934 0
v 1.72922432 2.58202934 0
v 1.82448721 2.52702928 0
v 1.66828513 2.43490887 0
v 1.82448721 2.52702928 0
v 1.77453697 2.40643883 0
v 1.66828513 2.43490887 0
v 1.66828513 2.43490887 0
v 1.77453697 2.40643883 0
v 1.6474998 2.27702928 0
v 1.77453697 2.40643883 0
v 1.75749981 2.27702928 0
v 1.6474998 2.27702928 0
v 1.75749981 2.27702928 0
v 1.77453697 2.14761972 0
v 1.6474998 2.27702928 0
v 1.6474998 2.27702928 0
v 1.77453697 2.14761972 0
v 1.66828513 2.11914968 0
v 1.77453697 2.14761972 0
v 1.82448721 2.02702951 0
v 1.66828513 2.11914968 0
v 1.66828513 2.11914968 0
v 1.82448721 2.02702951 0
v 1.72922432 1.97202921 0
v 1.82448721 2.02702951 0
v 1.90394652 1.92347598 0
v 1.72922432 1.97202921 0
v 1.72922432 1.97202921 0
v 1.90394652 1.92347598 0
v 1.82616472 1.8456943 0
v 1.90394652 1.92347598 0
v 2.00749993 1.84401667 0
v 1.82616472 1.8456943 0
v 2.00749993 1.84401667 0
v 2.12809038 1.79406643 0
v 1.82616472 1.8456943 0
v 1.82616472 1.8456943 0
v 2.12809038 1.79406643 0
v 1.95249999 1.74875391 0
v 2.12809038 1.79406643 0
v 2.25749993 1.77702951 0
v 1.95249999 1.74875391 0
v 2.25749993 1.77702951 0
v 2.56249928 1.74875391 0
v 1.95249999 1.74875391 0
v 1.95249999 1.74875391 0
v 2.56249928 1.74875391 0
v 2.09962034 1.68781435 0
v 2.56249928 1.74875391 0
v 2.41537976 1.68781435 0
v 2.09962034 1.68781435 0
v 2.25749993 1.66702938 0
v 2.09962034 1.68781435 0
v 2.41537976 1.68781435 0
v 2.25749993 2.88702989 0
v 2.41537976 2.86624527 0
v 2.09962034 2.86624527 0
v 2.41537976 2.86624527 0
v 2.56249928 2.80530548 0
v 2.09962034 2.86624527 0
v 2.09962034 2.86624527 0
v 2.56249928 2.80530548 0
v 1.95249999 2.80530548 0
v 1.95249999 2.80530548 0
v 2.56249928 2.80530548 0
v 2.25749993 2.77703023 0
v 2.25749993 2.77703023 0
v 2.56249928 2.80530548 0
v 2.38690948 2.75999188 0
v 2.38690948 2.75999188 0
v 2.56249928 2.80530548 0
v 2.50749993 2.71004295 0
v 2.56249928 2.80530548 0
v 2.68883634 2.70836401 0
v 2.50749993 2.71004295 0
v 2.50749993 2.71004295 0
v 2.68883634 2.70836401 0
v 2.61105394 2.63058138 0
v 2.68883634 2.70836401 0
v 2.78577542 2.58202934 0
v 2.61105394 2.63058138 0
v 2.61105394 2.63058138 0
v 2.78577542 2.58202934 0
v 2.69051266 2.52702928 0
v 2.78577542 2.58202934 0
v 2.84671521 2.43490887 0
v 2.69051266 2.52702928 0
v 2.69051266 2.52702928 0
v 2.84671521 2.43490887 0
v 2.74046183 2.40643883 0
v 2.74046183 2.40643883 0
v 2.84671521 2.43490887 0
v 2.75750017 2.27702928 0
v 2.84671521 2.43490887 0
v 2.86749983 2.27702928 0
v 2.75750017 2.27702928 0
v 2.75750017 2.27702928 0
v 2.86749983 2.27702928 0
v 2.74046183 2.14761972 0
v 2.86749983 2.27702928 0
v 2.84671521 2.11914968 0
v 2.74046183 2.14761972 0
v 2.74046183 2.14761972 0
v 2.84671521 2.11914968 0
v 2.69051266 2.02702951 0
v 2.84671521 2.11914968 0
v 2.78577542 1.97202921 0
v 2.69051266 2.02702951 0
v 2.69051266 2.02702951 0
v 2.78577542 1.97202921 0
v 2.61105394 1.92347598 0
v 2.78577542 1.97202921 0
v 2.68883634 1.8456943 0
v 2.61105394 1.92347598 0
v 2.61105394 1.92347598 0
v 2.68883634 1.8456943 0
v 2.50749993 1.84401667 0
v 2.50749993 1.84401667 0
v 2.68883634 1.8456943 0
v 2.38690948 1.79406643 0
v 2.68883634 1.8456943 0
v 2.56249928 1.74875391 0
v 2.38690948 1.79406643 0
v 2.25749993 1.77702951 0
v 2.38690948 1.79406643 0
v 2.56249928 1.74875391 0
v 2.74046183 2.14761972 0
v 2.25749993 2.09702945 0
v 2.69051266 2.02702951 0
v 2.25749993 2.09702945 0
v 2.74046183 2.14761972 0
v 2.30408716 2.10316277 0
v 2.30408716 2.10316277 0
v 2.74046183 2.14761972 0
v 2.34749985 2.12114501 0
v 2.34749985 2.12114501 0
v 2.74046183 2.14761972 0
v 2.38477921 2.14975023 0
v 2.38477921 2.14975023 0
v 2.74046183 2.14761972 0
v 2.75750017 2.27702928 0
v 2.38477921 2.14975023 0
v 2.75750017 2.27702928 0
v 2.41338444 2.18702936 0
v 2.41338444 2.18702936 0
v 2.75750017 2.27702928 0
v 2.43136668 2.23044181 0
v 2.43136668 2.23044181 0
v 2.75750017 2.27702928 0
v 2.4375 2.27702928 0
v 2.4375 2.27702928 0
v 2.75750017 2.27702928 0
v 2.74046183 2.40643883 0
v 2.4375 2.27702928 0
v 2.74046183 2.40643883 0
v 2.43136668 2.32361674 0
v 2.43136668 2.32361674 0
v 2.74046183 2.40643883 0
v 2.41338444 2.36702943 0
v 2.41338444 2.36702943 0
v 2.74046183 2.40643883 0
v 2.38477921 2.40430856 0
v 2.38477921 2.40430856 0
v 2.74046183 2.40643883 0
v 2.34749985 2.43291378 0
v 2.34749985 2.43291378 0
v 2.74046183 2.40643883 0
v 2.69051266 2.52702928 0
v 2.34749985 2.43291378 0
v 2.69051266 2.52702928 0
v 2.30408716 2.45089602 0
v 2.30408716 2.45089602 0
v 2.69051266 2.52702928 0
v 2.25749993 2.45702934 0
v 2.25749993 2.45702934 0
v 2.69051266 2.52702928 0
v 1.82448721 2.52702928 0
v 1.82448721 2.52702928 0
v 2.69051266 2.52702928 0
v 1.90394652 2.63058138 0
v 1.90394652 2.63058138 0
v 2.69051266 2.52702928 0
v 2.61105394 2.63058138 0
v 1.90394652 2.63058138 0
v 2.61105394 2.63058138 0
v 2.50749993 2.71004295 0
v 1.90394652 2.63058138 0
v 2.50749993 2.71004295 0
v 2.00749993 2.71004295 0
v 2.00749993 2.71004295 0
v 2.50749993 2.71004295 0
v 2.12809038 2.75999188 0
v 2.12809038 2.75999188 0
v 2.50749993 2.71004295 0
v 2.38690948 2.75999188 0
v 2.12809038 2.75999188 0
v 2.38690948 2.75999188 0
v 2.25749993 2.77703023 0
v 2.38690948 1.79406643 0
v 2.12809038 1.79406643 0
v 2.25749993 1.77702951 0
v 2.12809038 1.79406643 0
v 2.38690948 1.79406643 0
v 2.50749993 1.84401667 0
v 2.12809038 1.79406643 0
v 2.50749993 1.84401667 0
v 2.00749993 1.84401667 0
v 2.00749993 1.84401667 0
v 2.50749993 1.84401667 0
v 1.90394652 1.92347598 0
v 1.90394652 1.92347598 0
v 2.50749993 1.84401667 0
v 2.61105394 1.92347598 0
v 1.90394652 1.92347598 0
v 2.61105394 1.92347598 0
v 2.69051266 2.02702951 0
v 1.90394652 1.92347598 0
v 2.69051266 2.02702951 0
v 1.82448721 2.02702951 0
v 1.82448721 2.02702951 0
v 2.69051266 2.02702951 0
v 1.77453697 2.14761972 0
v 1.77453697 2.14761972 0
v 2.69051266 2.02702951 0
v 2.25749993 2.09702945 0
v 1.77453697 2.14761972 0
v 2.25749993 2.09702945 0
v 2.21091247 2.10316277 0
v 1.77453697 2.14761972 0
v 2.21091247 2.10316277 0
v 2.16750002 2.12114501 0
v 1.77453697 2.14761972 0
v 2.16750002 2.12114501 0
v 2.13022065 2.14975023 0
v 1.77453697 2.14761972 0
v 2.13022065 2.14975023 0
v 1.75749981 2.27702928 0
v 1.75749981 2.27702928 0
v 2.13022065 2.14975023 0
v 2.10161519 2.18702936 0
v 1.75749981 2.27702928 0
v 2.10161519 2.18702936 0
v 2.08363318 2.23044181 0
v 1.75749981 2.27702928 0
v 2.08363318 2.23044181 0
v 2.0775001 2.27702928 0
v 1.75749981 2.27702928 0
v 2.0775001 2.27702928 0
v 2.08363318 2.32361674 0
v 1.75749981 2.27702928 0
v 2.08363318 2.32361674 0
v 1.77453697 2.40643883 0
v 1.77453697 2.40643883 0
v 2.08363318 2.32361674 0
v 2.10161519 2.36702943 0
v 1.77453697 2.40643883 0
v 2.10161519 2.36702943 0
v 2.13022065 2.40430856 0
v 1.77453697 2.40643883 0
v 2.13022065 2.40430856 0
v 2.16750002 2.43291378 0
v 1.77453697 2.40643883 0
v 2.16750002 2.43291378 0
v 1.82448721 2.52702928 0
v 1.82448721 2.52702928 0
v 2.16750002 2.43291378 0
v 2.21091247 2.45089602 0
v 1.82448721 2.52702928 0
v 2.21091247 2.45089602 0
v 2.25749993 2.45702934 0
v 2.25749993 2.45702934 0
v 2.21091247 2.45089602 0
v 1.82448721 2.52702928 0
v 2.21091247 2.45089602 0
v 2.16750002 2.43291378 0
v 1.82448721 2.52702928 0
v 1.82448721 2.52702928 0
v 2.16750002 2.43291378 0
v 1.77453697 2.40643883 0
v 2.16750002 2.43291378 0
v 2.13022065 2.40430856 0
v 1.77453697 2.40643883 0
v 2.13022065 2.40430856 0
v 2.10161519 2.36702943 0
v 1.77453697 2.40643883 0
v 2.10161519 2.36702943 0
v 2.08363318 2.32361674 0
v 1.77453697 2.40643883 0
v 1.77453697 2.40643883 0
v 2.08363318 2.32361674 0
v 1.75749981 2.27702928 0
v 2.08363318 2.32361674 0
v 2.0775001 2.27702928 0
v 1.75749981 2.27702928 0
v 2.0775001 2.27702928 0
v 2.08363318 2.23044181 0
v 1.75749981 2.27702928 0
v 2.08363318 2.23044181 0
v 2.10161519 2.18702936 0
v 1.75749981 2.27702928 0
v 2.10161519 2.18702936 0
v 2.13022065 2.14975023 0
v 1.75749981 2.27702928 0
v 1.75749981 2.27702928 0
v 2.13022065 2.14975023 0
v 1.77453697 2.14761972 0
v 2.13022065 2.14975023 0
v 2.16750002 2.12114501 0
v 1.77453697 2.14761972 0
v 2.16750002 2.12114501 0
v 2.21091247 2.10316277 0
v 1.77453697 2.14761972 0
v 2.21091247 2.10316277 0
v 2.25749993 2.09702945 0
v 1.77453697 2.14761972 0
v 2.25749993 2.09702945 0
v 2.69051266 2.02702951 0
v 1.77453697 2.14761972 0
v 1.77453697 2.14761972 0
v 2.69051266 2.02702951 0
v 1.82448721 2.02702951 0
v 1.82448721 2.02702951 0
v 2.69051266 2.02702951 0
v 1.90394652 1.92347598 0
v 2.69051266 2.02702951 0
v 2.61105394 1.92347598 0
v 1.90394652 1.92347598 0
v 2.61105394 1.92347598 0
v 2.50749993 1.84401667 0
v 1.90394652 1.92347598 0
v 1.90394652 1.92347598 0
v 2.50749993 1.84401667 0
v 2.00749993 1.84401667 0
v 2.00749993 1.84401667 0
v 2.50749993 1.84401667 0
v 2.12809038 1.79406643 0
v 2.50749993 1.84401667 0
v 2.38690948 1.79406643 0
v 2.12809038 1.79406643 0
v 2.25749993 1.77702951 0
v 2.12809038 1.79406643 0
v 2.38690948 1.79406643 0
v 2.25749993 2.77703023 0
v 2.38690948 2.75999188 0
v 2.12809038 2.75999188 0
v 2.38690948 2.75999188 0
v 2.50749993 2.71004295 0
v 2.12809038 2.75999188 0
v 2.12809038 2.75999188 0
v 2.50749993 2.71004295 0
v 2.00749993 2.71004295 0
v 2.00749993 2.71004295 0
v 2.50749993 2.71004295 0
v 1.90394652 2.63058138 0
v 2.50749993 2.71004295 0
v 2.61105394 2.63058138 0
v 1.90394652 2.63058138 0
v 2.61105394 2.63058138 0
v 2.69051266 2.52702928 0
v 1.90394652 2.63058138 0
v 1.90394652 2.63058138 0
v 2.69051266 2.52702928 0
v 1.82448721 2.52702928 0
v 1.82448721 2.52702928 0
v 2.69051266 2.52702928 0
v 2.25749993 2.45702934 0
v 2.25749993 2.45702934 0
v 2.69051266 2.52702928 0
v 2.30408716 2.45089602 0
v 2.30408716 2.45089602 0
v 2.69051266 2.52702928 0
v 2.34749985 2.43291378 0
v 2.69051266 2.52702928 0
v 2.74046183 2.40643883 0
v 2.34749985 2.43291378 0
v 2.34749985 2.43291378 0
v 2.74046183 2.40643883 0
v 2.38477921 2.40430856 0
v 2.38477921 2.40430856 0
v 2.74046183 2.40643883 0
v 2.41338444 2.36702943 0
v 2.41338444 2.36702943 0
v 2.74046183 2.40643883 0
v 2.43136668 2.32361674 0
v 2.43136668 2.32361674 0
v 2.74046183 2.40643883 0
v 2.4375 2.27702928 0
v 2.74046183 2.40643883 0
v 2.75750017 2.27702928 0
v 2.4375 2.27702928 0
v 2.4375 2.27702928 0
v 2.75750017 2.27702928 0
v 2.43136668 2.23044181 0
v 2.43136668 2.23044181 0
v 2.75750017 2.27702928 0
v 2.41338444 2.18702936 0
v 2.41338444 2.18702936 0
v 2.75750017 2.27702928 0
v 2.38477921 2.14975023 0
v 2.75750017 2.27702928 0
v 2.74046183 2.14761972 0
v 2.38477921 2.14975023 0
v 2.38477921 2.14975023 0
v 2.74046183 2.14761972 0
v 2.34749985 2.12114501 0
v 2.34749985 2.12114501 0
v 2.74046183 2.14761972 0
v 2.30408716 2.10316277 0
v 2.30408716 2.10316277 0
v 2.74046183 2.14761972 0
v 2.25749993 2.09702945 0
v 2.69051266 2.02702951 0
v 2.25749993 2.09702945 0
v 2.74046183 2.14761972 0
v 1.2354629 2.14761972 0
v 0.752499878 2.09702945 0
v 1.18551266 2.02702951 0
v 0.752499878 2.09702945 0
v 1.2354629 2.14761972 0
v 0.799087286 2.10316277 0
v 0.799087286 2.10316277 0
v 1.2354629 2.14761972 0
v 0.842499912 2.12114501 0
v 0.842499912 2.12114501 0
v 1.2354629 2.14761972 0
v 0.87977922 2.14975023 0
v 0.87977922 2.14975023 0
v 1.2354629 2.14761972 0
v 1.25249994 2.27702928 0
v 0.87977922 2.14975023 0
v 1.25249994 2.27702928 0
v 0.908384442 2.18702936 0
v 0.908384442 2.18702936 0
v 1.25249994 2.27702928 0
v 0.926366687 2.23044181 0
v 0.926366687 2.23044181 0
v 1.25249994 2.27702928 0
v 0.932500064 2.27702928 0
v 0.932500064 2.27702928 0
v 1.25249994 2.27702928 0
v 1.2354629 2.40643883 0
v 0.932500064 2.27702928 0
v 1.2354629 2.40643883 0
v 0.926366687 2.32361674 0
v 0.926366687 2.32361674 0
v 1.2354629 2.40643883 0
v 0.908384442 2.36702943 0
v 0.908384442 2.36702943 0
v 1.2354629 2.40643883 0
v 0.87977922 2.40430856 0
v 0.87977922 2.40430856 0
v 1.2354629 2.40643883 0
v 0.842499912 2.43291378 0
v 0.842499912 2.43291378 0
v 1.2354629 2.40643883 0
v 1.18551266 2.52702928 0
v 0.842499912 2.43291378 0
v 1.18551266 2.52702928 0
v 0.799087286 2.45089602 0
v 0.799087286 2.45089602 0
v 1.18551266 2.52702928 0
v 0.752499878 2.45702934 0
v 0.752499878 2.45702934 0
v 1.18551266 2.52702928 0
v 0.319487303 2.52702928 0
v 0.319487303 2.52702928 0
v 1.18551266 2.52702928 0
v 0.398946613 2.63058138 0
v 0.398946613 2.63058138 0
v 1.18551266 2.52702928 0
v 1.10605335 2.63058138 0
v 0.398946613 2.63058138 0
v 1.10605335 2.63058138 0
v 1.00249982 2.71004295 0
v 0.398946613 2.63058138 0
v 1.00249982 2.71004295 0
v 0.502499878 2.71004295 0
v 0.502499878 2.71004295 0
v 1.00249982 2.71004295 0
v 0.623090446 2.75999188 0
v 0.623090446 2.75999188 0
v 1.00249982 2.71004295 0
v 0.881909549 2.75999188 0
v 0.623090446 2.75999188 0
v 0.881909549 2.75999188 0
v 0.752499878 2.77703023 0
v 0.881909549 1.79406643 0
v 0.623090446 1.79406643 0
v 0.752499878 1.77702951 0
v 0.623090446 1.79406643 0
v 0.881909549 1.79406643 0
v 1.00249982 1.84401667 0
v 0.623090446 1.79406643 0
v 1.00249982 1.84401667 0
v 0.502499878 1.84401667 0
v 0.502499878 1.84401667 0
v 1.00249982 1.84401667 0
v 0.398946613 1.92347598 0
v 0.398946613 1.92347598 0
v 1.00249982 1.84401667 0
v 1.10605335 1.92347598 0
v 0.398946613 1.92347598 0
v 1.10605335 1.92347598 0
v 1.18551266 2.02702951 0
v 0.398946613 1.92347598 0
v 1.18551266 2.02702951 0
v 0.319487303 2.02702951 0
v 0.319487303 2.02702951 0
v 1.18551266 2.02702951 0
v 0.269537181 2.14761972 0
v 0.269537181 2.14761972 0
v 1.18551266 2.02702951 0
v 0.752499878 2.09702945 0
v 0.269537181 2.14761972 0
v 0.752499878 2.09702945 0
v 0.705912471 2.10316277 0
v 0.269537181 2.14761972 0
v 0.705912471 2.10316277 0
v 0.662500083 2.12114501 0
v 0.269537181 2.14761972 0
v 0.662500083 2.12114501 0
v 0.625220716 2.14975023 0
v 0.269537181 2.14761972 0
v 0.625220716 2.14975023 0
v 0.252499998 2.27702928 0
v 0.252499998 2.27702928 0
v 0.625220716 2.14975023 0
v 0.596615493 2.18702936 0
v 0.252499998 2.27702928 0
v 0.596615493 2.18702936 0
v 0.578633308 2.23044181 0
v 0.252499998 2.27702928 0
v 0.578633308 2.23044181 0
v 0.57249999 2.27702928 0
v 0.252499998 2.27702928 0
v 0.57249999 2.27702928 0
v 0.578633308 2.32361674 0
v 0.252499998 2.27702928 0
v 0.578633308 2.32361674 0
v 0.269537181 2.40643883 0
v 0.269537181 2.40643883 0
v 0.578633308 2.32361674 0
v 0.596615493 2.36702943 0
v 0.269537181 2.40643883 0
v 0.596615493 2.36702943 0
v 0.625220716 2.40430856 0
v 0.269537181 2.40643883 0
v 0.625220716 2.40430856 0
v 0.662500083 2.43291378 0
v 0.269537181 2.40643883 0
v 0.662500083 2.43291378 0
v 0.319487303 2.52702928 0
v 0.319487303 2.52702928 0
v 0.662500083 2.43291378 0
v 0.705912471 2.45089602 0
v 0.319487303 2.52702928 0
v 0.705912471 2.45089602 0
v 0.752499878 2.45702934 0
v 0.752499878 2.45702934 0
v 0.705912471 2.45089602 0
v 0.319487303 2.52702928 0
v 0.705912471 2.45089602 0
v 0.662500083 2.43291378 0
v 0.319487303 2.52702928 0
v 0.319487303 2.52702928 0
v 0.662500083 2.43291378 0
v 0.269537181 2.40643883 0
v 0.662500083 2.43291378 0
v 0.625220716 2.40430856 0
v 0.269537181 2.40643883 0
v 0.625220716 2.40430856 0
v 0.596615493 2.36702943 0
v 0.269537181 2.40643883 0
v 0.596615493 2.36702943 0
v 0.578633308 2.32361674 0
v 0.269537181 2.40643883 0
v 0.269537181 2.40643883 0
v 0.578633308 2.32361674 0
v 0.252499998 2.27702928 0
v 0.578633308 2.32361674 0
v 0.57249999 2.27702928 0
v 0.252499998 2.27702928 0
v 0.57249999 2.27702928 0
v 0.578633308 2.23044181 0
v 0.252499998 2.27702928 0
v 0.578633308 2.23044181 0
v 0.596615493 2.18702936 0
v 0.252499998 2.27702928 0
v 0.596615493 2.18702936 0
v 0.625220716 2.14975023 0
v 0.252499998 2.27702928 0
v 0.252499998 2.27702928 0
v 0.625220716 2.14975023 0
v 0.269537181 2.14761972 0
v 0.625220716 2.14975023 0
v 0.662500083 2.12114501 0
v 0.269537181 2.14761972 0
v 0.662500083 2.12114501 0
v 0.705912471 2.10316277 0
v 0.269537181 2.14761972 0
v 0.705912471 2.10316277 0
v 0.752499878 2.09702945 0
v 0.269537181 2.14761972 0
v 0.752499878 2.09702945 0
v 1.18551266 2.02702951 0
v 0.269537181 2.14761972 0
v 0.269537181 2.14761972 0
v 1.18551266 2.02702951 0
v 0.319487303 2.02702951 0
v 0.319487303 2.02702951 0
v 1.18551266 2.02702951 0
v 0.398946613 1.92347598 0
v 1.18551266 2.02702951 0
v 1.10605335 1.92347598 0
v 0.398946613 1.92347598 0
v 1.10605335 1.92347598 0
v 1.00249982 1.84401667 0
v 0.398946613 1.92347598 0
v 0.398946613 1.92347598 0
v 1.00249982 1.84401667 0
v 0.502499878 1.84401667 0
v 0.502499878 1.84401667 0
v 1.00249982 1.84401667 0
v 0.623090446 1.79406643 0
v 1.00249982 1.84401667 0
v 0.881909549 1.79406643 0
v 0.623090446 1.79406643 0
v 0.752499878 1.77702951 0
v 0.623090446 1.79406643 0
v 0.881909549 1.79406643 0
v 0.752499878 2.77703023 0
v 0.881909549 2.75999188 0
v 0.623090446 2.75999188 0
v 0.881909549 2.75999188 0
v 1.00249982 2.71004295 0
v 0.623090446 2.75999188 0
v 0.623090446 2.75999188 0
v 1.00249982 2.71004295 0
v 0.502499878 2.71004295 0
v 0.502499878 2.71004295 0
v 1.00249982 2.71004295 0
v 0.398946613 2.63058138 0
v 1.00249982 2.71004295 0
v 1.10605335 2.63058138 0
v 0.398946613 2.63058138 0
v 1.10605335 2.63058138 0
v 1.18551266 2.52702928 0
v 0.398946613 2.63058138 0
v 0.398946613 2.63058138 0
v 1.18551266 2.52702928 0
v 0.319487303 2.52702928 0
v 0.319487303 2.52702928 0
v 1.18551266 2.52702928 0
v 0.752499878 2.45702934 0
v 0.752499878 2.45702934 0
v 1.18551266 2.52702928 0
v 0.799087286 2.45089602 0
v 0.799087286 2.45089602 0
v 1.18551266 2.52702928 0
v 0.842499912 2.43291378 0
v 1.18551266 2.52702928 0
v 1.2354629 2.40643883 0
v 0.842499912 2.43291378 0
v 0.842499912 2.43291378 0
v 1.2354629 2.40643883 0
v 0.87977922 2.40430856 0
v 0.87977922 2.40430856 0
v 1.2354629 2.40643883 0
v 0.908384442 2.36702943 0
v 0.908384442 2.36702943 0
v 1.2354629 2.40643883 0
v 0.926366687 2.32361674 0
v 0.926366687 2.32361674 0
v 1.2354629 2.40643883 0
v 0.932500064 2.27702928 0
v 1.2354629 2.40643883 0
v 1.25249994 2.27702928 0
v 0.932500064 2.27702928 0
v 0.932500064 2.27702928 0
v 1.25249994 2.27702928 0
v 0.926366687 2.23044181 0
v 0.926366687 2.23044181 0
v 1.25249994 2.27702928 0
v 0.908384442 2.18702936 0
v 0.908384442 2.18702936 0
v 1.25249994 2.27702928 0
v 0.87977922 2.14975023 0
v 1.25249994 2.27702928 0
v 1.2354629 2.14761972 0
v 0.87977922 2.14975023 0
v 0.87977922 2.14975023 0
v 1.2354629 2.14761972 0
v 0.842499912 2.12114501 0
v 0.842499912 2.12114501 0
v 1.2354629 2.14761972 0
v 0.799087286 2.10316277 0
v 0.799087286 2.10316277 0
v 1.2354629 2.14761972 0
v 0.752499878 2.09702945 0
v 1.18551266 2.02702951 0
v 0.752499878 2.09702945 0
v 1.2354629 2.14761972 0
v 0.799087286 2.10316277 0
v 0.705912471 2.10316277 0
v 0.752499878 2.09702945 0
v 0.705912471 2.10316277 0
v 0.799087286 2.10316277 0
v 0.842499912 2.12114501 0
v 0.705912471 2.10316277 0
v 0.842499912 2.12114501 0
v 0.662500083 2.12114501 0
v 0.662500083 2.12114501 0
v 0.842499912 2.12114501 0
v 0.662500083 2.12114501 0
v 0.87977922 2.14975023 0
v 0.625220716 2.14975023 0
v 0.625220716 2.14975023 0
v 0.87977922 2.14975023 0
v 0.596615493 2.18702936 0
v 0.596615493 2.18702936 0
v 0.87977922 2.14975023 0
v 0.908384442 2.18702936 0
v 0.596615493 2.18702936 0
v 0.908384442 2.18702936 0
v 0.578633308 2.23044181 0
v 0.578633308 2.23044181 0
v 0.908384442 2.18702936 0
v 0.926366687 2.23044181 0
v 0.926366687 2.23044181 0
v 0.57249999 2.27702928 0
v 0.57249999 2.27702928 0
v 0.926366687 2.23044181 0
v 0.932500064 2.27702928 0
v 0.57249999 2.27702928 0
v 0.932500064 2.27702928 0
v 0.926366687 2.32361674 0
v 0.57249999 2.27702928 0
v 0.926366687 2.32361674 0
v 0.578633308 2.32361674 0
v 0.578633308 2.32361674 0
v 0.926366687 2.32361674 0
v 0.908384442 2.36702943 0
v 0.578633308 2.32361674 0
v 0.908384442 2.36702943 0
v 0.596615493 2.36702943 0
v 0.596615493 2.36702943 0
v 0.908384442 2.36702943 0
v 0.625220716 2.40430856 0
v 0.625220716 2.40430856 0
v 0.908384442 2.36702943 0
v 0.87977922 2.40430856 0
v 0.625220716 2.40430856 0
v 0.87977922 2.40430856 0
v 0.842499912 2.43291378 0
v 0.625220716 2.40430856 0
v 0.842499912 2.43291378 0
v 0.662500083 2.43291378 0
v 0.662500083 2.43291378 0
v 0.842499912 2.43291378 0
v 0.799087286 2.45089602 0
v 0.662500083 2.43291378 0
v 0.799087286 2.45089602 0
v 0.705912471 2.45089602 0
v 0.705912471 2.45089602 0
v 0.799087286 2.45089602 0
v 0.752499878 2.45702934 0
v 0.799087286 2.45089602 0
v 0.705912471 2.45089602 0
v 0.799087286 2.45089602 0
v 0.662500083 2.43291378 0
v 0.799087286 2.45089602 0
v 0.842499912 2.43291378 0
v 0.662500083 2.43291378 0
v 0.842499912 2.43291378 0
v 0.625220716 2.40430856 0
v 0.842499912 2.43291378 0
v 0.87977922 2.40430856 0
v 0.625220716 2.40430856 0
v 0.87977922 2.40430856 0
v 0.908384442 2.36702943 0
v 0.625220716 2.40430856 0
v 0.625220716 2.40430856 0
v 0.908384442 2.36702943 0
v 0.596615493 2.36702943 0
v 0.596615493 2.36702943 0
v 0.908384442 2.36702943 0
v 0.578633308 2.32361674 0
v 0.908384442 2.36702943 0
v 0.926366687 2.32361674 0
v 0.578633308 2.32361674 0
v 0.578633308 2.32361674 0
v 0.926366687 2.32361674 0
v 0.932500064 2.27702928 0
v 0.57249999 2.27702928 0
v 0.932500064 2.27702928 0
v 0.926366687 2.23044181 0
v 0.57249999 2.27702928 0
v 0.926366687 2.23044181 0
v 0.578633308 2.23044181 0
v 0.926366687 2.23044181 0
v 0.908384442 2.18702936 0
v 0.578633308 2.23044181 0
v 0.578633308 2.23044181 0
v 0.908384442 2.18702936 0
v 0.596615493 2.18702936 0
v 0.908384442 2.18702936 0
v 0.87977922 2.14975023 0
v 0.596615493 2.18702936 0
v 0.596615493 2.18702936 0
v 0.87977922 2.14975023 0
v 0.625220716 2.14975023 0
v 0.625220716 2.14975023 0
v 0.87977922 2.14975023 0
v 0.662500083 2.12114501 0
v 0.87977922 2.14975023 0
v 0.842499912 2.12114501 0
v 0.662500083 2.12114501 0
v 0.662500083 2.12114501 0
v 0.842499912 2.12114501 0
v 0.705912471 2.10316277 0
v 0.842499912 2.12114501 0
v 0.799087286 2.10316277 0
v 0.705912471 2.10316277 0
v 0.752499878 2.09702945 0
v 0.705912471 2.10316277 0
v 0.799087286 2.10316277 0
v 2.30408716 2.10316277 0
v 2.21091247 2.10316277 0
v 2.25749993 2.09702945 0
v 2.21091247 2.10316277 0
v 2.30408716 2.10316277 0
v 2.34749985 2.12114501 0
v 2.21091247 2.10316277 0
v 2.34749985 2.12114501 0
v 2.16750002 2.12114501 0
v 2.16750002 2.12114501 0
v 2.34749985 2.12114501 0
v 2.16750002 2.12114501 0
v 2.38477921 2.14975023 0
v 2.13022065 2.14975023 0
v 2.13022065 2.14975023 0
v 2.38477921 2.14975023 0
v 2.10161519 2.18702936 0
v 2.10161519 2.18702936 0
v 2.38477921 2.14975023 0
v 2.41338444 2.18702936 0
v 2.10161519 2.18702936 0
v 2.41338444 2.18702936 0
v 2.08363318 2.23044181 0
v 2.08363318 2.23044181 0
v 2.41338444 2.18702936 0
v 2.43136668 2.23044181 0
v 2.43136668 2.23044181 0
v 2.0775001 2.27702928 0
v 2.0775001 2.27702928 0
v 2.43136668 2.23044181 0
v 2.4375 2.27702928 0
v 2.0775001 2.27702928 0
v 2.4375 2.27702928 0
v 2.43136668 2.32361674 0
v 2.0775001 2.27702928 0
v 2.43136668 2.32361674 0
v 2.08363318 2.32361674 0
v 2.08363318 2.32361674 0
v 2.43136668 2.32361674 0
v 2.41338444 2.36702943 0
v 2.08363318 2.32361674 0
v 2.41338444 2.36702943 0
v 2.10161519 2.36702943 0
v 2.10161519 2.36702943 0
v 2.41338444 2.36702943 0
v 2.13022065 2.40430856 0
v 2.13022065 2.40430856 0
v 2.41338444 2.36702943 0
v 2.38477921 2.40430856 0
v 2.13022065 2.40430856 0
v 2.38477921 2.40430856 0
v 2.34749985 2.43291378 0
v 2.13022065 2.40430856 0
v 2.34749985 2.43291378 0
v 2.16750002 2.43291378 0
v 2.16750002 2.43291378 0
v 2.34749985 2.43291378 0
v 2.30408716 2.45089602 0
v 2.16750002 2.43291378 0
v 2.30408716 2.45089602 0
v 2.21091247 2.45089602 0
v 2.21091247 2.45089602 0
v 2.30408716 2.45089602 0
v 2.25749993 2.45702934 0
v 2.30408716 2.45089602 0
v 2.21091247 2.45089602 0
v 2.30408716 2.45089602 0
v 2.16750002 2.43291378 0
v 2.30408716 2.45089602 0
v 2.34749985 2.43291378 0
v 2.16750002 2.43291378 0
v 2.34749985 2.43291378 0
v 2.13022065 2.40430856 0
v 2.34749985 2.43291378 0
v 2.38477921 2.40430856 0
v 2.13022065 2.40430856 0
v 2.38477921 2.40430856 0
v 2.41338444 2.36702943 0
v 2.13022065 2.40430856 0
v 2.13022065 2.40430856 0
v 2.41338444 2.36702943 0
v 2.10161519 2.36702943 0
v 2.10161519 2.36702943 0
v 2.41338444 2.36702943 0
v 2.08363318 2.32361674 0
v 2.41338444 2.36702943 0
v 2.43136668 2.32361674 0
v 2.08363318 2.32361674 0
v 2.08363318 2.32361674 0
v 2.43136668 2.32361674 0
v 2.4375 2.27702928 0
v 2.0775001 2.27702928 0
v 2.4375 2.27702928 0
v 2.43136668 2.23044181 0
v 2.0775001 2.27702928 0
v 2.43136668 2.23044181 0
v 2.08363318 2.23044181 0
v 2.43136668 2.23044181 0
v 2.41338444 2.18702936 0
v 2.08363318 2.23044181 0
v 2.08363318 2.23044181 0
v 2.41338444 2.18702936 0
v 2.10161519 2.18702936 0
v 2.41338444 2.18702936 0
v 2.38477921 2.14975023 0
v 2.10161519 2.18702936 0
v 2.10161519 2.18702936 0
v 2.38477921 2.14975023 0
v 2.13022065 2.14975023 0
v 2.13022065 2.14975023 0
v 2.38477921 2.14975023 0
v 2.16750002 2.12114501 0
v 2.38477921 2.14975023 0
v 2.34749985 2.12114501 0
v 2.16750002 2.12114501 0
v 2.16750002 2.12114501 0
v 2.34749985 2.12114501 0
v 2.21091247 2.10316277 0
v 2.34749985 2.12114501 0
v 2.30408716 2.10316277 0
v 2.21091247 2.10316277 0
v 2.25749993 2.09702945 0
v 2.21091247 2.10316277 0
v 2.30408716 2.10316277 0
v 1.70276856 0.66760695 0
v 1.30723155 0.66760695 0
v 1.505 0.658494949 0
v 1.30723155 0.66760695 0
v 1.70276856 0.66760695 0
v 1.89886141 0.694866002 0
v 1.30723155 0.66760695 0
v 1.89886141 0.694866002 0
v 1.1111387 0.694866002 0
v 1.1111387 0.694866002 0
v 1.89886141 0.694866002 0
v 2.09161639 0.740040898 0
v 1.1111387 0.694866002 0
v 2.09161639 0.740040898 0
v 0.918383181 0.740040898 0
v 0.918383181 0.740040898 0
v 2.09161639 0.740040898 0
v 1.505 0.755340397 0
v 1.505 0.755340397 0
v 2.09161639 0.740040898 0
v 1.70337045 0.764751315 0
v 1.70337045 0.764751315 0
v 2.09161639 0.740040898 0
v 2.27940154 0.802748978 0
v 1.70337045 0.764751315 0
v 2.27940154 0.802748978 0
v 1.89995897 0.79289937 0
v 1.89995897 0.79289937 0
v 2.27940154 0.802748978 0
v 2.09300017 0.83953172 0
v 2.09300017 0.83953172 0
v 2.27940154 0.802748978 0
v 2.46062446 0.882458746 0
v 2.09300017 0.83953172 0
v 2.46062446 0.882458746 0
v 2.28075933 0.904229581 0
v 2.28075933 0.904229581 0
v 2.46062446 0.882458746 0
v 2.63374901 0.978494823 0
v 2.28075933 0.904229581 0
v 2.63374901 0.978494823 0
v 2.44413424 0.978494823 0
v 2.44413424 0.978494823 0
v 2.63374901 0.978494823 0
v 2.46155095 0.986412048 0
v 2.46155095 0.986412048 0
v 2.63374901 0.978494823 0
v 2.63374901 1.08534038 0
v 0.918383181 0.740040898 0
v 1.30662954 0.764751315 0
v 0.73059845 0.802748978 0
v 1.30662954 0.764751315 0
v 0.918383181 0.740040898 0
v 1.505 0.755340397 0
v 0.73059845 0.802748978 0
v 1.30662954 0.764751315 0
v 1.1100409 0.79289937 0
v 0.73059845 0.802748978 0
v 1.1100409 0.79289937 0
v 0.916999936 0.83953172 0
v 0.73059845 0.802748978 0
v 0.916999936 0.83953172 0
v 0.549375594 0.882458746 0
v 0.549375594 0.882458746 0
v 0.916999936 0.83953172 0
v 0.729240596 0.904229581 0
v 0.549375594 0.882458746 0
v 0.729240596 0.904229581 0
v 0.376249939 0.978494823 0
v 0.376249939 0.978494823 0
v 0.729240596 0.904229581 0
v 0.565865755 0.978494823 0
v 0.376249939 0.978494823 0
v 0.565865755 0.978494823 0
v 0.548449218 0.986412048 0
v 0.376249939 0.978494823 0
v 0.548449218 0.986412048 0
v 0.376249939 1.08534038 0
v 0.376249939 1.08534038 0
v 0.548449218 0.986412048 0
v 0.376249939 0.978494823 0
v 0.548449218 0.986412048 0
v 0.565865755 0.978494823 0
v 0.376249939 0.978494823 0
v 0.565865755 0.978494823 0
v 0.729240596 0.904229581 0
v 0.376249939 0.978494823 0
v 0.376249939 0.978494823 0
v 0.729240596 0.904229581 0
v 0.549375594 0.882458746 0
v 0.729240596 0.904229581 0
v 0.916999936 0.83953172 0
v 0.549375594 0.882458746 0
v 0.549375594 0.882458746 0
v 0.916999936 0.83953172 0
v 0.73059845 0.802748978 0
v 0.916999936 0.83953172 0
v 1.1100409 0.79289937 0
v 0.73059845 0.802748978 0
v 1.1100409 0.79289937 0
v 1.30662954 0.764751315 0
v 0.73059845 0.802748978 0
v 1.505 0.755340397 0
v 0.918383181 0.740040898 0
v 1.30662954 0.764751315 0
v 0.73059845 0.802748978 0
v 1.30662954 0.764751315 0
v 0.918383181 0.740040898 0
v 2.63374901 1.08534038 0
v 2.63374901 0.978494823 0
v 2.46155095 0.986412048 0
v 2.46155095 0.986412048 0
v 2.63374901 0.978494823 0
v 2.44413424 0.978494823 0
v 2.44413424 0.978494823 0
v 2.63374901 0.978494823 0
v 2.28075933 0.904229581 0
v 2.63374901 0.978494823 0
v 2.46062446 0.882458746 0
v 2.28075933 0.904229581 0
v 2.28075933 0.904229581 0
v 2.46062446 0.882458746 0
v 2.09300017 0.83953172 0
v 2.46062446 0.882458746 0
v 2.27940154 0.802748978 0
v 2.09300017 0.83953172 0
v 2.09300017 0.83953172 0
v 2.27940154 0.802748978 0
v 1.89995897 0.79289937 0
v 1.89995897 0.79289937 0
v 2.27940154 0.802748978 0
v 1.70337045 0.764751315 0
v 2.27940154 0.802748978 0
v 2.09161639 0.740040898 0
v 1.70337045 0.764751315 0
v 1.70337045 0.764751315 0
v 2.09161639 0.740040898 0
v 1.505 0.755340397 0
v 1.505 0.755340397 0
v 2.09161639 0.740040898 0
v 0.918383181 0.740040898 0
v 0.918383181 0.740040898 0
v 2.09161639 0.740040898 0
v 1.1111387 0.694866002 0
v 2.09161639 0.740040898 0
v 1.89886141 0.694866002 0
v 1.1111387 0.694866002 0
v 1.1111387 0.694866002 0
v 1.89886141 0.694866002 0
v 1.30723155 0.66760695 0
v 1.89886141 0.694866002 0
v 1.70276856 0.66760695 0
v 1.30723155 0.66760695 0
v 1.505 0.658494949 0
v 1.30723155 0.66760695 0
v 1.70276856 0.66760695 0
v 3.00999904 0 0
v 2.27940154 0.802748978 0
v 0 0 0
v 2.27940154 0.802748978 0
v 3.00999904 0 0
v 2.46062446 0.882458746 0
v 2.46062446 0.882458746 0
v 3.00999904 0 0
v 2.63374901 0.978494823 0
v 2.63374901 0.978494823 0
v 3.00999904 0 0
v 2.84671521 2.11914968 0
v 2.84671521 2.11914968 0
v 3.00999904 0 0
v 2.86749983 2.27702928 0
v 2.86749983 2.27702928 0
v 3.00999904 0 0
v 3.00999904 3.47068381 0
v 0 0 0
v 2.27940154 0.802748978 0
v 2.09161639 0.740040898 0
v 0 0 0
v 1.89886141 0.694866002 0
v 0 0 0
v 1.89886141 0.694866002 0
v 1.70276856 0.66760695 0
v 0 0 0
v 1.70276856 0.66760695 0
v 1.505 0.658494949 0
v 2.63374901 0.978494823 0
v 2.84671521 2.11914968 0
v 2.63374901 1.08534038 0
v 2.63374901 1.08534038 0
v 2.84671521 2.11914968 0
v 2.78577542 1.97202921 0
v 2.63374901 1.08534038 0
v 2.78577542 1.97202921 0
v 2.68883634 1.8456943 0
v 2.63374901 1.08534038 0
v 2.68883634 1.8456943 0
v 2.56249928 1.74875391 0
v 2.63374901 1.08534038 0
v 2.56249928 1.74875391 0
v 2.41537976 1.68781435 0
v 2.63374901 1.08534038 0
v 2.41537976 1.68781435 0
v 0.376249939 1.08534038 0
v 0.376249939 1.08534038 0
v 2.41537976 1.68781435 0
v 2.25749993 1.66702938 0
v 2.86749983 2.27702928 0
v 3.00999904 3.47068381 0
v 2.84671521 2.43490887 0
v 2.84671521 2.43490887 0
v 3.00999904 3.47068381 0
v 2.78577542 2.58202934 0
v 2.78577542 2.58202934 0
v 3.00999904 3.47068381 0
v 2.68883634 2.70836401 0
v 2.68883634 2.70836401 0
v 3.00999904 3.47068381 0
v 2.56249928 2.80530548 0
v 2.56249928 2.80530548 0
v 3.00999904 3.47068381 0
v 2.41537976 2.86624527 0
v 2.41537976 2.86624527 0
v 3.00999904 3.47068381 0
v 2.25749993 2.88702989 0
v 2.25749993 2.88702989 0
v 3.00999904 3.47068381 0
v 0 0 0
v 0.142499998 2.27702928 0
v -1.80477839e-16 3.47068381 0
v 0.142499998 2.27702928 0
v 0 0 0
v 0.163285241 2.11914968 0
v 0.163285241 2.11914968 0
v 0 0 0
v 0.376249939 0.978494823 0
v 0.376249939 0.978494823 0
v 0 0 0
v 0.549375594 0.882458746 0
v 0.549375594 0.882458746 0
v 0 0 0
v 0.73059845 0.802748978 0
v 0.73059845 0.802748978 0
v 0 0 0
v 0.918383181 0.740040898 0
v 0.918383181 0.740040898 0
v 0 0 0
v 1.1111387 0.694866002 0
v 1.1111387 0.694866002 0
v 0 0 0
v 1.30723155 0.66760695 0
v 1.30723155 0.66760695 0
v 0 0 0
v 1.505 0.658494949 0
v 0.163285241 2.11914968 0
v 0.376249939 0.978494823 0
v 0.376249939 1.08534038 0
v 0.163285241 2.11914968 0
v 0.376249939 1.08534038 0
v 0.224224493 1.97202921 0
v 0.224224493 1.97202921 0
v 0.376249939 1.08534038 0
v 0.321164966 1.8456943 0
v 0.321164966 1.8456943 0
v 0.376249939 1.08534038 0
v 0.44749999 1.74875391 0
v 0.44749999 1.74875391 0
v 0.376249939 1.08534038 0
v 0.594620347 1.68781435 0
v 0.594620347 1.68781435 0
v 0.376249939 1.08534038 0
v 0.752499878 1.66702938 0
v 0.752499878 1.66702938 0
v 0.376249939 1.08534038 0
v 2.25749993 1.66702938 0
v -1.80477839e-16 3.47068381 0
v 0.142499998 2.27702928 0
v 0.163285241 2.43490887 0
v -1.80477839e-16 3.47068381 0
v 0.163285241 2.43490887 0
v -1.80477839e-16 3.47068381 0
v 0.224224493 2.58202934 0
v 0.321164966 2.70836401 0
v -1.80477839e-16 3.47068381 0
v 0.321164966 2.70836401 0
v 0.44749999 2.80530548 0
v -1.80477839e-16 3.47068381 0
v 0.44749999 2.80530548 0
v 0.594620347 2.86624527 0
v -1.80477839e-16 3.47068381 0
v 0.594620347 2.86624527 0
v 0.752499878 2.88702989 0
v -1.80477839e-16 3.47068381 0
v 0.752499878 2.88702989 0
v 3.00999904 3.47068381 0
v -1.80477839e-16 3.47068381 0
v 3.00999904 3.47068381 0
v 2.7705431 3.56746292 0
v -1.80477839e-16 3.47068381 0
v 2.7705431 3.56746292 0
v 0.23945573 3.56746292 0
v 0.23945573 3.56746292 0
v 2.7705431 3.56746292 0
v 2.52491879 3.64729786 0
v 0.23945573 3.56746292 0
v 2.52491879 3.64729786 0
v 0.485080808 3.64729786 0
v 0.485080808 3.64729786 0
v 2.52491879 3.64729786 0
v 2.27432179 3.70979953 0
v 0.485080808 3.64729786 0
v 2.27432179 3.70979953 0
v 0.735677958 3.70979953 0
v 0.735677958 3.70979953 0
v 2.27432179 3.70979953 0
v 2.01997447 3.75466108 0
v 0.735677958 3.70979953 0
v 2.01997447 3.75466108 0
v 0.990025699 3.75466108 0
v 0.990025699 3.75466108 0
v 2.01997447 3.75466108 0
v 1.76311636 3.78166652 0
v 0.990025699 3.75466108 0
v 1.76311636 3.78166652 0
v 1.24688363 3.78166652 0
v 1.24688363 3.78166652 0
v 1.76311636 3.78166652 0
v 1.505 3.79068327 0
v 2.09962034 1.68781435 0
v 0.752499878 1.66702938 0
v 2.25749993 1.66702938 0
v 0.752499878 1.66702938 0
v 2.09962034 1.68781435 0
v 0.910379708 1.68781435 0
v 0.910379708 1.68781435 0
v 2.09962034 1.68781435 0
v 1.95249999 1.74875391 0
v 0.910379708 1.68781435 0
v 1.95249999 1.74875391 0
v 1.05750012 1.74875391 0
v 1.05750012 1.74875391 0
v 1.95249999 1.74875391 0
v 1.82616472 1.8456943 0
v 1.05750012 1.74875391 0
v 1.82616472 1.8456943 0
v 1.18383515 1.8456943 0
v 1.18383515 1.8456943 0
v 1.82616472 1.8456943 0
v 1.72922432 1.97202921 0
v 1.18383515 1.8456943 0
v 1.72922432 1.97202921 0
v 1.28077543 1.97202921 0
v 1.28077543 1.97202921 0
v 1.72922432 1.97202921 0
v 1.66828513 2.11914968 0
v 1.28077543 1.97202921 0
v 1.66828513 2.11914968 0
v 1.34171486 2.11914968 0
v 1.34171486 2.11914968 0
v 1.66828513 2.11914968 0
v 1.6474998 2.27702928 0
v 1.34171486 2.11914968 0
v 1.6474998 2.27702928 0
v 1.36249995 2.27702928 0
v 1.36249995 2.27702928 0
v 1.6474998 2.27702928 0
v 1.66828513 2.43490887 0
v 1.36249995 2.27702928 0
v 1.66828513 2.43490887 0
v 1.34171486 2.43490887 0
v 1.34171486 2.43490887 0
v 1.66828513 2.43490887 0
v 1.72922432 2.58202934 0
v 1.34171486 2.43490887 0
v 1.72922432 2.58202934 0
v 1.28077543 2.58202934 0
v 1.28077543 2.58202934 0
v 1.72922432 2.58202934 0
v 1.82616472 2.70836401 0
v 1.28077543 2.58202934 0
v 1.82616472 2.70836401 0
v 1.18383515 2.70836401 0
v 1.18383515 2.70836401 0
v 1.82616472 2.70836401 0
v 1.95249999 2.80530548 0
v 1.18383515 2.70836401 0
v 1.95249999 2.80530548 0
v 1.05750012 2.80530548 0
v 1.05750012 2.80530548 0
v 1.95249999 2.80530548 0
v 2.09962034 2.86624527 0
v 1.05750012 2.80530548 0
v 2.09962034 2.86624527 0
v 0.910379708 2.86624527 0
v 0.910379708 2.86624527 0
v 2.09962034 2.86624527 0
v 2.25749993 2.88702989 0
v 0.910379708 2.86624527 0
v 2.25749993 2.88702989 0
v 0.752499878 2.88702989 0
v 1.70337045 0.764751315 0
v 1.30662954 0.764751315 0
v 1.505 0.755340397 0
v 1.30662954 0.764751315 0
v 1.70337045 0.764751315 0
v 1.89995897 0.79289937 0
v 1.30662954 0.764751315 0
v 1.89995897 0.79289937 0
v 1.1100409 0.79289937 0
v 1.1100409 0.79289937 0
v 1.89995897 0.79289937 0
v 0.916999936 0.83953172 0
v 0.916999936 0.83953172 0
v 1.89995897 0.79289937 0
v 2.09300017 0.83953172 0
v 0.916999936 0.83953172 0
v 2.09300017 0.83953172 0
v 2.28075933 0.904229581 0
v 0.916999936 0.83953172 0
v 2.28075933 0.904229581 0
v 0.729240596 0.904229581 0
v 0.729240596 0.904229581 0
v 2.28075933 0.904229581 0
v 2.44413424 0.978494823 0
v 0.729240596 0.904229581 0
v 2.44413424 0.978494823 0
v 0.565865755 0.978494823 0
v 0.565865755 0.978494823 0
v 2.44413424 0.978494823 0
v 2.46155095 0.986412048 0
v 0.565865755 0.978494823 0
v 2.46155095 0.986412048 0
v 0.548449218 0.986412048 0
v 0.548449218 0.986412048 0
v 2.46155095 0.986412048 0
v 2.63374901 1.08534038 0
v 0.548449218 0.986412048 0
v 2.63374901 1.08534038 0
v 0.376249939 1.08534038 0
v 2.63374901 1.08534038 0
v 0.548449218 0.986412048 0
v 2.63374901 1.08534038 0
v 2.46155095 0.986412048 0
v 0.548449218 0.986412048 0
v 0.548449218 0.986412048 0
v 2.46155095 0.986412048 0
v 0.565865755 0.978494823 0
v 2.46155095 0.986412048 0
v 2.44413424 0.978494823 0
v 0.565865755 0.978494823 0
v 0.565865755 0.978494823 0
v 2.44413424 0.978494823 0
v 0.729240596 0.904229581 0
v 2.44413424 0.978494823 0
v 2.28075933 0.904229581 0
v 0.729240596 0.904229581 0
v 0.729240596 0.904229581 0
v 2.28075933 0.904229581 0
v 0.916999936 0.83953172 0
v 2.28075933 0.904229581 0
v 2.09300017 0.83953172 0
v 0.916999936 0.83953172 0
v 2.09300017 0.83953172 0
v 1.89995897 0.79289937 0
v 0.916999936 0.83953172 0
v 0.916999936 0.83953172 0
v 1.89995897 0.79289937 0
v 1.1100409 0.79289937 0
v 1.1100409 0.79289937 0
v 1.89995897 0.79289937 0
v 1.30662954 0.764751315 0
v 1.89995897 0.79289937 0
v 1.70337045 0.764751315 0
v 1.30662954 0.764751315 0
v 1.505 0.755340397 0
v 1.30662954 0.764751315 0
v 1.70337045 0.764751315 0
v 0.752499878 2.88702989 0
v 2.25749993 2.88702989 0
v 0.910379708 2.86624527 0
v 2.25749993 2.88702989 0
v 2.09962034 2.86624527 0
v 0.910379708 2.86624527 0
v 0.910379708 2.86624527 0
v 2.09962034 2.86624527 0
v 1.05750012 2.80530548 0
v 2.09962034 2.86624527 0
v 1.95249999 2.80530548 0
v 1.05750012 2.80530548 0
v 1.05750012 2.80530548 0
v 1.95249999 2.80530548 0
v 1.18383515 2.70836401 0
v 1.95249999 2.80530548 0
v 1.82616472 2.70836401 0
v 1.18383515 2.70836401 0
v 1.18383515 2.70836401 0
v 1.82616472 2.70836401 0
v 1.28077543 2.58202934 0
v 1.82616472 2.70836401 0
v 1.72922432 2.58202934 0
v 1.28077543 2.58202934 0
v 1.28077543 2.58202934 0
v 1.72922432 2.58202934 0
v 1.34171486 2.43490887 0
v 1.72922432 2.58202934 0
v 1.66828513 2.43490887 0
v 1.34171486 2.43490887 0
v 1.34171486 2.43490887 0
v 1.66828513 2.43490887 0
v 1.36249995 2.27702928 0
v 1.66828513 2.43490887 0
v 1.6474998 2.27702928 0
v 1.36249995 2.27702928 0
v 1.36249995 2.27702928 0
v 1.6474998 2.27702928 0
v 1.34171486 2.11914968 0
v 1.6474998 2.27702928 0
v 1.66828513 2.11914968 0
v 1.34171486 2.11914968 0
v 1.34171486 2.11914968 0
v 1.66828513 2.11914968 0
v 1.28077543 1.97202921 0
v 1.66828513 2.11914968 0
v 1.72922432 1.97202921 0
v 1.28077543 1.97202921 0
v 1.28077543 1.97202921 0
v 1.72922432 1.97202921 0
v 1.18383515 1.8456943 0
v 1.72922432 1.97202921 0
v 1.82616472 1.8456943 0
v 1.18383515 1.8456943 0
v 1.18383515 1.8456943 0
v 1.82616472 1.8456943 0
v 1.05750012 1.74875391 0
v 1.95249999 1.74875391 0
v 1.05750012 1.74875391 0
v 1.05750012 1.74875391 0
v 1.95249999 1.74875391 0
v 0.910379708 1.68781435 0
v 1.95249999 1.74875391 0
v 2.09962034 1.68781435 0
v 0.910379708 1.68781435 0
v 0.910379708 1.68781435 0
v 2.09962034 1.68781435 0
v 0.752499878 1.66702938 0
v 2.25749993 1.66702938 0
v 0.752499878 1.66702938 0
v 2.09962034 1.68781435 0
v 1.505 3.79068327 0
v 1.76311636 3.78166652 0
v 1.24688363 3.78166652 0
v 1.24688363 3.78166652 0
v 1.76311636 3.78166652 0
v 0.990025699 3.75466108 0
v 1.76311636 3.78166652 0
v 2.01997447 3.75466108 0
v 0.990025699 3.75466108 0
v 0.990025699 3.75466108 0
v 2.01997447 3.75466108 0
v 0.735677958 3.70979953 0
v 2.01997447 3.75466108 0
v 2.27432179 3.70979953 0
v 0.735677958 3.70979953 0
v 0.735677958 3.70979953 0
v 2.27432179 3.70979953 0
v 0.485080808 3.64729786 0
v 2.27432179 3.70979953 0
v 2.52491879 3.64729786 0
v 0.485080808 3.64729786 0
v 0.485080808 3.64729786 0
v 2.52491879 3.64729786 0
v 0.23945573 3.56746292 0
v 2.52491879 3.64729786 0
v 2.7705431 3.56746292 0
v 0.23945573 3.56746292 0
v 0.23945573 3.56746292 0
v 2.7705431 3.56746292 0
v -1.80477839e-16 3.47068381 0
v 2.7705431 3.56746292 0
v -1.80477839e-16 3.47068381 0
v 3.00999904 3.47068381 0
v 0.752499878 2.88702989 0
v -1.80477839e-16 3.47068381 0
v 0.752499878 2.88702989 0
v 0.594620347 2.86624527 0
v -1.80477839e-16 3.47068381 0
v 0.594620347 2.86624527 0
v 0.44749999 2.80530548 0
v -1.80477839e-16 3.47068381 0
v 0.44749999 2.80530548 0
v 0.321164966 2.70836401 0
v -1.80477839e-16 3.47068381 0
v 0.321164966 2.70836401 0
v 0.224224493 2.58202934 0
v -1.80477839e-16 3.47068381 0
v 0.224224493 2.58202934 0
v 0.163285241 2.43490887 0
v -1.80477839e-16 3.47068381 0
v 0.163285241 2.43490887 0
v 0.142499998 2.27702928 0
v -1.80477839e-16 3.47068381 0
v 2.25749993 1.66702938 0
v 0.376249939 1.08534038 0
v 0.752499878 1.66702938 0
v 0.752499878 1.66702938 0
v 0.376249939 1.08534038 0
v 0.594620347 1.68781435 0
v 0.594620347 1.68781435 0
v 0.376249939 1.08534038 0
v 0.44749999 1.74875391 0
v 0.44749999 1.74875391 0
v 0.376249939 1.08534038 0
v 0.321164966 1.8456943 0
v 0.321164966 1.8456943 0
v 0.376249939 1.08534038 0
v 0.224224493 1.97202921 0
v 0.224224493 1.97202921 0
v 0.376249939 1.08534038 0
v 0.163285241 2.11914968 0
v 0.376249939 1.08534038 0
v 0.376249939 0.978494823 0
v 0.163285241 2.11914968 0
v 1.505 0.658494949 0
v 0 0 0
v 1.30723155 0.66760695 0
v 1.30723155 0.66760695 0
v 0 0 0
v 1.1111387 0.694866002 0
v 1.1111387 0.694866002 0
v 0 0 0
v 0.918383181 0.740040898 0
v 0.918383181 0.740040898 0
v 0 0 0
v 0.73059845 0.802748978 0
v 0.73059845 0.802748978 0
v 0 0 0
v 0.549375594 0.882458746 0
v 0.549375594 0.882458746 0
v 0 0 0
v 0.376249939 0.978494823 0
v 0.376249939 0.978494823 0
v 0 0 0
v 0.163285241 2.11914968 0
v 0.163285241 2.11914968 0
v 0 0 0
v 0.142499998 2.27702928 0
v -1.80477839e-16 3.47068381 0
v 0.142499998 2.27702928 0
v 0 0 0
v 0.752499878 2.88702989 0
v 3.00999904 3.47068381 0
v 2.25749993 2.88702989 0
v 2.25749993 2.88702989 0
v 3.00999904 3.47068381 0
v 2.41537976 2.86624527 0
v 2.41537976 2.86624527 0
v 3.00999904 3.47068381 0
v 2.56249928 2.80530548 0
v 2.56249928 2.80530548 0
v 3.00999904 3.47068381 0
v 2.68883634 2.70836401 0
v 2.68883634 2.70836401 0
v 3.00999904 3.47068381 0
v 2.78577542 2.58202934 0
v 2.78577542 2.58202934 0
v 3.00999904 3.47068381 0
v 2.84671521 2.43490887 0
v 2.84671521 2.43490887 0
v 3.00999904 3.47068381 0
v 2.86749983 2.27702928 0
v 2.25749993 1.66702938 0
v 2.41537976 1.68781435 0
v 0.376249939 1.08534038 0
v 0.376249939 1.08534038 0
v 2.41537976 1.68781435 0
v 2.63374901 1.08534038 0
v 2.41537976 1.68781435 0
v 2.56249928 1.74875391 0
v 2.63374901 1.08534038 0
v 2.56249928 1.74875391 0
v 2.68883634 1.8456943 0
v 2.63374901 1.08534038 0
v 2.68883634 1.8456943 0
v 2.78577542 1.97202921 0
v 2.63374901 1.08534038 0
v 2.78577542 1.97202921 0
v 2.84671521 2.11914968 0
v 2.63374901 1.08534038 0
v 2.63374901 1.08534038 0
v 2.84671521 2.11914968 0
v 2.63374901 0.978494823 0
v 1.505 0.658494949 0
v 1.70276856 0.66760695 0
v 0 0 0
v 1.70276856 0.66760695 0
v 1.89886141 0.694866002 0
v 0 0 0
v 1.89886141 0.694866002 0
v 2.09161639 0.740040898 0
v 0 0 0
v 2.09161639 0.740040898 0
v 2.27940154 0.802748978 0
v 0 0 0
v 3.00999904 3.47068381 0
v 3.00999904 0 0
v 2.86749983 2.27702928 0
v 2.86749983 2.27702928 0
v 3.00999904 0 0
v 2.84671521 2.11914968 0
v 2.84671521 2.11914968 0
v 3.00999904 0 0
v 2.63374901 0.978494823 0
v 2.63374901 0.978494823 0
v 3.00999904 0 0
v 2.46062446 0.882458746 0
v 2.46062446 0.882458746 0
v 3.00999904 0 0
v 2.27940154 0.802748978 0
v 0 0 0
v 2.27940154 0.802748978 0
v 3.00999904 0 0
v 0.844681263 1.85429835 -3.07999897
v 0.857183695 1.81995928 -3.07999897
v 0.857183695 1.85846066 -3.07999897
v 0.857183695 1.81995928 -3.07999897
v 0.844681263 1.85429835 -3.07999897
v 0.848843336 1.49634063 -3.07999897
v 0.746248722 1.85846066 -3.07999897
v 0.752507925 1.57490396 -3.07999897
v 0.754060745 1.85637927 -3.07999897
v 0.752507925 1.57490396 -3.07999897
v 0.746248722 1.85846066 -3.07999897
v 0.744167566 1.81371582 -3.07999897
v 0.744167566 1.81371582 -3.07999897
v 0.746248722 1.85846066 -3.07999897
v 0.742086649 1.85221696 -3.07999897
v 0.857183695 0.982817054 -3.07999897
v 0.861345887 0.837656915 -3.07999897
v 0.861345887 0.874077022 -3.07999897
v 0.861345887 0.837656915 -3.07999897
v 0.857183695 0.982817054 -3.07999897
v 0.788960457 0.841819227 -3.07999897
v 0.788960457 0.841819227 -3.07999897
v 0.857183695 0.982817054 -3.07999897
v 0.848843336 1.49634063 -3.07999897
v 0.788960457 0.841819227 -3.07999897
v 0.848843336 1.49634063 -3.07999897
v 0.844681263 1.85429835 -3.07999897
v 0.788960457 0.841819227 -3.07999897
v 0.844681263 1.85429835 -3.07999897
v 0.76343441 1.85429835 -3.07999897
v 0.788960457 0.841819227 -3.07999897
v 0.76343441 1.85429835 -3.07999897
v 0.759272099 0.839738071 -3.07999897
v 0.759272099 0.839738071 -3.07999897
v 0.76343441 1.85429835 -3.07999897
v 0.754060745 1.85637927 -3.07999897
v 0.759272099 0.839738071 -3.07999897
v 0.754060745 1.85637927 -3.07999897
v 0.754589081 1.11236858 -3.07999897
v 0.754589081 1.11236858 -3.07999897
v 0.754060745 1.85637927 -3.07999897
v 0.752507925 1.16803932 -3.07999897
v 0.752507925 1.16803932 -3.07999897
v 0.754060745 1.85637927 -3.07999897
v 0.752507925 1.57490396 -3.07999897
v 0.752507925 1.16803932 -3.07999897
v 0.752507925 1.57490396 -3.07999897
v 0.752507925 1.24660277 -3.07999897
v 0.752507925 1.16803932 -3.07999897
v 0.752507925 1.24660277 -3.07999897
v 0.742086649 1.20185804 -3.07999897
v 0.752507925 1.16803932 -3.07999897
v 0.742086649 1.20185804 -3.07999897
v 0.724900723 1.16803932 -3.07999897
v 0.724900723 1.16803932 -3.07999897
v 0.742086649 1.20185804 -3.07999897
v 0.691963911 1.22218585 -3.07999897
v 0.724900723 1.16803932 -3.07999897
v 0.691963911 1.22218585 -3.07999897
v 0.699390888 1.14046407 -3.07999897
v 0.699390888 1.14046407 -3.07999897
v 0.691963911 1.22218585 -3.07999897
v 0.631167412 1.06346166 -3.07999897
v 0.631167412 1.06346166 -3.07999897
v 0.691963911 1.22218585 -3.07999897
v 0.622827291 1.28316915 -3.07999897
v 0.631167412 1.06346166 -3.07999897
v 0.622827291 1.28316915 -3.07999897
v 0.624908447 1.21309304 -3.07999897
v 0.624908447 1.21309304 -3.07999897
v 0.622827291 1.28316915 -3.07999897
v 0.533256054 1.29848504 -3.07999897
v 0.533256054 1.29848504 -3.07999897
v 0.622827291 1.28316915 -3.07999897
v 0.539499283 1.36865878 -3.07999897
v 0.533256054 1.29848504 -3.07999897
v 0.539499283 1.36865878 -3.07999897
v 0.432742357 1.48177254 -3.07999897
v 0.533256054 1.29848504 -3.07999897
v 0.432742357 1.48177254 -3.07999897
v 0.487942219 1.3364985 -3.07999897
v 0.487942219 1.3364985 -3.07999897
v 0.432742357 1.48177254 -3.07999897
v 0.413996696 1.39820147 -3.07999897
v 0.413996696 1.39820147 -3.07999897
v 0.432742357 1.48177254 -3.07999897
v 0.419736624 1.47969151 -3.07999897
v 0.413996696 1.39820147 -3.07999897
v 0.419736624 1.47969151 -3.07999897
v 0.390046835 1.47761011 -3.07999897
v 0.413996696 1.39820147 -3.07999897
v 0.390046835 1.47761011 -3.07999897
v 0.323906183 1.47344804 -3.07999897
v 0.323906183 1.47344804 -3.07999897
v 0.390046835 1.47761011 -3.07999897
v 0.323906183 1.48177254 -3.07999897
v 0.624908447 1.21309304 -3.07999897
v 0.560863018 0.980215609 -3.07999897
v 0.631167412 1.06346166 -3.07999897
v 0.560863018 0.980215609 -3.07999897
v 0.624908447 1.21309304 -3.07999897
v 0.559025764 1.1383667 -3.07999897
v 0.560863018 0.980215609 -3.07999897
v 0.559025764 1.1383667 -3.07999897
v 0.516070366 0.929227471 -3.07999897
v 0.516070366 0.929227471 -3.07999897
v 0.559025764 1.1383667 -3.07999897
v 0.471277714 1.03604901 -3.07999897
v 0.516070366 0.929227471 -3.07999897
v 0.471277714 1.03604901 -3.07999897
v 0.443165541 0.837656915 -3.07999897
v 0.443165541 0.837656915 -3.07999897
v 0.471277714 1.03604901 -3.07999897
v 0.407232285 0.967826307 -3.07999897
v 0.443165541 0.837656915 -3.07999897
v 0.407232285 0.967826307 -3.07999897
v 0.370779991 0.841819227 -3.07999897
v 0.370779991 0.841819227 -3.07999897
v 0.407232285 0.967826307 -3.07999897
v 0.345254183 0.897538722 -3.07999897
v 0.370779991 0.841819227 -3.07999897
v 0.345254183 0.897538722 -3.07999897
v 0.304639339 0.837656915 -3.07999897
v 0.304639339 0.837656915 -3.07999897
v 0.345254183 0.897538722 -3.07999897
v 0.304639339 0.845981538 -3.07999897
v 0.759272099 0.839738071 -3.07999897
v 0.754589081 0.982817054 -3.07999897
v 0.748345613 0.837656915 -3.07999897
v 0.754589081 0.982817054 -3.07999897
v 0.759272099 0.839738071 -3.07999897
v 0.754589081 1.11236858 -3.07999897
v 0.748345613 0.837656915 -3.07999897
v 0.754589081 0.982817054 -3.07999897
v 0.748345613 0.874077022 -3.07999897
v 0.748345613 0.874077022 -3.07999897
v 0.754589081 0.982817054 -3.07999897
v 0.748345613 0.837656915 -3.07999897
v 0.754589081 1.11236858 -3.07999897
v 0.759272099 0.839738071 -3.07999897
v 0.754589081 0.982817054 -3.07999897
v 0.748345613 0.837656915 -3.07999897
v 0.754589081 0.982817054 -3.07999897
v 0.759272099 0.839738071 -3.07999897
v 0.304639339 0.845981538 -3.07999897
v 0.345254183 0.897538722 -3.07999897
v 0.304639339 0.837656915 -3.07999897
v 0.304639339 0.837656915 -3.07999897
v 0.345254183 0.897538722 -3.07999897
v 0.370779991 0.841819227 -3.07999897
v 0.345254183 0.897538722 -3.07999897
v 0.407232285 0.967826307 -3.07999897
v 0.370779991 0.841819227 -3.07999897
v 0.370779991 0.841819227 -3.07999897
v 0.407232285 0.967826307 -3.07999897
v 0.443165541 0.837656915 -3.07999897
v 0.407232285 0.967826307 -3.07999897
v 0.471277714 1.03604901 -3.07999897
v 0.443165541 0.837656915 -3.07999897
v 0.443165541 0.837656915 -3.07999897
v 0.471277714 1.03604901 -3.07999897
v 0.516070366 0.929227471 -3.07999897
v 0.471277714 1.03604901 -3.07999897
v 0.559025764 1.1383667 -3.07999897
v 0.516070366 0.929227471 -3.07999897
v 0.516070366 0.929227471 -3.07999897
v 0.559025764 1.1383667 -3.07999897
v 0.560863018 0.980215609 -3.07999897
v 0.559025764 1.1383667 -3.07999897
v 0.624908447 1.21309304 -3.07999897
v 0.560863018 0.980215609 -3.07999897
v 0.631167412 1.06346166 -3.07999897
v 0.560863018 0.980215609 -3.07999897
v 0.624908447 1.21309304 -3.07999897
v 0.323906183 1.48177254 -3.07999897
v 0.390046835 1.47761011 -3.07999897
v 0.323906183 1.47344804 -3.07999897
v 0.323906183 1.47344804 -3.07999897
v 0.390046835 1.47761011 -3.07999897
v 0.413996696 1.39820147 -3.07999897
v 0.390046835 1.47761011 -3.07999897
v 0.419736624 1.47969151 -3.07999897
v 0.413996696 1.39820147 -3.07999897
v 0.419736624 1.47969151 -3.07999897
v 0.432742357 1.48177254 -3.07999897
v 0.413996696 1.39820147 -3.07999897
v 0.413996696 1.39820147 -3.07999897
v 0.432742357 1.48177254 -3.07999897
v 0.487942219 1.3364985 -3.07999897
v 0.487942219 1.3364985 -3.07999897
v 0.432742357 1.48177254 -3.07999897
v 0.533256054 1.29848504 -3.07999897
v 0.432742357 1.48177254 -3.07999897
v 0.539499283 1.36865878 -3.07999897
v 0.533256054 1.29848504 -3.07999897
v 0.539499283 1.36865878 -3.07999897
v 0.622827291 1.28316915 -3.07999897
v 0.533256054 1.29848504 -3.07999897
v 0.533256054 1.29848504 -3.07999897
v 0.622827291 1.28316915 -3.07999897
v 0.624908447 1.21309304 -3.07999897
v 0.624908447 1.21309304 -3.07999897
v 0.622827291 1.28316915 -3.07999897
v 0.631167412 1.06346166 -3.07999897
v 0.622827291 1.28316915 -3.07999897
v 0.691963911 1.22218585 -3.07999897
v 0.631167412 1.06346166 -3.07999897
v 0.631167412 1.06346166 -3.07999897
v 0.691963911 1.22218585 -3.07999897
v 0.699390888 1.14046407 -3.07999897
v 0.699390888 1.14046407 -3.07999897
v 0.691963911 1.22218585 -3.07999897
v 0.724900723 1.16803932 -3.07999897
v 0.691963911 1.22218585 -3.07999897
v 0.742086649 1.20185804 -3.07999897
v 0.724900723 1.16803932 -3.07999897
v 0.724900723 1.16803932 -3.07999897
v 0.742086649 1.20185804 -3.07999897
v 0.752507925 1.16803932 -3.07999897
v 0.742086649 1.20185804 -3.07999897
v 0.752507925 1.24660277 -3.07999897
v 0.752507925 1.16803932 -3.07999897
v 0.752507925 1.24660277 -3.07999897
v 0.752507925 1.57490396 -3.07999897
v 0.752507925 1.16803932 -3.07999897
v 0.752507925 1.57490396 -3.07999897
v 0.754060745 1.85637927 -3.07999897
v 0.752507925 1.16803932 -3.07999897
v 0.752507925 1.16803932 -3.07999897
v 0.754060745 1.85637927 -3.07999897
v 0.754589081 1.11236858 -3.07999897
v 0.754589081 1.11236858 -3.07999897
v 0.754060745 1.85637927 -3.07999897
v 0.759272099 0.839738071 -3.07999897
v 0.754060745 1.85637927 -3.07999897
v 0.76343441 1.85429835 -3.07999897
v 0.759272099 0.839738071 -3.07999897
v 0.759272099 0.839738071 -3.07999897
v 0.76343441 1.85429835 -3.07999897
v 0.788960457 0.841819227 -3.07999897
v 0.76343441 1.85429835 -3.07999897
v 0.844681263 1.85429835 -3.07999897
v 0.788960457 0.841819227 -3.07999897
v 0.844681263 1.85429835 -3.07999897
v 0.848843336 1.49634063 -3.07999897
v 0.788960457 0.841819227 -3.07999897
v 0.848843336 1.49634063 -3.07999897
v 0.857183695 0.982817054 -3.07999897
v 0.788960457 0.841819227 -3.07999897
v 0.788960457 0.841819227 -3.07999897
v 0.857183695 0.982817054 -3.07999897
v 0.861345887 0.837656915 -3.07999897
v 0.861345887 0.874077022 -3.07999897
v 0.861345887 0.837656915 -3.07999897
v 0.857183695 0.982817054 -3.07999897
v 0.742086649 1.85221696 -3.07999897
v 0.746248722 1.85846066 -3.07999897
v 0.744167566 1.81371582 -3.07999897
v 0.744167566 1.81371582 -3.07999897
v 0.746248722 1.85846066 -3.07999897
v 0.752507925 1.57490396 -3.07999897
v 0.754060745 1.85637927 -3.07999897
v 0.752507925 1.57490396 -3.07999897
v 0.746248722 1.85846066 -3.07999897
v 0.848843336 1.49634063 -3.07999897
v 0.844681263 1.85429835 -3.07999897
v 0.857183695 1.81995928 -3.07999897
v 0.857183695 1.85846066 -3.07999897
v 0.857183695 1.81995928 -3.07999897
v 0.844681263 1.85429835 -3.07999897
v 0.848843336 1.49634063 -3.10318303
v 0.857183695 0.982817054 -3.07999897
v 0.857183695 0.982817054 -3.10318303
v 0.857183695 0.982817054 -3.07999897
v 0.848843336 1.49634063 -3.10318303
v 0.848843336 1.49634063 -3.07999897
v 0.848843336 1.49634063 -3.07999897
v 0.848843336 1.49634063 -3.10318303
v 0.857183695 0.982817054 -3.07999897
v 0.857183695 0.982817054 -3.10318303
v 0.857183695 0.982817054 -3.07999897
v 0.848843336 1.49634063 -3.10318303
v 0.857183695 1.81995928 -3.10318303
v 0.848843336 1.49634063 -3.07999897
v 0.848843336 1.49634063 -3.10318303
v 0.848843336 1.49634063 -3.07999897
v 0.857183695 1.81995928 -3.10318303
v 0.857183695 1.81995928 -3.07999897
v 0.857183695 1.81995928 -3.07999897
v 0.857183695 1.81995928 -3.10318303
v 0.848843336 1.49634063 -3.07999897
v 0.848843336 1.49634063 -3.10318303
v 0.848843336 1.49634063 -3.07999897
v 0.857183695 1.81995928 -3.10318303
v 0.857183695 1.85846066 -3.10318303
v 0.857183695 1.81995928 -3.07999897
v 0.857183695 1.81995928 -3.10318303
v 0.857183695 1.81995928 -3.07999897
v 0.857183695 1.85846066 -3.10318303
v 0.857183695 1.85846066 -3.07999897
v 0.857183695 1.85846066 -3.07999897
v 0.857183695 1.85846066 -3.10318303
v 0.857183695 1.81995928 -3.07999897
v 0.857183695 1.81995928 -3.10318303
v 0.857183695 1.81995928 -3.07999897
v 0.857183695 1.85846066 -3.10318303
v 0.857183695 1.85846066 -3.10318303
v 0.844681263 1.85429835 -3.07999897
v 0.857183695 1.85846066 -3.07999897
v 0.844681263 1.85429835 -3.07999897
v 0.857183695 1.85846066 -3.10318303
v 0.844681263 1.85429835 -3.10318303
v 0.844681263 1.85429835 -3.10318303
v 0.857183695 1.85846066 -3.10318303
v 0.844681263 1.85429835 -3.07999897
v 0.857183695 1.85846066 -3.07999897
v 0.844681263 1.85429835 -3.07999897
v 0.857183695 1.85846066 -3.10318303
v 0.844681263 1.85429835 -3.10318303
v 0.76343441 1.85429835 -3.07999897
v 0.844681263 1.85429835 -3.07999897
v 0.76343441 1.85429835 -3.07999897
v 0.844681263 1.85429835 -3.10318303
v 0.76343441 1.85429835 -3.10318303
v 0.76343441 1.85429835 -3.10318303
v 0.844681263 1.85429835 -3.10318303
v 0.76343441 1.85429835 -3.07999897
v 0.844681263 1.85429835 -3.07999897
v 0.76343441 1.85429835 -3.07999897
v 0.844681263 1.85429835 -3.10318303
v 0.76343441 1.85429835 -3.10318303
v 0.754060745 1.85637927 -3.07999897
v 0.76343441 1.85429835 -3.07999897
v 0.754060745 1.85637927 -3.07999897
v 0.76343441 1.85429835 -3.10318303
v 0.754060745 1.85637927 -3.10318303
v 0.754060745 1.85637927 -3.10318303
v 0.76343441 1.85429835 -3.10318303
v 0.754060745 1.85637927 -3.07999897
v 0.76343441 1.85429835 -3.07999897
v 0.754060745 1.85637927 -3.07999897
v 0.76343441 1.85429835 -3.10318303
v 0.754060745 1.85637927 -3.10318303
v 0.746248722 1.85846066 -3.07999897
v 0.754060745 1.85637927 -3.07999897
v 0.746248722 1.85846066 -3.07999897
v 0.754060745 1.85637927 -3.10318303
v 0.746248722 1.85846066 -3.10318303
v 0.746248722 1.85846066 -3.10318303
v 0.754060745 1.85637927 -3.10318303
v 0.746248722 1.85846066 -3.07999897
v 0.754060745 1.85637927 -3.07999897
v 0.746248722 1.85846066 -3.07999897
v 0.754060745 1.85637927 -3.10318303
v 0.746248722 1.85846066 -3.07999897
v 0.742086649 1.85221696 -3.10318303
v 0.742086649 1.85221696 -3.07999897
v 0.742086649 1.85221696 -3.10318303
v 0.746248722 1.85846066 -3.07999897
v 0.746248722 1.85846066 -3.10318303
v 0.746248722 1.85846066 -3.10318303
v 0.746248722 1.85846066 -3.07999897
v 0.742086649 1.85221696 -3.10318303
v 0.742086649 1.85221696 -3.07999897
v 0.742086649 1.85221696 -3.10318303
v 0.746248722 1.85846066 -3.07999897
v 0.742086649 1.85221696 -3.07999897
v 0.744167566 1.81371582 -3.10318303
v 0.744167566 1.81371582 -3.07999897
v 0.744167566 1.81371582 -3.10318303
v 0.742086649 1.85221696 -3.07999897
v 0.742086649 1.85221696 -3.10318303
v 0.742086649 1.85221696 -3.10318303
v 0.742086649 1.85221696 -3.07999897
v 0.744167566 1.81371582 -3.10318303
v 0.744167566 1.81371582 -3.07999897
v 0.744167566 1.81371582 -3.10318303
v 0.742086649 1.85221696 -3.07999897
v 0.744167566 1.81371582 -3.07999897
v 0.752507925 1.57490396 -3.10318303
v 0.752507925 1.57490396 -3.07999897
v 0.752507925 1.57490396 -3.10318303
v 0.744167566 1.81371582 -3.07999897
v 0.744167566 1.81371582 -3.10318303
v 0.744167566 1.81371582 -3.10318303
v 0.744167566 1.81371582 -3.07999897
v 0.752507925 1.57490396 -3.10318303
v 0.752507925 1.57490396 -3.07999897
v 0.752507925 1.57490396 -3.10318303
v 0.744167566 1.81371582 -3.07999897
v 0.752507925 1.57490396 -3.07999897
v 0.752507925 1.24660277 -3.10318303
v 0.752507925 1.24660277 -3.07999897
v 0.752507925 1.24660277 -3.10318303
v 0.752507925 1.57490396 -3.07999897
v 0.752507925 1.57490396 -3.10318303
v 0.752507925 1.57490396 -3.10318303
v 0.752507925 1.57490396 -3.07999897
v 0.752507925 1.24660277 -3.10318303
v 0.752507925 1.24660277 -3.07999897
v 0.752507925 1.24660277 -3.10318303
v 0.752507925 1.57490396 -3.07999897
v 0.752507925 1.24660277 -3.07999897
v 0.742086649 1.20185804 -3.10318303
v 0.742086649 1.20185804 -3.07999897
v 0.742086649 1.20185804 -3.10318303
v 0.752507925 1.24660277 -3.07999897
v 0.752507925 1.24660277 -3.10318303
v 0.752507925 1.24660277 -3.10318303
v 0.752507925 1.24660277 -3.07999897
v 0.742086649 1.20185804 -3.10318303
v 0.742086649 1.20185804 -3.07999897
v 0.742086649 1.20185804 -3.10318303
v 0.752507925 1.24660277 -3.07999897
v 0.742086649 1.20185804 -3.10318303
v 0.691963911 1.22218585 -3.07999897
v 0.742086649 1.20185804 -3.07999897
v 0.691963911 1.22218585 -3.07999897
v 0.742086649 1.20185804 -3.10318303
v 0.691963911 1.22218585 -3.10318303
v 0.691963911 1.22218585 -3.10318303
v 0.742086649 1.20185804 -3.10318303
v 0.691963911 1.22218585 -3.07999897
v 0.742086649 1.20185804 -3.07999897
v 0.691963911 1.22218585 -3.07999897
v 0.742086649 1.20185804 -3.10318303
v 0.691963911 1.22218585 -3.10318303
v 0.622827291 1.28316915 -3.07999897
v 0.691963911 1.22218585 -3.07999897
v 0.622827291 1.28316915 -3.07999897
v 0.691963911 1.22218585 -3.10318303
v 0.622827291 1.28316915 -3.10318303
v 0.622827291 1.28316915 -3.10318303
v 0.691963911 1.22218585 -3.10318303
v 0.622827291 1.28316915 -3.07999897
v 0.691963911 1.22218585 -3.07999897
v 0.622827291 1.28316915 -3.07999897
v 0.691963911 1.22218585 -3.10318303
v 0.539499283 1.36865878 -3.10318303
v 0.622827291 1.28316915 -3.07999897
v 0.622827291 1.28316915 -3.10318303
v 0.622827291 1.28316915 -3.07999897
v 0.539499283 1.36865878 -3.10318303
v 0.539499283 1.36865878 -3.07999897
v 0.539499283 1.36865878 -3.07999897
v 0.539499283 1.36865878 -3.10318303
v 0.622827291 1.28316915 -3.07999897
v 0.622827291 1.28316915 -3.10318303
v 0.622827291 1.28316915 -3.07999897
v 0.539499283 1.36865878 -3.10318303
v 0.432742357 1.48177254 -3.10318303
v 0.539499283 1.36865878 -3.07999897
v 0.539499283 1.36865878 -3.10318303
v 0.539499283 1.36865878 -3.07999897
v 0.432742357 1.48177254 -3.10318303
v 0.432742357 1.48177254 -3.07999897
v 0.432742357 1.48177254 -3.07999897
v 0.432742357 1.48177254 -3.10318303
v 0.539499283 1.36865878 -3.07999897
v 0.539499283 1.36865878 -3.10318303
v 0.539499283 1.36865878 -3.07999897
v 0.432742357 1.48177254 -3.10318303
v 0.432742357 1.48177254 -3.10318303
v 0.419736624 1.47969151 -3.07999897
v 0.432742357 1.48177254 -3.07999897
v 0.419736624 1.47969151 -3.07999897
v 0.432742357 1.48177254 -3.10318303
v 0.419736624 1.47969151 -3.10318303
v 0.419736624 1.47969151 -3.10318303
v 0.432742357 1.48177254 -3.10318303
v 0.419736624 1.47969151 -3.07999897
v 0.432742357 1.48177254 -3.07999897
v 0.419736624 1.47969151 -3.07999897
v 0.432742357 1.48177254 -3.10318303
v 0.419736624 1.47969151 -3.10318303
v 0.390046835 1.47761011 -3.07999897
v 0.419736624 1.47969151 -3.07999897
v 0.390046835 1.47761011 -3.07999897
v 0.419736624 1.47969151 -3.10318303
v 0.390046835 1.47761011 -3.10318303
v 0.390046835 1.47761011 -3.10318303
v 0.419736624 1.47969151 -3.10318303
v 0.390046835 1.47761011 -3.07999897
v 0.419736624 1.47969151 -3.07999897
v 0.390046835 1.47761011 -3.07999897
v 0.419736624 1.47969151 -3.10318303
v 0.390046835 1.47761011 -3.10318303
v 0.323906183 1.48177254 -3.07999897
v 0.390046835 1.47761011 -3.07999897
v 0.323906183 1.48177254 -3.07999897
v 0.390046835 1.47761011 -3.10318303
v 0.323906183 1.48177254 -3.10318303
v 0.323906183 1.48177254 -3.10318303
v 0.390046835 1.47761011 -3.10318303
v 0.323906183 1.48177254 -3.07999897
v 0.390046835 1.47761011 -3.07999897
v 0.323906183 1.48177254 -3.07999897
v 0.390046835 1.47761011 -3.10318303
v 0.323906183 1.48177254 -3.07999897
v 0.323906183 1.47344804 -3.10318303
v 0.323906183 1.47344804 -3.07999897
v 0.323906183 1.47344804 -3.10318303
v 0.323906183 1.48177254 -3.07999897
v 0.323906183 1.48177254 -3.10318303
v 0.323906183 1.48177254 -3.10318303
v 0.323906183 1.48177254 -3.07999897
v 0.323906183 1.47344804 -3.10318303
v 0.323906183 1.47344804 -3.07999897
v 0.323906183 1.47344804 -3.10318303
v 0.323906183 1.48177254 -3.07999897
v 0.323906183 1.47344804 -3.10318303
v 0.413996696 1.39820147 -3.07999897
v 0.323906183 1.47344804 -3.07999897
v 0.413996696 1.39820147 -3.07999897
v 0.323906183 1.47344804 -3.10318303
v 0.413996696 1.39820147 -3.10318303
v 0.413996696 1.39820147 -3.10318303
v 0.323906183 1.47344804 -3.10318303
v 0.413996696 1.39820147 -3.07999897
v 0.323906183 1.47344804 -3.07999897
v 0.413996696 1.39820147 -3.07999897
v 0.323906183 1.47344804 -3.10318303
v 0.413996696 1.39820147 -3.10318303
v 0.487942219 1.3364985 -3.07999897
v 0.413996696 1.39820147 -3.07999897
v 0.487942219 1.3364985 -3.07999897
v 0.413996696 1.39820147 -3.10318303
v 0.487942219 1.3364985 -3.10318303
v 0.487942219 1.3364985 -3.10318303
v 0.413996696 1.39820147 -3.10318303
v 0.487942219 1.3364985 -3.07999897
v 0.413996696 1.39820147 -3.07999897
v 0.487942219 1.3364985 -3.07999897
v 0.413996696 1.39820147 -3.10318303
v 0.487942219 1.3364985 -3.10318303
v 0.533256054 1.29848504 -3.07999897
v 0.487942219 1.3364985 -3.07999897
v 0.533256054 1.29848504 -3.07999897
v 0.487942219 1.3364985 -3.10318303
v 0.533256054 1.29848504 -3.10318303
v 0.533256054 1.29848504 -3.10318303
v 0.487942219 1.3364985 -3.10318303
v 0.533256054 1.29848504 -3.07999897
v 0.487942219 1.3364985 -3.07999897
v 0.533256054 1.29848504 -3.07999897
v 0.487942219 1.3364985 -3.10318303
v 0.533256054 1.29848504 -3.10318303
v 0.624908447 1.21309304 -3.07999897
v 0.533256054 1.29848504 -3.07999897
v 0.624908447 1.21309304 -3.07999897
v 0.533256054 1.29848504 -3.10318303
v 0.624908447 1.21309304 -3.10318303
v 0.624908447 1.21309304 -3.10318303
v 0.533256054 1.29848504 -3.10318303
v 0.624908447 1.21309304 -3.07999897
v 0.533256054 1.29848504 -3.07999897
v 0.624908447 1.21309304 -3.07999897
v 0.533256054 1.29848504 -3.10318303
v 0.624908447 1.21309304 -3.07999897
v 0.559025764 1.1383667 -3.10318303
v 0.559025764 1.1383667 -3.07999897
v 0.559025764 1.1383667 -3.10318303
v 0.624908447 1.21309304 -3.07999897
v 0.624908447 1.21309304 -3.10318303
v 0.624908447 1.21309304 -3.10318303
v 0.624908447 1.21309304 -3.07999897
v 0.559025764 1.1383667 -3.10318303
v 0.559025764 1.1383667 -3.07999897
v 0.559025764 1.1383667 -3.10318303
v 0.624908447 1.21309304 -3.07999897
v 0.559025764 1.1383667 -3.07999897
v 0.471277714 1.03604901 -3.10318303
v 0.471277714 1.03604901 -3.07999897
v 0.471277714 1.03604901 -3.10318303
v 0.559025764 1.1383667 -3.07999897
v 0.559025764 1.1383667 -3.10318303
v 0.559025764 1.1383667 -3.10318303
v 0.559025764 1.1383667 -3.07999897
v 0.471277714 1.03604901 -3.10318303
v 0.471277714 1.03604901 -3.07999897
v 0.471277714 1.03604901 -3.10318303
v 0.559025764 1.1383667 -3.07999897
v 0.471277714 1.03604901 -3.07999897
v 0.407232285 0.967826307 -3.10318303
v 0.407232285 0.967826307 -3.07999897
v 0.407232285 0.967826307 -3.10318303
v 0.471277714 1.03604901 -3.07999897
v 0.471277714 1.03604901 -3.10318303
v 0.471277714 1.03604901 -3.10318303
v 0.471277714 1.03604901 -3.07999897
v 0.407232285 0.967826307 -3.10318303
v 0.407232285 0.967826307 -3.07999897
v 0.407232285 0.967826307 -3.10318303
v 0.471277714 1.03604901 -3.07999897
v 0.407232285 0.967826307 -3.07999897
v 0.345254183 0.897538722 -3.10318303
v 0.345254183 0.897538722 -3.07999897
v 0.345254183 0.897538722 -3.10318303
v 0.407232285 0.967826307 -3.07999897
v 0.407232285 0.967826307 -3.10318303
v 0.407232285 0.967826307 -3.10318303
v 0.407232285 0.967826307 -3.07999897
v 0.345254183 0.897538722 -3.10318303
v 0.345254183 0.897538722 -3.07999897
v 0.345254183 0.897538722 -3.10318303
v 0.407232285 0.967826307 -3.07999897
v 0.345254183 0.897538722 -3.07999897
v 0.304639339 0.845981538 -3.10318303
v 0.304639339 0.845981538 -3.07999897
v 0.304639339 0.845981538 -3.10318303
v 0.345254183 0.897538722 -3.07999897
v 0.345254183 0.897538722 -3.10318303
v 0.345254183 0.897538722 -3.10318303
v 0.345254183 0.897538722 -3.07999897
v 0.304639339 0.845981538 -3.10318303
v 0.304639339 0.845981538 -3.07999897
v 0.304639339 0.845981538 -3.10318303
v 0.345254183 0.897538722 -3.07999897
v 0.304639339 0.845981538 -3.07999897
v 0.304639339 0.837656915 -3.10318303
v 0.304639339 0.837656915 -3.07999897
v 0.304639339 0.837656915 -3.10318303
v 0.304639339 0.845981538 -3.07999897
v 0.304639339 0.845981538 -3.10318303
v 0.304639339 0.845981538 -3.10318303
v 0.304639339 0.845981538 -3.07999897
v 0.304639339 0.837656915 -3.10318303
v 0.304639339 0.837656915 -3.07999897
v 0.304639339 0.837656915 -3.10318303
v 0.304639339 0.845981538 -3.07999897
v 0.304639339 0.837656915 -3.10318303
v 0.370779991 0.841819227 -3.07999897
v 0.304639339 0.837656915 -3.07999897
v 0.370779991 0.841819227 -3.07999897
v 0.304639339 0.837656915 -3.10318303
v 0.370779991 0.841819227 -3.10318303
v 0.370779991 0.841819227 -3.10318303
v 0.304639339 0.837656915 -3.10318303
v 0.370779991 0.841819227 -3.07999897
v 0.304639339 0.837656915 -3.07999897
v 0.370779991 0.841819227 -3.07999897
v 0.304639339 0.837656915 -3.10318303
v 0.370779991 0.841819227 -3.10318303
v 0.443165541 0.837656915 -3.07999897
v 0.370779991 0.841819227 -3.07999897
v 0.443165541 0.837656915 -3.07999897
v 0.370779991 0.841819227 -3.10318303
v 0.443165541 0.837656915 -3.10318303
v 0.443165541 0.837656915 -3.10318303
v 0.370779991 0.841819227 -3.10318303
v 0.443165541 0.837656915 -3.07999897
v 0.370779991 0.841819227 -3.07999897
v 0.443165541 0.837656915 -3.07999897
v 0.370779991 0.841819227 -3.10318303
v 0.516070366 0.929227471 -3.10318303
v 0.443165541 0.837656915 -3.07999897
v 0.443165541 0.837656915 -3.10318303
v 0.443165541 0.837656915 -3.07999897
v 0.516070366 0.929227471 -3.10318303
v 0.516070366 0.929227471 -3.07999897
v 0.516070366 0.929227471 -3.07999897
v 0.516070366 0.929227471 -3.10318303
v 0.443165541 0.837656915 -3.07999897
v 0.443165541 0.837656915 -3.10318303
v 0.443165541 0.837656915 -3.07999897
v 0.516070366 0.929227471 -3.10318303
v 0.560863018 0.980215609 -3.10318303
v 0.516070366 0.929227471 -3.07999897
v 0.516070366 0.929227471 -3.10318303
v 0.516070366 0.929227471 -3.07999897
v 0.560863018 0.980215609 -3.10318303
v 0.560863018 0.980215609 -3.07999897
v 0.560863018 0.980215609 -3.07999897
v 0.560863018 0.980215609 -3.10318303
v 0.516070366 0.929227471 -3.07999897
v 0.516070366 0.929227471 -3.10318303
v 0.516070366 0.929227471 -3.07999897
v 0.560863018 0.980215609 -3.10318303
v 0.631167412 1.06346166 -3.10318303
v 0.560863018 0.980215609 -3.07999897
v 0.560863018 0.980215609 -3.10318303
v 0.560863018 0.980215609 -3.07999897
v 0.631167412 1.06346166 -3.10318303
v 0.631167412 1.06346166 -3.07999897
v 0.631167412 1.06346166 -3.07999897
v 0.631167412 1.06346166 -3.10318303
v 0.560863018 0.980215609 -3.07999897
v 0.560863018 0.980215609 -3.10318303
v 0.560863018 0.980215609 -3.07999897
v 0.631167412 1.06346166 -3.10318303
v 0.699390888 1.14046407 -3.10318303
v 0.631167412 1.06346166 -3.07999897
v 0.631167412 1.06346166 -3.10318303
v 0.631167412 1.06346166 -3.07999897
v 0.699390888 1.14046407 -3.10318303
v 0.699390888 1.14046407 -3.07999897
v 0.699390888 1.14046407 -3.07999897
v 0.699390888 1.14046407 -3.10318303
v 0.631167412 1.06346166 -3.07999897
v 0.631167412 1.06346166 -3.10318303
v 0.631167412 1.06346166 -3.07999897
v 0.699390888 1.14046407 -3.10318303
v 0.724900723 1.16803932 -3.10318303
v 0.699390888 1.14046407 -3.07999897
v 0.699390888 1.14046407 -3.10318303
v 0.699390888 1.14046407 -3.07999897
v 0.724900723 1.16803932 -3.10318303
v 0.724900723 1.16803932 -3.07999897
v 0.724900723 1.16803932 -3.07999897
v 0.724900723 1.16803932 -3.10318303
v 0.699390888 1.14046407 -3.07999897
v 0.699390888 1.14046407 -3.10318303
v 0.699390888 1.14046407 -3.07999897
v 0.724900723 1.16803932 -3.10318303
v 0.724900723 1.16803932 -3.10318303
v 0.752507925 1.16803932 -3.07999897
v 0.724900723 1.16803932 -3.07999897
v 0.752507925 1.16803932 -3.07999897
v 0.724900723 1.16803932 -3.10318303
v 0.752507925 1.16803932 -3.10318303
v 0.752507925 1.16803932 -3.10318303
v 0.724900723 1.16803932 -3.10318303
v 0.752507925 1.16803932 -3.07999897
v 0.724900723 1.16803932 -3.07999897
v 0.752507925 1.16803932 -3.07999897
v 0.724900723 1.16803932 -3.10318303
v 0.752507925 1.16803932 -3.07999897
v 0.754589081 1.11236858 -3.10318303
v 0.754589081 1.11236858 -3.07999897
v 0.754589081 1.11236858 -3.10318303
v 0.752507925 1.16803932 -3.07999897
v 0.752507925 1.16803932 -3.10318303
v 0.752507925 1.16803932 -3.10318303
v 0.752507925 1.16803932 -3.07999897
v 0.754589081 1.11236858 -3.10318303
v 0.754589081 1.11236858 -3.07999897
v 0.754589081 1.11236858 -3.10318303
v 0.752507925 1.16803932 -3.07999897
v 0.754589081 1.11236858 -3.07999897
v 0.754589081 0.982817054 -3.10318303
v 0.754589081 0.982817054 -3.07999897
v 0.754589081 0.982817054 -3.10318303
v 0.754589081 1.11236858 -3.07999897
v 0.754589081 1.11236858 -3.10318303
v 0.754589081 1.11236858 -3.10318303
v 0.754589081 1.11236858 -3.07999897
v 0.754589081 0.982817054 -3.10318303
v 0.754589081 0.982817054 -3.07999897
v 0.754589081 0.982817054 -3.10318303
v 0.754589081 1.11236858 -3.07999897
v 0.754589081 0.982817054 -3.07999897
v 0.748345613 0.874077022 -3.10318303
v 0.748345613 0.874077022 -3.07999897
v 0.748345613 0.874077022 -3.10318303
v 0.754589081 0.982817054 -3.07999897
v 0.754589081 0.982817054 -3.10318303
v 0.754589081 0.982817054 -3.10318303
v 0.754589081 0.982817054 -3.07999897
v 0.748345613 0.874077022 -3.10318303
v 0.748345613 0.874077022 -3.07999897
v 0.748345613 0.874077022 -3.10318303
v 0.754589081 0.982817054 -3.07999897
v 0.748345613 0.874077022 -3.07999897
v 0.748345613 0.837656915 -3.10318303
v 0.748345613 0.837656915 -3.07999897
v 0.748345613 0.837656915 -3.10318303
v 0.748345613 0.874077022 -3.07999897
v 0.748345613 0.874077022 -3.10318303
v 0.748345613 0.874077022 -3.10318303
v 0.748345613 0.874077022 -3.07999897
v 0.748345613 0.837656915 -3.10318303
v 0.748345613 0.837656915 -3.07999897
v 0.748345613 0.837656915 -3.10318303
v 0.748345613 0.874077022 -3.07999897
v 0.748345613 0.837656915 -3.10318303
v 0.759272099 0.839738071 -3.07999897
v 0.748345613 0.837656915 -3.07999897
v 0.759272099 0.839738071 -3.07999897
v 0.748345613 0.837656915 -3.10318303
v 0.759272099 0.839738071 -3.10318303
v 0.759272099 0.839738071 -3.10318303
v 0.748345613 0.837656915 -3.10318303
v 0.759272099 0.839738071 -3.07999897
v 0.748345613 0.837656915 -3.07999897
v 0.759272099 0.839738071 -3.07999897
v 0.748345613 0.837656915 -3.10318303
v 0.759272099 0.839738071 -3.10318303
v 0.788960457 0.841819227 -3.07999897
v 0.759272099 0.839738071 -3.07999897
v 0.788960457 0.841819227 -3.07999897
v 0.759272099 0.839738071 -3.10318303
v 0.788960457 0.841819227 -3.10318303
v 0.788960457 0.841819227 -3.10318303
v 0.759272099 0.839738071 -3.10318303
v 0.788960457 0.841819227 -3.07999897
v 0.759272099 0.839738071 -3.07999897
v 0.788960457 0.841819227 -3.07999897
v 0.759272099 0.839738071 -3.10318303
v 0.788960457 0.841819227 -3.10318303
v 0.861345887 0.837656915 -3.07999897
v 0.788960457 0.841819227 -3.07999897
v 0.861345887 0.837656915 -3.07999897
v 0.788960457 0.841819227 -3.10318303
v 0.861345887 0.837656915 -3.10318303
v 0.861345887 0.837656915 -3.10318303
v 0.788960457 0.841819227 -3.10318303
v 0.861345887 0.837656915 -3.07999897
v 0.788960457 0.841819227 -3.07999897
v 0.861345887 0.837656915 -3.07999897
v 0.788960457 0.841819227 -3.10318303
v 0.861345887 0.874077022 -3.10318303
v 0.861345887 0.837656915 -3.07999897
v 0.861345887 0.837656915 -3.10318303
v 0.861345887 0.837656915 -3.07999897
v 0.861345887 0.874077022 -3.10318303
v 0.861345887 0.874077022 -3.07999897
v 0.861345887 0.874077022 -3.07999897
v 0.861345887 0.874077022 -3.10318303
v 0.861345887 0.837656915 -3.07999897
v 0.861345887 0.837656915 -3.10318303
v 0.861345887 0.837656915 -3.07999897
v 0.861345887 0.874077022 -3.10318303
v 0.857183695 0.982817054 -3.10318303
v 0.861345887 0.874077022 -3.07999897
v 0.861345887 0.874077022 -3.10318303
v 0.861345887 0.874077022 -3.07999897
v 0.857183695 0.982817054 -3.10318303
v 0.857183695 0.982817054 -3.07999897
v 0.857183695 0.982817054 -3.07999897
v 0.857183695 0.982817054 -3.10318303
v 0.861345887 0.874077022 -3.07999897
v 0.861345887 0.874077022 -3.10318303
v 0.861345887 0.874077022 -3.07999897
v 0.857183695 0.982817054 -3.10318303
v 0.748345613 0.837656915 -3.10318303
v 0.754589081 0.982817054 -3.10318303
v 0.759272099 0.839738071 -3.10318303
v 0.754589081 0.982817054 -3.10318303
v 0.748345613 0.837656915 -3.10318303
v 0.748345613 0.874077022 -3.10318303
v 0.560863018 0.980215609 -3.10318303
v 0.624908447 1.21309304 -3.10318303
v 0.631167412 1.06346166 -3.10318303
v 0.624908447 1.21309304 -3.10318303
v 0.560863018 0.980215609 -3.10318303
v 0.559025764 1.1383667 -3.10318303
v 0.559025764 1.1383667 -3.10318303
v 0.560863018 0.980215609 -3.10318303
v 0.516070366 0.929227471 -3.10318303
v 0.559025764 1.1383667 -3.10318303
v 0.516070366 0.929227471 -3.10318303
v 0.471277714 1.03604901 -3.10318303
v 0.471277714 1.03604901 -3.10318303
v 0.516070366 0.929227471 -3.10318303
v 0.443165541 0.837656915 -3.10318303
v 0.471277714 1.03604901 -3.10318303
v 0.443165541 0.837656915 -3.10318303
v 0.407232285 0.967826307 -3.10318303
v 0.407232285 0.967826307 -3.10318303
v 0.443165541 0.837656915 -3.10318303
v 0.370779991 0.841819227 -3.10318303
v 0.407232285 0.967826307 -3.10318303
v 0.370779991 0.841819227 -3.10318303
v 0.345254183 0.897538722 -3.10318303
v 0.345254183 0.897538722 -3.10318303
v 0.370779991 0.841819227 -3.10318303
v 0.304639339 0.837656915 -3.10318303
v 0.345254183 0.897538722 -3.10318303
v 0.304639339 0.837656915 -3.10318303
v 0.304639339 0.845981538 -3.10318303
v 0.752507925 1.16803932 -3.10318303
v 0.742086649 1.20185804 -3.10318303
v 0.752507925 1.24660277 -3.10318303
v 0.742086649 1.20185804 -3.10318303
v 0.752507925 1.16803932 -3.10318303
v 0.724900723 1.16803932 -3.10318303
v 0.742086649 1.20185804 -3.10318303
v 0.724900723 1.16803932 -3.10318303
v 0.691963911 1.22218585 -3.10318303
v 0.691963911 1.22218585 -3.10318303
v 0.724900723 1.16803932 -3.10318303
v 0.699390888 1.14046407 -3.10318303
v 0.691963911 1.22218585 -3.10318303
v 0.699390888 1.14046407 -3.10318303
v 0.631167412 1.06346166 -3.10318303
v 0.691963911 1.22218585 -3.10318303
v 0.631167412 1.06346166 -3.10318303
v 0.622827291 1.28316915 -3.10318303
v 0.622827291 1.28316915 -3.10318303
v 0.631167412 1.06346166 -3.10318303
v 0.624908447 1.21309304 -3.10318303
v 0.622827291 1.28316915 -3.10318303
v 0.624908447 1.21309304 -3.10318303
v 0.533256054 1.29848504 -3.10318303
v 0.622827291 1.28316915 -3.10318303
v 0.533256054 1.29848504 -3.10318303
v 0.539499283 1.36865878 -3.10318303
v 0.539499283 1.36865878 -3.10318303
v 0.533256054 1.29848504 -3.10318303
v 0.432742357 1.48177254 -3.10318303
v 0.432742357 1.48177254 -3.10318303
v 0.533256054 1.29848504 -3.10318303
v 0.487942219 1.3364985 -3.10318303
v 0.432742357 1.48177254 -3.10318303
v 0.487942219 1.3364985 -3.10318303
v 0.413996696 1.39820147 -3.10318303
v 0.432742357 1.48177254 -3.10318303
v 0.413996696 1.39820147 -3.10318303
v 0.419736624 1.47969151 -3.10318303
v 0.419736624 1.47969151 -3.10318303
v 0.413996696 1.39820147 -3.10318303
v 0.390046835 1.47761011 -3.10318303
v 0.390046835 1.47761011 -3.10318303
v 0.413996696 1.39820147 -3.10318303
v 0.323906183 1.47344804 -3.10318303
v 0.390046835 1.47761011 -3.10318303
v 0.323906183 1.47344804 -3.10318303
v 0.323906183 1.48177254 -3.10318303
v 0.788960457 0.841819227 -3.10318303
v 0.861345887 0.874077022 -3.10318303
v 0.861345887 0.837656915 -3.10318303
v 0.861345887 0.874077022 -3.10318303
v 0.788960457 0.841819227 -3.10318303
v 0.857183695 0.982817054 -3.10318303
v 0.857183695 0.982817054 -3.10318303
v 0.788960457 0.841819227 -3.10318303
v 0.848843336 1.49634063 -3.10318303
v 0.848843336 1.49634063 -3.10318303
v 0.788960457 0.841819227 -3.10318303
v 0.844681263 1.85429835 -3.10318303
v 0.844681263 1.85429835 -3.10318303
v 0.788960457 0.841819227 -3.10318303
v 0.76343441 1.85429835 -3.10318303
v 0.76343441 1.85429835 -3.10318303
v 0.788960457 0.841819227 -3.10318303
v 0.759272099 0.839738071 -3.10318303
v 0.76343441 1.85429835 -3.10318303
v 0.759272099 0.839738071 -3.10318303
v 0.754060745 1.85637927 -3.10318303
v 0.754060745 1.85637927 -3.10318303
v 0.759272099 0.839738071 -3.10318303
v 0.754589081 1.11236858 -3.10318303
v 0.754589081 1.11236858 -3.10318303
v 0.759272099 0.839738071 -3.10318303
v 0.754589081 0.982817054 -3.10318303
v 0.754060745 1.85637927 -3.10318303
v 0.754589081 1.11236858 -3.10318303
v 0.752507925 1.16803932 -3.10318303
v 0.754060745 1.85637927 -3.10318303
v 0.752507925 1.16803932 -3.10318303
v 0.752507925 1.57490396 -3.10318303
v 0.754060745 1.85637927 -3.10318303
v 0.752507925 1.57490396 -3.10318303
v 0.746248722 1.85846066 -3.10318303
v 0.752507925 1.57490396 -3.10318303
v 0.752507925 1.16803932 -3.10318303
v 0.752507925 1.24660277 -3.10318303
v 0.746248722 1.85846066 -3.10318303
v 0.752507925 1.57490396 -3.10318303
v 0.744167566 1.81371582 -3.10318303
v 0.746248722 1.85846066 -3.10318303
v 0.744167566 1.81371582 -3.10318303
v 0.742086649 1.85221696 -3.10318303
v 0.848843336 1.49634063 -3.10318303
v 0.857183695 1.85846066 -3.10318303
v 0.857183695 1.81995928 -3.10318303
v 0.857183695 1.85846066 -3.10318303
v 0.848843336 1.49634063 -3.10318303
v 0.844681263 1.85429835 -3.10318303
v 0.844681263 1.85429835 -3.10318303
v 0.848843336 1.49634063 -3.10318303
v 0.857183695 1.85846066 -3.10318303
v 0.857183695 1.81995928 -3.10318303
v 0.857183695 1.85846066 -3.10318303
v 0.848843336 1.49634063 -3.10318303
v 0.742086649 1.85221696 -3.10318303
v 0.744167566 1.81371582 -3.10318303
v 0.746248722 1.85846066 -3.10318303
v 0.744167566 1.81371582 -3.10318303
v 0.752507925 1.57490396 -3.10318303
v 0.746248722 1.85846066 -3.10318303
v 0.752507925 1.24660277 -3.10318303
v 0.752507925 1.16803932 -3.10318303
v 0.752507925 1.57490396 -3.10318303
v 0.746248722 1.85846066 -3.10318303
v 0.752507925 1.57490396 -3.10318303
v 0.754060745 1.85637927 -3.10318303
v 0.752507925 1.57490396 -3.10318303
v 0.752507925 1.16803932 -3.10318303
v 0.754060745 1.85637927 -3.10318303
v 0.752507925 1.16803932 -3.10318303
v 0.754589081 1.11236858 -3.10318303
v 0.754060745 1.85637927 -3.10318303
v 0.754589081 0.982817054 -3.10318303
v 0.759272099 0.839738071 -3.10318303
v 0.754589081 1.11236858 -3.10318303
v 0.754589081 1.11236858 -3.10318303
v 0.759272099 0.839738071 -3.10318303
v 0.754060745 1.85637927 -3.10318303
v 0.754060745 1.85637927 -3.10318303
v 0.759272099 0.839738071 -3.10318303
v 0.76343441 1.85429835 -3.10318303
v 0.759272099 0.839738071 -3.10318303
v 0.788960457 0.841819227 -3.10318303
v 0.76343441 1.85429835 -3.10318303
v 0.76343441 1.85429835 -3.10318303
v 0.788960457 0.841819227 -3.10318303
v 0.844681263 1.85429835 -3.10318303
v 0.844681263 1.85429835 -3.10318303
v 0.788960457 0.841819227 -3.10318303
v 0.848843336 1.49634063 -3.10318303
v 0.848843336 1.49634063 -3.10318303
v 0.788960457 0.841819227 -3.10318303
v 0.857183695 0.982817054 -3.10318303
v 0.857183695 0.982817054 -3.10318303
v 0.788960457 0.841819227 -3.10318303
v 0.861345887 0.874077022 -3.10318303
v 0.861345887 0.837656915 -3.10318303
v 0.861345887 0.874077022 -3.10318303
v 0.788960457 0.841819227 -3.10318303
v 0.323906183 1.48177254 -3.10318303
v 0.323906183 1.47344804 -3.10318303
v 0.390046835 1.47761011 -3.10318303
v 0.323906183 1.47344804 -3.10318303
v 0.413996696 1.39820147 -3.10318303
v 0.390046835 1.47761011 -3.10318303
v 0.390046835 1.47761011 -3.10318303
v 0.413996696 1.39820147 -3.10318303
v 0.419736624 1.47969151 -3.10318303
v 0.419736624 1.47969151 -3.10318303
v 0.413996696 1.39820147 -3.10318303
v 0.432742357 1.48177254 -3.10318303
v 0.413996696 1.39820147 -3.10318303
v 0.487942219 1.3364985 -3.10318303
v 0.432742357 1.48177254 -3.10318303
v 0.487942219 1.3364985 -3.10318303
v 0.533256054 1.29848504 -3.10318303
v 0.432742357 1.48177254 -3.10318303
v 0.432742357 1.48177254 -3.10318303
v 0.533256054 1.29848504 -3.10318303
v 0.539499283 1.36865878 -3.10318303
v 0.539499283 1.36865878 -3.10318303
v 0.533256054 1.29848504 -3.10318303
v 0.622827291 1.28316915 -3.10318303
v 0.533256054 1.29848504 -3.10318303
v 0.624908447 1.21309304 -3.10318303
v 0.622827291 1.28316915 -3.10318303
v 0.624908447 1.21309304 -3.10318303
v 0.631167412 1.06346166 -3.10318303
v 0.622827291 1.28316915 -3.10318303
v 0.622827291 1.28316915 -3.10318303
v 0.631167412 1.06346166 -3.10318303
v 0.691963911 1.22218585 -3.10318303
v 0.631167412 1.06346166 -3.10318303
v 0.699390888 1.14046407 -3.10318303
v 0.691963911 1.22218585 -3.10318303
v 0.699390888 1.14046407 -3.10318303
v 0.724900723 1.16803932 -3.10318303
v 0.691963911 1.22218585 -3.10318303
v 0.691963911 1.22218585 -3.10318303
v 0.724900723 1.16803932 -3.10318303
v 0.742086649 1.20185804 -3.10318303
v 0.724900723 1.16803932 -3.10318303
v 0.752507925 1.16803932 -3.10318303
v 0.742086649 1.20185804 -3.10318303
v 0.752507925 1.24660277 -3.10318303
v 0.742086649 1.20185804 -3.10318303
v 0.752507925 1.16803932 -3.10318303
v 0.304639339 0.845981538 -3.10318303
v 0.304639339 0.837656915 -3.10318303
v 0.345254183 0.897538722 -3.10318303
v 0.304639339 0.837656915 -3.10318303
v 0.370779991 0.841819227 -3.10318303
v 0.345254183 0.897538722 -3.10318303
v 0.345254183 0.897538722 -3.10318303
v 0.370779991 0.841819227 -3.10318303
v 0.407232285 0.967826307 -3.10318303
v 0.370779991 0.841819227 -3.10318303
v 0.443165541 0.837656915 -3.10318303
v 0.407232285 0.967826307 -3.10318303
v 0.407232285 0.967826307 -3.10318303
v 0.443165541 0.837656915 -3.10318303
v 0.471277714 1.03604901 -3.10318303
v 0.443165541 0.837656915 -3.10318303
v 0.516070366 0.929227471 -3.10318303
v 0.471277714 1.03604901 -3.10318303
v 0.471277714 1.03604901 -3.10318303
v 0.516070366 0.929227471 -3.10318303
v 0.559025764 1.1383667 -3.10318303
v 0.516070366 0.929227471 -3.10318303
v 0.560863018 0.980215609 -3.10318303
v 0.559025764 1.1383667 -3.10318303
v 0.559025764 1.1383667 -3.10318303
v 0.560863018 0.980215609 -3.10318303
v 0.624908447 1.21309304 -3.10318303
v 0.631167412 1.06346166 -3.10318303
v 0.624908447 1.21309304 -3.10318303
v 0.560863018 0.980215609 -3.10318303
v 0.748345613 0.874077022 -3.10318303
v 0.748345613 0.837656915 -3.10318303
v 0.754589081 0.982817054 -3.10318303
v 0.759272099 0.839738071 -3.10318303
v 0.754589081 0.982817054 -3.10318303
v 0.748345613 0.837656915 -3.10318303
v 1.57666779 1.76784921 -3.07999897
v 1.57639956 1.6699295 -3.07999897
v 1.59703219 1.71824312 -3.07999897
v 1.57639956 1.6699295 -3.07999897
v 1.57666779 1.76784921 -3.07999897
v 1.52653313 1.78874195 -3.07999897
v 1.57639956 1.6699295 -3.07999897
v 1.52653313 1.78874195 -3.07999897
v 1.52653313 1.64982533 -3.07999897
v 1.52653313 1.64982533 -3.07999897
v 1.52653313 1.78874195 -3.07999897
v 1.47821963 1.76758921 -3.07999897
v 1.52653313 1.64982533 -3.07999897
v 1.47821963 1.76758921 -3.07999897
v 1.47847986 1.67018974 -3.07999897
v 1.47847986 1.67018974 -3.07999897
v 1.47821963 1.76758921 -3.07999897
v 1.45811546 1.71824312 -3.07999897
v 1.45811546 1.71824312 -3.07999897
v 1.47821963 1.76758921 -3.07999897
v 1.47847986 1.67018974 -3.07999897
v 1.47847986 1.67018974 -3.07999897
v 1.47821963 1.76758921 -3.07999897
v 1.52653313 1.64982533 -3.07999897
v 1.47821963 1.76758921 -3.07999897
v 1.52653313 1.78874195 -3.07999897
v 1.52653313 1.64982533 -3.07999897
v 1.52653313 1.64982533 -3.07999897
v 1.52653313 1.78874195 -3.07999897
v 1.57639956 1.6699295 -3.07999897
v 1.52653313 1.78874195 -3.07999897
v 1.57666779 1.76784921 -3.07999897
v 1.57639956 1.6699295 -3.07999897
v 1.59703219 1.71824312 -3.07999897
v 1.57639956 1.6699295 -3.07999897
v 1.57666779 1.76784921 -3.07999897
v 1.52653313 1.64982533 -3.10318303
v 1.57639956 1.6699295 -3.07999897
v 1.52653313 1.64982533 -3.07999897
v 1.57639956 1.6699295 -3.07999897
v 1.52653313 1.64982533 -3.10318303
v 1.57639956 1.6699295 -3.10318303
v 1.57639956 1.6699295 -3.10318303
v 1.52653313 1.64982533 -3.10318303
v 1.57639956 1.6699295 -3.07999897
v 1.52653313 1.64982533 -3.07999897
v 1.57639956 1.6699295 -3.07999897
v 1.52653313 1.64982533 -3.10318303
v 1.59703219 1.71824312 -3.10318303
v 1.57639956 1.6699295 -3.07999897
v 1.57639956 1.6699295 -3.10318303
v 1.57639956 1.6699295 -3.07999897
v 1.59703219 1.71824312 -3.10318303
v 1.59703219 1.71824312 -3.07999897
v 1.59703219 1.71824312 -3.07999897
v 1.59703219 1.71824312 -3.10318303
v 1.57639956 1.6699295 -3.07999897
v 1.57639956 1.6699295 -3.10318303
v 1.57639956 1.6699295 -3.07999897
v 1.59703219 1.71824312 -3.10318303
v 1.57666779 1.76784921 -3.10318303
v 1.59703219 1.71824312 -3.07999897
v 1.59703219 1.71824312 -3.10318303
v 1.59703219 1.71824312 -3.07999897
v 1.57666779 1.76784921 -3.10318303
v 1.57666779 1.76784921 -3.07999897
v 1.57666779 1.76784921 -3.07999897
v 1.57666779 1.76784921 -3.10318303
v 1.59703219 1.71824312 -3.07999897
v 1.59703219 1.71824312 -3.10318303
v 1.59703219 1.71824312 -3.07999897
v 1.57666779 1.76784921 -3.10318303
v 1.57666779 1.76784921 -3.10318303
v 1.52653313 1.78874195 -3.07999897
v 1.57666779 1.76784921 -3.07999897
v 1.52653313 1.78874195 -3.07999897
v 1.57666779 1.76784921 -3.10318303
v 1.52653313 1.78874195 -3.10318303
v 1.52653313 1.78874195 -3.10318303
v 1.57666779 1.76784921 -3.10318303
v 1.52653313 1.78874195 -3.07999897
v 1.57666779 1.76784921 -3.07999897
v 1.52653313 1.78874195 -3.07999897
v 1.57666779 1.76784921 -3.10318303
v 1.52653313 1.78874195 -3.10318303
v 1.47821963 1.76758921 -3.07999897
v 1.52653313 1.78874195 -3.07999897
v 1.47821963 1.76758921 -3.07999897
v 1.52653313 1.78874195 -3.10318303
v 1.47821963 1.76758921 -3.10318303
v 1.47821963 1.76758921 -3.10318303
v 1.52653313 1.78874195 -3.10318303
v 1.47821963 1.76758921 -3.07999897
v 1.52653313 1.78874195 -3.07999897
v 1.47821963 1.76758921 -3.07999897
v 1.52653313 1.78874195 -3.10318303
v 1.47821963 1.76758921 -3.07999897
v 1.45811546 1.71824312 -3.10318303
v 1.45811546 1.71824312 -3.07999897
v 1.45811546 1.71824312 -3.10318303
v 1.47821963 1.76758921 -3.07999897
v 1.47821963 1.76758921 -3.10318303
v 1.47821963 1.76758921 -3.10318303
v 1.47821963 1.76758921 -3.07999897
v 1.45811546 1.71824312 -3.10318303
v 1.45811546 1.71824312 -3.07999897
v 1.45811546 1.71824312 -3.10318303
v 1.47821963 1.76758921 -3.07999897
v 1.45811546 1.71824312 -3.07999897
v 1.47847986 1.67018974 -3.10318303
v 1.47847986 1.67018974 -3.07999897
v 1.47847986 1.67018974 -3.10318303
v 1.45811546 1.71824312 -3.07999897
v 1.45811546 1.71824312 -3.10318303
v 1.45811546 1.71824312 -3.10318303
v 1.45811546 1.71824312 -3.07999897
v 1.47847986 1.67018974 -3.10318303
v 1.47847986 1.67018974 -3.07999897
v 1.47847986 1.67018974 -3.10318303
v 1.45811546 1.71824312 -3.07999897
v 1.47847986 1.67018974 -3.10318303
v 1.52653313 1.64982533 -3.07999897
v 1.47847986 1.67018974 -3.07999897
v 1.52653313 1.64982533 -3.07999897
v 1.47847986 1.67018974 -3.10318303
v 1.52653313 1.64982533 -3.10318303
v 1.52653313 1.64982533 -3.10318303
v 1.47847986 1.67018974 -3.10318303
v 1.52653313 1.64982533 -3.07999897
v 1.47847986 1.67018974 -3.07999897
v 1.52653313 1.64982533 -3.07999897
v 1.47847986 1.67018974 -3.10318303
v 1.57639956 1.6699295 -3.10318303
v 1.57666779 1.76784921 -3.10318303
v 1.59703219 1.71824312 -3.10318303
v 1.57666779 1.76784921 -3.10318303
v 1.57639956 1.6699295 -3.10318303
v 1.52653313 1.78874195 -3.10318303
v 1.52653313 1.78874195 -3.10318303
v 1.57639956 1.6699295 -3.10318303
v 1.52653313 1.64982533 -3.10318303
v 1.52653313 1.78874195 -3.10318303
v 1.52653313 1.64982533 -3.10318303
v 1.47847986 1.67018974 -3.10318303
v 1.52653313 1.78874195 -3.10318303
v 1.47847986 1.67018974 -3.10318303
v 1.47821963 1.76758921 -3.10318303
v 1.47821963 1.76758921 -3.10318303
v 1.47847986 1.67018974 -3.10318303
v 1.45811546 1.71824312 -3.10318303
v 1.45811546 1.71824312 -3.10318303
v 1.47847986 1.67018974 -3.10318303
v 1.47821963 1.76758921 -3.10318303
v 1.47821963 1.76758921 -3.10318303
v 1.47847986 1.67018974 -3.10318303
v 1.52653313 1.78874195 -3.10318303
v 1.47847986 1.67018974 -3.10318303
v 1.52653313 1.64982533 -3.10318303
v 1.52653313 1.78874195 -3.10318303
v 1.52653313 1.64982533 -3.10318303
v 1.57639956 1.6699295 -3.10318303
v 1.52653313 1.78874195 -3.10318303
v 1.52653313 1.78874195 -3.10318303
v 1.57639956 1.6699295 -3.10318303
v 1.57666779 1.76784921 -3.10318303
v 1.59703219 1.71824312 -3.10318303
v 1.57666779 1.76784921 -3.10318303
v 1.57639956 1.6699295 -3.10318303
v 1.4732039 1.48385382 -3.07999897
v 1.4815284 1.16205597 -3.07999897
v 1.5265007 1.47969151 -3.07999897
v 1.5265007 1.47969151 -3.07999897
v 1.59078872 1.47343183 -3.07999897
v 1.59286976 1.48385382 -3.07999897
v 1.59078872 1.47343183 -3.07999897
v 1.5265007 1.47969151 -3.07999897
v 1.58454525 1.16205597 -3.07999897
v 1.58454525 1.16205597 -3.07999897
v 1.5265007 1.47969151 -3.07999897
v 1.53277683 0.841819227 -3.07999897
v 1.53277683 0.841819227 -3.07999897
v 1.5265007 1.47969151 -3.07999897
v 1.47528493 0.850680351 -3.07999897
v 1.53277683 0.841819227 -3.07999897
v 1.47528493 0.850680351 -3.07999897
v 1.4732039 0.837656915 -3.07999897
v 1.47528493 0.850680351 -3.07999897
v 1.5265007 1.47969151 -3.07999897
v 1.4815284 1.16205597 -3.07999897
v 1.53277683 0.841819227 -3.07999897
v 1.59286976 0.837656915 -3.07999897
v 1.58454525 1.16205597 -3.07999897
v 1.58454525 1.16205597 -3.07999897
v 1.59286976 0.837656915 -3.07999897
v 1.53277683 0.841819227 -3.07999897
v 1.4815284 1.16205597 -3.07999897
v 1.5265007 1.47969151 -3.07999897
v 1.47528493 0.850680351 -3.07999897
v 1.4732039 0.837656915 -3.07999897
v 1.47528493 0.850680351 -3.07999897
v 1.53277683 0.841819227 -3.07999897
v 1.47528493 0.850680351 -3.07999897
v 1.5265007 1.47969151 -3.07999897
v 1.53277683 0.841819227 -3.07999897
v 1.53277683 0.841819227 -3.07999897
v 1.5265007 1.47969151 -3.07999897
v 1.58454525 1.16205597 -3.07999897
v 1.58454525 1.16205597 -3.07999897
v 1.5265007 1.47969151 -3.07999897
v 1.59078872 1.47343183 -3.07999897
v 1.59286976 1.48385382 -3.07999897
v 1.59078872 1.47343183 -3.07999897
v 1.5265007 1.47969151 -3.07999897
v 1.5265007 1.47969151 -3.07999897
v 1.4815284 1.16205597 -3.07999897
v 1.4732039 1.48385382 -3.07999897
v 1.59286976 1.48385382 -3.10318303
v 1.5265007 1.47969151 -3.07999897
v 1.59286976 1.48385382 -3.07999897
v 1.5265007 1.47969151 -3.07999897
v 1.59286976 1.48385382 -3.10318303
v 1.5265007 1.47969151 -3.10318303
v 1.5265007 1.47969151 -3.10318303
v 1.59286976 1.48385382 -3.10318303
v 1.5265007 1.47969151 -3.07999897
v 1.59286976 1.48385382 -3.07999897
v 1.5265007 1.47969151 -3.07999897
v 1.59286976 1.48385382 -3.10318303
v 1.5265007 1.47969151 -3.10318303
v 1.4732039 1.48385382 -3.07999897
v 1.5265007 1.47969151 -3.07999897
v 1.4732039 1.48385382 -3.07999897
v 1.5265007 1.47969151 -3.10318303
v 1.4732039 1.48385382 -3.10318303
v 1.4732039 1.48385382 -3.10318303
v 1.5265007 1.47969151 -3.10318303
v 1.4732039 1.48385382 -3.07999897
v 1.5265007 1.47969151 -3.07999897
v 1.4732039 1.48385382 -3.07999897
v 1.5265007 1.47969151 -3.10318303
v 1.4732039 1.48385382 -3.07999897
v 1.4815284 1.16205597 -3.10318303
v 1.4815284 1.16205597 -3.07999897
v 1.4815284 1.16205597 -3.10318303
v 1.4732039 1.48385382 -3.07999897
v 1.4732039 1.48385382 -3.10318303
v 1.4732039 1.48385382 -3.10318303
v 1.4732039 1.48385382 -3.07999897
v 1.4815284 1.16205597 -3.10318303
v 1.4815284 1.16205597 -3.07999897
v 1.4815284 1.16205597 -3.10318303
v 1.4732039 1.48385382 -3.07999897
v 1.4815284 1.16205597 -3.07999897
v 1.47528493 0.850680351 -3.10318303
v 1.47528493 0.850680351 -3.07999897
v 1.47528493 0.850680351 -3.10318303
v 1.4815284 1.16205597 -3.07999897
v 1.4815284 1.16205597 -3.10318303
v 1.4815284 1.16205597 -3.10318303
v 1.4815284 1.16205597 -3.07999897
v 1.47528493 0.850680351 -3.10318303
v 1.47528493 0.850680351 -3.07999897
v 1.47528493 0.850680351 -3.10318303
v 1.4815284 1.16205597 -3.07999897
v 1.47528493 0.850680351 -3.07999897
v 1.4732039 0.837656915 -3.10318303
v 1.4732039 0.837656915 -3.07999897
v 1.4732039 0.837656915 -3.10318303
v 1.47528493 0.850680351 -3.07999897
v 1.47528493 0.850680351 -3.10318303
v 1.47528493 0.850680351 -3.10318303
v 1.47528493 0.850680351 -3.07999897
v 1.4732039 0.837656915 -3.10318303
v 1.4732039 0.837656915 -3.07999897
v 1.4732039 0.837656915 -3.10318303
v 1.47528493 0.850680351 -3.07999897
v 1.4732039 0.837656915 -3.10318303
v 1.53277683 0.841819227 -3.07999897
v 1.4732039 0.837656915 -3.07999897
v 1.53277683 0.841819227 -3.07999897
v 1.4732039 0.837656915 -3.10318303
v 1.53277683 0.841819227 -3.10318303
v 1.53277683 0.841819227 -3.10318303
v 1.4732039 0.837656915 -3.10318303
v 1.53277683 0.841819227 -3.07999897
v 1.4732039 0.837656915 -3.07999897
v 1.53277683 0.841819227 -3.07999897
v 1.4732039 0.837656915 -3.10318303
v 1.53277683 0.841819227 -3.10318303
v 1.59286976 0.837656915 -3.07999897
v 1.53277683 0.841819227 -3.07999897
v 1.59286976 0.837656915 -3.07999897
v 1.53277683 0.841819227 -3.10318303
v 1.59286976 0.837656915 -3.10318303
v 1.59286976 0.837656915 -3.10318303
v 1.53277683 0.841819227 -3.10318303
v 1.59286976 0.837656915 -3.07999897
v 1.53277683 0.841819227 -3.07999897
v 1.59286976 0.837656915 -3.07999897
v 1.53277683 0.841819227 -3.10318303
v 1.58454525 1.16205597 -3.10318303
v 1.59286976 0.837656915 -3.07999897
v 1.59286976 0.837656915 -3.10318303
v 1.59286976 0.837656915 -3.07999897
v 1.58454525 1.16205597 -3.10318303
v 1.58454525 1.16205597 -3.07999897
v 1.58454525 1.16205597 -3.07999897
v 1.58454525 1.16205597 -3.10318303
v 1.59286976 0.837656915 -3.07999897
v 1.59286976 0.837656915 -3.10318303
v 1.59286976 0.837656915 -3.07999897
v 1.58454525 1.16205597 -3.10318303
v 1.59078872 1.47343183 -3.10318303
v 1.58454525 1.16205597 -3.07999897
v 1.58454525 1.16205597 -3.10318303
v 1.58454525 1.16205597 -3.07999897
v 1.59078872 1.47343183 -3.10318303
v 1.59078872 1.47343183 -3.07999897
v 1.59078872 1.47343183 -3.07999897
v 1.59078872 1.47343183 -3.10318303
v 1.58454525 1.16205597 -3.07999897
v 1.58454525 1.16205597 -3.10318303
v 1.58454525 1.16205597 -3.07999897
v 1.59078872 1.47343183 -3.10318303
v 1.59286976 1.48385382 -3.10318303
v 1.59078872 1.47343183 -3.07999897
v 1.59078872 1.47343183 -3.10318303
v 1.59078872 1.47343183 -3.07999897
v 1.59286976 1.48385382 -3.10318303
v 1.59286976 1.48385382 -3.07999897
v 1.59286976 1.48385382 -3.07999897
v 1.59286976 1.48385382 -3.10318303
v 1.59078872 1.47343183 -3.07999897
v 1.59078872 1.47343183 -3.10318303
v 1.59078872 1.47343183 -3.07999897
v 1.59286976 1.48385382 -3.10318303
v 1.53277683 0.841819227 -3.10318303
v 1.58454525 1.16205597 -3.10318303
v 1.59286976 0.837656915 -3.10318303
v 1.59078872 1.47343183 -3.10318303
v 1.5265007 1.47969151 -3.10318303
v 1.59286976 1.48385382 -3.10318303
v 1.5265007 1.47969151 -3.10318303
v 1.59078872 1.47343183 -3.10318303
v 1.58454525 1.16205597 -3.10318303
v 1.5265007 1.47969151 -3.10318303
v 1.58454525 1.16205597 -3.10318303
v 1.53277683 0.841819227 -3.10318303
v 1.5265007 1.47969151 -3.10318303
v 1.53277683 0.841819227 -3.10318303
v 1.47528493 0.850680351 -3.10318303
v 1.47528493 0.850680351 -3.10318303
v 1.53277683 0.841819227 -3.10318303
v 1.4732039 0.837656915 -3.10318303
v 1.5265007 1.47969151 -3.10318303
v 1.47528493 0.850680351 -3.10318303
v 1.4815284 1.16205597 -3.10318303
v 1.4732039 1.48385382 -3.10318303
v 1.5265007 1.47969151 -3.10318303
v 1.4815284 1.16205597 -3.10318303
v 1.4815284 1.16205597 -3.10318303
v 1.5265007 1.47969151 -3.10318303
v 1.4732039 1.48385382 -3.10318303
v 1.4815284 1.16205597 -3.10318303
v 1.47528493 0.850680351 -3.10318303
v 1.5265007 1.47969151 -3.10318303
v 1.4732039 0.837656915 -3.10318303
v 1.53277683 0.841819227 -3.10318303
v 1.47528493 0.850680351 -3.10318303
v 1.47528493 0.850680351 -3.10318303
v 1.53277683 0.841819227 -3.10318303
v 1.5265007 1.47969151 -3.10318303
v 1.53277683 0.841819227 -3.10318303
v 1.58454525 1.16205597 -3.10318303
v 1.5265007 1.47969151 -3.10318303
v 1.58454525 1.16205597 -3.10318303
v 1.59078872 1.47343183 -3.10318303
v 1.5265007 1.47969151 -3.10318303
v 1.59286976 1.48385382 -3.10318303
v 1.5265007 1.47969151 -3.10318303
v 1.59078872 1.47343183 -3.10318303
v 1.59286976 0.837656915 -3.10318303
v 1.58454525 1.16205597 -3.10318303
v 1.53277683 0.841819227 -3.10318303
v 2.74998879 1.48177254 -3.07999897
v 2.75831342 1.45208359 -3.07999897
v 2.75831342 1.48385382 -3.07999897
v 2.75831342 1.45208359 -3.07999897
v 2.74998879 1.48177254 -3.07999897
v 2.75206995 1.30264747 -3.07999897
v 2.75206995 1.30264747 -3.07999897
v 2.74998879 1.48177254 -3.07999897
v 2.75206995 1.13862693 -3.07999897
v 2.76299596 0.869426966 -3.07999897
v 2.70732522 0.841819227 -3.07999897
v 2.76507711 0.837656915 -3.07999897
v 2.70732522 0.841819227 -3.07999897
v 2.76299596 0.869426966 -3.07999897
v 2.75206995 1.13862693 -3.07999897
v 2.70732522 0.841819227 -3.07999897
v 2.75206995 1.13862693 -3.07999897
v 2.74998879 1.48177254 -3.07999897
v 2.70732522 0.841819227 -3.07999897
v 2.74998879 1.48177254 -3.07999897
v 2.70316291 1.47969151 -3.07999897
v 2.70732522 0.841819227 -3.07999897
v 2.70316291 1.47969151 -3.07999897
v 2.66258049 0.839738071 -3.07999897
v 2.66258049 0.839738071 -3.07999897
v 2.70316291 1.47969151 -3.07999897
v 2.65425587 1.36835003 -3.07999897
v 2.65425587 1.36835003 -3.07999897
v 2.70316291 1.47969151 -3.07999897
v 2.65269494 1.43106079 -3.07999897
v 2.65269494 1.43106079 -3.07999897
v 2.70316291 1.47969151 -3.07999897
v 2.64957333 1.48385382 -3.07999897
v 2.66258049 0.839738071 -3.07999897
v 2.65425587 1.36835003 -3.07999897
v 2.65633702 1.14878869 -3.07999897
v 2.65425587 1.36835003 -3.07999897
v 2.65102053 1.25362659 -3.07999897
v 2.65633702 1.14878869 -3.07999897
v 2.65102053 1.25362659 -3.07999897
v 2.65425587 1.36835003 -3.07999897
v 2.63507032 1.32568645 -3.07999897
v 2.63507032 1.32568645 -3.07999897
v 2.65425587 1.36835003 -3.07999897
v 2.61152339 1.42252481 -3.07999897
v 2.63507032 1.32568645 -3.07999897
v 2.61152339 1.42252481 -3.07999897
v 2.61098981 1.36756945 -3.07999897
v 2.61098981 1.36756945 -3.07999897
v 2.61152339 1.42252481 -3.07999897
v 2.56281543 1.46122122 -3.07999897
v 2.61098981 1.36756945 -3.07999897
v 2.56281543 1.46122122 -3.07999897
v 2.57815981 1.39748597 -3.07999897
v 2.57815981 1.39748597 -3.07999897
v 2.56281543 1.46122122 -3.07999897
v 2.53658056 1.41543603 -3.07999897
v 2.53658056 1.41543603 -3.07999897
v 2.56281543 1.46122122 -3.07999897
v 2.50813246 1.48443913 -3.07999897
v 2.53658056 1.41543603 -3.07999897
v 2.50813246 1.48443913 -3.07999897
v 2.48625183 1.42141926 -3.07999897
v 2.48625183 1.42141926 -3.07999897
v 2.50813246 1.48443913 -3.07999897
v 2.44747424 1.49217832 -3.07999897
v 2.48625183 1.42141926 -3.07999897
v 2.44747424 1.49217832 -3.07999897
v 2.42051697 1.40919256 -3.07999897
v 2.42051697 1.40919256 -3.07999897
v 2.44747424 1.49217832 -3.07999897
v 2.38181448 1.48342896 -3.07999897
v 2.42051697 1.40919256 -3.07999897
v 2.38181448 1.48342896 -3.07999897
v 2.37578845 1.3725121 -3.07999897
v 2.37578845 1.3725121 -3.07999897
v 2.38181448 1.48342896 -3.07999897
v 2.32407689 1.45718074 -3.07999897
v 2.37578845 1.3725121 -3.07999897
v 2.32407689 1.45718074 -3.07999897
v 2.35050964 1.31632125 -3.07999897
v 2.35050964 1.31632125 -3.07999897
v 2.32407689 1.45718074 -3.07999897
v 2.34208369 1.23411584 -3.07999897
v 2.34208369 1.23411584 -3.07999897
v 2.32407689 1.45718074 -3.07999897
v 2.34208369 1.12329459 -3.07999897
v 2.34208369 1.12329459 -3.07999897
v 2.32407689 1.45718074 -3.07999897
v 2.34208369 1.02287912 -3.07999897
v 2.24952126 1.35742402 -3.07999897
v 2.23075819 1.31063056 -3.07999897
v 2.24116397 1.20187426 -3.07999897
v 2.23075819 1.31063056 -3.07999897
v 2.24952126 1.35742402 -3.07999897
v 2.20543098 1.41546845 -3.07999897
v 2.23075819 1.31063056 -3.07999897
v 2.20543098 1.41546845 -3.07999897
v 2.20682526 1.35947251 -3.07999897
v 2.20682526 1.35947251 -3.07999897
v 2.20543098 1.41546845 -3.07999897
v 2.17040491 1.39569747 -3.07999897
v 2.17040491 1.39569747 -3.07999897
v 2.20543098 1.41546845 -3.07999897
v 2.15339804 1.45692897 -3.07999897
v 2.17040491 1.39569747 -3.07999897
v 2.15339804 1.45692897 -3.07999897
v 2.12357497 1.41813493 -3.07999897
v 2.12357497 1.41813493 -3.07999897
v 2.15339804 1.45692897 -3.07999897
v 2.09342289 1.48180509 -3.07999897
v 2.12357497 1.41813493 -3.07999897
v 2.09342289 1.48180509 -3.07999897
v 2.06841254 1.42561412 -3.07999897
v 2.06841254 1.42561412 -3.07999897
v 2.09342289 1.48180509 -3.07999897
v 2.02550507 1.49009717 -3.07999897
v 2.06841254 1.42561412 -3.07999897
v 2.02550507 1.49009717 -3.07999897
v 2.00012469 1.41078591 -3.07999897
v 2.00012469 1.41078591 -3.07999897
v 2.02550507 1.49009717 -3.07999897
v 1.94227338 1.47707987 -3.07999897
v 2.00012469 1.41078591 -3.07999897
v 1.94227338 1.47707987 -3.07999897
v 1.95134771 1.3663013 -3.07999897
v 1.95134771 1.3663013 -3.07999897
v 1.94227338 1.47707987 -3.07999897
v 1.93378806 1.3060739 -3.07999897
v 1.93378806 1.3060739 -3.07999897
v 1.94227338 1.47707987 -3.07999897
v 1.87702 1.43802786 -3.07999897
v 1.93378806 1.3060739 -3.07999897
v 1.87702 1.43802786 -3.07999897
v 1.92793489 1.21071923 -3.07999897
v 1.92793489 1.21071923 -3.07999897
v 1.87702 1.43802786 -3.07999897
v 1.92793489 1.10822248 -3.07999897
v 1.82075584 1.29430652 -3.07999897
v 1.82961679 1.08290732 -3.07999897
v 1.83482182 1.37606263 -3.07999897
v 1.82961679 1.08290732 -3.07999897
v 1.82075584 1.29430652 -3.07999897
v 1.82491791 1.17038071 -3.07999897
v 1.93834066 0.878239334 -3.07999897
v 1.86571181 0.841819227 -3.07999897
v 1.94094205 0.837656915 -3.07999897
v 1.86571181 0.841819227 -3.07999897
v 1.93834066 0.878239334 -3.07999897
v 1.9320972 0.963566422 -3.07999897
v 1.86571181 0.841819227 -3.07999897
v 1.9320972 0.963566422 -3.07999897
v 1.92793489 1.10822248 -3.07999897
v 1.86571181 0.841819227 -3.07999897
v 1.92793489 1.10822248 -3.07999897
v 1.87702 1.43802786 -3.07999897
v 1.86571181 0.841819227 -3.07999897
v 1.87702 1.43802786 -3.07999897
v 1.83482182 1.37606263 -3.07999897
v 1.86571181 0.841819227 -3.07999897
v 1.83482182 1.37606263 -3.07999897
v 1.83799016 0.839738071 -3.07999897
v 1.83799016 0.839738071 -3.07999897
v 1.83482182 1.37606263 -3.07999897
v 1.82961679 0.965745151 -3.07999897
v 1.83799016 0.839738071 -3.07999897
v 1.82961679 0.965745151 -3.07999897
v 1.82491791 0.837656915 -3.07999897
v 1.82961679 0.965745151 -3.07999897
v 1.83482182 1.37606263 -3.07999897
v 1.82961679 1.08290732 -3.07999897
v 1.82491791 0.837656915 -3.07999897
v 1.82961679 0.965745151 -3.07999897
v 1.82491791 0.874109566 -3.07999897
v 2.35037565 0.86523211 -3.07999897
v 2.2902987 0.841819227 -3.07999897
v 2.35248947 0.837656915 -3.07999897
v 2.2902987 0.841819227 -3.07999897
v 2.35037565 0.86523211 -3.07999897
v 2.34208369 1.02287912 -3.07999897
v 2.2902987 0.841819227 -3.07999897
v 2.34208369 1.02287912 -3.07999897
v 2.32407689 1.45718074 -3.07999897
v 2.2902987 0.841819227 -3.07999897
v 2.32407689 1.45718074 -3.07999897
v 2.27854967 1.41474295 -3.07999897
v 2.2902987 0.841819227 -3.07999897
v 2.27854967 1.41474295 -3.07999897
v 2.2390666 0.867313266 -3.07999897
v 2.2902987 0.841819227 -3.07999897
v 2.2390666 0.867313266 -3.07999897
v 2.23490429 0.837656915 -3.07999897
v 2.2390666 0.867313266 -3.07999897
v 2.27854967 1.41474295 -3.07999897
v 2.24952126 1.35742402 -3.07999897
v 2.2390666 0.867313266 -3.07999897
v 2.24952126 1.35742402 -3.07999897
v 2.24116397 1.03590274 -3.07999897
v 2.24116397 1.03590274 -3.07999897
v 2.24952126 1.35742402 -3.07999897
v 2.24116397 1.20187426 -3.07999897
v 2.2390666 0.867313266 -3.07999897
v 2.24116397 1.03590274 -3.07999897
v 2.2390666 0.92506516 -3.07999897
v 2.66258049 0.839738071 -3.07999897
v 2.65217471 0.86523211 -3.07999897
v 2.64957333 0.837656915 -3.07999897
v 2.65217471 0.86523211 -3.07999897
v 2.66258049 0.839738071 -3.07999897
v 2.65633702 0.963566422 -3.07999897
v 2.65633702 0.963566422 -3.07999897
v 2.66258049 0.839738071 -3.07999897
v 2.65633702 1.14878869 -3.07999897
v 2.65633702 0.963566422 -3.07999897
v 2.65633702 1.14878869 -3.07999897
v 2.65633702 1.07438767 -3.07999897
v 2.65633702 1.07438767 -3.07999897
v 2.65633702 1.14878869 -3.07999897
v 2.65633702 0.963566422 -3.07999897
v 2.65633702 1.14878869 -3.07999897
v 2.66258049 0.839738071 -3.07999897
v 2.65633702 0.963566422 -3.07999897
v 2.65633702 0.963566422 -3.07999897
v 2.66258049 0.839738071 -3.07999897
v 2.65217471 0.86523211 -3.07999897
v 2.64957333 0.837656915 -3.07999897
v 2.65217471 0.86523211 -3.07999897
v 2.66258049 0.839738071 -3.07999897
v 2.2390666 0.92506516 -3.07999897
v 2.24116397 1.03590274 -3.07999897
v 2.2390666 0.867313266 -3.07999897
v 2.24116397 1.20187426 -3.07999897
v 2.24952126 1.35742402 -3.07999897
v 2.24116397 1.03590274 -3.07999897
v 2.24116397 1.03590274 -3.07999897
v 2.24952126 1.35742402 -3.07999897
v 2.2390666 0.867313266 -3.07999897
v 2.24952126 1.35742402 -3.07999897
v 2.27854967 1.41474295 -3.07999897
v 2.2390666 0.867313266 -3.07999897
v 2.23490429 0.837656915 -3.07999897
v 2.2390666 0.867313266 -3.07999897
v 2.2902987 0.841819227 -3.07999897
v 2.2390666 0.867313266 -3.07999897
v 2.27854967 1.41474295 -3.07999897
v 2.2902987 0.841819227 -3.07999897
v 2.27854967 1.41474295 -3.07999897
v 2.32407689 1.45718074 -3.07999897
v 2.2902987 0.841819227 -3.07999897
v 2.32407689 1.45718074 -3.07999897
v 2.34208369 1.02287912 -3.07999897
v 2.2902987 0.841819227 -3.07999897
v 2.34208369 1.02287912 -3.07999897
v 2.35037565 0.86523211 -3.07999897
v 2.2902987 0.841819227 -3.07999897
v 2.35248947 0.837656915 -3.07999897
v 2.2902987 0.841819227 -3.07999897
v 2.35037565 0.86523211 -3.07999897
v 1.82491791 0.874109566 -3.07999897
v 1.82961679 0.965745151 -3.07999897
v 1.82491791 0.837656915 -3.07999897
v 1.82961679 1.08290732 -3.07999897
v 1.83482182 1.37606263 -3.07999897
v 1.82961679 0.965745151 -3.07999897
v 1.82491791 0.837656915 -3.07999897
v 1.82961679 0.965745151 -3.07999897
v 1.83799016 0.839738071 -3.07999897
v 1.82961679 0.965745151 -3.07999897
v 1.83482182 1.37606263 -3.07999897
v 1.83799016 0.839738071 -3.07999897
v 1.83799016 0.839738071 -3.07999897
v 1.83482182 1.37606263 -3.07999897
v 1.86571181 0.841819227 -3.07999897
v 1.83482182 1.37606263 -3.07999897
v 1.87702 1.43802786 -3.07999897
v 1.86571181 0.841819227 -3.07999897
v 1.87702 1.43802786 -3.07999897
v 1.92793489 1.10822248 -3.07999897
v 1.86571181 0.841819227 -3.07999897
v 1.92793489 1.10822248 -3.07999897
v 1.9320972 0.963566422 -3.07999897
v 1.86571181 0.841819227 -3.07999897
v 1.9320972 0.963566422 -3.07999897
v 1.93834066 0.878239334 -3.07999897
v 1.86571181 0.841819227 -3.07999897
v 1.94094205 0.837656915 -3.07999897
v 1.86571181 0.841819227 -3.07999897
v 1.93834066 0.878239334 -3.07999897
v 1.82491791 1.17038071 -3.07999897
v 1.82075584 1.29430652 -3.07999897
v 1.82961679 1.08290732 -3.07999897
v 1.83482182 1.37606263 -3.07999897
v 1.82961679 1.08290732 -3.07999897
v 1.82075584 1.29430652 -3.07999897
v 1.92793489 1.10822248 -3.07999897
v 1.87702 1.43802786 -3.07999897
v 1.92793489 1.21071923 -3.07999897
v 1.92793489 1.21071923 -3.07999897
v 1.87702 1.43802786 -3.07999897
v 1.93378806 1.3060739 -3.07999897
v 1.87702 1.43802786 -3.07999897
v 1.94227338 1.47707987 -3.07999897
v 1.93378806 1.3060739 -3.07999897
v 1.93378806 1.3060739 -3.07999897
v 1.94227338 1.47707987 -3.07999897
v 1.95134771 1.3663013 -3.07999897
v 1.95134771 1.3663013 -3.07999897
v 1.94227338 1.47707987 -3.07999897
v 2.00012469 1.41078591 -3.07999897
v 1.94227338 1.47707987 -3.07999897
v 2.02550507 1.49009717 -3.07999897
v 2.00012469 1.41078591 -3.07999897
v 2.00012469 1.41078591 -3.07999897
v 2.02550507 1.49009717 -3.07999897
v 2.06841254 1.42561412 -3.07999897
v 2.02550507 1.49009717 -3.07999897
v 2.09342289 1.48180509 -3.07999897
v 2.06841254 1.42561412 -3.07999897
v 2.06841254 1.42561412 -3.07999897
v 2.09342289 1.48180509 -3.07999897
v 2.12357497 1.41813493 -3.07999897
v 2.09342289 1.48180509 -3.07999897
v 2.15339804 1.45692897 -3.07999897
v 2.12357497 1.41813493 -3.07999897
v 2.12357497 1.41813493 -3.07999897
v 2.15339804 1.45692897 -3.07999897
v 2.17040491 1.39569747 -3.07999897
v 2.15339804 1.45692897 -3.07999897
v 2.20543098 1.41546845 -3.07999897
v 2.17040491 1.39569747 -3.07999897
v 2.17040491 1.39569747 -3.07999897
v 2.20543098 1.41546845 -3.07999897
v 2.20682526 1.35947251 -3.07999897
v 2.20682526 1.35947251 -3.07999897
v 2.20543098 1.41546845 -3.07999897
v 2.23075819 1.31063056 -3.07999897
v 2.20543098 1.41546845 -3.07999897
v 2.24952126 1.35742402 -3.07999897
v 2.23075819 1.31063056 -3.07999897
v 2.24116397 1.20187426 -3.07999897
v 2.23075819 1.31063056 -3.07999897
v 2.24952126 1.35742402 -3.07999897
v 2.34208369 1.02287912 -3.07999897
v 2.32407689 1.45718074 -3.07999897
v 2.34208369 1.12329459 -3.07999897
v 2.34208369 1.12329459 -3.07999897
v 2.32407689 1.45718074 -3.07999897
v 2.34208369 1.23411584 -3.07999897
v 2.34208369 1.23411584 -3.07999897
v 2.32407689 1.45718074 -3.07999897
v 2.35050964 1.31632125 -3.07999897
v 2.35050964 1.31632125 -3.07999897
v 2.32407689 1.45718074 -3.07999897
v 2.37578845 1.3725121 -3.07999897
v 2.32407689 1.45718074 -3.07999897
v 2.38181448 1.48342896 -3.07999897
v 2.37578845 1.3725121 -3.07999897
v 2.37578845 1.3725121 -3.07999897
v 2.38181448 1.48342896 -3.07999897
v 2.42051697 1.40919256 -3.07999897
v 2.38181448 1.48342896 -3.07999897
v 2.44747424 1.49217832 -3.07999897
v 2.42051697 1.40919256 -3.07999897
v 2.42051697 1.40919256 -3.07999897
v 2.44747424 1.49217832 -3.07999897
v 2.48625183 1.42141926 -3.07999897
v 2.44747424 1.49217832 -3.07999897
v 2.50813246 1.48443913 -3.07999897
v 2.48625183 1.42141926 -3.07999897
v 2.48625183 1.42141926 -3.07999897
v 2.50813246 1.48443913 -3.07999897
v 2.53658056 1.41543603 -3.07999897
v 2.50813246 1.48443913 -3.07999897
v 2.56281543 1.46122122 -3.07999897
v 2.53658056 1.41543603 -3.07999897
v 2.53658056 1.41543603 -3.07999897
v 2.56281543 1.46122122 -3.07999897
v 2.57815981 1.39748597 -3.07999897
v 2.57815981 1.39748597 -3.07999897
v 2.56281543 1.46122122 -3.07999897
v 2.61098981 1.36756945 -3.07999897
v 2.56281543 1.46122122 -3.07999897
v 2.61152339 1.42252481 -3.07999897
v 2.61098981 1.36756945 -3.07999897
v 2.61098981 1.36756945 -3.07999897
v 2.61152339 1.42252481 -3.07999897
v 2.63507032 1.32568645 -3.07999897
v 2.61152339 1.42252481 -3.07999897
v 2.65425587 1.36835003 -3.07999897
v 2.63507032 1.32568645 -3.07999897
v 2.63507032 1.32568645 -3.07999897
v 2.65425587 1.36835003 -3.07999897
v 2.65102053 1.25362659 -3.07999897
v 2.65633702 1.14878869 -3.07999897
v 2.65102053 1.25362659 -3.07999897
v 2.65425587 1.36835003 -3.07999897
v 2.65633702 1.14878869 -3.07999897
v 2.65425587 1.36835003 -3.07999897
v 2.66258049 0.839738071 -3.07999897
v 2.64957333 1.48385382 -3.07999897
v 2.70316291 1.47969151 -3.07999897
v 2.65269494 1.43106079 -3.07999897
v 2.65269494 1.43106079 -3.07999897
v 2.70316291 1.47969151 -3.07999897
v 2.65425587 1.36835003 -3.07999897
v 2.65425587 1.36835003 -3.07999897
v 2.70316291 1.47969151 -3.07999897
v 2.66258049 0.839738071 -3.07999897
v 2.66258049 0.839738071 -3.07999897
v 2.70316291 1.47969151 -3.07999897
v 2.70732522 0.841819227 -3.07999897
v 2.70316291 1.47969151 -3.07999897
v 2.74998879 1.48177254 -3.07999897
v 2.70732522 0.841819227 -3.07999897
v 2.74998879 1.48177254 -3.07999897
v 2.75206995 1.13862693 -3.07999897
v 2.70732522 0.841819227 -3.07999897
v 2.75206995 1.13862693 -3.07999897
v 2.76299596 0.869426966 -3.07999897
v 2.70732522 0.841819227 -3.07999897
v 2.76507711 0.837656915 -3.07999897
v 2.70732522 0.841819227 -3.07999897
v 2.76299596 0.869426966 -3.07999897
v 2.75206995 1.13862693 -3.07999897
v 2.74998879 1.48177254 -3.07999897
v 2.75206995 1.30264747 -3.07999897
v 2.75206995 1.30264747 -3.07999897
v 2.74998879 1.48177254 -3.07999897
v 2.75831342 1.45208359 -3.07999897
v 2.75831342 1.48385382 -3.07999897
v 2.75831342 1.45208359 -3.07999897
v 2.74998879 1.48177254 -3.07999897
v 1.82961679 1.08290732 -3.07999897
v 1.82961679 0.965745151 -3.10318303
v 1.82961679 0.965745151 -3.07999897
v 1.82961679 0.965745151 -3.10318303
v 1.82961679 1.08290732 -3.07999897
v 1.82961679 1.08290732 -3.10318303
v 1.82961679 1.08290732 -3.10318303
v 1.82961679 1.08290732 -3.07999897
v 1.82961679 0.965745151 -3.10318303
v 1.82961679 0.965745151 -3.07999897
v 1.82961679 0.965745151 -3.10318303
v 1.82961679 1.08290732 -3.07999897
v 1.82961679 0.965745151 -3.07999897
v 1.82491791 0.874109566 -3.10318303
v 1.82491791 0.874109566 -3.07999897
v 1.82491791 0.874109566 -3.10318303
v 1.82961679 0.965745151 -3.07999897
v 1.82961679 0.965745151 -3.10318303
v 1.82961679 0.965745151 -3.10318303
v 1.82961679 0.965745151 -3.07999897
v 1.82491791 0.874109566 -3.10318303
v 1.82491791 0.874109566 -3.07999897
v 1.82491791 0.874109566 -3.10318303
v 1.82961679 0.965745151 -3.07999897
v 1.82491791 0.874109566 -3.07999897
v 1.82491791 0.837656915 -3.10318303
v 1.82491791 0.837656915 -3.07999897
v 1.82491791 0.837656915 -3.10318303
v 1.82491791 0.874109566 -3.07999897
v 1.82491791 0.874109566 -3.10318303
v 1.82491791 0.874109566 -3.10318303
v 1.82491791 0.874109566 -3.07999897
v 1.82491791 0.837656915 -3.10318303
v 1.82491791 0.837656915 -3.07999897
v 1.82491791 0.837656915 -3.10318303
v 1.82491791 0.874109566 -3.07999897
v 1.82491791 0.837656915 -3.10318303
v 1.83799016 0.839738071 -3.07999897
v 1.82491791 0.837656915 -3.07999897
v 1.83799016 0.839738071 -3.07999897
v 1.82491791 0.837656915 -3.10318303
v 1.83799016 0.839738071 -3.10318303
v 1.83799016 0.839738071 -3.10318303
v 1.82491791 0.837656915 -3.10318303
v 1.83799016 0.839738071 -3.07999897
v 1.82491791 0.837656915 -3.07999897
v 1.83799016 0.839738071 -3.07999897
v 1.82491791 0.837656915 -3.10318303
v 1.83799016 0.839738071 -3.10318303
v 1.86571181 0.841819227 -3.07999897
v 1.83799016 0.839738071 -3.07999897
v 1.86571181 0.841819227 -3.07999897
v 1.83799016 0.839738071 -3.10318303
v 1.86571181 0.841819227 -3.10318303
v 1.86571181 0.841819227 -3.10318303
v 1.83799016 0.839738071 -3.10318303
v 1.86571181 0.841819227 -3.07999897
v 1.83799016 0.839738071 -3.07999897
v 1.86571181 0.841819227 -3.07999897
v 1.83799016 0.839738071 -3.10318303
v 1.86571181 0.841819227 -3.10318303
v 1.94094205 0.837656915 -3.07999897
v 1.86571181 0.841819227 -3.07999897
v 1.94094205 0.837656915 -3.07999897
v 1.86571181 0.841819227 -3.10318303
v 1.94094205 0.837656915 -3.10318303
v 1.94094205 0.837656915 -3.10318303
v 1.86571181 0.841819227 -3.10318303
v 1.94094205 0.837656915 -3.07999897
v 1.86571181 0.841819227 -3.07999897
v 1.94094205 0.837656915 -3.07999897
v 1.86571181 0.841819227 -3.10318303
v 1.93834066 0.878239334 -3.10318303
v 1.94094205 0.837656915 -3.07999897
v 1.94094205 0.837656915 -3.10318303
v 1.94094205 0.837656915 -3.07999897
v 1.93834066 0.878239334 -3.10318303
v 1.93834066 0.878239334 -3.07999897
v 1.93834066 0.878239334 -3.07999897
v 1.93834066 0.878239334 -3.10318303
v 1.94094205 0.837656915 -3.07999897
v 1.94094205 0.837656915 -3.10318303
v 1.94094205 0.837656915 -3.07999897
v 1.93834066 0.878239334 -3.10318303
v 1.9320972 0.963566422 -3.10318303
v 1.93834066 0.878239334 -3.07999897
v 1.93834066 0.878239334 -3.10318303
v 1.93834066 0.878239334 -3.07999897
v 1.9320972 0.963566422 -3.10318303
v 1.9320972 0.963566422 -3.07999897
v 1.9320972 0.963566422 -3.07999897
v 1.9320972 0.963566422 -3.10318303
v 1.93834066 0.878239334 -3.07999897
v 1.93834066 0.878239334 -3.10318303
v 1.93834066 0.878239334 -3.07999897
v 1.9320972 0.963566422 -3.10318303
v 1.92793489 1.10822248 -3.10318303
v 1.9320972 0.963566422 -3.07999897
v 1.9320972 0.963566422 -3.10318303
v 1.9320972 0.963566422 -3.07999897
v 1.92793489 1.10822248 -3.10318303
v 1.92793489 1.10822248 -3.07999897
v 1.92793489 1.10822248 -3.07999897
v 1.92793489 1.10822248 -3.10318303
v 1.9320972 0.963566422 -3.07999897
v 1.9320972 0.963566422 -3.10318303
v 1.9320972 0.963566422 -3.07999897
v 1.92793489 1.10822248 -3.10318303
v 1.92793489 1.21071923 -3.10318303
v 1.92793489 1.10822248 -3.07999897
v 1.92793489 1.10822248 -3.10318303
v 1.92793489 1.10822248 -3.07999897
v 1.92793489 1.21071923 -3.10318303
v 1.92793489 1.21071923 -3.07999897
v 1.92793489 1.21071923 -3.07999897
v 1.92793489 1.21071923 -3.10318303
v 1.92793489 1.10822248 -3.07999897
v 1.92793489 1.10822248 -3.10318303
v 1.92793489 1.10822248 -3.07999897
v 1.92793489 1.21071923 -3.10318303
v 1.93378806 1.3060739 -3.10318303
v 1.92793489 1.21071923 -3.07999897
v 1.92793489 1.21071923 -3.10318303
v 1.92793489 1.21071923 -3.07999897
v 1.93378806 1.3060739 -3.10318303
v 1.93378806 1.3060739 -3.07999897
v 1.93378806 1.3060739 -3.07999897
v 1.93378806 1.3060739 -3.10318303
v 1.92793489 1.21071923 -3.07999897
v 1.92793489 1.21071923 -3.10318303
v 1.92793489 1.21071923 -3.07999897
v 1.93378806 1.3060739 -3.10318303
v 1.95134771 1.3663013 -3.10318303
v 1.93378806 1.3060739 -3.07999897
v 1.93378806 1.3060739 -3.10318303
v 1.93378806 1.3060739 -3.07999897
v 1.95134771 1.3663013 -3.10318303
v 1.95134771 1.3663013 -3.07999897
v 1.95134771 1.3663013 -3.07999897
v 1.95134771 1.3663013 -3.10318303
v 1.93378806 1.3060739 -3.07999897
v 1.93378806 1.3060739 -3.10318303
v 1.93378806 1.3060739 -3.07999897
v 1.95134771 1.3663013 -3.10318303
v 1.95134771 1.3663013 -3.10318303
v 2.00012469 1.41078591 -3.07999897
v 1.95134771 1.3663013 -3.07999897
v 2.00012469 1.41078591 -3.07999897
v 1.95134771 1.3663013 -3.10318303
v 2.00012469 1.41078591 -3.10318303
v 2.00012469 1.41078591 -3.10318303
v 1.95134771 1.3663013 -3.10318303
v 2.00012469 1.41078591 -3.07999897
v 1.95134771 1.3663013 -3.07999897
v 2.00012469 1.41078591 -3.07999897
v 1.95134771 1.3663013 -3.10318303
v 2.00012469 1.41078591 -3.10318303
v 2.06841254 1.42561412 -3.07999897
v 2.00012469 1.41078591 -3.07999897
v 2.06841254 1.42561412 -3.07999897
v 2.00012469 1.41078591 -3.10318303
v 2.06841254 1.42561412 -3.10318303
v 2.06841254 1.42561412 -3.10318303
v 2.00012469 1.41078591 -3.10318303
v 2.06841254 1.42561412 -3.07999897
v 2.00012469 1.41078591 -3.07999897
v 2.06841254 1.42561412 -3.07999897
v 2.00012469 1.41078591 -3.10318303
v 2.06841254 1.42561412 -3.10318303
v 2.12357497 1.41813493 -3.07999897
v 2.06841254 1.42561412 -3.07999897
v 2.12357497 1.41813493 -3.07999897
v 2.06841254 1.42561412 -3.10318303
v 2.12357497 1.41813493 -3.10318303
v 2.12357497 1.41813493 -3.10318303
v 2.06841254 1.42561412 -3.10318303
v 2.12357497 1.41813493 -3.07999897
v 2.06841254 1.42561412 -3.07999897
v 2.12357497 1.41813493 -3.07999897
v 2.06841254 1.42561412 -3.10318303
v 2.12357497 1.41813493 -3.10318303
v 2.17040491 1.39569747 -3.07999897
v 2.12357497 1.41813493 -3.07999897
v 2.17040491 1.39569747 -3.07999897
v 2.12357497 1.41813493 -3.10318303
v 2.17040491 1.39569747 -3.10318303
v 2.17040491 1.39569747 -3.10318303
v 2.12357497 1.41813493 -3.10318303
v 2.17040491 1.39569747 -3.07999897
v 2.12357497 1.41813493 -3.07999897
v 2.17040491 1.39569747 -3.07999897
v 2.12357497 1.41813493 -3.10318303
v 2.17040491 1.39569747 -3.10318303
v 2.20682526 1.35947251 -3.07999897
v 2.17040491 1.39569747 -3.07999897
v 2.20682526 1.35947251 -3.07999897
v 2.17040491 1.39569747 -3.10318303
v 2.20682526 1.35947251 -3.10318303
v 2.20682526 1.35947251 -3.10318303
v 2.17040491 1.39569747 -3.10318303
v 2.20682526 1.35947251 -3.07999897
v 2.17040491 1.39569747 -3.07999897
v 2.20682526 1.35947251 -3.07999897
v 2.17040491 1.39569747 -3.10318303
v 2.20682526 1.35947251 -3.07999897
v 2.23075819 1.31063056 -3.10318303
v 2.23075819 1.31063056 -3.07999897
v 2.23075819 1.31063056 -3.10318303
v 2.20682526 1.35947251 -3.07999897
v 2.20682526 1.35947251 -3.10318303
v 2.20682526 1.35947251 -3.10318303
v 2.20682526 1.35947251 -3.07999897
v 2.23075819 1.31063056 -3.10318303
v 2.23075819 1.31063056 -3.07999897
v 2.23075819 1.31063056 -3.10318303
v 2.20682526 1.35947251 -3.07999897
v 2.23075819 1.31063056 -3.07999897
v 2.24116397 1.20187426 -3.10318303
v 2.24116397 1.20187426 -3.07999897
v 2.24116397 1.20187426 -3.10318303
v 2.23075819 1.31063056 -3.07999897
v 2.23075819 1.31063056 -3.10318303
v 2.23075819 1.31063056 -3.10318303
v 2.23075819 1.31063056 -3.07999897
v 2.24116397 1.20187426 -3.10318303
v 2.24116397 1.20187426 -3.07999897
v 2.24116397 1.20187426 -3.10318303
v 2.23075819 1.31063056 -3.07999897
v 2.24116397 1.20187426 -3.07999897
v 2.24116397 1.03590274 -3.10318303
v 2.24116397 1.03590274 -3.07999897
v 2.24116397 1.03590274 -3.10318303
v 2.24116397 1.20187426 -3.07999897
v 2.24116397 1.20187426 -3.10318303
v 2.24116397 1.20187426 -3.10318303
v 2.24116397 1.20187426 -3.07999897
v 2.24116397 1.03590274 -3.10318303
v 2.24116397 1.03590274 -3.07999897
v 2.24116397 1.03590274 -3.10318303
v 2.24116397 1.20187426 -3.07999897
v 2.24116397 1.03590274 -3.07999897
v 2.2390666 0.92506516 -3.10318303
v 2.2390666 0.92506516 -3.07999897
v 2.2390666 0.92506516 -3.10318303
v 2.24116397 1.03590274 -3.07999897
v 2.24116397 1.03590274 -3.10318303
v 2.24116397 1.03590274 -3.10318303
v 2.24116397 1.03590274 -3.07999897
v 2.2390666 0.92506516 -3.10318303
v 2.2390666 0.92506516 -3.07999897
v 2.2390666 0.92506516 -3.10318303
v 2.24116397 1.03590274 -3.07999897
v 2.2390666 0.92506516 -3.07999897
v 2.2390666 0.867313266 -3.10318303
v 2.2390666 0.867313266 -3.07999897
v 2.2390666 0.867313266 -3.10318303
v 2.2390666 0.92506516 -3.07999897
v 2.2390666 0.92506516 -3.10318303
v 2.2390666 0.92506516 -3.10318303
v 2.2390666 0.92506516 -3.07999897
v 2.2390666 0.867313266 -3.10318303
v 2.2390666 0.867313266 -3.07999897
v 2.2390666 0.867313266 -3.10318303
v 2.2390666 0.92506516 -3.07999897
v 2.2390666 0.867313266 -3.07999897
v 2.23490429 0.837656915 -3.10318303
v 2.23490429 0.837656915 -3.07999897
v 2.23490429 0.837656915 -3.10318303
v 2.2390666 0.867313266 -3.07999897
v 2.2390666 0.867313266 -3.10318303
v 2.2390666 0.867313266 -3.10318303
v 2.2390666 0.867313266 -3.07999897
v 2.23490429 0.837656915 -3.10318303
v 2.23490429 0.837656915 -3.07999897
v 2.23490429 0.837656915 -3.10318303
v 2.2390666 0.867313266 -3.07999897
v 2.23490429 0.837656915 -3.10318303
v 2.2902987 0.841819227 -3.07999897
v 2.23490429 0.837656915 -3.07999897
v 2.2902987 0.841819227 -3.07999897
v 2.23490429 0.837656915 -3.10318303
v 2.2902987 0.841819227 -3.10318303
v 2.2902987 0.841819227 -3.10318303
v 2.23490429 0.837656915 -3.10318303
v 2.2902987 0.841819227 -3.07999897
v 2.23490429 0.837656915 -3.07999897
v 2.2902987 0.841819227 -3.07999897
v 2.23490429 0.837656915 -3.10318303
v 2.2902987 0.841819227 -3.10318303
v 2.35248947 0.837656915 -3.07999897
v 2.2902987 0.841819227 -3.07999897
v 2.35248947 0.837656915 -3.07999897
v 2.2902987 0.841819227 -3.10318303
v 2.35248947 0.837656915 -3.10318303
v 2.35248947 0.837656915 -3.10318303
v 2.2902987 0.841819227 -3.10318303
v 2.35248947 0.837656915 -3.07999897
v 2.2902987 0.841819227 -3.07999897
v 2.35248947 0.837656915 -3.07999897
v 2.2902987 0.841819227 -3.10318303
v 2.35037565 0.86523211 -3.10318303
v 2.35248947 0.837656915 -3.07999897
v 2.35248947 0.837656915 -3.10318303
v 2.35248947 0.837656915 -3.07999897
v 2.35037565 0.86523211 -3.10318303
v 2.35037565 0.86523211 -3.07999897
v 2.35037565 0.86523211 -3.07999897
v 2.35037565 0.86523211 -3.10318303
v 2.35248947 0.837656915 -3.07999897
v 2.35248947 0.837656915 -3.10318303
v 2.35248947 0.837656915 -3.07999897
v 2.35037565 0.86523211 -3.10318303
v 2.34208369 1.02287912 -3.10318303
v 2.35037565 0.86523211 -3.07999897
v 2.35037565 0.86523211 -3.10318303
v 2.35037565 0.86523211 -3.07999897
v 2.34208369 1.02287912 -3.10318303
v 2.34208369 1.02287912 -3.07999897
v 2.34208369 1.02287912 -3.07999897
v 2.34208369 1.02287912 -3.10318303
v 2.35037565 0.86523211 -3.07999897
v 2.35037565 0.86523211 -3.10318303
v 2.35037565 0.86523211 -3.07999897
v 2.34208369 1.02287912 -3.10318303
v 2.34208369 1.12329459 -3.10318303
v 2.34208369 1.02287912 -3.07999897
v 2.34208369 1.02287912 -3.10318303
v 2.34208369 1.02287912 -3.07999897
v 2.34208369 1.12329459 -3.10318303
v 2.34208369 1.12329459 -3.07999897
v 2.34208369 1.12329459 -3.07999897
v 2.34208369 1.12329459 -3.10318303
v 2.34208369 1.02287912 -3.07999897
v 2.34208369 1.02287912 -3.10318303
v 2.34208369 1.02287912 -3.07999897
v 2.34208369 1.12329459 -3.10318303
v 2.34208369 1.23411584 -3.10318303
v 2.34208369 1.12329459 -3.07999897
v 2.34208369 1.12329459 -3.10318303
v 2.34208369 1.12329459 -3.07999897
v 2.34208369 1.23411584 -3.10318303
v 2.34208369 1.23411584 -3.07999897
v 2.34208369 1.23411584 -3.07999897
v 2.34208369 1.23411584 -3.10318303
v 2.34208369 1.12329459 -3.07999897
v 2.34208369 1.12329459 -3.10318303
v 2.34208369 1.12329459 -3.07999897
v 2.34208369 1.23411584 -3.10318303
v 2.35050964 1.31632125 -3.10318303
v 2.34208369 1.23411584 -3.07999897
v 2.34208369 1.23411584 -3.10318303
v 2.34208369 1.23411584 -3.07999897
v 2.35050964 1.31632125 -3.10318303
v 2.35050964 1.31632125 -3.07999897
v 2.35050964 1.31632125 -3.07999897
v 2.35050964 1.31632125 -3.10318303
v 2.34208369 1.23411584 -3.07999897
v 2.34208369 1.23411584 -3.10318303
v 2.34208369 1.23411584 -3.07999897
v 2.35050964 1.31632125 -3.10318303
v 2.37578845 1.3725121 -3.10318303
v 2.35050964 1.31632125 -3.07999897
v 2.35050964 1.31632125 -3.10318303
v 2.35050964 1.31632125 -3.07999897
v 2.37578845 1.3725121 -3.10318303
v 2.37578845 1.3725121 -3.07999897
v 2.37578845 1.3725121 -3.07999897
v 2.37578845 1.3725121 -3.10318303
v 2.35050964 1.31632125 -3.07999897
v 2.35050964 1.31632125 -3.10318303
v 2.35050964 1.31632125 -3.07999897
v 2.37578845 1.3725121 -3.10318303
v 2.37578845 1.3725121 -3.10318303
v 2.42051697 1.40919256 -3.07999897
v 2.37578845 1.3725121 -3.07999897
v 2.42051697 1.40919256 -3.07999897
v 2.37578845 1.3725121 -3.10318303
v 2.42051697 1.40919256 -3.10318303
v 2.42051697 1.40919256 -3.10318303
v 2.37578845 1.3725121 -3.10318303
v 2.42051697 1.40919256 -3.07999897
v 2.37578845 1.3725121 -3.07999897
v 2.42051697 1.40919256 -3.07999897
v 2.37578845 1.3725121 -3.10318303
v 2.42051697 1.40919256 -3.10318303
v 2.48625183 1.42141926 -3.07999897
v 2.42051697 1.40919256 -3.07999897
v 2.48625183 1.42141926 -3.07999897
v 2.42051697 1.40919256 -3.10318303
v 2.48625183 1.42141926 -3.10318303
v 2.48625183 1.42141926 -3.10318303
v 2.42051697 1.40919256 -3.10318303
v 2.48625183 1.42141926 -3.07999897
v 2.42051697 1.40919256 -3.07999897
v 2.48625183 1.42141926 -3.07999897
v 2.42051697 1.40919256 -3.10318303
v 2.48625183 1.42141926 -3.10318303
v 2.53658056 1.41543603 -3.07999897
v 2.48625183 1.42141926 -3.07999897
v 2.53658056 1.41543603 -3.07999897
v 2.48625183 1.42141926 -3.10318303
v 2.53658056 1.41543603 -3.10318303
v 2.53658056 1.41543603 -3.10318303
v 2.48625183 1.42141926 -3.10318303
v 2.53658056 1.41543603 -3.07999897
v 2.48625183 1.42141926 -3.07999897
v 2.53658056 1.41543603 -3.07999897
v 2.48625183 1.42141926 -3.10318303
v 2.53658056 1.41543603 -3.10318303
v 2.57815981 1.39748597 -3.07999897
v 2.53658056 1.41543603 -3.07999897
v 2.57815981 1.39748597 -3.07999897
v 2.53658056 1.41543603 -3.10318303
v 2.57815981 1.39748597 -3.10318303
v 2.57815981 1.39748597 -3.10318303
v 2.53658056 1.41543603 -3.10318303
v 2.57815981 1.39748597 -3.07999897
v 2.53658056 1.41543603 -3.07999897
v 2.57815981 1.39748597 -3.07999897
v 2.53658056 1.41543603 -3.10318303
v 2.57815981 1.39748597 -3.10318303
v 2.61098981 1.36756945 -3.07999897
v 2.57815981 1.39748597 -3.07999897
v 2.61098981 1.36756945 -3.07999897
v 2.57815981 1.39748597 -3.10318303
v 2.61098981 1.36756945 -3.10318303
v 2.61098981 1.36756945 -3.10318303
v 2.57815981 1.39748597 -3.10318303
v 2.61098981 1.36756945 -3.07999897
v 2.57815981 1.39748597 -3.07999897
v 2.61098981 1.36756945 -3.07999897
v 2.57815981 1.39748597 -3.10318303
v 2.61098981 1.36756945 -3.07999897
v 2.63507032 1.32568645 -3.10318303
v 2.63507032 1.32568645 -3.07999897
v 2.63507032 1.32568645 -3.10318303
v 2.61098981 1.36756945 -3.07999897
v 2.61098981 1.36756945 -3.10318303
v 2.61098981 1.36756945 -3.10318303
v 2.61098981 1.36756945 -3.07999897
v 2.63507032 1.32568645 -3.10318303
v 2.63507032 1.32568645 -3.07999897
v 2.63507032 1.32568645 -3.10318303
v 2.61098981 1.36756945 -3.07999897
v 2.63507032 1.32568645 -3.07999897
v 2.65102053 1.25362659 -3.10318303
v 2.65102053 1.25362659 -3.07999897
v 2.65102053 1.25362659 -3.10318303
v 2.63507032 1.32568645 -3.07999897
v 2.63507032 1.32568645 -3.10318303
v 2.63507032 1.32568645 -3.10318303
v 2.63507032 1.32568645 -3.07999897
v 2.65102053 1.25362659 -3.10318303
v 2.65102053 1.25362659 -3.07999897
v 2.65102053 1.25362659 -3.10318303
v 2.63507032 1.32568645 -3.07999897
v 2.65102053 1.25362659 -3.07999897
v 2.65633702 1.14878869 -3.10318303
v 2.65633702 1.14878869 -3.07999897
v 2.65633702 1.14878869 -3.10318303
v 2.65102053 1.25362659 -3.07999897
v 2.65102053 1.25362659 -3.10318303
v 2.65102053 1.25362659 -3.10318303
v 2.65102053 1.25362659 -3.07999897
v 2.65633702 1.14878869 -3.10318303
v 2.65633702 1.14878869 -3.07999897
v 2.65633702 1.14878869 -3.10318303
v 2.65102053 1.25362659 -3.07999897
v 2.65633702 1.14878869 -3.07999897
v 2.65633702 1.07438767 -3.10318303
v 2.65633702 1.07438767 -3.07999897
v 2.65633702 1.07438767 -3.10318303
v 2.65633702 1.14878869 -3.07999897
v 2.65633702 1.14878869 -3.10318303
v 2.65633702 1.14878869 -3.10318303
v 2.65633702 1.14878869 -3.07999897
v 2.65633702 1.07438767 -3.10318303
v 2.65633702 1.07438767 -3.07999897
v 2.65633702 1.07438767 -3.10318303
v 2.65633702 1.14878869 -3.07999897
v 2.65633702 1.07438767 -3.07999897
v 2.65633702 0.963566422 -3.10318303
v 2.65633702 0.963566422 -3.07999897
v 2.65633702 0.963566422 -3.10318303
v 2.65633702 1.07438767 -3.07999897
v 2.65633702 1.07438767 -3.10318303
v 2.65633702 1.07438767 -3.10318303
v 2.65633702 1.07438767 -3.07999897
v 2.65633702 0.963566422 -3.10318303
v 2.65633702 0.963566422 -3.07999897
v 2.65633702 0.963566422 -3.10318303
v 2.65633702 1.07438767 -3.07999897
v 2.65633702 0.963566422 -3.07999897
v 2.65217471 0.86523211 -3.10318303
v 2.65217471 0.86523211 -3.07999897
v 2.65217471 0.86523211 -3.10318303
v 2.65633702 0.963566422 -3.07999897
v 2.65633702 0.963566422 -3.10318303
v 2.65633702 0.963566422 -3.10318303
v 2.65633702 0.963566422 -3.07999897
v 2.65217471 0.86523211 -3.10318303
v 2.65217471 0.86523211 -3.07999897
v 2.65217471 0.86523211 -3.10318303
v 2.65633702 0.963566422 -3.07999897
v 2.65217471 0.86523211 -3.07999897
v 2.64957333 0.837656915 -3.10318303
v 2.64957333 0.837656915 -3.07999897
v 2.64957333 0.837656915 -3.10318303
v 2.65217471 0.86523211 -3.07999897
v 2.65217471 0.86523211 -3.10318303
v 2.65217471 0.86523211 -3.10318303
v 2.65217471 0.86523211 -3.07999897
v 2.64957333 0.837656915 -3.10318303
v 2.64957333 0.837656915 -3.07999897
v 2.64957333 0.837656915 -3.10318303
v 2.65217471 0.86523211 -3.07999897
v 2.64957333 0.837656915 -3.10318303
v 2.66258049 0.839738071 -3.07999897
v 2.64957333 0.837656915 -3.07999897
v 2.66258049 0.839738071 -3.07999897
v 2.64957333 0.837656915 -3.10318303
v 2.66258049 0.839738071 -3.10318303
v 2.66258049 0.839738071 -3.10318303
v 2.64957333 0.837656915 -3.10318303
v 2.66258049 0.839738071 -3.07999897
v 2.64957333 0.837656915 -3.07999897
v 2.66258049 0.839738071 -3.07999897
v 2.64957333 0.837656915 -3.10318303
v 2.66258049 0.839738071 -3.10318303
v 2.70732522 0.841819227 -3.07999897
v 2.66258049 0.839738071 -3.07999897
v 2.70732522 0.841819227 -3.07999897
v 2.66258049 0.839738071 -3.10318303
v 2.70732522 0.841819227 -3.10318303
v 2.70732522 0.841819227 -3.10318303
v 2.66258049 0.839738071 -3.10318303
v 2.70732522 0.841819227 -3.07999897
v 2.66258049 0.839738071 -3.07999897
v 2.70732522 0.841819227 -3.07999897
v 2.66258049 0.839738071 -3.10318303
v 2.70732522 0.841819227 -3.10318303
v 2.76507711 0.837656915 -3.07999897
v 2.70732522 0.841819227 -3.07999897
v 2.76507711 0.837656915 -3.07999897
v 2.70732522 0.841819227 -3.10318303
v 2.76507711 0.837656915 -3.10318303
v 2.76507711 0.837656915 -3.10318303
v 2.70732522 0.841819227 -3.10318303
v 2.76507711 0.837656915 -3.07999897
v 2.70732522 0.841819227 -3.07999897
v 2.76507711 0.837656915 -3.07999897
v 2.70732522 0.841819227 -3.10318303
v 2.76299596 0.869426966 -3.10318303
v 2.76507711 0.837656915 -3.07999897
v 2.76507711 0.837656915 -3.10318303
v 2.76507711 0.837656915 -3.07999897
v 2.76299596 0.869426966 -3.10318303
v 2.76299596 0.869426966 -3.07999897
v 2.76299596 0.869426966 -3.07999897
v 2.76299596 0.869426966 -3.10318303
v 2.76507711 0.837656915 -3.07999897
v 2.76507711 0.837656915 -3.10318303
v 2.76507711 0.837656915 -3.07999897
v 2.76299596 0.869426966 -3.10318303
v 2.75206995 1.13862693 -3.10318303
v 2.76299596 0.869426966 -3.07999897
v 2.76299596 0.869426966 -3.10318303
v 2.76299596 0.869426966 -3.07999897
v 2.75206995 1.13862693 -3.10318303
v 2.75206995 1.13862693 -3.07999897
v 2.75206995 1.13862693 -3.07999897
v 2.75206995 1.13862693 -3.10318303
v 2.76299596 0.869426966 -3.07999897
v 2.76299596 0.869426966 -3.10318303
v 2.76299596 0.869426966 -3.07999897
v 2.75206995 1.13862693 -3.10318303
v 2.75206995 1.30264747 -3.10318303
v 2.75206995 1.13862693 -3.07999897
v 2.75206995 1.13862693 -3.10318303
v 2.75206995 1.13862693 -3.07999897
v 2.75206995 1.30264747 -3.10318303
v 2.75206995 1.30264747 -3.07999897
v 2.75206995 1.30264747 -3.07999897
v 2.75206995 1.30264747 -3.10318303
v 2.75206995 1.13862693 -3.07999897
v 2.75206995 1.13862693 -3.10318303
v 2.75206995 1.13862693 -3.07999897
v 2.75206995 1.30264747 -3.10318303
v 2.75831342 1.45208359 -3.10318303
v 2.75206995 1.30264747 -3.07999897
v 2.75206995 1.30264747 -3.10318303
v 2.75206995 1.30264747 -3.07999897
v 2.75831342 1.45208359 -3.10318303
v 2.75831342 1.45208359 -3.07999897
v 2.75831342 1.45208359 -3.07999897
v 2.75831342 1.45208359 -3.10318303
v 2.75206995 1.30264747 -3.07999897
v 2.75206995 1.30264747 -3.10318303
v 2.75206995 1.30264747 -3.07999897
v 2.75831342 1.45208359 -3.10318303
v 2.75831342 1.48385382 -3.10318303
v 2.75831342 1.45208359 -3.07999897
v 2.75831342 1.45208359 -3.10318303
v 2.75831342 1.45208359 -3.07999897
v 2.75831342 1.48385382 -3.10318303
v 2.75831342 1.48385382 -3.07999897
v 2.75831342 1.48385382 -3.07999897
v 2.75831342 1.48385382 -3.10318303
v 2.75831342 1.45208359 -3.07999897
v 2.75831342 1.45208359 -3.10318303
v 2.75831342 1.45208359 -3.07999897
v 2.75831342 1.48385382 -3.10318303
v 2.75831342 1.48385382 -3.10318303
v 2.74998879 1.48177254 -3.07999897
v 2.75831342 1.48385382 -3.07999897
v 2.74998879 1.48177254 -3.07999897
v 2.75831342 1.48385382 -3.10318303
v 2.74998879 1.48177254 -3.10318303
v 2.74998879 1.48177254 -3.10318303
v 2.75831342 1.48385382 -3.10318303
v 2.74998879 1.48177254 -3.07999897
v 2.75831342 1.48385382 -3.07999897
v 2.74998879 1.48177254 -3.07999897
v 2.75831342 1.48385382 -3.10318303
v 2.74998879 1.48177254 -3.10318303
v 2.70316291 1.47969151 -3.07999897
v 2.74998879 1.48177254 -3.07999897
v 2.70316291 1.47969151 -3.07999897
v 2.74998879 1.48177254 -3.10318303
v 2.70316291 1.47969151 -3.10318303
v 2.70316291 1.47969151 -3.10318303
v 2.74998879 1.48177254 -3.10318303
v 2.70316291 1.47969151 -3.07999897
v 2.74998879 1.48177254 -3.07999897
v 2.70316291 1.47969151 -3.07999897
v 2.74998879 1.48177254 -3.10318303
v 2.70316291 1.47969151 -3.10318303
v 2.64957333 1.48385382 -3.07999897
v 2.70316291 1.47969151 -3.07999897
v 2.64957333 1.48385382 -3.07999897
v 2.70316291 1.47969151 -3.10318303
v 2.64957333 1.48385382 -3.10318303
v 2.64957333 1.48385382 -3.10318303
v 2.70316291 1.47969151 -3.10318303
v 2.64957333 1.48385382 -3.07999897
v 2.70316291 1.47969151 -3.07999897
v 2.64957333 1.48385382 -3.07999897
v 2.70316291 1.47969151 -3.10318303
v 2.64957333 1.48385382 -3.07999897
v 2.65269494 1.43106079 -3.10318303
v 2.65269494 1.43106079 -3.07999897
v 2.65269494 1.43106079 -3.10318303
v 2.64957333 1.48385382 -3.07999897
v 2.64957333 1.48385382 -3.10318303
v 2.64957333 1.48385382 -3.10318303
v 2.64957333 1.48385382 -3.07999897
v 2.65269494 1.43106079 -3.10318303
v 2.65269494 1.43106079 -3.07999897
v 2.65269494 1.43106079 -3.10318303
v 2.64957333 1.48385382 -3.07999897
v 2.65269494 1.43106079 -3.07999897
v 2.65425587 1.36835003 -3.10318303
v 2.65425587 1.36835003 -3.07999897
v 2.65425587 1.36835003 -3.10318303
v 2.65269494 1.43106079 -3.07999897
v 2.65269494 1.43106079 -3.10318303
v 2.65269494 1.43106079 -3.10318303
v 2.65269494 1.43106079 -3.07999897
v 2.65425587 1.36835003 -3.10318303
v 2.65425587 1.36835003 -3.07999897
v 2.65425587 1.36835003 -3.10318303
v 2.65269494 1.43106079 -3.07999897
v 2.61152339 1.42252481 -3.10318303
v 2.65425587 1.36835003 -3.07999897
v 2.65425587 1.36835003 -3.10318303
v 2.65425587 1.36835003 -3.07999897
v 2.61152339 1.42252481 -3.10318303
v 2.61152339 1.42252481 -3.07999897
v 2.61152339 1.42252481 -3.07999897
v 2.61152339 1.42252481 -3.10318303
v 2.65425587 1.36835003 -3.07999897
v 2.65425587 1.36835003 -3.10318303
v 2.65425587 1.36835003 -3.07999897
v 2.61152339 1.42252481 -3.10318303
v 2.61152339 1.42252481 -3.10318303
v 2.56281543 1.46122122 -3.07999897
v 2.61152339 1.42252481 -3.07999897
v 2.56281543 1.46122122 -3.07999897
v 2.61152339 1.42252481 -3.10318303
v 2.56281543 1.46122122 -3.10318303
v 2.56281543 1.46122122 -3.10318303
v 2.61152339 1.42252481 -3.10318303
v 2.56281543 1.46122122 -3.07999897
v 2.61152339 1.42252481 -3.07999897
v 2.56281543 1.46122122 -3.07999897
v 2.61152339 1.42252481 -3.10318303
v 2.56281543 1.46122122 -3.10318303
v 2.50813246 1.48443913 -3.07999897
v 2.56281543 1.46122122 -3.07999897
v 2.50813246 1.48443913 -3.07999897
v 2.56281543 1.46122122 -3.10318303
v 2.50813246 1.48443913 -3.10318303
v 2.50813246 1.48443913 -3.10318303
v 2.56281543 1.46122122 -3.10318303
v 2.50813246 1.48443913 -3.07999897
v 2.56281543 1.46122122 -3.07999897
v 2.50813246 1.48443913 -3.07999897
v 2.56281543 1.46122122 -3.10318303
v 2.50813246 1.48443913 -3.10318303
v 2.44747424 1.49217832 -3.07999897
v 2.50813246 1.48443913 -3.07999897
v 2.44747424 1.49217832 -3.07999897
v 2.50813246 1.48443913 -3.10318303
v 2.44747424 1.49217832 -3.10318303
v 2.44747424 1.49217832 -3.10318303
v 2.50813246 1.48443913 -3.10318303
v 2.44747424 1.49217832 -3.07999897
v 2.50813246 1.48443913 -3.07999897
v 2.44747424 1.49217832 -3.07999897
v 2.50813246 1.48443913 -3.10318303
v 2.44747424 1.49217832 -3.10318303
v 2.38181448 1.48342896 -3.07999897
v 2.44747424 1.49217832 -3.07999897
v 2.38181448 1.48342896 -3.07999897
v 2.44747424 1.49217832 -3.10318303
v 2.38181448 1.48342896 -3.10318303
v 2.38181448 1.48342896 -3.10318303
v 2.44747424 1.49217832 -3.10318303
v 2.38181448 1.48342896 -3.07999897
v 2.44747424 1.49217832 -3.07999897
v 2.38181448 1.48342896 -3.07999897
v 2.44747424 1.49217832 -3.10318303
v 2.38181448 1.48342896 -3.10318303
v 2.32407689 1.45718074 -3.07999897
v 2.38181448 1.48342896 -3.07999897
v 2.32407689 1.45718074 -3.07999897
v 2.38181448 1.48342896 -3.10318303
v 2.32407689 1.45718074 -3.10318303
v 2.32407689 1.45718074 -3.10318303
v 2.38181448 1.48342896 -3.10318303
v 2.32407689 1.45718074 -3.07999897
v 2.38181448 1.48342896 -3.07999897
v 2.32407689 1.45718074 -3.07999897
v 2.38181448 1.48342896 -3.10318303
v 2.32407689 1.45718074 -3.10318303
v 2.27854967 1.41474295 -3.07999897
v 2.32407689 1.45718074 -3.07999897
v 2.27854967 1.41474295 -3.07999897
v 2.32407689 1.45718074 -3.10318303
v 2.27854967 1.41474295 -3.10318303
v 2.27854967 1.41474295 -3.10318303
v 2.32407689 1.45718074 -3.10318303
v 2.27854967 1.41474295 -3.07999897
v 2.32407689 1.45718074 -3.07999897
v 2.27854967 1.41474295 -3.07999897
v 2.32407689 1.45718074 -3.10318303
v 2.27854967 1.41474295 -3.07999897
v 2.24952126 1.35742402 -3.10318303
v 2.24952126 1.35742402 -3.07999897
v 2.24952126 1.35742402 -3.10318303
v 2.27854967 1.41474295 -3.07999897
v 2.27854967 1.41474295 -3.10318303
v 2.27854967 1.41474295 -3.10318303
v 2.27854967 1.41474295 -3.07999897
v 2.24952126 1.35742402 -3.10318303
v 2.24952126 1.35742402 -3.07999897
v 2.24952126 1.35742402 -3.10318303
v 2.27854967 1.41474295 -3.07999897
v 2.20543098 1.41546845 -3.10318303
v 2.24952126 1.35742402 -3.07999897
v 2.24952126 1.35742402 -3.10318303
v 2.24952126 1.35742402 -3.07999897
v 2.20543098 1.41546845 -3.10318303
v 2.20543098 1.41546845 -3.07999897
v 2.20543098 1.41546845 -3.07999897
v 2.20543098 1.41546845 -3.10318303
v 2.24952126 1.35742402 -3.07999897
v 2.24952126 1.35742402 -3.10318303
v 2.24952126 1.35742402 -3.07999897
v 2.20543098 1.41546845 -3.10318303
v 2.20543098 1.41546845 -3.10318303
v 2.15339804 1.45692897 -3.07999897
v 2.20543098 1.41546845 -3.07999897
v 2.15339804 1.45692897 -3.07999897
v 2.20543098 1.41546845 -3.10318303
v 2.15339804 1.45692897 -3.10318303
v 2.15339804 1.45692897 -3.10318303
v 2.20543098 1.41546845 -3.10318303
v 2.15339804 1.45692897 -3.07999897
v 2.20543098 1.41546845 -3.07999897
v 2.15339804 1.45692897 -3.07999897
v 2.20543098 1.41546845 -3.10318303
v 2.15339804 1.45692897 -3.10318303
v 2.09342289 1.48180509 -3.07999897
v 2.15339804 1.45692897 -3.07999897
v 2.09342289 1.48180509 -3.07999897
v 2.15339804 1.45692897 -3.10318303
v 2.09342289 1.48180509 -3.10318303
v 2.09342289 1.48180509 -3.10318303
v 2.15339804 1.45692897 -3.10318303
v 2.09342289 1.48180509 -3.07999897
v 2.15339804 1.45692897 -3.07999897
v 2.09342289 1.48180509 -3.07999897
v 2.15339804 1.45692897 -3.10318303
v 2.09342289 1.48180509 -3.10318303
v 2.02550507 1.49009717 -3.07999897
v 2.09342289 1.48180509 -3.07999897
v 2.02550507 1.49009717 -3.07999897
v 2.09342289 1.48180509 -3.10318303
v 2.02550507 1.49009717 -3.10318303
v 2.02550507 1.49009717 -3.10318303
v 2.09342289 1.48180509 -3.10318303
v 2.02550507 1.49009717 -3.07999897
v 2.09342289 1.48180509 -3.07999897
v 2.02550507 1.49009717 -3.07999897
v 2.09342289 1.48180509 -3.10318303
v 2.02550507 1.49009717 -3.10318303
v 1.94227338 1.47707987 -3.07999897
v 2.02550507 1.49009717 -3.07999897
v 1.94227338 1.47707987 -3.07999897
v 2.02550507 1.49009717 -3.10318303
v 1.94227338 1.47707987 -3.10318303
v 1.94227338 1.47707987 -3.10318303
v 2.02550507 1.49009717 -3.10318303
v 1.94227338 1.47707987 -3.07999897
v 2.02550507 1.49009717 -3.07999897
v 1.94227338 1.47707987 -3.07999897
v 2.02550507 1.49009717 -3.10318303
v 1.94227338 1.47707987 -3.10318303
v 1.87702 1.43802786 -3.07999897
v 1.94227338 1.47707987 -3.07999897
v 1.87702 1.43802786 -3.07999897
v 1.94227338 1.47707987 -3.10318303
v 1.87702 1.43802786 -3.10318303
v 1.87702 1.43802786 -3.10318303
v 1.94227338 1.47707987 -3.10318303
v 1.87702 1.43802786 -3.07999897
v 1.94227338 1.47707987 -3.07999897
v 1.87702 1.43802786 -3.07999897
v 1.94227338 1.47707987 -3.10318303
v 1.87702 1.43802786 -3.07999897
v 1.83482182 1.37606263 -3.10318303
v 1.83482182 1.37606263 -3.07999897
v 1.83482182 1.37606263 -3.10318303
v 1.87702 1.43802786 -3.07999897
v 1.87702 1.43802786 -3.10318303
v 1.87702 1.43802786 -3.10318303
v 1.87702 1.43802786 -3.07999897
v 1.83482182 1.37606263 -3.10318303
v 1.83482182 1.37606263 -3.07999897
v 1.83482182 1.37606263 -3.10318303
v 1.87702 1.43802786 -3.07999897
v 1.83482182 1.37606263 -3.07999897
v 1.82075584 1.29430652 -3.10318303
v 1.82075584 1.29430652 -3.07999897
v 1.82075584 1.29430652 -3.10318303
v 1.83482182 1.37606263 -3.07999897
v 1.83482182 1.37606263 -3.10318303
v 1.83482182 1.37606263 -3.10318303
v 1.83482182 1.37606263 -3.07999897
v 1.82075584 1.29430652 -3.10318303
v 1.82075584 1.29430652 -3.07999897
v 1.82075584 1.29430652 -3.10318303
v 1.83482182 1.37606263 -3.07999897
v 1.82075584 1.29430652 -3.07999897
v 1.82491791 1.17038071 -3.10318303
v 1.82491791 1.17038071 -3.07999897
v 1.82491791 1.17038071 -3.10318303
v 1.82075584 1.29430652 -3.07999897
v 1.82075584 1.29430652 -3.10318303
v 1.82075584 1.29430652 -3.10318303
v 1.82075584 1.29430652 -3.07999897
v 1.82491791 1.17038071 -3.10318303
v 1.82491791 1.17038071 -3.07999897
v 1.82491791 1.17038071 -3.10318303
v 1.82075584 1.29430652 -3.07999897
v 1.82491791 1.17038071 -3.07999897
v 1.82961679 1.08290732 -3.10318303
v 1.82961679 1.08290732 -3.07999897
v 1.82961679 1.08290732 -3.10318303
v 1.82491791 1.17038071 -3.07999897
v 1.82491791 1.17038071 -3.10318303
v 1.82491791 1.17038071 -3.10318303
v 1.82491791 1.17038071 -3.07999897
v 1.82961679 1.08290732 -3.10318303
v 1.82961679 1.08290732 -3.07999897
v 1.82961679 1.08290732 -3.10318303
v 1.82491791 1.17038071 -3.07999897
v 2.66258049 0.839738071 -3.10318303
v 2.65217471 0.86523211 -3.10318303
v 2.65633702 0.963566422 -3.10318303
v 2.65217471 0.86523211 -3.10318303
v 2.66258049 0.839738071 -3.10318303
v 2.64957333 0.837656915 -3.10318303
v 2.65102053 1.25362659 -3.10318303
v 2.65425587 1.36835003 -3.10318303
v 2.65633702 1.14878869 -3.10318303
v 2.65425587 1.36835003 -3.10318303
v 2.65102053 1.25362659 -3.10318303
v 2.63507032 1.32568645 -3.10318303
v 2.65425587 1.36835003 -3.10318303
v 2.63507032 1.32568645 -3.10318303
v 2.61152339 1.42252481 -3.10318303
v 2.61152339 1.42252481 -3.10318303
v 2.63507032 1.32568645 -3.10318303
v 2.61098981 1.36756945 -3.10318303
v 2.61152339 1.42252481 -3.10318303
v 2.61098981 1.36756945 -3.10318303
v 2.56281543 1.46122122 -3.10318303
v 2.56281543 1.46122122 -3.10318303
v 2.61098981 1.36756945 -3.10318303
v 2.57815981 1.39748597 -3.10318303
v 2.56281543 1.46122122 -3.10318303
v 2.57815981 1.39748597 -3.10318303
v 2.53658056 1.41543603 -3.10318303
v 2.56281543 1.46122122 -3.10318303
v 2.53658056 1.41543603 -3.10318303
v 2.50813246 1.48443913 -3.10318303
v 2.50813246 1.48443913 -3.10318303
v 2.53658056 1.41543603 -3.10318303
v 2.48625183 1.42141926 -3.10318303
v 2.50813246 1.48443913 -3.10318303
v 2.48625183 1.42141926 -3.10318303
v 2.44747424 1.49217832 -3.10318303
v 2.44747424 1.49217832 -3.10318303
v 2.48625183 1.42141926 -3.10318303
v 2.42051697 1.40919256 -3.10318303
v 2.44747424 1.49217832 -3.10318303
v 2.42051697 1.40919256 -3.10318303
v 2.38181448 1.48342896 -3.10318303
v 2.38181448 1.48342896 -3.10318303
v 2.42051697 1.40919256 -3.10318303
v 2.37578845 1.3725121 -3.10318303
v 2.38181448 1.48342896 -3.10318303
v 2.37578845 1.3725121 -3.10318303
v 2.32407689 1.45718074 -3.10318303
v 2.32407689 1.45718074 -3.10318303
v 2.37578845 1.3725121 -3.10318303
v 2.35050964 1.31632125 -3.10318303
v 2.32407689 1.45718074 -3.10318303
v 2.35050964 1.31632125 -3.10318303
v 2.34208369 1.23411584 -3.10318303
v 2.70732522 0.841819227 -3.10318303
v 2.76299596 0.869426966 -3.10318303
v 2.76507711 0.837656915 -3.10318303
v 2.76299596 0.869426966 -3.10318303
v 2.70732522 0.841819227 -3.10318303
v 2.75206995 1.13862693 -3.10318303
v 2.75206995 1.13862693 -3.10318303
v 2.70732522 0.841819227 -3.10318303
v 2.75206995 1.30264747 -3.10318303
v 2.75206995 1.30264747 -3.10318303
v 2.70732522 0.841819227 -3.10318303
v 2.74998879 1.48177254 -3.10318303
v 2.74998879 1.48177254 -3.10318303
v 2.70732522 0.841819227 -3.10318303
v 2.70316291 1.47969151 -3.10318303
v 2.70316291 1.47969151 -3.10318303
v 2.70732522 0.841819227 -3.10318303
v 2.66258049 0.839738071 -3.10318303
v 2.70316291 1.47969151 -3.10318303
v 2.66258049 0.839738071 -3.10318303
v 2.65425587 1.36835003 -3.10318303
v 2.70316291 1.47969151 -3.10318303
v 2.65425587 1.36835003 -3.10318303
v 2.65269494 1.43106079 -3.10318303
v 2.70316291 1.47969151 -3.10318303
v 2.65269494 1.43106079 -3.10318303
v 2.64957333 1.48385382 -3.10318303
v 2.65425587 1.36835003 -3.10318303
v 2.66258049 0.839738071 -3.10318303
v 2.65633702 1.14878869 -3.10318303
v 2.65633702 1.14878869 -3.10318303
v 2.66258049 0.839738071 -3.10318303
v 2.65633702 0.963566422 -3.10318303
v 2.65633702 1.14878869 -3.10318303
v 2.65633702 0.963566422 -3.10318303
v 2.65633702 1.07438767 -3.10318303
v 2.75206995 1.30264747 -3.10318303
v 2.75831342 1.48385382 -3.10318303
v 2.75831342 1.45208359 -3.10318303
v 2.75831342 1.48385382 -3.10318303
v 2.75206995 1.30264747 -3.10318303
v 2.74998879 1.48177254 -3.10318303
v 2.2902987 0.841819227 -3.10318303
v 2.35037565 0.86523211 -3.10318303
v 2.35248947 0.837656915 -3.10318303
v 2.35037565 0.86523211 -3.10318303
v 2.2902987 0.841819227 -3.10318303
v 2.34208369 1.02287912 -3.10318303
v 2.34208369 1.02287912 -3.10318303
v 2.2902987 0.841819227 -3.10318303
v 2.34208369 1.12329459 -3.10318303
v 2.34208369 1.12329459 -3.10318303
v 2.2902987 0.841819227 -3.10318303
v 2.34208369 1.23411584 -3.10318303
v 2.34208369 1.23411584 -3.10318303
v 2.2902987 0.841819227 -3.10318303
v 2.32407689 1.45718074 -3.10318303
v 2.32407689 1.45718074 -3.10318303
v 2.2902987 0.841819227 -3.10318303
v 2.27854967 1.41474295 -3.10318303
v 2.27854967 1.41474295 -3.10318303
v 2.2902987 0.841819227 -3.10318303
v 2.2390666 0.867313266 -3.10318303
v 2.2390666 0.867313266 -3.10318303
v 2.2902987 0.841819227 -3.10318303
v 2.23490429 0.837656915 -3.10318303
v 2.27854967 1.41474295 -3.10318303
v 2.2390666 0.867313266 -3.10318303
v 2.24952126 1.35742402 -3.10318303
v 2.24952126 1.35742402 -3.10318303
v 2.2390666 0.867313266 -3.10318303
v 2.24116397 1.03590274 -3.10318303
v 2.2390666 0.92506516 -3.10318303
v 2.24116397 1.03590274 -3.10318303
v 2.2390666 0.867313266 -3.10318303
v 1.83482182 1.37606263 -3.10318303
v 1.82961679 1.08290732 -3.10318303
v 1.82075584 1.29430652 -3.10318303
v 1.82961679 1.08290732 -3.10318303
v 1.83482182 1.37606263 -3.10318303
v 1.82961679 0.965745151 -3.10318303
v 1.82075584 1.29430652 -3.10318303
v 1.82961679 1.08290732 -3.10318303
v 1.82491791 1.17038071 -3.10318303
v 1.86571181 0.841819227 -3.10318303
v 1.93834066 0.878239334 -3.10318303
v 1.94094205 0.837656915 -3.10318303
v 1.93834066 0.878239334 -3.10318303
v 1.86571181 0.841819227 -3.10318303
v 1.9320972 0.963566422 -3.10318303
v 1.9320972 0.963566422 -3.10318303
v 1.86571181 0.841819227 -3.10318303
v 1.92793489 1.10822248 -3.10318303
v 1.92793489 1.10822248 -3.10318303
v 1.86571181 0.841819227 -3.10318303
v 1.92793489 1.21071923 -3.10318303
v 1.92793489 1.21071923 -3.10318303
v 1.86571181 0.841819227 -3.10318303
v 1.87702 1.43802786 -3.10318303
v 1.87702 1.43802786 -3.10318303
v 1.86571181 0.841819227 -3.10318303
v 1.83482182 1.37606263 -3.10318303
v 1.83482182 1.37606263 -3.10318303
v 1.86571181 0.841819227 -3.10318303
v 1.83799016 0.839738071 -3.10318303
v 1.83482182 1.37606263 -3.10318303
v 1.83799016 0.839738071 -3.10318303
v 1.82961679 0.965745151 -3.10318303
v 1.82961679 0.965745151 -3.10318303
v 1.83799016 0.839738071 -3.10318303
v 1.82491791 0.837656915 -3.10318303
v 1.82961679 0.965745151 -3.10318303
v 1.82491791 0.837656915 -3.10318303
v 1.82491791 0.874109566 -3.10318303
v 2.24952126 1.35742402 -3.10318303
v 2.23075819 1.31063056 -3.10318303
v 2.20543098 1.41546845 -3.10318303
v 2.23075819 1.31063056 -3.10318303
v 2.24952126 1.35742402 -3.10318303
v 2.24116397 1.20187426 -3.10318303
v 2.24116397 1.20187426 -3.10318303
v 2.24952126 1.35742402 -3.10318303
v 2.24116397 1.03590274 -3.10318303
v 2.20543098 1.41546845 -3.10318303
v 2.23075819 1.31063056 -3.10318303
v 2.20682526 1.35947251 -3.10318303
v 2.20543098 1.41546845 -3.10318303
v 2.20682526 1.35947251 -3.10318303
v 2.17040491 1.39569747 -3.10318303
v 2.20543098 1.41546845 -3.10318303
v 2.17040491 1.39569747 -3.10318303
v 2.15339804 1.45692897 -3.10318303
v 2.15339804 1.45692897 -3.10318303
v 2.17040491 1.39569747 -3.10318303
v 2.12357497 1.41813493 -3.10318303
v 2.15339804 1.45692897 -3.10318303
v 2.12357497 1.41813493 -3.10318303
v 2.09342289 1.48180509 -3.10318303
v 2.09342289 1.48180509 -3.10318303
v 2.12357497 1.41813493 -3.10318303
v 2.06841254 1.42561412 -3.10318303
v 2.09342289 1.48180509 -3.10318303
v 2.06841254 1.42561412 -3.10318303
v 2.02550507 1.49009717 -3.10318303
v 2.02550507 1.49009717 -3.10318303
v 2.06841254 1.42561412 -3.10318303
v 2.00012469 1.41078591 -3.10318303
v 2.02550507 1.49009717 -3.10318303
v 2.00012469 1.41078591 -3.10318303
v 1.94227338 1.47707987 -3.10318303
v 1.94227338 1.47707987 -3.10318303
v 2.00012469 1.41078591 -3.10318303
v 1.95134771 1.3663013 -3.10318303
v 1.94227338 1.47707987 -3.10318303
v 1.95134771 1.3663013 -3.10318303
v 1.93378806 1.3060739 -3.10318303
v 1.94227338 1.47707987 -3.10318303
v 1.93378806 1.3060739 -3.10318303
v 1.87702 1.43802786 -3.10318303
v 1.87702 1.43802786 -3.10318303
v 1.93378806 1.3060739 -3.10318303
v 1.92793489 1.21071923 -3.10318303
v 1.92793489 1.21071923 -3.10318303
v 1.93378806 1.3060739 -3.10318303
v 1.87702 1.43802786 -3.10318303
v 1.87702 1.43802786 -3.10318303
v 1.93378806 1.3060739 -3.10318303
v 1.94227338 1.47707987 -3.10318303
v 1.93378806 1.3060739 -3.10318303
v 1.95134771 1.3663013 -3.10318303
v 1.94227338 1.47707987 -3.10318303
v 1.95134771 1.3663013 -3.10318303
v 2.00012469 1.41078591 -3.10318303
v 1.94227338 1.47707987 -3.10318303
v 1.94227338 1.47707987 -3.10318303
v 2.00012469 1.41078591 -3.10318303
v 2.02550507 1.49009717 -3.10318303
v 2.00012469 1.41078591 -3.10318303
v 2.06841254 1.42561412 -3.10318303
v 2.02550507 1.49009717 -3.10318303
v 2.02550507 1.49009717 -3.10318303
v 2.06841254 1.42561412 -3.10318303
v 2.09342289 1.48180509 -3.10318303
v 2.06841254 1.42561412 -3.10318303
v 2.12357497 1.41813493 -3.10318303
v 2.09342289 1.48180509 -3.10318303
v 2.09342289 1.48180509 -3.10318303
v 2.12357497 1.41813493 -3.10318303
v 2.15339804 1.45692897 -3.10318303
v 2.12357497 1.41813493 -3.10318303
v 2.17040491 1.39569747 -3.10318303
v 2.15339804 1.45692897 -3.10318303
v 2.15339804 1.45692897 -3.10318303
v 2.17040491 1.39569747 -3.10318303
v 2.20543098 1.41546845 -3.10318303
v 2.17040491 1.39569747 -3.10318303
v 2.20682526 1.35947251 -3.10318303
v 2.20543098 1.41546845 -3.10318303
v 2.20682526 1.35947251 -3.10318303
v 2.23075819 1.31063056 -3.10318303
v 2.20543098 1.41546845 -3.10318303
v 2.24116397 1.03590274 -3.10318303
v 2.24952126 1.35742402 -3.10318303
v 2.24116397 1.20187426 -3.10318303
v 2.24116397 1.20187426 -3.10318303
v 2.24952126 1.35742402 -3.10318303
v 2.23075819 1.31063056 -3.10318303
v 2.20543098 1.41546845 -3.10318303
v 2.23075819 1.31063056 -3.10318303
v 2.24952126 1.35742402 -3.10318303
v 1.82491791 0.874109566 -3.10318303
v 1.82491791 0.837656915 -3.10318303
v 1.82961679 0.965745151 -3.10318303
v 1.82491791 0.837656915 -3.10318303
v 1.83799016 0.839738071 -3.10318303
v 1.82961679 0.965745151 -3.10318303
v 1.82961679 0.965745151 -3.10318303
v 1.83799016 0.839738071 -3.10318303
v 1.83482182 1.37606263 -3.10318303
v 1.83799016 0.839738071 -3.10318303
v 1.86571181 0.841819227 -3.10318303
v 1.83482182 1.37606263 -3.10318303
v 1.83482182 1.37606263 -3.10318303
v 1.86571181 0.841819227 -3.10318303
v 1.87702 1.43802786 -3.10318303
v 1.87702 1.43802786 -3.10318303
v 1.86571181 0.841819227 -3.10318303
v 1.92793489 1.21071923 -3.10318303
v 1.92793489 1.21071923 -3.10318303
v 1.86571181 0.841819227 -3.10318303
v 1.92793489 1.10822248 -3.10318303
v 1.92793489 1.10822248 -3.10318303
v 1.86571181 0.841819227 -3.10318303
v 1.9320972 0.963566422 -3.10318303
v 1.9320972 0.963566422 -3.10318303
v 1.86571181 0.841819227 -3.10318303
v 1.93834066 0.878239334 -3.10318303
v 1.94094205 0.837656915 -3.10318303
v 1.93834066 0.878239334 -3.10318303
v 1.86571181 0.841819227 -3.10318303
v 1.82491791 1.17038071 -3.10318303
v 1.82961679 1.08290732 -3.10318303
v 1.82075584 1.29430652 -3.10318303
v 1.82961679 0.965745151 -3.10318303
v 1.83482182 1.37606263 -3.10318303
v 1.82961679 1.08290732 -3.10318303
v 1.82075584 1.29430652 -3.10318303
v 1.82961679 1.08290732 -3.10318303
v 1.83482182 1.37606263 -3.10318303
v 2.2390666 0.867313266 -3.10318303
v 2.24116397 1.03590274 -3.10318303
v 2.2390666 0.92506516 -3.10318303
v 2.24116397 1.03590274 -3.10318303
v 2.2390666 0.867313266 -3.10318303
v 2.24952126 1.35742402 -3.10318303
v 2.24952126 1.35742402 -3.10318303
v 2.2390666 0.867313266 -3.10318303
v 2.27854967 1.41474295 -3.10318303
v 2.23490429 0.837656915 -3.10318303
v 2.2902987 0.841819227 -3.10318303
v 2.2390666 0.867313266 -3.10318303
v 2.2390666 0.867313266 -3.10318303
v 2.2902987 0.841819227 -3.10318303
v 2.27854967 1.41474295 -3.10318303
v 2.27854967 1.41474295 -3.10318303
v 2.2902987 0.841819227 -3.10318303
v 2.32407689 1.45718074 -3.10318303
v 2.32407689 1.45718074 -3.10318303
v 2.2902987 0.841819227 -3.10318303
v 2.34208369 1.23411584 -3.10318303
v 2.34208369 1.23411584 -3.10318303
v 2.2902987 0.841819227 -3.10318303
v 2.34208369 1.12329459 -3.10318303
v 2.34208369 1.12329459 -3.10318303
v 2.2902987 0.841819227 -3.10318303
v 2.34208369 1.02287912 -3.10318303
v 2.34208369 1.02287912 -3.10318303
v 2.2902987 0.841819227 -3.10318303
v 2.35037565 0.86523211 -3.10318303
v 2.35248947 0.837656915 -3.10318303
v 2.35037565 0.86523211 -3.10318303
v 2.2902987 0.841819227 -3.10318303
v 2.74998879 1.48177254 -3.10318303
v 2.75206995 1.30264747 -3.10318303
v 2.75831342 1.48385382 -3.10318303
v 2.75831342 1.45208359 -3.10318303
v 2.75831342 1.48385382 -3.10318303
v 2.75206995 1.30264747 -3.10318303
v 2.65633702 1.07438767 -3.10318303
v 2.65633702 0.963566422 -3.10318303
v 2.65633702 1.14878869 -3.10318303
v 2.65633702 0.963566422 -3.10318303
v 2.66258049 0.839738071 -3.10318303
v 2.65633702 1.14878869 -3.10318303
v 2.65633702 1.14878869 -3.10318303
v 2.66258049 0.839738071 -3.10318303
v 2.65425587 1.36835003 -3.10318303
v 2.64957333 1.48385382 -3.10318303
v 2.65269494 1.43106079 -3.10318303
v 2.70316291 1.47969151 -3.10318303
v 2.65269494 1.43106079 -3.10318303
v 2.65425587 1.36835003 -3.10318303
v 2.70316291 1.47969151 -3.10318303
v 2.65425587 1.36835003 -3.10318303
v 2.66258049 0.839738071 -3.10318303
v 2.70316291 1.47969151 -3.10318303
v 2.66258049 0.839738071 -3.10318303
v 2.70732522 0.841819227 -3.10318303
v 2.70316291 1.47969151 -3.10318303
v 2.70316291 1.47969151 -3.10318303
v 2.70732522 0.841819227 -3.10318303
v 2.74998879 1.48177254 -3.10318303
v 2.74998879 1.48177254 -3.10318303
v 2.70732522 0.841819227 -3.10318303
v 2.75206995 1.30264747 -3.10318303
v 2.75206995 1.30264747 -3.10318303
v 2.70732522 0.841819227 -3.10318303
v 2.75206995 1.13862693 -3.10318303
v 2.75206995 1.13862693 -3.10318303
v 2.70732522 0.841819227 -3.10318303
v 2.76299596 0.869426966 -3.10318303
v 2.76507711 0.837656915 -3.10318303
v 2.76299596 0.869426966 -3.10318303
v 2.70732522 0.841819227 -3.10318303
v 2.34208369 1.23411584 -3.10318303
v 2.35050964 1.31632125 -3.10318303
v 2.32407689 1.45718074 -3.10318303
v 2.35050964 1.31632125 -3.10318303
v 2.37578845 1.3725121 -3.10318303
v 2.32407689 1.45718074 -3.10318303
v 2.32407689 1.45718074 -3.10318303
v 2.37578845 1.3725121 -3.10318303
v 2.38181448 1.48342896 -3.10318303
v 2.37578845 1.3725121 -3.10318303
v 2.42051697 1.40919256 -3.10318303
v 2.38181448 1.48342896 -3.10318303
v 2.38181448 1.48342896 -3.10318303
v 2.42051697 1.40919256 -3.10318303
v 2.44747424 1.49217832 -3.10318303
v 2.42051697 1.40919256 -3.10318303
v 2.48625183 1.42141926 -3.10318303
v 2.44747424 1.49217832 -3.10318303
v 2.44747424 1.49217832 -3.10318303
v 2.48625183 1.42141926 -3.10318303
v 2.50813246 1.48443913 -3.10318303
v 2.48625183 1.42141926 -3.10318303
v 2.53658056 1.41543603 -3.10318303
v 2.50813246 1.48443913 -3.10318303
v 2.50813246 1.48443913 -3.10318303
v 2.53658056 1.41543603 -3.10318303
v 2.56281543 1.46122122 -3.10318303
v 2.53658056 1.41543603 -3.10318303
v 2.57815981 1.39748597 -3.10318303
v 2.56281543 1.46122122 -3.10318303
v 2.57815981 1.39748597 -3.10318303
v 2.61098981 1.36756945 -3.10318303
v 2.56281543 1.46122122 -3.10318303
v 2.56281543 1.46122122 -3.10318303
v 2.61098981 1.36756945 -3.10318303
v 2.61152339 1.42252481 -3.10318303
v 2.61098981 1.36756945 -3.10318303
v 2.63507032 1.32568645 -3.10318303
v 2.61152339 1.42252481 -3.10318303
v 2.61152339 1.42252481 -3.10318303
v 2.63507032 1.32568645 -3.10318303
v 2.65425587 1.36835003 -3.10318303
v 2.63507032 1.32568645 -3.10318303
v 2.65102053 1.25362659 -3.10318303
v 2.65425587 1.36835003 -3.10318303
v 2.65633702 1.14878869 -3.10318303
v 2.65425587 1.36835003 -3.10318303
v 2.65102053 1.25362659 -3.10318303
v 2.64957333 0.837656915 -3.10318303
v 2.66258049 0.839738071 -3.10318303
v 2.65217471 0.86523211 -3.10318303
v 2.65633702 0.963566422 -3.10318303
v 2.65217471 0.86523211 -3.10318303
v 2.66258049 0.839738071 -3.10318303
v 1.10379994 0.993222833 -3.07999897
v 1.10171854 0.850664079 -3.10318303
v 1.10171854 0.850664079 -3.07999897
v 1.10171854 0.850664079 -3.10318303
v 1.10379994 0.993222833 -3.07999897
v 1.10379994 0.993222833 -3.10318303
v 1.10379994 0.993222833 -3.10318303
v 1.10379994 0.993222833 -3.07999897
v 1.10171854 0.850664079 -3.10318303
v 1.10171854 0.850664079 -3.07999897
v 1.10171854 0.850664079 -3.10318303
v 1.10379994 0.993222833 -3.07999897
v 1.19584191 1.85429835 -3.07999897
v 1.21097898 1.84805489 -3.07999897
v 1.21306002 1.85846066 -3.07999897
v 1.21097898 1.84805489 -3.07999897
v 1.19584191 1.85429835 -3.07999897
v 1.20681679 1.72422647 -3.07999897
v 1.20681679 1.72422647 -3.07999897
v 1.19584191 1.85429835 -3.07999897
v 1.20681679 1.1935333 -3.07999897
v 1.09339321 1.85846066 -3.07999897
v 1.10379994 1.51975346 -3.07999897
v 1.11012459 1.85429835 -3.07999897
v 1.10379994 1.51975346 -3.07999897
v 1.09339321 1.85846066 -3.07999897
v 1.09339321 1.81995928 -3.07999897
v 1.20681679 1.1935333 -3.07999897
v 1.21722245 0.837656915 -3.07999897
v 1.21722245 0.878239334 -3.07999897
v 1.21722245 0.837656915 -3.07999897
v 1.20681679 1.1935333 -3.07999897
v 1.13622022 0.839738071 -3.07999897
v 1.13622022 0.839738071 -3.07999897
v 1.20681679 1.1935333 -3.07999897
v 1.19584191 1.85429835 -3.07999897
v 1.13622022 0.839738071 -3.07999897
v 1.19584191 1.85429835 -3.07999897
v 1.11012459 1.85429835 -3.07999897
v 1.13622022 0.839738071 -3.07999897
v 1.11012459 1.85429835 -3.07999897
v 1.10379994 0.993222833 -3.07999897
v 1.13622022 0.839738071 -3.07999897
v 1.10379994 0.993222833 -3.07999897
v 1.10171854 0.850664079 -3.07999897
v 1.13622022 0.839738071 -3.07999897
v 1.10171854 0.850664079 -3.07999897
v 1.09963751 0.837656915 -3.07999897
v 1.10379994 0.993222833 -3.07999897
v 1.11012459 1.85429835 -3.07999897
v 1.10379994 1.51975346 -3.07999897
v 1.10379994 1.51975346 -3.07999897
v 1.11012459 1.85429835 -3.07999897
v 1.10379994 0.993222833 -3.07999897
v 1.09963751 0.837656915 -3.07999897
v 1.10171854 0.850664079 -3.07999897
v 1.13622022 0.839738071 -3.07999897
v 1.10171854 0.850664079 -3.07999897
v 1.10379994 0.993222833 -3.07999897
v 1.13622022 0.839738071 -3.07999897
v 1.10379994 0.993222833 -3.07999897
v 1.11012459 1.85429835 -3.07999897
v 1.13622022 0.839738071 -3.07999897
v 1.11012459 1.85429835 -3.07999897
v 1.19584191 1.85429835 -3.07999897
v 1.13622022 0.839738071 -3.07999897
v 1.19584191 1.85429835 -3.07999897
v 1.20681679 1.1935333 -3.07999897
v 1.13622022 0.839738071 -3.07999897
v 1.13622022 0.839738071 -3.07999897
v 1.20681679 1.1935333 -3.07999897
v 1.21722245 0.837656915 -3.07999897
v 1.21722245 0.878239334 -3.07999897
v 1.21722245 0.837656915 -3.07999897
v 1.20681679 1.1935333 -3.07999897
v 1.09339321 1.81995928 -3.07999897
v 1.09339321 1.85846066 -3.07999897
v 1.10379994 1.51975346 -3.07999897
v 1.11012459 1.85429835 -3.07999897
v 1.10379994 1.51975346 -3.07999897
v 1.09339321 1.85846066 -3.07999897
v 1.20681679 1.1935333 -3.07999897
v 1.19584191 1.85429835 -3.07999897
v 1.20681679 1.72422647 -3.07999897
v 1.20681679 1.72422647 -3.07999897
v 1.19584191 1.85429835 -3.07999897
v 1.21097898 1.84805489 -3.07999897
v 1.21306002 1.85846066 -3.07999897
v 1.21097898 1.84805489 -3.07999897
v 1.19584191 1.85429835 -3.07999897
v 1.10379994 1.51975346 -3.07999897
v 1.10379994 0.993222833 -3.10318303
v 1.10379994 0.993222833 -3.07999897
v 1.10379994 0.993222833 -3.10318303
v 1.10379994 1.51975346 -3.07999897
v 1.10379994 1.51975346 -3.10318303
v 1.10379994 1.51975346 -3.10318303
v 1.10379994 1.51975346 -3.07999897
v 1.10379994 0.993222833 -3.10318303
v 1.10379994 0.993222833 -3.07999897
v 1.10379994 0.993222833 -3.10318303
v 1.10379994 1.51975346 -3.07999897
v 1.21097898 1.84805489 -3.10318303
v 1.19584191 1.85429835 -3.10318303
v 1.21306002 1.85846066 -3.10318303
v 1.19584191 1.85429835 -3.10318303
v 1.21097898 1.84805489 -3.10318303
v 1.20681679 1.72422647 -3.10318303
v 1.13622022 0.839738071 -3.10318303
v 1.21722245 0.878239334 -3.10318303
v 1.21722245 0.837656915 -3.10318303
v 1.21722245 0.878239334 -3.10318303
v 1.13622022 0.839738071 -3.10318303
v 1.20681679 1.1935333 -3.10318303
v 1.20681679 1.1935333 -3.10318303
v 1.13622022 0.839738071 -3.10318303
v 1.20681679 1.72422647 -3.10318303
v 1.20681679 1.72422647 -3.10318303
v 1.13622022 0.839738071 -3.10318303
v 1.19584191 1.85429835 -3.10318303
v 1.19584191 1.85429835 -3.10318303
v 1.13622022 0.839738071 -3.10318303
v 1.11012459 1.85429835 -3.10318303
v 1.11012459 1.85429835 -3.10318303
v 1.13622022 0.839738071 -3.10318303
v 1.10379994 0.993222833 -3.10318303
v 1.10379994 0.993222833 -3.10318303
v 1.13622022 0.839738071 -3.10318303
v 1.10171854 0.850664079 -3.10318303
v 1.10171854 0.850664079 -3.10318303
v 1.13622022 0.839738071 -3.10318303
v 1.09963751 0.837656915 -3.10318303
v 1.11012459 1.85429835 -3.10318303
v 1.10379994 1.51975346 -3.10318303
v 1.09339321 1.85846066 -3.10318303
v 1.10379994 1.51975346 -3.10318303
v 1.11012459 1.85429835 -3.10318303
v 1.10379994 0.993222833 -3.10318303
v 1.09339321 1.85846066 -3.10318303
v 1.10379994 1.51975346 -3.10318303
v 1.09339321 1.81995928 -3.10318303
v 1.09339321 1.81995928 -3.10318303
v 1.10379994 1.51975346 -3.10318303
v 1.09339321 1.85846066 -3.10318303
v 1.10379994 0.993222833 -3.10318303
v 1.11012459 1.85429835 -3.10318303
v 1.10379994 1.51975346 -3.10318303
v 1.09339321 1.85846066 -3.10318303
v 1.10379994 1.51975346 -3.10318303
v 1.11012459 1.85429835 -3.10318303
v 1.09963751 0.837656915 -3.10318303
v 1.13622022 0.839738071 -3.10318303
v 1.10171854 0.850664079 -3.10318303
v 1.10171854 0.850664079 -3.10318303
v 1.13622022 0.839738071 -3.10318303
v 1.10379994 0.993222833 -3.10318303
v 1.10379994 0.993222833 -3.10318303
v 1.13622022 0.839738071 -3.10318303
v 1.11012459 1.85429835 -3.10318303
v 1.11012459 1.85429835 -3.10318303
v 1.13622022 0.839738071 -3.10318303
v 1.19584191 1.85429835 -3.10318303
v 1.19584191 1.85429835 -3.10318303
v 1.13622022 0.839738071 -3.10318303
v 1.20681679 1.72422647 -3.10318303
v 1.20681679 1.72422647 -3.10318303
v 1.13622022 0.839738071 -3.10318303
v 1.20681679 1.1935333 -3.10318303
v 1.20681679 1.1935333 -3.10318303
v 1.13622022 0.839738071 -3.10318303
v 1.21722245 0.878239334 -3.10318303
v 1.21722245 0.837656915 -3.10318303
v 1.21722245 0.878239334 -3.10318303
v 1.13622022 0.839738071 -3.10318303
v 1.20681679 1.72422647 -3.10318303
v 1.21097898 1.84805489 -3.10318303
v 1.19584191 1.85429835 -3.10318303
v 1.21306002 1.85846066 -3.10318303
v 1.19584191 1.85429835 -3.10318303
v 1.21097898 1.84805489 -3.10318303
v 1.10171854 0.850664079 -3.07999897
v 1.09963751 0.837656915 -3.10318303
v 1.09963751 0.837656915 -3.07999897
v 1.09963751 0.837656915 -3.10318303
v 1.10171854 0.850664079 -3.07999897
v 1.10171854 0.850664079 -3.10318303
v 1.10171854 0.850664079 -3.10318303
v 1.10171854 0.850664079 -3.07999897
v 1.09963751 0.837656915 -3.10318303
v 1.09963751 0.837656915 -3.07999897
v 1.09963751 0.837656915 -3.10318303
v 1.10171854 0.850664079 -3.07999897
v 1.09963751 0.837656915 -3.10318303
v 1.13622022 0.839738071 -3.07999897
v 1.09963751 0.837656915 -3.07999897
v 1.13622022 0.839738071 -3.07999897
v 1.09963751 0.837656915 -3.10318303
v 1.13622022 0.839738071 -3.10318303
v 1.13622022 0.839738071 -3.10318303
v 1.09963751 0.837656915 -3.10318303
v 1.13622022 0.839738071 -3.07999897
v 1.09963751 0.837656915 -3.07999897
v 1.13622022 0.839738071 -3.07999897
v 1.09963751 0.837656915 -3.10318303
v 1.13622022 0.839738071 -3.10318303
v 1.21722245 0.837656915 -3.07999897
v 1.13622022 0.839738071 -3.07999897
v 1.21722245 0.837656915 -3.07999897
v 1.13622022 0.839738071 -3.10318303
v 1.21722245 0.837656915 -3.10318303
v 1.21722245 0.837656915 -3.10318303
v 1.13622022 0.839738071 -3.10318303
v 1.21722245 0.837656915 -3.07999897
v 1.13622022 0.839738071 -3.07999897
v 1.21722245 0.837656915 -3.07999897
v 1.13622022 0.839738071 -3.10318303
v 1.21722245 0.878239334 -3.10318303
v 1.21722245 0.837656915 -3.07999897
v 1.21722245 0.837656915 -3.10318303
v 1.21722245 0.837656915 -3.07999897
v 1.21722245 0.878239334 -3.10318303
v 1.21722245 0.878239334 -3.07999897
v 1.21722245 0.878239334 -3.07999897
v 1.21722245 0.878239334 -3.10318303
v 1.21722245 0.837656915 -3.07999897
v 1.21722245 0.837656915 -3.10318303
v 1.21722245 0.837656915 -3.07999897
v 1.21722245 0.878239334 -3.10318303
v 1.20681679 1.1935333 -3.10318303
v 1.21722245 0.878239334 -3.07999897
v 1.21722245 0.878239334 -3.10318303
v 1.21722245 0.878239334 -3.07999897
v 1.20681679 1.1935333 -3.10318303
v 1.20681679 1.1935333 -3.07999897
v 1.20681679 1.1935333 -3.07999897
v 1.20681679 1.1935333 -3.10318303
v 1.21722245 0.878239334 -3.07999897
v 1.21722245 0.878239334 -3.10318303
v 1.21722245 0.878239334 -3.07999897
v 1.20681679 1.1935333 -3.10318303
v 1.20681679 1.72422647 -3.10318303
v 1.20681679 1.1935333 -3.07999897
v 1.20681679 1.1935333 -3.10318303
v 1.20681679 1.1935333 -3.07999897
v 1.20681679 1.72422647 -3.10318303
v 1.20681679 1.72422647 -3.07999897
v 1.20681679 1.72422647 -3.07999897
v 1.20681679 1.72422647 -3.10318303
v 1.20681679 1.1935333 -3.07999897
v 1.20681679 1.1935333 -3.10318303
v 1.20681679 1.1935333 -3.07999897
v 1.20681679 1.72422647 -3.10318303
v 1.21097898 1.84805489 -3.10318303
v 1.20681679 1.72422647 -3.07999897
v 1.20681679 1.72422647 -3.10318303
v 1.20681679 1.72422647 -3.07999897
v 1.21097898 1.84805489 -3.10318303
v 1.21097898 1.84805489 -3.07999897
v 1.21097898 1.84805489 -3.07999897
v 1.21097898 1.84805489 -3.10318303
v 1.20681679 1.72422647 -3.07999897
v 1.20681679 1.72422647 -3.10318303
v 1.20681679 1.72422647 -3.07999897
v 1.21097898 1.84805489 -3.10318303
v 1.21306002 1.85846066 -3.10318303
v 1.21097898 1.84805489 -3.07999897
v 1.21097898 1.84805489 -3.10318303
v 1.21097898 1.84805489 -3.07999897
v 1.21306002 1.85846066 -3.10318303
v 1.21306002 1.85846066 -3.07999897
v 1.21306002 1.85846066 -3.07999897
v 1.21306002 1.85846066 -3.10318303
v 1.21097898 1.84805489 -3.07999897
v 1.21097898 1.84805489 -3.10318303
v 1.21097898 1.84805489 -3.07999897
v 1.21306002 1.85846066 -3.10318303
v 1.21306002 1.85846066 -3.10318303
v 1.19584191 1.85429835 -3.07999897
v 1.21306002 1.85846066 -3.07999897
v 1.19584191 1.85429835 -3.07999897
v 1.21306002 1.85846066 -3.10318303
v 1.19584191 1.85429835 -3.10318303
v 1.19584191 1.85429835 -3.10318303
v 1.21306002 1.85846066 -3.10318303
v 1.19584191 1.85429835 -3.07999897
v 1.21306002 1.85846066 -3.07999897
v 1.19584191 1.85429835 -3.07999897
v 1.21306002 1.85846066 -3.10318303
v 1.19584191 1.85429835 -3.10318303
v 1.11012459 1.85429835 -3.07999897
v 1.19584191 1.85429835 -3.07999897
v 1.11012459 1.85429835 -3.07999897
v 1.19584191 1.85429835 -3.10318303
v 1.11012459 1.85429835 -3.10318303
v 1.11012459 1.85429835 -3.10318303
v 1.19584191 1.85429835 -3.10318303
v 1.11012459 1.85429835 -3.07999897
v 1.19584191 1.85429835 -3.07999897
v 1.11012459 1.85429835 -3.07999897
v 1.19584191 1.85429835 -3.10318303
v 1.11012459 1.85429835 -3.10318303
v 1.09339321 1.85846066 -3.07999897
v 1.11012459 1.85429835 -3.07999897
v 1.09339321 1.85846066 -3.07999897
v 1.11012459 1.85429835 -3.10318303
v 1.09339321 1.85846066 -3.10318303
v 1.09339321 1.85846066 -3.10318303
v 1.11012459 1.85429835 -3.10318303
v 1.09339321 1.85846066 -3.07999897
v 1.11012459 1.85429835 -3.07999897
v 1.09339321 1.85846066 -3.07999897
v 1.11012459 1.85429835 -3.10318303
v 1.09339321 1.85846066 -3.07999897
v 1.09339321 1.81995928 -3.10318303
v 1.09339321 1.81995928 -3.07999897
v 1.09339321 1.81995928 -3.10318303
v 1.09339321 1.85846066 -3.07999897
v 1.09339321 1.85846066 -3.10318303
v 1.09339321 1.85846066 -3.10318303
v 1.09339321 1.85846066 -3.07999897
v 1.09339321 1.81995928 -3.10318303
v 1.09339321 1.81995928 -3.07999897
v 1.09339321 1.81995928 -3.10318303
v 1.09339321 1.85846066 -3.07999897
v 1.09339321 1.81995928 -3.07999897
v 1.10379994 1.51975346 -3.10318303
v 1.10379994 1.51975346 -3.07999897
v 1.10379994 1.51975346 -3.10318303
v 1.09339321 1.81995928 -3.07999897
v 1.09339321 1.81995928 -3.10318303
v 1.09339321 1.81995928 -3.10318303
v 1.09339321 1.81995928 -3.07999897
v 1.10379994 1.51975346 -3.10318303
v 1.10379994 1.51975346 -3.07999897
v 1.10379994 1.51975346 -3.10318303
v 1.09339321 1.81995928 -3.07999897

# 0 UV coordinates

# 500 vertex normals
vn 0 -0.0253999997 0
vn -3.00871154e-19 -2.32143069e-18 -0.0253999997
vn 9.76544939e-20 0.0226592887 -0.011476784
vn 0 0 -0.0253999997
vn 4.59380585e-18 0.0226592887 -0.011476784
vn -4.56890895e-18 0 -0.0253999997
vn 0 0.0253999997 0
vn 5.267208e-19 -5.44664891e-18 0.0253999997
vn 0 0 0.0253999997
vn -2.71257493e-19 -0.0228706505 -0.0110495845
vn -2.86246807e-19 -0.0228706505 0.0110495845
vn 0 0.0226592887 0.011476784
vn 3.00871154e-19 2.32143069e-18 0.0253999997
vn -9.76544939e-20 -0.0226592887 0.011476784
vn -4.59380585e-18 -0.0226592887 0.011476784
vn 4.56890895e-18 0 0.0253999997
vn -5.267208e-19 5.44664891e-18 -0.0253999997
vn 2.71257493e-19 0.0228706505 0.0110495845
vn 2.86246807e-19 0.0228706505 -0.0110495845
vn 0 -0.0226592887 -0.011476784
vn -2.67157716e-32 -8.67401598e-34 -0.0253999997
vn -5.40559687e-19 0.0226592887 -0.011476784
vn -0.00331536541 -0.0113785975 -0.0224654358
vn 6.33758199e-18 -0.011476784 -0.0226592887
vn -0.00657400303 -0.0110857207 -0.0218871925
vn 0.00331536541 -0.0113785975 -0.0224654358
vn 0.00657400303 -0.0110857207 -0.0218871925
vn -0.0126999998 -0.00993918441 -0.0196235217
vn 5.08412501e-18 0.0226592887 -0.011476784
vn 0.0126999998 -0.00993918441 -0.0196235217
vn -0.017960513 -0.00811530929 -0.0160225388
vn 0.0234665386 0.00439197524 0.00867133308
vn 0.0219970439 0.00573839061 0.0113296444
vn 0.024534516 0.00297041051 0.005864657
vn 0.0253999997 3.31591396e-17 7.67299949e-17
vn 0.0253999997 -3.93835413e-17 -6.63182527e-17
vn 0.024534516 -0.00297041051 -0.005864657
vn 0.0219970439 -0.00573839061 -0.0113296444
vn 0.017960513 -0.00811530929 -0.0160225388
vn -0.0219970439 -0.00573839061 -0.0113296444
vn -0.0234665386 -0.00439197524 -0.00867133308
vn -0.024534516 -0.00297041051 -0.005864657
vn -0.0253999997 -2.63688569e-17 -6.31494826e-17
vn -0.0253999997 4.61737975e-17 7.98987981e-17
vn -0.024534516 0.00297041051 0.005864657
vn -0.0219970439 0.00573839061 0.0113296444
vn -0.017960513 0.00811530929 0.0160225388
vn -0.0126999998 0.00993918441 0.0196235217
vn -0.00657400303 0.0110857207 0.0218871925
vn -1.81073745e-18 0.011476784 0.0226592887
vn 0.00657400303 0.0110857207 0.0218871925
vn 0.0126999998 0.00993918441 0.0196235217
vn 0.017960513 0.00811530929 0.0160225388
vn 2.67157716e-32 8.67401598e-34 0.0253999997
vn 5.40559687e-19 -0.0226592887 0.011476784
vn -6.33758199e-18 0.011476784 0.0226592887
vn 0.00331536541 0.0113785975 0.0224654358
vn -0.00331536541 0.0113785975 0.0224654358
vn -5.08412501e-18 -0.0226592887 0.011476784
vn -0.0253999997 3.93835413e-17 6.63182527e-17
vn -0.0253999997 -3.31591396e-17 -7.67299949e-17
vn 0.0253999997 2.63688569e-17 6.31494826e-17
vn 0.0253999997 -4.61737975e-17 -7.98987981e-17
vn 1.81073745e-18 -0.011476784 -0.0226592887
vn 0 -0.0228706505 0.0110495845
vn 0 -0.0228706505 -0.0110495845
vn 0.0173072424 0.0185908396 -3.10847726e-33
vn 0.0253999997 1.14675595e-18 -5.18474947e-18
vn -0.0253999997 1.29065249e-19 -6.52027393e-19
vn 2.79251667e-18 -0.0228706505 -0.0110495845
vn -0.0173072424 0.0185908396 -1.49137733e-33
vn -2.79251667e-18 -0.0228706505 0.0110495845
vn 0 0.0228706505 -0.0110495845
vn 0 0.0228706505 0.0110495845
vn -0.0253999997 -1.14675595e-18 5.18474947e-18
vn 0.0253999997 -1.29065249e-19 6.52027393e-19
vn -2.79251667e-18 0.0228706505 0.0110495845
vn 2.79251667e-18 0.0228706505 -0.0110495845
vn -0.0173072424 -0.0185908396 3.10847726e-33
vn 0.0173072424 -0.0185908396 1.49137733e-33
vn -5.36040872e-18 0.0226592887 -0.011476784
vn -6.47338577e-17 -0.011476784 -0.0226592887
vn -4.52684417e-17 -0.011476784 -0.0226592887
vn -0.0253999997 -2.17288485e-17 -5.45484586e-17
vn -0.0253999997 3.9157195e-17 6.60919228e-17
vn 6.69973018e-17 0.011476784 0.0226592887
vn 4.70791765e-17 0.011476784 0.0226592887
vn 0.0253999997 2.69347163e-17 6.47338577e-17
vn 0.0253999997 -3.28196216e-17 -5.36430995e-17
vn 0.00242449646 0.00713405991 -0.0242566913
vn -0.00242449646 0.00713405991 -0.0242566913
vn -0.00710826367 0.007701125 -0.0231370963
vn -0.0113076149 0.00879661459 -0.0209742077
vn -0.014736372 0.0103458697 -0.0179154221
vn -0.0171608683 0.0122433128 -0.0141691882
vn -0.0184158776 0.0143596353 -0.00999080762
vn -0.0184158776 0.0165506136 -0.00566503033
vn -0.0171608683 0.0186669342 -0.00148665183
vn -0.014736372 0.0205643792 0.00225958112
vn -0.0113076149 0.0221136324 0.00531836646
vn -0.00710826367 0.0232091229 0.0074812551
vn -0.00242449646 0.0237761904 0.00860084873
vn 0.00242449646 0.0237761904 0.00860084873
vn 0.00710826367 0.0232091229 0.0074812551
vn 0.0113076149 0.0221136324 0.00531836646
vn 0.014736372 0.0205643792 0.00225958112
vn 0.0171608683 0.0186669342 -0.00148665183
vn 0.0184158776 0.0165506136 -0.00566503033
vn 0.0184158776 0.0143596353 -0.00999080762
vn 0.0171608683 0.0122433128 -0.0141691882
vn 0.014736372 0.0103458697 -0.0179154221
vn 0.0113076149 0.00879661459 -0.0209742077
vn 0.00710826367 0.007701125 -0.0231370963
vn -1.5957262e-17 0.0226592887 -0.011476784
vn 2.91981389e-17 0.011476784 0.0226592887
vn 3.23669388e-17 0.011476784 0.0226592887
vn 0.0253999997 3.54225572e-17 3.48566995e-17
vn 0.0253999997 -3.62147613e-18 -4.20996352e-17
vn -2.71610561e-17 -0.011476784 -0.0226592887
vn -3.03298576e-17 -0.011476784 -0.0226592887
vn -0.0253999997 -3.4064502e-17 -3.2140599e-17
vn -0.0253999997 5.88489789e-18 4.66265035e-17
vn 5.36040872e-18 -0.0226592887 0.011476784
vn 6.47338577e-17 0.011476784 0.0226592887
vn 4.52684417e-17 0.011476784 0.0226592887
vn 0.0253999997 2.17288485e-17 5.45484586e-17
vn 0.0253999997 -3.9157195e-17 -6.60919228e-17
vn -4.70791765e-17 -0.011476784 -0.0226592887
vn -6.69973018e-17 -0.011476784 -0.0226592887
vn -0.0253999997 3.28196216e-17 5.36430995e-17
vn -0.0253999997 -2.69347163e-17 -6.47338577e-17
vn -0.00242449646 -0.00713405991 0.0242566913
vn 0.00242449646 -0.00713405991 0.0242566913
vn 0.00710826367 -0.007701125 0.0231370963
vn 0.0113076149 -0.00879661459 0.0209742077
vn 0.014736372 -0.0103458697 0.0179154221
vn 0.0171608683 -0.0122433128 0.0141691882
vn 0.0184158776 -0.0143596353 0.00999080762
vn 0.0184158776 -0.0165506136 0.00566503033
vn 0.0171608683 -0.0186669342 0.00148665183
vn 0.014736372 -0.0205643792 -0.00225958112
vn 0.0113076149 -0.0221136324 -0.00531836646
vn 0.00710826367 -0.0232091229 -0.0074812551
vn 0.00242449646 -0.0237761904 -0.00860084873
vn -0.00242449646 -0.0237761904 -0.00860084873
vn -0.00710826367 -0.0232091229 -0.0074812551
vn -0.0113076149 -0.0221136324 -0.00531836646
vn -0.014736372 -0.0205643792 -0.00225958112
vn -0.0171608683 -0.0186669342 0.00148665183
vn -0.0184158776 -0.0165506136 0.00566503033
vn -0.0184158776 -0.0143596353 0.00999080762
vn -0.0171608683 -0.0122433128 0.0141691882
vn -0.014736372 -0.0103458697 0.0179154221
vn -0.0113076149 -0.00879661459 0.0209742077
vn -0.00710826367 -0.007701125 0.0231370963
vn 1.5957262e-17 -0.0226592887 0.011476784
vn -3.23669388e-17 -0.011476784 -0.0226592887
vn -2.91981389e-17 -0.011476784 -0.0226592887
vn -0.0253999997 3.62147613e-18 4.20996352e-17
vn -0.0253999997 -3.54225572e-17 -3.48566995e-17
vn 2.71610561e-17 0.011476784 0.0226592887
vn 3.03298576e-17 0.011476784 0.0226592887
vn 0.0253999997 3.4064502e-17 3.2140599e-17
vn 0.0253999997 -5.88489789e-18 -4.66265035e-17
vn 3.87811791e-19 3.04717725e-18 -0.0253999997
vn -3.87811791e-19 -3.04717725e-18 0.0253999997
vn 2.09261826e-18 1.61460147e-17 0.176662087
vn -2.09261826e-18 -1.61460147e-17 -0.176662087
vn 0.176660091 -0.000841529807 -2.01568302e-18
vn 0.176596493 0.0048134285 -2.53176411e-18
vn -0.176660091 0.000841529807 2.01568302e-18
vn -0.176596493 -0.0048134285 2.53176411e-18
vn 0.176647425 -0.00227605249 -1.88442497e-18
vn -0.176647425 0.00227605249 1.88442497e-18
vn 0.176662087 0 -2.09261826e-18
vn -0.176662087 0 2.09261826e-18
vn -0.0558000617 0.167618155 -1.46584759e-17
vn -0.0282641146 0.174386457 -1.56032353e-17
vn 0.0282641146 -0.174386457 1.56032353e-17
vn 0.0558000617 -0.167618155 1.46584759e-17
vn 0.0192606729 0.175609007 -1.62779169e-17
vn -0.0192606729 -0.175609007 1.62779169e-17
vn 0.0418925323 0.171623155 -1.61817125e-17
vn -0.0418925323 -0.171623155 1.61817125e-17
vn 0.0454749987 0.170708865 -1.61405867e-17
vn -0.0454749987 -0.170708865 1.61405867e-17
vn -0.146991745 0.0979944915 -7.21503326e-18
vn 0.146991745 -0.0979944915 7.21503326e-18
vn -0.176404566 -0.0095353825 2.96105306e-18
vn -0.17648755 -0.00785126071 2.80811605e-18
vn 0.176404566 0.0095353825 -2.96105306e-18
vn 0.17648755 0.00785126071 -2.80811605e-18
vn -0.176635161 -0.00308368099 2.37413202e-18
vn 0.176635161 0.00308368099 -2.37413202e-18
vn -0.175506905 0.0201697219 2.35524997e-19
vn 0.175506905 -0.0201697219 -2.35524997e-19
vn -0.172056481 0.0400756523 -1.62464724e-18
vn 0.172056481 -0.0400756523 1.62464724e-18
vn 0.0663950369 0.163710698 -1.57487926e-17
vn 0.0929488987 0.150233135 -1.48315519e-17
vn -0.0929488987 -0.150233135 1.48315519e-17
vn -0.0663950369 -0.163710698 1.57487926e-17
vn 0.121771775 0.127988786 -1.31399485e-17
vn -0.121771775 -0.127988786 1.31399485e-17
vn 0.127497062 0.122286521 -1.2686608e-17
vn -0.127497062 -0.122286521 1.2686608e-17
vn 0.128477126 0.121256426 -1.26040719e-17
vn -0.128477126 -0.121256426 1.26040719e-17
vn -0.027910931 0.174443319 -1.56126155e-17
vn -0.0201519858 0.175508946 -1.58019174e-17
vn 0.0201519858 -0.175508946 1.58019174e-17
vn 0.027910931 -0.174443319 1.56126155e-17
vn -0.000630398339 0.176660955 -1.61384443e-17
vn 0.000630398339 -0.176660955 1.61384443e-17
vn 0.0110954307 0.176313311 -1.62455675e-17
vn -0.0110954307 -0.176313311 1.62455675e-17
vn -0.113247871 -0.135589123 1.37336127e-17
vn -0.113216087 -0.135615677 1.37356625e-17
vn 0.113216087 0.135615677 -1.37356625e-17
vn 0.113247871 0.135589123 -1.37336127e-17
vn -0.113362201 -0.135493547 1.37262309e-17
vn 0.113362201 0.135493547 -1.37262309e-17
vn -0.117023073 -0.132344604 1.34817974e-17
vn 0.117023073 0.132344604 -1.34817974e-17
vn -0.120426975 -0.129254922 1.32397363e-17
vn 0.120426975 0.129254922 -1.32397363e-17
vn -0.132515028 0.116830051 -9.10798977e-18
vn -0.133310765 0.115921251 -9.01550271e-18
vn 0.132515028 -0.116830051 9.10798977e-18
vn 0.133310765 -0.115921251 9.01550271e-18
vn -0.131483853 0.117989361 -9.22615831e-18
vn 0.131483853 -0.117989361 9.22615831e-18
vn -0.130668715 0.118891463 -9.31826239e-18
vn 0.130668715 -0.118891463 9.31826239e-18
vn -0.135691568 0.113125116 -8.73174915e-18
vn 0.135691568 -0.113125116 8.73174915e-18
vn -0.13877435 0.109321438 -8.34759572e-18
vn 0.13877435 -0.109321438 8.34759572e-18
vn 0.0110954307 -0.176313311 1.59827093e-17
vn 0.000477721653 -0.176661432 1.61402955e-17
vn -0.000477721653 0.176661432 -1.61402955e-17
vn -0.0110954307 0.176313311 -1.59827093e-17
vn -0.0101417145 -0.17637074 1.62395175e-17
vn 0.0101417145 0.17637074 -1.62395175e-17
vn 0.135504156 -0.113349535 8.7544809e-18
vn 0.138208106 -0.110036425 8.41964977e-18
vn -0.135504156 0.113349535 -8.7544809e-18
vn -0.138208106 0.110036425 -8.41964977e-18
vn 0.133851439 -0.115296513 8.95200088e-18
vn -0.133851439 0.115296513 -8.95200088e-18
vn 0.133608922 -0.115577459 8.98055102e-18
vn -0.133608922 0.115577459 -8.98055102e-18
vn 0.130962387 -0.118567891 9.28520991e-18
vn -0.130962387 0.118567891 -9.28520991e-18
vn 0.129679918 -0.119969212 9.42847428e-18
vn -0.129679918 0.119969212 -9.42847428e-18
vn 1.91254687e-34 -0.176662087 1.61460147e-17
vn -1.91254687e-34 0.176662087 -1.61460147e-17
vn -0.17653878 -0.00659957994 2.69432557e-18
vn -0.176631257 -0.00330036576 2.39388964e-18
vn 0.17653878 0.00659957994 -2.69432557e-18
vn 0.176631257 0.00330036576 -2.39388964e-18
vn -0.176589459 0.00506538246 1.62880786e-18
vn 0.176589459 -0.00506538246 -1.62880786e-18
vn 0.0330556147 -0.173541993 1.54692998e-17
vn 0.0227442719 -0.175191879 1.57422314e-17
vn -0.0227442719 0.175191879 -1.57422314e-17
vn -0.0330556147 0.173541993 -1.54692998e-17
vn 0.00110811472 -0.176658601 1.61325697e-17
vn -0.00110811472 0.176658601 -1.61325697e-17
vn 0.176629767 0.00337923667 -2.40108033e-18
vn -0.176629767 -0.00337923667 2.40108033e-18
vn 0.0660571307 -0.163847342 1.41923431e-17
vn -0.0660571307 0.163847342 -1.41923431e-17
vn 0.162467033 -0.0693826899 4.41675115e-18
vn -0.162467033 0.0693826899 -4.41675115e-18
vn 0.163427025 0.0670902506 -8.06755207e-18
vn -0.163427025 -0.0670902506 8.06755207e-18
vn 0.0679563433 0.163068786 -1.57086214e-17
vn -0.0679563433 -0.163068786 1.57086214e-17
vn -0.0708537772 0.161830872 -1.39512315e-17
vn 0.0708537772 -0.161830872 1.39512315e-17
vn -0.163605064 0.0666549057 -4.15396538e-18
vn 0.163605064 -0.0666549057 4.15396538e-18
vn -0.162658572 -0.0689324513 8.22681743e-18
vn 0.162658572 0.0689324513 -8.22681743e-18
vn -0.0689324513 -0.162658572 1.56826909e-17
vn 0.0689324513 0.162658572 -1.56826909e-17
vn -0.0110575249 0.17631568 -1.59833761e-17
vn 0.00135197106 0.176656902 -1.61615557e-17
vn -0.00135197106 -0.176656902 1.61615557e-17
vn 0.0110575249 -0.17631568 1.59833761e-17
vn 0.0137547916 0.17612581 -1.62599323e-17
vn -0.0137547916 -0.17612581 1.62599323e-17
vn -0.176603019 -0.00456855027 2.50946063e-18
vn -0.176661357 -0.000513625215 2.13955229e-18
vn 0.176603019 0.00456855027 -2.50946063e-18
vn 0.176661357 0.000513625215 -2.13955229e-18
vn -0.175958887 0.0157469567 6.45096963e-19
vn 0.175958887 -0.0157469567 -6.45096963e-19
vn -0.174448758 0.0278769601 -4.81411258e-19
vn 0.174448758 -0.0278769601 4.81411258e-19
vn 0.0123131843 -0.176232457 1.59608949e-17
vn 5.31764199e-05 -0.176662087 1.61453843e-17
vn -5.31764199e-05 0.176662087 -1.61453843e-17
vn -0.0123131843 0.176232457 -1.59608949e-17
vn -0.0122070881 -0.176239833 1.62520179e-17
vn 0.0122070881 0.176239833 -1.62520179e-17
vn 0.176661402 0.000495313143 -2.13787931e-18
vn 0.176603958 0.00453193719 -2.50612565e-18
vn -0.176661402 -0.000495313143 2.13787931e-18
vn -0.176603958 -0.00453193719 2.50612565e-18
vn 0.175621867 -0.0191428922 -3.30733692e-19
vn -0.175621867 0.0191428922 3.30733692e-19
vn 0.173241824 -0.0345943049 1.10963901e-18
vn -0.173241824 0.0345943049 -1.10963901e-18
vn -0.176598489 -0.00473979628 2.52505816e-18
vn -0.176604122 0.00452493597 1.67837562e-18
vn 0.176598489 0.00473979628 -2.52505816e-18
vn 0.176604122 -0.00452493597 -1.67837562e-18
vn 0.0277755205 -0.174464941 1.56161972e-17
vn 0.0205180999 -0.175466523 1.57937019e-17
vn -0.0205180999 0.175466523 -1.57937019e-17
vn -0.0277755205 0.174464941 -1.56161972e-17
vn 0.00173670845 -0.176653564 1.61246635e-17
vn -0.00173670845 0.176653564 -1.61246635e-17
vn -0.00975933298 -0.176392317 1.62369599e-17
vn 0.00975933298 0.176392317 -1.62369599e-17
vn 0.176247448 0.0120967869 -3.19329146e-18
vn 0.176300228 0.0113012986 -3.12121301e-18
vn -0.176247448 -0.0120967869 3.19329146e-18
vn -0.176300228 -0.0113012986 3.12121301e-18
vn 0.17643325 0.0089887809 -2.91143629e-18
vn -0.17643325 -0.0089887809 2.91143629e-18
vn 0.176643819 0.00254082656 -2.32462051e-18
vn -0.176643819 -0.00254082656 2.32462051e-18
vn 0.176579088 -0.00541444216 -1.59678273e-18
vn -0.176579088 0.00541444216 1.59678273e-18
vn 0.174040183 -0.0303232875 7.09832842e-19
vn -0.174040183 0.0303232875 -7.09832842e-19
vn 0.169600606 -0.049448248 2.51034509e-18
vn -0.169600606 0.049448248 -2.51034509e-18
vn 0.119043536 -0.130530193 1.05196868e-17
vn -0.119043536 0.130530193 -1.05196868e-17
vn 0.0374873057 -0.172638908 1.53342676e-17
vn 0.0069818073 -0.176524088 1.60507003e-17
vn -0.0069818073 0.176524088 -1.60507003e-17
vn -0.0374873057 0.172638908 -1.53342676e-17
vn -0.0506497957 -0.169245645 1.60681521e-17
vn 0.0506497957 0.169245645 -1.60681521e-17
vn -0.101892143 -0.144317299 1.43968106e-17
vn 0.101892143 0.144317299 -1.43968106e-17
vn -0.143590778 -0.102913447 1.11066426e-17
vn 0.143590778 0.102913447 -1.11066426e-17
vn -0.169999659 -0.0480583757 6.40599024e-18
vn 0.169999659 0.0480583757 -6.40599024e-18
vn -0.17646119 -0.00842262432 2.8600235e-18
vn 0.17646119 0.00842262432 -2.8600235e-18
vn -0.176654175 0.00167128874 1.939777e-18
vn 0.176654175 -0.00167128874 -1.939777e-18
vn -0.176232889 0.01230691 9.62745279e-19
vn 0.176232889 -0.01230691 -9.62745279e-19
vn -0.174947396 0.0245540161 -1.71804793e-19
vn 0.174947396 -0.0245540161 1.71804793e-19
vn 0.0132369725 -0.176165476 1.59438319e-17
vn 0.000721666554 -0.176660627 1.61373326e-17
vn -0.000721666554 0.176660627 -1.61373326e-17
vn -0.0132369725 0.176165476 -1.59438319e-17
vn -0.011797267 -0.176267743 1.62497166e-17
vn 0.011797267 0.176267743 -1.62497166e-17
vn 0.176294431 0.0113913836 -3.1293777e-18
vn 0.17614539 0.0135017093 -3.32048517e-18
vn -0.176294431 -0.0113913836 3.1293777e-18
vn -0.17614539 -0.0135017093 3.32048517e-18
vn 0.176601112 0.00464131404 -2.51608842e-18
vn -0.176601112 -0.00464131404 2.51608842e-18
vn 0.17643173 -0.00901867356 -1.26562873e-18
vn -0.17643173 0.00901867356 1.26562873e-18
vn 0.170612887 -0.0458337441 2.1680073e-18
vn -0.170612887 0.0458337441 -2.1680073e-18
vn 0.14027968 -0.10738299 8.15260113e-18
vn -0.14027968 0.10738299 -8.15260113e-18
vn 0.0745077878 -0.160181403 1.37571948e-17
vn -0.0745077878 0.160181403 -1.37571948e-17
vn 0.00579080265 -0.176567152 1.60687444e-17
vn -0.00579080265 0.176567152 -1.60687444e-17
vn -0.0459167361 -0.17059058 1.61350082e-17
vn 0.0459167361 0.17059058 -1.61350082e-17
vn -0.0958179682 -0.148419708 1.46997985e-17
vn 0.0958179682 0.148419708 -1.46997985e-17
vn -0.137722909 -0.110643074 1.17435841e-17
vn 0.137722909 0.110643074 -1.17435841e-17
vn -0.164718807 -0.0638529956 7.78698482e-18
vn 0.164718807 0.0638529956 -7.78698482e-18
vn -0.175072446 -0.0236459374 4.23490666e-18
vn 0.175072446 0.0236459374 -4.23490666e-18
vn -0.176605389 -0.0044752555 2.50096238e-18
vn 0.176605389 0.0044752555 -2.50096238e-18
vn -0.17662257 0.00373637141 1.75066469e-18
vn 0.17662257 -0.00373637141 -1.75066469e-18
vn -0.176251605 0.0120358458 9.87741126e-19
vn 0.176251605 -0.0120358458 -9.87741126e-19
vn -0.175881147 0.0165925622 5.6689231e-19
vn 0.175881147 -0.0165925622 -5.6689231e-19
vn 0.0180879012 -0.175733656 1.58469045e-17
vn -0.0180879012 0.175733656 -1.58469045e-17
vn -0.00224968907 -0.176647753 1.61713529e-17
vn 0.00224968907 0.176647753 -1.61713529e-17
vn -0.0126994615 -0.176205054 1.62546731e-17
vn 0.0126994615 0.176205054 -1.62546731e-17
vn 0.176414117 0.00935676601 -2.94484156e-18
vn 0.176284268 0.0115477927 -3.14355227e-18
vn -0.176414117 -0.00935676601 2.94484156e-18
vn -0.176284268 -0.0115477927 3.14355227e-18
vn 0.176625744 0.00358288549 -2.41964536e-18
vn -0.176625744 -0.00358288549 2.41964536e-18
vn 0.176623583 -0.00368805788 -1.75509259e-18
vn -0.176623583 0.00368805788 1.75509259e-18
vn -0.0428468473 0.171387389 -1.51564006e-17
vn -0.0254733488 0.174815908 -1.56755441e-17
vn 0.0254733488 -0.174815908 1.56755441e-17
vn 0.0428468473 -0.171387389 1.51564006e-17
vn 0.00292354217 0.176637903 -1.61784352e-17
vn -0.00292354217 -0.176637903 1.61784352e-17
vn 0.0136801256 0.176131621 -1.62595783e-17
vn -0.0136801256 -0.176131621 1.62595783e-17
vn -0.176354051 -0.0104280803 3.04204273e-18
vn -0.17650649 -0.00741298497 2.7682842e-18
vn 0.176354051 0.0104280803 -3.04204273e-18
vn 0.17650649 0.00741298497 -2.7682842e-18
vn -0.1766074 -0.00439572381 2.49371711e-18
vn 0.1766074 0.00439572381 -2.49371711e-18
vn 0.12513642 0.124701127 -1.28793279e-17
vn 0.138705105 0.109409265 -1.16424546e-17
vn -0.12513642 -0.124701127 1.28793279e-17
vn -0.138705105 -0.109409265 1.16424546e-17
vn 0.0902880207 0.151847184 -1.49475491e-17
vn -0.0902880207 -0.151847184 1.49475491e-17
vn 0.0461351983 0.170531631 -1.6132209e-17
vn -0.0461351983 -0.170531631 1.6132209e-17
vn -0.000491986983 0.176661402 -1.61401235e-17
vn 0.000491986983 -0.176661402 1.61401235e-17
vn -0.0487496592 0.169802725 -1.49416496e-17
vn 0.0487496592 -0.169802725 1.49416496e-17
vn -0.0980657265 0.146944225 -1.22683342e-17
vn 0.0980657265 -0.146944225 1.22683342e-17
vn -0.141208589 0.106158487 -8.0296854e-18
vn 0.141208589 -0.106158487 8.0296854e-18
vn -0.157603577 0.0798160583 -5.42791658e-18
vn 0.157603577 -0.0798160583 5.42791658e-18
vn 0.126358449 0.123462707 -1.27806188e-17
vn 0.140679196 0.106859043 -1.1432761e-17
vn -0.126358449 -0.123462707 1.27806188e-17
vn -0.140679196 -0.106859043 1.1432761e-17
vn 0.0897633508 0.152157933 -1.4969734e-17
vn -0.0897633508 -0.152157933 1.4969734e-17
vn 0.0449609421 0.170844987 -1.61469378e-17
vn -0.0449609421 -0.170844987 1.61469378e-17
vn -0.00297249528 0.176637068 -1.61085186e-17
vn 0.00297249528 -0.176637068 1.61085186e-17
vn -0.0601149648 0.166119501 -1.44703949e-17
vn 0.0601149648 -0.166119501 1.44703949e-17
vn -0.121207803 0.128523007 -1.03106037e-17
vn 0.121207803 -0.128523007 1.03106037e-17
vn -0.163788453 0.0662029907 -4.11048959e-18
vn 0.163788453 -0.0662029907 4.11048959e-18
vn -0.176248953 0.0120748132 9.8414806e-19
vn 0.176248953 -0.0120748132 -9.8414806e-19
vn -0.176494047 -0.00770357996 2.79469587e-18
vn 0.176494047 0.00770357996 -2.79469587e-18
vn -0.176657394 0.00128940132 1.97471794e-18
vn -0.175999656 0.0152844647 6.87849276e-19
vn 0.176657394 -0.00128940132 -1.97471794e-18
vn 0.175999656 -0.0152844647 -6.87849276e-19
vn -0.176635578 -0.00306035625 2.37200513e-18
vn 0.176635578 0.00306035625 -2.37200513e-18
vn -0.174443319 0.027910931 -4.84580601e-19
vn 0.174443319 -0.027910931 4.84580601e-19
vn 0.0100338878 -0.176376909 1.60010959e-17
vn 0.00275058812 -0.176640674 1.61114766e-17
vn -0.00275058812 0.176640674 -1.61114766e-17
vn -0.0100338878 0.176376909 -1.60010959e-17
vn -0.00453739241 -0.176603809 1.61944345e-17
vn 0.00453739241 0.176603809 -1.61944345e-17
vn 0.176638052 0.00291402522 -2.35866064e-18
vn -0.176638052 -0.00291402522 2.35866064e-18
vn 0.176637158 -0.00296785426 -1.82107617e-18
vn -0.176637158 0.00296785426 1.82107617e-18
vn 0.175485075 -0.0203588214 -2.17983598e-19
vn -0.175485075 0.0203588214 2.17983598e-19
vn 0.173231438 -0.0346462801 1.11451234e-18
vn -0.173231438 0.0346462801 -1.11451234e-18
vn -0.041510202 0.17171602 -1.52022694e-17
vn -0.0209019165 0.175421208 -1.57850148e-17
vn 0.0209019165 -0.175421208 1.57850148e-17
vn 0.041510202 -0.17171602 1.52022694e-17
vn 0.0214848835 0.175350785 -1.62806631e-17
vn -0.0214848835 -0.175350785 1.62806631e-17
vn 0.0426508226 0.17143628 -1.6173616e-17
vn -0.0426508226 -0.17143628 1.6173616e-17

# Mesh 'ID49' with 223 faces
g ID49
usemtl material
f  1//1 2//1 3//1
f  4//1 5//1 6//1
f  7//1 8//1 9//1
f  10//1 11//1 12//1
f  13//1 14//1 15//1
f  16//2 17//2 18//2
f  19//2 20//2 21//2
f  22//2 23//2 24//2
f  25//2 26//2 27//2
f  28//2 29//2 30//2
f  31//2 32//2 33//2
f  34//2 35//2 36//2
f  37//2 38//2 39//2
f  40//2 41//2 42//2
f  43//2 44//2 45//2
f  46//2 47//2 48//2
f  49//2 50//2 51//2
f  52//2 53//2 54//2
f  55//2 56//2 57//2
f  58//2 59//2 60//2
f  61//2 62//2 63//2
f  64//2 65//2 66//2
f  67//2 68//2 69//2
f  70//2 71//2 72//2
f  73//2 74//2 75//2
f  76//2 77//2 78//2
f  79//2 80//2 81//2
f  82//2 83//2 84//2
f  85//2 86//2 87//2
f  88//2 89//2 90//2
f  91//2 92//2 93//2
f  94//2 95//2 96//2
f  97//2 98//2 99//2
f  100//2 101//2 102//2
f  103//2 104//2 105//2
f  106//2 107//2 108//2
f  109//2 110//2 111//2
f  112//2 113//2 114//2
f  115//2 116//2 117//2
f  118//2 119//2 120//2
f  121//2 122//2 123//2
f  124//2 125//2 126//2
f  127//2 128//2 129//2
f  130//2 131//2 132//2
f  133//2 134//2 135//2
f  136//2 137//2 138//2
f  139//2 140//2 141//2
f  142//2 143//2 144//2
f  145//2 146//2 147//2
f  148//2 149//2 150//2
f  151//2 152//2 153//2
f  154//2 155//2 156//2
f  157//2 158//2 159//2
f  160//2 161//2 162//2
f  163//2 164//2 165//2
f  166//2 167//2 168//2
f  169//2 170//2 171//2
f  172//2 173//2 174//2
f  175//2 176//2 177//2
f  178//2 179//2 180//2
f  181//2 182//2 183//2
f  184//2 185//2 186//2
f  187//2 188//2 189//2
f  190//2 191//2 192//2
f  193//2 194//2 195//2
f  196//2 197//2 198//2
f  199//2 200//2 201//2
f  202//2 203//2 204//2
f  205//2 206//2 207//2
f  208//2 209//2 210//2
f  211//2 212//2 213//2
f  214//2 215//2 216//2
f  217//2 218//2 219//2
f  220//2 221//2 222//2
f  223//2 224//2 225//2
f  226//2 227//2 228//2
f  229//2 230//2 231//2
f  232//2 233//2 234//2
f  235//2 236//2 237//2
f  238//2 239//2 240//2
f  241//2 242//2 243//2
f  244//2 245//2 246//2
f  247//2 248//2 249//2
f  250//2 251//2 252//2
f  253//2 254//2 255//2
f  256//2 257//2 258//2
f  259//2 260//2 261//2
f  262//2 263//2 264//2
f  265//2 266//2 267//2
f  268//2 269//2 270//2
f  271//2 272//2 273//2
f  274//2 275//2 276//2
f  277//2 278//2 279//2
f  280//2 281//2 282//2
f  283//2 284//2 285//2
f  286//2 287//2 288//2
f  289//2 290//2 291//2
f  292//2 293//2 294//2
f  295//2 296//2 297//2
f  298//2 299//2 300//2
f  301//2 302//2 303//2
f  304//2 305//2 306//2
f  307//2 308//2 309//2
f  310//2 311//2 312//2
f  313//2 314//2 315//2
f  316//2 317//2 318//2
f  319//2 320//2 321//2
f  322//2 323//2 324//2
f  325//2 326//2 327//2
f  328//2 329//2 330//2
f  331//2 332//2 333//2
f  334//2 335//2 336//2
f  337//2 338//2 339//2
f  340//2 341//2 342//2
f  343//2 344//2 345//2
f  346//2 347//2 348//2
f  349//2 350//2 351//2
f  352//2 353//2 354//2
f  355//2 356//2 357//2
f  358//2 359//2 360//2
f  361//2 362//2 363//2
f  364//2 365//2 366//2
f  367//2 368//2 369//2
f  370//2 371//2 372//2
f  373//2 374//2 375//2
f  376//2 377//2 378//2
f  379//2 380//2 381//2
f  382//2 383//2 384//2
f  385//2 386//2 387//2
f  388//2 389//2 390//2
f  391//2 392//2 393//2
f  394//2 395//2 396//2
f  397//2 398//2 399//2
f  400//2 401//2 402//2
f  403//2 404//2 405//2
f  406//2 407//2 408//2
f  409//2 410//2 411//2
f  412//2 413//2 414//2
f  415//2 416//2 417//2
f  418//2 419//2 420//2
f  421//2 422//2 423//2
f  424//2 425//2 426//2
f  427//2 428//2 429//2
f  430//2 431//2 432//2
f  433//3 434//3 435//3
f  436//3 437//3 438//3
f  439//3 440//3 441//3
f  442//3 443//3 444//3
f  445//3 446//3 447//3
f  448//3 449//3 450//3
f  451//3 452//3 453//3
f  454//3 455//3 456//3
f  457//3 458//3 459//3
f  460//3 461//3 462//3
f  463//3 464//3 465//3
f  466//3 467//3 468//3
f  469//3 470//3 471//3
f  472//3 473//3 474//3
f  475//3 476//3 477//3
f  478//3 479//3 480//3
f  481//3 482//3 483//3
f  484//3 485//3 486//3
f  487//3 488//3 489//3
f  490//3 491//3 492//3
f  493//3 494//3 495//3
f  496//3 497//3 498//3
f  499//3 500//3 501//3
f  502//3 503//3 504//3
f  505//3 506//3 507//3
f  508//3 509//3 510//3
f  511//3 512//3 513//3
f  514//3 515//3 516//3
f  517//3 518//3 519//3
f  520//3 521//3 522//3
f  523//3 524//3 525//3
f  526//4 527//4 528//4
f  529//4 530//4 531//4
f  532//5 533//5 534//5
f  535//5 536//5 537//5
f  538//5 539//5 540//5
f  541//5 542//5 543//5
f  544//5 545//5 546//5
f  547//5 548//5 549//5
f  550//5 551//5 552//5
f  553//5 554//5 555//5
f  556//5 557//5 558//5
f  559//5 560//5 561//5
f  562//5 563//5 564//5
f  565//5 566//5 567//5
f  568//5 569//5 570//5
f  571//5 572//5 573//5
f  574//5 575//5 576//5
f  577//5 578//5 579//5
f  580//5 581//5 582//5
f  583//5 584//5 585//5
f  586//5 587//5 588//5
f  589//5 590//5 591//5
f  592//5 593//5 594//5
f  595//5 596//5 597//5
f  598//5 599//5 600//5
f  601//5 602//5 603//5
f  604//5 605//5 606//5
f  607//5 608//5 609//5
f  610//6 611//6 612//6
f  613//6 614//6 615//6
f  616//7 617//7 618//7
f  619//7 620//7 621//7
f  622//7 623//7 624//7
f  625//7 626//7 627//7
f  628//8 629//8 630//8
f  631//8 632//8 633//8
f  634//8 635//8 636//8
f  637//8 638//8 639//8
f  640//9 641//9 642//9
f  643//9 644//9 645//9
f  646//10 647//10 648//10
f  649//10 650//10 651//10
f  652//11 653//11 654//11
f  655//11 656//11 657//11
f  658//12 659//12 660//12
f  661//12 662//12 663//12
f  664//7 665//7 666//7
f  667//7 668//7 669//7

# Mesh 'ID49' with 223 faces
g ID49
usemtl material_0
f  670//7 671//7 672//7
f  673//7 674//7 6//7
f  675//7 8//7 676//7
f  10//7 677//7 678//7
f  679//7 680//7 681//7
f  682//13 683//13 684//13
f  685//13 686//13 687//13
f  688//13 689//13 690//13
f  691//13 692//13 693//13
f  694//13 695//13 696//13
f  697//13 698//13 699//13
f  700//13 701//13 702//13
f  703//13 704//13 705//13
f  706//13 707//13 708//13
f  709//13 710//13 711//13
f  712//13 713//13 714//13
f  715//13 716//13 717//13
f  718//13 719//13 720//13
f  721//13 722//13 723//13
f  724//13 725//13 726//13
f  727//13 728//13 729//13
f  730//13 731//13 732//13
f  733//13 734//13 735//13
f  736//13 737//13 738//13
f  739//13 740//13 741//13
f  742//13 743//13 744//13
f  745//13 746//13 747//13
f  748//13 749//13 750//13
f  751//13 752//13 753//13
f  754//13 755//13 756//13
f  757//13 758//13 759//13
f  760//13 761//13 762//13
f  763//13 764//13 765//13
f  766//13 767//13 768//13
f  769//13 770//13 771//13
f  772//13 773//13 774//13
f  775//13 776//13 777//13
f  778//13 779//13 780//13
f  781//13 782//13 783//13
f  784//13 785//13 786//13
f  787//13 788//13 789//13
f  790//13 791//13 792//13
f  793//13 794//13 795//13
f  796//13 797//13 798//13
f  799//13 800//13 801//13
f  802//13 803//13 804//13
f  805//13 806//13 807//13
f  808//13 809//13 810//13
f  811//13 812//13 813//13
f  814//13 815//13 816//13
f  817//13 818//13 819//13
f  820//13 821//13 822//13
f  823//13 824//13 825//13
f  826//13 827//13 828//13
f  829//13 830//13 831//13
f  832//13 833//13 834//13
f  835//13 836//13 837//13
f  838//13 839//13 840//13
f  841//13 842//13 843//13
f  844//13 845//13 846//13
f  847//13 848//13 849//13
f  850//13 851//13 852//13
f  853//13 854//13 855//13
f  856//13 857//13 858//13
f  859//13 860//13 861//13
f  862//13 863//13 864//13
f  865//13 866//13 867//13
f  868//13 869//13 870//13
f  871//13 872//13 873//13
f  874//13 875//13 876//13
f  877//13 878//13 879//13
f  880//13 881//13 882//13
f  883//13 884//13 885//13
f  886//13 221//13 887//13
f  888//13 224//13 889//13
f  890//13 227//13 891//13
f  892//13 893//13 894//13
f  895//13 896//13 897//13
f  898//13 899//13 900//13
f  901//13 902//13 903//13
f  904//13 905//13 906//13
f  907//13 908//13 909//13
f  910//13 911//13 912//13
f  913//13 914//13 915//13
f  916//13 917//13 918//13
f  919//13 920//13 921//13
f  922//13 923//13 924//13
f  925//13 926//13 927//13
f  928//13 929//13 930//13
f  931//13 932//13 933//13
f  934//13 935//13 936//13
f  937//13 938//13 939//13
f  940//13 941//13 942//13
f  943//13 944//13 945//13
f  946//13 947//13 948//13
f  949//13 950//13 951//13
f  952//13 953//13 954//13
f  955//13 956//13 957//13
f  958//13 959//13 960//13
f  961//13 962//13 963//13
f  964//13 965//13 966//13
f  967//13 968//13 969//13
f  970//13 971//13 972//13
f  973//13 974//13 975//13
f  976//13 977//13 978//13
f  979//13 980//13 981//13
f  982//13 983//13 984//13
f  985//13 986//13 987//13
f  988//13 989//13 990//13
f  991//13 992//13 993//13
f  994//13 995//13 996//13
f  997//13 998//13 999//13
f  1000//13 1001//13 1002//13
f  1003//13 1004//13 1005//13
f  1006//13 1007//13 1008//13
f  1009//13 1010//13 1011//13
f  1012//13 1013//13 1014//13
f  1015//13 1016//13 1017//13
f  1018//13 1019//13 1020//13
f  1021//13 1022//13 1023//13
f  1024//13 1025//13 1026//13
f  1027//13 1028//13 1029//13
f  1030//13 1031//13 1032//13
f  1033//13 1034//13 1035//13
f  1036//13 1037//13 1038//13
f  1039//13 1040//13 1041//13
f  1042//13 1043//13 1044//13
f  1045//13 1046//13 1047//13
f  1048//13 1049//13 1050//13
f  1051//13 1052//13 1053//13
f  1054//13 1055//13 1056//13
f  1057//13 1058//13 1059//13
f  1060//13 1061//13 1062//13
f  1063//13 1064//13 1065//13
f  1066//13 1067//13 1068//13
f  1069//13 1070//13 1071//13
f  1072//13 1073//13 1074//13
f  1075//13 1076//13 1077//13
f  1078//13 1079//13 1080//13
f  1081//13 1082//13 1083//13
f  1084//13 1085//13 1086//13
f  1087//13 1088//13 1089//13
f  1090//13 1091//13 1092//13
f  1093//13 1094//13 1095//13
f  1096//14 1097//14 1098//14
f  1099//14 1100//14 1101//14
f  1102//14 1103//14 1104//14
f  1105//14 1106//14 1107//14
f  1108//14 1109//14 1110//14
f  1111//14 1112//14 1113//14
f  1114//14 1115//14 1116//14
f  1117//14 1118//14 1119//14
f  1120//14 1121//14 1122//14
f  1123//14 1124//14 1125//14
f  1126//14 1127//14 1128//14
f  1129//14 1130//14 1131//14
f  1132//14 1133//14 1134//14
f  1135//14 1136//14 1137//14
f  1138//14 1139//14 1140//14
f  1141//14 479//14 1142//14
f  1143//14 1144//14 1145//14
f  1146//14 1147//14 1148//14
f  1149//14 1150//14 1151//14
f  1152//14 1153//14 1154//14
f  1155//14 1156//14 1157//14
f  1158//14 1159//14 1160//14
f  1161//14 1162//14 1163//14
f  1164//14 1165//14 1166//14
f  1167//14 1168//14 1169//14
f  1170//14 1171//14 1172//14
f  1173//14 1174//14 1175//14
f  1176//14 1177//14 1178//14
f  1179//14 1180//14 1181//14
f  1182//14 1183//14 1184//14
f  1185//14 1186//14 1187//14
f  1188//9 1189//9 1190//9
f  1191//9 1192//9 1193//9
f  1194//15 1195//15 1196//15
f  1197//15 1198//15 1199//15
f  1200//15 1201//15 1202//15
f  1203//15 1204//15 1205//15
f  1206//15 1207//15 1208//15
f  1209//15 1210//15 1211//15
f  1212//15 1213//15 1214//15
f  1215//15 1216//15 1217//15
f  1218//15 1219//15 1220//15
f  1221//15 1222//15 1223//15
f  1224//15 1225//15 1226//15
f  1227//15 1228//15 1229//15
f  1230//15 569//15 570//15
f  571//15 572//15 1231//15
f  1232//15 1233//15 1234//15
f  1235//15 1236//15 1237//15
f  1238//15 1239//15 1240//15
f  1241//15 1242//15 1243//15
f  1244//15 1245//15 1246//15
f  1247//15 1248//15 1249//15
f  1250//15 1251//15 1252//15
f  1253//15 1254//15 1255//15
f  1256//15 1257//15 1258//15
f  1259//15 1260//15 1261//15
f  1262//15 1263//15 1264//15
f  1265//15 1266//15 1267//15
f  1268//16 1269//16 1270//16
f  1271//16 1272//16 1273//16
f  1274//1 1275//1 1276//1
f  1277//1 1278//1 1279//1
f  1280//1 1281//1 1282//1
f  1283//1 1284//1 1285//1
f  1286//17 1287//17 1288//17
f  1289//17 632//17 633//17
f  634//17 635//17 1290//17
f  1291//17 1292//17 1293//17
f  1294//4 1295//4 1296//4
f  1297//4 1298//4 1299//4
f  1300//18 1301//18 1302//18
f  1303//18 1304//18 1305//18
f  1306//19 1307//19 1308//19
f  1309//19 1310//19 1311//19
f  1312//20 1313//20 1314//20
f  1315//20 1316//20 1317//20
f  1318//1 1319//1 1320//1
f  1321//1 1322//1 1323//1

# Mesh 'ID65' with 153 faces
g ID65
usemtl Color_F01
f  1324//21 1325//21 1326//21
f  1327//21 1328//21 1329//21
f  1330//21 1331//21 1332//21
f  1333//21 1334//21 1335//21
f  1336//21 1337//21 1338//21
f  1339//21 1340//21 1341//21
f  1342//21 1343//21 1344//21
f  1345//21 1346//21 1347//21
f  1348//21 1349//21 1350//21
f  1351//21 1352//21 1353//21
f  1354//21 1355//21 1356//21
f  1357//21 1358//21 1359//21
f  1360//21 1361//21 1362//21
f  1363//21 1364//21 1365//21
f  1366//21 1367//21 1368//21
f  1369//21 1370//21 1371//21
f  1372//21 1373//21 1374//21
f  1375//21 1376//21 1377//21
f  721//21 1378//21 1379//21
f  1380//21 1381//21 1382//21
f  1383//21 1384//21 1385//21
f  1386//21 1387//21 1388//21
f  1389//21 1390//21 1391//21
f  1392//21 1393//21 1394//21
f  1395//21 1396//21 1397//21
f  1398//21 1399//21 1400//21
f  1401//21 1402//21 1403//21
f  1404//21 1405//21 1406//21
f  1407//21 1408//21 1409//21
f  1410//21 1411//21 1412//21
f  1413//21 1414//21 1415//21
f  1416//21 1417//21 1418//21
f  1419//21 1420//21 1421//21
f  1422//21 1423//21 1424//21
f  1425//21 1426//21 1427//21
f  1428//21 1429//21 1430//21
f  1431//21 1432//21 1433//21
f  1434//21 1435//21 1436//21
f  1437//21 1438//21 1439//21
f  1440//21 1441//21 1442//21
f  1443//21 1444//21 1445//21
f  1446//21 1447//21 1448//21
f  1449//21 1450//21 1451//21
f  1452//21 1453//21 1454//21
f  1455//22 1456//22 1457//22
f  1458//22 1459//22 1460//22
f  1461//22 1462//22 1463//22
f  1464//23 1465//24 1466//24
f  1467//24 1468//23 1469//25
f  1470//24 1471//25 1472//25
f  1473//24 1474//26 1475//24
f  1476//26 1477//24 1478//27
f  1479//27 1480//24 1481//27
f  1482//28 1483//25 1484//25
f  1485//25 1486//28 1487//28
f  1488//29 1489//29 1490//29
f  1491//29 1492//29 1493//29
f  1494//29 1495//29 1496//29
f  1497//29 1498//29 1499//29
f  1500//29 1501//29 1502//29
f  1503//29 1504//29 1505//29
f  1506//29 1507//29 1508//29
f  1509//29 1510//29 1511//29
f  1512//29 1513//29 1514//29
f  1515//29 1516//29 1517//29
f  1518//29 1519//29 1520//29
f  1521//29 1522//29 1523//29
f  1524//29 1525//29 1526//29
f  1527//29 1528//29 1529//29
f  1530//29 1531//29 1532//29
f  1533//29 1534//29 1535//29
f  1536//29 1537//29 1538//29
f  1539//29 1540//29 1541//29
f  1542//29 1543//29 1544//29
f  1545//29 1546//29 1547//29
f  1548//29 1549//29 1550//29
f  1551//29 1552//29 1553//29
f  1554//29 1555//29 1556//29
f  1557//29 1558//29 1559//29
f  1560//29 1561//29 1562//29
f  1563//29 1564//29 1565//29
f  1566//29 1567//29 1568//29
f  1569//29 1570//29 1571//29
f  1572//29 1573//29 1574//29
f  1575//29 1576//29 1577//29
f  1578//29 1579//29 1580//29
f  1581//29 1582//29 1583//29
f  1584//29 1585//29 1586//29
f  1587//29 1588//29 1589//29
f  1590//29 1591//29 1592//29
f  1593//29 1594//29 1595//29
f  1596//29 1597//29 1598//29
f  1599//29 1600//29 1601//29
f  1602//29 1603//29 1604//29
f  1605//29 1606//29 1607//29
f  1608//29 1609//29 1610//29
f  1611//29 1612//29 1613//29
f  1614//29 1615//29 1616//29
f  1617//29 1618//29 1619//29
f  1620//29 1621//29 1622//29
f  1623//29 1624//29 1625//29
f  1626//29 1627//29 1628//29
f  1629//29 1630//29 1631//29
f  1632//29 1633//29 1634//29
f  1635//29 1636//29 1637//29
f  1638//29 1639//29 1640//29
f  1641//29 1642//29 1643//29
f  1644//27 1645//30 1646//27
f  1647//30 1648//27 1649//30
f  1650//31 1651//28 1652//28
f  1653//28 1654//31 1655//31
f  1656//32 1657//33 1658//33
f  1659//33 1660//32 1661//32
f  1662//34 1663//32 1664//32
f  1665//32 1666//34 1667//34
f  1668//35 1669//34 1670//34
f  1671//34 1672//35 1673//36
f  1674//37 1675//36 1676//35
f  1677//36 1678//37 1679//37
f  1680//38 1681//37 1682//37
f  1683//37 1684//38 1685//38
f  1686//39 1687//38 1688//38
f  1689//38 1690//39 1691//39
f  1692//30 1693//39 1694//30
f  1695//39 1696//30 1697//39
f  1698//40 1699//31 1700//40
f  1701//31 1702//40 1703//31
f  1704//41 1705//40 1706//41
f  1707//40 1708//41 1709//40
f  1710//42 1711//41 1712//42
f  1713//41 1714//42 1715//41
f  1716//43 1717//42 1718//44
f  1719//42 1720//43 1721//42
f  1722//45 1723//44 1724//45
f  1725//44 1726//45 1727//43
f  1728//46 1729//45 1730//46
f  1731//45 1732//46 1733//45
f  1734//47 1735//46 1736//47
f  1737//46 1738//47 1739//46
f  1740//48 1741//47 1742//47
f  1743//47 1744//48 1745//48
f  1746//49 1747//48 1748//48
f  1749//48 1750//49 1751//49
f  1752//50 1753//49 1754//49
f  1755//49 1756//50 1757//50
f  1758//51 1759//50 1760//51
f  1761//50 1762//51 1763//50
f  1764//52 1765//51 1766//52
f  1767//51 1768//52 1769//51
f  1770//53 1771//52 1772//53
f  1773//52 1774//53 1775//52
f  1776//33 1777//53 1778//53
f  1779//53 1780//33 1781//33

# Mesh 'ID65' with 153 faces
g ID65
usemtl material_0
f  1782//54 1783//54 1784//54
f  1785//54 1786//54 1787//54
f  1788//54 1789//54 1790//54
f  1791//54 1792//54 1793//54
f  1794//54 1795//54 1796//54
f  1797//54 1798//54 1799//54
f  1800//54 1801//54 1802//54
f  1803//54 1804//54 1805//54
f  1806//54 1807//54 1808//54
f  1809//54 1810//54 1811//54
f  1812//54 1813//54 1814//54
f  700//54 1815//54 1816//54
f  1817//54 1818//54 1819//54
f  1820//54 1821//54 1822//54
f  1823//54 1824//54 1825//54
f  1826//54 1827//54 1828//54
f  1829//54 1830//54 1831//54
f  1832//54 1833//54 1834//54
f  1835//54 1836//54 1837//54
f  1838//54 1839//54 1840//54
f  1841//54 1842//54 1843//54
f  1844//54 1845//54 1846//54
f  1847//54 1848//54 1849//54
f  1850//54 1851//54 1852//54
f  1853//54 1854//54 1855//54
f  1856//54 1857//54 1858//54
f  1859//54 1860//54 1861//54
f  1862//54 1863//54 1864//54
f  1865//54 1866//54 1867//54
f  1868//54 1869//54 1870//54
f  1871//54 1872//54 1873//54
f  1874//54 1875//54 1876//54
f  1877//54 1878//54 1879//54
f  1880//54 1881//54 1882//54
f  1883//54 1884//54 1885//54
f  1886//54 1887//54 1888//54
f  1889//54 1890//54 1891//54
f  1892//54 1893//54 1894//54
f  1895//54 1896//54 1897//54
f  1898//54 1899//54 1900//54
f  1901//54 1902//54 1903//54
f  1904//54 1905//54 1906//54
f  1907//54 1908//54 1909//54
f  1910//54 1911//54 1912//54
f  1913//55 1914//55 1915//55
f  1916//55 1459//55 1917//55
f  1918//55 1919//55 1920//55
f  1921//51 1922//51 1923//56
f  1924//51 1468//57 1925//56
f  1926//56 1927//56 1928//57
f  1929//49 1930//56 1931//49
f  1932//49 1477//56 1933//58
f  1934//56 1935//58 1936//56
f  1937//52 1938//52 1939//51
f  1940//51 1941//51 1942//52
f  1943//59 1944//59 1945//59
f  1946//59 1947//59 1948//59
f  1949//59 1950//59 1951//59
f  1952//59 1953//59 1954//59
f  1955//59 1956//59 1957//59
f  1958//59 1959//59 1960//59
f  1961//59 1962//59 1963//59
f  1964//59 1965//59 1966//59
f  1967//59 1968//59 1969//59
f  1970//59 1971//59 1972//59
f  1973//59 1974//59 1975//59
f  1976//59 1977//59 1978//59
f  1979//59 1980//59 1981//59
f  1982//59 1983//59 1984//59
f  1985//59 1986//59 1987//59
f  1988//59 1989//59 1990//59
f  1991//59 1992//59 1993//59
f  1994//59 1995//59 1996//59
f  1997//59 1998//59 1999//59
f  2000//59 2001//59 2002//59
f  2003//59 2004//59 2005//59
f  2006//59 2007//59 2008//59
f  2009//59 2010//59 2011//59
f  2012//59 2013//59 2014//59
f  2015//59 2016//59 2017//59
f  2018//59 2019//59 2020//59
f  2021//59 2022//59 2023//59
f  2024//59 2025//59 2026//59
f  2027//59 2028//59 2029//59
f  2030//59 2031//59 2032//59
f  2033//59 2034//59 2035//59
f  2036//59 2037//59 2038//59
f  2039//59 2040//59 2041//59
f  2042//59 2043//59 2044//59
f  2045//59 2046//59 2047//59
f  2048//59 2049//59 2050//59
f  2051//59 2052//59 2053//59
f  2054//59 2055//59 2056//59
f  2057//59 2058//59 2059//59
f  2060//59 2061//59 2062//59
f  2063//59 2064//59 2065//59
f  2066//59 2067//59 2068//59
f  2069//59 2070//59 2071//59
f  2072//59 2073//59 2074//59
f  2075//59 2076//59 2077//59
f  2078//59 2079//59 2080//59
f  2081//59 2082//59 2083//59
f  2084//59 2085//59 2086//59
f  2087//59 2088//59 2089//59
f  2090//59 2091//59 2092//59
f  2093//59 2094//59 2095//59
f  2096//59 2097//59 2098//59
f  2099//48 2100//49 2101//48
f  2102//49 2103//48 2104//49
f  2105//53 2106//53 2107//52
f  2108//52 2109//52 2110//53
f  2111//41 2112//41 2113//40
f  2114//40 2115//40 2116//41
f  2117//42 2118//42 2119//41
f  2120//41 2121//41 2122//42
f  2123//60 2124//61 2125//42
f  2126//42 2127//42 2128//61
f  2129//45 2130//45 2131//60
f  2132//61 2133//60 2134//45
f  2135//46 2136//46 2137//45
f  2138//45 2139//45 2140//46
f  2141//47 2142//47 2143//46
f  2144//46 2145//46 2146//47
f  2147//47 2148//48 2149//47
f  2150//48 2151//47 2152//48
f  2153//53 2154//33 2155//53
f  2156//33 2157//53 2158//33
f  2159//33 2160//32 2161//33
f  2162//32 2163//33 2164//32
f  2165//32 2166//34 2167//32
f  2168//34 2169//32 2170//34
f  2171//34 2172//62 2173//34
f  2174//63 2175//34 2176//62
f  2177//62 2178//37 2179//63
f  2180//37 2181//63 2182//37
f  2183//37 2184//38 2185//37
f  2186//38 2187//37 2188//38
f  2189//38 2190//39 2191//38
f  2192//39 2193//38 2194//39
f  2195//30 2196//30 2197//39
f  2198//39 2199//39 2200//30
f  2201//27 2202//27 2203//30
f  2204//30 2205//30 2206//27
f  2207//64 2208//64 2209//27
f  2210//27 2211//27 2212//64
f  2213//64 2214//25 2215//64
f  2216//25 2217//64 2218//25
f  2219//25 2220//28 2221//25
f  2222//28 2223//25 2224//28
f  2225//28 2226//31 2227//28
f  2228//31 2229//28 2230//31
f  2231//40 2232//40 2233//31
f  2234//31 2235//31 2236//40

# Mesh 'ID75' with 98 faces
g ID75
usemtl Color_000
f  2237//9 2238//9 2239//9
f  2240//9 2241//9 2242//9
f  2243//9 2244//9 2245//9
f  2246//9 2247//9 2248//9
f  2249//9 2250//9 2251//9
f  2252//9 2253//9 2254//9
f  2255//9 2256//9 2257//9
f  2258//9 2259//9 2260//9
f  2261//9 2262//9 2263//9
f  2264//9 2265//9 2266//9
f  2267//9 2268//9 2269//9
f  2270//9 2271//9 2272//9
f  2273//9 2274//9 2275//9
f  2276//9 2277//9 2278//9
f  2279//9 2280//9 2281//9
f  2282//9 2283//9 2284//9
f  2285//9 2286//9 2287//9
f  2288//9 2289//9 2290//9
f  2291//9 2292//9 2293//9
f  2294//9 2295//9 2296//9
f  2297//9 2298//9 2299//9
f  2300//9 2301//9 2302//9
f  2303//9 2304//9 2305//9
f  2306//9 2307//9 2308//9
f  2309//9 2310//9 2311//9
f  2312//9 2313//9 2314//9
f  2315//9 2316//9 2317//9
f  2318//9 2319//9 2320//9
f  2321//9 2322//9 2323//9
f  2324//9 2325//9 2326//9
f  2327//9 2328//9 2329//9
f  2330//9 2331//9 2332//9
f  2333//9 2334//9 2335//9
f  2336//9 2337//9 2338//9
f  2339//9 2340//9 2341//9
f  2342//9 2343//9 2344//9
f  2345//9 2346//9 2347//9
f  2348//9 2349//9 2350//9
f  2351//9 2352//9 2353//9
f  2354//9 2355//9 2356//9
f  2357//9 2358//9 2359//9
f  2360//9 2361//9 2362//9
f  2363//9 2364//9 2365//9
f  2366//9 2367//9 2368//9
f  2369//9 2370//9 2371//9
f  2372//9 2373//9 2374//9
f  2375//9 2376//9 2377//9
f  2378//9 2379//9 2380//9
f  2381//9 2382//9 2383//9
f  2384//9 2385//9 2386//9
f  2387//9 2388//9 2389//9
f  2390//9 2391//9 2392//9
f  2393//9 2394//9 2395//9
f  2396//9 2397//9 2398//9
f  2399//9 2400//9 2401//9
f  2402//9 2403//9 2404//9
f  2405//9 2406//9 2407//9
f  2408//9 2409//9 2410//9
f  2411//9 2412//9 2413//9
f  2414//9 2415//9 2416//9
f  2417//9 2418//9 2419//9
f  2420//9 2421//9 2422//9
f  2423//9 2424//9 2425//9
f  2426//9 2427//9 2428//9
f  2429//9 2430//9 2431//9
f  2432//9 2433//9 2434//9
f  2435//9 2436//9 2437//9
f  2438//9 2439//9 2440//9
f  2441//9 2442//9 2443//9
f  2444//9 2445//9 2446//9
f  2447//9 2448//9 2449//9
f  2450//9 2451//9 2452//9
f  2453//9 2454//9 2455//9
f  2456//9 2457//9 2458//9
f  2459//9 2460//9 2461//9
f  2462//9 2463//9 2464//9
f  2465//9 2466//9 2467//9
f  2468//9 2469//9 2470//9
f  2471//9 2472//9 2473//9
f  2474//9 2475//9 2476//9
f  2477//9 2478//9 2479//9
f  2480//9 2481//9 2482//9
f  2483//9 2484//9 2485//9
f  2486//9 2487//9 2488//9
f  2489//9 2490//9 2491//9
f  2492//9 2493//9 2494//9
f  2495//9 2496//9 2497//9
f  2498//9 2499//9 2500//9
f  2501//9 2502//9 2503//9
f  2504//9 2505//9 2506//9
f  2507//9 2508//9 2509//9
f  2510//9 2511//9 2512//9
f  2513//9 2514//9 2515//9
f  2516//9 2517//9 2518//9
f  2519//9 2520//9 2521//9
f  2522//9 2523//9 2524//9
f  2525//9 2526//9 2527//9
f  2528//9 2529//9 2530//9

# Mesh 'ID75' with 98 faces
g ID75
usemtl material_0
f  2531//4 2532//4 2533//4
f  2534//4 2535//4 2536//4
f  2537//4 2538//4 2539//4
f  2540//4 2541//4 2542//4
f  2543//4 2544//4 2545//4
f  2546//4 2547//4 2548//4
f  2549//4 2550//4 2551//4
f  2552//4 2553//4 2554//4
f  2555//4 2556//4 2557//4
f  2558//4 2559//4 2560//4
f  2561//4 2562//4 2563//4
f  2564//4 2565//4 2566//4
f  2567//4 2568//4 2569//4
f  2570//4 2571//4 2572//4
f  2573//4 2574//4 2575//4
f  2576//4 2577//4 2578//4
f  2579//4 2580//4 2581//4
f  2582//4 2583//4 2584//4
f  2585//4 2586//4 2587//4
f  2588//4 2589//4 2590//4
f  2591//4 2592//4 2593//4
f  2594//4 2595//4 2596//4
f  2597//4 2598//4 2599//4
f  2600//4 2601//4 2602//4
f  2603//4 2604//4 2605//4
f  2606//4 2607//4 2608//4
f  2609//4 2610//4 2611//4
f  2612//4 2613//4 2614//4
f  2615//4 2616//4 2617//4
f  2618//4 2619//4 2620//4
f  2621//4 2622//4 2623//4
f  2624//4 2625//4 2626//4
f  2627//4 2628//4 2629//4
f  2630//4 2631//4 2632//4
f  2633//4 2634//4 2635//4
f  2636//4 2637//4 2638//4
f  2639//4 2640//4 2641//4
f  2642//4 2643//4 2644//4
f  2645//4 2646//4 2647//4
f  2648//4 2649//4 2650//4
f  2651//4 2652//4 2653//4
f  2654//4 2655//4 2656//4
f  2657//4 2658//4 2659//4
f  2660//4 2367//4 2661//4
f  2662//4 2370//4 2663//4
f  2664//4 2373//4 2665//4
f  2666//4 2376//4 2667//4
f  2668//4 2379//4 2669//4
f  2670//4 2382//4 2383//4
f  2384//4 2385//4 2671//4
f  2672//4 2388//4 2673//4
f  2674//4 2391//4 2675//4
f  2676//4 2394//4 2677//4
f  2678//4 2397//4 2679//4
f  2680//4 2400//4 2681//4
f  2682//4 2683//4 2684//4
f  2685//4 2686//4 2687//4
f  2688//4 2689//4 2690//4
f  2691//4 2692//4 2693//4
f  2694//4 2695//4 2696//4
f  2697//4 2698//4 2699//4
f  2700//4 2701//4 2702//4
f  2703//4 2704//4 2705//4
f  2706//4 2707//4 2708//4
f  2709//4 2710//4 2711//4
f  2712//4 2713//4 2714//4
f  2715//4 2716//4 2717//4
f  2718//4 2719//4 2720//4
f  2721//4 2722//4 2723//4
f  2724//4 2725//4 2726//4
f  2727//4 2728//4 2729//4
f  2730//4 2731//4 2732//4
f  2733//4 2734//4 2735//4
f  2736//4 2737//4 2738//4
f  2739//4 2740//4 2741//4
f  2742//4 2743//4 2744//4
f  2745//4 2746//4 2747//4
f  2748//4 2749//4 2750//4
f  2751//4 2752//4 2753//4
f  2754//4 2755//4 2756//4
f  2757//4 2758//4 2759//4
f  2760//4 2761//4 2762//4
f  2763//4 2764//4 2765//4
f  2766//4 2767//4 2768//4
f  2769//4 2770//4 2771//4
f  2772//4 2773//4 2774//4
f  2775//4 2776//4 2777//4
f  2778//4 2779//4 2780//4
f  2781//4 2782//4 2783//4
f  2784//4 2785//4 2786//4
f  2787//4 2788//4 2789//4
f  2790//4 2791//4 2792//4
f  2793//4 2794//4 2795//4
f  2796//4 2797//4 2798//4
f  2799//4 2800//4 2801//4
f  2802//4 2803//4 2804//4
f  2805//4 2806//4 2807//4
f  2808//4 2809//4 2810//4

# Mesh 'ID85' with 143 faces
g ID85
usemtl Color_F01
f  2811//65 2812//65 2813//65
f  2814//66 2815//66 2816//66
f  2817//67 2818//67 2819//67
f  2820//68 2821//68 2822//68
f  2823//68 2824//68 2825//68
f  2826//68 2827//68 2828//68
f  2829//68 2830//68 2831//68
f  2832//68 2833//68 2834//68
f  2835//68 2836//68 2837//68
f  2838//68 2839//68 2840//68
f  2841//68 2842//68 699//68
f  2843//68 2844//68 2845//68
f  2846//68 2847//68 2848//68
f  2849//68 2850//68 2851//68
f  2852//68 2853//68 2854//68
f  2855//68 2856//68 2857//68
f  2858//68 2859//68 2860//68
f  2861//9 2862//9 2863//9
f  2864//9 2865//9 2866//9
f  2867//9 2868//9 2869//9
f  2870//9 2871//9 2872//9
f  2873//9 2874//9 2875//9
f  2876//9 2877//9 2878//9
f  2879//9 2880//9 2881//9
f  2882//9 2883//9 2884//9
f  2885//9 2886//9 2887//9
f  2888//9 2889//9 2890//9
f  2891//9 2892//9 2893//9
f  2894//9 2895//9 2896//9
f  2897//9 2898//9 2899//9
f  2900//9 2901//9 2902//9
f  2903//9 2904//9 2905//9
f  2906//9 2907//9 2908//9
f  2909//9 2910//9 2911//9
f  2912//9 2913//9 2914//9
f  2915//9 2916//9 2917//9
f  2918//9 2919//9 2920//9
f  2921//9 2922//9 2923//9
f  2924//9 2925//9 2926//9
f  2927//9 2928//9 2929//9
f  2930//9 2931//9 2932//9
f  2933//9 2934//9 2935//9
f  2936//9 2937//9 2938//9
f  2939//9 2940//9 2941//9
f  2942//9 2943//9 2944//9
f  2945//9 2946//9 2947//9
f  2948//9 2949//9 2950//9
f  2951//9 2952//9 2953//9
f  2954//9 2955//9 2956//9
f  2957//9 2958//9 2959//9
f  2960//9 2961//9 2962//9
f  2963//9 2964//9 2965//9
f  2966//9 2967//9 2968//9
f  2969//9 2970//9 2971//9
f  2972//9 2973//9 2974//9
f  2975//9 2976//9 2977//9
f  2978//9 2979//9 2980//9
f  2981//9 2982//9 2983//9
f  2984//9 2985//9 2986//9
f  2987//9 2988//9 2989//9
f  2990//9 2991//9 2992//9
f  2993//9 2994//9 2995//9
f  2996//9 2997//9 2998//9
f  2999//9 3000//9 3001//9
f  3002//9 3003//9 3004//9
f  3005//9 3006//9 3007//9
f  3008//9 3009//9 3010//9
f  3011//9 3012//9 3013//9
f  3014//9 3015//9 3016//9
f  3017//9 3018//9 3019//9
f  3020//9 3021//9 3022//9
f  3023//9 3024//9 3025//9
f  3026//9 3027//9 3028//9
f  3029//9 3030//9 3031//9
f  3032//9 3033//9 3034//9
f  3035//9 3036//9 3037//9
f  3038//9 3039//9 3040//9
f  3041//9 3042//9 3043//9
f  3044//9 3045//9 3046//9
f  3047//9 3048//9 3049//9
f  3050//9 3051//9 3052//9
f  3053//9 3054//9 3055//9
f  3056//9 3057//9 3058//9
f  3059//9 3060//9 3061//9
f  3062//9 3063//9 3064//9
f  3065//9 3066//9 3067//9
f  3068//9 3069//9 3070//9
f  3071//9 3072//9 3073//9
f  3074//9 3075//9 3076//9
f  3077//9 3078//9 3079//9
f  3080//9 3081//9 3082//9
f  3083//9 3084//9 3085//9
f  3086//9 3087//9 3088//9
f  3089//9 3090//9 3091//9
f  3092//9 3093//9 3094//9
f  3095//9 3096//9 3097//9
f  3098//9 3099//9 3100//9
f  3101//9 3102//9 3103//9
f  3104//9 3105//9 3106//9
f  3107//9 3108//9 3109//9
f  3110//9 3111//9 3112//9
f  3113//9 3114//9 3115//9
f  3116//9 3117//9 3118//9
f  3119//9 3120//9 3121//9
f  3122//9 3123//9 3124//9
f  3125//9 3126//9 3127//9
f  3128//9 3129//9 3130//9
f  3131//9 3132//9 3133//9
f  3134//9 3135//9 3136//9
f  3137//9 3138//9 3139//9
f  3140//9 3141//9 3142//9
f  3143//9 3144//9 3145//9
f  3146//9 3147//9 3148//9
f  3149//9 3150//9 3151//9
f  3152//9 3153//9 3154//9
f  3155//9 3156//9 3157//9
f  3158//9 3159//9 3160//9
f  3161//9 3162//9 3163//9
f  3164//9 3165//9 3166//9
f  3167//9 3168//9 3169//9
f  3170//9 3171//9 3172//9
f  3173//9 3174//9 3175//9
f  3176//9 3177//9 3178//9
f  3179//9 3180//9 3181//9
f  3182//9 3183//9 3184//9
f  3185//9 3186//9 3187//9
f  3188//69 3189//69 3190//69
f  3191//69 3192//69 3193//69
f  3194//69 3195//69 3196//69
f  3197//69 3198//69 3199//69
f  3200//69 3201//69 3202//69
f  3203//69 3204//69 3205//69
f  3206//69 3207//69 3208//69
f  3209//69 3210//69 3211//69
f  3212//69 3213//69 3214//69
f  3215//69 3216//69 3217//69
f  3218//69 3219//69 3220//69
f  3221//69 3222//69 3223//69
f  3224//69 3225//69 3226//69
f  3227//69 3228//69 3229//69
f  3230//70 3231//70 3232//70
f  3233//71 3234//71 3235//71
f  3236//72 3237//72 3238//72

# Mesh 'ID85' with 141 faces
g ID85
usemtl material_0
f  3239//73 2812//73 3240//73
f  3241//74 2815//74 3242//74
f  3243//75 3244//75 3245//75
f  3246//75 3247//75 3248//75
f  3249//75 3250//75 3251//75
f  3252//75 3253//75 3254//75
f  3255//75 3256//75 3257//75
f  3258//75 3259//75 690//75
f  3260//75 3261//75 3262//75
f  3263//75 2839//75 3264//75
f  3265//75 3266//75 3267//75
f  3268//75 3269//75 3270//75
f  3271//75 3272//75 3273//75
f  3274//75 3275//75 3276//75
f  3277//75 3278//75 3279//75
f  3280//75 3281//75 3282//75
f  3283//4 3284//4 3285//4
f  3286//4 3287//4 3288//4
f  2291//4 3289//4 3290//4
f  3291//4 3292//4 3293//4
f  3294//4 3295//4 3296//4
f  3297//4 3298//4 3299//4
f  3300//4 3301//4 3302//4
f  3303//4 3304//4 3305//4
f  3306//4 3307//4 3308//4
f  3309//4 3310//4 3311//4
f  3312//4 3313//4 3314//4
f  3315//4 3316//4 3317//4
f  3318//4 3319//4 3320//4
f  3321//4 3322//4 3323//4
f  3324//4 3325//4 3326//4
f  3327//4 3328//4 3329//4
f  3330//4 3331//4 3332//4
f  3333//4 3334//4 3335//4
f  3336//4 3337//4 3338//4
f  3339//4 3340//4 3341//4
f  3342//4 3343//4 3344//4
f  3345//4 3346//4 3347//4
f  3348//4 3349//4 3350//4
f  3351//4 3352//4 3353//4
f  3354//4 3355//4 3356//4
f  3357//4 3358//4 3359//4
f  3360//4 3361//4 3362//4
f  3363//4 3364//4 3365//4
f  3366//4 3367//4 3368//4
f  3369//4 3370//4 3371//4
f  3372//4 3373//4 3374//4
f  3375//4 3376//4 3377//4
f  3378//4 3379//4 3380//4
f  3381//4 3382//4 3383//4
f  3384//4 3385//4 3386//4
f  3387//4 3388//4 3389//4
f  2393//4 3390//4 3391//4
f  3392//4 3393//4 3394//4
f  3395//4 3396//4 3397//4
f  3398//4 3399//4 3400//4
f  3401//4 3402//4 3403//4
f  3404//4 3405//4 3406//4
f  3407//4 3408//4 3409//4
f  3410//4 3411//4 3412//4
f  3413//4 3414//4 3415//4
f  3416//4 3417//4 3418//4
f  3419//4 3420//4 3421//4
f  3422//4 3423//4 3424//4
f  3425//4 3426//4 3427//4
f  3428//4 3429//4 3430//4
f  3431//4 3432//4 3433//4
f  3434//4 3435//4 3436//4
f  3437//4 3438//4 3439//4
f  3440//4 3441//4 3442//4
f  3443//4 3021//4 3022//4
f  3023//4 3024//4 3444//4
f  3445//4 3446//4 3447//4
f  3448//4 3449//4 2458//4
f  3450//4 3451//4 3452//4
f  3453//4 3454//4 3455//4
f  3456//4 3457//4 3458//4
f  3459//4 3460//4 3461//4
f  3462//4 3463//4 3464//4
f  3465//4 3466//4 3467//4
f  3468//4 3469//4 3470//4
f  3471//4 3472//4 3473//4
f  3474//4 3475//4 3476//4
f  3477//4 3478//4 3479//4
f  3480//4 3481//4 3482//4
f  3483//4 3484//4 3485//4
f  3486//4 3487//4 3488//4
f  3489//4 2779//4 3490//4
f  3491//4 3492//4 3493//4
f  3494//4 3495//4 3496//4
f  3497//4 3498//4 3499//4
f  3500//4 3501//4 3502//4
f  3503//4 3504//4 3505//4
f  3506//4 3507//4 3508//4
f  3509//4 3510//4 3511//4
f  3512//4 3513//4 3514//4
f  3515//4 3516//4 3517//4
f  3518//4 3519//4 3520//4
f  3521//4 3522//4 3523//4
f  3524//4 3525//4 3526//4
f  3527//4 3528//4 3529//4
f  3530//4 3531//4 3532//4
f  3533//4 3534//4 3535//4
f  3536//4 3537//4 3538//4
f  3539//4 3540//4 3541//4
f  3542//4 3543//4 3544//4
f  3545//4 3546//4 3547//4
f  3548//4 3549//4 3550//4
f  3551//4 3552//4 3553//4
f  3554//4 3555//4 3556//4
f  3557//4 3558//4 3559//4
f  3560//4 3561//4 3562//4
f  3563//4 3564//4 3565//4
f  3566//4 3567//4 3568//4
f  3569//4 3570//4 3571//4
f  3572//4 3573//4 3574//4
f  3575//4 3576//4 3577//4
f  3578//4 3579//4 3580//4
f  3581//4 3582//4 3583//4
f  3584//4 3585//4 3586//4
f  3587//4 3588//4 3589//4
f  3590//4 3591//4 3592//4
f  3593//4 3594//4 3595//4
f  3596//4 3597//4 3598//4
f  3599//4 3600//4 3601//4
f  3602//76 3603//76 3604//76
f  3605//76 3606//76 3607//76
f  3608//76 3609//76 3610//76
f  3611//76 3612//76 3613//76
f  3614//76 3615//76 3616//76
f  3617//76 3618//76 3619//76
f  3620//76 3621//76 3622//76
f  3623//76 3207//76 3624//76
f  3625//76 3626//76 3627//76
f  3628//76 3629//76 3630//76
f  3631//76 3632//76 3633//76
f  3634//76 3635//76 3636//76
f  3637//76 3638//76 3639//76
f  3640//76 3641//76 3642//76
f  3643//77 3644//77 3645//77
f  3646//78 3647//78 3648//78

# Mesh 'ID85' with 2 faces
g ID85
usemtl material
f  3649//79 2812//79 2813//79
f  3650//80 3651//80 3652//80

# Mesh 'ID93' with 222 faces
g ID93
usemtl Color_F01
f  3653//81 3654//81 3655//81
f  3656//81 3657//81 3658//81
f  3659//81 3660//81 3661//81
f  3662//81 3663//81 3664//81
f  3665//81 3666//81 3667//81
f  3668//81 3669//81 3670//81
f  3671//81 3672//81 3673//81
f  3674//81 3675//81 3676//81
f  3677//81 3678//81 3679//81
f  3680//81 3681//81 3682//81
f  3683//81 3684//81 3685//81
f  3686//81 3687//81 3688//81
f  3689//81 3690//81 3691//81
f  3692//81 3693//81 3694//81
f  3695//81 3696//81 3697//81
f  3698//81 3699//81 3700//81
f  3701//81 3702//81 3703//81
f  3704//81 3705//81 3706//81
f  3707//81 3708//81 3709//81
f  3710//81 3711//81 3712//81
f  3713//81 3714//81 3715//81
f  3716//81 3717//81 3718//81
f  3719//81 3720//81 3721//81
f  3722//81 3723//81 3724//81
f  3725//81 3726//81 3727//81
f  3728//81 3729//81 3730//81
f  3731//81 3732//81 3733//81
f  3734//81 3735//81 3736//81
f  3737//81 3738//81 3739//81
f  3740//81 3741//81 3742//81
f  3743//81 3744//81 3745//81
f  3746//81 3747//81 3748//81
f  3749//81 3750//81 3751//81
f  3752//81 3753//81 3754//81
f  3755//81 3756//81 3757//81
f  3758//81 3759//81 3760//81
f  3761//81 3762//81 3763//81
f  3764//81 3765//81 3766//81
f  3767//81 3768//81 3769//81
f  3770//81 3771//81 3772//81
f  3773//81 3774//81 3775//81
f  3776//81 3777//81 3778//81
f  3779//81 3780//81 3781//81
f  3782//81 3783//81 3784//81
f  3785//81 3786//81 3787//81
f  3788//81 3789//81 3790//81
f  3791//81 3792//81 3793//81
f  3794//81 3795//81 3796//81
f  3797//81 3798//81 3799//81
f  3800//81 3801//81 3802//81
f  3803//82 3804//27 3805//83
f  3806//27 3807//82 3808//27
f  3809//25 3810//82 3811//83
f  3812//82 3813//25 3814//25
f  3815//28 3816//25 3817//25
f  3818//25 3819//28 3820//28
f  3821//31 3822//28 3823//28
f  3824//28 3825//31 3826//31
f  3827//40 3828//31 3829//40
f  3830//31 3831//40 3832//31
f  3833//41 3834//40 3835//41
f  3836//40 3837//41 3838//40
f  3839//42 3840//41 3841//42
f  3842//41 3843//42 3844//41
f  3845//84 3846//42 3847//85
f  3848//42 3849//84 3850//42
f  3851//45 3852//85 3853//45
f  3854//85 3855//45 3856//84
f  3857//46 3858//45 3859//46
f  3860//45 3861//46 3862//45
f  3863//47 3864//46 3865//47
f  3866//46 3867//47 3868//46
f  3869//48 3870//47 3871//47
f  3872//47 3873//48 3874//48
f  3875//49 3876//48 3877//48
f  3878//48 3879//49 3880//49
f  3881//86 3882//49 3883//49
f  3884//49 3885//86 3886//87
f  3887//51 3888//86 3889//51
f  3890//86 3891//51 3892//87
f  3893//52 3894//51 3895//52
f  3896//51 3897//52 3898//51
f  3899//53 3900//52 3901//53
f  3902//52 3903//53 3904//52
f  3905//33 3906//53 3907//53
f  3908//53 3909//33 3910//33
f  3911//32 3912//33 3913//33
f  3914//33 3915//32 3916//32
f  3917//34 3918//32 3919//32
f  3920//32 3921//34 3922//34
f  3923//88 3924//34 3925//34
f  3926//34 3927//88 3928//89
f  3929//37 3930//89 3931//88
f  3932//89 3933//37 3934//37
f  3935//38 3936//37 3937//37
f  3938//37 3939//38 3940//38
f  3941//39 3942//38 3943//38
f  3944//38 3945//39 3946//39
f  3947//30 3948//39 3949//30
f  3950//39 3951//30 3952//39
f  3953//27 3954//30 3955//27
f  3956//30 3957//27 3958//30
f  3959//90 3960//90 3961//90
f  3962//90 3963//90 3964//90
f  3965//91 3966//91 3967//91
f  3968//91 3969//91 3970//91
f  3971//92 3972//92 3973//92
f  3974//92 3975//92 3976//92
f  3977//93 3978//93 3979//93
f  3980//93 3981//93 3982//93
f  3983//94 3984//94 3985//94
f  3986//94 3987//94 3988//94
f  3989//95 3990//95 3991//95
f  3992//95 3993//95 3994//95
f  3995//95 3996//95 3997//95
f  3998//96 3999//96 4000//96
f  4001//96 4002//96 4003//96
f  4004//97 4005//97 4006//97
f  4007//97 4008//97 4009//97
f  4010//98 4011//98 4012//98
f  4013//98 4014//98 4015//98
f  4016//99 4017//99 4018//99
f  4019//99 4020//99 4021//99
f  4022//100 4023//100 4024//100
f  4025//100 4026//100 4027//100
f  4028//101 4029//101 4030//101
f  4031//101 4032//101 4033//101
f  4034//102 4035//102 4036//102
f  4037//102 4038//102 4039//102
f  4040//103 4041//103 4042//103
f  4043//103 4044//103 4045//103
f  4046//104 4047//104 4048//104
f  4049//104 4050//104 4051//104
f  4052//105 4053//105 4054//105
f  4055//105 4056//105 4057//105
f  4058//106 4059//106 4060//106
f  4061//106 4062//106 4063//106
f  4064//107 4065//107 4066//107
f  4067//107 4068//107 4069//107
f  4070//107 4071//107 4072//107
f  4073//108 4074//108 4075//108
f  4076//108 4077//108 4078//108
f  4079//109 4080//109 4081//109
f  4082//109 4083//109 4084//109
f  4085//110 4086//110 4087//110
f  4088//110 4089//110 4090//110
f  4091//111 4092//111 4093//111
f  4094//111 4095//111 4096//111
f  4097//112 4098//112 4099//112
f  4100//112 4101//112 4102//112
f  4103//113 4104//113 4105//113
f  4106//113 4107//113 4108//113
f  4109//114 4110//114 4111//114
f  4112//114 4113//114 4114//114
f  4115//114 4116//114 4117//114
f  4118//114 4119//114 4120//114
f  4121//114 4122//114 4123//114
f  4124//114 4125//114 4126//114
f  4127//114 4128//114 4129//114
f  4130//114 4131//114 4132//114
f  4133//114 4134//114 4135//114
f  4136//114 4137//114 4138//114
f  4139//114 4140//114 4141//114
f  4142//114 4143//114 4144//114
f  4145//114 4146//114 4147//114
f  4148//114 4149//114 4150//114
f  4151//114 4152//114 4153//114
f  4154//114 4155//114 4156//114
f  4157//114 4158//114 4159//114
f  4160//114 4161//114 4162//114
f  4163//114 4164//114 4165//114
f  4166//114 4167//114 4168//114
f  4169//114 4170//114 4171//114
f  4172//114 4173//114 4174//114
f  4175//115 4176//49 4177//49
f  4178//49 4179//115 4180//116
f  4181//51 4182//115 4183//51
f  4184//115 4185//51 4186//116
f  4187//52 4188//51 4189//52
f  4190//51 4191//52 4192//51
f  4193//53 4194//52 4195//53
f  4196//52 4197//53 4198//52
f  4199//33 4200//53 4201//53
f  4202//53 4203//33 4204//33
f  4205//34 4206//33 4207//33
f  4208//33 4209//34 4210//34
f  4211//117 4212//34 4213//34
f  4214//34 4215//117 4216//118
f  4217//37 4218//118 4219//117
f  4220//118 4221//37 4222//37
f  4223//38 4224//37 4225//37
f  4226//37 4227//38 4228//38
f  4229//39 4230//38 4231//38
f  4232//38 4233//39 4234//39
f  4235//30 4236//39 4237//30
f  4238//39 4239//30 4240//39
f  4241//27 4242//30 4243//27
f  4244//30 4245//27 4246//30
f  4247//119 4248//27 4249//120
f  4250//27 4251//119 4252//27
f  4253//25 4254//119 4255//120
f  4256//119 4257//25 4258//25
f  4259//28 4260//25 4261//25
f  4262//25 4263//28 4264//28
f  4265//31 4266//28 4267//28
f  4268//28 4269//31 4270//31
f  4271//40 4272//31 4273//40
f  4274//31 4275//40 4276//31
f  4277//42 4278//40 4279//42
f  4280//40 4281//42 4282//40
f  4283//121 4284//42 4285//122
f  4286//42 4287//121 4288//42
f  4289//45 4290//122 4291//45
f  4292//122 4293//45 4294//121
f  4295//46 4296//45 4297//46
f  4298//45 4299//46 4300//45
f  4301//47 4302//46 4303//47
f  4304//46 4305//47 4306//46
f  4307//48 4308//47 4309//47
f  4310//47 4311//48 4312//48
f  4313//49 4314//48 4315//48
f  4316//48 4317//49 4318//49

# Mesh 'ID93' with 222 faces
g ID93
usemtl material_0
f  4319//123 4320//123 4321//123
f  4322//123 4323//123 4324//123
f  4325//123 4326//123 4327//123
f  4328//123 4329//123 4330//123
f  4331//123 4332//123 4333//123
f  4334//123 4335//123 4336//123
f  4337//123 4338//123 4339//123
f  4340//123 4341//123 4342//123
f  4343//123 4344//123 4345//123
f  4346//123 4347//123 4348//123
f  4349//123 4350//123 4351//123
f  4352//123 4353//123 4354//123
f  4355//123 4356//123 4357//123
f  4358//123 4359//123 4360//123
f  4361//123 4362//123 4363//123
f  4364//123 4365//123 4366//123
f  4367//123 4368//123 4369//123
f  4370//123 4371//123 4372//123
f  4373//123 4374//123 4375//123
f  4376//123 4377//123 4378//123
f  4379//123 4380//123 4381//123
f  4382//123 4383//123 4384//123
f  4385//123 4386//123 4387//123
f  4388//123 4389//123 3724//123
f  4390//123 4391//123 4392//123
f  4393//123 4394//123 4395//123
f  3731//123 4396//123 4397//123
f  4398//123 4399//123 4400//123
f  4401//123 4402//123 4403//123
f  4404//123 4405//123 4406//123
f  4407//123 4408//123 4409//123
f  4410//123 4411//123 4412//123
f  4413//123 4414//123 4415//123
f  4416//123 4417//123 4418//123
f  4419//123 4420//123 4421//123
f  4422//123 4423//123 4424//123
f  4425//123 4426//123 4427//123
f  4428//123 4429//123 4430//123
f  4431//123 4432//123 4433//123
f  4434//123 4435//123 4436//123
f  4437//123 4438//123 4439//123
f  4440//123 4441//123 4442//123
f  4443//123 4444//123 4445//123
f  4446//123 4447//123 4448//123
f  4449//123 4450//123 4451//123
f  4452//123 4453//123 4454//123
f  4455//123 4456//123 4457//123
f  4458//123 4459//123 4460//123
f  4461//123 4462//123 4463//123
f  4464//123 4465//123 4466//123
f  4467//49 4468//124 4469//49
f  4470//125 4471//49 4472//124
f  4473//51 4474//51 4475//124
f  4476//125 4477//124 4478//51
f  4479//52 4480//52 4481//51
f  4482//51 4483//51 4484//52
f  4485//53 4486//53 4487//52
f  4488//52 4489//52 4490//53
f  4491//53 4492//33 4493//53
f  4494//33 4495//53 4496//33
f  4497//33 4498//32 4499//33
f  4500//32 4501//33 4502//32
f  4503//32 4504//34 4505//32
f  4506//34 4507//32 4508//34
f  4509//34 4510//126 4511//34
f  4512//127 4513//34 4514//126
f  4515//126 4516//37 4517//127
f  4518//37 4519//127 4520//37
f  4521//37 4522//38 4523//37
f  4524//38 4525//37 4526//38
f  4527//38 4528//39 4529//38
f  4530//39 4531//38 4532//39
f  4533//30 4534//30 4535//39
f  4536//39 4537//39 4538//30
f  4539//27 4540//27 4541//30
f  4542//30 4543//30 4544//27
f  4545//128 4546//129 4547//27
f  4548//27 4549//27 4550//129
f  4551//128 4552//25 4553//129
f  4554//25 4555//129 4556//25
f  4557//25 4558//28 4559//25
f  4560//28 4561//25 4562//28
f  4563//28 4564//31 4565//28
f  4566//31 4567//28 4568//31
f  4569//40 4570//40 4571//31
f  4572//31 4573//31 4574//40
f  4575//41 4576//41 4577//40
f  4578//40 4579//40 4580//41
f  4581//42 4582//42 4583//41
f  4584//41 4585//41 4586//42
f  4587//130 4588//131 4589//42
f  4590//42 4591//42 4592//131
f  4593//45 4594//45 4595//130
f  4596//131 4597//130 4598//45
f  4599//46 4600//46 4601//45
f  4602//45 4603//45 4604//46
f  4605//47 4606//47 4607//46
f  4608//46 4609//46 4610//47
f  4611//47 4612//48 1619//47
f  4613//48 1621//47 4614//48
f  4615//48 4616//49 4617//48
f  4618//49 4619//48 4620//49
f  4621//132 4622//132 4623//132
f  4624//132 4625//132 4626//132
f  4627//133 4628//133 4629//133
f  4630//133 4631//133 4632//133
f  4633//134 4634//134 4635//134
f  4636//134 4637//134 4638//134
f  4639//135 4640//135 4641//135
f  4642//135 4643//135 4644//135
f  4645//136 4646//136 4647//136
f  4648//136 4649//136 4650//136
f  4651//137 4652//137 4653//137
f  4654//137 3993//137 4655//137
f  4656//137 4657//137 4658//137
f  4659//138 4660//138 4661//138
f  4662//138 4663//138 4664//138
f  4665//139 4666//139 4667//139
f  4668//139 4669//139 4670//139
f  4671//140 4672//140 4673//140
f  4674//140 4675//140 4676//140
f  4677//141 4678//141 4679//141
f  4680//141 4681//141 4682//141
f  4683//142 4684//142 4685//142
f  4686//142 4687//142 4688//142
f  4689//143 4690//143 4691//143
f  4692//143 4693//143 4694//143
f  4695//144 4696//144 4697//144
f  4698//144 4699//144 4700//144
f  4701//145 4702//145 4703//145
f  4704//145 4705//145 4706//145
f  4707//146 4708//146 4709//146
f  4710//146 4711//146 4712//146
f  4713//147 4714//147 4715//147
f  4716//147 4717//147 4718//147
f  4719//148 4720//148 4721//148
f  4722//148 4723//148 4724//148
f  4725//149 4726//149 4727//149
f  4728//149 4068//149 4729//149
f  4730//149 4731//149 4732//149
f  4733//150 4734//150 4735//150
f  4736//150 4737//150 4738//150
f  4739//151 4740//151 4741//151
f  4742//151 4743//151 4744//151
f  4745//152 4746//152 4747//152
f  4748//152 4749//152 4750//152
f  4751//153 4752//153 4753//153
f  4754//153 4755//153 4756//153
f  4757//154 4758//154 4759//154
f  4760//154 4761//154 4762//154
f  4763//155 4764//155 4765//155
f  4766//155 4767//155 4768//155
f  4769//156 4770//156 4771//156
f  4772//156 4773//156 4774//156
f  4775//156 4776//156 4777//156
f  4778//156 4779//156 4780//156
f  4781//156 4782//156 4783//156
f  4784//156 4785//156 4786//156
f  4787//156 4788//156 4789//156
f  4790//156 4791//156 4792//156
f  4793//156 4794//156 4795//156
f  4796//156 4797//156 4138//156
f  4798//156 4799//156 4800//156
f  4801//156 4802//156 4803//156
f  4145//156 4804//156 4805//156
f  4806//156 4807//156 4808//156
f  4809//156 4810//156 4811//156
f  4812//156 4813//156 4814//156
f  4815//156 4816//156 4817//156
f  4818//156 4819//156 4820//156
f  4821//156 4822//156 4823//156
f  4824//156 4825//156 4826//156
f  4827//156 4828//156 4829//156
f  4830//156 4831//156 4832//156
f  4833//157 4834//158 4835//27
f  4836//27 4837//27 4838//158
f  4839//157 4840//25 4841//158
f  4842//25 4843//158 4844//25
f  4845//25 4846//28 4847//25
f  4848//28 4849//25 4850//28
f  4851//28 4852//31 4853//28
f  4854//31 4855//28 4856//31
f  4857//40 4858//40 4859//31
f  4860//31 4861//31 4862//40
f  4863//42 4864//42 4865//40
f  4866//40 4867//40 4868//42
f  4869//159 4870//160 4871//42
f  4872//42 4873//42 4874//160
f  4875//45 4876//45 4877//159
f  4878//160 4879//159 4880//45
f  4881//46 4882//46 4883//45
f  4884//45 4885//45 4886//46
f  4887//47 4888//47 4889//46
f  4890//46 4891//46 4892//47
f  4893//47 4894//48 4895//47
f  4896//48 4897//47 4898//48
f  4899//48 4900//49 4901//48
f  4902//49 4903//48 4904//49
f  4905//49 4906//161 4907//49
f  4908//162 4909//49 4910//161
f  4911//51 4912//51 4913//161
f  4914//162 4915//161 4916//51
f  4917//52 4918//52 4919//51
f  4920//51 4921//51 4922//52
f  4923//53 4924//53 4925//52
f  4926//52 4927//52 4928//53
f  4929//53 4930//33 4931//53
f  4932//33 4933//53 4934//33
f  4935//33 4936//34 4937//33
f  4938//34 4939//33 4940//34
f  4941//34 4942//163 4943//34
f  4944//164 4945//34 4946//163
f  4947//163 4948//37 4949//164
f  4950//37 4951//164 4952//37
f  4953//37 4954//38 4955//37
f  4956//38 4957//37 4958//38
f  4959//38 4960//39 4961//38
f  4962//39 4963//38 4964//39
f  4965//30 4966//30 4967//39
f  4968//39 4969//39 4970//30
f  4971//27 4972//27 4973//30
f  4974//30 4975//30 4976//27

# Mesh 'ID101' with 73 faces
g ID101
usemtl Color_F01
f  4977//165 4978//165 4979//165
f  4980//165 4981//165 4982//165
f  4983//165 4984//165 4985//165
f  4986//165 4987//165 4988//165
f  4989//165 4990//165 4991//165
f  4992//165 4993//165 4994//165
f  4995//165 4996//165 4997//165
f  4998//165 4999//165 5000//165
f  5001//165 5002//165 5003//165
f  5004//165 5005//165 5006//165
f  5007//165 5008//165 5009//165
f  5010//165 5011//165 5012//165
f  5013//165 5014//165 5015//165
f  5016//165 5017//165 5018//165
f  5019//165 5020//165 5021//165
f  5022//165 5023//165 5024//165
f  5025//165 5026//165 5027//165
f  5028//165 5029//165 5030//165
f  5031//165 5032//165 5033//165
f  5034//165 5035//165 5036//165
f  5037//165 5038//165 5039//165
f  5040//165 5041//165 5042//165
f  5043//165 5044//165 5045//165
f  5046//165 5047//165 5048//165
f  5049//165 5050//165 5051//165
f  5052//165 5053//165 5054//165
f  5055//165 5056//165 5057//165
f  5058//165 5059//165 5060//165
f  5061//165 5062//165 5063//165
f  5064//165 5065//165 5066//165
f  5067//165 5068//165 5069//165
f  5070//165 5071//165 5072//165
f  5073//165 5074//165 5075//165
f  5076//165 5077//165 5078//165
f  5079//165 5080//165 5081//165
f  5082//165 5083//165 5084//165
f  5085//165 5086//165 5087//165
f  5088//165 5089//165 5090//165
f  5091//165 5092//165 5093//165
f  5094//165 5095//165 5096//165
f  5097//165 5098//165 5099//165
f  5100//165 5101//165 5102//165
f  5103//165 5104//165 5105//165
f  5106//165 5107//165 5108//165
f  5109//165 5110//165 5111//165
f  5112//165 5113//165 5114//165
f  5115//165 5116//165 5117//165
f  5118//165 5119//165 5120//165
f  5121//165 5122//165 5123//165
f  5124//165 5125//165 5126//165
f  5127//165 5128//165 5129//165
f  5130//165 5131//165 5132//165
f  5133//165 5134//165 5135//165
f  5136//165 5137//165 5138//165
f  5139//165 5140//165 5141//165
f  5142//165 5143//165 5144//165
f  5145//165 5146//165 5147//165
f  5148//165 5149//165 5150//165
f  5151//165 5152//165 5153//165
f  5154//165 5155//165 5156//165
f  5157//165 5158//165 5159//165
f  5160//165 5161//165 5162//165
f  5163//165 5164//165 5165//165
f  5166//165 5167//165 5168//165
f  5169//165 5170//165 5171//165
f  5172//165 5173//165 5174//165
f  5175//165 5176//165 5177//165
f  5178//165 5179//165 5180//165
f  5181//165 5182//165 5183//165
f  5184//165 5185//165 5186//165
f  5187//165 5188//165 5189//165
f  5190//165 5191//165 5192//165
f  5193//165 5194//165 5195//165

# Mesh 'ID101' with 73 faces
g ID101
usemtl material_0
f  5196//166 5197//166 5198//166
f  5199//166 5200//166 5201//166
f  5202//166 5203//166 5204//166
f  5205//166 5206//166 5207//166
f  5208//166 5209//166 5210//166
f  5211//166 5212//166 5213//166
f  5214//166 5215//166 5216//166
f  5217//166 5218//166 5219//166
f  5220//166 5221//166 5222//166
f  5223//166 5224//166 5225//166
f  5226//166 5227//166 5228//166
f  5229//166 5230//166 5231//166
f  5232//166 5233//166 5234//166
f  5235//166 5236//166 5237//166
f  5238//166 5239//166 5240//166
f  5241//166 5242//166 5243//166
f  5244//166 5245//166 5246//166
f  5247//166 5248//166 5249//166
f  5250//166 5251//166 5252//166
f  5253//166 5254//166 5255//166
f  5256//166 5257//166 5258//166
f  5259//166 5260//166 5261//166
f  5262//166 5263//166 5264//166
f  5265//166 5266//166 5267//166
f  5268//166 5269//166 5270//166
f  5271//166 5272//166 5273//166
f  5274//166 5275//166 5276//166
f  82//166 5277//166 5278//166
f  5279//166 5280//166 5281//166
f  5282//166 5283//166 5284//166
f  5285//166 5286//166 5287//166
f  5288//166 5289//166 5290//166
f  5291//166 5292//166 5293//166
f  5294//166 5295//166 5296//166
f  5297//166 5298//166 5299//166
f  5300//166 5301//166 5302//166
f  5303//166 5086//166 5304//166
f  5305//166 5306//166 5307//166
f  5308//166 5309//166 5310//166
f  5311//166 5312//166 5313//166
f  5314//166 5315//166 5316//166
f  5317//166 5318//166 5319//166
f  5320//166 5321//166 5322//166
f  5323//166 5324//166 5325//166
f  5326//166 5327//166 5328//166
f  5329//166 5330//166 5331//166
f  5332//166 5333//166 5334//166
f  5335//166 5336//166 5337//166
f  5338//166 5339//166 5340//166
f  5341//166 5342//166 5343//166
f  5344//166 5345//166 5346//166
f  5347//166 5348//166 5349//166
f  5350//166 5351//166 5352//166
f  5353//166 5354//166 5355//166
f  5356//166 5357//166 5358//166
f  5359//166 5360//166 5361//166
f  5362//166 5363//166 5364//166
f  5365//166 5366//166 5367//166
f  5368//166 5369//166 5370//166
f  5371//166 5372//166 5373//166
f  5374//166 5375//166 5376//166
f  5377//166 5378//166 5379//166
f  5380//166 5381//166 5382//166
f  5383//166 5384//166 5385//166
f  5386//166 5387//166 5388//166
f  5389//166 5390//166 5391//166
f  5392//166 5393//166 5394//166
f  5395//166 5396//166 5397//166
f  5398//166 5399//166 5400//166
f  5401//166 5402//166 5403//166
f  5404//166 5405//166 5406//166
f  5407//166 5408//166 5409//166
f  5410//166 5411//166 5412//166

# Mesh 'ID109' with 6 faces
g ID109
usemtl Color_F01
f  5413//4 5414//4 5415//4
f  5416//4 5417//4 5418//4
f  5419//4 5420//4 5421//4
f  5422//4 5423//4 5424//4
f  5425//4 5426//4 5427//4
f  5428//4 5429//4 5430//4

# Mesh 'ID109' with 6 faces
g ID109
usemtl material_0
f  5431//9 5432//9 5433//9
f  5434//9 5435//9 5436//9
f  5437//9 5438//9 5439//9
f  5440//9 5441//9 5442//9
f  5443//9 5444//9 5445//9
f  5446//9 5447//9 5448//9

# Mesh 'ID117' with 3 faces
g ID117
usemtl Color_F01
f  5449//4 5450//4 5451//4
f  5452//4 5453//4 5454//4
f  5455//4 5456//4 5457//4

# Mesh 'ID117' with 3 faces
g ID117
usemtl material_0
f  5458//9 5459//9 5460//9
f  5461//9 5453//9 5462//9
f  5463//9 5464//9 5465//9

# Mesh 'ID125' with 48 faces
g ID125
usemtl Color_F01
f  5466//9 5467//9 5468//9
f  5469//9 5470//9 5471//9
f  5472//9 5473//9 5474//9
f  5475//9 5476//9 5477//9
f  5478//9 5479//9 5480//9
f  5481//9 5482//9 5483//9
f  5484//9 5485//9 5486//9
f  5487//9 5488//9 5489//9
f  5490//9 5491//9 5492//9
f  5493//9 5494//9 5495//9
f  5496//9 5497//9 5498//9
f  5499//9 5500//9 5501//9
f  5502//9 5503//9 5504//9
f  5505//9 5506//9 5507//9
f  5508//9 5509//9 5510//9
f  5511//9 5512//9 5513//9
f  5514//9 5515//9 5516//9
f  5517//9 5518//9 5519//9
f  5520//9 5521//9 5522//9
f  5523//9 5524//9 5525//9
f  5526//9 5527//9 5528//9
f  5529//9 5530//9 5531//9
f  5532//9 5533//9 5534//9
f  5535//9 5536//9 5537//9
f  5538//9 5539//9 5540//9
f  5541//9 5542//9 5543//9
f  5544//9 5545//9 5546//9
f  5547//9 5548//9 5549//9
f  5550//9 5551//9 5552//9
f  5553//9 5554//9 5555//9
f  5556//9 5557//9 5558//9
f  5559//9 5560//9 5561//9
f  5562//9 5563//9 5564//9
f  5565//9 5566//9 5567//9
f  5568//9 5569//9 5570//9
f  5571//9 5572//9 5573//9
f  5574//9 5575//9 5576//9
f  5577//9 5578//9 5579//9
f  5580//9 5581//9 5582//9
f  5583//9 5584//9 5585//9
f  5586//9 5587//9 5588//9
f  5589//9 5590//9 5591//9
f  5592//9 5593//9 5594//9
f  5595//9 5596//9 5597//9
f  5598//9 5599//9 5600//9
f  5601//9 5602//9 5603//9
f  5604//9 5605//9 5606//9
f  5607//9 5608//9 5609//9

# Mesh 'ID125' with 48 faces
g ID125
usemtl material_0
f  5610//4 5611//4 5612//4
f  5613//4 5614//4 5615//4
f  5616//4 5617//4 5618//4
f  5619//4 5620//4 5621//4
f  5622//4 5623//4 5624//4
f  5625//4 5626//4 5627//4
f  5628//4 5629//4 5630//4
f  5631//4 5632//4 5633//4
f  5634//4 5635//4 5636//4
f  5637//4 5638//4 5639//4
f  5640//4 5641//4 5642//4
f  5643//4 5644//4 5645//4
f  5646//4 5647//4 5648//4
f  5649//4 5650//4 5651//4
f  5652//4 5653//4 5654//4
f  5655//4 5656//4 5657//4
f  5658//4 5659//4 5660//4
f  5661//4 5662//4 5663//4
f  5664//4 5665//4 5666//4
f  5667//4 5668//4 5669//4
f  5670//4 5671//4 5672//4
f  5673//4 5674//4 5675//4
f  5676//4 5677//4 5678//4
f  5679//4 5680//4 5681//4
f  5682//4 5683//4 5684//4
f  5685//4 5686//4 5687//4
f  5688//4 5689//4 5690//4
f  5691//4 5692//4 5693//4
f  5694//4 5695//4 5696//4
f  5697//4 5698//4 5699//4
f  5700//4 5701//4 5702//4
f  5703//4 5704//4 5705//4
f  5706//4 5707//4 5708//4
f  5709//4 5710//4 5711//4
f  5712//4 5713//4 5714//4
f  5715//4 5716//4 5717//4
f  5718//4 5719//4 5720//4
f  5721//4 5722//4 5723//4
f  5724//4 5725//4 5726//4
f  5727//4 5728//4 5729//4
f  5730//4 5731//4 5732//4
f  5733//4 5734//4 5735//4
f  5736//4 5737//4 5738//4
f  5739//4 5740//4 5741//4
f  5742//4 5743//4 5744//4
f  5745//4 5746//4 5747//4
f  5748//4 5749//4 5750//4
f  5751//4 5752//4 5753//4

# Mesh 'ID135' with 48 faces
g ID135
usemtl Color_F01
f  5754//9 5755//9 5756//9
f  5757//9 5758//9 5759//9
f  5760//9 5761//9 5762//9
f  5763//9 5764//9 5765//9
f  5766//9 5767//9 5768//9
f  5769//9 5770//9 5771//9
f  5772//9 5773//9 5774//9
f  5775//9 5776//9 5777//9
f  5778//9 5779//9 5780//9
f  5781//9 5782//9 5783//9
f  5784//9 5785//9 5786//9
f  5787//9 5788//9 5789//9
f  5790//9 5791//9 5792//9
f  5793//9 5794//9 5795//9
f  5796//9 5797//9 5798//9
f  5799//9 5800//9 5801//9
f  5802//9 5803//9 5804//9
f  5805//9 5806//9 5807//9
f  5808//9 5809//9 5810//9
f  5811//9 5812//9 5813//9
f  5814//9 5815//9 5816//9
f  5817//9 5818//9 5819//9
f  5820//9 5821//9 5822//9
f  5823//9 5824//9 5825//9
f  5826//9 5827//9 5828//9
f  5829//9 5830//9 5831//9
f  5832//9 5833//9 5834//9
f  5835//9 5836//9 5837//9
f  5838//9 5839//9 5840//9
f  5841//9 5842//9 5843//9
f  5844//9 5845//9 5846//9
f  5847//9 5848//9 5849//9
f  5850//9 5851//9 5852//9
f  5853//9 5854//9 5855//9
f  5856//9 5857//9 5858//9
f  5859//9 5860//9 5861//9
f  5862//9 5863//9 5864//9
f  5865//9 5866//9 5867//9
f  5868//9 5869//9 5870//9
f  5871//9 5872//9 5873//9
f  5874//9 5875//9 5876//9
f  5877//9 5878//9 5879//9
f  5880//9 5881//9 5882//9
f  5883//9 5884//9 5885//9
f  5886//9 5887//9 5888//9
f  5889//9 5890//9 5891//9
f  5892//9 5893//9 5894//9
f  5895//9 5896//9 5897//9

# Mesh 'ID135' with 48 faces
g ID135
usemtl material_0
f  5898//4 5899//4 5900//4
f  5901//4 5902//4 5903//4
f  5904//4 5905//4 5906//4
f  5907//4 5908//4 5909//4
f  5910//4 5911//4 5912//4
f  5913//4 5914//4 5915//4
f  5916//4 5917//4 5918//4
f  5919//4 5920//4 5921//4
f  5922//4 5923//4 5924//4
f  5925//4 5926//4 5927//4
f  5928//4 5929//4 5930//4
f  5931//4 5932//4 5933//4
f  5934//4 5935//4 5936//4
f  5937//4 5938//4 5939//4
f  5940//4 5941//4 5942//4
f  5943//4 5944//4 5945//4
f  5946//4 5947//4 5948//4
f  5949//4 5950//4 5951//4
f  5952//4 5953//4 5954//4
f  5955//4 5956//4 5957//4
f  5958//4 5959//4 5960//4
f  5961//4 5962//4 5963//4
f  5964//4 5965//4 5966//4
f  5967//4 5968//4 5969//4
f  5970//4 5971//4 5972//4
f  5973//4 5974//4 5975//4
f  5976//4 5977//4 5978//4
f  5979//4 5980//4 5981//4
f  5982//4 5983//4 5984//4
f  5985//4 5986//4 5987//4
f  5988//4 5989//4 5990//4
f  5991//4 5992//4 5993//4
f  5994//4 5995//4 5996//4
f  5997//4 5998//4 5999//4
f  6000//4 6001//4 6002//4
f  6003//4 6004//4 6005//4
f  6006//4 6007//4 6008//4
f  6009//4 6010//4 6011//4
f  6012//4 6013//4 6014//4
f  6015//4 6016//4 6017//4
f  6018//4 6019//4 6020//4
f  6021//4 6022//4 6023//4
f  6024//4 6025//4 6026//4
f  6027//4 6028//4 6029//4
f  6030//4 6031//4 6032//4
f  6033//4 6034//4 6035//4
f  6036//4 6037//4 6038//4
f  6039//4 6040//4 6041//4

# Mesh 'ID143' with 48 faces
g ID143
usemtl Color_000
f  6042//9 6043//9 6044//9
f  6045//9 6046//9 6047//9
f  6048//9 6049//9 6050//9
f  6051//9 6052//9 6053//9
f  6054//9 6055//9 6056//9
f  6057//9 6058//9 6059//9
f  6060//9 6061//9 6062//9
f  6063//9 6064//9 6065//9
f  6066//9 6067//9 6068//9
f  6069//9 6070//9 6071//9
f  6072//9 6073//9 6074//9
f  6075//9 6076//9 6077//9
f  6078//9 6079//9 6080//9
f  6081//9 6082//9 6083//9
f  6084//9 6085//9 6086//9
f  6087//9 6088//9 6089//9
f  6090//9 6091//9 6092//9
f  6093//9 6094//9 6095//9
f  6096//9 6097//9 6098//9
f  6099//9 6100//9 6101//9
f  6102//9 6103//9 6104//9
f  6105//9 6106//9 6107//9
f  6108//9 6109//9 6110//9
f  6111//9 6112//9 6113//9
f  6114//9 6115//9 6116//9
f  6117//9 6118//9 6119//9
f  6120//9 6121//9 6122//9
f  6123//9 6124//9 6125//9
f  6126//9 6127//9 6128//9
f  6129//9 6130//9 6131//9
f  6132//9 6133//9 6134//9
f  6135//9 6136//9 6137//9
f  6138//9 6139//9 6140//9
f  6141//9 6142//9 6143//9
f  6144//9 6145//9 6146//9
f  6147//9 6148//9 6149//9
f  6150//9 6151//9 6152//9
f  6153//9 6154//9 6155//9
f  6156//9 6157//9 6158//9
f  6159//9 6160//9 6161//9
f  6162//9 6163//9 6164//9
f  6165//9 6166//9 6167//9
f  6168//9 6169//9 6170//9
f  6171//9 6172//9 6173//9
f  6174//9 6175//9 6176//9
f  6177//9 6178//9 6179//9
f  6180//9 6181//9 6182//9
f  6183//9 6184//9 6185//9

# Mesh 'ID143' with 48 faces
g ID143
usemtl material_0
f  6186//4 6187//4 6188//4
f  6189//4 6190//4 6191//4
f  6192//4 6193//4 6194//4
f  6195//4 6196//4 6197//4
f  6198//4 6199//4 6200//4
f  6201//4 6202//4 6203//4
f  6204//4 6205//4 6206//4
f  6207//4 6208//4 6209//4
f  6210//4 6211//4 6212//4
f  6213//4 6214//4 6215//4
f  6216//4 6217//4 6218//4
f  6219//4 6220//4 6221//4
f  6222//4 6223//4 6224//4
f  6225//4 6226//4 6227//4
f  6228//4 6229//4 6230//4
f  6231//4 6232//4 6233//4
f  6234//4 6235//4 6236//4
f  6237//4 6238//4 6239//4
f  6240//4 6241//4 6242//4
f  6243//4 6244//4 6245//4
f  6246//4 6247//4 6248//4
f  6249//4 6250//4 6251//4
f  6252//4 6253//4 6254//4
f  6255//4 6256//4 6257//4
f  6258//4 6259//4 6260//4
f  6261//4 6262//4 6263//4
f  6264//4 6265//4 6266//4
f  6267//4 6268//4 6269//4
f  6270//4 6271//4 6272//4
f  6273//4 6274//4 6275//4
f  6276//4 6277//4 6278//4
f  6279//4 6280//4 6281//4
f  6282//4 6283//4 6284//4
f  6285//4 6286//4 6287//4
f  6288//4 6289//4 6290//4
f  6291//4 6292//4 6293//4
f  6294//4 6295//4 6296//4
f  6297//4 6298//4 6299//4
f  6300//4 6301//4 6302//4
f  6303//4 6304//4 6305//4
f  6306//4 6307//4 6308//4
f  6309//4 6310//4 6311//4
f  6312//4 6313//4 6314//4
f  6315//4 6316//4 6317//4
f  6318//4 6319//4 6320//4
f  6321//4 6322//4 6323//4
f  6324//4 6325//4 6326//4
f  6327//4 6328//4 6329//4

# Mesh 'ID151' with 48 faces
g ID151
usemtl Color_000
f  6330//9 6331//9 6332//9
f  6333//9 6334//9 6335//9
f  6336//9 6337//9 6338//9
f  6339//9 6340//9 6341//9
f  6342//9 6343//9 6344//9
f  6345//9 6346//9 6347//9
f  6348//9 6349//9 6350//9
f  6351//9 6352//9 6353//9
f  6354//9 6355//9 6356//9
f  6357//9 6358//9 6359//9
f  6360//9 6361//9 6362//9
f  6363//9 6364//9 6365//9
f  6366//9 6367//9 6368//9
f  6369//9 6370//9 6371//9
f  6372//9 6373//9 6374//9
f  6375//9 6376//9 6377//9
f  6378//9 6379//9 6380//9
f  6381//9 6382//9 6383//9
f  6384//9 6385//9 6386//9
f  6387//9 6388//9 6389//9
f  6390//9 6391//9 6392//9
f  6393//9 6394//9 6395//9
f  6396//9 6397//9 6398//9
f  6399//9 6400//9 6401//9
f  6402//9 6403//9 6404//9
f  6405//9 6406//9 6407//9
f  6408//9 6409//9 6410//9
f  6411//9 6412//9 6413//9
f  6414//9 6415//9 6416//9
f  6417//9 6418//9 6419//9
f  6420//9 6421//9 6422//9
f  6423//9 6424//9 6425//9
f  6426//9 6427//9 6428//9
f  6429//9 6430//9 6431//9
f  6432//9 6433//9 6434//9
f  6435//9 6436//9 6437//9
f  6438//9 6439//9 6440//9
f  6441//9 6442//9 6443//9
f  6444//9 6445//9 6446//9
f  6447//9 6448//9 6449//9
f  6450//9 6451//9 6452//9
f  6453//9 6454//9 6455//9
f  6456//9 6457//9 6458//9
f  6459//9 6460//9 6461//9
f  6462//9 6463//9 6464//9
f  6465//9 6466//9 6467//9
f  6468//9 6469//9 6470//9
f  6471//9 6472//9 6473//9

# Mesh 'ID151' with 48 faces
g ID151
usemtl material_0
f  6474//4 6475//4 6476//4
f  6477//4 6478//4 6479//4
f  6480//4 6481//4 6482//4
f  6483//4 6484//4 6485//4
f  6486//4 6487//4 6488//4
f  6489//4 6490//4 6491//4
f  6492//4 6493//4 6494//4
f  6495//4 6496//4 6497//4
f  6498//4 6499//4 6500//4
f  6501//4 6502//4 6503//4
f  6504//4 6505//4 6506//4
f  6507//4 6508//4 6509//4
f  6510//4 6511//4 6512//4
f  6513//4 6514//4 6515//4
f  6516//4 6517//4 6518//4
f  6519//4 6520//4 6521//4
f  6522//4 6523//4 6524//4
f  6525//4 6526//4 6527//4
f  6528//4 6529//4 6530//4
f  6531//4 6532//4 6533//4
f  6534//4 6535//4 6536//4
f  6537//4 6538//4 6539//4
f  6540//4 6541//4 6542//4
f  6543//4 6544//4 6545//4
f  6546//4 6547//4 6548//4
f  6549//4 6550//4 6551//4
f  6552//4 6553//4 6554//4
f  6555//4 6556//4 6557//4
f  6558//4 6559//4 6560//4
f  6561//4 6562//4 6563//4
f  6564//4 6565//4 6566//4
f  6567//4 6568//4 6569//4
f  6570//4 6571//4 6572//4
f  6573//4 6574//4 6575//4
f  6576//4 6577//4 6578//4
f  6579//4 6580//4 6581//4
f  6582//4 6583//4 6584//4
f  6585//4 6586//4 6587//4
f  6588//4 6589//4 6590//4
f  6591//4 6592//4 6593//4
f  6594//4 6595//4 6596//4
f  6597//4 6598//4 6599//4
f  6600//4 6601//4 6602//4
f  6603//4 6604//4 6605//4
f  6606//4 6607//4 6608//4
f  6609//4 6610//4 6611//4
f  6612//4 6613//4 6614//4
f  6615//4 6616//4 6617//4

# Mesh 'ID159' with 22 faces
g ID159
usemtl Color_F01
f  6618//9 6619//9 6620//9
f  6621//9 6622//9 6623//9
f  6624//9 6625//9 6626//9
f  6627//9 6628//9 6341//9
f  6629//9 6630//9 6631//9
f  6632//9 6633//9 6634//9
f  6635//9 6636//9 6637//9
f  6638//9 6639//9 6640//9
f  6641//9 6642//9 6643//9
f  6501//9 6644//9 6645//9
f  6646//9 6647//9 6648//9
f  6649//9 6650//9 6651//9
f  6652//9 6653//9 6654//9
f  6655//9 6656//9 6657//9
f  6658//9 6659//9 6660//9
f  6661//9 6662//9 6663//9
f  6664//9 6665//9 6666//9
f  6667//9 6668//9 6669//9
f  6670//9 6671//9 6672//9
f  6673//9 6674//9 6675//9
f  6676//9 6677//9 6678//9
f  6679//9 6680//9 6681//9

# Mesh 'ID159' with 22 faces
g ID159
usemtl material_0
f  6474//4 6682//4 6683//4
f  6477//4 6684//4 6685//4
f  6686//4 6687//4 6688//4
f  6483//4 6689//4 6690//4
f  6691//4 6692//4 6693//4
f  6694//4 6695//4 6696//4
f  6697//4 6698//4 6699//4
f  6700//4 6701//4 6702//4
f  6703//4 6704//4 6705//4
f  6706//4 6707//4 6645//4
f  6360//4 6708//4 6709//4
f  6710//4 6711//4 6712//4
f  6652//4 6713//4 6714//4
f  6715//4 6716//4 6717//4
f  6718//4 6719//4 6720//4
f  6721//4 6722//4 6723//4
f  6724//4 6725//4 6726//4
f  6727//4 6728//4 6729//4
f  6730//4 6731//4 6732//4
f  6733//4 6734//4 6735//4
f  6736//4 6737//4 6738//4
f  6739//4 6740//4 6741//4

# Mesh 'ID167' with 22 faces
g ID167
usemtl Color_F01
f  6742//9 6743//9 6744//9
f  6745//9 6746//9 6747//9
f  6748//9 6749//9 6750//9
f  6751//9 6752//9 6053//9
f  6753//9 6754//9 6755//9
f  6756//9 6757//9 6758//9
f  6759//9 6760//9 6761//9
f  6762//9 6763//9 6764//9
f  6765//9 6766//9 6767//9
f  6213//9 6768//9 6769//9
f  6770//9 6771//9 6772//9
f  6773//9 6774//9 6775//9
f  6776//9 6777//9 6778//9
f  6779//9 6780//9 6781//9
f  6782//9 6783//9 6784//9
f  6785//9 6786//9 6787//9
f  6788//9 6789//9 6790//9
f  6791//9 6792//9 6793//9
f  6794//9 6795//9 6796//9
f  6797//9 6798//9 6799//9
f  6800//9 6801//9 6802//9
f  6803//9 6804//9 6805//9

# Mesh 'ID167' with 22 faces
g ID167
usemtl material_0
f  6186//4 6806//4 6807//4
f  6189//4 6808//4 6809//4
f  6810//4 6811//4 6812//4
f  6195//4 6813//4 6814//4
f  6815//4 6816//4 6817//4
f  6818//4 6819//4 6820//4
f  6821//4 6822//4 6823//4
f  6824//4 6825//4 6826//4
f  6827//4 6828//4 6829//4
f  6830//4 6831//4 6769//4
f  6072//4 6832//4 6833//4
f  6834//4 6835//4 6836//4
f  6776//4 6837//4 6838//4
f  6839//4 6840//4 6841//4
f  6842//4 6843//4 6844//4
f  6845//4 6846//4 6847//4
f  6848//4 6849//4 6850//4
f  6851//4 6852//4 6853//4
f  6854//4 6855//4 6856//4
f  6857//4 6858//4 6859//4
f  6860//4 6861//4 6862//4
f  6863//4 6864//4 6865//4

# Mesh 'ID175' with 26 faces
g ID175
usemtl Color_F01
f  6866//9 6867//9 6868//9
f  6869//9 6870//9 6871//9
f  6872//9 6873//9 6874//9
f  6875//9 6876//9 6877//9
f  6878//9 6879//9 6880//9
f  6881//9 6882//9 6883//9
f  6884//9 6885//9 6886//9
f  6887//9 6888//9 6889//9
f  6890//9 6891//9 6892//9
f  6893//9 6894//9 6895//9
f  6896//9 6897//9 6898//9
f  6899//9 6900//9 6901//9
f  6902//9 6903//9 6904//9
f  6905//9 6906//9 6907//9
f  6908//9 6909//9 6910//9
f  6911//9 6912//9 6913//9
f  6914//9 6915//9 6916//9
f  6917//9 6918//9 6919//9
f  6920//9 6921//9 6922//9
f  6923//9 6924//9 6925//9
f  6926//9 6927//9 6928//9
f  6929//9 6930//9 6931//9
f  6932//9 6933//9 6934//9
f  6935//9 6936//9 6937//9
f  6938//9 6939//9 6940//9
f  6941//9 6942//9 6943//9

# Mesh 'ID175' with 26 faces
g ID175
usemtl material_0
f  6944//4 6945//4 6946//4
f  6947//4 6948//4 6949//4
f  6950//4 6951//4 6952//4
f  6953//4 6954//4 6955//4
f  6956//4 6957//4 6958//4
f  6959//4 6960//4 6961//4
f  6962//4 6963//4 6964//4
f  6965//4 6966//4 6967//4
f  6968//4 6969//4 6970//4
f  6971//4 6972//4 6973//4
f  6974//4 6975//4 6976//4
f  6977//4 6978//4 6979//4
f  6980//4 6981//4 6982//4
f  6983//4 6984//4 6985//4
f  6986//4 6987//4 6988//4
f  6989//4 6990//4 6991//4
f  6992//4 6993//4 6994//4
f  6995//4 6996//4 6997//4
f  6998//4 6999//4 7000//4
f  7001//4 7002//4 7003//4
f  7004//4 7005//4 7006//4
f  7007//4 7008//4 7009//4
f  7010//4 7011//4 7012//4
f  7013//4 7014//4 7015//4
f  7016//4 7017//4 7018//4
f  7019//4 7020//4 7021//4

# Mesh 'ID183' with 95 faces
g ID183
usemtl Color_000
f  7022//9 7023//9 7024//9
f  7025//9 7026//9 7027//9
f  7028//9 7029//9 7030//9
f  7031//9 7032//9 7033//9
f  7034//9 7035//9 7036//9
f  7037//9 7038//9 7039//9
f  7040//9 7041//9 7042//9
f  7043//9 6888//9 7044//9
f  7045//9 7046//9 7047//9
f  7048//9 7049//9 7050//9
f  7051//9 7052//9 7053//9
f  7054//9 7055//9 7056//9
f  7057//9 7058//9 7059//9
f  7060//9 7061//9 7062//9
f  7063//9 7064//9 7065//9
f  7066//9 7067//9 7068//9
f  7069//9 7070//9 7071//9
f  7072//9 7073//9 7074//9
f  7075//9 7076//9 7077//9
f  7078//9 7079//9 7080//9
f  7081//9 7082//9 7083//9
f  7084//9 7085//9 7086//9
f  7087//9 7088//9 7089//9
f  7090//9 7091//9 5537//9
f  7092//9 7093//9 7094//9
f  7095//9 7096//9 7097//9
f  7098//9 7099//9 7100//9
f  7101//9 7102//9 7103//9
f  7104//9 7105//9 7106//9
f  7107//9 7108//9 7109//9
f  7110//9 7111//9 7112//9
f  7113//9 7114//9 7115//9
f  7116//9 7117//9 7118//9
f  7119//9 7120//9 7121//9
f  7122//9 7123//9 7124//9
f  7125//9 7126//9 7127//9
f  7128//9 7129//9 7130//9
f  7131//9 7132//9 7133//9
f  7134//9 7135//9 7136//9
f  7137//9 7138//9 7139//9
f  7140//9 7141//9 7142//9
f  7143//9 7144//9 5591//9
f  7145//9 7146//9 7147//9
f  7148//9 7149//9 7150//9
f  7151//9 7152//9 7153//9
f  7154//9 7155//9 7156//9
f  7157//9 7158//9 7159//9
f  7160//9 7161//9 7162//9
f  7163//9 7164//9 7165//9
f  7166//9 7167//9 7168//9
f  7169//9 7170//9 7171//9
f  7172//9 7173//9 7174//9
f  7175//9 7176//9 7177//9
f  7178//9 7179//9 7180//9
f  7181//9 7182//9 7183//9
f  7184//9 7185//9 7186//9
f  7187//9 7188//9 7189//9
f  7190//9 7191//9 7192//9
f  7193//9 7194//9 7195//9
f  7196//9 7197//9 7198//9
f  7199//9 7200//9 7201//9
f  7202//9 7203//9 7204//9
f  7205//9 7206//9 7207//9
f  7208//9 7209//9 7210//9
f  7211//9 7212//9 7213//9
f  7214//9 7215//9 7216//9
f  7217//9 7218//9 7219//9
f  7220//9 7221//9 7222//9
f  7223//9 7224//9 7225//9
f  7226//9 7227//9 7228//9
f  7229//9 7230//9 7231//9
f  7232//9 7233//9 7234//9
f  7235//9 7236//9 7237//9
f  7238//9 7239//9 7240//9
f  7241//9 7242//9 7243//9
f  7244//9 7245//9 7246//9
f  7247//9 7248//9 7249//9
f  7250//9 7251//9 7252//9
f  7253//9 7254//9 7255//9
f  7256//9 7257//9 7258//9
f  7259//9 7260//9 7261//9
f  7262//9 7263//9 7264//9
f  7265//9 7266//9 7267//9
f  7268//9 7269//9 7270//9
f  7271//9 7272//9 7273//9
f  7274//9 7275//9 7276//9
f  7277//9 7278//9 7279//9
f  7280//9 7281//9 7282//9
f  7283//9 7284//9 7285//9
f  7286//9 7287//9 7288//9
f  7289//9 7290//9 7291//9
f  7292//9 7293//9 7294//9
f  7295//9 7296//9 7297//9
f  7298//9 7299//9 7300//9
f  7301//9 7302//9 7303//9

# Mesh 'ID183' with 95 faces
g ID183
usemtl material_0
f  6944//4 7304//4 7305//4
f  7306//4 7307//4 7308//4
f  7309//4 7310//4 7311//4
f  7312//4 7313//4 7314//4
f  7315//4 7316//4 7317//4
f  7318//4 7319//4 7320//4
f  7321//4 7322//4 7323//4
f  7324//4 7325//4 7326//4
f  7327//4 7328//4 7329//4
f  7330//4 7331//4 7332//4
f  7333//4 7334//4 7335//4
f  7336//4 7337//4 7338//4
f  7339//4 7340//4 7341//4
f  7342//4 7343//4 7344//4
f  7345//4 7346//4 7347//4
f  7348//4 7349//4 7350//4
f  7351//4 7352//4 7353//4
f  7354//4 7355//4 7356//4
f  7357//4 7358//4 7359//4
f  7360//4 7361//4 7362//4
f  7363//4 7364//4 7365//4
f  7366//4 7367//4 7368//4
f  7369//4 7370//4 7371//4
f  7372//4 7373//4 7374//4
f  7375//4 7376//4 7377//4
f  7378//4 7379//4 7380//4
f  7381//4 7382//4 7383//4
f  7384//4 7385//4 7386//4
f  7387//4 7388//4 7389//4
f  7390//4 7391//4 7392//4
f  7393//4 7394//4 7395//4
f  7396//4 7397//4 7398//4
f  5850//4 7399//4 7400//4
f  7401//4 7402//4 7403//4
f  7404//4 7405//4 7406//4
f  7407//4 7408//4 7409//4
f  7410//4 7411//4 7412//4
f  7413//4 7414//4 7415//4
f  7416//4 7417//4 7418//4
f  7419//4 7420//4 7421//4
f  7422//4 7423//4 7424//4
f  7425//4 7426//4 7427//4
f  7428//4 7429//4 7430//4
f  7431//4 7432//4 7433//4
f  7434//4 7435//4 7436//4
f  7437//4 7438//4 7439//4
f  7440//4 7441//4 7442//4
f  7443//4 7161//4 7444//4
f  7445//4 7446//4 7447//4
f  7448//4 7449//4 7450//4
f  7451//4 7452//4 7453//4
f  7454//4 7455//4 7456//4
f  7457//4 7458//4 7459//4
f  7460//4 7461//4 7462//4
f  7463//4 7464//4 7465//4
f  7466//4 7467//4 7468//4
f  7469//4 7470//4 7471//4
f  7472//4 7473//4 7474//4
f  7475//4 7476//4 7477//4
f  7478//4 7479//4 7480//4
f  7481//4 7482//4 7483//4
f  7484//4 7485//4 7486//4
f  7487//4 7488//4 7489//4
f  7490//4 7491//4 7492//4
f  7493//4 7494//4 7495//4
f  7496//4 7497//4 7498//4
f  7499//4 7500//4 7501//4
f  7502//4 7503//4 7504//4
f  7505//4 7506//4 7507//4
f  7508//4 7509//4 7510//4
f  7511//4 7512//4 7513//4
f  7514//4 7515//4 7516//4
f  7517//4 7518//4 7519//4
f  7520//4 7521//4 7522//4
f  7523//4 7524//4 7525//4
f  7526//4 7527//4 7528//4
f  7529//4 7530//4 7531//4
f  7532//4 7533//4 7534//4
f  7535//4 7536//4 7537//4
f  7538//4 7539//4 7540//4
f  7541//4 7542//4 7543//4
f  7544//4 7545//4 7546//4
f  7547//4 7548//4 7549//4
f  7550//4 7551//4 7552//4
f  7553//4 7554//4 7555//4
f  7556//4 7557//4 7558//4
f  7559//4 7560//4 7561//4
f  7562//4 7563//4 7564//4
f  7565//4 7566//4 7567//4
f  7568//4 7569//4 7570//4
f  7571//4 7572//4 7573//4
f  7574//4 7575//4 7576//4
f  7577//4 7578//4 7579//4
f  7580//4 7581//4 7582//4
f  7583//4 7584//4 7585//4

# Mesh 'ID5' with 368 faces
g ID5
usemtl Color_E15
f  7586//167 7587//167 7588//167
f  7589//167 7590//167 7591//167
f  7592//167 7593//167 7594//167
f  7595//167 7596//167 7597//167
f  7598//167 7599//167 7600//167
f  7601//167 7602//167 7603//167
f  7604//167 7605//167 7606//167
f  7607//167 7608//167 7609//167
f  7610//167 7611//167 7612//167
f  7613//167 7614//167 7615//167
f  7616//167 7617//167 7618//167
f  7619//167 7620//167 7621//167
f  7622//167 7623//167 7624//167
f  7625//167 7626//167 7627//167
f  7628//167 7629//167 7630//167
f  7631//167 7632//167 7633//167
f  7634//167 7635//167 7636//167
f  7637//167 7638//167 7639//167
f  7640//167 7641//167 7642//167
f  7643//167 7644//167 7645//167
f  7646//167 7647//167 7648//167
f  7649//167 7650//167 7651//167
f  7652//167 7653//167 7654//167
f  7655//167 7656//167 7657//167
f  7658//167 7659//167 7660//167
f  7661//167 7662//167 7663//167
f  7664//167 7665//167 7666//167
f  7667//167 7668//167 7669//167
f  7670//167 7671//167 7672//167
f  7673//167 7674//167 7675//167
f  7676//167 7677//167 7678//167
f  7679//167 7680//167 7681//167
f  7682//167 7683//167 7684//167
f  7685//167 7686//167 7687//167
f  7688//167 7689//167 7690//167
f  7691//167 7692//167 7693//167
f  7694//167 7695//167 7696//167
f  7697//167 7698//167 7699//167
f  7700//167 7701//167 7702//167
f  7703//167 7704//167 7705//167
f  7706//167 7707//167 7708//167
f  7709//167 7710//167 7711//167
f  7712//167 7713//167 7714//167
f  7715//167 7716//167 7717//167
f  7718//167 7719//167 7720//167
f  7721//168 7722//168 7723//168
f  7724//168 7725//168 7726//168
f  7727//168 7728//168 7729//168
f  7730//168 7731//168 7732//168
f  7733//168 7734//168 7735//168
f  7736//168 7737//168 7738//168
f  7739//168 7740//168 7741//168
f  7742//168 7743//168 7744//168
f  7745//168 7746//168 7747//168
f  7748//168 7749//168 7750//168
f  7751//168 7752//168 7753//168
f  7754//168 7755//168 7756//168
f  7757//168 7758//168 7759//168
f  7760//168 7761//168 7762//168
f  7763//168 7764//168 7765//168
f  7766//168 7767//168 7768//168
f  7769//168 7770//168 7771//168
f  7772//168 7773//168 7774//168
f  7775//168 7776//168 7777//168
f  7778//168 7779//168 7780//168
f  7781//168 7782//168 7783//168
f  7784//168 7785//168 7786//168
f  7787//168 7788//168 7789//168
f  7790//168 7791//168 7792//168
f  7793//168 7794//168 7795//168
f  7796//168 7797//168 7798//168
f  7799//168 7800//168 7801//168
f  7802//168 7803//168 7804//168
f  7805//168 7806//168 7807//168
f  7808//168 7809//168 7810//168
f  7811//168 7812//168 7813//168
f  7814//168 7815//168 7816//168
f  7817//168 7818//168 7819//168
f  7820//168 7821//168 7822//168
f  7823//168 7824//168 7825//168
f  7826//168 7827//168 7828//168
f  7829//168 7830//168 7831//168
f  7832//168 7833//168 7834//168
f  7835//168 7836//168 7837//168
f  7838//168 7839//168 7840//168
f  7841//168 7842//168 7843//168
f  7844//168 7845//168 7846//168
f  7847//168 7848//168 7849//168
f  7850//168 7851//168 7852//168
f  7853//168 7854//168 7855//168
f  7856//169 7857//170 7858//170
f  7859//170 7860//169 7861//169
f  7862//171 7863//171 7864//172
f  7865//172 7866//172 7867//171
f  7868//173 7869//169 7870//169
f  7871//169 7872//173 7873//173
f  7874//174 7875//174 7876//171
f  7877//171 7878//171 7879//174
f  7880//175 7881//173 7882//173
f  7883//173 7884//175 7885//175
f  7886//176 7887//176 7888//174
f  7889//174 7890//174 7891//176
f  7892//177 7893//178 7894//177
f  7895//178 7896//177 7897//178
f  7898//179 7899//180 7900//179
f  7901//180 7902//179 7903//180
f  7904//178 7905//181 7906//178
f  7907//181 7908//178 7909//181
f  7910//182 7911//179 7912//182
f  7913//179 7914//182 7915//179
f  7916//181 7917//183 7918//181
f  7919//183 7920//181 7921//183
f  7922//184 7923//182 7924//184
f  7925//182 7926//184 7927//182
f  7928//183 7929//185 7930//183
f  7931//185 7932//183 7933//185
f  7934//186 7935//184 7936//186
f  7937//184 7938//186 7939//184
f  7940//187 7941//187 7942//187
f  7943//187 7944//187 7945//187
f  7946//188 7947//188 7948//188
f  7949//188 7950//188 7951//188
f  7952//189 7953//190 7954//190
f  7955//190 7956//189 7957//189
f  7958//191 7959//191 7960//192
f  7961//192 7962//192 7963//191
f  7964//190 7965//193 7966//193
f  7967//193 7968//190 7969//190
f  7970//192 7971//192 7972//194
f  7973//194 7974//194 7975//192
f  7976//193 7977//195 7978//195
f  7979//195 7980//193 7981//193
f  7982//194 7983//194 7984//196
f  7985//196 7986//196 7987//194
f  7988//195 7989//197 7990//197
f  7991//197 7992//195 7993//195
f  7994//196 7995//196 7996//198
f  7997//198 7998//198 7999//196
f  8000//199 8001//200 8002//199
f  8003//200 8004//199 8005//200
f  8006//201 8007//202 8008//201
f  8009//202 8010//201 8011//202
f  8012//200 8013//203 8014//200
f  8015//203 8016//200 8017//203
f  8018//204 8019//201 8020//204
f  8021//201 8022//204 8023//201
f  8024//205 8025//203 8026//203
f  8027//203 8028//205 8029//205
f  8030//206 8031//206 8032//204
f  8033//204 8034//204 8035//206
f  8036//207 8037//205 8038//205
f  8039//205 8040//207 8041//207
f  8042//208 8043//208 8044//206
f  8045//206 8046//206 8047//208
f  8048//209 8049//210 8050//209
f  8051//210 8052//209 8053//210
f  8054//211 8055//212 8056//211
f  8057//212 8058//211 8059//212
f  8060//210 8061//213 8062//210
f  8063//213 8064//210 8065//213
f  8066//214 8067//211 8068//214
f  8069//211 8070//214 8071//211
f  8072//213 8073//215 8074//213
f  8075//215 8076//213 8077//215
f  8078//216 8079//214 8080//216
f  8081//214 8082//216 8083//214
f  8084//176 8085//176 8086//176
f  8087//176 8088//176 8089//176
f  8090//175 8091//175 8092//175
f  8093//175 8094//175 8095//175
f  8096//217 8097//218 8098//217
f  8099//218 8100//217 8101//218
f  8102//219 8103//220 8104//219
f  8105//220 8106//219 8107//220
f  8108//218 8109//221 8110//218
f  8111//221 8112//218 8113//221
f  8114//222 8115//219 8116//222
f  8117//219 8118//222 8119//219
f  8120//221 8121//223 8122//221
f  8123//223 8124//221 8125//223
f  8126//224 8127//222 8128//224
f  8129//222 8130//224 8131//222
f  8132//223 8133//225 8134//223
f  8135//225 8136//223 8137//225
f  8138//226 8139//224 8140//226
f  8141//224 8142//226 8143//224
f  8144//227 8145//228 8146//228
f  8147//228 8148//227 8149//227
f  8150//229 8151//229 8152//230
f  8153//230 8154//230 8155//229
f  8156//228 8157//231 8158//231
f  8159//231 8160//228 8161//228
f  8162//230 8163//230 8164//232
f  8165//232 8166//232 8167//230
f  8168//231 8169//233 8170//233
f  8171//233 8172//231 8173//231
f  8174//232 8175//232 8176//234
f  8177//234 8178//234 8179//232
f  8180//233 8181//235 8182//235
f  8183//235 8184//233 8185//233
f  8186//234 8187//234 8188//236
f  8189//236 8190//236 8191//234
f  8192//235 8193//237 8194//237
f  8195//237 8196//235 8197//235
f  8198//236 8199//236 8200//238
f  8201//238 8202//238 8203//236
f  8204//176 8205//176 8206//176
f  8207//176 8208//176 8209//176
f  8210//175 8211//175 8212//175
f  8213//175 8214//175 8215//175
f  8216//239 8217//240 8218//239
f  8219//240 8220//239 8221//240
f  8222//241 8223//242 8224//241
f  8225//242 8226//241 8227//242
f  8228//240 8229//243 8230//240
f  8231//243 8232//240 8233//243
f  8234//244 8235//241 8236//244
f  8237//241 8238//244 8239//241
f  8240//245 8241//246 8242//246
f  8243//246 8244//245 8245//245
f  8246//247 8247//247 8248//248
f  8249//248 8250//248 8251//247
f  8252//249 8253//245 8254//245
f  8255//245 8256//249 8257//249
f  8258//250 8259//250 8260//247
f  8261//247 8262//247 8263//250
f  8264//251 8265//249 8266//249
f  8267//249 8268//251 8269//251
f  8270//252 8271//252 8272//250
f  8273//250 8274//250 8275//252
f  8276//253 8277//251 8278//251
f  8279//251 8280//253 8281//253
f  8282//254 8283//254 8284//252
f  8285//252 8286//252 8287//254
f  8288//255 8289//253 8290//253
f  8291//253 8292//255 8293//255
f  8294//256 8295//256 8296//254
f  8297//254 8298//254 8299//256
f  8300//257 8301//257 8302//257
f  8303//257 8304//257 8305//257
f  8306//258 8307//258 8308//258
f  8309//258 8310//258 8311//258
f  8312//259 8313//260 8314//260
f  8315//260 8316//259 8317//259
f  8318//261 8319//261 8320//262
f  8321//262 8322//262 8323//261
f  8324//260 8325//263 8326//263
f  8327//263 8328//260 8329//260
f  8330//262 8331//262 8332//264
f  8333//264 8334//264 8335//262
f  8336//263 8337//263 8338//263
f  8339//263 8340//263 8341//263
f  8342//264 8343//264 8344//264
f  8345//264 8346//264 8347//264
f  8348//263 8349//176 8350//176
f  8351//176 8352//263 8353//263
f  8354//264 8355//264 8356//175
f  8357//175 8358//175 8359//264
f  8360//265 8361//266 8362//265
f  8363//266 8364//265 8365//266
f  8366//267 8367//268 8368//267
f  8369//268 8370//267 8371//268
f  8372//266 8373//269 8374//266
f  8375//269 8376//266 8377//269
f  8378//270 8379//267 8380//270
f  8381//267 8382//270 8383//267
f  8384//269 8385//243 8386//269
f  8387//243 8388//269 8389//243
f  8390//244 8391//270 8392//244
f  8393//270 8394//244 8395//270
f  8396//271 8397//175 8398//175
f  8399//175 8400//271 8401//271
f  8402//272 8403//272 8404//176
f  8405//176 8406//176 8407//272
f  8408//170 8409//271 8410//271
f  8411//271 8412//170 8413//170
f  8414//172 8415//172 8416//272
f  8417//272 8418//272 8419//172
f  8420//168 8421//168 8422//168
f  8423//168 8424//168 8425//168
f  8426//168 8427//168 8428//168
f  8429//168 8430//168 8431//168
f  8432//168 8433//168 8434//168
f  8435//168 8436//168 8437//168
f  8438//168 8439//168 8440//168
f  8441//168 8442//168 8443//168
f  8444//168 8445//168 8446//168
f  8447//168 8448//168 8449//168
f  8450//168 8451//168 8452//168
f  8453//168 8454//168 8455//168
f  8456//168 8457//168 8458//168
f  8459//168 8460//168 8461//168
f  8462//168 8463//168 8464//168
f  8465//168 8466//168 8467//168
f  8468//168 8469//168 8470//168
f  8471//168 8472//168 8473//168
f  8474//168 8475//168 8476//168
f  8477//168 8478//168 8479//168
f  8480//168 8481//168 8482//168
f  8483//168 8484//168 8485//168
f  8486//168 8487//168 8488//168
f  8489//168 8490//168 8491//168
f  8492//168 8493//168 8494//168
f  8495//168 8496//168 8497//168
f  8498//168 8499//168 8500//168
f  8501//168 8502//168 8503//168
f  8504//168 8505//168 8506//168
f  8507//168 8508//168 8509//168
f  8510//168 8511//168 8512//168
f  8513//168 8514//168 8515//168
f  8516//168 8517//168 8518//168
f  8519//168 8520//168 8521//168
f  8522//168 8523//168 8524//168
f  8525//168 8526//168 8527//168
f  8528//168 8529//168 8530//168
f  8531//168 8532//168 8533//168
f  8534//168 8535//168 8536//168
f  8537//168 8538//168 8539//168
f  8540//168 8541//168 8542//168
f  8543//168 8544//168 8545//168
f  8546//168 8547//168 8548//168
f  8549//168 8550//168 8551//168
f  8552//168 8553//168 8554//168
f  8555//167 8556//167 8557//167
f  8558//167 8559//167 8560//167
f  8561//167 8562//167 8563//167
f  8564//167 8565//167 8566//167
f  8567//167 8568//167 8569//167
f  8570//167 8571//167 8572//167
f  8573//167 8574//167 8575//167
f  8576//167 8577//167 8578//167
f  8579//167 8580//167 8581//167
f  8582//167 8583//167 8584//167
f  8585//167 8586//167 8587//167
f  8588//167 8589//167 8590//167
f  8591//167 8592//167 8593//167
f  8594//167 8595//167 8596//167
f  8597//167 8598//167 8599//167
f  8600//167 8601//167 8602//167
f  8603//167 8604//167 8605//167
f  8606//167 8607//167 8608//167
f  8609//167 8610//167 8611//167
f  8612//167 8613//167 8614//167
f  8615//167 8616//167 8617//167
f  8618//167 8619//167 8620//167
f  8621//167 8622//167 8623//167
f  8624//167 8625//167 8626//167
f  8627//167 8628//167 8629//167
f  8630//167 8631//167 8632//167
f  8633//167 8634//167 8635//167
f  8636//167 8637//167 8638//167
f  8639//167 8640//167 8641//167
f  8642//167 8643//167 8644//167
f  8645//167 8646//167 8647//167
f  8648//167 8649//167 8650//167
f  8651//167 8652//167 8653//167
f  8654//167 8655//167 8656//167
f  8657//167 8658//167 8659//167
f  8660//167 8661//167 8662//167
f  8663//167 8664//167 8665//167
f  8666//167 8667//167 8668//167
f  8669//167 8670//167 8671//167
f  8672//167 8673//167 8674//167
f  8675//167 8676//167 8677//167
f  8678//167 8679//167 8680//167
f  8681//167 8682//167 8683//167
f  8684//167 8685//167 8686//167
f  8687//167 8688//167 8689//167

# Mesh 'ID17' with 56 faces
g ID17
usemtl Color_E15
f  8690//167 8691//167 8692//167
f  8693//167 8694//167 8695//167
f  8696//167 8697//167 8698//167
f  8699//167 8700//167 8701//167
f  8702//167 8703//167 8704//167
f  8705//167 8706//167 8707//167
f  8708//168 8709//168 8710//168
f  8711//168 8712//168 8713//168
f  8714//168 8715//168 8716//168
f  8717//168 8718//168 8719//168
f  8720//168 8721//168 8722//168
f  8723//168 8724//168 8725//168
f  8726//273 8727//273 8728//273
f  8729//273 8730//273 8731//273
f  8732//274 8733//274 8734//274
f  8735//274 8736//274 8737//274
f  8738//275 8739//275 8740//275
f  8741//275 8742//275 8743//275
f  8744//276 8745//276 8746//276
f  8747//276 8748//276 8749//276
f  8750//277 8751//277 8752//277
f  8753//277 8754//277 8755//277
f  8756//278 8757//278 8758//278
f  8759//278 8760//278 8761//278
f  8762//279 8763//279 8764//279
f  8765//279 8766//279 8767//279
f  8768//280 8769//280 8770//280
f  8771//280 8772//280 8773//280
f  8774//281 8775//281 8776//281
f  8777//281 8778//281 8779//281
f  8780//282 8781//282 8782//282
f  8783//282 8784//282 8785//282
f  8786//283 8787//283 8788//283
f  8789//283 8790//283 8791//283
f  8792//284 8793//284 8794//284
f  8795//284 8796//284 8797//284
f  8798//285 8799//285 8800//285
f  8801//285 8802//285 8803//285
f  8804//286 8805//286 8806//286
f  8807//286 8808//286 8809//286
f  8810//287 8811//287 8812//287
f  8813//287 8814//287 8815//287
f  8816//288 8817//288 8818//288
f  8819//288 8820//288 8821//288
f  8822//168 8823//168 8824//168
f  8825//168 8826//168 8827//168
f  8828//168 8829//168 8830//168
f  8831//168 8832//168 8833//168
f  8834//168 8835//168 8836//168
f  8837//168 8838//168 8839//168
f  8840//167 8841//167 8842//167
f  8843//167 8844//167 8845//167
f  8846//167 8847//167 8848//167
f  8849//167 8850//167 8851//167
f  8852//167 8853//167 8854//167
f  8855//167 8856//167 8857//167

# Mesh 'ID25' with 72 faces
g ID25
usemtl Color_E15
f  8858//167 8859//167 8860//167
f  8861//167 8862//167 8863//167
f  8864//167 8865//167 8866//167
f  8867//167 8868//167 8869//167
f  8870//167 8871//167 8872//167
f  8873//167 8874//167 8875//167
f  8876//167 8877//167 8878//167
f  8879//167 8880//167 8881//167
f  8882//168 8883//168 8884//168
f  8885//168 8886//168 8887//168
f  8888//168 8889//168 8890//168
f  8891//168 8892//168 8893//168
f  8894//168 8895//168 8896//168
f  8897//168 8898//168 8899//168
f  8900//168 8901//168 8902//168
f  8903//168 8904//168 8905//168
f  8906//289 8907//290 8908//289
f  8909//290 8910//289 8911//290
f  8912//291 8913//292 8914//291
f  8915//292 8916//291 8917//292
f  8918//290 8919//293 8920//290
f  8921//293 8922//290 8923//293
f  8924//294 8925//291 8926//294
f  8927//291 8928//294 8929//291
f  8930//295 8931//296 8932//296
f  8933//296 8934//295 8935//295
f  8936//297 8937//297 8938//298
f  8939//298 8940//298 8941//297
f  8942//296 8943//299 8944//299
f  8945//299 8946//296 8947//296
f  8948//298 8949//298 8950//300
f  8951//300 8952//300 8953//298
f  8954//299 8955//301 8956//301
f  8957//301 8958//299 8959//299
f  8960//300 8961//300 8962//302
f  8963//302 8964//302 8965//300
f  8966//303 8967//304 8968//303
f  8969//304 8970//303 8971//304
f  8972//305 8973//306 8974//305
f  8975//306 8976//305 8977//306
f  8978//304 8979//307 8980//304
f  8981//307 8982//304 8983//307
f  8984//308 8985//305 8986//308
f  8987//305 8988//308 8989//305
f  8990//309 8991//310 8992//310
f  8993//310 8994//309 8995//309
f  8996//311 8997//311 8998//312
f  8999//312 9000//312 9001//311
f  9002//313 9003//309 9004//309
f  9005//309 9006//313 9007//313
f  9008//314 9009//314 9010//311
f  9011//311 9012//311 9013//314
f  9014//315 9015//313 9016//313
f  9017//313 9018//315 9019//315
f  9020//316 9021//316 9022//314
f  9023//314 9024//314 9025//316
f  9026//168 9027//168 9028//168
f  9029//168 9030//168 9031//168
f  9032//168 9033//168 9034//168
f  9035//168 9036//168 9037//168
f  9038//168 9039//168 9040//168
f  9041//168 9042//168 9043//168
f  9044//168 9045//168 9046//168
f  9047//168 9048//168 9049//168
f  9050//167 9051//167 9052//167
f  9053//167 9054//167 9055//167
f  9056//167 9057//167 9058//167
f  9059//167 9060//167 9061//167
f  9062//167 9063//167 9064//167
f  9065//167 9066//167 9067//167
f  9068//167 9069//167 9070//167
f  9071//167 9072//167 9073//167

# Mesh 'ID33' with 584 faces
g ID33
usemtl Color_E15
f  9074//167 9075//167 9076//167
f  9077//167 9078//167 9079//167
f  9080//167 9081//167 9082//167
f  9083//167 9084//167 9085//167
f  9086//167 9087//167 9088//167
f  9089//167 9090//167 9091//167
f  9092//167 9093//167 9094//167
f  9095//167 9096//167 9097//167
f  9098//167 9099//167 9100//167
f  9101//167 9102//167 9103//167
f  9104//167 9105//167 9106//167
f  9107//167 9108//167 9109//167
f  9110//167 9111//167 9112//167
f  9113//167 9114//167 9115//167
f  9116//167 9117//167 9118//167
f  9119//167 9120//167 9121//167
f  9122//167 9123//167 9124//167
f  9125//167 9126//167 9127//167
f  9128//167 9129//167 9130//167
f  9131//167 9132//167 9133//167
f  9134//167 9135//167 9136//167
f  9137//167 9138//167 9139//167
f  9140//167 9141//167 9142//167
f  9143//167 9144//167 9145//167
f  9146//167 9147//167 9148//167
f  9149//167 9150//167 9151//167
f  9152//167 9153//167 9154//167
f  9155//167 9156//167 9157//167
f  9158//167 9159//167 9160//167
f  9161//167 9162//167 9163//167
f  9164//167 9165//167 9166//167
f  9167//167 9168//167 9169//167
f  9170//167 9171//167 9172//167
f  9173//167 9174//167 9175//167
f  9176//167 9177//167 9178//167
f  9179//167 9180//167 9181//167
f  9182//167 9183//167 9184//167
f  9185//167 9186//167 9187//167
f  9188//167 9189//167 9190//167
f  9191//167 9192//167 9193//167
f  9194//167 9195//167 9196//167
f  9197//167 9198//167 9199//167
f  9200//167 9201//167 9202//167
f  9203//167 9204//167 9205//167
f  9206//167 9207//167 9208//167
f  9209//167 9210//167 9211//167
f  9212//167 9213//167 9214//167
f  9215//167 9216//167 9217//167
f  9218//167 9219//167 9220//167
f  9221//167 9222//167 9223//167
f  9224//167 9225//167 9226//167
f  9227//167 9228//167 9229//167
f  9230//167 9231//167 9232//167
f  9233//167 9234//167 9235//167
f  9236//167 9237//167 9238//167
f  9239//167 9240//167 9241//167
f  9242//167 9243//167 9244//167
f  9245//167 9246//167 9247//167
f  9248//167 9249//167 9250//167
f  9251//167 9252//167 9253//167
f  9254//167 9255//167 9256//167
f  9257//167 9258//167 9259//167
f  9260//167 9261//167 9262//167
f  9263//167 9264//167 9265//167
f  9266//167 9267//167 9268//167
f  9269//167 9270//167 9271//167
f  9272//167 9273//167 9274//167
f  9275//167 9276//167 9277//167
f  9278//167 9279//167 9280//167
f  9281//167 9282//167 9283//167
f  9284//167 9285//167 9286//167
f  9287//167 9288//167 9289//167
f  9290//168 9291//168 9292//168
f  9293//168 9294//168 9295//168
f  9296//168 9297//168 9298//168
f  9299//168 9300//168 9301//168
f  9302//168 9303//168 9304//168
f  9305//168 9306//168 9307//168
f  9308//168 9309//168 9310//168
f  9311//168 9312//168 9313//168
f  9314//168 9315//168 9316//168
f  9317//168 9318//168 9319//168
f  9320//168 9321//168 9322//168
f  9323//168 9324//168 9325//168
f  9326//168 9327//168 9328//168
f  9329//168 9330//168 9331//168
f  9332//168 9333//168 9334//168
f  9335//168 9336//168 9337//168
f  9338//168 9339//168 9340//168
f  9341//168 9342//168 9343//168
f  9344//168 9345//168 9346//168
f  9347//168 9348//168 9349//168
f  9350//168 9351//168 9352//168
f  9353//168 9354//168 9355//168
f  9356//168 9357//168 9358//168
f  9359//168 9360//168 9361//168
f  9362//168 9363//168 9364//168
f  9365//168 9366//168 9367//168
f  9368//168 9369//168 9370//168
f  9371//168 9372//168 9373//168
f  9374//168 9375//168 9376//168
f  9377//168 9378//168 9379//168
f  9380//168 9381//168 9382//168
f  9383//168 9384//168 9385//168
f  9386//168 9387//168 9388//168
f  9389//168 9390//168 9391//168
f  9392//168 9393//168 9394//168
f  9395//168 9396//168 9397//168
f  9398//168 9399//168 9400//168
f  9401//168 9402//168 9403//168
f  9404//168 9405//168 9406//168
f  9407//168 9408//168 9409//168
f  9410//168 9411//168 9412//168
f  9413//168 9414//168 9415//168
f  9416//168 9417//168 9418//168
f  9419//168 9420//168 9421//168
f  9422//168 9423//168 9424//168
f  9425//168 9426//168 9427//168
f  9428//168 9429//168 9430//168
f  9431//168 9432//168 9433//168
f  9434//168 9435//168 9436//168
f  9437//168 9438//168 9439//168
f  9440//168 9441//168 9442//168
f  9443//168 9444//168 9445//168
f  9446//168 9447//168 9448//168
f  9449//168 9450//168 9451//168
f  9452//168 9453//168 9454//168
f  9455//168 9456//168 9457//168
f  9458//168 9459//168 9460//168
f  9461//168 9462//168 9463//168
f  9464//168 9465//168 9466//168
f  9467//168 9468//168 9469//168
f  9470//168 9471//168 9472//168
f  9473//168 9474//168 9475//168
f  9476//168 9477//168 9478//168
f  9479//168 9480//168 9481//168
f  9482//168 9483//168 9484//168
f  9485//168 9486//168 9487//168
f  9488//168 9489//168 9490//168
f  9491//168 9492//168 9493//168
f  9494//168 9495//168 9496//168
f  9497//168 9498//168 9499//168
f  9500//168 9501//168 9502//168
f  9503//168 9504//168 9505//168
f  9506//317 9507//318 9508//318
f  9509//318 9510//317 9511//317
f  9512//319 9513//319 9514//320
f  9515//320 9516//320 9517//319
f  9518//318 9519//318 9520//318
f  9521//318 9522//318 9523//318
f  9524//320 9525//320 9526//320
f  9527//320 9528//320 9529//320
f  9530//318 9531//176 9532//176
f  9533//176 9534//318 9535//318
f  9536//320 9537//320 9538//175
f  9539//175 9540//175 9541//320
f  9542//321 9543//322 9544//321
f  9545//322 9546//321 9547//322
f  9548//323 9549//324 9550//323
f  9551//324 9552//323 9553//324
f  9554//322 9555//325 9556//322
f  9557//325 9558//322 9559//325
f  9560//326 9561//323 9562//326
f  9563//323 9564//326 9565//323
f  9566//325 9567//327 9568//325
f  9569//327 9570//325 9571//327
f  9572//328 9573//326 9574//328
f  9575//326 9576//328 9577//326
f  9578//329 9579//330 9580//330
f  9581//330 9582//329 9583//329
f  9584//331 9585//331 9586//332
f  9587//332 9588//332 9589//331
f  9590//333 9591//329 9592//329
f  9593//329 9594//333 9595//333
f  9596//334 9597//334 9598//331
f  9599//331 9600//331 9601//334
f  9602//335 9603//333 9604//333
f  9605//333 9606//335 9607//335
f  9608//336 9609//336 9610//334
f  9611//334 9612//334 9613//336
f  9614//337 9615//335 9616//335
f  9617//335 9618//337 9619//337
f  9620//338 9621//338 9622//336
f  9623//336 9624//336 9625//338
f  9626//339 9627//337 9628//337
f  9629//337 9630//339 9631//339
f  9632//340 9633//340 9634//338
f  9635//338 9636//338 9637//340
f  9638//341 9639//339 9640//339
f  9641//339 9642//341 9643//341
f  9644//342 9645//342 9646//340
f  9647//340 9648//340 9649//342
f  9650//343 9651//343 9652//343
f  9653//343 9654//343 9655//343
f  9656//344 9657//344 9658//344
f  9659//344 9660//344 9661//344
f  9662//345 9663//346 9664//345
f  9665//346 9666//345 9667//346
f  9668//347 9669//348 9670//347
f  9671//348 9672//347 9673//348
f  9674//346 9675//349 9676//346
f  9677//349 9678//346 9679//349
f  9680//350 9681//347 9682//350
f  9683//347 9684//350 9685//347
f  9686//349 9687//351 9688//349
f  9689//351 9690//349 9691//351
f  9692//352 9693//350 9694//352
f  9695//350 9696//352 9697//350
f  9698//351 9699//353 9700//351
f  9701//353 9702//351 9703//353
f  9704//354 9705//352 9706//354
f  9707//352 9708//354 9709//352
f  9710//353 9711//355 9712//355
f  9713//355 9714//353 9715//353
f  9716//354 9717//354 9718//356
f  9719//356 9720//356 9721//354
f  9722//355 9723//357 9724//357
f  9725//357 9726//355 9727//355
f  9728//356 9729//356 9730//358
f  9731//358 9732//358 9733//356
f  9734//357 9735//359 9736//359
f  9737//359 9738//357 9739//357
f  9740//358 9741//358 9742//360
f  9743//360 9744//360 9745//358
f  9746//359 9747//359 9748//359
f  9749//359 9750//359 9751//359
f  9752//360 9753//360 9754//360
f  9755//360 9756//360 9757//360
f  9758//359 9759//361 9760//361
f  9761//361 9762//359 9763//359
f  9764//360 9765//360 9766//362
f  9767//362 9768//362 9769//360
f  9770//361 9771//363 9772//363
f  9773//363 9774//361 9775//361
f  9776//362 9777//362 9778//364
f  9779//364 9780//364 9781//362
f  9782//365 9783//366 9784//365
f  9785//366 9786//365 9787//366
f  9788//367 9789//368 9790//367
f  9791//368 9792//367 9793//368
f  9794//366 9795//369 9796//366
f  9797//369 9798//366 9799//369
f  9800//370 9801//367 9802//370
f  9803//367 9804//370 9805//367
f  9806//371 9807//372 9808//372
f  9809//372 9810//371 9811//371
f  9812//373 9813//373 9814//374
f  9815//374 9816//374 9817//373
f  9818//375 9819//371 9820//371
f  9821//371 9822//375 9823//375
f  9824//376 9825//376 9826//373
f  9827//373 9828//373 9829//376
f  9830//175 9831//375 9832//375
f  9833//375 9834//175 9835//175
f  9836//176 9837//176 9838//376
f  9839//376 9840//376 9841//176
f  9842//377 9843//175 9844//175
f  9845//175 9846//377 9847//377
f  9848//378 9849//378 9850//176
f  9851//176 9852//176 9853//378
f  9854//379 9855//377 9856//377
f  9857//377 9858//379 9859//379
f  9860//380 9861//380 9862//378
f  9863//378 9864//378 9865//380
f  9866//381 9867//379 9868//379
f  9869//379 9870//381 9871//381
f  9872//382 9873//382 9874//380
f  9875//380 9876//380 9877//382
f  9878//381 9879//383 9880//381
f  9881//383 9882//381 9883//383
f  9884//384 9885//382 9886//384
f  9887//382 9888//384 9889//382
f  9890//383 9891//385 9892//383
f  9893//385 9894//383 9895//385
f  9896//386 9897//384 9898//386
f  9899//384 9900//386 9901//384
f  9902//385 9903//387 9904//385
f  9905//387 9906//385 9907//387
f  9908//388 9909//386 9910//388
f  9911//386 9912//388 9913//386
f  9914//387 9915//389 9916//387
f  9917//389 9918//387 9919//389
f  9920//390 9921//388 9922//390
f  9923//388 9924//390 9925//388
f  9926//389 9927//391 9928//389
f  9929//391 9930//389 9931//391
f  9932//392 9933//390 9934//392
f  9935//390 9936//392 9937//390
f  9938//391 9939//393 9940//393
f  9941//393 9942//391 9943//391
f  9944//392 9945//392 9946//394
f  9947//394 9948//394 9949//392
f  9950//393 9951//395 9952//395
f  9953//395 9954//393 9955//393
f  9956//394 9957//394 9958//396
f  9959//396 9960//396 9961//394
f  9962//395 9963//397 9964//397
f  9965//397 9966//395 9967//395
f  9968//396 9969//396 9970//398
f  9971//398 9972//398 9973//396
f  9974//397 9975//176 9976//176
f  9977//176 9978//397 9979//397
f  9980//398 9981//398 9982//175
f  9983//175 9984//175 9985//398
f  9986//176 9987//399 9988//399
f  9989//399 9990//176 9991//176
f  9992//175 9993//175 9994//400
f  9995//400 9996//400 9997//175
f  9998//399 9999//401 10000//401
f  10001//401 10002//399 10003//399
f  10004//400 10005//400 10006//402
f  10007//402 10008//402 10009//400
f  10010//401 10011//403 10012//403
f  10013//403 10014//401 10015//401
f  10016//402 10017//402 10018//404
f  10019//404 10020//404 10021//402
f  10022//212 10023//405 10024//212
f  10025//405 10026//212 10027//405
f  10028//406 10029//209 10030//406
f  10031//209 10032//406 10033//209
f  10034//405 10035//407 10036//405
f  10037//407 10038//405 10039//407
f  10040//408 10041//406 10042//408
f  10043//406 10044//408 10045//406
f  10046//407 10047//409 10048//407
f  10049//409 10050//407 10051//409
f  10052//410 10053//408 10054//410
f  10055//408 10056//410 10057//408
f  10058//411 10059//412 10060//412
f  10061//412 10062//411 10063//411
f  10064//413 10065//413 10066//414
f  10067//414 10068//414 10069//413
f  10070//415 10071//411 10072//411
f  10073//411 10074//415 10075//415
f  10076//416 10077//416 10078//413
f  10079//413 10080//413 10081//416
f  10082//417 10083//415 10084//415
f  10085//415 10086//417 10087//417
f  10088//418 10089//418 10090//416
f  10091//416 10092//416 10093//418
f  10094//417 10095//417 10096//417
f  10097//417 10098//417 10099//417
f  10100//418 10101//418 10102//418
f  10103//418 10104//418 10105//418
f  10106//175 10107//417 10108//417
f  10109//417 10110//175 10111//175
f  10112//176 10113//176 10114//418
f  10115//418 10116//418 10117//176
f  10118//419 10119//420 10120//419
f  10121//420 10122//419 10123//420
f  10124//421 10125//422 10126//421
f  10127//422 10128//421 10129//422
f  10130//420 10131//423 10132//420
f  10133//423 10134//420 10135//423
f  10136//424 10137//421 10138//424
f  10139//421 10140//424 10141//421
f  10142//423 10143//425 10144//423
f  10145//425 10146//423 10147//425
f  10148//426 10149//424 10150//426
f  10151//424 10152//426 10153//424
f  10154//427 10155//428 10156//428
f  10157//428 10158//427 10159//427
f  10160//429 10161//429 10162//430
f  10163//430 10164//430 10165//429
f  10166//428 10167//431 10168//431
f  10169//431 10170//428 10171//428
f  10172//430 10173//430 10174//432
f  10175//432 10176//432 10177//430
f  10178//433 10179//434 10180//434
f  10181//434 10182//433 10183//433
f  10184//435 10185//435 10186//436
f  10187//436 10188//436 10189//435
f  10190//433 10191//437 10192//433
f  10193//437 10194//433 10195//437
f  10196//438 10197//435 10198//438
f  10199//435 10200//438 10201//435
f  10202//437 10203//439 10204//437
f  10205//439 10206//437 10207//439
f  10208//440 10209//438 10210//440
f  10211//438 10212//440 10213//438
f  10214//439 10215//441 10216//439
f  10217//441 10218//439 10219//441
f  10220//442 10221//440 10222//442
f  10223//440 10224//442 10225//440
f  10226//441 10227//443 10228//441
f  10229//443 10230//441 10231//443
f  10232//444 10233//442 10234//444
f  10235//442 10236//444 10237//442
f  10238//443 10239//445 10240//443
f  10241//445 10242//443 10243//445
f  10244//446 10245//444 10246//446
f  10247//444 10248//446 10249//444
f  10250//445 10251//447 10252//445
f  10253//447 10254//445 10255//447
f  10256//448 10257//446 10258//448
f  10259//446 10260//448 10261//446
f  10262//447 10263//449 10264//449
f  10265//449 10266//447 10267//447
f  10268//448 10269//448 10270//450
f  10271//450 10272//450 10273//448
f  10274//451 10275//452 10276//452
f  10277//452 10278//451 10279//451
f  10280//453 10281//453 10282//454
f  10283//454 10284//454 10285//453
f  10286//451 10287//455 10288//451
f  10289//455 10290//451 10291//455
f  10292//456 10293//453 10294//456
f  10295//453 10296//456 10297//453
f  10298//455 10299//457 10300//455
f  10301//457 10302//455 10303//457
f  10304//458 10305//456 10306//458
f  10307//456 10308//458 10309//456
f  10310//457 10311//459 10312//457
f  10313//459 10314//457 10315//459
f  10316//460 10317//458 10318//460
f  10319//458 10320//460 10321//458
f  10322//459 10323//461 10324//459
f  10325//461 10326//459 10327//461
f  10328//462 10329//460 10330//462
f  10331//460 10332//462 10333//460
f  10334//461 10335//463 10336//461
f  10337//463 10338//461 10339//463
f  10340//464 10341//462 10342//464
f  10343//462 10344//464 10345//462
f  10346//463 10347//465 10348//465
f  10349//465 10350//463 10351//463
f  10352//464 10353//464 10354//466
f  10355//466 10356//466 10357//464
f  10358//465 10359//467 10360//467
f  10361//467 10362//465 10363//465
f  10364//466 10365//466 10366//468
f  10367//468 10368//468 10369//466
f  10370//467 10371//469 10372//469
f  10373//469 10374//467 10375//467
f  10376//468 10377//468 10378//470
f  10379//470 10380//470 10381//468
f  10382//469 10383//317 10384//317
f  10385//317 10386//469 10387//469
f  10388//470 10389//470 10390//319
f  10391//319 10392//319 10393//470
f  10394//168 10395//168 10396//168
f  10397//168 10398//168 10399//168
f  10400//168 10401//168 10402//168
f  10403//168 10404//168 10405//168
f  10406//168 10407//168 10408//168
f  10409//168 10410//168 10411//168
f  10412//168 10413//168 10414//168
f  10415//168 10416//168 10417//168
f  10418//168 10419//168 10420//168
f  10421//168 10422//168 10423//168
f  10424//168 10425//168 10426//168
f  10427//168 10428//168 10429//168
f  10430//168 10431//168 10432//168
f  10433//168 10434//168 10435//168
f  10436//168 10437//168 10438//168
f  10439//168 10440//168 10441//168
f  10442//168 10443//168 10444//168
f  10445//168 10446//168 10447//168
f  10448//168 10449//168 10450//168
f  10451//168 10452//168 10453//168
f  10454//168 10455//168 10456//168
f  10457//168 10458//168 10459//168
f  10460//168 10461//168 10462//168
f  10463//168 10464//168 10465//168
f  10466//168 10467//168 10468//168
f  10469//168 10470//168 10471//168
f  10472//168 10473//168 10474//168
f  10475//168 10476//168 10477//168
f  10478//168 10479//168 10480//168
f  10481//168 10482//168 10483//168
f  10484//168 10485//168 10486//168
f  10487//168 10488//168 10489//168
f  10490//168 10491//168 10492//168
f  10493//168 10494//168 10495//168
f  10496//168 10497//168 10498//168
f  10499//168 10500//168 10501//168
f  10502//168 10503//168 10504//168
f  10505//168 10506//168 10507//168
f  10508//168 10509//168 10510//168
f  10511//168 10512//168 10513//168
f  10514//168 10515//168 10516//168
f  10517//168 10518//168 10519//168
f  10520//168 10521//168 10522//168
f  10523//168 10524//168 10525//168
f  10526//168 10527//168 10528//168
f  10529//168 10530//168 10531//168
f  10532//168 10533//168 10534//168
f  10535//168 10536//168 10537//168
f  10538//168 10539//168 10540//168
f  10541//168 10542//168 10543//168
f  10544//168 10545//168 10546//168
f  10547//168 10548//168 10549//168
f  10550//168 10551//168 10552//168
f  10553//168 10554//168 10555//168
f  10556//168 10557//168 10558//168
f  10559//168 10560//168 10561//168
f  10562//168 10563//168 10564//168
f  10565//168 10566//168 10567//168
f  10568//168 10569//168 10570//168
f  10571//168 10572//168 10573//168
f  10574//168 10575//168 10576//168
f  10577//168 10578//168 10579//168
f  10580//168 10581//168 10582//168
f  10583//168 10584//168 10585//168
f  10586//168 10587//168 10588//168
f  10589//168 10590//168 10591//168
f  10592//168 10593//168 10594//168
f  10595//168 10596//168 10597//168
f  10598//168 10599//168 10600//168
f  10601//168 10602//168 10603//168
f  10604//168 10605//168 10606//168
f  10607//168 10608//168 10609//168
f  10610//167 10611//167 10612//167
f  10613//167 10614//167 10615//167
f  10616//167 10617//167 10618//167
f  10619//167 10620//167 10621//167
f  10622//167 10623//167 10624//167
f  10625//167 10626//167 10627//167
f  10628//167 10629//167 10630//167
f  10631//167 10632//167 10633//167
f  10634//167 10635//167 10636//167
f  10637//167 10638//167 10639//167
f  10640//167 10641//167 10642//167
f  10643//167 10644//167 10645//167
f  10646//167 10647//167 10648//167
f  10649//167 10650//167 10651//167
f  10652//167 10653//167 10654//167
f  10655//167 10656//167 10657//167
f  10658//167 10659//167 10660//167
f  10661//167 10662//167 10663//167
f  10664//167 10665//167 10666//167
f  10667//167 10668//167 10669//167
f  10670//167 10671//167 10672//167
f  10673//167 10674//167 10675//167
f  10676//167 10677//167 10678//167
f  10679//167 10680//167 10681//167
f  10682//167 10683//167 10684//167
f  10685//167 10686//167 10687//167
f  10688//167 10689//167 10690//167
f  10691//167 10692//167 10693//167
f  10694//167 10695//167 10696//167
f  10697//167 10698//167 10699//167
f  10700//167 10701//167 10702//167
f  10703//167 10704//167 10705//167
f  10706//167 10707//167 10708//167
f  10709//167 10710//167 10711//167
f  10712//167 10713//167 10714//167
f  10715//167 10716//167 10717//167
f  10718//167 10719//167 10720//167
f  10721//167 10722//167 10723//167
f  10724//167 10725//167 10726//167
f  10727//167 10728//167 10729//167
f  10730//167 10731//167 10732//167
f  10733//167 10734//167 10735//167
f  10736//167 10737//167 10738//167
f  10739//167 10740//167 10741//167
f  10742//167 10743//167 10744//167
f  10745//167 10746//167 10747//167
f  10748//167 10749//167 10750//167
f  10751//167 10752//167 10753//167
f  10754//167 10755//167 10756//167
f  10757//167 10758//167 10759//167
f  10760//167 10761//167 10762//167
f  10763//167 10764//167 10765//167
f  10766//167 10767//167 10768//167
f  10769//167 10770//167 10771//167
f  10772//167 10773//167 10774//167
f  10775//167 10776//167 10777//167
f  10778//167 10779//167 10780//167
f  10781//167 10782//167 10783//167
f  10784//167 10785//167 10786//167
f  10787//167 10788//167 10789//167
f  10790//167 10791//167 10792//167
f  10793//167 10794//167 10795//167
f  10796//167 10797//167 10798//167
f  10799//167 10800//167 10801//167
f  10802//167 10803//167 10804//167
f  10805//167 10806//167 10807//167
f  10808//167 10809//167 10810//167
f  10811//167 10812//167 10813//167
f  10814//167 10815//167 10816//167
f  10817//167 10818//167 10819//167
f  10820//167 10821//167 10822//167
f  10823//167 10824//167 10825//167

# Mesh 'ID41' with 112 faces
g ID41
usemtl Color_E15
f  10826//471 10827//472 10828//472
f  10829//472 10830//471 10831//471
f  10832//473 10833//473 10834//474
f  10835//474 10836//474 10837//473
f  10838//167 10839//167 10840//167
f  10841//167 10842//167 10843//167
f  10844//167 10845//167 10846//167
f  10847//167 10848//167 10849//167
f  10850//167 10851//167 10852//167
f  10853//167 10854//167 10855//167
f  10856//167 10857//167 10858//167
f  10859//167 10860//167 10861//167
f  10862//167 10863//167 10864//167
f  10865//167 10866//167 10867//167
f  10868//167 10869//167 10870//167
f  10871//167 10872//167 10873//167
f  10874//167 10875//167 10876//167
f  10877//168 10878//168 10879//168
f  10880//168 10881//168 10882//168
f  10883//168 10884//168 10885//168
f  10886//168 10887//168 10888//168
f  10889//168 10890//168 10891//168
f  10892//168 10893//168 10894//168
f  10895//168 10896//168 10897//168
f  10898//168 10899//168 10900//168
f  10901//168 10902//168 10903//168
f  10904//168 10905//168 10906//168
f  10907//168 10908//168 10909//168
f  10910//168 10911//168 10912//168
f  10913//168 10914//168 10915//168
f  10916//475 10917//471 10918//471
f  10919//471 10920//475 10921//475
f  10922//476 10923//476 10924//473
f  10925//473 10926//473 10927//476
f  10928//168 10929//168 10930//168
f  10931//168 10932//168 10933//168
f  10934//168 10935//168 10936//168
f  10937//168 10938//168 10939//168
f  10940//168 10941//168 10942//168
f  10943//168 10944//168 10945//168
f  10946//168 10947//168 10948//168
f  10949//168 10950//168 10951//168
f  10952//168 10953//168 10954//168
f  10955//168 10956//168 10957//168
f  10958//168 10959//168 10960//168
f  10961//168 10962//168 10963//168
f  10964//168 10965//168 10966//168
f  10967//167 10968//167 10969//167
f  10970//167 10971//167 10972//167
f  10973//167 10974//167 10975//167
f  10976//167 10977//167 10978//167
f  10979//167 10980//167 10981//167
f  10982//167 10983//167 10984//167
f  10985//167 10986//167 10987//167
f  10988//167 10989//167 10990//167
f  10991//167 10992//167 10993//167
f  10994//167 10995//167 10996//167
f  10997//167 10998//167 10999//167
f  11000//167 11001//167 11002//167
f  11003//167 11004//167 11005//167
f  11006//472 11007//477 11008//477
f  11009//477 11010//472 11011//472
f  11012//474 11013//474 11014//478
f  11015//478 11016//478 11017//474
f  11018//479 11019//480 11020//479
f  11021//480 11022//479 11023//480
f  11024//481 11025//482 11026//481
f  11027//482 11028//481 11029//482
f  11030//480 11031//483 11032//480
f  11033//483 11034//480 11035//483
f  11036//484 11037//481 11038//484
f  11039//481 11040//484 11041//481
f  11042//485 11043//175 11044//175
f  11045//175 11046//485 11047//485
f  11048//486 11049//486 11050//176
f  11051//176 11052//176 11053//486
f  11054//485 11055//485 11056//485
f  11057//485 11058//485 11059//485
f  11060//486 11061//486 11062//486
f  11063//486 11064//486 11065//486
f  11066//487 11067//485 11068//485
f  11069//485 11070//487 11071//487
f  11072//488 11073//488 11074//486
f  11075//486 11076//486 11077//488
f  11078//489 11079//487 11080//487
f  11081//487 11082//489 11083//489
f  11084//490 11085//490 11086//488
f  11087//488 11088//488 11089//490
f  11090//491 11091//489 11092//489
f  11093//489 11094//491 11095//491
f  11096//492 11097//492 11098//490
f  11099//490 11100//490 11101//492
f  11102//493 11103//494 11104//493
f  11105//494 11106//493 11107//494
f  11108//495 11109//496 11110//495
f  11111//496 11112//495 11113//496
f  11114//494 11115//497 11116//494
f  11117//497 11118//494 11119//497
f  11120//498 11121//495 11122//498
f  11123//495 11124//498 11125//495
f  11126//497 11127//499 11128//497
f  11129//499 11130//497 11131//499
f  11132//500 11133//498 11134//500
f  11135//498 11136//500 11137//498
f  11138//176 11139//475 11140//475
f  11141//475 11142//176 11143//176
f  11144//175 11145//175 11146//476
f  11147//476 11148//476 11149//175
f  11150//475 11151//475 11152//475
f  11153//475 11154//475 11155//475
f  11156//476 11157//476 11158//476
f  11159//476 11160//476 11161//476

