# File produced by Open Asset Import Library (http://www.assimp.sf.net)
# (assimp v5.4.3276931299)

mtllib wooden_box.mtl

# 2628 vertex positions
v -0.0496592671 0.132588193 0.145000011
v -0.0486602634 0.134999916 0.160000011
v -0.0496592671 0.132588193 0.160000011
v -0.0486602634 0.134999916 0.160000011
v -0.0496592671 0.132588193 0.145000011
v -0.0486602634 0.134999916 0.145000011
v -0.0486602634 0.134999916 0.145000011
v -0.0496592671 0.132588193 0.145000011
v -0.0486602634 0.134999916 0.160000011
v -0.0496592671 0.132588193 0.160000011
v -0.0486602634 0.134999916 0.160000011
v -0.0496592671 0.132588193 0.145000011
v -0.0500000045 0.129999921 0.145000011
v -0.0496592671 0.132588193 0.160000011
v -0.0500000045 0.129999921 0.160000011
v -0.0496592671 0.132588193 0.160000011
v -0.0500000045 0.129999921 0.145000011
v -0.0496592671 0.132588193 0.145000011
v -0.0496592671 0.132588193 0.145000011
v -0.0500000045 0.129999921 0.145000011
v -0.0496592671 0.132588193 0.160000011
v -0.0500000045 0.129999921 0.160000011
v -0.0496592671 0.132588193 0.160000011
v -0.0500000045 0.129999921 0.145000011
v -0.0486602634 0.134999916 0.145000011
v -0.0470710769 0.137071028 0.160000011
v -0.0486602634 0.134999916 0.160000011
v -0.0470710769 0.137071028 0.160000011
v -0.0486602634 0.134999916 0.145000011
v -0.0470710769 0.137071028 0.145000011
v -0.0470710769 0.137071028 0.145000011
v -0.0486602634 0.134999916 0.145000011
v -0.0470710769 0.137071028 0.160000011
v -0.0486602634 0.134999916 0.160000011
v -0.0470710769 0.137071028 0.160000011
v -0.0486602634 0.134999916 0.145000011
v -0.0496592671 0.127411887 0.145000011
v -0.0500000045 0.129999921 0.160000011
v -0.0496592671 0.127411887 0.160000011
v -0.0500000045 0.129999921 0.160000011
v -0.0496592671 0.127411887 0.145000011
v -0.0500000045 0.129999921 0.145000011
v -0.0500000045 0.129999921 0.145000011
v -0.0496592671 0.127411887 0.145000011
v -0.0500000045 0.129999921 0.160000011
v -0.0496592671 0.127411887 0.160000011
v -0.0500000045 0.129999921 0.160000011
v -0.0496592671 0.127411887 0.145000011
v -0.0450000241 0.138660297 0.145000011
v -0.0470710769 0.137071028 0.160000011
v -0.0470710769 0.137071028 0.145000011
v -0.0470710769 0.137071028 0.160000011
v -0.0450000241 0.138660297 0.145000011
v -0.0450000241 0.138660297 0.160000011
v -0.0450000241 0.138660297 0.160000011
v -0.0450000241 0.138660297 0.145000011
v -0.0470710769 0.137071028 0.160000011
v -0.0470710769 0.137071028 0.145000011
v -0.0470710769 0.137071028 0.160000011
v -0.0450000241 0.138660297 0.145000011
v -0.0486602634 0.124999925 0.145000011
v -0.0496592671 0.127411887 0.160000011
v -0.0486602634 0.124999925 0.160000011
v -0.0496592671 0.127411887 0.160000011
v -0.0486602634 0.124999925 0.145000011
v -0.0496592671 0.127411887 0.145000011
v -0.0496592671 0.127411887 0.145000011
v -0.0486602634 0.124999925 0.145000011
v -0.0496592671 0.127411887 0.160000011
v -0.0486602634 0.124999925 0.160000011
v -0.0496592671 0.127411887 0.160000011
v -0.0486602634 0.124999925 0.145000011
v -0.0425882116 0.1396593 0.145000011
v -0.0450000241 0.138660297 0.160000011
v -0.0450000241 0.138660297 0.145000011
v -0.0450000241 0.138660297 0.160000011
v -0.0425882116 0.1396593 0.145000011
v -0.0425882116 0.1396593 0.160000011
v -0.0425882116 0.1396593 0.160000011
v -0.0425882116 0.1396593 0.145000011
v -0.0450000241 0.138660297 0.160000011
v -0.0450000241 0.138660297 0.145000011
v -0.0450000241 0.138660297 0.160000011
v -0.0425882116 0.1396593 0.145000011
v -0.0470710769 0.122928813 0.145000011
v -0.0486602634 0.124999925 0.160000011
v -0.0470710769 0.122928813 0.160000011
v -0.0486602634 0.124999925 0.160000011
v -0.0470710769 0.122928813 0.145000011
v -0.0486602634 0.124999925 0.145000011
v -0.0486602634 0.124999925 0.145000011
v -0.0470710769 0.122928813 0.145000011
v -0.0486602634 0.124999925 0.160000011
v -0.0470710769 0.122928813 0.160000011
v -0.0486602634 0.124999925 0.160000011
v -0.0470710769 0.122928813 0.145000011
v -0.0399999991 0.139999881 0.145000011
v -0.0425882116 0.1396593 0.160000011
v -0.0425882116 0.1396593 0.145000011
v -0.0425882116 0.1396593 0.160000011
v -0.0399999991 0.139999881 0.145000011
v -0.0399999991 0.139999881 0.160000011
v -0.0399999991 0.139999881 0.160000011
v -0.0399999991 0.139999881 0.145000011
v -0.0425882116 0.1396593 0.160000011
v -0.0425882116 0.1396593 0.145000011
v -0.0425882116 0.1396593 0.160000011
v -0.0399999991 0.139999881 0.145000011
v -0.0450000241 0.121339783 0.160000011
v -0.0470710769 0.122928813 0.145000011
v -0.0470710769 0.122928813 0.160000011
v -0.0470710769 0.122928813 0.145000011
v -0.0450000241 0.121339783 0.160000011
v -0.0450000241 0.121339783 0.145000011
v -0.0450000241 0.121339783 0.145000011
v -0.0450000241 0.121339783 0.160000011
v -0.0470710769 0.122928813 0.145000011
v -0.0470710769 0.122928813 0.160000011
v -0.0470710769 0.122928813 0.145000011
v -0.0450000241 0.121339783 0.160000011
v 0 0.139999881 0.145000011
v -0.0399999991 0.139999881 0.160000011
v -0.0399999991 0.139999881 0.145000011
v -0.0399999991 0.139999881 0.160000011
v 0 0.139999881 0.145000011
v 0 0.139999881 0.160000011
v 0 0.139999881 0.160000011
v 0 0.139999881 0.145000011
v -0.0399999991 0.139999881 0.160000011
v -0.0399999991 0.139999881 0.145000011
v -0.0399999991 0.139999881 0.160000011
v 0 0.139999881 0.145000011
v -0.0425882116 0.120340809 0.160000011
v -0.0450000241 0.121339783 0.145000011
v -0.0450000241 0.121339783 0.160000011
v -0.0450000241 0.121339783 0.145000011
v -0.0425882116 0.120340809 0.160000011
v -0.0425882116 0.120340809 0.145000011
v -0.0425882116 0.120340809 0.145000011
v -0.0425882116 0.120340809 0.160000011
v -0.0450000241 0.121339783 0.145000011
v -0.0450000241 0.121339783 0.160000011
v -0.0450000241 0.121339783 0.145000011
v -0.0425882116 0.120340809 0.160000011
v 0.0399999917 0.139999881 0.145000011
v 0 0.139999881 0.160000011
v 0 0.139999881 0.145000011
v 0 0.139999881 0.160000011
v 0.0399999917 0.139999881 0.145000011
v 0.0399999917 0.139999881 0.160000011
v 0.0399999917 0.139999881 0.160000011
v 0.0399999917 0.139999881 0.145000011
v 0 0.139999881 0.160000011
v 0 0.139999881 0.145000011
v 0 0.139999881 0.160000011
v 0.0399999917 0.139999881 0.145000011
v -0.0399999991 0.11999993 0.160000011
v -0.0425882116 0.120340809 0.145000011
v -0.0425882116 0.120340809 0.160000011
v -0.0425882116 0.120340809 0.145000011
v -0.0399999991 0.11999993 0.160000011
v -0.0399999991 0.11999993 0.145000011
v -0.0399999991 0.11999993 0.145000011
v -0.0399999991 0.11999993 0.160000011
v -0.0425882116 0.120340809 0.145000011
v -0.0425882116 0.120340809 0.160000011
v -0.0425882116 0.120340809 0.145000011
v -0.0399999991 0.11999993 0.160000011
v 0.0425881594 0.1396593 0.145000011
v 0.0399999917 0.139999881 0.160000011
v 0.0399999917 0.139999881 0.145000011
v 0.0399999917 0.139999881 0.160000011
v 0.0425881594 0.1396593 0.145000011
v 0.0425881594 0.1396593 0.160000011
v 0.0425881594 0.1396593 0.160000011
v 0.0425881594 0.1396593 0.145000011
v 0.0399999917 0.139999881 0.160000011
v 0.0399999917 0.139999881 0.145000011
v 0.0399999917 0.139999881 0.160000011
v 0.0425881594 0.1396593 0.145000011
v 0.0399999917 0.11999993 0.160000011
v -0.0399999991 0.11999993 0.145000011
v -0.0399999991 0.11999993 0.160000011
v -0.0399999991 0.11999993 0.145000011
v 0.0399999917 0.11999993 0.160000011
v 0.0399999917 0.11999993 0.145000011
v 0.0399999917 0.11999993 0.145000011
v 0.0399999917 0.11999993 0.160000011
v -0.0399999991 0.11999993 0.145000011
v -0.0399999991 0.11999993 0.160000011
v -0.0399999991 0.11999993 0.145000011
v 0.0399999917 0.11999993 0.160000011
v 0.0449999869 0.138660297 0.145000011
v 0.0425881594 0.1396593 0.160000011
v 0.0425881594 0.1396593 0.145000011
v 0.0425881594 0.1396593 0.160000011
v 0.0449999869 0.138660297 0.145000011
v 0.0449999869 0.138660297 0.160000011
v 0.0449999869 0.138660297 0.160000011
v 0.0449999869 0.138660297 0.145000011
v 0.0425881594 0.1396593 0.160000011
v 0.0425881594 0.1396593 0.145000011
v 0.0425881594 0.1396593 0.160000011
v 0.0449999869 0.138660297 0.145000011
v 0.0425881594 0.120340809 0.160000011
v 0.0399999917 0.11999993 0.145000011
v 0.0399999917 0.11999993 0.160000011
v 0.0399999917 0.11999993 0.145000011
v 0.0425881594 0.120340809 0.160000011
v 0.0425881594 0.120340809 0.145000011
v 0.0425881594 0.120340809 0.145000011
v 0.0425881594 0.120340809 0.160000011
v 0.0399999917 0.11999993 0.145000011
v 0.0399999917 0.11999993 0.160000011
v 0.0399999917 0.11999993 0.145000011
v 0.0425881594 0.120340809 0.160000011
v 0.0470710546 0.137071028 0.145000011
v 0.0449999869 0.138660297 0.160000011
v 0.0449999869 0.138660297 0.145000011
v 0.0449999869 0.138660297 0.160000011
v 0.0470710546 0.137071028 0.145000011
v 0.0470710546 0.137071028 0.160000011
v 0.0470710546 0.137071028 0.160000011
v 0.0470710546 0.137071028 0.145000011
v 0.0449999869 0.138660297 0.160000011
v 0.0449999869 0.138660297 0.145000011
v 0.0449999869 0.138660297 0.160000011
v 0.0470710546 0.137071028 0.145000011
v 0.0449999869 0.121339783 0.160000011
v 0.0425881594 0.120340809 0.145000011
v 0.0425881594 0.120340809 0.160000011
v 0.0425881594 0.120340809 0.145000011
v 0.0449999869 0.121339783 0.160000011
v 0.0449999869 0.121339783 0.145000011
v 0.0449999869 0.121339783 0.145000011
v 0.0449999869 0.121339783 0.160000011
v 0.0425881594 0.120340809 0.145000011
v 0.0425881594 0.120340809 0.160000011
v 0.0425881594 0.120340809 0.145000011
v 0.0449999869 0.121339783 0.160000011
v 0.0470710546 0.137071028 0.145000011
v 0.0486602485 0.134999916 0.160000011
v 0.0470710546 0.137071028 0.160000011
v 0.0486602485 0.134999916 0.160000011
v 0.0470710546 0.137071028 0.145000011
v 0.0486602485 0.134999916 0.145000011
v 0.0486602485 0.134999916 0.145000011
v 0.0470710546 0.137071028 0.145000011
v 0.0486602485 0.134999916 0.160000011
v 0.0470710546 0.137071028 0.160000011
v 0.0486602485 0.134999916 0.160000011
v 0.0470710546 0.137071028 0.145000011
v 0.0470710546 0.122928813 0.160000011
v 0.0449999869 0.121339783 0.145000011
v 0.0449999869 0.121339783 0.160000011
v 0.0449999869 0.121339783 0.145000011
v 0.0470710546 0.122928813 0.160000011
v 0.0470710546 0.122928813 0.145000011
v 0.0470710546 0.122928813 0.145000011
v 0.0470710546 0.122928813 0.160000011
v 0.0449999869 0.121339783 0.145000011
v 0.0449999869 0.121339783 0.160000011
v 0.0449999869 0.121339783 0.145000011
v 0.0470710546 0.122928813 0.160000011
v 0.0486602485 0.134999916 0.145000011
v 0.0496592373 0.132588193 0.160000011
v 0.0486602485 0.134999916 0.160000011
v 0.0496592373 0.132588193 0.160000011
v 0.0486602485 0.134999916 0.145000011
v 0.0496592373 0.132588193 0.145000011
v 0.0496592373 0.132588193 0.145000011
v 0.0486602485 0.134999916 0.145000011
v 0.0496592373 0.132588193 0.160000011
v 0.0486602485 0.134999916 0.160000011
v 0.0496592373 0.132588193 0.160000011
v 0.0486602485 0.134999916 0.145000011
v 0.0486602485 0.124999925 0.145000011
v 0.0470710546 0.122928813 0.160000011
v 0.0486602485 0.124999925 0.160000011
v 0.0470710546 0.122928813 0.160000011
v 0.0486602485 0.124999925 0.145000011
v 0.0470710546 0.122928813 0.145000011
v 0.0470710546 0.122928813 0.145000011
v 0.0486602485 0.124999925 0.145000011
v 0.0470710546 0.122928813 0.160000011
v 0.0486602485 0.124999925 0.160000011
v 0.0470710546 0.122928813 0.160000011
v 0.0486602485 0.124999925 0.145000011
v 0.0496592373 0.132588193 0.145000011
v 0.049999997 0.129999921 0.160000011
v 0.0496592373 0.132588193 0.160000011
v 0.049999997 0.129999921 0.160000011
v 0.0496592373 0.132588193 0.145000011
v 0.049999997 0.129999921 0.145000011
v 0.049999997 0.129999921 0.145000011
v 0.0496592373 0.132588193 0.145000011
v 0.049999997 0.129999921 0.160000011
v 0.0496592373 0.132588193 0.160000011
v 0.049999997 0.129999921 0.160000011
v 0.0496592373 0.132588193 0.145000011
v 0.0496592373 0.127411887 0.145000011
v 0.0486602485 0.124999925 0.160000011
v 0.0496592373 0.127411887 0.160000011
v 0.0486602485 0.124999925 0.160000011
v 0.0496592373 0.127411887 0.145000011
v 0.0486602485 0.124999925 0.145000011
v 0.0486602485 0.124999925 0.145000011
v 0.0496592373 0.127411887 0.145000011
v 0.0486602485 0.124999925 0.160000011
v 0.0496592373 0.127411887 0.160000011
v 0.0486602485 0.124999925 0.160000011
v 0.0496592373 0.127411887 0.145000011
v 0.049999997 0.129999921 0.145000011
v 0.0496592373 0.127411887 0.160000011
v 0.049999997 0.129999921 0.160000011
v 0.0496592373 0.127411887 0.160000011
v 0.049999997 0.129999921 0.145000011
v 0.0496592373 0.127411887 0.145000011
v 0.0496592373 0.127411887 0.145000011
v 0.049999997 0.129999921 0.145000011
v 0.0496592373 0.127411887 0.160000011
v 0.049999997 0.129999921 0.160000011
v 0.0496592373 0.127411887 0.160000011
v 0.049999997 0.129999921 0.145000011
v -0.0496592671 0.132588193 0.160000011
v -0.0496592671 0.132588193 0.145000011
v -0.0486602634 0.134999916 0.160000011
v -0.0486602634 0.134999916 0.145000011
v -0.0500000045 0.129999921 0.160000011
v -0.0500000045 0.129999921 0.160000011
v -0.0500000045 0.129999921 0.145000011
v -0.0496592671 0.132588193 0.145000011
v -0.0486602634 0.134999916 0.160000011
v -0.0470710769 0.137071028 0.160000011
v -0.0486602634 0.134999916 0.145000011
v -0.0470710769 0.137071028 0.145000011
v -0.0470710769 0.137071028 0.160000011
v -0.0470710769 0.137071028 0.145000011
v -0.0496592671 0.127411887 0.160000011
v -0.0496592671 0.127411887 0.160000011
v -0.0496592671 0.127411887 0.145000011
v -0.0496592671 0.127411887 0.145000011
v -0.0500000045 0.129999921 0.145000011
v -0.0470710769 0.137071028 0.160000011
v -0.0450000241 0.138660297 0.160000011
v -0.0470710769 0.137071028 0.145000011
v -0.0450000241 0.138660297 0.145000011
v -0.0450000241 0.138660297 0.160000011
v -0.0450000241 0.138660297 0.145000011
v -0.0486602634 0.124999925 0.160000011
v -0.0496592671 0.127411887 0.160000011
v -0.0486602634 0.124999925 0.160000011
v -0.0486602634 0.124999925 0.145000011
v -0.0486602634 0.124999925 0.145000011
v -0.0496592671 0.127411887 0.145000011
v -0.0450000241 0.138660297 0.160000011
v -0.0425882116 0.1396593 0.160000011
v -0.0450000241 0.138660297 0.145000011
v -0.0425882116 0.1396593 0.145000011
v -0.0425882116 0.1396593 0.160000011
v -0.0425882116 0.1396593 0.145000011
v -0.0470710769 0.122928813 0.160000011
v -0.0486602634 0.124999925 0.160000011
v -0.0470710769 0.122928813 0.160000011
v -0.0470710769 0.122928813 0.145000011
v -0.0470710769 0.122928813 0.145000011
v -0.0486602634 0.124999925 0.145000011
v -0.0425882116 0.1396593 0.160000011
v -0.0399999991 0.139999881 0.160000011
v -0.0425882116 0.1396593 0.145000011
v -0.0399999991 0.139999881 0.145000011
v -0.0399999991 0.139999881 0.160000011
v -0.0399999991 0.139999881 0.145000011
v -0.0450000241 0.121339783 0.160000011
v -0.0470710769 0.122928813 0.160000011
v -0.0450000241 0.121339783 0.160000011
v -0.0450000241 0.121339783 0.145000011
v -0.0450000241 0.121339783 0.145000011
v -0.0470710769 0.122928813 0.145000011
v 0 0.139999881 0.160000011
v -0.0399999991 0.139999881 0.160000011
v 0 0.139999881 0.145000011
v -0.0399999991 0.139999881 0.145000011
v 0 0.139999881 0.160000011
v 0 0.139999881 0.145000011
v -0.0425882116 0.120340809 0.160000011
v -0.0450000241 0.121339783 0.160000011
v -0.0425882116 0.120340809 0.160000011
v -0.0425882116 0.120340809 0.145000011
v -0.0425882116 0.120340809 0.145000011
v -0.0450000241 0.121339783 0.145000011
v 0.0399999917 0.139999881 0.160000011
v 0 0.139999881 0.160000011
v 0.0399999917 0.139999881 0.145000011
v 0 0.139999881 0.145000011
v 0.0399999917 0.139999881 0.160000011
v 0.0399999917 0.139999881 0.145000011
v -0.0399999991 0.11999993 0.160000011
v -0.0425882116 0.120340809 0.160000011
v -0.0399999991 0.11999993 0.160000011
v -0.0399999991 0.11999993 0.145000011
v -0.0399999991 0.11999993 0.145000011
v -0.0425882116 0.120340809 0.145000011
v 0.0425881594 0.1396593 0.160000011
v 0.0399999917 0.139999881 0.160000011
v 0.0425881594 0.1396593 0.145000011
v 0.0399999917 0.139999881 0.145000011
v 0.0425881594 0.1396593 0.160000011
v 0.0425881594 0.1396593 0.145000011
v -0.0399999991 0.11999993 0.160000011
v 0.0399999917 0.11999993 0.160000011
v 0.0399999917 0.11999993 0.160000011
v 0.0399999917 0.11999993 0.145000011
v -0.0399999991 0.11999993 0.145000011
v 0.0399999917 0.11999993 0.145000011
v 0.0449999869 0.138660297 0.160000011
v 0.0425881594 0.1396593 0.160000011
v 0.0449999869 0.138660297 0.145000011
v 0.0425881594 0.1396593 0.145000011
v 0.0449999869 0.138660297 0.160000011
v 0.0449999869 0.138660297 0.145000011
v 0.0399999917 0.11999993 0.160000011
v 0.0425881594 0.120340809 0.160000011
v 0.0425881594 0.120340809 0.160000011
v 0.0425881594 0.120340809 0.145000011
v 0.0399999917 0.11999993 0.145000011
v 0.0425881594 0.120340809 0.145000011
v 0.0470710546 0.137071028 0.160000011
v 0.0449999869 0.138660297 0.160000011
v 0.0470710546 0.137071028 0.145000011
v 0.0449999869 0.138660297 0.145000011
v 0.0470710546 0.137071028 0.160000011
v 0.0470710546 0.137071028 0.145000011
v 0.0425881594 0.120340809 0.160000011
v 0.0449999869 0.121339783 0.160000011
v 0.0449999869 0.121339783 0.160000011
v 0.0449999869 0.121339783 0.145000011
v 0.0425881594 0.120340809 0.145000011
v 0.0449999869 0.121339783 0.145000011
v 0.0486602485 0.134999916 0.160000011
v 0.0470710546 0.137071028 0.160000011
v 0.0486602485 0.134999916 0.145000011
v 0.0470710546 0.137071028 0.145000011
v 0.0486602485 0.134999916 0.160000011
v 0.0486602485 0.134999916 0.145000011
v 0.0449999869 0.121339783 0.160000011
v 0.0470710546 0.122928813 0.160000011
v 0.0470710546 0.122928813 0.160000011
v 0.0470710546 0.122928813 0.145000011
v 0.0449999869 0.121339783 0.145000011
v 0.0470710546 0.122928813 0.145000011
v 0.0496592373 0.132588193 0.160000011
v 0.0486602485 0.134999916 0.160000011
v 0.0496592373 0.132588193 0.145000011
v 0.0486602485 0.134999916 0.145000011
v 0.0496592373 0.132588193 0.160000011
v 0.0496592373 0.132588193 0.145000011
v 0.0470710546 0.122928813 0.160000011
v 0.0486602485 0.124999925 0.160000011
v 0.0486602485 0.124999925 0.160000011
v 0.0486602485 0.124999925 0.145000011
v 0.0470710546 0.122928813 0.145000011
v 0.0486602485 0.124999925 0.145000011
v 0.049999997 0.129999921 0.160000011
v 0.0496592373 0.132588193 0.160000011
v 0.049999997 0.129999921 0.145000011
v 0.0496592373 0.132588193 0.145000011
v 0.049999997 0.129999921 0.160000011
v 0.049999997 0.129999921 0.145000011
v 0.0486602485 0.124999925 0.160000011
v 0.0496592373 0.127411887 0.160000011
v 0.0496592373 0.127411887 0.160000011
v 0.0496592373 0.127411887 0.145000011
v 0.0486602485 0.124999925 0.145000011
v 0.0496592373 0.127411887 0.145000011
v 0.0496592373 0.127411887 0.160000011
v 0.049999997 0.129999921 0.160000011
v 0.0496592373 0.127411887 0.145000011
v 0.049999997 0.129999921 0.145000011
v -0.160000011 0.160000101 0.160000011
v -0.145000011 0.160000101 0.145000011
v -0.160000011 0.160000101 -0.160000116
v -0.145000011 0.160000101 0.145000011
v -0.160000011 0.160000101 0.160000011
v 0.160000116 0.160000101 0.160000011
v -0.145000011 0.160000101 0.145000011
v 0.160000116 0.160000101 0.160000011
v 0.144999892 0.160000101 0.145000011
v 0.144999892 0.160000101 0.145000011
v 0.160000116 0.160000101 0.160000011
v 0.144999892 0.160000101 -0.144999892
v -0.160000011 0.160000101 -0.160000116
v -0.145000011 0.160000101 -0.144999892
v 0.160000116 0.160000101 -0.160000116
v -0.145000011 0.160000101 -0.144999892
v -0.160000011 0.160000101 -0.160000116
v -0.145000011 0.160000101 0.145000011
v 0.160000116 0.160000101 -0.160000116
v -0.145000011 0.160000101 -0.144999892
v 0.144999892 0.160000101 -0.144999892
v 0.160000116 0.160000101 -0.160000116
v 0.144999892 0.160000101 -0.144999892
v 0.160000116 0.160000101 0.160000011
v 0.160000116 0.160000101 0.160000011
v 0.144999892 0.160000101 -0.144999892
v 0.160000116 0.160000101 -0.160000116
v 0.144999892 0.160000101 -0.144999892
v -0.145000011 0.160000101 -0.144999892
v 0.160000116 0.160000101 -0.160000116
v -0.145000011 0.160000101 0.145000011
v -0.160000011 0.160000101 -0.160000116
v -0.145000011 0.160000101 -0.144999892
v 0.160000116 0.160000101 -0.160000116
v -0.145000011 0.160000101 -0.144999892
v -0.160000011 0.160000101 -0.160000116
v 0.144999892 0.160000101 -0.144999892
v 0.160000116 0.160000101 0.160000011
v 0.144999892 0.160000101 0.145000011
v 0.144999892 0.160000101 0.145000011
v 0.160000116 0.160000101 0.160000011
v -0.145000011 0.160000101 0.145000011
v 0.160000116 0.160000101 0.160000011
v -0.160000011 0.160000101 0.160000011
v -0.145000011 0.160000101 0.145000011
v -0.160000011 0.160000101 -0.160000116
v -0.145000011 0.160000101 0.145000011
v -0.160000011 0.160000101 0.160000011
v -0.160000011 0.160000101 -0.160000116
v -0.160000011 0 0.160000011
v -0.160000011 0.160000101 0.160000011
v -0.160000011 0 0.160000011
v -0.160000011 0.160000101 -0.160000116
v -0.160000011 0 -0.160000116
v -0.160000011 0 -0.160000116
v -0.160000011 0.160000101 -0.160000116
v -0.160000011 0 0.160000011
v -0.160000011 0.160000101 0.160000011
v -0.160000011 0 0.160000011
v -0.160000011 0.160000101 -0.160000116
v 0.160000116 0.160000101 0.160000011
v -0.160000011 0 0.160000011
v 0.160000116 0 0.160000011
v -0.160000011 0 0.160000011
v 0.160000116 0.160000101 0.160000011
v 0.0425881594 0.120340809 0.160000011
v -0.160000011 0 0.160000011
v 0.0425881594 0.120340809 0.160000011
v 0.0399999917 0.11999993 0.160000011
v 0.0425881594 0.120340809 0.160000011
v 0.160000116 0.160000101 0.160000011
v 0.0449999869 0.121339783 0.160000011
v 0.0449999869 0.121339783 0.160000011
v 0.160000116 0.160000101 0.160000011
v 0.0470710546 0.122928813 0.160000011
v 0.0470710546 0.122928813 0.160000011
v 0.160000116 0.160000101 0.160000011
v 0.0486602485 0.124999925 0.160000011
v 0.0486602485 0.124999925 0.160000011
v 0.160000116 0.160000101 0.160000011
v 0.0496592373 0.127411887 0.160000011
v 0.0496592373 0.127411887 0.160000011
v 0.160000116 0.160000101 0.160000011
v 0.049999997 0.129999921 0.160000011
v 0.049999997 0.129999921 0.160000011
v 0.160000116 0.160000101 0.160000011
v 0.0496592373 0.132588193 0.160000011
v 0.0496592373 0.132588193 0.160000011
v 0.160000116 0.160000101 0.160000011
v 0.0486602485 0.134999916 0.160000011
v 0.0486602485 0.134999916 0.160000011
v 0.160000116 0.160000101 0.160000011
v 0.0470710546 0.137071028 0.160000011
v 0.0470710546 0.137071028 0.160000011
v 0.160000116 0.160000101 0.160000011
v 0.0449999869 0.138660297 0.160000011
v 0.0449999869 0.138660297 0.160000011
v 0.160000116 0.160000101 0.160000011
v 0.0425881594 0.1396593 0.160000011
v 0.160000116 0.160000101 0.160000011
v 0.0399999917 0.139999881 0.160000011
v 0.0399999917 0.139999881 0.160000011
v 0.160000116 0.160000101 0.160000011
v 0 0.139999881 0.160000011
v 0 0.139999881 0.160000011
v 0.160000116 0.160000101 0.160000011
v -0.0399999991 0.139999881 0.160000011
v -0.160000011 0 0.160000011
v -0.0425882116 0.120340809 0.160000011
v -0.160000011 0.160000101 0.160000011
v -0.0425882116 0.120340809 0.160000011
v -0.160000011 0 0.160000011
v -0.0399999991 0.11999993 0.160000011
v -0.0399999991 0.11999993 0.160000011
v -0.160000011 0 0.160000011
v 0.0399999917 0.11999993 0.160000011
v -0.160000011 0.160000101 0.160000011
v -0.0425882116 0.120340809 0.160000011
v -0.160000011 0.160000101 0.160000011
v -0.0450000241 0.121339783 0.160000011
v -0.0470710769 0.122928813 0.160000011
v -0.160000011 0.160000101 0.160000011
v -0.0470710769 0.122928813 0.160000011
v -0.0486602634 0.124999925 0.160000011
v -0.160000011 0.160000101 0.160000011
v -0.0486602634 0.124999925 0.160000011
v -0.0496592671 0.127411887 0.160000011
v -0.160000011 0.160000101 0.160000011
v -0.0496592671 0.127411887 0.160000011
v -0.0500000045 0.129999921 0.160000011
v -0.160000011 0.160000101 0.160000011
v -0.0500000045 0.129999921 0.160000011
v -0.0496592671 0.132588193 0.160000011
v -0.160000011 0.160000101 0.160000011
v -0.0496592671 0.132588193 0.160000011
v -0.0486602634 0.134999916 0.160000011
v -0.160000011 0.160000101 0.160000011
v -0.0486602634 0.134999916 0.160000011
v -0.0470710769 0.137071028 0.160000011
v -0.160000011 0.160000101 0.160000011
v -0.0470710769 0.137071028 0.160000011
v -0.0450000241 0.138660297 0.160000011
v -0.160000011 0.160000101 0.160000011
v -0.0450000241 0.138660297 0.160000011
v -0.0425882116 0.1396593 0.160000011
v -0.160000011 0.160000101 0.160000011
v -0.0425882116 0.1396593 0.160000011
v -0.0399999991 0.139999881 0.160000011
v -0.160000011 0.160000101 0.160000011
v -0.0399999991 0.139999881 0.160000011
v 0.160000116 0.160000101 0.160000011
v 0.160000116 0.160000101 0.160000011
v -0.0399999991 0.139999881 0.160000011
v -0.160000011 0.160000101 0.160000011
v -0.0399999991 0.139999881 0.160000011
v -0.0425882116 0.1396593 0.160000011
v -0.160000011 0.160000101 0.160000011
v -0.0425882116 0.1396593 0.160000011
v -0.0450000241 0.138660297 0.160000011
v -0.160000011 0.160000101 0.160000011
v -0.0450000241 0.138660297 0.160000011
v -0.0470710769 0.137071028 0.160000011
v -0.160000011 0.160000101 0.160000011
v -0.0470710769 0.137071028 0.160000011
v -0.0486602634 0.134999916 0.160000011
v -0.160000011 0.160000101 0.160000011
v -0.0486602634 0.134999916 0.160000011
v -0.0496592671 0.132588193 0.160000011
v -0.160000011 0.160000101 0.160000011
v -0.0496592671 0.132588193 0.160000011
v -0.0500000045 0.129999921 0.160000011
v -0.160000011 0.160000101 0.160000011
v -0.0500000045 0.129999921 0.160000011
v -0.0496592671 0.127411887 0.160000011
v -0.160000011 0.160000101 0.160000011
v -0.0496592671 0.127411887 0.160000011
v -0.0486602634 0.124999925 0.160000011
v -0.160000011 0.160000101 0.160000011
v -0.0486602634 0.124999925 0.160000011
v -0.0470710769 0.122928813 0.160000011
v -0.160000011 0.160000101 0.160000011
v -0.0470710769 0.122928813 0.160000011
v -0.0450000241 0.121339783 0.160000011
v -0.160000011 0.160000101 0.160000011
v -0.0450000241 0.121339783 0.160000011
v -0.0425882116 0.120340809 0.160000011
v -0.160000011 0.160000101 0.160000011
v 0.0399999917 0.11999993 0.160000011
v -0.160000011 0 0.160000011
v -0.0399999991 0.11999993 0.160000011
v -0.0399999991 0.11999993 0.160000011
v -0.160000011 0 0.160000011
v -0.0425882116 0.120340809 0.160000011
v -0.160000011 0.160000101 0.160000011
v -0.0425882116 0.120340809 0.160000011
v -0.160000011 0 0.160000011
v -0.0399999991 0.139999881 0.160000011
v 0.160000116 0.160000101 0.160000011
v 0 0.139999881 0.160000011
v 0 0.139999881 0.160000011
v 0.160000116 0.160000101 0.160000011
v 0.0399999917 0.139999881 0.160000011
v 0.0399999917 0.139999881 0.160000011
v 0.160000116 0.160000101 0.160000011
v 0.0425881594 0.1396593 0.160000011
v 0.0425881594 0.1396593 0.160000011
v 0.160000116 0.160000101 0.160000011
v 0.0449999869 0.138660297 0.160000011
v 0.0449999869 0.138660297 0.160000011
v 0.160000116 0.160000101 0.160000011
v 0.0470710546 0.137071028 0.160000011
v 0.0470710546 0.137071028 0.160000011
v 0.160000116 0.160000101 0.160000011
v 0.0486602485 0.134999916 0.160000011
v 0.0486602485 0.134999916 0.160000011
v 0.160000116 0.160000101 0.160000011
v 0.0496592373 0.132588193 0.160000011
v 0.0496592373 0.132588193 0.160000011
v 0.160000116 0.160000101 0.160000011
v 0.049999997 0.129999921 0.160000011
v 0.049999997 0.129999921 0.160000011
v 0.160000116 0.160000101 0.160000011
v 0.0496592373 0.127411887 0.160000011
v 0.0496592373 0.127411887 0.160000011
v 0.160000116 0.160000101 0.160000011
v 0.0486602485 0.124999925 0.160000011
v 0.0486602485 0.124999925 0.160000011
v 0.160000116 0.160000101 0.160000011
v 0.0470710546 0.122928813 0.160000011
v 0.0470710546 0.122928813 0.160000011
v 0.160000116 0.160000101 0.160000011
v 0.0449999869 0.121339783 0.160000011
v 0.0449999869 0.121339783 0.160000011
v 0.160000116 0.160000101 0.160000011
v 0.0425881594 0.120340809 0.160000011
v 0.0399999917 0.11999993 0.160000011
v 0.0425881594 0.120340809 0.160000011
v -0.160000011 0 0.160000011
v 0.0425881594 0.120340809 0.160000011
v 0.160000116 0.160000101 0.160000011
v -0.160000011 0 0.160000011
v 0.160000116 0 0.160000011
v -0.160000011 0 0.160000011
v 0.160000116 0.160000101 0.160000011
v 0.160000116 0 -0.160000116
v 0.160000116 0.160000101 0.160000011
v 0.160000116 0 0.160000011
v 0.160000116 0.160000101 0.160000011
v 0.160000116 0 -0.160000116
v 0.160000116 0.160000101 -0.160000116
v 0.160000116 0.160000101 -0.160000116
v 0.160000116 0 -0.160000116
v 0.160000116 0.160000101 0.160000011
v 0.160000116 0 0.160000011
v 0.160000116 0.160000101 0.160000011
v 0.160000116 0 -0.160000116
v -0.160000011 0.160000101 -0.160000116
v 0.160000116 0 -0.160000116
v -0.160000011 0 -0.160000116
v 0.160000116 0 -0.160000116
v -0.160000011 0.160000101 -0.160000116
v -0.0425882116 0.120340809 -0.160000116
v 0.160000116 0 -0.160000116
v -0.0425882116 0.120340809 -0.160000116
v -0.0399999991 0.11999993 -0.160000116
v -0.0425882116 0.120340809 -0.160000116
v -0.160000011 0.160000101 -0.160000116
v -0.0450000241 0.121339783 -0.160000116
v -0.0450000241 0.121339783 -0.160000116
v -0.160000011 0.160000101 -0.160000116
v -0.0470710769 0.122928813 -0.160000116
v -0.0470710769 0.122928813 -0.160000116
v -0.160000011 0.160000101 -0.160000116
v -0.0486602634 0.124999925 -0.160000116
v -0.0486602634 0.124999925 -0.160000116
v -0.160000011 0.160000101 -0.160000116
v -0.0496592671 0.127411887 -0.160000116
v -0.0496592671 0.127411887 -0.160000116
v -0.160000011 0.160000101 -0.160000116
v -0.0500000045 0.129999921 -0.160000116
v -0.0500000045 0.129999921 -0.160000116
v -0.160000011 0.160000101 -0.160000116
v -0.0496592671 0.132588193 -0.160000116
v -0.0496592671 0.132588193 -0.160000116
v -0.160000011 0.160000101 -0.160000116
v -0.0486602634 0.134999916 -0.160000116
v -0.0486602634 0.134999916 -0.160000116
v -0.160000011 0.160000101 -0.160000116
v -0.0470710769 0.137071028 -0.160000116
v -0.0470710769 0.137071028 -0.160000116
v -0.160000011 0.160000101 -0.160000116
v -0.0450000241 0.138660297 -0.160000116
v -0.0450000241 0.138660297 -0.160000116
v -0.160000011 0.160000101 -0.160000116
v -0.0425882116 0.1396593 -0.160000116
v -0.0425882116 0.1396593 -0.160000116
v -0.160000011 0.160000101 -0.160000116
v -0.0399999991 0.139999881 -0.160000116
v -0.0399999991 0.139999881 -0.160000116
v -0.160000011 0.160000101 -0.160000116
v 0 0.139999881 -0.160000116
v 0 0.139999881 -0.160000116
v -0.160000011 0.160000101 -0.160000116
v 0.0399999917 0.139999881 -0.160000116
v 0.160000116 0 -0.160000116
v 0.0425881594 0.120340809 -0.160000116
v 0.160000116 0.160000101 -0.160000116
v 0.0425881594 0.120340809 -0.160000116
v 0.160000116 0 -0.160000116
v 0.0399999917 0.11999993 -0.160000116
v 0.0399999917 0.11999993 -0.160000116
v 0.160000116 0 -0.160000116
v -0.0399999991 0.11999993 -0.160000116
v 0.160000116 0.160000101 -0.160000116
v 0.0425881594 0.120340809 -0.160000116
v 0.0449999869 0.121339783 -0.160000116
v 0.160000116 0.160000101 -0.160000116
v 0.0449999869 0.121339783 -0.160000116
v 0.0470710546 0.122928813 -0.160000116
v 0.160000116 0.160000101 -0.160000116
v 0.0470710546 0.122928813 -0.160000116
v 0.0486602485 0.124999925 -0.160000116
v 0.160000116 0.160000101 -0.160000116
v 0.0486602485 0.124999925 -0.160000116
v 0.0496592373 0.127411887 -0.160000116
v 0.160000116 0.160000101 -0.160000116
v 0.0496592373 0.127411887 -0.160000116
v 0.049999997 0.129999921 -0.160000116
v 0.160000116 0.160000101 -0.160000116
v 0.049999997 0.129999921 -0.160000116
v 0.0496592373 0.132588193 -0.160000116
v 0.160000116 0.160000101 -0.160000116
v 0.0496592373 0.132588193 -0.160000116
v 0.0486602485 0.134999916 -0.160000116
v 0.160000116 0.160000101 -0.160000116
v 0.0486602485 0.134999916 -0.160000116
v 0.0470710546 0.137071028 -0.160000116
v 0.160000116 0.160000101 -0.160000116
v 0.0470710546 0.137071028 -0.160000116
v 0.0449999869 0.138660297 -0.160000116
v 0.160000116 0.160000101 -0.160000116
v 0.0449999869 0.138660297 -0.160000116
v 0.0425881594 0.1396593 -0.160000116
v 0.160000116 0.160000101 -0.160000116
v 0.0425881594 0.1396593 -0.160000116
v 0.0399999917 0.139999881 -0.160000116
v 0.160000116 0.160000101 -0.160000116
v 0.0399999917 0.139999881 -0.160000116
v -0.160000011 0.160000101 -0.160000116
v -0.160000011 0.160000101 -0.160000116
v 0.0399999917 0.139999881 -0.160000116
v 0.160000116 0.160000101 -0.160000116
v 0.0399999917 0.139999881 -0.160000116
v 0.0425881594 0.1396593 -0.160000116
v 0.160000116 0.160000101 -0.160000116
v 0.0425881594 0.1396593 -0.160000116
v 0.0449999869 0.138660297 -0.160000116
v 0.160000116 0.160000101 -0.160000116
v 0.0449999869 0.138660297 -0.160000116
v 0.0470710546 0.137071028 -0.160000116
v 0.160000116 0.160000101 -0.160000116
v 0.0470710546 0.137071028 -0.160000116
v 0.0486602485 0.134999916 -0.160000116
v 0.160000116 0.160000101 -0.160000116
v 0.0486602485 0.134999916 -0.160000116
v 0.0496592373 0.132588193 -0.160000116
v 0.160000116 0.160000101 -0.160000116
v 0.0496592373 0.132588193 -0.160000116
v 0.049999997 0.129999921 -0.160000116
v 0.160000116 0.160000101 -0.160000116
v 0.049999997 0.129999921 -0.160000116
v 0.0496592373 0.127411887 -0.160000116
v 0.160000116 0.160000101 -0.160000116
v 0.0496592373 0.127411887 -0.160000116
v 0.0486602485 0.124999925 -0.160000116
v 0.160000116 0.160000101 -0.160000116
v 0.0486602485 0.124999925 -0.160000116
v 0.0470710546 0.122928813 -0.160000116
v 0.160000116 0.160000101 -0.160000116
v 0.0470710546 0.122928813 -0.160000116
v 0.0449999869 0.121339783 -0.160000116
v 0.160000116 0.160000101 -0.160000116
v 0.0449999869 0.121339783 -0.160000116
v 0.0425881594 0.120340809 -0.160000116
v 0.160000116 0.160000101 -0.160000116
v -0.0399999991 0.11999993 -0.160000116
v 0.160000116 0 -0.160000116
v 0.0399999917 0.11999993 -0.160000116
v 0.0399999917 0.11999993 -0.160000116
v 0.160000116 0 -0.160000116
v 0.0425881594 0.120340809 -0.160000116
v 0.160000116 0.160000101 -0.160000116
v 0.0425881594 0.120340809 -0.160000116
v 0.160000116 0 -0.160000116
v 0.0399999917 0.139999881 -0.160000116
v -0.160000011 0.160000101 -0.160000116
v 0 0.139999881 -0.160000116
v 0 0.139999881 -0.160000116
v -0.160000011 0.160000101 -0.160000116
v -0.0399999991 0.139999881 -0.160000116
v -0.0399999991 0.139999881 -0.160000116
v -0.160000011 0.160000101 -0.160000116
v -0.0425882116 0.1396593 -0.160000116
v -0.0425882116 0.1396593 -0.160000116
v -0.160000011 0.160000101 -0.160000116
v -0.0450000241 0.138660297 -0.160000116
v -0.0450000241 0.138660297 -0.160000116
v -0.160000011 0.160000101 -0.160000116
v -0.0470710769 0.137071028 -0.160000116
v -0.0470710769 0.137071028 -0.160000116
v -0.160000011 0.160000101 -0.160000116
v -0.0486602634 0.134999916 -0.160000116
v -0.0486602634 0.134999916 -0.160000116
v -0.160000011 0.160000101 -0.160000116
v -0.0496592671 0.132588193 -0.160000116
v -0.0496592671 0.132588193 -0.160000116
v -0.160000011 0.160000101 -0.160000116
v -0.0500000045 0.129999921 -0.160000116
v -0.0500000045 0.129999921 -0.160000116
v -0.160000011 0.160000101 -0.160000116
v -0.0496592671 0.127411887 -0.160000116
v -0.0496592671 0.127411887 -0.160000116
v -0.160000011 0.160000101 -0.160000116
v -0.0486602634 0.124999925 -0.160000116
v -0.0486602634 0.124999925 -0.160000116
v -0.160000011 0.160000101 -0.160000116
v -0.0470710769 0.122928813 -0.160000116
v -0.0470710769 0.122928813 -0.160000116
v -0.160000011 0.160000101 -0.160000116
v -0.0450000241 0.121339783 -0.160000116
v -0.0450000241 0.121339783 -0.160000116
v -0.160000011 0.160000101 -0.160000116
v -0.0425882116 0.120340809 -0.160000116
v -0.0399999991 0.11999993 -0.160000116
v -0.0425882116 0.120340809 -0.160000116
v 0.160000116 0 -0.160000116
v -0.0425882116 0.120340809 -0.160000116
v -0.160000011 0.160000101 -0.160000116
v 0.160000116 0 -0.160000116
v -0.160000011 0 -0.160000116
v 0.160000116 0 -0.160000116
v -0.160000011 0.160000101 -0.160000116
v -0.160000011 0.160000101 -0.160000116
v -0.160000011 0.160000101 0.160000011
v -0.160000011 0.160000101 0.160000011
v 0.160000116 0.160000101 0.160000011
v 0.160000116 0.160000101 0.160000011
v 0.160000116 0.160000101 -0.160000116
v 0.160000116 0.160000101 -0.160000116
v -0.160000011 0.160000101 -0.160000116
v 0.144999892 0.160000101 -0.144999892
v -0.145000011 0.160000101 -0.144999892
v 0.144999892 0.160000101 0.145000011
v -0.145000011 0.160000101 0.145000011
v 0.144999892 0.160000101 0.145000011
v -0.145000011 0.160000101 -0.144999892
v -0.145000011 0.160000101 0.145000011
v -0.160000011 0 -0.160000116
v -0.160000011 0 0.160000011
v -0.160000011 0.160000101 0.160000011
v 0 0.139999881 0.160000011
v -0.0399999991 0.139999881 0.160000011
v 0.0399999917 0.139999881 0.160000011
v 0 0.139999881 0.160000011
v 0.0425881594 0.1396593 0.160000011
v 0.0399999917 0.139999881 0.160000011
v 0.0449999869 0.138660297 0.160000011
v 0.0425881594 0.1396593 0.160000011
v 0.0470710546 0.137071028 0.160000011
v 0.0449999869 0.138660297 0.160000011
v 0.0486602485 0.134999916 0.160000011
v 0.0470710546 0.137071028 0.160000011
v 0.0496592373 0.132588193 0.160000011
v 0.0486602485 0.134999916 0.160000011
v 0.049999997 0.129999921 0.160000011
v 0.0496592373 0.132588193 0.160000011
v 0.0496592373 0.127411887 0.160000011
v 0.049999997 0.129999921 0.160000011
v 0.0486602485 0.124999925 0.160000011
v 0.0496592373 0.127411887 0.160000011
v 0.0470710546 0.122928813 0.160000011
v 0.0486602485 0.124999925 0.160000011
v 0.0449999869 0.121339783 0.160000011
v 0.0470710546 0.122928813 0.160000011
v 0.0425881594 0.120340809 0.160000011
v 0.0449999869 0.121339783 0.160000011
v 0.0399999917 0.11999993 0.160000011
v 0.0425881594 0.120340809 0.160000011
v -0.0399999991 0.11999993 0.160000011
v 0.0399999917 0.11999993 0.160000011
v -0.0399999991 0.11999993 0.160000011
v -0.0425882116 0.120340809 0.160000011
v -0.0425882116 0.120340809 0.160000011
v -0.0450000241 0.121339783 0.160000011
v -0.0450000241 0.121339783 0.160000011
v -0.0470710769 0.122928813 0.160000011
v -0.0470710769 0.122928813 0.160000011
v -0.0486602634 0.124999925 0.160000011
v -0.0486602634 0.124999925 0.160000011
v -0.0496592671 0.127411887 0.160000011
v -0.0496592671 0.127411887 0.160000011
v -0.0500000045 0.129999921 0.160000011
v -0.0500000045 0.129999921 0.160000011
v -0.0496592671 0.132588193 0.160000011
v -0.0496592671 0.132588193 0.160000011
v -0.0486602634 0.134999916 0.160000011
v -0.0486602634 0.134999916 0.160000011
v -0.0470710769 0.137071028 0.160000011
v -0.0470710769 0.137071028 0.160000011
v -0.0450000241 0.138660297 0.160000011
v -0.0450000241 0.138660297 0.160000011
v -0.0425882116 0.1396593 0.160000011
v -0.0425882116 0.1396593 0.160000011
v -0.0399999991 0.139999881 0.160000011
v 0.049999997 0.129999921 -0.160000116
v 0.0496592373 0.132588193 -0.160000116
v 0.0496592373 0.132588193 -0.160000116
v 0.0486602485 0.134999916 -0.160000116
v 0.0486602485 0.134999916 -0.160000116
v 0.0470710546 0.137071028 -0.160000116
v 0.0470710546 0.137071028 -0.160000116
v 0.0449999869 0.138660297 -0.160000116
v 0.0449999869 0.138660297 -0.160000116
v 0.0425881594 0.1396593 -0.160000116
v 0.0425881594 0.1396593 -0.160000116
v 0.0399999917 0.139999881 -0.160000116
v 0.0399999917 0.139999881 -0.160000116
v 0 0.139999881 -0.160000116
v 0 0.139999881 -0.160000116
v -0.0399999991 0.139999881 -0.160000116
v -0.0425882116 0.1396593 -0.160000116
v -0.0399999991 0.139999881 -0.160000116
v -0.0450000241 0.138660297 -0.160000116
v -0.0425882116 0.1396593 -0.160000116
v -0.0470710769 0.137071028 -0.160000116
v -0.0450000241 0.138660297 -0.160000116
v -0.0486602634 0.134999916 -0.160000116
v -0.0470710769 0.137071028 -0.160000116
v -0.0496592671 0.132588193 -0.160000116
v -0.0486602634 0.134999916 -0.160000116
v -0.0500000045 0.129999921 -0.160000116
v -0.0496592671 0.132588193 -0.160000116
v -0.0496592671 0.127411887 -0.160000116
v -0.0500000045 0.129999921 -0.160000116
v -0.0486602634 0.124999925 -0.160000116
v -0.0496592671 0.127411887 -0.160000116
v -0.0470710769 0.122928813 -0.160000116
v -0.0486602634 0.124999925 -0.160000116
v -0.0450000241 0.121339783 -0.160000116
v -0.0470710769 0.122928813 -0.160000116
v -0.0425882116 0.120340809 -0.160000116
v -0.0450000241 0.121339783 -0.160000116
v -0.0399999991 0.11999993 -0.160000116
v -0.0425882116 0.120340809 -0.160000116
v -0.0399999991 0.11999993 -0.160000116
v 0.0399999917 0.11999993 -0.160000116
v 0.0399999917 0.11999993 -0.160000116
v 0.0425881594 0.120340809 -0.160000116
v 0.0425881594 0.120340809 -0.160000116
v 0.0449999869 0.121339783 -0.160000116
v 0.0449999869 0.121339783 -0.160000116
v 0.0470710546 0.122928813 -0.160000116
v 0.0470710546 0.122928813 -0.160000116
v 0.0486602485 0.124999925 -0.160000116
v 0.0486602485 0.124999925 -0.160000116
v 0.0496592373 0.127411887 -0.160000116
v 0.0496592373 0.127411887 -0.160000116
v 0.049999997 0.129999921 -0.160000116
v -0.160000011 0 -0.160000116
v -0.160000011 0 0.160000011
v -0.160000011 0 0.160000011
v 0.160000116 0 0.160000011
v 0.160000116 0 0.160000011
v 0.160000116 0 -0.160000116
v 0.160000116 0 0.160000011
v 0.160000116 0 -0.160000116
v 0.160000116 0.160000101 -0.160000116
v -0.160000011 0 -0.160000116
v 0.160000116 0 -0.160000116
v -0.145000011 0.160000101 0.145000011
v 0.144999892 0.0149999857 0.145000011
v -0.145000011 0.0149999857 0.145000011
v 0.144999892 0.0149999857 0.145000011
v -0.145000011 0.160000101 0.145000011
v -0.0425882116 0.120340809 0.145000011
v 0.144999892 0.0149999857 0.145000011
v -0.0425882116 0.120340809 0.145000011
v -0.0399999991 0.11999993 0.145000011
v -0.0425882116 0.120340809 0.145000011
v -0.145000011 0.160000101 0.145000011
v -0.0450000241 0.121339783 0.145000011
v -0.0450000241 0.121339783 0.145000011
v -0.145000011 0.160000101 0.145000011
v -0.0470710769 0.122928813 0.145000011
v -0.0470710769 0.122928813 0.145000011
v -0.145000011 0.160000101 0.145000011
v -0.0486602634 0.124999925 0.145000011
v -0.0486602634 0.124999925 0.145000011
v -0.145000011 0.160000101 0.145000011
v -0.0496592671 0.127411887 0.145000011
v -0.0496592671 0.127411887 0.145000011
v -0.145000011 0.160000101 0.145000011
v -0.0500000045 0.129999921 0.145000011
v -0.145000011 0.160000101 0.145000011
v -0.0496592671 0.132588193 0.145000011
v -0.0496592671 0.132588193 0.145000011
v -0.145000011 0.160000101 0.145000011
v -0.0486602634 0.134999916 0.145000011
v -0.0486602634 0.134999916 0.145000011
v -0.145000011 0.160000101 0.145000011
v -0.0470710769 0.137071028 0.145000011
v -0.0470710769 0.137071028 0.145000011
v -0.145000011 0.160000101 0.145000011
v -0.0450000241 0.138660297 0.145000011
v -0.0450000241 0.138660297 0.145000011
v -0.145000011 0.160000101 0.145000011
v -0.0425882116 0.1396593 0.145000011
v -0.0425882116 0.1396593 0.145000011
v -0.145000011 0.160000101 0.145000011
v -0.0399999991 0.139999881 0.145000011
v -0.0399999991 0.139999881 0.145000011
v -0.145000011 0.160000101 0.145000011
v 0 0.139999881 0.145000011
v 0 0.139999881 0.145000011
v 0.0399999917 0.139999881 0.145000011
v 0.144999892 0.0149999857 0.145000011
v 0.0425881594 0.120340809 0.145000011
v 0.144999892 0.160000101 0.145000011
v 0.0425881594 0.120340809 0.145000011
v 0.144999892 0.0149999857 0.145000011
v 0.0399999917 0.11999993 0.145000011
v 0.0399999917 0.11999993 0.145000011
v 0.144999892 0.0149999857 0.145000011
v -0.0399999991 0.11999993 0.145000011
v 0.144999892 0.160000101 0.145000011
v 0.0425881594 0.120340809 0.145000011
v 0.0449999869 0.121339783 0.145000011
v 0.144999892 0.160000101 0.145000011
v 0.0449999869 0.121339783 0.145000011
v 0.0470710546 0.122928813 0.145000011
v 0.144999892 0.160000101 0.145000011
v 0.0470710546 0.122928813 0.145000011
v 0.0486602485 0.124999925 0.145000011
v 0.144999892 0.160000101 0.145000011
v 0.0486602485 0.124999925 0.145000011
v 0.0496592373 0.127411887 0.145000011
v 0.144999892 0.160000101 0.145000011
v 0.0496592373 0.127411887 0.145000011
v 0.049999997 0.129999921 0.145000011
v 0.144999892 0.160000101 0.145000011
v 0.049999997 0.129999921 0.145000011
v 0.0496592373 0.132588193 0.145000011
v 0.144999892 0.160000101 0.145000011
v 0.0496592373 0.132588193 0.145000011
v 0.0486602485 0.134999916 0.145000011
v 0.144999892 0.160000101 0.145000011
v 0.0486602485 0.134999916 0.145000011
v 0.0470710546 0.137071028 0.145000011
v 0.144999892 0.160000101 0.145000011
v 0.0470710546 0.137071028 0.145000011
v 0.0449999869 0.138660297 0.145000011
v 0.144999892 0.160000101 0.145000011
v 0.0449999869 0.138660297 0.145000011
v 0.0425881594 0.1396593 0.145000011
v 0.144999892 0.160000101 0.145000011
v 0.144999892 0.160000101 0.145000011
v 0.0399999917 0.139999881 0.145000011
v -0.145000011 0.160000101 0.145000011
v -0.145000011 0.160000101 0.145000011
v 0.0399999917 0.139999881 0.145000011
v 0.144999892 0.160000101 0.145000011
v 0.0399999917 0.139999881 0.145000011
v 0.0425881594 0.1396593 0.145000011
v 0.144999892 0.160000101 0.145000011
v 0.0425881594 0.1396593 0.145000011
v 0.144999892 0.160000101 0.145000011
v 0.0449999869 0.138660297 0.145000011
v 0.0470710546 0.137071028 0.145000011
v 0.144999892 0.160000101 0.145000011
v 0.0470710546 0.137071028 0.145000011
v 0.0486602485 0.134999916 0.145000011
v 0.144999892 0.160000101 0.145000011
v 0.0486602485 0.134999916 0.145000011
v 0.0496592373 0.132588193 0.145000011
v 0.144999892 0.160000101 0.145000011
v 0.0496592373 0.132588193 0.145000011
v 0.049999997 0.129999921 0.145000011
v 0.144999892 0.160000101 0.145000011
v 0.049999997 0.129999921 0.145000011
v 0.0496592373 0.127411887 0.145000011
v 0.144999892 0.160000101 0.145000011
v 0.0496592373 0.127411887 0.145000011
v 0.0486602485 0.124999925 0.145000011
v 0.144999892 0.160000101 0.145000011
v 0.0486602485 0.124999925 0.145000011
v 0.0470710546 0.122928813 0.145000011
v 0.144999892 0.160000101 0.145000011
v 0.0470710546 0.122928813 0.145000011
v 0.0449999869 0.121339783 0.145000011
v 0.144999892 0.160000101 0.145000011
v 0.0449999869 0.121339783 0.145000011
v 0.0425881594 0.120340809 0.145000011
v 0.144999892 0.160000101 0.145000011
v -0.0399999991 0.11999993 0.145000011
v 0.144999892 0.0149999857 0.145000011
v 0.0399999917 0.11999993 0.145000011
v 0.0399999917 0.11999993 0.145000011
v 0.144999892 0.0149999857 0.145000011
v 0.0425881594 0.120340809 0.145000011
v 0.144999892 0.160000101 0.145000011
v 0.0425881594 0.120340809 0.145000011
v 0.144999892 0.0149999857 0.145000011
v 0.0399999917 0.139999881 0.145000011
v -0.145000011 0.160000101 0.145000011
v 0 0.139999881 0.145000011
v 0 0.139999881 0.145000011
v -0.145000011 0.160000101 0.145000011
v -0.0399999991 0.139999881 0.145000011
v -0.0399999991 0.139999881 0.145000011
v -0.145000011 0.160000101 0.145000011
v -0.0425882116 0.1396593 0.145000011
v -0.0425882116 0.1396593 0.145000011
v -0.145000011 0.160000101 0.145000011
v -0.0450000241 0.138660297 0.145000011
v -0.0450000241 0.138660297 0.145000011
v -0.145000011 0.160000101 0.145000011
v -0.0470710769 0.137071028 0.145000011
v -0.0470710769 0.137071028 0.145000011
v -0.145000011 0.160000101 0.145000011
v -0.0486602634 0.134999916 0.145000011
v -0.0486602634 0.134999916 0.145000011
v -0.145000011 0.160000101 0.145000011
v -0.0496592671 0.132588193 0.145000011
v -0.0496592671 0.132588193 0.145000011
v -0.145000011 0.160000101 0.145000011
v -0.0500000045 0.129999921 0.145000011
v -0.0500000045 0.129999921 0.145000011
v -0.145000011 0.160000101 0.145000011
v -0.0496592671 0.127411887 0.145000011
v -0.0496592671 0.127411887 0.145000011
v -0.145000011 0.160000101 0.145000011
v -0.0486602634 0.124999925 0.145000011
v -0.0486602634 0.124999925 0.145000011
v -0.145000011 0.160000101 0.145000011
v -0.0470710769 0.122928813 0.145000011
v -0.0470710769 0.122928813 0.145000011
v -0.145000011 0.160000101 0.145000011
v -0.0450000241 0.121339783 0.145000011
v -0.0450000241 0.121339783 0.145000011
v -0.145000011 0.160000101 0.145000011
v -0.0425882116 0.120340809 0.145000011
v -0.0399999991 0.11999993 0.145000011
v -0.0425882116 0.120340809 0.145000011
v 0.144999892 0.0149999857 0.145000011
v -0.0425882116 0.120340809 0.145000011
v -0.145000011 0.160000101 0.145000011
v 0.144999892 0.0149999857 0.145000011
v -0.145000011 0.0149999857 0.145000011
v 0.144999892 0.0149999857 0.145000011
v -0.145000011 0.160000101 0.145000011
v 0.144999892 0.160000101 -0.144999892
v 0.144999892 0.0149999857 0.145000011
v 0.144999892 0.160000101 0.145000011
v 0.144999892 0.0149999857 0.145000011
v 0.144999892 0.160000101 -0.144999892
v 0.144999892 0.0149999857 -0.144999892
v 0.144999892 0.0149999857 -0.144999892
v 0.144999892 0.160000101 -0.144999892
v 0.144999892 0.0149999857 0.145000011
v 0.144999892 0.160000101 0.145000011
v 0.144999892 0.0149999857 0.145000011
v 0.144999892 0.160000101 -0.144999892
v 0.144999892 0.0149999857 0.145000011
v -0.145000011 0.0149999857 -0.144999892
v -0.145000011 0.0149999857 0.145000011
v -0.145000011 0.0149999857 -0.144999892
v 0.144999892 0.0149999857 0.145000011
v 0.144999892 0.0149999857 -0.144999892
v 0.144999892 0.0149999857 -0.144999892
v 0.144999892 0.0149999857 0.145000011
v -0.145000011 0.0149999857 -0.144999892
v -0.145000011 0.0149999857 0.145000011
v -0.145000011 0.0149999857 -0.144999892
v 0.144999892 0.0149999857 0.145000011
v -0.145000011 0.0149999857 -0.144999892
v -0.145000011 0.160000101 0.145000011
v -0.145000011 0.0149999857 0.145000011
v -0.145000011 0.160000101 0.145000011
v -0.145000011 0.0149999857 -0.144999892
v -0.145000011 0.160000101 -0.144999892
v -0.145000011 0.160000101 -0.144999892
v -0.145000011 0.0149999857 -0.144999892
v -0.145000011 0.160000101 0.145000011
v -0.145000011 0.0149999857 0.145000011
v -0.145000011 0.160000101 0.145000011
v -0.145000011 0.0149999857 -0.144999892
v 0.144999892 0.160000101 -0.144999892
v -0.145000011 0.0149999857 -0.144999892
v 0.144999892 0.0149999857 -0.144999892
v -0.145000011 0.0149999857 -0.144999892
v 0.144999892 0.160000101 -0.144999892
v 0.0425881594 0.120340809 -0.144999892
v -0.145000011 0.0149999857 -0.144999892
v 0.0425881594 0.120340809 -0.144999892
v 0.0399999917 0.11999993 -0.144999892
v 0.0425881594 0.120340809 -0.144999892
v 0.144999892 0.160000101 -0.144999892
v 0.0449999869 0.121339783 -0.144999892
v 0.0449999869 0.121339783 -0.144999892
v 0.144999892 0.160000101 -0.144999892
v 0.0470710546 0.122928813 -0.144999892
v 0.0470710546 0.122928813 -0.144999892
v 0.144999892 0.160000101 -0.144999892
v 0.0486602485 0.124999925 -0.144999892
v 0.0486602485 0.124999925 -0.144999892
v 0.144999892 0.160000101 -0.144999892
v 0.0496592373 0.127411887 -0.144999892
v 0.0496592373 0.127411887 -0.144999892
v 0.144999892 0.160000101 -0.144999892
v 0.049999997 0.129999921 -0.144999892
v 0.049999997 0.129999921 -0.144999892
v 0.144999892 0.160000101 -0.144999892
v 0.0496592373 0.132588193 -0.144999892
v 0.0496592373 0.132588193 -0.144999892
v 0.144999892 0.160000101 -0.144999892
v 0.0486602485 0.134999916 -0.144999892
v 0.0486602485 0.134999916 -0.144999892
v 0.144999892 0.160000101 -0.144999892
v 0.0470710546 0.137071028 -0.144999892
v 0.0470710546 0.137071028 -0.144999892
v 0.144999892 0.160000101 -0.144999892
v 0.0449999869 0.138660297 -0.144999892
v 0.0449999869 0.138660297 -0.144999892
v 0.144999892 0.160000101 -0.144999892
v 0.0425881594 0.1396593 -0.144999892
v 0.0425881594 0.1396593 -0.144999892
v 0.144999892 0.160000101 -0.144999892
v 0.0399999917 0.139999881 -0.144999892
v 0.0399999917 0.139999881 -0.144999892
v 0.144999892 0.160000101 -0.144999892
v 0 0.139999881 -0.144999892
v 0 0.139999881 -0.144999892
v 0.144999892 0.160000101 -0.144999892
v -0.0399999991 0.139999881 -0.144999892
v -0.145000011 0.0149999857 -0.144999892
v -0.0425882116 0.120340809 -0.144999892
v -0.145000011 0.160000101 -0.144999892
v -0.0425882116 0.120340809 -0.144999892
v -0.145000011 0.0149999857 -0.144999892
v -0.0399999991 0.11999993 -0.144999892
v -0.0399999991 0.11999993 -0.144999892
v -0.145000011 0.0149999857 -0.144999892
v 0.0399999917 0.11999993 -0.144999892
v -0.145000011 0.160000101 -0.144999892
v -0.0425882116 0.120340809 -0.144999892
v -0.0450000241 0.121339783 -0.144999892
v -0.145000011 0.160000101 -0.144999892
v -0.0450000241 0.121339783 -0.144999892
v -0.0470710769 0.122928813 -0.144999892
v -0.145000011 0.160000101 -0.144999892
v -0.0470710769 0.122928813 -0.144999892
v -0.0486602634 0.124999925 -0.144999892
v -0.145000011 0.160000101 -0.144999892
v -0.0486602634 0.124999925 -0.144999892
v -0.0496592671 0.127411887 -0.144999892
v -0.145000011 0.160000101 -0.144999892
v -0.0496592671 0.127411887 -0.144999892
v -0.0500000045 0.129999921 -0.144999892
v -0.145000011 0.160000101 -0.144999892
v -0.0500000045 0.129999921 -0.144999892
v -0.0496592671 0.132588193 -0.144999892
v -0.145000011 0.160000101 -0.144999892
v -0.0496592671 0.132588193 -0.144999892
v -0.0486602634 0.134999916 -0.144999892
v -0.145000011 0.160000101 -0.144999892
v -0.0486602634 0.134999916 -0.144999892
v -0.0470710769 0.137071028 -0.144999892
v -0.145000011 0.160000101 -0.144999892
v -0.0470710769 0.137071028 -0.144999892
v -0.0450000241 0.138660297 -0.144999892
v -0.145000011 0.160000101 -0.144999892
v -0.0450000241 0.138660297 -0.144999892
v -0.0425882116 0.1396593 -0.144999892
v -0.145000011 0.160000101 -0.144999892
v -0.0425882116 0.1396593 -0.144999892
v -0.0399999991 0.139999881 -0.144999892
v -0.145000011 0.160000101 -0.144999892
v -0.0399999991 0.139999881 -0.144999892
v 0.144999892 0.160000101 -0.144999892
v 0.144999892 0.160000101 -0.144999892
v -0.0399999991 0.139999881 -0.144999892
v -0.145000011 0.160000101 -0.144999892
v -0.0399999991 0.139999881 -0.144999892
v -0.0425882116 0.1396593 -0.144999892
v -0.145000011 0.160000101 -0.144999892
v -0.0425882116 0.1396593 -0.144999892
v -0.0450000241 0.138660297 -0.144999892
v -0.145000011 0.160000101 -0.144999892
v -0.0450000241 0.138660297 -0.144999892
v -0.0470710769 0.137071028 -0.144999892
v -0.145000011 0.160000101 -0.144999892
v -0.0470710769 0.137071028 -0.144999892
v -0.0486602634 0.134999916 -0.144999892
v -0.145000011 0.160000101 -0.144999892
v -0.0486602634 0.134999916 -0.144999892
v -0.0496592671 0.132588193 -0.144999892
v -0.145000011 0.160000101 -0.144999892
v -0.0496592671 0.132588193 -0.144999892
v -0.0500000045 0.129999921 -0.144999892
v -0.145000011 0.160000101 -0.144999892
v -0.0500000045 0.129999921 -0.144999892
v -0.0496592671 0.127411887 -0.144999892
v -0.145000011 0.160000101 -0.144999892
v -0.0496592671 0.127411887 -0.144999892
v -0.0486602634 0.124999925 -0.144999892
v -0.145000011 0.160000101 -0.144999892
v -0.0486602634 0.124999925 -0.144999892
v -0.0470710769 0.122928813 -0.144999892
v -0.145000011 0.160000101 -0.144999892
v -0.0470710769 0.122928813 -0.144999892
v -0.0450000241 0.121339783 -0.144999892
v -0.145000011 0.160000101 -0.144999892
v -0.0450000241 0.121339783 -0.144999892
v -0.0425882116 0.120340809 -0.144999892
v -0.145000011 0.160000101 -0.144999892
v 0.0399999917 0.11999993 -0.144999892
v -0.145000011 0.0149999857 -0.144999892
v -0.0399999991 0.11999993 -0.144999892
v -0.0399999991 0.11999993 -0.144999892
v -0.145000011 0.0149999857 -0.144999892
v -0.0425882116 0.120340809 -0.144999892
v -0.145000011 0.160000101 -0.144999892
v -0.0425882116 0.120340809 -0.144999892
v -0.145000011 0.0149999857 -0.144999892
v -0.0399999991 0.139999881 -0.144999892
v 0.144999892 0.160000101 -0.144999892
v 0 0.139999881 -0.144999892
v 0 0.139999881 -0.144999892
v 0.144999892 0.160000101 -0.144999892
v 0.0399999917 0.139999881 -0.144999892
v 0.0399999917 0.139999881 -0.144999892
v 0.144999892 0.160000101 -0.144999892
v 0.0425881594 0.1396593 -0.144999892
v 0.0425881594 0.1396593 -0.144999892
v 0.144999892 0.160000101 -0.144999892
v 0.0449999869 0.138660297 -0.144999892
v 0.0449999869 0.138660297 -0.144999892
v 0.144999892 0.160000101 -0.144999892
v 0.0470710546 0.137071028 -0.144999892
v 0.0470710546 0.137071028 -0.144999892
v 0.144999892 0.160000101 -0.144999892
v 0.0486602485 0.134999916 -0.144999892
v 0.0486602485 0.134999916 -0.144999892
v 0.144999892 0.160000101 -0.144999892
v 0.0496592373 0.132588193 -0.144999892
v 0.0496592373 0.132588193 -0.144999892
v 0.144999892 0.160000101 -0.144999892
v 0.049999997 0.129999921 -0.144999892
v 0.049999997 0.129999921 -0.144999892
v 0.144999892 0.160000101 -0.144999892
v 0.0496592373 0.127411887 -0.144999892
v 0.0496592373 0.127411887 -0.144999892
v 0.144999892 0.160000101 -0.144999892
v 0.0486602485 0.124999925 -0.144999892
v 0.0486602485 0.124999925 -0.144999892
v 0.144999892 0.160000101 -0.144999892
v 0.0470710546 0.122928813 -0.144999892
v 0.0470710546 0.122928813 -0.144999892
v 0.144999892 0.160000101 -0.144999892
v 0.0449999869 0.121339783 -0.144999892
v 0.0449999869 0.121339783 -0.144999892
v 0.144999892 0.160000101 -0.144999892
v 0.0425881594 0.120340809 -0.144999892
v 0.0399999917 0.11999993 -0.144999892
v 0.0425881594 0.120340809 -0.144999892
v -0.145000011 0.0149999857 -0.144999892
v 0.0425881594 0.120340809 -0.144999892
v 0.144999892 0.160000101 -0.144999892
v -0.145000011 0.0149999857 -0.144999892
v 0.144999892 0.0149999857 -0.144999892
v -0.145000011 0.0149999857 -0.144999892
v 0.144999892 0.160000101 -0.144999892
v 0.144999892 0.160000101 0.145000011
v 0.144999892 0.160000101 0.145000011
v -0.145000011 0.0149999857 0.145000011
v 0.144999892 0.0149999857 0.145000011
v -0.145000011 0.0149999857 0.145000011
v 0.0399999917 0.11999993 0.145000011
v 0.0399999917 0.11999993 0.145000011
v 0.0425881594 0.120340809 0.145000011
v 0.0425881594 0.120340809 0.145000011
v 0.0449999869 0.121339783 0.145000011
v 0.0449999869 0.121339783 0.145000011
v 0.0470710546 0.122928813 0.145000011
v 0.0470710546 0.122928813 0.145000011
v 0.0486602485 0.124999925 0.145000011
v 0.0486602485 0.124999925 0.145000011
v 0.0496592373 0.127411887 0.145000011
v 0.0496592373 0.127411887 0.145000011
v 0.049999997 0.129999921 0.145000011
v 0.049999997 0.129999921 0.145000011
v 0.0496592373 0.132588193 0.145000011
v 0.0496592373 0.132588193 0.145000011
v 0.0486602485 0.134999916 0.145000011
v 0.0486602485 0.134999916 0.145000011
v 0.0470710546 0.137071028 0.145000011
v 0.0470710546 0.137071028 0.145000011
v 0.0449999869 0.138660297 0.145000011
v 0.0449999869 0.138660297 0.145000011
v 0.0425881594 0.1396593 0.145000011
v 0.0425881594 0.1396593 0.145000011
v 0.0399999917 0.139999881 0.145000011
v 0.0399999917 0.139999881 0.145000011
v 0 0.139999881 0.145000011
v 0 0.139999881 0.145000011
v -0.0399999991 0.139999881 0.145000011
v -0.0399999991 0.139999881 0.145000011
v -0.0470710769 0.137071028 0.145000011
v -0.0450000241 0.138660297 0.145000011
v -0.0486602634 0.134999916 0.145000011
v -0.0470710769 0.137071028 0.145000011
v -0.0496592671 0.132588193 0.145000011
v -0.0486602634 0.134999916 0.145000011
v -0.0500000045 0.129999921 0.145000011
v -0.0496592671 0.132588193 0.145000011
v -0.0496592671 0.127411887 0.145000011
v -0.0500000045 0.129999921 0.145000011
v -0.0486602634 0.124999925 0.145000011
v -0.0496592671 0.127411887 0.145000011
v -0.0470710769 0.122928813 0.145000011
v -0.0486602634 0.124999925 0.145000011
v -0.0450000241 0.121339783 0.145000011
v -0.0470710769 0.122928813 0.145000011
v -0.0425882116 0.120340809 0.145000011
v -0.0399999991 0.11999993 0.145000011
v -0.0425882116 0.120340809 0.145000011
v 0.144999892 0.160000101 0.145000011
v 0.144999892 0.160000101 -0.144999892
v 0.144999892 0.160000101 -0.144999892
v 0.144999892 0.0149999857 -0.144999892
v 0.144999892 0.0149999857 0.145000011
v 0.144999892 0.0149999857 -0.144999892
v 0.144999892 0.0149999857 -0.144999892
v -0.145000011 0.0149999857 -0.144999892
v -0.145000011 0.0149999857 -0.144999892
v -0.145000011 0.0149999857 0.145000011
v -0.145000011 0.160000101 -0.144999892
v -0.145000011 0.160000101 0.145000011
v -0.145000011 0.160000101 -0.144999892
v -0.145000011 0.0149999857 -0.144999892
v 0.144999892 0.160000101 -0.144999892
v -0.145000011 0.160000101 -0.144999892
v -0.0399999991 0.11999993 -0.144999892
v 0.0399999917 0.11999993 -0.144999892
v -0.0399999991 0.11999993 -0.144999892
v -0.0425882116 0.120340809 -0.144999892
v -0.0425882116 0.120340809 -0.144999892
v -0.0450000241 0.121339783 -0.144999892
v -0.0450000241 0.121339783 -0.144999892
v -0.0470710769 0.122928813 -0.144999892
v -0.0470710769 0.122928813 -0.144999892
v -0.0486602634 0.124999925 -0.144999892
v -0.0486602634 0.124999925 -0.144999892
v -0.0496592671 0.127411887 -0.144999892
v -0.0496592671 0.127411887 -0.144999892
v -0.0500000045 0.129999921 -0.144999892
v -0.0500000045 0.129999921 -0.144999892
v -0.0496592671 0.132588193 -0.144999892
v -0.0496592671 0.132588193 -0.144999892
v -0.0486602634 0.134999916 -0.144999892
v -0.0486602634 0.134999916 -0.144999892
v -0.0470710769 0.137071028 -0.144999892
v -0.0470710769 0.137071028 -0.144999892
v -0.0450000241 0.138660297 -0.144999892
v -0.0450000241 0.138660297 -0.144999892
v -0.0425882116 0.1396593 -0.144999892
v -0.0425882116 0.1396593 -0.144999892
v -0.0399999991 0.139999881 -0.144999892
v 0 0.139999881 -0.144999892
v -0.0399999991 0.139999881 -0.144999892
v 0.0399999917 0.139999881 -0.144999892
v 0 0.139999881 -0.144999892
v 0.0425881594 0.1396593 -0.144999892
v 0.0399999917 0.139999881 -0.144999892
v 0.0449999869 0.138660297 -0.144999892
v 0.0425881594 0.1396593 -0.144999892
v 0.0470710546 0.137071028 -0.144999892
v 0.0449999869 0.138660297 -0.144999892
v 0.0486602485 0.134999916 -0.144999892
v 0.0470710546 0.137071028 -0.144999892
v 0.0496592373 0.132588193 -0.144999892
v 0.0486602485 0.134999916 -0.144999892
v 0.049999997 0.129999921 -0.144999892
v 0.0496592373 0.132588193 -0.144999892
v 0.0496592373 0.127411887 -0.144999892
v 0.049999997 0.129999921 -0.144999892
v 0.0486602485 0.124999925 -0.144999892
v 0.0496592373 0.127411887 -0.144999892
v 0.0470710546 0.122928813 -0.144999892
v 0.0486602485 0.124999925 -0.144999892
v 0.0449999869 0.121339783 -0.144999892
v 0.0470710546 0.122928813 -0.144999892
v 0.0425881594 0.120340809 -0.144999892
v 0.0449999869 0.121339783 -0.144999892
v 0.0399999917 0.11999993 -0.144999892
v 0.0425881594 0.120340809 -0.144999892
v 0.049999997 0.129999921 -0.160000116
v 0.0496592373 0.132588193 -0.144999892
v 0.049999997 0.129999921 -0.144999892
v 0.0496592373 0.132588193 -0.144999892
v 0.049999997 0.129999921 -0.160000116
v 0.0496592373 0.132588193 -0.160000116
v 0.0496592373 0.132588193 -0.160000116
v 0.049999997 0.129999921 -0.160000116
v 0.0496592373 0.132588193 -0.144999892
v 0.049999997 0.129999921 -0.144999892
v 0.0496592373 0.132588193 -0.144999892
v 0.049999997 0.129999921 -0.160000116
v 0.0496592373 0.132588193 -0.160000116
v 0.0486602485 0.134999916 -0.144999892
v 0.0496592373 0.132588193 -0.144999892
v 0.0486602485 0.134999916 -0.144999892
v 0.0496592373 0.132588193 -0.160000116
v 0.0486602485 0.134999916 -0.160000116
v 0.0486602485 0.134999916 -0.160000116
v 0.0496592373 0.132588193 -0.160000116
v 0.0486602485 0.134999916 -0.144999892
v 0.0496592373 0.132588193 -0.144999892
v 0.0486602485 0.134999916 -0.144999892
v 0.0496592373 0.132588193 -0.160000116
v 0.0496592373 0.127411887 -0.160000116
v 0.049999997 0.129999921 -0.144999892
v 0.0496592373 0.127411887 -0.144999892
v 0.049999997 0.129999921 -0.144999892
v 0.0496592373 0.127411887 -0.160000116
v 0.049999997 0.129999921 -0.160000116
v 0.049999997 0.129999921 -0.160000116
v 0.0496592373 0.127411887 -0.160000116
v 0.049999997 0.129999921 -0.144999892
v 0.0496592373 0.127411887 -0.144999892
v 0.049999997 0.129999921 -0.144999892
v 0.0496592373 0.127411887 -0.160000116
v 0.0486602485 0.134999916 -0.160000116
v 0.0470710546 0.137071028 -0.144999892
v 0.0486602485 0.134999916 -0.144999892
v 0.0470710546 0.137071028 -0.144999892
v 0.0486602485 0.134999916 -0.160000116
v 0.0470710546 0.137071028 -0.160000116
v 0.0470710546 0.137071028 -0.160000116
v 0.0486602485 0.134999916 -0.160000116
v 0.0470710546 0.137071028 -0.144999892
v 0.0486602485 0.134999916 -0.144999892
v 0.0470710546 0.137071028 -0.144999892
v 0.0486602485 0.134999916 -0.160000116
v 0.0486602485 0.124999925 -0.160000116
v 0.0496592373 0.127411887 -0.144999892
v 0.0486602485 0.124999925 -0.144999892
v 0.0496592373 0.127411887 -0.144999892
v 0.0486602485 0.124999925 -0.160000116
v 0.0496592373 0.127411887 -0.160000116
v 0.0496592373 0.127411887 -0.160000116
v 0.0486602485 0.124999925 -0.160000116
v 0.0496592373 0.127411887 -0.144999892
v 0.0486602485 0.124999925 -0.144999892
v 0.0496592373 0.127411887 -0.144999892
v 0.0486602485 0.124999925 -0.160000116
v 0.0470710546 0.137071028 -0.144999892
v 0.0449999869 0.138660297 -0.160000116
v 0.0449999869 0.138660297 -0.144999892
v 0.0449999869 0.138660297 -0.160000116
v 0.0470710546 0.137071028 -0.144999892
v 0.0470710546 0.137071028 -0.160000116
v 0.0470710546 0.137071028 -0.160000116
v 0.0470710546 0.137071028 -0.144999892
v 0.0449999869 0.138660297 -0.160000116
v 0.0449999869 0.138660297 -0.144999892
v 0.0449999869 0.138660297 -0.160000116
v 0.0470710546 0.137071028 -0.144999892
v 0.0470710546 0.122928813 -0.160000116
v 0.0486602485 0.124999925 -0.144999892
v 0.0470710546 0.122928813 -0.144999892
v 0.0486602485 0.124999925 -0.144999892
v 0.0470710546 0.122928813 -0.160000116
v 0.0486602485 0.124999925 -0.160000116
v 0.0486602485 0.124999925 -0.160000116
v 0.0470710546 0.122928813 -0.160000116
v 0.0486602485 0.124999925 -0.144999892
v 0.0470710546 0.122928813 -0.144999892
v 0.0486602485 0.124999925 -0.144999892
v 0.0470710546 0.122928813 -0.160000116
v 0.0449999869 0.138660297 -0.144999892
v 0.0425881594 0.1396593 -0.160000116
v 0.0425881594 0.1396593 -0.144999892
v 0.0425881594 0.1396593 -0.160000116
v 0.0449999869 0.138660297 -0.144999892
v 0.0449999869 0.138660297 -0.160000116
v 0.0449999869 0.138660297 -0.160000116
v 0.0449999869 0.138660297 -0.144999892
v 0.0425881594 0.1396593 -0.160000116
v 0.0425881594 0.1396593 -0.144999892
v 0.0425881594 0.1396593 -0.160000116
v 0.0449999869 0.138660297 -0.144999892
v 0.0470710546 0.122928813 -0.160000116
v 0.0449999869 0.121339783 -0.144999892
v 0.0449999869 0.121339783 -0.160000116
v 0.0449999869 0.121339783 -0.144999892
v 0.0470710546 0.122928813 -0.160000116
v 0.0470710546 0.122928813 -0.144999892
v 0.0470710546 0.122928813 -0.144999892
v 0.0470710546 0.122928813 -0.160000116
v 0.0449999869 0.121339783 -0.144999892
v 0.0449999869 0.121339783 -0.160000116
v 0.0449999869 0.121339783 -0.144999892
v 0.0470710546 0.122928813 -0.160000116
v 0.0399999917 0.139999881 -0.160000116
v 0.0399999917 0.139999881 -0.144999892
v 0.0399999917 0.139999881 -0.160000116
v 0.0425881594 0.1396593 -0.144999892
v 0.0425881594 0.1396593 -0.160000116
v 0.0425881594 0.1396593 -0.160000116
v 0.0425881594 0.1396593 -0.144999892
v 0.0399999917 0.139999881 -0.160000116
v 0.0399999917 0.139999881 -0.144999892
v 0.0399999917 0.139999881 -0.160000116
v 0.0425881594 0.1396593 -0.144999892
v 0.0425881594 0.120340809 -0.144999892
v 0.0425881594 0.120340809 -0.160000116
v 0.0425881594 0.120340809 -0.144999892
v 0.0449999869 0.121339783 -0.160000116
v 0.0449999869 0.121339783 -0.144999892
v 0.0449999869 0.121339783 -0.160000116
v 0.0425881594 0.120340809 -0.160000116
v 0.0425881594 0.120340809 -0.144999892
v 0.0449999869 0.121339783 -0.160000116
v 0.0399999917 0.139999881 -0.144999892
v 0 0.139999881 -0.160000116
v 0 0.139999881 -0.144999892
v 0 0.139999881 -0.160000116
v 0.0399999917 0.139999881 -0.144999892
v 0.0399999917 0.139999881 -0.160000116
v 0.0399999917 0.139999881 -0.160000116
v 0.0399999917 0.139999881 -0.144999892
v 0 0.139999881 -0.160000116
v 0 0.139999881 -0.144999892
v 0 0.139999881 -0.160000116
v 0.0399999917 0.139999881 -0.144999892
v 0.0425881594 0.120340809 -0.160000116
v 0.0399999917 0.11999993 -0.144999892
v 0.0399999917 0.11999993 -0.160000116
v 0.0399999917 0.11999993 -0.144999892
v 0.0425881594 0.120340809 -0.160000116
v 0.0425881594 0.120340809 -0.144999892
v 0.0425881594 0.120340809 -0.144999892
v 0.0425881594 0.120340809 -0.160000116
v 0.0399999917 0.11999993 -0.144999892
v 0.0399999917 0.11999993 -0.160000116
v 0.0399999917 0.11999993 -0.144999892
v 0.0425881594 0.120340809 -0.160000116
v 0 0.139999881 -0.144999892
v -0.0399999991 0.139999881 -0.160000116
v -0.0399999991 0.139999881 -0.144999892
v -0.0399999991 0.139999881 -0.160000116
v 0 0.139999881 -0.144999892
v 0 0.139999881 -0.160000116
v 0 0.139999881 -0.160000116
v 0 0.139999881 -0.144999892
v -0.0399999991 0.139999881 -0.160000116
v -0.0399999991 0.139999881 -0.144999892
v -0.0399999991 0.139999881 -0.160000116
v 0 0.139999881 -0.144999892
v 0.0399999917 0.11999993 -0.160000116
v -0.0399999991 0.11999993 -0.144999892
v -0.0399999991 0.11999993 -0.160000116
v -0.0399999991 0.11999993 -0.144999892
v 0.0399999917 0.11999993 -0.160000116
v 0.0399999917 0.11999993 -0.144999892
v 0.0399999917 0.11999993 -0.144999892
v 0.0399999917 0.11999993 -0.160000116
v -0.0399999991 0.11999993 -0.144999892
v -0.0399999991 0.11999993 -0.160000116
v -0.0399999991 0.11999993 -0.144999892
v 0.0399999917 0.11999993 -0.160000116
v -0.0399999991 0.139999881 -0.144999892
v -0.0425882116 0.1396593 -0.160000116
v -0.0425882116 0.1396593 -0.144999892
v -0.0425882116 0.1396593 -0.160000116
v -0.0399999991 0.139999881 -0.144999892
v -0.0399999991 0.139999881 -0.160000116
v -0.0399999991 0.139999881 -0.160000116
v -0.0399999991 0.139999881 -0.144999892
v -0.0425882116 0.1396593 -0.160000116
v -0.0425882116 0.1396593 -0.144999892
v -0.0425882116 0.1396593 -0.160000116
v -0.0399999991 0.139999881 -0.144999892
v -0.0399999991 0.11999993 -0.160000116
v -0.0425882116 0.120340809 -0.144999892
v -0.0425882116 0.120340809 -0.160000116
v -0.0425882116 0.120340809 -0.144999892
v -0.0399999991 0.11999993 -0.160000116
v -0.0399999991 0.11999993 -0.144999892
v -0.0399999991 0.11999993 -0.144999892
v -0.0399999991 0.11999993 -0.160000116
v -0.0425882116 0.120340809 -0.144999892
v -0.0425882116 0.120340809 -0.160000116
v -0.0425882116 0.120340809 -0.144999892
v -0.0399999991 0.11999993 -0.160000116
v -0.0425882116 0.1396593 -0.144999892
v -0.0450000241 0.138660297 -0.160000116
v -0.0450000241 0.138660297 -0.144999892
v -0.0450000241 0.138660297 -0.160000116
v -0.0425882116 0.1396593 -0.144999892
v -0.0425882116 0.1396593 -0.160000116
v -0.0425882116 0.1396593 -0.160000116
v -0.0425882116 0.1396593 -0.144999892
v -0.0450000241 0.138660297 -0.160000116
v -0.0450000241 0.138660297 -0.144999892
v -0.0450000241 0.138660297 -0.160000116
v -0.0425882116 0.1396593 -0.144999892
v -0.0425882116 0.120340809 -0.160000116
v -0.0450000241 0.121339783 -0.144999892
v -0.0450000241 0.121339783 -0.160000116
v -0.0450000241 0.121339783 -0.144999892
v -0.0425882116 0.120340809 -0.160000116
v -0.0425882116 0.120340809 -0.144999892
v -0.0425882116 0.120340809 -0.144999892
v -0.0425882116 0.120340809 -0.160000116
v -0.0450000241 0.121339783 -0.144999892
v -0.0450000241 0.121339783 -0.160000116
v -0.0450000241 0.121339783 -0.144999892
v -0.0425882116 0.120340809 -0.160000116
v -0.0450000241 0.138660297 -0.144999892
v -0.0470710769 0.137071028 -0.160000116
v -0.0470710769 0.137071028 -0.144999892
v -0.0470710769 0.137071028 -0.160000116
v -0.0450000241 0.138660297 -0.144999892
v -0.0450000241 0.138660297 -0.160000116
v -0.0450000241 0.138660297 -0.160000116
v -0.0450000241 0.138660297 -0.144999892
v -0.0470710769 0.137071028 -0.160000116
v -0.0470710769 0.137071028 -0.144999892
v -0.0470710769 0.137071028 -0.160000116
v -0.0450000241 0.138660297 -0.144999892
v -0.0450000241 0.121339783 -0.160000116
v -0.0470710769 0.122928813 -0.144999892
v -0.0470710769 0.122928813 -0.160000116
v -0.0470710769 0.122928813 -0.144999892
v -0.0450000241 0.121339783 -0.160000116
v -0.0450000241 0.121339783 -0.144999892
v -0.0450000241 0.121339783 -0.144999892
v -0.0450000241 0.121339783 -0.160000116
v -0.0470710769 0.122928813 -0.144999892
v -0.0470710769 0.122928813 -0.160000116
v -0.0470710769 0.122928813 -0.144999892
v -0.0450000241 0.121339783 -0.160000116
v -0.0470710769 0.137071028 -0.160000116
v -0.0486602634 0.134999916 -0.144999892
v -0.0470710769 0.137071028 -0.144999892
v -0.0486602634 0.134999916 -0.144999892
v -0.0470710769 0.137071028 -0.160000116
v -0.0486602634 0.134999916 -0.160000116
v -0.0486602634 0.134999916 -0.160000116
v -0.0470710769 0.137071028 -0.160000116
v -0.0486602634 0.134999916 -0.144999892
v -0.0470710769 0.137071028 -0.144999892
v -0.0486602634 0.134999916 -0.144999892
v -0.0470710769 0.137071028 -0.160000116
v -0.0486602634 0.124999925 -0.160000116
v -0.0470710769 0.122928813 -0.144999892
v -0.0486602634 0.124999925 -0.144999892
v -0.0470710769 0.122928813 -0.144999892
v -0.0486602634 0.124999925 -0.160000116
v -0.0470710769 0.122928813 -0.160000116
v -0.0470710769 0.122928813 -0.160000116
v -0.0486602634 0.124999925 -0.160000116
v -0.0470710769 0.122928813 -0.144999892
v -0.0486602634 0.124999925 -0.144999892
v -0.0470710769 0.122928813 -0.144999892
v -0.0486602634 0.134999916 -0.160000116
v -0.0496592671 0.132588193 -0.144999892
v -0.0486602634 0.134999916 -0.144999892
v -0.0496592671 0.132588193 -0.144999892
v -0.0486602634 0.134999916 -0.160000116
v -0.0496592671 0.132588193 -0.160000116
v -0.0496592671 0.132588193 -0.160000116
v -0.0486602634 0.134999916 -0.160000116
v -0.0496592671 0.132588193 -0.144999892
v -0.0486602634 0.134999916 -0.144999892
v -0.0496592671 0.132588193 -0.144999892
v -0.0496592671 0.127411887 -0.160000116
v -0.0486602634 0.124999925 -0.144999892
v -0.0496592671 0.127411887 -0.160000116
v -0.0486602634 0.124999925 -0.160000116
v -0.0486602634 0.124999925 -0.160000116
v -0.0496592671 0.127411887 -0.160000116
v -0.0486602634 0.124999925 -0.144999892
v -0.0496592671 0.127411887 -0.144999892
v -0.0486602634 0.124999925 -0.144999892
v -0.0496592671 0.127411887 -0.160000116
v -0.0496592671 0.132588193 -0.160000116
v -0.0500000045 0.129999921 -0.144999892
v -0.0496592671 0.132588193 -0.144999892
v -0.0500000045 0.129999921 -0.144999892
v -0.0496592671 0.132588193 -0.160000116
v -0.0500000045 0.129999921 -0.160000116
v -0.0500000045 0.129999921 -0.160000116
v -0.0496592671 0.132588193 -0.160000116
v -0.0500000045 0.129999921 -0.144999892
v -0.0496592671 0.132588193 -0.144999892
v -0.0500000045 0.129999921 -0.144999892
v -0.0496592671 0.132588193 -0.160000116
v -0.0500000045 0.129999921 -0.160000116
v -0.0496592671 0.127411887 -0.144999892
v -0.0500000045 0.129999921 -0.144999892
v -0.0496592671 0.127411887 -0.144999892
v -0.0500000045 0.129999921 -0.160000116
v -0.0496592671 0.127411887 -0.160000116
v -0.0496592671 0.127411887 -0.160000116
v -0.0500000045 0.129999921 -0.160000116
v -0.0496592671 0.127411887 -0.144999892
v -0.0500000045 0.129999921 -0.144999892
v -0.0496592671 0.127411887 -0.144999892
v -0.0500000045 0.129999921 -0.160000116
v 0.0496592373 0.132588193 -0.160000116
v 0.0496592373 0.132588193 -0.160000116
v 0.049999997 0.129999921 -0.144999892
v 0.0496592373 0.132588193 -0.144999892
v 0.049999997 0.129999921 -0.160000116
v 0.049999997 0.129999921 -0.144999892
v 0.0496592373 0.132588193 -0.160000116
v 0.0486602485 0.134999916 -0.160000116
v 0.0486602485 0.134999916 -0.160000116
v 0.0486602485 0.134999916 -0.144999892
v 0.0496592373 0.132588193 -0.144999892
v 0.0496592373 0.127411887 -0.160000116
v 0.049999997 0.129999921 -0.160000116
v 0.0496592373 0.127411887 -0.144999892
v 0.049999997 0.129999921 -0.144999892
v 0.0496592373 0.127411887 -0.160000116
v 0.0496592373 0.127411887 -0.144999892
v 0.0486602485 0.134999916 -0.160000116
v 0.0470710546 0.137071028 -0.160000116
v 0.0470710546 0.137071028 -0.160000116
v 0.0470710546 0.137071028 -0.144999892
v 0.0486602485 0.134999916 -0.144999892
v 0.0470710546 0.137071028 -0.144999892
v 0.0486602485 0.124999925 -0.160000116
v 0.0496592373 0.127411887 -0.160000116
v 0.0486602485 0.124999925 -0.144999892
v 0.0496592373 0.127411887 -0.144999892
v 0.0486602485 0.124999925 -0.160000116
v 0.0486602485 0.124999925 -0.144999892
v 0.0470710546 0.137071028 -0.160000116
v 0.0449999869 0.138660297 -0.160000116
v 0.0449999869 0.138660297 -0.160000116
v 0.0449999869 0.138660297 -0.144999892
v 0.0470710546 0.137071028 -0.144999892
v 0.0449999869 0.138660297 -0.144999892
v 0.0470710546 0.122928813 -0.160000116
v 0.0486602485 0.124999925 -0.160000116
v 0.0470710546 0.122928813 -0.144999892
v 0.0486602485 0.124999925 -0.144999892
v 0.0470710546 0.122928813 -0.160000116
v 0.0470710546 0.122928813 -0.144999892
v 0.0449999869 0.138660297 -0.160000116
v 0.0425881594 0.1396593 -0.160000116
v 0.0425881594 0.1396593 -0.160000116
v 0.0425881594 0.1396593 -0.144999892
v 0.0449999869 0.138660297 -0.144999892
v 0.0425881594 0.1396593 -0.144999892
v 0.0449999869 0.121339783 -0.160000116
v 0.0470710546 0.122928813 -0.160000116
v 0.0449999869 0.121339783 -0.144999892
v 0.0470710546 0.122928813 -0.144999892
v 0.0449999869 0.121339783 -0.160000116
v 0.0449999869 0.121339783 -0.144999892
v 0.0425881594 0.1396593 -0.160000116
v 0.0399999917 0.139999881 -0.160000116
v 0.0399999917 0.139999881 -0.160000116
v 0.0399999917 0.139999881 -0.144999892
v 0.0425881594 0.1396593 -0.144999892
v 0.0399999917 0.139999881 -0.144999892
v 0.0425881594 0.120340809 -0.160000116
v 0.0449999869 0.121339783 -0.160000116
v 0.0425881594 0.120340809 -0.144999892
v 0.0449999869 0.121339783 -0.144999892
v 0.0425881594 0.120340809 -0.160000116
v 0.0425881594 0.120340809 -0.144999892
v 0.0399999917 0.139999881 -0.160000116
v 0 0.139999881 -0.160000116
v 0 0.139999881 -0.160000116
v 0 0.139999881 -0.144999892
v 0.0399999917 0.139999881 -0.144999892
v 0 0.139999881 -0.144999892
v 0.0399999917 0.11999993 -0.160000116
v 0.0425881594 0.120340809 -0.160000116
v 0.0399999917 0.11999993 -0.144999892
v 0.0425881594 0.120340809 -0.144999892
v 0.0399999917 0.11999993 -0.160000116
v 0 0.139999881 -0.160000116
v -0.0399999991 0.139999881 -0.160000116
v -0.0399999991 0.139999881 -0.160000116
v -0.0399999991 0.139999881 -0.144999892
v 0 0.139999881 -0.144999892
v -0.0399999991 0.139999881 -0.144999892
v -0.0399999991 0.11999993 -0.160000116
v 0.0399999917 0.11999993 -0.160000116
v -0.0399999991 0.11999993 -0.144999892
v 0.0399999917 0.11999993 -0.144999892
v -0.0399999991 0.11999993 -0.160000116
v -0.0399999991 0.11999993 -0.144999892
v -0.0425882116 0.1396593 -0.160000116
v -0.0399999991 0.139999881 -0.160000116
v -0.0425882116 0.1396593 -0.160000116
v -0.0425882116 0.1396593 -0.144999892
v -0.0425882116 0.1396593 -0.144999892
v -0.0399999991 0.139999881 -0.144999892
v -0.0399999991 0.11999993 -0.160000116
v -0.0425882116 0.120340809 -0.160000116
v -0.0399999991 0.11999993 -0.144999892
v -0.0425882116 0.120340809 -0.144999892
v -0.0425882116 0.120340809 -0.160000116
v -0.0425882116 0.120340809 -0.144999892
v -0.0450000241 0.138660297 -0.160000116
v -0.0425882116 0.1396593 -0.160000116
v -0.0450000241 0.138660297 -0.160000116
v -0.0450000241 0.138660297 -0.144999892
v -0.0450000241 0.138660297 -0.144999892
v -0.0425882116 0.1396593 -0.144999892
v -0.0425882116 0.120340809 -0.144999892
v -0.0450000241 0.121339783 -0.144999892
v -0.0450000241 0.121339783 -0.160000116
v -0.0450000241 0.121339783 -0.144999892
v -0.0470710769 0.137071028 -0.160000116
v -0.0450000241 0.138660297 -0.160000116
v -0.0470710769 0.137071028 -0.160000116
v -0.0470710769 0.137071028 -0.144999892
v -0.0470710769 0.137071028 -0.144999892
v -0.0450000241 0.138660297 -0.144999892
v -0.0450000241 0.121339783 -0.160000116
v -0.0470710769 0.122928813 -0.160000116
v -0.0450000241 0.121339783 -0.144999892
v -0.0470710769 0.122928813 -0.144999892
v -0.0470710769 0.122928813 -0.160000116
v -0.0470710769 0.122928813 -0.144999892
v -0.0486602634 0.134999916 -0.160000116
v -0.0470710769 0.137071028 -0.160000116
v -0.0486602634 0.134999916 -0.160000116
v -0.0486602634 0.134999916 -0.144999892
v -0.0486602634 0.134999916 -0.144999892
v -0.0470710769 0.137071028 -0.144999892
v -0.0470710769 0.122928813 -0.160000116
v -0.0486602634 0.124999925 -0.160000116
v -0.0470710769 0.122928813 -0.144999892
v -0.0486602634 0.124999925 -0.144999892
v -0.0486602634 0.124999925 -0.160000116
v -0.0486602634 0.124999925 -0.144999892
v -0.0496592671 0.132588193 -0.160000116
v -0.0486602634 0.134999916 -0.160000116
v -0.0496592671 0.132588193 -0.160000116
v -0.0496592671 0.132588193 -0.144999892
v -0.0496592671 0.132588193 -0.144999892
v -0.0486602634 0.134999916 -0.144999892
v -0.0486602634 0.124999925 -0.160000116
v -0.0496592671 0.127411887 -0.160000116
v -0.0486602634 0.124999925 -0.144999892
v -0.0496592671 0.127411887 -0.144999892
v -0.0496592671 0.127411887 -0.160000116
v -0.0496592671 0.127411887 -0.144999892
v -0.0500000045 0.129999921 -0.160000116
v -0.0496592671 0.132588193 -0.160000116
v -0.0500000045 0.129999921 -0.160000116
v -0.0500000045 0.129999921 -0.144999892
v -0.0500000045 0.129999921 -0.144999892
v -0.0496592671 0.132588193 -0.144999892
v -0.0496592671 0.127411887 -0.160000116
v -0.0500000045 0.129999921 -0.160000116
v -0.0496592671 0.127411887 -0.144999892
v -0.0500000045 0.129999921 -0.144999892
v 0.160000116 0 0.160000011
v -0.160000011 0 -0.160000116
v -0.160000011 0 -0.160000116
v 0.160000116 0 -0.160000116
v 0.160000116 0 -0.160000116
v 0.160000116 0 0.160000011
v -0.160000011 0 -0.160000116
v -0.160000011 0 0.160000011
v -0.160000011 0 -0.160000116
v 0.160000116 0 0.160000011
v 0.160000116 0 -0.160000116
v -0.160000011 0 -0.160000116
v 0.160000116 0 -0.160000116
v 0.160000116 0.0199999809 -0.15000011
v 0.160000116 0.135199994 -0.15000011
v 0.160000116 0.0199999809 -0.160000116
v 0.160000116 0.135199994 -0.160000116
v 0.160000116 0.0199999809 -0.160000116
v 0.160000116 0.135199994 -0.15000011
v 0.160000116 0.135199994 -0.15000011
v 0.160000116 0.0199999809 -0.160000116
v 0.160000116 0.135199994 -0.160000116
v 0.160000116 0.0199999809 -0.160000116
v 0.160000116 0.135199994 -0.15000011
v 0.160000116 0.0199999809 -0.15000011
v 0.161000118 0.135199994 -0.15000011
v 0.161000118 0.135199994 -0.161000118
v 0.160000116 0.135199994 -0.15000011
v 0.160000116 0.135199994 -0.15000011
v 0.161000118 0.135199994 -0.161000118
v 0.160000116 0.135199994 -0.160000116
v 0.160000116 0.135199994 -0.160000116
v 0.161000118 0.135199994 -0.161000118
v 0.15000011 0.135199994 -0.160000116
v 0.15000011 0.135199994 -0.161000118
v 0.15000011 0.135199994 -0.160000116
v 0.161000118 0.135199994 -0.161000118
v 0.161000118 0.135199994 -0.161000118
v 0.15000011 0.135199994 -0.160000116
v 0.15000011 0.135199994 -0.161000118
v 0.15000011 0.135199994 -0.160000116
v 0.161000118 0.135199994 -0.161000118
v 0.160000116 0.135199994 -0.160000116
v 0.160000116 0.135199994 -0.160000116
v 0.161000118 0.135199994 -0.161000118
v 0.160000116 0.135199994 -0.15000011
v 0.160000116 0.135199994 -0.15000011
v 0.161000118 0.135199994 -0.161000118
v 0.161000118 0.135199994 -0.15000011
v 0.161000118 0.135199994 -0.15000011
v 0.160000116 0.135199994 -0.15000011
v 0.161000118 0.0199999809 -0.15000011
v 0.160000116 0.0199999809 -0.15000011
v 0.161000118 0.0199999809 -0.15000011
v 0.160000116 0.135199994 -0.15000011
v 0.160000116 0.135199994 -0.15000011
v 0.161000118 0.0199999809 -0.15000011
v 0.160000116 0.0199999809 -0.15000011
v 0.161000118 0.0199999809 -0.15000011
v 0.160000116 0.135199994 -0.15000011
v 0.161000118 0.135199994 -0.15000011
v 0.161000118 0.0199999809 -0.15000011
v 0.160000116 0.0199999809 -0.160000116
v 0.161000118 0.0199999809 -0.161000118
v 0.161000118 0.0199999809 -0.161000118
v 0.160000116 0.0199999809 -0.160000116
v 0.15000011 0.0199999809 -0.161000118
v 0.15000011 0.0199999809 -0.160000116
v 0.15000011 0.0199999809 -0.161000118
v 0.160000116 0.0199999809 -0.160000116
v 0.160000116 0.0199999809 -0.15000011
v 0.160000116 0.0199999809 -0.160000116
v 0.161000118 0.0199999809 -0.15000011
v 0.161000118 0.0199999809 -0.15000011
v 0.160000116 0.0199999809 -0.160000116
v 0.160000116 0.0199999809 -0.15000011
v 0.160000116 0.0199999809 -0.160000116
v 0.15000011 0.0199999809 -0.161000118
v 0.15000011 0.0199999809 -0.160000116
v 0.15000011 0.0199999809 -0.161000118
v 0.160000116 0.0199999809 -0.160000116
v 0.161000118 0.0199999809 -0.161000118
v 0.161000118 0.0199999809 -0.161000118
v 0.160000116 0.0199999809 -0.160000116
v 0.161000118 0.0199999809 -0.15000011
v 0.15000011 0.0199999809 -0.160000116
v 0.15000011 0.135199994 -0.160000116
v 0.15000011 0.0199999809 -0.161000118
v 0.15000011 0.135199994 -0.161000118
v 0.15000011 0.0199999809 -0.161000118
v 0.15000011 0.135199994 -0.160000116
v 0.15000011 0.135199994 -0.160000116
v 0.15000011 0.0199999809 -0.161000118
v 0.15000011 0.135199994 -0.161000118
v 0.15000011 0.0199999809 -0.161000118
v 0.15000011 0.135199994 -0.160000116
v 0.15000011 0.0199999809 -0.160000116
v 0.15000011 0.135199994 -0.161000118
v 0.161000118 0.135199994 -0.161000118
v 0.15000011 0.0199999809 -0.161000118
v 0.161000118 0.0199999809 -0.161000118
v 0.15000011 0.0199999809 -0.161000118
v 0.161000118 0.135199994 -0.161000118
v 0.161000118 0.135199994 -0.161000118
v 0.15000011 0.0199999809 -0.161000118
v 0.161000118 0.0199999809 -0.161000118
v 0.15000011 0.0199999809 -0.161000118
v 0.161000118 0.135199994 -0.161000118
v 0.15000011 0.135199994 -0.161000118
v 0.161000118 0.135199994 -0.15000011
v 0.161000118 0.0199999809 -0.15000011
v 0.161000118 0.135199994 -0.161000118
v 0.161000118 0.0199999809 -0.161000118
v 0.161000118 0.135199994 -0.161000118
v 0.161000118 0.0199999809 -0.15000011
v 0.161000118 0.0199999809 -0.15000011
v 0.161000118 0.135199994 -0.161000118
v 0.161000118 0.0199999809 -0.161000118
v 0.161000118 0.135199994 -0.161000118
v 0.161000118 0.0199999809 -0.15000011
v 0.161000118 0.135199994 -0.15000011
v 0.160000116 0.0199999809 -0.160000116
v 0.160000116 0.135199994 -0.160000116
v 0.160000116 0.135199994 -0.160000116
v 0.160000116 0.135199994 -0.15000011
v 0.160000116 0.135199994 -0.15000011
v 0.160000116 0.0199999809 -0.15000011
v 0.160000116 0.0199999809 -0.15000011
v 0.15000011 0.135199994 -0.160000116
v 0.160000116 0.135199994 -0.160000116
v 0.15000011 0.135199994 -0.160000116
v 0.15000011 0.135199994 -0.161000118
v 0.15000011 0.135199994 -0.161000118
v 0.161000118 0.135199994 -0.161000118
v 0.161000118 0.135199994 -0.15000011
v 0.160000116 0.135199994 -0.15000011
v 0.161000118 0.135199994 -0.15000011
v 0.161000118 0.135199994 -0.15000011
v 0.161000118 0.0199999809 -0.15000011
v 0.160000116 0.0199999809 -0.15000011
v 0.161000118 0.0199999809 -0.15000011
v 0.15000011 0.0199999809 -0.160000116
v 0.160000116 0.0199999809 -0.160000116
v 0.161000118 0.0199999809 -0.15000011
v 0.161000118 0.0199999809 -0.161000118
v 0.15000011 0.0199999809 -0.161000118
v 0.161000118 0.0199999809 -0.161000118
v 0.15000011 0.0199999809 -0.160000116
v 0.15000011 0.0199999809 -0.161000118
v 0.15000011 0.0199999809 -0.160000116
v 0.15000011 0.135199994 -0.160000116
v 0.15000011 0.0199999809 -0.161000118
v 0.15000011 0.135199994 -0.161000118
v 0.161000118 0.0199999809 -0.161000118
v 0.161000118 0.135199994 -0.161000118
v 0.15000011 0.0199999809 0.160000011
v 0.160000116 0.135199994 0.160000011
v 0.160000116 0.0199999809 0.160000011
v 0.160000116 0.135199994 0.160000011
v 0.15000011 0.0199999809 0.160000011
v 0.15000011 0.135199994 0.160000011
v 0.15000011 0.135199994 0.160000011
v 0.15000011 0.0199999809 0.160000011
v 0.160000116 0.135199994 0.160000011
v 0.160000116 0.0199999809 0.160000011
v 0.160000116 0.135199994 0.160000011
v 0.15000011 0.0199999809 0.160000011
v 0.161000118 0.0199999809 0.161000013
v 0.160000116 0.0199999809 0.150000006
v 0.161000118 0.0199999809 0.150000006
v 0.160000116 0.0199999809 0.150000006
v 0.161000118 0.0199999809 0.161000013
v 0.160000116 0.0199999809 0.160000011
v 0.160000116 0.0199999809 0.160000011
v 0.161000118 0.0199999809 0.161000013
v 0.15000011 0.0199999809 0.160000011
v 0.15000011 0.0199999809 0.160000011
v 0.161000118 0.0199999809 0.161000013
v 0.15000011 0.0199999809 0.161000013
v 0.15000011 0.0199999809 0.161000013
v 0.161000118 0.0199999809 0.161000013
v 0.15000011 0.0199999809 0.160000011
v 0.15000011 0.0199999809 0.160000011
v 0.161000118 0.0199999809 0.161000013
v 0.160000116 0.0199999809 0.160000011
v 0.160000116 0.0199999809 0.160000011
v 0.161000118 0.0199999809 0.161000013
v 0.160000116 0.0199999809 0.150000006
v 0.161000118 0.0199999809 0.150000006
v 0.160000116 0.0199999809 0.150000006
v 0.161000118 0.0199999809 0.161000013
v 0.15000011 0.0199999809 0.160000011
v 0.15000011 0.135199994 0.161000013
v 0.15000011 0.135199994 0.160000011
v 0.15000011 0.135199994 0.161000013
v 0.15000011 0.0199999809 0.160000011
v 0.15000011 0.0199999809 0.161000013
v 0.15000011 0.0199999809 0.161000013
v 0.15000011 0.0199999809 0.160000011
v 0.15000011 0.135199994 0.161000013
v 0.15000011 0.135199994 0.160000011
v 0.15000011 0.135199994 0.161000013
v 0.15000011 0.0199999809 0.160000011
v 0.15000011 0.135199994 0.161000013
v 0.160000116 0.135199994 0.160000011
v 0.15000011 0.135199994 0.160000011
v 0.160000116 0.135199994 0.160000011
v 0.161000118 0.135199994 0.150000006
v 0.160000116 0.135199994 0.150000006
v 0.161000118 0.135199994 0.150000006
v 0.160000116 0.135199994 0.160000011
v 0.161000118 0.135199994 0.161000013
v 0.161000118 0.135199994 0.161000013
v 0.160000116 0.135199994 0.160000011
v 0.15000011 0.135199994 0.161000013
v 0.15000011 0.135199994 0.161000013
v 0.160000116 0.135199994 0.160000011
v 0.161000118 0.135199994 0.161000013
v 0.161000118 0.135199994 0.161000013
v 0.160000116 0.135199994 0.160000011
v 0.161000118 0.135199994 0.150000006
v 0.160000116 0.135199994 0.150000006
v 0.161000118 0.135199994 0.150000006
v 0.160000116 0.135199994 0.160000011
v 0.15000011 0.135199994 0.160000011
v 0.160000116 0.135199994 0.160000011
v 0.15000011 0.135199994 0.161000013
v 0.160000116 0.0199999809 0.150000006
v 0.161000118 0.135199994 0.150000006
v 0.161000118 0.0199999809 0.150000006
v 0.161000118 0.135199994 0.150000006
v 0.160000116 0.0199999809 0.150000006
v 0.160000116 0.135199994 0.150000006
v 0.160000116 0.135199994 0.150000006
v 0.160000116 0.0199999809 0.150000006
v 0.161000118 0.135199994 0.150000006
v 0.161000118 0.0199999809 0.150000006
v 0.161000118 0.135199994 0.150000006
v 0.160000116 0.0199999809 0.150000006
v 0.161000118 0.0199999809 0.161000013
v 0.161000118 0.135199994 0.150000006
v 0.161000118 0.135199994 0.161000013
v 0.161000118 0.135199994 0.150000006
v 0.161000118 0.0199999809 0.161000013
v 0.161000118 0.0199999809 0.150000006
v 0.161000118 0.0199999809 0.150000006
v 0.161000118 0.0199999809 0.161000013
v 0.161000118 0.135199994 0.150000006
v 0.161000118 0.135199994 0.161000013
v 0.161000118 0.135199994 0.150000006
v 0.161000118 0.0199999809 0.161000013
v 0.15000011 0.135199994 0.161000013
v 0.161000118 0.0199999809 0.161000013
v 0.161000118 0.135199994 0.161000013
v 0.161000118 0.0199999809 0.161000013
v 0.15000011 0.135199994 0.161000013
v 0.15000011 0.0199999809 0.161000013
v 0.15000011 0.0199999809 0.161000013
v 0.15000011 0.135199994 0.161000013
v 0.161000118 0.0199999809 0.161000013
v 0.161000118 0.135199994 0.161000013
v 0.161000118 0.0199999809 0.161000013
v 0.15000011 0.135199994 0.161000013
v 0.160000116 0.135199994 0.160000011
v 0.160000116 0.0199999809 0.160000011
v 0.15000011 0.0199999809 0.160000011
v 0.160000116 0.135199994 0.160000011
v 0.160000116 0.0199999809 0.150000006
v 0.160000116 0.0199999809 0.150000006
v 0.161000118 0.0199999809 0.150000006
v 0.161000118 0.0199999809 0.150000006
v 0.161000118 0.0199999809 0.161000013
v 0.161000118 0.0199999809 0.161000013
v 0.15000011 0.0199999809 0.161000013
v 0.15000011 0.0199999809 0.160000011
v 0.15000011 0.0199999809 0.161000013
v 0.15000011 0.0199999809 0.161000013
v 0.15000011 0.135199994 0.161000013
v 0.15000011 0.135199994 0.160000011
v 0.15000011 0.135199994 0.161000013
v 0.160000116 0.135199994 0.150000006
v 0.160000116 0.135199994 0.160000011
v 0.15000011 0.135199994 0.161000013
v 0.161000118 0.135199994 0.161000013
v 0.161000118 0.135199994 0.150000006
v 0.161000118 0.135199994 0.161000013
v 0.160000116 0.135199994 0.150000006
v 0.161000118 0.135199994 0.150000006
v 0.160000116 0.135199994 0.150000006
v 0.160000116 0.0199999809 0.150000006
v 0.161000118 0.135199994 0.150000006
v 0.161000118 0.135199994 0.161000013
v -0.160000011 0.135199994 -0.15000011
v -0.160000011 0.0199999809 -0.160000116
v -0.160000011 0.135199994 -0.160000116
v -0.160000011 0.0199999809 -0.160000116
v -0.160000011 0.135199994 -0.15000011
v -0.160000011 0.0199999809 -0.15000011
v -0.160000011 0.0199999809 -0.15000011
v -0.160000011 0.135199994 -0.15000011
v -0.160000011 0.0199999809 -0.160000116
v -0.160000011 0.135199994 -0.160000116
v -0.160000011 0.0199999809 -0.160000116
v -0.160000011 0.135199994 -0.15000011
v -0.161000013 0.135199994 -0.161000118
v -0.150000006 0.135199994 -0.160000116
v -0.150000006 0.135199994 -0.161000118
v -0.150000006 0.135199994 -0.160000116
v -0.161000013 0.135199994 -0.161000118
v -0.160000011 0.135199994 -0.160000116
v -0.160000011 0.135199994 -0.160000116
v -0.161000013 0.135199994 -0.161000118
v -0.160000011 0.135199994 -0.15000011
v -0.160000011 0.135199994 -0.15000011
v -0.161000013 0.135199994 -0.161000118
v -0.161000013 0.135199994 -0.15000011
v -0.161000013 0.135199994 -0.15000011
v -0.161000013 0.135199994 -0.161000118
v -0.160000011 0.135199994 -0.15000011
v -0.160000011 0.135199994 -0.15000011
v -0.161000013 0.135199994 -0.161000118
v -0.160000011 0.135199994 -0.160000116
v -0.160000011 0.135199994 -0.160000116
v -0.161000013 0.135199994 -0.161000118
v -0.150000006 0.135199994 -0.160000116
v -0.150000006 0.135199994 -0.161000118
v -0.150000006 0.135199994 -0.160000116
v -0.161000013 0.135199994 -0.161000118
v -0.160000011 0.135199994 -0.15000011
v -0.161000013 0.0199999809 -0.15000011
v -0.160000011 0.0199999809 -0.15000011
v -0.161000013 0.0199999809 -0.15000011
v -0.160000011 0.135199994 -0.15000011
v -0.161000013 0.135199994 -0.15000011
v -0.161000013 0.135199994 -0.15000011
v -0.160000011 0.135199994 -0.15000011
v -0.161000013 0.0199999809 -0.15000011
v -0.160000011 0.0199999809 -0.15000011
v -0.161000013 0.0199999809 -0.15000011
v -0.160000011 0.135199994 -0.15000011
v -0.161000013 0.0199999809 -0.15000011
v -0.160000011 0.0199999809 -0.160000116
v -0.160000011 0.0199999809 -0.15000011
v -0.160000011 0.0199999809 -0.160000116
v -0.150000006 0.0199999809 -0.161000118
v -0.150000006 0.0199999809 -0.160000116
v -0.150000006 0.0199999809 -0.161000118
v -0.160000011 0.0199999809 -0.160000116
v -0.161000013 0.0199999809 -0.161000118
v -0.161000013 0.0199999809 -0.161000118
v -0.160000011 0.0199999809 -0.160000116
v -0.161000013 0.0199999809 -0.15000011
v -0.161000013 0.0199999809 -0.15000011
v -0.160000011 0.0199999809 -0.160000116
v -0.161000013 0.0199999809 -0.161000118
v -0.161000013 0.0199999809 -0.161000118
v -0.160000011 0.0199999809 -0.160000116
v -0.150000006 0.0199999809 -0.161000118
v -0.150000006 0.0199999809 -0.160000116
v -0.150000006 0.0199999809 -0.161000118
v -0.160000011 0.0199999809 -0.160000116
v -0.160000011 0.0199999809 -0.15000011
v -0.160000011 0.0199999809 -0.160000116
v -0.161000013 0.0199999809 -0.15000011
v -0.150000006 0.135199994 -0.160000116
v -0.150000006 0.0199999809 -0.161000118
v -0.150000006 0.135199994 -0.161000118
v -0.150000006 0.0199999809 -0.161000118
v -0.150000006 0.135199994 -0.160000116
v -0.150000006 0.0199999809 -0.160000116
v -0.150000006 0.0199999809 -0.160000116
v -0.150000006 0.135199994 -0.160000116
v -0.150000006 0.0199999809 -0.161000118
v -0.150000006 0.135199994 -0.161000118
v -0.150000006 0.0199999809 -0.161000118
v -0.150000006 0.135199994 -0.160000116
v -0.161000013 0.135199994 -0.161000118
v -0.150000006 0.0199999809 -0.161000118
v -0.161000013 0.0199999809 -0.161000118
v -0.150000006 0.0199999809 -0.161000118
v -0.161000013 0.135199994 -0.161000118
v -0.150000006 0.135199994 -0.161000118
v -0.150000006 0.135199994 -0.161000118
v -0.161000013 0.135199994 -0.161000118
v -0.150000006 0.0199999809 -0.161000118
v -0.161000013 0.0199999809 -0.161000118
v -0.150000006 0.0199999809 -0.161000118
v -0.161000013 0.135199994 -0.161000118
v -0.161000013 0.0199999809 -0.15000011
v -0.161000013 0.135199994 -0.161000118
v -0.161000013 0.0199999809 -0.161000118
v -0.161000013 0.135199994 -0.161000118
v -0.161000013 0.0199999809 -0.15000011
v -0.161000013 0.135199994 -0.15000011
v -0.161000013 0.135199994 -0.15000011
v -0.161000013 0.0199999809 -0.15000011
v -0.161000013 0.135199994 -0.161000118
v -0.161000013 0.0199999809 -0.161000118
v -0.161000013 0.135199994 -0.161000118
v -0.161000013 0.0199999809 -0.15000011
v -0.160000011 0.0199999809 -0.160000116
v -0.160000011 0.135199994 -0.160000116
v -0.160000011 0.135199994 -0.15000011
v -0.160000011 0.0199999809 -0.160000116
v -0.150000006 0.135199994 -0.160000116
v -0.150000006 0.135199994 -0.160000116
v -0.150000006 0.135199994 -0.161000118
v -0.150000006 0.135199994 -0.161000118
v -0.161000013 0.135199994 -0.161000118
v -0.161000013 0.135199994 -0.161000118
v -0.161000013 0.135199994 -0.15000011
v -0.160000011 0.135199994 -0.15000011
v -0.161000013 0.135199994 -0.15000011
v -0.161000013 0.135199994 -0.15000011
v -0.161000013 0.0199999809 -0.15000011
v -0.160000011 0.0199999809 -0.15000011
v -0.161000013 0.0199999809 -0.15000011
v -0.150000006 0.0199999809 -0.160000116
v -0.160000011 0.0199999809 -0.160000116
v -0.161000013 0.0199999809 -0.15000011
v -0.161000013 0.0199999809 -0.161000118
v -0.150000006 0.0199999809 -0.161000118
v -0.161000013 0.0199999809 -0.161000118
v -0.150000006 0.0199999809 -0.160000116
v -0.150000006 0.0199999809 -0.161000118
v -0.150000006 0.0199999809 -0.160000116
v -0.150000006 0.135199994 -0.160000116
v -0.150000006 0.0199999809 -0.161000118
v -0.161000013 0.0199999809 -0.161000118
v -0.150000006 0.135199994 0.160000011
v -0.150000006 0.0199999809 0.160000011
v -0.160000011 0.135199994 0.160000011
v -0.160000011 0.0199999809 0.160000011
v -0.160000011 0.135199994 0.160000011
v -0.150000006 0.0199999809 0.160000011
v -0.150000006 0.0199999809 0.160000011
v -0.160000011 0.135199994 0.160000011
v -0.160000011 0.0199999809 0.160000011
v -0.160000011 0.135199994 0.160000011
v -0.150000006 0.0199999809 0.160000011
v -0.150000006 0.135199994 0.160000011
v -0.150000006 0.0199999809 0.161000013
v -0.161000013 0.0199999809 0.161000013
v -0.150000006 0.0199999809 0.160000011
v -0.150000006 0.0199999809 0.160000011
v -0.161000013 0.0199999809 0.161000013
v -0.160000011 0.0199999809 0.160000011
v -0.160000011 0.0199999809 0.160000011
v -0.161000013 0.0199999809 0.161000013
v -0.160000011 0.0199999809 0.150000006
v -0.161000013 0.0199999809 0.150000006
v -0.160000011 0.0199999809 0.150000006
v -0.161000013 0.0199999809 0.161000013
v -0.161000013 0.0199999809 0.161000013
v -0.160000011 0.0199999809 0.150000006
v -0.161000013 0.0199999809 0.150000006
v -0.160000011 0.0199999809 0.150000006
v -0.161000013 0.0199999809 0.161000013
v -0.160000011 0.0199999809 0.160000011
v -0.160000011 0.0199999809 0.160000011
v -0.161000013 0.0199999809 0.161000013
v -0.150000006 0.0199999809 0.160000011
v -0.150000006 0.0199999809 0.160000011
v -0.161000013 0.0199999809 0.161000013
v -0.150000006 0.0199999809 0.161000013
v -0.150000006 0.0199999809 0.161000013
v -0.150000006 0.0199999809 0.160000011
v -0.150000006 0.135199994 0.161000013
v -0.150000006 0.135199994 0.160000011
v -0.150000006 0.135199994 0.161000013
v -0.150000006 0.0199999809 0.160000011
v -0.150000006 0.0199999809 0.160000011
v -0.150000006 0.135199994 0.161000013
v -0.150000006 0.135199994 0.160000011
v -0.150000006 0.135199994 0.161000013
v -0.150000006 0.0199999809 0.160000011
v -0.150000006 0.0199999809 0.161000013
v -0.150000006 0.135199994 0.161000013
v -0.160000011 0.135199994 0.160000011
v -0.161000013 0.135199994 0.161000013
v -0.161000013 0.135199994 0.161000013
v -0.160000011 0.135199994 0.160000011
v -0.161000013 0.135199994 0.150000006
v -0.160000011 0.135199994 0.150000006
v -0.161000013 0.135199994 0.150000006
v -0.160000011 0.135199994 0.160000011
v -0.150000006 0.135199994 0.160000011
v -0.160000011 0.135199994 0.160000011
v -0.150000006 0.135199994 0.161000013
v -0.150000006 0.135199994 0.161000013
v -0.160000011 0.135199994 0.160000011
v -0.150000006 0.135199994 0.160000011
v -0.160000011 0.135199994 0.160000011
v -0.161000013 0.135199994 0.150000006
v -0.160000011 0.135199994 0.150000006
v -0.161000013 0.135199994 0.150000006
v -0.160000011 0.135199994 0.160000011
v -0.161000013 0.135199994 0.161000013
v -0.161000013 0.135199994 0.161000013
v -0.160000011 0.135199994 0.160000011
v -0.150000006 0.135199994 0.161000013
v -0.160000011 0.135199994 0.150000006
v -0.160000011 0.0199999809 0.150000006
v -0.161000013 0.135199994 0.150000006
v -0.161000013 0.0199999809 0.150000006
v -0.161000013 0.135199994 0.150000006
v -0.160000011 0.0199999809 0.150000006
v -0.160000011 0.0199999809 0.150000006
v -0.161000013 0.135199994 0.150000006
v -0.161000013 0.0199999809 0.150000006
v -0.161000013 0.135199994 0.150000006
v -0.160000011 0.0199999809 0.150000006
v -0.160000011 0.135199994 0.150000006
v -0.161000013 0.0199999809 0.150000006
v -0.161000013 0.0199999809 0.161000013
v -0.161000013 0.135199994 0.150000006
v -0.161000013 0.135199994 0.161000013
v -0.161000013 0.135199994 0.150000006
v -0.161000013 0.0199999809 0.161000013
v -0.161000013 0.0199999809 0.161000013
v -0.161000013 0.135199994 0.150000006
v -0.161000013 0.135199994 0.161000013
v -0.161000013 0.135199994 0.150000006
v -0.161000013 0.0199999809 0.161000013
v -0.161000013 0.0199999809 0.150000006
v -0.150000006 0.0199999809 0.161000013
v -0.150000006 0.135199994 0.161000013
v -0.161000013 0.0199999809 0.161000013
v -0.161000013 0.135199994 0.161000013
v -0.161000013 0.0199999809 0.161000013
v -0.150000006 0.135199994 0.161000013
v -0.150000006 0.135199994 0.161000013
v -0.161000013 0.0199999809 0.161000013
v -0.161000013 0.135199994 0.161000013
v -0.161000013 0.0199999809 0.161000013
v -0.150000006 0.135199994 0.161000013
v -0.150000006 0.0199999809 0.161000013
v -0.160000011 0.135199994 0.160000011
v -0.160000011 0.0199999809 0.160000011
v -0.160000011 0.0199999809 0.160000011
v -0.150000006 0.0199999809 0.160000011
v -0.150000006 0.0199999809 0.160000011
v -0.150000006 0.135199994 0.160000011
v -0.150000006 0.135199994 0.160000011
v -0.160000011 0.0199999809 0.150000006
v -0.160000011 0.0199999809 0.160000011
v -0.160000011 0.0199999809 0.150000006
v -0.161000013 0.0199999809 0.150000006
v -0.161000013 0.0199999809 0.150000006
v -0.161000013 0.0199999809 0.161000013
v -0.150000006 0.0199999809 0.161000013
v -0.150000006 0.0199999809 0.160000011
v -0.150000006 0.0199999809 0.161000013
v -0.150000006 0.0199999809 0.161000013
v -0.150000006 0.135199994 0.161000013
v -0.150000006 0.135199994 0.160000011
v -0.150000006 0.135199994 0.161000013
v -0.160000011 0.135199994 0.150000006
v -0.160000011 0.135199994 0.160000011
v -0.150000006 0.135199994 0.161000013
v -0.161000013 0.135199994 0.161000013
v -0.161000013 0.135199994 0.150000006
v -0.161000013 0.135199994 0.161000013
v -0.160000011 0.135199994 0.150000006
v -0.161000013 0.135199994 0.150000006
v -0.160000011 0.135199994 0.150000006
v -0.160000011 0.0199999809 0.150000006
v -0.161000013 0.135199994 0.150000006
v -0.161000013 0.0199999809 0.150000006
v -0.161000013 0.135199994 0.161000013
v -0.161000013 0.0199999809 0.161000013

# 461 UV coordinates
vt 3.34221506 2.46242809 0
vt 3.36433101 2.48511195 0
vt 3.35778809 2.4868741 0
vt 3.34875798 2.46066499 0
vt 3.25288892 2.65505886 0
vt 3.24580693 2.65505886 0
vt 3.25288892 2.68151999 0
vt 3.24580693 2.68151999 0
vt 3.34545398 2.46124101 0
vt 3.35076594 2.48747492 0
vt 3.35247612 2.46063995 0
vt 3.24580812 2.65506005 0
vt 3.2387259 2.65506005 0
vt 3.24580812 2.68152094 0
vt 3.2387259 2.68152094 0
vt 3.33955812 2.46411896 0
vt 3.36995006 2.48230791 0
vt 3.34517598 2.46131611 0
vt 3.2599721 2.65506005 0
vt 3.25289011 2.65506005 0
vt 3.2599721 2.68152094 0
vt 3.25289011 2.68152094 0
vt 3.34905601 2.46063995 0
vt 3.34374404 2.4868741 0
vt 3.35607791 2.46124101 0
vt 3.23164296 2.65506005 0
vt 3.23164296 2.68152094 0
vt 3.34197593 2.46254706 0
vt 3.33766413 2.46619987 0
vt 3.3742609 2.4786551 0
vt 3.26705503 2.68152094 0
vt 3.26705503 2.65506005 0
vt 3.3527739 2.46066499 0
vt 3.33720112 2.48511195 0
vt 3.35931706 2.46242809 0
vt 3.22456098 2.65506005 0
vt 3.22456098 2.68152094 0
vt 3.33937407 2.46427393 0
vt 3.33666396 2.46852899 0
vt 3.37697101 2.47440004 0
vt 3.27413702 2.68152094 0
vt 3.27413702 2.65506005 0
vt 3.35635591 2.46131611 0
vt 3.33158207 2.48230791 0
vt 3.361974 2.46411896 0
vt 3.21747899 2.65506005 0
vt 3.21747899 2.68152094 0
vt 3.33754897 2.46638107 0
vt 3.3366251 2.47094703 0
vt 3.37789607 2.46983504 0
vt 2.56264806 2.68151999 0
vt 2.56264806 2.65505886 0
vt 2.55556607 2.68151999 0
vt 2.55556607 2.65505886 0
vt 3.32727098 2.4786551 0
vt 3.363868 2.46619987 0
vt 3.35955596 2.46254706 0
vt 3.21039701 2.65506005 0
vt 3.21039605 2.68152094 0
vt 3.33720112 2.39927292 0
vt 3.33720112 2.46983504 0
vt 3.37789607 2.39927292 0
vt 2.6711669 2.68152094 0
vt 2.6711669 2.65506005 0
vt 2.56264901 2.68152094 0
vt 2.56264901 2.65506005 0
vt 3.32456112 2.47440004 0
vt 3.36486793 2.46852899 0
vt 3.36215806 2.46427393 0
vt 3.20331407 2.65506005 0
vt 3.20331407 2.68152094 0
vt 3.33720112 2.32871008 0
vt 3.37789607 2.32871103 0
vt 2.77545094 2.11702394 0
vt 2.77545094 2.14348507 0
vt 2.88397002 2.11702394 0
vt 2.88396907 2.14348507 0
vt 3.32363605 2.46983504 0
vt 3.36490703 2.47094703 0
vt 3.36398292 2.46638107 0
vt 3.19623208 2.65506005 0
vt 3.19623208 2.68152094 0
vt 3.3366251 2.32759905 0
vt 3.33754897 2.33216405 0
vt 3.37697101 2.32414508 0
vt 2.76836801 2.11702394 0
vt 2.76836801 2.14348507 0
vt 3.32363605 2.32871103 0
vt 3.36433101 2.46983504 0
vt 3.36433101 2.32871103 0
vt 3.33666396 2.3300159 0
vt 3.33937502 2.33427095 0
vt 3.3742609 2.31989002 0
vt 2.76128602 2.11702394 0
vt 2.76128602 2.14348412 0
vt 2.76836801 2.14348412 0
vt 3.32456112 2.32414508 0
vt 3.36398292 2.33216405 0
vt 3.36490703 2.32759905 0
vt 3.33766508 2.33234501 0
vt 3.34197593 2.33599901 0
vt 3.36995006 2.31623697 0
vt 3.32727098 2.31989002 0
vt 3.36215806 2.33427095 0
vt 3.36486793 2.3300159 0
vt 3.34517598 2.33722997 0
vt 3.36433101 2.31343293 0
vt 3.33955812 2.33442593 0
vt 3.33158302 2.31623697 0
vt 3.35955596 2.33599901 0
vt 3.363868 2.33234501 0
vt 3.34875798 2.3378799 0
vt 3.35778809 2.31167102 0
vt 3.34221506 2.33611798 0
vt 3.36197495 2.33442593 0
vt 3.33720112 2.31343293 0
vt 3.35635591 2.33722997 0
vt 3.35247612 2.33790493 0
vt 3.35076594 2.31106997 0
vt 3.34545398 2.33730412 0
vt 3.35931802 2.33611798 0
vt 3.34374404 2.31167102 0
vt 3.3527739 2.3378799 0
vt 3.35607791 2.33730412 0
vt 3.34905601 2.33790493 0
vt 3.43215513 2.68152094 0
vt 3.47285008 2.65506005 0
vt 4.30030489 2.68152094 0
vt 3.43215513 2.11702394 0
vt 3.47285008 2.14348507 0
vt 4.25961113 2.14348507 0
vt 4.25961113 2.65506005 0
vt 4.30030584 2.11702394 0
vt 2.12993002 2.11702394 0
vt 2.95738411 2.14348412 0
vt 2.99807906 2.11702299 0
vt 2.95738411 2.65505886 0
vt 2.17062402 2.65505886 0
vt 2.99807906 2.68151999 0
vt 2.17062402 2.14348412 0
vt 2.12992907 2.68151999 0
vt 3.43215513 3.24601793 0
vt 2.99808002 2.68152094 0
vt 2.99808002 3.24601793 0
vt 3.43215394 2.11702299 0
vt 3.32455993 2.32414389 0
vt 3.3236351 2.32871008 0
vt 3.32727003 2.31988907 0
vt 3.33158112 2.31623602 0
vt 3.33719993 2.31343198 0
vt 3.34374309 2.31167006 0
vt 3.35076499 2.31106901 0
vt 3.35778594 2.31167006 0
vt 3.36433005 2.31343198 0
vt 3.36994791 2.31623602 0
vt 3.37425995 2.31988907 0
vt 3.37697005 2.32414389 0
vt 3.37789392 2.32871008 0
vt 3.37789392 2.39927197 0
vt 3.37789392 2.46983409 0
vt 3.32455897 2.47439909 0
vt 3.43215394 2.68151999 0
vt 3.3236351 2.46983409 0
vt 3.32727003 2.47865391 0
vt 3.33158112 2.48230696 0
vt 3.33719993 2.485111 0
vt 3.34374309 2.48687291 0
vt 3.35076499 2.48747396 0
vt 3.35778594 2.48687291 0
vt 3.36433005 2.485111 0
vt 3.36994791 2.48230696 0
vt 3.37425995 2.47865391 0
vt 3.37697005 2.47439909 0
vt 2.99808002 1.55252695 0
vt 2.99808002 2.11702394 0
vt 3.43215513 1.55252695 0
vt 3.43215513 0.988030374 0
vt 2.99808002 0.988030374 0
vt 3.32456112 1.19515097 0
vt 3.32363701 1.19971704 0
vt 3.32727098 1.19089603 0
vt 3.33158302 1.18724298 0
vt 3.33720112 1.18444002 0
vt 3.34374499 1.18267703 0
vt 3.35076594 1.18207598 0
vt 3.35778809 1.18267703 0
vt 3.36433101 1.18444002 0
vt 3.36995006 1.18724298 0
vt 3.3742609 1.19089603 0
vt 3.37697196 1.19515097 0
vt 3.37789607 1.19971704 0
vt 3.37789607 1.27027893 0
vt 3.37789607 1.34084105 0
vt 3.32456112 1.34540701 0
vt 3.32363701 1.34084105 0
vt 3.32727098 1.34966099 0
vt 3.33158302 1.353315 0
vt 3.33720112 1.35611796 0
vt 3.34374499 1.35788 0
vt 3.35076594 1.35848093 0
vt 3.35778809 1.35788 0
vt 3.36433101 1.35611796 0
vt 3.36995006 1.353315 0
vt 3.3742609 1.34966099 0
vt 3.37697196 1.34540701 0
vt 3.05234003 2.32871008 0
vt 3.0532639 2.32414508 0
vt 3.05597401 2.31989002 0
vt 3.06028605 2.31623697 0
vt 3.0659039 2.31343293 0
vt 3.07244802 2.31167102 0
vt 3.07946897 2.31106997 0
vt 3.08649111 2.31167102 0
vt 3.09303403 2.31343293 0
vt 3.09865308 2.31623697 0
vt 3.10296392 2.31989002 0
vt 3.10567403 2.32414508 0
vt 3.10659909 2.46983504 0
vt 3.10659909 2.32871103 0
vt 3.05233908 2.39927292 0
vt 3.05233908 2.46983504 0
vt 3.0532639 2.47440004 0
vt 3.05597401 2.4786551 0
vt 3.06028605 2.48230791 0
vt 3.0659039 2.48511195 0
vt 3.07244706 2.4868741 0
vt 3.07946897 2.48747492 0
vt 3.08649111 2.4868741 0
vt 3.09303403 2.48511195 0
vt 3.09865308 2.48230791 0
vt 3.10296392 2.4786551 0
vt 3.10567403 2.47440004 0
vt 3.86623001 2.14348507 0
vt 3.86623001 2.65506005 0
vt 3.58044386 2.47440004 0
vt 3.58136797 2.46983504 0
vt 3.57773399 2.4786551 0
vt 3.57342196 2.4823091 0
vt 3.56780386 2.48511195 0
vt 3.56125998 2.4868741 0
vt 3.55423903 2.48747492 0
vt 3.54721689 2.4868741 0
vt 3.54067397 2.48511195 0
vt 3.53505492 2.4823091 0
vt 3.53074408 2.4786551 0
vt 3.52803302 2.47440004 0
vt 3.52710915 2.46983504 0
vt 3.52710915 2.39927292 0
vt 3.52710915 2.32871103 0
vt 3.58044386 2.32414508 0
vt 3.58136892 2.32871103 0
vt 3.57773399 2.31989002 0
vt 3.57342196 2.31623697 0
vt 3.56780386 2.31343293 0
vt 3.56126094 2.31167102 0
vt 3.55423903 2.31106997 0
vt 3.54721689 2.31167102 0
vt 3.54067397 2.31343293 0
vt 3.53505492 2.31623697 0
vt 3.53074408 2.31989002 0
vt 3.52803397 2.32414508 0
vt 2.17062497 2.65506005 0
vt 2.22488403 2.32871008 0
vt 2.17062497 2.14348507 0
vt 2.22580791 2.32414508 0
vt 2.22851896 2.31989002 0
vt 2.23283005 2.31623697 0
vt 2.2384491 2.31343293 0
vt 2.24499202 2.31167102 0
vt 2.25201392 2.31106997 0
vt 2.25903511 2.31167102 0
vt 2.26557899 2.31343293 0
vt 2.27119708 2.31623697 0
vt 2.27550888 2.31989002 0
vt 2.27821898 2.32414508 0
vt 2.2791431 2.46983504 0
vt 2.5640049 2.14348507 0
vt 2.2791431 2.32871008 0
vt 2.22488403 2.39927292 0
vt 2.22488403 2.46983504 0
vt 2.22580791 2.47440004 0
vt 2.22851896 2.4786551 0
vt 2.23283005 2.48230791 0
vt 2.2384491 2.48511195 0
vt 2.24499202 2.4868741 0
vt 2.25201392 2.48747492 0
vt 2.25903511 2.4868741 0
vt 2.26557899 2.48511195 0
vt 2.27119708 2.48230791 0
vt 2.27550888 2.4786551 0
vt 2.27821898 2.47440004 0
vt 2.5640049 2.65506005 0
vt 3.43215513 2.14348507 0
vt 3.03877497 1.63191009 0
vt 3.43215513 1.63191009 0
vt 3.03877497 2.14348507 0
vt 1.81793904 2.14348507 0
vt 2.60469913 2.65506005 0
vt 1.81793809 2.65506005 0
vt 2.60470009 2.14348507 0
vt 3.03877497 2.65506005 0
vt 3.43215513 3.16663599 0
vt 3.03877401 3.16663599 0
vt 3.43215513 2.65506005 0
vt 3.43215394 2.14348412 0
vt 3.03877306 2.65505886 0
vt 3.03877401 2.14348412 0
vt 3.43215394 2.65505886 0
vt 3.26967001 2.11702299 0
vt 3.27675295 2.14348412 0
vt 3.26967001 2.14348412 0
vt 3.27675295 2.11702299 0
vt 3.36310005 2.28543711 0
vt 3.35607791 2.28483605 0
vt 3.2767539 2.11702394 0
vt 3.28383589 2.14348507 0
vt 3.2767539 2.14348507 0
vt 3.28383589 2.11702394 0
vt 3.37990403 2.28898692 0
vt 3.37336111 2.28722405 0
vt 3.26258898 2.11702394 0
vt 3.26967192 2.14348507 0
vt 3.26258898 2.14348507 0
vt 3.26967192 2.11702394 0
vt 3.34545398 2.28483605 0
vt 3.33843303 2.28543711 0
vt 2.34608889 2.11702394 0
vt 2.35317087 2.14348507 0
vt 2.34608889 2.14348507 0
vt 2.35317087 2.11702394 0
vt 3.39472294 2.29524398 0
vt 3.38910389 2.29244089 0
vt 3.494977 2.11702299 0
vt 3.50205898 2.14348412 0
vt 3.494977 2.14348412 0
vt 3.50205898 2.11702299 0
vt 3.32817101 2.28722405 0
vt 3.32162809 2.28898692 0
vt 2.3602531 2.11702394 0
vt 2.3602531 2.14348507 0
vt 3.40223503 2.30012798 0
vt 3.40654612 2.30378199 0
vt 3.48789597 2.11702394 0
vt 3.49497795 2.14348507 0
vt 3.48789597 2.14348507 0
vt 3.49497795 2.11702394 0
vt 3.312428 2.29244089 0
vt 3.30680895 2.29524398 0
vt 2.3602531 2.14348412 0
vt 2.36733508 2.11702394 0
vt 2.36733508 2.14348412 0
vt 3.41185808 2.30976391 0
vt 3.41456795 2.31401896 0
vt 3.37700009 2.11702394 0
vt 3.36991787 2.14348507 0
vt 3.36991787 2.11702394 0
vt 3.37700009 2.14348507 0
vt 3.29929709 2.30012798 0
vt 3.29498601 2.30378199 0
vt 3.3914609 2.32410502 0
vt 3.43215513 2.32871103 0
vt 3.3914609 2.32871103 0
vt 3.43215513 2.32410502 0
vt 3.41731787 2.32069111 0
vt 3.41824198 2.32525706 0
vt 3.36991692 2.11702299 0
vt 3.36283398 2.14348412 0
vt 3.36283398 2.11702299 0
vt 3.36991692 2.14348412 0
vt 3.28967404 2.30976391 0
vt 3.28696394 2.31401896 0
vt 3.39145899 2.32871008 0
vt 3.43215394 2.39927197 0
vt 3.39145899 2.39927197 0
vt 3.43215394 2.32871008 0
vt 3.41859007 2.32871103 0
vt 3.41859007 2.39927292 0
vt 3.36283588 2.11702394 0
vt 3.3557539 2.14348507 0
vt 3.3557539 2.11702394 0
vt 3.36283588 2.14348507 0
vt 3.28421402 2.32069111 0
vt 3.28328991 2.32525706 0
vt 3.10152912 3.21955705 0
vt 2.99301004 3.24601793 0
vt 2.99301004 3.21955705 0
vt 3.10152912 3.24601793 0
vt 3.41859007 2.46983504 0
vt 3.43215299 3.03432989 0
vt 3.39145899 2.89320612 0
vt 3.43215299 2.89320612 0
vt 3.39145899 3.03432989 0
vt 3.28294206 2.32871008 0
vt 3.28294206 2.46983504 0
vt 2.99300909 3.21955609 0
vt 2.9859271 3.24601698 0
vt 2.9859271 3.21955609 0
vt 2.99300909 3.24601698 0
vt 3.41824198 2.47328901 0
vt 3.41731787 2.47785401 0
vt 3.43215513 2.89320707 0
vt 3.39145994 2.88860202 0
vt 3.43215513 2.88860202 0
vt 3.39145994 2.89320707 0
vt 3.28328991 2.47328901 0
vt 3.28421402 2.47785401 0
vt 3.44024992 3.21955705 0
vt 3.43316793 3.24601793 0
vt 3.43316793 3.21955705 0
vt 3.44024992 3.24601793 0
vt 3.41456795 2.48452711 0
vt 3.41185808 2.48878098 0
vt 3.39145994 2.88399696 0
vt 3.43215513 2.88399696 0
vt 3.28696394 2.48452711 0
vt 3.28967404 2.48878098 0
vt 3.426085 3.24601793 0
vt 3.426085 3.21955705 0
vt 3.40654612 2.4947629 0
vt 3.40223503 2.4984169 0
vt 3.39145994 2.87939215 0
vt 3.43215513 2.87939215 0
vt 3.29498601 2.4947629 0
vt 3.29929709 2.4984169 0
vt 3.41900301 3.21955705 0
vt 3.41900301 3.24601793 0
vt 3.38910389 2.50610495 0
vt 3.39472294 2.50330114 0
vt 2.9935379 3.24601698 0
vt 2.98645592 3.21955609 0
vt 2.9935379 3.21955609 0
vt 2.98645592 3.24601698 0
vt 3.30680895 2.50330114 0
vt 3.312428 2.50610495 0
vt 3.41900206 3.24601698 0
vt 3.41192007 3.21955609 0
vt 3.41900206 3.21955609 0
vt 3.41192007 3.24601698 0
vt 3.37336111 2.51132107 0
vt 3.37990403 2.50955796 0
vt 3.00062108 3.24601793 0
vt 2.99353886 3.21955705 0
vt 3.00062108 3.21955705 0
vt 2.99353886 3.24601793 0
vt 3.32162809 2.50955796 0
vt 3.32817101 2.51132107 0
vt 3.41192102 3.24601793 0
vt 3.40483904 3.21955705 0
vt 3.41192102 3.21955705 0
vt 3.40483904 3.24601793 0
vt 3.35607791 2.51371002 0
vt 3.3630991 2.51310897 0
vt 3.3977561 3.21955705 0
vt 3.3977561 3.24601793 0
vt 3.33843303 2.51310897 0
vt 3.34545398 2.51371002 0
vt 0 0 0
vt 2.64539409 2.11702394 0
vt 1.77724397 2.11702394 0
vt 2.64539409 2.68152094 0
vt 1.77724397 2.68152094 0

# 49 vertex normals
vn 0.024534516 -0.00657400303 0
vn 0.0219970439 -0.0126999998 0
vn -0.0219970439 0.0126999998 0
vn -0.024534516 0.00657400303 0
vn 0.0253999997 1.37616053e-16 0
vn -0.0253999997 -1.37616053e-16 0
vn 0.017960513 -0.017960513 0
vn -0.017960513 0.017960513 0
vn 0.024534516 0.00657400303 0
vn -0.024534516 -0.00657400303 0
vn 0.0126999998 -0.0219970439 0
vn -0.0126999998 0.0219970439 0
vn 0.0219970439 0.0126999998 0
vn -0.0219970439 -0.0126999998 0
vn 0.00657400303 -0.024534516 0
vn -0.00657400303 0.024534516 0
vn 0.017960513 0.017960513 0
vn -0.017960513 -0.017960513 0
vn 0.00331536541 -0.0251826998 0
vn -0.00331536541 0.0251826998 0
vn 0.0126999998 0.0219970439 0
vn -0.0126999998 -0.0219970439 0
vn 0 -0.0253999997 0
vn 0 0.0253999997 0
vn 0.00657400303 0.024534516 0
vn -0.00657400303 -0.024534516 0
vn 0.00331536541 0.0251826998 0
vn -0.00331536541 -0.0251826998 0
vn -0.0253999997 2.87454593e-17 0
vn 0.0253999997 -2.87454593e-17 0
vn 0 0 0
vn -0.0253999997 0 0
vn 0.0253999997 0 0
vn 0 0 0.0253999997
vn 0 0 -0.0253999997
vn 0 0.0182880014 0
vn -0 -0.0182880014 -0
vn -5.89440478e-19 -0.0182880014 -2.65999497e-17
vn 5.89440478e-19 0.0182880014 2.65999497e-17
vn 3.11606189e-16 0 -0.0253999997
vn -3.11606189e-16 0 0.0253999997
vn -0.0253999997 0 -3.11606189e-16
vn 0.0253999997 0 3.11606189e-16
vn 2.65999497e-17 0.0182880014 -5.89440478e-19
vn -2.65999497e-17 -0.0182880014 5.89440478e-19
vn 5.89440478e-19 -0.0182880014 -2.65999497e-17
vn -5.89440478e-19 0.0182880014 2.65999497e-17
vn -2.65999497e-17 0.0182880014 -5.89440478e-19
vn 2.65999497e-17 -0.0182880014 5.89440478e-19

# Mesh 'ID46' with 108 faces
g ID46
usemtl material_1
f  1/1/1 2/2/2 3/3/1
f  4/2/2 5/1/1 6/4/2
f  7/5/3 8/6/4 9/7/3
f  10/8/4 11/7/3 12/6/4
f  13/9/5 14/3/1 15/10/5
f  16/3/1 17/9/5 18/11/1
f  19/12/4 20/13/6 21/14/4
f  22/15/6 23/14/4 24/13/6
f  25/16/2 26/17/7 27/2/2
f  28/17/7 29/16/2 30/18/7
f  31/19/8 32/20/3 33/21/8
f  34/22/3 35/21/8 36/20/3
f  37/23/9 38/10/5 39/24/9
f  40/10/5 41/23/9 42/25/5
f  43/13/6 44/26/10 45/15/6
f  46/27/10 47/15/6 48/26/10
f  49/28/11 50/17/7 51/29/7
f  52/17/7 53/28/11 54/30/11
f  55/31/12 56/32/12 57/21/8
f  58/19/8 59/21/8 60/32/12
f  61/33/13 62/24/9 63/34/13
f  64/24/9 65/33/13 66/35/9
f  67/26/10 68/36/14 69/27/10
f  70/37/14 71/27/10 72/36/14
f  73/38/15 74/30/11 75/39/11
f  76/30/11 77/38/15 78/40/15
f  79/41/16 80/42/16 81/31/12
f  82/32/12 83/31/12 84/42/16
f  85/43/17 86/34/13 87/44/17
f  88/34/13 89/43/17 90/45/13
f  91/36/14 92/46/18 93/37/14
f  94/47/18 95/37/14 96/46/18
f  97/48/19 98/40/15 99/49/15
f  100/40/15 101/48/19 102/50/19
f  103/51/20 104/52/20 105/53/16
f  106/54/16 107/53/16 108/52/20
f  109/55/21 110/56/17 111/44/17
f  112/56/17 113/55/21 114/57/21
f  115/58/22 116/59/22 117/46/18
f  118/47/18 119/46/18 120/59/22
f  121/60/23 122/50/23 123/61/23
f  124/50/23 125/60/23 126/62/23
f  127/63/24 128/64/24 129/65/24
f  130/66/24 131/65/24 132/64/24
f  133/67/25 134/68/21 135/55/21
f  136/68/21 137/67/25 138/69/25
f  139/70/26 140/71/26 141/58/22
f  142/59/22 143/58/22 144/71/26
f  145/72/23 146/62/23 147/60/23
f  148/62/23 149/72/23 150/73/23
f  151/74/24 152/75/24 153/76/24
f  154/77/24 155/76/24 156/75/24
f  157/78/27 158/79/25 159/67/25
f  160/79/25 161/78/27 162/80/27
f  163/81/28 164/82/28 165/70/26
f  166/71/26 167/70/26 168/82/28
f  169/83/26 170/73/28 171/84/28
f  172/73/28 173/83/26 174/85/26
f  175/86/25 176/87/25 177/74/27
f  178/75/27 179/74/27 180/87/25
f  181/88/24 182/89/24 183/78/24
f  184/89/24 185/88/24 186/90/24
f  187/90/23 188/88/23 189/89/23
f  190/78/23 191/89/23 192/88/23
f  193/91/22 194/85/26 195/92/26
f  196/85/26 197/91/22 198/93/22
f  199/94/21 200/95/21 201/86/25
f  202/96/25 203/86/25 204/95/21
f  205/97/16 206/98/20 207/88/20
f  208/98/20 209/97/16 210/99/16
f  211/99/15 212/97/15 213/98/19
f  214/88/19 215/98/19 216/97/15
f  217/100/18 218/93/22 219/101/22
f  220/93/22 221/100/18 222/102/18
f  223/102/17 224/100/17 225/93/21
f  226/101/21 227/93/21 228/100/17
f  229/103/12 230/104/16 231/97/16
f  232/104/16 233/103/12 234/105/12
f  235/105/11 236/103/11 237/104/15
f  238/97/15 239/104/15 240/103/11
f  241/106/18 242/107/14 243/102/18
f  244/107/14 245/106/18 246/108/14
f  247/108/13 248/106/17 249/107/13
f  250/102/17 251/107/13 252/106/17
f  253/109/8 254/110/12 255/103/12
f  256/110/12 257/109/8 258/111/8
f  259/111/7 260/109/7 261/110/11
f  262/103/11 263/110/11 264/109/7
f  265/112/14 266/113/10 267/107/14
f  268/113/10 269/112/14 270/114/10
f  271/114/9 272/112/13 273/113/9
f  274/107/13 275/113/9 276/112/13
f  277/115/3 278/109/8 279/116/3
f  280/109/8 281/115/3 282/117/8
f  283/117/7 284/115/2 285/109/7
f  286/116/2 287/109/7 288/115/2
f  289/118/10 290/119/29 291/113/10
f  292/119/29 293/118/10 294/120/29
f  295/120/30 296/118/9 297/119/30
f  298/113/9 299/119/30 300/118/9
f  301/121/4 302/116/3 303/122/4
f  304/116/3 305/121/4 306/123/3
f  307/123/2 308/121/1 309/116/2
f  310/122/1 311/116/2 312/121/1
f  313/124/29 314/122/4 315/119/29
f  316/122/4 317/124/29 318/125/4
f  319/125/1 320/124/30 321/122/1
f  322/119/30 323/122/1 324/124/30

# Mesh 'ID46' with 81 faces
g ID46
usemtl edge_color167140103255
l  325 2
l  3 326
l  5 6
l  327 328
l  329 10
l  330 331
l  13 332
l  333 334
l  335 336
l  337 338
l  339 22
l  340 341
l  342 343
l  344 345
l  346 347
l  348 349
l  350 351
l  352 353
l  354 355
l  356 357
l  358 359
l  360 361
l  362 363
l  364 365
l  366 367
l  368 369
l  370 371
l  372 373
l  374 375
l  376 377
l  378 379
l  380 381
l  382 383
l  384 385
l  386 387
l  388 389
l  390 391
l  392 393
l  394 395
l  396 397
l  398 399
l  400 401
l  402 403
l  404 405
l  406 407
l  408 409
l  410 411
l  412 413
l  414 415
l  416 417
l  418 419
l  420 421
l  422 423
l  424 425
l  426 427
l  428 429
l  430 431
l  432 433
l  434 435
l  436 437
l  438 439
l  440 441
l  442 443
l  444 445
l  446 447
l  448 449
l  450 451
l  452 453
l  454 455
l  456 457
l  458 459
l  460 461
l  462 463
l  464 465
l  466 467
l  468 469
l  470 471
l  472 473
l  474 475
l  476 477
l  478 479

# Mesh 'ID63' with 148 faces
g ID63
usemtl material_1
f  480/126/24 481/127/24 482/128/24
f  483/127/24 484/126/24 485/129/24
f  486/127/24 487/129/24 488/130/24
f  489/130/24 490/129/24 491/131/24
f  492/128/24 493/132/24 494/133/24
f  495/132/24 496/128/24 497/127/24
f  498/133/24 499/132/24 500/131/24
f  501/133/24 502/131/24 503/129/24
f  504/134/23 505/135/23 506/136/23
f  507/135/23 508/137/23 509/136/23
f  510/138/23 511/139/23 512/137/23
f  513/136/23 514/137/23 515/139/23
f  516/135/23 517/134/23 518/140/23
f  519/140/23 520/134/23 521/138/23
f  522/134/23 523/141/23 524/138/23
f  525/139/23 526/138/23 527/141/23
f  528/142/32 529/143/32 530/126/32
f  531/143/32 532/142/32 533/144/32
f  534/144/33 535/142/33 536/143/33
f  537/126/33 538/143/33 539/142/33
f  540/145/34 541/139/34 542/136/34
f  543/139/34 544/145/34 545/146/34
f  546/139/34 547/146/34 548/147/34
f  549/146/34 550/145/34 551/148/34
f  552/148/34 553/145/34 554/149/34
f  555/149/34 556/145/34 557/150/34
f  558/150/34 559/145/34 560/151/34
f  561/151/34 562/145/34 563/152/34
f  564/152/34 565/145/34 566/153/34
f  567/153/34 568/145/34 569/154/34
f  570/154/34 571/145/34 572/155/34
f  573/155/34 574/145/34 575/156/34
f  576/156/34 577/145/34 578/157/34
f  417/157/34 579/145/34 580/158/34
f  581/158/34 582/145/34 583/159/34
f  584/159/34 585/145/34 586/160/34
f  587/139/34 588/161/34 589/162/34
f  590/161/34 591/139/34 592/163/34
f  593/163/34 594/139/34 595/147/34
f  596/162/34 597/161/34 120/164/34
f  598/162/34 599/164/34 600/165/34
f  601/162/34 602/165/34 603/166/34
f  604/162/34 605/166/34 606/167/34
f  607/162/34 608/167/34 609/168/34
f  610/162/34 611/168/34 612/169/34
f  613/162/34 614/169/34 615/170/34
f  616/162/34 617/170/34 618/171/34
f  619/162/34 620/171/34 621/172/34
f  622/162/34 623/172/34 624/173/34
f  625/162/34 626/173/34 627/160/34
f  628/162/34 629/160/34 630/145/34
f  631/145/35 632/160/35 633/162/35
f  634/160/35 635/173/35 636/162/35
f  637/173/35 638/172/35 639/162/35
f  640/172/35 641/171/35 642/162/35
f  643/171/35 644/170/35 645/162/35
f  646/170/35 647/169/35 648/162/35
f  649/169/35 650/168/35 651/162/35
f  652/168/35 653/167/35 654/162/35
f  655/167/35 656/166/35 657/162/35
f  658/166/35 659/165/35 660/162/35
f  661/165/35 662/164/35 663/162/35
f  664/164/35 665/161/35 666/162/35
f  667/147/35 668/139/35 669/163/35
f  670/163/35 671/139/35 672/161/35
f  673/162/35 674/161/35 675/139/35
f  676/160/35 677/145/35 678/159/35
f  679/159/35 680/145/35 681/158/35
f  682/158/35 683/145/35 684/157/35
f  685/157/35 686/145/35 687/156/35
f  688/156/35 689/145/35 690/155/35
f  691/155/35 692/145/35 693/154/35
f  694/154/35 695/145/35 696/153/35
f  697/153/35 698/145/35 699/152/35
f  700/152/35 701/145/35 702/151/35
f  703/151/35 704/145/35 705/150/35
f  706/150/35 707/145/35 708/149/35
f  709/149/35 710/145/35 711/148/35
f  712/148/35 713/145/35 714/146/35
f  715/147/35 716/146/35 717/139/35
f  718/146/35 719/145/35 720/139/35
f  721/136/35 722/139/35 723/145/35
f  724/174/33 725/129/33 726/175/33
f  727/129/33 728/174/33 729/176/33
f  730/176/32 731/174/32 732/129/32
f  733/175/32 734/129/32 735/174/32
f  736/177/35 737/174/35 738/178/35
f  739/174/35 740/177/35 741/179/35
f  742/174/35 743/179/35 744/180/35
f  745/179/35 746/177/35 747/181/35
f  748/181/35 749/177/35 750/182/35
f  751/182/35 752/177/35 753/183/35
f  754/183/35 755/177/35 756/184/35
f  757/184/35 758/177/35 759/185/35
f  760/185/35 761/177/35 762/186/35
f  763/186/35 764/177/35 765/187/35
f  766/187/35 767/177/35 768/188/35
f  769/188/35 770/177/35 771/189/35
f  772/189/35 773/177/35 774/190/35
f  775/190/35 776/177/35 777/191/35
f  778/191/35 779/177/35 780/192/35
f  781/192/35 782/177/35 783/193/35
f  784/174/35 785/194/35 786/176/35
f  787/194/35 788/174/35 789/195/35
f  790/195/35 791/174/35 792/180/35
f  793/176/35 794/194/35 795/196/35
f  796/176/35 797/196/35 798/197/35
f  799/176/35 800/197/35 801/198/35
f  802/176/35 803/198/35 804/199/35
f  805/176/35 806/199/35 807/200/35
f  808/176/35 809/200/35 810/201/35
f  811/176/35 812/201/35 813/202/35
f  814/176/35 815/202/35 816/203/35
f  817/176/35 818/203/35 819/204/35
f  820/176/35 821/204/35 822/205/35
f  823/176/35 824/205/35 825/193/35
f  826/176/35 827/193/35 828/177/35
f  829/143/34 830/206/34 831/175/34
f  832/206/34 833/207/34 834/175/34
f  835/207/34 836/208/34 837/175/34
f  838/208/34 839/209/34 840/175/34
f  841/209/34 842/210/34 843/175/34
f  844/210/34 845/211/34 846/175/34
f  847/211/34 848/212/34 849/175/34
f  850/212/34 851/213/34 852/175/34
f  853/213/34 854/214/34 855/175/34
f  856/214/34 857/215/34 858/175/34
f  859/215/34 860/216/34 861/175/34
f  862/216/34 863/217/34 864/175/34
f  865/218/34 866/129/34 867/219/34
f  868/219/34 869/129/34 870/217/34
f  871/175/34 872/217/34 873/129/34
f  874/206/34 875/143/34 876/220/34
f  877/220/34 878/143/34 879/221/34
f  880/221/34 881/143/34 882/222/34
f  883/222/34 884/143/34 885/223/34
f  886/223/34 887/143/34 888/224/34
f  889/224/34 890/143/34 891/225/34
f  892/225/34 893/143/34 894/226/34
f  895/226/34 896/143/34 897/227/34
f  898/227/34 899/143/34 900/228/34
f  901/228/34 902/143/34 903/229/34
f  904/229/34 905/143/34 906/230/34
f  907/230/34 908/143/34 909/231/34
f  910/231/34 911/143/34 912/232/34
f  913/218/34 914/232/34 915/129/34
f  916/232/34 917/143/34 918/129/34
f  919/126/34 920/129/34 921/143/34

# Mesh 'ID63' with 64 faces
g ID63
usemtl edge_color167140103255
l  922 923
l  924 925
l  926 927
l  928 929
l  930 931
l  932 491
l  933 934
l  935 936
l  496 937
l  938 939
l  940 941
l  942 943
l  944 945
l  946 947
l  948 949
l  950 951
l  952 953
l  954 955
l  956 957
l  958 959
l  960 961
l  962 963
l  964 965
l  966 967
l  968 969
l  970 971
l  972 973
l  974 975
l  976 977
l  978 979
l  980 981
l  982 983
l  984 985
l  986 987
l  988 989
l  990 991
l  992 993
l  994 995
l  996 997
l  998 999
l  1000 1001
l  1002 1003
l  1004 1005
l  1006 1007
l  1008 1009
l  1010 1011
l  1012 1013
l  1014 1015
l  1016 1017
l  1018 1019
l  1020 1021
l  1022 1023
l  1024 1025
l  1026 1027
l  1028 1029
l  1030 1031
l  1032 1033
l  1034 1035
l  1036 1037
l  1038 1039
l  1040 1041
l  1042 1043
l  1044 1045
l  1046 1047

# Mesh 'ID63' with 6 faces
g ID63
usemtl edge_color000255
l  1048 1049
l  1050 1051
l  1052 485
l  1053 1054
l  1055 1056
l  1057 1058

# Mesh 'ID73' with 136 faces
g ID73
usemtl material_1
f  1059/127/35 1060/233/35 1061/234/35
f  1062/233/35 1063/127/35 1064/235/35
f  1065/233/35 1066/235/35 1067/236/35
f  1068/235/35 1069/127/35 1070/237/35
f  1071/237/35 1072/127/35 1073/238/35
f  1074/238/35 1075/127/35 1076/239/35
f  1077/239/35 1078/127/35 1079/240/35
f  1080/240/35 1081/127/35 24/241/35
f  1082/241/35 1083/127/35 1084/242/35
f  1085/242/35 1086/127/35 1087/243/35
f  1088/243/35 1089/127/35 1090/244/35
f  1091/244/35 1092/127/35 1093/245/35
f  1094/245/35 1095/127/35 1096/246/35
f  1097/246/35 1098/127/35 1099/247/35
f  1100/247/35 1101/127/35 1102/248/35
f  1103/248/35 526/127/35 1104/249/35
f  1105/233/35 1106/250/35 1107/130/35
f  1108/250/35 1109/233/35 1110/251/35
f  1111/251/35 1112/233/35 1113/236/35
f  1114/130/35 1115/250/35 1116/252/35
f  1117/130/35 1118/252/35 1119/253/35
f  1120/130/35 1121/253/35 1122/254/35
f  1123/130/35 1124/254/35 1125/255/35
f  1126/130/35 1127/255/35 1128/256/35
f  1129/130/35 1130/256/35 1131/257/35
f  1132/130/35 1133/257/35 1134/258/35
f  1135/130/35 1136/258/35 1137/259/35
f  1138/130/35 1139/259/35 1140/260/35
f  1141/130/35 1142/260/35 1143/261/35
f  1144/130/35 406/261/35 407/249/35
f  1145/130/35 1146/249/35 1147/127/35
f  1148/262/34 1149/263/34 1150/264/34
f  1151/263/34 1152/265/34 1153/264/34
f  1154/265/34 418/266/34 1155/264/34
f  1156/266/34 1157/267/34 1158/264/34
f  1159/267/34 1160/268/34 1161/264/34
f  1162/268/34 1163/269/34 1164/264/34
f  1165/269/34 1166/270/34 1167/264/34
f  1168/270/34 1169/271/34 1170/264/34
f  1171/271/34 1172/272/34 1173/264/34
f  1174/272/34 1175/273/34 1176/264/34
f  1177/273/34 1178/274/34 1179/264/34
f  1180/274/34 1181/275/34 1182/264/34
f  1183/276/34 1184/277/34 1185/278/34
f  1186/278/34 1187/277/34 1188/275/34
f  1189/264/34 1190/275/34 1191/277/34
f  1192/263/34 1193/262/34 1194/279/34
f  1195/279/34 1196/262/34 1197/280/34
f  1198/280/34 1199/262/34 1200/281/34
f  1201/281/34 1202/262/34 1203/282/34
f  1204/282/34 1205/262/34 1206/283/34
f  1207/283/34 1208/262/34 1209/284/34
f  1210/284/34 1211/262/34 1212/285/34
f  1213/285/34 1214/262/34 1215/286/34
f  1216/286/34 1217/262/34 1218/287/34
f  1219/287/34 1220/262/34 1221/288/34
f  1222/288/34 1223/262/34 1224/289/34
f  1225/289/34 1226/262/34 1227/290/34
f  1228/290/34 1229/262/34 1230/291/34
f  1231/276/34 1232/291/34 1233/277/34
f  1234/291/34 1235/262/34 1236/277/34
f  1237/292/34 1238/277/34 1239/262/34
f  1240/293/32 1241/294/32 1242/295/32
f  1243/294/32 1244/293/32 1245/296/32
f  1246/296/33 1247/293/33 1248/294/33
f  1249/295/33 1250/294/33 1251/293/33
f  1252/297/24 1253/298/24 1254/299/24
f  1255/298/24 1256/297/24 1257/300/24
f  1258/300/23 1259/297/23 1260/298/23
f  1261/299/23 1262/298/23 1263/297/23
f  1264/301/33 1265/302/33 1266/303/33
f  1267/302/33 1268/301/33 1269/304/33
f  1270/304/32 1271/301/32 1272/302/32
f  1273/303/32 1274/302/32 1275/301/32
f  1276/305/34 1277/306/34 1278/307/34
f  1279/306/34 1280/305/34 1281/146/34
f  1282/306/34 1283/146/34 1284/147/34
f  1285/146/34 1286/305/34 1287/148/34
f  1288/148/34 1289/305/34 1290/149/34
f  1291/149/34 1292/305/34 1293/150/34
f  1294/150/34 1295/305/34 1296/151/34
f  1297/151/34 1298/305/34 1299/152/34
f  1300/152/34 1301/305/34 1302/153/34
f  1303/153/34 1304/305/34 1305/154/34
f  1306/154/34 1307/305/34 1308/155/34
f  1309/155/34 1310/305/34 1311/156/34
f  1312/156/34 1313/305/34 1314/157/34
f  1315/157/34 1316/305/34 1317/158/34
f  1318/158/34 1319/305/34 1320/159/34
f  1321/159/34 1322/305/34 1323/160/34
f  1324/306/34 1325/161/34 1326/308/34
f  1327/161/34 1328/306/34 1329/163/34
f  1330/163/34 1331/306/34 1332/147/34
f  1333/308/34 1334/161/34 1335/164/34
f  1336/308/34 1337/164/34 1338/165/34
f  1339/308/34 1340/165/34 1341/166/34
f  1342/308/34 1343/166/34 1344/167/34
f  1345/308/34 1346/167/34 1347/168/34
f  1348/308/34 1349/168/34 1350/169/34
f  1351/308/34 1352/169/34 1353/170/34
f  1354/308/34 1355/170/34 1356/171/34
f  1357/308/34 1358/171/34 1359/172/34
f  1360/308/34 1361/172/34 1362/173/34
f  1363/308/34 1364/173/34 1365/160/34
f  1366/308/34 1367/160/34 1368/305/34
f  1369/305/35 1370/160/35 1371/308/35
f  1372/160/35 1373/173/35 1374/308/35
f  1375/173/35 1376/172/35 1377/308/35
f  1378/172/35 1379/171/35 1380/308/35
f  1381/171/35 1382/170/35 1383/308/35
f  1384/170/35 1385/169/35 1386/308/35
f  1387/169/35 1388/168/35 1389/308/35
f  1390/168/35 1391/167/35 1392/308/35
f  1393/167/35 1394/166/35 1395/308/35
f  1396/166/35 1397/165/35 1398/308/35
f  1399/165/35 1400/164/35 1401/308/35
f  1402/164/35 1403/161/35 1404/308/35
f  1405/147/35 1406/306/35 1407/163/35
f  1408/163/35 1409/306/35 1410/161/35
f  1411/308/35 1412/161/35 1413/306/35
f  1414/160/35 1415/305/35 1416/159/35
f  1417/159/35 1418/305/35 1419/158/35
f  1420/158/35 1421/305/35 1422/157/35
f  1423/157/35 1424/305/35 1425/156/35
f  1426/156/35 1427/305/35 1428/155/35
f  1429/155/35 1430/305/35 1431/154/35
f  1432/154/35 1433/305/35 1434/153/35
f  1435/153/35 1436/305/35 1437/152/35
f  1438/152/35 1439/305/35 1440/151/35
f  1441/151/35 1442/305/35 1443/150/35
f  1444/150/35 1445/305/35 1446/149/35
f  1447/149/35 1448/305/35 1449/148/35
f  1450/148/35 1451/305/35 1452/146/35
f  1453/147/35 1454/146/35 1455/306/35
f  1456/146/35 1457/305/35 1458/306/35
f  1459/307/35 1460/306/35 1461/305/35

# Mesh 'ID73' with 66 faces
g ID73
usemtl edge_color167140103255
l  1059 1462
l  1463 1062
l  1464 1465
l  486 1466
l  1067 1467
l  1468 1469
l  1470 1471
l  1472 1473
l  1474 1475
l  1476 1477
l  1478 1479
l  1480 1481
l  1482 1483
l  1484 1485
l  1486 1487
l  1488 1489
l  1490 1491
l  1492 1493
l  1494 1495
l  1096 1496
l  358 359
l  1497 1498
l  1499 1500
l  1501 1502
l  1503 1504
l  1505 1506
l  1507 1508
l  1509 1510
l  1511 1512
l  1513 377
l  1514 1515
l  1516 1517
l  1518 1519
l  1520 1521
l  1522 1523
l  1524 1525
l  1526 1527
l  1528 1529
l  1530 1531
l  1532 1533
l  1534 1535
l  1536 1537
l  1538 1539
l  1540 1541
l  1542 1543
l  1544 1545
l  1546 1547
l  1548 1549
l  1550 1551
l  1552 1553
l  1554 1555
l  1556 1557
l  1558 1559
l  1560 1561
l  1562 1563
l  1564 1565
l  1566 1567
l  1568 1569
l  1570 1571
l  1572 1573
l  1574 1575
l  1576 1577
l  1578 1579
l  1580 1581
l  1582 1583
l  1584 1585

# Mesh 'ID83' with 108 faces
g ID83
usemtl material_1
f  1586/309/30 1587/310/9 1588/311/30
f  1589/310/9 1590/309/30 1591/312/9
f  1592/313/10 1593/314/29 1594/113/10
f  1595/119/29 1596/113/10 1597/314/29
f  1598/315/9 1599/316/13 1600/317/9
f  1601/316/13 1602/315/9 1603/318/13
f  1604/319/14 1605/320/10 1606/107/14
f  1607/113/10 1608/107/14 1609/320/10
f  1610/321/1 1611/322/30 1612/323/1
f  1613/322/30 1614/321/1 1615/324/30
f  1616/325/29 1617/326/4 1618/119/29
f  1619/122/4 1620/119/29 1621/326/4
f  1622/327/13 1623/328/17 1624/329/13
f  1625/328/17 1626/327/13 1627/330/17
f  1628/331/18 1629/332/14 1630/102/18
f  1631/107/14 1632/102/18 1633/332/14
f  1634/333/2 1635/334/1 1636/335/2
f  1637/334/1 1638/333/2 1639/336/1
f  1640/337/4 1641/338/3 1642/122/4
f  1643/116/3 1644/122/4 1645/338/3
f  1646/328/17 1647/339/21 1648/340/21
f  1649/339/21 1650/328/17 1651/330/17
f  1652/341/18 1653/102/18 1654/342/22
f  1655/93/22 1656/342/22 1657/102/18
f  1658/343/7 1659/344/2 1660/345/7
f  1661/344/2 1662/343/7 1663/346/2
f  1664/347/3 1665/348/8 1666/116/3
f  1667/109/8 1668/116/3 1669/348/8
f  1670/349/21 1671/350/25 1672/351/25
f  1673/350/25 1674/349/21 1675/339/21
f  1676/352/22 1677/93/22 1678/353/26
f  1679/85/26 1680/353/26 1681/93/22
f  1682/354/7 1683/355/11 1684/356/11
f  1685/355/11 1686/354/7 1687/357/7
f  1688/109/8 1689/358/8 1690/103/12
f  1691/359/12 1692/103/12 1693/358/8
f  1562/360/25 1694/361/27 1695/362/27
f  1696/361/27 1697/360/25 1698/363/25
f  1699/364/26 1700/85/26 1701/365/28
f  1702/73/28 1703/365/28 1704/85/26
f  1040/366/11 1705/367/15 1706/368/15
f  1707/367/15 1708/366/11 1709/369/11
f  1580/103/12 1710/370/12 1582/97/16
f  1711/371/16 1712/97/16 1713/370/12
f  1714/372/24 1715/373/24 1716/374/24
f  1717/373/24 1718/372/24 1719/375/24
f  1720/376/23 1721/73/23 1722/377/23
f  1723/62/23 1724/377/23 1725/73/23
f  1726/378/15 1727/379/19 1728/380/19
f  1729/379/19 1730/378/15 1731/381/15
f  1732/97/16 1733/382/16 1734/88/20
f  1735/383/20 1736/88/20 1737/382/16
f  1738/384/24 1739/385/24 1740/386/24
f  1741/385/24 1742/384/24 1743/387/24
f  1744/377/23 1745/62/23 1746/388/23
f  1747/50/23 1748/388/23 1749/62/23
f  1750/389/23 1751/390/23 1752/391/23
f  1753/390/23 1754/389/23 1755/392/23
f  1756/88/24 1757/393/24 1758/78/24
f  1759/394/24 1760/78/24 1761/393/24
f  1762/395/20 1763/396/16 1764/397/16
f  1765/396/16 1766/395/20 1767/398/20
f  1768/399/19 1769/50/19 1770/400/15
f  1771/40/15 1772/400/15 1773/50/19
f  1774/401/28 1775/402/26 1776/403/26
f  1777/402/26 1778/401/28 1779/404/28
f  1780/78/27 1781/405/27 1782/67/25
f  1783/406/25 1784/67/25 1785/405/27
f  1786/407/16 1787/408/12 1788/409/12
f  1789/408/12 1790/407/16 1791/410/16
f  1792/411/15 1793/40/15 1794/412/11
f  1795/30/11 1796/412/11 1797/40/15
f  1798/403/26 1799/413/22 1800/414/22
f  1801/413/22 1802/403/26 1803/402/26
f  1804/67/25 1805/415/25 1806/55/21
f  1807/416/21 1808/55/21 1809/415/25
f  1810/409/12 1811/417/8 1812/418/8
f  1813/417/8 1814/409/12 1815/408/12
f  1816/419/11 1817/30/11 1818/420/7
f  1819/17/7 1820/420/7 1821/30/11
f  1822/414/22 1823/421/18 1824/422/18
f  1825/421/18 1826/414/22 1827/413/22
f  1828/55/21 1829/423/21 1830/44/17
f  1831/424/17 1832/44/17 1833/423/21
f  1834/417/8 1835/425/3 1836/418/8
f  1837/425/3 1838/417/8 1839/426/3
f  1840/427/2 1841/428/7 1842/2/2
f  1843/17/7 1844/2/2 1845/428/7
f  1846/429/14 1847/430/18 1848/431/14
f  1849/430/18 1850/429/14 1851/432/18
f  1852/433/17 1853/434/13 1854/44/17
f  1855/34/13 1856/44/17 753/434/13
f  1857/435/3 1858/436/4 1859/437/3
f  1860/436/4 1861/435/3 1862/438/4
f  1863/439/1 1864/440/2 1865/3/1
f  1866/2/2 1867/3/1 765/440/2
f  1868/441/10 1343/442/14 1344/443/10
f  1869/442/14 1870/441/10 1871/444/14
f  1872/445/13 1873/446/9 1874/34/13
f  1875/24/9 1876/34/13 1877/446/9
f  1878/447/4 1879/448/6 1880/449/4
f  1881/448/6 1882/447/4 1883/450/6
f  1884/451/5 1885/452/1 1886/10/5
f  1887/3/1 1888/10/5 1889/452/1
f  1890/450/6 1891/453/10 1892/448/6
f  1893/453/10 1894/450/6 1895/454/10
f  1896/455/9 1897/456/5 1898/24/9
f  1899/10/5 1900/24/9 1901/456/5

# Mesh 'ID83' with 81 faces
g ID83
usemtl edge_color167140103255
l  1586 1902
l  1903 1589
l  1904 1905
l  1906 1907
l  1908 1909
l  1910 1911
l  1912 1599
l  1913 1914
l  1915 1916
l  1917 1918
l  1919 1920
l  1921 1922
l  1923 1924
l  1925 1926
l  1927 1928
l  1929 1930
l  1931 1932
l  1933 1934
l  1935 1936
l  1937 1938
l  1939 1940
l  1941 1942
l  1943 1944
l  1945 1946
l  1947 1948
l  1949 1950
l  1951 1952
l  1953 1954
l  1955 1956
l  1957 1958
l  1959 1960
l  1961 1962
l  1963 1964
l  1965 1966
l  1967 1968
l  1969 1970
l  1971 1972
l  1973 1974
l  1975 1976
l  1977 1533
l  1978 1979
l  1980 1981
l  1982 1983
l  1984 1985
l  1986 1987
l  1988 1989
l  1990 1991
l  1992 1993
l  1994 1995
l  1996 1997
l  1998 1999
l  2000 2001
l  2002 2003
l  2004 2005
l  2006 2007
l  1030 1031
l  2008 2009
l  2010 2011
l  2012 2013
l  2014 2015
l  2016 2017
l  2018 2019
l  2020 2021
l  2022 2023
l  2024 2025
l  2026 2027
l  2028 2029
l  2030 2031
l  2032 2033
l  2034 2035
l  2036 2037
l  2038 2039
l  2040 2041
l  2042 2043
l  2044 2045
l  2046 2047
l  2048 2049
l  2050 2051
l  2052 2053
l  2054 2055
l  2056 2057

# Mesh 'ID93' with 2 faces
g ID93
usemtl material
f  2058/457/24 2059/457/24 1050/457/24
f  2060/457/24 1052/457/24 2061/457/24

# Mesh 'ID93' with 2 faces
g ID93
usemtl material_1
f  2062/458/23 2063/459/23 2064/460/23
f  2065/461/23 2066/460/23 2067/459/23

# Mesh 'ID93' with 4 faces
g ID93
usemtl edge_color000255
l  1048 1049
l  1050 1051
l  2068 2067
l  2069 2070

# Mesh 'ID7' with 36 faces
g ID7
usemtl Color_M09
f  2071//32 2072//32 2073//32
f  2074//32 2075//32 2076//32
f  2077//33 2078//33 2079//33
f  2080//33 2081//33 2082//33
f  2083//36 2084//36 2085//36
f  2086//36 2087//36 2088//36
f  2089//36 2090//36 2091//36
f  2092//36 2093//36 2094//36
f  2095//37 2096//37 2097//37
f  2098//37 2099//37 2100//37
f  2101//37 2102//37 2103//37
f  2104//37 2105//37 2106//37
f  2107//34 2108//34 2109//34
f  2110//34 2111//34 2112//34
f  2113//35 2114//35 2115//35
f  2116//35 2117//35 2118//35
f  2119//38 2120//38 2121//38
f  2122//38 2123//38 2124//38
f  2125//38 2126//38 2127//38
f  2128//38 2129//38 2130//38
f  2131//39 2132//39 2133//39
f  2134//39 2135//39 2136//39
f  2137//39 2138//39 2139//39
f  2140//39 2141//39 2142//39
f  2143//32 2144//32 2145//32
f  2146//32 2147//32 2148//32
f  2149//33 2150//33 2151//33
f  2152//33 2153//33 2154//33
f  2155//35 2156//35 2157//35
f  2158//35 2159//35 2160//35
f  2161//34 2162//34 2163//34
f  2164//34 2165//34 2166//34
f  2167//33 2168//33 2169//33
f  2170//33 2171//33 2172//33
f  2173//32 2174//32 2175//32
f  2176//32 2177//32 2178//32

# Mesh 'ID7' with 18 faces
g ID7
usemtl edge_color000255
l  2179 2180
l  2181 2182
l  2183 2184
l  2185 2078
l  2186 2187
l  2188 2189
l  2190 2084
l  2191 2192
l  2193 2194
l  2195 2196
l  2197 2198
l  2199 2200
l  2201 2202
l  2203 2204
l  2205 2206
l  2207 2208
l  2209 2210
l  2211 2212

# Mesh 'ID20' with 36 faces
g ID20
usemtl Color_M09
f  2213//40 2214//40 2215//40
f  2216//40 2217//40 2218//40
f  2219//41 2220//41 2221//41
f  2222//41 2223//41 2224//41
f  2225//37 2226//37 2227//37
f  2228//37 2229//37 2230//37
f  2231//37 2232//37 2233//37
f  2234//37 2235//37 2236//37
f  2237//36 2238//36 2239//36
f  2240//36 2241//36 2242//36
f  2243//36 2244//36 2245//36
f  2246//36 2247//36 2248//36
f  2249//42 2250//42 2251//42
f  2252//42 2253//42 2254//42
f  2255//43 2256//43 2257//43
f  2258//43 2259//43 2260//43
f  2261//44 2262//44 2263//44
f  2264//44 2265//44 2266//44
f  2267//44 2268//44 2269//44
f  2270//44 2271//44 2272//44
f  2273//45 2274//45 2275//45
f  2276//45 2277//45 2278//45
f  2279//45 2280//45 2281//45
f  2282//45 2283//45 2284//45
f  2285//40 2286//40 2287//40
f  2288//40 2289//40 2290//40
f  2291//41 2292//41 2293//41
f  2294//41 2295//41 2296//41
f  2297//43 2298//43 2299//43
f  2300//43 2301//43 2302//43
f  2303//42 2304//42 2305//42
f  2306//42 2307//42 2308//42
f  2309//41 2310//41 2311//41
f  2312//41 2313//41 2314//41
f  2315//40 2316//40 2317//40
f  2318//40 2319//40 2320//40

# Mesh 'ID20' with 18 faces
g ID20
usemtl edge_color000255
l  2321 2322
l  2215 2323
l  2217 2218
l  2219 2324
l  2325 2222
l  2326 2327
l  2328 2329
l  2330 2331
l  2332 2333
l  2334 2335
l  2336 2337
l  2338 2339
l  2340 2341
l  2342 2343
l  2344 2345
l  2346 2347
l  2348 2246
l  2349 2248

# Mesh 'ID29' with 36 faces
g ID29
usemtl Color_M09
f  2350//33 2351//33 2352//33
f  2353//33 2354//33 2355//33
f  2356//32 2357//32 2358//32
f  2359//32 2360//32 2361//32
f  2362//36 2363//36 2364//36
f  2365//36 2366//36 2367//36
f  2368//36 2369//36 2370//36
f  2371//36 2372//36 2373//36
f  2374//37 2375//37 2376//37
f  2377//37 2378//37 2379//37
f  2380//37 2381//37 2382//37
f  2383//37 2384//37 2385//37
f  2386//34 2387//34 2388//34
f  2389//34 2390//34 2391//34
f  2392//35 2393//35 2394//35
f  2395//35 2396//35 2397//35
f  2398//46 2399//46 2400//46
f  2401//46 2402//46 2403//46
f  2404//46 2405//46 2406//46
f  2407//46 2408//46 2409//46
f  2410//47 2411//47 2412//47
f  2413//47 2414//47 2415//47
f  2416//47 2417//47 2418//47
f  2419//47 2420//47 2421//47
f  2422//33 2423//33 2424//33
f  2425//33 2426//33 2427//33
f  2428//32 2429//32 2430//32
f  2431//32 2432//32 2433//32
f  2434//35 2435//35 2436//35
f  2437//35 2438//35 2439//35
f  2440//34 2441//34 2442//34
f  2443//34 2444//34 2445//34
f  2446//32 2447//32 2448//32
f  2449//32 2450//32 2451//32
f  2452//33 2453//33 2454//33
f  2455//33 2456//33 2457//33

# Mesh 'ID29' with 18 faces
g ID29
usemtl edge_color000255
l  2458 2459
l  2352 2460
l  2354 2355
l  2356 2461
l  2462 2359
l  2463 2464
l  2465 2466
l  2467 2468
l  2469 2470
l  2471 2472
l  2473 2474
l  2475 2476
l  2477 2478
l  2479 2480
l  2481 2482
l  2483 2484
l  2485 2383
l  2486 2385

# Mesh 'ID38' with 36 faces
g ID38
usemtl Color_M09
f  2487//40 2488//40 2489//40
f  2490//40 2491//40 2492//40
f  2493//41 2494//41 2495//41
f  2496//41 2497//41 2498//41
f  2499//37 2500//37 2501//37
f  2502//37 2503//37 2504//37
f  2505//37 2506//37 2507//37
f  2508//37 2509//37 2510//37
f  2511//36 2512//36 2513//36
f  2514//36 2515//36 2516//36
f  2517//36 2518//36 2519//36
f  2520//36 2521//36 2522//36
f  2523//43 2524//43 2525//43
f  2526//43 2527//43 2528//43
f  2529//42 2530//42 2531//42
f  2532//42 2533//42 2534//42
f  2535//48 2536//48 2537//48
f  2538//48 2539//48 2540//48
f  2541//48 2542//48 2543//48
f  2544//48 2545//48 2546//48
f  2547//49 2548//49 2549//49
f  2550//49 2551//49 2552//49
f  2553//49 2554//49 2555//49
f  2556//49 2557//49 2558//49
f  2559//40 2560//40 2561//40
f  2562//40 2563//40 2564//40
f  2565//41 2566//41 2567//41
f  2568//41 2569//41 2570//41
f  2571//42 2572//42 2573//42
f  2574//42 2575//42 2576//42
f  2577//43 2578//43 2579//43
f  2580//43 2581//43 2582//43
f  2583//41 2584//41 2585//41
f  2586//41 2587//41 2588//41
f  2589//40 2590//40 2591//40
f  2592//40 2593//40 2594//40

# Mesh 'ID38' with 18 faces
g ID38
usemtl edge_color000255
l  2595 2596
l  2597 2598
l  2599 2600
l  2601 2494
l  2602 2603
l  2604 2605
l  2606 2500
l  2607 2608
l  2609 2610
l  2611 2612
l  2613 2614
l  2615 2616
l  2617 2618
l  2619 2620
l  2621 2622
l  2623 2624
l  2625 2626
l  2627 2628

